fixture_key,competition,season,split,source_date,source_time,source_time_semantics,kickoff_utc,kickoff_utc_status,home_team,away_team,home_goals,away_goals,result,outcome_usage,avg_close_home,avg_close_draw,avg_close_away,close_source_class,open_price_status,goldbet_status,source_row_sha256
c2c5ec8c0a5ff2e76bfe2ea3,Eredivisie,2022/2023,DEVELOPMENT,2022-08-05,19:00,MATCH_KICKOFF_TIME_TIMEZONE_NOT_STATED_BY_SOURCE,,NOT_VERIFIED_DO_NOT_INFER,Heerenveen,Sparta Rotterdam,0,0,D,EVALUATION_ONLY_JOIN_AFTER_PREMATCH_FEATURE_FREEZE,1.86,3.53,4.16,EXTERNAL_HISTORICAL_MARKET_BENCHMARK,NOT_AVAILABLE,NOT_GOLDBET,d7fb506262085c48198b6c0bf0fda8928c08cd811324145fd369495223f5b574
086fb92a61f3384937232253,Eredivisie,2022/2023,DEVELOPMENT,2022-08-06,15:30,MATCH_KICKOFF_TIME_TIMEZONE_NOT_STATED_BY_SOURCE,,NOT_VERIFIED_DO_NOT_INFER,For Sittard,Ajax,2,3,A,EVALUATION_ONLY_JOIN_AFTER_PREMATCH_FEATURE_FREEZE,10.42,6.62,1.24,EXTERNAL_HISTORICAL_MARKET_BENCHMARK,NOT_AVAILABLE,NOT_GOLDBET,907fa3c13853301c86e91979814e0c6392e02ecd4730802d30bd6e325b41868b
b8f05fce9f31b65181d12f76,Eredivisie,2022/2023,DEVELOPMENT,2022-08-06,17:45,MATCH_KICKOFF_TIME_TIMEZONE_NOT_STATED_BY_SOURCE,,NOT_VERIFIED_DO_NOT_INFER,Cambuur,Excelsior,0,2,A,EVALUATION_ONLY_JOIN_AFTER_PREMATCH_FEATURE_FREEZE,1.87,4.03,3.69,EXTERNAL_HISTORICAL_MARKET_BENCHMARK,NOT_AVAILABLE,NOT_GOLDBET,34e94d1c8946bb2a28d28342924b9219ffc5b9b35d033e88c9ab889a73c6f793
3b9a7ef9921019b58b89275c,Eredivisie,2022/2023,DEVELOPMENT,2022-08-06,19:00,MATCH_KICKOFF_TIME_TIMEZONE_NOT_STATED_BY_SOURCE,,NOT_VERIFIED_DO_NOT_INFER,PSV Eindhoven,FC Emmen,4,1,H,EVALUATION_ONLY_JOIN_AFTER_PREMATCH_FEATURE_FREEZE,1.18,7.33,14.23,EXTERNAL_HISTORICAL_MARKET_BENCHMARK,NOT_AVAILABLE,NOT_GOLDBET,b2aec337caebf9c3924f37f36d21d2043c3bacf08848b4a45666819580c125a6
f41b94094b107098522e515f,Eredivisie,2022/2023,DEVELOPMENT,2022-08-06,20:00,MATCH_KICKOFF_TIME_TIMEZONE_NOT_STATED_BY_SOURCE,,NOT_VERIFIED_DO_NOT_INFER,Waalwijk,Utrecht,2,2,D,EVALUATION_ONLY_JOIN_AFTER_PREMATCH_FEATURE_FREEZE,3.8,3.72,1.91,EXTERNAL_HISTORICAL_MARKET_BENCHMARK,NOT_AVAILABLE,NOT_GOLDBET,2d1dd6c10d40f8fa08763dcad415a0d320fdd0bb3cbbf0387987ecae9c23cdda
12e130eafd6c38a667390c9e,Eredivisie,2022/2023,DEVELOPMENT,2022-08-07,11:15,MATCH_KICKOFF_TIME_TIMEZONE_NOT_STATED_BY_SOURCE,,NOT_VERIFIED_DO_NOT_INFER,Groningen,Volendam,2,2,D,EVALUATION_ONLY_JOIN_AFTER_PREMATCH_FEATURE_FREEZE,1.58,4.3,5.31,EXTERNAL_HISTORICAL_MARKET_BENCHMARK,NOT_AVAILABLE,NOT_GOLDBET,ec38d45a74a437aeb25c13edfa1f6f0656e0cac2beb49dd64054ec5b22d64902
1733e292ffe1a90323530a75,Eredivisie,2022/2023,DEVELOPMENT,2022-08-07,13:30,MATCH_KICKOFF_TIME_TIMEZONE_NOT_STATED_BY_SOURCE,,NOT_VERIFIED_DO_NOT_INFER,Nijmegen,Twente,0,1,A,EVALUATION_ONLY_JOIN_AFTER_PREMATCH_FEATURE_FREEZE,3.14,3.42,2.24,EXTERNAL_HISTORICAL_MARKET_BENCHMARK,NOT_AVAILABLE,NOT_GOLDBET,824ac49579e0c77ebc64623c4300ab40e922101205e8ab3ae450bedfcde73771
94a1ffb5dca0608ea2acffbe,Eredivisie,2022/2023,DEVELOPMENT,2022-08-07,13:30,MATCH_KICKOFF_TIME_TIMEZONE_NOT_STATED_BY_SOURCE,,NOT_VERIFIED_DO_NOT_INFER,Vitesse,Feyenoord,2,5,A,EVALUATION_ONLY_JOIN_AFTER_PREMATCH_FEATURE_FREEZE,3.62,3.74,1.95,EXTERNAL_HISTORICAL_MARKET_BENCHMARK,NOT_AVAILABLE,NOT_GOLDBET,99e70a33548edcfc08eae72a756aca9157c6f9cd549b1ace42bdb6e34b534e7e
e49019f00552f603959086d7,Eredivisie,2022/2023,DEVELOPMENT,2022-08-07,15:45,MATCH_KICKOFF_TIME_TIMEZONE_NOT_STATED_BY_SOURCE,,NOT_VERIFIED_DO_NOT_INFER,AZ Alkmaar,Go Ahead Eagles,2,0,H,EVALUATION_ONLY_JOIN_AFTER_PREMATCH_FEATURE_FREEZE,1.38,4.72,8.24,EXTERNAL_HISTORICAL_MARKET_BENCHMARK,NOT_AVAILABLE,NOT_GOLDBET,b29ff6acc7229e48e0c1914e0f0fd55c9c93827be3ad108486f0236143e5022d
7822b7b8b74811de601e7bd5,Eredivisie,2022/2023,DEVELOPMENT,2022-08-12,19:00,MATCH_KICKOFF_TIME_TIMEZONE_NOT_STATED_BY_SOURCE,,NOT_VERIFIED_DO_NOT_INFER,Excelsior,Vitesse,3,1,H,EVALUATION_ONLY_JOIN_AFTER_PREMATCH_FEATURE_FREEZE,3.77,4.07,1.84,EXTERNAL_HISTORICAL_MARKET_BENCHMARK,NOT_AVAILABLE,NOT_GOLDBET,4d40d34f8b075c4e1c3016bd892c6ae4fd1f1c96eb914aa8e044edd981ef491b
a560cf9a0e0914d72d434c6b,Eredivisie,2022/2023,DEVELOPMENT,2022-08-13,17:45,MATCH_KICKOFF_TIME_TIMEZONE_NOT_STATED_BY_SOURCE,,NOT_VERIFIED_DO_NOT_INFER,Go Ahead Eagles,PSV Eindhoven,2,5,A,EVALUATION_ONLY_JOIN_AFTER_PREMATCH_FEATURE_FREEZE,6.34,4.64,1.47,EXTERNAL_HISTORICAL_MARKET_BENCHMARK,NOT_AVAILABLE,NOT_GOLDBET,9d62b0ac9816f6d8655865665715c2df4711148faa12688eb846e2db26c26765
98aebbbfb8961875d9120156,Eredivisie,2022/2023,DEVELOPMENT,2022-08-13,19:00,MATCH_KICKOFF_TIME_TIMEZONE_NOT_STATED_BY_SOURCE,,NOT_VERIFIED_DO_NOT_INFER,FC Emmen,Waalwijk,1,1,D,EVALUATION_ONLY_JOIN_AFTER_PREMATCH_FEATURE_FREEZE,1.91,3.59,3.99,EXTERNAL_HISTORICAL_MARKET_BENCHMARK,NOT_AVAILABLE,NOT_GOLDBET,ebccbf551df00cb11c0bafa3afa6f25b623940d0b58a5aa69f4bc05c163f9903
93baa11e04813d5074d2219d,Eredivisie,2022/2023,DEVELOPMENT,2022-08-13,19:00,MATCH_KICKOFF_TIME_TIMEZONE_NOT_STATED_BY_SOURCE,,NOT_VERIFIED_DO_NOT_INFER,Utrecht,Cambuur,0,0,D,EVALUATION_ONLY_JOIN_AFTER_PREMATCH_FEATURE_FREEZE,1.53,4.53,5.58,EXTERNAL_HISTORICAL_MARKET_BENCHMARK,NOT_AVAILABLE,NOT_GOLDBET,c18469404c4ae5a4da83cb9057813bd36191f92077884e1c5b881dfeef584463
0ebb8ff53998774cf619b521,Eredivisie,2022/2023,DEVELOPMENT,2022-08-13,20:00,MATCH_KICKOFF_TIME_TIMEZONE_NOT_STATED_BY_SOURCE,,NOT_VERIFIED_DO_NOT_INFER,Feyenoord,Heerenveen,0,0,D,EVALUATION_ONLY_JOIN_AFTER_PREMATCH_FEATURE_FREEZE,1.35,5.44,7.79,EXTERNAL_HISTORICAL_MARKET_BENCHMARK,NOT_AVAILABLE,NOT_GOLDBET,7ee3aedf1ebe929bc739570365300c1ec08df346683b033179ec96dec6f012e4
a8e476e5720889febb812f0b,Eredivisie,2022/2023,DEVELOPMENT,2022-08-14,11:15,MATCH_KICKOFF_TIME_TIMEZONE_NOT_STATED_BY_SOURCE,,NOT_VERIFIED_DO_NOT_INFER,Volendam,Nijmegen,1,4,A,EVALUATION_ONLY_JOIN_AFTER_PREMATCH_FEATURE_FREEZE,2.91,3.78,2.25,EXTERNAL_HISTORICAL_MARKET_BENCHMARK,NOT_AVAILABLE,NOT_GOLDBET,e32ae3ec85e366d59617dc9cc925001293222d05b4fd7800d03d45377de25e48
7519bdb36995a9cb82291e1e,Eredivisie,2022/2023,DEVELOPMENT,2022-08-14,13:30,MATCH_KICKOFF_TIME_TIMEZONE_NOT_STATED_BY_SOURCE,,NOT_VERIFIED_DO_NOT_INFER,Ajax,Groningen,6,1,H,EVALUATION_ONLY_JOIN_AFTER_PREMATCH_FEATURE_FREEZE,1.15,8.61,14.95,EXTERNAL_HISTORICAL_MARKET_BENCHMARK,NOT_AVAILABLE,NOT_GOLDBET,e1e2b4c28333bdaf47fdfb3818d3702fe7d75f23c6748ec48a79f85e6d24778b
c90beebb6144c76bcad621ad,Eredivisie,2022/2023,DEVELOPMENT,2022-08-14,13:30,MATCH_KICKOFF_TIME_TIMEZONE_NOT_STATED_BY_SOURCE,,NOT_VERIFIED_DO_NOT_INFER,Twente,For Sittard,3,0,H,EVALUATION_ONLY_JOIN_AFTER_PREMATCH_FEATURE_FREEZE,1.44,4.62,6.84,EXTERNAL_HISTORICAL_MARKET_BENCHMARK,NOT_AVAILABLE,NOT_GOLDBET,0398204f6def884a5c7d33ba68e8f21f7ba28b5d55477b0090a52cc19d4321a5
1a2e2cdd99c9b0554a48c95a,Eredivisie,2022/2023,DEVELOPMENT,2022-08-14,15:45,MATCH_KICKOFF_TIME_TIMEZONE_NOT_STATED_BY_SOURCE,,NOT_VERIFIED_DO_NOT_INFER,Sparta Rotterdam,AZ Alkmaar,2,3,A,EVALUATION_ONLY_JOIN_AFTER_PREMATCH_FEATURE_FREEZE,4.01,3.54,1.92,EXTERNAL_HISTORICAL_MARKET_BENCHMARK,NOT_AVAILABLE,NOT_GOLDBET,0a0d5fbf2e98d1c90b89881545da1ec54716411fb43aac33a8c3ea29a93019c6
643580a2543583eba4ccc0c0,Eredivisie,2022/2023,DEVELOPMENT,2022-08-20,15:30,MATCH_KICKOFF_TIME_TIMEZONE_NOT_STATED_BY_SOURCE,,NOT_VERIFIED_DO_NOT_INFER,Vitesse,Heerenveen,0,4,A,EVALUATION_ONLY_JOIN_AFTER_PREMATCH_FEATURE_FREEZE,2.21,3.45,3.22,EXTERNAL_HISTORICAL_MARKET_BENCHMARK,NOT_AVAILABLE,NOT_GOLDBET,a8a1d0586b399be5311b3c03487cc1a013b25e10e1eda61b0be8d3bf611324df
27e5c390cfc1d2d1b12bd42f,Eredivisie,2022/2023,DEVELOPMENT,2022-08-20,17:45,MATCH_KICKOFF_TIME_TIMEZONE_NOT_STATED_BY_SOURCE,,NOT_VERIFIED_DO_NOT_INFER,For Sittard,Cambuur,1,4,A,EVALUATION_ONLY_JOIN_AFTER_PREMATCH_FEATURE_FREEZE,2.27,3.69,2.92,EXTERNAL_HISTORICAL_MARKET_BENCHMARK,NOT_AVAILABLE,NOT_GOLDBET,bbc210a7fc270630b6e1ab9f2bb2f3786ce1a928d1b1aa443fb1c6966f6c4dba
5ce5db98ed8efaaffc0892e2,Eredivisie,2022/2023,DEVELOPMENT,2022-08-20,20:00,MATCH_KICKOFF_TIME_TIMEZONE_NOT_STATED_BY_SOURCE,,NOT_VERIFIED_DO_NOT_INFER,FC Emmen,Utrecht,3,2,H,EVALUATION_ONLY_JOIN_AFTER_PREMATCH_FEATURE_FREEZE,2.76,3.45,2.48,EXTERNAL_HISTORICAL_MARKET_BENCHMARK,NOT_AVAILABLE,NOT_GOLDBET,b81199173a07425d98d6346bf9bbd49bf040ca819dd8a5f64d020c36341beae5
5797f9b2bd39f404da3caa0f,Eredivisie,2022/2023,DEVELOPMENT,2022-08-21,11:15,MATCH_KICKOFF_TIME_TIMEZONE_NOT_STATED_BY_SOURCE,,NOT_VERIFIED_DO_NOT_INFER,Groningen,Go Ahead Eagles,1,0,H,EVALUATION_ONLY_JOIN_AFTER_PREMATCH_FEATURE_FREEZE,1.92,3.58,3.94,EXTERNAL_HISTORICAL_MARKET_BENCHMARK,NOT_AVAILABLE,NOT_GOLDBET,242510bb64a5d00c5c3ac2eea6ac87826c2ce088861438f830ed6613568dbc2d
3b273af59ae19a862abc6cb5,Eredivisie,2022/2023,DEVELOPMENT,2022-08-21,13:30,MATCH_KICKOFF_TIME_TIMEZONE_NOT_STATED_BY_SOURCE,,NOT_VERIFIED_DO_NOT_INFER,Sparta Rotterdam,Ajax,0,1,A,EVALUATION_ONLY_JOIN_AFTER_PREMATCH_FEATURE_FREEZE,11.02,6.26,1.24,EXTERNAL_HISTORICAL_MARKET_BENCHMARK,NOT_AVAILABLE,NOT_GOLDBET,fc78b4bb8558cf80705f882ad24c65b8f73b032b21e1a96a41c81b5444f253e3
eaa80bda0273fec1f1307f91,Eredivisie,2022/2023,DEVELOPMENT,2022-08-21,15:45,MATCH_KICKOFF_TIME_TIMEZONE_NOT_STATED_BY_SOURCE,,NOT_VERIFIED_DO_NOT_INFER,Waalwijk,Feyenoord,0,1,A,EVALUATION_ONLY_JOIN_AFTER_PREMATCH_FEATURE_FREEZE,6.93,5.12,1.4,EXTERNAL_HISTORICAL_MARKET_BENCHMARK,NOT_AVAILABLE,NOT_GOLDBET,87834a54bb99c666d093702bd5b7bd97b58b044bff352ba6f64b2138217a4889
93c963a7fe7530ea24507341,Eredivisie,2022/2023,DEVELOPMENT,2022-08-26,19:00,MATCH_KICKOFF_TIME_TIMEZONE_NOT_STATED_BY_SOURCE,,NOT_VERIFIED_DO_NOT_INFER,Nijmegen,Groningen,1,1,D,EVALUATION_ONLY_JOIN_AFTER_PREMATCH_FEATURE_FREEZE,2.05,3.51,3.52,EXTERNAL_HISTORICAL_MARKET_BENCHMARK,NOT_AVAILABLE,NOT_GOLDBET,d67048ee92db93fc85550a8af18ea6aab39014e02ee4022c9f036f6242db3d89
c42ab9ea3295378615ca524f,Eredivisie,2022/2023,DEVELOPMENT,2022-08-27,15:30,MATCH_KICKOFF_TIME_TIMEZONE_NOT_STATED_BY_SOURCE,,NOT_VERIFIED_DO_NOT_INFER,Go Ahead Eagles,Sparta Rotterdam,0,1,A,EVALUATION_ONLY_JOIN_AFTER_PREMATCH_FEATURE_FREEZE,2.51,3.25,2.89,EXTERNAL_HISTORICAL_MARKET_BENCHMARK,NOT_AVAILABLE,NOT_GOLDBET,f786b40f6f255cdd0979feb7edbf03fc298d8c9beff961755e751c0c04119b28
be43cc6ba5c150327c3a587e,Eredivisie,2022/2023,DEVELOPMENT,2022-08-27,17:45,MATCH_KICKOFF_TIME_TIMEZONE_NOT_STATED_BY_SOURCE,,NOT_VERIFIED_DO_NOT_INFER,Vitesse,Waalwijk,2,2,D,EVALUATION_ONLY_JOIN_AFTER_PREMATCH_FEATURE_FREEZE,1.81,3.76,4.23,EXTERNAL_HISTORICAL_MARKET_BENCHMARK,NOT_AVAILABLE,NOT_GOLDBET,51758a758d72c5449e9bd7c18e8089ce0ee3be80b0aee4a4813b93126b13c6a8
3c44a0f32b4f3fe06b4f13ad,Eredivisie,2022/2023,DEVELOPMENT,2022-08-27,19:00,MATCH_KICKOFF_TIME_TIMEZONE_NOT_STATED_BY_SOURCE,,NOT_VERIFIED_DO_NOT_INFER,Feyenoord,FC Emmen,4,0,H,EVALUATION_ONLY_JOIN_AFTER_PREMATCH_FEATURE_FREEZE,1.29,5.79,9.56,EXTERNAL_HISTORICAL_MARKET_BENCHMARK,NOT_AVAILABLE,NOT_GOLDBET,a1ac96a820559219446ef87db2fc631abb93ffc2d5f484dc3a70fdb6a67bedf9
e7c11c9d828f140d0778175b,Eredivisie,2022/2023,DEVELOPMENT,2022-08-27,20:00,MATCH_KICKOFF_TIME_TIMEZONE_NOT_STATED_BY_SOURCE,,NOT_VERIFIED_DO_NOT_INFER,Heerenveen,For Sittard,2,1,H,EVALUATION_ONLY_JOIN_AFTER_PREMATCH_FEATURE_FREEZE,1.62,4.08,5.2,EXTERNAL_HISTORICAL_MARKET_BENCHMARK,NOT_AVAILABLE,NOT_GOLDBET,e1bf9dbf966d4a1924b1b5737246313038c5ca10356688de6bbdd65fa0659c89
8648527b5d033d984352b684,Eredivisie,2022/2023,DEVELOPMENT,2022-08-28,11:15,MATCH_KICKOFF_TIME_TIMEZONE_NOT_STATED_BY_SOURCE,,NOT_VERIFIED_DO_NOT_INFER,Utrecht,Ajax,0,2,A,EVALUATION_ONLY_JOIN_AFTER_PREMATCH_FEATURE_FREEZE,6.27,5.2,1.42,EXTERNAL_HISTORICAL_MARKET_BENCHMARK,NOT_AVAILABLE,NOT_GOLDBET,9d58c042257c26ef1f8bfb0e671df2711257d160b6dfc1d30c31458e5eff046c
bd790bc7ee630d1af65f964a,Eredivisie,2022/2023,DEVELOPMENT,2022-08-28,13:30,MATCH_KICKOFF_TIME_TIMEZONE_NOT_STATED_BY_SOURCE,,NOT_VERIFIED_DO_NOT_INFER,Excelsior,PSV Eindhoven,1,6,A,EVALUATION_ONLY_JOIN_AFTER_PREMATCH_FEATURE_FREEZE,10,6.76,1.24,EXTERNAL_HISTORICAL_MARKET_BENCHMARK,NOT_AVAILABLE,NOT_GOLDBET,e72fba905813c5a04c453c474fcb514760d097ea800f41c026c43f40d8e4707a
4a0e0bca6d226fd13f46cefb,Eredivisie,2022/2023,DEVELOPMENT,2022-08-28,13:30,MATCH_KICKOFF_TIME_TIMEZONE_NOT_STATED_BY_SOURCE,,NOT_VERIFIED_DO_NOT_INFER,Volendam,Twente,1,0,H,EVALUATION_ONLY_JOIN_AFTER_PREMATCH_FEATURE_FREEZE,5.55,4.51,1.53,EXTERNAL_HISTORICAL_MARKET_BENCHMARK,NOT_AVAILABLE,NOT_GOLDBET,671ff1bb158af70f5b7712405d2497c76899dec0e9361417965382fbcb3a7356
c15ddfd64de4b090ff482148,Eredivisie,2022/2023,DEVELOPMENT,2022-08-28,15:45,MATCH_KICKOFF_TIME_TIMEZONE_NOT_STATED_BY_SOURCE,,NOT_VERIFIED_DO_NOT_INFER,Cambuur,AZ Alkmaar,0,1,A,EVALUATION_ONLY_JOIN_AFTER_PREMATCH_FEATURE_FREEZE,4.48,3.95,1.73,EXTERNAL_HISTORICAL_MARKET_BENCHMARK,NOT_AVAILABLE,NOT_GOLDBET,eaa75eedbcb81b2cccd55a76e2463e0841851628f39d1b9b17dfcc6a34775cb5
4b1663bcb33aee55b8161259,Eredivisie,2022/2023,DEVELOPMENT,2022-08-31,17:45,MATCH_KICKOFF_TIME_TIMEZONE_NOT_STATED_BY_SOURCE,,NOT_VERIFIED_DO_NOT_INFER,PSV Eindhoven,Volendam,7,1,H,EVALUATION_ONLY_JOIN_AFTER_PREMATCH_FEATURE_FREEZE,1.09,11.69,20.69,EXTERNAL_HISTORICAL_MARKET_BENCHMARK,NOT_AVAILABLE,NOT_GOLDBET,4479c8adaf42640dc1b4616bac1ddc4077618c5837b4d7d863297ca925cec162
0540419f629049b092e84393,Eredivisie,2022/2023,DEVELOPMENT,2022-08-31,20:00,MATCH_KICKOFF_TIME_TIMEZONE_NOT_STATED_BY_SOURCE,,NOT_VERIFIED_DO_NOT_INFER,Twente,Excelsior,4,0,H,EVALUATION_ONLY_JOIN_AFTER_PREMATCH_FEATURE_FREEZE,1.26,6.09,10.05,EXTERNAL_HISTORICAL_MARKET_BENCHMARK,NOT_AVAILABLE,NOT_GOLDBET,a65d4133fe16230631d52636f4a662d989acbd1822f8901eaa5badb9d366cf17
4d13d4d2430ca021a1252ad4,Eredivisie,2022/2023,DEVELOPMENT,2022-09-01,19:00,MATCH_KICKOFF_TIME_TIMEZONE_NOT_STATED_BY_SOURCE,,NOT_VERIFIED_DO_NOT_INFER,AZ Alkmaar,Nijmegen,1,1,D,EVALUATION_ONLY_JOIN_AFTER_PREMATCH_FEATURE_FREEZE,1.6,4.11,5.39,EXTERNAL_HISTORICAL_MARKET_BENCHMARK,NOT_AVAILABLE,NOT_GOLDBET,894a88a37b13ff01bc9fbb9f2635e4e634d4afef25ef0c3ef5d5abb5c3897cb4
a17e9abddf0dfb25eb5734cc,Eredivisie,2022/2023,DEVELOPMENT,2022-09-02,19:00,MATCH_KICKOFF_TIME_TIMEZONE_NOT_STATED_BY_SOURCE,,NOT_VERIFIED_DO_NOT_INFER,For Sittard,Utrecht,3,4,A,EVALUATION_ONLY_JOIN_AFTER_PREMATCH_FEATURE_FREEZE,3.25,3.79,2.07,EXTERNAL_HISTORICAL_MARKET_BENCHMARK,NOT_AVAILABLE,NOT_GOLDBET,b3baaef6dd64e51c0c2b6c5b80f45fd47ca49ef78e51d515609e927446a65f8c
614adc0af098c4be261e6c13,Eredivisie,2022/2023,DEVELOPMENT,2022-09-03,15:30,MATCH_KICKOFF_TIME_TIMEZONE_NOT_STATED_BY_SOURCE,,NOT_VERIFIED_DO_NOT_INFER,Ajax,Cambuur,4,0,H,EVALUATION_ONLY_JOIN_AFTER_PREMATCH_FEATURE_FREEZE,1.09,11.61,22.12,EXTERNAL_HISTORICAL_MARKET_BENCHMARK,NOT_AVAILABLE,NOT_GOLDBET,5e0f58ae99ae31a29727d60da48b49c8b06e1611fe7c57565bef08f59eee5a0c
34489c98277d45e8346b9e2c,Eredivisie,2022/2023,DEVELOPMENT,2022-09-03,17:45,MATCH_KICKOFF_TIME_TIMEZONE_NOT_STATED_BY_SOURCE,,NOT_VERIFIED_DO_NOT_INFER,Twente,PSV Eindhoven,2,1,H,EVALUATION_ONLY_JOIN_AFTER_PREMATCH_FEATURE_FREEZE,4.43,3.94,1.74,EXTERNAL_HISTORICAL_MARKET_BENCHMARK,NOT_AVAILABLE,NOT_GOLDBET,b16a8794ae2e49fc646ceb0484238fe36fdc66e82d93f7eb84460cfd8bc1e3f9
5f53a849f137c8e45b9cc901,Eredivisie,2022/2023,DEVELOPMENT,2022-09-03,19:00,MATCH_KICKOFF_TIME_TIMEZONE_NOT_STATED_BY_SOURCE,,NOT_VERIFIED_DO_NOT_INFER,Sparta Rotterdam,Volendam,4,0,H,EVALUATION_ONLY_JOIN_AFTER_PREMATCH_FEATURE_FREEZE,1.7,4.03,4.61,EXTERNAL_HISTORICAL_MARKET_BENCHMARK,NOT_AVAILABLE,NOT_GOLDBET,7851928773978d30c07cac96c573787a40314120bd532b78660770f6fde41bba
1b489d9793289125fb4cdfba,Eredivisie,2022/2023,DEVELOPMENT,2022-09-03,20:00,MATCH_KICKOFF_TIME_TIMEZONE_NOT_STATED_BY_SOURCE,,NOT_VERIFIED_DO_NOT_INFER,Go Ahead Eagles,Feyenoord,3,4,A,EVALUATION_ONLY_JOIN_AFTER_PREMATCH_FEATURE_FREEZE,8.81,5.45,1.32,EXTERNAL_HISTORICAL_MARKET_BENCHMARK,NOT_AVAILABLE,NOT_GOLDBET,9b310bd0a63dc02fb95287b8b3e894e23d24ea7eb501e9165c002e84c6e6a642
f42a182d05b24dd5a75d3ab2,Eredivisie,2022/2023,DEVELOPMENT,2022-09-04,11:15,MATCH_KICKOFF_TIME_TIMEZONE_NOT_STATED_BY_SOURCE,,NOT_VERIFIED_DO_NOT_INFER,Waalwijk,Excelsior,5,2,H,EVALUATION_ONLY_JOIN_AFTER_PREMATCH_FEATURE_FREEZE,1.75,4.06,4.23,EXTERNAL_HISTORICAL_MARKET_BENCHMARK,NOT_AVAILABLE,NOT_GOLDBET,44e9bd5f5f97d300988b712fe9b1d37ebcee85a887754e45de45ae6fc2a7c061
b32520eb69037e78e90fbc49,Eredivisie,2022/2023,DEVELOPMENT,2022-09-04,13:30,MATCH_KICKOFF_TIME_TIMEZONE_NOT_STATED_BY_SOURCE,,NOT_VERIFIED_DO_NOT_INFER,FC Emmen,AZ Alkmaar,0,3,A,EVALUATION_ONLY_JOIN_AFTER_PREMATCH_FEATURE_FREEZE,3.93,3.56,1.93,EXTERNAL_HISTORICAL_MARKET_BENCHMARK,NOT_AVAILABLE,NOT_GOLDBET,f27ac11eb39ccd8e2bab48325838313cea374d05703c7c80c4f3d937658c1761
3bb247ee05c982369509cb09,Eredivisie,2022/2023,DEVELOPMENT,2022-09-04,13:30,MATCH_KICKOFF_TIME_TIMEZONE_NOT_STATED_BY_SOURCE,,NOT_VERIFIED_DO_NOT_INFER,Heerenveen,Nijmegen,0,0,D,EVALUATION_ONLY_JOIN_AFTER_PREMATCH_FEATURE_FREEZE,1.73,3.76,4.76,EXTERNAL_HISTORICAL_MARKET_BENCHMARK,NOT_AVAILABLE,NOT_GOLDBET,fdfebcfa5bb41d20abc8be0f78eaa619459e3912c59ce7fea0a2814403670e9f
e42ddf76481dd0e357bf8d76,Eredivisie,2022/2023,DEVELOPMENT,2022-09-04,15:45,MATCH_KICKOFF_TIME_TIMEZONE_NOT_STATED_BY_SOURCE,,NOT_VERIFIED_DO_NOT_INFER,Groningen,Vitesse,0,1,A,EVALUATION_ONLY_JOIN_AFTER_PREMATCH_FEATURE_FREEZE,2.46,3.36,2.85,EXTERNAL_HISTORICAL_MARKET_BENCHMARK,NOT_AVAILABLE,NOT_GOLDBET,bb916cbeb571eb54af2d18351d94f4de0d664f72088f194427f994e2c4fe1a04
74e6c589ceeb81c089283778,Eredivisie,2022/2023,DEVELOPMENT,2022-09-09,19:00,MATCH_KICKOFF_TIME_TIMEZONE_NOT_STATED_BY_SOURCE,,NOT_VERIFIED_DO_NOT_INFER,Volendam,Go Ahead Eagles,2,3,A,EVALUATION_ONLY_JOIN_AFTER_PREMATCH_FEATURE_FREEZE,2.36,3.65,2.79,EXTERNAL_HISTORICAL_MARKET_BENCHMARK,NOT_AVAILABLE,NOT_GOLDBET,44f6dda7ee4b85dec0c51480acc567cd2ce329bb9fe0a503b66d67074f833f9b
30a1f1ae183485cd7bacbd0c,Eredivisie,2022/2023,DEVELOPMENT,2022-09-10,15:30,MATCH_KICKOFF_TIME_TIMEZONE_NOT_STATED_BY_SOURCE,,NOT_VERIFIED_DO_NOT_INFER,Nijmegen,For Sittard,1,1,D,EVALUATION_ONLY_JOIN_AFTER_PREMATCH_FEATURE_FREEZE,1.81,3.86,4.08,EXTERNAL_HISTORICAL_MARKET_BENCHMARK,NOT_AVAILABLE,NOT_GOLDBET,e63ea7256483f292c1eb1821dc2fb9a0cac07fe33ab0a57ab8bf064f46cbe00d
c4e48d897bacd8ecd0d363ef,Eredivisie,2022/2023,DEVELOPMENT,2022-09-10,17:45,MATCH_KICKOFF_TIME_TIMEZONE_NOT_STATED_BY_SOURCE,,NOT_VERIFIED_DO_NOT_INFER,Ajax,Heerenveen,5,0,H,EVALUATION_ONLY_JOIN_AFTER_PREMATCH_FEATURE_FREEZE,1.2,7.22,12.92,EXTERNAL_HISTORICAL_MARKET_BENCHMARK,NOT_AVAILABLE,NOT_GOLDBET,96b3f286cd12f153fc54f77844372579d3b4123b6e757f02b8a0e0823910f716
0f5d93339196aa1ec0728f4f,Eredivisie,2022/2023,DEVELOPMENT,2022-09-10,20:00,MATCH_KICKOFF_TIME_TIMEZONE_NOT_STATED_BY_SOURCE,,NOT_VERIFIED_DO_NOT_INFER,Excelsior,FC Emmen,2,1,H,EVALUATION_ONLY_JOIN_AFTER_PREMATCH_FEATURE_FREEZE,3.25,3.72,2.1,EXTERNAL_HISTORICAL_MARKET_BENCHMARK,NOT_AVAILABLE,NOT_GOLDBET,cfe8be791daf421e651fcf7035eaf4a7c1c361cc35512e329afd0d7314e75f59
72c13d63d4ee8bfdabd88f8f,Eredivisie,2022/2023,DEVELOPMENT,2022-09-11,11:15,MATCH_KICKOFF_TIME_TIMEZONE_NOT_STATED_BY_SOURCE,,NOT_VERIFIED_DO_NOT_INFER,Utrecht,Vitesse,1,0,H,EVALUATION_ONLY_JOIN_AFTER_PREMATCH_FEATURE_FREEZE,2.02,3.75,3.43,EXTERNAL_HISTORICAL_MARKET_BENCHMARK,NOT_AVAILABLE,NOT_GOLDBET,1057659d6ccd32828da35f0fecfa5b10ebd2b1bb89047f450a7a1063d5dde594
76ab2b20720e5096ea198527,Eredivisie,2022/2023,DEVELOPMENT,2022-09-11,13:30,MATCH_KICKOFF_TIME_TIMEZONE_NOT_STATED_BY_SOURCE,,NOT_VERIFIED_DO_NOT_INFER,Cambuur,Groningen,0,1,A,EVALUATION_ONLY_JOIN_AFTER_PREMATCH_FEATURE_FREEZE,1.95,3.66,3.71,EXTERNAL_HISTORICAL_MARKET_BENCHMARK,NOT_AVAILABLE,NOT_GOLDBET,a0ff6a2954ab6b04dbd304a9322178476bd24b93a614879f4f839ec26c313bd9
3fc37d1a074909cada3b8fb3,Eredivisie,2022/2023,DEVELOPMENT,2022-09-11,13:30,MATCH_KICKOFF_TIME_TIMEZONE_NOT_STATED_BY_SOURCE,,NOT_VERIFIED_DO_NOT_INFER,PSV Eindhoven,Waalwijk,1,0,H,EVALUATION_ONLY_JOIN_AFTER_PREMATCH_FEATURE_FREEZE,1.19,7.34,12.4,EXTERNAL_HISTORICAL_MARKET_BENCHMARK,NOT_AVAILABLE,NOT_GOLDBET,dba848d2c7650dbf419287fc23f0d18c26de7fb8490a4d203e78493c8fee90e6
2f2095b2662831191d7ba7ab,Eredivisie,2022/2023,DEVELOPMENT,2022-09-11,15:45,MATCH_KICKOFF_TIME_TIMEZONE_NOT_STATED_BY_SOURCE,,NOT_VERIFIED_DO_NOT_INFER,AZ Alkmaar,Twente,1,1,D,EVALUATION_ONLY_JOIN_AFTER_PREMATCH_FEATURE_FREEZE,2.02,3.54,3.62,EXTERNAL_HISTORICAL_MARKET_BENCHMARK,NOT_AVAILABLE,NOT_GOLDBET,bc9a31f1faa00056453f81b5a9d3513128c86db7105f8e29542d88268d6a1097
ec3eba8e559040102d8253b4,Eredivisie,2022/2023,DEVELOPMENT,2022-09-11,19:00,MATCH_KICKOFF_TIME_TIMEZONE_NOT_STATED_BY_SOURCE,,NOT_VERIFIED_DO_NOT_INFER,Feyenoord,Sparta Rotterdam,3,0,H,EVALUATION_ONLY_JOIN_AFTER_PREMATCH_FEATURE_FREEZE,1.29,5.84,9.55,EXTERNAL_HISTORICAL_MARKET_BENCHMARK,NOT_AVAILABLE,NOT_GOLDBET,25e0c9b16c22d1d9cbcf72b3d44c15beed611b7bc9dda1311538a5c53dd8f598
049656e91127c289c28dea48,Eredivisie,2022/2023,DEVELOPMENT,2022-09-16,19:00,MATCH_KICKOFF_TIME_TIMEZONE_NOT_STATED_BY_SOURCE,,NOT_VERIFIED_DO_NOT_INFER,Utrecht,Nijmegen,0,0,D,EVALUATION_ONLY_JOIN_AFTER_PREMATCH_FEATURE_FREEZE,1.72,3.97,4.55,EXTERNAL_HISTORICAL_MARKET_BENCHMARK,NOT_AVAILABLE,NOT_GOLDBET,c24eddc2968de5657b0a968542ffe775b67dcb1d50db5cca62b215c4682f5a9f
26c05199d75d8c23326ce2a7,Eredivisie,2022/2023,DEVELOPMENT,2022-09-17,15:30,MATCH_KICKOFF_TIME_TIMEZONE_NOT_STATED_BY_SOURCE,,NOT_VERIFIED_DO_NOT_INFER,Sparta Rotterdam,Groningen,2,1,H,EVALUATION_ONLY_JOIN_AFTER_PREMATCH_FEATURE_FREEZE,2.25,3.34,3.22,EXTERNAL_HISTORICAL_MARKET_BENCHMARK,NOT_AVAILABLE,NOT_GOLDBET,6a5a6b06bb358e4dfcfae5586e31570d3af3773b3f30dc9c7bb3d8945baa4ca4
eb44be7cd185cf83a2e806a7,Eredivisie,2022/2023,DEVELOPMENT,2022-09-17,17:45,MATCH_KICKOFF_TIME_TIMEZONE_NOT_STATED_BY_SOURCE,,NOT_VERIFIED_DO_NOT_INFER,Vitesse,Volendam,1,1,D,EVALUATION_ONLY_JOIN_AFTER_PREMATCH_FEATURE_FREEZE,1.35,5.54,7.41,EXTERNAL_HISTORICAL_MARKET_BENCHMARK,NOT_AVAILABLE,NOT_GOLDBET,c8ea4cf9becd5e597b35cb41a6d3bf27f124f852c4669ff1a7f7870901970455
02540e6cd229c6cd368455ee,Eredivisie,2022/2023,DEVELOPMENT,2022-09-17,19:00,MATCH_KICKOFF_TIME_TIMEZONE_NOT_STATED_BY_SOURCE,,NOT_VERIFIED_DO_NOT_INFER,Waalwijk,Cambuur,5,1,H,EVALUATION_ONLY_JOIN_AFTER_PREMATCH_FEATURE_FREEZE,2.26,3.6,3,EXTERNAL_HISTORICAL_MARKET_BENCHMARK,NOT_AVAILABLE,NOT_GOLDBET,6d8eed264f0f8bf1a1110b258856b8ed4afa551ff9c167a4a37ab1db9fe39d8f
c4edf84c3a91c3155ed5b088,Eredivisie,2022/2023,DEVELOPMENT,2022-09-17,20:00,MATCH_KICKOFF_TIME_TIMEZONE_NOT_STATED_BY_SOURCE,,NOT_VERIFIED_DO_NOT_INFER,For Sittard,Excelsior,1,0,H,EVALUATION_ONLY_JOIN_AFTER_PREMATCH_FEATURE_FREEZE,1.61,4.44,4.83,EXTERNAL_HISTORICAL_MARKET_BENCHMARK,NOT_AVAILABLE,NOT_GOLDBET,b9fa1cca7663fdfaeb002eecb0f126a73cbe5eb8d1de6e80e1476b3e2cbf7af5
441b18b574ae621a8e1f4597,Eredivisie,2022/2023,DEVELOPMENT,2022-09-18,11:15,MATCH_KICKOFF_TIME_TIMEZONE_NOT_STATED_BY_SOURCE,,NOT_VERIFIED_DO_NOT_INFER,Go Ahead Eagles,FC Emmen,2,0,H,EVALUATION_ONLY_JOIN_AFTER_PREMATCH_FEATURE_FREEZE,2.36,3.41,2.96,EXTERNAL_HISTORICAL_MARKET_BENCHMARK,NOT_AVAILABLE,NOT_GOLDBET,b063e17a032c16300882ac53734c489f332283c1716f68b050f33b1e38c97200
6f9bced12cc3810c7aee5319,Eredivisie,2022/2023,DEVELOPMENT,2022-09-18,13:30,MATCH_KICKOFF_TIME_TIMEZONE_NOT_STATED_BY_SOURCE,,NOT_VERIFIED_DO_NOT_INFER,Heerenveen,Twente,2,1,H,EVALUATION_ONLY_JOIN_AFTER_PREMATCH_FEATURE_FREEZE,3.07,3.36,2.32,EXTERNAL_HISTORICAL_MARKET_BENCHMARK,NOT_AVAILABLE,NOT_GOLDBET,2f6952884ef4b79346634fee6a4f53070fa18069eebb2c41d039c630d9e3195a
475e54a2a2843a79dd3d2981,Eredivisie,2022/2023,DEVELOPMENT,2022-09-18,13:30,MATCH_KICKOFF_TIME_TIMEZONE_NOT_STATED_BY_SOURCE,,NOT_VERIFIED_DO_NOT_INFER,PSV Eindhoven,Feyenoord,4,3,H,EVALUATION_ONLY_JOIN_AFTER_PREMATCH_FEATURE_FREEZE,1.88,3.97,3.72,EXTERNAL_HISTORICAL_MARKET_BENCHMARK,NOT_AVAILABLE,NOT_GOLDBET,0fe7732c5a21ff05081bb0d6b4ccb2153cd4b1e569e6d4ac6eb2030cb4c115ab
56366cf46298e5a380bff08f,Eredivisie,2022/2023,DEVELOPMENT,2022-09-18,15:45,MATCH_KICKOFF_TIME_TIMEZONE_NOT_STATED_BY_SOURCE,,NOT_VERIFIED_DO_NOT_INFER,AZ Alkmaar,Ajax,2,1,H,EVALUATION_ONLY_JOIN_AFTER_PREMATCH_FEATURE_FREEZE,4.65,4.03,1.69,EXTERNAL_HISTORICAL_MARKET_BENCHMARK,NOT_AVAILABLE,NOT_GOLDBET,3c923b392ac486963bc288084da4c31a816f8a79be6e77f974cf172924a96f2b
aefbba8873367d98eed04192,Eredivisie,2022/2023,DEVELOPMENT,2022-10-01,15:30,MATCH_KICKOFF_TIME_TIMEZONE_NOT_STATED_BY_SOURCE,,NOT_VERIFIED_DO_NOT_INFER,Cambuur,PSV Eindhoven,3,0,H,EVALUATION_ONLY_JOIN_AFTER_PREMATCH_FEATURE_FREEZE,11.21,6.87,1.22,EXTERNAL_HISTORICAL_MARKET_BENCHMARK,NOT_AVAILABLE,NOT_GOLDBET,5217260d9a80da9770449c273726a719d0a3027966b5e1d6db7cc0236bd469e4
c1352bead1a7fec4bf9b909b,Eredivisie,2022/2023,DEVELOPMENT,2022-10-01,17:45,MATCH_KICKOFF_TIME_TIMEZONE_NOT_STATED_BY_SOURCE,,NOT_VERIFIED_DO_NOT_INFER,Groningen,AZ Alkmaar,1,4,A,EVALUATION_ONLY_JOIN_AFTER_PREMATCH_FEATURE_FREEZE,4.83,3.66,1.74,EXTERNAL_HISTORICAL_MARKET_BENCHMARK,NOT_AVAILABLE,NOT_GOLDBET,dd9ef24a3d72ffaae249e6fb84f4eaa8a64dcd6ec315d9695e8b0656eb6aa16c
90ba25c0a0fcf884b6ec91bc,Eredivisie,2022/2023,DEVELOPMENT,2022-10-01,19:00,MATCH_KICKOFF_TIME_TIMEZONE_NOT_STATED_BY_SOURCE,,NOT_VERIFIED_DO_NOT_INFER,Ajax,Go Ahead Eagles,1,1,D,EVALUATION_ONLY_JOIN_AFTER_PREMATCH_FEATURE_FREEZE,1.08,11.42,25.43,EXTERNAL_HISTORICAL_MARKET_BENCHMARK,NOT_AVAILABLE,NOT_GOLDBET,53cdb11ed9c4742a74fc1146e210e0f44bce21093d17a68b3edcb3315b13a40a
6fd5d326db787a8b32578335,Eredivisie,2022/2023,DEVELOPMENT,2022-10-01,20:00,MATCH_KICKOFF_TIME_TIMEZONE_NOT_STATED_BY_SOURCE,,NOT_VERIFIED_DO_NOT_INFER,Twente,Vitesse,3,0,H,EVALUATION_ONLY_JOIN_AFTER_PREMATCH_FEATURE_FREEZE,1.72,3.86,4.61,EXTERNAL_HISTORICAL_MARKET_BENCHMARK,NOT_AVAILABLE,NOT_GOLDBET,990f1fb268a3454f53fa3c20f8843a238aaba21bcefa41d41cc0e78ad7213ac5
957a6af13c8f59a435fc2ce3,Eredivisie,2022/2023,DEVELOPMENT,2022-10-02,11:15,MATCH_KICKOFF_TIME_TIMEZONE_NOT_STATED_BY_SOURCE,,NOT_VERIFIED_DO_NOT_INFER,For Sittard,Volendam,2,0,H,EVALUATION_ONLY_JOIN_AFTER_PREMATCH_FEATURE_FREEZE,1.91,4.11,3.48,EXTERNAL_HISTORICAL_MARKET_BENCHMARK,NOT_AVAILABLE,NOT_GOLDBET,5a445a8683925aa28646b3b10c3e288e71182dbe5b78276893a42e6412b6503a
ff2f0c072ffb7f4c53e1f932,Eredivisie,2022/2023,DEVELOPMENT,2022-10-02,13:30,MATCH_KICKOFF_TIME_TIMEZONE_NOT_STATED_BY_SOURCE,,NOT_VERIFIED_DO_NOT_INFER,Excelsior,Utrecht,0,1,A,EVALUATION_ONLY_JOIN_AFTER_PREMATCH_FEATURE_FREEZE,4.96,4.5,1.59,EXTERNAL_HISTORICAL_MARKET_BENCHMARK,NOT_AVAILABLE,NOT_GOLDBET,40aa9d91dc801dbf993ec8d3fb5ef357e18ce6b1bc0b66feec5e944c42ec6615
24b37cd66abf5323d24bdfcc,Eredivisie,2022/2023,DEVELOPMENT,2022-10-02,13:30,MATCH_KICKOFF_TIME_TIMEZONE_NOT_STATED_BY_SOURCE,,NOT_VERIFIED_DO_NOT_INFER,Nijmegen,Feyenoord,1,1,D,EVALUATION_ONLY_JOIN_AFTER_PREMATCH_FEATURE_FREEZE,4.8,4.14,1.65,EXTERNAL_HISTORICAL_MARKET_BENCHMARK,NOT_AVAILABLE,NOT_GOLDBET,5b562f69048b6f0093cf4877fce5ff750e79db73604aef3cac0f38f8b691832c
da2f5bc506f633c765cf1050,Eredivisie,2022/2023,DEVELOPMENT,2022-10-02,15:45,MATCH_KICKOFF_TIME_TIMEZONE_NOT_STATED_BY_SOURCE,,NOT_VERIFIED_DO_NOT_INFER,Waalwijk,Sparta Rotterdam,2,2,D,EVALUATION_ONLY_JOIN_AFTER_PREMATCH_FEATURE_FREEZE,1.89,3.56,4.08,EXTERNAL_HISTORICAL_MARKET_BENCHMARK,NOT_AVAILABLE,NOT_GOLDBET,021879a4830eefb0150695f335705f1d63ed0f55a1d104feb7017baa1cbf2f46
5fe1ddbc7a16d489aadc1f12,Eredivisie,2022/2023,DEVELOPMENT,2022-10-02,19:00,MATCH_KICKOFF_TIME_TIMEZONE_NOT_STATED_BY_SOURCE,,NOT_VERIFIED_DO_NOT_INFER,FC Emmen,Heerenveen,0,0,D,EVALUATION_ONLY_JOIN_AFTER_PREMATCH_FEATURE_FREEZE,2.78,3.35,2.53,EXTERNAL_HISTORICAL_MARKET_BENCHMARK,NOT_AVAILABLE,NOT_GOLDBET,192cdf5b1689eed6a63ed2be46eb2e489e6cc2457cc96dbc2a794386b8d7c968
5a9ee4526e03589375a0ac43,Eredivisie,2022/2023,DEVELOPMENT,2022-10-07,19:00,MATCH_KICKOFF_TIME_TIMEZONE_NOT_STATED_BY_SOURCE,,NOT_VERIFIED_DO_NOT_INFER,Groningen,Waalwijk,2,3,A,EVALUATION_ONLY_JOIN_AFTER_PREMATCH_FEATURE_FREEZE,2.11,3.53,3.35,EXTERNAL_HISTORICAL_MARKET_BENCHMARK,NOT_AVAILABLE,NOT_GOLDBET,74579e55e00187a09826f2c1553be80497eba338f79912e3f290e5f6447944ec
a44fe80a39a1aa54fceb2ac1,Eredivisie,2022/2023,DEVELOPMENT,2022-10-08,15:30,MATCH_KICKOFF_TIME_TIMEZONE_NOT_STATED_BY_SOURCE,,NOT_VERIFIED_DO_NOT_INFER,Volendam,Ajax,2,4,A,EVALUATION_ONLY_JOIN_AFTER_PREMATCH_FEATURE_FREEZE,15.54,9.19,1.13,EXTERNAL_HISTORICAL_MARKET_BENCHMARK,NOT_AVAILABLE,NOT_GOLDBET,f41bf3e8b2e0b89242629c6c5cb9dc60a9a772fd76790270ca4fba8189d6b178
c9dc613ab0f98ad1c70930e9,Eredivisie,2022/2023,DEVELOPMENT,2022-10-08,17:45,MATCH_KICKOFF_TIME_TIMEZONE_NOT_STATED_BY_SOURCE,,NOT_VERIFIED_DO_NOT_INFER,Sparta Rotterdam,FC Emmen,3,1,H,EVALUATION_ONLY_JOIN_AFTER_PREMATCH_FEATURE_FREEZE,2.14,3.26,3.55,EXTERNAL_HISTORICAL_MARKET_BENCHMARK,NOT_AVAILABLE,NOT_GOLDBET,0d6932223c04c95e2e89ae88411f73c06aa5be9d5d2929544e868b928cc07a0c
1174e85ed31f823987cb1ff7,Eredivisie,2022/2023,DEVELOPMENT,2022-10-08,20:00,MATCH_KICKOFF_TIME_TIMEZONE_NOT_STATED_BY_SOURCE,,NOT_VERIFIED_DO_NOT_INFER,Nijmegen,Excelsior,1,1,D,EVALUATION_ONLY_JOIN_AFTER_PREMATCH_FEATURE_FREEZE,1.55,4.4,5.42,EXTERNAL_HISTORICAL_MARKET_BENCHMARK,NOT_AVAILABLE,NOT_GOLDBET,80df82a14fa48735e12e7a84e8378d04fc21b20e1826491f1203f25b80339d41
d2ff783ab8e47e6a1ed7e513,Eredivisie,2022/2023,DEVELOPMENT,2022-10-09,11:15,MATCH_KICKOFF_TIME_TIMEZONE_NOT_STATED_BY_SOURCE,,NOT_VERIFIED_DO_NOT_INFER,Go Ahead Eagles,Cambuur,0,0,D,EVALUATION_ONLY_JOIN_AFTER_PREMATCH_FEATURE_FREEZE,2.18,3.62,3.11,EXTERNAL_HISTORICAL_MARKET_BENCHMARK,NOT_AVAILABLE,NOT_GOLDBET,44c75e9d816e57393967aaafb1a6375951c7cbbca0cf9cbd88e32cf883685c17
0e9d70e6a56cbaa09f1b7780,Eredivisie,2022/2023,DEVELOPMENT,2022-10-09,13:30,MATCH_KICKOFF_TIME_TIMEZONE_NOT_STATED_BY_SOURCE,,NOT_VERIFIED_DO_NOT_INFER,Feyenoord,Twente,2,0,H,EVALUATION_ONLY_JOIN_AFTER_PREMATCH_FEATURE_FREEZE,1.82,3.83,4.07,EXTERNAL_HISTORICAL_MARKET_BENCHMARK,NOT_AVAILABLE,NOT_GOLDBET,eec8588e5d3305e65f1077e90ac89b1087c5e76e0e36187583c2a3494d5aac8a
4ca96110117772e764dbedc9,Eredivisie,2022/2023,DEVELOPMENT,2022-10-09,13:30,MATCH_KICKOFF_TIME_TIMEZONE_NOT_STATED_BY_SOURCE,,NOT_VERIFIED_DO_NOT_INFER,Utrecht,AZ Alkmaar,1,2,A,EVALUATION_ONLY_JOIN_AFTER_PREMATCH_FEATURE_FREEZE,2.85,3.56,2.36,EXTERNAL_HISTORICAL_MARKET_BENCHMARK,NOT_AVAILABLE,NOT_GOLDBET,42d42279ffbe5c05717064907e3004227f39b198bac86787b4cc2b0f59cc1835
e49273e4817d0ecdc322e553,Eredivisie,2022/2023,DEVELOPMENT,2022-10-09,15:45,MATCH_KICKOFF_TIME_TIMEZONE_NOT_STATED_BY_SOURCE,,NOT_VERIFIED_DO_NOT_INFER,Heerenveen,PSV Eindhoven,0,1,A,EVALUATION_ONLY_JOIN_AFTER_PREMATCH_FEATURE_FREEZE,5.01,4.2,1.62,EXTERNAL_HISTORICAL_MARKET_BENCHMARK,NOT_AVAILABLE,NOT_GOLDBET,806e8f3adafd6ffaa55cdd88134fa408c6af74a76ccfa07bd95c921f1690f89a
aede8f7a299325be3966d75c,Eredivisie,2022/2023,DEVELOPMENT,2022-10-09,19:00,MATCH_KICKOFF_TIME_TIMEZONE_NOT_STATED_BY_SOURCE,,NOT_VERIFIED_DO_NOT_INFER,Vitesse,For Sittard,1,2,A,EVALUATION_ONLY_JOIN_AFTER_PREMATCH_FEATURE_FREEZE,1.63,4.26,4.87,EXTERNAL_HISTORICAL_MARKET_BENCHMARK,NOT_AVAILABLE,NOT_GOLDBET,3084c477e4665e632e93b6158bc8cbb4b03285a099c1eb120cdc9348d6f47b21
a2c34082376f9c6523cbb049,Eredivisie,2022/2023,DEVELOPMENT,2022-10-14,19:00,MATCH_KICKOFF_TIME_TIMEZONE_NOT_STATED_BY_SOURCE,,NOT_VERIFIED_DO_NOT_INFER,FC Emmen,Volendam,1,1,D,EVALUATION_ONLY_JOIN_AFTER_PREMATCH_FEATURE_FREEZE,1.91,3.82,3.68,EXTERNAL_HISTORICAL_MARKET_BENCHMARK,NOT_AVAILABLE,NOT_GOLDBET,4f208f3f8148ed8a725547b18061c8679dc4b5959b09bb421116b71a9b9b6ac2
e1b64ab32cc5388195abba02,Eredivisie,2022/2023,DEVELOPMENT,2022-10-15,17:45,MATCH_KICKOFF_TIME_TIMEZONE_NOT_STATED_BY_SOURCE,,NOT_VERIFIED_DO_NOT_INFER,For Sittard,Waalwijk,0,0,D,EVALUATION_ONLY_JOIN_AFTER_PREMATCH_FEATURE_FREEZE,2.31,3.74,2.8,EXTERNAL_HISTORICAL_MARKET_BENCHMARK,NOT_AVAILABLE,NOT_GOLDBET,d037ce4219e17d0006e30864100543b53a5f18308ddfdddf0a2c44d98715efa0
267206908c7a9791c70e497c,Eredivisie,2022/2023,DEVELOPMENT,2022-10-15,19:00,MATCH_KICKOFF_TIME_TIMEZONE_NOT_STATED_BY_SOURCE,,NOT_VERIFIED_DO_NOT_INFER,Go Ahead Eagles,Heerenveen,1,1,D,EVALUATION_ONLY_JOIN_AFTER_PREMATCH_FEATURE_FREEZE,2.72,3.23,2.65,EXTERNAL_HISTORICAL_MARKET_BENCHMARK,NOT_AVAILABLE,NOT_GOLDBET,b424a414caffed6f5ca754126ffe31278d022f572a1077c4c0ee7c87416541ca
aee54ad9f44527fb2a94383f,Eredivisie,2022/2023,DEVELOPMENT,2022-10-15,20:00,MATCH_KICKOFF_TIME_TIMEZONE_NOT_STATED_BY_SOURCE,,NOT_VERIFIED_DO_NOT_INFER,Cambuur,Vitesse,0,3,A,EVALUATION_ONLY_JOIN_AFTER_PREMATCH_FEATURE_FREEZE,2.75,3.51,2.44,EXTERNAL_HISTORICAL_MARKET_BENCHMARK,NOT_AVAILABLE,NOT_GOLDBET,fa399d73512bec12220d84b62752d5b385707a9b090a4ae27b5266d6b1b391e5
c7e949e248ff281ca7c20be8,Eredivisie,2022/2023,DEVELOPMENT,2022-10-16,11:15,MATCH_KICKOFF_TIME_TIMEZONE_NOT_STATED_BY_SOURCE,,NOT_VERIFIED_DO_NOT_INFER,Sparta Rotterdam,Nijmegen,2,0,H,EVALUATION_ONLY_JOIN_AFTER_PREMATCH_FEATURE_FREEZE,2.36,3.26,3.08,EXTERNAL_HISTORICAL_MARKET_BENCHMARK,NOT_AVAILABLE,NOT_GOLDBET,8508f5263aa1ac4bad103172d6750d69a082f59109c7d417f9a2c5a50de13d0b
4a0f55243f923942d9df3c40,Eredivisie,2022/2023,DEVELOPMENT,2022-10-16,13:30,MATCH_KICKOFF_TIME_TIMEZONE_NOT_STATED_BY_SOURCE,,NOT_VERIFIED_DO_NOT_INFER,PSV Eindhoven,Utrecht,6,1,H,EVALUATION_ONLY_JOIN_AFTER_PREMATCH_FEATURE_FREEZE,1.29,5.9,9.22,EXTERNAL_HISTORICAL_MARKET_BENCHMARK,NOT_AVAILABLE,NOT_GOLDBET,164875e19fa91370de039c784147df67b97fa9d21858d35fb7d75f6d3411886e
3cbefa94caca163dda5fca98,Eredivisie,2022/2023,DEVELOPMENT,2022-10-16,13:30,MATCH_KICKOFF_TIME_TIMEZONE_NOT_STATED_BY_SOURCE,,NOT_VERIFIED_DO_NOT_INFER,Twente,Groningen,3,0,H,EVALUATION_ONLY_JOIN_AFTER_PREMATCH_FEATURE_FREEZE,1.39,4.89,7.58,EXTERNAL_HISTORICAL_MARKET_BENCHMARK,NOT_AVAILABLE,NOT_GOLDBET,a49b0c1bba006a931e40219e30dbfd03f60287effa23bb12fffd3a22ececba87
e72af23bf5fdbd8f5a8f997a,Eredivisie,2022/2023,DEVELOPMENT,2022-10-16,15:45,MATCH_KICKOFF_TIME_TIMEZONE_NOT_STATED_BY_SOURCE,,NOT_VERIFIED_DO_NOT_INFER,AZ Alkmaar,Feyenoord,1,3,A,EVALUATION_ONLY_JOIN_AFTER_PREMATCH_FEATURE_FREEZE,2.4,3.6,2.77,EXTERNAL_HISTORICAL_MARKET_BENCHMARK,NOT_AVAILABLE,NOT_GOLDBET,498ab7761fe884b0fccf6b36b17626db1cfd1ae943a81cd89175731b2f45ca52
4aaad5addde0922f5d23c74c,Eredivisie,2022/2023,DEVELOPMENT,2022-10-16,19:00,MATCH_KICKOFF_TIME_TIMEZONE_NOT_STATED_BY_SOURCE,,NOT_VERIFIED_DO_NOT_INFER,Ajax,Excelsior,7,1,H,EVALUATION_ONLY_JOIN_AFTER_PREMATCH_FEATURE_FREEZE,1.06,13.39,27.25,EXTERNAL_HISTORICAL_MARKET_BENCHMARK,NOT_AVAILABLE,NOT_GOLDBET,0e5a7089fd40ce53b84c2b7eaeadfc4f52f51918f35232461c5e2b03b1fd8532
9a4c169bd4284e749f0cba3a,Eredivisie,2022/2023,DEVELOPMENT,2022-10-22,15:30,MATCH_KICKOFF_TIME_TIMEZONE_NOT_STATED_BY_SOURCE,,NOT_VERIFIED_DO_NOT_INFER,Feyenoord,For Sittard,1,1,D,EVALUATION_ONLY_JOIN_AFTER_PREMATCH_FEATURE_FREEZE,1.2,7.29,11.61,EXTERNAL_HISTORICAL_MARKET_BENCHMARK,NOT_AVAILABLE,NOT_GOLDBET,6faed1e45fe5a0700aecd76d110ea22ed913f66d07cdaf5925696ee05b9584c4
73cd3f35927a26b36161d6f4,Eredivisie,2022/2023,DEVELOPMENT,2022-10-22,17:45,MATCH_KICKOFF_TIME_TIMEZONE_NOT_STATED_BY_SOURCE,,NOT_VERIFIED_DO_NOT_INFER,Waalwijk,Ajax,1,4,A,EVALUATION_ONLY_JOIN_AFTER_PREMATCH_FEATURE_FREEZE,8.27,6.09,1.3,EXTERNAL_HISTORICAL_MARKET_BENCHMARK,NOT_AVAILABLE,NOT_GOLDBET,e1dc6128ba192af0b64dbb44a7fb99781590cf8313b9121de6a184aac1802e89
bb87319046c4cb034a809ca8,Eredivisie,2022/2023,DEVELOPMENT,2022-10-22,20:00,MATCH_KICKOFF_TIME_TIMEZONE_NOT_STATED_BY_SOURCE,,NOT_VERIFIED_DO_NOT_INFER,Vitesse,FC Emmen,2,1,H,EVALUATION_ONLY_JOIN_AFTER_PREMATCH_FEATURE_FREEZE,1.73,3.76,4.69,EXTERNAL_HISTORICAL_MARKET_BENCHMARK,NOT_AVAILABLE,NOT_GOLDBET,60f5b322f6b25e6e3548bcaba5d4ab79d6da86622280702045c159b9193b097b
312e849c68e68483ee1d505a,Eredivisie,2022/2023,DEVELOPMENT,2022-10-23,11:15,MATCH_KICKOFF_TIME_TIMEZONE_NOT_STATED_BY_SOURCE,,NOT_VERIFIED_DO_NOT_INFER,Excelsior,AZ Alkmaar,2,1,H,EVALUATION_ONLY_JOIN_AFTER_PREMATCH_FEATURE_FREEZE,7.09,5.21,1.39,EXTERNAL_HISTORICAL_MARKET_BENCHMARK,NOT_AVAILABLE,NOT_GOLDBET,f67fa1bde60b3f706294aa457b764a648f9cc549d8aeb4cd03401dbf82485d27
9b0cd222d0df6c604f0cfcf4,Eredivisie,2022/2023,DEVELOPMENT,2022-10-23,13:30,MATCH_KICKOFF_TIME_TIMEZONE_NOT_STATED_BY_SOURCE,,NOT_VERIFIED_DO_NOT_INFER,Cambuur,Twente,0,1,A,EVALUATION_ONLY_JOIN_AFTER_PREMATCH_FEATURE_FREEZE,4.39,3.81,1.77,EXTERNAL_HISTORICAL_MARKET_BENCHMARK,NOT_AVAILABLE,NOT_GOLDBET,e427c797657b67c76c45c9dcbde6877d5d199b7a7c73ecd8df627a03ba318203
70deb26e6dcf2cc3e8841ec3,Eredivisie,2022/2023,DEVELOPMENT,2022-10-23,13:30,MATCH_KICKOFF_TIME_TIMEZONE_NOT_STATED_BY_SOURCE,,NOT_VERIFIED_DO_NOT_INFER,Groningen,PSV Eindhoven,4,2,H,EVALUATION_ONLY_JOIN_AFTER_PREMATCH_FEATURE_FREEZE,10.58,5.8,1.27,EXTERNAL_HISTORICAL_MARKET_BENCHMARK,NOT_AVAILABLE,NOT_GOLDBET,2e3d737becf80dfa7b97c263c103e75bce125fafd96ed838579328a64f6b8f0e
33dbccd435679ba0fb251efb,Eredivisie,2022/2023,DEVELOPMENT,2022-10-23,13:30,MATCH_KICKOFF_TIME_TIMEZONE_NOT_STATED_BY_SOURCE,,NOT_VERIFIED_DO_NOT_INFER,Nijmegen,Go Ahead Eagles,3,3,D,EVALUATION_ONLY_JOIN_AFTER_PREMATCH_FEATURE_FREEZE,2.05,3.35,3.71,EXTERNAL_HISTORICAL_MARKET_BENCHMARK,NOT_AVAILABLE,NOT_GOLDBET,112da50b2dd8cc123a285ad8e7a98995f05f8e82121b9fc808050108e71b6fb5
295c61439b53dcf7928a0085,Eredivisie,2022/2023,DEVELOPMENT,2022-10-23,15:45,MATCH_KICKOFF_TIME_TIMEZONE_NOT_STATED_BY_SOURCE,,NOT_VERIFIED_DO_NOT_INFER,Utrecht,Sparta Rotterdam,3,1,H,EVALUATION_ONLY_JOIN_AFTER_PREMATCH_FEATURE_FREEZE,1.97,3.54,3.78,EXTERNAL_HISTORICAL_MARKET_BENCHMARK,NOT_AVAILABLE,NOT_GOLDBET,0f28f3fab8ba264f352cb8268d5435a8effcc533f18b0b7629bdc39d16909b88
2574f9f2b6c3ab4ddc0e7347,Eredivisie,2022/2023,DEVELOPMENT,2022-10-23,19:00,MATCH_KICKOFF_TIME_TIMEZONE_NOT_STATED_BY_SOURCE,,NOT_VERIFIED_DO_NOT_INFER,Volendam,Heerenveen,1,3,A,EVALUATION_ONLY_JOIN_AFTER_PREMATCH_FEATURE_FREEZE,3.43,3.81,2,EXTERNAL_HISTORICAL_MARKET_BENCHMARK,NOT_AVAILABLE,NOT_GOLDBET,e997bb87add9bf8b139eaf1cb27f286e050d4d41eec4532e288901213a690966
b6ea59ab6b6943550907c1da,Eredivisie,2022/2023,DEVELOPMENT,2022-10-29,15:30,MATCH_KICKOFF_TIME_TIMEZONE_NOT_STATED_BY_SOURCE,,NOT_VERIFIED_DO_NOT_INFER,Heerenveen,Utrecht,1,2,A,EVALUATION_ONLY_JOIN_AFTER_PREMATCH_FEATURE_FREEZE,2.31,3.49,2.96,EXTERNAL_HISTORICAL_MARKET_BENCHMARK,NOT_AVAILABLE,NOT_GOLDBET,6f69b6770f3da1e06da4ec76e9f4f3061e569daaf2f88e351bf0c2c40ce770b5
18a6a93e9563bea09588850e,Eredivisie,2022/2023,DEVELOPMENT,2022-10-29,17:45,MATCH_KICKOFF_TIME_TIMEZONE_NOT_STATED_BY_SOURCE,,NOT_VERIFIED_DO_NOT_INFER,Sparta Rotterdam,For Sittard,3,1,H,EVALUATION_ONLY_JOIN_AFTER_PREMATCH_FEATURE_FREEZE,1.9,3.71,3.88,EXTERNAL_HISTORICAL_MARKET_BENCHMARK,NOT_AVAILABLE,NOT_GOLDBET,2ba7c486d08f129264e1f0dd80a38d3637f6273714ce6e4aa6d6918f0cb8c376
e4a8250084a995e47224bb89,Eredivisie,2022/2023,DEVELOPMENT,2022-10-29,20:00,MATCH_KICKOFF_TIME_TIMEZONE_NOT_STATED_BY_SOURCE,,NOT_VERIFIED_DO_NOT_INFER,Go Ahead Eagles,Excelsior,3,1,H,EVALUATION_ONLY_JOIN_AFTER_PREMATCH_FEATURE_FREEZE,1.59,4.37,5.11,EXTERNAL_HISTORICAL_MARKET_BENCHMARK,NOT_AVAILABLE,NOT_GOLDBET,16d810cfd28fba9414a35039db346325fd228882bd50af99c300a4f044686ec6
23df8374cd32dd4773f700d6,Eredivisie,2022/2023,DEVELOPMENT,2022-10-30,11:15,MATCH_KICKOFF_TIME_TIMEZONE_NOT_STATED_BY_SOURCE,,NOT_VERIFIED_DO_NOT_INFER,FC Emmen,Groningen,0,0,D,EVALUATION_ONLY_JOIN_AFTER_PREMATCH_FEATURE_FREEZE,2.26,3.43,3.12,EXTERNAL_HISTORICAL_MARKET_BENCHMARK,NOT_AVAILABLE,NOT_GOLDBET,98af6cf5267f2ce15ccff9841c9c24de689ba3b02d412f805f4a9772fa49e073
8c81c8634dd37ba3fce1c3fb,Eredivisie,2022/2023,DEVELOPMENT,2022-10-30,13:30,MATCH_KICKOFF_TIME_TIMEZONE_NOT_STATED_BY_SOURCE,,NOT_VERIFIED_DO_NOT_INFER,PSV Eindhoven,Nijmegen,3,0,H,EVALUATION_ONLY_JOIN_AFTER_PREMATCH_FEATURE_FREEZE,1.2,7.04,12.6,EXTERNAL_HISTORICAL_MARKET_BENCHMARK,NOT_AVAILABLE,NOT_GOLDBET,7e762c66d5655ebe1e8c09ffefd69c3168aaad66617fd9dddb3c30f637f67073
2647aa4c6defaa12046d1aee,Eredivisie,2022/2023,DEVELOPMENT,2022-10-30,13:30,MATCH_KICKOFF_TIME_TIMEZONE_NOT_STATED_BY_SOURCE,,NOT_VERIFIED_DO_NOT_INFER,Twente,Waalwijk,3,0,H,EVALUATION_ONLY_JOIN_AFTER_PREMATCH_FEATURE_FREEZE,1.41,4.94,6.96,EXTERNAL_HISTORICAL_MARKET_BENCHMARK,NOT_AVAILABLE,NOT_GOLDBET,579522404a2214d12ba922ff8b9c02db3f1088a07879b36b416249660e2caa44
18b29af64f1283223c0d91d3,Eredivisie,2022/2023,DEVELOPMENT,2022-10-30,15:45,MATCH_KICKOFF_TIME_TIMEZONE_NOT_STATED_BY_SOURCE,,NOT_VERIFIED_DO_NOT_INFER,AZ Alkmaar,Volendam,2,1,H,EVALUATION_ONLY_JOIN_AFTER_PREMATCH_FEATURE_FREEZE,1.21,7.15,11.76,EXTERNAL_HISTORICAL_MARKET_BENCHMARK,NOT_AVAILABLE,NOT_GOLDBET,75fc2f6d9805d4d35a31068708f6ce763fd4af961f51fdd8e8f185d6bb1a36db
c503e31c35ba2f63e5542b3f,Eredivisie,2022/2023,DEVELOPMENT,2022-11-04,19:00,MATCH_KICKOFF_TIME_TIMEZONE_NOT_STATED_BY_SOURCE,,NOT_VERIFIED_DO_NOT_INFER,Cambuur,Nijmegen,0,1,A,EVALUATION_ONLY_JOIN_AFTER_PREMATCH_FEATURE_FREEZE,2.49,3.38,2.79,EXTERNAL_HISTORICAL_MARKET_BENCHMARK,NOT_AVAILABLE,NOT_GOLDBET,a1af8a7690e2874d48c843842d10cb3dccf9c590a0d3b352424fdfedf4e93189
53e7d0f475a98ce82cb5ea50,Eredivisie,2022/2023,DEVELOPMENT,2022-11-05,15:30,MATCH_KICKOFF_TIME_TIMEZONE_NOT_STATED_BY_SOURCE,,NOT_VERIFIED_DO_NOT_INFER,Vitesse,Sparta Rotterdam,0,4,A,EVALUATION_ONLY_JOIN_AFTER_PREMATCH_FEATURE_FREEZE,2.06,3.42,3.59,EXTERNAL_HISTORICAL_MARKET_BENCHMARK,NOT_AVAILABLE,NOT_GOLDBET,2b5411423ed16564bafead055a3c3a4501b5690ceab3e0567ffc7d22ecdb5ffc
7011f93b52fe42af4595c0de,Eredivisie,2022/2023,DEVELOPMENT,2022-11-05,17:45,MATCH_KICKOFF_TIME_TIMEZONE_NOT_STATED_BY_SOURCE,,NOT_VERIFIED_DO_NOT_INFER,For Sittard,FC Emmen,0,1,A,EVALUATION_ONLY_JOIN_AFTER_PREMATCH_FEATURE_FREEZE,2.38,3.34,2.98,EXTERNAL_HISTORICAL_MARKET_BENCHMARK,NOT_AVAILABLE,NOT_GOLDBET,ef73474b923b5f6cff0e33b2ef8734cdff862b7f2f4065d5d29662fdc66f1b30
38791554067f6c66da7cc436,Eredivisie,2022/2023,DEVELOPMENT,2022-11-05,20:00,MATCH_KICKOFF_TIME_TIMEZONE_NOT_STATED_BY_SOURCE,,NOT_VERIFIED_DO_NOT_INFER,Excelsior,Heerenveen,0,1,A,EVALUATION_ONLY_JOIN_AFTER_PREMATCH_FEATURE_FREEZE,3.45,3.86,1.98,EXTERNAL_HISTORICAL_MARKET_BENCHMARK,NOT_AVAILABLE,NOT_GOLDBET,c794526de1677120ab56b583386f6413024b6908c61e68f94b8eda855cb1bfd8
7656cd23d5315a1f98badb43,Eredivisie,2022/2023,DEVELOPMENT,2022-11-06,11:15,MATCH_KICKOFF_TIME_TIMEZONE_NOT_STATED_BY_SOURCE,,NOT_VERIFIED_DO_NOT_INFER,Utrecht,Groningen,2,1,H,EVALUATION_ONLY_JOIN_AFTER_PREMATCH_FEATURE_FREEZE,1.53,4.33,5.86,EXTERNAL_HISTORICAL_MARKET_BENCHMARK,NOT_AVAILABLE,NOT_GOLDBET,f9fc90dcb34ef2f344bf9d909673c89677878e63d4e4ca22387616195123fcee
d5b9fd1a4f77f67b2a94870e,Eredivisie,2022/2023,DEVELOPMENT,2022-11-06,13:30,MATCH_KICKOFF_TIME_TIMEZONE_NOT_STATED_BY_SOURCE,,NOT_VERIFIED_DO_NOT_INFER,Twente,Go Ahead Eagles,1,1,D,EVALUATION_ONLY_JOIN_AFTER_PREMATCH_FEATURE_FREEZE,1.44,4.68,6.67,EXTERNAL_HISTORICAL_MARKET_BENCHMARK,NOT_AVAILABLE,NOT_GOLDBET,34107ed877da93383fc5a2a9c656d4badbae0dd5fa8b917a1fb0c41e79e62d46
49c3635c0a552f3b3b6131bb,Eredivisie,2022/2023,DEVELOPMENT,2022-11-06,13:30,MATCH_KICKOFF_TIME_TIMEZONE_NOT_STATED_BY_SOURCE,,NOT_VERIFIED_DO_NOT_INFER,Volendam,Feyenoord,0,2,A,EVALUATION_ONLY_JOIN_AFTER_PREMATCH_FEATURE_FREEZE,6.88,5.64,1.36,EXTERNAL_HISTORICAL_MARKET_BENCHMARK,NOT_AVAILABLE,NOT_GOLDBET,cd7cf0662a1b7597815b73e7de5998b8b81d4ecc8fd7cce8375ba057ca5cd5a1
dc78b64e9c1148033d535fe1,Eredivisie,2022/2023,DEVELOPMENT,2022-11-06,15:45,MATCH_KICKOFF_TIME_TIMEZONE_NOT_STATED_BY_SOURCE,,NOT_VERIFIED_DO_NOT_INFER,Ajax,PSV Eindhoven,1,2,A,EVALUATION_ONLY_JOIN_AFTER_PREMATCH_FEATURE_FREEZE,1.99,3.94,3.35,EXTERNAL_HISTORICAL_MARKET_BENCHMARK,NOT_AVAILABLE,NOT_GOLDBET,ddba7903dc9e6e2bb28463280b47bde810470f5726d7c81e0a1f1e5d937f1181
61fd5eccb6c2a131d542dc03,Eredivisie,2022/2023,DEVELOPMENT,2022-11-06,15:45,MATCH_KICKOFF_TIME_TIMEZONE_NOT_STATED_BY_SOURCE,,NOT_VERIFIED_DO_NOT_INFER,Waalwijk,AZ Alkmaar,3,1,H,EVALUATION_ONLY_JOIN_AFTER_PREMATCH_FEATURE_FREEZE,3.49,3.69,2.01,EXTERNAL_HISTORICAL_MARKET_BENCHMARK,NOT_AVAILABLE,NOT_GOLDBET,aa1ed44f6b02705422dcbca3d4d23a2bc19ba725cd27b94e6e2b4e26db26312a
e348b3cae0f7d219dc756a7f,Eredivisie,2022/2023,DEVELOPMENT,2022-11-09,19:00,MATCH_KICKOFF_TIME_TIMEZONE_NOT_STATED_BY_SOURCE,,NOT_VERIFIED_DO_NOT_INFER,Ajax,Vitesse,2,2,D,EVALUATION_ONLY_JOIN_AFTER_PREMATCH_FEATURE_FREEZE,1.15,8.53,14.26,EXTERNAL_HISTORICAL_MARKET_BENCHMARK,NOT_AVAILABLE,NOT_GOLDBET,1c650471c41f6711e71cbd7127f02bca95abd77e4dad946b647324029e3408cc
ca9b1ba59420cf9bb69f7e0f,Eredivisie,2022/2023,DEVELOPMENT,2022-11-10,19:00,MATCH_KICKOFF_TIME_TIMEZONE_NOT_STATED_BY_SOURCE,,NOT_VERIFIED_DO_NOT_INFER,Feyenoord,Cambuur,1,0,H,EVALUATION_ONLY_JOIN_AFTER_PREMATCH_FEATURE_FREEZE,1.15,8.19,16.63,EXTERNAL_HISTORICAL_MARKET_BENCHMARK,NOT_AVAILABLE,NOT_GOLDBET,21662d59cc177c0bbb95b3df1181ede8bc1c428f7fdf81524dce7a887d52cd6d
bfe838d8f7da2b2dae3194e4,Eredivisie,2022/2023,DEVELOPMENT,2022-11-11,19:00,MATCH_KICKOFF_TIME_TIMEZONE_NOT_STATED_BY_SOURCE,,NOT_VERIFIED_DO_NOT_INFER,Sparta Rotterdam,Twente,1,1,D,EVALUATION_ONLY_JOIN_AFTER_PREMATCH_FEATURE_FREEZE,2.92,3.34,2.42,EXTERNAL_HISTORICAL_MARKET_BENCHMARK,NOT_AVAILABLE,NOT_GOLDBET,3a56b8f9f4cf9dc02f8d44ff6ef464f7d8feb130ac1b528ddbccb8690f4f33e7
b835302cc56191f504caad8a,Eredivisie,2022/2023,DEVELOPMENT,2022-11-12,15:30,MATCH_KICKOFF_TIME_TIMEZONE_NOT_STATED_BY_SOURCE,,NOT_VERIFIED_DO_NOT_INFER,Volendam,Utrecht,0,4,A,EVALUATION_ONLY_JOIN_AFTER_PREMATCH_FEATURE_FREEZE,3.55,4.1,1.89,EXTERNAL_HISTORICAL_MARKET_BENCHMARK,NOT_AVAILABLE,NOT_GOLDBET,66c29517019fe6266d5afa5c729905bf44a579f530543706bc06d62acd5eda00
9cd370b5a103a6346aa03af4,Eredivisie,2022/2023,DEVELOPMENT,2022-11-12,17:45,MATCH_KICKOFF_TIME_TIMEZONE_NOT_STATED_BY_SOURCE,,NOT_VERIFIED_DO_NOT_INFER,FC Emmen,Ajax,3,3,D,EVALUATION_ONLY_JOIN_AFTER_PREMATCH_FEATURE_FREEZE,9.84,5.64,1.29,EXTERNAL_HISTORICAL_MARKET_BENCHMARK,NOT_AVAILABLE,NOT_GOLDBET,b31c6e9d06a58ca268300308f9bd19f4b5e1689b8fae095a4485fc11e80918eb
56d1f05501ac532ef1ad20dc,Eredivisie,2022/2023,DEVELOPMENT,2022-11-12,20:00,MATCH_KICKOFF_TIME_TIMEZONE_NOT_STATED_BY_SOURCE,,NOT_VERIFIED_DO_NOT_INFER,PSV Eindhoven,AZ Alkmaar,0,1,A,EVALUATION_ONLY_JOIN_AFTER_PREMATCH_FEATURE_FREEZE,1.49,4.62,5.93,EXTERNAL_HISTORICAL_MARKET_BENCHMARK,NOT_AVAILABLE,NOT_GOLDBET,4ba59459252d8f878db601d2f2ac5b1e27a92bc0a6852393e4a67651ac81fbdd
2fd0cf2c2c953d3c938f46bb,Eredivisie,2022/2023,DEVELOPMENT,2022-11-13,11:15,MATCH_KICKOFF_TIME_TIMEZONE_NOT_STATED_BY_SOURCE,,NOT_VERIFIED_DO_NOT_INFER,Nijmegen,Waalwijk,6,1,H,EVALUATION_ONLY_JOIN_AFTER_PREMATCH_FEATURE_FREEZE,2.11,3.57,3.3,EXTERNAL_HISTORICAL_MARKET_BENCHMARK,NOT_AVAILABLE,NOT_GOLDBET,7e88129a167bf9bf3886b1b670e328614b7371f642ec652880d599f47a9ac5b0
cb3cf89a8b402745e659f279,Eredivisie,2022/2023,DEVELOPMENT,2022-11-13,13:30,MATCH_KICKOFF_TIME_TIMEZONE_NOT_STATED_BY_SOURCE,,NOT_VERIFIED_DO_NOT_INFER,Groningen,For Sittard,2,3,A,EVALUATION_ONLY_JOIN_AFTER_PREMATCH_FEATURE_FREEZE,1.97,3.54,3.79,EXTERNAL_HISTORICAL_MARKET_BENCHMARK,NOT_AVAILABLE,NOT_GOLDBET,aff3728ae609f76cf446ea8052a3f7e336af973a736f27b984a40ef626b37139
44852dc1697b72355f3a3594,Eredivisie,2022/2023,DEVELOPMENT,2022-11-13,13:30,MATCH_KICKOFF_TIME_TIMEZONE_NOT_STATED_BY_SOURCE,,NOT_VERIFIED_DO_NOT_INFER,Heerenveen,Cambuur,2,1,H,EVALUATION_ONLY_JOIN_AFTER_PREMATCH_FEATURE_FREEZE,1.71,3.75,4.87,EXTERNAL_HISTORICAL_MARKET_BENCHMARK,NOT_AVAILABLE,NOT_GOLDBET,585d33e8a3f45dbc35792c8b6f9575ccc241ade7479cdcb5c57d027e082c4c9e
270de42b0fba64b1e1452fd8,Eredivisie,2022/2023,DEVELOPMENT,2022-11-13,15:45,MATCH_KICKOFF_TIME_TIMEZONE_NOT_STATED_BY_SOURCE,,NOT_VERIFIED_DO_NOT_INFER,Feyenoord,Excelsior,5,1,H,EVALUATION_ONLY_JOIN_AFTER_PREMATCH_FEATURE_FREEZE,1.13,9.37,17.1,EXTERNAL_HISTORICAL_MARKET_BENCHMARK,NOT_AVAILABLE,NOT_GOLDBET,131681224f7b9afc7d5f76d062ebd1f342afcd283fa7228ac087c843d5c9c1f5
02b915dd1011a5e271664274,Eredivisie,2022/2023,DEVELOPMENT,2022-11-13,19:00,MATCH_KICKOFF_TIME_TIMEZONE_NOT_STATED_BY_SOURCE,,NOT_VERIFIED_DO_NOT_INFER,Go Ahead Eagles,Vitesse,2,2,D,EVALUATION_ONLY_JOIN_AFTER_PREMATCH_FEATURE_FREEZE,2.17,3.62,3.13,EXTERNAL_HISTORICAL_MARKET_BENCHMARK,NOT_AVAILABLE,NOT_GOLDBET,701251733af1e6dc1c33496dfc64910084c9e996ae493f12631ae9c87dc4463b
523d87caa452c166f674baf1,Eredivisie,2022/2023,DEVELOPMENT,2023-01-06,19:00,MATCH_KICKOFF_TIME_TIMEZONE_NOT_STATED_BY_SOURCE,,NOT_VERIFIED_DO_NOT_INFER,Twente,FC Emmen,2,0,H,EVALUATION_ONLY_JOIN_AFTER_PREMATCH_FEATURE_FREEZE,1.44,4.54,7.19,EXTERNAL_HISTORICAL_MARKET_BENCHMARK,NOT_AVAILABLE,NOT_GOLDBET,2bc930c29e43edf4a48eaf85ad84ae7b0fa8fa09e8a13e2739ea720325fb7198
4d628d323bc3106f40f3e124,Eredivisie,2022/2023,DEVELOPMENT,2023-01-07,15:30,MATCH_KICKOFF_TIME_TIMEZONE_NOT_STATED_BY_SOURCE,,NOT_VERIFIED_DO_NOT_INFER,Waalwijk,Heerenveen,0,0,D,EVALUATION_ONLY_JOIN_AFTER_PREMATCH_FEATURE_FREEZE,2.84,3.46,2.43,EXTERNAL_HISTORICAL_MARKET_BENCHMARK,NOT_AVAILABLE,NOT_GOLDBET,e85b7f7bbbcedb862846f25780d005206ab5e39f3d31873adbf750a5b78366e4
9cc57cce5c18f1786a17d6fb,Eredivisie,2022/2023,DEVELOPMENT,2023-01-07,17:45,MATCH_KICKOFF_TIME_TIMEZONE_NOT_STATED_BY_SOURCE,,NOT_VERIFIED_DO_NOT_INFER,AZ Alkmaar,Vitesse,1,1,D,EVALUATION_ONLY_JOIN_AFTER_PREMATCH_FEATURE_FREEZE,1.54,4.38,5.57,EXTERNAL_HISTORICAL_MARKET_BENCHMARK,NOT_AVAILABLE,NOT_GOLDBET,8205c0dacc1f743a494a076211b0cbfa85e4241840a503acf7bdc5137871f70e
28a5b6b487960125fc0e803c,Eredivisie,2022/2023,DEVELOPMENT,2023-01-07,19:00,MATCH_KICKOFF_TIME_TIMEZONE_NOT_STATED_BY_SOURCE,,NOT_VERIFIED_DO_NOT_INFER,For Sittard,Go Ahead Eagles,0,2,A,EVALUATION_ONLY_JOIN_AFTER_PREMATCH_FEATURE_FREEZE,2.34,3.48,2.95,EXTERNAL_HISTORICAL_MARKET_BENCHMARK,NOT_AVAILABLE,NOT_GOLDBET,e7d8cf107a874b0eb1e41d8cfaac5a3d7b922d37a63f8a2fa91082f00ef41056
71ccd6b342050716fc34cc80,Eredivisie,2022/2023,DEVELOPMENT,2023-01-07,20:00,MATCH_KICKOFF_TIME_TIMEZONE_NOT_STATED_BY_SOURCE,,NOT_VERIFIED_DO_NOT_INFER,PSV Eindhoven,Sparta Rotterdam,0,0,D,EVALUATION_ONLY_JOIN_AFTER_PREMATCH_FEATURE_FREEZE,1.25,6.05,11.28,EXTERNAL_HISTORICAL_MARKET_BENCHMARK,NOT_AVAILABLE,NOT_GOLDBET,cba9c7e12d9a7c2a2bb06acf466d877783c42dda0983d5bc90ef1351bad1709c
25298dcd184120ace1790790,Eredivisie,2022/2023,DEVELOPMENT,2023-01-08,11:15,MATCH_KICKOFF_TIME_TIMEZONE_NOT_STATED_BY_SOURCE,,NOT_VERIFIED_DO_NOT_INFER,Utrecht,Feyenoord,1,1,D,EVALUATION_ONLY_JOIN_AFTER_PREMATCH_FEATURE_FREEZE,3.61,3.78,1.95,EXTERNAL_HISTORICAL_MARKET_BENCHMARK,NOT_AVAILABLE,NOT_GOLDBET,08f73595bc9153a5848a6dfcc5f35cbdda3796ae1948acf1664c9104c7616653
e52f1de063c50416493ac087,Eredivisie,2022/2023,DEVELOPMENT,2023-01-08,13:30,MATCH_KICKOFF_TIME_TIMEZONE_NOT_STATED_BY_SOURCE,,NOT_VERIFIED_DO_NOT_INFER,Cambuur,Volendam,0,3,A,EVALUATION_ONLY_JOIN_AFTER_PREMATCH_FEATURE_FREEZE,1.9,3.76,3.86,EXTERNAL_HISTORICAL_MARKET_BENCHMARK,NOT_AVAILABLE,NOT_GOLDBET,a05904894c3c43d9811c615dd1a18b64bf6d7b87fdd50f0eeac98bf3a6cf04a7
181a569b2cc6ab4b1c8ac3f8,Eredivisie,2022/2023,DEVELOPMENT,2023-01-08,13:30,MATCH_KICKOFF_TIME_TIMEZONE_NOT_STATED_BY_SOURCE,,NOT_VERIFIED_DO_NOT_INFER,Nijmegen,Ajax,1,1,D,EVALUATION_ONLY_JOIN_AFTER_PREMATCH_FEATURE_FREEZE,5.4,4.56,1.54,EXTERNAL_HISTORICAL_MARKET_BENCHMARK,NOT_AVAILABLE,NOT_GOLDBET,5906f6bf712e460b449d63d437dc5bf4dd2f5a0300e180473a4d7501775c5a41
987d79be5421d920543ccce1,Eredivisie,2022/2023,DEVELOPMENT,2023-01-08,15:45,MATCH_KICKOFF_TIME_TIMEZONE_NOT_STATED_BY_SOURCE,,NOT_VERIFIED_DO_NOT_INFER,Excelsior,Groningen,1,0,H,EVALUATION_ONLY_JOIN_AFTER_PREMATCH_FEATURE_FREEZE,2.43,3.54,2.78,EXTERNAL_HISTORICAL_MARKET_BENCHMARK,NOT_AVAILABLE,NOT_GOLDBET,265503d23b8e5a0d38f3655272cc25a7899134c2192b96180c1ebda4a9f82722
80daf8595a2d5f246753ce23,Eredivisie,2022/2023,DEVELOPMENT,2023-01-14,17:45,MATCH_KICKOFF_TIME_TIMEZONE_NOT_STATED_BY_SOURCE,,NOT_VERIFIED_DO_NOT_INFER,Heerenveen,AZ Alkmaar,0,2,A,EVALUATION_ONLY_JOIN_AFTER_PREMATCH_FEATURE_FREEZE,3.41,3.39,2.13,EXTERNAL_HISTORICAL_MARKET_BENCHMARK,NOT_AVAILABLE,NOT_GOLDBET,030265c313ff19dd2e35314201077896b83fedebbf037839cd20b8f0ec074364
9f4821921abe48166db6a777,Eredivisie,2022/2023,DEVELOPMENT,2023-01-14,17:45,MATCH_KICKOFF_TIME_TIMEZONE_NOT_STATED_BY_SOURCE,,NOT_VERIFIED_DO_NOT_INFER,Volendam,Waalwijk,2,1,H,EVALUATION_ONLY_JOIN_AFTER_PREMATCH_FEATURE_FREEZE,2.48,3.62,2.65,EXTERNAL_HISTORICAL_MARKET_BENCHMARK,NOT_AVAILABLE,NOT_GOLDBET,1ea55890d95340aabf12a349957220ca6519f69b0b6b346d94d27b4a17f70efb
fff4060ce8c179b1764e2372,Eredivisie,2022/2023,DEVELOPMENT,2023-01-14,20:00,MATCH_KICKOFF_TIME_TIMEZONE_NOT_STATED_BY_SOURCE,,NOT_VERIFIED_DO_NOT_INFER,Ajax,Twente,0,0,D,EVALUATION_ONLY_JOIN_AFTER_PREMATCH_FEATURE_FREEZE,1.49,4.59,6.01,EXTERNAL_HISTORICAL_MARKET_BENCHMARK,NOT_AVAILABLE,NOT_GOLDBET,476d8b5a1aa46e514c4995bb5e0c0cf4aebc128062183ffb0fd8e7dfbcddc329
67db92f47041ba73661a307c,Eredivisie,2022/2023,DEVELOPMENT,2023-01-14,20:00,MATCH_KICKOFF_TIME_TIMEZONE_NOT_STATED_BY_SOURCE,,NOT_VERIFIED_DO_NOT_INFER,Sparta Rotterdam,Excelsior,1,0,H,EVALUATION_ONLY_JOIN_AFTER_PREMATCH_FEATURE_FREEZE,1.56,4.11,5.91,EXTERNAL_HISTORICAL_MARKET_BENCHMARK,NOT_AVAILABLE,NOT_GOLDBET,51c63f335a1fd01e472b3808b2b25ac6603e6e901e8d2f24a6d85f92342cfd0a
4170e5fc88a192ff316a006c,Eredivisie,2022/2023,DEVELOPMENT,2023-01-15,11:15,MATCH_KICKOFF_TIME_TIMEZONE_NOT_STATED_BY_SOURCE,,NOT_VERIFIED_DO_NOT_INFER,Vitesse,Nijmegen,0,0,D,EVALUATION_ONLY_JOIN_AFTER_PREMATCH_FEATURE_FREEZE,2.19,3.41,3.29,EXTERNAL_HISTORICAL_MARKET_BENCHMARK,NOT_AVAILABLE,NOT_GOLDBET,b6b9a31287aadee6e593641d57e69436803e8345380de4f46c0f651bd500952e
53548732b0e6ba0883706827,Eredivisie,2022/2023,DEVELOPMENT,2023-01-15,13:30,MATCH_KICKOFF_TIME_TIMEZONE_NOT_STATED_BY_SOURCE,,NOT_VERIFIED_DO_NOT_INFER,For Sittard,PSV Eindhoven,2,2,D,EVALUATION_ONLY_JOIN_AFTER_PREMATCH_FEATURE_FREEZE,8.62,5.44,1.33,EXTERNAL_HISTORICAL_MARKET_BENCHMARK,NOT_AVAILABLE,NOT_GOLDBET,72f77ebc1d63e6d98c3597656ad310b5db707e3ebf0f0504dac056fad672b160
83ed6fe8cdf527b9d162c37b,Eredivisie,2022/2023,DEVELOPMENT,2023-01-15,13:30,MATCH_KICKOFF_TIME_TIMEZONE_NOT_STATED_BY_SOURCE,,NOT_VERIFIED_DO_NOT_INFER,Go Ahead Eagles,Utrecht,2,2,D,EVALUATION_ONLY_JOIN_AFTER_PREMATCH_FEATURE_FREEZE,2.88,3.52,2.35,EXTERNAL_HISTORICAL_MARKET_BENCHMARK,NOT_AVAILABLE,NOT_GOLDBET,9f54183e3a38cad183fbc21255ac4a8c92dbee7c1cb52ea83ea41b28277ee759
37aff34ffed3c153c1234751,Eredivisie,2022/2023,DEVELOPMENT,2023-01-15,15:45,MATCH_KICKOFF_TIME_TIMEZONE_NOT_STATED_BY_SOURCE,,NOT_VERIFIED_DO_NOT_INFER,FC Emmen,Cambuur,0,0,D,EVALUATION_ONLY_JOIN_AFTER_PREMATCH_FEATURE_FREEZE,1.9,3.47,4.15,EXTERNAL_HISTORICAL_MARKET_BENCHMARK,NOT_AVAILABLE,NOT_GOLDBET,f5ecb96879ee244ab4dd04c01635c8e1af3228c864bb10e9db418cf93b143ad0
0f0c45bca894beb0e66bef09,Eredivisie,2022/2023,DEVELOPMENT,2023-01-15,15:45,MATCH_KICKOFF_TIME_TIMEZONE_NOT_STATED_BY_SOURCE,,NOT_VERIFIED_DO_NOT_INFER,Groningen,Feyenoord,0,3,A,EVALUATION_ONLY_JOIN_AFTER_PREMATCH_FEATURE_FREEZE,6.99,4.76,1.42,EXTERNAL_HISTORICAL_MARKET_BENCHMARK,NOT_AVAILABLE,NOT_GOLDBET,a6a6d49d9b87d3f6afbab16e3f97142f9832a8826890b5ff53edda5120f7bf9d
19b400097c8564c62cf22869,Eredivisie,2022/2023,DEVELOPMENT,2023-01-20,19:00,MATCH_KICKOFF_TIME_TIMEZONE_NOT_STATED_BY_SOURCE,,NOT_VERIFIED_DO_NOT_INFER,Excelsior,Volendam,2,0,H,EVALUATION_ONLY_JOIN_AFTER_PREMATCH_FEATURE_FREEZE,2.47,3.71,2.62,EXTERNAL_HISTORICAL_MARKET_BENCHMARK,NOT_AVAILABLE,NOT_GOLDBET,519c0dc2f5b6b98c097aa7aef0e3638f75fda2c68fae69f00f3f78224566fbb2
80f756f7deca79b90d3cbf19,Eredivisie,2022/2023,DEVELOPMENT,2023-01-21,17:45,MATCH_KICKOFF_TIME_TIMEZONE_NOT_STATED_BY_SOURCE,,NOT_VERIFIED_DO_NOT_INFER,Nijmegen,FC Emmen,3,1,H,EVALUATION_ONLY_JOIN_AFTER_PREMATCH_FEATURE_FREEZE,2.06,3.32,3.74,EXTERNAL_HISTORICAL_MARKET_BENCHMARK,NOT_AVAILABLE,NOT_GOLDBET,2da42b5b29bc58e03d09d7cbf1bef993c6e9967864e9a81c72883a098469d143
24f58120e0bff0052fdc1fce,Eredivisie,2022/2023,DEVELOPMENT,2023-01-21,19:00,MATCH_KICKOFF_TIME_TIMEZONE_NOT_STATED_BY_SOURCE,,NOT_VERIFIED_DO_NOT_INFER,Cambuur,Sparta Rotterdam,0,3,A,EVALUATION_ONLY_JOIN_AFTER_PREMATCH_FEATURE_FREEZE,3.05,3.12,2.45,EXTERNAL_HISTORICAL_MARKET_BENCHMARK,NOT_AVAILABLE,NOT_GOLDBET,8bd2115bfa499e762fbba86421532ea8766697b01cee27cb052ff18d50a586dc
2bee9cea27288ec9ae2f96e3,Eredivisie,2022/2023,DEVELOPMENT,2023-01-21,19:00,MATCH_KICKOFF_TIME_TIMEZONE_NOT_STATED_BY_SOURCE,,NOT_VERIFIED_DO_NOT_INFER,PSV Eindhoven,Vitesse,1,0,H,EVALUATION_ONLY_JOIN_AFTER_PREMATCH_FEATURE_FREEZE,1.27,5.91,10.19,EXTERNAL_HISTORICAL_MARKET_BENCHMARK,NOT_AVAILABLE,NOT_GOLDBET,552ab102369827e1f5c7be5109c3f693b2049df0954bf11d28f24a25958ea5ab
4c17076c6e19927a019288ba,Eredivisie,2022/2023,DEVELOPMENT,2023-01-22,11:15,MATCH_KICKOFF_TIME_TIMEZONE_NOT_STATED_BY_SOURCE,,NOT_VERIFIED_DO_NOT_INFER,Heerenveen,Groningen,3,1,H,EVALUATION_ONLY_JOIN_AFTER_PREMATCH_FEATURE_FREEZE,1.67,3.69,5.45,EXTERNAL_HISTORICAL_MARKET_BENCHMARK,NOT_AVAILABLE,NOT_GOLDBET,32def03873344b011b3c1d41399b34df225464ef7aff5911ba80e61b6a96e767
afe22ee585d8684aa14bb91a,Eredivisie,2022/2023,DEVELOPMENT,2023-01-22,13:30,MATCH_KICKOFF_TIME_TIMEZONE_NOT_STATED_BY_SOURCE,,NOT_VERIFIED_DO_NOT_INFER,Feyenoord,Ajax,1,1,D,EVALUATION_ONLY_JOIN_AFTER_PREMATCH_FEATURE_FREEZE,2.5,3.53,2.69,EXTERNAL_HISTORICAL_MARKET_BENCHMARK,NOT_AVAILABLE,NOT_GOLDBET,181cc558b24689d2a239ba1626bb87e3df560f1d9cc0ab9dc4fd55d50a6eab85
2590f32c75f0b2a3d2f98487,Eredivisie,2022/2023,DEVELOPMENT,2023-01-22,13:30,MATCH_KICKOFF_TIME_TIMEZONE_NOT_STATED_BY_SOURCE,,NOT_VERIFIED_DO_NOT_INFER,Twente,Utrecht,2,0,H,EVALUATION_ONLY_JOIN_AFTER_PREMATCH_FEATURE_FREEZE,1.63,4.03,5.23,EXTERNAL_HISTORICAL_MARKET_BENCHMARK,NOT_AVAILABLE,NOT_GOLDBET,84792f4ed6bc761269c2553896724c13e4123834eeba10d1109c87e6f1657ec7
7e00f9c137a33ff8f9598e9f,Eredivisie,2022/2023,DEVELOPMENT,2023-01-22,15:45,MATCH_KICKOFF_TIME_TIMEZONE_NOT_STATED_BY_SOURCE,,NOT_VERIFIED_DO_NOT_INFER,AZ Alkmaar,For Sittard,3,1,H,EVALUATION_ONLY_JOIN_AFTER_PREMATCH_FEATURE_FREEZE,1.25,6.19,10.6,EXTERNAL_HISTORICAL_MARKET_BENCHMARK,NOT_AVAILABLE,NOT_GOLDBET,ab0df53eddb1e83796c1d38d52f8d081c0ed444ebf05f8ab43a354aa5e848c99
566b85a7b7ac8a27ce74ba12,Eredivisie,2022/2023,DEVELOPMENT,2023-01-24,17:45,MATCH_KICKOFF_TIME_TIMEZONE_NOT_STATED_BY_SOURCE,,NOT_VERIFIED_DO_NOT_INFER,FC Emmen,PSV Eindhoven,1,0,H,EVALUATION_ONLY_JOIN_AFTER_PREMATCH_FEATURE_FREEZE,6.55,4.38,1.48,EXTERNAL_HISTORICAL_MARKET_BENCHMARK,NOT_AVAILABLE,NOT_GOLDBET,70f4a77af47218b75f35be66d0fadd8787efc2ebf00b4b57c3f423b2537ac475
59f4be616835ea4846b1754f,Eredivisie,2022/2023,DEVELOPMENT,2023-01-24,20:00,MATCH_KICKOFF_TIME_TIMEZONE_NOT_STATED_BY_SOURCE,,NOT_VERIFIED_DO_NOT_INFER,Sparta Rotterdam,Waalwijk,0,0,D,EVALUATION_ONLY_JOIN_AFTER_PREMATCH_FEATURE_FREEZE,1.83,3.59,4.34,EXTERNAL_HISTORICAL_MARKET_BENCHMARK,NOT_AVAILABLE,NOT_GOLDBET,0eeb7eb0f2c67388c437556c37f2d7f8bd8e3b617f4da413a43469e050c5c840
6e85788d4a0812352bc6a7bd,Eredivisie,2022/2023,DEVELOPMENT,2023-01-25,17:45,MATCH_KICKOFF_TIME_TIMEZONE_NOT_STATED_BY_SOURCE,,NOT_VERIFIED_DO_NOT_INFER,Go Ahead Eagles,AZ Alkmaar,1,4,A,EVALUATION_ONLY_JOIN_AFTER_PREMATCH_FEATURE_FREEZE,4.14,3.68,1.84,EXTERNAL_HISTORICAL_MARKET_BENCHMARK,NOT_AVAILABLE,NOT_GOLDBET,96cb7aad7a2e6176f093fe45df213d50ced0ea50979220952943922cfa929ea5
06f732b7b79082d4cb1dfba6,Eredivisie,2022/2023,DEVELOPMENT,2023-01-25,17:45,MATCH_KICKOFF_TIME_TIMEZONE_NOT_STATED_BY_SOURCE,,NOT_VERIFIED_DO_NOT_INFER,Vitesse,Twente,2,2,D,EVALUATION_ONLY_JOIN_AFTER_PREMATCH_FEATURE_FREEZE,3.77,3.41,2.02,EXTERNAL_HISTORICAL_MARKET_BENCHMARK,NOT_AVAILABLE,NOT_GOLDBET,97af078a2f09180f78d182011320dc2cc4cdebed1f4cfd0781c3e68736d722a3
39c3942105d490377e22ff98,Eredivisie,2022/2023,DEVELOPMENT,2023-01-25,19:00,MATCH_KICKOFF_TIME_TIMEZONE_NOT_STATED_BY_SOURCE,,NOT_VERIFIED_DO_NOT_INFER,For Sittard,Heerenveen,2,0,H,EVALUATION_ONLY_JOIN_AFTER_PREMATCH_FEATURE_FREEZE,3.24,3.27,2.26,EXTERNAL_HISTORICAL_MARKET_BENCHMARK,NOT_AVAILABLE,NOT_GOLDBET,d7728b78b53b8d1a69622ead6efd2eb530c0ca310302ee4b6ce882c65e587097
2e3828ba1cba51a4463f7a55,Eredivisie,2022/2023,DEVELOPMENT,2023-01-25,20:00,MATCH_KICKOFF_TIME_TIMEZONE_NOT_STATED_BY_SOURCE,,NOT_VERIFIED_DO_NOT_INFER,Feyenoord,Nijmegen,2,0,H,EVALUATION_ONLY_JOIN_AFTER_PREMATCH_FEATURE_FREEZE,1.29,5.5,10.39,EXTERNAL_HISTORICAL_MARKET_BENCHMARK,NOT_AVAILABLE,NOT_GOLDBET,207d62e2f38230a7c894cc757b8d369734fddc4b685be8d2c107f6bce73f8ef9
0f20d4d7e56e7cd634784f12,Eredivisie,2022/2023,DEVELOPMENT,2023-01-25,20:00,MATCH_KICKOFF_TIME_TIMEZONE_NOT_STATED_BY_SOURCE,,NOT_VERIFIED_DO_NOT_INFER,Utrecht,Excelsior,1,0,H,EVALUATION_ONLY_JOIN_AFTER_PREMATCH_FEATURE_FREEZE,1.4,4.92,7.1,EXTERNAL_HISTORICAL_MARKET_BENCHMARK,NOT_AVAILABLE,NOT_GOLDBET,ea3d00ab36ccdc47144b85692c63daa006608e8913fd7ead8f386719623b0ea9
ce6e2ee028aeee2dadca66c9,Eredivisie,2022/2023,DEVELOPMENT,2023-01-26,17:45,MATCH_KICKOFF_TIME_TIMEZONE_NOT_STATED_BY_SOURCE,,NOT_VERIFIED_DO_NOT_INFER,Groningen,Cambuur,0,1,A,EVALUATION_ONLY_JOIN_AFTER_PREMATCH_FEATURE_FREEZE,2.26,3.24,3.28,EXTERNAL_HISTORICAL_MARKET_BENCHMARK,NOT_AVAILABLE,NOT_GOLDBET,1db1e1fc9bbe6304670f2dfdb1f46f755eda6a61cf2f7448b0948842920905f5
f92444c0c4a70c4d687c7e3e,Eredivisie,2022/2023,DEVELOPMENT,2023-01-26,20:00,MATCH_KICKOFF_TIME_TIMEZONE_NOT_STATED_BY_SOURCE,,NOT_VERIFIED_DO_NOT_INFER,Ajax,Volendam,1,1,D,EVALUATION_ONLY_JOIN_AFTER_PREMATCH_FEATURE_FREEZE,1.09,10.74,20.57,EXTERNAL_HISTORICAL_MARKET_BENCHMARK,NOT_AVAILABLE,NOT_GOLDBET,14b94ebfd5cb384f952ec54aa29da6f257cf2d0df616bbd51027e5a1caffb7d2
0651b0f6219f8dea44bb04f1,Eredivisie,2022/2023,DEVELOPMENT,2023-01-28,15:30,MATCH_KICKOFF_TIME_TIMEZONE_NOT_STATED_BY_SOURCE,,NOT_VERIFIED_DO_NOT_INFER,PSV Eindhoven,Go Ahead Eagles,2,0,H,EVALUATION_ONLY_JOIN_AFTER_PREMATCH_FEATURE_FREEZE,1.21,6.61,13.37,EXTERNAL_HISTORICAL_MARKET_BENCHMARK,NOT_AVAILABLE,NOT_GOLDBET,914cd1816ebd8ee7b26b33c0dcda247c436d7451b45b43bc13b7b20dfb82db28
860ccad7c45d4184082cdfd6,Eredivisie,2022/2023,DEVELOPMENT,2023-01-28,17:45,MATCH_KICKOFF_TIME_TIMEZONE_NOT_STATED_BY_SOURCE,,NOT_VERIFIED_DO_NOT_INFER,Waalwijk,FC Emmen,2,0,H,EVALUATION_ONLY_JOIN_AFTER_PREMATCH_FEATURE_FREEZE,2.21,3.27,3.36,EXTERNAL_HISTORICAL_MARKET_BENCHMARK,NOT_AVAILABLE,NOT_GOLDBET,bb0af577f95a520df39257946bed77f14768f05a04fd04fb00f5d1630058b5f3
e830622242e1d47d73297359,Eredivisie,2022/2023,DEVELOPMENT,2023-01-28,19:00,MATCH_KICKOFF_TIME_TIMEZONE_NOT_STATED_BY_SOURCE,,NOT_VERIFIED_DO_NOT_INFER,Heerenveen,Vitesse,1,3,A,EVALUATION_ONLY_JOIN_AFTER_PREMATCH_FEATURE_FREEZE,2.24,3.32,3.25,EXTERNAL_HISTORICAL_MARKET_BENCHMARK,NOT_AVAILABLE,NOT_GOLDBET,69e4f2eb21d25907d31ba61b16879535b678fe0a9c76143ed88bb90f194c42db
48d57edcfe816d609ca6eb2b,Eredivisie,2022/2023,DEVELOPMENT,2023-01-28,19:00,MATCH_KICKOFF_TIME_TIMEZONE_NOT_STATED_BY_SOURCE,,NOT_VERIFIED_DO_NOT_INFER,Nijmegen,Sparta Rotterdam,1,1,D,EVALUATION_ONLY_JOIN_AFTER_PREMATCH_FEATURE_FREEZE,2.38,3.16,3.14,EXTERNAL_HISTORICAL_MARKET_BENCHMARK,NOT_AVAILABLE,NOT_GOLDBET,60d17ccc66d77c569f09f0e7f856d797cdc73bae2ee9810074049f4c8d375cb0
a5e73480e128546f7e92a576,Eredivisie,2022/2023,DEVELOPMENT,2023-01-28,20:00,MATCH_KICKOFF_TIME_TIMEZONE_NOT_STATED_BY_SOURCE,,NOT_VERIFIED_DO_NOT_INFER,AZ Alkmaar,Utrecht,5,5,D,EVALUATION_ONLY_JOIN_AFTER_PREMATCH_FEATURE_FREEZE,1.62,3.99,5.34,EXTERNAL_HISTORICAL_MARKET_BENCHMARK,NOT_AVAILABLE,NOT_GOLDBET,494191ff4b6dc017a0ffc1e04aad599d21114d0b7959c5b016577ed00528ecc2
eee2027f0790a8a924dd97bf,Eredivisie,2022/2023,DEVELOPMENT,2023-01-29,11:15,MATCH_KICKOFF_TIME_TIMEZONE_NOT_STATED_BY_SOURCE,,NOT_VERIFIED_DO_NOT_INFER,Twente,Feyenoord,1,1,D,EVALUATION_ONLY_JOIN_AFTER_PREMATCH_FEATURE_FREEZE,2.62,3.3,2.69,EXTERNAL_HISTORICAL_MARKET_BENCHMARK,NOT_AVAILABLE,NOT_GOLDBET,9cd24aaa96a6dc60b7cea583ee941736e97c8199f6ec90f323b48ad43fdc9ebe
7e5fa90f963ffbbf2762da7e,Eredivisie,2022/2023,DEVELOPMENT,2023-01-29,13:30,MATCH_KICKOFF_TIME_TIMEZONE_NOT_STATED_BY_SOURCE,,NOT_VERIFIED_DO_NOT_INFER,Excelsior,Ajax,1,4,A,EVALUATION_ONLY_JOIN_AFTER_PREMATCH_FEATURE_FREEZE,11.81,6.8,1.21,EXTERNAL_HISTORICAL_MARKET_BENCHMARK,NOT_AVAILABLE,NOT_GOLDBET,598297d2e9e4e0900a17f809f028481f5c1329ca1016e5a31aad6452dcea7f8b
d9c977585a6a9e1cfc25941b,Eredivisie,2022/2023,DEVELOPMENT,2023-01-29,13:30,MATCH_KICKOFF_TIME_TIMEZONE_NOT_STATED_BY_SOURCE,,NOT_VERIFIED_DO_NOT_INFER,Volendam,Groningen,3,2,H,EVALUATION_ONLY_JOIN_AFTER_PREMATCH_FEATURE_FREEZE,2.3,3.49,2.96,EXTERNAL_HISTORICAL_MARKET_BENCHMARK,NOT_AVAILABLE,NOT_GOLDBET,b75c0e8a73f9e00be900f09959b7f2db2ba2bb185283efcbe1b7f67777036b30
9b2e8bea3b6d9b2f77c60670,Eredivisie,2022/2023,DEVELOPMENT,2023-01-29,15:45,MATCH_KICKOFF_TIME_TIMEZONE_NOT_STATED_BY_SOURCE,,NOT_VERIFIED_DO_NOT_INFER,Cambuur,For Sittard,1,2,A,EVALUATION_ONLY_JOIN_AFTER_PREMATCH_FEATURE_FREEZE,2.4,3.31,2.95,EXTERNAL_HISTORICAL_MARKET_BENCHMARK,NOT_AVAILABLE,NOT_GOLDBET,9913b28e793d2b397e8274f4f34fda962b5793a355699968e872f0142d5c08a7
75c3d26058c7c357b9543f29,Eredivisie,2022/2023,DEVELOPMENT,2023-02-01,19:00,MATCH_KICKOFF_TIME_TIMEZONE_NOT_STATED_BY_SOURCE,,NOT_VERIFIED_DO_NOT_INFER,Waalwijk,Go Ahead Eagles,3,1,H,EVALUATION_ONLY_JOIN_AFTER_PREMATCH_FEATURE_FREEZE,2.36,3.36,2.97,EXTERNAL_HISTORICAL_MARKET_BENCHMARK,NOT_AVAILABLE,NOT_GOLDBET,256186d414fc01e635a6d1fc01db349c3cf461f1d20b5352b03ab2915f9a7d2c
b43f3fcdda9e78eaf55a6ae9,Eredivisie,2022/2023,DEVELOPMENT,2023-02-03,19:00,MATCH_KICKOFF_TIME_TIMEZONE_NOT_STATED_BY_SOURCE,,NOT_VERIFIED_DO_NOT_INFER,For Sittard,Sparta Rotterdam,0,0,D,EVALUATION_ONLY_JOIN_AFTER_PREMATCH_FEATURE_FREEZE,2.5,3.19,2.94,EXTERNAL_HISTORICAL_MARKET_BENCHMARK,NOT_AVAILABLE,NOT_GOLDBET,8adc2324491dffa120a2153bd694ba8b4286a7bb9fd8a650156e9b75e79e4965
066b29cd19902f681368ebe1,Eredivisie,2022/2023,DEVELOPMENT,2023-02-04,17:45,MATCH_KICKOFF_TIME_TIMEZONE_NOT_STATED_BY_SOURCE,,NOT_VERIFIED_DO_NOT_INFER,Volendam,AZ Alkmaar,1,1,D,EVALUATION_ONLY_JOIN_AFTER_PREMATCH_FEATURE_FREEZE,5.72,4.79,1.49,EXTERNAL_HISTORICAL_MARKET_BENCHMARK,NOT_AVAILABLE,NOT_GOLDBET,12a0544dad4d886d4b836e22c8442d07d398abc8e0c5c2f4e27c70bd8aa20940
b0b0ed8e24feb4d627212c8b,Eredivisie,2022/2023,DEVELOPMENT,2023-02-04,19:00,MATCH_KICKOFF_TIME_TIMEZONE_NOT_STATED_BY_SOURCE,,NOT_VERIFIED_DO_NOT_INFER,FC Emmen,Vitesse,2,2,D,EVALUATION_ONLY_JOIN_AFTER_PREMATCH_FEATURE_FREEZE,2.95,3.22,2.43,EXTERNAL_HISTORICAL_MARKET_BENCHMARK,NOT_AVAILABLE,NOT_GOLDBET,d9279fca10b3b32b42dac6b05d408cfc6cfddc074be2886197745d54a1794493
b5e1e6e2c01742766a49c851,Eredivisie,2022/2023,DEVELOPMENT,2023-02-04,19:00,MATCH_KICKOFF_TIME_TIMEZONE_NOT_STATED_BY_SOURCE,,NOT_VERIFIED_DO_NOT_INFER,Utrecht,Heerenveen,1,0,H,EVALUATION_ONLY_JOIN_AFTER_PREMATCH_FEATURE_FREEZE,1.63,4,5.22,EXTERNAL_HISTORICAL_MARKET_BENCHMARK,NOT_AVAILABLE,NOT_GOLDBET,1366733f28a0c2b915b4522b74a5ddccd90fd1c3380d566e59af03ff0d1c5bd0
38419032ffdb27ce63efe035,Eredivisie,2022/2023,DEVELOPMENT,2023-02-04,20:00,MATCH_KICKOFF_TIME_TIMEZONE_NOT_STATED_BY_SOURCE,,NOT_VERIFIED_DO_NOT_INFER,Excelsior,Waalwijk,0,0,D,EVALUATION_ONLY_JOIN_AFTER_PREMATCH_FEATURE_FREEZE,2.74,3.62,2.42,EXTERNAL_HISTORICAL_MARKET_BENCHMARK,NOT_AVAILABLE,NOT_GOLDBET,27daf6de5dbcd863cd76a6a213004e7046e0a2c82c1df32130846a77c755a32b
32bddc6da906aeea4a964320,Eredivisie,2022/2023,DEVELOPMENT,2023-02-05,11:15,MATCH_KICKOFF_TIME_TIMEZONE_NOT_STATED_BY_SOURCE,,NOT_VERIFIED_DO_NOT_INFER,Cambuur,Ajax,0,5,A,EVALUATION_ONLY_JOIN_AFTER_PREMATCH_FEATURE_FREEZE,11.73,6.2,1.24,EXTERNAL_HISTORICAL_MARKET_BENCHMARK,NOT_AVAILABLE,NOT_GOLDBET,c7b46f626a6d9d566206a630803e886da356444a7e2b82ff4e19f2e9ff932df4
d19b26caf15b39a08b61c2b4,Eredivisie,2022/2023,DEVELOPMENT,2023-02-05,13:30,MATCH_KICKOFF_TIME_TIMEZONE_NOT_STATED_BY_SOURCE,,NOT_VERIFIED_DO_NOT_INFER,Feyenoord,PSV Eindhoven,2,2,D,EVALUATION_ONLY_JOIN_AFTER_PREMATCH_FEATURE_FREEZE,2.4,3.39,2.93,EXTERNAL_HISTORICAL_MARKET_BENCHMARK,NOT_AVAILABLE,NOT_GOLDBET,2f6d0a1812e652b9f0e5f3ce697d979bd883fff45c5835e4fcccdb4dbc7af635
4c610bcb0e11b03b9921cc56,Eredivisie,2022/2023,DEVELOPMENT,2023-02-05,13:30,MATCH_KICKOFF_TIME_TIMEZONE_NOT_STATED_BY_SOURCE,,NOT_VERIFIED_DO_NOT_INFER,Go Ahead Eagles,Nijmegen,1,0,H,EVALUATION_ONLY_JOIN_AFTER_PREMATCH_FEATURE_FREEZE,2.53,3.31,2.81,EXTERNAL_HISTORICAL_MARKET_BENCHMARK,NOT_AVAILABLE,NOT_GOLDBET,db6b712d990ebe7944962a683ec42bdb067ce85cf3cfdd8a55f8d4f46490bbd2
476845362e1925881b348673,Eredivisie,2022/2023,DEVELOPMENT,2023-02-05,15:45,MATCH_KICKOFF_TIME_TIMEZONE_NOT_STATED_BY_SOURCE,,NOT_VERIFIED_DO_NOT_INFER,Groningen,Twente,1,1,D,EVALUATION_ONLY_JOIN_AFTER_PREMATCH_FEATURE_FREEZE,5.62,4.03,1.59,EXTERNAL_HISTORICAL_MARKET_BENCHMARK,NOT_AVAILABLE,NOT_GOLDBET,61e9dcbfccc6a9df245fb4bdbf34f1ce352a5f98fda2054c6d85294f79f9a758
1876c6fbb3373a322d7b9cd4,Eredivisie,2022/2023,DEVELOPMENT,2023-02-10,19:00,MATCH_KICKOFF_TIME_TIMEZONE_NOT_STATED_BY_SOURCE,,NOT_VERIFIED_DO_NOT_INFER,AZ Alkmaar,Excelsior,5,0,H,EVALUATION_ONLY_JOIN_AFTER_PREMATCH_FEATURE_FREEZE,1.26,6.1,10.59,EXTERNAL_HISTORICAL_MARKET_BENCHMARK,NOT_AVAILABLE,NOT_GOLDBET,0168618585904001b36f15e7354828740266edfa82009219a8caf22cf46dc8f1
6d5881e9eb790d7179a621af,Eredivisie,2022/2023,DEVELOPMENT,2023-02-11,17:45,MATCH_KICKOFF_TIME_TIMEZONE_NOT_STATED_BY_SOURCE,,NOT_VERIFIED_DO_NOT_INFER,Nijmegen,Cambuur,0,0,D,EVALUATION_ONLY_JOIN_AFTER_PREMATCH_FEATURE_FREEZE,1.58,4.05,5.74,EXTERNAL_HISTORICAL_MARKET_BENCHMARK,NOT_AVAILABLE,NOT_GOLDBET,e385cd85d4a5f22ae87d02fd3f25bcb50ac99b8bb0a4bbadf176d9d1c67ceb2f
b61b6a3a47bc3fd37654cf1f,Eredivisie,2022/2023,DEVELOPMENT,2023-02-11,19:00,MATCH_KICKOFF_TIME_TIMEZONE_NOT_STATED_BY_SOURCE,,NOT_VERIFIED_DO_NOT_INFER,PSV Eindhoven,Groningen,6,0,H,EVALUATION_ONLY_JOIN_AFTER_PREMATCH_FEATURE_FREEZE,1.22,6.53,12.33,EXTERNAL_HISTORICAL_MARKET_BENCHMARK,NOT_AVAILABLE,NOT_GOLDBET,a26d4b974e70363cc7771e38955c1e581ee3f49216e190c6770f40c814584fce
1de8ce5072ddd656d2dcaf5f,Eredivisie,2022/2023,DEVELOPMENT,2023-02-11,20:00,MATCH_KICKOFF_TIME_TIMEZONE_NOT_STATED_BY_SOURCE,,NOT_VERIFIED_DO_NOT_INFER,FC Emmen,For Sittard,0,1,A,EVALUATION_ONLY_JOIN_AFTER_PREMATCH_FEATURE_FREEZE,2.21,3.37,3.29,EXTERNAL_HISTORICAL_MARKET_BENCHMARK,NOT_AVAILABLE,NOT_GOLDBET,0d90df896f9366911db8d1b5600ff1bd22efe3f553298a76c1404a7cdb84f326
260f74802076b64dff64cdc8,Eredivisie,2022/2023,DEVELOPMENT,2023-02-12,11:15,MATCH_KICKOFF_TIME_TIMEZONE_NOT_STATED_BY_SOURCE,,NOT_VERIFIED_DO_NOT_INFER,Sparta Rotterdam,Go Ahead Eagles,2,1,H,EVALUATION_ONLY_JOIN_AFTER_PREMATCH_FEATURE_FREEZE,2.05,3.24,3.89,EXTERNAL_HISTORICAL_MARKET_BENCHMARK,NOT_AVAILABLE,NOT_GOLDBET,b747f16f9d161bc196834e9f7401d48de36fddf24d5ff7daed0e895b6ba7c906
4af8713994cd184311334b46,Eredivisie,2022/2023,DEVELOPMENT,2023-02-12,13:30,MATCH_KICKOFF_TIME_TIMEZONE_NOT_STATED_BY_SOURCE,,NOT_VERIFIED_DO_NOT_INFER,Heerenveen,Feyenoord,1,2,A,EVALUATION_ONLY_JOIN_AFTER_PREMATCH_FEATURE_FREEZE,5.81,4.25,1.55,EXTERNAL_HISTORICAL_MARKET_BENCHMARK,NOT_AVAILABLE,NOT_GOLDBET,a2d5009a146e49fe0c43074fd8a269cd2f3fe05ddf611bda0d7efca57dcecb58
3bab3885c776eb4ab343e10f,Eredivisie,2022/2023,DEVELOPMENT,2023-02-12,13:30,MATCH_KICKOFF_TIME_TIMEZONE_NOT_STATED_BY_SOURCE,,NOT_VERIFIED_DO_NOT_INFER,Vitesse,Utrecht,2,0,H,EVALUATION_ONLY_JOIN_AFTER_PREMATCH_FEATURE_FREEZE,2.52,3.42,2.73,EXTERNAL_HISTORICAL_MARKET_BENCHMARK,NOT_AVAILABLE,NOT_GOLDBET,51aba112224a3d4f1c9ff0d9031ebc05beabfe0bf77e2c564536f9439d7d921f
534860a59e4f78f234906dd2,Eredivisie,2022/2023,DEVELOPMENT,2023-02-12,15:45,MATCH_KICKOFF_TIME_TIMEZONE_NOT_STATED_BY_SOURCE,,NOT_VERIFIED_DO_NOT_INFER,Ajax,Waalwijk,3,1,H,EVALUATION_ONLY_JOIN_AFTER_PREMATCH_FEATURE_FREEZE,1.14,8.33,17.32,EXTERNAL_HISTORICAL_MARKET_BENCHMARK,NOT_AVAILABLE,NOT_GOLDBET,9faf47ad0f490816991590a391a609f1fec7778f6df23c003ebf600efecafd37
447828bd63fd736aae7bf8af,Eredivisie,2022/2023,DEVELOPMENT,2023-02-12,15:45,MATCH_KICKOFF_TIME_TIMEZONE_NOT_STATED_BY_SOURCE,,NOT_VERIFIED_DO_NOT_INFER,Twente,Volendam,3,0,H,EVALUATION_ONLY_JOIN_AFTER_PREMATCH_FEATURE_FREEZE,1.24,6.06,11.11,EXTERNAL_HISTORICAL_MARKET_BENCHMARK,NOT_AVAILABLE,NOT_GOLDBET,3674b5854d660a764f6e58ea5a5c9d96462ff73fed07eebf27536d4e7cecdb0a
fb33026b6b7ff59942e3c5de,Eredivisie,2022/2023,DEVELOPMENT,2023-02-17,19:00,MATCH_KICKOFF_TIME_TIMEZONE_NOT_STATED_BY_SOURCE,,NOT_VERIFIED_DO_NOT_INFER,Waalwijk,For Sittard,3,1,H,EVALUATION_ONLY_JOIN_AFTER_PREMATCH_FEATURE_FREEZE,2.15,3.52,3.28,EXTERNAL_HISTORICAL_MARKET_BENCHMARK,NOT_AVAILABLE,NOT_GOLDBET,bba96319331946ba9b2abbd6d501768eec1fa694aa3bb69929c2eede17823666
1eb2ef7cbb7fd482e54fc0e4,Eredivisie,2022/2023,DEVELOPMENT,2023-02-18,15:30,MATCH_KICKOFF_TIME_TIMEZONE_NOT_STATED_BY_SOURCE,,NOT_VERIFIED_DO_NOT_INFER,Volendam,Vitesse,2,0,H,EVALUATION_ONLY_JOIN_AFTER_PREMATCH_FEATURE_FREEZE,4.06,3.82,1.84,EXTERNAL_HISTORICAL_MARKET_BENCHMARK,NOT_AVAILABLE,NOT_GOLDBET,4cdc7f1e544a2896b49ef01bfa629686883678bfedf0b04702d9312362d2b579
4c456caf62de859cb28fc443,Eredivisie,2022/2023,DEVELOPMENT,2023-02-18,17:45,MATCH_KICKOFF_TIME_TIMEZONE_NOT_STATED_BY_SOURCE,,NOT_VERIFIED_DO_NOT_INFER,Groningen,FC Emmen,1,1,D,EVALUATION_ONLY_JOIN_AFTER_PREMATCH_FEATURE_FREEZE,2.47,3.17,3,EXTERNAL_HISTORICAL_MARKET_BENCHMARK,NOT_AVAILABLE,NOT_GOLDBET,c157e4fe55be97506e4485a2de41f49b5472138fd49228f5be14b5c050f4c123
9e4669cdd4a6709c526f3aae,Eredivisie,2022/2023,DEVELOPMENT,2023-02-18,20:00,MATCH_KICKOFF_TIME_TIMEZONE_NOT_STATED_BY_SOURCE,,NOT_VERIFIED_DO_NOT_INFER,Feyenoord,AZ Alkmaar,2,1,H,EVALUATION_ONLY_JOIN_AFTER_PREMATCH_FEATURE_FREEZE,1.84,3.85,3.93,EXTERNAL_HISTORICAL_MARKET_BENCHMARK,NOT_AVAILABLE,NOT_GOLDBET,ad3ac04d6daa141e718fd99fed60c6f473b04638e0d86129ba53a06f1b7f9ffe
91a0278fd006f79b73510489,Eredivisie,2022/2023,DEVELOPMENT,2023-02-19,11:15,MATCH_KICKOFF_TIME_TIMEZONE_NOT_STATED_BY_SOURCE,,NOT_VERIFIED_DO_NOT_INFER,Cambuur,Heerenveen,1,2,A,EVALUATION_ONLY_JOIN_AFTER_PREMATCH_FEATURE_FREEZE,3.26,3.32,2.23,EXTERNAL_HISTORICAL_MARKET_BENCHMARK,NOT_AVAILABLE,NOT_GOLDBET,84f55a4a7aa8e15fbea815a4fbf96a5d889c15f525b71db976a752d8a38afcb7
a6ed7d6f5993d4a5db84a9a6,Eredivisie,2022/2023,DEVELOPMENT,2023-02-19,13:30,MATCH_KICKOFF_TIME_TIMEZONE_NOT_STATED_BY_SOURCE,,NOT_VERIFIED_DO_NOT_INFER,Go Ahead Eagles,Twente,2,0,H,EVALUATION_ONLY_JOIN_AFTER_PREMATCH_FEATURE_FREEZE,3.41,3.44,2.12,EXTERNAL_HISTORICAL_MARKET_BENCHMARK,NOT_AVAILABLE,NOT_GOLDBET,bf4e3824cda25d045c3daa6a5eef42ded5123ec6372afa817365c3dad9cc3603
7e895a32e342fc9f06403a43,Eredivisie,2022/2023,DEVELOPMENT,2023-02-19,13:30,MATCH_KICKOFF_TIME_TIMEZONE_NOT_STATED_BY_SOURCE,,NOT_VERIFIED_DO_NOT_INFER,Utrecht,PSV Eindhoven,2,2,D,EVALUATION_ONLY_JOIN_AFTER_PREMATCH_FEATURE_FREEZE,3.61,3.64,1.99,EXTERNAL_HISTORICAL_MARKET_BENCHMARK,NOT_AVAILABLE,NOT_GOLDBET,af442549c77f82e630a35cf6c259598e83b88b5a3b3ec73ff0c336fb80bebabd
998eba189c9f4d683d431db7,Eredivisie,2022/2023,DEVELOPMENT,2023-02-19,15:45,MATCH_KICKOFF_TIME_TIMEZONE_NOT_STATED_BY_SOURCE,,NOT_VERIFIED_DO_NOT_INFER,Ajax,Sparta Rotterdam,4,0,H,EVALUATION_ONLY_JOIN_AFTER_PREMATCH_FEATURE_FREEZE,1.23,6.35,12.26,EXTERNAL_HISTORICAL_MARKET_BENCHMARK,NOT_AVAILABLE,NOT_GOLDBET,4228f0005c86e6264903c5415b854b3363233afe6d2926c1c56877639758efd0
3ae0b131b83dddc17a7fc674,Eredivisie,2022/2023,DEVELOPMENT,2023-02-19,19:00,MATCH_KICKOFF_TIME_TIMEZONE_NOT_STATED_BY_SOURCE,,NOT_VERIFIED_DO_NOT_INFER,Excelsior,Nijmegen,0,3,A,EVALUATION_ONLY_JOIN_AFTER_PREMATCH_FEATURE_FREEZE,3.3,3.47,2.16,EXTERNAL_HISTORICAL_MARKET_BENCHMARK,NOT_AVAILABLE,NOT_GOLDBET,37732d773b7af1f745bb88f33a8b1f7e2f474c5c08789b905ff8c67c0bfba028
7f13a4a8a0afe9804d326d41,Eredivisie,2022/2023,DEVELOPMENT,2023-02-24,19:00,MATCH_KICKOFF_TIME_TIMEZONE_NOT_STATED_BY_SOURCE,,NOT_VERIFIED_DO_NOT_INFER,Sparta Rotterdam,Utrecht,0,3,A,EVALUATION_ONLY_JOIN_AFTER_PREMATCH_FEATURE_FREEZE,2.92,3.23,2.5,EXTERNAL_HISTORICAL_MARKET_BENCHMARK,NOT_AVAILABLE,NOT_GOLDBET,0362c382bc96bc16a7611050fb3b5d35a3d277ffe62df41ad6f8890fc77989e7
4eb50ab3c1c4e956ca703274,Eredivisie,2022/2023,DEVELOPMENT,2023-02-25,15:30,MATCH_KICKOFF_TIME_TIMEZONE_NOT_STATED_BY_SOURCE,,NOT_VERIFIED_DO_NOT_INFER,Groningen,Excelsior,3,0,H,EVALUATION_ONLY_JOIN_AFTER_PREMATCH_FEATURE_FREEZE,1.72,3.94,4.61,EXTERNAL_HISTORICAL_MARKET_BENCHMARK,NOT_AVAILABLE,NOT_GOLDBET,126bc152c61eb2a32cbb55d1abefcc9133e6e315d9907e333f90be02b2f6ee90
e73d6d76fbf2e022ec234701,Eredivisie,2022/2023,DEVELOPMENT,2023-02-25,17:45,MATCH_KICKOFF_TIME_TIMEZONE_NOT_STATED_BY_SOURCE,,NOT_VERIFIED_DO_NOT_INFER,Heerenveen,Waalwijk,1,4,A,EVALUATION_ONLY_JOIN_AFTER_PREMATCH_FEATURE_FREEZE,1.98,3.59,3.7,EXTERNAL_HISTORICAL_MARKET_BENCHMARK,NOT_AVAILABLE,NOT_GOLDBET,a74a328311096df31c7a018a19b78fee2e2b06bfdaa4691c00a06e47405448c7
f2822a1ae4f47e47135b65e2,Eredivisie,2022/2023,DEVELOPMENT,2023-02-25,19:00,MATCH_KICKOFF_TIME_TIMEZONE_NOT_STATED_BY_SOURCE,,NOT_VERIFIED_DO_NOT_INFER,AZ Alkmaar,Cambuur,2,1,H,EVALUATION_ONLY_JOIN_AFTER_PREMATCH_FEATURE_FREEZE,1.25,5.98,11.8,EXTERNAL_HISTORICAL_MARKET_BENCHMARK,NOT_AVAILABLE,NOT_GOLDBET,0d0bbd9e306fe7f09cefff5ed04a15bc7e047d0490e8f02e089b58a1a6f56edb
145ed88af4c9712eb1b1a555,Eredivisie,2022/2023,DEVELOPMENT,2023-02-25,20:00,MATCH_KICKOFF_TIME_TIMEZONE_NOT_STATED_BY_SOURCE,,NOT_VERIFIED_DO_NOT_INFER,Nijmegen,Volendam,3,0,H,EVALUATION_ONLY_JOIN_AFTER_PREMATCH_FEATURE_FREEZE,1.42,4.7,7.27,EXTERNAL_HISTORICAL_MARKET_BENCHMARK,NOT_AVAILABLE,NOT_GOLDBET,697d009a776961b60ffa46309579e9b999fe5f70c0cdfdcc0a9cefc2feeb83a1
0b4086fb3306ed99477af6de,Eredivisie,2022/2023,DEVELOPMENT,2023-02-26,11:15,MATCH_KICKOFF_TIME_TIMEZONE_NOT_STATED_BY_SOURCE,,NOT_VERIFIED_DO_NOT_INFER,For Sittard,Feyenoord,2,4,A,EVALUATION_ONLY_JOIN_AFTER_PREMATCH_FEATURE_FREEZE,7.72,5.09,1.37,EXTERNAL_HISTORICAL_MARKET_BENCHMARK,NOT_AVAILABLE,NOT_GOLDBET,31370bcc76c17539766bd04fdded566beff171e9a129209656f7603835a68eba
3993882f24d6fc56ab3b4dbd,Eredivisie,2022/2023,DEVELOPMENT,2023-02-26,13:30,MATCH_KICKOFF_TIME_TIMEZONE_NOT_STATED_BY_SOURCE,,NOT_VERIFIED_DO_NOT_INFER,FC Emmen,Go Ahead Eagles,2,2,D,EVALUATION_ONLY_JOIN_AFTER_PREMATCH_FEATURE_FREEZE,2.49,3.14,3,EXTERNAL_HISTORICAL_MARKET_BENCHMARK,NOT_AVAILABLE,NOT_GOLDBET,152e36665b8495a9976f5813d06a2e67db05026f3e4504d58e8a2a4a0a9fdb3c
73601a30743dcd6000887222,Eredivisie,2022/2023,DEVELOPMENT,2023-02-26,13:30,MATCH_KICKOFF_TIME_TIMEZONE_NOT_STATED_BY_SOURCE,,NOT_VERIFIED_DO_NOT_INFER,Vitesse,Ajax,1,2,A,EVALUATION_ONLY_JOIN_AFTER_PREMATCH_FEATURE_FREEZE,6.75,4.85,1.43,EXTERNAL_HISTORICAL_MARKET_BENCHMARK,NOT_AVAILABLE,NOT_GOLDBET,ca8e74a580b7000f666b71d85b3650c9d8eda997a1a6d0f0941884fd1577f4c4
f95c8cde3ad5a081750dddb9,Eredivisie,2022/2023,DEVELOPMENT,2023-02-26,15:45,MATCH_KICKOFF_TIME_TIMEZONE_NOT_STATED_BY_SOURCE,,NOT_VERIFIED_DO_NOT_INFER,PSV Eindhoven,Twente,3,1,H,EVALUATION_ONLY_JOIN_AFTER_PREMATCH_FEATURE_FREEZE,1.61,4.06,5.37,EXTERNAL_HISTORICAL_MARKET_BENCHMARK,NOT_AVAILABLE,NOT_GOLDBET,71e80406609300d5a3f074c7e8c57ee5c4aa0c3bdc88ecfd7295ae5d5e32dc06
ff7c6fdb9fba5c8820052bf3,Eredivisie,2022/2023,DEVELOPMENT,2023-03-03,19:00,MATCH_KICKOFF_TIME_TIMEZONE_NOT_STATED_BY_SOURCE,,NOT_VERIFIED_DO_NOT_INFER,Utrecht,For Sittard,1,2,A,EVALUATION_ONLY_JOIN_AFTER_PREMATCH_FEATURE_FREEZE,1.58,4.2,5.48,EXTERNAL_HISTORICAL_MARKET_BENCHMARK,NOT_AVAILABLE,NOT_GOLDBET,e7f4d51f0448b7f719ebf7cf7528e64ac56239970a3effaab057b26d6cd97c88
27890f2b7e844b63c2584e67,Eredivisie,2022/2023,DEVELOPMENT,2023-03-03,19:00,MATCH_KICKOFF_TIME_TIMEZONE_NOT_STATED_BY_SOURCE,,NOT_VERIFIED_DO_NOT_INFER,Vitesse,AZ Alkmaar,0,1,A,EVALUATION_ONLY_JOIN_AFTER_PREMATCH_FEATURE_FREEZE,3.03,3.37,2.34,EXTERNAL_HISTORICAL_MARKET_BENCHMARK,NOT_AVAILABLE,NOT_GOLDBET,01d19d3e0034d317b6e5b658747282e163f6984aac96a779b4246196164967b3
93a50b00c5161e0a037aef34,Eredivisie,2022/2023,DEVELOPMENT,2023-03-04,17:45,MATCH_KICKOFF_TIME_TIMEZONE_NOT_STATED_BY_SOURCE,,NOT_VERIFIED_DO_NOT_INFER,Volendam,FC Emmen,3,1,H,EVALUATION_ONLY_JOIN_AFTER_PREMATCH_FEATURE_FREEZE,2.41,3.33,2.92,EXTERNAL_HISTORICAL_MARKET_BENCHMARK,NOT_AVAILABLE,NOT_GOLDBET,78a3970725379ce3083aad571cb8ea3bd0f81301bbfaae9b93eaf55f35866808
2c1da23bbcaeff30e6a0e3e5,Eredivisie,2022/2023,DEVELOPMENT,2023-03-04,19:00,MATCH_KICKOFF_TIME_TIMEZONE_NOT_STATED_BY_SOURCE,,NOT_VERIFIED_DO_NOT_INFER,Feyenoord,Groningen,1,0,H,EVALUATION_ONLY_JOIN_AFTER_PREMATCH_FEATURE_FREEZE,1.17,7.46,14.32,EXTERNAL_HISTORICAL_MARKET_BENCHMARK,NOT_AVAILABLE,NOT_GOLDBET,05bffe3ad098a022d1f3d26b000335401ac6e09d9e9d1c359cada252d3236177
054d6bcf160f5fc5c0b9417b,Eredivisie,2022/2023,DEVELOPMENT,2023-03-04,20:00,MATCH_KICKOFF_TIME_TIMEZONE_NOT_STATED_BY_SOURCE,,NOT_VERIFIED_DO_NOT_INFER,Twente,Heerenveen,3,3,D,EVALUATION_ONLY_JOIN_AFTER_PREMATCH_FEATURE_FREEZE,1.54,4.1,6.11,EXTERNAL_HISTORICAL_MARKET_BENCHMARK,NOT_AVAILABLE,NOT_GOLDBET,43fcbc2374eb5258e3b53ffca1460ea5282b6fa488a27118f408bfc3689bd617
21c86b76623e88ddbc7ffb70,Eredivisie,2022/2023,DEVELOPMENT,2023-03-05,11:15,MATCH_KICKOFF_TIME_TIMEZONE_NOT_STATED_BY_SOURCE,,NOT_VERIFIED_DO_NOT_INFER,Excelsior,Sparta Rotterdam,1,4,A,EVALUATION_ONLY_JOIN_AFTER_PREMATCH_FEATURE_FREEZE,3.9,3.48,1.96,EXTERNAL_HISTORICAL_MARKET_BENCHMARK,NOT_AVAILABLE,NOT_GOLDBET,bdc501b245aa1805725f20b00e792280d4ae9f3b4ee8e84e6d0b80bda1aee08d
0fd42bfae372ac1b5f9dcd82,Eredivisie,2022/2023,DEVELOPMENT,2023-03-05,13:30,MATCH_KICKOFF_TIME_TIMEZONE_NOT_STATED_BY_SOURCE,,NOT_VERIFIED_DO_NOT_INFER,Waalwijk,PSV Eindhoven,0,1,A,EVALUATION_ONLY_JOIN_AFTER_PREMATCH_FEATURE_FREEZE,6.48,5.04,1.42,EXTERNAL_HISTORICAL_MARKET_BENCHMARK,NOT_AVAILABLE,NOT_GOLDBET,676a42178635019baa0b1862c70732c83b47bf5b32444223d7b0eb523ae0258c
80c6825947c17ba288a1d163,Eredivisie,2022/2023,DEVELOPMENT,2023-03-05,15:45,MATCH_KICKOFF_TIME_TIMEZONE_NOT_STATED_BY_SOURCE,,NOT_VERIFIED_DO_NOT_INFER,Ajax,Nijmegen,1,0,H,EVALUATION_ONLY_JOIN_AFTER_PREMATCH_FEATURE_FREEZE,1.19,7.06,13.52,EXTERNAL_HISTORICAL_MARKET_BENCHMARK,NOT_AVAILABLE,NOT_GOLDBET,243328daba7cf33c01ca352c305bfc8bd1968a364c40746689c940f032548c1e
f18ba2cc19904afc548dcfed,Eredivisie,2022/2023,DEVELOPMENT,2023-03-05,19:00,MATCH_KICKOFF_TIME_TIMEZONE_NOT_STATED_BY_SOURCE,,NOT_VERIFIED_DO_NOT_INFER,Cambuur,Go Ahead Eagles,4,1,H,EVALUATION_ONLY_JOIN_AFTER_PREMATCH_FEATURE_FREEZE,2.69,3.26,2.67,EXTERNAL_HISTORICAL_MARKET_BENCHMARK,NOT_AVAILABLE,NOT_GOLDBET,ba430a8aa85e6d556f751e47ee5ca8bf327f020bdf103ba0fa77205404312c4e
ef79bd409273a1a878b0957d,Eredivisie,2022/2023,DEVELOPMENT,2023-03-11,15:30,MATCH_KICKOFF_TIME_TIMEZONE_NOT_STATED_BY_SOURCE,,NOT_VERIFIED_DO_NOT_INFER,FC Emmen,Excelsior,2,0,H,EVALUATION_ONLY_JOIN_AFTER_PREMATCH_FEATURE_FREEZE,1.67,3.83,5.11,EXTERNAL_HISTORICAL_MARKET_BENCHMARK,NOT_AVAILABLE,NOT_GOLDBET,04b664058efacb34b35321e9b485d02b9f45f653ce7c5294a891eba72b17edc3
f642184f20f7682626c0235c,Eredivisie,2022/2023,DEVELOPMENT,2023-03-11,17:45,MATCH_KICKOFF_TIME_TIMEZONE_NOT_STATED_BY_SOURCE,,NOT_VERIFIED_DO_NOT_INFER,For Sittard,Twente,0,3,A,EVALUATION_ONLY_JOIN_AFTER_PREMATCH_FEATURE_FREEZE,4.18,3.69,1.83,EXTERNAL_HISTORICAL_MARKET_BENCHMARK,NOT_AVAILABLE,NOT_GOLDBET,eeaf24b9214ceaca7d2e890b8d74a4a014b647dcd93c9a29471e997f7d3a2fba
c9977de895146030a4a60c2f,Eredivisie,2022/2023,DEVELOPMENT,2023-03-11,19:00,MATCH_KICKOFF_TIME_TIMEZONE_NOT_STATED_BY_SOURCE,,NOT_VERIFIED_DO_NOT_INFER,AZ Alkmaar,Groningen,1,0,H,EVALUATION_ONLY_JOIN_AFTER_PREMATCH_FEATURE_FREEZE,1.35,4.93,8.81,EXTERNAL_HISTORICAL_MARKET_BENCHMARK,NOT_AVAILABLE,NOT_GOLDBET,df3492687dc5371654414fdf02bcad105dd357002e92503f0a3f56ed5d3ea08c
1ee1c99b0a18dc97ed90a12b,Eredivisie,2022/2023,DEVELOPMENT,2023-03-11,20:00,MATCH_KICKOFF_TIME_TIMEZONE_NOT_STATED_BY_SOURCE,,NOT_VERIFIED_DO_NOT_INFER,Sparta Rotterdam,Vitesse,3,1,H,EVALUATION_ONLY_JOIN_AFTER_PREMATCH_FEATURE_FREEZE,2.77,3.26,2.56,EXTERNAL_HISTORICAL_MARKET_BENCHMARK,NOT_AVAILABLE,NOT_GOLDBET,0e26da3da43cd37d8fea80eff4bf59f4a3461d22f65bd8c142e69b69bb974758
c343ad3119f04f4de9a81389,Eredivisie,2022/2023,DEVELOPMENT,2023-03-12,11:15,MATCH_KICKOFF_TIME_TIMEZONE_NOT_STATED_BY_SOURCE,,NOT_VERIFIED_DO_NOT_INFER,Nijmegen,Utrecht,2,2,D,EVALUATION_ONLY_JOIN_AFTER_PREMATCH_FEATURE_FREEZE,2.54,3.41,2.7,EXTERNAL_HISTORICAL_MARKET_BENCHMARK,NOT_AVAILABLE,NOT_GOLDBET,cae9c4da179b4f77f1679fa5292543de51c35a056df4fc8da8799f2c6bcab829
19ad1717cf807be76d55e777,Eredivisie,2022/2023,DEVELOPMENT,2023-03-12,13:30,MATCH_KICKOFF_TIME_TIMEZONE_NOT_STATED_BY_SOURCE,,NOT_VERIFIED_DO_NOT_INFER,Heerenveen,Ajax,2,4,A,EVALUATION_ONLY_JOIN_AFTER_PREMATCH_FEATURE_FREEZE,7.84,5.1,1.36,EXTERNAL_HISTORICAL_MARKET_BENCHMARK,NOT_AVAILABLE,NOT_GOLDBET,22049ec64894635c9ec74e1f9ba27cfd1054d74882d90b3126e082373261a93d
b6b5a0ac3320ceab29ec3cd5,Eredivisie,2022/2023,DEVELOPMENT,2023-03-12,15:45,MATCH_KICKOFF_TIME_TIMEZONE_NOT_STATED_BY_SOURCE,,NOT_VERIFIED_DO_NOT_INFER,PSV Eindhoven,Cambuur,5,2,H,EVALUATION_ONLY_JOIN_AFTER_PREMATCH_FEATURE_FREEZE,1.13,8.8,18.59,EXTERNAL_HISTORICAL_MARKET_BENCHMARK,NOT_AVAILABLE,NOT_GOLDBET,e1d2ed719ec578d0c8c14c6b39c2f6ee23a543a77efa91c2721fb7cb583ec315
257d4272847455985e83ad5a,Eredivisie,2022/2023,DEVELOPMENT,2023-03-12,19:00,MATCH_KICKOFF_TIME_TIMEZONE_NOT_STATED_BY_SOURCE,,NOT_VERIFIED_DO_NOT_INFER,Feyenoord,Volendam,2,1,H,EVALUATION_ONLY_JOIN_AFTER_PREMATCH_FEATURE_FREEZE,1.12,9.12,18.64,EXTERNAL_HISTORICAL_MARKET_BENCHMARK,NOT_AVAILABLE,NOT_GOLDBET,dbeb5bfbbdbadfaea5df322d2f73e9016456c890e64f61cd3579f2d6cf0c7da2
213a94919eb74e6ca2e4cde6,Eredivisie,2022/2023,DEVELOPMENT,2023-03-17,19:00,MATCH_KICKOFF_TIME_TIMEZONE_NOT_STATED_BY_SOURCE,,NOT_VERIFIED_DO_NOT_INFER,Volendam,For Sittard,2,1,H,EVALUATION_ONLY_JOIN_AFTER_PREMATCH_FEATURE_FREEZE,2.44,3.6,2.72,EXTERNAL_HISTORICAL_MARKET_BENCHMARK,NOT_AVAILABLE,NOT_GOLDBET,9f1a23731cfbc8ac6bf9a5a1603fd510e706911b0124911c51b3b607fd7f6323
20cc84c534ff8803560d273a,Eredivisie,2022/2023,DEVELOPMENT,2023-03-18,15:30,MATCH_KICKOFF_TIME_TIMEZONE_NOT_STATED_BY_SOURCE,,NOT_VERIFIED_DO_NOT_INFER,Utrecht,Go Ahead Eagles,1,2,A,EVALUATION_ONLY_JOIN_AFTER_PREMATCH_FEATURE_FREEZE,1.79,3.83,4.31,EXTERNAL_HISTORICAL_MARKET_BENCHMARK,NOT_AVAILABLE,NOT_GOLDBET,4ca2e334463ef529baf0690476d7d1af2cb39405021bb2e00da304c33969da91
45d5a41fd576a4859143dbd1,Eredivisie,2022/2023,DEVELOPMENT,2023-03-18,17:45,MATCH_KICKOFF_TIME_TIMEZONE_NOT_STATED_BY_SOURCE,,NOT_VERIFIED_DO_NOT_INFER,FC Emmen,Sparta Rotterdam,0,2,A,EVALUATION_ONLY_JOIN_AFTER_PREMATCH_FEATURE_FREEZE,2.8,3.06,2.7,EXTERNAL_HISTORICAL_MARKET_BENCHMARK,NOT_AVAILABLE,NOT_GOLDBET,83b9cdf70515612524a9aa0744e0a3f751a5f188514d420cb44a4a3b0207f719
748ac76ab177a29029287c35,Eredivisie,2022/2023,DEVELOPMENT,2023-03-18,20:00,MATCH_KICKOFF_TIME_TIMEZONE_NOT_STATED_BY_SOURCE,,NOT_VERIFIED_DO_NOT_INFER,Waalwijk,Nijmegen,1,3,A,EVALUATION_ONLY_JOIN_AFTER_PREMATCH_FEATURE_FREEZE,2.79,3.42,2.47,EXTERNAL_HISTORICAL_MARKET_BENCHMARK,NOT_AVAILABLE,NOT_GOLDBET,d2ce8182cdbb231f637c3ab34ae5d85977a54352d889ac6f07e0bc4938432399
e7d242da34e9fa22a3cadd20,Eredivisie,2022/2023,DEVELOPMENT,2023-03-19,11:15,MATCH_KICKOFF_TIME_TIMEZONE_NOT_STATED_BY_SOURCE,,NOT_VERIFIED_DO_NOT_INFER,Groningen,Heerenveen,0,2,A,EVALUATION_ONLY_JOIN_AFTER_PREMATCH_FEATURE_FREEZE,2.82,3.29,2.51,EXTERNAL_HISTORICAL_MARKET_BENCHMARK,NOT_AVAILABLE,NOT_GOLDBET,a9b0784e3c22bdfb44c10bdeade909b804a463eaddd8556289f4a09d16d5d021
40ace819729d92979c909000,Eredivisie,2022/2023,DEVELOPMENT,2023-03-19,13:30,MATCH_KICKOFF_TIME_TIMEZONE_NOT_STATED_BY_SOURCE,,NOT_VERIFIED_DO_NOT_INFER,Ajax,Feyenoord,2,3,A,EVALUATION_ONLY_JOIN_AFTER_PREMATCH_FEATURE_FREEZE,1.81,3.8,4.16,EXTERNAL_HISTORICAL_MARKET_BENCHMARK,NOT_AVAILABLE,NOT_GOLDBET,3029063c72a4b9e084225bcbf8ac0404281bd0352853aa42372892f77c8cbbfc
8b8d057e5ad9201d9688419f,Eredivisie,2022/2023,DEVELOPMENT,2023-03-19,13:30,MATCH_KICKOFF_TIME_TIMEZONE_NOT_STATED_BY_SOURCE,,NOT_VERIFIED_DO_NOT_INFER,Excelsior,Cambuur,4,1,H,EVALUATION_ONLY_JOIN_AFTER_PREMATCH_FEATURE_FREEZE,2.44,3.53,2.77,EXTERNAL_HISTORICAL_MARKET_BENCHMARK,NOT_AVAILABLE,NOT_GOLDBET,74c42bbc4f76fcf9b5e67028383388e1b87d5fa2518ff5ab7a819e4514dba8de
d30879c13567e536e3a0aba2,Eredivisie,2022/2023,DEVELOPMENT,2023-03-19,15:45,MATCH_KICKOFF_TIME_TIMEZONE_NOT_STATED_BY_SOURCE,,NOT_VERIFIED_DO_NOT_INFER,Vitesse,PSV Eindhoven,1,1,D,EVALUATION_ONLY_JOIN_AFTER_PREMATCH_FEATURE_FREEZE,5.84,4.42,1.52,EXTERNAL_HISTORICAL_MARKET_BENCHMARK,NOT_AVAILABLE,NOT_GOLDBET,932ed362151498dd139e6576a1635838bdd687ad0c94aa278a36f5770854cc48
3c9433e93b5669ddf773de03,Eredivisie,2022/2023,DEVELOPMENT,2023-03-19,19:00,MATCH_KICKOFF_TIME_TIMEZONE_NOT_STATED_BY_SOURCE,,NOT_VERIFIED_DO_NOT_INFER,Twente,AZ Alkmaar,2,1,H,EVALUATION_ONLY_JOIN_AFTER_PREMATCH_FEATURE_FREEZE,2.18,3.39,3.3,EXTERNAL_HISTORICAL_MARKET_BENCHMARK,NOT_AVAILABLE,NOT_GOLDBET,716cf7c059c391e2814e61e32c338b1f79f16b5cab2623cc616e3682d4317abd
a4f0b5a687d7a4c67acd5765,Eredivisie,2022/2023,DEVELOPMENT,2023-04-01,15:30,MATCH_KICKOFF_TIME_TIMEZONE_NOT_STATED_BY_SOURCE,,NOT_VERIFIED_DO_NOT_INFER,AZ Alkmaar,Heerenveen,1,1,D,EVALUATION_ONLY_JOIN_AFTER_PREMATCH_FEATURE_FREEZE,1.58,4.13,5.59,EXTERNAL_HISTORICAL_MARKET_BENCHMARK,NOT_AVAILABLE,NOT_GOLDBET,7fcdd3867515fb09b465ad938ca6e5e3d0e5a6ca984519833a1cf8571c8e8ac3
d06872172bcc7cf5c41aa627,Eredivisie,2022/2023,DEVELOPMENT,2023-04-01,17:45,MATCH_KICKOFF_TIME_TIMEZONE_NOT_STATED_BY_SOURCE,,NOT_VERIFIED_DO_NOT_INFER,Excelsior,Twente,0,0,D,EVALUATION_ONLY_JOIN_AFTER_PREMATCH_FEATURE_FREEZE,6.24,4.69,1.47,EXTERNAL_HISTORICAL_MARKET_BENCHMARK,NOT_AVAILABLE,NOT_GOLDBET,3c7d606461a198cd31cbbceb5b8cbf102bd6b9610e60cf1b251a9706612e55af
54d3efc500f62c158b8ec004,Eredivisie,2022/2023,DEVELOPMENT,2023-04-01,19:00,MATCH_KICKOFF_TIME_TIMEZONE_NOT_STATED_BY_SOURCE,,NOT_VERIFIED_DO_NOT_INFER,Cambuur,FC Emmen,1,2,A,EVALUATION_ONLY_JOIN_AFTER_PREMATCH_FEATURE_FREEZE,2.32,3.25,3.16,EXTERNAL_HISTORICAL_MARKET_BENCHMARK,NOT_AVAILABLE,NOT_GOLDBET,4815d74613f7966191df045aff7aad26f9880498f26a6032c280a9065d9353ee
17159efe7fd5ac076fd4a054,Eredivisie,2022/2023,DEVELOPMENT,2023-04-01,19:00,MATCH_KICKOFF_TIME_TIMEZONE_NOT_STATED_BY_SOURCE,,NOT_VERIFIED_DO_NOT_INFER,Nijmegen,PSV Eindhoven,2,4,A,EVALUATION_ONLY_JOIN_AFTER_PREMATCH_FEATURE_FREEZE,4.89,4.14,1.65,EXTERNAL_HISTORICAL_MARKET_BENCHMARK,NOT_AVAILABLE,NOT_GOLDBET,07b0791653613ecba9184c596475729004e538f638008e2a87b50e099c39e219
915f160e6eb555e7307efea8,Eredivisie,2022/2023,DEVELOPMENT,2023-04-01,20:00,MATCH_KICKOFF_TIME_TIMEZONE_NOT_STATED_BY_SOURCE,,NOT_VERIFIED_DO_NOT_INFER,Waalwijk,Vitesse,1,0,H,EVALUATION_ONLY_JOIN_AFTER_PREMATCH_FEATURE_FREEZE,2.58,3.42,2.67,EXTERNAL_HISTORICAL_MARKET_BENCHMARK,NOT_AVAILABLE,NOT_GOLDBET,8d60c3667dc9ecc0b25fb060f332d9521167df63b305098be84d9aca9a8c6acc
2aae093f6197d29ad8929179,Eredivisie,2022/2023,DEVELOPMENT,2023-04-02,11:15,MATCH_KICKOFF_TIME_TIMEZONE_NOT_STATED_BY_SOURCE,,NOT_VERIFIED_DO_NOT_INFER,Go Ahead Eagles,Ajax,0,0,D,EVALUATION_ONLY_JOIN_AFTER_PREMATCH_FEATURE_FREEZE,6.46,4.86,1.45,EXTERNAL_HISTORICAL_MARKET_BENCHMARK,NOT_AVAILABLE,NOT_GOLDBET,2d36407d8f38d14ae83f403089d0a779d8f287c4fc0a8feeaf276c72efa87939
2f4ffb2df2d5bb8c63e8aa93,Eredivisie,2022/2023,DEVELOPMENT,2023-04-02,13:30,MATCH_KICKOFF_TIME_TIMEZONE_NOT_STATED_BY_SOURCE,,NOT_VERIFIED_DO_NOT_INFER,Sparta Rotterdam,Feyenoord,1,3,A,EVALUATION_ONLY_JOIN_AFTER_PREMATCH_FEATURE_FREEZE,6.91,4.28,1.49,EXTERNAL_HISTORICAL_MARKET_BENCHMARK,NOT_AVAILABLE,NOT_GOLDBET,04299f6e487cd908add7e8791ddf2e507acbc28f0840bd11be6b38e75445e298
9f1d87059639a48ee60d76e6,Eredivisie,2022/2023,DEVELOPMENT,2023-04-02,13:30,MATCH_KICKOFF_TIME_TIMEZONE_NOT_STATED_BY_SOURCE,,NOT_VERIFIED_DO_NOT_INFER,Utrecht,Volendam,0,0,D,EVALUATION_ONLY_JOIN_AFTER_PREMATCH_FEATURE_FREEZE,1.41,4.94,7.01,EXTERNAL_HISTORICAL_MARKET_BENCHMARK,NOT_AVAILABLE,NOT_GOLDBET,442e7474b479074c26996c6d16985fd86075785356b1a310ad41baf0c6850770
fae9581fa468fb5de52318a3,Eredivisie,2022/2023,DEVELOPMENT,2023-04-02,15:45,MATCH_KICKOFF_TIME_TIMEZONE_NOT_STATED_BY_SOURCE,,NOT_VERIFIED_DO_NOT_INFER,For Sittard,Groningen,3,1,H,EVALUATION_ONLY_JOIN_AFTER_PREMATCH_FEATURE_FREEZE,2.22,3.44,3.2,EXTERNAL_HISTORICAL_MARKET_BENCHMARK,NOT_AVAILABLE,NOT_GOLDBET,42d2fc090c92b66460b7d7e60c7c5e86f47aeb13c84c0168dd261f3665fda46a
7449e1b222f650adeaa6931c,Eredivisie,2022/2023,DEVELOPMENT,2023-04-07,19:00,MATCH_KICKOFF_TIME_TIMEZONE_NOT_STATED_BY_SOURCE,,NOT_VERIFIED_DO_NOT_INFER,Groningen,Utrecht,1,2,A,EVALUATION_ONLY_JOIN_AFTER_PREMATCH_FEATURE_FREEZE,3.09,3.48,2.26,EXTERNAL_HISTORICAL_MARKET_BENCHMARK,NOT_AVAILABLE,NOT_GOLDBET,02ba1763adadb6325db294402149c8a308e7cb0b895a1a1c9430c9c91282d0fb
3ef8528a8f1d14780834d6a8,Eredivisie,2022/2023,DEVELOPMENT,2023-04-08,17:45,MATCH_KICKOFF_TIME_TIMEZONE_NOT_STATED_BY_SOURCE,,NOT_VERIFIED_DO_NOT_INFER,Vitesse,Go Ahead Eagles,2,0,H,EVALUATION_ONLY_JOIN_AFTER_PREMATCH_FEATURE_FREEZE,2.13,3.38,3.44,EXTERNAL_HISTORICAL_MARKET_BENCHMARK,NOT_AVAILABLE,NOT_GOLDBET,9966180208d9be038fc19cc471bfc9b734deef5ee2846ec0104d30c50e2f83e5
01ac382a7dcbd217489143a4,Eredivisie,2022/2023,DEVELOPMENT,2023-04-08,19:00,MATCH_KICKOFF_TIME_TIMEZONE_NOT_STATED_BY_SOURCE,,NOT_VERIFIED_DO_NOT_INFER,AZ Alkmaar,Sparta Rotterdam,0,1,A,EVALUATION_ONLY_JOIN_AFTER_PREMATCH_FEATURE_FREEZE,1.56,4.12,5.86,EXTERNAL_HISTORICAL_MARKET_BENCHMARK,NOT_AVAILABLE,NOT_GOLDBET,e86d09ce015b268d2376f8be5724d8d092371b776b52eb1556093da51171d25f
33ffe3b1702baf59754549e1,Eredivisie,2022/2023,DEVELOPMENT,2023-04-08,19:00,MATCH_KICKOFF_TIME_TIMEZONE_NOT_STATED_BY_SOURCE,,NOT_VERIFIED_DO_NOT_INFER,PSV Eindhoven,Excelsior,4,0,H,EVALUATION_ONLY_JOIN_AFTER_PREMATCH_FEATURE_FREEZE,1.09,11.22,24.2,EXTERNAL_HISTORICAL_MARKET_BENCHMARK,NOT_AVAILABLE,NOT_GOLDBET,b7bd1b3e3329458d8b70fb618a9ba3ed62d357291fd1ecd690c4dd15de46abcc
8fa21a616cfbbdd9d5cae780,Eredivisie,2022/2023,DEVELOPMENT,2023-04-08,20:00,MATCH_KICKOFF_TIME_TIMEZONE_NOT_STATED_BY_SOURCE,,NOT_VERIFIED_DO_NOT_INFER,Heerenveen,Volendam,2,1,H,EVALUATION_ONLY_JOIN_AFTER_PREMATCH_FEATURE_FREEZE,1.53,4.36,5.86,EXTERNAL_HISTORICAL_MARKET_BENCHMARK,NOT_AVAILABLE,NOT_GOLDBET,45e4e11dc416f4a1d711c8961ab601b7ddf43440229280945d3a4cd126d30237
2c8b6442afb2a9da1744de5f,Eredivisie,2022/2023,DEVELOPMENT,2023-04-09,11:15,MATCH_KICKOFF_TIME_TIMEZONE_NOT_STATED_BY_SOURCE,,NOT_VERIFIED_DO_NOT_INFER,Twente,Cambuur,4,0,H,EVALUATION_ONLY_JOIN_AFTER_PREMATCH_FEATURE_FREEZE,1.2,6.69,14.29,EXTERNAL_HISTORICAL_MARKET_BENCHMARK,NOT_AVAILABLE,NOT_GOLDBET,00d94ff46d85ba5cad3ce91a65724b5e71396fee43fd48825e392556c4ad2ac3
3dd8789d40c0ba6a6aa15a18,Eredivisie,2022/2023,DEVELOPMENT,2023-04-09,13:30,MATCH_KICKOFF_TIME_TIMEZONE_NOT_STATED_BY_SOURCE,,NOT_VERIFIED_DO_NOT_INFER,FC Emmen,Nijmegen,0,0,D,EVALUATION_ONLY_JOIN_AFTER_PREMATCH_FEATURE_FREEZE,2.8,3.3,2.55,EXTERNAL_HISTORICAL_MARKET_BENCHMARK,NOT_AVAILABLE,NOT_GOLDBET,5473135448c244194874ffa75d39fabb8e8993d2541de92c4d5cdcd1fb289783
9d517f564155f88f1e8aaf11,Eredivisie,2022/2023,DEVELOPMENT,2023-04-09,15:45,MATCH_KICKOFF_TIME_TIMEZONE_NOT_STATED_BY_SOURCE,,NOT_VERIFIED_DO_NOT_INFER,Ajax,For Sittard,4,0,H,EVALUATION_ONLY_JOIN_AFTER_PREMATCH_FEATURE_FREEZE,1.14,9.13,15.45,EXTERNAL_HISTORICAL_MARKET_BENCHMARK,NOT_AVAILABLE,NOT_GOLDBET,30fa1b5ecd4a9eb57a663cac1eb3604e44de7eb4b8e87f1fd8ec0c6d90077967
0fb66d194a3413907e73a53b,Eredivisie,2022/2023,DEVELOPMENT,2023-04-09,19:00,MATCH_KICKOFF_TIME_TIMEZONE_NOT_STATED_BY_SOURCE,,NOT_VERIFIED_DO_NOT_INFER,Feyenoord,Waalwijk,5,1,H,EVALUATION_ONLY_JOIN_AFTER_PREMATCH_FEATURE_FREEZE,1.15,8.33,15.63,EXTERNAL_HISTORICAL_MARKET_BENCHMARK,NOT_AVAILABLE,NOT_GOLDBET,6f1fc4459373a8c221268a29849215b3973b1346d251bb3283f331e3752fff12
e00211ea94542a84e1e28440,Eredivisie,2022/2023,DEVELOPMENT,2023-04-14,19:00,MATCH_KICKOFF_TIME_TIMEZONE_NOT_STATED_BY_SOURCE,,NOT_VERIFIED_DO_NOT_INFER,Excelsior,Go Ahead Eagles,2,1,H,EVALUATION_ONLY_JOIN_AFTER_PREMATCH_FEATURE_FREEZE,2.97,3.51,2.32,EXTERNAL_HISTORICAL_MARKET_BENCHMARK,NOT_AVAILABLE,NOT_GOLDBET,a4ec71da576f6aca70ca60ef5833883dbb4d09dbf8c04dcf221735318f34b5a4
b22ccf12d000c5b6a8e6b8a5,Eredivisie,2022/2023,DEVELOPMENT,2023-04-15,17:45,MATCH_KICKOFF_TIME_TIMEZONE_NOT_STATED_BY_SOURCE,,NOT_VERIFIED_DO_NOT_INFER,Waalwijk,Groningen,2,1,H,EVALUATION_ONLY_JOIN_AFTER_PREMATCH_FEATURE_FREEZE,1.96,3.59,3.77,EXTERNAL_HISTORICAL_MARKET_BENCHMARK,NOT_AVAILABLE,NOT_GOLDBET,5ea646d3df2cf6a1457f763519d0372ce482eba60fcff4da7092058b561bbfdf
82753299896c1b0816411ce7,Eredivisie,2022/2023,DEVELOPMENT,2023-04-15,20:00,MATCH_KICKOFF_TIME_TIMEZONE_NOT_STATED_BY_SOURCE,,NOT_VERIFIED_DO_NOT_INFER,Sparta Rotterdam,Heerenveen,4,0,H,EVALUATION_ONLY_JOIN_AFTER_PREMATCH_FEATURE_FREEZE,2.38,3.32,3.01,EXTERNAL_HISTORICAL_MARKET_BENCHMARK,NOT_AVAILABLE,NOT_GOLDBET,a148ba5ff9c668fd1c3e889a2d708e01d710cbdedc21e1d80b2a9ddee6d7a61d
49ef75dd6aab8df1b7993e9c,Eredivisie,2022/2023,DEVELOPMENT,2023-04-16,11:15,MATCH_KICKOFF_TIME_TIMEZONE_NOT_STATED_BY_SOURCE,,NOT_VERIFIED_DO_NOT_INFER,Nijmegen,Vitesse,1,4,A,EVALUATION_ONLY_JOIN_AFTER_PREMATCH_FEATURE_FREEZE,2.25,3.46,3.13,EXTERNAL_HISTORICAL_MARKET_BENCHMARK,NOT_AVAILABLE,NOT_GOLDBET,7cca2d64145a3450855bb8ab9d652562a86ba42a866f39c069129a5d02bda0f3
59e115bb8950aca5c9a793c7,Eredivisie,2022/2023,DEVELOPMENT,2023-04-16,13:30,MATCH_KICKOFF_TIME_TIMEZONE_NOT_STATED_BY_SOURCE,,NOT_VERIFIED_DO_NOT_INFER,Utrecht,Twente,1,0,H,EVALUATION_ONLY_JOIN_AFTER_PREMATCH_FEATURE_FREEZE,3.31,3.47,2.16,EXTERNAL_HISTORICAL_MARKET_BENCHMARK,NOT_AVAILABLE,NOT_GOLDBET,01c5748cef66f7e25418530c25f1d697ce761c16d4a4080822506e6aab334322
7ade6fa8211b6047ca80d40d,Eredivisie,2022/2023,DEVELOPMENT,2023-04-16,13:30,MATCH_KICKOFF_TIME_TIMEZONE_NOT_STATED_BY_SOURCE,,NOT_VERIFIED_DO_NOT_INFER,Volendam,PSV Eindhoven,2,3,A,EVALUATION_ONLY_JOIN_AFTER_PREMATCH_FEATURE_FREEZE,9.85,6.37,1.26,EXTERNAL_HISTORICAL_MARKET_BENCHMARK,NOT_AVAILABLE,NOT_GOLDBET,dff1686639948c6f1e888442ed39e486698c4b27f123395fb0688dfbcfd68b38
8cdcd040e37c8f08d356029e,Eredivisie,2022/2023,DEVELOPMENT,2023-04-16,15:45,MATCH_KICKOFF_TIME_TIMEZONE_NOT_STATED_BY_SOURCE,,NOT_VERIFIED_DO_NOT_INFER,Cambuur,Feyenoord,0,3,A,EVALUATION_ONLY_JOIN_AFTER_PREMATCH_FEATURE_FREEZE,12.14,6.76,1.22,EXTERNAL_HISTORICAL_MARKET_BENCHMARK,NOT_AVAILABLE,NOT_GOLDBET,0ccc809093fc926022893ba162c5df831df4cead79e519804ecb8daae1aa4274
2683c3bd3e9802113bc5d28f,Eredivisie,2022/2023,DEVELOPMENT,2023-04-16,19:00,MATCH_KICKOFF_TIME_TIMEZONE_NOT_STATED_BY_SOURCE,,NOT_VERIFIED_DO_NOT_INFER,Ajax,FC Emmen,3,1,H,EVALUATION_ONLY_JOIN_AFTER_PREMATCH_FEATURE_FREEZE,1.11,9.63,22.54,EXTERNAL_HISTORICAL_MARKET_BENCHMARK,NOT_AVAILABLE,NOT_GOLDBET,22453f6363a5d961d812c3ec1e97f0a8e152f846ebe61ef96f65ae35685ec951
a680a47f81e9db4631720168,Eredivisie,2022/2023,DEVELOPMENT,2023-04-16,19:00,MATCH_KICKOFF_TIME_TIMEZONE_NOT_STATED_BY_SOURCE,,NOT_VERIFIED_DO_NOT_INFER,For Sittard,AZ Alkmaar,0,3,A,EVALUATION_ONLY_JOIN_AFTER_PREMATCH_FEATURE_FREEZE,4.71,3.9,1.71,EXTERNAL_HISTORICAL_MARKET_BENCHMARK,NOT_AVAILABLE,NOT_GOLDBET,ae086bd174644ecfdb2b009b433e36385836af22fd22e4a2aefa0a7c196987b1
fb9c1f20e186402cf0169a57,Eredivisie,2022/2023,DEVELOPMENT,2023-04-19,17:45,MATCH_KICKOFF_TIME_TIMEZONE_NOT_STATED_BY_SOURCE,,NOT_VERIFIED_DO_NOT_INFER,Go Ahead Eagles,Waalwijk,3,2,H,EVALUATION_ONLY_JOIN_AFTER_PREMATCH_FEATURE_FREEZE,1.95,3.78,3.64,EXTERNAL_HISTORICAL_MARKET_BENCHMARK,NOT_AVAILABLE,NOT_GOLDBET,618173c6be3d2e669418798d9fea73c8400b983a84a826a23c9ee3a5bc77eaa5
0030d24ea4094baa39a1f9fe,Eredivisie,2022/2023,DEVELOPMENT,2023-04-21,19:00,MATCH_KICKOFF_TIME_TIMEZONE_NOT_STATED_BY_SOURCE,,NOT_VERIFIED_DO_NOT_INFER,Volendam,Cambuur,2,0,H,EVALUATION_ONLY_JOIN_AFTER_PREMATCH_FEATURE_FREEZE,1.73,4.16,4.28,EXTERNAL_HISTORICAL_MARKET_BENCHMARK,NOT_AVAILABLE,NOT_GOLDBET,5de976c3aba1a80ae1c005b6beb9771e20fcb22fba0b2c59a836b6db5a7e9bc4
6caf6b8de631058f160ec266,Eredivisie,2022/2023,DEVELOPMENT,2023-04-22,17:45,MATCH_KICKOFF_TIME_TIMEZONE_NOT_STATED_BY_SOURCE,,NOT_VERIFIED_DO_NOT_INFER,Heerenveen,FC Emmen,2,3,A,EVALUATION_ONLY_JOIN_AFTER_PREMATCH_FEATURE_FREEZE,1.67,3.82,5.22,EXTERNAL_HISTORICAL_MARKET_BENCHMARK,NOT_AVAILABLE,NOT_GOLDBET,3ff938e23003890efac9db7a6564c7eb5480e17b54e4aca1b746422703fb3d48
4fb512907e4917a5c70c46d8,Eredivisie,2022/2023,DEVELOPMENT,2023-04-22,20:00,MATCH_KICKOFF_TIME_TIMEZONE_NOT_STATED_BY_SOURCE,,NOT_VERIFIED_DO_NOT_INFER,Vitesse,Excelsior,0,0,D,EVALUATION_ONLY_JOIN_AFTER_PREMATCH_FEATURE_FREEZE,1.43,4.86,6.73,EXTERNAL_HISTORICAL_MARKET_BENCHMARK,NOT_AVAILABLE,NOT_GOLDBET,1ae84ee689ccbcecfab8ef3a24b34f1581931559420c6e5de760dfd817859a6f
d3ea4a1e799544124a15dc2b,Eredivisie,2022/2023,DEVELOPMENT,2023-04-23,11:15,MATCH_KICKOFF_TIME_TIMEZONE_NOT_STATED_BY_SOURCE,,NOT_VERIFIED_DO_NOT_INFER,Twente,Sparta Rotterdam,3,3,D,EVALUATION_ONLY_JOIN_AFTER_PREMATCH_FEATURE_FREEZE,1.43,4.63,7.33,EXTERNAL_HISTORICAL_MARKET_BENCHMARK,NOT_AVAILABLE,NOT_GOLDBET,b70f428d4a24d8aac7010566025a6a72c51bd6868977fdb9946e16bdd86c0113
65beb7395c4585fa2d63519e,Eredivisie,2022/2023,DEVELOPMENT,2023-04-23,13:30,MATCH_KICKOFF_TIME_TIMEZONE_NOT_STATED_BY_SOURCE,,NOT_VERIFIED_DO_NOT_INFER,Go Ahead Eagles,For Sittard,2,0,H,EVALUATION_ONLY_JOIN_AFTER_PREMATCH_FEATURE_FREEZE,1.8,3.8,4.29,EXTERNAL_HISTORICAL_MARKET_BENCHMARK,NOT_AVAILABLE,NOT_GOLDBET,15cf60354298ddc29930060b30a69488a327fb821279b832d11351e38b6d15f1
89356c05593e04ec1b32a519,Eredivisie,2022/2023,DEVELOPMENT,2023-04-23,13:30,MATCH_KICKOFF_TIME_TIMEZONE_NOT_STATED_BY_SOURCE,,NOT_VERIFIED_DO_NOT_INFER,PSV Eindhoven,Ajax,3,0,H,EVALUATION_ONLY_JOIN_AFTER_PREMATCH_FEATURE_FREEZE,2.1,3.75,3.25,EXTERNAL_HISTORICAL_MARKET_BENCHMARK,NOT_AVAILABLE,NOT_GOLDBET,b02e01c23f976d435bef62c969cef81e9749afe5afb9ce168065f53bf51ce722
af08e636d983c37dcfc626e6,Eredivisie,2022/2023,DEVELOPMENT,2023-04-23,15:45,MATCH_KICKOFF_TIME_TIMEZONE_NOT_STATED_BY_SOURCE,,NOT_VERIFIED_DO_NOT_INFER,Feyenoord,Utrecht,3,1,H,EVALUATION_ONLY_JOIN_AFTER_PREMATCH_FEATURE_FREEZE,1.34,5.31,8.05,EXTERNAL_HISTORICAL_MARKET_BENCHMARK,NOT_AVAILABLE,NOT_GOLDBET,dcae3624b5bb546f3e17e8e883df772a47244611947de80f0920b1b5b05915a8
bb138b8f21aa334acec96007,Eredivisie,2022/2023,DEVELOPMENT,2023-04-23,19:00,MATCH_KICKOFF_TIME_TIMEZONE_NOT_STATED_BY_SOURCE,,NOT_VERIFIED_DO_NOT_INFER,AZ Alkmaar,Waalwijk,3,0,H,EVALUATION_ONLY_JOIN_AFTER_PREMATCH_FEATURE_FREEZE,1.33,5.46,8.63,EXTERNAL_HISTORICAL_MARKET_BENCHMARK,NOT_AVAILABLE,NOT_GOLDBET,6e3cc7e21002edfea33e9b6dfb57a6f169444574faa8742e3cf16d31f7cd2c77
08938c8ea16fefe94d1fb335,Eredivisie,2022/2023,DEVELOPMENT,2023-04-25,14:00,MATCH_KICKOFF_TIME_TIMEZONE_NOT_STATED_BY_SOURCE,,NOT_VERIFIED_DO_NOT_INFER,Groningen,Nijmegen,0,1,A,EVALUATION_ONLY_JOIN_AFTER_PREMATCH_FEATURE_FREEZE,2.74,3.34,2.58,EXTERNAL_HISTORICAL_MARKET_BENCHMARK,NOT_AVAILABLE,NOT_GOLDBET,e7a0914d1ef1854cf822a90fd4f52bc18603d3d6671ef10155d9362491e7b521
9bc9ddd4b37a4dda222c7e72,Eredivisie,2022/2023,DEVELOPMENT,2023-05-05,19:00,MATCH_KICKOFF_TIME_TIMEZONE_NOT_STATED_BY_SOURCE,,NOT_VERIFIED_DO_NOT_INFER,Waalwijk,Volendam,4,1,H,EVALUATION_ONLY_JOIN_AFTER_PREMATCH_FEATURE_FREEZE,1.99,3.95,3.34,EXTERNAL_HISTORICAL_MARKET_BENCHMARK,NOT_AVAILABLE,NOT_GOLDBET,6a007e0b517b5c548bca62901ae8c4818beb477e8d077451192bdfa893ddcd5a
9b7152dfdf08971b418f6e19,Eredivisie,2022/2023,DEVELOPMENT,2023-05-06,17:45,MATCH_KICKOFF_TIME_TIMEZONE_NOT_STATED_BY_SOURCE,,NOT_VERIFIED_DO_NOT_INFER,Sparta Rotterdam,PSV Eindhoven,0,1,A,EVALUATION_ONLY_JOIN_AFTER_PREMATCH_FEATURE_FREEZE,5.72,4.53,1.52,EXTERNAL_HISTORICAL_MARKET_BENCHMARK,NOT_AVAILABLE,NOT_GOLDBET,98145283193b68c349297a297b345cdd0bf6c28e713e8910f36ebfa047c436b3
16e3b03acfd66b420f9485f9,Eredivisie,2022/2023,DEVELOPMENT,2023-05-06,19:00,MATCH_KICKOFF_TIME_TIMEZONE_NOT_STATED_BY_SOURCE,,NOT_VERIFIED_DO_NOT_INFER,Cambuur,Utrecht,0,3,A,EVALUATION_ONLY_JOIN_AFTER_PREMATCH_FEATURE_FREEZE,4.29,4.02,1.74,EXTERNAL_HISTORICAL_MARKET_BENCHMARK,NOT_AVAILABLE,NOT_GOLDBET,6ccd846f0e333b8d8e1af4c70e920fe44aaf4856b3e5841835a90003f7a7c04d
378da88d0503df3846e03f45,Eredivisie,2022/2023,DEVELOPMENT,2023-05-06,19:00,MATCH_KICKOFF_TIME_TIMEZONE_NOT_STATED_BY_SOURCE,,NOT_VERIFIED_DO_NOT_INFER,Nijmegen,Heerenveen,2,3,A,EVALUATION_ONLY_JOIN_AFTER_PREMATCH_FEATURE_FREEZE,2.12,3.54,3.35,EXTERNAL_HISTORICAL_MARKET_BENCHMARK,NOT_AVAILABLE,NOT_GOLDBET,3e674305b85c10c1be2aefeaf7392eccadcfad444f43654142be8b921e20bbec
af36fa22b7f448fa8ffd9c5c,Eredivisie,2022/2023,DEVELOPMENT,2023-05-06,20:00,MATCH_KICKOFF_TIME_TIMEZONE_NOT_STATED_BY_SOURCE,,NOT_VERIFIED_DO_NOT_INFER,Ajax,AZ Alkmaar,0,0,D,EVALUATION_ONLY_JOIN_AFTER_PREMATCH_FEATURE_FREEZE,1.67,4.22,4.63,EXTERNAL_HISTORICAL_MARKET_BENCHMARK,NOT_AVAILABLE,NOT_GOLDBET,ae2e761302862b160b187cfa23162679dbd9dd9f4882f3099c3231ef45d39596
981cb7bc78b5269516cef8c2,Eredivisie,2022/2023,DEVELOPMENT,2023-05-07,11:15,MATCH_KICKOFF_TIME_TIMEZONE_NOT_STATED_BY_SOURCE,,NOT_VERIFIED_DO_NOT_INFER,FC Emmen,Twente,0,3,A,EVALUATION_ONLY_JOIN_AFTER_PREMATCH_FEATURE_FREEZE,4.64,3.96,1.71,EXTERNAL_HISTORICAL_MARKET_BENCHMARK,NOT_AVAILABLE,NOT_GOLDBET,198cb8433bacf1f04054ae32febc7f65d3e5d8fd169ec03c457b8557f936b3a5
864835e51e855c4dbaf955a4,Eredivisie,2022/2023,DEVELOPMENT,2023-05-07,13:30,MATCH_KICKOFF_TIME_TIMEZONE_NOT_STATED_BY_SOURCE,,NOT_VERIFIED_DO_NOT_INFER,Excelsior,Feyenoord,0,2,A,EVALUATION_ONLY_JOIN_AFTER_PREMATCH_FEATURE_FREEZE,10.99,7.02,1.22,EXTERNAL_HISTORICAL_MARKET_BENCHMARK,NOT_AVAILABLE,NOT_GOLDBET,27ba276ed15370774d91e4186cb0bf934fa36a3df540a528169d9a40f41f1fa7
509430672d6f2631d99e6b92,Eredivisie,2022/2023,DEVELOPMENT,2023-05-07,13:30,MATCH_KICKOFF_TIME_TIMEZONE_NOT_STATED_BY_SOURCE,,NOT_VERIFIED_DO_NOT_INFER,Go Ahead Eagles,Groningen,1,1,D,EVALUATION_ONLY_JOIN_AFTER_PREMATCH_FEATURE_FREEZE,1.61,4.13,5.33,EXTERNAL_HISTORICAL_MARKET_BENCHMARK,NOT_AVAILABLE,NOT_GOLDBET,75fd2bd55ae5f0add3060b1003be9b599108f0153399d2a2e2e30913133c823f
b773dc678a3dc13872dbb1f5,Eredivisie,2022/2023,DEVELOPMENT,2023-05-07,15:45,MATCH_KICKOFF_TIME_TIMEZONE_NOT_STATED_BY_SOURCE,,NOT_VERIFIED_DO_NOT_INFER,For Sittard,Vitesse,2,0,H,EVALUATION_ONLY_JOIN_AFTER_PREMATCH_FEATURE_FREEZE,3.14,3.55,2.21,EXTERNAL_HISTORICAL_MARKET_BENCHMARK,NOT_AVAILABLE,NOT_GOLDBET,301514b89d94e5e07d75fa7cdcb2acadaf2f2753ef2cbe654427ecf2f25d97ec
9192001132a31a302ab61a2e,Eredivisie,2022/2023,DEVELOPMENT,2023-05-12,19:00,MATCH_KICKOFF_TIME_TIMEZONE_NOT_STATED_BY_SOURCE,,NOT_VERIFIED_DO_NOT_INFER,Twente,Nijmegen,4,0,H,EVALUATION_ONLY_JOIN_AFTER_PREMATCH_FEATURE_FREEZE,1.44,4.9,6.62,EXTERNAL_HISTORICAL_MARKET_BENCHMARK,NOT_AVAILABLE,NOT_GOLDBET,0346761e17e9393e69bf9e1e392169ba32ba6081bfc9999ab031b1904beebf2f
14571935b5faede83cd46a6d,Eredivisie,2022/2023,DEVELOPMENT,2023-05-13,17:45,MATCH_KICKOFF_TIME_TIMEZONE_NOT_STATED_BY_SOURCE,,NOT_VERIFIED_DO_NOT_INFER,Volendam,Sparta Rotterdam,2,1,H,EVALUATION_ONLY_JOIN_AFTER_PREMATCH_FEATURE_FREEZE,2.5,3.62,2.66,EXTERNAL_HISTORICAL_MARKET_BENCHMARK,NOT_AVAILABLE,NOT_GOLDBET,db9a2c54ade8f1851ea7d9bbc376f84449531023718a21424f55358dd4503439
d8ad95cd78c7b5ae8f1fbf1e,Eredivisie,2022/2023,DEVELOPMENT,2023-05-13,19:00,MATCH_KICKOFF_TIME_TIMEZONE_NOT_STATED_BY_SOURCE,,NOT_VERIFIED_DO_NOT_INFER,Heerenveen,Excelsior,0,0,D,EVALUATION_ONLY_JOIN_AFTER_PREMATCH_FEATURE_FREEZE,1.52,4.52,5.78,EXTERNAL_HISTORICAL_MARKET_BENCHMARK,NOT_AVAILABLE,NOT_GOLDBET,8e6ae26922510cf533a8c3bd679c059cde17369c8bbeb3729dcb58cf650c9bb6
3a941505f589a673cdf83caf,Eredivisie,2022/2023,DEVELOPMENT,2023-05-13,20:00,MATCH_KICKOFF_TIME_TIMEZONE_NOT_STATED_BY_SOURCE,,NOT_VERIFIED_DO_NOT_INFER,Utrecht,Waalwijk,2,0,H,EVALUATION_ONLY_JOIN_AFTER_PREMATCH_FEATURE_FREEZE,1.59,4.37,5.12,EXTERNAL_HISTORICAL_MARKET_BENCHMARK,NOT_AVAILABLE,NOT_GOLDBET,a005a0df9c275941449a292fab69be968e4e863fe99b0eda80882a1b89313d01
b8e76b6a110d361ee927f3e0,Eredivisie,2022/2023,DEVELOPMENT,2023-05-14,11:15,MATCH_KICKOFF_TIME_TIMEZONE_NOT_STATED_BY_SOURCE,,NOT_VERIFIED_DO_NOT_INFER,Vitesse,Cambuur,2,0,H,EVALUATION_ONLY_JOIN_AFTER_PREMATCH_FEATURE_FREEZE,1.26,6.17,10.88,EXTERNAL_HISTORICAL_MARKET_BENCHMARK,NOT_AVAILABLE,NOT_GOLDBET,ce741dabc2656f6a7f240eb3fc4a01262f65c4b4ce61a74f3fd6bcefe1a5e457
945aae61ab6e0048938cda1a,Eredivisie,2022/2023,DEVELOPMENT,2023-05-14,13:30,MATCH_KICKOFF_TIME_TIMEZONE_NOT_STATED_BY_SOURCE,,NOT_VERIFIED_DO_NOT_INFER,Groningen,Ajax,2,3,A,EVALUATION_ONLY_JOIN_AFTER_PREMATCH_FEATURE_FREEZE,11.77,6.72,1.22,EXTERNAL_HISTORICAL_MARKET_BENCHMARK,NOT_AVAILABLE,NOT_GOLDBET,5fe99ee2b13e774b09f710b83082cff36a991405a94264e4f80b66c4f8f34ac0
d8c4387a8a43630d5f787b22,Eredivisie,2022/2023,DEVELOPMENT,2023-05-14,15:45,MATCH_KICKOFF_TIME_TIMEZONE_NOT_STATED_BY_SOURCE,,NOT_VERIFIED_DO_NOT_INFER,Feyenoord,Go Ahead Eagles,3,0,H,EVALUATION_ONLY_JOIN_AFTER_PREMATCH_FEATURE_FREEZE,1.2,7.39,12.41,EXTERNAL_HISTORICAL_MARKET_BENCHMARK,NOT_AVAILABLE,NOT_GOLDBET,75f0c67f5127fb9f76779e2402d2c684d51b55f1405cdca581d97667323e15af
4b2768a716e763cdca8dff20,Eredivisie,2022/2023,DEVELOPMENT,2023-05-14,19:00,MATCH_KICKOFF_TIME_TIMEZONE_NOT_STATED_BY_SOURCE,,NOT_VERIFIED_DO_NOT_INFER,AZ Alkmaar,FC Emmen,5,1,H,EVALUATION_ONLY_JOIN_AFTER_PREMATCH_FEATURE_FREEZE,1.32,5.47,8.91,EXTERNAL_HISTORICAL_MARKET_BENCHMARK,NOT_AVAILABLE,NOT_GOLDBET,8e1e5ffa7f8c93ebe1ffebdef437f8957e0c0d343864d6f5214409e7886377ab
688d0e85623e204ed91cdf14,Eredivisie,2022/2023,DEVELOPMENT,2023-05-14,19:00,MATCH_KICKOFF_TIME_TIMEZONE_NOT_STATED_BY_SOURCE,,NOT_VERIFIED_DO_NOT_INFER,PSV Eindhoven,For Sittard,2,1,H,EVALUATION_ONLY_JOIN_AFTER_PREMATCH_FEATURE_FREEZE,1.13,9.45,16.46,EXTERNAL_HISTORICAL_MARKET_BENCHMARK,NOT_AVAILABLE,NOT_GOLDBET,c3ca78ec1304d1bec072232b89cd06bd325d53e03c5613dbcf977b928fa44384
6e49c98c9cdf94dc114c240e,Eredivisie,2022/2023,DEVELOPMENT,2023-05-21,13:30,MATCH_KICKOFF_TIME_TIMEZONE_NOT_STATED_BY_SOURCE,,NOT_VERIFIED_DO_NOT_INFER,Ajax,Utrecht,3,1,H,EVALUATION_ONLY_JOIN_AFTER_PREMATCH_FEATURE_FREEZE,1.28,6.05,9.17,EXTERNAL_HISTORICAL_MARKET_BENCHMARK,NOT_AVAILABLE,NOT_GOLDBET,bd1170fbacc5d2ebae18bcdd85686512d6655c8f13910cab3a412019ea4d0b3f
f2ae886ec022610ca3a10163,Eredivisie,2022/2023,DEVELOPMENT,2023-05-21,13:30,MATCH_KICKOFF_TIME_TIMEZONE_NOT_STATED_BY_SOURCE,,NOT_VERIFIED_DO_NOT_INFER,Excelsior,For Sittard,3,0,H,EVALUATION_ONLY_JOIN_AFTER_PREMATCH_FEATURE_FREEZE,1.9,3.8,3.8,EXTERNAL_HISTORICAL_MARKET_BENCHMARK,NOT_AVAILABLE,NOT_GOLDBET,858ec415767dab56380908c646570fc72164c1a3e751dba28552bf5f32e78e2f
9a26b22ee4a94aa58406d3fc,Eredivisie,2022/2023,DEVELOPMENT,2023-05-21,13:30,MATCH_KICKOFF_TIME_TIMEZONE_NOT_STATED_BY_SOURCE,,NOT_VERIFIED_DO_NOT_INFER,FC Emmen,Feyenoord,1,3,A,EVALUATION_ONLY_JOIN_AFTER_PREMATCH_FEATURE_FREEZE,5.89,4.74,1.49,EXTERNAL_HISTORICAL_MARKET_BENCHMARK,NOT_AVAILABLE,NOT_GOLDBET,104023447e08b28b849978d167106db780a600af6e4e3555b817dcb193183a20
e2864445f677d42e47fe1c2f,Eredivisie,2022/2023,DEVELOPMENT,2023-05-21,13:30,MATCH_KICKOFF_TIME_TIMEZONE_NOT_STATED_BY_SOURCE,,NOT_VERIFIED_DO_NOT_INFER,Go Ahead Eagles,Volendam,3,0,H,EVALUATION_ONLY_JOIN_AFTER_PREMATCH_FEATURE_FREEZE,1.75,4.08,4.22,EXTERNAL_HISTORICAL_MARKET_BENCHMARK,NOT_AVAILABLE,NOT_GOLDBET,8c1b5f948a1343ff9daa746614f3b1119c5556065e82852796ecd9f79f3be9b7
5fc6346f209609167cec891e,Eredivisie,2022/2023,DEVELOPMENT,2023-05-21,13:30,MATCH_KICKOFF_TIME_TIMEZONE_NOT_STATED_BY_SOURCE,,NOT_VERIFIED_DO_NOT_INFER,Nijmegen,AZ Alkmaar,0,3,A,EVALUATION_ONLY_JOIN_AFTER_PREMATCH_FEATURE_FREEZE,4.39,4.05,1.73,EXTERNAL_HISTORICAL_MARKET_BENCHMARK,NOT_AVAILABLE,NOT_GOLDBET,ec60c483a32ce70e8e10bb95023a8695b92bcc335e684cf8a05f1891def61eff
26ceecce70afb48b4e0a9369,Eredivisie,2022/2023,DEVELOPMENT,2023-05-21,13:30,MATCH_KICKOFF_TIME_TIMEZONE_NOT_STATED_BY_SOURCE,,NOT_VERIFIED_DO_NOT_INFER,PSV Eindhoven,Heerenveen,3,3,D,EVALUATION_ONLY_JOIN_AFTER_PREMATCH_FEATURE_FREEZE,1.18,7.35,13.52,EXTERNAL_HISTORICAL_MARKET_BENCHMARK,NOT_AVAILABLE,NOT_GOLDBET,68d96d49c2b082a097539eaa9c72292f860d2ea0144af81928249bafc1fcc2e8
d9b9f4f1aee4823ce4c3c202,Eredivisie,2022/2023,DEVELOPMENT,2023-05-21,13:30,MATCH_KICKOFF_TIME_TIMEZONE_NOT_STATED_BY_SOURCE,,NOT_VERIFIED_DO_NOT_INFER,Sparta Rotterdam,Cambuur,4,1,H,EVALUATION_ONLY_JOIN_AFTER_PREMATCH_FEATURE_FREEZE,1.38,4.99,7.8,EXTERNAL_HISTORICAL_MARKET_BENCHMARK,NOT_AVAILABLE,NOT_GOLDBET,3c16d920e691a900dad78d48e9701a380d583fe0f75fe798538ad22e68ceced1
b451b3755c190c6593af0960,Eredivisie,2022/2023,DEVELOPMENT,2023-05-21,13:30,MATCH_KICKOFF_TIME_TIMEZONE_NOT_STATED_BY_SOURCE,,NOT_VERIFIED_DO_NOT_INFER,Vitesse,Groningen,6,0,H,EVALUATION_ONLY_JOIN_AFTER_PREMATCH_FEATURE_FREEZE,1.44,4.72,6.97,EXTERNAL_HISTORICAL_MARKET_BENCHMARK,NOT_AVAILABLE,NOT_GOLDBET,3d09c592708df2bcdf09106197e456269f7ce91839617167408e6476835eddb7
b4e73315c88612bc36972bbf,Eredivisie,2022/2023,DEVELOPMENT,2023-05-21,13:30,MATCH_KICKOFF_TIME_TIMEZONE_NOT_STATED_BY_SOURCE,,NOT_VERIFIED_DO_NOT_INFER,Waalwijk,Twente,0,5,A,EVALUATION_ONLY_JOIN_AFTER_PREMATCH_FEATURE_FREEZE,4.18,4.2,1.74,EXTERNAL_HISTORICAL_MARKET_BENCHMARK,NOT_AVAILABLE,NOT_GOLDBET,645b866fc4dfff7ba3255d9d06152add904da2080a1db417512833af5718fe81
1cfe17cf7abba09ebf66de02,Eredivisie,2022/2023,DEVELOPMENT,2023-05-28,13:30,MATCH_KICKOFF_TIME_TIMEZONE_NOT_STATED_BY_SOURCE,,NOT_VERIFIED_DO_NOT_INFER,AZ Alkmaar,PSV Eindhoven,1,2,A,EVALUATION_ONLY_JOIN_AFTER_PREMATCH_FEATURE_FREEZE,2.38,3.59,2.83,EXTERNAL_HISTORICAL_MARKET_BENCHMARK,NOT_AVAILABLE,NOT_GOLDBET,e43308a3f4c1397cabd9d26618b7cb3be52e2505d1dfeac3fc51e39b1a7d113e
b8947080b1de1881bd398f71,Eredivisie,2022/2023,DEVELOPMENT,2023-05-28,13:30,MATCH_KICKOFF_TIME_TIMEZONE_NOT_STATED_BY_SOURCE,,NOT_VERIFIED_DO_NOT_INFER,Cambuur,Waalwijk,4,0,H,EVALUATION_ONLY_JOIN_AFTER_PREMATCH_FEATURE_FREEZE,3.02,3.95,2.12,EXTERNAL_HISTORICAL_MARKET_BENCHMARK,NOT_AVAILABLE,NOT_GOLDBET,334076f23fc2b3871ef7de518eb6d43ffe70f86ee1a854d1e382a990c38f0be7
88515358cb724858e77419c9,Eredivisie,2022/2023,DEVELOPMENT,2023-05-28,13:30,MATCH_KICKOFF_TIME_TIMEZONE_NOT_STATED_BY_SOURCE,,NOT_VERIFIED_DO_NOT_INFER,Feyenoord,Vitesse,0,1,A,EVALUATION_ONLY_JOIN_AFTER_PREMATCH_FEATURE_FREEZE,1.36,5.85,6.85,EXTERNAL_HISTORICAL_MARKET_BENCHMARK,NOT_AVAILABLE,NOT_GOLDBET,113c403b8d750928951354e4e6a55c5a36d8dd2613ebb7a12ea96d1e24512184
d95453caef9462eb84647650,Eredivisie,2022/2023,DEVELOPMENT,2023-05-28,13:30,MATCH_KICKOFF_TIME_TIMEZONE_NOT_STATED_BY_SOURCE,,NOT_VERIFIED_DO_NOT_INFER,For Sittard,Nijmegen,1,1,D,EVALUATION_ONLY_JOIN_AFTER_PREMATCH_FEATURE_FREEZE,2.55,3.91,2.47,EXTERNAL_HISTORICAL_MARKET_BENCHMARK,NOT_AVAILABLE,NOT_GOLDBET,72581debc02a78cf83709e55abbd8ddaaa1b171ebf63f71d32acc23087dba572
923d649e80d6a42488324e9b,Eredivisie,2022/2023,DEVELOPMENT,2023-05-28,13:30,MATCH_KICKOFF_TIME_TIMEZONE_NOT_STATED_BY_SOURCE,,NOT_VERIFIED_DO_NOT_INFER,Groningen,Sparta Rotterdam,0,5,A,EVALUATION_ONLY_JOIN_AFTER_PREMATCH_FEATURE_FREEZE,3.09,3.71,2.18,EXTERNAL_HISTORICAL_MARKET_BENCHMARK,NOT_AVAILABLE,NOT_GOLDBET,a11c12588525d22dac1b527cedd52c8fd3784f7bc70740619941caa6304ed062
a41e6404d84472b6298d7f33,Eredivisie,2022/2023,DEVELOPMENT,2023-05-28,13:30,MATCH_KICKOFF_TIME_TIMEZONE_NOT_STATED_BY_SOURCE,,NOT_VERIFIED_DO_NOT_INFER,Heerenveen,Go Ahead Eagles,2,0,H,EVALUATION_ONLY_JOIN_AFTER_PREMATCH_FEATURE_FREEZE,1.99,3.76,3.49,EXTERNAL_HISTORICAL_MARKET_BENCHMARK,NOT_AVAILABLE,NOT_GOLDBET,4307e226a37e9f585f333a3921dcf899d96bc3f69c4f22c67a111d6673b90f8a
40470001b307bec177f4f39e,Eredivisie,2022/2023,DEVELOPMENT,2023-05-28,13:30,MATCH_KICKOFF_TIME_TIMEZONE_NOT_STATED_BY_SOURCE,,NOT_VERIFIED_DO_NOT_INFER,Twente,Ajax,3,1,H,EVALUATION_ONLY_JOIN_AFTER_PREMATCH_FEATURE_FREEZE,3.21,4.04,2.02,EXTERNAL_HISTORICAL_MARKET_BENCHMARK,NOT_AVAILABLE,NOT_GOLDBET,bbfe7d0bcc0a713c5307c718eb9ab7537113b3f89aef60ebf57ee018f3c18d30
4dfbad1200415667969de25a,Eredivisie,2022/2023,DEVELOPMENT,2023-05-28,13:30,MATCH_KICKOFF_TIME_TIMEZONE_NOT_STATED_BY_SOURCE,,NOT_VERIFIED_DO_NOT_INFER,Utrecht,FC Emmen,3,2,H,EVALUATION_ONLY_JOIN_AFTER_PREMATCH_FEATURE_FREEZE,1.28,6.12,9.11,EXTERNAL_HISTORICAL_MARKET_BENCHMARK,NOT_AVAILABLE,NOT_GOLDBET,8db62b3b9c83f5978b590fbf963adebf8376bc91902087af13ac4b813ea0152f
9179ad9bff3d4400976fd814,Eredivisie,2022/2023,DEVELOPMENT,2023-05-28,13:30,MATCH_KICKOFF_TIME_TIMEZONE_NOT_STATED_BY_SOURCE,,NOT_VERIFIED_DO_NOT_INFER,Volendam,Excelsior,3,2,H,EVALUATION_ONLY_JOIN_AFTER_PREMATCH_FEATURE_FREEZE,1.74,4.5,3.92,EXTERNAL_HISTORICAL_MARKET_BENCHMARK,NOT_AVAILABLE,NOT_GOLDBET,ab59141494cce3d7aab2bb0310b4a67bdb4a99264aa42cf78da4190df32fc06a
1c9b23f646f4b5a67afac38b,Eredivisie,2023/2024,DEVELOPMENT,2023-08-11,19:00,MATCH_KICKOFF_TIME_TIMEZONE_NOT_STATED_BY_SOURCE,,NOT_VERIFIED_DO_NOT_INFER,Volendam,Vitesse,1,2,A,EVALUATION_ONLY_JOIN_AFTER_PREMATCH_FEATURE_FREEZE,3.73,3.83,1.91,EXTERNAL_HISTORICAL_MARKET_BENCHMARK,NOT_AVAILABLE,NOT_GOLDBET,7851470bd2627248f3627e2fdff77e552c96c51acceaa0c5a51b06feb6f1d914
398940bd8e6396f98998d24a,Eredivisie,2023/2024,DEVELOPMENT,2023-08-12,15:30,MATCH_KICKOFF_TIME_TIMEZONE_NOT_STATED_BY_SOURCE,,NOT_VERIFIED_DO_NOT_INFER,PSV Eindhoven,Utrecht,2,0,H,EVALUATION_ONLY_JOIN_AFTER_PREMATCH_FEATURE_FREEZE,1.29,5.73,9.43,EXTERNAL_HISTORICAL_MARKET_BENCHMARK,NOT_AVAILABLE,NOT_GOLDBET,2b858647ccc7eaa44940ad040229f9c317d829844ab7a29152d7a17d8ff987b2
4a10ba79f9596b7f8bb79a27,Eredivisie,2023/2024,DEVELOPMENT,2023-08-12,17:45,MATCH_KICKOFF_TIME_TIMEZONE_NOT_STATED_BY_SOURCE,,NOT_VERIFIED_DO_NOT_INFER,Heerenveen,Waalwijk,3,1,H,EVALUATION_ONLY_JOIN_AFTER_PREMATCH_FEATURE_FREEZE,1.57,4.32,5.37,EXTERNAL_HISTORICAL_MARKET_BENCHMARK,NOT_AVAILABLE,NOT_GOLDBET,dc4587651cd978ac3a4d45901cba6fc0f98ce1338da76efbb0cb3b9d47964464
340b124316c1cfb9ff051bf1,Eredivisie,2023/2024,DEVELOPMENT,2023-08-12,19:00,MATCH_KICKOFF_TIME_TIMEZONE_NOT_STATED_BY_SOURCE,,NOT_VERIFIED_DO_NOT_INFER,Ajax,Heracles,4,1,H,EVALUATION_ONLY_JOIN_AFTER_PREMATCH_FEATURE_FREEZE,1.24,6.72,10.63,EXTERNAL_HISTORICAL_MARKET_BENCHMARK,NOT_AVAILABLE,NOT_GOLDBET,3a31f8ed6b8962c5c40b8df4f880d5ee7a46276e6638689951a347d367e8b2b0
7b8436d00f4c0c94305d0958,Eredivisie,2023/2024,DEVELOPMENT,2023-08-12,20:00,MATCH_KICKOFF_TIME_TIMEZONE_NOT_STATED_BY_SOURCE,,NOT_VERIFIED_DO_NOT_INFER,Zwolle,Sparta Rotterdam,1,2,A,EVALUATION_ONLY_JOIN_AFTER_PREMATCH_FEATURE_FREEZE,2.57,3.52,2.64,EXTERNAL_HISTORICAL_MARKET_BENCHMARK,NOT_AVAILABLE,NOT_GOLDBET,d8240aadfe7e779b79eb74997376e408dcf2dee832119489c0b2f2c5cc8e47f5
e9f0268e40aedb0bc27bacec,Eredivisie,2023/2024,DEVELOPMENT,2023-08-13,11:15,MATCH_KICKOFF_TIME_TIMEZONE_NOT_STATED_BY_SOURCE,,NOT_VERIFIED_DO_NOT_INFER,Nijmegen,Excelsior,3,4,A,EVALUATION_ONLY_JOIN_AFTER_PREMATCH_FEATURE_FREEZE,1.45,4.63,6.91,EXTERNAL_HISTORICAL_MARKET_BENCHMARK,NOT_AVAILABLE,NOT_GOLDBET,5a8429ac0f0d8082219c8feb01926f7c3c9d1f94519be27f9f8bfab33f0f7d4b
ecdad645ba04067eb8b4d359,Eredivisie,2023/2024,DEVELOPMENT,2023-08-13,13:30,MATCH_KICKOFF_TIME_TIMEZONE_NOT_STATED_BY_SOURCE,,NOT_VERIFIED_DO_NOT_INFER,AZ Alkmaar,Go Ahead Eagles,5,1,H,EVALUATION_ONLY_JOIN_AFTER_PREMATCH_FEATURE_FREEZE,1.5,4.37,6.35,EXTERNAL_HISTORICAL_MARKET_BENCHMARK,NOT_AVAILABLE,NOT_GOLDBET,05bf11bb712f2a662406d12076f62f5720a70eddf3dfd326ee7934fd9a0b9292
51d5c568dae6f66734398013,Eredivisie,2023/2024,DEVELOPMENT,2023-08-13,13:30,MATCH_KICKOFF_TIME_TIMEZONE_NOT_STATED_BY_SOURCE,,NOT_VERIFIED_DO_NOT_INFER,Feyenoord,For Sittard,0,0,D,EVALUATION_ONLY_JOIN_AFTER_PREMATCH_FEATURE_FREEZE,1.17,7.52,15.7,EXTERNAL_HISTORICAL_MARKET_BENCHMARK,NOT_AVAILABLE,NOT_GOLDBET,30e663da44b5e67fb79bce6ff496fed69f0a7d1e7b573dbdc77b37bbe38bc0c9
09d15794429c9e0d3dc968d4,Eredivisie,2023/2024,DEVELOPMENT,2023-08-13,15:45,MATCH_KICKOFF_TIME_TIMEZONE_NOT_STATED_BY_SOURCE,,NOT_VERIFIED_DO_NOT_INFER,Almere City,Twente,1,4,A,EVALUATION_ONLY_JOIN_AFTER_PREMATCH_FEATURE_FREEZE,5.36,4.05,1.62,EXTERNAL_HISTORICAL_MARKET_BENCHMARK,NOT_AVAILABLE,NOT_GOLDBET,224cb1c93702bb07d50cd4203c0e46cdc6c8433971b63bd80157b22ad6bfe2ad
96942c17305090980d555515,Eredivisie,2023/2024,DEVELOPMENT,2023-08-18,19:00,MATCH_KICKOFF_TIME_TIMEZONE_NOT_STATED_BY_SOURCE,,NOT_VERIFIED_DO_NOT_INFER,Heracles,Nijmegen,2,1,H,EVALUATION_ONLY_JOIN_AFTER_PREMATCH_FEATURE_FREEZE,2.54,3.5,2.66,EXTERNAL_HISTORICAL_MARKET_BENCHMARK,NOT_AVAILABLE,NOT_GOLDBET,5e269e282844ba3f9da0b943ae79818a091356764e2ffc3ee35b549d5ebad30d
d42ef87f68a0bcd3d23108e8,Eredivisie,2023/2024,DEVELOPMENT,2023-08-19,15:30,MATCH_KICKOFF_TIME_TIMEZONE_NOT_STATED_BY_SOURCE,,NOT_VERIFIED_DO_NOT_INFER,Excelsior,Ajax,2,2,D,EVALUATION_ONLY_JOIN_AFTER_PREMATCH_FEATURE_FREEZE,8.69,5.85,1.3,EXTERNAL_HISTORICAL_MARKET_BENCHMARK,NOT_AVAILABLE,NOT_GOLDBET,42ce22a7e36ca478776221a7e5ca36126c6781da1179781641fad9480e20866b
ec74c52c9bbd9bcd9452c1fa,Eredivisie,2023/2024,DEVELOPMENT,2023-08-19,17:45,MATCH_KICKOFF_TIME_TIMEZONE_NOT_STATED_BY_SOURCE,,NOT_VERIFIED_DO_NOT_INFER,Vitesse,PSV Eindhoven,1,3,A,EVALUATION_ONLY_JOIN_AFTER_PREMATCH_FEATURE_FREEZE,5.09,4.11,1.62,EXTERNAL_HISTORICAL_MARKET_BENCHMARK,NOT_AVAILABLE,NOT_GOLDBET,bd5a221ff0b0bc435041ffff84d5236441ff6be4fb2d32338c4f20e74df46e86
bbaa3dfb6b825b9bce85b36a,Eredivisie,2023/2024,DEVELOPMENT,2023-08-19,19:00,MATCH_KICKOFF_TIME_TIMEZONE_NOT_STATED_BY_SOURCE,,NOT_VERIFIED_DO_NOT_INFER,For Sittard,Almere City,2,1,H,EVALUATION_ONLY_JOIN_AFTER_PREMATCH_FEATURE_FREEZE,1.82,3.79,4.14,EXTERNAL_HISTORICAL_MARKET_BENCHMARK,NOT_AVAILABLE,NOT_GOLDBET,94b693baec797ededb996f8cc2b6660962804cc0af1a5bd53bb05d8c586fc3af
71a652f97f2d5889559de784,Eredivisie,2023/2024,DEVELOPMENT,2023-08-19,20:00,MATCH_KICKOFF_TIME_TIMEZONE_NOT_STATED_BY_SOURCE,,NOT_VERIFIED_DO_NOT_INFER,Go Ahead Eagles,Volendam,4,1,H,EVALUATION_ONLY_JOIN_AFTER_PREMATCH_FEATURE_FREEZE,1.47,4.72,6.19,EXTERNAL_HISTORICAL_MARKET_BENCHMARK,NOT_AVAILABLE,NOT_GOLDBET,b7ee368ad912bf347c3a73dbe533744cb5ada52d3c4b951b04ca1d82736030bd
c2f820ec00b9a840c320b58d,Eredivisie,2023/2024,DEVELOPMENT,2023-08-20,11:15,MATCH_KICKOFF_TIME_TIMEZONE_NOT_STATED_BY_SOURCE,,NOT_VERIFIED_DO_NOT_INFER,Utrecht,Heerenveen,0,2,A,EVALUATION_ONLY_JOIN_AFTER_PREMATCH_FEATURE_FREEZE,1.83,3.84,4.05,EXTERNAL_HISTORICAL_MARKET_BENCHMARK,NOT_AVAILABLE,NOT_GOLDBET,ccf755317788207db85670d1c42b981fc21fc0c00f66df0277f02ef08cd711c7
3bf9195e0c54d1b893d086c7,Eredivisie,2023/2024,DEVELOPMENT,2023-08-20,13:30,MATCH_KICKOFF_TIME_TIMEZONE_NOT_STATED_BY_SOURCE,,NOT_VERIFIED_DO_NOT_INFER,Sparta Rotterdam,Feyenoord,2,2,D,EVALUATION_ONLY_JOIN_AFTER_PREMATCH_FEATURE_FREEZE,4.79,4.16,1.65,EXTERNAL_HISTORICAL_MARKET_BENCHMARK,NOT_AVAILABLE,NOT_GOLDBET,805fa3c86b76b1ef1d1f81a1c64e25119b292a50fd27a5180dd65cc0d92da9f0
5bfe29f09919b800d6bc8c99,Eredivisie,2023/2024,DEVELOPMENT,2023-08-20,13:30,MATCH_KICKOFF_TIME_TIMEZONE_NOT_STATED_BY_SOURCE,,NOT_VERIFIED_DO_NOT_INFER,Twente,Zwolle,3,1,H,EVALUATION_ONLY_JOIN_AFTER_PREMATCH_FEATURE_FREEZE,1.41,4.96,6.91,EXTERNAL_HISTORICAL_MARKET_BENCHMARK,NOT_AVAILABLE,NOT_GOLDBET,021888c667c7967332845fb33111e379ecb4ba43b7578bf734ff657d895e8c8d
810a439fc5f71c667dfbffbe,Eredivisie,2023/2024,DEVELOPMENT,2023-08-20,15:45,MATCH_KICKOFF_TIME_TIMEZONE_NOT_STATED_BY_SOURCE,,NOT_VERIFIED_DO_NOT_INFER,Waalwijk,AZ Alkmaar,1,3,A,EVALUATION_ONLY_JOIN_AFTER_PREMATCH_FEATURE_FREEZE,5.04,4.21,1.62,EXTERNAL_HISTORICAL_MARKET_BENCHMARK,NOT_AVAILABLE,NOT_GOLDBET,c78a79e784b595186b8c313832255d3e49a964d0e4ea905eacbe8a64e5e19dd2
61d30d1c0698ca2bbe62ee56,Eredivisie,2023/2024,DEVELOPMENT,2023-08-26,17:45,MATCH_KICKOFF_TIME_TIMEZONE_NOT_STATED_BY_SOURCE,,NOT_VERIFIED_DO_NOT_INFER,Nijmegen,Waalwijk,3,0,H,EVALUATION_ONLY_JOIN_AFTER_PREMATCH_FEATURE_FREEZE,1.69,4.12,4.56,EXTERNAL_HISTORICAL_MARKET_BENCHMARK,NOT_AVAILABLE,NOT_GOLDBET,0ed5dd3891d997bfaaf9835f0d6c3a4ab9c6c084cadc06e7a91be3815eb13698
737b6289c667fbc05b9bdcd6,Eredivisie,2023/2024,DEVELOPMENT,2023-08-26,20:00,MATCH_KICKOFF_TIME_TIMEZONE_NOT_STATED_BY_SOURCE,,NOT_VERIFIED_DO_NOT_INFER,Excelsior,For Sittard,2,2,D,EVALUATION_ONLY_JOIN_AFTER_PREMATCH_FEATURE_FREEZE,2.83,3.6,2.37,EXTERNAL_HISTORICAL_MARKET_BENCHMARK,NOT_AVAILABLE,NOT_GOLDBET,378c3355b75f5ddeb64db29c3a09d1eef85eb4d1fdb4cac99e53c840b34d3649
c6dec0747a42d597c6569d47,Eredivisie,2023/2024,DEVELOPMENT,2023-08-27,11:15,MATCH_KICKOFF_TIME_TIMEZONE_NOT_STATED_BY_SOURCE,,NOT_VERIFIED_DO_NOT_INFER,Zwolle,Utrecht,1,0,H,EVALUATION_ONLY_JOIN_AFTER_PREMATCH_FEATURE_FREEZE,2.74,3.77,2.38,EXTERNAL_HISTORICAL_MARKET_BENCHMARK,NOT_AVAILABLE,NOT_GOLDBET,361917315cdb06b756e017596bc9123edc7fe9187ea5450866644fa24c4f14af
7fa1c0dc4f6bc1e00fde8ceb,Eredivisie,2023/2024,DEVELOPMENT,2023-08-27,13:30,MATCH_KICKOFF_TIME_TIMEZONE_NOT_STATED_BY_SOURCE,,NOT_VERIFIED_DO_NOT_INFER,Feyenoord,Almere City,6,1,H,EVALUATION_ONLY_JOIN_AFTER_PREMATCH_FEATURE_FREEZE,1.14,8.92,16.85,EXTERNAL_HISTORICAL_MARKET_BENCHMARK,NOT_AVAILABLE,NOT_GOLDBET,c068765be7d3236b089b9d4941a7f6fc44cb0e21e8aff59fd79b86c5c81deb0c
6b07919b39014df62c5c50c5,Eredivisie,2023/2024,DEVELOPMENT,2023-08-27,15:45,MATCH_KICKOFF_TIME_TIMEZONE_NOT_STATED_BY_SOURCE,,NOT_VERIFIED_DO_NOT_INFER,Heerenveen,Sparta Rotterdam,1,3,A,EVALUATION_ONLY_JOIN_AFTER_PREMATCH_FEATURE_FREEZE,2.2,3.66,3.04,EXTERNAL_HISTORICAL_MARKET_BENCHMARK,NOT_AVAILABLE,NOT_GOLDBET,c6b11b661744a774a2363e1fd6e20972526fc1254544df34e6bbf5fac23dccbd
e3cc1a99c9a95b0f45fe8fb2,Eredivisie,2023/2024,DEVELOPMENT,2023-09-01,19:00,MATCH_KICKOFF_TIME_TIMEZONE_NOT_STATED_BY_SOURCE,,NOT_VERIFIED_DO_NOT_INFER,Sparta Rotterdam,Nijmegen,1,1,D,EVALUATION_ONLY_JOIN_AFTER_PREMATCH_FEATURE_FREEZE,2.02,3.64,3.53,EXTERNAL_HISTORICAL_MARKET_BENCHMARK,NOT_AVAILABLE,NOT_GOLDBET,e36191b62aff6b43c6eeedbb447bde5fc315935538bf2934b1011da47d4b01ed
62994d312dd7b416e1c292d9,Eredivisie,2023/2024,DEVELOPMENT,2023-09-02,15:30,MATCH_KICKOFF_TIME_TIMEZONE_NOT_STATED_BY_SOURCE,,NOT_VERIFIED_DO_NOT_INFER,Almere City,Zwolle,1,2,A,EVALUATION_ONLY_JOIN_AFTER_PREMATCH_FEATURE_FREEZE,2.84,3.53,2.36,EXTERNAL_HISTORICAL_MARKET_BENCHMARK,NOT_AVAILABLE,NOT_GOLDBET,bcbb6b082671ec11dd1ae2a2211dd242f7bbad7965d6ef4950a0d18f7447ef7b
78d9080877b5505264bee2eb,Eredivisie,2023/2024,DEVELOPMENT,2023-09-02,17:45,MATCH_KICKOFF_TIME_TIMEZONE_NOT_STATED_BY_SOURCE,,NOT_VERIFIED_DO_NOT_INFER,Go Ahead Eagles,Heerenveen,3,2,H,EVALUATION_ONLY_JOIN_AFTER_PREMATCH_FEATURE_FREEZE,2.01,3.67,3.54,EXTERNAL_HISTORICAL_MARKET_BENCHMARK,NOT_AVAILABLE,NOT_GOLDBET,7817c100d41ff3531b27d85742c2faa2cf2db3653b08c1461e467ff2bb559f16
4d164052f28347755d673a1e,Eredivisie,2023/2024,DEVELOPMENT,2023-09-02,19:00,MATCH_KICKOFF_TIME_TIMEZONE_NOT_STATED_BY_SOURCE,,NOT_VERIFIED_DO_NOT_INFER,Waalwijk,PSV Eindhoven,0,4,A,EVALUATION_ONLY_JOIN_AFTER_PREMATCH_FEATURE_FREEZE,9.64,6.33,1.26,EXTERNAL_HISTORICAL_MARKET_BENCHMARK,NOT_AVAILABLE,NOT_GOLDBET,2ef8f03d5ee1c5e2aefbe0648528183da4eb0fc91e17bcb785f577d2e0738bd7
bd2c535d3fbe67e5ead3a9f8,Eredivisie,2023/2024,DEVELOPMENT,2023-09-02,20:00,MATCH_KICKOFF_TIME_TIMEZONE_NOT_STATED_BY_SOURCE,,NOT_VERIFIED_DO_NOT_INFER,Heracles,Excelsior,3,1,H,EVALUATION_ONLY_JOIN_AFTER_PREMATCH_FEATURE_FREEZE,1.78,3.93,4.16,EXTERNAL_HISTORICAL_MARKET_BENCHMARK,NOT_AVAILABLE,NOT_GOLDBET,3410ee426f171992ba7f60ca4b16d43250f8885a8ac73811632a651e1fe019a9
89d58b30095b4b2b6d7a0421,Eredivisie,2023/2024,DEVELOPMENT,2023-09-03,11:15,MATCH_KICKOFF_TIME_TIMEZONE_NOT_STATED_BY_SOURCE,,NOT_VERIFIED_DO_NOT_INFER,Utrecht,Feyenoord,1,5,A,EVALUATION_ONLY_JOIN_AFTER_PREMATCH_FEATURE_FREEZE,4.4,4.14,1.7,EXTERNAL_HISTORICAL_MARKET_BENCHMARK,NOT_AVAILABLE,NOT_GOLDBET,e1e34d6a1c2a39e94f34791dabdd504723c7b0491f8c32c8d9692012eb7b8f23
e06342948ba976cf52f54c45,Eredivisie,2023/2024,DEVELOPMENT,2023-09-03,13:30,MATCH_KICKOFF_TIME_TIMEZONE_NOT_STATED_BY_SOURCE,,NOT_VERIFIED_DO_NOT_INFER,For Sittard,Ajax,0,0,D,EVALUATION_ONLY_JOIN_AFTER_PREMATCH_FEATURE_FREEZE,4.95,4.34,1.61,EXTERNAL_HISTORICAL_MARKET_BENCHMARK,NOT_AVAILABLE,NOT_GOLDBET,520f5681b52bafc01896357dd6fbaad999de5233e6cd46e248f0a1138b92e8e2
50aa891e138a455c594239fd,Eredivisie,2023/2024,DEVELOPMENT,2023-09-03,13:30,MATCH_KICKOFF_TIME_TIMEZONE_NOT_STATED_BY_SOURCE,,NOT_VERIFIED_DO_NOT_INFER,Volendam,Twente,0,2,A,EVALUATION_ONLY_JOIN_AFTER_PREMATCH_FEATURE_FREEZE,6.33,4.87,1.45,EXTERNAL_HISTORICAL_MARKET_BENCHMARK,NOT_AVAILABLE,NOT_GOLDBET,7882fc1b92b306bb0dfef7e9b8a08e1560cf7a8902866093fab5b1ec4fc59c29
7cb9c64b8078cfb3fc36936b,Eredivisie,2023/2024,DEVELOPMENT,2023-09-03,15:45,MATCH_KICKOFF_TIME_TIMEZONE_NOT_STATED_BY_SOURCE,,NOT_VERIFIED_DO_NOT_INFER,Vitesse,AZ Alkmaar,0,2,A,EVALUATION_ONLY_JOIN_AFTER_PREMATCH_FEATURE_FREEZE,2.84,3.56,2.38,EXTERNAL_HISTORICAL_MARKET_BENCHMARK,NOT_AVAILABLE,NOT_GOLDBET,514d349a255c2d1534c6e31b28b9f9e7951827c09f961994cf894c2cd548bc4a
e59fe66d2afcf18eb4152822,Eredivisie,2023/2024,DEVELOPMENT,2023-09-16,15:30,MATCH_KICKOFF_TIME_TIMEZONE_NOT_STATED_BY_SOURCE,,NOT_VERIFIED_DO_NOT_INFER,Feyenoord,Heerenveen,6,1,H,EVALUATION_ONLY_JOIN_AFTER_PREMATCH_FEATURE_FREEZE,1.17,7.8,14.32,EXTERNAL_HISTORICAL_MARKET_BENCHMARK,NOT_AVAILABLE,NOT_GOLDBET,7e5f026f621a4b29b3b3c6e9b9f0fe1e4504563e70c0559ec6da753657a3ac30
01ec1ae8b38bb29f5a727732,Eredivisie,2023/2024,DEVELOPMENT,2023-09-16,17:45,MATCH_KICKOFF_TIME_TIMEZONE_NOT_STATED_BY_SOURCE,,NOT_VERIFIED_DO_NOT_INFER,Vitesse,Waalwijk,0,2,A,EVALUATION_ONLY_JOIN_AFTER_PREMATCH_FEATURE_FREEZE,1.51,4.55,5.79,EXTERNAL_HISTORICAL_MARKET_BENCHMARK,NOT_AVAILABLE,NOT_GOLDBET,f6ca1d035fa3e7000688061042c3ca376fd2aca29965f80ad80308bc88460534
50caf8647e225fbe72d67744,Eredivisie,2023/2024,DEVELOPMENT,2023-09-16,19:00,MATCH_KICKOFF_TIME_TIMEZONE_NOT_STATED_BY_SOURCE,,NOT_VERIFIED_DO_NOT_INFER,For Sittard,Volendam,3,1,H,EVALUATION_ONLY_JOIN_AFTER_PREMATCH_FEATURE_FREEZE,1.45,4.75,6.58,EXTERNAL_HISTORICAL_MARKET_BENCHMARK,NOT_AVAILABLE,NOT_GOLDBET,36a9ee5988385912fee140fe50f6cbb7d55e54a7172ade14d1d340db7f750e6b
1f802c689620c748e0b8dcc0,Eredivisie,2023/2024,DEVELOPMENT,2023-09-16,19:00,MATCH_KICKOFF_TIME_TIMEZONE_NOT_STATED_BY_SOURCE,,NOT_VERIFIED_DO_NOT_INFER,PSV Eindhoven,Nijmegen,4,0,H,EVALUATION_ONLY_JOIN_AFTER_PREMATCH_FEATURE_FREEZE,1.15,8.35,15.83,EXTERNAL_HISTORICAL_MARKET_BENCHMARK,NOT_AVAILABLE,NOT_GOLDBET,85eca4f5efb48c1f878429de58f78a412550f8c1014bae6d6cfe995ec1e6863a
ef9308571340f17fed58646b,Eredivisie,2023/2024,DEVELOPMENT,2023-09-16,20:00,MATCH_KICKOFF_TIME_TIMEZONE_NOT_STATED_BY_SOURCE,,NOT_VERIFIED_DO_NOT_INFER,Heracles,Utrecht,1,3,A,EVALUATION_ONLY_JOIN_AFTER_PREMATCH_FEATURE_FREEZE,2.71,3.57,2.48,EXTERNAL_HISTORICAL_MARKET_BENCHMARK,NOT_AVAILABLE,NOT_GOLDBET,475de0801599df7d7de6a3a9b9f26d34595b0ae82b41ca94246b44dfb3aa805f
f32b5ef86687eaed30a8396c,Eredivisie,2023/2024,DEVELOPMENT,2023-09-17,11:15,MATCH_KICKOFF_TIME_TIMEZONE_NOT_STATED_BY_SOURCE,,NOT_VERIFIED_DO_NOT_INFER,Zwolle,Go Ahead Eagles,1,1,D,EVALUATION_ONLY_JOIN_AFTER_PREMATCH_FEATURE_FREEZE,2.38,3.49,2.9,EXTERNAL_HISTORICAL_MARKET_BENCHMARK,NOT_AVAILABLE,NOT_GOLDBET,7f228f845ff4babcb074df5c72baabac7e87eb8b73d5b62caff63aff97aef76c
f1fddb496ee080b71bec3b0c,Eredivisie,2023/2024,DEVELOPMENT,2023-09-17,13:30,MATCH_KICKOFF_TIME_TIMEZONE_NOT_STATED_BY_SOURCE,,NOT_VERIFIED_DO_NOT_INFER,Excelsior,Almere City,0,0,D,EVALUATION_ONLY_JOIN_AFTER_PREMATCH_FEATURE_FREEZE,2.02,3.79,3.4,EXTERNAL_HISTORICAL_MARKET_BENCHMARK,NOT_AVAILABLE,NOT_GOLDBET,3cc24cc9da00359edf9e87b00cd361a5d83f1066c5f0094375dace11fd775ba0
e0ea526e889c324069b04325,Eredivisie,2023/2024,DEVELOPMENT,2023-09-17,13:30,MATCH_KICKOFF_TIME_TIMEZONE_NOT_STATED_BY_SOURCE,,NOT_VERIFIED_DO_NOT_INFER,Twente,Ajax,3,1,H,EVALUATION_ONLY_JOIN_AFTER_PREMATCH_FEATURE_FREEZE,2.39,3.53,2.84,EXTERNAL_HISTORICAL_MARKET_BENCHMARK,NOT_AVAILABLE,NOT_GOLDBET,8362dfd219e7e07ede44ac09f57e77e3f68f5825d5712461815307510bec4e36
48ccb3872a718ab9295d8949,Eredivisie,2023/2024,DEVELOPMENT,2023-09-17,15:45,MATCH_KICKOFF_TIME_TIMEZONE_NOT_STATED_BY_SOURCE,,NOT_VERIFIED_DO_NOT_INFER,AZ Alkmaar,Sparta Rotterdam,2,0,H,EVALUATION_ONLY_JOIN_AFTER_PREMATCH_FEATURE_FREEZE,1.49,4.36,6.7,EXTERNAL_HISTORICAL_MARKET_BENCHMARK,NOT_AVAILABLE,NOT_GOLDBET,8d3377f47f05bd51c16204c74f2da524891e1c4ee45dc44aa53b4284940849d3
b9eeffee9045e7ea8219c24e,Eredivisie,2023/2024,DEVELOPMENT,2023-09-22,19:00,MATCH_KICKOFF_TIME_TIMEZONE_NOT_STATED_BY_SOURCE,,NOT_VERIFIED_DO_NOT_INFER,Go Ahead Eagles,For Sittard,3,0,H,EVALUATION_ONLY_JOIN_AFTER_PREMATCH_FEATURE_FREEZE,2.29,3.57,2.97,EXTERNAL_HISTORICAL_MARKET_BENCHMARK,NOT_AVAILABLE,NOT_GOLDBET,ddcea0f1c22edd9a83b33f79c732280c6a459c75f82af68c4c8282b9c737c881
1d94edb5041f55a4eb0f6b24,Eredivisie,2023/2024,DEVELOPMENT,2023-09-23,15:30,MATCH_KICKOFF_TIME_TIMEZONE_NOT_STATED_BY_SOURCE,,NOT_VERIFIED_DO_NOT_INFER,Volendam,Heracles,2,2,D,EVALUATION_ONLY_JOIN_AFTER_PREMATCH_FEATURE_FREEZE,2.88,3.72,2.28,EXTERNAL_HISTORICAL_MARKET_BENCHMARK,NOT_AVAILABLE,NOT_GOLDBET,e1fa7ee2ffe05f52a5565daaa839564a6cd0e4e43e1bacee2757e21d23d0055e
4cadf840051495a1361e9700,Eredivisie,2023/2024,DEVELOPMENT,2023-09-23,17:45,MATCH_KICKOFF_TIME_TIMEZONE_NOT_STATED_BY_SOURCE,,NOT_VERIFIED_DO_NOT_INFER,Nijmegen,Utrecht,3,0,H,EVALUATION_ONLY_JOIN_AFTER_PREMATCH_FEATURE_FREEZE,2.4,3.47,2.85,EXTERNAL_HISTORICAL_MARKET_BENCHMARK,NOT_AVAILABLE,NOT_GOLDBET,ea347a4d4abadb15ae799d58f244272af70d8f113b560a08a312c65c9be50775
e18d7eee704e43add3b27906,Eredivisie,2023/2024,DEVELOPMENT,2023-09-23,19:00,MATCH_KICKOFF_TIME_TIMEZONE_NOT_STATED_BY_SOURCE,,NOT_VERIFIED_DO_NOT_INFER,Almere City,PSV Eindhoven,0,4,A,EVALUATION_ONLY_JOIN_AFTER_PREMATCH_FEATURE_FREEZE,12.37,7.32,1.2,EXTERNAL_HISTORICAL_MARKET_BENCHMARK,NOT_AVAILABLE,NOT_GOLDBET,adb1cbfe1298b17863a32cc00ca97c3808180f134175d7755a93cc6a8aa02e62
00b201c2aa029c639d0dc57f,Eredivisie,2023/2024,DEVELOPMENT,2023-09-23,20:00,MATCH_KICKOFF_TIME_TIMEZONE_NOT_STATED_BY_SOURCE,,NOT_VERIFIED_DO_NOT_INFER,Heerenveen,Excelsior,0,3,A,EVALUATION_ONLY_JOIN_AFTER_PREMATCH_FEATURE_FREEZE,1.65,4.24,4.79,EXTERNAL_HISTORICAL_MARKET_BENCHMARK,NOT_AVAILABLE,NOT_GOLDBET,2325f24cabee9bbc064126678538f2a32aec267bf1471b5e87e159a6bc556908
e07d38f066abb16b0db936d8,Eredivisie,2023/2024,DEVELOPMENT,2023-09-24,11:15,MATCH_KICKOFF_TIME_TIMEZONE_NOT_STATED_BY_SOURCE,,NOT_VERIFIED_DO_NOT_INFER,Sparta Rotterdam,Vitesse,1,0,H,EVALUATION_ONLY_JOIN_AFTER_PREMATCH_FEATURE_FREEZE,2.06,3.55,3.49,EXTERNAL_HISTORICAL_MARKET_BENCHMARK,NOT_AVAILABLE,NOT_GOLDBET,633b978ab7924b3fe26854e5389399788fbdf0ec8f21e68ac5028d39e2e0ba0d
72db2cd54d51bd6ad051c5aa,Eredivisie,2023/2024,DEVELOPMENT,2023-09-24,15:45,MATCH_KICKOFF_TIME_TIMEZONE_NOT_STATED_BY_SOURCE,,NOT_VERIFIED_DO_NOT_INFER,Waalwijk,Twente,1,0,H,EVALUATION_ONLY_JOIN_AFTER_PREMATCH_FEATURE_FREEZE,5.75,4.61,1.51,EXTERNAL_HISTORICAL_MARKET_BENCHMARK,NOT_AVAILABLE,NOT_GOLDBET,606e4163bdb3292b68a860dc4ccd7172217a35ba54aaaaee08cbfd84b28d4208
2e02bc1d2221a2b5b154a761,Eredivisie,2023/2024,DEVELOPMENT,2023-09-24,15:45,MATCH_KICKOFF_TIME_TIMEZONE_NOT_STATED_BY_SOURCE,,NOT_VERIFIED_DO_NOT_INFER,Zwolle,AZ Alkmaar,0,3,A,EVALUATION_ONLY_JOIN_AFTER_PREMATCH_FEATURE_FREEZE,4.49,3.95,1.73,EXTERNAL_HISTORICAL_MARKET_BENCHMARK,NOT_AVAILABLE,NOT_GOLDBET,13dbe6ec3b58ab808226d4301145a7c5e91132a43c7dece5822f92eb054ceb48
d4e0c94375de1cd06f4b8a3d,Eredivisie,2023/2024,DEVELOPMENT,2023-09-27,13:00,MATCH_KICKOFF_TIME_TIMEZONE_NOT_STATED_BY_SOURCE,,NOT_VERIFIED_DO_NOT_INFER,Ajax,Feyenoord,0,4,A,EVALUATION_ONLY_JOIN_AFTER_PREMATCH_FEATURE_FREEZE,3.04,3.84,2.15,EXTERNAL_HISTORICAL_MARKET_BENCHMARK,NOT_AVAILABLE,NOT_GOLDBET,ea02af13241c362fcf62c79d79ae70ee4e7b08c78d126e64798e4de594613476
0aa3ab5b426ce481181d6e99,Eredivisie,2023/2024,DEVELOPMENT,2023-09-27,17:45,MATCH_KICKOFF_TIME_TIMEZONE_NOT_STATED_BY_SOURCE,,NOT_VERIFIED_DO_NOT_INFER,PSV Eindhoven,Go Ahead Eagles,3,0,H,EVALUATION_ONLY_JOIN_AFTER_PREMATCH_FEATURE_FREEZE,1.14,9.12,15.74,EXTERNAL_HISTORICAL_MARKET_BENCHMARK,NOT_AVAILABLE,NOT_GOLDBET,60c55ae4e954a84711a67fd3aa6a24861897774f3e2eaa64902bd719980a2abe
5a36db43092090a45b2156fe,Eredivisie,2023/2024,DEVELOPMENT,2023-09-27,19:00,MATCH_KICKOFF_TIME_TIMEZONE_NOT_STATED_BY_SOURCE,,NOT_VERIFIED_DO_NOT_INFER,Twente,Vitesse,1,0,H,EVALUATION_ONLY_JOIN_AFTER_PREMATCH_FEATURE_FREEZE,1.36,5.1,8.42,EXTERNAL_HISTORICAL_MARKET_BENCHMARK,NOT_AVAILABLE,NOT_GOLDBET,50cdc6f9b7e889dd1be4e1f82d80421bc957ee403d7ac6d13a017436d81b7707
e4b7267e044e37072c3747d4,Eredivisie,2023/2024,DEVELOPMENT,2023-09-28,19:00,MATCH_KICKOFF_TIME_TIMEZONE_NOT_STATED_BY_SOURCE,,NOT_VERIFIED_DO_NOT_INFER,AZ Alkmaar,Heracles,1,1,D,EVALUATION_ONLY_JOIN_AFTER_PREMATCH_FEATURE_FREEZE,1.22,6.65,12.74,EXTERNAL_HISTORICAL_MARKET_BENCHMARK,NOT_AVAILABLE,NOT_GOLDBET,94e62715f7bae4422154a8c39f06d72d1c68311fa5f8b8ca3d21ea275fd10ca2
e40864c277d922f901a99384,Eredivisie,2023/2024,DEVELOPMENT,2023-09-30,15:30,MATCH_KICKOFF_TIME_TIMEZONE_NOT_STATED_BY_SOURCE,,NOT_VERIFIED_DO_NOT_INFER,Feyenoord,Go Ahead Eagles,3,1,H,EVALUATION_ONLY_JOIN_AFTER_PREMATCH_FEATURE_FREEZE,1.15,8.35,15.8,EXTERNAL_HISTORICAL_MARKET_BENCHMARK,NOT_AVAILABLE,NOT_GOLDBET,1d8adeab4f25dafebba176edffc3d8509840957410abb3d00d223af05fbed34a
bf15457dc6edafa1941a6bff,Eredivisie,2023/2024,DEVELOPMENT,2023-09-30,17:45,MATCH_KICKOFF_TIME_TIMEZONE_NOT_STATED_BY_SOURCE,,NOT_VERIFIED_DO_NOT_INFER,PSV Eindhoven,Volendam,3,1,H,EVALUATION_ONLY_JOIN_AFTER_PREMATCH_FEATURE_FREEZE,1.03,19.04,39.77,EXTERNAL_HISTORICAL_MARKET_BENCHMARK,NOT_AVAILABLE,NOT_GOLDBET,693a2abd0661f8f3180f5c473a160736969ee526ae8ad0f44f3531e9d15fe008
7a88c04df95d70fc63cdd0a7,Eredivisie,2023/2024,DEVELOPMENT,2023-09-30,17:45,MATCH_KICKOFF_TIME_TIMEZONE_NOT_STATED_BY_SOURCE,,NOT_VERIFIED_DO_NOT_INFER,Utrecht,Almere City,0,2,A,EVALUATION_ONLY_JOIN_AFTER_PREMATCH_FEATURE_FREEZE,1.54,4.35,5.82,EXTERNAL_HISTORICAL_MARKET_BENCHMARK,NOT_AVAILABLE,NOT_GOLDBET,a82d24911b5e3e6805d83acc6a0526b5bb36d7c8319368ed0c7c93ccd9fe3ed0
f90819cfe43bd9548f496052,Eredivisie,2023/2024,DEVELOPMENT,2023-09-30,20:00,MATCH_KICKOFF_TIME_TIMEZONE_NOT_STATED_BY_SOURCE,,NOT_VERIFIED_DO_NOT_INFER,Twente,Heerenveen,1,0,H,EVALUATION_ONLY_JOIN_AFTER_PREMATCH_FEATURE_FREEZE,1.31,5.47,9.62,EXTERNAL_HISTORICAL_MARKET_BENCHMARK,NOT_AVAILABLE,NOT_GOLDBET,028d3bae6824a4317958ebfa352e528ebe4e9aaed93cea1440b668aa4bf960a2
9a1fa985883f0aa613af68d6,Eredivisie,2023/2024,DEVELOPMENT,2023-10-01,11:15,MATCH_KICKOFF_TIME_TIMEZONE_NOT_STATED_BY_SOURCE,,NOT_VERIFIED_DO_NOT_INFER,Nijmegen,Vitesse,1,3,A,EVALUATION_ONLY_JOIN_AFTER_PREMATCH_FEATURE_FREEZE,2.16,3.56,3.26,EXTERNAL_HISTORICAL_MARKET_BENCHMARK,NOT_AVAILABLE,NOT_GOLDBET,2b7a84f1975404c29b85d3ce1ab44927299fe3e38c4957393af78bd7564cff8f
d53e6fa2b4cf10ae7fd7c8ed,Eredivisie,2023/2024,DEVELOPMENT,2023-10-01,13:30,MATCH_KICKOFF_TIME_TIMEZONE_NOT_STATED_BY_SOURCE,,NOT_VERIFIED_DO_NOT_INFER,Excelsior,Sparta Rotterdam,2,1,H,EVALUATION_ONLY_JOIN_AFTER_PREMATCH_FEATURE_FREEZE,3.19,3.5,2.21,EXTERNAL_HISTORICAL_MARKET_BENCHMARK,NOT_AVAILABLE,NOT_GOLDBET,669eb2140688f2fa8931d45e8db41c74f390ed0cab00cfbbeee9e1519b8b49dc
c57aece657d5fe3622f4a3a1,Eredivisie,2023/2024,DEVELOPMENT,2023-10-01,13:30,MATCH_KICKOFF_TIME_TIMEZONE_NOT_STATED_BY_SOURCE,,NOT_VERIFIED_DO_NOT_INFER,Heracles,Zwolle,2,1,H,EVALUATION_ONLY_JOIN_AFTER_PREMATCH_FEATURE_FREEZE,2.39,3.62,2.82,EXTERNAL_HISTORICAL_MARKET_BENCHMARK,NOT_AVAILABLE,NOT_GOLDBET,3ae27c2537da572f401e268c7995ceb43667c6a2aedad120817ba614d006c3d0
f3b0be108ad9c37a56645a48,Eredivisie,2023/2024,DEVELOPMENT,2023-10-01,15:45,MATCH_KICKOFF_TIME_TIMEZONE_NOT_STATED_BY_SOURCE,,NOT_VERIFIED_DO_NOT_INFER,AZ Alkmaar,For Sittard,4,0,H,EVALUATION_ONLY_JOIN_AFTER_PREMATCH_FEATURE_FREEZE,1.36,5.07,8.27,EXTERNAL_HISTORICAL_MARKET_BENCHMARK,NOT_AVAILABLE,NOT_GOLDBET,b177880c6e9933a03015bfcbdf414b42cd0ca8ff56a8c803722d71163ffab766
1c996723670c5f96277d9aad,Eredivisie,2023/2024,DEVELOPMENT,2023-10-06,19:00,MATCH_KICKOFF_TIME_TIMEZONE_NOT_STATED_BY_SOURCE,,NOT_VERIFIED_DO_NOT_INFER,Volendam,Utrecht,1,0,H,EVALUATION_ONLY_JOIN_AFTER_PREMATCH_FEATURE_FREEZE,3.97,4.11,1.79,EXTERNAL_HISTORICAL_MARKET_BENCHMARK,NOT_AVAILABLE,NOT_GOLDBET,48ff6cf3b9b7d8452e055810c53fbe2f127d51fc6d7ca4ac7203cc06589c04ab
de290f06c6ab7518243a3b96,Eredivisie,2023/2024,DEVELOPMENT,2023-10-07,15:30,MATCH_KICKOFF_TIME_TIMEZONE_NOT_STATED_BY_SOURCE,,NOT_VERIFIED_DO_NOT_INFER,Heerenveen,Nijmegen,1,1,D,EVALUATION_ONLY_JOIN_AFTER_PREMATCH_FEATURE_FREEZE,2.08,3.5,3.49,EXTERNAL_HISTORICAL_MARKET_BENCHMARK,NOT_AVAILABLE,NOT_GOLDBET,5770545bf396625ff1a51ba0bcc9f05135df8c7927b7312377d54e84abc68ef5
220b4cd59197f6f2f7c16daf,Eredivisie,2023/2024,DEVELOPMENT,2023-10-07,17:45,MATCH_KICKOFF_TIME_TIMEZONE_NOT_STATED_BY_SOURCE,,NOT_VERIFIED_DO_NOT_INFER,Almere City,Waalwijk,1,0,H,EVALUATION_ONLY_JOIN_AFTER_PREMATCH_FEATURE_FREEZE,2.27,3.71,2.92,EXTERNAL_HISTORICAL_MARKET_BENCHMARK,NOT_AVAILABLE,NOT_GOLDBET,1ea4ab0c15305a47f2cfc6ae8657152b2eee40b9e079857a66b8465d1178331d
e0c0ea3c4e0b079edd1885dd,Eredivisie,2023/2024,DEVELOPMENT,2023-10-07,19:00,MATCH_KICKOFF_TIME_TIMEZONE_NOT_STATED_BY_SOURCE,,NOT_VERIFIED_DO_NOT_INFER,Go Ahead Eagles,Heracles,4,0,H,EVALUATION_ONLY_JOIN_AFTER_PREMATCH_FEATURE_FREEZE,1.81,3.98,4.04,EXTERNAL_HISTORICAL_MARKET_BENCHMARK,NOT_AVAILABLE,NOT_GOLDBET,59424ccbd461ede487f8e98c03967643779a2c04be9f816e4c9810fab6438ecc
0d397eeaff47fce589402d9e,Eredivisie,2023/2024,DEVELOPMENT,2023-10-07,20:00,MATCH_KICKOFF_TIME_TIMEZONE_NOT_STATED_BY_SOURCE,,NOT_VERIFIED_DO_NOT_INFER,Vitesse,Excelsior,0,0,D,EVALUATION_ONLY_JOIN_AFTER_PREMATCH_FEATURE_FREEZE,1.78,4,4.14,EXTERNAL_HISTORICAL_MARKET_BENCHMARK,NOT_AVAILABLE,NOT_GOLDBET,f8412e8bb64157b9c8efae9c49c9d9526f2fa236d71d816ad16629a370e4e624
b42e510a6365da47f09fa9fc,Eredivisie,2023/2024,DEVELOPMENT,2023-10-08,11:15,MATCH_KICKOFF_TIME_TIMEZONE_NOT_STATED_BY_SOURCE,,NOT_VERIFIED_DO_NOT_INFER,Zwolle,Feyenoord,0,2,A,EVALUATION_ONLY_JOIN_AFTER_PREMATCH_FEATURE_FREEZE,9.91,6.14,1.27,EXTERNAL_HISTORICAL_MARKET_BENCHMARK,NOT_AVAILABLE,NOT_GOLDBET,0868fc2364e4437e4339104ed14650fd7f2156cce2845f2623be76aec735c196
6f4a5c86eeebc0936f970f79,Eredivisie,2023/2024,DEVELOPMENT,2023-10-08,13:30,MATCH_KICKOFF_TIME_TIMEZONE_NOT_STATED_BY_SOURCE,,NOT_VERIFIED_DO_NOT_INFER,Ajax,AZ Alkmaar,1,2,A,EVALUATION_ONLY_JOIN_AFTER_PREMATCH_FEATURE_FREEZE,2.55,3.64,2.6,EXTERNAL_HISTORICAL_MARKET_BENCHMARK,NOT_AVAILABLE,NOT_GOLDBET,ab3d0efadcce2916fb452d162ce13b77eb12dd593d1d5fc2626b00c6c1812f10
f6806535cc2b68e63d53ef4f,Eredivisie,2023/2024,DEVELOPMENT,2023-10-08,13:30,MATCH_KICKOFF_TIME_TIMEZONE_NOT_STATED_BY_SOURCE,,NOT_VERIFIED_DO_NOT_INFER,For Sittard,Twente,0,3,A,EVALUATION_ONLY_JOIN_AFTER_PREMATCH_FEATURE_FREEZE,4.39,3.96,1.75,EXTERNAL_HISTORICAL_MARKET_BENCHMARK,NOT_AVAILABLE,NOT_GOLDBET,f221e53845796e5461c20a99f7cb83e93be609b1fd335ac552b8253fd80d4791
39b22dc55bae704c27daf5ca,Eredivisie,2023/2024,DEVELOPMENT,2023-10-08,15:45,MATCH_KICKOFF_TIME_TIMEZONE_NOT_STATED_BY_SOURCE,,NOT_VERIFIED_DO_NOT_INFER,Sparta Rotterdam,PSV Eindhoven,0,4,A,EVALUATION_ONLY_JOIN_AFTER_PREMATCH_FEATURE_FREEZE,7.62,5.33,1.36,EXTERNAL_HISTORICAL_MARKET_BENCHMARK,NOT_AVAILABLE,NOT_GOLDBET,aaebe7efd667145c2dd41cdfe34dc5227156d0ba1ca0184bff77f594d95e7c1a
18e17759ac6ec8a1d82a278d,Eredivisie,2023/2024,DEVELOPMENT,2023-10-21,17:45,MATCH_KICKOFF_TIME_TIMEZONE_NOT_STATED_BY_SOURCE,,NOT_VERIFIED_DO_NOT_INFER,PSV Eindhoven,For Sittard,3,1,H,EVALUATION_ONLY_JOIN_AFTER_PREMATCH_FEATURE_FREEZE,1.15,8.53,15.79,EXTERNAL_HISTORICAL_MARKET_BENCHMARK,NOT_AVAILABLE,NOT_GOLDBET,22be1a4c1c28dfdbebd665ceeb7c8bcb9eea4b21a1bdbb9ab9157d0ab5fecd6c
a1f330d2fea614f1edc5bb14,Eredivisie,2023/2024,DEVELOPMENT,2023-10-21,17:45,MATCH_KICKOFF_TIME_TIMEZONE_NOT_STATED_BY_SOURCE,,NOT_VERIFIED_DO_NOT_INFER,Waalwijk,Volendam,2,1,H,EVALUATION_ONLY_JOIN_AFTER_PREMATCH_FEATURE_FREEZE,1.71,4.21,4.4,EXTERNAL_HISTORICAL_MARKET_BENCHMARK,NOT_AVAILABLE,NOT_GOLDBET,54060e2d451cc992fadbf337490270c08da7eb46c0797cba906cc38075a897af
d1a1ffb8ab7841c28b059222,Eredivisie,2023/2024,DEVELOPMENT,2023-10-21,19:00,MATCH_KICKOFF_TIME_TIMEZONE_NOT_STATED_BY_SOURCE,,NOT_VERIFIED_DO_NOT_INFER,Nijmegen,Almere City,1,1,D,EVALUATION_ONLY_JOIN_AFTER_PREMATCH_FEATURE_FREEZE,1.86,3.76,4.03,EXTERNAL_HISTORICAL_MARKET_BENCHMARK,NOT_AVAILABLE,NOT_GOLDBET,91099599294d9fbd799024192682962fc92a3120b8fea07780b48e7ccbbc91fd
692daeca9ed1a116dd7c6caf,Eredivisie,2023/2024,DEVELOPMENT,2023-10-21,20:00,MATCH_KICKOFF_TIME_TIMEZONE_NOT_STATED_BY_SOURCE,,NOT_VERIFIED_DO_NOT_INFER,AZ Alkmaar,Heerenveen,3,0,H,EVALUATION_ONLY_JOIN_AFTER_PREMATCH_FEATURE_FREEZE,1.37,5.04,8.23,EXTERNAL_HISTORICAL_MARKET_BENCHMARK,NOT_AVAILABLE,NOT_GOLDBET,5991a573411257fcbebcef8b944221ccac07b9921e4ecb0eb8212b31142a27c1
86b381a2a4048c4dabacb197,Eredivisie,2023/2024,DEVELOPMENT,2023-10-21,20:00,MATCH_KICKOFF_TIME_TIMEZONE_NOT_STATED_BY_SOURCE,,NOT_VERIFIED_DO_NOT_INFER,Feyenoord,Vitesse,4,0,H,EVALUATION_ONLY_JOIN_AFTER_PREMATCH_FEATURE_FREEZE,1.12,9.25,19.6,EXTERNAL_HISTORICAL_MARKET_BENCHMARK,NOT_AVAILABLE,NOT_GOLDBET,ab7794813e63293625a17635c8580b7cddf517df14f4a90dad69e4601b17d02b
185c7734298aa654bd519f03,Eredivisie,2023/2024,DEVELOPMENT,2023-10-22,11:15,MATCH_KICKOFF_TIME_TIMEZONE_NOT_STATED_BY_SOURCE,,NOT_VERIFIED_DO_NOT_INFER,Utrecht,Ajax,4,3,H,EVALUATION_ONLY_JOIN_AFTER_PREMATCH_FEATURE_FREEZE,3.74,3.83,1.91,EXTERNAL_HISTORICAL_MARKET_BENCHMARK,NOT_AVAILABLE,NOT_GOLDBET,551aa90c9e65e8e03bdf99b2b0f56b7f0c5ba20e82f7a83a816703b1b1601306
f96cb69569a8a7a8a113f48b,Eredivisie,2023/2024,DEVELOPMENT,2023-10-22,13:30,MATCH_KICKOFF_TIME_TIMEZONE_NOT_STATED_BY_SOURCE,,NOT_VERIFIED_DO_NOT_INFER,Excelsior,Zwolle,2,4,A,EVALUATION_ONLY_JOIN_AFTER_PREMATCH_FEATURE_FREEZE,2.27,3.75,2.9,EXTERNAL_HISTORICAL_MARKET_BENCHMARK,NOT_AVAILABLE,NOT_GOLDBET,fdbc2cb30c8efa7b0b8525d0c3e0b1e8cd7a6889ac3075f8510d2da454a7675c
36eb188d9404890ec8c929cf,Eredivisie,2023/2024,DEVELOPMENT,2023-10-22,13:30,MATCH_KICKOFF_TIME_TIMEZONE_NOT_STATED_BY_SOURCE,,NOT_VERIFIED_DO_NOT_INFER,Heracles,Twente,2,2,D,EVALUATION_ONLY_JOIN_AFTER_PREMATCH_FEATURE_FREEZE,5.77,4.43,1.53,EXTERNAL_HISTORICAL_MARKET_BENCHMARK,NOT_AVAILABLE,NOT_GOLDBET,b4c6a73ba2bc464b9e175f5e2ec84b549bbc1d836907e2abeb2e284927e43b73
34d77884fd616d35648dc657,Eredivisie,2023/2024,DEVELOPMENT,2023-10-22,15:45,MATCH_KICKOFF_TIME_TIMEZONE_NOT_STATED_BY_SOURCE,,NOT_VERIFIED_DO_NOT_INFER,Go Ahead Eagles,Sparta Rotterdam,0,0,D,EVALUATION_ONLY_JOIN_AFTER_PREMATCH_FEATURE_FREEZE,2.03,3.76,3.43,EXTERNAL_HISTORICAL_MARKET_BENCHMARK,NOT_AVAILABLE,NOT_GOLDBET,1fbf96d8c09b4a874eb357b954d0153a4551b1b1c7a6d944a6367d23d1f5c6d9
5945e679b7b019224217240f,Eredivisie,2023/2024,DEVELOPMENT,2023-10-27,19:00,MATCH_KICKOFF_TIME_TIMEZONE_NOT_STATED_BY_SOURCE,,NOT_VERIFIED_DO_NOT_INFER,Vitesse,Zwolle,1,1,D,EVALUATION_ONLY_JOIN_AFTER_PREMATCH_FEATURE_FREEZE,2.09,3.68,3.29,EXTERNAL_HISTORICAL_MARKET_BENCHMARK,NOT_AVAILABLE,NOT_GOLDBET,f3cf8d3c4930dc14d5a171a601b9f3f575cb960294f48a0c3b0ebcf031746848
3f9f24cb472f41a863ee1e5c,Eredivisie,2023/2024,DEVELOPMENT,2023-10-28,17:45,MATCH_KICKOFF_TIME_TIMEZONE_NOT_STATED_BY_SOURCE,,NOT_VERIFIED_DO_NOT_INFER,Heerenveen,Heracles,3,0,H,EVALUATION_ONLY_JOIN_AFTER_PREMATCH_FEATURE_FREEZE,1.74,3.99,4.43,EXTERNAL_HISTORICAL_MARKET_BENCHMARK,NOT_AVAILABLE,NOT_GOLDBET,646e7c74df807c61d07e1f62dd2ad1feb4496d7ff3525ade1f8c9cf41a42589b
e067504807f7cefac303686e,Eredivisie,2023/2024,DEVELOPMENT,2023-10-28,19:00,MATCH_KICKOFF_TIME_TIMEZONE_NOT_STATED_BY_SOURCE,,NOT_VERIFIED_DO_NOT_INFER,Almere City,Go Ahead Eagles,0,0,D,EVALUATION_ONLY_JOIN_AFTER_PREMATCH_FEATURE_FREEZE,2.9,3.56,2.33,EXTERNAL_HISTORICAL_MARKET_BENCHMARK,NOT_AVAILABLE,NOT_GOLDBET,f92ddddbfcaac772110f159979ac81b25a951a74a5c6686cc0ef0963f942ebfc
33e1f43d1979a9eaf278d789,Eredivisie,2023/2024,DEVELOPMENT,2023-10-28,19:00,MATCH_KICKOFF_TIME_TIMEZONE_NOT_STATED_BY_SOURCE,,NOT_VERIFIED_DO_NOT_INFER,Sparta Rotterdam,Waalwijk,2,0,H,EVALUATION_ONLY_JOIN_AFTER_PREMATCH_FEATURE_FREEZE,1.76,3.87,4.46,EXTERNAL_HISTORICAL_MARKET_BENCHMARK,NOT_AVAILABLE,NOT_GOLDBET,6d712ba9fcc5ef08bef0e5d7050aa235342714fc9f7098a755c780bcfb340726
43778533daf03002eaeaf28c,Eredivisie,2023/2024,DEVELOPMENT,2023-10-28,20:00,MATCH_KICKOFF_TIME_TIMEZONE_NOT_STATED_BY_SOURCE,,NOT_VERIFIED_DO_NOT_INFER,For Sittard,Utrecht,0,0,D,EVALUATION_ONLY_JOIN_AFTER_PREMATCH_FEATURE_FREEZE,2.3,3.53,2.98,EXTERNAL_HISTORICAL_MARKET_BENCHMARK,NOT_AVAILABLE,NOT_GOLDBET,ef42c640ceda268c1ab90aba89d52bd700397ed9bfca1191471fcbd12d75a24b
4f9119bf59c7df27e6faf764,Eredivisie,2023/2024,DEVELOPMENT,2023-10-29,11:15,MATCH_KICKOFF_TIME_TIMEZONE_NOT_STATED_BY_SOURCE,,NOT_VERIFIED_DO_NOT_INFER,Twente,Feyenoord,2,1,H,EVALUATION_ONLY_JOIN_AFTER_PREMATCH_FEATURE_FREEZE,3.53,3.73,2,EXTERNAL_HISTORICAL_MARKET_BENCHMARK,NOT_AVAILABLE,NOT_GOLDBET,44a400e32c9837944958b16454c8478174a4533c9e2ddd00b61a9267f4106fc2
553d3638ac956bcf93f7cd49,Eredivisie,2023/2024,DEVELOPMENT,2023-10-29,13:30,MATCH_KICKOFF_TIME_TIMEZONE_NOT_STATED_BY_SOURCE,,NOT_VERIFIED_DO_NOT_INFER,PSV Eindhoven,Ajax,5,2,H,EVALUATION_ONLY_JOIN_AFTER_PREMATCH_FEATURE_FREEZE,1.28,6.14,9.3,EXTERNAL_HISTORICAL_MARKET_BENCHMARK,NOT_AVAILABLE,NOT_GOLDBET,6ec6250d919758aa88cb34e7a8dcdcdc661c5182acc86e7ffe4db5131792da72
c6b361e8b5e38aee590c570a,Eredivisie,2023/2024,DEVELOPMENT,2023-10-29,13:30,MATCH_KICKOFF_TIME_TIMEZONE_NOT_STATED_BY_SOURCE,,NOT_VERIFIED_DO_NOT_INFER,Volendam,Excelsior,3,1,H,EVALUATION_ONLY_JOIN_AFTER_PREMATCH_FEATURE_FREEZE,2.58,3.72,2.52,EXTERNAL_HISTORICAL_MARKET_BENCHMARK,NOT_AVAILABLE,NOT_GOLDBET,68bacc95db504e179b8c60f30f03449d4a9b2ec4905359508712947c9578a59f
23f1653e551befead00a2ef6,Eredivisie,2023/2024,DEVELOPMENT,2023-11-02,19:00,MATCH_KICKOFF_TIME_TIMEZONE_NOT_STATED_BY_SOURCE,,NOT_VERIFIED_DO_NOT_INFER,Ajax,Volendam,2,0,H,EVALUATION_ONLY_JOIN_AFTER_PREMATCH_FEATURE_FREEZE,1.22,7.32,10.5,EXTERNAL_HISTORICAL_MARKET_BENCHMARK,NOT_AVAILABLE,NOT_GOLDBET,99926b1c6b470c0f1b53a27f19f76efd7760ec88c455359b6c9d962ced1faef0
781c78c9189f5922fb1ca47a,Eredivisie,2023/2024,DEVELOPMENT,2023-11-04,15:30,MATCH_KICKOFF_TIME_TIMEZONE_NOT_STATED_BY_SOURCE,,NOT_VERIFIED_DO_NOT_INFER,Heracles,PSV Eindhoven,0,6,A,EVALUATION_ONLY_JOIN_AFTER_PREMATCH_FEATURE_FREEZE,11.55,7.24,1.21,EXTERNAL_HISTORICAL_MARKET_BENCHMARK,NOT_AVAILABLE,NOT_GOLDBET,113d71586248ac68c1e82bbb82f1a256517583c8f3aceeeb92bc7bf8b7dea3bc
3e59285a4110f1f94ac2bab4,Eredivisie,2023/2024,DEVELOPMENT,2023-11-04,17:45,MATCH_KICKOFF_TIME_TIMEZONE_NOT_STATED_BY_SOURCE,,NOT_VERIFIED_DO_NOT_INFER,Excelsior,AZ Alkmaar,1,1,D,EVALUATION_ONLY_JOIN_AFTER_PREMATCH_FEATURE_FREEZE,8.13,5.25,1.35,EXTERNAL_HISTORICAL_MARKET_BENCHMARK,NOT_AVAILABLE,NOT_GOLDBET,87aa8885b6a688bfe232e40b1c889941278077bc5f4cdf54c6519a5356bad722
2903d59637f58fd57abfdef5,Eredivisie,2023/2024,DEVELOPMENT,2023-11-04,17:45,MATCH_KICKOFF_TIME_TIMEZONE_NOT_STATED_BY_SOURCE,,NOT_VERIFIED_DO_NOT_INFER,Waalwijk,Feyenoord,1,2,A,EVALUATION_ONLY_JOIN_AFTER_PREMATCH_FEATURE_FREEZE,14.14,7.68,1.17,EXTERNAL_HISTORICAL_MARKET_BENCHMARK,NOT_AVAILABLE,NOT_GOLDBET,71ecc15d0f4779ecac5fcc26da159c83658562cb32ac07f47147be6a4521d7e6
b654b12baa7807b2e75df6af,Eredivisie,2023/2024,DEVELOPMENT,2023-11-04,20:00,MATCH_KICKOFF_TIME_TIMEZONE_NOT_STATED_BY_SOURCE,,NOT_VERIFIED_DO_NOT_INFER,Go Ahead Eagles,Vitesse,5,1,H,EVALUATION_ONLY_JOIN_AFTER_PREMATCH_FEATURE_FREEZE,2,3.69,3.55,EXTERNAL_HISTORICAL_MARKET_BENCHMARK,NOT_AVAILABLE,NOT_GOLDBET,6d9ab9e3016b346c28af1879accf696284d72e022e656ceac215f6b5d1aab5f6
5bbdfeea78d01605046c5e4b,Eredivisie,2023/2024,DEVELOPMENT,2023-11-05,11:15,MATCH_KICKOFF_TIME_TIMEZONE_NOT_STATED_BY_SOURCE,,NOT_VERIFIED_DO_NOT_INFER,Utrecht,Twente,1,1,D,EVALUATION_ONLY_JOIN_AFTER_PREMATCH_FEATURE_FREEZE,4.1,3.73,1.85,EXTERNAL_HISTORICAL_MARKET_BENCHMARK,NOT_AVAILABLE,NOT_GOLDBET,d3d8f10fe69a73a8a8c5d191eb3dfd26a3ecc6f6d492d6671342195f461340d8
7306f67dee53a0edddd46bb8,Eredivisie,2023/2024,DEVELOPMENT,2023-11-05,13:30,MATCH_KICKOFF_TIME_TIMEZONE_NOT_STATED_BY_SOURCE,,NOT_VERIFIED_DO_NOT_INFER,Nijmegen,Volendam,3,3,D,EVALUATION_ONLY_JOIN_AFTER_PREMATCH_FEATURE_FREEZE,1.54,4.47,5.42,EXTERNAL_HISTORICAL_MARKET_BENCHMARK,NOT_AVAILABLE,NOT_GOLDBET,2e54d6599ae83090ca6802610462b5c694fcd5242b4b6a4bb0f9d0e77e0e3ea6
65fd6ed8c0dd83b62fab2fb7,Eredivisie,2023/2024,DEVELOPMENT,2023-11-05,13:30,MATCH_KICKOFF_TIME_TIMEZONE_NOT_STATED_BY_SOURCE,,NOT_VERIFIED_DO_NOT_INFER,Zwolle,For Sittard,2,0,H,EVALUATION_ONLY_JOIN_AFTER_PREMATCH_FEATURE_FREEZE,2.24,3.52,3.11,EXTERNAL_HISTORICAL_MARKET_BENCHMARK,NOT_AVAILABLE,NOT_GOLDBET,930779d92a120ee0ffb6edd60d45e331ba737519ae26df3a7daa75bcd4fe114c
e142177fe430d28bf284c2a2,Eredivisie,2023/2024,DEVELOPMENT,2023-11-05,15:45,MATCH_KICKOFF_TIME_TIMEZONE_NOT_STATED_BY_SOURCE,,NOT_VERIFIED_DO_NOT_INFER,Ajax,Heerenveen,4,1,H,EVALUATION_ONLY_JOIN_AFTER_PREMATCH_FEATURE_FREEZE,1.39,5.33,6.94,EXTERNAL_HISTORICAL_MARKET_BENCHMARK,NOT_AVAILABLE,NOT_GOLDBET,918ec7b0aa16b0a6f83b4bb8572f1c0c9224f87009f68c14db94c5547ef87a7b
ed85f43fc54cd43413c84c6c,Eredivisie,2023/2024,DEVELOPMENT,2023-11-05,15:45,MATCH_KICKOFF_TIME_TIMEZONE_NOT_STATED_BY_SOURCE,,NOT_VERIFIED_DO_NOT_INFER,Sparta Rotterdam,Almere City,1,2,A,EVALUATION_ONLY_JOIN_AFTER_PREMATCH_FEATURE_FREEZE,1.71,3.96,4.67,EXTERNAL_HISTORICAL_MARKET_BENCHMARK,NOT_AVAILABLE,NOT_GOLDBET,98d1d6ed7a2f16c033f598771ea6d3a009b0433839b285d89a536fff58f1ebbd
470642d59a1145bf74da68ff,Eredivisie,2023/2024,DEVELOPMENT,2023-11-10,19:00,MATCH_KICKOFF_TIME_TIMEZONE_NOT_STATED_BY_SOURCE,,NOT_VERIFIED_DO_NOT_INFER,For Sittard,Heracles,4,1,H,EVALUATION_ONLY_JOIN_AFTER_PREMATCH_FEATURE_FREEZE,1.7,3.91,4.81,EXTERNAL_HISTORICAL_MARKET_BENCHMARK,NOT_AVAILABLE,NOT_GOLDBET,92b87d007b739679a6433d71d1ea37acf2de1f765c5a93cdcf5001269503fd18
c06ac7324f9bf0fbfbeb3d03,Eredivisie,2023/2024,DEVELOPMENT,2023-11-11,17:45,MATCH_KICKOFF_TIME_TIMEZONE_NOT_STATED_BY_SOURCE,,NOT_VERIFIED_DO_NOT_INFER,Waalwijk,Go Ahead Eagles,0,1,A,EVALUATION_ONLY_JOIN_AFTER_PREMATCH_FEATURE_FREEZE,3.1,3.67,2.18,EXTERNAL_HISTORICAL_MARKET_BENCHMARK,NOT_AVAILABLE,NOT_GOLDBET,9f4ebb125eee148355e658ad178db9cc9831a42e00bd3eec4c385ebf76f6ef85
e454eadccdee4b00383d1e2c,Eredivisie,2023/2024,DEVELOPMENT,2023-11-11,19:00,MATCH_KICKOFF_TIME_TIMEZONE_NOT_STATED_BY_SOURCE,,NOT_VERIFIED_DO_NOT_INFER,Twente,Nijmegen,3,3,D,EVALUATION_ONLY_JOIN_AFTER_PREMATCH_FEATURE_FREEZE,1.33,5.29,9.19,EXTERNAL_HISTORICAL_MARKET_BENCHMARK,NOT_AVAILABLE,NOT_GOLDBET,1609b0c7db448d7527c1d1be5418a5b3c08a435e503cdd5c3ff14e503116c190
e07c1847ea16f3c46ef149e3,Eredivisie,2023/2024,DEVELOPMENT,2023-11-11,20:00,MATCH_KICKOFF_TIME_TIMEZONE_NOT_STATED_BY_SOURCE,,NOT_VERIFIED_DO_NOT_INFER,Vitesse,Heerenveen,1,3,A,EVALUATION_ONLY_JOIN_AFTER_PREMATCH_FEATURE_FREEZE,2.31,3.41,3.06,EXTERNAL_HISTORICAL_MARKET_BENCHMARK,NOT_AVAILABLE,NOT_GOLDBET,46c18c60ad52608f08e19179118e51c29d02cca1f6a4340c107dfb1d121df425
e3c54e85eeb5c0aeb1fb247c,Eredivisie,2023/2024,DEVELOPMENT,2023-11-12,11:15,MATCH_KICKOFF_TIME_TIMEZONE_NOT_STATED_BY_SOURCE,,NOT_VERIFIED_DO_NOT_INFER,PSV Eindhoven,Zwolle,4,0,H,EVALUATION_ONLY_JOIN_AFTER_PREMATCH_FEATURE_FREEZE,1.07,12.9,27.7,EXTERNAL_HISTORICAL_MARKET_BENCHMARK,NOT_AVAILABLE,NOT_GOLDBET,ed914fdd005f79b122b39812726c7ee9d3e0db93e40e8c76e80f15aebd0915f6
6ef334730a20f5f0fdd9f462,Eredivisie,2023/2024,DEVELOPMENT,2023-11-12,13:30,MATCH_KICKOFF_TIME_TIMEZONE_NOT_STATED_BY_SOURCE,,NOT_VERIFIED_DO_NOT_INFER,Almere City,Ajax,2,2,D,EVALUATION_ONLY_JOIN_AFTER_PREMATCH_FEATURE_FREEZE,5.4,4.7,1.52,EXTERNAL_HISTORICAL_MARKET_BENCHMARK,NOT_AVAILABLE,NOT_GOLDBET,de41f392d9cdee714701d51de2a3141a9ee1fc933a577fc9415b25aec9b35433
f992ef9591483e43fbae8591,Eredivisie,2023/2024,DEVELOPMENT,2023-11-12,13:30,MATCH_KICKOFF_TIME_TIMEZONE_NOT_STATED_BY_SOURCE,,NOT_VERIFIED_DO_NOT_INFER,Volendam,Sparta Rotterdam,1,4,A,EVALUATION_ONLY_JOIN_AFTER_PREMATCH_FEATURE_FREEZE,3.04,3.68,2.19,EXTERNAL_HISTORICAL_MARKET_BENCHMARK,NOT_AVAILABLE,NOT_GOLDBET,d2d3140c73aa2bcafbb2d7f0336591291af01ec1c227f1d8d759091d6397c340
79976d57c949bc5b20223915,Eredivisie,2023/2024,DEVELOPMENT,2023-11-12,15:45,MATCH_KICKOFF_TIME_TIMEZONE_NOT_STATED_BY_SOURCE,,NOT_VERIFIED_DO_NOT_INFER,Feyenoord,AZ Alkmaar,1,0,H,EVALUATION_ONLY_JOIN_AFTER_PREMATCH_FEATURE_FREEZE,1.48,4.58,6.32,EXTERNAL_HISTORICAL_MARKET_BENCHMARK,NOT_AVAILABLE,NOT_GOLDBET,680aecca7d7b61f8ede40010ba2f27dea70332cb683ed468b196d5049a6ff0a2
76cfdca529d5395d6da42aeb,Eredivisie,2023/2024,DEVELOPMENT,2023-11-12,19:00,MATCH_KICKOFF_TIME_TIMEZONE_NOT_STATED_BY_SOURCE,,NOT_VERIFIED_DO_NOT_INFER,Utrecht,Excelsior,2,2,D,EVALUATION_ONLY_JOIN_AFTER_PREMATCH_FEATURE_FREEZE,1.51,4.52,5.95,EXTERNAL_HISTORICAL_MARKET_BENCHMARK,NOT_AVAILABLE,NOT_GOLDBET,86d730a059569d756fc17158b0b40af6c9c02a26eaa1971debb5263af0542e82
b00ff882e8fee50824313c7f,Eredivisie,2023/2024,DEVELOPMENT,2023-11-25,15:30,MATCH_KICKOFF_TIME_TIMEZONE_NOT_STATED_BY_SOURCE,,NOT_VERIFIED_DO_NOT_INFER,Excelsior,Feyenoord,2,4,A,EVALUATION_ONLY_JOIN_AFTER_PREMATCH_FEATURE_FREEZE,13.13,7.66,1.18,EXTERNAL_HISTORICAL_MARKET_BENCHMARK,NOT_AVAILABLE,NOT_GOLDBET,a475290cff6e271d4af4501906edad813050be38c704758617a9a2e9ccff5f5c
7411621400f64bdb0794908c,Eredivisie,2023/2024,DEVELOPMENT,2023-11-25,17:45,MATCH_KICKOFF_TIME_TIMEZONE_NOT_STATED_BY_SOURCE,,NOT_VERIFIED_DO_NOT_INFER,Heerenveen,For Sittard,3,0,H,EVALUATION_ONLY_JOIN_AFTER_PREMATCH_FEATURE_FREEZE,1.95,3.5,3.94,EXTERNAL_HISTORICAL_MARKET_BENCHMARK,NOT_AVAILABLE,NOT_GOLDBET,55e35a564aa123a602cf32c418efc84a1163d0af90da245fbf058225ab69ee1d
be9888fcc8865a2ac34e4b20,Eredivisie,2023/2024,DEVELOPMENT,2023-11-25,17:45,MATCH_KICKOFF_TIME_TIMEZONE_NOT_STATED_BY_SOURCE,,NOT_VERIFIED_DO_NOT_INFER,Twente,PSV Eindhoven,0,3,A,EVALUATION_ONLY_JOIN_AFTER_PREMATCH_FEATURE_FREEZE,3.5,3.69,2.02,EXTERNAL_HISTORICAL_MARKET_BENCHMARK,NOT_AVAILABLE,NOT_GOLDBET,9588a48e918b8722dcf55d32e3be844ae7a6136239a1445adee551264f3118f9
fe5eda6104f568c6591c591e,Eredivisie,2023/2024,DEVELOPMENT,2023-11-25,20:00,MATCH_KICKOFF_TIME_TIMEZONE_NOT_STATED_BY_SOURCE,,NOT_VERIFIED_DO_NOT_INFER,Ajax,Vitesse,5,0,H,EVALUATION_ONLY_JOIN_AFTER_PREMATCH_FEATURE_FREEZE,1.31,5.98,8.31,EXTERNAL_HISTORICAL_MARKET_BENCHMARK,NOT_AVAILABLE,NOT_GOLDBET,fb893ac2fab9d8bab118ba3e8764dfef74b8fbecaa1a97c34758949de228ab4f
edded62441e347bcf4638ca0,Eredivisie,2023/2024,DEVELOPMENT,2023-11-25,20:00,MATCH_KICKOFF_TIME_TIMEZONE_NOT_STATED_BY_SOURCE,,NOT_VERIFIED_DO_NOT_INFER,Zwolle,Waalwijk,1,2,A,EVALUATION_ONLY_JOIN_AFTER_PREMATCH_FEATURE_FREEZE,2.01,3.7,3.52,EXTERNAL_HISTORICAL_MARKET_BENCHMARK,NOT_AVAILABLE,NOT_GOLDBET,2688da25576d798bb6665859e954b0cef669c5fd73d6a8c74b0dcd6e228bdd8b
1c02b5b08a7452de8cb741cb,Eredivisie,2023/2024,DEVELOPMENT,2023-11-26,11:15,MATCH_KICKOFF_TIME_TIMEZONE_NOT_STATED_BY_SOURCE,,NOT_VERIFIED_DO_NOT_INFER,Almere City,Heracles,0,5,A,EVALUATION_ONLY_JOIN_AFTER_PREMATCH_FEATURE_FREEZE,1.89,3.79,3.88,EXTERNAL_HISTORICAL_MARKET_BENCHMARK,NOT_AVAILABLE,NOT_GOLDBET,ac5525b35997c460d74c3ebe4058a4bc4f40f927e57495c529e5ac0e00791a47
c454d1b2efcd1be432a7272f,Eredivisie,2023/2024,DEVELOPMENT,2023-11-26,13:30,MATCH_KICKOFF_TIME_TIMEZONE_NOT_STATED_BY_SOURCE,,NOT_VERIFIED_DO_NOT_INFER,AZ Alkmaar,Volendam,3,0,H,EVALUATION_ONLY_JOIN_AFTER_PREMATCH_FEATURE_FREEZE,1.16,7.86,15.79,EXTERNAL_HISTORICAL_MARKET_BENCHMARK,NOT_AVAILABLE,NOT_GOLDBET,f35030120b61c48060c46d2f1764f894353749d18b69f4dbfd7b3313f7d72ea0
3fcee79df561b249e622277a,Eredivisie,2023/2024,DEVELOPMENT,2023-11-26,13:30,MATCH_KICKOFF_TIME_TIMEZONE_NOT_STATED_BY_SOURCE,,NOT_VERIFIED_DO_NOT_INFER,Nijmegen,Go Ahead Eagles,1,1,D,EVALUATION_ONLY_JOIN_AFTER_PREMATCH_FEATURE_FREEZE,2.22,3.59,3.08,EXTERNAL_HISTORICAL_MARKET_BENCHMARK,NOT_AVAILABLE,NOT_GOLDBET,74c76f1f1f41bd717f0e6292ec7d17a0137ae8a87e84894d37df492d49d16a67
19fb776b7b0be8ac917d6647,Eredivisie,2023/2024,DEVELOPMENT,2023-11-26,15:45,MATCH_KICKOFF_TIME_TIMEZONE_NOT_STATED_BY_SOURCE,,NOT_VERIFIED_DO_NOT_INFER,Sparta Rotterdam,Utrecht,1,2,A,EVALUATION_ONLY_JOIN_AFTER_PREMATCH_FEATURE_FREEZE,2.41,3.38,2.93,EXTERNAL_HISTORICAL_MARKET_BENCHMARK,NOT_AVAILABLE,NOT_GOLDBET,a1dbd2b2c7612f59830cf5f4c62d08fd171d14cf0da10f056e11e8b148c01d5b
f6be5b4e7e7f711e7d642050,Eredivisie,2023/2024,DEVELOPMENT,2023-12-01,19:00,MATCH_KICKOFF_TIME_TIMEZONE_NOT_STATED_BY_SOURCE,,NOT_VERIFIED_DO_NOT_INFER,Heerenveen,Almere City,3,0,H,EVALUATION_ONLY_JOIN_AFTER_PREMATCH_FEATURE_FREEZE,1.6,4.15,5.44,EXTERNAL_HISTORICAL_MARKET_BENCHMARK,NOT_AVAILABLE,NOT_GOLDBET,b3384cc2a18b02c5df3e363e6d8ad2c236bd46324c5b5fc1cdef8e8851c07220
29f5d6f2627dad91488c918a,Eredivisie,2023/2024,DEVELOPMENT,2023-12-02,17:45,MATCH_KICKOFF_TIME_TIMEZONE_NOT_STATED_BY_SOURCE,,NOT_VERIFIED_DO_NOT_INFER,Volendam,Zwolle,0,5,A,EVALUATION_ONLY_JOIN_AFTER_PREMATCH_FEATURE_FREEZE,2.72,3.76,2.39,EXTERNAL_HISTORICAL_MARKET_BENCHMARK,NOT_AVAILABLE,NOT_GOLDBET,09ed77ca6f3981da215615fad9bae8b5738a01070a908ff5c07d6e0ace32763a
715401e32a800461c95b7012,Eredivisie,2023/2024,DEVELOPMENT,2023-12-02,19:00,MATCH_KICKOFF_TIME_TIMEZONE_NOT_STATED_BY_SOURCE,,NOT_VERIFIED_DO_NOT_INFER,For Sittard,Vitesse,3,1,H,EVALUATION_ONLY_JOIN_AFTER_PREMATCH_FEATURE_FREEZE,2.02,3.57,3.57,EXTERNAL_HISTORICAL_MARKET_BENCHMARK,NOT_AVAILABLE,NOT_GOLDBET,d33ad1b2ca68586897421dd9ad2c327319a9ed365c731764310ef630349da654
b01e09cddf5396459bb96b6d,Eredivisie,2023/2024,DEVELOPMENT,2023-12-02,19:00,MATCH_KICKOFF_TIME_TIMEZONE_NOT_STATED_BY_SOURCE,,NOT_VERIFIED_DO_NOT_INFER,Waalwijk,Excelsior,2,2,D,EVALUATION_ONLY_JOIN_AFTER_PREMATCH_FEATURE_FREEZE,2.03,3.76,3.39,EXTERNAL_HISTORICAL_MARKET_BENCHMARK,NOT_AVAILABLE,NOT_GOLDBET,e500ab50a5ccd706d77385fc9bbe191874fe0ece2f09ef41d0f615c93bcf625b
af35161f18716fea18daf5fc,Eredivisie,2023/2024,DEVELOPMENT,2023-12-02,20:00,MATCH_KICKOFF_TIME_TIMEZONE_NOT_STATED_BY_SOURCE,,NOT_VERIFIED_DO_NOT_INFER,Heracles,Sparta Rotterdam,0,1,A,EVALUATION_ONLY_JOIN_AFTER_PREMATCH_FEATURE_FREEZE,2.58,3.6,2.57,EXTERNAL_HISTORICAL_MARKET_BENCHMARK,NOT_AVAILABLE,NOT_GOLDBET,e5177a9a34721e4bf0c2ada5a1725270131bc684306348578f8419acd305f405
c78836b033b76dca38a115c2,Eredivisie,2023/2024,DEVELOPMENT,2023-12-03,11:15,MATCH_KICKOFF_TIME_TIMEZONE_NOT_STATED_BY_SOURCE,,NOT_VERIFIED_DO_NOT_INFER,Feyenoord,PSV Eindhoven,1,2,A,EVALUATION_ONLY_JOIN_AFTER_PREMATCH_FEATURE_FREEZE,2.08,3.81,3.25,EXTERNAL_HISTORICAL_MARKET_BENCHMARK,NOT_AVAILABLE,NOT_GOLDBET,56fdb75d683b6ecba7d54d610bdb24cd6300a80d18f13fd463c10658ab8709f7
69699a1b8722b916b4360d8e,Eredivisie,2023/2024,DEVELOPMENT,2023-12-03,13:30,MATCH_KICKOFF_TIME_TIMEZONE_NOT_STATED_BY_SOURCE,,NOT_VERIFIED_DO_NOT_INFER,Go Ahead Eagles,Twente,1,3,A,EVALUATION_ONLY_JOIN_AFTER_PREMATCH_FEATURE_FREEZE,3.57,3.69,1.99,EXTERNAL_HISTORICAL_MARKET_BENCHMARK,NOT_AVAILABLE,NOT_GOLDBET,3c3e5616f0c5cbd369ad59ed07101b581050f780d650e8e31acb18636005c7d1
bc2e2b2d0cee626ed8103feb,Eredivisie,2023/2024,DEVELOPMENT,2023-12-03,13:30,MATCH_KICKOFF_TIME_TIMEZONE_NOT_STATED_BY_SOURCE,,NOT_VERIFIED_DO_NOT_INFER,Nijmegen,Ajax,1,2,A,EVALUATION_ONLY_JOIN_AFTER_PREMATCH_FEATURE_FREEZE,3.69,4.13,1.86,EXTERNAL_HISTORICAL_MARKET_BENCHMARK,NOT_AVAILABLE,NOT_GOLDBET,5d8cfc1a38313324ca09972da3a34e30c4df69b37ccfd6acf2c53f6d48637f9e
587643bc55a20f1f9df2778b,Eredivisie,2023/2024,DEVELOPMENT,2023-12-03,15:45,MATCH_KICKOFF_TIME_TIMEZONE_NOT_STATED_BY_SOURCE,,NOT_VERIFIED_DO_NOT_INFER,Utrecht,AZ Alkmaar,1,1,D,EVALUATION_ONLY_JOIN_AFTER_PREMATCH_FEATURE_FREEZE,4.17,3.59,1.88,EXTERNAL_HISTORICAL_MARKET_BENCHMARK,NOT_AVAILABLE,NOT_GOLDBET,3e9d398262e1b05f31568c7d7a9c484637a16cfcc2ec8f311f4111cf058ebe1d
020b018778f39e1c822220e8,Eredivisie,2023/2024,DEVELOPMENT,2023-12-06,18:00,MATCH_KICKOFF_TIME_TIMEZONE_NOT_STATED_BY_SOURCE,,NOT_VERIFIED_DO_NOT_INFER,AZ Alkmaar,Nijmegen,1,2,A,EVALUATION_ONLY_JOIN_AFTER_PREMATCH_FEATURE_FREEZE,1.26,5.86,10.91,EXTERNAL_HISTORICAL_MARKET_BENCHMARK,NOT_AVAILABLE,NOT_GOLDBET,025c1ba3b362fdda5e8425293935e072282926787f8f03d5560f81ad4bd0da39
f96a63e1bdf28ec09955bfe6,Eredivisie,2023/2024,DEVELOPMENT,2023-12-06,19:00,MATCH_KICKOFF_TIME_TIMEZONE_NOT_STATED_BY_SOURCE,,NOT_VERIFIED_DO_NOT_INFER,Waalwijk,Ajax,2,3,A,EVALUATION_ONLY_JOIN_AFTER_PREMATCH_FEATURE_FREEZE,5.32,4.61,1.53,EXTERNAL_HISTORICAL_MARKET_BENCHMARK,NOT_AVAILABLE,NOT_GOLDBET,83ce715f08ab541902cb09b2fe8bab320b914f8779767ace64a0b3915e4278bd
7a98f30681dc601f74ba4261,Eredivisie,2023/2024,DEVELOPMENT,2023-12-07,17:45,MATCH_KICKOFF_TIME_TIMEZONE_NOT_STATED_BY_SOURCE,,NOT_VERIFIED_DO_NOT_INFER,PSV Eindhoven,Heerenveen,2,0,H,EVALUATION_ONLY_JOIN_AFTER_PREMATCH_FEATURE_FREEZE,1.17,8,13.72,EXTERNAL_HISTORICAL_MARKET_BENCHMARK,NOT_AVAILABLE,NOT_GOLDBET,990e047054948ad83f90ef969bdab1c8b8f12fae580a62b6109b69d002d2e9a1
a3eaeb918af4767d20aa4d73,Eredivisie,2023/2024,DEVELOPMENT,2023-12-07,20:00,MATCH_KICKOFF_TIME_TIMEZONE_NOT_STATED_BY_SOURCE,,NOT_VERIFIED_DO_NOT_INFER,Feyenoord,Volendam,3,1,H,EVALUATION_ONLY_JOIN_AFTER_PREMATCH_FEATURE_FREEZE,1.04,16.94,37.11,EXTERNAL_HISTORICAL_MARKET_BENCHMARK,NOT_AVAILABLE,NOT_GOLDBET,973b9e5a3c782516306b7c3f1bad42a7183762841fff0b1b3aa5128ad1d2fdf5
899e30692897b67492740255,Eredivisie,2023/2024,DEVELOPMENT,2023-12-08,19:00,MATCH_KICKOFF_TIME_TIMEZONE_NOT_STATED_BY_SOURCE,,NOT_VERIFIED_DO_NOT_INFER,Twente,Excelsior,4,2,H,EVALUATION_ONLY_JOIN_AFTER_PREMATCH_FEATURE_FREEZE,1.24,6.38,11.12,EXTERNAL_HISTORICAL_MARKET_BENCHMARK,NOT_AVAILABLE,NOT_GOLDBET,e744e3b49a830029bc6d6bcdd4a0618a38f126781a5d6441bae3f33e46625fa8
ea34c9268e0f42a8cbb76cd4,Eredivisie,2023/2024,DEVELOPMENT,2023-12-09,17:45,MATCH_KICKOFF_TIME_TIMEZONE_NOT_STATED_BY_SOURCE,,NOT_VERIFIED_DO_NOT_INFER,Ajax,Sparta Rotterdam,2,1,H,EVALUATION_ONLY_JOIN_AFTER_PREMATCH_FEATURE_FREEZE,1.37,5.39,7.31,EXTERNAL_HISTORICAL_MARKET_BENCHMARK,NOT_AVAILABLE,NOT_GOLDBET,56182975b33752009abfa03b83fecadbce136284dfbbb0baaebed7427fddf4b2
011ad576b88f11a5bccd4c37,Eredivisie,2023/2024,DEVELOPMENT,2023-12-09,19:00,MATCH_KICKOFF_TIME_TIMEZONE_NOT_STATED_BY_SOURCE,,NOT_VERIFIED_DO_NOT_INFER,Zwolle,Nijmegen,1,3,A,EVALUATION_ONLY_JOIN_AFTER_PREMATCH_FEATURE_FREEZE,2.13,3.64,3.24,EXTERNAL_HISTORICAL_MARKET_BENCHMARK,NOT_AVAILABLE,NOT_GOLDBET,74c0c10ed086b7d9ddd9e362daf559a664d3d81887fd0307dd1e7579cbad9e60
4c74244c9685aebfb4ed8093,Eredivisie,2023/2024,DEVELOPMENT,2023-12-09,20:00,MATCH_KICKOFF_TIME_TIMEZONE_NOT_STATED_BY_SOURCE,,NOT_VERIFIED_DO_NOT_INFER,AZ Alkmaar,Almere City,4,1,H,EVALUATION_ONLY_JOIN_AFTER_PREMATCH_FEATURE_FREEZE,1.22,6.41,12.46,EXTERNAL_HISTORICAL_MARKET_BENCHMARK,NOT_AVAILABLE,NOT_GOLDBET,784b209df0a09705213a743dd462284dfb6723764e9217d115ac259b573a8821
0662c7b67cc94fa9dd5c5620,Eredivisie,2023/2024,DEVELOPMENT,2023-12-10,11:15,MATCH_KICKOFF_TIME_TIMEZONE_NOT_STATED_BY_SOURCE,,NOT_VERIFIED_DO_NOT_INFER,Go Ahead Eagles,Utrecht,0,2,A,EVALUATION_ONLY_JOIN_AFTER_PREMATCH_FEATURE_FREEZE,2.31,3.51,2.99,EXTERNAL_HISTORICAL_MARKET_BENCHMARK,NOT_AVAILABLE,NOT_GOLDBET,ea1db5ce5d90b320b411cd7e580b1167aa7ac6f709176a472d9482d2e2b5b0e0
fc3e6f03fde55a55af133955,Eredivisie,2023/2024,DEVELOPMENT,2023-12-10,13:30,MATCH_KICKOFF_TIME_TIMEZONE_NOT_STATED_BY_SOURCE,,NOT_VERIFIED_DO_NOT_INFER,For Sittard,Waalwijk,1,0,H,EVALUATION_ONLY_JOIN_AFTER_PREMATCH_FEATURE_FREEZE,2.08,3.61,3.42,EXTERNAL_HISTORICAL_MARKET_BENCHMARK,NOT_AVAILABLE,NOT_GOLDBET,c13af9007aa8cbacf52bed7276a140116fed2a9e8e483343d60f38d05ab0d796
019c09dc3d414b276d8da3c1,Eredivisie,2023/2024,DEVELOPMENT,2023-12-10,15:45,MATCH_KICKOFF_TIME_TIMEZONE_NOT_STATED_BY_SOURCE,,NOT_VERIFIED_DO_NOT_INFER,Vitesse,Heracles,2,0,H,EVALUATION_ONLY_JOIN_AFTER_PREMATCH_FEATURE_FREEZE,2.17,3.54,3.24,EXTERNAL_HISTORICAL_MARKET_BENCHMARK,NOT_AVAILABLE,NOT_GOLDBET,b5e2718687757f7ae5edc56645189abecff93d7c74c84e91fdba1e64f8467508
e73033825436bd4d6c8dff97,Eredivisie,2023/2024,DEVELOPMENT,2023-12-15,19:00,MATCH_KICKOFF_TIME_TIMEZONE_NOT_STATED_BY_SOURCE,,NOT_VERIFIED_DO_NOT_INFER,Nijmegen,For Sittard,4,1,H,EVALUATION_ONLY_JOIN_AFTER_PREMATCH_FEATURE_FREEZE,1.94,3.6,3.86,EXTERNAL_HISTORICAL_MARKET_BENCHMARK,NOT_AVAILABLE,NOT_GOLDBET,9926d1e6227c74c753b9f2ce2da573f765321304b333fe2989f5d10ad6fc45c2
5936e08688983250dbcdfcea,Eredivisie,2023/2024,DEVELOPMENT,2023-12-16,15:30,MATCH_KICKOFF_TIME_TIMEZONE_NOT_STATED_BY_SOURCE,,NOT_VERIFIED_DO_NOT_INFER,Utrecht,Waalwijk,1,1,D,EVALUATION_ONLY_JOIN_AFTER_PREMATCH_FEATURE_FREEZE,1.74,4.01,4.38,EXTERNAL_HISTORICAL_MARKET_BENCHMARK,NOT_AVAILABLE,NOT_GOLDBET,3eb4b39832c70e8a74cbfd04423c9dc9b57a03fc65cefaa9ee17c2eb74c650ef
c72cdceb13c0c4ee4ab92d48,Eredivisie,2023/2024,DEVELOPMENT,2023-12-16,17:45,MATCH_KICKOFF_TIME_TIMEZONE_NOT_STATED_BY_SOURCE,,NOT_VERIFIED_DO_NOT_INFER,Excelsior,Go Ahead Eagles,1,1,D,EVALUATION_ONLY_JOIN_AFTER_PREMATCH_FEATURE_FREEZE,2.89,3.75,2.28,EXTERNAL_HISTORICAL_MARKET_BENCHMARK,NOT_AVAILABLE,NOT_GOLDBET,706dd7be014cd11bb32d38d5557d5c1de7fca3086b4c141c1b0436603cdd5aa5
ecb0c2c9effd71d82e5441e1,Eredivisie,2023/2024,DEVELOPMENT,2023-12-16,20:00,MATCH_KICKOFF_TIME_TIMEZONE_NOT_STATED_BY_SOURCE,,NOT_VERIFIED_DO_NOT_INFER,Heerenveen,Volendam,1,2,A,EVALUATION_ONLY_JOIN_AFTER_PREMATCH_FEATURE_FREEZE,1.24,6.5,10.8,EXTERNAL_HISTORICAL_MARKET_BENCHMARK,NOT_AVAILABLE,NOT_GOLDBET,5e27e5f004db03a1a5fd40c7b13487c97e3815a105009f569d043cc749a2210a
8d9e92b5d1da0822f06fc4d6,Eredivisie,2023/2024,DEVELOPMENT,2023-12-17,11:15,MATCH_KICKOFF_TIME_TIMEZONE_NOT_STATED_BY_SOURCE,,NOT_VERIFIED_DO_NOT_INFER,Almere City,Vitesse,5,0,H,EVALUATION_ONLY_JOIN_AFTER_PREMATCH_FEATURE_FREEZE,2.2,3.5,3.19,EXTERNAL_HISTORICAL_MARKET_BENCHMARK,NOT_AVAILABLE,NOT_GOLDBET,e417567813c309442de3aa968698c9c232787ff104c1b4648043144f0442a77f
b3f973db1342a04c15c958ec,Eredivisie,2023/2024,DEVELOPMENT,2023-12-17,13:30,MATCH_KICKOFF_TIME_TIMEZONE_NOT_STATED_BY_SOURCE,,NOT_VERIFIED_DO_NOT_INFER,Heracles,Feyenoord,0,4,A,EVALUATION_ONLY_JOIN_AFTER_PREMATCH_FEATURE_FREEZE,12.83,7.34,1.19,EXTERNAL_HISTORICAL_MARKET_BENCHMARK,NOT_AVAILABLE,NOT_GOLDBET,d606852d3984fd1de2dea8975df0ab6d8c2b143582ad5a96b94e0f8f0de13982
967ed3e19a55998c45f43205,Eredivisie,2023/2024,DEVELOPMENT,2023-12-17,13:30,MATCH_KICKOFF_TIME_TIMEZONE_NOT_STATED_BY_SOURCE,,NOT_VERIFIED_DO_NOT_INFER,Sparta Rotterdam,Twente,2,2,D,EVALUATION_ONLY_JOIN_AFTER_PREMATCH_FEATURE_FREEZE,4.13,3.67,1.85,EXTERNAL_HISTORICAL_MARKET_BENCHMARK,NOT_AVAILABLE,NOT_GOLDBET,e3ca0424be54fa1a4d87ea0cd05e4a2e96281d9939b79d3e2f9d7fca41035eca
d7fc11257b02b2424135ba3f,Eredivisie,2023/2024,DEVELOPMENT,2023-12-17,15:45,MATCH_KICKOFF_TIME_TIMEZONE_NOT_STATED_BY_SOURCE,,NOT_VERIFIED_DO_NOT_INFER,Ajax,Zwolle,2,2,D,EVALUATION_ONLY_JOIN_AFTER_PREMATCH_FEATURE_FREEZE,1.22,7.16,11,EXTERNAL_HISTORICAL_MARKET_BENCHMARK,NOT_AVAILABLE,NOT_GOLDBET,81210c188cda848cd62595bc14b926bd3b95dccb40d1d9626dbfcb648cab4f45
c5d2641a9c704630dbf76f05,Eredivisie,2023/2024,DEVELOPMENT,2023-12-17,19:00,MATCH_KICKOFF_TIME_TIMEZONE_NOT_STATED_BY_SOURCE,,NOT_VERIFIED_DO_NOT_INFER,AZ Alkmaar,PSV Eindhoven,0,4,A,EVALUATION_ONLY_JOIN_AFTER_PREMATCH_FEATURE_FREEZE,4.06,3.93,1.82,EXTERNAL_HISTORICAL_MARKET_BENCHMARK,NOT_AVAILABLE,NOT_GOLDBET,33cda74558951da756031dd259c26b3393099381fef464943d3256a296ce4eb5
aee11541ff4c25bff78d8706,Eredivisie,2023/2024,DEVELOPMENT,2024-01-12,19:00,MATCH_KICKOFF_TIME_TIMEZONE_NOT_STATED_BY_SOURCE,,NOT_VERIFIED_DO_NOT_INFER,Waalwijk,Heracles,1,2,A,EVALUATION_ONLY_JOIN_AFTER_PREMATCH_FEATURE_FREEZE,1.96,3.57,3.76,EXTERNAL_HISTORICAL_MARKET_BENCHMARK,NOT_AVAILABLE,NOT_GOLDBET,26503b096243da608091c2b8fb1238ee333d83ece10453dd7fe30da655ee2728
bfceb5d990a5d2941849230e,Eredivisie,2023/2024,DEVELOPMENT,2024-01-13,15:30,MATCH_KICKOFF_TIME_TIMEZONE_NOT_STATED_BY_SOURCE,,NOT_VERIFIED_DO_NOT_INFER,For Sittard,Sparta Rotterdam,0,2,A,EVALUATION_ONLY_JOIN_AFTER_PREMATCH_FEATURE_FREEZE,2.35,3.31,3.06,EXTERNAL_HISTORICAL_MARKET_BENCHMARK,NOT_AVAILABLE,NOT_GOLDBET,991b4af06330f156e192ecf8e3812f9c607f75997dee88349b1dff6b6355fbb8
b55bcd9df806282c240d3813,Eredivisie,2023/2024,DEVELOPMENT,2024-01-13,17:45,MATCH_KICKOFF_TIME_TIMEZONE_NOT_STATED_BY_SOURCE,,NOT_VERIFIED_DO_NOT_INFER,Twente,AZ Alkmaar,2,1,H,EVALUATION_ONLY_JOIN_AFTER_PREMATCH_FEATURE_FREEZE,1.84,3.68,4.2,EXTERNAL_HISTORICAL_MARKET_BENCHMARK,NOT_AVAILABLE,NOT_GOLDBET,4557f260c077814dabfccf4494e4c01202b0b2e3859223582d36f8a8cd4439bf
606ef679efd1fa7250b91c7b,Eredivisie,2023/2024,DEVELOPMENT,2024-01-13,19:00,MATCH_KICKOFF_TIME_TIMEZONE_NOT_STATED_BY_SOURCE,,NOT_VERIFIED_DO_NOT_INFER,Zwolle,Heerenveen,2,2,D,EVALUATION_ONLY_JOIN_AFTER_PREMATCH_FEATURE_FREEZE,3.06,3.51,2.27,EXTERNAL_HISTORICAL_MARKET_BENCHMARK,NOT_AVAILABLE,NOT_GOLDBET,92b0f7fc6936123e2c695ad4e71d5dea98428852c25d35f41bc2f8fc69ed843c
1a86dd8e70950d478ef7b9f0,Eredivisie,2023/2024,DEVELOPMENT,2024-01-13,20:00,MATCH_KICKOFF_TIME_TIMEZONE_NOT_STATED_BY_SOURCE,,NOT_VERIFIED_DO_NOT_INFER,PSV Eindhoven,Excelsior,3,1,H,EVALUATION_ONLY_JOIN_AFTER_PREMATCH_FEATURE_FREEZE,1.05,15.29,36.72,EXTERNAL_HISTORICAL_MARKET_BENCHMARK,NOT_AVAILABLE,NOT_GOLDBET,ca9154a7fc5c74e8b33130217b8eb7dac0135b2cd19754eb3b7fefb477ef4ad8
d2d2021d94a8a9ceea006113,Eredivisie,2023/2024,DEVELOPMENT,2024-01-14,11:15,MATCH_KICKOFF_TIME_TIMEZONE_NOT_STATED_BY_SOURCE,,NOT_VERIFIED_DO_NOT_INFER,Volendam,Almere City,0,1,A,EVALUATION_ONLY_JOIN_AFTER_PREMATCH_FEATURE_FREEZE,2.77,3.6,2.41,EXTERNAL_HISTORICAL_MARKET_BENCHMARK,NOT_AVAILABLE,NOT_GOLDBET,3c84b33f580311e22b8a79d126e89ae079242f4121efd501a101716f57a5ad68
3e84d48a54341390bc514b06,Eredivisie,2023/2024,DEVELOPMENT,2024-01-14,13:30,MATCH_KICKOFF_TIME_TIMEZONE_NOT_STATED_BY_SOURCE,,NOT_VERIFIED_DO_NOT_INFER,Go Ahead Eagles,Ajax,2,3,A,EVALUATION_ONLY_JOIN_AFTER_PREMATCH_FEATURE_FREEZE,4.01,4.12,1.78,EXTERNAL_HISTORICAL_MARKET_BENCHMARK,NOT_AVAILABLE,NOT_GOLDBET,5506f6e70730c0dcb97486dced47693d941844bbab2bb9d141f44947af641000
43ba57ba12b3cfe408b3f2d6,Eredivisie,2023/2024,DEVELOPMENT,2024-01-14,13:30,MATCH_KICKOFF_TIME_TIMEZONE_NOT_STATED_BY_SOURCE,,NOT_VERIFIED_DO_NOT_INFER,Vitesse,Utrecht,0,0,D,EVALUATION_ONLY_JOIN_AFTER_PREMATCH_FEATURE_FREEZE,3,3.57,2.28,EXTERNAL_HISTORICAL_MARKET_BENCHMARK,NOT_AVAILABLE,NOT_GOLDBET,c025181df02130b8e61f8a32793e1611927776ae371be0f3a97652a6cc40ae69
d3b2e820c2c8802f1c6d4fff,Eredivisie,2023/2024,DEVELOPMENT,2024-01-14,15:45,MATCH_KICKOFF_TIME_TIMEZONE_NOT_STATED_BY_SOURCE,,NOT_VERIFIED_DO_NOT_INFER,Feyenoord,Nijmegen,2,2,D,EVALUATION_ONLY_JOIN_AFTER_PREMATCH_FEATURE_FREEZE,1.13,9.14,17.45,EXTERNAL_HISTORICAL_MARKET_BENCHMARK,NOT_AVAILABLE,NOT_GOLDBET,37d549e80560726cf50c1957c0019563638006c4f8607327250056f1906378ba
89157cceef19ef793fc137c2,Eredivisie,2023/2024,DEVELOPMENT,2024-01-19,19:00,MATCH_KICKOFF_TIME_TIMEZONE_NOT_STATED_BY_SOURCE,,NOT_VERIFIED_DO_NOT_INFER,Excelsior,Heerenveen,3,0,H,EVALUATION_ONLY_JOIN_AFTER_PREMATCH_FEATURE_FREEZE,3.1,3.57,2.21,EXTERNAL_HISTORICAL_MARKET_BENCHMARK,NOT_AVAILABLE,NOT_GOLDBET,d6dd5d3b38159a6408fecc497d0e55ef8d16294d7ea283615660742c6948a30e
eb95879b544a86da5a55adee,Eredivisie,2023/2024,DEVELOPMENT,2024-01-20,15:30,MATCH_KICKOFF_TIME_TIMEZONE_NOT_STATED_BY_SOURCE,,NOT_VERIFIED_DO_NOT_INFER,Nijmegen,Twente,1,0,H,EVALUATION_ONLY_JOIN_AFTER_PREMATCH_FEATURE_FREEZE,3.83,3.71,1.91,EXTERNAL_HISTORICAL_MARKET_BENCHMARK,NOT_AVAILABLE,NOT_GOLDBET,a0002869a0f07bd6c0d0fbe80d4b6699015c1205e88e8d472ad2cdd4832b80d0
bd29fc1e2742aac21f9e8411,Eredivisie,2023/2024,DEVELOPMENT,2024-01-20,17:45,MATCH_KICKOFF_TIME_TIMEZONE_NOT_STATED_BY_SOURCE,,NOT_VERIFIED_DO_NOT_INFER,Heracles,Volendam,1,1,D,EVALUATION_ONLY_JOIN_AFTER_PREMATCH_FEATURE_FREEZE,1.67,4.01,4.88,EXTERNAL_HISTORICAL_MARKET_BENCHMARK,NOT_AVAILABLE,NOT_GOLDBET,61b008ae4718eafdd8cc1634aa9adac6138e7f51aa925630cb4f3d5f7235b99d
4b196b311e1b702c6557fa95,Eredivisie,2023/2024,DEVELOPMENT,2024-01-20,19:00,MATCH_KICKOFF_TIME_TIMEZONE_NOT_STATED_BY_SOURCE,,NOT_VERIFIED_DO_NOT_INFER,AZ Alkmaar,Zwolle,2,2,D,EVALUATION_ONLY_JOIN_AFTER_PREMATCH_FEATURE_FREEZE,1.32,5.61,8.54,EXTERNAL_HISTORICAL_MARKET_BENCHMARK,NOT_AVAILABLE,NOT_GOLDBET,2f86eaa4405bf19e50962d1b2504924d6207f296b7f85fbc9367ff358d714b55
153f4ed5488dacc0a711a78d,Eredivisie,2023/2024,DEVELOPMENT,2024-01-21,11:15,MATCH_KICKOFF_TIME_TIMEZONE_NOT_STATED_BY_SOURCE,,NOT_VERIFIED_DO_NOT_INFER,Utrecht,PSV Eindhoven,1,1,D,EVALUATION_ONLY_JOIN_AFTER_PREMATCH_FEATURE_FREEZE,7.53,5.36,1.36,EXTERNAL_HISTORICAL_MARKET_BENCHMARK,NOT_AVAILABLE,NOT_GOLDBET,d13365a622bb25843bf083eafe91eb5e7cba9d51aa893a0489992c3a3d595c2f
f21217e38d005a54ccf41321,Eredivisie,2023/2024,DEVELOPMENT,2024-01-21,13:30,MATCH_KICKOFF_TIME_TIMEZONE_NOT_STATED_BY_SOURCE,,NOT_VERIFIED_DO_NOT_INFER,Sparta Rotterdam,Go Ahead Eagles,0,2,A,EVALUATION_ONLY_JOIN_AFTER_PREMATCH_FEATURE_FREEZE,2.36,3.57,2.84,EXTERNAL_HISTORICAL_MARKET_BENCHMARK,NOT_AVAILABLE,NOT_GOLDBET,3de1cd5b291a37dadf46f330624f81ddc90565efa708809e210bf3de85c2ae76
d2c9aa924490f444646c4004,Eredivisie,2023/2024,DEVELOPMENT,2024-01-21,13:30,MATCH_KICKOFF_TIME_TIMEZONE_NOT_STATED_BY_SOURCE,,NOT_VERIFIED_DO_NOT_INFER,Vitesse,Feyenoord,1,2,A,EVALUATION_ONLY_JOIN_AFTER_PREMATCH_FEATURE_FREEZE,15.87,7.91,1.16,EXTERNAL_HISTORICAL_MARKET_BENCHMARK,NOT_AVAILABLE,NOT_GOLDBET,28d7e9526965dab6fc957c488a839be25444e65b9c7a636af6ec115a938857d0
056b360b967e958252c065f4,Eredivisie,2023/2024,DEVELOPMENT,2024-01-21,15:45,MATCH_KICKOFF_TIME_TIMEZONE_NOT_STATED_BY_SOURCE,,NOT_VERIFIED_DO_NOT_INFER,Ajax,Waalwijk,4,1,H,EVALUATION_ONLY_JOIN_AFTER_PREMATCH_FEATURE_FREEZE,1.28,6.3,8.82,EXTERNAL_HISTORICAL_MARKET_BENCHMARK,NOT_AVAILABLE,NOT_GOLDBET,45ff043cf0baa44c496cf6abf5cafdea1caf3b27377d60e34db29b6aa944513b
2cadcf0edcdd31bbe39d5fd0,Eredivisie,2023/2024,DEVELOPMENT,2024-01-24,17:45,MATCH_KICKOFF_TIME_TIMEZONE_NOT_STATED_BY_SOURCE,,NOT_VERIFIED_DO_NOT_INFER,Almere City,For Sittard,0,0,D,EVALUATION_ONLY_JOIN_AFTER_PREMATCH_FEATURE_FREEZE,2.36,3.36,3,EXTERNAL_HISTORICAL_MARKET_BENCHMARK,NOT_AVAILABLE,NOT_GOLDBET,71056246f11f316bedf4d6817eb5913056f31eb538fe62536b57311d5bf85762
da8fcf678c2a8fd9bac6a5a8,Eredivisie,2023/2024,DEVELOPMENT,2024-01-26,19:00,MATCH_KICKOFF_TIME_TIMEZONE_NOT_STATED_BY_SOURCE,,NOT_VERIFIED_DO_NOT_INFER,Zwolle,Vitesse,1,0,H,EVALUATION_ONLY_JOIN_AFTER_PREMATCH_FEATURE_FREEZE,2.15,3.5,3.3,EXTERNAL_HISTORICAL_MARKET_BENCHMARK,NOT_AVAILABLE,NOT_GOLDBET,374dddde9bcbae15b97059fb5a01d5530ea7cb0d18d763520a655f9ced7c2f97
02e6848481339caef2d31a3b,Eredivisie,2023/2024,DEVELOPMENT,2024-01-27,17:45,MATCH_KICKOFF_TIME_TIMEZONE_NOT_STATED_BY_SOURCE,,NOT_VERIFIED_DO_NOT_INFER,PSV Eindhoven,Almere City,2,0,H,EVALUATION_ONLY_JOIN_AFTER_PREMATCH_FEATURE_FREEZE,1.09,10.54,24.19,EXTERNAL_HISTORICAL_MARKET_BENCHMARK,NOT_AVAILABLE,NOT_GOLDBET,15328fb40e095978a5c8c5ddfb08a29fd57e09a172ca22d75b7e6f97bb3caf26
739b4baaf0f46f2f585ff47b,Eredivisie,2023/2024,DEVELOPMENT,2024-01-27,17:45,MATCH_KICKOFF_TIME_TIMEZONE_NOT_STATED_BY_SOURCE,,NOT_VERIFIED_DO_NOT_INFER,Waalwijk,Sparta Rotterdam,1,1,D,EVALUATION_ONLY_JOIN_AFTER_PREMATCH_FEATURE_FREEZE,2.3,3.49,3.01,EXTERNAL_HISTORICAL_MARKET_BENCHMARK,NOT_AVAILABLE,NOT_GOLDBET,4aed84f1bef3ebfb159e58e5e0d38c859743d407dfd5b5b43cd91c4bb67396f5
516cb95a95ffc26b6aad5b91,Eredivisie,2023/2024,DEVELOPMENT,2024-01-27,20:00,MATCH_KICKOFF_TIME_TIMEZONE_NOT_STATED_BY_SOURCE,,NOT_VERIFIED_DO_NOT_INFER,Excelsior,Utrecht,1,1,D,EVALUATION_ONLY_JOIN_AFTER_PREMATCH_FEATURE_FREEZE,3.13,3.65,2.18,EXTERNAL_HISTORICAL_MARKET_BENCHMARK,NOT_AVAILABLE,NOT_GOLDBET,ac11e7831cfafd0a2c10c913ad39248a88bc84de1ab8e021c596d6a8afc450e4
f5ff5ad4c75b97fedc1f386e,Eredivisie,2023/2024,DEVELOPMENT,2024-01-27,20:00,MATCH_KICKOFF_TIME_TIMEZONE_NOT_STATED_BY_SOURCE,,NOT_VERIFIED_DO_NOT_INFER,Heracles,Ajax,2,4,A,EVALUATION_ONLY_JOIN_AFTER_PREMATCH_FEATURE_FREEZE,5.13,4.55,1.57,EXTERNAL_HISTORICAL_MARKET_BENCHMARK,NOT_AVAILABLE,NOT_GOLDBET,8de838ac093f160c3a7e7ed2d3c01b37bcad7a913d91359fa20ee5ad1142a865
80ba4543fe684e6515a8aa8d,Eredivisie,2023/2024,DEVELOPMENT,2024-01-28,11:15,MATCH_KICKOFF_TIME_TIMEZONE_NOT_STATED_BY_SOURCE,,NOT_VERIFIED_DO_NOT_INFER,Heerenveen,AZ Alkmaar,2,2,D,EVALUATION_ONLY_JOIN_AFTER_PREMATCH_FEATURE_FREEZE,3.3,3.59,2.1,EXTERNAL_HISTORICAL_MARKET_BENCHMARK,NOT_AVAILABLE,NOT_GOLDBET,e53070ce0f9d80a1c99bcefb0b6915f8b85b59d865f47824756dc26402a29fd5
b9e456cfb090cc0d8e1280fc,Eredivisie,2023/2024,DEVELOPMENT,2024-01-28,13:30,MATCH_KICKOFF_TIME_TIMEZONE_NOT_STATED_BY_SOURCE,,NOT_VERIFIED_DO_NOT_INFER,Feyenoord,Twente,0,0,D,EVALUATION_ONLY_JOIN_AFTER_PREMATCH_FEATURE_FREEZE,1.43,4.58,7.15,EXTERNAL_HISTORICAL_MARKET_BENCHMARK,NOT_AVAILABLE,NOT_GOLDBET,b9bfc6e14718095d564db51a3424754cc84debe69d2d54858a115ccc4a061370
f7c95a66b3c4918f8e49951a,Eredivisie,2023/2024,DEVELOPMENT,2024-01-28,13:30,MATCH_KICKOFF_TIME_TIMEZONE_NOT_STATED_BY_SOURCE,,NOT_VERIFIED_DO_NOT_INFER,Go Ahead Eagles,Nijmegen,2,2,D,EVALUATION_ONLY_JOIN_AFTER_PREMATCH_FEATURE_FREEZE,2.17,3.61,3.15,EXTERNAL_HISTORICAL_MARKET_BENCHMARK,NOT_AVAILABLE,NOT_GOLDBET,9d3b2231815129e95dd4f28d4d10bec078fc8af0bf9701705449bbb65104287b
2225b0ec5a3b99e46b7579ad,Eredivisie,2023/2024,DEVELOPMENT,2024-01-28,15:45,MATCH_KICKOFF_TIME_TIMEZONE_NOT_STATED_BY_SOURCE,,NOT_VERIFIED_DO_NOT_INFER,Volendam,For Sittard,0,1,A,EVALUATION_ONLY_JOIN_AFTER_PREMATCH_FEATURE_FREEZE,3.63,3.42,2.05,EXTERNAL_HISTORICAL_MARKET_BENCHMARK,NOT_AVAILABLE,NOT_GOLDBET,b811883c705adbbd6bce25f719272b6a5bfa59c6e302a3a53b11783cbabcad0b
ad8f714e1b79821d73a47c43,Eredivisie,2023/2024,DEVELOPMENT,2024-02-02,19:00,MATCH_KICKOFF_TIME_TIMEZONE_NOT_STATED_BY_SOURCE,,NOT_VERIFIED_DO_NOT_INFER,Almere City,Excelsior,2,1,H,EVALUATION_ONLY_JOIN_AFTER_PREMATCH_FEATURE_FREEZE,2.2,3.37,3.31,EXTERNAL_HISTORICAL_MARKET_BENCHMARK,NOT_AVAILABLE,NOT_GOLDBET,19bc047ca3279da2c5feff8432b795086522dd5b86fa3700966019e50f8bab65
513307528a259457b9520169,Eredivisie,2023/2024,DEVELOPMENT,2024-02-03,15:30,MATCH_KICKOFF_TIME_TIMEZONE_NOT_STATED_BY_SOURCE,,NOT_VERIFIED_DO_NOT_INFER,Twente,Waalwijk,3,0,H,EVALUATION_ONLY_JOIN_AFTER_PREMATCH_FEATURE_FREEZE,1.25,6.06,11.52,EXTERNAL_HISTORICAL_MARKET_BENCHMARK,NOT_AVAILABLE,NOT_GOLDBET,ab3aa6f4f8013f07ca333ba6d7429aa60ccd8f4c5a6bf0344d2e4d616a9ed669
6671787acb44db62bdf658f0,Eredivisie,2023/2024,DEVELOPMENT,2024-02-03,17:45,MATCH_KICKOFF_TIME_TIMEZONE_NOT_STATED_BY_SOURCE,,NOT_VERIFIED_DO_NOT_INFER,For Sittard,Heerenveen,3,3,D,EVALUATION_ONLY_JOIN_AFTER_PREMATCH_FEATURE_FREEZE,2.23,3.28,3.33,EXTERNAL_HISTORICAL_MARKET_BENCHMARK,NOT_AVAILABLE,NOT_GOLDBET,c09b3a2baee27debaceea04a93e2077c21da172d3cb2782ff8b2226971354c67
2a9be93ab407db968fff527d,Eredivisie,2023/2024,DEVELOPMENT,2024-02-03,19:00,MATCH_KICKOFF_TIME_TIMEZONE_NOT_STATED_BY_SOURCE,,NOT_VERIFIED_DO_NOT_INFER,Ajax,PSV Eindhoven,1,1,D,EVALUATION_ONLY_JOIN_AFTER_PREMATCH_FEATURE_FREEZE,3.31,4.16,1.97,EXTERNAL_HISTORICAL_MARKET_BENCHMARK,NOT_AVAILABLE,NOT_GOLDBET,6a5b8436be49c4245147d457ad28d5d6fea9d83bea18fd28ea00f7a402b3c788
71362fc1feedc619a38bd17a,Eredivisie,2023/2024,DEVELOPMENT,2024-02-03,20:00,MATCH_KICKOFF_TIME_TIMEZONE_NOT_STATED_BY_SOURCE,,NOT_VERIFIED_DO_NOT_INFER,Nijmegen,Heracles,3,1,H,EVALUATION_ONLY_JOIN_AFTER_PREMATCH_FEATURE_FREEZE,1.55,4.37,5.67,EXTERNAL_HISTORICAL_MARKET_BENCHMARK,NOT_AVAILABLE,NOT_GOLDBET,2ae8325ee3a97cc114edf888902e180f0165f9b5a572ea515cfbbcbd4f15f408
cfedc34971bad3ff5aed7aaf,Eredivisie,2023/2024,DEVELOPMENT,2024-02-04,11:15,MATCH_KICKOFF_TIME_TIMEZONE_NOT_STATED_BY_SOURCE,,NOT_VERIFIED_DO_NOT_INFER,Vitesse,Go Ahead Eagles,0,2,A,EVALUATION_ONLY_JOIN_AFTER_PREMATCH_FEATURE_FREEZE,2.91,3.33,2.46,EXTERNAL_HISTORICAL_MARKET_BENCHMARK,NOT_AVAILABLE,NOT_GOLDBET,7ff0b19a23eba25749f30388f8266118872345846c2e2fd2ceb1405cd1bea6c3
4667c0acd236ebde7a9ed9d6,Eredivisie,2023/2024,DEVELOPMENT,2024-02-04,13:30,MATCH_KICKOFF_TIME_TIMEZONE_NOT_STATED_BY_SOURCE,,NOT_VERIFIED_DO_NOT_INFER,AZ Alkmaar,Feyenoord,0,1,A,EVALUATION_ONLY_JOIN_AFTER_PREMATCH_FEATURE_FREEZE,5.34,4.19,1.6,EXTERNAL_HISTORICAL_MARKET_BENCHMARK,NOT_AVAILABLE,NOT_GOLDBET,fbcb248bbc572e2e63cb384ffbbe666869300917825f1713e9fcc7db62c6ed5b
4addba3f0edae98eec50eb63,Eredivisie,2023/2024,DEVELOPMENT,2024-02-04,13:30,MATCH_KICKOFF_TIME_TIMEZONE_NOT_STATED_BY_SOURCE,,NOT_VERIFIED_DO_NOT_INFER,Utrecht,Volendam,4,2,H,EVALUATION_ONLY_JOIN_AFTER_PREMATCH_FEATURE_FREEZE,1.28,5.73,10.62,EXTERNAL_HISTORICAL_MARKET_BENCHMARK,NOT_AVAILABLE,NOT_GOLDBET,1047c3551496dd868861ca4ab7c0e40b9868ef328a7812d777282cf69daafe46
c75970142fc89ceb0cc84e91,Eredivisie,2023/2024,DEVELOPMENT,2024-02-04,15:45,MATCH_KICKOFF_TIME_TIMEZONE_NOT_STATED_BY_SOURCE,,NOT_VERIFIED_DO_NOT_INFER,Sparta Rotterdam,Zwolle,0,2,A,EVALUATION_ONLY_JOIN_AFTER_PREMATCH_FEATURE_FREEZE,1.81,3.68,4.37,EXTERNAL_HISTORICAL_MARKET_BENCHMARK,NOT_AVAILABLE,NOT_GOLDBET,70bd8d932806fe070a8888317e1c16710f65b2940b3b7314448fda2f29cc4110
53ff82b36307e677ec2a0b70,Eredivisie,2023/2024,DEVELOPMENT,2024-02-09,19:00,MATCH_KICKOFF_TIME_TIMEZONE_NOT_STATED_BY_SOURCE,,NOT_VERIFIED_DO_NOT_INFER,Waalwijk,Nijmegen,2,0,H,EVALUATION_ONLY_JOIN_AFTER_PREMATCH_FEATURE_FREEZE,3.02,3.54,2.28,EXTERNAL_HISTORICAL_MARKET_BENCHMARK,NOT_AVAILABLE,NOT_GOLDBET,07befbf5dd882f5536f89bee40f3a4bc81b87e2cb1ec55a404d47f2dc7e2feb9
cdc2dcfd64f0aea8ba5b7acf,Eredivisie,2023/2024,DEVELOPMENT,2024-02-10,17:45,MATCH_KICKOFF_TIME_TIMEZONE_NOT_STATED_BY_SOURCE,,NOT_VERIFIED_DO_NOT_INFER,Excelsior,Twente,0,3,A,EVALUATION_ONLY_JOIN_AFTER_PREMATCH_FEATURE_FREEZE,5.07,4.05,1.64,EXTERNAL_HISTORICAL_MARKET_BENCHMARK,NOT_AVAILABLE,NOT_GOLDBET,0c26322af6493624482831785d04ebaf7fca71d634f094115ff27b3ef6eeeba2
7391795c702a44351748e16b,Eredivisie,2023/2024,DEVELOPMENT,2024-02-10,19:00,MATCH_KICKOFF_TIME_TIMEZONE_NOT_STATED_BY_SOURCE,,NOT_VERIFIED_DO_NOT_INFER,Almere City,AZ Alkmaar,0,0,D,EVALUATION_ONLY_JOIN_AFTER_PREMATCH_FEATURE_FREEZE,5.08,3.67,1.72,EXTERNAL_HISTORICAL_MARKET_BENCHMARK,NOT_AVAILABLE,NOT_GOLDBET,7745a928b1269893e29acd98af55910d9341b546e5a6a5ba52d0f1b35658a8f4
3bb9019815014aac0144135e,Eredivisie,2023/2024,DEVELOPMENT,2024-02-10,20:00,MATCH_KICKOFF_TIME_TIMEZONE_NOT_STATED_BY_SOURCE,,NOT_VERIFIED_DO_NOT_INFER,Heracles,Vitesse,3,2,H,EVALUATION_ONLY_JOIN_AFTER_PREMATCH_FEATURE_FREEZE,2.19,3.52,3.21,EXTERNAL_HISTORICAL_MARKET_BENCHMARK,NOT_AVAILABLE,NOT_GOLDBET,98f5581435730d55570693b1e8e958ea8252a7727bb662f58ed2ce9f03e2ba9f
668a29652aa90bdd31270e5c,Eredivisie,2023/2024,DEVELOPMENT,2024-02-11,11:15,MATCH_KICKOFF_TIME_TIMEZONE_NOT_STATED_BY_SOURCE,,NOT_VERIFIED_DO_NOT_INFER,Go Ahead Eagles,Zwolle,1,1,D,EVALUATION_ONLY_JOIN_AFTER_PREMATCH_FEATURE_FREEZE,1.73,4.07,4.31,EXTERNAL_HISTORICAL_MARKET_BENCHMARK,NOT_AVAILABLE,NOT_GOLDBET,24df94f8e85d6058c1b48d8a802c2c809cfe0c4c23bf5f8ccad9ae85f90664c5
7ae5327d8b76e1dfd924d03e,Eredivisie,2023/2024,DEVELOPMENT,2024-02-11,13:30,MATCH_KICKOFF_TIME_TIMEZONE_NOT_STATED_BY_SOURCE,,NOT_VERIFIED_DO_NOT_INFER,Heerenveen,Ajax,3,2,H,EVALUATION_ONLY_JOIN_AFTER_PREMATCH_FEATURE_FREEZE,3.49,4.17,1.9,EXTERNAL_HISTORICAL_MARKET_BENCHMARK,NOT_AVAILABLE,NOT_GOLDBET,91c3fce1a78d0999c6b3e868d209dcb55383fc436e69180a4fe16ada922700e6
28cb5242f20494b7de1b0733,Eredivisie,2023/2024,DEVELOPMENT,2024-02-11,13:30,MATCH_KICKOFF_TIME_TIMEZONE_NOT_STATED_BY_SOURCE,,NOT_VERIFIED_DO_NOT_INFER,Utrecht,For Sittard,4,0,H,EVALUATION_ONLY_JOIN_AFTER_PREMATCH_FEATURE_FREEZE,1.64,3.88,5.43,EXTERNAL_HISTORICAL_MARKET_BENCHMARK,NOT_AVAILABLE,NOT_GOLDBET,fa29c00ef1fc2d6cb31df48149bc69189d9d4db693aeffc329c162a3ac94b911
bd7f5bf7a34f9d7396f7fb55,Eredivisie,2023/2024,DEVELOPMENT,2024-02-11,15:45,MATCH_KICKOFF_TIME_TIMEZONE_NOT_STATED_BY_SOURCE,,NOT_VERIFIED_DO_NOT_INFER,Volendam,PSV Eindhoven,1,5,A,EVALUATION_ONLY_JOIN_AFTER_PREMATCH_FEATURE_FREEZE,20.49,10.23,1.1,EXTERNAL_HISTORICAL_MARKET_BENCHMARK,NOT_AVAILABLE,NOT_GOLDBET,6efe918aded588b2921b8b9942b894190fe5e69cf39b9be194f4c8f408e9aab0
bf04b4cd8d2fce751073d2fc,Eredivisie,2023/2024,DEVELOPMENT,2024-02-11,19:00,MATCH_KICKOFF_TIME_TIMEZONE_NOT_STATED_BY_SOURCE,,NOT_VERIFIED_DO_NOT_INFER,Feyenoord,Sparta Rotterdam,2,0,H,EVALUATION_ONLY_JOIN_AFTER_PREMATCH_FEATURE_FREEZE,1.21,6.86,12.31,EXTERNAL_HISTORICAL_MARKET_BENCHMARK,NOT_AVAILABLE,NOT_GOLDBET,9e053f08cf6235d5fed57b827ea27dc9e9d0bb61bf3758437d3e31634e1c88b2
56c2b437e411a5fca9604205,Eredivisie,2023/2024,DEVELOPMENT,2024-02-16,19:00,MATCH_KICKOFF_TIME_TIMEZONE_NOT_STATED_BY_SOURCE,,NOT_VERIFIED_DO_NOT_INFER,PSV Eindhoven,Heracles,2,0,H,EVALUATION_ONLY_JOIN_AFTER_PREMATCH_FEATURE_FREEZE,1.07,12.85,26.36,EXTERNAL_HISTORICAL_MARKET_BENCHMARK,NOT_AVAILABLE,NOT_GOLDBET,59db1fce601941223cbbccea1dcc84894ed9b46ddbab801a40bf1056d5a99e94
05d4a931d44f6bc44c42afe1,Eredivisie,2023/2024,DEVELOPMENT,2024-02-17,17:45,MATCH_KICKOFF_TIME_TIMEZONE_NOT_STATED_BY_SOURCE,,NOT_VERIFIED_DO_NOT_INFER,For Sittard,AZ Alkmaar,1,2,A,EVALUATION_ONLY_JOIN_AFTER_PREMATCH_FEATURE_FREEZE,4.85,3.44,1.79,EXTERNAL_HISTORICAL_MARKET_BENCHMARK,NOT_AVAILABLE,NOT_GOLDBET,caf854499b170cb8b54bafa74b35a5e9dea66287c98f80edc4d94562697ebe41
126bbdfd8bc883882dfb996d,Eredivisie,2023/2024,DEVELOPMENT,2024-02-17,17:45,MATCH_KICKOFF_TIME_TIMEZONE_NOT_STATED_BY_SOURCE,,NOT_VERIFIED_DO_NOT_INFER,Sparta Rotterdam,Excelsior,4,2,H,EVALUATION_ONLY_JOIN_AFTER_PREMATCH_FEATURE_FREEZE,1.92,3.64,3.87,EXTERNAL_HISTORICAL_MARKET_BENCHMARK,NOT_AVAILABLE,NOT_GOLDBET,0ebae5ebb2a22915427e44c824f745e51cc38dcf8956e030d42a34036f463315
26dfdf4ac3109aae0b21a04a,Eredivisie,2023/2024,DEVELOPMENT,2024-02-17,20:00,MATCH_KICKOFF_TIME_TIMEZONE_NOT_STATED_BY_SOURCE,,NOT_VERIFIED_DO_NOT_INFER,Heerenveen,Go Ahead Eagles,0,2,A,EVALUATION_ONLY_JOIN_AFTER_PREMATCH_FEATURE_FREEZE,1.94,3.67,3.75,EXTERNAL_HISTORICAL_MARKET_BENCHMARK,NOT_AVAILABLE,NOT_GOLDBET,ce923d644b6896902077d50156a515b822e72835d78e6eda77584a00fddee07f
b464eab0dd1cb83b9b993ada,Eredivisie,2023/2024,DEVELOPMENT,2024-02-17,20:00,MATCH_KICKOFF_TIME_TIMEZONE_NOT_STATED_BY_SOURCE,,NOT_VERIFIED_DO_NOT_INFER,Zwolle,Almere City,0,1,A,EVALUATION_ONLY_JOIN_AFTER_PREMATCH_FEATURE_FREEZE,2.21,3.41,3.24,EXTERNAL_HISTORICAL_MARKET_BENCHMARK,NOT_AVAILABLE,NOT_GOLDBET,b9d493d5ed55a127b5cfd3290dd4abe8ed48da129e101dde4d75712e053bc35e
df429c59fd0fc5561b7c7e0d,Eredivisie,2023/2024,DEVELOPMENT,2024-02-18,11:15,MATCH_KICKOFF_TIME_TIMEZONE_NOT_STATED_BY_SOURCE,,NOT_VERIFIED_DO_NOT_INFER,Twente,Utrecht,0,1,A,EVALUATION_ONLY_JOIN_AFTER_PREMATCH_FEATURE_FREEZE,1.67,4.06,4.83,EXTERNAL_HISTORICAL_MARKET_BENCHMARK,NOT_AVAILABLE,NOT_GOLDBET,1ca04b2805ba3410aec6ec3cafe879c042e40ac451bbe9e8255835742fd31c9c
2967cf3719a2323f57f9171c,Eredivisie,2023/2024,DEVELOPMENT,2024-02-18,13:30,MATCH_KICKOFF_TIME_TIMEZONE_NOT_STATED_BY_SOURCE,,NOT_VERIFIED_DO_NOT_INFER,Ajax,Nijmegen,2,2,D,EVALUATION_ONLY_JOIN_AFTER_PREMATCH_FEATURE_FREEZE,1.51,4.71,5.41,EXTERNAL_HISTORICAL_MARKET_BENCHMARK,NOT_AVAILABLE,NOT_GOLDBET,a1b08b77fbc9cd17879a6ecddd0072b55a2891358032e1e75b41aa2e56ee3bfd
0e2df94524034477299734c5,Eredivisie,2023/2024,DEVELOPMENT,2024-02-18,13:30,MATCH_KICKOFF_TIME_TIMEZONE_NOT_STATED_BY_SOURCE,,NOT_VERIFIED_DO_NOT_INFER,Vitesse,Volendam,1,1,D,EVALUATION_ONLY_JOIN_AFTER_PREMATCH_FEATURE_FREEZE,1.57,4.22,5.61,EXTERNAL_HISTORICAL_MARKET_BENCHMARK,NOT_AVAILABLE,NOT_GOLDBET,a51d9a8d777929780839436f41c8d784766b3918d70d5243b245c84851ab2ce6
079ce71a5c358c3bfa28b00c,Eredivisie,2023/2024,DEVELOPMENT,2024-02-18,15:45,MATCH_KICKOFF_TIME_TIMEZONE_NOT_STATED_BY_SOURCE,,NOT_VERIFIED_DO_NOT_INFER,Feyenoord,Waalwijk,1,0,H,EVALUATION_ONLY_JOIN_AFTER_PREMATCH_FEATURE_FREEZE,1.12,9.42,19.74,EXTERNAL_HISTORICAL_MARKET_BENCHMARK,NOT_AVAILABLE,NOT_GOLDBET,ee37362ee5193bd03590451424c79b1abce2f103e2e1aeae9f86fcce7e6cea99
c02564cf7ea1f97c63bb4a18,Eredivisie,2023/2024,DEVELOPMENT,2024-02-23,19:00,MATCH_KICKOFF_TIME_TIMEZONE_NOT_STATED_BY_SOURCE,,NOT_VERIFIED_DO_NOT_INFER,Utrecht,Heracles,1,0,H,EVALUATION_ONLY_JOIN_AFTER_PREMATCH_FEATURE_FREEZE,1.37,5.02,7.89,EXTERNAL_HISTORICAL_MARKET_BENCHMARK,NOT_AVAILABLE,NOT_GOLDBET,1143c091877b95c30cb636d45396f74f95979390dccebcdc13690ad29cc08602
88427be53cd7caf2cf18da40,Eredivisie,2023/2024,DEVELOPMENT,2024-02-24,17:45,MATCH_KICKOFF_TIME_TIMEZONE_NOT_STATED_BY_SOURCE,,NOT_VERIFIED_DO_NOT_INFER,Waalwijk,For Sittard,0,1,A,EVALUATION_ONLY_JOIN_AFTER_PREMATCH_FEATURE_FREEZE,2.53,3.26,2.84,EXTERNAL_HISTORICAL_MARKET_BENCHMARK,NOT_AVAILABLE,NOT_GOLDBET,14bf76ac60c488a3063e90228ad6911ef83297a3243a4be83bffeadb95d65d4e
a3c180efd2dd4d807915389f,Eredivisie,2023/2024,DEVELOPMENT,2024-02-24,19:00,MATCH_KICKOFF_TIME_TIMEZONE_NOT_STATED_BY_SOURCE,,NOT_VERIFIED_DO_NOT_INFER,Zwolle,PSV Eindhoven,1,7,A,EVALUATION_ONLY_JOIN_AFTER_PREMATCH_FEATURE_FREEZE,12.3,6.77,1.21,EXTERNAL_HISTORICAL_MARKET_BENCHMARK,NOT_AVAILABLE,NOT_GOLDBET,2013ee054b390e6129e4131ab1b23ef131ab5f76ff192dcff52dd729ff447400
cad568ff334c5548850f3db3,Eredivisie,2023/2024,DEVELOPMENT,2024-02-24,20:00,MATCH_KICKOFF_TIME_TIMEZONE_NOT_STATED_BY_SOURCE,,NOT_VERIFIED_DO_NOT_INFER,Nijmegen,Sparta Rotterdam,2,0,H,EVALUATION_ONLY_JOIN_AFTER_PREMATCH_FEATURE_FREEZE,1.99,3.63,3.63,EXTERNAL_HISTORICAL_MARKET_BENCHMARK,NOT_AVAILABLE,NOT_GOLDBET,38e0b8b4e6348af52e3fe32f65b083d98ffed61b6096de5b9e4d548e86f656e7
4b4318841f435c8657dff7f3,Eredivisie,2023/2024,DEVELOPMENT,2024-02-25,11:15,MATCH_KICKOFF_TIME_TIMEZONE_NOT_STATED_BY_SOURCE,,NOT_VERIFIED_DO_NOT_INFER,Excelsior,Vitesse,1,2,A,EVALUATION_ONLY_JOIN_AFTER_PREMATCH_FEATURE_FREEZE,2.03,3.71,3.39,EXTERNAL_HISTORICAL_MARKET_BENCHMARK,NOT_AVAILABLE,NOT_GOLDBET,93d47175705fd23fcb29c6fb9b2f117179f1601ec25bb9f6201005a9571b398d
3e04ed29e269f189ce8480f6,Eredivisie,2023/2024,DEVELOPMENT,2024-02-25,13:30,MATCH_KICKOFF_TIME_TIMEZONE_NOT_STATED_BY_SOURCE,,NOT_VERIFIED_DO_NOT_INFER,Almere City,Feyenoord,0,2,A,EVALUATION_ONLY_JOIN_AFTER_PREMATCH_FEATURE_FREEZE,11.48,5.75,1.26,EXTERNAL_HISTORICAL_MARKET_BENCHMARK,NOT_AVAILABLE,NOT_GOLDBET,86c54306989b6a95751eae549292ec71dbb225c51a9583fa30495c076cc128c1
7fa7ce5333bfc5023a255e93,Eredivisie,2023/2024,DEVELOPMENT,2024-02-25,13:30,MATCH_KICKOFF_TIME_TIMEZONE_NOT_STATED_BY_SOURCE,,NOT_VERIFIED_DO_NOT_INFER,Twente,Go Ahead Eagles,3,0,H,EVALUATION_ONLY_JOIN_AFTER_PREMATCH_FEATURE_FREEZE,1.38,4.99,7.51,EXTERNAL_HISTORICAL_MARKET_BENCHMARK,NOT_AVAILABLE,NOT_GOLDBET,9526e7adab1b8aa9b54b383628e1b776702b3e8f6f01b5fddd8f7fd10cf234d6
209fbe6a9e489c090164cb86,Eredivisie,2023/2024,DEVELOPMENT,2024-02-25,15:45,MATCH_KICKOFF_TIME_TIMEZONE_NOT_STATED_BY_SOURCE,,NOT_VERIFIED_DO_NOT_INFER,AZ Alkmaar,Ajax,2,0,H,EVALUATION_ONLY_JOIN_AFTER_PREMATCH_FEATURE_FREEZE,1.88,3.87,3.82,EXTERNAL_HISTORICAL_MARKET_BENCHMARK,NOT_AVAILABLE,NOT_GOLDBET,5123f7ffe0a5c6552b24aba9eedcf57ba2ad67fde5ad0b2f0fc9aee089cd1b88
8a0d91b8ae152da8867d6b15,Eredivisie,2023/2024,DEVELOPMENT,2024-02-25,19:00,MATCH_KICKOFF_TIME_TIMEZONE_NOT_STATED_BY_SOURCE,,NOT_VERIFIED_DO_NOT_INFER,Volendam,Heerenveen,0,4,A,EVALUATION_ONLY_JOIN_AFTER_PREMATCH_FEATURE_FREEZE,4.83,4.13,1.65,EXTERNAL_HISTORICAL_MARKET_BENCHMARK,NOT_AVAILABLE,NOT_GOLDBET,bda0f42a557e53f6d1d83dffda5f04f286b3d0c8789c333df1a3dff63e7df090
ebeb5901bda4d89dea39b0c3,Eredivisie,2023/2024,DEVELOPMENT,2024-03-01,19:00,MATCH_KICKOFF_TIME_TIMEZONE_NOT_STATED_BY_SOURCE,,NOT_VERIFIED_DO_NOT_INFER,Volendam,Nijmegen,2,5,A,EVALUATION_ONLY_JOIN_AFTER_PREMATCH_FEATURE_FREEZE,5.2,4.29,1.59,EXTERNAL_HISTORICAL_MARKET_BENCHMARK,NOT_AVAILABLE,NOT_GOLDBET,8f78e48e5402799a87fc50d76980a0ee9724822ff8b108c14a54ed1642c916d7
3f3cf6e44562042d56b3ceff,Eredivisie,2023/2024,DEVELOPMENT,2024-03-02,17:45,MATCH_KICKOFF_TIME_TIMEZONE_NOT_STATED_BY_SOURCE,,NOT_VERIFIED_DO_NOT_INFER,Go Ahead Eagles,Waalwijk,1,0,H,EVALUATION_ONLY_JOIN_AFTER_PREMATCH_FEATURE_FREEZE,1.93,3.73,3.72,EXTERNAL_HISTORICAL_MARKET_BENCHMARK,NOT_AVAILABLE,NOT_GOLDBET,11800c7690383f398669596206b7684d4238ee75659ddc73a0f7e890cff105e2
e5c3aa7ffabaac63011324b8,Eredivisie,2023/2024,DEVELOPMENT,2024-03-02,19:00,MATCH_KICKOFF_TIME_TIMEZONE_NOT_STATED_BY_SOURCE,,NOT_VERIFIED_DO_NOT_INFER,Vitesse,Twente,1,2,A,EVALUATION_ONLY_JOIN_AFTER_PREMATCH_FEATURE_FREEZE,4.61,4.07,1.69,EXTERNAL_HISTORICAL_MARKET_BENCHMARK,NOT_AVAILABLE,NOT_GOLDBET,e5ef130738cbb67011e2e37d52eb43fe1d116802d05e4dc539d8685d3e8a0461
b82bbee49b86b580ceac3483,Eredivisie,2023/2024,DEVELOPMENT,2024-03-02,20:00,MATCH_KICKOFF_TIME_TIMEZONE_NOT_STATED_BY_SOURCE,,NOT_VERIFIED_DO_NOT_INFER,Sparta Rotterdam,AZ Alkmaar,1,1,D,EVALUATION_ONLY_JOIN_AFTER_PREMATCH_FEATURE_FREEZE,3.63,3.5,2.02,EXTERNAL_HISTORICAL_MARKET_BENCHMARK,NOT_AVAILABLE,NOT_GOLDBET,c03ccd0ab93d9262f7144d3a5a91f886e9ec61c59d3697a524905f24cd150873
6239764489d0aa19332cef44,Eredivisie,2023/2024,DEVELOPMENT,2024-03-03,11:15,MATCH_KICKOFF_TIME_TIMEZONE_NOT_STATED_BY_SOURCE,,NOT_VERIFIED_DO_NOT_INFER,Ajax,Utrecht,2,0,H,EVALUATION_ONLY_JOIN_AFTER_PREMATCH_FEATURE_FREEZE,2.01,3.71,3.48,EXTERNAL_HISTORICAL_MARKET_BENCHMARK,NOT_AVAILABLE,NOT_GOLDBET,715a8b358880b6f5c64cd1cfb1a2af02da6efbdb1a9645e4736f574686e51562
c1b12e5ee52c27b80e393fe9,Eredivisie,2023/2024,DEVELOPMENT,2024-03-03,13:30,MATCH_KICKOFF_TIME_TIMEZONE_NOT_STATED_BY_SOURCE,,NOT_VERIFIED_DO_NOT_INFER,Heerenveen,Zwolle,2,0,H,EVALUATION_ONLY_JOIN_AFTER_PREMATCH_FEATURE_FREEZE,1.44,4.74,6.72,EXTERNAL_HISTORICAL_MARKET_BENCHMARK,NOT_AVAILABLE,NOT_GOLDBET,57bff2b9ebf2141d418ddc214eb96c9e8f9de0b7a15ae0613b2e18fb7134028c
11801bdc09fc083d8fa532f0,Eredivisie,2023/2024,DEVELOPMENT,2024-03-03,13:30,MATCH_KICKOFF_TIME_TIMEZONE_NOT_STATED_BY_SOURCE,,NOT_VERIFIED_DO_NOT_INFER,PSV Eindhoven,Feyenoord,2,2,D,EVALUATION_ONLY_JOIN_AFTER_PREMATCH_FEATURE_FREEZE,1.88,3.69,3.99,EXTERNAL_HISTORICAL_MARKET_BENCHMARK,NOT_AVAILABLE,NOT_GOLDBET,ce2c109178229e8657a5c64dcecfebca0f22b663697f6fdaff6b6dd6d34ffbb9
ec70bb115c6aedbeb71b2e64,Eredivisie,2023/2024,DEVELOPMENT,2024-03-03,15:45,MATCH_KICKOFF_TIME_TIMEZONE_NOT_STATED_BY_SOURCE,,NOT_VERIFIED_DO_NOT_INFER,For Sittard,Excelsior,5,2,H,EVALUATION_ONLY_JOIN_AFTER_PREMATCH_FEATURE_FREEZE,1.87,3.7,4.05,EXTERNAL_HISTORICAL_MARKET_BENCHMARK,NOT_AVAILABLE,NOT_GOLDBET,44b180a8d2c1eb73fe20be0888a87ad7202090a80f5a2d101bb746dc79baef59
f5ad429bacd6622eb060a8b8,Eredivisie,2023/2024,DEVELOPMENT,2024-03-03,19:00,MATCH_KICKOFF_TIME_TIMEZONE_NOT_STATED_BY_SOURCE,,NOT_VERIFIED_DO_NOT_INFER,Heracles,Almere City,2,2,D,EVALUATION_ONLY_JOIN_AFTER_PREMATCH_FEATURE_FREEZE,2.62,3.27,2.73,EXTERNAL_HISTORICAL_MARKET_BENCHMARK,NOT_AVAILABLE,NOT_GOLDBET,2245dbff2250a02c5e24c16f12d9d39021d431f15f0ac71f602e8ed11897d0ba
39fac3e97cbcc8f50712a8b6,Eredivisie,2023/2024,DEVELOPMENT,2024-03-08,19:00,MATCH_KICKOFF_TIME_TIMEZONE_NOT_STATED_BY_SOURCE,,NOT_VERIFIED_DO_NOT_INFER,Go Ahead Eagles,PSV Eindhoven,0,1,A,EVALUATION_ONLY_JOIN_AFTER_PREMATCH_FEATURE_FREEZE,6.95,5.16,1.4,EXTERNAL_HISTORICAL_MARKET_BENCHMARK,NOT_AVAILABLE,NOT_GOLDBET,e790d03d9b89741d1ad3d3558c65d48177ed4277d9914d1eb0d1f77ab1f85c50
04816a7f51c9465600dc4e66,Eredivisie,2023/2024,DEVELOPMENT,2024-03-09,17:45,MATCH_KICKOFF_TIME_TIMEZONE_NOT_STATED_BY_SOURCE,,NOT_VERIFIED_DO_NOT_INFER,Twente,Sparta Rotterdam,2,1,H,EVALUATION_ONLY_JOIN_AFTER_PREMATCH_FEATURE_FREEZE,1.39,4.94,7.75,EXTERNAL_HISTORICAL_MARKET_BENCHMARK,NOT_AVAILABLE,NOT_GOLDBET,8aa9cc8baae89afdcdd65208110f94f6f690912b93848ddec139aad2d6583c55
d21531aecf39d6fa0f8ad2d0,Eredivisie,2023/2024,DEVELOPMENT,2024-03-09,19:00,MATCH_KICKOFF_TIME_TIMEZONE_NOT_STATED_BY_SOURCE,,NOT_VERIFIED_DO_NOT_INFER,Almere City,Utrecht,1,1,D,EVALUATION_ONLY_JOIN_AFTER_PREMATCH_FEATURE_FREEZE,3.59,3.25,2.15,EXTERNAL_HISTORICAL_MARKET_BENCHMARK,NOT_AVAILABLE,NOT_GOLDBET,5f5112ab0444b34c3c1e5281ae31d117af8e3f1a1876b54b58e2c4f5afe66154
83947ffe60490230282e3d7f,Eredivisie,2023/2024,DEVELOPMENT,2024-03-09,20:00,MATCH_KICKOFF_TIME_TIMEZONE_NOT_STATED_BY_SOURCE,,NOT_VERIFIED_DO_NOT_INFER,Waalwijk,Vitesse,3,1,H,EVALUATION_ONLY_JOIN_AFTER_PREMATCH_FEATURE_FREEZE,2.24,3.46,3.14,EXTERNAL_HISTORICAL_MARKET_BENCHMARK,NOT_AVAILABLE,NOT_GOLDBET,6ca8b0b37e74e63c700864d02123bed912c917e875ef07d1d9103f317c088d9a
b528d44abe773c6b6372b6b0,Eredivisie,2023/2024,DEVELOPMENT,2024-03-10,11:15,MATCH_KICKOFF_TIME_TIMEZONE_NOT_STATED_BY_SOURCE,,NOT_VERIFIED_DO_NOT_INFER,AZ Alkmaar,Excelsior,4,0,H,EVALUATION_ONLY_JOIN_AFTER_PREMATCH_FEATURE_FREEZE,1.21,6.71,12.71,EXTERNAL_HISTORICAL_MARKET_BENCHMARK,NOT_AVAILABLE,NOT_GOLDBET,ba42d591738c7fffc747276302ed9d52b59c8025fe0ea30ff078c77e1a7f8d6f
01a1e4fb4ced3fb966ffcdd3,Eredivisie,2023/2024,DEVELOPMENT,2024-03-10,13:30,MATCH_KICKOFF_TIME_TIMEZONE_NOT_STATED_BY_SOURCE,,NOT_VERIFIED_DO_NOT_INFER,Ajax,For Sittard,2,2,D,EVALUATION_ONLY_JOIN_AFTER_PREMATCH_FEATURE_FREEZE,1.52,4.25,6.25,EXTERNAL_HISTORICAL_MARKET_BENCHMARK,NOT_AVAILABLE,NOT_GOLDBET,239c017e77af7fd8a27f900f1b71ce9bcef5c5ff76cb21f6302cecafb5f1cdf2
ac6677757abc49525dff455b,Eredivisie,2023/2024,DEVELOPMENT,2024-03-10,13:30,MATCH_KICKOFF_TIME_TIMEZONE_NOT_STATED_BY_SOURCE,,NOT_VERIFIED_DO_NOT_INFER,Zwolle,Volendam,1,1,D,EVALUATION_ONLY_JOIN_AFTER_PREMATCH_FEATURE_FREEZE,1.43,4.91,6.63,EXTERNAL_HISTORICAL_MARKET_BENCHMARK,NOT_AVAILABLE,NOT_GOLDBET,1c32e098cb2e51754283d41f81e16cd9d30a18b01062cc9e86cafdbf9e045743
e7cdf701e4af8b3e94fac0e7,Eredivisie,2023/2024,DEVELOPMENT,2024-03-10,15:45,MATCH_KICKOFF_TIME_TIMEZONE_NOT_STATED_BY_SOURCE,,NOT_VERIFIED_DO_NOT_INFER,Nijmegen,Heerenveen,2,0,H,EVALUATION_ONLY_JOIN_AFTER_PREMATCH_FEATURE_FREEZE,2.09,3.64,3.33,EXTERNAL_HISTORICAL_MARKET_BENCHMARK,NOT_AVAILABLE,NOT_GOLDBET,083fddda8c9f8d14c1191654c80d6dde9b27c5ce23de765b5b09ca54be6b7065
dd24373cf5142c7c6e7951c0,Eredivisie,2023/2024,DEVELOPMENT,2024-03-10,19:00,MATCH_KICKOFF_TIME_TIMEZONE_NOT_STATED_BY_SOURCE,,NOT_VERIFIED_DO_NOT_INFER,Feyenoord,Heracles,3,0,H,EVALUATION_ONLY_JOIN_AFTER_PREMATCH_FEATURE_FREEZE,1.07,12.31,25.59,EXTERNAL_HISTORICAL_MARKET_BENCHMARK,NOT_AVAILABLE,NOT_GOLDBET,03e9274450aa8915732fd2ccfec06116a66ca4e708ded728b5ac3dbaf7a1cf4c
f2bde89e40ef84129f39dfe4,Eredivisie,2023/2024,DEVELOPMENT,2024-03-15,19:00,MATCH_KICKOFF_TIME_TIMEZONE_NOT_STATED_BY_SOURCE,,NOT_VERIFIED_DO_NOT_INFER,Heracles,Go Ahead Eagles,2,0,H,EVALUATION_ONLY_JOIN_AFTER_PREMATCH_FEATURE_FREEZE,3.01,3.6,2.26,EXTERNAL_HISTORICAL_MARKET_BENCHMARK,NOT_AVAILABLE,NOT_GOLDBET,9aace1a36d9be183ead2b7930c938a5b66a9e576763b90388ce0f42cf4a2bdb7
0f1240c9aec687c376140d61,Eredivisie,2023/2024,DEVELOPMENT,2024-03-16,17:45,MATCH_KICKOFF_TIME_TIMEZONE_NOT_STATED_BY_SOURCE,,NOT_VERIFIED_DO_NOT_INFER,For Sittard,Zwolle,3,1,H,EVALUATION_ONLY_JOIN_AFTER_PREMATCH_FEATURE_FREEZE,1.74,3.81,4.52,EXTERNAL_HISTORICAL_MARKET_BENCHMARK,NOT_AVAILABLE,NOT_GOLDBET,f53566ab217e3bb2fefaa3ef8a6d4f28627dd48d5b684550d09e54d4d638af00
8c68c1c4c66ef877beda7c4c,Eredivisie,2023/2024,DEVELOPMENT,2024-03-16,19:00,MATCH_KICKOFF_TIME_TIMEZONE_NOT_STATED_BY_SOURCE,,NOT_VERIFIED_DO_NOT_INFER,Excelsior,Waalwijk,1,1,D,EVALUATION_ONLY_JOIN_AFTER_PREMATCH_FEATURE_FREEZE,2.42,3.43,2.86,EXTERNAL_HISTORICAL_MARKET_BENCHMARK,NOT_AVAILABLE,NOT_GOLDBET,fd4680849b451422fcce870709fb43eee78d1a966236ec05d125269652b22689
c34422bc712664f16f4ab552,Eredivisie,2023/2024,DEVELOPMENT,2024-03-16,20:00,MATCH_KICKOFF_TIME_TIMEZONE_NOT_STATED_BY_SOURCE,,NOT_VERIFIED_DO_NOT_INFER,Vitesse,Almere City,1,1,D,EVALUATION_ONLY_JOIN_AFTER_PREMATCH_FEATURE_FREEZE,2.22,3.26,3.37,EXTERNAL_HISTORICAL_MARKET_BENCHMARK,NOT_AVAILABLE,NOT_GOLDBET,2e955df1005b12d6b076a44955ded85353186fa913837e68f7513b32c149a6db
7ad4c8e540ce92b7dbea492d,Eredivisie,2023/2024,DEVELOPMENT,2024-03-17,11:15,MATCH_KICKOFF_TIME_TIMEZONE_NOT_STATED_BY_SOURCE,,NOT_VERIFIED_DO_NOT_INFER,Volendam,AZ Alkmaar,0,4,A,EVALUATION_ONLY_JOIN_AFTER_PREMATCH_FEATURE_FREEZE,13.61,7.21,1.19,EXTERNAL_HISTORICAL_MARKET_BENCHMARK,NOT_AVAILABLE,NOT_GOLDBET,ddbb4979eaba837c6355cb482507cecce2b0cf2c63a5f6536cc41ff668491a41
9d527e4ecebadc24373722c2,Eredivisie,2023/2024,DEVELOPMENT,2024-03-17,13:30,MATCH_KICKOFF_TIME_TIMEZONE_NOT_STATED_BY_SOURCE,,NOT_VERIFIED_DO_NOT_INFER,Heerenveen,Feyenoord,2,3,A,EVALUATION_ONLY_JOIN_AFTER_PREMATCH_FEATURE_FREEZE,7.22,5.02,1.39,EXTERNAL_HISTORICAL_MARKET_BENCHMARK,NOT_AVAILABLE,NOT_GOLDBET,acc66be3ca32737f747290fcb15fc2f35c7e3c665d63c4b2486f6ef33e1ed521
30aa15740054a99d62a3d783,Eredivisie,2023/2024,DEVELOPMENT,2024-03-17,13:30,MATCH_KICKOFF_TIME_TIMEZONE_NOT_STATED_BY_SOURCE,,NOT_VERIFIED_DO_NOT_INFER,Utrecht,Nijmegen,1,0,H,EVALUATION_ONLY_JOIN_AFTER_PREMATCH_FEATURE_FREEZE,2.04,3.48,3.58,EXTERNAL_HISTORICAL_MARKET_BENCHMARK,NOT_AVAILABLE,NOT_GOLDBET,251ba90fe72b6596813b0615964991e753292c8ca48df258e3f34cae5344a37d
25b6dae4cc08f197c71f02e4,Eredivisie,2023/2024,DEVELOPMENT,2024-03-17,15:45,MATCH_KICKOFF_TIME_TIMEZONE_NOT_STATED_BY_SOURCE,,NOT_VERIFIED_DO_NOT_INFER,Sparta Rotterdam,Ajax,2,2,D,EVALUATION_ONLY_JOIN_AFTER_PREMATCH_FEATURE_FREEZE,3.21,3.53,2.18,EXTERNAL_HISTORICAL_MARKET_BENCHMARK,NOT_AVAILABLE,NOT_GOLDBET,9213f52c2bccc9e6f7d9bb0bc30d8664e34efac76a47c0eb623aea4b70b4f65c
653630cd82dcb3a8f96c8b1d,Eredivisie,2023/2024,DEVELOPMENT,2024-03-17,19:00,MATCH_KICKOFF_TIME_TIMEZONE_NOT_STATED_BY_SOURCE,,NOT_VERIFIED_DO_NOT_INFER,PSV Eindhoven,Twente,1,0,H,EVALUATION_ONLY_JOIN_AFTER_PREMATCH_FEATURE_FREEZE,1.38,5.1,7.39,EXTERNAL_HISTORICAL_MARKET_BENCHMARK,NOT_AVAILABLE,NOT_GOLDBET,fa0062920a79df35266fed22eb165160e7dbd1af828ca935fadaecbef9b1564c
a91ebcc9c8a07156e1374480,Eredivisie,2023/2024,DEVELOPMENT,2024-03-30,15:30,MATCH_KICKOFF_TIME_TIMEZONE_NOT_STATED_BY_SOURCE,,NOT_VERIFIED_DO_NOT_INFER,Nijmegen,PSV Eindhoven,3,1,H,EVALUATION_ONLY_JOIN_AFTER_PREMATCH_FEATURE_FREEZE,7.66,5.34,1.36,EXTERNAL_HISTORICAL_MARKET_BENCHMARK,NOT_AVAILABLE,NOT_GOLDBET,0962d0d20fb186d1f6e85d30d776ddb9e3b61fbb9e914bf09568b968bdc5ec2f
0e4818617181994c68a3d2b5,Eredivisie,2023/2024,DEVELOPMENT,2024-03-30,17:45,MATCH_KICKOFF_TIME_TIMEZONE_NOT_STATED_BY_SOURCE,,NOT_VERIFIED_DO_NOT_INFER,Sparta Rotterdam,For Sittard,4,0,H,EVALUATION_ONLY_JOIN_AFTER_PREMATCH_FEATURE_FREEZE,2.24,3.35,3.24,EXTERNAL_HISTORICAL_MARKET_BENCHMARK,NOT_AVAILABLE,NOT_GOLDBET,c5f98d3c643b41259b7a0aa4e9b778edda86337930ca116d63ddcc42da6a316c
6a77579c91449145f80adf8d,Eredivisie,2023/2024,DEVELOPMENT,2024-03-30,19:00,MATCH_KICKOFF_TIME_TIMEZONE_NOT_STATED_BY_SOURCE,,NOT_VERIFIED_DO_NOT_INFER,Go Ahead Eagles,Excelsior,3,0,H,EVALUATION_ONLY_JOIN_AFTER_PREMATCH_FEATURE_FREEZE,1.48,4.68,6.17,EXTERNAL_HISTORICAL_MARKET_BENCHMARK,NOT_AVAILABLE,NOT_GOLDBET,56dd4d8e7c7bdbfa2b3980a409fbae1c2ceccea5a7f2a2143605053aae501ad8
3d1e5e47a09fc94491bc8b5e,Eredivisie,2023/2024,DEVELOPMENT,2024-03-30,19:00,MATCH_KICKOFF_TIME_TIMEZONE_NOT_STATED_BY_SOURCE,,NOT_VERIFIED_DO_NOT_INFER,Waalwijk,Heerenveen,1,1,D,EVALUATION_ONLY_JOIN_AFTER_PREMATCH_FEATURE_FREEZE,2.79,3.54,2.42,EXTERNAL_HISTORICAL_MARKET_BENCHMARK,NOT_AVAILABLE,NOT_GOLDBET,1eead55fa0abab5ab6f37caf1192c543ad0d47da1a3a3fe26d7f80a15b77db7c
a99f0d23bfff796013a232e4,Eredivisie,2023/2024,DEVELOPMENT,2024-03-30,20:00,MATCH_KICKOFF_TIME_TIMEZONE_NOT_STATED_BY_SOURCE,,NOT_VERIFIED_DO_NOT_INFER,AZ Alkmaar,Vitesse,2,0,H,EVALUATION_ONLY_JOIN_AFTER_PREMATCH_FEATURE_FREEZE,1.19,6.9,13.59,EXTERNAL_HISTORICAL_MARKET_BENCHMARK,NOT_AVAILABLE,NOT_GOLDBET,a252e1209e18041b375d00d8e4c0eabbb812d887e72094caa7c1fb9d166d7673
69918cee8febfa8998969f39,Eredivisie,2023/2024,DEVELOPMENT,2024-03-31,11:15,MATCH_KICKOFF_TIME_TIMEZONE_NOT_STATED_BY_SOURCE,,NOT_VERIFIED_DO_NOT_INFER,Zwolle,Ajax,1,3,A,EVALUATION_ONLY_JOIN_AFTER_PREMATCH_FEATURE_FREEZE,5.19,4.35,1.58,EXTERNAL_HISTORICAL_MARKET_BENCHMARK,NOT_AVAILABLE,NOT_GOLDBET,1e1a3a26e2472322220d2d90875ccaa858deeed8a1bc9493eeae2adab4817a15
233eef9a1004688cbf8fa568,Eredivisie,2023/2024,DEVELOPMENT,2024-03-31,13:30,MATCH_KICKOFF_TIME_TIMEZONE_NOT_STATED_BY_SOURCE,,NOT_VERIFIED_DO_NOT_INFER,Feyenoord,Utrecht,4,2,H,EVALUATION_ONLY_JOIN_AFTER_PREMATCH_FEATURE_FREEZE,1.29,5.78,9.57,EXTERNAL_HISTORICAL_MARKET_BENCHMARK,NOT_AVAILABLE,NOT_GOLDBET,c22e31f3410cef193e28814baf2a7ba9ffc868f86974f4365c24f9e84e0d88e1
58e8ec9ccb18686b880892e0,Eredivisie,2023/2024,DEVELOPMENT,2024-03-31,13:30,MATCH_KICKOFF_TIME_TIMEZONE_NOT_STATED_BY_SOURCE,,NOT_VERIFIED_DO_NOT_INFER,Twente,Heracles,1,0,H,EVALUATION_ONLY_JOIN_AFTER_PREMATCH_FEATURE_FREEZE,1.19,7.03,13.93,EXTERNAL_HISTORICAL_MARKET_BENCHMARK,NOT_AVAILABLE,NOT_GOLDBET,f7cc4b3b04671769fcc7eb87f617882f9343639985251e5113e49aa96355c8a9
0fb52e7aaeb16c87b11750c4,Eredivisie,2023/2024,DEVELOPMENT,2024-03-31,15:45,MATCH_KICKOFF_TIME_TIMEZONE_NOT_STATED_BY_SOURCE,,NOT_VERIFIED_DO_NOT_INFER,Almere City,Volendam,1,1,D,EVALUATION_ONLY_JOIN_AFTER_PREMATCH_FEATURE_FREEZE,1.39,4.9,7.58,EXTERNAL_HISTORICAL_MARKET_BENCHMARK,NOT_AVAILABLE,NOT_GOLDBET,0e37390515ad6463f30ac16b1cc5e97520d48af62b23a529823449aed053590c
4c53e3d5837bc8480f2157f3,Eredivisie,2023/2024,DEVELOPMENT,2024-04-02,17:45,MATCH_KICKOFF_TIME_TIMEZONE_NOT_STATED_BY_SOURCE,,NOT_VERIFIED_DO_NOT_INFER,Vitesse,Sparta Rotterdam,1,4,A,EVALUATION_ONLY_JOIN_AFTER_PREMATCH_FEATURE_FREEZE,2.91,3.57,2.33,EXTERNAL_HISTORICAL_MARKET_BENCHMARK,NOT_AVAILABLE,NOT_GOLDBET,e5319f775765aaf7dae1e17bcda664f7875e33723a03c92ab8b9041798029331
f3b4935a8654922dcb227b9e,Eredivisie,2023/2024,DEVELOPMENT,2024-04-02,19:00,MATCH_KICKOFF_TIME_TIMEZONE_NOT_STATED_BY_SOURCE,,NOT_VERIFIED_DO_NOT_INFER,Excelsior,PSV Eindhoven,0,2,A,EVALUATION_ONLY_JOIN_AFTER_PREMATCH_FEATURE_FREEZE,16.27,9.02,1.14,EXTERNAL_HISTORICAL_MARKET_BENCHMARK,NOT_AVAILABLE,NOT_GOLDBET,21d16f5c0cf6b85288f671726f3c33ea60f4d12ce212f90d19f89c59eddb5cc7
ba2e70b48c18f02fe0ca4326,Eredivisie,2023/2024,DEVELOPMENT,2024-04-02,20:00,MATCH_KICKOFF_TIME_TIMEZONE_NOT_STATED_BY_SOURCE,,NOT_VERIFIED_DO_NOT_INFER,For Sittard,Nijmegen,1,1,D,EVALUATION_ONLY_JOIN_AFTER_PREMATCH_FEATURE_FREEZE,2.42,3.35,2.93,EXTERNAL_HISTORICAL_MARKET_BENCHMARK,NOT_AVAILABLE,NOT_GOLDBET,3e5d7a7f9ed1686afe6cd5ffbf749cc2d08c327f308f6de5485ba49a29e2e0ea
0c703052953fc587ae90d6ea,Eredivisie,2023/2024,DEVELOPMENT,2024-04-03,17:45,MATCH_KICKOFF_TIME_TIMEZONE_NOT_STATED_BY_SOURCE,,NOT_VERIFIED_DO_NOT_INFER,Heracles,AZ Alkmaar,5,0,H,EVALUATION_ONLY_JOIN_AFTER_PREMATCH_FEATURE_FREEZE,6.95,4.64,1.43,EXTERNAL_HISTORICAL_MARKET_BENCHMARK,NOT_AVAILABLE,NOT_GOLDBET,4cecc378775ef818b9831b682f5d47443bdfecc1670015507f759ba77cfa93a2
5d5258b4779c27fa49354dcf,Eredivisie,2023/2024,DEVELOPMENT,2024-04-03,19:00,MATCH_KICKOFF_TIME_TIMEZONE_NOT_STATED_BY_SOURCE,,NOT_VERIFIED_DO_NOT_INFER,Utrecht,Zwolle,5,1,H,EVALUATION_ONLY_JOIN_AFTER_PREMATCH_FEATURE_FREEZE,1.43,4.68,6.91,EXTERNAL_HISTORICAL_MARKET_BENCHMARK,NOT_AVAILABLE,NOT_GOLDBET,b3056483a68b2128e111d5d3aa3a32321f7174b5ec2dd1b78001ac05f1ecb54b
d85d8b168b3bab11d4dba834,Eredivisie,2023/2024,DEVELOPMENT,2024-04-03,20:00,MATCH_KICKOFF_TIME_TIMEZONE_NOT_STATED_BY_SOURCE,,NOT_VERIFIED_DO_NOT_INFER,Heerenveen,Twente,3,3,D,EVALUATION_ONLY_JOIN_AFTER_PREMATCH_FEATURE_FREEZE,4.18,3.89,1.8,EXTERNAL_HISTORICAL_MARKET_BENCHMARK,NOT_AVAILABLE,NOT_GOLDBET,a9ab4880c6e3032428f388a4b8f60b7e525c0b4ec6ca54ae6262305f3aa29223
22682335d1262ed10a30fb9b,Eredivisie,2023/2024,DEVELOPMENT,2024-04-04,17:45,MATCH_KICKOFF_TIME_TIMEZONE_NOT_STATED_BY_SOURCE,,NOT_VERIFIED_DO_NOT_INFER,Volendam,Feyenoord,0,0,D,EVALUATION_ONLY_JOIN_AFTER_PREMATCH_FEATURE_FREEZE,22.14,11.52,1.09,EXTERNAL_HISTORICAL_MARKET_BENCHMARK,NOT_AVAILABLE,NOT_GOLDBET,7588c007b8ed745733af3d065eed01c6d4dad9a6642e344211d23c744ff3e8c2
d0487d7d6f2223f223bf8116,Eredivisie,2023/2024,DEVELOPMENT,2024-04-04,19:00,MATCH_KICKOFF_TIME_TIMEZONE_NOT_STATED_BY_SOURCE,,NOT_VERIFIED_DO_NOT_INFER,Waalwijk,Almere City,0,0,D,EVALUATION_ONLY_JOIN_AFTER_PREMATCH_FEATURE_FREEZE,2.08,3.48,3.51,EXTERNAL_HISTORICAL_MARKET_BENCHMARK,NOT_AVAILABLE,NOT_GOLDBET,35c9e28ff1d46b127758aa7f52078c221cf5759307bbe0195e787b9e17f09aa4
0fbf9317d6d81d7b4718eaa7,Eredivisie,2023/2024,DEVELOPMENT,2024-04-04,20:00,MATCH_KICKOFF_TIME_TIMEZONE_NOT_STATED_BY_SOURCE,,NOT_VERIFIED_DO_NOT_INFER,Ajax,Go Ahead Eagles,1,1,D,EVALUATION_ONLY_JOIN_AFTER_PREMATCH_FEATURE_FREEZE,1.58,4.4,5.13,EXTERNAL_HISTORICAL_MARKET_BENCHMARK,NOT_AVAILABLE,NOT_GOLDBET,e85659fe2462e504667bf9a3e468f1248c4db20d0bccd85fd4bd94ce38765ae2
bd0e362e50dcb265d5fde3da,Eredivisie,2023/2024,DEVELOPMENT,2024-04-06,15:30,MATCH_KICKOFF_TIME_TIMEZONE_NOT_STATED_BY_SOURCE,,NOT_VERIFIED_DO_NOT_INFER,Sparta Rotterdam,Heracles,1,2,A,EVALUATION_ONLY_JOIN_AFTER_PREMATCH_FEATURE_FREEZE,1.63,4.21,4.92,EXTERNAL_HISTORICAL_MARKET_BENCHMARK,NOT_AVAILABLE,NOT_GOLDBET,c7a4c581312ac525074474532cac5cc65b6f7e5590191751807aee21cecd7b20
1586c712eda516fd86a1dd65,Eredivisie,2023/2024,DEVELOPMENT,2024-04-06,17:45,MATCH_KICKOFF_TIME_TIMEZONE_NOT_STATED_BY_SOURCE,,NOT_VERIFIED_DO_NOT_INFER,PSV Eindhoven,AZ Alkmaar,5,1,H,EVALUATION_ONLY_JOIN_AFTER_PREMATCH_FEATURE_FREEZE,1.41,4.98,7,EXTERNAL_HISTORICAL_MARKET_BENCHMARK,NOT_AVAILABLE,NOT_GOLDBET,5951c72bec4c759f401ef55a49ef2b0768c8668f5d2b1ff21255c877c0b52d5d
5e4005dc881bbbd32cce983a,Eredivisie,2023/2024,DEVELOPMENT,2024-04-06,19:00,MATCH_KICKOFF_TIME_TIMEZONE_NOT_STATED_BY_SOURCE,,NOT_VERIFIED_DO_NOT_INFER,Zwolle,Excelsior,2,1,H,EVALUATION_ONLY_JOIN_AFTER_PREMATCH_FEATURE_FREEZE,1.95,3.68,3.72,EXTERNAL_HISTORICAL_MARKET_BENCHMARK,NOT_AVAILABLE,NOT_GOLDBET,6ddb8ca726d3f8fbd2ea6b3709d0e5e55aa07ae9929100941b725e266d714476
b6dd06c89548c217e768577f,Eredivisie,2023/2024,DEVELOPMENT,2024-04-06,20:00,MATCH_KICKOFF_TIME_TIMEZONE_NOT_STATED_BY_SOURCE,,NOT_VERIFIED_DO_NOT_INFER,Twente,For Sittard,2,0,H,EVALUATION_ONLY_JOIN_AFTER_PREMATCH_FEATURE_FREEZE,1.39,4.83,7.65,EXTERNAL_HISTORICAL_MARKET_BENCHMARK,NOT_AVAILABLE,NOT_GOLDBET,47b595a9baf495038f3eed4dd96164624972105f6f802c597ab8049b67e3922b
94f193b858eae62d6d9a69f4,Eredivisie,2023/2024,DEVELOPMENT,2024-04-07,11:15,MATCH_KICKOFF_TIME_TIMEZONE_NOT_STATED_BY_SOURCE,,NOT_VERIFIED_DO_NOT_INFER,Vitesse,Nijmegen,0,3,A,EVALUATION_ONLY_JOIN_AFTER_PREMATCH_FEATURE_FREEZE,2.94,3.63,2.29,EXTERNAL_HISTORICAL_MARKET_BENCHMARK,NOT_AVAILABLE,NOT_GOLDBET,b14c49640e7db7a5f468e32ee86b83183827fbc84a23b26f8667b1db3de31a49
04d844a23120f12b7fda6b9e,Eredivisie,2023/2024,DEVELOPMENT,2024-04-07,13:30,MATCH_KICKOFF_TIME_TIMEZONE_NOT_STATED_BY_SOURCE,,NOT_VERIFIED_DO_NOT_INFER,Feyenoord,Ajax,6,0,H,EVALUATION_ONLY_JOIN_AFTER_PREMATCH_FEATURE_FREEZE,1.36,5.32,7.57,EXTERNAL_HISTORICAL_MARKET_BENCHMARK,NOT_AVAILABLE,NOT_GOLDBET,4968ed3bfeb4ae7bdf49f4bf616d3486cedb8dfcb5bfc493bdc308c31a5eb607
9437170e8d7c49beacf70bf3,Eredivisie,2023/2024,DEVELOPMENT,2024-04-07,13:30,MATCH_KICKOFF_TIME_TIMEZONE_NOT_STATED_BY_SOURCE,,NOT_VERIFIED_DO_NOT_INFER,Go Ahead Eagles,Almere City,1,1,D,EVALUATION_ONLY_JOIN_AFTER_PREMATCH_FEATURE_FREEZE,1.69,3.91,4.87,EXTERNAL_HISTORICAL_MARKET_BENCHMARK,NOT_AVAILABLE,NOT_GOLDBET,ee88d497b780883f6375eda97b924d972502056250ddec3a84a674cbf74012ec
5733f1997dab05573ccefb81,Eredivisie,2023/2024,DEVELOPMENT,2024-04-07,15:45,MATCH_KICKOFF_TIME_TIMEZONE_NOT_STATED_BY_SOURCE,,NOT_VERIFIED_DO_NOT_INFER,Volendam,Waalwijk,3,2,H,EVALUATION_ONLY_JOIN_AFTER_PREMATCH_FEATURE_FREEZE,3.45,3.79,2,EXTERNAL_HISTORICAL_MARKET_BENCHMARK,NOT_AVAILABLE,NOT_GOLDBET,bda6c0ccff15668080c2d94752acbbfbefb7bde8bf48be3a74a13ed7ab011662
bf449a9938dc767a45c195a9,Eredivisie,2023/2024,DEVELOPMENT,2024-04-07,19:00,MATCH_KICKOFF_TIME_TIMEZONE_NOT_STATED_BY_SOURCE,,NOT_VERIFIED_DO_NOT_INFER,Heerenveen,Utrecht,2,3,A,EVALUATION_ONLY_JOIN_AFTER_PREMATCH_FEATURE_FREEZE,2.47,3.32,2.87,EXTERNAL_HISTORICAL_MARKET_BENCHMARK,NOT_AVAILABLE,NOT_GOLDBET,88fe68c8fe4cabd7599379ac5e6fc292349c860db1c4ab4271b32eeeb7cc8cbc
689defd22236d5deb3cb05c9,Eredivisie,2023/2024,DEVELOPMENT,2024-04-12,19:00,MATCH_KICKOFF_TIME_TIMEZONE_NOT_STATED_BY_SOURCE,,NOT_VERIFIED_DO_NOT_INFER,Excelsior,Volendam,4,0,H,EVALUATION_ONLY_JOIN_AFTER_PREMATCH_FEATURE_FREEZE,1.69,4.22,4.43,EXTERNAL_HISTORICAL_MARKET_BENCHMARK,NOT_AVAILABLE,NOT_GOLDBET,d1a5656b208162211acf95328683b402cdc1f1c2216ed1edc4d15e0759c603de
8193ab727b0dde0e9701a82c,Eredivisie,2023/2024,DEVELOPMENT,2024-04-13,15:30,MATCH_KICKOFF_TIME_TIMEZONE_NOT_STATED_BY_SOURCE,,NOT_VERIFIED_DO_NOT_INFER,PSV Eindhoven,Vitesse,6,0,H,EVALUATION_ONLY_JOIN_AFTER_PREMATCH_FEATURE_FREEZE,1.06,13.97,28.64,EXTERNAL_HISTORICAL_MARKET_BENCHMARK,NOT_AVAILABLE,NOT_GOLDBET,6c9abc11ea7dee05d1f27a9c3f8b0cc84a5b453e0bca0677d1c6374fb7aabe88
fd024c999100950b39454de3,Eredivisie,2023/2024,DEVELOPMENT,2024-04-13,17:45,MATCH_KICKOFF_TIME_TIMEZONE_NOT_STATED_BY_SOURCE,,NOT_VERIFIED_DO_NOT_INFER,AZ Alkmaar,Waalwijk,3,2,H,EVALUATION_ONLY_JOIN_AFTER_PREMATCH_FEATURE_FREEZE,1.3,5.62,9.35,EXTERNAL_HISTORICAL_MARKET_BENCHMARK,NOT_AVAILABLE,NOT_GOLDBET,b28faf41596145f0d59b9e6b7f3f81f715d4c9563895305e37ef4aec2b3fc6bb
297ba1cb097856fc38edef8e,Eredivisie,2023/2024,DEVELOPMENT,2024-04-13,20:00,MATCH_KICKOFF_TIME_TIMEZONE_NOT_STATED_BY_SOURCE,,NOT_VERIFIED_DO_NOT_INFER,Almere City,Sparta Rotterdam,2,3,A,EVALUATION_ONLY_JOIN_AFTER_PREMATCH_FEATURE_FREEZE,2.82,3.36,2.48,EXTERNAL_HISTORICAL_MARKET_BENCHMARK,NOT_AVAILABLE,NOT_GOLDBET,ff2d4f63e84aaaa984753eaa2bca18a1c5cb79317fc9bb857ac10bfd52d002d5
a6930233e15ed39c9aa16a4f,Eredivisie,2023/2024,DEVELOPMENT,2024-04-14,11:15,MATCH_KICKOFF_TIME_TIMEZONE_NOT_STATED_BY_SOURCE,,NOT_VERIFIED_DO_NOT_INFER,Heracles,Heerenveen,0,2,A,EVALUATION_ONLY_JOIN_AFTER_PREMATCH_FEATURE_FREEZE,2.66,3.58,2.52,EXTERNAL_HISTORICAL_MARKET_BENCHMARK,NOT_AVAILABLE,NOT_GOLDBET,c862b2d641c135c52cfdd794f9277defbe1f368ca272205e56ef02401be8e29e
a8bc92803bfd457d48fb670a,Eredivisie,2023/2024,DEVELOPMENT,2024-04-14,13:30,MATCH_KICKOFF_TIME_TIMEZONE_NOT_STATED_BY_SOURCE,,NOT_VERIFIED_DO_NOT_INFER,For Sittard,Feyenoord,0,1,A,EVALUATION_ONLY_JOIN_AFTER_PREMATCH_FEATURE_FREEZE,8.04,5.37,1.34,EXTERNAL_HISTORICAL_MARKET_BENCHMARK,NOT_AVAILABLE,NOT_GOLDBET,9659f3efbd0a30874f2951643048941c50666aac168b22d2b287766982ca7a7c
9219e10a637c5ffa6a474cad,Eredivisie,2023/2024,DEVELOPMENT,2024-04-14,13:30,MATCH_KICKOFF_TIME_TIMEZONE_NOT_STATED_BY_SOURCE,,NOT_VERIFIED_DO_NOT_INFER,Utrecht,Go Ahead Eagles,2,1,H,EVALUATION_ONLY_JOIN_AFTER_PREMATCH_FEATURE_FREEZE,1.74,3.82,4.57,EXTERNAL_HISTORICAL_MARKET_BENCHMARK,NOT_AVAILABLE,NOT_GOLDBET,7b1db98c79e83f5a408e656fe9438cce6e31c2c4c1c7e50b2b9c37bad9c4cf69
fca3f376992e8fc1d3757077,Eredivisie,2023/2024,DEVELOPMENT,2024-04-14,15:45,MATCH_KICKOFF_TIME_TIMEZONE_NOT_STATED_BY_SOURCE,,NOT_VERIFIED_DO_NOT_INFER,Ajax,Twente,2,1,H,EVALUATION_ONLY_JOIN_AFTER_PREMATCH_FEATURE_FREEZE,2.44,3.4,2.84,EXTERNAL_HISTORICAL_MARKET_BENCHMARK,NOT_AVAILABLE,NOT_GOLDBET,f83934e2c426d4a51dadf47c1e8a34d94173832e432f0dbde8a8cbc8c768f42d
8867eac9a7a12ca483004095,Eredivisie,2023/2024,DEVELOPMENT,2024-04-14,19:00,MATCH_KICKOFF_TIME_TIMEZONE_NOT_STATED_BY_SOURCE,,NOT_VERIFIED_DO_NOT_INFER,Nijmegen,Zwolle,2,2,D,EVALUATION_ONLY_JOIN_AFTER_PREMATCH_FEATURE_FREEZE,1.57,4.42,5.19,EXTERNAL_HISTORICAL_MARKET_BENCHMARK,NOT_AVAILABLE,NOT_GOLDBET,d55cf4c03d5b15704d5bc522689ac5f1368f0eaf4d5aabfafdead015bfe93ec2
2c8b2db4ab0936ee2389b902,Eredivisie,2023/2024,DEVELOPMENT,2024-04-24,17:45,MATCH_KICKOFF_TIME_TIMEZONE_NOT_STATED_BY_SOURCE,,NOT_VERIFIED_DO_NOT_INFER,Twente,Almere City,3,1,H,EVALUATION_ONLY_JOIN_AFTER_PREMATCH_FEATURE_FREEZE,1.26,5.67,11.94,EXTERNAL_HISTORICAL_MARKET_BENCHMARK,NOT_AVAILABLE,NOT_GOLDBET,f82ddb0bd81b38e71d9a5c3e8c214a3332598822fd05bc7f4f93358e805733f0
ba244d85f3f88d91fad659f3,Eredivisie,2023/2024,DEVELOPMENT,2024-04-24,20:00,MATCH_KICKOFF_TIME_TIMEZONE_NOT_STATED_BY_SOURCE,,NOT_VERIFIED_DO_NOT_INFER,Ajax,Excelsior,2,2,D,EVALUATION_ONLY_JOIN_AFTER_PREMATCH_FEATURE_FREEZE,1.34,5.67,7.79,EXTERNAL_HISTORICAL_MARKET_BENCHMARK,NOT_AVAILABLE,NOT_GOLDBET,c456cd034e203e4be1571c70797a7d6c2f3ba40e25b9d0082500e1690988a669
f97356ff418b6eb611f91b8b,Eredivisie,2023/2024,DEVELOPMENT,2024-04-25,17:45,MATCH_KICKOFF_TIME_TIMEZONE_NOT_STATED_BY_SOURCE,,NOT_VERIFIED_DO_NOT_INFER,Heerenveen,PSV Eindhoven,0,8,A,EVALUATION_ONLY_JOIN_AFTER_PREMATCH_FEATURE_FREEZE,7.93,5.37,1.35,EXTERNAL_HISTORICAL_MARKET_BENCHMARK,NOT_AVAILABLE,NOT_GOLDBET,2b9d16fe86373ee5c400027cfbf8caef8aba5f10a26a46de8eb63bbc7e8028dc
3560f11eb6b1e5d59bd7f85b,Eredivisie,2023/2024,DEVELOPMENT,2024-04-25,20:00,MATCH_KICKOFF_TIME_TIMEZONE_NOT_STATED_BY_SOURCE,,NOT_VERIFIED_DO_NOT_INFER,Go Ahead Eagles,Feyenoord,1,3,A,EVALUATION_ONLY_JOIN_AFTER_PREMATCH_FEATURE_FREEZE,5.5,4.35,1.56,EXTERNAL_HISTORICAL_MARKET_BENCHMARK,NOT_AVAILABLE,NOT_GOLDBET,a941d67767ad0e7f04838122d77d8584c988d6751b6e24ce3b6c22ceb26b0f51
359bbae0aaba88f2e4595c94,Eredivisie,2023/2024,DEVELOPMENT,2024-04-28,11:15,MATCH_KICKOFF_TIME_TIMEZONE_NOT_STATED_BY_SOURCE,,NOT_VERIFIED_DO_NOT_INFER,Nijmegen,AZ Alkmaar,0,3,A,EVALUATION_ONLY_JOIN_AFTER_PREMATCH_FEATURE_FREEZE,3.24,3.75,2.09,EXTERNAL_HISTORICAL_MARKET_BENCHMARK,NOT_AVAILABLE,NOT_GOLDBET,87f40bfd49b5d3d3b84f19cf7c5cd6bcb75e87e001333f253297b73c861f0e3a
4d0fa17dbde49d14984d57d1,Eredivisie,2023/2024,DEVELOPMENT,2024-04-28,11:15,MATCH_KICKOFF_TIME_TIMEZONE_NOT_STATED_BY_SOURCE,,NOT_VERIFIED_DO_NOT_INFER,Zwolle,Heracles,3,1,H,EVALUATION_ONLY_JOIN_AFTER_PREMATCH_FEATURE_FREEZE,2.1,3.77,3.2,EXTERNAL_HISTORICAL_MARKET_BENCHMARK,NOT_AVAILABLE,NOT_GOLDBET,a4127721cb5e971d724e6bdc5503b29dd58d8983af9915e7acf9e3363b3bad4a
08ac78996895f7b1058744da,Eredivisie,2023/2024,DEVELOPMENT,2024-04-28,13:30,MATCH_KICKOFF_TIME_TIMEZONE_NOT_STATED_BY_SOURCE,,NOT_VERIFIED_DO_NOT_INFER,Sparta Rotterdam,Volendam,1,0,H,EVALUATION_ONLY_JOIN_AFTER_PREMATCH_FEATURE_FREEZE,1.21,7.01,11.18,EXTERNAL_HISTORICAL_MARKET_BENCHMARK,NOT_AVAILABLE,NOT_GOLDBET,741ece3ea0384f6f93023a6ed97024f70c9b2dafad5ba3bf0a79d7ed5c559856
2a0cc8d7bc070522e076ad6c,Eredivisie,2023/2024,DEVELOPMENT,2024-04-28,13:30,MATCH_KICKOFF_TIME_TIMEZONE_NOT_STATED_BY_SOURCE,,NOT_VERIFIED_DO_NOT_INFER,Waalwijk,Utrecht,2,2,D,EVALUATION_ONLY_JOIN_AFTER_PREMATCH_FEATURE_FREEZE,3.43,3.64,2.05,EXTERNAL_HISTORICAL_MARKET_BENCHMARK,NOT_AVAILABLE,NOT_GOLDBET,bcae0cdbfb2a4c4fce82f6f4c02e3415068b595c792c9395642710d5eb80e4a2
569f729ee74f8cac247fc36e,Eredivisie,2023/2024,DEVELOPMENT,2024-04-28,15:45,MATCH_KICKOFF_TIME_TIMEZONE_NOT_STATED_BY_SOURCE,,NOT_VERIFIED_DO_NOT_INFER,Vitesse,For Sittard,3,2,H,EVALUATION_ONLY_JOIN_AFTER_PREMATCH_FEATURE_FREEZE,3.09,3.64,2.17,EXTERNAL_HISTORICAL_MARKET_BENCHMARK,NOT_AVAILABLE,NOT_GOLDBET,30bb202d6be4f31c97f86a8ef289600ad865c3a97339098cced9f834af523d98
06ac75098813b4ece0df90ef,Eredivisie,2023/2024,DEVELOPMENT,2024-05-03,19:00,MATCH_KICKOFF_TIME_TIMEZONE_NOT_STATED_BY_SOURCE,,NOT_VERIFIED_DO_NOT_INFER,Almere City,Heerenveen,1,1,D,EVALUATION_ONLY_JOIN_AFTER_PREMATCH_FEATURE_FREEZE,2.88,3.46,2.38,EXTERNAL_HISTORICAL_MARKET_BENCHMARK,NOT_AVAILABLE,NOT_GOLDBET,18847540fcb7221fef6dddffa10d59dea9b591eccec3e0c970eee03fc25e79f5
81d191fe5d560f29803b25e0,Eredivisie,2023/2024,DEVELOPMENT,2024-05-03,19:00,MATCH_KICKOFF_TIME_TIMEZONE_NOT_STATED_BY_SOURCE,,NOT_VERIFIED_DO_NOT_INFER,For Sittard,Go Ahead Eagles,0,0,D,EVALUATION_ONLY_JOIN_AFTER_PREMATCH_FEATURE_FREEZE,2.36,3.53,2.86,EXTERNAL_HISTORICAL_MARKET_BENCHMARK,NOT_AVAILABLE,NOT_GOLDBET,dee2fddecf61ea8d369e894afe296d9d72450f3b403f1f10a27b6e92e17316f3
b7eb88c963f136698d2cabb6,Eredivisie,2023/2024,DEVELOPMENT,2024-05-05,11:15,MATCH_KICKOFF_TIME_TIMEZONE_NOT_STATED_BY_SOURCE,,NOT_VERIFIED_DO_NOT_INFER,Heracles,Waalwijk,0,5,A,EVALUATION_ONLY_JOIN_AFTER_PREMATCH_FEATURE_FREEZE,2.25,3.71,2.94,EXTERNAL_HISTORICAL_MARKET_BENCHMARK,NOT_AVAILABLE,NOT_GOLDBET,c3b34d3ca3df4b1cd63d22a5864f34f1f1f45c23004e4ad2a333edabf471a037
933be1a55d166c01536510da,Eredivisie,2023/2024,DEVELOPMENT,2024-05-05,11:15,MATCH_KICKOFF_TIME_TIMEZONE_NOT_STATED_BY_SOURCE,,NOT_VERIFIED_DO_NOT_INFER,PSV Eindhoven,Sparta Rotterdam,4,2,H,EVALUATION_ONLY_JOIN_AFTER_PREMATCH_FEATURE_FREEZE,1.11,10.21,18.69,EXTERNAL_HISTORICAL_MARKET_BENCHMARK,NOT_AVAILABLE,NOT_GOLDBET,bfcf5598749e269c248c1cf081902c7c1f193d885f8aa5312b3413e6d76aa6fa
36724a9279488ee8b7ca7e3a,Eredivisie,2023/2024,DEVELOPMENT,2024-05-05,13:30,MATCH_KICKOFF_TIME_TIMEZONE_NOT_STATED_BY_SOURCE,,NOT_VERIFIED_DO_NOT_INFER,Utrecht,Vitesse,1,0,H,EVALUATION_ONLY_JOIN_AFTER_PREMATCH_FEATURE_FREEZE,1.26,6.17,10.12,EXTERNAL_HISTORICAL_MARKET_BENCHMARK,NOT_AVAILABLE,NOT_GOLDBET,400cc781d5ca596178639cd1397339a92f0e57714979ddb2be2e4610ad66a2f2
4a34ca87092c9ddf74fe84b8,Eredivisie,2023/2024,DEVELOPMENT,2024-05-05,13:30,MATCH_KICKOFF_TIME_TIMEZONE_NOT_STATED_BY_SOURCE,,NOT_VERIFIED_DO_NOT_INFER,Volendam,Ajax,1,4,A,EVALUATION_ONLY_JOIN_AFTER_PREMATCH_FEATURE_FREEZE,9.32,6.4,1.26,EXTERNAL_HISTORICAL_MARKET_BENCHMARK,NOT_AVAILABLE,NOT_GOLDBET,4ed308665751c310976546e8a921f7eeb2c4af19d1b6aa84d7924d18e2a8f9b3
697daa10a3289c74382159eb,Eredivisie,2023/2024,DEVELOPMENT,2024-05-05,15:45,MATCH_KICKOFF_TIME_TIMEZONE_NOT_STATED_BY_SOURCE,,NOT_VERIFIED_DO_NOT_INFER,AZ Alkmaar,Twente,2,1,H,EVALUATION_ONLY_JOIN_AFTER_PREMATCH_FEATURE_FREEZE,2.19,3.39,3.31,EXTERNAL_HISTORICAL_MARKET_BENCHMARK,NOT_AVAILABLE,NOT_GOLDBET,04ba7c39cb83e6f7652d0e85c0959072725dfb40c838bba214c7dec4b0adc895
7d081d6aeaa68c5eda04f4b1,Eredivisie,2023/2024,DEVELOPMENT,2024-05-05,19:00,MATCH_KICKOFF_TIME_TIMEZONE_NOT_STATED_BY_SOURCE,,NOT_VERIFIED_DO_NOT_INFER,Feyenoord,Zwolle,5,0,H,EVALUATION_ONLY_JOIN_AFTER_PREMATCH_FEATURE_FREEZE,1.09,11.45,21.52,EXTERNAL_HISTORICAL_MARKET_BENCHMARK,NOT_AVAILABLE,NOT_GOLDBET,4a73b11551b3ca4b2c85a2a3982a94ca49890cdc378d57b6f7386f4ce71877e4
20a6d352f5104cea27d39725,Eredivisie,2023/2024,DEVELOPMENT,2024-05-06,19:00,MATCH_KICKOFF_TIME_TIMEZONE_NOT_STATED_BY_SOURCE,,NOT_VERIFIED_DO_NOT_INFER,Excelsior,Nijmegen,0,3,A,EVALUATION_ONLY_JOIN_AFTER_PREMATCH_FEATURE_FREEZE,2.25,3.61,3,EXTERNAL_HISTORICAL_MARKET_BENCHMARK,NOT_AVAILABLE,NOT_GOLDBET,755c7ccfc7a63e7ee0a0af5130872cd1ecbae2f51fb75a267fdec114d3903f26
d00fd7c70d5c8fc990f82667,Eredivisie,2023/2024,DEVELOPMENT,2024-05-12,13:30,MATCH_KICKOFF_TIME_TIMEZONE_NOT_STATED_BY_SOURCE,,NOT_VERIFIED_DO_NOT_INFER,Ajax,Almere City,3,0,H,EVALUATION_ONLY_JOIN_AFTER_PREMATCH_FEATURE_FREEZE,1.23,6.4,11.38,EXTERNAL_HISTORICAL_MARKET_BENCHMARK,NOT_AVAILABLE,NOT_GOLDBET,53fdf6537a70b18b498d5585d79afad33fd820fc49c4219283e600bc4364dd16
61e72e14660e1229ebe093db,Eredivisie,2023/2024,DEVELOPMENT,2024-05-12,13:30,MATCH_KICKOFF_TIME_TIMEZONE_NOT_STATED_BY_SOURCE,,NOT_VERIFIED_DO_NOT_INFER,Excelsior,Heracles,4,0,H,EVALUATION_ONLY_JOIN_AFTER_PREMATCH_FEATURE_FREEZE,1.66,4.35,4.5,EXTERNAL_HISTORICAL_MARKET_BENCHMARK,NOT_AVAILABLE,NOT_GOLDBET,4f7ab421c067f07ef8a9ec01d37383cf14ca7d5de03dd2758a540a81289522d5
f7049343540ac26288605138,Eredivisie,2023/2024,DEVELOPMENT,2024-05-12,13:30,MATCH_KICKOFF_TIME_TIMEZONE_NOT_STATED_BY_SOURCE,,NOT_VERIFIED_DO_NOT_INFER,For Sittard,PSV Eindhoven,1,1,D,EVALUATION_ONLY_JOIN_AFTER_PREMATCH_FEATURE_FREEZE,8.61,5.93,1.3,EXTERNAL_HISTORICAL_MARKET_BENCHMARK,NOT_AVAILABLE,NOT_GOLDBET,4e701b125687fc281a45c0721f56c6a7312b04eaf44d50903704910145087d1c
f2899a43cc1b73c3e9d05068,Eredivisie,2023/2024,DEVELOPMENT,2024-05-12,13:30,MATCH_KICKOFF_TIME_TIMEZONE_NOT_STATED_BY_SOURCE,,NOT_VERIFIED_DO_NOT_INFER,Go Ahead Eagles,AZ Alkmaar,0,3,A,EVALUATION_ONLY_JOIN_AFTER_PREMATCH_FEATURE_FREEZE,4.68,4.29,1.65,EXTERNAL_HISTORICAL_MARKET_BENCHMARK,NOT_AVAILABLE,NOT_GOLDBET,5de71e4a61ee265037f86b08c53e7f910d3be0c5438de5279e1a4dbad4859fa1
c3f4c5c14287cec5878664be,Eredivisie,2023/2024,DEVELOPMENT,2024-05-12,13:30,MATCH_KICKOFF_TIME_TIMEZONE_NOT_STATED_BY_SOURCE,,NOT_VERIFIED_DO_NOT_INFER,Heerenveen,Vitesse,1,3,A,EVALUATION_ONLY_JOIN_AFTER_PREMATCH_FEATURE_FREEZE,1.6,4.48,4.83,EXTERNAL_HISTORICAL_MARKET_BENCHMARK,NOT_AVAILABLE,NOT_GOLDBET,6e2dbd0f286d84274dbed6d6b868e19afac04bc32d5e16af4b6fa13f65584d87
492245217744d432196df66e,Eredivisie,2023/2024,DEVELOPMENT,2024-05-12,13:30,MATCH_KICKOFF_TIME_TIMEZONE_NOT_STATED_BY_SOURCE,,NOT_VERIFIED_DO_NOT_INFER,Nijmegen,Feyenoord,2,3,A,EVALUATION_ONLY_JOIN_AFTER_PREMATCH_FEATURE_FREEZE,4.43,4.23,1.69,EXTERNAL_HISTORICAL_MARKET_BENCHMARK,NOT_AVAILABLE,NOT_GOLDBET,26759f8804b5928eed1481e38eca7d071926e77dc32bc8d82cab358d6b3d500e
b4722ffc0453dc994c43d8ee,Eredivisie,2023/2024,DEVELOPMENT,2024-05-12,13:30,MATCH_KICKOFF_TIME_TIMEZONE_NOT_STATED_BY_SOURCE,,NOT_VERIFIED_DO_NOT_INFER,Twente,Volendam,7,2,H,EVALUATION_ONLY_JOIN_AFTER_PREMATCH_FEATURE_FREEZE,1.05,13.88,30.61,EXTERNAL_HISTORICAL_MARKET_BENCHMARK,NOT_AVAILABLE,NOT_GOLDBET,f27190375c88fd67887fc045c631a5d479601f61c4d1dd797813128185dcc1f7
e48d76b330cde526aac2e0f2,Eredivisie,2023/2024,DEVELOPMENT,2024-05-12,13:30,MATCH_KICKOFF_TIME_TIMEZONE_NOT_STATED_BY_SOURCE,,NOT_VERIFIED_DO_NOT_INFER,Utrecht,Sparta Rotterdam,0,1,A,EVALUATION_ONLY_JOIN_AFTER_PREMATCH_FEATURE_FREEZE,1.77,3.98,4.18,EXTERNAL_HISTORICAL_MARKET_BENCHMARK,NOT_AVAILABLE,NOT_GOLDBET,cb9a31cae11a31d21cba310a0ea104395bb5088cb43d7bf097dc14e460a3098c
38c58812b70145bbcd11eef4,Eredivisie,2023/2024,DEVELOPMENT,2024-05-12,13:30,MATCH_KICKOFF_TIME_TIMEZONE_NOT_STATED_BY_SOURCE,,NOT_VERIFIED_DO_NOT_INFER,Waalwijk,Zwolle,1,1,D,EVALUATION_ONLY_JOIN_AFTER_PREMATCH_FEATURE_FREEZE,1.59,4.56,4.86,EXTERNAL_HISTORICAL_MARKET_BENCHMARK,NOT_AVAILABLE,NOT_GOLDBET,b95db219320e67d384500fe61b8f71f91b3f33aec14d677ab987e664e8301ef1
a7e86c6507219549cbff2da2,Eredivisie,2023/2024,DEVELOPMENT,2024-05-19,13:30,MATCH_KICKOFF_TIME_TIMEZONE_NOT_STATED_BY_SOURCE,,NOT_VERIFIED_DO_NOT_INFER,AZ Alkmaar,Utrecht,3,3,D,EVALUATION_ONLY_JOIN_AFTER_PREMATCH_FEATURE_FREEZE,1.4,5.08,6.82,EXTERNAL_HISTORICAL_MARKET_BENCHMARK,NOT_AVAILABLE,NOT_GOLDBET,a898a3ab6caadf57493274a978eedacfa876be97be05a8c692a54dc14a58c5d4
75899e6e5d905a69d7794840,Eredivisie,2023/2024,DEVELOPMENT,2024-05-19,13:30,MATCH_KICKOFF_TIME_TIMEZONE_NOT_STATED_BY_SOURCE,,NOT_VERIFIED_DO_NOT_INFER,Almere City,Nijmegen,1,4,A,EVALUATION_ONLY_JOIN_AFTER_PREMATCH_FEATURE_FREEZE,2.87,3.64,2.32,EXTERNAL_HISTORICAL_MARKET_BENCHMARK,NOT_AVAILABLE,NOT_GOLDBET,2ef0366d1da7610d3e0e69f18877df87b8fc48ae3e83329b90607dcc9f90ef2c
27fcc80e8946a0f06b2aff13,Eredivisie,2023/2024,DEVELOPMENT,2024-05-19,13:30,MATCH_KICKOFF_TIME_TIMEZONE_NOT_STATED_BY_SOURCE,,NOT_VERIFIED_DO_NOT_INFER,Feyenoord,Excelsior,4,0,H,EVALUATION_ONLY_JOIN_AFTER_PREMATCH_FEATURE_FREEZE,1.23,6.99,10,EXTERNAL_HISTORICAL_MARKET_BENCHMARK,NOT_AVAILABLE,NOT_GOLDBET,fa78b0b8e983f1c4016261654b7222374218fa53c28acb4a39321adbb4efd68f
69b65308b9ca4a4255c530b8,Eredivisie,2023/2024,DEVELOPMENT,2024-05-19,13:30,MATCH_KICKOFF_TIME_TIMEZONE_NOT_STATED_BY_SOURCE,,NOT_VERIFIED_DO_NOT_INFER,Heracles,For Sittard,0,0,D,EVALUATION_ONLY_JOIN_AFTER_PREMATCH_FEATURE_FREEZE,2.58,3.75,2.51,EXTERNAL_HISTORICAL_MARKET_BENCHMARK,NOT_AVAILABLE,NOT_GOLDBET,bf046dc38e9ae583936f559c46663a156766c246564cbbbfd2723c3b9a8c1299
2bc5e4f946fd93623cf0168c,Eredivisie,2023/2024,DEVELOPMENT,2024-05-19,13:30,MATCH_KICKOFF_TIME_TIMEZONE_NOT_STATED_BY_SOURCE,,NOT_VERIFIED_DO_NOT_INFER,PSV Eindhoven,Waalwijk,3,1,H,EVALUATION_ONLY_JOIN_AFTER_PREMATCH_FEATURE_FREEZE,1.13,9.63,15.74,EXTERNAL_HISTORICAL_MARKET_BENCHMARK,NOT_AVAILABLE,NOT_GOLDBET,eeaccb1de2afa0387e0eaba3e263cbcaff086a27c14d8709db9c38cd03dc95d6
cf8644e7a477d1ff3143d7fe,Eredivisie,2023/2024,DEVELOPMENT,2024-05-19,13:30,MATCH_KICKOFF_TIME_TIMEZONE_NOT_STATED_BY_SOURCE,,NOT_VERIFIED_DO_NOT_INFER,Sparta Rotterdam,Heerenveen,2,1,H,EVALUATION_ONLY_JOIN_AFTER_PREMATCH_FEATURE_FREEZE,1.68,4.25,4.51,EXTERNAL_HISTORICAL_MARKET_BENCHMARK,NOT_AVAILABLE,NOT_GOLDBET,58c0817dfd6cf433b101412270fc5b9cbe3d1fc3c8188d45b48b1e0e205700f0
132a1d92d09e48a6350fe4d0,Eredivisie,2023/2024,DEVELOPMENT,2024-05-19,13:30,MATCH_KICKOFF_TIME_TIMEZONE_NOT_STATED_BY_SOURCE,,NOT_VERIFIED_DO_NOT_INFER,Vitesse,Ajax,2,2,D,EVALUATION_ONLY_JOIN_AFTER_PREMATCH_FEATURE_FREEZE,4.41,4.58,1.64,EXTERNAL_HISTORICAL_MARKET_BENCHMARK,NOT_AVAILABLE,NOT_GOLDBET,0b25297baf1d6a877e03ad82c69bc9726c9d83e00b6f5ccbee9963d39c4aa030
1d155c2dc5cc524dc9b139e1,Eredivisie,2023/2024,DEVELOPMENT,2024-05-19,13:30,MATCH_KICKOFF_TIME_TIMEZONE_NOT_STATED_BY_SOURCE,,NOT_VERIFIED_DO_NOT_INFER,Volendam,Go Ahead Eagles,1,2,A,EVALUATION_ONLY_JOIN_AFTER_PREMATCH_FEATURE_FREEZE,5.24,4.82,1.53,EXTERNAL_HISTORICAL_MARKET_BENCHMARK,NOT_AVAILABLE,NOT_GOLDBET,5979339258a8b1e7f491dbdf15b97f48f4c4519157c16078a08ce98628431448
e05ea98e8e192ed2dbacfa65,Eredivisie,2023/2024,DEVELOPMENT,2024-05-19,13:30,MATCH_KICKOFF_TIME_TIMEZONE_NOT_STATED_BY_SOURCE,,NOT_VERIFIED_DO_NOT_INFER,Zwolle,Twente,1,2,A,EVALUATION_ONLY_JOIN_AFTER_PREMATCH_FEATURE_FREEZE,7.93,5.88,1.32,EXTERNAL_HISTORICAL_MARKET_BENCHMARK,NOT_AVAILABLE,NOT_GOLDBET,97ef10c3164c66bc21cb4ebb2b6d77813504a4dc8621be0d806ae5efdc16c28b
71b765f65769918473255bc0,Eredivisie,2024/2025,DEVELOPMENT,2024-08-09,19:00,MATCH_KICKOFF_TIME_TIMEZONE_NOT_STATED_BY_SOURCE,,NOT_VERIFIED_DO_NOT_INFER,Groningen,NAC Breda,4,1,H,EVALUATION_ONLY_JOIN_AFTER_PREMATCH_FEATURE_FREEZE,1.65,3.89,5.18,EXTERNAL_HISTORICAL_MARKET_BENCHMARK,NOT_AVAILABLE,NOT_GOLDBET,ece22043df30b128432efc489bab2c62f8f6dd22a7a60038af08c69875c380a5
c20ec27aea28cc19e93a93d2,Eredivisie,2024/2025,DEVELOPMENT,2024-08-10,15:30,MATCH_KICKOFF_TIME_TIMEZONE_NOT_STATED_BY_SOURCE,,NOT_VERIFIED_DO_NOT_INFER,Feyenoord,Willem II,1,1,D,EVALUATION_ONLY_JOIN_AFTER_PREMATCH_FEATURE_FREEZE,1.11,9.61,20.51,EXTERNAL_HISTORICAL_MARKET_BENCHMARK,NOT_AVAILABLE,NOT_GOLDBET,63e004e5a39f41adfd5a794b061591341162a7dbbfe2d32199ff6568091fe397
2ae8f8f1095675881cae38d9,Eredivisie,2024/2025,DEVELOPMENT,2024-08-10,17:45,MATCH_KICKOFF_TIME_TIMEZONE_NOT_STATED_BY_SOURCE,,NOT_VERIFIED_DO_NOT_INFER,Nijmegen,Twente,1,2,A,EVALUATION_ONLY_JOIN_AFTER_PREMATCH_FEATURE_FREEZE,3.16,3.52,2.2,EXTERNAL_HISTORICAL_MARKET_BENCHMARK,NOT_AVAILABLE,NOT_GOLDBET,1970b72814c17f3630a0e927060a805e4d2b61ca09c992feb0efe7b29cd80ae1
59c7a957aca2daa59f356091,Eredivisie,2024/2025,DEVELOPMENT,2024-08-10,19:00,MATCH_KICKOFF_TIME_TIMEZONE_NOT_STATED_BY_SOURCE,,NOT_VERIFIED_DO_NOT_INFER,Almere City,AZ Alkmaar,0,1,A,EVALUATION_ONLY_JOIN_AFTER_PREMATCH_FEATURE_FREEZE,4.84,3.8,1.72,EXTERNAL_HISTORICAL_MARKET_BENCHMARK,NOT_AVAILABLE,NOT_GOLDBET,d30fca7e2f39db0ecd5ce3b99f044e2b020f9ec696b548839fba259f072769f3
6452ed1de790b18dd86c1809,Eredivisie,2024/2025,DEVELOPMENT,2024-08-10,20:00,MATCH_KICKOFF_TIME_TIMEZONE_NOT_STATED_BY_SOURCE,,NOT_VERIFIED_DO_NOT_INFER,PSV Eindhoven,Waalwijk,5,1,H,EVALUATION_ONLY_JOIN_AFTER_PREMATCH_FEATURE_FREEZE,1.07,13.04,24.9,EXTERNAL_HISTORICAL_MARKET_BENCHMARK,NOT_AVAILABLE,NOT_GOLDBET,5b72a8b17661041ec2c39c8e3a3693261b1a936c60e058fe7e3a9ee1a61693fe
e56dc2de4f1d0da9ce88db29,Eredivisie,2024/2025,DEVELOPMENT,2024-08-11,11:15,MATCH_KICKOFF_TIME_TIMEZONE_NOT_STATED_BY_SOURCE,,NOT_VERIFIED_DO_NOT_INFER,Sparta Rotterdam,Heracles,0,0,D,EVALUATION_ONLY_JOIN_AFTER_PREMATCH_FEATURE_FREEZE,1.38,5.07,7.44,EXTERNAL_HISTORICAL_MARKET_BENCHMARK,NOT_AVAILABLE,NOT_GOLDBET,f62a1de78e204685f57fb2039969741ea6874cbb9c25b7c8874fcce1cf7bae98
08f39481a8c56dca71bead0a,Eredivisie,2024/2025,DEVELOPMENT,2024-08-11,13:30,MATCH_KICKOFF_TIME_TIMEZONE_NOT_STATED_BY_SOURCE,,NOT_VERIFIED_DO_NOT_INFER,Go Ahead Eagles,For Sittard,0,2,A,EVALUATION_ONLY_JOIN_AFTER_PREMATCH_FEATURE_FREEZE,2.04,3.45,3.62,EXTERNAL_HISTORICAL_MARKET_BENCHMARK,NOT_AVAILABLE,NOT_GOLDBET,c8e369356084388929a7c874959d1008d541a637fe1cc3c775278525f8a612b7
9a774f92f19b5b63ba34aa21,Eredivisie,2024/2025,DEVELOPMENT,2024-08-11,13:30,MATCH_KICKOFF_TIME_TIMEZONE_NOT_STATED_BY_SOURCE,,NOT_VERIFIED_DO_NOT_INFER,Utrecht,Zwolle,1,0,H,EVALUATION_ONLY_JOIN_AFTER_PREMATCH_FEATURE_FREEZE,1.5,4.49,6.01,EXTERNAL_HISTORICAL_MARKET_BENCHMARK,NOT_AVAILABLE,NOT_GOLDBET,7091edb70ef3b353d0d6a1ffd12e4df890567d94c9ac76422c272fef464e1a92
1d1e24f93920f6eaaa6fa0c1,Eredivisie,2024/2025,DEVELOPMENT,2024-08-11,15:45,MATCH_KICKOFF_TIME_TIMEZONE_NOT_STATED_BY_SOURCE,,NOT_VERIFIED_DO_NOT_INFER,Ajax,Heerenveen,1,0,H,EVALUATION_ONLY_JOIN_AFTER_PREMATCH_FEATURE_FREEZE,1.4,5.03,6.92,EXTERNAL_HISTORICAL_MARKET_BENCHMARK,NOT_AVAILABLE,NOT_GOLDBET,d5e6d7dace79934f567c69fb6b72982db56630fd6a5d2a8e928b0c7dcdc59758
1214b3cac27ca31c44145634,Eredivisie,2024/2025,DEVELOPMENT,2024-08-16,19:00,MATCH_KICKOFF_TIME_TIMEZONE_NOT_STATED_BY_SOURCE,,NOT_VERIFIED_DO_NOT_INFER,For Sittard,Almere City,3,0,H,EVALUATION_ONLY_JOIN_AFTER_PREMATCH_FEATURE_FREEZE,1.77,3.68,4.65,EXTERNAL_HISTORICAL_MARKET_BENCHMARK,NOT_AVAILABLE,NOT_GOLDBET,8a35ad83a7103e08e98b03e6356cf2eb2174f2c1209114c88c629b1acb6f8f77
968597aff7a4c2812047d5d4,Eredivisie,2024/2025,DEVELOPMENT,2024-08-17,15:30,MATCH_KICKOFF_TIME_TIMEZONE_NOT_STATED_BY_SOURCE,,NOT_VERIFIED_DO_NOT_INFER,Heerenveen,Utrecht,1,1,D,EVALUATION_ONLY_JOIN_AFTER_PREMATCH_FEATURE_FREEZE,2.92,3.51,2.35,EXTERNAL_HISTORICAL_MARKET_BENCHMARK,NOT_AVAILABLE,NOT_GOLDBET,a4c39cfeb3d5d121e8010f801f8f4bdf85ab5d516cac1fe081f29c80347967df
dc3a33409eb50d10c093e125,Eredivisie,2024/2025,DEVELOPMENT,2024-08-17,17:45,MATCH_KICKOFF_TIME_TIMEZONE_NOT_STATED_BY_SOURCE,,NOT_VERIFIED_DO_NOT_INFER,Twente,Sparta Rotterdam,1,1,D,EVALUATION_ONLY_JOIN_AFTER_PREMATCH_FEATURE_FREEZE,1.62,4.15,5.11,EXTERNAL_HISTORICAL_MARKET_BENCHMARK,NOT_AVAILABLE,NOT_GOLDBET,9bdd56e303de5bea12c8d3a4aa5c092ce922e388efde15e5d0f5c03790b0d341
b4038d5099b358817b97657e,Eredivisie,2024/2025,DEVELOPMENT,2024-08-17,19:00,MATCH_KICKOFF_TIME_TIMEZONE_NOT_STATED_BY_SOURCE,,NOT_VERIFIED_DO_NOT_INFER,AZ Alkmaar,Nijmegen,1,0,H,EVALUATION_ONLY_JOIN_AFTER_PREMATCH_FEATURE_FREEZE,1.49,4.53,6.19,EXTERNAL_HISTORICAL_MARKET_BENCHMARK,NOT_AVAILABLE,NOT_GOLDBET,6f245398a087c8616e6a109fc3b88d5202591eeefdcc4cc81d07dfbf9224ba1b
4539111743891efe2747a882,Eredivisie,2024/2025,DEVELOPMENT,2024-08-17,20:00,MATCH_KICKOFF_TIME_TIMEZONE_NOT_STATED_BY_SOURCE,,NOT_VERIFIED_DO_NOT_INFER,Waalwijk,Groningen,1,2,A,EVALUATION_ONLY_JOIN_AFTER_PREMATCH_FEATURE_FREEZE,2.86,3.4,2.43,EXTERNAL_HISTORICAL_MARKET_BENCHMARK,NOT_AVAILABLE,NOT_GOLDBET,c71e3e14193e664ef98412877c5a2018cd1eceda72e88c922340477ad2240d74
96e5e3e34f7a070d5327084a,Eredivisie,2024/2025,DEVELOPMENT,2024-08-18,11:15,MATCH_KICKOFF_TIME_TIMEZONE_NOT_STATED_BY_SOURCE,,NOT_VERIFIED_DO_NOT_INFER,Heracles,PSV Eindhoven,1,3,A,EVALUATION_ONLY_JOIN_AFTER_PREMATCH_FEATURE_FREEZE,15.05,9.19,1.14,EXTERNAL_HISTORICAL_MARKET_BENCHMARK,NOT_AVAILABLE,NOT_GOLDBET,edbd3351b96952325b04dd85129754b3caa3a6e7e4f1fa8b7c1e3acf91066a4f
e914dfa2a2a9e8b3036bc901,Eredivisie,2024/2025,DEVELOPMENT,2024-08-18,13:30,MATCH_KICKOFF_TIME_TIMEZONE_NOT_STATED_BY_SOURCE,,NOT_VERIFIED_DO_NOT_INFER,Willem II,Go Ahead Eagles,2,0,H,EVALUATION_ONLY_JOIN_AFTER_PREMATCH_FEATURE_FREEZE,2.6,3.46,2.65,EXTERNAL_HISTORICAL_MARKET_BENCHMARK,NOT_AVAILABLE,NOT_GOLDBET,e332c5f0d493a18a8187271b5e0801ac3751723a375dfd5b24021247bfa72ff3
631ab97bd806dc97254e968e,Eredivisie,2024/2025,DEVELOPMENT,2024-08-18,13:30,MATCH_KICKOFF_TIME_TIMEZONE_NOT_STATED_BY_SOURCE,,NOT_VERIFIED_DO_NOT_INFER,Zwolle,Feyenoord,1,5,A,EVALUATION_ONLY_JOIN_AFTER_PREMATCH_FEATURE_FREEZE,10.79,6.85,1.22,EXTERNAL_HISTORICAL_MARKET_BENCHMARK,NOT_AVAILABLE,NOT_GOLDBET,a0d08e7ddd6cbe11aaf58c41a59a669ae6a52e10ba712295b64c215c09b4e619
9065a49cd6c6abd7abf5ed39,Eredivisie,2024/2025,DEVELOPMENT,2024-08-18,15:45,MATCH_KICKOFF_TIME_TIMEZONE_NOT_STATED_BY_SOURCE,,NOT_VERIFIED_DO_NOT_INFER,NAC Breda,Ajax,2,1,H,EVALUATION_ONLY_JOIN_AFTER_PREMATCH_FEATURE_FREEZE,5.96,4.93,1.46,EXTERNAL_HISTORICAL_MARKET_BENCHMARK,NOT_AVAILABLE,NOT_GOLDBET,300d101f89d2d0535f19a85724d49e6b7d3d9fb3bd62f7b4e9a6b9388951995d
b7fd97173570dbc21b80ae69,Eredivisie,2024/2025,DEVELOPMENT,2024-08-24,17:45,MATCH_KICKOFF_TIME_TIMEZONE_NOT_STATED_BY_SOURCE,,NOT_VERIFIED_DO_NOT_INFER,Nijmegen,Zwolle,1,0,H,EVALUATION_ONLY_JOIN_AFTER_PREMATCH_FEATURE_FREEZE,1.64,4.15,4.96,EXTERNAL_HISTORICAL_MARKET_BENCHMARK,NOT_AVAILABLE,NOT_GOLDBET,393b8d33090b327a253e6ba5ee4b7a686119b9d6c409d9a7898989ebc4d02cf9
3e668fac9b5326ee41eecfef,Eredivisie,2024/2025,DEVELOPMENT,2024-08-24,19:00,MATCH_KICKOFF_TIME_TIMEZONE_NOT_STATED_BY_SOURCE,,NOT_VERIFIED_DO_NOT_INFER,Almere City,PSV Eindhoven,1,7,A,EVALUATION_ONLY_JOIN_AFTER_PREMATCH_FEATURE_FREEZE,13.6,8.5,1.16,EXTERNAL_HISTORICAL_MARKET_BENCHMARK,NOT_AVAILABLE,NOT_GOLDBET,5dd839af3a3868cb7246ede6af8764e82f0ab2a784ed5643234003aa7d575d2a
cf07eb378b19cf1e1835274f,Eredivisie,2024/2025,DEVELOPMENT,2024-08-24,20:00,MATCH_KICKOFF_TIME_TIMEZONE_NOT_STATED_BY_SOURCE,,NOT_VERIFIED_DO_NOT_INFER,NAC Breda,Utrecht,1,2,A,EVALUATION_ONLY_JOIN_AFTER_PREMATCH_FEATURE_FREEZE,3.74,3.51,2,EXTERNAL_HISTORICAL_MARKET_BENCHMARK,NOT_AVAILABLE,NOT_GOLDBET,db75539a0c566a0140fdf4b161ac9d8e000811a435ed5fd5d0c5aa36f03cf0ce
d3ac7c3098dc412aceb53ad1,Eredivisie,2024/2025,DEVELOPMENT,2024-08-25,11:15,MATCH_KICKOFF_TIME_TIMEZONE_NOT_STATED_BY_SOURCE,,NOT_VERIFIED_DO_NOT_INFER,Groningen,AZ Alkmaar,0,0,D,EVALUATION_ONLY_JOIN_AFTER_PREMATCH_FEATURE_FREEZE,3.51,3.48,2.08,EXTERNAL_HISTORICAL_MARKET_BENCHMARK,NOT_AVAILABLE,NOT_GOLDBET,5057c39c2fd9fd896b9e00063dae5eccd432adc373eaa9060ab67b84e490c39d
975bba59187c32e1df77ef62,Eredivisie,2024/2025,DEVELOPMENT,2024-08-25,13:30,MATCH_KICKOFF_TIME_TIMEZONE_NOT_STATED_BY_SOURCE,,NOT_VERIFIED_DO_NOT_INFER,Heracles,Willem II,1,1,D,EVALUATION_ONLY_JOIN_AFTER_PREMATCH_FEATURE_FREEZE,2.46,3.33,2.9,EXTERNAL_HISTORICAL_MARKET_BENCHMARK,NOT_AVAILABLE,NOT_GOLDBET,d200a207d7ab0c357aca87a5016166596f3e0ae3dada4212cf62b72ef4260e73
1eb89bfc29d6d8359c059fe0,Eredivisie,2024/2025,DEVELOPMENT,2024-08-25,13:30,MATCH_KICKOFF_TIME_TIMEZONE_NOT_STATED_BY_SOURCE,,NOT_VERIFIED_DO_NOT_INFER,Sparta Rotterdam,Feyenoord,1,1,D,EVALUATION_ONLY_JOIN_AFTER_PREMATCH_FEATURE_FREEZE,7.23,4.85,1.41,EXTERNAL_HISTORICAL_MARKET_BENCHMARK,NOT_AVAILABLE,NOT_GOLDBET,8f067c5c7c76f56854105970545f31505619d28aeb4c0834abf54f1e78cdf36a
85d584061a003139ae3b5727,Eredivisie,2024/2025,DEVELOPMENT,2024-08-25,15:45,MATCH_KICKOFF_TIME_TIMEZONE_NOT_STATED_BY_SOURCE,,NOT_VERIFIED_DO_NOT_INFER,Go Ahead Eagles,Waalwijk,2,0,H,EVALUATION_ONLY_JOIN_AFTER_PREMATCH_FEATURE_FREEZE,1.67,4.12,4.66,EXTERNAL_HISTORICAL_MARKET_BENCHMARK,NOT_AVAILABLE,NOT_GOLDBET,109d05be967a571bf83923b88438d0117dea203e5cf29747d0c86924e8150388
85c3f4b415f6b1155ac04dcf,Eredivisie,2024/2025,DEVELOPMENT,2024-08-30,19:00,MATCH_KICKOFF_TIME_TIMEZONE_NOT_STATED_BY_SOURCE,,NOT_VERIFIED_DO_NOT_INFER,Waalwijk,AZ Alkmaar,0,3,A,EVALUATION_ONLY_JOIN_AFTER_PREMATCH_FEATURE_FREEZE,7.4,4.71,1.41,EXTERNAL_HISTORICAL_MARKET_BENCHMARK,NOT_AVAILABLE,NOT_GOLDBET,3342562c75f51d63e3352aad4182cd8efa3bcfcd542d23f379a4c1cdb80b10e5
9d689d6ce70c309e9002ca67,Eredivisie,2024/2025,DEVELOPMENT,2024-08-31,15:30,MATCH_KICKOFF_TIME_TIMEZONE_NOT_STATED_BY_SOURCE,,NOT_VERIFIED_DO_NOT_INFER,Almere City,Groningen,1,1,D,EVALUATION_ONLY_JOIN_AFTER_PREMATCH_FEATURE_FREEZE,3.44,3.49,2.08,EXTERNAL_HISTORICAL_MARKET_BENCHMARK,NOT_AVAILABLE,NOT_GOLDBET,fcdf392073e4c84f8382f5b2a9715606df2b32d8f7b4f628d1ccdd523e108b62
f877c7931b0332f41804e8ab,Eredivisie,2024/2025,DEVELOPMENT,2024-08-31,17:45,MATCH_KICKOFF_TIME_TIMEZONE_NOT_STATED_BY_SOURCE,,NOT_VERIFIED_DO_NOT_INFER,For Sittard,Nijmegen,0,3,A,EVALUATION_ONLY_JOIN_AFTER_PREMATCH_FEATURE_FREEZE,2.18,3.49,3.2,EXTERNAL_HISTORICAL_MARKET_BENCHMARK,NOT_AVAILABLE,NOT_GOLDBET,f00ee3b1bd9fdee2b50f3822c8da15cff5b33c4ff15bc8218a547c67b35c9bed
0ab818cef060038b6c99bb2e,Eredivisie,2024/2025,DEVELOPMENT,2024-08-31,19:00,MATCH_KICKOFF_TIME_TIMEZONE_NOT_STATED_BY_SOURCE,,NOT_VERIFIED_DO_NOT_INFER,Heerenveen,NAC Breda,4,0,H,EVALUATION_ONLY_JOIN_AFTER_PREMATCH_FEATURE_FREEZE,1.67,4.06,4.77,EXTERNAL_HISTORICAL_MARKET_BENCHMARK,NOT_AVAILABLE,NOT_GOLDBET,1633b6c3150eb0f4ac202e665d18578667326682db29a0d23e2378bedfcaaa89
1a9b1f78c2bfd760c370f9c6,Eredivisie,2024/2025,DEVELOPMENT,2024-08-31,20:00,MATCH_KICKOFF_TIME_TIMEZONE_NOT_STATED_BY_SOURCE,,NOT_VERIFIED_DO_NOT_INFER,Willem II,Sparta Rotterdam,1,2,A,EVALUATION_ONLY_JOIN_AFTER_PREMATCH_FEATURE_FREEZE,3,3.42,2.33,EXTERNAL_HISTORICAL_MARKET_BENCHMARK,NOT_AVAILABLE,NOT_GOLDBET,fe36c17a415bfa1d2a6123d6d315fe359d9ae80042e0630ce58299372c0a479d
b02044a06c87e2460ed44d1d,Eredivisie,2024/2025,DEVELOPMENT,2024-09-01,11:15,MATCH_KICKOFF_TIME_TIMEZONE_NOT_STATED_BY_SOURCE,,NOT_VERIFIED_DO_NOT_INFER,Utrecht,Twente,2,1,H,EVALUATION_ONLY_JOIN_AFTER_PREMATCH_FEATURE_FREEZE,2.76,3.44,2.48,EXTERNAL_HISTORICAL_MARKET_BENCHMARK,NOT_AVAILABLE,NOT_GOLDBET,1f2eb211bca3a6644b164ece35ed4c830a2d1f83137b8682a004b05fdfa97353
dfee041480a5ebd4d41f1fb1,Eredivisie,2024/2025,DEVELOPMENT,2024-09-01,13:30,MATCH_KICKOFF_TIME_TIMEZONE_NOT_STATED_BY_SOURCE,,NOT_VERIFIED_DO_NOT_INFER,Zwolle,Heracles,3,0,H,EVALUATION_ONLY_JOIN_AFTER_PREMATCH_FEATURE_FREEZE,2.05,3.58,3.47,EXTERNAL_HISTORICAL_MARKET_BENCHMARK,NOT_AVAILABLE,NOT_GOLDBET,29d70212f3c3902b0a96363dca065a0a3bfbc6e0e7224a342dab14cc3f7a376c
6f6fceb8e5e85ae174840dcd,Eredivisie,2024/2025,DEVELOPMENT,2024-09-01,15:45,MATCH_KICKOFF_TIME_TIMEZONE_NOT_STATED_BY_SOURCE,,NOT_VERIFIED_DO_NOT_INFER,PSV Eindhoven,Go Ahead Eagles,3,0,H,EVALUATION_ONLY_JOIN_AFTER_PREMATCH_FEATURE_FREEZE,1.11,10.33,18.74,EXTERNAL_HISTORICAL_MARKET_BENCHMARK,NOT_AVAILABLE,NOT_GOLDBET,8623a10dff76d276a4a37eed5f6da2312ac45671c8f8d66c8080c036ee869006
45b90ad6fecd50e8387a09b6,Eredivisie,2024/2025,DEVELOPMENT,2024-09-14,15:30,MATCH_KICKOFF_TIME_TIMEZONE_NOT_STATED_BY_SOURCE,,NOT_VERIFIED_DO_NOT_INFER,PSV Eindhoven,Nijmegen,2,0,H,EVALUATION_ONLY_JOIN_AFTER_PREMATCH_FEATURE_FREEZE,1.16,8.38,14.69,EXTERNAL_HISTORICAL_MARKET_BENCHMARK,NOT_AVAILABLE,NOT_GOLDBET,73ffcf75f8974882ea628db5221ee4664f00e78d63b86b671159b5652470ae13
e5f54bfc0e4a42b2e0b74a38,Eredivisie,2024/2025,DEVELOPMENT,2024-09-14,15:30,MATCH_KICKOFF_TIME_TIMEZONE_NOT_STATED_BY_SOURCE,,NOT_VERIFIED_DO_NOT_INFER,Twente,Zwolle,1,1,D,EVALUATION_ONLY_JOIN_AFTER_PREMATCH_FEATURE_FREEZE,1.28,5.92,9.39,EXTERNAL_HISTORICAL_MARKET_BENCHMARK,NOT_AVAILABLE,NOT_GOLDBET,d281959c3915748027408def978987588f057806c706eaa7e467e03c948af193
6d5d38207374a6952a341946,Eredivisie,2024/2025,DEVELOPMENT,2024-09-14,17:45,MATCH_KICKOFF_TIME_TIMEZONE_NOT_STATED_BY_SOURCE,,NOT_VERIFIED_DO_NOT_INFER,Groningen,Feyenoord,2,2,D,EVALUATION_ONLY_JOIN_AFTER_PREMATCH_FEATURE_FREEZE,4.72,4,1.69,EXTERNAL_HISTORICAL_MARKET_BENCHMARK,NOT_AVAILABLE,NOT_GOLDBET,ceac95860cfe28331648b7eac5973c57d54e897fc113355e296b293fd337ef6b
ba1807a4bb936b441fc9d9bb,Eredivisie,2024/2025,DEVELOPMENT,2024-09-14,19:00,MATCH_KICKOFF_TIME_TIMEZONE_NOT_STATED_BY_SOURCE,,NOT_VERIFIED_DO_NOT_INFER,NAC Breda,For Sittard,1,0,H,EVALUATION_ONLY_JOIN_AFTER_PREMATCH_FEATURE_FREEZE,2.98,3.39,2.36,EXTERNAL_HISTORICAL_MARKET_BENCHMARK,NOT_AVAILABLE,NOT_GOLDBET,4e926346fe2a904b1a11bcaee024b3a19af2ef5003d2f47d86613c2b05e7af39
c290f38108ff627142ef9d23,Eredivisie,2024/2025,DEVELOPMENT,2024-09-14,20:00,MATCH_KICKOFF_TIME_TIMEZONE_NOT_STATED_BY_SOURCE,,NOT_VERIFIED_DO_NOT_INFER,AZ Alkmaar,Heerenveen,9,1,H,EVALUATION_ONLY_JOIN_AFTER_PREMATCH_FEATURE_FREEZE,1.38,5.02,7.54,EXTERNAL_HISTORICAL_MARKET_BENCHMARK,NOT_AVAILABLE,NOT_GOLDBET,aae5a3bfda821deea65d7b372c3d27d7e08ad9a68f6ba86f28ed5d8e931bd724
185ad6832ef3e95f84f6dc86,Eredivisie,2024/2025,DEVELOPMENT,2024-09-15,11:15,MATCH_KICKOFF_TIME_TIMEZONE_NOT_STATED_BY_SOURCE,,NOT_VERIFIED_DO_NOT_INFER,Sparta Rotterdam,Go Ahead Eagles,1,2,A,EVALUATION_ONLY_JOIN_AFTER_PREMATCH_FEATURE_FREEZE,2.03,3.5,3.61,EXTERNAL_HISTORICAL_MARKET_BENCHMARK,NOT_AVAILABLE,NOT_GOLDBET,c5eabc2f3eb797fc4dc0297b5d2a4506539b32be75529d3798c5d7e3c319628b
9db0c2d5a5cf5c289d91f95b,Eredivisie,2024/2025,DEVELOPMENT,2024-09-15,13:30,MATCH_KICKOFF_TIME_TIMEZONE_NOT_STATED_BY_SOURCE,,NOT_VERIFIED_DO_NOT_INFER,Willem II,Waalwijk,3,0,H,EVALUATION_ONLY_JOIN_AFTER_PREMATCH_FEATURE_FREEZE,1.85,3.68,4.08,EXTERNAL_HISTORICAL_MARKET_BENCHMARK,NOT_AVAILABLE,NOT_GOLDBET,06ed779e523921b1fa62ba9aa2559a10ed3ab154e7574d7b9db0982161a38aee
b8634fedb51de6f36e31a156,Eredivisie,2024/2025,DEVELOPMENT,2024-09-15,15:45,MATCH_KICKOFF_TIME_TIMEZONE_NOT_STATED_BY_SOURCE,,NOT_VERIFIED_DO_NOT_INFER,Heracles,Almere City,0,0,D,EVALUATION_ONLY_JOIN_AFTER_PREMATCH_FEATURE_FREEZE,2.28,3.41,3.1,EXTERNAL_HISTORICAL_MARKET_BENCHMARK,NOT_AVAILABLE,NOT_GOLDBET,27346cc5f6a9e542a7005d4663a252ee281fa412efbbf8cf1d8b132d1718cad1
9cbcd7257d7a9495ecd276c9,Eredivisie,2024/2025,DEVELOPMENT,2024-09-17,19:00,MATCH_KICKOFF_TIME_TIMEZONE_NOT_STATED_BY_SOURCE,,NOT_VERIFIED_DO_NOT_INFER,Twente,Heerenveen,2,0,H,EVALUATION_ONLY_JOIN_AFTER_PREMATCH_FEATURE_FREEZE,1.3,5.89,8.75,EXTERNAL_HISTORICAL_MARKET_BENCHMARK,NOT_AVAILABLE,NOT_GOLDBET,198d00b49afa3c0cb3efcc3b813181771c0aca795b407fc8cd490d6c8c92a93d
e594998716be421e665fe6f5,Eredivisie,2024/2025,DEVELOPMENT,2024-09-18,19:00,MATCH_KICKOFF_TIME_TIMEZONE_NOT_STATED_BY_SOURCE,,NOT_VERIFIED_DO_NOT_INFER,Ajax,For Sittard,5,0,H,EVALUATION_ONLY_JOIN_AFTER_PREMATCH_FEATURE_FREEZE,1.31,5.31,10.02,EXTERNAL_HISTORICAL_MARKET_BENCHMARK,NOT_AVAILABLE,NOT_GOLDBET,c7f373ca00f3b69f040211b654873a324945fc4446cc6443da8eeaeab6dfe2b3
c821c21a4c5ba71212fedc9b,Eredivisie,2024/2025,DEVELOPMENT,2024-09-20,19:00,MATCH_KICKOFF_TIME_TIMEZONE_NOT_STATED_BY_SOURCE,,NOT_VERIFIED_DO_NOT_INFER,Zwolle,AZ Alkmaar,1,2,A,EVALUATION_ONLY_JOIN_AFTER_PREMATCH_FEATURE_FREEZE,6.47,4.82,1.43,EXTERNAL_HISTORICAL_MARKET_BENCHMARK,NOT_AVAILABLE,NOT_GOLDBET,29b8f13679559e130fce923c7cdbc02ce4fe380d9751b3191de90c0a43d390cf
7c8a1d8637167db56486cab0,Eredivisie,2024/2025,DEVELOPMENT,2024-09-21,15:30,MATCH_KICKOFF_TIME_TIMEZONE_NOT_STATED_BY_SOURCE,,NOT_VERIFIED_DO_NOT_INFER,Utrecht,Willem II,3,2,H,EVALUATION_ONLY_JOIN_AFTER_PREMATCH_FEATURE_FREEZE,1.64,3.99,5.17,EXTERNAL_HISTORICAL_MARKET_BENCHMARK,NOT_AVAILABLE,NOT_GOLDBET,03eb085ef7f8b64ecfdabc070d73ac9442e8528a0845626d17be571d8702c0e9
2fa55f4299408119ea95ee82,Eredivisie,2024/2025,DEVELOPMENT,2024-09-21,17:45,MATCH_KICKOFF_TIME_TIMEZONE_NOT_STATED_BY_SOURCE,,NOT_VERIFIED_DO_NOT_INFER,Waalwijk,Sparta Rotterdam,1,2,A,EVALUATION_ONLY_JOIN_AFTER_PREMATCH_FEATURE_FREEZE,3.95,3.82,1.86,EXTERNAL_HISTORICAL_MARKET_BENCHMARK,NOT_AVAILABLE,NOT_GOLDBET,bb7c43aaefd1eca785e8f1e2cab06afb43b3f2b0c0fdd730850e04906005206c
480c9427d6a488f095468c74,Eredivisie,2024/2025,DEVELOPMENT,2024-09-21,19:00,MATCH_KICKOFF_TIME_TIMEZONE_NOT_STATED_BY_SOURCE,,NOT_VERIFIED_DO_NOT_INFER,Go Ahead Eagles,Ajax,1,1,D,EVALUATION_ONLY_JOIN_AFTER_PREMATCH_FEATURE_FREEZE,4.23,3.97,1.77,EXTERNAL_HISTORICAL_MARKET_BENCHMARK,NOT_AVAILABLE,NOT_GOLDBET,4a9c63f3c45543a5fbabe814297e0f3ced84ee5cf919c851f587d246edc56b29
b3b6aa58f9e4305795092a5d,Eredivisie,2024/2025,DEVELOPMENT,2024-09-21,20:00,MATCH_KICKOFF_TIME_TIMEZONE_NOT_STATED_BY_SOURCE,,NOT_VERIFIED_DO_NOT_INFER,Nijmegen,Heracles,1,2,A,EVALUATION_ONLY_JOIN_AFTER_PREMATCH_FEATURE_FREEZE,1.64,4.1,4.97,EXTERNAL_HISTORICAL_MARKET_BENCHMARK,NOT_AVAILABLE,NOT_GOLDBET,d1224b75e6f07fd2a59dce22f781512776b81c9fef0c963aab12838ec8ff583e
ba8e9c81fdfc85c426389dea,Eredivisie,2024/2025,DEVELOPMENT,2024-09-22,11:15,MATCH_KICKOFF_TIME_TIMEZONE_NOT_STATED_BY_SOURCE,,NOT_VERIFIED_DO_NOT_INFER,Heerenveen,Groningen,2,1,H,EVALUATION_ONLY_JOIN_AFTER_PREMATCH_FEATURE_FREEZE,2.31,3.6,2.91,EXTERNAL_HISTORICAL_MARKET_BENCHMARK,NOT_AVAILABLE,NOT_GOLDBET,18f38721abb28762ce0c647a09b02fa071cd21ccf0c2ee42d58217f9800ff9c1
4e59d352ad2ba5552caa8366,Eredivisie,2024/2025,DEVELOPMENT,2024-09-22,13:30,MATCH_KICKOFF_TIME_TIMEZONE_NOT_STATED_BY_SOURCE,,NOT_VERIFIED_DO_NOT_INFER,Almere City,Twente,0,5,A,EVALUATION_ONLY_JOIN_AFTER_PREMATCH_FEATURE_FREEZE,5.94,4.57,1.5,EXTERNAL_HISTORICAL_MARKET_BENCHMARK,NOT_AVAILABLE,NOT_GOLDBET,2d81bf45c92f17ce46461473ecd724ddf4b669fd5966c070f6dc66b423ee8d13
84f1320400b50c9fc58e62b4,Eredivisie,2024/2025,DEVELOPMENT,2024-09-22,13:30,MATCH_KICKOFF_TIME_TIMEZONE_NOT_STATED_BY_SOURCE,,NOT_VERIFIED_DO_NOT_INFER,Feyenoord,NAC Breda,2,0,H,EVALUATION_ONLY_JOIN_AFTER_PREMATCH_FEATURE_FREEZE,1.11,9.96,19.79,EXTERNAL_HISTORICAL_MARKET_BENCHMARK,NOT_AVAILABLE,NOT_GOLDBET,e6736b12015d1094398bcfb3ef5aebf240159d775d1a8541f6dff15b14dcabfe
8fb45c0a36b62dc46cd0946a,Eredivisie,2024/2025,DEVELOPMENT,2024-09-22,15:45,MATCH_KICKOFF_TIME_TIMEZONE_NOT_STATED_BY_SOURCE,,NOT_VERIFIED_DO_NOT_INFER,For Sittard,PSV Eindhoven,1,3,A,EVALUATION_ONLY_JOIN_AFTER_PREMATCH_FEATURE_FREEZE,13.74,7.4,1.18,EXTERNAL_HISTORICAL_MARKET_BENCHMARK,NOT_AVAILABLE,NOT_GOLDBET,9ba00e9fc224c1528265de2e86fd2a0f28f2fa44e6b526033c9161b066d326e3
96ca819af8064e55ffd1a11d,Eredivisie,2024/2025,DEVELOPMENT,2024-09-27,19:00,MATCH_KICKOFF_TIME_TIMEZONE_NOT_STATED_BY_SOURCE,,NOT_VERIFIED_DO_NOT_INFER,Heracles,Heerenveen,2,1,H,EVALUATION_ONLY_JOIN_AFTER_PREMATCH_FEATURE_FREEZE,2.91,3.46,2.37,EXTERNAL_HISTORICAL_MARKET_BENCHMARK,NOT_AVAILABLE,NOT_GOLDBET,7dcf8cd45a44c376fed6ac8190b52a73544972e9cdbd765bcca28eca2a01fa37
7063a8a10a63532db9ce2968,Eredivisie,2024/2025,DEVELOPMENT,2024-09-28,15:30,MATCH_KICKOFF_TIME_TIMEZONE_NOT_STATED_BY_SOURCE,,NOT_VERIFIED_DO_NOT_INFER,Willem II,PSV Eindhoven,0,2,A,EVALUATION_ONLY_JOIN_AFTER_PREMATCH_FEATURE_FREEZE,9.16,5.83,1.29,EXTERNAL_HISTORICAL_MARKET_BENCHMARK,NOT_AVAILABLE,NOT_GOLDBET,1178bfe4be05d64adfdfcffeaaa868bd29cebf7a7b4e12aef212e8a2b4e00380
ff73f12ffc5aa904b00f6717,Eredivisie,2024/2025,DEVELOPMENT,2024-09-28,17:45,MATCH_KICKOFF_TIME_TIMEZONE_NOT_STATED_BY_SOURCE,,NOT_VERIFIED_DO_NOT_INFER,Nijmegen,Feyenoord,1,1,D,EVALUATION_ONLY_JOIN_AFTER_PREMATCH_FEATURE_FREEZE,5.47,4.11,1.59,EXTERNAL_HISTORICAL_MARKET_BENCHMARK,NOT_AVAILABLE,NOT_GOLDBET,ea06c7f8fe6eb562da826b47df0bc842fe96cf47ebe968118557865f62fe98c2
c254b4438efb50cbc1eb2a18,Eredivisie,2024/2025,DEVELOPMENT,2024-09-28,20:00,MATCH_KICKOFF_TIME_TIMEZONE_NOT_STATED_BY_SOURCE,,NOT_VERIFIED_DO_NOT_INFER,Sparta Rotterdam,For Sittard,1,1,D,EVALUATION_ONLY_JOIN_AFTER_PREMATCH_FEATURE_FREEZE,1.64,3.9,5.32,EXTERNAL_HISTORICAL_MARKET_BENCHMARK,NOT_AVAILABLE,NOT_GOLDBET,b216664b3ceaa7460fbbfce397adeeebeda827796da125cbe49fdf6c35b04f91
84cf88876e627426acf50f70,Eredivisie,2024/2025,DEVELOPMENT,2024-09-29,11:15,MATCH_KICKOFF_TIME_TIMEZONE_NOT_STATED_BY_SOURCE,,NOT_VERIFIED_DO_NOT_INFER,Zwolle,Almere City,1,0,H,EVALUATION_ONLY_JOIN_AFTER_PREMATCH_FEATURE_FREEZE,1.95,3.65,3.73,EXTERNAL_HISTORICAL_MARKET_BENCHMARK,NOT_AVAILABLE,NOT_GOLDBET,ac289e96e688da08d05ff0c16df1ff74e54b3ebcda798fe3cd128f3bb9b9d52b
3af0f24902561d53ce3252f4,Eredivisie,2024/2025,DEVELOPMENT,2024-09-29,13:30,MATCH_KICKOFF_TIME_TIMEZONE_NOT_STATED_BY_SOURCE,,NOT_VERIFIED_DO_NOT_INFER,Groningen,Go Ahead Eagles,0,1,A,EVALUATION_ONLY_JOIN_AFTER_PREMATCH_FEATURE_FREEZE,2.66,3.41,2.59,EXTERNAL_HISTORICAL_MARKET_BENCHMARK,NOT_AVAILABLE,NOT_GOLDBET,c097bb09e01d7a2c13d92bbcac0851c2d1934bba419c58aad84b40123419b9d2
989cd6e8f5552e1c61be3259,Eredivisie,2024/2025,DEVELOPMENT,2024-09-29,13:30,MATCH_KICKOFF_TIME_TIMEZONE_NOT_STATED_BY_SOURCE,,NOT_VERIFIED_DO_NOT_INFER,Twente,NAC Breda,1,0,H,EVALUATION_ONLY_JOIN_AFTER_PREMATCH_FEATURE_FREEZE,1.25,6.25,10.8,EXTERNAL_HISTORICAL_MARKET_BENCHMARK,NOT_AVAILABLE,NOT_GOLDBET,b20fe10e034d70fee1bd989f665ca83dbedb3df975b7cf8dd35c05af80c470b1
f5b56e8723f0f0e41241ff94,Eredivisie,2024/2025,DEVELOPMENT,2024-09-29,15:45,MATCH_KICKOFF_TIME_TIMEZONE_NOT_STATED_BY_SOURCE,,NOT_VERIFIED_DO_NOT_INFER,Waalwijk,Ajax,0,2,A,EVALUATION_ONLY_JOIN_AFTER_PREMATCH_FEATURE_FREEZE,6.85,5.27,1.39,EXTERNAL_HISTORICAL_MARKET_BENCHMARK,NOT_AVAILABLE,NOT_GOLDBET,eaf87abd9e7c7226c849334084db56ad891bdba080a11bb59cf35e04c34967de
62d91dc9dc27fc47b251dfc0,Eredivisie,2024/2025,DEVELOPMENT,2024-09-29,19:00,MATCH_KICKOFF_TIME_TIMEZONE_NOT_STATED_BY_SOURCE,,NOT_VERIFIED_DO_NOT_INFER,AZ Alkmaar,Utrecht,1,2,A,EVALUATION_ONLY_JOIN_AFTER_PREMATCH_FEATURE_FREEZE,1.57,4.18,5.45,EXTERNAL_HISTORICAL_MARKET_BENCHMARK,NOT_AVAILABLE,NOT_GOLDBET,1bf649262d10aa663ffbe8118555f44016403402a7a943165f3a93998910a40e
1985af91eef33fdf98cbfb30,Eredivisie,2024/2025,DEVELOPMENT,2024-10-04,19:00,MATCH_KICKOFF_TIME_TIMEZONE_NOT_STATED_BY_SOURCE,,NOT_VERIFIED_DO_NOT_INFER,Almere City,Willem II,0,1,A,EVALUATION_ONLY_JOIN_AFTER_PREMATCH_FEATURE_FREEZE,2.52,3.14,2.96,EXTERNAL_HISTORICAL_MARKET_BENCHMARK,NOT_AVAILABLE,NOT_GOLDBET,bc4c7ccfd73183544d7f9958e7759e12f42bf42b5574966eccaf58e4722f281a
5405228ab648e07d4590f4e0,Eredivisie,2024/2025,DEVELOPMENT,2024-10-05,17:45,MATCH_KICKOFF_TIME_TIMEZONE_NOT_STATED_BY_SOURCE,,NOT_VERIFIED_DO_NOT_INFER,NAC Breda,Nijmegen,1,0,H,EVALUATION_ONLY_JOIN_AFTER_PREMATCH_FEATURE_FREEZE,3.14,3.28,2.32,EXTERNAL_HISTORICAL_MARKET_BENCHMARK,NOT_AVAILABLE,NOT_GOLDBET,e4e12ea0b4ebba0a68b20893fb5dc20e16411369e88515912d56cae780c5fc30
c984f407c798a96e40dcad0a,Eredivisie,2024/2025,DEVELOPMENT,2024-10-05,19:00,MATCH_KICKOFF_TIME_TIMEZONE_NOT_STATED_BY_SOURCE,,NOT_VERIFIED_DO_NOT_INFER,PSV Eindhoven,Sparta Rotterdam,2,1,H,EVALUATION_ONLY_JOIN_AFTER_PREMATCH_FEATURE_FREEZE,1.18,7.46,12.86,EXTERNAL_HISTORICAL_MARKET_BENCHMARK,NOT_AVAILABLE,NOT_GOLDBET,47ca46ba6bcc580582112383433c509fdb7489c974178e31278f0b880021c844
44d801af219c273ede82df9f,Eredivisie,2024/2025,DEVELOPMENT,2024-10-05,20:00,MATCH_KICKOFF_TIME_TIMEZONE_NOT_STATED_BY_SOURCE,,NOT_VERIFIED_DO_NOT_INFER,Utrecht,Waalwijk,3,2,H,EVALUATION_ONLY_JOIN_AFTER_PREMATCH_FEATURE_FREEZE,1.36,5.16,7.83,EXTERNAL_HISTORICAL_MARKET_BENCHMARK,NOT_AVAILABLE,NOT_GOLDBET,711ed429fca88cff90c336b617b54740567d8f3e34f6a64250344159a780e545
a2937d501e161c34af5862a5,Eredivisie,2024/2025,DEVELOPMENT,2024-10-06,11:15,MATCH_KICKOFF_TIME_TIMEZONE_NOT_STATED_BY_SOURCE,,NOT_VERIFIED_DO_NOT_INFER,Go Ahead Eagles,Heracles,4,1,H,EVALUATION_ONLY_JOIN_AFTER_PREMATCH_FEATURE_FREEZE,1.57,4.3,5.43,EXTERNAL_HISTORICAL_MARKET_BENCHMARK,NOT_AVAILABLE,NOT_GOLDBET,797c2c730c541a9684022d146f66561e006ffac1f49879b7ea6a519e94c31e45
f80febc7372fe3319e914bf3,Eredivisie,2024/2025,DEVELOPMENT,2024-10-06,13:30,MATCH_KICKOFF_TIME_TIMEZONE_NOT_STATED_BY_SOURCE,,NOT_VERIFIED_DO_NOT_INFER,Feyenoord,Twente,2,1,H,EVALUATION_ONLY_JOIN_AFTER_PREMATCH_FEATURE_FREEZE,1.75,3.97,4.31,EXTERNAL_HISTORICAL_MARKET_BENCHMARK,NOT_AVAILABLE,NOT_GOLDBET,e7f0d334f35bafbcc540d31057f492abd54df9d3d428cb94ca99d365bd7647ce
011d217c61a75adc88e23eb6,Eredivisie,2024/2025,DEVELOPMENT,2024-10-06,13:30,MATCH_KICKOFF_TIME_TIMEZONE_NOT_STATED_BY_SOURCE,,NOT_VERIFIED_DO_NOT_INFER,Heerenveen,Zwolle,1,1,D,EVALUATION_ONLY_JOIN_AFTER_PREMATCH_FEATURE_FREEZE,1.83,3.93,3.95,EXTERNAL_HISTORICAL_MARKET_BENCHMARK,NOT_AVAILABLE,NOT_GOLDBET,f0dfa0bbaa9a07c3e82812c78ca102df422ff2f9ce1c191237a3d8d53460c4a7
a9e457d09b017a6260ee65d9,Eredivisie,2024/2025,DEVELOPMENT,2024-10-06,15:45,MATCH_KICKOFF_TIME_TIMEZONE_NOT_STATED_BY_SOURCE,,NOT_VERIFIED_DO_NOT_INFER,Ajax,Groningen,3,1,H,EVALUATION_ONLY_JOIN_AFTER_PREMATCH_FEATURE_FREEZE,1.26,6.06,10.1,EXTERNAL_HISTORICAL_MARKET_BENCHMARK,NOT_AVAILABLE,NOT_GOLDBET,6f5fe3e72a80546cde3c80bbbbb18571abbb4fa1d41bf61084a65d402ca1609e
f0fa29413b36cb124321798e,Eredivisie,2024/2025,DEVELOPMENT,2024-10-06,19:00,MATCH_KICKOFF_TIME_TIMEZONE_NOT_STATED_BY_SOURCE,,NOT_VERIFIED_DO_NOT_INFER,For Sittard,AZ Alkmaar,1,0,H,EVALUATION_ONLY_JOIN_AFTER_PREMATCH_FEATURE_FREEZE,4.58,3.67,1.78,EXTERNAL_HISTORICAL_MARKET_BENCHMARK,NOT_AVAILABLE,NOT_GOLDBET,42fcc03d3e4a84a2a2b9d9704ad4cf021d862e8c6799e1c1e49c45ac61539c1f
d2d3fb7472b4c6545e76f1aa,Eredivisie,2024/2025,DEVELOPMENT,2024-10-19,15:30,MATCH_KICKOFF_TIME_TIMEZONE_NOT_STATED_BY_SOURCE,,NOT_VERIFIED_DO_NOT_INFER,Sparta Rotterdam,Almere City,2,2,D,EVALUATION_ONLY_JOIN_AFTER_PREMATCH_FEATURE_FREEZE,1.69,3.87,4.9,EXTERNAL_HISTORICAL_MARKET_BENCHMARK,NOT_AVAILABLE,NOT_GOLDBET,622332cb12b72a9a98bf30257f24630cdaa365a30d015cd1c3c6e1b013962c5c
aeae1c122295cea50ed97559,Eredivisie,2024/2025,DEVELOPMENT,2024-10-19,17:45,MATCH_KICKOFF_TIME_TIMEZONE_NOT_STATED_BY_SOURCE,,NOT_VERIFIED_DO_NOT_INFER,AZ Alkmaar,PSV Eindhoven,1,2,A,EVALUATION_ONLY_JOIN_AFTER_PREMATCH_FEATURE_FREEZE,3.37,3.71,2.04,EXTERNAL_HISTORICAL_MARKET_BENCHMARK,NOT_AVAILABLE,NOT_GOLDBET,c82be247e7c6d32c79816482882d9eeef79d49701bf5db9637a112d9bbe975e5
11b22bf326b6d20ef3805d62,Eredivisie,2024/2025,DEVELOPMENT,2024-10-19,19:00,MATCH_KICKOFF_TIME_TIMEZONE_NOT_STATED_BY_SOURCE,,NOT_VERIFIED_DO_NOT_INFER,Nijmegen,Heerenveen,3,0,H,EVALUATION_ONLY_JOIN_AFTER_PREMATCH_FEATURE_FREEZE,1.95,3.7,3.68,EXTERNAL_HISTORICAL_MARKET_BENCHMARK,NOT_AVAILABLE,NOT_GOLDBET,07fe0745dc68b244d3f9b9747b4b7e345ad601d83a47ce591f1c8b6b941786d8
8e8bb16c188d343194016902,Eredivisie,2024/2025,DEVELOPMENT,2024-10-19,19:00,MATCH_KICKOFF_TIME_TIMEZONE_NOT_STATED_BY_SOURCE,,NOT_VERIFIED_DO_NOT_INFER,Waalwijk,Twente,2,2,D,EVALUATION_ONLY_JOIN_AFTER_PREMATCH_FEATURE_FREEZE,8.57,5.62,1.32,EXTERNAL_HISTORICAL_MARKET_BENCHMARK,NOT_AVAILABLE,NOT_GOLDBET,b655d75d3675bb7bd53c25920bd4c3c138debd58bb94afc86c7b3b49d541cef7
7776ec2bcba5294ceb922bd4,Eredivisie,2024/2025,DEVELOPMENT,2024-10-19,20:00,MATCH_KICKOFF_TIME_TIMEZONE_NOT_STATED_BY_SOURCE,,NOT_VERIFIED_DO_NOT_INFER,Go Ahead Eagles,Feyenoord,1,5,A,EVALUATION_ONLY_JOIN_AFTER_PREMATCH_FEATURE_FREEZE,3.76,3.79,1.91,EXTERNAL_HISTORICAL_MARKET_BENCHMARK,NOT_AVAILABLE,NOT_GOLDBET,9653c60bea62ee093086a1779d54f06b93bb39711690c9f9d94de9b515d64fb0
22ec28239bf1cb4b289ef948,Eredivisie,2024/2025,DEVELOPMENT,2024-10-20,11:15,MATCH_KICKOFF_TIME_TIMEZONE_NOT_STATED_BY_SOURCE,,NOT_VERIFIED_DO_NOT_INFER,Willem II,For Sittard,0,0,D,EVALUATION_ONLY_JOIN_AFTER_PREMATCH_FEATURE_FREEZE,2.34,3.16,3.22,EXTERNAL_HISTORICAL_MARKET_BENCHMARK,NOT_AVAILABLE,NOT_GOLDBET,54264472e9e467d070a5c43f48bb8c87774fe1bfaf4dd0b93d8e82bc0961d9d5
616f7f2d6df7a1feb9b804bd,Eredivisie,2024/2025,DEVELOPMENT,2024-10-20,13:30,MATCH_KICKOFF_TIME_TIMEZONE_NOT_STATED_BY_SOURCE,,NOT_VERIFIED_DO_NOT_INFER,Groningen,Utrecht,0,1,A,EVALUATION_ONLY_JOIN_AFTER_PREMATCH_FEATURE_FREEZE,2.83,3.33,2.49,EXTERNAL_HISTORICAL_MARKET_BENCHMARK,NOT_AVAILABLE,NOT_GOLDBET,e002a7299ca3dadca3dfb98484b39ef9d2e71fda0ce6daa17e41ebe4a2484624
4e70a605d2dbee0353aba521,Eredivisie,2024/2025,DEVELOPMENT,2024-10-20,13:30,MATCH_KICKOFF_TIME_TIMEZONE_NOT_STATED_BY_SOURCE,,NOT_VERIFIED_DO_NOT_INFER,Heracles,Ajax,3,4,A,EVALUATION_ONLY_JOIN_AFTER_PREMATCH_FEATURE_FREEZE,7.54,5.37,1.36,EXTERNAL_HISTORICAL_MARKET_BENCHMARK,NOT_AVAILABLE,NOT_GOLDBET,0ed7835cc9f2648bde871eacfb53c81b24ba3216790eb2318dfb2ccab7847d86
4337b50c4eef75b5355f9970,Eredivisie,2024/2025,DEVELOPMENT,2024-10-20,15:45,MATCH_KICKOFF_TIME_TIMEZONE_NOT_STATED_BY_SOURCE,,NOT_VERIFIED_DO_NOT_INFER,Zwolle,NAC Breda,1,2,A,EVALUATION_ONLY_JOIN_AFTER_PREMATCH_FEATURE_FREEZE,1.95,3.47,3.96,EXTERNAL_HISTORICAL_MARKET_BENCHMARK,NOT_AVAILABLE,NOT_GOLDBET,e59630ee2e55b57493313dac3221b745aa63c255baac26c00ef748e57d81fe6b
a9bde048b91333ab6cd44169,Eredivisie,2024/2025,DEVELOPMENT,2024-10-25,19:00,MATCH_KICKOFF_TIME_TIMEZONE_NOT_STATED_BY_SOURCE,,NOT_VERIFIED_DO_NOT_INFER,Almere City,Nijmegen,1,0,H,EVALUATION_ONLY_JOIN_AFTER_PREMATCH_FEATURE_FREEZE,2.98,3.32,2.4,EXTERNAL_HISTORICAL_MARKET_BENCHMARK,NOT_AVAILABLE,NOT_GOLDBET,c4b53fda1b3b168975c55724d06161d5f997f8ba4dbcb70945731bece32018b3
26d4c4d51c0fcdb01728f6c7,Eredivisie,2024/2025,DEVELOPMENT,2024-10-26,15:30,MATCH_KICKOFF_TIME_TIMEZONE_NOT_STATED_BY_SOURCE,,NOT_VERIFIED_DO_NOT_INFER,For Sittard,Groningen,1,0,H,EVALUATION_ONLY_JOIN_AFTER_PREMATCH_FEATURE_FREEZE,2.05,3.33,3.77,EXTERNAL_HISTORICAL_MARKET_BENCHMARK,NOT_AVAILABLE,NOT_GOLDBET,0d09893d9940873a1ce2c4edc78ee9edadad2c8a27ea57bbf4553e4de842411d
616a13cee0055ea595d63fb4,Eredivisie,2024/2025,DEVELOPMENT,2024-10-26,17:45,MATCH_KICKOFF_TIME_TIMEZONE_NOT_STATED_BY_SOURCE,,NOT_VERIFIED_DO_NOT_INFER,PSV Eindhoven,Zwolle,6,0,H,EVALUATION_ONLY_JOIN_AFTER_PREMATCH_FEATURE_FREEZE,1.12,10.05,17.52,EXTERNAL_HISTORICAL_MARKET_BENCHMARK,NOT_AVAILABLE,NOT_GOLDBET,1a9108c7ff6989b9e8099daeb410f1166a7913af52b80ad6ddd0935217c1eec3
3e0867013f082cf707cececc,Eredivisie,2024/2025,DEVELOPMENT,2024-10-26,19:00,MATCH_KICKOFF_TIME_TIMEZONE_NOT_STATED_BY_SOURCE,,NOT_VERIFIED_DO_NOT_INFER,NAC Breda,Waalwijk,4,1,H,EVALUATION_ONLY_JOIN_AFTER_PREMATCH_FEATURE_FREEZE,1.66,3.94,5,EXTERNAL_HISTORICAL_MARKET_BENCHMARK,NOT_AVAILABLE,NOT_GOLDBET,95bd6f99540a7bc2dafff1e954996c7486e82d4ba8358780ce8faf2c545949d2
a76f31c018ed14ff408eb1b3,Eredivisie,2024/2025,DEVELOPMENT,2024-10-26,20:00,MATCH_KICKOFF_TIME_TIMEZONE_NOT_STATED_BY_SOURCE,,NOT_VERIFIED_DO_NOT_INFER,Heerenveen,Sparta Rotterdam,2,0,H,EVALUATION_ONLY_JOIN_AFTER_PREMATCH_FEATURE_FREEZE,2.29,3.65,2.92,EXTERNAL_HISTORICAL_MARKET_BENCHMARK,NOT_AVAILABLE,NOT_GOLDBET,631673181c576a9c2a4ff44afa504e9258c6b131d15c8ffc29a757caf1d41af9
75b08ca5d3084dd45432614c,Eredivisie,2024/2025,DEVELOPMENT,2024-10-27,11:15,MATCH_KICKOFF_TIME_TIMEZONE_NOT_STATED_BY_SOURCE,,NOT_VERIFIED_DO_NOT_INFER,Utrecht,Feyenoord,0,2,A,EVALUATION_ONLY_JOIN_AFTER_PREMATCH_FEATURE_FREEZE,3.94,3.74,1.88,EXTERNAL_HISTORICAL_MARKET_BENCHMARK,NOT_AVAILABLE,NOT_GOLDBET,f7c8271945663c55429fb6f23da93e6da0cd6e9999774f61dc004af7b2c6c86f
247b69e77557fef6ff228043,Eredivisie,2024/2025,DEVELOPMENT,2024-10-27,13:30,MATCH_KICKOFF_TIME_TIMEZONE_NOT_STATED_BY_SOURCE,,NOT_VERIFIED_DO_NOT_INFER,Twente,Heracles,5,0,H,EVALUATION_ONLY_JOIN_AFTER_PREMATCH_FEATURE_FREEZE,1.22,6.77,11.45,EXTERNAL_HISTORICAL_MARKET_BENCHMARK,NOT_AVAILABLE,NOT_GOLDBET,008d7759e67e7a5f64b0e226dc6a4b797adba63a7a40f42a37febb338f31cfbe
e85dad834d64c940f87c4c35,Eredivisie,2024/2025,DEVELOPMENT,2024-10-27,15:45,MATCH_KICKOFF_TIME_TIMEZONE_NOT_STATED_BY_SOURCE,,NOT_VERIFIED_DO_NOT_INFER,Ajax,Willem II,1,0,H,EVALUATION_ONLY_JOIN_AFTER_PREMATCH_FEATURE_FREEZE,1.38,4.96,7.97,EXTERNAL_HISTORICAL_MARKET_BENCHMARK,NOT_AVAILABLE,NOT_GOLDBET,01a43ee5146e166ca9a5c36a0ed5c28a578c743727765d7220100d40699ba751
d728623afadaa1b84da04f4f,Eredivisie,2024/2025,DEVELOPMENT,2024-10-27,19:00,MATCH_KICKOFF_TIME_TIMEZONE_NOT_STATED_BY_SOURCE,,NOT_VERIFIED_DO_NOT_INFER,AZ Alkmaar,Go Ahead Eagles,2,2,D,EVALUATION_ONLY_JOIN_AFTER_PREMATCH_FEATURE_FREEZE,1.68,3.89,4.92,EXTERNAL_HISTORICAL_MARKET_BENCHMARK,NOT_AVAILABLE,NOT_GOLDBET,dfabb75ccabfaa721c7ab2741910e1d78d7aa06ad7562937c4567bb50c3d9c84
7e5369bfead2a06268ee6b3f,Eredivisie,2024/2025,DEVELOPMENT,2024-10-30,17:00,MATCH_KICKOFF_TIME_TIMEZONE_NOT_STATED_BY_SOURCE,,NOT_VERIFIED_DO_NOT_INFER,Feyenoord,Ajax,0,2,A,EVALUATION_ONLY_JOIN_AFTER_PREMATCH_FEATURE_FREEZE,2.02,3.53,3.62,EXTERNAL_HISTORICAL_MARKET_BENCHMARK,NOT_AVAILABLE,NOT_GOLDBET,c19112e74f5ca208fa134b640304979d95e170dd84c4db5dad54180592e7f9f1
f5f33553c9fda077dc3c4f6b,Eredivisie,2024/2025,DEVELOPMENT,2024-11-02,15:30,MATCH_KICKOFF_TIME_TIMEZONE_NOT_STATED_BY_SOURCE,,NOT_VERIFIED_DO_NOT_INFER,Willem II,Twente,0,1,A,EVALUATION_ONLY_JOIN_AFTER_PREMATCH_FEATURE_FREEZE,5.24,3.73,1.68,EXTERNAL_HISTORICAL_MARKET_BENCHMARK,NOT_AVAILABLE,NOT_GOLDBET,f42a6b3476a6cedf19671413d17d9342a5bdcc742fe6797bc0428ffcdc0a6a41
3bb69afd5dd54964dfdf9c08,Eredivisie,2024/2025,DEVELOPMENT,2024-11-02,17:45,MATCH_KICKOFF_TIME_TIMEZONE_NOT_STATED_BY_SOURCE,,NOT_VERIFIED_DO_NOT_INFER,Ajax,PSV Eindhoven,3,2,H,EVALUATION_ONLY_JOIN_AFTER_PREMATCH_FEATURE_FREEZE,2.64,3.62,2.51,EXTERNAL_HISTORICAL_MARKET_BENCHMARK,NOT_AVAILABLE,NOT_GOLDBET,03745fb6fd2b63a81ea39ef363b26d16a2d00e8bd26b42052ed9fa11c85e8d11
68b21f6b46efe1024f31ccc1,Eredivisie,2024/2025,DEVELOPMENT,2024-11-02,17:45,MATCH_KICKOFF_TIME_TIMEZONE_NOT_STATED_BY_SOURCE,,NOT_VERIFIED_DO_NOT_INFER,Heracles,NAC Breda,2,0,H,EVALUATION_ONLY_JOIN_AFTER_PREMATCH_FEATURE_FREEZE,2.2,3.37,3.29,EXTERNAL_HISTORICAL_MARKET_BENCHMARK,NOT_AVAILABLE,NOT_GOLDBET,15a5174c3927c679486058533e62ef23fd30d36ae3010da103d2374618b5955d
c1ac38c5f77ac8054ab0b8fb,Eredivisie,2024/2025,DEVELOPMENT,2024-11-02,20:00,MATCH_KICKOFF_TIME_TIMEZONE_NOT_STATED_BY_SOURCE,,NOT_VERIFIED_DO_NOT_INFER,Feyenoord,AZ Alkmaar,3,2,H,EVALUATION_ONLY_JOIN_AFTER_PREMATCH_FEATURE_FREEZE,1.64,3.85,5.41,EXTERNAL_HISTORICAL_MARKET_BENCHMARK,NOT_AVAILABLE,NOT_GOLDBET,9658fdf73ce1ce28479d18dff7b7d42eaaf0baa8e11f056b1aac085313800a78
7be9478becbdee5d7d23232a,Eredivisie,2024/2025,DEVELOPMENT,2024-11-02,20:00,MATCH_KICKOFF_TIME_TIMEZONE_NOT_STATED_BY_SOURCE,,NOT_VERIFIED_DO_NOT_INFER,For Sittard,Heerenveen,3,0,H,EVALUATION_ONLY_JOIN_AFTER_PREMATCH_FEATURE_FREEZE,2.12,3.4,3.5,EXTERNAL_HISTORICAL_MARKET_BENCHMARK,NOT_AVAILABLE,NOT_GOLDBET,86bdbee436ea128dd8f05ea01a8e591ea696003ff2a3d6898ea0cf2d5c380e67
46d82bd5f66fe4418316301c,Eredivisie,2024/2025,DEVELOPMENT,2024-11-03,11:15,MATCH_KICKOFF_TIME_TIMEZONE_NOT_STATED_BY_SOURCE,,NOT_VERIFIED_DO_NOT_INFER,Go Ahead Eagles,Zwolle,2,2,D,EVALUATION_ONLY_JOIN_AFTER_PREMATCH_FEATURE_FREEZE,1.53,4.31,6.01,EXTERNAL_HISTORICAL_MARKET_BENCHMARK,NOT_AVAILABLE,NOT_GOLDBET,c2e9fb6d4b1bad0416e490c9dfdde9d89946d4bec5dbce5d7924adb37729e81b
6cf5b10cd793a13cbae7c86e,Eredivisie,2024/2025,DEVELOPMENT,2024-11-03,13:30,MATCH_KICKOFF_TIME_TIMEZONE_NOT_STATED_BY_SOURCE,,NOT_VERIFIED_DO_NOT_INFER,Nijmegen,Groningen,6,0,H,EVALUATION_ONLY_JOIN_AFTER_PREMATCH_FEATURE_FREEZE,2.05,3.29,3.82,EXTERNAL_HISTORICAL_MARKET_BENCHMARK,NOT_AVAILABLE,NOT_GOLDBET,308f7fc59d299b39a542f7a83b1e0b0c71569c254006e10e32f0eda46fd802a4
47cca207e80917e72803b58f,Eredivisie,2024/2025,DEVELOPMENT,2024-11-03,13:30,MATCH_KICKOFF_TIME_TIMEZONE_NOT_STATED_BY_SOURCE,,NOT_VERIFIED_DO_NOT_INFER,Sparta Rotterdam,Utrecht,1,4,A,EVALUATION_ONLY_JOIN_AFTER_PREMATCH_FEATURE_FREEZE,2.71,3.42,2.54,EXTERNAL_HISTORICAL_MARKET_BENCHMARK,NOT_AVAILABLE,NOT_GOLDBET,2e551d389a9a0b9feae32a723f97f5eb7ec15d755496eeb5bd2a01402ddae699
ff0ff2f908ef55107997a65e,Eredivisie,2024/2025,DEVELOPMENT,2024-11-03,15:45,MATCH_KICKOFF_TIME_TIMEZONE_NOT_STATED_BY_SOURCE,,NOT_VERIFIED_DO_NOT_INFER,Waalwijk,Almere City,2,0,H,EVALUATION_ONLY_JOIN_AFTER_PREMATCH_FEATURE_FREEZE,2.72,3.35,2.58,EXTERNAL_HISTORICAL_MARKET_BENCHMARK,NOT_AVAILABLE,NOT_GOLDBET,31800b345c65c215564c55b9a96f23dd1cfa2d3100fecb1484a48479bd822262
591101378973cd254f52b1a4,Eredivisie,2024/2025,DEVELOPMENT,2024-11-08,19:00,MATCH_KICKOFF_TIME_TIMEZONE_NOT_STATED_BY_SOURCE,,NOT_VERIFIED_DO_NOT_INFER,Utrecht,Heracles,1,0,H,EVALUATION_ONLY_JOIN_AFTER_PREMATCH_FEATURE_FREEZE,1.47,4.47,6.6,EXTERNAL_HISTORICAL_MARKET_BENCHMARK,NOT_AVAILABLE,NOT_GOLDBET,b38de829a22c76aa99ca5db597e44d750d179ace46b88941d6b9b73c978116b0
f475764c880a48eb03775230,Eredivisie,2024/2025,DEVELOPMENT,2024-11-09,15:30,MATCH_KICKOFF_TIME_TIMEZONE_NOT_STATED_BY_SOURCE,,NOT_VERIFIED_DO_NOT_INFER,Groningen,Sparta Rotterdam,1,0,H,EVALUATION_ONLY_JOIN_AFTER_PREMATCH_FEATURE_FREEZE,2.48,3.23,2.92,EXTERNAL_HISTORICAL_MARKET_BENCHMARK,NOT_AVAILABLE,NOT_GOLDBET,e7ce6854e626f34ada31d03660c8be6e17c5003b8a44046dcfa4b6c994e731c3
3d95807a930cb656e5aae08e,Eredivisie,2024/2025,DEVELOPMENT,2024-11-09,17:45,MATCH_KICKOFF_TIME_TIMEZONE_NOT_STATED_BY_SOURCE,,NOT_VERIFIED_DO_NOT_INFER,Zwolle,For Sittard,3,1,H,EVALUATION_ONLY_JOIN_AFTER_PREMATCH_FEATURE_FREEZE,2.52,3.29,2.83,EXTERNAL_HISTORICAL_MARKET_BENCHMARK,NOT_AVAILABLE,NOT_GOLDBET,2ee1d9dddd2d975d06b9ff996e84ab9a158cda817b8256b19d6278accbb6c871
0a4d0fd749abc7dd4e3c8d2a,Eredivisie,2024/2025,DEVELOPMENT,2024-11-09,19:00,MATCH_KICKOFF_TIME_TIMEZONE_NOT_STATED_BY_SOURCE,,NOT_VERIFIED_DO_NOT_INFER,NAC Breda,PSV Eindhoven,0,3,A,EVALUATION_ONLY_JOIN_AFTER_PREMATCH_FEATURE_FREEZE,8.03,5.32,1.35,EXTERNAL_HISTORICAL_MARKET_BENCHMARK,NOT_AVAILABLE,NOT_GOLDBET,4ea00624d36b9a32723a1fc2d8ab8f5d33a96356922d06a96f4c9a2cf90ea146
1f69e458b62139d495045c8d,Eredivisie,2024/2025,DEVELOPMENT,2024-11-09,20:00,MATCH_KICKOFF_TIME_TIMEZONE_NOT_STATED_BY_SOURCE,,NOT_VERIFIED_DO_NOT_INFER,Waalwijk,Nijmegen,0,3,A,EVALUATION_ONLY_JOIN_AFTER_PREMATCH_FEATURE_FREEZE,3.87,3.6,1.94,EXTERNAL_HISTORICAL_MARKET_BENCHMARK,NOT_AVAILABLE,NOT_GOLDBET,152ee97aa8e596d42af7ee0657af7bf3c3a300643ce314169852f80d23e06adf
021ace1c38ce809a05bd0a5d,Eredivisie,2024/2025,DEVELOPMENT,2024-11-10,11:15,MATCH_KICKOFF_TIME_TIMEZONE_NOT_STATED_BY_SOURCE,,NOT_VERIFIED_DO_NOT_INFER,Almere City,Feyenoord,1,4,A,EVALUATION_ONLY_JOIN_AFTER_PREMATCH_FEATURE_FREEZE,7.62,4.56,1.42,EXTERNAL_HISTORICAL_MARKET_BENCHMARK,NOT_AVAILABLE,NOT_GOLDBET,719593c137a268981eae086bd5d4bdb0d0ec9372c31b14f7efdb4b0d4a03e940
4c8efd23a7fb90978f6d1b54,Eredivisie,2024/2025,DEVELOPMENT,2024-11-10,13:30,MATCH_KICKOFF_TIME_TIMEZONE_NOT_STATED_BY_SOURCE,,NOT_VERIFIED_DO_NOT_INFER,Heerenveen,Go Ahead Eagles,1,0,H,EVALUATION_ONLY_JOIN_AFTER_PREMATCH_FEATURE_FREEZE,2.58,3.35,2.72,EXTERNAL_HISTORICAL_MARKET_BENCHMARK,NOT_AVAILABLE,NOT_GOLDBET,1b5973e88c1a7ec5f832a769e24cb216de32cde47542a9f04dae009d55762e6e
5c7cd6103d52bcc1d92022ee,Eredivisie,2024/2025,DEVELOPMENT,2024-11-10,13:30,MATCH_KICKOFF_TIME_TIMEZONE_NOT_STATED_BY_SOURCE,,NOT_VERIFIED_DO_NOT_INFER,Twente,Ajax,2,2,D,EVALUATION_ONLY_JOIN_AFTER_PREMATCH_FEATURE_FREEZE,2.85,3.48,2.4,EXTERNAL_HISTORICAL_MARKET_BENCHMARK,NOT_AVAILABLE,NOT_GOLDBET,1cecd8ed2f108dc3366d8fd4b43f11660ed18f20f53393c8bf1f95748f6d7ed4
6a8bb86b823058fba2846097,Eredivisie,2024/2025,DEVELOPMENT,2024-11-10,15:45,MATCH_KICKOFF_TIME_TIMEZONE_NOT_STATED_BY_SOURCE,,NOT_VERIFIED_DO_NOT_INFER,AZ Alkmaar,Willem II,1,2,A,EVALUATION_ONLY_JOIN_AFTER_PREMATCH_FEATURE_FREEZE,1.58,3.98,5.8,EXTERNAL_HISTORICAL_MARKET_BENCHMARK,NOT_AVAILABLE,NOT_GOLDBET,364375a1046c5e3c4af362a5749a44f1a37836f81a8720c272e100f1df88f2da
a36141b0524c8d8406c1d45a,Eredivisie,2024/2025,DEVELOPMENT,2024-11-23,15:30,MATCH_KICKOFF_TIME_TIMEZONE_NOT_STATED_BY_SOURCE,,NOT_VERIFIED_DO_NOT_INFER,Go Ahead Eagles,Almere City,3,0,H,EVALUATION_ONLY_JOIN_AFTER_PREMATCH_FEATURE_FREEZE,1.49,4.33,6.55,EXTERNAL_HISTORICAL_MARKET_BENCHMARK,NOT_AVAILABLE,NOT_GOLDBET,37ab2fd533ab41e20a3ac91fdd7eb63cf2ecdde7ec3b4d51b9e0d6baee72a413
43bcdea8695a2ff115ae97b8,Eredivisie,2024/2025,DEVELOPMENT,2024-11-23,17:45,MATCH_KICKOFF_TIME_TIMEZONE_NOT_STATED_BY_SOURCE,,NOT_VERIFIED_DO_NOT_INFER,Feyenoord,Heerenveen,3,0,H,EVALUATION_ONLY_JOIN_AFTER_PREMATCH_FEATURE_FREEZE,1.28,5.82,10.04,EXTERNAL_HISTORICAL_MARKET_BENCHMARK,NOT_AVAILABLE,NOT_GOLDBET,e5bff58ae2ea35d00d4902bbf0e754d6f1370d2f582a49db09aafa2ab8f855a2
e373816b72695ab4cde25ff8,Eredivisie,2024/2025,DEVELOPMENT,2024-11-23,17:45,MATCH_KICKOFF_TIME_TIMEZONE_NOT_STATED_BY_SOURCE,,NOT_VERIFIED_DO_NOT_INFER,Heracles,Waalwijk,2,2,D,EVALUATION_ONLY_JOIN_AFTER_PREMATCH_FEATURE_FREEZE,1.73,3.94,4.5,EXTERNAL_HISTORICAL_MARKET_BENCHMARK,NOT_AVAILABLE,NOT_GOLDBET,67df503601166948a304b88d64af6bfabaccd06737a5f0161b5c07ac54eb541a
58750d65aa90efffaff950c0,Eredivisie,2024/2025,DEVELOPMENT,2024-11-23,20:00,MATCH_KICKOFF_TIME_TIMEZONE_NOT_STATED_BY_SOURCE,,NOT_VERIFIED_DO_NOT_INFER,For Sittard,Twente,1,2,A,EVALUATION_ONLY_JOIN_AFTER_PREMATCH_FEATURE_FREEZE,4.47,3.62,1.8,EXTERNAL_HISTORICAL_MARKET_BENCHMARK,NOT_AVAILABLE,NOT_GOLDBET,c373026e552ee91d9e45cfa5239d5ebf505dc9b2ea518bf5f37e4ad784972a9f
b46b470e287a3e74b510b078,Eredivisie,2024/2025,DEVELOPMENT,2024-11-23,20:00,MATCH_KICKOFF_TIME_TIMEZONE_NOT_STATED_BY_SOURCE,,NOT_VERIFIED_DO_NOT_INFER,PSV Eindhoven,Groningen,5,0,H,EVALUATION_ONLY_JOIN_AFTER_PREMATCH_FEATURE_FREEZE,1.14,8.6,17.28,EXTERNAL_HISTORICAL_MARKET_BENCHMARK,NOT_AVAILABLE,NOT_GOLDBET,7bcffb32ee2b9da71c009e37519af5ec61d978ea53be367f9e3533609828f9cf
141596da3bc2bce606aab3ed,Eredivisie,2024/2025,DEVELOPMENT,2024-11-24,11:15,MATCH_KICKOFF_TIME_TIMEZONE_NOT_STATED_BY_SOURCE,,NOT_VERIFIED_DO_NOT_INFER,Nijmegen,Utrecht,1,2,A,EVALUATION_ONLY_JOIN_AFTER_PREMATCH_FEATURE_FREEZE,2.27,3.37,3.13,EXTERNAL_HISTORICAL_MARKET_BENCHMARK,NOT_AVAILABLE,NOT_GOLDBET,210a7a3e5d596c0f570a76c68e8acb5cffea995da9fa93e49b138ecbeafd3a2b
4a2b9f5d67b4f68b0384a6de,Eredivisie,2024/2025,DEVELOPMENT,2024-11-24,13:30,MATCH_KICKOFF_TIME_TIMEZONE_NOT_STATED_BY_SOURCE,,NOT_VERIFIED_DO_NOT_INFER,Sparta Rotterdam,AZ Alkmaar,1,2,A,EVALUATION_ONLY_JOIN_AFTER_PREMATCH_FEATURE_FREEZE,2.7,3.33,2.59,EXTERNAL_HISTORICAL_MARKET_BENCHMARK,NOT_AVAILABLE,NOT_GOLDBET,0f2de598838c2e5560345efc5187d45b838a0100306210e69f7af14946d43428
a5292347c8aeec8d3c03ed83,Eredivisie,2024/2025,DEVELOPMENT,2024-11-24,13:30,MATCH_KICKOFF_TIME_TIMEZONE_NOT_STATED_BY_SOURCE,,NOT_VERIFIED_DO_NOT_INFER,Willem II,NAC Breda,2,2,D,EVALUATION_ONLY_JOIN_AFTER_PREMATCH_FEATURE_FREEZE,2.38,3.06,3.25,EXTERNAL_HISTORICAL_MARKET_BENCHMARK,NOT_AVAILABLE,NOT_GOLDBET,eb38f59485d5d810292699f094c4cd653677e3b3cd4822f3bfa6fb1ad80ef9b7
8bb1f9adec9f1d457e0e32b4,Eredivisie,2024/2025,DEVELOPMENT,2024-11-24,15:45,MATCH_KICKOFF_TIME_TIMEZONE_NOT_STATED_BY_SOURCE,,NOT_VERIFIED_DO_NOT_INFER,Ajax,Zwolle,2,0,H,EVALUATION_ONLY_JOIN_AFTER_PREMATCH_FEATURE_FREEZE,1.11,9.44,20.53,EXTERNAL_HISTORICAL_MARKET_BENCHMARK,NOT_AVAILABLE,NOT_GOLDBET,8d455528cf176f8738683704d6eb8eeb905151c08891c323d8c71eb842b7d33d
c5d4d78268126b591651de40,Eredivisie,2024/2025,DEVELOPMENT,2024-11-29,19:00,MATCH_KICKOFF_TIME_TIMEZONE_NOT_STATED_BY_SOURCE,,NOT_VERIFIED_DO_NOT_INFER,Heerenveen,Waalwijk,1,1,D,EVALUATION_ONLY_JOIN_AFTER_PREMATCH_FEATURE_FREEZE,1.63,4.12,5.05,EXTERNAL_HISTORICAL_MARKET_BENCHMARK,NOT_AVAILABLE,NOT_GOLDBET,308324704b57249b942ae6d9fb7d7a3ca8ebb6865bfb5d6b952d080b55f4dda1
8309ef361518cbd2944f7a66,Eredivisie,2024/2025,DEVELOPMENT,2024-11-30,15:30,MATCH_KICKOFF_TIME_TIMEZONE_NOT_STATED_BY_SOURCE,,NOT_VERIFIED_DO_NOT_INFER,NAC Breda,Almere City,1,0,H,EVALUATION_ONLY_JOIN_AFTER_PREMATCH_FEATURE_FREEZE,1.63,3.88,5.57,EXTERNAL_HISTORICAL_MARKET_BENCHMARK,NOT_AVAILABLE,NOT_GOLDBET,a0f14ff168ea3269f9fc191f2eee295e7a94da8895bb53b0e17cefc0f050725e
009c83f8051ea252ce7a5905,Eredivisie,2024/2025,DEVELOPMENT,2024-11-30,17:45,MATCH_KICKOFF_TIME_TIMEZONE_NOT_STATED_BY_SOURCE,,NOT_VERIFIED_DO_NOT_INFER,Groningen,Willem II,2,0,H,EVALUATION_ONLY_JOIN_AFTER_PREMATCH_FEATURE_FREEZE,2.01,3.26,3.98,EXTERNAL_HISTORICAL_MARKET_BENCHMARK,NOT_AVAILABLE,NOT_GOLDBET,3a11ddfd2850c029f6a857678c3ea3e8047d9acea02dac643cd4eabff582a0dc
0eb3eed2549dabecf0537a1b,Eredivisie,2024/2025,DEVELOPMENT,2024-11-30,19:00,MATCH_KICKOFF_TIME_TIMEZONE_NOT_STATED_BY_SOURCE,,NOT_VERIFIED_DO_NOT_INFER,Feyenoord,For Sittard,1,1,D,EVALUATION_ONLY_JOIN_AFTER_PREMATCH_FEATURE_FREEZE,1.24,6.13,11.76,EXTERNAL_HISTORICAL_MARKET_BENCHMARK,NOT_AVAILABLE,NOT_GOLDBET,486d1aa2686e5e8408f3d4cf57c1d779b4aec7de516b23b8227b00cdf9ccc545
6b32dccc0a89ed3f1ef0b892,Eredivisie,2024/2025,DEVELOPMENT,2024-11-30,20:00,MATCH_KICKOFF_TIME_TIMEZONE_NOT_STATED_BY_SOURCE,,NOT_VERIFIED_DO_NOT_INFER,Zwolle,Sparta Rotterdam,1,0,H,EVALUATION_ONLY_JOIN_AFTER_PREMATCH_FEATURE_FREEZE,2.72,3.41,2.54,EXTERNAL_HISTORICAL_MARKET_BENCHMARK,NOT_AVAILABLE,NOT_GOLDBET,61f4ecaa957e7fbb4d3f05763c02cf926f49b36b42460f433a6a85e0b3e56296
7ea8597b58d50b56fdeda0e3,Eredivisie,2024/2025,DEVELOPMENT,2024-12-01,11:15,MATCH_KICKOFF_TIME_TIMEZONE_NOT_STATED_BY_SOURCE,,NOT_VERIFIED_DO_NOT_INFER,Utrecht,PSV Eindhoven,2,5,A,EVALUATION_ONLY_JOIN_AFTER_PREMATCH_FEATURE_FREEZE,6.41,4.78,1.45,EXTERNAL_HISTORICAL_MARKET_BENCHMARK,NOT_AVAILABLE,NOT_GOLDBET,8484c79365c71f9fd4f08059de267661ae0f7338626715a60017ba56b9f618fe
c7247822c6e95a3985805d8b,Eredivisie,2024/2025,DEVELOPMENT,2024-12-01,13:30,MATCH_KICKOFF_TIME_TIMEZONE_NOT_STATED_BY_SOURCE,,NOT_VERIFIED_DO_NOT_INFER,AZ Alkmaar,Heracles,1,0,H,EVALUATION_ONLY_JOIN_AFTER_PREMATCH_FEATURE_FREEZE,1.39,4.9,7.61,EXTERNAL_HISTORICAL_MARKET_BENCHMARK,NOT_AVAILABLE,NOT_GOLDBET,cbd8cfd7f9eb12447256509654909ee4be5b8ee7fb84587e1309a04d326f3fa2
bb137dbbd49a66697f12e4f6,Eredivisie,2024/2025,DEVELOPMENT,2024-12-01,13:30,MATCH_KICKOFF_TIME_TIMEZONE_NOT_STATED_BY_SOURCE,,NOT_VERIFIED_DO_NOT_INFER,Twente,Go Ahead Eagles,3,2,H,EVALUATION_ONLY_JOIN_AFTER_PREMATCH_FEATURE_FREEZE,1.67,4.03,4.8,EXTERNAL_HISTORICAL_MARKET_BENCHMARK,NOT_AVAILABLE,NOT_GOLDBET,500911565bc37ddd5ff9e024e8aea091389882f18f35002ac00e2960852783b0
74eaa028e1c223dfa92f1d23,Eredivisie,2024/2025,DEVELOPMENT,2024-12-01,15:45,MATCH_KICKOFF_TIME_TIMEZONE_NOT_STATED_BY_SOURCE,,NOT_VERIFIED_DO_NOT_INFER,Nijmegen,Ajax,1,2,A,EVALUATION_ONLY_JOIN_AFTER_PREMATCH_FEATURE_FREEZE,4.38,3.85,1.76,EXTERNAL_HISTORICAL_MARKET_BENCHMARK,NOT_AVAILABLE,NOT_GOLDBET,cb7e53da917ff5408cd7e56cfd7ccf40e6331a9c84fa47cd64e7b819d2e32e16
89c99fb4dd9333cef71bd56a,Eredivisie,2024/2025,DEVELOPMENT,2024-12-04,19:00,MATCH_KICKOFF_TIME_TIMEZONE_NOT_STATED_BY_SOURCE,,NOT_VERIFIED_DO_NOT_INFER,Ajax,Utrecht,2,2,D,EVALUATION_ONLY_JOIN_AFTER_PREMATCH_FEATURE_FREEZE,1.38,4.8,8.16,EXTERNAL_HISTORICAL_MARKET_BENCHMARK,NOT_AVAILABLE,NOT_GOLDBET,b4140a47840417359f68f86050c031894086d8b43ad20c9b4eeb6d8fadd82d11
f438274aab5cf4baf1127553,Eredivisie,2024/2025,DEVELOPMENT,2024-12-06,19:00,MATCH_KICKOFF_TIME_TIMEZONE_NOT_STATED_BY_SOURCE,,NOT_VERIFIED_DO_NOT_INFER,PSV Eindhoven,Twente,6,1,H,EVALUATION_ONLY_JOIN_AFTER_PREMATCH_FEATURE_FREEZE,1.32,5.68,8.21,EXTERNAL_HISTORICAL_MARKET_BENCHMARK,NOT_AVAILABLE,NOT_GOLDBET,1d3bebdb11ed19e1ce4fa3be24821ce97b4ce67770c1ab36cb4b89cdf19725a8
8f28caf2fb01c50e9ae7dc61,Eredivisie,2024/2025,DEVELOPMENT,2024-12-07,15:30,MATCH_KICKOFF_TIME_TIMEZONE_NOT_STATED_BY_SOURCE,,NOT_VERIFIED_DO_NOT_INFER,Go Ahead Eagles,Nijmegen,5,0,H,EVALUATION_ONLY_JOIN_AFTER_PREMATCH_FEATURE_FREEZE,2,3.56,3.62,EXTERNAL_HISTORICAL_MARKET_BENCHMARK,NOT_AVAILABLE,NOT_GOLDBET,5a2c0ad3fc5ddc3f470839e155497c0a64b8f988e76c72bd03431f5c4d4eaede
82d752237eb6271c9170d026,Eredivisie,2024/2025,DEVELOPMENT,2024-12-07,17:45,MATCH_KICKOFF_TIME_TIMEZONE_NOT_STATED_BY_SOURCE,,NOT_VERIFIED_DO_NOT_INFER,Sparta Rotterdam,NAC Breda,0,2,A,EVALUATION_ONLY_JOIN_AFTER_PREMATCH_FEATURE_FREEZE,1.77,3.63,4.68,EXTERNAL_HISTORICAL_MARKET_BENCHMARK,NOT_AVAILABLE,NOT_GOLDBET,b3efd7c15d9fef8ffba5d47cd89c103a227212580c77bb45e083cd6856e98f14
09314b394defc295c9803ab8,Eredivisie,2024/2025,DEVELOPMENT,2024-12-07,19:00,MATCH_KICKOFF_TIME_TIMEZONE_NOT_STATED_BY_SOURCE,,NOT_VERIFIED_DO_NOT_INFER,Waalwijk,Feyenoord,2,3,A,EVALUATION_ONLY_JOIN_AFTER_PREMATCH_FEATURE_FREEZE,12.28,6.84,1.21,EXTERNAL_HISTORICAL_MARKET_BENCHMARK,NOT_AVAILABLE,NOT_GOLDBET,67ccf153667719b81003761bdc463e2af5931749437796b54ec206fba4aadc52
154efe307baf39af8bf0a19f,Eredivisie,2024/2025,DEVELOPMENT,2024-12-07,20:00,MATCH_KICKOFF_TIME_TIMEZONE_NOT_STATED_BY_SOURCE,,NOT_VERIFIED_DO_NOT_INFER,Heracles,For Sittard,2,2,D,EVALUATION_ONLY_JOIN_AFTER_PREMATCH_FEATURE_FREEZE,2.2,3.26,3.41,EXTERNAL_HISTORICAL_MARKET_BENCHMARK,NOT_AVAILABLE,NOT_GOLDBET,9213f406dc21c0191b789732d706fdc264f912fdbfdd5a458c8d1f9b4885c137
77a5ce56e961674629841bf0,Eredivisie,2024/2025,DEVELOPMENT,2024-12-08,11:15,MATCH_KICKOFF_TIME_TIMEZONE_NOT_STATED_BY_SOURCE,,NOT_VERIFIED_DO_NOT_INFER,Groningen,Zwolle,0,0,D,EVALUATION_ONLY_JOIN_AFTER_PREMATCH_FEATURE_FREEZE,2.03,3.28,3.84,EXTERNAL_HISTORICAL_MARKET_BENCHMARK,NOT_AVAILABLE,NOT_GOLDBET,a067d0d7e91de7a60c9ecc82f320a0cdb2481ab28424bba52052e61013655e1b
0d9ccfec5c505115c61d3ba8,Eredivisie,2024/2025,DEVELOPMENT,2024-12-08,13:30,MATCH_KICKOFF_TIME_TIMEZONE_NOT_STATED_BY_SOURCE,,NOT_VERIFIED_DO_NOT_INFER,AZ Alkmaar,Ajax,2,1,H,EVALUATION_ONLY_JOIN_AFTER_PREMATCH_FEATURE_FREEZE,2.66,3.49,2.56,EXTERNAL_HISTORICAL_MARKET_BENCHMARK,NOT_AVAILABLE,NOT_GOLDBET,0273584d774391e72198993e0cf1f7e167ad8c721f7fcfe426fda8bd762d588f
ef5eba545240c7b644396014,Eredivisie,2024/2025,DEVELOPMENT,2024-12-08,13:30,MATCH_KICKOFF_TIME_TIMEZONE_NOT_STATED_BY_SOURCE,,NOT_VERIFIED_DO_NOT_INFER,Willem II,Heerenveen,1,2,A,EVALUATION_ONLY_JOIN_AFTER_PREMATCH_FEATURE_FREEZE,2.26,3.14,3.37,EXTERNAL_HISTORICAL_MARKET_BENCHMARK,NOT_AVAILABLE,NOT_GOLDBET,5b1e665853188cf6e10b5d5d9b1e9e375284b3e95c969ec2c932c3be69717cef
35a00209dfad43e7dce5a4a5,Eredivisie,2024/2025,DEVELOPMENT,2024-12-08,15:45,MATCH_KICKOFF_TIME_TIMEZONE_NOT_STATED_BY_SOURCE,,NOT_VERIFIED_DO_NOT_INFER,Almere City,Utrecht,1,3,A,EVALUATION_ONLY_JOIN_AFTER_PREMATCH_FEATURE_FREEZE,4.68,3.89,1.72,EXTERNAL_HISTORICAL_MARKET_BENCHMARK,NOT_AVAILABLE,NOT_GOLDBET,fa0accc4e04d7b8322e4d6e4efc69fa04f0403b4a15f55bd6b91eb08caea78ac
197ede69c871775b0c438d25,Eredivisie,2024/2025,DEVELOPMENT,2024-12-13,19:00,MATCH_KICKOFF_TIME_TIMEZONE_NOT_STATED_BY_SOURCE,,NOT_VERIFIED_DO_NOT_INFER,Zwolle,Willem II,0,1,A,EVALUATION_ONLY_JOIN_AFTER_PREMATCH_FEATURE_FREEZE,1.93,3.39,4.2,EXTERNAL_HISTORICAL_MARKET_BENCHMARK,NOT_AVAILABLE,NOT_GOLDBET,c8e61d232d7a151d52997408a7fcb85c52555f62744a5867c42085fddcadcc5b
9ca95ab2ac7074ffd0c8748d,Eredivisie,2024/2025,DEVELOPMENT,2024-12-14,17:45,MATCH_KICKOFF_TIME_TIMEZONE_NOT_STATED_BY_SOURCE,,NOT_VERIFIED_DO_NOT_INFER,Heerenveen,PSV Eindhoven,1,0,H,EVALUATION_ONLY_JOIN_AFTER_PREMATCH_FEATURE_FREEZE,10.97,6.48,1.23,EXTERNAL_HISTORICAL_MARKET_BENCHMARK,NOT_AVAILABLE,NOT_GOLDBET,c320e495aad23a083b72573bb65f9c9fc9b072b5cb6b2f7f2091bd33ceb7f8d9
f3dd300ef2a26d555b2af57d,Eredivisie,2024/2025,DEVELOPMENT,2024-12-14,19:00,MATCH_KICKOFF_TIME_TIMEZONE_NOT_STATED_BY_SOURCE,,NOT_VERIFIED_DO_NOT_INFER,For Sittard,Waalwijk,3,2,H,EVALUATION_ONLY_JOIN_AFTER_PREMATCH_FEATURE_FREEZE,1.66,3.91,5.04,EXTERNAL_HISTORICAL_MARKET_BENCHMARK,NOT_AVAILABLE,NOT_GOLDBET,22ab8e8c86ab266a11f37cb42cc274416e30869436429673cad8ac31c66a8832
bd957f79f5e18309ef9ebf3a,Eredivisie,2024/2025,DEVELOPMENT,2024-12-14,20:00,MATCH_KICKOFF_TIME_TIMEZONE_NOT_STATED_BY_SOURCE,,NOT_VERIFIED_DO_NOT_INFER,Feyenoord,Heracles,5,2,H,EVALUATION_ONLY_JOIN_AFTER_PREMATCH_FEATURE_FREEZE,1.14,8.24,17.9,EXTERNAL_HISTORICAL_MARKET_BENCHMARK,NOT_AVAILABLE,NOT_GOLDBET,dbdfb3b120597dd7e9f3fe48cc0998682bd9c5d334fb75fde4ff300fa0493e08
09cde0a300289d3ff44f197d,Eredivisie,2024/2025,DEVELOPMENT,2024-12-15,11:15,MATCH_KICKOFF_TIME_TIMEZONE_NOT_STATED_BY_SOURCE,,NOT_VERIFIED_DO_NOT_INFER,Utrecht,Go Ahead Eagles,3,3,D,EVALUATION_ONLY_JOIN_AFTER_PREMATCH_FEATURE_FREEZE,2.06,3.43,3.58,EXTERNAL_HISTORICAL_MARKET_BENCHMARK,NOT_AVAILABLE,NOT_GOLDBET,30c62b81c7711af58006d6706508028f8a721506b01e9facdbaf0db2d9cbdce1
34f5a58d733f04a35aaac53f,Eredivisie,2024/2025,DEVELOPMENT,2024-12-15,13:30,MATCH_KICKOFF_TIME_TIMEZONE_NOT_STATED_BY_SOURCE,,NOT_VERIFIED_DO_NOT_INFER,Nijmegen,Sparta Rotterdam,1,1,D,EVALUATION_ONLY_JOIN_AFTER_PREMATCH_FEATURE_FREEZE,2.15,3.36,3.42,EXTERNAL_HISTORICAL_MARKET_BENCHMARK,NOT_AVAILABLE,NOT_GOLDBET,41d3cfbc02873dac6bac3e151fcc06f8b8fc8189ef49c3d8ca76d6247806ce82
717f0888b088a46a164f0230,Eredivisie,2024/2025,DEVELOPMENT,2024-12-15,13:30,MATCH_KICKOFF_TIME_TIMEZONE_NOT_STATED_BY_SOURCE,,NOT_VERIFIED_DO_NOT_INFER,Twente,Groningen,2,0,H,EVALUATION_ONLY_JOIN_AFTER_PREMATCH_FEATURE_FREEZE,1.34,5.03,9.15,EXTERNAL_HISTORICAL_MARKET_BENCHMARK,NOT_AVAILABLE,NOT_GOLDBET,c82968d90722da48abb6ce62c33edfe9057e8daf26c84c8cf42a98888948346e
6f2b0ab1b92879b4581e2cf5,Eredivisie,2024/2025,DEVELOPMENT,2024-12-15,15:45,MATCH_KICKOFF_TIME_TIMEZONE_NOT_STATED_BY_SOURCE,,NOT_VERIFIED_DO_NOT_INFER,Ajax,Almere City,3,0,H,EVALUATION_ONLY_JOIN_AFTER_PREMATCH_FEATURE_FREEZE,1.16,7.92,15.13,EXTERNAL_HISTORICAL_MARKET_BENCHMARK,NOT_AVAILABLE,NOT_GOLDBET,5259aad507e5e4a21241d7217db8fddfc8a7c2cb5701e7b737c8605d83ffd0b0
7ea7dd8e27dce972719000e3,Eredivisie,2024/2025,DEVELOPMENT,2024-12-15,19:00,MATCH_KICKOFF_TIME_TIMEZONE_NOT_STATED_BY_SOURCE,,NOT_VERIFIED_DO_NOT_INFER,NAC Breda,AZ Alkmaar,1,2,A,EVALUATION_ONLY_JOIN_AFTER_PREMATCH_FEATURE_FREEZE,3.54,3.45,2.07,EXTERNAL_HISTORICAL_MARKET_BENCHMARK,NOT_AVAILABLE,NOT_GOLDBET,7cc5e5881e7aa79278817db537a53cf0bea484cd5a577c585cae7746a23a6660
e2edffb0b6c3cd375e2cc89b,Eredivisie,2024/2025,DEVELOPMENT,2024-12-20,19:00,MATCH_KICKOFF_TIME_TIMEZONE_NOT_STATED_BY_SOURCE,,NOT_VERIFIED_DO_NOT_INFER,Waalwijk,Zwolle,1,1,D,EVALUATION_ONLY_JOIN_AFTER_PREMATCH_FEATURE_FREEZE,2.7,3.52,2.47,EXTERNAL_HISTORICAL_MARKET_BENCHMARK,NOT_AVAILABLE,NOT_GOLDBET,0497b99a91e72fee0264a6f621b833e91a9e996cdcd83d00c91f7b4633bd2c7a
d760640bd9e59e92b5e09764,Eredivisie,2024/2025,DEVELOPMENT,2024-12-21,15:30,MATCH_KICKOFF_TIME_TIMEZONE_NOT_STATED_BY_SOURCE,,NOT_VERIFIED_DO_NOT_INFER,Go Ahead Eagles,NAC Breda,2,1,H,EVALUATION_ONLY_JOIN_AFTER_PREMATCH_FEATURE_FREEZE,1.52,4.35,5.89,EXTERNAL_HISTORICAL_MARKET_BENCHMARK,NOT_AVAILABLE,NOT_GOLDBET,6cd3b90b726f126fee3234c4336753822182919fd5010e634d76604b9c71a5c2
8b8960b3fd5624ded6d42f91,Eredivisie,2024/2025,DEVELOPMENT,2024-12-21,17:45,MATCH_KICKOFF_TIME_TIMEZONE_NOT_STATED_BY_SOURCE,,NOT_VERIFIED_DO_NOT_INFER,Almere City,Heerenveen,3,0,H,EVALUATION_ONLY_JOIN_AFTER_PREMATCH_FEATURE_FREEZE,2.91,3.28,2.46,EXTERNAL_HISTORICAL_MARKET_BENCHMARK,NOT_AVAILABLE,NOT_GOLDBET,f8cb453bb38eb9d87ce160515dc3a666e94b7d082df479793ba2a695e0c5a96e
820b94f7dc6ded7bb588f057,Eredivisie,2024/2025,DEVELOPMENT,2024-12-21,19:00,MATCH_KICKOFF_TIME_TIMEZONE_NOT_STATED_BY_SOURCE,,NOT_VERIFIED_DO_NOT_INFER,AZ Alkmaar,Twente,1,0,H,EVALUATION_ONLY_JOIN_AFTER_PREMATCH_FEATURE_FREEZE,2.07,3.3,3.68,EXTERNAL_HISTORICAL_MARKET_BENCHMARK,NOT_AVAILABLE,NOT_GOLDBET,6cea7017f637b9de6a1e78f52b90ba343e2681afe2ca9078e44099403e6d27f2
d3e0b694da599828c5d55a87,Eredivisie,2024/2025,DEVELOPMENT,2024-12-22,11:15,MATCH_KICKOFF_TIME_TIMEZONE_NOT_STATED_BY_SOURCE,,NOT_VERIFIED_DO_NOT_INFER,Sparta Rotterdam,Ajax,0,2,A,EVALUATION_ONLY_JOIN_AFTER_PREMATCH_FEATURE_FREEZE,4.45,3.9,1.74,EXTERNAL_HISTORICAL_MARKET_BENCHMARK,NOT_AVAILABLE,NOT_GOLDBET,beec1f880ad0280e5748a4f399a06a81edd84d71da849175d71309c09a806907
adfb4b19acb655d63df578c7,Eredivisie,2024/2025,DEVELOPMENT,2024-12-22,13:30,MATCH_KICKOFF_TIME_TIMEZONE_NOT_STATED_BY_SOURCE,,NOT_VERIFIED_DO_NOT_INFER,PSV Eindhoven,Feyenoord,3,0,H,EVALUATION_ONLY_JOIN_AFTER_PREMATCH_FEATURE_FREEZE,1.62,4.35,4.79,EXTERNAL_HISTORICAL_MARKET_BENCHMARK,NOT_AVAILABLE,NOT_GOLDBET,a72d36e881303bc60f41f58ccae207e3dac0998eba4af6fc6b22009be62f4362
065048b710015caa1ffc6a90,Eredivisie,2024/2025,DEVELOPMENT,2024-12-22,13:30,MATCH_KICKOFF_TIME_TIMEZONE_NOT_STATED_BY_SOURCE,,NOT_VERIFIED_DO_NOT_INFER,Utrecht,For Sittard,2,5,A,EVALUATION_ONLY_JOIN_AFTER_PREMATCH_FEATURE_FREEZE,1.51,4.16,6.57,EXTERNAL_HISTORICAL_MARKET_BENCHMARK,NOT_AVAILABLE,NOT_GOLDBET,e2dd54f53eee74f32123e42c0bdc8ffb7c05e1dd325801ffe80ebe176ec0c17c
435d463843c0088af1dfa4fb,Eredivisie,2024/2025,DEVELOPMENT,2024-12-22,15:45,MATCH_KICKOFF_TIME_TIMEZONE_NOT_STATED_BY_SOURCE,,NOT_VERIFIED_DO_NOT_INFER,Willem II,Nijmegen,4,1,H,EVALUATION_ONLY_JOIN_AFTER_PREMATCH_FEATURE_FREEZE,3.45,3.28,2.17,EXTERNAL_HISTORICAL_MARKET_BENCHMARK,NOT_AVAILABLE,NOT_GOLDBET,70f7e0ccc18cedd594b4225e437112b3d12bdfbea5d782e514455482f7b98876
5da574554e2daece8b5260ef,Eredivisie,2024/2025,DEVELOPMENT,2025-01-10,19:00,MATCH_KICKOFF_TIME_TIMEZONE_NOT_STATED_BY_SOURCE,,NOT_VERIFIED_DO_NOT_INFER,For Sittard,Go Ahead Eagles,0,3,A,EVALUATION_ONLY_JOIN_AFTER_PREMATCH_FEATURE_FREEZE,2.96,3.36,2.38,EXTERNAL_HISTORICAL_MARKET_BENCHMARK,NOT_AVAILABLE,NOT_GOLDBET,5dcfae95272f043218420d59d6447fb7061a15621d3eb9de651630264b09195c
d4ebcbd24a061a7e6c9ebe45,Eredivisie,2024/2025,DEVELOPMENT,2025-01-11,15:30,MATCH_KICKOFF_TIME_TIMEZONE_NOT_STATED_BY_SOURCE,,NOT_VERIFIED_DO_NOT_INFER,Heracles,Sparta Rotterdam,1,1,D,EVALUATION_ONLY_JOIN_AFTER_PREMATCH_FEATURE_FREEZE,3.39,3.25,2.19,EXTERNAL_HISTORICAL_MARKET_BENCHMARK,NOT_AVAILABLE,NOT_GOLDBET,cdcfd59749c823a16f3d7a08aafc5c90549070b38252aad514393355df4762b7
89c500cc06722a0dc2fa8989,Eredivisie,2024/2025,DEVELOPMENT,2025-01-11,17:45,MATCH_KICKOFF_TIME_TIMEZONE_NOT_STATED_BY_SOURCE,,NOT_VERIFIED_DO_NOT_INFER,Ajax,Waalwijk,2,1,H,EVALUATION_ONLY_JOIN_AFTER_PREMATCH_FEATURE_FREEZE,1.11,9.87,18.72,EXTERNAL_HISTORICAL_MARKET_BENCHMARK,NOT_AVAILABLE,NOT_GOLDBET,23f0ce337f9d104e439f8c60b489e5648d57296db74b16ff6be79e0655e7e715
46e8941c2e05599c21fcf780,Eredivisie,2024/2025,DEVELOPMENT,2025-01-11,19:00,MATCH_KICKOFF_TIME_TIMEZONE_NOT_STATED_BY_SOURCE,,NOT_VERIFIED_DO_NOT_INFER,Zwolle,Nijmegen,0,1,A,EVALUATION_ONLY_JOIN_AFTER_PREMATCH_FEATURE_FREEZE,2.96,3.32,2.39,EXTERNAL_HISTORICAL_MARKET_BENCHMARK,NOT_AVAILABLE,NOT_GOLDBET,55e120ed8d13234b80adbe46cea28d45d9b3e88693918f04254a8f99efd6054c
fb2db3caed64a4aa830cbefe,Eredivisie,2024/2025,DEVELOPMENT,2025-01-11,20:00,MATCH_KICKOFF_TIME_TIMEZONE_NOT_STATED_BY_SOURCE,,NOT_VERIFIED_DO_NOT_INFER,PSV Eindhoven,AZ Alkmaar,2,2,D,EVALUATION_ONLY_JOIN_AFTER_PREMATCH_FEATURE_FREEZE,1.4,5.03,6.94,EXTERNAL_HISTORICAL_MARKET_BENCHMARK,NOT_AVAILABLE,NOT_GOLDBET,aa137f01565f0a74a379781f9fb97a1bdac1c441c9761050d9662baf6aad3c5e
1b8bcbea171b6cefc9fd155a,Eredivisie,2024/2025,DEVELOPMENT,2025-01-12,11:15,MATCH_KICKOFF_TIME_TIMEZONE_NOT_STATED_BY_SOURCE,,NOT_VERIFIED_DO_NOT_INFER,Twente,Willem II,6,2,H,EVALUATION_ONLY_JOIN_AFTER_PREMATCH_FEATURE_FREEZE,1.31,5.04,10.37,EXTERNAL_HISTORICAL_MARKET_BENCHMARK,NOT_AVAILABLE,NOT_GOLDBET,7a9fed22aba23fac3f1058a7b9a76241e8a08c01121652a599c67a27e5a973f3
504fff17e0571d8fc860f6c3,Eredivisie,2024/2025,DEVELOPMENT,2025-01-12,13:30,MATCH_KICKOFF_TIME_TIMEZONE_NOT_STATED_BY_SOURCE,,NOT_VERIFIED_DO_NOT_INFER,Feyenoord,Utrecht,1,2,A,EVALUATION_ONLY_JOIN_AFTER_PREMATCH_FEATURE_FREEZE,1.37,5.11,7.73,EXTERNAL_HISTORICAL_MARKET_BENCHMARK,NOT_AVAILABLE,NOT_GOLDBET,5a90378dadd578650f4837b6991772653c13da002b38350e2b493501a4ee6955
01e1853e60b43505a0fc91d5,Eredivisie,2024/2025,DEVELOPMENT,2025-01-12,13:30,MATCH_KICKOFF_TIME_TIMEZONE_NOT_STATED_BY_SOURCE,,NOT_VERIFIED_DO_NOT_INFER,Groningen,Almere City,0,0,D,EVALUATION_ONLY_JOIN_AFTER_PREMATCH_FEATURE_FREEZE,1.91,3.35,4.19,EXTERNAL_HISTORICAL_MARKET_BENCHMARK,NOT_AVAILABLE,NOT_GOLDBET,15bf1863b053a55231d713acaf0f6242bbfd0119857a67b3abfdf43129a14563
4e20b436ac0fe30288405324,Eredivisie,2024/2025,DEVELOPMENT,2025-01-12,15:45,MATCH_KICKOFF_TIME_TIMEZONE_NOT_STATED_BY_SOURCE,,NOT_VERIFIED_DO_NOT_INFER,NAC Breda,Heerenveen,2,4,A,EVALUATION_ONLY_JOIN_AFTER_PREMATCH_FEATURE_FREEZE,2.2,3.28,3.39,EXTERNAL_HISTORICAL_MARKET_BENCHMARK,NOT_AVAILABLE,NOT_GOLDBET,81a5582f9207ce48cad62e33197febf24cf22f5661ca489cd9756544dbb811c4
6f579b90d4a8076ee5f1648c,Eredivisie,2024/2025,DEVELOPMENT,2025-01-18,15:30,MATCH_KICKOFF_TIME_TIMEZONE_NOT_STATED_BY_SOURCE,,NOT_VERIFIED_DO_NOT_INFER,Zwolle,PSV Eindhoven,3,1,H,EVALUATION_ONLY_JOIN_AFTER_PREMATCH_FEATURE_FREEZE,11.02,6.78,1.22,EXTERNAL_HISTORICAL_MARKET_BENCHMARK,NOT_AVAILABLE,NOT_GOLDBET,58cae11365108e5986e10a748e4abd796592f48a11461243383facf88730e55d
9a4c68e544e5e27bcd4f6b23,Eredivisie,2024/2025,DEVELOPMENT,2025-01-18,17:45,MATCH_KICKOFF_TIME_TIMEZONE_NOT_STATED_BY_SOURCE,,NOT_VERIFIED_DO_NOT_INFER,Utrecht,AZ Alkmaar,0,0,D,EVALUATION_ONLY_JOIN_AFTER_PREMATCH_FEATURE_FREEZE,2.67,3.34,2.62,EXTERNAL_HISTORICAL_MARKET_BENCHMARK,NOT_AVAILABLE,NOT_GOLDBET,8bea79584a43f6c35808c3799b92cb9d6ab6dfd16cd19bcc4c1318ff9139f414
f15e1c5d16e53f96f2c02c89,Eredivisie,2024/2025,DEVELOPMENT,2025-01-18,19:00,MATCH_KICKOFF_TIME_TIMEZONE_NOT_STATED_BY_SOURCE,,NOT_VERIFIED_DO_NOT_INFER,Willem II,Feyenoord,1,1,D,EVALUATION_ONLY_JOIN_AFTER_PREMATCH_FEATURE_FREEZE,7.62,4.8,1.4,EXTERNAL_HISTORICAL_MARKET_BENCHMARK,NOT_AVAILABLE,NOT_GOLDBET,65fc664c84820eb2c65bf5c623b38f690844172af90a986473c811fe677a365f
606990d44cd59c9ebdcb28b6,Eredivisie,2024/2025,DEVELOPMENT,2025-01-18,20:00,MATCH_KICKOFF_TIME_TIMEZONE_NOT_STATED_BY_SOURCE,,NOT_VERIFIED_DO_NOT_INFER,Go Ahead Eagles,Groningen,2,1,H,EVALUATION_ONLY_JOIN_AFTER_PREMATCH_FEATURE_FREEZE,1.52,4.31,5.96,EXTERNAL_HISTORICAL_MARKET_BENCHMARK,NOT_AVAILABLE,NOT_GOLDBET,853e908eaaa3b5bc2b9b8d4af6247c0fa8df6025e34d039ce5e939f873ccbb49
ed80f5d9f8b72d47fb87290f,Eredivisie,2024/2025,DEVELOPMENT,2025-01-19,11:15,MATCH_KICKOFF_TIME_TIMEZONE_NOT_STATED_BY_SOURCE,,NOT_VERIFIED_DO_NOT_INFER,NAC Breda,Twente,2,1,H,EVALUATION_ONLY_JOIN_AFTER_PREMATCH_FEATURE_FREEZE,4.66,3.73,1.74,EXTERNAL_HISTORICAL_MARKET_BENCHMARK,NOT_AVAILABLE,NOT_GOLDBET,d7ef50ff6861a58b3dfc2e7ed384a64da47060aad75b98c80bf5cab40851bac4
11f43ddcb788e8b9f2e57248,Eredivisie,2024/2025,DEVELOPMENT,2025-01-19,13:30,MATCH_KICKOFF_TIME_TIMEZONE_NOT_STATED_BY_SOURCE,,NOT_VERIFIED_DO_NOT_INFER,Almere City,Heracles,0,2,A,EVALUATION_ONLY_JOIN_AFTER_PREMATCH_FEATURE_FREEZE,2.23,3.2,3.4,EXTERNAL_HISTORICAL_MARKET_BENCHMARK,NOT_AVAILABLE,NOT_GOLDBET,6d4232084b8e17d4c55f2539bdf6755911ff8fb57ea9e576cb0e823085793d9d
9d54d846c11de4a3463b6efc,Eredivisie,2024/2025,DEVELOPMENT,2025-01-19,13:30,MATCH_KICKOFF_TIME_TIMEZONE_NOT_STATED_BY_SOURCE,,NOT_VERIFIED_DO_NOT_INFER,Heerenveen,Ajax,0,2,A,EVALUATION_ONLY_JOIN_AFTER_PREMATCH_FEATURE_FREEZE,5.35,4.11,1.6,EXTERNAL_HISTORICAL_MARKET_BENCHMARK,NOT_AVAILABLE,NOT_GOLDBET,7a741f23db8b481457397e599c40af773038cbaa144d542e808dc6f168c32726
17633f0502704ed06500dea9,Eredivisie,2024/2025,DEVELOPMENT,2025-01-19,15:45,MATCH_KICKOFF_TIME_TIMEZONE_NOT_STATED_BY_SOURCE,,NOT_VERIFIED_DO_NOT_INFER,Nijmegen,For Sittard,4,1,H,EVALUATION_ONLY_JOIN_AFTER_PREMATCH_FEATURE_FREEZE,1.67,3.93,4.91,EXTERNAL_HISTORICAL_MARKET_BENCHMARK,NOT_AVAILABLE,NOT_GOLDBET,8547f68ae9e03c5ee882db7bac94c8bac588412e5c7a82388203eab09b2881c4
5754d9c9ee1a0ddaed27181b,Eredivisie,2024/2025,DEVELOPMENT,2025-01-19,19:00,MATCH_KICKOFF_TIME_TIMEZONE_NOT_STATED_BY_SOURCE,,NOT_VERIFIED_DO_NOT_INFER,Sparta Rotterdam,Waalwijk,1,1,D,EVALUATION_ONLY_JOIN_AFTER_PREMATCH_FEATURE_FREEZE,1.46,4.45,6.88,EXTERNAL_HISTORICAL_MARKET_BENCHMARK,NOT_AVAILABLE,NOT_GOLDBET,8bb13e74bf748691e77e66b232bd04d0ada28f05eb601394245dea55eddf2c7c
832196225ae65d26d1e9bcc0,Eredivisie,2024/2025,DEVELOPMENT,2025-01-24,19:00,MATCH_KICKOFF_TIME_TIMEZONE_NOT_STATED_BY_SOURCE,,NOT_VERIFIED_DO_NOT_INFER,Heracles,Utrecht,1,1,D,EVALUATION_ONLY_JOIN_AFTER_PREMATCH_FEATURE_FREEZE,4.17,3.71,1.83,EXTERNAL_HISTORICAL_MARKET_BENCHMARK,NOT_AVAILABLE,NOT_GOLDBET,caee2c89163a56db138b002e425f28e9ff1d85cddf9122fd4d103a10517d074c
5474842463dfe80e5cb7422f,Eredivisie,2024/2025,DEVELOPMENT,2025-01-25,17:45,MATCH_KICKOFF_TIME_TIMEZONE_NOT_STATED_BY_SOURCE,,NOT_VERIFIED_DO_NOT_INFER,PSV Eindhoven,NAC Breda,3,2,H,EVALUATION_ONLY_JOIN_AFTER_PREMATCH_FEATURE_FREEZE,1.12,9.79,17.53,EXTERNAL_HISTORICAL_MARKET_BENCHMARK,NOT_AVAILABLE,NOT_GOLDBET,9ed79c170ffc6abab4b55c4b36a25dd8d6eeefb01e8639f6d1712187c55c77ed
e2e42b7af432e4ebf3afedfa,Eredivisie,2024/2025,DEVELOPMENT,2025-01-25,20:00,MATCH_KICKOFF_TIME_TIMEZONE_NOT_STATED_BY_SOURCE,,NOT_VERIFIED_DO_NOT_INFER,Groningen,Heerenveen,1,0,H,EVALUATION_ONLY_JOIN_AFTER_PREMATCH_FEATURE_FREEZE,2.29,3.1,3.38,EXTERNAL_HISTORICAL_MARKET_BENCHMARK,NOT_AVAILABLE,NOT_GOLDBET,9ccef8451ba1a7595c6fb75c327b28d6752a52f71c8f5abc0c3b20dc83b08741
8ad7764b1d98414cecc57098,Eredivisie,2024/2025,DEVELOPMENT,2025-01-26,11:15,MATCH_KICKOFF_TIME_TIMEZONE_NOT_STATED_BY_SOURCE,,NOT_VERIFIED_DO_NOT_INFER,For Sittard,Zwolle,1,4,A,EVALUATION_ONLY_JOIN_AFTER_PREMATCH_FEATURE_FREEZE,2.14,3.5,3.32,EXTERNAL_HISTORICAL_MARKET_BENCHMARK,NOT_AVAILABLE,NOT_GOLDBET,e6d9dd52c9805ac93d184a4786aef8a6fbd6877b88974f90a39c78910d7faa0f
50effc3e966ec34b42f395b6,Eredivisie,2024/2025,DEVELOPMENT,2025-01-26,13:30,MATCH_KICKOFF_TIME_TIMEZONE_NOT_STATED_BY_SOURCE,,NOT_VERIFIED_DO_NOT_INFER,Waalwijk,Willem II,2,0,H,EVALUATION_ONLY_JOIN_AFTER_PREMATCH_FEATURE_FREEZE,2.33,3.4,2.99,EXTERNAL_HISTORICAL_MARKET_BENCHMARK,NOT_AVAILABLE,NOT_GOLDBET,58c24456dbab4a14bc365ab1490cc190d6012dc34cbcf4ad54a76e22610ca5d5
77feffbb3f417f8357d22691,Eredivisie,2024/2025,DEVELOPMENT,2025-01-26,15:45,MATCH_KICKOFF_TIME_TIMEZONE_NOT_STATED_BY_SOURCE,,NOT_VERIFIED_DO_NOT_INFER,AZ Alkmaar,Sparta Rotterdam,1,2,A,EVALUATION_ONLY_JOIN_AFTER_PREMATCH_FEATURE_FREEZE,1.52,4.12,6.37,EXTERNAL_HISTORICAL_MARKET_BENCHMARK,NOT_AVAILABLE,NOT_GOLDBET,506fc1729284441d77c562b1e45c1cdc069899c0cd23c8eaf460eabf191047c0
1d3a78ee922e262cf5e485ff,Eredivisie,2024/2025,DEVELOPMENT,2025-01-28,20:00,MATCH_KICKOFF_TIME_TIMEZONE_NOT_STATED_BY_SOURCE,,NOT_VERIFIED_DO_NOT_INFER,Heracles,Groningen,1,1,D,EVALUATION_ONLY_JOIN_AFTER_PREMATCH_FEATURE_FREEZE,2.3,3.29,3.13,EXTERNAL_HISTORICAL_MARKET_BENCHMARK,NOT_AVAILABLE,NOT_GOLDBET,30920faf9f3b0f10a920695d3489e53556fb3c571ac71c3a0239ef6e088bf055
672ddee119e4ddef802b718b,Eredivisie,2024/2025,DEVELOPMENT,2025-01-31,19:00,MATCH_KICKOFF_TIME_TIMEZONE_NOT_STATED_BY_SOURCE,,NOT_VERIFIED_DO_NOT_INFER,NAC Breda,Heracles,1,1,D,EVALUATION_ONLY_JOIN_AFTER_PREMATCH_FEATURE_FREEZE,1.78,3.6,4.6,EXTERNAL_HISTORICAL_MARKET_BENCHMARK,NOT_AVAILABLE,NOT_GOLDBET,342aeffa9f34d1e7611c3b0bffae05f919c36fc88115701e0de6bdfca53458c3
ce4ff79fa472c284fddedeaf,Eredivisie,2024/2025,DEVELOPMENT,2025-02-01,17:45,MATCH_KICKOFF_TIME_TIMEZONE_NOT_STATED_BY_SOURCE,,NOT_VERIFIED_DO_NOT_INFER,Zwolle,Utrecht,3,3,D,EVALUATION_ONLY_JOIN_AFTER_PREMATCH_FEATURE_FREEZE,2.99,3.47,2.31,EXTERNAL_HISTORICAL_MARKET_BENCHMARK,NOT_AVAILABLE,NOT_GOLDBET,869d52bb587c4ef3bcbfe30f7dbe3cf9f413aeca08af730772e43199ff03bdc7
961d26f640557f3ce9762815,Eredivisie,2024/2025,DEVELOPMENT,2025-02-01,19:00,MATCH_KICKOFF_TIME_TIMEZONE_NOT_STATED_BY_SOURCE,,NOT_VERIFIED_DO_NOT_INFER,Heerenveen,For Sittard,2,2,D,EVALUATION_ONLY_JOIN_AFTER_PREMATCH_FEATURE_FREEZE,1.75,3.79,4.51,EXTERNAL_HISTORICAL_MARKET_BENCHMARK,NOT_AVAILABLE,NOT_GOLDBET,a84f969a692271645a131040e586b9f523e44d8e24466d1abdf8e24fc41ed2d9
e06c62d2b01f2c6454b0e9ee,Eredivisie,2024/2025,DEVELOPMENT,2025-02-01,20:00,MATCH_KICKOFF_TIME_TIMEZONE_NOT_STATED_BY_SOURCE,,NOT_VERIFIED_DO_NOT_INFER,Nijmegen,PSV Eindhoven,3,3,D,EVALUATION_ONLY_JOIN_AFTER_PREMATCH_FEATURE_FREEZE,6.25,4.58,1.47,EXTERNAL_HISTORICAL_MARKET_BENCHMARK,NOT_AVAILABLE,NOT_GOLDBET,363fc61c6bbea3bef7b3371253dc34e0fb84a3c3e1e562debb767cacd3f64064
7f382ca9111051a4620ca91d,Eredivisie,2024/2025,DEVELOPMENT,2025-02-02,11:15,MATCH_KICKOFF_TIME_TIMEZONE_NOT_STATED_BY_SOURCE,,NOT_VERIFIED_DO_NOT_INFER,Almere City,Waalwijk,1,4,A,EVALUATION_ONLY_JOIN_AFTER_PREMATCH_FEATURE_FREEZE,2.26,3.38,3.18,EXTERNAL_HISTORICAL_MARKET_BENCHMARK,NOT_AVAILABLE,NOT_GOLDBET,6a37b717f20f3488184c70ca7d8f987e3659b6b9eb4f8ce4511919a12cb87d84
eabfeb0153ec21702763410b,Eredivisie,2024/2025,DEVELOPMENT,2025-02-02,13:30,MATCH_KICKOFF_TIME_TIMEZONE_NOT_STATED_BY_SOURCE,,NOT_VERIFIED_DO_NOT_INFER,Ajax,Feyenoord,2,1,H,EVALUATION_ONLY_JOIN_AFTER_PREMATCH_FEATURE_FREEZE,2.11,3.53,3.41,EXTERNAL_HISTORICAL_MARKET_BENCHMARK,NOT_AVAILABLE,NOT_GOLDBET,421e24799f7abea7c2dea50b7d7582326156925d9353ae17662ea7856020f788
19fb3a04e4595e6541b66087,Eredivisie,2024/2025,DEVELOPMENT,2025-02-02,13:30,MATCH_KICKOFF_TIME_TIMEZONE_NOT_STATED_BY_SOURCE,,NOT_VERIFIED_DO_NOT_INFER,Go Ahead Eagles,Twente,2,2,D,EVALUATION_ONLY_JOIN_AFTER_PREMATCH_FEATURE_FREEZE,2.63,3.64,2.51,EXTERNAL_HISTORICAL_MARKET_BENCHMARK,NOT_AVAILABLE,NOT_GOLDBET,3bf483c3f155429bd99ea0650430f7047cf399324f1dfeb45e7fb71ae6b808e6
2ab185958e2b5fb25d861fb3,Eredivisie,2024/2025,DEVELOPMENT,2025-02-02,15:45,MATCH_KICKOFF_TIME_TIMEZONE_NOT_STATED_BY_SOURCE,,NOT_VERIFIED_DO_NOT_INFER,Sparta Rotterdam,Groningen,1,0,H,EVALUATION_ONLY_JOIN_AFTER_PREMATCH_FEATURE_FREEZE,1.77,3.57,4.74,EXTERNAL_HISTORICAL_MARKET_BENCHMARK,NOT_AVAILABLE,NOT_GOLDBET,5e59d9105a217e2bd6b4b029e997d4068a327ea9279ee54dec3bcc76a2d90430
5d07e5e0c83f65f1ae7a0208,Eredivisie,2024/2025,DEVELOPMENT,2025-02-02,19:00,MATCH_KICKOFF_TIME_TIMEZONE_NOT_STATED_BY_SOURCE,,NOT_VERIFIED_DO_NOT_INFER,Willem II,AZ Alkmaar,0,2,A,EVALUATION_ONLY_JOIN_AFTER_PREMATCH_FEATURE_FREEZE,5.81,3.63,1.65,EXTERNAL_HISTORICAL_MARKET_BENCHMARK,NOT_AVAILABLE,NOT_GOLDBET,bd1d7c4b58aac435c739c8e34318a12d639cffdfc305f8b58e97e6d8d958842d
1c7b5c474f96bcde4cb41019,Eredivisie,2024/2025,DEVELOPMENT,2025-02-08,15:30,MATCH_KICKOFF_TIME_TIMEZONE_NOT_STATED_BY_SOURCE,,NOT_VERIFIED_DO_NOT_INFER,Heracles,Go Ahead Eagles,4,2,H,EVALUATION_ONLY_JOIN_AFTER_PREMATCH_FEATURE_FREEZE,2.89,3.48,2.4,EXTERNAL_HISTORICAL_MARKET_BENCHMARK,NOT_AVAILABLE,NOT_GOLDBET,6c8ceb84663987ae5a17911fed882e6ae21c0295a33a7c076a976f5b4b6657d2
1a245526b9f7ef6f7870ba96,Eredivisie,2024/2025,DEVELOPMENT,2025-02-08,17:45,MATCH_KICKOFF_TIME_TIMEZONE_NOT_STATED_BY_SOURCE,,NOT_VERIFIED_DO_NOT_INFER,PSV Eindhoven,Willem II,1,1,D,EVALUATION_ONLY_JOIN_AFTER_PREMATCH_FEATURE_FREEZE,1.14,8.9,16.72,EXTERNAL_HISTORICAL_MARKET_BENCHMARK,NOT_AVAILABLE,NOT_GOLDBET,5008aa7bdfd0ff6a9d75940ab48a2712ad674171665d5ed16a0f8f4bff640b46
4b7fcbeaf3b7664b4a0dd7a5,Eredivisie,2024/2025,DEVELOPMENT,2025-02-08,19:00,MATCH_KICKOFF_TIME_TIMEZONE_NOT_STATED_BY_SOURCE,,NOT_VERIFIED_DO_NOT_INFER,Groningen,Nijmegen,2,1,H,EVALUATION_ONLY_JOIN_AFTER_PREMATCH_FEATURE_FREEZE,2.9,3.04,2.65,EXTERNAL_HISTORICAL_MARKET_BENCHMARK,NOT_AVAILABLE,NOT_GOLDBET,b353e92dbfefacd938068b5b739f78e5dbfdf49dde89fc145a4f29652d85b61d
fd5b32145c2bd00f3b0e3e19,Eredivisie,2024/2025,DEVELOPMENT,2025-02-08,20:00,MATCH_KICKOFF_TIME_TIMEZONE_NOT_STATED_BY_SOURCE,,NOT_VERIFIED_DO_NOT_INFER,Feyenoord,Sparta Rotterdam,3,0,H,EVALUATION_ONLY_JOIN_AFTER_PREMATCH_FEATURE_FREEZE,1.45,4.6,6.84,EXTERNAL_HISTORICAL_MARKET_BENCHMARK,NOT_AVAILABLE,NOT_GOLDBET,bd44d81b82af166704e9b9433aeea8ab34e915ccea0a8653d726129df95a3938
c22d70ab6890f1729e530f99,Eredivisie,2024/2025,DEVELOPMENT,2025-02-09,11:15,MATCH_KICKOFF_TIME_TIMEZONE_NOT_STATED_BY_SOURCE,,NOT_VERIFIED_DO_NOT_INFER,Utrecht,Almere City,0,1,A,EVALUATION_ONLY_JOIN_AFTER_PREMATCH_FEATURE_FREEZE,1.4,4.88,7.54,EXTERNAL_HISTORICAL_MARKET_BENCHMARK,NOT_AVAILABLE,NOT_GOLDBET,75340edeb15b576e5c98a1fadd94af28cfc0d59eee2d80c623a754547b18e682
437e397c538fde8a4a97865a,Eredivisie,2024/2025,DEVELOPMENT,2025-02-09,13:30,MATCH_KICKOFF_TIME_TIMEZONE_NOT_STATED_BY_SOURCE,,NOT_VERIFIED_DO_NOT_INFER,For Sittard,Ajax,0,2,A,EVALUATION_ONLY_JOIN_AFTER_PREMATCH_FEATURE_FREEZE,6.53,4.7,1.46,EXTERNAL_HISTORICAL_MARKET_BENCHMARK,NOT_AVAILABLE,NOT_GOLDBET,b3d1aff60fc04ac3b3d772900f1ed19138195c5ab0c886fa97a15728408f9b1a
b0c5f4fe45e7e60486c7596f,Eredivisie,2024/2025,DEVELOPMENT,2025-02-09,13:30,MATCH_KICKOFF_TIME_TIMEZONE_NOT_STATED_BY_SOURCE,,NOT_VERIFIED_DO_NOT_INFER,Waalwijk,NAC Breda,5,0,H,EVALUATION_ONLY_JOIN_AFTER_PREMATCH_FEATURE_FREEZE,2.27,3.63,2.98,EXTERNAL_HISTORICAL_MARKET_BENCHMARK,NOT_AVAILABLE,NOT_GOLDBET,10980cc53f217a01c91727d99330bd72764fc8a835b673170bdb1f677cdd072a
1606d2d87d15f7a7bb4cd29b,Eredivisie,2024/2025,DEVELOPMENT,2025-02-09,15:45,MATCH_KICKOFF_TIME_TIMEZONE_NOT_STATED_BY_SOURCE,,NOT_VERIFIED_DO_NOT_INFER,AZ Alkmaar,Zwolle,2,0,H,EVALUATION_ONLY_JOIN_AFTER_PREMATCH_FEATURE_FREEZE,1.35,5.2,8.58,EXTERNAL_HISTORICAL_MARKET_BENCHMARK,NOT_AVAILABLE,NOT_GOLDBET,d399b6bc5d3447394023cf9451fa1c0ca9bcac04225f3f20bda9bf14ab257a1e
ecaf9708ab97a7faf8c9056e,Eredivisie,2024/2025,DEVELOPMENT,2025-02-09,15:45,MATCH_KICKOFF_TIME_TIMEZONE_NOT_STATED_BY_SOURCE,,NOT_VERIFIED_DO_NOT_INFER,Heerenveen,Twente,3,3,D,EVALUATION_ONLY_JOIN_AFTER_PREMATCH_FEATURE_FREEZE,3.5,3.69,2.02,EXTERNAL_HISTORICAL_MARKET_BENCHMARK,NOT_AVAILABLE,NOT_GOLDBET,666062707750181141e33dca113edba07a630bff0132355ae3a76740645c0034
b7151acdd411f0367969f1cc,Eredivisie,2024/2025,DEVELOPMENT,2025-02-14,19:00,MATCH_KICKOFF_TIME_TIMEZONE_NOT_STATED_BY_SOURCE,,NOT_VERIFIED_DO_NOT_INFER,Go Ahead Eagles,Sparta Rotterdam,1,0,H,EVALUATION_ONLY_JOIN_AFTER_PREMATCH_FEATURE_FREEZE,2.1,3.61,3.34,EXTERNAL_HISTORICAL_MARKET_BENCHMARK,NOT_AVAILABLE,NOT_GOLDBET,0e194b57a96357dc3da860cbc56fe6d949d2b7e0404f6416c580b650a8a03f01
000b24a0edf694753358b9ee,Eredivisie,2024/2025,DEVELOPMENT,2025-02-15,15:30,MATCH_KICKOFF_TIME_TIMEZONE_NOT_STATED_BY_SOURCE,,NOT_VERIFIED_DO_NOT_INFER,PSV Eindhoven,Utrecht,2,2,D,EVALUATION_ONLY_JOIN_AFTER_PREMATCH_FEATURE_FREEZE,1.33,5.65,7.91,EXTERNAL_HISTORICAL_MARKET_BENCHMARK,NOT_AVAILABLE,NOT_GOLDBET,841eda6d6b9cfc6131b2ee9d9c9ac44f74af5075f708427b06fce9324a62150e
c18d720c005f533d7cedea14,Eredivisie,2024/2025,DEVELOPMENT,2025-02-15,17:45,MATCH_KICKOFF_TIME_TIMEZONE_NOT_STATED_BY_SOURCE,,NOT_VERIFIED_DO_NOT_INFER,NAC Breda,Feyenoord,0,0,D,EVALUATION_ONLY_JOIN_AFTER_PREMATCH_FEATURE_FREEZE,5.37,4.39,1.57,EXTERNAL_HISTORICAL_MARKET_BENCHMARK,NOT_AVAILABLE,NOT_GOLDBET,c965eed5435fc334819e218bd631157a0ac9ec032cb3c61e5441add3a733ea78
0172a954fe3e189d875a3ddd,Eredivisie,2024/2025,DEVELOPMENT,2025-02-15,20:00,MATCH_KICKOFF_TIME_TIMEZONE_NOT_STATED_BY_SOURCE,,NOT_VERIFIED_DO_NOT_INFER,Willem II,Groningen,1,3,A,EVALUATION_ONLY_JOIN_AFTER_PREMATCH_FEATURE_FREEZE,2.75,2.87,2.96,EXTERNAL_HISTORICAL_MARKET_BENCHMARK,NOT_AVAILABLE,NOT_GOLDBET,be8283884fd4625bdf501e508f63a350aa6b20168ba58f9b44c9cc038942e372
feab8d66538fdbf2dd9d5fd3,Eredivisie,2024/2025,DEVELOPMENT,2025-02-16,11:15,MATCH_KICKOFF_TIME_TIMEZONE_NOT_STATED_BY_SOURCE,,NOT_VERIFIED_DO_NOT_INFER,Nijmegen,Almere City,2,2,D,EVALUATION_ONLY_JOIN_AFTER_PREMATCH_FEATURE_FREEZE,1.58,4.02,5.89,EXTERNAL_HISTORICAL_MARKET_BENCHMARK,NOT_AVAILABLE,NOT_GOLDBET,e118fe8d1869fdfece83c2ec9ab5b41ba47751e0d2c2845eebbb6560102a657e
3792e93902a950e71efb20f9,Eredivisie,2024/2025,DEVELOPMENT,2025-02-16,13:30,MATCH_KICKOFF_TIME_TIMEZONE_NOT_STATED_BY_SOURCE,,NOT_VERIFIED_DO_NOT_INFER,Twente,Waalwijk,2,0,H,EVALUATION_ONLY_JOIN_AFTER_PREMATCH_FEATURE_FREEZE,1.33,5.69,7.81,EXTERNAL_HISTORICAL_MARKET_BENCHMARK,NOT_AVAILABLE,NOT_GOLDBET,5e5058ae2480c287afa1c3f9e5efe7f7142413f16967885cb8ce1342de6816de
a42acfd430d13ea55452ff79,Eredivisie,2024/2025,DEVELOPMENT,2025-02-16,13:30,MATCH_KICKOFF_TIME_TIMEZONE_NOT_STATED_BY_SOURCE,,NOT_VERIFIED_DO_NOT_INFER,Zwolle,Heerenveen,1,1,D,EVALUATION_ONLY_JOIN_AFTER_PREMATCH_FEATURE_FREEZE,2.74,3.44,2.53,EXTERNAL_HISTORICAL_MARKET_BENCHMARK,NOT_AVAILABLE,NOT_GOLDBET,c01b5731be97377d0698a4b73c460a7711cff45e71b81daeb5194a7d6ed8b83f
76f4eb4c1d15118ace7e7509,Eredivisie,2024/2025,DEVELOPMENT,2025-02-16,15:45,MATCH_KICKOFF_TIME_TIMEZONE_NOT_STATED_BY_SOURCE,,NOT_VERIFIED_DO_NOT_INFER,Ajax,Heracles,4,0,H,EVALUATION_ONLY_JOIN_AFTER_PREMATCH_FEATURE_FREEZE,1.32,5.62,8.79,EXTERNAL_HISTORICAL_MARKET_BENCHMARK,NOT_AVAILABLE,NOT_GOLDBET,54ff476c49b9834cf4f7348bcd3344ea324059a0aeb980b35a109dec28c28d6b
92220f567662ed257f55d87e,Eredivisie,2024/2025,DEVELOPMENT,2025-02-22,19:00,MATCH_KICKOFF_TIME_TIMEZONE_NOT_STATED_BY_SOURCE,,NOT_VERIFIED_DO_NOT_INFER,Feyenoord,Almere City,2,1,H,EVALUATION_ONLY_JOIN_AFTER_PREMATCH_FEATURE_FREEZE,1.22,6.6,12.29,EXTERNAL_HISTORICAL_MARKET_BENCHMARK,NOT_AVAILABLE,NOT_GOLDBET,5be1b00c3af5c652c6c06eca79e0e1503fc685a3f5f8464281f794245c8f37c5
52b3343169105e3a1f0acd83,Eredivisie,2024/2025,DEVELOPMENT,2025-02-23,13:30,MATCH_KICKOFF_TIME_TIMEZONE_NOT_STATED_BY_SOURCE,,NOT_VERIFIED_DO_NOT_INFER,Ajax,Go Ahead Eagles,2,0,H,EVALUATION_ONLY_JOIN_AFTER_PREMATCH_FEATURE_FREEZE,1.47,4.71,6.37,EXTERNAL_HISTORICAL_MARKET_BENCHMARK,NOT_AVAILABLE,NOT_GOLDBET,81185a4ce16c2b5c596a089e9a18c042195314e80137250ba3c899f6e870f36b
099c83d8e66e4116e174e8ca,Eredivisie,2024/2025,DEVELOPMENT,2025-02-23,13:30,MATCH_KICKOFF_TIME_TIMEZONE_NOT_STATED_BY_SOURCE,,NOT_VERIFIED_DO_NOT_INFER,Twente,Nijmegen,2,0,H,EVALUATION_ONLY_JOIN_AFTER_PREMATCH_FEATURE_FREEZE,1.52,4.41,5.88,EXTERNAL_HISTORICAL_MARKET_BENCHMARK,NOT_AVAILABLE,NOT_GOLDBET,1189550df251eaa349f1b394dc1b8e3a98830d26d43d37c8b466c51863f109e9
c0cd6ef425b94dd15dd630f3,Eredivisie,2024/2025,DEVELOPMENT,2025-02-23,15:45,MATCH_KICKOFF_TIME_TIMEZONE_NOT_STATED_BY_SOURCE,,NOT_VERIFIED_DO_NOT_INFER,AZ Alkmaar,For Sittard,1,0,H,EVALUATION_ONLY_JOIN_AFTER_PREMATCH_FEATURE_FREEZE,1.28,5.55,11.08,EXTERNAL_HISTORICAL_MARKET_BENCHMARK,NOT_AVAILABLE,NOT_GOLDBET,aca2d60a5c26ac15ae502c4868a97bca60f4f4939de41a1772c32753851bd748
c395a915cee35a046b5b62b3,Eredivisie,2024/2025,DEVELOPMENT,2025-02-28,19:00,MATCH_KICKOFF_TIME_TIMEZONE_NOT_STATED_BY_SOURCE,,NOT_VERIFIED_DO_NOT_INFER,Waalwijk,For Sittard,1,2,A,EVALUATION_ONLY_JOIN_AFTER_PREMATCH_FEATURE_FREEZE,2.14,3.54,3.34,EXTERNAL_HISTORICAL_MARKET_BENCHMARK,NOT_AVAILABLE,NOT_GOLDBET,1fd041d8193d1bbd5988f0fe7c7b21d0c74a84184716c2df1b613ed7a9c8e19b
c29a4b6f376f1048c5166fed,Eredivisie,2024/2025,DEVELOPMENT,2025-03-01,15:30,MATCH_KICKOFF_TIME_TIMEZONE_NOT_STATED_BY_SOURCE,,NOT_VERIFIED_DO_NOT_INFER,Utrecht,NAC Breda,1,0,H,EVALUATION_ONLY_JOIN_AFTER_PREMATCH_FEATURE_FREEZE,1.57,4.21,5.72,EXTERNAL_HISTORICAL_MARKET_BENCHMARK,NOT_AVAILABLE,NOT_GOLDBET,f86d01f5a1144ff01c8936704fcbd76dd822e6ad37a738814ad9626d826e5545
d12d53ca4c9c4f9473bf5165,Eredivisie,2024/2025,DEVELOPMENT,2025-03-01,17:45,MATCH_KICKOFF_TIME_TIMEZONE_NOT_STATED_BY_SOURCE,,NOT_VERIFIED_DO_NOT_INFER,Go Ahead Eagles,PSV Eindhoven,3,2,H,EVALUATION_ONLY_JOIN_AFTER_PREMATCH_FEATURE_FREEZE,6.11,4.91,1.46,EXTERNAL_HISTORICAL_MARKET_BENCHMARK,NOT_AVAILABLE,NOT_GOLDBET,7d88dc95b848f384fca8dc5c137348ed82f8b0ff14387191276efefa55f6fa16
77de2bede087b5836b87c882,Eredivisie,2024/2025,DEVELOPMENT,2025-03-01,19:00,MATCH_KICKOFF_TIME_TIMEZONE_NOT_STATED_BY_SOURCE,,NOT_VERIFIED_DO_NOT_INFER,Groningen,Twente,1,1,D,EVALUATION_ONLY_JOIN_AFTER_PREMATCH_FEATURE_FREEZE,3.99,3.36,1.98,EXTERNAL_HISTORICAL_MARKET_BENCHMARK,NOT_AVAILABLE,NOT_GOLDBET,7a83666062798c3216a875c209fb8f30f25fe1fe44c9e30c3584db58f4a447d0
740aba1bacef32056ccb6e3c,Eredivisie,2024/2025,DEVELOPMENT,2025-03-01,20:00,MATCH_KICKOFF_TIME_TIMEZONE_NOT_STATED_BY_SOURCE,,NOT_VERIFIED_DO_NOT_INFER,Feyenoord,Nijmegen,0,0,D,EVALUATION_ONLY_JOIN_AFTER_PREMATCH_FEATURE_FREEZE,1.46,4.6,6.6,EXTERNAL_HISTORICAL_MARKET_BENCHMARK,NOT_AVAILABLE,NOT_GOLDBET,c48a982363ef46b59cd2c752e8ac910d34daab3758cdd46d9f13de8c7891f6fa
63a63adff83a2b2a05916836,Eredivisie,2024/2025,DEVELOPMENT,2025-03-02,11:15,MATCH_KICKOFF_TIME_TIMEZONE_NOT_STATED_BY_SOURCE,,NOT_VERIFIED_DO_NOT_INFER,Heerenveen,AZ Alkmaar,3,1,H,EVALUATION_ONLY_JOIN_AFTER_PREMATCH_FEATURE_FREEZE,3.52,3.41,2.11,EXTERNAL_HISTORICAL_MARKET_BENCHMARK,NOT_AVAILABLE,NOT_GOLDBET,dc9f8d13caf57e2b88aefe47472f34308640187157f585f76e6d46d6fa285112
de13c475aeafdd6a0a2e5bee,Eredivisie,2024/2025,DEVELOPMENT,2025-03-02,13:30,MATCH_KICKOFF_TIME_TIMEZONE_NOT_STATED_BY_SOURCE,,NOT_VERIFIED_DO_NOT_INFER,Almere City,Ajax,0,1,A,EVALUATION_ONLY_JOIN_AFTER_PREMATCH_FEATURE_FREEZE,6.47,4.63,1.47,EXTERNAL_HISTORICAL_MARKET_BENCHMARK,NOT_AVAILABLE,NOT_GOLDBET,8e5e08d3d7aca739e94288f899a858a960812f1e236c97c210e22691e9da1377
ccd1caee3c99450efdfd0273,Eredivisie,2024/2025,DEVELOPMENT,2025-03-02,13:30,MATCH_KICKOFF_TIME_TIMEZONE_NOT_STATED_BY_SOURCE,,NOT_VERIFIED_DO_NOT_INFER,Heracles,Zwolle,4,2,H,EVALUATION_ONLY_JOIN_AFTER_PREMATCH_FEATURE_FREEZE,2.23,3.31,3.32,EXTERNAL_HISTORICAL_MARKET_BENCHMARK,NOT_AVAILABLE,NOT_GOLDBET,c7ea8a8a25a2f3330404d0070141ad1b13852b1fe3d769cabfae37d9ed419cc5
d66cb11f59ef8d9571400028,Eredivisie,2024/2025,DEVELOPMENT,2025-03-02,15:45,MATCH_KICKOFF_TIME_TIMEZONE_NOT_STATED_BY_SOURCE,,NOT_VERIFIED_DO_NOT_INFER,Sparta Rotterdam,Willem II,4,0,H,EVALUATION_ONLY_JOIN_AFTER_PREMATCH_FEATURE_FREEZE,1.67,3.75,5.37,EXTERNAL_HISTORICAL_MARKET_BENCHMARK,NOT_AVAILABLE,NOT_GOLDBET,8317507751e601d7be1792133674f41ad6cd16d5ad27eb88f57908ae43475365
2717d4d7c97ea2ce0ccf6451,Eredivisie,2024/2025,DEVELOPMENT,2025-03-07,19:00,MATCH_KICKOFF_TIME_TIMEZONE_NOT_STATED_BY_SOURCE,,NOT_VERIFIED_DO_NOT_INFER,NAC Breda,Sparta Rotterdam,1,1,D,EVALUATION_ONLY_JOIN_AFTER_PREMATCH_FEATURE_FREEZE,3.25,3.3,2.27,EXTERNAL_HISTORICAL_MARKET_BENCHMARK,NOT_AVAILABLE,NOT_GOLDBET,47e98fe974529196bf091b170e84c9de43e047206ef852a09cc5b58ac1b75ae1
d247ef018ddd62d3960a1763,Eredivisie,2024/2025,DEVELOPMENT,2025-03-08,15:30,MATCH_KICKOFF_TIME_TIMEZONE_NOT_STATED_BY_SOURCE,,NOT_VERIFIED_DO_NOT_INFER,For Sittard,Heracles,1,0,H,EVALUATION_ONLY_JOIN_AFTER_PREMATCH_FEATURE_FREEZE,2.32,3.45,3.04,EXTERNAL_HISTORICAL_MARKET_BENCHMARK,NOT_AVAILABLE,NOT_GOLDBET,6c298b4110fa49c9e823c2bd654099c0a54455ef91252ac8336d5b96b849a11a
f8efadd721635d9c011a2db6,Eredivisie,2024/2025,DEVELOPMENT,2025-03-08,19:00,MATCH_KICKOFF_TIME_TIMEZONE_NOT_STATED_BY_SOURCE,,NOT_VERIFIED_DO_NOT_INFER,PSV Eindhoven,Heerenveen,2,1,H,EVALUATION_ONLY_JOIN_AFTER_PREMATCH_FEATURE_FREEZE,1.21,7.44,11.34,EXTERNAL_HISTORICAL_MARKET_BENCHMARK,NOT_AVAILABLE,NOT_GOLDBET,76e8fe11bcd3b1eaacd6f5ea7421c1f3b6af7ce92af316719af58707943bebe5
caec06a2cf1caeb44467f165,Eredivisie,2024/2025,DEVELOPMENT,2025-03-09,11:15,MATCH_KICKOFF_TIME_TIMEZONE_NOT_STATED_BY_SOURCE,,NOT_VERIFIED_DO_NOT_INFER,Willem II,Utrecht,2,3,A,EVALUATION_ONLY_JOIN_AFTER_PREMATCH_FEATURE_FREEZE,3.69,3.42,2.05,EXTERNAL_HISTORICAL_MARKET_BENCHMARK,NOT_AVAILABLE,NOT_GOLDBET,8267f20f2bed9bc86c7de2dd740d7709635103c680b6dc08b8d2099d0660fe11
c066fcc8970f2b00f7ee5529,Eredivisie,2024/2025,DEVELOPMENT,2025-03-09,13:30,MATCH_KICKOFF_TIME_TIMEZONE_NOT_STATED_BY_SOURCE,,NOT_VERIFIED_DO_NOT_INFER,Nijmegen,Go Ahead Eagles,2,3,A,EVALUATION_ONLY_JOIN_AFTER_PREMATCH_FEATURE_FREEZE,2.41,3.43,2.89,EXTERNAL_HISTORICAL_MARKET_BENCHMARK,NOT_AVAILABLE,NOT_GOLDBET,f6cc427f7de9fc9b00ef0dc0f6ac0c9415f9e7723388fd0b1c910e82d7fdcebc
dd21dfa1a11dd720e79198df,Eredivisie,2024/2025,DEVELOPMENT,2025-03-09,13:30,MATCH_KICKOFF_TIME_TIMEZONE_NOT_STATED_BY_SOURCE,,NOT_VERIFIED_DO_NOT_INFER,Zwolle,Ajax,0,1,A,EVALUATION_ONLY_JOIN_AFTER_PREMATCH_FEATURE_FREEZE,5.95,4.21,1.55,EXTERNAL_HISTORICAL_MARKET_BENCHMARK,NOT_AVAILABLE,NOT_GOLDBET,147b1122fe62174bdeeb9a88405b494ee143955d15c7515962252f775b34d38b
b45bf4d2f5a1a5d0bb02500f,Eredivisie,2024/2025,DEVELOPMENT,2025-03-09,15:45,MATCH_KICKOFF_TIME_TIMEZONE_NOT_STATED_BY_SOURCE,,NOT_VERIFIED_DO_NOT_INFER,Twente,Almere City,1,0,H,EVALUATION_ONLY_JOIN_AFTER_PREMATCH_FEATURE_FREEZE,1.27,5.87,10.64,EXTERNAL_HISTORICAL_MARKET_BENCHMARK,NOT_AVAILABLE,NOT_GOLDBET,a8a468d91116e53ae0993dcb216a293db7a4f06eae7d3be33c6ed95353b04db0
94c618c60d3bbe85e58524bd,Eredivisie,2024/2025,DEVELOPMENT,2025-03-14,19:00,MATCH_KICKOFF_TIME_TIMEZONE_NOT_STATED_BY_SOURCE,,NOT_VERIFIED_DO_NOT_INFER,Almere City,NAC Breda,1,1,D,EVALUATION_ONLY_JOIN_AFTER_PREMATCH_FEATURE_FREEZE,2.2,3.39,3.3,EXTERNAL_HISTORICAL_MARKET_BENCHMARK,NOT_AVAILABLE,NOT_GOLDBET,8a1593151b376226b0f360843d99ca348500db28b80bb3b895643fbf9a4fcbb6
dbee520cb650edd11987d1e0,Eredivisie,2024/2025,DEVELOPMENT,2025-03-15,15:30,MATCH_KICKOFF_TIME_TIMEZONE_NOT_STATED_BY_SOURCE,,NOT_VERIFIED_DO_NOT_INFER,Utrecht,Nijmegen,0,1,A,EVALUATION_ONLY_JOIN_AFTER_PREMATCH_FEATURE_FREEZE,1.76,3.69,4.68,EXTERNAL_HISTORICAL_MARKET_BENCHMARK,NOT_AVAILABLE,NOT_GOLDBET,2a499c28ddb834e42cc462901f585e440a8c4923abc610e33e05baa767974190
18184180baec77438dddd2d6,Eredivisie,2024/2025,DEVELOPMENT,2025-03-15,17:45,MATCH_KICKOFF_TIME_TIMEZONE_NOT_STATED_BY_SOURCE,,NOT_VERIFIED_DO_NOT_INFER,Sparta Rotterdam,Zwolle,1,1,D,EVALUATION_ONLY_JOIN_AFTER_PREMATCH_FEATURE_FREEZE,1.69,3.86,4.95,EXTERNAL_HISTORICAL_MARKET_BENCHMARK,NOT_AVAILABLE,NOT_GOLDBET,1bdd84e1abf14829d820cebc28fa449cd18a216b1b610b3cf0866e839aae0385
75084e745379a983b0234f54,Eredivisie,2024/2025,DEVELOPMENT,2025-03-15,19:00,MATCH_KICKOFF_TIME_TIMEZONE_NOT_STATED_BY_SOURCE,,NOT_VERIFIED_DO_NOT_INFER,Waalwijk,PSV Eindhoven,0,3,A,EVALUATION_ONLY_JOIN_AFTER_PREMATCH_FEATURE_FREEZE,8.58,6.03,1.29,EXTERNAL_HISTORICAL_MARKET_BENCHMARK,NOT_AVAILABLE,NOT_GOLDBET,10995d2c1bc70acbc35dc104d4416dd92b79388dca09eef49d8a9d87f4805360
17974344359b74746c091c9b,Eredivisie,2024/2025,DEVELOPMENT,2025-03-15,20:00,MATCH_KICKOFF_TIME_TIMEZONE_NOT_STATED_BY_SOURCE,,NOT_VERIFIED_DO_NOT_INFER,Heerenveen,Heracles,1,1,D,EVALUATION_ONLY_JOIN_AFTER_PREMATCH_FEATURE_FREEZE,1.85,3.53,4.32,EXTERNAL_HISTORICAL_MARKET_BENCHMARK,NOT_AVAILABLE,NOT_GOLDBET,aafade7c5a8e46a036029d9267326a5846e85eb224d354d889dcea805e7f0ef0
37b0e8504601e9bce88bff3d,Eredivisie,2024/2025,DEVELOPMENT,2025-03-16,11:15,MATCH_KICKOFF_TIME_TIMEZONE_NOT_STATED_BY_SOURCE,,NOT_VERIFIED_DO_NOT_INFER,Go Ahead Eagles,Willem II,1,0,H,EVALUATION_ONLY_JOIN_AFTER_PREMATCH_FEATURE_FREEZE,1.47,4.3,7.08,EXTERNAL_HISTORICAL_MARKET_BENCHMARK,NOT_AVAILABLE,NOT_GOLDBET,46384ff5dc19729614a66f319c13cec5acbae5c2569d43969ed0ceb2b4ffbb4e
2538e7d4fc517cdbd0a6b332,Eredivisie,2024/2025,DEVELOPMENT,2025-03-16,13:30,MATCH_KICKOFF_TIME_TIMEZONE_NOT_STATED_BY_SOURCE,,NOT_VERIFIED_DO_NOT_INFER,Groningen,For Sittard,1,0,H,EVALUATION_ONLY_JOIN_AFTER_PREMATCH_FEATURE_FREEZE,1.94,3.32,4.24,EXTERNAL_HISTORICAL_MARKET_BENCHMARK,NOT_AVAILABLE,NOT_GOLDBET,a982596eb36971c636dcf9e89b31419d4a3198f214649a74b69e3f8353493704
6d0e545034b409cbb28406fd,Eredivisie,2024/2025,DEVELOPMENT,2025-03-16,13:30,MATCH_KICKOFF_TIME_TIMEZONE_NOT_STATED_BY_SOURCE,,NOT_VERIFIED_DO_NOT_INFER,Twente,Feyenoord,2,6,A,EVALUATION_ONLY_JOIN_AFTER_PREMATCH_FEATURE_FREEZE,2.49,3.36,2.84,EXTERNAL_HISTORICAL_MARKET_BENCHMARK,NOT_AVAILABLE,NOT_GOLDBET,0b885be6bfaf90cb11b508a1367e6d759be85f22a772cd72d863c4f7dfaf2ab6
5b3a827e5c5cdcea647148a3,Eredivisie,2024/2025,DEVELOPMENT,2025-03-16,15:45,MATCH_KICKOFF_TIME_TIMEZONE_NOT_STATED_BY_SOURCE,,NOT_VERIFIED_DO_NOT_INFER,Ajax,AZ Alkmaar,2,2,D,EVALUATION_ONLY_JOIN_AFTER_PREMATCH_FEATURE_FREEZE,1.95,3.56,3.89,EXTERNAL_HISTORICAL_MARKET_BENCHMARK,NOT_AVAILABLE,NOT_GOLDBET,dfaf1e6b514e84882390710d45eadf83f32ff6057976c3d5d700506c80ad947b
0f2d622b604d8b20f0a6d7d5,Eredivisie,2024/2025,DEVELOPMENT,2025-03-29,15:30,MATCH_KICKOFF_TIME_TIMEZONE_NOT_STATED_BY_SOURCE,,NOT_VERIFIED_DO_NOT_INFER,NAC Breda,Groningen,1,1,D,EVALUATION_ONLY_JOIN_AFTER_PREMATCH_FEATURE_FREEZE,2.93,3.1,2.58,EXTERNAL_HISTORICAL_MARKET_BENCHMARK,NOT_AVAILABLE,NOT_GOLDBET,f88b461dbb214c7435d7441a9264b1a33984232f65e068d54cb45182cc99d073
1d8e7ed63e3daabe428ce8c4,Eredivisie,2024/2025,DEVELOPMENT,2025-03-29,17:45,MATCH_KICKOFF_TIME_TIMEZONE_NOT_STATED_BY_SOURCE,,NOT_VERIFIED_DO_NOT_INFER,For Sittard,Sparta Rotterdam,0,3,A,EVALUATION_ONLY_JOIN_AFTER_PREMATCH_FEATURE_FREEZE,2.97,3.26,2.45,EXTERNAL_HISTORICAL_MARKET_BENCHMARK,NOT_AVAILABLE,NOT_GOLDBET,ffaff48b6fd30b0dfd4af0024ab3f928542922cf4aadbf6a3e6e6e47a6ab6b04
ec4f201dcc83014e5d40e69a,Eredivisie,2024/2025,DEVELOPMENT,2025-03-29,17:45,MATCH_KICKOFF_TIME_TIMEZONE_NOT_STATED_BY_SOURCE,,NOT_VERIFIED_DO_NOT_INFER,Willem II,Almere City,0,2,A,EVALUATION_ONLY_JOIN_AFTER_PREMATCH_FEATURE_FREEZE,2.62,3.27,2.74,EXTERNAL_HISTORICAL_MARKET_BENCHMARK,NOT_AVAILABLE,NOT_GOLDBET,4bff5b6b2191262c6a75928ddd4134f4769e0af6767c666ff643ce62f830153a
67c0cde2714cee8bf17532ec,Eredivisie,2024/2025,DEVELOPMENT,2025-03-29,20:00,MATCH_KICKOFF_TIME_TIMEZONE_NOT_STATED_BY_SOURCE,,NOT_VERIFIED_DO_NOT_INFER,Nijmegen,AZ Alkmaar,3,3,D,EVALUATION_ONLY_JOIN_AFTER_PREMATCH_FEATURE_FREEZE,4,3.5,1.93,EXTERNAL_HISTORICAL_MARKET_BENCHMARK,NOT_AVAILABLE,NOT_GOLDBET,ebc7a31bb2a5b98b9e3ccbb5ee63a00f2953cedb64cdd2b7e02e6572e82f1e03
8722b1798c6135c822800e40,Eredivisie,2024/2025,DEVELOPMENT,2025-03-29,20:00,MATCH_KICKOFF_TIME_TIMEZONE_NOT_STATED_BY_SOURCE,,NOT_VERIFIED_DO_NOT_INFER,Zwolle,Waalwijk,2,0,H,EVALUATION_ONLY_JOIN_AFTER_PREMATCH_FEATURE_FREEZE,2.01,3.65,3.53,EXTERNAL_HISTORICAL_MARKET_BENCHMARK,NOT_AVAILABLE,NOT_GOLDBET,e2beb7601dab2ffb26833b55ad6bbcaf9df21cd88d7b715ac79c85a86e53cc5d
57ac867fe377cc73460b8be7,Eredivisie,2024/2025,DEVELOPMENT,2025-03-30,11:15,MATCH_KICKOFF_TIME_TIMEZONE_NOT_STATED_BY_SOURCE,,NOT_VERIFIED_DO_NOT_INFER,Utrecht,Heerenveen,2,0,H,EVALUATION_ONLY_JOIN_AFTER_PREMATCH_FEATURE_FREEZE,1.88,3.67,4.01,EXTERNAL_HISTORICAL_MARKET_BENCHMARK,NOT_AVAILABLE,NOT_GOLDBET,012b6dead058e93a45b946809dc618aa370fb546adc41264ad75375779537c8a
46d044e6f19cdf6089e39efd,Eredivisie,2024/2025,DEVELOPMENT,2025-03-30,13:30,MATCH_KICKOFF_TIME_TIMEZONE_NOT_STATED_BY_SOURCE,,NOT_VERIFIED_DO_NOT_INFER,Heracles,Twente,2,1,H,EVALUATION_ONLY_JOIN_AFTER_PREMATCH_FEATURE_FREEZE,4.06,3.64,1.88,EXTERNAL_HISTORICAL_MARKET_BENCHMARK,NOT_AVAILABLE,NOT_GOLDBET,1b2b48b0da72610edd88fe2316c88e4a7258099690aa508cb778b72ca405998f
019b0f3f781bd43b6cc46837,Eredivisie,2024/2025,DEVELOPMENT,2025-03-30,13:30,MATCH_KICKOFF_TIME_TIMEZONE_NOT_STATED_BY_SOURCE,,NOT_VERIFIED_DO_NOT_INFER,PSV Eindhoven,Ajax,0,2,A,EVALUATION_ONLY_JOIN_AFTER_PREMATCH_FEATURE_FREEZE,1.54,4.53,5.4,EXTERNAL_HISTORICAL_MARKET_BENCHMARK,NOT_AVAILABLE,NOT_GOLDBET,aff16761a79411fa7a7b626184352ff869617abbf8ee374e8cbfd345a20659b5
75cf9e8cd2fa30753ed74ff5,Eredivisie,2024/2025,DEVELOPMENT,2025-03-30,15:45,MATCH_KICKOFF_TIME_TIMEZONE_NOT_STATED_BY_SOURCE,,NOT_VERIFIED_DO_NOT_INFER,Feyenoord,Go Ahead Eagles,3,2,H,EVALUATION_ONLY_JOIN_AFTER_PREMATCH_FEATURE_FREEZE,1.44,4.82,6.73,EXTERNAL_HISTORICAL_MARKET_BENCHMARK,NOT_AVAILABLE,NOT_GOLDBET,bf666d8d95596a1ad50f189affc383a4cf945f4df77475c48f6d4c66b1115f05
2742ff7b4348f56dcd74803a,Eredivisie,2024/2025,DEVELOPMENT,2025-04-01,19:00,MATCH_KICKOFF_TIME_TIMEZONE_NOT_STATED_BY_SOURCE,,NOT_VERIFIED_DO_NOT_INFER,AZ Alkmaar,Waalwijk,2,2,D,EVALUATION_ONLY_JOIN_AFTER_PREMATCH_FEATURE_FREEZE,1.22,6.69,12.19,EXTERNAL_HISTORICAL_MARKET_BENCHMARK,NOT_AVAILABLE,NOT_GOLDBET,7d3ea515f4c403016226a87ba2c28778a70d6ed8af5a51938fe650515f042dae
c4183c19d83d9bb294335515,Eredivisie,2024/2025,DEVELOPMENT,2025-04-02,19:00,MATCH_KICKOFF_TIME_TIMEZONE_NOT_STATED_BY_SOURCE,,NOT_VERIFIED_DO_NOT_INFER,Feyenoord,Groningen,4,1,H,EVALUATION_ONLY_JOIN_AFTER_PREMATCH_FEATURE_FREEZE,1.4,4.64,7.95,EXTERNAL_HISTORICAL_MARKET_BENCHMARK,NOT_AVAILABLE,NOT_GOLDBET,a936bc8dc6f30cdc943d06f4894f53e8ca0965c8d29be64052a997d1594ed7a4
435daacfe80193fa9eae5134,Eredivisie,2024/2025,DEVELOPMENT,2025-04-04,19:00,MATCH_KICKOFF_TIME_TIMEZONE_NOT_STATED_BY_SOURCE,,NOT_VERIFIED_DO_NOT_INFER,Heerenveen,Willem II,3,1,H,EVALUATION_ONLY_JOIN_AFTER_PREMATCH_FEATURE_FREEZE,1.51,4.29,6.41,EXTERNAL_HISTORICAL_MARKET_BENCHMARK,NOT_AVAILABLE,NOT_GOLDBET,b7a345ca8c4db6f8d324d2e47c7f967a08e18b352e42a23168d989ad1600b987
abd7c4f777ad1381de339c28,Eredivisie,2024/2025,DEVELOPMENT,2025-04-05,15:30,MATCH_KICKOFF_TIME_TIMEZONE_NOT_STATED_BY_SOURCE,,NOT_VERIFIED_DO_NOT_INFER,AZ Alkmaar,Feyenoord,0,1,A,EVALUATION_ONLY_JOIN_AFTER_PREMATCH_FEATURE_FREEZE,2.57,3.5,2.64,EXTERNAL_HISTORICAL_MARKET_BENCHMARK,NOT_AVAILABLE,NOT_GOLDBET,474cf853e562cadb443b9c6dfdda247286b0f5a45af79af8ff48760c82cfc2fd
6ce4ac14d25f5c0e7d6a1145,Eredivisie,2024/2025,DEVELOPMENT,2025-04-05,17:45,MATCH_KICKOFF_TIME_TIMEZONE_NOT_STATED_BY_SOURCE,,NOT_VERIFIED_DO_NOT_INFER,Twente,For Sittard,1,1,D,EVALUATION_ONLY_JOIN_AFTER_PREMATCH_FEATURE_FREEZE,1.38,4.95,7.8,EXTERNAL_HISTORICAL_MARKET_BENCHMARK,NOT_AVAILABLE,NOT_GOLDBET,f93991b4c2ad929d1997bc004d40e64de01b5cf6ab8b3ee040df271d68bebb38
066140cb7265f6f6a4fab338,Eredivisie,2024/2025,DEVELOPMENT,2025-04-05,19:00,MATCH_KICKOFF_TIME_TIMEZONE_NOT_STATED_BY_SOURCE,,NOT_VERIFIED_DO_NOT_INFER,Groningen,PSV Eindhoven,1,3,A,EVALUATION_ONLY_JOIN_AFTER_PREMATCH_FEATURE_FREEZE,6.93,4.68,1.44,EXTERNAL_HISTORICAL_MARKET_BENCHMARK,NOT_AVAILABLE,NOT_GOLDBET,ec15cf9ab39a00986e2847a799d7ed452ef3c157ad0f2292ed6cb897f308699c
9ffb22c7c3adf7ea55347e80,Eredivisie,2024/2025,DEVELOPMENT,2025-04-05,20:00,MATCH_KICKOFF_TIME_TIMEZONE_NOT_STATED_BY_SOURCE,,NOT_VERIFIED_DO_NOT_INFER,Almere City,Zwolle,2,2,D,EVALUATION_ONLY_JOIN_AFTER_PREMATCH_FEATURE_FREEZE,2.39,3.32,3.02,EXTERNAL_HISTORICAL_MARKET_BENCHMARK,NOT_AVAILABLE,NOT_GOLDBET,e6676bf49b49248c20e6a6b6505f379feefd8c054828f932574b51cedb719e23
88ba7e7b92ca6ad7eba82ab8,Eredivisie,2024/2025,DEVELOPMENT,2025-04-06,11:15,MATCH_KICKOFF_TIME_TIMEZONE_NOT_STATED_BY_SOURCE,,NOT_VERIFIED_DO_NOT_INFER,Waalwijk,Heracles,0,0,D,EVALUATION_ONLY_JOIN_AFTER_PREMATCH_FEATURE_FREEZE,2.41,3.49,2.84,EXTERNAL_HISTORICAL_MARKET_BENCHMARK,NOT_AVAILABLE,NOT_GOLDBET,5493d1d17d0994e6208e8bcc919af5707f665a0a73b1c66bb1e533bea3e1c363
b106bf526c10bb746cffbda2,Eredivisie,2024/2025,DEVELOPMENT,2025-04-06,13:30,MATCH_KICKOFF_TIME_TIMEZONE_NOT_STATED_BY_SOURCE,,NOT_VERIFIED_DO_NOT_INFER,Go Ahead Eagles,Utrecht,2,2,D,EVALUATION_ONLY_JOIN_AFTER_PREMATCH_FEATURE_FREEZE,2.24,3.73,2.96,EXTERNAL_HISTORICAL_MARKET_BENCHMARK,NOT_AVAILABLE,NOT_GOLDBET,da1d52a3f4ec0aeb75b68e97ff4412e5a016407b2bc13e876a47d030db957ac4
f7ec753f4b4e12b58532ec18,Eredivisie,2024/2025,DEVELOPMENT,2025-04-06,13:30,MATCH_KICKOFF_TIME_TIMEZONE_NOT_STATED_BY_SOURCE,,NOT_VERIFIED_DO_NOT_INFER,Sparta Rotterdam,Nijmegen,2,0,H,EVALUATION_ONLY_JOIN_AFTER_PREMATCH_FEATURE_FREEZE,1.76,3.81,4.46,EXTERNAL_HISTORICAL_MARKET_BENCHMARK,NOT_AVAILABLE,NOT_GOLDBET,22b40821c8842b2cfd95b05b537765b0b5d7b09a87caf5b45cfd08613cd0327c
a06e9973ead03ec6cc01e6a5,Eredivisie,2024/2025,DEVELOPMENT,2025-04-06,15:45,MATCH_KICKOFF_TIME_TIMEZONE_NOT_STATED_BY_SOURCE,,NOT_VERIFIED_DO_NOT_INFER,Ajax,NAC Breda,3,1,H,EVALUATION_ONLY_JOIN_AFTER_PREMATCH_FEATURE_FREEZE,1.26,6.15,10.69,EXTERNAL_HISTORICAL_MARKET_BENCHMARK,NOT_AVAILABLE,NOT_GOLDBET,4bdeb9b54b6a5ebf95733a6ad97674896aaf0ca42809c1547092558671cf96df
16b53af2a15342c30c7f75c5,Eredivisie,2024/2025,DEVELOPMENT,2025-04-11,19:00,MATCH_KICKOFF_TIME_TIMEZONE_NOT_STATED_BY_SOURCE,,NOT_VERIFIED_DO_NOT_INFER,Nijmegen,Waalwijk,2,1,H,EVALUATION_ONLY_JOIN_AFTER_PREMATCH_FEATURE_FREEZE,1.75,3.98,4.34,EXTERNAL_HISTORICAL_MARKET_BENCHMARK,NOT_AVAILABLE,NOT_GOLDBET,b5c1d4b2c1409f3cd53989b03f74a15559d3d6356d29ad48f1c47f8fdc516514
a6a764378b1e542f799ec2a8,Eredivisie,2024/2025,DEVELOPMENT,2025-04-12,15:30,MATCH_KICKOFF_TIME_TIMEZONE_NOT_STATED_BY_SOURCE,,NOT_VERIFIED_DO_NOT_INFER,For Sittard,Feyenoord,0,2,A,EVALUATION_ONLY_JOIN_AFTER_PREMATCH_FEATURE_FREEZE,6.21,4.4,1.5,EXTERNAL_HISTORICAL_MARKET_BENCHMARK,NOT_AVAILABLE,NOT_GOLDBET,d9546e4afe83a447fd90585a6019aa3cb9516187c4f40fe95a18a097177d9d4d
4be820728ea022eda1f5f424,Eredivisie,2024/2025,DEVELOPMENT,2025-04-12,17:45,MATCH_KICKOFF_TIME_TIMEZONE_NOT_STATED_BY_SOURCE,,NOT_VERIFIED_DO_NOT_INFER,Sparta Rotterdam,Heerenveen,3,1,H,EVALUATION_ONLY_JOIN_AFTER_PREMATCH_FEATURE_FREEZE,1.87,3.74,4.02,EXTERNAL_HISTORICAL_MARKET_BENCHMARK,NOT_AVAILABLE,NOT_GOLDBET,67cddfc97e4f71118311846b545159711790824f8702277e154796f0913195b9
b07fa32865f56fddfa5784be,Eredivisie,2024/2025,DEVELOPMENT,2025-04-12,19:00,MATCH_KICKOFF_TIME_TIMEZONE_NOT_STATED_BY_SOURCE,,NOT_VERIFIED_DO_NOT_INFER,PSV Eindhoven,Almere City,5,0,H,EVALUATION_ONLY_JOIN_AFTER_PREMATCH_FEATURE_FREEZE,1.1,10.29,20.08,EXTERNAL_HISTORICAL_MARKET_BENCHMARK,NOT_AVAILABLE,NOT_GOLDBET,1eb15001e30ef4dcefb389080f77e599d00cd23253ccb68d301e35df4dc4dd41
7b6eb524ce9c85857e4cb864,Eredivisie,2024/2025,DEVELOPMENT,2025-04-12,20:00,MATCH_KICKOFF_TIME_TIMEZONE_NOT_STATED_BY_SOURCE,,NOT_VERIFIED_DO_NOT_INFER,NAC Breda,Go Ahead Eagles,1,1,D,EVALUATION_ONLY_JOIN_AFTER_PREMATCH_FEATURE_FREEZE,3.19,3.62,2.14,EXTERNAL_HISTORICAL_MARKET_BENCHMARK,NOT_AVAILABLE,NOT_GOLDBET,85fb4cd92a34d4f08c9871b1991fd62ad9029ca9748eac303b69442e4478d27d
a880abf7e0a29b4e3ca32fb8,Eredivisie,2024/2025,DEVELOPMENT,2025-04-13,11:15,MATCH_KICKOFF_TIME_TIMEZONE_NOT_STATED_BY_SOURCE,,NOT_VERIFIED_DO_NOT_INFER,Utrecht,Groningen,3,1,H,EVALUATION_ONLY_JOIN_AFTER_PREMATCH_FEATURE_FREEZE,1.91,3.45,4.18,EXTERNAL_HISTORICAL_MARKET_BENCHMARK,NOT_AVAILABLE,NOT_GOLDBET,1bcdb14ac46f688da3012d21f1f27a9cfcff94ecffc0467b9ef33b70f217d6a9
45f310d0f739ed0847ec7015,Eredivisie,2024/2025,DEVELOPMENT,2025-04-13,13:30,MATCH_KICKOFF_TIME_TIMEZONE_NOT_STATED_BY_SOURCE,,NOT_VERIFIED_DO_NOT_INFER,Heracles,AZ Alkmaar,1,0,H,EVALUATION_ONLY_JOIN_AFTER_PREMATCH_FEATURE_FREEZE,3.54,3.53,2.06,EXTERNAL_HISTORICAL_MARKET_BENCHMARK,NOT_AVAILABLE,NOT_GOLDBET,fea66aab96cd81bbeee68eacc2accaab07d43cbbc7ef4292cc9ef5b8062ba63b
6b625861ba31047f642b1ba0,Eredivisie,2024/2025,DEVELOPMENT,2025-04-13,13:30,MATCH_KICKOFF_TIME_TIMEZONE_NOT_STATED_BY_SOURCE,,NOT_VERIFIED_DO_NOT_INFER,Zwolle,Twente,1,1,D,EVALUATION_ONLY_JOIN_AFTER_PREMATCH_FEATURE_FREEZE,3.6,3.67,1.99,EXTERNAL_HISTORICAL_MARKET_BENCHMARK,NOT_AVAILABLE,NOT_GOLDBET,a99d421a0d1b65441655dc2d4ee5c6a5e49944798ba4f85252c2894133c3e86d
594f8df069a2c594d0d85812,Eredivisie,2024/2025,DEVELOPMENT,2025-04-13,15:45,MATCH_KICKOFF_TIME_TIMEZONE_NOT_STATED_BY_SOURCE,,NOT_VERIFIED_DO_NOT_INFER,Willem II,Ajax,1,2,A,EVALUATION_ONLY_JOIN_AFTER_PREMATCH_FEATURE_FREEZE,9.14,5.3,1.32,EXTERNAL_HISTORICAL_MARKET_BENCHMARK,NOT_AVAILABLE,NOT_GOLDBET,25d7a276afa12c4216d765f7b08daa38fc9e6509a99c3b95b14c997b7e005a90
f4db10a5c05db30ada90030f,Eredivisie,2024/2025,DEVELOPMENT,2025-04-19,19:00,MATCH_KICKOFF_TIME_TIMEZONE_NOT_STATED_BY_SOURCE,,NOT_VERIFIED_DO_NOT_INFER,Heerenveen,Almere City,2,1,H,EVALUATION_ONLY_JOIN_AFTER_PREMATCH_FEATURE_FREEZE,1.83,3.85,4.07,EXTERNAL_HISTORICAL_MARKET_BENCHMARK,NOT_AVAILABLE,NOT_GOLDBET,673754112fde2951c442fb53d6d80d97d66941b8abe9f04b160b5946a072abef
886189179d7411ffc322b9c3,Eredivisie,2024/2025,DEVELOPMENT,2025-04-20,11:15,MATCH_KICKOFF_TIME_TIMEZONE_NOT_STATED_BY_SOURCE,,NOT_VERIFIED_DO_NOT_INFER,Utrecht,Ajax,4,0,H,EVALUATION_ONLY_JOIN_AFTER_PREMATCH_FEATURE_FREEZE,3.57,3.67,1.99,EXTERNAL_HISTORICAL_MARKET_BENCHMARK,NOT_AVAILABLE,NOT_GOLDBET,04ee9ab43f60521f209121a79b4679a7bf0ca8198163d8be0df63888710a55c4
3a74aae6891e24aa580f9a4e,Eredivisie,2024/2025,DEVELOPMENT,2025-04-23,19:00,MATCH_KICKOFF_TIME_TIMEZONE_NOT_STATED_BY_SOURCE,,NOT_VERIFIED_DO_NOT_INFER,Groningen,Heracles,4,1,H,EVALUATION_ONLY_JOIN_AFTER_PREMATCH_FEATURE_FREEZE,2,3.21,4.1,EXTERNAL_HISTORICAL_MARKET_BENCHMARK,NOT_AVAILABLE,NOT_GOLDBET,941eaf0cfebc44d3de08ad1b5cc43812e023e238e536962a2ce1cfeaa3ac6330
6f1849b768508c2021dbedbc,Eredivisie,2024/2025,DEVELOPMENT,2025-04-24,17:45,MATCH_KICKOFF_TIME_TIMEZONE_NOT_STATED_BY_SOURCE,,NOT_VERIFIED_DO_NOT_INFER,AZ Alkmaar,NAC Breda,1,1,D,EVALUATION_ONLY_JOIN_AFTER_PREMATCH_FEATURE_FREEZE,1.51,4.51,5.93,EXTERNAL_HISTORICAL_MARKET_BENCHMARK,NOT_AVAILABLE,NOT_GOLDBET,b4759918b453c25daf40899bff82b88c37367f21b772fa340af61c0ef8daa9bf
3816c1d552b49c29ad3288f1,Eredivisie,2024/2025,DEVELOPMENT,2025-04-24,20:00,MATCH_KICKOFF_TIME_TIMEZONE_NOT_STATED_BY_SOURCE,,NOT_VERIFIED_DO_NOT_INFER,Twente,PSV Eindhoven,1,3,A,EVALUATION_ONLY_JOIN_AFTER_PREMATCH_FEATURE_FREEZE,4.6,4.58,1.62,EXTERNAL_HISTORICAL_MARKET_BENCHMARK,NOT_AVAILABLE,NOT_GOLDBET,a1efc32756f6912bfc4ca62614f41bb97d3abb47823a4d893f76b0b712ed09a2
17a9e825670f98dbf37f6a26,Eredivisie,2024/2025,DEVELOPMENT,2025-04-25,17:45,MATCH_KICKOFF_TIME_TIMEZONE_NOT_STATED_BY_SOURCE,,NOT_VERIFIED_DO_NOT_INFER,Waalwijk,Utrecht,0,4,A,EVALUATION_ONLY_JOIN_AFTER_PREMATCH_FEATURE_FREEZE,3.73,3.89,1.9,EXTERNAL_HISTORICAL_MARKET_BENCHMARK,NOT_AVAILABLE,NOT_GOLDBET,54841c290e75457589eeddbfcfe51ae2ebd2569c60008065815f0671cf1ff785
a70cf6c034bc6c42ba591752,Eredivisie,2024/2025,DEVELOPMENT,2025-04-25,20:00,MATCH_KICKOFF_TIME_TIMEZONE_NOT_STATED_BY_SOURCE,,NOT_VERIFIED_DO_NOT_INFER,Feyenoord,Zwolle,4,0,H,EVALUATION_ONLY_JOIN_AFTER_PREMATCH_FEATURE_FREEZE,1.21,6.76,12.68,EXTERNAL_HISTORICAL_MARKET_BENCHMARK,NOT_AVAILABLE,NOT_GOLDBET,e8197035b2d97178cb87e8b0f15bc2a9561dea2dc28ec90ae6078ddb723d626a
41d6a6bb08c9a0beee8ec757,Eredivisie,2024/2025,DEVELOPMENT,2025-04-27,11:15,MATCH_KICKOFF_TIME_TIMEZONE_NOT_STATED_BY_SOURCE,,NOT_VERIFIED_DO_NOT_INFER,For Sittard,Willem II,1,0,H,EVALUATION_ONLY_JOIN_AFTER_PREMATCH_FEATURE_FREEZE,1.7,3.8,4.97,EXTERNAL_HISTORICAL_MARKET_BENCHMARK,NOT_AVAILABLE,NOT_GOLDBET,0363320ffabc55e3dee50df5bc56187642a2ccbed1051e060ca0417a64789958
f7fbeac47b33e31e50d17eb6,Eredivisie,2024/2025,DEVELOPMENT,2025-04-27,13:30,MATCH_KICKOFF_TIME_TIMEZONE_NOT_STATED_BY_SOURCE,,NOT_VERIFIED_DO_NOT_INFER,Ajax,Sparta Rotterdam,1,1,D,EVALUATION_ONLY_JOIN_AFTER_PREMATCH_FEATURE_FREEZE,1.46,4.73,6.29,EXTERNAL_HISTORICAL_MARKET_BENCHMARK,NOT_AVAILABLE,NOT_GOLDBET,effed92724a0231405ecca7022fe77f41f324b0ebd81f77f5857cc4a223cc6b6
ac58b210b149e4bc727cfbba,Eredivisie,2024/2025,DEVELOPMENT,2025-04-27,13:30,MATCH_KICKOFF_TIME_TIMEZONE_NOT_STATED_BY_SOURCE,,NOT_VERIFIED_DO_NOT_INFER,Heerenveen,Nijmegen,1,0,H,EVALUATION_ONLY_JOIN_AFTER_PREMATCH_FEATURE_FREEZE,2.16,3.61,3.18,EXTERNAL_HISTORICAL_MARKET_BENCHMARK,NOT_AVAILABLE,NOT_GOLDBET,e9cc0de4853dc9b0904f67bc5a9d69fdf8bc1060f67e54bde2ed9d50695fc10b
2722910af7a759674c1a956a,Eredivisie,2024/2025,DEVELOPMENT,2025-04-27,15:45,MATCH_KICKOFF_TIME_TIMEZONE_NOT_STATED_BY_SOURCE,,NOT_VERIFIED_DO_NOT_INFER,Almere City,Go Ahead Eagles,0,0,D,EVALUATION_ONLY_JOIN_AFTER_PREMATCH_FEATURE_FREEZE,2.58,3.77,2.49,EXTERNAL_HISTORICAL_MARKET_BENCHMARK,NOT_AVAILABLE,NOT_GOLDBET,92f6b308bcee1a412c83680a682a4d19576612496eebc21fad7c5dcdb2b6ddd8
c61ef46acc02b404fd2debe2,Eredivisie,2024/2025,DEVELOPMENT,2025-05-03,15:30,MATCH_KICKOFF_TIME_TIMEZONE_NOT_STATED_BY_SOURCE,,NOT_VERIFIED_DO_NOT_INFER,Nijmegen,Willem II,1,1,D,EVALUATION_ONLY_JOIN_AFTER_PREMATCH_FEATURE_FREEZE,1.55,4.3,5.63,EXTERNAL_HISTORICAL_MARKET_BENCHMARK,NOT_AVAILABLE,NOT_GOLDBET,f75a118a0910a45dae732eb696e427ff0eac1a7e12a1996fcb3569b3b6a3943c
da11684f2a6c1dbbd191c850,Eredivisie,2024/2025,DEVELOPMENT,2025-05-03,17:45,MATCH_KICKOFF_TIME_TIMEZONE_NOT_STATED_BY_SOURCE,,NOT_VERIFIED_DO_NOT_INFER,Heracles,Feyenoord,1,4,A,EVALUATION_ONLY_JOIN_AFTER_PREMATCH_FEATURE_FREEZE,5.25,4.51,1.56,EXTERNAL_HISTORICAL_MARKET_BENCHMARK,NOT_AVAILABLE,NOT_GOLDBET,04a2399d69df299eea73a6c3c784f446ee070a0abe7674e7ae865548c5167dc1
7dcf65fce81e6cadc36ed32d,Eredivisie,2024/2025,DEVELOPMENT,2025-05-03,19:00,MATCH_KICKOFF_TIME_TIMEZONE_NOT_STATED_BY_SOURCE,,NOT_VERIFIED_DO_NOT_INFER,Groningen,Waalwijk,6,1,H,EVALUATION_ONLY_JOIN_AFTER_PREMATCH_FEATURE_FREEZE,1.4,4.69,7.98,EXTERNAL_HISTORICAL_MARKET_BENCHMARK,NOT_AVAILABLE,NOT_GOLDBET,836ac6fb9e2fc18796bfe648362f024d37e31ff161f185f553ad52169f921a0d
dfd7a22b23ba55190d74f551,Eredivisie,2024/2025,DEVELOPMENT,2025-05-03,20:00,MATCH_KICKOFF_TIME_TIMEZONE_NOT_STATED_BY_SOURCE,,NOT_VERIFIED_DO_NOT_INFER,PSV Eindhoven,For Sittard,4,1,H,EVALUATION_ONLY_JOIN_AFTER_PREMATCH_FEATURE_FREEZE,1.09,11.18,21.04,EXTERNAL_HISTORICAL_MARKET_BENCHMARK,NOT_AVAILABLE,NOT_GOLDBET,8c52ac24dcde375574936a1ad27672013f76b0db24455c3825c57dc30427a0fa
0da08aebb8a201b10aec6df4,Eredivisie,2024/2025,DEVELOPMENT,2025-05-04,11:15,MATCH_KICKOFF_TIME_TIMEZONE_NOT_STATED_BY_SOURCE,,NOT_VERIFIED_DO_NOT_INFER,NAC Breda,Zwolle,1,3,A,EVALUATION_ONLY_JOIN_AFTER_PREMATCH_FEATURE_FREEZE,2.15,3.43,3.36,EXTERNAL_HISTORICAL_MARKET_BENCHMARK,NOT_AVAILABLE,NOT_GOLDBET,81a15e0325a4e9e4d94e008612bf94c129225772e725fca1b3a17c2ba41f157d
51e377d16b5077644714cc71,Eredivisie,2024/2025,DEVELOPMENT,2025-05-04,13:30,MATCH_KICKOFF_TIME_TIMEZONE_NOT_STATED_BY_SOURCE,,NOT_VERIFIED_DO_NOT_INFER,Go Ahead Eagles,AZ Alkmaar,0,3,A,EVALUATION_ONLY_JOIN_AFTER_PREMATCH_FEATURE_FREEZE,3.85,3.93,1.85,EXTERNAL_HISTORICAL_MARKET_BENCHMARK,NOT_AVAILABLE,NOT_GOLDBET,9fc54e776384cbe7e822301c2115f7fe8269a564a4224cc9226eb44874562f62
7b86787ea1562811a7adec87,Eredivisie,2024/2025,DEVELOPMENT,2025-05-04,13:30,MATCH_KICKOFF_TIME_TIMEZONE_NOT_STATED_BY_SOURCE,,NOT_VERIFIED_DO_NOT_INFER,Sparta Rotterdam,Twente,0,2,A,EVALUATION_ONLY_JOIN_AFTER_PREMATCH_FEATURE_FREEZE,2.38,3.49,2.88,EXTERNAL_HISTORICAL_MARKET_BENCHMARK,NOT_AVAILABLE,NOT_GOLDBET,1618bb9b21ff00961635eaa9ceab3f4da3e4dbd69958e5fbd168ef70bfb9eeec
7f677d55dcc63b3bc965e1e7,Eredivisie,2024/2025,DEVELOPMENT,2025-05-09,19:00,MATCH_KICKOFF_TIME_TIMEZONE_NOT_STATED_BY_SOURCE,,NOT_VERIFIED_DO_NOT_INFER,Willem II,Heracles,1,2,A,EVALUATION_ONLY_JOIN_AFTER_PREMATCH_FEATURE_FREEZE,2.65,3.39,2.6,EXTERNAL_HISTORICAL_MARKET_BENCHMARK,NOT_AVAILABLE,NOT_GOLDBET,5bb7a1f9386de1a92b4a5bf9c409f43313dee31292f7150a30fefbc1779084e9
04662df5c6f23146d8968627,Eredivisie,2024/2025,DEVELOPMENT,2025-05-10,15:30,MATCH_KICKOFF_TIME_TIMEZONE_NOT_STATED_BY_SOURCE,,NOT_VERIFIED_DO_NOT_INFER,Waalwijk,Heerenveen,3,1,H,EVALUATION_ONLY_JOIN_AFTER_PREMATCH_FEATURE_FREEZE,3.23,3.9,2.05,EXTERNAL_HISTORICAL_MARKET_BENCHMARK,NOT_AVAILABLE,NOT_GOLDBET,bc77df96cea66361889bb8f7ec1cd4147c85e2ed618c872e26a58baed54dc60f
26bc759ef16d68eff919b025,Eredivisie,2024/2025,DEVELOPMENT,2025-05-10,17:45,MATCH_KICKOFF_TIME_TIMEZONE_NOT_STATED_BY_SOURCE,,NOT_VERIFIED_DO_NOT_INFER,For Sittard,NAC Breda,1,0,H,EVALUATION_ONLY_JOIN_AFTER_PREMATCH_FEATURE_FREEZE,1.78,3.65,4.6,EXTERNAL_HISTORICAL_MARKET_BENCHMARK,NOT_AVAILABLE,NOT_GOLDBET,37dbc97cf9f99d296833c531140d368535fb3adcee0a5cb2b3581f5d9d66b93e
a429ba7798a208916a9a0738,Eredivisie,2024/2025,DEVELOPMENT,2025-05-10,20:00,MATCH_KICKOFF_TIME_TIMEZONE_NOT_STATED_BY_SOURCE,,NOT_VERIFIED_DO_NOT_INFER,Almere City,Sparta Rotterdam,0,3,A,EVALUATION_ONLY_JOIN_AFTER_PREMATCH_FEATURE_FREEZE,2.69,3.61,2.48,EXTERNAL_HISTORICAL_MARKET_BENCHMARK,NOT_AVAILABLE,NOT_GOLDBET,68929ddf699f0924292049e0987310cd950a24d5a12f947ac62f7ec0e8e39310
075cad7938b25edcf000f8dc,Eredivisie,2024/2025,DEVELOPMENT,2025-05-11,11:15,MATCH_KICKOFF_TIME_TIMEZONE_NOT_STATED_BY_SOURCE,,NOT_VERIFIED_DO_NOT_INFER,Zwolle,Go Ahead Eagles,1,1,D,EVALUATION_ONLY_JOIN_AFTER_PREMATCH_FEATURE_FREEZE,2.35,3.87,2.7,EXTERNAL_HISTORICAL_MARKET_BENCHMARK,NOT_AVAILABLE,NOT_GOLDBET,cf16e6ac6013a98da9a6f195d6f5bab93d27a55a6cd72f892719bc39bf8b36a7
fed0fae03a9836160f94e7dc,Eredivisie,2024/2025,DEVELOPMENT,2025-05-11,13:30,MATCH_KICKOFF_TIME_TIMEZONE_NOT_STATED_BY_SOURCE,,NOT_VERIFIED_DO_NOT_INFER,Feyenoord,PSV Eindhoven,2,3,A,EVALUATION_ONLY_JOIN_AFTER_PREMATCH_FEATURE_FREEZE,2.98,3.92,2.16,EXTERNAL_HISTORICAL_MARKET_BENCHMARK,NOT_AVAILABLE,NOT_GOLDBET,00fc22cebaa6f68d09aa1ccd5f25ba1971eacba876d3eea77e6d2190c10e448e
ba2adbf299b608f54099ecbe,Eredivisie,2024/2025,DEVELOPMENT,2025-05-11,13:30,MATCH_KICKOFF_TIME_TIMEZONE_NOT_STATED_BY_SOURCE,,NOT_VERIFIED_DO_NOT_INFER,Twente,Utrecht,2,0,H,EVALUATION_ONLY_JOIN_AFTER_PREMATCH_FEATURE_FREEZE,1.83,3.8,4.07,EXTERNAL_HISTORICAL_MARKET_BENCHMARK,NOT_AVAILABLE,NOT_GOLDBET,5414032cf18a00d9d8ac1f3622a16421bcd799f8eb70027c41edbb271e19855f
c9ba66f82a357ebedf5379f9,Eredivisie,2024/2025,DEVELOPMENT,2025-05-11,15:45,MATCH_KICKOFF_TIME_TIMEZONE_NOT_STATED_BY_SOURCE,,NOT_VERIFIED_DO_NOT_INFER,AZ Alkmaar,Groningen,3,0,H,EVALUATION_ONLY_JOIN_AFTER_PREMATCH_FEATURE_FREEZE,1.76,3.75,4.63,EXTERNAL_HISTORICAL_MARKET_BENCHMARK,NOT_AVAILABLE,NOT_GOLDBET,50e587bf1ab302e8a70c8358d9ec9e07ea10e276abaf323bf8caab5c7c08cf8e
02268637430aaaf90f946f9e,Eredivisie,2024/2025,DEVELOPMENT,2025-05-11,15:45,MATCH_KICKOFF_TIME_TIMEZONE_NOT_STATED_BY_SOURCE,,NOT_VERIFIED_DO_NOT_INFER,Ajax,Nijmegen,0,3,A,EVALUATION_ONLY_JOIN_AFTER_PREMATCH_FEATURE_FREEZE,1.21,6.74,12.23,EXTERNAL_HISTORICAL_MARKET_BENCHMARK,NOT_AVAILABLE,NOT_GOLDBET,3047d478a3ab55d7b0b267fd77003fd5ca0d708133579f348f5f4f5fcfeeee64
a5e4e42eca9d922a35b1cc01,Eredivisie,2024/2025,DEVELOPMENT,2025-05-14,19:00,MATCH_KICKOFF_TIME_TIMEZONE_NOT_STATED_BY_SOURCE,,NOT_VERIFIED_DO_NOT_INFER,Almere City,For Sittard,1,1,D,EVALUATION_ONLY_JOIN_AFTER_PREMATCH_FEATURE_FREEZE,1.82,3.75,4.23,EXTERNAL_HISTORICAL_MARKET_BENCHMARK,NOT_AVAILABLE,NOT_GOLDBET,54d693ffa37b867fccacc26d29e192078bcbea9134102c7fbca1ea0d6d698ea6
068d8dc453d8d3d14f243767,Eredivisie,2024/2025,DEVELOPMENT,2025-05-14,19:00,MATCH_KICKOFF_TIME_TIMEZONE_NOT_STATED_BY_SOURCE,,NOT_VERIFIED_DO_NOT_INFER,Feyenoord,Waalwijk,2,0,H,EVALUATION_ONLY_JOIN_AFTER_PREMATCH_FEATURE_FREEZE,1.16,8.4,13.74,EXTERNAL_HISTORICAL_MARKET_BENCHMARK,NOT_AVAILABLE,NOT_GOLDBET,9b90a30d067bcc642371ff49372a160b291b051de908b41c0756ada9a81d8414
5fccd04b9ff16c5ff4fa55a8,Eredivisie,2024/2025,DEVELOPMENT,2025-05-14,19:00,MATCH_KICKOFF_TIME_TIMEZONE_NOT_STATED_BY_SOURCE,,NOT_VERIFIED_DO_NOT_INFER,Go Ahead Eagles,Heerenveen,1,0,H,EVALUATION_ONLY_JOIN_AFTER_PREMATCH_FEATURE_FREEZE,2.36,3.75,2.77,EXTERNAL_HISTORICAL_MARKET_BENCHMARK,NOT_AVAILABLE,NOT_GOLDBET,42ae7f92412d1e2dae11080901fa85b0a1fcc97d579c9122a09ea700d48299ed
37b900a287115b71d6df1609,Eredivisie,2024/2025,DEVELOPMENT,2025-05-14,19:00,MATCH_KICKOFF_TIME_TIMEZONE_NOT_STATED_BY_SOURCE,,NOT_VERIFIED_DO_NOT_INFER,Groningen,Ajax,2,2,D,EVALUATION_ONLY_JOIN_AFTER_PREMATCH_FEATURE_FREEZE,5.52,4.1,1.6,EXTERNAL_HISTORICAL_MARKET_BENCHMARK,NOT_AVAILABLE,NOT_GOLDBET,9650d3cb12ded280e9f2833aff435d9da979a8a51123f451c245a8652327bbe3
1c752890d563dfb03ada66c1,Eredivisie,2024/2025,DEVELOPMENT,2025-05-14,19:00,MATCH_KICKOFF_TIME_TIMEZONE_NOT_STATED_BY_SOURCE,,NOT_VERIFIED_DO_NOT_INFER,Nijmegen,NAC Breda,3,0,H,EVALUATION_ONLY_JOIN_AFTER_PREMATCH_FEATURE_FREEZE,1.43,4.8,7.01,EXTERNAL_HISTORICAL_MARKET_BENCHMARK,NOT_AVAILABLE,NOT_GOLDBET,0ddc7e856573b793375418df851ad49ae057fe22b627b6c33dc85921c18a4136
3dcdfac3886738b1bfde5754,Eredivisie,2024/2025,DEVELOPMENT,2025-05-14,19:00,MATCH_KICKOFF_TIME_TIMEZONE_NOT_STATED_BY_SOURCE,,NOT_VERIFIED_DO_NOT_INFER,PSV Eindhoven,Heracles,4,1,H,EVALUATION_ONLY_JOIN_AFTER_PREMATCH_FEATURE_FREEZE,1.07,12.75,24.26,EXTERNAL_HISTORICAL_MARKET_BENCHMARK,NOT_AVAILABLE,NOT_GOLDBET,20f39fd9c5cd78503bf1071546c31c368f39a439f92594c2bcd38429c6bd2342
f4c9e3e95de27097d725d5b2,Eredivisie,2024/2025,DEVELOPMENT,2025-05-14,19:00,MATCH_KICKOFF_TIME_TIMEZONE_NOT_STATED_BY_SOURCE,,NOT_VERIFIED_DO_NOT_INFER,Twente,AZ Alkmaar,2,3,A,EVALUATION_ONLY_JOIN_AFTER_PREMATCH_FEATURE_FREEZE,2.61,3.33,2.72,EXTERNAL_HISTORICAL_MARKET_BENCHMARK,NOT_AVAILABLE,NOT_GOLDBET,c2a00aefdca952f961911271ebc463b7ec00401b4a447b92a08d9ccacc45190f
5bd3ed5e3a787ef0850bb0e0,Eredivisie,2024/2025,DEVELOPMENT,2025-05-14,19:00,MATCH_KICKOFF_TIME_TIMEZONE_NOT_STATED_BY_SOURCE,,NOT_VERIFIED_DO_NOT_INFER,Utrecht,Sparta Rotterdam,1,1,D,EVALUATION_ONLY_JOIN_AFTER_PREMATCH_FEATURE_FREEZE,1.83,3.75,4.22,EXTERNAL_HISTORICAL_MARKET_BENCHMARK,NOT_AVAILABLE,NOT_GOLDBET,5f957db4a477eaaa9f83031f1b5991dfdf3d7b47d0081d226cd3c2e6e54d61ae
eef2d2364f18b8ccad213463,Eredivisie,2024/2025,DEVELOPMENT,2025-05-14,19:00,MATCH_KICKOFF_TIME_TIMEZONE_NOT_STATED_BY_SOURCE,,NOT_VERIFIED_DO_NOT_INFER,Willem II,Zwolle,1,2,A,EVALUATION_ONLY_JOIN_AFTER_PREMATCH_FEATURE_FREEZE,2.89,3.41,2.43,EXTERNAL_HISTORICAL_MARKET_BENCHMARK,NOT_AVAILABLE,NOT_GOLDBET,b2950b5a73bcf5aad675353711e35d98330d5bda53296a0885175739afa77851
838974b110c56bec36b60af9,Eredivisie,2024/2025,DEVELOPMENT,2025-05-18,13:30,MATCH_KICKOFF_TIME_TIMEZONE_NOT_STATED_BY_SOURCE,,NOT_VERIFIED_DO_NOT_INFER,AZ Alkmaar,Almere City,1,1,D,EVALUATION_ONLY_JOIN_AFTER_PREMATCH_FEATURE_FREEZE,1.22,6.81,11.67,EXTERNAL_HISTORICAL_MARKET_BENCHMARK,NOT_AVAILABLE,NOT_GOLDBET,6340a34b04ef527db84ea5829f619180d708458f1e89d1da28607b2f1055d2cc
cae7f6ad5f774a8da09c886e,Eredivisie,2024/2025,DEVELOPMENT,2025-05-18,13:30,MATCH_KICKOFF_TIME_TIMEZONE_NOT_STATED_BY_SOURCE,,NOT_VERIFIED_DO_NOT_INFER,Ajax,Twente,2,0,H,EVALUATION_ONLY_JOIN_AFTER_PREMATCH_FEATURE_FREEZE,1.44,5.17,6.01,EXTERNAL_HISTORICAL_MARKET_BENCHMARK,NOT_AVAILABLE,NOT_GOLDBET,1815fed36ee24bf5f3e2da09e46c8bb6564a83bc35a4dbecb6275eb6c4e571d2
1dfd7e5e53d0ecd2bb4ef6ab,Eredivisie,2024/2025,DEVELOPMENT,2025-05-18,13:30,MATCH_KICKOFF_TIME_TIMEZONE_NOT_STATED_BY_SOURCE,,NOT_VERIFIED_DO_NOT_INFER,For Sittard,Utrecht,0,0,D,EVALUATION_ONLY_JOIN_AFTER_PREMATCH_FEATURE_FREEZE,3.17,3.58,2.19,EXTERNAL_HISTORICAL_MARKET_BENCHMARK,NOT_AVAILABLE,NOT_GOLDBET,b91f2164a74eaef64acde4945d2e8c6adb53003001914830289513d252459c86
4d447fe137f777241c961e3f,Eredivisie,2024/2025,DEVELOPMENT,2025-05-18,13:30,MATCH_KICKOFF_TIME_TIMEZONE_NOT_STATED_BY_SOURCE,,NOT_VERIFIED_DO_NOT_INFER,Heerenveen,Feyenoord,2,0,H,EVALUATION_ONLY_JOIN_AFTER_PREMATCH_FEATURE_FREEZE,3.2,4.01,2.05,EXTERNAL_HISTORICAL_MARKET_BENCHMARK,NOT_AVAILABLE,NOT_GOLDBET,36bb43c2ff1ac2c0c5c7cc738a04e26ec3b0c6219cb7e34b2721f17afe07eb04
c36854bc5b20bbc7a74552e3,Eredivisie,2024/2025,DEVELOPMENT,2025-05-18,13:30,MATCH_KICKOFF_TIME_TIMEZONE_NOT_STATED_BY_SOURCE,,NOT_VERIFIED_DO_NOT_INFER,Heracles,Nijmegen,1,2,A,EVALUATION_ONLY_JOIN_AFTER_PREMATCH_FEATURE_FREEZE,2.29,3.55,3.01,EXTERNAL_HISTORICAL_MARKET_BENCHMARK,NOT_AVAILABLE,NOT_GOLDBET,f792c6a968d44adc2ddfc0d84aa4de97a4f61e697485d05ef989ca5fd30a37de
2ba28f42f9a7f06bbb72cd04,Eredivisie,2024/2025,DEVELOPMENT,2025-05-18,13:30,MATCH_KICKOFF_TIME_TIMEZONE_NOT_STATED_BY_SOURCE,,NOT_VERIFIED_DO_NOT_INFER,NAC Breda,Willem II,1,1,D,EVALUATION_ONLY_JOIN_AFTER_PREMATCH_FEATURE_FREEZE,1.73,3.81,4.73,EXTERNAL_HISTORICAL_MARKET_BENCHMARK,NOT_AVAILABLE,NOT_GOLDBET,c6c5e91079a5f38c3835979d3fb498ebc47538c93892ce5d9576cf39b73759b6
c24ddb30556b5faca1474ce6,Eredivisie,2024/2025,DEVELOPMENT,2025-05-18,13:30,MATCH_KICKOFF_TIME_TIMEZONE_NOT_STATED_BY_SOURCE,,NOT_VERIFIED_DO_NOT_INFER,Sparta Rotterdam,PSV Eindhoven,1,3,A,EVALUATION_ONLY_JOIN_AFTER_PREMATCH_FEATURE_FREEZE,8.58,6.43,1.28,EXTERNAL_HISTORICAL_MARKET_BENCHMARK,NOT_AVAILABLE,NOT_GOLDBET,40f5671b823815b068ce6c37b23e6551fdd8844749163e7dee5bf92cffc3aab2
03a84db5b71bbd647243cc3c,Eredivisie,2024/2025,DEVELOPMENT,2025-05-18,13:30,MATCH_KICKOFF_TIME_TIMEZONE_NOT_STATED_BY_SOURCE,,NOT_VERIFIED_DO_NOT_INFER,Waalwijk,Go Ahead Eagles,5,3,H,EVALUATION_ONLY_JOIN_AFTER_PREMATCH_FEATURE_FREEZE,2.51,3.96,2.49,EXTERNAL_HISTORICAL_MARKET_BENCHMARK,NOT_AVAILABLE,NOT_GOLDBET,ab1f17e337f6d3e1e1fe2fe01e1809d70ce1811ab8d403f87fdf3c9a21d2c498
ea9012849a4d3fb56d76d33b,Eredivisie,2024/2025,DEVELOPMENT,2025-05-18,13:30,MATCH_KICKOFF_TIME_TIMEZONE_NOT_STATED_BY_SOURCE,,NOT_VERIFIED_DO_NOT_INFER,Zwolle,Groningen,2,0,H,EVALUATION_ONLY_JOIN_AFTER_PREMATCH_FEATURE_FREEZE,2.05,3.65,3.45,EXTERNAL_HISTORICAL_MARKET_BENCHMARK,NOT_AVAILABLE,NOT_GOLDBET,5d07adcb4fd9185f2bcc661bb7a5aad761c332adb3c67e519019cfafe404300c
809eced2ef9d65caa9489ff5,Eredivisie,2025/2026,HOLDOUT,2025-08-08,19:00,MATCH_KICKOFF_TIME_TIMEZONE_NOT_STATED_BY_SOURCE,,NOT_VERIFIED_DO_NOT_INFER,For Sittard,Go Ahead Eagles,2,2,D,EVALUATION_ONLY_JOIN_AFTER_PREMATCH_FEATURE_FREEZE,2.74,3.48,2.45,EXTERNAL_HISTORICAL_MARKET_BENCHMARK,NOT_AVAILABLE,NOT_GOLDBET,aeb7e96e9b985d336a89b67663551e77550e1b5b7dd541d3c9fdbb7880795080
d520b531fa6ada6caa4feff4,Eredivisie,2025/2026,HOLDOUT,2025-08-09,15:30,MATCH_KICKOFF_TIME_TIMEZONE_NOT_STATED_BY_SOURCE,,NOT_VERIFIED_DO_NOT_INFER,Nijmegen,Excelsior,5,0,H,EVALUATION_ONLY_JOIN_AFTER_PREMATCH_FEATURE_FREEZE,1.65,4.18,4.59,EXTERNAL_HISTORICAL_MARKET_BENCHMARK,NOT_AVAILABLE,NOT_GOLDBET,4566b074ba4319913450ac21c08facabc5df38e31fbdafce2f6725e1a899f273
dbf164792fa728687c197c5b,Eredivisie,2025/2026,HOLDOUT,2025-08-09,17:45,MATCH_KICKOFF_TIME_TIMEZONE_NOT_STATED_BY_SOURCE,,NOT_VERIFIED_DO_NOT_INFER,Feyenoord,NAC Breda,2,0,H,EVALUATION_ONLY_JOIN_AFTER_PREMATCH_FEATURE_FREEZE,1.33,5.31,8.06,EXTERNAL_HISTORICAL_MARKET_BENCHMARK,NOT_AVAILABLE,NOT_GOLDBET,e66ab99c82c462c3e1ad892b336cf6208d645cbcc0bb98d29e1dc046fd70f73a
da971592e0704df917415f7b,Eredivisie,2025/2026,HOLDOUT,2025-08-09,19:00,MATCH_KICKOFF_TIME_TIMEZONE_NOT_STATED_BY_SOURCE,,NOT_VERIFIED_DO_NOT_INFER,Heerenveen,Volendam,1,1,D,EVALUATION_ONLY_JOIN_AFTER_PREMATCH_FEATURE_FREEZE,1.59,4.21,5.15,EXTERNAL_HISTORICAL_MARKET_BENCHMARK,NOT_AVAILABLE,NOT_GOLDBET,d08bc5f9bb75b0a4b49b2c6f965cc10860788e9355491f9669f67888e2d9ce29
cce012ec5190b5cc7863e524,Eredivisie,2025/2026,HOLDOUT,2025-08-09,20:00,MATCH_KICKOFF_TIME_TIMEZONE_NOT_STATED_BY_SOURCE,,NOT_VERIFIED_DO_NOT_INFER,PSV Eindhoven,Sparta Rotterdam,6,1,H,EVALUATION_ONLY_JOIN_AFTER_PREMATCH_FEATURE_FREEZE,1.19,7.34,12,EXTERNAL_HISTORICAL_MARKET_BENCHMARK,NOT_AVAILABLE,NOT_GOLDBET,e177ec4d71dd1d1d4ca2d5e089dde48c23aa538bc1a86555fa7a9b231abaa88d
b6fdedb5d6be290ae3a0db58,Eredivisie,2025/2026,HOLDOUT,2025-08-10,11:15,MATCH_KICKOFF_TIME_TIMEZONE_NOT_STATED_BY_SOURCE,,NOT_VERIFIED_DO_NOT_INFER,Zwolle,Twente,1,0,H,EVALUATION_ONLY_JOIN_AFTER_PREMATCH_FEATURE_FREEZE,3.46,3.63,2.01,EXTERNAL_HISTORICAL_MARKET_BENCHMARK,NOT_AVAILABLE,NOT_GOLDBET,549b00143ef570701472d606756e918f56e16d618deb1087b1caa65742e655cc
dacae3c56552e77e977b2de0,Eredivisie,2025/2026,HOLDOUT,2025-08-10,13:30,MATCH_KICKOFF_TIME_TIMEZONE_NOT_STATED_BY_SOURCE,,NOT_VERIFIED_DO_NOT_INFER,AZ Alkmaar,Groningen,4,1,H,EVALUATION_ONLY_JOIN_AFTER_PREMATCH_FEATURE_FREEZE,1.31,5.34,9.02,EXTERNAL_HISTORICAL_MARKET_BENCHMARK,NOT_AVAILABLE,NOT_GOLDBET,a39860d5fb1f1ca5e59f950d9f0636c8967296ed3b32f4b3112a2f38c237f4ac
b227e318998fb9aa08ec7733,Eredivisie,2025/2026,HOLDOUT,2025-08-10,13:30,MATCH_KICKOFF_TIME_TIMEZONE_NOT_STATED_BY_SOURCE,,NOT_VERIFIED_DO_NOT_INFER,Ajax,Telstar,2,0,H,EVALUATION_ONLY_JOIN_AFTER_PREMATCH_FEATURE_FREEZE,1.18,7.28,13.06,EXTERNAL_HISTORICAL_MARKET_BENCHMARK,NOT_AVAILABLE,NOT_GOLDBET,d7a6c7ae69fee4e9a69df7f103857566c56ee9f9feb8cefe7236b1efc39497f5
09507c778b48f17c1de60533,Eredivisie,2025/2026,HOLDOUT,2025-08-10,15:45,MATCH_KICKOFF_TIME_TIMEZONE_NOT_STATED_BY_SOURCE,,NOT_VERIFIED_DO_NOT_INFER,Utrecht,Heracles,4,0,H,EVALUATION_ONLY_JOIN_AFTER_PREMATCH_FEATURE_FREEZE,1.54,4.16,5.79,EXTERNAL_HISTORICAL_MARKET_BENCHMARK,NOT_AVAILABLE,NOT_GOLDBET,81d87e49aafa805e9b3d0ef348fd819fbd18fa7a5dea27d0f6d8a610e9d59add
a25b59a1f962a50c12761fed,Eredivisie,2025/2026,HOLDOUT,2025-08-15,19:00,MATCH_KICKOFF_TIME_TIMEZONE_NOT_STATED_BY_SOURCE,,NOT_VERIFIED_DO_NOT_INFER,Telstar,Zwolle,0,2,A,EVALUATION_ONLY_JOIN_AFTER_PREMATCH_FEATURE_FREEZE,2.52,3.41,2.67,EXTERNAL_HISTORICAL_MARKET_BENCHMARK,NOT_AVAILABLE,NOT_GOLDBET,dc11e783d1848305291cd16c83782b910f70c098b2ff8996d4bb04fd6092e96c
f38cb30cd4590c9078ea0c28,Eredivisie,2025/2026,HOLDOUT,2025-08-16,17:45,MATCH_KICKOFF_TIME_TIMEZONE_NOT_STATED_BY_SOURCE,,NOT_VERIFIED_DO_NOT_INFER,Excelsior,Feyenoord,1,2,A,EVALUATION_ONLY_JOIN_AFTER_PREMATCH_FEATURE_FREEZE,6.17,4.63,1.46,EXTERNAL_HISTORICAL_MARKET_BENCHMARK,NOT_AVAILABLE,NOT_GOLDBET,46c1eb66bd91592d7510bcb80edb938423986fc906e65ab3820afa326a931843
ce2fb2ca4bb7fb80e6c4e968,Eredivisie,2025/2026,HOLDOUT,2025-08-16,19:00,MATCH_KICKOFF_TIME_TIMEZONE_NOT_STATED_BY_SOURCE,,NOT_VERIFIED_DO_NOT_INFER,Heracles,Nijmegen,1,4,A,EVALUATION_ONLY_JOIN_AFTER_PREMATCH_FEATURE_FREEZE,2.89,3.45,2.34,EXTERNAL_HISTORICAL_MARKET_BENCHMARK,NOT_AVAILABLE,NOT_GOLDBET,a1fda2af20c310d1d72e9cf0594fca872cc72c17e428e364dfce6f1dcc5383aa
18d96215b3c810cf90f6b10f,Eredivisie,2025/2026,HOLDOUT,2025-08-16,20:00,MATCH_KICKOFF_TIME_TIMEZONE_NOT_STATED_BY_SOURCE,,NOT_VERIFIED_DO_NOT_INFER,Groningen,Heerenveen,2,1,H,EVALUATION_ONLY_JOIN_AFTER_PREMATCH_FEATURE_FREEZE,2.17,3.33,3.31,EXTERNAL_HISTORICAL_MARKET_BENCHMARK,NOT_AVAILABLE,NOT_GOLDBET,b0494e4aa07bfa15ec7d9ea8d47d5fd22e9f5502cf8e87f759fd6555cbfae167
d3a786388ec6a89bb5bda603,Eredivisie,2025/2026,HOLDOUT,2025-08-17,11:15,MATCH_KICKOFF_TIME_TIMEZONE_NOT_STATED_BY_SOURCE,,NOT_VERIFIED_DO_NOT_INFER,Go Ahead Eagles,Ajax,2,2,D,EVALUATION_ONLY_JOIN_AFTER_PREMATCH_FEATURE_FREEZE,3.72,3.95,1.85,EXTERNAL_HISTORICAL_MARKET_BENCHMARK,NOT_AVAILABLE,NOT_GOLDBET,f1d2875d04bca40d8a0e51aa9d2cef7417fd1665e699942abdadbbb10aba925a
01ecd51bd83865db14f12f4f,Eredivisie,2025/2026,HOLDOUT,2025-08-17,13:30,MATCH_KICKOFF_TIME_TIMEZONE_NOT_STATED_BY_SOURCE,,NOT_VERIFIED_DO_NOT_INFER,Sparta Rotterdam,Utrecht,2,1,H,EVALUATION_ONLY_JOIN_AFTER_PREMATCH_FEATURE_FREEZE,2.49,3.43,2.7,EXTERNAL_HISTORICAL_MARKET_BENCHMARK,NOT_AVAILABLE,NOT_GOLDBET,0ec4561ed9eb7e191b37e260a4a6ecffc62706a2685b778b297892bc2c008456
faae0df3b29b749c16124d81,Eredivisie,2025/2026,HOLDOUT,2025-08-17,13:30,MATCH_KICKOFF_TIME_TIMEZONE_NOT_STATED_BY_SOURCE,,NOT_VERIFIED_DO_NOT_INFER,Twente,PSV Eindhoven,0,2,A,EVALUATION_ONLY_JOIN_AFTER_PREMATCH_FEATURE_FREEZE,4.89,4.55,1.56,EXTERNAL_HISTORICAL_MARKET_BENCHMARK,NOT_AVAILABLE,NOT_GOLDBET,314aa1bf0306a5a799fd61e1d66e8c445511224363ef54bf63b36e76aeb53a27
df82657258a665e36bcca361,Eredivisie,2025/2026,HOLDOUT,2025-08-17,15:45,MATCH_KICKOFF_TIME_TIMEZONE_NOT_STATED_BY_SOURCE,,NOT_VERIFIED_DO_NOT_INFER,Volendam,AZ Alkmaar,2,2,D,EVALUATION_ONLY_JOIN_AFTER_PREMATCH_FEATURE_FREEZE,6.62,5.24,1.39,EXTERNAL_HISTORICAL_MARKET_BENCHMARK,NOT_AVAILABLE,NOT_GOLDBET,6fce60fb27496378b1c763cda33fd4f2adb84f95f96167cddb5c005a864c351a
c31b6c5d2935eeb983fb2c53,Eredivisie,2025/2026,HOLDOUT,2025-08-17,19:00,MATCH_KICKOFF_TIME_TIMEZONE_NOT_STATED_BY_SOURCE,,NOT_VERIFIED_DO_NOT_INFER,NAC Breda,For Sittard,2,1,H,EVALUATION_ONLY_JOIN_AFTER_PREMATCH_FEATURE_FREEZE,2.3,3.31,3.07,EXTERNAL_HISTORICAL_MARKET_BENCHMARK,NOT_AVAILABLE,NOT_GOLDBET,87e4060cbfcb2bf155c706f60bef63b85cb5dc92d91c221f08e7c879b5b44f89
88f362850b56815a8d132a0f,Eredivisie,2025/2026,HOLDOUT,2025-08-23,15:30,MATCH_KICKOFF_TIME_TIMEZONE_NOT_STATED_BY_SOURCE,,NOT_VERIFIED_DO_NOT_INFER,Go Ahead Eagles,Sparta Rotterdam,0,3,A,EVALUATION_ONLY_JOIN_AFTER_PREMATCH_FEATURE_FREEZE,1.96,3.79,3.47,EXTERNAL_HISTORICAL_MARKET_BENCHMARK,NOT_AVAILABLE,NOT_GOLDBET,af3ccc69e4b11a468e965ebeb699a4c62ecb0d1b58e85c9fe39ff5673918932b
066a72203c2cead03c9d761c,Eredivisie,2025/2026,HOLDOUT,2025-08-23,17:45,MATCH_KICKOFF_TIME_TIMEZONE_NOT_STATED_BY_SOURCE,,NOT_VERIFIED_DO_NOT_INFER,PSV Eindhoven,Groningen,4,2,H,EVALUATION_ONLY_JOIN_AFTER_PREMATCH_FEATURE_FREEZE,1.18,7.4,12.97,EXTERNAL_HISTORICAL_MARKET_BENCHMARK,NOT_AVAILABLE,NOT_GOLDBET,2c79cbd48b39f1f08971ace3363fd78d49e51f4fb578728a3be3d174e0ccbe4f
88e132322259c91b3b3d5c7d,Eredivisie,2025/2026,HOLDOUT,2025-08-23,20:00,MATCH_KICKOFF_TIME_TIMEZONE_NOT_STATED_BY_SOURCE,,NOT_VERIFIED_DO_NOT_INFER,Telstar,Volendam,2,2,D,EVALUATION_ONLY_JOIN_AFTER_PREMATCH_FEATURE_FREEZE,2.15,3.72,3,EXTERNAL_HISTORICAL_MARKET_BENCHMARK,NOT_AVAILABLE,NOT_GOLDBET,03d27ed12765fe9325295d169ace92c32c99b8eea171c9f67479d29044cc02c8
a3956fa752e81a132426cef2,Eredivisie,2025/2026,HOLDOUT,2025-08-24,11:15,MATCH_KICKOFF_TIME_TIMEZONE_NOT_STATED_BY_SOURCE,,NOT_VERIFIED_DO_NOT_INFER,Heerenveen,Twente,1,2,A,EVALUATION_ONLY_JOIN_AFTER_PREMATCH_FEATURE_FREEZE,2.63,3.5,2.52,EXTERNAL_HISTORICAL_MARKET_BENCHMARK,NOT_AVAILABLE,NOT_GOLDBET,20f9592fbbca3e9124f23febab805d5df189ecc492cccfe2ae0bf3b439040e0b
af9452a78bd46b5240862925,Eredivisie,2025/2026,HOLDOUT,2025-08-24,13:30,MATCH_KICKOFF_TIME_TIMEZONE_NOT_STATED_BY_SOURCE,,NOT_VERIFIED_DO_NOT_INFER,Nijmegen,NAC Breda,3,0,H,EVALUATION_ONLY_JOIN_AFTER_PREMATCH_FEATURE_FREEZE,1.59,4.29,5.05,EXTERNAL_HISTORICAL_MARKET_BENCHMARK,NOT_AVAILABLE,NOT_GOLDBET,5ef08acb2bf412a5a808fd209659c81cddc8cee639ac98e1a89fa460bd7cba3b
79c5aee6bc99ee358be9d015,Eredivisie,2025/2026,HOLDOUT,2025-08-24,13:30,MATCH_KICKOFF_TIME_TIMEZONE_NOT_STATED_BY_SOURCE,,NOT_VERIFIED_DO_NOT_INFER,Utrecht,Excelsior,4,1,H,EVALUATION_ONLY_JOIN_AFTER_PREMATCH_FEATURE_FREEZE,1.42,4.86,6.61,EXTERNAL_HISTORICAL_MARKET_BENCHMARK,NOT_AVAILABLE,NOT_GOLDBET,ddc26c5e759e6942beb851346dca48dc018c39f16cbfcd6b04c7dc86ca3d0913
55e70f8ccb99d4ce94fe01e7,Eredivisie,2025/2026,HOLDOUT,2025-08-24,15:45,MATCH_KICKOFF_TIME_TIMEZONE_NOT_STATED_BY_SOURCE,,NOT_VERIFIED_DO_NOT_INFER,Ajax,Heracles,2,0,H,EVALUATION_ONLY_JOIN_AFTER_PREMATCH_FEATURE_FREEZE,1.2,6.9,12.44,EXTERNAL_HISTORICAL_MARKET_BENCHMARK,NOT_AVAILABLE,NOT_GOLDBET,80e1a5845e517ec1417be0d7ae3ca51c47391cd7b09f12999e69b14becab80c0
ad8a0c027c38c3349a28580b,Eredivisie,2025/2026,HOLDOUT,2025-08-29,19:00,MATCH_KICKOFF_TIME_TIMEZONE_NOT_STATED_BY_SOURCE,,NOT_VERIFIED_DO_NOT_INFER,Groningen,Heracles,4,0,H,EVALUATION_ONLY_JOIN_AFTER_PREMATCH_FEATURE_FREEZE,1.61,3.98,5.27,EXTERNAL_HISTORICAL_MARKET_BENCHMARK,NOT_AVAILABLE,NOT_GOLDBET,2d5167ff6676b7e7d098108d91ddcbc7a99f64aecc093d2b9bed440fca35f21a
3b33a028e30c4294642d11e9,Eredivisie,2025/2026,HOLDOUT,2025-08-30,15:30,MATCH_KICKOFF_TIME_TIMEZONE_NOT_STATED_BY_SOURCE,,NOT_VERIFIED_DO_NOT_INFER,Volendam,Ajax,1,1,D,EVALUATION_ONLY_JOIN_AFTER_PREMATCH_FEATURE_FREEZE,8.64,5.82,1.29,EXTERNAL_HISTORICAL_MARKET_BENCHMARK,NOT_AVAILABLE,NOT_GOLDBET,ea9ebc3b4a66d337b09a74d48c71f6c3208d67cfa8c97693e3071f60d2f4388c
8b97e9922140f31e6ba8c282,Eredivisie,2025/2026,HOLDOUT,2025-08-30,17:45,MATCH_KICKOFF_TIME_TIMEZONE_NOT_STATED_BY_SOURCE,,NOT_VERIFIED_DO_NOT_INFER,Heerenveen,Go Ahead Eagles,2,2,D,EVALUATION_ONLY_JOIN_AFTER_PREMATCH_FEATURE_FREEZE,2.06,3.85,3.16,EXTERNAL_HISTORICAL_MARKET_BENCHMARK,NOT_AVAILABLE,NOT_GOLDBET,b531d0e6a93a4c8957aad9ec70db46fb6bca27560e7efebcdffcd68b0439e6d1
49c055d0419d07bfdd0e539f,Eredivisie,2025/2026,HOLDOUT,2025-08-30,19:00,MATCH_KICKOFF_TIME_TIMEZONE_NOT_STATED_BY_SOURCE,,NOT_VERIFIED_DO_NOT_INFER,PSV Eindhoven,Telstar,0,2,A,EVALUATION_ONLY_JOIN_AFTER_PREMATCH_FEATURE_FREEZE,1.09,10.78,19.72,EXTERNAL_HISTORICAL_MARKET_BENCHMARK,NOT_AVAILABLE,NOT_GOLDBET,cb083539d5b480cea1b46307d6f1c7cdbb5d57435e6748b4dfb942ad4a1194d3
fe7035d9c986ce185ac1eee6,Eredivisie,2025/2026,HOLDOUT,2025-08-30,20:00,MATCH_KICKOFF_TIME_TIMEZONE_NOT_STATED_BY_SOURCE,,NOT_VERIFIED_DO_NOT_INFER,Excelsior,Twente,1,0,H,EVALUATION_ONLY_JOIN_AFTER_PREMATCH_FEATURE_FREEZE,3.75,3.73,1.89,EXTERNAL_HISTORICAL_MARKET_BENCHMARK,NOT_AVAILABLE,NOT_GOLDBET,91b4a764e20eb4852df0712d2876679c10a29cf3020e4a5d75fe33aa7cf96fc9
772109692005275099aede7c,Eredivisie,2025/2026,HOLDOUT,2025-08-31,11:15,MATCH_KICKOFF_TIME_TIMEZONE_NOT_STATED_BY_SOURCE,,NOT_VERIFIED_DO_NOT_INFER,For Sittard,Nijmegen,3,2,H,EVALUATION_ONLY_JOIN_AFTER_PREMATCH_FEATURE_FREEZE,2.96,3.67,2.21,EXTERNAL_HISTORICAL_MARKET_BENCHMARK,NOT_AVAILABLE,NOT_GOLDBET,02e770d255121bccfd2607bdeef8110b0cdbc065060e6e65a6965eee9b7dadb9
be2033325b37033f8f84f521,Eredivisie,2025/2026,HOLDOUT,2025-08-31,13:30,MATCH_KICKOFF_TIME_TIMEZONE_NOT_STATED_BY_SOURCE,,NOT_VERIFIED_DO_NOT_INFER,Sparta Rotterdam,Feyenoord,0,4,A,EVALUATION_ONLY_JOIN_AFTER_PREMATCH_FEATURE_FREEZE,3.69,3.81,1.89,EXTERNAL_HISTORICAL_MARKET_BENCHMARK,NOT_AVAILABLE,NOT_GOLDBET,eda89cdd433412d562ff89fd34a8333523f5d503549ed0f671f3a2705a282300
6c186eae3d59990946ba7d21,Eredivisie,2025/2026,HOLDOUT,2025-08-31,13:30,MATCH_KICKOFF_TIME_TIMEZONE_NOT_STATED_BY_SOURCE,,NOT_VERIFIED_DO_NOT_INFER,Zwolle,Utrecht,0,2,A,EVALUATION_ONLY_JOIN_AFTER_PREMATCH_FEATURE_FREEZE,3.32,3.45,2.12,EXTERNAL_HISTORICAL_MARKET_BENCHMARK,NOT_AVAILABLE,NOT_GOLDBET,ab1ce3aad1c0be8716e52753744c37fb5a4c9342d6c5f863689b1548bdd583ba
dd5a8d235f14e631e7edc0fa,Eredivisie,2025/2026,HOLDOUT,2025-08-31,15:45,MATCH_KICKOFF_TIME_TIMEZONE_NOT_STATED_BY_SOURCE,,NOT_VERIFIED_DO_NOT_INFER,NAC Breda,AZ Alkmaar,0,1,A,EVALUATION_ONLY_JOIN_AFTER_PREMATCH_FEATURE_FREEZE,4.56,3.93,1.69,EXTERNAL_HISTORICAL_MARKET_BENCHMARK,NOT_AVAILABLE,NOT_GOLDBET,b76e82e0814bd199b681dfa96ae83b98d680e2bbef675556b4eb5a794a5486c4
46bd72d5e0e4d3aa8d13ad1b,Eredivisie,2025/2026,HOLDOUT,2025-09-13,15:30,MATCH_KICKOFF_TIME_TIMEZONE_NOT_STATED_BY_SOURCE,,NOT_VERIFIED_DO_NOT_INFER,Ajax,Zwolle,3,1,H,EVALUATION_ONLY_JOIN_AFTER_PREMATCH_FEATURE_FREEZE,1.29,5.72,8.85,EXTERNAL_HISTORICAL_MARKET_BENCHMARK,NOT_AVAILABLE,NOT_GOLDBET,72e70974d1da206f04cca73a1321431b516e6442571d94cd11afd92845819345
0e0f793e47cca93c10b0b247,Eredivisie,2025/2026,HOLDOUT,2025-09-13,17:45,MATCH_KICKOFF_TIME_TIMEZONE_NOT_STATED_BY_SOURCE,,NOT_VERIFIED_DO_NOT_INFER,Go Ahead Eagles,Volendam,3,0,H,EVALUATION_ONLY_JOIN_AFTER_PREMATCH_FEATURE_FREEZE,1.5,4.78,5.32,EXTERNAL_HISTORICAL_MARKET_BENCHMARK,NOT_AVAILABLE,NOT_GOLDBET,712d828cf4ee3d4be218ec21c463928f22ee76d4bbff44dfa4420666596660f5
4b4f12f5d6dc66c755af09ef,Eredivisie,2025/2026,HOLDOUT,2025-09-13,17:45,MATCH_KICKOFF_TIME_TIMEZONE_NOT_STATED_BY_SOURCE,,NOT_VERIFIED_DO_NOT_INFER,Nijmegen,PSV Eindhoven,3,5,A,EVALUATION_ONLY_JOIN_AFTER_PREMATCH_FEATURE_FREEZE,4.65,4.44,1.6,EXTERNAL_HISTORICAL_MARKET_BENCHMARK,NOT_AVAILABLE,NOT_GOLDBET,ad266d0c99d123c2bf61d82b5d48a2b9b265d2498f574df9f49dda5469a1d173
2129f4aed6fb65d2969342ce,Eredivisie,2025/2026,HOLDOUT,2025-09-13,20:00,MATCH_KICKOFF_TIME_TIMEZONE_NOT_STATED_BY_SOURCE,,NOT_VERIFIED_DO_NOT_INFER,Feyenoord,Heerenveen,1,0,H,EVALUATION_ONLY_JOIN_AFTER_PREMATCH_FEATURE_FREEZE,1.32,5.56,7.99,EXTERNAL_HISTORICAL_MARKET_BENCHMARK,NOT_AVAILABLE,NOT_GOLDBET,ace7cfdce3c9d7ddbb622df8cff23902b2210fe7cfbe30e9f51d148039171089
bcf7d8551f2a334cd2a81111,Eredivisie,2025/2026,HOLDOUT,2025-09-13,20:00,MATCH_KICKOFF_TIME_TIMEZONE_NOT_STATED_BY_SOURCE,,NOT_VERIFIED_DO_NOT_INFER,Twente,NAC Breda,2,2,D,EVALUATION_ONLY_JOIN_AFTER_PREMATCH_FEATURE_FREEZE,1.49,4.41,6.04,EXTERNAL_HISTORICAL_MARKET_BENCHMARK,NOT_AVAILABLE,NOT_GOLDBET,37e67b419a04b50716a1863b9d9c7f4c221380fd1bc2fb620f6093fddadbf0d2
b6e5916993536d8d3839c556,Eredivisie,2025/2026,HOLDOUT,2025-09-14,11:15,MATCH_KICKOFF_TIME_TIMEZONE_NOT_STATED_BY_SOURCE,,NOT_VERIFIED_DO_NOT_INFER,Excelsior,Sparta Rotterdam,0,1,A,EVALUATION_ONLY_JOIN_AFTER_PREMATCH_FEATURE_FREEZE,2.47,3.67,2.61,EXTERNAL_HISTORICAL_MARKET_BENCHMARK,NOT_AVAILABLE,NOT_GOLDBET,b596d317586a121cace05e4146c11dcaee879edc80b9570040830272a7badecd
fe885e8f77ac79a0c04ef920,Eredivisie,2025/2026,HOLDOUT,2025-09-14,13:30,MATCH_KICKOFF_TIME_TIMEZONE_NOT_STATED_BY_SOURCE,,NOT_VERIFIED_DO_NOT_INFER,Heracles,AZ Alkmaar,1,2,A,EVALUATION_ONLY_JOIN_AFTER_PREMATCH_FEATURE_FREEZE,5.09,4.35,1.57,EXTERNAL_HISTORICAL_MARKET_BENCHMARK,NOT_AVAILABLE,NOT_GOLDBET,84e8dbff0b791fa4ba6b10c52df2a5431e4a2bb35805e0538eeb0b089f648ad3
dcc06d1f38b461475f4312a3,Eredivisie,2025/2026,HOLDOUT,2025-09-14,13:30,MATCH_KICKOFF_TIME_TIMEZONE_NOT_STATED_BY_SOURCE,,NOT_VERIFIED_DO_NOT_INFER,Utrecht,Groningen,0,1,A,EVALUATION_ONLY_JOIN_AFTER_PREMATCH_FEATURE_FREEZE,1.7,3.69,4.78,EXTERNAL_HISTORICAL_MARKET_BENCHMARK,NOT_AVAILABLE,NOT_GOLDBET,21541c1c508a4dd3228d842e2d304232a8fc14b8131d883ba088914a3c069ca9
af82c045c2ccdcf7408b037e,Eredivisie,2025/2026,HOLDOUT,2025-09-14,15:45,MATCH_KICKOFF_TIME_TIMEZONE_NOT_STATED_BY_SOURCE,,NOT_VERIFIED_DO_NOT_INFER,Telstar,For Sittard,1,3,A,EVALUATION_ONLY_JOIN_AFTER_PREMATCH_FEATURE_FREEZE,2.1,3.47,3.34,EXTERNAL_HISTORICAL_MARKET_BENCHMARK,NOT_AVAILABLE,NOT_GOLDBET,d294eac289f84fd08c2baaf973f8696f40642b1dd668c20d0345e7e8aa1fbee2
c63c2fb2e43e643bab679396,Eredivisie,2025/2026,HOLDOUT,2025-09-17,19:00,MATCH_KICKOFF_TIME_TIMEZONE_NOT_STATED_BY_SOURCE,,NOT_VERIFIED_DO_NOT_INFER,Feyenoord,For Sittard,2,0,H,EVALUATION_ONLY_JOIN_AFTER_PREMATCH_FEATURE_FREEZE,1.26,5.95,10.1,EXTERNAL_HISTORICAL_MARKET_BENCHMARK,NOT_AVAILABLE,NOT_GOLDBET,e588d33400755ed2d631b15fce29d0a97857f244a93e81ce48f1cdfe482ac409
36511d1f69deaf5f05c5bac2,Eredivisie,2025/2026,HOLDOUT,2025-09-19,19:00,MATCH_KICKOFF_TIME_TIMEZONE_NOT_STATED_BY_SOURCE,,NOT_VERIFIED_DO_NOT_INFER,Sparta Rotterdam,Twente,1,5,A,EVALUATION_ONLY_JOIN_AFTER_PREMATCH_FEATURE_FREEZE,2.77,3.53,2.38,EXTERNAL_HISTORICAL_MARKET_BENCHMARK,NOT_AVAILABLE,NOT_GOLDBET,00e5fa5c42227fa7cdfcec94369726c3dccfbef79ae3ffdea5bc7bd9cb7f698c
c7cc0bbbea979eea09649f11,Eredivisie,2025/2026,HOLDOUT,2025-09-20,15:30,MATCH_KICKOFF_TIME_TIMEZONE_NOT_STATED_BY_SOURCE,,NOT_VERIFIED_DO_NOT_INFER,Volendam,Excelsior,1,2,A,EVALUATION_ONLY_JOIN_AFTER_PREMATCH_FEATURE_FREEZE,2.21,3.69,2.95,EXTERNAL_HISTORICAL_MARKET_BENCHMARK,NOT_AVAILABLE,NOT_GOLDBET,4c28ecd5385dddb718e5ca6311ad044c82902eb2aa8169ff85d6cc1522fd15fa
b9fad62fce6e5f7594f2d492,Eredivisie,2025/2026,HOLDOUT,2025-09-20,17:45,MATCH_KICKOFF_TIME_TIMEZONE_NOT_STATED_BY_SOURCE,,NOT_VERIFIED_DO_NOT_INFER,Groningen,Telstar,2,0,H,EVALUATION_ONLY_JOIN_AFTER_PREMATCH_FEATURE_FREEZE,1.54,4.11,5.86,EXTERNAL_HISTORICAL_MARKET_BENCHMARK,NOT_AVAILABLE,NOT_GOLDBET,44e3715043d89bf2e0099d50b5c10bc02c87df05531022bb9cda68227c3f83ba
d4283e7e901210fc260f78d9,Eredivisie,2025/2026,HOLDOUT,2025-09-20,19:00,MATCH_KICKOFF_TIME_TIMEZONE_NOT_STATED_BY_SOURCE,,NOT_VERIFIED_DO_NOT_INFER,For Sittard,Utrecht,1,0,H,EVALUATION_ONLY_JOIN_AFTER_PREMATCH_FEATURE_FREEZE,3.24,3.46,2.16,EXTERNAL_HISTORICAL_MARKET_BENCHMARK,NOT_AVAILABLE,NOT_GOLDBET,f13009e3513b282c81680664f9afdc01418066e4d98c17055fe54e2e9ba2ecf9
478aca4c34eb6f7841a3f728,Eredivisie,2025/2026,HOLDOUT,2025-09-20,20:00,MATCH_KICKOFF_TIME_TIMEZONE_NOT_STATED_BY_SOURCE,,NOT_VERIFIED_DO_NOT_INFER,NAC Breda,Heracles,2,1,H,EVALUATION_ONLY_JOIN_AFTER_PREMATCH_FEATURE_FREEZE,1.86,3.64,3.92,EXTERNAL_HISTORICAL_MARKET_BENCHMARK,NOT_AVAILABLE,NOT_GOLDBET,780897d76601d68c31834b65a447954c01f624b9afcd1273bd79d40f70fd3577
3022fd7629583c2a61889da1,Eredivisie,2025/2026,HOLDOUT,2025-09-21,11:15,MATCH_KICKOFF_TIME_TIMEZONE_NOT_STATED_BY_SOURCE,,NOT_VERIFIED_DO_NOT_INFER,Zwolle,Go Ahead Eagles,0,2,A,EVALUATION_ONLY_JOIN_AFTER_PREMATCH_FEATURE_FREEZE,2.52,3.5,2.63,EXTERNAL_HISTORICAL_MARKET_BENCHMARK,NOT_AVAILABLE,NOT_GOLDBET,0e8edfcc88ab96bf2bd973db93d79fa2c0c5870dd80c9827a126b89ad9c1daf8
cabf45cc95b05328673d4783,Eredivisie,2025/2026,HOLDOUT,2025-09-21,13:30,MATCH_KICKOFF_TIME_TIMEZONE_NOT_STATED_BY_SOURCE,,NOT_VERIFIED_DO_NOT_INFER,Heerenveen,Nijmegen,3,2,H,EVALUATION_ONLY_JOIN_AFTER_PREMATCH_FEATURE_FREEZE,2.39,3.7,2.67,EXTERNAL_HISTORICAL_MARKET_BENCHMARK,NOT_AVAILABLE,NOT_GOLDBET,f1e56cc223a554e400772e96eb37dcddc09df840f88d15013eda88d8a79a98e5
364f1a3000a8e733105cb94e,Eredivisie,2025/2026,HOLDOUT,2025-09-21,13:30,MATCH_KICKOFF_TIME_TIMEZONE_NOT_STATED_BY_SOURCE,,NOT_VERIFIED_DO_NOT_INFER,PSV Eindhoven,Ajax,2,2,D,EVALUATION_ONLY_JOIN_AFTER_PREMATCH_FEATURE_FREEZE,1.59,4.42,4.8,EXTERNAL_HISTORICAL_MARKET_BENCHMARK,NOT_AVAILABLE,NOT_GOLDBET,5bb7cb6f32f7cc5391717a02ed9ff5b12cdb2a6e60c510aae1c86ff0c8203925
6dc778fa93faaa00932a22bb,Eredivisie,2025/2026,HOLDOUT,2025-09-21,15:45,MATCH_KICKOFF_TIME_TIMEZONE_NOT_STATED_BY_SOURCE,,NOT_VERIFIED_DO_NOT_INFER,AZ Alkmaar,Feyenoord,3,3,D,EVALUATION_ONLY_JOIN_AFTER_PREMATCH_FEATURE_FREEZE,2.43,3.66,2.64,EXTERNAL_HISTORICAL_MARKET_BENCHMARK,NOT_AVAILABLE,NOT_GOLDBET,e5ff674a759ff74bcc27ddb6f5a422660980dbe2fe572ac95cbf51377f9a7338
aaae3f7f4f666ec045c1fcde,Eredivisie,2025/2026,HOLDOUT,2025-09-24,19:00,MATCH_KICKOFF_TIME_TIMEZONE_NOT_STATED_BY_SOURCE,,NOT_VERIFIED_DO_NOT_INFER,AZ Alkmaar,Zwolle,2,2,D,EVALUATION_ONLY_JOIN_AFTER_PREMATCH_FEATURE_FREEZE,1.3,5.62,8.5,EXTERNAL_HISTORICAL_MARKET_BENCHMARK,NOT_AVAILABLE,NOT_GOLDBET,9ffe09231c240d03eb063640f7e037d4a920d0c2b7f721192f77c03f5d267087
c2b5fd879da273e6d06a494c,Eredivisie,2025/2026,HOLDOUT,2025-09-26,19:00,MATCH_KICKOFF_TIME_TIMEZONE_NOT_STATED_BY_SOURCE,,NOT_VERIFIED_DO_NOT_INFER,Twente,For Sittard,3,2,H,EVALUATION_ONLY_JOIN_AFTER_PREMATCH_FEATURE_FREEZE,1.41,4.7,7.16,EXTERNAL_HISTORICAL_MARKET_BENCHMARK,NOT_AVAILABLE,NOT_GOLDBET,1e57c37d3dd51976976c5c802906ca81202989d0d9e3b083a481448a06a6eb50
897b886b68ffb2b469d176bc,Eredivisie,2025/2026,HOLDOUT,2025-09-27,15:30,MATCH_KICKOFF_TIME_TIMEZONE_NOT_STATED_BY_SOURCE,,NOT_VERIFIED_DO_NOT_INFER,Ajax,NAC Breda,2,1,H,EVALUATION_ONLY_JOIN_AFTER_PREMATCH_FEATURE_FREEZE,1.28,5.79,9.48,EXTERNAL_HISTORICAL_MARKET_BENCHMARK,NOT_AVAILABLE,NOT_GOLDBET,417bf88654c20b9c38ede26e4060794ea273c1b2c06c978872a61130243796fd
a3731c87a29de2c53e754813,Eredivisie,2025/2026,HOLDOUT,2025-09-27,17:45,MATCH_KICKOFF_TIME_TIMEZONE_NOT_STATED_BY_SOURCE,,NOT_VERIFIED_DO_NOT_INFER,Volendam,Zwolle,2,1,H,EVALUATION_ONLY_JOIN_AFTER_PREMATCH_FEATURE_FREEZE,2.44,3.53,2.69,EXTERNAL_HISTORICAL_MARKET_BENCHMARK,NOT_AVAILABLE,NOT_GOLDBET,bcad279b2d958fc770ae28c0f4279a0fcf1a2b8408974d383c38beccfc8699a7
9b43bad7a3558d4ec2988986,Eredivisie,2025/2026,HOLDOUT,2025-09-27,19:00,MATCH_KICKOFF_TIME_TIMEZONE_NOT_STATED_BY_SOURCE,,NOT_VERIFIED_DO_NOT_INFER,Excelsior,PSV Eindhoven,1,2,A,EVALUATION_ONLY_JOIN_AFTER_PREMATCH_FEATURE_FREEZE,6.76,5.42,1.37,EXTERNAL_HISTORICAL_MARKET_BENCHMARK,NOT_AVAILABLE,NOT_GOLDBET,f5d952655657157ac52e44aaf4a33024e2c035f461ed0b811b6a514a0ce57cb3
1931f0ff1373feea87b8595a,Eredivisie,2025/2026,HOLDOUT,2025-09-27,20:00,MATCH_KICKOFF_TIME_TIMEZONE_NOT_STATED_BY_SOURCE,,NOT_VERIFIED_DO_NOT_INFER,Heracles,Sparta Rotterdam,3,0,H,EVALUATION_ONLY_JOIN_AFTER_PREMATCH_FEATURE_FREEZE,2.45,3.61,2.66,EXTERNAL_HISTORICAL_MARKET_BENCHMARK,NOT_AVAILABLE,NOT_GOLDBET,f972ba33848e7cf2e82b3a6e2dc1fbc701e0c151de2c59eca6edb1d6daeaf21d
c79a55f224e917cfa5fa6e30,Eredivisie,2025/2026,HOLDOUT,2025-09-28,11:15,MATCH_KICKOFF_TIME_TIMEZONE_NOT_STATED_BY_SOURCE,,NOT_VERIFIED_DO_NOT_INFER,Nijmegen,AZ Alkmaar,2,1,H,EVALUATION_ONLY_JOIN_AFTER_PREMATCH_FEATURE_FREEZE,3.23,4.01,1.98,EXTERNAL_HISTORICAL_MARKET_BENCHMARK,NOT_AVAILABLE,NOT_GOLDBET,6b233bacd6ba1d1d16c6dd7625ddef67e3d542588a5c397956bf78075a3db943
95a200b154d7cd7a44c6d7e7,Eredivisie,2025/2026,HOLDOUT,2025-09-28,13:30,MATCH_KICKOFF_TIME_TIMEZONE_NOT_STATED_BY_SOURCE,,NOT_VERIFIED_DO_NOT_INFER,Groningen,Feyenoord,0,1,A,EVALUATION_ONLY_JOIN_AFTER_PREMATCH_FEATURE_FREEZE,4.03,3.45,1.91,EXTERNAL_HISTORICAL_MARKET_BENCHMARK,NOT_AVAILABLE,NOT_GOLDBET,a3d0e8ef3c9c1d55209d784f210a0ec01e84121131fa310599ee9615d649e37a
13595312b211a9679ef8d91f,Eredivisie,2025/2026,HOLDOUT,2025-09-28,13:30,MATCH_KICKOFF_TIME_TIMEZONE_NOT_STATED_BY_SOURCE,,NOT_VERIFIED_DO_NOT_INFER,Utrecht,Heerenveen,2,2,D,EVALUATION_ONLY_JOIN_AFTER_PREMATCH_FEATURE_FREEZE,1.77,3.88,4.19,EXTERNAL_HISTORICAL_MARKET_BENCHMARK,NOT_AVAILABLE,NOT_GOLDBET,55e9cc3c3ba5d80cf425a5e703318e7c93b0bca31c2935269df8d704568fa9f7
8ad94c202fb878a1c567d425,Eredivisie,2025/2026,HOLDOUT,2025-09-28,15:45,MATCH_KICKOFF_TIME_TIMEZONE_NOT_STATED_BY_SOURCE,,NOT_VERIFIED_DO_NOT_INFER,Telstar,Go Ahead Eagles,4,2,H,EVALUATION_ONLY_JOIN_AFTER_PREMATCH_FEATURE_FREEZE,2.85,3.63,2.29,EXTERNAL_HISTORICAL_MARKET_BENCHMARK,NOT_AVAILABLE,NOT_GOLDBET,3310363cd1b955ac965af8c12256242bca6241b284087d3354365430ea58e7a9
956a1d0604cfb91eb61fe02a,Eredivisie,2025/2026,HOLDOUT,2025-10-03,19:00,MATCH_KICKOFF_TIME_TIMEZONE_NOT_STATED_BY_SOURCE,,NOT_VERIFIED_DO_NOT_INFER,NAC Breda,Groningen,1,2,A,EVALUATION_ONLY_JOIN_AFTER_PREMATCH_FEATURE_FREEZE,2.61,3.3,2.64,EXTERNAL_HISTORICAL_MARKET_BENCHMARK,NOT_AVAILABLE,NOT_GOLDBET,8e09f82260dd33fefa8d9089f6fd4f79b46efa8694572f5e95c5e0c51e022031
4e98d0f3a7f564c9c40d71b5,Eredivisie,2025/2026,HOLDOUT,2025-10-04,15:30,MATCH_KICKOFF_TIME_TIMEZONE_NOT_STATED_BY_SOURCE,,NOT_VERIFIED_DO_NOT_INFER,Sparta Rotterdam,Ajax,3,3,D,EVALUATION_ONLY_JOIN_AFTER_PREMATCH_FEATURE_FREEZE,4.38,4.04,1.7,EXTERNAL_HISTORICAL_MARKET_BENCHMARK,NOT_AVAILABLE,NOT_GOLDBET,fb5542e210d4a49cfde6682683fd242696dc6741fee5ac07cf98a7ec51162be4
7023780b725612e3664cee84,Eredivisie,2025/2026,HOLDOUT,2025-10-04,17:45,MATCH_KICKOFF_TIME_TIMEZONE_NOT_STATED_BY_SOURCE,,NOT_VERIFIED_DO_NOT_INFER,For Sittard,Volendam,1,0,H,EVALUATION_ONLY_JOIN_AFTER_PREMATCH_FEATURE_FREEZE,1.79,3.88,4.08,EXTERNAL_HISTORICAL_MARKET_BENCHMARK,NOT_AVAILABLE,NOT_GOLDBET,b926fda0b95bfc5a2702dead4c0d185d8464169d16946326d4fc207c7db28612
1b34df0e5494dc95730007ad,Eredivisie,2025/2026,HOLDOUT,2025-10-04,19:00,MATCH_KICKOFF_TIME_TIMEZONE_NOT_STATED_BY_SOURCE,,NOT_VERIFIED_DO_NOT_INFER,Zwolle,PSV Eindhoven,0,4,A,EVALUATION_ONLY_JOIN_AFTER_PREMATCH_FEATURE_FREEZE,6.13,5.23,1.42,EXTERNAL_HISTORICAL_MARKET_BENCHMARK,NOT_AVAILABLE,NOT_GOLDBET,47e0352f1dc6d29321383492d16e02dcec85f61e6dc27af7e0a75653df012272
5464373d5101e94c6e1b43f9,Eredivisie,2025/2026,HOLDOUT,2025-10-04,20:00,MATCH_KICKOFF_TIME_TIMEZONE_NOT_STATED_BY_SOURCE,,NOT_VERIFIED_DO_NOT_INFER,Heerenveen,Excelsior,2,1,H,EVALUATION_ONLY_JOIN_AFTER_PREMATCH_FEATURE_FREEZE,1.66,4.04,4.65,EXTERNAL_HISTORICAL_MARKET_BENCHMARK,NOT_AVAILABLE,NOT_GOLDBET,4626a135f6580716076a53ca97e0132a737a3633c4f30fbc6704fd852ccc1fcd
801bff92d47f767f625371dc,Eredivisie,2025/2026,HOLDOUT,2025-10-05,11:15,MATCH_KICKOFF_TIME_TIMEZONE_NOT_STATED_BY_SOURCE,,NOT_VERIFIED_DO_NOT_INFER,Twente,Heracles,2,1,H,EVALUATION_ONLY_JOIN_AFTER_PREMATCH_FEATURE_FREEZE,1.28,5.72,9.27,EXTERNAL_HISTORICAL_MARKET_BENCHMARK,NOT_AVAILABLE,NOT_GOLDBET,74783fe7095c2389838115c2be5ce734e7bee82017f0be18eb942eb7dfaaae69
1aa60cf873dffb4f25b238e1,Eredivisie,2025/2026,HOLDOUT,2025-10-05,13:30,MATCH_KICKOFF_TIME_TIMEZONE_NOT_STATED_BY_SOURCE,,NOT_VERIFIED_DO_NOT_INFER,Feyenoord,Utrecht,3,2,H,EVALUATION_ONLY_JOIN_AFTER_PREMATCH_FEATURE_FREEZE,1.44,4.62,6.47,EXTERNAL_HISTORICAL_MARKET_BENCHMARK,NOT_AVAILABLE,NOT_GOLDBET,7bbc829acc94af228fb57317a05963d1416d78552b875045f6983874477aa347
3162a72b4c27e7b198f53fef,Eredivisie,2025/2026,HOLDOUT,2025-10-05,15:45,MATCH_KICKOFF_TIME_TIMEZONE_NOT_STATED_BY_SOURCE,,NOT_VERIFIED_DO_NOT_INFER,AZ Alkmaar,Telstar,2,1,H,EVALUATION_ONLY_JOIN_AFTER_PREMATCH_FEATURE_FREEZE,1.33,5.37,8.04,EXTERNAL_HISTORICAL_MARKET_BENCHMARK,NOT_AVAILABLE,NOT_GOLDBET,a3a1ea25da77f25988ad59f7d70fc10506e7a27e0ee3c2c2adfa7bd0fa2c8621
209a26541acc2eaf573fd030,Eredivisie,2025/2026,HOLDOUT,2025-10-05,19:00,MATCH_KICKOFF_TIME_TIMEZONE_NOT_STATED_BY_SOURCE,,NOT_VERIFIED_DO_NOT_INFER,Go Ahead Eagles,Nijmegen,1,1,D,EVALUATION_ONLY_JOIN_AFTER_PREMATCH_FEATURE_FREEZE,2.5,3.89,2.46,EXTERNAL_HISTORICAL_MARKET_BENCHMARK,NOT_AVAILABLE,NOT_GOLDBET,874955a3081d9b3eb86c6b34ff88f59a0dca205e536cb7eb0c8c60c99e8fc6e0
1524f71a67a188aac2c3c6af,Eredivisie,2025/2026,HOLDOUT,2025-10-18,15:30,MATCH_KICKOFF_TIME_TIMEZONE_NOT_STATED_BY_SOURCE,,NOT_VERIFIED_DO_NOT_INFER,Nijmegen,Twente,3,3,D,EVALUATION_ONLY_JOIN_AFTER_PREMATCH_FEATURE_FREEZE,2.52,3.65,2.52,EXTERNAL_HISTORICAL_MARKET_BENCHMARK,NOT_AVAILABLE,NOT_GOLDBET,8a17facfdc5423f3c11df5560d12296e4c5f797e564a8719cc56f54b714d330a
326a881564805e14b03f66b5,Eredivisie,2025/2026,HOLDOUT,2025-10-18,17:45,MATCH_KICKOFF_TIME_TIMEZONE_NOT_STATED_BY_SOURCE,,NOT_VERIFIED_DO_NOT_INFER,PSV Eindhoven,Go Ahead Eagles,2,1,H,EVALUATION_ONLY_JOIN_AFTER_PREMATCH_FEATURE_FREEZE,1.22,6.94,9.5,EXTERNAL_HISTORICAL_MARKET_BENCHMARK,NOT_AVAILABLE,NOT_GOLDBET,916207440eaf274a9f6d242055cbe9f799187fd0978de1c145098252b21b5d27
a68e40033febeb51fa03fe47,Eredivisie,2025/2026,HOLDOUT,2025-10-18,17:45,MATCH_KICKOFF_TIME_TIMEZONE_NOT_STATED_BY_SOURCE,,NOT_VERIFIED_DO_NOT_INFER,Utrecht,Volendam,3,1,H,EVALUATION_ONLY_JOIN_AFTER_PREMATCH_FEATURE_FREEZE,1.34,5.25,7.89,EXTERNAL_HISTORICAL_MARKET_BENCHMARK,NOT_AVAILABLE,NOT_GOLDBET,310fe1d4ce06f7fdddf796cdb34fc9e71bca348fea1522e1d05926b6635a177d
3cde09de37c4dfe3d1af647e,Eredivisie,2025/2026,HOLDOUT,2025-10-18,20:00,MATCH_KICKOFF_TIME_TIMEZONE_NOT_STATED_BY_SOURCE,,NOT_VERIFIED_DO_NOT_INFER,Ajax,AZ Alkmaar,0,2,A,EVALUATION_ONLY_JOIN_AFTER_PREMATCH_FEATURE_FREEZE,2.04,3.71,3.26,EXTERNAL_HISTORICAL_MARKET_BENCHMARK,NOT_AVAILABLE,NOT_GOLDBET,40dd60893e77287ff36170e8e60969cb96a0c1d066746cb0091a387468f6a9f7
c0f7ef33cf4bb5aeacddf938,Eredivisie,2025/2026,HOLDOUT,2025-10-18,20:00,MATCH_KICKOFF_TIME_TIMEZONE_NOT_STATED_BY_SOURCE,,NOT_VERIFIED_DO_NOT_INFER,NAC Breda,Zwolle,2,2,D,EVALUATION_ONLY_JOIN_AFTER_PREMATCH_FEATURE_FREEZE,1.74,3.78,4.38,EXTERNAL_HISTORICAL_MARKET_BENCHMARK,NOT_AVAILABLE,NOT_GOLDBET,97bcc0c98f8ff1293af444339b112aecd5ac2190a63b2c1cd3e34c5df81bdd29
252bf6584f265aa7b1f3050c,Eredivisie,2025/2026,HOLDOUT,2025-10-19,11:15,MATCH_KICKOFF_TIME_TIMEZONE_NOT_STATED_BY_SOURCE,,NOT_VERIFIED_DO_NOT_INFER,Telstar,Heerenveen,2,3,A,EVALUATION_ONLY_JOIN_AFTER_PREMATCH_FEATURE_FREEZE,2.96,3.56,2.2,EXTERNAL_HISTORICAL_MARKET_BENCHMARK,NOT_AVAILABLE,NOT_GOLDBET,1e7664d68951fbe2bddbce5d70755390044cc1df2cd504ffb2bb461681ba4694
e3c98a0d3bcde425df92555a,Eredivisie,2025/2026,HOLDOUT,2025-10-19,13:30,MATCH_KICKOFF_TIME_TIMEZONE_NOT_STATED_BY_SOURCE,,NOT_VERIFIED_DO_NOT_INFER,Excelsior,For Sittard,1,0,H,EVALUATION_ONLY_JOIN_AFTER_PREMATCH_FEATURE_FREEZE,2.06,3.49,3.39,EXTERNAL_HISTORICAL_MARKET_BENCHMARK,NOT_AVAILABLE,NOT_GOLDBET,0951c1e96ab601cd5238fd771325c104f44cbfcc02c8c2b33a96b6158043be91
bcb045bf2c05783db5ca46a4,Eredivisie,2025/2026,HOLDOUT,2025-10-19,13:30,MATCH_KICKOFF_TIME_TIMEZONE_NOT_STATED_BY_SOURCE,,NOT_VERIFIED_DO_NOT_INFER,Groningen,Sparta Rotterdam,0,2,A,EVALUATION_ONLY_JOIN_AFTER_PREMATCH_FEATURE_FREEZE,1.74,3.77,4.41,EXTERNAL_HISTORICAL_MARKET_BENCHMARK,NOT_AVAILABLE,NOT_GOLDBET,122d09cd941b3db48e839b4b573670610b223d0038a0b8d54a34efae54d5e28b
ad1f4771b35d7b566cc84745,Eredivisie,2025/2026,HOLDOUT,2025-10-19,15:45,MATCH_KICKOFF_TIME_TIMEZONE_NOT_STATED_BY_SOURCE,,NOT_VERIFIED_DO_NOT_INFER,Heracles,Feyenoord,0,7,A,EVALUATION_ONLY_JOIN_AFTER_PREMATCH_FEATURE_FREEZE,7.5,5.3,1.34,EXTERNAL_HISTORICAL_MARKET_BENCHMARK,NOT_AVAILABLE,NOT_GOLDBET,2e199aff708488187035d0cf1e7a5a0937fb5e4a2d0201eaa56061a769582fd0
72c4a1865eb6207e37fae3bf,Eredivisie,2025/2026,HOLDOUT,2025-10-24,19:00,MATCH_KICKOFF_TIME_TIMEZONE_NOT_STATED_BY_SOURCE,,NOT_VERIFIED_DO_NOT_INFER,Heerenveen,NAC Breda,3,3,D,EVALUATION_ONLY_JOIN_AFTER_PREMATCH_FEATURE_FREEZE,1.56,4.2,5.41,EXTERNAL_HISTORICAL_MARKET_BENCHMARK,NOT_AVAILABLE,NOT_GOLDBET,0112de585fad3350a259ecfa3422b4ea55a68783c39af7ba52ee1aea49843056
dabaa785ec6e1ad3de0688f1,Eredivisie,2025/2026,HOLDOUT,2025-10-25,15:30,MATCH_KICKOFF_TIME_TIMEZONE_NOT_STATED_BY_SOURCE,,NOT_VERIFIED_DO_NOT_INFER,For Sittard,Groningen,1,2,A,EVALUATION_ONLY_JOIN_AFTER_PREMATCH_FEATURE_FREEZE,2.93,3.2,2.42,EXTERNAL_HISTORICAL_MARKET_BENCHMARK,NOT_AVAILABLE,NOT_GOLDBET,9381d7b237eb8baaf58dd8b2391c9abb82cfd7d637aca524d024a1b1128c06df
5693f6c6db950681e0dc5dd9,Eredivisie,2025/2026,HOLDOUT,2025-10-25,17:45,MATCH_KICKOFF_TIME_TIMEZONE_NOT_STATED_BY_SOURCE,,NOT_VERIFIED_DO_NOT_INFER,Sparta Rotterdam,Telstar,1,0,H,EVALUATION_ONLY_JOIN_AFTER_PREMATCH_FEATURE_FREEZE,1.76,4,4.02,EXTERNAL_HISTORICAL_MARKET_BENCHMARK,NOT_AVAILABLE,NOT_GOLDBET,71ab78c09601ed16a10748752070fcc483cb6642b8d8eae9f0ce0d4b29181b8f
29073096cd611d86bc0a39d2,Eredivisie,2025/2026,HOLDOUT,2025-10-25,19:00,MATCH_KICKOFF_TIME_TIMEZONE_NOT_STATED_BY_SOURCE,,NOT_VERIFIED_DO_NOT_INFER,Volendam,Heracles,3,0,H,EVALUATION_ONLY_JOIN_AFTER_PREMATCH_FEATURE_FREEZE,2.02,3.69,3.33,EXTERNAL_HISTORICAL_MARKET_BENCHMARK,NOT_AVAILABLE,NOT_GOLDBET,9775e2a90857d15d54c97199c0124d553699d26985b6d7f8273d7ff100101864
48a6d8f7d966b9254da37eee,Eredivisie,2025/2026,HOLDOUT,2025-10-25,20:00,MATCH_KICKOFF_TIME_TIMEZONE_NOT_STATED_BY_SOURCE,,NOT_VERIFIED_DO_NOT_INFER,Zwolle,Nijmegen,2,2,D,EVALUATION_ONLY_JOIN_AFTER_PREMATCH_FEATURE_FREEZE,3.83,3.78,1.84,EXTERNAL_HISTORICAL_MARKET_BENCHMARK,NOT_AVAILABLE,NOT_GOLDBET,a8b8620c9408623767bf7237fe6e16aad6cb18c72ea054115f6851d0f5d1ce3f
a8b53b477f89155f510577cd,Eredivisie,2025/2026,HOLDOUT,2025-10-26,11:15,MATCH_KICKOFF_TIME_TIMEZONE_NOT_STATED_BY_SOURCE,,NOT_VERIFIED_DO_NOT_INFER,Twente,Ajax,2,3,A,EVALUATION_ONLY_JOIN_AFTER_PREMATCH_FEATURE_FREEZE,2.37,3.48,2.79,EXTERNAL_HISTORICAL_MARKET_BENCHMARK,NOT_AVAILABLE,NOT_GOLDBET,67025db1b26cf65889ef84e22fcf2443543e11ee2194c230a6fefc800049bf18
4315b612361e6e0b6ddc0a8a,Eredivisie,2025/2026,HOLDOUT,2025-10-26,13:30,MATCH_KICKOFF_TIME_TIMEZONE_NOT_STATED_BY_SOURCE,,NOT_VERIFIED_DO_NOT_INFER,Feyenoord,PSV Eindhoven,2,3,A,EVALUATION_ONLY_JOIN_AFTER_PREMATCH_FEATURE_FREEZE,2.32,3.81,2.69,EXTERNAL_HISTORICAL_MARKET_BENCHMARK,NOT_AVAILABLE,NOT_GOLDBET,8faf3ec5e34cdd3b4cf3b034d4ced89e4fe48d728c2c32ef924321e121854a73
a024aa2e1ee5ea59f7a3af1b,Eredivisie,2025/2026,HOLDOUT,2025-10-26,15:45,MATCH_KICKOFF_TIME_TIMEZONE_NOT_STATED_BY_SOURCE,,NOT_VERIFIED_DO_NOT_INFER,AZ Alkmaar,Utrecht,4,1,H,EVALUATION_ONLY_JOIN_AFTER_PREMATCH_FEATURE_FREEZE,1.51,4.43,5.57,EXTERNAL_HISTORICAL_MARKET_BENCHMARK,NOT_AVAILABLE,NOT_GOLDBET,2eefb49515259c0176d03d21bb5cc8823e0c7b90b345c88c40f915b60b0fa6b0
4784191a8797ac52b397f945,Eredivisie,2025/2026,HOLDOUT,2025-10-26,19:00,MATCH_KICKOFF_TIME_TIMEZONE_NOT_STATED_BY_SOURCE,,NOT_VERIFIED_DO_NOT_INFER,Go Ahead Eagles,Excelsior,2,0,H,EVALUATION_ONLY_JOIN_AFTER_PREMATCH_FEATURE_FREEZE,2.06,3.71,3.21,EXTERNAL_HISTORICAL_MARKET_BENCHMARK,NOT_AVAILABLE,NOT_GOLDBET,a95ec445ad1e0c1271e74793f2cccd7fb03efb531408b5fdcae42d406f6bd1a7
04d0a1b4f5df60a1dba6cd83,Eredivisie,2025/2026,HOLDOUT,2025-10-31,19:00,MATCH_KICKOFF_TIME_TIMEZONE_NOT_STATED_BY_SOURCE,,NOT_VERIFIED_DO_NOT_INFER,PSV Eindhoven,For Sittard,5,2,H,EVALUATION_ONLY_JOIN_AFTER_PREMATCH_FEATURE_FREEZE,1.13,8.97,15.25,EXTERNAL_HISTORICAL_MARKET_BENCHMARK,NOT_AVAILABLE,NOT_GOLDBET,aebc4403160b158e0de27551fe6174c81f70be967284c41b5a33db40ef4a5783
9f6f05b1916d319678a95cb1,Eredivisie,2025/2026,HOLDOUT,2025-11-01,15:30,MATCH_KICKOFF_TIME_TIMEZONE_NOT_STATED_BY_SOURCE,,NOT_VERIFIED_DO_NOT_INFER,Ajax,Heerenveen,1,1,D,EVALUATION_ONLY_JOIN_AFTER_PREMATCH_FEATURE_FREEZE,1.52,4.55,5.3,EXTERNAL_HISTORICAL_MARKET_BENCHMARK,NOT_AVAILABLE,NOT_GOLDBET,3b6d0b8fce0a47ef7976cdf57702cc7ff40fc12dead0c50cc53e4f34612a8df5
5f35dd592edcceb0ca63471d,Eredivisie,2025/2026,HOLDOUT,2025-11-01,17:45,MATCH_KICKOFF_TIME_TIMEZONE_NOT_STATED_BY_SOURCE,,NOT_VERIFIED_DO_NOT_INFER,NAC Breda,Go Ahead Eagles,1,0,H,EVALUATION_ONLY_JOIN_AFTER_PREMATCH_FEATURE_FREEZE,2.19,3.58,3.03,EXTERNAL_HISTORICAL_MARKET_BENCHMARK,NOT_AVAILABLE,NOT_GOLDBET,1c7af1cbe1c9c912bc236a3d61adf0774df82d8c61a3206f45d1b357f5f9d50e
7e2299765653ba344159a412,Eredivisie,2025/2026,HOLDOUT,2025-11-01,19:00,MATCH_KICKOFF_TIME_TIMEZONE_NOT_STATED_BY_SOURCE,,NOT_VERIFIED_DO_NOT_INFER,Feyenoord,Volendam,3,1,H,EVALUATION_ONLY_JOIN_AFTER_PREMATCH_FEATURE_FREEZE,1.11,9.32,18.34,EXTERNAL_HISTORICAL_MARKET_BENCHMARK,NOT_AVAILABLE,NOT_GOLDBET,2d1e952054a2e228564d0c14ef61f6d2ac7485818f88711c9b7d566e2294d428
92b11fb6502bc5798bfea294,Eredivisie,2025/2026,HOLDOUT,2025-11-01,20:00,MATCH_KICKOFF_TIME_TIMEZONE_NOT_STATED_BY_SOURCE,,NOT_VERIFIED_DO_NOT_INFER,Telstar,Excelsior,2,2,D,EVALUATION_ONLY_JOIN_AFTER_PREMATCH_FEATURE_FREEZE,2.11,3.5,3.26,EXTERNAL_HISTORICAL_MARKET_BENCHMARK,NOT_AVAILABLE,NOT_GOLDBET,1e1dafb37929590b79dc4245cbe67963b0580c02bbd564488c537cb8f061b284
25f2651710ccee71135562d8,Eredivisie,2025/2026,HOLDOUT,2025-11-02,11:15,MATCH_KICKOFF_TIME_TIMEZONE_NOT_STATED_BY_SOURCE,,NOT_VERIFIED_DO_NOT_INFER,Heracles,Zwolle,8,2,H,EVALUATION_ONLY_JOIN_AFTER_PREMATCH_FEATURE_FREEZE,2.52,3.47,2.62,EXTERNAL_HISTORICAL_MARKET_BENCHMARK,NOT_AVAILABLE,NOT_GOLDBET,69ad527257f125f80152653c8cd9efc8d9ff4ec45f413a4a833b4a25fccfd84a
16ee1f1f011ca753734db916,Eredivisie,2025/2026,HOLDOUT,2025-11-02,13:30,MATCH_KICKOFF_TIME_TIMEZONE_NOT_STATED_BY_SOURCE,,NOT_VERIFIED_DO_NOT_INFER,Groningen,Twente,1,1,D,EVALUATION_ONLY_JOIN_AFTER_PREMATCH_FEATURE_FREEZE,2.93,3.38,2.32,EXTERNAL_HISTORICAL_MARKET_BENCHMARK,NOT_AVAILABLE,NOT_GOLDBET,f6c95c7656e0b898e5c19116ac62a337ee3ca26ab158022ef44ea834f97459cb
8984bdad7e98dc03c4d4055e,Eredivisie,2025/2026,HOLDOUT,2025-11-02,13:30,MATCH_KICKOFF_TIME_TIMEZONE_NOT_STATED_BY_SOURCE,,NOT_VERIFIED_DO_NOT_INFER,Sparta Rotterdam,AZ Alkmaar,0,1,A,EVALUATION_ONLY_JOIN_AFTER_PREMATCH_FEATURE_FREEZE,4.24,4.08,1.7,EXTERNAL_HISTORICAL_MARKET_BENCHMARK,NOT_AVAILABLE,NOT_GOLDBET,9e7c84376daf07431275a6be109679f2f157ec3e472ba454eb92b0cd51aedfc8
59cc8dee2f15319c29df5fcc,Eredivisie,2025/2026,HOLDOUT,2025-11-02,15:45,MATCH_KICKOFF_TIME_TIMEZONE_NOT_STATED_BY_SOURCE,,NOT_VERIFIED_DO_NOT_INFER,Utrecht,Nijmegen,1,0,H,EVALUATION_ONLY_JOIN_AFTER_PREMATCH_FEATURE_FREEZE,2.18,3.52,3.09,EXTERNAL_HISTORICAL_MARKET_BENCHMARK,NOT_AVAILABLE,NOT_GOLDBET,b1515f84ebde4e60d58b3596d8da960e3f00a576f0bb1ac6e26e01ee3c0f62cf
f6804245558c6d5eea4e5ee5,Eredivisie,2025/2026,HOLDOUT,2025-11-07,19:00,MATCH_KICKOFF_TIME_TIMEZONE_NOT_STATED_BY_SOURCE,,NOT_VERIFIED_DO_NOT_INFER,Twente,Telstar,0,0,D,EVALUATION_ONLY_JOIN_AFTER_PREMATCH_FEATURE_FREEZE,1.32,5.41,8.22,EXTERNAL_HISTORICAL_MARKET_BENCHMARK,NOT_AVAILABLE,NOT_GOLDBET,d9fe209710afec38459658a8dd88705611d9f80dc8634d20f685e473580fde7b
84714953a08479d289d3126a,Eredivisie,2025/2026,HOLDOUT,2025-11-08,15:30,MATCH_KICKOFF_TIME_TIMEZONE_NOT_STATED_BY_SOURCE,,NOT_VERIFIED_DO_NOT_INFER,Excelsior,Heracles,1,2,A,EVALUATION_ONLY_JOIN_AFTER_PREMATCH_FEATURE_FREEZE,1.86,3.84,3.72,EXTERNAL_HISTORICAL_MARKET_BENCHMARK,NOT_AVAILABLE,NOT_GOLDBET,bfc50eb42b10c54401697139775abebbe8c56ccbbfa139b60fd471cf4935a52a
c35a1dec58447b7d9523615f,Eredivisie,2025/2026,HOLDOUT,2025-11-08,17:45,MATCH_KICKOFF_TIME_TIMEZONE_NOT_STATED_BY_SOURCE,,NOT_VERIFIED_DO_NOT_INFER,Volendam,NAC Breda,2,1,H,EVALUATION_ONLY_JOIN_AFTER_PREMATCH_FEATURE_FREEZE,2.72,3.55,2.39,EXTERNAL_HISTORICAL_MARKET_BENCHMARK,NOT_AVAILABLE,NOT_GOLDBET,5b1683402a23f7fb8b61cb471b392f797c15f8df29430339db341d6123600e93
f7533d32941dd2c716ce4ff3,Eredivisie,2025/2026,HOLDOUT,2025-11-08,19:00,MATCH_KICKOFF_TIME_TIMEZONE_NOT_STATED_BY_SOURCE,,NOT_VERIFIED_DO_NOT_INFER,For Sittard,Heerenveen,2,0,H,EVALUATION_ONLY_JOIN_AFTER_PREMATCH_FEATURE_FREEZE,2.96,3.52,2.25,EXTERNAL_HISTORICAL_MARKET_BENCHMARK,NOT_AVAILABLE,NOT_GOLDBET,7fb3d09e1b9577f91ae3e68927860b28b4cf97d9b43ca9463c354f951ef49d5a
6bd605aa19200aa0cb56f381,Eredivisie,2025/2026,HOLDOUT,2025-11-08,20:00,MATCH_KICKOFF_TIME_TIMEZONE_NOT_STATED_BY_SOURCE,,NOT_VERIFIED_DO_NOT_INFER,Zwolle,Sparta Rotterdam,1,0,H,EVALUATION_ONLY_JOIN_AFTER_PREMATCH_FEATURE_FREEZE,2.63,3.53,2.48,EXTERNAL_HISTORICAL_MARKET_BENCHMARK,NOT_AVAILABLE,NOT_GOLDBET,484af785fce63a868c4f2e8e76b0a99503a387de219b68677b994488b0c86e23
33e59761643b9ba949734e41,Eredivisie,2025/2026,HOLDOUT,2025-11-09,11:15,MATCH_KICKOFF_TIME_TIMEZONE_NOT_STATED_BY_SOURCE,,NOT_VERIFIED_DO_NOT_INFER,Utrecht,Ajax,2,1,H,EVALUATION_ONLY_JOIN_AFTER_PREMATCH_FEATURE_FREEZE,2.74,3.48,2.41,EXTERNAL_HISTORICAL_MARKET_BENCHMARK,NOT_AVAILABLE,NOT_GOLDBET,eeed3d1ad91d551a6ddf6e25f33db8432d3c119824bacb240361dec4cb17ef8b
c49972d68c5840aae3566c03,Eredivisie,2025/2026,HOLDOUT,2025-11-09,13:30,MATCH_KICKOFF_TIME_TIMEZONE_NOT_STATED_BY_SOURCE,,NOT_VERIFIED_DO_NOT_INFER,Nijmegen,Groningen,2,0,H,EVALUATION_ONLY_JOIN_AFTER_PREMATCH_FEATURE_FREEZE,1.98,3.62,3.49,EXTERNAL_HISTORICAL_MARKET_BENCHMARK,NOT_AVAILABLE,NOT_GOLDBET,449f0c62c827e86f297e0b6bdc654ca8a9753e36275d5aa82e0a4d2a8f1e3eac
6f585ac503d228c1150e209e,Eredivisie,2025/2026,HOLDOUT,2025-11-09,15:45,MATCH_KICKOFF_TIME_TIMEZONE_NOT_STATED_BY_SOURCE,,NOT_VERIFIED_DO_NOT_INFER,AZ Alkmaar,PSV Eindhoven,1,5,A,EVALUATION_ONLY_JOIN_AFTER_PREMATCH_FEATURE_FREEZE,3.38,4.11,1.89,EXTERNAL_HISTORICAL_MARKET_BENCHMARK,NOT_AVAILABLE,NOT_GOLDBET,849d966333b44bc85e73121c32d9e4169701e8bf42c7b0ba9d8c80f39cc8423f
f122d1204d64904dae1b441b,Eredivisie,2025/2026,HOLDOUT,2025-11-09,19:00,MATCH_KICKOFF_TIME_TIMEZONE_NOT_STATED_BY_SOURCE,,NOT_VERIFIED_DO_NOT_INFER,Go Ahead Eagles,Feyenoord,2,1,H,EVALUATION_ONLY_JOIN_AFTER_PREMATCH_FEATURE_FREEZE,6.27,4.94,1.42,EXTERNAL_HISTORICAL_MARKET_BENCHMARK,NOT_AVAILABLE,NOT_GOLDBET,93a19696cb78d31cd7894231e192ad7e48019d5d40c78723cc4c3a983ed52501
0db5b6e706f0db9c725165cb,Eredivisie,2025/2026,HOLDOUT,2025-11-22,15:30,MATCH_KICKOFF_TIME_TIMEZONE_NOT_STATED_BY_SOURCE,,NOT_VERIFIED_DO_NOT_INFER,NAC Breda,PSV Eindhoven,0,1,A,EVALUATION_ONLY_JOIN_AFTER_PREMATCH_FEATURE_FREEZE,8.41,5.98,1.28,EXTERNAL_HISTORICAL_MARKET_BENCHMARK,NOT_AVAILABLE,NOT_GOLDBET,ecdf8007cc4e15c39c1ff5893c7a883c4f8a9b794813957f7965fe17e3367849
819e3457a07f3ee03cca52ef,Eredivisie,2025/2026,HOLDOUT,2025-11-22,17:45,MATCH_KICKOFF_TIME_TIMEZONE_NOT_STATED_BY_SOURCE,,NOT_VERIFIED_DO_NOT_INFER,Ajax,Excelsior,1,2,A,EVALUATION_ONLY_JOIN_AFTER_PREMATCH_FEATURE_FREEZE,1.3,5.78,8.18,EXTERNAL_HISTORICAL_MARKET_BENCHMARK,NOT_AVAILABLE,NOT_GOLDBET,82a5471f0370bccebc8d797a8dfdb73d7e82507591f958c46e938214f81c9a73
7d78e738a08794e4ff174fb7,Eredivisie,2025/2026,HOLDOUT,2025-11-22,17:45,MATCH_KICKOFF_TIME_TIMEZONE_NOT_STATED_BY_SOURCE,,NOT_VERIFIED_DO_NOT_INFER,Volendam,Twente,1,1,D,EVALUATION_ONLY_JOIN_AFTER_PREMATCH_FEATURE_FREEZE,4.63,3.93,1.68,EXTERNAL_HISTORICAL_MARKET_BENCHMARK,NOT_AVAILABLE,NOT_GOLDBET,134d8ce9bd77e8e5631cb63c492472b24f01e3320a01bd0f5ab81c2eb296e2ff
8ff43db437ad79a8cf92ca7f,Eredivisie,2025/2026,HOLDOUT,2025-11-22,20:00,MATCH_KICKOFF_TIME_TIMEZONE_NOT_STATED_BY_SOURCE,,NOT_VERIFIED_DO_NOT_INFER,Heracles,Go Ahead Eagles,4,2,H,EVALUATION_ONLY_JOIN_AFTER_PREMATCH_FEATURE_FREEZE,2.51,3.51,2.6,EXTERNAL_HISTORICAL_MARKET_BENCHMARK,NOT_AVAILABLE,NOT_GOLDBET,7632f05a481c267428a6f86074169660f28b4938eebf1d8dc56397296f8ce30b
24300147061d95bdb9518c3d,Eredivisie,2025/2026,HOLDOUT,2025-11-22,20:00,MATCH_KICKOFF_TIME_TIMEZONE_NOT_STATED_BY_SOURCE,,NOT_VERIFIED_DO_NOT_INFER,Sparta Rotterdam,For Sittard,1,1,D,EVALUATION_ONLY_JOIN_AFTER_PREMATCH_FEATURE_FREEZE,1.88,3.53,3.97,EXTERNAL_HISTORICAL_MARKET_BENCHMARK,NOT_AVAILABLE,NOT_GOLDBET,34795af6ca0250de701f6be9f5ed2f460b407e22dbb76d8b82b699ff71278c4a
c68a3aa3e6c14b296858ca45,Eredivisie,2025/2026,HOLDOUT,2025-11-23,11:15,MATCH_KICKOFF_TIME_TIMEZONE_NOT_STATED_BY_SOURCE,,NOT_VERIFIED_DO_NOT_INFER,Heerenveen,AZ Alkmaar,3,1,H,EVALUATION_ONLY_JOIN_AFTER_PREMATCH_FEATURE_FREEZE,2.58,3.73,2.43,EXTERNAL_HISTORICAL_MARKET_BENCHMARK,NOT_AVAILABLE,NOT_GOLDBET,744474bebbe97e0ccf38c34928baffc84ac35d43c4e852c44deea23b269b9d5f
702ff17cdd22ce2255d1e3e2,Eredivisie,2025/2026,HOLDOUT,2025-11-23,13:30,MATCH_KICKOFF_TIME_TIMEZONE_NOT_STATED_BY_SOURCE,,NOT_VERIFIED_DO_NOT_INFER,Feyenoord,Nijmegen,2,4,A,EVALUATION_ONLY_JOIN_AFTER_PREMATCH_FEATURE_FREEZE,1.42,4.92,6.31,EXTERNAL_HISTORICAL_MARKET_BENCHMARK,NOT_AVAILABLE,NOT_GOLDBET,a83a2fce50ab4bb1f411163a6acd6917b8603da1eae467a662e930595429771b
50ff53c2f2d1b501d84924c6,Eredivisie,2025/2026,HOLDOUT,2025-11-23,13:30,MATCH_KICKOFF_TIME_TIMEZONE_NOT_STATED_BY_SOURCE,,NOT_VERIFIED_DO_NOT_INFER,Telstar,Utrecht,1,1,D,EVALUATION_ONLY_JOIN_AFTER_PREMATCH_FEATURE_FREEZE,3.57,3.64,1.96,EXTERNAL_HISTORICAL_MARKET_BENCHMARK,NOT_AVAILABLE,NOT_GOLDBET,a7d0b17542c7fade3d23bc767c08922b07fbaab30b65507c253f8173e8d18bae
fafd230e4448a6960153ba70,Eredivisie,2025/2026,HOLDOUT,2025-11-23,15:45,MATCH_KICKOFF_TIME_TIMEZONE_NOT_STATED_BY_SOURCE,,NOT_VERIFIED_DO_NOT_INFER,Groningen,Zwolle,2,2,D,EVALUATION_ONLY_JOIN_AFTER_PREMATCH_FEATURE_FREEZE,1.45,4.37,6.68,EXTERNAL_HISTORICAL_MARKET_BENCHMARK,NOT_AVAILABLE,NOT_GOLDBET,5d731f5f1ccb08416746eb16f849162f86ccec721ffa5f35b2c0d7179bbf5ee9
f5271b467e7b7fbd27b7de97,Eredivisie,2025/2026,HOLDOUT,2025-11-28,19:00,MATCH_KICKOFF_TIME_TIMEZONE_NOT_STATED_BY_SOURCE,,NOT_VERIFIED_DO_NOT_INFER,Zwolle,Heerenveen,2,1,H,EVALUATION_ONLY_JOIN_AFTER_PREMATCH_FEATURE_FREEZE,3.75,3.87,1.84,EXTERNAL_HISTORICAL_MARKET_BENCHMARK,NOT_AVAILABLE,NOT_GOLDBET,f144f86114b1cc5088de661f77706652a45fd574b805c9205547b73ee2d6fc3b
2501901162946ffb5799f0b4,Eredivisie,2025/2026,HOLDOUT,2025-11-29,15:30,MATCH_KICKOFF_TIME_TIMEZONE_NOT_STATED_BY_SOURCE,,NOT_VERIFIED_DO_NOT_INFER,Excelsior,NAC Breda,1,0,H,EVALUATION_ONLY_JOIN_AFTER_PREMATCH_FEATURE_FREEZE,2.39,3.5,2.7,EXTERNAL_HISTORICAL_MARKET_BENCHMARK,NOT_AVAILABLE,NOT_GOLDBET,32b58fecb590e0d896d3c47ac6468fd7e0c9fd4d181753fd8912df951dff2b6c
c9bd90a9aa6b00320e1e06b6,Eredivisie,2025/2026,HOLDOUT,2025-11-29,17:45,MATCH_KICKOFF_TIME_TIMEZONE_NOT_STATED_BY_SOURCE,,NOT_VERIFIED_DO_NOT_INFER,For Sittard,Heracles,1,1,D,EVALUATION_ONLY_JOIN_AFTER_PREMATCH_FEATURE_FREEZE,1.96,3.65,3.56,EXTERNAL_HISTORICAL_MARKET_BENCHMARK,NOT_AVAILABLE,NOT_GOLDBET,b7c3cf2874b9ba0cc4a949d5e74400698212cce7986ddd1a87af31ca381d4c22
12cbe2e68e2c90161af25d07,Eredivisie,2025/2026,HOLDOUT,2025-11-29,20:00,MATCH_KICKOFF_TIME_TIMEZONE_NOT_STATED_BY_SOURCE,,NOT_VERIFIED_DO_NOT_INFER,Nijmegen,Sparta Rotterdam,3,1,H,EVALUATION_ONLY_JOIN_AFTER_PREMATCH_FEATURE_FREEZE,1.61,4.26,4.75,EXTERNAL_HISTORICAL_MARKET_BENCHMARK,NOT_AVAILABLE,NOT_GOLDBET,a9457f56019df1e170e13a50863f0d4ef8d2dea7b0752ca5bd0d8d2e34d146e8
730fd347275131d0e84f6cb0,Eredivisie,2025/2026,HOLDOUT,2025-11-30,11:15,MATCH_KICKOFF_TIME_TIMEZONE_NOT_STATED_BY_SOURCE,,NOT_VERIFIED_DO_NOT_INFER,PSV Eindhoven,Volendam,3,0,H,EVALUATION_ONLY_JOIN_AFTER_PREMATCH_FEATURE_FREEZE,1.1,10.48,17.16,EXTERNAL_HISTORICAL_MARKET_BENCHMARK,NOT_AVAILABLE,NOT_GOLDBET,204affc02475031a4012da3d76a7dcd5588aa0400bc90c7434c669bd9a8e726d
270e3b63f2b7773327cb3fd7,Eredivisie,2025/2026,HOLDOUT,2025-11-30,13:30,MATCH_KICKOFF_TIME_TIMEZONE_NOT_STATED_BY_SOURCE,,NOT_VERIFIED_DO_NOT_INFER,Go Ahead Eagles,Utrecht,2,2,D,EVALUATION_ONLY_JOIN_AFTER_PREMATCH_FEATURE_FREEZE,2.93,3.4,2.31,EXTERNAL_HISTORICAL_MARKET_BENCHMARK,NOT_AVAILABLE,NOT_GOLDBET,01826859e12ecb55f485e7f8cc0e824c9054d8d69bf62be3be7e008816f4ea08
c8840729518c8d437e02e4b3,Eredivisie,2025/2026,HOLDOUT,2025-11-30,13:30,MATCH_KICKOFF_TIME_TIMEZONE_NOT_STATED_BY_SOURCE,,NOT_VERIFIED_DO_NOT_INFER,Telstar,Feyenoord,1,2,A,EVALUATION_ONLY_JOIN_AFTER_PREMATCH_FEATURE_FREEZE,5.03,4.37,1.56,EXTERNAL_HISTORICAL_MARKET_BENCHMARK,NOT_AVAILABLE,NOT_GOLDBET,4f6a5eac64cc16a9b7e077f7a3287680ffc2c67f0ab9573a6cf97f492c4d2fce
55e4d68503e1dc5143d92474,Eredivisie,2025/2026,HOLDOUT,2025-11-30,15:45,MATCH_KICKOFF_TIME_TIMEZONE_NOT_STATED_BY_SOURCE,,NOT_VERIFIED_DO_NOT_INFER,Twente,AZ Alkmaar,1,0,H,EVALUATION_ONLY_JOIN_AFTER_PREMATCH_FEATURE_FREEZE,2.15,3.64,3.03,EXTERNAL_HISTORICAL_MARKET_BENCHMARK,NOT_AVAILABLE,NOT_GOLDBET,0d65097499f8090c47125bdfe790718aeb5e74efdf336729e9005bb80f001836
7e385a7824d6088727f6c8d0,Eredivisie,2025/2026,HOLDOUT,2025-12-02,13:30,MATCH_KICKOFF_TIME_TIMEZONE_NOT_STATED_BY_SOURCE,,NOT_VERIFIED_DO_NOT_INFER,Ajax,Groningen,2,0,H,EVALUATION_ONLY_JOIN_AFTER_PREMATCH_FEATURE_FREEZE,1.94,3.68,3.58,EXTERNAL_HISTORICAL_MARKET_BENCHMARK,NOT_AVAILABLE,NOT_GOLDBET,75a84b4f02253d4ced63f99563e1082a4e8a4f745f51773f639c515042aa18cb
cb19e42df4123f32afb27e00,Eredivisie,2025/2026,HOLDOUT,2025-12-05,19:00,MATCH_KICKOFF_TIME_TIMEZONE_NOT_STATED_BY_SOURCE,,NOT_VERIFIED_DO_NOT_INFER,Excelsior,Groningen,0,2,A,EVALUATION_ONLY_JOIN_AFTER_PREMATCH_FEATURE_FREEZE,3.56,3.42,2.02,EXTERNAL_HISTORICAL_MARKET_BENCHMARK,NOT_AVAILABLE,NOT_GOLDBET,5b8d44134188e0789456f88117138320f702206a8738fe20d05967c26d8b9666
238d71a9bac474067f569642,Eredivisie,2025/2026,HOLDOUT,2025-12-06,15:30,MATCH_KICKOFF_TIME_TIMEZONE_NOT_STATED_BY_SOURCE,,NOT_VERIFIED_DO_NOT_INFER,Heerenveen,PSV Eindhoven,0,2,A,EVALUATION_ONLY_JOIN_AFTER_PREMATCH_FEATURE_FREEZE,3.53,4.24,1.83,EXTERNAL_HISTORICAL_MARKET_BENCHMARK,NOT_AVAILABLE,NOT_GOLDBET,a09b6d0de80a7c0097cc9f70182b635a383852fa0f4c837e3b88bf955a02315a
fdeca250bec0ab3346cd081d,Eredivisie,2025/2026,HOLDOUT,2025-12-06,17:45,MATCH_KICKOFF_TIME_TIMEZONE_NOT_STATED_BY_SOURCE,,NOT_VERIFIED_DO_NOT_INFER,For Sittard,Ajax,1,3,A,EVALUATION_ONLY_JOIN_AFTER_PREMATCH_FEATURE_FREEZE,3.55,3.57,1.98,EXTERNAL_HISTORICAL_MARKET_BENCHMARK,NOT_AVAILABLE,NOT_GOLDBET,ebc86f15f700a602dd7c8bc11dea5770b7f4402daa997d141eb8b0c6aca3668c
6d5b1d8b442f5e183408e6ad,Eredivisie,2025/2026,HOLDOUT,2025-12-06,19:00,MATCH_KICKOFF_TIME_TIMEZONE_NOT_STATED_BY_SOURCE,,NOT_VERIFIED_DO_NOT_INFER,Heracles,Telstar,1,1,D,EVALUATION_ONLY_JOIN_AFTER_PREMATCH_FEATURE_FREEZE,2.3,3.59,2.82,EXTERNAL_HISTORICAL_MARKET_BENCHMARK,NOT_AVAILABLE,NOT_GOLDBET,ba6f8e91835fd4799cbcd77e98be7ac353baa9fd48b2af4453a4a3e03a37718f
b389d9d25dc0e18e85303df8,Eredivisie,2025/2026,HOLDOUT,2025-12-06,20:00,MATCH_KICKOFF_TIME_TIMEZONE_NOT_STATED_BY_SOURCE,,NOT_VERIFIED_DO_NOT_INFER,Feyenoord,Zwolle,6,1,H,EVALUATION_ONLY_JOIN_AFTER_PREMATCH_FEATURE_FREEZE,1.14,8.13,14.66,EXTERNAL_HISTORICAL_MARKET_BENCHMARK,NOT_AVAILABLE,NOT_GOLDBET,c52aca8e85f2201f0dfd470a1a29f10285e7138be08b6ac2ff890621c15cab59
ea50c92f5817a4c1c7232b3b,Eredivisie,2025/2026,HOLDOUT,2025-12-07,11:15,MATCH_KICKOFF_TIME_TIMEZONE_NOT_STATED_BY_SOURCE,,NOT_VERIFIED_DO_NOT_INFER,Utrecht,Twente,1,1,D,EVALUATION_ONLY_JOIN_AFTER_PREMATCH_FEATURE_FREEZE,2.48,3.37,2.73,EXTERNAL_HISTORICAL_MARKET_BENCHMARK,NOT_AVAILABLE,NOT_GOLDBET,01149b4cad02d5f913caa083e241d22b4469cc031aac9a3d157176cf07d288e5
d7ca68dbb31da1c8615a4084,Eredivisie,2025/2026,HOLDOUT,2025-12-07,13:30,MATCH_KICKOFF_TIME_TIMEZONE_NOT_STATED_BY_SOURCE,,NOT_VERIFIED_DO_NOT_INFER,AZ Alkmaar,Go Ahead Eagles,2,2,D,EVALUATION_ONLY_JOIN_AFTER_PREMATCH_FEATURE_FREEZE,1.31,5.54,8.02,EXTERNAL_HISTORICAL_MARKET_BENCHMARK,NOT_AVAILABLE,NOT_GOLDBET,890e573fe7d1bb99bdb2326910be93df9f8b981fb2baeeb7a0f76cdc57779006
aa2d502853ac7e3836e93e6f,Eredivisie,2025/2026,HOLDOUT,2025-12-07,13:30,MATCH_KICKOFF_TIME_TIMEZONE_NOT_STATED_BY_SOURCE,,NOT_VERIFIED_DO_NOT_INFER,Volendam,Nijmegen,2,3,A,EVALUATION_ONLY_JOIN_AFTER_PREMATCH_FEATURE_FREEZE,4.4,4.29,1.65,EXTERNAL_HISTORICAL_MARKET_BENCHMARK,NOT_AVAILABLE,NOT_GOLDBET,3a7202a53de4a07e7bb052bf9c939bcf58328f6979a3e5b8f0a3b596c8cee9d4
68650cb3a3ee69042f8e09fe,Eredivisie,2025/2026,HOLDOUT,2025-12-07,15:45,MATCH_KICKOFF_TIME_TIMEZONE_NOT_STATED_BY_SOURCE,,NOT_VERIFIED_DO_NOT_INFER,Sparta Rotterdam,NAC Breda,1,0,H,EVALUATION_ONLY_JOIN_AFTER_PREMATCH_FEATURE_FREEZE,2.33,3.4,2.91,EXTERNAL_HISTORICAL_MARKET_BENCHMARK,NOT_AVAILABLE,NOT_GOLDBET,812eaa63376cc55593015ac35a375f3ebf2efd92f43c2b7960c828b81f162ca4
53919d23715d50c3554cebc4,Eredivisie,2025/2026,HOLDOUT,2025-12-13,15:30,MATCH_KICKOFF_TIME_TIMEZONE_NOT_STATED_BY_SOURCE,,NOT_VERIFIED_DO_NOT_INFER,Telstar,Nijmegen,2,2,D,EVALUATION_ONLY_JOIN_AFTER_PREMATCH_FEATURE_FREEZE,3.06,3.8,2.09,EXTERNAL_HISTORICAL_MARKET_BENCHMARK,NOT_AVAILABLE,NOT_GOLDBET,8c5da0eed66448f367fd0c17ec4086b08ed3340fa42eb2edb75d279727f6dcf6
b2b19a214483309e09a2c217,Eredivisie,2025/2026,HOLDOUT,2025-12-13,17:45,MATCH_KICKOFF_TIME_TIMEZONE_NOT_STATED_BY_SOURCE,,NOT_VERIFIED_DO_NOT_INFER,Groningen,Volendam,3,0,H,EVALUATION_ONLY_JOIN_AFTER_PREMATCH_FEATURE_FREEZE,1.36,4.88,7.53,EXTERNAL_HISTORICAL_MARKET_BENCHMARK,NOT_AVAILABLE,NOT_GOLDBET,4a85fe84cedcfc774d0bdff6cf029268b920036cf18256dbe4290e53438f219c
f0dc21d02b1e0db81e213fdc,Eredivisie,2025/2026,HOLDOUT,2025-12-13,19:00,MATCH_KICKOFF_TIME_TIMEZONE_NOT_STATED_BY_SOURCE,,NOT_VERIFIED_DO_NOT_INFER,PSV Eindhoven,Heracles,4,3,H,EVALUATION_ONLY_JOIN_AFTER_PREMATCH_FEATURE_FREEZE,1.1,10.24,16.84,EXTERNAL_HISTORICAL_MARKET_BENCHMARK,NOT_AVAILABLE,NOT_GOLDBET,063d660b29908f963cc782f71e7b9a55f2827c2de401f1310788b1b8f7199e07
68780de974219f963ae813c3,Eredivisie,2025/2026,HOLDOUT,2025-12-13,20:00,MATCH_KICKOFF_TIME_TIMEZONE_NOT_STATED_BY_SOURCE,,NOT_VERIFIED_DO_NOT_INFER,Zwolle,For Sittard,1,0,H,EVALUATION_ONLY_JOIN_AFTER_PREMATCH_FEATURE_FREEZE,2.48,3.48,2.65,EXTERNAL_HISTORICAL_MARKET_BENCHMARK,NOT_AVAILABLE,NOT_GOLDBET,66b843d6439109e6316c0c7d063b93d33ef57a9d9e5fb5339d467b1bfda02906
6ffeeef607f93ac8f241fe2b,Eredivisie,2025/2026,HOLDOUT,2025-12-14,11:15,MATCH_KICKOFF_TIME_TIMEZONE_NOT_STATED_BY_SOURCE,,NOT_VERIFIED_DO_NOT_INFER,Sparta Rotterdam,Heerenveen,0,3,A,EVALUATION_ONLY_JOIN_AFTER_PREMATCH_FEATURE_FREEZE,2.85,3.65,2.26,EXTERNAL_HISTORICAL_MARKET_BENCHMARK,NOT_AVAILABLE,NOT_GOLDBET,e56333fb8bc187a1b1ef131e6520dacd30bfa29461a33f397407750b648e22ea
433976f54d0999cf19276637,Eredivisie,2025/2026,HOLDOUT,2025-12-14,13:30,MATCH_KICKOFF_TIME_TIMEZONE_NOT_STATED_BY_SOURCE,,NOT_VERIFIED_DO_NOT_INFER,Ajax,Feyenoord,2,0,H,EVALUATION_ONLY_JOIN_AFTER_PREMATCH_FEATURE_FREEZE,3.18,3.76,2.06,EXTERNAL_HISTORICAL_MARKET_BENCHMARK,NOT_AVAILABLE,NOT_GOLDBET,1fd53690d6014dd9369c8ad8c4deb15daa8e71f95a5884b46831299aa0f1a2ea
f070f1a5ae3f9b446090a0e3,Eredivisie,2025/2026,HOLDOUT,2025-12-14,13:30,MATCH_KICKOFF_TIME_TIMEZONE_NOT_STATED_BY_SOURCE,,NOT_VERIFIED_DO_NOT_INFER,Twente,Go Ahead Eagles,2,0,H,EVALUATION_ONLY_JOIN_AFTER_PREMATCH_FEATURE_FREEZE,1.4,4.68,7.17,EXTERNAL_HISTORICAL_MARKET_BENCHMARK,NOT_AVAILABLE,NOT_GOLDBET,2cb104b584898248b8aa1e4bfd11defe1339f10eb5f736e47986cc0f54cda8b7
f36719cb6a781b6ec85839dc,Eredivisie,2025/2026,HOLDOUT,2025-12-14,15:45,MATCH_KICKOFF_TIME_TIMEZONE_NOT_STATED_BY_SOURCE,,NOT_VERIFIED_DO_NOT_INFER,NAC Breda,Utrecht,1,1,D,EVALUATION_ONLY_JOIN_AFTER_PREMATCH_FEATURE_FREEZE,2.6,3.34,2.62,EXTERNAL_HISTORICAL_MARKET_BENCHMARK,NOT_AVAILABLE,NOT_GOLDBET,84470ae7f58b4d93977604b8bb6512b46e2482bc6f7e55df0c1cef9ce3c87948
c7b5c8a3d082c787d744fe07,Eredivisie,2025/2026,HOLDOUT,2025-12-20,15:30,MATCH_KICKOFF_TIME_TIMEZONE_NOT_STATED_BY_SOURCE,,NOT_VERIFIED_DO_NOT_INFER,Heracles,Heerenveen,0,3,A,EVALUATION_ONLY_JOIN_AFTER_PREMATCH_FEATURE_FREEZE,3.43,3.69,1.98,EXTERNAL_HISTORICAL_MARKET_BENCHMARK,NOT_AVAILABLE,NOT_GOLDBET,0ef3f20d9670c05ea7671eb8952a706e534e343cc33931d694f258c2fc19f4d1
bd8048479ce15d1144ad0d74,Eredivisie,2025/2026,HOLDOUT,2025-12-20,17:45,MATCH_KICKOFF_TIME_TIMEZONE_NOT_STATED_BY_SOURCE,,NOT_VERIFIED_DO_NOT_INFER,Excelsior,Zwolle,2,1,H,EVALUATION_ONLY_JOIN_AFTER_PREMATCH_FEATURE_FREEZE,2.07,3.68,3.19,EXTERNAL_HISTORICAL_MARKET_BENCHMARK,NOT_AVAILABLE,NOT_GOLDBET,2783720d2aacdfeeae7ce8784af3af76971b4b33da88294da4c2b6d4574df85e
d8d5f65b8e2d1833f21c2f8e,Eredivisie,2025/2026,HOLDOUT,2025-12-20,19:00,MATCH_KICKOFF_TIME_TIMEZONE_NOT_STATED_BY_SOURCE,,NOT_VERIFIED_DO_NOT_INFER,Nijmegen,Ajax,2,2,D,EVALUATION_ONLY_JOIN_AFTER_PREMATCH_FEATURE_FREEZE,2.14,3.89,2.92,EXTERNAL_HISTORICAL_MARKET_BENCHMARK,NOT_AVAILABLE,NOT_GOLDBET,20a6f3f3429d96363cf6530ed0ecfb1253b489041830f500e79bbe6b6a5fda95
b38f92ece7b8d5dcabae4792,Eredivisie,2025/2026,HOLDOUT,2025-12-20,20:00,MATCH_KICKOFF_TIME_TIMEZONE_NOT_STATED_BY_SOURCE,,NOT_VERIFIED_DO_NOT_INFER,NAC Breda,Telstar,0,1,A,EVALUATION_ONLY_JOIN_AFTER_PREMATCH_FEATURE_FREEZE,1.78,3.78,4.15,EXTERNAL_HISTORICAL_MARKET_BENCHMARK,NOT_AVAILABLE,NOT_GOLDBET,69a2bfa715eb29946686f0ff6450f78219793914e7cdfb833ccc8d6ef9653d45
301d3a8d4dd1046b2de7c0a1,Eredivisie,2025/2026,HOLDOUT,2025-12-21,11:15,MATCH_KICKOFF_TIME_TIMEZONE_NOT_STATED_BY_SOURCE,,NOT_VERIFIED_DO_NOT_INFER,Utrecht,PSV Eindhoven,1,2,A,EVALUATION_ONLY_JOIN_AFTER_PREMATCH_FEATURE_FREEZE,3.91,3.97,1.79,EXTERNAL_HISTORICAL_MARKET_BENCHMARK,NOT_AVAILABLE,NOT_GOLDBET,2f548aeea04410c9ac4bdbce4ac76fd5afee6c63fef50cb15786cffff6bcfeae
530c45e7d5f1e30e10a3b2ee,Eredivisie,2025/2026,HOLDOUT,2025-12-21,13:30,MATCH_KICKOFF_TIME_TIMEZONE_NOT_STATED_BY_SOURCE,,NOT_VERIFIED_DO_NOT_INFER,Feyenoord,Twente,1,1,D,EVALUATION_ONLY_JOIN_AFTER_PREMATCH_FEATURE_FREEZE,1.92,3.74,3.57,EXTERNAL_HISTORICAL_MARKET_BENCHMARK,NOT_AVAILABLE,NOT_GOLDBET,29aca454d1afba0be8c6e34894427607fcc8199166b29b26a4892ae1f9ab1018
23cb1b8a9fa3ce8bec734540,Eredivisie,2025/2026,HOLDOUT,2025-12-21,13:30,MATCH_KICKOFF_TIME_TIMEZONE_NOT_STATED_BY_SOURCE,,NOT_VERIFIED_DO_NOT_INFER,Go Ahead Eagles,Groningen,1,1,D,EVALUATION_ONLY_JOIN_AFTER_PREMATCH_FEATURE_FREEZE,3.36,3.48,2.07,EXTERNAL_HISTORICAL_MARKET_BENCHMARK,NOT_AVAILABLE,NOT_GOLDBET,b119c32f5c29161428b79e443614f5c0d92fa9098eadbea1f6f8f189c422a900
00b4d4771729a93b74e1c7c4,Eredivisie,2025/2026,HOLDOUT,2025-12-21,15:45,MATCH_KICKOFF_TIME_TIMEZONE_NOT_STATED_BY_SOURCE,,NOT_VERIFIED_DO_NOT_INFER,For Sittard,AZ Alkmaar,4,3,H,EVALUATION_ONLY_JOIN_AFTER_PREMATCH_FEATURE_FREEZE,4.66,4.03,1.65,EXTERNAL_HISTORICAL_MARKET_BENCHMARK,NOT_AVAILABLE,NOT_GOLDBET,0cef490bd4cff00d0fb53c3d038eeafb1fa747c013aa3413c0042fb41d398ccb
93912439c7b8d4309588ab45,Eredivisie,2025/2026,HOLDOUT,2025-12-21,15:45,MATCH_KICKOFF_TIME_TIMEZONE_NOT_STATED_BY_SOURCE,,NOT_VERIFIED_DO_NOT_INFER,Volendam,Sparta Rotterdam,0,1,A,EVALUATION_ONLY_JOIN_AFTER_PREMATCH_FEATURE_FREEZE,2.85,3.57,2.28,EXTERNAL_HISTORICAL_MARKET_BENCHMARK,NOT_AVAILABLE,NOT_GOLDBET,b6eb6fdf6019ff39fdf4df331d51b69910ceb7f470387c236a2621f0922e4220
24fcf0c39a11b83e5ae66ff3,Eredivisie,2025/2026,HOLDOUT,2026-01-10,15:30,MATCH_KICKOFF_TIME_TIMEZONE_NOT_STATED_BY_SOURCE,,NOT_VERIFIED_DO_NOT_INFER,AZ Alkmaar,Volendam,1,0,H,EVALUATION_ONLY_JOIN_AFTER_PREMATCH_FEATURE_FREEZE,1.16,7.72,13.94,EXTERNAL_HISTORICAL_MARKET_BENCHMARK,NOT_AVAILABLE,NOT_GOLDBET,f11ec9482263bad4ed93a3b3e0e668744c2258288b205d90df568641f3395dc2
d682543877d2a18fc0d17524,Eredivisie,2025/2026,HOLDOUT,2026-01-10,17:45,MATCH_KICKOFF_TIME_TIMEZONE_NOT_STATED_BY_SOURCE,,NOT_VERIFIED_DO_NOT_INFER,Twente,Zwolle,1,1,D,EVALUATION_ONLY_JOIN_AFTER_PREMATCH_FEATURE_FREEZE,1.29,5.58,8.94,EXTERNAL_HISTORICAL_MARKET_BENCHMARK,NOT_AVAILABLE,NOT_GOLDBET,772be4cfdc73456777d1d16bec3711496951a9e4cd2ebe7014dbfe3a7f23fa6f
4991208e2935a43fbb424ff9,Eredivisie,2025/2026,HOLDOUT,2026-01-10,19:00,MATCH_KICKOFF_TIME_TIMEZONE_NOT_STATED_BY_SOURCE,,NOT_VERIFIED_DO_NOT_INFER,PSV Eindhoven,Excelsior,5,1,H,EVALUATION_ONLY_JOIN_AFTER_PREMATCH_FEATURE_FREEZE,1.15,8.1,13.44,EXTERNAL_HISTORICAL_MARKET_BENCHMARK,NOT_AVAILABLE,NOT_GOLDBET,7093f1d1e19e54ac8b79600d32785c778018ad40f59de6475ca2af3259f27baa
cb75b1582690c4447d1d255a,Eredivisie,2025/2026,HOLDOUT,2026-01-10,20:00,MATCH_KICKOFF_TIME_TIMEZONE_NOT_STATED_BY_SOURCE,,NOT_VERIFIED_DO_NOT_INFER,Groningen,NAC Breda,0,0,D,EVALUATION_ONLY_JOIN_AFTER_PREMATCH_FEATURE_FREEZE,1.67,3.73,5.07,EXTERNAL_HISTORICAL_MARKET_BENCHMARK,NOT_AVAILABLE,NOT_GOLDBET,531150fb324f49f03ad9ea0a13fc1f985fbd3afad313c3476989386a4ef26040
6948f7ec0178816ed158288a,Eredivisie,2025/2026,HOLDOUT,2026-01-11,11:15,MATCH_KICKOFF_TIME_TIMEZONE_NOT_STATED_BY_SOURCE,,NOT_VERIFIED_DO_NOT_INFER,Heerenveen,Feyenoord,2,2,D,EVALUATION_ONLY_JOIN_AFTER_PREMATCH_FEATURE_FREEZE,2.78,3.69,2.3,EXTERNAL_HISTORICAL_MARKET_BENCHMARK,NOT_AVAILABLE,NOT_GOLDBET,e55fa2dcdd80c0d6a50e7e714040bd6c25d2f4d5469e44046ab91fb33453d3c2
d6730bff01126af7040125fd,Eredivisie,2025/2026,HOLDOUT,2026-01-11,13:30,MATCH_KICKOFF_TIME_TIMEZONE_NOT_STATED_BY_SOURCE,,NOT_VERIFIED_DO_NOT_INFER,Go Ahead Eagles,For Sittard,2,2,D,EVALUATION_ONLY_JOIN_AFTER_PREMATCH_FEATURE_FREEZE,1.88,3.69,3.82,EXTERNAL_HISTORICAL_MARKET_BENCHMARK,NOT_AVAILABLE,NOT_GOLDBET,e46da6ee470da320a32536574ceec2a7a074d113a7ea001ce6927a7309e395f3
4853c153c6a576d88ec9a7d8,Eredivisie,2025/2026,HOLDOUT,2026-01-11,13:30,MATCH_KICKOFF_TIME_TIMEZONE_NOT_STATED_BY_SOURCE,,NOT_VERIFIED_DO_NOT_INFER,Telstar,Ajax,2,3,A,EVALUATION_ONLY_JOIN_AFTER_PREMATCH_FEATURE_FREEZE,3.91,3.8,1.83,EXTERNAL_HISTORICAL_MARKET_BENCHMARK,NOT_AVAILABLE,NOT_GOLDBET,7848260c5e3f27c7bf72b8d5c3a226a0b8335148f93501a944b5c14c0ba2d733
bcc1c6366a50c6e4ee070224,Eredivisie,2025/2026,HOLDOUT,2026-01-11,15:45,MATCH_KICKOFF_TIME_TIMEZONE_NOT_STATED_BY_SOURCE,,NOT_VERIFIED_DO_NOT_INFER,Sparta Rotterdam,Heracles,2,0,H,EVALUATION_ONLY_JOIN_AFTER_PREMATCH_FEATURE_FREEZE,1.8,3.74,4.13,EXTERNAL_HISTORICAL_MARKET_BENCHMARK,NOT_AVAILABLE,NOT_GOLDBET,60b5fdd7e758c7dc1bb46b41018683fd0152878c5fc13445c298de62047b1375
ca37570c3abb3c7790b6f932,Eredivisie,2025/2026,HOLDOUT,2026-01-17,15:30,MATCH_KICKOFF_TIME_TIMEZONE_NOT_STATED_BY_SOURCE,,NOT_VERIFIED_DO_NOT_INFER,Ajax,Go Ahead Eagles,2,2,D,EVALUATION_ONLY_JOIN_AFTER_PREMATCH_FEATURE_FREEZE,1.63,4.14,4.77,EXTERNAL_HISTORICAL_MARKET_BENCHMARK,NOT_AVAILABLE,NOT_GOLDBET,f5d1e9c06d253f9b7f0412dac3e50940092969b366c0fbf9e171eb70377b9341
7bc13f4e736f3ccd947c82eb,Eredivisie,2025/2026,HOLDOUT,2026-01-17,17:45,MATCH_KICKOFF_TIME_TIMEZONE_NOT_STATED_BY_SOURCE,,NOT_VERIFIED_DO_NOT_INFER,Zwolle,AZ Alkmaar,3,1,H,EVALUATION_ONLY_JOIN_AFTER_PREMATCH_FEATURE_FREEZE,5.87,4.57,1.47,EXTERNAL_HISTORICAL_MARKET_BENCHMARK,NOT_AVAILABLE,NOT_GOLDBET,fa2f1500f57df491e730b00caaa7517776f195c7ca8843f4d8aefb39db9945df
125d96ac5d723320d12bd72d,Eredivisie,2025/2026,HOLDOUT,2026-01-17,19:00,MATCH_KICKOFF_TIME_TIMEZONE_NOT_STATED_BY_SOURCE,,NOT_VERIFIED_DO_NOT_INFER,Excelsior,Telstar,2,2,D,EVALUATION_ONLY_JOIN_AFTER_PREMATCH_FEATURE_FREEZE,2.24,3.41,3.06,EXTERNAL_HISTORICAL_MARKET_BENCHMARK,NOT_AVAILABLE,NOT_GOLDBET,3e2a37a25d432cd936e529ebc6d657170ca8c4c70c39b2c9b5b5947c222a7c71
700c4043cc1cc0757811099f,Eredivisie,2025/2026,HOLDOUT,2026-01-17,19:00,MATCH_KICKOFF_TIME_TIMEZONE_NOT_STATED_BY_SOURCE,,NOT_VERIFIED_DO_NOT_INFER,For Sittard,PSV Eindhoven,1,2,A,EVALUATION_ONLY_JOIN_AFTER_PREMATCH_FEATURE_FREEZE,5.27,4.52,1.53,EXTERNAL_HISTORICAL_MARKET_BENCHMARK,NOT_AVAILABLE,NOT_GOLDBET,0416e928f425c904b266190e40224cad5d01b3e2b279c40d1c9d2a3fc82faa4a
b3221bb497f33eac8fc3bda9,Eredivisie,2025/2026,HOLDOUT,2026-01-17,20:00,MATCH_KICKOFF_TIME_TIMEZONE_NOT_STATED_BY_SOURCE,,NOT_VERIFIED_DO_NOT_INFER,NAC Breda,Nijmegen,3,4,A,EVALUATION_ONLY_JOIN_AFTER_PREMATCH_FEATURE_FREEZE,2.51,3.46,2.64,EXTERNAL_HISTORICAL_MARKET_BENCHMARK,NOT_AVAILABLE,NOT_GOLDBET,8c5f61bbe0116ba3b2775107fe9f6ef7b981870925caa40df59cb165f597a109
bbc04e4bd131a3084b641679,Eredivisie,2025/2026,HOLDOUT,2026-01-18,11:15,MATCH_KICKOFF_TIME_TIMEZONE_NOT_STATED_BY_SOURCE,,NOT_VERIFIED_DO_NOT_INFER,Heerenveen,Groningen,0,2,A,EVALUATION_ONLY_JOIN_AFTER_PREMATCH_FEATURE_FREEZE,1.97,3.38,3.78,EXTERNAL_HISTORICAL_MARKET_BENCHMARK,NOT_AVAILABLE,NOT_GOLDBET,a8d3258cb6e13d0d5468efe891cb5ef8f731696d890503cef1bfc0090aa59410
9001d9feba62fe5d16b8eb83,Eredivisie,2025/2026,HOLDOUT,2026-01-18,13:30,MATCH_KICKOFF_TIME_TIMEZONE_NOT_STATED_BY_SOURCE,,NOT_VERIFIED_DO_NOT_INFER,Heracles,Twente,0,2,A,EVALUATION_ONLY_JOIN_AFTER_PREMATCH_FEATURE_FREEZE,6.07,4.46,1.47,EXTERNAL_HISTORICAL_MARKET_BENCHMARK,NOT_AVAILABLE,NOT_GOLDBET,00308fc9cc57e0fcc4a10a0452523b3a72512397937ad2ca2006b078fcf376e6
bd317ec8851307f55dd7774c,Eredivisie,2025/2026,HOLDOUT,2026-01-18,13:30,MATCH_KICKOFF_TIME_TIMEZONE_NOT_STATED_BY_SOURCE,,NOT_VERIFIED_DO_NOT_INFER,Volendam,Utrecht,2,1,H,EVALUATION_ONLY_JOIN_AFTER_PREMATCH_FEATURE_FREEZE,4.14,3.72,1.8,EXTERNAL_HISTORICAL_MARKET_BENCHMARK,NOT_AVAILABLE,NOT_GOLDBET,1763eb86c443a889cb7ec4767644ed5198392f3883ca04f01e00ff09762365d8
0864809db55228aa7662316e,Eredivisie,2025/2026,HOLDOUT,2026-01-18,15:45,MATCH_KICKOFF_TIME_TIMEZONE_NOT_STATED_BY_SOURCE,,NOT_VERIFIED_DO_NOT_INFER,Feyenoord,Sparta Rotterdam,3,4,A,EVALUATION_ONLY_JOIN_AFTER_PREMATCH_FEATURE_FREEZE,1.46,4.64,6.1,EXTERNAL_HISTORICAL_MARKET_BENCHMARK,NOT_AVAILABLE,NOT_GOLDBET,b085dedf4d8b4960bb584728362ebd6c701481ea5df6450b948bce91f6506997
530fe5c3448a3ab7acc21bcd,Eredivisie,2025/2026,HOLDOUT,2026-01-21,17:45,MATCH_KICKOFF_TIME_TIMEZONE_NOT_STATED_BY_SOURCE,,NOT_VERIFIED_DO_NOT_INFER,AZ Alkmaar,Excelsior,1,1,D,EVALUATION_ONLY_JOIN_AFTER_PREMATCH_FEATURE_FREEZE,1.32,5.35,8.23,EXTERNAL_HISTORICAL_MARKET_BENCHMARK,NOT_AVAILABLE,NOT_GOLDBET,79b6a57a3aa7695682a593dc21f7410dfa0beec5237c9a3c9f88c715bf385b7b
3cb592641e827cc212a1f0fa,Eredivisie,2025/2026,HOLDOUT,2026-01-24,15:30,MATCH_KICKOFF_TIME_TIMEZONE_NOT_STATED_BY_SOURCE,,NOT_VERIFIED_DO_NOT_INFER,Ajax,Volendam,2,0,H,EVALUATION_ONLY_JOIN_AFTER_PREMATCH_FEATURE_FREEZE,1.3,5.57,8.27,EXTERNAL_HISTORICAL_MARKET_BENCHMARK,NOT_AVAILABLE,NOT_GOLDBET,7b2e8a93bff778c630b7e87e27f771452fd4d5c7b54a9a783ef79126ae09e69c
7d700da714201ece2edcfd1c,Eredivisie,2025/2026,HOLDOUT,2026-01-24,17:45,MATCH_KICKOFF_TIME_TIMEZONE_NOT_STATED_BY_SOURCE,,NOT_VERIFIED_DO_NOT_INFER,Nijmegen,Zwolle,2,1,H,EVALUATION_ONLY_JOIN_AFTER_PREMATCH_FEATURE_FREEZE,1.45,4.73,5.91,EXTERNAL_HISTORICAL_MARKET_BENCHMARK,NOT_AVAILABLE,NOT_GOLDBET,87b7ac433066090cb8c94048f13cab678b457549f2381a8103329f7015640569
4a041155d665984e0791ebfb,Eredivisie,2025/2026,HOLDOUT,2026-01-24,19:00,MATCH_KICKOFF_TIME_TIMEZONE_NOT_STATED_BY_SOURCE,,NOT_VERIFIED_DO_NOT_INFER,PSV Eindhoven,NAC Breda,2,2,D,EVALUATION_ONLY_JOIN_AFTER_PREMATCH_FEATURE_FREEZE,1.37,5.07,7.13,EXTERNAL_HISTORICAL_MARKET_BENCHMARK,NOT_AVAILABLE,NOT_GOLDBET,16bacb447e3753e15d5be1eeb59b2c2fc21b6b20ab11f8f898e3a348b41ae317
5d30d8d7e16eaf0320343662,Eredivisie,2025/2026,HOLDOUT,2026-01-24,20:00,MATCH_KICKOFF_TIME_TIMEZONE_NOT_STATED_BY_SOURCE,,NOT_VERIFIED_DO_NOT_INFER,Twente,Excelsior,0,0,D,EVALUATION_ONLY_JOIN_AFTER_PREMATCH_FEATURE_FREEZE,1.25,5.85,10.06,EXTERNAL_HISTORICAL_MARKET_BENCHMARK,NOT_AVAILABLE,NOT_GOLDBET,6ac66f86caf0a3c003a1155f560dfeb302dcaa2938dfbd5fc7bbdd8d17d86986
853d792024ed5a432ec46b1d,Eredivisie,2025/2026,HOLDOUT,2026-01-25,11:15,MATCH_KICKOFF_TIME_TIMEZONE_NOT_STATED_BY_SOURCE,,NOT_VERIFIED_DO_NOT_INFER,Telstar,AZ Alkmaar,0,1,A,EVALUATION_ONLY_JOIN_AFTER_PREMATCH_FEATURE_FREEZE,3.19,3.56,2.11,EXTERNAL_HISTORICAL_MARKET_BENCHMARK,NOT_AVAILABLE,NOT_GOLDBET,319bc22b448e37c880091438341b4e143c64453a34e4b1285fcf95362759a7ac
c37a3185b4b7ec8674a4c456,Eredivisie,2025/2026,HOLDOUT,2026-01-25,13:30,MATCH_KICKOFF_TIME_TIMEZONE_NOT_STATED_BY_SOURCE,,NOT_VERIFIED_DO_NOT_INFER,Groningen,For Sittard,1,2,A,EVALUATION_ONLY_JOIN_AFTER_PREMATCH_FEATURE_FREEZE,1.49,4.08,6.47,EXTERNAL_HISTORICAL_MARKET_BENCHMARK,NOT_AVAILABLE,NOT_GOLDBET,b0525e0c10fab479059455161353cfc2ec2d31b88a277b2731a1b7c5a4d6f746
04ac75a272b613435ad34e17,Eredivisie,2025/2026,HOLDOUT,2026-01-25,15:45,MATCH_KICKOFF_TIME_TIMEZONE_NOT_STATED_BY_SOURCE,,NOT_VERIFIED_DO_NOT_INFER,Feyenoord,Heracles,4,2,H,EVALUATION_ONLY_JOIN_AFTER_PREMATCH_FEATURE_FREEZE,1.21,6.72,11.1,EXTERNAL_HISTORICAL_MARKET_BENCHMARK,NOT_AVAILABLE,NOT_GOLDBET,150397c9d642443553d378ac77c78b9a1ceee9dff412e9b6d98137d06ed2447f
7aede00ed3c99c675965e429,Eredivisie,2025/2026,HOLDOUT,2026-01-25,15:45,MATCH_KICKOFF_TIME_TIMEZONE_NOT_STATED_BY_SOURCE,,NOT_VERIFIED_DO_NOT_INFER,Utrecht,Sparta Rotterdam,0,1,A,EVALUATION_ONLY_JOIN_AFTER_PREMATCH_FEATURE_FREEZE,1.98,3.47,3.63,EXTERNAL_HISTORICAL_MARKET_BENCHMARK,NOT_AVAILABLE,NOT_GOLDBET,620e144506288c28f95df9f697ae6c6090a8be5397cbca29931c58840ab88cdc
d8aac9302de769fae0d0a2d2,Eredivisie,2025/2026,HOLDOUT,2026-01-30,19:00,MATCH_KICKOFF_TIME_TIMEZONE_NOT_STATED_BY_SOURCE,,NOT_VERIFIED_DO_NOT_INFER,NAC Breda,Twente,2,2,D,EVALUATION_ONLY_JOIN_AFTER_PREMATCH_FEATURE_FREEZE,3.34,3.3,2.14,EXTERNAL_HISTORICAL_MARKET_BENCHMARK,NOT_AVAILABLE,NOT_GOLDBET,2df603c666491e0af9918fd8cb583bab8e57867d255fab83604a8470cb7d206a
7bc95b6d5706cdefd4ec89f4,Eredivisie,2025/2026,HOLDOUT,2026-01-31,15:30,MATCH_KICKOFF_TIME_TIMEZONE_NOT_STATED_BY_SOURCE,,NOT_VERIFIED_DO_NOT_INFER,AZ Alkmaar,Nijmegen,1,3,A,EVALUATION_ONLY_JOIN_AFTER_PREMATCH_FEATURE_FREEZE,1.87,3.86,3.66,EXTERNAL_HISTORICAL_MARKET_BENCHMARK,NOT_AVAILABLE,NOT_GOLDBET,7ce7c44b7f46904dd6d6b529c48b666d970edee7ca80d78b81cd80584cee2868
57058ef780867b1fd8b9bed9,Eredivisie,2025/2026,HOLDOUT,2026-01-31,17:45,MATCH_KICKOFF_TIME_TIMEZONE_NOT_STATED_BY_SOURCE,,NOT_VERIFIED_DO_NOT_INFER,Zwolle,Telstar,4,1,H,EVALUATION_ONLY_JOIN_AFTER_PREMATCH_FEATURE_FREEZE,2.28,3.51,2.89,EXTERNAL_HISTORICAL_MARKET_BENCHMARK,NOT_AVAILABLE,NOT_GOLDBET,0c04f367bb2c80c830e70e447b92607a5bf5b6c164a74b42d9f07a2ce64717ef
aef7e49f6fdc2c351323aa50,Eredivisie,2025/2026,HOLDOUT,2026-01-31,20:00,MATCH_KICKOFF_TIME_TIMEZONE_NOT_STATED_BY_SOURCE,,NOT_VERIFIED_DO_NOT_INFER,Sparta Rotterdam,Groningen,2,0,H,EVALUATION_ONLY_JOIN_AFTER_PREMATCH_FEATURE_FREEZE,2.41,3.41,2.77,EXTERNAL_HISTORICAL_MARKET_BENCHMARK,NOT_AVAILABLE,NOT_GOLDBET,f5ebad9cbf78bcd7634c77d4f33f3a1ccff41b49dc03614e3cc7c8f617a7affa
bdbe0a75826c3be222ed24c3,Eredivisie,2025/2026,HOLDOUT,2026-02-01,11:15,MATCH_KICKOFF_TIME_TIMEZONE_NOT_STATED_BY_SOURCE,,NOT_VERIFIED_DO_NOT_INFER,Excelsior,Ajax,2,2,D,EVALUATION_ONLY_JOIN_AFTER_PREMATCH_FEATURE_FREEZE,3.98,3.82,1.8,EXTERNAL_HISTORICAL_MARKET_BENCHMARK,NOT_AVAILABLE,NOT_GOLDBET,7ae327fa64b7ad73f12e87b0db3d7b0a9b5c8e5b121db8c2a606c8b4f511fffc
4f0b53f6eb5840f0c210cfd0,Eredivisie,2025/2026,HOLDOUT,2026-02-01,13:30,MATCH_KICKOFF_TIME_TIMEZONE_NOT_STATED_BY_SOURCE,,NOT_VERIFIED_DO_NOT_INFER,Heracles,For Sittard,2,1,H,EVALUATION_ONLY_JOIN_AFTER_PREMATCH_FEATURE_FREEZE,2.21,3.35,3.16,EXTERNAL_HISTORICAL_MARKET_BENCHMARK,NOT_AVAILABLE,NOT_GOLDBET,dcc88814455fbe6472e65c1f694fcc05f586227876a75ddec4eca43e63375ef1
2fefcc3c09982f0bd5d97d95,Eredivisie,2025/2026,HOLDOUT,2026-02-01,13:30,MATCH_KICKOFF_TIME_TIMEZONE_NOT_STATED_BY_SOURCE,,NOT_VERIFIED_DO_NOT_INFER,PSV Eindhoven,Feyenoord,3,0,H,EVALUATION_ONLY_JOIN_AFTER_PREMATCH_FEATURE_FREEZE,1.63,4.27,4.55,EXTERNAL_HISTORICAL_MARKET_BENCHMARK,NOT_AVAILABLE,NOT_GOLDBET,639396eb3bc682edf2238b123e1dd51aa40c2a7d759ba623adcab0722825983e
71c13c596fc49c7e921b3abe,Eredivisie,2025/2026,HOLDOUT,2026-02-01,15:45,MATCH_KICKOFF_TIME_TIMEZONE_NOT_STATED_BY_SOURCE,,NOT_VERIFIED_DO_NOT_INFER,Heerenveen,Utrecht,1,1,D,EVALUATION_ONLY_JOIN_AFTER_PREMATCH_FEATURE_FREEZE,1.75,3.67,4.43,EXTERNAL_HISTORICAL_MARKET_BENCHMARK,NOT_AVAILABLE,NOT_GOLDBET,b225fcf10641d800d5990c00c6721359994f17f12d9970476f6bbb1ad3b4c8e7
8f318f4ee4a15b15e5e2c3dc,Eredivisie,2025/2026,HOLDOUT,2026-02-01,19:00,MATCH_KICKOFF_TIME_TIMEZONE_NOT_STATED_BY_SOURCE,,NOT_VERIFIED_DO_NOT_INFER,Volendam,Go Ahead Eagles,1,1,D,EVALUATION_ONLY_JOIN_AFTER_PREMATCH_FEATURE_FREEZE,3.46,3.54,2.02,EXTERNAL_HISTORICAL_MARKET_BENCHMARK,NOT_AVAILABLE,NOT_GOLDBET,3f59d58c58ecb2facd739fac1ec9bb1f1727b7116d9a20b9704a8bb00a379dac
2d3a05a1bf92be7679e18a2d,Eredivisie,2025/2026,HOLDOUT,2026-02-06,19:00,MATCH_KICKOFF_TIME_TIMEZONE_NOT_STATED_BY_SOURCE,,NOT_VERIFIED_DO_NOT_INFER,NAC Breda,Excelsior,0,2,A,EVALUATION_ONLY_JOIN_AFTER_PREMATCH_FEATURE_FREEZE,1.85,3.54,4.11,EXTERNAL_HISTORICAL_MARKET_BENCHMARK,NOT_AVAILABLE,NOT_GOLDBET,b21cc4a7cd1ee18f7093ef58107c00f8252e467c1f9805003c813bceefda97a5
151fbeaab9d09206f61d4a68,Eredivisie,2025/2026,HOLDOUT,2026-02-07,15:30,MATCH_KICKOFF_TIME_TIMEZONE_NOT_STATED_BY_SOURCE,,NOT_VERIFIED_DO_NOT_INFER,Nijmegen,Heracles,4,1,H,EVALUATION_ONLY_JOIN_AFTER_PREMATCH_FEATURE_FREEZE,1.39,4.78,7.15,EXTERNAL_HISTORICAL_MARKET_BENCHMARK,NOT_AVAILABLE,NOT_GOLDBET,9bfedb177c5141cd7b73274f4ade3f324befb7fe2cd129ffa935c5b39fb45bc3
4fe35443599e82a839000757,Eredivisie,2025/2026,HOLDOUT,2026-02-07,17:45,MATCH_KICKOFF_TIME_TIMEZONE_NOT_STATED_BY_SOURCE,,NOT_VERIFIED_DO_NOT_INFER,Zwolle,Volendam,1,2,A,EVALUATION_ONLY_JOIN_AFTER_PREMATCH_FEATURE_FREEZE,1.59,3.96,5.49,EXTERNAL_HISTORICAL_MARKET_BENCHMARK,NOT_AVAILABLE,NOT_GOLDBET,7c4889d554305e5094539e7e030c8371b1b399d3fea28ca863ffcb390e7e9293
f2a9a25310d12a59d3de5df7,Eredivisie,2025/2026,HOLDOUT,2026-02-07,19:00,MATCH_KICKOFF_TIME_TIMEZONE_NOT_STATED_BY_SOURCE,,NOT_VERIFIED_DO_NOT_INFER,Twente,Heerenveen,5,0,H,EVALUATION_ONLY_JOIN_AFTER_PREMATCH_FEATURE_FREEZE,1.57,4.21,5.18,EXTERNAL_HISTORICAL_MARKET_BENCHMARK,NOT_AVAILABLE,NOT_GOLDBET,060f725a4948e286f2177ae250d0f6d7c4cf3dc31a19d9c8b003ec43cc8142f3
c8f51fe983ea124bf44a4a6e,Eredivisie,2025/2026,HOLDOUT,2026-02-07,20:00,MATCH_KICKOFF_TIME_TIMEZONE_NOT_STATED_BY_SOURCE,,NOT_VERIFIED_DO_NOT_INFER,For Sittard,Sparta Rotterdam,2,2,D,EVALUATION_ONLY_JOIN_AFTER_PREMATCH_FEATURE_FREEZE,2.95,3.41,2.28,EXTERNAL_HISTORICAL_MARKET_BENCHMARK,NOT_AVAILABLE,NOT_GOLDBET,91405bbfc8e8568f5a81142cfe33f015a7a2925e2730c0861c195cd4c148c1f6
c62fb9324505c1d704c71b35,Eredivisie,2025/2026,HOLDOUT,2026-02-08,11:15,MATCH_KICKOFF_TIME_TIMEZONE_NOT_STATED_BY_SOURCE,,NOT_VERIFIED_DO_NOT_INFER,Utrecht,Feyenoord,0,1,A,EVALUATION_ONLY_JOIN_AFTER_PREMATCH_FEATURE_FREEZE,3.38,3.49,2.06,EXTERNAL_HISTORICAL_MARKET_BENCHMARK,NOT_AVAILABLE,NOT_GOLDBET,e1ea1987d2527edeaf6d8b00b7610f2b8559bab45255431ca2b64df7b8b9381d
d72259db3360fab2241468fa,Eredivisie,2025/2026,HOLDOUT,2026-02-08,13:30,MATCH_KICKOFF_TIME_TIMEZONE_NOT_STATED_BY_SOURCE,,NOT_VERIFIED_DO_NOT_INFER,AZ Alkmaar,Ajax,1,1,D,EVALUATION_ONLY_JOIN_AFTER_PREMATCH_FEATURE_FREEZE,2.38,3.54,2.75,EXTERNAL_HISTORICAL_MARKET_BENCHMARK,NOT_AVAILABLE,NOT_GOLDBET,308f2090373ca2f83b56c5d58e68f53676630ab494a30bf40516b8948051e2ac
f59317d163fc5e824d2dcbff,Eredivisie,2025/2026,HOLDOUT,2026-02-08,13:30,MATCH_KICKOFF_TIME_TIMEZONE_NOT_STATED_BY_SOURCE,,NOT_VERIFIED_DO_NOT_INFER,Go Ahead Eagles,Telstar,1,1,D,EVALUATION_ONLY_JOIN_AFTER_PREMATCH_FEATURE_FREEZE,1.83,3.83,3.86,EXTERNAL_HISTORICAL_MARKET_BENCHMARK,NOT_AVAILABLE,NOT_GOLDBET,df74fd32390147ed576167c0520a565bbc27ef92465a12f3eb39762892dc7016
36c8081da296d0441c824924,Eredivisie,2025/2026,HOLDOUT,2026-02-08,15:45,MATCH_KICKOFF_TIME_TIMEZONE_NOT_STATED_BY_SOURCE,,NOT_VERIFIED_DO_NOT_INFER,Groningen,PSV Eindhoven,1,2,A,EVALUATION_ONLY_JOIN_AFTER_PREMATCH_FEATURE_FREEZE,4.5,4.27,1.64,EXTERNAL_HISTORICAL_MARKET_BENCHMARK,NOT_AVAILABLE,NOT_GOLDBET,00f40fa190d1b87d368d447fea7228a7ccac9e06bf8ecb269d0a3185cd2ff33d
ec637a7f855525583d212215,Eredivisie,2025/2026,HOLDOUT,2026-02-11,17:45,MATCH_KICKOFF_TIME_TIMEZONE_NOT_STATED_BY_SOURCE,,NOT_VERIFIED_DO_NOT_INFER,Go Ahead Eagles,Heerenveen,1,3,A,EVALUATION_ONLY_JOIN_AFTER_PREMATCH_FEATURE_FREEZE,2.57,3.56,2.52,EXTERNAL_HISTORICAL_MARKET_BENCHMARK,NOT_AVAILABLE,NOT_GOLDBET,9e8335a01d72305711c01ebde1a7499497106144551b8bf04841504bdabb5ece
277c72ab734e1c4966f7cbd8,Eredivisie,2025/2026,HOLDOUT,2026-02-11,20:00,MATCH_KICKOFF_TIME_TIMEZONE_NOT_STATED_BY_SOURCE,,NOT_VERIFIED_DO_NOT_INFER,Nijmegen,Utrecht,1,3,A,EVALUATION_ONLY_JOIN_AFTER_PREMATCH_FEATURE_FREEZE,1.68,3.88,4.62,EXTERNAL_HISTORICAL_MARKET_BENCHMARK,NOT_AVAILABLE,NOT_GOLDBET,6b931efd3faa68e4fc808bb37443f13a3798d082b03d5fd64f3fc0a97df8d58c
f96e3f4ced27baf5ef06f183,Eredivisie,2025/2026,HOLDOUT,2026-02-13,19:00,MATCH_KICKOFF_TIME_TIMEZONE_NOT_STATED_BY_SOURCE,,NOT_VERIFIED_DO_NOT_INFER,Volendam,PSV Eindhoven,2,1,H,EVALUATION_ONLY_JOIN_AFTER_PREMATCH_FEATURE_FREEZE,9.33,6.22,1.25,EXTERNAL_HISTORICAL_MARKET_BENCHMARK,NOT_AVAILABLE,NOT_GOLDBET,b6044162f542cdd969552ec42f4a201d952b3f38019631fe71c083862d546f3f
c4cde1f4273dcb6484c9d8ad,Eredivisie,2025/2026,HOLDOUT,2026-02-14,15:30,MATCH_KICKOFF_TIME_TIMEZONE_NOT_STATED_BY_SOURCE,,NOT_VERIFIED_DO_NOT_INFER,Heracles,NAC Breda,0,1,A,EVALUATION_ONLY_JOIN_AFTER_PREMATCH_FEATURE_FREEZE,2.81,3.29,2.46,EXTERNAL_HISTORICAL_MARKET_BENCHMARK,NOT_AVAILABLE,NOT_GOLDBET,7bb8b565d20d1baac7ccca82880b4b397108086b51271b9846764974529f6d9b
bac67383dd571e6492654066,Eredivisie,2025/2026,HOLDOUT,2026-02-14,17:45,MATCH_KICKOFF_TIME_TIMEZONE_NOT_STATED_BY_SOURCE,,NOT_VERIFIED_DO_NOT_INFER,Excelsior,AZ Alkmaar,1,2,A,EVALUATION_ONLY_JOIN_AFTER_PREMATCH_FEATURE_FREEZE,2.98,3.53,2.23,EXTERNAL_HISTORICAL_MARKET_BENCHMARK,NOT_AVAILABLE,NOT_GOLDBET,02eeb9d369a5d73570d30a2ae5dfc6e832b70ee10571cc08ad1a1d095c88f70b
685e12eb020e9a38d6fcca82,Eredivisie,2025/2026,HOLDOUT,2026-02-14,19:00,MATCH_KICKOFF_TIME_TIMEZONE_NOT_STATED_BY_SOURCE,,NOT_VERIFIED_DO_NOT_INFER,Ajax,For Sittard,4,1,H,EVALUATION_ONLY_JOIN_AFTER_PREMATCH_FEATURE_FREEZE,1.28,5.75,9.06,EXTERNAL_HISTORICAL_MARKET_BENCHMARK,NOT_AVAILABLE,NOT_GOLDBET,c0210876f89b3d7aadc41f88a39dce44b1be0ff40d63d9e3f6f20f7abd13e6b6
1348ff9178322615d1020c7d,Eredivisie,2025/2026,HOLDOUT,2026-02-14,20:00,MATCH_KICKOFF_TIME_TIMEZONE_NOT_STATED_BY_SOURCE,,NOT_VERIFIED_DO_NOT_INFER,Groningen,Utrecht,1,2,A,EVALUATION_ONLY_JOIN_AFTER_PREMATCH_FEATURE_FREEZE,1.9,3.38,4.02,EXTERNAL_HISTORICAL_MARKET_BENCHMARK,NOT_AVAILABLE,NOT_GOLDBET,a8ce35f4e276a025bee0ba50ad3175272d9452af137c23eef034d3c7bfaa9c9a
452ae42057e052192e1ebbe3,Eredivisie,2025/2026,HOLDOUT,2026-02-15,11:15,MATCH_KICKOFF_TIME_TIMEZONE_NOT_STATED_BY_SOURCE,,NOT_VERIFIED_DO_NOT_INFER,Feyenoord,Go Ahead Eagles,1,0,H,EVALUATION_ONLY_JOIN_AFTER_PREMATCH_FEATURE_FREEZE,1.37,5.03,7.12,EXTERNAL_HISTORICAL_MARKET_BENCHMARK,NOT_AVAILABLE,NOT_GOLDBET,f4a974d1034718872a9cdaa5cb670548d500724166e78bcd7301eb708bfae3e9
5c8ad43d3ec73863d039e173,Eredivisie,2025/2026,HOLDOUT,2026-02-15,13:30,MATCH_KICKOFF_TIME_TIMEZONE_NOT_STATED_BY_SOURCE,,NOT_VERIFIED_DO_NOT_INFER,Heerenveen,Zwolle,4,2,H,EVALUATION_ONLY_JOIN_AFTER_PREMATCH_FEATURE_FREEZE,1.65,4.11,4.57,EXTERNAL_HISTORICAL_MARKET_BENCHMARK,NOT_AVAILABLE,NOT_GOLDBET,26eaf7c4919a7f2f0c6f39b3f0b9a6a9faed524e1eb35ac83cc56b136ffb7d7e
4f8bb365d97e2fcba3ab7e4d,Eredivisie,2025/2026,HOLDOUT,2026-02-15,13:30,MATCH_KICKOFF_TIME_TIMEZONE_NOT_STATED_BY_SOURCE,,NOT_VERIFIED_DO_NOT_INFER,Telstar,Twente,1,1,D,EVALUATION_ONLY_JOIN_AFTER_PREMATCH_FEATURE_FREEZE,5.86,4.44,1.48,EXTERNAL_HISTORICAL_MARKET_BENCHMARK,NOT_AVAILABLE,NOT_GOLDBET,0200585753eede9dba8e4efea0347a0b992d7a4652194c8ad55a73f22c991868
cfa53e524c83aa844b04aef9,Eredivisie,2025/2026,HOLDOUT,2026-02-17,19:00,MATCH_KICKOFF_TIME_TIMEZONE_NOT_STATED_BY_SOURCE,,NOT_VERIFIED_DO_NOT_INFER,Sparta Rotterdam,Nijmegen,1,1,D,EVALUATION_ONLY_JOIN_AFTER_PREMATCH_FEATURE_FREEZE,2.38,3.55,2.71,EXTERNAL_HISTORICAL_MARKET_BENCHMARK,NOT_AVAILABLE,NOT_GOLDBET,14d3e25158f181b777dd64048293791cbb59184a2e6cca066a6dd23c1a71049b
bc55f1f540f80bd6fdff1b88,Eredivisie,2025/2026,HOLDOUT,2026-02-20,19:00,MATCH_KICKOFF_TIME_TIMEZONE_NOT_STATED_BY_SOURCE,,NOT_VERIFIED_DO_NOT_INFER,For Sittard,Excelsior,2,1,H,EVALUATION_ONLY_JOIN_AFTER_PREMATCH_FEATURE_FREEZE,2.2,3.4,3.12,EXTERNAL_HISTORICAL_MARKET_BENCHMARK,NOT_AVAILABLE,NOT_GOLDBET,1d4f9766e5a76a0c408d894d59bc7b2970afe3d715036f933a41042a52aaf87d
f4d8b3c2b454ff4744db92b2,Eredivisie,2025/2026,HOLDOUT,2026-02-21,17:45,MATCH_KICKOFF_TIME_TIMEZONE_NOT_STATED_BY_SOURCE,,NOT_VERIFIED_DO_NOT_INFER,PSV Eindhoven,Heerenveen,3,1,H,EVALUATION_ONLY_JOIN_AFTER_PREMATCH_FEATURE_FREEZE,1.26,6.18,8.87,EXTERNAL_HISTORICAL_MARKET_BENCHMARK,NOT_AVAILABLE,NOT_GOLDBET,b3312623405835cb2fa8ddce7171923929c8ffc8cb276d7b84f3861d8c8e7b64
7af1f1a1075182b8b0fa9372,Eredivisie,2025/2026,HOLDOUT,2026-02-21,19:00,MATCH_KICKOFF_TIME_TIMEZONE_NOT_STATED_BY_SOURCE,,NOT_VERIFIED_DO_NOT_INFER,NAC Breda,Volendam,1,0,H,EVALUATION_ONLY_JOIN_AFTER_PREMATCH_FEATURE_FREEZE,1.61,4.01,5.12,EXTERNAL_HISTORICAL_MARKET_BENCHMARK,NOT_AVAILABLE,NOT_GOLDBET,28972dd5721fc43c2bdbcd93f40470b1db16d67d3f1ec48ad8d540686b4466e6
354caca2b63a0e24e28212a5,Eredivisie,2025/2026,HOLDOUT,2026-02-21,20:00,MATCH_KICKOFF_TIME_TIMEZONE_NOT_STATED_BY_SOURCE,,NOT_VERIFIED_DO_NOT_INFER,Ajax,Nijmegen,1,1,D,EVALUATION_ONLY_JOIN_AFTER_PREMATCH_FEATURE_FREEZE,1.8,4.01,3.82,EXTERNAL_HISTORICAL_MARKET_BENCHMARK,NOT_AVAILABLE,NOT_GOLDBET,72773d75f6ddcc5061d04f6ddeb4efe867287825429fbf1c4c30d8192b1b1a58
67f83b1dacbdd2a05d3662cd,Eredivisie,2025/2026,HOLDOUT,2026-02-22,11:15,MATCH_KICKOFF_TIME_TIMEZONE_NOT_STATED_BY_SOURCE,,NOT_VERIFIED_DO_NOT_INFER,Twente,Groningen,2,1,H,EVALUATION_ONLY_JOIN_AFTER_PREMATCH_FEATURE_FREEZE,1.49,4.46,5.81,EXTERNAL_HISTORICAL_MARKET_BENCHMARK,NOT_AVAILABLE,NOT_GOLDBET,0a9fa3bf10045e0dae8824b6786af0cfc21795dd62d4e4313e0284df058f66a9
cfeab1a82a502560b422e6bc,Eredivisie,2025/2026,HOLDOUT,2026-02-22,13:30,MATCH_KICKOFF_TIME_TIMEZONE_NOT_STATED_BY_SOURCE,,NOT_VERIFIED_DO_NOT_INFER,Go Ahead Eagles,Heracles,4,0,H,EVALUATION_ONLY_JOIN_AFTER_PREMATCH_FEATURE_FREEZE,1.91,3.63,3.71,EXTERNAL_HISTORICAL_MARKET_BENCHMARK,NOT_AVAILABLE,NOT_GOLDBET,b9ea89a6b15dd9797fc0592f78bd71d8ae62b3319e00813e695a13e514dab61f
add6cf99fc296393ce5225ac,Eredivisie,2025/2026,HOLDOUT,2026-02-22,13:30,MATCH_KICKOFF_TIME_TIMEZONE_NOT_STATED_BY_SOURCE,,NOT_VERIFIED_DO_NOT_INFER,Utrecht,Zwolle,1,1,D,EVALUATION_ONLY_JOIN_AFTER_PREMATCH_FEATURE_FREEZE,1.6,4.05,5.13,EXTERNAL_HISTORICAL_MARKET_BENCHMARK,NOT_AVAILABLE,NOT_GOLDBET,a26207ae3cce3dbb8161df657b16aa0613a96f58e4f99cec5f8a9881b1eeb9a8
8fe84ca47b712c72954e8fed,Eredivisie,2025/2026,HOLDOUT,2026-02-22,15:45,MATCH_KICKOFF_TIME_TIMEZONE_NOT_STATED_BY_SOURCE,,NOT_VERIFIED_DO_NOT_INFER,AZ Alkmaar,Sparta Rotterdam,3,1,H,EVALUATION_ONLY_JOIN_AFTER_PREMATCH_FEATURE_FREEZE,1.99,3.62,3.47,EXTERNAL_HISTORICAL_MARKET_BENCHMARK,NOT_AVAILABLE,NOT_GOLDBET,a52c462616d50c3dc88e865e5b38bb582bb45d5dfe7beeff2e8d2eee821fbfaf
465852904058e32e858420d3,Eredivisie,2025/2026,HOLDOUT,2026-02-22,19:00,MATCH_KICKOFF_TIME_TIMEZONE_NOT_STATED_BY_SOURCE,,NOT_VERIFIED_DO_NOT_INFER,Feyenoord,Telstar,2,1,H,EVALUATION_ONLY_JOIN_AFTER_PREMATCH_FEATURE_FREEZE,1.2,6.84,11.59,EXTERNAL_HISTORICAL_MARKET_BENCHMARK,NOT_AVAILABLE,NOT_GOLDBET,659d8010a0f10e7577d8bc8f1741a98c3844cd3ad68ff7d29d5766f85d4bc1a7
2841f435785ac8b5da63e028,Eredivisie,2025/2026,HOLDOUT,2026-02-27,19:00,MATCH_KICKOFF_TIME_TIMEZONE_NOT_STATED_BY_SOURCE,,NOT_VERIFIED_DO_NOT_INFER,Telstar,NAC Breda,3,0,H,EVALUATION_ONLY_JOIN_AFTER_PREMATCH_FEATURE_FREEZE,2.55,3.52,2.54,EXTERNAL_HISTORICAL_MARKET_BENCHMARK,NOT_AVAILABLE,NOT_GOLDBET,39633a3db7036c8e19ba69622bc36df696061db66d2735ad005c84f7c542b08c
538a50cfa785fc0494bbc778,Eredivisie,2025/2026,HOLDOUT,2026-02-28,15:30,MATCH_KICKOFF_TIME_TIMEZONE_NOT_STATED_BY_SOURCE,,NOT_VERIFIED_DO_NOT_INFER,Heerenveen,Sparta Rotterdam,2,1,H,EVALUATION_ONLY_JOIN_AFTER_PREMATCH_FEATURE_FREEZE,1.96,3.75,3.37,EXTERNAL_HISTORICAL_MARKET_BENCHMARK,NOT_AVAILABLE,NOT_GOLDBET,e35715ca73b4d0b463cad4773abab6bdabccefa19dcc1a24a2c610090e20eeb4
6bf4b5107fb852f4c33e7b15,Eredivisie,2025/2026,HOLDOUT,2026-02-28,17:45,MATCH_KICKOFF_TIME_TIMEZONE_NOT_STATED_BY_SOURCE,,NOT_VERIFIED_DO_NOT_INFER,Heracles,PSV Eindhoven,1,3,A,EVALUATION_ONLY_JOIN_AFTER_PREMATCH_FEATURE_FREEZE,8.42,6.08,1.27,EXTERNAL_HISTORICAL_MARKET_BENCHMARK,NOT_AVAILABLE,NOT_GOLDBET,95497cddcef7ee32bbaafc3a5dd1fde160798d5214932d896b3c4a39b78c6e46
eab3303c565d7b77dee80aed,Eredivisie,2025/2026,HOLDOUT,2026-02-28,20:00,MATCH_KICKOFF_TIME_TIMEZONE_NOT_STATED_BY_SOURCE,,NOT_VERIFIED_DO_NOT_INFER,Nijmegen,For Sittard,2,3,A,EVALUATION_ONLY_JOIN_AFTER_PREMATCH_FEATURE_FREEZE,1.39,4.96,6.55,EXTERNAL_HISTORICAL_MARKET_BENCHMARK,NOT_AVAILABLE,NOT_GOLDBET,d81205fb386c70298a35c61e15689fa68a534a688b3f9c7cd305e5c2aee5009f
f90c040deb29fc4cf8d2db1e,Eredivisie,2025/2026,HOLDOUT,2026-03-01,11:15,MATCH_KICKOFF_TIME_TIMEZONE_NOT_STATED_BY_SOURCE,,NOT_VERIFIED_DO_NOT_INFER,Zwolle,Ajax,0,0,D,EVALUATION_ONLY_JOIN_AFTER_PREMATCH_FEATURE_FREEZE,3.68,3.9,1.84,EXTERNAL_HISTORICAL_MARKET_BENCHMARK,NOT_AVAILABLE,NOT_GOLDBET,6347bb9563d8e0696f2ba844dcb9b5635e789fceefae0aeac94e54c28a998644
a12b2a3364896c6ddd714386,Eredivisie,2025/2026,HOLDOUT,2026-03-01,13:30,MATCH_KICKOFF_TIME_TIMEZONE_NOT_STATED_BY_SOURCE,,NOT_VERIFIED_DO_NOT_INFER,Twente,Feyenoord,2,0,H,EVALUATION_ONLY_JOIN_AFTER_PREMATCH_FEATURE_FREEZE,2.05,3.72,3.17,EXTERNAL_HISTORICAL_MARKET_BENCHMARK,NOT_AVAILABLE,NOT_GOLDBET,14edde3c168c3a00c1170136bc245936422e673cb6ad8dd7df0f4cf7547d6f0e
6482dc6375ede940c8513a03,Eredivisie,2025/2026,HOLDOUT,2026-03-01,13:30,MATCH_KICKOFF_TIME_TIMEZONE_NOT_STATED_BY_SOURCE,,NOT_VERIFIED_DO_NOT_INFER,Volendam,Groningen,3,2,H,EVALUATION_ONLY_JOIN_AFTER_PREMATCH_FEATURE_FREEZE,3.64,3.6,1.93,EXTERNAL_HISTORICAL_MARKET_BENCHMARK,NOT_AVAILABLE,NOT_GOLDBET,8753c3b63afed6a5934b2bba045c0ce0325ad3e60bf6662cd2d4699321beed9d
fe9bc233ddbadad5d43f00af,Eredivisie,2025/2026,HOLDOUT,2026-03-01,15:45,MATCH_KICKOFF_TIME_TIMEZONE_NOT_STATED_BY_SOURCE,,NOT_VERIFIED_DO_NOT_INFER,Utrecht,AZ Alkmaar,2,0,H,EVALUATION_ONLY_JOIN_AFTER_PREMATCH_FEATURE_FREEZE,2.24,3.33,3.07,EXTERNAL_HISTORICAL_MARKET_BENCHMARK,NOT_AVAILABLE,NOT_GOLDBET,fbb5b91416b1a9ac38d16d62ec58ccd8838c3e86bf5f2f98ba66c631322dac7e
d7d8171f9bb99470eda1e99e,Eredivisie,2025/2026,HOLDOUT,2026-03-01,19:00,MATCH_KICKOFF_TIME_TIMEZONE_NOT_STATED_BY_SOURCE,,NOT_VERIFIED_DO_NOT_INFER,Excelsior,Go Ahead Eagles,0,1,A,EVALUATION_ONLY_JOIN_AFTER_PREMATCH_FEATURE_FREEZE,2.35,3.41,2.84,EXTERNAL_HISTORICAL_MARKET_BENCHMARK,NOT_AVAILABLE,NOT_GOLDBET,b3cbc09e750d1bce54082921d77651b40e69e8dd99207fb28e082bb77da5f3e9
6cd07b9d5cfb5e6e55b68464,Eredivisie,2025/2026,HOLDOUT,2026-03-06,19:00,MATCH_KICKOFF_TIME_TIMEZONE_NOT_STATED_BY_SOURCE,,NOT_VERIFIED_DO_NOT_INFER,Heracles,Utrecht,0,0,D,EVALUATION_ONLY_JOIN_AFTER_PREMATCH_FEATURE_FREEZE,3.19,3.42,2.15,EXTERNAL_HISTORICAL_MARKET_BENCHMARK,NOT_AVAILABLE,NOT_GOLDBET,8199de976ab6838f75ddd66b9b3278ab52c3887d89b07d8959cbe04a41236d64
3dcd08d06a45085ada5cd6b6,Eredivisie,2025/2026,HOLDOUT,2026-03-07,15:30,MATCH_KICKOFF_TIME_TIMEZONE_NOT_STATED_BY_SOURCE,,NOT_VERIFIED_DO_NOT_INFER,Groningen,Ajax,3,1,H,EVALUATION_ONLY_JOIN_AFTER_PREMATCH_FEATURE_FREEZE,2.82,3.63,2.27,EXTERNAL_HISTORICAL_MARKET_BENCHMARK,NOT_AVAILABLE,NOT_GOLDBET,0e3bfbd5d243963daaa978429bcaa98f3dbc1de81f21aa8774911b374388145c
e3091c0ba8b12a7865040853,Eredivisie,2025/2026,HOLDOUT,2026-03-07,19:00,MATCH_KICKOFF_TIME_TIMEZONE_NOT_STATED_BY_SOURCE,,NOT_VERIFIED_DO_NOT_INFER,PSV Eindhoven,AZ Alkmaar,2,1,H,EVALUATION_ONLY_JOIN_AFTER_PREMATCH_FEATURE_FREEZE,1.38,5.07,6.56,EXTERNAL_HISTORICAL_MARKET_BENCHMARK,NOT_AVAILABLE,NOT_GOLDBET,bb2b182f3e9ecba0f5a64e325fa139d38a175dc580d19a9526d58f25b181e023
5e697de21a19938c1043d5a7,Eredivisie,2025/2026,HOLDOUT,2026-03-07,20:00,MATCH_KICKOFF_TIME_TIMEZONE_NOT_STATED_BY_SOURCE,,NOT_VERIFIED_DO_NOT_INFER,Excelsior,Heerenveen,1,2,A,EVALUATION_ONLY_JOIN_AFTER_PREMATCH_FEATURE_FREEZE,2.84,3.6,2.26,EXTERNAL_HISTORICAL_MARKET_BENCHMARK,NOT_AVAILABLE,NOT_GOLDBET,53e648fc3cd49f276d392d7ae77b09eb208d4ded957aaa4980e3904f3669b442
e3dc69ed6709f01d7e3bb541,Eredivisie,2025/2026,HOLDOUT,2026-03-08,11:15,MATCH_KICKOFF_TIME_TIMEZONE_NOT_STATED_BY_SOURCE,,NOT_VERIFIED_DO_NOT_INFER,Sparta Rotterdam,Zwolle,1,1,D,EVALUATION_ONLY_JOIN_AFTER_PREMATCH_FEATURE_FREEZE,1.74,4.04,3.98,EXTERNAL_HISTORICAL_MARKET_BENCHMARK,NOT_AVAILABLE,NOT_GOLDBET,85301d3921b1c1c9975ad203b9821fb22f890c9e3f3d6ca93250b9a8eb8a1148
84bfa9901dffa7ff48ccb1bb,Eredivisie,2025/2026,HOLDOUT,2026-03-08,13:30,MATCH_KICKOFF_TIME_TIMEZONE_NOT_STATED_BY_SOURCE,,NOT_VERIFIED_DO_NOT_INFER,For Sittard,Telstar,1,4,A,EVALUATION_ONLY_JOIN_AFTER_PREMATCH_FEATURE_FREEZE,2.28,3.57,2.82,EXTERNAL_HISTORICAL_MARKET_BENCHMARK,NOT_AVAILABLE,NOT_GOLDBET,d6e54aeef05cff56cd99bc3195c877e92f47cb976f59638f19e0188e8bccf368
279d7958391153c992b17afb,Eredivisie,2025/2026,HOLDOUT,2026-03-08,13:30,MATCH_KICKOFF_TIME_TIMEZONE_NOT_STATED_BY_SOURCE,,NOT_VERIFIED_DO_NOT_INFER,Go Ahead Eagles,Twente,1,4,A,EVALUATION_ONLY_JOIN_AFTER_PREMATCH_FEATURE_FREEZE,4.47,4.08,1.66,EXTERNAL_HISTORICAL_MARKET_BENCHMARK,NOT_AVAILABLE,NOT_GOLDBET,21e9864d6d49378e2542089308b4f26a34331cd4414ff16bbb7a9e49c2e680ac
fdbca6b7c012322fa6ebc916,Eredivisie,2025/2026,HOLDOUT,2026-03-08,15:45,MATCH_KICKOFF_TIME_TIMEZONE_NOT_STATED_BY_SOURCE,,NOT_VERIFIED_DO_NOT_INFER,NAC Breda,Feyenoord,3,3,D,EVALUATION_ONLY_JOIN_AFTER_PREMATCH_FEATURE_FREEZE,3.85,3.7,1.84,EXTERNAL_HISTORICAL_MARKET_BENCHMARK,NOT_AVAILABLE,NOT_GOLDBET,5f327ee764bbdb19b1a5256552c3e6bd579e2f859dc0199f6d52a7f47de55d81
368f657d691e71b8f63def65,Eredivisie,2025/2026,HOLDOUT,2026-03-08,19:00,MATCH_KICKOFF_TIME_TIMEZONE_NOT_STATED_BY_SOURCE,,NOT_VERIFIED_DO_NOT_INFER,Nijmegen,Volendam,3,0,H,EVALUATION_ONLY_JOIN_AFTER_PREMATCH_FEATURE_FREEZE,1.27,5.84,8.8,EXTERNAL_HISTORICAL_MARKET_BENCHMARK,NOT_AVAILABLE,NOT_GOLDBET,06e657fa40daab7bb26c9a15166286dd65ce6dad56d8668c269f0c8d68d96920
83cd04a18e25a54734f9d5f0,Eredivisie,2025/2026,HOLDOUT,2026-03-13,19:00,MATCH_KICKOFF_TIME_TIMEZONE_NOT_STATED_BY_SOURCE,,NOT_VERIFIED_DO_NOT_INFER,Zwolle,Groningen,1,1,D,EVALUATION_ONLY_JOIN_AFTER_PREMATCH_FEATURE_FREEZE,2.67,3.47,2.44,EXTERNAL_HISTORICAL_MARKET_BENCHMARK,NOT_AVAILABLE,NOT_GOLDBET,3bcff599a3e9a2e71ecc939188943e19db7a2dc742175d8330efc51a9c0d0dae
464da1a5e93879cc9fed71c7,Eredivisie,2025/2026,HOLDOUT,2026-03-14,15:30,MATCH_KICKOFF_TIME_TIMEZONE_NOT_STATED_BY_SOURCE,,NOT_VERIFIED_DO_NOT_INFER,Volendam,For Sittard,1,2,A,EVALUATION_ONLY_JOIN_AFTER_PREMATCH_FEATURE_FREEZE,2.35,3.54,2.75,EXTERNAL_HISTORICAL_MARKET_BENCHMARK,NOT_AVAILABLE,NOT_GOLDBET,946524bae037100ea0bdec1aa79a93b83713bb8b0935dd4b8e5426d819031b9b
c47101b8c4aabc489f919d39,Eredivisie,2025/2026,HOLDOUT,2026-03-14,17:45,MATCH_KICKOFF_TIME_TIMEZONE_NOT_STATED_BY_SOURCE,,NOT_VERIFIED_DO_NOT_INFER,PSV Eindhoven,Nijmegen,2,3,A,EVALUATION_ONLY_JOIN_AFTER_PREMATCH_FEATURE_FREEZE,1.49,4.89,5.14,EXTERNAL_HISTORICAL_MARKET_BENCHMARK,NOT_AVAILABLE,NOT_GOLDBET,0ddeca93d257b09bb157826205d02f37060811bf3d3fdc24c99bc639641934c8
f1875884e2777263691e8c38,Eredivisie,2025/2026,HOLDOUT,2026-03-14,19:00,MATCH_KICKOFF_TIME_TIMEZONE_NOT_STATED_BY_SOURCE,,NOT_VERIFIED_DO_NOT_INFER,Heerenveen,Telstar,3,0,H,EVALUATION_ONLY_JOIN_AFTER_PREMATCH_FEATURE_FREEZE,1.63,4.26,4.44,EXTERNAL_HISTORICAL_MARKET_BENCHMARK,NOT_AVAILABLE,NOT_GOLDBET,a49e9c54283000928a35456603e37f20b50bf70fa52b8b0395873176cfc03460
3b3d797ed5d0caf44e9b0c2c,Eredivisie,2025/2026,HOLDOUT,2026-03-14,20:00,MATCH_KICKOFF_TIME_TIMEZONE_NOT_STATED_BY_SOURCE,,NOT_VERIFIED_DO_NOT_INFER,Ajax,Sparta Rotterdam,4,0,H,EVALUATION_ONLY_JOIN_AFTER_PREMATCH_FEATURE_FREEZE,1.69,4.09,4.31,EXTERNAL_HISTORICAL_MARKET_BENCHMARK,NOT_AVAILABLE,NOT_GOLDBET,7d6912b41b7f9fc3fda25ef0eea4fb503303473479bc0da7d756cedb8f260cd7
22c5ab86be8b718fc2db6b00,Eredivisie,2025/2026,HOLDOUT,2026-03-15,11:15,MATCH_KICKOFF_TIME_TIMEZONE_NOT_STATED_BY_SOURCE,,NOT_VERIFIED_DO_NOT_INFER,Twente,Utrecht,0,2,A,EVALUATION_ONLY_JOIN_AFTER_PREMATCH_FEATURE_FREEZE,1.63,4,4.78,EXTERNAL_HISTORICAL_MARKET_BENCHMARK,NOT_AVAILABLE,NOT_GOLDBET,cfa6eb642a383ead55dbaabc6a09f95209271dc3de89ad9c8192f1a6b83f7184
e1af214007e9a19f9b053016,Eredivisie,2025/2026,HOLDOUT,2026-03-15,13:30,MATCH_KICKOFF_TIME_TIMEZONE_NOT_STATED_BY_SOURCE,,NOT_VERIFIED_DO_NOT_INFER,AZ Alkmaar,Heracles,4,0,H,EVALUATION_ONLY_JOIN_AFTER_PREMATCH_FEATURE_FREEZE,1.33,5.3,7.43,EXTERNAL_HISTORICAL_MARKET_BENCHMARK,NOT_AVAILABLE,NOT_GOLDBET,bb192bbb08b1cd74af4dd6d5793f955bfbd44c8221d2815483460a23c4ae1895
76e7dd7a59e86ae1f592523d,Eredivisie,2025/2026,HOLDOUT,2026-03-15,13:30,MATCH_KICKOFF_TIME_TIMEZONE_NOT_STATED_BY_SOURCE,,NOT_VERIFIED_DO_NOT_INFER,Feyenoord,Excelsior,2,1,H,EVALUATION_ONLY_JOIN_AFTER_PREMATCH_FEATURE_FREEZE,1.3,5.67,7.95,EXTERNAL_HISTORICAL_MARKET_BENCHMARK,NOT_AVAILABLE,NOT_GOLDBET,4fcdb2192c51126eb22ee4daab47db650e5eb67ca2683296ab27d7f75f80903e
b72e4a092b584906e50db913,Eredivisie,2025/2026,HOLDOUT,2026-03-15,15:45,MATCH_KICKOFF_TIME_TIMEZONE_NOT_STATED_BY_SOURCE,,NOT_VERIFIED_DO_NOT_INFER,Go Ahead Eagles,NAC Breda,6,0,H,EVALUATION_ONLY_JOIN_AFTER_PREMATCH_FEATURE_FREEZE,2.12,3.45,3.23,EXTERNAL_HISTORICAL_MARKET_BENCHMARK,NOT_AVAILABLE,NOT_GOLDBET,cbf22d2c1802eb958e1ad4b15c5bd89e51bc15752bbe930f7ca9098002381944
6764aa2496364ed0f69335a1,Eredivisie,2025/2026,HOLDOUT,2026-03-20,19:00,MATCH_KICKOFF_TIME_TIMEZONE_NOT_STATED_BY_SOURCE,,NOT_VERIFIED_DO_NOT_INFER,Heracles,Excelsior,1,1,D,EVALUATION_ONLY_JOIN_AFTER_PREMATCH_FEATURE_FREEZE,2.61,3.3,2.6,EXTERNAL_HISTORICAL_MARKET_BENCHMARK,NOT_AVAILABLE,NOT_GOLDBET,0d46609ba9538cf47b925e85eabfe5832262956222e71b268aec1a0322c0b484
8ca86e77f937ecd22671e1aa,Eredivisie,2025/2026,HOLDOUT,2026-03-21,15:30,MATCH_KICKOFF_TIME_TIMEZONE_NOT_STATED_BY_SOURCE,,NOT_VERIFIED_DO_NOT_INFER,For Sittard,Twente,1,2,A,EVALUATION_ONLY_JOIN_AFTER_PREMATCH_FEATURE_FREEZE,5.78,4.5,1.48,EXTERNAL_HISTORICAL_MARKET_BENCHMARK,NOT_AVAILABLE,NOT_GOLDBET,b18dc45ba714cd61bb64492b32a62718badfc032da478582bc273751f1ac0a52
78db3eb3f6fcf50b5142d0b4,Eredivisie,2025/2026,HOLDOUT,2026-03-21,17:45,MATCH_KICKOFF_TIME_TIMEZONE_NOT_STATED_BY_SOURCE,,NOT_VERIFIED_DO_NOT_INFER,Sparta Rotterdam,Volendam,2,0,H,EVALUATION_ONLY_JOIN_AFTER_PREMATCH_FEATURE_FREEZE,1.42,4.72,6.37,EXTERNAL_HISTORICAL_MARKET_BENCHMARK,NOT_AVAILABLE,NOT_GOLDBET,0b6fda8981ada4630baf85a50c550b367e80c478fe32c431ca4f126a3d2ff741
4ece4a3c2cdbb7e54bb508c5,Eredivisie,2025/2026,HOLDOUT,2026-03-21,20:00,MATCH_KICKOFF_TIME_TIMEZONE_NOT_STATED_BY_SOURCE,,NOT_VERIFIED_DO_NOT_INFER,Zwolle,NAC Breda,2,1,H,EVALUATION_ONLY_JOIN_AFTER_PREMATCH_FEATURE_FREEZE,2.24,3.42,3.01,EXTERNAL_HISTORICAL_MARKET_BENCHMARK,NOT_AVAILABLE,NOT_GOLDBET,6b8c3f334cb61f8db008b1ce47f3b4402f5e2cc23d24965e6c5ae197b9ca463c
daecef58ef6d4000baf134b8,Eredivisie,2025/2026,HOLDOUT,2026-03-22,11:15,MATCH_KICKOFF_TIME_TIMEZONE_NOT_STATED_BY_SOURCE,,NOT_VERIFIED_DO_NOT_INFER,Nijmegen,Heerenveen,2,2,D,EVALUATION_ONLY_JOIN_AFTER_PREMATCH_FEATURE_FREEZE,1.62,4.37,4.39,EXTERNAL_HISTORICAL_MARKET_BENCHMARK,NOT_AVAILABLE,NOT_GOLDBET,9784c7a17ad47a0c86bf37a395aad4c1c15467886f2dff75640889b8a1e961f3
bcf5088826c025caccb928dc,Eredivisie,2025/2026,HOLDOUT,2026-03-22,13:30,MATCH_KICKOFF_TIME_TIMEZONE_NOT_STATED_BY_SOURCE,,NOT_VERIFIED_DO_NOT_INFER,Feyenoord,Ajax,1,1,D,EVALUATION_ONLY_JOIN_AFTER_PREMATCH_FEATURE_FREEZE,1.89,3.87,3.48,EXTERNAL_HISTORICAL_MARKET_BENCHMARK,NOT_AVAILABLE,NOT_GOLDBET,7172d674ee36c2205e38fdae02262ee12bff517a577adcc46860221f742c5bcc
14b2ef50bcc57e127b849fd9,Eredivisie,2025/2026,HOLDOUT,2026-03-22,13:30,MATCH_KICKOFF_TIME_TIMEZONE_NOT_STATED_BY_SOURCE,,NOT_VERIFIED_DO_NOT_INFER,Utrecht,Go Ahead Eagles,2,0,H,EVALUATION_ONLY_JOIN_AFTER_PREMATCH_FEATURE_FREEZE,1.64,3.79,5.04,EXTERNAL_HISTORICAL_MARKET_BENCHMARK,NOT_AVAILABLE,NOT_GOLDBET,98ec8eea9048cd4ce49911c91173dee01b664b8e4d08c9598ce65ce177743f05
e29e84f9fc6eea80e3adb6b0,Eredivisie,2025/2026,HOLDOUT,2026-03-22,15:45,MATCH_KICKOFF_TIME_TIMEZONE_NOT_STATED_BY_SOURCE,,NOT_VERIFIED_DO_NOT_INFER,Groningen,AZ Alkmaar,3,0,H,EVALUATION_ONLY_JOIN_AFTER_PREMATCH_FEATURE_FREEZE,2.84,3.72,2.21,EXTERNAL_HISTORICAL_MARKET_BENCHMARK,NOT_AVAILABLE,NOT_GOLDBET,31a907f69ed06bb2262a8dc43a4dda788bb1fcbf32bb91b63c742ce483427554
873e8012e4cf0454313345a3,Eredivisie,2025/2026,HOLDOUT,2026-03-22,15:45,MATCH_KICKOFF_TIME_TIMEZONE_NOT_STATED_BY_SOURCE,,NOT_VERIFIED_DO_NOT_INFER,Telstar,PSV Eindhoven,3,1,H,EVALUATION_ONLY_JOIN_AFTER_PREMATCH_FEATURE_FREEZE,5.32,5.06,1.47,EXTERNAL_HISTORICAL_MARKET_BENCHMARK,NOT_AVAILABLE,NOT_GOLDBET,399b9ac71d9b8fe6661b471688e748a2da2e203dfe36c012c6e476fde0ace0ad
fe6238ff235c3b05c2e55d15,Eredivisie,2025/2026,HOLDOUT,2026-04-04,15:30,MATCH_KICKOFF_TIME_TIMEZONE_NOT_STATED_BY_SOURCE,,NOT_VERIFIED_DO_NOT_INFER,PSV Eindhoven,Utrecht,4,3,H,EVALUATION_ONLY_JOIN_AFTER_PREMATCH_FEATURE_FREEZE,1.43,4.82,5.95,EXTERNAL_HISTORICAL_MARKET_BENCHMARK,NOT_AVAILABLE,NOT_GOLDBET,cdb1f9c4a9d93661be94caec2b7f6307c37d257332bf91ff86ca8593f397f8a5
debeaa49f7f967f3ad18c9f7,Eredivisie,2025/2026,HOLDOUT,2026-04-04,17:45,MATCH_KICKOFF_TIME_TIMEZONE_NOT_STATED_BY_SOURCE,,NOT_VERIFIED_DO_NOT_INFER,AZ Alkmaar,For Sittard,2,0,H,EVALUATION_ONLY_JOIN_AFTER_PREMATCH_FEATURE_FREEZE,1.28,5.64,8.87,EXTERNAL_HISTORICAL_MARKET_BENCHMARK,NOT_AVAILABLE,NOT_GOLDBET,2ead1886c0cb6ec453e9c72d2ad14d06aedd1d00e0c369b1dc0757ceccec9cdc
b0654569df24fd050ea06a99,Eredivisie,2025/2026,HOLDOUT,2026-04-04,17:45,MATCH_KICKOFF_TIME_TIMEZONE_NOT_STATED_BY_SOURCE,,NOT_VERIFIED_DO_NOT_INFER,Telstar,Groningen,0,2,A,EVALUATION_ONLY_JOIN_AFTER_PREMATCH_FEATURE_FREEZE,2.6,3.62,2.43,EXTERNAL_HISTORICAL_MARKET_BENCHMARK,NOT_AVAILABLE,NOT_GOLDBET,31e8fdf37d2591d67d99d9c35df5eb45d586a6de83940e09cfb4a6ff10015f6e
49411155f4bdd40b666d92d8,Eredivisie,2025/2026,HOLDOUT,2026-04-04,20:00,MATCH_KICKOFF_TIME_TIMEZONE_NOT_STATED_BY_SOURCE,,NOT_VERIFIED_DO_NOT_INFER,Ajax,Twente,1,2,A,EVALUATION_ONLY_JOIN_AFTER_PREMATCH_FEATURE_FREEZE,2.27,3.7,2.77,EXTERNAL_HISTORICAL_MARKET_BENCHMARK,NOT_AVAILABLE,NOT_GOLDBET,8c12cc4ad53772179475cceb1b0a05ba6a0004a34cc306755b1b1fdf11d44d1f
71c132190a0ca7357b7ee65b,Eredivisie,2025/2026,HOLDOUT,2026-04-04,20:00,MATCH_KICKOFF_TIME_TIMEZONE_NOT_STATED_BY_SOURCE,,NOT_VERIFIED_DO_NOT_INFER,Excelsior,Nijmegen,0,2,A,EVALUATION_ONLY_JOIN_AFTER_PREMATCH_FEATURE_FREEZE,3.6,3.83,1.87,EXTERNAL_HISTORICAL_MARKET_BENCHMARK,NOT_AVAILABLE,NOT_GOLDBET,95c0301a9a3867a0b3edd60f1d5fbea2824aed754109d48228815d85ec0cb7d6
6251e5892151243217c9e8c3,Eredivisie,2025/2026,HOLDOUT,2026-04-05,11:15,MATCH_KICKOFF_TIME_TIMEZONE_NOT_STATED_BY_SOURCE,,NOT_VERIFIED_DO_NOT_INFER,Go Ahead Eagles,Zwolle,5,0,H,EVALUATION_ONLY_JOIN_AFTER_PREMATCH_FEATURE_FREEZE,1.81,3.84,3.84,EXTERNAL_HISTORICAL_MARKET_BENCHMARK,NOT_AVAILABLE,NOT_GOLDBET,4bce01d4272ad9fcd8458f3bd6feaf2c6bb3212de4f978156a543042f8dcd9bc
19062983f4606971fe3bba4b,Eredivisie,2025/2026,HOLDOUT,2026-04-05,13:30,MATCH_KICKOFF_TIME_TIMEZONE_NOT_STATED_BY_SOURCE,,NOT_VERIFIED_DO_NOT_INFER,Heerenveen,Heracles,4,1,H,EVALUATION_ONLY_JOIN_AFTER_PREMATCH_FEATURE_FREEZE,1.43,4.91,5.91,EXTERNAL_HISTORICAL_MARKET_BENCHMARK,NOT_AVAILABLE,NOT_GOLDBET,2e0923256ec9317ade8609e819ae224797a3882aa81974ca3dbd07f5be76ecb9
fdb2f3eaeabed4847cd01bbc,Eredivisie,2025/2026,HOLDOUT,2026-04-05,13:30,MATCH_KICKOFF_TIME_TIMEZONE_NOT_STATED_BY_SOURCE,,NOT_VERIFIED_DO_NOT_INFER,Volendam,Feyenoord,0,0,D,EVALUATION_ONLY_JOIN_AFTER_PREMATCH_FEATURE_FREEZE,5.92,4.65,1.45,EXTERNAL_HISTORICAL_MARKET_BENCHMARK,NOT_AVAILABLE,NOT_GOLDBET,510c2882732a5fa50f13404768cba50b891d3d8386b60f005a225dc6ac775851
321cb5de223b6e7749f1fa3e,Eredivisie,2025/2026,HOLDOUT,2026-04-05,15:45,MATCH_KICKOFF_TIME_TIMEZONE_NOT_STATED_BY_SOURCE,,NOT_VERIFIED_DO_NOT_INFER,NAC Breda,Sparta Rotterdam,0,0,D,EVALUATION_ONLY_JOIN_AFTER_PREMATCH_FEATURE_FREEZE,2.18,3.47,3.07,EXTERNAL_HISTORICAL_MARKET_BENCHMARK,NOT_AVAILABLE,NOT_GOLDBET,1b79ad856a2d6a9233dd90644eb43dd12ee072c7873ed452d04cb76086b1d992
fb8bbd8b2686be6af833d5ca,Eredivisie,2025/2026,HOLDOUT,2026-04-10,19:00,MATCH_KICKOFF_TIME_TIMEZONE_NOT_STATED_BY_SOURCE,,NOT_VERIFIED_DO_NOT_INFER,Twente,Volendam,2,1,H,EVALUATION_ONLY_JOIN_AFTER_PREMATCH_FEATURE_FREEZE,1.19,6.99,11.63,EXTERNAL_HISTORICAL_MARKET_BENCHMARK,NOT_AVAILABLE,NOT_GOLDBET,fad3784cf9b974a82d5e25d8b403319ca8c2759969e15c7f0ad29e046fc76da6
3546d7db61368fafcaabc44a,Eredivisie,2025/2026,HOLDOUT,2026-04-11,15:30,MATCH_KICKOFF_TIME_TIMEZONE_NOT_STATED_BY_SOURCE,,NOT_VERIFIED_DO_NOT_INFER,Utrecht,Telstar,4,1,H,EVALUATION_ONLY_JOIN_AFTER_PREMATCH_FEATURE_FREEZE,1.57,4.05,5.32,EXTERNAL_HISTORICAL_MARKET_BENCHMARK,NOT_AVAILABLE,NOT_GOLDBET,5d187ee6f67da31bc4411030a0803ea6c066714ed2ea4f280fb2231bbc6dbbe7
75ebef3d01e97b9848dd9862,Eredivisie,2025/2026,HOLDOUT,2026-04-11,17:45,MATCH_KICKOFF_TIME_TIMEZONE_NOT_STATED_BY_SOURCE,,NOT_VERIFIED_DO_NOT_INFER,Sparta Rotterdam,PSV Eindhoven,0,2,A,EVALUATION_ONLY_JOIN_AFTER_PREMATCH_FEATURE_FREEZE,3.34,4.18,1.87,EXTERNAL_HISTORICAL_MARKET_BENCHMARK,NOT_AVAILABLE,NOT_GOLDBET,f9ca75271871f1669c53a338db058bda49c4e339aad09c75565b27373233ed12
dc3f1c95648cc79fd2f5831e,Eredivisie,2025/2026,HOLDOUT,2026-04-11,19:00,MATCH_KICKOFF_TIME_TIMEZONE_NOT_STATED_BY_SOURCE,,NOT_VERIFIED_DO_NOT_INFER,Groningen,Go Ahead Eagles,0,0,D,EVALUATION_ONLY_JOIN_AFTER_PREMATCH_FEATURE_FREEZE,1.72,4.03,4.1,EXTERNAL_HISTORICAL_MARKET_BENCHMARK,NOT_AVAILABLE,NOT_GOLDBET,fee327e2948b1d35aeba6e06a2bf6761081e56ffcf694741b59839bb9878e787
60acb9fa9ec8059c7db99d14,Eredivisie,2025/2026,HOLDOUT,2026-04-11,20:00,MATCH_KICKOFF_TIME_TIMEZONE_NOT_STATED_BY_SOURCE,,NOT_VERIFIED_DO_NOT_INFER,Heracles,Ajax,0,3,A,EVALUATION_ONLY_JOIN_AFTER_PREMATCH_FEATURE_FREEZE,5.27,4.4,1.52,EXTERNAL_HISTORICAL_MARKET_BENCHMARK,NOT_AVAILABLE,NOT_GOLDBET,224e007d5025f46fc8c8b3573b25a14c6aa8c73edc09c4ee1a575893e8b24ae9
0449c717161649b945f785ed,Eredivisie,2025/2026,HOLDOUT,2026-04-12,11:15,MATCH_KICKOFF_TIME_TIMEZONE_NOT_STATED_BY_SOURCE,,NOT_VERIFIED_DO_NOT_INFER,For Sittard,NAC Breda,1,1,D,EVALUATION_ONLY_JOIN_AFTER_PREMATCH_FEATURE_FREEZE,2.74,3.39,2.41,EXTERNAL_HISTORICAL_MARKET_BENCHMARK,NOT_AVAILABLE,NOT_GOLDBET,7423ab2353acd0cc8cc3cdd145949064becd394ad469827fa352a1975cc4f2d6
ba7985700fde5ba97e187c48,Eredivisie,2025/2026,HOLDOUT,2026-04-12,13:30,MATCH_KICKOFF_TIME_TIMEZONE_NOT_STATED_BY_SOURCE,,NOT_VERIFIED_DO_NOT_INFER,Nijmegen,Feyenoord,1,1,D,EVALUATION_ONLY_JOIN_AFTER_PREMATCH_FEATURE_FREEZE,2.01,3.8,3.22,EXTERNAL_HISTORICAL_MARKET_BENCHMARK,NOT_AVAILABLE,NOT_GOLDBET,344dfedcc4f64a77ad4a8cf7bca5dd7511439fbaf6959e514072cc31e0dd34d5
01a54451cf904104a4aa400f,Eredivisie,2025/2026,HOLDOUT,2026-04-12,13:30,MATCH_KICKOFF_TIME_TIMEZONE_NOT_STATED_BY_SOURCE,,NOT_VERIFIED_DO_NOT_INFER,Zwolle,Excelsior,2,2,D,EVALUATION_ONLY_JOIN_AFTER_PREMATCH_FEATURE_FREEZE,2.18,3.57,3,EXTERNAL_HISTORICAL_MARKET_BENCHMARK,NOT_AVAILABLE,NOT_GOLDBET,303383a5928c139a018364448703791df0c3e1c7877a56c3288ab35d52e5055c
3c05bfcb370991bc20940143,Eredivisie,2025/2026,HOLDOUT,2026-04-12,15:45,MATCH_KICKOFF_TIME_TIMEZONE_NOT_STATED_BY_SOURCE,,NOT_VERIFIED_DO_NOT_INFER,AZ Alkmaar,Heerenveen,3,0,H,EVALUATION_ONLY_JOIN_AFTER_PREMATCH_FEATURE_FREEZE,1.67,4.17,4.27,EXTERNAL_HISTORICAL_MARKET_BENCHMARK,NOT_AVAILABLE,NOT_GOLDBET,481ccf78d12d75962409c0f6f71d4d45aa17b568a4860fde43455a07f8e4082f
8a7126770c753d23e8b32d33,Eredivisie,2025/2026,HOLDOUT,2026-04-22,19:00,MATCH_KICKOFF_TIME_TIMEZONE_NOT_STATED_BY_SOURCE,,NOT_VERIFIED_DO_NOT_INFER,Telstar,Sparta Rotterdam,4,1,H,EVALUATION_ONLY_JOIN_AFTER_PREMATCH_FEATURE_FREEZE,2.05,3.7,3.2,EXTERNAL_HISTORICAL_MARKET_BENCHMARK,NOT_AVAILABLE,NOT_GOLDBET,ec807e8793a1ef76193fddab4f723e59871eb11e6e969126a392b2cba4e53626
ca2ebcbbb19e9eb9978fe29c,Eredivisie,2025/2026,HOLDOUT,2026-04-23,17:45,MATCH_KICKOFF_TIME_TIMEZONE_NOT_STATED_BY_SOURCE,,NOT_VERIFIED_DO_NOT_INFER,Go Ahead Eagles,AZ Alkmaar,0,0,D,EVALUATION_ONLY_JOIN_AFTER_PREMATCH_FEATURE_FREEZE,2.13,3.78,2.92,EXTERNAL_HISTORICAL_MARKET_BENCHMARK,NOT_AVAILABLE,NOT_GOLDBET,d14af124c13488f6ed4ed9c70e9f93bbd658bb364e1e2a10680ee53bed46b02c
858e22688a36a1fce08165f7,Eredivisie,2025/2026,HOLDOUT,2026-04-23,20:00,MATCH_KICKOFF_TIME_TIMEZONE_NOT_STATED_BY_SOURCE,,NOT_VERIFIED_DO_NOT_INFER,PSV Eindhoven,Zwolle,6,1,H,EVALUATION_ONLY_JOIN_AFTER_PREMATCH_FEATURE_FREEZE,1.27,6.4,8.23,EXTERNAL_HISTORICAL_MARKET_BENCHMARK,NOT_AVAILABLE,NOT_GOLDBET,900fd34db3fca0015c4f1d0b2426583e39bf861047dd31e7d50d6e53142de28a
5260543204067f36b3331b7e,Eredivisie,2025/2026,HOLDOUT,2026-04-25,15:30,MATCH_KICKOFF_TIME_TIMEZONE_NOT_STATED_BY_SOURCE,,NOT_VERIFIED_DO_NOT_INFER,Feyenoord,Groningen,3,1,H,EVALUATION_ONLY_JOIN_AFTER_PREMATCH_FEATURE_FREEZE,1.65,4.15,4.35,EXTERNAL_HISTORICAL_MARKET_BENCHMARK,NOT_AVAILABLE,NOT_GOLDBET,6381179bf370b90e35f6e8d7c35a0a12a0fcbbb77f75749cba79d26b33cd4dc3
30ebc487cc42c9b78058546e,Eredivisie,2025/2026,HOLDOUT,2026-04-25,17:45,MATCH_KICKOFF_TIME_TIMEZONE_NOT_STATED_BY_SOURCE,,NOT_VERIFIED_DO_NOT_INFER,Heerenveen,For Sittard,2,1,H,EVALUATION_ONLY_JOIN_AFTER_PREMATCH_FEATURE_FREEZE,1.43,4.93,5.75,EXTERNAL_HISTORICAL_MARKET_BENCHMARK,NOT_AVAILABLE,NOT_GOLDBET,92dc53a468ae532ef32c5524458a531f6f1f1b3fe481683f7ae2e293fc773093
ba172ed5c0bdab2e75d1fa3d,Eredivisie,2025/2026,HOLDOUT,2026-04-25,19:00,MATCH_KICKOFF_TIME_TIMEZONE_NOT_STATED_BY_SOURCE,,NOT_VERIFIED_DO_NOT_INFER,NAC Breda,Ajax,0,2,A,EVALUATION_ONLY_JOIN_AFTER_PREMATCH_FEATURE_FREEZE,3.35,3.67,1.98,EXTERNAL_HISTORICAL_MARKET_BENCHMARK,NOT_AVAILABLE,NOT_GOLDBET,c90742fa17c7ebf258cf4ee3b65441ad162882c2ab4e74cfc5b8923e5789d11e
c6213434c906920251300622,Eredivisie,2025/2026,HOLDOUT,2026-04-25,20:00,MATCH_KICKOFF_TIME_TIMEZONE_NOT_STATED_BY_SOURCE,,NOT_VERIFIED_DO_NOT_INFER,Twente,Nijmegen,1,1,D,EVALUATION_ONLY_JOIN_AFTER_PREMATCH_FEATURE_FREEZE,1.61,4.22,4.56,EXTERNAL_HISTORICAL_MARKET_BENCHMARK,NOT_AVAILABLE,NOT_GOLDBET,2b27b4c1e3c95a4db3f8adee217a8efa2ec5e49b2077f91971bcbd24b639d7cf
c5dca505dbefdacc99eb74f8,Eredivisie,2025/2026,HOLDOUT,2026-04-26,11:15,MATCH_KICKOFF_TIME_TIMEZONE_NOT_STATED_BY_SOURCE,,NOT_VERIFIED_DO_NOT_INFER,Excelsior,Utrecht,5,0,H,EVALUATION_ONLY_JOIN_AFTER_PREMATCH_FEATURE_FREEZE,3.15,3.52,2.1,EXTERNAL_HISTORICAL_MARKET_BENCHMARK,NOT_AVAILABLE,NOT_GOLDBET,1e8e76759ec099836b1063887d5d6429637d2826f1ca2ea160b979720d03a3cd
3a217094e40287441b7c0a3e,Eredivisie,2025/2026,HOLDOUT,2026-04-26,13:30,MATCH_KICKOFF_TIME_TIMEZONE_NOT_STATED_BY_SOURCE,,NOT_VERIFIED_DO_NOT_INFER,Heracles,Volendam,0,2,A,EVALUATION_ONLY_JOIN_AFTER_PREMATCH_FEATURE_FREEZE,2.13,3.68,3.01,EXTERNAL_HISTORICAL_MARKET_BENCHMARK,NOT_AVAILABLE,NOT_GOLDBET,99f17c944e92a4a30dc7c04522a9fe62ccb75252c9ff4911f2cad9a3c6e60459
17fe00d253c91a1986c502a4,Eredivisie,2025/2026,HOLDOUT,2026-05-02,15:30,MATCH_KICKOFF_TIME_TIMEZONE_NOT_STATED_BY_SOURCE,,NOT_VERIFIED_DO_NOT_INFER,Utrecht,NAC Breda,2,0,H,EVALUATION_ONLY_JOIN_AFTER_PREMATCH_FEATURE_FREEZE,1.68,3.9,4.42,EXTERNAL_HISTORICAL_MARKET_BENCHMARK,NOT_AVAILABLE,NOT_GOLDBET,2b176548afe5781b06c5ead790ead2adc9677f9e475ef338f8ee67b3fd7fdfbe
591eca49d3cf80a9fc3f89ef,Eredivisie,2025/2026,HOLDOUT,2026-05-02,17:45,MATCH_KICKOFF_TIME_TIMEZONE_NOT_STATED_BY_SOURCE,,NOT_VERIFIED_DO_NOT_INFER,Groningen,Excelsior,2,3,A,EVALUATION_ONLY_JOIN_AFTER_PREMATCH_FEATURE_FREEZE,1.68,3.93,4.41,EXTERNAL_HISTORICAL_MARKET_BENCHMARK,NOT_AVAILABLE,NOT_GOLDBET,408483168a38558b0fd8a9db328aedbd01c75eb13955a64ec61f047f0dd4f8f4
b9d276dbe7d1bd4425af0d54,Eredivisie,2025/2026,HOLDOUT,2026-05-02,19:00,MATCH_KICKOFF_TIME_TIMEZONE_NOT_STATED_BY_SOURCE,,NOT_VERIFIED_DO_NOT_INFER,Ajax,PSV Eindhoven,2,2,D,EVALUATION_ONLY_JOIN_AFTER_PREMATCH_FEATURE_FREEZE,2.36,4,2.5,EXTERNAL_HISTORICAL_MARKET_BENCHMARK,NOT_AVAILABLE,NOT_GOLDBET,cf2fa25224e8bd4bd70d6b671d024edb37054ad554d053a75e8ee51bd9421534
72ca4ca3306a4e110bf13d93,Eredivisie,2025/2026,HOLDOUT,2026-05-02,20:00,MATCH_KICKOFF_TIME_TIMEZONE_NOT_STATED_BY_SOURCE,,NOT_VERIFIED_DO_NOT_INFER,Nijmegen,Telstar,1,1,D,EVALUATION_ONLY_JOIN_AFTER_PREMATCH_FEATURE_FREEZE,1.51,4.56,5.13,EXTERNAL_HISTORICAL_MARKET_BENCHMARK,NOT_AVAILABLE,NOT_GOLDBET,fabe22616aaeabb15f3733b7e7c8c2d6fb02430a359f9e08b93e1bf72a3039c8
958b10cc93b3511f315962ea,Eredivisie,2025/2026,HOLDOUT,2026-05-03,11:15,MATCH_KICKOFF_TIME_TIMEZONE_NOT_STATED_BY_SOURCE,,NOT_VERIFIED_DO_NOT_INFER,Volendam,Heerenveen,0,2,A,EVALUATION_ONLY_JOIN_AFTER_PREMATCH_FEATURE_FREEZE,3.04,3.72,2.07,EXTERNAL_HISTORICAL_MARKET_BENCHMARK,NOT_AVAILABLE,NOT_GOLDBET,32fa0f5130b258797eca2f79987accf70baafd8c2cd3ca009c9bc1987922a5a2
eba12812a0ddf618f0263a36,Eredivisie,2025/2026,HOLDOUT,2026-05-03,13:30,MATCH_KICKOFF_TIME_TIMEZONE_NOT_STATED_BY_SOURCE,,NOT_VERIFIED_DO_NOT_INFER,For Sittard,Feyenoord,1,2,A,EVALUATION_ONLY_JOIN_AFTER_PREMATCH_FEATURE_FREEZE,4.79,4.22,1.58,EXTERNAL_HISTORICAL_MARKET_BENCHMARK,NOT_AVAILABLE,NOT_GOLDBET,f4852d5eb2e3e263b99adbf36fb13f50166a15f9d7a57160a89ac80a1ea6db31
4d4ad10c9ac6abeb037a1cdb,Eredivisie,2025/2026,HOLDOUT,2026-05-03,13:30,MATCH_KICKOFF_TIME_TIMEZONE_NOT_STATED_BY_SOURCE,,NOT_VERIFIED_DO_NOT_INFER,Zwolle,Heracles,1,0,H,EVALUATION_ONLY_JOIN_AFTER_PREMATCH_FEATURE_FREEZE,1.48,4.58,5.46,EXTERNAL_HISTORICAL_MARKET_BENCHMARK,NOT_AVAILABLE,NOT_GOLDBET,7bcd6394ed99941e383e46132dcb089bd2f0a2fcac11da61a3bf3dd45de9baec
2821115cb31b7ffdd4414cda,Eredivisie,2025/2026,HOLDOUT,2026-05-03,15:45,MATCH_KICKOFF_TIME_TIMEZONE_NOT_STATED_BY_SOURCE,,NOT_VERIFIED_DO_NOT_INFER,AZ Alkmaar,Twente,2,2,D,EVALUATION_ONLY_JOIN_AFTER_PREMATCH_FEATURE_FREEZE,2.26,3.77,2.72,EXTERNAL_HISTORICAL_MARKET_BENCHMARK,NOT_AVAILABLE,NOT_GOLDBET,73ab637e261f2b805bee899b58685e0bf5bfb1f553f97318c97dd3da7e1349ac
79357692272193bd61b0927b,Eredivisie,2025/2026,HOLDOUT,2026-05-03,15:45,MATCH_KICKOFF_TIME_TIMEZONE_NOT_STATED_BY_SOURCE,,NOT_VERIFIED_DO_NOT_INFER,Sparta Rotterdam,Go Ahead Eagles,2,2,D,EVALUATION_ONLY_JOIN_AFTER_PREMATCH_FEATURE_FREEZE,2.03,3.76,3.18,EXTERNAL_HISTORICAL_MARKET_BENCHMARK,NOT_AVAILABLE,NOT_GOLDBET,9a582601c210b805d968a84eff0bd9a3daedbf4d2b33da5191dd07519aa51df9
07408d82f18ea5a9da5eb30a,Eredivisie,2025/2026,HOLDOUT,2026-05-10,15:45,MATCH_KICKOFF_TIME_TIMEZONE_NOT_STATED_BY_SOURCE,,NOT_VERIFIED_DO_NOT_INFER,Ajax,Utrecht,1,2,A,EVALUATION_ONLY_JOIN_AFTER_PREMATCH_FEATURE_FREEZE,1.61,4.15,4.75,EXTERNAL_HISTORICAL_MARKET_BENCHMARK,NOT_AVAILABLE,NOT_GOLDBET,a9242347c47c240218e243e1a238ae7b61910a16a9f209e33dc2572bec974089
5dc42c9433cd85cb5bf10e2c,Eredivisie,2025/2026,HOLDOUT,2026-05-10,15:45,MATCH_KICKOFF_TIME_TIMEZONE_NOT_STATED_BY_SOURCE,,NOT_VERIFIED_DO_NOT_INFER,Excelsior,Volendam,1,1,D,EVALUATION_ONLY_JOIN_AFTER_PREMATCH_FEATURE_FREEZE,1.68,3.85,4.55,EXTERNAL_HISTORICAL_MARKET_BENCHMARK,NOT_AVAILABLE,NOT_GOLDBET,77ac4ec575637b04f466214b57595a945c65a3c518b1da186860d1f1921271aa
d452224546fd4fa05bcbd47b,Eredivisie,2025/2026,HOLDOUT,2026-05-10,15:45,MATCH_KICKOFF_TIME_TIMEZONE_NOT_STATED_BY_SOURCE,,NOT_VERIFIED_DO_NOT_INFER,Feyenoord,AZ Alkmaar,1,1,D,EVALUATION_ONLY_JOIN_AFTER_PREMATCH_FEATURE_FREEZE,1.93,3.75,3.42,EXTERNAL_HISTORICAL_MARKET_BENCHMARK,NOT_AVAILABLE,NOT_GOLDBET,9d5084838368628dc55479683ee48e66f208d5d2e18b258ccb43802073b93c46
a0b96d95d5bb692df4c37b46,Eredivisie,2025/2026,HOLDOUT,2026-05-10,15:45,MATCH_KICKOFF_TIME_TIMEZONE_NOT_STATED_BY_SOURCE,,NOT_VERIFIED_DO_NOT_INFER,For Sittard,Zwolle,3,2,H,EVALUATION_ONLY_JOIN_AFTER_PREMATCH_FEATURE_FREEZE,2.16,3.59,2.98,EXTERNAL_HISTORICAL_MARKET_BENCHMARK,NOT_AVAILABLE,NOT_GOLDBET,2bb30aa83a5a9dbaff02ec62fd531d9760e7d78898069dfda82c719bd76062db
829d60d5c8bd2f41448bd152,Eredivisie,2025/2026,HOLDOUT,2026-05-10,15:45,MATCH_KICKOFF_TIME_TIMEZONE_NOT_STATED_BY_SOURCE,,NOT_VERIFIED_DO_NOT_INFER,Go Ahead Eagles,PSV Eindhoven,1,4,A,EVALUATION_ONLY_JOIN_AFTER_PREMATCH_FEATURE_FREEZE,3.15,4.23,1.91,EXTERNAL_HISTORICAL_MARKET_BENCHMARK,NOT_AVAILABLE,NOT_GOLDBET,ee9a54a207a2e3d979dea0db24a639b69b9c8b8384b737ed0ffb89487b3a44a2
52e1d1d412d6d3a8deb8e1fa,Eredivisie,2025/2026,HOLDOUT,2026-05-10,15:45,MATCH_KICKOFF_TIME_TIMEZONE_NOT_STATED_BY_SOURCE,,NOT_VERIFIED_DO_NOT_INFER,Groningen,Nijmegen,2,1,H,EVALUATION_ONLY_JOIN_AFTER_PREMATCH_FEATURE_FREEZE,2.69,3.59,2.34,EXTERNAL_HISTORICAL_MARKET_BENCHMARK,NOT_AVAILABLE,NOT_GOLDBET,c2475fc883e1c02cb9fb36528220b520aea5323f9f5a5cfccfcc19581c35f595
6d5322f9af540d6e5bf30124,Eredivisie,2025/2026,HOLDOUT,2026-05-10,15:45,MATCH_KICKOFF_TIME_TIMEZONE_NOT_STATED_BY_SOURCE,,NOT_VERIFIED_DO_NOT_INFER,NAC Breda,Heerenveen,2,0,H,EVALUATION_ONLY_JOIN_AFTER_PREMATCH_FEATURE_FREEZE,2.47,3.62,2.53,EXTERNAL_HISTORICAL_MARKET_BENCHMARK,NOT_AVAILABLE,NOT_GOLDBET,627cd49d8c7a8092df28596039f05f65b53337ea9e3bed725e75ddf7ff39f754
e13a0ecada3d74869d223b32,Eredivisie,2025/2026,HOLDOUT,2026-05-10,15:45,MATCH_KICKOFF_TIME_TIMEZONE_NOT_STATED_BY_SOURCE,,NOT_VERIFIED_DO_NOT_INFER,Telstar,Heracles,3,0,H,EVALUATION_ONLY_JOIN_AFTER_PREMATCH_FEATURE_FREEZE,1.41,4.87,6.19,EXTERNAL_HISTORICAL_MARKET_BENCHMARK,NOT_AVAILABLE,NOT_GOLDBET,2e8f534ecde240ea0c5836be88f673f8689652c4ac3eec4beb8192121683a60c
8f8b227b88043cef52ca8dec,Eredivisie,2025/2026,HOLDOUT,2026-05-10,15:45,MATCH_KICKOFF_TIME_TIMEZONE_NOT_STATED_BY_SOURCE,,NOT_VERIFIED_DO_NOT_INFER,Twente,Sparta Rotterdam,4,0,H,EVALUATION_ONLY_JOIN_AFTER_PREMATCH_FEATURE_FREEZE,1.35,5.19,7.13,EXTERNAL_HISTORICAL_MARKET_BENCHMARK,NOT_AVAILABLE,NOT_GOLDBET,ae346aa48e4bb1393575ba959c5c4d9f918ef3b0875d5c8e13f3ebf8cffba7c6
7f172ae0717d5d19de475405,Eredivisie,2025/2026,HOLDOUT,2026-05-17,13:30,MATCH_KICKOFF_TIME_TIMEZONE_NOT_STATED_BY_SOURCE,,NOT_VERIFIED_DO_NOT_INFER,AZ Alkmaar,NAC Breda,3,3,D,EVALUATION_ONLY_JOIN_AFTER_PREMATCH_FEATURE_FREEZE,1.28,5.71,8.16,EXTERNAL_HISTORICAL_MARKET_BENCHMARK,NOT_AVAILABLE,NOT_GOLDBET,fffb9acf241a4da1e901910e7a11f9df2a3556d7c41f0fc69e4fbb3c6ac7725f
afbbd43c88b7c56da1e41b40,Eredivisie,2025/2026,HOLDOUT,2026-05-17,13:30,MATCH_KICKOFF_TIME_TIMEZONE_NOT_STATED_BY_SOURCE,,NOT_VERIFIED_DO_NOT_INFER,Heerenveen,Ajax,0,0,D,EVALUATION_ONLY_JOIN_AFTER_PREMATCH_FEATURE_FREEZE,3.09,3.99,1.98,EXTERNAL_HISTORICAL_MARKET_BENCHMARK,NOT_AVAILABLE,NOT_GOLDBET,f23d93d5282a66ec5187d6212465a9f91e068c89e51d4e5984e0a3046926611f
668983f47bf03e8985fe72a8,Eredivisie,2025/2026,HOLDOUT,2026-05-17,13:30,MATCH_KICKOFF_TIME_TIMEZONE_NOT_STATED_BY_SOURCE,,NOT_VERIFIED_DO_NOT_INFER,Heracles,Groningen,1,2,A,EVALUATION_ONLY_JOIN_AFTER_PREMATCH_FEATURE_FREEZE,4.9,4.17,1.57,EXTERNAL_HISTORICAL_MARKET_BENCHMARK,NOT_AVAILABLE,NOT_GOLDBET,f6539eb6d2d8acc7531f52d9096fcac8fd3b0c2a81101dbc2a3d1e28d0617115
91132a7b808a5b72d7cc9aac,Eredivisie,2025/2026,HOLDOUT,2026-05-17,13:30,MATCH_KICKOFF_TIME_TIMEZONE_NOT_STATED_BY_SOURCE,,NOT_VERIFIED_DO_NOT_INFER,Nijmegen,Go Ahead Eagles,2,1,H,EVALUATION_ONLY_JOIN_AFTER_PREMATCH_FEATURE_FREEZE,1.29,6.06,7.43,EXTERNAL_HISTORICAL_MARKET_BENCHMARK,NOT_AVAILABLE,NOT_GOLDBET,f366ff1a5caf4f3a1d452d57a6c49e76e1f4eb3efaf36ca7d4b16c209239c132
7a306c46ff6f48217ead287c,Eredivisie,2025/2026,HOLDOUT,2026-05-17,13:30,MATCH_KICKOFF_TIME_TIMEZONE_NOT_STATED_BY_SOURCE,,NOT_VERIFIED_DO_NOT_INFER,PSV Eindhoven,Twente,5,1,H,EVALUATION_ONLY_JOIN_AFTER_PREMATCH_FEATURE_FREEZE,2.13,4.06,2.73,EXTERNAL_HISTORICAL_MARKET_BENCHMARK,NOT_AVAILABLE,NOT_GOLDBET,e412590d85101959aaceb76c8a2731e557a0706275156934b5dc7ab328c824e3
8b12a24e7aba42f777c04518,Eredivisie,2025/2026,HOLDOUT,2026-05-17,13:30,MATCH_KICKOFF_TIME_TIMEZONE_NOT_STATED_BY_SOURCE,,NOT_VERIFIED_DO_NOT_INFER,Sparta Rotterdam,Excelsior,2,3,A,EVALUATION_ONLY_JOIN_AFTER_PREMATCH_FEATURE_FREEZE,1.99,3.72,3.25,EXTERNAL_HISTORICAL_MARKET_BENCHMARK,NOT_AVAILABLE,NOT_GOLDBET,4291bc9b2a11b48d07424854bc661531e7a7f3d71f1712956ca7020b0f5e0167
49960bb2f950f9fc9f5d066d,Eredivisie,2025/2026,HOLDOUT,2026-05-17,13:30,MATCH_KICKOFF_TIME_TIMEZONE_NOT_STATED_BY_SOURCE,,NOT_VERIFIED_DO_NOT_INFER,Utrecht,For Sittard,2,0,H,EVALUATION_ONLY_JOIN_AFTER_PREMATCH_FEATURE_FREEZE,1.49,4.56,5.27,EXTERNAL_HISTORICAL_MARKET_BENCHMARK,NOT_AVAILABLE,NOT_GOLDBET,6c714ff5011bb35b8bbba26811ab4cb5ef3bc174779d4def336fc5f5b95929cd
1a9b64b8bcad87ec738a3506,Eredivisie,2025/2026,HOLDOUT,2026-05-17,13:30,MATCH_KICKOFF_TIME_TIMEZONE_NOT_STATED_BY_SOURCE,,NOT_VERIFIED_DO_NOT_INFER,Volendam,Telstar,1,2,A,EVALUATION_ONLY_JOIN_AFTER_PREMATCH_FEATURE_FREEZE,2.56,3.38,2.55,EXTERNAL_HISTORICAL_MARKET_BENCHMARK,NOT_AVAILABLE,NOT_GOLDBET,2affaf870880428aee701bd754f9eeb8bf86680ea63419a97562e98a87bd2f50
22c3def4244529619e4a2218,Eredivisie,2025/2026,HOLDOUT,2026-05-17,13:30,MATCH_KICKOFF_TIME_TIMEZONE_NOT_STATED_BY_SOURCE,,NOT_VERIFIED_DO_NOT_INFER,Zwolle,Feyenoord,0,2,A,EVALUATION_ONLY_JOIN_AFTER_PREMATCH_FEATURE_FREEZE,5.38,4.6,1.48,EXTERNAL_HISTORICAL_MARKET_BENCHMARK,NOT_AVAILABLE,NOT_GOLDBET,1e608b5a522437d88acb0fe447c3d9cb6fc292fac658c8d426ee2a4a5efb7e9c
