fixture_key,competition,season,split,source_date,source_time,source_time_semantics,kickoff_utc,kickoff_utc_status,home_team,away_team,home_goals,away_goals,result,outcome_usage,avg_close_home,avg_close_draw,avg_close_away,close_source_class,open_price_status,goldbet_status,source_row_sha256,home_elo_pre,away_elo_pre,elo_diff,form_ppg_diff,goal_balance_diff,venue_ppg_diff,opponent_elo_diff,home_prior_matches,away_prior_matches,same_date_information_used
0c10feaeb6faae74c9418194,Primeira Liga,2022/2023,DEVELOPMENT,2022-08-05,20:15,MATCH_KICKOFF_TIME_TIMEZONE_NOT_STATED_BY_SOURCE,,NOT_VERIFIED_DO_NOT_INFER,Benfica,Arouca,4,0,H,EVALUATION_ONLY_JOIN_AFTER_PREMATCH_FEATURE_FREEZE,1.13,8.25,19.24,EXTERNAL_HISTORICAL_MARKET_BENCHMARK,NOT_AVAILABLE,NOT_GOLDBET,6d6a03a3dd48059213ab0f48d04669be7b620e52b7e9e0bcde3e4d0cd91ba377,1500.0,1500.0,0.0,,,,,0,0,False
4546b8b8f82e0c82c01c6e07,Primeira Liga,2022/2023,DEVELOPMENT,2022-08-06,15:30,MATCH_KICKOFF_TIME_TIMEZONE_NOT_STATED_BY_SOURCE,,NOT_VERIFIED_DO_NOT_INFER,Rio Ave,Vizela,0,1,A,EVALUATION_ONLY_JOIN_AFTER_PREMATCH_FEATURE_FREEZE,2.12,3.23,3.6,EXTERNAL_HISTORICAL_MARKET_BENCHMARK,NOT_AVAILABLE,NOT_GOLDBET,1d23ad3ab4318dbc3fcb1338177d7f3189d78c6d551ea330aac17a36ae6df42a,1500.0,1500.0,0.0,,,,,0,0,False
0c9d20e52a9abb99f30480c6,Primeira Liga,2022/2023,DEVELOPMENT,2022-08-06,18:00,MATCH_KICKOFF_TIME_TIMEZONE_NOT_STATED_BY_SOURCE,,NOT_VERIFIED_DO_NOT_INFER,Estoril,Famalicao,2,0,H,EVALUATION_ONLY_JOIN_AFTER_PREMATCH_FEATURE_FREEZE,2.51,3.1,2.95,EXTERNAL_HISTORICAL_MARKET_BENCHMARK,NOT_AVAILABLE,NOT_GOLDBET,362211d9db931a0cc15f1d3496a4f877f6210b330758a8829aa0f9894a9f1777,1500.0,1500.0,0.0,,,,,0,0,False
61f816bdb3f39ab7d32efd03,Primeira Liga,2022/2023,DEVELOPMENT,2022-08-06,20:30,MATCH_KICKOFF_TIME_TIMEZONE_NOT_STATED_BY_SOURCE,,NOT_VERIFIED_DO_NOT_INFER,Porto,Maritimo,5,1,H,EVALUATION_ONLY_JOIN_AFTER_PREMATCH_FEATURE_FREEZE,1.16,7.39,16.26,EXTERNAL_HISTORICAL_MARKET_BENCHMARK,NOT_AVAILABLE,NOT_GOLDBET,2d4cbb614e59a94e96027739bfc884a9b3b69bac452f457569a96c3ac4ce2b7a,1500.0,1500.0,0.0,,,,,0,0,False
9b745852d72569e3a041fd56,Primeira Liga,2022/2023,DEVELOPMENT,2022-08-07,15:30,MATCH_KICKOFF_TIME_TIMEZONE_NOT_STATED_BY_SOURCE,,NOT_VERIFIED_DO_NOT_INFER,Santa Clara,Casa Pia,0,0,D,EVALUATION_ONLY_JOIN_AFTER_PREMATCH_FEATURE_FREEZE,2.16,3.13,3.61,EXTERNAL_HISTORICAL_MARKET_BENCHMARK,NOT_AVAILABLE,NOT_GOLDBET,13ce923e8648e74725b8c375399151e6d685185dd7c2512f5a1dc3a329185d90,1500.0,1500.0,0.0,,,,,0,0,False
555ef07e487f8c495f7cbffe,Primeira Liga,2022/2023,DEVELOPMENT,2022-08-07,18:00,MATCH_KICKOFF_TIME_TIMEZONE_NOT_STATED_BY_SOURCE,,NOT_VERIFIED_DO_NOT_INFER,Sp Braga,Sp Lisbon,3,3,D,EVALUATION_ONLY_JOIN_AFTER_PREMATCH_FEATURE_FREEZE,4.01,3.49,1.91,EXTERNAL_HISTORICAL_MARKET_BENCHMARK,NOT_AVAILABLE,NOT_GOLDBET,574e5da0627fb61dd70196db3aad9e6deacc462b9605717235caaac797bb6c86,1500.0,1500.0,0.0,,,,,0,0,False
30e31015863d311bb6a4af8d,Primeira Liga,2022/2023,DEVELOPMENT,2022-08-07,20:30,MATCH_KICKOFF_TIME_TIMEZONE_NOT_STATED_BY_SOURCE,,NOT_VERIFIED_DO_NOT_INFER,Chaves,Guimaraes,0,1,A,EVALUATION_ONLY_JOIN_AFTER_PREMATCH_FEATURE_FREEZE,2.6,3.18,2.74,EXTERNAL_HISTORICAL_MARKET_BENCHMARK,NOT_AVAILABLE,NOT_GOLDBET,5e7006a1fd3a847dbd4d1b30bdcde4c4a5175480bb2b71f54d3c2baaabd856d4,1500.0,1500.0,0.0,,,,,0,0,False
d2a8e3947d4827ed3a6f1e06,Primeira Liga,2022/2023,DEVELOPMENT,2022-08-07,20:30,MATCH_KICKOFF_TIME_TIMEZONE_NOT_STATED_BY_SOURCE,,NOT_VERIFIED_DO_NOT_INFER,Portimonense,Boavista,0,1,A,EVALUATION_ONLY_JOIN_AFTER_PREMATCH_FEATURE_FREEZE,2.29,3.14,3.31,EXTERNAL_HISTORICAL_MARKET_BENCHMARK,NOT_AVAILABLE,NOT_GOLDBET,f1747fb546157bf3637502962d2a5dfc33f99dbeecf602ccf09c48f54dfc6e0b,1500.0,1500.0,0.0,,,,,0,0,False
540f19b167215f738c330535,Primeira Liga,2022/2023,DEVELOPMENT,2022-08-08,20:15,MATCH_KICKOFF_TIME_TIMEZONE_NOT_STATED_BY_SOURCE,,NOT_VERIFIED_DO_NOT_INFER,Gil Vicente,Pacos Ferreira,1,0,H,EVALUATION_ONLY_JOIN_AFTER_PREMATCH_FEATURE_FREEZE,1.99,3.29,3.94,EXTERNAL_HISTORICAL_MARKET_BENCHMARK,NOT_AVAILABLE,NOT_GOLDBET,0c5d66b25213598acfb88299fd2aa01899d96cbcfdb513ff27aa744ac7305a52,1500.0,1500.0,0.0,,,,,0,0,False
60bc9bdde04feea75517ae88,Primeira Liga,2022/2023,DEVELOPMENT,2022-08-12,20:15,MATCH_KICKOFF_TIME_TIMEZONE_NOT_STATED_BY_SOURCE,,NOT_VERIFIED_DO_NOT_INFER,Famalicao,Sp Braga,0,3,A,EVALUATION_ONLY_JOIN_AFTER_PREMATCH_FEATURE_FREEZE,3.87,3.64,1.91,EXTERNAL_HISTORICAL_MARKET_BENCHMARK,NOT_AVAILABLE,NOT_GOLDBET,852c5f680c6304f717b28a04012ec938b4ded723248e1295be34656c30a6bb38,1491.7099735734362,1498.2900264265638,-6.580052853127654,-1.0,-2.0,,0.0,1,1,False
de97333d140f5bbc3639b291,Primeira Liga,2022/2023,DEVELOPMENT,2022-08-13,18:00,MATCH_KICKOFF_TIME_TIMEZONE_NOT_STATED_BY_SOURCE,,NOT_VERIFIED_DO_NOT_INFER,Casa Pia,Benfica,0,1,A,EVALUATION_ONLY_JOIN_AFTER_PREMATCH_FEATURE_FREEZE,11.45,5.39,1.28,EXTERNAL_HISTORICAL_MARKET_BENCHMARK,NOT_AVAILABLE,NOT_GOLDBET,f853e1cd9da17223df63f66f93ab5049701c0299b1a96e097479f08e7d395585,1501.7099735734362,1508.2900264265638,-6.580052853127654,-2.0,-4.0,,0.0,1,1,False
43f96c3f55bcc0ef1ed16378,Primeira Liga,2022/2023,DEVELOPMENT,2022-08-13,20:30,MATCH_KICKOFF_TIME_TIMEZONE_NOT_STATED_BY_SOURCE,,NOT_VERIFIED_DO_NOT_INFER,Sp Lisbon,Rio Ave,3,0,H,EVALUATION_ONLY_JOIN_AFTER_PREMATCH_FEATURE_FREEZE,1.21,6.48,13.87,EXTERNAL_HISTORICAL_MARKET_BENCHMARK,NOT_AVAILABLE,NOT_GOLDBET,da54577ac7a2a3498b4db926884783b44f6de8d5b2a0c8c16926fef47b0717ad,1501.7099735734362,1488.2900264265638,13.419947146872346,1.0,1.0,,0.0,1,1,False
ddcb90526a7526d931b3e832,Primeira Liga,2022/2023,DEVELOPMENT,2022-08-14,15:30,MATCH_KICKOFF_TIME_TIMEZONE_NOT_STATED_BY_SOURCE,,NOT_VERIFIED_DO_NOT_INFER,Boavista,Santa Clara,2,1,H,EVALUATION_ONLY_JOIN_AFTER_PREMATCH_FEATURE_FREEZE,2.45,2.99,3.18,EXTERNAL_HISTORICAL_MARKET_BENCHMARK,NOT_AVAILABLE,NOT_GOLDBET,54a5db6e3cb22dc3b1a5930aa04a763d56ea164edbdf91e706e7597f4415674d,1511.7099735734362,1498.2900264265638,13.419947146872346,2.0,1.0,,0.0,1,1,False
cd4ef36ff03b13ff468c1a76,Primeira Liga,2022/2023,DEVELOPMENT,2022-08-14,18:00,MATCH_KICKOFF_TIME_TIMEZONE_NOT_STATED_BY_SOURCE,,NOT_VERIFIED_DO_NOT_INFER,Vizela,Porto,0,1,A,EVALUATION_ONLY_JOIN_AFTER_PREMATCH_FEATURE_FREEZE,8.99,5.2,1.33,EXTERNAL_HISTORICAL_MARKET_BENCHMARK,NOT_AVAILABLE,NOT_GOLDBET,e6ba2d716752b1c0dafb5f4d010fd960b09abc61cba9225be4d0ce4f94ca1e00,1511.7099735734362,1508.2900264265638,3.419947146872346,0.0,-3.0,,0.0,1,1,False
cdcfa34b2f40114ee6525fbf,Primeira Liga,2022/2023,DEVELOPMENT,2022-08-14,20:30,MATCH_KICKOFF_TIME_TIMEZONE_NOT_STATED_BY_SOURCE,,NOT_VERIFIED_DO_NOT_INFER,Guimaraes,Estoril,1,0,H,EVALUATION_ONLY_JOIN_AFTER_PREMATCH_FEATURE_FREEZE,2.08,3.27,3.71,EXTERNAL_HISTORICAL_MARKET_BENCHMARK,NOT_AVAILABLE,NOT_GOLDBET,1b4bf69dc3021091f8025ec0e25760f902626395ff5811a7e9216f736f5653f5,1511.7099735734362,1508.2900264265638,3.419947146872346,0.0,-1.0,,0.0,1,1,False
fb42a1ab4a8d14b61b72e616,Primeira Liga,2022/2023,DEVELOPMENT,2022-08-15,15:30,MATCH_KICKOFF_TIME_TIMEZONE_NOT_STATED_BY_SOURCE,,NOT_VERIFIED_DO_NOT_INFER,Maritimo,Chaves,1,2,A,EVALUATION_ONLY_JOIN_AFTER_PREMATCH_FEATURE_FREEZE,2.13,3.27,3.57,EXTERNAL_HISTORICAL_MARKET_BENCHMARK,NOT_AVAILABLE,NOT_GOLDBET,4c44eee879d47795392abfa7b10d8bd4b37dd7f74443716fd1e2d08e8e61cff2,1491.7099735734362,1488.2900264265638,3.419947146872346,0.0,-3.0,,0.0,1,1,False
02fe9b9172954a31a77da745,Primeira Liga,2022/2023,DEVELOPMENT,2022-08-15,18:00,MATCH_KICKOFF_TIME_TIMEZONE_NOT_STATED_BY_SOURCE,,NOT_VERIFIED_DO_NOT_INFER,Arouca,Gil Vicente,1,0,H,EVALUATION_ONLY_JOIN_AFTER_PREMATCH_FEATURE_FREEZE,2.86,3.2,2.52,EXTERNAL_HISTORICAL_MARKET_BENCHMARK,NOT_AVAILABLE,NOT_GOLDBET,4487d40fef76f86c50a8d41358460ef40010effd6c6a804453f26f98da327baf,1491.7099735734362,1508.2900264265638,-16.580052853127654,-3.0,-5.0,,0.0,1,1,False
78b8cb1852e2c0fe0ceb2df2,Primeira Liga,2022/2023,DEVELOPMENT,2022-08-15,20:30,MATCH_KICKOFF_TIME_TIMEZONE_NOT_STATED_BY_SOURCE,,NOT_VERIFIED_DO_NOT_INFER,Pacos Ferreira,Portimonense,0,3,A,EVALUATION_ONLY_JOIN_AFTER_PREMATCH_FEATURE_FREEZE,2.63,3.04,2.86,EXTERNAL_HISTORICAL_MARKET_BENCHMARK,NOT_AVAILABLE,NOT_GOLDBET,33690e92a22a821c32109afcb7b7792dbcb4f961a9a8b79d4b641594c55a4f62,1491.7099735734362,1488.2900264265638,3.419947146872346,0.0,0.0,,0.0,1,1,False
f05a41c2c07db6c599cf071e,Primeira Liga,2022/2023,DEVELOPMENT,2022-08-19,20:15,MATCH_KICKOFF_TIME_TIMEZONE_NOT_STATED_BY_SOURCE,,NOT_VERIFIED_DO_NOT_INFER,Estoril,Rio Ave,2,2,D,EVALUATION_ONLY_JOIN_AFTER_PREMATCH_FEATURE_FREEZE,2.11,3.21,3.68,EXTERNAL_HISTORICAL_MARKET_BENCHMARK,NOT_AVAILABLE,NOT_GOLDBET,cdb8c6ea46d2bb7545a9873bc5fcb0c9bc6345d7efb5d6f9d5613c29096461bd,1500.095392127625,1480.3723186655702,19.7230734620548,1.5,2.5,3.0,5.0,2,2,False
8dfe69da348cfd3061bcb3a7,Primeira Liga,2022/2023,DEVELOPMENT,2022-08-20,15:30,MATCH_KICKOFF_TIME_TIMEZONE_NOT_STATED_BY_SOURCE,,NOT_VERIFIED_DO_NOT_INFER,Santa Clara,Arouca,1,2,A,EVALUATION_ONLY_JOIN_AFTER_PREMATCH_FEATURE_FREEZE,2.01,3.27,3.94,EXTERNAL_HISTORICAL_MARKET_BENCHMARK,NOT_AVAILABLE,NOT_GOLDBET,a3d66ec420afc645b06ce5cef92d76c02aec9d2e1d0c8bfc6a12dc9f7b1b769c,1490.3723186655702,1500.4667127899224,-10.09439412435222,-1.0,1.0,1.0,1.7099735734364003,2,2,False
2cd4915180dc4ba59b60fde4,Primeira Liga,2022/2023,DEVELOPMENT,2022-08-20,18:00,MATCH_KICKOFF_TIME_TIMEZONE_NOT_STATED_BY_SOURCE,,NOT_VERIFIED_DO_NOT_INFER,Chaves,Vizela,1,1,D,EVALUATION_ONLY_JOIN_AFTER_PREMATCH_FEATURE_FREEZE,2.56,3.16,2.84,EXTERNAL_HISTORICAL_MARKET_BENCHMARK,NOT_AVAILABLE,NOT_GOLDBET,923fda789ff21eb2284a93e50f95e88d0048ba5a5077c69acea00182bda341d4,1500.095392127625,1499.904607872375,0.19078425525003695,0.0,0.0,-3.0,-8.2900264265636,2,2,False
f1b69cb8d3688374306d0a01,Primeira Liga,2022/2023,DEVELOPMENT,2022-08-20,20:30,MATCH_KICKOFF_TIME_TIMEZONE_NOT_STATED_BY_SOURCE,,NOT_VERIFIED_DO_NOT_INFER,Porto,Sp Lisbon,3,0,H,EVALUATION_ONLY_JOIN_AFTER_PREMATCH_FEATURE_FREEZE,2,3.36,3.93,EXTERNAL_HISTORICAL_MARKET_BENCHMARK,NOT_AVAILABLE,NOT_GOLDBET,29a9e2da3e9e9fbb2a206e97b86506b3934c5613e01e2a0ff4445f8527557660,1520.095392127625,1509.6276813344298,10.467710793195238,1.0,1.0,2.0,11.7099735734364,2,2,False
c7d19a47ab7cb7e797315431,Primeira Liga,2022/2023,DEVELOPMENT,2022-08-21,15:30,MATCH_KICKOFF_TIME_TIMEZONE_NOT_STATED_BY_SOURCE,,NOT_VERIFIED_DO_NOT_INFER,Casa Pia,Boavista,2,0,H,EVALUATION_ONLY_JOIN_AFTER_PREMATCH_FEATURE_FREEZE,2.55,2.94,3.07,EXTERNAL_HISTORICAL_MARKET_BENCHMARK,NOT_AVAILABLE,NOT_GOLDBET,b98ef80965028c8fb571a622245b11d8052ccb5e02d8dd98d39daee9f85f3ddf,1490.1844266049966,1519.6276813344298,-29.443254729433193,-2.5,-1.5,-3.0,5.0,2,2,False
1f10c7d0b586ff714380dd0d,Primeira Liga,2022/2023,DEVELOPMENT,2022-08-21,18:00,MATCH_KICKOFF_TIME_TIMEZONE_NOT_STATED_BY_SOURCE,,NOT_VERIFIED_DO_NOT_INFER,Sp Braga,Maritimo,5,0,H,EVALUATION_ONLY_JOIN_AFTER_PREMATCH_FEATURE_FREEZE,1.26,5.86,10.57,EXTERNAL_HISTORICAL_MARKET_BENCHMARK,NOT_AVAILABLE,NOT_GOLDBET,30e74923271781cd388638ed66ac7fbd3a3ab28af079209018ac8e9158256d55,1509.8155733950034,1479.904607872375,29.91096552262843,2.0,4.0,1.0,1.7099735734364003,2,2,False
b5f9e420c302fe199674abe9,Primeira Liga,2022/2023,DEVELOPMENT,2022-08-21,20:30,MATCH_KICKOFF_TIME_TIMEZONE_NOT_STATED_BY_SOURCE,,NOT_VERIFIED_DO_NOT_INFER,Portimonense,Guimaraes,2,1,H,EVALUATION_ONLY_JOIN_AFTER_PREMATCH_FEATURE_FREEZE,2.45,3.12,3.04,EXTERNAL_HISTORICAL_MARKET_BENCHMARK,NOT_AVAILABLE,NOT_GOLDBET,0622eeb9c88ddae39a36f9b861127c9fe84aecd7195a1686dc774a67a137090a,1500.095392127625,1519.904607872375,-19.809215744749963,-1.5,0.0,-3.0,-8.2900264265636,2,2,False
b38937598c4a75ed2ab8d8f5,Primeira Liga,2022/2023,DEVELOPMENT,2022-08-22,20:15,MATCH_KICKOFF_TIME_TIMEZONE_NOT_STATED_BY_SOURCE,,NOT_VERIFIED_DO_NOT_INFER,Gil Vicente,Famalicao,0,0,D,EVALUATION_ONLY_JOIN_AFTER_PREMATCH_FEATURE_FREEZE,2.18,3.36,3.31,EXTERNAL_HISTORICAL_MARKET_BENCHMARK,NOT_AVAILABLE,NOT_GOLDBET,7b53dd19e8afae4d5f0e97f360c1e3634505a8d9cb55bd6307b839a4e9d31c56,1499.5332872100776,1480.1844266049966,19.348860605080972,1.5,2.5,3.0,-3.2900264265635997,2,2,False
91ca9352f9d605214efa2ac6,Primeira Liga,2022/2023,DEVELOPMENT,2022-08-26,20:15,MATCH_KICKOFF_TIME_TIMEZONE_NOT_STATED_BY_SOURCE,,NOT_VERIFIED_DO_NOT_INFER,Pacos Ferreira,Estoril,0,3,A,EVALUATION_ONLY_JOIN_AFTER_PREMATCH_FEATURE_FREEZE,2.57,3.1,2.9,EXTERNAL_HISTORICAL_MARKET_BENCHMARK,NOT_AVAILABLE,NOT_GOLDBET,918257cbc7d5da612f32422df30f526bf0a903c546044fb06090cc0fc8bfae4e,1479.904607872375,1497.840219581487,-17.93561170911198,-1.3333333333333333,-2.3333333333333335,0.0,-3.2157508663869976,2,3,False
95ae916e659f0c10687530d9,Primeira Liga,2022/2023,DEVELOPMENT,2022-08-27,15:30,MATCH_KICKOFF_TIME_TIMEZONE_NOT_STATED_BY_SOURCE,,NOT_VERIFIED_DO_NOT_INFER,Maritimo,Portimonense,0,1,A,EVALUATION_ONLY_JOIN_AFTER_PREMATCH_FEATURE_FREEZE,2.91,3.15,2.53,EXTERNAL_HISTORICAL_MARKET_BENCHMARK,NOT_AVAILABLE,NOT_GOLDBET,105591aca9b372084629bcd005ea9332a36179efd79554379c3e22e357fd0449,1472.4361912791062,1508.9437407279697,-36.50754944886353,-2.0,-4.333333333333334,-3.0,-4.502993874747972,3,3,False
e1bb5d3d069ebd41d2b533a5,Primeira Liga,2022/2023,DEVELOPMENT,2022-08-27,18:00,MATCH_KICKOFF_TIME_TIMEZONE_NOT_STATED_BY_SOURCE,,NOT_VERIFIED_DO_NOT_INFER,Boavista,Benfica,0,3,A,EVALUATION_ONLY_JOIN_AFTER_PREMATCH_FEATURE_FREEZE,8.56,4.84,1.36,EXTERNAL_HISTORICAL_MARKET_BENCHMARK,NOT_AVAILABLE,NOT_GOLDBET,11befa2adb1759769c46ab29edbe04798d003d959a13069ff0020a73de8d341d,1510.504914499841,1519.8155733950034,-9.310658895162305,-1.0,-2.5,0.0,-4.696835776198213,3,2,False
15285ff951189a761a2ab14a,Primeira Liga,2022/2023,DEVELOPMENT,2022-08-27,20:30,MATCH_KICKOFF_TIME_TIMEZONE_NOT_STATED_BY_SOURCE,,NOT_VERIFIED_DO_NOT_INFER,Sp Lisbon,Chaves,0,2,A,EVALUATION_ONLY_JOIN_AFTER_PREMATCH_FEATURE_FREEZE,1.18,6.94,15.38,EXTERNAL_HISTORICAL_MARKET_BENCHMARK,NOT_AVAILABLE,NOT_GOLDBET,6b538062d402d38005714ff26f3d9ed3d41d6e42d311d29d5720c77a20abb419,1501.628543604936,1498.3800884065151,3.24845519842097,0.0,0.0,0.0,5.590279036125594,3,3,False
c1d4eda2740d417af4ff2146,Primeira Liga,2022/2023,DEVELOPMENT,2022-08-28,15:30,MATCH_KICKOFF_TIME_TIMEZONE_NOT_STATED_BY_SOURCE,,NOT_VERIFIED_DO_NOT_INFER,Famalicao,Santa Clara,1,0,H,EVALUATION_ONLY_JOIN_AFTER_PREMATCH_FEATURE_FREEZE,2.06,3.28,3.73,EXTERNAL_HISTORICAL_MARKET_BENCHMARK,NOT_AVAILABLE,NOT_GOLDBET,ea03a89ca5545b48be81698695a01f9c86d5f1b2d4ba862e8b9ad5cb8931f9d1,1482.4293737367368,1478.9457178017783,3.483655934958506,0.0,-1.0,0.0,-4.784457575572333,3,3,False
d18b07b96e43dbbf69b9c7b3,Primeira Liga,2022/2023,DEVELOPMENT,2022-08-28,18:00,MATCH_KICKOFF_TIME_TIMEZONE_NOT_STATED_BY_SOURCE,,NOT_VERIFIED_DO_NOT_INFER,Arouca,Sp Braga,0,6,A,EVALUATION_ONLY_JOIN_AFTER_PREMATCH_FEATURE_FREEZE,6.49,4.3,1.49,EXTERNAL_HISTORICAL_MARKET_BENCHMARK,NOT_AVAILABLE,NOT_GOLDBET,97edf34de1853ffb508b46fcb7510d949068d76876f5ff9c26175ceb408191ed,1511.8933136537144,1517.2839899882722,-5.390676334557838,-0.3333333333333335,-3.333333333333333,0.0,9.01592121544104,3,3,False
78222c3c140e0abf1a78c203,Primeira Liga,2022/2023,DEVELOPMENT,2022-08-28,20:30,MATCH_KICKOFF_TIME_TIMEZONE_NOT_STATED_BY_SOURCE,,NOT_VERIFIED_DO_NOT_INFER,Rio Ave,Porto,3,1,H,EVALUATION_ONLY_JOIN_AFTER_PREMATCH_FEATURE_FREEZE,10.29,5.29,1.3,EXTERNAL_HISTORICAL_MARKET_BENCHMARK,NOT_AVAILABLE,NOT_GOLDBET,d18101dc8557bfd21f8e5383688ef394cbef688cc0ccc75b999e77419a52c7b4,1482.6274912117083,1528.0945298571187,-45.46703864541041,-2.6666666666666665,-4.0,-3.0,-6.510763068934693,3,3,False
25b13dda68be1706b22a681d,Primeira Liga,2022/2023,DEVELOPMENT,2022-08-29,19:00,MATCH_KICKOFF_TIME_TIMEZONE_NOT_STATED_BY_SOURCE,,NOT_VERIFIED_DO_NOT_INFER,Guimaraes,Casa Pia,0,1,A,EVALUATION_ONLY_JOIN_AFTER_PREMATCH_FEATURE_FREEZE,2.28,3.03,3.44,EXTERNAL_HISTORICAL_MARKET_BENCHMARK,NOT_AVAILABLE,NOT_GOLDBET,7f3de09b6019856220190f8b8456cd3115e9ed2ddde6920f3f104fdfbf125379,1511.0562592720303,1499.3071934395853,11.749065832445012,0.6666666666666667,0.0,2.0,-6.510763068935148,3,3,False
4629f597f9151c0a8847402e,Primeira Liga,2022/2023,DEVELOPMENT,2022-08-29,21:15,MATCH_KICKOFF_TIME_TIMEZONE_NOT_STATED_BY_SOURCE,,NOT_VERIFIED_DO_NOT_INFER,Vizela,Gil Vicente,2,2,D,EVALUATION_ONLY_JOIN_AFTER_PREMATCH_FEATURE_FREEZE,2.4,3.22,3.03,EXTERNAL_HISTORICAL_MARKET_BENCHMARK,NOT_AVAILABLE,NOT_GOLDBET,62c14e343152ba6d5025fb616f098f33d4b5a44e4b8995a46ddc0bcb9313598f,1501.6199115934849,1497.2883400783373,4.331571515147516,0.0,0.0,0.0,12.163672791918543,3,3,False
d41f4ad3825bfbaa0ac848b6,Primeira Liga,2022/2023,DEVELOPMENT,2022-08-30,20:15,MATCH_KICKOFF_TIME_TIMEZONE_NOT_STATED_BY_SOURCE,,NOT_VERIFIED_DO_NOT_INFER,Benfica,Pacos Ferreira,3,2,H,EVALUATION_ONLY_JOIN_AFTER_PREMATCH_FEATURE_FREEZE,1.07,11.63,29.24,EXTERNAL_HISTORICAL_MARKET_BENCHMARK,NOT_AVAILABLE,NOT_GOLDBET,5a5df8c289e78c8aedb285c7ff17af7a8941967c6db828460265f1ad09fa9839,1531.2642657329657,1468.699778584935,62.564487148030594,3.0,5.0,3.0,8.69488068840883,3,3,False
df4e6c08ac80167937d40e40,Primeira Liga,2022/2023,DEVELOPMENT,2022-09-02,19:00,MATCH_KICKOFF_TIME_TIMEZONE_NOT_STATED_BY_SOURCE,,NOT_VERIFIED_DO_NOT_INFER,Benfica,Vizela,2,1,H,EVALUATION_ONLY_JOIN_AFTER_PREMATCH_FEATURE_FREEZE,1.19,7.12,13.71,EXTERNAL_HISTORICAL_MARKET_BENCHMARK,NOT_AVAILABLE,NOT_GOLDBET,bd8acc10c6920c4bcc4ebf9e1ea2932670e9ea9f0af5d6206639e5045e92af16,1537.8759767171343,1499.7891745191394,38.086802197994984,1.75,2.25,1.0,-6.1897729935783445,4,4,False
c17269f161d7c94c0dac8c3b,Primeira Liga,2022/2023,DEVELOPMENT,2022-09-02,21:15,MATCH_KICKOFF_TIME_TIMEZONE_NOT_STATED_BY_SOURCE,,NOT_VERIFIED_DO_NOT_INFER,Estoril,Sp Lisbon,0,2,A,EVALUATION_ONLY_JOIN_AFTER_PREMATCH_FEATURE_FREEZE,7.24,4.59,1.42,EXTERNAL_HISTORICAL_MARKET_BENCHMARK,NOT_AVAILABLE,NOT_GOLDBET,0aee22fe46dc992675902de2e98685549fb1750620f05547985d9629728f72fa,1509.0450488689269,1489.8279533849213,19.21709548400554,0.75,1.5,1.5,-8.694651712330824,4,4,False
346d7030adde6798f419338c,Primeira Liga,2022/2023,DEVELOPMENT,2022-09-03,15:30,MATCH_KICKOFF_TIME_TIMEZONE_NOT_STATED_BY_SOURCE,,NOT_VERIFIED_DO_NOT_INFER,Sp Braga,Guimaraes,1,0,H,EVALUATION_ONLY_JOIN_AFTER_PREMATCH_FEATURE_FREEZE,1.37,4.88,8.1,EXTERNAL_HISTORICAL_MARKET_BENCHMARK,NOT_AVAILABLE,NOT_GOLDBET,b06d3d5cbbe28e888e9d2cedf4f831598e15e44aecfb035a1a4e9a8a7a2e1dc7,1528.8429556789847,1499.0200193921146,29.822936286870117,1.0,3.5,0.5,-6.046179223562149,4,4,False
dbc252f5039e2f5c8360283e,Primeira Liga,2022/2023,DEVELOPMENT,2022-09-03,20:30,MATCH_KICKOFF_TIME_TIMEZONE_NOT_STATED_BY_SOURCE,,NOT_VERIFIED_DO_NOT_INFER,Gil Vicente,Porto,0,2,A,EVALUATION_ONLY_JOIN_AFTER_PREMATCH_FEATURE_FREEZE,10.46,5.51,1.28,EXTERNAL_HISTORICAL_MARKET_BENCHMARK,NOT_AVAILABLE,NOT_GOLDBET,e31d38e5d30021fbf1ee3aadac63edf8a40d8dab330e9273a94ff39aa2c7612e,1499.1190771526828,1518.5125783201254,-19.393501167442537,-1.0,-1.5,0.5,-7.612708586914096,4,4,False
f044b87e474e0f35f4f7eacf,Primeira Liga,2022/2023,DEVELOPMENT,2022-09-04,15:30,MATCH_KICKOFF_TIME_TIMEZONE_NOT_STATED_BY_SOURCE,,NOT_VERIFIED_DO_NOT_INFER,Casa Pia,Arouca,0,0,D,EVALUATION_ONLY_JOIN_AFTER_PREMATCH_FEATURE_FREEZE,1.97,3.23,4.18,EXTERNAL_HISTORICAL_MARKET_BENCHMARK,NOT_AVAILABLE,NOT_GOLDBET,a52c2bccaa250b22ab0816706bf45e2fa4816dee040243e9e4b3b667410916c7,1511.343433319501,1500.3343479630018,11.0090853564991,0.25,2.5,0.0,5.756907988154353,4,4,False
74f58e0b01ae476fb7a70449,Primeira Liga,2022/2023,DEVELOPMENT,2022-09-04,18:00,MATCH_KICKOFF_TIME_TIMEZONE_NOT_STATED_BY_SOURCE,,NOT_VERIFIED_DO_NOT_INFER,Santa Clara,Maritimo,2,1,H,EVALUATION_ONLY_JOIN_AFTER_PREMATCH_FEATURE_FREEZE,2.07,3.18,3.82,EXTERNAL_HISTORICAL_MARKET_BENCHMARK,NOT_AVAILABLE,NOT_GOLDBET,fe58870003b5042e6a9a0a926cfe9aa76cb500e756d900dfa9a40535d7ca11ed,1470.752857364249,1461.76105280053,8.991804563718915,0.25,2.0,0.5,-3.110820112360443,4,4,False
d95efda0f2b9513cddceada2,Primeira Liga,2022/2023,DEVELOPMENT,2022-09-04,20:30,MATCH_KICKOFF_TIME_TIMEZONE_NOT_STATED_BY_SOURCE,,NOT_VERIFIED_DO_NOT_INFER,Portimonense,Famalicao,1,0,H,EVALUATION_ONLY_JOIN_AFTER_PREMATCH_FEATURE_FREEZE,2.46,3.18,2.96,EXTERNAL_HISTORICAL_MARKET_BENCHMARK,NOT_AVAILABLE,NOT_GOLDBET,290bebb13c01f3d89ccfbe18ea6afbe70b6d0d7c2d843d72c4b60e236550d72a,1519.618879206546,1490.6222341742662,28.99664503227973,1.25,2.0,1.0,1.8204353216242453,4,4,False
5ddad2aed4f023d23fbd5168,Primeira Liga,2022/2023,DEVELOPMENT,2022-09-05,19:00,MATCH_KICKOFF_TIME_TIMEZONE_NOT_STATED_BY_SOURCE,,NOT_VERIFIED_DO_NOT_INFER,Boavista,Pacos Ferreira,1,0,H,EVALUATION_ONLY_JOIN_AFTER_PREMATCH_FEATURE_FREEZE,1.94,3.32,4.17,EXTERNAL_HISTORICAL_MARKET_BENCHMARK,NOT_AVAILABLE,NOT_GOLDBET,007de4797997e9fbd71256d512d08fda48e489d4f12332f64883d80b1412f09b,1499.0562221618788,1462.0880676007664,36.96815456111244,1.5,1.25,1.5,-2.2761213286132715,4,4,False
ee576b48ae31fe44d84f2380,Primeira Liga,2022/2023,DEVELOPMENT,2022-09-05,21:15,MATCH_KICKOFF_TIME_TIMEZONE_NOT_STATED_BY_SOURCE,,NOT_VERIFIED_DO_NOT_INFER,Chaves,Rio Ave,1,1,D,EVALUATION_ONLY_JOIN_AFTER_PREMATCH_FEATURE_FREEZE,2.41,3.08,3.13,EXTERNAL_HISTORICAL_MARKET_BENCHMARK,NOT_AVAILABLE,NOT_GOLDBET,ff8f24e9634b333376afd7301787ccad9137c3e733d2a1f2590fbe31ae983ca9,1510.18067862653,1492.2094427487016,17.97123587782835,0.75,1.0,0.0,-9.164192626858267,4,4,False
10371356aa4b9ce9628528b0,Primeira Liga,2022/2023,DEVELOPMENT,2022-09-09,20:15,MATCH_KICKOFF_TIME_TIMEZONE_NOT_STATED_BY_SOURCE,,NOT_VERIFIED_DO_NOT_INFER,Guimaraes,Santa Clara,1,0,H,EVALUATION_ONLY_JOIN_AFTER_PREMATCH_FEATURE_FREEZE,2.03,3.21,3.95,EXTERNAL_HISTORICAL_MARKET_BENCHMARK,NOT_AVAILABLE,NOT_GOLDBET,c094fa352566248e4e2131b23c3454deb46edffe776cd087af1eac80a59007ed,1491.549231343422,1478.7928088692775,12.756422474144529,0.3999999999999999,0.2,1.5,16.033690954426675,5,5,False
db82052768d567fa3cac24f8,Primeira Liga,2022/2023,DEVELOPMENT,2022-09-10,15:30,MATCH_KICKOFF_TIME_TIMEZONE_NOT_STATED_BY_SOURCE,,NOT_VERIFIED_DO_NOT_INFER,Famalicao,Benfica,0,1,A,EVALUATION_ONLY_JOIN_AFTER_PREMATCH_FEATURE_FREEZE,7.49,4.7,1.41,EXTERNAL_HISTORICAL_MARKET_BENCHMARK,NOT_AVAILABLE,NOT_GOLDBET,32304336f6ed81d007653fc9460b17243eb7aa0e8a0037c981578ff01242aa38,1483.1291715456775,1545.125499660145,-61.99632811446736,-2.2,-3.0,-1.5,3.1368138935226852,5,5,False
ce1097172ddac57d7eeadb3d,Primeira Liga,2022/2023,DEVELOPMENT,2022-09-10,18:00,MATCH_KICKOFF_TIME_TIMEZONE_NOT_STATED_BY_SOURCE,,NOT_VERIFIED_DO_NOT_INFER,Sp Lisbon,Portimonense,4,0,H,EVALUATION_ONLY_JOIN_AFTER_PREMATCH_FEATURE_FREEZE,1.31,5.46,9.11,EXTERNAL_HISTORICAL_MARKET_BENCHMARK,NOT_AVAILABLE,NOT_GOLDBET,326445b7b7205f1a769cedde72c3d37d39dfec7c3c464e2fa4525268ca4415d0,1502.0692988393437,1527.1119418351345,-25.042642995790857,-1.0,-1.0,-1.5,8.227509786089513,5,5,False
92ee9004e59a8a149c4331d2,Primeira Liga,2022/2023,DEVELOPMENT,2022-09-10,20:30,MATCH_KICKOFF_TIME_TIMEZONE_NOT_STATED_BY_SOURCE,,NOT_VERIFIED_DO_NOT_INFER,Porto,Chaves,3,0,H,EVALUATION_ONLY_JOIN_AFTER_PREMATCH_FEATURE_FREEZE,1.2,6.56,13.55,EXTERNAL_HISTORICAL_MARKET_BENCHMARK,NOT_AVAILABLE,NOT_GOLDBET,124d1af449625982ad49debc71c14db834a8c20e1ddf7ce21ca24216246ee97b,1529.6760346198935,1507.973417733034,21.70261688685946,0.7999999999999998,1.2000000000000002,0.0,3.526331094561556,5,5,False
46201cdae5349057458b8c3b,Primeira Liga,2022/2023,DEVELOPMENT,2022-09-11,15:30,MATCH_KICKOFF_TIME_TIMEZONE_NOT_STATED_BY_SOURCE,,NOT_VERIFIED_DO_NOT_INFER,Pacos Ferreira,Casa Pia,2,3,A,EVALUATION_ONLY_JOIN_AFTER_PREMATCH_FEATURE_FREEZE,3.07,3.02,2.5,EXTERNAL_HISTORICAL_MARKET_BENCHMARK,NOT_AVAILABLE,NOT_GOLDBET,0524ee02f0a0d8487270467137a8a60d4fd58b80f14fd3c7a2e239fbde230910,1454.8087568773087,1509.3276175287867,-54.51886065147801,-1.6,-2.2,-2.0,-4.57151621862613,5,5,False
343a728a1ff8e3a31a82d1ea,Primeira Liga,2022/2023,DEVELOPMENT,2022-09-11,18:00,MATCH_KICKOFF_TIME_TIMEZONE_NOT_STATED_BY_SOURCE,,NOT_VERIFIED_DO_NOT_INFER,Arouca,Boavista,1,2,A,EVALUATION_ONLY_JOIN_AFTER_PREMATCH_FEATURE_FREEZE,2.74,2.97,2.81,EXTERNAL_HISTORICAL_MARKET_BENCHMARK,NOT_AVAILABLE,NOT_GOLDBET,5450f40fd8de6af79a677664b5888515cdb647454323ad8d8c399ad3cb5b7762,1502.350163753716,1506.3355328853365,-3.985369131620473,-0.40000000000000013,-1.2000000000000002,0.0,11.382334874515436,5,5,False
4ef44ae841bdb80ef3336a19,Primeira Liga,2022/2023,DEVELOPMENT,2022-09-11,18:00,MATCH_KICKOFF_TIME_TIMEZONE_NOT_STATED_BY_SOURCE,,NOT_VERIFIED_DO_NOT_INFER,Maritimo,Gil Vicente,1,2,A,EVALUATION_ONLY_JOIN_AFTER_PREMATCH_FEATURE_FREEZE,2.75,3.17,2.65,EXTERNAL_HISTORICAL_MARKET_BENCHMARK,NOT_AVAILABLE,NOT_GOLDBET,badf94f053b6cf5afa37d5c74f33b5bb03a96a174cf127d82a8953168b26b660,1453.7211012955015,1487.9556208529148,-34.23451955741325,-1.0,-2.0,-0.5,-2.844938435651329,5,5,False
85310473c1ef7e64d4d88ca0,Primeira Liga,2022/2023,DEVELOPMENT,2022-09-11,20:30,MATCH_KICKOFF_TIME_TIMEZONE_NOT_STATED_BY_SOURCE,,NOT_VERIFIED_DO_NOT_INFER,Rio Ave,Sp Braga,2,3,A,EVALUATION_ONLY_JOIN_AFTER_PREMATCH_FEATURE_FREEZE,5.66,4.09,1.56,EXTERNAL_HISTORICAL_MARKET_BENCHMARK,NOT_AVAILABLE,NOT_GOLDBET,a2ebe6e5c3a7daf6655657f25422b7ec5e92b8b2051328ee9d6b540dc8f6633b,1494.4167036421975,1536.3137437276773,-41.89704008547983,-1.6,-3.4,-1.5,11.510531938613894,5,5,False
e946e2a909c65f8422c04675,Primeira Liga,2022/2023,DEVELOPMENT,2022-09-12,20:15,MATCH_KICKOFF_TIME_TIMEZONE_NOT_STATED_BY_SOURCE,,NOT_VERIFIED_DO_NOT_INFER,Vizela,Estoril,0,1,A,EVALUATION_ONLY_JOIN_AFTER_PREMATCH_FEATURE_FREEZE,2.06,3.35,3.59,EXTERNAL_HISTORICAL_MARKET_BENCHMARK,NOT_AVAILABLE,NOT_GOLDBET,fd9f0be154ce368dbe950bc755c2fd3546309abe4ad18d6c733a9db3644f1138,1492.5396515761288,1496.8037034145045,-4.264051838375735,-0.3999999999999999,-0.6000000000000001,-1.0,16.346976370671428,5,5,False
4b146e1e88c792e37c1a04f1,Primeira Liga,2022/2023,DEVELOPMENT,2022-09-16,20:15,MATCH_KICKOFF_TIME_TIMEZONE_NOT_STATED_BY_SOURCE,,NOT_VERIFIED_DO_NOT_INFER,Portimonense,Chaves,1,0,H,EVALUATION_ONLY_JOIN_AFTER_PREMATCH_FEATURE_FREEZE,2.22,3.22,3.38,EXTERNAL_HISTORICAL_MARKET_BENCHMARK,NOT_AVAILABLE,NOT_GOLDBET,31c02c25a58e0eacbd806d63fbe23be0f487415502c06ec9bdd17dab8674ae96,1518.1147138928666,1500.282598460132,17.832115432734554,0.7999999999999998,0.4,0.0,-7.677259336162933,6,6,False
a432debced0bb8fcdeb4a9d2,Primeira Liga,2022/2023,DEVELOPMENT,2022-09-17,15:30,MATCH_KICKOFF_TIME_TIMEZONE_NOT_STATED_BY_SOURCE,,NOT_VERIFIED_DO_NOT_INFER,Gil Vicente,Rio Ave,2,2,D,EVALUATION_ONLY_JOIN_AFTER_PREMATCH_FEATURE_FREEZE,2.03,3.4,3.71,EXTERNAL_HISTORICAL_MARKET_BENCHMARK,NOT_AVAILABLE,NOT_GOLDBET,344ddbf17b5d516f060ea7599077305cb0cd412c2b80e61e0e3ab43523d49b3a,1498.6958545036384,1483.8961295851152,14.799724918523225,0.0,0.0,0.6666666666666666,-26.129265304968385,6,6,False
17b6b095b11d579aeb01ce89,Primeira Liga,2022/2023,DEVELOPMENT,2022-09-17,15:30,MATCH_KICKOFF_TIME_TIMEZONE_NOT_STATED_BY_SOURCE,,NOT_VERIFIED_DO_NOT_INFER,Santa Clara,Pacos Ferreira,1,1,D,EVALUATION_ONLY_JOIN_AFTER_PREMATCH_FEATURE_FREEZE,1.84,3.33,4.67,EXTERNAL_HISTORICAL_MARKET_BENCHMARK,NOT_AVAILABLE,NOT_GOLDBET,1933e4eb4898a3c78d75d2d56f3d52ab2021589e7dcb99bb3d7be8e0a484f5cf,1470.856824155289,1444.6510100919015,26.20581406338738,0.6,1.2000000000000002,1.3333333333333333,-15.572401437526878,6,6,False
4fe24c07eab5a1097ae2ab7a,Primeira Liga,2022/2023,DEVELOPMENT,2022-09-17,18:00,MATCH_KICKOFF_TIME_TIMEZONE_NOT_STATED_BY_SOURCE,,NOT_VERIFIED_DO_NOT_INFER,Estoril,Porto,1,1,D,EVALUATION_ONLY_JOIN_AFTER_PREMATCH_FEATURE_FREEZE,8.79,4.8,1.36,EXTERNAL_HISTORICAL_MARKET_BENCHMARK,NOT_AVAILABLE,NOT_GOLDBET,5b16497f0ac2f6e09ea032ace0a113ef68a4d584ea206dd17c340a65e91b13bc,1508.3942917740292,1537.3668538927955,-28.97256211876629,-1.0,-1.2,-0.6666666666666667,-11.340627186571965,6,6,False
3aefe448da6fc5ebf0b160a0,Primeira Liga,2022/2023,DEVELOPMENT,2022-09-17,20:30,MATCH_KICKOFF_TIME_TIMEZONE_NOT_STATED_BY_SOURCE,,NOT_VERIFIED_DO_NOT_INFER,Boavista,Sp Lisbon,2,1,H,EVALUATION_ONLY_JOIN_AFTER_PREMATCH_FEATURE_FREEZE,7.42,4.46,1.43,EXTERNAL_HISTORICAL_MARKET_BENCHMARK,NOT_AVAILABLE,NOT_GOLDBET,dd41c40b75610898652f0ba8abfe1febbff3e3f4a8370e0ca489eb22699693da,1517.9339384465518,1511.0665267816116,6.867411664940164,0.0,-1.2000000000000002,0.6666666666666667,-14.038847976743682,6,6,False
c6cc16598c5f64536341a100,Primeira Liga,2022/2023,DEVELOPMENT,2022-09-18,15:30,MATCH_KICKOFF_TIME_TIMEZONE_NOT_STATED_BY_SOURCE,,NOT_VERIFIED_DO_NOT_INFER,Arouca,Guimaraes,2,2,D,EVALUATION_ONLY_JOIN_AFTER_PREMATCH_FEATURE_FREEZE,2.92,3.07,2.57,EXTERNAL_HISTORICAL_MARKET_BENCHMARK,NOT_AVAILABLE,NOT_GOLDBET,147772458b4f152079400f5328ffffceb6e483074a27afdfc613a9bc0559cde6,1490.7517581925008,1499.4852160574105,-8.733457864909724,0.19999999999999996,-0.8,0.0,3.659384948641673,6,6,False
0f22c92c293aeadb3cbf8d92,Primeira Liga,2022/2023,DEVELOPMENT,2022-09-18,18:00,MATCH_KICKOFF_TIME_TIMEZONE_NOT_STATED_BY_SOURCE,,NOT_VERIFIED_DO_NOT_INFER,Benfica,Maritimo,5,0,H,EVALUATION_ONLY_JOIN_AFTER_PREMATCH_FEATURE_FREEZE,1.11,9.07,21.05,EXTERNAL_HISTORICAL_MARKET_BENCHMARK,NOT_AVAILABLE,NOT_GOLDBET,5734a04b35e1bdbb4b508b5e6bf1a98553d75aa72ba56f608aacb3571c74d51a,1555.0680413505142,1442.9808676447778,112.0871737057364,3.0,3.2,3.0,-0.38496120873423934,6,6,False
a6511484d54ea3185652cb01,Primeira Liga,2022/2023,DEVELOPMENT,2022-09-18,18:00,MATCH_KICKOFF_TIME_TIMEZONE_NOT_STATED_BY_SOURCE,,NOT_VERIFIED_DO_NOT_INFER,Casa Pia,Famalicao,1,0,H,EVALUATION_ONLY_JOIN_AFTER_PREMATCH_FEATURE_FREEZE,2.36,3.01,3.26,EXTERNAL_HISTORICAL_MARKET_BENCHMARK,NOT_AVAILABLE,NOT_GOLDBET,281182784486ec4a7414c167f116e236a9eeff9a116b4f3c6c965717acfdb472,1519.485364314194,1473.1866298553082,46.29873445888575,1.2,1.4,1.0,-9.479267686355115,6,6,False
bbac4a77b76b72eeb06cd1f0,Primeira Liga,2022/2023,DEVELOPMENT,2022-09-18,20:30,MATCH_KICKOFF_TIME_TIMEZONE_NOT_STATED_BY_SOURCE,,NOT_VERIFIED_DO_NOT_INFER,Sp Braga,Vizela,2,0,H,EVALUATION_ONLY_JOIN_AFTER_PREMATCH_FEATURE_FREEZE,1.4,4.88,7.18,EXTERNAL_HISTORICAL_MARKET_BENCHMARK,NOT_AVAILABLE,NOT_GOLDBET,fe9fc13cee0b26a91340221f5c591a84dcb3aa944108ed5f531775ccf105ab1a,1546.8343177847596,1480.9490632166041,65.88525456815546,2.6,3.8000000000000003,1.0000000000000002,-12.681764126065673,6,6,False
1f64856965780dd05cd8d21c,Primeira Liga,2022/2023,DEVELOPMENT,2022-09-30,19:00,MATCH_KICKOFF_TIME_TIMEZONE_NOT_STATED_BY_SOURCE,,NOT_VERIFIED_DO_NOT_INFER,Sp Lisbon,Gil Vicente,3,1,H,EVALUATION_ONLY_JOIN_AFTER_PREMATCH_FEATURE_FREEZE,1.3,5.39,9.58,EXTERNAL_HISTORICAL_MARKET_BENCHMARK,NOT_AVAILABLE,NOT_GOLDBET,0f6beb2fef350ace92af27b1538f3d63d61a93de4e149b7bf2f5ca2ec5e90c9a,1502.9677095789864,1496.5756025988928,6.392106980093558,0.0,0.2,0.6666666666666667,26.926452457105825,7,7,False
80cb6c742b45be287dc42906,Primeira Liga,2022/2023,DEVELOPMENT,2022-09-30,21:15,MATCH_KICKOFF_TIME_TIMEZONE_NOT_STATED_BY_SOURCE,,NOT_VERIFIED_DO_NOT_INFER,Porto,Sp Braga,4,1,H,EVALUATION_ONLY_JOIN_AFTER_PREMATCH_FEATURE_FREEZE,1.91,3.65,3.78,EXTERNAL_HISTORICAL_MARKET_BENCHMARK,NOT_AVAILABLE,NOT_GOLDBET,3fd7197739099de06f4249de40507c2dde7d5aa337044491e125d0870abb7920,1538.2575288207602,1553.3616980647043,-15.10416924394417,-1.0,-1.8,0.0,8.31165028577584,7,7,False
f97214ef2e0265dc99a3d021,Primeira Liga,2022/2023,DEVELOPMENT,2022-10-01,15:30,MATCH_KICKOFF_TIME_TIMEZONE_NOT_STATED_BY_SOURCE,,NOT_VERIFIED_DO_NOT_INFER,Vizela,Portimonense,1,0,H,EVALUATION_ONLY_JOIN_AFTER_PREMATCH_FEATURE_FREEZE,1.92,3.45,4,EXTERNAL_HISTORICAL_MARKET_BENCHMARK,NOT_AVAILABLE,NOT_GOLDBET,b6e0dbd072ede3040aba512323b2a3d94767c156771e2cd53b1ea3c83a22289e,1474.4216829366594,1525.9112624590935,-51.48957952243404,-2.0,-0.8,-1.6666666666666667,18.71655989942724,7,7,False
67d8e21a13bedad97b2d9a28,Primeira Liga,2022/2023,DEVELOPMENT,2022-10-01,18:00,MATCH_KICKOFF_TIME_TIMEZONE_NOT_STATED_BY_SOURCE,,NOT_VERIFIED_DO_NOT_INFER,Chaves,Estoril,1,1,D,EVALUATION_ONLY_JOIN_AFTER_PREMATCH_FEATURE_FREEZE,2.21,3.25,3.36,EXTERNAL_HISTORICAL_MARKET_BENCHMARK,NOT_AVAILABLE,NOT_GOLDBET,1d0e363d15742cc8f4d4e884d27607d1f4c6fc01161a4593dc210b2279e4c503,1492.4860498939051,1507.5036168460645,-15.017566952159314,-0.6000000000000001,-0.8,-1.3333333333333335,12.30439146939625,7,7,False
7d8c0b747e794329e30c9e27,Primeira Liga,2022/2023,DEVELOPMENT,2022-10-01,20:30,MATCH_KICKOFF_TIME_TIMEZONE_NOT_STATED_BY_SOURCE,,NOT_VERIFIED_DO_NOT_INFER,Guimaraes,Benfica,0,0,D,EVALUATION_ONLY_JOIN_AFTER_PREMATCH_FEATURE_FREEZE,9.09,5.39,1.31,EXTERNAL_HISTORICAL_MARKET_BENCHMARK,NOT_AVAILABLE,NOT_GOLDBET,043fffe56cea606ee7553ee963728f4e967d49136ffc3d9b686c5e55d6b31fd1,1500.9501689856045,1560.483860075768,-59.53369109016353,-2.2,-2.6,-1.0,18.53724030272042,7,7,False
5e1717a4f3d800bc6e2d128f,Primeira Liga,2022/2023,DEVELOPMENT,2022-10-02,15:30,MATCH_KICKOFF_TIME_TIMEZONE_NOT_STATED_BY_SOURCE,,NOT_VERIFIED_DO_NOT_INFER,Rio Ave,Santa Clara,1,0,H,EVALUATION_ONLY_JOIN_AFTER_PREMATCH_FEATURE_FREEZE,2.38,3.01,3.27,EXTERNAL_HISTORICAL_MARKET_BENCHMARK,NOT_AVAILABLE,NOT_GOLDBET,c26d38606f63e6d5025e788bad6870aab45335fd2681bacf0eccded1f3338525,1486.0163814898608,1468.4253153149245,17.59106617493626,0.3999999999999999,0.6000000000000001,1.0,38.5045636160155,7,7,False
0d37cb1fdaf801710a9367c7,Primeira Liga,2022/2023,DEVELOPMENT,2022-10-02,18:00,MATCH_KICKOFF_TIME_TIMEZONE_NOT_STATED_BY_SOURCE,,NOT_VERIFIED_DO_NOT_INFER,Pacos Ferreira,Arouca,1,1,D,EVALUATION_ONLY_JOIN_AFTER_PREMATCH_FEATURE_FREEZE,2.55,3.17,2.85,EXTERNAL_HISTORICAL_MARKET_BENCHMARK,NOT_AVAILABLE,NOT_GOLDBET,27207db93ad98fe3045f249114c0f1ce7562f5e7753bbaa2d0035ed5494228b9,1447.0825189322659,1489.2868052643068,-42.204286332040965,-0.8,0.0,-1.3333333333333333,-3.295068351136706,7,7,False
108cf88339483bd26d176160,Primeira Liga,2022/2023,DEVELOPMENT,2022-10-02,20:30,MATCH_KICKOFF_TIME_TIMEZONE_NOT_STATED_BY_SOURCE,,NOT_VERIFIED_DO_NOT_INFER,Famalicao,Boavista,4,0,H,EVALUATION_ONLY_JOIN_AFTER_PREMATCH_FEATURE_FREEZE,2.11,3.14,3.8,EXTERNAL_HISTORICAL_MARKET_BENCHMARK,NOT_AVAILABLE,NOT_GOLDBET,0d3d5eca02a3d0557da881c73d3338c0a86bcaf53a24224ad63fb50c8730568d,1466.1541332183642,1526.032755649177,-59.87862243081281,-1.0,0.0,-1.0,15.440798011329434,7,7,False
8466f7daf318046a18cfa65b,Primeira Liga,2022/2023,DEVELOPMENT,2022-10-03,20:15,MATCH_KICKOFF_TIME_TIMEZONE_NOT_STATED_BY_SOURCE,,NOT_VERIFIED_DO_NOT_INFER,Maritimo,Casa Pia,1,2,A,EVALUATION_ONLY_JOIN_AFTER_PREMATCH_FEATURE_FREEZE,3.07,3.1,2.44,EXTERNAL_HISTORICAL_MARKET_BENCHMARK,NOT_AVAILABLE,NOT_GOLDBET,bac107bf2fa08c4d74d363a05243f507aa388bfbc2f298021bd280186188be28,1437.565048919524,1526.517860951138,-88.9528120316138,-2.6,-3.6,-2.3333333333333335,14.704431677714638,7,7,False
a6f171798aac8d7d2820c911,Primeira Liga,2022/2023,DEVELOPMENT,2022-10-07,20:15,MATCH_KICKOFF_TIME_TIMEZONE_NOT_STATED_BY_SOURCE,,NOT_VERIFIED_DO_NOT_INFER,Gil Vicente,Estoril,0,1,A,EVALUATION_ONLY_JOIN_AFTER_PREMATCH_FEATURE_FREEZE,2.19,3.4,3.24,EXTERNAL_HISTORICAL_MARKET_BENCHMARK,NOT_AVAILABLE,NOT_GOLDBET,737806f849022cf348b78600871ce30ede14bcaaa7b3138eefba174ba6756141,1488.463596081955,1508.7911294181474,-20.327533336192346,-0.6000000000000001,-1.0,-0.5,-6.281537249382382,8,8,False
116a7942233520a72c61b885,Primeira Liga,2022/2023,DEVELOPMENT,2022-10-08,15:30,MATCH_KICKOFF_TIME_TIMEZONE_NOT_STATED_BY_SOURCE,,NOT_VERIFIED_DO_NOT_INFER,Santa Clara,Sp Lisbon,1,2,A,EVALUATION_ONLY_JOIN_AFTER_PREMATCH_FEATURE_FREEZE,7.15,4.38,1.45,EXTERNAL_HISTORICAL_MARKET_BENCHMARK,NOT_AVAILABLE,NOT_GOLDBET,1bcbc50d67c8988d0f8c5d80362aa6995adfb84a2ef7cdf26b903229ab193f75,1460.622164636601,1511.0797160959241,-50.45755145932321,-1.0,-1.4,0.25,-36.52791413871387,8,8,False
0017ea56b144d668ee978efe,Primeira Liga,2022/2023,DEVELOPMENT,2022-10-08,18:00,MATCH_KICKOFF_TIME_TIMEZONE_NOT_STATED_BY_SOURCE,,NOT_VERIFIED_DO_NOT_INFER,Benfica,Rio Ave,4,2,H,EVALUATION_ONLY_JOIN_AFTER_PREMATCH_FEATURE_FREEZE,1.19,6.82,14.33,EXTERNAL_HISTORICAL_MARKET_BENCHMARK,NOT_AVAILABLE,NOT_GOLDBET,52df074c91da57e02b2a9584df6ea1528dc8bbc962bdc9ec5898243751d2eab0,1560.4972815170156,1493.8195321681844,66.67774934883118,1.0,1.2000000000000002,2.25,-29.232192149950833,8,8,False
0073274ab946bd0a85e9174f,Primeira Liga,2022/2023,DEVELOPMENT,2022-10-08,18:00,MATCH_KICKOFF_TIME_TIMEZONE_NOT_STATED_BY_SOURCE,,NOT_VERIFIED_DO_NOT_INFER,Portimonense,Porto,0,2,A,EVALUATION_ONLY_JOIN_AFTER_PREMATCH_FEATURE_FREEZE,8.32,4.88,1.36,EXTERNAL_HISTORICAL_MARKET_BENCHMARK,NOT_AVAILABLE,NOT_GOLDBET,37248cef99e733f1d5e80cbec1ee31366aa36a501bb0b96480c4f66eed5a1d00,1516.1561630722674,1546.9724676218398,-30.81630454957235,-0.19999999999999996,-1.6,0.5,-22.328794049330327,8,8,False
b26bc3acb4e4d68cc747768e,Primeira Liga,2022/2023,DEVELOPMENT,2022-10-08,20:30,MATCH_KICKOFF_TIME_TIMEZONE_NOT_STATED_BY_SOURCE,,NOT_VERIFIED_DO_NOT_INFER,Pacos Ferreira,Guimaraes,0,1,A,EVALUATION_ONLY_JOIN_AFTER_PREMATCH_FEATURE_FREEZE,3.41,3.24,2.17,EXTERNAL_HISTORICAL_MARKET_BENCHMARK,NOT_AVAILABLE,NOT_GOLDBET,1c72f677f9b84d9a82e40475434c0cde94eb990582fe5ba5f0563f9b8221dc9a,1446.5707645717512,1500.9367475443569,-54.36598297260571,-0.6,-0.39999999999999997,-0.75,-11.677368282577845,8,8,False
f6ee12269c24fe557f340d85,Primeira Liga,2022/2023,DEVELOPMENT,2022-10-09,15:30,MATCH_KICKOFF_TIME_TIMEZONE_NOT_STATED_BY_SOURCE,,NOT_VERIFIED_DO_NOT_INFER,Boavista,Maritimo,1,1,D,EVALUATION_ONLY_JOIN_AFTER_PREMATCH_FEATURE_FREEZE,1.81,3.53,4.54,EXTERNAL_HISTORICAL_MARKET_BENCHMARK,NOT_AVAILABLE,NOT_GOLDBET,9f5af4fa513682494bc6f8d75bd997951f1831ef4aa8b9425b234857998a8dcd,1516.0362491763028,1428.3964541983553,87.63979497794753,1.8,1.0,2.25,-17.552731299464767,8,8,False
3c6ff241a981a14387687c25,Primeira Liga,2022/2023,DEVELOPMENT,2022-10-09,18:00,MATCH_KICKOFF_TIME_TIMEZONE_NOT_STATED_BY_SOURCE,,NOT_VERIFIED_DO_NOT_INFER,Casa Pia,Vizela,0,1,A,EVALUATION_ONLY_JOIN_AFTER_PREMATCH_FEATURE_FREEZE,2.45,3.17,2.98,EXTERNAL_HISTORICAL_MARKET_BENCHMARK,NOT_AVAILABLE,NOT_GOLDBET,abd3423bce701930018a24738fc7425337e075b2f23b250d184877bbd845fe74,1535.6864556723067,1484.1767823234854,51.50967334882125,1.8,1.4,0.75,-45.55251151333141,8,8,False
91304745cf1ff59d7631f5c1,Primeira Liga,2022/2023,DEVELOPMENT,2022-10-09,20:30,MATCH_KICKOFF_TIME_TIMEZONE_NOT_STATED_BY_SOURCE,,NOT_VERIFIED_DO_NOT_INFER,Sp Braga,Chaves,0,1,A,EVALUATION_ONLY_JOIN_AFTER_PREMATCH_FEATURE_FREEZE,1.39,5,7.19,EXTERNAL_HISTORICAL_MARKET_BENCHMARK,NOT_AVAILABLE,NOT_GOLDBET,51daa6c2062f8c7fb35b5d020aefee5c1bab0b667969669ced8b535736fc4f97,1544.6467592636247,1491.1985373218222,53.44822194180256,1.4,1.7999999999999998,1.0,-4.919144597414288,8,8,False
9c94b4ad43b9b76369217195,Primeira Liga,2022/2023,DEVELOPMENT,2022-10-10,20:15,MATCH_KICKOFF_TIME_TIMEZONE_NOT_STATED_BY_SOURCE,,NOT_VERIFIED_DO_NOT_INFER,Arouca,Famalicao,4,1,H,EVALUATION_ONLY_JOIN_AFTER_PREMATCH_FEATURE_FREEZE,2.87,3.08,2.59,EXTERNAL_HISTORICAL_MARKET_BENCHMARK,NOT_AVAILABLE,NOT_GOLDBET,12eccf09c8bc5912ac330cb39d11d390b80a27c3fcf40a68c87a9dcbea86af48,1489.7985596248216,1476.1506396912384,13.647919933583125,-0.6,-1.7999999999999998,0.75,-21.535505089810613,8,8,False
0e75171ec03d7fef586be839,Primeira Liga,2022/2023,DEVELOPMENT,2022-10-21,20:15,MATCH_KICKOFF_TIME_TIMEZONE_NOT_STATED_BY_SOURCE,,NOT_VERIFIED_DO_NOT_INFER,Porto,Benfica,0,1,A,EVALUATION_ONLY_JOIN_AFTER_PREMATCH_FEATURE_FREEZE,2.35,3.27,3.08,EXTERNAL_HISTORICAL_MARKET_BENCHMARK,NOT_AVAILABLE,NOT_GOLDBET,513fbd57bc0f11140844a686cc42ac87c9536051e05b419f702e6349cba246ff,1557.8104719590524,1567.004618532426,-9.1941465733737,0.0,0.19999999999999996,0.5,32.86714658666688,9,9,False
b2a6b70e60b3c37e4d05e3f2,Primeira Liga,2022/2023,DEVELOPMENT,2022-10-22,15:30,MATCH_KICKOFF_TIME_TIMEZONE_NOT_STATED_BY_SOURCE,,NOT_VERIFIED_DO_NOT_INFER,Famalicao,Pacos Ferreira,2,1,H,EVALUATION_ONLY_JOIN_AFTER_PREMATCH_FEATURE_FREEZE,1.88,3.35,4.36,EXTERNAL_HISTORICAL_MARKET_BENCHMARK,NOT_AVAILABLE,NOT_GOLDBET,3d7ede07547f95bdc998237afc591ebc9b46758ccafa0d544c11312cbdc6c5e4,1468.2392081496494,1436.4086187387982,31.83058941085119,0.19999999999999996,0.19999999999999996,1.25,26.11936836005293,9,9,False
829399da2b60c00d4fa3f25e,Primeira Liga,2022/2023,DEVELOPMENT,2022-10-22,18:00,MATCH_KICKOFF_TIME_TIMEZONE_NOT_STATED_BY_SOURCE,,NOT_VERIFIED_DO_NOT_INFER,Estoril,Sp Braga,0,2,A,EVALUATION_ONLY_JOIN_AFTER_PREMATCH_FEATURE_FREEZE,5.42,3.99,1.6,EXTERNAL_HISTORICAL_MARKET_BENCHMARK,NOT_AVAILABLE,NOT_GOLDBET,a00f2fe09e4b44e956db88a83cea32ec8775411bac25da0baf3c81d8fc58065f,1519.9280577823088,1531.4927632848942,-11.564705502585412,-0.19999999999999996,0.0,-1.0,-0.6315495127587383,9,9,False
0e84822f37123a8b3a8fcc04,Primeira Liga,2022/2023,DEVELOPMENT,2022-10-22,20:30,MATCH_KICKOFF_TIME_TIMEZONE_NOT_STATED_BY_SOURCE,,NOT_VERIFIED_DO_NOT_INFER,Sp Lisbon,Casa Pia,3,1,H,EVALUATION_ONLY_JOIN_AFTER_PREMATCH_FEATURE_FREEZE,1.39,4.71,7.96,EXTERNAL_HISTORICAL_MARKET_BENCHMARK,NOT_AVAILABLE,NOT_GOLDBET,0052ad1b692ef7ec89c1dd1b8681f799ab7d23afb46de961646fa2473bf5e281,1521.3543008023692,1522.5827932570774,-1.2284924547082028,0.3999999999999999,1.2000000000000002,-0.25,32.24342608949587,9,9,False
c585c68e6738c1fb2dc7bea8,Primeira Liga,2022/2023,DEVELOPMENT,2022-10-23,15:30,MATCH_KICKOFF_TIME_TIMEZONE_NOT_STATED_BY_SOURCE,,NOT_VERIFIED_DO_NOT_INFER,Maritimo,Arouca,1,1,D,EVALUATION_ONLY_JOIN_AFTER_PREMATCH_FEATURE_FREEZE,2.44,3.25,2.93,EXTERNAL_HISTORICAL_MARKET_BENCHMARK,NOT_AVAILABLE,NOT_GOLDBET,1228f9ff04cc908f135ddd8f90f7cf45eab9299d0e6cc4aab54c2883e9b2ad7a,1432.407306074025,1497.7099911664106,-65.30268509238567,-1.0,-2.0,-1.25,23.18665776187322,9,9,False
383f85617fb99198feaba60e,Primeira Liga,2022/2023,DEVELOPMENT,2022-10-23,15:30,MATCH_KICKOFF_TIME_TIMEZONE_NOT_STATED_BY_SOURCE,,NOT_VERIFIED_DO_NOT_INFER,Vizela,Santa Clara,0,1,A,EVALUATION_ONLY_JOIN_AFTER_PREMATCH_FEATURE_FREEZE,1.99,3.32,3.92,EXTERNAL_HISTORICAL_MARKET_BENCHMARK,NOT_AVAILABLE,NOT_GOLDBET,bcc163d93e085d7ca92d524a522fda3e3693a0525ff8b2a4ba25b8d0fa9c2ef7,1497.2804447387148,1450.347579930156,46.93286480855886,0.3999999999999999,0.0,1.0,49.61086484523207,9,9,False
982fa8fda24d68e5603b2536,Primeira Liga,2022/2023,DEVELOPMENT,2022-10-23,18:00,MATCH_KICKOFF_TIME_TIMEZONE_NOT_STATED_BY_SOURCE,,NOT_VERIFIED_DO_NOT_INFER,Chaves,Gil Vicente,3,1,H,EVALUATION_ONLY_JOIN_AFTER_PREMATCH_FEATURE_FREEZE,2.6,3.32,2.68,EXTERNAL_HISTORICAL_MARKET_BENCHMARK,NOT_AVAILABLE,NOT_GOLDBET,b03c88fea0ac41f044edf6e59dc71d3ce48010e8c7616b88bdf1f1be51309437,1504.3525333005528,1477.3266677177937,27.025865582759025,0.19999999999999996,0.20000000000000007,-0.25,24.85238383465503,9,9,False
a056e5261f523655da75e18e,Primeira Liga,2022/2023,DEVELOPMENT,2022-10-23,20:30,MATCH_KICKOFF_TIME_TIMEZONE_NOT_STATED_BY_SOURCE,,NOT_VERIFIED_DO_NOT_INFER,Guimaraes,Boavista,3,2,H,EVALUATION_ONLY_JOIN_AFTER_PREMATCH_FEATURE_FREEZE,2.19,3.11,3.55,EXTERNAL_HISTORICAL_MARKET_BENCHMARK,NOT_AVAILABLE,NOT_GOLDBET,d59c4959534f1ec5aa1c653bf7d883f723a1e6f9e35cf45fbee126307a33b76b,1511.0988933773099,1512.0253973006331,-0.9265039233232528,-0.3999999999999999,0.4,0.25,27.07736036709389,9,9,False
293b6baf1f575606ecbb717d,Primeira Liga,2022/2023,DEVELOPMENT,2022-10-24,20:15,MATCH_KICKOFF_TIME_TIMEZONE_NOT_STATED_BY_SOURCE,,NOT_VERIFIED_DO_NOT_INFER,Rio Ave,Portimonense,1,0,H,EVALUATION_ONLY_JOIN_AFTER_PREMATCH_FEATURE_FREEZE,2.34,3.21,3.12,EXTERNAL_HISTORICAL_MARKET_BENCHMARK,NOT_AVAILABLE,NOT_GOLDBET,8e5b13ee4cb86af7718252b272a1fe5140cf6a8a091b69b9ea6f6e6ef3f5f271,1487.312195152774,1505.3181587350548,-18.005963582280856,-0.19999999999999996,0.6,0.0,11.948918331509049,9,9,False
3cec243fe6998824c667675c,Primeira Liga,2022/2023,DEVELOPMENT,2022-10-28,20:15,MATCH_KICKOFF_TIME_TIMEZONE_NOT_STATED_BY_SOURCE,,NOT_VERIFIED_DO_NOT_INFER,Pacos Ferreira,Maritimo,0,1,A,EVALUATION_ONLY_JOIN_AFTER_PREMATCH_FEATURE_FREEZE,2.3,3.27,3.16,EXTERNAL_HISTORICAL_MARKET_BENCHMARK,NOT_AVAILABLE,NOT_GOLDBET,5bc8b72e95a6e62d9e04299b1a57daec2ca0c3573ba7673e7c55186b00362fb0,1428.991839606777,1432.5599177700287,-3.568078163251812,0.0,0.7999999999999999,0.0,-28.92811217097824,10,10,False
585b80f946d55de16708d972,Primeira Liga,2022/2023,DEVELOPMENT,2022-10-29,15:30,MATCH_KICKOFF_TIME_TIMEZONE_NOT_STATED_BY_SOURCE,,NOT_VERIFIED_DO_NOT_INFER,Santa Clara,Porto,1,1,D,EVALUATION_ONLY_JOIN_AFTER_PREMATCH_FEATURE_FREEZE,10.49,5.13,1.3,EXTERNAL_HISTORICAL_MARKET_BENCHMARK,NOT_AVAILABLE,NOT_GOLDBET,12e19305b195987476b2ea27922ed29fcacd4c11d907d839d4c802ce97c1d1fe,1463.3317187412465,1546.3584966666147,-83.02677792536815,-1.2,-1.7999999999999998,-1.0,-44.46268108332765,10,10,False
d2449135e0496e6d06ebe959,Primeira Liga,2022/2023,DEVELOPMENT,2022-10-29,18:00,MATCH_KICKOFF_TIME_TIMEZONE_NOT_STATED_BY_SOURCE,,NOT_VERIFIED_DO_NOT_INFER,Benfica,Chaves,5,0,H,EVALUATION_ONLY_JOIN_AFTER_PREMATCH_FEATURE_FREEZE,1.11,9.32,20.55,EXTERNAL_HISTORICAL_MARKET_BENCHMARK,NOT_AVAILABLE,NOT_GOLDBET,9ab07f9a7fd90bbe0a6a09480e83b9a7c19974b742f980fa863e3174191b6f42,1578.4565938248638,1511.898829722808,66.5577641020559,1.2000000000000002,2.0,1.2,-19.715516007388942,10,10,False
6d584d629f71fba653e74ad3,Primeira Liga,2022/2023,DEVELOPMENT,2022-10-29,20:30,MATCH_KICKOFF_TIME_TIMEZONE_NOT_STATED_BY_SOURCE,,NOT_VERIFIED_DO_NOT_INFER,Arouca,Sp Lisbon,1,0,H,EVALUATION_ONLY_JOIN_AFTER_PREMATCH_FEATURE_FREEZE,4.81,3.87,1.69,EXTERNAL_HISTORICAL_MARKET_BENCHMARK,NOT_AVAILABLE,NOT_GOLDBET,325877fca19aa81520cc9a2acbe52e910d2ae195d67807b8055876e22bc47819,1497.5573794704069,1529.6786728109032,-32.12129334049632,-1.2,-1.2000000000000002,0.0,-32.67304542679608,10,10,False
d9921c1f2b947cfa59cb46e3,Primeira Liga,2022/2023,DEVELOPMENT,2022-10-30,15:30,MATCH_KICKOFF_TIME_TIMEZONE_NOT_STATED_BY_SOURCE,,NOT_VERIFIED_DO_NOT_INFER,Boavista,Vizela,2,2,D,EVALUATION_ONLY_JOIN_AFTER_PREMATCH_FEATURE_FREEZE,2.75,3.22,2.61,EXTERNAL_HISTORICAL_MARKET_BENCHMARK,NOT_AVAILABLE,NOT_GOLDBET,dcd6294129ac7666f1ef96ffe552910ff46a7ee845b6f826219d06d982ffe943,1503.7094719425822,1484.2963059276242,19.41316601495805,0.19999999999999996,-0.19999999999999996,0.6000000000000001,-27.303429586292623,10,10,False
adeae378db8e3d86acbaa9be,Primeira Liga,2022/2023,DEVELOPMENT,2022-10-30,15:30,MATCH_KICKOFF_TIME_TIMEZONE_NOT_STATED_BY_SOURCE,,NOT_VERIFIED_DO_NOT_INFER,Portimonense,Estoril,1,1,D,EVALUATION_ONLY_JOIN_AFTER_PREMATCH_FEATURE_FREEZE,2.43,3.18,3,EXTERNAL_HISTORICAL_MARKET_BENCHMARK,NOT_AVAILABLE,NOT_GOLDBET,4802e0935137379e3bf43788b7a61d6e0f40db09b72388a091e9e5663031d436,1496.5209924777319,1508.5429394067517,-12.021946929019805,-1.0,-1.4,-0.19999999999999996,-6.258134343785969,10,10,False
bac167dbed8f5fb5e31bb192,Primeira Liga,2022/2023,DEVELOPMENT,2022-10-30,18:00,MATCH_KICKOFF_TIME_TIMEZONE_NOT_STATED_BY_SOURCE,,NOT_VERIFIED_DO_NOT_INFER,Casa Pia,Rio Ave,1,0,H,EVALUATION_ONLY_JOIN_AFTER_PREMATCH_FEATURE_FREEZE,2.05,3.27,3.78,EXTERNAL_HISTORICAL_MARKET_BENCHMARK,NOT_AVAILABLE,NOT_GOLDBET,617855c5c46d2daffcdc39dab53821460c23ae4d7baf0b4460a51cf0136960ae,1514.2584212485433,1496.1093614100969,18.14905983844642,0.40000000000000013,0.2,0.7999999999999999,-39.631767004062795,10,10,False
21bafa1f9fac2d4b74490c0b,Primeira Liga,2022/2023,DEVELOPMENT,2022-10-30,20:30,MATCH_KICKOFF_TIME_TIMEZONE_NOT_STATED_BY_SOURCE,,NOT_VERIFIED_DO_NOT_INFER,Gil Vicente,Sp Braga,0,1,A,EVALUATION_ONLY_JOIN_AFTER_PREMATCH_FEATURE_FREEZE,5.6,4.26,1.55,EXTERNAL_HISTORICAL_MARKET_BENCHMARK,NOT_AVAILABLE,NOT_GOLDBET,fa35e58b5ad21b628dc6d503f38ed8b0ca867fb2bd14449d06fa8a43b82c4fd5,1469.7803712955385,1542.8778816604513,-73.09751036491275,-1.0,-1.0,-1.4,-14.204257521077807,10,10,False
280593e2a32c35234a1ba606,Primeira Liga,2022/2023,DEVELOPMENT,2022-10-31,20:15,MATCH_KICKOFF_TIME_TIMEZONE_NOT_STATED_BY_SOURCE,,NOT_VERIFIED_DO_NOT_INFER,Guimaraes,Famalicao,3,2,H,EVALUATION_ONLY_JOIN_AFTER_PREMATCH_FEATURE_FREEZE,2.38,3.11,3.17,EXTERNAL_HISTORICAL_MARKET_BENCHMARK,NOT_AVAILABLE,NOT_GOLDBET,f95775b61b167b2399353dbf1270298b3d1e60ea9c703f694ba014f27032feb5,1519.4148187353608,1475.6559872816706,43.75883145369016,1.0000000000000002,0.6,1.8,-5.645241795441052,10,10,False
4be276e243e2927007ffa981,Primeira Liga,2022/2023,DEVELOPMENT,2022-11-04,20:15,MATCH_KICKOFF_TIME_TIMEZONE_NOT_STATED_BY_SOURCE,,NOT_VERIFIED_DO_NOT_INFER,Gil Vicente,Portimonense,1,2,A,EVALUATION_ONLY_JOIN_AFTER_PREMATCH_FEATURE_FREEZE,2.19,3.35,3.31,EXTERNAL_HISTORICAL_MARKET_BENCHMARK,NOT_AVAILABLE,NOT_GOLDBET,8f0b32e7fc6e7232d7214921b6a7900179bde8d34d0c6df46b62f46821f6a6a7,1460.1571694729166,1495.1487844237668,-34.991614950850135,-0.6000000000000001,-0.6,-0.7999999999999999,5.070699993019389,11,11,False
90d8573ad6b0949254e9ff0b,Primeira Liga,2022/2023,DEVELOPMENT,2022-11-05,15:30,MATCH_KICKOFF_TIME_TIMEZONE_NOT_STATED_BY_SOURCE,,NOT_VERIFIED_DO_NOT_INFER,Vizela,Arouca,0,1,A,EVALUATION_ONLY_JOIN_AFTER_PREMATCH_FEATURE_FREEZE,2.04,3.3,3.8,EXTERNAL_HISTORICAL_MARKET_BENCHMARK,NOT_AVAILABLE,NOT_GOLDBET,d6603bc07c86609896da375570356a3a32ea88a334d473356cf590e61503c290,1486.5430105654593,1506.756683527854,-20.21367296239464,-0.40000000000000013,-1.0,-0.3999999999999999,35.53694684461061,11,11,False
88246086311e785535bd4da5,Primeira Liga,2022/2023,DEVELOPMENT,2022-11-05,18:00,MATCH_KICKOFF_TIME_TIMEZONE_NOT_STATED_BY_SOURCE,,NOT_VERIFIED_DO_NOT_INFER,Porto,Pacos Ferreira,4,0,H,EVALUATION_ONLY_JOIN_AFTER_PREMATCH_FEATURE_FREEZE,1.11,8.85,21.37,EXTERNAL_HISTORICAL_MARKET_BENCHMARK,NOT_AVAILABLE,NOT_GOLDBET,1fcdf31b1994cec379f97eaf0d5b6c7b4d5862fa06b5789f7912d8b6b3fdeb67,1545.6967014299578,1417.381732556926,128.31496887303183,1.2000000000000002,1.4,2.1999999999999997,49.2737974602087,11,11,False
abc790dc31f03cc962e02a66,Primeira Liga,2022/2023,DEVELOPMENT,2022-11-05,20:30,MATCH_KICKOFF_TIME_TIMEZONE_NOT_STATED_BY_SOURCE,,NOT_VERIFIED_DO_NOT_INFER,Sp Lisbon,Guimaraes,3,0,H,EVALUATION_ONLY_JOIN_AFTER_PREMATCH_FEATURE_FREEZE,1.4,4.73,7.34,EXTERNAL_HISTORICAL_MARKET_BENCHMARK,NOT_AVAILABLE,NOT_GOLDBET,f441deae39837d26eeaf7421b6e1b24bd6facfc5a5193a06611ffbc335db40bd,1520.4793687534561,1526.5141257847065,-6.034757031250365,-0.40000000000000013,0.0,1.0,1.95682219744117,11,11,False
cb4fb3775bfd8b8cb500342e,Primeira Liga,2022/2023,DEVELOPMENT,2022-11-06,15:30,MATCH_KICKOFF_TIME_TIMEZONE_NOT_STATED_BY_SOURCE,,NOT_VERIFIED_DO_NOT_INFER,Rio Ave,Boavista,1,0,H,EVALUATION_ONLY_JOIN_AFTER_PREMATCH_FEATURE_FREEZE,2.45,3.14,3.01,EXTERNAL_HISTORICAL_MARKET_BENCHMARK,NOT_AVAILABLE,NOT_GOLDBET,c8314d52deeae2c88379a86620fc24989609080f57990ec0a617708753ee1429,1488.3214905801942,1501.462767304747,-13.141276724552881,0.3999999999999999,0.6000000000000001,0.6000000000000001,29.236543563182295,11,11,False
c38622c78d8d5dc99e25ee33,Primeira Liga,2022/2023,DEVELOPMENT,2022-11-06,18:00,MATCH_KICKOFF_TIME_TIMEZONE_NOT_STATED_BY_SOURCE,,NOT_VERIFIED_DO_NOT_INFER,Maritimo,Famalicao,0,0,D,EVALUATION_ONLY_JOIN_AFTER_PREMATCH_FEATURE_FREEZE,2.73,3.14,2.68,EXTERNAL_HISTORICAL_MARKET_BENCHMARK,NOT_AVAILABLE,NOT_GOLDBET,1e223d6335668e65947479137e6911f23e0a90bff9486017d23506a989ca3113,1444.1700248198797,1468.5566802323249,-24.38665541244518,-0.19999999999999996,-1.0,0.0,6.636773037758076,11,11,False
60c20c378ebfaac485034df2,Primeira Liga,2022/2023,DEVELOPMENT,2022-11-06,18:00,MATCH_KICKOFF_TIME_TIMEZONE_NOT_STATED_BY_SOURCE,,NOT_VERIFIED_DO_NOT_INFER,Sp Braga,Casa Pia,0,1,A,EVALUATION_ONLY_JOIN_AFTER_PREMATCH_FEATURE_FREEZE,1.4,4.77,7.45,EXTERNAL_HISTORICAL_MARKET_BENCHMARK,NOT_AVAILABLE,NOT_GOLDBET,3989df268ea43bd6d05a37114f83ca05d222bf7c54d34099fcb0028b32c2ac6c,1552.5010834830732,1522.046292078446,30.454791404627258,0.0,0.2,0.0,17.544287025250014,11,11,False
2a36145c37e7e87f30fd6a9b,Primeira Liga,2022/2023,DEVELOPMENT,2022-11-06,20:30,MATCH_KICKOFF_TIME_TIMEZONE_NOT_STATED_BY_SOURCE,,NOT_VERIFIED_DO_NOT_INFER,Estoril,Benfica,1,5,A,EVALUATION_ONLY_JOIN_AFTER_PREMATCH_FEATURE_FREEZE,11.1,6.09,1.24,EXTERNAL_HISTORICAL_MARKET_BENCHMARK,NOT_AVAILABLE,NOT_GOLDBET,0479ad86f09f6a2b12c6c3a49a728026ec55db52963d188e95fcde67d9ef33a6,1509.9151474607168,1584.966963382749,-75.05181592203235,-1.4000000000000001,-2.8000000000000003,-1.6,7.774077030170929,11,11,False
9e7968bf81e04c8f9fa75fd5,Primeira Liga,2022/2023,DEVELOPMENT,2022-11-07,20:15,MATCH_KICKOFF_TIME_TIMEZONE_NOT_STATED_BY_SOURCE,,NOT_VERIFIED_DO_NOT_INFER,Chaves,Santa Clara,0,0,D,EVALUATION_ONLY_JOIN_AFTER_PREMATCH_FEATURE_FREEZE,2.39,3.04,3.21,EXTERNAL_HISTORICAL_MARKET_BENCHMARK,NOT_AVAILABLE,NOT_GOLDBET,747bbc54007655434bd410604377e5852649c4fe7e7cbf065fb2b0e4bc2adf3c,1505.3884601649227,1463.9935139779034,41.394946187019286,0.3999999999999999,-0.39999999999999997,0.6,28.132460492439577,11,11,False
54d04720e31da0815c39eb2e,Primeira Liga,2022/2023,DEVELOPMENT,2022-11-12,18:00,MATCH_KICKOFF_TIME_TIMEZONE_NOT_STATED_BY_SOURCE,,NOT_VERIFIED_DO_NOT_INFER,Arouca,Rio Ave,0,1,A,EVALUATION_ONLY_JOIN_AFTER_PREMATCH_FEATURE_FREEZE,2.31,3.14,3.28,EXTERNAL_HISTORICAL_MARKET_BENCHMARK,NOT_AVAILABLE,NOT_GOLDBET,dcd2eff83569ab155dba38599ecb0a4ae5c8793e09cdc7e9be6112eeb710752b,1517.8968465755358,1496.980906668842,20.915939906693893,0.40000000000000013,1.0,0.7999999999999999,-35.61995920927848,12,12,False
eff0331c0762f2da5d3a3e5f,Primeira Liga,2022/2023,DEVELOPMENT,2022-11-12,20:30,MATCH_KICKOFF_TIME_TIMEZONE_NOT_STATED_BY_SOURCE,,NOT_VERIFIED_DO_NOT_INFER,Boavista,Porto,1,4,A,EVALUATION_ONLY_JOIN_AFTER_PREMATCH_FEATURE_FREEZE,12.28,5.65,1.25,EXTERNAL_HISTORICAL_MARKET_BENCHMARK,NOT_AVAILABLE,NOT_GOLDBET,fdc29ae72a0ac28700ac4ad8cd2fd9563200fe8a615fccc033bf00dce0c65621,1492.8033512160994,1550.7515912945064,-57.948240078407025,-1.6,-2.8,0.0,-27.793730733144457,12,12,False
9fe2497e168874e3a79c3a05,Primeira Liga,2022/2023,DEVELOPMENT,2022-11-13,15:30,MATCH_KICKOFF_TIME_TIMEZONE_NOT_STATED_BY_SOURCE,,NOT_VERIFIED_DO_NOT_INFER,Guimaraes,Maritimo,1,0,H,EVALUATION_ONLY_JOIN_AFTER_PREMATCH_FEATURE_FREEZE,2.01,3.29,3.91,EXTERNAL_HISTORICAL_MARKET_BENCHMARK,NOT_AVAILABLE,NOT_GOLDBET,c398b35b1de0fcb17b82826cecc74d1d49bc6a47517d4092a1be535ab89fad3d,1518.054998680595,1443.148565338725,74.90643334187007,0.8,0.0,1.2,15.480551370065314,12,12,False
7a59a767e887619a84808d6f,Primeira Liga,2022/2023,DEVELOPMENT,2022-11-13,15:30,MATCH_KICKOFF_TIME_TIMEZONE_NOT_STATED_BY_SOURCE,,NOT_VERIFIED_DO_NOT_INFER,Pacos Ferreira,Vizela,0,2,A,EVALUATION_ONLY_JOIN_AFTER_PREMATCH_FEATURE_FREEZE,3.83,3.28,2.03,EXTERNAL_HISTORICAL_MARKET_BENCHMARK,NOT_AVAILABLE,NOT_GOLDBET,fb2ce7cee18cf65b56a4a9016ee9246ced440dae895b72b1aef55098c4513cb9,1412.3268426923773,1475.4028475177774,-63.076004825400105,-1.2,-1.4,-0.8,-17.13841467473867,12,12,False
6122cd99485f81c89e448e5e,Primeira Liga,2022/2023,DEVELOPMENT,2022-11-13,18:00,MATCH_KICKOFF_TIME_TIMEZONE_NOT_STATED_BY_SOURCE,,NOT_VERIFIED_DO_NOT_INFER,Benfica,Gil Vicente,3,1,H,EVALUATION_ONLY_JOIN_AFTER_PREMATCH_FEATURE_FREEZE,1.09,10.63,21.63,EXTERNAL_HISTORICAL_MARKET_BENCHMARK,NOT_AVAILABLE,NOT_GOLDBET,da7c70514eb23bfb56660c4ec1022aacb73d9f596867101d031b27795f964ebb,1594.5340081256043,1449.4386108385918,145.09539728701247,2.6,3.8,2.2,4.05122238289232,12,12,False
3f8196db57a5a9b2a9efa2bc,Primeira Liga,2022/2023,DEVELOPMENT,2022-11-13,18:00,MATCH_KICKOFF_TIME_TIMEZONE_NOT_STATED_BY_SOURCE,,NOT_VERIFIED_DO_NOT_INFER,Casa Pia,Chaves,1,2,A,EVALUATION_ONLY_JOIN_AFTER_PREMATCH_FEATURE_FREEZE,2.14,3.3,3.48,EXTERNAL_HISTORICAL_MARKET_BENCHMARK,NOT_AVAILABLE,NOT_GOLDBET,97165824ac54cc66fc3064ebe31950810a4d5809ee839a8c4279664ef3bce8b7,1534.5925190780433,1502.5502028214864,32.04231625655689,0.19999999999999996,0.4,0.8,-16.04411493834027,12,12,False
8fee1d8fed66367333dce5b3,Primeira Liga,2022/2023,DEVELOPMENT,2022-11-13,18:00,MATCH_KICKOFF_TIME_TIMEZONE_NOT_STATED_BY_SOURCE,,NOT_VERIFIED_DO_NOT_INFER,Portimonense,Sp Braga,1,2,A,EVALUATION_ONLY_JOIN_AFTER_PREMATCH_FEATURE_FREEZE,3.49,3.5,2.06,EXTERNAL_HISTORICAL_MARKET_BENCHMARK,NOT_AVAILABLE,NOT_GOLDBET,7bf635b69426eb73abb7d850124cfb42d84867dffcea2884ac4260bafeade373,1505.8673430580916,1539.9548564834759,-34.08751342538426,-0.3999999999999999,-0.19999999999999996,-0.3999999999999999,-12.760866541586893,12,12,False
9019a5375a0fadab76f31151,Primeira Liga,2022/2023,DEVELOPMENT,2022-11-13,20:30,MATCH_KICKOFF_TIME_TIMEZONE_NOT_STATED_BY_SOURCE,,NOT_VERIFIED_DO_NOT_INFER,Famalicao,Sp Lisbon,1,2,A,EVALUATION_ONLY_JOIN_AFTER_PREMATCH_FEATURE_FREEZE,6.14,3.83,1.58,EXTERNAL_HISTORICAL_MARKET_BENCHMARK,NOT_AVAILABLE,NOT_GOLDBET,758031804bf773b5a9edfb111ce6eec09fe984b76308d19d9ffd6537642480bc,1469.5781397134797,1528.9384958575677,-59.36035614408797,-1.0,-1.2,0.6000000000000001,-17.605457635929497,12,12,False
6465cf763ed4ab1c64944d50,Primeira Liga,2022/2023,DEVELOPMENT,2022-11-14,20:15,MATCH_KICKOFF_TIME_TIMEZONE_NOT_STATED_BY_SOURCE,,NOT_VERIFIED_DO_NOT_INFER,Santa Clara,Estoril,3,1,H,EVALUATION_ONLY_JOIN_AFTER_PREMATCH_FEATURE_FREEZE,2.25,3.14,3.38,EXTERNAL_HISTORICAL_MARKET_BENCHMARK,NOT_AVAILABLE,NOT_GOLDBET,7e68aaf29b65894421eff2f8d64a21e5020bd71abbbcac1bd058cafcef9e738e,1466.8317713213396,1500.3481027178616,-33.51633139652199,0.0,0.8,-1.2000000000000002,-9.561373193039799,12,12,False
5056c789c268ee73e2e8e040,Primeira Liga,2022/2023,DEVELOPMENT,2022-12-23,20:15,MATCH_KICKOFF_TIME_TIMEZONE_NOT_STATED_BY_SOURCE,,NOT_VERIFIED_DO_NOT_INFER,Rio Ave,Maritimo,1,1,D,EVALUATION_ONLY_JOIN_AFTER_PREMATCH_FEATURE_FREEZE,2.07,3.25,3.78,EXTERNAL_HISTORICAL_MARKET_BENCHMARK,NOT_AVAILABLE,NOT_GOLDBET,bed02293f98508775458c135d953e22476970a4135a73bbe9f15206a97a03a8d,1509.268641199135,1436.847433140271,72.42120805886384,0.6000000000000001,0.0,1.5999999999999999,34.01674330369701,13,13,False
ec0ae3d6f784d82df1b713af,Primeira Liga,2022/2023,DEVELOPMENT,2022-12-28,19:00,MATCH_KICKOFF_TIME_TIMEZONE_NOT_STATED_BY_SOURCE,,NOT_VERIFIED_DO_NOT_INFER,Portimonense,Casa Pia,1,2,A,EVALUATION_ONLY_JOIN_AFTER_PREMATCH_FEATURE_FREEZE,2.3,3.11,3.31,EXTERNAL_HISTORICAL_MARKET_BENCHMARK,NOT_AVAILABLE,NOT_GOLDBET,036733ae38e3421a0a9d86793510ecd1b9b31d5153ddb464f2624c6f95b02bf7,1495.1229015473664,1522.0036117711336,-26.88071022376721,-0.3999999999999999,-0.19999999999999996,-1.0,-2.7504205405505218,13,13,False
58785443fa5dacdc6c3560b8,Primeira Liga,2022/2023,DEVELOPMENT,2022-12-28,21:15,MATCH_KICKOFF_TIME_TIMEZONE_NOT_STATED_BY_SOURCE,,NOT_VERIFIED_DO_NOT_INFER,Porto,Arouca,5,1,H,EVALUATION_ONLY_JOIN_AFTER_PREMATCH_FEATURE_FREEZE,1.15,7.73,16.87,EXTERNAL_HISTORICAL_MARKET_BENCHMARK,NOT_AVAILABLE,NOT_GOLDBET,3a806d3e43b44587b8c4e0f22c55cfe36a36e4d4fff32097a5c8a3b93c252e66,1560.8106450056473,1505.609112045243,55.20153296040439,0.0,0.8,0.5999999999999999,6.9834096616993975,13,13,False
8a5714dcb3691ed928260076,Primeira Liga,2022/2023,DEVELOPMENT,2022-12-29,17:00,MATCH_KICKOFF_TIME_TIMEZONE_NOT_STATED_BY_SOURCE,,NOT_VERIFIED_DO_NOT_INFER,Gil Vicente,Santa Clara,1,0,H,EVALUATION_ONLY_JOIN_AFTER_PREMATCH_FEATURE_FREEZE,2.08,3.4,3.55,EXTERNAL_HISTORICAL_MARKET_BENCHMARK,NOT_AVAILABLE,NOT_GOLDBET,0fa218eefb51b05e2e029d4b94030047bd4d08f83113503c665199544cd47cc7,1444.73981051994,1476.0709829946704,-31.331172474730465,-1.6,-1.7999999999999998,-0.6000000000000001,17.049823308896976,13,13,False
f8317bd8a9e5d390fd205c2c,Primeira Liga,2022/2023,DEVELOPMENT,2022-12-29,21:15,MATCH_KICKOFF_TIME_TIMEZONE_NOT_STATED_BY_SOURCE,,NOT_VERIFIED_DO_NOT_INFER,Sp Lisbon,Pacos Ferreira,3,0,H,EVALUATION_ONLY_JOIN_AFTER_PREMATCH_FEATURE_FREEZE,1.15,7.9,16.71,EXTERNAL_HISTORICAL_MARKET_BENCHMARK,NOT_AVAILABLE,NOT_GOLDBET,885c9268bce54187116fff8c6c00a2c5f75ad08573181772f639aff9b57e69f0,1538.9569062668604,1402.415374914942,136.54153135191837,2.4,3.0,2.1999999999999997,10.803836090100276,13,13,False
278b87bc105872024bd5ea87,Primeira Liga,2022/2023,DEVELOPMENT,2022-12-30,17:00,MATCH_KICKOFF_TIME_TIMEZONE_NOT_STATED_BY_SOURCE,,NOT_VERIFIED_DO_NOT_INFER,Chaves,Famalicao,0,2,A,EVALUATION_ONLY_JOIN_AFTER_PREMATCH_FEATURE_FREEZE,2.59,3.05,2.92,EXTERNAL_HISTORICAL_MARKET_BENCHMARK,NOT_AVAILABLE,NOT_GOLDBET,b42d3225ee576a5e59855cb4511ec6d071a3ba6650f04572e1ea7e5324d9c518,1515.1391101283962,1459.559729304187,55.57938082420924,1.2,0.6000000000000001,1.2,36.057107217160365,13,13,False
85097558f53934b451371161,Primeira Liga,2022/2023,DEVELOPMENT,2022-12-30,19:00,MATCH_KICKOFF_TIME_TIMEZONE_NOT_STATED_BY_SOURCE,,NOT_VERIFIED_DO_NOT_INFER,Vizela,Guimaraes,3,0,H,EVALUATION_ONLY_JOIN_AFTER_PREMATCH_FEATURE_FREEZE,2.4,3.13,3.13,EXTERNAL_HISTORICAL_MARKET_BENCHMARK,NOT_AVAILABLE,NOT_GOLDBET,b3d23b701ff31866f2c2ea8e84bd60b12e434ce3258965eb0727f61ad66b4082,1485.3143152952127,1524.3561308790488,-39.04181558383607,-1.0,0.0,0.0,2.1893901038081367,13,13,False
3320beab8b8774db65f02c84,Primeira Liga,2022/2023,DEVELOPMENT,2022-12-30,21:15,MATCH_KICKOFF_TIME_TIMEZONE_NOT_STATED_BY_SOURCE,,NOT_VERIFIED_DO_NOT_INFER,Sp Braga,Benfica,3,0,H,EVALUATION_ONLY_JOIN_AFTER_PREMATCH_FEATURE_FREEZE,4.78,4.01,1.68,EXTERNAL_HISTORICAL_MARKET_BENCHMARK,NOT_AVAILABLE,NOT_GOLDBET,1baf88ff0f19d5ab5d3975916721a6d335f5005eed3348906dbeb24ff83c1e16,1550.699297994201,1599.232808444256,-48.53351045005502,-1.2,-2.4,-0.8,-2.8123981226294745,13,13,False
1183d5df4d326330d03b305f,Primeira Liga,2022/2023,DEVELOPMENT,2023-01-05,20:15,MATCH_KICKOFF_TIME_TIMEZONE_NOT_STATED_BY_SOURCE,,NOT_VERIFIED_DO_NOT_INFER,Santa Clara,Sp Braga,0,4,A,EVALUATION_ONLY_JOIN_AFTER_PREMATCH_FEATURE_FREEZE,6.23,3.84,1.57,EXTERNAL_HISTORICAL_MARKET_BENCHMARK,NOT_AVAILABLE,NOT_GOLDBET,12eab1e294d7521fcad913f9bf18b2658b160b8e88418832a2dde9057f933254,1466.8942704921828,1560.3693856681437,-93.47511517596081,-0.7999999999999998,-0.7999999999999999,-0.7999999999999998,-24.54791157011755,14,14,False
c354f150c51cf47564bd2a28,Primeira Liga,2022/2023,DEVELOPMENT,2023-01-06,19:00,MATCH_KICKOFF_TIME_TIMEZONE_NOT_STATED_BY_SOURCE,,NOT_VERIFIED_DO_NOT_INFER,Benfica,Portimonense,1,0,H,EVALUATION_ONLY_JOIN_AFTER_PREMATCH_FEATURE_FREEZE,1.16,7.49,16.18,EXTERNAL_HISTORICAL_MARKET_BENCHMARK,NOT_AVAILABLE,NOT_GOLDBET,fe9a8b42e5d63fb02251036494584a2e14eca07cb2d257ca52dff88c28821a72,1589.5627207703135,1484.1725286508888,105.39019211942468,1.5999999999999999,2.2,1.8,12.35831713766379,14,14,False
19d4ae302f5705c9adf54208,Primeira Liga,2022/2023,DEVELOPMENT,2023-01-06,21:15,MATCH_KICKOFF_TIME_TIMEZONE_NOT_STATED_BY_SOURCE,,NOT_VERIFIED_DO_NOT_INFER,Famalicao,Vizela,2,1,H,EVALUATION_ONLY_JOIN_AFTER_PREMATCH_FEATURE_FREEZE,2.6,3.07,2.89,EXTERNAL_HISTORICAL_MARKET_BENCHMARK,NOT_AVAILABLE,NOT_GOLDBET,2c5ac2f1f7fb5786211292f7d1d904bebd620a0f9781f7c60a35c05d334f83ce,1472.7688557347647,1494.711820866805,-21.9429651320404,0.0,-0.39999999999999997,0.40000000000000013,9.314871861596657,14,14,False
1366f83d50806b6ba01d5b04,Primeira Liga,2022/2023,DEVELOPMENT,2023-01-07,15:30,MATCH_KICKOFF_TIME_TIMEZONE_NOT_STATED_BY_SOURCE,,NOT_VERIFIED_DO_NOT_INFER,Arouca,Estoril,2,0,H,EVALUATION_ONLY_JOIN_AFTER_PREMATCH_FEATURE_FREEZE,2.31,3.22,3.2,EXTERNAL_HISTORICAL_MARKET_BENCHMARK,NOT_AVAILABLE,NOT_GOLDBET,f0bbec0c740d8372a11abd09235dd05e956cf5012ecb56e9aaf7096b1d8f0a9d,1498.8084797337315,1491.1088910445308,7.699588689200709,0.5999999999999999,0.7999999999999999,-0.20000000000000018,-12.371109084758473,14,13,False
47249d03f0de17dcf96bbd01,Primeira Liga,2022/2023,DEVELOPMENT,2023-01-07,18:00,MATCH_KICKOFF_TIME_TIMEZONE_NOT_STATED_BY_SOURCE,,NOT_VERIFIED_DO_NOT_INFER,Guimaraes,Rio Ave,0,0,D,EVALUATION_ONLY_JOIN_AFTER_PREMATCH_FEATURE_FREEZE,2.06,3.16,3.94,EXTERNAL_HISTORICAL_MARKET_BENCHMARK,NOT_AVAILABLE,NOT_GOLDBET,c35366eba2d799ee1588907eacd329730774c3af266356e0f8d2799e5820a112,1514.9586253074565,1505.6316801314842,9.326945175972241,-0.19999999999999996,-1.0,1.6,-7.83199860689092,14,14,False
f381b39614fd561e692316e0,Primeira Liga,2022/2023,DEVELOPMENT,2023-01-07,20:30,MATCH_KICKOFF_TIME_TIMEZONE_NOT_STATED_BY_SOURCE,,NOT_VERIFIED_DO_NOT_INFER,Casa Pia,Porto,0,0,D,EVALUATION_ONLY_JOIN_AFTER_PREMATCH_FEATURE_FREEZE,8.49,4.72,1.38,EXTERNAL_HISTORICAL_MARKET_BENCHMARK,NOT_AVAILABLE,NOT_GOLDBET,d852349ae7608c905e3cba6ed3c5ba25f0d57bd2f357a47b839d55fe4b1eeec2,1532.9539846676112,1567.6112773171587,-34.65729264954757,-0.19999999999999996,-2.0,-0.8000000000000003,24.301463394490384,14,14,False
17db535b9a50cf4e0e7564ad,Primeira Liga,2022/2023,DEVELOPMENT,2023-01-08,15:30,MATCH_KICKOFF_TIME_TIMEZONE_NOT_STATED_BY_SOURCE,,NOT_VERIFIED_DO_NOT_INFER,Pacos Ferreira,Chaves,1,1,D,EVALUATION_ONLY_JOIN_AFTER_PREMATCH_FEATURE_FREEZE,2.69,3.23,2.66,EXTERNAL_HISTORICAL_MARKET_BENCHMARK,NOT_AVAILABLE,NOT_GOLDBET,fa571122221eed5963e1028fb4316c7f213598d8af3cc172282e540ef12b3187,1397.5372593361403,1501.9299836978184,-104.39272436167812,-1.4,-1.4000000000000001,-1.0,-10.614688553703445,14,14,False
4c3d39995cb6d165684641eb,Primeira Liga,2022/2023,DEVELOPMENT,2023-01-08,18:00,MATCH_KICKOFF_TIME_TIMEZONE_NOT_STATED_BY_SOURCE,,NOT_VERIFIED_DO_NOT_INFER,Maritimo,Sp Lisbon,1,0,H,EVALUATION_ONLY_JOIN_AFTER_PREMATCH_FEATURE_FREEZE,8.85,4.88,1.36,EXTERNAL_HISTORICAL_MARKET_BENCHMARK,NOT_AVAILABLE,NOT_GOLDBET,e7ede1375df96023780ee65851391409c57f4495358cbbc640970ffc3aca6f34,1440.4843942079217,1543.8350218456621,-103.35062763774044,-1.2,-1.6,-1.4,0.7868675489260113,14,14,False
4facebb91a93fcf0a1bd06e0,Primeira Liga,2022/2023,DEVELOPMENT,2023-01-08,20:30,MATCH_KICKOFF_TIME_TIMEZONE_NOT_STATED_BY_SOURCE,,NOT_VERIFIED_DO_NOT_INFER,Boavista,Gil Vicente,1,0,H,EVALUATION_ONLY_JOIN_AFTER_PREMATCH_FEATURE_FREEZE,2.44,3.25,2.95,EXTERNAL_HISTORICAL_MARKET_BENCHMARK,NOT_AVAILABLE,NOT_GOLDBET,dacf14f4ab3be4b7ca6c7bb3c5c54712d6a8f6e311a99822692485a3a926aa5b,1482.7442975049585,1453.9165230224276,28.827774482530913,-0.19999999999999996,0.0,0.8,-30.023891025411103,13,14,False
295f69189c2694e3a6ab56ef,Primeira Liga,2022/2023,DEVELOPMENT,2023-01-13,20:15,MATCH_KICKOFF_TIME_TIMEZONE_NOT_STATED_BY_SOURCE,,NOT_VERIFIED_DO_NOT_INFER,Portimonense,Santa Clara,0,0,D,EVALUATION_ONLY_JOIN_AFTER_PREMATCH_FEATURE_FREEZE,2.14,3.19,3.57,EXTERNAL_HISTORICAL_MARKET_BENCHMARK,NOT_AVAILABLE,NOT_GOLDBET,adc9ef1aaa835d17e02e58adeab08e99f688389b53f77912e08a90c65f11633d,1478.6031240436894,1457.8547913737336,20.748332669955744,-0.19999999999999996,0.19999999999999996,0.0,12.603408433421691,15,15,False
e260a8a5b8b7208f94438f2b,Primeira Liga,2022/2023,DEVELOPMENT,2023-01-14,15:30,MATCH_KICKOFF_TIME_TIMEZONE_NOT_STATED_BY_SOURCE,,NOT_VERIFIED_DO_NOT_INFER,Vizela,Maritimo,3,0,H,EVALUATION_ONLY_JOIN_AFTER_PREMATCH_FEATURE_FREEZE,1.86,3.5,4.33,EXTERNAL_HISTORICAL_MARKET_BENCHMARK,NOT_AVAILABLE,NOT_GOLDBET,83ab87d269e77b9595c0d5e6b9c8bba2985679d004d474c29837f09d617e7967,1485.8028304317934,1451.7256906062605,34.07713982553287,-0.20000000000000018,0.39999999999999997,0.19999999999999996,-9.757839357573175,15,15,False
905a2e526ecbe8e09b119b10,Primeira Liga,2022/2023,DEVELOPMENT,2023-01-14,18:00,MATCH_KICKOFF_TIME_TIMEZONE_NOT_STATED_BY_SOURCE,,NOT_VERIFIED_DO_NOT_INFER,Rio Ave,Pacos Ferreira,0,1,A,EVALUATION_ONLY_JOIN_AFTER_PREMATCH_FEATURE_FREEZE,2.14,3.15,3.65,EXTERNAL_HISTORICAL_MARKET_BENCHMARK,NOT_AVAILABLE,NOT_GOLDBET,093e9861c1e869ce09564eaf2ef21afa44a88b5788e5d3ee0c80495348b0397e,1507.6010024086518,1398.808076457874,108.79292595077777,1.4000000000000001,2.2,1.8,-1.8244526211776702,15,15,False
a70a4d838f3a6683b640baba,Primeira Liga,2022/2023,DEVELOPMENT,2023-01-14,20:30,MATCH_KICKOFF_TIME_TIMEZONE_NOT_STATED_BY_SOURCE,,NOT_VERIFIED_DO_NOT_INFER,Sp Braga,Boavista,1,0,H,EVALUATION_ONLY_JOIN_AFTER_PREMATCH_FEATURE_FREEZE,1.31,5.42,9.47,EXTERNAL_HISTORICAL_MARKET_BENCHMARK,NOT_AVAILABLE,NOT_GOLDBET,968658cb1820a9449f55800876c59c7482031dd696177060f94b354b56b351b3,1569.4088647865929,1490.2419157048034,79.16694908178943,1.5999999999999999,2.4000000000000004,1.2000000000000002,15.087256233290645,15,14,False
fd8afde8868bd57049ea8b47,Primeira Liga,2022/2023,DEVELOPMENT,2023-01-15,15:30,MATCH_KICKOFF_TIME_TIMEZONE_NOT_STATED_BY_SOURCE,,NOT_VERIFIED_DO_NOT_INFER,Chaves,Arouca,1,1,D,EVALUATION_ONLY_JOIN_AFTER_PREMATCH_FEATURE_FREEZE,2.41,3.19,3.04,EXTERNAL_HISTORICAL_MARKET_BENCHMARK,NOT_AVAILABLE,NOT_GOLDBET,922d08425ad2d4c6a84dfced5038d6098a4bd66a17e345a37ad8f75035055046,1500.6591665760848,1506.8842212517168,-6.225054675632009,-0.8,-1.0,0.0,-26.196502114848954,15,15,False
1e0f478113f603439db7c8bb,Primeira Liga,2022/2023,DEVELOPMENT,2023-01-15,18:00,MATCH_KICKOFF_TIME_TIMEZONE_NOT_STATED_BY_SOURCE,,NOT_VERIFIED_DO_NOT_INFER,Benfica,Sp Lisbon,2,2,D,EVALUATION_ONLY_JOIN_AFTER_PREMATCH_FEATURE_FREEZE,1.85,3.61,4.18,EXTERNAL_HISTORICAL_MARKET_BENCHMARK,NOT_AVAILABLE,NOT_GOLDBET,4ee92f9dddc3624a827b1a6bb0bc47bee027b3eaca8911a2dd6987fa4781d572,1595.132125377513,1532.5937254473233,62.5383999301896,0.5999999999999999,0.8,1.8,33.915000115149724,15,15,False
f72b18512f40feadfd9010dd,Primeira Liga,2022/2023,DEVELOPMENT,2023-01-15,20:30,MATCH_KICKOFF_TIME_TIMEZONE_NOT_STATED_BY_SOURCE,,NOT_VERIFIED_DO_NOT_INFER,Porto,Famalicao,4,1,H,EVALUATION_ONLY_JOIN_AFTER_PREMATCH_FEATURE_FREEZE,1.19,6.61,15.2,EXTERNAL_HISTORICAL_MARKET_BENCHMARK,NOT_AVAILABLE,NOT_GOLDBET,c7391753ab96175aefc5d787be8af3b9ac1d496e571423c709a9cc29fcd179fe,1568.3394081721333,1481.6778461697763,86.66156200235696,0.8000000000000003,2.0,1.5999999999999999,-18.058874236176734,15,15,False
5e08202649702c1ec04fae36,Primeira Liga,2022/2023,DEVELOPMENT,2023-01-16,19:00,MATCH_KICKOFF_TIME_TIMEZONE_NOT_STATED_BY_SOURCE,,NOT_VERIFIED_DO_NOT_INFER,Estoril,Casa Pia,2,0,H,EVALUATION_ONLY_JOIN_AFTER_PREMATCH_FEATURE_FREEZE,3.01,2.99,2.52,EXTERNAL_HISTORICAL_MARKET_BENCHMARK,NOT_AVAILABLE,NOT_GOLDBET,1ec09cef5ba61700f99e4a0c22c1d5b3caead301b292313d96c0e72467af3fa4,1483.0331495265455,1532.2258538126366,-49.19270428609116,-1.8,-2.4,-2.0,-7.0547712757470435,14,15,False
3e31ba06c5a94f209c88563d,Primeira Liga,2022/2023,DEVELOPMENT,2023-01-16,21:15,MATCH_KICKOFF_TIME_TIMEZONE_NOT_STATED_BY_SOURCE,,NOT_VERIFIED_DO_NOT_INFER,Gil Vicente,Guimaraes,2,1,H,EVALUATION_ONLY_JOIN_AFTER_PREMATCH_FEATURE_FREEZE,2.47,3.09,3.04,EXTERNAL_HISTORICAL_MARKET_BENCHMARK,NOT_AVAILABLE,NOT_GOLDBET,c5bb1a245fd971b8c2bacbdb743ace25590638014717377c90aa918f49e42cbb,1446.4189048225826,1512.989303030289,-66.57039820770638,-0.7999999999999999,0.0,0.0,32.229207581780656,15,15,False
e600b2799b7e78db543b5f93,Primeira Liga,2022/2023,DEVELOPMENT,2023-01-20,19:00,MATCH_KICKOFF_TIME_TIMEZONE_NOT_STATED_BY_SOURCE,,NOT_VERIFIED_DO_NOT_INFER,Arouca,Portimonense,4,0,H,EVALUATION_ONLY_JOIN_AFTER_PREMATCH_FEATURE_FREEZE,2.21,3.25,3.31,EXTERNAL_HISTORICAL_MARKET_BENCHMARK,NOT_AVAILABLE,NOT_GOLDBET,9c314ce1c97b0fdce1b1d5ccdccdd6ea7f51b47a8f6037c083a611983e2da1c1,1508.4197465350555,1476.3199616601048,32.09978487495073,0.5999999999999999,0.0,1.4,-6.686106002201768,16,16,False
1020f3929b9df07e49e68b28,Primeira Liga,2022/2023,DEVELOPMENT,2023-01-20,21:15,MATCH_KICKOFF_TIME_TIMEZONE_NOT_STATED_BY_SOURCE,,NOT_VERIFIED_DO_NOT_INFER,Sp Lisbon,Vizela,2,1,H,EVALUATION_ONLY_JOIN_AFTER_PREMATCH_FEATURE_FREEZE,1.29,5.64,9.87,EXTERNAL_HISTORICAL_MARKET_BENCHMARK,NOT_AVAILABLE,NOT_GOLDBET,5eff8aa683459ac368460e6dbb3c8014afef8ae6e5e194fc3fb73a981672f7db,1535.9813497971681,1493.1593649559088,42.82198484125934,0.19999999999999996,0.0,1.6,13.237991311651285,16,16,False
814571fcfe480b913c323843,Primeira Liga,2022/2023,DEVELOPMENT,2023-01-21,15:30,MATCH_KICKOFF_TIME_TIMEZONE_NOT_STATED_BY_SOURCE,,NOT_VERIFIED_DO_NOT_INFER,Pacos Ferreira,Sp Braga,1,2,A,EVALUATION_ONLY_JOIN_AFTER_PREMATCH_FEATURE_FREEZE,7.54,4.64,1.41,EXTERNAL_HISTORICAL_MARKET_BENCHMARK,NOT_AVAILABLE,NOT_GOLDBET,fc64f7ce67519f32bae009cdc788c8d07d7f5d6d0f4e3c68a1340b25413d9b3d,1413.3170423177082,1575.604630124508,-162.28758780679982,-1.5999999999999999,-3.2,-2.0,-2.939037691342719,16,16,False
92a2514b1046ca915462b1e0,Primeira Liga,2022/2023,DEVELOPMENT,2023-01-21,18:00,MATCH_KICKOFF_TIME_TIMEZONE_NOT_STATED_BY_SOURCE,,NOT_VERIFIED_DO_NOT_INFER,Santa Clara,Benfica,0,3,A,EVALUATION_ONLY_JOIN_AFTER_PREMATCH_FEATURE_FREEZE,12,5.76,1.25,EXTERNAL_HISTORICAL_MARKET_BENCHMARK,NOT_AVAILABLE,NOT_GOLDBET,738cd2677b6f923488283b92ff7998faa9de757aec076d77cf719ee08e896855,1460.1379537573182,1591.744501027668,-131.6065472703499,-1.0,-1.4,-1.0,-7.474085455432942,16,16,False
a6e9af4b59eb895b9b34bd80,Primeira Liga,2022/2023,DEVELOPMENT,2023-01-21,20:30,MATCH_KICKOFF_TIME_TIMEZONE_NOT_STATED_BY_SOURCE,,NOT_VERIFIED_DO_NOT_INFER,Guimaraes,Porto,0,1,A,EVALUATION_ONLY_JOIN_AFTER_PREMATCH_FEATURE_FREEZE,10.05,5.24,1.31,EXTERNAL_HISTORICAL_MARKET_BENCHMARK,NOT_AVAILABLE,NOT_GOLDBET,11e891f2cba0b8d5277f2d938c75e883e4a2079c50ca0ed68497b3e4e9b914f5,1502.8002143089604,1574.352209347442,-71.55199503848166,-1.8,-4.0,0.40000000000000013,-5.886638462839073,16,16,False
96faf37adfe9037d36a49b92,Primeira Liga,2022/2023,DEVELOPMENT,2023-01-22,15:30,MATCH_KICKOFF_TIME_TIMEZONE_NOT_STATED_BY_SOURCE,,NOT_VERIFIED_DO_NOT_INFER,Maritimo,Estoril,1,0,H,EVALUATION_ONLY_JOIN_AFTER_PREMATCH_FEATURE_FREEZE,2.61,3.02,2.91,EXTERNAL_HISTORICAL_MARKET_BENCHMARK,NOT_AVAILABLE,NOT_GOLDBET,066d3396bdb8921277c3da4d66cc4a1eeaacac57844b34861f82ba4620cd73a6,1444.369156082145,1492.7221908371405,-48.353034754995406,0.19999999999999996,0.6,0.0,-10.767177667735723,16,15,False
6725daca7dbaad77fc9b7990,Primeira Liga,2022/2023,DEVELOPMENT,2023-01-22,18:00,MATCH_KICKOFF_TIME_TIMEZONE_NOT_STATED_BY_SOURCE,,NOT_VERIFIED_DO_NOT_INFER,Casa Pia,Gil Vicente,1,3,A,EVALUATION_ONLY_JOIN_AFTER_PREMATCH_FEATURE_FREEZE,2.28,3.22,3.27,EXTERNAL_HISTORICAL_MARKET_BENCHMARK,NOT_AVAILABLE,NOT_GOLDBET,5b2ab5c290274cd0635ded149b0b2cf7badc65a173e171b202718d59d8706aa4,1522.5368125020416,1456.607993543911,65.92881895813048,0.19999999999999996,0.2,0.7999999999999999,7.866247723268316,16,16,False
52c6a9315608df9cedfaf0b8,Primeira Liga,2022/2023,DEVELOPMENT,2023-01-22,20:30,MATCH_KICKOFF_TIME_TIMEZONE_NOT_STATED_BY_SOURCE,,NOT_VERIFIED_DO_NOT_INFER,Famalicao,Rio Ave,0,0,D,EVALUATION_ONLY_JOIN_AFTER_PREMATCH_FEATURE_FREEZE,2.12,3.11,3.78,EXTERNAL_HISTORICAL_MARKET_BENCHMARK,NOT_AVAILABLE,NOT_GOLDBET,fce26f65656d27cbf808fa6628985cc0f401444898727dfb2eafbdc8554675e2,1475.6650449944675,1493.0920365488175,-17.426991554350025,-0.20000000000000018,-0.4,0.8,36.265022211779296,16,16,False
17ee724d450bb0bbd2ef62ec,Primeira Liga,2022/2023,DEVELOPMENT,2023-01-23,20:15,MATCH_KICKOFF_TIME_TIMEZONE_NOT_STATED_BY_SOURCE,,NOT_VERIFIED_DO_NOT_INFER,Boavista,Chaves,1,1,D,EVALUATION_ONLY_JOIN_AFTER_PREMATCH_FEATURE_FREEZE,2.04,3.22,3.92,EXTERNAL_HISTORICAL_MARKET_BENCHMARK,NOT_AVAILABLE,NOT_GOLDBET,3a5e6f56063dda39c72c3181f26d5ef7d35e7ac13202b4821a07d93be2546104,1484.0461503668882,1499.123641292746,-15.077490925857774,-0.3999999999999999,-0.6000000000000001,0.20000000000000018,36.825506532670715,15,16,False
66f59c4c6256d3bc77369228,Primeira Liga,2022/2023,DEVELOPMENT,2023-01-26,20:15,MATCH_KICKOFF_TIME_TIMEZONE_NOT_STATED_BY_SOURCE,,NOT_VERIFIED_DO_NOT_INFER,Pacos Ferreira,Benfica,0,2,A,EVALUATION_ONLY_JOIN_AFTER_PREMATCH_FEATURE_FREEZE,17.47,7.05,1.17,EXTERNAL_HISTORICAL_MARKET_BENCHMARK,NOT_AVAILABLE,NOT_GOLDBET,7ee58dfe0603e12210648ad2d3cfeb4bd5331898a78a4fb38d8cdfdb3b2d4e11,1406.1789049918589,1599.7121934092472,-193.53328841738835,-1.2,-1.6,-1.8,24.49065066545859,17,17,False
b873d59b1774ced681c4f389,Primeira Liga,2022/2023,DEVELOPMENT,2023-01-29,15:30,MATCH_KICKOFF_TIME_TIMEZONE_NOT_STATED_BY_SOURCE,,NOT_VERIFIED_DO_NOT_INFER,Casa Pia,Santa Clara,2,1,H,EVALUATION_ONLY_JOIN_AFTER_PREMATCH_FEATURE_FREEZE,1.98,3.08,4.41,EXTERNAL_HISTORICAL_MARKET_BENCHMARK,NOT_AVAILABLE,NOT_GOLDBET,dc86fb0c9a478257df5b748c0b099d95948b2089650101acb95af8d88884d4fe,1509.0630901530305,1452.170261375739,56.89282877729147,0.0,0.3999999999999999,-0.19999999999999996,-14.175879844166957,17,17,False
c811c1268947111f495cbbde,Primeira Liga,2022/2023,DEVELOPMENT,2023-01-29,15:30,MATCH_KICKOFF_TIME_TIMEZONE_NOT_STATED_BY_SOURCE,,NOT_VERIFIED_DO_NOT_INFER,Vizela,Rio Ave,3,1,H,EVALUATION_ONLY_JOIN_AFTER_PREMATCH_FEATURE_FREEZE,1.99,3.3,3.94,EXTERNAL_HISTORICAL_MARKET_BENCHMARK,NOT_AVAILABLE,NOT_GOLDBET,9aef4bcac1ae91f26060fe4db55c5a127a4df6fd7215b2cf04f204ec9dd0b549,1486.0353428300766,1494.3112900411072,-8.275947211030598,0.6000000000000001,1.2,0.8,10.596568646803007,17,17,False
ae5ee21c60ecc2b437260988,Primeira Liga,2022/2023,DEVELOPMENT,2023-01-29,18:00,MATCH_KICKOFF_TIME_TIMEZONE_NOT_STATED_BY_SOURCE,,NOT_VERIFIED_DO_NOT_INFER,Boavista,Portimonense,4,2,H,EVALUATION_ONLY_JOIN_AFTER_PREMATCH_FEATURE_FREEZE,1.99,3.25,4.09,EXTERNAL_HISTORICAL_MARKET_BENCHMARK,NOT_AVAILABLE,NOT_GOLDBET,df6efc58cc80b207eb4e8457ffd36e36800df166c0670dc35695ec5515722e34,1482.7603339920672,1468.9104121169958,13.849921875071459,0.6000000000000001,0.5999999999999999,0.6,-11.254723191448875,16,17,False
95e1731ac60465aa971d699d,Primeira Liga,2022/2023,DEVELOPMENT,2023-01-29,20:30,MATCH_KICKOFF_TIME_TIMEZONE_NOT_STATED_BY_SOURCE,,NOT_VERIFIED_DO_NOT_INFER,Famalicao,Estoril,1,0,H,EVALUATION_ONLY_JOIN_AFTER_PREMATCH_FEATURE_FREEZE,2.01,3.21,4.04,EXTERNAL_HISTORICAL_MARKET_BENCHMARK,NOT_AVAILABLE,NOT_GOLDBET,fe914a3655e63a9ea8821e83897e33901cfc90166731e138c471d1ab5b7afe15,1474.4457915021778,1483.0572919280594,-8.611500425881559,0.7999999999999999,1.2,1.2,14.603729448223476,17,16,False
a591c83a5a9fde1d5dda027c,Primeira Liga,2022/2023,DEVELOPMENT,2023-01-30,20:15,MATCH_KICKOFF_TIME_TIMEZONE_NOT_STATED_BY_SOURCE,,NOT_VERIFIED_DO_NOT_INFER,Guimaraes,Chaves,2,1,H,EVALUATION_ONLY_JOIN_AFTER_PREMATCH_FEATURE_FREEZE,1.94,3.31,4.17,EXTERNAL_HISTORICAL_MARKET_BENCHMARK,NOT_AVAILABLE,NOT_GOLDBET,d902feef03e546bebe99f5352fbf9109d9145727aeb3accab04f2107a3650515,1493.132584982144,1500.409457667567,-7.276872685423086,-0.3999999999999999,-0.6000000000000001,0.3999999999999999,14.449159119694286,17,17,False
ae27fd9af86a720689e87ed8,Primeira Liga,2022/2023,DEVELOPMENT,2023-01-31,19:00,MATCH_KICKOFF_TIME_TIMEZONE_NOT_STATED_BY_SOURCE,,NOT_VERIFIED_DO_NOT_INFER,Pacos Ferreira,Gil Vicente,2,1,H,EVALUATION_ONLY_JOIN_AFTER_PREMATCH_FEATURE_FREEZE,3.01,3.22,2.41,EXTERNAL_HISTORICAL_MARKET_BENCHMARK,NOT_AVAILABLE,NOT_GOLDBET,b6e894cf8a541a19d9e64e491d562384cb3f53f08e23b70c3e9a0647a1624236,1399.8436080291203,1470.0817158929221,-70.23810786380182,-1.0,-1.2,-0.39999999999999997,26.985862349904437,18,17,False
26d7ce55b37608fe4a83aff9,Primeira Liga,2022/2023,DEVELOPMENT,2023-01-31,21:15,MATCH_KICKOFF_TIME_TIMEZONE_NOT_STATED_BY_SOURCE,,NOT_VERIFIED_DO_NOT_INFER,Arouca,Benfica,0,3,A,EVALUATION_ONLY_JOIN_AFTER_PREMATCH_FEATURE_FREEZE,9.39,5.12,1.32,EXTERNAL_HISTORICAL_MARKET_BENCHMARK,NOT_AVAILABLE,NOT_GOLDBET,b2055d15547e710be00860ca16a690b89e4274726b920e069ea110c685256684,1515.8292960781646,1606.0474903719858,-90.21819429382117,-0.6000000000000001,-0.39999999999999997,0.0,18.419432022724095,17,18,False
c2ae4b373c0e4cc48929923d,Primeira Liga,2022/2023,DEVELOPMENT,2023-02-01,19:00,MATCH_KICKOFF_TIME_TIMEZONE_NOT_STATED_BY_SOURCE,,NOT_VERIFIED_DO_NOT_INFER,Maritimo,Porto,0,2,A,EVALUATION_ONLY_JOIN_AFTER_PREMATCH_FEATURE_FREEZE,11.94,5.57,1.26,EXTERNAL_HISTORICAL_MARKET_BENCHMARK,NOT_AVAILABLE,NOT_GOLDBET,e2b4f817ffb079cf19ee2247a5ef644d2caa2cd6a85da0c09bde74448d061627,1454.0340549912262,1584.0198386742586,-129.98578368303242,-1.2000000000000002,-2.6,-0.6000000000000001,6.767834917327036,17,17,False
cfc39d9d3e061cbcf5aa5088,Primeira Liga,2022/2023,DEVELOPMENT,2023-02-01,21:15,MATCH_KICKOFF_TIME_TIMEZONE_NOT_STATED_BY_SOURCE,,NOT_VERIFIED_DO_NOT_INFER,Sp Lisbon,Sp Braga,5,0,H,EVALUATION_ONLY_JOIN_AFTER_PREMATCH_FEATURE_FREEZE,1.88,3.61,4.06,EXTERNAL_HISTORICAL_MARKET_BENCHMARK,NOT_AVAILABLE,NOT_GOLDBET,56bacfdf9199ea0b4dd9fc213aac8a7d073fad35746dcd585cfc9b48370c74ab,1543.1053719230003,1582.7427674503574,-39.63739552735706,-1.0,-1.2,0.0,-14.956796169455629,17,17,False
0fcc3f5074a623e99ac524f8,Primeira Liga,2022/2023,DEVELOPMENT,2023-02-04,15:30,MATCH_KICKOFF_TIME_TIMEZONE_NOT_STATED_BY_SOURCE,,NOT_VERIFIED_DO_NOT_INFER,Santa Clara,Boavista,2,2,D,EVALUATION_ONLY_JOIN_AFTER_PREMATCH_FEATURE_FREEZE,2.82,2.95,2.77,EXTERNAL_HISTORICAL_MARKET_BENCHMARK,NOT_AVAILABLE,NOT_GOLDBET,3509570d57590626c2d33e0e7851307510d73601ad643026a347831fc2669649,1445.41325737664,1490.6662057433573,-45.25294836671719,-1.2,-1.6,0.20000000000000007,8.481775779840518,18,17,False
5b900877bce5f3bda0e293f0,Primeira Liga,2022/2023,DEVELOPMENT,2023-02-04,18:00,MATCH_KICKOFF_TIME_TIMEZONE_NOT_STATED_BY_SOURCE,,NOT_VERIFIED_DO_NOT_INFER,Benfica,Casa Pia,3,0,H,EVALUATION_ONLY_JOIN_AFTER_PREMATCH_FEATURE_FREEZE,1.23,6.07,13.34,EXTERNAL_HISTORICAL_MARKET_BENCHMARK,NOT_AVAILABLE,NOT_GOLDBET,2ab97060578e56e46704a02da94692a1361bb8ac46f00ceef6ace0b81ec87804,1615.1799273245763,1515.8200941521295,99.35983317244677,1.2000000000000002,2.2,0.8,-11.126634877033439,19,18,False
f4168f33bf40b08ae978c9df,Primeira Liga,2022/2023,DEVELOPMENT,2023-02-04,20:30,MATCH_KICKOFF_TIME_TIMEZONE_NOT_STATED_BY_SOURCE,,NOT_VERIFIED_DO_NOT_INFER,Estoril,Guimaraes,0,1,A,EVALUATION_ONLY_JOIN_AFTER_PREMATCH_FEATURE_FREEZE,2.67,3.04,2.83,EXTERNAL_HISTORICAL_MARKET_BENCHMARK,NOT_AVAILABLE,NOT_GOLDBET,5604a74aef862e2ade970d5ef25abb670d55fdda29d1d1bbe49ed558e5e2c7ff,1474.5256795644334,1501.6266333058647,-27.10095374143134,-0.20000000000000007,0.0,0.0,-19.089102962451534,17,18,False
22640fa9c210a8c7815057cd,Primeira Liga,2022/2023,DEVELOPMENT,2023-02-05,15:30,MATCH_KICKOFF_TIME_TIMEZONE_NOT_STATED_BY_SOURCE,,NOT_VERIFIED_DO_NOT_INFER,Chaves,Maritimo,2,1,H,EVALUATION_ONLY_JOIN_AFTER_PREMATCH_FEATURE_FREEZE,2.22,3.15,3.47,EXTERNAL_HISTORICAL_MARKET_BENCHMARK,NOT_AVAILABLE,NOT_GOLDBET,02a9a684e4269045b76a4f4379c483fd0856dabcd4a6d7a6c0277697012fb7e9,1491.9154093438462,1446.0215979140016,45.89381142984462,-0.7999999999999999,0.0,0.19999999999999996,-54.89771554938238,18,18,False
77dafcbe96cb1de3811e07f2,Primeira Liga,2022/2023,DEVELOPMENT,2023-02-05,15:30,MATCH_KICKOFF_TIME_TIMEZONE_NOT_STATED_BY_SOURCE,,NOT_VERIFIED_DO_NOT_INFER,Sp Braga,Famalicao,4,1,H,EVALUATION_ONLY_JOIN_AFTER_PREMATCH_FEATURE_FREEZE,1.53,4.03,6.4,EXTERNAL_HISTORICAL_MARKET_BENCHMARK,NOT_AVAILABLE,NOT_GOLDBET,9a8487a52f9be5d3547b81ecde3398e7863044ddb4bfee950a9a287a924687b8,1573.3281801885369,1482.9774038658038,90.35077632273305,0.3999999999999999,0.6000000000000001,1.0,-8.309651752452055,18,18,False
6daa26f33d16be4233021a08,Primeira Liga,2022/2023,DEVELOPMENT,2023-02-05,18:00,MATCH_KICKOFF_TIME_TIMEZONE_NOT_STATED_BY_SOURCE,,NOT_VERIFIED_DO_NOT_INFER,Porto,Vizela,2,0,H,EVALUATION_ONLY_JOIN_AFTER_PREMATCH_FEATURE_FREEZE,1.24,6.11,12.44,EXTERNAL_HISTORICAL_MARKET_BENCHMARK,NOT_AVAILABLE,NOT_GOLDBET,7426629066e031bba2203cd84352f9f1f2a46aba7fee706dbc00c48bdac11141,1592.0322957514832,1494.5575067808086,97.47478897067458,0.8,0.8,1.0,-0.41362097510636886,18,18,False
b8d5694a6d938a24c5865a5c,Primeira Liga,2022/2023,DEVELOPMENT,2023-02-05,20:30,MATCH_KICKOFF_TIME_TIMEZONE_NOT_STATED_BY_SOURCE,,NOT_VERIFIED_DO_NOT_INFER,Gil Vicente,Arouca,1,1,D,EVALUATION_ONLY_JOIN_AFTER_PREMATCH_FEATURE_FREEZE,2.19,3.32,3.37,EXTERNAL_HISTORICAL_MARKET_BENCHMARK,NOT_AVAILABLE,NOT_GOLDBET,ae7c1fe8c6d7b49daf547f6cab874817732c65191f6ae257a96c919441c82980,1459.7871247247683,1506.696859125574,-46.909734400805746,0.40000000000000013,0.6000000000000001,0.0,-48.15223011945454,18,18,False
d10ec3a6eb3b11245a671b76,Primeira Liga,2022/2023,DEVELOPMENT,2023-02-06,19:00,MATCH_KICKOFF_TIME_TIMEZONE_NOT_STATED_BY_SOURCE,,NOT_VERIFIED_DO_NOT_INFER,Portimonense,Pacos Ferreira,1,0,H,EVALUATION_ONLY_JOIN_AFTER_PREMATCH_FEATURE_FREEZE,2.31,3.11,3.32,EXTERNAL_HISTORICAL_MARKET_BENCHMARK,NOT_AVAILABLE,NOT_GOLDBET,9cde6ce009a06aedec42470730570be6c811c2592b663bcdb5831a1696a9bad9,1461.0045403657057,1410.1381991972742,50.86634116843152,-1.2,-1.4000000000000001,-0.4,-18.86566421816883,18,19,False
71de7efcc5d4fbf69d0b7238,Primeira Liga,2022/2023,DEVELOPMENT,2023-02-06,21:15,MATCH_KICKOFF_TIME_TIMEZONE_NOT_STATED_BY_SOURCE,,NOT_VERIFIED_DO_NOT_INFER,Rio Ave,Sp Lisbon,0,1,A,EVALUATION_ONLY_JOIN_AFTER_PREMATCH_FEATURE_FREEZE,9.39,4.66,1.35,EXTERNAL_HISTORICAL_MARKET_BENCHMARK,NOT_AVAILABLE,NOT_GOLDBET,01f7c5f09123655129064cda6a4565f32052aa473e1dfa2ddea6c98e02a38e7e,1485.7891260903752,1552.519959184821,-66.73083309444564,-1.4,-2.2,0.6000000000000001,-40.323900835299355,18,18,False
e68caba2180b9f5487033448,Primeira Liga,2022/2023,DEVELOPMENT,2023-02-09,18:00,MATCH_KICKOFF_TIME_TIMEZONE_NOT_STATED_BY_SOURCE,,NOT_VERIFIED_DO_NOT_INFER,Estoril,Boavista,2,1,H,EVALUATION_ONLY_JOIN_AFTER_PREMATCH_FEATURE_FREEZE,2.8,3,2.73,EXTERNAL_HISTORICAL_MARKET_BENCHMARK,NOT_AVAILABLE,NOT_GOLDBET,a85021d046816fd2d163729be362f07da00ab16e3caae278f0557dddaef151ac,1463.5815889081352,1491.0904052916726,-27.50881638353735,-1.0,-1.0,0.6000000000000001,2.9406431682307357,18,18,False
e350791f76981f99a457b38c,Primeira Liga,2022/2023,DEVELOPMENT,2023-02-10,20:15,MATCH_KICKOFF_TIME_TIMEZONE_NOT_STATED_BY_SOURCE,,NOT_VERIFIED_DO_NOT_INFER,Vizela,Chaves,0,0,D,EVALUATION_ONLY_JOIN_AFTER_PREMATCH_FEATURE_FREEZE,1.72,3.71,4.95,EXTERNAL_HISTORICAL_MARKET_BENCHMARK,NOT_AVAILABLE,NOT_GOLDBET,7b67ca5494b58069b7d2fbe11cfa565412ce4a0b6eae5d61a2c07ab4f8232466,1488.8031659930575,1498.9585379598282,-10.155371966770645,0.0,0.2,0.8,43.83953361597855,19,19,False
ecb2acb659ee56f3e1e7e87f,Primeira Liga,2022/2023,DEVELOPMENT,2023-02-11,18:00,MATCH_KICKOFF_TIME_TIMEZONE_NOT_STATED_BY_SOURCE,,NOT_VERIFIED_DO_NOT_INFER,Arouca,Santa Clara,1,0,H,EVALUATION_ONLY_JOIN_AFTER_PREMATCH_FEATURE_FREEZE,2.07,3.16,3.92,EXTERNAL_HISTORICAL_MARKET_BENCHMARK,NOT_AVAILABLE,NOT_GOLDBET,280dbabf4cb58e001c4a171b88c36fad1456544507e344cf8b68c7ed544005dd,1507.073449077721,1444.9890578283248,62.084391249396276,1.2000000000000002,2.2,0.8,-19.30473445168286,19,19,False
8df9011f9c73ac4354a4299c,Primeira Liga,2022/2023,DEVELOPMENT,2023-02-11,20:30,MATCH_KICKOFF_TIME_TIMEZONE_NOT_STATED_BY_SOURCE,,NOT_VERIFIED_DO_NOT_INFER,Guimaraes,Portimonense,1,0,H,EVALUATION_ONLY_JOIN_AFTER_PREMATCH_FEATURE_FREEZE,1.9,3.43,4.21,EXTERNAL_HISTORICAL_MARKET_BENCHMARK,NOT_AVAILABLE,NOT_GOLDBET,854d0f6b9478a7781b4c94e82c2ed88b5935bd88e98595fe40e0f4f6fe92a9a3,1512.570723962163,1467.9176204905516,44.6531034716113,0.5999999999999999,1.2,1.4,10.520427933013252,19,19,False
6313133988397da1e6bc21fc,Primeira Liga,2022/2023,DEVELOPMENT,2023-02-12,15:30,MATCH_KICKOFF_TIME_TIMEZONE_NOT_STATED_BY_SOURCE,,NOT_VERIFIED_DO_NOT_INFER,Famalicao,Gil Vicente,0,1,A,EVALUATION_ONLY_JOIN_AFTER_PREMATCH_FEATURE_FREEZE,2.09,3.39,3.56,EXTERNAL_HISTORICAL_MARKET_BENCHMARK,NOT_AVAILABLE,NOT_GOLDBET,6e82d9771ad6bf8332ba1422a56f89b5a60a9f9497a5ae0f18e77c6ce9904c85,1477.0535260994725,1459.4105347726213,17.642991326851188,0.0,-1.0,1.4,37.543571502473924,19,19,False
448ec98aed84c51652c5f291,Primeira Liga,2022/2023,DEVELOPMENT,2023-02-12,18:00,MATCH_KICKOFF_TIME_TIMEZONE_NOT_STATED_BY_SOURCE,,NOT_VERIFIED_DO_NOT_INFER,Sp Lisbon,Porto,1,2,A,EVALUATION_ONLY_JOIN_AFTER_PREMATCH_FEATURE_FREEZE,2.57,3.12,2.88,EXTERNAL_HISTORICAL_MARKET_BENCHMARK,NOT_AVAILABLE,NOT_GOLDBET,e588099e7c77e53e898ef8535d3d674d8d78be574e6e5116a883f4ba787ee0db,1562.3262544679258,1597.7866365392342,-35.46038207130846,-0.6000000000000001,-0.40000000000000013,0.7999999999999998,26.256834232738584,19,19,False
64965fe590160de606e106e9,Primeira Liga,2022/2023,DEVELOPMENT,2023-02-12,20:30,MATCH_KICKOFF_TIME_TIMEZONE_NOT_STATED_BY_SOURCE,,NOT_VERIFIED_DO_NOT_INFER,Maritimo,Sp Braga,1,2,A,EVALUATION_ONLY_JOIN_AFTER_PREMATCH_FEATURE_FREEZE,4.2,3.61,1.85,EXTERNAL_HISTORICAL_MARKET_BENCHMARK,NOT_AVAILABLE,NOT_GOLDBET,7e4e473fcb2db7f02f3bbee57d4dd3fe357f39a6e17dcc8dfd35875acc60c034,1438.9784692980197,1579.2520579548682,-140.27358865684846,-1.2,-1.6,-0.7999999999999998,40.35185736584049,19,19,False
a676712e7de1dce035a8efe1,Primeira Liga,2022/2023,DEVELOPMENT,2023-02-13,19:00,MATCH_KICKOFF_TIME_TIMEZONE_NOT_STATED_BY_SOURCE,,NOT_VERIFIED_DO_NOT_INFER,Rio Ave,Estoril,2,0,H,EVALUATION_ONLY_JOIN_AFTER_PREMATCH_FEATURE_FREEZE,2.53,2.97,3.09,EXTERNAL_HISTORICAL_MARKET_BENCHMARK,NOT_AVAILABLE,NOT_GOLDBET,3bdb6184ac93392b7a042ee1c008ded82fc6ae823d5859d918934b5d090ed40a,1475.9828308072704,1472.6491341339784,3.3336966732920246,-0.7999999999999999,-0.8,1.2,-3.1541582439601825,19,19,False
27e9b755e235cdc1417565d4,Primeira Liga,2022/2023,DEVELOPMENT,2023-02-13,21:15,MATCH_KICKOFF_TIME_TIMEZONE_NOT_STATED_BY_SOURCE,,NOT_VERIFIED_DO_NOT_INFER,Boavista,Casa Pia,0,0,D,EVALUATION_ONLY_JOIN_AFTER_PREMATCH_FEATURE_FREEZE,2.25,3,3.6,EXTERNAL_HISTORICAL_MARKET_BENCHMARK,NOT_AVAILABLE,NOT_GOLDBET,7f2095c0eb4d400b63964f2bbc812252397b9d54273aed6e82f20c7bbbec53f1,1482.0228600658295,1510.110126677988,-28.0872666121586,0.19999999999999996,1.2,0.40000000000000013,-25.63296892136418,19,19,False
514cdac429875c904d6977e8,Primeira Liga,2022/2023,DEVELOPMENT,2023-02-17,20:15,MATCH_KICKOFF_TIME_TIMEZONE_NOT_STATED_BY_SOURCE,,NOT_VERIFIED_DO_NOT_INFER,Gil Vicente,Vizela,1,1,D,EVALUATION_ONLY_JOIN_AFTER_PREMATCH_FEATURE_FREEZE,2.41,3.38,2.9,EXTERNAL_HISTORICAL_MARKET_BENCHMARK,NOT_AVAILABLE,NOT_GOLDBET,7f331f8961f763db4ebe747fbe5a15c3cc4648d32962fe351e12af703a8419ce,1471.608806445576,1487.3782845364035,-15.769478090827533,0.6000000000000001,0.19999999999999996,0.5999999999999999,-30.777811073869998,20,20,False
a36f9ed47bc8925b00fc84ec,Primeira Liga,2022/2023,DEVELOPMENT,2023-02-18,18:00,MATCH_KICKOFF_TIME_TIMEZONE_NOT_STATED_BY_SOURCE,,NOT_VERIFIED_DO_NOT_INFER,Estoril,Pacos Ferreira,1,3,A,EVALUATION_ONLY_JOIN_AFTER_PREMATCH_FEATURE_FREEZE,2.05,3.27,3.85,EXTERNAL_HISTORICAL_MARKET_BENCHMARK,NOT_AVAILABLE,NOT_GOLDBET,fcce57e9d04ff127e6be4a03f1688e5fe302506231057233c178c8aee14d8971,1464.4520981521284,1403.2251190724282,61.226979079700186,-0.6,-0.4,0.6,-45.29785304238089,20,20,False
f4d923c48e636c88bfcb4fe2,Primeira Liga,2022/2023,DEVELOPMENT,2023-02-18,18:00,MATCH_KICKOFF_TIME_TIMEZONE_NOT_STATED_BY_SOURCE,,NOT_VERIFIED_DO_NOT_INFER,Portimonense,Maritimo,2,1,H,EVALUATION_ONLY_JOIN_AFTER_PREMATCH_FEATURE_FREEZE,2.43,3.16,3.06,EXTERNAL_HISTORICAL_MARKET_BENCHMARK,NOT_AVAILABLE,NOT_GOLDBET,06e4ffdfffdc43bde4371c8898584c7132c785a1103fb1bcfbe5ae5287403fa7,1460.8418693168971,1431.2486757098154,29.59319360708173,0.20000000000000007,0.0,0.19999999999999996,-52.393706436322645,20,20,False
7b7df75f46bc44641e802604,Primeira Liga,2022/2023,DEVELOPMENT,2023-02-18,20:30,MATCH_KICKOFF_TIME_TIMEZONE_NOT_STATED_BY_SOURCE,,NOT_VERIFIED_DO_NOT_INFER,Porto,Rio Ave,1,0,H,EVALUATION_ONLY_JOIN_AFTER_PREMATCH_FEATURE_FREEZE,1.2,6.63,14.45,EXTERNAL_HISTORICAL_MARKET_BENCHMARK,NOT_AVAILABLE,NOT_GOLDBET,8938e8c64326ab7e3532d809bde2be790f5d8ea446584b9445c80c2679023328,1608.4917713417942,1484.1798667891203,124.31190455267392,2.2,2.2,1.4,21.94366382349608,20,20,False
f2e7c6b62d85fcf03e590ec3,Primeira Liga,2022/2023,DEVELOPMENT,2023-02-19,15:30,MATCH_KICKOFF_TIME_TIMEZONE_NOT_STATED_BY_SOURCE,,NOT_VERIFIED_DO_NOT_INFER,Santa Clara,Famalicao,1,3,A,EVALUATION_ONLY_JOIN_AFTER_PREMATCH_FEATURE_FREEZE,3.19,2.99,2.45,EXTERNAL_HISTORICAL_MARKET_BENCHMARK,NOT_AVAILABLE,NOT_GOLDBET,f7b873f24761b6bf88cde172bef8975f05ccfa5b0e360e53092b630941b2243d,1438.3651092584407,1464.8552544265178,-26.490145168077106,-0.4,0.19999999999999996,0.19999999999999996,-0.015416312940033094,20,20,False
9b41c06a591d9992ae759b72,Primeira Liga,2022/2023,DEVELOPMENT,2023-02-19,18:00,MATCH_KICKOFF_TIME_TIMEZONE_NOT_STATED_BY_SOURCE,,NOT_VERIFIED_DO_NOT_INFER,Sp Braga,Arouca,2,0,H,EVALUATION_ONLY_JOIN_AFTER_PREMATCH_FEATURE_FREEZE,1.43,4.54,7.35,EXTERNAL_HISTORICAL_MARKET_BENCHMARK,NOT_AVAILABLE,NOT_GOLDBET,80511473c7c2b07478b348f0edbd4d77938034815644aab82853317ca4870c4d,1586.9818515430727,1513.6973976476052,73.28445389546755,0.7999999999999998,-0.2,0.6000000000000001,-23.83651961038663,20,20,False
86aa419930db552b9236c402,Primeira Liga,2022/2023,DEVELOPMENT,2023-02-19,20:30,MATCH_KICKOFF_TIME_TIMEZONE_NOT_STATED_BY_SOURCE,,NOT_VERIFIED_DO_NOT_INFER,Casa Pia,Guimaraes,0,0,D,EVALUATION_ONLY_JOIN_AFTER_PREMATCH_FEATURE_FREEZE,2.48,2.98,3.15,EXTERNAL_HISTORICAL_MARKET_BENCHMARK,NOT_AVAILABLE,NOT_GOLDBET,81f43d6f5b9662f48ab90745a11cca79cceec45636fb189677b3f5e3fdab08ee,1511.0260745284097,1519.6464751358174,-8.620400607407646,-1.0,-1.4,0.19999999999999996,5.07806398880507,20,20,False
a88d9ec231097a2ec2afc8f3,Primeira Liga,2022/2023,DEVELOPMENT,2023-02-20,19:00,MATCH_KICKOFF_TIME_TIMEZONE_NOT_STATED_BY_SOURCE,,NOT_VERIFIED_DO_NOT_INFER,Chaves,Sp Lisbon,2,3,A,EVALUATION_ONLY_JOIN_AFTER_PREMATCH_FEATURE_FREEZE,8.73,5.02,1.35,EXTERNAL_HISTORICAL_MARKET_BENCHMARK,NOT_AVAILABLE,NOT_GOLDBET,62ecefd5268504e17b53271ac91b5a9106a201753a3e3ae2143ffc102cc3424a,1500.3834194164822,1551.6211196653658,-51.237700248883584,-0.8,-1.2,0.20000000000000018,-67.14445998111637,20,20,False
6d28ec3e2fb789ad660801a7,Primeira Liga,2022/2023,DEVELOPMENT,2023-02-20,21:15,MATCH_KICKOFF_TIME_TIMEZONE_NOT_STATED_BY_SOURCE,,NOT_VERIFIED_DO_NOT_INFER,Benfica,Boavista,3,1,H,EVALUATION_ONLY_JOIN_AFTER_PREMATCH_FEATURE_FREEZE,1.15,8.09,18.04,EXTERNAL_HISTORICAL_MARKET_BENCHMARK,NOT_AVAILABLE,NOT_GOLDBET,9525b1da777de502d02793803fa09112d1b6dba5dcc92a4fcdc8397141f091e3,1620.8898947987177,1481.1069122154079,139.78298258330983,1.4000000000000001,2.0,2.4,8.684189610857857,20,20,False
50227a02cbabdd5fd95a014f,Primeira Liga,2022/2023,DEVELOPMENT,2023-02-24,20:15,MATCH_KICKOFF_TIME_TIMEZONE_NOT_STATED_BY_SOURCE,,NOT_VERIFIED_DO_NOT_INFER,Famalicao,Portimonense,1,0,H,EVALUATION_ONLY_JOIN_AFTER_PREMATCH_FEATURE_FREEZE,1.82,3.41,4.53,EXTERNAL_HISTORICAL_MARKET_BENCHMARK,NOT_AVAILABLE,NOT_GOLDBET,e0c193d442f18eab63827df6ce7060892bfced452df8aebde38ce5a83f92f7f6,1475.8167659612582,1468.3188479283647,7.4979180328934945,0.19999999999999996,0.8,0.7999999999999999,20.42309466002007,21,21,False
11697375dcfc65e95da9dc57,Primeira Liga,2022/2023,DEVELOPMENT,2023-02-25,15:30,MATCH_KICKOFF_TIME_TIMEZONE_NOT_STATED_BY_SOURCE,,NOT_VERIFIED_DO_NOT_INFER,Arouca,Casa Pia,2,0,H,EVALUATION_ONLY_JOIN_AFTER_PREMATCH_FEATURE_FREEZE,2.39,3.01,3.27,EXTERNAL_HISTORICAL_MARKET_BENCHMARK,NOT_AVAILABLE,NOT_GOLDBET,a912d019aad864aec277c7ec13b99d59008e4bc1e8471ff29cc825e31215ac62,1507.3558988894288,1509.557937537401,-2.202038647972131,0.3999999999999999,0.8,0.40000000000000013,9.699593736476572,21,21,False
d0bb21405fe4acbfa6bd10f0,Primeira Liga,2022/2023,DEVELOPMENT,2023-02-25,18:00,MATCH_KICKOFF_TIME_TIMEZONE_NOT_STATED_BY_SOURCE,,NOT_VERIFIED_DO_NOT_INFER,Maritimo,Santa Clara,3,1,H,EVALUATION_ONLY_JOIN_AFTER_PREMATCH_FEATURE_FREEZE,2.22,3.02,3.64,EXTERNAL_HISTORICAL_MARKET_BENCHMARK,NOT_AVAILABLE,NOT_GOLDBET,2cc19ea1994e2952f9f6d92a60e78cd0c48333cbab32b4e75d128fd5b61d3722,1423.7716970983479,1427.4035977237004,-3.6319006253525004,0.39999999999999997,0.5999999999999999,0.9999999999999999,9.06977313974312,21,21,False
0b8f74fb4e52009e8a14325f,Primeira Liga,2022/2023,DEVELOPMENT,2023-02-25,20:30,MATCH_KICKOFF_TIME_TIMEZONE_NOT_STATED_BY_SOURCE,,NOT_VERIFIED_DO_NOT_INFER,Vizela,Benfica,0,2,A,EVALUATION_ONLY_JOIN_AFTER_PREMATCH_FEATURE_FREEZE,7.94,4.82,1.38,EXTERNAL_HISTORICAL_MARKET_BENCHMARK,NOT_AVAILABLE,NOT_GOLDBET,45f0287b386289a8224e9b20839ff36cdc8e7e220ea56e5618360e72ac05c436,1488.6445082202433,1625.6995183056315,-137.05501008538818,-2.0,-2.8000000000000003,-0.3999999999999999,42.76382376005654,21,21,False
afb6c311ea560ec38bfcdb4d,Primeira Liga,2022/2023,DEVELOPMENT,2023-02-26,15:30,MATCH_KICKOFF_TIME_TIMEZONE_NOT_STATED_BY_SOURCE,,NOT_VERIFIED_DO_NOT_INFER,Rio Ave,Chaves,1,0,H,EVALUATION_ONLY_JOIN_AFTER_PREMATCH_FEATURE_FREEZE,2.03,3.31,3.85,EXTERNAL_HISTORICAL_MARKET_BENCHMARK,NOT_AVAILABLE,NOT_GOLDBET,3537c230fd523e4a1f679216903c725610ca50c03c6b8f0371fba6bbaa2920aa,1479.037439999746,1490.1312736130392,-11.0938336132931,-0.19999999999999996,-0.2,0.19999999999999996,26.347326712736276,21,21,False
0c3968003ebf61d2979140ca,Primeira Liga,2022/2023,DEVELOPMENT,2023-02-26,18:00,MATCH_KICKOFF_TIME_TIMEZONE_NOT_STATED_BY_SOURCE,,NOT_VERIFIED_DO_NOT_INFER,Pacos Ferreira,Boavista,1,3,A,EVALUATION_ONLY_JOIN_AFTER_PREMATCH_FEATURE_FREEZE,2.61,3.09,2.86,EXTERNAL_HISTORICAL_MARKET_BENCHMARK,NOT_AVAILABLE,NOT_GOLDBET,3222534088158c0900f4d858716f679605dccc2013ed46a3e0b264569400ff07,1416.5792867735076,1476.297288708494,-59.71800193498643,0.19999999999999996,0.0,0.6000000000000001,12.389979613206833,21,21,False
53e4de39e0ed969416eb7378,Primeira Liga,2022/2023,DEVELOPMENT,2023-02-26,20:30,MATCH_KICKOFF_TIME_TIMEZONE_NOT_STATED_BY_SOURCE,,NOT_VERIFIED_DO_NOT_INFER,Porto,Gil Vicente,1,2,A,EVALUATION_ONLY_JOIN_AFTER_PREMATCH_FEATURE_FREEZE,1.17,7.37,15.13,EXTERNAL_HISTORICAL_MARKET_BENCHMARK,NOT_AVAILABLE,NOT_GOLDBET,db7349ecc93d4e1aa9cb4b9ce1ae1d607b93f671fd73a9b1082480abf8c3b8c5,1613.6341981311684,1470.3425827617361,143.2916153694323,1.4,0.9999999999999999,1.8,20.877761409085906,21,21,False
1541630c5be201194686143c,Primeira Liga,2022/2023,DEVELOPMENT,2023-02-27,19:00,MATCH_KICKOFF_TIME_TIMEZONE_NOT_STATED_BY_SOURCE,,NOT_VERIFIED_DO_NOT_INFER,Sp Lisbon,Estoril,2,0,H,EVALUATION_ONLY_JOIN_AFTER_PREMATCH_FEATURE_FREEZE,1.19,6.92,14.99,EXTERNAL_HISTORICAL_MARKET_BENCHMARK,NOT_AVAILABLE,NOT_GOLDBET,4ea20f79b4fa60cd1ddfd5e90bc65dc64d3ef60bff19a40f8437b221d22bb908,1561.8732654688088,1451.097930451049,110.77533501775974,1.7999999999999998,2.4,2.4,62.69810689458882,21,21,False
ec380c5f24d50365f5009e46,Primeira Liga,2022/2023,DEVELOPMENT,2023-02-27,21:15,MATCH_KICKOFF_TIME_TIMEZONE_NOT_STATED_BY_SOURCE,,NOT_VERIFIED_DO_NOT_INFER,Guimaraes,Sp Braga,2,1,H,EVALUATION_ONLY_JOIN_AFTER_PREMATCH_FEATURE_FREEZE,4.02,3.42,1.95,EXTERNAL_HISTORICAL_MARKET_BENCHMARK,NOT_AVAILABLE,NOT_GOLDBET,bcc9af9464e22f1e40e44168cfc0b4d0e372be0aac2369530e0f40b79be3b5ba,1521.1146121268262,1593.323350301249,-72.20873817442293,-0.3999999999999999,0.0,-0.3999999999999999,27.23107130925314,21,21,False
19018b91c011df6f5f8eeb88,Primeira Liga,2022/2023,DEVELOPMENT,2023-03-03,19:00,MATCH_KICKOFF_TIME_TIMEZONE_NOT_STATED_BY_SOURCE,,NOT_VERIFIED_DO_NOT_INFER,Boavista,Arouca,0,0,D,EVALUATION_ONLY_JOIN_AFTER_PREMATCH_FEATURE_FREEZE,2.27,3.1,3.41,EXTERNAL_HISTORICAL_MARKET_BENCHMARK,NOT_AVAILABLE,NOT_GOLDBET,522fdd150667e67b239a7acc33ae3de9a67fda79e9dcd51e2ee8607721fd0c35,1486.3054052634711,1515.707517780361,-29.40211251688993,-0.3999999999999999,0.2,0.6000000000000001,-30.15786149411292,22,22,False
c8f39d9228f65eaef32ec84e,Primeira Liga,2022/2023,DEVELOPMENT,2023-03-03,21:15,MATCH_KICKOFF_TIME_TIMEZONE_NOT_STATED_BY_SOURCE,,NOT_VERIFIED_DO_NOT_INFER,Benfica,Famalicao,2,0,H,EVALUATION_ONLY_JOIN_AFTER_PREMATCH_FEATURE_FREEZE,1.18,7.08,15.44,EXTERNAL_HISTORICAL_MARKET_BENCHMARK,NOT_AVAILABLE,NOT_GOLDBET,a320871b081dd67801d8ce7a328b0b36211b3462688958ee5d52bc4bc152b4e6,1633.5173582626956,1483.8980977219953,149.61926054070022,1.2,2.4,1.2000000000000002,-2.9800496836435286,22,22,False
70423a0cd00bae27a25aa8fb,Primeira Liga,2022/2023,DEVELOPMENT,2023-03-04,15:30,MATCH_KICKOFF_TIME_TIMEZONE_NOT_STATED_BY_SOURCE,,NOT_VERIFIED_DO_NOT_INFER,Estoril,Vizela,0,3,A,EVALUATION_ONLY_JOIN_AFTER_PREMATCH_FEATURE_FREEZE,2.66,3.19,2.7,EXTERNAL_HISTORICAL_MARKET_BENCHMARK,NOT_AVAILABLE,NOT_GOLDBET,4b77c06824bbf00568fa4c41de2a59500c83b8cab32394e4d7fba0773c0f3eb2,1445.652237090865,1480.8266682631793,-35.17443117231437,-0.4,-0.7999999999999999,0.3999999999999999,-49.762438911516256,22,22,False
c2e8647df1cfe78357fc895b,Primeira Liga,2022/2023,DEVELOPMENT,2023-03-04,18:00,MATCH_KICKOFF_TIME_TIMEZONE_NOT_STATED_BY_SOURCE,,NOT_VERIFIED_DO_NOT_INFER,Portimonense,Sp Lisbon,0,1,A,EVALUATION_ONLY_JOIN_AFTER_PREMATCH_FEATURE_FREEZE,9.06,4.83,1.35,EXTERNAL_HISTORICAL_MARKET_BENCHMARK,NOT_AVAILABLE,NOT_GOLDBET,e83b8db95abf4e9ec865f17d72eb4839276131c08f6afac50bad45bdcfeb888b,1460.2375161676275,1567.318958828993,-107.08144266136537,-1.2,-2.0,-0.6000000000000001,-61.053036224984226,22,22,False
5e49d9349da089e817e1e2ef,Primeira Liga,2022/2023,DEVELOPMENT,2023-03-04,20:30,MATCH_KICKOFF_TIME_TIMEZONE_NOT_STATED_BY_SOURCE,,NOT_VERIFIED_DO_NOT_INFER,Chaves,Porto,1,3,A,EVALUATION_ONLY_JOIN_AFTER_PREMATCH_FEATURE_FREEZE,8.71,4.77,1.37,EXTERNAL_HISTORICAL_MARKET_BENCHMARK,NOT_AVAILABLE,NOT_GOLDBET,29dfd5d400699608577504b90abc1b2b8ea704dc21ad1f3c21863a5195155e79,1481.529682250694,1598.3704280522454,-116.84074580155152,-1.5999999999999999,-1.4,-1.6,-1.364871447300402,22,22,False
c3e008d1be36d01500f915c4,Primeira Liga,2022/2023,DEVELOPMENT,2023-03-05,15:30,MATCH_KICKOFF_TIME_TIMEZONE_NOT_STATED_BY_SOURCE,,NOT_VERIFIED_DO_NOT_INFER,Gil Vicente,Maritimo,2,0,H,EVALUATION_ONLY_JOIN_AFTER_PREMATCH_FEATURE_FREEZE,1.87,3.53,4.2,EXTERNAL_HISTORICAL_MARKET_BENCHMARK,NOT_AVAILABLE,NOT_GOLDBET,407d97de003a6ce482b7609821497c37403430031669a46435de2f0082d6e4e6,1485.6063528406592,1432.1633794374006,53.44297340325852,1.0,0.8,1.4000000000000001,-11.765259418366213,22,22,False
e63649877151b9aa9c116952,Primeira Liga,2022/2023,DEVELOPMENT,2023-03-05,18:00,MATCH_KICKOFF_TIME_TIMEZONE_NOT_STATED_BY_SOURCE,,NOT_VERIFIED_DO_NOT_INFER,Santa Clara,Guimaraes,1,3,A,EVALUATION_ONLY_JOIN_AFTER_PREMATCH_FEATURE_FREEZE,2.81,2.99,2.72,EXTERNAL_HISTORICAL_MARKET_BENCHMARK,NOT_AVAILABLE,NOT_GOLDBET,ab1bcfa46abf0abac4378b302400ccf4e56caeb2de3e2a20daa87fac23dc242e,1419.0119153846476,1531.4658632965206,-112.453947911873,-2.4,-2.0,0.0,-30.354497210647196,22,22,False
209afdcc6e72ec4c92fccace,Primeira Liga,2022/2023,DEVELOPMENT,2023-03-05,20:30,MATCH_KICKOFF_TIME_TIMEZONE_NOT_STATED_BY_SOURCE,,NOT_VERIFIED_DO_NOT_INFER,Sp Braga,Rio Ave,2,0,H,EVALUATION_ONLY_JOIN_AFTER_PREMATCH_FEATURE_FREEZE,1.53,4,6.48,EXTERNAL_HISTORICAL_MARKET_BENCHMARK,NOT_AVAILABLE,NOT_GOLDBET,ef436e772c5a62429e648aeabb21ff60f8520104f257d4b661274f14e7ff9084,1582.9720991315546,1487.6390313620914,95.33306776946324,0.6000000000000001,0.2,1.4,-21.990845248490814,22,22,False
61de8e61215f1f9f616dc4e8,Primeira Liga,2022/2023,DEVELOPMENT,2023-03-06,20:15,MATCH_KICKOFF_TIME_TIMEZONE_NOT_STATED_BY_SOURCE,,NOT_VERIFIED_DO_NOT_INFER,Casa Pia,Pacos Ferreira,2,1,H,EVALUATION_ONLY_JOIN_AFTER_PREMATCH_FEATURE_FREEZE,1.95,3.18,4.37,EXTERNAL_HISTORICAL_MARKET_BENCHMARK,NOT_AVAILABLE,NOT_GOLDBET,368b45af4cf5db168e7a5b1241671ef4046f12a621051deb21bb8f357e7e8379,1501.2063186464686,1406.5711702185306,94.63514842793802,-0.19999999999999996,-0.4,-0.19999999999999996,20.965517252578593,22,22,False
9d48950197d66c2aeab6a45e,Primeira Liga,2022/2023,DEVELOPMENT,2023-03-10,20:15,MATCH_KICKOFF_TIME_TIMEZONE_NOT_STATED_BY_SOURCE,,NOT_VERIFIED_DO_NOT_INFER,Porto,Estoril,3,2,H,EVALUATION_ONLY_JOIN_AFTER_PREMATCH_FEATURE_FREEZE,1.23,6.12,12.86,EXTERNAL_HISTORICAL_MARKET_BENCHMARK,NOT_AVAILABLE,NOT_GOLDBET,8c552dee4e22f1a10c2679e64e6a2beb3c62d88488d793f728e54766654325d4,1606.7488613296077,1434.9389133593659,171.80994797024186,1.7999999999999998,2.6,2.4,15.987520829385176,23,23,False
45e28be572326fb930979348,Primeira Liga,2022/2023,DEVELOPMENT,2023-03-11,15:30,MATCH_KICKOFF_TIME_TIMEZONE_NOT_STATED_BY_SOURCE,,NOT_VERIFIED_DO_NOT_INFER,Chaves,Portimonense,2,0,H,EVALUATION_ONLY_JOIN_AFTER_PREMATCH_FEATURE_FREEZE,2.34,3.25,3.12,EXTERNAL_HISTORICAL_MARKET_BENCHMARK,NOT_AVAILABLE,NOT_GOLDBET,6b208080e9506542c191534c0f03eb6b32aec7bbba1a764fe97d4e5c47177d6b,1473.1512489733316,1451.584394711297,21.566854262034667,-0.3999999999999999,-0.39999999999999997,0.8,33.352085592982576,23,23,False
a64994ff7ac0c68aea41b70f,Primeira Liga,2022/2023,DEVELOPMENT,2023-03-11,15:30,MATCH_KICKOFF_TIME_TIMEZONE_NOT_STATED_BY_SOURCE,,NOT_VERIFIED_DO_NOT_INFER,Pacos Ferreira,Santa Clara,1,0,H,EVALUATION_ONLY_JOIN_AFTER_PREMATCH_FEATURE_FREEZE,2.06,3.25,3.78,EXTERNAL_HISTORICAL_MARKET_BENCHMARK,NOT_AVAILABLE,NOT_GOLDBET,08b7f48f9937d1ff352e9ebcb82d216765d7b01bc709c42ef3d1012aaccb5030,1400.7495988079986,1410.510294280103,-9.760695472104317,1.0,1.2,0.6000000000000001,-8.958101575349247,23,23,False
a639f5c663ba7e57e028a597,Primeira Liga,2022/2023,DEVELOPMENT,2023-03-11,18:00,MATCH_KICKOFF_TIME_TIMEZONE_NOT_STATED_BY_SOURCE,,NOT_VERIFIED_DO_NOT_INFER,Guimaraes,Arouca,0,2,A,EVALUATION_ONLY_JOIN_AFTER_PREMATCH_FEATURE_FREEZE,2.07,3.18,3.84,EXTERNAL_HISTORICAL_MARKET_BENCHMARK,NOT_AVAILABLE,NOT_GOLDBET,92aae5eb4448d78d8b32922da9a348ba77b59969bd2fe129b094db1f9f6895eb,1539.9674844010653,1516.5859259890033,23.381558412062077,1.0,0.8,1.4,-4.3633473255492845,23,23,False
9aea253299721c02c590cb11,Primeira Liga,2022/2023,DEVELOPMENT,2023-03-11,20:30,MATCH_KICKOFF_TIME_TIMEZONE_NOT_STATED_BY_SOURCE,,NOT_VERIFIED_DO_NOT_INFER,Vizela,Sp Braga,0,4,A,EVALUATION_ONLY_JOIN_AFTER_PREMATCH_FEATURE_FREEZE,3.83,3.53,1.94,EXTERNAL_HISTORICAL_MARKET_BENCHMARK,NOT_AVAILABLE,NOT_GOLDBET,ac2ef0494c51810e6405d07ff8213266947f7297f37cdf5f7aae507a77602c63,1491.5399919946783,1588.777103906905,-97.23711191222674,-1.4,-1.5999999999999999,0.19999999999999996,37.90889625060754,23,23,False
bb9f50af4e5c77e0de10e6e6,Primeira Liga,2022/2023,DEVELOPMENT,2023-03-12,15:30,MATCH_KICKOFF_TIME_TIMEZONE_NOT_STATED_BY_SOURCE,,NOT_VERIFIED_DO_NOT_INFER,Rio Ave,Gil Vicente,2,1,H,EVALUATION_ONLY_JOIN_AFTER_PREMATCH_FEATURE_FREEZE,2.43,3.14,3.08,EXTERNAL_HISTORICAL_MARKET_BENCHMARK,NOT_AVAILABLE,NOT_GOLDBET,4b5887d73cb49167fcd6c0a9bdb0987444de75ecce620a0ee636bf0e01004bd7,1481.834026586741,1492.4524929001723,-10.618466313431327,-1.0000000000000002,-1.0,-0.40000000000000013,37.9675980150339,23,23,False
0024cf3449da2140e8ab53d0,Primeira Liga,2022/2023,DEVELOPMENT,2023-03-12,18:00,MATCH_KICKOFF_TIME_TIMEZONE_NOT_STATED_BY_SOURCE,,NOT_VERIFIED_DO_NOT_INFER,Maritimo,Benfica,0,3,A,EVALUATION_ONLY_JOIN_AFTER_PREMATCH_FEATURE_FREEZE,10.83,5.72,1.27,EXTERNAL_HISTORICAL_MARKET_BENCHMARK,NOT_AVAILABLE,NOT_GOLDBET,d2bfa2bac469763008d76ccac1b1b99f0e5446c5111a9e031d58ef1bcb4c00ed,1425.3172393778875,1638.1231900801654,-212.80595070227787,-2.4,-3.0,-0.5999999999999999,-8.055924241593857,23,23,False
58eb6fded051b59cc77071a1,Primeira Liga,2022/2023,DEVELOPMENT,2023-03-12,20:30,MATCH_KICKOFF_TIME_TIMEZONE_NOT_STATED_BY_SOURCE,,NOT_VERIFIED_DO_NOT_INFER,Sp Lisbon,Boavista,3,0,H,EVALUATION_ONLY_JOIN_AFTER_PREMATCH_FEATURE_FREEZE,1.25,5.84,11.71,EXTERNAL_HISTORICAL_MARKET_BENCHMARK,NOT_AVAILABLE,NOT_GOLDBET,ef845bf013eb4eef6d97efa8c1581fe74d3437df1f7812ea4649529f6e75befa,1575.9720802853235,1485.426997054829,90.54508323049458,1.4,1.0,1.5999999999999999,-6.3147572547884465,23,23,False
2e47afd31146288b427d0f33,Primeira Liga,2022/2023,DEVELOPMENT,2023-03-13,20:15,MATCH_KICKOFF_TIME_TIMEZONE_NOT_STATED_BY_SOURCE,,NOT_VERIFIED_DO_NOT_INFER,Famalicao,Casa Pia,1,0,H,EVALUATION_ONLY_JOIN_AFTER_PREMATCH_FEATURE_FREEZE,2.15,3.02,3.82,EXTERNAL_HISTORICAL_MARKET_BENCHMARK,NOT_AVAILABLE,NOT_GOLDBET,9d30e0d75f596863ff19450e47f0a0e68335fb8a60a26a9404eedb5470eaac74,1479.2922659045255,1507.0278900570006,-27.73562415247511,0.19999999999999996,0.20000000000000007,1.2,8.432739755295415,23,23,False
725102c377c6a309488cc64c,Primeira Liga,2022/2023,DEVELOPMENT,2023-03-17,20:15,MATCH_KICKOFF_TIME_TIMEZONE_NOT_STATED_BY_SOURCE,,NOT_VERIFIED_DO_NOT_INFER,Santa Clara,Rio Ave,0,2,A,EVALUATION_ONLY_JOIN_AFTER_PREMATCH_FEATURE_FREEZE,2.76,2.91,2.86,EXTERNAL_HISTORICAL_MARKET_BENCHMARK,NOT_AVAILABLE,NOT_GOLDBET,f943cccd6e322cbf54794cd234f325bb69b6ea3bf865cc49d796fbd2b68c5529,1401.9463029989658,1490.4222059141268,-88.47590291516099,-1.8,-1.8,-0.2,-63.756181682686474,24,24,False
c5c8bf850e5f842833447553,Primeira Liga,2022/2023,DEVELOPMENT,2023-03-18,15:30,MATCH_KICKOFF_TIME_TIMEZONE_NOT_STATED_BY_SOURCE,,NOT_VERIFIED_DO_NOT_INFER,Portimonense,Vizela,0,1,A,EVALUATION_ONLY_JOIN_AFTER_PREMATCH_FEATURE_FREEZE,3.03,3.17,2.44,EXTERNAL_HISTORICAL_MARKET_BENCHMARK,NOT_AVAILABLE,NOT_GOLDBET,bc02c8fd421bf9206cbd2eff01c6d26a96639a5bb906d10ef337c22d28bfa919,1443.8898759058764,1482.607677220616,-38.717801314739745,-0.4,-0.20000000000000007,0.5999999999999999,-34.11796605464883,24,24,False
916d67e7dc2c503bbbecdd58,Primeira Liga,2022/2023,DEVELOPMENT,2023-03-18,18:00,MATCH_KICKOFF_TIME_TIMEZONE_NOT_STATED_BY_SOURCE,,NOT_VERIFIED_DO_NOT_INFER,Arouca,Pacos Ferreira,1,1,D,EVALUATION_ONLY_JOIN_AFTER_PREMATCH_FEATURE_FREEZE,2.2,3.25,3.42,EXTERNAL_HISTORICAL_MARKET_BENCHMARK,NOT_AVAILABLE,NOT_GOLDBET,e8c682f957d2e86b29cf5623dc30354f812475a79d7ca817f9a6faebba07a23e,1528.9408024122013,1409.3135900891357,119.62721232306558,0.8,0.8,1.2,50.86623928408699,24,24,False
14717daaf057d3894e9ebb2b,Primeira Liga,2022/2023,DEVELOPMENT,2023-03-18,18:00,MATCH_KICKOFF_TIME_TIMEZONE_NOT_STATED_BY_SOURCE,,NOT_VERIFIED_DO_NOT_INFER,Benfica,Guimaraes,5,1,H,EVALUATION_ONLY_JOIN_AFTER_PREMATCH_FEATURE_FREEZE,1.15,7.92,17.99,EXTERNAL_HISTORICAL_MARKET_BENCHMARK,NOT_AVAILABLE,NOT_GOLDBET,20b4e283ede55e1f7d07a32ff800948e254da66611c2da24add22ccdd01c2c43,1643.9883133911815,1527.6126079778674,116.37570541331411,1.0,2.0,1.2000000000000002,-22.615607001239596,24,24,False
203c42bc875c3dae16370902,Primeira Liga,2022/2023,DEVELOPMENT,2023-03-18,20:30,MATCH_KICKOFF_TIME_TIMEZONE_NOT_STATED_BY_SOURCE,,NOT_VERIFIED_DO_NOT_INFER,Estoril,Chaves,0,2,A,EVALUATION_ONLY_JOIN_AFTER_PREMATCH_FEATURE_FREEZE,2.14,3.27,3.47,EXTERNAL_HISTORICAL_MARKET_BENCHMARK,NOT_AVAILABLE,NOT_GOLDBET,1043036928266afd23135669f82aa6fb9c06fdc253c847aa85d0a24fe6f12f98,1430.7702812359275,1480.8457677787521,-50.07548654282459,-0.8,-1.6,0.6,-8.151960696083506,24,24,False
4e132d2487c4106ff1e08622,Primeira Liga,2022/2023,DEVELOPMENT,2023-03-19,15:30,MATCH_KICKOFF_TIME_TIMEZONE_NOT_STATED_BY_SOURCE,,NOT_VERIFIED_DO_NOT_INFER,Casa Pia,Maritimo,2,0,H,EVALUATION_ONLY_JOIN_AFTER_PREMATCH_FEATURE_FREEZE,2.11,3.15,3.79,EXTERNAL_HISTORICAL_MARKET_BENCHMARK,NOT_AVAILABLE,NOT_GOLDBET,028c987e05437c57c401d9a4b3989b27aba5cab41ef525481c14ca17e1faf7f8,1497.9538731453724,1419.4521160668714,78.50175707850099,0.4,0.6,1.4000000000000001,-39.2676795404318,24,24,False
f16da45eae0a6b9d920fcf8c,Primeira Liga,2022/2023,DEVELOPMENT,2023-03-19,18:00,MATCH_KICKOFF_TIME_TIMEZONE_NOT_STATED_BY_SOURCE,,NOT_VERIFIED_DO_NOT_INFER,Sp Braga,Porto,0,0,D,EVALUATION_ONLY_JOIN_AFTER_PREMATCH_FEATURE_FREEZE,3.23,3.38,2.22,EXTERNAL_HISTORICAL_MARKET_BENCHMARK,NOT_AVAILABLE,NOT_GOLDBET,0e4ea947e272203fd0da57605409ef70f749824c3c7162ca724940b51ddbef2b,1597.7094186809672,1610.917493453046,-13.208074772078817,0.0,0.8,0.3999999999999999,3.9304405600757946,24,24,False
69dc2548790e6a6d215fc87f,Primeira Liga,2022/2023,DEVELOPMENT,2023-03-19,20:30,MATCH_KICKOFF_TIME_TIMEZONE_NOT_STATED_BY_SOURCE,,NOT_VERIFIED_DO_NOT_INFER,Boavista,Famalicao,1,2,A,EVALUATION_ONLY_JOIN_AFTER_PREMATCH_FEATURE_FREEZE,2.64,2.97,2.93,EXTERNAL_HISTORICAL_MARKET_BENCHMARK,NOT_AVAILABLE,NOT_GOLDBET,a8cec952f5a0ea5d79ad3241f3755bcb40e193f48e2ddd92b85f30b9a0de6b62,1479.5077816293863,1488.3662828161537,-8.858501186767398,-0.8,-0.8,0.6000000000000001,26.523833207354983,24,24,False
6943ce5525cc1e89206dcea0,Primeira Liga,2022/2023,DEVELOPMENT,2023-03-31,20:15,MATCH_KICKOFF_TIME_TIMEZONE_NOT_STATED_BY_SOURCE,,NOT_VERIFIED_DO_NOT_INFER,Estoril,Gil Vicente,1,0,H,EVALUATION_ONLY_JOIN_AFTER_PREMATCH_FEATURE_FREEZE,2.76,3.36,2.52,EXTERNAL_HISTORICAL_MARKET_BENCHMARK,NOT_AVAILABLE,NOT_GOLDBET,3af3113974109c59ae74ecc3932f9db7886748a2efa0aeca6b3d4756c7884e14,1420.484708444599,1483.8643135727864,-63.37960512818745,-2.0,-2.6,-1.2000000000000002,8.291253424318029,25,24,False
7d63bb53e76ccdde4a3840bc,Primeira Liga,2022/2023,DEVELOPMENT,2023-04-01,15:30,MATCH_KICKOFF_TIME_TIMEZONE_NOT_STATED_BY_SOURCE,,NOT_VERIFIED_DO_NOT_INFER,Vizela,Casa Pia,3,1,H,EVALUATION_ONLY_JOIN_AFTER_PREMATCH_FEATURE_FREEZE,1.95,3.18,4.26,EXTERNAL_HISTORICAL_MARKET_BENCHMARK,NOT_AVAILABLE,NOT_GOLDBET,6c75d6940991d892ed41880e46875fe859b3f35a415d10206fe0324792a785d7,1493.2194631516818,1504.1660253498742,-10.946562198192396,0.0,-0.4,1.2,48.6619230879362,25,25,False
b0b770f9b6c971ba215e564a,Primeira Liga,2022/2023,DEVELOPMENT,2023-04-01,18:00,MATCH_KICKOFF_TIME_TIMEZONE_NOT_STATED_BY_SOURCE,,NOT_VERIFIED_DO_NOT_INFER,Guimaraes,Pacos Ferreira,0,0,D,EVALUATION_ONLY_JOIN_AFTER_PREMATCH_FEATURE_FREEZE,2.05,3.3,3.8,EXTERNAL_HISTORICAL_MARKET_BENCHMARK,NOT_AVAILABLE,NOT_GOLDBET,c6af153b24a23818ce0b22bdac1553d9b062b3a672c75551195f112e0b11396a,1522.2937303807928,1414.0674701285736,108.22626025221916,0.0,-0.6,0.40000000000000013,60.50575547901917,25,25,False
ebb5a9a98faeddd9067538b4,Primeira Liga,2022/2023,DEVELOPMENT,2023-04-01,20:30,MATCH_KICKOFF_TIME_TIMEZONE_NOT_STATED_BY_SOURCE,,NOT_VERIFIED_DO_NOT_INFER,Sp Lisbon,Santa Clara,3,0,H,EVALUATION_ONLY_JOIN_AFTER_PREMATCH_FEATURE_FREEZE,1.11,9.3,24.21,EXTERNAL_HISTORICAL_MARKET_BENCHMARK,NOT_AVAILABLE,NOT_GOLDBET,ed14c51480235f018da3b3c8eaffe283171b5cf644d149fb36020fc01e2fe42e,1581.8912957107661,1392.7640750653813,189.1272206453848,2.4,3.0,2.1999999999999997,36.73357601714201,24,25,False
91af2169765741480806a389,Primeira Liga,2022/2023,DEVELOPMENT,2023-04-02,15:30,MATCH_KICKOFF_TIME_TIMEZONE_NOT_STATED_BY_SOURCE,,NOT_VERIFIED_DO_NOT_INFER,Chaves,Sp Braga,1,2,A,EVALUATION_ONLY_JOIN_AFTER_PREMATCH_FEATURE_FREEZE,5.77,4.07,1.57,EXTERNAL_HISTORICAL_MARKET_BENCHMARK,NOT_AVAILABLE,NOT_GOLDBET,36e9a59aec7f896d44e94e3a90167c2fd07e7866a74ed0d574f00067cf1d5dac,1491.1313405700807,1596.3707228682708,-105.2393822981901,-0.8,-1.4,-0.40000000000000013,-22.704972583933113,25,25,False
00c83e86fe2085e1fb5eb1dd,Primeira Liga,2022/2023,DEVELOPMENT,2023-04-02,15:30,MATCH_KICKOFF_TIME_TIMEZONE_NOT_STATED_BY_SOURCE,,NOT_VERIFIED_DO_NOT_INFER,Maritimo,Boavista,4,2,H,EVALUATION_ONLY_JOIN_AFTER_PREMATCH_FEATURE_FREEZE,2.27,3.2,3.28,EXTERNAL_HISTORICAL_MARKET_BENCHMARK,NOT_AVAILABLE,NOT_GOLDBET,441f04145d9c667dc69ba679d4766da24a6325a17f73b9bfa2d22246932009bd,1413.2399638623697,1468.046350684396,-54.8063868220263,-0.20000000000000007,-0.3999999999999999,0.3999999999999999,-21.517235869453998,25,25,False
b3dd580ee59c6543863fb9c5,Primeira Liga,2022/2023,DEVELOPMENT,2023-04-02,18:00,MATCH_KICKOFF_TIME_TIMEZONE_NOT_STATED_BY_SOURCE,,NOT_VERIFIED_DO_NOT_INFER,Rio Ave,Benfica,0,1,A,EVALUATION_ONLY_JOIN_AFTER_PREMATCH_FEATURE_FREEZE,13.07,5.48,1.26,EXTERNAL_HISTORICAL_MARKET_BENCHMARK,NOT_AVAILABLE,NOT_GOLDBET,95155f2b3d139c56ff79366b32edb3d1266cc60cf12a6ed153a1b972eb8b1903,1499.6044338477113,1649.307190988256,-149.7027571405447,-1.2,-2.4,-1.2,33.882914894425085,25,25,False
2c5d83833dd3362fdd936d32,Primeira Liga,2022/2023,DEVELOPMENT,2023-04-02,20:30,MATCH_KICKOFF_TIME_TIMEZONE_NOT_STATED_BY_SOURCE,,NOT_VERIFIED_DO_NOT_INFER,Porto,Portimonense,1,0,H,EVALUATION_ONLY_JOIN_AFTER_PREMATCH_FEATURE_FREEZE,1.14,8.21,19.46,EXTERNAL_HISTORICAL_MARKET_BENCHMARK,NOT_AVAILABLE,NOT_GOLDBET,7d5943e742eac2f3abd33114dfc5e4ed7e890adc329797f7b29fe9edb093ca6d,1612.2561892657425,1433.2780899748107,178.97809929093182,1.4,1.4,2.4,7.711427429574087,25,25,False
2896a371ce39dd536fccd16a,Primeira Liga,2022/2023,DEVELOPMENT,2023-04-03,20:15,MATCH_KICKOFF_TIME_TIMEZONE_NOT_STATED_BY_SOURCE,,NOT_VERIFIED_DO_NOT_INFER,Famalicao,Arouca,0,1,A,EVALUATION_ONLY_JOIN_AFTER_PREMATCH_FEATURE_FREEZE,1.95,3.4,3.98,EXTERNAL_HISTORICAL_MARKET_BENCHMARK,NOT_AVAILABLE,NOT_GOLDBET,33881a2ce420855afcb31ea8175610909e3da3dcb48f4e6f8abc78731005e44c,1499.827713761144,1524.1869223727633,-24.35920861161935,0.7999999999999998,0.19999999999999996,0.8,-1.0778563396515892,25,25,False
85ba7837ad5f15a691b8938b,Primeira Liga,2022/2023,DEVELOPMENT,2023-04-05,20:15,MATCH_KICKOFF_TIME_TIMEZONE_NOT_STATED_BY_SOURCE,,NOT_VERIFIED_DO_NOT_INFER,Gil Vicente,Sp Lisbon,0,0,D,EVALUATION_ONLY_JOIN_AFTER_PREMATCH_FEATURE_FREEZE,8.06,4.95,1.37,EXTERNAL_HISTORICAL_MARKET_BENCHMARK,NOT_AVAILABLE,NOT_GOLDBET,1e099b790d7b79b68cc9d4bd3617ea480b1c2b52241deb7e2396ddb929bdee5d,1473.7670437858042,1585.7405351508685,-111.97349136506432,-1.6,-1.8,0.20000000000000018,29.116931796188737,25,25,False
3154d51b83a89f4891e2345e,Primeira Liga,2022/2023,DEVELOPMENT,2023-04-07,15:30,MATCH_KICKOFF_TIME_TIMEZONE_NOT_STATED_BY_SOURCE,,NOT_VERIFIED_DO_NOT_INFER,Santa Clara,Vizela,0,1,A,EVALUATION_ONLY_JOIN_AFTER_PREMATCH_FEATURE_FREEZE,3.5,3.18,2.19,EXTERNAL_HISTORICAL_MARKET_BENCHMARK,NOT_AVAILABLE,NOT_GOLDBET,1e766ac15771ec46fb2efba2b393784970b97bb69c10e237e2b76025fd2bcebe,1388.914835625279,1501.8168988404946,-112.90206321521555,-1.8,-2.0,-1.2,-35.97681994627828,26,26,False
66b22cf435ae223c79dc685c,Primeira Liga,2022/2023,DEVELOPMENT,2023-04-07,18:00,MATCH_KICKOFF_TIME_TIMEZONE_NOT_STATED_BY_SOURCE,,NOT_VERIFIED_DO_NOT_INFER,Benfica,Porto,1,2,A,EVALUATION_ONLY_JOIN_AFTER_PREMATCH_FEATURE_FREEZE,1.82,3.54,4.45,EXTERNAL_HISTORICAL_MARKET_BENCHMARK,NOT_AVAILABLE,NOT_GOLDBET,b055fedea5dd0f0b4628e04510c9918e2d25686994bb3e66137f6733233f25ff,1656.7812170825978,1616.2903003662545,40.490916716343236,1.0,1.7999999999999998,0.0,1.4556400236263016,26,26,False
533e3aca0cb778030e621abd,Primeira Liga,2022/2023,DEVELOPMENT,2023-04-07,20:30,MATCH_KICKOFF_TIME_TIMEZONE_NOT_STATED_BY_SOURCE,,NOT_VERIFIED_DO_NOT_INFER,Boavista,Guimaraes,2,1,H,EVALUATION_ONLY_JOIN_AFTER_PREMATCH_FEATURE_FREEZE,2.5,3.07,2.95,EXTERNAL_HISTORICAL_MARKET_BENCHMARK,NOT_AVAILABLE,NOT_GOLDBET,151d090f08a5b802d94e70f7aa09134a377c27dddaaa43bc2f8d1eb96ffb120d,1458.1958237545764,1517.79776808335,-59.6019443287737,-0.5999999999999999,-0.20000000000000007,-0.19999999999999996,-35.42236873538786,26,26,False
9195fc782c8229e2a6fbcb7a,Primeira Liga,2022/2023,DEVELOPMENT,2023-04-08,15:30,MATCH_KICKOFF_TIME_TIMEZONE_NOT_STATED_BY_SOURCE,,NOT_VERIFIED_DO_NOT_INFER,Arouca,Maritimo,1,0,H,EVALUATION_ONLY_JOIN_AFTER_PREMATCH_FEATURE_FREEZE,2.27,3.19,3.32,EXTERNAL_HISTORICAL_MARKET_BENCHMARK,NOT_AVAILABLE,NOT_GOLDBET,31968cde26242315a1febf9e2669013999d83d87578aede2e1dc27650f5fb185,1535.2091635875242,1423.0904907921893,112.11867279533499,1.0000000000000002,1.6,2.0,-14.432246684415304,26,26,False
b0f0ad8771b739e071bd051b,Primeira Liga,2022/2023,DEVELOPMENT,2023-04-08,18:00,MATCH_KICKOFF_TIME_TIMEZONE_NOT_STATED_BY_SOURCE,,NOT_VERIFIED_DO_NOT_INFER,Pacos Ferreira,Famalicao,1,3,A,EVALUATION_ONLY_JOIN_AFTER_PREMATCH_FEATURE_FREEZE,2.8,3.03,2.7,EXTERNAL_HISTORICAL_MARKET_BENCHMARK,NOT_AVAILABLE,NOT_GOLDBET,bafdad52e46dce8888a01aaaada2cc41dfdcabacf3356eac6b62b03dd799616e,1418.5634324260163,1488.805472546383,-70.24204012036671,-0.8,-0.4,0.0,-34.66207316443001,26,26,False
273f6b4a436f621acd276878,Primeira Liga,2022/2023,DEVELOPMENT,2023-04-08,18:00,MATCH_KICKOFF_TIME_TIMEZONE_NOT_STATED_BY_SOURCE,,NOT_VERIFIED_DO_NOT_INFER,Portimonense,Rio Ave,2,2,D,EVALUATION_ONLY_JOIN_AFTER_PREMATCH_FEATURE_FREEZE,2.54,3.04,3,EXTERNAL_HISTORICAL_MARKET_BENCHMARK,NOT_AVAILABLE,NOT_GOLDBET,c0360d2a78047742882ee0d1c9e1a66daf065812a99c7a3ff53fa55d871995b9,1429.2439788742986,1492.1304077533696,-62.88642887907099,-1.8,-1.4,0.5999999999999999,-1.1317038764093468,26,26,False
d01cf2e9565c69f214de5a8d,Primeira Liga,2022/2023,DEVELOPMENT,2023-04-08,20:30,MATCH_KICKOFF_TIME_TIMEZONE_NOT_STATED_BY_SOURCE,,NOT_VERIFIED_DO_NOT_INFER,Sp Braga,Estoril,4,1,H,EVALUATION_ONLY_JOIN_AFTER_PREMATCH_FEATURE_FREEZE,1.26,5.75,11.38,EXTERNAL_HISTORICAL_MARKET_BENCHMARK,NOT_AVAILABLE,NOT_GOLDBET,603f921b92b5a1bfe43f42504ccc77fb37d77d2f42a20926e57307bc1e731aa7,1605.075937991977,1430.5819782315812,174.4939597603959,1.4,2.5999999999999996,2.6,-2.3632813812821496,26,26,False
4330c5c4f5dc56742a055ede,Primeira Liga,2022/2023,DEVELOPMENT,2023-04-09,18:00,MATCH_KICKOFF_TIME_TIMEZONE_NOT_STATED_BY_SOURCE,,NOT_VERIFIED_DO_NOT_INFER,Casa Pia,Sp Lisbon,3,4,A,EVALUATION_ONLY_JOIN_AFTER_PREMATCH_FEATURE_FREEZE,8.99,4.53,1.38,EXTERNAL_HISTORICAL_MARKET_BENCHMARK,NOT_AVAILABLE,NOT_GOLDBET,d22213c53335d63bb1bdaee96616ea902fd42df82836a17a2d6faa8e2d45eb3d,1495.5685896610614,1584.2556772269659,-88.68708756590445,-1.4000000000000001,-2.2,-0.20000000000000018,8.519470341269425,26,26,False
755eec09baf7fa7206d03ed7,Primeira Liga,2022/2023,DEVELOPMENT,2023-04-10,20:15,MATCH_KICKOFF_TIME_TIMEZONE_NOT_STATED_BY_SOURCE,,NOT_VERIFIED_DO_NOT_INFER,Gil Vicente,Chaves,0,0,D,EVALUATION_ONLY_JOIN_AFTER_PREMATCH_FEATURE_FREEZE,2.1,3.38,3.53,EXTERNAL_HISTORICAL_MARKET_BENCHMARK,NOT_AVAILABLE,NOT_GOLDBET,88c2ed1dd36923e316d246e03f55509fa291e2438ca437fcfe7376051ad61a3d,1475.2519017097068,1482.4261254463745,-7.174223736667727,0.19999999999999996,0.2,0.8,-4.455283823341688,26,26,False
ac7ad886c966f50c59f8f120,Primeira Liga,2022/2023,DEVELOPMENT,2023-04-14,20:15,MATCH_KICKOFF_TIME_TIMEZONE_NOT_STATED_BY_SOURCE,,NOT_VERIFIED_DO_NOT_INFER,Famalicao,Guimaraes,2,1,H,EVALUATION_ONLY_JOIN_AFTER_PREMATCH_FEATURE_FREEZE,1.95,3.32,4.16,EXTERNAL_HISTORICAL_MARKET_BENCHMARK,NOT_AVAILABLE,NOT_GOLDBET,af2664cc40591620cc7f357ec0d0793976d3f68165f2a37516d9d558d369d4d3,1498.5107682970465,1507.8092250415216,-9.298456744475061,1.0,1.2,0.40000000000000013,22.190787219975846,27,27,False
ff29d638d91f68f7bd92f6aa,Primeira Liga,2022/2023,DEVELOPMENT,2023-04-15,15:30,MATCH_KICKOFF_TIME_TIMEZONE_NOT_STATED_BY_SOURCE,,NOT_VERIFIED_DO_NOT_INFER,Estoril,Portimonense,0,1,A,EVALUATION_ONLY_JOIN_AFTER_PREMATCH_FEATURE_FREEZE,2.38,3.11,3.21,EXTERNAL_HISTORICAL_MARKET_BENCHMARK,NOT_AVAILABLE,NOT_GOLDBET,344698f25abd6ee0c8cd4011de8b2869b8db821235a6f5298466defc1e13b011,1426.4640990818134,1429.3270550643708,-2.8629559825574233,0.39999999999999997,-0.6000000000000001,1.2,5.97941337885004,27,27,False
419b94398faf67311d3d9c70,Primeira Liga,2022/2023,DEVELOPMENT,2023-04-15,15:30,MATCH_KICKOFF_TIME_TIMEZONE_NOT_STATED_BY_SOURCE,,NOT_VERIFIED_DO_NOT_INFER,Maritimo,Pacos Ferreira,3,1,H,EVALUATION_ONLY_JOIN_AFTER_PREMATCH_FEATURE_FREEZE,2.21,3.21,3.39,EXTERNAL_HISTORICAL_MARKET_BENCHMARK,NOT_AVAILABLE,NOT_GOLDBET,a003ad1a24b8511c05e1a0f5fbedffd7894616c57a25b884a8cc596c6d3006d2,1417.6753881309123,1408.8581366753529,8.817251455559472,-0.4,-0.7999999999999999,0.19999999999999996,34.636462414433936,27,27,False
1ec6a1f5b566981f140346a1,Primeira Liga,2022/2023,DEVELOPMENT,2023-04-15,18:00,MATCH_KICKOFF_TIME_TIMEZONE_NOT_STATED_BY_SOURCE,,NOT_VERIFIED_DO_NOT_INFER,Chaves,Benfica,1,0,H,EVALUATION_ONLY_JOIN_AFTER_PREMATCH_FEATURE_FREEZE,11.32,6.04,1.25,EXTERNAL_HISTORICAL_MARKET_BENCHMARK,NOT_AVAILABLE,NOT_GOLDBET,2323f46ea1cc006b2f55c078311f1b68cede8db017d437b1ce111363d16b6a64,1483.9349644641043,1643.9669013269754,-160.03193686287113,-1.0,-1.6,-1.8,-0.07499014285372141,27,27,False
a769235608b8cc13014b8091,Primeira Liga,2022/2023,DEVELOPMENT,2023-04-15,20:30,MATCH_KICKOFF_TIME_TIMEZONE_NOT_STATED_BY_SOURCE,,NOT_VERIFIED_DO_NOT_INFER,Porto,Santa Clara,2,1,H,EVALUATION_ONLY_JOIN_AFTER_PREMATCH_FEATURE_FREEZE,1.13,8.65,20.89,EXTERNAL_HISTORICAL_MARKET_BENCHMARK,NOT_AVAILABLE,NOT_GOLDBET,5436dba7e994def279d63041a3432b4d7955525c1d220ff98fb4bfc32e942aa4,1629.104616121877,1380.4258202993253,248.6787958225516,2.6,2.8,2.4,19.57829175570555,27,27,False
24a3c099c791bd6653ebe15d,Primeira Liga,2022/2023,DEVELOPMENT,2023-04-16,15:30,MATCH_KICKOFF_TIME_TIMEZONE_NOT_STATED_BY_SOURCE,,NOT_VERIFIED_DO_NOT_INFER,Rio Ave,Casa Pia,1,1,D,EVALUATION_ONLY_JOIN_AFTER_PREMATCH_FEATURE_FREEZE,2.16,3.09,3.71,EXTERNAL_HISTORICAL_MARKET_BENCHMARK,NOT_AVAILABLE,NOT_GOLDBET,2d11d6cb4ad0f4a7098a740e306a82e1f5cf9bf94053b06aad8b65f8e4e120b5,1492.0473315632973,1486.3923991602317,5.654932403065686,0.19999999999999996,0.2,1.6,34.62627446493457,27,27,False
e4b0142454b263019cae3d84,Primeira Liga,2022/2023,DEVELOPMENT,2023-04-16,18:00,MATCH_KICKOFF_TIME_TIMEZONE_NOT_STATED_BY_SOURCE,,NOT_VERIFIED_DO_NOT_INFER,Sp Braga,Gil Vicente,1,0,H,EVALUATION_ONLY_JOIN_AFTER_PREMATCH_FEATURE_FREEZE,1.3,5.61,9.47,EXTERNAL_HISTORICAL_MARKET_BENCHMARK,NOT_AVAILABLE,NOT_GOLDBET,6ad982c7ce4d762ad4bdffb32ce2481c9fcf83f51d542f7ff199ba8dc29b6ca2,1609.1938171417448,1473.743062691977,135.45075444976783,1.6,2.0,1.4000000000000001,21.83221210909869,27,27,False
1e71c82517b9209039870c5c,Primeira Liga,2022/2023,DEVELOPMENT,2023-04-16,20:30,MATCH_KICKOFF_TIME_TIMEZONE_NOT_STATED_BY_SOURCE,,NOT_VERIFIED_DO_NOT_INFER,Sp Lisbon,Arouca,1,1,D,EVALUATION_ONLY_JOIN_AFTER_PREMATCH_FEATURE_FREEZE,1.23,6.24,12.81,EXTERNAL_HISTORICAL_MARKET_BENCHMARK,NOT_AVAILABLE,NOT_GOLDBET,c460c6375a7fa588a334995aaa377a143e49afa94edb9980abb59489c7a03b13,1593.4318677277956,1540.6242662488012,52.80760147899446,0.3999999999999999,0.8,0.7999999999999998,-10.148092514460359,27,27,False
babe7239d1ae8f04f9bbe321,Primeira Liga,2022/2023,DEVELOPMENT,2023-04-17,20:15,MATCH_KICKOFF_TIME_TIMEZONE_NOT_STATED_BY_SOURCE,,NOT_VERIFIED_DO_NOT_INFER,Vizela,Boavista,1,1,D,EVALUATION_ONLY_JOIN_AFTER_PREMATCH_FEATURE_FREEZE,2.05,3.28,3.87,EXTERNAL_HISTORICAL_MARKET_BENCHMARK,NOT_AVAILABLE,NOT_GOLDBET,1675823e30903a3e76a032227ff8d2b94a58f0369dca9f3d2aa3dc56ec468145,1510.3059141664482,1468.184366796405,42.121547370043345,1.5999999999999999,1.6,0.7999999999999999,-27.936706989751656,27,27,False
2b49130ba55bb080404a615e,Primeira Liga,2022/2023,DEVELOPMENT,2023-04-21,20:15,MATCH_KICKOFF_TIME_TIMEZONE_NOT_STATED_BY_SOURCE,,NOT_VERIFIED_DO_NOT_INFER,Casa Pia,Sp Braga,0,1,A,EVALUATION_ONLY_JOIN_AFTER_PREMATCH_FEATURE_FREEZE,5.6,3.8,1.64,EXTERNAL_HISTORICAL_MARKET_BENCHMARK,NOT_AVAILABLE,NOT_GOLDBET,1c48c5525d0f6083158f5674d9688886aa92b6ac157448cee485395d6eb7f754,1488.259923189426,1614.0951289353638,-125.83520574593786,-1.8,-2.2,0.19999999999999996,-5.929402605604309,28,28,False
63fe8f69a44a243a420af861,Primeira Liga,2022/2023,DEVELOPMENT,2023-04-22,15:30,MATCH_KICKOFF_TIME_TIMEZONE_NOT_STATED_BY_SOURCE,,NOT_VERIFIED_DO_NOT_INFER,Famalicao,Maritimo,3,2,H,EVALUATION_ONLY_JOIN_AFTER_PREMATCH_FEATURE_FREEZE,1.98,3.37,3.96,EXTERNAL_HISTORICAL_MARKET_BENCHMARK,NOT_AVAILABLE,NOT_GOLDBET,ce1cef04658c5931484f42f269daaa7ba253b1aa833ecfd741a2ef0fdbff77c0,1507.0617321255017,1425.72017114046,81.34156098504172,1.2,1.2000000000000002,1.8,-22.219092529224554,28,28,False
0461c62fb6e613b86d07d78e,Primeira Liga,2022/2023,DEVELOPMENT,2023-04-22,18:00,MATCH_KICKOFF_TIME_TIMEZONE_NOT_STATED_BY_SOURCE,,NOT_VERIFIED_DO_NOT_INFER,Boavista,Rio Ave,3,2,H,EVALUATION_ONLY_JOIN_AFTER_PREMATCH_FEATURE_FREEZE,2.39,3.06,3.23,EXTERNAL_HISTORICAL_MARKET_BENCHMARK,NOT_AVAILABLE,NOT_GOLDBET,f5ae0cfc43ebf6f12d8130388d1445fd7119efb89d6777d04f646f3e337a09c3,1471.0418412575016,1490.179807534103,-19.137966276601446,-0.8,-1.4,0.8,9.267928858344021,28,28,False
539c2253a98debf24477d09e,Primeira Liga,2022/2023,DEVELOPMENT,2023-04-22,20:30,MATCH_KICKOFF_TIME_TIMEZONE_NOT_STATED_BY_SOURCE,,NOT_VERIFIED_DO_NOT_INFER,Pacos Ferreira,Porto,0,2,A,EVALUATION_ONLY_JOIN_AFTER_PREMATCH_FEATURE_FREEZE,14.38,6.25,1.21,EXTERNAL_HISTORICAL_MARKET_BENCHMARK,NOT_AVAILABLE,NOT_GOLDBET,9a91decdf6b0130a6076c0e2286eeb37981274c636231ec33cdfd0fbbff7211f,1400.8133536658052,1631.9983479809518,-231.1849943151467,-1.6,-1.4,-1.4000000000000001,-26.981554329334813,28,28,False
cabc1d1afe3b846fefb0493d,Primeira Liga,2022/2023,DEVELOPMENT,2023-04-23,15:30,MATCH_KICKOFF_TIME_TIMEZONE_NOT_STATED_BY_SOURCE,,NOT_VERIFIED_DO_NOT_INFER,Portimonense,Gil Vicente,1,0,H,EVALUATION_ONLY_JOIN_AFTER_PREMATCH_FEATURE_FREEZE,2.57,3.33,2.74,EXTERNAL_HISTORICAL_MARKET_BENCHMARK,NOT_AVAILABLE,NOT_GOLDBET,bce966d8eda60b616d97ac234f2cb1405c48e6aac8c24d8206b09683785d62d5,1440.956924539164,1468.841750898358,-27.884826359193994,0.4,0.0,0.19999999999999996,-18.613918095090867,28,28,False
769870c1a53161bcae843ee1,Primeira Liga,2022/2023,DEVELOPMENT,2023-04-23,18:00,MATCH_KICKOFF_TIME_TIMEZONE_NOT_STATED_BY_SOURCE,,NOT_VERIFIED_DO_NOT_INFER,Benfica,Estoril,1,0,H,EVALUATION_ONLY_JOIN_AFTER_PREMATCH_FEATURE_FREEZE,1.13,8.44,19.59,EXTERNAL_HISTORICAL_MARKET_BENCHMARK,NOT_AVAILABLE,NOT_GOLDBET,4f9a4bcf0e1496601f96e771adc9c1a0b06d77bac90193841812a10bb3d5c01d,1631.164754269459,1414.8342296070202,216.33052466243885,1.2000000000000002,2.4,2.4,-10.620477940733736,28,28,False
74f9ec9633d4969803cf60ca,Primeira Liga,2022/2023,DEVELOPMENT,2023-04-23,18:00,MATCH_KICKOFF_TIME_TIMEZONE_NOT_STATED_BY_SOURCE,,NOT_VERIFIED_DO_NOT_INFER,Santa Clara,Chaves,1,1,D,EVALUATION_ONLY_JOIN_AFTER_PREMATCH_FEATURE_FREEZE,2.65,3.16,2.77,EXTERNAL_HISTORICAL_MARKET_BENCHMARK,NOT_AVAILABLE,NOT_GOLDBET,52d1624152160abd3f7c5bfe31020e080e7d0bc93197079000f50d1d446466e4,1377.5320884402504,1496.7371115216206,-119.2050230813702,-2.0,-2.4000000000000004,-0.8,1.2080827086172121,28,28,False
4e15dc3e3b77b3b1189f16d7,Primeira Liga,2022/2023,DEVELOPMENT,2023-04-23,20:30,MATCH_KICKOFF_TIME_TIMEZONE_NOT_STATED_BY_SOURCE,,NOT_VERIFIED_DO_NOT_INFER,Arouca,Vizela,1,0,H,EVALUATION_ONLY_JOIN_AFTER_PREMATCH_FEATURE_FREEZE,2.75,3.15,2.66,EXTERNAL_HISTORICAL_MARKET_BENCHMARK,NOT_AVAILABLE,NOT_GOLDBET,5cfc7b20c6dbf7e90e37a09d1e1b9c5ac8f46f40ee1b4444222aaebdb9c725ca,1543.7616482542185,1507.4484397053516,36.313208548866896,0.20000000000000018,0.8,0.0,14.339787837398035,28,28,False
6f7e5eb260861d17f242e9fc,Primeira Liga,2022/2023,DEVELOPMENT,2023-04-24,20:15,MATCH_KICKOFF_TIME_TIMEZONE_NOT_STATED_BY_SOURCE,,NOT_VERIFIED_DO_NOT_INFER,Guimaraes,Sp Lisbon,0,2,A,EVALUATION_ONLY_JOIN_AFTER_PREMATCH_FEATURE_FREEZE,7.76,4.53,1.42,EXTERNAL_HISTORICAL_MARKET_BENCHMARK,NOT_AVAILABLE,NOT_GOLDBET,b1bccde2bf564d3adeb0901eca4948f503a6ed39b00546e9b4699a80ab1a45bb,1499.2582612130664,1590.2944857223783,-91.03622450931198,-2.0,-3.0,-0.6000000000000001,28.639465948900806,28,28,False
f2210bab33f2f7e37a523e73,Primeira Liga,2022/2023,DEVELOPMENT,2023-04-28,20:15,MATCH_KICKOFF_TIME_TIMEZONE_NOT_STATED_BY_SOURCE,,NOT_VERIFIED_DO_NOT_INFER,Rio Ave,Arouca,1,0,H,EVALUATION_ONLY_JOIN_AFTER_PREMATCH_FEATURE_FREEZE,2.33,3.12,3.26,EXTERNAL_HISTORICAL_MARKET_BENCHMARK,NOT_AVAILABLE,NOT_GOLDBET,225fcb54baf87ab091bcc717b921b6e6e5c5967121f71465acdbfdedb3ea0393,1481.350518539175,1551.058423406511,-69.70790486733608,-1.2000000000000002,-0.6,0.3999999999999999,0.9639222407274701,29,29,False
8436ad261fcea849aeb556ec,Primeira Liga,2022/2023,DEVELOPMENT,2023-04-29,15:30,MATCH_KICKOFF_TIME_TIMEZONE_NOT_STATED_BY_SOURCE,,NOT_VERIFIED_DO_NOT_INFER,Maritimo,Guimaraes,1,2,A,EVALUATION_ONLY_JOIN_AFTER_PREMATCH_FEATURE_FREEZE,2.43,3.23,2.99,EXTERNAL_HISTORICAL_MARKET_BENCHMARK,NOT_AVAILABLE,NOT_GOLDBET,92f5b75a948ac64f46cd6ee082baa0b96b974f473bcf285e5d2f9a837350988a,1419.5778101037115,1490.1491870336952,-70.57137692998367,1.0,1.6,1.0,-37.58552101512191,29,29,False
c7040f155d16a9444ea954aa,Primeira Liga,2022/2023,DEVELOPMENT,2023-04-29,15:30,MATCH_KICKOFF_TIME_TIMEZONE_NOT_STATED_BY_SOURCE,,NOT_VERIFIED_DO_NOT_INFER,Sp Braga,Portimonense,4,1,H,EVALUATION_ONLY_JOIN_AFTER_PREMATCH_FEATURE_FREEZE,1.24,6.22,11.9,EXTERNAL_HISTORICAL_MARKET_BENCHMARK,NOT_AVAILABLE,NOT_GOLDBET,c1ecc701506c1ad0a48311a1b549100917daee3c1f885b245e361412a4c92b33,1622.2225976708464,1450.03519918258,172.18739848826635,1.2000000000000002,1.2,2.0,2.466734783242373,29,29,False
33bc6ddaa559520c125202fe,Primeira Liga,2022/2023,DEVELOPMENT,2023-04-29,18:00,MATCH_KICKOFF_TIME_TIMEZONE_NOT_STATED_BY_SOURCE,,NOT_VERIFIED_DO_NOT_INFER,Chaves,Casa Pia,1,0,H,EVALUATION_ONLY_JOIN_AFTER_PREMATCH_FEATURE_FREEZE,2.3,3.12,3.32,EXTERNAL_HISTORICAL_MARKET_BENCHMARK,NOT_AVAILABLE,NOT_GOLDBET,58a0cda6c6a9fa6de6dd4a3dd4fba6e09e38a077f670897e303c9c6b8d03d265,1495.049358827973,1480.1324544539434,14.916904374029627,0.8,0.8,0.7999999999999999,-15.835564272609872,29,29,False
31efbf3337d508e15e560476,Primeira Liga,2022/2023,DEVELOPMENT,2023-04-29,18:00,MATCH_KICKOFF_TIME_TIMEZONE_NOT_STATED_BY_SOURCE,,NOT_VERIFIED_DO_NOT_INFER,Vizela,Pacos Ferreira,1,2,A,EVALUATION_ONLY_JOIN_AFTER_PREMATCH_FEATURE_FREEZE,1.89,3.47,4.21,EXTERNAL_HISTORICAL_MARKET_BENCHMARK,NOT_AVAILABLE,NOT_GOLDBET,0d4e2517d7eea9f17ca40a62a2abd427d61dbf9dc0a03f9d901aa5be032a9658,1500.151664553059,1395.3770005850395,104.77466396801947,1.6,1.7999999999999998,0.0,-48.15939790391781,29,29,False
a80d355691ccf90485dc1a0d,Primeira Liga,2022/2023,DEVELOPMENT,2023-04-29,20:30,MATCH_KICKOFF_TIME_TIMEZONE_NOT_STATED_BY_SOURCE,,NOT_VERIFIED_DO_NOT_INFER,Gil Vicente,Benfica,0,2,A,EVALUATION_ONLY_JOIN_AFTER_PREMATCH_FEATURE_FREEZE,11.61,6.07,1.24,EXTERNAL_HISTORICAL_MARKET_BENCHMARK,NOT_AVAILABLE,NOT_GOLDBET,73f591934f0f6a3fbcc0df6acdac35150d73bdb90e321ad47075b08efba95202,1459.763476254942,1634.5505013056516,-174.78702505070964,-1.4,-1.4,-1.0,-0.6948851080414897,29,29,False
9253d086dd0828a3e58407fe,Primeira Liga,2022/2023,DEVELOPMENT,2023-04-30,15:30,MATCH_KICKOFF_TIME_TIMEZONE_NOT_STATED_BY_SOURCE,,NOT_VERIFIED_DO_NOT_INFER,Estoril,Santa Clara,3,0,H,EVALUATION_ONLY_JOIN_AFTER_PREMATCH_FEATURE_FREEZE,2.13,3.18,3.72,EXTERNAL_HISTORICAL_MARKET_BENCHMARK,NOT_AVAILABLE,NOT_GOLDBET,7455095a81a55903aabfb7a1c80caeddc1d84096c0be48750615c19ac41f0411,1411.4484825708278,1379.219841133898,32.22864143692982,0.39999999999999997,0.19999999999999996,0.6,-13.93885988630791,29,29,False
c6f784cb4ea7e3e597432c71,Primeira Liga,2022/2023,DEVELOPMENT,2023-04-30,18:00,MATCH_KICKOFF_TIME_TIMEZONE_NOT_STATED_BY_SOURCE,,NOT_VERIFIED_DO_NOT_INFER,Porto,Boavista,1,0,H,EVALUATION_ONLY_JOIN_AFTER_PREMATCH_FEATURE_FREEZE,1.19,6.74,16.71,EXTERNAL_HISTORICAL_MARKET_BENCHMARK,NOT_AVAILABLE,NOT_GOLDBET,f651c580179ed0ae60a3a8fd087ef07788aaac497ae44c711e41b9a7659ba9d5,1637.4347010617175,1479.8711302524296,157.56357080928797,1.2000000000000002,1.2,1.5999999999999999,9.82363264821629,29,29,False
6caacc4fac9484bdfc76984c,Primeira Liga,2022/2023,DEVELOPMENT,2023-04-30,20:30,MATCH_KICKOFF_TIME_TIMEZONE_NOT_STATED_BY_SOURCE,,NOT_VERIFIED_DO_NOT_INFER,Sp Lisbon,Famalicao,2,1,H,EVALUATION_ONLY_JOIN_AFTER_PREMATCH_FEATURE_FREEZE,1.19,6.69,15.57,EXTERNAL_HISTORICAL_MARKET_BENCHMARK,NOT_AVAILABLE,NOT_GOLDBET,48ba77acfbe78637ccaddfb493689c84728aa439b511fbeecb439913482fad58,1599.4035599017495,1513.2040931622503,86.19946673949926,-0.19999999999999973,0.3999999999999999,0.19999999999999996,9.238940672793433,29,29,False
1c900318f967b69a16772f39,Primeira Liga,2022/2023,DEVELOPMENT,2023-05-05,20:15,MATCH_KICKOFF_TIME_TIMEZONE_NOT_STATED_BY_SOURCE,,NOT_VERIFIED_DO_NOT_INFER,Casa Pia,Portimonense,1,1,D,EVALUATION_ONLY_JOIN_AFTER_PREMATCH_FEATURE_FREEZE,2.04,3.27,3.9,EXTERNAL_HISTORICAL_MARKET_BENCHMARK,NOT_AVAILABLE,NOT_GOLDBET,5b1434416dc1771c4b631ab3c380623bc8644eb02af4cb12025520b9c0e4556e,1472.2559272056214,1445.873732163561,26.382195042060403,-1.2,-0.6,0.7999999999999999,11.350383007030587,30,30,False
17a5b07f35fb3c264e8112aa,Primeira Liga,2022/2023,DEVELOPMENT,2023-05-06,15:30,MATCH_KICKOFF_TIME_TIMEZONE_NOT_STATED_BY_SOURCE,,NOT_VERIFIED_DO_NOT_INFER,Santa Clara,Gil Vicente,3,2,H,EVALUATION_ONLY_JOIN_AFTER_PREMATCH_FEATURE_FREEZE,2.41,3.38,2.92,EXTERNAL_HISTORICAL_MARKET_BENCHMARK,NOT_AVAILABLE,NOT_GOLDBET,cfb271eebdde67de0bcd07c20ab2d4d54191df5979e4ab90e6155a641b666112,1371.8137511723494,1452.952130562643,-81.13837939029372,-0.2,-0.8,-0.39999999999999997,-26.37389976364352,30,30,False
3be15ec820166d8c3003b3aa,Primeira Liga,2022/2023,DEVELOPMENT,2023-05-06,18:00,MATCH_KICKOFF_TIME_TIMEZONE_NOT_STATED_BY_SOURCE,,NOT_VERIFIED_DO_NOT_INFER,Boavista,Estoril,1,0,H,EVALUATION_ONLY_JOIN_AFTER_PREMATCH_FEATURE_FREEZE,2.34,3.17,3.2,EXTERNAL_HISTORICAL_MARKET_BENCHMARK,NOT_AVAILABLE,NOT_GOLDBET,cb97077980af161fc304fa04a77466117c59194b99947e8c2fa661ecc5deb642,1475.4254191762282,1418.8545725323763,56.57084664385184,0.19999999999999996,0.0,1.6,8.061250535099589,30,30,False
ae24f417a6c0e2409eaa04a5,Primeira Liga,2022/2023,DEVELOPMENT,2023-05-06,20:30,MATCH_KICKOFF_TIME_TIMEZONE_NOT_STATED_BY_SOURCE,,NOT_VERIFIED_DO_NOT_INFER,Benfica,Sp Braga,1,0,H,EVALUATION_ONLY_JOIN_AFTER_PREMATCH_FEATURE_FREEZE,1.53,4.3,5.77,EXTERNAL_HISTORICAL_MARKET_BENCHMARK,NOT_AVAILABLE,NOT_GOLDBET,c1234af7153a918ececebe09d52adf8c0817152bef90a8ae7c271c69802f729e,1641.3618469979504,1626.3840646898655,14.977782308084898,-1.2,-1.4,0.0,28.1351801348776,30,30,False
3c66989cbc36db1acc030361,Primeira Liga,2022/2023,DEVELOPMENT,2023-05-07,15:30,MATCH_KICKOFF_TIME_TIMEZONE_NOT_STATED_BY_SOURCE,,NOT_VERIFIED_DO_NOT_INFER,Maritimo,Rio Ave,2,2,D,EVALUATION_ONLY_JOIN_AFTER_PREMATCH_FEATURE_FREEZE,1.91,3.35,4.29,EXTERNAL_HISTORICAL_MARKET_BENCHMARK,NOT_AVAILABLE,NOT_GOLDBET,4a928698e4c14c7b81c222a9324bb9dd55c0463b3a36d70108e5bbad239a84b8,1409.8819849283702,1491.6298618083706,-81.74787688000038,0.19999999999999996,0.4,1.0,-35.543852716065885,30,30,False
36041ae33c6e0c4f6435ce86,Primeira Liga,2022/2023,DEVELOPMENT,2023-05-07,18:00,MATCH_KICKOFF_TIME_TIMEZONE_NOT_STATED_BY_SOURCE,,NOT_VERIFIED_DO_NOT_INFER,Guimaraes,Vizela,3,0,H,EVALUATION_ONLY_JOIN_AFTER_PREMATCH_FEATURE_FREEZE,2.46,3.16,3,EXTERNAL_HISTORICAL_MARKET_BENCHMARK,NOT_AVAILABLE,NOT_GOLDBET,ba8aff4c92575851d416321293775ab984ab61e6e9b92e25ea90149fd1399565,1499.8450122090364,1485.7353189092878,14.109693299748642,-0.5999999999999999,-0.8,-0.6000000000000001,16.048496279094024,30,30,False
a8360ccc9fe1a897e1d735bf,Primeira Liga,2022/2023,DEVELOPMENT,2023-05-07,20:30,MATCH_KICKOFF_TIME_TIMEZONE_NOT_STATED_BY_SOURCE,,NOT_VERIFIED_DO_NOT_INFER,Pacos Ferreira,Sp Lisbon,0,4,A,EVALUATION_ONLY_JOIN_AFTER_PREMATCH_FEATURE_FREEZE,10.06,5.51,1.29,EXTERNAL_HISTORICAL_MARKET_BENCHMARK,NOT_AVAILABLE,NOT_GOLDBET,829c492ab357461067618f4f71e89b834bb4080b2f19dc07d905d407a379874b,1409.7933462288106,1605.42755274775,-195.63420651893944,-1.4000000000000001,-1.8,-1.4000000000000001,7.700469904223155,30,30,False
26b7e6085de34e261c2a4b57,Primeira Liga,2022/2023,DEVELOPMENT,2023-05-08,19:00,MATCH_KICKOFF_TIME_TIMEZONE_NOT_STATED_BY_SOURCE,,NOT_VERIFIED_DO_NOT_INFER,Famalicao,Chaves,1,2,A,EVALUATION_ONLY_JOIN_AFTER_PREMATCH_FEATURE_FREEZE,1.77,3.68,4.57,EXTERNAL_HISTORICAL_MARKET_BENCHMARK,NOT_AVAILABLE,NOT_GOLDBET,be52d7dc578be17171c8dc44585403925139f0c27106db1cb774864fa62ea2bd,1507.1801003162498,1502.925886076295,4.254214239954763,0.19999999999999996,0.2,1.2,-19.514151583327248,30,30,False
e69ef91c7acafabd267d938d,Primeira Liga,2022/2023,DEVELOPMENT,2023-05-08,21:15,MATCH_KICKOFF_TIME_TIMEZONE_NOT_STATED_BY_SOURCE,,NOT_VERIFIED_DO_NOT_INFER,Arouca,Porto,0,1,A,EVALUATION_ONLY_JOIN_AFTER_PREMATCH_FEATURE_FREEZE,8.91,4.9,1.35,EXTERNAL_HISTORICAL_MARKET_BENCHMARK,NOT_AVAILABLE,NOT_GOLDBET,1bc7e3f190f48fbe1234bc3010ec830afcbf786c88a25d5fac229ca682720685,1540.7790801373155,1641.880412137919,-101.1013320006034,-1.0,-0.7999999999999999,0.0,30.795883850137443,30,30,False
469f13fb3331e4299d9a278b,Primeira Liga,2022/2023,DEVELOPMENT,2023-05-12,20:15,MATCH_KICKOFF_TIME_TIMEZONE_NOT_STATED_BY_SOURCE,,NOT_VERIFIED_DO_NOT_INFER,Gil Vicente,Boavista,3,1,H,EVALUATION_ONLY_JOIN_AFTER_PREMATCH_FEATURE_FREEZE,2.53,3.32,2.79,EXTERNAL_HISTORICAL_MARKET_BENCHMARK,NOT_AVAILABLE,NOT_GOLDBET,e7fa60699e7153862a4f7cd8fb249c43914b19715d55056b54552354805232eb,1442.3444686946154,1482.1907184031445,-39.84624970852906,-1.8,-1.4,0.3999999999999999,-7.126328754542101,31,31,False
ed92648464c130f5da3067a7,Primeira Liga,2022/2023,DEVELOPMENT,2023-05-13,15:30,MATCH_KICKOFF_TIME_TIMEZONE_NOT_STATED_BY_SOURCE,,NOT_VERIFIED_DO_NOT_INFER,Chaves,Pacos Ferreira,2,0,H,EVALUATION_ONLY_JOIN_AFTER_PREMATCH_FEATURE_FREEZE,2.16,3.43,3.31,EXTERNAL_HISTORICAL_MARKET_BENCHMARK,NOT_AVAILABLE,NOT_GOLDBET,9c81d19909bc73fa695cbfc362f21163cbced724a731bbac453233f67957fc87,1514.7544711656492,1403.5102811123782,111.24419005327104,1.6,2.4,0.8,-31.998995942386045,31,31,False
0b7c8dd71eeb7963d2d5f05e,Primeira Liga,2022/2023,DEVELOPMENT,2023-05-13,15:30,MATCH_KICKOFF_TIME_TIMEZONE_NOT_STATED_BY_SOURCE,,NOT_VERIFIED_DO_NOT_INFER,Vizela,Famalicao,0,0,D,EVALUATION_ONLY_JOIN_AFTER_PREMATCH_FEATURE_FREEZE,2.62,3.21,2.7,EXTERNAL_HISTORICAL_MARKET_BENCHMARK,NOT_AVAILABLE,NOT_GOLDBET,1e6330a8196fafc1821363878e2234b4ff6b107b87ab922aecff0af45d81e4e0,1477.8365949735576,1495.3515152268956,-17.514920253338005,-1.0,-1.2000000000000002,-1.0,-31.667882223212928,31,31,False
11432a35851b16b210341eda,Primeira Liga,2022/2023,DEVELOPMENT,2023-05-13,18:00,MATCH_KICKOFF_TIME_TIMEZONE_NOT_STATED_BY_SOURCE,,NOT_VERIFIED_DO_NOT_INFER,Portimonense,Benfica,1,5,A,EVALUATION_ONLY_JOIN_AFTER_PREMATCH_FEATURE_FREEZE,17,8.02,1.15,EXTERNAL_HISTORICAL_MARKET_BENCHMARK,NOT_AVAILABLE,NOT_GOLDBET,4a0c3f7c40d03c056551c18fce14ea8fb6f26f76dbb93a90eb0e0c25f8208ec4,1448.3100169229842,1649.2367011101915,-200.92668418720723,-0.19999999999999996,-0.6000000000000001,-1.0,-23.85845055443565,31,31,False
f0d0f8ffa41e69eefe5d9160,Primeira Liga,2022/2023,DEVELOPMENT,2023-05-13,20:30,MATCH_KICKOFF_TIME_TIMEZONE_NOT_STATED_BY_SOURCE,,NOT_VERIFIED_DO_NOT_INFER,Sp Lisbon,Maritimo,2,1,H,EVALUATION_ONLY_JOIN_AFTER_PREMATCH_FEATURE_FREEZE,1.15,8.04,16.84,EXTERNAL_HISTORICAL_MARKET_BENCHMARK,NOT_AVAILABLE,NOT_GOLDBET,5415baac8d1d9c4acb6055b4ac30241047feebef5f0c2d8ff699ea955b091a0f,1611.7106178641825,1410.5071228863208,201.20349497786174,1.8,1.8,2.6,5.108095056708862,31,31,False
e2a8a455f86a858d571e9ad7,Primeira Liga,2022/2023,DEVELOPMENT,2023-05-14,15:30,MATCH_KICKOFF_TIME_TIMEZONE_NOT_STATED_BY_SOURCE,,NOT_VERIFIED_DO_NOT_INFER,Rio Ave,Guimaraes,0,1,A,EVALUATION_ONLY_JOIN_AFTER_PREMATCH_FEATURE_FREEZE,3.33,3.21,2.27,EXTERNAL_HISTORICAL_MARKET_BENCHMARK,NOT_AVAILABLE,NOT_GOLDBET,565cfd82014b21c3b76699ade4503b7b4445eb316ba2e1d7d1141b37d3404efb,1491.00472385042,1507.7437361447667,-16.739012294346594,0.0,0.0,0.8,-20.939115832017478,31,31,False
03da36ef5405e0394bec298a,Primeira Liga,2022/2023,DEVELOPMENT,2023-05-14,18:00,MATCH_KICKOFF_TIME_TIMEZONE_NOT_STATED_BY_SOURCE,,NOT_VERIFIED_DO_NOT_INFER,Sp Braga,Santa Clara,5,3,H,EVALUATION_ONLY_JOIN_AFTER_PREMATCH_FEATURE_FREEZE,1.23,6.1,12.37,EXTERNAL_HISTORICAL_MARKET_BENCHMARK,NOT_AVAILABLE,NOT_GOLDBET,46066f8a678a917f01e4f312144c141576677b338936825f0040c199b32d5eef,1618.5092105776243,1382.421413040377,236.0877975372473,1.5999999999999999,2.2,2.6,-1.6154458647897627,31,31,False
00402375270aebff11d1f767,Primeira Liga,2022/2023,DEVELOPMENT,2023-05-14,20:30,MATCH_KICKOFF_TIME_TIMEZONE_NOT_STATED_BY_SOURCE,,NOT_VERIFIED_DO_NOT_INFER,Porto,Casa Pia,2,1,H,EVALUATION_ONLY_JOIN_AFTER_PREMATCH_FEATURE_FREEZE,1.19,6.77,14.81,EXTERNAL_HISTORICAL_MARKET_BENCHMARK,NOT_AVAILABLE,NOT_GOLDBET,9e7ac8574bf3e400d7355cfb0901cdef1591fc43d027e10ebb67ae93e6633ed9,1650.702908521968,1469.8196424461983,180.88326607576982,2.6,1.7999999999999998,2.1999999999999997,-34.53012545593765,31,31,False
08e05b8482f1afe248b184b8,Primeira Liga,2022/2023,DEVELOPMENT,2023-05-15,20:15,MATCH_KICKOFF_TIME_TIMEZONE_NOT_STATED_BY_SOURCE,,NOT_VERIFIED_DO_NOT_INFER,Estoril,Arouca,2,0,H,EVALUATION_ONLY_JOIN_AFTER_PREMATCH_FEATURE_FREEZE,2.64,3.1,2.85,EXTERNAL_HISTORICAL_MARKET_BENCHMARK,NOT_AVAILABLE,NOT_GOLDBET,4a845a44aaa5a26e40cfa55ace44e6a3a84a55024b39d773774a8c7ddfef5324,1412.08927330546,1531.9565837532664,-119.8673104478064,-0.7999999999999999,-0.6,-0.40000000000000013,-25.39774425329938,31,31,False
d2aa290f9b556b9f99a3ba57,Primeira Liga,2022/2023,DEVELOPMENT,2023-05-19,20:15,MATCH_KICKOFF_TIME_TIMEZONE_NOT_STATED_BY_SOURCE,,NOT_VERIFIED_DO_NOT_INFER,Maritimo,Vizela,1,0,H,EVALUATION_ONLY_JOIN_AFTER_PREMATCH_FEATURE_FREEZE,1.76,3.73,4.61,EXTERNAL_HISTORICAL_MARKET_BENCHMARK,NOT_AVAILABLE,NOT_GOLDBET,ba8e97b2d07b425562049a4329b24537f4f1b6be4f2ec5a99c29b9428f2a8220,1406.8693630378752,1476.6198347273269,-69.75047168945162,0.4,0.8,-0.40000000000000013,21.37799848710165,32,32,False
aba5c4200642a5c7bcd6c2af,Primeira Liga,2022/2023,DEVELOPMENT,2023-05-20,15:30,MATCH_KICKOFF_TIME_TIMEZONE_NOT_STATED_BY_SOURCE,,NOT_VERIFIED_DO_NOT_INFER,Arouca,Chaves,1,0,H,EVALUATION_ONLY_JOIN_AFTER_PREMATCH_FEATURE_FREEZE,2,3.47,3.74,EXTERNAL_HISTORICAL_MARKET_BENCHMARK,NOT_AVAILABLE,NOT_GOLDBET,26993d9a3b48debbefeaed3b0ce9a53f525e614d1459f21c358c76a550d5eb0d,1520.2503178628826,1520.1894754072507,0.060842455631927805,-1.8,-1.6,0.3999999999999999,44.7757371531809,32,32,False
680d0a591a7dbc1696af4b7a,Primeira Liga,2022/2023,DEVELOPMENT,2023-05-20,15:30,MATCH_KICKOFF_TIME_TIMEZONE_NOT_STATED_BY_SOURCE,,NOT_VERIFIED_DO_NOT_INFER,Santa Clara,Portimonense,1,0,H,EVALUATION_ONLY_JOIN_AFTER_PREMATCH_FEATURE_FREEZE,1.77,3.73,4.5,EXTERNAL_HISTORICAL_MARKET_BENCHMARK,NOT_AVAILABLE,NOT_GOLDBET,b49dde615fd6cc1f8a4f391913d10b5be97257335bd0188a61819ccbde5d7c91,1379.3436314224227,1442.1574870951138,-62.813855672691034,-0.5999999999999999,0.0,0.0,-6.0539049224476,32,32,False
ac65b17d489ba87f0192ff6e,Primeira Liga,2022/2023,DEVELOPMENT,2023-05-20,18:00,MATCH_KICKOFF_TIME_TIMEZONE_NOT_STATED_BY_SOURCE,,NOT_VERIFIED_DO_NOT_INFER,Boavista,Sp Braga,1,1,D,EVALUATION_ONLY_JOIN_AFTER_PREMATCH_FEATURE_FREEZE,5.12,4.18,1.61,EXTERNAL_HISTORICAL_MARKET_BENCHMARK,NOT_AVAILABLE,NOT_GOLDBET,90b89e4c9ef5c31eecf8db6186bd64a313d97519d05c7925bb12dec38410f86b,1472.7701402259004,1621.5869921955787,-148.81685196967828,-1.0,-1.4,0.19999999999999996,12.659603777389975,32,32,False
fc80559f95f63d6531718f51,Primeira Liga,2022/2023,DEVELOPMENT,2023-05-20,20:30,MATCH_KICKOFF_TIME_TIMEZONE_NOT_STATED_BY_SOURCE,,NOT_VERIFIED_DO_NOT_INFER,Famalicao,Porto,2,4,A,EVALUATION_ONLY_JOIN_AFTER_PREMATCH_FEATURE_FREEZE,6.88,4.57,1.45,EXTERNAL_HISTORICAL_MARKET_BENCHMARK,NOT_AVAILABLE,NOT_GOLDBET,8e149ffd9038a4edc57b03ae9d3e741d0200efd155fe929f714e9d86a969d21e,1496.5682754731263,1654.7018168483582,-158.13354137523197,-1.6,-1.2,-0.8,48.3972820665017,32,32,False
059aeb983ebff5de6d7f1440,Primeira Liga,2022/2023,DEVELOPMENT,2023-05-21,15:30,MATCH_KICKOFF_TIME_TIMEZONE_NOT_STATED_BY_SOURCE,,NOT_VERIFIED_DO_NOT_INFER,Guimaraes,Gil Vicente,1,0,H,EVALUATION_ONLY_JOIN_AFTER_PREMATCH_FEATURE_FREEZE,1.7,4.01,4.56,EXTERNAL_HISTORICAL_MARKET_BENCHMARK,NOT_AVAILABLE,NOT_GOLDBET,bf7c32250f0106222764543b408ec1125fa1feed3e8ec9e63291052ab5c54f32,1518.982492170922,1451.7650468718596,67.21744529906232,1.2000000000000002,1.0,1.4,-10.716521135841958,32,32,False
427d9e8466af6191e87891bb,Primeira Liga,2022/2023,DEVELOPMENT,2023-05-21,18:00,MATCH_KICKOFF_TIME_TIMEZONE_NOT_STATED_BY_SOURCE,,NOT_VERIFIED_DO_NOT_INFER,Casa Pia,Estoril,2,2,D,EVALUATION_ONLY_JOIN_AFTER_PREMATCH_FEATURE_FREEZE,2.24,3.22,3.31,EXTERNAL_HISTORICAL_MARKET_BENCHMARK,NOT_AVAILABLE,NOT_GOLDBET,fd3cc9a9420a99ee253f2b49d64d95ad1116ebf68e8c4b8235f3d2fda93b0b23,1465.820734119808,1423.7955391958437,42.025194923964364,-0.7999999999999999,-1.0,1.4,50.13496132298815,32,32,False
8eff52e1b05ceb58d4eff672,Primeira Liga,2022/2023,DEVELOPMENT,2023-05-21,18:00,MATCH_KICKOFF_TIME_TIMEZONE_NOT_STATED_BY_SOURCE,,NOT_VERIFIED_DO_NOT_INFER,Pacos Ferreira,Rio Ave,3,1,H,EVALUATION_ONLY_JOIN_AFTER_PREMATCH_FEATURE_FREEZE,2.43,3.31,2.92,EXTERNAL_HISTORICAL_MARKET_BENCHMARK,NOT_AVAILABLE,NOT_GOLDBET,9404baaf34ad7b08eaf6894b359c30eee2f8624af0d3766315ec5bde187fe6cd,1398.0752768707766,1479.7659678242649,-81.69069095348823,-0.4,-1.6,-0.4,48.77780793618831,32,32,False
ad8ffd15d938f624262298f5,Primeira Liga,2022/2023,DEVELOPMENT,2023-05-21,20:30,MATCH_KICKOFF_TIME_TIMEZONE_NOT_STATED_BY_SOURCE,,NOT_VERIFIED_DO_NOT_INFER,Sp Lisbon,Benfica,2,2,D,EVALUATION_ONLY_JOIN_AFTER_PREMATCH_FEATURE_FREEZE,2.92,3.45,2.37,EXTERNAL_HISTORICAL_MARKET_BENCHMARK,NOT_AVAILABLE,NOT_GOLDBET,93a8a6f6dcaf5ddd332b00d3ce6d0b2f2e04c07b160f62d47f0ed83efad8bcc6,1615.348377712628,1655.389230938062,-40.04085322543392,0.20000000000000018,0.20000000000000018,0.20000000000000018,-11.96793243993352,32,32,False
46527093cf07701856bbb089,Primeira Liga,2022/2023,DEVELOPMENT,2023-05-26,19:00,MATCH_KICKOFF_TIME_TIMEZONE_NOT_STATED_BY_SOURCE,,NOT_VERIFIED_DO_NOT_INFER,Rio Ave,Famalicao,2,2,D,EVALUATION_ONLY_JOIN_AFTER_PREMATCH_FEATURE_FREEZE,3.11,3.46,2.25,EXTERNAL_HISTORICAL_MARKET_BENCHMARK,NOT_AVAILABLE,NOT_GOLDBET,6b0e30f0aa24b504e85ec6b51e1af4cff88a4aeccde524467d6f9036e2dd1db8,1469.1424693941387,1489.3199959750457,-20.177526580906942,0.0,0.0,0.0,-64.55735326649892,33,33,False
da40469f2455cdbe87d2798a,Primeira Liga,2022/2023,DEVELOPMENT,2023-05-26,21:15,MATCH_KICKOFF_TIME_TIMEZONE_NOT_STATED_BY_SOURCE,,NOT_VERIFIED_DO_NOT_INFER,Vizela,Sp Lisbon,1,2,A,EVALUATION_ONLY_JOIN_AFTER_PREMATCH_FEATURE_FREEZE,6.18,4.7,1.47,EXTERNAL_HISTORICAL_MARKET_BENCHMARK,NOT_AVAILABLE,NOT_GOLDBET,067bc0c41c425927b908f6875c0c9258776fb9949c45393b6d87d7d48f27ae1e,1466.3392672467355,1614.774538405242,-148.43527115850657,-2.4,-2.8,-1.6,-29.38950302308922,33,33,False
94ab8c9296d9dfe78ddfaa69,Primeira Liga,2022/2023,DEVELOPMENT,2023-05-27,12:45,MATCH_KICKOFF_TIME_TIMEZONE_NOT_STATED_BY_SOURCE,,NOT_VERIFIED_DO_NOT_INFER,Gil Vicente,Casa Pia,1,0,H,EVALUATION_ONLY_JOIN_AFTER_PREMATCH_FEATURE_FREEZE,2.28,3.6,2.96,EXTERNAL_HISTORICAL_MARKET_BENCHMARK,NOT_AVAILABLE,NOT_GOLDBET,18ee09730136196dd8c016c03ca1ff495f51d78200a623f33923c31caabaa390,1445.271341239627,1462.9658066668005,-17.694465427173554,0.19999999999999996,0.0,1.4000000000000001,-36.204456010695594,33,33,False
716c610def5c55dc3c35f18c,Primeira Liga,2022/2023,DEVELOPMENT,2023-05-27,15:30,MATCH_KICKOFF_TIME_TIMEZONE_NOT_STATED_BY_SOURCE,,NOT_VERIFIED_DO_NOT_INFER,Chaves,Boavista,1,4,A,EVALUATION_ONLY_JOIN_AFTER_PREMATCH_FEATURE_FREEZE,2.22,3.57,3.07,EXTERNAL_HISTORICAL_MARKET_BENCHMARK,NOT_AVAILABLE,NOT_GOLDBET,13d7a8501508bf5db58207f5565ef980f1df7ea2a231ceaed5484b3d8928aabc,1511.9011489115414,1475.2722273344525,36.62892157708893,0.6000000000000001,0.8,2.1999999999999997,-64.35905996653742,33,33,False
bb4f8d3a2eff08642fcd070b,Primeira Liga,2022/2023,DEVELOPMENT,2023-05-27,15:30,MATCH_KICKOFF_TIME_TIMEZONE_NOT_STATED_BY_SOURCE,,NOT_VERIFIED_DO_NOT_INFER,Estoril,Maritimo,3,1,H,EVALUATION_ONLY_JOIN_AFTER_PREMATCH_FEATURE_FREEZE,2.19,3.49,3.21,EXTERNAL_HISTORICAL_MARKET_BENCHMARK,NOT_AVAILABLE,NOT_GOLDBET,102798a527ce421b21de48b56212465d2221ac94a90335a8fbb471ebd31668fc,1426.6504666488513,1417.1499305184666,9.500536130384717,0.5999999999999999,1.0,1.8,-18.716780221283443,33,33,False
b7343cb112eb73bd93805f9d,Primeira Liga,2022/2023,DEVELOPMENT,2023-05-27,18:00,MATCH_KICKOFF_TIME_TIMEZONE_NOT_STATED_BY_SOURCE,,NOT_VERIFIED_DO_NOT_INFER,Benfica,Santa Clara,3,0,H,EVALUATION_ONLY_JOIN_AFTER_PREMATCH_FEATURE_FREEZE,1.06,13.43,31.61,EXTERNAL_HISTORICAL_MARKET_BENCHMARK,NOT_AVAILABLE,NOT_GOLDBET,227f8e0751bdcd618e1b9e96b13db3c6275eb84891a9fc2d7671a3785d9945f0,1655.9630702454479,1389.4246189282749,266.538451317173,1.2000000000000002,2.2,2.4,28.56714857192219,33,33,False
d3968e25ee6357595e86211d,Primeira Liga,2022/2023,DEVELOPMENT,2023-05-27,18:00,MATCH_KICKOFF_TIME_TIMEZONE_NOT_STATED_BY_SOURCE,,NOT_VERIFIED_DO_NOT_INFER,Portimonense,Arouca,0,2,A,EVALUATION_ONLY_JOIN_AFTER_PREMATCH_FEATURE_FREEZE,3.21,3.54,2.17,EXTERNAL_HISTORICAL_MARKET_BENCHMARK,NOT_AVAILABLE,NOT_GOLDBET,8e0cf14197751650737a5f65cdb20fce3311d5661ff15d112180075b2af55fa0,1432.0764995892616,1528.538644358592,-96.46214476933028,-0.3999999999999999,-0.9999999999999999,-0.5999999999999999,5.7884978424567635,33,33,False
d097f36f0f534335c03465e5,Primeira Liga,2022/2023,DEVELOPMENT,2023-05-27,18:00,MATCH_KICKOFF_TIME_TIMEZONE_NOT_STATED_BY_SOURCE,,NOT_VERIFIED_DO_NOT_INFER,Porto,Guimaraes,3,0,H,EVALUATION_ONLY_JOIN_AFTER_PREMATCH_FEATURE_FREEZE,1.19,7.21,13.56,EXTERNAL_HISTORICAL_MARKET_BENCHMARK,NOT_AVAILABLE,NOT_GOLDBET,ef1fda656e13ea81fbc811f841ab1d608b5b703f644e9982238c943c69c0e37a,1661.9500963464388,1525.4761978031545,136.47389854328435,0.6000000000000001,0.5999999999999999,1.8,-10.105180696556772,33,33,False
2ffce90da0308dd57ece9565,Primeira Liga,2022/2023,DEVELOPMENT,2023-05-27,20:30,MATCH_KICKOFF_TIME_TIMEZONE_NOT_STATED_BY_SOURCE,,NOT_VERIFIED_DO_NOT_INFER,Sp Braga,Pacos Ferreira,3,0,H,EVALUATION_ONLY_JOIN_AFTER_PREMATCH_FEATURE_FREEZE,1.26,6.34,9.71,EXTERNAL_HISTORICAL_MARKET_BENCHMARK,NOT_AVAILABLE,NOT_GOLDBET,e89b4dbceec129ee93fcd366073679dac69a1ca5ef988cd93c4868348201db4a,1619.0849050870265,1408.6987753009028,210.38612978612377,0.8,2.0,1.6,-59.449896327088254,33,33,False
cfcce0cfc1985cc8fbe9dff2,Primeira Liga,2023/2024,DEVELOPMENT,2023-08-11,20:15,MATCH_KICKOFF_TIME_TIMEZONE_NOT_STATED_BY_SOURCE,,NOT_VERIFIED_DO_NOT_INFER,Sp Braga,Famalicao,1,2,A,EVALUATION_ONLY_JOIN_AFTER_PREMATCH_FEATURE_FREEZE,1.49,4.48,6.24,EXTERNAL_HISTORICAL_MARKET_BENCHMARK,NOT_AVAILABLE,NOT_GOLDBET,0e58c2fea307603278dccc8fe96318b5aa70b14f7a1be96b49eb2523b0649f8f,1561.283993508162,1495.2305929312163,66.0534005769457,1.6,2.2,1.4,-69.74459048927747,34,34,False
1dd3bb203610790d3ae07ad0,Primeira Liga,2023/2024,DEVELOPMENT,2023-08-12,15:30,MATCH_KICKOFF_TIME_TIMEZONE_NOT_STATED_BY_SOURCE,,NOT_VERIFIED_DO_NOT_INFER,Gil Vicente,Portimonense,5,0,H,EVALUATION_ONLY_JOIN_AFTER_PREMATCH_FEATURE_FREEZE,1.83,3.62,4.27,EXTERNAL_HISTORICAL_MARKET_BENCHMARK,NOT_AVAILABLE,NOT_GOLDBET,136a15fbd3b0a10fcd0a50fbbc71b285baebedbd8559e23c8c8244d285e57879,1477.0298362650713,1461.5610642609317,15.46877200413951,1.0,1.8,0.8,-36.21884640976123,34,34,False
83f92c488f3be54b59cad942,Primeira Liga,2023/2024,DEVELOPMENT,2023-08-12,18:00,MATCH_KICKOFF_TIME_TIMEZONE_NOT_STATED_BY_SOURCE,,NOT_VERIFIED_DO_NOT_INFER,Farense,Casa Pia,0,3,A,EVALUATION_ONLY_JOIN_AFTER_PREMATCH_FEATURE_FREEZE,2.46,3.07,3.1,EXTERNAL_HISTORICAL_MARKET_BENCHMARK,NOT_AVAILABLE,NOT_GOLDBET,db5a6b0ff5a1caf1b33c7669355f5e550e48375b87d3759a22b8fb4ee1f008c5,1500.0,1477.0887376881424,22.911262311857627,,,,,0,34,False
625d1cef2d43343fc84ac908,Primeira Liga,2023/2024,DEVELOPMENT,2023-08-12,20:30,MATCH_KICKOFF_TIME_TIMEZONE_NOT_STATED_BY_SOURCE,,NOT_VERIFIED_DO_NOT_INFER,Sp Lisbon,Vizela,3,2,H,EVALUATION_ONLY_JOIN_AFTER_PREMATCH_FEATURE_FREEZE,1.2,6.63,14.04,EXTERNAL_HISTORICAL_MARKET_BENCHMARK,NOT_AVAILABLE,NOT_GOLDBET,185ea825f23c463552dfcbb7aedf386b989c1890367f2f59d97b37514b288852,1561.1413746653886,1479.4155281606002,81.72584650478848,2.4,2.5999999999999996,1.0000000000000002,8.603126199618146,34,34,False
2aee0794d21a6f285e5b0566,Primeira Liga,2023/2024,DEVELOPMENT,2023-08-13,15:30,MATCH_KICKOFF_TIME_TIMEZONE_NOT_STATED_BY_SOURCE,,NOT_VERIFIED_DO_NOT_INFER,Rio Ave,Chaves,2,0,H,EVALUATION_ONLY_JOIN_AFTER_PREMATCH_FEATURE_FREEZE,1.9,3.44,4.17,EXTERNAL_HISTORICAL_MARKET_BENCHMARK,NOT_AVAILABLE,NOT_GOLDBET,9a4468abe014887373cf7eb9a2ace48b3c001fecd621d8c4cd5cded78bb0ea82,1484.000639753376,1499.5947516026863,-15.594111849310366,-0.8,-0.4,-0.6000000000000001,-6.05319275088732,34,34,False
a1c3346527f524632382e42e,Primeira Liga,2023/2024,DEVELOPMENT,2023-08-13,18:00,MATCH_KICKOFF_TIME_TIMEZONE_NOT_STATED_BY_SOURCE,,NOT_VERIFIED_DO_NOT_INFER,Estrela,Guimaraes,0,1,A,EVALUATION_ONLY_JOIN_AFTER_PREMATCH_FEATURE_FREEZE,2.48,3.17,2.96,EXTERNAL_HISTORICAL_MARKET_BENCHMARK,NOT_AVAILABLE,NOT_GOLDBET,2353a028bb295ecfe2c2c96fab3e0f8bd6a8838821738d3523b4d95c150ed200,1500.0,1510.2983230626055,-10.298323062605505,,,,,0,34,False
92adf57d2e8a4f0fe1e5954b,Primeira Liga,2023/2024,DEVELOPMENT,2023-08-13,20:30,MATCH_KICKOFF_TIME_TIMEZONE_NOT_STATED_BY_SOURCE,,NOT_VERIFIED_DO_NOT_INFER,Arouca,Estoril,4,3,H,EVALUATION_ONLY_JOIN_AFTER_PREMATCH_FEATURE_FREEZE,2.01,3.3,3.91,EXTERNAL_HISTORICAL_MARKET_BENCHMARK,NOT_AVAILABLE,NOT_GOLDBET,f334bacd65cd0e8d83b0f9ab90ae3fff23317db4d57e701ee0f0535e9c96c062,1518.746507712995,1467.3381711326065,51.40833658038855,-0.8,-1.4,1.8,43.60273405547969,34,34,False
21b8b6667604cf20e963c32d,Primeira Liga,2023/2024,DEVELOPMENT,2023-08-14,18:45,MATCH_KICKOFF_TIME_TIMEZONE_NOT_STATED_BY_SOURCE,,NOT_VERIFIED_DO_NOT_INFER,Moreirense,Porto,1,2,A,EVALUATION_ONLY_JOIN_AFTER_PREMATCH_FEATURE_FREEZE,7.87,5.01,1.37,EXTERNAL_HISTORICAL_MARKET_BENCHMARK,NOT_AVAILABLE,NOT_GOLDBET,2a2c1cfb4e7fba5d2810975a67e3c0e758a402f61ac600650490cbb3066f6ed8,1500.0,1583.4148240121913,-83.41482401219127,,,,,0,34,False
bcf7fac4293f7f43f3b00e74,Primeira Liga,2023/2024,DEVELOPMENT,2023-08-14,20:45,MATCH_KICKOFF_TIME_TIMEZONE_NOT_STATED_BY_SOURCE,,NOT_VERIFIED_DO_NOT_INFER,Boavista,Benfica,3,2,H,EVALUATION_ONLY_JOIN_AFTER_PREMATCH_FEATURE_FREEZE,9.44,5.31,1.31,EXTERNAL_HISTORICAL_MARKET_BENCHMARK,NOT_AVAILABLE,NOT_GOLDBET,77861d3672e8d7a1117e32dd34343562badf4498a0f35f5a4bbe3bfa947dac76,1493.991936520311,1579.3057610999901,-85.31382457967925,-1.2000000000000002,-1.8,0.0,18.57826577742685,34,34,False
b055c33e7306ac6c3386fe7f,Primeira Liga,2023/2024,DEVELOPMENT,2023-08-18,20:15,MATCH_KICKOFF_TIME_TIMEZONE_NOT_STATED_BY_SOURCE,,NOT_VERIFIED_DO_NOT_INFER,Casa Pia,Sp Lisbon,1,2,A,EVALUATION_ONLY_JOIN_AFTER_PREMATCH_FEATURE_FREEZE,8.68,4.86,1.36,EXTERNAL_HISTORICAL_MARKET_BENCHMARK,NOT_AVAILABLE,NOT_GOLDBET,591515aceae073c29665caf40a297f5b2db5a8e1752a79ae1fa3342c03934589,1489.4308244752426,1567.274325068589,-77.84350059334633,-1.6,-1.2,-1.6,8.83980513209417,35,35,False
e49ddcb053d0dc40063d074b,Primeira Liga,2023/2024,DEVELOPMENT,2023-08-19,15:30,MATCH_KICKOFF_TIME_TIMEZONE_NOT_STATED_BY_SOURCE,,NOT_VERIFIED_DO_NOT_INFER,Guimaraes,Gil Vicente,2,1,H,EVALUATION_ONLY_JOIN_AFTER_PREMATCH_FEATURE_FREEZE,2.11,3.31,3.6,EXTERNAL_HISTORICAL_MARKET_BENCHMARK,NOT_AVAILABLE,NOT_GOLDBET,0a1beeaf5e0e162ae3be8160023f51951ad992b22d844857996a74634dcbdc87,1521.719173355296,1484.8912008456505,36.82797250964563,0.5999999999999999,-0.6,1.4,58.588270660771514,35,35,False
2e58b26e6865e29878f9a434,Primeira Liga,2023/2024,DEVELOPMENT,2023-08-19,18:00,MATCH_KICKOFF_TIME_TIMEZONE_NOT_STATED_BY_SOURCE,,NOT_VERIFIED_DO_NOT_INFER,Chaves,Sp Braga,2,4,A,EVALUATION_ONLY_JOIN_AFTER_PREMATCH_FEATURE_FREEZE,5.83,4.31,1.52,EXTERNAL_HISTORICAL_MARKET_BENCHMARK,NOT_AVAILABLE,NOT_GOLDBET,7b4bcc8369800cfded6d2a91e522c8dded0d6dd3825a40cf49a65f3bf462218c,1490.865941488038,1547.8071184877947,-56.941176999756635,-0.19999999999999996,-1.2,-0.19999999999999996,-2.0538404234016525,35,35,False
f7342bbd80ed1b9fa7574dcb,Primeira Liga,2023/2024,DEVELOPMENT,2023-08-19,20:30,MATCH_KICKOFF_TIME_TIMEZONE_NOT_STATED_BY_SOURCE,,NOT_VERIFIED_DO_NOT_INFER,Benfica,Estrela,2,0,H,EVALUATION_ONLY_JOIN_AFTER_PREMATCH_FEATURE_FREEZE,1.14,8.2,17.16,EXTERNAL_HISTORICAL_MARKET_BENCHMARK,NOT_AVAILABLE,NOT_GOLDBET,3db4afb05648e902c463363d3c7c5ef67b928094d6b8c7a761e68448f4ac46f0,1568.578457155577,1488.5791497073094,79.9993074482677,2.0,2.4,,4.393479892207324,35,1,False
cf174848480ebe2b2f67eccb,Primeira Liga,2023/2024,DEVELOPMENT,2023-08-19,20:30,MATCH_KICKOFF_TIME_TIMEZONE_NOT_STATED_BY_SOURCE,,NOT_VERIFIED_DO_NOT_INFER,Portimonense,Boavista,1,4,A,EVALUATION_ONLY_JOIN_AFTER_PREMATCH_FEATURE_FREEZE,3.14,3.22,2.34,EXTERNAL_HISTORICAL_MARKET_BENCHMARK,NOT_AVAILABLE,NOT_GOLDBET,b6309136c3eb91edef580cd4bc6378df241464a3c2a5bdb4acedd00f60149a25,1453.6996996803525,1504.719240464724,-51.01954078437143,-1.8,-3.0,0.0,-13.51764061444078,35,35,False
310dd6c88b47b25fcebb2222,Primeira Liga,2023/2024,DEVELOPMENT,2023-08-20,15:30,MATCH_KICKOFF_TIME_TIMEZONE_NOT_STATED_BY_SOURCE,,NOT_VERIFIED_DO_NOT_INFER,Estoril,Rio Ave,2,0,H,EVALUATION_ONLY_JOIN_AFTER_PREMATCH_FEATURE_FREEZE,2.61,3.14,2.84,EXTERNAL_HISTORICAL_MARKET_BENCHMARK,NOT_AVAILABLE,NOT_GOLDBET,24ba48109fec1c30a900512ee7440e324af4d7512c09b3600c52ef10bc09864e,1460.4391975608307,1492.7294498680242,-32.29025230719344,0.3999999999999999,0.6000000000000001,1.4,20.896685951823883,35,35,False
cf106cab26a66289b5b58710,Primeira Liga,2023/2024,DEVELOPMENT,2023-08-20,18:00,MATCH_KICKOFF_TIME_TIMEZONE_NOT_STATED_BY_SOURCE,,NOT_VERIFIED_DO_NOT_INFER,Porto,Farense,2,1,H,EVALUATION_ONLY_JOIN_AFTER_PREMATCH_FEATURE_FREEZE,1.18,7.18,14.76,EXTERNAL_HISTORICAL_MARKET_BENCHMARK,NOT_AVAILABLE,NOT_GOLDBET,3b2324ba9ab33f07fff37c4e37c03eac32c9fb59227285b1a7cd4edcc76a7d14,1592.7419096544438,1487.6579132128998,105.08399644154406,3.0,4.6,,29.439901483816584,35,1,False
9ddd41a9b4eed83df79d51a3,Primeira Liga,2023/2024,DEVELOPMENT,2023-08-20,20:30,MATCH_KICKOFF_TIME_TIMEZONE_NOT_STATED_BY_SOURCE,,NOT_VERIFIED_DO_NOT_INFER,Vizela,Arouca,2,2,D,EVALUATION_ONLY_JOIN_AFTER_PREMATCH_FEATURE_FREEZE,2.2,3.27,3.4,EXTERNAL_HISTORICAL_MARKET_BENCHMARK,NOT_AVAILABLE,NOT_GOLDBET,aa47293f47d810705f8da5b00f5163c3f5a408b576db4fbdc3648bd3a7405a2d,1473.2825777573998,1525.6454812847708,-52.36290352737092,-1.6,-1.4,-0.3999999999999999,20.881594394388003,35,35,False
e09b6c21851e656446e13c1f,Primeira Liga,2023/2024,DEVELOPMENT,2023-08-21,20:15,MATCH_KICKOFF_TIME_TIMEZONE_NOT_STATED_BY_SOURCE,,NOT_VERIFIED_DO_NOT_INFER,Famalicao,Moreirense,0,0,D,EVALUATION_ONLY_JOIN_AFTER_PREMATCH_FEATURE_FREEZE,2.32,3.31,3.12,EXTERNAL_HISTORICAL_MARKET_BENCHMARK,NOT_AVAILABLE,NOT_GOLDBET,de9aae484e237d72b8d95393405d69521b1fca302746f09203b0b966342053f6,1508.7074679515836,1490.6729143577475,18.034553593836108,1.0,0.6,,-50.236671852088875,35,1,False
0ecaeece296325196e4aa938,Primeira Liga,2023/2024,DEVELOPMENT,2023-08-25,20:15,MATCH_KICKOFF_TIME_TIMEZONE_NOT_STATED_BY_SOURCE,,NOT_VERIFIED_DO_NOT_INFER,Estrela,Estoril,2,1,H,EVALUATION_ONLY_JOIN_AFTER_PREMATCH_FEATURE_FREEZE,2.27,3.25,3.28,EXTERNAL_HISTORICAL_MARKET_BENCHMARK,NOT_AVAILABLE,NOT_GOLDBET,b306c3fac69e57cb7596efdf3e9d8d9562f486f42538906ed6d105e871130a3f,1482.403855738286,1469.643333658457,12.760522079828888,-2.0,-2.5,-0.2,54.157748914579315,2,36,False
04b1d23245e81ee7b925221c,Primeira Liga,2023/2024,DEVELOPMENT,2023-08-26,15:30,MATCH_KICKOFF_TIME_TIMEZONE_NOT_STATED_BY_SOURCE,,NOT_VERIFIED_DO_NOT_INFER,Arouca,Portimonense,1,1,D,EVALUATION_ONLY_JOIN_AFTER_PREMATCH_FEATURE_FREEZE,1.75,3.64,4.85,EXTERNAL_HISTORICAL_MARKET_BENCHMARK,NOT_AVAILABLE,NOT_GOLDBET,77b8feed0e2c8a54550b4450845c66554b6a4f5533c39a1a146a683e6c800675,1525.865259194707,1443.441278835065,82.42398035964197,2.0,3.4,1.5999999999999999,-46.77841128580462,36,36,False
4dcfc2e9b1e4875c55ed4199,Primeira Liga,2023/2024,DEVELOPMENT,2023-08-26,18:00,MATCH_KICKOFF_TIME_TIMEZONE_NOT_STATED_BY_SOURCE,,NOT_VERIFIED_DO_NOT_INFER,Farense,Chaves,5,0,H,EVALUATION_ONLY_JOIN_AFTER_PREMATCH_FEATURE_FREEZE,2.06,3.49,3.56,EXTERNAL_HISTORICAL_MARKET_BENCHMARK,NOT_AVAILABLE,NOT_GOLDBET,d4711eabf46f06495a0a5a46339e771e0c0f2fb3c4564ef0431a9c4b7ec79b8a,1482.0814228320194,1480.7779037596092,1.303519072410154,-0.6,-0.8,-1.0,48.74720676111633,2,36,False
72030f16c4681f22d54a2700,Primeira Liga,2023/2024,DEVELOPMENT,2023-08-26,20:30,MATCH_KICKOFF_TIME_TIMEZONE_NOT_STATED_BY_SOURCE,,NOT_VERIFIED_DO_NOT_INFER,Gil Vicente,Benfica,2,3,A,EVALUATION_ONLY_JOIN_AFTER_PREMATCH_FEATURE_FREEZE,9.74,5.93,1.27,EXTERNAL_HISTORICAL_MARKET_BENCHMARK,NOT_AVAILABLE,NOT_GOLDBET,5486dd1ac29753c6a7df012b3709c0a0fbd7fbdcc2793bf7684f6a716192f386,1477.608153607723,1574.7537511246005,-97.14559751687761,-0.19999999999999996,-0.40000000000000013,0.6000000000000001,2.3530310131175156,36,36,False
e9d44d47b65db80510d1cc49,Primeira Liga,2023/2024,DEVELOPMENT,2023-08-27,15:30,MATCH_KICKOFF_TIME_TIMEZONE_NOT_STATED_BY_SOURCE,,NOT_VERIFIED_DO_NOT_INFER,Boavista,Casa Pia,1,1,D,EVALUATION_ONLY_JOIN_AFTER_PREMATCH_FEATURE_FREEZE,2.44,3.14,3.03,EXTERNAL_HISTORICAL_MARKET_BENCHMARK,NOT_AVAILABLE,NOT_GOLDBET,75a626610d685843776800fe3d08a2db4fcbe01718d47450d370e4445b4e52d0,1514.9776613100114,1479.9439506422505,35.03371066776094,1.2,1.0,1.8,4.358791311210098,36,36,False
485ec2c300e89acafd30af40,Primeira Liga,2023/2024,DEVELOPMENT,2023-08-27,18:00,MATCH_KICKOFF_TIME_TIMEZONE_NOT_STATED_BY_SOURCE,,NOT_VERIFIED_DO_NOT_INFER,Guimaraes,Vizela,2,0,H,EVALUATION_ONLY_JOIN_AFTER_PREMATCH_FEATURE_FREEZE,1.97,3.38,3.98,EXTERNAL_HISTORICAL_MARKET_BENCHMARK,NOT_AVAILABLE,NOT_GOLDBET,1d596d2edeafa2a51c8bdb42672e1a698b9a5d69a3f359b6b2855881bb7dd116,1529.0022205932237,1473.0627998474636,55.93942074576012,2.0,0.8,1.4,-2.8342409411604876,36,36,False
d6c6274d33ba00013ecda15f,Primeira Liga,2023/2024,DEVELOPMENT,2023-08-27,20:30,MATCH_KICKOFF_TIME_TIMEZONE_NOT_STATED_BY_SOURCE,,NOT_VERIFIED_DO_NOT_INFER,Sp Lisbon,Famalicao,1,0,H,EVALUATION_ONLY_JOIN_AFTER_PREMATCH_FEATURE_FREEZE,1.23,6.21,11.85,EXTERNAL_HISTORICAL_MARKET_BENCHMARK,NOT_AVAILABLE,NOT_GOLDBET,641fb3441cdb6aa653448b1496444f5621b6e7a12df19e61d6c615879408b7db,1576.761198901581,1506.4984734862978,70.26272541528328,1.4000000000000001,1.0,0.6000000000000001,-30.511163075000468,36,36,False
e30139b6f87cd0accca1306f,Primeira Liga,2023/2024,DEVELOPMENT,2023-08-28,20:15,MATCH_KICKOFF_TIME_TIMEZONE_NOT_STATED_BY_SOURCE,,NOT_VERIFIED_DO_NOT_INFER,Rio Ave,Porto,1,2,A,EVALUATION_ONLY_JOIN_AFTER_PREMATCH_FEATURE_FREEZE,7.84,4.53,1.42,EXTERNAL_HISTORICAL_MARKET_BENCHMARK,NOT_AVAILABLE,NOT_GOLDBET,46f4b955456702406722dff63c267fd10e836ef914a1bf4768541a3ce40a05cc,1483.5253137703978,1598.3184000353242,-114.79308626492639,-2.2,-2.2,-1.4,-24.869814156254506,36,36,False
8c3b3ee87f60c64e68fa17ba,Primeira Liga,2023/2024,DEVELOPMENT,2023-09-01,20:15,MATCH_KICKOFF_TIME_TIMEZONE_NOT_STATED_BY_SOURCE,,NOT_VERIFIED_DO_NOT_INFER,Vizela,Gil Vicente,1,0,H,EVALUATION_ONLY_JOIN_AFTER_PREMATCH_FEATURE_FREEZE,2.19,3.41,3.29,EXTERNAL_HISTORICAL_MARKET_BENCHMARK,NOT_AVAILABLE,NOT_GOLDBET,8ba413211090534b4e68668acbeffd3661818fa94a7614f008a1a648ebcfbcb0,1466.2812187560935,1468.6732347907403,-2.3920160346467583,-1.0,-1.6,0.6,19.490138081589976,37,37,False
0762e1bc17d053b1fd69a6b1,Primeira Liga,2023/2024,DEVELOPMENT,2023-09-02,15:30,MATCH_KICKOFF_TIME_TIMEZONE_NOT_STATED_BY_SOURCE,,NOT_VERIFIED_DO_NOT_INFER,Casa Pia,Rio Ave,1,1,D,EVALUATION_ONLY_JOIN_AFTER_PREMATCH_FEATURE_FREEZE,2.17,3.3,3.45,EXTERNAL_HISTORICAL_MARKET_BENCHMARK,NOT_AVAILABLE,NOT_GOLDBET,75ee5255384d5bc6539420c534a37b0818a965b6e70ca398d631682b1af6a060,1482.613005817317,1475.089439602702,7.5235662146149025,0.19999999999999996,0.8,0.0,1.1142489538815425,37,37,False
f749271328ef772564bb7792,Primeira Liga,2023/2024,DEVELOPMENT,2023-09-02,18:00,MATCH_KICKOFF_TIME_TIMEZONE_NOT_STATED_BY_SOURCE,,NOT_VERIFIED_DO_NOT_INFER,Famalicao,Farense,1,0,H,EVALUATION_ONLY_JOIN_AFTER_PREMATCH_FEATURE_FREEZE,2.34,3.22,3.14,EXTERNAL_HISTORICAL_MARKET_BENCHMARK,NOT_AVAILABLE,NOT_GOLDBET,68fedb6a24f42003cf77cc78e53d71b8f754520dcebcd8ba8e3856b2c7e46d97,1500.081404768424,1490.33505152418,9.746353244243892,0.0,-0.7333333333333334,1.4,33.64296156793216,37,3,False
ae17eb6bec4dc08ca86726b5,Primeira Liga,2023/2024,DEVELOPMENT,2023-09-02,18:00,MATCH_KICKOFF_TIME_TIMEZONE_NOT_STATED_BY_SOURCE,,NOT_VERIFIED_DO_NOT_INFER,Portimonense,Estrela,1,1,D,EVALUATION_ONLY_JOIN_AFTER_PREMATCH_FEATURE_FREEZE,2.58,3.23,2.81,EXTERNAL_HISTORICAL_MARKET_BENCHMARK,NOT_AVAILABLE,NOT_GOLDBET,a64ae15d6281b3e6fee0b6ffb04d52d0949d84d1de769798f126c68073912ff6,1447.325404190375,1490.3397274832362,-43.01432329286126,-0.8,-1.5333333333333337,0.8,-33.07404895110972,37,3,False
850aecbab11c913b6db1dddc,Primeira Liga,2023/2024,DEVELOPMENT,2023-09-02,20:30,MATCH_KICKOFF_TIME_TIMEZONE_NOT_STATED_BY_SOURCE,,NOT_VERIFIED_DO_NOT_INFER,Benfica,Guimaraes,4,0,H,EVALUATION_ONLY_JOIN_AFTER_PREMATCH_FEATURE_FREEZE,1.25,6.11,10.79,EXTERNAL_HISTORICAL_MARKET_BENCHMARK,NOT_AVAILABLE,NOT_GOLDBET,5d9e59b4773b6a4370429e9915d084c4990f666e30011d9906233727f7db2f97,1583.6886699415832,1535.7838016845938,47.9048682569894,-0.3999999999999999,0.6,0.5999999999999999,-21.34338148703341,37,37,False
748900279634f45960b40bc1,Primeira Liga,2023/2024,DEVELOPMENT,2023-09-03,15:30,MATCH_KICKOFF_TIME_TIMEZONE_NOT_STATED_BY_SOURCE,,NOT_VERIFIED_DO_NOT_INFER,Chaves,Moreirense,1,2,A,EVALUATION_ONLY_JOIN_AFTER_PREMATCH_FEATURE_FREEZE,2.88,3.41,2.4,EXTERNAL_HISTORICAL_MARKET_BENCHMARK,NOT_AVAILABLE,NOT_GOLDBET,6bae1526eee20fcab485d4aef7a60fbdc5f02ac586a5169d13d4deb56c985216,1472.5242750674486,1492.8819088230332,-20.35763375558463,-0.5,-2.1,0.8,-44.178800727782345,37,2,False
7864ca1275ab05d0005afcd8,Primeira Liga,2023/2024,DEVELOPMENT,2023-09-03,15:30,MATCH_KICKOFF_TIME_TIMEZONE_NOT_STATED_BY_SOURCE,,NOT_VERIFIED_DO_NOT_INFER,Estoril,Boavista,1,2,A,EVALUATION_ONLY_JOIN_AFTER_PREMATCH_FEATURE_FREEZE,2.58,3.24,2.79,EXTERNAL_HISTORICAL_MARKET_BENCHMARK,NOT_AVAILABLE,NOT_GOLDBET,cd853adb7adcafda7185a7140440b7f698c54761cacd88b4cfeca7e68d9f3b30,1461.707461913507,1512.308606134945,-50.60114422143806,-0.8000000000000003,-0.9999999999999999,1.0,-53.917414914426445,37,37,False
1e7a0c7ae15531196426b5eb,Primeira Liga,2023/2024,DEVELOPMENT,2023-09-03,18:00,MATCH_KICKOFF_TIME_TIMEZONE_NOT_STATED_BY_SOURCE,,NOT_VERIFIED_DO_NOT_INFER,Porto,Arouca,1,1,D,EVALUATION_ONLY_JOIN_AFTER_PREMATCH_FEATURE_FREEZE,1.19,6.84,14.26,EXTERNAL_HISTORICAL_MARKET_BENCHMARK,NOT_AVAILABLE,NOT_GOLDBET,ce83d1af3593f49052fdb228ae17a2af14c86ea225844f2a4552957a156fb65b,1606.75427420302,1521.9811338393972,84.77314036362282,0.7999999999999998,0.8,2.0,31.37993950759892,37,37,False
6c41ad168a79973d622ac128,Primeira Liga,2023/2024,DEVELOPMENT,2023-09-03,20:30,MATCH_KICKOFF_TIME_TIMEZONE_NOT_STATED_BY_SOURCE,,NOT_VERIFIED_DO_NOT_INFER,Sp Braga,Sp Lisbon,1,1,D,EVALUATION_ONLY_JOIN_AFTER_PREMATCH_FEATURE_FREEZE,3.32,3.71,2.07,EXTERNAL_HISTORICAL_MARKET_BENCHMARK,NOT_AVAILABLE,NOT_GOLDBET,49f64c499c6fba546c0cbf6b596edf38eb23c3ab1ce3ffb2e19d41dfcdf07d72,1557.8951562162235,1583.178267619455,-25.283111403231487,-0.6000000000000001,0.3999999999999999,-0.6000000000000001,-69.41729226410075,36,37,False
4cf47423787e8e101300d9bb,Primeira Liga,2023/2024,DEVELOPMENT,2023-09-09,18:00,MATCH_KICKOFF_TIME_TIMEZONE_NOT_STATED_BY_SOURCE,,NOT_VERIFIED_DO_NOT_INFER,Moreirense,Sp Braga,2,3,A,EVALUATION_ONLY_JOIN_AFTER_PREMATCH_FEATURE_FREEZE,3.63,3.65,1.98,EXTERNAL_HISTORICAL_MARKET_BENCHMARK,NOT_AVAILABLE,NOT_GOLDBET,a0dfd0c6548d76ee4c307a96f553eca276f03fab89437508993fcbd1d9655d69,1504.0179820176795,1556.8992362734675,-52.88125425578801,-0.26666666666666683,-0.8,-2.0,31.400112163971926,3,37,False
084c1cf6b4e643a4edc5372e,Primeira Liga,2023/2024,DEVELOPMENT,2023-09-15,19:15,MATCH_KICKOFF_TIME_TIMEZONE_NOT_STATED_BY_SOURCE,,NOT_VERIFIED_DO_NOT_INFER,Estrela,Porto,0,1,A,EVALUATION_ONLY_JOIN_AFTER_PREMATCH_FEATURE_FREEZE,6.26,4.33,1.51,EXTERNAL_HISTORICAL_MARKET_BENCHMARK,NOT_AVAILABLE,NOT_GOLDBET,28d1cdc8000b382a546413268f14d6ef8a43607f906f3e32225c41d114549449,1490.8282254327412,1602.8128864219923,-111.9846609892511,-1.6,-1.7,-1.5,-4.7667322084164425,4,38,False
0a735815c39d12ca49e5766f,Primeira Liga,2023/2024,DEVELOPMENT,2023-09-16,15:30,MATCH_KICKOFF_TIME_TIMEZONE_NOT_STATED_BY_SOURCE,,NOT_VERIFIED_DO_NOT_INFER,Rio Ave,Famalicao,1,1,D,EVALUATION_ONLY_JOIN_AFTER_PREMATCH_FEATURE_FREEZE,2.57,3.16,2.88,EXTERNAL_HISTORICAL_MARKET_BENCHMARK,NOT_AVAILABLE,NOT_GOLDBET,d86f298b9b196ee520a8e6e60c635e93ead6f11ae767cb0169e57fd8cdf7d132,1477.0088188701213,1508.100481882004,-31.0916630118827,-0.6000000000000001,-0.4,0.3999999999999999,-11.582055338921009,38,38,False
44a29671a96e2540419aaaf4,Primeira Liga,2023/2024,DEVELOPMENT,2023-09-16,18:00,MATCH_KICKOFF_TIME_TIMEZONE_NOT_STATED_BY_SOURCE,,NOT_VERIFIED_DO_NOT_INFER,Farense,Sp Braga,3,1,H,EVALUATION_ONLY_JOIN_AFTER_PREMATCH_FEATURE_FREEZE,4.51,3.96,1.72,EXTERNAL_HISTORICAL_MARKET_BENCHMARK,NOT_AVAILABLE,NOT_GOLDBET,5f67aa3c95d5ddd4dd2f9128060b8d8e7d2e7e3899ee139bf42c8ac463641c26,1482.3159744106,1567.1041015786261,-84.78812716802622,-1.25,-1.0,-0.5,16.27417709619658,4,38,False
47d56b8b45f0f0ee04da8259,Primeira Liga,2023/2024,DEVELOPMENT,2023-09-16,20:30,MATCH_KICKOFF_TIME_TIMEZONE_NOT_STATED_BY_SOURCE,,NOT_VERIFIED_DO_NOT_INFER,Vizela,Benfica,1,2,A,EVALUATION_ONLY_JOIN_AFTER_PREMATCH_FEATURE_FREEZE,7.87,5.26,1.35,EXTERNAL_HISTORICAL_MARKET_BENCHMARK,NOT_AVAILABLE,NOT_GOLDBET,7b3cd952dc2c07c6f56706402b4d0f1a36972af3192148c1c5ea35322b5bd6c3,1474.638157540709,1590.6790672791624,-116.04090973845337,-1.5999999999999999,-2.4,-1.0,62.76983785823086,38,38,False
aa8863249d9089231be25a8a,Primeira Liga,2023/2024,DEVELOPMENT,2023-09-17,15:30,MATCH_KICKOFF_TIME_TIMEZONE_NOT_STATED_BY_SOURCE,,NOT_VERIFIED_DO_NOT_INFER,Arouca,Casa Pia,0,1,A,EVALUATION_ONLY_JOIN_AFTER_PREMATCH_FEATURE_FREEZE,2.77,3.18,2.64,EXTERNAL_HISTORICAL_MARKET_BENCHMARK,NOT_AVAILABLE,NOT_GOLDBET,a9d81b648d8e068e71c973471f23aef17f251eab9b5acfd025715b8d735a97e9,1525.922521620425,1480.6936265498975,45.228895070527415,0.8,0.39999999999999997,1.2,-15.943993140715293,38,38,False
ad9a7dc9608668f666192e63,Primeira Liga,2023/2024,DEVELOPMENT,2023-09-17,15:30,MATCH_KICKOFF_TIME_TIMEZONE_NOT_STATED_BY_SOURCE,,NOT_VERIFIED_DO_NOT_INFER,Gil Vicente,Estoril,5,3,H,EVALUATION_ONLY_JOIN_AFTER_PREMATCH_FEATURE_FREEZE,2.03,3.5,3.61,EXTERNAL_HISTORICAL_MARKET_BENCHMARK,NOT_AVAILABLE,NOT_GOLDBET,2b4c3e2e29d2e79d0cdfc932b5faa7a37f5560496ee6bd8233cbc5dbda2a619f,1460.3162960061247,1451.437007069516,8.879288936608646,0.0,0.39999999999999997,1.6,12.788532838201036,38,38,False
9ce7de4e3bc44242d39cf84b,Primeira Liga,2023/2024,DEVELOPMENT,2023-09-17,18:00,MATCH_KICKOFF_TIME_TIMEZONE_NOT_STATED_BY_SOURCE,,NOT_VERIFIED_DO_NOT_INFER,Guimaraes,Portimonense,1,2,A,EVALUATION_ONLY_JOIN_AFTER_PREMATCH_FEATURE_FREEZE,1.53,4.17,6.25,EXTERNAL_HISTORICAL_MARKET_BENCHMARK,NOT_AVAILABLE,NOT_GOLDBET,d1a27a171e925dff870304b1a417add94808fecb09a3e2f63af9bd6de4ef5233,1528.7934043470145,1446.83690624087,81.95649810614464,1.4,1.4,2.0,35.420011842961,38,38,False
86e9ef39cb503bb591cbb276,Primeira Liga,2023/2024,DEVELOPMENT,2023-09-17,20:30,MATCH_KICKOFF_TIME_TIMEZONE_NOT_STATED_BY_SOURCE,,NOT_VERIFIED_DO_NOT_INFER,Sp Lisbon,Moreirense,3,0,H,EVALUATION_ONLY_JOIN_AFTER_PREMATCH_FEATURE_FREEZE,1.24,6.23,11.59,EXTERNAL_HISTORICAL_MARKET_BENCHMARK,NOT_AVAILABLE,NOT_GOLDBET,b12474efeb313104f093d932e51488042b51a61eaae77a42a713ed13698dec25,1584.174187562211,1493.813116712521,90.36107084969012,1.6,1.05,0.6000000000000001,-30.47060090915261,38,4,False
a056ee8aff7e1b2e3006188c,Primeira Liga,2023/2024,DEVELOPMENT,2023-09-18,20:15,MATCH_KICKOFF_TIME_TIMEZONE_NOT_STATED_BY_SOURCE,,NOT_VERIFIED_DO_NOT_INFER,Boavista,Chaves,4,1,H,EVALUATION_ONLY_JOIN_AFTER_PREMATCH_FEATURE_FREEZE,1.7,3.74,5.01,EXTERNAL_HISTORICAL_MARKET_BENCHMARK,NOT_AVAILABLE,NOT_GOLDBET,00348c6543ed7a2cf3b70560527a1722d10b35eee4959cb015621d89aca40173,1522.5790609789358,1461.3882018728023,61.19085910613353,2.6,4.2,1.4000000000000001,0.90294100339338,38,38,False
49ae41db3b24570bf0300d82,Primeira Liga,2023/2024,DEVELOPMENT,2023-09-22,20:15,MATCH_KICKOFF_TIME_TIMEZONE_NOT_STATED_BY_SOURCE,,NOT_VERIFIED_DO_NOT_INFER,Famalicao,Arouca,1,0,H,EVALUATION_ONLY_JOIN_AFTER_PREMATCH_FEATURE_FREEZE,2.13,3.28,3.58,EXTERNAL_HISTORICAL_MARKET_BENCHMARK,NOT_AVAILABLE,NOT_GOLDBET,af6c96aebbdf16e3a7a37b4dff714cb135c5d11f8b3d75a632d732c215c8c0f7,1508.9306159011192,1512.9831246972553,-4.0525087961361805,0.40000000000000013,0.2,0.3999999999999999,24.910409736760585,39,39,False
c57c3401302f23d3fd347adc,Primeira Liga,2023/2024,DEVELOPMENT,2023-09-23,15:30,MATCH_KICKOFF_TIME_TIMEZONE_NOT_STATED_BY_SOURCE,,NOT_VERIFIED_DO_NOT_INFER,Estoril,Vizela,2,2,D,EVALUATION_ONLY_JOIN_AFTER_PREMATCH_FEATURE_FREEZE,2.53,3.41,2.74,EXTERNAL_HISTORICAL_MARKET_BENCHMARK,NOT_AVAILABLE,NOT_GOLDBET,f7ae8f50c98427c9b665186f59bc8b21fcd9597ea390b348f889e58afbd32b27,1443.3939413216858,1466.2373001352787,-22.843358813592886,-0.20000000000000007,0.0,2.4,-41.72733263058217,39,39,False
caa0e3e6752c12e5761654bb,Primeira Liga,2023/2024,DEVELOPMENT,2023-09-23,15:30,MATCH_KICKOFF_TIME_TIMEZONE_NOT_STATED_BY_SOURCE,,NOT_VERIFIED_DO_NOT_INFER,Moreirense,Farense,1,0,H,EVALUATION_ONLY_JOIN_AFTER_PREMATCH_FEATURE_FREEZE,2.13,3.44,3.42,EXTERNAL_HISTORICAL_MARKET_BENCHMARK,NOT_AVAILABLE,NOT_GOLDBET,ea6cc7f163f7ce70093e93bcd3f9c65f197470ede5463fd808812676aa07acb2,1487.8894860138882,1493.0282259597218,-5.138739945833549,-0.3999999999999999,-1.2000000000000002,0.0,17.58518668353122,5,5,False
a195e101a608f44175b23c6d,Primeira Liga,2023/2024,DEVELOPMENT,2023-09-23,18:00,MATCH_KICKOFF_TIME_TIMEZONE_NOT_STATED_BY_SOURCE,,NOT_VERIFIED_DO_NOT_INFER,Casa Pia,Guimaraes,0,0,D,EVALUATION_ONLY_JOIN_AFTER_PREMATCH_FEATURE_FREEZE,2.44,3.15,3.04,EXTERNAL_HISTORICAL_MARKET_BENCHMARK,NOT_AVAILABLE,NOT_GOLDBET,0c603c251c390c756bef80a92fcf2085cb6b75ad0f73fc120df256fe4c5889b3,1493.6330234730672,1514.9207102673995,-21.28768679433233,-0.19999999999999996,0.8,-1.2000000000000002,18.956874145232177,39,39,False
bc2d7273ef47f6a54057094c,Primeira Liga,2023/2024,DEVELOPMENT,2023-09-23,20:30,MATCH_KICKOFF_TIME_TIMEZONE_NOT_STATED_BY_SOURCE,,NOT_VERIFIED_DO_NOT_INFER,Porto,Gil Vicente,2,1,H,EVALUATION_ONLY_JOIN_AFTER_PREMATCH_FEATURE_FREEZE,1.24,6.68,10.65,EXTERNAL_HISTORICAL_MARKET_BENCHMARK,NOT_AVAILABLE,NOT_GOLDBET,09f18bf3b54ae3d330058a5397b50e46f861b09c054c591ed23aad1cb4a30858,1611.3277141001327,1468.359361753955,142.96835234617765,1.4000000000000001,0.0,2.6,1.6480743377994713,39,39,False
38d526d092c2d072d45d0d89,Primeira Liga,2023/2024,DEVELOPMENT,2023-09-24,15:30,MATCH_KICKOFF_TIME_TIMEZONE_NOT_STATED_BY_SOURCE,,NOT_VERIFIED_DO_NOT_INFER,Chaves,Estrela,2,2,D,EVALUATION_ONLY_JOIN_AFTER_PREMATCH_FEATURE_FREEZE,2.6,3.43,2.66,EXTERNAL_HISTORICAL_MARKET_BENCHMARK,NOT_AVAILABLE,NOT_GOLDBET,89e5327d7e222867312cc1d91d490db6cb3cc2310b446beb1213b845780d54e4,1454.741446886732,1482.3133977546008,-27.571950867868736,-0.8,-2.0,0.7,-13.861650722769582,39,5,False
e232f397f8378fd248b51e40,Primeira Liga,2023/2024,DEVELOPMENT,2023-09-24,18:00,MATCH_KICKOFF_TIME_TIMEZONE_NOT_STATED_BY_SOURCE,,NOT_VERIFIED_DO_NOT_INFER,Portimonense,Benfica,1,3,A,EVALUATION_ONLY_JOIN_AFTER_PREMATCH_FEATURE_FREEZE,12.83,6.94,1.2,EXTERNAL_HISTORICAL_MARKET_BENCHMARK,NOT_AVAILABLE,NOT_GOLDBET,4a53c1423762a3924c3204ec98c1f4d0437b7b4ccc1911ec5e35ef773919d21a,1460.709600320485,1599.0799246845927,-138.37032436410777,-1.4,-2.8,-1.2,11.229253738821399,39,39,False
1d4e1f8b1e58b3b85254e366,Primeira Liga,2023/2024,DEVELOPMENT,2023-09-24,20:30,MATCH_KICKOFF_TIME_TIMEZONE_NOT_STATED_BY_SOURCE,,NOT_VERIFIED_DO_NOT_INFER,Sp Braga,Boavista,4,1,H,EVALUATION_ONLY_JOIN_AFTER_PREMATCH_FEATURE_FREEZE,1.52,4.47,5.73,EXTERNAL_HISTORICAL_MARKET_BENCHMARK,NOT_AVAILABLE,NOT_GOLDBET,45cf2dcb7230c46ce1fb7881978688c25cca9b8fda2c17b95e00233ff5719082,1556.3918500295042,1529.225815965006,27.166034064498263,-1.2000000000000002,-1.6,0.19999999999999996,23.91273665161748,39,39,False
afc8262de7b00ae7bba8f7b2,Primeira Liga,2023/2024,DEVELOPMENT,2023-09-25,20:15,MATCH_KICKOFF_TIME_TIMEZONE_NOT_STATED_BY_SOURCE,,NOT_VERIFIED_DO_NOT_INFER,Sp Lisbon,Rio Ave,2,0,H,EVALUATION_ONLY_JOIN_AFTER_PREMATCH_FEATURE_FREEZE,1.17,7.31,16.19,EXTERNAL_HISTORICAL_MARKET_BENCHMARK,NOT_AVAILABLE,NOT_GOLDBET,802971d543d643aa0d8797a891c388fbdf470a15e84743a80903d693c6f01ed2,1590.0978182608437,1476.1786848510062,113.91913340983751,1.6,1.4,2.2,-4.402547569455464,39,39,False
44a7bbde343bf19d6ecd43d8,Primeira Liga,2023/2024,DEVELOPMENT,2023-09-28,20:15,MATCH_KICKOFF_TIME_TIMEZONE_NOT_STATED_BY_SOURCE,,NOT_VERIFIED_DO_NOT_INFER,Estrela,Sp Braga,2,4,A,EVALUATION_ONLY_JOIN_AFTER_PREMATCH_FEATURE_FREEZE,4.48,4.05,1.72,EXTERNAL_HISTORICAL_MARKET_BENCHMARK,NOT_AVAILABLE,NOT_GOLDBET,742cf54de0a9190ab81f6e25a324bd791bc35b42d9e80ae34670d86f9b783edc,1483.244051141389,1563.9343553499893,-80.69030420860031,-1.0,-1.2000000000000002,-0.3999999999999999,-9.300490637529037,6,40,False
d762663d7c794a87cb3c3fe0,Primeira Liga,2023/2024,DEVELOPMENT,2023-09-29,20:15,MATCH_KICKOFF_TIME_TIMEZONE_NOT_STATED_BY_SOURCE,,NOT_VERIFIED_DO_NOT_INFER,Benfica,Porto,1,0,H,EVALUATION_ONLY_JOIN_AFTER_PREMATCH_FEATURE_FREEZE,1.86,3.74,4.04,EXTERNAL_HISTORICAL_MARKET_BENCHMARK,NOT_AVAILABLE,NOT_GOLDBET,1103be5b4383d46f91fd54c06ff8071686e2a86e30e090bc94ea1c8004a1a337,1606.861739507278,1616.0706736165323,-9.208934109254415,0.3999999999999999,1.2,0.0,-3.006617029714107,40,40,False
1d0241a99cd833575166f5ff,Primeira Liga,2023/2024,DEVELOPMENT,2023-09-30,15:30,MATCH_KICKOFF_TIME_TIMEZONE_NOT_STATED_BY_SOURCE,,NOT_VERIFIED_DO_NOT_INFER,Vizela,Portimonense,2,3,A,EVALUATION_ONLY_JOIN_AFTER_PREMATCH_FEATURE_FREEZE,1.75,3.78,4.58,EXTERNAL_HISTORICAL_MARKET_BENCHMARK,NOT_AVAILABLE,NOT_GOLDBET,8394156db3ab64ff6d13535d425a650afeb83543d5cd2881409ff29190f8804c,1467.3026955737682,1452.9277854977997,14.3749100759685,0.0,0.4,0.0,-18.280722180938255,40,40,False
45d276281cdefa0b7ff2cc53,Primeira Liga,2023/2024,DEVELOPMENT,2023-09-30,18:00,MATCH_KICKOFF_TIME_TIMEZONE_NOT_STATED_BY_SOURCE,,NOT_VERIFIED_DO_NOT_INFER,Boavista,Famalicao,2,2,D,EVALUATION_ONLY_JOIN_AFTER_PREMATCH_FEATURE_FREEZE,2.44,3.29,2.95,EXTERNAL_HISTORICAL_MARKET_BENCHMARK,NOT_AVAILABLE,NOT_GOLDBET,215dee2ed5b753b3b734565561069c6da8d0590bca427fa0ad067d85052a4f09,1521.6833106445208,1517.3340934611444,4.349217183376368,0.3999999999999999,0.6000000000000001,1.0000000000000002,-26.92598884249378,40,40,False
6887208aa539cd79b99ed764,Primeira Liga,2023/2024,DEVELOPMENT,2023-09-30,20:30,MATCH_KICKOFF_TIME_TIMEZONE_NOT_STATED_BY_SOURCE,,NOT_VERIFIED_DO_NOT_INFER,Farense,Sp Lisbon,2,3,A,EVALUATION_ONLY_JOIN_AFTER_PREMATCH_FEATURE_FREEZE,8.03,5.04,1.37,EXTERNAL_HISTORICAL_MARKET_BENCHMARK,NOT_AVAILABLE,NOT_GOLDBET,80bf2d2d5370b04dd98e8d787bba6842c7587a05c60e794f9335a1ce84b7e48c,1484.5942659276354,1595.4720904052242,-110.87782447758877,-1.4000000000000001,-0.5999999999999999,-0.6000000000000001,20.95571000673999,6,40,False
10828e9c90160e0016f683a3,Primeira Liga,2023/2024,DEVELOPMENT,2023-10-01,15:30,MATCH_KICKOFF_TIME_TIMEZONE_NOT_STATED_BY_SOURCE,,NOT_VERIFIED_DO_NOT_INFER,Arouca,Chaves,0,2,A,EVALUATION_ONLY_JOIN_AFTER_PREMATCH_FEATURE_FREEZE,1.95,3.52,3.93,EXTERNAL_HISTORICAL_MARKET_BENCHMARK,NOT_AVAILABLE,NOT_GOLDBET,e9dc0e564c4fa99be568f9250f56cae2128db9da8390133809bff5b5fe693bd4,1504.57964713723,1453.8107934999439,50.768853637286156,0.39999999999999997,1.8000000000000003,0.7999999999999999,-2.9121071259764904,40,40,False
98838bc4720a44f4d2818022,Primeira Liga,2023/2024,DEVELOPMENT,2023-10-01,18:00,MATCH_KICKOFF_TIME_TIMEZONE_NOT_STATED_BY_SOURCE,,NOT_VERIFIED_DO_NOT_INFER,Guimaraes,Estoril,3,2,H,EVALUATION_ONLY_JOIN_AFTER_PREMATCH_FEATURE_FREEZE,1.8,3.67,4.41,EXTERNAL_HISTORICAL_MARKET_BENCHMARK,NOT_AVAILABLE,NOT_GOLDBET,a2446b9f9cab490d90f3767a2bae52920b469a3010aa15382754281b53bc2bf4,1516.0303519070317,1442.3285458831963,73.70180602383539,0.5999999999999999,0.0,2.1999999999999997,13.623418493195231,40,40,False
45199e5588b7623d62ad0553,Primeira Liga,2023/2024,DEVELOPMENT,2023-10-01,20:30,MATCH_KICKOFF_TIME_TIMEZONE_NOT_STATED_BY_SOURCE,,NOT_VERIFIED_DO_NOT_INFER,Rio Ave,Moreirense,0,4,A,EVALUATION_ONLY_JOIN_AFTER_PREMATCH_FEATURE_FREEZE,2.68,3.18,2.73,EXTERNAL_HISTORICAL_MARKET_BENCHMARK,NOT_AVAILABLE,NOT_GOLDBET,a45887b43c5469787cfd565dc37ac41d89253b59fb8dd91333ab8a2973a41445,1470.8044127066257,1496.3234460459746,-25.51903333934888,-0.9999999999999999,-0.6,-0.33333333333333326,4.847102148377189,40,6,False
d8a3f23f6a0bbca61ef63d0e,Primeira Liga,2023/2024,DEVELOPMENT,2023-10-02,20:15,MATCH_KICKOFF_TIME_TIMEZONE_NOT_STATED_BY_SOURCE,,NOT_VERIFIED_DO_NOT_INFER,Gil Vicente,Casa Pia,2,0,H,EVALUATION_ONLY_JOIN_AFTER_PREMATCH_FEATURE_FREEZE,2.44,3.21,3.01,EXTERNAL_HISTORICAL_MARKET_BENCHMARK,NOT_AVAILABLE,NOT_GOLDBET,54a67a505e116545f0b7356ea9e0bbf22441367c17254d9fefdc0acd2073256b,1463.6164022375553,1492.523381833435,-28.906979595879648,-0.6,-0.4,1.0,5.466841307302502,40,40,False
95f75def726a519d680d28fb,Primeira Liga,2023/2024,DEVELOPMENT,2023-10-06,20:15,MATCH_KICKOFF_TIME_TIMEZONE_NOT_STATED_BY_SOURCE,,NOT_VERIFIED_DO_NOT_INFER,Moreirense,Boavista,1,1,D,EVALUATION_ONLY_JOIN_AFTER_PREMATCH_FEATURE_FREEZE,1.92,3.62,3.88,EXTERNAL_HISTORICAL_MARKET_BENCHMARK,NOT_AVAILABLE,NOT_GOLDBET,ed783d61710f200a58789939e81eec8e10cf8d0580bd344b394ac96d17f28403,1507.312642506731,1519.852082713785,-12.539440207053985,0.19999999999999996,0.2,-0.8,20.132955930052958,7,41,False
c22b3e69afe9c1b50beb7bc3,Primeira Liga,2023/2024,DEVELOPMENT,2023-10-07,15:30,MATCH_KICKOFF_TIME_TIMEZONE_NOT_STATED_BY_SOURCE,,NOT_VERIFIED_DO_NOT_INFER,Chaves,Gil Vicente,4,2,H,EVALUATION_ONLY_JOIN_AFTER_PREMATCH_FEATURE_FREEZE,2.68,3.5,2.53,EXTERNAL_HISTORICAL_MARKET_BENCHMARK,NOT_AVAILABLE,NOT_GOLDBET,bacdc140284e87b449bae0db06a710d87914c89f14a0a8107bb188a1c1eb1b29,1466.8951746164544,1472.7238546988497,-5.8286800823952944,-0.3999999999999999,-1.5999999999999999,0.8,-22.377527071591658,41,41,False
456cfef5162a1384a1b31027,Primeira Liga,2023/2024,DEVELOPMENT,2023-10-07,15:30,MATCH_KICKOFF_TIME_TIMEZONE_NOT_STATED_BY_SOURCE,,NOT_VERIFIED_DO_NOT_INFER,Farense,Vizela,0,0,D,EVALUATION_ONLY_JOIN_AFTER_PREMATCH_FEATURE_FREEZE,2.29,3.37,3.11,EXTERNAL_HISTORICAL_MARKET_BENCHMARK,NOT_AVAILABLE,NOT_GOLDBET,6408c312437b8226ee3e270359bbb220b53233dbcd67121e7863ef0f0b06bc99,1476.0482689805262,1455.1941241775646,20.854144802961628,0.3999999999999999,1.4,1.3,29.3297474086321,7,41,False
f705de5f66ba472be83e46d5,Primeira Liga,2023/2024,DEVELOPMENT,2023-10-07,18:00,MATCH_KICKOFF_TIME_TIMEZONE_NOT_STATED_BY_SOURCE,,NOT_VERIFIED_DO_NOT_INFER,Sp Braga,Rio Ave,2,1,H,EVALUATION_ONLY_JOIN_AFTER_PREMATCH_FEATURE_FREEZE,1.3,5.54,9.34,EXTERNAL_HISTORICAL_MARKET_BENCHMARK,NOT_AVAILABLE,NOT_GOLDBET,66a7f0c2ed4829573d85979939226e4f80ed78b339f595b17701f4fd6a69140e,1573.3395435010664,1459.8152162458694,113.52432725519702,1.6,2.2,1.6,-18.694212177466852,41,41,False
c95272c68ab69db8a39d52c3,Primeira Liga,2023/2024,DEVELOPMENT,2023-10-07,20:30,MATCH_KICKOFF_TIME_TIMEZONE_NOT_STATED_BY_SOURCE,,NOT_VERIFIED_DO_NOT_INFER,Estoril,Benfica,0,1,A,EVALUATION_ONLY_JOIN_AFTER_PREMATCH_FEATURE_FREEZE,8.68,5.95,1.3,EXTERNAL_HISTORICAL_MARKET_BENCHMARK,NOT_AVAILABLE,NOT_GOLDBET,72490d3c5fa710081a1850f03548a878d490baa3332875f1a5983de1f46d3129,1435.9974470993,1615.4101808638634,-179.41273376456343,-2.8,-2.8,0.0,-25.50279536967537,41,41,False
d3e1ffec99696769e693939a,Primeira Liga,2023/2024,DEVELOPMENT,2023-10-08,15:30,MATCH_KICKOFF_TIME_TIMEZONE_NOT_STATED_BY_SOURCE,,NOT_VERIFIED_DO_NOT_INFER,Casa Pia,Estrela,0,1,A,EVALUATION_ONLY_JOIN_AFTER_PREMATCH_FEATURE_FREEZE,2.11,3.38,3.49,EXTERNAL_HISTORICAL_MARKET_BENCHMARK,NOT_AVAILABLE,NOT_GOLDBET,5461c3ed72b0c1a9c8d3069c40eb6a455bc64d571b4301d9860fe3c488f71a7d,1483.4159293721407,1473.838862990312,9.577066381828672,0.19999999999999996,0.2,0.13333333333333341,-8.786138293890644,41,7,False
78798fbe07219ecd6dfddb1b,Primeira Liga,2023/2024,DEVELOPMENT,2023-10-08,15:30,MATCH_KICKOFF_TIME_TIMEZONE_NOT_STATED_BY_SOURCE,,NOT_VERIFIED_DO_NOT_INFER,Famalicao,Guimaraes,1,3,A,EVALUATION_ONLY_JOIN_AFTER_PREMATCH_FEATURE_FREEZE,2.85,3.07,2.64,EXTERNAL_HISTORICAL_MARKET_BENCHMARK,NOT_AVAILABLE,NOT_GOLDBET,370be95b13767211903e5ac39d176c01f7d46c3d025ed5c80dc9a941fc53e689,1519.1653213918803,1522.361450690928,-3.1961292990476977,0.20000000000000018,0.6000000000000001,0.0,27.844311850295753,41,41,False
876c437a64f6beebd03abca7,Primeira Liga,2023/2024,DEVELOPMENT,2023-10-08,18:00,MATCH_KICKOFF_TIME_TIMEZONE_NOT_STATED_BY_SOURCE,,NOT_VERIFIED_DO_NOT_INFER,Porto,Portimonense,1,0,H,EVALUATION_ONLY_JOIN_AFTER_PREMATCH_FEATURE_FREEZE,1.17,7.53,15.4,EXTERNAL_HISTORICAL_MARKET_BENCHMARK,NOT_AVAILABLE,NOT_GOLDBET,b312c843b39a9aa5ef150c213ee9d4b024cdddbaf81b77256c7851ccb98fde27,1607.5222322599468,1465.0363568940033,142.48587536594346,0.3999999999999999,0.4,1.2000000000000002,-7.965047395910005,41,41,False
a382c5d21a0104da5df06420,Primeira Liga,2023/2024,DEVELOPMENT,2023-10-08,20:30,MATCH_KICKOFF_TIME_TIMEZONE_NOT_STATED_BY_SOURCE,,NOT_VERIFIED_DO_NOT_INFER,Sp Lisbon,Arouca,2,1,H,EVALUATION_ONLY_JOIN_AFTER_PREMATCH_FEATURE_FREEZE,1.18,6.99,14.9,EXTERNAL_HISTORICAL_MARKET_BENCHMARK,NOT_AVAILABLE,NOT_GOLDBET,19c12bf8483cfacff44f231c758a227452e10aa7d94061f0660f0d78c9e04587,1604.0180873523334,1491.4952660207196,112.52282133161384,2.2,2.2,1.6,5.069821640927557,41,41,False
20cd6c6e048da76f09be4543,Primeira Liga,2023/2024,DEVELOPMENT,2023-10-27,20:15,MATCH_KICKOFF_TIME_TIMEZONE_NOT_STATED_BY_SOURCE,,NOT_VERIFIED_DO_NOT_INFER,Arouca,Moreirense,0,1,A,EVALUATION_ONLY_JOIN_AFTER_PREMATCH_FEATURE_FREEZE,2.57,3.2,2.84,EXTERNAL_HISTORICAL_MARKET_BENCHMARK,NOT_AVAILABLE,NOT_GOLDBET,e097d0a074ef5d0598c9246cb5be96e7eca6448cc64f5819b0bc1de4a537404a,1486.0893455230455,1505.9550516237218,-19.865706100676334,-1.2,-1.2,-0.3500000000000001,5.8898504581004545,42,8,False
c728ef65dc670edd037e7a2c,Primeira Liga,2023/2024,DEVELOPMENT,2023-10-28,15:30,MATCH_KICKOFF_TIME_TIMEZONE_NOT_STATED_BY_SOURCE,,NOT_VERIFIED_DO_NOT_INFER,Portimonense,Estoril,1,0,H,EVALUATION_ONLY_JOIN_AFTER_PREMATCH_FEATURE_FREEZE,2.52,3.44,2.71,EXTERNAL_HISTORICAL_MARKET_BENCHMARK,NOT_AVAILABLE,NOT_GOLDBET,3598c829f19bb85eab2314c10bfa8ae4d5ed22198527b6e6304563098b69d66f,1460.2833410618325,1429.3051905084099,30.978150553422665,1.2,0.8,0.0,24.547049860263087,42,42,False
f1567a4f4d6995851fe8eb15,Primeira Liga,2023/2024,DEVELOPMENT,2023-10-28,18:00,MATCH_KICKOFF_TIME_TIMEZONE_NOT_STATED_BY_SOURCE,,NOT_VERIFIED_DO_NOT_INFER,Benfica,Casa Pia,1,1,D,EVALUATION_ONLY_JOIN_AFTER_PREMATCH_FEATURE_FREEZE,1.21,6.49,12.91,EXTERNAL_HISTORICAL_MARKET_BENCHMARK,NOT_AVAILABLE,NOT_GOLDBET,c4ad302ea4b4e4cdf2cbb7c6aa2188f53139c893a93577c4d9a48056f51f45f7,1622.1024374547535,1471.4396882064711,150.66274924828235,2.0,2.2,1.6,13.962348708645322,42,42,False
c204612406e494b76650ae04,Primeira Liga,2023/2024,DEVELOPMENT,2023-10-28,18:00,MATCH_KICKOFF_TIME_TIMEZONE_NOT_STATED_BY_SOURCE,,NOT_VERIFIED_DO_NOT_INFER,Guimaraes,Chaves,5,0,H,EVALUATION_ONLY_JOIN_AFTER_PREMATCH_FEATURE_FREEZE,1.68,3.88,4.99,EXTERNAL_HISTORICAL_MARKET_BENCHMARK,NOT_AVAILABLE,NOT_GOLDBET,20eed8ededc1f49205e0ef74e69e8742dab839c6b534f7023a1e927d79e7629e,1533.9819839530617,1475.348511706957,58.6334722461047,0.0,-0.4,1.7999999999999998,2.1149195075893203,42,42,False
a249cffff6455264871fe7f9,Primeira Liga,2023/2024,DEVELOPMENT,2023-10-28,20:30,MATCH_KICKOFF_TIME_TIMEZONE_NOT_STATED_BY_SOURCE,,NOT_VERIFIED_DO_NOT_INFER,Gil Vicente,Sp Braga,3,3,D,EVALUATION_ONLY_JOIN_AFTER_PREMATCH_FEATURE_FREEZE,4.95,4.58,1.58,EXTERNAL_HISTORICAL_MARKET_BENCHMARK,NOT_AVAILABLE,NOT_GOLDBET,72538218305eb44b93444c7f8c27ea76ea0634bf133a33e4a4bcd723db88516e,1464.270517608347,1578.7227522988555,-114.45223469050848,-1.2,-1.0,0.3999999999999999,5.96909131901748,42,42,False
187cfaebb578424dd6b9f18c,Primeira Liga,2023/2024,DEVELOPMENT,2023-10-29,15:30,MATCH_KICKOFF_TIME_TIMEZONE_NOT_STATED_BY_SOURCE,,NOT_VERIFIED_DO_NOT_INFER,Rio Ave,Farense,3,4,A,EVALUATION_ONLY_JOIN_AFTER_PREMATCH_FEATURE_FREEZE,2.43,3.32,2.94,EXTERNAL_HISTORICAL_MARKET_BENCHMARK,NOT_AVAILABLE,NOT_GOLDBET,21208dca56fe201c366384b1ef40523903fdbe32cdc0ba48181c652ce7310290,1454.4320074480802,1473.7622200374342,-19.330212589354005,-0.4,-1.2,1.0,8.94661771269557,42,8,False
d9a7a473297b4ae94390cb46,Primeira Liga,2023/2024,DEVELOPMENT,2023-10-29,18:00,MATCH_KICKOFF_TIME_TIMEZONE_NOT_STATED_BY_SOURCE,,NOT_VERIFIED_DO_NOT_INFER,Estrela,Famalicao,1,0,H,EVALUATION_ONLY_JOIN_AFTER_PREMATCH_FEATURE_FREEZE,2.52,3.18,2.89,EXTERNAL_HISTORICAL_MARKET_BENCHMARK,NOT_AVAILABLE,NOT_GOLDBET,6e012bbebd69eaa80d5146ba475fb3173c5ff3ad0f71b4ff99e91e46d72d0a1d,1485.8151041559815,1507.5447881297466,-21.729683973765077,-0.6000000000000001,-0.4,-0.44999999999999996,5.571653158844583,8,42,False
ce73bf02715eedb5f3e82fee,Primeira Liga,2023/2024,DEVELOPMENT,2023-10-29,20:30,MATCH_KICKOFF_TIME_TIMEZONE_NOT_STATED_BY_SOURCE,,NOT_VERIFIED_DO_NOT_INFER,Vizela,Porto,0,2,A,EVALUATION_ONLY_JOIN_AFTER_PREMATCH_FEATURE_FREEZE,7.46,4.77,1.41,EXTERNAL_HISTORICAL_MARKET_BENCHMARK,NOT_AVAILABLE,NOT_GOLDBET,fe99e4e69d2f71c473eeda2ed9d980d04d59b60913956bcde3f0076e1a2664cd,1457.4801731206567,1612.2752480921176,-154.79507497146096,-1.0,-0.6000000000000001,-1.5999999999999999,-24.26890391149186,42,42,False
17065da8f9797f6d3e06a1e1,Primeira Liga,2023/2024,DEVELOPMENT,2023-10-30,20:15,MATCH_KICKOFF_TIME_TIMEZONE_NOT_STATED_BY_SOURCE,,NOT_VERIFIED_DO_NOT_INFER,Boavista,Sp Lisbon,0,2,A,EVALUATION_ONLY_JOIN_AFTER_PREMATCH_FEATURE_FREEZE,7.71,4.96,1.38,EXTERNAL_HISTORICAL_MARKET_BENCHMARK,NOT_AVAILABLE,NOT_GOLDBET,8670c83199c20c6197d4c5b5e3fbfca32726cae224df4df292072d99412d94fa,1521.2096735967941,1609.4240078500075,-88.21433425321334,-1.0,-1.2,-0.8,0.031552011116673384,42,42,False
f5973d2fc2e07ec9b8fa33ee,Primeira Liga,2023/2024,DEVELOPMENT,2023-11-03,20:15,MATCH_KICKOFF_TIME_TIMEZONE_NOT_STATED_BY_SOURCE,,NOT_VERIFIED_DO_NOT_INFER,Porto,Estoril,0,1,A,EVALUATION_ONLY_JOIN_AFTER_PREMATCH_FEATURE_FREEZE,1.19,7.33,13.11,EXTERNAL_HISTORICAL_MARKET_BENCHMARK,NOT_AVAILABLE,NOT_GOLDBET,34b1fe8a622390fa48488cd3181074d1462c13f28a57f2cfc7224f41efe07dc7,1619.6125732720566,1421.8654989767433,197.74707429531327,2.1999999999999997,1.8,2.6,-5.942322653099382,43,43,False
6284ae13d877df899e23a632,Primeira Liga,2023/2024,DEVELOPMENT,2023-11-04,15:30,MATCH_KICKOFF_TIME_TIMEZONE_NOT_STATED_BY_SOURCE,,NOT_VERIFIED_DO_NOT_INFER,Chaves,Benfica,0,2,A,EVALUATION_ONLY_JOIN_AFTER_PREMATCH_FEATURE_FREEZE,9.5,5.9,1.28,EXTERNAL_HISTORICAL_MARKET_BENCHMARK,NOT_AVAILABLE,NOT_GOLDBET,5a9f3f778932d86dc48b444ee483ad014d09364aa98550f68b0fcd8bc86123b3,1468.6362653585888,1616.6870087744119,-148.05074341582304,-1.2000000000000002,-1.8,-1.5999999999999999,11.464475547836173,43,43,False
8f2b3473deaccd8b6c617507,Primeira Liga,2023/2024,DEVELOPMENT,2023-11-04,18:00,MATCH_KICKOFF_TIME_TIMEZONE_NOT_STATED_BY_SOURCE,,NOT_VERIFIED_DO_NOT_INFER,Famalicao,Gil Vicente,3,1,H,EVALUATION_ONLY_JOIN_AFTER_PREMATCH_FEATURE_FREEZE,2.13,3.41,3.45,EXTERNAL_HISTORICAL_MARKET_BENCHMARK,NOT_AVAILABLE,NOT_GOLDBET,2878d83a34947b74f0c73e10fa7763bd352442dbd933511ce9dba9576ca8fedf,1498.6418629435934,1465.8250714907824,32.816791452811,-0.3999999999999999,-0.6000000000000001,1.4,-16.210844171917415,43,43,False
f086f046d434f3b2cc6a6971,Primeira Liga,2023/2024,DEVELOPMENT,2023-11-04,20:30,MATCH_KICKOFF_TIME_TIMEZONE_NOT_STATED_BY_SOURCE,,NOT_VERIFIED_DO_NOT_INFER,Sp Braga,Portimonense,6,1,H,EVALUATION_ONLY_JOIN_AFTER_PREMATCH_FEATURE_FREEZE,1.23,6.74,11.1,EXTERNAL_HISTORICAL_MARKET_BENCHMARK,NOT_AVAILABLE,NOT_GOLDBET,842ef2972e14bf3742831405ca51d14f3ca9b6559585ae382743255002912ef4,1577.1681984164202,1467.723032593499,109.44516582292113,0.19999999999999996,0.8,0.6000000000000001,-42.626374400504346,43,43,False
35eb903ab2477e5d56125392,Primeira Liga,2023/2024,DEVELOPMENT,2023-11-05,15:30,MATCH_KICKOFF_TIME_TIMEZONE_NOT_STATED_BY_SOURCE,,NOT_VERIFIED_DO_NOT_INFER,Casa Pia,Vizela,0,1,A,EVALUATION_ONLY_JOIN_AFTER_PREMATCH_FEATURE_FREEZE,2.17,3.32,3.44,EXTERNAL_HISTORICAL_MARKET_BENCHMARK,NOT_AVAILABLE,NOT_GOLDBET,03a6b4d888759d2a58522fdb9fcdb9740b03a700a19c52bdff15a18c80333528,1476.8551168868128,1450.1428479407177,26.712268946095037,0.6,0.4,0.19999999999999996,5.015324679830883,43,43,False
1b8ce160ca98f49bd1071bec,Primeira Liga,2023/2024,DEVELOPMENT,2023-11-05,15:30,MATCH_KICKOFF_TIME_TIMEZONE_NOT_STATED_BY_SOURCE,,NOT_VERIFIED_DO_NOT_INFER,Moreirense,Guimaraes,1,0,H,EVALUATION_ONLY_JOIN_AFTER_PREMATCH_FEATURE_FREEZE,2.87,3.23,2.53,EXTERNAL_HISTORICAL_MARKET_BENCHMARK,NOT_AVAILABLE,NOT_GOLDBET,effc755dbf7c462ef94ae45c0162f788c6b3b895e5ed33edf8cf7b24cc8fa27f,1517.10509863484,1540.6942303014298,-23.589131666589765,0.0,-0.7999999999999999,-0.3999999999999999,35.32718915388364,9,43,False
444fb767d283c8fd9ca8e961,Primeira Liga,2023/2024,DEVELOPMENT,2023-11-05,18:00,MATCH_KICKOFF_TIME_TIMEZONE_NOT_STATED_BY_SOURCE,,NOT_VERIFIED_DO_NOT_INFER,Rio Ave,Boavista,2,0,H,EVALUATION_ONLY_JOIN_AFTER_PREMATCH_FEATURE_FREEZE,2.61,3.34,2.68,EXTERNAL_HISTORICAL_MARKET_BENCHMARK,NOT_AVAILABLE,NOT_GOLDBET,83d28fdd4208ff11ea7b7d91c9eff691adbc0252b490235168490340f0e8f0dc,1443.2667542523307,1512.0199670001894,-68.7532127478587,-0.8,-1.2000000000000002,-1.2,-2.045457198573331,43,43,False
515da423c0d04303e712936a,Primeira Liga,2023/2024,DEVELOPMENT,2023-11-05,20:30,MATCH_KICKOFF_TIME_TIMEZONE_NOT_STATED_BY_SOURCE,,NOT_VERIFIED_DO_NOT_INFER,Sp Lisbon,Estrela,3,2,H,EVALUATION_ONLY_JOIN_AFTER_PREMATCH_FEATURE_FREEZE,1.21,6.89,12.65,EXTERNAL_HISTORICAL_MARKET_BENCHMARK,NOT_AVAILABLE,NOT_GOLDBET,5d80dfb5a87741aa5026ade08d212aab572cb493f508e6caf2eee788ca52c99c,1618.6137144466122,1494.7180293421347,123.89568510447748,1.6,2.0,1.75,-29.031679810384958,43,9,False
c66333016c144d3a650eb82e,Primeira Liga,2023/2024,DEVELOPMENT,2023-11-06,20:15,MATCH_KICKOFF_TIME_TIMEZONE_NOT_STATED_BY_SOURCE,,NOT_VERIFIED_DO_NOT_INFER,Farense,Arouca,2,0,H,EVALUATION_ONLY_JOIN_AFTER_PREMATCH_FEATURE_FREEZE,2.36,3.29,3.02,EXTERNAL_HISTORICAL_MARKET_BENCHMARK,NOT_AVAILABLE,NOT_GOLDBET,fda9252e078cd4586cf216abaef7ca5a3638893a1427f9ee627331ddf2d003a0,1484.9274732331837,1474.9392985119273,9.988174721256428,1.4,1.4,0.3999999999999999,1.3367269392738308,9,43,False
e5eb5f49c22ea01c2bc8b06d,Primeira Liga,2023/2024,DEVELOPMENT,2023-11-10,20:15,MATCH_KICKOFF_TIME_TIMEZONE_NOT_STATED_BY_SOURCE,,NOT_VERIFIED_DO_NOT_INFER,Estoril,Casa Pia,4,0,H,EVALUATION_ONLY_JOIN_AFTER_PREMATCH_FEATURE_FREEZE,2.42,3.23,3.03,EXTERNAL_HISTORICAL_MARKET_BENCHMARK,NOT_AVAILABLE,NOT_GOLDBET,cf509b99a5a0d6e25330ef44e2133081312988b809f84df5a45765d87d643002,1438.1681492875625,1464.4098977955043,-26.241748507941793,0.4,0.4,-0.20000000000000018,30.590497269865182,44,44,False
e6601484444b1d37661a4826,Primeira Liga,2023/2024,DEVELOPMENT,2023-11-11,15:30,MATCH_KICKOFF_TIME_TIMEZONE_NOT_STATED_BY_SOURCE,,NOT_VERIFIED_DO_NOT_INFER,Portimonense,Chaves,2,1,H,EVALUATION_ONLY_JOIN_AFTER_PREMATCH_FEATURE_FREEZE,2.22,3.39,3.24,EXTERNAL_HISTORICAL_MARKET_BENCHMARK,NOT_AVAILABLE,NOT_GOLDBET,5afaef31987919730ba29b5bad58a3ce91baf5a3ee3b19018dc657605a74c5b4,1462.2469420686207,1461.117671164263,1.1292709043577815,-0.19999999999999996,-0.6,0.20000000000000007,14.018469824996828,44,44,False
4cf285b8f503aff5066473de,Primeira Liga,2023/2024,DEVELOPMENT,2023-11-11,18:00,MATCH_KICKOFF_TIME_TIMEZONE_NOT_STATED_BY_SOURCE,,NOT_VERIFIED_DO_NOT_INFER,Estrela,Moreirense,0,1,A,EVALUATION_ONLY_JOIN_AFTER_PREMATCH_FEATURE_FREEZE,2.67,3.33,2.64,EXTERNAL_HISTORICAL_MARKET_BENCHMARK,NOT_AVAILABLE,NOT_GOLDBET,81da9464e39e7b4cd9d60d6e90f304e056318fad588c55c5585af9af7ab1cbd3,1489.5664442149218,1526.0609294431115,-36.49448522818966,-1.2000000000000002,-1.5999999999999999,-0.8,23.556387396122773,10,10,False
0c5840909b94a241447dc3e0,Primeira Liga,2023/2024,DEVELOPMENT,2023-11-11,18:00,MATCH_KICKOFF_TIME_TIMEZONE_NOT_STATED_BY_SOURCE,,NOT_VERIFIED_DO_NOT_INFER,Vizela,Famalicao,0,0,D,EVALUATION_ONLY_JOIN_AFTER_PREMATCH_FEATURE_FREEZE,2.33,3.2,3.19,EXTERNAL_HISTORICAL_MARKET_BENCHMARK,NOT_AVAILABLE,NOT_GOLDBET,98c090df3addfb1d7681200bfe04a3e6b8845ddb5c3b0164cdeed2381b9fd3db,1462.5880670320262,1506.0321705318697,-43.44410349984355,-0.3999999999999999,-0.4,-0.19999999999999996,-9.433540180105183,44,44,False
ff0bf207112eed56aa184d55,Primeira Liga,2023/2024,DEVELOPMENT,2023-11-11,20:30,MATCH_KICKOFF_TIME_TIMEZONE_NOT_STATED_BY_SOURCE,,NOT_VERIFIED_DO_NOT_INFER,Guimaraes,Porto,1,2,A,EVALUATION_ONLY_JOIN_AFTER_PREMATCH_FEATURE_FREEZE,4.9,3.73,1.72,EXTERNAL_HISTORICAL_MARKET_BENCHMARK,NOT_AVAILABLE,NOT_GOLDBET,89c0ae0f78921cb29a0faf6f184b388ee22677816d1e66f32e012f18d0b8476c,1531.7383994931583,1603.3099229612374,-71.57152346807902,0.19999999999999996,0.9999999999999999,0.0,5.595474167460679,44,44,False
7dfee28ced15c622df2d2bb5,Primeira Liga,2023/2024,DEVELOPMENT,2023-11-12,15:30,MATCH_KICKOFF_TIME_TIMEZONE_NOT_STATED_BY_SOURCE,,NOT_VERIFIED_DO_NOT_INFER,Boavista,Farense,1,3,A,EVALUATION_ONLY_JOIN_AFTER_PREMATCH_FEATURE_FREEZE,1.97,3.62,3.7,EXTERNAL_HISTORICAL_MARKET_BENCHMARK,NOT_AVAILABLE,NOT_GOLDBET,e1657a5adc0677f36ee40c892e8c6fd12d900d59f1b57edf616c3c3d5d324fc7,1501.7680825756129,1492.9398642094861,8.828218366126748,-0.9999999999999999,-1.5999999999999999,0.8500000000000001,33.160468308606596,44,10,False
518f731a11d0a3e8195a7499,Primeira Liga,2023/2024,DEVELOPMENT,2023-11-12,15:30,MATCH_KICKOFF_TIME_TIMEZONE_NOT_STATED_BY_SOURCE,,NOT_VERIFIED_DO_NOT_INFER,Gil Vicente,Rio Ave,1,1,D,EVALUATION_ONLY_JOIN_AFTER_PREMATCH_FEATURE_FREEZE,2.2,3.41,3.26,EXTERNAL_HISTORICAL_MARKET_BENCHMARK,NOT_AVAILABLE,NOT_GOLDBET,1d3d204d502614fe7d809a10bffaf7f6d91362a13ef8574432b5323e1368d40b,1458.4347639025061,1453.5186386769071,4.916125225598989,0.20000000000000007,0.6,1.8,0.5135781893925468,44,44,False
8613ab59ccee7c515973dd7b,Primeira Liga,2023/2024,DEVELOPMENT,2023-11-12,18:00,MATCH_KICKOFF_TIME_TIMEZONE_NOT_STATED_BY_SOURCE,,NOT_VERIFIED_DO_NOT_INFER,Arouca,Sp Braga,0,1,A,EVALUATION_ONLY_JOIN_AFTER_PREMATCH_FEATURE_FREEZE,4.69,4.01,1.69,EXTERNAL_HISTORICAL_MARKET_BENCHMARK,NOT_AVAILABLE,NOT_GOLDBET,90adbc590f6a3a4782485201628fa0273c80b6d50fda4b03a42dd444f4297392,1466.9269075356249,1582.6442889412986,-115.71738140567368,-2.6,-3.6,-1.2,30.672677611238214,44,44,False
7f69b0f232701aacebf722bf,Primeira Liga,2023/2024,DEVELOPMENT,2023-11-12,20:30,MATCH_KICKOFF_TIME_TIMEZONE_NOT_STATED_BY_SOURCE,,NOT_VERIFIED_DO_NOT_INFER,Benfica,Sp Lisbon,2,1,H,EVALUATION_ONLY_JOIN_AFTER_PREMATCH_FEATURE_FREEZE,2.54,3.33,2.78,EXTERNAL_HISTORICAL_MARKET_BENCHMARK,NOT_AVAILABLE,NOT_GOLDBET,18c41883a75ffbfa78654930078760c54889994053fc55d4c66241f72b7034d9,1624.2056029687378,1623.7652995738251,0.4403033949126893,-0.3999999999999999,-0.19999999999999996,0.0,-3.0684490273827123,44,44,False
804624ed22b4fc3a92bcd2ac,Primeira Liga,2023/2024,DEVELOPMENT,2023-12-01,20:30,MATCH_KICKOFF_TIME_TIMEZONE_NOT_STATED_BY_SOURCE,,NOT_VERIFIED_DO_NOT_INFER,Chaves,Vizela,2,1,H,EVALUATION_ONLY_JOIN_AFTER_PREMATCH_FEATURE_FREEZE,2.85,3.3,2.5,EXTERNAL_HISTORICAL_MARKET_BENCHMARK,NOT_AVAILABLE,NOT_GOLDBET,effee889e1f1d7b3991a2ac5afc4627abbba6c510788937f34f85f6f8b8992b8,1452.8591797373829,1462.1119103719777,-9.252730634594855,0.19999999999999996,-0.4,-0.19999999999999996,13.21616932860934,45,45,False
d8c031ad947d8e1605d5033c,Primeira Liga,2023/2024,DEVELOPMENT,2023-12-02,15:30,MATCH_KICKOFF_TIME_TIMEZONE_NOT_STATED_BY_SOURCE,,NOT_VERIFIED_DO_NOT_INFER,Farense,Guimaraes,1,2,A,EVALUATION_ONLY_JOIN_AFTER_PREMATCH_FEATURE_FREEZE,3.3,3.6,2.11,EXTERNAL_HISTORICAL_MARKET_BENCHMARK,NOT_AVAILABLE,NOT_GOLDBET,3ac55d40fb1318ae172dc156f58b1d7c265ac91cceaa9742db93cd6051c84c33,1504.8953847841076,1522.0713316177546,-17.175946833647004,0.19999999999999996,-0.3999999999999999,0.6000000000000001,-15.090359491940262,11,45,False
bbb203a5224d418309b8bd59,Primeira Liga,2023/2024,DEVELOPMENT,2023-12-02,15:30,MATCH_KICKOFF_TIME_TIMEZONE_NOT_STATED_BY_SOURCE,,NOT_VERIFIED_DO_NOT_INFER,Rio Ave,Estrela,1,1,D,EVALUATION_ONLY_JOIN_AFTER_PREMATCH_FEATURE_FREEZE,2.05,3.48,3.59,EXTERNAL_HISTORICAL_MARKET_BENCHMARK,NOT_AVAILABLE,NOT_GOLDBET,8f694bcb1d17573371bfbe864b4afe00174eb8bd4b0cabcbd9407a9eac3b7998,1455.3656316370789,1478.8909314327361,-23.525299795657247,-0.3999999999999999,-0.4,-0.19999999999999996,-37.13795525088608,45,11,False
cd7675cc02d9735a8bf3eda8,Primeira Liga,2023/2024,DEVELOPMENT,2023-12-02,18:00,MATCH_KICKOFF_TIME_TIMEZONE_NOT_STATED_BY_SOURCE,,NOT_VERIFIED_DO_NOT_INFER,Famalicao,Porto,0,3,A,EVALUATION_ONLY_JOIN_AFTER_PREMATCH_FEATURE_FREEZE,6.99,4.35,1.47,EXTERNAL_HISTORICAL_MARKET_BENCHMARK,NOT_AVAILABLE,NOT_GOLDBET,a699bed15dea8504a0abbd600863bed7aa4af6a6cfe92f0c7d4836fa66b0d6a9,1506.5083271919182,1612.976990836641,-106.46866364472294,-0.8,-0.6000000000000001,-0.3999999999999999,-4.941832795520213,45,45,False
59556877a829f99d66885d5b,Primeira Liga,2023/2024,DEVELOPMENT,2023-12-02,20:30,MATCH_KICKOFF_TIME_TIMEZONE_NOT_STATED_BY_SOURCE,,NOT_VERIFIED_DO_NOT_INFER,Casa Pia,Portimonense,1,0,H,EVALUATION_ONLY_JOIN_AFTER_PREMATCH_FEATURE_FREEZE,1.96,3.44,3.93,EXTERNAL_HISTORICAL_MARKET_BENCHMARK,NOT_AVAILABLE,NOT_GOLDBET,6382fbd252538a09575bdcf6718f75e554e04f1281eb1860a2b9ff6017620681,1455.3784921759266,1470.5054334955007,-15.126941319574144,-1.6,-1.0,-0.9999999999999999,-18.90945760238128,45,45,False
424d524c702f36c263b136cc,Primeira Liga,2023/2024,DEVELOPMENT,2023-12-03,15:30,MATCH_KICKOFF_TIME_TIMEZONE_NOT_STATED_BY_SOURCE,,NOT_VERIFIED_DO_NOT_INFER,Sp Braga,Estoril,3,1,H,EVALUATION_ONLY_JOIN_AFTER_PREMATCH_FEATURE_FREEZE,1.38,5.38,6.84,EXTERNAL_HISTORICAL_MARKET_BENCHMARK,NOT_AVAILABLE,NOT_GOLDBET,f9a926740d2c6ae68ddc4234abb81c8df33e6be86b55730197ee36a96c111790,1591.0542214603745,1447.1995549071403,143.8546665532342,1.4000000000000001,1.4,1.4,-66.75332395511168,45,45,False
b01d96b42e622f8e134de474,Primeira Liga,2023/2024,DEVELOPMENT,2023-12-03,18:00,MATCH_KICKOFF_TIME_TIMEZONE_NOT_STATED_BY_SOURCE,,NOT_VERIFIED_DO_NOT_INFER,Moreirense,Benfica,0,0,D,EVALUATION_ONLY_JOIN_AFTER_PREMATCH_FEATURE_FREEZE,6.36,4.52,1.48,EXTERNAL_HISTORICAL_MARKET_BENCHMARK,NOT_AVAILABLE,NOT_GOLDBET,2732a4dba4f795607e455d3ef289a5b3b3b03e4e1c38fd5498810e5c5a5e7f4b,1536.7364422252972,1632.4833296751567,-95.74688744985951,0.0,0.3999999999999999,-1.6,-21.780571678981914,11,45,False
2c08c88b58512811348ed29f,Primeira Liga,2023/2024,DEVELOPMENT,2023-12-03,20:30,MATCH_KICKOFF_TIME_TIMEZONE_NOT_STATED_BY_SOURCE,,NOT_VERIFIED_DO_NOT_INFER,Boavista,Arouca,0,4,A,EVALUATION_ONLY_JOIN_AFTER_PREMATCH_FEATURE_FREEZE,2.62,3.18,2.79,EXTERNAL_HISTORICAL_MARKET_BENCHMARK,NOT_AVAILABLE,NOT_GOLDBET,1faae5928709e48ab36a3c6bb7deda86df2674295cb3f1b1d7296117a1c089d3,1489.8125620009914,1458.516975016549,31.29558698444248,0.4,0.19999999999999996,0.6,-12.21566647415625,45,45,False
09886f234c6ec283c45986ed,Primeira Liga,2023/2024,DEVELOPMENT,2023-12-04,20:15,MATCH_KICKOFF_TIME_TIMEZONE_NOT_STATED_BY_SOURCE,,NOT_VERIFIED_DO_NOT_INFER,Sp Lisbon,Gil Vicente,3,1,H,EVALUATION_ONLY_JOIN_AFTER_PREMATCH_FEATURE_FREEZE,1.13,9.19,18.19,EXTERNAL_HISTORICAL_MARKET_BENCHMARK,NOT_AVAILABLE,NOT_GOLDBET,cc6b386e16a66a5e0b54f1a1d7d2a1415d2297584c7fe15a728b45bf7b8fdbdf,1615.4875728674062,1456.5877709423344,158.89980192507187,1.4,1.2000000000000002,3.0,25.18420549735515,45,45,False
c54ece19e879cc3783830c49,Primeira Liga,2023/2024,DEVELOPMENT,2023-12-08,15:30,MATCH_KICKOFF_TIME_TIMEZONE_NOT_STATED_BY_SOURCE,,NOT_VERIFIED_DO_NOT_INFER,Vizela,Sp Braga,1,3,A,EVALUATION_ONLY_JOIN_AFTER_PREMATCH_FEATURE_FREEZE,5.33,4.22,1.59,EXTERNAL_HISTORICAL_MARKET_BENCHMARK,NOT_AVAILABLE,NOT_GOLDBET,9afd08da90f70e8ca95e423ec5ce72b114fbd9580f994bc9fc94d84d0da8f531,1453.5622349878843,1595.7787456790998,-142.2165106912155,-1.6,-2.2,-1.2,43.62695106764568,46,46,False
e619a450b11fd48c6ac4995c,Primeira Liga,2023/2024,DEVELOPMENT,2023-12-08,18:00,MATCH_KICKOFF_TIME_TIMEZONE_NOT_STATED_BY_SOURCE,,NOT_VERIFIED_DO_NOT_INFER,Benfica,Farense,1,1,D,EVALUATION_ONLY_JOIN_AFTER_PREMATCH_FEATURE_FREEZE,1.18,7.7,13.72,EXTERNAL_HISTORICAL_MARKET_BENCHMARK,NOT_AVAILABLE,NOT_GOLDBET,706318d9881c5c99443dd1462b591ddbae5b066a95d24fd5facc08752dc0134a,1631.4580667750574,1493.6690136871855,137.78905308787193,0.20000000000000018,0.0,1.4000000000000001,25.634059626508588,46,12,False
52b4c61ddab6fa8c463748f5,Primeira Liga,2023/2024,DEVELOPMENT,2023-12-09,15:30,MATCH_KICKOFF_TIME_TIMEZONE_NOT_STATED_BY_SOURCE,,NOT_VERIFIED_DO_NOT_INFER,Portimonense,Famalicao,1,1,D,EVALUATION_ONLY_JOIN_AFTER_PREMATCH_FEATURE_FREEZE,2.54,3.26,2.84,EXTERNAL_HISTORICAL_MARKET_BENCHMARK,NOT_AVAILABLE,NOT_GOLDBET,f8d71902380a040de7f320d7541f7858f0b48807d251d27e8ad5c8838bebb73a,1461.789850079674,1497.837884394171,-36.048034314497045,0.3999999999999999,-0.19999999999999996,0.7999999999999999,-3.814979936278405,46,46,False
80fdcd6a6a08123b473a9659,Primeira Liga,2023/2024,DEVELOPMENT,2023-12-09,18:00,MATCH_KICKOFF_TIME_TIMEZONE_NOT_STATED_BY_SOURCE,,NOT_VERIFIED_DO_NOT_INFER,Guimaraes,Sp Lisbon,3,2,H,EVALUATION_ONLY_JOIN_AFTER_PREMATCH_FEATURE_FREEZE,4.73,3.95,1.7,EXTERNAL_HISTORICAL_MARKET_BENCHMARK,NOT_AVAILABLE,NOT_GOLDBET,4957a6944f1b26237ad17170a0338a593e10f90169939386440ecc232ca86f1b,1533.2977027146767,1619.9067458449103,-86.60904313023366,-0.5999999999999999,0.19999999999999996,-0.19999999999999996,6.321579321660238,46,46,False
d47c678b4dc76459f3f2b93f,Primeira Liga,2023/2024,DEVELOPMENT,2023-12-09,20:30,MATCH_KICKOFF_TIME_TIMEZONE_NOT_STATED_BY_SOURCE,,NOT_VERIFIED_DO_NOT_INFER,Porto,Casa Pia,3,1,H,EVALUATION_ONLY_JOIN_AFTER_PREMATCH_FEATURE_FREEZE,1.24,5.96,12.23,EXTERNAL_HISTORICAL_MARKET_BENCHMARK,NOT_AVAILABLE,NOT_GOLDBET,f46c697adecc8d3ada9b477c5918fbedfa56f0c19f308cda284fa54f1b3f482f,1621.6474336343883,1464.0940755917534,157.55335804263495,1.5999999999999999,2.2,1.0,-14.425795098473145,46,46,False
acbf362c7fed6ed34b616b17,Primeira Liga,2023/2024,DEVELOPMENT,2023-12-10,15:30,MATCH_KICKOFF_TIME_TIMEZONE_NOT_STATED_BY_SOURCE,,NOT_VERIFIED_DO_NOT_INFER,Estrela,Boavista,3,1,H,EVALUATION_ONLY_JOIN_AFTER_PREMATCH_FEATURE_FREEZE,2.21,3.41,3.17,EXTERNAL_HISTORICAL_MARKET_BENCHMARK,NOT_AVAILABLE,NOT_GOLDBET,5f7db1e47ec1879d1c272431be571cf9e2bb56dd36f0c4e05b50bf5edee8de68,1479.9369177874046,1477.2437178943692,2.6931998930353984,1.2,2.0,-0.19999999999999996,15.908149838717236,12,46,False
940c7d178ae8917c97e62675,Primeira Liga,2023/2024,DEVELOPMENT,2023-12-10,18:00,MATCH_KICKOFF_TIME_TIMEZONE_NOT_STATED_BY_SOURCE,,NOT_VERIFIED_DO_NOT_INFER,Arouca,Rio Ave,2,2,D,EVALUATION_ONLY_JOIN_AFTER_PREMATCH_FEATURE_FREEZE,2.1,3.2,3.77,EXTERNAL_HISTORICAL_MARKET_BENCHMARK,NOT_AVAILABLE,NOT_GOLDBET,272a0d014ab19bd9184dfcf261f6e935798c6091e147840805aedaaabe62f9ab,1471.0858191231712,1454.3196452824104,16.766173840760757,-0.4,-0.2,-0.2,34.1820074555194,46,46,False
f78ba30152f250b4331e113d,Primeira Liga,2023/2024,DEVELOPMENT,2023-12-10,20:30,MATCH_KICKOFF_TIME_TIMEZONE_NOT_STATED_BY_SOURCE,,NOT_VERIFIED_DO_NOT_INFER,Estoril,Chaves,4,0,H,EVALUATION_ONLY_JOIN_AFTER_PREMATCH_FEATURE_FREEZE,1.85,3.74,4.1,EXTERNAL_HISTORICAL_MARKET_BENCHMARK,NOT_AVAILABLE,NOT_GOLDBET,e9ba9366fda37d130065bb642e1b77e0a4998f81d18990d021cba2561ecb8772,1442.475030688415,1461.4088551214763,-18.933824433061318,0.0,1.2,0.7999999999999999,40.603702917341934,46,46,False
9391575ed9fbd7756c85420d,Primeira Liga,2023/2024,DEVELOPMENT,2023-12-11,20:15,MATCH_KICKOFF_TIME_TIMEZONE_NOT_STATED_BY_SOURCE,,NOT_VERIFIED_DO_NOT_INFER,Gil Vicente,Moreirense,1,1,D,EVALUATION_ONLY_JOIN_AFTER_PREMATCH_FEATURE_FREEZE,3.22,3.44,2.21,EXTERNAL_HISTORICAL_MARKET_BENCHMARK,NOT_AVAILABLE,NOT_GOLDBET,4ba8fe93225279d243dd0d6ba7899757752c31bc28fc58d8c38741c7596cbe85,1452.1685979648303,1537.7617051253965,-85.5931071605662,-1.8000000000000003,-1.7999999999999998,-0.7999999999999998,-11.083886205024328,46,12,False
741bdf03b6bc072235adb12e,Primeira Liga,2023/2024,DEVELOPMENT,2023-12-15,20:15,MATCH_KICKOFF_TIME_TIMEZONE_NOT_STATED_BY_SOURCE,,NOT_VERIFIED_DO_NOT_INFER,Farense,Estrela,0,0,D,EVALUATION_ONLY_JOIN_AFTER_PREMATCH_FEATURE_FREEZE,2.07,3.5,3.52,EXTERNAL_HISTORICAL_MARKET_BENCHMARK,NOT_AVAILABLE,NOT_GOLDBET,0d016695f52d9ec9f863dc85b61cb846fa5f0206b09cf2f654f9ee5367911500,1498.8173363146193,1488.1517953963569,10.665540918262423,0.6000000000000001,0.6000000000000001,0.19999999999999996,-0.0319989244972021,13,13,False
bd48346953717bad255c4176,Primeira Liga,2023/2024,DEVELOPMENT,2023-12-16,15:30,MATCH_KICKOFF_TIME_TIMEZONE_NOT_STATED_BY_SOURCE,,NOT_VERIFIED_DO_NOT_INFER,Rio Ave,Vizela,1,1,D,EVALUATION_ONLY_JOIN_AFTER_PREMATCH_FEATURE_FREEZE,2.34,3.27,3.12,EXTERNAL_HISTORICAL_MARKET_BENCHMARK,NOT_AVAILABLE,NOT_GOLDBET,67c1ba81489cae996eef70cda9bf607b8979c08b617f62bc56c3f2400424d49f,1456.4938863833722,1445.8854132709323,10.608473112439924,0.3999999999999999,1.0,0.0,-49.92135188624934,47,47,False
8ed25ac0a02e5dd74c5fd0f1,Primeira Liga,2023/2024,DEVELOPMENT,2023-12-16,18:00,MATCH_KICKOFF_TIME_TIMEZONE_NOT_STATED_BY_SOURCE,,NOT_VERIFIED_DO_NOT_INFER,Arouca,Gil Vicente,3,0,H,EVALUATION_ONLY_JOIN_AFTER_PREMATCH_FEATURE_FREEZE,2.05,3.41,3.65,EXTERNAL_HISTORICAL_MARKET_BENCHMARK,NOT_AVAILABLE,NOT_GOLDBET,37522623db95016f73441fc964ba66fb2998219ad4f3f9673ab3f7b3f39821ea,1468.9115780222094,1452.9038973181234,16.007680704085942,0.20000000000000007,0.8,0.2,-33.29470216611048,47,47,False
c9c8eae45f09e73ac7f38a3a,Primeira Liga,2023/2024,DEVELOPMENT,2023-12-16,20:30,MATCH_KICKOFF_TIME_TIMEZONE_NOT_STATED_BY_SOURCE,,NOT_VERIFIED_DO_NOT_INFER,Boavista,Guimaraes,1,1,D,EVALUATION_ONLY_JOIN_AFTER_PREMATCH_FEATURE_FREEZE,3.32,3.33,2.22,EXTERNAL_HISTORICAL_MARKET_BENCHMARK,NOT_AVAILABLE,NOT_GOLDBET,0b77e44bf878a729e87938a592386eeebf9516f5a58f0d946e9ecc4dfc353170,1469.028840285417,1544.0620786252957,-75.03323833987884,-1.8,-3.4,-0.5999999999999999,-47.29622896325486,47,47,False
dba500984f88571a5b504c48,Primeira Liga,2023/2024,DEVELOPMENT,2023-12-17,15:30,MATCH_KICKOFF_TIME_TIMEZONE_NOT_STATED_BY_SOURCE,,NOT_VERIFIED_DO_NOT_INFER,Chaves,Casa Pia,1,3,A,EVALUATION_ONLY_JOIN_AFTER_PREMATCH_FEATURE_FREEZE,2.62,3.15,2.82,EXTERNAL_HISTORICAL_MARKET_BENCHMARK,NOT_AVAILABLE,NOT_GOLDBET,a119432e52ff7ea8009886562a98c077572b7e29e846140910a632a234f8d75d,1452.5853608719542,1459.6481612482148,-7.062800376260611,-0.20000000000000007,-1.0000000000000002,0.5999999999999999,-17.01268519128712,47,47,False
3331a212209be21b9d21650c,Primeira Liga,2023/2024,DEVELOPMENT,2023-12-17,15:30,MATCH_KICKOFF_TIME_TIMEZONE_NOT_STATED_BY_SOURCE,,NOT_VERIFIED_DO_NOT_INFER,Moreirense,Portimonense,5,2,H,EVALUATION_ONLY_JOIN_AFTER_PREMATCH_FEATURE_FREEZE,1.69,3.78,5.09,EXTERNAL_HISTORICAL_MARKET_BENCHMARK,NOT_AVAILABLE,NOT_GOLDBET,f8fdcee72f9c1983ada31f075670fd165168dcca48fde15e75044052e719302c,1537.0264057721033,1461.1015471608132,75.92485861129012,0.8000000000000003,1.4,0.40000000000000013,36.03890220403878,13,47,False
f8aafde8638c97b5866f49b6,Primeira Liga,2023/2024,DEVELOPMENT,2023-12-17,18:00,MATCH_KICKOFF_TIME_TIMEZONE_NOT_STATED_BY_SOURCE,,NOT_VERIFIED_DO_NOT_INFER,Famalicao,Estoril,1,1,D,EVALUATION_ONLY_JOIN_AFTER_PREMATCH_FEATURE_FREEZE,2.27,3.38,3.14,EXTERNAL_HISTORICAL_MARKET_BENCHMARK,NOT_AVAILABLE,NOT_GOLDBET,2a24ba4e7f782bd92d7cf217944b8c3f7c6de034b1ef671873bcb784471edfd3,1498.5261873130316,1451.2985249379371,47.227662375094496,-0.8,-1.6,1.2000000000000002,-21.55476102322791,47,47,False
1bd9917f552fcb1bc5b6d548,Primeira Liga,2023/2024,DEVELOPMENT,2023-12-17,20:30,MATCH_KICKOFF_TIME_TIMEZONE_NOT_STATED_BY_SOURCE,,NOT_VERIFIED_DO_NOT_INFER,Sp Braga,Benfica,0,1,A,EVALUATION_ONLY_JOIN_AFTER_PREMATCH_FEATURE_FREEZE,2.9,3.72,2.28,EXTERNAL_HISTORICAL_MARKET_BENCHMARK,NOT_AVAILABLE,NOT_GOLDBET,731d71f53f58ce3ad19312b675535054d1b09e9833d7d87ba6d85eab14b5960a,1603.4555673960517,1626.3097441476236,-22.854176751571913,0.8,1.4,0.0,-58.91289228377423,47,47,False
f3c5a7b5317c02eb3b04f138,Primeira Liga,2023/2024,DEVELOPMENT,2023-12-18,20:15,MATCH_KICKOFF_TIME_TIMEZONE_NOT_STATED_BY_SOURCE,,NOT_VERIFIED_DO_NOT_INFER,Sp Lisbon,Porto,2,0,H,EVALUATION_ONLY_JOIN_AFTER_PREMATCH_FEATURE_FREEZE,2.23,3.38,3.23,EXTERNAL_HISTORICAL_MARKET_BENCHMARK,NOT_AVAILABLE,NOT_GOLDBET,5585925f7488d1fc29ae98ec98a9c7dbb0b68154b733fd5ee78b85d4ed8c7872,1609.1423699342913,1626.093347977927,-16.950978043635587,-0.5999999999999999,-0.7999999999999999,0.6000000000000001,49.66646103808944,47,47,False
6ad85f764ac608113408e054,Primeira Liga,2023/2024,DEVELOPMENT,2023-12-23,15:30,MATCH_KICKOFF_TIME_TIMEZONE_NOT_STATED_BY_SOURCE,,NOT_VERIFIED_DO_NOT_INFER,Guimaraes,Rio Ave,1,0,H,EVALUATION_ONLY_JOIN_AFTER_PREMATCH_FEATURE_FREEZE,1.73,3.67,4.88,EXTERNAL_HISTORICAL_MARKET_BENCHMARK,NOT_AVAILABLE,NOT_GOLDBET,952534ca5e0dc9c532062d00dfae04d369b0953317b1e25d5f7b38aadd9f7d1a,1543.6296570728753,1454.4891351614867,89.14052191138853,0.0,-0.4,1.2000000000000002,69.58581955619525,48,48,False
442fcc9031f8fc94ea53b3f4,Primeira Liga,2023/2024,DEVELOPMENT,2023-12-23,15:30,MATCH_KICKOFF_TIME_TIMEZONE_NOT_STATED_BY_SOURCE,,NOT_VERIFIED_DO_NOT_INFER,Vizela,Moreirense,0,0,D,EVALUATION_ONLY_JOIN_AFTER_PREMATCH_FEATURE_FREEZE,3.08,3.12,2.45,EXTERNAL_HISTORICAL_MARKET_BENCHMARK,NOT_AVAILABLE,NOT_GOLDBET,16701826b217f5036e52f36ffea6ffd5c3ceab0d47d5cda4a92af773a4159706,1447.8901644928178,1543.302263255438,-95.41209876262019,-1.2000000000000002,-1.4,-1.8,-17.599010019722982,48,14,False
b360f57a2c4879fd909a73aa,Primeira Liga,2023/2024,DEVELOPMENT,2023-12-28,20:15,MATCH_KICKOFF_TIME_TIMEZONE_NOT_STATED_BY_SOURCE,,NOT_VERIFIED_DO_NOT_INFER,Estrela,Arouca,1,4,A,EVALUATION_ONLY_JOIN_AFTER_PREMATCH_FEATURE_FREEZE,2.81,3.18,2.61,EXTERNAL_HISTORICAL_MARKET_BENCHMARK,NOT_AVAILABLE,NOT_GOLDBET,dcb2be3003dde0b6d0b75a73dbb33f0d0baa53bd44e42c83382309f803b55e7c,1490.15812309553,1476.758145921775,13.399977173755133,-0.3999999999999999,-0.8,0.3999999999999999,22.29869259195675,14,48,False
eab8dc667b2035894fcb318e,Primeira Liga,2023/2024,DEVELOPMENT,2023-12-29,18:45,MATCH_KICKOFF_TIME_TIMEZONE_NOT_STATED_BY_SOURCE,,NOT_VERIFIED_DO_NOT_INFER,Benfica,Famalicao,3,0,H,EVALUATION_ONLY_JOIN_AFTER_PREMATCH_FEATURE_FREEZE,1.26,5.94,10.74,EXTERNAL_HISTORICAL_MARKET_BENCHMARK,NOT_AVAILABLE,NOT_GOLDBET,ec2e2349440c9a9bb3f417ecd35cf9f5e89267b68334473439785df335d63436,1637.374831754014,1495.534321096869,141.84051065714493,1.0000000000000002,1.0,1.4000000000000001,54.35681677277762,48,48,False
d6e6d89e02de672db54ec42f,Primeira Liga,2023/2024,DEVELOPMENT,2023-12-29,20:45,MATCH_KICKOFF_TIME_TIMEZONE_NOT_STATED_BY_SOURCE,,NOT_VERIFIED_DO_NOT_INFER,Porto,Chaves,1,0,H,EVALUATION_ONLY_JOIN_AFTER_PREMATCH_FEATURE_FREEZE,1.21,6.97,12.64,EXTERNAL_HISTORICAL_MARKET_BENCHMARK,NOT_AVAILABLE,NOT_GOLDBET,642f4189399e6aba61a7de1b4c74d2cd53ea63236da801eba527b79ca1b78984,1617.3260963048897,1441.0733879947777,176.25270831011198,1.2000000000000002,2.2,1.4,18.035923607245195,48,48,False
902b7d60f6d4274cf628f5fb,Primeira Liga,2023/2024,DEVELOPMENT,2023-12-30,15:30,MATCH_KICKOFF_TIME_TIMEZONE_NOT_STATED_BY_SOURCE,,NOT_VERIFIED_DO_NOT_INFER,Estoril,Farense,4,0,H,EVALUATION_ONLY_JOIN_AFTER_PREMATCH_FEATURE_FREEZE,1.87,3.82,3.86,EXTERNAL_HISTORICAL_MARKET_BENCHMARK,NOT_AVAILABLE,NOT_GOLDBET,b506eeb0c9c6e7787f9c8eb1733fdf1fca0d9fa135efc828f7a17dea699f1e19,1454.2903911540998,1496.811008615446,-42.52061746134632,0.3999999999999999,0.7999999999999999,0.0,3.3246320171467687,48,14,False
6f1527e4ed0441413b09e3d6,Primeira Liga,2023/2024,DEVELOPMENT,2023-12-30,15:30,MATCH_KICKOFF_TIME_TIMEZONE_NOT_STATED_BY_SOURCE,,NOT_VERIFIED_DO_NOT_INFER,Gil Vicente,Boavista,1,0,H,EVALUATION_ONLY_JOIN_AFTER_PREMATCH_FEATURE_FREEZE,2.23,3.4,3.22,EXTERNAL_HISTORICAL_MARKET_BENCHMARK,NOT_AVAILABLE,NOT_GOLDBET,aa4e24d7bc2aebadbca9667d995831fdd32f3144c4bd46cd8e5f1ef04a3dd914,1445.0573294185579,1469.4612618378374,-24.4039324192795,0.2,0.6000000000000001,1.0,31.11975354888955,48,48,False
87b918a57cf9e6919b368ba4,Primeira Liga,2023/2024,DEVELOPMENT,2023-12-30,18:00,MATCH_KICKOFF_TIME_TIMEZONE_NOT_STATED_BY_SOURCE,,NOT_VERIFIED_DO_NOT_INFER,Casa Pia,Sp Braga,1,3,A,EVALUATION_ONLY_JOIN_AFTER_PREMATCH_FEATURE_FREEZE,5.82,4.3,1.54,EXTERNAL_HISTORICAL_MARKET_BENCHMARK,NOT_AVAILABLE,NOT_GOLDBET,6513c0bedc62758cc208b00fd72b8237a7a8177716479fb72b9cdf294f888605,1471.1601341253913,1592.3904797896614,-121.23034566427009,-1.2,-2.6,-1.0,-5.734449788329812,48,48,False
1d265bd23c74edcef6c5764c,Primeira Liga,2023/2024,DEVELOPMENT,2023-12-30,20:30,MATCH_KICKOFF_TIME_TIMEZONE_NOT_STATED_BY_SOURCE,,NOT_VERIFIED_DO_NOT_INFER,Portimonense,Sp Lisbon,1,2,A,EVALUATION_ONLY_JOIN_AFTER_PREMATCH_FEATURE_FREEZE,10.01,5.98,1.27,EXTERNAL_HISTORICAL_MARKET_BENCHMARK,NOT_AVAILABLE,NOT_GOLDBET,8a14aadd585c1b22acb690992ec3b8a0155717fbc9ff81694b2ddc0aa6f841de,1454.8256896774785,1617.9096216073285,-163.08393192985,-1.0,-2.2,0.20000000000000018,-41.27476040458532,48,48,False
af27b561c1721c7f572f01ef,Primeira Liga,2023/2024,DEVELOPMENT,2024-01-05,18:45,MATCH_KICKOFF_TIME_TIMEZONE_NOT_STATED_BY_SOURCE,,NOT_VERIFIED_DO_NOT_INFER,Sp Lisbon,Estoril,5,1,H,EVALUATION_ONLY_JOIN_AFTER_PREMATCH_FEATURE_FREEZE,1.24,6.28,11.06,EXTERNAL_HISTORICAL_MARKET_BENCHMARK,NOT_AVAILABLE,NOT_GOLDBET,d082e318e4224fe2179b03ba976eb0a1b23c25478087d038f087cd8d1847010f,1625.0267293965642,1463.7877181113565,161.23901128520765,-0.19999999999999996,-1.4,2.2,36.559988795064555,49,49,False
39455b2e819d3cb62a32ed82,Primeira Liga,2023/2024,DEVELOPMENT,2024-01-05,20:45,MATCH_KICKOFF_TIME_TIMEZONE_NOT_STATED_BY_SOURCE,,NOT_VERIFIED_DO_NOT_INFER,Boavista,Porto,1,1,D,EVALUATION_ONLY_JOIN_AFTER_PREMATCH_FEATURE_FREEZE,7.27,4.65,1.43,EXTERNAL_HISTORICAL_MARKET_BENCHMARK,NOT_AVAILABLE,NOT_GOLDBET,7175777d3b2bbe7aafe9211b02856e483eb1d5b5c6a59a4321f96d898ed6fce0,1460.4822292326996,1621.4109676512703,-160.92873841857067,-2.1999999999999997,-2.8,-1.4,-26.408679029721043,49,49,False
7e22ee2883278878d1dc6ebd,Primeira Liga,2023/2024,DEVELOPMENT,2024-01-06,15:30,MATCH_KICKOFF_TIME_TIMEZONE_NOT_STATED_BY_SOURCE,,NOT_VERIFIED_DO_NOT_INFER,Estrela,Vizela,1,1,D,EVALUATION_ONLY_JOIN_AFTER_PREMATCH_FEATURE_FREEZE,2.81,3.26,2.56,EXTERNAL_HISTORICAL_MARKET_BENCHMARK,NOT_AVAILABLE,NOT_GOLDBET,7987f8ec098f8045f7afd0dc2746a6508a9e132cd047236601cc4f42913afdff,1478.0763807229248,1448.905891750886,29.17048897203881,0.4,0.19999999999999996,0.0,-24.04409687524162,15,49,False
1fbd61607fa5b8e40ba8c6db,Primeira Liga,2023/2024,DEVELOPMENT,2024-01-06,15:30,MATCH_KICKOFF_TIME_TIMEZONE_NOT_STATED_BY_SOURCE,,NOT_VERIFIED_DO_NOT_INFER,Farense,Gil Vicente,1,0,H,EVALUATION_ONLY_JOIN_AFTER_PREMATCH_FEATURE_FREEZE,2.23,3.37,3.24,EXTERNAL_HISTORICAL_MARKET_BENCHMARK,NOT_AVAILABLE,NOT_GOLDBET,5f8a8447865a3ca517a0485eaa80a9be275d013b21148c5ef4227f56fc5d60a1,1487.3136816581894,1454.0363620236956,33.27731963449378,0.0,0.20000000000000007,1.0,10.519782197824952,15,49,False
8edc80accb8a7edab0cfb3a3,Primeira Liga,2023/2024,DEVELOPMENT,2024-01-06,18:00,MATCH_KICKOFF_TIME_TIMEZONE_NOT_STATED_BY_SOURCE,,NOT_VERIFIED_DO_NOT_INFER,Arouca,Benfica,0,3,A,EVALUATION_ONLY_JOIN_AFTER_PREMATCH_FEATURE_FREEZE,6.79,4.64,1.45,EXTERNAL_HISTORICAL_MARKET_BENCHMARK,NOT_AVAILABLE,NOT_GOLDBET,f73577b90e07a797bc277b10962695d514f8777387e9b7700b9140e149b6bb84,1488.8398882943802,1642.1413219139802,-153.30143361959995,-0.20000000000000018,0.8,-1.8,-56.66442546817507,49,49,False
e7f5f8df509c28a817f22eb0,Primeira Liga,2023/2024,DEVELOPMENT,2024-01-06,20:30,MATCH_KICKOFF_TIME_TIMEZONE_NOT_STATED_BY_SOURCE,,NOT_VERIFIED_DO_NOT_INFER,Sp Braga,Guimaraes,1,1,D,EVALUATION_ONLY_JOIN_AFTER_PREMATCH_FEATURE_FREEZE,1.6,4.18,5.27,EXTERNAL_HISTORICAL_MARKET_BENCHMARK,NOT_AVAILABLE,NOT_GOLDBET,f056cc62c8508c2d1ea745a64a284c3640a52bfb034286244852d3739d9428a9,1600.6461504247743,1549.582622367345,51.06352805742927,0.3999999999999999,0.7999999999999999,0.7999999999999998,-37.29429066669877,49,49,False
a87d7d04fd770e45c5d01dfe,Primeira Liga,2023/2024,DEVELOPMENT,2024-01-07,18:00,MATCH_KICKOFF_TIME_TIMEZONE_NOT_STATED_BY_SOURCE,,NOT_VERIFIED_DO_NOT_INFER,Rio Ave,Portimonense,2,0,H,EVALUATION_ONLY_JOIN_AFTER_PREMATCH_FEATURE_FREEZE,1.7,3.77,4.99,EXTERNAL_HISTORICAL_MARKET_BENCHMARK,NOT_AVAILABLE,NOT_GOLDBET,537af5bdb2f47830069d9d728ef9e69538bcb82c5296171721905c867644f463,1448.536169867017,1447.7085818882429,0.8275879787740905,0.0,0.6000000000000001,0.4,-34.26869806231457,49,49,False
9201f86a0a3bc1fcf91b9331,Primeira Liga,2023/2024,DEVELOPMENT,2024-01-07,20:30,MATCH_KICKOFF_TIME_TIMEZONE_NOT_STATED_BY_SOURCE,,NOT_VERIFIED_DO_NOT_INFER,Famalicao,Chaves,2,2,D,EVALUATION_ONLY_JOIN_AFTER_PREMATCH_FEATURE_FREEZE,1.65,3.68,5.48,EXTERNAL_HISTORICAL_MARKET_BENCHMARK,NOT_AVAILABLE,NOT_GOLDBET,68980f64a776ac63a60e0b3c0b80a189164ac4383759a7ede7bd8bd74cca227c,1490.7678309369028,1436.988516648397,53.7793142885057,0.0,0.19999999999999996,0.7999999999999999,36.444024791634774,49,49,False
66ec0b5ece324a970c1dea3f,Primeira Liga,2023/2024,DEVELOPMENT,2024-01-08,20:15,MATCH_KICKOFF_TIME_TIMEZONE_NOT_STATED_BY_SOURCE,,NOT_VERIFIED_DO_NOT_INFER,Moreirense,Casa Pia,1,4,A,EVALUATION_ONLY_JOIN_AFTER_PREMATCH_FEATURE_FREEZE,1.78,3.39,5.04,EXTERNAL_HISTORICAL_MARKET_BENCHMARK,NOT_AVAILABLE,NOT_GOLDBET,2ac68070827c5c3a398784ee0bf7f2ffbf81672a927eebd09b0c84c50b9d9d2c,1542.2865359973698,1462.9044634902784,79.38207250709138,0.6000000000000001,1.8,1.4000000000000001,-18.417354714105386,15,49,False
07d1803f187654555fbe8b2c,Primeira Liga,2023/2024,DEVELOPMENT,2024-01-12,20:15,MATCH_KICKOFF_TIME_TIMEZONE_NOT_STATED_BY_SOURCE,,NOT_VERIFIED_DO_NOT_INFER,Portimonense,Farense,1,0,H,EVALUATION_ONLY_JOIN_AFTER_PREMATCH_FEATURE_FREEZE,2.58,3.34,2.72,EXTERNAL_HISTORICAL_MARKET_BENCHMARK,NOT_AVAILABLE,NOT_GOLDBET,3757be015fefe8f604a1b11fda09844ea93d9203bd72b29f4559aa5d0648f81b,1439.4416694040472,1494.6916411940945,-55.24997179004731,-0.8,-0.5999999999999999,0.0,1.3361253699165445,50,16,False
6a6742ed085ecaf0e206036a,Primeira Liga,2023/2024,DEVELOPMENT,2024-01-13,15:30,MATCH_KICKOFF_TIME_TIMEZONE_NOT_STATED_BY_SOURCE,,NOT_VERIFIED_DO_NOT_INFER,Casa Pia,Famalicao,0,2,A,EVALUATION_ONLY_JOIN_AFTER_PREMATCH_FEATURE_FREEZE,2.73,3.04,2.78,EXTERNAL_HISTORICAL_MARKET_BENCHMARK,NOT_AVAILABLE,NOT_GOLDBET,cec5958a0499f8a63c961ec27333d01857086f052531bba5f463270d82947d69,1476.713992571982,1487.6052559110442,-10.891263339062107,1.2000000000000002,1.6,0.20000000000000007,15.797305906442261,50,50,False
94591c3a38aa8d0101055173,Primeira Liga,2023/2024,DEVELOPMENT,2024-01-13,18:00,MATCH_KICKOFF_TIME_TIMEZONE_NOT_STATED_BY_SOURCE,,NOT_VERIFIED_DO_NOT_INFER,Chaves,Sp Lisbon,0,3,A,EVALUATION_ONLY_JOIN_AFTER_PREMATCH_FEATURE_FREEZE,10.94,6.06,1.25,EXTERNAL_HISTORICAL_MARKET_BENCHMARK,NOT_AVAILABLE,NOT_GOLDBET,8f84d784535b2408079aedc7b3d6261cdef48a5ef23a06f507b37c3f22fcec19,1440.1510916742557,1629.3997184338543,-189.24862675959866,-1.5999999999999999,-2.8,-0.40000000000000013,-12.45263997467464,50,50,False
e0ed5bcbf1cad4ccec8a138a,Primeira Liga,2023/2024,DEVELOPMENT,2024-01-13,20:30,MATCH_KICKOFF_TIME_TIMEZONE_NOT_STATED_BY_SOURCE,,NOT_VERIFIED_DO_NOT_INFER,Estoril,Moreirense,1,3,A,EVALUATION_ONLY_JOIN_AFTER_PREMATCH_FEATURE_FREEZE,2.28,3.35,3.15,EXTERNAL_HISTORICAL_MARKET_BENCHMARK,NOT_AVAILABLE,NOT_GOLDBET,1b70b21c060afbfac30bb163d1238b5782eb4b0b22c407977145a4e4e0ef444c,1459.4147290740664,1528.4770069156662,-69.06227784159978,0.19999999999999996,0.4,-0.20000000000000018,43.25577982459936,50,16,False
a7bf08a0dab6bff257744ab0,Primeira Liga,2023/2024,DEVELOPMENT,2024-01-14,15:30,MATCH_KICKOFF_TIME_TIMEZONE_NOT_STATED_BY_SOURCE,,NOT_VERIFIED_DO_NOT_INFER,Gil Vicente,Estrela,1,1,D,EVALUATION_ONLY_JOIN_AFTER_PREMATCH_FEATURE_FREEZE,2.07,3.41,3.61,EXTERNAL_HISTORICAL_MARKET_BENCHMARK,NOT_AVAILABLE,NOT_GOLDBET,b46c528902728f1d0486a9e17c923e805be3f5d20d5c8ac55d35e8eb16b50ec1,1446.6584024877905,1475.564754774163,-28.906352286372567,-0.3999999999999999,-0.8,0.6000000000000001,44.36901519846219,50,16,False
308ee2eefe24cdd85d1c0854,Primeira Liga,2023/2024,DEVELOPMENT,2024-01-14,18:00,MATCH_KICKOFF_TIME_TIMEZONE_NOT_STATED_BY_SOURCE,,NOT_VERIFIED_DO_NOT_INFER,Benfica,Rio Ave,4,1,H,EVALUATION_ONLY_JOIN_AFTER_PREMATCH_FEATURE_FREEZE,1.19,7.3,13.33,EXTERNAL_HISTORICAL_MARKET_BENCHMARK,NOT_AVAILABLE,NOT_GOLDBET,9940ce8b398136260e413fd3c833c431d860b56f48f93c1da1a9ca2523269fd8,1649.5186351224024,1456.8030823512127,192.71555277118978,1.0000000000000002,1.2,1.8000000000000003,46.20696598236509,50,50,False
28c6f085e37650ffd3b18a4c,Primeira Liga,2023/2024,DEVELOPMENT,2024-01-14,18:00,MATCH_KICKOFF_TIME_TIMEZONE_NOT_STATED_BY_SOURCE,,NOT_VERIFIED_DO_NOT_INFER,Vizela,Boavista,1,4,A,EVALUATION_ONLY_JOIN_AFTER_PREMATCH_FEATURE_FREEZE,2.03,3.27,3.9,EXTERNAL_HISTORICAL_MARKET_BENCHMARK,NOT_AVAILABLE,NOT_GOLDBET,28ec7125cd34f61f92b8b42837e583f1bdb5c81e8cd08fa983a561c5559bcfef,1451.4175176996478,1463.3081443025533,-11.890626602905513,0.19999999999999996,0.7999999999999999,0.2,-4.494762544171863,50,50,False
a302ecc696dfce245d9fd674,Primeira Liga,2023/2024,DEVELOPMENT,2024-01-14,20:30,MATCH_KICKOFF_TIME_TIMEZONE_NOT_STATED_BY_SOURCE,,NOT_VERIFIED_DO_NOT_INFER,Porto,Sp Braga,2,0,H,EVALUATION_ONLY_JOIN_AFTER_PREMATCH_FEATURE_FREEZE,1.79,3.9,4.2,EXTERNAL_HISTORICAL_MARKET_BENCHMARK,NOT_AVAILABLE,NOT_GOLDBET,97fdff483be97aebaf5f7a14c987a2954e9f6221560e80d681e889c67f4105b7,1618.5850525814167,1597.5540967768345,21.030955804582163,0.0,-0.19999999999999996,-0.20000000000000018,-13.30278011798896,50,50,False
df417b30d156dae8598fff70,Primeira Liga,2023/2024,DEVELOPMENT,2024-01-15,20:15,MATCH_KICKOFF_TIME_TIMEZONE_NOT_STATED_BY_SOURCE,,NOT_VERIFIED_DO_NOT_INFER,Guimaraes,Arouca,2,1,H,EVALUATION_ONLY_JOIN_AFTER_PREMATCH_FEATURE_FREEZE,1.97,3.53,3.81,EXTERNAL_HISTORICAL_MARKET_BENCHMARK,NOT_AVAILABLE,NOT_GOLDBET,b23097db299b6214d1b533e767c4cd69389aaf43004f6b3f96f70f1a1d2b818b,1552.6746760152848,1481.462575085958,71.21210092932688,0.20000000000000018,-0.7999999999999999,1.2,23.926141377932254,50,50,False
e22aeb61ca447bfc0fae1a71,Primeira Liga,2023/2024,DEVELOPMENT,2024-01-18,18:45,MATCH_KICKOFF_TIME_TIMEZONE_NOT_STATED_BY_SOURCE,,NOT_VERIFIED_DO_NOT_INFER,Famalicao,Sp Braga,1,2,A,EVALUATION_ONLY_JOIN_AFTER_PREMATCH_FEATURE_FREEZE,3.91,3.65,1.91,EXTERNAL_HISTORICAL_MARKET_BENCHMARK,NOT_AVAILABLE,NOT_GOLDBET,004a47b2a82f321072910bae72e6938d8104cbadf9100c511388fa8771d43179,1499.0093805061806,1589.844968234479,-90.83558772829838,-0.19999999999999996,-0.4,-1.0,-51.00681444353131,51,51,False
29ae4bed18932e9299846bac,Primeira Liga,2023/2024,DEVELOPMENT,2024-01-18,20:45,MATCH_KICKOFF_TIME_TIMEZONE_NOT_STATED_BY_SOURCE,,NOT_VERIFIED_DO_NOT_INFER,Vizela,Sp Lisbon,2,5,A,EVALUATION_ONLY_JOIN_AFTER_PREMATCH_FEATURE_FREEZE,9.99,5.51,1.3,EXTERNAL_HISTORICAL_MARKET_BENCHMARK,NOT_AVAILABLE,NOT_GOLDBET,83fb693afe7116ed0ea0f8312d44de35cf0bddbada9c3d5edb8da229c0591b22,1440.0416013054783,1635.8422548259634,-195.80065352048518,-1.7999999999999998,-2.8,-1.4,3.760774037538795,51,51,False
efe953c23b390206c77f08f2,Primeira Liga,2023/2024,DEVELOPMENT,2024-01-19,20:15,MATCH_KICKOFF_TIME_TIMEZONE_NOT_STATED_BY_SOURCE,,NOT_VERIFIED_DO_NOT_INFER,Benfica,Boavista,2,0,H,EVALUATION_ONLY_JOIN_AFTER_PREMATCH_FEATURE_FREEZE,1.13,9.28,18.27,EXTERNAL_HISTORICAL_MARKET_BENCHMARK,NOT_AVAILABLE,NOT_GOLDBET,b09ddc5b56c4f58d1883f67ae268fae068b01c6894d5e7ad637d31665cf65021,1653.3040745518642,1474.6840606967228,178.62001385514145,1.6,2.0,1.4000000000000001,-0.7165876712954287,51,51,False
d11f29a9fd03b7a75fe63c18,Primeira Liga,2023/2024,DEVELOPMENT,2024-01-20,15:30,MATCH_KICKOFF_TIME_TIMEZONE_NOT_STATED_BY_SOURCE,,NOT_VERIFIED_DO_NOT_INFER,Estoril,Arouca,1,2,A,EVALUATION_ONLY_JOIN_AFTER_PREMATCH_FEATURE_FREEZE,2.45,3.49,2.74,EXTERNAL_HISTORICAL_MARKET_BENCHMARK,NOT_AVAILABLE,NOT_GOLDBET,3142c51d752cf3aac17f0d117ceedc3197f61cbaea0070bab69ff20d92f458b5,1449.6755032616916,1475.0693003899505,-25.39379712825894,0.0,0.0,0.6000000000000001,3.610424747370871,51,51,False
ad0936bd83351cf6f7efbc2c,Primeira Liga,2023/2024,DEVELOPMENT,2024-01-20,18:00,MATCH_KICKOFF_TIME_TIMEZONE_NOT_STATED_BY_SOURCE,,NOT_VERIFIED_DO_NOT_INFER,Casa Pia,Farense,1,3,A,EVALUATION_ONLY_JOIN_AFTER_PREMATCH_FEATURE_FREEZE,2.22,3.22,3.39,EXTERNAL_HISTORICAL_MARKET_BENCHMARK,NOT_AVAILABLE,NOT_GOLDBET,be45069ef4963b4933822bdd06b0aec97ac8fdbacd1bc7d20f8d715dbbdc41c4,1465.3098679768457,1484.8283494784425,-19.518481501596852,0.19999999999999996,0.6000000000000001,-0.7999999999999999,45.827356290232274,51,17,False
2d371b59c51ecbb53d4c08de,Primeira Liga,2023/2024,DEVELOPMENT,2024-01-20,20:30,MATCH_KICKOFF_TIME_TIMEZONE_NOT_STATED_BY_SOURCE,,NOT_VERIFIED_DO_NOT_INFER,Porto,Moreirense,5,0,H,EVALUATION_ONLY_JOIN_AFTER_PREMATCH_FEATURE_FREEZE,1.36,5,8.28,EXTERNAL_HISTORICAL_MARKET_BENCHMARK,NOT_AVAILABLE,NOT_GOLDBET,87b2adda71cc3cdc03d70bfc6b61c3de17feb3522076af0c8fccfbfa02795d2b,1626.2941811237722,1538.216232728041,88.07794839573126,0.3999999999999999,0.19999999999999996,0.19999999999999973,57.77333146950991,51,17,False
bb2b94c7e95b9a8ed6c26fe5,Primeira Liga,2023/2024,DEVELOPMENT,2024-01-21,15:30,MATCH_KICKOFF_TIME_TIMEZONE_NOT_STATED_BY_SOURCE,,NOT_VERIFIED_DO_NOT_INFER,Portimonense,Gil Vicente,0,2,A,EVALUATION_ONLY_JOIN_AFTER_PREMATCH_FEATURE_FREEZE,2.53,3.3,2.8,EXTERNAL_HISTORICAL_MARKET_BENCHMARK,NOT_AVAILABLE,NOT_GOLDBET,17908cb5b7283e8a473a0eee3f164520bde94b4708e624fbca66717f7e2c3826,1449.304961119699,1445.7658370375057,3.539124082193439,-0.19999999999999996,-0.4,2.0,31.397748283383862,51,51,False
d251a99824bf714d373d39c9,Primeira Liga,2023/2024,DEVELOPMENT,2024-01-21,18:00,MATCH_KICKOFF_TIME_TIMEZONE_NOT_STATED_BY_SOURCE,,NOT_VERIFIED_DO_NOT_INFER,Chaves,Rio Ave,0,0,D,EVALUATION_ONLY_JOIN_AFTER_PREMATCH_FEATURE_FREEZE,2.98,3.17,2.47,EXTERNAL_HISTORICAL_MARKET_BENCHMARK,NOT_AVAILABLE,NOT_GOLDBET,a2b8ca8f81f390ddb812182b651813f356d49fa96e0c794e4eb7a3e4bf8c30d5,1433.7085552821466,1453.0176429217508,-19.309087639604286,-0.8,-1.6,0.7999999999999999,16.357746226930658,51,51,False
7f6ee404db338dbcc73a3669,Primeira Liga,2023/2024,DEVELOPMENT,2024-01-21,20:30,MATCH_KICKOFF_TIME_TIMEZONE_NOT_STATED_BY_SOURCE,,NOT_VERIFIED_DO_NOT_INFER,Guimaraes,Estrela,3,0,H,EVALUATION_ONLY_JOIN_AFTER_PREMATCH_FEATURE_FREEZE,1.6,3.94,5.75,EXTERNAL_HISTORICAL_MARKET_BENCHMARK,NOT_AVAILABLE,NOT_GOLDBET,3968501f3ae120e831078802d15a6230dfd059c206e4a42816c0fb27f08e0fa7,1559.0679507112923,1476.4573202244478,82.61063048684446,1.0000000000000002,0.8,1.2,55.429990486621364,51,17,False
bd4867204749533aed1cf447,Primeira Liga,2023/2024,DEVELOPMENT,2024-01-28,15:30,MATCH_KICKOFF_TIME_TIMEZONE_NOT_STATED_BY_SOURCE,,NOT_VERIFIED_DO_NOT_INFER,Boavista,Portimonense,1,4,A,EVALUATION_ONLY_JOIN_AFTER_PREMATCH_FEATURE_FREEZE,2,3.36,3.89,EXTERNAL_HISTORICAL_MARKET_BENCHMARK,NOT_AVAILABLE,NOT_GOLDBET,475179f82fd92fd96ff7659dd1008f7bdae2869915f206ee0076d99b414e2934,1470.643307268748,1437.4962772379904,33.147030030757605,0.4,1.4,0.4,34.26445849371726,52,52,False
6adb691cf8e82f735bf77ddc,Primeira Liga,2023/2024,DEVELOPMENT,2024-01-28,15:30,MATCH_KICKOFF_TIME_TIMEZONE_NOT_STATED_BY_SOURCE,,NOT_VERIFIED_DO_NOT_INFER,Moreirense,Famalicao,1,0,H,EVALUATION_ONLY_JOIN_AFTER_PREMATCH_FEATURE_FREEZE,2.44,3.11,3.1,EXTERNAL_HISTORICAL_MARKET_BENCHMARK,NOT_AVAILABLE,NOT_GOLDBET,e73ecc12545802eeabdac5dcb3b6b3d7a3b6c469a74336b8f5fe4167477d709f,1532.2376615830428,1489.8945770792516,42.34308450379126,0.3999999999999999,-0.19999999999999996,0.6000000000000001,-26.923149761012155,18,52,False
0dedf621a36d69ddefcff743,Primeira Liga,2023/2024,DEVELOPMENT,2024-01-28,18:00,MATCH_KICKOFF_TIME_TIMEZONE_NOT_STATED_BY_SOURCE,,NOT_VERIFIED_DO_NOT_INFER,Farense,Porto,1,3,A,EVALUATION_ONLY_JOIN_AFTER_PREMATCH_FEATURE_FREEZE,8.78,5.1,1.35,EXTERNAL_HISTORICAL_MARKET_BENCHMARK,NOT_AVAILABLE,NOT_GOLDBET,7835d4d3883148b06d712f3bde1e3e2c2417f40c4a23f1e06f010219e40d347a,1495.988257099777,1632.2727522687703,-136.28449516899332,-0.6000000000000001,-1.6,-0.3999999999999999,-69.04764614231976,18,52,False
7dba737837f084c4c489efb8,Primeira Liga,2023/2024,DEVELOPMENT,2024-01-28,20:30,MATCH_KICKOFF_TIME_TIMEZONE_NOT_STATED_BY_SOURCE,,NOT_VERIFIED_DO_NOT_INFER,Arouca,Vizela,5,0,H,EVALUATION_ONLY_JOIN_AFTER_PREMATCH_FEATURE_FREEZE,1.83,3.65,4.25,EXTERNAL_HISTORICAL_MARKET_BENCHMARK,NOT_AVAILABLE,NOT_GOLDBET,7e19e436c7df88e65b2f7c66d6172369bcb257a7497a5e9a6cd8343b2a85949e,1486.062066039957,1433.7626643151448,52.29940172481224,1.2000000000000002,1.7999999999999998,-0.3999999999999999,2.1061184228717593,52,52,False
c12197b531afab89a909a2d0,Primeira Liga,2023/2024,DEVELOPMENT,2024-01-28,20:30,MATCH_KICKOFF_TIME_TIMEZONE_NOT_STATED_BY_SOURCE,,NOT_VERIFIED_DO_NOT_INFER,Gil Vicente,Guimaraes,1,0,H,EVALUATION_ONLY_JOIN_AFTER_PREMATCH_FEATURE_FREEZE,3.34,3.27,2.22,EXTERNAL_HISTORICAL_MARKET_BENCHMARK,NOT_AVAILABLE,NOT_GOLDBET,fa02bd31befeb103a8ed49f50e09c14cc0c4350116e217041140e8294054c880,1457.5745209192144,1565.1792645621636,-107.60474364294919,-0.8000000000000003,-1.2,-0.20000000000000018,-26.305556753997053,52,52,False
a0bd194df5869601a34d9f41,Primeira Liga,2023/2024,DEVELOPMENT,2024-01-29,18:45,MATCH_KICKOFF_TIME_TIMEZONE_NOT_STATED_BY_SOURCE,,NOT_VERIFIED_DO_NOT_INFER,Estrela,Benfica,1,4,A,EVALUATION_ONLY_JOIN_AFTER_PREMATCH_FEATURE_FREEZE,10.65,6.1,1.26,EXTERNAL_HISTORICAL_MARKET_BENCHMARK,NOT_AVAILABLE,NOT_GOLDBET,0c4748bc48632a0a2ce2c0eeab12369d2ec630fcf09b96e3bcbbb0254e9127d5,1470.3460063735765,1657.344827979839,-186.99882160626248,-2.4,-3.5999999999999996,-1.2000000000000002,-17.821838529774595,18,52,False
81595d99f21be3503a392825,Primeira Liga,2023/2024,DEVELOPMENT,2024-01-29,20:45,MATCH_KICKOFF_TIME_TIMEZONE_NOT_STATED_BY_SOURCE,,NOT_VERIFIED_DO_NOT_INFER,Sp Lisbon,Casa Pia,8,0,H,EVALUATION_ONLY_JOIN_AFTER_PREMATCH_FEATURE_FREEZE,1.15,7.69,17.72,EXTERNAL_HISTORICAL_MARKET_BENCHMARK,NOT_AVAILABLE,NOT_GOLDBET,d6b78b3de87548fff9e98a48cb7bd21a8a771e0c3daf7179fa5a47ad52bd266a,1642.121191816297,1454.1499603555112,187.9712314607857,1.8,2.8000000000000003,1.6,-26.959306660395214,52,52,False
d3930e191af78b0bb873c154,Primeira Liga,2023/2024,DEVELOPMENT,2024-01-31,18:45,MATCH_KICKOFF_TIME_TIMEZONE_NOT_STATED_BY_SOURCE,,NOT_VERIFIED_DO_NOT_INFER,Rio Ave,Estoril,1,1,D,EVALUATION_ONLY_JOIN_AFTER_PREMATCH_FEATURE_FREEZE,2.22,3.33,3.31,EXTERNAL_HISTORICAL_MARKET_BENCHMARK,NOT_AVAILABLE,NOT_GOLDBET,4d8b92bede8fe9bc6f9f786558c286169998fe2318b3d8023fe99fd47d868a8d,1454.1834958823263,1438.682737611685,15.5007582706412,0.19999999999999996,0.19999999999999996,0.8,-20.691877998811833,52,52,False
2be0a281e1cc6294a43e19b2,Primeira Liga,2023/2024,DEVELOPMENT,2024-01-31,20:45,MATCH_KICKOFF_TIME_TIMEZONE_NOT_STATED_BY_SOURCE,,NOT_VERIFIED_DO_NOT_INFER,Sp Braga,Chaves,1,1,D,EVALUATION_ONLY_JOIN_AFTER_PREMATCH_FEATURE_FREEZE,1.32,5.58,8.7,EXTERNAL_HISTORICAL_MARKET_BENCHMARK,NOT_AVAILABLE,NOT_GOLDBET,2dba0adaef03121f5ef46e47adf7c29a105fd0f04704c2cc562ad38470964920,1598.959771661408,1432.5427023215711,166.41706933983687,0.9999999999999999,1.2,1.8,22.897496776469097,52,52,False
eaac67883156bcf43dbcd9dd,Primeira Liga,2023/2024,DEVELOPMENT,2024-02-03,15:30,MATCH_KICKOFF_TIME_TIMEZONE_NOT_STATED_BY_SOURCE,,NOT_VERIFIED_DO_NOT_INFER,Portimonense,Arouca,1,2,A,EVALUATION_ONLY_JOIN_AFTER_PREMATCH_FEATURE_FREEZE,3.69,3.56,2,EXTERNAL_HISTORICAL_MARKET_BENCHMARK,NOT_AVAILABLE,NOT_GOLDBET,274d4d0ec5cac58674fac9c7f0a9dc849640d8a12918007950680cd328a487e6,1450.1148251411917,1492.9378774683746,-42.82305232718295,-0.6000000000000001,-1.2,-0.40000000000000013,-18.173142325387516,53,53,False
cdad0a3364f29cff6472e841,Primeira Liga,2023/2024,DEVELOPMENT,2024-02-03,20:30,MATCH_KICKOFF_TIME_TIMEZONE_NOT_STATED_BY_SOURCE,,NOT_VERIFIED_DO_NOT_INFER,Porto,Rio Ave,0,0,D,EVALUATION_ONLY_JOIN_AFTER_PREMATCH_FEATURE_FREEZE,1.21,6.44,13.72,EXTERNAL_HISTORICAL_MARKET_BENCHMARK,NOT_AVAILABLE,NOT_GOLDBET,f6ba86e5fbec014b63599ec850e6fd78fa01d2f20748c9b95546611725573193,1640.1117235805627,1452.0439819492703,188.0677416312924,1.6,2.4,1.7999999999999998,4.013207370955342,53,53,False
c27a53a68971a022d345afdb,Primeira Liga,2023/2024,DEVELOPMENT,2024-02-04,15:30,MATCH_KICKOFF_TIME_TIMEZONE_NOT_STATED_BY_SOURCE,,NOT_VERIFIED_DO_NOT_INFER,Chaves,Farense,1,1,D,EVALUATION_ONLY_JOIN_AFTER_PREMATCH_FEATURE_FREEZE,2.34,3.31,3.07,EXTERNAL_HISTORICAL_MARKET_BENCHMARK,NOT_AVAILABLE,NOT_GOLDBET,8ff2da772a243181015885600aea8a941ebfbada09415442f82203544ccb58c1,1438.2707055463763,1488.1492857879846,-49.87858024160823,-0.6,0.0,-0.5999999999999999,68.82400348626948,53,19,False
d472c629e11d57e1d5841ae6,Primeira Liga,2023/2024,DEVELOPMENT,2024-02-04,15:30,MATCH_KICKOFF_TIME_TIMEZONE_NOT_STATED_BY_SOURCE,,NOT_VERIFIED_DO_NOT_INFER,Vizela,Guimaraes,0,1,A,EVALUATION_ONLY_JOIN_AFTER_PREMATCH_FEATURE_FREEZE,4.18,3.59,1.86,EXTERNAL_HISTORICAL_MARKET_BENCHMARK,NOT_AVAILABLE,NOT_GOLDBET,2d1c7fb29f293560b9c1ec9640910a8826ce75d02a77a3062db772297af19f4f,1426.8868528867272,1553.8176004497575,-126.93074756303031,-1.6,-3.0,-0.6,27.19228146619116,53,53,False
a1b6689c2c07b5bb4eb155f9,Primeira Liga,2023/2024,DEVELOPMENT,2024-02-04,18:00,MATCH_KICKOFF_TIME_TIMEZONE_NOT_STATED_BY_SOURCE,,NOT_VERIFIED_DO_NOT_INFER,Benfica,Gil Vicente,3,0,H,EVALUATION_ONLY_JOIN_AFTER_PREMATCH_FEATURE_FREEZE,1.15,8.24,16.26,EXTERNAL_HISTORICAL_MARKET_BENCHMARK,NOT_AVAILABLE,NOT_GOLDBET,3c641f88b6be818a52697a63c8d7ecaa949db4e20db235a0dcd784990af9d5a9,1663.8440537192373,1468.9361850316204,194.90786868761688,1.0,2.1999999999999997,2.0,-12.12331302785833,53,53,False
69ea4ece66eb35973bfa3046,Primeira Liga,2023/2024,DEVELOPMENT,2024-02-04,18:00,MATCH_KICKOFF_TIME_TIMEZONE_NOT_STATED_BY_SOURCE,,NOT_VERIFIED_DO_NOT_INFER,Estoril,Estrela,1,0,H,EVALUATION_ONLY_JOIN_AFTER_PREMATCH_FEATURE_FREEZE,2.02,3.51,3.65,EXTERNAL_HISTORICAL_MARKET_BENCHMARK,NOT_AVAILABLE,NOT_GOLDBET,3c5da378c4d616bee0c037fc378d28f54b6fff42f384e4af4ebf2fffe4b3caa6,1440.822251544741,1463.8467806341782,-23.024529089437237,0.4,1.2000000000000002,1.2000000000000002,-1.8335355303258893,53,19,False
e4115895d1195243c1591a3f,Primeira Liga,2023/2024,DEVELOPMENT,2024-02-04,20:30,MATCH_KICKOFF_TIME_TIMEZONE_NOT_STATED_BY_SOURCE,,NOT_VERIFIED_DO_NOT_INFER,Sp Braga,Moreirense,1,0,H,EVALUATION_ONLY_JOIN_AFTER_PREMATCH_FEATURE_FREEZE,1.47,4.46,6.72,EXTERNAL_HISTORICAL_MARKET_BENCHMARK,NOT_AVAILABLE,NOT_GOLDBET,9160503c03ff77ebbbe4cb90d1f27f218f485ebb21dc044cd86e06068a756de9,1593.2317684366028,1539.3743324775019,53.85743595910094,0.20000000000000018,1.2,0.0,16.89635532834359,53,19,False
cd0901d2281ead8a3dc1ba6e,Primeira Liga,2023/2024,DEVELOPMENT,2024-02-05,20:15,MATCH_KICKOFF_TIME_TIMEZONE_NOT_STATED_BY_SOURCE,,NOT_VERIFIED_DO_NOT_INFER,Casa Pia,Boavista,0,0,D,EVALUATION_ONLY_JOIN_AFTER_PREMATCH_FEATURE_FREEZE,2.06,3.39,3.65,EXTERNAL_HISTORICAL_MARKET_BENCHMARK,NOT_AVAILABLE,NOT_GOLDBET,49f02707daaf4d7a25c28b7bc6857146620aa99dcda346472f72a0504178ca92,1450.2799939625522,1458.0247593655467,-7.744765402994517,-0.20000000000000007,-1.6,0.0,28.109129286696998,53,53,False
302f6256dbd41b27c9ad7ed9,Primeira Liga,2023/2024,DEVELOPMENT,2024-02-09,20:15,MATCH_KICKOFF_TIME_TIMEZONE_NOT_STATED_BY_SOURCE,,NOT_VERIFIED_DO_NOT_INFER,Estrela,Portimonense,3,0,H,EVALUATION_ONLY_JOIN_AFTER_PREMATCH_FEATURE_FREEZE,2,3.43,3.81,EXTERNAL_HISTORICAL_MARKET_BENCHMARK,NOT_AVAILABLE,NOT_GOLDBET,28cab6becc03d9aad8c5fd1a5e9bc34cb80001f2322fdd2a8bfddbdc7ee86e2d,1454.9070204750983,1439.620835256129,15.286185218969194,-0.7999999999999999,-1.2,0.20000000000000007,40.04489832776176,20,54,False
c2129d93b403d14df7c1ecc4,Primeira Liga,2023/2024,DEVELOPMENT,2024-02-10,15:30,MATCH_KICKOFF_TIME_TIMEZONE_NOT_STATED_BY_SOURCE,,NOT_VERIFIED_DO_NOT_INFER,Farense,Famalicao,1,1,D,EVALUATION_ONLY_JOIN_AFTER_PREMATCH_FEATURE_FREEZE,2.92,3.1,2.58,EXTERNAL_HISTORICAL_MARKET_BENCHMARK,NOT_AVAILABLE,NOT_GOLDBET,ad3c88431df8745bb7daa003cbed6eeb06127c342af5bfbef93f8bc1e0a16c1a,1488.4405212840988,1482.7579061847925,5.682615099306304,0.5999999999999999,0.6,0.3999999999999999,-48.765722714435924,20,53,False
0a54808117ec43fdef2ea740,Primeira Liga,2023/2024,DEVELOPMENT,2024-02-10,18:00,MATCH_KICKOFF_TIME_TIMEZONE_NOT_STATED_BY_SOURCE,,NOT_VERIFIED_DO_NOT_INFER,Moreirense,Chaves,1,0,H,EVALUATION_ONLY_JOIN_AFTER_PREMATCH_FEATURE_FREEZE,1.85,3.41,4.53,EXTERNAL_HISTORICAL_MARKET_BENCHMARK,NOT_AVAILABLE,NOT_GOLDBET,9d0fc82182c9b55c69f2e50cc5949b010b28bb5879f63f0c8d3684230b891a79,1532.538930987328,1437.979470050262,94.55946093706598,0.3999999999999999,-0.6,1.6,-5.710906107585743,20,54,False
43c9636215d95eaaf131a18a,Primeira Liga,2023/2024,DEVELOPMENT,2024-02-10,20:30,MATCH_KICKOFF_TIME_TIMEZONE_NOT_STATED_BY_SOURCE,,NOT_VERIFIED_DO_NOT_INFER,Boavista,Estoril,2,1,H,EVALUATION_ONLY_JOIN_AFTER_PREMATCH_FEATURE_FREEZE,2.54,3.39,2.74,EXTERNAL_HISTORICAL_MARKET_BENCHMARK,NOT_AVAILABLE,NOT_GOLDBET,7f3f1998a0e6c95bad26fde62ab229774b80893e290a6df80dd8b94dabf75d37,1459.517546762618,1449.762011703821,9.755535058797022,0.19999999999999996,0.7999999999999999,-0.6,13.461103576927599,54,54,False
07e3ed2f126d62d3ed554dd1,Primeira Liga,2023/2024,DEVELOPMENT,2024-02-11,15:30,MATCH_KICKOFF_TIME_TIMEZONE_NOT_STATED_BY_SOURCE,,NOT_VERIFIED_DO_NOT_INFER,Rio Ave,Casa Pia,1,0,H,EVALUATION_ONLY_JOIN_AFTER_PREMATCH_FEATURE_FREEZE,2.27,3.02,3.54,EXTERNAL_HISTORICAL_MARKET_BENCHMARK,NOT_AVAILABLE,NOT_GOLDBET,b071615cbb7b3d306fc71a7e1b8bcc2775bcf2315bc7b77a77ed46ae40c2a113,1458.1757492297452,1448.787206565481,9.38854266426415,0.3999999999999999,1.6,0.6000000000000001,-1.027171816732107,54,54,False
048c1d8c1357775715243b92,Primeira Liga,2023/2024,DEVELOPMENT,2024-02-11,18:00,MATCH_KICKOFF_TIME_TIMEZONE_NOT_STATED_BY_SOURCE,,NOT_VERIFIED_DO_NOT_INFER,Sp Lisbon,Sp Braga,5,0,H,EVALUATION_ONLY_JOIN_AFTER_PREMATCH_FEATURE_FREEZE,1.46,4.68,6.38,EXTERNAL_HISTORICAL_MARKET_BENCHMARK,NOT_AVAILABLE,NOT_GOLDBET,6ca3d83f7755d4e1596a1554e0b36bc1d14d4d82c8f0458bd6969335f7610e60,1645.991158209256,1600.0671699267766,45.923988282479286,1.4,3.8,0.6000000000000001,-77.22760582598698,53,54,False
0da4625bdc73fbbf9bf6dd42,Primeira Liga,2023/2024,DEVELOPMENT,2024-02-11,20:30,MATCH_KICKOFF_TIME_TIMEZONE_NOT_STATED_BY_SOURCE,,NOT_VERIFIED_DO_NOT_INFER,Guimaraes,Benfica,2,2,D,EVALUATION_ONLY_JOIN_AFTER_PREMATCH_FEATURE_FREEZE,5.09,4,1.63,EXTERNAL_HISTORICAL_MARKET_BENCHMARK,NOT_AVAILABLE,NOT_GOLDBET,61df90be34843380b946a64a8c88289197637ed4b4c2df7a7aafe2fb0b090ade,1561.9146606501995,1667.5909146895633,-105.67625403936381,-1.0,-1.9999999999999998,-0.20000000000000018,16.683639358721848,54,54,False
c7a891cb77933a7445f09f58,Primeira Liga,2023/2024,DEVELOPMENT,2024-02-12,20:15,MATCH_KICKOFF_TIME_TIMEZONE_NOT_STATED_BY_SOURCE,,NOT_VERIFIED_DO_NOT_INFER,Arouca,Porto,3,2,H,EVALUATION_ONLY_JOIN_AFTER_PREMATCH_FEATURE_FREEZE,7.47,4.71,1.42,EXTERNAL_HISTORICAL_MARKET_BENCHMARK,NOT_AVAILABLE,NOT_GOLDBET,4fc6514b7979abe667fba40ce4a4a69959a8505ea9cf6f7d055919b2945b3d60,1503.4318673534372,1633.979956300088,-130.54808894665075,-0.40000000000000013,-1.2000000000000002,-0.6000000000000001,-3.183161427865798,54,54,False
5444a677ce4455ff1ab357b3,Primeira Liga,2023/2024,DEVELOPMENT,2024-02-13,15:30,MATCH_KICKOFF_TIME_TIMEZONE_NOT_STATED_BY_SOURCE,,NOT_VERIFIED_DO_NOT_INFER,Gil Vicente,Vizela,0,1,A,EVALUATION_ONLY_JOIN_AFTER_PREMATCH_FEATURE_FREEZE,2,3.45,3.79,EXTERNAL_HISTORICAL_MARKET_BENCHMARK,NOT_AVAILABLE,NOT_GOLDBET,17f39637ce430b9272e0dd903e2d80053face79ffefeefb7a4657b8c65ea6915,1465.1893240612944,1418.7897926862852,46.399531375009246,1.2,2.1999999999999997,0.8,4.820053898459264,54,54,False
90e9190866044e2706c3ff4d,Primeira Liga,2023/2024,DEVELOPMENT,2024-02-16,20:15,MATCH_KICKOFF_TIME_TIMEZONE_NOT_STATED_BY_SOURCE,,NOT_VERIFIED_DO_NOT_INFER,Famalicao,Rio Ave,2,1,H,EVALUATION_ONLY_JOIN_AFTER_PREMATCH_FEATURE_FREEZE,2.16,3.1,3.74,EXTERNAL_HISTORICAL_MARKET_BENCHMARK,NOT_AVAILABLE,NOT_GOLDBET,db32b38af0485f823874ba5784e5f24df9be952dda2e93c307f51eda960a3de0,1484.6261991860008,1466.2047228517154,18.421476334285444,-0.19999999999999996,0.4,0.4,-17.316639568055734,54,55,False
eeb9106145f42cf88d6cd9fe,Primeira Liga,2023/2024,DEVELOPMENT,2024-02-17,15:30,MATCH_KICKOFF_TIME_TIMEZONE_NOT_STATED_BY_SOURCE,,NOT_VERIFIED_DO_NOT_INFER,Chaves,Boavista,2,1,H,EVALUATION_ONLY_JOIN_AFTER_PREMATCH_FEATURE_FREEZE,2.74,3.11,2.73,EXTERNAL_HISTORICAL_MARKET_BENCHMARK,NOT_AVAILABLE,NOT_GOLDBET,86360561bab1e4a32e3c8e3993247582dd08bcbbfceb6760faaf834dc956c77c,1432.1561003582738,1467.536369973914,-35.380269615640145,-0.7999999999999999,-0.6000000000000001,0.19999999999999996,51.961094927290105,55,55,False
7379b6aff41e89be587ffdec,Primeira Liga,2023/2024,DEVELOPMENT,2024-02-17,18:00,MATCH_KICKOFF_TIME_TIMEZONE_NOT_STATED_BY_SOURCE,,NOT_VERIFIED_DO_NOT_INFER,Portimonense,Guimaraes,1,1,D,EVALUATION_ONLY_JOIN_AFTER_PREMATCH_FEATURE_FREEZE,4.01,3.54,1.91,EXTERNAL_HISTORICAL_MARKET_BENCHMARK,NOT_AVAILABLE,NOT_GOLDBET,faa40550e177e4719b657dce3b8172fddd66c73f8fc5e256d3bb3e17f70e7fdb,1431.7544552057154,1563.2218068848483,-131.4673516791329,-0.8,-1.2000000000000002,-0.8,-30.205300072417913,55,55,False
8f67a47b49fc78f72894b152,Primeira Liga,2023/2024,DEVELOPMENT,2024-02-17,20:30,MATCH_KICKOFF_TIME_TIMEZONE_NOT_STATED_BY_SOURCE,,NOT_VERIFIED_DO_NOT_INFER,Porto,Estrela,2,0,H,EVALUATION_ONLY_JOIN_AFTER_PREMATCH_FEATURE_FREEZE,1.18,7.11,14.68,EXTERNAL_HISTORICAL_MARKET_BENCHMARK,NOT_AVAILABLE,NOT_GOLDBET,4932e5999309f38256f7279fa3923a459b9bc759f9c158341bbe4c99eecc8c01,1621.9768732817734,1462.773400525512,159.20347275626136,1.2,2.4000000000000004,2.0,8.744033585513534,55,21,False
7b84534151da3cfa9a9a7ced,Primeira Liga,2023/2024,DEVELOPMENT,2024-02-18,15:30,MATCH_KICKOFF_TIME_TIMEZONE_NOT_STATED_BY_SOURCE,,NOT_VERIFIED_DO_NOT_INFER,Casa Pia,Arouca,1,0,H,EVALUATION_ONLY_JOIN_AFTER_PREMATCH_FEATURE_FREEZE,2.93,3.06,2.58,EXTERNAL_HISTORICAL_MARKET_BENCHMARK,NOT_AVAILABLE,NOT_GOLDBET,dae9a38c273b91d8130ab170ffde2e68e759a2a6aa6a3e58fecd33d12b5947fd,1440.7582329435108,1515.4349503717517,-74.67671742824086,-2.1999999999999997,-4.0,-1.5999999999999999,2.109536153534691,55,55,False
5f49abd8cd97eeb64f481f80,Primeira Liga,2023/2024,DEVELOPMENT,2024-02-18,18:00,MATCH_KICKOFF_TIME_TIMEZONE_NOT_STATED_BY_SOURCE,,NOT_VERIFIED_DO_NOT_INFER,Benfica,Vizela,6,1,H,EVALUATION_ONLY_JOIN_AFTER_PREMATCH_FEATURE_FREEZE,1.14,8.33,16.98,EXTERNAL_HISTORICAL_MARKET_BENCHMARK,NOT_AVAILABLE,NOT_GOLDBET,75dbfd17f38b994b5caec51070fbfe5d1c731260d761da6b5fe881f59e7223f0,1666.2837684549145,1431.759941510864,234.52382694405037,2.0,4.4,1.6,-34.30707891523866,55,55,False
58605ec4c6e4bc76dd16cceb,Primeira Liga,2023/2024,DEVELOPMENT,2024-02-18,18:00,MATCH_KICKOFF_TIME_TIMEZONE_NOT_STATED_BY_SOURCE,,NOT_VERIFIED_DO_NOT_INFER,Estoril,Gil Vicente,1,3,A,EVALUATION_ONLY_JOIN_AFTER_PREMATCH_FEATURE_FREEZE,2.19,3.39,3.31,EXTERNAL_HISTORICAL_MARKET_BENCHMARK,NOT_AVAILABLE,NOT_GOLDBET,9df434e2f84f1670a9ea881d2dfad79fd95972fdbd9ef1daf678e2f6cf16d1cc,1441.743188492525,1452.2191752367155,-10.47598674419055,-0.5999999999999999,-0.39999999999999997,1.2000000000000002,-38.31773925536186,55,55,False
3083234a16477cf6cc63db5e,Primeira Liga,2023/2024,DEVELOPMENT,2024-02-18,20:30,MATCH_KICKOFF_TIME_TIMEZONE_NOT_STATED_BY_SOURCE,,NOT_VERIFIED_DO_NOT_INFER,Sp Braga,Farense,2,1,H,EVALUATION_ONLY_JOIN_AFTER_PREMATCH_FEATURE_FREEZE,1.45,4.91,6.14,EXTERNAL_HISTORICAL_MARKET_BENCHMARK,NOT_AVAILABLE,NOT_GOLDBET,4f1df64e190efd20848fa77b6b5688a59d51c7d6319a3c6e2f7cdcfeb81eeca9,1593.024833911138,1486.5722282828906,106.45260562824751,0.3999999999999999,-0.8,0.6000000000000001,55.48994494301883,55,21,False
68c4134a7206aabde1612211,Primeira Liga,2023/2024,DEVELOPMENT,2024-02-19,20:15,MATCH_KICKOFF_TIME_TIMEZONE_NOT_STATED_BY_SOURCE,,NOT_VERIFIED_DO_NOT_INFER,Moreirense,Sp Lisbon,0,2,A,EVALUATION_ONLY_JOIN_AFTER_PREMATCH_FEATURE_FREEZE,8.66,5.09,1.35,EXTERNAL_HISTORICAL_MARKET_BENCHMARK,NOT_AVAILABLE,NOT_GOLDBET,0614e8c03a9cade48e078043bb48fb5b3c2a74b350b46bc3edab0acc2a0e524f,1538.3623006793164,1653.0334942248944,-114.67119354557803,-1.2,-5.0,0.19999999999999996,41.72343687811531,21,54,False
8c6605c86105b184a1f3451a,Primeira Liga,2023/2024,DEVELOPMENT,2024-02-23,20:15,MATCH_KICKOFF_TIME_TIMEZONE_NOT_STATED_BY_SOURCE,,NOT_VERIFIED_DO_NOT_INFER,Arouca,Famalicao,3,2,H,EVALUATION_ONLY_JOIN_AFTER_PREMATCH_FEATURE_FREEZE,2.31,3.26,3.16,EXTERNAL_HISTORICAL_MARKET_BENCHMARK,NOT_AVAILABLE,NOT_GOLDBET,e32ea657b28dda188c53bd0123e4825ad802ae045dba1306f063e2c20c6a4ebb,1505.0127715791348,1492.406614223231,12.60615735590386,1.0,1.2,1.0,-29.03013691273827,56,55,False
22f0fdeeb6a438c5ac9cdd9a,Primeira Liga,2023/2024,DEVELOPMENT,2024-02-24,15:30,MATCH_KICKOFF_TIME_TIMEZONE_NOT_STATED_BY_SOURCE,,NOT_VERIFIED_DO_NOT_INFER,Farense,Moreirense,0,1,A,EVALUATION_ONLY_JOIN_AFTER_PREMATCH_FEATURE_FREEZE,2.71,3.13,2.74,EXTERNAL_HISTORICAL_MARKET_BENCHMARK,NOT_AVAILABLE,NOT_GOLDBET,088d7a37f3c2d0f1c339c267475bc3bc8489dff4564537be99afdd020941fc56,1481.027366410887,1529.9230038009862,-48.89563739009918,-0.19999999999999996,1.0,0.0,-37.75948500537197,22,22,False
c64de53c437cfbafd976fd27,Primeira Liga,2023/2024,DEVELOPMENT,2024-02-24,18:00,MATCH_KICKOFF_TIME_TIMEZONE_NOT_STATED_BY_SOURCE,,NOT_VERIFIED_DO_NOT_INFER,Estrela,Chaves,1,1,D,EVALUATION_ONLY_JOIN_AFTER_PREMATCH_FEATURE_FREEZE,1.96,3.37,4.07,EXTERNAL_HISTORICAL_MARKET_BENCHMARK,NOT_AVAILABLE,NOT_GOLDBET,d9c34b80e0cf94285e23a014a973eff46eec9c313c15a7f0a3006612820ebc9f,1458.3602427246663,1441.448671236125,16.911571488541313,-0.6,-1.2,0.9999999999999999,35.726147488277775,22,56,False
2058c42229a64ba16c05f863,Primeira Liga,2023/2024,DEVELOPMENT,2024-02-24,20:30,MATCH_KICKOFF_TIME_TIMEZONE_NOT_STATED_BY_SOURCE,,NOT_VERIFIED_DO_NOT_INFER,Guimaraes,Casa Pia,0,2,A,EVALUATION_ONLY_JOIN_AFTER_PREMATCH_FEATURE_FREEZE,1.61,3.76,5.75,EXTERNAL_HISTORICAL_MARKET_BENCHMARK,NOT_AVAILABLE,NOT_GOLDBET,509294ea2cdaa32c07fcfbadddbbbc13827b72e6152f60c5950077a3d12c6329,1561.19334047603,1451.1804117361278,110.01292873990224,0.8,2.6,1.4000000000000001,-19.664187267223042,56,56,False
32b912b044c51c2648151634,Primeira Liga,2023/2024,DEVELOPMENT,2024-02-25,15:30,MATCH_KICKOFF_TIME_TIMEZONE_NOT_STATED_BY_SOURCE,,NOT_VERIFIED_DO_NOT_INFER,Vizela,Estoril,3,3,D,EVALUATION_ONLY_JOIN_AFTER_PREMATCH_FEATURE_FREEZE,2.41,3.39,2.9,EXTERNAL_HISTORICAL_MARKET_BENCHMARK,NOT_AVAILABLE,NOT_GOLDBET,5f6879c25acbbd5b087f0894e9b0b417560cb2f4d198413f0fe4abd4e7e7544b,1428.6586418152601,1430.3273489016829,-1.668707086422728,-0.20000000000000007,-2.0,-0.2,100.47174298521963,56,56,False
9a416589366fea5397dfd8df,Primeira Liga,2023/2024,DEVELOPMENT,2024-02-25,18:00,MATCH_KICKOFF_TIME_TIMEZONE_NOT_STATED_BY_SOURCE,,NOT_VERIFIED_DO_NOT_INFER,Benfica,Portimonense,4,0,H,EVALUATION_ONLY_JOIN_AFTER_PREMATCH_FEATURE_FREEZE,1.1,10.44,22.4,EXTERNAL_HISTORICAL_MARKET_BENCHMARK,NOT_AVAILABLE,NOT_GOLDBET,0c5a7eb666ef209ac46071eff64c02c8d49cd4ca4b7983b46c960a305fd45eba,1669.3850681505185,1433.7829216145337,235.60214653598473,1.8,3.2,2.4,-3.9669989743181304,56,56,False
839de6ccc11021591b1f1180,Primeira Liga,2023/2024,DEVELOPMENT,2024-02-25,18:00,MATCH_KICKOFF_TIME_TIMEZONE_NOT_STATED_BY_SOURCE,,NOT_VERIFIED_DO_NOT_INFER,Gil Vicente,Porto,1,1,D,EVALUATION_ONLY_JOIN_AFTER_PREMATCH_FEATURE_FREEZE,6.87,4.51,1.46,EXTERNAL_HISTORICAL_MARKET_BENCHMARK,NOT_AVAILABLE,NOT_GOLDBET,60a3d1a0dcffb01e23222b455fda39fe1503391b086ae38465b8eac3470f610c,1463.6350148275576,1626.390031082619,-162.7550162550615,-0.19999999999999996,-1.4000000000000001,0.20000000000000018,17.281504184774576,56,56,False
4ec36392436b82923c95c783,Primeira Liga,2023/2024,DEVELOPMENT,2024-02-25,20:30,MATCH_KICKOFF_TIME_TIMEZONE_NOT_STATED_BY_SOURCE,,NOT_VERIFIED_DO_NOT_INFER,Rio Ave,Sp Lisbon,3,3,D,EVALUATION_ONLY_JOIN_AFTER_PREMATCH_FEATURE_FREEZE,13.54,6.22,1.22,EXTERNAL_HISTORICAL_MARKET_BENCHMARK,NOT_AVAILABLE,NOT_GOLDBET,e9ab7178ed0281b3de8757a063458d08549ccfbfa12f9c525f05afb5be9f80b9,1458.4243078144852,1661.4727911032246,-203.04848328873936,-1.8,-4.2,-0.5999999999999999,-5.37114034309252,56,55,False
eb8e819a8336c71ccb6392b8,Primeira Liga,2023/2024,DEVELOPMENT,2024-02-26,20:15,MATCH_KICKOFF_TIME_TIMEZONE_NOT_STATED_BY_SOURCE,,NOT_VERIFIED_DO_NOT_INFER,Boavista,Sp Braga,0,4,A,EVALUATION_ONLY_JOIN_AFTER_PREMATCH_FEATURE_FREEZE,4.73,3.82,1.71,EXTERNAL_HISTORICAL_MARKET_BENCHMARK,NOT_AVAILABLE,NOT_GOLDBET,bdd72677b4b86a1d8b4ec3e6e05ebf825015fbaa1bd4765ec3725fb1a37a0421,1458.2437990960627,1598.5696957831417,-140.32589668707897,-1.2,-0.6,-0.8,-36.09826879657976,56,56,False
ab44addbc0cc318fccfdacba,Primeira Liga,2023/2024,DEVELOPMENT,2024-03-01,20:15,MATCH_KICKOFF_TIME_TIMEZONE_NOT_STATED_BY_SOURCE,,NOT_VERIFIED_DO_NOT_INFER,Chaves,Arouca,1,5,A,EVALUATION_ONLY_JOIN_AFTER_PREMATCH_FEATURE_FREEZE,3.31,3.38,2.18,EXTERNAL_HISTORICAL_MARKET_BENCHMARK,NOT_AVAILABLE,NOT_GOLDBET,1f60593a333325571f60dac5af7a40926a551f97c19705ae997db94c648acb56,1443.626899021927,1512.952897389365,-69.32599836743793,-1.2,-1.4,-0.8,18.904461642426895,57,57,False
7789a5bdf00a45e9debd3ba2,Primeira Liga,2023/2024,DEVELOPMENT,2024-03-02,15:30,MATCH_KICKOFF_TIME_TIMEZONE_NOT_STATED_BY_SOURCE,,NOT_VERIFIED_DO_NOT_INFER,Moreirense,Rio Ave,0,0,D,EVALUATION_ONLY_JOIN_AFTER_PREMATCH_FEATURE_FREEZE,2.41,3.02,3.25,EXTERNAL_HISTORICAL_MARKET_BENCHMARK,NOT_AVAILABLE,NOT_GOLDBET,f5e63048a3f9ef42f2b7855c1552a86cef92ef898fe4ed323a9cae29fe21ae79,1540.2425042660693,1462.3236854127706,77.91881885329872,0.6000000000000001,0.0,1.4,-3.7027963690113666,23,57,False
9ce101d6d89d25241c7ebfaa,Primeira Liga,2023/2024,DEVELOPMENT,2024-03-02,18:00,MATCH_KICKOFF_TIME_TIMEZONE_NOT_STATED_BY_SOURCE,,NOT_VERIFIED_DO_NOT_INFER,Estoril,Guimaraes,1,3,A,EVALUATION_ONLY_JOIN_AFTER_PREMATCH_FEATURE_FREEZE,2.96,3.4,2.36,EXTERNAL_HISTORICAL_MARKET_BENCHMARK,NOT_AVAILABLE,NOT_GOLDBET,62c9f5a43c2a22a73f4ce8e00b196fcab592be0186e34b5097578844fc85cc72,1431.9906596394642,1546.6564435013381,-114.66578386187393,0.0,0.0,0.0,-35.31230302124982,57,57,False
aab05be9f0221801b1eb6bd6,Primeira Liga,2023/2024,DEVELOPMENT,2024-03-02,20:30,MATCH_KICKOFF_TIME_TIMEZONE_NOT_STATED_BY_SOURCE,,NOT_VERIFIED_DO_NOT_INFER,Sp Braga,Estrela,3,0,H,EVALUATION_ONLY_JOIN_AFTER_PREMATCH_FEATURE_FREEZE,1.35,5.21,8.11,EXTERNAL_HISTORICAL_MARKET_BENCHMARK,NOT_AVAILABLE,NOT_GOLDBET,96ef23d8c94723cc20d2c86147b5c5ce91cf757a67cf7dc696c9240dbc0e57af,1606.298061467424,1456.182014938864,150.11604652856,1.2,0.8,1.2000000000000002,-7.697847782265171,57,23,False
7a079a66872f3d614d01282e,Primeira Liga,2023/2024,DEVELOPMENT,2024-03-03,15:30,MATCH_KICKOFF_TIME_TIMEZONE_NOT_STATED_BY_SOURCE,,NOT_VERIFIED_DO_NOT_INFER,Casa Pia,Gil Vicente,0,0,D,EVALUATION_ONLY_JOIN_AFTER_PREMATCH_FEATURE_FREEZE,2.65,3.03,2.88,EXTERNAL_HISTORICAL_MARKET_BENCHMARK,NOT_AVAILABLE,NOT_GOLDBET,ef756f45e6eb3fc3014c1a52c75aa6d581978e158dce5849f2c3dc7af5cf2264,1465.7173087108197,1466.5092245220922,-0.7919158112724745,0.0,-1.0,-0.3999999999999999,-16.199267856691904,57,57,False
a7e10043ce457b8bd99df370,Primeira Liga,2023/2024,DEVELOPMENT,2024-03-03,15:30,MATCH_KICKOFF_TIME_TIMEZONE_NOT_STATED_BY_SOURCE,,NOT_VERIFIED_DO_NOT_INFER,Portimonense,Vizela,0,0,D,EVALUATION_ONLY_JOIN_AFTER_PREMATCH_FEATURE_FREEZE,2.53,3.23,2.86,EXTERNAL_HISTORICAL_MARKET_BENCHMARK,NOT_AVAILABLE,NOT_GOLDBET,6f027a693a29455c0ce02a44b6d765e84f6585d469e8fa0bdf737f153adf7f4c,1430.6978527203833,1426.9953310774788,3.7025216429044576,0.0,1.0,-0.19999999999999996,9.882994467996014,57,57,False
161550242b265d0a605a8ce2,Primeira Liga,2023/2024,DEVELOPMENT,2024-03-03,18:00,MATCH_KICKOFF_TIME_TIMEZONE_NOT_STATED_BY_SOURCE,,NOT_VERIFIED_DO_NOT_INFER,Sp Lisbon,Farense,3,2,H,EVALUATION_ONLY_JOIN_AFTER_PREMATCH_FEATURE_FREEZE,1.13,8.7,18.63,EXTERNAL_HISTORICAL_MARKET_BENCHMARK,NOT_AVAILABLE,NOT_GOLDBET,5617f21451fe3ad4d4e04c9be27f138db5472dd54472c5e21afe5a16ff27971e,1657.5734135049393,1470.7078659458039,186.8655475591354,2.2,4.4,2.2,-37.040772326099386,56,23,False
844a56baaa2a6aea2daf5263,Primeira Liga,2023/2024,DEVELOPMENT,2024-03-03,20:30,MATCH_KICKOFF_TIME_TIMEZONE_NOT_STATED_BY_SOURCE,,NOT_VERIFIED_DO_NOT_INFER,Porto,Benfica,5,0,H,EVALUATION_ONLY_JOIN_AFTER_PREMATCH_FEATURE_FREEZE,2.36,3.41,2.97,EXTERNAL_HISTORICAL_MARKET_BENCHMARK,NOT_AVAILABLE,NOT_GOLDBET,48e84559d86b5717e50d8aaf5ee5e1accbe705d714fa26eebed02a2c871c06f3,1623.5158213880845,1672.470137044669,-48.95431565658441,-1.0,-2.4,0.3999999999999999,2.226561314951823,57,57,False
88006cf0f1bb20189cce5b6b,Primeira Liga,2023/2024,DEVELOPMENT,2024-03-04,20:15,MATCH_KICKOFF_TIME_TIMEZONE_NOT_STATED_BY_SOURCE,,NOT_VERIFIED_DO_NOT_INFER,Famalicao,Boavista,1,1,D,EVALUATION_ONLY_JOIN_AFTER_PREMATCH_FEATURE_FREEZE,2.14,3.18,3.67,EXTERNAL_HISTORICAL_MARKET_BENCHMARK,NOT_AVAILABLE,NOT_GOLDBET,475491daeb127ac602f85c1fcde0aa392de76f63bb846ce0dc731be25a6c8e14,1484.4664884130007,1450.5154334117804,33.95105500122031,0.0,0.9999999999999999,0.19999999999999996,42.695313297338316,56,57,False
bfbd2d15a6c8520a4959996a,Primeira Liga,2023/2024,DEVELOPMENT,2024-03-08,18:45,MATCH_KICKOFF_TIME_TIMEZONE_NOT_STATED_BY_SOURCE,,NOT_VERIFIED_DO_NOT_INFER,Portimonense,Porto,0,3,A,EVALUATION_ONLY_JOIN_AFTER_PREMATCH_FEATURE_FREEZE,13.25,6.65,1.21,EXTERNAL_HISTORICAL_MARKET_BENCHMARK,NOT_AVAILABLE,NOT_GOLDBET,c44bf20f1aec86080315ebe332ce521333af0e60ec9c7393b51380c5b95cb065,1428.8846201157714,1633.198008104326,-204.3133879885545,-1.2000000000000002,-2.8,0.0,10.618540471174583,58,58,False
df0fff886563b68c63f4835f,Primeira Liga,2023/2024,DEVELOPMENT,2024-03-08,20:45,MATCH_KICKOFF_TIME_TIMEZONE_NOT_STATED_BY_SOURCE,,NOT_VERIFIED_DO_NOT_INFER,Estrela,Casa Pia,3,1,H,EVALUATION_ONLY_JOIN_AFTER_PREMATCH_FEATURE_FREEZE,2.43,2.97,3.27,EXTERNAL_HISTORICAL_MARKET_BENCHMARK,NOT_AVAILABLE,NOT_GOLDBET,56ef2ea76495f5b8c5e4a59e5ebda4b5d0d0cab8862e18b80192ebd8f139951d,1451.586313465719,1464.0294704212477,-12.443156955528593,-0.8,-1.0,-0.8,18.165733764205243,24,58,False
316f0458428c56d9a9e588cd,Primeira Liga,2023/2024,DEVELOPMENT,2024-03-09,15:30,MATCH_KICKOFF_TIME_TIMEZONE_NOT_STATED_BY_SOURCE,,NOT_VERIFIED_DO_NOT_INFER,Vizela,Farense,2,1,H,EVALUATION_ONLY_JOIN_AFTER_PREMATCH_FEATURE_FREEZE,2.22,3.32,3.32,EXTERNAL_HISTORICAL_MARKET_BENCHMARK,NOT_AVAILABLE,NOT_GOLDBET,59928a58235e919356d7c3b9afa1d7711d03e9756acc9b8c2750d077fb58e58b,1428.8085636820906,1466.8179953060721,-38.00943162398153,0.6,-0.4,-0.4,-31.046793672040167,58,24,False
f72729fa2c5eb35439ec4f11,Primeira Liga,2023/2024,DEVELOPMENT,2024-03-09,18:00,MATCH_KICKOFF_TIME_TIMEZONE_NOT_STATED_BY_SOURCE,,NOT_VERIFIED_DO_NOT_INFER,Boavista,Moreirense,1,0,H,EVALUATION_ONLY_JOIN_AFTER_PREMATCH_FEATURE_FREEZE,3.27,3,2.4,EXTERNAL_HISTORICAL_MARKET_BENCHMARK,NOT_AVAILABLE,NOT_GOLDBET,959983cfce338391addc13c12ae46ab2cfee59729431de08a076e9281c5d34f3,1453.1555231431603,1536.469036590057,-83.31351344689665,-0.3999999999999999,-0.6000000000000001,-0.3999999999999999,-42.47229886292553,58,24,False
73257e889cb959c94b971c6c,Primeira Liga,2023/2024,DEVELOPMENT,2024-03-09,18:00,MATCH_KICKOFF_TIME_TIMEZONE_NOT_STATED_BY_SOURCE,,NOT_VERIFIED_DO_NOT_INFER,Rio Ave,Sp Braga,0,0,D,EVALUATION_ONLY_JOIN_AFTER_PREMATCH_FEATURE_FREEZE,4.48,3.83,1.76,EXTERNAL_HISTORICAL_MARKET_BENCHMARK,NOT_AVAILABLE,NOT_GOLDBET,222ec590be989311f0720c0474b5694e633a2971b1c56365fae7be31df5c2975,1466.097153088783,1610.893762940569,-144.79660985178612,-1.2,-0.8,0.0,37.77537833935253,58,58,False
9f3485fd575162df2f190263,Primeira Liga,2023/2024,DEVELOPMENT,2024-03-09,20:30,MATCH_KICKOFF_TIME_TIMEZONE_NOT_STATED_BY_SOURCE,,NOT_VERIFIED_DO_NOT_INFER,Guimaraes,Famalicao,1,0,H,EVALUATION_ONLY_JOIN_AFTER_PREMATCH_FEATURE_FREEZE,2,3.41,3.82,EXTERNAL_HISTORICAL_MARKET_BENCHMARK,NOT_AVAILABLE,NOT_GOLDBET,2a017164ab2ae55a9e96d7d2816b4ae12f7d75ad159b2ca7dab704844c38a1e8,1555.0958922906407,1481.8263986816207,73.26949360901995,0.6000000000000001,0.4,1.2,-6.601563310434813,58,57,False
56bf16ab78225c70887b0568,Primeira Liga,2023/2024,DEVELOPMENT,2024-03-10,18:00,MATCH_KICKOFF_TIME_TIMEZONE_NOT_STATED_BY_SOURCE,,NOT_VERIFIED_DO_NOT_INFER,Arouca,Sp Lisbon,0,3,A,EVALUATION_ONLY_JOIN_AFTER_PREMATCH_FEATURE_FREEZE,7.84,4.95,1.38,EXTERNAL_HISTORICAL_MARKET_BENCHMARK,NOT_AVAILABLE,NOT_GOLDBET,7a7a8efd73433a46e44d340d8e795488334f1bf586ee10b4fecdee4538df4ddd,1522.6845380282161,1661.463284144671,-138.77874611645484,-0.20000000000000018,-2.0,-0.20000000000000018,-12.165015418388975,58,57,False
a167677244331021b4322de5,Primeira Liga,2023/2024,DEVELOPMENT,2024-03-10,20:30,MATCH_KICKOFF_TIME_TIMEZONE_NOT_STATED_BY_SOURCE,,NOT_VERIFIED_DO_NOT_INFER,Benfica,Estoril,3,1,H,EVALUATION_ONLY_JOIN_AFTER_PREMATCH_FEATURE_FREEZE,1.27,6.16,9.68,EXTERNAL_HISTORICAL_MARKET_BENCHMARK,NOT_AVAILABLE,NOT_GOLDBET,73f834ae50be74c300aa8b23a5c63766a068b83be6b8d675cc35454340cb3f14,1662.7879503284275,1423.5512108501616,239.23673947826592,1.2,2.2,2.4,33.80218844903857,58,58,False
3a16f8af1f11a22f8dbb7323,Primeira Liga,2023/2024,DEVELOPMENT,2024-03-11,20:15,MATCH_KICKOFF_TIME_TIMEZONE_NOT_STATED_BY_SOURCE,,NOT_VERIFIED_DO_NOT_INFER,Gil Vicente,Chaves,0,0,D,EVALUATION_ONLY_JOIN_AFTER_PREMATCH_FEATURE_FREEZE,1.97,3.3,4.16,EXTERNAL_HISTORICAL_MARKET_BENCHMARK,NOT_AVAILABLE,NOT_GOLDBET,1dc4bf5f7311563e5c832894a3631e4baa25f11906a7e35ce86a3fa5fefda643,1468.1970628116642,1433.895258383076,34.301804428588184,0.0,0.4,1.0,31.389329565645767,58,58,False
7ac528abbead00999e4d3718,Primeira Liga,2023/2024,DEVELOPMENT,2024-03-15,20:15,MATCH_KICKOFF_TIME_TIMEZONE_NOT_STATED_BY_SOURCE,,NOT_VERIFIED_DO_NOT_INFER,Estoril,Portimonense,1,0,H,EVALUATION_ONLY_JOIN_AFTER_PREMATCH_FEATURE_FREEZE,1.66,3.95,5.1,EXTERNAL_HISTORICAL_MARKET_BENCHMARK,NOT_AVAILABLE,NOT_GOLDBET,bf0ab767f5b4f232ba6ad9a564873a151b1be5d0992a398d89ab9e6305c293d8,1420.5203383686744,1422.8148249782905,-2.294486609616115,-0.2,0.6000000000000001,0.0,-39.57349540958194,59,59,False
cbe57c75f460bdf2280308f4,Primeira Liga,2023/2024,DEVELOPMENT,2024-03-16,15:30,MATCH_KICKOFF_TIME_TIMEZONE_NOT_STATED_BY_SOURCE,,NOT_VERIFIED_DO_NOT_INFER,Famalicao,Estrela,0,0,D,EVALUATION_ONLY_JOIN_AFTER_PREMATCH_FEATURE_FREEZE,2,3.23,4.09,EXTERNAL_HISTORICAL_MARKET_BENCHMARK,NOT_AVAILABLE,NOT_GOLDBET,733f5b4e07d37cafb02c074c83cf9c87e1173f2ca20c01d5e588a0aa31a74684,1475.484526959018,1460.2260025060632,15.258524452954816,-0.3999999999999999,-0.2,1.0,-21.62091404906596,58,25,False
768821ff60567df6d0f43872,Primeira Liga,2023/2024,DEVELOPMENT,2024-03-16,18:00,MATCH_KICKOFF_TIME_TIMEZONE_NOT_STATED_BY_SOURCE,,NOT_VERIFIED_DO_NOT_INFER,Farense,Rio Ave,1,1,D,EVALUATION_ONLY_JOIN_AFTER_PREMATCH_FEATURE_FREEZE,2.69,3.04,2.84,EXTERNAL_HISTORICAL_MARKET_BENCHMARK,NOT_AVAILABLE,NOT_GOLDBET,22d826bb9f7cf2191cbbeb69729385adad284ed13872e8b37ff395e0b9439d05,1457.4500908837588,1468.49046231956,-11.040371435801262,-1.0,-0.8,0.4,-10.786948595479771,25,59,False
b0b7216ef6752aa6e6f6d800,Primeira Liga,2023/2024,DEVELOPMENT,2024-03-16,18:00,MATCH_KICKOFF_TIME_TIMEZONE_NOT_STATED_BY_SOURCE,,NOT_VERIFIED_DO_NOT_INFER,Sp Braga,Gil Vicente,2,1,H,EVALUATION_ONLY_JOIN_AFTER_PREMATCH_FEATURE_FREEZE,1.41,4.86,7.23,EXTERNAL_HISTORICAL_MARKET_BENCHMARK,NOT_AVAILABLE,NOT_GOLDBET,ef0ad369ba16c911711beaccf80534366be15b8beea68d7f73ea8b91539a0afe,1608.500453709792,1465.5475838613577,142.95286984843437,0.8,0.39999999999999997,0.8000000000000003,25.31015485210628,59,59,False
9dd733f8a3702e37e8bcbb80,Primeira Liga,2023/2024,DEVELOPMENT,2024-03-16,20:30,MATCH_KICKOFF_TIME_TIMEZONE_NOT_STATED_BY_SOURCE,,NOT_VERIFIED_DO_NOT_INFER,Porto,Vizela,4,1,H,EVALUATION_ONLY_JOIN_AFTER_PREMATCH_FEATURE_FREEZE,1.13,8.71,18.96,EXTERNAL_HISTORICAL_MARKET_BENCHMARK,NOT_AVAILABLE,NOT_GOLDBET,c2b56c6ed4193b627bae15a1d46178b5bfacfe912d8f95dd8d4fe1e6998c135f,1639.2678032418069,1438.176468104404,201.0913351374029,0.3999999999999999,2.4,1.6,14.37575008451995,59,59,False
eb5334b4e8f0e10d8cdef77c,Primeira Liga,2023/2024,DEVELOPMENT,2024-03-17,15:30,MATCH_KICKOFF_TIME_TIMEZONE_NOT_STATED_BY_SOURCE,,NOT_VERIFIED_DO_NOT_INFER,Chaves,Guimaraes,1,2,A,EVALUATION_ONLY_JOIN_AFTER_PREMATCH_FEATURE_FREEZE,3.99,3.37,1.97,EXTERNAL_HISTORICAL_MARKET_BENCHMARK,NOT_AVAILABLE,NOT_GOLDBET,a29d61a4b7f155cf7a7c1209cd332f7c7769da8977a2e77bd08b7b929c81d22c,1436.5447373333825,1561.4377640132434,-124.8930266798609,-0.6000000000000001,-1.0,-0.6000000000000001,-4.951467213110618,59,59,False
da720c192b3dc8960b8239dd,Primeira Liga,2023/2024,DEVELOPMENT,2024-03-17,15:30,MATCH_KICKOFF_TIME_TIMEZONE_NOT_STATED_BY_SOURCE,,NOT_VERIFIED_DO_NOT_INFER,Moreirense,Arouca,1,0,H,EVALUATION_ONLY_JOIN_AFTER_PREMATCH_FEATURE_FREEZE,2.17,3.23,3.48,EXTERNAL_HISTORICAL_MARKET_BENCHMARK,NOT_AVAILABLE,NOT_GOLDBET,57cbab313d03c5158f5c65ced9fb76d4c1d22ccdc12fa46175ee816413fd7937,1525.79902503782,1514.9138972071885,10.885127830631518,-0.40000000000000013,-0.6000000000000001,-0.40000000000000013,-36.94308947829063,25,59,False
67c2fd4623a578d9a3924f81,Primeira Liga,2023/2024,DEVELOPMENT,2024-03-17,18:00,MATCH_KICKOFF_TIME_TIMEZONE_NOT_STATED_BY_SOURCE,,NOT_VERIFIED_DO_NOT_INFER,Casa Pia,Benfica,0,1,A,EVALUATION_ONLY_JOIN_AFTER_PREMATCH_FEATURE_FREEZE,11.11,5.36,1.28,EXTERNAL_HISTORICAL_MARKET_BENCHMARK,NOT_AVAILABLE,NOT_GOLDBET,b0c94f470e3eb247ad9db0b2f3d46e25d6e3e938cb04ff3b45c9cdaee4fa6dde,1455.3897813809035,1665.8188228099148,-210.42904142901125,-0.6000000000000001,-1.2,-1.0,-4.324995589701075,59,59,False
d36abbcb290e9ce88827d291,Primeira Liga,2023/2024,DEVELOPMENT,2024-03-17,20:30,MATCH_KICKOFF_TIME_TIMEZONE_NOT_STATED_BY_SOURCE,,NOT_VERIFIED_DO_NOT_INFER,Sp Lisbon,Boavista,6,1,H,EVALUATION_ONLY_JOIN_AFTER_PREMATCH_FEATURE_FREEZE,1.14,8.19,19.38,EXTERNAL_HISTORICAL_MARKET_BENCHMARK,NOT_AVAILABLE,NOT_GOLDBET,ed5bc658e56c45d1294c066e41720fec268a75948b67289eea9feb6ac77a91f3,1669.2339249656986,1463.8255346953972,205.40839027030142,1.2000000000000002,2.8000000000000003,2.0,17.764569909260672,58,59,False
f711198846e03244501ac5c0,Primeira Liga,2023/2024,DEVELOPMENT,2024-03-29,15:30,MATCH_KICKOFF_TIME_TIMEZONE_NOT_STATED_BY_SOURCE,,NOT_VERIFIED_DO_NOT_INFER,Gil Vicente,Famalicao,1,2,A,EVALUATION_ONLY_JOIN_AFTER_PREMATCH_FEATURE_FREEZE,2.48,3.08,3.09,EXTERNAL_HISTORICAL_MARKET_BENCHMARK,NOT_AVAILABLE,NOT_GOLDBET,4579f9aa3e795fd94cd2f2bb652076c8e9e4a9175585340b65371690792d741f,1460.804301869538,1473.351666920191,-12.54736505065307,0.19999999999999996,0.4,0.3999999999999999,27.838283547899437,60,59,False
392a5242cd02a13c484eb5f6,Primeira Liga,2023/2024,DEVELOPMENT,2024-03-29,18:00,MATCH_KICKOFF_TIME_TIMEZONE_NOT_STATED_BY_SOURCE,,NOT_VERIFIED_DO_NOT_INFER,Benfica,Chaves,1,0,H,EVALUATION_ONLY_JOIN_AFTER_PREMATCH_FEATURE_FREEZE,1.1,10.11,22.8,EXTERNAL_HISTORICAL_MARKET_BENCHMARK,NOT_AVAILABLE,NOT_GOLDBET,485486dd0b27d74d7ee197e85be208a2f444cfce655a6dcf10b3850e5f24760c,1671.7408223707096,1428.3910881359648,243.3497342347448,1.4,2.2,2.2,-20.096932033661233,60,60,False
34c53c27fbbdfa8940174521,Primeira Liga,2023/2024,DEVELOPMENT,2024-03-29,20:30,MATCH_KICKOFF_TIME_TIMEZONE_NOT_STATED_BY_SOURCE,,NOT_VERIFIED_DO_NOT_INFER,Estrela,Sp Lisbon,1,2,A,EVALUATION_ONLY_JOIN_AFTER_PREMATCH_FEATURE_FREEZE,12.18,6.29,1.23,EXTERNAL_HISTORICAL_MARKET_BENCHMARK,NOT_AVAILABLE,NOT_GOLDBET,dea77ba135a5138fe3b036c98c8331787192bf195018cca0e9da5ca1a5c8e971,1462.3588625448901,1672.8002013857576,-210.4413388408675,-1.6,-2.8000000000000003,-1.0,31.04661124047402,26,59,False
7f7e86d5c7a69fee997580ac,Primeira Liga,2023/2024,DEVELOPMENT,2024-03-30,15:30,MATCH_KICKOFF_TIME_TIMEZONE_NOT_STATED_BY_SOURCE,,NOT_VERIFIED_DO_NOT_INFER,Arouca,Farense,2,1,H,EVALUATION_ONLY_JOIN_AFTER_PREMATCH_FEATURE_FREEZE,1.74,3.8,4.62,EXTERNAL_HISTORICAL_MARKET_BENCHMARK,NOT_AVAILABLE,NOT_GOLDBET,9b520a983bc44bb72281608c693b0248343313db119d7bc06556a080a97df8f2,1506.926289944865,1456.0501736046892,50.87611634017571,1.0,0.8,1.0,-22.753244369510867,60,26,False
c3b720f6ac66c25c2159a3d4,Primeira Liga,2023/2024,DEVELOPMENT,2024-03-30,15:30,MATCH_KICKOFF_TIME_TIMEZONE_NOT_STATED_BY_SOURCE,,NOT_VERIFIED_DO_NOT_INFER,Guimaraes,Moreirense,1,0,H,EVALUATION_ONLY_JOIN_AFTER_PREMATCH_FEATURE_FREEZE,1.94,3.35,4.14,EXTERNAL_HISTORICAL_MARKET_BENCHMARK,NOT_AVAILABLE,NOT_GOLDBET,2ca35de95b7a84414dd6666ffda4c0b61785522e7511b1c7e9a03f08625ecd50,1569.5914132106611,1533.7866323001435,35.80478091051759,0.6000000000000001,0.6000000000000001,0.8,-66.23146076051808,60,26,False
e6d0cc1e17d8633ed0271256,Primeira Liga,2023/2024,DEVELOPMENT,2024-03-30,18:00,MATCH_KICKOFF_TIME_TIMEZONE_NOT_STATED_BY_SOURCE,,NOT_VERIFIED_DO_NOT_INFER,Boavista,Rio Ave,0,0,D,EVALUATION_ONLY_JOIN_AFTER_PREMATCH_FEATURE_FREEZE,3,3.06,2.54,EXTERNAL_HISTORICAL_MARKET_BENCHMARK,NOT_AVAILABLE,NOT_GOLDBET,654339becef2691f677048583e8b0b5d2ef0eeaabd59eb6ed2d3fbbbd8f88624,1460.2592582753382,1469.8903795986296,-9.631121323291381,0.0,-1.6,0.5999999999999999,-6.75802045389014,60,60,False
0cac5e10edb9aead5508f2a3,Primeira Liga,2023/2024,DEVELOPMENT,2024-03-30,20:30,MATCH_KICKOFF_TIME_TIMEZONE_NOT_STATED_BY_SOURCE,,NOT_VERIFIED_DO_NOT_INFER,Estoril,Porto,1,0,H,EVALUATION_ONLY_JOIN_AFTER_PREMATCH_FEATURE_FREEZE,9.85,5.43,1.3,EXTERNAL_HISTORICAL_MARKET_BENCHMARK,NOT_AVAILABLE,NOT_GOLDBET,e689b9fd781d7c317a9130575c4d6efb88fef1871616dd4f76fc775dfc348235,1428.8745459393174,1642.9074849826322,-214.03293904331485,-1.8,-3.6,-0.40000000000000013,9.439479048423436,60,60,False
a6605ebfa0d201f8076fc920,Primeira Liga,2023/2024,DEVELOPMENT,2024-03-31,18:00,MATCH_KICKOFF_TIME_TIMEZONE_NOT_STATED_BY_SOURCE,,NOT_VERIFIED_DO_NOT_INFER,Vizela,Casa Pia,0,4,A,EVALUATION_ONLY_JOIN_AFTER_PREMATCH_FEATURE_FREEZE,2.12,3.24,3.63,EXTERNAL_HISTORICAL_MARKET_BENCHMARK,NOT_AVAILABLE,NOT_GOLDBET,a5d3bbe86664d2002859d10329970e322c8bc2e3dc133c3021be12aa8a94e822,1434.5367863635786,1449.4677818201087,-14.930995456530127,-0.3999999999999999,-1.4,-0.3999999999999999,-5.429576604129579,60,60,False
02161110630c2069961369ab,Primeira Liga,2023/2024,DEVELOPMENT,2024-04-01,20:15,MATCH_KICKOFF_TIME_TIMEZONE_NOT_STATED_BY_SOURCE,,NOT_VERIFIED_DO_NOT_INFER,Portimonense,Sp Braga,3,5,A,EVALUATION_ONLY_JOIN_AFTER_PREMATCH_FEATURE_FREEZE,7.47,4.79,1.41,EXTERNAL_HISTORICAL_MARKET_BENCHMARK,NOT_AVAILABLE,NOT_GOLDBET,9cc2857bce0ab851e20c7850ebbd916117e85a51da39ed612aba6783105816d8,1414.4606174076475,1613.2437357016117,-198.7831182939642,-2.2,-3.4000000000000004,-0.9999999999999999,76.13555466357752,60,60,False
5d80c2a1858e2282a69cc2af,Primeira Liga,2023/2024,DEVELOPMENT,2024-04-05,20:15,MATCH_KICKOFF_TIME_TIMEZONE_NOT_STATED_BY_SOURCE,,NOT_VERIFIED_DO_NOT_INFER,Farense,Boavista,2,0,H,EVALUATION_ONLY_JOIN_AFTER_PREMATCH_FEATURE_FREEZE,2.12,3.25,3.67,EXTERNAL_HISTORICAL_MARKET_BENCHMARK,NOT_AVAILABLE,NOT_GOLDBET,e4b376ffc27f1d5809dde4cfafeb2f24d15011991a24f1a1581096ff5930536f,1449.137348019445,1458.819597214098,-9.682249194652968,-0.8,0.8,0.6,-33.38155841961725,27,61,False
fbacd6c968f54df81eb5005e,Primeira Liga,2023/2024,DEVELOPMENT,2024-04-06,15:30,MATCH_KICKOFF_TIME_TIMEZONE_NOT_STATED_BY_SOURCE,,NOT_VERIFIED_DO_NOT_INFER,Famalicao,Vizela,3,2,H,EVALUATION_ONLY_JOIN_AFTER_PREMATCH_FEATURE_FREEZE,1.81,3.56,4.54,EXTERNAL_HISTORICAL_MARKET_BENCHMARK,NOT_AVAILABLE,NOT_GOLDBET,72db0a1a8ab723266165c7ebf42e0d0a68cda7e5f6f98112de67bfae1e296264,1484.7090339110907,1423.2468234473058,61.46221046378491,0.0,1.0,0.3999999999999999,3.015123933420682,60,61,False
b0b40767861419a8852cd809,Primeira Liga,2023/2024,DEVELOPMENT,2024-04-06,15:30,MATCH_KICKOFF_TIME_TIMEZONE_NOT_STATED_BY_SOURCE,,NOT_VERIFIED_DO_NOT_INFER,Rio Ave,Gil Vicente,3,0,H,EVALUATION_ONLY_JOIN_AFTER_PREMATCH_FEATURE_FREEZE,2.47,3.02,3.15,EXTERNAL_HISTORICAL_MARKET_BENCHMARK,NOT_AVAILABLE,NOT_GOLDBET,ce22453268d414a686e8294b3a0f8b0f8edf2350ace07a5f4b7b2d1794a2abf6,1471.3300406598698,1449.4469348786383,21.883105781231507,0.4,0.4,0.40000000000000013,24.492737732492515,61,61,False
06a5e111ec152a4d86072ddc,Primeira Liga,2023/2024,DEVELOPMENT,2024-04-06,18:00,MATCH_KICKOFF_TIME_TIMEZONE_NOT_STATED_BY_SOURCE,,NOT_VERIFIED_DO_NOT_INFER,Sp Braga,Arouca,0,3,A,EVALUATION_ONLY_JOIN_AFTER_PREMATCH_FEATURE_FREEZE,1.41,5.03,6.79,EXTERNAL_HISTORICAL_MARKET_BENCHMARK,NOT_AVAILABLE,NOT_GOLDBET,81a5f4c8229d04b52e1e452ebf376d8d5259b17bbab4663b757bd5fa3bec3b6d,1619.4489537245665,1513.8391155301092,105.60983819445732,0.8,1.6,0.8,-63.76296552792451,61,61,False
3a664edbf06718d4b520cd85,Primeira Liga,2023/2024,DEVELOPMENT,2024-04-06,20:30,MATCH_KICKOFF_TIME_TIMEZONE_NOT_STATED_BY_SOURCE,,NOT_VERIFIED_DO_NOT_INFER,Sp Lisbon,Benfica,2,1,H,EVALUATION_ONLY_JOIN_AFTER_PREMATCH_FEATURE_FREEZE,2.07,3.53,3.5,EXTERNAL_HISTORICAL_MARKET_BENCHMARK,NOT_AVAILABLE,NOT_GOLDBET,7d398e955190f1d296e35c4a1c3c05a4b7d6f3010ea086d9ca828f72901bb68e,1678.721905864703,1674.7113107496914,4.010595115011711,0.20000000000000018,1.4,1.0,2.6740571318289312,60,61,False
45a800413445ccc50cc3a1ee,Primeira Liga,2023/2024,DEVELOPMENT,2024-04-07,15:30,MATCH_KICKOFF_TIME_TIMEZONE_NOT_STATED_BY_SOURCE,,NOT_VERIFIED_DO_NOT_INFER,Chaves,Portimonense,2,3,A,EVALUATION_ONLY_JOIN_AFTER_PREMATCH_FEATURE_FREEZE,2.19,3.31,3.42,EXTERNAL_HISTORICAL_MARKET_BENCHMARK,NOT_AVAILABLE,NOT_GOLDBET,e2e5f0f6f6df023edfbab223c2b1b62f3fe9cdeee11901e4ea20657575aadb47,1425.420599756983,1408.2553993846927,17.1652003722902,0.2,0.8,0.4,-18.130738418592273,61,61,False
ee2a7b02cea002db22956a50,Primeira Liga,2023/2024,DEVELOPMENT,2024-04-07,18:00,MATCH_KICKOFF_TIME_TIMEZONE_NOT_STATED_BY_SOURCE,,NOT_VERIFIED_DO_NOT_INFER,Moreirense,Estrela,2,2,D,EVALUATION_ONLY_JOIN_AFTER_PREMATCH_FEATURE_FREEZE,2.17,3.2,3.5,EXTERNAL_HISTORICAL_MARKET_BENCHMARK,NOT_AVAILABLE,NOT_GOLDBET,f9779465caaa4bc73b226c753f4e58517891e8c486f3d59ea189b8a2b0962788,1526.4762874141538,1456.4371580659447,70.03912934820914,0.3999999999999999,0.4,1.8,-35.80980921698119,27,27,False
845ed9dc6b4871e240972613,Primeira Liga,2023/2024,DEVELOPMENT,2024-04-07,20:30,MATCH_KICKOFF_TIME_TIMEZONE_NOT_STATED_BY_SOURCE,,NOT_VERIFIED_DO_NOT_INFER,Porto,Guimaraes,1,2,A,EVALUATION_ONLY_JOIN_AFTER_PREMATCH_FEATURE_FREEZE,1.35,5.09,8.6,EXTERNAL_HISTORICAL_MARKET_BENCHMARK,NOT_AVAILABLE,NOT_GOLDBET,65547a6eadcfde0a0bd627aad22310cc2f015418c1aefc834ff95954bf70d32e,1628.7433735164586,1576.9017580966508,51.841615419807795,-0.3999999999999999,1.4,0.6000000000000001,19.342389268195802,61,61,False
80ecf5518e702e3771b2f9cc,Primeira Liga,2023/2024,DEVELOPMENT,2024-04-08,20:15,MATCH_KICKOFF_TIME_TIMEZONE_NOT_STATED_BY_SOURCE,,NOT_VERIFIED_DO_NOT_INFER,Casa Pia,Estoril,0,0,D,EVALUATION_ONLY_JOIN_AFTER_PREMATCH_FEATURE_FREEZE,3.04,2.94,2.61,EXTERNAL_HISTORICAL_MARKET_BENCHMARK,NOT_AVAILABLE,NOT_GOLDBET,5fe7fcdab6d1cd66b6fc7667262f5fb1b3dbfa0a88daa384274f6c154687d6ad,1460.7577447363815,1443.038657405491,17.71908733089049,0.0,1.0,0.6,-24.83617159372284,61,61,False
a99c67ad46b68e704a8b7f12,Primeira Liga,2023/2024,DEVELOPMENT,2024-04-12,20:15,MATCH_KICKOFF_TIME_TIMEZONE_NOT_STATED_BY_SOURCE,,NOT_VERIFIED_DO_NOT_INFER,Gil Vicente,Sp Lisbon,0,4,A,EVALUATION_ONLY_JOIN_AFTER_PREMATCH_FEATURE_FREEZE,10.45,5.65,1.27,EXTERNAL_HISTORICAL_MARKET_BENCHMARK,NOT_AVAILABLE,NOT_GOLDBET,320db5086f026233682e453dec7138801b631bd1e5f8298b8faba746b6c9574c,1441.7610328955661,1686.9000991061357,-245.13906621056958,-2.6,-3.2,-1.6,-28.298676716050068,62,61,False
42d666f540b78732d64a5de9,Primeira Liga,2023/2024,DEVELOPMENT,2024-04-13,15:30,MATCH_KICKOFF_TIME_TIMEZONE_NOT_STATED_BY_SOURCE,,NOT_VERIFIED_DO_NOT_INFER,Guimaraes,Farense,1,1,D,EVALUATION_ONLY_JOIN_AFTER_PREMATCH_FEATURE_FREEZE,1.56,4.14,5.8,EXTERNAL_HISTORICAL_MARKET_BENCHMARK,NOT_AVAILABLE,NOT_GOLDBET,325b8e442e9dd60d21fdadd0c2000adb00578c639865bc69b365067855dcb7ec,1590.0140516947276,1457.6991280668683,132.31492362785934,2.2,1.4,1.8,-1.5453050388964584,62,28,False
a6f88d1ef3ec313b15817794,Primeira Liga,2023/2024,DEVELOPMENT,2024-04-13,18:00,MATCH_KICKOFF_TIME_TIMEZONE_NOT_STATED_BY_SOURCE,,NOT_VERIFIED_DO_NOT_INFER,Porto,Famalicao,2,2,D,EVALUATION_ONLY_JOIN_AFTER_PREMATCH_FEATURE_FREEZE,1.25,5.97,11.77,EXTERNAL_HISTORICAL_MARKET_BENCHMARK,NOT_AVAILABLE,NOT_GOLDBET,cf8d31d87dd6c47b18a7ccb938665d08a375da3e5be6a1caeca9724483a87634,1615.6310799183818,1491.3488587831973,124.2822211351845,0.19999999999999996,1.6,1.2,39.08381515509677,62,61,False
eea7d9f4b80a0a39f508cb32,Primeira Liga,2023/2024,DEVELOPMENT,2024-04-13,20:30,MATCH_KICKOFF_TIME_TIMEZONE_NOT_STATED_BY_SOURCE,,NOT_VERIFIED_DO_NOT_INFER,Estoril,Sp Braga,0,1,A,EVALUATION_ONLY_JOIN_AFTER_PREMATCH_FEATURE_FREEZE,4.72,4.04,1.68,EXTERNAL_HISTORICAL_MARKET_BENCHMARK,NOT_AVAILABLE,NOT_GOLDBET,6f915cbf56fbaa7faa993cad3f9df5448636718f1718a6e29465025ce5b8259e,1445.2390133570077,1605.013278837407,-159.7742654803992,-0.6000000000000001,-1.0,-0.19999999999999996,83.95959274006168,62,62,False
631895c5d8fa314e876a4f62,Primeira Liga,2023/2024,DEVELOPMENT,2024-04-14,15:30,MATCH_KICKOFF_TIME_TIMEZONE_NOT_STATED_BY_SOURCE,,NOT_VERIFIED_DO_NOT_INFER,Estrela,Rio Ave,2,2,D,EVALUATION_ONLY_JOIN_AFTER_PREMATCH_FEATURE_FREEZE,2.69,3.05,2.83,EXTERNAL_HISTORICAL_MARKET_BENCHMARK,NOT_AVAILABLE,NOT_GOLDBET,62db6807fb38994f7db8dc1d0c7a3e66b71a16dab825d37f9c811b5f555e0d3a,1460.0144786080166,1479.015942642942,-19.001464034925448,-0.3999999999999999,-1.0,0.5999999999999999,45.3591992806455,28,62,False
d729e4920618176d41ccf23e,Primeira Liga,2023/2024,DEVELOPMENT,2024-04-14,18:00,MATCH_KICKOFF_TIME_TIMEZONE_NOT_STATED_BY_SOURCE,,NOT_VERIFIED_DO_NOT_INFER,Arouca,Boavista,2,1,H,EVALUATION_ONLY_JOIN_AFTER_PREMATCH_FEATURE_FREEZE,1.69,3.87,4.92,EXTERNAL_HISTORICAL_MARKET_BENCHMARK,NOT_AVAILABLE,NOT_GOLDBET,59b400d577d97c5b7549b81ad02b83384e7d6d4dc36e8ff59e5470960839ca80,1528.2747904172688,1450.2578171666746,78.01697325059422,0.8,2.0,2.0,19.43823158936857,62,62,False
7f8b4bee1eaa6ae2753d0943,Primeira Liga,2023/2024,DEVELOPMENT,2024-04-14,18:00,MATCH_KICKOFF_TIME_TIMEZONE_NOT_STATED_BY_SOURCE,,NOT_VERIFIED_DO_NOT_INFER,Portimonense,Casa Pia,2,2,D,EVALUATION_ONLY_JOIN_AFTER_PREMATCH_FEATURE_FREEZE,2.53,3.17,2.93,EXTERNAL_HISTORICAL_MARKET_BENCHMARK,NOT_AVAILABLE,NOT_GOLDBET,7e0a545bd7beab53399e7822c0aef1ca89a02da242cd33086f567aed35d307c9,1420.4405797272047,1458.5573887848648,-38.11680905766002,-0.19999999999999996,-1.2,-0.7999999999999999,11.577641688455515,62,62,False
ecfb256510bbef6e31861dcb,Primeira Liga,2023/2024,DEVELOPMENT,2024-04-14,20:30,MATCH_KICKOFF_TIME_TIMEZONE_NOT_STATED_BY_SOURCE,,NOT_VERIFIED_DO_NOT_INFER,Benfica,Moreirense,3,0,H,EVALUATION_ONLY_JOIN_AFTER_PREMATCH_FEATURE_FREEZE,1.33,5.31,8.84,EXTERNAL_HISTORICAL_MARKET_BENCHMARK,NOT_AVAILABLE,NOT_GOLDBET,0ceac241ca7bd93e137c3670ee8223375eebdb5220c0320871935a1c9e5c9bbf,1666.5331175082588,1522.898966872082,143.63415063617686,0.8,-0.2,2.4,30.62962611601847,62,28,False
4071d871ddfc4021c8967471,Primeira Liga,2023/2024,DEVELOPMENT,2024-04-15,20:15,MATCH_KICKOFF_TIME_TIMEZONE_NOT_STATED_BY_SOURCE,,NOT_VERIFIED_DO_NOT_INFER,Vizela,Chaves,0,1,A,EVALUATION_ONLY_JOIN_AFTER_PREMATCH_FEATURE_FREEZE,2.07,3.4,3.6,EXTERNAL_HISTORICAL_MARKET_BENCHMARK,NOT_AVAILABLE,NOT_GOLDBET,aa5641059033391b1668d7b56a3a9e42c537956ca85d150e34b50b413854d67e,1416.6069985751992,1413.235419414471,3.371579160728288,0.6000000000000001,0.0,0.20000000000000007,-30.324695794042782,62,62,False
3ae67de29fd805f9b828694e,Primeira Liga,2023/2024,DEVELOPMENT,2024-04-16,20:15,MATCH_KICKOFF_TIME_TIMEZONE_NOT_STATED_BY_SOURCE,,NOT_VERIFIED_DO_NOT_INFER,Famalicao,Sp Lisbon,0,1,A,EVALUATION_ONLY_JOIN_AFTER_PREMATCH_FEATURE_FREEZE,9.14,5.68,1.3,EXTERNAL_HISTORICAL_MARKET_BENCHMARK,NOT_AVAILABLE,NOT_GOLDBET,c910d1790b41b436fc27c8c96d17a24fca6d9163eb409542c1d59b5b5437e688,1496.2057792036298,1692.0243569670872,-195.81857776345737,-1.4,-2.5999999999999996,-1.0,-10.06743577636621,62,62,False
3a0ab4ec37186960b2cad13e,Primeira Liga,2023/2024,DEVELOPMENT,2024-04-19,20:15,MATCH_KICKOFF_TIME_TIMEZONE_NOT_STATED_BY_SOURCE,,NOT_VERIFIED_DO_NOT_INFER,Rio Ave,Arouca,1,1,D,EVALUATION_ONLY_JOIN_AFTER_PREMATCH_FEATURE_FREEZE,2.54,3.21,2.86,EXTERNAL_HISTORICAL_MARKET_BENCHMARK,NOT_AVAILABLE,NOT_GOLDBET,adcdae777b071322a5a2c9a889c214f007aad9a6c664b262aa7ff5f7040d6df0,1480.1905284725074,1534.4989001580816,-54.30837168557423,-0.40000000000000013,0.39999999999999997,0.0,-54.99094561842003,63,63,False
fca381992fecc67eab97b473,Primeira Liga,2023/2024,DEVELOPMENT,2024-04-20,15:30,MATCH_KICKOFF_TIME_TIMEZONE_NOT_STATED_BY_SOURCE,,NOT_VERIFIED_DO_NOT_INFER,Moreirense,Gil Vicente,0,1,A,EVALUATION_ONLY_JOIN_AFTER_PREMATCH_FEATURE_FREEZE,2.47,3.12,3.03,EXTERNAL_HISTORICAL_MARKET_BENCHMARK,NOT_AVAILABLE,NOT_GOLDBET,fb57e3d26e4e6e59ab135d2aabbb5f85586b4bafc4c69e7fa23d769d39fc50e4,1518.1698605608601,1436.6367750346146,81.53308552624549,0.6000000000000001,1.0,0.8,-2.6692819287702605,29,63,False
53200387679d612665761db6,Primeira Liga,2023/2024,DEVELOPMENT,2024-04-20,18:00,MATCH_KICKOFF_TIME_TIMEZONE_NOT_STATED_BY_SOURCE,,NOT_VERIFIED_DO_NOT_INFER,Boavista,Estrela,1,1,D,EVALUATION_ONLY_JOIN_AFTER_PREMATCH_FEATURE_FREEZE,2.85,3.03,2.67,EXTERNAL_HISTORICAL_MARKET_BENCHMARK,NOT_AVAILABLE,NOT_GOLDBET,6afccba2048492a28a14a5210878f519b97318c52b024dfb644ebf5b33e84130,1444.0337074258618,1458.8398927784513,-14.80618535258941,-0.3999999999999999,-1.5999999999999999,0.9999999999999999,7.039810153596136,63,29,False
2eae67dc504824821a60d19a,Primeira Liga,2023/2024,DEVELOPMENT,2024-04-20,20:30,MATCH_KICKOFF_TIME_TIMEZONE_NOT_STATED_BY_SOURCE,,NOT_VERIFIED_DO_NOT_INFER,Sp Braga,Vizela,2,1,H,EVALUATION_ONLY_JOIN_AFTER_PREMATCH_FEATURE_FREEZE,1.23,6.6,10.6,EXTERNAL_HISTORICAL_MARKET_BENCHMARK,NOT_AVAILABLE,NOT_GOLDBET,f8e0988fb978ca65fc2f6dfd51d0ecd6eff320ad357e49c8e038cd996107719f,1612.2179672415903,1404.8029796757944,207.41498756579585,1.4,1.8,1.5999999999999999,-29.66291008972894,63,63,False
b3c00737eb27206c1f6d62ad,Primeira Liga,2023/2024,DEVELOPMENT,2024-04-21,15:30,MATCH_KICKOFF_TIME_TIMEZONE_NOT_STATED_BY_SOURCE,,NOT_VERIFIED_DO_NOT_INFER,Chaves,Estoril,2,2,D,EVALUATION_ONLY_JOIN_AFTER_PREMATCH_FEATURE_FREEZE,2.94,3.2,2.49,EXTERNAL_HISTORICAL_MARKET_BENCHMARK,NOT_AVAILABLE,NOT_GOLDBET,af44d7b4b019f45ed6cc588b448cf305adaa0c1a2891e8b436bf24ebab6cf679,1425.0394383138757,1438.0343249528244,-12.994886638948628,-0.5999999999999999,-0.2,0.20000000000000007,-53.608647341525966,63,63,False
15370fe08d039b3cda2b73b4,Primeira Liga,2023/2024,DEVELOPMENT,2024-04-21,15:30,MATCH_KICKOFF_TIME_TIMEZONE_NOT_STATED_BY_SOURCE,,NOT_VERIFIED_DO_NOT_INFER,Famalicao,Portimonense,2,2,D,EVALUATION_ONLY_JOIN_AFTER_PREMATCH_FEATURE_FREEZE,1.63,3.9,5.28,EXTERNAL_HISTORICAL_MARKET_BENCHMARK,NOT_AVAILABLE,NOT_GOLDBET,0c031dff882af0151a68dfbe7401969562f899a4fe886f568c05ff14696328f8,1489.9272866726703,1419.8115624323157,70.11572424035467,0.8,1.2,0.40000000000000013,20.198498798383298,63,63,False
34463f7c88c3b011fb18630d,Primeira Liga,2023/2024,DEVELOPMENT,2024-04-21,18:00,MATCH_KICKOFF_TIME_TIMEZONE_NOT_STATED_BY_SOURCE,,NOT_VERIFIED_DO_NOT_INFER,Casa Pia,Porto,1,2,A,EVALUATION_ONLY_JOIN_AFTER_PREMATCH_FEATURE_FREEZE,9.12,5.23,1.33,EXTERNAL_HISTORICAL_MARKET_BENCHMARK,NOT_AVAILABLE,NOT_GOLDBET,64fe04b985b4eded13ff4e5253b17b6006c66b5222a9cad1085418467f95b3c9,1459.1864060797539,1610.7741594979493,-151.58775341819546,-0.3999999999999999,-0.6000000000000001,-0.19999999999999996,10.246981746513256,63,63,False
6e02e9aa27d9a41787f0a547,Primeira Liga,2023/2024,DEVELOPMENT,2024-04-21,20:30,MATCH_KICKOFF_TIME_TIMEZONE_NOT_STATED_BY_SOURCE,,NOT_VERIFIED_DO_NOT_INFER,Sp Lisbon,Guimaraes,3,0,H,EVALUATION_ONLY_JOIN_AFTER_PREMATCH_FEATURE_FREEZE,1.2,6.99,13.77,EXTERNAL_HISTORICAL_MARKET_BENCHMARK,NOT_AVAILABLE,NOT_GOLDBET,f1f7c11badcf86419a6f657c3b2340181e412b7319f2340c991334226785468a,1698.3028494980467,1584.982463287054,113.32038621099264,0.3999999999999999,1.5999999999999999,0.3999999999999999,0.0524500381402504,63,63,False
3d06c23d17630ed3c126498b,Primeira Liga,2023/2024,DEVELOPMENT,2024-04-22,20:15,MATCH_KICKOFF_TIME_TIMEZONE_NOT_STATED_BY_SOURCE,,NOT_VERIFIED_DO_NOT_INFER,Farense,Benfica,1,3,A,EVALUATION_ONLY_JOIN_AFTER_PREMATCH_FEATURE_FREEZE,8.55,5.63,1.32,EXTERNAL_HISTORICAL_MARKET_BENCHMARK,NOT_AVAILABLE,NOT_GOLDBET,302f659f875b9457ae35e5f0576d04d03bd07c8923e247ec9d00c46becbbba39,1462.730716474542,1671.2622238194806,-208.53150734493852,-1.4,-1.2,-0.3999999999999999,-11.178797649694616,29,63,False
9e516d40cda7007835c76577,Primeira Liga,2023/2024,DEVELOPMENT,2024-04-26,20:15,MATCH_KICKOFF_TIME_TIMEZONE_NOT_STATED_BY_SOURCE,,NOT_VERIFIED_DO_NOT_INFER,Gil Vicente,Arouca,2,2,D,EVALUATION_ONLY_JOIN_AFTER_PREMATCH_FEATURE_FREEZE,2.45,3.5,2.78,EXTERNAL_HISTORICAL_MARKET_BENCHMARK,NOT_AVAILABLE,NOT_GOLDBET,f28e28d67aa47eecf024b809fb8015411dcc4809ccfc5d656cbd695c9cbcea53,1450.499105180343,1534.662703736738,-84.16359855639507,-1.4,-2.4000000000000004,-0.9999999999999999,45.30112459011821,64,64,False
022d92cb9da034376cc1956a,Primeira Liga,2023/2024,DEVELOPMENT,2024-04-27,15:30,MATCH_KICKOFF_TIME_TIMEZONE_NOT_STATED_BY_SOURCE,,NOT_VERIFIED_DO_NOT_INFER,Casa Pia,Chaves,3,1,H,EVALUATION_ONLY_JOIN_AFTER_PREMATCH_FEATURE_FREEZE,2.04,3.21,3.97,EXTERNAL_HISTORICAL_MARKET_BENCHMARK,NOT_AVAILABLE,NOT_GOLDBET,012d9fb7694337db85eb66fa0a90df354a0ead92ad86f7bc203edf8d1d43c6d4,1451.763102792684,1423.6947169136872,28.068385878996878,0.19999999999999996,0.8,0.0,15.706739301493826,64,64,False
206c836df45c8e9f98b724e6,Primeira Liga,2023/2024,DEVELOPMENT,2024-04-27,15:30,MATCH_KICKOFF_TIME_TIMEZONE_NOT_STATED_BY_SOURCE,,NOT_VERIFIED_DO_NOT_INFER,Vizela,Rio Ave,1,1,D,EVALUATION_ONLY_JOIN_AFTER_PREMATCH_FEATURE_FREEZE,2.77,3.27,2.58,EXTERNAL_HISTORICAL_MARKET_BENCHMARK,NOT_AVAILABLE,NOT_GOLDBET,6d836d126270874839acc5c371a61a2b2ffffc6c2c8da0ace51a5cf04f5739ed,1401.2704258787376,1480.026724893851,-78.75629901511343,-1.4,-2.6,0.0,47.445668565046844,64,64,False
b671ad260f6b6b6d5ee1c6b1,Primeira Liga,2023/2024,DEVELOPMENT,2024-04-27,18:00,MATCH_KICKOFF_TIME_TIMEZONE_NOT_STATED_BY_SOURCE,,NOT_VERIFIED_DO_NOT_INFER,Benfica,Sp Braga,3,1,H,EVALUATION_ONLY_JOIN_AFTER_PREMATCH_FEATURE_FREEZE,1.56,4.58,5.1,EXTERNAL_HISTORICAL_MARKET_BENCHMARK,NOT_AVAILABLE,NOT_GOLDBET,fab109b37b2b29cf692a22e2fa7f4845aea13661589e2e2f7a34d1f8006a4250,1677.2298573922133,1615.750521038647,61.47933635356617,0.0,0.7999999999999999,1.0,60.84862977925559,64,64,False
03c5dc8ff49b425f416d75a1,Primeira Liga,2023/2024,DEVELOPMENT,2024-04-27,20:30,MATCH_KICKOFF_TIME_TIMEZONE_NOT_STATED_BY_SOURCE,,NOT_VERIFIED_DO_NOT_INFER,Guimaraes,Boavista,1,0,H,EVALUATION_ONLY_JOIN_AFTER_PREMATCH_FEATURE_FREEZE,1.74,3.58,4.97,EXTERNAL_HISTORICAL_MARKET_BENCHMARK,NOT_AVAILABLE,NOT_GOLDBET,698cc977e1b577a6a0ceffff5eebaef8465e24888108f23998a0cf97cd2f3cdd,1579.5946344967833,1442.74021212629,136.85442237049324,1.6,1.6,1.4000000000000001,35.940076987081284,64,64,False
477eff02ca2dcbaaa913ecd8,Primeira Liga,2023/2024,DEVELOPMENT,2024-04-28,15:30,MATCH_KICKOFF_TIME_TIMEZONE_NOT_STATED_BY_SOURCE,,NOT_VERIFIED_DO_NOT_INFER,Portimonense,Moreirense,0,2,A,EVALUATION_ONLY_JOIN_AFTER_PREMATCH_FEATURE_FREEZE,2.62,3.23,2.75,EXTERNAL_HISTORICAL_MARKET_BENCHMARK,NOT_AVAILABLE,NOT_GOLDBET,fe1a137db03a0fd1b6e639550e237894bc9e9dfce1f8c7ecd553ffa13f369371,1423.3908052761915,1504.3075304151319,-80.91672513894036,0.19999999999999996,0.4,0.0,-47.288602348372706,64,30,False
ac2632431c63e51a73a96294,Primeira Liga,2023/2024,DEVELOPMENT,2024-04-28,18:00,MATCH_KICKOFF_TIME_TIMEZONE_NOT_STATED_BY_SOURCE,,NOT_VERIFIED_DO_NOT_INFER,Estoril,Famalicao,1,0,H,EVALUATION_ONLY_JOIN_AFTER_PREMATCH_FEATURE_FREEZE,2.46,3.14,3.01,EXTERNAL_HISTORICAL_MARKET_BENCHMARK,NOT_AVAILABLE,NOT_GOLDBET,dc216c787b69cac4b13df7b9ae595dc8272e6152569cb7a2c38bfde43b9f855d,1439.3790463530129,1486.3480438287945,-46.968997475781634,0.0,0.0,0.19999999999999996,-10.997070557208417,64,64,False
3df3d0457580250eed39124e,Primeira Liga,2023/2024,DEVELOPMENT,2024-04-28,20:30,MATCH_KICKOFF_TIME_TIMEZONE_NOT_STATED_BY_SOURCE,,NOT_VERIFIED_DO_NOT_INFER,Porto,Sp Lisbon,2,2,D,EVALUATION_ONLY_JOIN_AFTER_PREMATCH_FEATURE_FREEZE,2.38,3.41,2.93,EXTERNAL_HISTORICAL_MARKET_BENCHMARK,NOT_AVAILABLE,NOT_GOLDBET,041d86bac40f8a8bd4a69197fcae3ae4ca9ac18cd675e84f49493f5aae1fd7e2,1618.197462785019,1703.6906782883175,-85.49321550329842,-1.6,-1.6,-0.6000000000000001,-53.106282335501646,64,64,False
7804f4c58b12f9c87e4b29ae,Primeira Liga,2023/2024,DEVELOPMENT,2024-04-29,20:15,MATCH_KICKOFF_TIME_TIMEZONE_NOT_STATED_BY_SOURCE,,NOT_VERIFIED_DO_NOT_INFER,Estrela,Farense,0,3,A,EVALUATION_ONLY_JOIN_AFTER_PREMATCH_FEATURE_FREEZE,1.86,3.5,4.33,EXTERNAL_HISTORICAL_MARKET_BENCHMARK,NOT_AVAILABLE,NOT_GOLDBET,8f2ed7efd6e730643ad447b22b91551bd0ad6abb925832bca6937d63ba58bd33,1460.133388078023,1456.7630829018094,3.3703051762136056,-0.19999999999999996,0.0,1.4000000000000001,-19.540391832999376,30,30,False
cb8966af77470ae6c7f4da58,Primeira Liga,2023/2024,DEVELOPMENT,2024-05-03,20:15,MATCH_KICKOFF_TIME_TIMEZONE_NOT_STATED_BY_SOURCE,,NOT_VERIFIED_DO_NOT_INFER,Moreirense,Vizela,1,0,H,EVALUATION_ONLY_JOIN_AFTER_PREMATCH_FEATURE_FREEZE,2.23,3.35,3.19,EXTERNAL_HISTORICAL_MARKET_BENCHMARK,NOT_AVAILABLE,NOT_GOLDBET,4b74e693ab8b2b08557d3f022d7a37ff37537f5d42b7e4918559ebfd2491bf5f,1513.7062249575365,1401.8097517289918,111.89647322854466,0.6000000000000001,0.7999999999999999,0.8,22.586468362911774,31,65,False
b9634258bf4aec18a4bfcb74,Primeira Liga,2023/2024,DEVELOPMENT,2024-05-04,15:30,MATCH_KICKOFF_TIME_TIMEZONE_NOT_STATED_BY_SOURCE,,NOT_VERIFIED_DO_NOT_INFER,Boavista,Gil Vicente,1,1,D,EVALUATION_ONLY_JOIN_AFTER_PREMATCH_FEATURE_FREEZE,2.66,3.07,2.79,EXTERNAL_HISTORICAL_MARKET_BENCHMARK,NOT_AVAILABLE,NOT_GOLDBET,9f3d0a7676de99e4f2ab782b956e484960b4b36751935b83e55a76acbde31f1d,1437.868736674766,1451.1934702698388,-13.324733595072757,-0.4,0.5999999999999999,0.20000000000000018,-39.73546513464339,65,65,False
08302c067f28e23c5fbe22ff,Primeira Liga,2023/2024,DEVELOPMENT,2024-05-04,15:30,MATCH_KICKOFF_TIME_TIMEZONE_NOT_STATED_BY_SOURCE,,NOT_VERIFIED_DO_NOT_INFER,Rio Ave,Guimaraes,2,1,H,EVALUATION_ONLY_JOIN_AFTER_PREMATCH_FEATURE_FREEZE,3.4,3.21,2.23,EXTERNAL_HISTORICAL_MARKET_BENCHMARK,NOT_AVAILABLE,NOT_GOLDBET,4e0a9f911453bfbf0016eb421a3b5c6b9aeae9f9e8c69d5553ec6374ec068670,1479.4873990435967,1584.4661099483073,-104.97871090471062,-0.6000000000000001,0.6,-0.19999999999999996,-91.15643954179882,65,65,False
952186999ff71575acd571fc,Primeira Liga,2023/2024,DEVELOPMENT,2024-05-04,18:00,MATCH_KICKOFF_TIME_TIMEZONE_NOT_STATED_BY_SOURCE,,NOT_VERIFIED_DO_NOT_INFER,Sp Lisbon,Portimonense,3,0,H,EVALUATION_ONLY_JOIN_AFTER_PREMATCH_FEATURE_FREEZE,1.07,13.15,25.1,EXTERNAL_HISTORICAL_MARKET_BENCHMARK,NOT_AVAILABLE,NOT_GOLDBET,f3bb416d2c2ee328e9a5b3e6dffc7c9b0344a7a20d398e7c44d917ca3520a053,1702.958238563678,1413.9921107337868,288.9661278298911,1.6,2.4,2.2,64.8803015179401,65,65,False
edd8d516f87ca25961312a8f,Primeira Liga,2023/2024,DEVELOPMENT,2024-05-04,20:30,MATCH_KICKOFF_TIME_TIMEZONE_NOT_STATED_BY_SOURCE,,NOT_VERIFIED_DO_NOT_INFER,Chaves,Porto,0,3,A,EVALUATION_ONLY_JOIN_AFTER_PREMATCH_FEATURE_FREEZE,10.53,5.97,1.25,EXTERNAL_HISTORICAL_MARKET_BENCHMARK,NOT_AVAILABLE,NOT_GOLDBET,07d99b77235669c3fb69f2623470212cb5ddc324e85eda4ef8904c5d3a3723f6,1416.176599237676,1618.9299025096586,-202.75330327198253,-0.19999999999999996,-0.39999999999999997,-0.5999999999999999,-54.72031982222552,65,65,False
11aef808c9c46c7750c1bfa5,Primeira Liga,2023/2024,DEVELOPMENT,2024-05-05,15:30,MATCH_KICKOFF_TIME_TIMEZONE_NOT_STATED_BY_SOURCE,,NOT_VERIFIED_DO_NOT_INFER,Farense,Estoril,3,2,H,EVALUATION_ONLY_JOIN_AFTER_PREMATCH_FEATURE_FREEZE,2.69,3.04,2.81,EXTERNAL_HISTORICAL_MARKET_BENCHMARK,NOT_AVAILABLE,NOT_GOLDBET,295b6368867f054d8e78645b06c74ebe749f33207be771ea37587f768d22e340,1468.5670663263304,1449.0041597211393,19.562906605191074,-0.20000000000000018,0.2,0.4,13.417912010420423,31,65,False
9a3ce662e80581ec8a45f95b,Primeira Liga,2023/2024,DEVELOPMENT,2024-05-05,18:00,MATCH_KICKOFF_TIME_TIMEZONE_NOT_STATED_BY_SOURCE,,NOT_VERIFIED_DO_NOT_INFER,Arouca,Estrela,0,0,D,EVALUATION_ONLY_JOIN_AFTER_PREMATCH_FEATURE_FREEZE,2.09,3.68,3.29,EXTERNAL_HISTORICAL_MARKET_BENCHMARK,NOT_AVAILABLE,NOT_GOLDBET,422eebc78a57cc6ed66910a80c50a303fd9171aef8fbad04d026a64749494f78,1533.968338647242,1448.329404653502,85.63893399374001,1.6,1.8,1.7999999999999998,-24.528528724348917,65,31,False
b930cb3ae4522d98512dad32,Primeira Liga,2023/2024,DEVELOPMENT,2024-05-05,18:00,MATCH_KICKOFF_TIME_TIMEZONE_NOT_STATED_BY_SOURCE,,NOT_VERIFIED_DO_NOT_INFER,Sp Braga,Casa Pia,4,3,H,EVALUATION_ONLY_JOIN_AFTER_PREMATCH_FEATURE_FREEZE,1.29,5.74,9.32,EXTERNAL_HISTORICAL_MARKET_BENCHMARK,NOT_AVAILABLE,NOT_GOLDBET,ade254d1340854a7f084e82231b6e5f743bac8746b35560abc43779c13df9442,1609.1111334272232,1459.2812204686952,149.82991295852798,0.19999999999999996,-1.2,1.0,24.61733669097225,65,65,False
aba932276001ad82260d9a17,Primeira Liga,2023/2024,DEVELOPMENT,2024-05-05,20:30,MATCH_KICKOFF_TIME_TIMEZONE_NOT_STATED_BY_SOURCE,,NOT_VERIFIED_DO_NOT_INFER,Famalicao,Benfica,2,0,H,EVALUATION_ONLY_JOIN_AFTER_PREMATCH_FEATURE_FREEZE,6.77,5.04,1.41,EXTERNAL_HISTORICAL_MARKET_BENCHMARK,NOT_AVAILABLE,NOT_GOLDBET,da28e93fb96c302c38b18144ff1fede1f6b4c4e0a01ca949fe2438567fc3c606,1476.722930460668,1683.8692450036372,-207.1463145429691,-1.4,-1.5999999999999999,-0.19999999999999996,-23.68006585356693,65,65,False
57f0849cb842da3899d8c3e1,Primeira Liga,2023/2024,DEVELOPMENT,2024-05-10,20:15,MATCH_KICKOFF_TIME_TIMEZONE_NOT_STATED_BY_SOURCE,,NOT_VERIFIED_DO_NOT_INFER,Chaves,Famalicao,0,1,A,EVALUATION_ONLY_JOIN_AFTER_PREMATCH_FEATURE_FREEZE,2.93,3.35,2.41,EXTERNAL_HISTORICAL_MARKET_BENCHMARK,NOT_AVAILABLE,NOT_GOLDBET,9a0671dd672e31497a8bbb177cefd63cac342057e88e10cd931848fa518daf62,1410.0687703100934,1490.7218569509075,-80.65308664081408,-0.19999999999999996,-1.0,-0.6000000000000001,-103.42511249187532,66,66,False
64c12507eff8aa4fcbb651e7,Primeira Liga,2023/2024,DEVELOPMENT,2024-05-11,15:30,MATCH_KICKOFF_TIME_TIMEZONE_NOT_STATED_BY_SOURCE,,NOT_VERIFIED_DO_NOT_INFER,Portimonense,Rio Ave,2,2,D,EVALUATION_ONLY_JOIN_AFTER_PREMATCH_FEATURE_FREEZE,2.36,3.36,3.01,EXTERNAL_HISTORICAL_MARKET_BENCHMARK,NOT_AVAILABLE,NOT_GOLDBET,1ee6b32966dc85ea95bfac46d8f7c5e9da7a60d08b2f2ff10b21c98455610d44,1411.6264912512247,1490.7748062595563,-79.14831500833156,-0.8,-1.6,-0.6,30.294838944309276,66,66,False
289a5511012dff4bcfd487e8,Primeira Liga,2023/2024,DEVELOPMENT,2024-05-11,15:30,MATCH_KICKOFF_TIME_TIMEZONE_NOT_STATED_BY_SOURCE,,NOT_VERIFIED_DO_NOT_INFER,Vizela,Estrela,4,0,H,EVALUATION_ONLY_JOIN_AFTER_PREMATCH_FEATURE_FREEZE,3.49,3.56,2.05,EXTERNAL_HISTORICAL_MARKET_BENCHMARK,NOT_AVAILABLE,NOT_GOLDBET,feda47704a80fdc30395ce4cddb61eda707c6aaf04054c0f18d4303885145570,1396.3895965681434,1452.291820146006,-55.90222357786274,-0.6000000000000001,-0.20000000000000007,0.19999999999999996,12.727602277306005,66,32,False
59e022878f4ff07869fee774,Primeira Liga,2023/2024,DEVELOPMENT,2024-05-11,18:00,MATCH_KICKOFF_TIME_TIMEZONE_NOT_STATED_BY_SOURCE,,NOT_VERIFIED_DO_NOT_INFER,Estoril,Sp Lisbon,0,1,A,EVALUATION_ONLY_JOIN_AFTER_PREMATCH_FEATURE_FREEZE,7.5,5.18,1.37,EXTERNAL_HISTORICAL_MARKET_BENCHMARK,NOT_AVAILABLE,NOT_GOLDBET,c77ced3b5783f2a12807828d45ecdc994aac7f43e4a2318a369837a117198be5,1441.2549562940765,1705.32385804624,-264.0689017521636,-1.6,-2.4000000000000004,-0.8,-21.8826553724532,66,66,False
298ef15d591f316aad2013e2,Primeira Liga,2023/2024,DEVELOPMENT,2024-05-11,20:30,MATCH_KICKOFF_TIME_TIMEZONE_NOT_STATED_BY_SOURCE,,NOT_VERIFIED_DO_NOT_INFER,Guimaraes,Sp Braga,2,3,A,EVALUATION_ONLY_JOIN_AFTER_PREMATCH_FEATURE_FREEZE,3.23,3.52,2.15,EXTERNAL_HISTORICAL_MARKET_BENCHMARK,NOT_AVAILABLE,NOT_GOLDBET,ccd652d5d509c0745bafc5e2c64d1834878f58b8ad339e8cf25360c9d17736f6,1573.1787027323478,1613.7126677595327,-40.53396502718488,-0.40000000000000013,0.0,0.0,41.316155165488,66,66,False
bcc65fad814e13f91a30740e,Primeira Liga,2023/2024,DEVELOPMENT,2024-05-12,15:30,MATCH_KICKOFF_TIME_TIMEZONE_NOT_STATED_BY_SOURCE,,NOT_VERIFIED_DO_NOT_INFER,Gil Vicente,Farense,2,0,H,EVALUATION_ONLY_JOIN_AFTER_PREMATCH_FEATURE_FREEZE,1.71,3.95,4.56,EXTERNAL_HISTORICAL_MARKET_BENCHMARK,NOT_AVAILABLE,NOT_GOLDBET,9f4db8c1b0715d2c62b4aee9d20e9c25f92b5e5f638d93d45aeb8290a897a185,1452.5288683973483,1476.3162697533933,-23.78740135604494,-1.0,-2.0,-0.20000000000000007,3.9396040421802354,66,32,False
31daf93dc644bb59c3d27532,Primeira Liga,2023/2024,DEVELOPMENT,2024-05-12,18:00,MATCH_KICKOFF_TIME_TIMEZONE_NOT_STATED_BY_SOURCE,,NOT_VERIFIED_DO_NOT_INFER,Benfica,Arouca,5,0,H,EVALUATION_ONLY_JOIN_AFTER_PREMATCH_FEATURE_FREEZE,1.26,6.59,9.44,EXTERNAL_HISTORICAL_MARKET_BENCHMARK,NOT_AVAILABLE,NOT_GOLDBET,53375534457c683cd7c60fdf76b4a1e74c841535b593ef0683ada9dfbd8b16a5,1669.8703185133977,1530.005923154738,139.86439535865975,0.0,0.0,1.4,61.61984630260986,66,66,False
1760c2542bf80160cf69706b,Primeira Liga,2023/2024,DEVELOPMENT,2024-05-12,18:00,MATCH_KICKOFF_TIME_TIMEZONE_NOT_STATED_BY_SOURCE,,NOT_VERIFIED_DO_NOT_INFER,Casa Pia,Moreirense,0,1,A,EVALUATION_ONLY_JOIN_AFTER_PREMATCH_FEATURE_FREEZE,2.68,3.09,2.78,EXTERNAL_HISTORICAL_MARKET_BENCHMARK,NOT_AVAILABLE,NOT_GOLDBET,24551ce8f6e8911e2221cce033c5c7838c1f6ec2d516356cc15199e593be6897,1454.6796861363857,1519.126380118385,-64.44669398199926,-0.3999999999999999,0.2,-0.19999999999999996,24.450327871510808,66,32,False
5f906e1bbdabad7d39d7d299,Primeira Liga,2023/2024,DEVELOPMENT,2024-05-12,20:30,MATCH_KICKOFF_TIME_TIMEZONE_NOT_STATED_BY_SOURCE,,NOT_VERIFIED_DO_NOT_INFER,Porto,Boavista,2,1,H,EVALUATION_ONLY_JOIN_AFTER_PREMATCH_FEATURE_FREEZE,1.13,8.78,17.89,EXTERNAL_HISTORICAL_MARKET_BENCHMARK,NOT_AVAILABLE,NOT_GOLDBET,451a2e23d38a56b237cf5937a8af4e97920c513124740f199e40240e53267c71,1625.0377314372413,1436.5333385472566,188.50439288998473,1.2000000000000002,1.4,1.4000000000000001,36.052832900761814,66,66,False
4d67da27b5304a7d1dc46f57,Primeira Liga,2023/2024,DEVELOPMENT,2024-05-17,18:45,MATCH_KICKOFF_TIME_TIMEZONE_NOT_STATED_BY_SOURCE,,NOT_VERIFIED_DO_NOT_INFER,Famalicao,Casa Pia,1,2,A,EVALUATION_ONLY_JOIN_AFTER_PREMATCH_FEATURE_FREEZE,1.57,4.28,5.43,EXTERNAL_HISTORICAL_MARKET_BENCHMARK,NOT_AVAILABLE,NOT_GOLDBET,ed70b5a3a3a3d400cf1ee144656fc54d893eb2162da52612c91bf8a6433ac535,1500.1281125265466,1444.8076652895581,55.32044723698846,0.5999999999999999,0.4,0.20000000000000018,12.40120227633929,67,67,False
c0cde9eaf9f4b62df0b006b1,Primeira Liga,2023/2024,DEVELOPMENT,2024-05-17,20:45,MATCH_KICKOFF_TIME_TIMEZONE_NOT_STATED_BY_SOURCE,,NOT_VERIFIED_DO_NOT_INFER,Rio Ave,Benfica,1,1,D,EVALUATION_ONLY_JOIN_AFTER_PREMATCH_FEATURE_FREEZE,7.02,5.2,1.39,EXTERNAL_HISTORICAL_MARKET_BENCHMARK,NOT_AVAILABLE,NOT_GOLDBET,bd56bfa7bfef1c0ad75dd8259e81043e172337f750c981326474a2a68487b72f,1490.2242307908693,1674.6782302517095,-184.45399946084012,-1.0,-1.8,0.6000000000000001,-43.24653043126182,67,67,False
9931e4a7a950373efd096370,Primeira Liga,2023/2024,DEVELOPMENT,2024-05-18,15:30,MATCH_KICKOFF_TIME_TIMEZONE_NOT_STATED_BY_SOURCE,,NOT_VERIFIED_DO_NOT_INFER,Arouca,Guimaraes,1,3,A,EVALUATION_ONLY_JOIN_AFTER_PREMATCH_FEATURE_FREEZE,3.03,3.57,2.25,EXTERNAL_HISTORICAL_MARKET_BENCHMARK,NOT_AVAILABLE,NOT_GOLDBET,f83b68404df7e363e41b903ee48fb761437620594b083e26ee848bd61e4bb207,1525.1980114164262,1562.6190107302148,-37.42099931378857,0.3999999999999999,0.0,0.19999999999999996,-38.55901650158194,67,67,False
69d35b62126b2f986aa5e6b4,Primeira Liga,2023/2024,DEVELOPMENT,2024-05-18,15:30,MATCH_KICKOFF_TIME_TIMEZONE_NOT_STATED_BY_SOURCE,,NOT_VERIFIED_DO_NOT_INFER,Boavista,Vizela,2,2,D,EVALUATION_ONLY_JOIN_AFTER_PREMATCH_FEATURE_FREEZE,1.97,3.32,4.12,EXTERNAL_HISTORICAL_MARKET_BENCHMARK,NOT_AVAILABLE,NOT_GOLDBET,6727503d52160ae3790724688305744fd2afea59bc04affcf5562a5882602cc4,1432.6729422924077,1406.2716585504468,26.401283741960924,-0.4,-0.8,1.0,34.29247254922575,67,67,False
24a85d95173a3acdadd3438a,Primeira Liga,2023/2024,DEVELOPMENT,2024-05-18,15:30,MATCH_KICKOFF_TIME_TIMEZONE_NOT_STATED_BY_SOURCE,,NOT_VERIFIED_DO_NOT_INFER,Estrela,Gil Vicente,1,0,H,EVALUATION_ONLY_JOIN_AFTER_PREMATCH_FEATURE_FREEZE,1.7,3.99,4.63,EXTERNAL_HISTORICAL_MARKET_BENCHMARK,NOT_AVAILABLE,NOT_GOLDBET,f7fd7edf3d075272158c7502a11a866d45cc2dd122ce5ddc31258b2bf5cf1eba,1442.4097581637027,1461.4903439826473,-19.080585818944655,-1.0,-1.2,0.0,-68.7494003291788,33,67,False
bebd137de742c2b390943911,Primeira Liga,2023/2024,DEVELOPMENT,2024-05-18,15:30,MATCH_KICKOFF_TIME_TIMEZONE_NOT_STATED_BY_SOURCE,,NOT_VERIFIED_DO_NOT_INFER,Farense,Portimonense,1,3,A,EVALUATION_ONLY_JOIN_AFTER_PREMATCH_FEATURE_FREEZE,2.85,4.1,2.18,EXTERNAL_HISTORICAL_MARKET_BENCHMARK,NOT_AVAILABLE,NOT_GOLDBET,64b1001da2397658a11a970f179678958f8d794dce052c4baba0d8aa0c6f6d26,1467.3547941680943,1412.1770667199116,55.17772744818262,0.7999999999999999,1.0,0.5999999999999999,-4.716511797036446,33,67,False
25035fe805c3b65d69afba97,Primeira Liga,2023/2024,DEVELOPMENT,2024-05-18,18:00,MATCH_KICKOFF_TIME_TIMEZONE_NOT_STATED_BY_SOURCE,,NOT_VERIFIED_DO_NOT_INFER,Moreirense,Estoril,2,1,H,EVALUATION_ONLY_JOIN_AFTER_PREMATCH_FEATURE_FREEZE,2.21,3.32,3.29,EXTERNAL_HISTORICAL_MARKET_BENCHMARK,NOT_AVAILABLE,NOT_GOLDBET,87fbc018fdb1e2b4f75b1e037c18395bb01c45a11e6961cac1f5a68bc4ca29da,1528.9984009652126,1436.5348807234002,92.46352024181238,1.0,0.4,1.0,-61.448309933640985,33,67,False
e3d72b24e1831cb732cdce9d,Primeira Liga,2023/2024,DEVELOPMENT,2024-05-18,18:00,MATCH_KICKOFF_TIME_TIMEZONE_NOT_STATED_BY_SOURCE,,NOT_VERIFIED_DO_NOT_INFER,Sp Lisbon,Chaves,3,0,H,EVALUATION_ONLY_JOIN_AFTER_PREMATCH_FEATURE_FREEZE,1.06,13.6,29.72,EXTERNAL_HISTORICAL_MARKET_BENCHMARK,NOT_AVAILABLE,NOT_GOLDBET,343db6a3616176346d762149956ad07ae1ad93cf6be1f7dbe50c8351877355bf,1710.0439336169163,1400.6625147344544,309.38141888246196,1.8,2.6,2.0,27.715317304458495,67,67,False
465e577d6279760000776ad6,Primeira Liga,2023/2024,DEVELOPMENT,2024-05-18,20:30,MATCH_KICKOFF_TIME_TIMEZONE_NOT_STATED_BY_SOURCE,,NOT_VERIFIED_DO_NOT_INFER,Sp Braga,Porto,0,1,A,EVALUATION_ONLY_JOIN_AFTER_PREMATCH_FEATURE_FREEZE,3.32,3.72,2.06,EXTERNAL_HISTORICAL_MARKET_BENCHMARK,NOT_AVAILABLE,NOT_GOLDBET,0935e3a8af68fa9d771c910528614aae21227e29a97d7887ad088d69429396ce,1624.2723597616657,1628.8981276920902,-4.625767930424445,0.19999999999999973,-0.6,0.3999999999999999,10.559178537971547,67,67,False
02357e4d6c7496fb299e39ad,Primeira Liga,2024/2025,DEVELOPMENT,2024-08-09,20:15,MATCH_KICKOFF_TIME_TIMEZONE_NOT_STATED_BY_SOURCE,,NOT_VERIFIED_DO_NOT_INFER,Sp Lisbon,Rio Ave,3,1,H,EVALUATION_ONLY_JOIN_AFTER_PREMATCH_FEATURE_FREEZE,1.12,9.36,20.11,EXTERNAL_HISTORICAL_MARKET_BENCHMARK,NOT_AVAILABLE,NOT_GOLDBET,2feaecc9183249a1a0ca401d37ccfc10d5fb6b2d53756b78a98b7ab60a718ae0,1606.0876054642272,1496.830285852767,109.25731961146016,1.2000000000000002,1.8,2.0,-29.49012993073393,68,68,False
ac2d3847157fcd5ba8373d5a,Primeira Liga,2024/2025,DEVELOPMENT,2024-08-10,15:30,MATCH_KICKOFF_TIME_TIMEZONE_NOT_STATED_BY_SOURCE,,NOT_VERIFIED_DO_NOT_INFER,AVS,Nacional,1,1,D,EVALUATION_ONLY_JOIN_AFTER_PREMATCH_FEATURE_FREEZE,2.05,3.36,3.7,EXTERNAL_HISTORICAL_MARKET_BENCHMARK,NOT_AVAILABLE,NOT_GOLDBET,ba117b41fb16c3edc2d234737c8e964cc334b2a7342b149669be9ba8ea170e9f,1500.0,1500.0,0.0,,,,,0,0,False
459f2ce7e8b2b70000ff3832,Primeira Liga,2024/2025,DEVELOPMENT,2024-08-10,18:00,MATCH_KICKOFF_TIME_TIMEZONE_NOT_STATED_BY_SOURCE,,NOT_VERIFIED_DO_NOT_INFER,Casa Pia,Boavista,0,1,A,EVALUATION_ONLY_JOIN_AFTER_PREMATCH_FEATURE_FREEZE,1.94,3.35,4.15,EXTERNAL_HISTORICAL_MARKET_BENCHMARK,NOT_AVAILABLE,NOT_GOLDBET,348fb640794b488a5a864583686ca77d824709afe1762923931ca4ac742dccca,1479.0050524654666,1465.1180703667533,13.88698209871336,0.6,0.4,0.8,28.37942299020574,68,68,False
0a36a62083d71b96eeb4d3bd,Primeira Liga,2024/2025,DEVELOPMENT,2024-08-10,20:30,MATCH_KICKOFF_TIME_TIMEZONE_NOT_STATED_BY_SOURCE,,NOT_VERIFIED_DO_NOT_INFER,Porto,Gil Vicente,3,0,H,EVALUATION_ONLY_JOIN_AFTER_PREMATCH_FEATURE_FREEZE,1.23,6.37,12.19,EXTERNAL_HISTORICAL_MARKET_BENCHMARK,NOT_AVAILABLE,NOT_GOLDBET,94d7546cecb2ffdea958d77c92fbb39ca8d40d1c458914b23c702d42307b604d,1570.2392833722733,1476.331341931546,93.90794144072743,1.0,0.7999999999999999,0.8,46.08641060504192,68,68,False
2d17b53ecc498e8c43a1f0fe,Primeira Liga,2024/2025,DEVELOPMENT,2024-08-11,15:30,MATCH_KICKOFF_TIME_TIMEZONE_NOT_STATED_BY_SOURCE,,NOT_VERIFIED_DO_NOT_INFER,Estoril,Santa Clara,1,4,A,EVALUATION_ONLY_JOIN_AFTER_PREMATCH_FEATURE_FREEZE,2.65,3.01,2.83,EXTERNAL_HISTORICAL_MARKET_BENCHMARK,NOT_AVAILABLE,NOT_GOLDBET,171c063affd7fd0a8081d8609f3d6e7f8f8fb8df17203649f609ada6a2f1c072,1465.3307916166627,1471.6940417434357,-6.363250126772982,-0.3999999999999999,0.7999999999999999,1.8,6.649285285759106,68,34,False
3a41ed742b4fa8ff949c9af4,Primeira Liga,2024/2025,DEVELOPMENT,2024-08-11,18:00,MATCH_KICKOFF_TIME_TIMEZONE_NOT_STATED_BY_SOURCE,,NOT_VERIFIED_DO_NOT_INFER,Famalicao,Benfica,2,0,H,EVALUATION_ONLY_JOIN_AFTER_PREMATCH_FEATURE_FREEZE,5.74,4.29,1.54,EXTERNAL_HISTORICAL_MARKET_BENCHMARK,NOT_AVAILABLE,NOT_GOLDBET,764c4ed5e69218bdfbdbad3544525e2dd6b70d7fe00a11d813f608910241b919,1493.4628364425857,1585.6209446685225,-92.15810822593676,-0.6000000000000001,-1.2,0.0,-35.49960650616936,68,68,False
337066504771879b3a86f495,Primeira Liga,2024/2025,DEVELOPMENT,2024-08-11,18:00,MATCH_KICKOFF_TIME_TIMEZONE_NOT_STATED_BY_SOURCE,,NOT_VERIFIED_DO_NOT_INFER,Farense,Moreirense,1,2,A,EVALUATION_ONLY_JOIN_AFTER_PREMATCH_FEATURE_FREEZE,2.75,3.19,2.64,EXTERNAL_HISTORICAL_MARKET_BENCHMARK,NOT_AVAILABLE,NOT_GOLDBET,157aad1c756b334dea74f0c1afe0b52364509681029bc0b80f51e5a282ad439b,1477.0780207681669,1517.4358492276435,-40.35782845947665,-1.2,-1.2000000000000002,0.19999999999999996,58.41076156726399,34,34,False
458d931af1f5ce89cf0caa67,Primeira Liga,2024/2025,DEVELOPMENT,2024-08-11,20:30,MATCH_KICKOFF_TIME_TIMEZONE_NOT_STATED_BY_SOURCE,,NOT_VERIFIED_DO_NOT_INFER,Sp Braga,Estrela,1,1,D,EVALUATION_ONLY_JOIN_AFTER_PREMATCH_FEATURE_FREEZE,1.44,4.59,6.81,EXTERNAL_HISTORICAL_MARKET_BENCHMARK,NOT_AVAILABLE,NOT_GOLDBET,909504874c8e037965e2af3ea144eca9ff3e5a1006db213ec97e9ce1f829f3c6,1556.3459603546048,1475.618709141629,80.72725121297572,0.8,1.2,1.0,90.14916368708737,68,34,False
2e71e7697b681151a56dca16,Primeira Liga,2024/2025,DEVELOPMENT,2024-08-12,20:15,MATCH_KICKOFF_TIME_TIMEZONE_NOT_STATED_BY_SOURCE,,NOT_VERIFIED_DO_NOT_INFER,Arouca,Guimaraes,0,1,A,EVALUATION_ONLY_JOIN_AFTER_PREMATCH_FEATURE_FREEZE,3.4,3.32,2.15,EXTERNAL_HISTORICAL_MARKET_BENCHMARK,NOT_AVAILABLE,NOT_GOLDBET,1f9723b33f2d35985eb80bd1b0cc99a54033345f709f26b716a58e20701576c6,1507.2745244429555,1536.6339866303651,-29.35946218740969,-0.6,-0.9999999999999999,-0.40000000000000013,-29.586554458785486,68,68,False
b554e9714b2a3db559e999fe,Primeira Liga,2024/2025,DEVELOPMENT,2024-08-16,17:00,MATCH_KICKOFF_TIME_TIMEZONE_NOT_STATED_BY_SOURCE,,NOT_VERIFIED_DO_NOT_INFER,Santa Clara,Porto,0,2,A,EVALUATION_ONLY_JOIN_AFTER_PREMATCH_FEATURE_FREEZE,4.75,3.81,1.72,EXTERNAL_HISTORICAL_MARKET_BENCHMARK,NOT_AVAILABLE,NOT_GOLDBET,cc2d479eb93699fc7f900883a60408138a07eb737a98d19c3f37e6c5166aabcb,1483.2256829899354,1576.0781462334069,-92.85246324347145,-0.8,-1.6,-1.0,-4.4183255337939045,35,69,False
be6f02b94b8c27abf1ec4418,Primeira Liga,2024/2025,DEVELOPMENT,2024-08-16,20:15,MATCH_KICKOFF_TIME_TIMEZONE_NOT_STATED_BY_SOURCE,,NOT_VERIFIED_DO_NOT_INFER,Gil Vicente,AVS,4,2,H,EVALUATION_ONLY_JOIN_AFTER_PREMATCH_FEATURE_FREEZE,2.26,3.27,3.27,EXTERNAL_HISTORICAL_MARKET_BENCHMARK,NOT_AVAILABLE,NOT_GOLDBET,872ee407bfcbe9ecafbde58211304d988684f0240d285f93f5be3b873b462715,1470.4924790704124,1498.2900264265638,-27.797547356151426,0.0,-0.4,,-7.700649659825331,69,1,False
cb22bc6f3d6826a078eaac54,Primeira Liga,2024/2025,DEVELOPMENT,2024-08-17,15:30,MATCH_KICKOFF_TIME_TIMEZONE_NOT_STATED_BY_SOURCE,,NOT_VERIFIED_DO_NOT_INFER,Rio Ave,Farense,1,0,H,EVALUATION_ONLY_JOIN_AFTER_PREMATCH_FEATURE_FREEZE,2.02,3.39,3.79,EXTERNAL_HISTORICAL_MARKET_BENCHMARK,NOT_AVAILABLE,NOT_GOLDBET,fee25ce16244d756da77c05dce7268685afb6eaf5a66c9287677173348241b08,1491.34989413925,1466.513275172758,24.83661896649187,0.0,0.0,1.0,77.36990613002831,69,35,False
6564a242774238ae3b50f05a,Primeira Liga,2024/2025,DEVELOPMENT,2024-08-17,18:00,MATCH_KICKOFF_TIME_TIMEZONE_NOT_STATED_BY_SOURCE,,NOT_VERIFIED_DO_NOT_INFER,Nacional,Sp Lisbon,1,6,A,EVALUATION_ONLY_JOIN_AFTER_PREMATCH_FEATURE_FREEZE,11.58,6.64,1.22,EXTERNAL_HISTORICAL_MARKET_BENCHMARK,NOT_AVAILABLE,NOT_GOLDBET,3fb1f0263dc2f9cf95fe0b9bd128b836f54581d2aa827b33cd529caf817be3b2,1501.7099735734362,1611.5679971777442,-109.85802360430807,-1.6,-1.8,,25.81253391997916,1,69,False
6c81c883c1f8bf4e9ac3d3dd,Primeira Liga,2024/2025,DEVELOPMENT,2024-08-17,20:30,MATCH_KICKOFF_TIME_TIMEZONE_NOT_STATED_BY_SOURCE,,NOT_VERIFIED_DO_NOT_INFER,Benfica,Casa Pia,3,0,H,EVALUATION_ONLY_JOIN_AFTER_PREMATCH_FEATURE_FREEZE,1.22,6.49,12.44,EXTERNAL_HISTORICAL_MARKET_BENCHMARK,NOT_AVAILABLE,NOT_GOLDBET,8d59fa9370d925a15e484630ff62683027341889f4302b5b8f9ab09ae9b36cb3,1574.6979940679169,1466.9099043384144,107.78808972950242,0.19999999999999996,0.6,1.6,17.797605706982495,69,69,False
39ce81667afe451adbf3d139,Primeira Liga,2024/2025,DEVELOPMENT,2024-08-18,15:30,MATCH_KICKOFF_TIME_TIMEZONE_NOT_STATED_BY_SOURCE,,NOT_VERIFIED_DO_NOT_INFER,Moreirense,Arouca,3,1,H,EVALUATION_ONLY_JOIN_AFTER_PREMATCH_FEATURE_FREEZE,2.04,3.19,4,EXTERNAL_HISTORICAL_MARKET_BENCHMARK,NOT_AVAILABLE,NOT_GOLDBET,3729e98588e4aa5e0bd4898a16b67eb9eaa4d95c7edf5f7cd3caa03ef6d71d9c,1528.0005948230523,1496.3948981442752,31.60569667877712,2.6,2.8,1.0,-94.89173621493728,35,69,False
a7ceee08b17b67c230d09ffc,Primeira Liga,2024/2025,DEVELOPMENT,2024-08-18,18:00,MATCH_KICKOFF_TIME_TIMEZONE_NOT_STATED_BY_SOURCE,,NOT_VERIFIED_DO_NOT_INFER,Guimaraes,Estoril,1,0,H,EVALUATION_ONLY_JOIN_AFTER_PREMATCH_FEATURE_FREEZE,1.52,4.05,6.55,EXTERNAL_HISTORICAL_MARKET_BENCHMARK,NOT_AVAILABLE,NOT_GOLDBET,6840a5a02e6605f89cc0f57d7730c5a82d115e49d2f78684c76c34cc91238512,1547.5136129290454,1453.799150370163,93.71446255888236,1.2000000000000002,1.4,1.6,-18.50371922424256,69,69,False
debb1948f0a8b4060c0fee5e,Primeira Liga,2024/2025,DEVELOPMENT,2024-08-18,20:30,MATCH_KICKOFF_TIME_TIMEZONE_NOT_STATED_BY_SOURCE,,NOT_VERIFIED_DO_NOT_INFER,Boavista,Sp Braga,0,1,A,EVALUATION_ONLY_JOIN_AFTER_PREMATCH_FEATURE_FREEZE,5.41,4.08,1.6,EXTERNAL_HISTORICAL_MARKET_BENCHMARK,NOT_AVAILABLE,NOT_GOLDBET,256b47e22856d8621659e3252f79af9a47dda7d721bb36d1183897cda1174b84,1477.2132184938055,1552.5033816898313,-75.29016319602579,-0.3999999999999999,0.0,-0.6000000000000001,-54.620814041439644,69,69,False
ce4ac3abcea8446a99b05511,Primeira Liga,2024/2025,DEVELOPMENT,2024-08-19,20:15,MATCH_KICKOFF_TIME_TIMEZONE_NOT_STATED_BY_SOURCE,,NOT_VERIFIED_DO_NOT_INFER,Estrela,Famalicao,0,3,A,EVALUATION_ONLY_JOIN_AFTER_PREMATCH_FEATURE_FREEZE,3.03,3.21,2.42,EXTERNAL_HISTORICAL_MARKET_BENCHMARK,NOT_AVAILABLE,NOT_GOLDBET,94683b61470582c8024bf960d707c58199bdee7d7d381eb3b150a9d4b1b5db72,1479.4612878064027,1504.3857870431914,-24.924499236788733,-0.8,-1.7999999999999998,0.0,-31.757669834075386,35,69,False
2e221a30831185f423614dc3,Primeira Liga,2024/2025,DEVELOPMENT,2024-08-23,20:15,MATCH_KICKOFF_TIME_TIMEZONE_NOT_STATED_BY_SOURCE,,NOT_VERIFIED_DO_NOT_INFER,Farense,Sp Lisbon,0,5,A,EVALUATION_ONLY_JOIN_AFTER_PREMATCH_FEATURE_FREEZE,13.56,7.58,1.18,EXTERNAL_HISTORICAL_MARKET_BENCHMARK,NOT_AVAILABLE,NOT_GOLDBET,6601be69805d87a33105adbc60017cf13b396f9f133dd4c348b829ed62a1930b,1458.9076699682535,1620.1427379955214,-161.23506802726797,-2.4,-3.8,-1.4000000000000001,13.609199403354523,36,70,False
aea0b9290c3585e0ae2e560a,Primeira Liga,2024/2025,DEVELOPMENT,2024-08-24,15:30,MATCH_KICKOFF_TIME_TIMEZONE_NOT_STATED_BY_SOURCE,,NOT_VERIFIED_DO_NOT_INFER,Casa Pia,Santa Clara,0,2,A,EVALUATION_ONLY_JOIN_AFTER_PREMATCH_FEATURE_FREEZE,3.02,2.89,2.64,EXTERNAL_HISTORICAL_MARKET_BENCHMARK,NOT_AVAILABLE,NOT_GOLDBET,a7bb7924e17dae93d6a036c232a64a3b5df5f4ed1512405ff993b5d36cf6cde1,1461.3957986313908,1474.168444812821,-12.772646181430218,-0.6,-0.4,0.20000000000000007,-17.971403052286405,70,36,False
7f033ff616a1547f174121eb,Primeira Liga,2024/2025,DEVELOPMENT,2024-08-24,18:00,MATCH_KICKOFF_TIME_TIMEZONE_NOT_STATED_BY_SOURCE,,NOT_VERIFIED_DO_NOT_INFER,Porto,Rio Ave,2,0,H,EVALUATION_ONLY_JOIN_AFTER_PREMATCH_FEATURE_FREEZE,1.23,6.24,12.1,EXTERNAL_HISTORICAL_MARKET_BENCHMARK,NOT_AVAILABLE,NOT_GOLDBET,a621d7a2bdcb437177a60c4a6ac67335c7e752b6c59702dfd71146a9253d7fb1,1585.1353844105213,1498.9554993437546,86.1798850667667,1.4,2.0,0.8,-61.36647792402937,70,70,False
e2d6756f3dd43cb5df92d06d,Primeira Liga,2024/2025,DEVELOPMENT,2024-08-24,20:30,MATCH_KICKOFF_TIME_TIMEZONE_NOT_STATED_BY_SOURCE,,NOT_VERIFIED_DO_NOT_INFER,Benfica,Estrela,1,0,H,EVALUATION_ONLY_JOIN_AFTER_PREMATCH_FEATURE_FREEZE,1.15,7.86,16.87,EXTERNAL_HISTORICAL_MARKET_BENCHMARK,NOT_AVAILABLE,NOT_GOLDBET,23b1c4092c0f89cace0bf08a3e3b375889b19f1242ebdefe94c64bc90a75602b,1580.2120997749405,1468.4551496061463,111.75695016879422,0.3999999999999999,2.0,2.2,0.9491597182893656,70,36,False
786184186c24896725e5ff6f,Primeira Liga,2024/2025,DEVELOPMENT,2024-08-24,20:30,MATCH_KICKOFF_TIME_TIMEZONE_NOT_STATED_BY_SOURCE,,NOT_VERIFIED_DO_NOT_INFER,Famalicao,Boavista,1,0,H,EVALUATION_ONLY_JOIN_AFTER_PREMATCH_FEATURE_FREEZE,1.59,3.77,6.06,EXTERNAL_HISTORICAL_MARKET_BENCHMARK,NOT_AVAILABLE,NOT_GOLDBET,d5874c14fbbf0a1759f0b6ab450178d18ab14a4cbdf58120254198ec8ade64f6,1515.3919252434478,1467.6530208730705,47.73890437037721,1.4,1.5999999999999999,0.7999999999999999,17.963323733077914,70,70,False
51ee6ca92953c0f7a1bdc949,Primeira Liga,2024/2025,DEVELOPMENT,2024-08-25,15:30,MATCH_KICKOFF_TIME_TIMEZONE_NOT_STATED_BY_SOURCE,,NOT_VERIFIED_DO_NOT_INFER,Arouca,Nacional,1,0,H,EVALUATION_ONLY_JOIN_AFTER_PREMATCH_FEATURE_FREEZE,1.86,3.68,4.09,EXTERNAL_HISTORICAL_MARKET_BENCHMARK,NOT_AVAILABLE,NOT_GOLDBET,073a1fc7c786e9173a36e6b19cdf8e5685524baa9373fe5b06539e3db0592008,1488.9720770104334,1493.135232755659,-4.163155745225595,-0.3,0.5,0.3999999999999999,-6.6933355187659345,70,2,False
eaf38f1e10ffbbf5bdb7377a,Primeira Liga,2024/2025,DEVELOPMENT,2024-08-25,18:00,MATCH_KICKOFF_TIME_TIMEZONE_NOT_STATED_BY_SOURCE,,NOT_VERIFIED_DO_NOT_INFER,Estoril,Gil Vicente,0,0,D,EVALUATION_ONLY_JOIN_AFTER_PREMATCH_FEATURE_FREEZE,2.98,3.12,2.51,EXTERNAL_HISTORICAL_MARKET_BENCHMARK,NOT_AVAILABLE,NOT_GOLDBET,7495fe56ee51a3fa77444a461786bd1a6a8c3c35015dcebb6fe6cfe364b26be1,1447.9556819083832,1479.5682630220788,-31.61258111369557,-1.4,-1.4,0.3999999999999999,59.394581123912985,70,70,False
ee838b34ba459726aad9e3ea,Primeira Liga,2024/2025,DEVELOPMENT,2024-08-25,20:30,MATCH_KICKOFF_TIME_TIMEZONE_NOT_STATED_BY_SOURCE,,NOT_VERIFIED_DO_NOT_INFER,AVS,Guimaraes,1,0,H,EVALUATION_ONLY_JOIN_AFTER_PREMATCH_FEATURE_FREEZE,5.09,3.68,1.7,EXTERNAL_HISTORICAL_MARKET_BENCHMARK,NOT_AVAILABLE,NOT_GOLDBET,e99183e9870480f09cb8f9691962b4df53b11f2a881c14e3679e33d8e4424ffc,1489.2142424748974,1553.3570813908252,-64.14283891592777,-1.3,-1.4,-0.8,-30.648111071328458,2,70,False
ca0367914f6004c4d5870752,Primeira Liga,2024/2025,DEVELOPMENT,2024-08-25,20:30,MATCH_KICKOFF_TIME_TIMEZONE_NOT_STATED_BY_SOURCE,,NOT_VERIFIED_DO_NOT_INFER,Sp Braga,Moreirense,3,1,H,EVALUATION_ONLY_JOIN_AFTER_PREMATCH_FEATURE_FREEZE,1.7,3.9,4.72,EXTERNAL_HISTORICAL_MARKET_BENCHMARK,NOT_AVAILABLE,NOT_GOLDBET,256829fadc6bdc80cd2e5a3007c6570111bd56ae405a2d92cf7ddda6d123f7ac,1562.0635793105662,1535.4234159568941,26.64016335367205,-1.0,-0.7999999999999999,-0.40000000000000013,69.53854820546962,70,36,False
b3d4f957d4673c4789cf00ec,Primeira Liga,2024/2025,DEVELOPMENT,2024-08-30,20:15,MATCH_KICKOFF_TIME_TIMEZONE_NOT_STATED_BY_SOURCE,,NOT_VERIFIED_DO_NOT_INFER,Moreirense,Benfica,1,1,D,EVALUATION_ONLY_JOIN_AFTER_PREMATCH_FEATURE_FREEZE,7.26,4.58,1.43,EXTERNAL_HISTORICAL_MARKET_BENCHMARK,NOT_AVAILABLE,NOT_GOLDBET,fcf500a3e928e633a88046f45a8bd61194bc0e9c0c11c5e56aabaf6a1df6a026,1527.8666836715463,1585.6354290033971,-57.76874533185082,0.3999999999999999,-0.7999999999999999,1.2,-4.461395849991732,37,71,False
cc0bff825efa2180212dda98,Primeira Liga,2024/2025,DEVELOPMENT,2024-08-31,15:30,MATCH_KICKOFF_TIME_TIMEZONE_NOT_STATED_BY_SOURCE,,NOT_VERIFIED_DO_NOT_INFER,Santa Clara,AVS,2,1,H,EVALUATION_ONLY_JOIN_AFTER_PREMATCH_FEATURE_FREEZE,1.68,3.5,5.7,EXTERNAL_HISTORICAL_MARKET_BENCHMARK,NOT_AVAILABLE,NOT_GOLDBET,13c3716590bb0146e4848f60ad1ab33c85395ee76edb0277cd377da484417d62,1485.5194465984323,1499.3334773130289,-13.814030714596583,0.4666666666666668,0.5333333333333333,1.4,12.235205277325122,37,3,False
d93a53fc935a05162c09116b,Primeira Liga,2024/2025,DEVELOPMENT,2024-08-31,18:00,MATCH_KICKOFF_TIME_TIMEZONE_NOT_STATED_BY_SOURCE,,NOT_VERIFIED_DO_NOT_INFER,Boavista,Estoril,0,0,D,EVALUATION_ONLY_JOIN_AFTER_PREMATCH_FEATURE_FREEZE,2.62,2.98,2.92,EXTERNAL_HISTORICAL_MARKET_BENCHMARK,NOT_AVAILABLE,NOT_GOLDBET,35cb24f917bc45d6c2b7fe941a93366997f1b0a800c443340dc5a3eb4e5ca81e,1460.6582787573968,1447.1404396380856,13.517839119311247,0.6000000000000001,0.7999999999999999,0.4,-30.977685463915805,71,71,False
d8dcfa6e3140f3f29a2432ad,Primeira Liga,2024/2025,DEVELOPMENT,2024-08-31,18:00,MATCH_KICKOFF_TIME_TIMEZONE_NOT_STATED_BY_SOURCE,,NOT_VERIFIED_DO_NOT_INFER,Estrela,Casa Pia,0,1,A,EVALUATION_ONLY_JOIN_AFTER_PREMATCH_FEATURE_FREEZE,2.45,3.2,2.97,EXTERNAL_HISTORICAL_MARKET_BENCHMARK,NOT_AVAILABLE,NOT_GOLDBET,e3398365423939a7d8a83d7498b0974be7fc1a068148c20d3fe23d11dcc2c10d,1463.0318203776897,1450.0447968457795,12.987023531910154,0.20000000000000007,-0.19999999999999996,-0.5999999999999999,-6.883042833778973,37,71,False
f5c49752c1cc08fee94aa142,Primeira Liga,2024/2025,DEVELOPMENT,2024-08-31,20:30,MATCH_KICKOFF_TIME_TIMEZONE_NOT_STATED_BY_SOURCE,,NOT_VERIFIED_DO_NOT_INFER,Sp Lisbon,Porto,2,0,H,EVALUATION_ONLY_JOIN_AFTER_PREMATCH_FEATURE_FREEZE,1.96,3.54,3.82,EXTERNAL_HISTORICAL_MARKET_BENCHMARK,NOT_AVAILABLE,NOT_GOLDBET,279b2ede3d2bae3d0793de2d579eb7eeabf3c96dd7ff8c7f825c000126ff3dd6,1627.3087121713822,1591.1598517746222,36.14886039676003,0.0,1.4000000000000001,0.6000000000000001,-43.99056443023437,71,71,False
2892bef5389d8e31f8b9db0e,Primeira Liga,2024/2025,DEVELOPMENT,2024-09-01,15:30,MATCH_KICKOFF_TIME_TIMEZONE_NOT_STATED_BY_SOURCE,,NOT_VERIFIED_DO_NOT_INFER,Nacional,Farense,2,0,H,EVALUATION_ONLY_JOIN_AFTER_PREMATCH_FEATURE_FREEZE,1.95,3.57,3.71,EXTERNAL_HISTORICAL_MARKET_BENCHMARK,NOT_AVAILABLE,NOT_GOLDBET,04e9ae3a178669d9ca109194629c2b242cacf4ca969358ee0f284f781f7a8272,1484.7286515364149,1451.7416957923926,32.986955744022225,0.3333333333333333,0.20000000000000018,-0.8,34.786474766791116,3,37,False
3ae2f8b6266b5f253cc7ce60,Primeira Liga,2024/2025,DEVELOPMENT,2024-09-01,18:00,MATCH_KICKOFF_TIME_TIMEZONE_NOT_STATED_BY_SOURCE,,NOT_VERIFIED_DO_NOT_INFER,Rio Ave,Arouca,1,0,H,EVALUATION_ONLY_JOIN_AFTER_PREMATCH_FEATURE_FREEZE,2.4,3.18,3.06,EXTERNAL_HISTORICAL_MARKET_BENCHMARK,NOT_AVAILABLE,NOT_GOLDBET,bd922e7b816e32fd2b1cf9408de771ecae8c4b00ad9da92b6701ba31e48b43b3,1492.9310319796537,1497.3786582296775,-4.447626250023859,0.4,1.2000000000000002,1.2000000000000002,-9.243631380449642,71,71,False
27552f7f2f0082bfca24854a,Primeira Liga,2024/2025,DEVELOPMENT,2024-09-01,20:30,MATCH_KICKOFF_TIME_TIMEZONE_NOT_STATED_BY_SOURCE,,NOT_VERIFIED_DO_NOT_INFER,Gil Vicente,Sp Braga,0,0,D,EVALUATION_ONLY_JOIN_AFTER_PREMATCH_FEATURE_FREEZE,4,3.65,1.88,EXTERNAL_HISTORICAL_MARKET_BENCHMARK,NOT_AVAILABLE,NOT_GOLDBET,731e7533b77d7ef9a491a212056ac57f2e2645bf65f26a58b82e0f0d90fc77aa,1480.3835052923764,1569.620311595914,-89.2368063035376,-0.6000000000000001,-0.6,-1.0,-51.024230878490016,71,71,False
df25a15a7db0be1ed8de368a,Primeira Liga,2024/2025,DEVELOPMENT,2024-09-01,20:30,MATCH_KICKOFF_TIME_TIMEZONE_NOT_STATED_BY_SOURCE,,NOT_VERIFIED_DO_NOT_INFER,Guimaraes,Famalicao,2,1,H,EVALUATION_ONLY_JOIN_AFTER_PREMATCH_FEATURE_FREEZE,2,3.23,4.08,EXTERNAL_HISTORICAL_MARKET_BENCHMARK,NOT_AVAILABLE,NOT_GOLDBET,39c2531b1afef28095b218ad196f9ed95918bc46259324ca271330d5108ce410,1543.2378465526938,1522.3866673591215,20.851179193572307,-0.5999999999999999,-0.7999999999999999,0.0,40.31738150326555,71,71,False
167e11d7d933ef74c2464d3e,Primeira Liga,2024/2025,DEVELOPMENT,2024-09-13,20:15,MATCH_KICKOFF_TIME_TIMEZONE_NOT_STATED_BY_SOURCE,,NOT_VERIFIED_DO_NOT_INFER,Arouca,Sp Lisbon,0,3,A,EVALUATION_ONLY_JOIN_AFTER_PREMATCH_FEATURE_FREEZE,12.54,6.53,1.22,EXTERNAL_HISTORICAL_MARKET_BENCHMARK,NOT_AVAILABLE,NOT_GOLDBET,e4ffbddd3f87e2dbc2d300785b987c550a894df99783a46e004d3107f6f2f9f1,1488.9640961365328,1634.6098725395834,-145.6457764030506,-2.4,-4.4,-1.2000000000000002,32.809912203082376,72,72,False
3661c59ba31e9f6c1b85b7d8,Primeira Liga,2024/2025,DEVELOPMENT,2024-09-14,15:30,MATCH_KICKOFF_TIME_TIMEZONE_NOT_STATED_BY_SOURCE,,NOT_VERIFIED_DO_NOT_INFER,Casa Pia,Moreirense,3,1,H,EVALUATION_ONLY_JOIN_AFTER_PREMATCH_FEATURE_FREEZE,2.95,2.96,2.64,EXTERNAL_HISTORICAL_MARKET_BENCHMARK,NOT_AVAILABLE,NOT_GOLDBET,94488bb41bd9d6afb517909a94d275dd9c772d53ec2d12ee1954030e37da1f89,1462.115165735789,1527.8024638826955,-65.68729814690641,-0.8,-1.2000000000000002,-1.2000000000000002,-16.112473159615547,72,38,False
2130523d9a871af429312049,Primeira Liga,2024/2025,DEVELOPMENT,2024-09-14,18:00,MATCH_KICKOFF_TIME_TIMEZONE_NOT_STATED_BY_SOURCE,,NOT_VERIFIED_DO_NOT_INFER,AVS,Rio Ave,1,0,H,EVALUATION_ONLY_JOIN_AFTER_PREMATCH_FEATURE_FREEZE,2.72,3.04,2.78,EXTERNAL_HISTORICAL_MARKET_BENCHMARK,NOT_AVAILABLE,NOT_GOLDBET,06c1895a62f2ddd554708a7461475cf57f0819ab72a3f7660bba1b893100f367,1490.6550408870255,1501.3455940727983,-10.690553185772842,-0.3999999999999999,-0.09999999999999998,1.4,-63.616378940861296,4,72,False
15fb1574068cf2c596ab48a6,Primeira Liga,2024/2025,DEVELOPMENT,2024-09-14,20:30,MATCH_KICKOFF_TIME_TIMEZONE_NOT_STATED_BY_SOURCE,,NOT_VERIFIED_DO_NOT_INFER,Benfica,Santa Clara,4,1,H,EVALUATION_ONLY_JOIN_AFTER_PREMATCH_FEATURE_FREEZE,1.26,5.88,11.16,EXTERNAL_HISTORICAL_MARKET_BENCHMARK,NOT_AVAILABLE,NOT_GOLDBET,facb84b5d5c501381ec86036a6d32a181171d2850290721def09e606fa561b13,1585.699648792248,1494.1978830244357,91.50176576781223,-0.19999999999999996,0.2,1.8,-42.23649583807514,72,38,False
49d5aa4bed8c688e37a3e3f5,Primeira Liga,2024/2025,DEVELOPMENT,2024-09-14,20:30,MATCH_KICKOFF_TIME_TIMEZONE_NOT_STATED_BY_SOURCE,,NOT_VERIFIED_DO_NOT_INFER,Famalicao,Gil Vicente,1,1,D,EVALUATION_ONLY_JOIN_AFTER_PREMATCH_FEATURE_FREEZE,1.93,3.34,4.21,EXTERNAL_HISTORICAL_MARKET_BENCHMARK,NOT_AVAILABLE,NOT_GOLDBET,caa3762005efd0c0048f2f9b9ce5328495219c0e44788caddca3d7d06deec222,1514.672635405735,1481.2230275283791,33.4496078773559,0.8,1.2000000000000002,1.0,-1.5468592553179406,72,72,False
83a21ec92c22c03e656bb019,Primeira Liga,2024/2025,DEVELOPMENT,2024-09-15,15:30,MATCH_KICKOFF_TIME_TIMEZONE_NOT_STATED_BY_SOURCE,,NOT_VERIFIED_DO_NOT_INFER,Porto,Farense,2,1,H,EVALUATION_ONLY_JOIN_AFTER_PREMATCH_FEATURE_FREEZE,1.11,9.14,22.04,EXTERNAL_HISTORICAL_MARKET_BENCHMARK,NOT_AVAILABLE,NOT_GOLDBET,7a8520478020108385d665d6f4b2199cfecac9920223aff054c31a9470c847d0,1583.858691406421,1444.3559517833723,139.50273962304868,2.4,3.4000000000000004,1.4000000000000001,36.85187931590849,72,38,False
8081e7a767ff40d69ec48236,Primeira Liga,2024/2025,DEVELOPMENT,2024-09-15,18:00,MATCH_KICKOFF_TIME_TIMEZONE_NOT_STATED_BY_SOURCE,,NOT_VERIFIED_DO_NOT_INFER,Estoril,Nacional,1,0,H,EVALUATION_ONLY_JOIN_AFTER_PREMATCH_FEATURE_FREEZE,2.54,3.15,2.89,EXTERNAL_HISTORICAL_MARKET_BENCHMARK,NOT_AVAILABLE,NOT_GOLDBET,01ea7bdc279f54c5bc897bd683824f2910c6fd156e230868cef4356c65484379,1449.2254271087197,1492.1143955454352,-42.88896843671546,-0.6,0.0,0.30000000000000004,-15.383923011708475,72,4,False
19600524f80d9db8530a98aa,Primeira Liga,2024/2025,DEVELOPMENT,2024-09-15,20:30,MATCH_KICKOFF_TIME_TIMEZONE_NOT_STATED_BY_SOURCE,,NOT_VERIFIED_DO_NOT_INFER,Sp Braga,Guimaraes,0,2,A,EVALUATION_ONLY_JOIN_AFTER_PREMATCH_FEATURE_FREEZE,2.09,3.4,3.53,EXTERNAL_HISTORICAL_MARKET_BENCHMARK,NOT_AVAILABLE,NOT_GOLDBET,e2e4fabf60d77c190b639c62f9a9672752465ab2cc9a7e990f5cf5de79a3f558,1568.7807893599113,1550.9518785060802,17.828910853831076,-0.7999999999999998,-0.4,0.8,19.932876102646333,72,72,False
f2e4d43c1a7f169ae3d0c876,Primeira Liga,2024/2025,DEVELOPMENT,2024-09-16,20:15,MATCH_KICKOFF_TIME_TIMEZONE_NOT_STATED_BY_SOURCE,,NOT_VERIFIED_DO_NOT_INFER,Estrela,Boavista,2,2,D,EVALUATION_ONLY_JOIN_AFTER_PREMATCH_FEATURE_FREEZE,2.02,3.22,3.98,EXTERNAL_HISTORICAL_MARKET_BENCHMARK,NOT_AVAILABLE,NOT_GOLDBET,0f73b70ad5e1604c4469106b259052f06e162b146d1add296bd198aefd3280a6,1450.96145148768,1458.5732912867627,-7.611839799082645,-0.19999999999999996,-0.6000000000000001,0.20000000000000007,30.433306082777108,38,72,False
06ad3f6b6cffd9bb2e290858,Primeira Liga,2024/2025,DEVELOPMENT,2024-09-20,20:15,MATCH_KICKOFF_TIME_TIMEZONE_NOT_STATED_BY_SOURCE,,NOT_VERIFIED_DO_NOT_INFER,Nacional,Sp Braga,0,3,A,EVALUATION_ONLY_JOIN_AFTER_PREMATCH_FEATURE_FREEZE,4.48,3.87,1.75,EXTERNAL_HISTORICAL_MARKET_BENCHMARK,NOT_AVAILABLE,NOT_GOLDBET,71c16053eeb83750f3e343394ed302ab2efae0495cba856a9134e2afe604b2c5,1482.6064928243484,1556.5774256833101,-73.97093285896176,-0.8,-1.2,-0.5,-3.616706060299066,5,73,False
a3c8167bf8b9373610bfb44a,Primeira Liga,2024/2025,DEVELOPMENT,2024-09-21,15:30,MATCH_KICKOFF_TIME_TIMEZONE_NOT_STATED_BY_SOURCE,,NOT_VERIFIED_DO_NOT_INFER,Rio Ave,Estoril,2,2,D,EVALUATION_ONLY_JOIN_AFTER_PREMATCH_FEATURE_FREEZE,1.93,3.35,4.21,EXTERNAL_HISTORICAL_MARKET_BENCHMARK,NOT_AVAILABLE,NOT_GOLDBET,060e498d672f236c3dc65bc31b08e64743958fb3ecec84bc12beeb487f6e17a1,1492.7553812151348,1458.7333298298065,34.02205138532827,0.19999999999999996,0.0,1.8000000000000003,38.84427443336358,73,73,False
180bdd2b03f0591bf26743bb,Primeira Liga,2024/2025,DEVELOPMENT,2024-09-21,15:30,MATCH_KICKOFF_TIME_TIMEZONE_NOT_STATED_BY_SOURCE,,NOT_VERIFIED_DO_NOT_INFER,Santa Clara,Estrela,1,0,H,EVALUATION_ONLY_JOIN_AFTER_PREMATCH_FEATURE_FREEZE,1.73,3.55,5.12,EXTERNAL_HISTORICAL_MARKET_BENCHMARK,NOT_AVAILABLE,NOT_GOLDBET,47ccff23ab9746c25a008188c92f4f4e994da907b4293dd0d0e7b097dfac1716,1488.3015918800475,1449.4649236550345,38.836668225013,1.4,1.2,1.4,7.65518545629152,39,39,False
c46cf8397828bf111ebf1b15,Primeira Liga,2024/2025,DEVELOPMENT,2024-09-21,18:00,MATCH_KICKOFF_TIME_TIMEZONE_NOT_STATED_BY_SOURCE,,NOT_VERIFIED_DO_NOT_INFER,Guimaraes,Porto,0,3,A,EVALUATION_ONLY_JOIN_AFTER_PREMATCH_FEATURE_FREEZE,4.19,3.32,1.94,EXTERNAL_HISTORICAL_MARKET_BENCHMARK,NOT_AVAILABLE,NOT_GOLDBET,0f7da8ce76666586dd0c6ba7c40df11506f8c679e6d0de1789ddc895f19166e0,1563.1552421826814,1588.6742104290006,-25.51896824631922,0.0,-0.3999999999999999,-0.3999999999999999,2.255637157411684,73,73,False
b833444fd9a8b3bb74556baa,Primeira Liga,2024/2025,DEVELOPMENT,2024-09-21,20:30,MATCH_KICKOFF_TIME_TIMEZONE_NOT_STATED_BY_SOURCE,,NOT_VERIFIED_DO_NOT_INFER,Moreirense,Famalicao,0,0,D,EVALUATION_ONLY_JOIN_AFTER_PREMATCH_FEATURE_FREEZE,2.9,2.91,2.73,EXTERNAL_HISTORICAL_MARKET_BENCHMARK,NOT_AVAILABLE,NOT_GOLDBET,be70ab135da11adda7ef2ffbf3f3130b188671932b45f9c565889b4815c47e1e,1517.6387849028636,1512.0459776141313,5.592807288732274,-0.6000000000000001,-1.2,0.6000000000000001,5.218193106625222,39,73,False
00d7383ae999a70805921a33,Primeira Liga,2024/2025,DEVELOPMENT,2024-09-22,15:30,MATCH_KICKOFF_TIME_TIMEZONE_NOT_STATED_BY_SOURCE,,NOT_VERIFIED_DO_NOT_INFER,Gil Vicente,Casa Pia,1,1,D,EVALUATION_ONLY_JOIN_AFTER_PREMATCH_FEATURE_FREEZE,2.12,3.15,3.78,EXTERNAL_HISTORICAL_MARKET_BENCHMARK,NOT_AVAILABLE,NOT_GOLDBET,b8f6fde3393f0141729c894441f5364f2aae44e651151210ab5ba04ea0cf16e8,1483.8496853199829,1472.278844715621,11.57084060436182,0.0,0.39999999999999997,0.20000000000000018,19.1918290401984,73,73,False
6d477ae748b1605e19ae1839,Primeira Liga,2024/2025,DEVELOPMENT,2024-09-22,18:00,MATCH_KICKOFF_TIME_TIMEZONE_NOT_STATED_BY_SOURCE,,NOT_VERIFIED_DO_NOT_INFER,Farense,Arouca,0,1,A,EVALUATION_ONLY_JOIN_AFTER_PREMATCH_FEATURE_FREEZE,2.79,3.37,2.49,EXTERNAL_HISTORICAL_MARKET_BENCHMARK,NOT_AVAILABLE,NOT_GOLDBET,b19302265a5eeaa6e64bc3b228ac869f8fa21c9100499d1d1b0c8ea084c25b8d,1439.5404327607928,1481.3804328677065,-41.84000010691375,-0.6,-0.8,0.19999999999999996,2.4410211153876844,39,73,False
3b7b0825daf458fa75a7eac0,Primeira Liga,2024/2025,DEVELOPMENT,2024-09-22,20:30,MATCH_KICKOFF_TIME_TIMEZONE_NOT_STATED_BY_SOURCE,,NOT_VERIFIED_DO_NOT_INFER,Sp Lisbon,AVS,3,0,H,EVALUATION_ONLY_JOIN_AFTER_PREMATCH_FEATURE_FREEZE,1.1,10.32,20.39,EXTERNAL_HISTORICAL_MARKET_BENCHMARK,NOT_AVAILABLE,NOT_GOLDBET,c9c778fddc84908cee8476c345055e8ec7defcbd8572142291642459f2f88051,1642.1935358084097,1499.245253744689,142.94828206372063,1.6,3.6,3.0,5.371455234628456,73,5,False
5a5c9225469e48993d5281d3,Primeira Liga,2024/2025,DEVELOPMENT,2024-09-23,20:15,MATCH_KICKOFF_TIME_TIMEZONE_NOT_STATED_BY_SOURCE,,NOT_VERIFIED_DO_NOT_INFER,Boavista,Benfica,0,3,A,EVALUATION_ONLY_JOIN_AFTER_PREMATCH_FEATURE_FREEZE,13.91,7.23,1.18,EXTERNAL_HISTORICAL_MARKET_BENCHMARK,NOT_AVAILABLE,NOT_GOLDBET,fa9ce5551857620fddfb358f71488061fb9316ea3cb3797644fc0c87ab1bfe5a,1460.0698191194083,1591.5959399366361,-131.52612081722782,-1.0,-1.2,-0.19999999999999996,-1.1780413117235184,73,73,False
7927de473771acebfd673924,Primeira Liga,2024/2025,DEVELOPMENT,2024-09-27,20:15,MATCH_KICKOFF_TIME_TIMEZONE_NOT_STATED_BY_SOURCE,,NOT_VERIFIED_DO_NOT_INFER,Estoril,Sp Lisbon,0,3,A,EVALUATION_ONLY_JOIN_AFTER_PREMATCH_FEATURE_FREEZE,16.86,8.3,1.14,EXTERNAL_HISTORICAL_MARKET_BENCHMARK,NOT_AVAILABLE,NOT_GOLDBET,c17b5dd5107261ab52dc5eda5e4b6c42f54da8d45c0396221f7e8d64f61c53e0,1461.3753204695151,1646.9369133592763,-185.5615928897612,-1.8,-3.6,-1.2000000000000002,-13.475382745688648,74,74,False
63ac061e9c1d5049e5bbbe16,Primeira Liga,2024/2025,DEVELOPMENT,2024-09-28,15:30,MATCH_KICKOFF_TIME_TIMEZONE_NOT_STATED_BY_SOURCE,,NOT_VERIFIED_DO_NOT_INFER,Estrela,Moreirense,2,1,H,EVALUATION_ONLY_JOIN_AFTER_PREMATCH_FEATURE_FREEZE,3.13,3.07,2.44,EXTERNAL_HISTORICAL_MARKET_BENCHMARK,NOT_AVAILABLE,NOT_GOLDBET,5d3ac3f496cc4a0539bbdcd99cb94b645d950041930b9ff7677e1debab863399,1442.2353389526963,1515.772986673052,-73.53764772035561,-0.8,-0.7999999999999999,-1.0,-27.347496595487428,40,40,False
2aedf3ff8f5d56deae11a160,Primeira Liga,2024/2025,DEVELOPMENT,2024-09-28,18:00,MATCH_KICKOFF_TIME_TIMEZONE_NOT_STATED_BY_SOURCE,,NOT_VERIFIED_DO_NOT_INFER,Casa Pia,Guimaraes,1,1,D,EVALUATION_ONLY_JOIN_AFTER_PREMATCH_FEATURE_FREEZE,4.12,3.21,1.98,EXTERNAL_HISTORICAL_MARKET_BENCHMARK,NOT_AVAILABLE,NOT_GOLDBET,b05a653130d58c84cf974bba94883213c6589034dd70304a318d157dcdb47c0e,1474.3101670406793,1552.1660438667298,-77.85587682605046,-0.40000000000000013,-0.4,-0.6000000000000001,-19.860930306397677,74,74,False
3bc039ff21ebf2170d5a7ef5,Primeira Liga,2024/2025,DEVELOPMENT,2024-09-28,20:30,MATCH_KICKOFF_TIME_TIMEZONE_NOT_STATED_BY_SOURCE,,NOT_VERIFIED_DO_NOT_INFER,Benfica,Gil Vicente,5,1,H,EVALUATION_ONLY_JOIN_AFTER_PREMATCH_FEATURE_FREEZE,1.16,7.8,15.73,EXTERNAL_HISTORICAL_MARKET_BENCHMARK,NOT_AVAILABLE,NOT_GOLDBET,129a585b2f99b58331b708a5fe86e3873f1a6e11d7c168efd94a9e1696dfabec,1599.5658516719438,1481.8183629949247,117.74748867701919,1.2000000000000002,1.6,2.4,-17.063612058453145,74,74,False
6fb4ba6b5e7f86e4b1b8e090,Primeira Liga,2024/2025,DEVELOPMENT,2024-09-29,15:30,MATCH_KICKOFF_TIME_TIMEZONE_NOT_STATED_BY_SOURCE,,NOT_VERIFIED_DO_NOT_INFER,Famalicao,Nacional,0,0,D,EVALUATION_ONLY_JOIN_AFTER_PREMATCH_FEATURE_FREEZE,1.72,3.63,5.01,EXTERNAL_HISTORICAL_MARKET_BENCHMARK,NOT_AVAILABLE,NOT_GOLDBET,f3520ab3822b5ab887b95a2379a202847117e2b2c8f091aea98795e0c82a61a0,1513.911775843943,1473.008391999637,40.903383844305836,1.0,2.2,1.6666666666666667,-13.774131021838002,74,6,False
59f25000c540b4477821c987,Primeira Liga,2024/2025,DEVELOPMENT,2024-09-29,18:00,MATCH_KICKOFF_TIME_TIMEZONE_NOT_STATED_BY_SOURCE,,NOT_VERIFIED_DO_NOT_INFER,Porto,Arouca,4,0,H,EVALUATION_ONLY_JOIN_AFTER_PREMATCH_FEATURE_FREEZE,1.2,6.64,13.26,EXTERNAL_HISTORICAL_MARKET_BENCHMARK,NOT_AVAILABLE,NOT_GOLDBET,ff209fee2dc648e44d7b78017d30e80c5e67a722a0d83696b45c462eb4a88f10,1599.6634087449522,1491.9026442042568,107.76076454069539,1.2,2.0,1.8,5.756784722477278,74,74,False
0079a6c35915724e00c47579,Primeira Liga,2024/2025,DEVELOPMENT,2024-09-29,20:30,MATCH_KICKOFF_TIME_TIMEZONE_NOT_STATED_BY_SOURCE,,NOT_VERIFIED_DO_NOT_INFER,Santa Clara,Boavista,1,0,H,EVALUATION_ONLY_JOIN_AFTER_PREMATCH_FEATURE_FREEZE,1.52,4.05,6.62,EXTERNAL_HISTORICAL_MARKET_BENCHMARK,NOT_AVAILABLE,NOT_GOLDBET,dddca36601a8bec8c25b2d9128d61ead91d47a8d418b15275bb545c828b07d0b,1495.5311765823856,1452.0999073841006,43.43126919828501,1.4,0.8,1.5999999999999999,2.87577132588558,40,74,False
8fb2835b63dd640d62de8a3d,Primeira Liga,2024/2025,DEVELOPMENT,2024-09-29,20:30,MATCH_KICKOFF_TIME_TIMEZONE_NOT_STATED_BY_SOURCE,,NOT_VERIFIED_DO_NOT_INFER,Sp Braga,Rio Ave,4,0,H,EVALUATION_ONLY_JOIN_AFTER_PREMATCH_FEATURE_FREEZE,1.55,4.16,5.81,EXTERNAL_HISTORICAL_MARKET_BENCHMARK,NOT_AVAILABLE,NOT_GOLDBET,b2f6e225eda2c730311443851894bb835d5bbcd6aa163c6b2698db82fdb597c7,1566.1755265080214,1490.1133905754261,76.06213593259531,0.6000000000000001,1.0,0.9999999999999999,5.632564508743371,74,74,False
faa35fd73c9cd5ed7742362c,Primeira Liga,2024/2025,DEVELOPMENT,2024-09-30,20:15,MATCH_KICKOFF_TIME_TIMEZONE_NOT_STATED_BY_SOURCE,,NOT_VERIFIED_DO_NOT_INFER,AVS,Farense,0,0,D,EVALUATION_ONLY_JOIN_AFTER_PREMATCH_FEATURE_FREEZE,2.08,3.39,3.64,EXTERNAL_HISTORICAL_MARKET_BENCHMARK,NOT_AVAILABLE,NOT_GOLDBET,f63f940b39e7441b21671df63b6ad7c5b671418374e09026477eab86b8a57689,1494.5018761938225,1429.0182214242427,65.48365476957974,1.2,1.2,1.7333333333333334,-1.7104542008871704,6,40,False
f65aa8c0ed85c00dd570819e,Primeira Liga,2024/2025,DEVELOPMENT,2024-10-04,20:15,MATCH_KICKOFF_TIME_TIMEZONE_NOT_STATED_BY_SOURCE,,NOT_VERIFIED_DO_NOT_INFER,Rio Ave,Famalicao,1,1,D,EVALUATION_ONLY_JOIN_AFTER_PREMATCH_FEATURE_FREEZE,2.91,2.96,2.68,EXTERNAL_HISTORICAL_MARKET_BENCHMARK,NOT_AVAILABLE,NOT_GOLDBET,468e528959d22f2311521500b250c1b6e1e6ac2173091a47cbe49874ff52e5a0,1483.8409357545302,1511.0865322738364,-27.24559651930622,-0.3999999999999999,-1.2,0.8000000000000003,23.063373601681633,75,75,False
18f2ec79458b6dd0852f503b,Primeira Liga,2024/2025,DEVELOPMENT,2024-10-05,15:30,MATCH_KICKOFF_TIME_TIMEZONE_NOT_STATED_BY_SOURCE,,NOT_VERIFIED_DO_NOT_INFER,Gil Vicente,Estrela,3,0,H,EVALUATION_ONLY_JOIN_AFTER_PREMATCH_FEATURE_FREEZE,1.92,3.41,4.17,EXTERNAL_HISTORICAL_MARKET_BENCHMARK,NOT_AVAILABLE,NOT_GOLDBET,bc6e999a448c5916cb794e467928c750c2ea3fd1cabb24dada3d374c7948fdca,1476.5302595615715,1452.624786705046,23.90547285652542,0.0,-0.4,1.4,22.23771176740297,75,41,False
07d5fb11dbc0bbbf1d714cd6,Primeira Liga,2024/2025,DEVELOPMENT,2024-10-05,15:30,MATCH_KICKOFF_TIME_TIMEZONE_NOT_STATED_BY_SOURCE,,NOT_VERIFIED_DO_NOT_INFER,Moreirense,Santa Clara,1,0,H,EVALUATION_ONLY_JOIN_AFTER_PREMATCH_FEATURE_FREEZE,2.69,2.82,2.99,EXTERNAL_HISTORICAL_MARKET_BENCHMARK,NOT_AVAILABLE,NOT_GOLDBET,cc1be3df6cc4e2a2565bade84f8e6ee8c64979699119ba7f3352cd62410e42fc,1505.3835389207022,1502.6391207170664,2.7444182036358598,-2.0,-1.4,1.0000000000000002,23.22034696815558,41,41,False
b45e52b3671f8a8ec8a0ae85,Primeira Liga,2024/2025,DEVELOPMENT,2024-10-05,18:00,MATCH_KICKOFF_TIME_TIMEZONE_NOT_STATED_BY_SOURCE,,NOT_VERIFIED_DO_NOT_INFER,Arouca,AVS,1,1,D,EVALUATION_ONLY_JOIN_AFTER_PREMATCH_FEATURE_FREEZE,2.14,3.21,3.64,EXTERNAL_HISTORICAL_MARKET_BENCHMARK,NOT_AVAILABLE,NOT_GOLDBET,e63c2c8d4d4fe2e902fcca73de6aad551b5b910d2929677bb764d095d302a35d,1486.3879102586661,1491.0394256159952,-4.651515357329117,-0.19999999999999996,-0.7999999999999999,0.8,9.689219897186604,75,7,False
bc2dd0fb63dbfc86e11cf628,Primeira Liga,2024/2025,DEVELOPMENT,2024-10-05,20:30,MATCH_KICKOFF_TIME_TIMEZONE_NOT_STATED_BY_SOURCE,,NOT_VERIFIED_DO_NOT_INFER,Sp Lisbon,Casa Pia,2,0,H,EVALUATION_ONLY_JOIN_AFTER_PREMATCH_FEATURE_FREEZE,1.12,9.32,19.53,EXTERNAL_HISTORICAL_MARKET_BENCHMARK,NOT_AVAILABLE,NOT_GOLDBET,2992d92e5d1e37ca7506e7328e63db315951811ed363e44962ceabe9d3f81e0c,1653.4724886275894,1474.8236484857364,178.64884014185304,1.4,3.0,1.6,-0.27325323326112994,75,75,False
c68e187dbeea25e2f34f6e24,Primeira Liga,2024/2025,DEVELOPMENT,2024-10-06,15:30,MATCH_KICKOFF_TIME_TIMEZONE_NOT_STATED_BY_SOURCE,,NOT_VERIFIED_DO_NOT_INFER,Farense,Estoril,1,0,H,EVALUATION_ONLY_JOIN_AFTER_PREMATCH_FEATURE_FREEZE,2.11,3.29,3.63,EXTERNAL_HISTORICAL_MARKET_BENCHMARK,NOT_AVAILABLE,NOT_GOLDBET,87ad9ea27cfba0109a35a3c28e3c7baceff706b171b1ebcd9714062165b5b604,1432.48067200207,1454.839745201202,-22.359073199132126,-1.0,-1.4,0.19999999999999996,18.51583162011275,41,75,False
9b7c80db469f30787c79fe55,Primeira Liga,2024/2025,DEVELOPMENT,2024-10-06,15:30,MATCH_KICKOFF_TIME_TIMEZONE_NOT_STATED_BY_SOURCE,,NOT_VERIFIED_DO_NOT_INFER,Guimaraes,Boavista,2,2,D,EVALUATION_ONLY_JOIN_AFTER_PREMATCH_FEATURE_FREEZE,1.38,4.57,9.24,EXTERNAL_HISTORICAL_MARKET_BENCHMARK,NOT_AVAILABLE,NOT_GOLDBET,3faec6bf353c1693961ec51d2f74dc518f7db6fb051ce729714a93484e299ac5,1551.6525624216727,1444.9919632494198,106.66059917225289,0.9999999999999999,0.8,1.0,28.549028755075142,75,75,False
45a439dc5ac8f57b2a4fa748,Primeira Liga,2024/2025,DEVELOPMENT,2024-10-06,20:30,MATCH_KICKOFF_TIME_TIMEZONE_NOT_STATED_BY_SOURCE,,NOT_VERIFIED_DO_NOT_INFER,Porto,Sp Braga,2,1,H,EVALUATION_ONLY_JOIN_AFTER_PREMATCH_FEATURE_FREEZE,1.44,4.69,6.84,EXTERNAL_HISTORICAL_MARKET_BENCHMARK,NOT_AVAILABLE,NOT_GOLDBET,ca5900dc18916ebf1153b5812a49908db4f70d185e0ac3a8c993795dfd8d8366,1605.178142690543,1572.4479813289174,32.730161361625505,0.3999999999999999,0.20000000000000018,1.0,17.239873306064283,75,75,False
e1c5c126ebe257b2e836a731,Primeira Liga,2024/2025,DEVELOPMENT,2024-10-25,18:45,MATCH_KICKOFF_TIME_TIMEZONE_NOT_STATED_BY_SOURCE,,NOT_VERIFIED_DO_NOT_INFER,Casa Pia,Nacional,1,0,H,EVALUATION_ONLY_JOIN_AFTER_PREMATCH_FEATURE_FREEZE,2.18,3.27,3.44,EXTERNAL_HISTORICAL_MARKET_BENCHMARK,NOT_AVAILABLE,NOT_GOLDBET,e4673a3d8104bdc04abfd9e7389c30e34b071b36824f7eacfe387c75ed74b5bb,1470.7834300748639,1475.8336355697436,-5.0502054948797195,0.8,0.8,0.30000000000000004,43.97882012717764,76,7,False
0eeaa0f74c46dfb0674d87c4,Primeira Liga,2024/2025,DEVELOPMENT,2024-10-25,20:45,MATCH_KICKOFF_TIME_TIMEZONE_NOT_STATED_BY_SOURCE,,NOT_VERIFIED_DO_NOT_INFER,Santa Clara,Gil Vicente,2,1,H,EVALUATION_ONLY_JOIN_AFTER_PREMATCH_FEATURE_FREEZE,2.09,2.97,4.13,EXTERNAL_HISTORICAL_MARKET_BENCHMARK,NOT_AVAILABLE,NOT_GOLDBET,499b29f900d4e9f3204f16354bc17e1bf0f73f2d781ae355d9835540e41c3b9a,1494.425670274847,1484.161144958713,10.26452531613404,0.6000000000000001,0.0,2.0,-23.35618680582911,42,76,False
abdcbf036a3ed8056c53b9ef,Primeira Liga,2024/2025,DEVELOPMENT,2024-10-26,15:30,MATCH_KICKOFF_TIME_TIMEZONE_NOT_STATED_BY_SOURCE,,NOT_VERIFIED_DO_NOT_INFER,Estoril,Arouca,4,1,H,EVALUATION_ONLY_JOIN_AFTER_PREMATCH_FEATURE_FREEZE,3.08,3.13,2.42,EXTERNAL_HISTORICAL_MARKET_BENCHMARK,NOT_AVAILABLE,NOT_GOLDBET,4fc9d82418a67828581fb651c47f6c2b56c2b7fd7a07312c47fe13dd38838901,1445.9189192295837,1484.8081937748211,-38.88927454523741,0.19999999999999996,0.7999999999999999,0.20000000000000007,-26.567706152332903,76,76,False
ce0eea99952e57addbb2a473,Primeira Liga,2024/2025,DEVELOPMENT,2024-10-26,18:00,MATCH_KICKOFF_TIME_TIMEZONE_NOT_STATED_BY_SOURCE,,NOT_VERIFIED_DO_NOT_INFER,Boavista,Moreirense,0,2,A,EVALUATION_ONLY_JOIN_AFTER_PREMATCH_FEATURE_FREEZE,3.39,3.07,2.3,EXTERNAL_HISTORICAL_MARKET_BENCHMARK,NOT_AVAILABLE,NOT_GOLDBET,4111994d67e05a48f9c5ba57d2962a6edc784a6e6b2736223cb06bd75539f138,1449.4518984099966,1513.5969893629215,-64.14509095292487,-0.4,-0.4,-0.6,6.442107608675769,76,42,False
8887f2e01a5528841c4d4ef4,Primeira Liga,2024/2025,DEVELOPMENT,2024-10-26,20:30,MATCH_KICKOFF_TIME_TIMEZONE_NOT_STATED_BY_SOURCE,,NOT_VERIFIED_DO_NOT_INFER,Famalicao,Sp Lisbon,0,3,A,EVALUATION_ONLY_JOIN_AFTER_PREMATCH_FEATURE_FREEZE,10.6,5.45,1.28,EXTERNAL_HISTORICAL_MARKET_BENCHMARK,NOT_AVAILABLE,NOT_GOLDBET,5dd4f422f074bb0ecd894baa8779972f735ff38b148568e14bc3de4ba88bb1ac,1512.026496720883,1657.512707038462,-145.48621031757898,-2.2,-2.8000000000000003,-1.4,-3.323836774598476,76,76,False
f88c8965a1d8cfeff2112eff,Primeira Liga,2024/2025,DEVELOPMENT,2024-10-27,15:30,MATCH_KICKOFF_TIME_TIMEZONE_NOT_STATED_BY_SOURCE,,NOT_VERIFIED_DO_NOT_INFER,Sp Braga,Farense,2,0,H,EVALUATION_ONLY_JOIN_AFTER_PREMATCH_FEATURE_FREEZE,1.31,5.49,9.06,EXTERNAL_HISTORICAL_MARKET_BENCHMARK,NOT_AVAILABLE,NOT_GOLDBET,85f4db049d28920d3003b0a5c5b84c8ed9e9740f67f9fa8bce38a933555948d3,1565.0553499888786,1441.4014979736883,123.6538520151903,0.5999999999999999,1.4,1.2,21.984802536641382,76,42,False
b2963f7fb418e3769d80612a,Primeira Liga,2024/2025,DEVELOPMENT,2024-10-27,18:00,MATCH_KICKOFF_TIME_TIMEZONE_NOT_STATED_BY_SOURCE,,NOT_VERIFIED_DO_NOT_INFER,Benfica,Rio Ave,5,0,H,EVALUATION_ONLY_JOIN_AFTER_PREMATCH_FEATURE_FREEZE,1.12,9,18.69,EXTERNAL_HISTORICAL_MARKET_BENCHMARK,NOT_AVAILABLE,NOT_GOLDBET,5f4c210a3cb9d2bfcc5be363232b100c1201693edc3ce78c599880daa0a66dda,1604.853955105297,1482.9009713074836,121.95298379781343,1.6,3.0,2.8,-18.324237862381324,75,76,False
a829e0b84e4c7528a34fc6b4,Primeira Liga,2024/2025,DEVELOPMENT,2024-10-27,20:30,MATCH_KICKOFF_TIME_TIMEZONE_NOT_STATED_BY_SOURCE,,NOT_VERIFIED_DO_NOT_INFER,Estrela,Guimaraes,2,2,D,EVALUATION_ONLY_JOIN_AFTER_PREMATCH_FEATURE_FREEZE,5.02,3.51,1.75,EXTERNAL_HISTORICAL_MARKET_BENCHMARK,NOT_AVAILABLE,NOT_GOLDBET,c3068e248bf48728757cff8cd71f0e070cd4e0a0a0bd48d4651ec5923e66eb1b,1444.9939013079045,1547.1926272610958,-102.19872595319134,-0.8,-0.8,-0.6000000000000001,-41.98417423818387,42,76,False
a722490cfbaa8ac77aa8ea80,Primeira Liga,2024/2025,DEVELOPMENT,2024-10-28,20:15,MATCH_KICKOFF_TIME_TIMEZONE_NOT_STATED_BY_SOURCE,,NOT_VERIFIED_DO_NOT_INFER,AVS,Porto,0,5,A,EVALUATION_ONLY_JOIN_AFTER_PREMATCH_FEATURE_FREEZE,9.8,5.07,1.32,EXTERNAL_HISTORICAL_MARKET_BENCHMARK,NOT_AVAILABLE,NOT_GOLDBET,b9727b3ed87b02d9acd31d7f7ca61f3c8f61f7fd0a3df102c94ad512b1701fa3,1492.6191420998402,1612.5707740305818,-119.95163193074154,-1.4,-2.0,-0.3999999999999999,-30.94116470161225,8,76,False
a2e32dbf0803776841bb02fc,Primeira Liga,2024/2025,DEVELOPMENT,2024-11-01,20:15,MATCH_KICKOFF_TIME_TIMEZONE_NOT_STATED_BY_SOURCE,,NOT_VERIFIED_DO_NOT_INFER,Sp Lisbon,Estrela,5,1,H,EVALUATION_ONLY_JOIN_AFTER_PREMATCH_FEATURE_FREEZE,1.07,11.92,27.51,EXTERNAL_HISTORICAL_MARKET_BENCHMARK,NOT_AVAILABLE,NOT_GOLDBET,f907fe443d8185fc0ed1a8ac9c7476a928060c3ca8af6bbc6606eac098f3eb7d,1665.1006953159713,1446.2025408390386,218.89815447693263,2.0,3.4,2.8,-9.987188221034558,77,43,False
2b191ecd03845403a5b54860,Primeira Liga,2024/2025,DEVELOPMENT,2024-11-02,15:30,MATCH_KICKOFF_TIME_TIMEZONE_NOT_STATED_BY_SOURCE,,NOT_VERIFIED_DO_NOT_INFER,Rio Ave,Casa Pia,2,2,D,EVALUATION_ONLY_JOIN_AFTER_PREMATCH_FEATURE_FREEZE,2.4,3.14,3.14,EXTERNAL_HISTORICAL_MARKET_BENCHMARK,NOT_AVAILABLE,NOT_GOLDBET,fccbe4f5da4b432401c88f6c95a8235869337ab2c29920831f6ed03f600fb473,1477.706499034268,1479.2149044746304,-1.5084054403623668,-1.2000000000000002,-2.2,0.40000000000000013,-12.323986532550634,77,77,False
aac23b802502da7c94c3b743,Primeira Liga,2024/2025,DEVELOPMENT,2024-11-02,18:00,MATCH_KICKOFF_TIME_TIMEZONE_NOT_STATED_BY_SOURCE,,NOT_VERIFIED_DO_NOT_INFER,Farense,Benfica,1,2,A,EVALUATION_ONLY_JOIN_AFTER_PREMATCH_FEATURE_FREEZE,20.9,8.52,1.13,EXTERNAL_HISTORICAL_MARKET_BENCHMARK,NOT_AVAILABLE,NOT_GOLDBET,7616745078ac3e12ede16cf5db46077a2d14d074a09ec50fb9470c65ee74e557,1436.244586751364,1610.0484273785125,-173.80384062714847,-1.8,-3.6,-0.4,26.556475108046243,43,76,False
208b37415f7f634994fc49a0,Primeira Liga,2024/2025,DEVELOPMENT,2024-11-02,20:30,MATCH_KICKOFF_TIME_TIMEZONE_NOT_STATED_BY_SOURCE,,NOT_VERIFIED_DO_NOT_INFER,Gil Vicente,Boavista,1,2,A,EVALUATION_ONLY_JOIN_AFTER_PREMATCH_FEATURE_FREEZE,1.75,3.53,4.95,EXTERNAL_HISTORICAL_MARKET_BENCHMARK,NOT_AVAILABLE,NOT_GOLDBET,7aa470203f98e30a317c85346b5ba507cc966445e24fc2e79256615c21ea5f8c,1476.1563925524108,1439.5711980577428,36.58519449466803,0.6,0.7999999999999999,1.2000000000000002,-13.954066203620641,77,77,False
51e1398f65c5583bb5cdcc67,Primeira Liga,2024/2025,DEVELOPMENT,2024-11-03,15:30,MATCH_KICKOFF_TIME_TIMEZONE_NOT_STATED_BY_SOURCE,,NOT_VERIFIED_DO_NOT_INFER,AVS,Famalicao,2,3,A,EVALUATION_ONLY_JOIN_AFTER_PREMATCH_FEATURE_FREEZE,3.39,2.97,2.37,EXTERNAL_HISTORICAL_MARKET_BENCHMARK,NOT_AVAILABLE,NOT_GOLDBET,3f5796cfca38c45c674fe6566378bd0bade7c53e796f8d09f44aee54e1cca245,1484.3277642026244,1504.4385084433736,-20.110744240749227,0.19999999999999996,-0.7999999999999999,0.0,11.658437674165498,9,77,False
868c42711b6a14bb7d8ee133,Primeira Liga,2024/2025,DEVELOPMENT,2024-11-03,18:00,MATCH_KICKOFF_TIME_TIMEZONE_NOT_STATED_BY_SOURCE,,NOT_VERIFIED_DO_NOT_INFER,Arouca,Sp Braga,1,2,A,EVALUATION_ONLY_JOIN_AFTER_PREMATCH_FEATURE_FREEZE,4.58,3.78,1.75,EXTERNAL_HISTORICAL_MARKET_BENCHMARK,NOT_AVAILABLE,NOT_GOLDBET,ad5b974dc8f567dd3103c71b404392cabefdaff4b8b8067988592e8b9728484e,1475.4150626338162,1570.2122612112028,-94.79719857738655,-1.0,-3.0,-1.2,8.104131264164153,77,77,False
a3439b05a36309f70b9ed916,Primeira Liga,2024/2025,DEVELOPMENT,2024-11-03,18:00,MATCH_KICKOFF_TIME_TIMEZONE_NOT_STATED_BY_SOURCE,,NOT_VERIFIED_DO_NOT_INFER,Guimaraes,Moreirense,1,0,H,EVALUATION_ONLY_JOIN_AFTER_PREMATCH_FEATURE_FREEZE,1.81,3.36,4.87,EXTERNAL_HISTORICAL_MARKET_BENCHMARK,NOT_AVAILABLE,NOT_GOLDBET,89b6f4ecfd66a213b08a06c94002eef960f280bebab6f4936d341603780a02e1,1545.9839877299617,1523.4776897151753,22.506298014786353,-0.19999999999999996,-0.2,0.19999999999999996,30.652705991447192,77,43,False
f075f7d700054d5d7d61b004,Primeira Liga,2024/2025,DEVELOPMENT,2024-11-03,20:30,MATCH_KICKOFF_TIME_TIMEZONE_NOT_STATED_BY_SOURCE,,NOT_VERIFIED_DO_NOT_INFER,Porto,Estoril,4,0,H,EVALUATION_ONLY_JOIN_AFTER_PREMATCH_FEATURE_FREEZE,1.13,8.73,19.4,EXTERNAL_HISTORICAL_MARKET_BENCHMARK,NOT_AVAILABLE,NOT_GOLDBET,23f009cc00148bee0f991f9f7217d0bdb671f6a8007f32cddf432192f91cb67c,1620.8621519277976,1455.3120503705886,165.55010155720902,1.6,2.8,2.6,3.0770811404661345,77,77,False
9e4f1e67c0da11a677ce5290,Primeira Liga,2024/2025,DEVELOPMENT,2024-11-04,20:15,MATCH_KICKOFF_TIME_TIMEZONE_NOT_STATED_BY_SOURCE,,NOT_VERIFIED_DO_NOT_INFER,Nacional,Santa Clara,2,0,H,EVALUATION_ONLY_JOIN_AFTER_PREMATCH_FEATURE_FREEZE,2.85,3.08,2.62,EXTERNAL_HISTORICAL_MARKET_BENCHMARK,NOT_AVAILABLE,NOT_GOLDBET,6ef9a8e76b161a91c9eb4a90a72552b96bf4f0ab3aa2e20eec66b843013d3772,1467.402161169977,1502.4304226811494,-35.02826151117233,-1.0,-0.39999999999999997,-0.19999999999999996,-6.913881841513785,8,43,False
0861b9b8165fd6deeefd5921,Primeira Liga,2024/2025,DEVELOPMENT,2024-11-08,20:15,MATCH_KICKOFF_TIME_TIMEZONE_NOT_STATED_BY_SOURCE,,NOT_VERIFIED_DO_NOT_INFER,Moreirense,Gil Vicente,3,2,H,EVALUATION_ONLY_JOIN_AFTER_PREMATCH_FEATURE_FREEZE,2.18,3.03,3.76,EXTERNAL_HISTORICAL_MARKET_BENCHMARK,NOT_AVAILABLE,NOT_GOLDBET,5b70fc1c408eb3cd59a7dc2c75adcc8a61266d999364b09de03965e84852b218,1515.808757053989,1463.445912909948,52.36284414404099,0.5999999999999999,0.8,1.8000000000000003,-1.2220056002697675,44,78,False
9b071e79de2faf149b43666e,Primeira Liga,2024/2025,DEVELOPMENT,2024-11-09,15:30,MATCH_KICKOFF_TIME_TIMEZONE_NOT_STATED_BY_SOURCE,,NOT_VERIFIED_DO_NOT_INFER,Casa Pia,Farense,1,1,D,EVALUATION_ONLY_JOIN_AFTER_PREMATCH_FEATURE_FREEZE,1.97,3.21,4.22,EXTERNAL_HISTORICAL_MARKET_BENCHMARK,NOT_AVAILABLE,NOT_GOLDBET,0d63294bb6e1a610ad5b2fa6bb49a33ebc37c854d716bcca1eab2c221e0645f3,1480.882701073137,1429.4077970820558,51.47490399108119,0.3999999999999999,0.39999999999999997,1.2,7.440504157638543,78,44,False
7dd36d1ddfe46a06324b79b9,Primeira Liga,2024/2025,DEVELOPMENT,2024-11-09,15:30,MATCH_KICKOFF_TIME_TIMEZONE_NOT_STATED_BY_SOURCE,,NOT_VERIFIED_DO_NOT_INFER,Estoril,AVS,0,0,D,EVALUATION_ONLY_JOIN_AFTER_PREMATCH_FEATURE_FREEZE,2.15,3.2,3.6,EXTERNAL_HISTORICAL_MARKET_BENCHMARK,NOT_AVAILABLE,NOT_GOLDBET,2aa1bc2a2788a351ea40af66ff09ad5d484435c2ed16719c3fc44788674888d3,1451.0232634886563,1473.1846772390513,-22.161413750395013,0.4,0.8,1.15,0.6468724627650317,78,10,False
d5ef19163434bfcf249e291e,Primeira Liga,2024/2025,DEVELOPMENT,2024-11-09,18:00,MATCH_KICKOFF_TIME_TIMEZONE_NOT_STATED_BY_SOURCE,,NOT_VERIFIED_DO_NOT_INFER,Famalicao,Arouca,0,0,D,EVALUATION_ONLY_JOIN_AFTER_PREMATCH_FEATURE_FREEZE,2.28,3.19,3.32,EXTERNAL_HISTORICAL_MARKET_BENCHMARK,NOT_AVAILABLE,NOT_GOLDBET,692273d9d7f1eb6a5fe249c77e3fb1b94d7997be2c37778e3de811c26d87c96c,1515.5815954069467,1466.4132711040666,49.16832430288014,0.3999999999999999,0.9999999999999999,1.0,13.99082726711822,78,78,False
0ee4fdf01dd130214535f1e1,Primeira Liga,2024/2025,DEVELOPMENT,2024-11-09,20:30,MATCH_KICKOFF_TIME_TIMEZONE_NOT_STATED_BY_SOURCE,,NOT_VERIFIED_DO_NOT_INFER,Boavista,Rio Ave,0,2,A,EVALUATION_ONLY_JOIN_AFTER_PREMATCH_FEATURE_FREEZE,2.93,3.17,2.52,EXTERNAL_HISTORICAL_MARKET_BENCHMARK,NOT_AVAILABLE,NOT_GOLDBET,86741f37ca822229d3f75ef58e8498855c83a41f73253040e831c1f826acdf77,1452.2816777002056,1476.0387024357615,-23.757024735555888,0.20000000000000007,0.8,0.4,1.693762532887149,78,78,False
8503519ff81e2eb0260c5762,Primeira Liga,2024/2025,DEVELOPMENT,2024-11-10,15:30,MATCH_KICKOFF_TIME_TIMEZONE_NOT_STATED_BY_SOURCE,,NOT_VERIFIED_DO_NOT_INFER,Estrela,Nacional,2,0,H,EVALUATION_ONLY_JOIN_AFTER_PREMATCH_FEATURE_FREEZE,2.23,3.28,3.31,EXTERNAL_HISTORICAL_MARKET_BENCHMARK,NOT_AVAILABLE,NOT_GOLDBET,4d94014f6fabd4685871b5084ccf22188c1377c20e6faac9b5c1223e660e2232,1442.8581621216613,1476.6846518703235,-33.8264897486622,0.0,-0.7999999999999999,0.6,39.9939358599504,44,9,False
18282bc196cb2e56efd62d24,Primeira Liga,2024/2025,DEVELOPMENT,2024-11-10,16:30,MATCH_KICKOFF_TIME_TIMEZONE_NOT_STATED_BY_SOURCE,,NOT_VERIFIED_DO_NOT_INFER,Santa Clara,Guimaraes,1,0,H,EVALUATION_ONLY_JOIN_AFTER_PREMATCH_FEATURE_FREEZE,2.71,2.96,2.87,EXTERNAL_HISTORICAL_MARKET_BENCHMARK,NOT_AVAILABLE,NOT_GOLDBET,af81da15055adb3d8a99ab9140ab798e4af890944c2a8a73114a3764b196be84,1493.147931980803,1553.652920391148,-60.50498841034505,0.6000000000000001,0.4,0.7999999999999998,-23.587251130730465,44,78,False
a6889f0ef1068e82cc531b5c,Primeira Liga,2024/2025,DEVELOPMENT,2024-11-10,18:45,MATCH_KICKOFF_TIME_TIMEZONE_NOT_STATED_BY_SOURCE,,NOT_VERIFIED_DO_NOT_INFER,Sp Braga,Sp Lisbon,2,4,A,EVALUATION_ONLY_JOIN_AFTER_PREMATCH_FEATURE_FREEZE,5.22,4.25,1.59,EXTERNAL_HISTORICAL_MARKET_BENCHMARK,NOT_AVAILABLE,NOT_GOLDBET,f9d992b75f9e87168d5da3fe0b86b249d87cbbf38d0eaeb5927b903becedb203,1579.2140527409524,1668.4450740333486,-89.23102129239624,-0.6000000000000001,-1.2,-1.0,20.208265287591757,78,78,False
5fbfa7e1a8743d3b4c4fcaca,Primeira Liga,2024/2025,DEVELOPMENT,2024-11-10,20:45,MATCH_KICKOFF_TIME_TIMEZONE_NOT_STATED_BY_SOURCE,,NOT_VERIFIED_DO_NOT_INFER,Benfica,Porto,4,1,H,EVALUATION_ONLY_JOIN_AFTER_PREMATCH_FEATURE_FREEZE,1.91,3.55,3.92,EXTERNAL_HISTORICAL_MARKET_BENCHMARK,NOT_AVAILABLE,NOT_GOLDBET,c7e7c3398f2e2c98893756f768415581f916380edfd518d2f9bb18eea6f27e3d,1616.8852170478208,1625.15093880973,-8.265721761909163,0.0,-0.19999999999999973,0.6000000000000001,-44.04108739773346,77,78,False
448b5b9a3444ca891c261a3b,Primeira Liga,2024/2025,DEVELOPMENT,2024-11-29,20:15,MATCH_KICKOFF_TIME_TIMEZONE_NOT_STATED_BY_SOURCE,,NOT_VERIFIED_DO_NOT_INFER,Farense,Estrela,1,0,H,EVALUATION_ONLY_JOIN_AFTER_PREMATCH_FEATURE_FREEZE,2.32,3.11,3.3,EXTERNAL_HISTORICAL_MARKET_BENCHMARK,NOT_AVAILABLE,NOT_GOLDBET,d5280901cdf2ef391b7bb889e562c1071abd20523c74dd6ccd575fcd5b59e3a9,1432.5105551253712,1452.106249800625,-19.595694675253753,-0.3999999999999999,0.4,0.39999999999999997,-15.190624169292278,45,45,False
21afa6a4e7b3803e21a34914,Primeira Liga,2024/2025,DEVELOPMENT,2024-11-30,15:30,MATCH_KICKOFF_TIME_TIMEZONE_NOT_STATED_BY_SOURCE,,NOT_VERIFIED_DO_NOT_INFER,Rio Ave,Moreirense,3,2,H,EVALUATION_ONLY_JOIN_AFTER_PREMATCH_FEATURE_FREEZE,2.71,3.13,2.73,EXTERNAL_HISTORICAL_MARKET_BENCHMARK,NOT_AVAILABLE,NOT_GOLDBET,7bb0bec9ea9a790275febbec68d699123a7a0843912a487f7d0c63ea212fdbda,1487.078091722311,1522.6829207864478,-35.604829064136766,-0.8,-1.7999999999999998,1.2000000000000002,41.971267468464475,79,45,False
4df65f5e5f51e48ca945a03f,Primeira Liga,2024/2025,DEVELOPMENT,2024-11-30,18:00,MATCH_KICKOFF_TIME_TIMEZONE_NOT_STATED_BY_SOURCE,,NOT_VERIFIED_DO_NOT_INFER,Nacional,Boavista,0,0,D,EVALUATION_ONLY_JOIN_AFTER_PREMATCH_FEATURE_FREEZE,1.97,3.37,3.98,EXTERNAL_HISTORICAL_MARKET_BENCHMARK,NOT_AVAILABLE,NOT_GOLDBET,f7a0ca056b042103e2dec19cd0cea6e86a5ae3f79ac0824d2930e0c4c3e050d2,1467.4365641913598,1441.242288413656,26.19427577770375,0.0,0.0,0.5,-5.282921390044976,10,79,False
c95708eadc0c8e3e344bd26e,Primeira Liga,2024/2025,DEVELOPMENT,2024-11-30,20:30,MATCH_KICKOFF_TIME_TIMEZONE_NOT_STATED_BY_SOURCE,,NOT_VERIFIED_DO_NOT_INFER,Sp Lisbon,Santa Clara,0,1,A,EVALUATION_ONLY_JOIN_AFTER_PREMATCH_FEATURE_FREEZE,1.21,6.53,12.88,EXTERNAL_HISTORICAL_MARKET_BENCHMARK,NOT_AVAILABLE,NOT_GOLDBET,40e905f5bf25e9bdb02ea9dc988a384a4bae5ac8a12a826c13679eebceaf0462,1677.605717130052,1503.16246670539,174.44325042466198,1.2,2.8,1.8,2.188477286296802,79,45,False
54efc94001a9cfa1da2697f8,Primeira Liga,2024/2025,DEVELOPMENT,2024-12-01,15:30,MATCH_KICKOFF_TIME_TIMEZONE_NOT_STATED_BY_SOURCE,,NOT_VERIFIED_DO_NOT_INFER,Estoril,Famalicao,2,1,H,EVALUATION_ONLY_JOIN_AFTER_PREMATCH_FEATURE_FREEZE,3.26,3.09,2.34,EXTERNAL_HISTORICAL_MARKET_BENCHMARK,NOT_AVAILABLE,NOT_GOLDBET,91713ec2b532e9fa33492591a7c45d95848a27b0ec9c9295e33db7a4cfb3ed5a,1449.9384669659823,1512.538957709682,-62.600490743699766,-0.3999999999999999,-0.6,0.0,18.63390764073938,79,79,False
cc98741071d945d2a115f071,Primeira Liga,2024/2025,DEVELOPMENT,2024-12-01,18:00,MATCH_KICKOFF_TIME_TIMEZONE_NOT_STATED_BY_SOURCE,,NOT_VERIFIED_DO_NOT_INFER,Arouca,Benfica,0,2,A,EVALUATION_ONLY_JOIN_AFTER_PREMATCH_FEATURE_FREEZE,12.64,6.67,1.21,EXTERNAL_HISTORICAL_MARKET_BENCHMARK,NOT_AVAILABLE,NOT_GOLDBET,f3d844d0eba3627b725835a61e12d2e82814e1944aa5a782576d6e7eb47026c4,1469.4559088013311,1625.4070931154952,-155.95118431416404,-2.6,-4.800000000000001,-0.8,27.246186245153922,79,78,False
66ec4b726bd089bdeb02e94a,Primeira Liga,2024/2025,DEVELOPMENT,2024-12-01,20:30,MATCH_KICKOFF_TIME_TIMEZONE_NOT_STATED_BY_SOURCE,,NOT_VERIFIED_DO_NOT_INFER,AVS,Sp Braga,0,1,A,EVALUATION_ONLY_JOIN_AFTER_PREMATCH_FEATURE_FREEZE,8.22,4.49,1.39,EXTERNAL_HISTORICAL_MARKET_BENCHMARK,NOT_AVAILABLE,NOT_GOLDBET,fd100a09b328c7fd3c0858795dbfa8a1428ba3a7983ffc27ec765146f0e49b70,1474.2694737617253,1570.053409644249,-95.78393588252379,-1.2000000000000002,-2.0,-0.6000000000000001,-39.42289805226051,11,79,False
cb875b3b0b79186644d25570,Primeira Liga,2024/2025,DEVELOPMENT,2024-12-02,18:45,MATCH_KICKOFF_TIME_TIMEZONE_NOT_STATED_BY_SOURCE,,NOT_VERIFIED_DO_NOT_INFER,Guimaraes,Gil Vicente,4,0,H,EVALUATION_ONLY_JOIN_AFTER_PREMATCH_FEATURE_FREEZE,1.73,3.5,5.17,EXTERNAL_HISTORICAL_MARKET_BENCHMARK,NOT_AVAILABLE,NOT_GOLDBET,f1d27365e93723aa90693061c385ab88a1ddc181ebe188be5f31bd8bfae18ec0,1543.638385666561,1456.5717491774892,87.0666364890717,0.6,0.8,1.6,-24.214922093917494,79,79,False
d9160c864f07642bbe1d370c,Primeira Liga,2024/2025,DEVELOPMENT,2024-12-02,20:45,MATCH_KICKOFF_TIME_TIMEZONE_NOT_STATED_BY_SOURCE,,NOT_VERIFIED_DO_NOT_INFER,Porto,Casa Pia,2,0,H,EVALUATION_ONLY_JOIN_AFTER_PREMATCH_FEATURE_FREEZE,1.18,6.82,16,EXTERNAL_HISTORICAL_MARKET_BENCHMARK,NOT_AVAILABLE,NOT_GOLDBET,259d5bd02723d86aa265cb3794c5c7983223ce470bf4b0bacd423b5c0542a713,1616.6290627420556,1477.7799430298217,138.84911971223391,1.2,2.4000000000000004,2.0,8.116114174207496,79,79,False
d9fd947d9ac423030069dfa5,Primeira Liga,2024/2025,DEVELOPMENT,2024-12-05,20:15,MATCH_KICKOFF_TIME_TIMEZONE_NOT_STATED_BY_SOURCE,,NOT_VERIFIED_DO_NOT_INFER,Moreirense,Sp Lisbon,2,1,H,EVALUATION_ONLY_JOIN_AFTER_PREMATCH_FEATURE_FREEZE,9.29,5.17,1.32,EXTERNAL_HISTORICAL_MARKET_BENCHMARK,NOT_AVAILABLE,NOT_GOLDBET,d3fe93bbf3d44d7c5c33a80637d28e7d1df0e7b48883f5ece17b9feb3ce6a256,1513.3839186211212,1661.724550905251,-148.3406322841297,-0.5999999999999999,-1.6,-0.7999999999999998,-13.366038800543265,46,80,False
2f6db4f484e802934dff7187,Primeira Liga,2024/2025,DEVELOPMENT,2024-12-06,20:15,MATCH_KICKOFF_TIME_TIMEZONE_NOT_STATED_BY_SOURCE,,NOT_VERIFIED_DO_NOT_INFER,Sp Braga,Estoril,2,2,D,EVALUATION_ONLY_JOIN_AFTER_PREMATCH_FEATURE_FREEZE,1.23,6.4,12.22,EXTERNAL_HISTORICAL_MARKET_BENCHMARK,NOT_AVAILABLE,NOT_GOLDBET,7adb8f75ee902ac7270839e65ac1071febff52e27abbd7ea3a4d9f01831c01e6,1579.027091625058,1460.01331370855,119.01377791650793,0.40000000000000013,0.4,1.4,28.166919687939753,80,80,False
fddcae0468c72e551f69bea5,Primeira Liga,2024/2025,DEVELOPMENT,2024-12-07,15:30,MATCH_KICKOFF_TIME_TIMEZONE_NOT_STATED_BY_SOURCE,,NOT_VERIFIED_DO_NOT_INFER,Gil Vicente,Nacional,2,1,H,EVALUATION_ONLY_JOIN_AFTER_PREMATCH_FEATURE_FREEZE,2.01,3.36,3.84,EXTERNAL_HISTORICAL_MARKET_BENCHMARK,NOT_AVAILABLE,NOT_GOLDBET,1fbcb83c330601ab49ab176b187dd8eb346c476bc2cc59d361a1befb76c3477f,1450.5687489063962,1465.0053678176282,-14.436618911232017,-0.4,-0.6000000000000001,1.4000000000000001,14.968543724582332,80,11,False
5b1fdb3f75ae061c0ec3d988,Primeira Liga,2024/2025,DEVELOPMENT,2024-12-07,18:00,MATCH_KICKOFF_TIME_TIMEZONE_NOT_STATED_BY_SOURCE,,NOT_VERIFIED_DO_NOT_INFER,Benfica,Guimaraes,1,0,H,EVALUATION_ONLY_JOIN_AFTER_PREMATCH_FEATURE_FREEZE,1.29,5.54,10.42,EXTERNAL_HISTORICAL_MARKET_BENCHMARK,NOT_AVAILABLE,NOT_GOLDBET,1d22e0b64b6fc585ca71d7d17517cd7cb2626d8435f0e6e918d68b72db81f71f,1632.7135294546915,1549.641385937654,83.0721435170376,1.4,2.2,2.0,26.47750664680825,79,80,False
869fb53d64c8609bad5c072a,Primeira Liga,2024/2025,DEVELOPMENT,2024-12-07,18:00,MATCH_KICKOFF_TIME_TIMEZONE_NOT_STATED_BY_SOURCE,,NOT_VERIFIED_DO_NOT_INFER,Santa Clara,Rio Ave,1,0,H,EVALUATION_ONLY_JOIN_AFTER_PREMATCH_FEATURE_FREEZE,1.71,3.56,5.24,EXTERNAL_HISTORICAL_MARKET_BENCHMARK,NOT_AVAILABLE,NOT_GOLDBET,a4adf2070c9fc6dce13e64835c7196463244d4a809fbd35ba26f47e5eed36c86,1519.043632930191,1496.3770938876376,22.666539042553495,0.19999999999999996,0.4,2.4,23.617098446035016,46,80,False
d1350c2e129f3e28ad46b124,Primeira Liga,2024/2025,DEVELOPMENT,2024-12-07,20:30,MATCH_KICKOFF_TIME_TIMEZONE_NOT_STATED_BY_SOURCE,,NOT_VERIFIED_DO_NOT_INFER,Famalicao,Porto,1,1,D,EVALUATION_ONLY_JOIN_AFTER_PREMATCH_FEATURE_FREEZE,8.15,4.7,1.38,EXTERNAL_HISTORICAL_MARKET_BENCHMARK,NOT_AVAILABLE,NOT_GOLDBET,c04fbd91b089ff14c85d964401dbd4f34691b0da977b1e5029118c5d365fb9b0,1502.4641109671145,1621.4583512373101,-118.99424027019563,-1.4,-2.4,-0.6000000000000001,-14.60223776226485,80,80,False
afd616175d5f3b9598280c8e,Primeira Liga,2024/2025,DEVELOPMENT,2024-12-08,15:30,MATCH_KICKOFF_TIME_TIMEZONE_NOT_STATED_BY_SOURCE,,NOT_VERIFIED_DO_NOT_INFER,Boavista,Farense,1,1,D,EVALUATION_ONLY_JOIN_AFTER_PREMATCH_FEATURE_FREEZE,2.52,3.02,3.04,EXTERNAL_HISTORICAL_MARKET_BENCHMARK,NOT_AVAILABLE,NOT_GOLDBET,3406e2241d17b7ca7c3e4f4f8ba5d8d8fa93e6a99e71fb47279dcb195a9dcd05,1443.6734847873877,1441.3528400348027,2.32064475258494,-0.3999999999999999,-0.39999999999999997,-0.2,-15.61025249564591,80,46,False
aecfe94670f6269aa44c4c1e,Primeira Liga,2024/2025,DEVELOPMENT,2024-12-08,18:00,MATCH_KICKOFF_TIME_TIMEZONE_NOT_STATED_BY_SOURCE,,NOT_VERIFIED_DO_NOT_INFER,Casa Pia,AVS,1,1,D,EVALUATION_ONLY_JOIN_AFTER_PREMATCH_FEATURE_FREEZE,1.81,3.39,4.81,EXTERNAL_HISTORICAL_MARKET_BENCHMARK,NOT_AVAILABLE,NOT_GOLDBET,fa3e12751544e3d0e281aa322b99a229dada085ea394425f8f3cd721bb69b644,1472.950654534567,1465.2957917809165,7.654862753650605,0.6,0.7999999999999999,1.2000000000000002,5.715123438037153,80,12,False
4adf4ddb70c37e79087affb2,Primeira Liga,2024/2025,DEVELOPMENT,2024-12-09,20:15,MATCH_KICKOFF_TIME_TIMEZONE_NOT_STATED_BY_SOURCE,,NOT_VERIFIED_DO_NOT_INFER,Estrela,Arouca,2,1,H,EVALUATION_ONLY_JOIN_AFTER_PREMATCH_FEATURE_FREEZE,2.73,3.09,2.69,EXTERNAL_HISTORICAL_MARKET_BENCHMARK,NOT_AVAILABLE,NOT_GOLDBET,26c6b8eeebcb7cd0b298890e34f3000ac8eb7b4dfa5d41a3ff58e080ae69e6fe,1443.2639648911934,1462.1494724621348,-18.8855075709414,0.4,0.0,0.8,-10.028101088978246,46,80,False
4d69d1a0218fb5342a144257,Primeira Liga,2024/2025,DEVELOPMENT,2024-12-14,15:30,MATCH_KICKOFF_TIME_TIMEZONE_NOT_STATED_BY_SOURCE,,NOT_VERIFIED_DO_NOT_INFER,Farense,Gil Vicente,0,1,A,EVALUATION_ONLY_JOIN_AFTER_PREMATCH_FEATURE_FREEZE,2.68,3.06,2.79,EXTERNAL_HISTORICAL_MARKET_BENCHMARK,NOT_AVAILABLE,NOT_GOLDBET,62a313a453f63acbb15ec0133939eab9c40674caf1df3914f3e288ed1fc38da6,1443.1275791490946,1459.2647960428446,-16.137216893750065,0.4,0.7999999999999999,1.0,18.66336683155464,47,81,False
ab2b429a0fdb1e2c790ae757,Primeira Liga,2024/2025,DEVELOPMENT,2024-12-14,18:00,MATCH_KICKOFF_TIME_TIMEZONE_NOT_STATED_BY_SOURCE,,NOT_VERIFIED_DO_NOT_INFER,Nacional,Moreirense,1,0,H,EVALUATION_ONLY_JOIN_AFTER_PREMATCH_FEATURE_FREEZE,3.09,3.01,2.48,EXTERNAL_HISTORICAL_MARKET_BENCHMARK,NOT_AVAILABLE,NOT_GOLDBET,608c326d1cf9719da0d76436d79a363b84d8ea3b6e38f8e0727f0f487c89670c,1456.3093206811798,1525.8731527253642,-69.56383204418444,-1.0,-0.8,0.7999999999999999,-59.96027789594814,12,47,False
095d17d8259705115bd63b19,Primeira Liga,2024/2025,DEVELOPMENT,2024-12-14,20:30,MATCH_KICKOFF_TIME_TIMEZONE_NOT_STATED_BY_SOURCE,,NOT_VERIFIED_DO_NOT_INFER,Sp Lisbon,Boavista,3,2,H,EVALUATION_ONLY_JOIN_AFTER_PREMATCH_FEATURE_FREEZE,1.11,9.54,19.23,EXTERNAL_HISTORICAL_MARKET_BENCHMARK,NOT_AVAILABLE,NOT_GOLDBET,e6c1cc0660e5af2adc975133f6cac949cedfb715144425a344a9d64e10684b9b,1649.235316801008,1441.8987456730958,207.33657112791207,0.8,2.0,1.2,35.88159741002573,81,81,False
ac3abfab4d0701d17de736e6,Primeira Liga,2024/2025,DEVELOPMENT,2024-12-15,15:30,MATCH_KICKOFF_TIME_TIMEZONE_NOT_STATED_BY_SOURCE,,NOT_VERIFIED_DO_NOT_INFER,Arouca,Santa Clara,1,0,H,EVALUATION_ONLY_JOIN_AFTER_PREMATCH_FEATURE_FREEZE,3.37,3.02,2.32,EXTERNAL_HISTORICAL_MARKET_BENCHMARK,NOT_AVAILABLE,NOT_GOLDBET,e597359bbd02ccc214ae2165786da5d0f9664ba754e95db99bdcb06ed0253f2f,1453.3273496120535,1526.708204569178,-73.38085495712448,-2.1999999999999997,-1.7999999999999998,-0.3999999999999999,-15.763040736621178,81,47,False
3fa3a06b47bb3326174f6684,Primeira Liga,2024/2025,DEVELOPMENT,2024-12-15,18:00,MATCH_KICKOFF_TIME_TIMEZONE_NOT_STATED_BY_SOURCE,,NOT_VERIFIED_DO_NOT_INFER,AVS,Benfica,1,1,D,EVALUATION_ONLY_JOIN_AFTER_PREMATCH_FEATURE_FREEZE,13.16,6.78,1.2,EXTERNAL_HISTORICAL_MARKET_BENCHMARK,NOT_AVAILABLE,NOT_GOLDBET,325e60446d0d2d55808d18e21ea51ff6877b35e59c5ac09c12402a53d31c06f5,1467.21881058268,1638.813574422079,-171.5947638393991,-2.6,-3.8,-1.2,9.528563706772957,13,80,False
c0b6219fc929aa755e29ba9e,Primeira Liga,2024/2025,DEVELOPMENT,2024-12-15,20:30,MATCH_KICKOFF_TIME_TIMEZONE_NOT_STATED_BY_SOURCE,,NOT_VERIFIED_DO_NOT_INFER,Estoril,Casa Pia,0,2,A,EVALUATION_ONLY_JOIN_AFTER_PREMATCH_FEATURE_FREEZE,2.91,2.84,2.77,EXTERNAL_HISTORICAL_MARKET_BENCHMARK,NOT_AVAILABLE,NOT_GOLDBET,f5707bd3983187d1925bd061aa5df0480e9a3b7fd6998071819f6fe0ff272cb1,1464.7535163802531,1471.0276357328037,-6.274119352550542,0.40000000000000013,0.2,1.0,41.109657213474065,81,81,False
b6967cc3b37c60f909962a79,Primeira Liga,2024/2025,DEVELOPMENT,2024-12-16,18:45,MATCH_KICKOFF_TIME_TIMEZONE_NOT_STATED_BY_SOURCE,,NOT_VERIFIED_DO_NOT_INFER,Sp Braga,Famalicao,3,3,D,EVALUATION_ONLY_JOIN_AFTER_PREMATCH_FEATURE_FREEZE,1.57,4.03,5.79,EXTERNAL_HISTORICAL_MARKET_BENCHMARK,NOT_AVAILABLE,NOT_GOLDBET,2b254d9eff83e315510ae7b9bc0cc3333b1837a04c09fe52aa6c64bf6b4a92b3,1574.2868889533547,1504.145969054771,70.14091989858366,1.0,1.0,0.3999999999999999,-32.02122768746358,81,81,False
70bddb5223563f46eac84f73,Primeira Liga,2024/2025,DEVELOPMENT,2024-12-16,20:15,MATCH_KICKOFF_TIME_TIMEZONE_NOT_STATED_BY_SOURCE,,NOT_VERIFIED_DO_NOT_INFER,Porto,Estrela,2,0,H,EVALUATION_ONLY_JOIN_AFTER_PREMATCH_FEATURE_FREEZE,1.15,7.86,17.71,EXTERNAL_HISTORICAL_MARKET_BENCHMARK,NOT_AVAILABLE,NOT_GOLDBET,7dee475cbb44d4b9eeadbf218ca8fe48d46ea965b486894b61ebcec086957fc9,1619.7764931496536,1452.0860877412747,167.69040540837887,0.6000000000000001,2.0,3.0,-7.715507703942421,81,47,False
8c6049b6a4afad9e74ee8af3,Primeira Liga,2024/2025,DEVELOPMENT,2024-12-16,20:45,MATCH_KICKOFF_TIME_TIMEZONE_NOT_STATED_BY_SOURCE,,NOT_VERIFIED_DO_NOT_INFER,Rio Ave,Guimaraes,2,2,D,EVALUATION_ONLY_JOIN_AFTER_PREMATCH_FEATURE_FREEZE,4.52,3.47,1.82,EXTERNAL_HISTORICAL_MARKET_BENCHMARK,NOT_AVAILABLE,NOT_GOLDBET,0eb01a1aed4e4d450aedcd44fd160f257ab5250ca2c5e692b094aa128cd3365d,1488.7125222486507,1543.5413409702664,-54.82881872161579,0.0,-1.2,0.8,5.43445787214182,81,81,False
fa1f42ec27d48c67b41c2c0e,Primeira Liga,2024/2025,DEVELOPMENT,2024-12-19,17:00,MATCH_KICKOFF_TIME_TIMEZONE_NOT_STATED_BY_SOURCE,,NOT_VERIFIED_DO_NOT_INFER,Nacional,Benfica,0,2,A,EVALUATION_ONLY_JOIN_AFTER_PREMATCH_FEATURE_FREEZE,10.78,6.09,1.25,EXTERNAL_HISTORICAL_MARKET_BENCHMARK,NOT_AVAILABLE,NOT_GOLDBET,278beb2250f7f1c9726e198028a284ce8aafefb0e6fdeee160dd5b87e2839d17,1466.584520389248,1635.7076989889895,-169.12317859974155,-1.2000000000000002,-1.4,-0.20000000000000018,-36.94777120690628,13,81,False
31e4e4b105b616fdd3647cdd,Primeira Liga,2024/2025,DEVELOPMENT,2024-12-20,20:15,MATCH_KICKOFF_TIME_TIMEZONE_NOT_STATED_BY_SOURCE,,NOT_VERIFIED_DO_NOT_INFER,Casa Pia,Arouca,3,1,H,EVALUATION_ONLY_JOIN_AFTER_PREMATCH_FEATURE_FREEZE,2.37,2.9,3.42,EXTERNAL_HISTORICAL_MARKET_BENCHMARK,NOT_AVAILABLE,NOT_GOLDBET,4b0b67598d999e725f3e6784d34c39a5cde3a33995fd68c6d32ec50bec1cd073,1482.5617820885961,1463.7122912716545,18.849490816941625,0.3999999999999999,0.6,1.0,-45.476090434893194,82,82,False
a1da526f9bb7887e3e0df584,Primeira Liga,2024/2025,DEVELOPMENT,2024-12-21,15:30,MATCH_KICKOFF_TIME_TIMEZONE_NOT_STATED_BY_SOURCE,,NOT_VERIFIED_DO_NOT_INFER,Famalicao,Farense,1,2,A,EVALUATION_ONLY_JOIN_AFTER_PREMATCH_FEATURE_FREEZE,1.94,3.23,4.26,EXTERNAL_HISTORICAL_MARKET_BENCHMARK,NOT_AVAILABLE,NOT_GOLDBET,b74df28374b4ce26ab81f33527f3a1ac03607b7736b896ea702019e94077f179,1507.7258441677163,1431.8717715292823,75.85407263843399,0.19999999999999996,0.2,0.20000000000000007,30.089816676166038,82,48,False
9b7e92963b9cc159cbe37328,Primeira Liga,2024/2025,DEVELOPMENT,2024-12-21,18:00,MATCH_KICKOFF_TIME_TIMEZONE_NOT_STATED_BY_SOURCE,,NOT_VERIFIED_DO_NOT_INFER,Boavista,AVS,0,0,D,EVALUATION_ONLY_JOIN_AFTER_PREMATCH_FEATURE_FREEZE,2.41,3.05,3.15,EXTERNAL_HISTORICAL_MARKET_BENCHMARK,NOT_AVAILABLE,NOT_GOLDBET,88fb9674e4ee666c26335afb8ef77fea93fc4b1c8b90219995f98978c4911993,1438.3648787354025,1470.3246860157694,-31.95980728036693,0.4,0.0,-0.19999999999999996,-25.41191890351638,82,14,False
5fb855cb4ce707ef8a950381,Primeira Liga,2024/2025,DEVELOPMENT,2024-12-21,20:30,MATCH_KICKOFF_TIME_TIMEZONE_NOT_STATED_BY_SOURCE,,NOT_VERIFIED_DO_NOT_INFER,Moreirense,Porto,0,3,A,EVALUATION_ONLY_JOIN_AFTER_PREMATCH_FEATURE_FREEZE,7.04,4.31,1.45,EXTERNAL_HISTORICAL_MARKET_BENCHMARK,NOT_AVAILABLE,NOT_GOLDBET,f0d6f658df82e7bc798c3839f9b26834d4c73430ce82e4ca3ecc107f091e4096,1515.597953017296,1624.0239167905256,-108.42596377322957,-0.8,-1.2,0.8000000000000003,22.00289095840617,48,82,False
4406f892047892256af560dd,Primeira Liga,2024/2025,DEVELOPMENT,2024-12-22,17:00,MATCH_KICKOFF_TIME_TIMEZONE_NOT_STATED_BY_SOURCE,,NOT_VERIFIED_DO_NOT_INFER,Santa Clara,Sp Braga,0,2,A,EVALUATION_ONLY_JOIN_AFTER_PREMATCH_FEATURE_FREEZE,3.19,3.11,2.35,EXTERNAL_HISTORICAL_MARKET_BENCHMARK,NOT_AVAILABLE,NOT_GOLDBET,7519f1ae721628482e504fbeda53986181e6d619183d5a5e107d3f2066bb3123,1516.323262909577,1570.7070138404094,-54.38375093083255,0.19999999999999996,0.0,1.0,13.215269799731459,48,82,False
d92bf995449013ad63e1ed6b,Primeira Liga,2024/2025,DEVELOPMENT,2024-12-22,20:30,MATCH_KICKOFF_TIME_TIMEZONE_NOT_STATED_BY_SOURCE,,NOT_VERIFIED_DO_NOT_INFER,Gil Vicente,Sp Lisbon,0,0,D,EVALUATION_ONLY_JOIN_AFTER_PREMATCH_FEATURE_FREEZE,8.05,5.19,1.35,EXTERNAL_HISTORICAL_MARKET_BENCHMARK,NOT_AVAILABLE,NOT_GOLDBET,965ff23ce86d0295ce62ab17e679a41fa7ddcb78ca6c9bf577d71616b3f90127,1470.5206036626569,1652.7691837387013,-182.2485800760444,-0.6000000000000001,-1.8,-0.7999999999999998,-15.34208736691653,82,82,False
fac9107990c8358dfacba4d0,Primeira Liga,2024/2025,DEVELOPMENT,2024-12-23,18:45,MATCH_KICKOFF_TIME_TIMEZONE_NOT_STATED_BY_SOURCE,,NOT_VERIFIED_DO_NOT_INFER,Benfica,Estoril,3,0,H,EVALUATION_ONLY_JOIN_AFTER_PREMATCH_FEATURE_FREEZE,1.11,9.23,20.62,EXTERNAL_HISTORICAL_MARKET_BENCHMARK,NOT_AVAILABLE,NOT_GOLDBET,a24a3c928404aeb5c9dded82190e698a1b1782deb11cd1095026d2777360f414,1642.666240442502,1453.2193700244607,189.44687041804127,1.6,2.6,2.4,-15.71778994274996,82,82,False
e753ebd44885612a3967bd32,Primeira Liga,2024/2025,DEVELOPMENT,2024-12-23,18:45,MATCH_KICKOFF_TIME_TIMEZONE_NOT_STATED_BY_SOURCE,,NOT_VERIFIED_DO_NOT_INFER,Guimaraes,Nacional,2,2,D,EVALUATION_ONLY_JOIN_AFTER_PREMATCH_FEATURE_FREEZE,1.37,4.6,8.66,EXTERNAL_HISTORICAL_MARKET_BENCHMARK,NOT_AVAILABLE,NOT_GOLDBET,e98430edb15eeead9b0b0b3d24e748cb7b5d8358a149a35703bb38e9b1575eda,1543.6901685421055,1459.6259789357355,84.06418960637006,0.5999999999999999,1.4,1.8,19.674674284148296,82,14,False
74b6f0efcd9fef3da9522f28,Primeira Liga,2024/2025,DEVELOPMENT,2024-12-23,20:45,MATCH_KICKOFF_TIME_TIMEZONE_NOT_STATED_BY_SOURCE,,NOT_VERIFIED_DO_NOT_INFER,Estrela,Rio Ave,1,0,H,EVALUATION_ONLY_JOIN_AFTER_PREMATCH_FEATURE_FREEZE,2.43,3.14,3.04,EXTERNAL_HISTORICAL_MARKET_BENCHMARK,NOT_AVAILABLE,NOT_GOLDBET,93e56924342051c080783b0a9d8f97cdf6b4ccb182fde0827d1fe77d406c925a,1447.8386641004026,1488.5636946768116,-40.725030576408926,-0.40000000000000013,-1.2000000000000002,1.6,27.891478212342463,48,82,False
f854ad1678f159da32fa50ba,Primeira Liga,2024/2025,DEVELOPMENT,2024-12-27,20:15,MATCH_KICKOFF_TIME_TIMEZONE_NOT_STATED_BY_SOURCE,,NOT_VERIFIED_DO_NOT_INFER,Arouca,Gil Vicente,1,1,D,EVALUATION_ONLY_JOIN_AFTER_PREMATCH_FEATURE_FREEZE,2.22,3.07,3.51,EXTERNAL_HISTORICAL_MARKET_BENCHMARK,NOT_AVAILABLE,NOT_GOLDBET,004e0c07cd4d64cdbb8d0903d47e96e48b4e1d98f02723b4d9dae349f36f6fbd,1455.9435853591146,1473.900841532733,-17.95725617361836,-0.5999999999999999,-0.20000000000000007,0.20000000000000007,-5.365326670913191,83,83,False
ea30b41f568fd339cf9af12b,Primeira Liga,2024/2025,DEVELOPMENT,2024-12-28,15:30,MATCH_KICKOFF_TIME_TIMEZONE_NOT_STATED_BY_SOURCE,,NOT_VERIFIED_DO_NOT_INFER,AVS,Estrela,1,1,D,EVALUATION_ONLY_JOIN_AFTER_PREMATCH_FEATURE_FREEZE,2.4,2.93,3.29,EXTERNAL_HISTORICAL_MARKET_BENCHMARK,NOT_AVAILABLE,NOT_GOLDBET,1bd59543b69ff2912f95cd34e5685a9e40796c1551f43bde365c0a0c86c65bb6,1471.1299999299533,1457.2844543481574,13.845545581795932,-1.0,-0.4,0.4,18.304182708131975,15,49,False
c8fa4a0fab4fe7ab9ea1a6e4,Primeira Liga,2024/2025,DEVELOPMENT,2024-12-28,18:00,MATCH_KICKOFF_TIME_TIMEZONE_NOT_STATED_BY_SOURCE,,NOT_VERIFIED_DO_NOT_INFER,Estoril,Moreirense,2,2,D,EVALUATION_ONLY_JOIN_AFTER_PREMATCH_FEATURE_FREEZE,2.78,2.95,2.75,EXTERNAL_HISTORICAL_MARKET_BENCHMARK,NOT_AVAILABLE,NOT_GOLDBET,ba65c53de7c9a53a7c4146def970598e3b5455c1ac402eb238de24b5b5c44ec7,1449.375846978864,1506.9828079845056,-57.60696100564155,-0.19999999999999996,-0.20000000000000007,0.7999999999999999,-2.827438052023581,83,49,False
95d7b3d3d1bc01e33b20f4d1,Primeira Liga,2024/2025,DEVELOPMENT,2024-12-28,20:30,MATCH_KICKOFF_TIME_TIMEZONE_NOT_STATED_BY_SOURCE,,NOT_VERIFIED_DO_NOT_INFER,Porto,Boavista,4,0,H,EVALUATION_ONLY_JOIN_AFTER_PREMATCH_FEATURE_FREEZE,1.15,7.56,16.14,EXTERNAL_HISTORICAL_MARKET_BENCHMARK,NOT_AVAILABLE,NOT_GOLDBET,8138eed2fe32e6c5b67b2b000dcca8eb0a92f537e03041e438595dad232a4778,1632.639061823316,1437.5595648212186,195.07949700209747,1.4,1.4,2.0,12.085040464925214,83,83,False
c7117d8785e392cbbde59a74,Primeira Liga,2024/2025,DEVELOPMENT,2024-12-29,15:30,MATCH_KICKOFF_TIME_TIMEZONE_NOT_STATED_BY_SOURCE,,NOT_VERIFIED_DO_NOT_INFER,Farense,Guimaraes,2,2,D,EVALUATION_ONLY_JOIN_AFTER_PREMATCH_FEATURE_FREEZE,5.09,3.48,1.73,EXTERNAL_HISTORICAL_MARKET_BENCHMARK,NOT_AVAILABLE,NOT_GOLDBET,1d4bd6e063cc87b4e30f9f70cdb01ae3128a2f1b4415ab0f0b378002b18c1523,1445.5941590983773,1539.7660299927295,-94.1718708943522,0.6000000000000001,-0.2,0.6,-37.42372718513184,49,83,False
7bb94159dd0fed3b2064d63e,Primeira Liga,2024/2025,DEVELOPMENT,2024-12-29,15:30,MATCH_KICKOFF_TIME_TIMEZONE_NOT_STATED_BY_SOURCE,,NOT_VERIFIED_DO_NOT_INFER,Rio Ave,Nacional,2,1,H,EVALUATION_ONLY_JOIN_AFTER_PREMATCH_FEATURE_FREEZE,2.08,3.2,3.71,EXTERNAL_HISTORICAL_MARKET_BENCHMARK,NOT_AVAILABLE,NOT_GOLDBET,d04d99927c55f4e29507253b41e310354ad77d367a32bfcd714ad710e2ec7e15,1479.1179044290568,1463.5501174851115,15.567786943945293,0.3999999999999999,0.6000000000000001,0.9999999999999999,-22.338764217799735,83,15,False
a0640346acf329edf3645251,Primeira Liga,2024/2025,DEVELOPMENT,2024-12-29,18:00,MATCH_KICKOFF_TIME_TIMEZONE_NOT_STATED_BY_SOURCE,,NOT_VERIFIED_DO_NOT_INFER,Sp Braga,Casa Pia,1,2,A,EVALUATION_ONLY_JOIN_AFTER_PREMATCH_FEATURE_FREEZE,1.48,4.29,6.51,EXTERNAL_HISTORICAL_MARKET_BENCHMARK,NOT_AVAILABLE,NOT_GOLDBET,4b72523306ccae0e486fcac9c59468a0f0f5856f33c0ea6b0654334550f80fac,1580.8686484044465,1490.330488001136,90.53816040331048,0.0,-0.2,0.6000000000000001,36.6797268422074,83,83,False
e2760ad63d07b19d40c1c9f0,Primeira Liga,2024/2025,DEVELOPMENT,2024-12-29,20:30,MATCH_KICKOFF_TIME_TIMEZONE_NOT_STATED_BY_SOURCE,,NOT_VERIFIED_DO_NOT_INFER,Sp Lisbon,Benfica,1,0,H,EVALUATION_ONLY_JOIN_AFTER_PREMATCH_FEATURE_FREEZE,2.51,3.41,2.71,EXTERNAL_HISTORICAL_MARKET_BENCHMARK,NOT_AVAILABLE,NOT_GOLDBET,d255b67cac799d7155ec7112733eb95c9a40ca4f7e6b7699761cde9aaeb89a7e,1649.3889458686251,1646.5097634880985,2.879182380526572,-1.2000000000000002,-1.4000000000000001,-0.20000000000000018,20.41195833356869,83,83,False
e723e2c65fc53ce20e0b1c19,Primeira Liga,2024/2025,DEVELOPMENT,2024-12-30,20:15,MATCH_KICKOFF_TIME_TIMEZONE_NOT_STATED_BY_SOURCE,,NOT_VERIFIED_DO_NOT_INFER,Famalicao,Santa Clara,1,2,A,EVALUATION_ONLY_JOIN_AFTER_PREMATCH_FEATURE_FREEZE,3.03,2.8,2.68,EXTERNAL_HISTORICAL_MARKET_BENCHMARK,NOT_AVAILABLE,NOT_GOLDBET,3398b79499fe953e466d2bf994c81942aca10122996d4ba7d4cf5ed90b977938,1494.0034565986214,1506.1616283455398,-12.15817174691847,-1.2000000000000002,-0.4,0.0,-41.54026901426096,83,49,False
61571e86eeaf3c0cb6332b56,Primeira Liga,2024/2025,DEVELOPMENT,2025-01-03,20:15,MATCH_KICKOFF_TIME_TIMEZONE_NOT_STATED_BY_SOURCE,,NOT_VERIFIED_DO_NOT_INFER,Guimaraes,Sp Lisbon,4,4,D,EVALUATION_ONLY_JOIN_AFTER_PREMATCH_FEATURE_FREEZE,3.76,3.51,1.95,EXTERNAL_HISTORICAL_MARKET_BENCHMARK,NOT_AVAILABLE,NOT_GOLDBET,6be8a1c9d20321cf61eb5217d0f86330b2569d212655558efca3ee9edfc5fff0,1538.785643743253,1657.5986415491695,-118.81299780591644,-0.19999999999999996,0.6,-0.3999999999999999,-18.451511847083793,84,84,False
376da704df1ec93d454f7a00,Primeira Liga,2024/2025,DEVELOPMENT,2025-01-04,15:30,MATCH_KICKOFF_TIME_TIMEZONE_NOT_STATED_BY_SOURCE,,NOT_VERIFIED_DO_NOT_INFER,Moreirense,AVS,1,1,D,EVALUATION_ONLY_JOIN_AFTER_PREMATCH_FEATURE_FREEZE,1.89,3.22,4.5,EXTERNAL_HISTORICAL_MARKET_BENCHMARK,NOT_AVAILABLE,NOT_GOLDBET,23bc6380dfd3f3694a2599e0fbfd793253affe1b9f193e535e33fc93da842d00,1507.0516840942744,1469.0359921175977,38.015691976676635,0.0,-0.6000000000000001,1.2,20.208951078735254,50,16,False
4502536183a00b11062de1e4,Primeira Liga,2024/2025,DEVELOPMENT,2025-01-04,18:00,MATCH_KICKOFF_TIME_TIMEZONE_NOT_STATED_BY_SOURCE,,NOT_VERIFIED_DO_NOT_INFER,Benfica,Sp Braga,1,2,A,EVALUATION_ONLY_JOIN_AFTER_PREMATCH_FEATURE_FREEZE,1.34,5.34,7.84,EXTERNAL_HISTORICAL_MARKET_BENCHMARK,NOT_AVAILABLE,NOT_GOLDBET,62e233f16e5b6e6d303875709d7e012d90df4abf6695bf84e3d9de5e7f289349,1638.3000678075541,1566.7880299046835,71.51203790287059,0.3999999999999999,0.6,0.6000000000000001,28.194105073381706,84,84,False
1aede024a74df35bddfb190e,Primeira Liga,2024/2025,DEVELOPMENT,2025-01-04,20:30,MATCH_KICKOFF_TIME_TIMEZONE_NOT_STATED_BY_SOURCE,,NOT_VERIFIED_DO_NOT_INFER,Boavista,Arouca,1,3,A,EVALUATION_ONLY_JOIN_AFTER_PREMATCH_FEATURE_FREEZE,3.77,3.14,2.09,EXTERNAL_HISTORICAL_MARKET_BENCHMARK,NOT_AVAILABLE,NOT_GOLDBET,42798effedba72a0b7c0985e1d9a02a94d6be0a3b4f401fac4d2e665c5b76d8f,1433.815711210079,1454.7393700108184,-20.92365880073953,-0.20000000000000007,-0.19999999999999996,0.2,21.829316533811834,84,84,False
f4a133a86f4efe65d69b173f,Primeira Liga,2024/2025,DEVELOPMENT,2025-01-05,15:30,MATCH_KICKOFF_TIME_TIMEZONE_NOT_STATED_BY_SOURCE,,NOT_VERIFIED_DO_NOT_INFER,Santa Clara,Farense,0,0,D,EVALUATION_ONLY_JOIN_AFTER_PREMATCH_FEATURE_FREEZE,1.67,3.33,6.17,EXTERNAL_HISTORICAL_MARKET_BENCHMARK,NOT_AVAILABLE,NOT_GOLDBET,a3dff70dc1cc6940fa42bd41546a18d2d4be0f47b1fcc88c735f459045d1dad5,1517.5299891554032,1446.5745453478537,70.9554438075495,0.19999999999999996,-0.2,1.2,57.89684525549433,50,50,False
114fc5f0b4f2327bcbb178fc,Primeira Liga,2024/2025,DEVELOPMENT,2025-01-05,18:00,MATCH_KICKOFF_TIME_TIMEZONE_NOT_STATED_BY_SOURCE,,NOT_VERIFIED_DO_NOT_INFER,Casa Pia,Famalicao,1,1,D,EVALUATION_ONLY_JOIN_AFTER_PREMATCH_FEATURE_FREEZE,2.09,3.12,3.81,EXTERNAL_HISTORICAL_MARKET_BENCHMARK,NOT_AVAILABLE,NOT_GOLDBET,75e3e37794ae8231b686469bf783b96c24b4f609c642ecc541427e1101ea28cc,1504.411106500899,1482.635095788758,21.776010712140987,1.6,1.2,0.6000000000000001,1.5084407095714596,84,84,False
df70f55f6a83698c41b42b0a,Primeira Liga,2024/2025,DEVELOPMENT,2025-01-05,20:30,MATCH_KICKOFF_TIME_TIMEZONE_NOT_STATED_BY_SOURCE,,NOT_VERIFIED_DO_NOT_INFER,Estrela,Estoril,2,4,A,EVALUATION_ONLY_JOIN_AFTER_PREMATCH_FEATURE_FREEZE,2.35,3,3.3,EXTERNAL_HISTORICAL_MARKET_BENCHMARK,NOT_AVAILABLE,NOT_GOLDBET,79ad4a78e39a3311abbf866a16ce26c3d57a5acec4e82c5ae42b107077293f8e,1459.378462160513,1449.3069708690953,10.071491291417715,0.3999999999999999,0.6000000000000001,2.2,-47.62250363012549,50,84,False
17013b5eb0077164f0fab56b,Primeira Liga,2024/2025,DEVELOPMENT,2025-01-06,20:15,MATCH_KICKOFF_TIME_TIMEZONE_NOT_STATED_BY_SOURCE,,NOT_VERIFIED_DO_NOT_INFER,Gil Vicente,Rio Ave,1,1,D,EVALUATION_ONLY_JOIN_AFTER_PREMATCH_FEATURE_FREEZE,2.14,3.14,3.62,EXTERNAL_HISTORICAL_MARKET_BENCHMARK,NOT_AVAILABLE,NOT_GOLDBET,7c658999667b13fb14ec31acc35ebfa63b7f4609e5551c5944e42b3f82733035,1475.1050568810292,1486.9765496430662,-11.87149276203695,0.20000000000000018,-0.4,1.0,12.765485091735854,84,84,False
ecdbad9407af4215fd3a8b72,Primeira Liga,2024/2025,DEVELOPMENT,2025-01-12,15:30,MATCH_KICKOFF_TIME_TIMEZONE_NOT_STATED_BY_SOURCE,,NOT_VERIFIED_DO_NOT_INFER,Nacional,Porto,2,0,H,EVALUATION_ONLY_JOIN_AFTER_PREMATCH_FEATURE_FREEZE,8.35,4.89,1.37,EXTERNAL_HISTORICAL_MARKET_BENCHMARK,NOT_AVAILABLE,NOT_GOLDBET,58b73480741d7f9ded71ab38cf12d4c62a14dc889451045d6e46401977a3a900,1455.6914722711022,1636.3829154344558,-180.6914431633536,-1.8,-2.8000000000000003,-0.6000000000000001,49.89400280303744,16,84,False
8aea3e0c070f2763627f57b7,Primeira Liga,2024/2025,DEVELOPMENT,2025-01-17,20:15,MATCH_KICKOFF_TIME_TIMEZONE_NOT_STATED_BY_SOURCE,,NOT_VERIFIED_DO_NOT_INFER,Benfica,Famalicao,4,0,H,EVALUATION_ONLY_JOIN_AFTER_PREMATCH_FEATURE_FREEZE,1.22,6.32,11.6,EXTERNAL_HISTORICAL_MARKET_BENCHMARK,NOT_AVAILABLE,NOT_GOLDBET,f2f957dd0d5b6252f0489d48494d970d4b69fa85d8cf76e180e4185ce047d3f1,1624.685834968342,1484.9462762201936,139.7395587481485,0.7999999999999999,1.0,1.2,-6.998013959337641,85,85,False
54956d7ddb8f966295f6a479,Primeira Liga,2024/2025,DEVELOPMENT,2025-01-18,15:30,MATCH_KICKOFF_TIME_TIMEZONE_NOT_STATED_BY_SOURCE,,NOT_VERIFIED_DO_NOT_INFER,Santa Clara,Estoril,2,3,A,EVALUATION_ONLY_JOIN_AFTER_PREMATCH_FEATURE_FREEZE,1.69,3.49,5.44,EXTERNAL_HISTORICAL_MARKET_BENCHMARK,NOT_AVAILABLE,NOT_GOLDBET,21eb350580fc37a61036102a8643ca87e238793e8df54868f4b2604c5b718e4c,1513.9296917889992,1461.2968830897614,52.632808699237785,0.3999999999999999,0.39999999999999997,1.2,-39.61855573176126,51,85,False
67dd46a72d097e114af92bc4,Primeira Liga,2024/2025,DEVELOPMENT,2025-01-18,18:00,MATCH_KICKOFF_TIME_TIMEZONE_NOT_STATED_BY_SOURCE,,NOT_VERIFIED_DO_NOT_INFER,Rio Ave,Sp Lisbon,0,3,A,EVALUATION_ONLY_JOIN_AFTER_PREMATCH_FEATURE_FREEZE,8.69,5.17,1.32,EXTERNAL_HISTORICAL_MARKET_BENCHMARK,NOT_AVAILABLE,NOT_GOLDBET,53d847f7728ba2d42bc30bfc0a1059be2e083bdce79ec01565d1eb760e8eec71,1488.3530063234891,1655.9218529247382,-167.5688466012491,-0.6000000000000001,-0.4,0.19999999999999996,-32.403972564244896,85,85,False
0cc8d368037cb9c549069d79,Primeira Liga,2024/2025,DEVELOPMENT,2025-01-18,20:30,MATCH_KICKOFF_TIME_TIMEZONE_NOT_STATED_BY_SOURCE,,NOT_VERIFIED_DO_NOT_INFER,Guimaraes,Arouca,2,2,D,EVALUATION_ONLY_JOIN_AFTER_PREMATCH_FEATURE_FREEZE,1.67,3.62,5.38,EXTERNAL_HISTORICAL_MARKET_BENCHMARK,NOT_AVAILABLE,NOT_GOLDBET,e3240b6af075024e7051f87add82df31f27e2a275bf0dc1b550681699503ee2b,1540.4624323676844,1465.859359000767,74.60307336691744,-0.5999999999999999,-0.2,1.0,64.79886539896916,85,85,False
bafa1a5c278009679c79b1e9,Primeira Liga,2024/2025,DEVELOPMENT,2025-01-19,15:30,MATCH_KICKOFF_TIME_TIMEZONE_NOT_STATED_BY_SOURCE,,NOT_VERIFIED_DO_NOT_INFER,Moreirense,Farense,0,0,D,EVALUATION_ONLY_JOIN_AFTER_PREMATCH_FEATURE_FREEZE,1.94,3.14,4.41,EXTERNAL_HISTORICAL_MARKET_BENCHMARK,NOT_AVAILABLE,NOT_GOLDBET,d6d198386f1db18f8f0d607977133152033c95ee5e9cf95da147da19eb0581d8,1504.3030990238046,1450.1748427142577,54.12825630954694,-0.19999999999999996,-0.6,0.8,38.50189666546726,51,51,False
531ef8000e9b7d88a879af18,Primeira Liga,2024/2025,DEVELOPMENT,2025-01-19,15:30,MATCH_KICKOFF_TIME_TIMEZONE_NOT_STATED_BY_SOURCE,,NOT_VERIFIED_DO_NOT_INFER,Nacional,AVS,3,1,H,EVALUATION_ONLY_JOIN_AFTER_PREMATCH_FEATURE_FREEZE,2,3.2,4.05,EXTERNAL_HISTORICAL_MARKET_BENCHMARK,NOT_AVAILABLE,NOT_GOLDBET,df4d93f6abd5c5a884f1cde8ba8a89d3152df202ecbb42c5b63032dc8db154e8,1469.031953082815,1471.7845771880675,-2.75262410525238,0.3999999999999999,0.0,1.0,61.26131879709828,17,17,False
47520791a9483e4b3baee1f9,Primeira Liga,2024/2025,DEVELOPMENT,2025-01-19,18:00,MATCH_KICKOFF_TIME_TIMEZONE_NOT_STATED_BY_SOURCE,,NOT_VERIFIED_DO_NOT_INFER,Estrela,Sp Braga,0,1,A,EVALUATION_ONLY_JOIN_AFTER_PREMATCH_FEATURE_FREEZE,4.6,3.86,1.72,EXTERNAL_HISTORICAL_MARKET_BENCHMARK,NOT_AVAILABLE,NOT_GOLDBET,4f6e188f1c3b978398054d7d093bfe1a9e57bca038c69ea38f418bdbe1ee44a1,1447.3885499398468,1580.4022627438956,-133.01371280404874,-0.20000000000000018,-0.8,-0.3999999999999999,-23.637294078788045,51,85,False
4ac303389328d1e472b33018,Primeira Liga,2024/2025,DEVELOPMENT,2025-01-19,20:30,MATCH_KICKOFF_TIME_TIMEZONE_NOT_STATED_BY_SOURCE,,NOT_VERIFIED_DO_NOT_INFER,Gil Vicente,Porto,3,1,H,EVALUATION_ONLY_JOIN_AFTER_PREMATCH_FEATURE_FREEZE,7.15,4.35,1.44,EXTERNAL_HISTORICAL_MARKET_BENCHMARK,NOT_AVAILABLE,NOT_GOLDBET,f3b359e1f2a935f02c576104f75e8031d4dfbd8f04d2869d65b977e076128064,1473.7286002006063,1623.0424346227428,-149.31383442213655,-0.19999999999999996,-0.9999999999999999,0.20000000000000018,28.084615377919818,85,85,False
9f2258aa689a54c7a682f688,Primeira Liga,2024/2025,DEVELOPMENT,2025-01-20,20:15,MATCH_KICKOFF_TIME_TIMEZONE_NOT_STATED_BY_SOURCE,,NOT_VERIFIED_DO_NOT_INFER,Boavista,Casa Pia,2,3,A,EVALUATION_ONLY_JOIN_AFTER_PREMATCH_FEATURE_FREEZE,3.96,3.13,2.05,EXTERNAL_HISTORICAL_MARKET_BENCHMARK,NOT_AVAILABLE,NOT_GOLDBET,04a9e2b00b7b11a76e7f5f99c791dcbe344d6ca11778bf1694565a2df52e06d1,1422.6957222201304,1502.0999260694634,-79.40420384933304,-1.8000000000000003,-2.4,-0.9999999999999999,38.20518621193696,85,85,False
70a3a1b056c8f8d6499cdfb4,Primeira Liga,2024/2025,DEVELOPMENT,2025-01-24,20:15,MATCH_KICKOFF_TIME_TIMEZONE_NOT_STATED_BY_SOURCE,,NOT_VERIFIED_DO_NOT_INFER,Arouca,Moreirense,1,0,H,EVALUATION_ONLY_JOIN_AFTER_PREMATCH_FEATURE_FREEZE,2.38,3.08,3.18,EXTERNAL_HISTORICAL_MARKET_BENCHMARK,NOT_AVAILABLE,NOT_GOLDBET,6eca871cc05e84caf4c598229b68691f7708120185c56b6b399233ad6794bdf4,1469.5506875648812,1501.1314880371303,-31.580800472249166,1.0,1.0,0.19999999999999996,1.7058104971688408,86,52,False
ac3b6b3f09cf04284627931e,Primeira Liga,2024/2025,DEVELOPMENT,2025-01-25,15:30,MATCH_KICKOFF_TIME_TIMEZONE_NOT_STATED_BY_SOURCE,,NOT_VERIFIED_DO_NOT_INFER,Famalicao,Estrela,0,0,D,EVALUATION_ONLY_JOIN_AFTER_PREMATCH_FEATURE_FREEZE,1.79,3.42,4.81,EXTERNAL_HISTORICAL_MARKET_BENCHMARK,NOT_AVAILABLE,NOT_GOLDBET,52be7f954ce8fe52b37d4567c79e66d29864db1d4b8a29344eafd48515b93923,1480.1357395221792,1439.459654069729,40.67608545245025,-0.4,-0.3999999999999999,0.2,6.4475617856016925,86,52,False
19628164309f00e9a8235cf0,Primeira Liga,2024/2025,DEVELOPMENT,2025-01-25,15:30,MATCH_KICKOFF_TIME_TIMEZONE_NOT_STATED_BY_SOURCE,,NOT_VERIFIED_DO_NOT_INFER,Farense,Rio Ave,1,2,A,EVALUATION_ONLY_JOIN_AFTER_PREMATCH_FEATURE_FREEZE,2.4,3.08,3.14,EXTERNAL_HISTORICAL_MARKET_BENCHMARK,NOT_AVAILABLE,NOT_GOLDBET,1de9d2e3e610794d7c816b27415bd9881c1f41f20dcbf9d2f0254045e746d92b,1453.346453700932,1481.35381096159,-28.007357260657955,0.19999999999999996,0.6,0.5999999999999999,-11.473454795810085,52,86,False
afb44fb41ce3ebe959484337,Primeira Liga,2024/2025,DEVELOPMENT,2025-01-25,18:00,MATCH_KICKOFF_TIME_TIMEZONE_NOT_STATED_BY_SOURCE,,NOT_VERIFIED_DO_NOT_INFER,Casa Pia,Benfica,3,1,H,EVALUATION_ONLY_JOIN_AFTER_PREMATCH_FEATURE_FREEZE,8.35,4.84,1.37,EXTERNAL_HISTORICAL_MARKET_BENCHMARK,NOT_AVAILABLE,NOT_GOLDBET,a83c2a15f85009e976a43ac1acad92b48b7e29a73afb93a837e6e87347585a8b,1511.54200815295,1629.4963716663565,-117.9543635134064,0.8,-0.19999999999999996,-0.19999999999999996,-41.2523736683936,86,86,False
2e03c29ff9cc37903ba730f1,Primeira Liga,2024/2025,DEVELOPMENT,2025-01-25,20:30,MATCH_KICKOFF_TIME_TIMEZONE_NOT_STATED_BY_SOURCE,,NOT_VERIFIED_DO_NOT_INFER,Sp Lisbon,Nacional,2,0,H,EVALUATION_ONLY_JOIN_AFTER_PREMATCH_FEATURE_FREEZE,1.16,8.33,13.86,EXTERNAL_HISTORICAL_MARKET_BENCHMARK,NOT_AVAILABLE,NOT_GOLDBET,3e6d68382ebb8fd33c41555970627d1aa514869943e954d1e58715d4cac0bf85,1662.9210482866374,1477.3989925205979,185.52205576603956,0.8000000000000003,0.8,2.1999999999999997,-36.12310033841641,86,18,False
e212af3255fdc8d8568f1f11,Primeira Liga,2024/2025,DEVELOPMENT,2025-01-26,15:30,MATCH_KICKOFF_TIME_TIMEZONE_NOT_STATED_BY_SOURCE,,NOT_VERIFIED_DO_NOT_INFER,Estoril,Guimaraes,1,0,H,EVALUATION_ONLY_JOIN_AFTER_PREMATCH_FEATURE_FREEZE,4.31,3.51,1.84,EXTERNAL_HISTORICAL_MARKET_BENCHMARK,NOT_AVAILABLE,NOT_GOLDBET,03fe10e4e839eeca3e0be44a38e9026fc1aacfcf3edafe4e66765e96845e63b9,1474.4297286427438,1536.7711038035702,-62.341375160826374,0.3999999999999999,-0.4,1.0,15.318835455324688,86,86,False
22d752e21f753a6db2c031be,Primeira Liga,2024/2025,DEVELOPMENT,2025-01-26,18:00,MATCH_KICKOFF_TIME_TIMEZONE_NOT_STATED_BY_SOURCE,,NOT_VERIFIED_DO_NOT_INFER,Porto,Santa Clara,1,1,D,EVALUATION_ONLY_JOIN_AFTER_PREMATCH_FEATURE_FREEZE,1.65,3.61,5.65,EXTERNAL_HISTORICAL_MARKET_BENCHMARK,NOT_AVAILABLE,NOT_GOLDBET,4093450c9c189036c1e6c61b0be7f65957f298c4812125c757cacd3e8ca1c808,1610.5269435282776,1500.7968462360168,109.73009729226078,1.0,1.6,1.8,-18.249114087440148,86,52,False
1ad5a3c29d9b105403c3523e,Primeira Liga,2024/2025,DEVELOPMENT,2025-01-26,20:30,MATCH_KICKOFF_TIME_TIMEZONE_NOT_STATED_BY_SOURCE,,NOT_VERIFIED_DO_NOT_INFER,Sp Braga,Boavista,3,0,H,EVALUATION_ONLY_JOIN_AFTER_PREMATCH_FEATURE_FREEZE,1.28,5.64,9.89,EXTERNAL_HISTORICAL_MARKET_BENCHMARK,NOT_AVAILABLE,NOT_GOLDBET,bf221780cda541d15d12aa886baf4d7e88548b6fa49629c7c1763d9d9fdfa069,1588.3311586140135,1413.2536401366438,175.07751847736972,1.8,2.2,0.0,-22.510004601498167,86,86,False
9e34c29a05344ba98aeb67ba,Primeira Liga,2024/2025,DEVELOPMENT,2025-01-27,20:15,MATCH_KICKOFF_TIME_TIMEZONE_NOT_STATED_BY_SOURCE,,NOT_VERIFIED_DO_NOT_INFER,AVS,Gil Vicente,1,0,H,EVALUATION_ONLY_JOIN_AFTER_PREMATCH_FEATURE_FREEZE,3.21,3,2.4,EXTERNAL_HISTORICAL_MARKET_BENCHMARK,NOT_AVAILABLE,NOT_GOLDBET,ff371d4492a7eab7c5e5645dfd6c5074bea1b83bbcb030d03600341ede2aa0a5,1463.4175377502847,1486.2440912950715,-22.826553544786748,-1.0,-1.0,-0.4,-30.26255756599835,18,86,False
651b2f1e6df1c79b7cd69deb,Primeira Liga,2024/2025,DEVELOPMENT,2025-01-31,20:15,MATCH_KICKOFF_TIME_TIMEZONE_NOT_STATED_BY_SOURCE,,NOT_VERIFIED_DO_NOT_INFER,Boavista,Famalicao,0,2,A,EVALUATION_ONLY_JOIN_AFTER_PREMATCH_FEATURE_FREEZE,3.66,3.27,2.08,EXTERNAL_HISTORICAL_MARKET_BENCHMARK,NOT_AVAILABLE,NOT_GOLDBET,56fb3610d436c295a22714f16c89bd9d3b77607eeee4de5352620d707aa858c7,1409.1467349397083,1477.316517041337,-68.1697821016287,-0.2,-0.8,-0.6,28.308841423917784,87,87,False
5a6011f15e8b3838ba5721b4,Primeira Liga,2024/2025,DEVELOPMENT,2025-02-01,15:30,MATCH_KICKOFF_TIME_TIMEZONE_NOT_STATED_BY_SOURCE,,NOT_VERIFIED_DO_NOT_INFER,Nacional,Arouca,1,2,A,EVALUATION_ONLY_JOIN_AFTER_PREMATCH_FEATURE_FREEZE,2.35,3.12,3.18,EXTERNAL_HISTORICAL_MARKET_BENCHMARK,NOT_AVAILABLE,NOT_GOLDBET,b7e2865be6c1c8643fceb5423c6e03698bbda6396c329864e24f909502abc3c2,1473.4848322975843,1478.7345366603859,-5.2497043628015945,-0.20000000000000018,0.0,1.0,72.40487172881967,19,87,False
464b340ccca0122dbf30a5ef,Primeira Liga,2024/2025,DEVELOPMENT,2025-02-01,15:30,MATCH_KICKOFF_TIME_TIMEZONE_NOT_STATED_BY_SOURCE,,NOT_VERIFIED_DO_NOT_INFER,Santa Clara,Casa Pia,2,1,H,EVALUATION_ONLY_JOIN_AFTER_PREMATCH_FEATURE_FREEZE,2.11,3.01,3.96,EXTERNAL_HISTORICAL_MARKET_BENCHMARK,NOT_AVAILABLE,NOT_GOLDBET,464f79a00a39ad62305eb8dac0633ccd32afc9c9709ca2c36b461f328d6253ab,1505.3272758835312,1523.1947682367281,-17.867492353196894,-1.6,-1.6,-0.6000000000000001,0.7401426107153384,53,87,False
31028a390937d1f37ac58b5f,Primeira Liga,2024/2025,DEVELOPMENT,2025-02-01,18:00,MATCH_KICKOFF_TIME_TIMEZONE_NOT_STATED_BY_SOURCE,,NOT_VERIFIED_DO_NOT_INFER,Gil Vicente,Estoril,1,2,A,EVALUATION_ONLY_JOIN_AFTER_PREMATCH_FEATURE_FREEZE,2.15,3.03,3.81,EXTERNAL_HISTORICAL_MARKET_BENCHMARK,NOT_AVAILABLE,NOT_GOLDBET,2cfd10598a955700b54a422c1acd498148c030d3ab57b62c59eeb07042dcae0c,1477.3099649353553,1484.4971178168814,-7.187152881526117,-0.8,0.0,0.20000000000000018,4.484196986763891,87,87,False
1de0216dd14e7ecf31b2bd98,Primeira Liga,2024/2025,DEVELOPMENT,2025-02-01,20:30,MATCH_KICKOFF_TIME_TIMEZONE_NOT_STATED_BY_SOURCE,,NOT_VERIFIED_DO_NOT_INFER,Guimaraes,AVS,2,0,H,EVALUATION_ONLY_JOIN_AFTER_PREMATCH_FEATURE_FREEZE,1.55,3.96,6.15,EXTERNAL_HISTORICAL_MARKET_BENCHMARK,NOT_AVAILABLE,NOT_GOLDBET,f854d6a8b2ffc86754a07c2b14cb5ae5f623e5527e6db1a341eef241d001803b,1526.7037146294326,1472.351664110001,54.352050519431714,-0.3999999999999999,0.0,1.0,29.026161134214362,87,19,False
3d93a69a58917db65746a826,Primeira Liga,2024/2025,DEVELOPMENT,2025-02-02,18:00,MATCH_KICKOFF_TIME_TIMEZONE_NOT_STATED_BY_SOURCE,,NOT_VERIFIED_DO_NOT_INFER,Sp Lisbon,Farense,3,1,H,EVALUATION_ONLY_JOIN_AFTER_PREMATCH_FEATURE_FREEZE,1.16,7.28,16.16,EXTERNAL_HISTORICAL_MARKET_BENCHMARK,NOT_AVAILABLE,NOT_GOLDBET,4e17d84d050883f780eddc626ab062fe684ad440df9cb8a83eea2bd8337d6afe,1666.835208509651,1442.4282252184657,224.40698329118527,1.0000000000000002,1.2,1.0,14.177847287370469,87,53,False
ff02be30ff15c30bce0fdb30,Primeira Liga,2024/2025,DEVELOPMENT,2025-02-02,20:30,MATCH_KICKOFF_TIME_TIMEZONE_NOT_STATED_BY_SOURCE,,NOT_VERIFIED_DO_NOT_INFER,Estrela,Benfica,2,3,A,EVALUATION_ONLY_JOIN_AFTER_PREMATCH_FEATURE_FREEZE,13.18,6.92,1.19,EXTERNAL_HISTORICAL_MARKET_BENCHMARK,NOT_AVAILABLE,NOT_GOLDBET,35f30e3c07ea2233afd0b35b918d0f1126850df022907a1c1881a65b1b3892a1,1442.278876550571,1617.8436115825784,-175.56473503200732,-0.19999999999999996,-1.0,0.40000000000000013,-39.26919248579566,53,87,False
8a27a1b53401b4e4a393ae52,Primeira Liga,2024/2025,DEVELOPMENT,2025-02-03,18:45,MATCH_KICKOFF_TIME_TIMEZONE_NOT_STATED_BY_SOURCE,,NOT_VERIFIED_DO_NOT_INFER,Moreirense,Sp Braga,1,2,A,EVALUATION_ONLY_JOIN_AFTER_PREMATCH_FEATURE_FREEZE,3.21,3.27,2.26,EXTERNAL_HISTORICAL_MARKET_BENCHMARK,NOT_AVAILABLE,NOT_GOLDBET,c64f1b6efaa88e7a8e1ff1b2a481dbf47ea5e4af4350748907f4962d6ac31cf9,1491.9476389416257,1592.438063810949,-100.4904248693233,-1.7999999999999998,-2.0,-1.4,-8.686944525726176,53,87,False
6efbc52c2fa61e24e67795f5,Primeira Liga,2024/2025,DEVELOPMENT,2025-02-03,20:45,MATCH_KICKOFF_TIME_TIMEZONE_NOT_STATED_BY_SOURCE,,NOT_VERIFIED_DO_NOT_INFER,Rio Ave,Porto,2,2,D,EVALUATION_ONLY_JOIN_AFTER_PREMATCH_FEATURE_FREEZE,7.17,4.58,1.42,EXTERNAL_HISTORICAL_MARKET_BENCHMARK,NOT_AVAILABLE,NOT_GOLDBET,e4fce2b90af68056c002adad10dd4d1793b0d83304501a4579f4a165c1d31e10,1492.2720394440562,1605.9965138807631,-113.72447443670694,0.0,-1.0,0.8,22.47754170919484,87,87,False
8dd3a46ccf493ff9e605a03e,Primeira Liga,2024/2025,DEVELOPMENT,2025-02-07,20:15,MATCH_KICKOFF_TIME_TIMEZONE_NOT_STATED_BY_SOURCE,,NOT_VERIFIED_DO_NOT_INFER,Porto,Sp Lisbon,1,1,D,EVALUATION_ONLY_JOIN_AFTER_PREMATCH_FEATURE_FREEZE,2.85,3.1,2.63,EXTERNAL_HISTORICAL_MARKET_BENCHMARK,NOT_AVAILABLE,NOT_GOLDBET,c4810ad84c6d7cdbdf9a72abda1415b74e6634519ed35d14a4841ae45b747c77,1604.4624070463958,1670.0921963327012,-65.62978928630537,-1.6,-1.6,1.0,-46.68542166418092,88,88,False
f5d8b155377b925c007f399a,Primeira Liga,2024/2025,DEVELOPMENT,2025-02-08,15:30,MATCH_KICKOFF_TIME_TIMEZONE_NOT_STATED_BY_SOURCE,,NOT_VERIFIED_DO_NOT_INFER,AVS,Santa Clara,1,2,A,EVALUATION_ONLY_JOIN_AFTER_PREMATCH_FEATURE_FREEZE,3.78,2.89,2.25,EXTERNAL_HISTORICAL_MARKET_BENCHMARK,NOT_AVAILABLE,NOT_GOLDBET,08684d8db8544355feb93676ea4845d0827e35d2858804f70dfc78de1fe59115,1465.5290672883334,1514.1205144698995,-48.59144718156608,-0.6000000000000001,-0.8,-0.3999999999999999,-17.856139870298193,20,54,False
3afcd92fac6a5f2eb7292425,Primeira Liga,2024/2025,DEVELOPMENT,2025-02-08,18:00,MATCH_KICKOFF_TIME_TIMEZONE_NOT_STATED_BY_SOURCE,,NOT_VERIFIED_DO_NOT_INFER,Benfica,Moreirense,3,2,H,EVALUATION_ONLY_JOIN_AFTER_PREMATCH_FEATURE_FREEZE,1.19,7.06,14.2,EXTERNAL_HISTORICAL_MARKET_BENCHMARK,NOT_AVAILABLE,NOT_GOLDBET,ace0541c519df05bcff520138db4f449529e2767987020718e1c926c3422528d,1624.6348632846577,1483.1077994593277,141.52706382533006,0.6,0.6000000000000001,2.1999999999999997,44.873740702094665,88,54,False
1f6c2c44dc51fd294dbb3d36,Primeira Liga,2024/2025,DEVELOPMENT,2025-02-08,20:30,MATCH_KICKOFF_TIME_TIMEZONE_NOT_STATED_BY_SOURCE,,NOT_VERIFIED_DO_NOT_INFER,Famalicao,Guimaraes,0,0,D,EVALUATION_ONLY_JOIN_AFTER_PREMATCH_FEATURE_FREEZE,3.29,3.12,2.32,EXTERNAL_HISTORICAL_MARKET_BENCHMARK,NOT_AVAILABLE,NOT_GOLDBET,1fb75d77c8527b6360f99ed706d93a109f66af892c2584df023057eabca50efa,1487.0814151405875,1533.5263114511001,-46.444896310512604,-0.19999999999999996,-0.8,0.19999999999999996,-6.393718715368095,88,88,False
b79f8ab365358f21cd406a0f,Primeira Liga,2024/2025,DEVELOPMENT,2025-02-09,15:30,MATCH_KICKOFF_TIME_TIMEZONE_NOT_STATED_BY_SOURCE,,NOT_VERIFIED_DO_NOT_INFER,Estoril,Boavista,2,1,H,EVALUATION_ONLY_JOIN_AFTER_PREMATCH_FEATURE_FREEZE,1.57,4,5.96,EXTERNAL_HISTORICAL_MARKET_BENCHMARK,NOT_AVAILABLE,NOT_GOLDBET,802a93d34301fd40db7cb7c13d43a3c5e55f66482f668f095c96c0e362670c18,1496.0055931737763,1399.3818368404577,96.62375633331862,2.6,3.4,0.8,-32.15080057720115,88,88,False
8c870dc9959369c3565da7a1,Primeira Liga,2024/2025,DEVELOPMENT,2025-02-09,15:30,MATCH_KICKOFF_TIME_TIMEZONE_NOT_STATED_BY_SOURCE,,NOT_VERIFIED_DO_NOT_INFER,Farense,Nacional,0,2,A,EVALUATION_ONLY_JOIN_AFTER_PREMATCH_FEATURE_FREEZE,2.4,3.07,3.19,EXTERNAL_HISTORICAL_MARKET_BENCHMARK,NOT_AVAILABLE,NOT_GOLDBET,18ca65fffd488a5bc694167cb7e3df38ffed5e8dd8c6b7edb64024904e6a9628,1439.1712373954156,1461.921907970398,-22.75067057498245,-0.6,-0.6,0.6000000000000001,-3.8305688710850063,54,20,False
c320f2cf13f096a8c9633491,Primeira Liga,2024/2025,DEVELOPMENT,2025-02-09,18:00,MATCH_KICKOFF_TIME_TIMEZONE_NOT_STATED_BY_SOURCE,,NOT_VERIFIED_DO_NOT_INFER,Sp Braga,Gil Vicente,2,0,H,EVALUATION_ONLY_JOIN_AFTER_PREMATCH_FEATURE_FREEZE,1.65,3.94,5.1,EXTERNAL_HISTORICAL_MARKET_BENCHMARK,NOT_AVAILABLE,NOT_GOLDBET,e6cfd4b8408095390eabbd50244700989bf5ad67cacb631cb7592cd49b1f14ad,1601.277903293247,1465.8014895784604,135.47641371478653,1.4,1.0,0.19999999999999996,-6.531368073056683,88,88,False
cc32f55fc2da8449740ae742,Primeira Liga,2024/2025,DEVELOPMENT,2025-02-09,20:30,MATCH_KICKOFF_TIME_TIMEZONE_NOT_STATED_BY_SOURCE,,NOT_VERIFIED_DO_NOT_INFER,Casa Pia,Estrela,1,0,H,EVALUATION_ONLY_JOIN_AFTER_PREMATCH_FEATURE_FREEZE,1.9,3.28,4.44,EXTERNAL_HISTORICAL_MARKET_BENCHMARK,NOT_AVAILABLE,NOT_GOLDBET,0425cba1793ebd5355c3316528119e28c0bba76e320d2dfb5fdb0bfe78bdecd7,1514.4015296503599,1435.4876248484918,78.91390480186806,1.6,1.4,1.4,4.440905863104035,88,54,False
1ae333abdb54c04d3297cd27,Primeira Liga,2024/2025,DEVELOPMENT,2025-02-10,20:15,MATCH_KICKOFF_TIME_TIMEZONE_NOT_STATED_BY_SOURCE,,NOT_VERIFIED_DO_NOT_INFER,Arouca,Rio Ave,1,1,D,EVALUATION_ONLY_JOIN_AFTER_PREMATCH_FEATURE_FREEZE,2.05,3.34,3.74,EXTERNAL_HISTORICAL_MARKET_BENCHMARK,NOT_AVAILABLE,NOT_GOLDBET,164b4936478272a20f6885813f750f4a4962172f70bb6f1fa3f6bc763be0bb74,1490.297460987572,1493.8061462784235,-3.5086852908514174,0.6000000000000001,1.0,0.0,-46.22493788547263,88,88,False
aa76841140b0242418dea6d0,Primeira Liga,2024/2025,DEVELOPMENT,2025-02-14,20:15,MATCH_KICKOFF_TIME_TIMEZONE_NOT_STATED_BY_SOURCE,,NOT_VERIFIED_DO_NOT_INFER,Boavista,Estrela,0,1,A,EVALUATION_ONLY_JOIN_AFTER_PREMATCH_FEATURE_FREEZE,2.54,2.95,3.12,EXTERNAL_HISTORICAL_MARKET_BENCHMARK,NOT_AVAILABLE,NOT_GOLDBET,49878c976a2db83ab3dfa4ca7fabc9e543ed5b4affe59c94ce15fdd245be925d,1393.6073958211043,1429.2856286247975,-35.67823280369316,-0.2,-0.8,0.0,-24.719509891740017,89,55,False
78fa5ef24c331ffaf3dc3ff1,Primeira Liga,2024/2025,DEVELOPMENT,2025-02-15,15:30,MATCH_KICKOFF_TIME_TIMEZONE_NOT_STATED_BY_SOURCE,,NOT_VERIFIED_DO_NOT_INFER,Moreirense,Casa Pia,3,2,H,EVALUATION_ONLY_JOIN_AFTER_PREMATCH_FEATURE_FREEZE,2.53,2.97,3.1,EXTERNAL_HISTORICAL_MARKET_BENCHMARK,NOT_AVAILABLE,NOT_GOLDBET,984e659fed307ea284503d59eb081b43540d8ccb3e06864d2883ecaec9d3ace8,1478.3347554983902,1520.6035258740542,-42.26877037566396,-1.6,-1.2,-0.8,26.03847181701508,55,89,False
71f4f204d6acebaccef0319d,Primeira Liga,2024/2025,DEVELOPMENT,2025-02-15,17:00,MATCH_KICKOFF_TIME_TIMEZONE_NOT_STATED_BY_SOURCE,,NOT_VERIFIED_DO_NOT_INFER,Nacional,Estoril,2,2,D,EVALUATION_ONLY_JOIN_AFTER_PREMATCH_FEATURE_FREEZE,2.19,3.31,3.4,EXTERNAL_HISTORICAL_MARKET_BENCHMARK,NOT_AVAILABLE,NOT_GOLDBET,86dd3172014545e9888735780e8b08404c6a9e649ae11f5c8e177f3fdc6b760e,1472.989940834695,1501.7800341931297,-28.79009335843466,-1.2,-0.6,-0.19999999999999996,60.444651087213515,21,89,False
2f940f8d52289ca180ebad1a,Primeira Liga,2024/2025,DEVELOPMENT,2025-02-15,18:00,MATCH_KICKOFF_TIME_TIMEZONE_NOT_STATED_BY_SOURCE,,NOT_VERIFIED_DO_NOT_INFER,Santa Clara,Benfica,0,1,A,EVALUATION_ONLY_JOIN_AFTER_PREMATCH_FEATURE_FREEZE,4.17,3.28,1.97,EXTERNAL_HISTORICAL_MARKET_BENCHMARK,NOT_AVAILABLE,NOT_GOLDBET,13ac19fbcb44d6f38f7e17892ce588cd7f638c3cbd3d94a2548ddb1618457a33,1524.4487610486299,1629.4079072455952,-104.95914619696532,-0.19999999999999996,-0.39999999999999997,0.0,3.691843440645698,55,89,False
95c31c77150a5dba60b94b19,Primeira Liga,2024/2025,DEVELOPMENT,2025-02-15,20:30,MATCH_KICKOFF_TIME_TIMEZONE_NOT_STATED_BY_SOURCE,,NOT_VERIFIED_DO_NOT_INFER,Sp Lisbon,Arouca,2,2,D,EVALUATION_ONLY_JOIN_AFTER_PREMATCH_FEATURE_FREEZE,1.25,6.15,11.24,EXTERNAL_HISTORICAL_MARKET_BENCHMARK,NOT_AVAILABLE,NOT_GOLDBET,fc367fbce0024da7c4a5ed5af4aa55feb08b40384691e1a49075c59cf53f0ae8,1669.93017215195,1488.6856888362015,181.24448331574854,0.0,0.5999999999999999,1.0,21.745532932260176,89,89,False
d08802db75aa726b620d0df0,Primeira Liga,2024/2025,DEVELOPMENT,2025-02-16,15:30,MATCH_KICKOFF_TIME_TIMEZONE_NOT_STATED_BY_SOURCE,,NOT_VERIFIED_DO_NOT_INFER,Rio Ave,AVS,1,1,D,EVALUATION_ONLY_JOIN_AFTER_PREMATCH_FEATURE_FREEZE,2.23,3.28,3.33,EXTERNAL_HISTORICAL_MARKET_BENCHMARK,NOT_AVAILABLE,NOT_GOLDBET,0e2a920e74684a9519adb8fbd7a3fd9eb58195271ac9fc5251e74d8d9c576b9f,1495.417918429794,1455.200820709603,40.21709772019108,0.3999999999999999,0.4,1.0,35.50307616070859,89,21,False
7dd8ba48e86940f6477c9b36,Primeira Liga,2024/2025,DEVELOPMENT,2025-02-16,18:00,MATCH_KICKOFF_TIME_TIMEZONE_NOT_STATED_BY_SOURCE,,NOT_VERIFIED_DO_NOT_INFER,Farense,Porto,0,1,A,EVALUATION_ONLY_JOIN_AFTER_PREMATCH_FEATURE_FREEZE,5.72,3.89,1.61,EXTERNAL_HISTORICAL_MARKET_BENCHMARK,NOT_AVAILABLE,NOT_GOLDBET,d14841cc97f709f2a826c3ded8856ae5d0fbf49f90bb2a6b257424a541df0268,1428.1032045311185,1604.624431227147,-176.5212266960284,-0.19999999999999996,-0.19999999999999996,-0.19999999999999996,7.8725722272727126,55,89,False
6d4514ecfb32daa5fcc1efe9,Primeira Liga,2024/2025,DEVELOPMENT,2025-02-16,20:30,MATCH_KICKOFF_TIME_TIMEZONE_NOT_STATED_BY_SOURCE,,NOT_VERIFIED_DO_NOT_INFER,Guimaraes,Sp Braga,0,0,D,EVALUATION_ONLY_JOIN_AFTER_PREMATCH_FEATURE_FREEZE,2.26,3.18,3.36,EXTERNAL_HISTORICAL_MARKET_BENCHMARK,NOT_AVAILABLE,NOT_GOLDBET,808df34d305669800b4c2e780ef5c28f9c23aa7ca8c1bdb1adf37fcab56bf77a,1533.9162608636236,1606.178668568064,-72.26240770444042,-1.8,-1.4000000000000001,-1.2,20.125884407827698,89,89,False
6b66f73035cbf44953621674,Primeira Liga,2024/2025,DEVELOPMENT,2025-02-17,20:15,MATCH_KICKOFF_TIME_TIMEZONE_NOT_STATED_BY_SOURCE,,NOT_VERIFIED_DO_NOT_INFER,Gil Vicente,Famalicao,0,2,A,EVALUATION_ONLY_JOIN_AFTER_PREMATCH_FEATURE_FREEZE,2.29,3.04,3.44,EXTERNAL_HISTORICAL_MARKET_BENCHMARK,NOT_AVAILABLE,NOT_GOLDBET,26889331e4c5fb9156d864bb298a108be968e01feedd42326fd2b0597a275cdc,1460.9007243036433,1486.691465728064,-25.79074142442073,-0.3999999999999999,0.0,0.6000000000000001,29.596380239288692,89,89,False
ce9be4d87e3f6e0a779bd5dd,Primeira Liga,2024/2025,DEVELOPMENT,2025-02-21,20:15,MATCH_KICKOFF_TIME_TIMEZONE_NOT_STATED_BY_SOURCE,,NOT_VERIFIED_DO_NOT_INFER,Sp Braga,Nacional,1,0,H,EVALUATION_ONLY_JOIN_AFTER_PREMATCH_FEATURE_FREEZE,1.53,4.11,6.38,EXTERNAL_HISTORICAL_MARKET_BENCHMARK,NOT_AVAILABLE,NOT_GOLDBET,7219f791c77d28ab5879812d720027de9cda835201341eafb57c7ebef0135ee5,1605.8258745793573,1472.0940559410283,133.73181863832906,1.2000000000000002,1.2,0.8,-40.41677085268725,90,22,False
f99913f4f0294378a8733a5b,Primeira Liga,2024/2025,DEVELOPMENT,2025-02-22,15:30,MATCH_KICKOFF_TIME_TIMEZONE_NOT_STATED_BY_SOURCE,,NOT_VERIFIED_DO_NOT_INFER,Casa Pia,Gil Vicente,1,0,H,EVALUATION_ONLY_JOIN_AFTER_PREMATCH_FEATURE_FREEZE,2.26,3.17,3.39,EXTERNAL_HISTORICAL_MARKET_BENCHMARK,NOT_AVAILABLE,NOT_GOLDBET,6c6c886657764e399983c57c881c6009c6526197a90b6dd691c2598f8fc1301c,1511.113429077763,1449.9192723044973,61.194156773265604,1.2000000000000002,1.2000000000000002,1.4000000000000001,-37.51694181886364,90,90,False
0a582558af09cb2341de9ac1,Primeira Liga,2024/2025,DEVELOPMENT,2025-02-22,18:00,MATCH_KICKOFF_TIME_TIMEZONE_NOT_STATED_BY_SOURCE,,NOT_VERIFIED_DO_NOT_INFER,Benfica,Boavista,3,0,H,EVALUATION_ONLY_JOIN_AFTER_PREMATCH_FEATURE_FREEZE,1.13,8.67,19.06,EXTERNAL_HISTORICAL_MARKET_BENCHMARK,NOT_AVAILABLE,NOT_GOLDBET,e1015ab9fe023ac099b9e0093ce74cff23700f8fb650ef4d828c11f4282b0ae8,1638.1210538179967,1382.9085003650825,255.2125534529141,2.4,2.6,2.1999999999999997,-9.34302041834303,90,90,False
8cb50a3653818289366cefaf,Primeira Liga,2024/2025,DEVELOPMENT,2025-02-22,20:30,MATCH_KICKOFF_TIME_TIMEZONE_NOT_STATED_BY_SOURCE,,NOT_VERIFIED_DO_NOT_INFER,Estoril,Rio Ave,2,1,H,EVALUATION_ONLY_JOIN_AFTER_PREMATCH_FEATURE_FREEZE,2.12,3.43,3.46,EXTERNAL_HISTORICAL_MARKET_BENCHMARK,NOT_AVAILABLE,NOT_GOLDBET,0df1a7ce79c7d48d9f160f674d2417d56413c477ceee4dc7b474a5132790c014,1502.6759190867965,1492.6108612108148,10.065057875981665,1.4000000000000001,1.2000000000000002,1.0,-52.0761128001061,90,90,False
a8920a17b89b69bf5a6b3e7c,Primeira Liga,2024/2025,DEVELOPMENT,2025-02-23,15:30,MATCH_KICKOFF_TIME_TIMEZONE_NOT_STATED_BY_SOURCE,,NOT_VERIFIED_DO_NOT_INFER,Arouca,Farense,2,2,D,EVALUATION_ONLY_JOIN_AFTER_PREMATCH_FEATURE_FREEZE,1.89,3.44,4.25,EXTERNAL_HISTORICAL_MARKET_BENCHMARK,NOT_AVAILABLE,NOT_GOLDBET,c5a50b4dad81a7b34b3b9fe8ca73679105831d558fa4d86ea1279ebc25d5e0e0,1494.6934288647778,1421.3366265025097,73.35680236226813,1.6,1.6,0.40000000000000013,-8.044677311963596,90,56,False
4b7dbfeda5cecdd4269cbe2b,Primeira Liga,2024/2025,DEVELOPMENT,2025-02-23,15:30,MATCH_KICKOFF_TIME_TIMEZONE_NOT_STATED_BY_SOURCE,,NOT_VERIFIED_DO_NOT_INFER,Estrela,Santa Clara,0,0,D,EVALUATION_ONLY_JOIN_AFTER_PREMATCH_FEATURE_FREEZE,3.77,3.06,2.16,EXTERNAL_HISTORICAL_MARKET_BENCHMARK,NOT_AVAILABLE,NOT_GOLDBET,d431940d916517a833bd0952753163e9b84b084986509527456926518bb31a59,1439.9845240808193,1515.7356144762284,-75.75109039540916,-0.5999999999999999,-0.4,-0.8,-20.713006013715813,56,56,False
be6435c26caa74ad7ea1368b,Primeira Liga,2024/2025,DEVELOPMENT,2025-02-23,18:00,MATCH_KICKOFF_TIME_TIMEZONE_NOT_STATED_BY_SOURCE,,NOT_VERIFIED_DO_NOT_INFER,AVS,Sp Lisbon,2,2,D,EVALUATION_ONLY_JOIN_AFTER_PREMATCH_FEATURE_FREEZE,8.6,4.94,1.36,EXTERNAL_HISTORICAL_MARKET_BENCHMARK,NOT_AVAILABLE,NOT_GOLDBET,aea908b98cbb697eb02dbeab1d6a979f4dbce9d0b07516d16f460121807d90b6,1458.0078779285823,1663.9224321233737,-205.91455419479144,-1.4000000000000001,-2.2,-0.19999999999999996,-1.9620256076273108,22,90,False
69fb87c9bb17ef49e9bca95c,Primeira Liga,2024/2025,DEVELOPMENT,2025-02-23,20:30,MATCH_KICKOFF_TIME_TIMEZONE_NOT_STATED_BY_SOURCE,,NOT_VERIFIED_DO_NOT_INFER,Famalicao,Moreirense,2,0,H,EVALUATION_ONLY_JOIN_AFTER_PREMATCH_FEATURE_FREEZE,2.4,3.01,3.27,EXTERNAL_HISTORICAL_MARKET_BENCHMARK,NOT_AVAILABLE,NOT_GOLDBET,91cf329c4c5075e3c4ede5261d496b8a84a89e37803825ec919ab8d5196d1654,1497.67291772721,1487.8248522946815,9.848065432528529,0.8,0.4,0.39999999999999997,-37.936544703255095,90,56,False
752a18a0ce7cdbd029ae979a,Primeira Liga,2024/2025,DEVELOPMENT,2025-02-24,20:15,MATCH_KICKOFF_TIME_TIMEZONE_NOT_STATED_BY_SOURCE,,NOT_VERIFIED_DO_NOT_INFER,Porto,Guimaraes,1,1,D,EVALUATION_ONLY_JOIN_AFTER_PREMATCH_FEATURE_FREEZE,1.79,3.53,4.75,EXTERNAL_HISTORICAL_MARKET_BENCHMARK,NOT_AVAILABLE,NOT_GOLDBET,8c1951a64bc024e75961d78fd5d7104eead27b182297cef285db0602260215d9,1611.3910092557558,1534.2690548523303,77.12195440342543,0.0,-0.4,1.6,11.818410256466905,90,90,False
51590734e18dbaac905e8a66,Primeira Liga,2024/2025,DEVELOPMENT,2025-03-01,15:30,MATCH_KICKOFF_TIME_TIMEZONE_NOT_STATED_BY_SOURCE,,NOT_VERIFIED_DO_NOT_INFER,Nacional,Famalicao,2,1,H,EVALUATION_ONLY_JOIN_AFTER_PREMATCH_FEATURE_FREEZE,2.75,3.08,2.73,EXTERNAL_HISTORICAL_MARKET_BENCHMARK,NOT_AVAILABLE,NOT_GOLDBET,129f1b0d6e264a9877a7f9af955d155675ba114baa84c029e8c897033ff34331,1467.1560387204436,1505.6891823690632,-38.53314364861967,-1.4000000000000001,-1.6,-0.20000000000000018,71.51489081121281,23,91,False
04e13d9be7d860904889d18d,Primeira Liga,2024/2025,DEVELOPMENT,2025-03-01,18:00,MATCH_KICKOFF_TIME_TIMEZONE_NOT_STATED_BY_SOURCE,,NOT_VERIFIED_DO_NOT_INFER,Arouca,Porto,0,2,A,EVALUATION_ONLY_JOIN_AFTER_PREMATCH_FEATURE_FREEZE,5.88,4.05,1.57,EXTERNAL_HISTORICAL_MARKET_BENCHMARK,NOT_AVAILABLE,NOT_GOLDBET,8d2d9150118d89fab80585694868b20e79d6d09d8384f425928a420bc4f3dbcd,1491.0331241198214,1607.6372283722278,-116.60410425240639,0.40000000000000013,0.2,0.40000000000000013,-13.168815225725211,91,91,False
d152fc82424dec981553bce2,Primeira Liga,2024/2025,DEVELOPMENT,2025-03-01,20:30,MATCH_KICKOFF_TIME_TIMEZONE_NOT_STATED_BY_SOURCE,,NOT_VERIFIED_DO_NOT_INFER,Guimaraes,Casa Pia,1,0,H,EVALUATION_ONLY_JOIN_AFTER_PREMATCH_FEATURE_FREEZE,1.83,3.34,4.81,EXTERNAL_HISTORICAL_MARKET_BENCHMARK,NOT_AVAILABLE,NOT_GOLDBET,7f151516dd7c8318a9f23e898793235e07ad5caab1de372c26564f33c48f1710,1538.0228357358583,1517.7600998220362,20.262735913822098,-0.6000000000000001,-0.2,-0.40000000000000013,30.573437103177184,91,91,False
cce79c9bac602c4b18c2db03,Primeira Liga,2024/2025,DEVELOPMENT,2025-03-02,15:30,MATCH_KICKOFF_TIME_TIMEZONE_NOT_STATED_BY_SOURCE,,NOT_VERIFIED_DO_NOT_INFER,Boavista,Santa Clara,1,0,H,EVALUATION_ONLY_JOIN_AFTER_PREMATCH_FEATURE_FREEZE,5.15,3.41,1.76,EXTERNAL_HISTORICAL_MARKET_BENCHMARK,NOT_AVAILABLE,NOT_GOLDBET,1f3dfd2fd633bd408d3736de503d322328d606a3ffea10ab99afacdc68aaae6d,1380.1066200318414,1515.2825719869952,-135.17595195515378,-1.6,-2.2,-1.4000000000000001,-7.916651821566347,91,57,False
87b9e68d3c25578117eff9eb,Primeira Liga,2024/2025,DEVELOPMENT,2025-03-02,15:30,MATCH_KICKOFF_TIME_TIMEZONE_NOT_STATED_BY_SOURCE,,NOT_VERIFIED_DO_NOT_INFER,Moreirense,Estrela,1,1,D,EVALUATION_ONLY_JOIN_AFTER_PREMATCH_FEATURE_FREEZE,1.92,3.19,4.52,EXTERNAL_HISTORICAL_MARKET_BENCHMARK,NOT_AVAILABLE,NOT_GOLDBET,fba99d15d3403df3bf1b08a52575e6586b94d36431a3a326c16ae06e651135f4,1479.8085876528282,1440.4375665700525,39.37102108277577,-0.4,-0.6000000000000001,0.0,36.635233441860464,57,57,False
7d69a062abe65631e6d05da9,Primeira Liga,2024/2025,DEVELOPMENT,2025-03-02,18:00,MATCH_KICKOFF_TIME_TIMEZONE_NOT_STATED_BY_SOURCE,,NOT_VERIFIED_DO_NOT_INFER,Farense,AVS,0,1,A,EVALUATION_ONLY_JOIN_AFTER_PREMATCH_FEATURE_FREEZE,2.27,3.04,3.51,EXTERNAL_HISTORICAL_MARKET_BENCHMARK,NOT_AVAILABLE,NOT_GOLDBET,cb8aa5e283cadb8330ed5bac4f72cb4f77e5c272e74de48a3ff7fec23a553be8,1424.9969312474661,1461.9769787679038,-36.980047520437665,-0.8,-0.7999999999999999,-0.39999999999999997,4.6040233171984255,57,23,False
558ac227c463d696360c4ae9,Primeira Liga,2024/2025,DEVELOPMENT,2025-03-02,20:30,MATCH_KICKOFF_TIME_TIMEZONE_NOT_STATED_BY_SOURCE,,NOT_VERIFIED_DO_NOT_INFER,Rio Ave,Sp Braga,2,1,H,EVALUATION_ONLY_JOIN_AFTER_PREMATCH_FEATURE_FREEZE,3.85,3.69,1.91,EXTERNAL_HISTORICAL_MARKET_BENCHMARK,NOT_AVAILABLE,NOT_GOLDBET,6024dea96e9b66e008eba3cc394ba2f5778f0b0489e8d84027e21b9afad8c221,1484.6005955944588,1610.763891799942,-126.16329620548322,-1.4000000000000001,-1.4,-1.4000000000000001,26.100816580856872,91,91,False
a2e5cc65dd948a7a9a3db7a7,Primeira Liga,2024/2025,DEVELOPMENT,2025-03-03,20:15,MATCH_KICKOFF_TIME_TIMEZONE_NOT_STATED_BY_SOURCE,,NOT_VERIFIED_DO_NOT_INFER,Sp Lisbon,Estoril,3,1,H,EVALUATION_ONLY_JOIN_AFTER_PREMATCH_FEATURE_FREEZE,1.3,5.5,9.66,EXTERNAL_HISTORICAL_MARKET_BENCHMARK,NOT_AVAILABLE,NOT_GOLDBET,58a73d9073e2e600cc31185e99e6b9fe4c28d30f93c845248f2e6fd1dcc6f9ba,1659.9533312840522,1510.6861847031525,149.26714658089963,-0.8,0.0,0.6000000000000001,18.383896785069965,91,91,False
8c64ea5e03eb63240f3527ce,Primeira Liga,2024/2025,DEVELOPMENT,2025-03-07,20:15,MATCH_KICKOFF_TIME_TIMEZONE_NOT_STATED_BY_SOURCE,,NOT_VERIFIED_DO_NOT_INFER,Estrela,Gil Vicente,1,1,D,EVALUATION_ONLY_JOIN_AFTER_PREMATCH_FEATURE_FREEZE,2.79,2.91,2.83,EXTERNAL_HISTORICAL_MARKET_BENCHMARK,NOT_AVAILABLE,NOT_GOLDBET,b8dfae08b9a0deb977247dac52dd0df861fccc80976e546b76592a326372448d,1443.2221752813332,1443.272601560224,-0.050426278890881804,1.0,1.2,0.0,-5.120142896628295,58,91,False
d55e11f95b3c9146e230aaa1,Primeira Liga,2024/2025,DEVELOPMENT,2025-03-08,15:30,MATCH_KICKOFF_TIME_TIMEZONE_NOT_STATED_BY_SOURCE,,NOT_VERIFIED_DO_NOT_INFER,AVS,Arouca,0,1,A,EVALUATION_ONLY_JOIN_AFTER_PREMATCH_FEATURE_FREEZE,3.3,3.11,2.33,EXTERNAL_HISTORICAL_MARKET_BENCHMARK,NOT_AVAILABLE,NOT_GOLDBET,67838839ce4f2a750017fd3c86663413e5f38b15df9be36f9563b52d9b27ad39,1472.6385784125914,1482.6480581158214,-10.00947970323,-0.19999999999999996,-0.2,-0.40000000000000013,-8.206698940545948,24,92,False
d9236fa5f25d203a451584f2,Primeira Liga,2024/2025,DEVELOPMENT,2025-03-08,18:00,MATCH_KICKOFF_TIME_TIMEZONE_NOT_STATED_BY_SOURCE,,NOT_VERIFIED_DO_NOT_INFER,Benfica,Nacional,3,0,H,EVALUATION_ONLY_JOIN_AFTER_PREMATCH_FEATURE_FREEZE,1.21,6.71,12.92,EXTERNAL_HISTORICAL_MARKET_BENCHMARK,NOT_AVAILABLE,NOT_GOLDBET,508717d5fecd98a7b20a54d1cf4aac413fca060389c751cc5568403937129424,1640.9229341512378,1476.5389579797954,164.38397617144233,1.0,0.6000000000000001,1.5999999999999999,-37.382983924158225,91,24,False
6c8fefea13372547a745f3c8,Primeira Liga,2024/2025,DEVELOPMENT,2025-03-08,18:00,MATCH_KICKOFF_TIME_TIMEZONE_NOT_STATED_BY_SOURCE,,NOT_VERIFIED_DO_NOT_INFER,Estoril,Farense,2,2,D,EVALUATION_ONLY_JOIN_AFTER_PREMATCH_FEATURE_FREEZE,2.53,3.01,3.07,EXTERNAL_HISTORICAL_MARKET_BENCHMARK,NOT_AVAILABLE,NOT_GOLDBET,6eadbf87e7a3c03e48f569971779096d4228e3ee0970fa5c123b912bae85e5ea,1506.07316318875,1414.3353316027785,91.73783158597143,1.8,1.4,0.8,-37.56120404690046,92,58,False
d76922833bc30876eb54cdd6,Primeira Liga,2024/2025,DEVELOPMENT,2025-03-08,20:30,MATCH_KICKOFF_TIME_TIMEZONE_NOT_STATED_BY_SOURCE,,NOT_VERIFIED_DO_NOT_INFER,Sp Braga,Porto,1,0,H,EVALUATION_ONLY_JOIN_AFTER_PREMATCH_FEATURE_FREEZE,3.42,3.23,2.21,EXTERNAL_HISTORICAL_MARKET_BENCHMARK,NOT_AVAILABLE,NOT_GOLDBET,afe9934b34fc7fb7e0fb9f5c9e6e1dba617fdf9d3ff33e6a5c6975055af79331,1598.8822500605288,1616.0222943762278,-17.140044315699015,0.19999999999999996,0.0,0.6000000000000001,-33.481915672166224,92,92,False
b98df1cc1b2417d5edf53060,Primeira Liga,2024/2025,DEVELOPMENT,2025-03-09,15:30,MATCH_KICKOFF_TIME_TIMEZONE_NOT_STATED_BY_SOURCE,,NOT_VERIFIED_DO_NOT_INFER,Santa Clara,Moreirense,1,1,D,EVALUATION_ONLY_JOIN_AFTER_PREMATCH_FEATURE_FREEZE,2.05,2.95,4.41,EXTERNAL_HISTORICAL_MARKET_BENCHMARK,NOT_AVAILABLE,NOT_GOLDBET,41960a7831115c6d8174c27f48bb216b1dcc51ea096f8421ed620095a8000db2,1503.1519805756825,1477.0239789415475,26.12800163413499,0.5999999999999999,0.6,0.6000000000000001,-47.51281007672128,58,58,False
cd2a99022a1b3dd29435d645,Primeira Liga,2024/2025,DEVELOPMENT,2025-03-09,18:00,MATCH_KICKOFF_TIME_TIMEZONE_NOT_STATED_BY_SOURCE,,NOT_VERIFIED_DO_NOT_INFER,Casa Pia,Sp Lisbon,1,3,A,EVALUATION_ONLY_JOIN_AFTER_PREMATCH_FEATURE_FREEZE,6.87,4.32,1.47,EXTERNAL_HISTORICAL_MARKET_BENCHMARK,NOT_AVAILABLE,NOT_GOLDBET,5df3e6253e1f8227c25a6b5f2427b99ec540d55e8ca4a23761dc58aec95344c1,1510.0300099635663,1664.5663527984548,-154.5363428348885,-0.6000000000000001,-1.0,1.2000000000000002,-19.435723892405804,92,92,False
ce38f5559ac9c9466e0d6e7d,Primeira Liga,2024/2025,DEVELOPMENT,2025-03-09,20:30,MATCH_KICKOFF_TIME_TIMEZONE_NOT_STATED_BY_SOURCE,,NOT_VERIFIED_DO_NOT_INFER,Boavista,Guimaraes,1,2,A,EVALUATION_ONLY_JOIN_AFTER_PREMATCH_FEATURE_FREEZE,5.64,3.63,1.66,EXTERNAL_HISTORICAL_MARKET_BENCHMARK,NOT_AVAILABLE,NOT_GOLDBET,e653a7a9c71b40285abba21287b2892fc06e75714f5e6429c6a6c74480ae42d4,1392.2372114431541,1545.7529255943282,-153.51571415117405,-1.2000000000000002,-1.7999999999999998,-0.20000000000000007,-27.750298450308264,92,92,False
054d495c86e7f9367ca83703,Primeira Liga,2024/2025,DEVELOPMENT,2025-03-10,20:15,MATCH_KICKOFF_TIME_TIMEZONE_NOT_STATED_BY_SOURCE,,NOT_VERIFIED_DO_NOT_INFER,Famalicao,Rio Ave,1,0,H,EVALUATION_ONLY_JOIN_AFTER_PREMATCH_FEATURE_FREEZE,1.95,3.25,4.29,EXTERNAL_HISTORICAL_MARKET_BENCHMARK,NOT_AVAILABLE,NOT_GOLDBET,f6d0e17e0b19808b23ef7b1fb795df6d24761f582c1f14505d4e2ccb69da5bad,1496.3062631097114,1496.482237333872,-0.17597422416065456,0.8,1.0,0.0,-61.275988951020054,92,92,False
cb3f85d9f8317e22a5294ff4,Primeira Liga,2024/2025,DEVELOPMENT,2025-03-15,15:30,MATCH_KICKOFF_TIME_TIMEZONE_NOT_STATED_BY_SOURCE,,NOT_VERIFIED_DO_NOT_INFER,Farense,Sp Braga,0,1,A,EVALUATION_ONLY_JOIN_AFTER_PREMATCH_FEATURE_FREEZE,4.01,3.41,1.96,EXTERNAL_HISTORICAL_MARKET_BENCHMARK,NOT_AVAILABLE,NOT_GOLDBET,8f870985bcdf7c29118c4af14ffe76527d77d93b1d0f24f2964ad96906e99d71,1418.444689176718,1607.6548611605292,-189.21017198381128,-1.6,-1.4,-1.8,-8.628957266964562,59,93,False
e8f2ac4efe00076025c64543,Primeira Liga,2024/2025,DEVELOPMENT,2025-03-15,15:30,MATCH_KICKOFF_TIME_TIMEZONE_NOT_STATED_BY_SOURCE,,NOT_VERIFIED_DO_NOT_INFER,Gil Vicente,Santa Clara,0,1,A,EVALUATION_ONLY_JOIN_AFTER_PREMATCH_FEATURE_FREEZE,2.71,2.95,2.87,EXTERNAL_HISTORICAL_MARKET_BENCHMARK,NOT_AVAILABLE,NOT_GOLDBET,154c550b6bf3d5fb320c8ea752d917b3ab3e495139993218690430ef38d6b898,1444.9811661523622,1500.72257906008,-55.74141290771786,-0.8,-1.0,-0.6000000000000001,26.949998721830525,92,59,False
76d8cec4ce0d78411e597946,Primeira Liga,2024/2025,DEVELOPMENT,2025-03-15,18:00,MATCH_KICKOFF_TIME_TIMEZONE_NOT_STATED_BY_SOURCE,,NOT_VERIFIED_DO_NOT_INFER,Porto,AVS,2,0,H,EVALUATION_ONLY_JOIN_AFTER_PREMATCH_FEATURE_FREEZE,1.23,6.04,13.69,EXTERNAL_HISTORICAL_MARKET_BENCHMARK,NOT_AVAILABLE,NOT_GOLDBET,45e088df016b20b27a2efae1e9543c69fed3a6a4bdb111a5383079cef2e82763,1607.2496832762274,1461.209583339548,146.04009993667933,0.6000000000000001,0.6000000000000001,0.8,28.25479510202922,93,25,False
cbe24c03bfcdaf91ee4212c0,Primeira Liga,2024/2025,DEVELOPMENT,2025-03-15,20:30,MATCH_KICKOFF_TIME_TIMEZONE_NOT_STATED_BY_SOURCE,,NOT_VERIFIED_DO_NOT_INFER,Sp Lisbon,Famalicao,3,1,H,EVALUATION_ONLY_JOIN_AFTER_PREMATCH_FEATURE_FREEZE,1.31,5.28,10.09,EXTERNAL_HISTORICAL_MARKET_BENCHMARK,NOT_AVAILABLE,NOT_GOLDBET,8b0079195a8046ce15f08dcc432aafd11f530d51941cbf445386824e0e6c406b,1671.9105982850701,1504.6012068075636,167.30939147750655,-0.19999999999999996,0.0,1.2000000000000002,25.196400874831397,93,93,False
27170423a27a8eceb6903fea,Primeira Liga,2024/2025,DEVELOPMENT,2025-03-16,15:30,MATCH_KICKOFF_TIME_TIMEZONE_NOT_STATED_BY_SOURCE,,NOT_VERIFIED_DO_NOT_INFER,Arouca,Estoril,1,1,D,EVALUATION_ONLY_JOIN_AFTER_PREMATCH_FEATURE_FREEZE,1.93,3.48,3.99,EXTERNAL_HISTORICAL_MARKET_BENCHMARK,NOT_AVAILABLE,NOT_GOLDBET,fa223b8ecc19d785875c3573ef478e41d63628dd37ebbbc50abf39b7e6961e74,1494.0770531888647,1501.9638056148106,-7.886752425945815,-0.40000000000000013,-0.2,-0.8,45.215489988980835,93,93,False
84d2c292c3d19bfe4e011827,Primeira Liga,2024/2025,DEVELOPMENT,2025-03-16,15:30,MATCH_KICKOFF_TIME_TIMEZONE_NOT_STATED_BY_SOURCE,,NOT_VERIFIED_DO_NOT_INFER,Nacional,Casa Pia,3,1,H,EVALUATION_ONLY_JOIN_AFTER_PREMATCH_FEATURE_FREEZE,2.33,3.27,3.14,EXTERNAL_HISTORICAL_MARKET_BENCHMARK,NOT_AVAILABLE,NOT_GOLDBET,e89709cf96cac1f244f4bea415fd84c6fd3b59a34abe023c5bcc3e6a9515f157,1472.2275117816096,1502.685764476951,-30.458252695341343,0.19999999999999996,0.2,0.8,25.411684300502202,25,93,False
b7eb446902a9d72bb48e1985,Primeira Liga,2024/2025,DEVELOPMENT,2025-03-16,18:00,MATCH_KICKOFF_TIME_TIMEZONE_NOT_STATED_BY_SOURCE,,NOT_VERIFIED_DO_NOT_INFER,Rio Ave,Benfica,2,3,A,EVALUATION_ONLY_JOIN_AFTER_PREMATCH_FEATURE_FREEZE,9.66,5.85,1.28,EXTERNAL_HISTORICAL_MARKET_BENCHMARK,NOT_AVAILABLE,NOT_GOLDBET,28dd8bf894bfb4f02298dc25ab31e9d081619ed55c674b19053844e367e9e8c6,1488.1872936360198,1645.2343803494236,-157.04708671340381,-2.0,-2.0,-0.19999999999999996,49.19229205804368,93,92,False
b0ea21913652fc3c356bca2e,Primeira Liga,2024/2025,DEVELOPMENT,2025-03-16,20:30,MATCH_KICKOFF_TIME_TIMEZONE_NOT_STATED_BY_SOURCE,,NOT_VERIFIED_DO_NOT_INFER,Guimaraes,Estrela,2,0,H,EVALUATION_ONLY_JOIN_AFTER_PREMATCH_FEATURE_FREEZE,1.58,3.7,6.64,EXTERNAL_HISTORICAL_MARKET_BENCHMARK,NOT_AVAILABLE,NOT_GOLDBET,b891cfeeb7edee8d2ad312bf0423fb3da7f798c824fd6088e5c9103a5e25d809,1553.1244964727518,1441.513610689195,111.6108857835568,0.6000000000000001,0.4,0.6000000000000001,53.56453501377064,93,59,False
d47013012828cdf348a04988,Primeira Liga,2024/2025,DEVELOPMENT,2025-03-16,20:30,MATCH_KICKOFF_TIME_TIMEZONE_NOT_STATED_BY_SOURCE,,NOT_VERIFIED_DO_NOT_INFER,Moreirense,Boavista,1,0,H,EVALUATION_ONLY_JOIN_AFTER_PREMATCH_FEATURE_FREEZE,1.71,3.48,5.47,EXTERNAL_HISTORICAL_MARKET_BENCHMARK,NOT_AVAILABLE,NOT_GOLDBET,872bbaf5d53d601a7f18e44f0db571ed208b3cce3ecb3d90c826b3d5c3ca85d7,1479.45338045715,1384.8656405647305,94.58773989241945,0.4,0.6,1.2,-7.589383833247439,59,93,False
8ac32dc3b2e84f3e5d2687a8,Primeira Liga,2024/2025,DEVELOPMENT,2025-03-28,20:15,MATCH_KICKOFF_TIME_TIMEZONE_NOT_STATED_BY_SOURCE,,NOT_VERIFIED_DO_NOT_INFER,Gil Vicente,Benfica,0,3,A,EVALUATION_ONLY_JOIN_AFTER_PREMATCH_FEATURE_FREEZE,9.16,5.16,1.33,EXTERNAL_HISTORICAL_MARKET_BENCHMARK,NOT_AVAILABLE,NOT_GOLDBET,bd558336f2f249236f17062392e1fc4e6ea7cfb4faedb8218a6958b95fc688e4,1434.858600300906,1652.5115875187182,-217.65298721781232,-2.8,-3.0,-1.0,37.56724799032645,93,93,False
892404ad2ee129c561754ec2,Primeira Liga,2024/2025,DEVELOPMENT,2025-03-29,15:30,MATCH_KICKOFF_TIME_TIMEZONE_NOT_STATED_BY_SOURCE,,NOT_VERIFIED_DO_NOT_INFER,Casa Pia,Rio Ave,2,1,H,EVALUATION_ONLY_JOIN_AFTER_PREMATCH_FEATURE_FREEZE,1.92,3.37,4.19,EXTERNAL_HISTORICAL_MARKET_BENCHMARK,NOT_AVAILABLE,NOT_GOLDBET,10c870a545c8b1d535b53cb4daa90267444d92777bf4e6bdc9c77239ae4d60e9,1493.5340011167134,1480.9100864667253,12.623914649988137,-0.20000000000000007,-0.6,1.0,-21.42210938733342,94,94,False
ce66dfe4403ca38c2721da2d,Primeira Liga,2024/2025,DEVELOPMENT,2025-03-29,18:00,MATCH_KICKOFF_TIME_TIMEZONE_NOT_STATED_BY_SOURCE,,NOT_VERIFIED_DO_NOT_INFER,Estrela,Sp Lisbon,0,3,A,EVALUATION_ONLY_JOIN_AFTER_PREMATCH_FEATURE_FREEZE,9.82,5.13,1.32,EXTERNAL_HISTORICAL_MARKET_BENCHMARK,NOT_AVAILABLE,NOT_GOLDBET,750c9a674d0acab01d26cafc9e045c10430348d277eb18a00277c9128975454a,1436.0869573315422,1676.1653639806932,-240.07840664915102,-1.0000000000000002,-1.4,-1.4,-17.29245445118613,60,94,False
47ceecc3aab73b419a1af294,Primeira Liga,2024/2025,DEVELOPMENT,2025-03-29,20:30,MATCH_KICKOFF_TIME_TIMEZONE_NOT_STATED_BY_SOURCE,,NOT_VERIFIED_DO_NOT_INFER,Sp Braga,Arouca,2,1,H,EVALUATION_ONLY_JOIN_AFTER_PREMATCH_FEATURE_FREEZE,1.68,3.77,5.12,EXTERNAL_HISTORICAL_MARKET_BENCHMARK,NOT_AVAILABLE,NOT_GOLDBET,395a73f8f0c9749b00fc1b9367f20871a7d56296496bda9453a17cd5a11056aa,1614.0983643343175,1492.588261681436,121.51010265288141,0.8,0.6000000000000001,0.19999999999999973,-29.685703020406663,94,94,False
2cccc243dfa2ef9461d39363,Primeira Liga,2024/2025,DEVELOPMENT,2025-03-30,15:30,MATCH_KICKOFF_TIME_TIMEZONE_NOT_STATED_BY_SOURCE,,NOT_VERIFIED_DO_NOT_INFER,Famalicao,AVS,4,1,H,EVALUATION_ONLY_JOIN_AFTER_PREMATCH_FEATURE_FREEZE,1.69,3.6,5.3,EXTERNAL_HISTORICAL_MARKET_BENCHMARK,NOT_AVAILABLE,NOT_GOLDBET,44674dd5b780e56ce5f09c1456ed0c611761e74bcfdcd0fe1725801219289f48,1500.3464411119405,1456.5303042285966,43.816136883343916,0.8,0.8,0.8,-17.99211445099445,94,26,False
101c3635f5e434a7d037f257,Primeira Liga,2024/2025,DEVELOPMENT,2025-03-30,15:30,MATCH_KICKOFF_TIME_TIMEZONE_NOT_STATED_BY_SOURCE,,NOT_VERIFIED_DO_NOT_INFER,Santa Clara,Nacional,1,0,H,EVALUATION_ONLY_JOIN_AFTER_PREMATCH_FEATURE_FREEZE,1.8,3.34,4.94,EXTERNAL_HISTORICAL_MARKET_BENCHMARK,NOT_AVAILABLE,NOT_GOLDBET,819ebe97c5a5493d6dcb26bc9467558b5d2c6187a7c79b59fd86b0c32ec0fcec,1510.8451449115364,1481.379275141847,29.465869769689334,-0.3999999999999999,0.0,0.4,-77.07991866351449,60,26,False
665dec198f773cf0e718fcf4,Primeira Liga,2024/2025,DEVELOPMENT,2025-03-30,18:00,MATCH_KICKOFF_TIME_TIMEZONE_NOT_STATED_BY_SOURCE,,NOT_VERIFIED_DO_NOT_INFER,Estoril,Porto,1,2,A,EVALUATION_ONLY_JOIN_AFTER_PREMATCH_FEATURE_FREEZE,6.16,4.09,1.54,EXTERNAL_HISTORICAL_MARKET_BENCHMARK,NOT_AVAILABLE,NOT_GOLDBET,823aa05ed68a05836e3b1750f785195abb2707615be62b0fadfa2cff36462f15,1503.4525971222392,1611.928962387179,-108.47636526493966,-0.8,-1.0,0.8000000000000003,4.093860243571726,94,94,False
e4106df9677a248aa1f261d5,Primeira Liga,2024/2025,DEVELOPMENT,2025-03-30,20:30,MATCH_KICKOFF_TIME_TIMEZONE_NOT_STATED_BY_SOURCE,,NOT_VERIFIED_DO_NOT_INFER,Moreirense,Guimaraes,2,2,D,EVALUATION_ONLY_JOIN_AFTER_PREMATCH_FEATURE_FREEZE,3.73,3.07,2.16,EXTERNAL_HISTORICAL_MARKET_BENCHMARK,NOT_AVAILABLE,NOT_GOLDBET,89687f8f7cc4dee7dff36055a9020b01ef0db93eabba7dd3c58b94b6987bc5a7,1485.276078222784,1558.5511498304047,-73.2750716076207,-0.6000000000000001,-0.8,0.40000000000000013,-44.46979369329529,60,94,False
fc6863eb68d32d6639a01679,Primeira Liga,2024/2025,DEVELOPMENT,2025-04-01,20:15,MATCH_KICKOFF_TIME_TIMEZONE_NOT_STATED_BY_SOURCE,,NOT_VERIFIED_DO_NOT_INFER,Boavista,Gil Vicente,1,3,A,EVALUATION_ONLY_JOIN_AFTER_PREMATCH_FEATURE_FREEZE,3.21,3.1,2.37,EXTERNAL_HISTORICAL_MARKET_BENCHMARK,NOT_AVAILABLE,NOT_GOLDBET,2de0e6d746f44d5e7431ff75a5b96cdb72453c6e3201c17edb569c0494672e3c,1379.0429427990964,1429.1084630287191,-50.065520229622734,0.39999999999999997,0.3999999999999999,0.19999999999999996,2.7268647630617124,94,94,False
4eb8a928afb16849eddb3e0d,Primeira Liga,2024/2025,DEVELOPMENT,2025-04-02,20:15,MATCH_KICKOFF_TIME_TIMEZONE_NOT_STATED_BY_SOURCE,,NOT_VERIFIED_DO_NOT_INFER,Benfica,Farense,3,2,H,EVALUATION_ONLY_JOIN_AFTER_PREMATCH_FEATURE_FREEZE,1.14,8.44,17.56,EXTERNAL_HISTORICAL_MARKET_BENCHMARK,NOT_AVAILABLE,NOT_GOLDBET,2251348c638785e31ba595916349d70cddaa270a5db25cc15d44eec4a826d954,1658.261724790905,1412.0011860029297,246.2605387879753,2.6,2.8000000000000003,1.5999999999999999,-73.61614997573497,94,60,False
95f3a1087cf0540beec80365,Primeira Liga,2024/2025,DEVELOPMENT,2025-04-04,20:15,MATCH_KICKOFF_TIME_TIMEZONE_NOT_STATED_BY_SOURCE,,NOT_VERIFIED_DO_NOT_INFER,AVS,Estoril,0,3,A,EVALUATION_ONLY_JOIN_AFTER_PREMATCH_FEATURE_FREEZE,3.13,3.18,2.37,EXTERNAL_HISTORICAL_MARKET_BENCHMARK,NOT_AVAILABLE,NOT_GOLDBET,742bed836d21d526898590a5de529d61754d08b729be28ca115ca26c753106fe,1449.4325077104227,1494.8388749110816,-45.406367200658906,-0.19999999999999996,-0.6,-0.6000000000000001,1.2516012402279557,27,95,False
b8ec5bfc973600b9c1f70470,Primeira Liga,2024/2025,DEVELOPMENT,2025-04-05,18:00,MATCH_KICKOFF_TIME_TIMEZONE_NOT_STATED_BY_SOURCE,,NOT_VERIFIED_DO_NOT_INFER,Arouca,Famalicao,1,2,A,EVALUATION_ONLY_JOIN_AFTER_PREMATCH_FEATURE_FREEZE,2.79,3.13,2.65,EXTERNAL_HISTORICAL_MARKET_BENCHMARK,NOT_AVAILABLE,NOT_GOLDBET,40dca6ab24aa76f9791440a4ecf4f976f2fa6260fbcf731c2b94b646eabf1654,1487.3839799708635,1507.4442376301145,-20.060257659250965,-0.8,-1.0,0.0,7.554114474758762,95,95,False
d1c787456dff6741ee5a0df6,Primeira Liga,2024/2025,DEVELOPMENT,2025-04-05,20:30,MATCH_KICKOFF_TIME_TIMEZONE_NOT_STATED_BY_SOURCE,,NOT_VERIFIED_DO_NOT_INFER,Guimaraes,Santa Clara,2,0,H,EVALUATION_ONLY_JOIN_AFTER_PREMATCH_FEATURE_FREEZE,1.97,3.08,4.47,EXTERNAL_HISTORICAL_MARKET_BENCHMARK,NOT_AVAILABLE,NOT_GOLDBET,a8e8710673692bb604b6821f16a61d36ba63fa07f875e08528c170fbfa241f5e,1558.1692483842642,1518.3255552348917,39.843693149372484,0.6000000000000001,0.6000000000000001,0.6000000000000001,44.94048901690144,95,61,False
a046bc4d4d9f06dae0a592c1,Primeira Liga,2024/2025,DEVELOPMENT,2025-04-06,15:30,MATCH_KICKOFF_TIME_TIMEZONE_NOT_STATED_BY_SOURCE,,NOT_VERIFIED_DO_NOT_INFER,Gil Vicente,Moreirense,0,1,A,EVALUATION_ONLY_JOIN_AFTER_PREMATCH_FEATURE_FREEZE,2.44,2.95,3.26,EXTERNAL_HISTORICAL_MARKET_BENCHMARK,NOT_AVAILABLE,NOT_GOLDBET,36e451b4e5e71cca5f330d711176c0a0ade7ca436cd514ce28ab5dbd49d71175,1439.3943224394313,1485.6579796689246,-46.26365722949322,-0.3999999999999999,-0.39999999999999997,0.19999999999999996,20.386691693782268,95,61,False
db2706b6258add758b9b2a73,Primeira Liga,2024/2025,DEVELOPMENT,2025-04-06,18:00,MATCH_KICKOFF_TIME_TIMEZONE_NOT_STATED_BY_SOURCE,,NOT_VERIFIED_DO_NOT_INFER,Nacional,Estrela,0,1,A,EVALUATION_ONLY_JOIN_AFTER_PREMATCH_FEATURE_FREEZE,2.08,3.28,3.69,EXTERNAL_HISTORICAL_MARKET_BENCHMARK,NOT_AVAILABLE,NOT_GOLDBET,b788fe9de06bfdf9caed6a0f23a8395107a5d5a39d47f5fd515429d4ee48e8ab,1473.8988648184918,1430.850882731313,43.04798208717875,0.6,0.6,1.0,19.572447269083796,27,61,False
cb8d8df25c7974c88179e79e,Primeira Liga,2024/2025,DEVELOPMENT,2025-04-06,20:30,MATCH_KICKOFF_TIME_TIMEZONE_NOT_STATED_BY_SOURCE,,NOT_VERIFIED_DO_NOT_INFER,Porto,Benfica,1,4,A,EVALUATION_ONLY_JOIN_AFTER_PREMATCH_FEATURE_FREEZE,3.32,3.36,2.19,EXTERNAL_HISTORICAL_MARKET_BENCHMARK,NOT_AVAILABLE,NOT_GOLDBET,06233b1cd2a3eec6b73cb314009a817a01d55bcf66f4e6342eb515df885e644b,1620.5426845983366,1661.1900815160668,-40.64739691773025,-1.0,-1.4000000000000001,-0.5999999999999999,78.87041424194695,95,95,False
af3b493c2dd6b2ddc4a6a32c,Primeira Liga,2024/2025,DEVELOPMENT,2025-04-07,18:45,MATCH_KICKOFF_TIME_TIMEZONE_NOT_STATED_BY_SOURCE,,NOT_VERIFIED_DO_NOT_INFER,Farense,Casa Pia,0,0,D,EVALUATION_ONLY_JOIN_AFTER_PREMATCH_FEATURE_FREEZE,2.38,3.12,3.15,EXTERNAL_HISTORICAL_MARKET_BENCHMARK,NOT_AVAILABLE,NOT_GOLDBET,b72fd8c401483d43547a8d3b1e74c71a299dc73f0238c186911d4bdbe41620a8,1409.0728292777678,1501.4736375223094,-92.40080824454162,-0.7999999999999999,0.0,-0.6,24.602819537144114,61,95,False
d46f2a91f3c08e72d7fc5363,Primeira Liga,2024/2025,DEVELOPMENT,2025-04-07,20:15,MATCH_KICKOFF_TIME_TIMEZONE_NOT_STATED_BY_SOURCE,,NOT_VERIFIED_DO_NOT_INFER,Rio Ave,Boavista,0,2,A,EVALUATION_ONLY_JOIN_AFTER_PREMATCH_FEATURE_FREEZE,2.01,3.4,3.8,EXTERNAL_HISTORICAL_MARKET_BENCHMARK,NOT_AVAILABLE,NOT_GOLDBET,4033f2d3cbf2dd4ffacd88fe5754c58ef385118d163896614118d527e4c9e67e,1472.9704500611292,1368.7570833883842,104.213366672745,0.0,0.6,1.0,28.159212115479477,95,95,False
b0b953467a8d7cd809b6442f,Primeira Liga,2024/2025,DEVELOPMENT,2025-04-07,20:45,MATCH_KICKOFF_TIME_TIMEZONE_NOT_STATED_BY_SOURCE,,NOT_VERIFIED_DO_NOT_INFER,Sp Lisbon,Sp Braga,1,1,D,EVALUATION_ONLY_JOIN_AFTER_PREMATCH_FEATURE_FREEZE,1.38,4.81,7.94,EXTERNAL_HISTORICAL_MARKET_BENCHMARK,NOT_AVAILABLE,NOT_GOLDBET,da5b2134a6b05b8f06f5f011fcbaa65daa30b5a0f82c3577eb4b4be1908e0f4f,1681.4014385809223,1619.30264604489,62.098792536032306,0.20000000000000018,1.2000000000000002,0.6000000000000001,-12.867532007092223,95,95,False
b62aecf8f5eecfe5bd4b46a2,Primeira Liga,2024/2025,DEVELOPMENT,2025-04-11,20:15,MATCH_KICKOFF_TIME_TIMEZONE_NOT_STATED_BY_SOURCE,,NOT_VERIFIED_DO_NOT_INFER,Gil Vicente,Guimaraes,0,1,A,EVALUATION_ONLY_JOIN_AFTER_PREMATCH_FEATURE_FREEZE,3.66,3.12,2.16,EXTERNAL_HISTORICAL_MARKET_BENCHMARK,NOT_AVAILABLE,NOT_GOLDBET,29b3f6a295d175fbd4d5b9e861fbe48c7f849ff58fa67223d70336e670d9b25c,1428.9991645854586,1565.3720947440609,-136.37293015860223,-1.8,-1.7999999999999998,-1.2,21.20894178321828,96,96,False
d31e20a9fd53a9a5923b956f,Primeira Liga,2024/2025,DEVELOPMENT,2025-04-12,15:30,MATCH_KICKOFF_TIME_TIMEZONE_NOT_STATED_BY_SOURCE,,NOT_VERIFIED_DO_NOT_INFER,Boavista,Nacional,0,1,A,EVALUATION_ONLY_JOIN_AFTER_PREMATCH_FEATURE_FREEZE,3.14,3.17,2.35,EXTERNAL_HISTORICAL_MARKET_BENCHMARK,NOT_AVAILABLE,NOT_GOLDBET,1f3a2359f89584d0dc32755a17e69b9f87434eb8d7364e694ee5e9479969fd92,1383.160415297219,1461.0169213594247,-77.85650606220565,0.0,0.2,0.0,-29.68522350235571,96,28,False
7b3bcfb026d7a074fc36ac5d,Primeira Liga,2024/2025,DEVELOPMENT,2025-04-12,15:30,MATCH_KICKOFF_TIME_TIMEZONE_NOT_STATED_BY_SOURCE,,NOT_VERIFIED_DO_NOT_INFER,Famalicao,Estoril,3,0,H,EVALUATION_ONLY_JOIN_AFTER_PREMATCH_FEATURE_FREEZE,1.98,3.42,3.82,EXTERNAL_HISTORICAL_MARKET_BENCHMARK,NOT_AVAILABLE,NOT_GOLDBET,33fa2bb8e4d858ff930a6372518b78299485bbbbd6a3bb36b15cd120f00791a0,1518.588758703312,1505.2586665740473,13.330092129264585,0.8,0.4,0.6000000000000001,-10.052805526890324,96,96,False
0d54de1f821e2c97c71b3a2d,Primeira Liga,2024/2025,DEVELOPMENT,2025-04-12,18:00,MATCH_KICKOFF_TIME_TIMEZONE_NOT_STATED_BY_SOURCE,,NOT_VERIFIED_DO_NOT_INFER,Santa Clara,Sp Lisbon,0,1,A,EVALUATION_ONLY_JOIN_AFTER_PREMATCH_FEATURE_FREEZE,6.76,3.84,1.54,EXTERNAL_HISTORICAL_MARKET_BENCHMARK,NOT_AVAILABLE,NOT_GOLDBET,3ecaddeaf6ff0c40017d04848eb085df731aba3e35d7e9692e355416f5682559,1511.122708875095,1678.0250198974275,-166.90231102233247,-1.2000000000000002,-2.0,-0.8000000000000003,-47.80934323977044,62,96,False
6069e1979bfe0d73ab9ce636,Primeira Liga,2024/2025,DEVELOPMENT,2025-04-12,20:30,MATCH_KICKOFF_TIME_TIMEZONE_NOT_STATED_BY_SOURCE,,NOT_VERIFIED_DO_NOT_INFER,Casa Pia,Porto,0,1,A,EVALUATION_ONLY_JOIN_AFTER_PREMATCH_FEATURE_FREEZE,5.59,3.8,1.63,EXTERNAL_HISTORICAL_MARKET_BENCHMARK,NOT_AVAILABLE,NOT_GOLDBET,145d33d490f4443d9e0e3e30e2af7f0224a602a6533c2007874fe0c3ca283e20,1500.543761406132,1609.9862472605585,-109.44248585442642,-1.0,-1.0,0.3999999999999999,-30.193604019557824,96,96,False
261fb35ba254ac537bc97339,Primeira Liga,2024/2025,DEVELOPMENT,2025-04-13,15:30,MATCH_KICKOFF_TIME_TIMEZONE_NOT_STATED_BY_SOURCE,,NOT_VERIFIED_DO_NOT_INFER,Estrela,Farense,0,1,A,EVALUATION_ONLY_JOIN_AFTER_PREMATCH_FEATURE_FREEZE,2.61,3.09,2.88,EXTERNAL_HISTORICAL_MARKET_BENCHMARK,NOT_AVAILABLE,NOT_GOLDBET,c15c1d1c9e60a17e49e5ed8eb75b4bb780e29a07077582b36c316507bfde3f7d,1443.7328261903801,1410.0027053939452,33.7301207964349,0.6,-0.20000000000000007,-0.19999999999999996,-21.834090189081508,62,62,False
d46ca982254b87fb253c81b9,Primeira Liga,2024/2025,DEVELOPMENT,2025-04-13,18:00,MATCH_KICKOFF_TIME_TIMEZONE_NOT_STATED_BY_SOURCE,,NOT_VERIFIED_DO_NOT_INFER,Benfica,Arouca,2,2,D,EVALUATION_ONLY_JOIN_AFTER_PREMATCH_FEATURE_FREEZE,1.11,9.29,21.89,EXTERNAL_HISTORICAL_MARKET_BENCHMARK,NOT_AVAILABLE,NOT_GOLDBET,00eeb13679a263b2c42dc6e761452f17064dd265018b537f50eda1cf93f273f8,1671.746518853845,1476.239458897666,195.50705995617886,2.2,2.8000000000000003,1.4,-54.330698369214815,96,96,False
f0027923c3b70a7d3c55bfe8,Primeira Liga,2024/2025,DEVELOPMENT,2025-04-13,18:00,MATCH_KICKOFF_TIME_TIMEZONE_NOT_STATED_BY_SOURCE,,NOT_VERIFIED_DO_NOT_INFER,Sp Braga,AVS,4,1,H,EVALUATION_ONLY_JOIN_AFTER_PREMATCH_FEATURE_FREEZE,1.43,4.35,7.65,EXTERNAL_HISTORICAL_MARKET_BENCHMARK,NOT_AVAILABLE,NOT_GOLDBET,b67aa6a5150d24add497eb4ccb88aed2d4798799d52c90d25f169c9aad50e0c4,1622.679064728385,1439.012716047457,183.66634868092797,1.4,2.0,2.2,36.595458149444994,96,28,False
1801e9d031da619574496356,Primeira Liga,2024/2025,DEVELOPMENT,2025-04-13,20:30,MATCH_KICKOFF_TIME_TIMEZONE_NOT_STATED_BY_SOURCE,,NOT_VERIFIED_DO_NOT_INFER,Moreirense,Rio Ave,0,2,A,EVALUATION_ONLY_JOIN_AFTER_PREMATCH_FEATURE_FREEZE,2.23,3.12,3.48,EXTERNAL_HISTORICAL_MARKET_BENCHMARK,NOT_AVAILABLE,NOT_GOLDBET,4384059788721047cad65f7a7e8c4077fdcc5fe479975c9ed71f714e3947f49e,1496.0531375228973,1458.5671181522944,37.48601937060289,1.2000000000000002,1.2000000000000002,0.8,-57.63899195677459,62,96,False
be5e81e8488cc44f5159646b,Primeira Liga,2024/2025,DEVELOPMENT,2025-04-18,15:30,MATCH_KICKOFF_TIME_TIMEZONE_NOT_STATED_BY_SOURCE,,NOT_VERIFIED_DO_NOT_INFER,Farense,Boavista,0,1,A,EVALUATION_ONLY_JOIN_AFTER_PREMATCH_FEATURE_FREEZE,1.76,3.55,4.83,EXTERNAL_HISTORICAL_MARKET_BENCHMARK,NOT_AVAILABLE,NOT_GOLDBET,ef9e53e4f78bd5cff43d9ad59fc6ef02f16c1d6bf0f5ae68a45b5c4cf66c5352,1422.63687836204,1373.6739148053953,48.96296355664481,0.4,0.39999999999999997,-0.39999999999999997,65.77881447042455,63,97,False
d39e125c059e7901318b3a87,Primeira Liga,2024/2025,DEVELOPMENT,2025-04-18,15:30,MATCH_KICKOFF_TIME_TIMEZONE_NOT_STATED_BY_SOURCE,,NOT_VERIFIED_DO_NOT_INFER,Rio Ave,Santa Clara,1,1,D,EVALUATION_ONLY_JOIN_AFTER_PREMATCH_FEATURE_FREEZE,3.88,3.22,2.05,EXTERNAL_HISTORICAL_MARKET_BENCHMARK,NOT_AVAILABLE,NOT_GOLDBET,cb220e00d9244c8d1fcec13c671ce059f3e05a71e9a170cd17e8b9c16f4d895e,1471.3016038549695,1504.106046568589,-32.80444271361944,-0.7999999999999999,-0.39999999999999997,-0.3999999999999999,-27.938764606063614,97,63,False
5500d98710052abf89650ed0,Primeira Liga,2024/2025,DEVELOPMENT,2025-04-18,18:00,MATCH_KICKOFF_TIME_TIMEZONE_NOT_STATED_BY_SOURCE,,NOT_VERIFIED_DO_NOT_INFER,Porto,Famalicao,2,1,H,EVALUATION_ONLY_JOIN_AFTER_PREMATCH_FEATURE_FREEZE,1.52,4.32,5.98,EXTERNAL_HISTORICAL_MARKET_BENCHMARK,NOT_AVAILABLE,NOT_GOLDBET,f94229e32c8ab34e773e5fc93b5ba4c0cc319da2c086bff4273e2b69648fc8a6,1618.5727072543857,1526.50894069516,92.06376655922577,-0.5999999999999999,-1.2,-0.6000000000000001,21.54249741041326,97,97,False
fd2d0c549a6f9cd071e6dfb6,Primeira Liga,2024/2025,DEVELOPMENT,2025-04-18,20:30,MATCH_KICKOFF_TIME_TIMEZONE_NOT_STATED_BY_SOURCE,,NOT_VERIFIED_DO_NOT_INFER,Sp Lisbon,Moreirense,3,1,H,EVALUATION_ONLY_JOIN_AFTER_PREMATCH_FEATURE_FREEZE,1.15,7.4,19.71,EXTERNAL_HISTORICAL_MARKET_BENCHMARK,NOT_AVAILABLE,NOT_GOLDBET,3d9098d52648fee58903f2b6c320dba7ab43fac03a31dfb6dc0074c820af60ac,1685.0416822039335,1483.3186518202222,201.72303038371138,1.0,1.6,1.4000000000000001,47.322663492022684,97,63,False
3660520b6598ea36048366b1,Primeira Liga,2024/2025,DEVELOPMENT,2025-04-19,15:30,MATCH_KICKOFF_TIME_TIMEZONE_NOT_STATED_BY_SOURCE,,NOT_VERIFIED_DO_NOT_INFER,AVS,Casa Pia,1,1,D,EVALUATION_ONLY_JOIN_AFTER_PREMATCH_FEATURE_FREEZE,2.95,3.15,2.49,EXTERNAL_HISTORICAL_MARKET_BENCHMARK,NOT_AVAILABLE,NOT_GOLDBET,6d99983410f85c7593c103ad411b8ef69c941d218d5c0c1344df27fdfb425b25,1435.0648172045478,1491.9573014123048,-56.89248420775698,-0.8,-1.5999999999999999,0.6000000000000001,14.19981891166799,29,97,False
29905b71330b4fbae514c813,Primeira Liga,2024/2025,DEVELOPMENT,2025-04-19,15:30,MATCH_KICKOFF_TIME_TIMEZONE_NOT_STATED_BY_SOURCE,,NOT_VERIFIED_DO_NOT_INFER,Nacional,Gil Vicente,0,3,A,EVALUATION_ONLY_JOIN_AFTER_PREMATCH_FEATURE_FREEZE,2.48,3.1,3.01,EXTERNAL_HISTORICAL_MARKET_BENCHMARK,NOT_AVAILABLE,NOT_GOLDBET,ed2817022611c20bd3fbb766450d425ed55c4b06ee20d7ba0432265717688fe1,1470.5034218512485,1421.1626196341333,49.3408022171152,0.6,0.4,0.5999999999999999,-22.968408444524584,29,97,False
e217ebf8aef8cd334d4b221b,Primeira Liga,2024/2025,DEVELOPMENT,2025-04-19,18:00,MATCH_KICKOFF_TIME_TIMEZONE_NOT_STATED_BY_SOURCE,,NOT_VERIFIED_DO_NOT_INFER,Arouca,Estrela,1,0,H,EVALUATION_ONLY_JOIN_AFTER_PREMATCH_FEATURE_FREEZE,2.03,3.22,3.94,EXTERNAL_HISTORICAL_MARKET_BENCHMARK,NOT_AVAILABLE,NOT_GOLDBET,793e4d671f601e5ef21019511057775739f8f039037f484b58bf94bdc4570122,1482.5030891831302,1431.0986532222853,51.40443596084492,0.19999999999999996,0.8,-0.7999999999999999,42.285494523914394,97,63,False
1e0813d7dadca9e59cd187ec,Primeira Liga,2024/2025,DEVELOPMENT,2025-04-19,18:00,MATCH_KICKOFF_TIME_TIMEZONE_NOT_STATED_BY_SOURCE,,NOT_VERIFIED_DO_NOT_INFER,Estoril,Sp Braga,0,2,A,EVALUATION_ONLY_JOIN_AFTER_PREMATCH_FEATURE_FREEZE,4.69,3.67,1.75,EXTERNAL_HISTORICAL_MARKET_BENCHMARK,NOT_AVAILABLE,NOT_GOLDBET,2c35d1de832bc38d152b155959800f1bcde3a034adefea6820b9465f4dd19157,1497.3384845821993,1626.626963571294,-129.28847898909476,-1.6,-1.4,0.3999999999999999,-31.821357254040777,97,97,False
d459034f8e8a5c8edc1d1c7d,Primeira Liga,2024/2025,DEVELOPMENT,2025-04-19,20:30,MATCH_KICKOFF_TIME_TIMEZONE_NOT_STATED_BY_SOURCE,,NOT_VERIFIED_DO_NOT_INFER,Guimaraes,Benfica,0,3,A,EVALUATION_ONLY_JOIN_AFTER_PREMATCH_FEATURE_FREEZE,5.75,4.35,1.52,EXTERNAL_HISTORICAL_MARKET_BENCHMARK,NOT_AVAILABLE,NOT_GOLDBET,6ec97d36e8ba7cc24d1bf786a176be8e926f3559e0ddb514f84e95d3358d6841,1573.2086396953862,1665.4828885683808,-92.27424887299458,0.0,-0.40000000000000013,-0.3999999999999999,-33.09552065207481,97,97,False
1eedcda11bf6b940a7b73e5e,Primeira Liga,2024/2025,DEVELOPMENT,2025-04-25,20:30,MATCH_KICKOFF_TIME_TIMEZONE_NOT_STATED_BY_SOURCE,,NOT_VERIFIED_DO_NOT_INFER,Famalicao,Sp Braga,1,1,D,EVALUATION_ONLY_JOIN_AFTER_PREMATCH_FEATURE_FREEZE,3.62,3.35,2.08,EXTERNAL_HISTORICAL_MARKET_BENCHMARK,NOT_AVAILABLE,NOT_GOLDBET,b0dc5480c582ab12d08624111a2fe913bc3fa705d2a34c868c0f54da02a9948c,1520.6260922448091,1634.6587055255168,-114.03261328070766,-0.8,-0.5999999999999999,1.0,42.17413324884592,98,98,False
ddced7253b810be1f2d1d628,Primeira Liga,2024/2025,DEVELOPMENT,2025-04-26,15:30,MATCH_KICKOFF_TIME_TIMEZONE_NOT_STATED_BY_SOURCE,,NOT_VERIFIED_DO_NOT_INFER,Santa Clara,Arouca,2,0,H,EVALUATION_ONLY_JOIN_AFTER_PREMATCH_FEATURE_FREEZE,1.9,3.17,4.65,EXTERNAL_HISTORICAL_MARKET_BENCHMARK,NOT_AVAILABLE,NOT_GOLDBET,734a751b44c1ed3e28df6ad30e5078e38dee6ec24e14799d64e669b86ccec07c,1504.8872029003194,1489.4021642279317,15.485038672387645,0.3999999999999999,0.0,-0.20000000000000018,-18.499053244900324,64,98,False
4a11ae7aa92a2c36dc7f266c,Primeira Liga,2024/2025,DEVELOPMENT,2025-04-26,18:00,MATCH_KICKOFF_TIME_TIMEZONE_NOT_STATED_BY_SOURCE,,NOT_VERIFIED_DO_NOT_INFER,Gil Vicente,Farense,1,0,H,EVALUATION_ONLY_JOIN_AFTER_PREMATCH_FEATURE_FREEZE,2.49,2.99,3.12,EXTERNAL_HISTORICAL_MARKET_BENCHMARK,NOT_AVAILABLE,NOT_GOLDBET,1702bfd7d54b0a1351f12aa4a8268df1b50645d4963e8adbf82d77679462bb10,1434.2097613856636,1409.5996051894465,24.610156196217076,0.3999999999999999,0.4,-1.0,-6.34178757749396,98,64,False
ccc9028d0f1cbd0e1fb5eb28,Primeira Liga,2024/2025,DEVELOPMENT,2025-04-26,20:30,MATCH_KICKOFF_TIME_TIMEZONE_NOT_STATED_BY_SOURCE,,NOT_VERIFIED_DO_NOT_INFER,Estrela,Porto,2,0,H,EVALUATION_ONLY_JOIN_AFTER_PREMATCH_FEATURE_FREEZE,6.18,3.9,1.56,EXTERNAL_HISTORICAL_MARKET_BENCHMARK,NOT_AVAILABLE,NOT_GOLDBET,8a23ebd1b4dfa8eb3ab854bd9eeddda1c9ad6bba7dcc5da42e50cf758d070fb1,1424.1995781774838,1624.4555557047365,-200.25597752725275,-1.7999999999999998,-1.6,-2.0,-11.442088846026763,64,98,False
2e21d09e3a349aee8881cab1,Primeira Liga,2024/2025,DEVELOPMENT,2025-04-27,15:30,MATCH_KICKOFF_TIME_TIMEZONE_NOT_STATED_BY_SOURCE,,NOT_VERIFIED_DO_NOT_INFER,Moreirense,Nacional,1,1,D,EVALUATION_ONLY_JOIN_AFTER_PREMATCH_FEATURE_FREEZE,2.63,3.07,2.84,EXTERNAL_HISTORICAL_MARKET_BENCHMARK,NOT_AVAILABLE,NOT_GOLDBET,45c41b0e8b4ebbbe43026a283b4ebbea61003c7e6364bd2d62b03819ed3d6f2d,1479.6897840717336,1457.4562800997182,22.233503972015342,0.19999999999999996,0.0,0.40000000000000013,55.5430172279282,64,30,False
5c30fc502bd277ed36a829fb,Primeira Liga,2024/2025,DEVELOPMENT,2025-04-27,18:00,MATCH_KICKOFF_TIME_TIMEZONE_NOT_STATED_BY_SOURCE,,NOT_VERIFIED_DO_NOT_INFER,Benfica,AVS,6,0,H,EVALUATION_ONLY_JOIN_AFTER_PREMATCH_FEATURE_FREEZE,1.07,11.89,26.26,EXTERNAL_HISTORICAL_MARKET_BENCHMARK,NOT_AVAILABLE,NOT_GOLDBET,f6457ccc9bbe77621e09d736f730ab0d87aee4c0023ce1545f3a75ef7c192a08,1674.5566237488224,1434.9753780952694,239.58124565355297,2.4,4.2,1.8,-40.044159188942785,98,30,False
91d5a3f4a7aad230f11e8424,Primeira Liga,2024/2025,DEVELOPMENT,2025-04-27,18:00,MATCH_KICKOFF_TIME_TIMEZONE_NOT_STATED_BY_SOURCE,,NOT_VERIFIED_DO_NOT_INFER,Guimaraes,Rio Ave,3,0,H,EVALUATION_ONLY_JOIN_AFTER_PREMATCH_FEATURE_FREEZE,1.44,4.48,7,EXTERNAL_HISTORICAL_MARKET_BENCHMARK,NOT_AVAILABLE,NOT_GOLDBET,65700bc1f2be6af813ad1cfae0f7cac5a03a4ce645b26033edfb3de7e25d7eef,1564.1349045149445,1470.520447523239,93.61445699170554,1.2,0.8,1.2,6.382529670940357,98,98,False
0dd7862c79c5d0ce57543ee9,Primeira Liga,2024/2025,DEVELOPMENT,2025-04-27,20:30,MATCH_KICKOFF_TIME_TIMEZONE_NOT_STATED_BY_SOURCE,,NOT_VERIFIED_DO_NOT_INFER,Boavista,Sp Lisbon,0,5,A,EVALUATION_ONLY_JOIN_AFTER_PREMATCH_FEATURE_FREEZE,16.76,8.07,1.14,EXTERNAL_HISTORICAL_MARKET_BENCHMARK,NOT_AVAILABLE,NOT_GOLDBET,5a100f3c5fd3dd10fbf9e71a8e18786e24fdc9f31e736911659e1040d1cc679c,1386.7111879779889,1688.670549952422,-301.95936197443325,-1.4000000000000001,-1.8,-1.6,-57.84921552216997,98,98,False
cb762605efc1b9c647170446,Primeira Liga,2024/2025,DEVELOPMENT,2025-04-29,20:30,MATCH_KICKOFF_TIME_TIMEZONE_NOT_STATED_BY_SOURCE,,NOT_VERIFIED_DO_NOT_INFER,Casa Pia,Estoril,1,3,A,EVALUATION_ONLY_JOIN_AFTER_PREMATCH_FEATURE_FREEZE,2.52,3,3.09,EXTERNAL_HISTORICAL_MARKET_BENCHMARK,NOT_AVAILABLE,NOT_GOLDBET,d40689d26da5a9d4290ee8463d84054e273d98ef80bcca492ffaea47141bc4c4,1492.0467405215832,1489.3067426279765,2.739997893606642,0.19999999999999996,0.19999999999999996,0.8,-58.678550713972754,98,98,False
31493444be73e7eca6a401d0,Primeira Liga,2024/2025,DEVELOPMENT,2025-05-02,20:15,MATCH_KICKOFF_TIME_TIMEZONE_NOT_STATED_BY_SOURCE,,NOT_VERIFIED_DO_NOT_INFER,Porto,Moreirense,3,1,H,EVALUATION_ONLY_JOIN_AFTER_PREMATCH_FEATURE_FREEZE,1.32,5.36,9.05,EXTERNAL_HISTORICAL_MARKET_BENCHMARK,NOT_AVAILABLE,NOT_GOLDBET,fe5a490aea4f0ef30d35062ad9946c7ef67ed212a84eb9263269f4feb6432343,1610.6245445775894,1477.3661430858224,133.25840149176702,0.8,0.19999999999999996,0.8,3.3768812382597844,99,65,False
2c5a65fd0f17d1a186f2d68a,Primeira Liga,2024/2025,DEVELOPMENT,2025-05-03,15:30,MATCH_KICKOFF_TIME_TIMEZONE_NOT_STATED_BY_SOURCE,,NOT_VERIFIED_DO_NOT_INFER,Farense,Famalicao,2,1,H,EVALUATION_ONLY_JOIN_AFTER_PREMATCH_FEATURE_FREEZE,2.86,3.23,2.52,EXTERNAL_HISTORICAL_MARKET_BENCHMARK,NOT_AVAILABLE,NOT_GOLDBET,d3758dd13a8e7e612cea588106248405f9aba044af780e354ac84c819d4f3e0d,1401.9878545964207,1522.1688581183514,-120.18100352193073,-1.2,-1.6,-1.0,-58.2104997717513,65,99,False
32c921611352c14fb79ce1a2,Primeira Liga,2024/2025,DEVELOPMENT,2025-05-03,15:30,MATCH_KICKOFF_TIME_TIMEZONE_NOT_STATED_BY_SOURCE,,NOT_VERIFIED_DO_NOT_INFER,Nacional,Guimaraes,1,2,A,EVALUATION_ONLY_JOIN_AFTER_PREMATCH_FEATURE_FREEZE,3.98,3.6,1.9,EXTERNAL_HISTORICAL_MARKET_BENCHMARK,NOT_AVAILABLE,NOT_GOLDBET,0ff30c2374c0ae15d27ddfe37bae735856fe7dc0c1ebc02788374699b8a8c3e8,1459.7799210856294,1569.9807543605243,-110.20083327489488,-1.2,-1.4,-0.40000000000000013,-68.57905749776364,31,99,False
f5d198ce48c2bee871625a4c,Primeira Liga,2024/2025,DEVELOPMENT,2025-05-03,18:00,MATCH_KICKOFF_TIME_TIMEZONE_NOT_STATED_BY_SOURCE,,NOT_VERIFIED_DO_NOT_INFER,Sp Braga,Santa Clara,1,1,D,EVALUATION_ONLY_JOIN_AFTER_PREMATCH_FEATURE_FREEZE,1.77,3.52,4.82,EXTERNAL_HISTORICAL_MARKET_BENCHMARK,NOT_AVAILABLE,NOT_GOLDBET,657612bab08f5cbd4f53acb30aacd9f29fabe070aba46518bc5b4c14248841f7,1633.1159396519745,1512.748120707026,120.36781894494857,0.8000000000000003,1.2,2.0,-9.46206367392324,99,65,False
c3d838abb5c46df50ecb067c,Primeira Liga,2024/2025,DEVELOPMENT,2025-05-03,20:30,MATCH_KICKOFF_TIME_TIMEZONE_NOT_STATED_BY_SOURCE,,NOT_VERIFIED_DO_NOT_INFER,Estoril,Benfica,1,2,A,EVALUATION_ONLY_JOIN_AFTER_PREMATCH_FEATURE_FREEZE,12.62,7.67,1.18,EXTERNAL_HISTORICAL_MARKET_BENCHMARK,NOT_AVAILABLE,NOT_GOLDBET,97e0f8ae2105fb6558a73bdabef9df688e166de800f780d3f51381b07315986d,1501.0931690194993,1677.582399991878,-176.48923097237866,-1.4000000000000001,-2.8000000000000003,-1.6,36.33131712084037,99,99,False
e8f0f8871b46a20e73299b6e,Primeira Liga,2024/2025,DEVELOPMENT,2025-05-04,18:00,MATCH_KICKOFF_TIME_TIMEZONE_NOT_STATED_BY_SOURCE,,NOT_VERIFIED_DO_NOT_INFER,Arouca,Casa Pia,0,0,D,EVALUATION_ONLY_JOIN_AFTER_PREMATCH_FEATURE_FREEZE,2.05,3.39,3.64,EXTERNAL_HISTORICAL_MARKET_BENCHMARK,NOT_AVAILABLE,NOT_GOLDBET,01a63ab8103772e6185cfc675fdcc2e5028e5549f6d903ea1d30642caa886e8e,1481.5412464212252,1480.2603141300604,1.280932291164845,-0.19999999999999996,-0.19999999999999996,0.6,60.986850820661175,99,99,False
43611edc43d968c99058af4d,Primeira Liga,2024/2025,DEVELOPMENT,2025-05-04,20:30,MATCH_KICKOFF_TIME_TIMEZONE_NOT_STATED_BY_SOURCE,,NOT_VERIFIED_DO_NOT_INFER,Sp Lisbon,Gil Vicente,2,1,H,EVALUATION_ONLY_JOIN_AFTER_PREMATCH_FEATURE_FREEZE,1.12,8.43,20.36,EXTERNAL_HISTORICAL_MARKET_BENCHMARK,NOT_AVAILABLE,NOT_GOLDBET,4838c4ab4e2edf83031b46633a133d3e4cefff357a0c27fa9a9e5d6a3dc9d138,1692.6496767485944,1441.8215119786894,250.82816476990502,0.8,1.4000000000000001,0.8000000000000003,25.27322155939237,99,99,False
7209705d0aa80a21368145b4,Primeira Liga,2024/2025,DEVELOPMENT,2025-05-05,19:30,MATCH_KICKOFF_TIME_TIMEZONE_NOT_STATED_BY_SOURCE,,NOT_VERIFIED_DO_NOT_INFER,Rio Ave,Estrela,2,0,H,EVALUATION_ONLY_JOIN_AFTER_PREMATCH_FEATURE_FREEZE,2.39,3.24,3.02,EXTERNAL_HISTORICAL_MARKET_BENCHMARK,NOT_AVAILABLE,NOT_GOLDBET,eada40d7dd9b79bc14f8eb3aca8cb4f2dc96307f43e91e4cfdcbf34a313be774,1464.6745976776592,1438.030589304631,26.644008373028328,-0.3999999999999999,-0.4,-0.3999999999999999,-48.08808119389391,99,65,False
58bfc68d70fa473e50dd4b85,Primeira Liga,2024/2025,DEVELOPMENT,2025-05-05,20:15,MATCH_KICKOFF_TIME_TIMEZONE_NOT_STATED_BY_SOURCE,,NOT_VERIFIED_DO_NOT_INFER,AVS,Boavista,1,2,A,EVALUATION_ONLY_JOIN_AFTER_PREMATCH_FEATURE_FREEZE,2.4,3.2,3.06,EXTERNAL_HISTORICAL_MARKET_BENCHMARK,NOT_AVAILABLE,NOT_GOLDBET,ac5cc2c4c0eee228915e6c27b3dfceec7086116b775af1baa7a657976cd0c3dc,1431.9496018522138,1382.7320611818166,49.217540670397284,-1.0,-2.0,-0.7999999999999999,61.99500862975992,31,99,False
e85e6a83f1bacc6ab10b7bb1,Primeira Liga,2024/2025,DEVELOPMENT,2025-05-10,15:30,MATCH_KICKOFF_TIME_TIMEZONE_NOT_STATED_BY_SOURCE,,NOT_VERIFIED_DO_NOT_INFER,Nacional,Rio Ave,3,3,D,EVALUATION_ONLY_JOIN_AFTER_PREMATCH_FEATURE_FREEZE,2,3.76,3.43,EXTERNAL_HISTORICAL_MARKET_BENCHMARK,NOT_AVAILABLE,NOT_GOLDBET,816e483568ac6076348e7b200e0f51c344a3c5375e745e4a5da37c5571ae33f0,1451.2148453292764,1472.2312259011578,-21.016380571881427,-0.5999999999999999,-0.6000000000000001,0.6,-17.247461040904682,32,100,False
af94b13c4a67d835aea1ff9d,Primeira Liga,2024/2025,DEVELOPMENT,2025-05-10,15:30,MATCH_KICKOFF_TIME_TIMEZONE_NOT_STATED_BY_SOURCE,,NOT_VERIFIED_DO_NOT_INFER,Santa Clara,Famalicao,2,1,H,EVALUATION_ONLY_JOIN_AFTER_PREMATCH_FEATURE_FREEZE,1.9,3.3,4.35,EXTERNAL_HISTORICAL_MARKET_BENCHMARK,NOT_AVAILABLE,NOT_GOLDBET,045cc8ef410c59f002ce68de971d54c72e435626e34cb40b303dda9754940e5b,1517.5184830242395,1510.4538276278568,7.064655396382705,-0.3999999999999999,-0.6000000000000001,0.7999999999999999,36.43041241906667,66,100,False
42721119398f10ec42b4a58e,Primeira Liga,2024/2025,DEVELOPMENT,2025-05-10,18:00,MATCH_KICKOFF_TIME_TIMEZONE_NOT_STATED_BY_SOURCE,,NOT_VERIFIED_DO_NOT_INFER,Benfica,Sp Lisbon,1,1,D,EVALUATION_ONLY_JOIN_AFTER_PREMATCH_FEATURE_FREEZE,2.19,3.39,3.26,EXTERNAL_HISTORICAL_MARKET_BENCHMARK,NOT_AVAILABLE,NOT_GOLDBET,28a0383e806d8d7c72ed7544c069dc0fb8d7bed311bfbe6232ba1db38059e665,1684.3498026745915,1695.5129198553398,-11.163117180748259,0.0,0.8,0.0,32.756524721854476,100,100,False
d6ee1a7a498d5fc04dd6dbb2,Primeira Liga,2024/2025,DEVELOPMENT,2025-05-10,20:30,MATCH_KICKOFF_TIME_TIMEZONE_NOT_STATED_BY_SOURCE,,NOT_VERIFIED_DO_NOT_INFER,Casa Pia,Sp Braga,2,1,H,EVALUATION_ONLY_JOIN_AFTER_PREMATCH_FEATURE_FREEZE,6.49,4.21,1.5,EXTERNAL_HISTORICAL_MARKET_BENCHMARK,NOT_AVAILABLE,NOT_GOLDBET,a9cdc507db6e6a44d87020d669dfceda16bd6cb22d12f2cd2b6deb0b20c0a86a,1482.0060551577499,1628.345577334761,-146.33952217701108,-1.2000000000000002,-1.6,-0.40000000000000013,-45.23099387406728,100,100,False
02eba1482174a1687c44c8d1,Primeira Liga,2024/2025,DEVELOPMENT,2025-05-10,20:30,MATCH_KICKOFF_TIME_TIMEZONE_NOT_STATED_BY_SOURCE,,NOT_VERIFIED_DO_NOT_INFER,Gil Vicente,Arouca,1,1,D,EVALUATION_ONLY_JOIN_AFTER_PREMATCH_FEATURE_FREEZE,2.23,3.27,3.31,EXTERNAL_HISTORICAL_MARKET_BENCHMARK,NOT_AVAILABLE,NOT_GOLDBET,8ea983e796cd1fe3420453b3150d777ad2e969a8401c68d27567762cc7d1adfc,1438.958268871944,1479.7955053935357,-40.83723652159165,0.19999999999999996,0.6000000000000001,-0.4,5.669170293130037,100,100,False
41cb82bebd5d4894fd167cdf,Primeira Liga,2024/2025,DEVELOPMENT,2025-05-11,15:30,MATCH_KICKOFF_TIME_TIMEZONE_NOT_STATED_BY_SOURCE,,NOT_VERIFIED_DO_NOT_INFER,Estrela,AVS,0,1,A,EVALUATION_ONLY_JOIN_AFTER_PREMATCH_FEATURE_FREEZE,2.29,3.13,3.31,EXTERNAL_HISTORICAL_MARKET_BENCHMARK,NOT_AVAILABLE,NOT_GOLDBET,f06c2a5dea4c9d962cac38cf32fc606b640afc14518db6b56f180c8a598468e1,1430.4739610811323,1418.9056787896009,11.568282291531432,1.0,2.4,0.4,-42.2458226408894,66,32,False
20b2b204e3fff5f84dfd9d0e,Primeira Liga,2024/2025,DEVELOPMENT,2025-05-11,18:00,MATCH_KICKOFF_TIME_TIMEZONE_NOT_STATED_BY_SOURCE,,NOT_VERIFIED_DO_NOT_INFER,Guimaraes,Farense,1,2,A,EVALUATION_ONLY_JOIN_AFTER_PREMATCH_FEATURE_FREEZE,1.51,4.12,6.53,EXTERNAL_HISTORICAL_MARKET_BENCHMARK,NOT_AVAILABLE,NOT_GOLDBET,1afc379dd23384af4cda532fedabb7ec7abf9bdfd592721e2bf8f406deeb47e0,1578.5458301168774,1413.7028850869153,164.84294502996204,1.0,0.8,1.4,53.569795795099935,100,66,False
5ee4d67237e32523bc5cdd4f,Primeira Liga,2024/2025,DEVELOPMENT,2025-05-11,18:00,MATCH_KICKOFF_TIME_TIMEZONE_NOT_STATED_BY_SOURCE,,NOT_VERIFIED_DO_NOT_INFER,Moreirense,Estoril,2,2,D,EVALUATION_ONLY_JOIN_AFTER_PREMATCH_FEATURE_FREEZE,2.61,3.21,2.77,EXTERNAL_HISTORICAL_MARKET_BENCHMARK,NOT_AVAILABLE,NOT_GOLDBET,2db8e0f42e05cb9412341933ded6c549227522e7ec7dda64366ab5d0a80fe034,1472.4179843272884,1494.3257663367858,-21.907782009497396,-0.3999999999999999,-0.8,-0.19999999999999996,-22.638684605104572,66,100,False
9965980cbc5c4bcdab9e1bf3,Primeira Liga,2024/2025,DEVELOPMENT,2025-05-11,20:30,MATCH_KICKOFF_TIME_TIMEZONE_NOT_STATED_BY_SOURCE,,NOT_VERIFIED_DO_NOT_INFER,Boavista,Porto,1,2,A,EVALUATION_ONLY_JOIN_AFTER_PREMATCH_FEATURE_FREEZE,7.99,4.51,1.41,EXTERNAL_HISTORICAL_MARKET_BENCHMARK,NOT_AVAILABLE,NOT_GOLDBET,2389dcae4a760060f8f601858451792b57883182205a20456371f7aba7b8927c,1395.7759842444295,1615.5727033361234,-219.79671909169383,0.0,-0.2,-1.2000000000000002,-22.512820658687133,100,100,False
cf0cab6c8caa6e86ccedfd5e,Primeira Liga,2024/2025,DEVELOPMENT,2025-05-16,19:00,MATCH_KICKOFF_TIME_TIMEZONE_NOT_STATED_BY_SOURCE,,NOT_VERIFIED_DO_NOT_INFER,Famalicao,Casa Pia,2,1,H,EVALUATION_ONLY_JOIN_AFTER_PREMATCH_FEATURE_FREEZE,1.88,3.57,4.12,EXTERNAL_HISTORICAL_MARKET_BENCHMARK,NOT_AVAILABLE,NOT_GOLDBET,bd40d77ded1aec9c221ca4f98eacd9c0d76a8beee5a65448c11875ce947cada2,1502.360481765381,1494.4411845598397,7.9192972055413975,-0.19999999999999996,0.4,2.0,6.750357225108246,101,101,False
d39f8456d61dcae7b7dd1839,Primeira Liga,2024/2025,DEVELOPMENT,2025-05-16,19:00,MATCH_KICKOFF_TIME_TIMEZONE_NOT_STATED_BY_SOURCE,,NOT_VERIFIED_DO_NOT_INFER,Rio Ave,Gil Vicente,1,1,D,EVALUATION_ONLY_JOIN_AFTER_PREMATCH_FEATURE_FREEZE,2.75,3.35,2.54,EXTERNAL_HISTORICAL_MARKET_BENCHMARK,NOT_AVAILABLE,NOT_GOLDBET,9b288a9eaab28706c7ca2242e4c2a5ac4f3dc48ecbddbcf590c364a554ec3b45,1473.3485795414042,1438.4072788044205,34.94130073698375,0.20000000000000018,-0.2,0.0,-32.876156137309636,101,101,False
bd04f8eeaf7c65c339ec9ab9,Primeira Liga,2024/2025,DEVELOPMENT,2025-05-17,18:00,MATCH_KICKOFF_TIME_TIMEZONE_NOT_STATED_BY_SOURCE,,NOT_VERIFIED_DO_NOT_INFER,AVS,Moreirense,0,3,A,EVALUATION_ONLY_JOIN_AFTER_PREMATCH_FEATURE_FREEZE,1.89,3.41,4.25,EXTERNAL_HISTORICAL_MARKET_BENCHMARK,NOT_AVAILABLE,NOT_GOLDBET,92db4f039202a8f266faa74a45d0caff6cc1f960a240661f84798434c3947811,1430.9369305187358,1471.3259741753013,-40.38904365656549,0.4,-0.6000000000000001,-0.4,-20.723275843572083,33,67,False
c63194a844aaec930ff95841,Primeira Liga,2024/2025,DEVELOPMENT,2025-05-17,18:00,MATCH_KICKOFF_TIME_TIMEZONE_NOT_STATED_BY_SOURCE,,NOT_VERIFIED_DO_NOT_INFER,Arouca,Boavista,4,1,H,EVALUATION_ONLY_JOIN_AFTER_PREMATCH_FEATURE_FREEZE,1.97,3.63,3.62,EXTERNAL_HISTORICAL_MARKET_BENCHMARK,NOT_AVAILABLE,NOT_GOLDBET,7164a0706110c61be1fbcaa57bfacc993a80524a0686114e41fc4427641fd7a6,1480.3464954610592,1390.0762715457051,90.27022391535411,0.0,0.8,-0.8,-18.57913937675403,101,101,False
d6f918fc295ce01f6c0eef96,Primeira Liga,2024/2025,DEVELOPMENT,2025-05-17,18:00,MATCH_KICKOFF_TIME_TIMEZONE_NOT_STATED_BY_SOURCE,,NOT_VERIFIED_DO_NOT_INFER,Estoril,Estrela,4,0,H,EVALUATION_ONLY_JOIN_AFTER_PREMATCH_FEATURE_FREEZE,2.61,3.33,2.68,EXTERNAL_HISTORICAL_MARKET_BENCHMARK,NOT_AVAILABLE,NOT_GOLDBET,578e41a6b23c02ff6033727f02616625a5f04ed063ccb03bb8b59aade61ab195,1495.417776488773,1418.4427093519973,76.97506713677558,0.20000000000000007,-0.20000000000000007,0.0,77.34424407325673,101,67,False
7e134aa6930a63d818848eb5,Primeira Liga,2024/2025,DEVELOPMENT,2025-05-17,18:00,MATCH_KICKOFF_TIME_TIMEZONE_NOT_STATED_BY_SOURCE,,NOT_VERIFIED_DO_NOT_INFER,Farense,Santa Clara,1,2,A,EVALUATION_ONLY_JOIN_AFTER_PREMATCH_FEATURE_FREEZE,2.67,3.14,2.75,EXTERNAL_HISTORICAL_MARKET_BENCHMARK,NOT_AVAILABLE,NOT_GOLDBET,ac9ada1f1beb49a735af9734927b341924843eba6a90c329bec482453f37fe35,1429.4003675904505,1525.611828886715,-96.21146129626459,0.19999999999999996,-0.2,-0.19999999999999996,-85.9934729286988,67,67,False
f13b2165b50482d3cd772ee5,Primeira Liga,2024/2025,DEVELOPMENT,2025-05-17,18:00,MATCH_KICKOFF_TIME_TIMEZONE_NOT_STATED_BY_SOURCE,,NOT_VERIFIED_DO_NOT_INFER,Porto,Nacional,3,0,H,EVALUATION_ONLY_JOIN_AFTER_PREMATCH_FEATURE_FREEZE,1.29,5.65,9.25,EXTERNAL_HISTORICAL_MARKET_BENCHMARK,NOT_AVAILABLE,NOT_GOLDBET,10b36f2a62f6474fed784d00156659cbb55545dd7d4cb1c64f88c46daeb83ddb,1621.2724160348478,1450.09749168903,171.17492434581777,1.4,1.2,1.2,-0.3660783311481737,101,33,False
e938c8c88a3f895935ea1556,Primeira Liga,2024/2025,DEVELOPMENT,2025-05-17,18:00,MATCH_KICKOFF_TIME_TIMEZONE_NOT_STATED_BY_SOURCE,,NOT_VERIFIED_DO_NOT_INFER,Sp Braga,Benfica,1,1,D,EVALUATION_ONLY_JOIN_AFTER_PREMATCH_FEATURE_FREEZE,5.47,4.49,1.53,EXTERNAL_HISTORICAL_MARKET_BENCHMARK,NOT_AVAILABLE,NOT_GOLDBET,021cfce386f9f5eef6ecee4de8fe6172d0f1359529fdbe223467f39ee2889c0c,1615.910447932671,1682.953349236438,-67.04290130376694,-0.6000000000000001,-1.2,-0.3999999999999999,-45.85961936478384,101,101,False
f6879e3403af1a2dd9110ca2,Primeira Liga,2024/2025,DEVELOPMENT,2025-05-17,18:00,MATCH_KICKOFF_TIME_TIMEZONE_NOT_STATED_BY_SOURCE,,NOT_VERIFIED_DO_NOT_INFER,Sp Lisbon,Guimaraes,2,0,H,EVALUATION_ONLY_JOIN_AFTER_PREMATCH_FEATURE_FREEZE,1.29,5.54,9.69,EXTERNAL_HISTORICAL_MARKET_BENCHMARK,NOT_AVAILABLE,NOT_GOLDBET,46428bb1246340450e39d5bb0391810462d4fc01ac7a6f5211af878a298032bf,1696.9093732934932,1562.8483476133422,134.06102568015103,0.8,1.6,0.3999999999999999,13.7677112953927,101,101,False
4263b0dd501b4e48e543b103,Primeira Liga,2025/2026,HOLDOUT,2025-08-08,20:15,MATCH_KICKOFF_TIME_TIMEZONE_NOT_STATED_BY_SOURCE,,NOT_VERIFIED_DO_NOT_INFER,Casa Pia,Sp Lisbon,0,2,A,EVALUATION_ONLY_JOIN_AFTER_PREMATCH_FEATURE_FREEZE,8.71,5.13,1.31,EXTERNAL_HISTORICAL_MARKET_BENCHMARK,NOT_AVAILABLE,NOT_GOLDBET,4648df07369c144579e56f5e395d4d2bd43d686344c39c9a7721a08f9edb2de8,1493.1857659333634,1600.9201732421775,-107.73440730881407,-1.6,-2.4,-1.4000000000000001,-4.486127342188411,102,102,False
a7a4e220b3e938106f20cdc8,Primeira Liga,2025/2026,HOLDOUT,2025-08-09,15:30,MATCH_KICKOFF_TIME_TIMEZONE_NOT_STATED_BY_SOURCE,,NOT_VERIFIED_DO_NOT_INFER,Nacional,Gil Vicente,0,2,A,EVALUATION_ONLY_JOIN_AFTER_PREMATCH_FEATURE_FREEZE,2.6,2.9,2.89,EXTERNAL_HISTORICAL_MARKET_BENCHMARK,NOT_AVAILABLE,NOT_GOLDBET,c4bbb7b40d465a71bfa5586a8723635c4f095f4c9a91221a9bd8b6f17397ba09,1472.9583922396841,1470.5369317554191,2.421460484265026,-1.2000000000000002,-2.0,-0.8,7.688002255633592,34,102,False
ce141e5c2e41345c28a3234e,Primeira Liga,2025/2026,HOLDOUT,2025-08-09,20:30,MATCH_KICKOFF_TIME_TIMEZONE_NOT_STATED_BY_SOURCE,,NOT_VERIFIED_DO_NOT_INFER,Arouca,AVS,3,1,H,EVALUATION_ONLY_JOIN_AFTER_PREMATCH_FEATURE_FREEZE,1.72,3.57,4.71,EXTERNAL_HISTORICAL_MARKET_BENCHMARK,NOT_AVAILABLE,NOT_GOLDBET,718b5934ba96c98901164035da76d086660e6e47ad7a6a831071d41fc704fab4,1493.1361533418906,1460.1865402539909,32.949613087899706,0.8,2.2,1.0,-41.15304218581264,102,34,False
df4cfe738829b001257db154,Primeira Liga,2025/2026,HOLDOUT,2025-08-10,17:00,MATCH_KICKOFF_TIME_TIMEZONE_NOT_STATED_BY_SOURCE,,NOT_VERIFIED_DO_NOT_INFER,Famalicao,Santa Clara,3,0,H,EVALUATION_ONLY_JOIN_AFTER_PREMATCH_FEATURE_FREEZE,2.17,3.03,3.51,EXTERNAL_HISTORICAL_MARKET_BENCHMARK,NOT_AVAILABLE,NOT_GOLDBET,620702f553f3ee760603680511f63de861e9be31c2407d2a2548444ed3fabfe9,1505.2150672292469,1517.2866684272299,-12.071601197983,-1.4000000000000001,-1.2000000000000002,1.0,26.70100640144392,102,68,False
3dfaf78da41946cedb13d884,Primeira Liga,2025/2026,HOLDOUT,2025-08-10,20:30,MATCH_KICKOFF_TIME_TIMEZONE_NOT_STATED_BY_SOURCE,,NOT_VERIFIED_DO_NOT_INFER,Moreirense,Alverca,2,1,H,EVALUATION_ONLY_JOIN_AFTER_PREMATCH_FEATURE_FREEZE,1.91,3.23,4.1,EXTERNAL_HISTORICAL_MARKET_BENCHMARK,NOT_AVAILABLE,NOT_GOLDBET,d7fb8d2fe3960a017a562063c8dc99fd18f319ab3f75b94407f1ab124b05202c,1490.9449120930276,1500.0,-9.055087906972403,,,,,68,0,False
56a0c2d710e492309b80a5a0,Primeira Liga,2025/2026,HOLDOUT,2025-08-10,20:30,MATCH_KICKOFF_TIME_TIMEZONE_NOT_STATED_BY_SOURCE,,NOT_VERIFIED_DO_NOT_INFER,Sp Braga,Tondela,3,0,H,EVALUATION_ONLY_JOIN_AFTER_PREMATCH_FEATURE_FREEZE,1.48,4.18,6.31,EXTERNAL_HISTORICAL_MARKET_BENCHMARK,NOT_AVAILABLE,NOT_GOLDBET,23673d2964ecb409002388fcf534da2df338cd76eda876432c7ead59cc3bcb22,1558.0565655829114,1500.0,58.05656558291139,,,,,102,0,False
cdc658f0c5dfb3f40d2630b5,Primeira Liga,2025/2026,HOLDOUT,2025-08-11,18:45,MATCH_KICKOFF_TIME_TIMEZONE_NOT_STATED_BY_SOURCE,,NOT_VERIFIED_DO_NOT_INFER,Estoril,Estrela,1,1,D,EVALUATION_ONLY_JOIN_AFTER_PREMATCH_FEATURE_FREEZE,1.72,3.52,4.76,EXTERNAL_HISTORICAL_MARKET_BENCHMARK,NOT_AVAILABLE,NOT_GOLDBET,298d5622fd949d65a7c55c3492f7e9ee9cbc737972bbd0c7635f7d07a7ef9626,1500.8338141046765,1456.0964288157084,44.7373852889682,0.7999999999999999,1.7999999999999998,0.20000000000000007,40.23201998402806,102,68,False
bbbe43fae0d63c92ef481077,Primeira Liga,2025/2026,HOLDOUT,2025-08-11,20:45,MATCH_KICKOFF_TIME_TIMEZONE_NOT_STATED_BY_SOURCE,,NOT_VERIFIED_DO_NOT_INFER,Porto,Guimaraes,3,0,H,EVALUATION_ONLY_JOIN_AFTER_PREMATCH_FEATURE_FREEZE,1.42,4.42,6.82,EXTERNAL_HISTORICAL_MARKET_BENCHMARK,NOT_AVAILABLE,NOT_GOLDBET,d18849b879c27ab1addc931bc035047081aab8a1c3e123aa62ce17afbf01ab67,1562.7265616222546,1528.9586872112404,33.76787441101419,1.2,1.4,0.3999999999999999,-86.48947553314656,102,102,False
09f64957b828dca5934b81af,Primeira Liga,2025/2026,HOLDOUT,2025-08-15,15:30,MATCH_KICKOFF_TIME_TIMEZONE_NOT_STATED_BY_SOURCE,,NOT_VERIFIED_DO_NOT_INFER,AVS,Casa Pia,0,2,A,EVALUATION_ONLY_JOIN_AFTER_PREMATCH_FEATURE_FREEZE,2.71,3,2.67,EXTERNAL_HISTORICAL_MARKET_BENCHMARK,NOT_AVAILABLE,NOT_GOLDBET,748f3ad1e24d5ea475caf4970c55cd119245125e2e5cf977ff6011dcbed2cf49,1452.7997948647715,1484.551092683298,-31.75129781852661,-0.20000000000000007,-1.4000000000000001,-0.39999999999999997,-50.0498895725118,35,103,False
b382716eb34dcb3d11fa3b58,Primeira Liga,2025/2026,HOLDOUT,2025-08-16,15:30,MATCH_KICKOFF_TIME_TIMEZONE_NOT_STATED_BY_SOURCE,,NOT_VERIFIED_DO_NOT_INFER,Tondela,Famalicao,0,1,A,EVALUATION_ONLY_JOIN_AFTER_PREMATCH_FEATURE_FREEZE,3.98,3.26,1.93,EXTERNAL_HISTORICAL_MARKET_BENCHMARK,NOT_AVAILABLE,NOT_GOLDBET,d75a6c91109c913c8e95632d61c813659ef713ddeae6d49797cf552ff79dbe56,1493.272935724042,1513.8442614569883,-20.571325732946207,-1.4,-3.4,,44.877986356262,1,103,False
763c3b66d370ebb8d06ed0a9,Primeira Liga,2025/2026,HOLDOUT,2025-08-16,18:00,MATCH_KICKOFF_TIME_TIMEZONE_NOT_STATED_BY_SOURCE,,NOT_VERIFIED_DO_NOT_INFER,Guimaraes,Estoril,3,2,H,EVALUATION_ONLY_JOIN_AFTER_PREMATCH_FEATURE_FREEZE,1.79,3.55,4.19,EXTERNAL_HISTORICAL_MARKET_BENCHMARK,NOT_AVAILABLE,NOT_GOLDBET,14beb242ebdcc8f886a5d2171412163652a5ad7cb27fde426602aedfa4c6ffe6,1521.5938713865078,1497.9073470479907,23.686524338517074,-0.40000000000000013,-1.4,0.19999999999999996,17.410585120615224,103,103,False
e92fde9a0aad1b7a702e00f5,Primeira Liga,2025/2026,HOLDOUT,2025-08-16,20:30,MATCH_KICKOFF_TIME_TIMEZONE_NOT_STATED_BY_SOURCE,,NOT_VERIFIED_DO_NOT_INFER,Estrela,Benfica,0,1,A,EVALUATION_ONLY_JOIN_AFTER_PREMATCH_FEATURE_FREEZE,12.59,6.41,1.19,EXTERNAL_HISTORICAL_MARKET_BENCHMARK,NOT_AVAILABLE,NOT_GOLDBET,020d2cfe79b9a0467bb11bf1351d0752722531761489097ac7c9c62c8adfe9a0,1459.0228958723942,1591.3753330016432,-132.35243712924898,-1.4000000000000001,-3.0,-1.8,-63.28262636654381,69,102,False
f920a1520e215243846d76ba,Primeira Liga,2025/2026,HOLDOUT,2025-08-17,15:30,MATCH_KICKOFF_TIME_TIMEZONE_NOT_STATED_BY_SOURCE,,NOT_VERIFIED_DO_NOT_INFER,Rio Ave,Nacional,1,1,D,EVALUATION_ONLY_JOIN_AFTER_PREMATCH_FEATURE_FREEZE,2.14,3.25,3.32,EXTERNAL_HISTORICAL_MARKET_BENCHMARK,NOT_AVAILABLE,NOT_GOLDBET,bf0540cf069ea1ae1c2d2f6c9fa1675e205bb65d916062518108ca7361b3d64f,1485.340997417493,1461.1808429553064,24.16015446218671,0.7999999999999999,1.0,0.19999999999999996,-43.56348952036433,102,35,False
24dec37f4b549055a38d63c9,Primeira Liga,2025/2026,HOLDOUT,2025-08-17,18:00,MATCH_KICKOFF_TIME_TIMEZONE_NOT_STATED_BY_SOURCE,,NOT_VERIFIED_DO_NOT_INFER,Alverca,Sp Braga,0,3,A,EVALUATION_ONLY_JOIN_AFTER_PREMATCH_FEATURE_FREEZE,5.38,3.75,1.6,EXTERNAL_HISTORICAL_MARKET_BENCHMARK,NOT_AVAILABLE,NOT_GOLDBET,a2af30e2d1928cf1f1a8baaeb0aeecd8b436f6ec09e9e71f6b1ae7cce411e137,1491.4558931141776,1564.7836298588693,-73.32773674469172,-1.2,-1.4,,-48.7218113761769,1,103,False
0bdb2d079985b8dde91484aa,Primeira Liga,2025/2026,HOLDOUT,2025-08-17,18:00,MATCH_KICKOFF_TIME_TIMEZONE_NOT_STATED_BY_SOURCE,,NOT_VERIFIED_DO_NOT_INFER,Santa Clara,Moreirense,0,1,A,EVALUATION_ONLY_JOIN_AFTER_PREMATCH_FEATURE_FREEZE,1.89,3.05,4.55,EXTERNAL_HISTORICAL_MARKET_BENCHMARK,NOT_AVAILABLE,NOT_GOLDBET,0cb5e105c30ca2c9c2eb15c37e9e9cde69ab69a668dce1b738ca6a9fd157d7c7,1508.6574741994884,1499.48901897885,9.168455220638407,0.3999999999999999,-0.2,0.6000000000000001,14.848768958926257,69,69,False
3a04699ac987f367197602fc,Primeira Liga,2025/2026,HOLDOUT,2025-08-17,20:30,MATCH_KICKOFF_TIME_TIMEZONE_NOT_STATED_BY_SOURCE,,NOT_VERIFIED_DO_NOT_INFER,Sp Lisbon,Arouca,6,0,H,EVALUATION_ONLY_JOIN_AFTER_PREMATCH_FEATURE_FREEZE,1.16,7.14,13.31,EXTERNAL_HISTORICAL_MARKET_BENCHMARK,NOT_AVAILABLE,NOT_GOLDBET,0809835b20203eb6af0fae6a720297c6393b40b1c284474f7411eb61f6d3f825,1609.5548464922429,1500.52289873111,109.03194776113287,1.0,1.4,1.6,58.90960369519121,103,103,False
1d9cb02e497be93ce5b2818c,Primeira Liga,2025/2026,HOLDOUT,2025-08-18,20:15,MATCH_KICKOFF_TIME_TIMEZONE_NOT_STATED_BY_SOURCE,,NOT_VERIFIED_DO_NOT_INFER,Gil Vicente,Porto,0,2,A,EVALUATION_ONLY_JOIN_AFTER_PREMATCH_FEATURE_FREEZE,7.61,4.52,1.38,EXTERNAL_HISTORICAL_MARKET_BENCHMARK,NOT_AVAILABLE,NOT_GOLDBET,af739ac3b469059ea2388bcb81893232c9a81dfb66378375eb7ee93c45c61923,1482.3144810397969,1570.0913774469873,-87.7768964071904,-0.7999999999999998,-0.9999999999999999,-1.0,50.39077494093158,103,103,False
ce3bb2e593eacfc5df62cd66,Primeira Liga,2025/2026,HOLDOUT,2025-08-23,16:00,MATCH_KICKOFF_TIME_TIMEZONE_NOT_STATED_BY_SOURCE,,NOT_VERIFIED_DO_NOT_INFER,Moreirense,Guimaraes,2,0,H,EVALUATION_ONLY_JOIN_AFTER_PREMATCH_FEATURE_FREEZE,3,3.05,2.42,EXTERNAL_HISTORICAL_MARKET_BENCHMARK,NOT_AVAILABLE,NOT_GOLDBET,25186ecd844d038736c5a3f7d0444d80fc7f0f753192d85908af6b51ad2d6a18,1511.4539560682963,1529.2307058120587,-17.776749743762366,0.8,1.4,-0.19999999999999996,-17.2962745007369,70,104,False
c14af1d1e290cd4cdf6bde36,Primeira Liga,2025/2026,HOLDOUT,2025-08-23,18:00,MATCH_KICKOFF_TIME_TIMEZONE_NOT_STATED_BY_SOURCE,,NOT_VERIFIED_DO_NOT_INFER,Nacional,Sp Lisbon,1,4,A,EVALUATION_ONLY_JOIN_AFTER_PREMATCH_FEATURE_FREEZE,11.36,6.21,1.21,EXTERNAL_HISTORICAL_MARKET_BENCHMARK,NOT_AVAILABLE,NOT_GOLDBET,10cc19beb1629d80561ba3394cc44a189e36f7c6c4e4be1409e20590bb380a29,1463.556875251938,1615.040401408218,-151.48352615628005,-2.2,-3.4000000000000004,-2.4,-12.673200292330876,36,104,False
58380ee06833f36d6459e490,Primeira Liga,2025/2026,HOLDOUT,2025-08-23,20:30,MATCH_KICKOFF_TIME_TIMEZONE_NOT_STATED_BY_SOURCE,,NOT_VERIFIED_DO_NOT_INFER,Arouca,Rio Ave,3,3,D,EVALUATION_ONLY_JOIN_AFTER_PREMATCH_FEATURE_FREEZE,2.22,3.29,3.14,EXTERNAL_HISTORICAL_MARKET_BENCHMARK,NOT_AVAILABLE,NOT_GOLDBET,5331a4be6a1765c3e82c6d28c4921b6db0bfbc5a867c187ef8e40a4a073955d7,1495.0373438151348,1482.9649651208615,12.072378694273311,0.40000000000000013,0.0,1.2,5.213556077072781,104,103,False
427846a1157023546c92b504,Primeira Liga,2025/2026,HOLDOUT,2025-08-23,20:30,MATCH_KICKOFF_TIME_TIMEZONE_NOT_STATED_BY_SOURCE,,NOT_VERIFIED_DO_NOT_INFER,Benfica,Tondela,3,0,H,EVALUATION_ONLY_JOIN_AFTER_PREMATCH_FEATURE_FREEZE,1.15,7.32,15.6,EXTERNAL_HISTORICAL_MARKET_BENCHMARK,NOT_AVAILABLE,NOT_GOLDBET,bd11b4e07d364213bd396075f239713470c75698216e66fb87c946a1ec6a1dee,1599.322452660207,1482.1429341195765,117.17951854063062,2.2,3.6,2.2,5.352548635084759,103,2,False
b241633b46b9c46d486e923a,Primeira Liga,2025/2026,HOLDOUT,2025-08-24,15:30,MATCH_KICKOFF_TIME_TIMEZONE_NOT_STATED_BY_SOURCE,,NOT_VERIFIED_DO_NOT_INFER,Famalicao,Gil Vicente,0,0,D,EVALUATION_ONLY_JOIN_AFTER_PREMATCH_FEATURE_FREEZE,1.83,3.28,4.5,EXTERNAL_HISTORICAL_MARKET_BENCHMARK,NOT_AVAILABLE,NOT_GOLDBET,703d62d9df731eac9c820a40b6cd383024b3e1873a45ab8870d29686169f52cc,1524.974263061454,1473.112265366287,51.86199769516702,0.8,0.8,0.6000000000000001,-52.86728100768687,104,104,False
a2df71e4ff0da2a8a2111ecf,Primeira Liga,2025/2026,HOLDOUT,2025-08-24,18:00,MATCH_KICKOFF_TIME_TIMEZONE_NOT_STATED_BY_SOURCE,,NOT_VERIFIED_DO_NOT_INFER,Porto,Casa Pia,4,0,H,EVALUATION_ONLY_JOIN_AFTER_PREMATCH_FEATURE_FREEZE,1.2,6.11,13.63,EXTERNAL_HISTORICAL_MARKET_BENCHMARK,NOT_AVAILABLE,NOT_GOLDBET,889403845becfbc4bc869c676c9c33747cf8d0b58f3798b27ac2cdb2e3eeb1de,1579.2935931204972,1495.3623687725362,83.931224347961,1.6,2.2,1.2,-66.2908972715993,104,104,False
a1359b113b1a57127a30cb27,Primeira Liga,2025/2026,HOLDOUT,2025-08-24,20:30,MATCH_KICKOFF_TIME_TIMEZONE_NOT_STATED_BY_SOURCE,,NOT_VERIFIED_DO_NOT_INFER,Sp Braga,AVS,2,2,D,EVALUATION_ONLY_JOIN_AFTER_PREMATCH_FEATURE_FREEZE,1.26,5.31,10.91,EXTERNAL_HISTORICAL_MARKET_BENCHMARK,NOT_AVAILABLE,NOT_GOLDBET,c0c65bb5d63fff70051be9ff3b9b35b6de6b28bc7005dcd6133c3378ac05215f,1574.4002148078189,1441.9885187755333,132.4116960322856,1.0,2.4,1.6,81.3888351503906,104,36,False
e43515000448ef683c40b555,Primeira Liga,2025/2026,HOLDOUT,2025-08-25,20:15,MATCH_KICKOFF_TIME_TIMEZONE_NOT_STATED_BY_SOURCE,,NOT_VERIFIED_DO_NOT_INFER,Estrela,Alverca,2,2,D,EVALUATION_ONLY_JOIN_AFTER_PREMATCH_FEATURE_FREEZE,2.44,3.03,2.98,EXTERNAL_HISTORICAL_MARKET_BENCHMARK,NOT_AVAILABLE,NOT_GOLDBET,346913702231581f82995363d82555febba225ff66af399bbabe9e33d2a34c3a,1451.0757762138303,1481.839308165228,-30.76353195139768,0.2,0.3999999999999999,0.6,-33.62283096347778,70,2,False
91d1e4a3ff960cfc86664eb1,Primeira Liga,2025/2026,HOLDOUT,2025-08-29,20:15,MATCH_KICKOFF_TIME_TIMEZONE_NOT_STATED_BY_SOURCE,,NOT_VERIFIED_DO_NOT_INFER,Gil Vicente,Moreirense,2,0,H,EVALUATION_ONLY_JOIN_AFTER_PREMATCH_FEATURE_FREEZE,2.49,2.78,3.19,EXTERNAL_HISTORICAL_MARKET_BENCHMARK,NOT_AVAILABLE,NOT_GOLDBET,9c95b9acd931c2fb806067971bf710e5029616a7db7d343b077d1da02c7270f6,1476.2250887787268,1520.244620988275,-44.01953220954829,-1.4000000000000001,-1.4,-1.0,11.603448163199346,105,71,False
1e46b48fe6a1088213570726,Primeira Liga,2025/2026,HOLDOUT,2025-08-30,15:30,MATCH_KICKOFF_TIME_TIMEZONE_NOT_STATED_BY_SOURCE,,NOT_VERIFIED_DO_NOT_INFER,Casa Pia,Nacional,0,2,A,EVALUATION_ONLY_JOIN_AFTER_PREMATCH_FEATURE_FREEZE,2.19,3.16,3.32,EXTERNAL_HISTORICAL_MARKET_BENCHMARK,NOT_AVAILABLE,NOT_GOLDBET,553b4e0c64f689db9f7b281a5b4116cf977ea1c3cda838d931a13910627a216d,1489.2832691098436,1456.130771021154,33.152498088689526,0.7999999999999999,0.8,0.19999999999999996,19.8595295620903,105,37,False
797e12adbc4ddd97af8ec45f,Primeira Liga,2025/2026,HOLDOUT,2025-08-30,18:00,MATCH_KICKOFF_TIME_TIMEZONE_NOT_STATED_BY_SOURCE,,NOT_VERIFIED_DO_NOT_INFER,AVS,Famalicao,0,1,A,EVALUATION_ONLY_JOIN_AFTER_PREMATCH_FEATURE_FREEZE,4.02,3.28,1.93,EXTERNAL_HISTORICAL_MARKET_BENCHMARK,NOT_AVAILABLE,NOT_GOLDBET,b223bb6a17b61cf6ae42460da2d5befadc2a9ae499bb73cec36cf34d3cdebf0e,1447.02218706572,1521.861439649014,-74.83925258329418,-1.2,-2.0,-1.0,-8.348828202439108,37,105,False
dfdef791823cdf209b004480,Primeira Liga,2025/2026,HOLDOUT,2025-08-30,18:00,MATCH_KICKOFF_TIME_TIMEZONE_NOT_STATED_BY_SOURCE,,NOT_VERIFIED_DO_NOT_INFER,Guimaraes,Arouca,1,1,D,EVALUATION_ONLY_JOIN_AFTER_PREMATCH_FEATURE_FREEZE,2.08,3.36,3.41,EXTERNAL_HISTORICAL_MARKET_BENCHMARK,NOT_AVAILABLE,NOT_GOLDBET,b0eb776e71c9b5f9707938278c063f42f33ca138174c5e562597e78e146612d4,1520.4400408920799,1492.9921857748507,27.44785511722921,-1.0,-1.2,1.4,60.19184616684106,105,105,False
93e99b4eb43310404ea541ac,Primeira Liga,2025/2026,HOLDOUT,2025-08-30,20:30,MATCH_KICKOFF_TIME_TIMEZONE_NOT_STATED_BY_SOURCE,,NOT_VERIFIED_DO_NOT_INFER,Sp Lisbon,Porto,1,2,A,EVALUATION_ONLY_JOIN_AFTER_PREMATCH_FEATURE_FREEZE,1.89,3.53,3.81,EXTERNAL_HISTORICAL_MARKET_BENCHMARK,NOT_AVAILABLE,NOT_GOLDBET,7f6e0e3481b5162f62bdc78436db18a0b5c8f8695551f9204b45227ec76e5f85,1622.466505639002,1585.37269278319,37.093812855812075,-0.3999999999999999,0.0,0.20000000000000018,70.39093544946263,105,105,False
0ff92b2eeba86384616e7604,Primeira Liga,2025/2026,HOLDOUT,2025-08-31,15:30,MATCH_KICKOFF_TIME_TIMEZONE_NOT_STATED_BY_SOURCE,,NOT_VERIFIED_DO_NOT_INFER,Tondela,Estoril,2,2,D,EVALUATION_ONLY_JOIN_AFTER_PREMATCH_FEATURE_FREEZE,2.57,3.14,2.75,EXTERNAL_HISTORICAL_MARKET_BENCHMARK,NOT_AVAILABLE,NOT_GOLDBET,15eb3d777e3bc595594b1f645e304f3bde8f4dff245ebff80a2150e6d6824bc9,1476.842102864725,1490.2705126224398,-13.428409757714917,-1.0,-2.7333333333333334,-1.4,47.84774779202644,3,104,False
e66902252302b461449e01a5,Primeira Liga,2025/2026,HOLDOUT,2025-08-31,18:00,MATCH_KICKOFF_TIME_TIMEZONE_NOT_STATED_BY_SOURCE,,NOT_VERIFIED_DO_NOT_INFER,Alverca,Benfica,1,2,A,EVALUATION_ONLY_JOIN_AFTER_PREMATCH_FEATURE_FREEZE,12.16,6.08,1.21,EXTERNAL_HISTORICAL_MARKET_BENCHMARK,NOT_AVAILABLE,NOT_GOLDBET,6afbc0dfca3edea41845280a1621056dd6069c12a3002e1a10ef3669ca08d3be,1482.6788207340876,1604.6232839150587,-121.94446318097107,-1.866666666666667,-2.333333333333333,-2.6,-48.468367304654066,3,104,False
7aafda189777683a8e6f8198,Primeira Liga,2025/2026,HOLDOUT,2025-08-31,20:30,MATCH_KICKOFF_TIME_TIMEZONE_NOT_STATED_BY_SOURCE,,NOT_VERIFIED_DO_NOT_INFER,Rio Ave,Sp Braga,2,2,D,EVALUATION_ONLY_JOIN_AFTER_PREMATCH_FEATURE_FREEZE,4.82,3.71,1.68,EXTERNAL_HISTORICAL_MARKET_BENCHMARK,NOT_AVAILABLE,NOT_GOLDBET,c22fb7d3d78e6ede5b9c48a65287a16962c05e00014d0f4299ee20faff0f7cea,1485.0101231611457,1569.3665465176323,-84.35642335648663,-0.20000000000000018,-0.6,-0.40000000000000013,-62.906583215025876,104,105,False
9df2778a99f9a4c3014594dc,Primeira Liga,2025/2026,HOLDOUT,2025-08-31,20:30,MATCH_KICKOFF_TIME_TIMEZONE_NOT_STATED_BY_SOURCE,,NOT_VERIFIED_DO_NOT_INFER,Santa Clara,Estrela,0,0,D,EVALUATION_ONLY_JOIN_AFTER_PREMATCH_FEATURE_FREEZE,1.83,3.17,4.75,EXTERNAL_HISTORICAL_MARKET_BENCHMARK,NOT_AVAILABLE,NOT_GOLDBET,7b2e325a362784ef3162cef873ece7422f3685c8906e7f645c22510a20f65ef0,1496.6925371100422,1450.2362636449707,46.45627346507149,0.9999999999999999,0.7999999999999999,1.0,17.860462105691568,70,71,False
bd075a8ae973196c289f11ed,Primeira Liga,2025/2026,HOLDOUT,2025-09-06,20:30,MATCH_KICKOFF_TIME_TIMEZONE_NOT_STATED_BY_SOURCE,,NOT_VERIFIED_DO_NOT_INFER,Estoril,Santa Clara,0,1,A,EVALUATION_ONLY_JOIN_AFTER_PREMATCH_FEATURE_FREEZE,3.24,2.98,2.34,EXTERNAL_HISTORICAL_MARKET_BENCHMARK,NOT_AVAILABLE,NOT_GOLDBET,17e4488d5aa2956e40a5002329e09d6e66117638dd1b0e6a53448d1ac2b60850,1491.6029798074383,1493.720899263681,-2.1179194562428165,-0.19999999999999996,1.0,-0.19999999999999996,-9.880289665029522,105,71,False
0b98877b7168c9c7acc90166,Primeira Liga,2025/2026,HOLDOUT,2025-09-12,20:15,MATCH_KICKOFF_TIME_TIMEZONE_NOT_STATED_BY_SOURCE,,NOT_VERIFIED_DO_NOT_INFER,Alverca,Tondela,1,0,H,EVALUATION_ONLY_JOIN_AFTER_PREMATCH_FEATURE_FREEZE,2.09,3.2,3.53,EXTERNAL_HISTORICAL_MARKET_BENCHMARK,NOT_AVAILABLE,NOT_GOLDBET,59939b2921dbfb2fb98b115ae6e7c7e19e3f17fce6076b5759f76da53b85b576,1474.4430714908162,1475.5096356797264,-1.0665641889102062,0.0,0.5,0.0,-12.51654756044013,4,4,False
fc8251b1c912b9fa8a869bfc,Primeira Liga,2025/2026,HOLDOUT,2025-09-12,20:15,MATCH_KICKOFF_TIME_TIMEZONE_NOT_STATED_BY_SOURCE,,NOT_VERIFIED_DO_NOT_INFER,Benfica,Santa Clara,1,1,D,EVALUATION_ONLY_JOIN_AFTER_PREMATCH_FEATURE_FREEZE,1.27,4.99,11.17,EXTERNAL_HISTORICAL_MARKET_BENCHMARK,NOT_AVAILABLE,NOT_GOLDBET,6204e1af4d3247c9d0083834a5620bb6c63b62bf19797b33cad4ab50316a10d8,1612.85903315833,1505.371635637277,107.48739752105303,0.8000000000000003,1.4,0.6000000000000001,71.86486425262228,105,72,False
2a9281c2c9ac1d04192400f0,Primeira Liga,2025/2026,HOLDOUT,2025-09-13,15:30,MATCH_KICKOFF_TIME_TIMEZONE_NOT_STATED_BY_SOURCE,,NOT_VERIFIED_DO_NOT_INFER,Estoril,AVS,3,1,H,EVALUATION_ONLY_JOIN_AFTER_PREMATCH_FEATURE_FREEZE,1.69,3.74,4.67,EXTERNAL_HISTORICAL_MARKET_BENCHMARK,NOT_AVAILABLE,NOT_GOLDBET,5f9ee1cf76e1fde847db47250c500c65fb8643a7bb81160670e8d36b2fbc4f2c,1479.9522434338423,1437.449035565507,42.50320786833527,0.8,2.0,0.0,-35.715772594940745,106,38,False
0ab43ed5b74df867eb4744f7,Primeira Liga,2025/2026,HOLDOUT,2025-09-13,15:30,MATCH_KICKOFF_TIME_TIMEZONE_NOT_STATED_BY_SOURCE,,NOT_VERIFIED_DO_NOT_INFER,Moreirense,Rio Ave,3,1,H,EVALUATION_ONLY_JOIN_AFTER_PREMATCH_FEATURE_FREEZE,2.1,3.13,3.56,EXTERNAL_HISTORICAL_MARKET_BENCHMARK,NOT_AVAILABLE,NOT_GOLDBET,9093dc14f6888fd090ee1337296f7cf7f06bd2a22020ffe9f76d5a13f0ae2e63,1510.7042517411633,1485.7100112224555,24.994240518707784,1.4,1.0,0.6000000000000001,5.968668377448012,72,105,False
27e917bf67cd27d554330db2,Primeira Liga,2025/2026,HOLDOUT,2025-09-13,18:00,MATCH_KICKOFF_TIME_TIMEZONE_NOT_STATED_BY_SOURCE,,NOT_VERIFIED_DO_NOT_INFER,Porto,Nacional,1,0,H,EVALUATION_ONLY_JOIN_AFTER_PREMATCH_FEATURE_FREEZE,1.2,6.28,12.83,EXTERNAL_HISTORICAL_MARKET_BENCHMARK,NOT_AVAILABLE,NOT_GOLDBET,34c048886c7a77a25c19f6f2bc54c5a912d96a58797b9be8c2a185dcdfc7d495,1598.0967307502644,1468.7494655156584,129.34726523460608,2.2,3.8,1.4,-20.45489627484335,106,38,False
80ed8c6c0fbd56afd9a6b797,Primeira Liga,2025/2026,HOLDOUT,2025-09-13,20:30,MATCH_KICKOFF_TIME_TIMEZONE_NOT_STATED_BY_SOURCE,,NOT_VERIFIED_DO_NOT_INFER,Famalicao,Sp Lisbon,1,2,A,EVALUATION_ONLY_JOIN_AFTER_PREMATCH_FEATURE_FREEZE,5.93,4.46,1.47,EXTERNAL_HISTORICAL_MARKET_BENCHMARK,NOT_AVAILABLE,NOT_GOLDBET,089373ee1ada8f644ec70eb3bef93b651f27802f25573f807905ceda45fe2ecc,1531.434591149227,1609.7424676719274,-78.30787652270055,0.20000000000000018,-1.2,-0.3999999999999999,-36.07026783396486,106,106,False
25fa49bcd24619cd206d5ffb,Primeira Liga,2025/2026,HOLDOUT,2025-09-14,15:30,MATCH_KICKOFF_TIME_TIMEZONE_NOT_STATED_BY_SOURCE,,NOT_VERIFIED_DO_NOT_INFER,Estrela,Guimaraes,0,2,A,EVALUATION_ONLY_JOIN_AFTER_PREMATCH_FEATURE_FREEZE,3.1,3.03,2.37,EXTERNAL_HISTORICAL_MARKET_BENCHMARK,NOT_AVAILABLE,NOT_GOLDBET,431301991ebc1de066841dd5621fdf88f79ff3941ac0e4471ec4b3c0aae45205,1453.2079014913318,1517.9749261451811,-64.76702465384938,-0.20000000000000007,0.19999999999999996,-0.3999999999999999,-39.16613098730454,72,106,False
00847c0f2724cd815f6ed0d5,Primeira Liga,2025/2026,HOLDOUT,2025-09-14,18:00,MATCH_KICKOFF_TIME_TIMEZONE_NOT_STATED_BY_SOURCE,,NOT_VERIFIED_DO_NOT_INFER,Arouca,Casa Pia,0,2,A,EVALUATION_ONLY_JOIN_AFTER_PREMATCH_FEATURE_FREEZE,2.05,3.19,3.65,EXTERNAL_HISTORICAL_MARKET_BENCHMARK,NOT_AVAILABLE,NOT_GOLDBET,087310a2df71131913b133f23ebabff32db51174245f8ba7610d4b2d5c87cfea,1495.4573005217494,1476.6645746153392,18.79272590641017,1.0,1.2,1.2000000000000002,-25.656429941820306,106,106,False
0d5fbce1462b33601c5784dd,Primeira Liga,2025/2026,HOLDOUT,2025-09-14,20:30,MATCH_KICKOFF_TIME_TIMEZONE_NOT_STATED_BY_SOURCE,,NOT_VERIFIED_DO_NOT_INFER,Sp Braga,Gil Vicente,0,1,A,EVALUATION_ONLY_JOIN_AFTER_PREMATCH_FEATURE_FREEZE,1.68,3.58,5,EXTERNAL_HISTORICAL_MARKET_BENCHMARK,NOT_AVAILABLE,NOT_GOLDBET,925e863a4230c0ffffd7563c267e37a80c679d62ca39a36362c7ae4249844ca7,1568.6666584563225,1485.7654580258386,82.90120043048387,0.19999999999999996,0.7999999999999999,0.19999999999999996,7.9581302018980296,106,106,False
f323bed3c889c912675e0f28,Primeira Liga,2025/2026,HOLDOUT,2025-09-19,20:15,MATCH_KICKOFF_TIME_TIMEZONE_NOT_STATED_BY_SOURCE,,NOT_VERIFIED_DO_NOT_INFER,Rio Ave,Porto,0,3,A,EVALUATION_ONLY_JOIN_AFTER_PREMATCH_FEATURE_FREEZE,8.1,5,1.33,EXTERNAL_HISTORICAL_MARKET_BENCHMARK,NOT_AVAILABLE,NOT_GOLDBET,038daa80b692d0ba4687c73d4bd4253e8e951054ced44ddb67cebd7632c4b87f,1478.1086821706187,1603.129207510847,-125.02052534022823,-2.2,-2.6,-1.0,-24.631048868915286,106,107,False
cdd9e2066d1ad7281e52bbb3,Primeira Liga,2025/2026,HOLDOUT,2025-09-20,15:30,MATCH_KICKOFF_TIME_TIMEZONE_NOT_STATED_BY_SOURCE,,NOT_VERIFIED_DO_NOT_INFER,Nacional,Arouca,1,2,A,EVALUATION_ONLY_JOIN_AFTER_PREMATCH_FEATURE_FREEZE,2.24,3.16,3.17,EXTERNAL_HISTORICAL_MARKET_BENCHMARK,NOT_AVAILABLE,NOT_GOLDBET,64e081dfde68446d3eec06ddf83ce1ab03ce6832296b4dc1b7b429d032b8071f,1463.7169887550758,1483.2275589735018,-19.510570218425983,-0.19999999999999996,0.3999999999999999,-0.39999999999999997,21.697472613344644,39,107,False
64eaf7a662c175d23e0b2bf9,Primeira Liga,2025/2026,HOLDOUT,2025-09-20,15:30,MATCH_KICKOFF_TIME_TIMEZONE_NOT_STATED_BY_SOURCE,,NOT_VERIFIED_DO_NOT_INFER,Santa Clara,Alverca,2,1,H,EVALUATION_ONLY_JOIN_AFTER_PREMATCH_FEATURE_FREEZE,1.73,3.29,5.13,EXTERNAL_HISTORICAL_MARKET_BENCHMARK,NOT_AVAILABLE,NOT_GOLDBET,58763df9fa7e413ef43895786db7cd09e35311f2b16d4deb52bcc70d4d2ef5b3,1509.8506142196868,1482.7629140422662,27.08770017742063,0.19999999999999996,0.20000000000000007,0.8999999999999999,-5.506974988335287,73,5,False
0d27e8541ffc4c60a1ba4f64,Primeira Liga,2025/2026,HOLDOUT,2025-09-20,18:00,MATCH_KICKOFF_TIME_TIMEZONE_NOT_STATED_BY_SOURCE,,NOT_VERIFIED_DO_NOT_INFER,AVS,Benfica,0,3,A,EVALUATION_ONLY_JOIN_AFTER_PREMATCH_FEATURE_FREEZE,13.77,6.49,1.18,EXTERNAL_HISTORICAL_MARKET_BENCHMARK,NOT_AVAILABLE,NOT_GOLDBET,a97fc9d1ea571ad9182a57027155631fb8ae7f86f07e17ff9d818cfea2990ee4,1430.3165949803472,1608.3800545759202,-178.06345959557302,-2.0,-2.4,-2.4,1.7548819239714248,39,106,False
f61499e84224d48659ee256f,Primeira Liga,2025/2026,HOLDOUT,2025-09-20,20:30,MATCH_KICKOFF_TIME_TIMEZONE_NOT_STATED_BY_SOURCE,,NOT_VERIFIED_DO_NOT_INFER,Guimaraes,Sp Braga,1,1,D,EVALUATION_ONLY_JOIN_AFTER_PREMATCH_FEATURE_FREEZE,3.9,3.39,1.91,EXTERNAL_HISTORICAL_MARKET_BENCHMARK,NOT_AVAILABLE,NOT_GOLDBET,bef888c9efab73816365a4271a9d7803761ed0d2162480d2b536491248e8a2d5,1527.837728755608,1554.7708760258988,-26.933147270290874,-0.20000000000000018,-1.4,-0.20000000000000018,22.813591785605922,107,107,False
9c83c98bb5bc29119729bd2a,Primeira Liga,2025/2026,HOLDOUT,2025-09-21,15:30,MATCH_KICKOFF_TIME_TIMEZONE_NOT_STATED_BY_SOURCE,,NOT_VERIFIED_DO_NOT_INFER,Tondela,Estrela,0,0,D,EVALUATION_ONLY_JOIN_AFTER_PREMATCH_FEATURE_FREEZE,2.04,3.29,3.54,EXTERNAL_HISTORICAL_MARKET_BENCHMARK,NOT_AVAILABLE,NOT_GOLDBET,df7fb9ef6761438c4fa12902389848f89139b3345b633ae0778a308a11e1f936,1467.1897931282765,1443.345098880905,23.844694247371535,-0.39999999999999997,-1.0,0.09999999999999998,9.444189057318454,5,73,False
a9f1c0d5a7292c6d76767b5b,Primeira Liga,2025/2026,HOLDOUT,2025-09-21,18:00,MATCH_KICKOFF_TIME_TIMEZONE_NOT_STATED_BY_SOURCE,,NOT_VERIFIED_DO_NOT_INFER,Gil Vicente,Estoril,2,0,H,EVALUATION_ONLY_JOIN_AFTER_PREMATCH_FEATURE_FREEZE,1.97,3.28,3.83,EXTERNAL_HISTORICAL_MARKET_BENCHMARK,NOT_AVAILABLE,NOT_GOLDBET,85e6100204f85bd844615b3130e9308cc129c88a4f2b4854722f59de99d373af,1499.6612404562622,1487.0846840190022,12.576556437260024,1.0,0.6,0.3999999999999999,54.24659485931875,107,107,False
f0ff9b7ac6c4c0d8b2b5d8fe,Primeira Liga,2025/2026,HOLDOUT,2025-09-21,20:30,MATCH_KICKOFF_TIME_TIMEZONE_NOT_STATED_BY_SOURCE,,NOT_VERIFIED_DO_NOT_INFER,Casa Pia,Famalicao,1,1,D,EVALUATION_ONLY_JOIN_AFTER_PREMATCH_FEATURE_FREEZE,3.46,3.1,2.15,EXTERNAL_HISTORICAL_MARKET_BENCHMARK,NOT_AVAILABLE,NOT_GOLDBET,f9b106ee8aba7caa4f430998b30020647c6225d050878d1aa4ad3f743bd2d65b,1488.8943161635868,1521.9610470157738,-33.06673085218699,-0.8,-1.6,-0.6,8.833021703028408,107,107,False
b8f88d0ccf39294051efed71,Primeira Liga,2025/2026,HOLDOUT,2025-09-22,20:15,MATCH_KICKOFF_TIME_TIMEZONE_NOT_STATED_BY_SOURCE,,NOT_VERIFIED_DO_NOT_INFER,Sp Lisbon,Moreirense,3,0,H,EVALUATION_ONLY_JOIN_AFTER_PREMATCH_FEATURE_FREEZE,1.19,6.37,12.33,EXTERNAL_HISTORICAL_MARKET_BENCHMARK,NOT_AVAILABLE,NOT_GOLDBET,fadac996e59a018d1ae06387690014479a9a749011658c5cf5395ffa47dc7a38,1619.2160118053805,1518.305580793,100.91043101238051,0.0,1.4000000000000001,1.2,14.849908767219631,107,73,False
415bcc24f987bf54868a83e4,Primeira Liga,2025/2026,HOLDOUT,2025-09-23,20:15,MATCH_KICKOFF_TIME_TIMEZONE_NOT_STATED_BY_SOURCE,,NOT_VERIFIED_DO_NOT_INFER,Benfica,Rio Ave,1,1,D,EVALUATION_ONLY_JOIN_AFTER_PREMATCH_FEATURE_FREEZE,1.14,7.78,15.57,EXTERNAL_HISTORICAL_MARKET_BENCHMARK,NOT_AVAILABLE,NOT_GOLDBET,20e1934f29ffe8836a106e9b42ba4bd339589a74221c2604ab48749b148ff20f,1615.1069416829628,1469.9585773386189,145.14836434434392,2.0,2.6,0.8,-55.97706223928026,107,107,False
1ebe6fa3bf4a9e6e9153c602,Primeira Liga,2025/2026,HOLDOUT,2025-09-26,20:15,MATCH_KICKOFF_TIME_TIMEZONE_NOT_STATED_BY_SOURCE,,NOT_VERIFIED_DO_NOT_INFER,Benfica,Gil Vicente,2,1,H,EVALUATION_ONLY_JOIN_AFTER_PREMATCH_FEATURE_FREEZE,1.29,5.17,9.31,EXTERNAL_HISTORICAL_MARKET_BENCHMARK,NOT_AVAILABLE,NOT_GOLDBET,90f2d4b8f5a21f8cd8b5df3c1133c5106f0a50496e003a28c0d33e554e3b87a8,1609.8046460057408,1507.6021821134023,102.20246389233853,0.20000000000000018,0.7999999999999999,0.19999999999999996,-60.11860823242682,108,108,False
09ebb1fe4ea098e0d8ca59c3,Primeira Liga,2025/2026,HOLDOUT,2025-09-27,15:30,MATCH_KICKOFF_TIME_TIMEZONE_NOT_STATED_BY_SOURCE,,NOT_VERIFIED_DO_NOT_INFER,Moreirense,Casa Pia,2,1,H,EVALUATION_ONLY_JOIN_AFTER_PREMATCH_FEATURE_FREEZE,2.07,3.14,3.62,EXTERNAL_HISTORICAL_MARKET_BENCHMARK,NOT_AVAILABLE,NOT_GOLDBET,f172da31b58b951bd36c790f32bbce945b047093a80c3b4f22a183ff7db6da9d,1512.6319594451002,1488.1206634664306,24.511295978669523,0.40000000000000013,0.4,0.8000000000000003,22.679357054832735,74,108,False
905c04e2b9cebb7cd3af54ac,Primeira Liga,2025/2026,HOLDOUT,2025-09-27,16:30,MATCH_KICKOFF_TIME_TIMEZONE_NOT_STATED_BY_SOURCE,,NOT_VERIFIED_DO_NOT_INFER,Santa Clara,Tondela,1,2,A,EVALUATION_ONLY_JOIN_AFTER_PREMATCH_FEATURE_FREEZE,1.79,3.3,4.62,EXTERNAL_HISTORICAL_MARKET_BENCHMARK,NOT_AVAILABLE,NOT_GOLDBET,9a4a051b143effaf1aa1395d05daa1c432e09c2a11e51dfb473911cd0e564bf7,1517.395238124578,1464.8223297570466,52.572908367531454,1.2000000000000002,1.2,2.0,3.1449625040997944,74,6,False
de34b815f5d307b8e7f1c41c,Primeira Liga,2025/2026,HOLDOUT,2025-09-27,18:00,MATCH_KICKOFF_TIME_TIMEZONE_NOT_STATED_BY_SOURCE,,NOT_VERIFIED_DO_NOT_INFER,Estrela,AVS,3,0,H,EVALUATION_ONLY_JOIN_AFTER_PREMATCH_FEATURE_FREEZE,2.15,3.15,3.4,EXTERNAL_HISTORICAL_MARKET_BENCHMARK,NOT_AVAILABLE,NOT_GOLDBET,1170828a2920a81d08ac5c1b6bd27c67ebc5ee890b97c4b048a992eca2e2c729,1445.7125622521348,1423.5897078733046,22.122854378830198,0.39999999999999997,1.0,0.0,-22.8146295199042,74,40,False
34143410cab48814f9a21bba,Primeira Liga,2025/2026,HOLDOUT,2025-09-27,20:30,MATCH_KICKOFF_TIME_TIMEZONE_NOT_STATED_BY_SOURCE,,NOT_VERIFIED_DO_NOT_INFER,Estoril,Sp Lisbon,0,1,A,EVALUATION_ONLY_JOIN_AFTER_PREMATCH_FEATURE_FREEZE,10.43,6.16,1.22,EXTERNAL_HISTORICAL_MARKET_BENCHMARK,NOT_AVAILABLE,NOT_GOLDBET,7bcb068865c331d99c009e1646cd6a865f2c62695cc7d3760ac7c272a15b9efe,1479.1437423618622,1624.8896331532803,-145.7458907914181,-1.5999999999999999,-2.8,-1.2000000000000002,-33.98509783435634,108,108,False
4a9eb4db1f79e050d5cc9b11,Primeira Liga,2025/2026,HOLDOUT,2025-09-28,15:30,MATCH_KICKOFF_TIME_TIMEZONE_NOT_STATED_BY_SOURCE,,NOT_VERIFIED_DO_NOT_INFER,Alverca,Guimaraes,2,0,H,EVALUATION_ONLY_JOIN_AFTER_PREMATCH_FEATURE_FREEZE,2.68,2.97,2.73,EXTERNAL_HISTORICAL_MARKET_BENCHMARK,NOT_AVAILABLE,NOT_GOLDBET,a69a164a301c9b2969ba47df1be89886141da6a43c71636dc6a6f08c76bdb0fd,1475.2182901373749,1526.8888515083302,-51.670561370955284,-0.8,-1.0,-0.19999999999999996,19.102134695760697,6,108,False
8c25c649dbe4eb5cb11ab615,Primeira Liga,2025/2026,HOLDOUT,2025-09-28,18:00,MATCH_KICKOFF_TIME_TIMEZONE_NOT_STATED_BY_SOURCE,,NOT_VERIFIED_DO_NOT_INFER,Sp Braga,Nacional,0,1,A,EVALUATION_ONLY_JOIN_AFTER_PREMATCH_FEATURE_FREEZE,1.39,4.52,7.38,EXTERNAL_HISTORICAL_MARKET_BENCHMARK,NOT_AVAILABLE,NOT_GOLDBET,428f0739731e36f88d7a20c5b72c7b55ad77f6f4ba2ad28ebce459010475735a,1555.7197532731766,1452.556856492812,103.16289678036469,0.3999999999999999,1.0,0.19999999999999996,-47.786247165403665,108,40,False
86fb4c517e407a3b2fc87357,Primeira Liga,2025/2026,HOLDOUT,2025-09-28,20:30,MATCH_KICKOFF_TIME_TIMEZONE_NOT_STATED_BY_SOURCE,,NOT_VERIFIED_DO_NOT_INFER,Famalicao,Rio Ave,0,0,D,EVALUATION_ONLY_JOIN_AFTER_PREMATCH_FEATURE_FREEZE,1.66,3.81,4.75,EXTERNAL_HISTORICAL_MARKET_BENCHMARK,NOT_AVAILABLE,NOT_GOLDBET,8111a0cbae3fa55e9f6144ed26c6854b3cc4512b055f5d245bbf69f6ca7152ee,1522.73469971293,1475.2608730158408,47.47382669708918,1.0,1.2,1.0,-56.26002385523543,108,108,False
f29eaf6da791a6c95f261056,Primeira Liga,2025/2026,HOLDOUT,2025-09-29,20:00,MATCH_KICKOFF_TIME_TIMEZONE_NOT_STATED_BY_SOURCE,,NOT_VERIFIED_DO_NOT_INFER,Arouca,Porto,0,4,A,EVALUATION_ONLY_JOIN_AFTER_PREMATCH_FEATURE_FREEZE,10.83,5.81,1.22,EXTERNAL_HISTORICAL_MARKET_BENCHMARK,NOT_AVAILABLE,NOT_GOLDBET,65c22e8c8f8b1dbd3283a84be5ab9502fbbca28a7fc02156743f1c84b7dfdc76,1494.3876912357657,1611.2793123428469,-116.89162110708116,-2.0,-3.6,-0.7999999999999998,1.2679825475975122,108,108,False
b7e3878df41cfaa61c8ed759,Primeira Liga,2025/2026,HOLDOUT,2025-10-03,20:15,MATCH_KICKOFF_TIME_TIMEZONE_NOT_STATED_BY_SOURCE,,NOT_VERIFIED_DO_NOT_INFER,Casa Pia,Estoril,2,2,D,EVALUATION_ONLY_JOIN_AFTER_PREMATCH_FEATURE_FREEZE,2.63,3.15,2.64,EXTERNAL_HISTORICAL_MARKET_BENCHMARK,NOT_AVAILABLE,NOT_GOLDBET,1251c8a68aceb758d7f1e86620e277653ed2bb28058c21110b20dcd5bd4f4d32,1480.5062295608934,1471.562792184742,8.94343737615145,0.0,-0.6,-0.19999999999999996,6.5823519641639905,109,109,False
d038c9b41d4ebfa47ac11743,Primeira Liga,2025/2026,HOLDOUT,2025-10-04,15:30,MATCH_KICKOFF_TIME_TIMEZONE_NOT_STATED_BY_SOURCE,,NOT_VERIFIED_DO_NOT_INFER,Gil Vicente,Estrela,2,0,H,EVALUATION_ONLY_JOIN_AFTER_PREMATCH_FEATURE_FREEZE,1.67,3.51,5.23,EXTERNAL_HISTORICAL_MARKET_BENCHMARK,NOT_AVAILABLE,NOT_GOLDBET,a153e9c0e4a8873a477b8a67d0ac4b13c6d5fb48f95e25ce96cb383d954572b7,1501.9587391422447,1453.391934285876,48.56680485636866,0.8,0.6000000000000001,1.4,64.6977200217525,109,75,False
c245349a567f478eeec54c65,Primeira Liga,2025/2026,HOLDOUT,2025-10-04,15:30,MATCH_KICKOFF_TIME_TIMEZONE_NOT_STATED_BY_SOURCE,,NOT_VERIFIED_DO_NOT_INFER,Nacional,Moreirense,3,2,H,EVALUATION_ONLY_JOIN_AFTER_PREMATCH_FEATURE_FREEZE,2.19,3.12,3.35,EXTERNAL_HISTORICAL_MARKET_BENCHMARK,NOT_AVAILABLE,NOT_GOLDBET,36d5b1d6c23aca666781ad18749d51ffc83e9f00efd6a41b82eed6d475a2ec88,1466.9357833861413,1520.2463933506374,-53.31060996449605,-0.6000000000000001,-0.4,-1.0,28.573046485990517,41,75,False
62ae31deeca3bd65d0c7c8a6,Primeira Liga,2025/2026,HOLDOUT,2025-10-04,18:00,MATCH_KICKOFF_TIME_TIMEZONE_NOT_STATED_BY_SOURCE,,NOT_VERIFIED_DO_NOT_INFER,AVS,Alverca,1,3,A,EVALUATION_ONLY_JOIN_AFTER_PREMATCH_FEATURE_FREEZE,3.15,3.09,2.3,EXTERNAL_HISTORICAL_MARKET_BENCHMARK,NOT_AVAILABLE,NOT_GOLDBET,9dfd4d56528d22b9bbb2996a9ffd03a47d8b0aaa4fe977ae63197910daa67710,1415.9103358395635,1484.978595542263,-69.0682597026996,-1.2,-2.0,-0.3333333333333333,12.471670636419503,41,7,False
1fcad67c8ffefc450bff035b,Primeira Liga,2025/2026,HOLDOUT,2025-10-04,20:30,MATCH_KICKOFF_TIME_TIMEZONE_NOT_STATED_BY_SOURCE,,NOT_VERIFIED_DO_NOT_INFER,Guimaraes,Santa Clara,2,1,H,EVALUATION_ONLY_JOIN_AFTER_PREMATCH_FEATURE_FREEZE,2.94,2.86,2.58,EXTERNAL_HISTORICAL_MARKET_BENCHMARK,NOT_AVAILABLE,NOT_GOLDBET,5534614bbc10adf5e43c70ad8ea62146fd43ef0a6a0761fcf0620f6eded03b9c,1517.128546103442,1504.2639475130238,12.864598590418154,-0.6000000000000001,-0.6000000000000001,0.0,-2.9280621824598256,109,75,False
cc5b5650b3cdcd34b32b7c5d,Primeira Liga,2025/2026,HOLDOUT,2025-10-05,15:30,MATCH_KICKOFF_TIME_TIMEZONE_NOT_STATED_BY_SOURCE,,NOT_VERIFIED_DO_NOT_INFER,Arouca,Famalicao,1,1,D,EVALUATION_ONLY_JOIN_AFTER_PREMATCH_FEATURE_FREEZE,3.98,3.44,1.87,EXTERNAL_HISTORICAL_MARKET_BENCHMARK,NOT_AVAILABLE,NOT_GOLDBET,558f0d9d7dac0e80972bc2d97e1c4e70f6cab233cb1f8a1697f999b8da378694,1486.0106837298476,1519.7363838993124,-33.725700169464744,-0.19999999999999996,-1.0,0.0,12.206754488568095,109,109,False
a8d8a0afc58dac72df984374,Primeira Liga,2025/2026,HOLDOUT,2025-10-05,17:30,MATCH_KICKOFF_TIME_TIMEZONE_NOT_STATED_BY_SOURCE,,NOT_VERIFIED_DO_NOT_INFER,Rio Ave,Tondela,3,0,H,EVALUATION_ONLY_JOIN_AFTER_PREMATCH_FEATURE_FREEZE,2.48,3.29,2.71,EXTERNAL_HISTORICAL_MARKET_BENCHMARK,NOT_AVAILABLE,NOT_GOLDBET,0558b8ea3f48306e3f691da19860d5e084f6ee852d8f3fb0fef9bcf44cf53fde,1478.2591888294585,1477.953620368601,0.3055684608575575,-0.4,-0.4,0.44999999999999996,59.25305467731778,109,7,False
59ecbd911e5575bc572052ad,Primeira Liga,2025/2026,HOLDOUT,2025-10-05,19:15,MATCH_KICKOFF_TIME_TIMEZONE_NOT_STATED_BY_SOURCE,,NOT_VERIFIED_DO_NOT_INFER,Sp Lisbon,Sp Braga,1,1,D,EVALUATION_ONLY_JOIN_AFTER_PREMATCH_FEATURE_FREEZE,1.44,4.51,6.39,EXTERNAL_HISTORICAL_MARKET_BENCHMARK,NOT_AVAILABLE,NOT_GOLDBET,3618671c9a37f829e3274a985ad4b1125f8b7da3ef44736df18106a3b7e87f4d,1632.4705833304006,1541.3408263798472,91.12975695055343,1.7999999999999998,1.7999999999999998,1.2,36.930959425656056,109,109,False
61471e946bfd195f51dda573,Primeira Liga,2025/2026,HOLDOUT,2025-10-05,21:15,MATCH_KICKOFF_TIME_TIMEZONE_NOT_STATED_BY_SOURCE,,NOT_VERIFIED_DO_NOT_INFER,Porto,Benfica,0,0,D,EVALUATION_ONLY_JOIN_AFTER_PREMATCH_FEATURE_FREEZE,1.98,3.36,3.66,EXTERNAL_HISTORICAL_MARKET_BENCHMARK,NOT_AVAILABLE,NOT_GOLDBET,d220037e7b725626c6ada7a197a6850e9959427459ce4ddf644787ae76366649,1619.656319848765,1615.4480889768984,4.20823087186659,0.7999999999999998,1.6,0.3999999999999999,32.62938050596972,109,109,False
5561870d9065d6eee2614d45,Primeira Liga,2025/2026,HOLDOUT,2025-10-24,20:15,MATCH_KICKOFF_TIME_TIMEZONE_NOT_STATED_BY_SOURCE,,NOT_VERIFIED_DO_NOT_INFER,Alverca,Gil Vicente,0,4,A,EVALUATION_ONLY_JOIN_AFTER_PREMATCH_FEATURE_FREEZE,3.12,3.04,2.35,EXTERNAL_HISTORICAL_MARKET_BENCHMARK,NOT_AVAILABLE,NOT_GOLDBET,ee896dbdf3ff1a0de30afc3b562f95608d7e6c2693e1b38200ffdbcd6a1bbd4a,1494.717649299995,1508.931820043662,-14.214170743666955,-0.5999999999999999,-0.6,-0.10000000000000009,-21.28196451857025,8,110,False
12f5c432eb905cf74e6e46a8,Primeira Liga,2025/2026,HOLDOUT,2025-10-25,18:00,MATCH_KICKOFF_TIME_TIMEZONE_NOT_STATED_BY_SOURCE,,NOT_VERIFIED_DO_NOT_INFER,Santa Clara,AVS,2,0,H,EVALUATION_ONLY_JOIN_AFTER_PREMATCH_FEATURE_FREEZE,1.47,3.89,7.05,EXTERNAL_HISTORICAL_MARKET_BENCHMARK,NOT_AVAILABLE,NOT_GOLDBET,a4de46e3ffeed8d5671b257a129bd19602cf32c050e6c0dd9f6a54aadabb004e,1496.3309435237309,1406.1712820818316,90.15966144189929,1.4,2.2,0.5999999999999999,5.658181483069711,76,42,False
fd0b3289d5409449fac0f8b4,Primeira Liga,2025/2026,HOLDOUT,2025-10-25,20:30,MATCH_KICKOFF_TIME_TIMEZONE_NOT_STATED_BY_SOURCE,,NOT_VERIFIED_DO_NOT_INFER,Benfica,Arouca,5,0,H,EVALUATION_ONLY_JOIN_AFTER_PREMATCH_FEATURE_FREEZE,1.17,7.11,12.66,EXTERNAL_HISTORICAL_MARKET_BENCHMARK,NOT_AVAILABLE,NOT_GOLDBET,e622812d5ab780a2e3217248b918f8c25d6dec35da78ead7780d33378b235b41,1617.2753947820138,1485.2558869157326,132.01950786628117,0.8,1.8,0.8,-11.786398117248837,110,110,False
9181fbd77240cd5fa1e78b46,Primeira Liga,2025/2026,HOLDOUT,2025-10-25,20:30,MATCH_KICKOFF_TIME_TIMEZONE_NOT_STATED_BY_SOURCE,,NOT_VERIFIED_DO_NOT_INFER,Estrela,Rio Ave,1,2,A,EVALUATION_ONLY_JOIN_AFTER_PREMATCH_FEATURE_FREEZE,2.9,3.11,2.43,EXTERNAL_HISTORICAL_MARKET_BENCHMARK,NOT_AVAILABLE,NOT_GOLDBET,9d42263813bd6ab4520ebf6c9c6e35b871c689002df604e37ed3645f241c02fc,1446.4188533844588,1486.5406787404477,-40.1218253559889,0.0,0.2,0.0,-64.44460352349097,76,110,False
0a70715dd1daec9ec96ccc2f,Primeira Liga,2025/2026,HOLDOUT,2025-10-26,15:30,MATCH_KICKOFF_TIME_TIMEZONE_NOT_STATED_BY_SOURCE,,NOT_VERIFIED_DO_NOT_INFER,Estoril,Nacional,1,1,D,EVALUATION_ONLY_JOIN_AFTER_PREMATCH_FEATURE_FREEZE,2.31,3.24,2.98,EXTERNAL_HISTORICAL_MARKET_BENCHMARK,NOT_AVAILABLE,NOT_GOLDBET,3d00854247cfcd2f021f3500e9668e8dce792692c012bc66348222d502a6dec5,1473.5215020059427,1476.7432710515504,-3.2217690456077435,-1.0,-0.8,0.0,-22.069333491559973,110,42,False
348de9d6a6a69821904b8f46,Primeira Liga,2025/2026,HOLDOUT,2025-10-26,15:30,MATCH_KICKOFF_TIME_TIMEZONE_NOT_STATED_BY_SOURCE,,NOT_VERIFIED_DO_NOT_INFER,Famalicao,Guimaraes,2,0,H,EVALUATION_ONLY_JOIN_AFTER_PREMATCH_FEATURE_FREEZE,1.76,3.57,4.43,EXTERNAL_HISTORICAL_MARKET_BENCHMARK,NOT_AVAILABLE,NOT_GOLDBET,327c89b5fa4045c4ad2c0fa3631329ca12e369a2cd45d62567ec127e832d8806,1520.4911807134274,1525.061550092735,-4.570369379307522,-0.40000000000000013,-0.2,1.0,5.295465340888313,110,110,False
eace24f3de830856613a3ce8,Primeira Liga,2025/2026,HOLDOUT,2025-10-26,18:00,MATCH_KICKOFF_TIME_TIMEZONE_NOT_STATED_BY_SOURCE,,NOT_VERIFIED_DO_NOT_INFER,Tondela,Sp Lisbon,0,3,A,EVALUATION_ONLY_JOIN_AFTER_PREMATCH_FEATURE_FREEZE,11.22,6.1,1.22,EXTERNAL_HISTORICAL_MARKET_BENCHMARK,NOT_AVAILABLE,NOT_GOLDBET,917782660f7417ab0ef0568437ea3634d7512a8ed9493f0a0c0da1ace27d3379,1469.6721304576117,1628.3757825093248,-158.7036520517131,-1.0,-1.4,-1.9333333333333336,-50.376864703785714,8,110,False
f60c5767a9dcd8b5735644ef,Primeira Liga,2025/2026,HOLDOUT,2025-10-26,20:30,MATCH_KICKOFF_TIME_TIMEZONE_NOT_STATED_BY_SOURCE,,NOT_VERIFIED_DO_NOT_INFER,Sp Braga,Casa Pia,4,0,H,EVALUATION_ONLY_JOIN_AFTER_PREMATCH_FEATURE_FREEZE,1.4,4.4,7.4,EXTERNAL_HISTORICAL_MARKET_BENCHMARK,NOT_AVAILABLE,NOT_GOLDBET,809b26f1336f241558ff83df19d59d238f7c7c69b4aed31a11b16615e413f2c0,1545.435627200923,1478.5475197396927,66.88810746123022,-0.4,-0.2,-0.19999999999999996,25.179375915457058,110,110,False
3b62af47c368c30384f5fae6,Primeira Liga,2025/2026,HOLDOUT,2025-10-27,20:15,MATCH_KICKOFF_TIME_TIMEZONE_NOT_STATED_BY_SOURCE,,NOT_VERIFIED_DO_NOT_INFER,Moreirense,Porto,1,2,A,EVALUATION_ONLY_JOIN_AFTER_PREMATCH_FEATURE_FREEZE,10.41,5.46,1.26,EXTERNAL_HISTORICAL_MARKET_BENCHMARK,NOT_AVAILABLE,NOT_GOLDBET,e01b05baa88579df46ea56ea19de50d808f178e8c9cc01da68e061b0f6871c6a,1510.4389056852283,1617.8290140436495,-107.39010835842123,-1.4000000000000001,-2.4,-0.3999999999999999,-28.590574975761683,76,110,False
1b234e5b05a21678e946a6d5,Primeira Liga,2025/2026,HOLDOUT,2025-10-31,20:15,MATCH_KICKOFF_TIME_TIMEZONE_NOT_STATED_BY_SOURCE,,NOT_VERIFIED_DO_NOT_INFER,Sp Lisbon,Alverca,2,0,H,EVALUATION_ONLY_JOIN_AFTER_PREMATCH_FEATURE_FREEZE,1.1,8.98,20.75,EXTERNAL_HISTORICAL_MARKET_BENCHMARK,NOT_AVAILABLE,NOT_GOLDBET,a7ccffeea90eda41f3387558b558ea743181343d8a722f71bf21740a387a171a,1635.6089022535768,1483.4074032522708,152.20149900130605,0.8,1.6,1.0,20.561122770115617,111,9,False
66ca732659b19b7572be0a0d,Primeira Liga,2025/2026,HOLDOUT,2025-11-01,15:30,MATCH_KICKOFF_TIME_TIMEZONE_NOT_STATED_BY_SOURCE,,NOT_VERIFIED_DO_NOT_INFER,Nacional,Famalicao,0,1,A,EVALUATION_ONLY_JOIN_AFTER_PREMATCH_FEATURE_FREEZE,3.05,3.31,2.24,EXTERNAL_HISTORICAL_MARKET_BENCHMARK,NOT_AVAILABLE,NOT_GOLDBET,83a325c7134d1b56a35739887ec09e17f9ff380721e4abc47eb103005b7febe2,1478.3630857139333,1528.9091870288717,-50.54610131493837,0.19999999999999996,-0.2,-0.8,9.168409535917135,43,111,False
899d4b4c38984611e5d89efe,Primeira Liga,2025/2026,HOLDOUT,2025-11-01,18:00,MATCH_KICKOFF_TIME_TIMEZONE_NOT_STATED_BY_SOURCE,,NOT_VERIFIED_DO_NOT_INFER,Casa Pia,Estrela,3,5,A,EVALUATION_ONLY_JOIN_AFTER_PREMATCH_FEATURE_FREEZE,2.2,3.05,3.4,EXTERNAL_HISTORICAL_MARKET_BENCHMARK,NOT_AVAILABLE,NOT_GOLDBET,54796be1c6ccf97d52079e0dcf0a8b64db45c134a36b18b00da2fc48b7f5c4fc,1472.0454976115466,1435.847336999002,36.1981606125446,0.19999999999999996,-0.19999999999999996,0.4,29.95897626776673,111,77,False
0cc13361095b9890f17ff311,Primeira Liga,2025/2026,HOLDOUT,2025-11-01,18:00,MATCH_KICKOFF_TIME_TIMEZONE_NOT_STATED_BY_SOURCE,,NOT_VERIFIED_DO_NOT_INFER,Rio Ave,Estoril,0,4,A,EVALUATION_ONLY_JOIN_AFTER_PREMATCH_FEATURE_FREEZE,2.21,3.28,3.13,EXTERNAL_HISTORICAL_MARKET_BENCHMARK,NOT_AVAILABLE,NOT_GOLDBET,cb7f1518ded5f9bca519834d624a67dd8349822b2bda78ba2bb54d8fffc838a4,1497.1121951259045,1471.9016873435598,25.21050778234462,0.6000000000000001,0.4,0.6,29.218782574461102,111,111,False
73e09f11999eef524db68b57,Primeira Liga,2025/2026,HOLDOUT,2025-11-01,20:30,MATCH_KICKOFF_TIME_TIMEZONE_NOT_STATED_BY_SOURCE,,NOT_VERIFIED_DO_NOT_INFER,Guimaraes,Benfica,0,3,A,EVALUATION_ONLY_JOIN_AFTER_PREMATCH_FEATURE_FREEZE,7.23,4.34,1.42,EXTERNAL_HISTORICAL_MARKET_BENCHMARK,NOT_AVAILABLE,NOT_GOLDBET,bc7487bf2d8979d60c4b5515eb1ccc14ffde65f674fd7d08b553d729be844d1f,1516.6435437772907,1622.2501592088597,-105.60661543156903,-0.8000000000000003,-2.0,-0.6000000000000001,-0.9674730631620605,111,111,False
44caf1aab5d5d736e2c24f61,Primeira Liga,2025/2026,HOLDOUT,2025-11-02,15:30,MATCH_KICKOFF_TIME_TIMEZONE_NOT_STATED_BY_SOURCE,,NOT_VERIFIED_DO_NOT_INFER,AVS,Tondela,2,2,D,EVALUATION_ONLY_JOIN_AFTER_PREMATCH_FEATURE_FREEZE,3.04,3.09,2.36,EXTERNAL_HISTORICAL_MARKET_BENCHMARK,NOT_AVAILABLE,NOT_GOLDBET,f82f2877f9e54f14158f121d1938d6bfca587ae59f0c7f1163eeb4c1747c45b7,1400.2428164923672,1462.4390107133597,-62.19619422099254,-0.8,-1.2,-0.6,-5.292796101438398,43,9,False
16486243c72cd51b54e4e5e6,Primeira Liga,2025/2026,HOLDOUT,2025-11-02,18:00,MATCH_KICKOFF_TIME_TIMEZONE_NOT_STATED_BY_SOURCE,,NOT_VERIFIED_DO_NOT_INFER,Arouca,Moreirense,0,2,A,EVALUATION_ONLY_JOIN_AFTER_PREMATCH_FEATURE_FREEZE,2.47,3.14,2.83,EXTERNAL_HISTORICAL_MARKET_BENCHMARK,NOT_AVAILABLE,NOT_GOLDBET,45d7a027a0b0e133553e8520792804e4754893bc6fa417e54394d6a2533c4677,1480.2811224888867,1501.794506130789,-21.513383641902237,-0.3999999999999999,-1.6,-0.19999999999999996,2.1722340941062157,111,77,False
4886f7d35a0ba5323e2b15c2,Primeira Liga,2025/2026,HOLDOUT,2025-11-02,20:30,MATCH_KICKOFF_TIME_TIMEZONE_NOT_STATED_BY_SOURCE,,NOT_VERIFIED_DO_NOT_INFER,Porto,Sp Braga,2,1,H,EVALUATION_ONLY_JOIN_AFTER_PREMATCH_FEATURE_FREEZE,1.51,4.05,6.07,EXTERNAL_HISTORICAL_MARKET_BENCHMARK,NOT_AVAILABLE,NOT_GOLDBET,e62e9085e41a26f26e645fef11e229c3dda2c5654cebe7fc149a6c14e24b5763,1626.4734135980889,1551.937649329069,74.53576426901986,1.6,1.4,1.4000000000000001,-2.009062552036312,111,111,False
27be69c771246aa1802928df,Primeira Liga,2025/2026,HOLDOUT,2025-11-03,20:45,MATCH_KICKOFF_TIME_TIMEZONE_NOT_STATED_BY_SOURCE,,NOT_VERIFIED_DO_NOT_INFER,Gil Vicente,Santa Clara,1,0,H,EVALUATION_ONLY_JOIN_AFTER_PREMATCH_FEATURE_FREEZE,1.99,2.99,4.22,EXTERNAL_HISTORICAL_MARKET_BENCHMARK,NOT_AVAILABLE,NOT_GOLDBET,e0bb363d694ed18441b4df2e997aa1be186427311212891b363ea82fc0a7cd47,1520.242066091386,1502.2594091131953,17.98265697819079,1.0,1.4000000000000001,0.6000000000000001,25.984293384804005,111,77,False
4be41a1133678e765e78ecbb,Primeira Liga,2025/2026,HOLDOUT,2025-11-07,20:15,MATCH_KICKOFF_TIME_TIMEZONE_NOT_STATED_BY_SOURCE,,NOT_VERIFIED_DO_NOT_INFER,Estoril,Arouca,4,3,H,EVALUATION_ONLY_JOIN_AFTER_PREMATCH_FEATURE_FREEZE,1.95,3.45,3.66,EXTERNAL_HISTORICAL_MARKET_BENCHMARK,NOT_AVAILABLE,NOT_GOLDBET,1b249792d5be74d9f1cb97a90d4198a66ee90d4b186aed7fcbeafb553a0c36db,1484.3062239432556,1469.1778974018382,15.128326541417437,0.19999999999999996,2.2,0.0,-26.978003312429337,112,112,False
8e0c9c028bfabe0e0e9479cf,Primeira Liga,2025/2026,HOLDOUT,2025-11-08,15:30,MATCH_KICKOFF_TIME_TIMEZONE_NOT_STATED_BY_SOURCE,,NOT_VERIFIED_DO_NOT_INFER,Alverca,Rio Ave,1,1,D,EVALUATION_ONLY_JOIN_AFTER_PREMATCH_FEATURE_FREEZE,2.14,3.24,3.34,EXTERNAL_HISTORICAL_MARKET_BENCHMARK,NOT_AVAILABLE,NOT_GOLDBET,12446286d8cbfde9192df59b589f76a942a5eb0c3b317de5650d84a2bca54469,1478.8540571038102,1484.7076585262087,-5.853601422398469,-0.40000000000000013,-0.6,0.0,12.614944274461322,10,112,False
24df272bc8b04ce055d7dccf,Primeira Liga,2025/2026,HOLDOUT,2025-11-08,18:00,MATCH_KICKOFF_TIME_TIMEZONE_NOT_STATED_BY_SOURCE,,NOT_VERIFIED_DO_NOT_INFER,Tondela,Guimaraes,0,1,A,EVALUATION_ONLY_JOIN_AFTER_PREMATCH_FEATURE_FREEZE,2.91,3.09,2.44,EXTERNAL_HISTORICAL_MARKET_BENCHMARK,NOT_AVAILABLE,NOT_GOLDBET,385fc3fe1e561c6fe8e6a3bc18b1e7c64b9b2e3d9a152a0d6296bac579519486,1462.3758000043288,1507.9487198472214,-45.57291984289259,0.19999999999999996,0.19999999999999996,-0.09999999999999998,-41.875265752390305,10,112,False
15cf391daf82d894de96eddd,Primeira Liga,2025/2026,HOLDOUT,2025-11-08,20:30,MATCH_KICKOFF_TIME_TIMEZONE_NOT_STATED_BY_SOURCE,,NOT_VERIFIED_DO_NOT_INFER,Santa Clara,Sp Lisbon,1,2,A,EVALUATION_ONLY_JOIN_AFTER_PREMATCH_FEATURE_FREEZE,8.1,4.32,1.39,EXTERNAL_HISTORICAL_MARKET_BENCHMARK,NOT_AVAILABLE,NOT_GOLDBET,d1610f4ddec218990a6c78644f4d13adfdc35caedf872eba7d40bb3cec0f962a,1494.4669827145972,1640.1622484020374,-145.69526568744027,-1.4000000000000001,-1.8,-1.6,-20.14850903372394,78,112,False
3ae0df5e38900caf326b097b,Primeira Liga,2025/2026,HOLDOUT,2025-11-09,15:30,MATCH_KICKOFF_TIME_TIMEZONE_NOT_STATED_BY_SOURCE,,NOT_VERIFIED_DO_NOT_INFER,AVS,Gil Vicente,1,1,D,EVALUATION_ONLY_JOIN_AFTER_PREMATCH_FEATURE_FREEZE,5.4,3.53,1.65,EXTERNAL_HISTORICAL_MARKET_BENCHMARK,NOT_AVAILABLE,NOT_GOLDBET,a27d93040097ad7cc0b353f25172b972d4dccf547dde0f90fda6efc53042ee45,1400.3060272013981,1528.0344924899841,-127.728465288586,-2.1999999999999997,-3.6,-1.8,-9.883431223280013,44,112,False
c28be68a84c9eda0d1fd217b,Primeira Liga,2025/2026,HOLDOUT,2025-11-09,15:30,MATCH_KICKOFF_TIME_TIMEZONE_NOT_STATED_BY_SOURCE,,NOT_VERIFIED_DO_NOT_INFER,Estrela,Nacional,1,1,D,EVALUATION_ONLY_JOIN_AFTER_PREMATCH_FEATURE_FREEZE,2.27,3.13,3.17,EXTERNAL_HISTORICAL_MARKET_BENCHMARK,NOT_AVAILABLE,NOT_GOLDBET,42ed35ba3e0233e0055afd12cd8845e4f8aad684480d2585b61ec11667df0934,1448.5474922003546,1468.0910477733607,-19.543555573006188,0.0,0.4,-0.8,-42.05999562726197,78,44,False
3bb84f6ac1d1c6e3524e0111,Primeira Liga,2025/2026,HOLDOUT,2025-11-09,18:00,MATCH_KICKOFF_TIME_TIMEZONE_NOT_STATED_BY_SOURCE,,NOT_VERIFIED_DO_NOT_INFER,Famalicao,Porto,0,1,A,EVALUATION_ONLY_JOIN_AFTER_PREMATCH_FEATURE_FREEZE,5.79,3.84,1.55,EXTERNAL_HISTORICAL_MARKET_BENCHMARK,NOT_AVAILABLE,NOT_GOLDBET,ef06bae8464f74436d4a784619c1589d6133d7b5ffd85538db300ace702ace56,1539.1812249694442,1632.7837584889305,-93.60253351948631,-0.8,-1.2000000000000002,-1.4,-39.34610173632723,112,112,False
ab89f245ddd11236c4dfaa42,Primeira Liga,2025/2026,HOLDOUT,2025-11-09,20:30,MATCH_KICKOFF_TIME_TIMEZONE_NOT_STATED_BY_SOURCE,,NOT_VERIFIED_DO_NOT_INFER,Benfica,Casa Pia,2,2,D,EVALUATION_ONLY_JOIN_AFTER_PREMATCH_FEATURE_FREEZE,1.17,6.67,14.81,EXTERNAL_HISTORICAL_MARKET_BENCHMARK,NOT_AVAILABLE,NOT_GOLDBET,84641b52fcbb4d320a749cf92cf58479cd10079bc2b532a0e9ccddf3d0c0d897,1630.944983138929,1459.345342410194,171.59964072873504,1.8000000000000003,3.2,1.0000000000000002,22.335549429653838,112,112,False
5aefe8b19bdcfa606d068968,Primeira Liga,2025/2026,HOLDOUT,2025-11-09,20:30,MATCH_KICKOFF_TIME_TIMEZONE_NOT_STATED_BY_SOURCE,,NOT_VERIFIED_DO_NOT_INFER,Sp Braga,Moreirense,2,1,H,EVALUATION_ONLY_JOIN_AFTER_PREMATCH_FEATURE_FREEZE,1.36,4.61,8.16,EXTERNAL_HISTORICAL_MARKET_BENCHMARK,NOT_AVAILABLE,NOT_GOLDBET,eae4c6d3dffac716ef448f5df7953378ffc315015ce58b9b42ce9e38b38afaee,1545.6273044382274,1512.8977312178374,32.729573220389966,-0.19999999999999996,0.8,0.19999999999999996,9.100701345222433,112,78,False
2367d36197073b43da72041c,Primeira Liga,2025/2026,HOLDOUT,2025-11-28,20:15,MATCH_KICKOFF_TIME_TIMEZONE_NOT_STATED_BY_SOURCE,,NOT_VERIFIED_DO_NOT_INFER,Guimaraes,AVS,4,0,H,EVALUATION_ONLY_JOIN_AFTER_PREMATCH_FEATURE_FREEZE,1.74,3.41,4.81,EXTERNAL_HISTORICAL_MARKET_BENCHMARK,NOT_AVAILABLE,NOT_GOLDBET,e187113346792798f39d90c409ec7e5bff2867ff9c0d5479c8924f800f0c5a05,1518.3637260916862,1402.231086030916,116.1326400607702,0.7999999999999999,0.3999999999999999,1.4000000000000001,33.42075461110835,113,45,False
158aa17a4d4ae2faad8afb57,Primeira Liga,2025/2026,HOLDOUT,2025-11-29,15:30,MATCH_KICKOFF_TIME_TIMEZONE_NOT_STATED_BY_SOURCE,,NOT_VERIFIED_DO_NOT_INFER,Casa Pia,Alverca,0,2,A,EVALUATION_ONLY_JOIN_AFTER_PREMATCH_FEATURE_FREEZE,2.48,2.97,2.97,EXTERNAL_HISTORICAL_MARKET_BENCHMARK,NOT_AVAILABLE,NOT_GOLDBET,468d7acaa578b8d5aeb35487ec3bc8d942598709062087610f6e18cd2000941f,1465.172714105193,1477.3080943370437,-12.135380231850604,-0.9999999999999999,-0.9999999999999999,-0.4,4.875026159470963,113,11,False
a1747f122277994f3819e968,Primeira Liga,2025/2026,HOLDOUT,2025-11-29,15:30,MATCH_KICKOFF_TIME_TIMEZONE_NOT_STATED_BY_SOURCE,,NOT_VERIFIED_DO_NOT_INFER,Moreirense,Famalicao,2,2,D,EVALUATION_ONLY_JOIN_AFTER_PREMATCH_FEATURE_FREEZE,3.12,3.18,2.27,EXTERNAL_HISTORICAL_MARKET_BENCHMARK,NOT_AVAILABLE,NOT_GOLDBET,3891f6ff3c5677e816b4e89599186beeccd4aec37003eaa5aa7d7b462e453d5f,1505.5050841005589,1530.145379282173,-24.640295181614192,-0.40000000000000013,-0.4,0.19999999999999973,0.2627873564097172,79,113,False
0e5f11b0ac912802f616f558,Primeira Liga,2025/2026,HOLDOUT,2025-11-29,18:00,MATCH_KICKOFF_TIME_TIMEZONE_NOT_STATED_BY_SOURCE,,NOT_VERIFIED_DO_NOT_INFER,Nacional,Benfica,1,2,A,EVALUATION_ONLY_JOIN_AFTER_PREMATCH_FEATURE_FREEZE,7.84,4.7,1.36,EXTERNAL_HISTORICAL_MARKET_BENCHMARK,NOT_AVAILABLE,NOT_GOLDBET,938be3f5bd56436d75c015f97a41466e1c792a57259fed10134700131411a7f7,1469.2502434084595,1625.11761144393,-155.86736803547046,-0.6000000000000001,-1.6,-2.0,-12.311789441280325,45,113,False
098a8d8828b471d88bd0f54f,Primeira Liga,2025/2026,HOLDOUT,2025-11-29,20:30,MATCH_KICKOFF_TIME_TIMEZONE_NOT_STATED_BY_SOURCE,,NOT_VERIFIED_DO_NOT_INFER,Gil Vicente,Tondela,0,1,A,EVALUATION_ONLY_JOIN_AFTER_PREMATCH_FEATURE_FREEZE,1.63,3.58,5.4,EXTERNAL_HISTORICAL_MARKET_BENCHMARK,NOT_AVAILABLE,NOT_GOLDBET,40fe4afee4268a9009271dfe9556bc7db1e08752400284d5f2f259f78dca8958,1526.1094336604663,1451.960793759864,74.14863990060235,1.2,2.4,1.5999999999999999,-14.348415979349056,113,11,False
0240efacad17a499bea477df,Primeira Liga,2025/2026,HOLDOUT,2025-11-30,15:30,MATCH_KICKOFF_TIME_TIMEZONE_NOT_STATED_BY_SOURCE,,NOT_VERIFIED_DO_NOT_INFER,Rio Ave,Santa Clara,1,1,D,EVALUATION_ONLY_JOIN_AFTER_PREMATCH_FEATURE_FREEZE,2.8,3,2.59,EXTERNAL_HISTORICAL_MARKET_BENCHMARK,NOT_AVAILABLE,NOT_GOLDBET,454bb30bec9a64c7db89d75396717ed98d503389fec3e6d7030c044f5ad6aade,1486.2536212929751,1486.8846606485617,-0.6310393555866085,1.0,0.4,0.19999999999999996,-30.13271090447688,113,79,False
055129e484b73bfacf51da68,Primeira Liga,2025/2026,HOLDOUT,2025-11-30,18:00,MATCH_KICKOFF_TIME_TIMEZONE_NOT_STATED_BY_SOURCE,,NOT_VERIFIED_DO_NOT_INFER,Sp Lisbon,Estrela,4,0,H,EVALUATION_ONLY_JOIN_AFTER_PREMATCH_FEATURE_FREEZE,1.14,7.55,15.97,EXTERNAL_HISTORICAL_MARKET_BENCHMARK,NOT_AVAILABLE,NOT_GOLDBET,eb326710a87d2a09be106c3d48aa31db3878a29e54400c9f5a39aa2083b9c75c,1647.7445704680729,1447.3882965652558,200.35627390281707,1.2000000000000002,0.9999999999999999,0.8,23.16108280505682,113,79,False
e0cb2b1ebeec7b05463de5c4,Primeira Liga,2025/2026,HOLDOUT,2025-11-30,20:30,MATCH_KICKOFF_TIME_TIMEZONE_NOT_STATED_BY_SOURCE,,NOT_VERIFIED_DO_NOT_INFER,Porto,Estoril,1,0,H,EVALUATION_ONLY_JOIN_AFTER_PREMATCH_FEATURE_FREEZE,1.2,6.23,12.38,EXTERNAL_HISTORICAL_MARKET_BENCHMARK,NOT_AVAILABLE,NOT_GOLDBET,b44f8c21631711e05605aaaab23b18b1342ceaec5f6f4f055e0528e4851d72bf,1641.8196041762017,1492.1769411147632,149.6426630614385,1.0,0.5999999999999999,1.6,32.592866780587656,113,113,False
8ab6f7260e6e89137ff81f14,Primeira Liga,2025/2026,HOLDOUT,2025-12-01,20:15,MATCH_KICKOFF_TIME_TIMEZONE_NOT_STATED_BY_SOURCE,,NOT_VERIFIED_DO_NOT_INFER,Arouca,Sp Braga,0,4,A,EVALUATION_ONLY_JOIN_AFTER_PREMATCH_FEATURE_FREEZE,6.61,4.28,1.45,EXTERNAL_HISTORICAL_MARKET_BENCHMARK,NOT_AVAILABLE,NOT_GOLDBET,2f620ad7fcccd8bae09c46c5d1678ff3742d31e0018ae249c1235c9a24aba965,1461.3071802303307,1553.019951555506,-91.71277132517525,-1.2,-3.0,-0.7999999999999999,6.2891433438771855,113,113,False
e997bd74082d18058830e8b5,Primeira Liga,2025/2026,HOLDOUT,2025-12-05,20:15,MATCH_KICKOFF_TIME_TIMEZONE_NOT_STATED_BY_SOURCE,,NOT_VERIFIED_DO_NOT_INFER,Benfica,Sp Lisbon,1,1,D,EVALUATION_ONLY_JOIN_AFTER_PREMATCH_FEATURE_FREEZE,2.74,3.09,2.57,EXTERNAL_HISTORICAL_MARKET_BENCHMARK,NOT_AVAILABLE,NOT_GOLDBET,f567f03741dd01674e4798775d2b307ab8672e8c0a2a0aac9e79bbfbd2beb1db,1632.4262853264852,1651.3968672458436,-18.970581919358438,-0.3999999999999999,-0.19999999999999996,-1.2,22.77513939817186,114,114,False
9b3b35eb52286181b5fd1bbb,Primeira Liga,2025/2026,HOLDOUT,2025-12-06,15:30,MATCH_KICKOFF_TIME_TIMEZONE_NOT_STATED_BY_SOURCE,,NOT_VERIFIED_DO_NOT_INFER,Santa Clara,Casa Pia,1,0,H,EVALUATION_ONLY_JOIN_AFTER_PREMATCH_FEATURE_FREEZE,1.97,2.94,4.34,EXTERNAL_HISTORICAL_MARKET_BENCHMARK,NOT_AVAILABLE,NOT_GOLDBET,bcebfac88f79ae821866fa1491feb3a1578ee83e3a371571691c260ce523ea44,1488.5769970722251,1453.8037095914515,34.77328748077366,0.4,1.4000000000000001,0.5999999999999999,1.77178602220647,80,114,False
8ce601cb744655e1e914dfd2,Primeira Liga,2025/2026,HOLDOUT,2025-12-06,18:00,MATCH_KICKOFF_TIME_TIMEZONE_NOT_STATED_BY_SOURCE,,NOT_VERIFIED_DO_NOT_INFER,AVS,Rio Ave,1,2,A,EVALUATION_ONLY_JOIN_AFTER_PREMATCH_FEATURE_FREEZE,3.02,3.23,2.3,EXTERNAL_HISTORICAL_MARKET_BENCHMARK,NOT_AVAILABLE,NOT_GOLDBET,492759748847b73e5a670e228c8ae2a29445a39ef1845029d5f814a75bb67de6,1396.9067436851549,1484.5612848693117,-87.65454118415687,-1.2000000000000002,-1.6,-0.7999999999999999,25.62677790240673,46,114,False
3306166fc568e3b73266ccd1,Primeira Liga,2025/2026,HOLDOUT,2025-12-06,20:30,MATCH_KICKOFF_TIME_TIMEZONE_NOT_STATED_BY_SOURCE,,NOT_VERIFIED_DO_NOT_INFER,Famalicao,Sp Braga,1,2,A,EVALUATION_ONLY_JOIN_AFTER_PREMATCH_FEATURE_FREEZE,3.31,3.28,2.14,EXTERNAL_HISTORICAL_MARKET_BENCHMARK,NOT_AVAILABLE,NOT_GOLDBET,ac7f5383fb8b4944b911ad77bc4e0604bf4d88025f80d3c4f0a957deb11d3779,1531.159614056714,1562.1097110908484,-30.950097034134387,-0.3999999999999999,-1.2000000000000002,-0.19999999999999996,-16.794453198068823,114,114,False
dbc54c475b306f6824cc6b03,Primeira Liga,2025/2026,HOLDOUT,2025-12-07,15:30,MATCH_KICKOFF_TIME_TIMEZONE_NOT_STATED_BY_SOURCE,,NOT_VERIFIED_DO_NOT_INFER,Estoril,Moreirense,3,3,D,EVALUATION_ONLY_JOIN_AFTER_PREMATCH_FEATURE_FREEZE,2.14,3.21,3.37,EXTERNAL_HISTORICAL_MARKET_BENCHMARK,NOT_AVAILABLE,NOT_GOLDBET,003708e881d003152b75cc06a30d88e6cba4ecdc16d3cf5520d2de003773e0e0,1487.5715868671016,1504.490849326018,-16.919262458916364,0.8,1.0,0.7999999999999999,-15.09188126453796,114,80,False
f32292153390bb31ecf6a815,Primeira Liga,2025/2026,HOLDOUT,2025-12-07,18:00,MATCH_KICKOFF_TIME_TIMEZONE_NOT_STATED_BY_SOURCE,,NOT_VERIFIED_DO_NOT_INFER,Alverca,Nacional,1,0,H,EVALUATION_ONLY_JOIN_AFTER_PREMATCH_FEATURE_FREEZE,2.12,3.11,3.53,EXTERNAL_HISTORICAL_MARKET_BENCHMARK,NOT_AVAILABLE,NOT_GOLDBET,e5d50e9c498946ebc185a7843a554e1992054c1557d9f50e8756e5b21a68c389,1488.6770988507853,1461.9415695259042,26.7355293248811,0.3999999999999999,-0.2,-0.20000000000000018,-17.20215105230659,12,46,False
2d08ec7383162bd3628fd86a,Primeira Liga,2025/2026,HOLDOUT,2025-12-07,18:00,MATCH_KICKOFF_TIME_TIMEZONE_NOT_STATED_BY_SOURCE,,NOT_VERIFIED_DO_NOT_INFER,Estrela,Arouca,3,1,H,EVALUATION_ONLY_JOIN_AFTER_PREMATCH_FEATURE_FREEZE,1.92,3.33,3.91,EXTERNAL_HISTORICAL_MARKET_BENCHMARK,NOT_AVAILABLE,NOT_GOLDBET,a7927aa10a2e47fcd64f5306721a611f3fa70e123d6d6d7eed99637f5b4a07d5,1443.735999787485,1452.2174206949883,-8.481420907503207,0.6000000000000001,1.4,0.19999999999999996,-19.950385315040876,80,114,False
653ae438423582ba6204bfca,Primeira Liga,2025/2026,HOLDOUT,2025-12-07,20:30,MATCH_KICKOFF_TIME_TIMEZONE_NOT_STATED_BY_SOURCE,,NOT_VERIFIED_DO_NOT_INFER,Tondela,Porto,0,2,A,EVALUATION_ONLY_JOIN_AFTER_PREMATCH_FEATURE_FREEZE,10.41,5.32,1.26,EXTERNAL_HISTORICAL_MARKET_BENCHMARK,NOT_AVAILABLE,NOT_GOLDBET,7ca3d9cfbe9eadb126b6d5ef2fd26c23fa23feb8de8148a9d519531a30661a12,1465.6408194471053,1646.4249584238632,-180.78413897675796,-1.8,-2.0,-2.6,-33.64937374731289,12,114,False
ab1b77cee4c73769d71d1c1a,Primeira Liga,2025/2026,HOLDOUT,2025-12-08,20:30,MATCH_KICKOFF_TIME_TIMEZONE_NOT_STATED_BY_SOURCE,,NOT_VERIFIED_DO_NOT_INFER,Guimaraes,Gil Vicente,0,0,D,EVALUATION_ONLY_JOIN_AFTER_PREMATCH_FEATURE_FREEZE,2.81,2.95,2.62,EXTERNAL_HISTORICAL_MARKET_BENCHMARK,NOT_AVAILABLE,NOT_GOLDBET,2e61778f3ed2a631ec7a116f8db582f207f181e85c44a9edabe7d81bc6f05d4e,1523.6880684374473,1512.429407973225,11.25866046422243,-0.19999999999999996,-1.0,0.0,41.79527196204526,114,114,False
1ca0bec5b7413a4e957b821c,Primeira Liga,2025/2026,HOLDOUT,2025-12-13,15:30,MATCH_KICKOFF_TIME_TIMEZONE_NOT_STATED_BY_SOURCE,,NOT_VERIFIED_DO_NOT_INFER,Casa Pia,Gil Vicente,1,1,D,EVALUATION_ONLY_JOIN_AFTER_PREMATCH_FEATURE_FREEZE,3.79,3,2.07,EXTERNAL_HISTORICAL_MARKET_BENCHMARK,NOT_AVAILABLE,NOT_GOLDBET,e501de12eef0c1bd3a32d10d60f0695d4c696152ff0efeeaf9ab5aa471c77459,1446.465801767365,1514.4521142176843,-67.98631245031925,-1.4000000000000001,-2.6,-1.2000000000000002,41.03621818724446,115,115,False
c659daf089bc684e12f7fdfb,Primeira Liga,2025/2026,HOLDOUT,2025-12-13,18:00,MATCH_KICKOFF_TIME_TIMEZONE_NOT_STATED_BY_SOURCE,,NOT_VERIFIED_DO_NOT_INFER,Rio Ave,Guimaraes,0,1,A,EVALUATION_ONLY_JOIN_AFTER_PREMATCH_FEATURE_FREEZE,2.98,3.17,2.32,EXTERNAL_HISTORICAL_MARKET_BENCHMARK,NOT_AVAILABLE,NOT_GOLDBET,8511a33dd6a23a239713a3d83d444d2b1f1b4628a3cf1de076fda2ccb7bca53c,1493.766999893408,1521.665362192988,-27.898362299579958,0.20000000000000018,-0.4,-0.19999999999999996,-47.762326353042226,115,115,False
45b1f80b3895fa18a47ff59f,Primeira Liga,2025/2026,HOLDOUT,2025-12-13,20:30,MATCH_KICKOFF_TIME_TIMEZONE_NOT_STATED_BY_SOURCE,,NOT_VERIFIED_DO_NOT_INFER,Sp Lisbon,AVS,6,0,H,EVALUATION_ONLY_JOIN_AFTER_PREMATCH_FEATURE_FREEZE,1.06,10.61,26.94,EXTERNAL_HISTORICAL_MARKET_BENCHMARK,NOT_AVAILABLE,NOT_GOLDBET,fbc22c69a975b317370bfe9cc90e9c5224ae39851ff4108f16c1fd9f4d6521f5,1652.5723296618353,1387.7010286610587,264.8713010007766,2.2,3.4,1.8,7.526328125629789,115,47,False
62ca95cbfe80fb7a9fceb493,Primeira Liga,2025/2026,HOLDOUT,2025-12-14,15:30,MATCH_KICKOFF_TIME_TIMEZONE_NOT_STATED_BY_SOURCE,,NOT_VERIFIED_DO_NOT_INFER,Famalicao,Estoril,4,0,H,EVALUATION_ONLY_JOIN_AFTER_PREMATCH_FEATURE_FREEZE,1.69,3.79,4.54,EXTERNAL_HISTORICAL_MARKET_BENCHMARK,NOT_AVAILABLE,NOT_GOLDBET,7593cf19f7aa751e3a061d6c965d4d0b8a056c351fa40a22a47b560cd3239ac9,1520.3254336572745,1486.3379395746117,33.987494082662806,-0.20000000000000018,-0.6000000000000001,-0.19999999999999996,22.895874481098645,115,115,False
2001736e0c510cf53d0da256,Primeira Liga,2025/2026,HOLDOUT,2025-12-14,18:00,MATCH_KICKOFF_TIME_TIMEZONE_NOT_STATED_BY_SOURCE,,NOT_VERIFIED_DO_NOT_INFER,Moreirense,Benfica,0,4,A,EVALUATION_ONLY_JOIN_AFTER_PREMATCH_FEATURE_FREEZE,8.3,4.49,1.36,EXTERNAL_HISTORICAL_MARKET_BENCHMARK,NOT_AVAILABLE,NOT_GOLDBET,d1fa0d20f536545da0475e0ceea79ae834929b4759ba65210cf8003d11c01243,1505.7244966185078,1631.2508229104935,-125.5263262919857,-1.2000000000000002,-1.8,-0.6000000000000001,15.912504672503701,81,115,False
b2e3d33e331a995d8c67a42b,Primeira Liga,2025/2026,HOLDOUT,2025-12-14,20:30,MATCH_KICKOFF_TIME_TIMEZONE_NOT_STATED_BY_SOURCE,,NOT_VERIFIED_DO_NOT_INFER,Arouca,Alverca,1,0,H,EVALUATION_ONLY_JOIN_AFTER_PREMATCH_FEATURE_FREEZE,3.04,3.12,2.34,EXTERNAL_HISTORICAL_MARKET_BENCHMARK,NOT_AVAILABLE,NOT_GOLDBET,10bdf9b8a14f2e166054928a7cfe19489062002f69cdfd1b3d95fe2efaa98dba,1443.6894713928205,1496.2312503115681,-52.541778918747696,-1.4,-2.1999999999999997,-1.2,8.753882348901016,115,13,False
b76df5262a5c522763ebc721,Primeira Liga,2025/2026,HOLDOUT,2025-12-15,17:30,MATCH_KICKOFF_TIME_TIMEZONE_NOT_STATED_BY_SOURCE,,NOT_VERIFIED_DO_NOT_INFER,Nacional,Tondela,3,1,H,EVALUATION_ONLY_JOIN_AFTER_PREMATCH_FEATURE_FREEZE,2.31,3.11,3.09,EXTERNAL_HISTORICAL_MARKET_BENCHMARK,NOT_AVAILABLE,NOT_GOLDBET,4a26466bdceb859b6f3f6c4669e6274972259301cf4fcbaa7f06a3db25dc400b,1454.3874180651214,1458.9836703304052,-4.596252265283738,-0.4,0.4,-0.7999999999999999,-28.865763880671693,47,13,False
8297ddbe50f592cb63722eb1,Primeira Liga,2025/2026,HOLDOUT,2025-12-15,18:45,MATCH_KICKOFF_TIME_TIMEZONE_NOT_STATED_BY_SOURCE,,NOT_VERIFIED_DO_NOT_INFER,Sp Braga,Santa Clara,1,0,H,EVALUATION_ONLY_JOIN_AFTER_PREMATCH_FEATURE_FREEZE,1.43,4.05,7.58,EXTERNAL_HISTORICAL_MARKET_BENCHMARK,NOT_AVAILABLE,NOT_GOLDBET,a392db613ee34f4d1edc20b68dbdaf049de20fa21f2e1c45fa71aa40ef1572d5,1572.9438914902878,1495.9149048963116,77.02898659397624,1.0,1.6,0.3999999999999999,20.750506276596298,115,81,False
ecc3a8e69b562e119a4e6a0b,Primeira Liga,2025/2026,HOLDOUT,2025-12-15,20:45,MATCH_KICKOFF_TIME_TIMEZONE_NOT_STATED_BY_SOURCE,,NOT_VERIFIED_DO_NOT_INFER,Porto,Estrela,3,1,H,EVALUATION_ONLY_JOIN_AFTER_PREMATCH_FEATURE_FREEZE,1.16,6.87,15.47,EXTERNAL_HISTORICAL_MARKET_BENCHMARK,NOT_AVAILABLE,NOT_GOLDBET,5473d20ce5dc8dde24fd61a8a7f50f8a158bd16a5a4f4a26356672fa3f9176d8,1653.0821075405634,1452.263949089653,200.81815845091046,1.6,1.4,1.6,6.547265051438671,115,81,False
b3efaa6faa230d0a6c59be1d,Primeira Liga,2025/2026,HOLDOUT,2025-12-19,20:15,MATCH_KICKOFF_TIME_TIMEZONE_NOT_STATED_BY_SOURCE,,NOT_VERIFIED_DO_NOT_INFER,Estoril,Sp Braga,1,0,H,EVALUATION_ONLY_JOIN_AFTER_PREMATCH_FEATURE_FREEZE,5.02,3.91,1.61,EXTERNAL_HISTORICAL_MARKET_BENCHMARK,NOT_AVAILABLE,NOT_GOLDBET,b44b60290427b6e35ee7db5dca2c8d17652909b9724c0bdb2516a1d62805e48b,1478.9790049778353,1579.1924096187192,-100.21340464088394,-1.0,-1.2,0.0,1.03462713759086,116,116,False
6d650957e49f5e77b7047c28,Primeira Liga,2025/2026,HOLDOUT,2025-12-20,18:00,MATCH_KICKOFF_TIME_TIMEZONE_NOT_STATED_BY_SOURCE,,NOT_VERIFIED_DO_NOT_INFER,Gil Vicente,Rio Ave,2,2,D,EVALUATION_ONLY_JOIN_AFTER_PREMATCH_FEATURE_FREEZE,1.76,3.47,4.49,EXTERNAL_HISTORICAL_MARKET_BENCHMARK,NOT_AVAILABLE,NOT_GOLDBET,1267525a6d24a48ae0106fc4f900a9533b03ac1413cc23c114b123d0ca79746f,1514.2222901442342,1482.845660823975,31.3766293202591,0.19999999999999996,0.8,0.5999999999999999,-6.306482138960973,116,116,False
fdb960b4fde9ed63239b7ffe,Primeira Liga,2025/2026,HOLDOUT,2025-12-20,20:30,MATCH_KICKOFF_TIME_TIMEZONE_NOT_STATED_BY_SOURCE,,NOT_VERIFIED_DO_NOT_INFER,Estrela,Moreirense,0,0,D,EVALUATION_ONLY_JOIN_AFTER_PREMATCH_FEATURE_FREEZE,2.71,2.97,2.67,EXTERNAL_HISTORICAL_MARKET_BENCHMARK,NOT_AVAILABLE,NOT_GOLDBET,e75d047c129cce3c8f810857e20d4f2bad7218c2ec6842c86b7304155b0b3874,1448.6195830818067,1497.5884479175186,-48.968864835711884,0.3999999999999999,0.19999999999999996,0.5999999999999999,3.660885620329964,82,82,False
f4a77edd88d61d9cb0584f2f,Primeira Liga,2025/2026,HOLDOUT,2025-12-21,15:30,MATCH_KICKOFF_TIME_TIMEZONE_NOT_STATED_BY_SOURCE,,NOT_VERIFIED_DO_NOT_INFER,AVS,Nacional,2,2,D,EVALUATION_ONLY_JOIN_AFTER_PREMATCH_FEATURE_FREEZE,2.74,3.19,2.51,EXTERNAL_HISTORICAL_MARKET_BENCHMARK,NOT_AVAILABLE,NOT_GOLDBET,e3f9ea2055501ba45b67332f1df4ddcb5a6343228b040dabaf83c18973caf595,1385.0304476872384,1462.8061507140894,-77.77570302685103,-0.4,-2.0,-0.6,19.147156794366083,48,48,False
8399af08644b6b10f011e835,Primeira Liga,2025/2026,HOLDOUT,2025-12-21,18:00,MATCH_KICKOFF_TIME_TIMEZONE_NOT_STATED_BY_SOURCE,,NOT_VERIFIED_DO_NOT_INFER,Tondela,Casa Pia,1,2,A,EVALUATION_ONLY_JOIN_AFTER_PREMATCH_FEATURE_FREEZE,2.18,3.09,3.37,EXTERNAL_HISTORICAL_MARKET_BENCHMARK,NOT_AVAILABLE,NOT_GOLDBET,af771056cadf4dba9299152ab3e408fff22aecaa9bd1c69037d6e9c7c266dddc,1450.5649376814372,1446.6956258408152,3.8693118406220037,0.4,0.19999999999999996,-0.4,-2.4032358551689867,14,116,False
4061831a4859b7911ba144db,Primeira Liga,2025/2026,HOLDOUT,2025-12-21,20:30,MATCH_KICKOFF_TIME_TIMEZONE_NOT_STATED_BY_SOURCE,,NOT_VERIFIED_DO_NOT_INFER,Santa Clara,Arouca,0,0,D,EVALUATION_ONLY_JOIN_AFTER_PREMATCH_FEATURE_FREEZE,1.77,3.29,4.79,EXTERNAL_HISTORICAL_MARKET_BENCHMARK,NOT_AVAILABLE,NOT_GOLDBET,161b20615a32c2d94b6a83ea40873ae9015e87aeb09e08496a01744853ccf149,1489.66638676788,1453.4748395014583,36.19154726642182,0.20000000000000007,1.2000000000000002,1.0,38.86352102790693,82,116,False
1092687ff3e69cd87f0e5de1,Primeira Liga,2025/2026,HOLDOUT,2025-12-22,18:45,MATCH_KICKOFF_TIME_TIMEZONE_NOT_STATED_BY_SOURCE,,NOT_VERIFIED_DO_NOT_INFER,Alverca,Porto,0,3,A,EVALUATION_ONLY_JOIN_AFTER_PREMATCH_FEATURE_FREEZE,9.03,4.71,1.33,EXTERNAL_HISTORICAL_MARKET_BENCHMARK,NOT_AVAILABLE,NOT_GOLDBET,33c12777afa6eb3f24d57a534b6862907e7d6d47d47e3594be05dde356fd5974,1486.4458822029303,1656.7264735484096,-170.28059134547925,-1.6,-1.4,-1.0,-2.0160536292662528,14,116,False
650e8b062d807b3740431e3f,Primeira Liga,2025/2026,HOLDOUT,2025-12-22,20:45,MATCH_KICKOFF_TIME_TIMEZONE_NOT_STATED_BY_SOURCE,,NOT_VERIFIED_DO_NOT_INFER,Benfica,Famalicao,1,0,H,EVALUATION_ONLY_JOIN_AFTER_PREMATCH_FEATURE_FREEZE,1.34,4.8,8.11,EXTERNAL_HISTORICAL_MARKET_BENCHMARK,NOT_AVAILABLE,NOT_GOLDBET,bc263817f209f65a9732ca5d7c2878573c2902bfabe79616596b66423864488f,1639.3868716114828,1527.684368254051,111.70250335743185,0.8000000000000003,1.0,0.0,-12.547817101717328,116,116,False
0556bca85d58de1441b4d6ed,Primeira Liga,2025/2026,HOLDOUT,2025-12-23,20:45,MATCH_KICKOFF_TIME_TIMEZONE_NOT_STATED_BY_SOURCE,,NOT_VERIFIED_DO_NOT_INFER,Guimaraes,Sp Lisbon,1,4,A,EVALUATION_ONLY_JOIN_AFTER_PREMATCH_FEATURE_FREEZE,6.66,4.31,1.44,EXTERNAL_HISTORICAL_MARKET_BENCHMARK,NOT_AVAILABLE,NOT_GOLDBET,5357c4e7a0473a2f6a4233f831d82295c2b95f711a39b3e89dba0defa258c01e,1532.5867012624208,1655.2429106356556,-122.65620937323479,-0.6000000000000001,-2.0,-1.0,9.532691318213665,116,116,False
3946cc9fa659f29e86f941e5,Primeira Liga,2025/2026,HOLDOUT,2025-12-27,18:00,MATCH_KICKOFF_TIME_TIMEZONE_NOT_STATED_BY_SOURCE,,NOT_VERIFIED_DO_NOT_INFER,Famalicao,Estrela,2,3,A,EVALUATION_ONLY_JOIN_AFTER_PREMATCH_FEATURE_FREEZE,1.46,4.08,6.71,EXTERNAL_HISTORICAL_MARKET_BENCHMARK,NOT_AVAILABLE,NOT_GOLDBET,b1239a9c2dbd53512f0e014c46077f27f5527287c90321cf01b270d228c77fe1,1522.2598000760722,1448.302188134673,73.95761194139914,-0.19999999999999996,1.0,0.5999999999999999,21.479954094385903,117,83,False
f126ed784f66e1a864a49cab,Primeira Liga,2025/2026,HOLDOUT,2025-12-27,20:30,MATCH_KICKOFF_TIME_TIMEZONE_NOT_STATED_BY_SOURCE,,NOT_VERIFIED_DO_NOT_INFER,Estoril,Alverca,4,1,H,EVALUATION_ONLY_JOIN_AFTER_PREMATCH_FEATURE_FREEZE,2.12,3.3,3.28,EXTERNAL_HISTORICAL_MARKET_BENCHMARK,NOT_AVAILABLE,NOT_GOLDBET,4be8d361dd5c50e898f9d1cbed67869db468c73fe41e105f7d889d08c866e2be,1490.131298804599,1479.517541444348,10.613757360251157,0.0,-0.39999999999999997,0.40000000000000013,40.55366141630316,117,15,False
b0d5bd8f899f87055a7a83e4,Primeira Liga,2025/2026,HOLDOUT,2025-12-28,15:30,MATCH_KICKOFF_TIME_TIMEZONE_NOT_STATED_BY_SOURCE,,NOT_VERIFIED_DO_NOT_INFER,Arouca,Gil Vicente,2,2,D,EVALUATION_ONLY_JOIN_AFTER_PREMATCH_FEATURE_FREEZE,4.2,3.25,1.87,EXTERNAL_HISTORICAL_MARKET_BENCHMARK,NOT_AVAILABLE,NOT_GOLDBET,f2aa7025c04db5f8c9166c242f71bca31bd29df96dd3d51f2af8b92a871dbafc,1456.1748182324225,1511.6512675086742,-55.47644927625174,0.0,-1.0,-0.3999999999999999,32.338692075129075,117,117,False
d51253f728595ff81657645d,Primeira Liga,2025/2026,HOLDOUT,2025-12-28,15:30,MATCH_KICKOFF_TIME_TIMEZONE_NOT_STATED_BY_SOURCE,,NOT_VERIFIED_DO_NOT_INFER,Casa Pia,Guimaraes,0,0,D,EVALUATION_ONLY_JOIN_AFTER_PREMATCH_FEATURE_FREEZE,3.08,2.95,2.42,EXTERNAL_HISTORICAL_MARKET_BENCHMARK,NOT_AVAILABLE,NOT_GOLDBET,67ddc09dddb9ae710b027c7f2468b536f42425496956789b4986a5619dc28370,1458.5135008137745,1524.3707928886597,-65.85729207488521,-1.0,-1.0,-1.2000000000000002,7.160184381957151,117,117,False
2e04c5d8fe2439e62441c08e,Primeira Liga,2025/2026,HOLDOUT,2025-12-28,18:00,MATCH_KICKOFF_TIME_TIMEZONE_NOT_STATED_BY_SOURCE,,NOT_VERIFIED_DO_NOT_INFER,Sp Braga,Benfica,2,2,D,EVALUATION_ONLY_JOIN_AFTER_PREMATCH_FEATURE_FREEZE,3.56,3.24,2.05,EXTERNAL_HISTORICAL_MARKET_BENCHMARK,NOT_AVAILABLE,NOT_GOLDBET,5bcfead2d6e938dcbfae1ceb46995238bd4b0278a8e5776375ae9db753651231,1568.0401157919555,1644.8114397894615,-76.77132399750599,0.19999999999999973,0.0,-0.8,-26.628576511605388,117,117,False
0a5918c0c878d0a1dd9aae90,Primeira Liga,2025/2026,HOLDOUT,2025-12-28,20:30,MATCH_KICKOFF_TIME_TIMEZONE_NOT_STATED_BY_SOURCE,,NOT_VERIFIED_DO_NOT_INFER,Sp Lisbon,Rio Ave,4,0,H,EVALUATION_ONLY_JOIN_AFTER_PREMATCH_FEATURE_FREEZE,1.08,9.53,23.13,EXTERNAL_HISTORICAL_MARKET_BENCHMARK,NOT_AVAILABLE,NOT_GOLDBET,f62423a9969bb152a73ce76be97af96fe9e1dbca13da91dcc5e1eb575ef12fae,1663.4588190094166,1485.416683459535,178.04213554988155,1.4000000000000001,2.8,0.8,19.207236151013603,117,117,False
ed609066a200a9408ed83304,Primeira Liga,2025/2026,HOLDOUT,2025-12-29,20:15,MATCH_KICKOFF_TIME_TIMEZONE_NOT_STATED_BY_SOURCE,,NOT_VERIFIED_DO_NOT_INFER,Porto,AVS,2,0,H,EVALUATION_ONLY_JOIN_AFTER_PREMATCH_FEATURE_FREEZE,1.1,8.67,19.59,EXTERNAL_HISTORICAL_MARKET_BENCHMARK,NOT_AVAILABLE,NOT_GOLDBET,c1950fbfed8a2e05798a92aae5e9fa7c56d514338e76332a3bd63cd21975644e,1663.654814306992,1385.5416276018882,278.1131867051038,2.6,4.0,2.6,-42.125833400602005,117,49,False
85b8ad00dd8f7e2fbbc2ac53,Primeira Liga,2025/2026,HOLDOUT,2026-01-02,18:45,MATCH_KICKOFF_TIME_TIMEZONE_NOT_STATED_BY_SOURCE,,NOT_VERIFIED_DO_NOT_INFER,Gil Vicente,Sp Lisbon,1,1,D,EVALUATION_ONLY_JOIN_AFTER_PREMATCH_FEATURE_FREEZE,6.81,4.17,1.45,EXTERNAL_HISTORICAL_MARKET_BENCHMARK,NOT_AVAILABLE,NOT_GOLDBET,9d3332eb8812f0db3b2a19a6e6164256280cfb0f583d7395c73fa4baeb08ea16,1511.7814584080822,1667.510309045573,-155.72885063749072,-1.8,-3.6,-0.6000000000000001,-24.876770450736103,118,118,False
4432bcf2b5e4a74ba3bff767,Primeira Liga,2025/2026,HOLDOUT,2026-01-02,20:45,MATCH_KICKOFF_TIME_TIMEZONE_NOT_STATED_BY_SOURCE,,NOT_VERIFIED_DO_NOT_INFER,Guimaraes,Nacional,2,1,H,EVALUATION_ONLY_JOIN_AFTER_PREMATCH_FEATURE_FREEZE,1.87,3.29,4.18,EXTERNAL_HISTORICAL_MARKET_BENCHMARK,NOT_AVAILABLE,NOT_GOLDBET,16ef9c033ba8a9d394617f6b8a4ec53b315610c53e528ba9e03805837aebdf32,1524.2022224406614,1462.2949707994396,61.90725164122182,0.6000000000000001,0.4,0.19999999999999996,23.165516966853147,118,49,False
f412d2b1fc2b19b14f1030a6,Primeira Liga,2025/2026,HOLDOUT,2026-01-03,15:30,MATCH_KICKOFF_TIME_TIMEZONE_NOT_STATED_BY_SOURCE,,NOT_VERIFIED_DO_NOT_INFER,Tondela,Arouca,3,1,H,EVALUATION_ONLY_JOIN_AFTER_PREMATCH_FEATURE_FREEZE,2.32,3.17,3.04,EXTERNAL_HISTORICAL_MARKET_BENCHMARK,NOT_AVAILABLE,NOT_GOLDBET,25279d8123d3c8d1bd2a6093f67fbda7b867d27bfae6e1ef3f9e962694a79343,1438.7470627084779,1456.0446273330144,-17.297564624536562,-0.4,0.0,-0.6000000000000001,17.452259981274892,15,118,False
a56f556ede19e092de7fc8d1,Primeira Liga,2025/2026,HOLDOUT,2026-01-03,18:00,MATCH_KICKOFF_TIME_TIMEZONE_NOT_STATED_BY_SOURCE,,NOT_VERIFIED_DO_NOT_INFER,Benfica,Estoril,3,1,H,EVALUATION_ONLY_JOIN_AFTER_PREMATCH_FEATURE_FREEZE,1.21,6.2,11.41,EXTERNAL_HISTORICAL_MARKET_BENCHMARK,NOT_AVAILABLE,NOT_GOLDBET,0fbdf368a40f59a172d62bb3bcd8850c646f06dab146053766249c8c88d2cf01,1644.3290968691474,1498.1264016029352,146.20269526621223,0.8000000000000003,1.4,1.4000000000000001,-0.6499493807489216,118,118,False
cae6196ce3bb62125e33e78d,Primeira Liga,2025/2026,HOLDOUT,2026-01-03,18:00,MATCH_KICKOFF_TIME_TIMEZONE_NOT_STATED_BY_SOURCE,,NOT_VERIFIED_DO_NOT_INFER,Estrela,Sp Braga,3,3,D,EVALUATION_ONLY_JOIN_AFTER_PREMATCH_FEATURE_FREEZE,4.8,3.56,1.7,EXTERNAL_HISTORICAL_MARKET_BENCHMARK,NOT_AVAILABLE,NOT_GOLDBET,782089640985cac92dab1e74813acad755e7a15e649cb6c881c47ce4e8f9f410,1461.9774592359684,1568.5224587122696,-106.5449994763012,-0.6000000000000001,-1.6,0.20000000000000018,32.14404054931242,84,118,False
951507e347d2a9f2b66f52f2,Primeira Liga,2025/2026,HOLDOUT,2026-01-03,20:30,MATCH_KICKOFF_TIME_TIMEZONE_NOT_STATED_BY_SOURCE,,NOT_VERIFIED_DO_NOT_INFER,AVS,Moreirense,0,2,A,EVALUATION_ONLY_JOIN_AFTER_PREMATCH_FEATURE_FREEZE,3.53,3.14,2.1,EXTERNAL_HISTORICAL_MARKET_BENCHMARK,NOT_AVAILABLE,NOT_GOLDBET,5e38b0d1c6214dab226fb355417c0c7878d6f2ae12b8d1c8f8ab80051a1b4b59,1383.0425589116078,1497.9058428646522,-114.8632839530444,-0.39999999999999997,-1.6,-0.4,27.748725812822386,50,83,False
a6e4c614b7979c4a1895065b,Primeira Liga,2025/2026,HOLDOUT,2026-01-04,15:30,MATCH_KICKOFF_TIME_TIMEZONE_NOT_STATED_BY_SOURCE,,NOT_VERIFIED_DO_NOT_INFER,Rio Ave,Casa Pia,3,1,H,EVALUATION_ONLY_JOIN_AFTER_PREMATCH_FEATURE_FREEZE,2.38,3.04,3.03,EXTERNAL_HISTORICAL_MARKET_BENCHMARK,NOT_AVAILABLE,NOT_GOLDBET,382b3b6066b2e5919182b39759550895c1cd5de3e2b3e99d624c661edc5f3195,1481.3651934233787,1458.6820712617728,22.68312216160598,0.0,-0.4,0.0,25.57298789666106,118,118,False
ced44145da9ceede7ffa9fda,Primeira Liga,2025/2026,HOLDOUT,2026-01-04,18:00,MATCH_KICKOFF_TIME_TIMEZONE_NOT_STATED_BY_SOURCE,,NOT_VERIFIED_DO_NOT_INFER,Santa Clara,Porto,0,1,A,EVALUATION_ONLY_JOIN_AFTER_PREMATCH_FEATURE_FREEZE,7.28,3.74,1.49,EXTERNAL_HISTORICAL_MARKET_BENCHMARK,NOT_AVAILABLE,NOT_GOLDBET,dd91a397dd69fbcef7b9bca9a7f2f02c6402176d2d786e82614a97cc97d81807,1486.966408036916,1666.1538829972724,-179.18747496035644,-2.0,-2.2,-1.6,64.9138181643741,83,118,False
4e331319b223fc37bdf6c631,Primeira Liga,2025/2026,HOLDOUT,2026-01-04,20:30,MATCH_KICKOFF_TIME_TIMEZONE_NOT_STATED_BY_SOURCE,,NOT_VERIFIED_DO_NOT_INFER,Alverca,Famalicao,1,0,H,EVALUATION_ONLY_JOIN_AFTER_PREMATCH_FEATURE_FREEZE,3.59,3.23,2.04,EXTERNAL_HISTORICAL_MARKET_BENCHMARK,NOT_AVAILABLE,NOT_GOLDBET,2230614903075bf5b4e60e559d08ff6c3e3e16ac41d2e4c340b9c3e34170e829,1471.5224386460118,1508.584528974777,-37.06209032876518,0.3999999999999999,-1.0,0.19999999999999996,-24.79605342704963,16,118,False
7864b0cbdf31d5624bf582c0,Primeira Liga,2025/2026,HOLDOUT,2026-01-11,15:30,MATCH_KICKOFF_TIME_TIMEZONE_NOT_STATED_BY_SOURCE,,NOT_VERIFIED_DO_NOT_INFER,Nacional,Santa Clara,3,3,D,EVALUATION_ONLY_JOIN_AFTER_PREMATCH_FEATURE_FREEZE,2.68,2.89,2.77,EXTERNAL_HISTORICAL_MARKET_BENCHMARK,NOT_AVAILABLE,NOT_GOLDBET,b3d4fe5ff726723b7ec181c31542b0c69118d69294bc70e052537fafa80eae64,1455.6665040760095,1480.2683761059143,-24.601872029904825,-0.19999999999999996,0.0,0.7999999999999999,-30.123778824084866,50,84,False
2531440d08187772ed4dc129,Primeira Liga,2025/2026,HOLDOUT,2026-01-11,18:00,MATCH_KICKOFF_TIME_TIMEZONE_NOT_STATED_BY_SOURCE,,NOT_VERIFIED_DO_NOT_INFER,Moreirense,Tondela,1,0,H,EVALUATION_ONLY_JOIN_AFTER_PREMATCH_FEATURE_FREEZE,2.29,3.05,3.2,EXTERNAL_HISTORICAL_MARKET_BENCHMARK,NOT_AVAILABLE,NOT_GOLDBET,58c0fc800756447a2286376f53d32cbf1a23f28d8d50777ee18887f0c8528308,1506.3397460729295,1447.524139554683,58.81560651824657,0.0,0.0,0.0,-9.806426454019402,84,16,False
52edd5bb134d7734d551ac49,Primeira Liga,2025/2026,HOLDOUT,2026-01-16,20:15,MATCH_KICKOFF_TIME_TIMEZONE_NOT_STATED_BY_SOURCE,,NOT_VERIFIED_DO_NOT_INFER,Sp Lisbon,Casa Pia,3,0,H,EVALUATION_ONLY_JOIN_AFTER_PREMATCH_FEATURE_FREEZE,1.17,6.74,13.63,EXTERNAL_HISTORICAL_MARKET_BENCHMARK,NOT_AVAILABLE,NOT_GOLDBET,f7c7d52358c1adfd6429e942115341f25171133681cd42ef01ff44a598ceedb4,1664.8226813989195,1451.0179508852414,213.80473051367812,1.2000000000000002,3.0,1.8,18.116424366839283,119,119,False
4114a9e7bb886ecb039e95be,Primeira Liga,2025/2026,HOLDOUT,2026-01-17,15:30,MATCH_KICKOFF_TIME_TIMEZONE_NOT_STATED_BY_SOURCE,,NOT_VERIFIED_DO_NOT_INFER,Gil Vicente,Nacional,2,1,H,EVALUATION_ONLY_JOIN_AFTER_PREMATCH_FEATURE_FREEZE,1.72,3.46,4.79,EXTERNAL_HISTORICAL_MARKET_BENCHMARK,NOT_AVAILABLE,NOT_GOLDBET,1717f7ff7829b661571bf98577e73d4f00b8395c47215cdd9ca330ce43eeddd9,1514.4690860547357,1454.6511747827049,59.81791127203087,0.0,0.0,1.0,47.90456857835579,119,51,False
1563f6443e1083cb63e5457e,Primeira Liga,2025/2026,HOLDOUT,2026-01-17,18:00,MATCH_KICKOFF_TIME_TIMEZONE_NOT_STATED_BY_SOURCE,,NOT_VERIFIED_DO_NOT_INFER,AVS,Arouca,0,1,A,EVALUATION_ONLY_JOIN_AFTER_PREMATCH_FEATURE_FREEZE,2.63,3.08,2.68,EXTERNAL_HISTORICAL_MARKET_BENCHMARK,NOT_AVAILABLE,NOT_GOLDBET,c91c78b283a644b13cbf37a1ab74ea651107fe9e579a96de53bbdb1ed43278e2,1374.6086557033304,1447.2675504868093,-72.6588947834789,-0.8,-1.6,0.39999999999999997,76.29369106655918,51,119,False
8535ffd5b49bf300083cc694,Primeira Liga,2025/2026,HOLDOUT,2026-01-17,18:00,MATCH_KICKOFF_TIME_TIMEZONE_NOT_STATED_BY_SOURCE,,NOT_VERIFIED_DO_NOT_INFER,Alverca,Moreirense,2,1,H,EVALUATION_ONLY_JOIN_AFTER_PREMATCH_FEATURE_FREEZE,2.38,2.87,3.21,EXTERNAL_HISTORICAL_MARKET_BENCHMARK,NOT_AVAILABLE,NOT_GOLDBET,7cf5f36103f62d5fef95eafe717c2143784fbdfbc483c30fa81f707962931148,1480.8631900837531,1513.0473176330179,-32.18412754926476,-0.40000000000000013,-0.8,-0.20000000000000018,32.61293018416359,17,85,False
eabb49260f88dd6f44c9f427,Primeira Liga,2025/2026,HOLDOUT,2026-01-17,20:30,MATCH_KICKOFF_TIME_TIMEZONE_NOT_STATED_BY_SOURCE,,NOT_VERIFIED_DO_NOT_INFER,Rio Ave,Benfica,0,2,A,EVALUATION_ONLY_JOIN_AFTER_PREMATCH_FEATURE_FREEZE,8.92,5.16,1.3,EXTERNAL_HISTORICAL_MARKET_BENCHMARK,NOT_AVAILABLE,NOT_GOLDBET,ef4cd001a92c5a0c333d30efbcf5e58ad38f9fd698ceab526cfd6cde622214ea,1489.0293137999101,1649.00502182021,-159.97570802029986,-0.8000000000000003,-1.7999999999999998,-0.8000000000000003,-39.20739264394524,119,119,False
0681d7f863608ceb20d6c016,Primeira Liga,2025/2026,HOLDOUT,2026-01-18,15:30,MATCH_KICKOFF_TIME_TIMEZONE_NOT_STATED_BY_SOURCE,,NOT_VERIFIED_DO_NOT_INFER,Santa Clara,Famalicao,0,1,A,EVALUATION_ONLY_JOIN_AFTER_PREMATCH_FEATURE_FREEZE,2.96,2.92,2.51,EXTERNAL_HISTORICAL_MARKET_BENCHMARK,NOT_AVAILABLE,NOT_GOLDBET,c55e69caf9dcb9824376c228cd93c4cc88f24fcaf8e90392916f6849d82d12e0,1481.283705399219,1499.2437775370356,-17.960072137816724,0.4,-0.2,0.3999999999999999,-1.1232642802294777,85,119,False
5e031a4aecf67dae4fb6582a,Primeira Liga,2025/2026,HOLDOUT,2026-01-18,18:00,MATCH_KICKOFF_TIME_TIMEZONE_NOT_STATED_BY_SOURCE,,NOT_VERIFIED_DO_NOT_INFER,Tondela,Sp Braga,0,1,A,EVALUATION_ONLY_JOIN_AFTER_PREMATCH_FEATURE_FREEZE,6.23,3.87,1.51,EXTERNAL_HISTORICAL_MARKET_BENCHMARK,NOT_AVAILABLE,NOT_GOLDBET,fa9d1e7f5a8704767133802d86c5da95b558f4bfaaf613237619df70300de474,1440.8165679945946,1567.1907432902633,-126.37417529566869,-1.0,-1.0,-0.7999999999999999,-20.590009444109228,17,119,False
34ea94f042e42d0191f77123,Primeira Liga,2025/2026,HOLDOUT,2026-01-18,20:30,MATCH_KICKOFF_TIME_TIMEZONE_NOT_STATED_BY_SOURCE,,NOT_VERIFIED_DO_NOT_INFER,Guimaraes,Porto,0,1,A,EVALUATION_ONLY_JOIN_AFTER_PREMATCH_FEATURE_FREEZE,6.86,4.07,1.45,EXTERNAL_HISTORICAL_MARKET_BENCHMARK,NOT_AVAILABLE,NOT_GOLDBET,2d7fd95662ec978270f55a5edd24f1e1301c8ecf482fce6d77e453da3e8d0591,1530.8306891640916,1672.851914928274,-142.02122576418242,-1.4,-2.2,-1.6,61.0778207474018,119,119,False
81aa247350bf362fef2ea6ee,Primeira Liga,2025/2026,HOLDOUT,2026-01-19,20:15,MATCH_KICKOFF_TIME_TIMEZONE_NOT_STATED_BY_SOURCE,,NOT_VERIFIED_DO_NOT_INFER,Estrela,Estoril,0,5,A,EVALUATION_ONLY_JOIN_AFTER_PREMATCH_FEATURE_FREEZE,2.79,3.28,2.42,EXTERNAL_HISTORICAL_MARKET_BENCHMARK,NOT_AVAILABLE,NOT_GOLDBET,a3bfc3f80526b1461b806d27d02ad85eb9ba3b10d47ba38309574159acbc24bd,1463.3091746579746,1493.4504766518726,-30.14130199389797,0.20000000000000018,0.6000000000000001,0.3999999999999999,-6.837019194818822,85,119,False
93683f2717758b62a59296ce,Primeira Liga,2025/2026,HOLDOUT,2026-01-23,20:15,MATCH_KICKOFF_TIME_TIMEZONE_NOT_STATED_BY_SOURCE,,NOT_VERIFIED_DO_NOT_INFER,Casa Pia,AVS,3,3,D,EVALUATION_ONLY_JOIN_AFTER_PREMATCH_FEATURE_FREEZE,2.03,3.09,3.83,EXTERNAL_HISTORICAL_MARKET_BENCHMARK,NOT_AVAILABLE,NOT_GOLDBET,620c1dd83dca6e9d9583f5c636f38c4313a0f5a626aaffa4e5890370da274942,1447.591113047842,1364.972846840154,82.61826620768807,0.8,1.4000000000000001,0.6,-17.72619368485971,120,52,False
aa9032b278c09ca4efe62502,Primeira Liga,2025/2026,HOLDOUT,2026-01-24,15:30,MATCH_KICKOFF_TIME_TIMEZONE_NOT_STATED_BY_SOURCE,,NOT_VERIFIED_DO_NOT_INFER,Moreirense,Santa Clara,1,0,H,EVALUATION_ONLY_JOIN_AFTER_PREMATCH_FEATURE_FREEZE,2.84,2.81,2.68,EXTERNAL_HISTORICAL_MARKET_BENCHMARK,NOT_AVAILABLE,NOT_GOLDBET,c479f2a655737ef9fd8861d3cd11e437c49b79f7bf40d0eb015df56091302132,1503.8462166302998,1470.0795699256319,33.76664670466789,0.9999999999999999,0.19999999999999996,0.9999999999999999,-51.2365202119438,86,86,False
6f5eac0255186b64ba828a8a,Primeira Liga,2025/2026,HOLDOUT,2026-01-24,18:00,MATCH_KICKOFF_TIME_TIMEZONE_NOT_STATED_BY_SOURCE,,NOT_VERIFIED_DO_NOT_INFER,Arouca,Sp Lisbon,1,2,A,EVALUATION_ONLY_JOIN_AFTER_PREMATCH_FEATURE_FREEZE,8.76,5.34,1.28,EXTERNAL_HISTORICAL_MARKET_BENCHMARK,NOT_AVAILABLE,NOT_GOLDBET,76048bbced9f4802d693c5c17c78c4ace7a1d2cbacec690a7b72d6bfc0e89de8,1456.9033593499857,1668.2495192363187,-211.346159886333,-1.0,-3.2,-1.2000000000000002,-11.519839935281425,120,120,False
f59213098869feac33882db8,Primeira Liga,2025/2026,HOLDOUT,2026-01-24,20:30,MATCH_KICKOFF_TIME_TIMEZONE_NOT_STATED_BY_SOURCE,,NOT_VERIFIED_DO_NOT_INFER,Estoril,Guimaraes,4,2,H,EVALUATION_ONLY_JOIN_AFTER_PREMATCH_FEATURE_FREEZE,2.39,3.33,2.78,EXTERNAL_HISTORICAL_MARKET_BENCHMARK,NOT_AVAILABLE,NOT_GOLDBET,a5e3048652afba1ff765046ebd47d5da0b37651ff96fdf558daeeb47e416a104,1504.3077695254308,1523.1485493620703,-18.840779836639513,0.40000000000000013,1.0,0.8000000000000003,-11.199328164617555,120,120,False
0a5cb7c6b127f5fad3aaab4c,Primeira Liga,2025/2026,HOLDOUT,2026-01-25,15:30,MATCH_KICKOFF_TIME_TIMEZONE_NOT_STATED_BY_SOURCE,,NOT_VERIFIED_DO_NOT_INFER,Nacional,Rio Ave,4,0,H,EVALUATION_ONLY_JOIN_AFTER_PREMATCH_FEATURE_FREEZE,1.92,3.49,3.67,EXTERNAL_HISTORICAL_MARKET_BENCHMARK,NOT_AVAILABLE,NOT_GOLDBET,50adc21144efa282c2db0dda1c705629604b77bf78087e512598a4122dd35695,1447.969300175459,1481.8299694705452,-33.860669295086154,0.19999999999999996,1.0,-0.20000000000000018,-88.81595236193334,52,120,False
3fc2565d80df9b71fd89b508,Primeira Liga,2025/2026,HOLDOUT,2026-01-25,18:00,MATCH_KICKOFF_TIME_TIMEZONE_NOT_STATED_BY_SOURCE,,NOT_VERIFIED_DO_NOT_INFER,Benfica,Estrela,4,0,H,EVALUATION_ONLY_JOIN_AFTER_PREMATCH_FEATURE_FREEZE,1.17,6.53,14.58,EXTERNAL_HISTORICAL_MARKET_BENCHMARK,NOT_AVAILABLE,NOT_GOLDBET,248fb28828dc299140eb88cc4d001ad70db5f829324d89c1808021ae1f7307a5,1656.204366149575,1452.4518817844164,203.75248436515858,1.6,3.0,1.0000000000000002,-29.259718966187393,120,86,False
f21bf00ab9c13d4de7b75d86,Primeira Liga,2025/2026,HOLDOUT,2026-01-25,18:00,MATCH_KICKOFF_TIME_TIMEZONE_NOT_STATED_BY_SOURCE,,NOT_VERIFIED_DO_NOT_INFER,Famalicao,Tondela,3,0,H,EVALUATION_ONLY_JOIN_AFTER_PREMATCH_FEATURE_FREEZE,1.55,3.83,5.73,EXTERNAL_HISTORICAL_MARKET_BENCHMARK,NOT_AVAILABLE,NOT_GOLDBET,cd0427c627f888b5203da678a6e1d866fc0a668bcf4dc8f4f60f4f4b85f91cb8,1510.4479130106226,1432.704063754474,77.74384925614868,0.6,1.0,0.3999999999999999,19.23499655277101,120,18,False
456dfdd5506a1873d37ae925,Primeira Liga,2025/2026,HOLDOUT,2026-01-25,20:30,MATCH_KICKOFF_TIME_TIMEZONE_NOT_STATED_BY_SOURCE,,NOT_VERIFIED_DO_NOT_INFER,Sp Braga,Alverca,5,0,H,EVALUATION_ONLY_JOIN_AFTER_PREMATCH_FEATURE_FREEZE,1.41,4.27,7.29,EXTERNAL_HISTORICAL_MARKET_BENCHMARK,NOT_AVAILABLE,NOT_GOLDBET,bb2f2a07f7e5366627135c62409741229f4d70b856596dc1abc000a59ebedc87,1575.303247530384,1490.0642910864713,85.23895644391268,0.40000000000000013,1.2,0.8,-17.935942691890432,120,18,False
be47edca19e27556fdd1bee9,Primeira Liga,2025/2026,HOLDOUT,2026-01-26,20:15,MATCH_KICKOFF_TIME_TIMEZONE_NOT_STATED_BY_SOURCE,,NOT_VERIFIED_DO_NOT_INFER,Porto,Gil Vicente,3,0,H,EVALUATION_ONLY_JOIN_AFTER_PREMATCH_FEATURE_FREEZE,1.34,4.47,8.96,EXTERNAL_HISTORICAL_MARKET_BENCHMARK,NOT_AVAILABLE,NOT_GOLDBET,19d36fc4495736810b2fafdb79e066bcb7a5a16089271fe901a633f3a3ca5557,1680.5340547302953,1521.1509606619816,159.38309406831377,1.6,1.6,1.2000000000000002,-33.11984171131235,120,120,False
4d29c35291c31e518d5cdf95,Primeira Liga,2025/2026,HOLDOUT,2026-01-30,20:45,MATCH_KICKOFF_TIME_TIMEZONE_NOT_STATED_BY_SOURCE,,NOT_VERIFIED_DO_NOT_INFER,Guimaraes,Moreirense,1,0,H,EVALUATION_ONLY_JOIN_AFTER_PREMATCH_FEATURE_FREEZE,1.86,3.25,4.23,EXTERNAL_HISTORICAL_MARKET_BENCHMARK,NOT_AVAILABLE,NOT_GOLDBET,3bdd838d9646d9793a5fd5d9c0d1e39b0a0d3d43cdb7c2f47a892f1b8c821149,1514.3276959995405,1511.2110653374752,3.1166306620652904,-1.2,-1.6,0.3999999999999999,104.61640502901855,121,87,False
fa1cd7fffee408a5fa696339,Primeira Liga,2025/2026,HOLDOUT,2026-01-31,15:30,MATCH_KICKOFF_TIME_TIMEZONE_NOT_STATED_BY_SOURCE,,NOT_VERIFIED_DO_NOT_INFER,Santa Clara,Estoril,2,4,A,EVALUATION_ONLY_JOIN_AFTER_PREMATCH_FEATURE_FREEZE,2.18,3.12,3.36,EXTERNAL_HISTORICAL_MARKET_BENCHMARK,NOT_AVAILABLE,NOT_GOLDBET,554324d65b56975dfd1befdb532f74ab0f9739a8c913e75982f2329b9ae9b9f1,1462.7147212184564,1513.1286228879605,-50.413901669504185,-2.0,-2.4,-0.3999999999999999,-22.222310242036883,87,121,False
db99966acf8a2b2433960874,Primeira Liga,2025/2026,HOLDOUT,2026-01-31,18:00,MATCH_KICKOFF_TIME_TIMEZONE_NOT_STATED_BY_SOURCE,,NOT_VERIFIED_DO_NOT_INFER,Rio Ave,Arouca,0,3,A,EVALUATION_ONLY_JOIN_AFTER_PREMATCH_FEATURE_FREEZE,3.01,3.19,2.29,EXTERNAL_HISTORICAL_MARKET_BENCHMARK,NOT_AVAILABLE,NOT_GOLDBET,64befb76c2548191408ecc068869adc1a085b540b65b749cf854fa93fb111935,1472.580903579864,1451.003343055622,21.577560524242017,-0.19999999999999996,-1.2000000000000002,0.0,50.082922097282335,121,121,False
fae5c55893ba549bf0369baf,Primeira Liga,2025/2026,HOLDOUT,2026-01-31,20:30,MATCH_KICKOFF_TIME_TIMEZONE_NOT_STATED_BY_SOURCE,,NOT_VERIFIED_DO_NOT_INFER,Alverca,Estrela,1,1,D,EVALUATION_ONLY_JOIN_AFTER_PREMATCH_FEATURE_FREEZE,1.88,3.13,4.35,EXTERNAL_HISTORICAL_MARKET_BENCHMARK,NOT_AVAILABLE,NOT_GOLDBET,cb9fb8491f74291aa13c897544bbb80b04047decc8fbed4a8816c8c0d075dae1,1484.0169973876223,1448.857586999337,35.15941038828532,0.19999999999999996,-0.19999999999999996,0.8,1.1534633967758054,19,87,False
f51fb7fdc635925bcacd8ecd,Primeira Liga,2025/2026,HOLDOUT,2026-02-01,15:30,MATCH_KICKOFF_TIME_TIMEZONE_NOT_STATED_BY_SOURCE,,NOT_VERIFIED_DO_NOT_INFER,Gil Vicente,Famalicao,5,0,H,EVALUATION_ONLY_JOIN_AFTER_PREMATCH_FEATURE_FREEZE,2.66,2.98,2.69,EXTERNAL_HISTORICAL_MARKET_BENCHMARK,NOT_AVAILABLE,NOT_GOLDBET,74bce0edbf48423ad1e97213972777a15c015e7bfe1a151f69969ebdffa787be,1516.7413580747589,1516.6787651017466,0.06259297301221523,0.0,-0.6000000000000001,0.20000000000000018,53.703350013822046,121,121,False
ccf8cf3316d165f34a67136c,Primeira Liga,2025/2026,HOLDOUT,2026-02-01,18:00,MATCH_KICKOFF_TIME_TIMEZONE_NOT_STATED_BY_SOURCE,,NOT_VERIFIED_DO_NOT_INFER,Sp Lisbon,Nacional,2,1,H,EVALUATION_ONLY_JOIN_AFTER_PREMATCH_FEATURE_FREEZE,1.14,7.41,15.13,EXTERNAL_HISTORICAL_MARKET_BENCHMARK,NOT_AVAILABLE,NOT_GOLDBET,e30d76a2258d754e07ad53fa1bbd90d57a2820b5e16b40531009c38c1ef7cc73,1674.1495355306824,1457.21836606614,216.93116946454234,1.6,1.8000000000000003,2.6,10.381210321233993,121,53,False
13c29b1f50c2631b3330dcc4,Primeira Liga,2025/2026,HOLDOUT,2026-02-01,20:30,MATCH_KICKOFF_TIME_TIMEZONE_NOT_STATED_BY_SOURCE,,NOT_VERIFIED_DO_NOT_INFER,Tondela,Benfica,0,0,D,EVALUATION_ONLY_JOIN_AFTER_PREMATCH_FEATURE_FREEZE,9.47,5.08,1.29,EXTERNAL_HISTORICAL_MARKET_BENCHMARK,NOT_AVAILABLE,NOT_GOLDBET,172edcca0a1e94def80b765b1a5c8b340d6daa3c56d3d512fdb365001dcfcf4f,1426.47321166335,1659.7986609346544,-233.32544927130448,-2.0,-2.6,-2.0,-9.722685137124472,19,121,False
a1dec24ffa25b31a392ffd96,Primeira Liga,2025/2026,HOLDOUT,2026-02-02,18:45,MATCH_KICKOFF_TIME_TIMEZONE_NOT_STATED_BY_SOURCE,,NOT_VERIFIED_DO_NOT_INFER,AVS,Sp Braga,0,4,A,EVALUATION_ONLY_JOIN_AFTER_PREMATCH_FEATURE_FREEZE,9.2,4.99,1.29,EXTERNAL_HISTORICAL_MARKET_BENCHMARK,NOT_AVAILABLE,NOT_GOLDBET,d2b44603dceeba73bfb59dde0cf245f8155d03d31c4050e35e484e8fe5e519dc,1368.861719527484,1581.350541229233,-212.48882170174898,-1.2000000000000002,-2.0,-1.6,0.5153416672105777,53,121,False
023319b5d4644fdf4e3f48d8,Primeira Liga,2025/2026,HOLDOUT,2026-02-02,20:45,MATCH_KICKOFF_TIME_TIMEZONE_NOT_STATED_BY_SOURCE,,NOT_VERIFIED_DO_NOT_INFER,Casa Pia,Porto,2,1,H,EVALUATION_ONLY_JOIN_AFTER_PREMATCH_FEATURE_FREEZE,11.5,5.21,1.25,EXTERNAL_HISTORICAL_MARKET_BENCHMARK,NOT_AVAILABLE,NOT_GOLDBET,2c8e4b98bb8bcac590028c624c0e3d8d1d3231a333fe377f8f7b7332692edaa9,1443.7022403605122,1684.943657317518,-241.24141695700587,-2.0,-2.8,-2.4,15.032176912948216,121,121,False
467b90509ccb9c389e463bae,Primeira Liga,2025/2026,HOLDOUT,2026-02-07,15:30,MATCH_KICKOFF_TIME_TIMEZONE_NOT_STATED_BY_SOURCE,,NOT_VERIFIED_DO_NOT_INFER,Estrela,Santa Clara,1,0,H,EVALUATION_ONLY_JOIN_AFTER_PREMATCH_FEATURE_FREEZE,4.32,3.01,1.94,EXTERNAL_HISTORICAL_MARKET_BENCHMARK,NOT_AVAILABLE,NOT_GOLDBET,9046d8f3f2fe99e593bbb426b8b3d87bbbce780796d8ae65eddef105cee0d642,1451.5300020425764,1452.438881121648,-0.9088790790715393,0.8,-0.6000000000000001,0.7999999999999999,17.283018969766772,88,88,False
f5607c0fd3f9f7bfb43514ea,Primeira Liga,2025/2026,HOLDOUT,2026-02-07,15:30,MATCH_KICKOFF_TIME_TIMEZONE_NOT_STATED_BY_SOURCE,,NOT_VERIFIED_DO_NOT_INFER,Moreirense,Gil Vicente,1,2,A,EVALUATION_ONLY_JOIN_AFTER_PREMATCH_FEATURE_FREEZE,3.66,3.03,2.09,EXTERNAL_HISTORICAL_MARKET_BENCHMARK,NOT_AVAILABLE,NOT_GOLDBET,58fb756bf954c8bc256096cf73fc22b0d8c1313a34e1df93dadb64ba6c12da06,1503.0079841048885,1525.0296356627318,-22.02165155784337,0.19999999999999996,-0.19999999999999996,0.5999999999999999,-95.94239348350516,88,122,False
02e16f50a8c886dc072f5ea6,Primeira Liga,2025/2026,HOLDOUT,2026-02-07,18:00,MATCH_KICKOFF_TIME_TIMEZONE_NOT_STATED_BY_SOURCE,,NOT_VERIFIED_DO_NOT_INFER,Estoril,Tondela,2,2,D,EVALUATION_ONLY_JOIN_AFTER_PREMATCH_FEATURE_FREEZE,1.69,3.74,4.49,EXTERNAL_HISTORICAL_MARKET_BENCHMARK,NOT_AVAILABLE,NOT_GOLDBET,d467c8c7a05a0fa117aec734575f7a46c6afa264535d88ca0b0ad4ced47abb8e,1523.404462984769,1431.0854975997584,92.31896538501064,1.5999999999999999,2.6,1.8,-25.360521417897644,122,20,False
fe66a9906526e9026ccab2c5,Primeira Liga,2025/2026,HOLDOUT,2026-02-07,20:30,MATCH_KICKOFF_TIME_TIMEZONE_NOT_STATED_BY_SOURCE,,NOT_VERIFIED_DO_NOT_INFER,Arouca,Guimaraes,3,2,H,EVALUATION_ONLY_JOIN_AFTER_PREMATCH_FEATURE_FREEZE,2.76,3.14,2.51,EXTERNAL_HISTORICAL_MARKET_BENCHMARK,NOT_AVAILABLE,NOT_GOLDBET,8ae2b0d7c3aabde9464d15cd4bd23211088ba221a64bcbf9ff7e408a5b1dcca9,1463.3091160201498,1522.5307772321273,-59.22166121197756,0.0,0.4,-0.5999999999999999,-28.66836253354586,122,122,False
48bcfe6dc7a3c6a745f43864,Primeira Liga,2025/2026,HOLDOUT,2026-02-08,15:30,MATCH_KICKOFF_TIME_TIMEZONE_NOT_STATED_BY_SOURCE,,NOT_VERIFIED_DO_NOT_INFER,Nacional,Casa Pia,0,0,D,EVALUATION_ONLY_JOIN_AFTER_PREMATCH_FEATURE_FREEZE,1.79,3.46,4.31,EXTERNAL_HISTORICAL_MARKET_BENCHMARK,NOT_AVAILABLE,NOT_GOLDBET,c382292d2a317525e11e0f5fc3a60538570389178f6fe06581431c71c5056f72,1453.8423326698567,1458.4920016429483,-4.649668973091593,-0.19999999999999996,1.0,0.5999999999999999,-9.111196453218326,54,122,False
dc6ed65f805d2f109a71773d,Primeira Liga,2025/2026,HOLDOUT,2026-02-08,18:00,MATCH_KICKOFF_TIME_TIMEZONE_NOT_STATED_BY_SOURCE,,NOT_VERIFIED_DO_NOT_INFER,Sp Braga,Rio Ave,3,0,H,EVALUATION_ONLY_JOIN_AFTER_PREMATCH_FEATURE_FREEZE,1.15,7.18,15.16,EXTERNAL_HISTORICAL_MARKET_BENCHMARK,NOT_AVAILABLE,NOT_GOLDBET,19fcf7c84d9d10a68ec73dfe9c79c026b1f58d1996ae292b56572e8743fd2878,1587.223234518878,1460.2751306153364,126.94810390354155,1.6,4.2,1.6,-52.71741553770016,122,122,False
d3a4a0ddc4c771344412ab3c,Primeira Liga,2025/2026,HOLDOUT,2026-02-08,20:30,MATCH_KICKOFF_TIME_TIMEZONE_NOT_STATED_BY_SOURCE,,NOT_VERIFIED_DO_NOT_INFER,Benfica,Alverca,2,1,H,EVALUATION_ONLY_JOIN_AFTER_PREMATCH_FEATURE_FREEZE,1.15,6.79,15.27,EXTERNAL_HISTORICAL_MARKET_BENCHMARK,NOT_AVAILABLE,NOT_GOLDBET,a579b1f1e1e11b0bcb4b5133d70c8ad5344e0e21f66796b371b656e7b110997f,1655.186374998246,1481.3445823443828,173.8417926538632,0.8000000000000003,2.8,1.6,-20.360611059909616,122,20,False
120c69d6d4e320a5b50ff3ff,Primeira Liga,2025/2026,HOLDOUT,2026-02-09,18:45,MATCH_KICKOFF_TIME_TIMEZONE_NOT_STATED_BY_SOURCE,,NOT_VERIFIED_DO_NOT_INFER,Famalicao,AVS,3,1,H,EVALUATION_ONLY_JOIN_AFTER_PREMATCH_FEATURE_FREEZE,1.46,4.12,6.61,EXTERNAL_HISTORICAL_MARKET_BENCHMARK,NOT_AVAILABLE,NOT_GOLDBET,3369c943933da36bea3309f8c9743440efb9039adb16f316071ed825b93d7684,1508.3904875137737,1362.989026237839,145.4014612759347,1.0,1.2000000000000002,1.0,-57.44322158527848,122,54,False
e83bf3b6930e238664d34efe,Primeira Liga,2025/2026,HOLDOUT,2026-02-09,20:45,MATCH_KICKOFF_TIME_TIMEZONE_NOT_STATED_BY_SOURCE,,NOT_VERIFIED_DO_NOT_INFER,Porto,Sp Lisbon,1,1,D,EVALUATION_ONLY_JOIN_AFTER_PREMATCH_FEATURE_FREEZE,2.45,3.11,2.86,EXTERNAL_HISTORICAL_MARKET_BENCHMARK,NOT_AVAILABLE,NOT_GOLDBET,d295c4315c9427085a894b8ac936e445986320916ce8a5ce96a116e57b13f9d5,1670.153896035082,1677.525568926966,-7.371672891883918,-0.20000000000000018,-0.6000000000000001,0.7999999999999998,1.1708215312810353,122,122,False
bc2c543cbfa50a3a1e1a8b27,Primeira Liga,2025/2026,HOLDOUT,2026-02-13,18:30,MATCH_KICKOFF_TIME_TIMEZONE_NOT_STATED_BY_SOURCE,,NOT_VERIFIED_DO_NOT_INFER,Santa Clara,Benfica,1,2,A,EVALUATION_ONLY_JOIN_AFTER_PREMATCH_FEATURE_FREEZE,6.18,3.71,1.54,EXTERNAL_HISTORICAL_MARKET_BENCHMARK,NOT_AVAILABLE,NOT_GOLDBET,d2fc0b40845abbfde5dded0d4d19f457b5cf94fb48bc7d98c3718ad63f923c6f,1444.1234486560681,1659.3165439802744,-215.1930953242063,-2.4,-2.8,-1.4000000000000001,15.197946395777308,89,123,False
2d4bcfe4447d7269ca376c49,Primeira Liga,2025/2026,HOLDOUT,2026-02-13,20:45,MATCH_KICKOFF_TIME_TIMEZONE_NOT_STATED_BY_SOURCE,,NOT_VERIFIED_DO_NOT_INFER,Tondela,Alverca,1,1,D,EVALUATION_ONLY_JOIN_AFTER_PREMATCH_FEATURE_FREEZE,2.5,2.98,2.91,EXTERNAL_HISTORICAL_MARKET_BENCHMARK,NOT_AVAILABLE,NOT_GOLDBET,ef9c8f041dfef4140b44cf47ad8c54eeda78edf30fa1987ef3fc5dc8340fa60e,1435.2087474343969,1477.2144133623544,-42.00566592795758,-0.9999999999999999,-0.19999999999999996,0.20000000000000007,13.240494031495246,21,21,False
6def856fa72b31b5eec43dfc,Primeira Liga,2025/2026,HOLDOUT,2026-02-14,15:30,MATCH_KICKOFF_TIME_TIMEZONE_NOT_STATED_BY_SOURCE,,NOT_VERIFIED_DO_NOT_INFER,Casa Pia,Arouca,3,2,H,EVALUATION_ONLY_JOIN_AFTER_PREMATCH_FEATURE_FREEZE,2.85,3.11,2.46,EXTERNAL_HISTORICAL_MARKET_BENCHMARK,NOT_AVAILABLE,NOT_GOLDBET,e370830d8e86a642f1fa4be886bcf90510f4224433ab7ca55c7ab2ff6516730e,1460.0717699437691,1473.2867136664938,-13.214943722724684,-0.8,-1.2000000000000002,-0.19999999999999996,34.6459586379417,123,123,False
e54fa2c1639989571d2633eb,Primeira Liga,2025/2026,HOLDOUT,2026-02-14,18:00,MATCH_KICKOFF_TIME_TIMEZONE_NOT_STATED_BY_SOURCE,,NOT_VERIFIED_DO_NOT_INFER,Guimaraes,Estrela,2,1,H,EVALUATION_ONLY_JOIN_AFTER_PREMATCH_FEATURE_FREEZE,1.57,3.67,5.86,EXTERNAL_HISTORICAL_MARKET_BENCHMARK,NOT_AVAILABLE,NOT_GOLDBET,892dcfff625b62caf763e6265f42843a1c1932d362ee2b8b01cbe9a9c035c851,1512.5531795857833,1459.8454345081561,52.70774507762712,0.19999999999999996,1.2000000000000002,0.5999999999999999,-8.131668682443433,123,89,False
871042a770ae518457425c04,Primeira Liga,2025/2026,HOLDOUT,2026-02-14,20:30,MATCH_KICKOFF_TIME_TIMEZONE_NOT_STATED_BY_SOURCE,,NOT_VERIFIED_DO_NOT_INFER,Gil Vicente,Sp Braga,2,1,H,EVALUATION_ONLY_JOIN_AFTER_PREMATCH_FEATURE_FREEZE,3.98,3.14,1.95,EXTERNAL_HISTORICAL_MARKET_BENCHMARK,NOT_AVAILABLE,NOT_GOLDBET,2ecd37bf6a92c570dbdd74770581fa7d0840ba1cc3a321188b39d6cc66efd46c,1536.118407352762,1592.307903075766,-56.18949572300403,-0.6000000000000001,-1.8,-0.3999999999999999,120.07742386107066,123,123,False
cf69adf8f8a68babf8c45ac8,Primeira Liga,2025/2026,HOLDOUT,2026-02-15,15:30,MATCH_KICKOFF_TIME_TIMEZONE_NOT_STATED_BY_SOURCE,,NOT_VERIFIED_DO_NOT_INFER,Nacional,Porto,0,1,A,EVALUATION_ONLY_JOIN_AFTER_PREMATCH_FEATURE_FREEZE,7.58,4.46,1.38,EXTERNAL_HISTORICAL_MARKET_BENCHMARK,NOT_AVAILABLE,NOT_GOLDBET,2b520763821e14c747f585c59bebd7a955b1e26e957c1cf4e0f302661d8047c8,1452.2625643690358,1668.6506111566334,-216.38804678759766,-1.0,-0.4,-0.7999999999999998,-10.193379669128262,55,123,False
e2ed50013f7297b2ddcd8b97,Primeira Liga,2025/2026,HOLDOUT,2026-02-15,18:00,MATCH_KICKOFF_TIME_TIMEZONE_NOT_STATED_BY_SOURCE,,NOT_VERIFIED_DO_NOT_INFER,AVS,Estoril,3,0,H,EVALUATION_ONLY_JOIN_AFTER_PREMATCH_FEATURE_FREEZE,4.1,3.84,1.73,EXTERNAL_HISTORICAL_MARKET_BENCHMARK,NOT_AVAILABLE,NOT_GOLDBET,ea087b156be4b6768ab54ae3dee599ad0ea79f381d98397826b67069a769b1d1,1358.2965565579093,1519.2812131501305,-160.9846565922212,-1.8,-3.2,-1.0,-8.416300913019086,55,123,False
1a27ef0d767d36de82dd9113,Primeira Liga,2025/2026,HOLDOUT,2026-02-15,20:30,MATCH_KICKOFF_TIME_TIMEZONE_NOT_STATED_BY_SOURCE,,NOT_VERIFIED_DO_NOT_INFER,Sp Lisbon,Famalicao,1,0,H,EVALUATION_ONLY_JOIN_AFTER_PREMATCH_FEATURE_FREEZE,1.29,5.08,9.17,EXTERNAL_HISTORICAL_MARKET_BENCHMARK,NOT_AVAILABLE,NOT_GOLDBET,b71f36011850862676bd596434555c85d738f645cd3b85d52e84e13c24cd5a7a,1679.0288538054144,1513.0829571937034,165.94589661171108,0.40000000000000013,1.0,2.2,56.36688772644584,123,123,False
e84adcbb71847343ad4ed524,Primeira Liga,2025/2026,HOLDOUT,2026-02-16,20:15,MATCH_KICKOFF_TIME_TIMEZONE_NOT_STATED_BY_SOURCE,,NOT_VERIFIED_DO_NOT_INFER,Rio Ave,Moreirense,1,2,A,EVALUATION_ONLY_JOIN_AFTER_PREMATCH_FEATURE_FREEZE,3.31,3.12,2.18,EXTERNAL_HISTORICAL_MARKET_BENCHMARK,NOT_AVAILABLE,NOT_GOLDBET,b0082030b19682dd357a5747bf58734d94ef329071256640f9ed6ec55fc71886,1455.1904620584482,1491.9192124148583,-36.728750356410046,-0.6,-1.8,-0.19999999999999996,31.211747921120377,123,89,False
309a959bb369fbc52ecc27d0,Primeira Liga,2025/2026,HOLDOUT,2026-02-20,20:45,MATCH_KICKOFF_TIME_TIMEZONE_NOT_STATED_BY_SOURCE,,NOT_VERIFIED_DO_NOT_INFER,Estrela,Tondela,0,2,A,EVALUATION_ONLY_JOIN_AFTER_PREMATCH_FEATURE_FREEZE,2.73,2.97,2.65,EXTERNAL_HISTORICAL_MARKET_BENCHMARK,NOT_AVAILABLE,NOT_GOLDBET,c1e696ff286a3bb20ba9ba6285b14f38e50abb6df0dc5809b6b09b3f38b88931,1452.9802250839653,1434.6912914582917,18.288933625673508,0.20000000000000007,-1.0,0.8,-27.87845853723229,90,22,False
de6c0d926ce04321ae74be41,Primeira Liga,2025/2026,HOLDOUT,2026-02-21,15:30,MATCH_KICKOFF_TIME_TIMEZONE_NOT_STATED_BY_SOURCE,,NOT_VERIFIED_DO_NOT_INFER,Alverca,Santa Clara,1,1,D,EVALUATION_ONLY_JOIN_AFTER_PREMATCH_FEATURE_FREEZE,3.06,2.92,2.42,EXTERNAL_HISTORICAL_MARKET_BENCHMARK,NOT_AVAILABLE,NOT_GOLDBET,cf29ab53949f4c72ce0e91890eabad36d8204c01b5d7470f3244ac1825310ae1,1477.7318693384595,1438.315123564367,39.41674577409253,1.0,0.19999999999999996,1.6,0.10762230344698764,22,90,False
992b56033ebc4acf598ac710,Primeira Liga,2025/2026,HOLDOUT,2026-02-21,15:30,MATCH_KICKOFF_TIME_TIMEZONE_NOT_STATED_BY_SOURCE,,NOT_VERIFIED_DO_NOT_INFER,Arouca,Nacional,3,0,H,EVALUATION_ONLY_JOIN_AFTER_PREMATCH_FEATURE_FREEZE,2.15,3.28,3.22,EXTERNAL_HISTORICAL_MARKET_BENCHMARK,NOT_AVAILABLE,NOT_GOLDBET,389808c7b5c27a7b2a997bede184a6d96c45437bd0482a37f3ea2370a856eb86,1464.625215317456,1446.4825488407623,18.14266647669365,1.0,0.39999999999999997,1.2,-59.90991563202715,124,56,False
65c5b891b20b8cd167b20488,Primeira Liga,2025/2026,HOLDOUT,2026-02-21,18:00,MATCH_KICKOFF_TIME_TIMEZONE_NOT_STATED_BY_SOURCE,,NOT_VERIFIED_DO_NOT_INFER,Benfica,AVS,3,0,H,EVALUATION_ONLY_JOIN_AFTER_PREMATCH_FEATURE_FREEZE,1.09,8.9,20.34,EXTERNAL_HISTORICAL_MARKET_BENCHMARK,NOT_AVAILABLE,NOT_GOLDBET,05126776afde506330d1d388d36b5e992a15129c79d954f0347dd916dfe7e359,1665.1248690719756,1371.1239524870655,294.0009165849101,1.8,2.4000000000000004,2.4,-42.09169343593203,124,56,False
c0552b46ee583a20ecc71372,Primeira Liga,2025/2026,HOLDOUT,2026-02-21,18:00,MATCH_KICKOFF_TIME_TIMEZONE_NOT_STATED_BY_SOURCE,,NOT_VERIFIED_DO_NOT_INFER,Moreirense,Sp Lisbon,0,3,A,EVALUATION_ONLY_JOIN_AFTER_PREMATCH_FEATURE_FREEZE,11.09,5.67,1.23,EXTERNAL_HISTORICAL_MARKET_BENCHMARK,NOT_AVAILABLE,NOT_GOLDBET,56cc3487662cc066bf583464223e7ef7074242707b2f55f085bcd8c334cb2abd,1502.5880129680204,1683.3099695881976,-180.72195662017725,-1.4000000000000001,-1.4,-0.40000000000000013,-20.577195160009524,90,124,False
14e1c438d00f2ff60fcd0f27,Primeira Liga,2025/2026,HOLDOUT,2026-02-21,20:30,MATCH_KICKOFF_TIME_TIMEZONE_NOT_STATED_BY_SOURCE,,NOT_VERIFIED_DO_NOT_INFER,Sp Braga,Guimaraes,3,2,H,EVALUATION_ONLY_JOIN_AFTER_PREMATCH_FEATURE_FREEZE,1.49,3.98,6.31,EXTERNAL_HISTORICAL_MARKET_BENCHMARK,NOT_AVAILABLE,NOT_GOLDBET,37b107310f84abc9b2a219de1ab34cb24cb84a87fa7a807f582c04e832e5bde3,1582.4175738078168,1519.418389009974,62.99918479784287,1.2,2.8,1.2000000000000002,-63.077836748567506,124,124,False
21513618087ebeecaa35abf1,Primeira Liga,2025/2026,HOLDOUT,2026-02-22,18:00,MATCH_KICKOFF_TIME_TIMEZONE_NOT_STATED_BY_SOURCE,,NOT_VERIFIED_DO_NOT_INFER,Estoril,Gil Vicente,3,1,H,EVALUATION_ONLY_JOIN_AFTER_PREMATCH_FEATURE_FREEZE,3.04,3.34,2.22,EXTERNAL_HISTORICAL_MARKET_BENCHMARK,NOT_AVAILABLE,NOT_GOLDBET,20af0f87d609a3e612dbc82d6c55dfc026dfeaf231a1acc8b49fb3b1cab65170,1506.4538172209743,1546.0087366207113,-39.554919399736946,-0.3999999999999999,0.19999999999999996,1.0000000000000002,-101.72507647984662,124,124,False
40bf72f777f0e2accd8b7869,Primeira Liga,2025/2026,HOLDOUT,2026-02-22,20:30,MATCH_KICKOFF_TIME_TIMEZONE_NOT_STATED_BY_SOURCE,,NOT_VERIFIED_DO_NOT_INFER,Porto,Rio Ave,1,0,H,EVALUATION_ONLY_JOIN_AFTER_PREMATCH_FEATURE_FREEZE,1.11,8.05,18.53,EXTERNAL_HISTORICAL_MARKET_BENCHMARK,NOT_AVAILABLE,NOT_GOLDBET,2e15dbe7b457614fc3f9852b5b985bd0950f0c31c463e9a3dc777ff1b38c38ba,1674.4306266849069,1444.5216615052861,229.90896517962074,2.0,3.4000000000000004,1.8,-0.3296177004881429,124,124,False
f8a2049baf328ca2092124de,Primeira Liga,2025/2026,HOLDOUT,2026-02-23,20:15,MATCH_KICKOFF_TIME_TIMEZONE_NOT_STATED_BY_SOURCE,,NOT_VERIFIED_DO_NOT_INFER,Famalicao,Casa Pia,2,0,H,EVALUATION_ONLY_JOIN_AFTER_PREMATCH_FEATURE_FREEZE,1.53,3.84,6.01,EXTERNAL_HISTORICAL_MARKET_BENCHMARK,NOT_AVAILABLE,NOT_GOLDBET,54252929c27bafedb57d421bc16adcf427c21602da1da163b24e8f9764c8df36,1508.8018414109201,1468.733268292807,40.068573118113136,0.19999999999999996,0.2,1.0,-33.82424492424752,124,124,False
610c1a90e4c95e191217760e,Primeira Liga,2025/2026,HOLDOUT,2026-02-27,18:45,MATCH_KICKOFF_TIME_TIMEZONE_NOT_STATED_BY_SOURCE,,NOT_VERIFIED_DO_NOT_INFER,Porto,Arouca,3,1,H,EVALUATION_ONLY_JOIN_AFTER_PREMATCH_FEATURE_FREEZE,1.2,6.07,12.58,EXTERNAL_HISTORICAL_MARKET_BENCHMARK,NOT_AVAILABLE,NOT_GOLDBET,ba7bfedbd43ddd52e181be81bb187c60ace2c1eff01de88280482cbb878426aa,1677.6021775529227,1472.4132611589755,205.18891639394724,0.19999999999999996,-0.19999999999999996,1.2000000000000002,-6.150504601811917,125,125,False
f646b65a2159593cdc5d4ca3,Primeira Liga,2025/2026,HOLDOUT,2026-02-27,20:45,MATCH_KICKOFF_TIME_TIMEZONE_NOT_STATED_BY_SOURCE,,NOT_VERIFIED_DO_NOT_INFER,Sp Lisbon,Estoril,3,0,H,EVALUATION_ONLY_JOIN_AFTER_PREMATCH_FEATURE_FREEZE,1.17,7.11,11.58,EXTERNAL_HISTORICAL_MARKET_BENCHMARK,NOT_AVAILABLE,NOT_GOLDBET,7fe7ee82ce3f4790bbdab970274a333c6cd48b3e495597e2ef86ff0d57954c5a,1689.9687085535222,1515.8660387973284,174.1026697561938,0.6000000000000001,0.6,1.8,55.7385060508052,125,125,False
870d742817a5360016eb3810,Primeira Liga,2025/2026,HOLDOUT,2026-02-28,15:30,MATCH_KICKOFF_TIME_TIMEZONE_NOT_STATED_BY_SOURCE,,NOT_VERIFIED_DO_NOT_INFER,AVS,Estrela,0,0,D,EVALUATION_ONLY_JOIN_AFTER_PREMATCH_FEATURE_FREEZE,2.72,3.21,2.47,EXTERNAL_HISTORICAL_MARKET_BENCHMARK,NOT_AVAILABLE,NOT_GOLDBET,eced7926859958b3844d89725c9de554879a51b4daedb9af0900957a767f922e,1368.8181195804812,1440.7642673714288,-71.94614779094763,0.0,0.0,0.0,36.36670166200679,57,91,False
fe343c2e4698fc0bc029a301,Primeira Liga,2025/2026,HOLDOUT,2026-02-28,18:00,MATCH_KICKOFF_TIME_TIMEZONE_NOT_STATED_BY_SOURCE,,NOT_VERIFIED_DO_NOT_INFER,Nacional,Sp Braga,1,2,A,EVALUATION_ONLY_JOIN_AFTER_PREMATCH_FEATURE_FREEZE,5.84,4.19,1.49,EXTERNAL_HISTORICAL_MARKET_BENCHMARK,NOT_AVAILABLE,NOT_GOLDBET,c09b1a1912eec52443cbcc38295f4c79c77f036e6a365e9f06f00c16f0c0884b,1438.6945029992428,1589.018214281787,-150.3237112825443,-1.5999999999999999,-2.6,0.20000000000000018,74.60187910524769,57,125,False
0b97670aa7995846251181a2,Primeira Liga,2025/2026,HOLDOUT,2026-02-28,20:30,MATCH_KICKOFF_TIME_TIMEZONE_NOT_STATED_BY_SOURCE,,NOT_VERIFIED_DO_NOT_INFER,Guimaraes,Alverca,1,1,D,EVALUATION_ONLY_JOIN_AFTER_PREMATCH_FEATURE_FREEZE,1.72,3.52,4.6,EXTERNAL_HISTORICAL_MARKET_BENCHMARK,NOT_AVAILABLE,NOT_GOLDBET,2f1f04615c194ba2df1e04121379c8680ffb171c19069ca45ca573000d480628,1512.8177485360036,1474.946046657347,37.871701878656495,0.6,0.7999999999999999,1.6,-6.3560242655405546,125,23,False
64a4186efe450e0706f2c738,Primeira Liga,2025/2026,HOLDOUT,2026-03-01,15:30,MATCH_KICKOFF_TIME_TIMEZONE_NOT_STATED_BY_SOURCE,,NOT_VERIFIED_DO_NOT_INFER,Tondela,Santa Clara,2,2,D,EVALUATION_ONLY_JOIN_AFTER_PREMATCH_FEATURE_FREEZE,3.05,2.84,2.48,EXTERNAL_HISTORICAL_MARKET_BENCHMARK,NOT_AVAILABLE,NOT_GOLDBET,acb2c4c945ff98c1352cda9bba6f5d51bbf3d55f9f464bb914696471cf6f5f25,1446.9072491708282,1441.1009462454795,5.806302925348746,1.0,0.8,0.6,3.6584840993589296,23,91,False
50dc76e24c3b5e6013f2c945,Primeira Liga,2025/2026,HOLDOUT,2026-03-01,18:00,MATCH_KICKOFF_TIME_TIMEZONE_NOT_STATED_BY_SOURCE,,NOT_VERIFIED_DO_NOT_INFER,Casa Pia,Moreirense,1,1,D,EVALUATION_ONLY_JOIN_AFTER_PREMATCH_FEATURE_FREEZE,2.68,2.9,2.75,EXTERNAL_HISTORICAL_MARKET_BENCHMARK,NOT_AVAILABLE,NOT_GOLDBET,8d9c75222811713ace07aaf36029eb2df44a729356e5c1cc0e31a29ba1cb747d,1461.5363870000322,1495.9292740026958,-34.392887002663656,0.40000000000000013,0.6,0.40000000000000013,-32.41798826592162,125,91,False
a8f47225233df1414a4f2e84,Primeira Liga,2025/2026,HOLDOUT,2026-03-01,20:30,MATCH_KICKOFF_TIME_TIMEZONE_NOT_STATED_BY_SOURCE,,NOT_VERIFIED_DO_NOT_INFER,Rio Ave,Famalicao,0,0,D,EVALUATION_ONLY_JOIN_AFTER_PREMATCH_FEATURE_FREEZE,3.9,3.6,1.82,EXTERNAL_HISTORICAL_MARKET_BENCHMARK,NOT_AVAILABLE,NOT_GOLDBET,2ffd49b06ac2d6e375c31ccb38671123bd543510f023bdfbca8236dad43aa1bd,1441.3501106372703,1515.998722703695,-74.64861206642468,-1.8,-2.6,0.0,38.46982933688628,125,125,False
f532873a463d072641ca8442,Primeira Liga,2025/2026,HOLDOUT,2026-03-02,20:15,MATCH_KICKOFF_TIME_TIMEZONE_NOT_STATED_BY_SOURCE,,NOT_VERIFIED_DO_NOT_INFER,Gil Vicente,Benfica,1,2,A,EVALUATION_ONLY_JOIN_AFTER_PREMATCH_FEATURE_FREEZE,5.71,3.91,1.54,EXTERNAL_HISTORICAL_MARKET_BENCHMARK,NOT_AVAILABLE,NOT_GOLDBET,bc7086d2ed7fd0164b3ef9a3a1cd77d3d8197fc6c4d2459728c6ae41cf07036b,1536.5965150443571,1667.43070197856,-130.83418693420276,-0.8,-1.4,0.0,124.69308945967782,125,125,False
f3c725359f577de17887d33d,Primeira Liga,2025/2026,HOLDOUT,2026-03-06,20:15,MATCH_KICKOFF_TIME_TIMEZONE_NOT_STATED_BY_SOURCE,,NOT_VERIFIED_DO_NOT_INFER,Famalicao,Arouca,1,0,H,EVALUATION_ONLY_JOIN_AFTER_PREMATCH_FEATURE_FREEZE,1.63,3.74,4.97,EXTERNAL_HISTORICAL_MARKET_BENCHMARK,NOT_AVAILABLE,NOT_GOLDBET,e6b450e76535b82d33a6b7fa34967514f8ebfe4300479b68a0fe90a4b59cd725,1515.5773514093644,1468.84328103724,46.73407037212428,-0.40000000000000013,-1.2000000000000002,1.2,-22.085112020271026,126,126,False
f1151da48af3ceaa1adb3d9d,Primeira Liga,2025/2026,HOLDOUT,2026-03-07,15:30,MATCH_KICKOFF_TIME_TIMEZONE_NOT_STATED_BY_SOURCE,,NOT_VERIFIED_DO_NOT_INFER,Alverca,AVS,0,0,D,EVALUATION_ONLY_JOIN_AFTER_PREMATCH_FEATURE_FREEZE,1.64,3.71,4.93,EXTERNAL_HISTORICAL_MARKET_BENCHMARK,NOT_AVAILABLE,NOT_GOLDBET,0ad6ecfe9a6d560efcb9afcb1cbfdb0691bae45e230846dbc76c86ad51580416,1477.6908000188012,1369.161821917241,108.52897810156014,0.0,1.0,1.4000000000000001,-44.90515936083807,24,58,False
8b862062521a2d5a366b6c01,Primeira Liga,2025/2026,HOLDOUT,2026-03-07,15:30,MATCH_KICKOFF_TIME_TIMEZONE_NOT_STATED_BY_SOURCE,,NOT_VERIFIED_DO_NOT_INFER,Moreirense,Nacional,1,1,D,EVALUATION_ONLY_JOIN_AFTER_PREMATCH_FEATURE_FREEZE,2.45,3.1,2.86,EXTERNAL_HISTORICAL_MARKET_BENCHMARK,NOT_AVAILABLE,NOT_GOLDBET,2b5c5d745fb90f0d139ea2f926364c891dba3dc09adca4263a7026bc068bb634,1496.664974295656,1431.2372014710377,65.42777282461839,0.6000000000000001,0.3999999999999999,1.0,-43.10828552411135,92,58,False
5fabd89f38f4a11f31ce5f36,Primeira Liga,2025/2026,HOLDOUT,2026-03-07,18:00,MATCH_KICKOFF_TIME_TIMEZONE_NOT_STATED_BY_SOURCE,,NOT_VERIFIED_DO_NOT_INFER,Sp Braga,Sp Lisbon,2,2,D,EVALUATION_ONLY_JOIN_AFTER_PREMATCH_FEATURE_FREEZE,3.58,3.43,1.96,EXTERNAL_HISTORICAL_MARKET_BENCHMARK,NOT_AVAILABLE,NOT_GOLDBET,a3df938c110b5c8e8a0a27b90a8b90e8e285d6435cd559fc8bccca83c00e9f26,1596.4755158099922,1694.0939581559674,-97.61844234597515,-0.20000000000000018,0.0,0.3999999999999999,-67.10822431109523,126,126,False
be6179f2c4818f862d156662,Primeira Liga,2025/2026,HOLDOUT,2026-03-07,20:30,MATCH_KICKOFF_TIME_TIMEZONE_NOT_STATED_BY_SOURCE,,NOT_VERIFIED_DO_NOT_INFER,Estoril,Casa Pia,0,0,D,EVALUATION_ONLY_JOIN_AFTER_PREMATCH_FEATURE_FREEZE,1.69,3.73,4.43,EXTERNAL_HISTORICAL_MARKET_BENCHMARK,NOT_AVAILABLE,NOT_GOLDBET,61de7bbe1b7313e9808501888847b5accd20ff79ff47d20f2474af1482139e11,1511.7407891948833,1460.800686707072,50.94010248781137,-0.20000000000000018,-0.4,1.8,-25.745919703425216,126,126,False
7e091583a857f31200b1dabc,Primeira Liga,2025/2026,HOLDOUT,2026-03-08,15:30,MATCH_KICKOFF_TIME_TIMEZONE_NOT_STATED_BY_SOURCE,,NOT_VERIFIED_DO_NOT_INFER,Estrela,Gil Vicente,2,2,D,EVALUATION_ONLY_JOIN_AFTER_PREMATCH_FEATURE_FREEZE,4.02,3.27,1.9,EXTERNAL_HISTORICAL_MARKET_BENCHMARK,NOT_AVAILABLE,NOT_GOLDBET,60991e19336b534e72a71e911b98fa0824fcdb98d9e52426370f2143e23720fc,1440.420565034669,1528.607500920608,-88.18693588593896,-0.8,-1.2000000000000002,0.0,-106.67214046962181,92,126,False
1c2af9908c62150baa73bc20,Primeira Liga,2025/2026,HOLDOUT,2026-03-08,18:00,MATCH_KICKOFF_TIME_TIMEZONE_NOT_STATED_BY_SOURCE,,NOT_VERIFIED_DO_NOT_INFER,Benfica,Porto,2,2,D,EVALUATION_ONLY_JOIN_AFTER_PREMATCH_FEATURE_FREEZE,1.93,3.14,4.05,EXTERNAL_HISTORICAL_MARKET_BENCHMARK,NOT_AVAILABLE,NOT_GOLDBET,b4962a6261cf90b979fb6f3a743a5c85ef6234a6ab096cca87814c31fc7b136c,1675.4197161023092,1681.1721576746581,-5.752441572348971,0.6000000000000001,0.6,0.6000000000000001,-46.15271722511034,126,126,False
07faf9426e8858b201063143,Primeira Liga,2025/2026,HOLDOUT,2026-03-08,20:30,MATCH_KICKOFF_TIME_TIMEZONE_NOT_STATED_BY_SOURCE,,NOT_VERIFIED_DO_NOT_INFER,Santa Clara,Guimaraes,2,0,H,EVALUATION_ONLY_JOIN_AFTER_PREMATCH_FEATURE_FREEZE,2.41,2.99,3.01,EXTERNAL_HISTORICAL_MARKET_BENCHMARK,NOT_AVAILABLE,NOT_GOLDBET,4d1a67dd7c2d30ca2f8a27fbbcd801641f56b29ec1ffb6e34b3583b627215661,1442.9726747766172,1510.0729951745495,-67.10032039793236,-0.9999999999999999,-0.8,-0.6000000000000001,11.37701021783073,92,126,False
5721afb1a2d5a4d03e80f718,Primeira Liga,2025/2026,HOLDOUT,2026-03-09,20:15,MATCH_KICKOFF_TIME_TIMEZONE_NOT_STATED_BY_SOURCE,,NOT_VERIFIED_DO_NOT_INFER,Tondela,Rio Ave,0,1,A,EVALUATION_ONLY_JOIN_AFTER_PREMATCH_FEATURE_FREEZE,2.07,3.24,3.44,EXTERNAL_HISTORICAL_MARKET_BENCHMARK,NOT_AVAILABLE,NOT_GOLDBET,b58c9467fe69acd368a52096eb435875a6e7a6088921c6d8b00509042dfe2236,1445.0355206396905,1441.7714819316009,3.264038708089629,1.2,2.0,1.0,-33.215286153347506,24,126,False
98024a4592a5606b8d9ed477,Primeira Liga,2025/2026,HOLDOUT,2026-03-14,15:30,MATCH_KICKOFF_TIME_TIMEZONE_NOT_STATED_BY_SOURCE,,NOT_VERIFIED_DO_NOT_INFER,Guimaraes,Famalicao,1,2,A,EVALUATION_ONLY_JOIN_AFTER_PREMATCH_FEATURE_FREEZE,2.42,3.2,2.79,EXTERNAL_HISTORICAL_MARKET_BENCHMARK,NOT_AVAILABLE,NOT_GOLDBET,11016ec431ebabdc146fecdd91b7748af3f6ae42e719a56da1333aa05ee8e77a,1499.8686599714865,1522.5984257237455,-22.729765752259027,-1.2,-1.4,1.2,0.509261151903047,127,127,False
32ec15aaca5683484d6d7250,Primeira Liga,2025/2026,HOLDOUT,2026-03-14,18:00,MATCH_KICKOFF_TIME_TIMEZONE_NOT_STATED_BY_SOURCE,,NOT_VERIFIED_DO_NOT_INFER,Gil Vicente,Alverca,2,2,D,EVALUATION_ONLY_JOIN_AFTER_PREMATCH_FEATURE_FREEZE,1.68,3.48,5.01,EXTERNAL_HISTORICAL_MARKET_BENCHMARK,NOT_AVAILABLE,NOT_GOLDBET,d506995709c65ccc22e767f4ad87fdb07453f22f642a6404f0e9770850f5be33,1527.7979909329404,1473.1878887266755,54.610102206264855,0.5999999999999999,0.0,1.6,59.78623099292054,127,25,False
2eef827890f9d2308f1c27b3,Primeira Liga,2025/2026,HOLDOUT,2026-03-14,20:30,MATCH_KICKOFF_TIME_TIMEZONE_NOT_STATED_BY_SOURCE,,NOT_VERIFIED_DO_NOT_INFER,Arouca,Benfica,1,2,A,EVALUATION_ONLY_JOIN_AFTER_PREMATCH_FEATURE_FREEZE,8.93,5.45,1.28,EXTERNAL_HISTORICAL_MARKET_BENCHMARK,NOT_AVAILABLE,NOT_GOLDBET,d57dd90d0e1188ce833671bc96d2916b075d2fe0c5afbd577a43204346cbdee5,1461.822206722859,1673.8709114366227,-212.04870471376375,-1.4000000000000001,-1.2,-0.20000000000000018,21.580793754482784,127,127,False
4141140fb39aa10a60dc8fb4,Primeira Liga,2025/2026,HOLDOUT,2026-03-15,15:30,MATCH_KICKOFF_TIME_TIMEZONE_NOT_STATED_BY_SOURCE,,NOT_VERIFIED_DO_NOT_INFER,AVS,Santa Clara,0,1,A,EVALUATION_ONLY_JOIN_AFTER_PREMATCH_FEATURE_FREEZE,4.37,3.26,1.83,EXTERNAL_HISTORICAL_MARKET_BENCHMARK,NOT_AVAILABLE,NOT_GOLDBET,08ee15e4e93d4aeef83fa1ca084b254ca69d347e82224fe101e4f4499fe965fd,1373.6647332093667,1453.1770099796802,-79.51227677031352,0.0,-0.4,0.20000000000000007,13.138595483884274,59,93,False
40c2f75dde94dae3e93918d0,Primeira Liga,2025/2026,HOLDOUT,2026-03-15,15:30,MATCH_KICKOFF_TIME_TIMEZONE_NOT_STATED_BY_SOURCE,,NOT_VERIFIED_DO_NOT_INFER,Nacional,Estoril,0,1,A,EVALUATION_ONLY_JOIN_AFTER_PREMATCH_FEATURE_FREEZE,2.27,3.53,2.79,EXTERNAL_HISTORICAL_MARKET_BENCHMARK,NOT_AVAILABLE,NOT_GOLDBET,e819b0d1434e26e5677ca0a79d1e53f1e8bc6cfe26c329cc643f9af61c58291a,1434.6982363838322,1508.6519487284852,-73.95371234465301,-0.6,-0.19999999999999996,-0.19999999999999996,38.25816613110169,59,127,False
71b12bc14b0197450f1be516,Primeira Liga,2025/2026,HOLDOUT,2026-03-15,18:00,MATCH_KICKOFF_TIME_TIMEZONE_NOT_STATED_BY_SOURCE,,NOT_VERIFIED_DO_NOT_INFER,Rio Ave,Estrela,2,1,H,EVALUATION_ONLY_JOIN_AFTER_PREMATCH_FEATURE_FREEZE,2.27,3.19,3.08,EXTERNAL_HISTORICAL_MARKET_BENCHMARK,NOT_AVAILABLE,NOT_GOLDBET,03a1106a33f8f04d348976f9612f3181a463affabf85252cb06000a99dde4a7d,1453.5725061356873,1441.2300750223365,12.342431113350813,-0.19999999999999996,-0.4,-0.19999999999999996,83.49966885904314,127,93,False
031b8d90c2db794a9517410a,Primeira Liga,2025/2026,HOLDOUT,2026-03-15,20:30,MATCH_KICKOFF_TIME_TIMEZONE_NOT_STATED_BY_SOURCE,,NOT_VERIFIED_DO_NOT_INFER,Porto,Moreirense,3,0,H,EVALUATION_ONLY_JOIN_AFTER_PREMATCH_FEATURE_FREEZE,1.19,6.04,14.34,EXTERNAL_HISTORICAL_MARKET_BENCHMARK,NOT_AVAILABLE,NOT_GOLDBET,d3abff4737b39a35304a8ccadfcabb41f5966d7836877f51a8c1a8801ba9c815,1682.7209623403446,1493.2039393828616,189.51702295748305,1.2000000000000002,1.4,1.2000000000000002,33.16782325642498,127,93,False
312045070844a5bdb1a56414,Primeira Liga,2025/2026,HOLDOUT,2026-03-20,20:15,MATCH_KICKOFF_TIME_TIMEZONE_NOT_STATED_BY_SOURCE,,NOT_VERIFIED_DO_NOT_INFER,Estrela,Casa Pia,4,0,H,EVALUATION_ONLY_JOIN_AFTER_PREMATCH_FEATURE_FREEZE,2.5,3.04,2.84,EXTERNAL_HISTORICAL_MARKET_BENCHMARK,NOT_AVAILABLE,NOT_GOLDBET,4216009d89786143e9d1b695f8fd3415074af81d552844a641752623823a409d,1433.282679502932,1463.88952717347,-30.606847670537945,-0.7999999999999999,-0.6000000000000001,0.6,-29.071670652799412,94,127,False
4e0e6286b6eb5edbaf4e0f78,Primeira Liga,2025/2026,HOLDOUT,2026-03-21,15:30,MATCH_KICKOFF_TIME_TIMEZONE_NOT_STATED_BY_SOURCE,,NOT_VERIFIED_DO_NOT_INFER,Famalicao,Nacional,1,0,H,EVALUATION_ONLY_JOIN_AFTER_PREMATCH_FEATURE_FREEZE,1.55,4.03,5.3,EXTERNAL_HISTORICAL_MARKET_BENCHMARK,NOT_AVAILABLE,NOT_GOLDBET,61ba82a623889db079ea08d6ba43c6f12ef370ad2fc013242c50bcf3f5cbbee6,1533.6670534099508,1425.0996407124737,108.56741269747704,1.8,1.7999999999999998,2.1999999999999997,-33.95735800716011,128,60,False
b09f89f127747d5440de1917,Primeira Liga,2025/2026,HOLDOUT,2026-03-21,15:30,MATCH_KICKOFF_TIME_TIMEZONE_NOT_STATED_BY_SOURCE,,NOT_VERIFIED_DO_NOT_INFER,Moreirense,Arouca,0,1,A,EVALUATION_ONLY_JOIN_AFTER_PREMATCH_FEATURE_FREEZE,2.65,3.14,2.6,EXTERNAL_HISTORICAL_MARKET_BENCHMARK,NOT_AVAILABLE,NOT_GOLDBET,9a44e73e76d8348aeb90d12e015df843100eda02492d423684310093e2c10b82,1489.3616700304472,1455.9389982361354,33.42267179431178,0.4,-0.6,0.19999999999999996,-11.921955345076412,94,128,False
18ca2916950910e15bd25b94,Primeira Liga,2025/2026,HOLDOUT,2026-03-21,18:00,MATCH_KICKOFF_TIME_TIMEZONE_NOT_STATED_BY_SOURCE,,NOT_VERIFIED_DO_NOT_INFER,Benfica,Guimaraes,3,0,H,EVALUATION_ONLY_JOIN_AFTER_PREMATCH_FEATURE_FREEZE,1.18,6.58,12.04,EXTERNAL_HISTORICAL_MARKET_BENCHMARK,NOT_AVAILABLE,NOT_GOLDBET,ad7d6885390c68e5dee908887c589b52e7f8d1ff07b889bda4cf847746aa0fb9,1679.7541199233463,1488.8000322852813,190.95408763806495,1.8,1.7999999999999998,2.4,2.4116250222650706,128,128,False
8ce0b28620303a82b634bb30,Primeira Liga,2025/2026,HOLDOUT,2026-03-21,18:00,MATCH_KICKOFF_TIME_TIMEZONE_NOT_STATED_BY_SOURCE,,NOT_VERIFIED_DO_NOT_INFER,Santa Clara,Gil Vicente,1,0,H,EVALUATION_ONLY_JOIN_AFTER_PREMATCH_FEATURE_FREEZE,2.31,2.91,3.26,EXTERNAL_HISTORICAL_MARKET_BENCHMARK,NOT_AVAILABLE,NOT_GOLDBET,2b5b837bdec083b1442d6a6f6fc36cea0a38072138d910a430193a5d98e82461,1462.6159912107748,1524.61391186132,-61.99792065054521,0.6000000000000001,0.8,-0.4,-42.4214970326334,94,128,False
949de9c7897f4df7c5ab07f5,Primeira Liga,2025/2026,HOLDOUT,2026-03-21,20:30,MATCH_KICKOFF_TIME_TIMEZONE_NOT_STATED_BY_SOURCE,,NOT_VERIFIED_DO_NOT_INFER,Tondela,AVS,0,0,D,EVALUATION_ONLY_JOIN_AFTER_PREMATCH_FEATURE_FREEZE,1.8,3.32,4.44,EXTERNAL_HISTORICAL_MARKET_BENCHMARK,NOT_AVAILABLE,NOT_GOLDBET,0188ef5d1cc6ffede09160a9cf9401dcbc8c67c7a40f2e8cc7f03e5278ec4081,1433.2344964356041,1364.225751978272,69.00874445733211,0.19999999999999996,0.4,0.19999999999999996,-43.91332599676957,25,60,False
91407402f0df9e64adf5624c,Primeira Liga,2025/2026,HOLDOUT,2026-03-22,15:30,MATCH_KICKOFF_TIME_TIMEZONE_NOT_STATED_BY_SOURCE,,NOT_VERIFIED_DO_NOT_INFER,Estoril,Rio Ave,1,2,A,EVALUATION_ONLY_JOIN_AFTER_PREMATCH_FEATURE_FREEZE,1.69,3.85,4.31,EXTERNAL_HISTORICAL_MARKET_BENCHMARK,NOT_AVAILABLE,NOT_GOLDBET,5ebac99ccbea2e32bd6d31b87aed7456b8976e14a10c08b3b19b6faeeef6e518,1518.2505443998436,1461.5199016550916,56.730642744752004,0.0,-0.6,1.6,-15.768246528487907,128,128,False
225a8d82f0615f1186d2ab74,Primeira Liga,2025/2026,HOLDOUT,2026-03-22,18:00,MATCH_KICKOFF_TIME_TIMEZONE_NOT_STATED_BY_SOURCE,,NOT_VERIFIED_DO_NOT_INFER,Alverca,Sp Lisbon,1,4,A,EVALUATION_ONLY_JOIN_AFTER_PREMATCH_FEATURE_FREEZE,9.65,5.6,1.24,EXTERNAL_HISTORICAL_MARKET_BENCHMARK,NOT_AVAILABLE,NOT_GOLDBET,18b9f0d805a23b5f561cb18e5c52a612cfd0ccfc3b77a11b6e55d6c82557da95,1476.3719677982958,1693.015423749815,-216.64345595151917,-1.2000000000000002,-1.4,0.0,-102.9729976838355,26,127,False
57566352a0d36d871504b987,Primeira Liga,2025/2026,HOLDOUT,2026-03-22,20:30,MATCH_KICKOFF_TIME_TIMEZONE_NOT_STATED_BY_SOURCE,,NOT_VERIFIED_DO_NOT_INFER,Sp Braga,Porto,1,2,A,EVALUATION_ONLY_JOIN_AFTER_PREMATCH_FEATURE_FREEZE,3.08,3.13,2.29,EXTERNAL_HISTORICAL_MARKET_BENCHMARK,NOT_AVAILABLE,NOT_GOLDBET,64122d019522d37084c7c79aa94d5cf598641d6f39b95ddd144937014422ad52,1597.5540502161446,1686.563231692759,-89.00918147661446,-0.6000000000000001,-0.5999999999999999,0.20000000000000018,22.15584912296299,127,128,False
5cf3569505cf714f8c872cf1,Primeira Liga,2025/2026,HOLDOUT,2026-04-03,15:30,MATCH_KICKOFF_TIME_TIMEZONE_NOT_STATED_BY_SOURCE,,NOT_VERIFIED_DO_NOT_INFER,Gil Vicente,AVS,3,0,H,EVALUATION_ONLY_JOIN_AFTER_PREMATCH_FEATURE_FREEZE,1.36,4.42,8.25,EXTERNAL_HISTORICAL_MARKET_BENCHMARK,NOT_AVAILABLE,NOT_GOLDBET,c41b0df028560b6c08f3ca3bce02d7dc1261e2e5e337fa4e483a34fb671646a2,1514.556407716331,1367.7771835233752,146.77922419295578,-0.19999999999999996,0.0,1.4,16.023504258832645,129,61,False
73caee1bde628152691c37d3,Primeira Liga,2025/2026,HOLDOUT,2026-04-03,18:00,MATCH_KICKOFF_TIME_TIMEZONE_NOT_STATED_BY_SOURCE,,NOT_VERIFIED_DO_NOT_INFER,Guimaraes,Tondela,5,0,H,EVALUATION_ONLY_JOIN_AFTER_PREMATCH_FEATURE_FREEZE,1.83,3.43,4.08,EXTERNAL_HISTORICAL_MARKET_BENCHMARK,NOT_AVAILABLE,NOT_GOLDBET,c3cdb13a1da6ca3ca139b41b2320bd0bd86a43ab4539501a0c43558500719fab,1484.9833760828067,1429.6830648905009,55.3003111923058,-1.0,-1.5999999999999999,0.5999999999999999,105.07920445744003,129,26,False
13bd55c7186e186c6c32738e,Primeira Liga,2025/2026,HOLDOUT,2026-04-03,20:30,MATCH_KICKOFF_TIME_TIMEZONE_NOT_STATED_BY_SOURCE,,NOT_VERIFIED_DO_NOT_INFER,Sp Lisbon,Santa Clara,4,2,H,EVALUATION_ONLY_JOIN_AFTER_PREMATCH_FEATURE_FREEZE,1.32,4.74,8.73,EXTERNAL_HISTORICAL_MARKET_BENCHMARK,NOT_AVAILABLE,NOT_GOLDBET,dacaabe5fc03e7b72e9b2a36dae899096a37114fa147c8a894d7ccf7ac7a326a,1698.78939901967,1472.6734953557639,226.11590366390624,0.3999999999999999,1.2,2.0,54.27874676256306,128,95,False
2a91595dbca3c3c59a7dcca8,Primeira Liga,2025/2026,HOLDOUT,2026-04-04,15:30,MATCH_KICKOFF_TIME_TIMEZONE_NOT_STATED_BY_SOURCE,,NOT_VERIFIED_DO_NOT_INFER,Nacional,Estrela,2,0,H,EVALUATION_ONLY_JOIN_AFTER_PREMATCH_FEATURE_FREEZE,1.82,3.56,4,EXTERNAL_HISTORICAL_MARKET_BENCHMARK,NOT_AVAILABLE,NOT_GOLDBET,91d2ff92d49425e11164b6ab7772af9c2265502c1a6b72ada5ccf426a7d42335,1419.6034338944053,1442.4386891515655,-22.83525525716027,-0.8,-1.4,0.4,68.6096921529595,61,95,False
3f4a5d554e1b18d147e3b4ea,Primeira Liga,2025/2026,HOLDOUT,2026-04-04,18:00,MATCH_KICKOFF_TIME_TIMEZONE_NOT_STATED_BY_SOURCE,,NOT_VERIFIED_DO_NOT_INFER,Moreirense,Sp Braga,0,1,A,EVALUATION_ONLY_JOIN_AFTER_PREMATCH_FEATURE_FREEZE,6.57,3.93,1.48,EXTERNAL_HISTORICAL_MARKET_BENCHMARK,NOT_AVAILABLE,NOT_GOLDBET,097addd90c2d8949bd981a559b25aa924801ff7e1fa28d72ab053f39667a223c,1476.7357340470048,1588.3870667013848,-111.65133265437998,-0.9999999999999999,-1.4,-1.2,-32.02899411499152,95,128,False
717871c9286c6be519a9cbaf,Primeira Liga,2025/2026,HOLDOUT,2026-04-04,18:00,MATCH_KICKOFF_TIME_TIMEZONE_NOT_STATED_BY_SOURCE,,NOT_VERIFIED_DO_NOT_INFER,Rio Ave,Alverca,1,2,A,EVALUATION_ONLY_JOIN_AFTER_PREMATCH_FEATURE_FREEZE,2.69,3.2,2.52,EXTERNAL_HISTORICAL_MARKET_BENCHMARK,NOT_AVAILABLE,NOT_GOLDBET,eba403902cc5babdd6624d5a7a86f71c228cfd4b1a448a4a67ae67e1739677a9,1474.7587198786032,1470.5979925284407,4.16072735016246,1.2,1.0,0.20000000000000007,10.767476150021139,129,27,False
714c37b365a878b255df65d3,Primeira Liga,2025/2026,HOLDOUT,2026-04-04,20:30,MATCH_KICKOFF_TIME_TIMEZONE_NOT_STATED_BY_SOURCE,,NOT_VERIFIED_DO_NOT_INFER,Porto,Famalicao,2,2,D,EVALUATION_ONLY_JOIN_AFTER_PREMATCH_FEATURE_FREEZE,1.38,4.42,7.67,EXTERNAL_HISTORICAL_MARKET_BENCHMARK,NOT_AVAILABLE,NOT_GOLDBET,6313fa5ca1cd77295366cd5c9d117707f35a1df72c969d757a9cfe7c3269f2b4,1695.7302152075188,1539.1632602280192,156.56695497949954,0.0,0.3999999999999999,1.2000000000000002,75.84353354285986,129,129,False
6952a8fb46951beac2f840cf,Primeira Liga,2025/2026,HOLDOUT,2026-04-06,18:45,MATCH_KICKOFF_TIME_TIMEZONE_NOT_STATED_BY_SOURCE,,NOT_VERIFIED_DO_NOT_INFER,Arouca,Estoril,3,2,H,EVALUATION_ONLY_JOIN_AFTER_PREMATCH_FEATURE_FREEZE,2.34,3.51,2.71,EXTERNAL_HISTORICAL_MARKET_BENCHMARK,NOT_AVAILABLE,NOT_GOLDBET,39c8a2cc340cc7844401de8d94a6fb53018e4978489ff3cda25848125ddd4777,1468.5649342195777,1505.011726176332,-36.446791956754396,-0.19999999999999996,0.2,-0.40000000000000013,41.979677869978104,129,129,False
32f3e130aed0b63a21117007,Primeira Liga,2025/2026,HOLDOUT,2026-04-06,20:45,MATCH_KICKOFF_TIME_TIMEZONE_NOT_STATED_BY_SOURCE,,NOT_VERIFIED_DO_NOT_INFER,Casa Pia,Benfica,1,1,D,EVALUATION_ONLY_JOIN_AFTER_PREMATCH_FEATURE_FREEZE,13,6.24,1.18,EXTERNAL_HISTORICAL_MARKET_BENCHMARK,NOT_AVAILABLE,NOT_GOLDBET,68914d39b5c2e98e064a2ef12d060cfebb91d55134c10f80b11148cd207daa76,1454.7335175248365,1683.5707761258209,-228.83725860098434,-1.6,-2.6,-0.8,-23.294713287259356,128,129,False
3df9cea2959fd9fca352c073,Primeira Liga,2025/2026,HOLDOUT,2026-04-10,20:45,MATCH_KICKOFF_TIME_TIMEZONE_NOT_STATED_BY_SOURCE,,NOT_VERIFIED_DO_NOT_INFER,Famalicao,Moreirense,1,1,D,EVALUATION_ONLY_JOIN_AFTER_PREMATCH_FEATURE_FREEZE,1.45,4.1,6.69,EXTERNAL_HISTORICAL_MARKET_BENCHMARK,NOT_AVAILABLE,NOT_GOLDBET,b6f0695519af7f8043ddc3c3948e4e4614292acbb6383c28a75873a0baed22b1,1544.697681974197,1468.2115226915298,76.48615928266713,1.8000000000000003,1.6,2.2,-17.78574163658891,130,96,False
bf42c4e0e10fd4a94b8ea5b4,Primeira Liga,2025/2026,HOLDOUT,2026-04-11,15:30,MATCH_KICKOFF_TIME_TIMEZONE_NOT_STATED_BY_SOURCE,,NOT_VERIFIED_DO_NOT_INFER,AVS,Guimaraes,1,1,D,EVALUATION_ONLY_JOIN_AFTER_PREMATCH_FEATURE_FREEZE,5.42,3.8,1.58,EXTERNAL_HISTORICAL_MARKET_BENCHMARK,NOT_AVAILABLE,NOT_GOLDBET,42165e8d8bc38c54d56159ecc1c6634f4f1c06b67d0a9b6b82c0e2381379c850,1363.1131382509423,1491.7814565753692,-128.668318324427,-0.20000000000000007,-0.6000000000000001,0.8,-46.1062700899422,62,130,False
b773a708750b87df8eddce4b,Primeira Liga,2025/2026,HOLDOUT,2026-04-11,18:00,MATCH_KICKOFF_TIME_TIMEZONE_NOT_STATED_BY_SOURCE,,NOT_VERIFIED_DO_NOT_INFER,Santa Clara,Rio Ave,0,2,A,EVALUATION_ONLY_JOIN_AFTER_PREMATCH_FEATURE_FREEZE,1.72,3.44,4.74,EXTERNAL_HISTORICAL_MARKET_BENCHMARK,NOT_AVAILABLE,NOT_GOLDBET,3b49938c4430cdb9e1347e2d4b89161f25cfa73e6e6fbefe3aea4efb69e5480f,1469.4432410277614,1462.9327357142718,6.5105053134896025,0.0,0.0,0.0,32.58708662834556,96,130,False
1e3b93ae87e6775243f5e87d,Primeira Liga,2025/2026,HOLDOUT,2026-04-11,20:30,MATCH_KICKOFF_TIME_TIMEZONE_NOT_STATED_BY_SOURCE,,NOT_VERIFIED_DO_NOT_INFER,Estrela,Sp Lisbon,0,1,A,EVALUATION_ONLY_JOIN_AFTER_PREMATCH_FEATURE_FREEZE,10.78,6.14,1.21,EXTERNAL_HISTORICAL_MARKET_BENCHMARK,NOT_AVAILABLE,NOT_GOLDBET,f473b06ac16936e6472ed715f4b1a9d52f2eb6bc5a50eab7fbf9d4c9a2d1b985,1433.504315181164,1702.0196533476726,-268.5153381665086,-1.6,-2.0,-0.8000000000000003,-65.89678860494973,96,129,False
126c63d7cb90d426b01418c6,Primeira Liga,2025/2026,HOLDOUT,2026-04-12,15:30,MATCH_KICKOFF_TIME_TIMEZONE_NOT_STATED_BY_SOURCE,,NOT_VERIFIED_DO_NOT_INFER,Alverca,Casa Pia,3,1,H,EVALUATION_ONLY_JOIN_AFTER_PREMATCH_FEATURE_FREEZE,1.9,3.29,3.96,EXTERNAL_HISTORICAL_MARKET_BENCHMARK,NOT_AVAILABLE,NOT_GOLDBET,2a652bba414d4ac1ad7af3d0614db5e63052ad3cddc968626c72b2b730e65611,1482.4239766927722,1459.2434999025231,23.18047679024903,0.6,0.7999999999999999,0.7999999999999999,-11.154731044529854,28,129,False
6e9a3c011c75dea3db025b2e,Primeira Liga,2025/2026,HOLDOUT,2026-04-12,18:00,MATCH_KICKOFF_TIME_TIMEZONE_NOT_STATED_BY_SOURCE,,NOT_VERIFIED_DO_NOT_INFER,Benfica,Nacional,2,0,H,EVALUATION_ONLY_JOIN_AFTER_PREMATCH_FEATURE_FREEZE,1.14,7.2,14.29,EXTERNAL_HISTORICAL_MARKET_BENCHMARK,NOT_AVAILABLE,NOT_GOLDBET,270106fccb428e7812d52f6b80e7c7aaf27bc40ed8dae225270d7e01875fffeb,1679.0607937481343,1428.5378078648068,250.52298588332746,1.4000000000000001,1.2,2.4,10.536709876909526,130,62,False
b185dca109092cb2ef776ec1,Primeira Liga,2025/2026,HOLDOUT,2026-04-12,18:00,MATCH_KICKOFF_TIME_TIMEZONE_NOT_STATED_BY_SOURCE,,NOT_VERIFIED_DO_NOT_INFER,Sp Braga,Arouca,1,0,H,EVALUATION_ONLY_JOIN_AFTER_PREMATCH_FEATURE_FREEZE,1.42,4.35,6.76,EXTERNAL_HISTORICAL_MARKET_BENCHMARK,NOT_AVAILABLE,NOT_GOLDBET,bbd42722ca35fe57042f6a74aff92e878d865812c5bb917eb328f640b63a852e,1596.9112780568598,1477.8880549913476,119.02322306551218,0.8,0.8,0.8,-9.18360414014819,129,130,False
f71f3fc20afb3ece8bc8fba6,Primeira Liga,2025/2026,HOLDOUT,2026-04-12,20:30,MATCH_KICKOFF_TIME_TIMEZONE_NOT_STATED_BY_SOURCE,,NOT_VERIFIED_DO_NOT_INFER,Estoril,Porto,1,3,A,EVALUATION_ONLY_JOIN_AFTER_PREMATCH_FEATURE_FREEZE,6.68,4.61,1.4,EXTERNAL_HISTORICAL_MARKET_BENCHMARK,NOT_AVAILABLE,NOT_GOLDBET,13014f45f4c69be00bdc6ed784c4345341a3d4cf958ea6aa89f1bd90a0ef872f,1495.6886054045622,1690.195793461341,-194.5071880567789,-1.4000000000000001,-2.0,-0.3999999999999999,-52.44035191384296,130,130,False
a4e869753359c903c5857e2d,Primeira Liga,2025/2026,HOLDOUT,2026-04-13,20:15,MATCH_KICKOFF_TIME_TIMEZONE_NOT_STATED_BY_SOURCE,,NOT_VERIFIED_DO_NOT_INFER,Tondela,Gil Vicente,2,2,D,EVALUATION_ONLY_JOIN_AFTER_PREMATCH_FEATURE_FREEZE,4.04,3.29,1.88,EXTERNAL_HISTORICAL_MARKET_BENCHMARK,NOT_AVAILABLE,NOT_GOLDBET,987764a88a3a63d64d78273e92f1edc0e48c72a25a96968efcf8f48ed6278190,1422.8849843979383,1519.220452988764,-96.33546859082571,0.0,-1.0,0.0,-45.274109830386124,27,130,False
75e48db884e3ea33e1454828,Primeira Liga,2025/2026,HOLDOUT,2026-04-17,20:45,MATCH_KICKOFF_TIME_TIMEZONE_NOT_STATED_BY_SOURCE,,NOT_VERIFIED_DO_NOT_INFER,Rio Ave,AVS,2,2,D,EVALUATION_ONLY_JOIN_AFTER_PREMATCH_FEATURE_FREEZE,1.66,3.72,4.73,EXTERNAL_HISTORICAL_MARKET_BENCHMARK,NOT_AVAILABLE,NOT_GOLDBET,4130ff9df582a0954641cf02726487a366a9ba843a9fd1bdd2445c2bc013a53a,1474.8240152928463,1365.0642321288087,109.75978316403757,1.7999999999999998,1.6,0.4,-5.176559421542606,131,63,False
b616c20eae10f0ef71760bd6,Primeira Liga,2025/2026,HOLDOUT,2026-04-18,15:30,MATCH_KICKOFF_TIME_TIMEZONE_NOT_STATED_BY_SOURCE,,NOT_VERIFIED_DO_NOT_INFER,Nacional,Alverca,1,0,H,EVALUATION_ONLY_JOIN_AFTER_PREMATCH_FEATURE_FREEZE,2.15,3.42,3.09,EXTERNAL_HISTORICAL_MARKET_BENCHMARK,NOT_AVAILABLE,NOT_GOLDBET,b272318e6be2e06cc158ab4e9893d166c71f8f3a2460d21060fa5e114245ca6d,1425.670252157178,1490.074567660687,-64.404315503509,-0.8,-0.4,-0.3999999999999999,27.30120059053388,63,29,False
0d929581546a24d8e9c1899e,Primeira Liga,2025/2026,HOLDOUT,2026-04-18,18:00,MATCH_KICKOFF_TIME_TIMEZONE_NOT_STATED_BY_SOURCE,,NOT_VERIFIED_DO_NOT_INFER,Casa Pia,Santa Clara,0,0,D,EVALUATION_ONLY_JOIN_AFTER_PREMATCH_FEATURE_FREEZE,3.43,2.97,2.2,EXTERNAL_HISTORICAL_MARKET_BENCHMARK,NOT_AVAILABLE,NOT_GOLDBET,9dab5d9eacc0911032fac3b95f16a58a97ad667f15c7b45cc2e6e06aaebeb0e7,1451.5929089346082,1457.5519614491868,-5.959052514578616,-1.2000000000000002,-1.2,0.8,7.374744107985407,130,97,False
94d8990ccf85d4bc0789402c,Primeira Liga,2025/2026,HOLDOUT,2026-04-18,20:30,MATCH_KICKOFF_TIME_TIMEZONE_NOT_STATED_BY_SOURCE,,NOT_VERIFIED_DO_NOT_INFER,Gil Vicente,Guimaraes,0,1,A,EVALUATION_ONLY_JOIN_AFTER_PREMATCH_FEATURE_FREEZE,1.98,3.28,3.69,EXTERNAL_HISTORICAL_MARKET_BENCHMARK,NOT_AVAILABLE,NOT_GOLDBET,660ac8c38df4937c58cc980019a4adf57f004192ebd4ac36bf2470ff89aec48f,1518.178430363455,1489.8303626975028,28.348067665952158,0.3999999999999999,0.6000000000000001,1.8,-54.246962134343676,131,131,False
8373352fd5af31cde366ad4a,Primeira Liga,2025/2026,HOLDOUT,2026-04-19,15:30,MATCH_KICKOFF_TIME_TIMEZONE_NOT_STATED_BY_SOURCE,,NOT_VERIFIED_DO_NOT_INFER,Arouca,Estrela,1,0,H,EVALUATION_ONLY_JOIN_AFTER_PREMATCH_FEATURE_FREEZE,2.14,3.04,3.47,EXTERNAL_HISTORICAL_MARKET_BENCHMARK,NOT_AVAILABLE,NOT_GOLDBET,1fb3249ba9fba0e0993372aaa7a7955a6abeb9e3838dd58e3c0dcf852565d55b,1472.6284684294537,1428.8759164557448,43.75255197370893,0.3999999999999999,-0.2,1.4,42.608063127556534,131,97,False
c56869e356229b7ec1ac21ee,Primeira Liga,2025/2026,HOLDOUT,2026-04-19,18:15,MATCH_KICKOFF_TIME_TIMEZONE_NOT_STATED_BY_SOURCE,,NOT_VERIFIED_DO_NOT_INFER,Sp Lisbon,Benfica,1,2,A,EVALUATION_ONLY_JOIN_AFTER_PREMATCH_FEATURE_FREEZE,1.96,3.49,3.52,EXTERNAL_HISTORICAL_MARKET_BENCHMARK,NOT_AVAILABLE,NOT_GOLDBET,892137697ea8f5c39cc8b91a61c6c77b2157845c75c2d40ddb7cf4058bbefd5c,1706.6480520730918,1681.928349455763,24.71970261732872,0.3999999999999999,0.6000000000000001,0.7999999999999998,-4.034877825979493,130,131,False
14bf2b0e4adcd897ab580d4c,Primeira Liga,2025/2026,HOLDOUT,2026-04-19,20:30,MATCH_KICKOFF_TIME_TIMEZONE_NOT_STATED_BY_SOURCE,,NOT_VERIFIED_DO_NOT_INFER,Porto,Tondela,2,0,H,EVALUATION_ONLY_JOIN_AFTER_PREMATCH_FEATURE_FREEZE,1.14,6.9,17.04,EXTERNAL_HISTORICAL_MARKET_BENCHMARK,NOT_AVAILABLE,NOT_GOLDBET,9e84a188078acaa9f094b31f07ab78faaa10822f91521ed73b6bcfe001bc2615,1696.5068488931884,1423.9270070232474,272.579841869941,1.6,2.4,1.4000000000000001,109.9455124213946,131,28,False
cc0f208fbdd491b260bf2783,Primeira Liga,2025/2026,HOLDOUT,2026-04-19,20:30,MATCH_KICKOFF_TIME_TIMEZONE_NOT_STATED_BY_SOURCE,,NOT_VERIFIED_DO_NOT_INFER,Sp Braga,Famalicao,2,2,D,EVALUATION_ONLY_JOIN_AFTER_PREMATCH_FEATURE_FREEZE,1.85,3.47,3.94,EXTERNAL_HISTORICAL_MARKET_BENCHMARK,NOT_AVAILABLE,NOT_GOLDBET,0c240e5d2479dc42dc2da2eebf2b12a3a34d38fd854f398fe1a8d8d83fd5446b,1602.1708646187537,1540.9596329536632,61.21123166509051,-0.20000000000000018,-0.19999999999999996,1.0,43.244432453214586,130,131,False
ecba7541dfadffe296904ac7,Primeira Liga,2025/2026,HOLDOUT,2026-04-20,20:15,MATCH_KICKOFF_TIME_TIMEZONE_NOT_STATED_BY_SOURCE,,NOT_VERIFIED_DO_NOT_INFER,Moreirense,Estoril,1,0,H,EVALUATION_ONLY_JOIN_AFTER_PREMATCH_FEATURE_FREEZE,2.68,3.35,2.43,EXTERNAL_HISTORICAL_MARKET_BENCHMARK,NOT_AVAILABLE,NOT_GOLDBET,b49c4ceb75ba322c07ca0a494d9292f863b14cdbb2a5f75692deba99ca302a26,1471.9495717120635,1489.3775499727149,-17.427978260651344,-0.4,-0.4,-1.0,37.44047165923689,97,131,False
0f9df7f27458ec2b63654f7a,Primeira Liga,2025/2026,HOLDOUT,2026-04-23,19:00,MATCH_KICKOFF_TIME_TIMEZONE_NOT_STATED_BY_SOURCE,,NOT_VERIFIED_DO_NOT_INFER,Casa Pia,Sp Braga,0,1,A,EVALUATION_ONLY_JOIN_AFTER_PREMATCH_FEATURE_FREEZE,5.36,3.7,1.59,EXTERNAL_HISTORICAL_MARKET_BENCHMARK,NOT_AVAILABLE,NOT_GOLDBET,602c7ddc7c636da8e9098b01d80d75a19660378d3a89d291f44cfea4cefbb4c2,1450.049908893631,1598.817099178527,-148.76719028489606,-1.0,-1.4,-0.5999999999999999,-61.534085775029325,131,131,False
884aa5656e8414442509b559,Primeira Liga,2025/2026,HOLDOUT,2026-04-24,20:15,MATCH_KICKOFF_TIME_TIMEZONE_NOT_STATED_BY_SOURCE,,NOT_VERIFIED_DO_NOT_INFER,Alverca,Arouca,2,1,H,EVALUATION_ONLY_JOIN_AFTER_PREMATCH_FEATURE_FREEZE,2.14,3.33,3.16,EXTERNAL_HISTORICAL_MARKET_BENCHMARK,NOT_AVAILABLE,NOT_GOLDBET,b26d0c85af8085a17458275640c0b7bef9a4086c7087d879b27d9bde589c7fd7,1479.947808060294,1479.7279410103022,0.21986704999176254,-0.40000000000000013,-0.4,0.6,-22.709123106989182,30,132,False
930d6d07207f93a0f66e8140,Primeira Liga,2025/2026,HOLDOUT,2026-04-25,15:30,MATCH_KICKOFF_TIME_TIMEZONE_NOT_STATED_BY_SOURCE,,NOT_VERIFIED_DO_NOT_INFER,Tondela,Nacional,0,2,A,EVALUATION_ONLY_JOIN_AFTER_PREMATCH_FEATURE_FREEZE,2.65,3.28,2.46,EXTERNAL_HISTORICAL_MARKET_BENCHMARK,NOT_AVAILABLE,NOT_GOLDBET,ddc4a5320d2d1c51c5406a97f7a040504520ea51af521fe965f6a40b0a5c6e5d,1421.3574471134477,1435.7970117575712,-14.439564644123493,-0.7999999999999999,-1.4000000000000001,0.6000000000000001,-29.43702816483824,29,64,False
e4aba972dadf263cf7cc929d,Primeira Liga,2025/2026,HOLDOUT,2026-04-25,18:00,MATCH_KICKOFF_TIME_TIMEZONE_NOT_STATED_BY_SOURCE,,NOT_VERIFIED_DO_NOT_INFER,Benfica,Moreirense,4,1,H,EVALUATION_ONLY_JOIN_AFTER_PREMATCH_FEATURE_FREEZE,1.1,8.8,19.59,EXTERNAL_HISTORICAL_MARKET_BENCHMARK,NOT_AVAILABLE,NOT_GOLDBET,164fa640919f0e5c6d642d2f027d83391c93da2cfb4fead4a6f611edbdb08a9f,1694.3195717994845,1480.73034619729,213.58922560219457,1.8,2.2,1.6,-44.11612855078033,132,98,False
c593b5cc005ca28e912f5266,Primeira Liga,2025/2026,HOLDOUT,2026-04-25,20:30,MATCH_KICKOFF_TIME_TIMEZONE_NOT_STATED_BY_SOURCE,,NOT_VERIFIED_DO_NOT_INFER,Guimaraes,Rio Ave,2,0,H,EVALUATION_ONLY_JOIN_AFTER_PREMATCH_FEATURE_FREEZE,1.68,3.57,4.82,EXTERNAL_HISTORICAL_MARKET_BENCHMARK,NOT_AVAILABLE,NOT_GOLDBET,b663a712b489861e739846bdbeae43219c2081af8c1efb828341e50d2fd1fc6f,1502.319797547651,1470.292906613137,32.026890934514086,-0.6000000000000001,-0.19999999999999996,0.19999999999999996,49.74821880895979,132,132,False
f1cac25016367e5a9ac1ac9a,Primeira Liga,2025/2026,HOLDOUT,2026-04-26,15:30,MATCH_KICKOFF_TIME_TIMEZONE_NOT_STATED_BY_SOURCE,,NOT_VERIFIED_DO_NOT_INFER,Estoril,Famalicao,0,1,A,EVALUATION_ONLY_JOIN_AFTER_PREMATCH_FEATURE_FREEZE,3.86,3.79,1.79,EXTERNAL_HISTORICAL_MARKET_BENCHMARK,NOT_AVAILABLE,NOT_GOLDBET,442935dad0600ee45f952b96d1ca9c07a9f41970c001830841958793ea93b71d,1480.5967754874885,1544.3133983938899,-63.716622906401426,-1.2000000000000002,-1.2000000000000002,-0.19999999999999996,-32.83049315397125,132,132,False
5243de1c19c59e3c13649380,Primeira Liga,2025/2026,HOLDOUT,2026-04-26,18:00,MATCH_KICKOFF_TIME_TIMEZONE_NOT_STATED_BY_SOURCE,,NOT_VERIFIED_DO_NOT_INFER,Estrela,Porto,1,2,A,EVALUATION_ONLY_JOIN_AFTER_PREMATCH_FEATURE_FREEZE,9.68,5.04,1.28,EXTERNAL_HISTORICAL_MARKET_BENCHMARK,NOT_AVAILABLE,NOT_GOLDBET,9ceb91d6c66f87fe9bd3892f8dbf79ea9cda3b3157c84d09989947c28c95df3b,1421.7764438748964,1699.076408802988,-277.29996492809164,-2.0,-1.8,-0.6000000000000001,-7.564654654829155,98,132,False
3dc239c336a6419f8178145f,Primeira Liga,2025/2026,HOLDOUT,2026-04-26,18:00,MATCH_KICKOFF_TIME_TIMEZONE_NOT_STATED_BY_SOURCE,,NOT_VERIFIED_DO_NOT_INFER,Santa Clara,Sp Braga,2,1,H,EVALUATION_ONLY_JOIN_AFTER_PREMATCH_FEATURE_FREEZE,2.53,2.99,2.8,EXTERNAL_HISTORICAL_MARKET_BENCHMARK,NOT_AVAILABLE,NOT_GOLDBET,6fc16cfc66f6e4e7f8c143d3c0e42e806ceccf85593ec527b7f03f421e1eaed6,1459.094961490164,1606.316352010714,-147.2213905205499,-0.6000000000000001,-0.8,-1.2,-24.120574767833887,98,132,False
802e86ce08debb632394182d,Primeira Liga,2025/2026,HOLDOUT,2026-04-26,20:30,MATCH_KICKOFF_TIME_TIMEZONE_NOT_STATED_BY_SOURCE,,NOT_VERIFIED_DO_NOT_INFER,AVS,Sp Lisbon,1,1,D,EVALUATION_ONLY_JOIN_AFTER_PREMATCH_FEATURE_FREEZE,14.34,8.09,1.13,EXTERNAL_HISTORICAL_MARKET_BENCHMARK,NOT_AVAILABLE,NOT_GOLDBET,c9986bb4a26cbc3237ac9df97510804725282116b06e75b65c1c387978330697,1369.5953408085181,1694.2568297293703,-324.6614889208522,-1.4,-1.8,-1.2000000000000002,-58.67605152022952,64,131,False
9fa491be5d4b792fc2eddc5c,Primeira Liga,2025/2026,HOLDOUT,2026-04-27,20:15,MATCH_KICKOFF_TIME_TIMEZONE_NOT_STATED_BY_SOURCE,,NOT_VERIFIED_DO_NOT_INFER,Gil Vicente,Casa Pia,2,1,H,EVALUATION_ONLY_JOIN_AFTER_PREMATCH_FEATURE_FREEZE,1.73,3.46,4.64,EXTERNAL_HISTORICAL_MARKET_BENCHMARK,NOT_AVAILABLE,NOT_GOLDBET,39e7e8db741bd89ed0b203ccf778241958a5637ee96d3a3a2eb20ee2b7574d14,1505.6889955133067,1442.5506560614442,63.13833945186252,0.6,1.5999999999999999,0.9999999999999999,-87.87001647859438,132,132,False
a828d23f2284f5e7ce083cc9,Primeira Liga,2025/2026,HOLDOUT,2026-04-29,20:15,MATCH_KICKOFF_TIME_TIMEZONE_NOT_STATED_BY_SOURCE,,NOT_VERIFIED_DO_NOT_INFER,Sp Lisbon,Tondela,2,2,D,EVALUATION_ONLY_JOIN_AFTER_PREMATCH_FEATURE_FREEZE,1.08,9.55,19.55,EXTERNAL_HISTORICAL_MARKET_BENCHMARK,NOT_AVAILABLE,NOT_GOLDBET,cdf5ed95142628166c447b6b8b9d2a53ef85c359a3508231b08e89c6ae34c65b,1687.8357226915236,1410.0535775934027,277.78214509812096,1.6,2.8,1.5999999999999999,-13.331994620219348,132,30,False
9a892a0457466cefab75ff13,Primeira Liga,2025/2026,HOLDOUT,2026-05-02,15:30,MATCH_KICKOFF_TIME_TIMEZONE_NOT_STATED_BY_SOURCE,,NOT_VERIFIED_DO_NOT_INFER,Arouca,Santa Clara,2,2,D,EVALUATION_ONLY_JOIN_AFTER_PREMATCH_FEATURE_FREEZE,2.69,3,2.64,EXTERNAL_HISTORICAL_MARKET_BENCHMARK,NOT_AVAILABLE,NOT_GOLDBET,c6b5ce6233a79b25ce008764ff0093d39bff7ab2b950ed3f1bc392eff5a51690,1471.4440571610287,1471.5539531748748,-0.1098960138460825,0.40000000000000013,0.6000000000000001,1.2,-48.82738175218128,133,99,False
f42ea1c8e117796922ab18fd,Primeira Liga,2025/2026,HOLDOUT,2026-05-02,15:30,MATCH_KICKOFF_TIME_TIMEZONE_NOT_STATED_BY_SOURCE,,NOT_VERIFIED_DO_NOT_INFER,Moreirense,Estrela,3,2,H,EVALUATION_ONLY_JOIN_AFTER_PREMATCH_FEATURE_FREEZE,2.97,3.07,2.37,EXTERNAL_HISTORICAL_MARKET_BENCHMARK,NOT_AVAILABLE,NOT_GOLDBET,6807088cfd3221948e69ace42e5317e768aa9bb162f23f3445925782242c3244,1477.299984173608,1417.3254840574073,59.974500116200716,0.20000000000000007,-0.6000000000000001,0.6000000000000001,3.1006754071852356,99,99,False
9aa9fcecc66436ffe4882965,Primeira Liga,2025/2026,HOLDOUT,2026-05-02,15:30,MATCH_KICKOFF_TIME_TIMEZONE_NOT_STATED_BY_SOURCE,,NOT_VERIFIED_DO_NOT_INFER,Nacional,AVS,1,2,A,EVALUATION_ONLY_JOIN_AFTER_PREMATCH_FEATURE_FREEZE,1.46,4.31,5.83,EXTERNAL_HISTORICAL_MARKET_BENCHMARK,NOT_AVAILABLE,NOT_GOLDBET,31094e963a6bae6ab706a0d9e957e153af45534ae515b7d9f1738569a918b390,1447.1008812776163,1376.0164478463648,71.08443343125145,1.0,1.0,0.6,-8.410930933147029,65,65,False
7cdbfc44ffe7b4f6f7503fc5,Primeira Liga,2025/2026,HOLDOUT,2026-05-02,18:00,MATCH_KICKOFF_TIME_TIMEZONE_NOT_STATED_BY_SOURCE,,NOT_VERIFIED_DO_NOT_INFER,Famalicao,Benfica,2,2,D,EVALUATION_ONLY_JOIN_AFTER_PREMATCH_FEATURE_FREEZE,5.07,3.94,1.58,EXTERNAL_HISTORICAL_MARKET_BENCHMARK,NOT_AVAILABLE,NOT_GOLDBET,29b4a3d2cd242a867fe5d29d6e04d9e7fab1b867d5dbfc9f8864979e9704a250,1554.206429467833,1697.7499338231664,-143.54350435533343,-0.8,-1.4,0.0,22.471852554491534,133,133,False
38ee609a1913a8ccd393c81e,Primeira Liga,2025/2026,HOLDOUT,2026-05-02,20:30,MATCH_KICKOFF_TIME_TIMEZONE_NOT_STATED_BY_SOURCE,,NOT_VERIFIED_DO_NOT_INFER,Porto,Alverca,1,0,H,EVALUATION_ONLY_JOIN_AFTER_PREMATCH_FEATURE_FREEZE,1.16,6.67,14.31,EXTERNAL_HISTORICAL_MARKET_BENCHMARK,NOT_AVAILABLE,NOT_GOLDBET,93e2623734d92b89047bd41cc97fc3c6b161b2be2aca118206f75434ec28cce1,1703.527368620477,1488.2316919095674,215.29567671090967,0.8,1.2,1.4000000000000001,-10.861293990310514,133,31,False
199efd182d9ad4617c9aed25,Primeira Liga,2025/2026,HOLDOUT,2026-05-03,15:30,MATCH_KICKOFF_TIME_TIMEZONE_NOT_STATED_BY_SOURCE,,NOT_VERIFIED_DO_NOT_INFER,Casa Pia,Tondela,0,1,A,EVALUATION_ONLY_JOIN_AFTER_PREMATCH_FEATURE_FREEZE,2.27,3.1,3.1,EXTERNAL_HISTORICAL_MARKET_BENCHMARK,NOT_AVAILABLE,NOT_GOLDBET,11750556d53d8758f968ed234e20920765c696679414cbd1536d6ba94b5309c2,1435.9535574720728,1417.550338692344,18.40321877972883,0.0,1.0,0.19999999999999996,-19.258120690848045,133,31,False
0ac5363b74c3a6a7f8b8a75f,Primeira Liga,2025/2026,HOLDOUT,2026-05-03,18:00,MATCH_KICKOFF_TIME_TIMEZONE_NOT_STATED_BY_SOURCE,,NOT_VERIFIED_DO_NOT_INFER,Sp Braga,Estoril,1,1,D,EVALUATION_ONLY_JOIN_AFTER_PREMATCH_FEATURE_FREEZE,1.55,4.09,5.2,EXTERNAL_HISTORICAL_MARKET_BENCHMARK,NOT_AVAILABLE,NOT_GOLDBET,1d44d1ae7377594f421e4861968b1c9678196984000238d20cb2b44b28c90514,1593.8573603260031,1470.7037444135453,123.15361591245778,2.0,1.6,1.0,-46.36306141323075,133,133,False
ed64fde72fa8fb7ab8fae3bc,Primeira Liga,2025/2026,HOLDOUT,2026-05-03,20:30,MATCH_KICKOFF_TIME_TIMEZONE_NOT_STATED_BY_SOURCE,,NOT_VERIFIED_DO_NOT_INFER,Rio Ave,Gil Vicente,0,0,D,EVALUATION_ONLY_JOIN_AFTER_PREMATCH_FEATURE_FREEZE,3.95,3.51,1.82,EXTERNAL_HISTORICAL_MARKET_BENCHMARK,NOT_AVAILABLE,NOT_GOLDBET,0320968bb8a4d07b0c249cab1deb13ed6a5b85426cb16ace0c80f34cf8bb3bff,1462.8813996960887,1512.2860941026781,-49.40469440658944,0.0,-0.4,0.0,28.003325948294105,133,133,False
305cb43768d9d56d255417cd,Primeira Liga,2025/2026,HOLDOUT,2026-05-04,20:15,MATCH_KICKOFF_TIME_TIMEZONE_NOT_STATED_BY_SOURCE,,NOT_VERIFIED_DO_NOT_INFER,Sp Lisbon,Guimaraes,5,1,H,EVALUATION_ONLY_JOIN_AFTER_PREMATCH_FEATURE_FREEZE,1.25,5.79,9.25,EXTERNAL_HISTORICAL_MARKET_BENCHMARK,NOT_AVAILABLE,NOT_GOLDBET,b6d75ae91132f8d16848873bcc7480b719e98e79e70be43da6340270431079ae,1680.3389615925823,1509.7313044646992,170.60765712788316,-0.3999999999999999,-0.6,1.2,-18.653316329353856,133,133,False
53daed670bd6cc4433bd7534,Primeira Liga,2025/2026,HOLDOUT,2026-05-10,18:00,MATCH_KICKOFF_TIME_TIMEZONE_NOT_STATED_BY_SOURCE,,NOT_VERIFIED_DO_NOT_INFER,AVS,Porto,3,1,H,EVALUATION_ONLY_JOIN_AFTER_PREMATCH_FEATURE_FREEZE,8.67,5.24,1.29,EXTERNAL_HISTORICAL_MARKET_BENCHMARK,NOT_AVAILABLE,NOT_GOLDBET,261b78fbe80f4b940c38f38d74775a50fda879aa47b8dbce5a141e1f16ed6273,1389.6199761655434,1706.9299034155135,-317.3099272499701,-1.4000000000000001,-1.6,-1.4000000000000001,50.74651643024822,66,134,False
2d38fb655f00686d5f9f6b01,Primeira Liga,2025/2026,HOLDOUT,2026-05-10,20:30,MATCH_KICKOFF_TIME_TIMEZONE_NOT_STATED_BY_SOURCE,,NOT_VERIFIED_DO_NOT_INFER,Alverca,Estoril,1,1,D,EVALUATION_ONLY_JOIN_AFTER_PREMATCH_FEATURE_FREEZE,2.5,3.5,2.52,EXTERNAL_HISTORICAL_MARKET_BENCHMARK,NOT_AVAILABLE,NOT_GOLDBET,7ddb7e7673af9f091d8755e8ea0cb47fe7b3da93b0e88971716bb2d10723c351,1484.829157114531,1475.5358046691886,9.293352445342407,1.6,1.4,0.8,-45.19065530875832,32,134,False
a0d4391d6c6ba4c0831895d4,Primeira Liga,2025/2026,HOLDOUT,2026-05-11,20:15,MATCH_KICKOFF_TIME_TIMEZONE_NOT_STATED_BY_SOURCE,,NOT_VERIFIED_DO_NOT_INFER,Benfica,Sp Braga,2,2,D,EVALUATION_ONLY_JOIN_AFTER_PREMATCH_FEATURE_FREEZE,1.37,4.75,7,EXTERNAL_HISTORICAL_MARKET_BENCHMARK,NOT_AVAILABLE,NOT_GOLDBET,c99584a6a3378cf48f8ba93f74cd214f66f24a7f4dd952ad63654981540655b3,1695.39065518758,1589.02530007036,106.36535511722013,0.6000000000000001,1.0,0.8,45.23197007710132,134,134,False
74bdace9f1850fa30b6c9582,Primeira Liga,2025/2026,HOLDOUT,2026-05-11,20:15,MATCH_KICKOFF_TIME_TIMEZONE_NOT_STATED_BY_SOURCE,,NOT_VERIFIED_DO_NOT_INFER,Estrela,Famalicao,0,0,D,EVALUATION_ONLY_JOIN_AFTER_PREMATCH_FEATURE_FREEZE,3.35,3.31,2.08,EXTERNAL_HISTORICAL_MARKET_BENCHMARK,NOT_AVAILABLE,NOT_GOLDBET,85bd15b18f73651eb188463153fb48f3e9ab0b74e88d9c2160eb99943dda5019,1410.647619621871,1556.5657081034194,-145.91808848154847,-1.4,-1.4,-1.0,-34.76627263606588,100,134,False
c939a13fec60ab753f23cf33,Primeira Liga,2025/2026,HOLDOUT,2026-05-11,20:15,MATCH_KICKOFF_TIME_TIMEZONE_NOT_STATED_BY_SOURCE,,NOT_VERIFIED_DO_NOT_INFER,Gil Vicente,Arouca,1,3,A,EVALUATION_ONLY_JOIN_AFTER_PREMATCH_FEATURE_FREEZE,1.65,3.79,4.72,EXTERNAL_HISTORICAL_MARKET_BENCHMARK,NOT_AVAILABLE,NOT_GOLDBET,48f43103575afc41eeaa81e8e9ccf0cfb5554d3ade5e42b4d6ba304504cb1eb5,1512.5909570109689,1469.7371543268957,42.853802684073116,0.20000000000000018,0.6,0.7999999999999999,-59.275219109551244,134,134,False
33daaf7ba3bd7830e4377257,Primeira Liga,2025/2026,HOLDOUT,2026-05-11,20:15,MATCH_KICKOFF_TIME_TIMEZONE_NOT_STATED_BY_SOURCE,,NOT_VERIFIED_DO_NOT_INFER,Guimaraes,Casa Pia,0,1,A,EVALUATION_ONLY_JOIN_AFTER_PREMATCH_FEATURE_FREEZE,1.7,3.73,4.46,EXTERNAL_HISTORICAL_MARKET_BENCHMARK,NOT_AVAILABLE,NOT_GOLDBET,da22a46af76764b49af2696ec09c4b9ca90e54fdedf71729457ae2d624ea8046,1505.5397888240827,1423.7344721209956,81.8053167030871,1.8,1.8,1.8,-0.08517396310367076,134,134,False
1709f6a0c073806da6e22d6f,Primeira Liga,2025/2026,HOLDOUT,2026-05-11,20:15,MATCH_KICKOFF_TIME_TIMEZONE_NOT_STATED_BY_SOURCE,,NOT_VERIFIED_DO_NOT_INFER,Rio Ave,Sp Lisbon,1,4,A,EVALUATION_ONLY_JOIN_AFTER_PREMATCH_FEATURE_FREEZE,11.38,6.96,1.18,EXTERNAL_HISTORICAL_MARKET_BENCHMARK,NOT_AVAILABLE,NOT_GOLDBET,1ad09d940d68b2d54a52e12ea8532f295cde5e7642e72e301857fd14b630cb4e,1462.576536787798,1684.5304772331988,-221.9539404454008,-0.6000000000000001,-1.0,-1.0000000000000002,-17.02030603364142,134,134,False
4b5473cef7fe3572d5e7bb1f,Primeira Liga,2025/2026,HOLDOUT,2026-05-11,20:15,MATCH_KICKOFF_TIME_TIMEZONE_NOT_STATED_BY_SOURCE,,NOT_VERIFIED_DO_NOT_INFER,Santa Clara,Nacional,2,0,H,EVALUATION_ONLY_JOIN_AFTER_PREMATCH_FEATURE_FREEZE,2.3,3.11,3.06,EXTERNAL_HISTORICAL_MARKET_BENCHMARK,NOT_AVAILABLE,NOT_GOLDBET,ab9c5f32d9dc0f45cd3925f2ca3e41c26373fddef4baa06121a321dac3b4356a,1473.2608560090077,1433.4973529584377,39.76350305057008,-0.8,-1.0,1.0,56.42550146401845,100,66,False
b130b549ac3b3a35c0110844,Primeira Liga,2025/2026,HOLDOUT,2026-05-11,20:15,MATCH_KICKOFF_TIME_TIMEZONE_NOT_STATED_BY_SOURCE,,NOT_VERIFIED_DO_NOT_INFER,Tondela,Moreirense,2,0,H,EVALUATION_ONLY_JOIN_AFTER_PREMATCH_FEATURE_FREEZE,1.89,3.38,3.85,EXTERNAL_HISTORICAL_MARKET_BENCHMARK,NOT_AVAILABLE,NOT_GOLDBET,631a7ca4f1906115eec8a4e91bdd30b4810b2e2d115e97fa636da43a7b4e060c,1429.7694240434212,1483.9778486091443,-54.208424565723135,-0.3999999999999999,-0.19999999999999996,-0.4,8.241247859586338,32,100,False
b0f8b65fdc5a21770eaaf6d9,Primeira Liga,2025/2026,HOLDOUT,2026-05-16,15:30,MATCH_KICKOFF_TIME_TIMEZONE_NOT_STATED_BY_SOURCE,,NOT_VERIFIED_DO_NOT_INFER,Moreirense,AVS,0,0,D,EVALUATION_ONLY_JOIN_AFTER_PREMATCH_FEATURE_FREEZE,2.08,3.38,3.24,EXTERNAL_HISTORICAL_MARKET_BENCHMARK,NOT_AVAILABLE,NOT_GOLDBET,15f4940ba5aa18a5df3671d4943ef75bb3f388dfb2fd6005b39aa47475ff7d28,1474.1445281116553,1405.915036397385,68.22949171427035,-0.40000000000000013,-1.2,0.19999999999999996,-47.880674888698195,101,67,False
fa797a59fdc5a85ab71de9f5,Primeira Liga,2025/2026,HOLDOUT,2026-05-16,15:30,MATCH_KICKOFF_TIME_TIMEZONE_NOT_STATED_BY_SOURCE,,NOT_VERIFIED_DO_NOT_INFER,Porto,Santa Clara,1,0,H,EVALUATION_ONLY_JOIN_AFTER_PREMATCH_FEATURE_FREEZE,1.25,5.45,9.81,EXTERNAL_HISTORICAL_MARKET_BENCHMARK,NOT_AVAILABLE,NOT_GOLDBET,3f302e3c6314a211bb4d0f960dc66a4225e65136965ef5566526513ab2ea0cfb,1690.634843183672,1480.465829978774,210.16901320489796,0.7999999999999998,0.6000000000000001,1.4000000000000001,-41.3079364802486,135,101,False
54a0b90ea1ac942d02fef004,Primeira Liga,2025/2026,HOLDOUT,2026-05-16,18:00,MATCH_KICKOFF_TIME_TIMEZONE_NOT_STATED_BY_SOURCE,,NOT_VERIFIED_DO_NOT_INFER,Arouca,Tondela,3,1,H,EVALUATION_ONLY_JOIN_AFTER_PREMATCH_FEATURE_FREEZE,2.97,3.43,2.18,EXTERNAL_HISTORICAL_MARKET_BENCHMARK,NOT_AVAILABLE,NOT_GOLDBET,67d13f576a970cc262e6d0012180c60c9b3b524bb3517c8dac5a9bc47d980c84,1482.6139722227063,1439.6027445409102,43.01122768179607,0.0,0.4,0.6000000000000001,-50.038215332951495,135,33,False
d74f32e97d5088b98972eec1,Primeira Liga,2025/2026,HOLDOUT,2026-05-16,18:00,MATCH_KICKOFF_TIME_TIMEZONE_NOT_STATED_BY_SOURCE,,NOT_VERIFIED_DO_NOT_INFER,Casa Pia,Rio Ave,1,1,D,EVALUATION_ONLY_JOIN_AFTER_PREMATCH_FEATURE_FREEZE,1.81,3.51,4.05,EXTERNAL_HISTORICAL_MARKET_BENCHMARK,NOT_AVAILABLE,NOT_GOLDBET,dc0d3402fb5ca9fa311d5dabf8014aa70a69da3610113b628ad6267285b11587,1437.6034668319737,1456.927296556396,-19.32382972442224,-0.19999999999999996,0.19999999999999996,-1.2000000000000002,-9.699131676530214,135,135,False
77444d2caeb0e525210df07a,Primeira Liga,2025/2026,HOLDOUT,2026-05-16,18:00,MATCH_KICKOFF_TIME_TIMEZONE_NOT_STATED_BY_SOURCE,,NOT_VERIFIED_DO_NOT_INFER,Nacional,Guimaraes,2,0,H,EVALUATION_ONLY_JOIN_AFTER_PREMATCH_FEATURE_FREEZE,2.06,3.31,3.37,EXTERNAL_HISTORICAL_MARKET_BENCHMARK,NOT_AVAILABLE,NOT_GOLDBET,5f9281bb697b54b9e7cdfb6cd83af4264f04c385f05e83d5c92ce78c7cd84919,1426.2923789886713,1491.6707941131046,-65.37841512443333,-0.19999999999999996,0.0,0.3999999999999999,-3.1775593126940294,67,135,False
7d5a711b9d7b728be724306f,Primeira Liga,2025/2026,HOLDOUT,2026-05-16,18:00,MATCH_KICKOFF_TIME_TIMEZONE_NOT_STATED_BY_SOURCE,,NOT_VERIFIED_DO_NOT_INFER,Sp Braga,Estrela,2,2,D,EVALUATION_ONLY_JOIN_AFTER_PREMATCH_FEATURE_FREEZE,1.66,3.84,4.53,EXTERNAL_HISTORICAL_MARKET_BENCHMARK,NOT_AVAILABLE,NOT_GOLDBET,9d4830ce159119e34a158f118c42a175e95318e6394c934d0ff5115b71e38ada,1593.478425145206,1413.0713351030952,180.4070900421109,1.0,0.8,1.0,-58.27826398371144,135,101,False
ad3c0f6a6c510337ea4ab922,Primeira Liga,2025/2026,HOLDOUT,2026-05-16,20:30,MATCH_KICKOFF_TIME_TIMEZONE_NOT_STATED_BY_SOURCE,,NOT_VERIFIED_DO_NOT_INFER,Estoril,Benfica,1,3,A,EVALUATION_ONLY_JOIN_AFTER_PREMATCH_FEATURE_FREEZE,9.97,6.35,1.22,EXTERNAL_HISTORICAL_MARKET_BENCHMARK,NOT_AVAILABLE,NOT_GOLDBET,47b585887d3e62b812267f8b2400bf65443906b2e2d91755643ac0ff5ad83d6a,1477.5041975498498,1690.9375301127338,-213.43333256288406,-1.8000000000000003,-2.0,-1.4000000000000001,5.199469066889378,135,135,False
6c843fd856eb8db3bf2f83a1,Primeira Liga,2025/2026,HOLDOUT,2026-05-16,20:30,MATCH_KICKOFF_TIME_TIMEZONE_NOT_STATED_BY_SOURCE,,NOT_VERIFIED_DO_NOT_INFER,Famalicao,Alverca,1,0,H,EVALUATION_ONLY_JOIN_AFTER_PREMATCH_FEATURE_FREEZE,1.52,4.06,5.61,EXTERNAL_HISTORICAL_MARKET_BENCHMARK,NOT_AVAILABLE,NOT_GOLDBET,2d6b83b6de0756dfb76dd7d5824776853226c618d9a998b7f937d0311ac78bb2,1554.1419926221952,1482.8607642338698,71.28122838832542,0.0,0.0,1.2000000000000002,23.134369976628022,135,33,False
eb938a51031a65c812405bd1,Primeira Liga,2025/2026,HOLDOUT,2026-05-16,20:30,MATCH_KICKOFF_TIME_TIMEZONE_NOT_STATED_BY_SOURCE,,NOT_VERIFIED_DO_NOT_INFER,Sp Lisbon,Gil Vicente,3,0,H,EVALUATION_ONLY_JOIN_AFTER_PREMATCH_FEATURE_FREEZE,1.19,6.86,10.67,EXTERNAL_HISTORICAL_MARKET_BENCHMARK,NOT_AVAILABLE,NOT_GOLDBET,82434b46256124987d6dff512aacce9de683fd4bd2360c48a41fa1bda2fd0962,1690.1797174646008,1499.7141391151583,190.46557834944247,0.6000000000000001,1.6,1.4,29.20011038606208,135,135,False
