fixture_key,competition,season,split,source_date,source_time,source_time_semantics,kickoff_utc,kickoff_utc_status,home_team,away_team,home_goals,away_goals,result,outcome_usage,avg_close_home,avg_close_draw,avg_close_away,close_source_class,open_price_status,goldbet_status,source_row_sha256
0c10feaeb6faae74c9418194,Primeira Liga,2022/2023,DEVELOPMENT,2022-08-05,20:15,MATCH_KICKOFF_TIME_TIMEZONE_NOT_STATED_BY_SOURCE,,NOT_VERIFIED_DO_NOT_INFER,Benfica,Arouca,4,0,H,EVALUATION_ONLY_JOIN_AFTER_PREMATCH_FEATURE_FREEZE,1.13,8.25,19.24,EXTERNAL_HISTORICAL_MARKET_BENCHMARK,NOT_AVAILABLE,NOT_GOLDBET,6d6a03a3dd48059213ab0f48d04669be7b620e52b7e9e0bcde3e4d0cd91ba377
4546b8b8f82e0c82c01c6e07,Primeira Liga,2022/2023,DEVELOPMENT,2022-08-06,15:30,MATCH_KICKOFF_TIME_TIMEZONE_NOT_STATED_BY_SOURCE,,NOT_VERIFIED_DO_NOT_INFER,Rio Ave,Vizela,0,1,A,EVALUATION_ONLY_JOIN_AFTER_PREMATCH_FEATURE_FREEZE,2.12,3.23,3.6,EXTERNAL_HISTORICAL_MARKET_BENCHMARK,NOT_AVAILABLE,NOT_GOLDBET,1d23ad3ab4318dbc3fcb1338177d7f3189d78c6d551ea330aac17a36ae6df42a
0c9d20e52a9abb99f30480c6,Primeira Liga,2022/2023,DEVELOPMENT,2022-08-06,18:00,MATCH_KICKOFF_TIME_TIMEZONE_NOT_STATED_BY_SOURCE,,NOT_VERIFIED_DO_NOT_INFER,Estoril,Famalicao,2,0,H,EVALUATION_ONLY_JOIN_AFTER_PREMATCH_FEATURE_FREEZE,2.51,3.1,2.95,EXTERNAL_HISTORICAL_MARKET_BENCHMARK,NOT_AVAILABLE,NOT_GOLDBET,362211d9db931a0cc15f1d3496a4f877f6210b330758a8829aa0f9894a9f1777
61f816bdb3f39ab7d32efd03,Primeira Liga,2022/2023,DEVELOPMENT,2022-08-06,20:30,MATCH_KICKOFF_TIME_TIMEZONE_NOT_STATED_BY_SOURCE,,NOT_VERIFIED_DO_NOT_INFER,Porto,Maritimo,5,1,H,EVALUATION_ONLY_JOIN_AFTER_PREMATCH_FEATURE_FREEZE,1.16,7.39,16.26,EXTERNAL_HISTORICAL_MARKET_BENCHMARK,NOT_AVAILABLE,NOT_GOLDBET,2d4cbb614e59a94e96027739bfc884a9b3b69bac452f457569a96c3ac4ce2b7a
9b745852d72569e3a041fd56,Primeira Liga,2022/2023,DEVELOPMENT,2022-08-07,15:30,MATCH_KICKOFF_TIME_TIMEZONE_NOT_STATED_BY_SOURCE,,NOT_VERIFIED_DO_NOT_INFER,Santa Clara,Casa Pia,0,0,D,EVALUATION_ONLY_JOIN_AFTER_PREMATCH_FEATURE_FREEZE,2.16,3.13,3.61,EXTERNAL_HISTORICAL_MARKET_BENCHMARK,NOT_AVAILABLE,NOT_GOLDBET,13ce923e8648e74725b8c375399151e6d685185dd7c2512f5a1dc3a329185d90
555ef07e487f8c495f7cbffe,Primeira Liga,2022/2023,DEVELOPMENT,2022-08-07,18:00,MATCH_KICKOFF_TIME_TIMEZONE_NOT_STATED_BY_SOURCE,,NOT_VERIFIED_DO_NOT_INFER,Sp Braga,Sp Lisbon,3,3,D,EVALUATION_ONLY_JOIN_AFTER_PREMATCH_FEATURE_FREEZE,4.01,3.49,1.91,EXTERNAL_HISTORICAL_MARKET_BENCHMARK,NOT_AVAILABLE,NOT_GOLDBET,574e5da0627fb61dd70196db3aad9e6deacc462b9605717235caaac797bb6c86
30e31015863d311bb6a4af8d,Primeira Liga,2022/2023,DEVELOPMENT,2022-08-07,20:30,MATCH_KICKOFF_TIME_TIMEZONE_NOT_STATED_BY_SOURCE,,NOT_VERIFIED_DO_NOT_INFER,Chaves,Guimaraes,0,1,A,EVALUATION_ONLY_JOIN_AFTER_PREMATCH_FEATURE_FREEZE,2.6,3.18,2.74,EXTERNAL_HISTORICAL_MARKET_BENCHMARK,NOT_AVAILABLE,NOT_GOLDBET,5e7006a1fd3a847dbd4d1b30bdcde4c4a5175480bb2b71f54d3c2baaabd856d4
d2a8e3947d4827ed3a6f1e06,Primeira Liga,2022/2023,DEVELOPMENT,2022-08-07,20:30,MATCH_KICKOFF_TIME_TIMEZONE_NOT_STATED_BY_SOURCE,,NOT_VERIFIED_DO_NOT_INFER,Portimonense,Boavista,0,1,A,EVALUATION_ONLY_JOIN_AFTER_PREMATCH_FEATURE_FREEZE,2.29,3.14,3.31,EXTERNAL_HISTORICAL_MARKET_BENCHMARK,NOT_AVAILABLE,NOT_GOLDBET,f1747fb546157bf3637502962d2a5dfc33f99dbeecf602ccf09c48f54dfc6e0b
540f19b167215f738c330535,Primeira Liga,2022/2023,DEVELOPMENT,2022-08-08,20:15,MATCH_KICKOFF_TIME_TIMEZONE_NOT_STATED_BY_SOURCE,,NOT_VERIFIED_DO_NOT_INFER,Gil Vicente,Pacos Ferreira,1,0,H,EVALUATION_ONLY_JOIN_AFTER_PREMATCH_FEATURE_FREEZE,1.99,3.29,3.94,EXTERNAL_HISTORICAL_MARKET_BENCHMARK,NOT_AVAILABLE,NOT_GOLDBET,0c5d66b25213598acfb88299fd2aa01899d96cbcfdb513ff27aa744ac7305a52
60bc9bdde04feea75517ae88,Primeira Liga,2022/2023,DEVELOPMENT,2022-08-12,20:15,MATCH_KICKOFF_TIME_TIMEZONE_NOT_STATED_BY_SOURCE,,NOT_VERIFIED_DO_NOT_INFER,Famalicao,Sp Braga,0,3,A,EVALUATION_ONLY_JOIN_AFTER_PREMATCH_FEATURE_FREEZE,3.87,3.64,1.91,EXTERNAL_HISTORICAL_MARKET_BENCHMARK,NOT_AVAILABLE,NOT_GOLDBET,852c5f680c6304f717b28a04012ec938b4ded723248e1295be34656c30a6bb38
de97333d140f5bbc3639b291,Primeira Liga,2022/2023,DEVELOPMENT,2022-08-13,18:00,MATCH_KICKOFF_TIME_TIMEZONE_NOT_STATED_BY_SOURCE,,NOT_VERIFIED_DO_NOT_INFER,Casa Pia,Benfica,0,1,A,EVALUATION_ONLY_JOIN_AFTER_PREMATCH_FEATURE_FREEZE,11.45,5.39,1.28,EXTERNAL_HISTORICAL_MARKET_BENCHMARK,NOT_AVAILABLE,NOT_GOLDBET,f853e1cd9da17223df63f66f93ab5049701c0299b1a96e097479f08e7d395585
43f96c3f55bcc0ef1ed16378,Primeira Liga,2022/2023,DEVELOPMENT,2022-08-13,20:30,MATCH_KICKOFF_TIME_TIMEZONE_NOT_STATED_BY_SOURCE,,NOT_VERIFIED_DO_NOT_INFER,Sp Lisbon,Rio Ave,3,0,H,EVALUATION_ONLY_JOIN_AFTER_PREMATCH_FEATURE_FREEZE,1.21,6.48,13.87,EXTERNAL_HISTORICAL_MARKET_BENCHMARK,NOT_AVAILABLE,NOT_GOLDBET,da54577ac7a2a3498b4db926884783b44f6de8d5b2a0c8c16926fef47b0717ad
ddcb90526a7526d931b3e832,Primeira Liga,2022/2023,DEVELOPMENT,2022-08-14,15:30,MATCH_KICKOFF_TIME_TIMEZONE_NOT_STATED_BY_SOURCE,,NOT_VERIFIED_DO_NOT_INFER,Boavista,Santa Clara,2,1,H,EVALUATION_ONLY_JOIN_AFTER_PREMATCH_FEATURE_FREEZE,2.45,2.99,3.18,EXTERNAL_HISTORICAL_MARKET_BENCHMARK,NOT_AVAILABLE,NOT_GOLDBET,54a5db6e3cb22dc3b1a5930aa04a763d56ea164edbdf91e706e7597f4415674d
cd4ef36ff03b13ff468c1a76,Primeira Liga,2022/2023,DEVELOPMENT,2022-08-14,18:00,MATCH_KICKOFF_TIME_TIMEZONE_NOT_STATED_BY_SOURCE,,NOT_VERIFIED_DO_NOT_INFER,Vizela,Porto,0,1,A,EVALUATION_ONLY_JOIN_AFTER_PREMATCH_FEATURE_FREEZE,8.99,5.2,1.33,EXTERNAL_HISTORICAL_MARKET_BENCHMARK,NOT_AVAILABLE,NOT_GOLDBET,e6ba2d716752b1c0dafb5f4d010fd960b09abc61cba9225be4d0ce4f94ca1e00
cdcfa34b2f40114ee6525fbf,Primeira Liga,2022/2023,DEVELOPMENT,2022-08-14,20:30,MATCH_KICKOFF_TIME_TIMEZONE_NOT_STATED_BY_SOURCE,,NOT_VERIFIED_DO_NOT_INFER,Guimaraes,Estoril,1,0,H,EVALUATION_ONLY_JOIN_AFTER_PREMATCH_FEATURE_FREEZE,2.08,3.27,3.71,EXTERNAL_HISTORICAL_MARKET_BENCHMARK,NOT_AVAILABLE,NOT_GOLDBET,1b4bf69dc3021091f8025ec0e25760f902626395ff5811a7e9216f736f5653f5
fb42a1ab4a8d14b61b72e616,Primeira Liga,2022/2023,DEVELOPMENT,2022-08-15,15:30,MATCH_KICKOFF_TIME_TIMEZONE_NOT_STATED_BY_SOURCE,,NOT_VERIFIED_DO_NOT_INFER,Maritimo,Chaves,1,2,A,EVALUATION_ONLY_JOIN_AFTER_PREMATCH_FEATURE_FREEZE,2.13,3.27,3.57,EXTERNAL_HISTORICAL_MARKET_BENCHMARK,NOT_AVAILABLE,NOT_GOLDBET,4c44eee879d47795392abfa7b10d8bd4b37dd7f74443716fd1e2d08e8e61cff2
02fe9b9172954a31a77da745,Primeira Liga,2022/2023,DEVELOPMENT,2022-08-15,18:00,MATCH_KICKOFF_TIME_TIMEZONE_NOT_STATED_BY_SOURCE,,NOT_VERIFIED_DO_NOT_INFER,Arouca,Gil Vicente,1,0,H,EVALUATION_ONLY_JOIN_AFTER_PREMATCH_FEATURE_FREEZE,2.86,3.2,2.52,EXTERNAL_HISTORICAL_MARKET_BENCHMARK,NOT_AVAILABLE,NOT_GOLDBET,4487d40fef76f86c50a8d41358460ef40010effd6c6a804453f26f98da327baf
78b8cb1852e2c0fe0ceb2df2,Primeira Liga,2022/2023,DEVELOPMENT,2022-08-15,20:30,MATCH_KICKOFF_TIME_TIMEZONE_NOT_STATED_BY_SOURCE,,NOT_VERIFIED_DO_NOT_INFER,Pacos Ferreira,Portimonense,0,3,A,EVALUATION_ONLY_JOIN_AFTER_PREMATCH_FEATURE_FREEZE,2.63,3.04,2.86,EXTERNAL_HISTORICAL_MARKET_BENCHMARK,NOT_AVAILABLE,NOT_GOLDBET,33690e92a22a821c32109afcb7b7792dbcb4f961a9a8b79d4b641594c55a4f62
f05a41c2c07db6c599cf071e,Primeira Liga,2022/2023,DEVELOPMENT,2022-08-19,20:15,MATCH_KICKOFF_TIME_TIMEZONE_NOT_STATED_BY_SOURCE,,NOT_VERIFIED_DO_NOT_INFER,Estoril,Rio Ave,2,2,D,EVALUATION_ONLY_JOIN_AFTER_PREMATCH_FEATURE_FREEZE,2.11,3.21,3.68,EXTERNAL_HISTORICAL_MARKET_BENCHMARK,NOT_AVAILABLE,NOT_GOLDBET,cdb8c6ea46d2bb7545a9873bc5fcb0c9bc6345d7efb5d6f9d5613c29096461bd
8dfe69da348cfd3061bcb3a7,Primeira Liga,2022/2023,DEVELOPMENT,2022-08-20,15:30,MATCH_KICKOFF_TIME_TIMEZONE_NOT_STATED_BY_SOURCE,,NOT_VERIFIED_DO_NOT_INFER,Santa Clara,Arouca,1,2,A,EVALUATION_ONLY_JOIN_AFTER_PREMATCH_FEATURE_FREEZE,2.01,3.27,3.94,EXTERNAL_HISTORICAL_MARKET_BENCHMARK,NOT_AVAILABLE,NOT_GOLDBET,a3d66ec420afc645b06ce5cef92d76c02aec9d2e1d0c8bfc6a12dc9f7b1b769c
2cd4915180dc4ba59b60fde4,Primeira Liga,2022/2023,DEVELOPMENT,2022-08-20,18:00,MATCH_KICKOFF_TIME_TIMEZONE_NOT_STATED_BY_SOURCE,,NOT_VERIFIED_DO_NOT_INFER,Chaves,Vizela,1,1,D,EVALUATION_ONLY_JOIN_AFTER_PREMATCH_FEATURE_FREEZE,2.56,3.16,2.84,EXTERNAL_HISTORICAL_MARKET_BENCHMARK,NOT_AVAILABLE,NOT_GOLDBET,923fda789ff21eb2284a93e50f95e88d0048ba5a5077c69acea00182bda341d4
f1b69cb8d3688374306d0a01,Primeira Liga,2022/2023,DEVELOPMENT,2022-08-20,20:30,MATCH_KICKOFF_TIME_TIMEZONE_NOT_STATED_BY_SOURCE,,NOT_VERIFIED_DO_NOT_INFER,Porto,Sp Lisbon,3,0,H,EVALUATION_ONLY_JOIN_AFTER_PREMATCH_FEATURE_FREEZE,2,3.36,3.93,EXTERNAL_HISTORICAL_MARKET_BENCHMARK,NOT_AVAILABLE,NOT_GOLDBET,29a9e2da3e9e9fbb2a206e97b86506b3934c5613e01e2a0ff4445f8527557660
c7d19a47ab7cb7e797315431,Primeira Liga,2022/2023,DEVELOPMENT,2022-08-21,15:30,MATCH_KICKOFF_TIME_TIMEZONE_NOT_STATED_BY_SOURCE,,NOT_VERIFIED_DO_NOT_INFER,Casa Pia,Boavista,2,0,H,EVALUATION_ONLY_JOIN_AFTER_PREMATCH_FEATURE_FREEZE,2.55,2.94,3.07,EXTERNAL_HISTORICAL_MARKET_BENCHMARK,NOT_AVAILABLE,NOT_GOLDBET,b98ef80965028c8fb571a622245b11d8052ccb5e02d8dd98d39daee9f85f3ddf
1f10c7d0b586ff714380dd0d,Primeira Liga,2022/2023,DEVELOPMENT,2022-08-21,18:00,MATCH_KICKOFF_TIME_TIMEZONE_NOT_STATED_BY_SOURCE,,NOT_VERIFIED_DO_NOT_INFER,Sp Braga,Maritimo,5,0,H,EVALUATION_ONLY_JOIN_AFTER_PREMATCH_FEATURE_FREEZE,1.26,5.86,10.57,EXTERNAL_HISTORICAL_MARKET_BENCHMARK,NOT_AVAILABLE,NOT_GOLDBET,30e74923271781cd388638ed66ac7fbd3a3ab28af079209018ac8e9158256d55
b5f9e420c302fe199674abe9,Primeira Liga,2022/2023,DEVELOPMENT,2022-08-21,20:30,MATCH_KICKOFF_TIME_TIMEZONE_NOT_STATED_BY_SOURCE,,NOT_VERIFIED_DO_NOT_INFER,Portimonense,Guimaraes,2,1,H,EVALUATION_ONLY_JOIN_AFTER_PREMATCH_FEATURE_FREEZE,2.45,3.12,3.04,EXTERNAL_HISTORICAL_MARKET_BENCHMARK,NOT_AVAILABLE,NOT_GOLDBET,0622eeb9c88ddae39a36f9b861127c9fe84aecd7195a1686dc774a67a137090a
b38937598c4a75ed2ab8d8f5,Primeira Liga,2022/2023,DEVELOPMENT,2022-08-22,20:15,MATCH_KICKOFF_TIME_TIMEZONE_NOT_STATED_BY_SOURCE,,NOT_VERIFIED_DO_NOT_INFER,Gil Vicente,Famalicao,0,0,D,EVALUATION_ONLY_JOIN_AFTER_PREMATCH_FEATURE_FREEZE,2.18,3.36,3.31,EXTERNAL_HISTORICAL_MARKET_BENCHMARK,NOT_AVAILABLE,NOT_GOLDBET,7b53dd19e8afae4d5f0e97f360c1e3634505a8d9cb55bd6307b839a4e9d31c56
91ca9352f9d605214efa2ac6,Primeira Liga,2022/2023,DEVELOPMENT,2022-08-26,20:15,MATCH_KICKOFF_TIME_TIMEZONE_NOT_STATED_BY_SOURCE,,NOT_VERIFIED_DO_NOT_INFER,Pacos Ferreira,Estoril,0,3,A,EVALUATION_ONLY_JOIN_AFTER_PREMATCH_FEATURE_FREEZE,2.57,3.1,2.9,EXTERNAL_HISTORICAL_MARKET_BENCHMARK,NOT_AVAILABLE,NOT_GOLDBET,918257cbc7d5da612f32422df30f526bf0a903c546044fb06090cc0fc8bfae4e
95ae916e659f0c10687530d9,Primeira Liga,2022/2023,DEVELOPMENT,2022-08-27,15:30,MATCH_KICKOFF_TIME_TIMEZONE_NOT_STATED_BY_SOURCE,,NOT_VERIFIED_DO_NOT_INFER,Maritimo,Portimonense,0,1,A,EVALUATION_ONLY_JOIN_AFTER_PREMATCH_FEATURE_FREEZE,2.91,3.15,2.53,EXTERNAL_HISTORICAL_MARKET_BENCHMARK,NOT_AVAILABLE,NOT_GOLDBET,105591aca9b372084629bcd005ea9332a36179efd79554379c3e22e357fd0449
e1bb5d3d069ebd41d2b533a5,Primeira Liga,2022/2023,DEVELOPMENT,2022-08-27,18:00,MATCH_KICKOFF_TIME_TIMEZONE_NOT_STATED_BY_SOURCE,,NOT_VERIFIED_DO_NOT_INFER,Boavista,Benfica,0,3,A,EVALUATION_ONLY_JOIN_AFTER_PREMATCH_FEATURE_FREEZE,8.56,4.84,1.36,EXTERNAL_HISTORICAL_MARKET_BENCHMARK,NOT_AVAILABLE,NOT_GOLDBET,11befa2adb1759769c46ab29edbe04798d003d959a13069ff0020a73de8d341d
15285ff951189a761a2ab14a,Primeira Liga,2022/2023,DEVELOPMENT,2022-08-27,20:30,MATCH_KICKOFF_TIME_TIMEZONE_NOT_STATED_BY_SOURCE,,NOT_VERIFIED_DO_NOT_INFER,Sp Lisbon,Chaves,0,2,A,EVALUATION_ONLY_JOIN_AFTER_PREMATCH_FEATURE_FREEZE,1.18,6.94,15.38,EXTERNAL_HISTORICAL_MARKET_BENCHMARK,NOT_AVAILABLE,NOT_GOLDBET,6b538062d402d38005714ff26f3d9ed3d41d6e42d311d29d5720c77a20abb419
c1d4eda2740d417af4ff2146,Primeira Liga,2022/2023,DEVELOPMENT,2022-08-28,15:30,MATCH_KICKOFF_TIME_TIMEZONE_NOT_STATED_BY_SOURCE,,NOT_VERIFIED_DO_NOT_INFER,Famalicao,Santa Clara,1,0,H,EVALUATION_ONLY_JOIN_AFTER_PREMATCH_FEATURE_FREEZE,2.06,3.28,3.73,EXTERNAL_HISTORICAL_MARKET_BENCHMARK,NOT_AVAILABLE,NOT_GOLDBET,ea03a89ca5545b48be81698695a01f9c86d5f1b2d4ba862e8b9ad5cb8931f9d1
d18b07b96e43dbbf69b9c7b3,Primeira Liga,2022/2023,DEVELOPMENT,2022-08-28,18:00,MATCH_KICKOFF_TIME_TIMEZONE_NOT_STATED_BY_SOURCE,,NOT_VERIFIED_DO_NOT_INFER,Arouca,Sp Braga,0,6,A,EVALUATION_ONLY_JOIN_AFTER_PREMATCH_FEATURE_FREEZE,6.49,4.3,1.49,EXTERNAL_HISTORICAL_MARKET_BENCHMARK,NOT_AVAILABLE,NOT_GOLDBET,97edf34de1853ffb508b46fcb7510d949068d76876f5ff9c26175ceb408191ed
78222c3c140e0abf1a78c203,Primeira Liga,2022/2023,DEVELOPMENT,2022-08-28,20:30,MATCH_KICKOFF_TIME_TIMEZONE_NOT_STATED_BY_SOURCE,,NOT_VERIFIED_DO_NOT_INFER,Rio Ave,Porto,3,1,H,EVALUATION_ONLY_JOIN_AFTER_PREMATCH_FEATURE_FREEZE,10.29,5.29,1.3,EXTERNAL_HISTORICAL_MARKET_BENCHMARK,NOT_AVAILABLE,NOT_GOLDBET,d18101dc8557bfd21f8e5383688ef394cbef688cc0ccc75b999e77419a52c7b4
25b13dda68be1706b22a681d,Primeira Liga,2022/2023,DEVELOPMENT,2022-08-29,19:00,MATCH_KICKOFF_TIME_TIMEZONE_NOT_STATED_BY_SOURCE,,NOT_VERIFIED_DO_NOT_INFER,Guimaraes,Casa Pia,0,1,A,EVALUATION_ONLY_JOIN_AFTER_PREMATCH_FEATURE_FREEZE,2.28,3.03,3.44,EXTERNAL_HISTORICAL_MARKET_BENCHMARK,NOT_AVAILABLE,NOT_GOLDBET,7f3de09b6019856220190f8b8456cd3115e9ed2ddde6920f3f104fdfbf125379
4629f597f9151c0a8847402e,Primeira Liga,2022/2023,DEVELOPMENT,2022-08-29,21:15,MATCH_KICKOFF_TIME_TIMEZONE_NOT_STATED_BY_SOURCE,,NOT_VERIFIED_DO_NOT_INFER,Vizela,Gil Vicente,2,2,D,EVALUATION_ONLY_JOIN_AFTER_PREMATCH_FEATURE_FREEZE,2.4,3.22,3.03,EXTERNAL_HISTORICAL_MARKET_BENCHMARK,NOT_AVAILABLE,NOT_GOLDBET,62c14e343152ba6d5025fb616f098f33d4b5a44e4b8995a46ddc0bcb9313598f
d41f4ad3825bfbaa0ac848b6,Primeira Liga,2022/2023,DEVELOPMENT,2022-08-30,20:15,MATCH_KICKOFF_TIME_TIMEZONE_NOT_STATED_BY_SOURCE,,NOT_VERIFIED_DO_NOT_INFER,Benfica,Pacos Ferreira,3,2,H,EVALUATION_ONLY_JOIN_AFTER_PREMATCH_FEATURE_FREEZE,1.07,11.63,29.24,EXTERNAL_HISTORICAL_MARKET_BENCHMARK,NOT_AVAILABLE,NOT_GOLDBET,5a5df8c289e78c8aedb285c7ff17af7a8941967c6db828460265f1ad09fa9839
df4e6c08ac80167937d40e40,Primeira Liga,2022/2023,DEVELOPMENT,2022-09-02,19:00,MATCH_KICKOFF_TIME_TIMEZONE_NOT_STATED_BY_SOURCE,,NOT_VERIFIED_DO_NOT_INFER,Benfica,Vizela,2,1,H,EVALUATION_ONLY_JOIN_AFTER_PREMATCH_FEATURE_FREEZE,1.19,7.12,13.71,EXTERNAL_HISTORICAL_MARKET_BENCHMARK,NOT_AVAILABLE,NOT_GOLDBET,bd8acc10c6920c4bcc4ebf9e1ea2932670e9ea9f0af5d6206639e5045e92af16
c17269f161d7c94c0dac8c3b,Primeira Liga,2022/2023,DEVELOPMENT,2022-09-02,21:15,MATCH_KICKOFF_TIME_TIMEZONE_NOT_STATED_BY_SOURCE,,NOT_VERIFIED_DO_NOT_INFER,Estoril,Sp Lisbon,0,2,A,EVALUATION_ONLY_JOIN_AFTER_PREMATCH_FEATURE_FREEZE,7.24,4.59,1.42,EXTERNAL_HISTORICAL_MARKET_BENCHMARK,NOT_AVAILABLE,NOT_GOLDBET,0aee22fe46dc992675902de2e98685549fb1750620f05547985d9629728f72fa
346d7030adde6798f419338c,Primeira Liga,2022/2023,DEVELOPMENT,2022-09-03,15:30,MATCH_KICKOFF_TIME_TIMEZONE_NOT_STATED_BY_SOURCE,,NOT_VERIFIED_DO_NOT_INFER,Sp Braga,Guimaraes,1,0,H,EVALUATION_ONLY_JOIN_AFTER_PREMATCH_FEATURE_FREEZE,1.37,4.88,8.1,EXTERNAL_HISTORICAL_MARKET_BENCHMARK,NOT_AVAILABLE,NOT_GOLDBET,b06d3d5cbbe28e888e9d2cedf4f831598e15e44aecfb035a1a4e9a8a7a2e1dc7
dbc252f5039e2f5c8360283e,Primeira Liga,2022/2023,DEVELOPMENT,2022-09-03,20:30,MATCH_KICKOFF_TIME_TIMEZONE_NOT_STATED_BY_SOURCE,,NOT_VERIFIED_DO_NOT_INFER,Gil Vicente,Porto,0,2,A,EVALUATION_ONLY_JOIN_AFTER_PREMATCH_FEATURE_FREEZE,10.46,5.51,1.28,EXTERNAL_HISTORICAL_MARKET_BENCHMARK,NOT_AVAILABLE,NOT_GOLDBET,e31d38e5d30021fbf1ee3aadac63edf8a40d8dab330e9273a94ff39aa2c7612e
f044b87e474e0f35f4f7eacf,Primeira Liga,2022/2023,DEVELOPMENT,2022-09-04,15:30,MATCH_KICKOFF_TIME_TIMEZONE_NOT_STATED_BY_SOURCE,,NOT_VERIFIED_DO_NOT_INFER,Casa Pia,Arouca,0,0,D,EVALUATION_ONLY_JOIN_AFTER_PREMATCH_FEATURE_FREEZE,1.97,3.23,4.18,EXTERNAL_HISTORICAL_MARKET_BENCHMARK,NOT_AVAILABLE,NOT_GOLDBET,a52c2bccaa250b22ab0816706bf45e2fa4816dee040243e9e4b3b667410916c7
74f58e0b01ae476fb7a70449,Primeira Liga,2022/2023,DEVELOPMENT,2022-09-04,18:00,MATCH_KICKOFF_TIME_TIMEZONE_NOT_STATED_BY_SOURCE,,NOT_VERIFIED_DO_NOT_INFER,Santa Clara,Maritimo,2,1,H,EVALUATION_ONLY_JOIN_AFTER_PREMATCH_FEATURE_FREEZE,2.07,3.18,3.82,EXTERNAL_HISTORICAL_MARKET_BENCHMARK,NOT_AVAILABLE,NOT_GOLDBET,fe58870003b5042e6a9a0a926cfe9aa76cb500e756d900dfa9a40535d7ca11ed
d95efda0f2b9513cddceada2,Primeira Liga,2022/2023,DEVELOPMENT,2022-09-04,20:30,MATCH_KICKOFF_TIME_TIMEZONE_NOT_STATED_BY_SOURCE,,NOT_VERIFIED_DO_NOT_INFER,Portimonense,Famalicao,1,0,H,EVALUATION_ONLY_JOIN_AFTER_PREMATCH_FEATURE_FREEZE,2.46,3.18,2.96,EXTERNAL_HISTORICAL_MARKET_BENCHMARK,NOT_AVAILABLE,NOT_GOLDBET,290bebb13c01f3d89ccfbe18ea6afbe70b6d0d7c2d843d72c4b60e236550d72a
5ddad2aed4f023d23fbd5168,Primeira Liga,2022/2023,DEVELOPMENT,2022-09-05,19:00,MATCH_KICKOFF_TIME_TIMEZONE_NOT_STATED_BY_SOURCE,,NOT_VERIFIED_DO_NOT_INFER,Boavista,Pacos Ferreira,1,0,H,EVALUATION_ONLY_JOIN_AFTER_PREMATCH_FEATURE_FREEZE,1.94,3.32,4.17,EXTERNAL_HISTORICAL_MARKET_BENCHMARK,NOT_AVAILABLE,NOT_GOLDBET,007de4797997e9fbd71256d512d08fda48e489d4f12332f64883d80b1412f09b
ee576b48ae31fe44d84f2380,Primeira Liga,2022/2023,DEVELOPMENT,2022-09-05,21:15,MATCH_KICKOFF_TIME_TIMEZONE_NOT_STATED_BY_SOURCE,,NOT_VERIFIED_DO_NOT_INFER,Chaves,Rio Ave,1,1,D,EVALUATION_ONLY_JOIN_AFTER_PREMATCH_FEATURE_FREEZE,2.41,3.08,3.13,EXTERNAL_HISTORICAL_MARKET_BENCHMARK,NOT_AVAILABLE,NOT_GOLDBET,ff8f24e9634b333376afd7301787ccad9137c3e733d2a1f2590fbe31ae983ca9
10371356aa4b9ce9628528b0,Primeira Liga,2022/2023,DEVELOPMENT,2022-09-09,20:15,MATCH_KICKOFF_TIME_TIMEZONE_NOT_STATED_BY_SOURCE,,NOT_VERIFIED_DO_NOT_INFER,Guimaraes,Santa Clara,1,0,H,EVALUATION_ONLY_JOIN_AFTER_PREMATCH_FEATURE_FREEZE,2.03,3.21,3.95,EXTERNAL_HISTORICAL_MARKET_BENCHMARK,NOT_AVAILABLE,NOT_GOLDBET,c094fa352566248e4e2131b23c3454deb46edffe776cd087af1eac80a59007ed
db82052768d567fa3cac24f8,Primeira Liga,2022/2023,DEVELOPMENT,2022-09-10,15:30,MATCH_KICKOFF_TIME_TIMEZONE_NOT_STATED_BY_SOURCE,,NOT_VERIFIED_DO_NOT_INFER,Famalicao,Benfica,0,1,A,EVALUATION_ONLY_JOIN_AFTER_PREMATCH_FEATURE_FREEZE,7.49,4.7,1.41,EXTERNAL_HISTORICAL_MARKET_BENCHMARK,NOT_AVAILABLE,NOT_GOLDBET,32304336f6ed81d007653fc9460b17243eb7aa0e8a0037c981578ff01242aa38
ce1097172ddac57d7eeadb3d,Primeira Liga,2022/2023,DEVELOPMENT,2022-09-10,18:00,MATCH_KICKOFF_TIME_TIMEZONE_NOT_STATED_BY_SOURCE,,NOT_VERIFIED_DO_NOT_INFER,Sp Lisbon,Portimonense,4,0,H,EVALUATION_ONLY_JOIN_AFTER_PREMATCH_FEATURE_FREEZE,1.31,5.46,9.11,EXTERNAL_HISTORICAL_MARKET_BENCHMARK,NOT_AVAILABLE,NOT_GOLDBET,326445b7b7205f1a769cedde72c3d37d39dfec7c3c464e2fa4525268ca4415d0
92ee9004e59a8a149c4331d2,Primeira Liga,2022/2023,DEVELOPMENT,2022-09-10,20:30,MATCH_KICKOFF_TIME_TIMEZONE_NOT_STATED_BY_SOURCE,,NOT_VERIFIED_DO_NOT_INFER,Porto,Chaves,3,0,H,EVALUATION_ONLY_JOIN_AFTER_PREMATCH_FEATURE_FREEZE,1.2,6.56,13.55,EXTERNAL_HISTORICAL_MARKET_BENCHMARK,NOT_AVAILABLE,NOT_GOLDBET,124d1af449625982ad49debc71c14db834a8c20e1ddf7ce21ca24216246ee97b
46201cdae5349057458b8c3b,Primeira Liga,2022/2023,DEVELOPMENT,2022-09-11,15:30,MATCH_KICKOFF_TIME_TIMEZONE_NOT_STATED_BY_SOURCE,,NOT_VERIFIED_DO_NOT_INFER,Pacos Ferreira,Casa Pia,2,3,A,EVALUATION_ONLY_JOIN_AFTER_PREMATCH_FEATURE_FREEZE,3.07,3.02,2.5,EXTERNAL_HISTORICAL_MARKET_BENCHMARK,NOT_AVAILABLE,NOT_GOLDBET,0524ee02f0a0d8487270467137a8a60d4fd58b80f14fd3c7a2e239fbde230910
343a728a1ff8e3a31a82d1ea,Primeira Liga,2022/2023,DEVELOPMENT,2022-09-11,18:00,MATCH_KICKOFF_TIME_TIMEZONE_NOT_STATED_BY_SOURCE,,NOT_VERIFIED_DO_NOT_INFER,Arouca,Boavista,1,2,A,EVALUATION_ONLY_JOIN_AFTER_PREMATCH_FEATURE_FREEZE,2.74,2.97,2.81,EXTERNAL_HISTORICAL_MARKET_BENCHMARK,NOT_AVAILABLE,NOT_GOLDBET,5450f40fd8de6af79a677664b5888515cdb647454323ad8d8c399ad3cb5b7762
4ef44ae841bdb80ef3336a19,Primeira Liga,2022/2023,DEVELOPMENT,2022-09-11,18:00,MATCH_KICKOFF_TIME_TIMEZONE_NOT_STATED_BY_SOURCE,,NOT_VERIFIED_DO_NOT_INFER,Maritimo,Gil Vicente,1,2,A,EVALUATION_ONLY_JOIN_AFTER_PREMATCH_FEATURE_FREEZE,2.75,3.17,2.65,EXTERNAL_HISTORICAL_MARKET_BENCHMARK,NOT_AVAILABLE,NOT_GOLDBET,badf94f053b6cf5afa37d5c74f33b5bb03a96a174cf127d82a8953168b26b660
85310473c1ef7e64d4d88ca0,Primeira Liga,2022/2023,DEVELOPMENT,2022-09-11,20:30,MATCH_KICKOFF_TIME_TIMEZONE_NOT_STATED_BY_SOURCE,,NOT_VERIFIED_DO_NOT_INFER,Rio Ave,Sp Braga,2,3,A,EVALUATION_ONLY_JOIN_AFTER_PREMATCH_FEATURE_FREEZE,5.66,4.09,1.56,EXTERNAL_HISTORICAL_MARKET_BENCHMARK,NOT_AVAILABLE,NOT_GOLDBET,a2ebe6e5c3a7daf6655657f25422b7ec5e92b8b2051328ee9d6b540dc8f6633b
e946e2a909c65f8422c04675,Primeira Liga,2022/2023,DEVELOPMENT,2022-09-12,20:15,MATCH_KICKOFF_TIME_TIMEZONE_NOT_STATED_BY_SOURCE,,NOT_VERIFIED_DO_NOT_INFER,Vizela,Estoril,0,1,A,EVALUATION_ONLY_JOIN_AFTER_PREMATCH_FEATURE_FREEZE,2.06,3.35,3.59,EXTERNAL_HISTORICAL_MARKET_BENCHMARK,NOT_AVAILABLE,NOT_GOLDBET,fd9f0be154ce368dbe950bc755c2fd3546309abe4ad18d6c733a9db3644f1138
4b146e1e88c792e37c1a04f1,Primeira Liga,2022/2023,DEVELOPMENT,2022-09-16,20:15,MATCH_KICKOFF_TIME_TIMEZONE_NOT_STATED_BY_SOURCE,,NOT_VERIFIED_DO_NOT_INFER,Portimonense,Chaves,1,0,H,EVALUATION_ONLY_JOIN_AFTER_PREMATCH_FEATURE_FREEZE,2.22,3.22,3.38,EXTERNAL_HISTORICAL_MARKET_BENCHMARK,NOT_AVAILABLE,NOT_GOLDBET,31c02c25a58e0eacbd806d63fbe23be0f487415502c06ec9bdd17dab8674ae96
a432debced0bb8fcdeb4a9d2,Primeira Liga,2022/2023,DEVELOPMENT,2022-09-17,15:30,MATCH_KICKOFF_TIME_TIMEZONE_NOT_STATED_BY_SOURCE,,NOT_VERIFIED_DO_NOT_INFER,Gil Vicente,Rio Ave,2,2,D,EVALUATION_ONLY_JOIN_AFTER_PREMATCH_FEATURE_FREEZE,2.03,3.4,3.71,EXTERNAL_HISTORICAL_MARKET_BENCHMARK,NOT_AVAILABLE,NOT_GOLDBET,344ddbf17b5d516f060ea7599077305cb0cd412c2b80e61e0e3ab43523d49b3a
17b6b095b11d579aeb01ce89,Primeira Liga,2022/2023,DEVELOPMENT,2022-09-17,15:30,MATCH_KICKOFF_TIME_TIMEZONE_NOT_STATED_BY_SOURCE,,NOT_VERIFIED_DO_NOT_INFER,Santa Clara,Pacos Ferreira,1,1,D,EVALUATION_ONLY_JOIN_AFTER_PREMATCH_FEATURE_FREEZE,1.84,3.33,4.67,EXTERNAL_HISTORICAL_MARKET_BENCHMARK,NOT_AVAILABLE,NOT_GOLDBET,1933e4eb4898a3c78d75d2d56f3d52ab2021589e7dcb99bb3d7be8e0a484f5cf
4fe24c07eab5a1097ae2ab7a,Primeira Liga,2022/2023,DEVELOPMENT,2022-09-17,18:00,MATCH_KICKOFF_TIME_TIMEZONE_NOT_STATED_BY_SOURCE,,NOT_VERIFIED_DO_NOT_INFER,Estoril,Porto,1,1,D,EVALUATION_ONLY_JOIN_AFTER_PREMATCH_FEATURE_FREEZE,8.79,4.8,1.36,EXTERNAL_HISTORICAL_MARKET_BENCHMARK,NOT_AVAILABLE,NOT_GOLDBET,5b16497f0ac2f6e09ea032ace0a113ef68a4d584ea206dd17c340a65e91b13bc
3aefe448da6fc5ebf0b160a0,Primeira Liga,2022/2023,DEVELOPMENT,2022-09-17,20:30,MATCH_KICKOFF_TIME_TIMEZONE_NOT_STATED_BY_SOURCE,,NOT_VERIFIED_DO_NOT_INFER,Boavista,Sp Lisbon,2,1,H,EVALUATION_ONLY_JOIN_AFTER_PREMATCH_FEATURE_FREEZE,7.42,4.46,1.43,EXTERNAL_HISTORICAL_MARKET_BENCHMARK,NOT_AVAILABLE,NOT_GOLDBET,dd41c40b75610898652f0ba8abfe1febbff3e3f4a8370e0ca489eb22699693da
c6cc16598c5f64536341a100,Primeira Liga,2022/2023,DEVELOPMENT,2022-09-18,15:30,MATCH_KICKOFF_TIME_TIMEZONE_NOT_STATED_BY_SOURCE,,NOT_VERIFIED_DO_NOT_INFER,Arouca,Guimaraes,2,2,D,EVALUATION_ONLY_JOIN_AFTER_PREMATCH_FEATURE_FREEZE,2.92,3.07,2.57,EXTERNAL_HISTORICAL_MARKET_BENCHMARK,NOT_AVAILABLE,NOT_GOLDBET,147772458b4f152079400f5328ffffceb6e483074a27afdfc613a9bc0559cde6
0f22c92c293aeadb3cbf8d92,Primeira Liga,2022/2023,DEVELOPMENT,2022-09-18,18:00,MATCH_KICKOFF_TIME_TIMEZONE_NOT_STATED_BY_SOURCE,,NOT_VERIFIED_DO_NOT_INFER,Benfica,Maritimo,5,0,H,EVALUATION_ONLY_JOIN_AFTER_PREMATCH_FEATURE_FREEZE,1.11,9.07,21.05,EXTERNAL_HISTORICAL_MARKET_BENCHMARK,NOT_AVAILABLE,NOT_GOLDBET,5734a04b35e1bdbb4b508b5e6bf1a98553d75aa72ba56f608aacb3571c74d51a
a6511484d54ea3185652cb01,Primeira Liga,2022/2023,DEVELOPMENT,2022-09-18,18:00,MATCH_KICKOFF_TIME_TIMEZONE_NOT_STATED_BY_SOURCE,,NOT_VERIFIED_DO_NOT_INFER,Casa Pia,Famalicao,1,0,H,EVALUATION_ONLY_JOIN_AFTER_PREMATCH_FEATURE_FREEZE,2.36,3.01,3.26,EXTERNAL_HISTORICAL_MARKET_BENCHMARK,NOT_AVAILABLE,NOT_GOLDBET,281182784486ec4a7414c167f116e236a9eeff9a116b4f3c6c965717acfdb472
bbac4a77b76b72eeb06cd1f0,Primeira Liga,2022/2023,DEVELOPMENT,2022-09-18,20:30,MATCH_KICKOFF_TIME_TIMEZONE_NOT_STATED_BY_SOURCE,,NOT_VERIFIED_DO_NOT_INFER,Sp Braga,Vizela,2,0,H,EVALUATION_ONLY_JOIN_AFTER_PREMATCH_FEATURE_FREEZE,1.4,4.88,7.18,EXTERNAL_HISTORICAL_MARKET_BENCHMARK,NOT_AVAILABLE,NOT_GOLDBET,fe9fc13cee0b26a91340221f5c591a84dcb3aa944108ed5f531775ccf105ab1a
1f64856965780dd05cd8d21c,Primeira Liga,2022/2023,DEVELOPMENT,2022-09-30,19:00,MATCH_KICKOFF_TIME_TIMEZONE_NOT_STATED_BY_SOURCE,,NOT_VERIFIED_DO_NOT_INFER,Sp Lisbon,Gil Vicente,3,1,H,EVALUATION_ONLY_JOIN_AFTER_PREMATCH_FEATURE_FREEZE,1.3,5.39,9.58,EXTERNAL_HISTORICAL_MARKET_BENCHMARK,NOT_AVAILABLE,NOT_GOLDBET,0f6beb2fef350ace92af27b1538f3d63d61a93de4e149b7bf2f5ca2ec5e90c9a
80cb6c742b45be287dc42906,Primeira Liga,2022/2023,DEVELOPMENT,2022-09-30,21:15,MATCH_KICKOFF_TIME_TIMEZONE_NOT_STATED_BY_SOURCE,,NOT_VERIFIED_DO_NOT_INFER,Porto,Sp Braga,4,1,H,EVALUATION_ONLY_JOIN_AFTER_PREMATCH_FEATURE_FREEZE,1.91,3.65,3.78,EXTERNAL_HISTORICAL_MARKET_BENCHMARK,NOT_AVAILABLE,NOT_GOLDBET,3fd7197739099de06f4249de40507c2dde7d5aa337044491e125d0870abb7920
f97214ef2e0265dc99a3d021,Primeira Liga,2022/2023,DEVELOPMENT,2022-10-01,15:30,MATCH_KICKOFF_TIME_TIMEZONE_NOT_STATED_BY_SOURCE,,NOT_VERIFIED_DO_NOT_INFER,Vizela,Portimonense,1,0,H,EVALUATION_ONLY_JOIN_AFTER_PREMATCH_FEATURE_FREEZE,1.92,3.45,4,EXTERNAL_HISTORICAL_MARKET_BENCHMARK,NOT_AVAILABLE,NOT_GOLDBET,b6e0dbd072ede3040aba512323b2a3d94767c156771e2cd53b1ea3c83a22289e
67d8e21a13bedad97b2d9a28,Primeira Liga,2022/2023,DEVELOPMENT,2022-10-01,18:00,MATCH_KICKOFF_TIME_TIMEZONE_NOT_STATED_BY_SOURCE,,NOT_VERIFIED_DO_NOT_INFER,Chaves,Estoril,1,1,D,EVALUATION_ONLY_JOIN_AFTER_PREMATCH_FEATURE_FREEZE,2.21,3.25,3.36,EXTERNAL_HISTORICAL_MARKET_BENCHMARK,NOT_AVAILABLE,NOT_GOLDBET,1d0e363d15742cc8f4d4e884d27607d1f4c6fc01161a4593dc210b2279e4c503
7d8c0b747e794329e30c9e27,Primeira Liga,2022/2023,DEVELOPMENT,2022-10-01,20:30,MATCH_KICKOFF_TIME_TIMEZONE_NOT_STATED_BY_SOURCE,,NOT_VERIFIED_DO_NOT_INFER,Guimaraes,Benfica,0,0,D,EVALUATION_ONLY_JOIN_AFTER_PREMATCH_FEATURE_FREEZE,9.09,5.39,1.31,EXTERNAL_HISTORICAL_MARKET_BENCHMARK,NOT_AVAILABLE,NOT_GOLDBET,043fffe56cea606ee7553ee963728f4e967d49136ffc3d9b686c5e55d6b31fd1
5e1717a4f3d800bc6e2d128f,Primeira Liga,2022/2023,DEVELOPMENT,2022-10-02,15:30,MATCH_KICKOFF_TIME_TIMEZONE_NOT_STATED_BY_SOURCE,,NOT_VERIFIED_DO_NOT_INFER,Rio Ave,Santa Clara,1,0,H,EVALUATION_ONLY_JOIN_AFTER_PREMATCH_FEATURE_FREEZE,2.38,3.01,3.27,EXTERNAL_HISTORICAL_MARKET_BENCHMARK,NOT_AVAILABLE,NOT_GOLDBET,c26d38606f63e6d5025e788bad6870aab45335fd2681bacf0eccded1f3338525
0d37cb1fdaf801710a9367c7,Primeira Liga,2022/2023,DEVELOPMENT,2022-10-02,18:00,MATCH_KICKOFF_TIME_TIMEZONE_NOT_STATED_BY_SOURCE,,NOT_VERIFIED_DO_NOT_INFER,Pacos Ferreira,Arouca,1,1,D,EVALUATION_ONLY_JOIN_AFTER_PREMATCH_FEATURE_FREEZE,2.55,3.17,2.85,EXTERNAL_HISTORICAL_MARKET_BENCHMARK,NOT_AVAILABLE,NOT_GOLDBET,27207db93ad98fe3045f249114c0f1ce7562f5e7753bbaa2d0035ed5494228b9
108cf88339483bd26d176160,Primeira Liga,2022/2023,DEVELOPMENT,2022-10-02,20:30,MATCH_KICKOFF_TIME_TIMEZONE_NOT_STATED_BY_SOURCE,,NOT_VERIFIED_DO_NOT_INFER,Famalicao,Boavista,4,0,H,EVALUATION_ONLY_JOIN_AFTER_PREMATCH_FEATURE_FREEZE,2.11,3.14,3.8,EXTERNAL_HISTORICAL_MARKET_BENCHMARK,NOT_AVAILABLE,NOT_GOLDBET,0d3d5eca02a3d0557da881c73d3338c0a86bcaf53a24224ad63fb50c8730568d
8466f7daf318046a18cfa65b,Primeira Liga,2022/2023,DEVELOPMENT,2022-10-03,20:15,MATCH_KICKOFF_TIME_TIMEZONE_NOT_STATED_BY_SOURCE,,NOT_VERIFIED_DO_NOT_INFER,Maritimo,Casa Pia,1,2,A,EVALUATION_ONLY_JOIN_AFTER_PREMATCH_FEATURE_FREEZE,3.07,3.1,2.44,EXTERNAL_HISTORICAL_MARKET_BENCHMARK,NOT_AVAILABLE,NOT_GOLDBET,bac107bf2fa08c4d74d363a05243f507aa388bfbc2f298021bd280186188be28
a6f171798aac8d7d2820c911,Primeira Liga,2022/2023,DEVELOPMENT,2022-10-07,20:15,MATCH_KICKOFF_TIME_TIMEZONE_NOT_STATED_BY_SOURCE,,NOT_VERIFIED_DO_NOT_INFER,Gil Vicente,Estoril,0,1,A,EVALUATION_ONLY_JOIN_AFTER_PREMATCH_FEATURE_FREEZE,2.19,3.4,3.24,EXTERNAL_HISTORICAL_MARKET_BENCHMARK,NOT_AVAILABLE,NOT_GOLDBET,737806f849022cf348b78600871ce30ede14bcaaa7b3138eefba174ba6756141
116a7942233520a72c61b885,Primeira Liga,2022/2023,DEVELOPMENT,2022-10-08,15:30,MATCH_KICKOFF_TIME_TIMEZONE_NOT_STATED_BY_SOURCE,,NOT_VERIFIED_DO_NOT_INFER,Santa Clara,Sp Lisbon,1,2,A,EVALUATION_ONLY_JOIN_AFTER_PREMATCH_FEATURE_FREEZE,7.15,4.38,1.45,EXTERNAL_HISTORICAL_MARKET_BENCHMARK,NOT_AVAILABLE,NOT_GOLDBET,1bcbc50d67c8988d0f8c5d80362aa6995adfb84a2ef7cdf26b903229ab193f75
0017ea56b144d668ee978efe,Primeira Liga,2022/2023,DEVELOPMENT,2022-10-08,18:00,MATCH_KICKOFF_TIME_TIMEZONE_NOT_STATED_BY_SOURCE,,NOT_VERIFIED_DO_NOT_INFER,Benfica,Rio Ave,4,2,H,EVALUATION_ONLY_JOIN_AFTER_PREMATCH_FEATURE_FREEZE,1.19,6.82,14.33,EXTERNAL_HISTORICAL_MARKET_BENCHMARK,NOT_AVAILABLE,NOT_GOLDBET,52df074c91da57e02b2a9584df6ea1528dc8bbc962bdc9ec5898243751d2eab0
0073274ab946bd0a85e9174f,Primeira Liga,2022/2023,DEVELOPMENT,2022-10-08,18:00,MATCH_KICKOFF_TIME_TIMEZONE_NOT_STATED_BY_SOURCE,,NOT_VERIFIED_DO_NOT_INFER,Portimonense,Porto,0,2,A,EVALUATION_ONLY_JOIN_AFTER_PREMATCH_FEATURE_FREEZE,8.32,4.88,1.36,EXTERNAL_HISTORICAL_MARKET_BENCHMARK,NOT_AVAILABLE,NOT_GOLDBET,37248cef99e733f1d5e80cbec1ee31366aa36a501bb0b96480c4f66eed5a1d00
b26bc3acb4e4d68cc747768e,Primeira Liga,2022/2023,DEVELOPMENT,2022-10-08,20:30,MATCH_KICKOFF_TIME_TIMEZONE_NOT_STATED_BY_SOURCE,,NOT_VERIFIED_DO_NOT_INFER,Pacos Ferreira,Guimaraes,0,1,A,EVALUATION_ONLY_JOIN_AFTER_PREMATCH_FEATURE_FREEZE,3.41,3.24,2.17,EXTERNAL_HISTORICAL_MARKET_BENCHMARK,NOT_AVAILABLE,NOT_GOLDBET,1c72f677f9b84d9a82e40475434c0cde94eb990582fe5ba5f0563f9b8221dc9a
f6ee12269c24fe557f340d85,Primeira Liga,2022/2023,DEVELOPMENT,2022-10-09,15:30,MATCH_KICKOFF_TIME_TIMEZONE_NOT_STATED_BY_SOURCE,,NOT_VERIFIED_DO_NOT_INFER,Boavista,Maritimo,1,1,D,EVALUATION_ONLY_JOIN_AFTER_PREMATCH_FEATURE_FREEZE,1.81,3.53,4.54,EXTERNAL_HISTORICAL_MARKET_BENCHMARK,NOT_AVAILABLE,NOT_GOLDBET,9f5af4fa513682494bc6f8d75bd997951f1831ef4aa8b9425b234857998a8dcd
3c6ff241a981a14387687c25,Primeira Liga,2022/2023,DEVELOPMENT,2022-10-09,18:00,MATCH_KICKOFF_TIME_TIMEZONE_NOT_STATED_BY_SOURCE,,NOT_VERIFIED_DO_NOT_INFER,Casa Pia,Vizela,0,1,A,EVALUATION_ONLY_JOIN_AFTER_PREMATCH_FEATURE_FREEZE,2.45,3.17,2.98,EXTERNAL_HISTORICAL_MARKET_BENCHMARK,NOT_AVAILABLE,NOT_GOLDBET,abd3423bce701930018a24738fc7425337e075b2f23b250d184877bbd845fe74
91304745cf1ff59d7631f5c1,Primeira Liga,2022/2023,DEVELOPMENT,2022-10-09,20:30,MATCH_KICKOFF_TIME_TIMEZONE_NOT_STATED_BY_SOURCE,,NOT_VERIFIED_DO_NOT_INFER,Sp Braga,Chaves,0,1,A,EVALUATION_ONLY_JOIN_AFTER_PREMATCH_FEATURE_FREEZE,1.39,5,7.19,EXTERNAL_HISTORICAL_MARKET_BENCHMARK,NOT_AVAILABLE,NOT_GOLDBET,51daa6c2062f8c7fb35b5d020aefee5c1bab0b667969669ced8b535736fc4f97
9c94b4ad43b9b76369217195,Primeira Liga,2022/2023,DEVELOPMENT,2022-10-10,20:15,MATCH_KICKOFF_TIME_TIMEZONE_NOT_STATED_BY_SOURCE,,NOT_VERIFIED_DO_NOT_INFER,Arouca,Famalicao,4,1,H,EVALUATION_ONLY_JOIN_AFTER_PREMATCH_FEATURE_FREEZE,2.87,3.08,2.59,EXTERNAL_HISTORICAL_MARKET_BENCHMARK,NOT_AVAILABLE,NOT_GOLDBET,12eccf09c8bc5912ac330cb39d11d390b80a27c3fcf40a68c87a9dcbea86af48
0e75171ec03d7fef586be839,Primeira Liga,2022/2023,DEVELOPMENT,2022-10-21,20:15,MATCH_KICKOFF_TIME_TIMEZONE_NOT_STATED_BY_SOURCE,,NOT_VERIFIED_DO_NOT_INFER,Porto,Benfica,0,1,A,EVALUATION_ONLY_JOIN_AFTER_PREMATCH_FEATURE_FREEZE,2.35,3.27,3.08,EXTERNAL_HISTORICAL_MARKET_BENCHMARK,NOT_AVAILABLE,NOT_GOLDBET,513fbd57bc0f11140844a686cc42ac87c9536051e05b419f702e6349cba246ff
b2a6b70e60b3c37e4d05e3f2,Primeira Liga,2022/2023,DEVELOPMENT,2022-10-22,15:30,MATCH_KICKOFF_TIME_TIMEZONE_NOT_STATED_BY_SOURCE,,NOT_VERIFIED_DO_NOT_INFER,Famalicao,Pacos Ferreira,2,1,H,EVALUATION_ONLY_JOIN_AFTER_PREMATCH_FEATURE_FREEZE,1.88,3.35,4.36,EXTERNAL_HISTORICAL_MARKET_BENCHMARK,NOT_AVAILABLE,NOT_GOLDBET,3d7ede07547f95bdc998237afc591ebc9b46758ccafa0d544c11312cbdc6c5e4
829399da2b60c00d4fa3f25e,Primeira Liga,2022/2023,DEVELOPMENT,2022-10-22,18:00,MATCH_KICKOFF_TIME_TIMEZONE_NOT_STATED_BY_SOURCE,,NOT_VERIFIED_DO_NOT_INFER,Estoril,Sp Braga,0,2,A,EVALUATION_ONLY_JOIN_AFTER_PREMATCH_FEATURE_FREEZE,5.42,3.99,1.6,EXTERNAL_HISTORICAL_MARKET_BENCHMARK,NOT_AVAILABLE,NOT_GOLDBET,a00f2fe09e4b44e956db88a83cea32ec8775411bac25da0baf3c81d8fc58065f
0e84822f37123a8b3a8fcc04,Primeira Liga,2022/2023,DEVELOPMENT,2022-10-22,20:30,MATCH_KICKOFF_TIME_TIMEZONE_NOT_STATED_BY_SOURCE,,NOT_VERIFIED_DO_NOT_INFER,Sp Lisbon,Casa Pia,3,1,H,EVALUATION_ONLY_JOIN_AFTER_PREMATCH_FEATURE_FREEZE,1.39,4.71,7.96,EXTERNAL_HISTORICAL_MARKET_BENCHMARK,NOT_AVAILABLE,NOT_GOLDBET,0052ad1b692ef7ec89c1dd1b8681f799ab7d23afb46de961646fa2473bf5e281
c585c68e6738c1fb2dc7bea8,Primeira Liga,2022/2023,DEVELOPMENT,2022-10-23,15:30,MATCH_KICKOFF_TIME_TIMEZONE_NOT_STATED_BY_SOURCE,,NOT_VERIFIED_DO_NOT_INFER,Maritimo,Arouca,1,1,D,EVALUATION_ONLY_JOIN_AFTER_PREMATCH_FEATURE_FREEZE,2.44,3.25,2.93,EXTERNAL_HISTORICAL_MARKET_BENCHMARK,NOT_AVAILABLE,NOT_GOLDBET,1228f9ff04cc908f135ddd8f90f7cf45eab9299d0e6cc4aab54c2883e9b2ad7a
383f85617fb99198feaba60e,Primeira Liga,2022/2023,DEVELOPMENT,2022-10-23,15:30,MATCH_KICKOFF_TIME_TIMEZONE_NOT_STATED_BY_SOURCE,,NOT_VERIFIED_DO_NOT_INFER,Vizela,Santa Clara,0,1,A,EVALUATION_ONLY_JOIN_AFTER_PREMATCH_FEATURE_FREEZE,1.99,3.32,3.92,EXTERNAL_HISTORICAL_MARKET_BENCHMARK,NOT_AVAILABLE,NOT_GOLDBET,bcc163d93e085d7ca92d524a522fda3e3693a0525ff8b2a4ba25b8d0fa9c2ef7
982fa8fda24d68e5603b2536,Primeira Liga,2022/2023,DEVELOPMENT,2022-10-23,18:00,MATCH_KICKOFF_TIME_TIMEZONE_NOT_STATED_BY_SOURCE,,NOT_VERIFIED_DO_NOT_INFER,Chaves,Gil Vicente,3,1,H,EVALUATION_ONLY_JOIN_AFTER_PREMATCH_FEATURE_FREEZE,2.6,3.32,2.68,EXTERNAL_HISTORICAL_MARKET_BENCHMARK,NOT_AVAILABLE,NOT_GOLDBET,b03c88fea0ac41f044edf6e59dc71d3ce48010e8c7616b88bdf1f1be51309437
a056e5261f523655da75e18e,Primeira Liga,2022/2023,DEVELOPMENT,2022-10-23,20:30,MATCH_KICKOFF_TIME_TIMEZONE_NOT_STATED_BY_SOURCE,,NOT_VERIFIED_DO_NOT_INFER,Guimaraes,Boavista,3,2,H,EVALUATION_ONLY_JOIN_AFTER_PREMATCH_FEATURE_FREEZE,2.19,3.11,3.55,EXTERNAL_HISTORICAL_MARKET_BENCHMARK,NOT_AVAILABLE,NOT_GOLDBET,d59c4959534f1ec5aa1c653bf7d883f723a1e6f9e35cf45fbee126307a33b76b
293b6baf1f575606ecbb717d,Primeira Liga,2022/2023,DEVELOPMENT,2022-10-24,20:15,MATCH_KICKOFF_TIME_TIMEZONE_NOT_STATED_BY_SOURCE,,NOT_VERIFIED_DO_NOT_INFER,Rio Ave,Portimonense,1,0,H,EVALUATION_ONLY_JOIN_AFTER_PREMATCH_FEATURE_FREEZE,2.34,3.21,3.12,EXTERNAL_HISTORICAL_MARKET_BENCHMARK,NOT_AVAILABLE,NOT_GOLDBET,8e5b13ee4cb86af7718252b272a1fe5140cf6a8a091b69b9ea6f6e6ef3f5f271
3cec243fe6998824c667675c,Primeira Liga,2022/2023,DEVELOPMENT,2022-10-28,20:15,MATCH_KICKOFF_TIME_TIMEZONE_NOT_STATED_BY_SOURCE,,NOT_VERIFIED_DO_NOT_INFER,Pacos Ferreira,Maritimo,0,1,A,EVALUATION_ONLY_JOIN_AFTER_PREMATCH_FEATURE_FREEZE,2.3,3.27,3.16,EXTERNAL_HISTORICAL_MARKET_BENCHMARK,NOT_AVAILABLE,NOT_GOLDBET,5bc8b72e95a6e62d9e04299b1a57daec2ca0c3573ba7673e7c55186b00362fb0
585b80f946d55de16708d972,Primeira Liga,2022/2023,DEVELOPMENT,2022-10-29,15:30,MATCH_KICKOFF_TIME_TIMEZONE_NOT_STATED_BY_SOURCE,,NOT_VERIFIED_DO_NOT_INFER,Santa Clara,Porto,1,1,D,EVALUATION_ONLY_JOIN_AFTER_PREMATCH_FEATURE_FREEZE,10.49,5.13,1.3,EXTERNAL_HISTORICAL_MARKET_BENCHMARK,NOT_AVAILABLE,NOT_GOLDBET,12e19305b195987476b2ea27922ed29fcacd4c11d907d839d4c802ce97c1d1fe
d2449135e0496e6d06ebe959,Primeira Liga,2022/2023,DEVELOPMENT,2022-10-29,18:00,MATCH_KICKOFF_TIME_TIMEZONE_NOT_STATED_BY_SOURCE,,NOT_VERIFIED_DO_NOT_INFER,Benfica,Chaves,5,0,H,EVALUATION_ONLY_JOIN_AFTER_PREMATCH_FEATURE_FREEZE,1.11,9.32,20.55,EXTERNAL_HISTORICAL_MARKET_BENCHMARK,NOT_AVAILABLE,NOT_GOLDBET,9ab07f9a7fd90bbe0a6a09480e83b9a7c19974b742f980fa863e3174191b6f42
6d584d629f71fba653e74ad3,Primeira Liga,2022/2023,DEVELOPMENT,2022-10-29,20:30,MATCH_KICKOFF_TIME_TIMEZONE_NOT_STATED_BY_SOURCE,,NOT_VERIFIED_DO_NOT_INFER,Arouca,Sp Lisbon,1,0,H,EVALUATION_ONLY_JOIN_AFTER_PREMATCH_FEATURE_FREEZE,4.81,3.87,1.69,EXTERNAL_HISTORICAL_MARKET_BENCHMARK,NOT_AVAILABLE,NOT_GOLDBET,325877fca19aa81520cc9a2acbe52e910d2ae195d67807b8055876e22bc47819
d9921c1f2b947cfa59cb46e3,Primeira Liga,2022/2023,DEVELOPMENT,2022-10-30,15:30,MATCH_KICKOFF_TIME_TIMEZONE_NOT_STATED_BY_SOURCE,,NOT_VERIFIED_DO_NOT_INFER,Boavista,Vizela,2,2,D,EVALUATION_ONLY_JOIN_AFTER_PREMATCH_FEATURE_FREEZE,2.75,3.22,2.61,EXTERNAL_HISTORICAL_MARKET_BENCHMARK,NOT_AVAILABLE,NOT_GOLDBET,dcd6294129ac7666f1ef96ffe552910ff46a7ee845b6f826219d06d982ffe943
adeae378db8e3d86acbaa9be,Primeira Liga,2022/2023,DEVELOPMENT,2022-10-30,15:30,MATCH_KICKOFF_TIME_TIMEZONE_NOT_STATED_BY_SOURCE,,NOT_VERIFIED_DO_NOT_INFER,Portimonense,Estoril,1,1,D,EVALUATION_ONLY_JOIN_AFTER_PREMATCH_FEATURE_FREEZE,2.43,3.18,3,EXTERNAL_HISTORICAL_MARKET_BENCHMARK,NOT_AVAILABLE,NOT_GOLDBET,4802e0935137379e3bf43788b7a61d6e0f40db09b72388a091e9e5663031d436
bac167dbed8f5fb5e31bb192,Primeira Liga,2022/2023,DEVELOPMENT,2022-10-30,18:00,MATCH_KICKOFF_TIME_TIMEZONE_NOT_STATED_BY_SOURCE,,NOT_VERIFIED_DO_NOT_INFER,Casa Pia,Rio Ave,1,0,H,EVALUATION_ONLY_JOIN_AFTER_PREMATCH_FEATURE_FREEZE,2.05,3.27,3.78,EXTERNAL_HISTORICAL_MARKET_BENCHMARK,NOT_AVAILABLE,NOT_GOLDBET,617855c5c46d2daffcdc39dab53821460c23ae4d7baf0b4460a51cf0136960ae
21bafa1f9fac2d4b74490c0b,Primeira Liga,2022/2023,DEVELOPMENT,2022-10-30,20:30,MATCH_KICKOFF_TIME_TIMEZONE_NOT_STATED_BY_SOURCE,,NOT_VERIFIED_DO_NOT_INFER,Gil Vicente,Sp Braga,0,1,A,EVALUATION_ONLY_JOIN_AFTER_PREMATCH_FEATURE_FREEZE,5.6,4.26,1.55,EXTERNAL_HISTORICAL_MARKET_BENCHMARK,NOT_AVAILABLE,NOT_GOLDBET,fa35e58b5ad21b628dc6d503f38ed8b0ca867fb2bd14449d06fa8a43b82c4fd5
280593e2a32c35234a1ba606,Primeira Liga,2022/2023,DEVELOPMENT,2022-10-31,20:15,MATCH_KICKOFF_TIME_TIMEZONE_NOT_STATED_BY_SOURCE,,NOT_VERIFIED_DO_NOT_INFER,Guimaraes,Famalicao,3,2,H,EVALUATION_ONLY_JOIN_AFTER_PREMATCH_FEATURE_FREEZE,2.38,3.11,3.17,EXTERNAL_HISTORICAL_MARKET_BENCHMARK,NOT_AVAILABLE,NOT_GOLDBET,f95775b61b167b2399353dbf1270298b3d1e60ea9c703f694ba014f27032feb5
4be276e243e2927007ffa981,Primeira Liga,2022/2023,DEVELOPMENT,2022-11-04,20:15,MATCH_KICKOFF_TIME_TIMEZONE_NOT_STATED_BY_SOURCE,,NOT_VERIFIED_DO_NOT_INFER,Gil Vicente,Portimonense,1,2,A,EVALUATION_ONLY_JOIN_AFTER_PREMATCH_FEATURE_FREEZE,2.19,3.35,3.31,EXTERNAL_HISTORICAL_MARKET_BENCHMARK,NOT_AVAILABLE,NOT_GOLDBET,8f0b32e7fc6e7232d7214921b6a7900179bde8d34d0c6df46b62f46821f6a6a7
90d8573ad6b0949254e9ff0b,Primeira Liga,2022/2023,DEVELOPMENT,2022-11-05,15:30,MATCH_KICKOFF_TIME_TIMEZONE_NOT_STATED_BY_SOURCE,,NOT_VERIFIED_DO_NOT_INFER,Vizela,Arouca,0,1,A,EVALUATION_ONLY_JOIN_AFTER_PREMATCH_FEATURE_FREEZE,2.04,3.3,3.8,EXTERNAL_HISTORICAL_MARKET_BENCHMARK,NOT_AVAILABLE,NOT_GOLDBET,d6603bc07c86609896da375570356a3a32ea88a334d473356cf590e61503c290
88246086311e785535bd4da5,Primeira Liga,2022/2023,DEVELOPMENT,2022-11-05,18:00,MATCH_KICKOFF_TIME_TIMEZONE_NOT_STATED_BY_SOURCE,,NOT_VERIFIED_DO_NOT_INFER,Porto,Pacos Ferreira,4,0,H,EVALUATION_ONLY_JOIN_AFTER_PREMATCH_FEATURE_FREEZE,1.11,8.85,21.37,EXTERNAL_HISTORICAL_MARKET_BENCHMARK,NOT_AVAILABLE,NOT_GOLDBET,1fcdf31b1994cec379f97eaf0d5b6c7b4d5862fa06b5789f7912d8b6b3fdeb67
abc790dc31f03cc962e02a66,Primeira Liga,2022/2023,DEVELOPMENT,2022-11-05,20:30,MATCH_KICKOFF_TIME_TIMEZONE_NOT_STATED_BY_SOURCE,,NOT_VERIFIED_DO_NOT_INFER,Sp Lisbon,Guimaraes,3,0,H,EVALUATION_ONLY_JOIN_AFTER_PREMATCH_FEATURE_FREEZE,1.4,4.73,7.34,EXTERNAL_HISTORICAL_MARKET_BENCHMARK,NOT_AVAILABLE,NOT_GOLDBET,f441deae39837d26eeaf7421b6e1b24bd6facfc5a5193a06611ffbc335db40bd
cb4fb3775bfd8b8cb500342e,Primeira Liga,2022/2023,DEVELOPMENT,2022-11-06,15:30,MATCH_KICKOFF_TIME_TIMEZONE_NOT_STATED_BY_SOURCE,,NOT_VERIFIED_DO_NOT_INFER,Rio Ave,Boavista,1,0,H,EVALUATION_ONLY_JOIN_AFTER_PREMATCH_FEATURE_FREEZE,2.45,3.14,3.01,EXTERNAL_HISTORICAL_MARKET_BENCHMARK,NOT_AVAILABLE,NOT_GOLDBET,c8314d52deeae2c88379a86620fc24989609080f57990ec0a617708753ee1429
c38622c78d8d5dc99e25ee33,Primeira Liga,2022/2023,DEVELOPMENT,2022-11-06,18:00,MATCH_KICKOFF_TIME_TIMEZONE_NOT_STATED_BY_SOURCE,,NOT_VERIFIED_DO_NOT_INFER,Maritimo,Famalicao,0,0,D,EVALUATION_ONLY_JOIN_AFTER_PREMATCH_FEATURE_FREEZE,2.73,3.14,2.68,EXTERNAL_HISTORICAL_MARKET_BENCHMARK,NOT_AVAILABLE,NOT_GOLDBET,1e223d6335668e65947479137e6911f23e0a90bff9486017d23506a989ca3113
60c20c378ebfaac485034df2,Primeira Liga,2022/2023,DEVELOPMENT,2022-11-06,18:00,MATCH_KICKOFF_TIME_TIMEZONE_NOT_STATED_BY_SOURCE,,NOT_VERIFIED_DO_NOT_INFER,Sp Braga,Casa Pia,0,1,A,EVALUATION_ONLY_JOIN_AFTER_PREMATCH_FEATURE_FREEZE,1.4,4.77,7.45,EXTERNAL_HISTORICAL_MARKET_BENCHMARK,NOT_AVAILABLE,NOT_GOLDBET,3989df268ea43bd6d05a37114f83ca05d222bf7c54d34099fcb0028b32c2ac6c
2a36145c37e7e87f30fd6a9b,Primeira Liga,2022/2023,DEVELOPMENT,2022-11-06,20:30,MATCH_KICKOFF_TIME_TIMEZONE_NOT_STATED_BY_SOURCE,,NOT_VERIFIED_DO_NOT_INFER,Estoril,Benfica,1,5,A,EVALUATION_ONLY_JOIN_AFTER_PREMATCH_FEATURE_FREEZE,11.1,6.09,1.24,EXTERNAL_HISTORICAL_MARKET_BENCHMARK,NOT_AVAILABLE,NOT_GOLDBET,0479ad86f09f6a2b12c6c3a49a728026ec55db52963d188e95fcde67d9ef33a6
9e7968bf81e04c8f9fa75fd5,Primeira Liga,2022/2023,DEVELOPMENT,2022-11-07,20:15,MATCH_KICKOFF_TIME_TIMEZONE_NOT_STATED_BY_SOURCE,,NOT_VERIFIED_DO_NOT_INFER,Chaves,Santa Clara,0,0,D,EVALUATION_ONLY_JOIN_AFTER_PREMATCH_FEATURE_FREEZE,2.39,3.04,3.21,EXTERNAL_HISTORICAL_MARKET_BENCHMARK,NOT_AVAILABLE,NOT_GOLDBET,747bbc54007655434bd410604377e5852649c4fe7e7cbf065fb2b0e4bc2adf3c
54d04720e31da0815c39eb2e,Primeira Liga,2022/2023,DEVELOPMENT,2022-11-12,18:00,MATCH_KICKOFF_TIME_TIMEZONE_NOT_STATED_BY_SOURCE,,NOT_VERIFIED_DO_NOT_INFER,Arouca,Rio Ave,0,1,A,EVALUATION_ONLY_JOIN_AFTER_PREMATCH_FEATURE_FREEZE,2.31,3.14,3.28,EXTERNAL_HISTORICAL_MARKET_BENCHMARK,NOT_AVAILABLE,NOT_GOLDBET,dcd2eff83569ab155dba38599ecb0a4ae5c8793e09cdc7e9be6112eeb710752b
eff0331c0762f2da5d3a3e5f,Primeira Liga,2022/2023,DEVELOPMENT,2022-11-12,20:30,MATCH_KICKOFF_TIME_TIMEZONE_NOT_STATED_BY_SOURCE,,NOT_VERIFIED_DO_NOT_INFER,Boavista,Porto,1,4,A,EVALUATION_ONLY_JOIN_AFTER_PREMATCH_FEATURE_FREEZE,12.28,5.65,1.25,EXTERNAL_HISTORICAL_MARKET_BENCHMARK,NOT_AVAILABLE,NOT_GOLDBET,fdc29ae72a0ac28700ac4ad8cd2fd9563200fe8a615fccc033bf00dce0c65621
9fe2497e168874e3a79c3a05,Primeira Liga,2022/2023,DEVELOPMENT,2022-11-13,15:30,MATCH_KICKOFF_TIME_TIMEZONE_NOT_STATED_BY_SOURCE,,NOT_VERIFIED_DO_NOT_INFER,Guimaraes,Maritimo,1,0,H,EVALUATION_ONLY_JOIN_AFTER_PREMATCH_FEATURE_FREEZE,2.01,3.29,3.91,EXTERNAL_HISTORICAL_MARKET_BENCHMARK,NOT_AVAILABLE,NOT_GOLDBET,c398b35b1de0fcb17b82826cecc74d1d49bc6a47517d4092a1be535ab89fad3d
7a59a767e887619a84808d6f,Primeira Liga,2022/2023,DEVELOPMENT,2022-11-13,15:30,MATCH_KICKOFF_TIME_TIMEZONE_NOT_STATED_BY_SOURCE,,NOT_VERIFIED_DO_NOT_INFER,Pacos Ferreira,Vizela,0,2,A,EVALUATION_ONLY_JOIN_AFTER_PREMATCH_FEATURE_FREEZE,3.83,3.28,2.03,EXTERNAL_HISTORICAL_MARKET_BENCHMARK,NOT_AVAILABLE,NOT_GOLDBET,fb2ce7cee18cf65b56a4a9016ee9246ced440dae895b72b1aef55098c4513cb9
6122cd99485f81c89e448e5e,Primeira Liga,2022/2023,DEVELOPMENT,2022-11-13,18:00,MATCH_KICKOFF_TIME_TIMEZONE_NOT_STATED_BY_SOURCE,,NOT_VERIFIED_DO_NOT_INFER,Benfica,Gil Vicente,3,1,H,EVALUATION_ONLY_JOIN_AFTER_PREMATCH_FEATURE_FREEZE,1.09,10.63,21.63,EXTERNAL_HISTORICAL_MARKET_BENCHMARK,NOT_AVAILABLE,NOT_GOLDBET,da7c70514eb23bfb56660c4ec1022aacb73d9f596867101d031b27795f964ebb
3f8196db57a5a9b2a9efa2bc,Primeira Liga,2022/2023,DEVELOPMENT,2022-11-13,18:00,MATCH_KICKOFF_TIME_TIMEZONE_NOT_STATED_BY_SOURCE,,NOT_VERIFIED_DO_NOT_INFER,Casa Pia,Chaves,1,2,A,EVALUATION_ONLY_JOIN_AFTER_PREMATCH_FEATURE_FREEZE,2.14,3.3,3.48,EXTERNAL_HISTORICAL_MARKET_BENCHMARK,NOT_AVAILABLE,NOT_GOLDBET,97165824ac54cc66fc3064ebe31950810a4d5809ee839a8c4279664ef3bce8b7
8fee1d8fed66367333dce5b3,Primeira Liga,2022/2023,DEVELOPMENT,2022-11-13,18:00,MATCH_KICKOFF_TIME_TIMEZONE_NOT_STATED_BY_SOURCE,,NOT_VERIFIED_DO_NOT_INFER,Portimonense,Sp Braga,1,2,A,EVALUATION_ONLY_JOIN_AFTER_PREMATCH_FEATURE_FREEZE,3.49,3.5,2.06,EXTERNAL_HISTORICAL_MARKET_BENCHMARK,NOT_AVAILABLE,NOT_GOLDBET,7bf635b69426eb73abb7d850124cfb42d84867dffcea2884ac4260bafeade373
9019a5375a0fadab76f31151,Primeira Liga,2022/2023,DEVELOPMENT,2022-11-13,20:30,MATCH_KICKOFF_TIME_TIMEZONE_NOT_STATED_BY_SOURCE,,NOT_VERIFIED_DO_NOT_INFER,Famalicao,Sp Lisbon,1,2,A,EVALUATION_ONLY_JOIN_AFTER_PREMATCH_FEATURE_FREEZE,6.14,3.83,1.58,EXTERNAL_HISTORICAL_MARKET_BENCHMARK,NOT_AVAILABLE,NOT_GOLDBET,758031804bf773b5a9edfb111ce6eec09fe984b76308d19d9ffd6537642480bc
6465cf763ed4ab1c64944d50,Primeira Liga,2022/2023,DEVELOPMENT,2022-11-14,20:15,MATCH_KICKOFF_TIME_TIMEZONE_NOT_STATED_BY_SOURCE,,NOT_VERIFIED_DO_NOT_INFER,Santa Clara,Estoril,3,1,H,EVALUATION_ONLY_JOIN_AFTER_PREMATCH_FEATURE_FREEZE,2.25,3.14,3.38,EXTERNAL_HISTORICAL_MARKET_BENCHMARK,NOT_AVAILABLE,NOT_GOLDBET,7e68aaf29b65894421eff2f8d64a21e5020bd71abbbcac1bd058cafcef9e738e
5056c789c268ee73e2e8e040,Primeira Liga,2022/2023,DEVELOPMENT,2022-12-23,20:15,MATCH_KICKOFF_TIME_TIMEZONE_NOT_STATED_BY_SOURCE,,NOT_VERIFIED_DO_NOT_INFER,Rio Ave,Maritimo,1,1,D,EVALUATION_ONLY_JOIN_AFTER_PREMATCH_FEATURE_FREEZE,2.07,3.25,3.78,EXTERNAL_HISTORICAL_MARKET_BENCHMARK,NOT_AVAILABLE,NOT_GOLDBET,bed02293f98508775458c135d953e22476970a4135a73bbe9f15206a97a03a8d
ec0ae3d6f784d82df1b713af,Primeira Liga,2022/2023,DEVELOPMENT,2022-12-28,19:00,MATCH_KICKOFF_TIME_TIMEZONE_NOT_STATED_BY_SOURCE,,NOT_VERIFIED_DO_NOT_INFER,Portimonense,Casa Pia,1,2,A,EVALUATION_ONLY_JOIN_AFTER_PREMATCH_FEATURE_FREEZE,2.3,3.11,3.31,EXTERNAL_HISTORICAL_MARKET_BENCHMARK,NOT_AVAILABLE,NOT_GOLDBET,036733ae38e3421a0a9d86793510ecd1b9b31d5153ddb464f2624c6f95b02bf7
58785443fa5dacdc6c3560b8,Primeira Liga,2022/2023,DEVELOPMENT,2022-12-28,21:15,MATCH_KICKOFF_TIME_TIMEZONE_NOT_STATED_BY_SOURCE,,NOT_VERIFIED_DO_NOT_INFER,Porto,Arouca,5,1,H,EVALUATION_ONLY_JOIN_AFTER_PREMATCH_FEATURE_FREEZE,1.15,7.73,16.87,EXTERNAL_HISTORICAL_MARKET_BENCHMARK,NOT_AVAILABLE,NOT_GOLDBET,3a806d3e43b44587b8c4e0f22c55cfe36a36e4d4fff32097a5c8a3b93c252e66
8a5714dcb3691ed928260076,Primeira Liga,2022/2023,DEVELOPMENT,2022-12-29,17:00,MATCH_KICKOFF_TIME_TIMEZONE_NOT_STATED_BY_SOURCE,,NOT_VERIFIED_DO_NOT_INFER,Gil Vicente,Santa Clara,1,0,H,EVALUATION_ONLY_JOIN_AFTER_PREMATCH_FEATURE_FREEZE,2.08,3.4,3.55,EXTERNAL_HISTORICAL_MARKET_BENCHMARK,NOT_AVAILABLE,NOT_GOLDBET,0fa218eefb51b05e2e029d4b94030047bd4d08f83113503c665199544cd47cc7
f8317bd8a9e5d390fd205c2c,Primeira Liga,2022/2023,DEVELOPMENT,2022-12-29,21:15,MATCH_KICKOFF_TIME_TIMEZONE_NOT_STATED_BY_SOURCE,,NOT_VERIFIED_DO_NOT_INFER,Sp Lisbon,Pacos Ferreira,3,0,H,EVALUATION_ONLY_JOIN_AFTER_PREMATCH_FEATURE_FREEZE,1.15,7.9,16.71,EXTERNAL_HISTORICAL_MARKET_BENCHMARK,NOT_AVAILABLE,NOT_GOLDBET,885c9268bce54187116fff8c6c00a2c5f75ad08573181772f639aff9b57e69f0
278b87bc105872024bd5ea87,Primeira Liga,2022/2023,DEVELOPMENT,2022-12-30,17:00,MATCH_KICKOFF_TIME_TIMEZONE_NOT_STATED_BY_SOURCE,,NOT_VERIFIED_DO_NOT_INFER,Chaves,Famalicao,0,2,A,EVALUATION_ONLY_JOIN_AFTER_PREMATCH_FEATURE_FREEZE,2.59,3.05,2.92,EXTERNAL_HISTORICAL_MARKET_BENCHMARK,NOT_AVAILABLE,NOT_GOLDBET,b42d3225ee576a5e59855cb4511ec6d071a3ba6650f04572e1ea7e5324d9c518
85097558f53934b451371161,Primeira Liga,2022/2023,DEVELOPMENT,2022-12-30,19:00,MATCH_KICKOFF_TIME_TIMEZONE_NOT_STATED_BY_SOURCE,,NOT_VERIFIED_DO_NOT_INFER,Vizela,Guimaraes,3,0,H,EVALUATION_ONLY_JOIN_AFTER_PREMATCH_FEATURE_FREEZE,2.4,3.13,3.13,EXTERNAL_HISTORICAL_MARKET_BENCHMARK,NOT_AVAILABLE,NOT_GOLDBET,b3d23b701ff31866f2c2ea8e84bd60b12e434ce3258965eb0727f61ad66b4082
3320beab8b8774db65f02c84,Primeira Liga,2022/2023,DEVELOPMENT,2022-12-30,21:15,MATCH_KICKOFF_TIME_TIMEZONE_NOT_STATED_BY_SOURCE,,NOT_VERIFIED_DO_NOT_INFER,Sp Braga,Benfica,3,0,H,EVALUATION_ONLY_JOIN_AFTER_PREMATCH_FEATURE_FREEZE,4.78,4.01,1.68,EXTERNAL_HISTORICAL_MARKET_BENCHMARK,NOT_AVAILABLE,NOT_GOLDBET,1baf88ff0f19d5ab5d3975916721a6d335f5005eed3348906dbeb24ff83c1e16
1183d5df4d326330d03b305f,Primeira Liga,2022/2023,DEVELOPMENT,2023-01-05,20:15,MATCH_KICKOFF_TIME_TIMEZONE_NOT_STATED_BY_SOURCE,,NOT_VERIFIED_DO_NOT_INFER,Santa Clara,Sp Braga,0,4,A,EVALUATION_ONLY_JOIN_AFTER_PREMATCH_FEATURE_FREEZE,6.23,3.84,1.57,EXTERNAL_HISTORICAL_MARKET_BENCHMARK,NOT_AVAILABLE,NOT_GOLDBET,12eab1e294d7521fcad913f9bf18b2658b160b8e88418832a2dde9057f933254
c354f150c51cf47564bd2a28,Primeira Liga,2022/2023,DEVELOPMENT,2023-01-06,19:00,MATCH_KICKOFF_TIME_TIMEZONE_NOT_STATED_BY_SOURCE,,NOT_VERIFIED_DO_NOT_INFER,Benfica,Portimonense,1,0,H,EVALUATION_ONLY_JOIN_AFTER_PREMATCH_FEATURE_FREEZE,1.16,7.49,16.18,EXTERNAL_HISTORICAL_MARKET_BENCHMARK,NOT_AVAILABLE,NOT_GOLDBET,fe9a8b42e5d63fb02251036494584a2e14eca07cb2d257ca52dff88c28821a72
19d4ae302f5705c9adf54208,Primeira Liga,2022/2023,DEVELOPMENT,2023-01-06,21:15,MATCH_KICKOFF_TIME_TIMEZONE_NOT_STATED_BY_SOURCE,,NOT_VERIFIED_DO_NOT_INFER,Famalicao,Vizela,2,1,H,EVALUATION_ONLY_JOIN_AFTER_PREMATCH_FEATURE_FREEZE,2.6,3.07,2.89,EXTERNAL_HISTORICAL_MARKET_BENCHMARK,NOT_AVAILABLE,NOT_GOLDBET,2c5ac2f1f7fb5786211292f7d1d904bebd620a0f9781f7c60a35c05d334f83ce
1366f83d50806b6ba01d5b04,Primeira Liga,2022/2023,DEVELOPMENT,2023-01-07,15:30,MATCH_KICKOFF_TIME_TIMEZONE_NOT_STATED_BY_SOURCE,,NOT_VERIFIED_DO_NOT_INFER,Arouca,Estoril,2,0,H,EVALUATION_ONLY_JOIN_AFTER_PREMATCH_FEATURE_FREEZE,2.31,3.22,3.2,EXTERNAL_HISTORICAL_MARKET_BENCHMARK,NOT_AVAILABLE,NOT_GOLDBET,f0bbec0c740d8372a11abd09235dd05e956cf5012ecb56e9aaf7096b1d8f0a9d
47249d03f0de17dcf96bbd01,Primeira Liga,2022/2023,DEVELOPMENT,2023-01-07,18:00,MATCH_KICKOFF_TIME_TIMEZONE_NOT_STATED_BY_SOURCE,,NOT_VERIFIED_DO_NOT_INFER,Guimaraes,Rio Ave,0,0,D,EVALUATION_ONLY_JOIN_AFTER_PREMATCH_FEATURE_FREEZE,2.06,3.16,3.94,EXTERNAL_HISTORICAL_MARKET_BENCHMARK,NOT_AVAILABLE,NOT_GOLDBET,c35366eba2d799ee1588907eacd329730774c3af266356e0f8d2799e5820a112
f381b39614fd561e692316e0,Primeira Liga,2022/2023,DEVELOPMENT,2023-01-07,20:30,MATCH_KICKOFF_TIME_TIMEZONE_NOT_STATED_BY_SOURCE,,NOT_VERIFIED_DO_NOT_INFER,Casa Pia,Porto,0,0,D,EVALUATION_ONLY_JOIN_AFTER_PREMATCH_FEATURE_FREEZE,8.49,4.72,1.38,EXTERNAL_HISTORICAL_MARKET_BENCHMARK,NOT_AVAILABLE,NOT_GOLDBET,d852349ae7608c905e3cba6ed3c5ba25f0d57bd2f357a47b839d55fe4b1eeec2
17db535b9a50cf4e0e7564ad,Primeira Liga,2022/2023,DEVELOPMENT,2023-01-08,15:30,MATCH_KICKOFF_TIME_TIMEZONE_NOT_STATED_BY_SOURCE,,NOT_VERIFIED_DO_NOT_INFER,Pacos Ferreira,Chaves,1,1,D,EVALUATION_ONLY_JOIN_AFTER_PREMATCH_FEATURE_FREEZE,2.69,3.23,2.66,EXTERNAL_HISTORICAL_MARKET_BENCHMARK,NOT_AVAILABLE,NOT_GOLDBET,fa571122221eed5963e1028fb4316c7f213598d8af3cc172282e540ef12b3187
4c3d39995cb6d165684641eb,Primeira Liga,2022/2023,DEVELOPMENT,2023-01-08,18:00,MATCH_KICKOFF_TIME_TIMEZONE_NOT_STATED_BY_SOURCE,,NOT_VERIFIED_DO_NOT_INFER,Maritimo,Sp Lisbon,1,0,H,EVALUATION_ONLY_JOIN_AFTER_PREMATCH_FEATURE_FREEZE,8.85,4.88,1.36,EXTERNAL_HISTORICAL_MARKET_BENCHMARK,NOT_AVAILABLE,NOT_GOLDBET,e7ede1375df96023780ee65851391409c57f4495358cbbc640970ffc3aca6f34
4facebb91a93fcf0a1bd06e0,Primeira Liga,2022/2023,DEVELOPMENT,2023-01-08,20:30,MATCH_KICKOFF_TIME_TIMEZONE_NOT_STATED_BY_SOURCE,,NOT_VERIFIED_DO_NOT_INFER,Boavista,Gil Vicente,1,0,H,EVALUATION_ONLY_JOIN_AFTER_PREMATCH_FEATURE_FREEZE,2.44,3.25,2.95,EXTERNAL_HISTORICAL_MARKET_BENCHMARK,NOT_AVAILABLE,NOT_GOLDBET,dacf14f4ab3be4b7ca6c7bb3c5c54712d6a8f6e311a99822692485a3a926aa5b
295f69189c2694e3a6ab56ef,Primeira Liga,2022/2023,DEVELOPMENT,2023-01-13,20:15,MATCH_KICKOFF_TIME_TIMEZONE_NOT_STATED_BY_SOURCE,,NOT_VERIFIED_DO_NOT_INFER,Portimonense,Santa Clara,0,0,D,EVALUATION_ONLY_JOIN_AFTER_PREMATCH_FEATURE_FREEZE,2.14,3.19,3.57,EXTERNAL_HISTORICAL_MARKET_BENCHMARK,NOT_AVAILABLE,NOT_GOLDBET,adc9ef1aaa835d17e02e58adeab08e99f688389b53f77912e08a90c65f11633d
e260a8a5b8b7208f94438f2b,Primeira Liga,2022/2023,DEVELOPMENT,2023-01-14,15:30,MATCH_KICKOFF_TIME_TIMEZONE_NOT_STATED_BY_SOURCE,,NOT_VERIFIED_DO_NOT_INFER,Vizela,Maritimo,3,0,H,EVALUATION_ONLY_JOIN_AFTER_PREMATCH_FEATURE_FREEZE,1.86,3.5,4.33,EXTERNAL_HISTORICAL_MARKET_BENCHMARK,NOT_AVAILABLE,NOT_GOLDBET,83ab87d269e77b9595c0d5e6b9c8bba2985679d004d474c29837f09d617e7967
905a2e526ecbe8e09b119b10,Primeira Liga,2022/2023,DEVELOPMENT,2023-01-14,18:00,MATCH_KICKOFF_TIME_TIMEZONE_NOT_STATED_BY_SOURCE,,NOT_VERIFIED_DO_NOT_INFER,Rio Ave,Pacos Ferreira,0,1,A,EVALUATION_ONLY_JOIN_AFTER_PREMATCH_FEATURE_FREEZE,2.14,3.15,3.65,EXTERNAL_HISTORICAL_MARKET_BENCHMARK,NOT_AVAILABLE,NOT_GOLDBET,093e9861c1e869ce09564eaf2ef21afa44a88b5788e5d3ee0c80495348b0397e
a70a4d838f3a6683b640baba,Primeira Liga,2022/2023,DEVELOPMENT,2023-01-14,20:30,MATCH_KICKOFF_TIME_TIMEZONE_NOT_STATED_BY_SOURCE,,NOT_VERIFIED_DO_NOT_INFER,Sp Braga,Boavista,1,0,H,EVALUATION_ONLY_JOIN_AFTER_PREMATCH_FEATURE_FREEZE,1.31,5.42,9.47,EXTERNAL_HISTORICAL_MARKET_BENCHMARK,NOT_AVAILABLE,NOT_GOLDBET,968658cb1820a9449f55800876c59c7482031dd696177060f94b354b56b351b3
fd8afde8868bd57049ea8b47,Primeira Liga,2022/2023,DEVELOPMENT,2023-01-15,15:30,MATCH_KICKOFF_TIME_TIMEZONE_NOT_STATED_BY_SOURCE,,NOT_VERIFIED_DO_NOT_INFER,Chaves,Arouca,1,1,D,EVALUATION_ONLY_JOIN_AFTER_PREMATCH_FEATURE_FREEZE,2.41,3.19,3.04,EXTERNAL_HISTORICAL_MARKET_BENCHMARK,NOT_AVAILABLE,NOT_GOLDBET,922d08425ad2d4c6a84dfced5038d6098a4bd66a17e345a37ad8f75035055046
1e0f478113f603439db7c8bb,Primeira Liga,2022/2023,DEVELOPMENT,2023-01-15,18:00,MATCH_KICKOFF_TIME_TIMEZONE_NOT_STATED_BY_SOURCE,,NOT_VERIFIED_DO_NOT_INFER,Benfica,Sp Lisbon,2,2,D,EVALUATION_ONLY_JOIN_AFTER_PREMATCH_FEATURE_FREEZE,1.85,3.61,4.18,EXTERNAL_HISTORICAL_MARKET_BENCHMARK,NOT_AVAILABLE,NOT_GOLDBET,4ee92f9dddc3624a827b1a6bb0bc47bee027b3eaca8911a2dd6987fa4781d572
f72b18512f40feadfd9010dd,Primeira Liga,2022/2023,DEVELOPMENT,2023-01-15,20:30,MATCH_KICKOFF_TIME_TIMEZONE_NOT_STATED_BY_SOURCE,,NOT_VERIFIED_DO_NOT_INFER,Porto,Famalicao,4,1,H,EVALUATION_ONLY_JOIN_AFTER_PREMATCH_FEATURE_FREEZE,1.19,6.61,15.2,EXTERNAL_HISTORICAL_MARKET_BENCHMARK,NOT_AVAILABLE,NOT_GOLDBET,c7391753ab96175aefc5d787be8af3b9ac1d496e571423c709a9cc29fcd179fe
5e08202649702c1ec04fae36,Primeira Liga,2022/2023,DEVELOPMENT,2023-01-16,19:00,MATCH_KICKOFF_TIME_TIMEZONE_NOT_STATED_BY_SOURCE,,NOT_VERIFIED_DO_NOT_INFER,Estoril,Casa Pia,2,0,H,EVALUATION_ONLY_JOIN_AFTER_PREMATCH_FEATURE_FREEZE,3.01,2.99,2.52,EXTERNAL_HISTORICAL_MARKET_BENCHMARK,NOT_AVAILABLE,NOT_GOLDBET,1ec09cef5ba61700f99e4a0c22c1d5b3caead301b292313d96c0e72467af3fa4
3e31ba06c5a94f209c88563d,Primeira Liga,2022/2023,DEVELOPMENT,2023-01-16,21:15,MATCH_KICKOFF_TIME_TIMEZONE_NOT_STATED_BY_SOURCE,,NOT_VERIFIED_DO_NOT_INFER,Gil Vicente,Guimaraes,2,1,H,EVALUATION_ONLY_JOIN_AFTER_PREMATCH_FEATURE_FREEZE,2.47,3.09,3.04,EXTERNAL_HISTORICAL_MARKET_BENCHMARK,NOT_AVAILABLE,NOT_GOLDBET,c5bb1a245fd971b8c2bacbdb743ace25590638014717377c90aa918f49e42cbb
e600b2799b7e78db543b5f93,Primeira Liga,2022/2023,DEVELOPMENT,2023-01-20,19:00,MATCH_KICKOFF_TIME_TIMEZONE_NOT_STATED_BY_SOURCE,,NOT_VERIFIED_DO_NOT_INFER,Arouca,Portimonense,4,0,H,EVALUATION_ONLY_JOIN_AFTER_PREMATCH_FEATURE_FREEZE,2.21,3.25,3.31,EXTERNAL_HISTORICAL_MARKET_BENCHMARK,NOT_AVAILABLE,NOT_GOLDBET,9c314ce1c97b0fdce1b1d5ccdccdd6ea7f51b47a8f6037c083a611983e2da1c1
1020f3929b9df07e49e68b28,Primeira Liga,2022/2023,DEVELOPMENT,2023-01-20,21:15,MATCH_KICKOFF_TIME_TIMEZONE_NOT_STATED_BY_SOURCE,,NOT_VERIFIED_DO_NOT_INFER,Sp Lisbon,Vizela,2,1,H,EVALUATION_ONLY_JOIN_AFTER_PREMATCH_FEATURE_FREEZE,1.29,5.64,9.87,EXTERNAL_HISTORICAL_MARKET_BENCHMARK,NOT_AVAILABLE,NOT_GOLDBET,5eff8aa683459ac368460e6dbb3c8014afef8ae6e5e194fc3fb73a981672f7db
814571fcfe480b913c323843,Primeira Liga,2022/2023,DEVELOPMENT,2023-01-21,15:30,MATCH_KICKOFF_TIME_TIMEZONE_NOT_STATED_BY_SOURCE,,NOT_VERIFIED_DO_NOT_INFER,Pacos Ferreira,Sp Braga,1,2,A,EVALUATION_ONLY_JOIN_AFTER_PREMATCH_FEATURE_FREEZE,7.54,4.64,1.41,EXTERNAL_HISTORICAL_MARKET_BENCHMARK,NOT_AVAILABLE,NOT_GOLDBET,fc64f7ce67519f32bae009cdc788c8d07d7f5d6d0f4e3c68a1340b25413d9b3d
92a2514b1046ca915462b1e0,Primeira Liga,2022/2023,DEVELOPMENT,2023-01-21,18:00,MATCH_KICKOFF_TIME_TIMEZONE_NOT_STATED_BY_SOURCE,,NOT_VERIFIED_DO_NOT_INFER,Santa Clara,Benfica,0,3,A,EVALUATION_ONLY_JOIN_AFTER_PREMATCH_FEATURE_FREEZE,12,5.76,1.25,EXTERNAL_HISTORICAL_MARKET_BENCHMARK,NOT_AVAILABLE,NOT_GOLDBET,738cd2677b6f923488283b92ff7998faa9de757aec076d77cf719ee08e896855
a6e9af4b59eb895b9b34bd80,Primeira Liga,2022/2023,DEVELOPMENT,2023-01-21,20:30,MATCH_KICKOFF_TIME_TIMEZONE_NOT_STATED_BY_SOURCE,,NOT_VERIFIED_DO_NOT_INFER,Guimaraes,Porto,0,1,A,EVALUATION_ONLY_JOIN_AFTER_PREMATCH_FEATURE_FREEZE,10.05,5.24,1.31,EXTERNAL_HISTORICAL_MARKET_BENCHMARK,NOT_AVAILABLE,NOT_GOLDBET,11e891f2cba0b8d5277f2d938c75e883e4a2079c50ca0ed68497b3e4e9b914f5
96faf37adfe9037d36a49b92,Primeira Liga,2022/2023,DEVELOPMENT,2023-01-22,15:30,MATCH_KICKOFF_TIME_TIMEZONE_NOT_STATED_BY_SOURCE,,NOT_VERIFIED_DO_NOT_INFER,Maritimo,Estoril,1,0,H,EVALUATION_ONLY_JOIN_AFTER_PREMATCH_FEATURE_FREEZE,2.61,3.02,2.91,EXTERNAL_HISTORICAL_MARKET_BENCHMARK,NOT_AVAILABLE,NOT_GOLDBET,066d3396bdb8921277c3da4d66cc4a1eeaacac57844b34861f82ba4620cd73a6
6725daca7dbaad77fc9b7990,Primeira Liga,2022/2023,DEVELOPMENT,2023-01-22,18:00,MATCH_KICKOFF_TIME_TIMEZONE_NOT_STATED_BY_SOURCE,,NOT_VERIFIED_DO_NOT_INFER,Casa Pia,Gil Vicente,1,3,A,EVALUATION_ONLY_JOIN_AFTER_PREMATCH_FEATURE_FREEZE,2.28,3.22,3.27,EXTERNAL_HISTORICAL_MARKET_BENCHMARK,NOT_AVAILABLE,NOT_GOLDBET,5b2ab5c290274cd0635ded149b0b2cf7badc65a173e171b202718d59d8706aa4
52c6a9315608df9cedfaf0b8,Primeira Liga,2022/2023,DEVELOPMENT,2023-01-22,20:30,MATCH_KICKOFF_TIME_TIMEZONE_NOT_STATED_BY_SOURCE,,NOT_VERIFIED_DO_NOT_INFER,Famalicao,Rio Ave,0,0,D,EVALUATION_ONLY_JOIN_AFTER_PREMATCH_FEATURE_FREEZE,2.12,3.11,3.78,EXTERNAL_HISTORICAL_MARKET_BENCHMARK,NOT_AVAILABLE,NOT_GOLDBET,fce26f65656d27cbf808fa6628985cc0f401444898727dfb2eafbdc8554675e2
17ee724d450bb0bbd2ef62ec,Primeira Liga,2022/2023,DEVELOPMENT,2023-01-23,20:15,MATCH_KICKOFF_TIME_TIMEZONE_NOT_STATED_BY_SOURCE,,NOT_VERIFIED_DO_NOT_INFER,Boavista,Chaves,1,1,D,EVALUATION_ONLY_JOIN_AFTER_PREMATCH_FEATURE_FREEZE,2.04,3.22,3.92,EXTERNAL_HISTORICAL_MARKET_BENCHMARK,NOT_AVAILABLE,NOT_GOLDBET,3a5e6f56063dda39c72c3181f26d5ef7d35e7ac13202b4821a07d93be2546104
66f59c4c6256d3bc77369228,Primeira Liga,2022/2023,DEVELOPMENT,2023-01-26,20:15,MATCH_KICKOFF_TIME_TIMEZONE_NOT_STATED_BY_SOURCE,,NOT_VERIFIED_DO_NOT_INFER,Pacos Ferreira,Benfica,0,2,A,EVALUATION_ONLY_JOIN_AFTER_PREMATCH_FEATURE_FREEZE,17.47,7.05,1.17,EXTERNAL_HISTORICAL_MARKET_BENCHMARK,NOT_AVAILABLE,NOT_GOLDBET,7ee58dfe0603e12210648ad2d3cfeb4bd5331898a78a4fb38d8cdfdb3b2d4e11
b873d59b1774ced681c4f389,Primeira Liga,2022/2023,DEVELOPMENT,2023-01-29,15:30,MATCH_KICKOFF_TIME_TIMEZONE_NOT_STATED_BY_SOURCE,,NOT_VERIFIED_DO_NOT_INFER,Casa Pia,Santa Clara,2,1,H,EVALUATION_ONLY_JOIN_AFTER_PREMATCH_FEATURE_FREEZE,1.98,3.08,4.41,EXTERNAL_HISTORICAL_MARKET_BENCHMARK,NOT_AVAILABLE,NOT_GOLDBET,dc86fb0c9a478257df5b748c0b099d95948b2089650101acb95af8d88884d4fe
c811c1268947111f495cbbde,Primeira Liga,2022/2023,DEVELOPMENT,2023-01-29,15:30,MATCH_KICKOFF_TIME_TIMEZONE_NOT_STATED_BY_SOURCE,,NOT_VERIFIED_DO_NOT_INFER,Vizela,Rio Ave,3,1,H,EVALUATION_ONLY_JOIN_AFTER_PREMATCH_FEATURE_FREEZE,1.99,3.3,3.94,EXTERNAL_HISTORICAL_MARKET_BENCHMARK,NOT_AVAILABLE,NOT_GOLDBET,9aef4bcac1ae91f26060fe4db55c5a127a4df6fd7215b2cf04f204ec9dd0b549
ae5ee21c60ecc2b437260988,Primeira Liga,2022/2023,DEVELOPMENT,2023-01-29,18:00,MATCH_KICKOFF_TIME_TIMEZONE_NOT_STATED_BY_SOURCE,,NOT_VERIFIED_DO_NOT_INFER,Boavista,Portimonense,4,2,H,EVALUATION_ONLY_JOIN_AFTER_PREMATCH_FEATURE_FREEZE,1.99,3.25,4.09,EXTERNAL_HISTORICAL_MARKET_BENCHMARK,NOT_AVAILABLE,NOT_GOLDBET,df6efc58cc80b207eb4e8457ffd36e36800df166c0670dc35695ec5515722e34
95e1731ac60465aa971d699d,Primeira Liga,2022/2023,DEVELOPMENT,2023-01-29,20:30,MATCH_KICKOFF_TIME_TIMEZONE_NOT_STATED_BY_SOURCE,,NOT_VERIFIED_DO_NOT_INFER,Famalicao,Estoril,1,0,H,EVALUATION_ONLY_JOIN_AFTER_PREMATCH_FEATURE_FREEZE,2.01,3.21,4.04,EXTERNAL_HISTORICAL_MARKET_BENCHMARK,NOT_AVAILABLE,NOT_GOLDBET,fe914a3655e63a9ea8821e83897e33901cfc90166731e138c471d1ab5b7afe15
a591c83a5a9fde1d5dda027c,Primeira Liga,2022/2023,DEVELOPMENT,2023-01-30,20:15,MATCH_KICKOFF_TIME_TIMEZONE_NOT_STATED_BY_SOURCE,,NOT_VERIFIED_DO_NOT_INFER,Guimaraes,Chaves,2,1,H,EVALUATION_ONLY_JOIN_AFTER_PREMATCH_FEATURE_FREEZE,1.94,3.31,4.17,EXTERNAL_HISTORICAL_MARKET_BENCHMARK,NOT_AVAILABLE,NOT_GOLDBET,d902feef03e546bebe99f5352fbf9109d9145727aeb3accab04f2107a3650515
ae27fd9af86a720689e87ed8,Primeira Liga,2022/2023,DEVELOPMENT,2023-01-31,19:00,MATCH_KICKOFF_TIME_TIMEZONE_NOT_STATED_BY_SOURCE,,NOT_VERIFIED_DO_NOT_INFER,Pacos Ferreira,Gil Vicente,2,1,H,EVALUATION_ONLY_JOIN_AFTER_PREMATCH_FEATURE_FREEZE,3.01,3.22,2.41,EXTERNAL_HISTORICAL_MARKET_BENCHMARK,NOT_AVAILABLE,NOT_GOLDBET,b6e894cf8a541a19d9e64e491d562384cb3f53f08e23b70c3e9a0647a1624236
26d7ce55b37608fe4a83aff9,Primeira Liga,2022/2023,DEVELOPMENT,2023-01-31,21:15,MATCH_KICKOFF_TIME_TIMEZONE_NOT_STATED_BY_SOURCE,,NOT_VERIFIED_DO_NOT_INFER,Arouca,Benfica,0,3,A,EVALUATION_ONLY_JOIN_AFTER_PREMATCH_FEATURE_FREEZE,9.39,5.12,1.32,EXTERNAL_HISTORICAL_MARKET_BENCHMARK,NOT_AVAILABLE,NOT_GOLDBET,b2055d15547e710be00860ca16a690b89e4274726b920e069ea110c685256684
c2ae4b373c0e4cc48929923d,Primeira Liga,2022/2023,DEVELOPMENT,2023-02-01,19:00,MATCH_KICKOFF_TIME_TIMEZONE_NOT_STATED_BY_SOURCE,,NOT_VERIFIED_DO_NOT_INFER,Maritimo,Porto,0,2,A,EVALUATION_ONLY_JOIN_AFTER_PREMATCH_FEATURE_FREEZE,11.94,5.57,1.26,EXTERNAL_HISTORICAL_MARKET_BENCHMARK,NOT_AVAILABLE,NOT_GOLDBET,e2b4f817ffb079cf19ee2247a5ef644d2caa2cd6a85da0c09bde74448d061627
cfc39d9d3e061cbcf5aa5088,Primeira Liga,2022/2023,DEVELOPMENT,2023-02-01,21:15,MATCH_KICKOFF_TIME_TIMEZONE_NOT_STATED_BY_SOURCE,,NOT_VERIFIED_DO_NOT_INFER,Sp Lisbon,Sp Braga,5,0,H,EVALUATION_ONLY_JOIN_AFTER_PREMATCH_FEATURE_FREEZE,1.88,3.61,4.06,EXTERNAL_HISTORICAL_MARKET_BENCHMARK,NOT_AVAILABLE,NOT_GOLDBET,56bacfdf9199ea0b4dd9fc213aac8a7d073fad35746dcd585cfc9b48370c74ab
0fcc3f5074a623e99ac524f8,Primeira Liga,2022/2023,DEVELOPMENT,2023-02-04,15:30,MATCH_KICKOFF_TIME_TIMEZONE_NOT_STATED_BY_SOURCE,,NOT_VERIFIED_DO_NOT_INFER,Santa Clara,Boavista,2,2,D,EVALUATION_ONLY_JOIN_AFTER_PREMATCH_FEATURE_FREEZE,2.82,2.95,2.77,EXTERNAL_HISTORICAL_MARKET_BENCHMARK,NOT_AVAILABLE,NOT_GOLDBET,3509570d57590626c2d33e0e7851307510d73601ad643026a347831fc2669649
5b900877bce5f3bda0e293f0,Primeira Liga,2022/2023,DEVELOPMENT,2023-02-04,18:00,MATCH_KICKOFF_TIME_TIMEZONE_NOT_STATED_BY_SOURCE,,NOT_VERIFIED_DO_NOT_INFER,Benfica,Casa Pia,3,0,H,EVALUATION_ONLY_JOIN_AFTER_PREMATCH_FEATURE_FREEZE,1.23,6.07,13.34,EXTERNAL_HISTORICAL_MARKET_BENCHMARK,NOT_AVAILABLE,NOT_GOLDBET,2ab97060578e56e46704a02da94692a1361bb8ac46f00ceef6ace0b81ec87804
f4168f33bf40b08ae978c9df,Primeira Liga,2022/2023,DEVELOPMENT,2023-02-04,20:30,MATCH_KICKOFF_TIME_TIMEZONE_NOT_STATED_BY_SOURCE,,NOT_VERIFIED_DO_NOT_INFER,Estoril,Guimaraes,0,1,A,EVALUATION_ONLY_JOIN_AFTER_PREMATCH_FEATURE_FREEZE,2.67,3.04,2.83,EXTERNAL_HISTORICAL_MARKET_BENCHMARK,NOT_AVAILABLE,NOT_GOLDBET,5604a74aef862e2ade970d5ef25abb670d55fdda29d1d1bbe49ed558e5e2c7ff
22640fa9c210a8c7815057cd,Primeira Liga,2022/2023,DEVELOPMENT,2023-02-05,15:30,MATCH_KICKOFF_TIME_TIMEZONE_NOT_STATED_BY_SOURCE,,NOT_VERIFIED_DO_NOT_INFER,Chaves,Maritimo,2,1,H,EVALUATION_ONLY_JOIN_AFTER_PREMATCH_FEATURE_FREEZE,2.22,3.15,3.47,EXTERNAL_HISTORICAL_MARKET_BENCHMARK,NOT_AVAILABLE,NOT_GOLDBET,02a9a684e4269045b76a4f4379c483fd0856dabcd4a6d7a6c0277697012fb7e9
77dafcbe96cb1de3811e07f2,Primeira Liga,2022/2023,DEVELOPMENT,2023-02-05,15:30,MATCH_KICKOFF_TIME_TIMEZONE_NOT_STATED_BY_SOURCE,,NOT_VERIFIED_DO_NOT_INFER,Sp Braga,Famalicao,4,1,H,EVALUATION_ONLY_JOIN_AFTER_PREMATCH_FEATURE_FREEZE,1.53,4.03,6.4,EXTERNAL_HISTORICAL_MARKET_BENCHMARK,NOT_AVAILABLE,NOT_GOLDBET,9a8487a52f9be5d3547b81ecde3398e7863044ddb4bfee950a9a287a924687b8
6daa26f33d16be4233021a08,Primeira Liga,2022/2023,DEVELOPMENT,2023-02-05,18:00,MATCH_KICKOFF_TIME_TIMEZONE_NOT_STATED_BY_SOURCE,,NOT_VERIFIED_DO_NOT_INFER,Porto,Vizela,2,0,H,EVALUATION_ONLY_JOIN_AFTER_PREMATCH_FEATURE_FREEZE,1.24,6.11,12.44,EXTERNAL_HISTORICAL_MARKET_BENCHMARK,NOT_AVAILABLE,NOT_GOLDBET,7426629066e031bba2203cd84352f9f1f2a46aba7fee706dbc00c48bdac11141
b8d5694a6d938a24c5865a5c,Primeira Liga,2022/2023,DEVELOPMENT,2023-02-05,20:30,MATCH_KICKOFF_TIME_TIMEZONE_NOT_STATED_BY_SOURCE,,NOT_VERIFIED_DO_NOT_INFER,Gil Vicente,Arouca,1,1,D,EVALUATION_ONLY_JOIN_AFTER_PREMATCH_FEATURE_FREEZE,2.19,3.32,3.37,EXTERNAL_HISTORICAL_MARKET_BENCHMARK,NOT_AVAILABLE,NOT_GOLDBET,ae7c1fe8c6d7b49daf547f6cab874817732c65191f6ae257a96c919441c82980
d10ec3a6eb3b11245a671b76,Primeira Liga,2022/2023,DEVELOPMENT,2023-02-06,19:00,MATCH_KICKOFF_TIME_TIMEZONE_NOT_STATED_BY_SOURCE,,NOT_VERIFIED_DO_NOT_INFER,Portimonense,Pacos Ferreira,1,0,H,EVALUATION_ONLY_JOIN_AFTER_PREMATCH_FEATURE_FREEZE,2.31,3.11,3.32,EXTERNAL_HISTORICAL_MARKET_BENCHMARK,NOT_AVAILABLE,NOT_GOLDBET,9cde6ce009a06aedec42470730570be6c811c2592b663bcdb5831a1696a9bad9
71de7efcc5d4fbf69d0b7238,Primeira Liga,2022/2023,DEVELOPMENT,2023-02-06,21:15,MATCH_KICKOFF_TIME_TIMEZONE_NOT_STATED_BY_SOURCE,,NOT_VERIFIED_DO_NOT_INFER,Rio Ave,Sp Lisbon,0,1,A,EVALUATION_ONLY_JOIN_AFTER_PREMATCH_FEATURE_FREEZE,9.39,4.66,1.35,EXTERNAL_HISTORICAL_MARKET_BENCHMARK,NOT_AVAILABLE,NOT_GOLDBET,01f7c5f09123655129064cda6a4565f32052aa473e1dfa2ddea6c98e02a38e7e
e68caba2180b9f5487033448,Primeira Liga,2022/2023,DEVELOPMENT,2023-02-09,18:00,MATCH_KICKOFF_TIME_TIMEZONE_NOT_STATED_BY_SOURCE,,NOT_VERIFIED_DO_NOT_INFER,Estoril,Boavista,2,1,H,EVALUATION_ONLY_JOIN_AFTER_PREMATCH_FEATURE_FREEZE,2.8,3,2.73,EXTERNAL_HISTORICAL_MARKET_BENCHMARK,NOT_AVAILABLE,NOT_GOLDBET,a85021d046816fd2d163729be362f07da00ab16e3caae278f0557dddaef151ac
e350791f76981f99a457b38c,Primeira Liga,2022/2023,DEVELOPMENT,2023-02-10,20:15,MATCH_KICKOFF_TIME_TIMEZONE_NOT_STATED_BY_SOURCE,,NOT_VERIFIED_DO_NOT_INFER,Vizela,Chaves,0,0,D,EVALUATION_ONLY_JOIN_AFTER_PREMATCH_FEATURE_FREEZE,1.72,3.71,4.95,EXTERNAL_HISTORICAL_MARKET_BENCHMARK,NOT_AVAILABLE,NOT_GOLDBET,7b67ca5494b58069b7d2fbe11cfa565412ce4a0b6eae5d61a2c07ab4f8232466
ecb2acb659ee56f3e1e7e87f,Primeira Liga,2022/2023,DEVELOPMENT,2023-02-11,18:00,MATCH_KICKOFF_TIME_TIMEZONE_NOT_STATED_BY_SOURCE,,NOT_VERIFIED_DO_NOT_INFER,Arouca,Santa Clara,1,0,H,EVALUATION_ONLY_JOIN_AFTER_PREMATCH_FEATURE_FREEZE,2.07,3.16,3.92,EXTERNAL_HISTORICAL_MARKET_BENCHMARK,NOT_AVAILABLE,NOT_GOLDBET,280dbabf4cb58e001c4a171b88c36fad1456544507e344cf8b68c7ed544005dd
8df9011f9c73ac4354a4299c,Primeira Liga,2022/2023,DEVELOPMENT,2023-02-11,20:30,MATCH_KICKOFF_TIME_TIMEZONE_NOT_STATED_BY_SOURCE,,NOT_VERIFIED_DO_NOT_INFER,Guimaraes,Portimonense,1,0,H,EVALUATION_ONLY_JOIN_AFTER_PREMATCH_FEATURE_FREEZE,1.9,3.43,4.21,EXTERNAL_HISTORICAL_MARKET_BENCHMARK,NOT_AVAILABLE,NOT_GOLDBET,854d0f6b9478a7781b4c94e82c2ed88b5935bd88e98595fe40e0f4f6fe92a9a3
6313133988397da1e6bc21fc,Primeira Liga,2022/2023,DEVELOPMENT,2023-02-12,15:30,MATCH_KICKOFF_TIME_TIMEZONE_NOT_STATED_BY_SOURCE,,NOT_VERIFIED_DO_NOT_INFER,Famalicao,Gil Vicente,0,1,A,EVALUATION_ONLY_JOIN_AFTER_PREMATCH_FEATURE_FREEZE,2.09,3.39,3.56,EXTERNAL_HISTORICAL_MARKET_BENCHMARK,NOT_AVAILABLE,NOT_GOLDBET,6e82d9771ad6bf8332ba1422a56f89b5a60a9f9497a5ae0f18e77c6ce9904c85
448ec98aed84c51652c5f291,Primeira Liga,2022/2023,DEVELOPMENT,2023-02-12,18:00,MATCH_KICKOFF_TIME_TIMEZONE_NOT_STATED_BY_SOURCE,,NOT_VERIFIED_DO_NOT_INFER,Sp Lisbon,Porto,1,2,A,EVALUATION_ONLY_JOIN_AFTER_PREMATCH_FEATURE_FREEZE,2.57,3.12,2.88,EXTERNAL_HISTORICAL_MARKET_BENCHMARK,NOT_AVAILABLE,NOT_GOLDBET,e588099e7c77e53e898ef8535d3d674d8d78be574e6e5116a883f4ba787ee0db
64965fe590160de606e106e9,Primeira Liga,2022/2023,DEVELOPMENT,2023-02-12,20:30,MATCH_KICKOFF_TIME_TIMEZONE_NOT_STATED_BY_SOURCE,,NOT_VERIFIED_DO_NOT_INFER,Maritimo,Sp Braga,1,2,A,EVALUATION_ONLY_JOIN_AFTER_PREMATCH_FEATURE_FREEZE,4.2,3.61,1.85,EXTERNAL_HISTORICAL_MARKET_BENCHMARK,NOT_AVAILABLE,NOT_GOLDBET,7e4e473fcb2db7f02f3bbee57d4dd3fe357f39a6e17dcc8dfd35875acc60c034
a676712e7de1dce035a8efe1,Primeira Liga,2022/2023,DEVELOPMENT,2023-02-13,19:00,MATCH_KICKOFF_TIME_TIMEZONE_NOT_STATED_BY_SOURCE,,NOT_VERIFIED_DO_NOT_INFER,Rio Ave,Estoril,2,0,H,EVALUATION_ONLY_JOIN_AFTER_PREMATCH_FEATURE_FREEZE,2.53,2.97,3.09,EXTERNAL_HISTORICAL_MARKET_BENCHMARK,NOT_AVAILABLE,NOT_GOLDBET,3bdb6184ac93392b7a042ee1c008ded82fc6ae823d5859d918934b5d090ed40a
27e9b755e235cdc1417565d4,Primeira Liga,2022/2023,DEVELOPMENT,2023-02-13,21:15,MATCH_KICKOFF_TIME_TIMEZONE_NOT_STATED_BY_SOURCE,,NOT_VERIFIED_DO_NOT_INFER,Boavista,Casa Pia,0,0,D,EVALUATION_ONLY_JOIN_AFTER_PREMATCH_FEATURE_FREEZE,2.25,3,3.6,EXTERNAL_HISTORICAL_MARKET_BENCHMARK,NOT_AVAILABLE,NOT_GOLDBET,7f2095c0eb4d400b63964f2bbc812252397b9d54273aed6e82f20c7bbbec53f1
514cdac429875c904d6977e8,Primeira Liga,2022/2023,DEVELOPMENT,2023-02-17,20:15,MATCH_KICKOFF_TIME_TIMEZONE_NOT_STATED_BY_SOURCE,,NOT_VERIFIED_DO_NOT_INFER,Gil Vicente,Vizela,1,1,D,EVALUATION_ONLY_JOIN_AFTER_PREMATCH_FEATURE_FREEZE,2.41,3.38,2.9,EXTERNAL_HISTORICAL_MARKET_BENCHMARK,NOT_AVAILABLE,NOT_GOLDBET,7f331f8961f763db4ebe747fbe5a15c3cc4648d32962fe351e12af703a8419ce
a36f9ed47bc8925b00fc84ec,Primeira Liga,2022/2023,DEVELOPMENT,2023-02-18,18:00,MATCH_KICKOFF_TIME_TIMEZONE_NOT_STATED_BY_SOURCE,,NOT_VERIFIED_DO_NOT_INFER,Estoril,Pacos Ferreira,1,3,A,EVALUATION_ONLY_JOIN_AFTER_PREMATCH_FEATURE_FREEZE,2.05,3.27,3.85,EXTERNAL_HISTORICAL_MARKET_BENCHMARK,NOT_AVAILABLE,NOT_GOLDBET,fcce57e9d04ff127e6be4a03f1688e5fe302506231057233c178c8aee14d8971
f4d923c48e636c88bfcb4fe2,Primeira Liga,2022/2023,DEVELOPMENT,2023-02-18,18:00,MATCH_KICKOFF_TIME_TIMEZONE_NOT_STATED_BY_SOURCE,,NOT_VERIFIED_DO_NOT_INFER,Portimonense,Maritimo,2,1,H,EVALUATION_ONLY_JOIN_AFTER_PREMATCH_FEATURE_FREEZE,2.43,3.16,3.06,EXTERNAL_HISTORICAL_MARKET_BENCHMARK,NOT_AVAILABLE,NOT_GOLDBET,06e4ffdfffdc43bde4371c8898584c7132c785a1103fb1bcfbe5ae5287403fa7
7b7df75f46bc44641e802604,Primeira Liga,2022/2023,DEVELOPMENT,2023-02-18,20:30,MATCH_KICKOFF_TIME_TIMEZONE_NOT_STATED_BY_SOURCE,,NOT_VERIFIED_DO_NOT_INFER,Porto,Rio Ave,1,0,H,EVALUATION_ONLY_JOIN_AFTER_PREMATCH_FEATURE_FREEZE,1.2,6.63,14.45,EXTERNAL_HISTORICAL_MARKET_BENCHMARK,NOT_AVAILABLE,NOT_GOLDBET,8938e8c64326ab7e3532d809bde2be790f5d8ea446584b9445c80c2679023328
f2e7c6b62d85fcf03e590ec3,Primeira Liga,2022/2023,DEVELOPMENT,2023-02-19,15:30,MATCH_KICKOFF_TIME_TIMEZONE_NOT_STATED_BY_SOURCE,,NOT_VERIFIED_DO_NOT_INFER,Santa Clara,Famalicao,1,3,A,EVALUATION_ONLY_JOIN_AFTER_PREMATCH_FEATURE_FREEZE,3.19,2.99,2.45,EXTERNAL_HISTORICAL_MARKET_BENCHMARK,NOT_AVAILABLE,NOT_GOLDBET,f7b873f24761b6bf88cde172bef8975f05ccfa5b0e360e53092b630941b2243d
9b41c06a591d9992ae759b72,Primeira Liga,2022/2023,DEVELOPMENT,2023-02-19,18:00,MATCH_KICKOFF_TIME_TIMEZONE_NOT_STATED_BY_SOURCE,,NOT_VERIFIED_DO_NOT_INFER,Sp Braga,Arouca,2,0,H,EVALUATION_ONLY_JOIN_AFTER_PREMATCH_FEATURE_FREEZE,1.43,4.54,7.35,EXTERNAL_HISTORICAL_MARKET_BENCHMARK,NOT_AVAILABLE,NOT_GOLDBET,80511473c7c2b07478b348f0edbd4d77938034815644aab82853317ca4870c4d
86aa419930db552b9236c402,Primeira Liga,2022/2023,DEVELOPMENT,2023-02-19,20:30,MATCH_KICKOFF_TIME_TIMEZONE_NOT_STATED_BY_SOURCE,,NOT_VERIFIED_DO_NOT_INFER,Casa Pia,Guimaraes,0,0,D,EVALUATION_ONLY_JOIN_AFTER_PREMATCH_FEATURE_FREEZE,2.48,2.98,3.15,EXTERNAL_HISTORICAL_MARKET_BENCHMARK,NOT_AVAILABLE,NOT_GOLDBET,81f43d6f5b9662f48ab90745a11cca79cceec45636fb189677b3f5e3fdab08ee
a88d9ec231097a2ec2afc8f3,Primeira Liga,2022/2023,DEVELOPMENT,2023-02-20,19:00,MATCH_KICKOFF_TIME_TIMEZONE_NOT_STATED_BY_SOURCE,,NOT_VERIFIED_DO_NOT_INFER,Chaves,Sp Lisbon,2,3,A,EVALUATION_ONLY_JOIN_AFTER_PREMATCH_FEATURE_FREEZE,8.73,5.02,1.35,EXTERNAL_HISTORICAL_MARKET_BENCHMARK,NOT_AVAILABLE,NOT_GOLDBET,62ecefd5268504e17b53271ac91b5a9106a201753a3e3ae2143ffc102cc3424a
6d28ec3e2fb789ad660801a7,Primeira Liga,2022/2023,DEVELOPMENT,2023-02-20,21:15,MATCH_KICKOFF_TIME_TIMEZONE_NOT_STATED_BY_SOURCE,,NOT_VERIFIED_DO_NOT_INFER,Benfica,Boavista,3,1,H,EVALUATION_ONLY_JOIN_AFTER_PREMATCH_FEATURE_FREEZE,1.15,8.09,18.04,EXTERNAL_HISTORICAL_MARKET_BENCHMARK,NOT_AVAILABLE,NOT_GOLDBET,9525b1da777de502d02793803fa09112d1b6dba5dcc92a4fcdc8397141f091e3
50227a02cbabdd5fd95a014f,Primeira Liga,2022/2023,DEVELOPMENT,2023-02-24,20:15,MATCH_KICKOFF_TIME_TIMEZONE_NOT_STATED_BY_SOURCE,,NOT_VERIFIED_DO_NOT_INFER,Famalicao,Portimonense,1,0,H,EVALUATION_ONLY_JOIN_AFTER_PREMATCH_FEATURE_FREEZE,1.82,3.41,4.53,EXTERNAL_HISTORICAL_MARKET_BENCHMARK,NOT_AVAILABLE,NOT_GOLDBET,e0c193d442f18eab63827df6ce7060892bfced452df8aebde38ce5a83f92f7f6
11697375dcfc65e95da9dc57,Primeira Liga,2022/2023,DEVELOPMENT,2023-02-25,15:30,MATCH_KICKOFF_TIME_TIMEZONE_NOT_STATED_BY_SOURCE,,NOT_VERIFIED_DO_NOT_INFER,Arouca,Casa Pia,2,0,H,EVALUATION_ONLY_JOIN_AFTER_PREMATCH_FEATURE_FREEZE,2.39,3.01,3.27,EXTERNAL_HISTORICAL_MARKET_BENCHMARK,NOT_AVAILABLE,NOT_GOLDBET,a912d019aad864aec277c7ec13b99d59008e4bc1e8471ff29cc825e31215ac62
d0bb21405fe4acbfa6bd10f0,Primeira Liga,2022/2023,DEVELOPMENT,2023-02-25,18:00,MATCH_KICKOFF_TIME_TIMEZONE_NOT_STATED_BY_SOURCE,,NOT_VERIFIED_DO_NOT_INFER,Maritimo,Santa Clara,3,1,H,EVALUATION_ONLY_JOIN_AFTER_PREMATCH_FEATURE_FREEZE,2.22,3.02,3.64,EXTERNAL_HISTORICAL_MARKET_BENCHMARK,NOT_AVAILABLE,NOT_GOLDBET,2cc19ea1994e2952f9f6d92a60e78cd0c48333cbab32b4e75d128fd5b61d3722
0b8f74fb4e52009e8a14325f,Primeira Liga,2022/2023,DEVELOPMENT,2023-02-25,20:30,MATCH_KICKOFF_TIME_TIMEZONE_NOT_STATED_BY_SOURCE,,NOT_VERIFIED_DO_NOT_INFER,Vizela,Benfica,0,2,A,EVALUATION_ONLY_JOIN_AFTER_PREMATCH_FEATURE_FREEZE,7.94,4.82,1.38,EXTERNAL_HISTORICAL_MARKET_BENCHMARK,NOT_AVAILABLE,NOT_GOLDBET,45f0287b386289a8224e9b20839ff36cdc8e7e220ea56e5618360e72ac05c436
afb6c311ea560ec38bfcdb4d,Primeira Liga,2022/2023,DEVELOPMENT,2023-02-26,15:30,MATCH_KICKOFF_TIME_TIMEZONE_NOT_STATED_BY_SOURCE,,NOT_VERIFIED_DO_NOT_INFER,Rio Ave,Chaves,1,0,H,EVALUATION_ONLY_JOIN_AFTER_PREMATCH_FEATURE_FREEZE,2.03,3.31,3.85,EXTERNAL_HISTORICAL_MARKET_BENCHMARK,NOT_AVAILABLE,NOT_GOLDBET,3537c230fd523e4a1f679216903c725610ca50c03c6b8f0371fba6bbaa2920aa
0c3968003ebf61d2979140ca,Primeira Liga,2022/2023,DEVELOPMENT,2023-02-26,18:00,MATCH_KICKOFF_TIME_TIMEZONE_NOT_STATED_BY_SOURCE,,NOT_VERIFIED_DO_NOT_INFER,Pacos Ferreira,Boavista,1,3,A,EVALUATION_ONLY_JOIN_AFTER_PREMATCH_FEATURE_FREEZE,2.61,3.09,2.86,EXTERNAL_HISTORICAL_MARKET_BENCHMARK,NOT_AVAILABLE,NOT_GOLDBET,3222534088158c0900f4d858716f679605dccc2013ed46a3e0b264569400ff07
53e4de39e0ed969416eb7378,Primeira Liga,2022/2023,DEVELOPMENT,2023-02-26,20:30,MATCH_KICKOFF_TIME_TIMEZONE_NOT_STATED_BY_SOURCE,,NOT_VERIFIED_DO_NOT_INFER,Porto,Gil Vicente,1,2,A,EVALUATION_ONLY_JOIN_AFTER_PREMATCH_FEATURE_FREEZE,1.17,7.37,15.13,EXTERNAL_HISTORICAL_MARKET_BENCHMARK,NOT_AVAILABLE,NOT_GOLDBET,db7349ecc93d4e1aa9cb4b9ce1ae1d607b93f671fd73a9b1082480abf8c3b8c5
1541630c5be201194686143c,Primeira Liga,2022/2023,DEVELOPMENT,2023-02-27,19:00,MATCH_KICKOFF_TIME_TIMEZONE_NOT_STATED_BY_SOURCE,,NOT_VERIFIED_DO_NOT_INFER,Sp Lisbon,Estoril,2,0,H,EVALUATION_ONLY_JOIN_AFTER_PREMATCH_FEATURE_FREEZE,1.19,6.92,14.99,EXTERNAL_HISTORICAL_MARKET_BENCHMARK,NOT_AVAILABLE,NOT_GOLDBET,4ea20f79b4fa60cd1ddfd5e90bc65dc64d3ef60bff19a40f8437b221d22bb908
ec380c5f24d50365f5009e46,Primeira Liga,2022/2023,DEVELOPMENT,2023-02-27,21:15,MATCH_KICKOFF_TIME_TIMEZONE_NOT_STATED_BY_SOURCE,,NOT_VERIFIED_DO_NOT_INFER,Guimaraes,Sp Braga,2,1,H,EVALUATION_ONLY_JOIN_AFTER_PREMATCH_FEATURE_FREEZE,4.02,3.42,1.95,EXTERNAL_HISTORICAL_MARKET_BENCHMARK,NOT_AVAILABLE,NOT_GOLDBET,bcc9af9464e22f1e40e44168cfc0b4d0e372be0aac2369530e0f40b79be3b5ba
19018b91c011df6f5f8eeb88,Primeira Liga,2022/2023,DEVELOPMENT,2023-03-03,19:00,MATCH_KICKOFF_TIME_TIMEZONE_NOT_STATED_BY_SOURCE,,NOT_VERIFIED_DO_NOT_INFER,Boavista,Arouca,0,0,D,EVALUATION_ONLY_JOIN_AFTER_PREMATCH_FEATURE_FREEZE,2.27,3.1,3.41,EXTERNAL_HISTORICAL_MARKET_BENCHMARK,NOT_AVAILABLE,NOT_GOLDBET,522fdd150667e67b239a7acc33ae3de9a67fda79e9dcd51e2ee8607721fd0c35
c8f39d9228f65eaef32ec84e,Primeira Liga,2022/2023,DEVELOPMENT,2023-03-03,21:15,MATCH_KICKOFF_TIME_TIMEZONE_NOT_STATED_BY_SOURCE,,NOT_VERIFIED_DO_NOT_INFER,Benfica,Famalicao,2,0,H,EVALUATION_ONLY_JOIN_AFTER_PREMATCH_FEATURE_FREEZE,1.18,7.08,15.44,EXTERNAL_HISTORICAL_MARKET_BENCHMARK,NOT_AVAILABLE,NOT_GOLDBET,a320871b081dd67801d8ce7a328b0b36211b3462688958ee5d52bc4bc152b4e6
70423a0cd00bae27a25aa8fb,Primeira Liga,2022/2023,DEVELOPMENT,2023-03-04,15:30,MATCH_KICKOFF_TIME_TIMEZONE_NOT_STATED_BY_SOURCE,,NOT_VERIFIED_DO_NOT_INFER,Estoril,Vizela,0,3,A,EVALUATION_ONLY_JOIN_AFTER_PREMATCH_FEATURE_FREEZE,2.66,3.19,2.7,EXTERNAL_HISTORICAL_MARKET_BENCHMARK,NOT_AVAILABLE,NOT_GOLDBET,4b77c06824bbf00568fa4c41de2a59500c83b8cab32394e4d7fba0773c0f3eb2
c2e8647df1cfe78357fc895b,Primeira Liga,2022/2023,DEVELOPMENT,2023-03-04,18:00,MATCH_KICKOFF_TIME_TIMEZONE_NOT_STATED_BY_SOURCE,,NOT_VERIFIED_DO_NOT_INFER,Portimonense,Sp Lisbon,0,1,A,EVALUATION_ONLY_JOIN_AFTER_PREMATCH_FEATURE_FREEZE,9.06,4.83,1.35,EXTERNAL_HISTORICAL_MARKET_BENCHMARK,NOT_AVAILABLE,NOT_GOLDBET,e83b8db95abf4e9ec865f17d72eb4839276131c08f6afac50bad45bdcfeb888b
5e49d9349da089e817e1e2ef,Primeira Liga,2022/2023,DEVELOPMENT,2023-03-04,20:30,MATCH_KICKOFF_TIME_TIMEZONE_NOT_STATED_BY_SOURCE,,NOT_VERIFIED_DO_NOT_INFER,Chaves,Porto,1,3,A,EVALUATION_ONLY_JOIN_AFTER_PREMATCH_FEATURE_FREEZE,8.71,4.77,1.37,EXTERNAL_HISTORICAL_MARKET_BENCHMARK,NOT_AVAILABLE,NOT_GOLDBET,29dfd5d400699608577504b90abc1b2b8ea704dc21ad1f3c21863a5195155e79
c3e008d1be36d01500f915c4,Primeira Liga,2022/2023,DEVELOPMENT,2023-03-05,15:30,MATCH_KICKOFF_TIME_TIMEZONE_NOT_STATED_BY_SOURCE,,NOT_VERIFIED_DO_NOT_INFER,Gil Vicente,Maritimo,2,0,H,EVALUATION_ONLY_JOIN_AFTER_PREMATCH_FEATURE_FREEZE,1.87,3.53,4.2,EXTERNAL_HISTORICAL_MARKET_BENCHMARK,NOT_AVAILABLE,NOT_GOLDBET,407d97de003a6ce482b7609821497c37403430031669a46435de2f0082d6e4e6
e63649877151b9aa9c116952,Primeira Liga,2022/2023,DEVELOPMENT,2023-03-05,18:00,MATCH_KICKOFF_TIME_TIMEZONE_NOT_STATED_BY_SOURCE,,NOT_VERIFIED_DO_NOT_INFER,Santa Clara,Guimaraes,1,3,A,EVALUATION_ONLY_JOIN_AFTER_PREMATCH_FEATURE_FREEZE,2.81,2.99,2.72,EXTERNAL_HISTORICAL_MARKET_BENCHMARK,NOT_AVAILABLE,NOT_GOLDBET,ab1bcfa46abf0abac4378b302400ccf4e56caeb2de3e2a20daa87fac23dc242e
209afdcc6e72ec4c92fccace,Primeira Liga,2022/2023,DEVELOPMENT,2023-03-05,20:30,MATCH_KICKOFF_TIME_TIMEZONE_NOT_STATED_BY_SOURCE,,NOT_VERIFIED_DO_NOT_INFER,Sp Braga,Rio Ave,2,0,H,EVALUATION_ONLY_JOIN_AFTER_PREMATCH_FEATURE_FREEZE,1.53,4,6.48,EXTERNAL_HISTORICAL_MARKET_BENCHMARK,NOT_AVAILABLE,NOT_GOLDBET,ef436e772c5a62429e648aeabb21ff60f8520104f257d4b661274f14e7ff9084
61de8e61215f1f9f616dc4e8,Primeira Liga,2022/2023,DEVELOPMENT,2023-03-06,20:15,MATCH_KICKOFF_TIME_TIMEZONE_NOT_STATED_BY_SOURCE,,NOT_VERIFIED_DO_NOT_INFER,Casa Pia,Pacos Ferreira,2,1,H,EVALUATION_ONLY_JOIN_AFTER_PREMATCH_FEATURE_FREEZE,1.95,3.18,4.37,EXTERNAL_HISTORICAL_MARKET_BENCHMARK,NOT_AVAILABLE,NOT_GOLDBET,368b45af4cf5db168e7a5b1241671ef4046f12a621051deb21bb8f357e7e8379
9d48950197d66c2aeab6a45e,Primeira Liga,2022/2023,DEVELOPMENT,2023-03-10,20:15,MATCH_KICKOFF_TIME_TIMEZONE_NOT_STATED_BY_SOURCE,,NOT_VERIFIED_DO_NOT_INFER,Porto,Estoril,3,2,H,EVALUATION_ONLY_JOIN_AFTER_PREMATCH_FEATURE_FREEZE,1.23,6.12,12.86,EXTERNAL_HISTORICAL_MARKET_BENCHMARK,NOT_AVAILABLE,NOT_GOLDBET,8c552dee4e22f1a10c2679e64e6a2beb3c62d88488d793f728e54766654325d4
45e28be572326fb930979348,Primeira Liga,2022/2023,DEVELOPMENT,2023-03-11,15:30,MATCH_KICKOFF_TIME_TIMEZONE_NOT_STATED_BY_SOURCE,,NOT_VERIFIED_DO_NOT_INFER,Chaves,Portimonense,2,0,H,EVALUATION_ONLY_JOIN_AFTER_PREMATCH_FEATURE_FREEZE,2.34,3.25,3.12,EXTERNAL_HISTORICAL_MARKET_BENCHMARK,NOT_AVAILABLE,NOT_GOLDBET,6b208080e9506542c191534c0f03eb6b32aec7bbba1a764fe97d4e5c47177d6b
a64994ff7ac0c68aea41b70f,Primeira Liga,2022/2023,DEVELOPMENT,2023-03-11,15:30,MATCH_KICKOFF_TIME_TIMEZONE_NOT_STATED_BY_SOURCE,,NOT_VERIFIED_DO_NOT_INFER,Pacos Ferreira,Santa Clara,1,0,H,EVALUATION_ONLY_JOIN_AFTER_PREMATCH_FEATURE_FREEZE,2.06,3.25,3.78,EXTERNAL_HISTORICAL_MARKET_BENCHMARK,NOT_AVAILABLE,NOT_GOLDBET,08b7f48f9937d1ff352e9ebcb82d216765d7b01bc709c42ef3d1012aaccb5030
a639f5c663ba7e57e028a597,Primeira Liga,2022/2023,DEVELOPMENT,2023-03-11,18:00,MATCH_KICKOFF_TIME_TIMEZONE_NOT_STATED_BY_SOURCE,,NOT_VERIFIED_DO_NOT_INFER,Guimaraes,Arouca,0,2,A,EVALUATION_ONLY_JOIN_AFTER_PREMATCH_FEATURE_FREEZE,2.07,3.18,3.84,EXTERNAL_HISTORICAL_MARKET_BENCHMARK,NOT_AVAILABLE,NOT_GOLDBET,92aae5eb4448d78d8b32922da9a348ba77b59969bd2fe129b094db1f9f6895eb
9aea253299721c02c590cb11,Primeira Liga,2022/2023,DEVELOPMENT,2023-03-11,20:30,MATCH_KICKOFF_TIME_TIMEZONE_NOT_STATED_BY_SOURCE,,NOT_VERIFIED_DO_NOT_INFER,Vizela,Sp Braga,0,4,A,EVALUATION_ONLY_JOIN_AFTER_PREMATCH_FEATURE_FREEZE,3.83,3.53,1.94,EXTERNAL_HISTORICAL_MARKET_BENCHMARK,NOT_AVAILABLE,NOT_GOLDBET,ac2ef0494c51810e6405d07ff8213266947f7297f37cdf5f7aae507a77602c63
bb9f50af4e5c77e0de10e6e6,Primeira Liga,2022/2023,DEVELOPMENT,2023-03-12,15:30,MATCH_KICKOFF_TIME_TIMEZONE_NOT_STATED_BY_SOURCE,,NOT_VERIFIED_DO_NOT_INFER,Rio Ave,Gil Vicente,2,1,H,EVALUATION_ONLY_JOIN_AFTER_PREMATCH_FEATURE_FREEZE,2.43,3.14,3.08,EXTERNAL_HISTORICAL_MARKET_BENCHMARK,NOT_AVAILABLE,NOT_GOLDBET,4b5887d73cb49167fcd6c0a9bdb0987444de75ecce620a0ee636bf0e01004bd7
0024cf3449da2140e8ab53d0,Primeira Liga,2022/2023,DEVELOPMENT,2023-03-12,18:00,MATCH_KICKOFF_TIME_TIMEZONE_NOT_STATED_BY_SOURCE,,NOT_VERIFIED_DO_NOT_INFER,Maritimo,Benfica,0,3,A,EVALUATION_ONLY_JOIN_AFTER_PREMATCH_FEATURE_FREEZE,10.83,5.72,1.27,EXTERNAL_HISTORICAL_MARKET_BENCHMARK,NOT_AVAILABLE,NOT_GOLDBET,d2bfa2bac469763008d76ccac1b1b99f0e5446c5111a9e031d58ef1bcb4c00ed
58eb6fded051b59cc77071a1,Primeira Liga,2022/2023,DEVELOPMENT,2023-03-12,20:30,MATCH_KICKOFF_TIME_TIMEZONE_NOT_STATED_BY_SOURCE,,NOT_VERIFIED_DO_NOT_INFER,Sp Lisbon,Boavista,3,0,H,EVALUATION_ONLY_JOIN_AFTER_PREMATCH_FEATURE_FREEZE,1.25,5.84,11.71,EXTERNAL_HISTORICAL_MARKET_BENCHMARK,NOT_AVAILABLE,NOT_GOLDBET,ef845bf013eb4eef6d97efa8c1581fe74d3437df1f7812ea4649529f6e75befa
2e47afd31146288b427d0f33,Primeira Liga,2022/2023,DEVELOPMENT,2023-03-13,20:15,MATCH_KICKOFF_TIME_TIMEZONE_NOT_STATED_BY_SOURCE,,NOT_VERIFIED_DO_NOT_INFER,Famalicao,Casa Pia,1,0,H,EVALUATION_ONLY_JOIN_AFTER_PREMATCH_FEATURE_FREEZE,2.15,3.02,3.82,EXTERNAL_HISTORICAL_MARKET_BENCHMARK,NOT_AVAILABLE,NOT_GOLDBET,9d30e0d75f596863ff19450e47f0a0e68335fb8a60a26a9404eedb5470eaac74
725102c377c6a309488cc64c,Primeira Liga,2022/2023,DEVELOPMENT,2023-03-17,20:15,MATCH_KICKOFF_TIME_TIMEZONE_NOT_STATED_BY_SOURCE,,NOT_VERIFIED_DO_NOT_INFER,Santa Clara,Rio Ave,0,2,A,EVALUATION_ONLY_JOIN_AFTER_PREMATCH_FEATURE_FREEZE,2.76,2.91,2.86,EXTERNAL_HISTORICAL_MARKET_BENCHMARK,NOT_AVAILABLE,NOT_GOLDBET,f943cccd6e322cbf54794cd234f325bb69b6ea3bf865cc49d796fbd2b68c5529
c5c8bf850e5f842833447553,Primeira Liga,2022/2023,DEVELOPMENT,2023-03-18,15:30,MATCH_KICKOFF_TIME_TIMEZONE_NOT_STATED_BY_SOURCE,,NOT_VERIFIED_DO_NOT_INFER,Portimonense,Vizela,0,1,A,EVALUATION_ONLY_JOIN_AFTER_PREMATCH_FEATURE_FREEZE,3.03,3.17,2.44,EXTERNAL_HISTORICAL_MARKET_BENCHMARK,NOT_AVAILABLE,NOT_GOLDBET,bc02c8fd421bf9206cbd2eff01c6d26a96639a5bb906d10ef337c22d28bfa919
916d67e7dc2c503bbbecdd58,Primeira Liga,2022/2023,DEVELOPMENT,2023-03-18,18:00,MATCH_KICKOFF_TIME_TIMEZONE_NOT_STATED_BY_SOURCE,,NOT_VERIFIED_DO_NOT_INFER,Arouca,Pacos Ferreira,1,1,D,EVALUATION_ONLY_JOIN_AFTER_PREMATCH_FEATURE_FREEZE,2.2,3.25,3.42,EXTERNAL_HISTORICAL_MARKET_BENCHMARK,NOT_AVAILABLE,NOT_GOLDBET,e8c682f957d2e86b29cf5623dc30354f812475a79d7ca817f9a6faebba07a23e
14717daaf057d3894e9ebb2b,Primeira Liga,2022/2023,DEVELOPMENT,2023-03-18,18:00,MATCH_KICKOFF_TIME_TIMEZONE_NOT_STATED_BY_SOURCE,,NOT_VERIFIED_DO_NOT_INFER,Benfica,Guimaraes,5,1,H,EVALUATION_ONLY_JOIN_AFTER_PREMATCH_FEATURE_FREEZE,1.15,7.92,17.99,EXTERNAL_HISTORICAL_MARKET_BENCHMARK,NOT_AVAILABLE,NOT_GOLDBET,20b4e283ede55e1f7d07a32ff800948e254da66611c2da24add22ccdd01c2c43
203c42bc875c3dae16370902,Primeira Liga,2022/2023,DEVELOPMENT,2023-03-18,20:30,MATCH_KICKOFF_TIME_TIMEZONE_NOT_STATED_BY_SOURCE,,NOT_VERIFIED_DO_NOT_INFER,Estoril,Chaves,0,2,A,EVALUATION_ONLY_JOIN_AFTER_PREMATCH_FEATURE_FREEZE,2.14,3.27,3.47,EXTERNAL_HISTORICAL_MARKET_BENCHMARK,NOT_AVAILABLE,NOT_GOLDBET,1043036928266afd23135669f82aa6fb9c06fdc253c847aa85d0a24fe6f12f98
4e132d2487c4106ff1e08622,Primeira Liga,2022/2023,DEVELOPMENT,2023-03-19,15:30,MATCH_KICKOFF_TIME_TIMEZONE_NOT_STATED_BY_SOURCE,,NOT_VERIFIED_DO_NOT_INFER,Casa Pia,Maritimo,2,0,H,EVALUATION_ONLY_JOIN_AFTER_PREMATCH_FEATURE_FREEZE,2.11,3.15,3.79,EXTERNAL_HISTORICAL_MARKET_BENCHMARK,NOT_AVAILABLE,NOT_GOLDBET,028c987e05437c57c401d9a4b3989b27aba5cab41ef525481c14ca17e1faf7f8
f16da45eae0a6b9d920fcf8c,Primeira Liga,2022/2023,DEVELOPMENT,2023-03-19,18:00,MATCH_KICKOFF_TIME_TIMEZONE_NOT_STATED_BY_SOURCE,,NOT_VERIFIED_DO_NOT_INFER,Sp Braga,Porto,0,0,D,EVALUATION_ONLY_JOIN_AFTER_PREMATCH_FEATURE_FREEZE,3.23,3.38,2.22,EXTERNAL_HISTORICAL_MARKET_BENCHMARK,NOT_AVAILABLE,NOT_GOLDBET,0e4ea947e272203fd0da57605409ef70f749824c3c7162ca724940b51ddbef2b
69dc2548790e6a6d215fc87f,Primeira Liga,2022/2023,DEVELOPMENT,2023-03-19,20:30,MATCH_KICKOFF_TIME_TIMEZONE_NOT_STATED_BY_SOURCE,,NOT_VERIFIED_DO_NOT_INFER,Boavista,Famalicao,1,2,A,EVALUATION_ONLY_JOIN_AFTER_PREMATCH_FEATURE_FREEZE,2.64,2.97,2.93,EXTERNAL_HISTORICAL_MARKET_BENCHMARK,NOT_AVAILABLE,NOT_GOLDBET,a8cec952f5a0ea5d79ad3241f3755bcb40e193f48e2ddd92b85f30b9a0de6b62
6943ce5525cc1e89206dcea0,Primeira Liga,2022/2023,DEVELOPMENT,2023-03-31,20:15,MATCH_KICKOFF_TIME_TIMEZONE_NOT_STATED_BY_SOURCE,,NOT_VERIFIED_DO_NOT_INFER,Estoril,Gil Vicente,1,0,H,EVALUATION_ONLY_JOIN_AFTER_PREMATCH_FEATURE_FREEZE,2.76,3.36,2.52,EXTERNAL_HISTORICAL_MARKET_BENCHMARK,NOT_AVAILABLE,NOT_GOLDBET,3af3113974109c59ae74ecc3932f9db7886748a2efa0aeca6b3d4756c7884e14
7d63bb53e76ccdde4a3840bc,Primeira Liga,2022/2023,DEVELOPMENT,2023-04-01,15:30,MATCH_KICKOFF_TIME_TIMEZONE_NOT_STATED_BY_SOURCE,,NOT_VERIFIED_DO_NOT_INFER,Vizela,Casa Pia,3,1,H,EVALUATION_ONLY_JOIN_AFTER_PREMATCH_FEATURE_FREEZE,1.95,3.18,4.26,EXTERNAL_HISTORICAL_MARKET_BENCHMARK,NOT_AVAILABLE,NOT_GOLDBET,6c75d6940991d892ed41880e46875fe859b3f35a415d10206fe0324792a785d7
b0b770f9b6c971ba215e564a,Primeira Liga,2022/2023,DEVELOPMENT,2023-04-01,18:00,MATCH_KICKOFF_TIME_TIMEZONE_NOT_STATED_BY_SOURCE,,NOT_VERIFIED_DO_NOT_INFER,Guimaraes,Pacos Ferreira,0,0,D,EVALUATION_ONLY_JOIN_AFTER_PREMATCH_FEATURE_FREEZE,2.05,3.3,3.8,EXTERNAL_HISTORICAL_MARKET_BENCHMARK,NOT_AVAILABLE,NOT_GOLDBET,c6af153b24a23818ce0b22bdac1553d9b062b3a672c75551195f112e0b11396a
ebb5a9a98faeddd9067538b4,Primeira Liga,2022/2023,DEVELOPMENT,2023-04-01,20:30,MATCH_KICKOFF_TIME_TIMEZONE_NOT_STATED_BY_SOURCE,,NOT_VERIFIED_DO_NOT_INFER,Sp Lisbon,Santa Clara,3,0,H,EVALUATION_ONLY_JOIN_AFTER_PREMATCH_FEATURE_FREEZE,1.11,9.3,24.21,EXTERNAL_HISTORICAL_MARKET_BENCHMARK,NOT_AVAILABLE,NOT_GOLDBET,ed14c51480235f018da3b3c8eaffe283171b5cf644d149fb36020fc01e2fe42e
91af2169765741480806a389,Primeira Liga,2022/2023,DEVELOPMENT,2023-04-02,15:30,MATCH_KICKOFF_TIME_TIMEZONE_NOT_STATED_BY_SOURCE,,NOT_VERIFIED_DO_NOT_INFER,Chaves,Sp Braga,1,2,A,EVALUATION_ONLY_JOIN_AFTER_PREMATCH_FEATURE_FREEZE,5.77,4.07,1.57,EXTERNAL_HISTORICAL_MARKET_BENCHMARK,NOT_AVAILABLE,NOT_GOLDBET,36e9a59aec7f896d44e94e3a90167c2fd07e7866a74ed0d574f00067cf1d5dac
00c83e86fe2085e1fb5eb1dd,Primeira Liga,2022/2023,DEVELOPMENT,2023-04-02,15:30,MATCH_KICKOFF_TIME_TIMEZONE_NOT_STATED_BY_SOURCE,,NOT_VERIFIED_DO_NOT_INFER,Maritimo,Boavista,4,2,H,EVALUATION_ONLY_JOIN_AFTER_PREMATCH_FEATURE_FREEZE,2.27,3.2,3.28,EXTERNAL_HISTORICAL_MARKET_BENCHMARK,NOT_AVAILABLE,NOT_GOLDBET,441f04145d9c667dc69ba679d4766da24a6325a17f73b9bfa2d22246932009bd
b3dd580ee59c6543863fb9c5,Primeira Liga,2022/2023,DEVELOPMENT,2023-04-02,18:00,MATCH_KICKOFF_TIME_TIMEZONE_NOT_STATED_BY_SOURCE,,NOT_VERIFIED_DO_NOT_INFER,Rio Ave,Benfica,0,1,A,EVALUATION_ONLY_JOIN_AFTER_PREMATCH_FEATURE_FREEZE,13.07,5.48,1.26,EXTERNAL_HISTORICAL_MARKET_BENCHMARK,NOT_AVAILABLE,NOT_GOLDBET,95155f2b3d139c56ff79366b32edb3d1266cc60cf12a6ed153a1b972eb8b1903
2c5d83833dd3362fdd936d32,Primeira Liga,2022/2023,DEVELOPMENT,2023-04-02,20:30,MATCH_KICKOFF_TIME_TIMEZONE_NOT_STATED_BY_SOURCE,,NOT_VERIFIED_DO_NOT_INFER,Porto,Portimonense,1,0,H,EVALUATION_ONLY_JOIN_AFTER_PREMATCH_FEATURE_FREEZE,1.14,8.21,19.46,EXTERNAL_HISTORICAL_MARKET_BENCHMARK,NOT_AVAILABLE,NOT_GOLDBET,7d5943e742eac2f3abd33114dfc5e4ed7e890adc329797f7b29fe9edb093ca6d
2896a371ce39dd536fccd16a,Primeira Liga,2022/2023,DEVELOPMENT,2023-04-03,20:15,MATCH_KICKOFF_TIME_TIMEZONE_NOT_STATED_BY_SOURCE,,NOT_VERIFIED_DO_NOT_INFER,Famalicao,Arouca,0,1,A,EVALUATION_ONLY_JOIN_AFTER_PREMATCH_FEATURE_FREEZE,1.95,3.4,3.98,EXTERNAL_HISTORICAL_MARKET_BENCHMARK,NOT_AVAILABLE,NOT_GOLDBET,33881a2ce420855afcb31ea8175610909e3da3dcb48f4e6f8abc78731005e44c
85ba7837ad5f15a691b8938b,Primeira Liga,2022/2023,DEVELOPMENT,2023-04-05,20:15,MATCH_KICKOFF_TIME_TIMEZONE_NOT_STATED_BY_SOURCE,,NOT_VERIFIED_DO_NOT_INFER,Gil Vicente,Sp Lisbon,0,0,D,EVALUATION_ONLY_JOIN_AFTER_PREMATCH_FEATURE_FREEZE,8.06,4.95,1.37,EXTERNAL_HISTORICAL_MARKET_BENCHMARK,NOT_AVAILABLE,NOT_GOLDBET,1e099b790d7b79b68cc9d4bd3617ea480b1c2b52241deb7e2396ddb929bdee5d
3154d51b83a89f4891e2345e,Primeira Liga,2022/2023,DEVELOPMENT,2023-04-07,15:30,MATCH_KICKOFF_TIME_TIMEZONE_NOT_STATED_BY_SOURCE,,NOT_VERIFIED_DO_NOT_INFER,Santa Clara,Vizela,0,1,A,EVALUATION_ONLY_JOIN_AFTER_PREMATCH_FEATURE_FREEZE,3.5,3.18,2.19,EXTERNAL_HISTORICAL_MARKET_BENCHMARK,NOT_AVAILABLE,NOT_GOLDBET,1e766ac15771ec46fb2efba2b393784970b97bb69c10e237e2b76025fd2bcebe
66b22cf435ae223c79dc685c,Primeira Liga,2022/2023,DEVELOPMENT,2023-04-07,18:00,MATCH_KICKOFF_TIME_TIMEZONE_NOT_STATED_BY_SOURCE,,NOT_VERIFIED_DO_NOT_INFER,Benfica,Porto,1,2,A,EVALUATION_ONLY_JOIN_AFTER_PREMATCH_FEATURE_FREEZE,1.82,3.54,4.45,EXTERNAL_HISTORICAL_MARKET_BENCHMARK,NOT_AVAILABLE,NOT_GOLDBET,b055fedea5dd0f0b4628e04510c9918e2d25686994bb3e66137f6733233f25ff
533e3aca0cb778030e621abd,Primeira Liga,2022/2023,DEVELOPMENT,2023-04-07,20:30,MATCH_KICKOFF_TIME_TIMEZONE_NOT_STATED_BY_SOURCE,,NOT_VERIFIED_DO_NOT_INFER,Boavista,Guimaraes,2,1,H,EVALUATION_ONLY_JOIN_AFTER_PREMATCH_FEATURE_FREEZE,2.5,3.07,2.95,EXTERNAL_HISTORICAL_MARKET_BENCHMARK,NOT_AVAILABLE,NOT_GOLDBET,151d090f08a5b802d94e70f7aa09134a377c27dddaaa43bc2f8d1eb96ffb120d
9195fc782c8229e2a6fbcb7a,Primeira Liga,2022/2023,DEVELOPMENT,2023-04-08,15:30,MATCH_KICKOFF_TIME_TIMEZONE_NOT_STATED_BY_SOURCE,,NOT_VERIFIED_DO_NOT_INFER,Arouca,Maritimo,1,0,H,EVALUATION_ONLY_JOIN_AFTER_PREMATCH_FEATURE_FREEZE,2.27,3.19,3.32,EXTERNAL_HISTORICAL_MARKET_BENCHMARK,NOT_AVAILABLE,NOT_GOLDBET,31968cde26242315a1febf9e2669013999d83d87578aede2e1dc27650f5fb185
b0f0ad8771b739e071bd051b,Primeira Liga,2022/2023,DEVELOPMENT,2023-04-08,18:00,MATCH_KICKOFF_TIME_TIMEZONE_NOT_STATED_BY_SOURCE,,NOT_VERIFIED_DO_NOT_INFER,Pacos Ferreira,Famalicao,1,3,A,EVALUATION_ONLY_JOIN_AFTER_PREMATCH_FEATURE_FREEZE,2.8,3.03,2.7,EXTERNAL_HISTORICAL_MARKET_BENCHMARK,NOT_AVAILABLE,NOT_GOLDBET,bafdad52e46dce8888a01aaaada2cc41dfdcabacf3356eac6b62b03dd799616e
273f6b4a436f621acd276878,Primeira Liga,2022/2023,DEVELOPMENT,2023-04-08,18:00,MATCH_KICKOFF_TIME_TIMEZONE_NOT_STATED_BY_SOURCE,,NOT_VERIFIED_DO_NOT_INFER,Portimonense,Rio Ave,2,2,D,EVALUATION_ONLY_JOIN_AFTER_PREMATCH_FEATURE_FREEZE,2.54,3.04,3,EXTERNAL_HISTORICAL_MARKET_BENCHMARK,NOT_AVAILABLE,NOT_GOLDBET,c0360d2a78047742882ee0d1c9e1a66daf065812a99c7a3ff53fa55d871995b9
d01cf2e9565c69f214de5a8d,Primeira Liga,2022/2023,DEVELOPMENT,2023-04-08,20:30,MATCH_KICKOFF_TIME_TIMEZONE_NOT_STATED_BY_SOURCE,,NOT_VERIFIED_DO_NOT_INFER,Sp Braga,Estoril,4,1,H,EVALUATION_ONLY_JOIN_AFTER_PREMATCH_FEATURE_FREEZE,1.26,5.75,11.38,EXTERNAL_HISTORICAL_MARKET_BENCHMARK,NOT_AVAILABLE,NOT_GOLDBET,603f921b92b5a1bfe43f42504ccc77fb37d77d2f42a20926e57307bc1e731aa7
4330c5c4f5dc56742a055ede,Primeira Liga,2022/2023,DEVELOPMENT,2023-04-09,18:00,MATCH_KICKOFF_TIME_TIMEZONE_NOT_STATED_BY_SOURCE,,NOT_VERIFIED_DO_NOT_INFER,Casa Pia,Sp Lisbon,3,4,A,EVALUATION_ONLY_JOIN_AFTER_PREMATCH_FEATURE_FREEZE,8.99,4.53,1.38,EXTERNAL_HISTORICAL_MARKET_BENCHMARK,NOT_AVAILABLE,NOT_GOLDBET,d22213c53335d63bb1bdaee96616ea902fd42df82836a17a2d6faa8e2d45eb3d
755eec09baf7fa7206d03ed7,Primeira Liga,2022/2023,DEVELOPMENT,2023-04-10,20:15,MATCH_KICKOFF_TIME_TIMEZONE_NOT_STATED_BY_SOURCE,,NOT_VERIFIED_DO_NOT_INFER,Gil Vicente,Chaves,0,0,D,EVALUATION_ONLY_JOIN_AFTER_PREMATCH_FEATURE_FREEZE,2.1,3.38,3.53,EXTERNAL_HISTORICAL_MARKET_BENCHMARK,NOT_AVAILABLE,NOT_GOLDBET,88c2ed1dd36923e316d246e03f55509fa291e2438ca437fcfe7376051ad61a3d
ac7ad886c966f50c59f8f120,Primeira Liga,2022/2023,DEVELOPMENT,2023-04-14,20:15,MATCH_KICKOFF_TIME_TIMEZONE_NOT_STATED_BY_SOURCE,,NOT_VERIFIED_DO_NOT_INFER,Famalicao,Guimaraes,2,1,H,EVALUATION_ONLY_JOIN_AFTER_PREMATCH_FEATURE_FREEZE,1.95,3.32,4.16,EXTERNAL_HISTORICAL_MARKET_BENCHMARK,NOT_AVAILABLE,NOT_GOLDBET,af2664cc40591620cc7f357ec0d0793976d3f68165f2a37516d9d558d369d4d3
ff29d638d91f68f7bd92f6aa,Primeira Liga,2022/2023,DEVELOPMENT,2023-04-15,15:30,MATCH_KICKOFF_TIME_TIMEZONE_NOT_STATED_BY_SOURCE,,NOT_VERIFIED_DO_NOT_INFER,Estoril,Portimonense,0,1,A,EVALUATION_ONLY_JOIN_AFTER_PREMATCH_FEATURE_FREEZE,2.38,3.11,3.21,EXTERNAL_HISTORICAL_MARKET_BENCHMARK,NOT_AVAILABLE,NOT_GOLDBET,344698f25abd6ee0c8cd4011de8b2869b8db821235a6f5298466defc1e13b011
419b94398faf67311d3d9c70,Primeira Liga,2022/2023,DEVELOPMENT,2023-04-15,15:30,MATCH_KICKOFF_TIME_TIMEZONE_NOT_STATED_BY_SOURCE,,NOT_VERIFIED_DO_NOT_INFER,Maritimo,Pacos Ferreira,3,1,H,EVALUATION_ONLY_JOIN_AFTER_PREMATCH_FEATURE_FREEZE,2.21,3.21,3.39,EXTERNAL_HISTORICAL_MARKET_BENCHMARK,NOT_AVAILABLE,NOT_GOLDBET,a003ad1a24b8511c05e1a0f5fbedffd7894616c57a25b884a8cc596c6d3006d2
1ec6a1f5b566981f140346a1,Primeira Liga,2022/2023,DEVELOPMENT,2023-04-15,18:00,MATCH_KICKOFF_TIME_TIMEZONE_NOT_STATED_BY_SOURCE,,NOT_VERIFIED_DO_NOT_INFER,Chaves,Benfica,1,0,H,EVALUATION_ONLY_JOIN_AFTER_PREMATCH_FEATURE_FREEZE,11.32,6.04,1.25,EXTERNAL_HISTORICAL_MARKET_BENCHMARK,NOT_AVAILABLE,NOT_GOLDBET,2323f46ea1cc006b2f55c078311f1b68cede8db017d437b1ce111363d16b6a64
a769235608b8cc13014b8091,Primeira Liga,2022/2023,DEVELOPMENT,2023-04-15,20:30,MATCH_KICKOFF_TIME_TIMEZONE_NOT_STATED_BY_SOURCE,,NOT_VERIFIED_DO_NOT_INFER,Porto,Santa Clara,2,1,H,EVALUATION_ONLY_JOIN_AFTER_PREMATCH_FEATURE_FREEZE,1.13,8.65,20.89,EXTERNAL_HISTORICAL_MARKET_BENCHMARK,NOT_AVAILABLE,NOT_GOLDBET,5436dba7e994def279d63041a3432b4d7955525c1d220ff98fb4bfc32e942aa4
24a3c099c791bd6653ebe15d,Primeira Liga,2022/2023,DEVELOPMENT,2023-04-16,15:30,MATCH_KICKOFF_TIME_TIMEZONE_NOT_STATED_BY_SOURCE,,NOT_VERIFIED_DO_NOT_INFER,Rio Ave,Casa Pia,1,1,D,EVALUATION_ONLY_JOIN_AFTER_PREMATCH_FEATURE_FREEZE,2.16,3.09,3.71,EXTERNAL_HISTORICAL_MARKET_BENCHMARK,NOT_AVAILABLE,NOT_GOLDBET,2d11d6cb4ad0f4a7098a740e306a82e1f5cf9bf94053b06aad8b65f8e4e120b5
e4b0142454b263019cae3d84,Primeira Liga,2022/2023,DEVELOPMENT,2023-04-16,18:00,MATCH_KICKOFF_TIME_TIMEZONE_NOT_STATED_BY_SOURCE,,NOT_VERIFIED_DO_NOT_INFER,Sp Braga,Gil Vicente,1,0,H,EVALUATION_ONLY_JOIN_AFTER_PREMATCH_FEATURE_FREEZE,1.3,5.61,9.47,EXTERNAL_HISTORICAL_MARKET_BENCHMARK,NOT_AVAILABLE,NOT_GOLDBET,6ad982c7ce4d762ad4bdffb32ce2481c9fcf83f51d542f7ff199ba8dc29b6ca2
1e71c82517b9209039870c5c,Primeira Liga,2022/2023,DEVELOPMENT,2023-04-16,20:30,MATCH_KICKOFF_TIME_TIMEZONE_NOT_STATED_BY_SOURCE,,NOT_VERIFIED_DO_NOT_INFER,Sp Lisbon,Arouca,1,1,D,EVALUATION_ONLY_JOIN_AFTER_PREMATCH_FEATURE_FREEZE,1.23,6.24,12.81,EXTERNAL_HISTORICAL_MARKET_BENCHMARK,NOT_AVAILABLE,NOT_GOLDBET,c460c6375a7fa588a334995aaa377a143e49afa94edb9980abb59489c7a03b13
babe7239d1ae8f04f9bbe321,Primeira Liga,2022/2023,DEVELOPMENT,2023-04-17,20:15,MATCH_KICKOFF_TIME_TIMEZONE_NOT_STATED_BY_SOURCE,,NOT_VERIFIED_DO_NOT_INFER,Vizela,Boavista,1,1,D,EVALUATION_ONLY_JOIN_AFTER_PREMATCH_FEATURE_FREEZE,2.05,3.28,3.87,EXTERNAL_HISTORICAL_MARKET_BENCHMARK,NOT_AVAILABLE,NOT_GOLDBET,1675823e30903a3e76a032227ff8d2b94a58f0369dca9f3d2aa3dc56ec468145
2b49130ba55bb080404a615e,Primeira Liga,2022/2023,DEVELOPMENT,2023-04-21,20:15,MATCH_KICKOFF_TIME_TIMEZONE_NOT_STATED_BY_SOURCE,,NOT_VERIFIED_DO_NOT_INFER,Casa Pia,Sp Braga,0,1,A,EVALUATION_ONLY_JOIN_AFTER_PREMATCH_FEATURE_FREEZE,5.6,3.8,1.64,EXTERNAL_HISTORICAL_MARKET_BENCHMARK,NOT_AVAILABLE,NOT_GOLDBET,1c48c5525d0f6083158f5674d9688886aa92b6ac157448cee485395d6eb7f754
63fe8f69a44a243a420af861,Primeira Liga,2022/2023,DEVELOPMENT,2023-04-22,15:30,MATCH_KICKOFF_TIME_TIMEZONE_NOT_STATED_BY_SOURCE,,NOT_VERIFIED_DO_NOT_INFER,Famalicao,Maritimo,3,2,H,EVALUATION_ONLY_JOIN_AFTER_PREMATCH_FEATURE_FREEZE,1.98,3.37,3.96,EXTERNAL_HISTORICAL_MARKET_BENCHMARK,NOT_AVAILABLE,NOT_GOLDBET,ce1cef04658c5931484f42f269daaa7ba253b1aa833ecfd741a2ef0fdbff77c0
0461c62fb6e613b86d07d78e,Primeira Liga,2022/2023,DEVELOPMENT,2023-04-22,18:00,MATCH_KICKOFF_TIME_TIMEZONE_NOT_STATED_BY_SOURCE,,NOT_VERIFIED_DO_NOT_INFER,Boavista,Rio Ave,3,2,H,EVALUATION_ONLY_JOIN_AFTER_PREMATCH_FEATURE_FREEZE,2.39,3.06,3.23,EXTERNAL_HISTORICAL_MARKET_BENCHMARK,NOT_AVAILABLE,NOT_GOLDBET,f5ae0cfc43ebf6f12d8130388d1445fd7119efb89d6777d04f646f3e337a09c3
539c2253a98debf24477d09e,Primeira Liga,2022/2023,DEVELOPMENT,2023-04-22,20:30,MATCH_KICKOFF_TIME_TIMEZONE_NOT_STATED_BY_SOURCE,,NOT_VERIFIED_DO_NOT_INFER,Pacos Ferreira,Porto,0,2,A,EVALUATION_ONLY_JOIN_AFTER_PREMATCH_FEATURE_FREEZE,14.38,6.25,1.21,EXTERNAL_HISTORICAL_MARKET_BENCHMARK,NOT_AVAILABLE,NOT_GOLDBET,9a91decdf6b0130a6076c0e2286eeb37981274c636231ec33cdfd0fbbff7211f
cabc1d1afe3b846fefb0493d,Primeira Liga,2022/2023,DEVELOPMENT,2023-04-23,15:30,MATCH_KICKOFF_TIME_TIMEZONE_NOT_STATED_BY_SOURCE,,NOT_VERIFIED_DO_NOT_INFER,Portimonense,Gil Vicente,1,0,H,EVALUATION_ONLY_JOIN_AFTER_PREMATCH_FEATURE_FREEZE,2.57,3.33,2.74,EXTERNAL_HISTORICAL_MARKET_BENCHMARK,NOT_AVAILABLE,NOT_GOLDBET,bce966d8eda60b616d97ac234f2cb1405c48e6aac8c24d8206b09683785d62d5
769870c1a53161bcae843ee1,Primeira Liga,2022/2023,DEVELOPMENT,2023-04-23,18:00,MATCH_KICKOFF_TIME_TIMEZONE_NOT_STATED_BY_SOURCE,,NOT_VERIFIED_DO_NOT_INFER,Benfica,Estoril,1,0,H,EVALUATION_ONLY_JOIN_AFTER_PREMATCH_FEATURE_FREEZE,1.13,8.44,19.59,EXTERNAL_HISTORICAL_MARKET_BENCHMARK,NOT_AVAILABLE,NOT_GOLDBET,4f9a4bcf0e1496601f96e771adc9c1a0b06d77bac90193841812a10bb3d5c01d
74f9ec9633d4969803cf60ca,Primeira Liga,2022/2023,DEVELOPMENT,2023-04-23,18:00,MATCH_KICKOFF_TIME_TIMEZONE_NOT_STATED_BY_SOURCE,,NOT_VERIFIED_DO_NOT_INFER,Santa Clara,Chaves,1,1,D,EVALUATION_ONLY_JOIN_AFTER_PREMATCH_FEATURE_FREEZE,2.65,3.16,2.77,EXTERNAL_HISTORICAL_MARKET_BENCHMARK,NOT_AVAILABLE,NOT_GOLDBET,52d1624152160abd3f7c5bfe31020e080e7d0bc93197079000f50d1d446466e4
4e15dc3e3b77b3b1189f16d7,Primeira Liga,2022/2023,DEVELOPMENT,2023-04-23,20:30,MATCH_KICKOFF_TIME_TIMEZONE_NOT_STATED_BY_SOURCE,,NOT_VERIFIED_DO_NOT_INFER,Arouca,Vizela,1,0,H,EVALUATION_ONLY_JOIN_AFTER_PREMATCH_FEATURE_FREEZE,2.75,3.15,2.66,EXTERNAL_HISTORICAL_MARKET_BENCHMARK,NOT_AVAILABLE,NOT_GOLDBET,5cfc7b20c6dbf7e90e37a09d1e1b9c5ac8f46f40ee1b4444222aaebdb9c725ca
6f7e5eb260861d17f242e9fc,Primeira Liga,2022/2023,DEVELOPMENT,2023-04-24,20:15,MATCH_KICKOFF_TIME_TIMEZONE_NOT_STATED_BY_SOURCE,,NOT_VERIFIED_DO_NOT_INFER,Guimaraes,Sp Lisbon,0,2,A,EVALUATION_ONLY_JOIN_AFTER_PREMATCH_FEATURE_FREEZE,7.76,4.53,1.42,EXTERNAL_HISTORICAL_MARKET_BENCHMARK,NOT_AVAILABLE,NOT_GOLDBET,b1bccde2bf564d3adeb0901eca4948f503a6ed39b00546e9b4699a80ab1a45bb
f2210bab33f2f7e37a523e73,Primeira Liga,2022/2023,DEVELOPMENT,2023-04-28,20:15,MATCH_KICKOFF_TIME_TIMEZONE_NOT_STATED_BY_SOURCE,,NOT_VERIFIED_DO_NOT_INFER,Rio Ave,Arouca,1,0,H,EVALUATION_ONLY_JOIN_AFTER_PREMATCH_FEATURE_FREEZE,2.33,3.12,3.26,EXTERNAL_HISTORICAL_MARKET_BENCHMARK,NOT_AVAILABLE,NOT_GOLDBET,225fcb54baf87ab091bcc717b921b6e6e5c5967121f71465acdbfdedb3ea0393
8436ad261fcea849aeb556ec,Primeira Liga,2022/2023,DEVELOPMENT,2023-04-29,15:30,MATCH_KICKOFF_TIME_TIMEZONE_NOT_STATED_BY_SOURCE,,NOT_VERIFIED_DO_NOT_INFER,Maritimo,Guimaraes,1,2,A,EVALUATION_ONLY_JOIN_AFTER_PREMATCH_FEATURE_FREEZE,2.43,3.23,2.99,EXTERNAL_HISTORICAL_MARKET_BENCHMARK,NOT_AVAILABLE,NOT_GOLDBET,92f5b75a948ac64f46cd6ee082baa0b96b974f473bcf285e5d2f9a837350988a
c7040f155d16a9444ea954aa,Primeira Liga,2022/2023,DEVELOPMENT,2023-04-29,15:30,MATCH_KICKOFF_TIME_TIMEZONE_NOT_STATED_BY_SOURCE,,NOT_VERIFIED_DO_NOT_INFER,Sp Braga,Portimonense,4,1,H,EVALUATION_ONLY_JOIN_AFTER_PREMATCH_FEATURE_FREEZE,1.24,6.22,11.9,EXTERNAL_HISTORICAL_MARKET_BENCHMARK,NOT_AVAILABLE,NOT_GOLDBET,c1ecc701506c1ad0a48311a1b549100917daee3c1f885b245e361412a4c92b33
33bc6ddaa559520c125202fe,Primeira Liga,2022/2023,DEVELOPMENT,2023-04-29,18:00,MATCH_KICKOFF_TIME_TIMEZONE_NOT_STATED_BY_SOURCE,,NOT_VERIFIED_DO_NOT_INFER,Chaves,Casa Pia,1,0,H,EVALUATION_ONLY_JOIN_AFTER_PREMATCH_FEATURE_FREEZE,2.3,3.12,3.32,EXTERNAL_HISTORICAL_MARKET_BENCHMARK,NOT_AVAILABLE,NOT_GOLDBET,58a0cda6c6a9fa6de6dd4a3dd4fba6e09e38a077f670897e303c9c6b8d03d265
31efbf3337d508e15e560476,Primeira Liga,2022/2023,DEVELOPMENT,2023-04-29,18:00,MATCH_KICKOFF_TIME_TIMEZONE_NOT_STATED_BY_SOURCE,,NOT_VERIFIED_DO_NOT_INFER,Vizela,Pacos Ferreira,1,2,A,EVALUATION_ONLY_JOIN_AFTER_PREMATCH_FEATURE_FREEZE,1.89,3.47,4.21,EXTERNAL_HISTORICAL_MARKET_BENCHMARK,NOT_AVAILABLE,NOT_GOLDBET,0d4e2517d7eea9f17ca40a62a2abd427d61dbf9dc0a03f9d901aa5be032a9658
a80d355691ccf90485dc1a0d,Primeira Liga,2022/2023,DEVELOPMENT,2023-04-29,20:30,MATCH_KICKOFF_TIME_TIMEZONE_NOT_STATED_BY_SOURCE,,NOT_VERIFIED_DO_NOT_INFER,Gil Vicente,Benfica,0,2,A,EVALUATION_ONLY_JOIN_AFTER_PREMATCH_FEATURE_FREEZE,11.61,6.07,1.24,EXTERNAL_HISTORICAL_MARKET_BENCHMARK,NOT_AVAILABLE,NOT_GOLDBET,73f591934f0f6a3fbcc0df6acdac35150d73bdb90e321ad47075b08efba95202
9253d086dd0828a3e58407fe,Primeira Liga,2022/2023,DEVELOPMENT,2023-04-30,15:30,MATCH_KICKOFF_TIME_TIMEZONE_NOT_STATED_BY_SOURCE,,NOT_VERIFIED_DO_NOT_INFER,Estoril,Santa Clara,3,0,H,EVALUATION_ONLY_JOIN_AFTER_PREMATCH_FEATURE_FREEZE,2.13,3.18,3.72,EXTERNAL_HISTORICAL_MARKET_BENCHMARK,NOT_AVAILABLE,NOT_GOLDBET,7455095a81a55903aabfb7a1c80caeddc1d84096c0be48750615c19ac41f0411
c6f784cb4ea7e3e597432c71,Primeira Liga,2022/2023,DEVELOPMENT,2023-04-30,18:00,MATCH_KICKOFF_TIME_TIMEZONE_NOT_STATED_BY_SOURCE,,NOT_VERIFIED_DO_NOT_INFER,Porto,Boavista,1,0,H,EVALUATION_ONLY_JOIN_AFTER_PREMATCH_FEATURE_FREEZE,1.19,6.74,16.71,EXTERNAL_HISTORICAL_MARKET_BENCHMARK,NOT_AVAILABLE,NOT_GOLDBET,f651c580179ed0ae60a3a8fd087ef07788aaac497ae44c711e41b9a7659ba9d5
6caacc4fac9484bdfc76984c,Primeira Liga,2022/2023,DEVELOPMENT,2023-04-30,20:30,MATCH_KICKOFF_TIME_TIMEZONE_NOT_STATED_BY_SOURCE,,NOT_VERIFIED_DO_NOT_INFER,Sp Lisbon,Famalicao,2,1,H,EVALUATION_ONLY_JOIN_AFTER_PREMATCH_FEATURE_FREEZE,1.19,6.69,15.57,EXTERNAL_HISTORICAL_MARKET_BENCHMARK,NOT_AVAILABLE,NOT_GOLDBET,48ba77acfbe78637ccaddfb493689c84728aa439b511fbeecb439913482fad58
1c900318f967b69a16772f39,Primeira Liga,2022/2023,DEVELOPMENT,2023-05-05,20:15,MATCH_KICKOFF_TIME_TIMEZONE_NOT_STATED_BY_SOURCE,,NOT_VERIFIED_DO_NOT_INFER,Casa Pia,Portimonense,1,1,D,EVALUATION_ONLY_JOIN_AFTER_PREMATCH_FEATURE_FREEZE,2.04,3.27,3.9,EXTERNAL_HISTORICAL_MARKET_BENCHMARK,NOT_AVAILABLE,NOT_GOLDBET,5b1434416dc1771c4b631ab3c380623bc8644eb02af4cb12025520b9c0e4556e
17a5b07f35fb3c264e8112aa,Primeira Liga,2022/2023,DEVELOPMENT,2023-05-06,15:30,MATCH_KICKOFF_TIME_TIMEZONE_NOT_STATED_BY_SOURCE,,NOT_VERIFIED_DO_NOT_INFER,Santa Clara,Gil Vicente,3,2,H,EVALUATION_ONLY_JOIN_AFTER_PREMATCH_FEATURE_FREEZE,2.41,3.38,2.92,EXTERNAL_HISTORICAL_MARKET_BENCHMARK,NOT_AVAILABLE,NOT_GOLDBET,cfb271eebdde67de0bcd07c20ab2d4d54191df5979e4ab90e6155a641b666112
3be15ec820166d8c3003b3aa,Primeira Liga,2022/2023,DEVELOPMENT,2023-05-06,18:00,MATCH_KICKOFF_TIME_TIMEZONE_NOT_STATED_BY_SOURCE,,NOT_VERIFIED_DO_NOT_INFER,Boavista,Estoril,1,0,H,EVALUATION_ONLY_JOIN_AFTER_PREMATCH_FEATURE_FREEZE,2.34,3.17,3.2,EXTERNAL_HISTORICAL_MARKET_BENCHMARK,NOT_AVAILABLE,NOT_GOLDBET,cb97077980af161fc304fa04a77466117c59194b99947e8c2fa661ecc5deb642
ae24f417a6c0e2409eaa04a5,Primeira Liga,2022/2023,DEVELOPMENT,2023-05-06,20:30,MATCH_KICKOFF_TIME_TIMEZONE_NOT_STATED_BY_SOURCE,,NOT_VERIFIED_DO_NOT_INFER,Benfica,Sp Braga,1,0,H,EVALUATION_ONLY_JOIN_AFTER_PREMATCH_FEATURE_FREEZE,1.53,4.3,5.77,EXTERNAL_HISTORICAL_MARKET_BENCHMARK,NOT_AVAILABLE,NOT_GOLDBET,c1234af7153a918ececebe09d52adf8c0817152bef90a8ae7c271c69802f729e
3c66989cbc36db1acc030361,Primeira Liga,2022/2023,DEVELOPMENT,2023-05-07,15:30,MATCH_KICKOFF_TIME_TIMEZONE_NOT_STATED_BY_SOURCE,,NOT_VERIFIED_DO_NOT_INFER,Maritimo,Rio Ave,2,2,D,EVALUATION_ONLY_JOIN_AFTER_PREMATCH_FEATURE_FREEZE,1.91,3.35,4.29,EXTERNAL_HISTORICAL_MARKET_BENCHMARK,NOT_AVAILABLE,NOT_GOLDBET,4a928698e4c14c7b81c222a9324bb9dd55c0463b3a36d70108e5bbad239a84b8
36041ae33c6e0c4f6435ce86,Primeira Liga,2022/2023,DEVELOPMENT,2023-05-07,18:00,MATCH_KICKOFF_TIME_TIMEZONE_NOT_STATED_BY_SOURCE,,NOT_VERIFIED_DO_NOT_INFER,Guimaraes,Vizela,3,0,H,EVALUATION_ONLY_JOIN_AFTER_PREMATCH_FEATURE_FREEZE,2.46,3.16,3,EXTERNAL_HISTORICAL_MARKET_BENCHMARK,NOT_AVAILABLE,NOT_GOLDBET,ba8aff4c92575851d416321293775ab984ab61e6e9b92e25ea90149fd1399565
a8360ccc9fe1a897e1d735bf,Primeira Liga,2022/2023,DEVELOPMENT,2023-05-07,20:30,MATCH_KICKOFF_TIME_TIMEZONE_NOT_STATED_BY_SOURCE,,NOT_VERIFIED_DO_NOT_INFER,Pacos Ferreira,Sp Lisbon,0,4,A,EVALUATION_ONLY_JOIN_AFTER_PREMATCH_FEATURE_FREEZE,10.06,5.51,1.29,EXTERNAL_HISTORICAL_MARKET_BENCHMARK,NOT_AVAILABLE,NOT_GOLDBET,829c492ab357461067618f4f71e89b834bb4080b2f19dc07d905d407a379874b
26b7e6085de34e261c2a4b57,Primeira Liga,2022/2023,DEVELOPMENT,2023-05-08,19:00,MATCH_KICKOFF_TIME_TIMEZONE_NOT_STATED_BY_SOURCE,,NOT_VERIFIED_DO_NOT_INFER,Famalicao,Chaves,1,2,A,EVALUATION_ONLY_JOIN_AFTER_PREMATCH_FEATURE_FREEZE,1.77,3.68,4.57,EXTERNAL_HISTORICAL_MARKET_BENCHMARK,NOT_AVAILABLE,NOT_GOLDBET,be52d7dc578be17171c8dc44585403925139f0c27106db1cb774864fa62ea2bd
e69ef91c7acafabd267d938d,Primeira Liga,2022/2023,DEVELOPMENT,2023-05-08,21:15,MATCH_KICKOFF_TIME_TIMEZONE_NOT_STATED_BY_SOURCE,,NOT_VERIFIED_DO_NOT_INFER,Arouca,Porto,0,1,A,EVALUATION_ONLY_JOIN_AFTER_PREMATCH_FEATURE_FREEZE,8.91,4.9,1.35,EXTERNAL_HISTORICAL_MARKET_BENCHMARK,NOT_AVAILABLE,NOT_GOLDBET,1bc7e3f190f48fbe1234bc3010ec830afcbf786c88a25d5fac229ca682720685
469f13fb3331e4299d9a278b,Primeira Liga,2022/2023,DEVELOPMENT,2023-05-12,20:15,MATCH_KICKOFF_TIME_TIMEZONE_NOT_STATED_BY_SOURCE,,NOT_VERIFIED_DO_NOT_INFER,Gil Vicente,Boavista,3,1,H,EVALUATION_ONLY_JOIN_AFTER_PREMATCH_FEATURE_FREEZE,2.53,3.32,2.79,EXTERNAL_HISTORICAL_MARKET_BENCHMARK,NOT_AVAILABLE,NOT_GOLDBET,e7fa60699e7153862a4f7cd8fb249c43914b19715d55056b54552354805232eb
ed92648464c130f5da3067a7,Primeira Liga,2022/2023,DEVELOPMENT,2023-05-13,15:30,MATCH_KICKOFF_TIME_TIMEZONE_NOT_STATED_BY_SOURCE,,NOT_VERIFIED_DO_NOT_INFER,Chaves,Pacos Ferreira,2,0,H,EVALUATION_ONLY_JOIN_AFTER_PREMATCH_FEATURE_FREEZE,2.16,3.43,3.31,EXTERNAL_HISTORICAL_MARKET_BENCHMARK,NOT_AVAILABLE,NOT_GOLDBET,9c81d19909bc73fa695cbfc362f21163cbced724a731bbac453233f67957fc87
0b7c8dd71eeb7963d2d5f05e,Primeira Liga,2022/2023,DEVELOPMENT,2023-05-13,15:30,MATCH_KICKOFF_TIME_TIMEZONE_NOT_STATED_BY_SOURCE,,NOT_VERIFIED_DO_NOT_INFER,Vizela,Famalicao,0,0,D,EVALUATION_ONLY_JOIN_AFTER_PREMATCH_FEATURE_FREEZE,2.62,3.21,2.7,EXTERNAL_HISTORICAL_MARKET_BENCHMARK,NOT_AVAILABLE,NOT_GOLDBET,1e6330a8196fafc1821363878e2234b4ff6b107b87ab922aecff0af45d81e4e0
11432a35851b16b210341eda,Primeira Liga,2022/2023,DEVELOPMENT,2023-05-13,18:00,MATCH_KICKOFF_TIME_TIMEZONE_NOT_STATED_BY_SOURCE,,NOT_VERIFIED_DO_NOT_INFER,Portimonense,Benfica,1,5,A,EVALUATION_ONLY_JOIN_AFTER_PREMATCH_FEATURE_FREEZE,17,8.02,1.15,EXTERNAL_HISTORICAL_MARKET_BENCHMARK,NOT_AVAILABLE,NOT_GOLDBET,4a0c3f7c40d03c056551c18fce14ea8fb6f26f76dbb93a90eb0e0c25f8208ec4
f0d0f8ffa41e69eefe5d9160,Primeira Liga,2022/2023,DEVELOPMENT,2023-05-13,20:30,MATCH_KICKOFF_TIME_TIMEZONE_NOT_STATED_BY_SOURCE,,NOT_VERIFIED_DO_NOT_INFER,Sp Lisbon,Maritimo,2,1,H,EVALUATION_ONLY_JOIN_AFTER_PREMATCH_FEATURE_FREEZE,1.15,8.04,16.84,EXTERNAL_HISTORICAL_MARKET_BENCHMARK,NOT_AVAILABLE,NOT_GOLDBET,5415baac8d1d9c4acb6055b4ac30241047feebef5f0c2d8ff699ea955b091a0f
e2a8a455f86a858d571e9ad7,Primeira Liga,2022/2023,DEVELOPMENT,2023-05-14,15:30,MATCH_KICKOFF_TIME_TIMEZONE_NOT_STATED_BY_SOURCE,,NOT_VERIFIED_DO_NOT_INFER,Rio Ave,Guimaraes,0,1,A,EVALUATION_ONLY_JOIN_AFTER_PREMATCH_FEATURE_FREEZE,3.33,3.21,2.27,EXTERNAL_HISTORICAL_MARKET_BENCHMARK,NOT_AVAILABLE,NOT_GOLDBET,565cfd82014b21c3b76699ade4503b7b4445eb316ba2e1d7d1141b37d3404efb
03da36ef5405e0394bec298a,Primeira Liga,2022/2023,DEVELOPMENT,2023-05-14,18:00,MATCH_KICKOFF_TIME_TIMEZONE_NOT_STATED_BY_SOURCE,,NOT_VERIFIED_DO_NOT_INFER,Sp Braga,Santa Clara,5,3,H,EVALUATION_ONLY_JOIN_AFTER_PREMATCH_FEATURE_FREEZE,1.23,6.1,12.37,EXTERNAL_HISTORICAL_MARKET_BENCHMARK,NOT_AVAILABLE,NOT_GOLDBET,46066f8a678a917f01e4f312144c141576677b338936825f0040c199b32d5eef
00402375270aebff11d1f767,Primeira Liga,2022/2023,DEVELOPMENT,2023-05-14,20:30,MATCH_KICKOFF_TIME_TIMEZONE_NOT_STATED_BY_SOURCE,,NOT_VERIFIED_DO_NOT_INFER,Porto,Casa Pia,2,1,H,EVALUATION_ONLY_JOIN_AFTER_PREMATCH_FEATURE_FREEZE,1.19,6.77,14.81,EXTERNAL_HISTORICAL_MARKET_BENCHMARK,NOT_AVAILABLE,NOT_GOLDBET,9e7ac8574bf3e400d7355cfb0901cdef1591fc43d027e10ebb67ae93e6633ed9
08e05b8482f1afe248b184b8,Primeira Liga,2022/2023,DEVELOPMENT,2023-05-15,20:15,MATCH_KICKOFF_TIME_TIMEZONE_NOT_STATED_BY_SOURCE,,NOT_VERIFIED_DO_NOT_INFER,Estoril,Arouca,2,0,H,EVALUATION_ONLY_JOIN_AFTER_PREMATCH_FEATURE_FREEZE,2.64,3.1,2.85,EXTERNAL_HISTORICAL_MARKET_BENCHMARK,NOT_AVAILABLE,NOT_GOLDBET,4a845a44aaa5a26e40cfa55ace44e6a3a84a55024b39d773774a8c7ddfef5324
d2aa290f9b556b9f99a3ba57,Primeira Liga,2022/2023,DEVELOPMENT,2023-05-19,20:15,MATCH_KICKOFF_TIME_TIMEZONE_NOT_STATED_BY_SOURCE,,NOT_VERIFIED_DO_NOT_INFER,Maritimo,Vizela,1,0,H,EVALUATION_ONLY_JOIN_AFTER_PREMATCH_FEATURE_FREEZE,1.76,3.73,4.61,EXTERNAL_HISTORICAL_MARKET_BENCHMARK,NOT_AVAILABLE,NOT_GOLDBET,ba8e97b2d07b425562049a4329b24537f4f1b6be4f2ec5a99c29b9428f2a8220
aba5c4200642a5c7bcd6c2af,Primeira Liga,2022/2023,DEVELOPMENT,2023-05-20,15:30,MATCH_KICKOFF_TIME_TIMEZONE_NOT_STATED_BY_SOURCE,,NOT_VERIFIED_DO_NOT_INFER,Arouca,Chaves,1,0,H,EVALUATION_ONLY_JOIN_AFTER_PREMATCH_FEATURE_FREEZE,2,3.47,3.74,EXTERNAL_HISTORICAL_MARKET_BENCHMARK,NOT_AVAILABLE,NOT_GOLDBET,26993d9a3b48debbefeaed3b0ce9a53f525e614d1459f21c358c76a550d5eb0d
680d0a591a7dbc1696af4b7a,Primeira Liga,2022/2023,DEVELOPMENT,2023-05-20,15:30,MATCH_KICKOFF_TIME_TIMEZONE_NOT_STATED_BY_SOURCE,,NOT_VERIFIED_DO_NOT_INFER,Santa Clara,Portimonense,1,0,H,EVALUATION_ONLY_JOIN_AFTER_PREMATCH_FEATURE_FREEZE,1.77,3.73,4.5,EXTERNAL_HISTORICAL_MARKET_BENCHMARK,NOT_AVAILABLE,NOT_GOLDBET,b49dde615fd6cc1f8a4f391913d10b5be97257335bd0188a61819ccbde5d7c91
ac65b17d489ba87f0192ff6e,Primeira Liga,2022/2023,DEVELOPMENT,2023-05-20,18:00,MATCH_KICKOFF_TIME_TIMEZONE_NOT_STATED_BY_SOURCE,,NOT_VERIFIED_DO_NOT_INFER,Boavista,Sp Braga,1,1,D,EVALUATION_ONLY_JOIN_AFTER_PREMATCH_FEATURE_FREEZE,5.12,4.18,1.61,EXTERNAL_HISTORICAL_MARKET_BENCHMARK,NOT_AVAILABLE,NOT_GOLDBET,90b89e4c9ef5c31eecf8db6186bd64a313d97519d05c7925bb12dec38410f86b
fc80559f95f63d6531718f51,Primeira Liga,2022/2023,DEVELOPMENT,2023-05-20,20:30,MATCH_KICKOFF_TIME_TIMEZONE_NOT_STATED_BY_SOURCE,,NOT_VERIFIED_DO_NOT_INFER,Famalicao,Porto,2,4,A,EVALUATION_ONLY_JOIN_AFTER_PREMATCH_FEATURE_FREEZE,6.88,4.57,1.45,EXTERNAL_HISTORICAL_MARKET_BENCHMARK,NOT_AVAILABLE,NOT_GOLDBET,8e149ffd9038a4edc57b03ae9d3e741d0200efd155fe929f714e9d86a969d21e
059aeb983ebff5de6d7f1440,Primeira Liga,2022/2023,DEVELOPMENT,2023-05-21,15:30,MATCH_KICKOFF_TIME_TIMEZONE_NOT_STATED_BY_SOURCE,,NOT_VERIFIED_DO_NOT_INFER,Guimaraes,Gil Vicente,1,0,H,EVALUATION_ONLY_JOIN_AFTER_PREMATCH_FEATURE_FREEZE,1.7,4.01,4.56,EXTERNAL_HISTORICAL_MARKET_BENCHMARK,NOT_AVAILABLE,NOT_GOLDBET,bf7c32250f0106222764543b408ec1125fa1feed3e8ec9e63291052ab5c54f32
427d9e8466af6191e87891bb,Primeira Liga,2022/2023,DEVELOPMENT,2023-05-21,18:00,MATCH_KICKOFF_TIME_TIMEZONE_NOT_STATED_BY_SOURCE,,NOT_VERIFIED_DO_NOT_INFER,Casa Pia,Estoril,2,2,D,EVALUATION_ONLY_JOIN_AFTER_PREMATCH_FEATURE_FREEZE,2.24,3.22,3.31,EXTERNAL_HISTORICAL_MARKET_BENCHMARK,NOT_AVAILABLE,NOT_GOLDBET,fd3cc9a9420a99ee253f2b49d64d95ad1116ebf68e8c4b8235f3d2fda93b0b23
8eff52e1b05ceb58d4eff672,Primeira Liga,2022/2023,DEVELOPMENT,2023-05-21,18:00,MATCH_KICKOFF_TIME_TIMEZONE_NOT_STATED_BY_SOURCE,,NOT_VERIFIED_DO_NOT_INFER,Pacos Ferreira,Rio Ave,3,1,H,EVALUATION_ONLY_JOIN_AFTER_PREMATCH_FEATURE_FREEZE,2.43,3.31,2.92,EXTERNAL_HISTORICAL_MARKET_BENCHMARK,NOT_AVAILABLE,NOT_GOLDBET,9404baaf34ad7b08eaf6894b359c30eee2f8624af0d3766315ec5bde187fe6cd
ad8ffd15d938f624262298f5,Primeira Liga,2022/2023,DEVELOPMENT,2023-05-21,20:30,MATCH_KICKOFF_TIME_TIMEZONE_NOT_STATED_BY_SOURCE,,NOT_VERIFIED_DO_NOT_INFER,Sp Lisbon,Benfica,2,2,D,EVALUATION_ONLY_JOIN_AFTER_PREMATCH_FEATURE_FREEZE,2.92,3.45,2.37,EXTERNAL_HISTORICAL_MARKET_BENCHMARK,NOT_AVAILABLE,NOT_GOLDBET,93a8a6f6dcaf5ddd332b00d3ce6d0b2f2e04c07b160f62d47f0ed83efad8bcc6
46527093cf07701856bbb089,Primeira Liga,2022/2023,DEVELOPMENT,2023-05-26,19:00,MATCH_KICKOFF_TIME_TIMEZONE_NOT_STATED_BY_SOURCE,,NOT_VERIFIED_DO_NOT_INFER,Rio Ave,Famalicao,2,2,D,EVALUATION_ONLY_JOIN_AFTER_PREMATCH_FEATURE_FREEZE,3.11,3.46,2.25,EXTERNAL_HISTORICAL_MARKET_BENCHMARK,NOT_AVAILABLE,NOT_GOLDBET,6b0e30f0aa24b504e85ec6b51e1af4cff88a4aeccde524467d6f9036e2dd1db8
da40469f2455cdbe87d2798a,Primeira Liga,2022/2023,DEVELOPMENT,2023-05-26,21:15,MATCH_KICKOFF_TIME_TIMEZONE_NOT_STATED_BY_SOURCE,,NOT_VERIFIED_DO_NOT_INFER,Vizela,Sp Lisbon,1,2,A,EVALUATION_ONLY_JOIN_AFTER_PREMATCH_FEATURE_FREEZE,6.18,4.7,1.47,EXTERNAL_HISTORICAL_MARKET_BENCHMARK,NOT_AVAILABLE,NOT_GOLDBET,067bc0c41c425927b908f6875c0c9258776fb9949c45393b6d87d7d48f27ae1e
94ab8c9296d9dfe78ddfaa69,Primeira Liga,2022/2023,DEVELOPMENT,2023-05-27,12:45,MATCH_KICKOFF_TIME_TIMEZONE_NOT_STATED_BY_SOURCE,,NOT_VERIFIED_DO_NOT_INFER,Gil Vicente,Casa Pia,1,0,H,EVALUATION_ONLY_JOIN_AFTER_PREMATCH_FEATURE_FREEZE,2.28,3.6,2.96,EXTERNAL_HISTORICAL_MARKET_BENCHMARK,NOT_AVAILABLE,NOT_GOLDBET,18ee09730136196dd8c016c03ca1ff495f51d78200a623f33923c31caabaa390
716c610def5c55dc3c35f18c,Primeira Liga,2022/2023,DEVELOPMENT,2023-05-27,15:30,MATCH_KICKOFF_TIME_TIMEZONE_NOT_STATED_BY_SOURCE,,NOT_VERIFIED_DO_NOT_INFER,Chaves,Boavista,1,4,A,EVALUATION_ONLY_JOIN_AFTER_PREMATCH_FEATURE_FREEZE,2.22,3.57,3.07,EXTERNAL_HISTORICAL_MARKET_BENCHMARK,NOT_AVAILABLE,NOT_GOLDBET,13d7a8501508bf5db58207f5565ef980f1df7ea2a231ceaed5484b3d8928aabc
bb4f8d3a2eff08642fcd070b,Primeira Liga,2022/2023,DEVELOPMENT,2023-05-27,15:30,MATCH_KICKOFF_TIME_TIMEZONE_NOT_STATED_BY_SOURCE,,NOT_VERIFIED_DO_NOT_INFER,Estoril,Maritimo,3,1,H,EVALUATION_ONLY_JOIN_AFTER_PREMATCH_FEATURE_FREEZE,2.19,3.49,3.21,EXTERNAL_HISTORICAL_MARKET_BENCHMARK,NOT_AVAILABLE,NOT_GOLDBET,102798a527ce421b21de48b56212465d2221ac94a90335a8fbb471ebd31668fc
b7343cb112eb73bd93805f9d,Primeira Liga,2022/2023,DEVELOPMENT,2023-05-27,18:00,MATCH_KICKOFF_TIME_TIMEZONE_NOT_STATED_BY_SOURCE,,NOT_VERIFIED_DO_NOT_INFER,Benfica,Santa Clara,3,0,H,EVALUATION_ONLY_JOIN_AFTER_PREMATCH_FEATURE_FREEZE,1.06,13.43,31.61,EXTERNAL_HISTORICAL_MARKET_BENCHMARK,NOT_AVAILABLE,NOT_GOLDBET,227f8e0751bdcd618e1b9e96b13db3c6275eb84891a9fc2d7671a3785d9945f0
d3968e25ee6357595e86211d,Primeira Liga,2022/2023,DEVELOPMENT,2023-05-27,18:00,MATCH_KICKOFF_TIME_TIMEZONE_NOT_STATED_BY_SOURCE,,NOT_VERIFIED_DO_NOT_INFER,Portimonense,Arouca,0,2,A,EVALUATION_ONLY_JOIN_AFTER_PREMATCH_FEATURE_FREEZE,3.21,3.54,2.17,EXTERNAL_HISTORICAL_MARKET_BENCHMARK,NOT_AVAILABLE,NOT_GOLDBET,8e0cf14197751650737a5f65cdb20fce3311d5661ff15d112180075b2af55fa0
d097f36f0f534335c03465e5,Primeira Liga,2022/2023,DEVELOPMENT,2023-05-27,18:00,MATCH_KICKOFF_TIME_TIMEZONE_NOT_STATED_BY_SOURCE,,NOT_VERIFIED_DO_NOT_INFER,Porto,Guimaraes,3,0,H,EVALUATION_ONLY_JOIN_AFTER_PREMATCH_FEATURE_FREEZE,1.19,7.21,13.56,EXTERNAL_HISTORICAL_MARKET_BENCHMARK,NOT_AVAILABLE,NOT_GOLDBET,ef1fda656e13ea81fbc811f841ab1d608b5b703f644e9982238c943c69c0e37a
2ffce90da0308dd57ece9565,Primeira Liga,2022/2023,DEVELOPMENT,2023-05-27,20:30,MATCH_KICKOFF_TIME_TIMEZONE_NOT_STATED_BY_SOURCE,,NOT_VERIFIED_DO_NOT_INFER,Sp Braga,Pacos Ferreira,3,0,H,EVALUATION_ONLY_JOIN_AFTER_PREMATCH_FEATURE_FREEZE,1.26,6.34,9.71,EXTERNAL_HISTORICAL_MARKET_BENCHMARK,NOT_AVAILABLE,NOT_GOLDBET,e89b4dbceec129ee93fcd366073679dac69a1ca5ef988cd93c4868348201db4a
cfcce0cfc1985cc8fbe9dff2,Primeira Liga,2023/2024,DEVELOPMENT,2023-08-11,20:15,MATCH_KICKOFF_TIME_TIMEZONE_NOT_STATED_BY_SOURCE,,NOT_VERIFIED_DO_NOT_INFER,Sp Braga,Famalicao,1,2,A,EVALUATION_ONLY_JOIN_AFTER_PREMATCH_FEATURE_FREEZE,1.49,4.48,6.24,EXTERNAL_HISTORICAL_MARKET_BENCHMARK,NOT_AVAILABLE,NOT_GOLDBET,0e58c2fea307603278dccc8fe96318b5aa70b14f7a1be96b49eb2523b0649f8f
1dd3bb203610790d3ae07ad0,Primeira Liga,2023/2024,DEVELOPMENT,2023-08-12,15:30,MATCH_KICKOFF_TIME_TIMEZONE_NOT_STATED_BY_SOURCE,,NOT_VERIFIED_DO_NOT_INFER,Gil Vicente,Portimonense,5,0,H,EVALUATION_ONLY_JOIN_AFTER_PREMATCH_FEATURE_FREEZE,1.83,3.62,4.27,EXTERNAL_HISTORICAL_MARKET_BENCHMARK,NOT_AVAILABLE,NOT_GOLDBET,136a15fbd3b0a10fcd0a50fbbc71b285baebedbd8559e23c8c8244d285e57879
83f92c488f3be54b59cad942,Primeira Liga,2023/2024,DEVELOPMENT,2023-08-12,18:00,MATCH_KICKOFF_TIME_TIMEZONE_NOT_STATED_BY_SOURCE,,NOT_VERIFIED_DO_NOT_INFER,Farense,Casa Pia,0,3,A,EVALUATION_ONLY_JOIN_AFTER_PREMATCH_FEATURE_FREEZE,2.46,3.07,3.1,EXTERNAL_HISTORICAL_MARKET_BENCHMARK,NOT_AVAILABLE,NOT_GOLDBET,db5a6b0ff5a1caf1b33c7669355f5e550e48375b87d3759a22b8fb4ee1f008c5
625d1cef2d43343fc84ac908,Primeira Liga,2023/2024,DEVELOPMENT,2023-08-12,20:30,MATCH_KICKOFF_TIME_TIMEZONE_NOT_STATED_BY_SOURCE,,NOT_VERIFIED_DO_NOT_INFER,Sp Lisbon,Vizela,3,2,H,EVALUATION_ONLY_JOIN_AFTER_PREMATCH_FEATURE_FREEZE,1.2,6.63,14.04,EXTERNAL_HISTORICAL_MARKET_BENCHMARK,NOT_AVAILABLE,NOT_GOLDBET,185ea825f23c463552dfcbb7aedf386b989c1890367f2f59d97b37514b288852
2aee0794d21a6f285e5b0566,Primeira Liga,2023/2024,DEVELOPMENT,2023-08-13,15:30,MATCH_KICKOFF_TIME_TIMEZONE_NOT_STATED_BY_SOURCE,,NOT_VERIFIED_DO_NOT_INFER,Rio Ave,Chaves,2,0,H,EVALUATION_ONLY_JOIN_AFTER_PREMATCH_FEATURE_FREEZE,1.9,3.44,4.17,EXTERNAL_HISTORICAL_MARKET_BENCHMARK,NOT_AVAILABLE,NOT_GOLDBET,9a4468abe014887373cf7eb9a2ace48b3c001fecd621d8c4cd5cded78bb0ea82
a1c3346527f524632382e42e,Primeira Liga,2023/2024,DEVELOPMENT,2023-08-13,18:00,MATCH_KICKOFF_TIME_TIMEZONE_NOT_STATED_BY_SOURCE,,NOT_VERIFIED_DO_NOT_INFER,Estrela,Guimaraes,0,1,A,EVALUATION_ONLY_JOIN_AFTER_PREMATCH_FEATURE_FREEZE,2.48,3.17,2.96,EXTERNAL_HISTORICAL_MARKET_BENCHMARK,NOT_AVAILABLE,NOT_GOLDBET,2353a028bb295ecfe2c2c96fab3e0f8bd6a8838821738d3523b4d95c150ed200
92adf57d2e8a4f0fe1e5954b,Primeira Liga,2023/2024,DEVELOPMENT,2023-08-13,20:30,MATCH_KICKOFF_TIME_TIMEZONE_NOT_STATED_BY_SOURCE,,NOT_VERIFIED_DO_NOT_INFER,Arouca,Estoril,4,3,H,EVALUATION_ONLY_JOIN_AFTER_PREMATCH_FEATURE_FREEZE,2.01,3.3,3.91,EXTERNAL_HISTORICAL_MARKET_BENCHMARK,NOT_AVAILABLE,NOT_GOLDBET,f334bacd65cd0e8d83b0f9ab90ae3fff23317db4d57e701ee0f0535e9c96c062
21b8b6667604cf20e963c32d,Primeira Liga,2023/2024,DEVELOPMENT,2023-08-14,18:45,MATCH_KICKOFF_TIME_TIMEZONE_NOT_STATED_BY_SOURCE,,NOT_VERIFIED_DO_NOT_INFER,Moreirense,Porto,1,2,A,EVALUATION_ONLY_JOIN_AFTER_PREMATCH_FEATURE_FREEZE,7.87,5.01,1.37,EXTERNAL_HISTORICAL_MARKET_BENCHMARK,NOT_AVAILABLE,NOT_GOLDBET,2a2c1cfb4e7fba5d2810975a67e3c0e758a402f61ac600650490cbb3066f6ed8
bcf7fac4293f7f43f3b00e74,Primeira Liga,2023/2024,DEVELOPMENT,2023-08-14,20:45,MATCH_KICKOFF_TIME_TIMEZONE_NOT_STATED_BY_SOURCE,,NOT_VERIFIED_DO_NOT_INFER,Boavista,Benfica,3,2,H,EVALUATION_ONLY_JOIN_AFTER_PREMATCH_FEATURE_FREEZE,9.44,5.31,1.31,EXTERNAL_HISTORICAL_MARKET_BENCHMARK,NOT_AVAILABLE,NOT_GOLDBET,77861d3672e8d7a1117e32dd34343562badf4498a0f35f5a4bbe3bfa947dac76
b055c33e7306ac6c3386fe7f,Primeira Liga,2023/2024,DEVELOPMENT,2023-08-18,20:15,MATCH_KICKOFF_TIME_TIMEZONE_NOT_STATED_BY_SOURCE,,NOT_VERIFIED_DO_NOT_INFER,Casa Pia,Sp Lisbon,1,2,A,EVALUATION_ONLY_JOIN_AFTER_PREMATCH_FEATURE_FREEZE,8.68,4.86,1.36,EXTERNAL_HISTORICAL_MARKET_BENCHMARK,NOT_AVAILABLE,NOT_GOLDBET,591515aceae073c29665caf40a297f5b2db5a8e1752a79ae1fa3342c03934589
e49ddcb053d0dc40063d074b,Primeira Liga,2023/2024,DEVELOPMENT,2023-08-19,15:30,MATCH_KICKOFF_TIME_TIMEZONE_NOT_STATED_BY_SOURCE,,NOT_VERIFIED_DO_NOT_INFER,Guimaraes,Gil Vicente,2,1,H,EVALUATION_ONLY_JOIN_AFTER_PREMATCH_FEATURE_FREEZE,2.11,3.31,3.6,EXTERNAL_HISTORICAL_MARKET_BENCHMARK,NOT_AVAILABLE,NOT_GOLDBET,0a1beeaf5e0e162ae3be8160023f51951ad992b22d844857996a74634dcbdc87
2e58b26e6865e29878f9a434,Primeira Liga,2023/2024,DEVELOPMENT,2023-08-19,18:00,MATCH_KICKOFF_TIME_TIMEZONE_NOT_STATED_BY_SOURCE,,NOT_VERIFIED_DO_NOT_INFER,Chaves,Sp Braga,2,4,A,EVALUATION_ONLY_JOIN_AFTER_PREMATCH_FEATURE_FREEZE,5.83,4.31,1.52,EXTERNAL_HISTORICAL_MARKET_BENCHMARK,NOT_AVAILABLE,NOT_GOLDBET,7b4bcc8369800cfded6d2a91e522c8dded0d6dd3825a40cf49a65f3bf462218c
f7342bbd80ed1b9fa7574dcb,Primeira Liga,2023/2024,DEVELOPMENT,2023-08-19,20:30,MATCH_KICKOFF_TIME_TIMEZONE_NOT_STATED_BY_SOURCE,,NOT_VERIFIED_DO_NOT_INFER,Benfica,Estrela,2,0,H,EVALUATION_ONLY_JOIN_AFTER_PREMATCH_FEATURE_FREEZE,1.14,8.2,17.16,EXTERNAL_HISTORICAL_MARKET_BENCHMARK,NOT_AVAILABLE,NOT_GOLDBET,3db4afb05648e902c463363d3c7c5ef67b928094d6b8c7a761e68448f4ac46f0
cf174848480ebe2b2f67eccb,Primeira Liga,2023/2024,DEVELOPMENT,2023-08-19,20:30,MATCH_KICKOFF_TIME_TIMEZONE_NOT_STATED_BY_SOURCE,,NOT_VERIFIED_DO_NOT_INFER,Portimonense,Boavista,1,4,A,EVALUATION_ONLY_JOIN_AFTER_PREMATCH_FEATURE_FREEZE,3.14,3.22,2.34,EXTERNAL_HISTORICAL_MARKET_BENCHMARK,NOT_AVAILABLE,NOT_GOLDBET,b6309136c3eb91edef580cd4bc6378df241464a3c2a5bdb4acedd00f60149a25
310dd6c88b47b25fcebb2222,Primeira Liga,2023/2024,DEVELOPMENT,2023-08-20,15:30,MATCH_KICKOFF_TIME_TIMEZONE_NOT_STATED_BY_SOURCE,,NOT_VERIFIED_DO_NOT_INFER,Estoril,Rio Ave,2,0,H,EVALUATION_ONLY_JOIN_AFTER_PREMATCH_FEATURE_FREEZE,2.61,3.14,2.84,EXTERNAL_HISTORICAL_MARKET_BENCHMARK,NOT_AVAILABLE,NOT_GOLDBET,24ba48109fec1c30a900512ee7440e324af4d7512c09b3600c52ef10bc09864e
cf106cab26a66289b5b58710,Primeira Liga,2023/2024,DEVELOPMENT,2023-08-20,18:00,MATCH_KICKOFF_TIME_TIMEZONE_NOT_STATED_BY_SOURCE,,NOT_VERIFIED_DO_NOT_INFER,Porto,Farense,2,1,H,EVALUATION_ONLY_JOIN_AFTER_PREMATCH_FEATURE_FREEZE,1.18,7.18,14.76,EXTERNAL_HISTORICAL_MARKET_BENCHMARK,NOT_AVAILABLE,NOT_GOLDBET,3b2324ba9ab33f07fff37c4e37c03eac32c9fb59227285b1a7cd4edcc76a7d14
9ddd41a9b4eed83df79d51a3,Primeira Liga,2023/2024,DEVELOPMENT,2023-08-20,20:30,MATCH_KICKOFF_TIME_TIMEZONE_NOT_STATED_BY_SOURCE,,NOT_VERIFIED_DO_NOT_INFER,Vizela,Arouca,2,2,D,EVALUATION_ONLY_JOIN_AFTER_PREMATCH_FEATURE_FREEZE,2.2,3.27,3.4,EXTERNAL_HISTORICAL_MARKET_BENCHMARK,NOT_AVAILABLE,NOT_GOLDBET,aa47293f47d810705f8da5b00f5163c3f5a408b576db4fbdc3648bd3a7405a2d
e09b6c21851e656446e13c1f,Primeira Liga,2023/2024,DEVELOPMENT,2023-08-21,20:15,MATCH_KICKOFF_TIME_TIMEZONE_NOT_STATED_BY_SOURCE,,NOT_VERIFIED_DO_NOT_INFER,Famalicao,Moreirense,0,0,D,EVALUATION_ONLY_JOIN_AFTER_PREMATCH_FEATURE_FREEZE,2.32,3.31,3.12,EXTERNAL_HISTORICAL_MARKET_BENCHMARK,NOT_AVAILABLE,NOT_GOLDBET,de9aae484e237d72b8d95393405d69521b1fca302746f09203b0b966342053f6
0ecaeece296325196e4aa938,Primeira Liga,2023/2024,DEVELOPMENT,2023-08-25,20:15,MATCH_KICKOFF_TIME_TIMEZONE_NOT_STATED_BY_SOURCE,,NOT_VERIFIED_DO_NOT_INFER,Estrela,Estoril,2,1,H,EVALUATION_ONLY_JOIN_AFTER_PREMATCH_FEATURE_FREEZE,2.27,3.25,3.28,EXTERNAL_HISTORICAL_MARKET_BENCHMARK,NOT_AVAILABLE,NOT_GOLDBET,b306c3fac69e57cb7596efdf3e9d8d9562f486f42538906ed6d105e871130a3f
04b1d23245e81ee7b925221c,Primeira Liga,2023/2024,DEVELOPMENT,2023-08-26,15:30,MATCH_KICKOFF_TIME_TIMEZONE_NOT_STATED_BY_SOURCE,,NOT_VERIFIED_DO_NOT_INFER,Arouca,Portimonense,1,1,D,EVALUATION_ONLY_JOIN_AFTER_PREMATCH_FEATURE_FREEZE,1.75,3.64,4.85,EXTERNAL_HISTORICAL_MARKET_BENCHMARK,NOT_AVAILABLE,NOT_GOLDBET,77b8feed0e2c8a54550b4450845c66554b6a4f5533c39a1a146a683e6c800675
4dcfc2e9b1e4875c55ed4199,Primeira Liga,2023/2024,DEVELOPMENT,2023-08-26,18:00,MATCH_KICKOFF_TIME_TIMEZONE_NOT_STATED_BY_SOURCE,,NOT_VERIFIED_DO_NOT_INFER,Farense,Chaves,5,0,H,EVALUATION_ONLY_JOIN_AFTER_PREMATCH_FEATURE_FREEZE,2.06,3.49,3.56,EXTERNAL_HISTORICAL_MARKET_BENCHMARK,NOT_AVAILABLE,NOT_GOLDBET,d4711eabf46f06495a0a5a46339e771e0c0f2fb3c4564ef0431a9c4b7ec79b8a
72030f16c4681f22d54a2700,Primeira Liga,2023/2024,DEVELOPMENT,2023-08-26,20:30,MATCH_KICKOFF_TIME_TIMEZONE_NOT_STATED_BY_SOURCE,,NOT_VERIFIED_DO_NOT_INFER,Gil Vicente,Benfica,2,3,A,EVALUATION_ONLY_JOIN_AFTER_PREMATCH_FEATURE_FREEZE,9.74,5.93,1.27,EXTERNAL_HISTORICAL_MARKET_BENCHMARK,NOT_AVAILABLE,NOT_GOLDBET,5486dd1ac29753c6a7df012b3709c0a0fbd7fbdcc2793bf7684f6a716192f386
e9d44d47b65db80510d1cc49,Primeira Liga,2023/2024,DEVELOPMENT,2023-08-27,15:30,MATCH_KICKOFF_TIME_TIMEZONE_NOT_STATED_BY_SOURCE,,NOT_VERIFIED_DO_NOT_INFER,Boavista,Casa Pia,1,1,D,EVALUATION_ONLY_JOIN_AFTER_PREMATCH_FEATURE_FREEZE,2.44,3.14,3.03,EXTERNAL_HISTORICAL_MARKET_BENCHMARK,NOT_AVAILABLE,NOT_GOLDBET,75a626610d685843776800fe3d08a2db4fcbe01718d47450d370e4445b4e52d0
485ec2c300e89acafd30af40,Primeira Liga,2023/2024,DEVELOPMENT,2023-08-27,18:00,MATCH_KICKOFF_TIME_TIMEZONE_NOT_STATED_BY_SOURCE,,NOT_VERIFIED_DO_NOT_INFER,Guimaraes,Vizela,2,0,H,EVALUATION_ONLY_JOIN_AFTER_PREMATCH_FEATURE_FREEZE,1.97,3.38,3.98,EXTERNAL_HISTORICAL_MARKET_BENCHMARK,NOT_AVAILABLE,NOT_GOLDBET,1d596d2edeafa2a51c8bdb42672e1a698b9a5d69a3f359b6b2855881bb7dd116
d6c6274d33ba00013ecda15f,Primeira Liga,2023/2024,DEVELOPMENT,2023-08-27,20:30,MATCH_KICKOFF_TIME_TIMEZONE_NOT_STATED_BY_SOURCE,,NOT_VERIFIED_DO_NOT_INFER,Sp Lisbon,Famalicao,1,0,H,EVALUATION_ONLY_JOIN_AFTER_PREMATCH_FEATURE_FREEZE,1.23,6.21,11.85,EXTERNAL_HISTORICAL_MARKET_BENCHMARK,NOT_AVAILABLE,NOT_GOLDBET,641fb3441cdb6aa653448b1496444f5621b6e7a12df19e61d6c615879408b7db
e30139b6f87cd0accca1306f,Primeira Liga,2023/2024,DEVELOPMENT,2023-08-28,20:15,MATCH_KICKOFF_TIME_TIMEZONE_NOT_STATED_BY_SOURCE,,NOT_VERIFIED_DO_NOT_INFER,Rio Ave,Porto,1,2,A,EVALUATION_ONLY_JOIN_AFTER_PREMATCH_FEATURE_FREEZE,7.84,4.53,1.42,EXTERNAL_HISTORICAL_MARKET_BENCHMARK,NOT_AVAILABLE,NOT_GOLDBET,46f4b955456702406722dff63c267fd10e836ef914a1bf4768541a3ce40a05cc
8c3b3ee87f60c64e68fa17ba,Primeira Liga,2023/2024,DEVELOPMENT,2023-09-01,20:15,MATCH_KICKOFF_TIME_TIMEZONE_NOT_STATED_BY_SOURCE,,NOT_VERIFIED_DO_NOT_INFER,Vizela,Gil Vicente,1,0,H,EVALUATION_ONLY_JOIN_AFTER_PREMATCH_FEATURE_FREEZE,2.19,3.41,3.29,EXTERNAL_HISTORICAL_MARKET_BENCHMARK,NOT_AVAILABLE,NOT_GOLDBET,8ba413211090534b4e68668acbeffd3661818fa94a7614f008a1a648ebcfbcb0
0762e1bc17d053b1fd69a6b1,Primeira Liga,2023/2024,DEVELOPMENT,2023-09-02,15:30,MATCH_KICKOFF_TIME_TIMEZONE_NOT_STATED_BY_SOURCE,,NOT_VERIFIED_DO_NOT_INFER,Casa Pia,Rio Ave,1,1,D,EVALUATION_ONLY_JOIN_AFTER_PREMATCH_FEATURE_FREEZE,2.17,3.3,3.45,EXTERNAL_HISTORICAL_MARKET_BENCHMARK,NOT_AVAILABLE,NOT_GOLDBET,75ee5255384d5bc6539420c534a37b0818a965b6e70ca398d631682b1af6a060
f749271328ef772564bb7792,Primeira Liga,2023/2024,DEVELOPMENT,2023-09-02,18:00,MATCH_KICKOFF_TIME_TIMEZONE_NOT_STATED_BY_SOURCE,,NOT_VERIFIED_DO_NOT_INFER,Famalicao,Farense,1,0,H,EVALUATION_ONLY_JOIN_AFTER_PREMATCH_FEATURE_FREEZE,2.34,3.22,3.14,EXTERNAL_HISTORICAL_MARKET_BENCHMARK,NOT_AVAILABLE,NOT_GOLDBET,68fedb6a24f42003cf77cc78e53d71b8f754520dcebcd8ba8e3856b2c7e46d97
ae17eb6bec4dc08ca86726b5,Primeira Liga,2023/2024,DEVELOPMENT,2023-09-02,18:00,MATCH_KICKOFF_TIME_TIMEZONE_NOT_STATED_BY_SOURCE,,NOT_VERIFIED_DO_NOT_INFER,Portimonense,Estrela,1,1,D,EVALUATION_ONLY_JOIN_AFTER_PREMATCH_FEATURE_FREEZE,2.58,3.23,2.81,EXTERNAL_HISTORICAL_MARKET_BENCHMARK,NOT_AVAILABLE,NOT_GOLDBET,a64ae15d6281b3e6fee0b6ffb04d52d0949d84d1de769798f126c68073912ff6
850aecbab11c913b6db1dddc,Primeira Liga,2023/2024,DEVELOPMENT,2023-09-02,20:30,MATCH_KICKOFF_TIME_TIMEZONE_NOT_STATED_BY_SOURCE,,NOT_VERIFIED_DO_NOT_INFER,Benfica,Guimaraes,4,0,H,EVALUATION_ONLY_JOIN_AFTER_PREMATCH_FEATURE_FREEZE,1.25,6.11,10.79,EXTERNAL_HISTORICAL_MARKET_BENCHMARK,NOT_AVAILABLE,NOT_GOLDBET,5d9e59b4773b6a4370429e9915d084c4990f666e30011d9906233727f7db2f97
748900279634f45960b40bc1,Primeira Liga,2023/2024,DEVELOPMENT,2023-09-03,15:30,MATCH_KICKOFF_TIME_TIMEZONE_NOT_STATED_BY_SOURCE,,NOT_VERIFIED_DO_NOT_INFER,Chaves,Moreirense,1,2,A,EVALUATION_ONLY_JOIN_AFTER_PREMATCH_FEATURE_FREEZE,2.88,3.41,2.4,EXTERNAL_HISTORICAL_MARKET_BENCHMARK,NOT_AVAILABLE,NOT_GOLDBET,6bae1526eee20fcab485d4aef7a60fbdc5f02ac586a5169d13d4deb56c985216
7864ca1275ab05d0005afcd8,Primeira Liga,2023/2024,DEVELOPMENT,2023-09-03,15:30,MATCH_KICKOFF_TIME_TIMEZONE_NOT_STATED_BY_SOURCE,,NOT_VERIFIED_DO_NOT_INFER,Estoril,Boavista,1,2,A,EVALUATION_ONLY_JOIN_AFTER_PREMATCH_FEATURE_FREEZE,2.58,3.24,2.79,EXTERNAL_HISTORICAL_MARKET_BENCHMARK,NOT_AVAILABLE,NOT_GOLDBET,cd853adb7adcafda7185a7140440b7f698c54761cacd88b4cfeca7e68d9f3b30
1e7a0c7ae15531196426b5eb,Primeira Liga,2023/2024,DEVELOPMENT,2023-09-03,18:00,MATCH_KICKOFF_TIME_TIMEZONE_NOT_STATED_BY_SOURCE,,NOT_VERIFIED_DO_NOT_INFER,Porto,Arouca,1,1,D,EVALUATION_ONLY_JOIN_AFTER_PREMATCH_FEATURE_FREEZE,1.19,6.84,14.26,EXTERNAL_HISTORICAL_MARKET_BENCHMARK,NOT_AVAILABLE,NOT_GOLDBET,ce83d1af3593f49052fdb228ae17a2af14c86ea225844f2a4552957a156fb65b
6c41ad168a79973d622ac128,Primeira Liga,2023/2024,DEVELOPMENT,2023-09-03,20:30,MATCH_KICKOFF_TIME_TIMEZONE_NOT_STATED_BY_SOURCE,,NOT_VERIFIED_DO_NOT_INFER,Sp Braga,Sp Lisbon,1,1,D,EVALUATION_ONLY_JOIN_AFTER_PREMATCH_FEATURE_FREEZE,3.32,3.71,2.07,EXTERNAL_HISTORICAL_MARKET_BENCHMARK,NOT_AVAILABLE,NOT_GOLDBET,49f64c499c6fba546c0cbf6b596edf38eb23c3ab1ce3ffb2e19d41dfcdf07d72
4cf47423787e8e101300d9bb,Primeira Liga,2023/2024,DEVELOPMENT,2023-09-09,18:00,MATCH_KICKOFF_TIME_TIMEZONE_NOT_STATED_BY_SOURCE,,NOT_VERIFIED_DO_NOT_INFER,Moreirense,Sp Braga,2,3,A,EVALUATION_ONLY_JOIN_AFTER_PREMATCH_FEATURE_FREEZE,3.63,3.65,1.98,EXTERNAL_HISTORICAL_MARKET_BENCHMARK,NOT_AVAILABLE,NOT_GOLDBET,a0dfd0c6548d76ee4c307a96f553eca276f03fab89437508993fcbd1d9655d69
084c1cf6b4e643a4edc5372e,Primeira Liga,2023/2024,DEVELOPMENT,2023-09-15,19:15,MATCH_KICKOFF_TIME_TIMEZONE_NOT_STATED_BY_SOURCE,,NOT_VERIFIED_DO_NOT_INFER,Estrela,Porto,0,1,A,EVALUATION_ONLY_JOIN_AFTER_PREMATCH_FEATURE_FREEZE,6.26,4.33,1.51,EXTERNAL_HISTORICAL_MARKET_BENCHMARK,NOT_AVAILABLE,NOT_GOLDBET,28d1cdc8000b382a546413268f14d6ef8a43607f906f3e32225c41d114549449
0a735815c39d12ca49e5766f,Primeira Liga,2023/2024,DEVELOPMENT,2023-09-16,15:30,MATCH_KICKOFF_TIME_TIMEZONE_NOT_STATED_BY_SOURCE,,NOT_VERIFIED_DO_NOT_INFER,Rio Ave,Famalicao,1,1,D,EVALUATION_ONLY_JOIN_AFTER_PREMATCH_FEATURE_FREEZE,2.57,3.16,2.88,EXTERNAL_HISTORICAL_MARKET_BENCHMARK,NOT_AVAILABLE,NOT_GOLDBET,d86f298b9b196ee520a8e6e60c635e93ead6f11ae767cb0169e57fd8cdf7d132
44a29671a96e2540419aaaf4,Primeira Liga,2023/2024,DEVELOPMENT,2023-09-16,18:00,MATCH_KICKOFF_TIME_TIMEZONE_NOT_STATED_BY_SOURCE,,NOT_VERIFIED_DO_NOT_INFER,Farense,Sp Braga,3,1,H,EVALUATION_ONLY_JOIN_AFTER_PREMATCH_FEATURE_FREEZE,4.51,3.96,1.72,EXTERNAL_HISTORICAL_MARKET_BENCHMARK,NOT_AVAILABLE,NOT_GOLDBET,5f67aa3c95d5ddd4dd2f9128060b8d8e7d2e7e3899ee139bf42c8ac463641c26
47d56b8b45f0f0ee04da8259,Primeira Liga,2023/2024,DEVELOPMENT,2023-09-16,20:30,MATCH_KICKOFF_TIME_TIMEZONE_NOT_STATED_BY_SOURCE,,NOT_VERIFIED_DO_NOT_INFER,Vizela,Benfica,1,2,A,EVALUATION_ONLY_JOIN_AFTER_PREMATCH_FEATURE_FREEZE,7.87,5.26,1.35,EXTERNAL_HISTORICAL_MARKET_BENCHMARK,NOT_AVAILABLE,NOT_GOLDBET,7b3cd952dc2c07c6f56706402b4d0f1a36972af3192148c1c5ea35322b5bd6c3
aa8863249d9089231be25a8a,Primeira Liga,2023/2024,DEVELOPMENT,2023-09-17,15:30,MATCH_KICKOFF_TIME_TIMEZONE_NOT_STATED_BY_SOURCE,,NOT_VERIFIED_DO_NOT_INFER,Arouca,Casa Pia,0,1,A,EVALUATION_ONLY_JOIN_AFTER_PREMATCH_FEATURE_FREEZE,2.77,3.18,2.64,EXTERNAL_HISTORICAL_MARKET_BENCHMARK,NOT_AVAILABLE,NOT_GOLDBET,a9d81b648d8e068e71c973471f23aef17f251eab9b5acfd025715b8d735a97e9
ad9a7dc9608668f666192e63,Primeira Liga,2023/2024,DEVELOPMENT,2023-09-17,15:30,MATCH_KICKOFF_TIME_TIMEZONE_NOT_STATED_BY_SOURCE,,NOT_VERIFIED_DO_NOT_INFER,Gil Vicente,Estoril,5,3,H,EVALUATION_ONLY_JOIN_AFTER_PREMATCH_FEATURE_FREEZE,2.03,3.5,3.61,EXTERNAL_HISTORICAL_MARKET_BENCHMARK,NOT_AVAILABLE,NOT_GOLDBET,2b4c3e2e29d2e79d0cdfc932b5faa7a37f5560496ee6bd8233cbc5dbda2a619f
9ce7de4e3bc44242d39cf84b,Primeira Liga,2023/2024,DEVELOPMENT,2023-09-17,18:00,MATCH_KICKOFF_TIME_TIMEZONE_NOT_STATED_BY_SOURCE,,NOT_VERIFIED_DO_NOT_INFER,Guimaraes,Portimonense,1,2,A,EVALUATION_ONLY_JOIN_AFTER_PREMATCH_FEATURE_FREEZE,1.53,4.17,6.25,EXTERNAL_HISTORICAL_MARKET_BENCHMARK,NOT_AVAILABLE,NOT_GOLDBET,d1a27a171e925dff870304b1a417add94808fecb09a3e2f63af9bd6de4ef5233
86e9ef39cb503bb591cbb276,Primeira Liga,2023/2024,DEVELOPMENT,2023-09-17,20:30,MATCH_KICKOFF_TIME_TIMEZONE_NOT_STATED_BY_SOURCE,,NOT_VERIFIED_DO_NOT_INFER,Sp Lisbon,Moreirense,3,0,H,EVALUATION_ONLY_JOIN_AFTER_PREMATCH_FEATURE_FREEZE,1.24,6.23,11.59,EXTERNAL_HISTORICAL_MARKET_BENCHMARK,NOT_AVAILABLE,NOT_GOLDBET,b12474efeb313104f093d932e51488042b51a61eaae77a42a713ed13698dec25
a056ee8aff7e1b2e3006188c,Primeira Liga,2023/2024,DEVELOPMENT,2023-09-18,20:15,MATCH_KICKOFF_TIME_TIMEZONE_NOT_STATED_BY_SOURCE,,NOT_VERIFIED_DO_NOT_INFER,Boavista,Chaves,4,1,H,EVALUATION_ONLY_JOIN_AFTER_PREMATCH_FEATURE_FREEZE,1.7,3.74,5.01,EXTERNAL_HISTORICAL_MARKET_BENCHMARK,NOT_AVAILABLE,NOT_GOLDBET,00348c6543ed7a2cf3b70560527a1722d10b35eee4959cb015621d89aca40173
49ae41db3b24570bf0300d82,Primeira Liga,2023/2024,DEVELOPMENT,2023-09-22,20:15,MATCH_KICKOFF_TIME_TIMEZONE_NOT_STATED_BY_SOURCE,,NOT_VERIFIED_DO_NOT_INFER,Famalicao,Arouca,1,0,H,EVALUATION_ONLY_JOIN_AFTER_PREMATCH_FEATURE_FREEZE,2.13,3.28,3.58,EXTERNAL_HISTORICAL_MARKET_BENCHMARK,NOT_AVAILABLE,NOT_GOLDBET,af6c96aebbdf16e3a7a37b4dff714cb135c5d11f8b3d75a632d732c215c8c0f7
c57c3401302f23d3fd347adc,Primeira Liga,2023/2024,DEVELOPMENT,2023-09-23,15:30,MATCH_KICKOFF_TIME_TIMEZONE_NOT_STATED_BY_SOURCE,,NOT_VERIFIED_DO_NOT_INFER,Estoril,Vizela,2,2,D,EVALUATION_ONLY_JOIN_AFTER_PREMATCH_FEATURE_FREEZE,2.53,3.41,2.74,EXTERNAL_HISTORICAL_MARKET_BENCHMARK,NOT_AVAILABLE,NOT_GOLDBET,f7ae8f50c98427c9b665186f59bc8b21fcd9597ea390b348f889e58afbd32b27
caa0e3e6752c12e5761654bb,Primeira Liga,2023/2024,DEVELOPMENT,2023-09-23,15:30,MATCH_KICKOFF_TIME_TIMEZONE_NOT_STATED_BY_SOURCE,,NOT_VERIFIED_DO_NOT_INFER,Moreirense,Farense,1,0,H,EVALUATION_ONLY_JOIN_AFTER_PREMATCH_FEATURE_FREEZE,2.13,3.44,3.42,EXTERNAL_HISTORICAL_MARKET_BENCHMARK,NOT_AVAILABLE,NOT_GOLDBET,ea6cc7f163f7ce70093e93bcd3f9c65f197470ede5463fd808812676aa07acb2
a195e101a608f44175b23c6d,Primeira Liga,2023/2024,DEVELOPMENT,2023-09-23,18:00,MATCH_KICKOFF_TIME_TIMEZONE_NOT_STATED_BY_SOURCE,,NOT_VERIFIED_DO_NOT_INFER,Casa Pia,Guimaraes,0,0,D,EVALUATION_ONLY_JOIN_AFTER_PREMATCH_FEATURE_FREEZE,2.44,3.15,3.04,EXTERNAL_HISTORICAL_MARKET_BENCHMARK,NOT_AVAILABLE,NOT_GOLDBET,0c603c251c390c756bef80a92fcf2085cb6b75ad0f73fc120df256fe4c5889b3
bc2d7273ef47f6a54057094c,Primeira Liga,2023/2024,DEVELOPMENT,2023-09-23,20:30,MATCH_KICKOFF_TIME_TIMEZONE_NOT_STATED_BY_SOURCE,,NOT_VERIFIED_DO_NOT_INFER,Porto,Gil Vicente,2,1,H,EVALUATION_ONLY_JOIN_AFTER_PREMATCH_FEATURE_FREEZE,1.24,6.68,10.65,EXTERNAL_HISTORICAL_MARKET_BENCHMARK,NOT_AVAILABLE,NOT_GOLDBET,09f18bf3b54ae3d330058a5397b50e46f861b09c054c591ed23aad1cb4a30858
38d526d092c2d072d45d0d89,Primeira Liga,2023/2024,DEVELOPMENT,2023-09-24,15:30,MATCH_KICKOFF_TIME_TIMEZONE_NOT_STATED_BY_SOURCE,,NOT_VERIFIED_DO_NOT_INFER,Chaves,Estrela,2,2,D,EVALUATION_ONLY_JOIN_AFTER_PREMATCH_FEATURE_FREEZE,2.6,3.43,2.66,EXTERNAL_HISTORICAL_MARKET_BENCHMARK,NOT_AVAILABLE,NOT_GOLDBET,89e5327d7e222867312cc1d91d490db6cb3cc2310b446beb1213b845780d54e4
e232f397f8378fd248b51e40,Primeira Liga,2023/2024,DEVELOPMENT,2023-09-24,18:00,MATCH_KICKOFF_TIME_TIMEZONE_NOT_STATED_BY_SOURCE,,NOT_VERIFIED_DO_NOT_INFER,Portimonense,Benfica,1,3,A,EVALUATION_ONLY_JOIN_AFTER_PREMATCH_FEATURE_FREEZE,12.83,6.94,1.2,EXTERNAL_HISTORICAL_MARKET_BENCHMARK,NOT_AVAILABLE,NOT_GOLDBET,4a53c1423762a3924c3204ec98c1f4d0437b7b4ccc1911ec5e35ef773919d21a
1d4e1f8b1e58b3b85254e366,Primeira Liga,2023/2024,DEVELOPMENT,2023-09-24,20:30,MATCH_KICKOFF_TIME_TIMEZONE_NOT_STATED_BY_SOURCE,,NOT_VERIFIED_DO_NOT_INFER,Sp Braga,Boavista,4,1,H,EVALUATION_ONLY_JOIN_AFTER_PREMATCH_FEATURE_FREEZE,1.52,4.47,5.73,EXTERNAL_HISTORICAL_MARKET_BENCHMARK,NOT_AVAILABLE,NOT_GOLDBET,45cf2dcb7230c46ce1fb7881978688c25cca9b8fda2c17b95e00233ff5719082
afc8262de7b00ae7bba8f7b2,Primeira Liga,2023/2024,DEVELOPMENT,2023-09-25,20:15,MATCH_KICKOFF_TIME_TIMEZONE_NOT_STATED_BY_SOURCE,,NOT_VERIFIED_DO_NOT_INFER,Sp Lisbon,Rio Ave,2,0,H,EVALUATION_ONLY_JOIN_AFTER_PREMATCH_FEATURE_FREEZE,1.17,7.31,16.19,EXTERNAL_HISTORICAL_MARKET_BENCHMARK,NOT_AVAILABLE,NOT_GOLDBET,802971d543d643aa0d8797a891c388fbdf470a15e84743a80903d693c6f01ed2
44a7bbde343bf19d6ecd43d8,Primeira Liga,2023/2024,DEVELOPMENT,2023-09-28,20:15,MATCH_KICKOFF_TIME_TIMEZONE_NOT_STATED_BY_SOURCE,,NOT_VERIFIED_DO_NOT_INFER,Estrela,Sp Braga,2,4,A,EVALUATION_ONLY_JOIN_AFTER_PREMATCH_FEATURE_FREEZE,4.48,4.05,1.72,EXTERNAL_HISTORICAL_MARKET_BENCHMARK,NOT_AVAILABLE,NOT_GOLDBET,742cf54de0a9190ab81f6e25a324bd791bc35b42d9e80ae34670d86f9b783edc
d762663d7c794a87cb3c3fe0,Primeira Liga,2023/2024,DEVELOPMENT,2023-09-29,20:15,MATCH_KICKOFF_TIME_TIMEZONE_NOT_STATED_BY_SOURCE,,NOT_VERIFIED_DO_NOT_INFER,Benfica,Porto,1,0,H,EVALUATION_ONLY_JOIN_AFTER_PREMATCH_FEATURE_FREEZE,1.86,3.74,4.04,EXTERNAL_HISTORICAL_MARKET_BENCHMARK,NOT_AVAILABLE,NOT_GOLDBET,1103be5b4383d46f91fd54c06ff8071686e2a86e30e090bc94ea1c8004a1a337
1d0241a99cd833575166f5ff,Primeira Liga,2023/2024,DEVELOPMENT,2023-09-30,15:30,MATCH_KICKOFF_TIME_TIMEZONE_NOT_STATED_BY_SOURCE,,NOT_VERIFIED_DO_NOT_INFER,Vizela,Portimonense,2,3,A,EVALUATION_ONLY_JOIN_AFTER_PREMATCH_FEATURE_FREEZE,1.75,3.78,4.58,EXTERNAL_HISTORICAL_MARKET_BENCHMARK,NOT_AVAILABLE,NOT_GOLDBET,8394156db3ab64ff6d13535d425a650afeb83543d5cd2881409ff29190f8804c
45d276281cdefa0b7ff2cc53,Primeira Liga,2023/2024,DEVELOPMENT,2023-09-30,18:00,MATCH_KICKOFF_TIME_TIMEZONE_NOT_STATED_BY_SOURCE,,NOT_VERIFIED_DO_NOT_INFER,Boavista,Famalicao,2,2,D,EVALUATION_ONLY_JOIN_AFTER_PREMATCH_FEATURE_FREEZE,2.44,3.29,2.95,EXTERNAL_HISTORICAL_MARKET_BENCHMARK,NOT_AVAILABLE,NOT_GOLDBET,215dee2ed5b753b3b734565561069c6da8d0590bca427fa0ad067d85052a4f09
6887208aa539cd79b99ed764,Primeira Liga,2023/2024,DEVELOPMENT,2023-09-30,20:30,MATCH_KICKOFF_TIME_TIMEZONE_NOT_STATED_BY_SOURCE,,NOT_VERIFIED_DO_NOT_INFER,Farense,Sp Lisbon,2,3,A,EVALUATION_ONLY_JOIN_AFTER_PREMATCH_FEATURE_FREEZE,8.03,5.04,1.37,EXTERNAL_HISTORICAL_MARKET_BENCHMARK,NOT_AVAILABLE,NOT_GOLDBET,80bf2d2d5370b04dd98e8d787bba6842c7587a05c60e794f9335a1ce84b7e48c
10828e9c90160e0016f683a3,Primeira Liga,2023/2024,DEVELOPMENT,2023-10-01,15:30,MATCH_KICKOFF_TIME_TIMEZONE_NOT_STATED_BY_SOURCE,,NOT_VERIFIED_DO_NOT_INFER,Arouca,Chaves,0,2,A,EVALUATION_ONLY_JOIN_AFTER_PREMATCH_FEATURE_FREEZE,1.95,3.52,3.93,EXTERNAL_HISTORICAL_MARKET_BENCHMARK,NOT_AVAILABLE,NOT_GOLDBET,e9dc0e564c4fa99be568f9250f56cae2128db9da8390133809bff5b5fe693bd4
98838bc4720a44f4d2818022,Primeira Liga,2023/2024,DEVELOPMENT,2023-10-01,18:00,MATCH_KICKOFF_TIME_TIMEZONE_NOT_STATED_BY_SOURCE,,NOT_VERIFIED_DO_NOT_INFER,Guimaraes,Estoril,3,2,H,EVALUATION_ONLY_JOIN_AFTER_PREMATCH_FEATURE_FREEZE,1.8,3.67,4.41,EXTERNAL_HISTORICAL_MARKET_BENCHMARK,NOT_AVAILABLE,NOT_GOLDBET,a2446b9f9cab490d90f3767a2bae52920b469a3010aa15382754281b53bc2bf4
45199e5588b7623d62ad0553,Primeira Liga,2023/2024,DEVELOPMENT,2023-10-01,20:30,MATCH_KICKOFF_TIME_TIMEZONE_NOT_STATED_BY_SOURCE,,NOT_VERIFIED_DO_NOT_INFER,Rio Ave,Moreirense,0,4,A,EVALUATION_ONLY_JOIN_AFTER_PREMATCH_FEATURE_FREEZE,2.68,3.18,2.73,EXTERNAL_HISTORICAL_MARKET_BENCHMARK,NOT_AVAILABLE,NOT_GOLDBET,a45887b43c5469787cfd565dc37ac41d89253b59fb8dd91333ab8a2973a41445
d8a3f23f6a0bbca61ef63d0e,Primeira Liga,2023/2024,DEVELOPMENT,2023-10-02,20:15,MATCH_KICKOFF_TIME_TIMEZONE_NOT_STATED_BY_SOURCE,,NOT_VERIFIED_DO_NOT_INFER,Gil Vicente,Casa Pia,2,0,H,EVALUATION_ONLY_JOIN_AFTER_PREMATCH_FEATURE_FREEZE,2.44,3.21,3.01,EXTERNAL_HISTORICAL_MARKET_BENCHMARK,NOT_AVAILABLE,NOT_GOLDBET,54a67a505e116545f0b7356ea9e0bbf22441367c17254d9fefdc0acd2073256b
95f75def726a519d680d28fb,Primeira Liga,2023/2024,DEVELOPMENT,2023-10-06,20:15,MATCH_KICKOFF_TIME_TIMEZONE_NOT_STATED_BY_SOURCE,,NOT_VERIFIED_DO_NOT_INFER,Moreirense,Boavista,1,1,D,EVALUATION_ONLY_JOIN_AFTER_PREMATCH_FEATURE_FREEZE,1.92,3.62,3.88,EXTERNAL_HISTORICAL_MARKET_BENCHMARK,NOT_AVAILABLE,NOT_GOLDBET,ed783d61710f200a58789939e81eec8e10cf8d0580bd344b394ac96d17f28403
c22b3e69afe9c1b50beb7bc3,Primeira Liga,2023/2024,DEVELOPMENT,2023-10-07,15:30,MATCH_KICKOFF_TIME_TIMEZONE_NOT_STATED_BY_SOURCE,,NOT_VERIFIED_DO_NOT_INFER,Chaves,Gil Vicente,4,2,H,EVALUATION_ONLY_JOIN_AFTER_PREMATCH_FEATURE_FREEZE,2.68,3.5,2.53,EXTERNAL_HISTORICAL_MARKET_BENCHMARK,NOT_AVAILABLE,NOT_GOLDBET,bacdc140284e87b449bae0db06a710d87914c89f14a0a8107bb188a1c1eb1b29
456cfef5162a1384a1b31027,Primeira Liga,2023/2024,DEVELOPMENT,2023-10-07,15:30,MATCH_KICKOFF_TIME_TIMEZONE_NOT_STATED_BY_SOURCE,,NOT_VERIFIED_DO_NOT_INFER,Farense,Vizela,0,0,D,EVALUATION_ONLY_JOIN_AFTER_PREMATCH_FEATURE_FREEZE,2.29,3.37,3.11,EXTERNAL_HISTORICAL_MARKET_BENCHMARK,NOT_AVAILABLE,NOT_GOLDBET,6408c312437b8226ee3e270359bbb220b53233dbcd67121e7863ef0f0b06bc99
f705de5f66ba472be83e46d5,Primeira Liga,2023/2024,DEVELOPMENT,2023-10-07,18:00,MATCH_KICKOFF_TIME_TIMEZONE_NOT_STATED_BY_SOURCE,,NOT_VERIFIED_DO_NOT_INFER,Sp Braga,Rio Ave,2,1,H,EVALUATION_ONLY_JOIN_AFTER_PREMATCH_FEATURE_FREEZE,1.3,5.54,9.34,EXTERNAL_HISTORICAL_MARKET_BENCHMARK,NOT_AVAILABLE,NOT_GOLDBET,66a7f0c2ed4829573d85979939226e4f80ed78b339f595b17701f4fd6a69140e
c95272c68ab69db8a39d52c3,Primeira Liga,2023/2024,DEVELOPMENT,2023-10-07,20:30,MATCH_KICKOFF_TIME_TIMEZONE_NOT_STATED_BY_SOURCE,,NOT_VERIFIED_DO_NOT_INFER,Estoril,Benfica,0,1,A,EVALUATION_ONLY_JOIN_AFTER_PREMATCH_FEATURE_FREEZE,8.68,5.95,1.3,EXTERNAL_HISTORICAL_MARKET_BENCHMARK,NOT_AVAILABLE,NOT_GOLDBET,72490d3c5fa710081a1850f03548a878d490baa3332875f1a5983de1f46d3129
d3e1ffec99696769e693939a,Primeira Liga,2023/2024,DEVELOPMENT,2023-10-08,15:30,MATCH_KICKOFF_TIME_TIMEZONE_NOT_STATED_BY_SOURCE,,NOT_VERIFIED_DO_NOT_INFER,Casa Pia,Estrela,0,1,A,EVALUATION_ONLY_JOIN_AFTER_PREMATCH_FEATURE_FREEZE,2.11,3.38,3.49,EXTERNAL_HISTORICAL_MARKET_BENCHMARK,NOT_AVAILABLE,NOT_GOLDBET,5461c3ed72b0c1a9c8d3069c40eb6a455bc64d571b4301d9860fe3c488f71a7d
78798fbe07219ecd6dfddb1b,Primeira Liga,2023/2024,DEVELOPMENT,2023-10-08,15:30,MATCH_KICKOFF_TIME_TIMEZONE_NOT_STATED_BY_SOURCE,,NOT_VERIFIED_DO_NOT_INFER,Famalicao,Guimaraes,1,3,A,EVALUATION_ONLY_JOIN_AFTER_PREMATCH_FEATURE_FREEZE,2.85,3.07,2.64,EXTERNAL_HISTORICAL_MARKET_BENCHMARK,NOT_AVAILABLE,NOT_GOLDBET,370be95b13767211903e5ac39d176c01f7d46c3d025ed5c80dc9a941fc53e689
876c437a64f6beebd03abca7,Primeira Liga,2023/2024,DEVELOPMENT,2023-10-08,18:00,MATCH_KICKOFF_TIME_TIMEZONE_NOT_STATED_BY_SOURCE,,NOT_VERIFIED_DO_NOT_INFER,Porto,Portimonense,1,0,H,EVALUATION_ONLY_JOIN_AFTER_PREMATCH_FEATURE_FREEZE,1.17,7.53,15.4,EXTERNAL_HISTORICAL_MARKET_BENCHMARK,NOT_AVAILABLE,NOT_GOLDBET,b312c843b39a9aa5ef150c213ee9d4b024cdddbaf81b77256c7851ccb98fde27
a382c5d21a0104da5df06420,Primeira Liga,2023/2024,DEVELOPMENT,2023-10-08,20:30,MATCH_KICKOFF_TIME_TIMEZONE_NOT_STATED_BY_SOURCE,,NOT_VERIFIED_DO_NOT_INFER,Sp Lisbon,Arouca,2,1,H,EVALUATION_ONLY_JOIN_AFTER_PREMATCH_FEATURE_FREEZE,1.18,6.99,14.9,EXTERNAL_HISTORICAL_MARKET_BENCHMARK,NOT_AVAILABLE,NOT_GOLDBET,19c12bf8483cfacff44f231c758a227452e10aa7d94061f0660f0d78c9e04587
20cd6c6e048da76f09be4543,Primeira Liga,2023/2024,DEVELOPMENT,2023-10-27,20:15,MATCH_KICKOFF_TIME_TIMEZONE_NOT_STATED_BY_SOURCE,,NOT_VERIFIED_DO_NOT_INFER,Arouca,Moreirense,0,1,A,EVALUATION_ONLY_JOIN_AFTER_PREMATCH_FEATURE_FREEZE,2.57,3.2,2.84,EXTERNAL_HISTORICAL_MARKET_BENCHMARK,NOT_AVAILABLE,NOT_GOLDBET,e097d0a074ef5d0598c9246cb5be96e7eca6448cc64f5819b0bc1de4a537404a
c728ef65dc670edd037e7a2c,Primeira Liga,2023/2024,DEVELOPMENT,2023-10-28,15:30,MATCH_KICKOFF_TIME_TIMEZONE_NOT_STATED_BY_SOURCE,,NOT_VERIFIED_DO_NOT_INFER,Portimonense,Estoril,1,0,H,EVALUATION_ONLY_JOIN_AFTER_PREMATCH_FEATURE_FREEZE,2.52,3.44,2.71,EXTERNAL_HISTORICAL_MARKET_BENCHMARK,NOT_AVAILABLE,NOT_GOLDBET,3598c829f19bb85eab2314c10bfa8ae4d5ed22198527b6e6304563098b69d66f
f1567a4f4d6995851fe8eb15,Primeira Liga,2023/2024,DEVELOPMENT,2023-10-28,18:00,MATCH_KICKOFF_TIME_TIMEZONE_NOT_STATED_BY_SOURCE,,NOT_VERIFIED_DO_NOT_INFER,Benfica,Casa Pia,1,1,D,EVALUATION_ONLY_JOIN_AFTER_PREMATCH_FEATURE_FREEZE,1.21,6.49,12.91,EXTERNAL_HISTORICAL_MARKET_BENCHMARK,NOT_AVAILABLE,NOT_GOLDBET,c4ad302ea4b4e4cdf2cbb7c6aa2188f53139c893a93577c4d9a48056f51f45f7
c204612406e494b76650ae04,Primeira Liga,2023/2024,DEVELOPMENT,2023-10-28,18:00,MATCH_KICKOFF_TIME_TIMEZONE_NOT_STATED_BY_SOURCE,,NOT_VERIFIED_DO_NOT_INFER,Guimaraes,Chaves,5,0,H,EVALUATION_ONLY_JOIN_AFTER_PREMATCH_FEATURE_FREEZE,1.68,3.88,4.99,EXTERNAL_HISTORICAL_MARKET_BENCHMARK,NOT_AVAILABLE,NOT_GOLDBET,20eed8ededc1f49205e0ef74e69e8742dab839c6b534f7023a1e927d79e7629e
a249cffff6455264871fe7f9,Primeira Liga,2023/2024,DEVELOPMENT,2023-10-28,20:30,MATCH_KICKOFF_TIME_TIMEZONE_NOT_STATED_BY_SOURCE,,NOT_VERIFIED_DO_NOT_INFER,Gil Vicente,Sp Braga,3,3,D,EVALUATION_ONLY_JOIN_AFTER_PREMATCH_FEATURE_FREEZE,4.95,4.58,1.58,EXTERNAL_HISTORICAL_MARKET_BENCHMARK,NOT_AVAILABLE,NOT_GOLDBET,72538218305eb44b93444c7f8c27ea76ea0634bf133a33e4a4bcd723db88516e
187cfaebb578424dd6b9f18c,Primeira Liga,2023/2024,DEVELOPMENT,2023-10-29,15:30,MATCH_KICKOFF_TIME_TIMEZONE_NOT_STATED_BY_SOURCE,,NOT_VERIFIED_DO_NOT_INFER,Rio Ave,Farense,3,4,A,EVALUATION_ONLY_JOIN_AFTER_PREMATCH_FEATURE_FREEZE,2.43,3.32,2.94,EXTERNAL_HISTORICAL_MARKET_BENCHMARK,NOT_AVAILABLE,NOT_GOLDBET,21208dca56fe201c366384b1ef40523903fdbe32cdc0ba48181c652ce7310290
d9a7a473297b4ae94390cb46,Primeira Liga,2023/2024,DEVELOPMENT,2023-10-29,18:00,MATCH_KICKOFF_TIME_TIMEZONE_NOT_STATED_BY_SOURCE,,NOT_VERIFIED_DO_NOT_INFER,Estrela,Famalicao,1,0,H,EVALUATION_ONLY_JOIN_AFTER_PREMATCH_FEATURE_FREEZE,2.52,3.18,2.89,EXTERNAL_HISTORICAL_MARKET_BENCHMARK,NOT_AVAILABLE,NOT_GOLDBET,6e012bbebd69eaa80d5146ba475fb3173c5ff3ad0f71b4ff99e91e46d72d0a1d
ce73bf02715eedb5f3e82fee,Primeira Liga,2023/2024,DEVELOPMENT,2023-10-29,20:30,MATCH_KICKOFF_TIME_TIMEZONE_NOT_STATED_BY_SOURCE,,NOT_VERIFIED_DO_NOT_INFER,Vizela,Porto,0,2,A,EVALUATION_ONLY_JOIN_AFTER_PREMATCH_FEATURE_FREEZE,7.46,4.77,1.41,EXTERNAL_HISTORICAL_MARKET_BENCHMARK,NOT_AVAILABLE,NOT_GOLDBET,fe99e4e69d2f71c473eeda2ed9d980d04d59b60913956bcde3f0076e1a2664cd
17065da8f9797f6d3e06a1e1,Primeira Liga,2023/2024,DEVELOPMENT,2023-10-30,20:15,MATCH_KICKOFF_TIME_TIMEZONE_NOT_STATED_BY_SOURCE,,NOT_VERIFIED_DO_NOT_INFER,Boavista,Sp Lisbon,0,2,A,EVALUATION_ONLY_JOIN_AFTER_PREMATCH_FEATURE_FREEZE,7.71,4.96,1.38,EXTERNAL_HISTORICAL_MARKET_BENCHMARK,NOT_AVAILABLE,NOT_GOLDBET,8670c83199c20c6197d4c5b5e3fbfca32726cae224df4df292072d99412d94fa
f5973d2fc2e07ec9b8fa33ee,Primeira Liga,2023/2024,DEVELOPMENT,2023-11-03,20:15,MATCH_KICKOFF_TIME_TIMEZONE_NOT_STATED_BY_SOURCE,,NOT_VERIFIED_DO_NOT_INFER,Porto,Estoril,0,1,A,EVALUATION_ONLY_JOIN_AFTER_PREMATCH_FEATURE_FREEZE,1.19,7.33,13.11,EXTERNAL_HISTORICAL_MARKET_BENCHMARK,NOT_AVAILABLE,NOT_GOLDBET,34b1fe8a622390fa48488cd3181074d1462c13f28a57f2cfc7224f41efe07dc7
6284ae13d877df899e23a632,Primeira Liga,2023/2024,DEVELOPMENT,2023-11-04,15:30,MATCH_KICKOFF_TIME_TIMEZONE_NOT_STATED_BY_SOURCE,,NOT_VERIFIED_DO_NOT_INFER,Chaves,Benfica,0,2,A,EVALUATION_ONLY_JOIN_AFTER_PREMATCH_FEATURE_FREEZE,9.5,5.9,1.28,EXTERNAL_HISTORICAL_MARKET_BENCHMARK,NOT_AVAILABLE,NOT_GOLDBET,5a9f3f778932d86dc48b444ee483ad014d09364aa98550f68b0fcd8bc86123b3
8f2b3473deaccd8b6c617507,Primeira Liga,2023/2024,DEVELOPMENT,2023-11-04,18:00,MATCH_KICKOFF_TIME_TIMEZONE_NOT_STATED_BY_SOURCE,,NOT_VERIFIED_DO_NOT_INFER,Famalicao,Gil Vicente,3,1,H,EVALUATION_ONLY_JOIN_AFTER_PREMATCH_FEATURE_FREEZE,2.13,3.41,3.45,EXTERNAL_HISTORICAL_MARKET_BENCHMARK,NOT_AVAILABLE,NOT_GOLDBET,2878d83a34947b74f0c73e10fa7763bd352442dbd933511ce9dba9576ca8fedf
f086f046d434f3b2cc6a6971,Primeira Liga,2023/2024,DEVELOPMENT,2023-11-04,20:30,MATCH_KICKOFF_TIME_TIMEZONE_NOT_STATED_BY_SOURCE,,NOT_VERIFIED_DO_NOT_INFER,Sp Braga,Portimonense,6,1,H,EVALUATION_ONLY_JOIN_AFTER_PREMATCH_FEATURE_FREEZE,1.23,6.74,11.1,EXTERNAL_HISTORICAL_MARKET_BENCHMARK,NOT_AVAILABLE,NOT_GOLDBET,842ef2972e14bf3742831405ca51d14f3ca9b6559585ae382743255002912ef4
35eb903ab2477e5d56125392,Primeira Liga,2023/2024,DEVELOPMENT,2023-11-05,15:30,MATCH_KICKOFF_TIME_TIMEZONE_NOT_STATED_BY_SOURCE,,NOT_VERIFIED_DO_NOT_INFER,Casa Pia,Vizela,0,1,A,EVALUATION_ONLY_JOIN_AFTER_PREMATCH_FEATURE_FREEZE,2.17,3.32,3.44,EXTERNAL_HISTORICAL_MARKET_BENCHMARK,NOT_AVAILABLE,NOT_GOLDBET,03a6b4d888759d2a58522fdb9fcdb9740b03a700a19c52bdff15a18c80333528
1b8ce160ca98f49bd1071bec,Primeira Liga,2023/2024,DEVELOPMENT,2023-11-05,15:30,MATCH_KICKOFF_TIME_TIMEZONE_NOT_STATED_BY_SOURCE,,NOT_VERIFIED_DO_NOT_INFER,Moreirense,Guimaraes,1,0,H,EVALUATION_ONLY_JOIN_AFTER_PREMATCH_FEATURE_FREEZE,2.87,3.23,2.53,EXTERNAL_HISTORICAL_MARKET_BENCHMARK,NOT_AVAILABLE,NOT_GOLDBET,effc755dbf7c462ef94ae45c0162f788c6b3b895e5ed33edf8cf7b24cc8fa27f
444fb767d283c8fd9ca8e961,Primeira Liga,2023/2024,DEVELOPMENT,2023-11-05,18:00,MATCH_KICKOFF_TIME_TIMEZONE_NOT_STATED_BY_SOURCE,,NOT_VERIFIED_DO_NOT_INFER,Rio Ave,Boavista,2,0,H,EVALUATION_ONLY_JOIN_AFTER_PREMATCH_FEATURE_FREEZE,2.61,3.34,2.68,EXTERNAL_HISTORICAL_MARKET_BENCHMARK,NOT_AVAILABLE,NOT_GOLDBET,83d28fdd4208ff11ea7b7d91c9eff691adbc0252b490235168490340f0e8f0dc
515da423c0d04303e712936a,Primeira Liga,2023/2024,DEVELOPMENT,2023-11-05,20:30,MATCH_KICKOFF_TIME_TIMEZONE_NOT_STATED_BY_SOURCE,,NOT_VERIFIED_DO_NOT_INFER,Sp Lisbon,Estrela,3,2,H,EVALUATION_ONLY_JOIN_AFTER_PREMATCH_FEATURE_FREEZE,1.21,6.89,12.65,EXTERNAL_HISTORICAL_MARKET_BENCHMARK,NOT_AVAILABLE,NOT_GOLDBET,5d80dfb5a87741aa5026ade08d212aab572cb493f508e6caf2eee788ca52c99c
c66333016c144d3a650eb82e,Primeira Liga,2023/2024,DEVELOPMENT,2023-11-06,20:15,MATCH_KICKOFF_TIME_TIMEZONE_NOT_STATED_BY_SOURCE,,NOT_VERIFIED_DO_NOT_INFER,Farense,Arouca,2,0,H,EVALUATION_ONLY_JOIN_AFTER_PREMATCH_FEATURE_FREEZE,2.36,3.29,3.02,EXTERNAL_HISTORICAL_MARKET_BENCHMARK,NOT_AVAILABLE,NOT_GOLDBET,fda9252e078cd4586cf216abaef7ca5a3638893a1427f9ee627331ddf2d003a0
e5eb5f49c22ea01c2bc8b06d,Primeira Liga,2023/2024,DEVELOPMENT,2023-11-10,20:15,MATCH_KICKOFF_TIME_TIMEZONE_NOT_STATED_BY_SOURCE,,NOT_VERIFIED_DO_NOT_INFER,Estoril,Casa Pia,4,0,H,EVALUATION_ONLY_JOIN_AFTER_PREMATCH_FEATURE_FREEZE,2.42,3.23,3.03,EXTERNAL_HISTORICAL_MARKET_BENCHMARK,NOT_AVAILABLE,NOT_GOLDBET,cf509b99a5a0d6e25330ef44e2133081312988b809f84df5a45765d87d643002
e6601484444b1d37661a4826,Primeira Liga,2023/2024,DEVELOPMENT,2023-11-11,15:30,MATCH_KICKOFF_TIME_TIMEZONE_NOT_STATED_BY_SOURCE,,NOT_VERIFIED_DO_NOT_INFER,Portimonense,Chaves,2,1,H,EVALUATION_ONLY_JOIN_AFTER_PREMATCH_FEATURE_FREEZE,2.22,3.39,3.24,EXTERNAL_HISTORICAL_MARKET_BENCHMARK,NOT_AVAILABLE,NOT_GOLDBET,5afaef31987919730ba29b5bad58a3ce91baf5a3ee3b19018dc657605a74c5b4
4cf285b8f503aff5066473de,Primeira Liga,2023/2024,DEVELOPMENT,2023-11-11,18:00,MATCH_KICKOFF_TIME_TIMEZONE_NOT_STATED_BY_SOURCE,,NOT_VERIFIED_DO_NOT_INFER,Estrela,Moreirense,0,1,A,EVALUATION_ONLY_JOIN_AFTER_PREMATCH_FEATURE_FREEZE,2.67,3.33,2.64,EXTERNAL_HISTORICAL_MARKET_BENCHMARK,NOT_AVAILABLE,NOT_GOLDBET,81da9464e39e7b4cd9d60d6e90f304e056318fad588c55c5585af9af7ab1cbd3
0c5840909b94a241447dc3e0,Primeira Liga,2023/2024,DEVELOPMENT,2023-11-11,18:00,MATCH_KICKOFF_TIME_TIMEZONE_NOT_STATED_BY_SOURCE,,NOT_VERIFIED_DO_NOT_INFER,Vizela,Famalicao,0,0,D,EVALUATION_ONLY_JOIN_AFTER_PREMATCH_FEATURE_FREEZE,2.33,3.2,3.19,EXTERNAL_HISTORICAL_MARKET_BENCHMARK,NOT_AVAILABLE,NOT_GOLDBET,98c090df3addfb1d7681200bfe04a3e6b8845ddb5c3b0164cdeed2381b9fd3db
ff0bf207112eed56aa184d55,Primeira Liga,2023/2024,DEVELOPMENT,2023-11-11,20:30,MATCH_KICKOFF_TIME_TIMEZONE_NOT_STATED_BY_SOURCE,,NOT_VERIFIED_DO_NOT_INFER,Guimaraes,Porto,1,2,A,EVALUATION_ONLY_JOIN_AFTER_PREMATCH_FEATURE_FREEZE,4.9,3.73,1.72,EXTERNAL_HISTORICAL_MARKET_BENCHMARK,NOT_AVAILABLE,NOT_GOLDBET,89c0ae0f78921cb29a0faf6f184b388ee22677816d1e66f32e012f18d0b8476c
7dfee28ced15c622df2d2bb5,Primeira Liga,2023/2024,DEVELOPMENT,2023-11-12,15:30,MATCH_KICKOFF_TIME_TIMEZONE_NOT_STATED_BY_SOURCE,,NOT_VERIFIED_DO_NOT_INFER,Boavista,Farense,1,3,A,EVALUATION_ONLY_JOIN_AFTER_PREMATCH_FEATURE_FREEZE,1.97,3.62,3.7,EXTERNAL_HISTORICAL_MARKET_BENCHMARK,NOT_AVAILABLE,NOT_GOLDBET,e1657a5adc0677f36ee40c892e8c6fd12d900d59f1b57edf616c3c3d5d324fc7
518f731a11d0a3e8195a7499,Primeira Liga,2023/2024,DEVELOPMENT,2023-11-12,15:30,MATCH_KICKOFF_TIME_TIMEZONE_NOT_STATED_BY_SOURCE,,NOT_VERIFIED_DO_NOT_INFER,Gil Vicente,Rio Ave,1,1,D,EVALUATION_ONLY_JOIN_AFTER_PREMATCH_FEATURE_FREEZE,2.2,3.41,3.26,EXTERNAL_HISTORICAL_MARKET_BENCHMARK,NOT_AVAILABLE,NOT_GOLDBET,1d3d204d502614fe7d809a10bffaf7f6d91362a13ef8574432b5323e1368d40b
8613ab59ccee7c515973dd7b,Primeira Liga,2023/2024,DEVELOPMENT,2023-11-12,18:00,MATCH_KICKOFF_TIME_TIMEZONE_NOT_STATED_BY_SOURCE,,NOT_VERIFIED_DO_NOT_INFER,Arouca,Sp Braga,0,1,A,EVALUATION_ONLY_JOIN_AFTER_PREMATCH_FEATURE_FREEZE,4.69,4.01,1.69,EXTERNAL_HISTORICAL_MARKET_BENCHMARK,NOT_AVAILABLE,NOT_GOLDBET,90adbc590f6a3a4782485201628fa0273c80b6d50fda4b03a42dd444f4297392
7f69b0f232701aacebf722bf,Primeira Liga,2023/2024,DEVELOPMENT,2023-11-12,20:30,MATCH_KICKOFF_TIME_TIMEZONE_NOT_STATED_BY_SOURCE,,NOT_VERIFIED_DO_NOT_INFER,Benfica,Sp Lisbon,2,1,H,EVALUATION_ONLY_JOIN_AFTER_PREMATCH_FEATURE_FREEZE,2.54,3.33,2.78,EXTERNAL_HISTORICAL_MARKET_BENCHMARK,NOT_AVAILABLE,NOT_GOLDBET,18c41883a75ffbfa78654930078760c54889994053fc55d4c66241f72b7034d9
804624ed22b4fc3a92bcd2ac,Primeira Liga,2023/2024,DEVELOPMENT,2023-12-01,20:30,MATCH_KICKOFF_TIME_TIMEZONE_NOT_STATED_BY_SOURCE,,NOT_VERIFIED_DO_NOT_INFER,Chaves,Vizela,2,1,H,EVALUATION_ONLY_JOIN_AFTER_PREMATCH_FEATURE_FREEZE,2.85,3.3,2.5,EXTERNAL_HISTORICAL_MARKET_BENCHMARK,NOT_AVAILABLE,NOT_GOLDBET,effee889e1f1d7b3991a2ac5afc4627abbba6c510788937f34f85f6f8b8992b8
d8c031ad947d8e1605d5033c,Primeira Liga,2023/2024,DEVELOPMENT,2023-12-02,15:30,MATCH_KICKOFF_TIME_TIMEZONE_NOT_STATED_BY_SOURCE,,NOT_VERIFIED_DO_NOT_INFER,Farense,Guimaraes,1,2,A,EVALUATION_ONLY_JOIN_AFTER_PREMATCH_FEATURE_FREEZE,3.3,3.6,2.11,EXTERNAL_HISTORICAL_MARKET_BENCHMARK,NOT_AVAILABLE,NOT_GOLDBET,3ac55d40fb1318ae172dc156f58b1d7c265ac91cceaa9742db93cd6051c84c33
bbb203a5224d418309b8bd59,Primeira Liga,2023/2024,DEVELOPMENT,2023-12-02,15:30,MATCH_KICKOFF_TIME_TIMEZONE_NOT_STATED_BY_SOURCE,,NOT_VERIFIED_DO_NOT_INFER,Rio Ave,Estrela,1,1,D,EVALUATION_ONLY_JOIN_AFTER_PREMATCH_FEATURE_FREEZE,2.05,3.48,3.59,EXTERNAL_HISTORICAL_MARKET_BENCHMARK,NOT_AVAILABLE,NOT_GOLDBET,8f694bcb1d17573371bfbe864b4afe00174eb8bd4b0cabcbd9407a9eac3b7998
cd7675cc02d9735a8bf3eda8,Primeira Liga,2023/2024,DEVELOPMENT,2023-12-02,18:00,MATCH_KICKOFF_TIME_TIMEZONE_NOT_STATED_BY_SOURCE,,NOT_VERIFIED_DO_NOT_INFER,Famalicao,Porto,0,3,A,EVALUATION_ONLY_JOIN_AFTER_PREMATCH_FEATURE_FREEZE,6.99,4.35,1.47,EXTERNAL_HISTORICAL_MARKET_BENCHMARK,NOT_AVAILABLE,NOT_GOLDBET,a699bed15dea8504a0abbd600863bed7aa4af6a6cfe92f0c7d4836fa66b0d6a9
59556877a829f99d66885d5b,Primeira Liga,2023/2024,DEVELOPMENT,2023-12-02,20:30,MATCH_KICKOFF_TIME_TIMEZONE_NOT_STATED_BY_SOURCE,,NOT_VERIFIED_DO_NOT_INFER,Casa Pia,Portimonense,1,0,H,EVALUATION_ONLY_JOIN_AFTER_PREMATCH_FEATURE_FREEZE,1.96,3.44,3.93,EXTERNAL_HISTORICAL_MARKET_BENCHMARK,NOT_AVAILABLE,NOT_GOLDBET,6382fbd252538a09575bdcf6718f75e554e04f1281eb1860a2b9ff6017620681
424d524c702f36c263b136cc,Primeira Liga,2023/2024,DEVELOPMENT,2023-12-03,15:30,MATCH_KICKOFF_TIME_TIMEZONE_NOT_STATED_BY_SOURCE,,NOT_VERIFIED_DO_NOT_INFER,Sp Braga,Estoril,3,1,H,EVALUATION_ONLY_JOIN_AFTER_PREMATCH_FEATURE_FREEZE,1.38,5.38,6.84,EXTERNAL_HISTORICAL_MARKET_BENCHMARK,NOT_AVAILABLE,NOT_GOLDBET,f9a926740d2c6ae68ddc4234abb81c8df33e6be86b55730197ee36a96c111790
b01d96b42e622f8e134de474,Primeira Liga,2023/2024,DEVELOPMENT,2023-12-03,18:00,MATCH_KICKOFF_TIME_TIMEZONE_NOT_STATED_BY_SOURCE,,NOT_VERIFIED_DO_NOT_INFER,Moreirense,Benfica,0,0,D,EVALUATION_ONLY_JOIN_AFTER_PREMATCH_FEATURE_FREEZE,6.36,4.52,1.48,EXTERNAL_HISTORICAL_MARKET_BENCHMARK,NOT_AVAILABLE,NOT_GOLDBET,2732a4dba4f795607e455d3ef289a5b3b3b03e4e1c38fd5498810e5c5a5e7f4b
2c08c88b58512811348ed29f,Primeira Liga,2023/2024,DEVELOPMENT,2023-12-03,20:30,MATCH_KICKOFF_TIME_TIMEZONE_NOT_STATED_BY_SOURCE,,NOT_VERIFIED_DO_NOT_INFER,Boavista,Arouca,0,4,A,EVALUATION_ONLY_JOIN_AFTER_PREMATCH_FEATURE_FREEZE,2.62,3.18,2.79,EXTERNAL_HISTORICAL_MARKET_BENCHMARK,NOT_AVAILABLE,NOT_GOLDBET,1faae5928709e48ab36a3c6bb7deda86df2674295cb3f1b1d7296117a1c089d3
09886f234c6ec283c45986ed,Primeira Liga,2023/2024,DEVELOPMENT,2023-12-04,20:15,MATCH_KICKOFF_TIME_TIMEZONE_NOT_STATED_BY_SOURCE,,NOT_VERIFIED_DO_NOT_INFER,Sp Lisbon,Gil Vicente,3,1,H,EVALUATION_ONLY_JOIN_AFTER_PREMATCH_FEATURE_FREEZE,1.13,9.19,18.19,EXTERNAL_HISTORICAL_MARKET_BENCHMARK,NOT_AVAILABLE,NOT_GOLDBET,cc6b386e16a66a5e0b54f1a1d7d2a1415d2297584c7fe15a728b45bf7b8fdbdf
c54ece19e879cc3783830c49,Primeira Liga,2023/2024,DEVELOPMENT,2023-12-08,15:30,MATCH_KICKOFF_TIME_TIMEZONE_NOT_STATED_BY_SOURCE,,NOT_VERIFIED_DO_NOT_INFER,Vizela,Sp Braga,1,3,A,EVALUATION_ONLY_JOIN_AFTER_PREMATCH_FEATURE_FREEZE,5.33,4.22,1.59,EXTERNAL_HISTORICAL_MARKET_BENCHMARK,NOT_AVAILABLE,NOT_GOLDBET,9afd08da90f70e8ca95e423ec5ce72b114fbd9580f994bc9fc94d84d0da8f531
e619a450b11fd48c6ac4995c,Primeira Liga,2023/2024,DEVELOPMENT,2023-12-08,18:00,MATCH_KICKOFF_TIME_TIMEZONE_NOT_STATED_BY_SOURCE,,NOT_VERIFIED_DO_NOT_INFER,Benfica,Farense,1,1,D,EVALUATION_ONLY_JOIN_AFTER_PREMATCH_FEATURE_FREEZE,1.18,7.7,13.72,EXTERNAL_HISTORICAL_MARKET_BENCHMARK,NOT_AVAILABLE,NOT_GOLDBET,706318d9881c5c99443dd1462b591ddbae5b066a95d24fd5facc08752dc0134a
52b4c61ddab6fa8c463748f5,Primeira Liga,2023/2024,DEVELOPMENT,2023-12-09,15:30,MATCH_KICKOFF_TIME_TIMEZONE_NOT_STATED_BY_SOURCE,,NOT_VERIFIED_DO_NOT_INFER,Portimonense,Famalicao,1,1,D,EVALUATION_ONLY_JOIN_AFTER_PREMATCH_FEATURE_FREEZE,2.54,3.26,2.84,EXTERNAL_HISTORICAL_MARKET_BENCHMARK,NOT_AVAILABLE,NOT_GOLDBET,f8d71902380a040de7f320d7541f7858f0b48807d251d27e8ad5c8838bebb73a
80fdcd6a6a08123b473a9659,Primeira Liga,2023/2024,DEVELOPMENT,2023-12-09,18:00,MATCH_KICKOFF_TIME_TIMEZONE_NOT_STATED_BY_SOURCE,,NOT_VERIFIED_DO_NOT_INFER,Guimaraes,Sp Lisbon,3,2,H,EVALUATION_ONLY_JOIN_AFTER_PREMATCH_FEATURE_FREEZE,4.73,3.95,1.7,EXTERNAL_HISTORICAL_MARKET_BENCHMARK,NOT_AVAILABLE,NOT_GOLDBET,4957a6944f1b26237ad17170a0338a593e10f90169939386440ecc232ca86f1b
d47c678b4dc76459f3f2b93f,Primeira Liga,2023/2024,DEVELOPMENT,2023-12-09,20:30,MATCH_KICKOFF_TIME_TIMEZONE_NOT_STATED_BY_SOURCE,,NOT_VERIFIED_DO_NOT_INFER,Porto,Casa Pia,3,1,H,EVALUATION_ONLY_JOIN_AFTER_PREMATCH_FEATURE_FREEZE,1.24,5.96,12.23,EXTERNAL_HISTORICAL_MARKET_BENCHMARK,NOT_AVAILABLE,NOT_GOLDBET,f46c697adecc8d3ada9b477c5918fbedfa56f0c19f308cda284fa54f1b3f482f
acbf362c7fed6ed34b616b17,Primeira Liga,2023/2024,DEVELOPMENT,2023-12-10,15:30,MATCH_KICKOFF_TIME_TIMEZONE_NOT_STATED_BY_SOURCE,,NOT_VERIFIED_DO_NOT_INFER,Estrela,Boavista,3,1,H,EVALUATION_ONLY_JOIN_AFTER_PREMATCH_FEATURE_FREEZE,2.21,3.41,3.17,EXTERNAL_HISTORICAL_MARKET_BENCHMARK,NOT_AVAILABLE,NOT_GOLDBET,5f7db1e47ec1879d1c272431be571cf9e2bb56dd36f0c4e05b50bf5edee8de68
940c7d178ae8917c97e62675,Primeira Liga,2023/2024,DEVELOPMENT,2023-12-10,18:00,MATCH_KICKOFF_TIME_TIMEZONE_NOT_STATED_BY_SOURCE,,NOT_VERIFIED_DO_NOT_INFER,Arouca,Rio Ave,2,2,D,EVALUATION_ONLY_JOIN_AFTER_PREMATCH_FEATURE_FREEZE,2.1,3.2,3.77,EXTERNAL_HISTORICAL_MARKET_BENCHMARK,NOT_AVAILABLE,NOT_GOLDBET,272a0d014ab19bd9184dfcf261f6e935798c6091e147840805aedaaabe62f9ab
f78ba30152f250b4331e113d,Primeira Liga,2023/2024,DEVELOPMENT,2023-12-10,20:30,MATCH_KICKOFF_TIME_TIMEZONE_NOT_STATED_BY_SOURCE,,NOT_VERIFIED_DO_NOT_INFER,Estoril,Chaves,4,0,H,EVALUATION_ONLY_JOIN_AFTER_PREMATCH_FEATURE_FREEZE,1.85,3.74,4.1,EXTERNAL_HISTORICAL_MARKET_BENCHMARK,NOT_AVAILABLE,NOT_GOLDBET,e9ba9366fda37d130065bb642e1b77e0a4998f81d18990d021cba2561ecb8772
9391575ed9fbd7756c85420d,Primeira Liga,2023/2024,DEVELOPMENT,2023-12-11,20:15,MATCH_KICKOFF_TIME_TIMEZONE_NOT_STATED_BY_SOURCE,,NOT_VERIFIED_DO_NOT_INFER,Gil Vicente,Moreirense,1,1,D,EVALUATION_ONLY_JOIN_AFTER_PREMATCH_FEATURE_FREEZE,3.22,3.44,2.21,EXTERNAL_HISTORICAL_MARKET_BENCHMARK,NOT_AVAILABLE,NOT_GOLDBET,4ba8fe93225279d243dd0d6ba7899757752c31bc28fc58d8c38741c7596cbe85
741bdf03b6bc072235adb12e,Primeira Liga,2023/2024,DEVELOPMENT,2023-12-15,20:15,MATCH_KICKOFF_TIME_TIMEZONE_NOT_STATED_BY_SOURCE,,NOT_VERIFIED_DO_NOT_INFER,Farense,Estrela,0,0,D,EVALUATION_ONLY_JOIN_AFTER_PREMATCH_FEATURE_FREEZE,2.07,3.5,3.52,EXTERNAL_HISTORICAL_MARKET_BENCHMARK,NOT_AVAILABLE,NOT_GOLDBET,0d016695f52d9ec9f863dc85b61cb846fa5f0206b09cf2f654f9ee5367911500
bd48346953717bad255c4176,Primeira Liga,2023/2024,DEVELOPMENT,2023-12-16,15:30,MATCH_KICKOFF_TIME_TIMEZONE_NOT_STATED_BY_SOURCE,,NOT_VERIFIED_DO_NOT_INFER,Rio Ave,Vizela,1,1,D,EVALUATION_ONLY_JOIN_AFTER_PREMATCH_FEATURE_FREEZE,2.34,3.27,3.12,EXTERNAL_HISTORICAL_MARKET_BENCHMARK,NOT_AVAILABLE,NOT_GOLDBET,67c1ba81489cae996eef70cda9bf607b8979c08b617f62bc56c3f2400424d49f
8ed25ac0a02e5dd74c5fd0f1,Primeira Liga,2023/2024,DEVELOPMENT,2023-12-16,18:00,MATCH_KICKOFF_TIME_TIMEZONE_NOT_STATED_BY_SOURCE,,NOT_VERIFIED_DO_NOT_INFER,Arouca,Gil Vicente,3,0,H,EVALUATION_ONLY_JOIN_AFTER_PREMATCH_FEATURE_FREEZE,2.05,3.41,3.65,EXTERNAL_HISTORICAL_MARKET_BENCHMARK,NOT_AVAILABLE,NOT_GOLDBET,37522623db95016f73441fc964ba66fb2998219ad4f3f9673ab3f7b3f39821ea
c9c8eae45f09e73ac7f38a3a,Primeira Liga,2023/2024,DEVELOPMENT,2023-12-16,20:30,MATCH_KICKOFF_TIME_TIMEZONE_NOT_STATED_BY_SOURCE,,NOT_VERIFIED_DO_NOT_INFER,Boavista,Guimaraes,1,1,D,EVALUATION_ONLY_JOIN_AFTER_PREMATCH_FEATURE_FREEZE,3.32,3.33,2.22,EXTERNAL_HISTORICAL_MARKET_BENCHMARK,NOT_AVAILABLE,NOT_GOLDBET,0b77e44bf878a729e87938a592386eeebf9516f5a58f0d946e9ecc4dfc353170
dba500984f88571a5b504c48,Primeira Liga,2023/2024,DEVELOPMENT,2023-12-17,15:30,MATCH_KICKOFF_TIME_TIMEZONE_NOT_STATED_BY_SOURCE,,NOT_VERIFIED_DO_NOT_INFER,Chaves,Casa Pia,1,3,A,EVALUATION_ONLY_JOIN_AFTER_PREMATCH_FEATURE_FREEZE,2.62,3.15,2.82,EXTERNAL_HISTORICAL_MARKET_BENCHMARK,NOT_AVAILABLE,NOT_GOLDBET,a119432e52ff7ea8009886562a98c077572b7e29e846140910a632a234f8d75d
3331a212209be21b9d21650c,Primeira Liga,2023/2024,DEVELOPMENT,2023-12-17,15:30,MATCH_KICKOFF_TIME_TIMEZONE_NOT_STATED_BY_SOURCE,,NOT_VERIFIED_DO_NOT_INFER,Moreirense,Portimonense,5,2,H,EVALUATION_ONLY_JOIN_AFTER_PREMATCH_FEATURE_FREEZE,1.69,3.78,5.09,EXTERNAL_HISTORICAL_MARKET_BENCHMARK,NOT_AVAILABLE,NOT_GOLDBET,f8fdcee72f9c1983ada31f075670fd165168dcca48fde15e75044052e719302c
f8aafde8638c97b5866f49b6,Primeira Liga,2023/2024,DEVELOPMENT,2023-12-17,18:00,MATCH_KICKOFF_TIME_TIMEZONE_NOT_STATED_BY_SOURCE,,NOT_VERIFIED_DO_NOT_INFER,Famalicao,Estoril,1,1,D,EVALUATION_ONLY_JOIN_AFTER_PREMATCH_FEATURE_FREEZE,2.27,3.38,3.14,EXTERNAL_HISTORICAL_MARKET_BENCHMARK,NOT_AVAILABLE,NOT_GOLDBET,2a24ba4e7f782bd92d7cf217944b8c3f7c6de034b1ef671873bcb784471edfd3
1bd9917f552fcb1bc5b6d548,Primeira Liga,2023/2024,DEVELOPMENT,2023-12-17,20:30,MATCH_KICKOFF_TIME_TIMEZONE_NOT_STATED_BY_SOURCE,,NOT_VERIFIED_DO_NOT_INFER,Sp Braga,Benfica,0,1,A,EVALUATION_ONLY_JOIN_AFTER_PREMATCH_FEATURE_FREEZE,2.9,3.72,2.28,EXTERNAL_HISTORICAL_MARKET_BENCHMARK,NOT_AVAILABLE,NOT_GOLDBET,731d71f53f58ce3ad19312b675535054d1b09e9833d7d87ba6d85eab14b5960a
f3c5a7b5317c02eb3b04f138,Primeira Liga,2023/2024,DEVELOPMENT,2023-12-18,20:15,MATCH_KICKOFF_TIME_TIMEZONE_NOT_STATED_BY_SOURCE,,NOT_VERIFIED_DO_NOT_INFER,Sp Lisbon,Porto,2,0,H,EVALUATION_ONLY_JOIN_AFTER_PREMATCH_FEATURE_FREEZE,2.23,3.38,3.23,EXTERNAL_HISTORICAL_MARKET_BENCHMARK,NOT_AVAILABLE,NOT_GOLDBET,5585925f7488d1fc29ae98ec98a9c7dbb0b68154b733fd5ee78b85d4ed8c7872
6ad85f764ac608113408e054,Primeira Liga,2023/2024,DEVELOPMENT,2023-12-23,15:30,MATCH_KICKOFF_TIME_TIMEZONE_NOT_STATED_BY_SOURCE,,NOT_VERIFIED_DO_NOT_INFER,Guimaraes,Rio Ave,1,0,H,EVALUATION_ONLY_JOIN_AFTER_PREMATCH_FEATURE_FREEZE,1.73,3.67,4.88,EXTERNAL_HISTORICAL_MARKET_BENCHMARK,NOT_AVAILABLE,NOT_GOLDBET,952534ca5e0dc9c532062d00dfae04d369b0953317b1e25d5f7b38aadd9f7d1a
442fcc9031f8fc94ea53b3f4,Primeira Liga,2023/2024,DEVELOPMENT,2023-12-23,15:30,MATCH_KICKOFF_TIME_TIMEZONE_NOT_STATED_BY_SOURCE,,NOT_VERIFIED_DO_NOT_INFER,Vizela,Moreirense,0,0,D,EVALUATION_ONLY_JOIN_AFTER_PREMATCH_FEATURE_FREEZE,3.08,3.12,2.45,EXTERNAL_HISTORICAL_MARKET_BENCHMARK,NOT_AVAILABLE,NOT_GOLDBET,16701826b217f5036e52f36ffea6ffd5c3ceab0d47d5cda4a92af773a4159706
b360f57a2c4879fd909a73aa,Primeira Liga,2023/2024,DEVELOPMENT,2023-12-28,20:15,MATCH_KICKOFF_TIME_TIMEZONE_NOT_STATED_BY_SOURCE,,NOT_VERIFIED_DO_NOT_INFER,Estrela,Arouca,1,4,A,EVALUATION_ONLY_JOIN_AFTER_PREMATCH_FEATURE_FREEZE,2.81,3.18,2.61,EXTERNAL_HISTORICAL_MARKET_BENCHMARK,NOT_AVAILABLE,NOT_GOLDBET,dcb2be3003dde0b6d0b75a73dbb33f0d0baa53bd44e42c83382309f803b55e7c
eab8dc667b2035894fcb318e,Primeira Liga,2023/2024,DEVELOPMENT,2023-12-29,18:45,MATCH_KICKOFF_TIME_TIMEZONE_NOT_STATED_BY_SOURCE,,NOT_VERIFIED_DO_NOT_INFER,Benfica,Famalicao,3,0,H,EVALUATION_ONLY_JOIN_AFTER_PREMATCH_FEATURE_FREEZE,1.26,5.94,10.74,EXTERNAL_HISTORICAL_MARKET_BENCHMARK,NOT_AVAILABLE,NOT_GOLDBET,ec2e2349440c9a9bb3f417ecd35cf9f5e89267b68334473439785df335d63436
d6e6d89e02de672db54ec42f,Primeira Liga,2023/2024,DEVELOPMENT,2023-12-29,20:45,MATCH_KICKOFF_TIME_TIMEZONE_NOT_STATED_BY_SOURCE,,NOT_VERIFIED_DO_NOT_INFER,Porto,Chaves,1,0,H,EVALUATION_ONLY_JOIN_AFTER_PREMATCH_FEATURE_FREEZE,1.21,6.97,12.64,EXTERNAL_HISTORICAL_MARKET_BENCHMARK,NOT_AVAILABLE,NOT_GOLDBET,642f4189399e6aba61a7de1b4c74d2cd53ea63236da801eba527b79ca1b78984
902b7d60f6d4274cf628f5fb,Primeira Liga,2023/2024,DEVELOPMENT,2023-12-30,15:30,MATCH_KICKOFF_TIME_TIMEZONE_NOT_STATED_BY_SOURCE,,NOT_VERIFIED_DO_NOT_INFER,Estoril,Farense,4,0,H,EVALUATION_ONLY_JOIN_AFTER_PREMATCH_FEATURE_FREEZE,1.87,3.82,3.86,EXTERNAL_HISTORICAL_MARKET_BENCHMARK,NOT_AVAILABLE,NOT_GOLDBET,b506eeb0c9c6e7787f9c8eb1733fdf1fca0d9fa135efc828f7a17dea699f1e19
6f1527e4ed0441413b09e3d6,Primeira Liga,2023/2024,DEVELOPMENT,2023-12-30,15:30,MATCH_KICKOFF_TIME_TIMEZONE_NOT_STATED_BY_SOURCE,,NOT_VERIFIED_DO_NOT_INFER,Gil Vicente,Boavista,1,0,H,EVALUATION_ONLY_JOIN_AFTER_PREMATCH_FEATURE_FREEZE,2.23,3.4,3.22,EXTERNAL_HISTORICAL_MARKET_BENCHMARK,NOT_AVAILABLE,NOT_GOLDBET,aa4e24d7bc2aebadbca9667d995831fdd32f3144c4bd46cd8e5f1ef04a3dd914
87b918a57cf9e6919b368ba4,Primeira Liga,2023/2024,DEVELOPMENT,2023-12-30,18:00,MATCH_KICKOFF_TIME_TIMEZONE_NOT_STATED_BY_SOURCE,,NOT_VERIFIED_DO_NOT_INFER,Casa Pia,Sp Braga,1,3,A,EVALUATION_ONLY_JOIN_AFTER_PREMATCH_FEATURE_FREEZE,5.82,4.3,1.54,EXTERNAL_HISTORICAL_MARKET_BENCHMARK,NOT_AVAILABLE,NOT_GOLDBET,6513c0bedc62758cc208b00fd72b8237a7a8177716479fb72b9cdf294f888605
1d265bd23c74edcef6c5764c,Primeira Liga,2023/2024,DEVELOPMENT,2023-12-30,20:30,MATCH_KICKOFF_TIME_TIMEZONE_NOT_STATED_BY_SOURCE,,NOT_VERIFIED_DO_NOT_INFER,Portimonense,Sp Lisbon,1,2,A,EVALUATION_ONLY_JOIN_AFTER_PREMATCH_FEATURE_FREEZE,10.01,5.98,1.27,EXTERNAL_HISTORICAL_MARKET_BENCHMARK,NOT_AVAILABLE,NOT_GOLDBET,8a14aadd585c1b22acb690992ec3b8a0155717fbc9ff81694b2ddc0aa6f841de
af27b561c1721c7f572f01ef,Primeira Liga,2023/2024,DEVELOPMENT,2024-01-05,18:45,MATCH_KICKOFF_TIME_TIMEZONE_NOT_STATED_BY_SOURCE,,NOT_VERIFIED_DO_NOT_INFER,Sp Lisbon,Estoril,5,1,H,EVALUATION_ONLY_JOIN_AFTER_PREMATCH_FEATURE_FREEZE,1.24,6.28,11.06,EXTERNAL_HISTORICAL_MARKET_BENCHMARK,NOT_AVAILABLE,NOT_GOLDBET,d082e318e4224fe2179b03ba976eb0a1b23c25478087d038f087cd8d1847010f
39455b2e819d3cb62a32ed82,Primeira Liga,2023/2024,DEVELOPMENT,2024-01-05,20:45,MATCH_KICKOFF_TIME_TIMEZONE_NOT_STATED_BY_SOURCE,,NOT_VERIFIED_DO_NOT_INFER,Boavista,Porto,1,1,D,EVALUATION_ONLY_JOIN_AFTER_PREMATCH_FEATURE_FREEZE,7.27,4.65,1.43,EXTERNAL_HISTORICAL_MARKET_BENCHMARK,NOT_AVAILABLE,NOT_GOLDBET,7175777d3b2bbe7aafe9211b02856e483eb1d5b5c6a59a4321f96d898ed6fce0
7e22ee2883278878d1dc6ebd,Primeira Liga,2023/2024,DEVELOPMENT,2024-01-06,15:30,MATCH_KICKOFF_TIME_TIMEZONE_NOT_STATED_BY_SOURCE,,NOT_VERIFIED_DO_NOT_INFER,Estrela,Vizela,1,1,D,EVALUATION_ONLY_JOIN_AFTER_PREMATCH_FEATURE_FREEZE,2.81,3.26,2.56,EXTERNAL_HISTORICAL_MARKET_BENCHMARK,NOT_AVAILABLE,NOT_GOLDBET,7987f8ec098f8045f7afd0dc2746a6508a9e132cd047236601cc4f42913afdff
1fbd61607fa5b8e40ba8c6db,Primeira Liga,2023/2024,DEVELOPMENT,2024-01-06,15:30,MATCH_KICKOFF_TIME_TIMEZONE_NOT_STATED_BY_SOURCE,,NOT_VERIFIED_DO_NOT_INFER,Farense,Gil Vicente,1,0,H,EVALUATION_ONLY_JOIN_AFTER_PREMATCH_FEATURE_FREEZE,2.23,3.37,3.24,EXTERNAL_HISTORICAL_MARKET_BENCHMARK,NOT_AVAILABLE,NOT_GOLDBET,5f8a8447865a3ca517a0485eaa80a9be275d013b21148c5ef4227f56fc5d60a1
8edc80accb8a7edab0cfb3a3,Primeira Liga,2023/2024,DEVELOPMENT,2024-01-06,18:00,MATCH_KICKOFF_TIME_TIMEZONE_NOT_STATED_BY_SOURCE,,NOT_VERIFIED_DO_NOT_INFER,Arouca,Benfica,0,3,A,EVALUATION_ONLY_JOIN_AFTER_PREMATCH_FEATURE_FREEZE,6.79,4.64,1.45,EXTERNAL_HISTORICAL_MARKET_BENCHMARK,NOT_AVAILABLE,NOT_GOLDBET,f73577b90e07a797bc277b10962695d514f8777387e9b7700b9140e149b6bb84
e7f5f8df509c28a817f22eb0,Primeira Liga,2023/2024,DEVELOPMENT,2024-01-06,20:30,MATCH_KICKOFF_TIME_TIMEZONE_NOT_STATED_BY_SOURCE,,NOT_VERIFIED_DO_NOT_INFER,Sp Braga,Guimaraes,1,1,D,EVALUATION_ONLY_JOIN_AFTER_PREMATCH_FEATURE_FREEZE,1.6,4.18,5.27,EXTERNAL_HISTORICAL_MARKET_BENCHMARK,NOT_AVAILABLE,NOT_GOLDBET,f056cc62c8508c2d1ea745a64a284c3640a52bfb034286244852d3739d9428a9
a87d7d04fd770e45c5d01dfe,Primeira Liga,2023/2024,DEVELOPMENT,2024-01-07,18:00,MATCH_KICKOFF_TIME_TIMEZONE_NOT_STATED_BY_SOURCE,,NOT_VERIFIED_DO_NOT_INFER,Rio Ave,Portimonense,2,0,H,EVALUATION_ONLY_JOIN_AFTER_PREMATCH_FEATURE_FREEZE,1.7,3.77,4.99,EXTERNAL_HISTORICAL_MARKET_BENCHMARK,NOT_AVAILABLE,NOT_GOLDBET,537af5bdb2f47830069d9d728ef9e69538bcb82c5296171721905c867644f463
9201f86a0a3bc1fcf91b9331,Primeira Liga,2023/2024,DEVELOPMENT,2024-01-07,20:30,MATCH_KICKOFF_TIME_TIMEZONE_NOT_STATED_BY_SOURCE,,NOT_VERIFIED_DO_NOT_INFER,Famalicao,Chaves,2,2,D,EVALUATION_ONLY_JOIN_AFTER_PREMATCH_FEATURE_FREEZE,1.65,3.68,5.48,EXTERNAL_HISTORICAL_MARKET_BENCHMARK,NOT_AVAILABLE,NOT_GOLDBET,68980f64a776ac63a60e0b3c0b80a189164ac4383759a7ede7bd8bd74cca227c
66ec0b5ece324a970c1dea3f,Primeira Liga,2023/2024,DEVELOPMENT,2024-01-08,20:15,MATCH_KICKOFF_TIME_TIMEZONE_NOT_STATED_BY_SOURCE,,NOT_VERIFIED_DO_NOT_INFER,Moreirense,Casa Pia,1,4,A,EVALUATION_ONLY_JOIN_AFTER_PREMATCH_FEATURE_FREEZE,1.78,3.39,5.04,EXTERNAL_HISTORICAL_MARKET_BENCHMARK,NOT_AVAILABLE,NOT_GOLDBET,2ac68070827c5c3a398784ee0bf7f2ffbf81672a927eebd09b0c84c50b9d9d2c
07d1803f187654555fbe8b2c,Primeira Liga,2023/2024,DEVELOPMENT,2024-01-12,20:15,MATCH_KICKOFF_TIME_TIMEZONE_NOT_STATED_BY_SOURCE,,NOT_VERIFIED_DO_NOT_INFER,Portimonense,Farense,1,0,H,EVALUATION_ONLY_JOIN_AFTER_PREMATCH_FEATURE_FREEZE,2.58,3.34,2.72,EXTERNAL_HISTORICAL_MARKET_BENCHMARK,NOT_AVAILABLE,NOT_GOLDBET,3757be015fefe8f604a1b11fda09844ea93d9203bd72b29f4559aa5d0648f81b
6a6742ed085ecaf0e206036a,Primeira Liga,2023/2024,DEVELOPMENT,2024-01-13,15:30,MATCH_KICKOFF_TIME_TIMEZONE_NOT_STATED_BY_SOURCE,,NOT_VERIFIED_DO_NOT_INFER,Casa Pia,Famalicao,0,2,A,EVALUATION_ONLY_JOIN_AFTER_PREMATCH_FEATURE_FREEZE,2.73,3.04,2.78,EXTERNAL_HISTORICAL_MARKET_BENCHMARK,NOT_AVAILABLE,NOT_GOLDBET,cec5958a0499f8a63c961ec27333d01857086f052531bba5f463270d82947d69
94591c3a38aa8d0101055173,Primeira Liga,2023/2024,DEVELOPMENT,2024-01-13,18:00,MATCH_KICKOFF_TIME_TIMEZONE_NOT_STATED_BY_SOURCE,,NOT_VERIFIED_DO_NOT_INFER,Chaves,Sp Lisbon,0,3,A,EVALUATION_ONLY_JOIN_AFTER_PREMATCH_FEATURE_FREEZE,10.94,6.06,1.25,EXTERNAL_HISTORICAL_MARKET_BENCHMARK,NOT_AVAILABLE,NOT_GOLDBET,8f84d784535b2408079aedc7b3d6261cdef48a5ef23a06f507b37c3f22fcec19
e0ed5bcbf1cad4ccec8a138a,Primeira Liga,2023/2024,DEVELOPMENT,2024-01-13,20:30,MATCH_KICKOFF_TIME_TIMEZONE_NOT_STATED_BY_SOURCE,,NOT_VERIFIED_DO_NOT_INFER,Estoril,Moreirense,1,3,A,EVALUATION_ONLY_JOIN_AFTER_PREMATCH_FEATURE_FREEZE,2.28,3.35,3.15,EXTERNAL_HISTORICAL_MARKET_BENCHMARK,NOT_AVAILABLE,NOT_GOLDBET,1b70b21c060afbfac30bb163d1238b5782eb4b0b22c407977145a4e4e0ef444c
a7bf08a0dab6bff257744ab0,Primeira Liga,2023/2024,DEVELOPMENT,2024-01-14,15:30,MATCH_KICKOFF_TIME_TIMEZONE_NOT_STATED_BY_SOURCE,,NOT_VERIFIED_DO_NOT_INFER,Gil Vicente,Estrela,1,1,D,EVALUATION_ONLY_JOIN_AFTER_PREMATCH_FEATURE_FREEZE,2.07,3.41,3.61,EXTERNAL_HISTORICAL_MARKET_BENCHMARK,NOT_AVAILABLE,NOT_GOLDBET,b46c528902728f1d0486a9e17c923e805be3f5d20d5c8ac55d35e8eb16b50ec1
308ee2eefe24cdd85d1c0854,Primeira Liga,2023/2024,DEVELOPMENT,2024-01-14,18:00,MATCH_KICKOFF_TIME_TIMEZONE_NOT_STATED_BY_SOURCE,,NOT_VERIFIED_DO_NOT_INFER,Benfica,Rio Ave,4,1,H,EVALUATION_ONLY_JOIN_AFTER_PREMATCH_FEATURE_FREEZE,1.19,7.3,13.33,EXTERNAL_HISTORICAL_MARKET_BENCHMARK,NOT_AVAILABLE,NOT_GOLDBET,9940ce8b398136260e413fd3c833c431d860b56f48f93c1da1a9ca2523269fd8
28c6f085e37650ffd3b18a4c,Primeira Liga,2023/2024,DEVELOPMENT,2024-01-14,18:00,MATCH_KICKOFF_TIME_TIMEZONE_NOT_STATED_BY_SOURCE,,NOT_VERIFIED_DO_NOT_INFER,Vizela,Boavista,1,4,A,EVALUATION_ONLY_JOIN_AFTER_PREMATCH_FEATURE_FREEZE,2.03,3.27,3.9,EXTERNAL_HISTORICAL_MARKET_BENCHMARK,NOT_AVAILABLE,NOT_GOLDBET,28ec7125cd34f61f92b8b42837e583f1bdb5c81e8cd08fa983a561c5559bcfef
a302ecc696dfce245d9fd674,Primeira Liga,2023/2024,DEVELOPMENT,2024-01-14,20:30,MATCH_KICKOFF_TIME_TIMEZONE_NOT_STATED_BY_SOURCE,,NOT_VERIFIED_DO_NOT_INFER,Porto,Sp Braga,2,0,H,EVALUATION_ONLY_JOIN_AFTER_PREMATCH_FEATURE_FREEZE,1.79,3.9,4.2,EXTERNAL_HISTORICAL_MARKET_BENCHMARK,NOT_AVAILABLE,NOT_GOLDBET,97fdff483be97aebaf5f7a14c987a2954e9f6221560e80d681e889c67f4105b7
df417b30d156dae8598fff70,Primeira Liga,2023/2024,DEVELOPMENT,2024-01-15,20:15,MATCH_KICKOFF_TIME_TIMEZONE_NOT_STATED_BY_SOURCE,,NOT_VERIFIED_DO_NOT_INFER,Guimaraes,Arouca,2,1,H,EVALUATION_ONLY_JOIN_AFTER_PREMATCH_FEATURE_FREEZE,1.97,3.53,3.81,EXTERNAL_HISTORICAL_MARKET_BENCHMARK,NOT_AVAILABLE,NOT_GOLDBET,b23097db299b6214d1b533e767c4cd69389aaf43004f6b3f96f70f1a1d2b818b
e22aeb61ca447bfc0fae1a71,Primeira Liga,2023/2024,DEVELOPMENT,2024-01-18,18:45,MATCH_KICKOFF_TIME_TIMEZONE_NOT_STATED_BY_SOURCE,,NOT_VERIFIED_DO_NOT_INFER,Famalicao,Sp Braga,1,2,A,EVALUATION_ONLY_JOIN_AFTER_PREMATCH_FEATURE_FREEZE,3.91,3.65,1.91,EXTERNAL_HISTORICAL_MARKET_BENCHMARK,NOT_AVAILABLE,NOT_GOLDBET,004a47b2a82f321072910bae72e6938d8104cbadf9100c511388fa8771d43179
29ae4bed18932e9299846bac,Primeira Liga,2023/2024,DEVELOPMENT,2024-01-18,20:45,MATCH_KICKOFF_TIME_TIMEZONE_NOT_STATED_BY_SOURCE,,NOT_VERIFIED_DO_NOT_INFER,Vizela,Sp Lisbon,2,5,A,EVALUATION_ONLY_JOIN_AFTER_PREMATCH_FEATURE_FREEZE,9.99,5.51,1.3,EXTERNAL_HISTORICAL_MARKET_BENCHMARK,NOT_AVAILABLE,NOT_GOLDBET,83fb693afe7116ed0ea0f8312d44de35cf0bddbada9c3d5edb8da229c0591b22
efe953c23b390206c77f08f2,Primeira Liga,2023/2024,DEVELOPMENT,2024-01-19,20:15,MATCH_KICKOFF_TIME_TIMEZONE_NOT_STATED_BY_SOURCE,,NOT_VERIFIED_DO_NOT_INFER,Benfica,Boavista,2,0,H,EVALUATION_ONLY_JOIN_AFTER_PREMATCH_FEATURE_FREEZE,1.13,9.28,18.27,EXTERNAL_HISTORICAL_MARKET_BENCHMARK,NOT_AVAILABLE,NOT_GOLDBET,b09ddc5b56c4f58d1883f67ae268fae068b01c6894d5e7ad637d31665cf65021
d11f29a9fd03b7a75fe63c18,Primeira Liga,2023/2024,DEVELOPMENT,2024-01-20,15:30,MATCH_KICKOFF_TIME_TIMEZONE_NOT_STATED_BY_SOURCE,,NOT_VERIFIED_DO_NOT_INFER,Estoril,Arouca,1,2,A,EVALUATION_ONLY_JOIN_AFTER_PREMATCH_FEATURE_FREEZE,2.45,3.49,2.74,EXTERNAL_HISTORICAL_MARKET_BENCHMARK,NOT_AVAILABLE,NOT_GOLDBET,3142c51d752cf3aac17f0d117ceedc3197f61cbaea0070bab69ff20d92f458b5
ad0936bd83351cf6f7efbc2c,Primeira Liga,2023/2024,DEVELOPMENT,2024-01-20,18:00,MATCH_KICKOFF_TIME_TIMEZONE_NOT_STATED_BY_SOURCE,,NOT_VERIFIED_DO_NOT_INFER,Casa Pia,Farense,1,3,A,EVALUATION_ONLY_JOIN_AFTER_PREMATCH_FEATURE_FREEZE,2.22,3.22,3.39,EXTERNAL_HISTORICAL_MARKET_BENCHMARK,NOT_AVAILABLE,NOT_GOLDBET,be45069ef4963b4933822bdd06b0aec97ac8fdbacd1bc7d20f8d715dbbdc41c4
2d371b59c51ecbb53d4c08de,Primeira Liga,2023/2024,DEVELOPMENT,2024-01-20,20:30,MATCH_KICKOFF_TIME_TIMEZONE_NOT_STATED_BY_SOURCE,,NOT_VERIFIED_DO_NOT_INFER,Porto,Moreirense,5,0,H,EVALUATION_ONLY_JOIN_AFTER_PREMATCH_FEATURE_FREEZE,1.36,5,8.28,EXTERNAL_HISTORICAL_MARKET_BENCHMARK,NOT_AVAILABLE,NOT_GOLDBET,87b2adda71cc3cdc03d70bfc6b61c3de17feb3522076af0c8fccfbfa02795d2b
bb2b94c7e95b9a8ed6c26fe5,Primeira Liga,2023/2024,DEVELOPMENT,2024-01-21,15:30,MATCH_KICKOFF_TIME_TIMEZONE_NOT_STATED_BY_SOURCE,,NOT_VERIFIED_DO_NOT_INFER,Portimonense,Gil Vicente,0,2,A,EVALUATION_ONLY_JOIN_AFTER_PREMATCH_FEATURE_FREEZE,2.53,3.3,2.8,EXTERNAL_HISTORICAL_MARKET_BENCHMARK,NOT_AVAILABLE,NOT_GOLDBET,17908cb5b7283e8a473a0eee3f164520bde94b4708e624fbca66717f7e2c3826
d251a99824bf714d373d39c9,Primeira Liga,2023/2024,DEVELOPMENT,2024-01-21,18:00,MATCH_KICKOFF_TIME_TIMEZONE_NOT_STATED_BY_SOURCE,,NOT_VERIFIED_DO_NOT_INFER,Chaves,Rio Ave,0,0,D,EVALUATION_ONLY_JOIN_AFTER_PREMATCH_FEATURE_FREEZE,2.98,3.17,2.47,EXTERNAL_HISTORICAL_MARKET_BENCHMARK,NOT_AVAILABLE,NOT_GOLDBET,a2b8ca8f81f390ddb812182b651813f356d49fa96e0c794e4eb7a3e4bf8c30d5
7f6ee404db338dbcc73a3669,Primeira Liga,2023/2024,DEVELOPMENT,2024-01-21,20:30,MATCH_KICKOFF_TIME_TIMEZONE_NOT_STATED_BY_SOURCE,,NOT_VERIFIED_DO_NOT_INFER,Guimaraes,Estrela,3,0,H,EVALUATION_ONLY_JOIN_AFTER_PREMATCH_FEATURE_FREEZE,1.6,3.94,5.75,EXTERNAL_HISTORICAL_MARKET_BENCHMARK,NOT_AVAILABLE,NOT_GOLDBET,3968501f3ae120e831078802d15a6230dfd059c206e4a42816c0fb27f08e0fa7
bd4867204749533aed1cf447,Primeira Liga,2023/2024,DEVELOPMENT,2024-01-28,15:30,MATCH_KICKOFF_TIME_TIMEZONE_NOT_STATED_BY_SOURCE,,NOT_VERIFIED_DO_NOT_INFER,Boavista,Portimonense,1,4,A,EVALUATION_ONLY_JOIN_AFTER_PREMATCH_FEATURE_FREEZE,2,3.36,3.89,EXTERNAL_HISTORICAL_MARKET_BENCHMARK,NOT_AVAILABLE,NOT_GOLDBET,475179f82fd92fd96ff7659dd1008f7bdae2869915f206ee0076d99b414e2934
6adb691cf8e82f735bf77ddc,Primeira Liga,2023/2024,DEVELOPMENT,2024-01-28,15:30,MATCH_KICKOFF_TIME_TIMEZONE_NOT_STATED_BY_SOURCE,,NOT_VERIFIED_DO_NOT_INFER,Moreirense,Famalicao,1,0,H,EVALUATION_ONLY_JOIN_AFTER_PREMATCH_FEATURE_FREEZE,2.44,3.11,3.1,EXTERNAL_HISTORICAL_MARKET_BENCHMARK,NOT_AVAILABLE,NOT_GOLDBET,e73ecc12545802eeabdac5dcb3b6b3d7a3b6c469a74336b8f5fe4167477d709f
0dedf621a36d69ddefcff743,Primeira Liga,2023/2024,DEVELOPMENT,2024-01-28,18:00,MATCH_KICKOFF_TIME_TIMEZONE_NOT_STATED_BY_SOURCE,,NOT_VERIFIED_DO_NOT_INFER,Farense,Porto,1,3,A,EVALUATION_ONLY_JOIN_AFTER_PREMATCH_FEATURE_FREEZE,8.78,5.1,1.35,EXTERNAL_HISTORICAL_MARKET_BENCHMARK,NOT_AVAILABLE,NOT_GOLDBET,7835d4d3883148b06d712f3bde1e3e2c2417f40c4a23f1e06f010219e40d347a
7dba737837f084c4c489efb8,Primeira Liga,2023/2024,DEVELOPMENT,2024-01-28,20:30,MATCH_KICKOFF_TIME_TIMEZONE_NOT_STATED_BY_SOURCE,,NOT_VERIFIED_DO_NOT_INFER,Arouca,Vizela,5,0,H,EVALUATION_ONLY_JOIN_AFTER_PREMATCH_FEATURE_FREEZE,1.83,3.65,4.25,EXTERNAL_HISTORICAL_MARKET_BENCHMARK,NOT_AVAILABLE,NOT_GOLDBET,7e19e436c7df88e65b2f7c66d6172369bcb257a7497a5e9a6cd8343b2a85949e
c12197b531afab89a909a2d0,Primeira Liga,2023/2024,DEVELOPMENT,2024-01-28,20:30,MATCH_KICKOFF_TIME_TIMEZONE_NOT_STATED_BY_SOURCE,,NOT_VERIFIED_DO_NOT_INFER,Gil Vicente,Guimaraes,1,0,H,EVALUATION_ONLY_JOIN_AFTER_PREMATCH_FEATURE_FREEZE,3.34,3.27,2.22,EXTERNAL_HISTORICAL_MARKET_BENCHMARK,NOT_AVAILABLE,NOT_GOLDBET,fa02bd31befeb103a8ed49f50e09c14cc0c4350116e217041140e8294054c880
a0bd194df5869601a34d9f41,Primeira Liga,2023/2024,DEVELOPMENT,2024-01-29,18:45,MATCH_KICKOFF_TIME_TIMEZONE_NOT_STATED_BY_SOURCE,,NOT_VERIFIED_DO_NOT_INFER,Estrela,Benfica,1,4,A,EVALUATION_ONLY_JOIN_AFTER_PREMATCH_FEATURE_FREEZE,10.65,6.1,1.26,EXTERNAL_HISTORICAL_MARKET_BENCHMARK,NOT_AVAILABLE,NOT_GOLDBET,0c4748bc48632a0a2ce2c0eeab12369d2ec630fcf09b96e3bcbbb0254e9127d5
81595d99f21be3503a392825,Primeira Liga,2023/2024,DEVELOPMENT,2024-01-29,20:45,MATCH_KICKOFF_TIME_TIMEZONE_NOT_STATED_BY_SOURCE,,NOT_VERIFIED_DO_NOT_INFER,Sp Lisbon,Casa Pia,8,0,H,EVALUATION_ONLY_JOIN_AFTER_PREMATCH_FEATURE_FREEZE,1.15,7.69,17.72,EXTERNAL_HISTORICAL_MARKET_BENCHMARK,NOT_AVAILABLE,NOT_GOLDBET,d6b78b3de87548fff9e98a48cb7bd21a8a771e0c3daf7179fa5a47ad52bd266a
d3930e191af78b0bb873c154,Primeira Liga,2023/2024,DEVELOPMENT,2024-01-31,18:45,MATCH_KICKOFF_TIME_TIMEZONE_NOT_STATED_BY_SOURCE,,NOT_VERIFIED_DO_NOT_INFER,Rio Ave,Estoril,1,1,D,EVALUATION_ONLY_JOIN_AFTER_PREMATCH_FEATURE_FREEZE,2.22,3.33,3.31,EXTERNAL_HISTORICAL_MARKET_BENCHMARK,NOT_AVAILABLE,NOT_GOLDBET,4d8b92bede8fe9bc6f9f786558c286169998fe2318b3d8023fe99fd47d868a8d
2be0a281e1cc6294a43e19b2,Primeira Liga,2023/2024,DEVELOPMENT,2024-01-31,20:45,MATCH_KICKOFF_TIME_TIMEZONE_NOT_STATED_BY_SOURCE,,NOT_VERIFIED_DO_NOT_INFER,Sp Braga,Chaves,1,1,D,EVALUATION_ONLY_JOIN_AFTER_PREMATCH_FEATURE_FREEZE,1.32,5.58,8.7,EXTERNAL_HISTORICAL_MARKET_BENCHMARK,NOT_AVAILABLE,NOT_GOLDBET,2dba0adaef03121f5ef46e47adf7c29a105fd0f04704c2cc562ad38470964920
eaac67883156bcf43dbcd9dd,Primeira Liga,2023/2024,DEVELOPMENT,2024-02-03,15:30,MATCH_KICKOFF_TIME_TIMEZONE_NOT_STATED_BY_SOURCE,,NOT_VERIFIED_DO_NOT_INFER,Portimonense,Arouca,1,2,A,EVALUATION_ONLY_JOIN_AFTER_PREMATCH_FEATURE_FREEZE,3.69,3.56,2,EXTERNAL_HISTORICAL_MARKET_BENCHMARK,NOT_AVAILABLE,NOT_GOLDBET,274d4d0ec5cac58674fac9c7f0a9dc849640d8a12918007950680cd328a487e6
cdad0a3364f29cff6472e841,Primeira Liga,2023/2024,DEVELOPMENT,2024-02-03,20:30,MATCH_KICKOFF_TIME_TIMEZONE_NOT_STATED_BY_SOURCE,,NOT_VERIFIED_DO_NOT_INFER,Porto,Rio Ave,0,0,D,EVALUATION_ONLY_JOIN_AFTER_PREMATCH_FEATURE_FREEZE,1.21,6.44,13.72,EXTERNAL_HISTORICAL_MARKET_BENCHMARK,NOT_AVAILABLE,NOT_GOLDBET,f6ba86e5fbec014b63599ec850e6fd78fa01d2f20748c9b95546611725573193
c27a53a68971a022d345afdb,Primeira Liga,2023/2024,DEVELOPMENT,2024-02-04,15:30,MATCH_KICKOFF_TIME_TIMEZONE_NOT_STATED_BY_SOURCE,,NOT_VERIFIED_DO_NOT_INFER,Chaves,Farense,1,1,D,EVALUATION_ONLY_JOIN_AFTER_PREMATCH_FEATURE_FREEZE,2.34,3.31,3.07,EXTERNAL_HISTORICAL_MARKET_BENCHMARK,NOT_AVAILABLE,NOT_GOLDBET,8ff2da772a243181015885600aea8a941ebfbada09415442f82203544ccb58c1
d472c629e11d57e1d5841ae6,Primeira Liga,2023/2024,DEVELOPMENT,2024-02-04,15:30,MATCH_KICKOFF_TIME_TIMEZONE_NOT_STATED_BY_SOURCE,,NOT_VERIFIED_DO_NOT_INFER,Vizela,Guimaraes,0,1,A,EVALUATION_ONLY_JOIN_AFTER_PREMATCH_FEATURE_FREEZE,4.18,3.59,1.86,EXTERNAL_HISTORICAL_MARKET_BENCHMARK,NOT_AVAILABLE,NOT_GOLDBET,2d1c7fb29f293560b9c1ec9640910a8826ce75d02a77a3062db772297af19f4f
a1b6689c2c07b5bb4eb155f9,Primeira Liga,2023/2024,DEVELOPMENT,2024-02-04,18:00,MATCH_KICKOFF_TIME_TIMEZONE_NOT_STATED_BY_SOURCE,,NOT_VERIFIED_DO_NOT_INFER,Benfica,Gil Vicente,3,0,H,EVALUATION_ONLY_JOIN_AFTER_PREMATCH_FEATURE_FREEZE,1.15,8.24,16.26,EXTERNAL_HISTORICAL_MARKET_BENCHMARK,NOT_AVAILABLE,NOT_GOLDBET,3c641f88b6be818a52697a63c8d7ecaa949db4e20db235a0dcd784990af9d5a9
69ea4ece66eb35973bfa3046,Primeira Liga,2023/2024,DEVELOPMENT,2024-02-04,18:00,MATCH_KICKOFF_TIME_TIMEZONE_NOT_STATED_BY_SOURCE,,NOT_VERIFIED_DO_NOT_INFER,Estoril,Estrela,1,0,H,EVALUATION_ONLY_JOIN_AFTER_PREMATCH_FEATURE_FREEZE,2.02,3.51,3.65,EXTERNAL_HISTORICAL_MARKET_BENCHMARK,NOT_AVAILABLE,NOT_GOLDBET,3c5da378c4d616bee0c037fc378d28f54b6fff42f384e4af4ebf2fffe4b3caa6
e4115895d1195243c1591a3f,Primeira Liga,2023/2024,DEVELOPMENT,2024-02-04,20:30,MATCH_KICKOFF_TIME_TIMEZONE_NOT_STATED_BY_SOURCE,,NOT_VERIFIED_DO_NOT_INFER,Sp Braga,Moreirense,1,0,H,EVALUATION_ONLY_JOIN_AFTER_PREMATCH_FEATURE_FREEZE,1.47,4.46,6.72,EXTERNAL_HISTORICAL_MARKET_BENCHMARK,NOT_AVAILABLE,NOT_GOLDBET,9160503c03ff77ebbbe4cb90d1f27f218f485ebb21dc044cd86e06068a756de9
cd0901d2281ead8a3dc1ba6e,Primeira Liga,2023/2024,DEVELOPMENT,2024-02-05,20:15,MATCH_KICKOFF_TIME_TIMEZONE_NOT_STATED_BY_SOURCE,,NOT_VERIFIED_DO_NOT_INFER,Casa Pia,Boavista,0,0,D,EVALUATION_ONLY_JOIN_AFTER_PREMATCH_FEATURE_FREEZE,2.06,3.39,3.65,EXTERNAL_HISTORICAL_MARKET_BENCHMARK,NOT_AVAILABLE,NOT_GOLDBET,49f02707daaf4d7a25c28b7bc6857146620aa99dcda346472f72a0504178ca92
302f6256dbd41b27c9ad7ed9,Primeira Liga,2023/2024,DEVELOPMENT,2024-02-09,20:15,MATCH_KICKOFF_TIME_TIMEZONE_NOT_STATED_BY_SOURCE,,NOT_VERIFIED_DO_NOT_INFER,Estrela,Portimonense,3,0,H,EVALUATION_ONLY_JOIN_AFTER_PREMATCH_FEATURE_FREEZE,2,3.43,3.81,EXTERNAL_HISTORICAL_MARKET_BENCHMARK,NOT_AVAILABLE,NOT_GOLDBET,28cab6becc03d9aad8c5fd1a5e9bc34cb80001f2322fdd2a8bfddbdc7ee86e2d
c2129d93b403d14df7c1ecc4,Primeira Liga,2023/2024,DEVELOPMENT,2024-02-10,15:30,MATCH_KICKOFF_TIME_TIMEZONE_NOT_STATED_BY_SOURCE,,NOT_VERIFIED_DO_NOT_INFER,Farense,Famalicao,1,1,D,EVALUATION_ONLY_JOIN_AFTER_PREMATCH_FEATURE_FREEZE,2.92,3.1,2.58,EXTERNAL_HISTORICAL_MARKET_BENCHMARK,NOT_AVAILABLE,NOT_GOLDBET,ad3c88431df8745bb7daa003cbed6eeb06127c342af5bfbef93f8bc1e0a16c1a
0a54808117ec43fdef2ea740,Primeira Liga,2023/2024,DEVELOPMENT,2024-02-10,18:00,MATCH_KICKOFF_TIME_TIMEZONE_NOT_STATED_BY_SOURCE,,NOT_VERIFIED_DO_NOT_INFER,Moreirense,Chaves,1,0,H,EVALUATION_ONLY_JOIN_AFTER_PREMATCH_FEATURE_FREEZE,1.85,3.41,4.53,EXTERNAL_HISTORICAL_MARKET_BENCHMARK,NOT_AVAILABLE,NOT_GOLDBET,9d0fc82182c9b55c69f2e50cc5949b010b28bb5879f63f0c8d3684230b891a79
43c9636215d95eaaf131a18a,Primeira Liga,2023/2024,DEVELOPMENT,2024-02-10,20:30,MATCH_KICKOFF_TIME_TIMEZONE_NOT_STATED_BY_SOURCE,,NOT_VERIFIED_DO_NOT_INFER,Boavista,Estoril,2,1,H,EVALUATION_ONLY_JOIN_AFTER_PREMATCH_FEATURE_FREEZE,2.54,3.39,2.74,EXTERNAL_HISTORICAL_MARKET_BENCHMARK,NOT_AVAILABLE,NOT_GOLDBET,7f3f1998a0e6c95bad26fde62ab229774b80893e290a6df80dd8b94dabf75d37
07e3ed2f126d62d3ed554dd1,Primeira Liga,2023/2024,DEVELOPMENT,2024-02-11,15:30,MATCH_KICKOFF_TIME_TIMEZONE_NOT_STATED_BY_SOURCE,,NOT_VERIFIED_DO_NOT_INFER,Rio Ave,Casa Pia,1,0,H,EVALUATION_ONLY_JOIN_AFTER_PREMATCH_FEATURE_FREEZE,2.27,3.02,3.54,EXTERNAL_HISTORICAL_MARKET_BENCHMARK,NOT_AVAILABLE,NOT_GOLDBET,b071615cbb7b3d306fc71a7e1b8bcc2775bcf2315bc7b77a77ed46ae40c2a113
048c1d8c1357775715243b92,Primeira Liga,2023/2024,DEVELOPMENT,2024-02-11,18:00,MATCH_KICKOFF_TIME_TIMEZONE_NOT_STATED_BY_SOURCE,,NOT_VERIFIED_DO_NOT_INFER,Sp Lisbon,Sp Braga,5,0,H,EVALUATION_ONLY_JOIN_AFTER_PREMATCH_FEATURE_FREEZE,1.46,4.68,6.38,EXTERNAL_HISTORICAL_MARKET_BENCHMARK,NOT_AVAILABLE,NOT_GOLDBET,6ca3d83f7755d4e1596a1554e0b36bc1d14d4d82c8f0458bd6969335f7610e60
0da4625bdc73fbbf9bf6dd42,Primeira Liga,2023/2024,DEVELOPMENT,2024-02-11,20:30,MATCH_KICKOFF_TIME_TIMEZONE_NOT_STATED_BY_SOURCE,,NOT_VERIFIED_DO_NOT_INFER,Guimaraes,Benfica,2,2,D,EVALUATION_ONLY_JOIN_AFTER_PREMATCH_FEATURE_FREEZE,5.09,4,1.63,EXTERNAL_HISTORICAL_MARKET_BENCHMARK,NOT_AVAILABLE,NOT_GOLDBET,61df90be34843380b946a64a8c88289197637ed4b4c2df7a7aafe2fb0b090ade
c7a891cb77933a7445f09f58,Primeira Liga,2023/2024,DEVELOPMENT,2024-02-12,20:15,MATCH_KICKOFF_TIME_TIMEZONE_NOT_STATED_BY_SOURCE,,NOT_VERIFIED_DO_NOT_INFER,Arouca,Porto,3,2,H,EVALUATION_ONLY_JOIN_AFTER_PREMATCH_FEATURE_FREEZE,7.47,4.71,1.42,EXTERNAL_HISTORICAL_MARKET_BENCHMARK,NOT_AVAILABLE,NOT_GOLDBET,4fc6514b7979abe667fba40ce4a4a69959a8505ea9cf6f7d055919b2945b3d60
5444a677ce4455ff1ab357b3,Primeira Liga,2023/2024,DEVELOPMENT,2024-02-13,15:30,MATCH_KICKOFF_TIME_TIMEZONE_NOT_STATED_BY_SOURCE,,NOT_VERIFIED_DO_NOT_INFER,Gil Vicente,Vizela,0,1,A,EVALUATION_ONLY_JOIN_AFTER_PREMATCH_FEATURE_FREEZE,2,3.45,3.79,EXTERNAL_HISTORICAL_MARKET_BENCHMARK,NOT_AVAILABLE,NOT_GOLDBET,17f39637ce430b9272e0dd903e2d80053face79ffefeefb7a4657b8c65ea6915
90e9190866044e2706c3ff4d,Primeira Liga,2023/2024,DEVELOPMENT,2024-02-16,20:15,MATCH_KICKOFF_TIME_TIMEZONE_NOT_STATED_BY_SOURCE,,NOT_VERIFIED_DO_NOT_INFER,Famalicao,Rio Ave,2,1,H,EVALUATION_ONLY_JOIN_AFTER_PREMATCH_FEATURE_FREEZE,2.16,3.1,3.74,EXTERNAL_HISTORICAL_MARKET_BENCHMARK,NOT_AVAILABLE,NOT_GOLDBET,db32b38af0485f823874ba5784e5f24df9be952dda2e93c307f51eda960a3de0
eeb9106145f42cf88d6cd9fe,Primeira Liga,2023/2024,DEVELOPMENT,2024-02-17,15:30,MATCH_KICKOFF_TIME_TIMEZONE_NOT_STATED_BY_SOURCE,,NOT_VERIFIED_DO_NOT_INFER,Chaves,Boavista,2,1,H,EVALUATION_ONLY_JOIN_AFTER_PREMATCH_FEATURE_FREEZE,2.74,3.11,2.73,EXTERNAL_HISTORICAL_MARKET_BENCHMARK,NOT_AVAILABLE,NOT_GOLDBET,86360561bab1e4a32e3c8e3993247582dd08bcbbfceb6760faaf834dc956c77c
7379b6aff41e89be587ffdec,Primeira Liga,2023/2024,DEVELOPMENT,2024-02-17,18:00,MATCH_KICKOFF_TIME_TIMEZONE_NOT_STATED_BY_SOURCE,,NOT_VERIFIED_DO_NOT_INFER,Portimonense,Guimaraes,1,1,D,EVALUATION_ONLY_JOIN_AFTER_PREMATCH_FEATURE_FREEZE,4.01,3.54,1.91,EXTERNAL_HISTORICAL_MARKET_BENCHMARK,NOT_AVAILABLE,NOT_GOLDBET,faa40550e177e4719b657dce3b8172fddd66c73f8fc5e256d3bb3e17f70e7fdb
8f67a47b49fc78f72894b152,Primeira Liga,2023/2024,DEVELOPMENT,2024-02-17,20:30,MATCH_KICKOFF_TIME_TIMEZONE_NOT_STATED_BY_SOURCE,,NOT_VERIFIED_DO_NOT_INFER,Porto,Estrela,2,0,H,EVALUATION_ONLY_JOIN_AFTER_PREMATCH_FEATURE_FREEZE,1.18,7.11,14.68,EXTERNAL_HISTORICAL_MARKET_BENCHMARK,NOT_AVAILABLE,NOT_GOLDBET,4932e5999309f38256f7279fa3923a459b9bc759f9c158341bbe4c99eecc8c01
7b84534151da3cfa9a9a7ced,Primeira Liga,2023/2024,DEVELOPMENT,2024-02-18,15:30,MATCH_KICKOFF_TIME_TIMEZONE_NOT_STATED_BY_SOURCE,,NOT_VERIFIED_DO_NOT_INFER,Casa Pia,Arouca,1,0,H,EVALUATION_ONLY_JOIN_AFTER_PREMATCH_FEATURE_FREEZE,2.93,3.06,2.58,EXTERNAL_HISTORICAL_MARKET_BENCHMARK,NOT_AVAILABLE,NOT_GOLDBET,dae9a38c273b91d8130ab170ffde2e68e759a2a6aa6a3e58fecd33d12b5947fd
5f49abd8cd97eeb64f481f80,Primeira Liga,2023/2024,DEVELOPMENT,2024-02-18,18:00,MATCH_KICKOFF_TIME_TIMEZONE_NOT_STATED_BY_SOURCE,,NOT_VERIFIED_DO_NOT_INFER,Benfica,Vizela,6,1,H,EVALUATION_ONLY_JOIN_AFTER_PREMATCH_FEATURE_FREEZE,1.14,8.33,16.98,EXTERNAL_HISTORICAL_MARKET_BENCHMARK,NOT_AVAILABLE,NOT_GOLDBET,75dbfd17f38b994b5caec51070fbfe5d1c731260d761da6b5fe881f59e7223f0
58605ec4c6e4bc76dd16cceb,Primeira Liga,2023/2024,DEVELOPMENT,2024-02-18,18:00,MATCH_KICKOFF_TIME_TIMEZONE_NOT_STATED_BY_SOURCE,,NOT_VERIFIED_DO_NOT_INFER,Estoril,Gil Vicente,1,3,A,EVALUATION_ONLY_JOIN_AFTER_PREMATCH_FEATURE_FREEZE,2.19,3.39,3.31,EXTERNAL_HISTORICAL_MARKET_BENCHMARK,NOT_AVAILABLE,NOT_GOLDBET,9df434e2f84f1670a9ea881d2dfad79fd95972fdbd9ef1daf678e2f6cf16d1cc
3083234a16477cf6cc63db5e,Primeira Liga,2023/2024,DEVELOPMENT,2024-02-18,20:30,MATCH_KICKOFF_TIME_TIMEZONE_NOT_STATED_BY_SOURCE,,NOT_VERIFIED_DO_NOT_INFER,Sp Braga,Farense,2,1,H,EVALUATION_ONLY_JOIN_AFTER_PREMATCH_FEATURE_FREEZE,1.45,4.91,6.14,EXTERNAL_HISTORICAL_MARKET_BENCHMARK,NOT_AVAILABLE,NOT_GOLDBET,4f1df64e190efd20848fa77b6b5688a59d51c7d6319a3c6e2f7cdcfeb81eeca9
68c4134a7206aabde1612211,Primeira Liga,2023/2024,DEVELOPMENT,2024-02-19,20:15,MATCH_KICKOFF_TIME_TIMEZONE_NOT_STATED_BY_SOURCE,,NOT_VERIFIED_DO_NOT_INFER,Moreirense,Sp Lisbon,0,2,A,EVALUATION_ONLY_JOIN_AFTER_PREMATCH_FEATURE_FREEZE,8.66,5.09,1.35,EXTERNAL_HISTORICAL_MARKET_BENCHMARK,NOT_AVAILABLE,NOT_GOLDBET,0614e8c03a9cade48e078043bb48fb5b3c2a74b350b46bc3edab0acc2a0e524f
8c6605c86105b184a1f3451a,Primeira Liga,2023/2024,DEVELOPMENT,2024-02-23,20:15,MATCH_KICKOFF_TIME_TIMEZONE_NOT_STATED_BY_SOURCE,,NOT_VERIFIED_DO_NOT_INFER,Arouca,Famalicao,3,2,H,EVALUATION_ONLY_JOIN_AFTER_PREMATCH_FEATURE_FREEZE,2.31,3.26,3.16,EXTERNAL_HISTORICAL_MARKET_BENCHMARK,NOT_AVAILABLE,NOT_GOLDBET,e32ea657b28dda188c53bd0123e4825ad802ae045dba1306f063e2c20c6a4ebb
22f0fdeeb6a438c5ac9cdd9a,Primeira Liga,2023/2024,DEVELOPMENT,2024-02-24,15:30,MATCH_KICKOFF_TIME_TIMEZONE_NOT_STATED_BY_SOURCE,,NOT_VERIFIED_DO_NOT_INFER,Farense,Moreirense,0,1,A,EVALUATION_ONLY_JOIN_AFTER_PREMATCH_FEATURE_FREEZE,2.71,3.13,2.74,EXTERNAL_HISTORICAL_MARKET_BENCHMARK,NOT_AVAILABLE,NOT_GOLDBET,088d7a37f3c2d0f1c339c267475bc3bc8489dff4564537be99afdd020941fc56
c64de53c437cfbafd976fd27,Primeira Liga,2023/2024,DEVELOPMENT,2024-02-24,18:00,MATCH_KICKOFF_TIME_TIMEZONE_NOT_STATED_BY_SOURCE,,NOT_VERIFIED_DO_NOT_INFER,Estrela,Chaves,1,1,D,EVALUATION_ONLY_JOIN_AFTER_PREMATCH_FEATURE_FREEZE,1.96,3.37,4.07,EXTERNAL_HISTORICAL_MARKET_BENCHMARK,NOT_AVAILABLE,NOT_GOLDBET,d9c34b80e0cf94285e23a014a973eff46eec9c313c15a7f0a3006612820ebc9f
2058c42229a64ba16c05f863,Primeira Liga,2023/2024,DEVELOPMENT,2024-02-24,20:30,MATCH_KICKOFF_TIME_TIMEZONE_NOT_STATED_BY_SOURCE,,NOT_VERIFIED_DO_NOT_INFER,Guimaraes,Casa Pia,0,2,A,EVALUATION_ONLY_JOIN_AFTER_PREMATCH_FEATURE_FREEZE,1.61,3.76,5.75,EXTERNAL_HISTORICAL_MARKET_BENCHMARK,NOT_AVAILABLE,NOT_GOLDBET,509294ea2cdaa32c07fcfbadddbbbc13827b72e6152f60c5950077a3d12c6329
32b912b044c51c2648151634,Primeira Liga,2023/2024,DEVELOPMENT,2024-02-25,15:30,MATCH_KICKOFF_TIME_TIMEZONE_NOT_STATED_BY_SOURCE,,NOT_VERIFIED_DO_NOT_INFER,Vizela,Estoril,3,3,D,EVALUATION_ONLY_JOIN_AFTER_PREMATCH_FEATURE_FREEZE,2.41,3.39,2.9,EXTERNAL_HISTORICAL_MARKET_BENCHMARK,NOT_AVAILABLE,NOT_GOLDBET,5f6879c25acbbd5b087f0894e9b0b417560cb2f4d198413f0fe4abd4e7e7544b
9a416589366fea5397dfd8df,Primeira Liga,2023/2024,DEVELOPMENT,2024-02-25,18:00,MATCH_KICKOFF_TIME_TIMEZONE_NOT_STATED_BY_SOURCE,,NOT_VERIFIED_DO_NOT_INFER,Benfica,Portimonense,4,0,H,EVALUATION_ONLY_JOIN_AFTER_PREMATCH_FEATURE_FREEZE,1.1,10.44,22.4,EXTERNAL_HISTORICAL_MARKET_BENCHMARK,NOT_AVAILABLE,NOT_GOLDBET,0c5a7eb666ef209ac46071eff64c02c8d49cd4ca4b7983b46c960a305fd45eba
839de6ccc11021591b1f1180,Primeira Liga,2023/2024,DEVELOPMENT,2024-02-25,18:00,MATCH_KICKOFF_TIME_TIMEZONE_NOT_STATED_BY_SOURCE,,NOT_VERIFIED_DO_NOT_INFER,Gil Vicente,Porto,1,1,D,EVALUATION_ONLY_JOIN_AFTER_PREMATCH_FEATURE_FREEZE,6.87,4.51,1.46,EXTERNAL_HISTORICAL_MARKET_BENCHMARK,NOT_AVAILABLE,NOT_GOLDBET,60a3d1a0dcffb01e23222b455fda39fe1503391b086ae38465b8eac3470f610c
4ec36392436b82923c95c783,Primeira Liga,2023/2024,DEVELOPMENT,2024-02-25,20:30,MATCH_KICKOFF_TIME_TIMEZONE_NOT_STATED_BY_SOURCE,,NOT_VERIFIED_DO_NOT_INFER,Rio Ave,Sp Lisbon,3,3,D,EVALUATION_ONLY_JOIN_AFTER_PREMATCH_FEATURE_FREEZE,13.54,6.22,1.22,EXTERNAL_HISTORICAL_MARKET_BENCHMARK,NOT_AVAILABLE,NOT_GOLDBET,e9ab7178ed0281b3de8757a063458d08549ccfbfa12f9c525f05afb5be9f80b9
eb8e819a8336c71ccb6392b8,Primeira Liga,2023/2024,DEVELOPMENT,2024-02-26,20:15,MATCH_KICKOFF_TIME_TIMEZONE_NOT_STATED_BY_SOURCE,,NOT_VERIFIED_DO_NOT_INFER,Boavista,Sp Braga,0,4,A,EVALUATION_ONLY_JOIN_AFTER_PREMATCH_FEATURE_FREEZE,4.73,3.82,1.71,EXTERNAL_HISTORICAL_MARKET_BENCHMARK,NOT_AVAILABLE,NOT_GOLDBET,bdd72677b4b86a1d8b4ec3e6e05ebf825015fbaa1bd4765ec3725fb1a37a0421
ab44addbc0cc318fccfdacba,Primeira Liga,2023/2024,DEVELOPMENT,2024-03-01,20:15,MATCH_KICKOFF_TIME_TIMEZONE_NOT_STATED_BY_SOURCE,,NOT_VERIFIED_DO_NOT_INFER,Chaves,Arouca,1,5,A,EVALUATION_ONLY_JOIN_AFTER_PREMATCH_FEATURE_FREEZE,3.31,3.38,2.18,EXTERNAL_HISTORICAL_MARKET_BENCHMARK,NOT_AVAILABLE,NOT_GOLDBET,1f60593a333325571f60dac5af7a40926a551f97c19705ae997db94c648acb56
7789a5bdf00a45e9debd3ba2,Primeira Liga,2023/2024,DEVELOPMENT,2024-03-02,15:30,MATCH_KICKOFF_TIME_TIMEZONE_NOT_STATED_BY_SOURCE,,NOT_VERIFIED_DO_NOT_INFER,Moreirense,Rio Ave,0,0,D,EVALUATION_ONLY_JOIN_AFTER_PREMATCH_FEATURE_FREEZE,2.41,3.02,3.25,EXTERNAL_HISTORICAL_MARKET_BENCHMARK,NOT_AVAILABLE,NOT_GOLDBET,f5e63048a3f9ef42f2b7855c1552a86cef92ef898fe4ed323a9cae29fe21ae79
9ce101d6d89d25241c7ebfaa,Primeira Liga,2023/2024,DEVELOPMENT,2024-03-02,18:00,MATCH_KICKOFF_TIME_TIMEZONE_NOT_STATED_BY_SOURCE,,NOT_VERIFIED_DO_NOT_INFER,Estoril,Guimaraes,1,3,A,EVALUATION_ONLY_JOIN_AFTER_PREMATCH_FEATURE_FREEZE,2.96,3.4,2.36,EXTERNAL_HISTORICAL_MARKET_BENCHMARK,NOT_AVAILABLE,NOT_GOLDBET,62c9f5a43c2a22a73f4ce8e00b196fcab592be0186e34b5097578844fc85cc72
aab05be9f0221801b1eb6bd6,Primeira Liga,2023/2024,DEVELOPMENT,2024-03-02,20:30,MATCH_KICKOFF_TIME_TIMEZONE_NOT_STATED_BY_SOURCE,,NOT_VERIFIED_DO_NOT_INFER,Sp Braga,Estrela,3,0,H,EVALUATION_ONLY_JOIN_AFTER_PREMATCH_FEATURE_FREEZE,1.35,5.21,8.11,EXTERNAL_HISTORICAL_MARKET_BENCHMARK,NOT_AVAILABLE,NOT_GOLDBET,96ef23d8c94723cc20d2c86147b5c5ce91cf757a67cf7dc696c9240dbc0e57af
7a079a66872f3d614d01282e,Primeira Liga,2023/2024,DEVELOPMENT,2024-03-03,15:30,MATCH_KICKOFF_TIME_TIMEZONE_NOT_STATED_BY_SOURCE,,NOT_VERIFIED_DO_NOT_INFER,Casa Pia,Gil Vicente,0,0,D,EVALUATION_ONLY_JOIN_AFTER_PREMATCH_FEATURE_FREEZE,2.65,3.03,2.88,EXTERNAL_HISTORICAL_MARKET_BENCHMARK,NOT_AVAILABLE,NOT_GOLDBET,ef756f45e6eb3fc3014c1a52c75aa6d581978e158dce5849f2c3dc7af5cf2264
a7e10043ce457b8bd99df370,Primeira Liga,2023/2024,DEVELOPMENT,2024-03-03,15:30,MATCH_KICKOFF_TIME_TIMEZONE_NOT_STATED_BY_SOURCE,,NOT_VERIFIED_DO_NOT_INFER,Portimonense,Vizela,0,0,D,EVALUATION_ONLY_JOIN_AFTER_PREMATCH_FEATURE_FREEZE,2.53,3.23,2.86,EXTERNAL_HISTORICAL_MARKET_BENCHMARK,NOT_AVAILABLE,NOT_GOLDBET,6f027a693a29455c0ce02a44b6d765e84f6585d469e8fa0bdf737f153adf7f4c
161550242b265d0a605a8ce2,Primeira Liga,2023/2024,DEVELOPMENT,2024-03-03,18:00,MATCH_KICKOFF_TIME_TIMEZONE_NOT_STATED_BY_SOURCE,,NOT_VERIFIED_DO_NOT_INFER,Sp Lisbon,Farense,3,2,H,EVALUATION_ONLY_JOIN_AFTER_PREMATCH_FEATURE_FREEZE,1.13,8.7,18.63,EXTERNAL_HISTORICAL_MARKET_BENCHMARK,NOT_AVAILABLE,NOT_GOLDBET,5617f21451fe3ad4d4e04c9be27f138db5472dd54472c5e21afe5a16ff27971e
844a56baaa2a6aea2daf5263,Primeira Liga,2023/2024,DEVELOPMENT,2024-03-03,20:30,MATCH_KICKOFF_TIME_TIMEZONE_NOT_STATED_BY_SOURCE,,NOT_VERIFIED_DO_NOT_INFER,Porto,Benfica,5,0,H,EVALUATION_ONLY_JOIN_AFTER_PREMATCH_FEATURE_FREEZE,2.36,3.41,2.97,EXTERNAL_HISTORICAL_MARKET_BENCHMARK,NOT_AVAILABLE,NOT_GOLDBET,48e84559d86b5717e50d8aaf5ee5e1accbe705d714fa26eebed02a2c871c06f3
88006cf0f1bb20189cce5b6b,Primeira Liga,2023/2024,DEVELOPMENT,2024-03-04,20:15,MATCH_KICKOFF_TIME_TIMEZONE_NOT_STATED_BY_SOURCE,,NOT_VERIFIED_DO_NOT_INFER,Famalicao,Boavista,1,1,D,EVALUATION_ONLY_JOIN_AFTER_PREMATCH_FEATURE_FREEZE,2.14,3.18,3.67,EXTERNAL_HISTORICAL_MARKET_BENCHMARK,NOT_AVAILABLE,NOT_GOLDBET,475491daeb127ac602f85c1fcde0aa392de76f63bb846ce0dc731be25a6c8e14
bfbd2d15a6c8520a4959996a,Primeira Liga,2023/2024,DEVELOPMENT,2024-03-08,18:45,MATCH_KICKOFF_TIME_TIMEZONE_NOT_STATED_BY_SOURCE,,NOT_VERIFIED_DO_NOT_INFER,Portimonense,Porto,0,3,A,EVALUATION_ONLY_JOIN_AFTER_PREMATCH_FEATURE_FREEZE,13.25,6.65,1.21,EXTERNAL_HISTORICAL_MARKET_BENCHMARK,NOT_AVAILABLE,NOT_GOLDBET,c44bf20f1aec86080315ebe332ce521333af0e60ec9c7393b51380c5b95cb065
df0fff886563b68c63f4835f,Primeira Liga,2023/2024,DEVELOPMENT,2024-03-08,20:45,MATCH_KICKOFF_TIME_TIMEZONE_NOT_STATED_BY_SOURCE,,NOT_VERIFIED_DO_NOT_INFER,Estrela,Casa Pia,3,1,H,EVALUATION_ONLY_JOIN_AFTER_PREMATCH_FEATURE_FREEZE,2.43,2.97,3.27,EXTERNAL_HISTORICAL_MARKET_BENCHMARK,NOT_AVAILABLE,NOT_GOLDBET,56ef2ea76495f5b8c5e4a59e5ebda4b5d0d0cab8862e18b80192ebd8f139951d
316f0458428c56d9a9e588cd,Primeira Liga,2023/2024,DEVELOPMENT,2024-03-09,15:30,MATCH_KICKOFF_TIME_TIMEZONE_NOT_STATED_BY_SOURCE,,NOT_VERIFIED_DO_NOT_INFER,Vizela,Farense,2,1,H,EVALUATION_ONLY_JOIN_AFTER_PREMATCH_FEATURE_FREEZE,2.22,3.32,3.32,EXTERNAL_HISTORICAL_MARKET_BENCHMARK,NOT_AVAILABLE,NOT_GOLDBET,59928a58235e919356d7c3b9afa1d7711d03e9756acc9b8c2750d077fb58e58b
f72729fa2c5eb35439ec4f11,Primeira Liga,2023/2024,DEVELOPMENT,2024-03-09,18:00,MATCH_KICKOFF_TIME_TIMEZONE_NOT_STATED_BY_SOURCE,,NOT_VERIFIED_DO_NOT_INFER,Boavista,Moreirense,1,0,H,EVALUATION_ONLY_JOIN_AFTER_PREMATCH_FEATURE_FREEZE,3.27,3,2.4,EXTERNAL_HISTORICAL_MARKET_BENCHMARK,NOT_AVAILABLE,NOT_GOLDBET,959983cfce338391addc13c12ae46ab2cfee59729431de08a076e9281c5d34f3
73257e889cb959c94b971c6c,Primeira Liga,2023/2024,DEVELOPMENT,2024-03-09,18:00,MATCH_KICKOFF_TIME_TIMEZONE_NOT_STATED_BY_SOURCE,,NOT_VERIFIED_DO_NOT_INFER,Rio Ave,Sp Braga,0,0,D,EVALUATION_ONLY_JOIN_AFTER_PREMATCH_FEATURE_FREEZE,4.48,3.83,1.76,EXTERNAL_HISTORICAL_MARKET_BENCHMARK,NOT_AVAILABLE,NOT_GOLDBET,222ec590be989311f0720c0474b5694e633a2971b1c56365fae7be31df5c2975
9f3485fd575162df2f190263,Primeira Liga,2023/2024,DEVELOPMENT,2024-03-09,20:30,MATCH_KICKOFF_TIME_TIMEZONE_NOT_STATED_BY_SOURCE,,NOT_VERIFIED_DO_NOT_INFER,Guimaraes,Famalicao,1,0,H,EVALUATION_ONLY_JOIN_AFTER_PREMATCH_FEATURE_FREEZE,2,3.41,3.82,EXTERNAL_HISTORICAL_MARKET_BENCHMARK,NOT_AVAILABLE,NOT_GOLDBET,2a017164ab2ae55a9e96d7d2816b4ae12f7d75ad159b2ca7dab704844c38a1e8
56bf16ab78225c70887b0568,Primeira Liga,2023/2024,DEVELOPMENT,2024-03-10,18:00,MATCH_KICKOFF_TIME_TIMEZONE_NOT_STATED_BY_SOURCE,,NOT_VERIFIED_DO_NOT_INFER,Arouca,Sp Lisbon,0,3,A,EVALUATION_ONLY_JOIN_AFTER_PREMATCH_FEATURE_FREEZE,7.84,4.95,1.38,EXTERNAL_HISTORICAL_MARKET_BENCHMARK,NOT_AVAILABLE,NOT_GOLDBET,7a7a8efd73433a46e44d340d8e795488334f1bf586ee10b4fecdee4538df4ddd
a167677244331021b4322de5,Primeira Liga,2023/2024,DEVELOPMENT,2024-03-10,20:30,MATCH_KICKOFF_TIME_TIMEZONE_NOT_STATED_BY_SOURCE,,NOT_VERIFIED_DO_NOT_INFER,Benfica,Estoril,3,1,H,EVALUATION_ONLY_JOIN_AFTER_PREMATCH_FEATURE_FREEZE,1.27,6.16,9.68,EXTERNAL_HISTORICAL_MARKET_BENCHMARK,NOT_AVAILABLE,NOT_GOLDBET,73f834ae50be74c300aa8b23a5c63766a068b83be6b8d675cc35454340cb3f14
3a16f8af1f11a22f8dbb7323,Primeira Liga,2023/2024,DEVELOPMENT,2024-03-11,20:15,MATCH_KICKOFF_TIME_TIMEZONE_NOT_STATED_BY_SOURCE,,NOT_VERIFIED_DO_NOT_INFER,Gil Vicente,Chaves,0,0,D,EVALUATION_ONLY_JOIN_AFTER_PREMATCH_FEATURE_FREEZE,1.97,3.3,4.16,EXTERNAL_HISTORICAL_MARKET_BENCHMARK,NOT_AVAILABLE,NOT_GOLDBET,1dc4bf5f7311563e5c832894a3631e4baa25f11906a7e35ce86a3fa5fefda643
7ac528abbead00999e4d3718,Primeira Liga,2023/2024,DEVELOPMENT,2024-03-15,20:15,MATCH_KICKOFF_TIME_TIMEZONE_NOT_STATED_BY_SOURCE,,NOT_VERIFIED_DO_NOT_INFER,Estoril,Portimonense,1,0,H,EVALUATION_ONLY_JOIN_AFTER_PREMATCH_FEATURE_FREEZE,1.66,3.95,5.1,EXTERNAL_HISTORICAL_MARKET_BENCHMARK,NOT_AVAILABLE,NOT_GOLDBET,bf0ab767f5b4f232ba6ad9a564873a151b1be5d0992a398d89ab9e6305c293d8
cbe57c75f460bdf2280308f4,Primeira Liga,2023/2024,DEVELOPMENT,2024-03-16,15:30,MATCH_KICKOFF_TIME_TIMEZONE_NOT_STATED_BY_SOURCE,,NOT_VERIFIED_DO_NOT_INFER,Famalicao,Estrela,0,0,D,EVALUATION_ONLY_JOIN_AFTER_PREMATCH_FEATURE_FREEZE,2,3.23,4.09,EXTERNAL_HISTORICAL_MARKET_BENCHMARK,NOT_AVAILABLE,NOT_GOLDBET,733f5b4e07d37cafb02c074c83cf9c87e1173f2ca20c01d5e588a0aa31a74684
768821ff60567df6d0f43872,Primeira Liga,2023/2024,DEVELOPMENT,2024-03-16,18:00,MATCH_KICKOFF_TIME_TIMEZONE_NOT_STATED_BY_SOURCE,,NOT_VERIFIED_DO_NOT_INFER,Farense,Rio Ave,1,1,D,EVALUATION_ONLY_JOIN_AFTER_PREMATCH_FEATURE_FREEZE,2.69,3.04,2.84,EXTERNAL_HISTORICAL_MARKET_BENCHMARK,NOT_AVAILABLE,NOT_GOLDBET,22d826bb9f7cf2191cbbeb69729385adad284ed13872e8b37ff395e0b9439d05
b0b7216ef6752aa6e6f6d800,Primeira Liga,2023/2024,DEVELOPMENT,2024-03-16,18:00,MATCH_KICKOFF_TIME_TIMEZONE_NOT_STATED_BY_SOURCE,,NOT_VERIFIED_DO_NOT_INFER,Sp Braga,Gil Vicente,2,1,H,EVALUATION_ONLY_JOIN_AFTER_PREMATCH_FEATURE_FREEZE,1.41,4.86,7.23,EXTERNAL_HISTORICAL_MARKET_BENCHMARK,NOT_AVAILABLE,NOT_GOLDBET,ef0ad369ba16c911711beaccf80534366be15b8beea68d7f73ea8b91539a0afe
9dd733f8a3702e37e8bcbb80,Primeira Liga,2023/2024,DEVELOPMENT,2024-03-16,20:30,MATCH_KICKOFF_TIME_TIMEZONE_NOT_STATED_BY_SOURCE,,NOT_VERIFIED_DO_NOT_INFER,Porto,Vizela,4,1,H,EVALUATION_ONLY_JOIN_AFTER_PREMATCH_FEATURE_FREEZE,1.13,8.71,18.96,EXTERNAL_HISTORICAL_MARKET_BENCHMARK,NOT_AVAILABLE,NOT_GOLDBET,c2b56c6ed4193b627bae15a1d46178b5bfacfe912d8f95dd8d4fe1e6998c135f
eb5334b4e8f0e10d8cdef77c,Primeira Liga,2023/2024,DEVELOPMENT,2024-03-17,15:30,MATCH_KICKOFF_TIME_TIMEZONE_NOT_STATED_BY_SOURCE,,NOT_VERIFIED_DO_NOT_INFER,Chaves,Guimaraes,1,2,A,EVALUATION_ONLY_JOIN_AFTER_PREMATCH_FEATURE_FREEZE,3.99,3.37,1.97,EXTERNAL_HISTORICAL_MARKET_BENCHMARK,NOT_AVAILABLE,NOT_GOLDBET,a29d61a4b7f155cf7a7c1209cd332f7c7769da8977a2e77bd08b7b929c81d22c
da720c192b3dc8960b8239dd,Primeira Liga,2023/2024,DEVELOPMENT,2024-03-17,15:30,MATCH_KICKOFF_TIME_TIMEZONE_NOT_STATED_BY_SOURCE,,NOT_VERIFIED_DO_NOT_INFER,Moreirense,Arouca,1,0,H,EVALUATION_ONLY_JOIN_AFTER_PREMATCH_FEATURE_FREEZE,2.17,3.23,3.48,EXTERNAL_HISTORICAL_MARKET_BENCHMARK,NOT_AVAILABLE,NOT_GOLDBET,57cbab313d03c5158f5c65ced9fb76d4c1d22ccdc12fa46175ee816413fd7937
67c2fd4623a578d9a3924f81,Primeira Liga,2023/2024,DEVELOPMENT,2024-03-17,18:00,MATCH_KICKOFF_TIME_TIMEZONE_NOT_STATED_BY_SOURCE,,NOT_VERIFIED_DO_NOT_INFER,Casa Pia,Benfica,0,1,A,EVALUATION_ONLY_JOIN_AFTER_PREMATCH_FEATURE_FREEZE,11.11,5.36,1.28,EXTERNAL_HISTORICAL_MARKET_BENCHMARK,NOT_AVAILABLE,NOT_GOLDBET,b0c94f470e3eb247ad9db0b2f3d46e25d6e3e938cb04ff3b45c9cdaee4fa6dde
d36abbcb290e9ce88827d291,Primeira Liga,2023/2024,DEVELOPMENT,2024-03-17,20:30,MATCH_KICKOFF_TIME_TIMEZONE_NOT_STATED_BY_SOURCE,,NOT_VERIFIED_DO_NOT_INFER,Sp Lisbon,Boavista,6,1,H,EVALUATION_ONLY_JOIN_AFTER_PREMATCH_FEATURE_FREEZE,1.14,8.19,19.38,EXTERNAL_HISTORICAL_MARKET_BENCHMARK,NOT_AVAILABLE,NOT_GOLDBET,ed5bc658e56c45d1294c066e41720fec268a75948b67289eea9feb6ac77a91f3
f711198846e03244501ac5c0,Primeira Liga,2023/2024,DEVELOPMENT,2024-03-29,15:30,MATCH_KICKOFF_TIME_TIMEZONE_NOT_STATED_BY_SOURCE,,NOT_VERIFIED_DO_NOT_INFER,Gil Vicente,Famalicao,1,2,A,EVALUATION_ONLY_JOIN_AFTER_PREMATCH_FEATURE_FREEZE,2.48,3.08,3.09,EXTERNAL_HISTORICAL_MARKET_BENCHMARK,NOT_AVAILABLE,NOT_GOLDBET,4579f9aa3e795fd94cd2f2bb652076c8e9e4a9175585340b65371690792d741f
392a5242cd02a13c484eb5f6,Primeira Liga,2023/2024,DEVELOPMENT,2024-03-29,18:00,MATCH_KICKOFF_TIME_TIMEZONE_NOT_STATED_BY_SOURCE,,NOT_VERIFIED_DO_NOT_INFER,Benfica,Chaves,1,0,H,EVALUATION_ONLY_JOIN_AFTER_PREMATCH_FEATURE_FREEZE,1.1,10.11,22.8,EXTERNAL_HISTORICAL_MARKET_BENCHMARK,NOT_AVAILABLE,NOT_GOLDBET,485486dd0b27d74d7ee197e85be208a2f444cfce655a6dcf10b3850e5f24760c
34c53c27fbbdfa8940174521,Primeira Liga,2023/2024,DEVELOPMENT,2024-03-29,20:30,MATCH_KICKOFF_TIME_TIMEZONE_NOT_STATED_BY_SOURCE,,NOT_VERIFIED_DO_NOT_INFER,Estrela,Sp Lisbon,1,2,A,EVALUATION_ONLY_JOIN_AFTER_PREMATCH_FEATURE_FREEZE,12.18,6.29,1.23,EXTERNAL_HISTORICAL_MARKET_BENCHMARK,NOT_AVAILABLE,NOT_GOLDBET,dea77ba135a5138fe3b036c98c8331787192bf195018cca0e9da5ca1a5c8e971
7f7e86d5c7a69fee997580ac,Primeira Liga,2023/2024,DEVELOPMENT,2024-03-30,15:30,MATCH_KICKOFF_TIME_TIMEZONE_NOT_STATED_BY_SOURCE,,NOT_VERIFIED_DO_NOT_INFER,Arouca,Farense,2,1,H,EVALUATION_ONLY_JOIN_AFTER_PREMATCH_FEATURE_FREEZE,1.74,3.8,4.62,EXTERNAL_HISTORICAL_MARKET_BENCHMARK,NOT_AVAILABLE,NOT_GOLDBET,9b520a983bc44bb72281608c693b0248343313db119d7bc06556a080a97df8f2
c3b720f6ac66c25c2159a3d4,Primeira Liga,2023/2024,DEVELOPMENT,2024-03-30,15:30,MATCH_KICKOFF_TIME_TIMEZONE_NOT_STATED_BY_SOURCE,,NOT_VERIFIED_DO_NOT_INFER,Guimaraes,Moreirense,1,0,H,EVALUATION_ONLY_JOIN_AFTER_PREMATCH_FEATURE_FREEZE,1.94,3.35,4.14,EXTERNAL_HISTORICAL_MARKET_BENCHMARK,NOT_AVAILABLE,NOT_GOLDBET,2ca35de95b7a84414dd6666ffda4c0b61785522e7511b1c7e9a03f08625ecd50
e6d0cc1e17d8633ed0271256,Primeira Liga,2023/2024,DEVELOPMENT,2024-03-30,18:00,MATCH_KICKOFF_TIME_TIMEZONE_NOT_STATED_BY_SOURCE,,NOT_VERIFIED_DO_NOT_INFER,Boavista,Rio Ave,0,0,D,EVALUATION_ONLY_JOIN_AFTER_PREMATCH_FEATURE_FREEZE,3,3.06,2.54,EXTERNAL_HISTORICAL_MARKET_BENCHMARK,NOT_AVAILABLE,NOT_GOLDBET,654339becef2691f677048583e8b0b5d2ef0eeaabd59eb6ed2d3fbbbd8f88624
0cac5e10edb9aead5508f2a3,Primeira Liga,2023/2024,DEVELOPMENT,2024-03-30,20:30,MATCH_KICKOFF_TIME_TIMEZONE_NOT_STATED_BY_SOURCE,,NOT_VERIFIED_DO_NOT_INFER,Estoril,Porto,1,0,H,EVALUATION_ONLY_JOIN_AFTER_PREMATCH_FEATURE_FREEZE,9.85,5.43,1.3,EXTERNAL_HISTORICAL_MARKET_BENCHMARK,NOT_AVAILABLE,NOT_GOLDBET,e689b9fd781d7c317a9130575c4d6efb88fef1871616dd4f76fc775dfc348235
a6605ebfa0d201f8076fc920,Primeira Liga,2023/2024,DEVELOPMENT,2024-03-31,18:00,MATCH_KICKOFF_TIME_TIMEZONE_NOT_STATED_BY_SOURCE,,NOT_VERIFIED_DO_NOT_INFER,Vizela,Casa Pia,0,4,A,EVALUATION_ONLY_JOIN_AFTER_PREMATCH_FEATURE_FREEZE,2.12,3.24,3.63,EXTERNAL_HISTORICAL_MARKET_BENCHMARK,NOT_AVAILABLE,NOT_GOLDBET,a5d3bbe86664d2002859d10329970e322c8bc2e3dc133c3021be12aa8a94e822
02161110630c2069961369ab,Primeira Liga,2023/2024,DEVELOPMENT,2024-04-01,20:15,MATCH_KICKOFF_TIME_TIMEZONE_NOT_STATED_BY_SOURCE,,NOT_VERIFIED_DO_NOT_INFER,Portimonense,Sp Braga,3,5,A,EVALUATION_ONLY_JOIN_AFTER_PREMATCH_FEATURE_FREEZE,7.47,4.79,1.41,EXTERNAL_HISTORICAL_MARKET_BENCHMARK,NOT_AVAILABLE,NOT_GOLDBET,9cc2857bce0ab851e20c7850ebbd916117e85a51da39ed612aba6783105816d8
5d80c2a1858e2282a69cc2af,Primeira Liga,2023/2024,DEVELOPMENT,2024-04-05,20:15,MATCH_KICKOFF_TIME_TIMEZONE_NOT_STATED_BY_SOURCE,,NOT_VERIFIED_DO_NOT_INFER,Farense,Boavista,2,0,H,EVALUATION_ONLY_JOIN_AFTER_PREMATCH_FEATURE_FREEZE,2.12,3.25,3.67,EXTERNAL_HISTORICAL_MARKET_BENCHMARK,NOT_AVAILABLE,NOT_GOLDBET,e4b376ffc27f1d5809dde4cfafeb2f24d15011991a24f1a1581096ff5930536f
fbacd6c968f54df81eb5005e,Primeira Liga,2023/2024,DEVELOPMENT,2024-04-06,15:30,MATCH_KICKOFF_TIME_TIMEZONE_NOT_STATED_BY_SOURCE,,NOT_VERIFIED_DO_NOT_INFER,Famalicao,Vizela,3,2,H,EVALUATION_ONLY_JOIN_AFTER_PREMATCH_FEATURE_FREEZE,1.81,3.56,4.54,EXTERNAL_HISTORICAL_MARKET_BENCHMARK,NOT_AVAILABLE,NOT_GOLDBET,72db0a1a8ab723266165c7ebf42e0d0a68cda7e5f6f98112de67bfae1e296264
b0b40767861419a8852cd809,Primeira Liga,2023/2024,DEVELOPMENT,2024-04-06,15:30,MATCH_KICKOFF_TIME_TIMEZONE_NOT_STATED_BY_SOURCE,,NOT_VERIFIED_DO_NOT_INFER,Rio Ave,Gil Vicente,3,0,H,EVALUATION_ONLY_JOIN_AFTER_PREMATCH_FEATURE_FREEZE,2.47,3.02,3.15,EXTERNAL_HISTORICAL_MARKET_BENCHMARK,NOT_AVAILABLE,NOT_GOLDBET,ce22453268d414a686e8294b3a0f8b0f8edf2350ace07a5f4b7b2d1794a2abf6
06a5e111ec152a4d86072ddc,Primeira Liga,2023/2024,DEVELOPMENT,2024-04-06,18:00,MATCH_KICKOFF_TIME_TIMEZONE_NOT_STATED_BY_SOURCE,,NOT_VERIFIED_DO_NOT_INFER,Sp Braga,Arouca,0,3,A,EVALUATION_ONLY_JOIN_AFTER_PREMATCH_FEATURE_FREEZE,1.41,5.03,6.79,EXTERNAL_HISTORICAL_MARKET_BENCHMARK,NOT_AVAILABLE,NOT_GOLDBET,81a5f4c8229d04b52e1e452ebf376d8d5259b17bbab4663b757bd5fa3bec3b6d
3a664edbf06718d4b520cd85,Primeira Liga,2023/2024,DEVELOPMENT,2024-04-06,20:30,MATCH_KICKOFF_TIME_TIMEZONE_NOT_STATED_BY_SOURCE,,NOT_VERIFIED_DO_NOT_INFER,Sp Lisbon,Benfica,2,1,H,EVALUATION_ONLY_JOIN_AFTER_PREMATCH_FEATURE_FREEZE,2.07,3.53,3.5,EXTERNAL_HISTORICAL_MARKET_BENCHMARK,NOT_AVAILABLE,NOT_GOLDBET,7d398e955190f1d296e35c4a1c3c05a4b7d6f3010ea086d9ca828f72901bb68e
45a800413445ccc50cc3a1ee,Primeira Liga,2023/2024,DEVELOPMENT,2024-04-07,15:30,MATCH_KICKOFF_TIME_TIMEZONE_NOT_STATED_BY_SOURCE,,NOT_VERIFIED_DO_NOT_INFER,Chaves,Portimonense,2,3,A,EVALUATION_ONLY_JOIN_AFTER_PREMATCH_FEATURE_FREEZE,2.19,3.31,3.42,EXTERNAL_HISTORICAL_MARKET_BENCHMARK,NOT_AVAILABLE,NOT_GOLDBET,e2e5f0f6f6df023edfbab223c2b1b62f3fe9cdeee11901e4ea20657575aadb47
ee2a7b02cea002db22956a50,Primeira Liga,2023/2024,DEVELOPMENT,2024-04-07,18:00,MATCH_KICKOFF_TIME_TIMEZONE_NOT_STATED_BY_SOURCE,,NOT_VERIFIED_DO_NOT_INFER,Moreirense,Estrela,2,2,D,EVALUATION_ONLY_JOIN_AFTER_PREMATCH_FEATURE_FREEZE,2.17,3.2,3.5,EXTERNAL_HISTORICAL_MARKET_BENCHMARK,NOT_AVAILABLE,NOT_GOLDBET,f9779465caaa4bc73b226c753f4e58517891e8c486f3d59ea189b8a2b0962788
845ed9dc6b4871e240972613,Primeira Liga,2023/2024,DEVELOPMENT,2024-04-07,20:30,MATCH_KICKOFF_TIME_TIMEZONE_NOT_STATED_BY_SOURCE,,NOT_VERIFIED_DO_NOT_INFER,Porto,Guimaraes,1,2,A,EVALUATION_ONLY_JOIN_AFTER_PREMATCH_FEATURE_FREEZE,1.35,5.09,8.6,EXTERNAL_HISTORICAL_MARKET_BENCHMARK,NOT_AVAILABLE,NOT_GOLDBET,65547a6eadcfde0a0bd627aad22310cc2f015418c1aefc834ff95954bf70d32e
80ecf5518e702e3771b2f9cc,Primeira Liga,2023/2024,DEVELOPMENT,2024-04-08,20:15,MATCH_KICKOFF_TIME_TIMEZONE_NOT_STATED_BY_SOURCE,,NOT_VERIFIED_DO_NOT_INFER,Casa Pia,Estoril,0,0,D,EVALUATION_ONLY_JOIN_AFTER_PREMATCH_FEATURE_FREEZE,3.04,2.94,2.61,EXTERNAL_HISTORICAL_MARKET_BENCHMARK,NOT_AVAILABLE,NOT_GOLDBET,5fe7fcdab6d1cd66b6fc7667262f5fb1b3dbfa0a88daa384274f6c154687d6ad
a99c67ad46b68e704a8b7f12,Primeira Liga,2023/2024,DEVELOPMENT,2024-04-12,20:15,MATCH_KICKOFF_TIME_TIMEZONE_NOT_STATED_BY_SOURCE,,NOT_VERIFIED_DO_NOT_INFER,Gil Vicente,Sp Lisbon,0,4,A,EVALUATION_ONLY_JOIN_AFTER_PREMATCH_FEATURE_FREEZE,10.45,5.65,1.27,EXTERNAL_HISTORICAL_MARKET_BENCHMARK,NOT_AVAILABLE,NOT_GOLDBET,320db5086f026233682e453dec7138801b631bd1e5f8298b8faba746b6c9574c
42d666f540b78732d64a5de9,Primeira Liga,2023/2024,DEVELOPMENT,2024-04-13,15:30,MATCH_KICKOFF_TIME_TIMEZONE_NOT_STATED_BY_SOURCE,,NOT_VERIFIED_DO_NOT_INFER,Guimaraes,Farense,1,1,D,EVALUATION_ONLY_JOIN_AFTER_PREMATCH_FEATURE_FREEZE,1.56,4.14,5.8,EXTERNAL_HISTORICAL_MARKET_BENCHMARK,NOT_AVAILABLE,NOT_GOLDBET,325b8e442e9dd60d21fdadd0c2000adb00578c639865bc69b365067855dcb7ec
a6f88d1ef3ec313b15817794,Primeira Liga,2023/2024,DEVELOPMENT,2024-04-13,18:00,MATCH_KICKOFF_TIME_TIMEZONE_NOT_STATED_BY_SOURCE,,NOT_VERIFIED_DO_NOT_INFER,Porto,Famalicao,2,2,D,EVALUATION_ONLY_JOIN_AFTER_PREMATCH_FEATURE_FREEZE,1.25,5.97,11.77,EXTERNAL_HISTORICAL_MARKET_BENCHMARK,NOT_AVAILABLE,NOT_GOLDBET,cf8d31d87dd6c47b18a7ccb938665d08a375da3e5be6a1caeca9724483a87634
eea7d9f4b80a0a39f508cb32,Primeira Liga,2023/2024,DEVELOPMENT,2024-04-13,20:30,MATCH_KICKOFF_TIME_TIMEZONE_NOT_STATED_BY_SOURCE,,NOT_VERIFIED_DO_NOT_INFER,Estoril,Sp Braga,0,1,A,EVALUATION_ONLY_JOIN_AFTER_PREMATCH_FEATURE_FREEZE,4.72,4.04,1.68,EXTERNAL_HISTORICAL_MARKET_BENCHMARK,NOT_AVAILABLE,NOT_GOLDBET,6f915cbf56fbaa7faa993cad3f9df5448636718f1718a6e29465025ce5b8259e
631895c5d8fa314e876a4f62,Primeira Liga,2023/2024,DEVELOPMENT,2024-04-14,15:30,MATCH_KICKOFF_TIME_TIMEZONE_NOT_STATED_BY_SOURCE,,NOT_VERIFIED_DO_NOT_INFER,Estrela,Rio Ave,2,2,D,EVALUATION_ONLY_JOIN_AFTER_PREMATCH_FEATURE_FREEZE,2.69,3.05,2.83,EXTERNAL_HISTORICAL_MARKET_BENCHMARK,NOT_AVAILABLE,NOT_GOLDBET,62db6807fb38994f7db8dc1d0c7a3e66b71a16dab825d37f9c811b5f555e0d3a
d729e4920618176d41ccf23e,Primeira Liga,2023/2024,DEVELOPMENT,2024-04-14,18:00,MATCH_KICKOFF_TIME_TIMEZONE_NOT_STATED_BY_SOURCE,,NOT_VERIFIED_DO_NOT_INFER,Arouca,Boavista,2,1,H,EVALUATION_ONLY_JOIN_AFTER_PREMATCH_FEATURE_FREEZE,1.69,3.87,4.92,EXTERNAL_HISTORICAL_MARKET_BENCHMARK,NOT_AVAILABLE,NOT_GOLDBET,59b400d577d97c5b7549b81ad02b83384e7d6d4dc36e8ff59e5470960839ca80
7f8b4bee1eaa6ae2753d0943,Primeira Liga,2023/2024,DEVELOPMENT,2024-04-14,18:00,MATCH_KICKOFF_TIME_TIMEZONE_NOT_STATED_BY_SOURCE,,NOT_VERIFIED_DO_NOT_INFER,Portimonense,Casa Pia,2,2,D,EVALUATION_ONLY_JOIN_AFTER_PREMATCH_FEATURE_FREEZE,2.53,3.17,2.93,EXTERNAL_HISTORICAL_MARKET_BENCHMARK,NOT_AVAILABLE,NOT_GOLDBET,7e0a545bd7beab53399e7822c0aef1ca89a02da242cd33086f567aed35d307c9
ecfb256510bbef6e31861dcb,Primeira Liga,2023/2024,DEVELOPMENT,2024-04-14,20:30,MATCH_KICKOFF_TIME_TIMEZONE_NOT_STATED_BY_SOURCE,,NOT_VERIFIED_DO_NOT_INFER,Benfica,Moreirense,3,0,H,EVALUATION_ONLY_JOIN_AFTER_PREMATCH_FEATURE_FREEZE,1.33,5.31,8.84,EXTERNAL_HISTORICAL_MARKET_BENCHMARK,NOT_AVAILABLE,NOT_GOLDBET,0ceac241ca7bd93e137c3670ee8223375eebdb5220c0320871935a1c9e5c9bbf
4071d871ddfc4021c8967471,Primeira Liga,2023/2024,DEVELOPMENT,2024-04-15,20:15,MATCH_KICKOFF_TIME_TIMEZONE_NOT_STATED_BY_SOURCE,,NOT_VERIFIED_DO_NOT_INFER,Vizela,Chaves,0,1,A,EVALUATION_ONLY_JOIN_AFTER_PREMATCH_FEATURE_FREEZE,2.07,3.4,3.6,EXTERNAL_HISTORICAL_MARKET_BENCHMARK,NOT_AVAILABLE,NOT_GOLDBET,aa5641059033391b1668d7b56a3a9e42c537956ca85d150e34b50b413854d67e
3ae67de29fd805f9b828694e,Primeira Liga,2023/2024,DEVELOPMENT,2024-04-16,20:15,MATCH_KICKOFF_TIME_TIMEZONE_NOT_STATED_BY_SOURCE,,NOT_VERIFIED_DO_NOT_INFER,Famalicao,Sp Lisbon,0,1,A,EVALUATION_ONLY_JOIN_AFTER_PREMATCH_FEATURE_FREEZE,9.14,5.68,1.3,EXTERNAL_HISTORICAL_MARKET_BENCHMARK,NOT_AVAILABLE,NOT_GOLDBET,c910d1790b41b436fc27c8c96d17a24fca6d9163eb409542c1d59b5b5437e688
3a0ab4ec37186960b2cad13e,Primeira Liga,2023/2024,DEVELOPMENT,2024-04-19,20:15,MATCH_KICKOFF_TIME_TIMEZONE_NOT_STATED_BY_SOURCE,,NOT_VERIFIED_DO_NOT_INFER,Rio Ave,Arouca,1,1,D,EVALUATION_ONLY_JOIN_AFTER_PREMATCH_FEATURE_FREEZE,2.54,3.21,2.86,EXTERNAL_HISTORICAL_MARKET_BENCHMARK,NOT_AVAILABLE,NOT_GOLDBET,adcdae777b071322a5a2c9a889c214f007aad9a6c664b262aa7ff5f7040d6df0
fca381992fecc67eab97b473,Primeira Liga,2023/2024,DEVELOPMENT,2024-04-20,15:30,MATCH_KICKOFF_TIME_TIMEZONE_NOT_STATED_BY_SOURCE,,NOT_VERIFIED_DO_NOT_INFER,Moreirense,Gil Vicente,0,1,A,EVALUATION_ONLY_JOIN_AFTER_PREMATCH_FEATURE_FREEZE,2.47,3.12,3.03,EXTERNAL_HISTORICAL_MARKET_BENCHMARK,NOT_AVAILABLE,NOT_GOLDBET,fb57e3d26e4e6e59ab135d2aabbb5f85586b4bafc4c69e7fa23d769d39fc50e4
53200387679d612665761db6,Primeira Liga,2023/2024,DEVELOPMENT,2024-04-20,18:00,MATCH_KICKOFF_TIME_TIMEZONE_NOT_STATED_BY_SOURCE,,NOT_VERIFIED_DO_NOT_INFER,Boavista,Estrela,1,1,D,EVALUATION_ONLY_JOIN_AFTER_PREMATCH_FEATURE_FREEZE,2.85,3.03,2.67,EXTERNAL_HISTORICAL_MARKET_BENCHMARK,NOT_AVAILABLE,NOT_GOLDBET,6afccba2048492a28a14a5210878f519b97318c52b024dfb644ebf5b33e84130
2eae67dc504824821a60d19a,Primeira Liga,2023/2024,DEVELOPMENT,2024-04-20,20:30,MATCH_KICKOFF_TIME_TIMEZONE_NOT_STATED_BY_SOURCE,,NOT_VERIFIED_DO_NOT_INFER,Sp Braga,Vizela,2,1,H,EVALUATION_ONLY_JOIN_AFTER_PREMATCH_FEATURE_FREEZE,1.23,6.6,10.6,EXTERNAL_HISTORICAL_MARKET_BENCHMARK,NOT_AVAILABLE,NOT_GOLDBET,f8e0988fb978ca65fc2f6dfd51d0ecd6eff320ad357e49c8e038cd996107719f
b3c00737eb27206c1f6d62ad,Primeira Liga,2023/2024,DEVELOPMENT,2024-04-21,15:30,MATCH_KICKOFF_TIME_TIMEZONE_NOT_STATED_BY_SOURCE,,NOT_VERIFIED_DO_NOT_INFER,Chaves,Estoril,2,2,D,EVALUATION_ONLY_JOIN_AFTER_PREMATCH_FEATURE_FREEZE,2.94,3.2,2.49,EXTERNAL_HISTORICAL_MARKET_BENCHMARK,NOT_AVAILABLE,NOT_GOLDBET,af44d7b4b019f45ed6cc588b448cf305adaa0c1a2891e8b436bf24ebab6cf679
15370fe08d039b3cda2b73b4,Primeira Liga,2023/2024,DEVELOPMENT,2024-04-21,15:30,MATCH_KICKOFF_TIME_TIMEZONE_NOT_STATED_BY_SOURCE,,NOT_VERIFIED_DO_NOT_INFER,Famalicao,Portimonense,2,2,D,EVALUATION_ONLY_JOIN_AFTER_PREMATCH_FEATURE_FREEZE,1.63,3.9,5.28,EXTERNAL_HISTORICAL_MARKET_BENCHMARK,NOT_AVAILABLE,NOT_GOLDBET,0c031dff882af0151a68dfbe7401969562f899a4fe886f568c05ff14696328f8
34463f7c88c3b011fb18630d,Primeira Liga,2023/2024,DEVELOPMENT,2024-04-21,18:00,MATCH_KICKOFF_TIME_TIMEZONE_NOT_STATED_BY_SOURCE,,NOT_VERIFIED_DO_NOT_INFER,Casa Pia,Porto,1,2,A,EVALUATION_ONLY_JOIN_AFTER_PREMATCH_FEATURE_FREEZE,9.12,5.23,1.33,EXTERNAL_HISTORICAL_MARKET_BENCHMARK,NOT_AVAILABLE,NOT_GOLDBET,64fe04b985b4eded13ff4e5253b17b6006c66b5222a9cad1085418467f95b3c9
6e02e9aa27d9a41787f0a547,Primeira Liga,2023/2024,DEVELOPMENT,2024-04-21,20:30,MATCH_KICKOFF_TIME_TIMEZONE_NOT_STATED_BY_SOURCE,,NOT_VERIFIED_DO_NOT_INFER,Sp Lisbon,Guimaraes,3,0,H,EVALUATION_ONLY_JOIN_AFTER_PREMATCH_FEATURE_FREEZE,1.2,6.99,13.77,EXTERNAL_HISTORICAL_MARKET_BENCHMARK,NOT_AVAILABLE,NOT_GOLDBET,f1f7c11badcf86419a6f657c3b2340181e412b7319f2340c991334226785468a
3d06c23d17630ed3c126498b,Primeira Liga,2023/2024,DEVELOPMENT,2024-04-22,20:15,MATCH_KICKOFF_TIME_TIMEZONE_NOT_STATED_BY_SOURCE,,NOT_VERIFIED_DO_NOT_INFER,Farense,Benfica,1,3,A,EVALUATION_ONLY_JOIN_AFTER_PREMATCH_FEATURE_FREEZE,8.55,5.63,1.32,EXTERNAL_HISTORICAL_MARKET_BENCHMARK,NOT_AVAILABLE,NOT_GOLDBET,302f659f875b9457ae35e5f0576d04d03bd07c8923e247ec9d00c46becbbba39
9e516d40cda7007835c76577,Primeira Liga,2023/2024,DEVELOPMENT,2024-04-26,20:15,MATCH_KICKOFF_TIME_TIMEZONE_NOT_STATED_BY_SOURCE,,NOT_VERIFIED_DO_NOT_INFER,Gil Vicente,Arouca,2,2,D,EVALUATION_ONLY_JOIN_AFTER_PREMATCH_FEATURE_FREEZE,2.45,3.5,2.78,EXTERNAL_HISTORICAL_MARKET_BENCHMARK,NOT_AVAILABLE,NOT_GOLDBET,f28e28d67aa47eecf024b809fb8015411dcc4809ccfc5d656cbd695c9cbcea53
022d92cb9da034376cc1956a,Primeira Liga,2023/2024,DEVELOPMENT,2024-04-27,15:30,MATCH_KICKOFF_TIME_TIMEZONE_NOT_STATED_BY_SOURCE,,NOT_VERIFIED_DO_NOT_INFER,Casa Pia,Chaves,3,1,H,EVALUATION_ONLY_JOIN_AFTER_PREMATCH_FEATURE_FREEZE,2.04,3.21,3.97,EXTERNAL_HISTORICAL_MARKET_BENCHMARK,NOT_AVAILABLE,NOT_GOLDBET,012d9fb7694337db85eb66fa0a90df354a0ead92ad86f7bc203edf8d1d43c6d4
206c836df45c8e9f98b724e6,Primeira Liga,2023/2024,DEVELOPMENT,2024-04-27,15:30,MATCH_KICKOFF_TIME_TIMEZONE_NOT_STATED_BY_SOURCE,,NOT_VERIFIED_DO_NOT_INFER,Vizela,Rio Ave,1,1,D,EVALUATION_ONLY_JOIN_AFTER_PREMATCH_FEATURE_FREEZE,2.77,3.27,2.58,EXTERNAL_HISTORICAL_MARKET_BENCHMARK,NOT_AVAILABLE,NOT_GOLDBET,6d836d126270874839acc5c371a61a2b2ffffc6c2c8da0ace51a5cf04f5739ed
b671ad260f6b6b6d5ee1c6b1,Primeira Liga,2023/2024,DEVELOPMENT,2024-04-27,18:00,MATCH_KICKOFF_TIME_TIMEZONE_NOT_STATED_BY_SOURCE,,NOT_VERIFIED_DO_NOT_INFER,Benfica,Sp Braga,3,1,H,EVALUATION_ONLY_JOIN_AFTER_PREMATCH_FEATURE_FREEZE,1.56,4.58,5.1,EXTERNAL_HISTORICAL_MARKET_BENCHMARK,NOT_AVAILABLE,NOT_GOLDBET,fab109b37b2b29cf692a22e2fa7f4845aea13661589e2e2f7a34d1f8006a4250
03c5dc8ff49b425f416d75a1,Primeira Liga,2023/2024,DEVELOPMENT,2024-04-27,20:30,MATCH_KICKOFF_TIME_TIMEZONE_NOT_STATED_BY_SOURCE,,NOT_VERIFIED_DO_NOT_INFER,Guimaraes,Boavista,1,0,H,EVALUATION_ONLY_JOIN_AFTER_PREMATCH_FEATURE_FREEZE,1.74,3.58,4.97,EXTERNAL_HISTORICAL_MARKET_BENCHMARK,NOT_AVAILABLE,NOT_GOLDBET,698cc977e1b577a6a0ceffff5eebaef8465e24888108f23998a0cf97cd2f3cdd
477eff02ca2dcbaaa913ecd8,Primeira Liga,2023/2024,DEVELOPMENT,2024-04-28,15:30,MATCH_KICKOFF_TIME_TIMEZONE_NOT_STATED_BY_SOURCE,,NOT_VERIFIED_DO_NOT_INFER,Portimonense,Moreirense,0,2,A,EVALUATION_ONLY_JOIN_AFTER_PREMATCH_FEATURE_FREEZE,2.62,3.23,2.75,EXTERNAL_HISTORICAL_MARKET_BENCHMARK,NOT_AVAILABLE,NOT_GOLDBET,fe1a137db03a0fd1b6e639550e237894bc9e9dfce1f8c7ecd553ffa13f369371
ac2632431c63e51a73a96294,Primeira Liga,2023/2024,DEVELOPMENT,2024-04-28,18:00,MATCH_KICKOFF_TIME_TIMEZONE_NOT_STATED_BY_SOURCE,,NOT_VERIFIED_DO_NOT_INFER,Estoril,Famalicao,1,0,H,EVALUATION_ONLY_JOIN_AFTER_PREMATCH_FEATURE_FREEZE,2.46,3.14,3.01,EXTERNAL_HISTORICAL_MARKET_BENCHMARK,NOT_AVAILABLE,NOT_GOLDBET,dc216c787b69cac4b13df7b9ae595dc8272e6152569cb7a2c38bfde43b9f855d
3df3d0457580250eed39124e,Primeira Liga,2023/2024,DEVELOPMENT,2024-04-28,20:30,MATCH_KICKOFF_TIME_TIMEZONE_NOT_STATED_BY_SOURCE,,NOT_VERIFIED_DO_NOT_INFER,Porto,Sp Lisbon,2,2,D,EVALUATION_ONLY_JOIN_AFTER_PREMATCH_FEATURE_FREEZE,2.38,3.41,2.93,EXTERNAL_HISTORICAL_MARKET_BENCHMARK,NOT_AVAILABLE,NOT_GOLDBET,041d86bac40f8a8bd4a69197fcae3ae4ca9ac18cd675e84f49493f5aae1fd7e2
7804f4c58b12f9c87e4b29ae,Primeira Liga,2023/2024,DEVELOPMENT,2024-04-29,20:15,MATCH_KICKOFF_TIME_TIMEZONE_NOT_STATED_BY_SOURCE,,NOT_VERIFIED_DO_NOT_INFER,Estrela,Farense,0,3,A,EVALUATION_ONLY_JOIN_AFTER_PREMATCH_FEATURE_FREEZE,1.86,3.5,4.33,EXTERNAL_HISTORICAL_MARKET_BENCHMARK,NOT_AVAILABLE,NOT_GOLDBET,8f2ed7efd6e730643ad447b22b91551bd0ad6abb925832bca6937d63ba58bd33
cb8966af77470ae6c7f4da58,Primeira Liga,2023/2024,DEVELOPMENT,2024-05-03,20:15,MATCH_KICKOFF_TIME_TIMEZONE_NOT_STATED_BY_SOURCE,,NOT_VERIFIED_DO_NOT_INFER,Moreirense,Vizela,1,0,H,EVALUATION_ONLY_JOIN_AFTER_PREMATCH_FEATURE_FREEZE,2.23,3.35,3.19,EXTERNAL_HISTORICAL_MARKET_BENCHMARK,NOT_AVAILABLE,NOT_GOLDBET,4b74e693ab8b2b08557d3f022d7a37ff37537f5d42b7e4918559ebfd2491bf5f
b9634258bf4aec18a4bfcb74,Primeira Liga,2023/2024,DEVELOPMENT,2024-05-04,15:30,MATCH_KICKOFF_TIME_TIMEZONE_NOT_STATED_BY_SOURCE,,NOT_VERIFIED_DO_NOT_INFER,Boavista,Gil Vicente,1,1,D,EVALUATION_ONLY_JOIN_AFTER_PREMATCH_FEATURE_FREEZE,2.66,3.07,2.79,EXTERNAL_HISTORICAL_MARKET_BENCHMARK,NOT_AVAILABLE,NOT_GOLDBET,9f3d0a7676de99e4f2ab782b956e484960b4b36751935b83e55a76acbde31f1d
08302c067f28e23c5fbe22ff,Primeira Liga,2023/2024,DEVELOPMENT,2024-05-04,15:30,MATCH_KICKOFF_TIME_TIMEZONE_NOT_STATED_BY_SOURCE,,NOT_VERIFIED_DO_NOT_INFER,Rio Ave,Guimaraes,2,1,H,EVALUATION_ONLY_JOIN_AFTER_PREMATCH_FEATURE_FREEZE,3.4,3.21,2.23,EXTERNAL_HISTORICAL_MARKET_BENCHMARK,NOT_AVAILABLE,NOT_GOLDBET,4e0a9f911453bfbf0016eb421a3b5c6b9aeae9f9e8c69d5553ec6374ec068670
952186999ff71575acd571fc,Primeira Liga,2023/2024,DEVELOPMENT,2024-05-04,18:00,MATCH_KICKOFF_TIME_TIMEZONE_NOT_STATED_BY_SOURCE,,NOT_VERIFIED_DO_NOT_INFER,Sp Lisbon,Portimonense,3,0,H,EVALUATION_ONLY_JOIN_AFTER_PREMATCH_FEATURE_FREEZE,1.07,13.15,25.1,EXTERNAL_HISTORICAL_MARKET_BENCHMARK,NOT_AVAILABLE,NOT_GOLDBET,f3bb416d2c2ee328e9a5b3e6dffc7c9b0344a7a20d398e7c44d917ca3520a053
edd8d516f87ca25961312a8f,Primeira Liga,2023/2024,DEVELOPMENT,2024-05-04,20:30,MATCH_KICKOFF_TIME_TIMEZONE_NOT_STATED_BY_SOURCE,,NOT_VERIFIED_DO_NOT_INFER,Chaves,Porto,0,3,A,EVALUATION_ONLY_JOIN_AFTER_PREMATCH_FEATURE_FREEZE,10.53,5.97,1.25,EXTERNAL_HISTORICAL_MARKET_BENCHMARK,NOT_AVAILABLE,NOT_GOLDBET,07d99b77235669c3fb69f2623470212cb5ddc324e85eda4ef8904c5d3a3723f6
11aef808c9c46c7750c1bfa5,Primeira Liga,2023/2024,DEVELOPMENT,2024-05-05,15:30,MATCH_KICKOFF_TIME_TIMEZONE_NOT_STATED_BY_SOURCE,,NOT_VERIFIED_DO_NOT_INFER,Farense,Estoril,3,2,H,EVALUATION_ONLY_JOIN_AFTER_PREMATCH_FEATURE_FREEZE,2.69,3.04,2.81,EXTERNAL_HISTORICAL_MARKET_BENCHMARK,NOT_AVAILABLE,NOT_GOLDBET,295b6368867f054d8e78645b06c74ebe749f33207be771ea37587f768d22e340
9a3ce662e80581ec8a45f95b,Primeira Liga,2023/2024,DEVELOPMENT,2024-05-05,18:00,MATCH_KICKOFF_TIME_TIMEZONE_NOT_STATED_BY_SOURCE,,NOT_VERIFIED_DO_NOT_INFER,Arouca,Estrela,0,0,D,EVALUATION_ONLY_JOIN_AFTER_PREMATCH_FEATURE_FREEZE,2.09,3.68,3.29,EXTERNAL_HISTORICAL_MARKET_BENCHMARK,NOT_AVAILABLE,NOT_GOLDBET,422eebc78a57cc6ed66910a80c50a303fd9171aef8fbad04d026a64749494f78
b930cb3ae4522d98512dad32,Primeira Liga,2023/2024,DEVELOPMENT,2024-05-05,18:00,MATCH_KICKOFF_TIME_TIMEZONE_NOT_STATED_BY_SOURCE,,NOT_VERIFIED_DO_NOT_INFER,Sp Braga,Casa Pia,4,3,H,EVALUATION_ONLY_JOIN_AFTER_PREMATCH_FEATURE_FREEZE,1.29,5.74,9.32,EXTERNAL_HISTORICAL_MARKET_BENCHMARK,NOT_AVAILABLE,NOT_GOLDBET,ade254d1340854a7f084e82231b6e5f743bac8746b35560abc43779c13df9442
aba932276001ad82260d9a17,Primeira Liga,2023/2024,DEVELOPMENT,2024-05-05,20:30,MATCH_KICKOFF_TIME_TIMEZONE_NOT_STATED_BY_SOURCE,,NOT_VERIFIED_DO_NOT_INFER,Famalicao,Benfica,2,0,H,EVALUATION_ONLY_JOIN_AFTER_PREMATCH_FEATURE_FREEZE,6.77,5.04,1.41,EXTERNAL_HISTORICAL_MARKET_BENCHMARK,NOT_AVAILABLE,NOT_GOLDBET,da28e93fb96c302c38b18144ff1fede1f6b4c4e0a01ca949fe2438567fc3c606
57f0849cb842da3899d8c3e1,Primeira Liga,2023/2024,DEVELOPMENT,2024-05-10,20:15,MATCH_KICKOFF_TIME_TIMEZONE_NOT_STATED_BY_SOURCE,,NOT_VERIFIED_DO_NOT_INFER,Chaves,Famalicao,0,1,A,EVALUATION_ONLY_JOIN_AFTER_PREMATCH_FEATURE_FREEZE,2.93,3.35,2.41,EXTERNAL_HISTORICAL_MARKET_BENCHMARK,NOT_AVAILABLE,NOT_GOLDBET,9a0671dd672e31497a8bbb177cefd63cac342057e88e10cd931848fa518daf62
64c12507eff8aa4fcbb651e7,Primeira Liga,2023/2024,DEVELOPMENT,2024-05-11,15:30,MATCH_KICKOFF_TIME_TIMEZONE_NOT_STATED_BY_SOURCE,,NOT_VERIFIED_DO_NOT_INFER,Portimonense,Rio Ave,2,2,D,EVALUATION_ONLY_JOIN_AFTER_PREMATCH_FEATURE_FREEZE,2.36,3.36,3.01,EXTERNAL_HISTORICAL_MARKET_BENCHMARK,NOT_AVAILABLE,NOT_GOLDBET,1ee6b32966dc85ea95bfac46d8f7c5e9da7a60d08b2f2ff10b21c98455610d44
289a5511012dff4bcfd487e8,Primeira Liga,2023/2024,DEVELOPMENT,2024-05-11,15:30,MATCH_KICKOFF_TIME_TIMEZONE_NOT_STATED_BY_SOURCE,,NOT_VERIFIED_DO_NOT_INFER,Vizela,Estrela,4,0,H,EVALUATION_ONLY_JOIN_AFTER_PREMATCH_FEATURE_FREEZE,3.49,3.56,2.05,EXTERNAL_HISTORICAL_MARKET_BENCHMARK,NOT_AVAILABLE,NOT_GOLDBET,feda47704a80fdc30395ce4cddb61eda707c6aaf04054c0f18d4303885145570
59e022878f4ff07869fee774,Primeira Liga,2023/2024,DEVELOPMENT,2024-05-11,18:00,MATCH_KICKOFF_TIME_TIMEZONE_NOT_STATED_BY_SOURCE,,NOT_VERIFIED_DO_NOT_INFER,Estoril,Sp Lisbon,0,1,A,EVALUATION_ONLY_JOIN_AFTER_PREMATCH_FEATURE_FREEZE,7.5,5.18,1.37,EXTERNAL_HISTORICAL_MARKET_BENCHMARK,NOT_AVAILABLE,NOT_GOLDBET,c77ced3b5783f2a12807828d45ecdc994aac7f43e4a2318a369837a117198be5
298ef15d591f316aad2013e2,Primeira Liga,2023/2024,DEVELOPMENT,2024-05-11,20:30,MATCH_KICKOFF_TIME_TIMEZONE_NOT_STATED_BY_SOURCE,,NOT_VERIFIED_DO_NOT_INFER,Guimaraes,Sp Braga,2,3,A,EVALUATION_ONLY_JOIN_AFTER_PREMATCH_FEATURE_FREEZE,3.23,3.52,2.15,EXTERNAL_HISTORICAL_MARKET_BENCHMARK,NOT_AVAILABLE,NOT_GOLDBET,ccd652d5d509c0745bafc5e2c64d1834878f58b8ad339e8cf25360c9d17736f6
bcc65fad814e13f91a30740e,Primeira Liga,2023/2024,DEVELOPMENT,2024-05-12,15:30,MATCH_KICKOFF_TIME_TIMEZONE_NOT_STATED_BY_SOURCE,,NOT_VERIFIED_DO_NOT_INFER,Gil Vicente,Farense,2,0,H,EVALUATION_ONLY_JOIN_AFTER_PREMATCH_FEATURE_FREEZE,1.71,3.95,4.56,EXTERNAL_HISTORICAL_MARKET_BENCHMARK,NOT_AVAILABLE,NOT_GOLDBET,9f4db8c1b0715d2c62b4aee9d20e9c25f92b5e5f638d93d45aeb8290a897a185
31daf93dc644bb59c3d27532,Primeira Liga,2023/2024,DEVELOPMENT,2024-05-12,18:00,MATCH_KICKOFF_TIME_TIMEZONE_NOT_STATED_BY_SOURCE,,NOT_VERIFIED_DO_NOT_INFER,Benfica,Arouca,5,0,H,EVALUATION_ONLY_JOIN_AFTER_PREMATCH_FEATURE_FREEZE,1.26,6.59,9.44,EXTERNAL_HISTORICAL_MARKET_BENCHMARK,NOT_AVAILABLE,NOT_GOLDBET,53375534457c683cd7c60fdf76b4a1e74c841535b593ef0683ada9dfbd8b16a5
1760c2542bf80160cf69706b,Primeira Liga,2023/2024,DEVELOPMENT,2024-05-12,18:00,MATCH_KICKOFF_TIME_TIMEZONE_NOT_STATED_BY_SOURCE,,NOT_VERIFIED_DO_NOT_INFER,Casa Pia,Moreirense,0,1,A,EVALUATION_ONLY_JOIN_AFTER_PREMATCH_FEATURE_FREEZE,2.68,3.09,2.78,EXTERNAL_HISTORICAL_MARKET_BENCHMARK,NOT_AVAILABLE,NOT_GOLDBET,24551ce8f6e8911e2221cce033c5c7838c1f6ec2d516356cc15199e593be6897
5f906e1bbdabad7d39d7d299,Primeira Liga,2023/2024,DEVELOPMENT,2024-05-12,20:30,MATCH_KICKOFF_TIME_TIMEZONE_NOT_STATED_BY_SOURCE,,NOT_VERIFIED_DO_NOT_INFER,Porto,Boavista,2,1,H,EVALUATION_ONLY_JOIN_AFTER_PREMATCH_FEATURE_FREEZE,1.13,8.78,17.89,EXTERNAL_HISTORICAL_MARKET_BENCHMARK,NOT_AVAILABLE,NOT_GOLDBET,451a2e23d38a56b237cf5937a8af4e97920c513124740f199e40240e53267c71
4d67da27b5304a7d1dc46f57,Primeira Liga,2023/2024,DEVELOPMENT,2024-05-17,18:45,MATCH_KICKOFF_TIME_TIMEZONE_NOT_STATED_BY_SOURCE,,NOT_VERIFIED_DO_NOT_INFER,Famalicao,Casa Pia,1,2,A,EVALUATION_ONLY_JOIN_AFTER_PREMATCH_FEATURE_FREEZE,1.57,4.28,5.43,EXTERNAL_HISTORICAL_MARKET_BENCHMARK,NOT_AVAILABLE,NOT_GOLDBET,ed70b5a3a3a3d400cf1ee144656fc54d893eb2162da52612c91bf8a6433ac535
c0cde9eaf9f4b62df0b006b1,Primeira Liga,2023/2024,DEVELOPMENT,2024-05-17,20:45,MATCH_KICKOFF_TIME_TIMEZONE_NOT_STATED_BY_SOURCE,,NOT_VERIFIED_DO_NOT_INFER,Rio Ave,Benfica,1,1,D,EVALUATION_ONLY_JOIN_AFTER_PREMATCH_FEATURE_FREEZE,7.02,5.2,1.39,EXTERNAL_HISTORICAL_MARKET_BENCHMARK,NOT_AVAILABLE,NOT_GOLDBET,bd56bfa7bfef1c0ad75dd8259e81043e172337f750c981326474a2a68487b72f
9931e4a7a950373efd096370,Primeira Liga,2023/2024,DEVELOPMENT,2024-05-18,15:30,MATCH_KICKOFF_TIME_TIMEZONE_NOT_STATED_BY_SOURCE,,NOT_VERIFIED_DO_NOT_INFER,Arouca,Guimaraes,1,3,A,EVALUATION_ONLY_JOIN_AFTER_PREMATCH_FEATURE_FREEZE,3.03,3.57,2.25,EXTERNAL_HISTORICAL_MARKET_BENCHMARK,NOT_AVAILABLE,NOT_GOLDBET,f83b68404df7e363e41b903ee48fb761437620594b083e26ee848bd61e4bb207
69d35b62126b2f986aa5e6b4,Primeira Liga,2023/2024,DEVELOPMENT,2024-05-18,15:30,MATCH_KICKOFF_TIME_TIMEZONE_NOT_STATED_BY_SOURCE,,NOT_VERIFIED_DO_NOT_INFER,Boavista,Vizela,2,2,D,EVALUATION_ONLY_JOIN_AFTER_PREMATCH_FEATURE_FREEZE,1.97,3.32,4.12,EXTERNAL_HISTORICAL_MARKET_BENCHMARK,NOT_AVAILABLE,NOT_GOLDBET,6727503d52160ae3790724688305744fd2afea59bc04affcf5562a5882602cc4
24a85d95173a3acdadd3438a,Primeira Liga,2023/2024,DEVELOPMENT,2024-05-18,15:30,MATCH_KICKOFF_TIME_TIMEZONE_NOT_STATED_BY_SOURCE,,NOT_VERIFIED_DO_NOT_INFER,Estrela,Gil Vicente,1,0,H,EVALUATION_ONLY_JOIN_AFTER_PREMATCH_FEATURE_FREEZE,1.7,3.99,4.63,EXTERNAL_HISTORICAL_MARKET_BENCHMARK,NOT_AVAILABLE,NOT_GOLDBET,f7fd7edf3d075272158c7502a11a866d45cc2dd122ce5ddc31258b2bf5cf1eba
bebd137de742c2b390943911,Primeira Liga,2023/2024,DEVELOPMENT,2024-05-18,15:30,MATCH_KICKOFF_TIME_TIMEZONE_NOT_STATED_BY_SOURCE,,NOT_VERIFIED_DO_NOT_INFER,Farense,Portimonense,1,3,A,EVALUATION_ONLY_JOIN_AFTER_PREMATCH_FEATURE_FREEZE,2.85,4.1,2.18,EXTERNAL_HISTORICAL_MARKET_BENCHMARK,NOT_AVAILABLE,NOT_GOLDBET,64b1001da2397658a11a970f179678958f8d794dce052c4baba0d8aa0c6f6d26
25035fe805c3b65d69afba97,Primeira Liga,2023/2024,DEVELOPMENT,2024-05-18,18:00,MATCH_KICKOFF_TIME_TIMEZONE_NOT_STATED_BY_SOURCE,,NOT_VERIFIED_DO_NOT_INFER,Moreirense,Estoril,2,1,H,EVALUATION_ONLY_JOIN_AFTER_PREMATCH_FEATURE_FREEZE,2.21,3.32,3.29,EXTERNAL_HISTORICAL_MARKET_BENCHMARK,NOT_AVAILABLE,NOT_GOLDBET,87fbc018fdb1e2b4f75b1e037c18395bb01c45a11e6961cac1f5a68bc4ca29da
e3d72b24e1831cb732cdce9d,Primeira Liga,2023/2024,DEVELOPMENT,2024-05-18,18:00,MATCH_KICKOFF_TIME_TIMEZONE_NOT_STATED_BY_SOURCE,,NOT_VERIFIED_DO_NOT_INFER,Sp Lisbon,Chaves,3,0,H,EVALUATION_ONLY_JOIN_AFTER_PREMATCH_FEATURE_FREEZE,1.06,13.6,29.72,EXTERNAL_HISTORICAL_MARKET_BENCHMARK,NOT_AVAILABLE,NOT_GOLDBET,343db6a3616176346d762149956ad07ae1ad93cf6be1f7dbe50c8351877355bf
465e577d6279760000776ad6,Primeira Liga,2023/2024,DEVELOPMENT,2024-05-18,20:30,MATCH_KICKOFF_TIME_TIMEZONE_NOT_STATED_BY_SOURCE,,NOT_VERIFIED_DO_NOT_INFER,Sp Braga,Porto,0,1,A,EVALUATION_ONLY_JOIN_AFTER_PREMATCH_FEATURE_FREEZE,3.32,3.72,2.06,EXTERNAL_HISTORICAL_MARKET_BENCHMARK,NOT_AVAILABLE,NOT_GOLDBET,0935e3a8af68fa9d771c910528614aae21227e29a97d7887ad088d69429396ce
02357e4d6c7496fb299e39ad,Primeira Liga,2024/2025,DEVELOPMENT,2024-08-09,20:15,MATCH_KICKOFF_TIME_TIMEZONE_NOT_STATED_BY_SOURCE,,NOT_VERIFIED_DO_NOT_INFER,Sp Lisbon,Rio Ave,3,1,H,EVALUATION_ONLY_JOIN_AFTER_PREMATCH_FEATURE_FREEZE,1.12,9.36,20.11,EXTERNAL_HISTORICAL_MARKET_BENCHMARK,NOT_AVAILABLE,NOT_GOLDBET,2feaecc9183249a1a0ca401d37ccfc10d5fb6b2d53756b78a98b7ab60a718ae0
ac2d3847157fcd5ba8373d5a,Primeira Liga,2024/2025,DEVELOPMENT,2024-08-10,15:30,MATCH_KICKOFF_TIME_TIMEZONE_NOT_STATED_BY_SOURCE,,NOT_VERIFIED_DO_NOT_INFER,AVS,Nacional,1,1,D,EVALUATION_ONLY_JOIN_AFTER_PREMATCH_FEATURE_FREEZE,2.05,3.36,3.7,EXTERNAL_HISTORICAL_MARKET_BENCHMARK,NOT_AVAILABLE,NOT_GOLDBET,ba117b41fb16c3edc2d234737c8e964cc334b2a7342b149669be9ba8ea170e9f
459f2ce7e8b2b70000ff3832,Primeira Liga,2024/2025,DEVELOPMENT,2024-08-10,18:00,MATCH_KICKOFF_TIME_TIMEZONE_NOT_STATED_BY_SOURCE,,NOT_VERIFIED_DO_NOT_INFER,Casa Pia,Boavista,0,1,A,EVALUATION_ONLY_JOIN_AFTER_PREMATCH_FEATURE_FREEZE,1.94,3.35,4.15,EXTERNAL_HISTORICAL_MARKET_BENCHMARK,NOT_AVAILABLE,NOT_GOLDBET,348fb640794b488a5a864583686ca77d824709afe1762923931ca4ac742dccca
0a36a62083d71b96eeb4d3bd,Primeira Liga,2024/2025,DEVELOPMENT,2024-08-10,20:30,MATCH_KICKOFF_TIME_TIMEZONE_NOT_STATED_BY_SOURCE,,NOT_VERIFIED_DO_NOT_INFER,Porto,Gil Vicente,3,0,H,EVALUATION_ONLY_JOIN_AFTER_PREMATCH_FEATURE_FREEZE,1.23,6.37,12.19,EXTERNAL_HISTORICAL_MARKET_BENCHMARK,NOT_AVAILABLE,NOT_GOLDBET,94d7546cecb2ffdea958d77c92fbb39ca8d40d1c458914b23c702d42307b604d
2d17b53ecc498e8c43a1f0fe,Primeira Liga,2024/2025,DEVELOPMENT,2024-08-11,15:30,MATCH_KICKOFF_TIME_TIMEZONE_NOT_STATED_BY_SOURCE,,NOT_VERIFIED_DO_NOT_INFER,Estoril,Santa Clara,1,4,A,EVALUATION_ONLY_JOIN_AFTER_PREMATCH_FEATURE_FREEZE,2.65,3.01,2.83,EXTERNAL_HISTORICAL_MARKET_BENCHMARK,NOT_AVAILABLE,NOT_GOLDBET,171c063affd7fd0a8081d8609f3d6e7f8f8fb8df17203649f609ada6a2f1c072
3a41ed742b4fa8ff949c9af4,Primeira Liga,2024/2025,DEVELOPMENT,2024-08-11,18:00,MATCH_KICKOFF_TIME_TIMEZONE_NOT_STATED_BY_SOURCE,,NOT_VERIFIED_DO_NOT_INFER,Famalicao,Benfica,2,0,H,EVALUATION_ONLY_JOIN_AFTER_PREMATCH_FEATURE_FREEZE,5.74,4.29,1.54,EXTERNAL_HISTORICAL_MARKET_BENCHMARK,NOT_AVAILABLE,NOT_GOLDBET,764c4ed5e69218bdfbdbad3544525e2dd6b70d7fe00a11d813f608910241b919
337066504771879b3a86f495,Primeira Liga,2024/2025,DEVELOPMENT,2024-08-11,18:00,MATCH_KICKOFF_TIME_TIMEZONE_NOT_STATED_BY_SOURCE,,NOT_VERIFIED_DO_NOT_INFER,Farense,Moreirense,1,2,A,EVALUATION_ONLY_JOIN_AFTER_PREMATCH_FEATURE_FREEZE,2.75,3.19,2.64,EXTERNAL_HISTORICAL_MARKET_BENCHMARK,NOT_AVAILABLE,NOT_GOLDBET,157aad1c756b334dea74f0c1afe0b52364509681029bc0b80f51e5a282ad439b
458d931af1f5ce89cf0caa67,Primeira Liga,2024/2025,DEVELOPMENT,2024-08-11,20:30,MATCH_KICKOFF_TIME_TIMEZONE_NOT_STATED_BY_SOURCE,,NOT_VERIFIED_DO_NOT_INFER,Sp Braga,Estrela,1,1,D,EVALUATION_ONLY_JOIN_AFTER_PREMATCH_FEATURE_FREEZE,1.44,4.59,6.81,EXTERNAL_HISTORICAL_MARKET_BENCHMARK,NOT_AVAILABLE,NOT_GOLDBET,909504874c8e037965e2af3ea144eca9ff3e5a1006db213ec97e9ce1f829f3c6
2e71e7697b681151a56dca16,Primeira Liga,2024/2025,DEVELOPMENT,2024-08-12,20:15,MATCH_KICKOFF_TIME_TIMEZONE_NOT_STATED_BY_SOURCE,,NOT_VERIFIED_DO_NOT_INFER,Arouca,Guimaraes,0,1,A,EVALUATION_ONLY_JOIN_AFTER_PREMATCH_FEATURE_FREEZE,3.4,3.32,2.15,EXTERNAL_HISTORICAL_MARKET_BENCHMARK,NOT_AVAILABLE,NOT_GOLDBET,1f9723b33f2d35985eb80bd1b0cc99a54033345f709f26b716a58e20701576c6
b554e9714b2a3db559e999fe,Primeira Liga,2024/2025,DEVELOPMENT,2024-08-16,17:00,MATCH_KICKOFF_TIME_TIMEZONE_NOT_STATED_BY_SOURCE,,NOT_VERIFIED_DO_NOT_INFER,Santa Clara,Porto,0,2,A,EVALUATION_ONLY_JOIN_AFTER_PREMATCH_FEATURE_FREEZE,4.75,3.81,1.72,EXTERNAL_HISTORICAL_MARKET_BENCHMARK,NOT_AVAILABLE,NOT_GOLDBET,cc2d479eb93699fc7f900883a60408138a07eb737a98d19c3f37e6c5166aabcb
be6f02b94b8c27abf1ec4418,Primeira Liga,2024/2025,DEVELOPMENT,2024-08-16,20:15,MATCH_KICKOFF_TIME_TIMEZONE_NOT_STATED_BY_SOURCE,,NOT_VERIFIED_DO_NOT_INFER,Gil Vicente,AVS,4,2,H,EVALUATION_ONLY_JOIN_AFTER_PREMATCH_FEATURE_FREEZE,2.26,3.27,3.27,EXTERNAL_HISTORICAL_MARKET_BENCHMARK,NOT_AVAILABLE,NOT_GOLDBET,872ee407bfcbe9ecafbde58211304d988684f0240d285f93f5be3b873b462715
cb22bc6f3d6826a078eaac54,Primeira Liga,2024/2025,DEVELOPMENT,2024-08-17,15:30,MATCH_KICKOFF_TIME_TIMEZONE_NOT_STATED_BY_SOURCE,,NOT_VERIFIED_DO_NOT_INFER,Rio Ave,Farense,1,0,H,EVALUATION_ONLY_JOIN_AFTER_PREMATCH_FEATURE_FREEZE,2.02,3.39,3.79,EXTERNAL_HISTORICAL_MARKET_BENCHMARK,NOT_AVAILABLE,NOT_GOLDBET,fee25ce16244d756da77c05dce7268685afb6eaf5a66c9287677173348241b08
6564a242774238ae3b50f05a,Primeira Liga,2024/2025,DEVELOPMENT,2024-08-17,18:00,MATCH_KICKOFF_TIME_TIMEZONE_NOT_STATED_BY_SOURCE,,NOT_VERIFIED_DO_NOT_INFER,Nacional,Sp Lisbon,1,6,A,EVALUATION_ONLY_JOIN_AFTER_PREMATCH_FEATURE_FREEZE,11.58,6.64,1.22,EXTERNAL_HISTORICAL_MARKET_BENCHMARK,NOT_AVAILABLE,NOT_GOLDBET,3fb1f0263dc2f9cf95fe0b9bd128b836f54581d2aa827b33cd529caf817be3b2
6c81c883c1f8bf4e9ac3d3dd,Primeira Liga,2024/2025,DEVELOPMENT,2024-08-17,20:30,MATCH_KICKOFF_TIME_TIMEZONE_NOT_STATED_BY_SOURCE,,NOT_VERIFIED_DO_NOT_INFER,Benfica,Casa Pia,3,0,H,EVALUATION_ONLY_JOIN_AFTER_PREMATCH_FEATURE_FREEZE,1.22,6.49,12.44,EXTERNAL_HISTORICAL_MARKET_BENCHMARK,NOT_AVAILABLE,NOT_GOLDBET,8d59fa9370d925a15e484630ff62683027341889f4302b5b8f9ab09ae9b36cb3
39ce81667afe451adbf3d139,Primeira Liga,2024/2025,DEVELOPMENT,2024-08-18,15:30,MATCH_KICKOFF_TIME_TIMEZONE_NOT_STATED_BY_SOURCE,,NOT_VERIFIED_DO_NOT_INFER,Moreirense,Arouca,3,1,H,EVALUATION_ONLY_JOIN_AFTER_PREMATCH_FEATURE_FREEZE,2.04,3.19,4,EXTERNAL_HISTORICAL_MARKET_BENCHMARK,NOT_AVAILABLE,NOT_GOLDBET,3729e98588e4aa5e0bd4898a16b67eb9eaa4d95c7edf5f7cd3caa03ef6d71d9c
a7ceee08b17b67c230d09ffc,Primeira Liga,2024/2025,DEVELOPMENT,2024-08-18,18:00,MATCH_KICKOFF_TIME_TIMEZONE_NOT_STATED_BY_SOURCE,,NOT_VERIFIED_DO_NOT_INFER,Guimaraes,Estoril,1,0,H,EVALUATION_ONLY_JOIN_AFTER_PREMATCH_FEATURE_FREEZE,1.52,4.05,6.55,EXTERNAL_HISTORICAL_MARKET_BENCHMARK,NOT_AVAILABLE,NOT_GOLDBET,6840a5a02e6605f89cc0f57d7730c5a82d115e49d2f78684c76c34cc91238512
debb1948f0a8b4060c0fee5e,Primeira Liga,2024/2025,DEVELOPMENT,2024-08-18,20:30,MATCH_KICKOFF_TIME_TIMEZONE_NOT_STATED_BY_SOURCE,,NOT_VERIFIED_DO_NOT_INFER,Boavista,Sp Braga,0,1,A,EVALUATION_ONLY_JOIN_AFTER_PREMATCH_FEATURE_FREEZE,5.41,4.08,1.6,EXTERNAL_HISTORICAL_MARKET_BENCHMARK,NOT_AVAILABLE,NOT_GOLDBET,256b47e22856d8621659e3252f79af9a47dda7d721bb36d1183897cda1174b84
ce4ac3abcea8446a99b05511,Primeira Liga,2024/2025,DEVELOPMENT,2024-08-19,20:15,MATCH_KICKOFF_TIME_TIMEZONE_NOT_STATED_BY_SOURCE,,NOT_VERIFIED_DO_NOT_INFER,Estrela,Famalicao,0,3,A,EVALUATION_ONLY_JOIN_AFTER_PREMATCH_FEATURE_FREEZE,3.03,3.21,2.42,EXTERNAL_HISTORICAL_MARKET_BENCHMARK,NOT_AVAILABLE,NOT_GOLDBET,94683b61470582c8024bf960d707c58199bdee7d7d381eb3b150a9d4b1b5db72
2e221a30831185f423614dc3,Primeira Liga,2024/2025,DEVELOPMENT,2024-08-23,20:15,MATCH_KICKOFF_TIME_TIMEZONE_NOT_STATED_BY_SOURCE,,NOT_VERIFIED_DO_NOT_INFER,Farense,Sp Lisbon,0,5,A,EVALUATION_ONLY_JOIN_AFTER_PREMATCH_FEATURE_FREEZE,13.56,7.58,1.18,EXTERNAL_HISTORICAL_MARKET_BENCHMARK,NOT_AVAILABLE,NOT_GOLDBET,6601be69805d87a33105adbc60017cf13b396f9f133dd4c348b829ed62a1930b
aea0b9290c3585e0ae2e560a,Primeira Liga,2024/2025,DEVELOPMENT,2024-08-24,15:30,MATCH_KICKOFF_TIME_TIMEZONE_NOT_STATED_BY_SOURCE,,NOT_VERIFIED_DO_NOT_INFER,Casa Pia,Santa Clara,0,2,A,EVALUATION_ONLY_JOIN_AFTER_PREMATCH_FEATURE_FREEZE,3.02,2.89,2.64,EXTERNAL_HISTORICAL_MARKET_BENCHMARK,NOT_AVAILABLE,NOT_GOLDBET,a7bb7924e17dae93d6a036c232a64a3b5df5f4ed1512405ff993b5d36cf6cde1
7f033ff616a1547f174121eb,Primeira Liga,2024/2025,DEVELOPMENT,2024-08-24,18:00,MATCH_KICKOFF_TIME_TIMEZONE_NOT_STATED_BY_SOURCE,,NOT_VERIFIED_DO_NOT_INFER,Porto,Rio Ave,2,0,H,EVALUATION_ONLY_JOIN_AFTER_PREMATCH_FEATURE_FREEZE,1.23,6.24,12.1,EXTERNAL_HISTORICAL_MARKET_BENCHMARK,NOT_AVAILABLE,NOT_GOLDBET,a621d7a2bdcb437177a60c4a6ac67335c7e752b6c59702dfd71146a9253d7fb1
e2d6756f3dd43cb5df92d06d,Primeira Liga,2024/2025,DEVELOPMENT,2024-08-24,20:30,MATCH_KICKOFF_TIME_TIMEZONE_NOT_STATED_BY_SOURCE,,NOT_VERIFIED_DO_NOT_INFER,Benfica,Estrela,1,0,H,EVALUATION_ONLY_JOIN_AFTER_PREMATCH_FEATURE_FREEZE,1.15,7.86,16.87,EXTERNAL_HISTORICAL_MARKET_BENCHMARK,NOT_AVAILABLE,NOT_GOLDBET,23b1c4092c0f89cace0bf08a3e3b375889b19f1242ebdefe94c64bc90a75602b
786184186c24896725e5ff6f,Primeira Liga,2024/2025,DEVELOPMENT,2024-08-24,20:30,MATCH_KICKOFF_TIME_TIMEZONE_NOT_STATED_BY_SOURCE,,NOT_VERIFIED_DO_NOT_INFER,Famalicao,Boavista,1,0,H,EVALUATION_ONLY_JOIN_AFTER_PREMATCH_FEATURE_FREEZE,1.59,3.77,6.06,EXTERNAL_HISTORICAL_MARKET_BENCHMARK,NOT_AVAILABLE,NOT_GOLDBET,d5874c14fbbf0a1759f0b6ab450178d18ab14a4cbdf58120254198ec8ade64f6
51ee6ca92953c0f7a1bdc949,Primeira Liga,2024/2025,DEVELOPMENT,2024-08-25,15:30,MATCH_KICKOFF_TIME_TIMEZONE_NOT_STATED_BY_SOURCE,,NOT_VERIFIED_DO_NOT_INFER,Arouca,Nacional,1,0,H,EVALUATION_ONLY_JOIN_AFTER_PREMATCH_FEATURE_FREEZE,1.86,3.68,4.09,EXTERNAL_HISTORICAL_MARKET_BENCHMARK,NOT_AVAILABLE,NOT_GOLDBET,073a1fc7c786e9173a36e6b19cdf8e5685524baa9373fe5b06539e3db0592008
eaf38f1e10ffbbf5bdb7377a,Primeira Liga,2024/2025,DEVELOPMENT,2024-08-25,18:00,MATCH_KICKOFF_TIME_TIMEZONE_NOT_STATED_BY_SOURCE,,NOT_VERIFIED_DO_NOT_INFER,Estoril,Gil Vicente,0,0,D,EVALUATION_ONLY_JOIN_AFTER_PREMATCH_FEATURE_FREEZE,2.98,3.12,2.51,EXTERNAL_HISTORICAL_MARKET_BENCHMARK,NOT_AVAILABLE,NOT_GOLDBET,7495fe56ee51a3fa77444a461786bd1a6a8c3c35015dcebb6fe6cfe364b26be1
ee838b34ba459726aad9e3ea,Primeira Liga,2024/2025,DEVELOPMENT,2024-08-25,20:30,MATCH_KICKOFF_TIME_TIMEZONE_NOT_STATED_BY_SOURCE,,NOT_VERIFIED_DO_NOT_INFER,AVS,Guimaraes,1,0,H,EVALUATION_ONLY_JOIN_AFTER_PREMATCH_FEATURE_FREEZE,5.09,3.68,1.7,EXTERNAL_HISTORICAL_MARKET_BENCHMARK,NOT_AVAILABLE,NOT_GOLDBET,e99183e9870480f09cb8f9691962b4df53b11f2a881c14e3679e33d8e4424ffc
ca0367914f6004c4d5870752,Primeira Liga,2024/2025,DEVELOPMENT,2024-08-25,20:30,MATCH_KICKOFF_TIME_TIMEZONE_NOT_STATED_BY_SOURCE,,NOT_VERIFIED_DO_NOT_INFER,Sp Braga,Moreirense,3,1,H,EVALUATION_ONLY_JOIN_AFTER_PREMATCH_FEATURE_FREEZE,1.7,3.9,4.72,EXTERNAL_HISTORICAL_MARKET_BENCHMARK,NOT_AVAILABLE,NOT_GOLDBET,256829fadc6bdc80cd2e5a3007c6570111bd56ae405a2d92cf7ddda6d123f7ac
b3d4f957d4673c4789cf00ec,Primeira Liga,2024/2025,DEVELOPMENT,2024-08-30,20:15,MATCH_KICKOFF_TIME_TIMEZONE_NOT_STATED_BY_SOURCE,,NOT_VERIFIED_DO_NOT_INFER,Moreirense,Benfica,1,1,D,EVALUATION_ONLY_JOIN_AFTER_PREMATCH_FEATURE_FREEZE,7.26,4.58,1.43,EXTERNAL_HISTORICAL_MARKET_BENCHMARK,NOT_AVAILABLE,NOT_GOLDBET,fcf500a3e928e633a88046f45a8bd61194bc0e9c0c11c5e56aabaf6a1df6a026
cc0bff825efa2180212dda98,Primeira Liga,2024/2025,DEVELOPMENT,2024-08-31,15:30,MATCH_KICKOFF_TIME_TIMEZONE_NOT_STATED_BY_SOURCE,,NOT_VERIFIED_DO_NOT_INFER,Santa Clara,AVS,2,1,H,EVALUATION_ONLY_JOIN_AFTER_PREMATCH_FEATURE_FREEZE,1.68,3.5,5.7,EXTERNAL_HISTORICAL_MARKET_BENCHMARK,NOT_AVAILABLE,NOT_GOLDBET,13c3716590bb0146e4848f60ad1ab33c85395ee76edb0277cd377da484417d62
d93a53fc935a05162c09116b,Primeira Liga,2024/2025,DEVELOPMENT,2024-08-31,18:00,MATCH_KICKOFF_TIME_TIMEZONE_NOT_STATED_BY_SOURCE,,NOT_VERIFIED_DO_NOT_INFER,Boavista,Estoril,0,0,D,EVALUATION_ONLY_JOIN_AFTER_PREMATCH_FEATURE_FREEZE,2.62,2.98,2.92,EXTERNAL_HISTORICAL_MARKET_BENCHMARK,NOT_AVAILABLE,NOT_GOLDBET,35cb24f917bc45d6c2b7fe941a93366997f1b0a800c443340dc5a3eb4e5ca81e
d8dcfa6e3140f3f29a2432ad,Primeira Liga,2024/2025,DEVELOPMENT,2024-08-31,18:00,MATCH_KICKOFF_TIME_TIMEZONE_NOT_STATED_BY_SOURCE,,NOT_VERIFIED_DO_NOT_INFER,Estrela,Casa Pia,0,1,A,EVALUATION_ONLY_JOIN_AFTER_PREMATCH_FEATURE_FREEZE,2.45,3.2,2.97,EXTERNAL_HISTORICAL_MARKET_BENCHMARK,NOT_AVAILABLE,NOT_GOLDBET,e3398365423939a7d8a83d7498b0974be7fc1a068148c20d3fe23d11dcc2c10d
f5c49752c1cc08fee94aa142,Primeira Liga,2024/2025,DEVELOPMENT,2024-08-31,20:30,MATCH_KICKOFF_TIME_TIMEZONE_NOT_STATED_BY_SOURCE,,NOT_VERIFIED_DO_NOT_INFER,Sp Lisbon,Porto,2,0,H,EVALUATION_ONLY_JOIN_AFTER_PREMATCH_FEATURE_FREEZE,1.96,3.54,3.82,EXTERNAL_HISTORICAL_MARKET_BENCHMARK,NOT_AVAILABLE,NOT_GOLDBET,279b2ede3d2bae3d0793de2d579eb7eeabf3c96dd7ff8c7f825c000126ff3dd6
2892bef5389d8e31f8b9db0e,Primeira Liga,2024/2025,DEVELOPMENT,2024-09-01,15:30,MATCH_KICKOFF_TIME_TIMEZONE_NOT_STATED_BY_SOURCE,,NOT_VERIFIED_DO_NOT_INFER,Nacional,Farense,2,0,H,EVALUATION_ONLY_JOIN_AFTER_PREMATCH_FEATURE_FREEZE,1.95,3.57,3.71,EXTERNAL_HISTORICAL_MARKET_BENCHMARK,NOT_AVAILABLE,NOT_GOLDBET,04e9ae3a178669d9ca109194629c2b242cacf4ca969358ee0f284f781f7a8272
3ae2f8b6266b5f253cc7ce60,Primeira Liga,2024/2025,DEVELOPMENT,2024-09-01,18:00,MATCH_KICKOFF_TIME_TIMEZONE_NOT_STATED_BY_SOURCE,,NOT_VERIFIED_DO_NOT_INFER,Rio Ave,Arouca,1,0,H,EVALUATION_ONLY_JOIN_AFTER_PREMATCH_FEATURE_FREEZE,2.4,3.18,3.06,EXTERNAL_HISTORICAL_MARKET_BENCHMARK,NOT_AVAILABLE,NOT_GOLDBET,bd922e7b816e32fd2b1cf9408de771ecae8c4b00ad9da92b6701ba31e48b43b3
27552f7f2f0082bfca24854a,Primeira Liga,2024/2025,DEVELOPMENT,2024-09-01,20:30,MATCH_KICKOFF_TIME_TIMEZONE_NOT_STATED_BY_SOURCE,,NOT_VERIFIED_DO_NOT_INFER,Gil Vicente,Sp Braga,0,0,D,EVALUATION_ONLY_JOIN_AFTER_PREMATCH_FEATURE_FREEZE,4,3.65,1.88,EXTERNAL_HISTORICAL_MARKET_BENCHMARK,NOT_AVAILABLE,NOT_GOLDBET,731e7533b77d7ef9a491a212056ac57f2e2645bf65f26a58b82e0f0d90fc77aa
df25a15a7db0be1ed8de368a,Primeira Liga,2024/2025,DEVELOPMENT,2024-09-01,20:30,MATCH_KICKOFF_TIME_TIMEZONE_NOT_STATED_BY_SOURCE,,NOT_VERIFIED_DO_NOT_INFER,Guimaraes,Famalicao,2,1,H,EVALUATION_ONLY_JOIN_AFTER_PREMATCH_FEATURE_FREEZE,2,3.23,4.08,EXTERNAL_HISTORICAL_MARKET_BENCHMARK,NOT_AVAILABLE,NOT_GOLDBET,39c2531b1afef28095b218ad196f9ed95918bc46259324ca271330d5108ce410
167e11d7d933ef74c2464d3e,Primeira Liga,2024/2025,DEVELOPMENT,2024-09-13,20:15,MATCH_KICKOFF_TIME_TIMEZONE_NOT_STATED_BY_SOURCE,,NOT_VERIFIED_DO_NOT_INFER,Arouca,Sp Lisbon,0,3,A,EVALUATION_ONLY_JOIN_AFTER_PREMATCH_FEATURE_FREEZE,12.54,6.53,1.22,EXTERNAL_HISTORICAL_MARKET_BENCHMARK,NOT_AVAILABLE,NOT_GOLDBET,e4ffbddd3f87e2dbc2d300785b987c550a894df99783a46e004d3107f6f2f9f1
3661c59ba31e9f6c1b85b7d8,Primeira Liga,2024/2025,DEVELOPMENT,2024-09-14,15:30,MATCH_KICKOFF_TIME_TIMEZONE_NOT_STATED_BY_SOURCE,,NOT_VERIFIED_DO_NOT_INFER,Casa Pia,Moreirense,3,1,H,EVALUATION_ONLY_JOIN_AFTER_PREMATCH_FEATURE_FREEZE,2.95,2.96,2.64,EXTERNAL_HISTORICAL_MARKET_BENCHMARK,NOT_AVAILABLE,NOT_GOLDBET,94488bb41bd9d6afb517909a94d275dd9c772d53ec2d12ee1954030e37da1f89
2130523d9a871af429312049,Primeira Liga,2024/2025,DEVELOPMENT,2024-09-14,18:00,MATCH_KICKOFF_TIME_TIMEZONE_NOT_STATED_BY_SOURCE,,NOT_VERIFIED_DO_NOT_INFER,AVS,Rio Ave,1,0,H,EVALUATION_ONLY_JOIN_AFTER_PREMATCH_FEATURE_FREEZE,2.72,3.04,2.78,EXTERNAL_HISTORICAL_MARKET_BENCHMARK,NOT_AVAILABLE,NOT_GOLDBET,06c1895a62f2ddd554708a7461475cf57f0819ab72a3f7660bba1b893100f367
15fb1574068cf2c596ab48a6,Primeira Liga,2024/2025,DEVELOPMENT,2024-09-14,20:30,MATCH_KICKOFF_TIME_TIMEZONE_NOT_STATED_BY_SOURCE,,NOT_VERIFIED_DO_NOT_INFER,Benfica,Santa Clara,4,1,H,EVALUATION_ONLY_JOIN_AFTER_PREMATCH_FEATURE_FREEZE,1.26,5.88,11.16,EXTERNAL_HISTORICAL_MARKET_BENCHMARK,NOT_AVAILABLE,NOT_GOLDBET,facb84b5d5c501381ec86036a6d32a181171d2850290721def09e606fa561b13
49d5aa4bed8c688e37a3e3f5,Primeira Liga,2024/2025,DEVELOPMENT,2024-09-14,20:30,MATCH_KICKOFF_TIME_TIMEZONE_NOT_STATED_BY_SOURCE,,NOT_VERIFIED_DO_NOT_INFER,Famalicao,Gil Vicente,1,1,D,EVALUATION_ONLY_JOIN_AFTER_PREMATCH_FEATURE_FREEZE,1.93,3.34,4.21,EXTERNAL_HISTORICAL_MARKET_BENCHMARK,NOT_AVAILABLE,NOT_GOLDBET,caa3762005efd0c0048f2f9b9ce5328495219c0e44788caddca3d7d06deec222
83a21ec92c22c03e656bb019,Primeira Liga,2024/2025,DEVELOPMENT,2024-09-15,15:30,MATCH_KICKOFF_TIME_TIMEZONE_NOT_STATED_BY_SOURCE,,NOT_VERIFIED_DO_NOT_INFER,Porto,Farense,2,1,H,EVALUATION_ONLY_JOIN_AFTER_PREMATCH_FEATURE_FREEZE,1.11,9.14,22.04,EXTERNAL_HISTORICAL_MARKET_BENCHMARK,NOT_AVAILABLE,NOT_GOLDBET,7a8520478020108385d665d6f4b2199cfecac9920223aff054c31a9470c847d0
8081e7a767ff40d69ec48236,Primeira Liga,2024/2025,DEVELOPMENT,2024-09-15,18:00,MATCH_KICKOFF_TIME_TIMEZONE_NOT_STATED_BY_SOURCE,,NOT_VERIFIED_DO_NOT_INFER,Estoril,Nacional,1,0,H,EVALUATION_ONLY_JOIN_AFTER_PREMATCH_FEATURE_FREEZE,2.54,3.15,2.89,EXTERNAL_HISTORICAL_MARKET_BENCHMARK,NOT_AVAILABLE,NOT_GOLDBET,01ea7bdc279f54c5bc897bd683824f2910c6fd156e230868cef4356c65484379
19600524f80d9db8530a98aa,Primeira Liga,2024/2025,DEVELOPMENT,2024-09-15,20:30,MATCH_KICKOFF_TIME_TIMEZONE_NOT_STATED_BY_SOURCE,,NOT_VERIFIED_DO_NOT_INFER,Sp Braga,Guimaraes,0,2,A,EVALUATION_ONLY_JOIN_AFTER_PREMATCH_FEATURE_FREEZE,2.09,3.4,3.53,EXTERNAL_HISTORICAL_MARKET_BENCHMARK,NOT_AVAILABLE,NOT_GOLDBET,e2e4fabf60d77c190b639c62f9a9672752465ab2cc9a7e990f5cf5de79a3f558
f2e4d43c1a7f169ae3d0c876,Primeira Liga,2024/2025,DEVELOPMENT,2024-09-16,20:15,MATCH_KICKOFF_TIME_TIMEZONE_NOT_STATED_BY_SOURCE,,NOT_VERIFIED_DO_NOT_INFER,Estrela,Boavista,2,2,D,EVALUATION_ONLY_JOIN_AFTER_PREMATCH_FEATURE_FREEZE,2.02,3.22,3.98,EXTERNAL_HISTORICAL_MARKET_BENCHMARK,NOT_AVAILABLE,NOT_GOLDBET,0f73b70ad5e1604c4469106b259052f06e162b146d1add296bd198aefd3280a6
06ad3f6b6cffd9bb2e290858,Primeira Liga,2024/2025,DEVELOPMENT,2024-09-20,20:15,MATCH_KICKOFF_TIME_TIMEZONE_NOT_STATED_BY_SOURCE,,NOT_VERIFIED_DO_NOT_INFER,Nacional,Sp Braga,0,3,A,EVALUATION_ONLY_JOIN_AFTER_PREMATCH_FEATURE_FREEZE,4.48,3.87,1.75,EXTERNAL_HISTORICAL_MARKET_BENCHMARK,NOT_AVAILABLE,NOT_GOLDBET,71c16053eeb83750f3e343394ed302ab2efae0495cba856a9134e2afe604b2c5
a3c8167bf8b9373610bfb44a,Primeira Liga,2024/2025,DEVELOPMENT,2024-09-21,15:30,MATCH_KICKOFF_TIME_TIMEZONE_NOT_STATED_BY_SOURCE,,NOT_VERIFIED_DO_NOT_INFER,Rio Ave,Estoril,2,2,D,EVALUATION_ONLY_JOIN_AFTER_PREMATCH_FEATURE_FREEZE,1.93,3.35,4.21,EXTERNAL_HISTORICAL_MARKET_BENCHMARK,NOT_AVAILABLE,NOT_GOLDBET,060e498d672f236c3dc65bc31b08e64743958fb3ecec84bc12beeb487f6e17a1
180bdd2b03f0591bf26743bb,Primeira Liga,2024/2025,DEVELOPMENT,2024-09-21,15:30,MATCH_KICKOFF_TIME_TIMEZONE_NOT_STATED_BY_SOURCE,,NOT_VERIFIED_DO_NOT_INFER,Santa Clara,Estrela,1,0,H,EVALUATION_ONLY_JOIN_AFTER_PREMATCH_FEATURE_FREEZE,1.73,3.55,5.12,EXTERNAL_HISTORICAL_MARKET_BENCHMARK,NOT_AVAILABLE,NOT_GOLDBET,47ccff23ab9746c25a008188c92f4f4e994da907b4293dd0d0e7b097dfac1716
c46cf8397828bf111ebf1b15,Primeira Liga,2024/2025,DEVELOPMENT,2024-09-21,18:00,MATCH_KICKOFF_TIME_TIMEZONE_NOT_STATED_BY_SOURCE,,NOT_VERIFIED_DO_NOT_INFER,Guimaraes,Porto,0,3,A,EVALUATION_ONLY_JOIN_AFTER_PREMATCH_FEATURE_FREEZE,4.19,3.32,1.94,EXTERNAL_HISTORICAL_MARKET_BENCHMARK,NOT_AVAILABLE,NOT_GOLDBET,0f7da8ce76666586dd0c6ba7c40df11506f8c679e6d0de1789ddc895f19166e0
b833444fd9a8b3bb74556baa,Primeira Liga,2024/2025,DEVELOPMENT,2024-09-21,20:30,MATCH_KICKOFF_TIME_TIMEZONE_NOT_STATED_BY_SOURCE,,NOT_VERIFIED_DO_NOT_INFER,Moreirense,Famalicao,0,0,D,EVALUATION_ONLY_JOIN_AFTER_PREMATCH_FEATURE_FREEZE,2.9,2.91,2.73,EXTERNAL_HISTORICAL_MARKET_BENCHMARK,NOT_AVAILABLE,NOT_GOLDBET,be70ab135da11adda7ef2ffbf3f3130b188671932b45f9c565889b4815c47e1e
00d7383ae999a70805921a33,Primeira Liga,2024/2025,DEVELOPMENT,2024-09-22,15:30,MATCH_KICKOFF_TIME_TIMEZONE_NOT_STATED_BY_SOURCE,,NOT_VERIFIED_DO_NOT_INFER,Gil Vicente,Casa Pia,1,1,D,EVALUATION_ONLY_JOIN_AFTER_PREMATCH_FEATURE_FREEZE,2.12,3.15,3.78,EXTERNAL_HISTORICAL_MARKET_BENCHMARK,NOT_AVAILABLE,NOT_GOLDBET,b8f6fde3393f0141729c894441f5364f2aae44e651151210ab5ba04ea0cf16e8
6d477ae748b1605e19ae1839,Primeira Liga,2024/2025,DEVELOPMENT,2024-09-22,18:00,MATCH_KICKOFF_TIME_TIMEZONE_NOT_STATED_BY_SOURCE,,NOT_VERIFIED_DO_NOT_INFER,Farense,Arouca,0,1,A,EVALUATION_ONLY_JOIN_AFTER_PREMATCH_FEATURE_FREEZE,2.79,3.37,2.49,EXTERNAL_HISTORICAL_MARKET_BENCHMARK,NOT_AVAILABLE,NOT_GOLDBET,b19302265a5eeaa6e64bc3b228ac869f8fa21c9100499d1d1b0c8ea084c25b8d
3b7b0825daf458fa75a7eac0,Primeira Liga,2024/2025,DEVELOPMENT,2024-09-22,20:30,MATCH_KICKOFF_TIME_TIMEZONE_NOT_STATED_BY_SOURCE,,NOT_VERIFIED_DO_NOT_INFER,Sp Lisbon,AVS,3,0,H,EVALUATION_ONLY_JOIN_AFTER_PREMATCH_FEATURE_FREEZE,1.1,10.32,20.39,EXTERNAL_HISTORICAL_MARKET_BENCHMARK,NOT_AVAILABLE,NOT_GOLDBET,c9c778fddc84908cee8476c345055e8ec7defcbd8572142291642459f2f88051
5a5c9225469e48993d5281d3,Primeira Liga,2024/2025,DEVELOPMENT,2024-09-23,20:15,MATCH_KICKOFF_TIME_TIMEZONE_NOT_STATED_BY_SOURCE,,NOT_VERIFIED_DO_NOT_INFER,Boavista,Benfica,0,3,A,EVALUATION_ONLY_JOIN_AFTER_PREMATCH_FEATURE_FREEZE,13.91,7.23,1.18,EXTERNAL_HISTORICAL_MARKET_BENCHMARK,NOT_AVAILABLE,NOT_GOLDBET,fa9ce5551857620fddfb358f71488061fb9316ea3cb3797644fc0c87ab1bfe5a
7927de473771acebfd673924,Primeira Liga,2024/2025,DEVELOPMENT,2024-09-27,20:15,MATCH_KICKOFF_TIME_TIMEZONE_NOT_STATED_BY_SOURCE,,NOT_VERIFIED_DO_NOT_INFER,Estoril,Sp Lisbon,0,3,A,EVALUATION_ONLY_JOIN_AFTER_PREMATCH_FEATURE_FREEZE,16.86,8.3,1.14,EXTERNAL_HISTORICAL_MARKET_BENCHMARK,NOT_AVAILABLE,NOT_GOLDBET,c17b5dd5107261ab52dc5eda5e4b6c42f54da8d45c0396221f7e8d64f61c53e0
63ac061e9c1d5049e5bbbe16,Primeira Liga,2024/2025,DEVELOPMENT,2024-09-28,15:30,MATCH_KICKOFF_TIME_TIMEZONE_NOT_STATED_BY_SOURCE,,NOT_VERIFIED_DO_NOT_INFER,Estrela,Moreirense,2,1,H,EVALUATION_ONLY_JOIN_AFTER_PREMATCH_FEATURE_FREEZE,3.13,3.07,2.44,EXTERNAL_HISTORICAL_MARKET_BENCHMARK,NOT_AVAILABLE,NOT_GOLDBET,5d3ac3f496cc4a0539bbdcd99cb94b645d950041930b9ff7677e1debab863399
2aedf3ff8f5d56deae11a160,Primeira Liga,2024/2025,DEVELOPMENT,2024-09-28,18:00,MATCH_KICKOFF_TIME_TIMEZONE_NOT_STATED_BY_SOURCE,,NOT_VERIFIED_DO_NOT_INFER,Casa Pia,Guimaraes,1,1,D,EVALUATION_ONLY_JOIN_AFTER_PREMATCH_FEATURE_FREEZE,4.12,3.21,1.98,EXTERNAL_HISTORICAL_MARKET_BENCHMARK,NOT_AVAILABLE,NOT_GOLDBET,b05a653130d58c84cf974bba94883213c6589034dd70304a318d157dcdb47c0e
3bc039ff21ebf2170d5a7ef5,Primeira Liga,2024/2025,DEVELOPMENT,2024-09-28,20:30,MATCH_KICKOFF_TIME_TIMEZONE_NOT_STATED_BY_SOURCE,,NOT_VERIFIED_DO_NOT_INFER,Benfica,Gil Vicente,5,1,H,EVALUATION_ONLY_JOIN_AFTER_PREMATCH_FEATURE_FREEZE,1.16,7.8,15.73,EXTERNAL_HISTORICAL_MARKET_BENCHMARK,NOT_AVAILABLE,NOT_GOLDBET,129a585b2f99b58331b708a5fe86e3873f1a6e11d7c168efd94a9e1696dfabec
6fb4ba6b5e7f86e4b1b8e090,Primeira Liga,2024/2025,DEVELOPMENT,2024-09-29,15:30,MATCH_KICKOFF_TIME_TIMEZONE_NOT_STATED_BY_SOURCE,,NOT_VERIFIED_DO_NOT_INFER,Famalicao,Nacional,0,0,D,EVALUATION_ONLY_JOIN_AFTER_PREMATCH_FEATURE_FREEZE,1.72,3.63,5.01,EXTERNAL_HISTORICAL_MARKET_BENCHMARK,NOT_AVAILABLE,NOT_GOLDBET,f3520ab3822b5ab887b95a2379a202847117e2b2c8f091aea98795e0c82a61a0
59f25000c540b4477821c987,Primeira Liga,2024/2025,DEVELOPMENT,2024-09-29,18:00,MATCH_KICKOFF_TIME_TIMEZONE_NOT_STATED_BY_SOURCE,,NOT_VERIFIED_DO_NOT_INFER,Porto,Arouca,4,0,H,EVALUATION_ONLY_JOIN_AFTER_PREMATCH_FEATURE_FREEZE,1.2,6.64,13.26,EXTERNAL_HISTORICAL_MARKET_BENCHMARK,NOT_AVAILABLE,NOT_GOLDBET,ff209fee2dc648e44d7b78017d30e80c5e67a722a0d83696b45c462eb4a88f10
0079a6c35915724e00c47579,Primeira Liga,2024/2025,DEVELOPMENT,2024-09-29,20:30,MATCH_KICKOFF_TIME_TIMEZONE_NOT_STATED_BY_SOURCE,,NOT_VERIFIED_DO_NOT_INFER,Santa Clara,Boavista,1,0,H,EVALUATION_ONLY_JOIN_AFTER_PREMATCH_FEATURE_FREEZE,1.52,4.05,6.62,EXTERNAL_HISTORICAL_MARKET_BENCHMARK,NOT_AVAILABLE,NOT_GOLDBET,dddca36601a8bec8c25b2d9128d61ead91d47a8d418b15275bb545c828b07d0b
8fb2835b63dd640d62de8a3d,Primeira Liga,2024/2025,DEVELOPMENT,2024-09-29,20:30,MATCH_KICKOFF_TIME_TIMEZONE_NOT_STATED_BY_SOURCE,,NOT_VERIFIED_DO_NOT_INFER,Sp Braga,Rio Ave,4,0,H,EVALUATION_ONLY_JOIN_AFTER_PREMATCH_FEATURE_FREEZE,1.55,4.16,5.81,EXTERNAL_HISTORICAL_MARKET_BENCHMARK,NOT_AVAILABLE,NOT_GOLDBET,b2f6e225eda2c730311443851894bb835d5bbcd6aa163c6b2698db82fdb597c7
faa35fd73c9cd5ed7742362c,Primeira Liga,2024/2025,DEVELOPMENT,2024-09-30,20:15,MATCH_KICKOFF_TIME_TIMEZONE_NOT_STATED_BY_SOURCE,,NOT_VERIFIED_DO_NOT_INFER,AVS,Farense,0,0,D,EVALUATION_ONLY_JOIN_AFTER_PREMATCH_FEATURE_FREEZE,2.08,3.39,3.64,EXTERNAL_HISTORICAL_MARKET_BENCHMARK,NOT_AVAILABLE,NOT_GOLDBET,f63f940b39e7441b21671df63b6ad7c5b671418374e09026477eab86b8a57689
f65aa8c0ed85c00dd570819e,Primeira Liga,2024/2025,DEVELOPMENT,2024-10-04,20:15,MATCH_KICKOFF_TIME_TIMEZONE_NOT_STATED_BY_SOURCE,,NOT_VERIFIED_DO_NOT_INFER,Rio Ave,Famalicao,1,1,D,EVALUATION_ONLY_JOIN_AFTER_PREMATCH_FEATURE_FREEZE,2.91,2.96,2.68,EXTERNAL_HISTORICAL_MARKET_BENCHMARK,NOT_AVAILABLE,NOT_GOLDBET,468e528959d22f2311521500b250c1b6e1e6ac2173091a47cbe49874ff52e5a0
18f2ec79458b6dd0852f503b,Primeira Liga,2024/2025,DEVELOPMENT,2024-10-05,15:30,MATCH_KICKOFF_TIME_TIMEZONE_NOT_STATED_BY_SOURCE,,NOT_VERIFIED_DO_NOT_INFER,Gil Vicente,Estrela,3,0,H,EVALUATION_ONLY_JOIN_AFTER_PREMATCH_FEATURE_FREEZE,1.92,3.41,4.17,EXTERNAL_HISTORICAL_MARKET_BENCHMARK,NOT_AVAILABLE,NOT_GOLDBET,bc6e999a448c5916cb794e467928c750c2ea3fd1cabb24dada3d374c7948fdca
07d5fb11dbc0bbbf1d714cd6,Primeira Liga,2024/2025,DEVELOPMENT,2024-10-05,15:30,MATCH_KICKOFF_TIME_TIMEZONE_NOT_STATED_BY_SOURCE,,NOT_VERIFIED_DO_NOT_INFER,Moreirense,Santa Clara,1,0,H,EVALUATION_ONLY_JOIN_AFTER_PREMATCH_FEATURE_FREEZE,2.69,2.82,2.99,EXTERNAL_HISTORICAL_MARKET_BENCHMARK,NOT_AVAILABLE,NOT_GOLDBET,cc1be3df6cc4e2a2565bade84f8e6ee8c64979699119ba7f3352cd62410e42fc
b45e52b3671f8a8ec8a0ae85,Primeira Liga,2024/2025,DEVELOPMENT,2024-10-05,18:00,MATCH_KICKOFF_TIME_TIMEZONE_NOT_STATED_BY_SOURCE,,NOT_VERIFIED_DO_NOT_INFER,Arouca,AVS,1,1,D,EVALUATION_ONLY_JOIN_AFTER_PREMATCH_FEATURE_FREEZE,2.14,3.21,3.64,EXTERNAL_HISTORICAL_MARKET_BENCHMARK,NOT_AVAILABLE,NOT_GOLDBET,e63c2c8d4d4fe2e902fcca73de6aad551b5b910d2929677bb764d095d302a35d
bc2dd0fb63dbfc86e11cf628,Primeira Liga,2024/2025,DEVELOPMENT,2024-10-05,20:30,MATCH_KICKOFF_TIME_TIMEZONE_NOT_STATED_BY_SOURCE,,NOT_VERIFIED_DO_NOT_INFER,Sp Lisbon,Casa Pia,2,0,H,EVALUATION_ONLY_JOIN_AFTER_PREMATCH_FEATURE_FREEZE,1.12,9.32,19.53,EXTERNAL_HISTORICAL_MARKET_BENCHMARK,NOT_AVAILABLE,NOT_GOLDBET,2992d92e5d1e37ca7506e7328e63db315951811ed363e44962ceabe9d3f81e0c
c68e187dbeea25e2f34f6e24,Primeira Liga,2024/2025,DEVELOPMENT,2024-10-06,15:30,MATCH_KICKOFF_TIME_TIMEZONE_NOT_STATED_BY_SOURCE,,NOT_VERIFIED_DO_NOT_INFER,Farense,Estoril,1,0,H,EVALUATION_ONLY_JOIN_AFTER_PREMATCH_FEATURE_FREEZE,2.11,3.29,3.63,EXTERNAL_HISTORICAL_MARKET_BENCHMARK,NOT_AVAILABLE,NOT_GOLDBET,87ad9ea27cfba0109a35a3c28e3c7baceff706b171b1ebcd9714062165b5b604
9b7c80db469f30787c79fe55,Primeira Liga,2024/2025,DEVELOPMENT,2024-10-06,15:30,MATCH_KICKOFF_TIME_TIMEZONE_NOT_STATED_BY_SOURCE,,NOT_VERIFIED_DO_NOT_INFER,Guimaraes,Boavista,2,2,D,EVALUATION_ONLY_JOIN_AFTER_PREMATCH_FEATURE_FREEZE,1.38,4.57,9.24,EXTERNAL_HISTORICAL_MARKET_BENCHMARK,NOT_AVAILABLE,NOT_GOLDBET,3faec6bf353c1693961ec51d2f74dc518f7db6fb051ce729714a93484e299ac5
45a439dc5ac8f57b2a4fa748,Primeira Liga,2024/2025,DEVELOPMENT,2024-10-06,20:30,MATCH_KICKOFF_TIME_TIMEZONE_NOT_STATED_BY_SOURCE,,NOT_VERIFIED_DO_NOT_INFER,Porto,Sp Braga,2,1,H,EVALUATION_ONLY_JOIN_AFTER_PREMATCH_FEATURE_FREEZE,1.44,4.69,6.84,EXTERNAL_HISTORICAL_MARKET_BENCHMARK,NOT_AVAILABLE,NOT_GOLDBET,ca5900dc18916ebf1153b5812a49908db4f70d185e0ac3a8c993795dfd8d8366
e1c5c126ebe257b2e836a731,Primeira Liga,2024/2025,DEVELOPMENT,2024-10-25,18:45,MATCH_KICKOFF_TIME_TIMEZONE_NOT_STATED_BY_SOURCE,,NOT_VERIFIED_DO_NOT_INFER,Casa Pia,Nacional,1,0,H,EVALUATION_ONLY_JOIN_AFTER_PREMATCH_FEATURE_FREEZE,2.18,3.27,3.44,EXTERNAL_HISTORICAL_MARKET_BENCHMARK,NOT_AVAILABLE,NOT_GOLDBET,e4673a3d8104bdc04abfd9e7389c30e34b071b36824f7eacfe387c75ed74b5bb
0eeaa0f74c46dfb0674d87c4,Primeira Liga,2024/2025,DEVELOPMENT,2024-10-25,20:45,MATCH_KICKOFF_TIME_TIMEZONE_NOT_STATED_BY_SOURCE,,NOT_VERIFIED_DO_NOT_INFER,Santa Clara,Gil Vicente,2,1,H,EVALUATION_ONLY_JOIN_AFTER_PREMATCH_FEATURE_FREEZE,2.09,2.97,4.13,EXTERNAL_HISTORICAL_MARKET_BENCHMARK,NOT_AVAILABLE,NOT_GOLDBET,499b29f900d4e9f3204f16354bc17e1bf0f73f2d781ae355d9835540e41c3b9a
abdcbf036a3ed8056c53b9ef,Primeira Liga,2024/2025,DEVELOPMENT,2024-10-26,15:30,MATCH_KICKOFF_TIME_TIMEZONE_NOT_STATED_BY_SOURCE,,NOT_VERIFIED_DO_NOT_INFER,Estoril,Arouca,4,1,H,EVALUATION_ONLY_JOIN_AFTER_PREMATCH_FEATURE_FREEZE,3.08,3.13,2.42,EXTERNAL_HISTORICAL_MARKET_BENCHMARK,NOT_AVAILABLE,NOT_GOLDBET,4fc9d82418a67828581fb651c47f6c2b56c2b7fd7a07312c47fe13dd38838901
ce0eea99952e57addbb2a473,Primeira Liga,2024/2025,DEVELOPMENT,2024-10-26,18:00,MATCH_KICKOFF_TIME_TIMEZONE_NOT_STATED_BY_SOURCE,,NOT_VERIFIED_DO_NOT_INFER,Boavista,Moreirense,0,2,A,EVALUATION_ONLY_JOIN_AFTER_PREMATCH_FEATURE_FREEZE,3.39,3.07,2.3,EXTERNAL_HISTORICAL_MARKET_BENCHMARK,NOT_AVAILABLE,NOT_GOLDBET,4111994d67e05a48f9c5ba57d2962a6edc784a6e6b2736223cb06bd75539f138
8887f2e01a5528841c4d4ef4,Primeira Liga,2024/2025,DEVELOPMENT,2024-10-26,20:30,MATCH_KICKOFF_TIME_TIMEZONE_NOT_STATED_BY_SOURCE,,NOT_VERIFIED_DO_NOT_INFER,Famalicao,Sp Lisbon,0,3,A,EVALUATION_ONLY_JOIN_AFTER_PREMATCH_FEATURE_FREEZE,10.6,5.45,1.28,EXTERNAL_HISTORICAL_MARKET_BENCHMARK,NOT_AVAILABLE,NOT_GOLDBET,5dd4f422f074bb0ecd894baa8779972f735ff38b148568e14bc3de4ba88bb1ac
f88c8965a1d8cfeff2112eff,Primeira Liga,2024/2025,DEVELOPMENT,2024-10-27,15:30,MATCH_KICKOFF_TIME_TIMEZONE_NOT_STATED_BY_SOURCE,,NOT_VERIFIED_DO_NOT_INFER,Sp Braga,Farense,2,0,H,EVALUATION_ONLY_JOIN_AFTER_PREMATCH_FEATURE_FREEZE,1.31,5.49,9.06,EXTERNAL_HISTORICAL_MARKET_BENCHMARK,NOT_AVAILABLE,NOT_GOLDBET,85f4db049d28920d3003b0a5c5b84c8ed9e9740f67f9fa8bce38a933555948d3
b2963f7fb418e3769d80612a,Primeira Liga,2024/2025,DEVELOPMENT,2024-10-27,18:00,MATCH_KICKOFF_TIME_TIMEZONE_NOT_STATED_BY_SOURCE,,NOT_VERIFIED_DO_NOT_INFER,Benfica,Rio Ave,5,0,H,EVALUATION_ONLY_JOIN_AFTER_PREMATCH_FEATURE_FREEZE,1.12,9,18.69,EXTERNAL_HISTORICAL_MARKET_BENCHMARK,NOT_AVAILABLE,NOT_GOLDBET,5f4c210a3cb9d2bfcc5be363232b100c1201693edc3ce78c599880daa0a66dda
a829e0b84e4c7528a34fc6b4,Primeira Liga,2024/2025,DEVELOPMENT,2024-10-27,20:30,MATCH_KICKOFF_TIME_TIMEZONE_NOT_STATED_BY_SOURCE,,NOT_VERIFIED_DO_NOT_INFER,Estrela,Guimaraes,2,2,D,EVALUATION_ONLY_JOIN_AFTER_PREMATCH_FEATURE_FREEZE,5.02,3.51,1.75,EXTERNAL_HISTORICAL_MARKET_BENCHMARK,NOT_AVAILABLE,NOT_GOLDBET,c3068e248bf48728757cff8cd71f0e070cd4e0a0a0bd48d4651ec5923e66eb1b
a722490cfbaa8ac77aa8ea80,Primeira Liga,2024/2025,DEVELOPMENT,2024-10-28,20:15,MATCH_KICKOFF_TIME_TIMEZONE_NOT_STATED_BY_SOURCE,,NOT_VERIFIED_DO_NOT_INFER,AVS,Porto,0,5,A,EVALUATION_ONLY_JOIN_AFTER_PREMATCH_FEATURE_FREEZE,9.8,5.07,1.32,EXTERNAL_HISTORICAL_MARKET_BENCHMARK,NOT_AVAILABLE,NOT_GOLDBET,b9727b3ed87b02d9acd31d7f7ca61f3c8f61f7fd0a3df102c94ad512b1701fa3
a2e32dbf0803776841bb02fc,Primeira Liga,2024/2025,DEVELOPMENT,2024-11-01,20:15,MATCH_KICKOFF_TIME_TIMEZONE_NOT_STATED_BY_SOURCE,,NOT_VERIFIED_DO_NOT_INFER,Sp Lisbon,Estrela,5,1,H,EVALUATION_ONLY_JOIN_AFTER_PREMATCH_FEATURE_FREEZE,1.07,11.92,27.51,EXTERNAL_HISTORICAL_MARKET_BENCHMARK,NOT_AVAILABLE,NOT_GOLDBET,f907fe443d8185fc0ed1a8ac9c7476a928060c3ca8af6bbc6606eac098f3eb7d
2b191ecd03845403a5b54860,Primeira Liga,2024/2025,DEVELOPMENT,2024-11-02,15:30,MATCH_KICKOFF_TIME_TIMEZONE_NOT_STATED_BY_SOURCE,,NOT_VERIFIED_DO_NOT_INFER,Rio Ave,Casa Pia,2,2,D,EVALUATION_ONLY_JOIN_AFTER_PREMATCH_FEATURE_FREEZE,2.4,3.14,3.14,EXTERNAL_HISTORICAL_MARKET_BENCHMARK,NOT_AVAILABLE,NOT_GOLDBET,fccbe4f5da4b432401c88f6c95a8235869337ab2c29920831f6ed03f600fb473
aac23b802502da7c94c3b743,Primeira Liga,2024/2025,DEVELOPMENT,2024-11-02,18:00,MATCH_KICKOFF_TIME_TIMEZONE_NOT_STATED_BY_SOURCE,,NOT_VERIFIED_DO_NOT_INFER,Farense,Benfica,1,2,A,EVALUATION_ONLY_JOIN_AFTER_PREMATCH_FEATURE_FREEZE,20.9,8.52,1.13,EXTERNAL_HISTORICAL_MARKET_BENCHMARK,NOT_AVAILABLE,NOT_GOLDBET,7616745078ac3e12ede16cf5db46077a2d14d074a09ec50fb9470c65ee74e557
208b37415f7f634994fc49a0,Primeira Liga,2024/2025,DEVELOPMENT,2024-11-02,20:30,MATCH_KICKOFF_TIME_TIMEZONE_NOT_STATED_BY_SOURCE,,NOT_VERIFIED_DO_NOT_INFER,Gil Vicente,Boavista,1,2,A,EVALUATION_ONLY_JOIN_AFTER_PREMATCH_FEATURE_FREEZE,1.75,3.53,4.95,EXTERNAL_HISTORICAL_MARKET_BENCHMARK,NOT_AVAILABLE,NOT_GOLDBET,7aa470203f98e30a317c85346b5ba507cc966445e24fc2e79256615c21ea5f8c
51e1398f65c5583bb5cdcc67,Primeira Liga,2024/2025,DEVELOPMENT,2024-11-03,15:30,MATCH_KICKOFF_TIME_TIMEZONE_NOT_STATED_BY_SOURCE,,NOT_VERIFIED_DO_NOT_INFER,AVS,Famalicao,2,3,A,EVALUATION_ONLY_JOIN_AFTER_PREMATCH_FEATURE_FREEZE,3.39,2.97,2.37,EXTERNAL_HISTORICAL_MARKET_BENCHMARK,NOT_AVAILABLE,NOT_GOLDBET,3f5796cfca38c45c674fe6566378bd0bade7c53e796f8d09f44aee54e1cca245
868c42711b6a14bb7d8ee133,Primeira Liga,2024/2025,DEVELOPMENT,2024-11-03,18:00,MATCH_KICKOFF_TIME_TIMEZONE_NOT_STATED_BY_SOURCE,,NOT_VERIFIED_DO_NOT_INFER,Arouca,Sp Braga,1,2,A,EVALUATION_ONLY_JOIN_AFTER_PREMATCH_FEATURE_FREEZE,4.58,3.78,1.75,EXTERNAL_HISTORICAL_MARKET_BENCHMARK,NOT_AVAILABLE,NOT_GOLDBET,ad5b974dc8f567dd3103c71b404392cabefdaff4b8b8067988592e8b9728484e
a3439b05a36309f70b9ed916,Primeira Liga,2024/2025,DEVELOPMENT,2024-11-03,18:00,MATCH_KICKOFF_TIME_TIMEZONE_NOT_STATED_BY_SOURCE,,NOT_VERIFIED_DO_NOT_INFER,Guimaraes,Moreirense,1,0,H,EVALUATION_ONLY_JOIN_AFTER_PREMATCH_FEATURE_FREEZE,1.81,3.36,4.87,EXTERNAL_HISTORICAL_MARKET_BENCHMARK,NOT_AVAILABLE,NOT_GOLDBET,89b6f4ecfd66a213b08a06c94002eef960f280bebab6f4936d341603780a02e1
f075f7d700054d5d7d61b004,Primeira Liga,2024/2025,DEVELOPMENT,2024-11-03,20:30,MATCH_KICKOFF_TIME_TIMEZONE_NOT_STATED_BY_SOURCE,,NOT_VERIFIED_DO_NOT_INFER,Porto,Estoril,4,0,H,EVALUATION_ONLY_JOIN_AFTER_PREMATCH_FEATURE_FREEZE,1.13,8.73,19.4,EXTERNAL_HISTORICAL_MARKET_BENCHMARK,NOT_AVAILABLE,NOT_GOLDBET,23f009cc00148bee0f991f9f7217d0bdb671f6a8007f32cddf432192f91cb67c
9e4f1e67c0da11a677ce5290,Primeira Liga,2024/2025,DEVELOPMENT,2024-11-04,20:15,MATCH_KICKOFF_TIME_TIMEZONE_NOT_STATED_BY_SOURCE,,NOT_VERIFIED_DO_NOT_INFER,Nacional,Santa Clara,2,0,H,EVALUATION_ONLY_JOIN_AFTER_PREMATCH_FEATURE_FREEZE,2.85,3.08,2.62,EXTERNAL_HISTORICAL_MARKET_BENCHMARK,NOT_AVAILABLE,NOT_GOLDBET,6ef9a8e76b161a91c9eb4a90a72552b96bf4f0ab3aa2e20eec66b843013d3772
0861b9b8165fd6deeefd5921,Primeira Liga,2024/2025,DEVELOPMENT,2024-11-08,20:15,MATCH_KICKOFF_TIME_TIMEZONE_NOT_STATED_BY_SOURCE,,NOT_VERIFIED_DO_NOT_INFER,Moreirense,Gil Vicente,3,2,H,EVALUATION_ONLY_JOIN_AFTER_PREMATCH_FEATURE_FREEZE,2.18,3.03,3.76,EXTERNAL_HISTORICAL_MARKET_BENCHMARK,NOT_AVAILABLE,NOT_GOLDBET,5b70fc1c408eb3cd59a7dc2c75adcc8a61266d999364b09de03965e84852b218
9b071e79de2faf149b43666e,Primeira Liga,2024/2025,DEVELOPMENT,2024-11-09,15:30,MATCH_KICKOFF_TIME_TIMEZONE_NOT_STATED_BY_SOURCE,,NOT_VERIFIED_DO_NOT_INFER,Casa Pia,Farense,1,1,D,EVALUATION_ONLY_JOIN_AFTER_PREMATCH_FEATURE_FREEZE,1.97,3.21,4.22,EXTERNAL_HISTORICAL_MARKET_BENCHMARK,NOT_AVAILABLE,NOT_GOLDBET,0d63294bb6e1a610ad5b2fa6bb49a33ebc37c854d716bcca1eab2c221e0645f3
7dd36d1ddfe46a06324b79b9,Primeira Liga,2024/2025,DEVELOPMENT,2024-11-09,15:30,MATCH_KICKOFF_TIME_TIMEZONE_NOT_STATED_BY_SOURCE,,NOT_VERIFIED_DO_NOT_INFER,Estoril,AVS,0,0,D,EVALUATION_ONLY_JOIN_AFTER_PREMATCH_FEATURE_FREEZE,2.15,3.2,3.6,EXTERNAL_HISTORICAL_MARKET_BENCHMARK,NOT_AVAILABLE,NOT_GOLDBET,2aa1bc2a2788a351ea40af66ff09ad5d484435c2ed16719c3fc44788674888d3
d5ef19163434bfcf249e291e,Primeira Liga,2024/2025,DEVELOPMENT,2024-11-09,18:00,MATCH_KICKOFF_TIME_TIMEZONE_NOT_STATED_BY_SOURCE,,NOT_VERIFIED_DO_NOT_INFER,Famalicao,Arouca,0,0,D,EVALUATION_ONLY_JOIN_AFTER_PREMATCH_FEATURE_FREEZE,2.28,3.19,3.32,EXTERNAL_HISTORICAL_MARKET_BENCHMARK,NOT_AVAILABLE,NOT_GOLDBET,692273d9d7f1eb6a5fe249c77e3fb1b94d7997be2c37778e3de811c26d87c96c
0ee4fdf01dd130214535f1e1,Primeira Liga,2024/2025,DEVELOPMENT,2024-11-09,20:30,MATCH_KICKOFF_TIME_TIMEZONE_NOT_STATED_BY_SOURCE,,NOT_VERIFIED_DO_NOT_INFER,Boavista,Rio Ave,0,2,A,EVALUATION_ONLY_JOIN_AFTER_PREMATCH_FEATURE_FREEZE,2.93,3.17,2.52,EXTERNAL_HISTORICAL_MARKET_BENCHMARK,NOT_AVAILABLE,NOT_GOLDBET,86741f37ca822229d3f75ef58e8498855c83a41f73253040e831c1f826acdf77
8503519ff81e2eb0260c5762,Primeira Liga,2024/2025,DEVELOPMENT,2024-11-10,15:30,MATCH_KICKOFF_TIME_TIMEZONE_NOT_STATED_BY_SOURCE,,NOT_VERIFIED_DO_NOT_INFER,Estrela,Nacional,2,0,H,EVALUATION_ONLY_JOIN_AFTER_PREMATCH_FEATURE_FREEZE,2.23,3.28,3.31,EXTERNAL_HISTORICAL_MARKET_BENCHMARK,NOT_AVAILABLE,NOT_GOLDBET,4d94014f6fabd4685871b5084ccf22188c1377c20e6faac9b5c1223e660e2232
18282bc196cb2e56efd62d24,Primeira Liga,2024/2025,DEVELOPMENT,2024-11-10,16:30,MATCH_KICKOFF_TIME_TIMEZONE_NOT_STATED_BY_SOURCE,,NOT_VERIFIED_DO_NOT_INFER,Santa Clara,Guimaraes,1,0,H,EVALUATION_ONLY_JOIN_AFTER_PREMATCH_FEATURE_FREEZE,2.71,2.96,2.87,EXTERNAL_HISTORICAL_MARKET_BENCHMARK,NOT_AVAILABLE,NOT_GOLDBET,af81da15055adb3d8a99ab9140ab798e4af890944c2a8a73114a3764b196be84
a6889f0ef1068e82cc531b5c,Primeira Liga,2024/2025,DEVELOPMENT,2024-11-10,18:45,MATCH_KICKOFF_TIME_TIMEZONE_NOT_STATED_BY_SOURCE,,NOT_VERIFIED_DO_NOT_INFER,Sp Braga,Sp Lisbon,2,4,A,EVALUATION_ONLY_JOIN_AFTER_PREMATCH_FEATURE_FREEZE,5.22,4.25,1.59,EXTERNAL_HISTORICAL_MARKET_BENCHMARK,NOT_AVAILABLE,NOT_GOLDBET,f9d992b75f9e87168d5da3fe0b86b249d87cbbf38d0eaeb5927b903becedb203
5fbfa7e1a8743d3b4c4fcaca,Primeira Liga,2024/2025,DEVELOPMENT,2024-11-10,20:45,MATCH_KICKOFF_TIME_TIMEZONE_NOT_STATED_BY_SOURCE,,NOT_VERIFIED_DO_NOT_INFER,Benfica,Porto,4,1,H,EVALUATION_ONLY_JOIN_AFTER_PREMATCH_FEATURE_FREEZE,1.91,3.55,3.92,EXTERNAL_HISTORICAL_MARKET_BENCHMARK,NOT_AVAILABLE,NOT_GOLDBET,c7e7c3398f2e2c98893756f768415581f916380edfd518d2f9bb18eea6f27e3d
448b5b9a3444ca891c261a3b,Primeira Liga,2024/2025,DEVELOPMENT,2024-11-29,20:15,MATCH_KICKOFF_TIME_TIMEZONE_NOT_STATED_BY_SOURCE,,NOT_VERIFIED_DO_NOT_INFER,Farense,Estrela,1,0,H,EVALUATION_ONLY_JOIN_AFTER_PREMATCH_FEATURE_FREEZE,2.32,3.11,3.3,EXTERNAL_HISTORICAL_MARKET_BENCHMARK,NOT_AVAILABLE,NOT_GOLDBET,d5280901cdf2ef391b7bb889e562c1071abd20523c74dd6ccd575fcd5b59e3a9
21afa6a4e7b3803e21a34914,Primeira Liga,2024/2025,DEVELOPMENT,2024-11-30,15:30,MATCH_KICKOFF_TIME_TIMEZONE_NOT_STATED_BY_SOURCE,,NOT_VERIFIED_DO_NOT_INFER,Rio Ave,Moreirense,3,2,H,EVALUATION_ONLY_JOIN_AFTER_PREMATCH_FEATURE_FREEZE,2.71,3.13,2.73,EXTERNAL_HISTORICAL_MARKET_BENCHMARK,NOT_AVAILABLE,NOT_GOLDBET,7bb0bec9ea9a790275febbec68d699123a7a0843912a487f7d0c63ea212fdbda
4df65f5e5f51e48ca945a03f,Primeira Liga,2024/2025,DEVELOPMENT,2024-11-30,18:00,MATCH_KICKOFF_TIME_TIMEZONE_NOT_STATED_BY_SOURCE,,NOT_VERIFIED_DO_NOT_INFER,Nacional,Boavista,0,0,D,EVALUATION_ONLY_JOIN_AFTER_PREMATCH_FEATURE_FREEZE,1.97,3.37,3.98,EXTERNAL_HISTORICAL_MARKET_BENCHMARK,NOT_AVAILABLE,NOT_GOLDBET,f7a0ca056b042103e2dec19cd0cea6e86a5ae3f79ac0824d2930e0c4c3e050d2
c95708eadc0c8e3e344bd26e,Primeira Liga,2024/2025,DEVELOPMENT,2024-11-30,20:30,MATCH_KICKOFF_TIME_TIMEZONE_NOT_STATED_BY_SOURCE,,NOT_VERIFIED_DO_NOT_INFER,Sp Lisbon,Santa Clara,0,1,A,EVALUATION_ONLY_JOIN_AFTER_PREMATCH_FEATURE_FREEZE,1.21,6.53,12.88,EXTERNAL_HISTORICAL_MARKET_BENCHMARK,NOT_AVAILABLE,NOT_GOLDBET,40e905f5bf25e9bdb02ea9dc988a384a4bae5ac8a12a826c13679eebceaf0462
54efc94001a9cfa1da2697f8,Primeira Liga,2024/2025,DEVELOPMENT,2024-12-01,15:30,MATCH_KICKOFF_TIME_TIMEZONE_NOT_STATED_BY_SOURCE,,NOT_VERIFIED_DO_NOT_INFER,Estoril,Famalicao,2,1,H,EVALUATION_ONLY_JOIN_AFTER_PREMATCH_FEATURE_FREEZE,3.26,3.09,2.34,EXTERNAL_HISTORICAL_MARKET_BENCHMARK,NOT_AVAILABLE,NOT_GOLDBET,91713ec2b532e9fa33492591a7c45d95848a27b0ec9c9295e33db7a4cfb3ed5a
cc98741071d945d2a115f071,Primeira Liga,2024/2025,DEVELOPMENT,2024-12-01,18:00,MATCH_KICKOFF_TIME_TIMEZONE_NOT_STATED_BY_SOURCE,,NOT_VERIFIED_DO_NOT_INFER,Arouca,Benfica,0,2,A,EVALUATION_ONLY_JOIN_AFTER_PREMATCH_FEATURE_FREEZE,12.64,6.67,1.21,EXTERNAL_HISTORICAL_MARKET_BENCHMARK,NOT_AVAILABLE,NOT_GOLDBET,f3d844d0eba3627b725835a61e12d2e82814e1944aa5a782576d6e7eb47026c4
66ec4b726bd089bdeb02e94a,Primeira Liga,2024/2025,DEVELOPMENT,2024-12-01,20:30,MATCH_KICKOFF_TIME_TIMEZONE_NOT_STATED_BY_SOURCE,,NOT_VERIFIED_DO_NOT_INFER,AVS,Sp Braga,0,1,A,EVALUATION_ONLY_JOIN_AFTER_PREMATCH_FEATURE_FREEZE,8.22,4.49,1.39,EXTERNAL_HISTORICAL_MARKET_BENCHMARK,NOT_AVAILABLE,NOT_GOLDBET,fd100a09b328c7fd3c0858795dbfa8a1428ba3a7983ffc27ec765146f0e49b70
cb875b3b0b79186644d25570,Primeira Liga,2024/2025,DEVELOPMENT,2024-12-02,18:45,MATCH_KICKOFF_TIME_TIMEZONE_NOT_STATED_BY_SOURCE,,NOT_VERIFIED_DO_NOT_INFER,Guimaraes,Gil Vicente,4,0,H,EVALUATION_ONLY_JOIN_AFTER_PREMATCH_FEATURE_FREEZE,1.73,3.5,5.17,EXTERNAL_HISTORICAL_MARKET_BENCHMARK,NOT_AVAILABLE,NOT_GOLDBET,f1d27365e93723aa90693061c385ab88a1ddc181ebe188be5f31bd8bfae18ec0
d9160c864f07642bbe1d370c,Primeira Liga,2024/2025,DEVELOPMENT,2024-12-02,20:45,MATCH_KICKOFF_TIME_TIMEZONE_NOT_STATED_BY_SOURCE,,NOT_VERIFIED_DO_NOT_INFER,Porto,Casa Pia,2,0,H,EVALUATION_ONLY_JOIN_AFTER_PREMATCH_FEATURE_FREEZE,1.18,6.82,16,EXTERNAL_HISTORICAL_MARKET_BENCHMARK,NOT_AVAILABLE,NOT_GOLDBET,259d5bd02723d86aa265cb3794c5c7983223ce470bf4b0bacd423b5c0542a713
d9fd947d9ac423030069dfa5,Primeira Liga,2024/2025,DEVELOPMENT,2024-12-05,20:15,MATCH_KICKOFF_TIME_TIMEZONE_NOT_STATED_BY_SOURCE,,NOT_VERIFIED_DO_NOT_INFER,Moreirense,Sp Lisbon,2,1,H,EVALUATION_ONLY_JOIN_AFTER_PREMATCH_FEATURE_FREEZE,9.29,5.17,1.32,EXTERNAL_HISTORICAL_MARKET_BENCHMARK,NOT_AVAILABLE,NOT_GOLDBET,d3fe93bbf3d44d7c5c33a80637d28e7d1df0e7b48883f5ece17b9feb3ce6a256
2f6db4f484e802934dff7187,Primeira Liga,2024/2025,DEVELOPMENT,2024-12-06,20:15,MATCH_KICKOFF_TIME_TIMEZONE_NOT_STATED_BY_SOURCE,,NOT_VERIFIED_DO_NOT_INFER,Sp Braga,Estoril,2,2,D,EVALUATION_ONLY_JOIN_AFTER_PREMATCH_FEATURE_FREEZE,1.23,6.4,12.22,EXTERNAL_HISTORICAL_MARKET_BENCHMARK,NOT_AVAILABLE,NOT_GOLDBET,7adb8f75ee902ac7270839e65ac1071febff52e27abbd7ea3a4d9f01831c01e6
fddcae0468c72e551f69bea5,Primeira Liga,2024/2025,DEVELOPMENT,2024-12-07,15:30,MATCH_KICKOFF_TIME_TIMEZONE_NOT_STATED_BY_SOURCE,,NOT_VERIFIED_DO_NOT_INFER,Gil Vicente,Nacional,2,1,H,EVALUATION_ONLY_JOIN_AFTER_PREMATCH_FEATURE_FREEZE,2.01,3.36,3.84,EXTERNAL_HISTORICAL_MARKET_BENCHMARK,NOT_AVAILABLE,NOT_GOLDBET,1fbcb83c330601ab49ab176b187dd8eb346c476bc2cc59d361a1befb76c3477f
5b1fdb3f75ae061c0ec3d988,Primeira Liga,2024/2025,DEVELOPMENT,2024-12-07,18:00,MATCH_KICKOFF_TIME_TIMEZONE_NOT_STATED_BY_SOURCE,,NOT_VERIFIED_DO_NOT_INFER,Benfica,Guimaraes,1,0,H,EVALUATION_ONLY_JOIN_AFTER_PREMATCH_FEATURE_FREEZE,1.29,5.54,10.42,EXTERNAL_HISTORICAL_MARKET_BENCHMARK,NOT_AVAILABLE,NOT_GOLDBET,1d22e0b64b6fc585ca71d7d17517cd7cb2626d8435f0e6e918d68b72db81f71f
869fb53d64c8609bad5c072a,Primeira Liga,2024/2025,DEVELOPMENT,2024-12-07,18:00,MATCH_KICKOFF_TIME_TIMEZONE_NOT_STATED_BY_SOURCE,,NOT_VERIFIED_DO_NOT_INFER,Santa Clara,Rio Ave,1,0,H,EVALUATION_ONLY_JOIN_AFTER_PREMATCH_FEATURE_FREEZE,1.71,3.56,5.24,EXTERNAL_HISTORICAL_MARKET_BENCHMARK,NOT_AVAILABLE,NOT_GOLDBET,a4adf2070c9fc6dce13e64835c7196463244d4a809fbd35ba26f47e5eed36c86
d1350c2e129f3e28ad46b124,Primeira Liga,2024/2025,DEVELOPMENT,2024-12-07,20:30,MATCH_KICKOFF_TIME_TIMEZONE_NOT_STATED_BY_SOURCE,,NOT_VERIFIED_DO_NOT_INFER,Famalicao,Porto,1,1,D,EVALUATION_ONLY_JOIN_AFTER_PREMATCH_FEATURE_FREEZE,8.15,4.7,1.38,EXTERNAL_HISTORICAL_MARKET_BENCHMARK,NOT_AVAILABLE,NOT_GOLDBET,c04fbd91b089ff14c85d964401dbd4f34691b0da977b1e5029118c5d365fb9b0
afd616175d5f3b9598280c8e,Primeira Liga,2024/2025,DEVELOPMENT,2024-12-08,15:30,MATCH_KICKOFF_TIME_TIMEZONE_NOT_STATED_BY_SOURCE,,NOT_VERIFIED_DO_NOT_INFER,Boavista,Farense,1,1,D,EVALUATION_ONLY_JOIN_AFTER_PREMATCH_FEATURE_FREEZE,2.52,3.02,3.04,EXTERNAL_HISTORICAL_MARKET_BENCHMARK,NOT_AVAILABLE,NOT_GOLDBET,3406e2241d17b7ca7c3e4f4f8ba5d8d8fa93e6a99e71fb47279dcb195a9dcd05
aecfe94670f6269aa44c4c1e,Primeira Liga,2024/2025,DEVELOPMENT,2024-12-08,18:00,MATCH_KICKOFF_TIME_TIMEZONE_NOT_STATED_BY_SOURCE,,NOT_VERIFIED_DO_NOT_INFER,Casa Pia,AVS,1,1,D,EVALUATION_ONLY_JOIN_AFTER_PREMATCH_FEATURE_FREEZE,1.81,3.39,4.81,EXTERNAL_HISTORICAL_MARKET_BENCHMARK,NOT_AVAILABLE,NOT_GOLDBET,fa3e12751544e3d0e281aa322b99a229dada085ea394425f8f3cd721bb69b644
4adf4ddb70c37e79087affb2,Primeira Liga,2024/2025,DEVELOPMENT,2024-12-09,20:15,MATCH_KICKOFF_TIME_TIMEZONE_NOT_STATED_BY_SOURCE,,NOT_VERIFIED_DO_NOT_INFER,Estrela,Arouca,2,1,H,EVALUATION_ONLY_JOIN_AFTER_PREMATCH_FEATURE_FREEZE,2.73,3.09,2.69,EXTERNAL_HISTORICAL_MARKET_BENCHMARK,NOT_AVAILABLE,NOT_GOLDBET,26c6b8eeebcb7cd0b298890e34f3000ac8eb7b4dfa5d41a3ff58e080ae69e6fe
4d69d1a0218fb5342a144257,Primeira Liga,2024/2025,DEVELOPMENT,2024-12-14,15:30,MATCH_KICKOFF_TIME_TIMEZONE_NOT_STATED_BY_SOURCE,,NOT_VERIFIED_DO_NOT_INFER,Farense,Gil Vicente,0,1,A,EVALUATION_ONLY_JOIN_AFTER_PREMATCH_FEATURE_FREEZE,2.68,3.06,2.79,EXTERNAL_HISTORICAL_MARKET_BENCHMARK,NOT_AVAILABLE,NOT_GOLDBET,62a313a453f63acbb15ec0133939eab9c40674caf1df3914f3e288ed1fc38da6
ab2b429a0fdb1e2c790ae757,Primeira Liga,2024/2025,DEVELOPMENT,2024-12-14,18:00,MATCH_KICKOFF_TIME_TIMEZONE_NOT_STATED_BY_SOURCE,,NOT_VERIFIED_DO_NOT_INFER,Nacional,Moreirense,1,0,H,EVALUATION_ONLY_JOIN_AFTER_PREMATCH_FEATURE_FREEZE,3.09,3.01,2.48,EXTERNAL_HISTORICAL_MARKET_BENCHMARK,NOT_AVAILABLE,NOT_GOLDBET,608c326d1cf9719da0d76436d79a363b84d8ea3b6e38f8e0727f0f487c89670c
095d17d8259705115bd63b19,Primeira Liga,2024/2025,DEVELOPMENT,2024-12-14,20:30,MATCH_KICKOFF_TIME_TIMEZONE_NOT_STATED_BY_SOURCE,,NOT_VERIFIED_DO_NOT_INFER,Sp Lisbon,Boavista,3,2,H,EVALUATION_ONLY_JOIN_AFTER_PREMATCH_FEATURE_FREEZE,1.11,9.54,19.23,EXTERNAL_HISTORICAL_MARKET_BENCHMARK,NOT_AVAILABLE,NOT_GOLDBET,e6c1cc0660e5af2adc975133f6cac949cedfb715144425a344a9d64e10684b9b
ac3abfab4d0701d17de736e6,Primeira Liga,2024/2025,DEVELOPMENT,2024-12-15,15:30,MATCH_KICKOFF_TIME_TIMEZONE_NOT_STATED_BY_SOURCE,,NOT_VERIFIED_DO_NOT_INFER,Arouca,Santa Clara,1,0,H,EVALUATION_ONLY_JOIN_AFTER_PREMATCH_FEATURE_FREEZE,3.37,3.02,2.32,EXTERNAL_HISTORICAL_MARKET_BENCHMARK,NOT_AVAILABLE,NOT_GOLDBET,e597359bbd02ccc214ae2165786da5d0f9664ba754e95db99bdcb06ed0253f2f
3fa3a06b47bb3326174f6684,Primeira Liga,2024/2025,DEVELOPMENT,2024-12-15,18:00,MATCH_KICKOFF_TIME_TIMEZONE_NOT_STATED_BY_SOURCE,,NOT_VERIFIED_DO_NOT_INFER,AVS,Benfica,1,1,D,EVALUATION_ONLY_JOIN_AFTER_PREMATCH_FEATURE_FREEZE,13.16,6.78,1.2,EXTERNAL_HISTORICAL_MARKET_BENCHMARK,NOT_AVAILABLE,NOT_GOLDBET,325e60446d0d2d55808d18e21ea51ff6877b35e59c5ac09c12402a53d31c06f5
c0b6219fc929aa755e29ba9e,Primeira Liga,2024/2025,DEVELOPMENT,2024-12-15,20:30,MATCH_KICKOFF_TIME_TIMEZONE_NOT_STATED_BY_SOURCE,,NOT_VERIFIED_DO_NOT_INFER,Estoril,Casa Pia,0,2,A,EVALUATION_ONLY_JOIN_AFTER_PREMATCH_FEATURE_FREEZE,2.91,2.84,2.77,EXTERNAL_HISTORICAL_MARKET_BENCHMARK,NOT_AVAILABLE,NOT_GOLDBET,f5707bd3983187d1925bd061aa5df0480e9a3b7fd6998071819f6fe0ff272cb1
b6967cc3b37c60f909962a79,Primeira Liga,2024/2025,DEVELOPMENT,2024-12-16,18:45,MATCH_KICKOFF_TIME_TIMEZONE_NOT_STATED_BY_SOURCE,,NOT_VERIFIED_DO_NOT_INFER,Sp Braga,Famalicao,3,3,D,EVALUATION_ONLY_JOIN_AFTER_PREMATCH_FEATURE_FREEZE,1.57,4.03,5.79,EXTERNAL_HISTORICAL_MARKET_BENCHMARK,NOT_AVAILABLE,NOT_GOLDBET,2b254d9eff83e315510ae7b9bc0cc3333b1837a04c09fe52aa6c64bf6b4a92b3
70bddb5223563f46eac84f73,Primeira Liga,2024/2025,DEVELOPMENT,2024-12-16,20:15,MATCH_KICKOFF_TIME_TIMEZONE_NOT_STATED_BY_SOURCE,,NOT_VERIFIED_DO_NOT_INFER,Porto,Estrela,2,0,H,EVALUATION_ONLY_JOIN_AFTER_PREMATCH_FEATURE_FREEZE,1.15,7.86,17.71,EXTERNAL_HISTORICAL_MARKET_BENCHMARK,NOT_AVAILABLE,NOT_GOLDBET,7dee475cbb44d4b9eeadbf218ca8fe48d46ea965b486894b61ebcec086957fc9
8c6049b6a4afad9e74ee8af3,Primeira Liga,2024/2025,DEVELOPMENT,2024-12-16,20:45,MATCH_KICKOFF_TIME_TIMEZONE_NOT_STATED_BY_SOURCE,,NOT_VERIFIED_DO_NOT_INFER,Rio Ave,Guimaraes,2,2,D,EVALUATION_ONLY_JOIN_AFTER_PREMATCH_FEATURE_FREEZE,4.52,3.47,1.82,EXTERNAL_HISTORICAL_MARKET_BENCHMARK,NOT_AVAILABLE,NOT_GOLDBET,0eb01a1aed4e4d450aedcd44fd160f257ab5250ca2c5e692b094aa128cd3365d
fa1f42ec27d48c67b41c2c0e,Primeira Liga,2024/2025,DEVELOPMENT,2024-12-19,17:00,MATCH_KICKOFF_TIME_TIMEZONE_NOT_STATED_BY_SOURCE,,NOT_VERIFIED_DO_NOT_INFER,Nacional,Benfica,0,2,A,EVALUATION_ONLY_JOIN_AFTER_PREMATCH_FEATURE_FREEZE,10.78,6.09,1.25,EXTERNAL_HISTORICAL_MARKET_BENCHMARK,NOT_AVAILABLE,NOT_GOLDBET,278beb2250f7f1c9726e198028a284ce8aafefb0e6fdeee160dd5b87e2839d17
31e4e4b105b616fdd3647cdd,Primeira Liga,2024/2025,DEVELOPMENT,2024-12-20,20:15,MATCH_KICKOFF_TIME_TIMEZONE_NOT_STATED_BY_SOURCE,,NOT_VERIFIED_DO_NOT_INFER,Casa Pia,Arouca,3,1,H,EVALUATION_ONLY_JOIN_AFTER_PREMATCH_FEATURE_FREEZE,2.37,2.9,3.42,EXTERNAL_HISTORICAL_MARKET_BENCHMARK,NOT_AVAILABLE,NOT_GOLDBET,4b0b67598d999e725f3e6784d34c39a5cde3a33995fd68c6d32ec50bec1cd073
a1da526f9bb7887e3e0df584,Primeira Liga,2024/2025,DEVELOPMENT,2024-12-21,15:30,MATCH_KICKOFF_TIME_TIMEZONE_NOT_STATED_BY_SOURCE,,NOT_VERIFIED_DO_NOT_INFER,Famalicao,Farense,1,2,A,EVALUATION_ONLY_JOIN_AFTER_PREMATCH_FEATURE_FREEZE,1.94,3.23,4.26,EXTERNAL_HISTORICAL_MARKET_BENCHMARK,NOT_AVAILABLE,NOT_GOLDBET,b74df28374b4ce26ab81f33527f3a1ac03607b7736b896ea702019e94077f179
9b7e92963b9cc159cbe37328,Primeira Liga,2024/2025,DEVELOPMENT,2024-12-21,18:00,MATCH_KICKOFF_TIME_TIMEZONE_NOT_STATED_BY_SOURCE,,NOT_VERIFIED_DO_NOT_INFER,Boavista,AVS,0,0,D,EVALUATION_ONLY_JOIN_AFTER_PREMATCH_FEATURE_FREEZE,2.41,3.05,3.15,EXTERNAL_HISTORICAL_MARKET_BENCHMARK,NOT_AVAILABLE,NOT_GOLDBET,88fb9674e4ee666c26335afb8ef77fea93fc4b1c8b90219995f98978c4911993
5fb855cb4ce707ef8a950381,Primeira Liga,2024/2025,DEVELOPMENT,2024-12-21,20:30,MATCH_KICKOFF_TIME_TIMEZONE_NOT_STATED_BY_SOURCE,,NOT_VERIFIED_DO_NOT_INFER,Moreirense,Porto,0,3,A,EVALUATION_ONLY_JOIN_AFTER_PREMATCH_FEATURE_FREEZE,7.04,4.31,1.45,EXTERNAL_HISTORICAL_MARKET_BENCHMARK,NOT_AVAILABLE,NOT_GOLDBET,f0d6f658df82e7bc798c3839f9b26834d4c73430ce82e4ca3ecc107f091e4096
4406f892047892256af560dd,Primeira Liga,2024/2025,DEVELOPMENT,2024-12-22,17:00,MATCH_KICKOFF_TIME_TIMEZONE_NOT_STATED_BY_SOURCE,,NOT_VERIFIED_DO_NOT_INFER,Santa Clara,Sp Braga,0,2,A,EVALUATION_ONLY_JOIN_AFTER_PREMATCH_FEATURE_FREEZE,3.19,3.11,2.35,EXTERNAL_HISTORICAL_MARKET_BENCHMARK,NOT_AVAILABLE,NOT_GOLDBET,7519f1ae721628482e504fbeda53986181e6d619183d5a5e107d3f2066bb3123
d92bf995449013ad63e1ed6b,Primeira Liga,2024/2025,DEVELOPMENT,2024-12-22,20:30,MATCH_KICKOFF_TIME_TIMEZONE_NOT_STATED_BY_SOURCE,,NOT_VERIFIED_DO_NOT_INFER,Gil Vicente,Sp Lisbon,0,0,D,EVALUATION_ONLY_JOIN_AFTER_PREMATCH_FEATURE_FREEZE,8.05,5.19,1.35,EXTERNAL_HISTORICAL_MARKET_BENCHMARK,NOT_AVAILABLE,NOT_GOLDBET,965ff23ce86d0295ce62ab17e679a41fa7ddcb78ca6c9bf577d71616b3f90127
fac9107990c8358dfacba4d0,Primeira Liga,2024/2025,DEVELOPMENT,2024-12-23,18:45,MATCH_KICKOFF_TIME_TIMEZONE_NOT_STATED_BY_SOURCE,,NOT_VERIFIED_DO_NOT_INFER,Benfica,Estoril,3,0,H,EVALUATION_ONLY_JOIN_AFTER_PREMATCH_FEATURE_FREEZE,1.11,9.23,20.62,EXTERNAL_HISTORICAL_MARKET_BENCHMARK,NOT_AVAILABLE,NOT_GOLDBET,a24a3c928404aeb5c9dded82190e698a1b1782deb11cd1095026d2777360f414
e753ebd44885612a3967bd32,Primeira Liga,2024/2025,DEVELOPMENT,2024-12-23,18:45,MATCH_KICKOFF_TIME_TIMEZONE_NOT_STATED_BY_SOURCE,,NOT_VERIFIED_DO_NOT_INFER,Guimaraes,Nacional,2,2,D,EVALUATION_ONLY_JOIN_AFTER_PREMATCH_FEATURE_FREEZE,1.37,4.6,8.66,EXTERNAL_HISTORICAL_MARKET_BENCHMARK,NOT_AVAILABLE,NOT_GOLDBET,e98430edb15eeead9b0b0b3d24e748cb7b5d8358a149a35703bb38e9b1575eda
74b6f0efcd9fef3da9522f28,Primeira Liga,2024/2025,DEVELOPMENT,2024-12-23,20:45,MATCH_KICKOFF_TIME_TIMEZONE_NOT_STATED_BY_SOURCE,,NOT_VERIFIED_DO_NOT_INFER,Estrela,Rio Ave,1,0,H,EVALUATION_ONLY_JOIN_AFTER_PREMATCH_FEATURE_FREEZE,2.43,3.14,3.04,EXTERNAL_HISTORICAL_MARKET_BENCHMARK,NOT_AVAILABLE,NOT_GOLDBET,93e56924342051c080783b0a9d8f97cdf6b4ccb182fde0827d1fe77d406c925a
f854ad1678f159da32fa50ba,Primeira Liga,2024/2025,DEVELOPMENT,2024-12-27,20:15,MATCH_KICKOFF_TIME_TIMEZONE_NOT_STATED_BY_SOURCE,,NOT_VERIFIED_DO_NOT_INFER,Arouca,Gil Vicente,1,1,D,EVALUATION_ONLY_JOIN_AFTER_PREMATCH_FEATURE_FREEZE,2.22,3.07,3.51,EXTERNAL_HISTORICAL_MARKET_BENCHMARK,NOT_AVAILABLE,NOT_GOLDBET,004e0c07cd4d64cdbb8d0903d47e96e48b4e1d98f02723b4d9dae349f36f6fbd
ea30b41f568fd339cf9af12b,Primeira Liga,2024/2025,DEVELOPMENT,2024-12-28,15:30,MATCH_KICKOFF_TIME_TIMEZONE_NOT_STATED_BY_SOURCE,,NOT_VERIFIED_DO_NOT_INFER,AVS,Estrela,1,1,D,EVALUATION_ONLY_JOIN_AFTER_PREMATCH_FEATURE_FREEZE,2.4,2.93,3.29,EXTERNAL_HISTORICAL_MARKET_BENCHMARK,NOT_AVAILABLE,NOT_GOLDBET,1bd59543b69ff2912f95cd34e5685a9e40796c1551f43bde365c0a0c86c65bb6
c8fa4a0fab4fe7ab9ea1a6e4,Primeira Liga,2024/2025,DEVELOPMENT,2024-12-28,18:00,MATCH_KICKOFF_TIME_TIMEZONE_NOT_STATED_BY_SOURCE,,NOT_VERIFIED_DO_NOT_INFER,Estoril,Moreirense,2,2,D,EVALUATION_ONLY_JOIN_AFTER_PREMATCH_FEATURE_FREEZE,2.78,2.95,2.75,EXTERNAL_HISTORICAL_MARKET_BENCHMARK,NOT_AVAILABLE,NOT_GOLDBET,ba65c53de7c9a53a7c4146def970598e3b5455c1ac402eb238de24b5b5c44ec7
95d7b3d3d1bc01e33b20f4d1,Primeira Liga,2024/2025,DEVELOPMENT,2024-12-28,20:30,MATCH_KICKOFF_TIME_TIMEZONE_NOT_STATED_BY_SOURCE,,NOT_VERIFIED_DO_NOT_INFER,Porto,Boavista,4,0,H,EVALUATION_ONLY_JOIN_AFTER_PREMATCH_FEATURE_FREEZE,1.15,7.56,16.14,EXTERNAL_HISTORICAL_MARKET_BENCHMARK,NOT_AVAILABLE,NOT_GOLDBET,8138eed2fe32e6c5b67b2b000dcca8eb0a92f537e03041e438595dad232a4778
c7117d8785e392cbbde59a74,Primeira Liga,2024/2025,DEVELOPMENT,2024-12-29,15:30,MATCH_KICKOFF_TIME_TIMEZONE_NOT_STATED_BY_SOURCE,,NOT_VERIFIED_DO_NOT_INFER,Farense,Guimaraes,2,2,D,EVALUATION_ONLY_JOIN_AFTER_PREMATCH_FEATURE_FREEZE,5.09,3.48,1.73,EXTERNAL_HISTORICAL_MARKET_BENCHMARK,NOT_AVAILABLE,NOT_GOLDBET,1d4bd6e063cc87b4e30f9f70cdb01ae3128a2f1b4415ab0f0b378002b18c1523
7bb94159dd0fed3b2064d63e,Primeira Liga,2024/2025,DEVELOPMENT,2024-12-29,15:30,MATCH_KICKOFF_TIME_TIMEZONE_NOT_STATED_BY_SOURCE,,NOT_VERIFIED_DO_NOT_INFER,Rio Ave,Nacional,2,1,H,EVALUATION_ONLY_JOIN_AFTER_PREMATCH_FEATURE_FREEZE,2.08,3.2,3.71,EXTERNAL_HISTORICAL_MARKET_BENCHMARK,NOT_AVAILABLE,NOT_GOLDBET,d04d99927c55f4e29507253b41e310354ad77d367a32bfcd714ad710e2ec7e15
a0640346acf329edf3645251,Primeira Liga,2024/2025,DEVELOPMENT,2024-12-29,18:00,MATCH_KICKOFF_TIME_TIMEZONE_NOT_STATED_BY_SOURCE,,NOT_VERIFIED_DO_NOT_INFER,Sp Braga,Casa Pia,1,2,A,EVALUATION_ONLY_JOIN_AFTER_PREMATCH_FEATURE_FREEZE,1.48,4.29,6.51,EXTERNAL_HISTORICAL_MARKET_BENCHMARK,NOT_AVAILABLE,NOT_GOLDBET,4b72523306ccae0e486fcac9c59468a0f0f5856f33c0ea6b0654334550f80fac
e2760ad63d07b19d40c1c9f0,Primeira Liga,2024/2025,DEVELOPMENT,2024-12-29,20:30,MATCH_KICKOFF_TIME_TIMEZONE_NOT_STATED_BY_SOURCE,,NOT_VERIFIED_DO_NOT_INFER,Sp Lisbon,Benfica,1,0,H,EVALUATION_ONLY_JOIN_AFTER_PREMATCH_FEATURE_FREEZE,2.51,3.41,2.71,EXTERNAL_HISTORICAL_MARKET_BENCHMARK,NOT_AVAILABLE,NOT_GOLDBET,d255b67cac799d7155ec7112733eb95c9a40ca4f7e6b7699761cde9aaeb89a7e
e723e2c65fc53ce20e0b1c19,Primeira Liga,2024/2025,DEVELOPMENT,2024-12-30,20:15,MATCH_KICKOFF_TIME_TIMEZONE_NOT_STATED_BY_SOURCE,,NOT_VERIFIED_DO_NOT_INFER,Famalicao,Santa Clara,1,2,A,EVALUATION_ONLY_JOIN_AFTER_PREMATCH_FEATURE_FREEZE,3.03,2.8,2.68,EXTERNAL_HISTORICAL_MARKET_BENCHMARK,NOT_AVAILABLE,NOT_GOLDBET,3398b79499fe953e466d2bf994c81942aca10122996d4ba7d4cf5ed90b977938
61571e86eeaf3c0cb6332b56,Primeira Liga,2024/2025,DEVELOPMENT,2025-01-03,20:15,MATCH_KICKOFF_TIME_TIMEZONE_NOT_STATED_BY_SOURCE,,NOT_VERIFIED_DO_NOT_INFER,Guimaraes,Sp Lisbon,4,4,D,EVALUATION_ONLY_JOIN_AFTER_PREMATCH_FEATURE_FREEZE,3.76,3.51,1.95,EXTERNAL_HISTORICAL_MARKET_BENCHMARK,NOT_AVAILABLE,NOT_GOLDBET,6be8a1c9d20321cf61eb5217d0f86330b2569d212655558efca3ee9edfc5fff0
376da704df1ec93d454f7a00,Primeira Liga,2024/2025,DEVELOPMENT,2025-01-04,15:30,MATCH_KICKOFF_TIME_TIMEZONE_NOT_STATED_BY_SOURCE,,NOT_VERIFIED_DO_NOT_INFER,Moreirense,AVS,1,1,D,EVALUATION_ONLY_JOIN_AFTER_PREMATCH_FEATURE_FREEZE,1.89,3.22,4.5,EXTERNAL_HISTORICAL_MARKET_BENCHMARK,NOT_AVAILABLE,NOT_GOLDBET,23bc6380dfd3f3694a2599e0fbfd793253affe1b9f193e535e33fc93da842d00
4502536183a00b11062de1e4,Primeira Liga,2024/2025,DEVELOPMENT,2025-01-04,18:00,MATCH_KICKOFF_TIME_TIMEZONE_NOT_STATED_BY_SOURCE,,NOT_VERIFIED_DO_NOT_INFER,Benfica,Sp Braga,1,2,A,EVALUATION_ONLY_JOIN_AFTER_PREMATCH_FEATURE_FREEZE,1.34,5.34,7.84,EXTERNAL_HISTORICAL_MARKET_BENCHMARK,NOT_AVAILABLE,NOT_GOLDBET,62e233f16e5b6e6d303875709d7e012d90df4abf6695bf84e3d9de5e7f289349
1aede024a74df35bddfb190e,Primeira Liga,2024/2025,DEVELOPMENT,2025-01-04,20:30,MATCH_KICKOFF_TIME_TIMEZONE_NOT_STATED_BY_SOURCE,,NOT_VERIFIED_DO_NOT_INFER,Boavista,Arouca,1,3,A,EVALUATION_ONLY_JOIN_AFTER_PREMATCH_FEATURE_FREEZE,3.77,3.14,2.09,EXTERNAL_HISTORICAL_MARKET_BENCHMARK,NOT_AVAILABLE,NOT_GOLDBET,42798effedba72a0b7c0985e1d9a02a94d6be0a3b4f401fac4d2e665c5b76d8f
f4a133a86f4efe65d69b173f,Primeira Liga,2024/2025,DEVELOPMENT,2025-01-05,15:30,MATCH_KICKOFF_TIME_TIMEZONE_NOT_STATED_BY_SOURCE,,NOT_VERIFIED_DO_NOT_INFER,Santa Clara,Farense,0,0,D,EVALUATION_ONLY_JOIN_AFTER_PREMATCH_FEATURE_FREEZE,1.67,3.33,6.17,EXTERNAL_HISTORICAL_MARKET_BENCHMARK,NOT_AVAILABLE,NOT_GOLDBET,a3dff70dc1cc6940fa42bd41546a18d2d4be0f47b1fcc88c735f459045d1dad5
114fc5f0b4f2327bcbb178fc,Primeira Liga,2024/2025,DEVELOPMENT,2025-01-05,18:00,MATCH_KICKOFF_TIME_TIMEZONE_NOT_STATED_BY_SOURCE,,NOT_VERIFIED_DO_NOT_INFER,Casa Pia,Famalicao,1,1,D,EVALUATION_ONLY_JOIN_AFTER_PREMATCH_FEATURE_FREEZE,2.09,3.12,3.81,EXTERNAL_HISTORICAL_MARKET_BENCHMARK,NOT_AVAILABLE,NOT_GOLDBET,75e3e37794ae8231b686469bf783b96c24b4f609c642ecc541427e1101ea28cc
df70f55f6a83698c41b42b0a,Primeira Liga,2024/2025,DEVELOPMENT,2025-01-05,20:30,MATCH_KICKOFF_TIME_TIMEZONE_NOT_STATED_BY_SOURCE,,NOT_VERIFIED_DO_NOT_INFER,Estrela,Estoril,2,4,A,EVALUATION_ONLY_JOIN_AFTER_PREMATCH_FEATURE_FREEZE,2.35,3,3.3,EXTERNAL_HISTORICAL_MARKET_BENCHMARK,NOT_AVAILABLE,NOT_GOLDBET,79ad4a78e39a3311abbf866a16ce26c3d57a5acec4e82c5ae42b107077293f8e
17013b5eb0077164f0fab56b,Primeira Liga,2024/2025,DEVELOPMENT,2025-01-06,20:15,MATCH_KICKOFF_TIME_TIMEZONE_NOT_STATED_BY_SOURCE,,NOT_VERIFIED_DO_NOT_INFER,Gil Vicente,Rio Ave,1,1,D,EVALUATION_ONLY_JOIN_AFTER_PREMATCH_FEATURE_FREEZE,2.14,3.14,3.62,EXTERNAL_HISTORICAL_MARKET_BENCHMARK,NOT_AVAILABLE,NOT_GOLDBET,7c658999667b13fb14ec31acc35ebfa63b7f4609e5551c5944e42b3f82733035
ecdbad9407af4215fd3a8b72,Primeira Liga,2024/2025,DEVELOPMENT,2025-01-12,15:30,MATCH_KICKOFF_TIME_TIMEZONE_NOT_STATED_BY_SOURCE,,NOT_VERIFIED_DO_NOT_INFER,Nacional,Porto,2,0,H,EVALUATION_ONLY_JOIN_AFTER_PREMATCH_FEATURE_FREEZE,8.35,4.89,1.37,EXTERNAL_HISTORICAL_MARKET_BENCHMARK,NOT_AVAILABLE,NOT_GOLDBET,58b73480741d7f9ded71ab38cf12d4c62a14dc889451045d6e46401977a3a900
8aea3e0c070f2763627f57b7,Primeira Liga,2024/2025,DEVELOPMENT,2025-01-17,20:15,MATCH_KICKOFF_TIME_TIMEZONE_NOT_STATED_BY_SOURCE,,NOT_VERIFIED_DO_NOT_INFER,Benfica,Famalicao,4,0,H,EVALUATION_ONLY_JOIN_AFTER_PREMATCH_FEATURE_FREEZE,1.22,6.32,11.6,EXTERNAL_HISTORICAL_MARKET_BENCHMARK,NOT_AVAILABLE,NOT_GOLDBET,f2f957dd0d5b6252f0489d48494d970d4b69fa85d8cf76e180e4185ce047d3f1
54956d7ddb8f966295f6a479,Primeira Liga,2024/2025,DEVELOPMENT,2025-01-18,15:30,MATCH_KICKOFF_TIME_TIMEZONE_NOT_STATED_BY_SOURCE,,NOT_VERIFIED_DO_NOT_INFER,Santa Clara,Estoril,2,3,A,EVALUATION_ONLY_JOIN_AFTER_PREMATCH_FEATURE_FREEZE,1.69,3.49,5.44,EXTERNAL_HISTORICAL_MARKET_BENCHMARK,NOT_AVAILABLE,NOT_GOLDBET,21eb350580fc37a61036102a8643ca87e238793e8df54868f4b2604c5b718e4c
67dd46a72d097e114af92bc4,Primeira Liga,2024/2025,DEVELOPMENT,2025-01-18,18:00,MATCH_KICKOFF_TIME_TIMEZONE_NOT_STATED_BY_SOURCE,,NOT_VERIFIED_DO_NOT_INFER,Rio Ave,Sp Lisbon,0,3,A,EVALUATION_ONLY_JOIN_AFTER_PREMATCH_FEATURE_FREEZE,8.69,5.17,1.32,EXTERNAL_HISTORICAL_MARKET_BENCHMARK,NOT_AVAILABLE,NOT_GOLDBET,53d847f7728ba2d42bc30bfc0a1059be2e083bdce79ec01565d1eb760e8eec71
0cc8d368037cb9c549069d79,Primeira Liga,2024/2025,DEVELOPMENT,2025-01-18,20:30,MATCH_KICKOFF_TIME_TIMEZONE_NOT_STATED_BY_SOURCE,,NOT_VERIFIED_DO_NOT_INFER,Guimaraes,Arouca,2,2,D,EVALUATION_ONLY_JOIN_AFTER_PREMATCH_FEATURE_FREEZE,1.67,3.62,5.38,EXTERNAL_HISTORICAL_MARKET_BENCHMARK,NOT_AVAILABLE,NOT_GOLDBET,e3240b6af075024e7051f87add82df31f27e2a275bf0dc1b550681699503ee2b
bafa1a5c278009679c79b1e9,Primeira Liga,2024/2025,DEVELOPMENT,2025-01-19,15:30,MATCH_KICKOFF_TIME_TIMEZONE_NOT_STATED_BY_SOURCE,,NOT_VERIFIED_DO_NOT_INFER,Moreirense,Farense,0,0,D,EVALUATION_ONLY_JOIN_AFTER_PREMATCH_FEATURE_FREEZE,1.94,3.14,4.41,EXTERNAL_HISTORICAL_MARKET_BENCHMARK,NOT_AVAILABLE,NOT_GOLDBET,d6d198386f1db18f8f0d607977133152033c95ee5e9cf95da147da19eb0581d8
531ef8000e9b7d88a879af18,Primeira Liga,2024/2025,DEVELOPMENT,2025-01-19,15:30,MATCH_KICKOFF_TIME_TIMEZONE_NOT_STATED_BY_SOURCE,,NOT_VERIFIED_DO_NOT_INFER,Nacional,AVS,3,1,H,EVALUATION_ONLY_JOIN_AFTER_PREMATCH_FEATURE_FREEZE,2,3.2,4.05,EXTERNAL_HISTORICAL_MARKET_BENCHMARK,NOT_AVAILABLE,NOT_GOLDBET,df4d93f6abd5c5a884f1cde8ba8a89d3152df202ecbb42c5b63032dc8db154e8
47520791a9483e4b3baee1f9,Primeira Liga,2024/2025,DEVELOPMENT,2025-01-19,18:00,MATCH_KICKOFF_TIME_TIMEZONE_NOT_STATED_BY_SOURCE,,NOT_VERIFIED_DO_NOT_INFER,Estrela,Sp Braga,0,1,A,EVALUATION_ONLY_JOIN_AFTER_PREMATCH_FEATURE_FREEZE,4.6,3.86,1.72,EXTERNAL_HISTORICAL_MARKET_BENCHMARK,NOT_AVAILABLE,NOT_GOLDBET,4f6e188f1c3b978398054d7d093bfe1a9e57bca038c69ea38f418bdbe1ee44a1
4ac303389328d1e472b33018,Primeira Liga,2024/2025,DEVELOPMENT,2025-01-19,20:30,MATCH_KICKOFF_TIME_TIMEZONE_NOT_STATED_BY_SOURCE,,NOT_VERIFIED_DO_NOT_INFER,Gil Vicente,Porto,3,1,H,EVALUATION_ONLY_JOIN_AFTER_PREMATCH_FEATURE_FREEZE,7.15,4.35,1.44,EXTERNAL_HISTORICAL_MARKET_BENCHMARK,NOT_AVAILABLE,NOT_GOLDBET,f3b359e1f2a935f02c576104f75e8031d4dfbd8f04d2869d65b977e076128064
9f2258aa689a54c7a682f688,Primeira Liga,2024/2025,DEVELOPMENT,2025-01-20,20:15,MATCH_KICKOFF_TIME_TIMEZONE_NOT_STATED_BY_SOURCE,,NOT_VERIFIED_DO_NOT_INFER,Boavista,Casa Pia,2,3,A,EVALUATION_ONLY_JOIN_AFTER_PREMATCH_FEATURE_FREEZE,3.96,3.13,2.05,EXTERNAL_HISTORICAL_MARKET_BENCHMARK,NOT_AVAILABLE,NOT_GOLDBET,04a9e2b00b7b11a76e7f5f99c791dcbe344d6ca11778bf1694565a2df52e06d1
70a3a1b056c8f8d6499cdfb4,Primeira Liga,2024/2025,DEVELOPMENT,2025-01-24,20:15,MATCH_KICKOFF_TIME_TIMEZONE_NOT_STATED_BY_SOURCE,,NOT_VERIFIED_DO_NOT_INFER,Arouca,Moreirense,1,0,H,EVALUATION_ONLY_JOIN_AFTER_PREMATCH_FEATURE_FREEZE,2.38,3.08,3.18,EXTERNAL_HISTORICAL_MARKET_BENCHMARK,NOT_AVAILABLE,NOT_GOLDBET,6eca871cc05e84caf4c598229b68691f7708120185c56b6b399233ad6794bdf4
ac3b6b3f09cf04284627931e,Primeira Liga,2024/2025,DEVELOPMENT,2025-01-25,15:30,MATCH_KICKOFF_TIME_TIMEZONE_NOT_STATED_BY_SOURCE,,NOT_VERIFIED_DO_NOT_INFER,Famalicao,Estrela,0,0,D,EVALUATION_ONLY_JOIN_AFTER_PREMATCH_FEATURE_FREEZE,1.79,3.42,4.81,EXTERNAL_HISTORICAL_MARKET_BENCHMARK,NOT_AVAILABLE,NOT_GOLDBET,52be7f954ce8fe52b37d4567c79e66d29864db1d4b8a29344eafd48515b93923
19628164309f00e9a8235cf0,Primeira Liga,2024/2025,DEVELOPMENT,2025-01-25,15:30,MATCH_KICKOFF_TIME_TIMEZONE_NOT_STATED_BY_SOURCE,,NOT_VERIFIED_DO_NOT_INFER,Farense,Rio Ave,1,2,A,EVALUATION_ONLY_JOIN_AFTER_PREMATCH_FEATURE_FREEZE,2.4,3.08,3.14,EXTERNAL_HISTORICAL_MARKET_BENCHMARK,NOT_AVAILABLE,NOT_GOLDBET,1de9d2e3e610794d7c816b27415bd9881c1f41f20dcbf9d2f0254045e746d92b
afb44fb41ce3ebe959484337,Primeira Liga,2024/2025,DEVELOPMENT,2025-01-25,18:00,MATCH_KICKOFF_TIME_TIMEZONE_NOT_STATED_BY_SOURCE,,NOT_VERIFIED_DO_NOT_INFER,Casa Pia,Benfica,3,1,H,EVALUATION_ONLY_JOIN_AFTER_PREMATCH_FEATURE_FREEZE,8.35,4.84,1.37,EXTERNAL_HISTORICAL_MARKET_BENCHMARK,NOT_AVAILABLE,NOT_GOLDBET,a83c2a15f85009e976a43ac1acad92b48b7e29a73afb93a837e6e87347585a8b
2e03c29ff9cc37903ba730f1,Primeira Liga,2024/2025,DEVELOPMENT,2025-01-25,20:30,MATCH_KICKOFF_TIME_TIMEZONE_NOT_STATED_BY_SOURCE,,NOT_VERIFIED_DO_NOT_INFER,Sp Lisbon,Nacional,2,0,H,EVALUATION_ONLY_JOIN_AFTER_PREMATCH_FEATURE_FREEZE,1.16,8.33,13.86,EXTERNAL_HISTORICAL_MARKET_BENCHMARK,NOT_AVAILABLE,NOT_GOLDBET,3e6d68382ebb8fd33c41555970627d1aa514869943e954d1e58715d4cac0bf85
e212af3255fdc8d8568f1f11,Primeira Liga,2024/2025,DEVELOPMENT,2025-01-26,15:30,MATCH_KICKOFF_TIME_TIMEZONE_NOT_STATED_BY_SOURCE,,NOT_VERIFIED_DO_NOT_INFER,Estoril,Guimaraes,1,0,H,EVALUATION_ONLY_JOIN_AFTER_PREMATCH_FEATURE_FREEZE,4.31,3.51,1.84,EXTERNAL_HISTORICAL_MARKET_BENCHMARK,NOT_AVAILABLE,NOT_GOLDBET,03fe10e4e839eeca3e0be44a38e9026fc1aacfcf3edafe4e66765e96845e63b9
22d752e21f753a6db2c031be,Primeira Liga,2024/2025,DEVELOPMENT,2025-01-26,18:00,MATCH_KICKOFF_TIME_TIMEZONE_NOT_STATED_BY_SOURCE,,NOT_VERIFIED_DO_NOT_INFER,Porto,Santa Clara,1,1,D,EVALUATION_ONLY_JOIN_AFTER_PREMATCH_FEATURE_FREEZE,1.65,3.61,5.65,EXTERNAL_HISTORICAL_MARKET_BENCHMARK,NOT_AVAILABLE,NOT_GOLDBET,4093450c9c189036c1e6c61b0be7f65957f298c4812125c757cacd3e8ca1c808
1ad5a3c29d9b105403c3523e,Primeira Liga,2024/2025,DEVELOPMENT,2025-01-26,20:30,MATCH_KICKOFF_TIME_TIMEZONE_NOT_STATED_BY_SOURCE,,NOT_VERIFIED_DO_NOT_INFER,Sp Braga,Boavista,3,0,H,EVALUATION_ONLY_JOIN_AFTER_PREMATCH_FEATURE_FREEZE,1.28,5.64,9.89,EXTERNAL_HISTORICAL_MARKET_BENCHMARK,NOT_AVAILABLE,NOT_GOLDBET,bf221780cda541d15d12aa886baf4d7e88548b6fa49629c7c1763d9d9fdfa069
9e34c29a05344ba98aeb67ba,Primeira Liga,2024/2025,DEVELOPMENT,2025-01-27,20:15,MATCH_KICKOFF_TIME_TIMEZONE_NOT_STATED_BY_SOURCE,,NOT_VERIFIED_DO_NOT_INFER,AVS,Gil Vicente,1,0,H,EVALUATION_ONLY_JOIN_AFTER_PREMATCH_FEATURE_FREEZE,3.21,3,2.4,EXTERNAL_HISTORICAL_MARKET_BENCHMARK,NOT_AVAILABLE,NOT_GOLDBET,ff371d4492a7eab7c5e5645dfd6c5074bea1b83bbcb030d03600341ede2aa0a5
651b2f1e6df1c79b7cd69deb,Primeira Liga,2024/2025,DEVELOPMENT,2025-01-31,20:15,MATCH_KICKOFF_TIME_TIMEZONE_NOT_STATED_BY_SOURCE,,NOT_VERIFIED_DO_NOT_INFER,Boavista,Famalicao,0,2,A,EVALUATION_ONLY_JOIN_AFTER_PREMATCH_FEATURE_FREEZE,3.66,3.27,2.08,EXTERNAL_HISTORICAL_MARKET_BENCHMARK,NOT_AVAILABLE,NOT_GOLDBET,56fb3610d436c295a22714f16c89bd9d3b77607eeee4de5352620d707aa858c7
5a6011f15e8b3838ba5721b4,Primeira Liga,2024/2025,DEVELOPMENT,2025-02-01,15:30,MATCH_KICKOFF_TIME_TIMEZONE_NOT_STATED_BY_SOURCE,,NOT_VERIFIED_DO_NOT_INFER,Nacional,Arouca,1,2,A,EVALUATION_ONLY_JOIN_AFTER_PREMATCH_FEATURE_FREEZE,2.35,3.12,3.18,EXTERNAL_HISTORICAL_MARKET_BENCHMARK,NOT_AVAILABLE,NOT_GOLDBET,b7e2865be6c1c8643fceb5423c6e03698bbda6396c329864e24f909502abc3c2
464b340ccca0122dbf30a5ef,Primeira Liga,2024/2025,DEVELOPMENT,2025-02-01,15:30,MATCH_KICKOFF_TIME_TIMEZONE_NOT_STATED_BY_SOURCE,,NOT_VERIFIED_DO_NOT_INFER,Santa Clara,Casa Pia,2,1,H,EVALUATION_ONLY_JOIN_AFTER_PREMATCH_FEATURE_FREEZE,2.11,3.01,3.96,EXTERNAL_HISTORICAL_MARKET_BENCHMARK,NOT_AVAILABLE,NOT_GOLDBET,464f79a00a39ad62305eb8dac0633ccd32afc9c9709ca2c36b461f328d6253ab
31028a390937d1f37ac58b5f,Primeira Liga,2024/2025,DEVELOPMENT,2025-02-01,18:00,MATCH_KICKOFF_TIME_TIMEZONE_NOT_STATED_BY_SOURCE,,NOT_VERIFIED_DO_NOT_INFER,Gil Vicente,Estoril,1,2,A,EVALUATION_ONLY_JOIN_AFTER_PREMATCH_FEATURE_FREEZE,2.15,3.03,3.81,EXTERNAL_HISTORICAL_MARKET_BENCHMARK,NOT_AVAILABLE,NOT_GOLDBET,2cfd10598a955700b54a422c1acd498148c030d3ab57b62c59eeb07042dcae0c
1de0216dd14e7ecf31b2bd98,Primeira Liga,2024/2025,DEVELOPMENT,2025-02-01,20:30,MATCH_KICKOFF_TIME_TIMEZONE_NOT_STATED_BY_SOURCE,,NOT_VERIFIED_DO_NOT_INFER,Guimaraes,AVS,2,0,H,EVALUATION_ONLY_JOIN_AFTER_PREMATCH_FEATURE_FREEZE,1.55,3.96,6.15,EXTERNAL_HISTORICAL_MARKET_BENCHMARK,NOT_AVAILABLE,NOT_GOLDBET,f854d6a8b2ffc86754a07c2b14cb5ae5f623e5527e6db1a341eef241d001803b
3d93a69a58917db65746a826,Primeira Liga,2024/2025,DEVELOPMENT,2025-02-02,18:00,MATCH_KICKOFF_TIME_TIMEZONE_NOT_STATED_BY_SOURCE,,NOT_VERIFIED_DO_NOT_INFER,Sp Lisbon,Farense,3,1,H,EVALUATION_ONLY_JOIN_AFTER_PREMATCH_FEATURE_FREEZE,1.16,7.28,16.16,EXTERNAL_HISTORICAL_MARKET_BENCHMARK,NOT_AVAILABLE,NOT_GOLDBET,4e17d84d050883f780eddc626ab062fe684ad440df9cb8a83eea2bd8337d6afe
ff02be30ff15c30bce0fdb30,Primeira Liga,2024/2025,DEVELOPMENT,2025-02-02,20:30,MATCH_KICKOFF_TIME_TIMEZONE_NOT_STATED_BY_SOURCE,,NOT_VERIFIED_DO_NOT_INFER,Estrela,Benfica,2,3,A,EVALUATION_ONLY_JOIN_AFTER_PREMATCH_FEATURE_FREEZE,13.18,6.92,1.19,EXTERNAL_HISTORICAL_MARKET_BENCHMARK,NOT_AVAILABLE,NOT_GOLDBET,35f30e3c07ea2233afd0b35b918d0f1126850df022907a1c1881a65b1b3892a1
8a27a1b53401b4e4a393ae52,Primeira Liga,2024/2025,DEVELOPMENT,2025-02-03,18:45,MATCH_KICKOFF_TIME_TIMEZONE_NOT_STATED_BY_SOURCE,,NOT_VERIFIED_DO_NOT_INFER,Moreirense,Sp Braga,1,2,A,EVALUATION_ONLY_JOIN_AFTER_PREMATCH_FEATURE_FREEZE,3.21,3.27,2.26,EXTERNAL_HISTORICAL_MARKET_BENCHMARK,NOT_AVAILABLE,NOT_GOLDBET,c64f1b6efaa88e7a8e1ff1b2a481dbf47ea5e4af4350748907f4962d6ac31cf9
6efbc52c2fa61e24e67795f5,Primeira Liga,2024/2025,DEVELOPMENT,2025-02-03,20:45,MATCH_KICKOFF_TIME_TIMEZONE_NOT_STATED_BY_SOURCE,,NOT_VERIFIED_DO_NOT_INFER,Rio Ave,Porto,2,2,D,EVALUATION_ONLY_JOIN_AFTER_PREMATCH_FEATURE_FREEZE,7.17,4.58,1.42,EXTERNAL_HISTORICAL_MARKET_BENCHMARK,NOT_AVAILABLE,NOT_GOLDBET,e4fce2b90af68056c002adad10dd4d1793b0d83304501a4579f4a165c1d31e10
8dd3a46ccf493ff9e605a03e,Primeira Liga,2024/2025,DEVELOPMENT,2025-02-07,20:15,MATCH_KICKOFF_TIME_TIMEZONE_NOT_STATED_BY_SOURCE,,NOT_VERIFIED_DO_NOT_INFER,Porto,Sp Lisbon,1,1,D,EVALUATION_ONLY_JOIN_AFTER_PREMATCH_FEATURE_FREEZE,2.85,3.1,2.63,EXTERNAL_HISTORICAL_MARKET_BENCHMARK,NOT_AVAILABLE,NOT_GOLDBET,c4810ad84c6d7cdbdf9a72abda1415b74e6634519ed35d14a4841ae45b747c77
f5d8b155377b925c007f399a,Primeira Liga,2024/2025,DEVELOPMENT,2025-02-08,15:30,MATCH_KICKOFF_TIME_TIMEZONE_NOT_STATED_BY_SOURCE,,NOT_VERIFIED_DO_NOT_INFER,AVS,Santa Clara,1,2,A,EVALUATION_ONLY_JOIN_AFTER_PREMATCH_FEATURE_FREEZE,3.78,2.89,2.25,EXTERNAL_HISTORICAL_MARKET_BENCHMARK,NOT_AVAILABLE,NOT_GOLDBET,08684d8db8544355feb93676ea4845d0827e35d2858804f70dfc78de1fe59115
3afcd92fac6a5f2eb7292425,Primeira Liga,2024/2025,DEVELOPMENT,2025-02-08,18:00,MATCH_KICKOFF_TIME_TIMEZONE_NOT_STATED_BY_SOURCE,,NOT_VERIFIED_DO_NOT_INFER,Benfica,Moreirense,3,2,H,EVALUATION_ONLY_JOIN_AFTER_PREMATCH_FEATURE_FREEZE,1.19,7.06,14.2,EXTERNAL_HISTORICAL_MARKET_BENCHMARK,NOT_AVAILABLE,NOT_GOLDBET,ace0541c519df05bcff520138db4f449529e2767987020718e1c926c3422528d
1f6c2c44dc51fd294dbb3d36,Primeira Liga,2024/2025,DEVELOPMENT,2025-02-08,20:30,MATCH_KICKOFF_TIME_TIMEZONE_NOT_STATED_BY_SOURCE,,NOT_VERIFIED_DO_NOT_INFER,Famalicao,Guimaraes,0,0,D,EVALUATION_ONLY_JOIN_AFTER_PREMATCH_FEATURE_FREEZE,3.29,3.12,2.32,EXTERNAL_HISTORICAL_MARKET_BENCHMARK,NOT_AVAILABLE,NOT_GOLDBET,1fb75d77c8527b6360f99ed706d93a109f66af892c2584df023057eabca50efa
b79f8ab365358f21cd406a0f,Primeira Liga,2024/2025,DEVELOPMENT,2025-02-09,15:30,MATCH_KICKOFF_TIME_TIMEZONE_NOT_STATED_BY_SOURCE,,NOT_VERIFIED_DO_NOT_INFER,Estoril,Boavista,2,1,H,EVALUATION_ONLY_JOIN_AFTER_PREMATCH_FEATURE_FREEZE,1.57,4,5.96,EXTERNAL_HISTORICAL_MARKET_BENCHMARK,NOT_AVAILABLE,NOT_GOLDBET,802a93d34301fd40db7cb7c13d43a3c5e55f66482f668f095c96c0e362670c18
8c870dc9959369c3565da7a1,Primeira Liga,2024/2025,DEVELOPMENT,2025-02-09,15:30,MATCH_KICKOFF_TIME_TIMEZONE_NOT_STATED_BY_SOURCE,,NOT_VERIFIED_DO_NOT_INFER,Farense,Nacional,0,2,A,EVALUATION_ONLY_JOIN_AFTER_PREMATCH_FEATURE_FREEZE,2.4,3.07,3.19,EXTERNAL_HISTORICAL_MARKET_BENCHMARK,NOT_AVAILABLE,NOT_GOLDBET,18ca65fffd488a5bc694167cb7e3df38ffed5e8dd8c6b7edb64024904e6a9628
c320f2cf13f096a8c9633491,Primeira Liga,2024/2025,DEVELOPMENT,2025-02-09,18:00,MATCH_KICKOFF_TIME_TIMEZONE_NOT_STATED_BY_SOURCE,,NOT_VERIFIED_DO_NOT_INFER,Sp Braga,Gil Vicente,2,0,H,EVALUATION_ONLY_JOIN_AFTER_PREMATCH_FEATURE_FREEZE,1.65,3.94,5.1,EXTERNAL_HISTORICAL_MARKET_BENCHMARK,NOT_AVAILABLE,NOT_GOLDBET,e6cfd4b8408095390eabbd50244700989bf5ad67cacb631cb7592cd49b1f14ad
cc32f55fc2da8449740ae742,Primeira Liga,2024/2025,DEVELOPMENT,2025-02-09,20:30,MATCH_KICKOFF_TIME_TIMEZONE_NOT_STATED_BY_SOURCE,,NOT_VERIFIED_DO_NOT_INFER,Casa Pia,Estrela,1,0,H,EVALUATION_ONLY_JOIN_AFTER_PREMATCH_FEATURE_FREEZE,1.9,3.28,4.44,EXTERNAL_HISTORICAL_MARKET_BENCHMARK,NOT_AVAILABLE,NOT_GOLDBET,0425cba1793ebd5355c3316528119e28c0bba76e320d2dfb5fdb0bfe78bdecd7
1ae333abdb54c04d3297cd27,Primeira Liga,2024/2025,DEVELOPMENT,2025-02-10,20:15,MATCH_KICKOFF_TIME_TIMEZONE_NOT_STATED_BY_SOURCE,,NOT_VERIFIED_DO_NOT_INFER,Arouca,Rio Ave,1,1,D,EVALUATION_ONLY_JOIN_AFTER_PREMATCH_FEATURE_FREEZE,2.05,3.34,3.74,EXTERNAL_HISTORICAL_MARKET_BENCHMARK,NOT_AVAILABLE,NOT_GOLDBET,164b4936478272a20f6885813f750f4a4962172f70bb6f1fa3f6bc763be0bb74
aa76841140b0242418dea6d0,Primeira Liga,2024/2025,DEVELOPMENT,2025-02-14,20:15,MATCH_KICKOFF_TIME_TIMEZONE_NOT_STATED_BY_SOURCE,,NOT_VERIFIED_DO_NOT_INFER,Boavista,Estrela,0,1,A,EVALUATION_ONLY_JOIN_AFTER_PREMATCH_FEATURE_FREEZE,2.54,2.95,3.12,EXTERNAL_HISTORICAL_MARKET_BENCHMARK,NOT_AVAILABLE,NOT_GOLDBET,49878c976a2db83ab3dfa4ca7fabc9e543ed5b4affe59c94ce15fdd245be925d
78fa5ef24c331ffaf3dc3ff1,Primeira Liga,2024/2025,DEVELOPMENT,2025-02-15,15:30,MATCH_KICKOFF_TIME_TIMEZONE_NOT_STATED_BY_SOURCE,,NOT_VERIFIED_DO_NOT_INFER,Moreirense,Casa Pia,3,2,H,EVALUATION_ONLY_JOIN_AFTER_PREMATCH_FEATURE_FREEZE,2.53,2.97,3.1,EXTERNAL_HISTORICAL_MARKET_BENCHMARK,NOT_AVAILABLE,NOT_GOLDBET,984e659fed307ea284503d59eb081b43540d8ccb3e06864d2883ecaec9d3ace8
71f4f204d6acebaccef0319d,Primeira Liga,2024/2025,DEVELOPMENT,2025-02-15,17:00,MATCH_KICKOFF_TIME_TIMEZONE_NOT_STATED_BY_SOURCE,,NOT_VERIFIED_DO_NOT_INFER,Nacional,Estoril,2,2,D,EVALUATION_ONLY_JOIN_AFTER_PREMATCH_FEATURE_FREEZE,2.19,3.31,3.4,EXTERNAL_HISTORICAL_MARKET_BENCHMARK,NOT_AVAILABLE,NOT_GOLDBET,86dd3172014545e9888735780e8b08404c6a9e649ae11f5c8e177f3fdc6b760e
2f940f8d52289ca180ebad1a,Primeira Liga,2024/2025,DEVELOPMENT,2025-02-15,18:00,MATCH_KICKOFF_TIME_TIMEZONE_NOT_STATED_BY_SOURCE,,NOT_VERIFIED_DO_NOT_INFER,Santa Clara,Benfica,0,1,A,EVALUATION_ONLY_JOIN_AFTER_PREMATCH_FEATURE_FREEZE,4.17,3.28,1.97,EXTERNAL_HISTORICAL_MARKET_BENCHMARK,NOT_AVAILABLE,NOT_GOLDBET,13ac19fbcb44d6f38f7e17892ce588cd7f638c3cbd3d94a2548ddb1618457a33
95c31c77150a5dba60b94b19,Primeira Liga,2024/2025,DEVELOPMENT,2025-02-15,20:30,MATCH_KICKOFF_TIME_TIMEZONE_NOT_STATED_BY_SOURCE,,NOT_VERIFIED_DO_NOT_INFER,Sp Lisbon,Arouca,2,2,D,EVALUATION_ONLY_JOIN_AFTER_PREMATCH_FEATURE_FREEZE,1.25,6.15,11.24,EXTERNAL_HISTORICAL_MARKET_BENCHMARK,NOT_AVAILABLE,NOT_GOLDBET,fc367fbce0024da7c4a5ed5af4aa55feb08b40384691e1a49075c59cf53f0ae8
d08802db75aa726b620d0df0,Primeira Liga,2024/2025,DEVELOPMENT,2025-02-16,15:30,MATCH_KICKOFF_TIME_TIMEZONE_NOT_STATED_BY_SOURCE,,NOT_VERIFIED_DO_NOT_INFER,Rio Ave,AVS,1,1,D,EVALUATION_ONLY_JOIN_AFTER_PREMATCH_FEATURE_FREEZE,2.23,3.28,3.33,EXTERNAL_HISTORICAL_MARKET_BENCHMARK,NOT_AVAILABLE,NOT_GOLDBET,0e2a920e74684a9519adb8fbd7a3fd9eb58195271ac9fc5251e74d8d9c576b9f
7dd8ba48e86940f6477c9b36,Primeira Liga,2024/2025,DEVELOPMENT,2025-02-16,18:00,MATCH_KICKOFF_TIME_TIMEZONE_NOT_STATED_BY_SOURCE,,NOT_VERIFIED_DO_NOT_INFER,Farense,Porto,0,1,A,EVALUATION_ONLY_JOIN_AFTER_PREMATCH_FEATURE_FREEZE,5.72,3.89,1.61,EXTERNAL_HISTORICAL_MARKET_BENCHMARK,NOT_AVAILABLE,NOT_GOLDBET,d14841cc97f709f2a826c3ded8856ae5d0fbf49f90bb2a6b257424a541df0268
6d4514ecfb32daa5fcc1efe9,Primeira Liga,2024/2025,DEVELOPMENT,2025-02-16,20:30,MATCH_KICKOFF_TIME_TIMEZONE_NOT_STATED_BY_SOURCE,,NOT_VERIFIED_DO_NOT_INFER,Guimaraes,Sp Braga,0,0,D,EVALUATION_ONLY_JOIN_AFTER_PREMATCH_FEATURE_FREEZE,2.26,3.18,3.36,EXTERNAL_HISTORICAL_MARKET_BENCHMARK,NOT_AVAILABLE,NOT_GOLDBET,808df34d305669800b4c2e780ef5c28f9c23aa7ca8c1bdb1adf37fcab56bf77a
6b66f73035cbf44953621674,Primeira Liga,2024/2025,DEVELOPMENT,2025-02-17,20:15,MATCH_KICKOFF_TIME_TIMEZONE_NOT_STATED_BY_SOURCE,,NOT_VERIFIED_DO_NOT_INFER,Gil Vicente,Famalicao,0,2,A,EVALUATION_ONLY_JOIN_AFTER_PREMATCH_FEATURE_FREEZE,2.29,3.04,3.44,EXTERNAL_HISTORICAL_MARKET_BENCHMARK,NOT_AVAILABLE,NOT_GOLDBET,26889331e4c5fb9156d864bb298a108be968e01feedd42326fd2b0597a275cdc
ce9be4d87e3f6e0a779bd5dd,Primeira Liga,2024/2025,DEVELOPMENT,2025-02-21,20:15,MATCH_KICKOFF_TIME_TIMEZONE_NOT_STATED_BY_SOURCE,,NOT_VERIFIED_DO_NOT_INFER,Sp Braga,Nacional,1,0,H,EVALUATION_ONLY_JOIN_AFTER_PREMATCH_FEATURE_FREEZE,1.53,4.11,6.38,EXTERNAL_HISTORICAL_MARKET_BENCHMARK,NOT_AVAILABLE,NOT_GOLDBET,7219f791c77d28ab5879812d720027de9cda835201341eafb57c7ebef0135ee5
f99913f4f0294378a8733a5b,Primeira Liga,2024/2025,DEVELOPMENT,2025-02-22,15:30,MATCH_KICKOFF_TIME_TIMEZONE_NOT_STATED_BY_SOURCE,,NOT_VERIFIED_DO_NOT_INFER,Casa Pia,Gil Vicente,1,0,H,EVALUATION_ONLY_JOIN_AFTER_PREMATCH_FEATURE_FREEZE,2.26,3.17,3.39,EXTERNAL_HISTORICAL_MARKET_BENCHMARK,NOT_AVAILABLE,NOT_GOLDBET,6c6c886657764e399983c57c881c6009c6526197a90b6dd691c2598f8fc1301c
0a582558af09cb2341de9ac1,Primeira Liga,2024/2025,DEVELOPMENT,2025-02-22,18:00,MATCH_KICKOFF_TIME_TIMEZONE_NOT_STATED_BY_SOURCE,,NOT_VERIFIED_DO_NOT_INFER,Benfica,Boavista,3,0,H,EVALUATION_ONLY_JOIN_AFTER_PREMATCH_FEATURE_FREEZE,1.13,8.67,19.06,EXTERNAL_HISTORICAL_MARKET_BENCHMARK,NOT_AVAILABLE,NOT_GOLDBET,e1015ab9fe023ac099b9e0093ce74cff23700f8fb650ef4d828c11f4282b0ae8
8cb50a3653818289366cefaf,Primeira Liga,2024/2025,DEVELOPMENT,2025-02-22,20:30,MATCH_KICKOFF_TIME_TIMEZONE_NOT_STATED_BY_SOURCE,,NOT_VERIFIED_DO_NOT_INFER,Estoril,Rio Ave,2,1,H,EVALUATION_ONLY_JOIN_AFTER_PREMATCH_FEATURE_FREEZE,2.12,3.43,3.46,EXTERNAL_HISTORICAL_MARKET_BENCHMARK,NOT_AVAILABLE,NOT_GOLDBET,0df1a7ce79c7d48d9f160f674d2417d56413c477ceee4dc7b474a5132790c014
a8920a17b89b69bf5a6b3e7c,Primeira Liga,2024/2025,DEVELOPMENT,2025-02-23,15:30,MATCH_KICKOFF_TIME_TIMEZONE_NOT_STATED_BY_SOURCE,,NOT_VERIFIED_DO_NOT_INFER,Arouca,Farense,2,2,D,EVALUATION_ONLY_JOIN_AFTER_PREMATCH_FEATURE_FREEZE,1.89,3.44,4.25,EXTERNAL_HISTORICAL_MARKET_BENCHMARK,NOT_AVAILABLE,NOT_GOLDBET,c5a50b4dad81a7b34b3b9fe8ca73679105831d558fa4d86ea1279ebc25d5e0e0
4b7dbfeda5cecdd4269cbe2b,Primeira Liga,2024/2025,DEVELOPMENT,2025-02-23,15:30,MATCH_KICKOFF_TIME_TIMEZONE_NOT_STATED_BY_SOURCE,,NOT_VERIFIED_DO_NOT_INFER,Estrela,Santa Clara,0,0,D,EVALUATION_ONLY_JOIN_AFTER_PREMATCH_FEATURE_FREEZE,3.77,3.06,2.16,EXTERNAL_HISTORICAL_MARKET_BENCHMARK,NOT_AVAILABLE,NOT_GOLDBET,d431940d916517a833bd0952753163e9b84b084986509527456926518bb31a59
be6435c26caa74ad7ea1368b,Primeira Liga,2024/2025,DEVELOPMENT,2025-02-23,18:00,MATCH_KICKOFF_TIME_TIMEZONE_NOT_STATED_BY_SOURCE,,NOT_VERIFIED_DO_NOT_INFER,AVS,Sp Lisbon,2,2,D,EVALUATION_ONLY_JOIN_AFTER_PREMATCH_FEATURE_FREEZE,8.6,4.94,1.36,EXTERNAL_HISTORICAL_MARKET_BENCHMARK,NOT_AVAILABLE,NOT_GOLDBET,aea908b98cbb697eb02dbeab1d6a979f4dbce9d0b07516d16f460121807d90b6
69fb87c9bb17ef49e9bca95c,Primeira Liga,2024/2025,DEVELOPMENT,2025-02-23,20:30,MATCH_KICKOFF_TIME_TIMEZONE_NOT_STATED_BY_SOURCE,,NOT_VERIFIED_DO_NOT_INFER,Famalicao,Moreirense,2,0,H,EVALUATION_ONLY_JOIN_AFTER_PREMATCH_FEATURE_FREEZE,2.4,3.01,3.27,EXTERNAL_HISTORICAL_MARKET_BENCHMARK,NOT_AVAILABLE,NOT_GOLDBET,91cf329c4c5075e3c4ede5261d496b8a84a89e37803825ec919ab8d5196d1654
752a18a0ce7cdbd029ae979a,Primeira Liga,2024/2025,DEVELOPMENT,2025-02-24,20:15,MATCH_KICKOFF_TIME_TIMEZONE_NOT_STATED_BY_SOURCE,,NOT_VERIFIED_DO_NOT_INFER,Porto,Guimaraes,1,1,D,EVALUATION_ONLY_JOIN_AFTER_PREMATCH_FEATURE_FREEZE,1.79,3.53,4.75,EXTERNAL_HISTORICAL_MARKET_BENCHMARK,NOT_AVAILABLE,NOT_GOLDBET,8c1951a64bc024e75961d78fd5d7104eead27b182297cef285db0602260215d9
51590734e18dbaac905e8a66,Primeira Liga,2024/2025,DEVELOPMENT,2025-03-01,15:30,MATCH_KICKOFF_TIME_TIMEZONE_NOT_STATED_BY_SOURCE,,NOT_VERIFIED_DO_NOT_INFER,Nacional,Famalicao,2,1,H,EVALUATION_ONLY_JOIN_AFTER_PREMATCH_FEATURE_FREEZE,2.75,3.08,2.73,EXTERNAL_HISTORICAL_MARKET_BENCHMARK,NOT_AVAILABLE,NOT_GOLDBET,129f1b0d6e264a9877a7f9af955d155675ba114baa84c029e8c897033ff34331
04e13d9be7d860904889d18d,Primeira Liga,2024/2025,DEVELOPMENT,2025-03-01,18:00,MATCH_KICKOFF_TIME_TIMEZONE_NOT_STATED_BY_SOURCE,,NOT_VERIFIED_DO_NOT_INFER,Arouca,Porto,0,2,A,EVALUATION_ONLY_JOIN_AFTER_PREMATCH_FEATURE_FREEZE,5.88,4.05,1.57,EXTERNAL_HISTORICAL_MARKET_BENCHMARK,NOT_AVAILABLE,NOT_GOLDBET,8d2d9150118d89fab80585694868b20e79d6d09d8384f425928a420bc4f3dbcd
d152fc82424dec981553bce2,Primeira Liga,2024/2025,DEVELOPMENT,2025-03-01,20:30,MATCH_KICKOFF_TIME_TIMEZONE_NOT_STATED_BY_SOURCE,,NOT_VERIFIED_DO_NOT_INFER,Guimaraes,Casa Pia,1,0,H,EVALUATION_ONLY_JOIN_AFTER_PREMATCH_FEATURE_FREEZE,1.83,3.34,4.81,EXTERNAL_HISTORICAL_MARKET_BENCHMARK,NOT_AVAILABLE,NOT_GOLDBET,7f151516dd7c8318a9f23e898793235e07ad5caab1de372c26564f33c48f1710
cce79c9bac602c4b18c2db03,Primeira Liga,2024/2025,DEVELOPMENT,2025-03-02,15:30,MATCH_KICKOFF_TIME_TIMEZONE_NOT_STATED_BY_SOURCE,,NOT_VERIFIED_DO_NOT_INFER,Boavista,Santa Clara,1,0,H,EVALUATION_ONLY_JOIN_AFTER_PREMATCH_FEATURE_FREEZE,5.15,3.41,1.76,EXTERNAL_HISTORICAL_MARKET_BENCHMARK,NOT_AVAILABLE,NOT_GOLDBET,1f3dfd2fd633bd408d3736de503d322328d606a3ffea10ab99afacdc68aaae6d
87b9e68d3c25578117eff9eb,Primeira Liga,2024/2025,DEVELOPMENT,2025-03-02,15:30,MATCH_KICKOFF_TIME_TIMEZONE_NOT_STATED_BY_SOURCE,,NOT_VERIFIED_DO_NOT_INFER,Moreirense,Estrela,1,1,D,EVALUATION_ONLY_JOIN_AFTER_PREMATCH_FEATURE_FREEZE,1.92,3.19,4.52,EXTERNAL_HISTORICAL_MARKET_BENCHMARK,NOT_AVAILABLE,NOT_GOLDBET,fba99d15d3403df3bf1b08a52575e6586b94d36431a3a326c16ae06e651135f4
7d69a062abe65631e6d05da9,Primeira Liga,2024/2025,DEVELOPMENT,2025-03-02,18:00,MATCH_KICKOFF_TIME_TIMEZONE_NOT_STATED_BY_SOURCE,,NOT_VERIFIED_DO_NOT_INFER,Farense,AVS,0,1,A,EVALUATION_ONLY_JOIN_AFTER_PREMATCH_FEATURE_FREEZE,2.27,3.04,3.51,EXTERNAL_HISTORICAL_MARKET_BENCHMARK,NOT_AVAILABLE,NOT_GOLDBET,cb8aa5e283cadb8330ed5bac4f72cb4f77e5c272e74de48a3ff7fec23a553be8
558ac227c463d696360c4ae9,Primeira Liga,2024/2025,DEVELOPMENT,2025-03-02,20:30,MATCH_KICKOFF_TIME_TIMEZONE_NOT_STATED_BY_SOURCE,,NOT_VERIFIED_DO_NOT_INFER,Rio Ave,Sp Braga,2,1,H,EVALUATION_ONLY_JOIN_AFTER_PREMATCH_FEATURE_FREEZE,3.85,3.69,1.91,EXTERNAL_HISTORICAL_MARKET_BENCHMARK,NOT_AVAILABLE,NOT_GOLDBET,6024dea96e9b66e008eba3cc394ba2f5778f0b0489e8d84027e21b9afad8c221
a2e5cc65dd948a7a9a3db7a7,Primeira Liga,2024/2025,DEVELOPMENT,2025-03-03,20:15,MATCH_KICKOFF_TIME_TIMEZONE_NOT_STATED_BY_SOURCE,,NOT_VERIFIED_DO_NOT_INFER,Sp Lisbon,Estoril,3,1,H,EVALUATION_ONLY_JOIN_AFTER_PREMATCH_FEATURE_FREEZE,1.3,5.5,9.66,EXTERNAL_HISTORICAL_MARKET_BENCHMARK,NOT_AVAILABLE,NOT_GOLDBET,58a73d9073e2e600cc31185e99e6b9fe4c28d30f93c845248f2e6fd1dcc6f9ba
8c64ea5e03eb63240f3527ce,Primeira Liga,2024/2025,DEVELOPMENT,2025-03-07,20:15,MATCH_KICKOFF_TIME_TIMEZONE_NOT_STATED_BY_SOURCE,,NOT_VERIFIED_DO_NOT_INFER,Estrela,Gil Vicente,1,1,D,EVALUATION_ONLY_JOIN_AFTER_PREMATCH_FEATURE_FREEZE,2.79,2.91,2.83,EXTERNAL_HISTORICAL_MARKET_BENCHMARK,NOT_AVAILABLE,NOT_GOLDBET,b8dfae08b9a0deb977247dac52dd0df861fccc80976e546b76592a326372448d
d55e11f95b3c9146e230aaa1,Primeira Liga,2024/2025,DEVELOPMENT,2025-03-08,15:30,MATCH_KICKOFF_TIME_TIMEZONE_NOT_STATED_BY_SOURCE,,NOT_VERIFIED_DO_NOT_INFER,AVS,Arouca,0,1,A,EVALUATION_ONLY_JOIN_AFTER_PREMATCH_FEATURE_FREEZE,3.3,3.11,2.33,EXTERNAL_HISTORICAL_MARKET_BENCHMARK,NOT_AVAILABLE,NOT_GOLDBET,67838839ce4f2a750017fd3c86663413e5f38b15df9be36f9563b52d9b27ad39
d9236fa5f25d203a451584f2,Primeira Liga,2024/2025,DEVELOPMENT,2025-03-08,18:00,MATCH_KICKOFF_TIME_TIMEZONE_NOT_STATED_BY_SOURCE,,NOT_VERIFIED_DO_NOT_INFER,Benfica,Nacional,3,0,H,EVALUATION_ONLY_JOIN_AFTER_PREMATCH_FEATURE_FREEZE,1.21,6.71,12.92,EXTERNAL_HISTORICAL_MARKET_BENCHMARK,NOT_AVAILABLE,NOT_GOLDBET,508717d5fecd98a7b20a54d1cf4aac413fca060389c751cc5568403937129424
6c8fefea13372547a745f3c8,Primeira Liga,2024/2025,DEVELOPMENT,2025-03-08,18:00,MATCH_KICKOFF_TIME_TIMEZONE_NOT_STATED_BY_SOURCE,,NOT_VERIFIED_DO_NOT_INFER,Estoril,Farense,2,2,D,EVALUATION_ONLY_JOIN_AFTER_PREMATCH_FEATURE_FREEZE,2.53,3.01,3.07,EXTERNAL_HISTORICAL_MARKET_BENCHMARK,NOT_AVAILABLE,NOT_GOLDBET,6eadbf87e7a3c03e48f569971779096d4228e3ee0970fa5c123b912bae85e5ea
d76922833bc30876eb54cdd6,Primeira Liga,2024/2025,DEVELOPMENT,2025-03-08,20:30,MATCH_KICKOFF_TIME_TIMEZONE_NOT_STATED_BY_SOURCE,,NOT_VERIFIED_DO_NOT_INFER,Sp Braga,Porto,1,0,H,EVALUATION_ONLY_JOIN_AFTER_PREMATCH_FEATURE_FREEZE,3.42,3.23,2.21,EXTERNAL_HISTORICAL_MARKET_BENCHMARK,NOT_AVAILABLE,NOT_GOLDBET,afe9934b34fc7fb7e0fb9f5c9e6e1dba617fdf9d3ff33e6a5c6975055af79331
b98df1cc1b2417d5edf53060,Primeira Liga,2024/2025,DEVELOPMENT,2025-03-09,15:30,MATCH_KICKOFF_TIME_TIMEZONE_NOT_STATED_BY_SOURCE,,NOT_VERIFIED_DO_NOT_INFER,Santa Clara,Moreirense,1,1,D,EVALUATION_ONLY_JOIN_AFTER_PREMATCH_FEATURE_FREEZE,2.05,2.95,4.41,EXTERNAL_HISTORICAL_MARKET_BENCHMARK,NOT_AVAILABLE,NOT_GOLDBET,41960a7831115c6d8174c27f48bb216b1dcc51ea096f8421ed620095a8000db2
cd2a99022a1b3dd29435d645,Primeira Liga,2024/2025,DEVELOPMENT,2025-03-09,18:00,MATCH_KICKOFF_TIME_TIMEZONE_NOT_STATED_BY_SOURCE,,NOT_VERIFIED_DO_NOT_INFER,Casa Pia,Sp Lisbon,1,3,A,EVALUATION_ONLY_JOIN_AFTER_PREMATCH_FEATURE_FREEZE,6.87,4.32,1.47,EXTERNAL_HISTORICAL_MARKET_BENCHMARK,NOT_AVAILABLE,NOT_GOLDBET,5df3e6253e1f8227c25a6b5f2427b99ec540d55e8ca4a23761dc58aec95344c1
ce38f5559ac9c9466e0d6e7d,Primeira Liga,2024/2025,DEVELOPMENT,2025-03-09,20:30,MATCH_KICKOFF_TIME_TIMEZONE_NOT_STATED_BY_SOURCE,,NOT_VERIFIED_DO_NOT_INFER,Boavista,Guimaraes,1,2,A,EVALUATION_ONLY_JOIN_AFTER_PREMATCH_FEATURE_FREEZE,5.64,3.63,1.66,EXTERNAL_HISTORICAL_MARKET_BENCHMARK,NOT_AVAILABLE,NOT_GOLDBET,e653a7a9c71b40285abba21287b2892fc06e75714f5e6429c6a6c74480ae42d4
054d495c86e7f9367ca83703,Primeira Liga,2024/2025,DEVELOPMENT,2025-03-10,20:15,MATCH_KICKOFF_TIME_TIMEZONE_NOT_STATED_BY_SOURCE,,NOT_VERIFIED_DO_NOT_INFER,Famalicao,Rio Ave,1,0,H,EVALUATION_ONLY_JOIN_AFTER_PREMATCH_FEATURE_FREEZE,1.95,3.25,4.29,EXTERNAL_HISTORICAL_MARKET_BENCHMARK,NOT_AVAILABLE,NOT_GOLDBET,f6d0e17e0b19808b23ef7b1fb795df6d24761f582c1f14505d4e2ccb69da5bad
cb3f85d9f8317e22a5294ff4,Primeira Liga,2024/2025,DEVELOPMENT,2025-03-15,15:30,MATCH_KICKOFF_TIME_TIMEZONE_NOT_STATED_BY_SOURCE,,NOT_VERIFIED_DO_NOT_INFER,Farense,Sp Braga,0,1,A,EVALUATION_ONLY_JOIN_AFTER_PREMATCH_FEATURE_FREEZE,4.01,3.41,1.96,EXTERNAL_HISTORICAL_MARKET_BENCHMARK,NOT_AVAILABLE,NOT_GOLDBET,8f870985bcdf7c29118c4af14ffe76527d77d93b1d0f24f2964ad96906e99d71
e8f2ac4efe00076025c64543,Primeira Liga,2024/2025,DEVELOPMENT,2025-03-15,15:30,MATCH_KICKOFF_TIME_TIMEZONE_NOT_STATED_BY_SOURCE,,NOT_VERIFIED_DO_NOT_INFER,Gil Vicente,Santa Clara,0,1,A,EVALUATION_ONLY_JOIN_AFTER_PREMATCH_FEATURE_FREEZE,2.71,2.95,2.87,EXTERNAL_HISTORICAL_MARKET_BENCHMARK,NOT_AVAILABLE,NOT_GOLDBET,154c550b6bf3d5fb320c8ea752d917b3ab3e495139993218690430ef38d6b898
76d8cec4ce0d78411e597946,Primeira Liga,2024/2025,DEVELOPMENT,2025-03-15,18:00,MATCH_KICKOFF_TIME_TIMEZONE_NOT_STATED_BY_SOURCE,,NOT_VERIFIED_DO_NOT_INFER,Porto,AVS,2,0,H,EVALUATION_ONLY_JOIN_AFTER_PREMATCH_FEATURE_FREEZE,1.23,6.04,13.69,EXTERNAL_HISTORICAL_MARKET_BENCHMARK,NOT_AVAILABLE,NOT_GOLDBET,45e088df016b20b27a2efae1e9543c69fed3a6a4bdb111a5383079cef2e82763
cbe24c03bfcdaf91ee4212c0,Primeira Liga,2024/2025,DEVELOPMENT,2025-03-15,20:30,MATCH_KICKOFF_TIME_TIMEZONE_NOT_STATED_BY_SOURCE,,NOT_VERIFIED_DO_NOT_INFER,Sp Lisbon,Famalicao,3,1,H,EVALUATION_ONLY_JOIN_AFTER_PREMATCH_FEATURE_FREEZE,1.31,5.28,10.09,EXTERNAL_HISTORICAL_MARKET_BENCHMARK,NOT_AVAILABLE,NOT_GOLDBET,8b0079195a8046ce15f08dcc432aafd11f530d51941cbf445386824e0e6c406b
27170423a27a8eceb6903fea,Primeira Liga,2024/2025,DEVELOPMENT,2025-03-16,15:30,MATCH_KICKOFF_TIME_TIMEZONE_NOT_STATED_BY_SOURCE,,NOT_VERIFIED_DO_NOT_INFER,Arouca,Estoril,1,1,D,EVALUATION_ONLY_JOIN_AFTER_PREMATCH_FEATURE_FREEZE,1.93,3.48,3.99,EXTERNAL_HISTORICAL_MARKET_BENCHMARK,NOT_AVAILABLE,NOT_GOLDBET,fa223b8ecc19d785875c3573ef478e41d63628dd37ebbbc50abf39b7e6961e74
84d2c292c3d19bfe4e011827,Primeira Liga,2024/2025,DEVELOPMENT,2025-03-16,15:30,MATCH_KICKOFF_TIME_TIMEZONE_NOT_STATED_BY_SOURCE,,NOT_VERIFIED_DO_NOT_INFER,Nacional,Casa Pia,3,1,H,EVALUATION_ONLY_JOIN_AFTER_PREMATCH_FEATURE_FREEZE,2.33,3.27,3.14,EXTERNAL_HISTORICAL_MARKET_BENCHMARK,NOT_AVAILABLE,NOT_GOLDBET,e89709cf96cac1f244f4bea415fd84c6fd3b59a34abe023c5bcc3e6a9515f157
b7eb446902a9d72bb48e1985,Primeira Liga,2024/2025,DEVELOPMENT,2025-03-16,18:00,MATCH_KICKOFF_TIME_TIMEZONE_NOT_STATED_BY_SOURCE,,NOT_VERIFIED_DO_NOT_INFER,Rio Ave,Benfica,2,3,A,EVALUATION_ONLY_JOIN_AFTER_PREMATCH_FEATURE_FREEZE,9.66,5.85,1.28,EXTERNAL_HISTORICAL_MARKET_BENCHMARK,NOT_AVAILABLE,NOT_GOLDBET,28dd8bf894bfb4f02298dc25ab31e9d081619ed55c674b19053844e367e9e8c6
b0ea21913652fc3c356bca2e,Primeira Liga,2024/2025,DEVELOPMENT,2025-03-16,20:30,MATCH_KICKOFF_TIME_TIMEZONE_NOT_STATED_BY_SOURCE,,NOT_VERIFIED_DO_NOT_INFER,Guimaraes,Estrela,2,0,H,EVALUATION_ONLY_JOIN_AFTER_PREMATCH_FEATURE_FREEZE,1.58,3.7,6.64,EXTERNAL_HISTORICAL_MARKET_BENCHMARK,NOT_AVAILABLE,NOT_GOLDBET,b891cfeeb7edee8d2ad312bf0423fb3da7f798c824fd6088e5c9103a5e25d809
d47013012828cdf348a04988,Primeira Liga,2024/2025,DEVELOPMENT,2025-03-16,20:30,MATCH_KICKOFF_TIME_TIMEZONE_NOT_STATED_BY_SOURCE,,NOT_VERIFIED_DO_NOT_INFER,Moreirense,Boavista,1,0,H,EVALUATION_ONLY_JOIN_AFTER_PREMATCH_FEATURE_FREEZE,1.71,3.48,5.47,EXTERNAL_HISTORICAL_MARKET_BENCHMARK,NOT_AVAILABLE,NOT_GOLDBET,872bbaf5d53d601a7f18e44f0db571ed208b3cce3ecb3d90c826b3d5c3ca85d7
8ac32dc3b2e84f3e5d2687a8,Primeira Liga,2024/2025,DEVELOPMENT,2025-03-28,20:15,MATCH_KICKOFF_TIME_TIMEZONE_NOT_STATED_BY_SOURCE,,NOT_VERIFIED_DO_NOT_INFER,Gil Vicente,Benfica,0,3,A,EVALUATION_ONLY_JOIN_AFTER_PREMATCH_FEATURE_FREEZE,9.16,5.16,1.33,EXTERNAL_HISTORICAL_MARKET_BENCHMARK,NOT_AVAILABLE,NOT_GOLDBET,bd558336f2f249236f17062392e1fc4e6ea7cfb4faedb8218a6958b95fc688e4
892404ad2ee129c561754ec2,Primeira Liga,2024/2025,DEVELOPMENT,2025-03-29,15:30,MATCH_KICKOFF_TIME_TIMEZONE_NOT_STATED_BY_SOURCE,,NOT_VERIFIED_DO_NOT_INFER,Casa Pia,Rio Ave,2,1,H,EVALUATION_ONLY_JOIN_AFTER_PREMATCH_FEATURE_FREEZE,1.92,3.37,4.19,EXTERNAL_HISTORICAL_MARKET_BENCHMARK,NOT_AVAILABLE,NOT_GOLDBET,10c870a545c8b1d535b53cb4daa90267444d92777bf4e6bdc9c77239ae4d60e9
ce66dfe4403ca38c2721da2d,Primeira Liga,2024/2025,DEVELOPMENT,2025-03-29,18:00,MATCH_KICKOFF_TIME_TIMEZONE_NOT_STATED_BY_SOURCE,,NOT_VERIFIED_DO_NOT_INFER,Estrela,Sp Lisbon,0,3,A,EVALUATION_ONLY_JOIN_AFTER_PREMATCH_FEATURE_FREEZE,9.82,5.13,1.32,EXTERNAL_HISTORICAL_MARKET_BENCHMARK,NOT_AVAILABLE,NOT_GOLDBET,750c9a674d0acab01d26cafc9e045c10430348d277eb18a00277c9128975454a
47ceecc3aab73b419a1af294,Primeira Liga,2024/2025,DEVELOPMENT,2025-03-29,20:30,MATCH_KICKOFF_TIME_TIMEZONE_NOT_STATED_BY_SOURCE,,NOT_VERIFIED_DO_NOT_INFER,Sp Braga,Arouca,2,1,H,EVALUATION_ONLY_JOIN_AFTER_PREMATCH_FEATURE_FREEZE,1.68,3.77,5.12,EXTERNAL_HISTORICAL_MARKET_BENCHMARK,NOT_AVAILABLE,NOT_GOLDBET,395a73f8f0c9749b00fc1b9367f20871a7d56296496bda9453a17cd5a11056aa
2cccc243dfa2ef9461d39363,Primeira Liga,2024/2025,DEVELOPMENT,2025-03-30,15:30,MATCH_KICKOFF_TIME_TIMEZONE_NOT_STATED_BY_SOURCE,,NOT_VERIFIED_DO_NOT_INFER,Famalicao,AVS,4,1,H,EVALUATION_ONLY_JOIN_AFTER_PREMATCH_FEATURE_FREEZE,1.69,3.6,5.3,EXTERNAL_HISTORICAL_MARKET_BENCHMARK,NOT_AVAILABLE,NOT_GOLDBET,44674dd5b780e56ce5f09c1456ed0c611761e74bcfdcd0fe1725801219289f48
101c3635f5e434a7d037f257,Primeira Liga,2024/2025,DEVELOPMENT,2025-03-30,15:30,MATCH_KICKOFF_TIME_TIMEZONE_NOT_STATED_BY_SOURCE,,NOT_VERIFIED_DO_NOT_INFER,Santa Clara,Nacional,1,0,H,EVALUATION_ONLY_JOIN_AFTER_PREMATCH_FEATURE_FREEZE,1.8,3.34,4.94,EXTERNAL_HISTORICAL_MARKET_BENCHMARK,NOT_AVAILABLE,NOT_GOLDBET,819ebe97c5a5493d6dcb26bc9467558b5d2c6187a7c79b59fd86b0c32ec0fcec
665dec198f773cf0e718fcf4,Primeira Liga,2024/2025,DEVELOPMENT,2025-03-30,18:00,MATCH_KICKOFF_TIME_TIMEZONE_NOT_STATED_BY_SOURCE,,NOT_VERIFIED_DO_NOT_INFER,Estoril,Porto,1,2,A,EVALUATION_ONLY_JOIN_AFTER_PREMATCH_FEATURE_FREEZE,6.16,4.09,1.54,EXTERNAL_HISTORICAL_MARKET_BENCHMARK,NOT_AVAILABLE,NOT_GOLDBET,823aa05ed68a05836e3b1750f785195abb2707615be62b0fadfa2cff36462f15
e4106df9677a248aa1f261d5,Primeira Liga,2024/2025,DEVELOPMENT,2025-03-30,20:30,MATCH_KICKOFF_TIME_TIMEZONE_NOT_STATED_BY_SOURCE,,NOT_VERIFIED_DO_NOT_INFER,Moreirense,Guimaraes,2,2,D,EVALUATION_ONLY_JOIN_AFTER_PREMATCH_FEATURE_FREEZE,3.73,3.07,2.16,EXTERNAL_HISTORICAL_MARKET_BENCHMARK,NOT_AVAILABLE,NOT_GOLDBET,89687f8f7cc4dee7dff36055a9020b01ef0db93eabba7dd3c58b94b6987bc5a7
fc6863eb68d32d6639a01679,Primeira Liga,2024/2025,DEVELOPMENT,2025-04-01,20:15,MATCH_KICKOFF_TIME_TIMEZONE_NOT_STATED_BY_SOURCE,,NOT_VERIFIED_DO_NOT_INFER,Boavista,Gil Vicente,1,3,A,EVALUATION_ONLY_JOIN_AFTER_PREMATCH_FEATURE_FREEZE,3.21,3.1,2.37,EXTERNAL_HISTORICAL_MARKET_BENCHMARK,NOT_AVAILABLE,NOT_GOLDBET,2de0e6d746f44d5e7431ff75a5b96cdb72453c6e3201c17edb569c0494672e3c
4eb8a928afb16849eddb3e0d,Primeira Liga,2024/2025,DEVELOPMENT,2025-04-02,20:15,MATCH_KICKOFF_TIME_TIMEZONE_NOT_STATED_BY_SOURCE,,NOT_VERIFIED_DO_NOT_INFER,Benfica,Farense,3,2,H,EVALUATION_ONLY_JOIN_AFTER_PREMATCH_FEATURE_FREEZE,1.14,8.44,17.56,EXTERNAL_HISTORICAL_MARKET_BENCHMARK,NOT_AVAILABLE,NOT_GOLDBET,2251348c638785e31ba595916349d70cddaa270a5db25cc15d44eec4a826d954
95f3a1087cf0540beec80365,Primeira Liga,2024/2025,DEVELOPMENT,2025-04-04,20:15,MATCH_KICKOFF_TIME_TIMEZONE_NOT_STATED_BY_SOURCE,,NOT_VERIFIED_DO_NOT_INFER,AVS,Estoril,0,3,A,EVALUATION_ONLY_JOIN_AFTER_PREMATCH_FEATURE_FREEZE,3.13,3.18,2.37,EXTERNAL_HISTORICAL_MARKET_BENCHMARK,NOT_AVAILABLE,NOT_GOLDBET,742bed836d21d526898590a5de529d61754d08b729be28ca115ca26c753106fe
b8ec5bfc973600b9c1f70470,Primeira Liga,2024/2025,DEVELOPMENT,2025-04-05,18:00,MATCH_KICKOFF_TIME_TIMEZONE_NOT_STATED_BY_SOURCE,,NOT_VERIFIED_DO_NOT_INFER,Arouca,Famalicao,1,2,A,EVALUATION_ONLY_JOIN_AFTER_PREMATCH_FEATURE_FREEZE,2.79,3.13,2.65,EXTERNAL_HISTORICAL_MARKET_BENCHMARK,NOT_AVAILABLE,NOT_GOLDBET,40dca6ab24aa76f9791440a4ecf4f976f2fa6260fbcf731c2b94b646eabf1654
d1c787456dff6741ee5a0df6,Primeira Liga,2024/2025,DEVELOPMENT,2025-04-05,20:30,MATCH_KICKOFF_TIME_TIMEZONE_NOT_STATED_BY_SOURCE,,NOT_VERIFIED_DO_NOT_INFER,Guimaraes,Santa Clara,2,0,H,EVALUATION_ONLY_JOIN_AFTER_PREMATCH_FEATURE_FREEZE,1.97,3.08,4.47,EXTERNAL_HISTORICAL_MARKET_BENCHMARK,NOT_AVAILABLE,NOT_GOLDBET,a8e8710673692bb604b6821f16a61d36ba63fa07f875e08528c170fbfa241f5e
a046bc4d4d9f06dae0a592c1,Primeira Liga,2024/2025,DEVELOPMENT,2025-04-06,15:30,MATCH_KICKOFF_TIME_TIMEZONE_NOT_STATED_BY_SOURCE,,NOT_VERIFIED_DO_NOT_INFER,Gil Vicente,Moreirense,0,1,A,EVALUATION_ONLY_JOIN_AFTER_PREMATCH_FEATURE_FREEZE,2.44,2.95,3.26,EXTERNAL_HISTORICAL_MARKET_BENCHMARK,NOT_AVAILABLE,NOT_GOLDBET,36e451b4e5e71cca5f330d711176c0a0ade7ca436cd514ce28ab5dbd49d71175
db2706b6258add758b9b2a73,Primeira Liga,2024/2025,DEVELOPMENT,2025-04-06,18:00,MATCH_KICKOFF_TIME_TIMEZONE_NOT_STATED_BY_SOURCE,,NOT_VERIFIED_DO_NOT_INFER,Nacional,Estrela,0,1,A,EVALUATION_ONLY_JOIN_AFTER_PREMATCH_FEATURE_FREEZE,2.08,3.28,3.69,EXTERNAL_HISTORICAL_MARKET_BENCHMARK,NOT_AVAILABLE,NOT_GOLDBET,b788fe9de06bfdf9caed6a0f23a8395107a5d5a39d47f5fd515429d4ee48e8ab
cb8d8df25c7974c88179e79e,Primeira Liga,2024/2025,DEVELOPMENT,2025-04-06,20:30,MATCH_KICKOFF_TIME_TIMEZONE_NOT_STATED_BY_SOURCE,,NOT_VERIFIED_DO_NOT_INFER,Porto,Benfica,1,4,A,EVALUATION_ONLY_JOIN_AFTER_PREMATCH_FEATURE_FREEZE,3.32,3.36,2.19,EXTERNAL_HISTORICAL_MARKET_BENCHMARK,NOT_AVAILABLE,NOT_GOLDBET,06233b1cd2a3eec6b73cb314009a817a01d55bcf66f4e6342eb515df885e644b
af3b493c2dd6b2ddc4a6a32c,Primeira Liga,2024/2025,DEVELOPMENT,2025-04-07,18:45,MATCH_KICKOFF_TIME_TIMEZONE_NOT_STATED_BY_SOURCE,,NOT_VERIFIED_DO_NOT_INFER,Farense,Casa Pia,0,0,D,EVALUATION_ONLY_JOIN_AFTER_PREMATCH_FEATURE_FREEZE,2.38,3.12,3.15,EXTERNAL_HISTORICAL_MARKET_BENCHMARK,NOT_AVAILABLE,NOT_GOLDBET,b72fd8c401483d43547a8d3b1e74c71a299dc73f0238c186911d4bdbe41620a8
d46f2a91f3c08e72d7fc5363,Primeira Liga,2024/2025,DEVELOPMENT,2025-04-07,20:15,MATCH_KICKOFF_TIME_TIMEZONE_NOT_STATED_BY_SOURCE,,NOT_VERIFIED_DO_NOT_INFER,Rio Ave,Boavista,0,2,A,EVALUATION_ONLY_JOIN_AFTER_PREMATCH_FEATURE_FREEZE,2.01,3.4,3.8,EXTERNAL_HISTORICAL_MARKET_BENCHMARK,NOT_AVAILABLE,NOT_GOLDBET,4033f2d3cbf2dd4ffacd88fe5754c58ef385118d163896614118d527e4c9e67e
b0b953467a8d7cd809b6442f,Primeira Liga,2024/2025,DEVELOPMENT,2025-04-07,20:45,MATCH_KICKOFF_TIME_TIMEZONE_NOT_STATED_BY_SOURCE,,NOT_VERIFIED_DO_NOT_INFER,Sp Lisbon,Sp Braga,1,1,D,EVALUATION_ONLY_JOIN_AFTER_PREMATCH_FEATURE_FREEZE,1.38,4.81,7.94,EXTERNAL_HISTORICAL_MARKET_BENCHMARK,NOT_AVAILABLE,NOT_GOLDBET,da5b2134a6b05b8f06f5f011fcbaa65daa30b5a0f82c3577eb4b4be1908e0f4f
b62aecf8f5eecfe5bd4b46a2,Primeira Liga,2024/2025,DEVELOPMENT,2025-04-11,20:15,MATCH_KICKOFF_TIME_TIMEZONE_NOT_STATED_BY_SOURCE,,NOT_VERIFIED_DO_NOT_INFER,Gil Vicente,Guimaraes,0,1,A,EVALUATION_ONLY_JOIN_AFTER_PREMATCH_FEATURE_FREEZE,3.66,3.12,2.16,EXTERNAL_HISTORICAL_MARKET_BENCHMARK,NOT_AVAILABLE,NOT_GOLDBET,29b3f6a295d175fbd4d5b9e861fbe48c7f849ff58fa67223d70336e670d9b25c
d31e20a9fd53a9a5923b956f,Primeira Liga,2024/2025,DEVELOPMENT,2025-04-12,15:30,MATCH_KICKOFF_TIME_TIMEZONE_NOT_STATED_BY_SOURCE,,NOT_VERIFIED_DO_NOT_INFER,Boavista,Nacional,0,1,A,EVALUATION_ONLY_JOIN_AFTER_PREMATCH_FEATURE_FREEZE,3.14,3.17,2.35,EXTERNAL_HISTORICAL_MARKET_BENCHMARK,NOT_AVAILABLE,NOT_GOLDBET,1f3a2359f89584d0dc32755a17e69b9f87434eb8d7364e694ee5e9479969fd92
7b3bcfb026d7a074fc36ac5d,Primeira Liga,2024/2025,DEVELOPMENT,2025-04-12,15:30,MATCH_KICKOFF_TIME_TIMEZONE_NOT_STATED_BY_SOURCE,,NOT_VERIFIED_DO_NOT_INFER,Famalicao,Estoril,3,0,H,EVALUATION_ONLY_JOIN_AFTER_PREMATCH_FEATURE_FREEZE,1.98,3.42,3.82,EXTERNAL_HISTORICAL_MARKET_BENCHMARK,NOT_AVAILABLE,NOT_GOLDBET,33fa2bb8e4d858ff930a6372518b78299485bbbbd6a3bb36b15cd120f00791a0
0d54de1f821e2c97c71b3a2d,Primeira Liga,2024/2025,DEVELOPMENT,2025-04-12,18:00,MATCH_KICKOFF_TIME_TIMEZONE_NOT_STATED_BY_SOURCE,,NOT_VERIFIED_DO_NOT_INFER,Santa Clara,Sp Lisbon,0,1,A,EVALUATION_ONLY_JOIN_AFTER_PREMATCH_FEATURE_FREEZE,6.76,3.84,1.54,EXTERNAL_HISTORICAL_MARKET_BENCHMARK,NOT_AVAILABLE,NOT_GOLDBET,3ecaddeaf6ff0c40017d04848eb085df731aba3e35d7e9692e355416f5682559
6069e1979bfe0d73ab9ce636,Primeira Liga,2024/2025,DEVELOPMENT,2025-04-12,20:30,MATCH_KICKOFF_TIME_TIMEZONE_NOT_STATED_BY_SOURCE,,NOT_VERIFIED_DO_NOT_INFER,Casa Pia,Porto,0,1,A,EVALUATION_ONLY_JOIN_AFTER_PREMATCH_FEATURE_FREEZE,5.59,3.8,1.63,EXTERNAL_HISTORICAL_MARKET_BENCHMARK,NOT_AVAILABLE,NOT_GOLDBET,145d33d490f4443d9e0e3e30e2af7f0224a602a6533c2007874fe0c3ca283e20
261fb35ba254ac537bc97339,Primeira Liga,2024/2025,DEVELOPMENT,2025-04-13,15:30,MATCH_KICKOFF_TIME_TIMEZONE_NOT_STATED_BY_SOURCE,,NOT_VERIFIED_DO_NOT_INFER,Estrela,Farense,0,1,A,EVALUATION_ONLY_JOIN_AFTER_PREMATCH_FEATURE_FREEZE,2.61,3.09,2.88,EXTERNAL_HISTORICAL_MARKET_BENCHMARK,NOT_AVAILABLE,NOT_GOLDBET,c15c1d1c9e60a17e49e5ed8eb75b4bb780e29a07077582b36c316507bfde3f7d
d46ca982254b87fb253c81b9,Primeira Liga,2024/2025,DEVELOPMENT,2025-04-13,18:00,MATCH_KICKOFF_TIME_TIMEZONE_NOT_STATED_BY_SOURCE,,NOT_VERIFIED_DO_NOT_INFER,Benfica,Arouca,2,2,D,EVALUATION_ONLY_JOIN_AFTER_PREMATCH_FEATURE_FREEZE,1.11,9.29,21.89,EXTERNAL_HISTORICAL_MARKET_BENCHMARK,NOT_AVAILABLE,NOT_GOLDBET,00eeb13679a263b2c42dc6e761452f17064dd265018b537f50eda1cf93f273f8
f0027923c3b70a7d3c55bfe8,Primeira Liga,2024/2025,DEVELOPMENT,2025-04-13,18:00,MATCH_KICKOFF_TIME_TIMEZONE_NOT_STATED_BY_SOURCE,,NOT_VERIFIED_DO_NOT_INFER,Sp Braga,AVS,4,1,H,EVALUATION_ONLY_JOIN_AFTER_PREMATCH_FEATURE_FREEZE,1.43,4.35,7.65,EXTERNAL_HISTORICAL_MARKET_BENCHMARK,NOT_AVAILABLE,NOT_GOLDBET,b67aa6a5150d24add497eb4ccb88aed2d4798799d52c90d25f169c9aad50e0c4
1801e9d031da619574496356,Primeira Liga,2024/2025,DEVELOPMENT,2025-04-13,20:30,MATCH_KICKOFF_TIME_TIMEZONE_NOT_STATED_BY_SOURCE,,NOT_VERIFIED_DO_NOT_INFER,Moreirense,Rio Ave,0,2,A,EVALUATION_ONLY_JOIN_AFTER_PREMATCH_FEATURE_FREEZE,2.23,3.12,3.48,EXTERNAL_HISTORICAL_MARKET_BENCHMARK,NOT_AVAILABLE,NOT_GOLDBET,4384059788721047cad65f7a7e8c4077fdcc5fe479975c9ed71f714e3947f49e
be5e81e8488cc44f5159646b,Primeira Liga,2024/2025,DEVELOPMENT,2025-04-18,15:30,MATCH_KICKOFF_TIME_TIMEZONE_NOT_STATED_BY_SOURCE,,NOT_VERIFIED_DO_NOT_INFER,Farense,Boavista,0,1,A,EVALUATION_ONLY_JOIN_AFTER_PREMATCH_FEATURE_FREEZE,1.76,3.55,4.83,EXTERNAL_HISTORICAL_MARKET_BENCHMARK,NOT_AVAILABLE,NOT_GOLDBET,ef9e53e4f78bd5cff43d9ad59fc6ef02f16c1d6bf0f5ae68a45b5c4cf66c5352
d39e125c059e7901318b3a87,Primeira Liga,2024/2025,DEVELOPMENT,2025-04-18,15:30,MATCH_KICKOFF_TIME_TIMEZONE_NOT_STATED_BY_SOURCE,,NOT_VERIFIED_DO_NOT_INFER,Rio Ave,Santa Clara,1,1,D,EVALUATION_ONLY_JOIN_AFTER_PREMATCH_FEATURE_FREEZE,3.88,3.22,2.05,EXTERNAL_HISTORICAL_MARKET_BENCHMARK,NOT_AVAILABLE,NOT_GOLDBET,cb220e00d9244c8d1fcec13c671ce059f3e05a71e9a170cd17e8b9c16f4d895e
5500d98710052abf89650ed0,Primeira Liga,2024/2025,DEVELOPMENT,2025-04-18,18:00,MATCH_KICKOFF_TIME_TIMEZONE_NOT_STATED_BY_SOURCE,,NOT_VERIFIED_DO_NOT_INFER,Porto,Famalicao,2,1,H,EVALUATION_ONLY_JOIN_AFTER_PREMATCH_FEATURE_FREEZE,1.52,4.32,5.98,EXTERNAL_HISTORICAL_MARKET_BENCHMARK,NOT_AVAILABLE,NOT_GOLDBET,f94229e32c8ab34e773e5fc93b5ba4c0cc319da2c086bff4273e2b69648fc8a6
fd2d0c549a6f9cd071e6dfb6,Primeira Liga,2024/2025,DEVELOPMENT,2025-04-18,20:30,MATCH_KICKOFF_TIME_TIMEZONE_NOT_STATED_BY_SOURCE,,NOT_VERIFIED_DO_NOT_INFER,Sp Lisbon,Moreirense,3,1,H,EVALUATION_ONLY_JOIN_AFTER_PREMATCH_FEATURE_FREEZE,1.15,7.4,19.71,EXTERNAL_HISTORICAL_MARKET_BENCHMARK,NOT_AVAILABLE,NOT_GOLDBET,3d9098d52648fee58903f2b6c320dba7ab43fac03a31dfb6dc0074c820af60ac
3660520b6598ea36048366b1,Primeira Liga,2024/2025,DEVELOPMENT,2025-04-19,15:30,MATCH_KICKOFF_TIME_TIMEZONE_NOT_STATED_BY_SOURCE,,NOT_VERIFIED_DO_NOT_INFER,AVS,Casa Pia,1,1,D,EVALUATION_ONLY_JOIN_AFTER_PREMATCH_FEATURE_FREEZE,2.95,3.15,2.49,EXTERNAL_HISTORICAL_MARKET_BENCHMARK,NOT_AVAILABLE,NOT_GOLDBET,6d99983410f85c7593c103ad411b8ef69c941d218d5c0c1344df27fdfb425b25
29905b71330b4fbae514c813,Primeira Liga,2024/2025,DEVELOPMENT,2025-04-19,15:30,MATCH_KICKOFF_TIME_TIMEZONE_NOT_STATED_BY_SOURCE,,NOT_VERIFIED_DO_NOT_INFER,Nacional,Gil Vicente,0,3,A,EVALUATION_ONLY_JOIN_AFTER_PREMATCH_FEATURE_FREEZE,2.48,3.1,3.01,EXTERNAL_HISTORICAL_MARKET_BENCHMARK,NOT_AVAILABLE,NOT_GOLDBET,ed2817022611c20bd3fbb766450d425ed55c4b06ee20d7ba0432265717688fe1
e217ebf8aef8cd334d4b221b,Primeira Liga,2024/2025,DEVELOPMENT,2025-04-19,18:00,MATCH_KICKOFF_TIME_TIMEZONE_NOT_STATED_BY_SOURCE,,NOT_VERIFIED_DO_NOT_INFER,Arouca,Estrela,1,0,H,EVALUATION_ONLY_JOIN_AFTER_PREMATCH_FEATURE_FREEZE,2.03,3.22,3.94,EXTERNAL_HISTORICAL_MARKET_BENCHMARK,NOT_AVAILABLE,NOT_GOLDBET,793e4d671f601e5ef21019511057775739f8f039037f484b58bf94bdc4570122
1e0813d7dadca9e59cd187ec,Primeira Liga,2024/2025,DEVELOPMENT,2025-04-19,18:00,MATCH_KICKOFF_TIME_TIMEZONE_NOT_STATED_BY_SOURCE,,NOT_VERIFIED_DO_NOT_INFER,Estoril,Sp Braga,0,2,A,EVALUATION_ONLY_JOIN_AFTER_PREMATCH_FEATURE_FREEZE,4.69,3.67,1.75,EXTERNAL_HISTORICAL_MARKET_BENCHMARK,NOT_AVAILABLE,NOT_GOLDBET,2c35d1de832bc38d152b155959800f1bcde3a034adefea6820b9465f4dd19157
d459034f8e8a5c8edc1d1c7d,Primeira Liga,2024/2025,DEVELOPMENT,2025-04-19,20:30,MATCH_KICKOFF_TIME_TIMEZONE_NOT_STATED_BY_SOURCE,,NOT_VERIFIED_DO_NOT_INFER,Guimaraes,Benfica,0,3,A,EVALUATION_ONLY_JOIN_AFTER_PREMATCH_FEATURE_FREEZE,5.75,4.35,1.52,EXTERNAL_HISTORICAL_MARKET_BENCHMARK,NOT_AVAILABLE,NOT_GOLDBET,6ec97d36e8ba7cc24d1bf786a176be8e926f3559e0ddb514f84e95d3358d6841
1eedcda11bf6b940a7b73e5e,Primeira Liga,2024/2025,DEVELOPMENT,2025-04-25,20:30,MATCH_KICKOFF_TIME_TIMEZONE_NOT_STATED_BY_SOURCE,,NOT_VERIFIED_DO_NOT_INFER,Famalicao,Sp Braga,1,1,D,EVALUATION_ONLY_JOIN_AFTER_PREMATCH_FEATURE_FREEZE,3.62,3.35,2.08,EXTERNAL_HISTORICAL_MARKET_BENCHMARK,NOT_AVAILABLE,NOT_GOLDBET,b0dc5480c582ab12d08624111a2fe913bc3fa705d2a34c868c0f54da02a9948c
ddced7253b810be1f2d1d628,Primeira Liga,2024/2025,DEVELOPMENT,2025-04-26,15:30,MATCH_KICKOFF_TIME_TIMEZONE_NOT_STATED_BY_SOURCE,,NOT_VERIFIED_DO_NOT_INFER,Santa Clara,Arouca,2,0,H,EVALUATION_ONLY_JOIN_AFTER_PREMATCH_FEATURE_FREEZE,1.9,3.17,4.65,EXTERNAL_HISTORICAL_MARKET_BENCHMARK,NOT_AVAILABLE,NOT_GOLDBET,734a751b44c1ed3e28df6ad30e5078e38dee6ec24e14799d64e669b86ccec07c
4a11ae7aa92a2c36dc7f266c,Primeira Liga,2024/2025,DEVELOPMENT,2025-04-26,18:00,MATCH_KICKOFF_TIME_TIMEZONE_NOT_STATED_BY_SOURCE,,NOT_VERIFIED_DO_NOT_INFER,Gil Vicente,Farense,1,0,H,EVALUATION_ONLY_JOIN_AFTER_PREMATCH_FEATURE_FREEZE,2.49,2.99,3.12,EXTERNAL_HISTORICAL_MARKET_BENCHMARK,NOT_AVAILABLE,NOT_GOLDBET,1702bfd7d54b0a1351f12aa4a8268df1b50645d4963e8adbf82d77679462bb10
ccc9028d0f1cbd0e1fb5eb28,Primeira Liga,2024/2025,DEVELOPMENT,2025-04-26,20:30,MATCH_KICKOFF_TIME_TIMEZONE_NOT_STATED_BY_SOURCE,,NOT_VERIFIED_DO_NOT_INFER,Estrela,Porto,2,0,H,EVALUATION_ONLY_JOIN_AFTER_PREMATCH_FEATURE_FREEZE,6.18,3.9,1.56,EXTERNAL_HISTORICAL_MARKET_BENCHMARK,NOT_AVAILABLE,NOT_GOLDBET,8a23ebd1b4dfa8eb3ab854bd9eeddda1c9ad6bba7dcc5da42e50cf758d070fb1
2e21d09e3a349aee8881cab1,Primeira Liga,2024/2025,DEVELOPMENT,2025-04-27,15:30,MATCH_KICKOFF_TIME_TIMEZONE_NOT_STATED_BY_SOURCE,,NOT_VERIFIED_DO_NOT_INFER,Moreirense,Nacional,1,1,D,EVALUATION_ONLY_JOIN_AFTER_PREMATCH_FEATURE_FREEZE,2.63,3.07,2.84,EXTERNAL_HISTORICAL_MARKET_BENCHMARK,NOT_AVAILABLE,NOT_GOLDBET,45c41b0e8b4ebbbe43026a283b4ebbea61003c7e6364bd2d62b03819ed3d6f2d
5c30fc502bd277ed36a829fb,Primeira Liga,2024/2025,DEVELOPMENT,2025-04-27,18:00,MATCH_KICKOFF_TIME_TIMEZONE_NOT_STATED_BY_SOURCE,,NOT_VERIFIED_DO_NOT_INFER,Benfica,AVS,6,0,H,EVALUATION_ONLY_JOIN_AFTER_PREMATCH_FEATURE_FREEZE,1.07,11.89,26.26,EXTERNAL_HISTORICAL_MARKET_BENCHMARK,NOT_AVAILABLE,NOT_GOLDBET,f6457ccc9bbe77621e09d736f730ab0d87aee4c0023ce1545f3a75ef7c192a08
91d5a3f4a7aad230f11e8424,Primeira Liga,2024/2025,DEVELOPMENT,2025-04-27,18:00,MATCH_KICKOFF_TIME_TIMEZONE_NOT_STATED_BY_SOURCE,,NOT_VERIFIED_DO_NOT_INFER,Guimaraes,Rio Ave,3,0,H,EVALUATION_ONLY_JOIN_AFTER_PREMATCH_FEATURE_FREEZE,1.44,4.48,7,EXTERNAL_HISTORICAL_MARKET_BENCHMARK,NOT_AVAILABLE,NOT_GOLDBET,65700bc1f2be6af813ad1cfae0f7cac5a03a4ce645b26033edfb3de7e25d7eef
0dd7862c79c5d0ce57543ee9,Primeira Liga,2024/2025,DEVELOPMENT,2025-04-27,20:30,MATCH_KICKOFF_TIME_TIMEZONE_NOT_STATED_BY_SOURCE,,NOT_VERIFIED_DO_NOT_INFER,Boavista,Sp Lisbon,0,5,A,EVALUATION_ONLY_JOIN_AFTER_PREMATCH_FEATURE_FREEZE,16.76,8.07,1.14,EXTERNAL_HISTORICAL_MARKET_BENCHMARK,NOT_AVAILABLE,NOT_GOLDBET,5a100f3c5fd3dd10fbf9e71a8e18786e24fdc9f31e736911659e1040d1cc679c
cb762605efc1b9c647170446,Primeira Liga,2024/2025,DEVELOPMENT,2025-04-29,20:30,MATCH_KICKOFF_TIME_TIMEZONE_NOT_STATED_BY_SOURCE,,NOT_VERIFIED_DO_NOT_INFER,Casa Pia,Estoril,1,3,A,EVALUATION_ONLY_JOIN_AFTER_PREMATCH_FEATURE_FREEZE,2.52,3,3.09,EXTERNAL_HISTORICAL_MARKET_BENCHMARK,NOT_AVAILABLE,NOT_GOLDBET,d40689d26da5a9d4290ee8463d84054e273d98ef80bcca492ffaea47141bc4c4
31493444be73e7eca6a401d0,Primeira Liga,2024/2025,DEVELOPMENT,2025-05-02,20:15,MATCH_KICKOFF_TIME_TIMEZONE_NOT_STATED_BY_SOURCE,,NOT_VERIFIED_DO_NOT_INFER,Porto,Moreirense,3,1,H,EVALUATION_ONLY_JOIN_AFTER_PREMATCH_FEATURE_FREEZE,1.32,5.36,9.05,EXTERNAL_HISTORICAL_MARKET_BENCHMARK,NOT_AVAILABLE,NOT_GOLDBET,fe5a490aea4f0ef30d35062ad9946c7ef67ed212a84eb9263269f4feb6432343
2c5a65fd0f17d1a186f2d68a,Primeira Liga,2024/2025,DEVELOPMENT,2025-05-03,15:30,MATCH_KICKOFF_TIME_TIMEZONE_NOT_STATED_BY_SOURCE,,NOT_VERIFIED_DO_NOT_INFER,Farense,Famalicao,2,1,H,EVALUATION_ONLY_JOIN_AFTER_PREMATCH_FEATURE_FREEZE,2.86,3.23,2.52,EXTERNAL_HISTORICAL_MARKET_BENCHMARK,NOT_AVAILABLE,NOT_GOLDBET,d3758dd13a8e7e612cea588106248405f9aba044af780e354ac84c819d4f3e0d
32c921611352c14fb79ce1a2,Primeira Liga,2024/2025,DEVELOPMENT,2025-05-03,15:30,MATCH_KICKOFF_TIME_TIMEZONE_NOT_STATED_BY_SOURCE,,NOT_VERIFIED_DO_NOT_INFER,Nacional,Guimaraes,1,2,A,EVALUATION_ONLY_JOIN_AFTER_PREMATCH_FEATURE_FREEZE,3.98,3.6,1.9,EXTERNAL_HISTORICAL_MARKET_BENCHMARK,NOT_AVAILABLE,NOT_GOLDBET,0ff30c2374c0ae15d27ddfe37bae735856fe7dc0c1ebc02788374699b8a8c3e8
f5d198ce48c2bee871625a4c,Primeira Liga,2024/2025,DEVELOPMENT,2025-05-03,18:00,MATCH_KICKOFF_TIME_TIMEZONE_NOT_STATED_BY_SOURCE,,NOT_VERIFIED_DO_NOT_INFER,Sp Braga,Santa Clara,1,1,D,EVALUATION_ONLY_JOIN_AFTER_PREMATCH_FEATURE_FREEZE,1.77,3.52,4.82,EXTERNAL_HISTORICAL_MARKET_BENCHMARK,NOT_AVAILABLE,NOT_GOLDBET,657612bab08f5cbd4f53acb30aacd9f29fabe070aba46518bc5b4c14248841f7
c3d838abb5c46df50ecb067c,Primeira Liga,2024/2025,DEVELOPMENT,2025-05-03,20:30,MATCH_KICKOFF_TIME_TIMEZONE_NOT_STATED_BY_SOURCE,,NOT_VERIFIED_DO_NOT_INFER,Estoril,Benfica,1,2,A,EVALUATION_ONLY_JOIN_AFTER_PREMATCH_FEATURE_FREEZE,12.62,7.67,1.18,EXTERNAL_HISTORICAL_MARKET_BENCHMARK,NOT_AVAILABLE,NOT_GOLDBET,97e0f8ae2105fb6558a73bdabef9df688e166de800f780d3f51381b07315986d
e8f0f8871b46a20e73299b6e,Primeira Liga,2024/2025,DEVELOPMENT,2025-05-04,18:00,MATCH_KICKOFF_TIME_TIMEZONE_NOT_STATED_BY_SOURCE,,NOT_VERIFIED_DO_NOT_INFER,Arouca,Casa Pia,0,0,D,EVALUATION_ONLY_JOIN_AFTER_PREMATCH_FEATURE_FREEZE,2.05,3.39,3.64,EXTERNAL_HISTORICAL_MARKET_BENCHMARK,NOT_AVAILABLE,NOT_GOLDBET,01a63ab8103772e6185cfc675fdcc2e5028e5549f6d903ea1d30642caa886e8e
43611edc43d968c99058af4d,Primeira Liga,2024/2025,DEVELOPMENT,2025-05-04,20:30,MATCH_KICKOFF_TIME_TIMEZONE_NOT_STATED_BY_SOURCE,,NOT_VERIFIED_DO_NOT_INFER,Sp Lisbon,Gil Vicente,2,1,H,EVALUATION_ONLY_JOIN_AFTER_PREMATCH_FEATURE_FREEZE,1.12,8.43,20.36,EXTERNAL_HISTORICAL_MARKET_BENCHMARK,NOT_AVAILABLE,NOT_GOLDBET,4838c4ab4e2edf83031b46633a133d3e4cefff357a0c27fa9a9e5d6a3dc9d138
7209705d0aa80a21368145b4,Primeira Liga,2024/2025,DEVELOPMENT,2025-05-05,19:30,MATCH_KICKOFF_TIME_TIMEZONE_NOT_STATED_BY_SOURCE,,NOT_VERIFIED_DO_NOT_INFER,Rio Ave,Estrela,2,0,H,EVALUATION_ONLY_JOIN_AFTER_PREMATCH_FEATURE_FREEZE,2.39,3.24,3.02,EXTERNAL_HISTORICAL_MARKET_BENCHMARK,NOT_AVAILABLE,NOT_GOLDBET,eada40d7dd9b79bc14f8eb3aca8cb4f2dc96307f43e91e4cfdcbf34a313be774
58bfc68d70fa473e50dd4b85,Primeira Liga,2024/2025,DEVELOPMENT,2025-05-05,20:15,MATCH_KICKOFF_TIME_TIMEZONE_NOT_STATED_BY_SOURCE,,NOT_VERIFIED_DO_NOT_INFER,AVS,Boavista,1,2,A,EVALUATION_ONLY_JOIN_AFTER_PREMATCH_FEATURE_FREEZE,2.4,3.2,3.06,EXTERNAL_HISTORICAL_MARKET_BENCHMARK,NOT_AVAILABLE,NOT_GOLDBET,ac5cc2c4c0eee228915e6c27b3dfceec7086116b775af1baa7a657976cd0c3dc
e85e6a83f1bacc6ab10b7bb1,Primeira Liga,2024/2025,DEVELOPMENT,2025-05-10,15:30,MATCH_KICKOFF_TIME_TIMEZONE_NOT_STATED_BY_SOURCE,,NOT_VERIFIED_DO_NOT_INFER,Nacional,Rio Ave,3,3,D,EVALUATION_ONLY_JOIN_AFTER_PREMATCH_FEATURE_FREEZE,2,3.76,3.43,EXTERNAL_HISTORICAL_MARKET_BENCHMARK,NOT_AVAILABLE,NOT_GOLDBET,816e483568ac6076348e7b200e0f51c344a3c5375e745e4a5da37c5571ae33f0
af94b13c4a67d835aea1ff9d,Primeira Liga,2024/2025,DEVELOPMENT,2025-05-10,15:30,MATCH_KICKOFF_TIME_TIMEZONE_NOT_STATED_BY_SOURCE,,NOT_VERIFIED_DO_NOT_INFER,Santa Clara,Famalicao,2,1,H,EVALUATION_ONLY_JOIN_AFTER_PREMATCH_FEATURE_FREEZE,1.9,3.3,4.35,EXTERNAL_HISTORICAL_MARKET_BENCHMARK,NOT_AVAILABLE,NOT_GOLDBET,045cc8ef410c59f002ce68de971d54c72e435626e34cb40b303dda9754940e5b
42721119398f10ec42b4a58e,Primeira Liga,2024/2025,DEVELOPMENT,2025-05-10,18:00,MATCH_KICKOFF_TIME_TIMEZONE_NOT_STATED_BY_SOURCE,,NOT_VERIFIED_DO_NOT_INFER,Benfica,Sp Lisbon,1,1,D,EVALUATION_ONLY_JOIN_AFTER_PREMATCH_FEATURE_FREEZE,2.19,3.39,3.26,EXTERNAL_HISTORICAL_MARKET_BENCHMARK,NOT_AVAILABLE,NOT_GOLDBET,28a0383e806d8d7c72ed7544c069dc0fb8d7bed311bfbe6232ba1db38059e665
d6ee1a7a498d5fc04dd6dbb2,Primeira Liga,2024/2025,DEVELOPMENT,2025-05-10,20:30,MATCH_KICKOFF_TIME_TIMEZONE_NOT_STATED_BY_SOURCE,,NOT_VERIFIED_DO_NOT_INFER,Casa Pia,Sp Braga,2,1,H,EVALUATION_ONLY_JOIN_AFTER_PREMATCH_FEATURE_FREEZE,6.49,4.21,1.5,EXTERNAL_HISTORICAL_MARKET_BENCHMARK,NOT_AVAILABLE,NOT_GOLDBET,a9cdc507db6e6a44d87020d669dfceda16bd6cb22d12f2cd2b6deb0b20c0a86a
02eba1482174a1687c44c8d1,Primeira Liga,2024/2025,DEVELOPMENT,2025-05-10,20:30,MATCH_KICKOFF_TIME_TIMEZONE_NOT_STATED_BY_SOURCE,,NOT_VERIFIED_DO_NOT_INFER,Gil Vicente,Arouca,1,1,D,EVALUATION_ONLY_JOIN_AFTER_PREMATCH_FEATURE_FREEZE,2.23,3.27,3.31,EXTERNAL_HISTORICAL_MARKET_BENCHMARK,NOT_AVAILABLE,NOT_GOLDBET,8ea983e796cd1fe3420453b3150d777ad2e969a8401c68d27567762cc7d1adfc
41cb82bebd5d4894fd167cdf,Primeira Liga,2024/2025,DEVELOPMENT,2025-05-11,15:30,MATCH_KICKOFF_TIME_TIMEZONE_NOT_STATED_BY_SOURCE,,NOT_VERIFIED_DO_NOT_INFER,Estrela,AVS,0,1,A,EVALUATION_ONLY_JOIN_AFTER_PREMATCH_FEATURE_FREEZE,2.29,3.13,3.31,EXTERNAL_HISTORICAL_MARKET_BENCHMARK,NOT_AVAILABLE,NOT_GOLDBET,f06c2a5dea4c9d962cac38cf32fc606b640afc14518db6b56f180c8a598468e1
20b2b204e3fff5f84dfd9d0e,Primeira Liga,2024/2025,DEVELOPMENT,2025-05-11,18:00,MATCH_KICKOFF_TIME_TIMEZONE_NOT_STATED_BY_SOURCE,,NOT_VERIFIED_DO_NOT_INFER,Guimaraes,Farense,1,2,A,EVALUATION_ONLY_JOIN_AFTER_PREMATCH_FEATURE_FREEZE,1.51,4.12,6.53,EXTERNAL_HISTORICAL_MARKET_BENCHMARK,NOT_AVAILABLE,NOT_GOLDBET,1afc379dd23384af4cda532fedabb7ec7abf9bdfd592721e2bf8f406deeb47e0
5ee4d67237e32523bc5cdd4f,Primeira Liga,2024/2025,DEVELOPMENT,2025-05-11,18:00,MATCH_KICKOFF_TIME_TIMEZONE_NOT_STATED_BY_SOURCE,,NOT_VERIFIED_DO_NOT_INFER,Moreirense,Estoril,2,2,D,EVALUATION_ONLY_JOIN_AFTER_PREMATCH_FEATURE_FREEZE,2.61,3.21,2.77,EXTERNAL_HISTORICAL_MARKET_BENCHMARK,NOT_AVAILABLE,NOT_GOLDBET,2db8e0f42e05cb9412341933ded6c549227522e7ec7dda64366ab5d0a80fe034
9965980cbc5c4bcdab9e1bf3,Primeira Liga,2024/2025,DEVELOPMENT,2025-05-11,20:30,MATCH_KICKOFF_TIME_TIMEZONE_NOT_STATED_BY_SOURCE,,NOT_VERIFIED_DO_NOT_INFER,Boavista,Porto,1,2,A,EVALUATION_ONLY_JOIN_AFTER_PREMATCH_FEATURE_FREEZE,7.99,4.51,1.41,EXTERNAL_HISTORICAL_MARKET_BENCHMARK,NOT_AVAILABLE,NOT_GOLDBET,2389dcae4a760060f8f601858451792b57883182205a20456371f7aba7b8927c
cf0cab6c8caa6e86ccedfd5e,Primeira Liga,2024/2025,DEVELOPMENT,2025-05-16,19:00,MATCH_KICKOFF_TIME_TIMEZONE_NOT_STATED_BY_SOURCE,,NOT_VERIFIED_DO_NOT_INFER,Famalicao,Casa Pia,2,1,H,EVALUATION_ONLY_JOIN_AFTER_PREMATCH_FEATURE_FREEZE,1.88,3.57,4.12,EXTERNAL_HISTORICAL_MARKET_BENCHMARK,NOT_AVAILABLE,NOT_GOLDBET,bd40d77ded1aec9c221ca4f98eacd9c0d76a8beee5a65448c11875ce947cada2
d39f8456d61dcae7b7dd1839,Primeira Liga,2024/2025,DEVELOPMENT,2025-05-16,19:00,MATCH_KICKOFF_TIME_TIMEZONE_NOT_STATED_BY_SOURCE,,NOT_VERIFIED_DO_NOT_INFER,Rio Ave,Gil Vicente,1,1,D,EVALUATION_ONLY_JOIN_AFTER_PREMATCH_FEATURE_FREEZE,2.75,3.35,2.54,EXTERNAL_HISTORICAL_MARKET_BENCHMARK,NOT_AVAILABLE,NOT_GOLDBET,9b288a9eaab28706c7ca2242e4c2a5ac4f3dc48ecbddbcf590c364a554ec3b45
bd04f8eeaf7c65c339ec9ab9,Primeira Liga,2024/2025,DEVELOPMENT,2025-05-17,18:00,MATCH_KICKOFF_TIME_TIMEZONE_NOT_STATED_BY_SOURCE,,NOT_VERIFIED_DO_NOT_INFER,AVS,Moreirense,0,3,A,EVALUATION_ONLY_JOIN_AFTER_PREMATCH_FEATURE_FREEZE,1.89,3.41,4.25,EXTERNAL_HISTORICAL_MARKET_BENCHMARK,NOT_AVAILABLE,NOT_GOLDBET,92db4f039202a8f266faa74a45d0caff6cc1f960a240661f84798434c3947811
c63194a844aaec930ff95841,Primeira Liga,2024/2025,DEVELOPMENT,2025-05-17,18:00,MATCH_KICKOFF_TIME_TIMEZONE_NOT_STATED_BY_SOURCE,,NOT_VERIFIED_DO_NOT_INFER,Arouca,Boavista,4,1,H,EVALUATION_ONLY_JOIN_AFTER_PREMATCH_FEATURE_FREEZE,1.97,3.63,3.62,EXTERNAL_HISTORICAL_MARKET_BENCHMARK,NOT_AVAILABLE,NOT_GOLDBET,7164a0706110c61be1fbcaa57bfacc993a80524a0686114e41fc4427641fd7a6
d6f918fc295ce01f6c0eef96,Primeira Liga,2024/2025,DEVELOPMENT,2025-05-17,18:00,MATCH_KICKOFF_TIME_TIMEZONE_NOT_STATED_BY_SOURCE,,NOT_VERIFIED_DO_NOT_INFER,Estoril,Estrela,4,0,H,EVALUATION_ONLY_JOIN_AFTER_PREMATCH_FEATURE_FREEZE,2.61,3.33,2.68,EXTERNAL_HISTORICAL_MARKET_BENCHMARK,NOT_AVAILABLE,NOT_GOLDBET,578e41a6b23c02ff6033727f02616625a5f04ed063ccb03bb8b59aade61ab195
7e134aa6930a63d818848eb5,Primeira Liga,2024/2025,DEVELOPMENT,2025-05-17,18:00,MATCH_KICKOFF_TIME_TIMEZONE_NOT_STATED_BY_SOURCE,,NOT_VERIFIED_DO_NOT_INFER,Farense,Santa Clara,1,2,A,EVALUATION_ONLY_JOIN_AFTER_PREMATCH_FEATURE_FREEZE,2.67,3.14,2.75,EXTERNAL_HISTORICAL_MARKET_BENCHMARK,NOT_AVAILABLE,NOT_GOLDBET,ac9ada1f1beb49a735af9734927b341924843eba6a90c329bec482453f37fe35
f13b2165b50482d3cd772ee5,Primeira Liga,2024/2025,DEVELOPMENT,2025-05-17,18:00,MATCH_KICKOFF_TIME_TIMEZONE_NOT_STATED_BY_SOURCE,,NOT_VERIFIED_DO_NOT_INFER,Porto,Nacional,3,0,H,EVALUATION_ONLY_JOIN_AFTER_PREMATCH_FEATURE_FREEZE,1.29,5.65,9.25,EXTERNAL_HISTORICAL_MARKET_BENCHMARK,NOT_AVAILABLE,NOT_GOLDBET,10b36f2a62f6474fed784d00156659cbb55545dd7d4cb1c64f88c46daeb83ddb
e938c8c88a3f895935ea1556,Primeira Liga,2024/2025,DEVELOPMENT,2025-05-17,18:00,MATCH_KICKOFF_TIME_TIMEZONE_NOT_STATED_BY_SOURCE,,NOT_VERIFIED_DO_NOT_INFER,Sp Braga,Benfica,1,1,D,EVALUATION_ONLY_JOIN_AFTER_PREMATCH_FEATURE_FREEZE,5.47,4.49,1.53,EXTERNAL_HISTORICAL_MARKET_BENCHMARK,NOT_AVAILABLE,NOT_GOLDBET,021cfce386f9f5eef6ecee4de8fe6172d0f1359529fdbe223467f39ee2889c0c
f6879e3403af1a2dd9110ca2,Primeira Liga,2024/2025,DEVELOPMENT,2025-05-17,18:00,MATCH_KICKOFF_TIME_TIMEZONE_NOT_STATED_BY_SOURCE,,NOT_VERIFIED_DO_NOT_INFER,Sp Lisbon,Guimaraes,2,0,H,EVALUATION_ONLY_JOIN_AFTER_PREMATCH_FEATURE_FREEZE,1.29,5.54,9.69,EXTERNAL_HISTORICAL_MARKET_BENCHMARK,NOT_AVAILABLE,NOT_GOLDBET,46428bb1246340450e39d5bb0391810462d4fc01ac7a6f5211af878a298032bf
4263b0dd501b4e48e543b103,Primeira Liga,2025/2026,HOLDOUT,2025-08-08,20:15,MATCH_KICKOFF_TIME_TIMEZONE_NOT_STATED_BY_SOURCE,,NOT_VERIFIED_DO_NOT_INFER,Casa Pia,Sp Lisbon,0,2,A,EVALUATION_ONLY_JOIN_AFTER_PREMATCH_FEATURE_FREEZE,8.71,5.13,1.31,EXTERNAL_HISTORICAL_MARKET_BENCHMARK,NOT_AVAILABLE,NOT_GOLDBET,4648df07369c144579e56f5e395d4d2bd43d686344c39c9a7721a08f9edb2de8
a7a4e220b3e938106f20cdc8,Primeira Liga,2025/2026,HOLDOUT,2025-08-09,15:30,MATCH_KICKOFF_TIME_TIMEZONE_NOT_STATED_BY_SOURCE,,NOT_VERIFIED_DO_NOT_INFER,Nacional,Gil Vicente,0,2,A,EVALUATION_ONLY_JOIN_AFTER_PREMATCH_FEATURE_FREEZE,2.6,2.9,2.89,EXTERNAL_HISTORICAL_MARKET_BENCHMARK,NOT_AVAILABLE,NOT_GOLDBET,c4bbb7b40d465a71bfa5586a8723635c4f095f4c9a91221a9bd8b6f17397ba09
ce141e5c2e41345c28a3234e,Primeira Liga,2025/2026,HOLDOUT,2025-08-09,20:30,MATCH_KICKOFF_TIME_TIMEZONE_NOT_STATED_BY_SOURCE,,NOT_VERIFIED_DO_NOT_INFER,Arouca,AVS,3,1,H,EVALUATION_ONLY_JOIN_AFTER_PREMATCH_FEATURE_FREEZE,1.72,3.57,4.71,EXTERNAL_HISTORICAL_MARKET_BENCHMARK,NOT_AVAILABLE,NOT_GOLDBET,718b5934ba96c98901164035da76d086660e6e47ad7a6a831071d41fc704fab4
df4cfe738829b001257db154,Primeira Liga,2025/2026,HOLDOUT,2025-08-10,17:00,MATCH_KICKOFF_TIME_TIMEZONE_NOT_STATED_BY_SOURCE,,NOT_VERIFIED_DO_NOT_INFER,Famalicao,Santa Clara,3,0,H,EVALUATION_ONLY_JOIN_AFTER_PREMATCH_FEATURE_FREEZE,2.17,3.03,3.51,EXTERNAL_HISTORICAL_MARKET_BENCHMARK,NOT_AVAILABLE,NOT_GOLDBET,620702f553f3ee760603680511f63de861e9be31c2407d2a2548444ed3fabfe9
3dfaf78da41946cedb13d884,Primeira Liga,2025/2026,HOLDOUT,2025-08-10,20:30,MATCH_KICKOFF_TIME_TIMEZONE_NOT_STATED_BY_SOURCE,,NOT_VERIFIED_DO_NOT_INFER,Moreirense,Alverca,2,1,H,EVALUATION_ONLY_JOIN_AFTER_PREMATCH_FEATURE_FREEZE,1.91,3.23,4.1,EXTERNAL_HISTORICAL_MARKET_BENCHMARK,NOT_AVAILABLE,NOT_GOLDBET,d7fb8d2fe3960a017a562063c8dc99fd18f319ab3f75b94407f1ab124b05202c
56a0c2d710e492309b80a5a0,Primeira Liga,2025/2026,HOLDOUT,2025-08-10,20:30,MATCH_KICKOFF_TIME_TIMEZONE_NOT_STATED_BY_SOURCE,,NOT_VERIFIED_DO_NOT_INFER,Sp Braga,Tondela,3,0,H,EVALUATION_ONLY_JOIN_AFTER_PREMATCH_FEATURE_FREEZE,1.48,4.18,6.31,EXTERNAL_HISTORICAL_MARKET_BENCHMARK,NOT_AVAILABLE,NOT_GOLDBET,23673d2964ecb409002388fcf534da2df338cd76eda876432c7ead59cc3bcb22
cdc658f0c5dfb3f40d2630b5,Primeira Liga,2025/2026,HOLDOUT,2025-08-11,18:45,MATCH_KICKOFF_TIME_TIMEZONE_NOT_STATED_BY_SOURCE,,NOT_VERIFIED_DO_NOT_INFER,Estoril,Estrela,1,1,D,EVALUATION_ONLY_JOIN_AFTER_PREMATCH_FEATURE_FREEZE,1.72,3.52,4.76,EXTERNAL_HISTORICAL_MARKET_BENCHMARK,NOT_AVAILABLE,NOT_GOLDBET,298d5622fd949d65a7c55c3492f7e9ee9cbc737972bbd0c7635f7d07a7ef9626
bbbe43fae0d63c92ef481077,Primeira Liga,2025/2026,HOLDOUT,2025-08-11,20:45,MATCH_KICKOFF_TIME_TIMEZONE_NOT_STATED_BY_SOURCE,,NOT_VERIFIED_DO_NOT_INFER,Porto,Guimaraes,3,0,H,EVALUATION_ONLY_JOIN_AFTER_PREMATCH_FEATURE_FREEZE,1.42,4.42,6.82,EXTERNAL_HISTORICAL_MARKET_BENCHMARK,NOT_AVAILABLE,NOT_GOLDBET,d18849b879c27ab1addc931bc035047081aab8a1c3e123aa62ce17afbf01ab67
09f64957b828dca5934b81af,Primeira Liga,2025/2026,HOLDOUT,2025-08-15,15:30,MATCH_KICKOFF_TIME_TIMEZONE_NOT_STATED_BY_SOURCE,,NOT_VERIFIED_DO_NOT_INFER,AVS,Casa Pia,0,2,A,EVALUATION_ONLY_JOIN_AFTER_PREMATCH_FEATURE_FREEZE,2.71,3,2.67,EXTERNAL_HISTORICAL_MARKET_BENCHMARK,NOT_AVAILABLE,NOT_GOLDBET,748f3ad1e24d5ea475caf4970c55cd119245125e2e5cf977ff6011dcbed2cf49
b382716eb34dcb3d11fa3b58,Primeira Liga,2025/2026,HOLDOUT,2025-08-16,15:30,MATCH_KICKOFF_TIME_TIMEZONE_NOT_STATED_BY_SOURCE,,NOT_VERIFIED_DO_NOT_INFER,Tondela,Famalicao,0,1,A,EVALUATION_ONLY_JOIN_AFTER_PREMATCH_FEATURE_FREEZE,3.98,3.26,1.93,EXTERNAL_HISTORICAL_MARKET_BENCHMARK,NOT_AVAILABLE,NOT_GOLDBET,d75a6c91109c913c8e95632d61c813659ef713ddeae6d49797cf552ff79dbe56
763c3b66d370ebb8d06ed0a9,Primeira Liga,2025/2026,HOLDOUT,2025-08-16,18:00,MATCH_KICKOFF_TIME_TIMEZONE_NOT_STATED_BY_SOURCE,,NOT_VERIFIED_DO_NOT_INFER,Guimaraes,Estoril,3,2,H,EVALUATION_ONLY_JOIN_AFTER_PREMATCH_FEATURE_FREEZE,1.79,3.55,4.19,EXTERNAL_HISTORICAL_MARKET_BENCHMARK,NOT_AVAILABLE,NOT_GOLDBET,14beb242ebdcc8f886a5d2171412163652a5ad7cb27fde426602aedfa4c6ffe6
e92fde9a0aad1b7a702e00f5,Primeira Liga,2025/2026,HOLDOUT,2025-08-16,20:30,MATCH_KICKOFF_TIME_TIMEZONE_NOT_STATED_BY_SOURCE,,NOT_VERIFIED_DO_NOT_INFER,Estrela,Benfica,0,1,A,EVALUATION_ONLY_JOIN_AFTER_PREMATCH_FEATURE_FREEZE,12.59,6.41,1.19,EXTERNAL_HISTORICAL_MARKET_BENCHMARK,NOT_AVAILABLE,NOT_GOLDBET,020d2cfe79b9a0467bb11bf1351d0752722531761489097ac7c9c62c8adfe9a0
f920a1520e215243846d76ba,Primeira Liga,2025/2026,HOLDOUT,2025-08-17,15:30,MATCH_KICKOFF_TIME_TIMEZONE_NOT_STATED_BY_SOURCE,,NOT_VERIFIED_DO_NOT_INFER,Rio Ave,Nacional,1,1,D,EVALUATION_ONLY_JOIN_AFTER_PREMATCH_FEATURE_FREEZE,2.14,3.25,3.32,EXTERNAL_HISTORICAL_MARKET_BENCHMARK,NOT_AVAILABLE,NOT_GOLDBET,bf0540cf069ea1ae1c2d2f6c9fa1675e205bb65d916062518108ca7361b3d64f
24dec37f4b549055a38d63c9,Primeira Liga,2025/2026,HOLDOUT,2025-08-17,18:00,MATCH_KICKOFF_TIME_TIMEZONE_NOT_STATED_BY_SOURCE,,NOT_VERIFIED_DO_NOT_INFER,Alverca,Sp Braga,0,3,A,EVALUATION_ONLY_JOIN_AFTER_PREMATCH_FEATURE_FREEZE,5.38,3.75,1.6,EXTERNAL_HISTORICAL_MARKET_BENCHMARK,NOT_AVAILABLE,NOT_GOLDBET,a2af30e2d1928cf1f1a8baaeb0aeecd8b436f6ec09e9e71f6b1ae7cce411e137
0bdb2d079985b8dde91484aa,Primeira Liga,2025/2026,HOLDOUT,2025-08-17,18:00,MATCH_KICKOFF_TIME_TIMEZONE_NOT_STATED_BY_SOURCE,,NOT_VERIFIED_DO_NOT_INFER,Santa Clara,Moreirense,0,1,A,EVALUATION_ONLY_JOIN_AFTER_PREMATCH_FEATURE_FREEZE,1.89,3.05,4.55,EXTERNAL_HISTORICAL_MARKET_BENCHMARK,NOT_AVAILABLE,NOT_GOLDBET,0cb5e105c30ca2c9c2eb15c37e9e9cde69ab69a668dce1b738ca6a9fd157d7c7
3a04699ac987f367197602fc,Primeira Liga,2025/2026,HOLDOUT,2025-08-17,20:30,MATCH_KICKOFF_TIME_TIMEZONE_NOT_STATED_BY_SOURCE,,NOT_VERIFIED_DO_NOT_INFER,Sp Lisbon,Arouca,6,0,H,EVALUATION_ONLY_JOIN_AFTER_PREMATCH_FEATURE_FREEZE,1.16,7.14,13.31,EXTERNAL_HISTORICAL_MARKET_BENCHMARK,NOT_AVAILABLE,NOT_GOLDBET,0809835b20203eb6af0fae6a720297c6393b40b1c284474f7411eb61f6d3f825
1d9cb02e497be93ce5b2818c,Primeira Liga,2025/2026,HOLDOUT,2025-08-18,20:15,MATCH_KICKOFF_TIME_TIMEZONE_NOT_STATED_BY_SOURCE,,NOT_VERIFIED_DO_NOT_INFER,Gil Vicente,Porto,0,2,A,EVALUATION_ONLY_JOIN_AFTER_PREMATCH_FEATURE_FREEZE,7.61,4.52,1.38,EXTERNAL_HISTORICAL_MARKET_BENCHMARK,NOT_AVAILABLE,NOT_GOLDBET,af739ac3b469059ea2388bcb81893232c9a81dfb66378375eb7ee93c45c61923
ce3bb2e593eacfc5df62cd66,Primeira Liga,2025/2026,HOLDOUT,2025-08-23,16:00,MATCH_KICKOFF_TIME_TIMEZONE_NOT_STATED_BY_SOURCE,,NOT_VERIFIED_DO_NOT_INFER,Moreirense,Guimaraes,2,0,H,EVALUATION_ONLY_JOIN_AFTER_PREMATCH_FEATURE_FREEZE,3,3.05,2.42,EXTERNAL_HISTORICAL_MARKET_BENCHMARK,NOT_AVAILABLE,NOT_GOLDBET,25186ecd844d038736c5a3f7d0444d80fc7f0f753192d85908af6b51ad2d6a18
c14af1d1e290cd4cdf6bde36,Primeira Liga,2025/2026,HOLDOUT,2025-08-23,18:00,MATCH_KICKOFF_TIME_TIMEZONE_NOT_STATED_BY_SOURCE,,NOT_VERIFIED_DO_NOT_INFER,Nacional,Sp Lisbon,1,4,A,EVALUATION_ONLY_JOIN_AFTER_PREMATCH_FEATURE_FREEZE,11.36,6.21,1.21,EXTERNAL_HISTORICAL_MARKET_BENCHMARK,NOT_AVAILABLE,NOT_GOLDBET,10cc19beb1629d80561ba3394cc44a189e36f7c6c4e4be1409e20590bb380a29
58380ee06833f36d6459e490,Primeira Liga,2025/2026,HOLDOUT,2025-08-23,20:30,MATCH_KICKOFF_TIME_TIMEZONE_NOT_STATED_BY_SOURCE,,NOT_VERIFIED_DO_NOT_INFER,Arouca,Rio Ave,3,3,D,EVALUATION_ONLY_JOIN_AFTER_PREMATCH_FEATURE_FREEZE,2.22,3.29,3.14,EXTERNAL_HISTORICAL_MARKET_BENCHMARK,NOT_AVAILABLE,NOT_GOLDBET,5331a4be6a1765c3e82c6d28c4921b6db0bfbc5a867c187ef8e40a4a073955d7
427846a1157023546c92b504,Primeira Liga,2025/2026,HOLDOUT,2025-08-23,20:30,MATCH_KICKOFF_TIME_TIMEZONE_NOT_STATED_BY_SOURCE,,NOT_VERIFIED_DO_NOT_INFER,Benfica,Tondela,3,0,H,EVALUATION_ONLY_JOIN_AFTER_PREMATCH_FEATURE_FREEZE,1.15,7.32,15.6,EXTERNAL_HISTORICAL_MARKET_BENCHMARK,NOT_AVAILABLE,NOT_GOLDBET,bd11b4e07d364213bd396075f239713470c75698216e66fb87c946a1ec6a1dee
b241633b46b9c46d486e923a,Primeira Liga,2025/2026,HOLDOUT,2025-08-24,15:30,MATCH_KICKOFF_TIME_TIMEZONE_NOT_STATED_BY_SOURCE,,NOT_VERIFIED_DO_NOT_INFER,Famalicao,Gil Vicente,0,0,D,EVALUATION_ONLY_JOIN_AFTER_PREMATCH_FEATURE_FREEZE,1.83,3.28,4.5,EXTERNAL_HISTORICAL_MARKET_BENCHMARK,NOT_AVAILABLE,NOT_GOLDBET,703d62d9df731eac9c820a40b6cd383024b3e1873a45ab8870d29686169f52cc
a2df71e4ff0da2a8a2111ecf,Primeira Liga,2025/2026,HOLDOUT,2025-08-24,18:00,MATCH_KICKOFF_TIME_TIMEZONE_NOT_STATED_BY_SOURCE,,NOT_VERIFIED_DO_NOT_INFER,Porto,Casa Pia,4,0,H,EVALUATION_ONLY_JOIN_AFTER_PREMATCH_FEATURE_FREEZE,1.2,6.11,13.63,EXTERNAL_HISTORICAL_MARKET_BENCHMARK,NOT_AVAILABLE,NOT_GOLDBET,889403845becfbc4bc869c676c9c33747cf8d0b58f3798b27ac2cdb2e3eeb1de
a1359b113b1a57127a30cb27,Primeira Liga,2025/2026,HOLDOUT,2025-08-24,20:30,MATCH_KICKOFF_TIME_TIMEZONE_NOT_STATED_BY_SOURCE,,NOT_VERIFIED_DO_NOT_INFER,Sp Braga,AVS,2,2,D,EVALUATION_ONLY_JOIN_AFTER_PREMATCH_FEATURE_FREEZE,1.26,5.31,10.91,EXTERNAL_HISTORICAL_MARKET_BENCHMARK,NOT_AVAILABLE,NOT_GOLDBET,c0c65bb5d63fff70051be9ff3b9b35b6de6b28bc7005dcd6133c3378ac05215f
e43515000448ef683c40b555,Primeira Liga,2025/2026,HOLDOUT,2025-08-25,20:15,MATCH_KICKOFF_TIME_TIMEZONE_NOT_STATED_BY_SOURCE,,NOT_VERIFIED_DO_NOT_INFER,Estrela,Alverca,2,2,D,EVALUATION_ONLY_JOIN_AFTER_PREMATCH_FEATURE_FREEZE,2.44,3.03,2.98,EXTERNAL_HISTORICAL_MARKET_BENCHMARK,NOT_AVAILABLE,NOT_GOLDBET,346913702231581f82995363d82555febba225ff66af399bbabe9e33d2a34c3a
91d1e4a3ff960cfc86664eb1,Primeira Liga,2025/2026,HOLDOUT,2025-08-29,20:15,MATCH_KICKOFF_TIME_TIMEZONE_NOT_STATED_BY_SOURCE,,NOT_VERIFIED_DO_NOT_INFER,Gil Vicente,Moreirense,2,0,H,EVALUATION_ONLY_JOIN_AFTER_PREMATCH_FEATURE_FREEZE,2.49,2.78,3.19,EXTERNAL_HISTORICAL_MARKET_BENCHMARK,NOT_AVAILABLE,NOT_GOLDBET,9c95b9acd931c2fb806067971bf710e5029616a7db7d343b077d1da02c7270f6
1e46b48fe6a1088213570726,Primeira Liga,2025/2026,HOLDOUT,2025-08-30,15:30,MATCH_KICKOFF_TIME_TIMEZONE_NOT_STATED_BY_SOURCE,,NOT_VERIFIED_DO_NOT_INFER,Casa Pia,Nacional,0,2,A,EVALUATION_ONLY_JOIN_AFTER_PREMATCH_FEATURE_FREEZE,2.19,3.16,3.32,EXTERNAL_HISTORICAL_MARKET_BENCHMARK,NOT_AVAILABLE,NOT_GOLDBET,553b4e0c64f689db9f7b281a5b4116cf977ea1c3cda838d931a13910627a216d
797e12adbc4ddd97af8ec45f,Primeira Liga,2025/2026,HOLDOUT,2025-08-30,18:00,MATCH_KICKOFF_TIME_TIMEZONE_NOT_STATED_BY_SOURCE,,NOT_VERIFIED_DO_NOT_INFER,AVS,Famalicao,0,1,A,EVALUATION_ONLY_JOIN_AFTER_PREMATCH_FEATURE_FREEZE,4.02,3.28,1.93,EXTERNAL_HISTORICAL_MARKET_BENCHMARK,NOT_AVAILABLE,NOT_GOLDBET,b223bb6a17b61cf6ae42460da2d5befadc2a9ae499bb73cec36cf34d3cdebf0e
dfdef791823cdf209b004480,Primeira Liga,2025/2026,HOLDOUT,2025-08-30,18:00,MATCH_KICKOFF_TIME_TIMEZONE_NOT_STATED_BY_SOURCE,,NOT_VERIFIED_DO_NOT_INFER,Guimaraes,Arouca,1,1,D,EVALUATION_ONLY_JOIN_AFTER_PREMATCH_FEATURE_FREEZE,2.08,3.36,3.41,EXTERNAL_HISTORICAL_MARKET_BENCHMARK,NOT_AVAILABLE,NOT_GOLDBET,b0eb776e71c9b5f9707938278c063f42f33ca138174c5e562597e78e146612d4
93e99b4eb43310404ea541ac,Primeira Liga,2025/2026,HOLDOUT,2025-08-30,20:30,MATCH_KICKOFF_TIME_TIMEZONE_NOT_STATED_BY_SOURCE,,NOT_VERIFIED_DO_NOT_INFER,Sp Lisbon,Porto,1,2,A,EVALUATION_ONLY_JOIN_AFTER_PREMATCH_FEATURE_FREEZE,1.89,3.53,3.81,EXTERNAL_HISTORICAL_MARKET_BENCHMARK,NOT_AVAILABLE,NOT_GOLDBET,7f6e0e3481b5162f62bdc78436db18a0b5c8f8695551f9204b45227ec76e5f85
0ff92b2eeba86384616e7604,Primeira Liga,2025/2026,HOLDOUT,2025-08-31,15:30,MATCH_KICKOFF_TIME_TIMEZONE_NOT_STATED_BY_SOURCE,,NOT_VERIFIED_DO_NOT_INFER,Tondela,Estoril,2,2,D,EVALUATION_ONLY_JOIN_AFTER_PREMATCH_FEATURE_FREEZE,2.57,3.14,2.75,EXTERNAL_HISTORICAL_MARKET_BENCHMARK,NOT_AVAILABLE,NOT_GOLDBET,15eb3d777e3bc595594b1f645e304f3bde8f4dff245ebff80a2150e6d6824bc9
e66902252302b461449e01a5,Primeira Liga,2025/2026,HOLDOUT,2025-08-31,18:00,MATCH_KICKOFF_TIME_TIMEZONE_NOT_STATED_BY_SOURCE,,NOT_VERIFIED_DO_NOT_INFER,Alverca,Benfica,1,2,A,EVALUATION_ONLY_JOIN_AFTER_PREMATCH_FEATURE_FREEZE,12.16,6.08,1.21,EXTERNAL_HISTORICAL_MARKET_BENCHMARK,NOT_AVAILABLE,NOT_GOLDBET,6afbc0dfca3edea41845280a1621056dd6069c12a3002e1a10ef3669ca08d3be
7aafda189777683a8e6f8198,Primeira Liga,2025/2026,HOLDOUT,2025-08-31,20:30,MATCH_KICKOFF_TIME_TIMEZONE_NOT_STATED_BY_SOURCE,,NOT_VERIFIED_DO_NOT_INFER,Rio Ave,Sp Braga,2,2,D,EVALUATION_ONLY_JOIN_AFTER_PREMATCH_FEATURE_FREEZE,4.82,3.71,1.68,EXTERNAL_HISTORICAL_MARKET_BENCHMARK,NOT_AVAILABLE,NOT_GOLDBET,c22fb7d3d78e6ede5b9c48a65287a16962c05e00014d0f4299ee20faff0f7cea
9df2778a99f9a4c3014594dc,Primeira Liga,2025/2026,HOLDOUT,2025-08-31,20:30,MATCH_KICKOFF_TIME_TIMEZONE_NOT_STATED_BY_SOURCE,,NOT_VERIFIED_DO_NOT_INFER,Santa Clara,Estrela,0,0,D,EVALUATION_ONLY_JOIN_AFTER_PREMATCH_FEATURE_FREEZE,1.83,3.17,4.75,EXTERNAL_HISTORICAL_MARKET_BENCHMARK,NOT_AVAILABLE,NOT_GOLDBET,7b2e325a362784ef3162cef873ece7422f3685c8906e7f645c22510a20f65ef0
bd075a8ae973196c289f11ed,Primeira Liga,2025/2026,HOLDOUT,2025-09-06,20:30,MATCH_KICKOFF_TIME_TIMEZONE_NOT_STATED_BY_SOURCE,,NOT_VERIFIED_DO_NOT_INFER,Estoril,Santa Clara,0,1,A,EVALUATION_ONLY_JOIN_AFTER_PREMATCH_FEATURE_FREEZE,3.24,2.98,2.34,EXTERNAL_HISTORICAL_MARKET_BENCHMARK,NOT_AVAILABLE,NOT_GOLDBET,17e4488d5aa2956e40a5002329e09d6e66117638dd1b0e6a53448d1ac2b60850
0b98877b7168c9c7acc90166,Primeira Liga,2025/2026,HOLDOUT,2025-09-12,20:15,MATCH_KICKOFF_TIME_TIMEZONE_NOT_STATED_BY_SOURCE,,NOT_VERIFIED_DO_NOT_INFER,Alverca,Tondela,1,0,H,EVALUATION_ONLY_JOIN_AFTER_PREMATCH_FEATURE_FREEZE,2.09,3.2,3.53,EXTERNAL_HISTORICAL_MARKET_BENCHMARK,NOT_AVAILABLE,NOT_GOLDBET,59939b2921dbfb2fb98b115ae6e7c7e19e3f17fce6076b5759f76da53b85b576
fc8251b1c912b9fa8a869bfc,Primeira Liga,2025/2026,HOLDOUT,2025-09-12,20:15,MATCH_KICKOFF_TIME_TIMEZONE_NOT_STATED_BY_SOURCE,,NOT_VERIFIED_DO_NOT_INFER,Benfica,Santa Clara,1,1,D,EVALUATION_ONLY_JOIN_AFTER_PREMATCH_FEATURE_FREEZE,1.27,4.99,11.17,EXTERNAL_HISTORICAL_MARKET_BENCHMARK,NOT_AVAILABLE,NOT_GOLDBET,6204e1af4d3247c9d0083834a5620bb6c63b62bf19797b33cad4ab50316a10d8
2a9281c2c9ac1d04192400f0,Primeira Liga,2025/2026,HOLDOUT,2025-09-13,15:30,MATCH_KICKOFF_TIME_TIMEZONE_NOT_STATED_BY_SOURCE,,NOT_VERIFIED_DO_NOT_INFER,Estoril,AVS,3,1,H,EVALUATION_ONLY_JOIN_AFTER_PREMATCH_FEATURE_FREEZE,1.69,3.74,4.67,EXTERNAL_HISTORICAL_MARKET_BENCHMARK,NOT_AVAILABLE,NOT_GOLDBET,5f9ee1cf76e1fde847db47250c500c65fb8643a7bb81160670e8d36b2fbc4f2c
0ab43ed5b74df867eb4744f7,Primeira Liga,2025/2026,HOLDOUT,2025-09-13,15:30,MATCH_KICKOFF_TIME_TIMEZONE_NOT_STATED_BY_SOURCE,,NOT_VERIFIED_DO_NOT_INFER,Moreirense,Rio Ave,3,1,H,EVALUATION_ONLY_JOIN_AFTER_PREMATCH_FEATURE_FREEZE,2.1,3.13,3.56,EXTERNAL_HISTORICAL_MARKET_BENCHMARK,NOT_AVAILABLE,NOT_GOLDBET,9093dc14f6888fd090ee1337296f7cf7f06bd2a22020ffe9f76d5a13f0ae2e63
27e917bf67cd27d554330db2,Primeira Liga,2025/2026,HOLDOUT,2025-09-13,18:00,MATCH_KICKOFF_TIME_TIMEZONE_NOT_STATED_BY_SOURCE,,NOT_VERIFIED_DO_NOT_INFER,Porto,Nacional,1,0,H,EVALUATION_ONLY_JOIN_AFTER_PREMATCH_FEATURE_FREEZE,1.2,6.28,12.83,EXTERNAL_HISTORICAL_MARKET_BENCHMARK,NOT_AVAILABLE,NOT_GOLDBET,34c048886c7a77a25c19f6f2bc54c5a912d96a58797b9be8c2a185dcdfc7d495
80ed8c6c0fbd56afd9a6b797,Primeira Liga,2025/2026,HOLDOUT,2025-09-13,20:30,MATCH_KICKOFF_TIME_TIMEZONE_NOT_STATED_BY_SOURCE,,NOT_VERIFIED_DO_NOT_INFER,Famalicao,Sp Lisbon,1,2,A,EVALUATION_ONLY_JOIN_AFTER_PREMATCH_FEATURE_FREEZE,5.93,4.46,1.47,EXTERNAL_HISTORICAL_MARKET_BENCHMARK,NOT_AVAILABLE,NOT_GOLDBET,089373ee1ada8f644ec70eb3bef93b651f27802f25573f807905ceda45fe2ecc
25fa49bcd24619cd206d5ffb,Primeira Liga,2025/2026,HOLDOUT,2025-09-14,15:30,MATCH_KICKOFF_TIME_TIMEZONE_NOT_STATED_BY_SOURCE,,NOT_VERIFIED_DO_NOT_INFER,Estrela,Guimaraes,0,2,A,EVALUATION_ONLY_JOIN_AFTER_PREMATCH_FEATURE_FREEZE,3.1,3.03,2.37,EXTERNAL_HISTORICAL_MARKET_BENCHMARK,NOT_AVAILABLE,NOT_GOLDBET,431301991ebc1de066841dd5621fdf88f79ff3941ac0e4471ec4b3c0aae45205
00847c0f2724cd815f6ed0d5,Primeira Liga,2025/2026,HOLDOUT,2025-09-14,18:00,MATCH_KICKOFF_TIME_TIMEZONE_NOT_STATED_BY_SOURCE,,NOT_VERIFIED_DO_NOT_INFER,Arouca,Casa Pia,0,2,A,EVALUATION_ONLY_JOIN_AFTER_PREMATCH_FEATURE_FREEZE,2.05,3.19,3.65,EXTERNAL_HISTORICAL_MARKET_BENCHMARK,NOT_AVAILABLE,NOT_GOLDBET,087310a2df71131913b133f23ebabff32db51174245f8ba7610d4b2d5c87cfea
0d5fbce1462b33601c5784dd,Primeira Liga,2025/2026,HOLDOUT,2025-09-14,20:30,MATCH_KICKOFF_TIME_TIMEZONE_NOT_STATED_BY_SOURCE,,NOT_VERIFIED_DO_NOT_INFER,Sp Braga,Gil Vicente,0,1,A,EVALUATION_ONLY_JOIN_AFTER_PREMATCH_FEATURE_FREEZE,1.68,3.58,5,EXTERNAL_HISTORICAL_MARKET_BENCHMARK,NOT_AVAILABLE,NOT_GOLDBET,925e863a4230c0ffffd7563c267e37a80c679d62ca39a36362c7ae4249844ca7
f323bed3c889c912675e0f28,Primeira Liga,2025/2026,HOLDOUT,2025-09-19,20:15,MATCH_KICKOFF_TIME_TIMEZONE_NOT_STATED_BY_SOURCE,,NOT_VERIFIED_DO_NOT_INFER,Rio Ave,Porto,0,3,A,EVALUATION_ONLY_JOIN_AFTER_PREMATCH_FEATURE_FREEZE,8.1,5,1.33,EXTERNAL_HISTORICAL_MARKET_BENCHMARK,NOT_AVAILABLE,NOT_GOLDBET,038daa80b692d0ba4687c73d4bd4253e8e951054ced44ddb67cebd7632c4b87f
cdd9e2066d1ad7281e52bbb3,Primeira Liga,2025/2026,HOLDOUT,2025-09-20,15:30,MATCH_KICKOFF_TIME_TIMEZONE_NOT_STATED_BY_SOURCE,,NOT_VERIFIED_DO_NOT_INFER,Nacional,Arouca,1,2,A,EVALUATION_ONLY_JOIN_AFTER_PREMATCH_FEATURE_FREEZE,2.24,3.16,3.17,EXTERNAL_HISTORICAL_MARKET_BENCHMARK,NOT_AVAILABLE,NOT_GOLDBET,64e081dfde68446d3eec06ddf83ce1ab03ce6832296b4dc1b7b429d032b8071f
64eaf7a662c175d23e0b2bf9,Primeira Liga,2025/2026,HOLDOUT,2025-09-20,15:30,MATCH_KICKOFF_TIME_TIMEZONE_NOT_STATED_BY_SOURCE,,NOT_VERIFIED_DO_NOT_INFER,Santa Clara,Alverca,2,1,H,EVALUATION_ONLY_JOIN_AFTER_PREMATCH_FEATURE_FREEZE,1.73,3.29,5.13,EXTERNAL_HISTORICAL_MARKET_BENCHMARK,NOT_AVAILABLE,NOT_GOLDBET,58763df9fa7e413ef43895786db7cd09e35311f2b16d4deb52bcc70d4d2ef5b3
0d27e8541ffc4c60a1ba4f64,Primeira Liga,2025/2026,HOLDOUT,2025-09-20,18:00,MATCH_KICKOFF_TIME_TIMEZONE_NOT_STATED_BY_SOURCE,,NOT_VERIFIED_DO_NOT_INFER,AVS,Benfica,0,3,A,EVALUATION_ONLY_JOIN_AFTER_PREMATCH_FEATURE_FREEZE,13.77,6.49,1.18,EXTERNAL_HISTORICAL_MARKET_BENCHMARK,NOT_AVAILABLE,NOT_GOLDBET,a97fc9d1ea571ad9182a57027155631fb8ae7f86f07e17ff9d818cfea2990ee4
f61499e84224d48659ee256f,Primeira Liga,2025/2026,HOLDOUT,2025-09-20,20:30,MATCH_KICKOFF_TIME_TIMEZONE_NOT_STATED_BY_SOURCE,,NOT_VERIFIED_DO_NOT_INFER,Guimaraes,Sp Braga,1,1,D,EVALUATION_ONLY_JOIN_AFTER_PREMATCH_FEATURE_FREEZE,3.9,3.39,1.91,EXTERNAL_HISTORICAL_MARKET_BENCHMARK,NOT_AVAILABLE,NOT_GOLDBET,bef888c9efab73816365a4271a9d7803761ed0d2162480d2b536491248e8a2d5
9c83c98bb5bc29119729bd2a,Primeira Liga,2025/2026,HOLDOUT,2025-09-21,15:30,MATCH_KICKOFF_TIME_TIMEZONE_NOT_STATED_BY_SOURCE,,NOT_VERIFIED_DO_NOT_INFER,Tondela,Estrela,0,0,D,EVALUATION_ONLY_JOIN_AFTER_PREMATCH_FEATURE_FREEZE,2.04,3.29,3.54,EXTERNAL_HISTORICAL_MARKET_BENCHMARK,NOT_AVAILABLE,NOT_GOLDBET,df7fb9ef6761438c4fa12902389848f89139b3345b633ae0778a308a11e1f936
a9f1c0d5a7292c6d76767b5b,Primeira Liga,2025/2026,HOLDOUT,2025-09-21,18:00,MATCH_KICKOFF_TIME_TIMEZONE_NOT_STATED_BY_SOURCE,,NOT_VERIFIED_DO_NOT_INFER,Gil Vicente,Estoril,2,0,H,EVALUATION_ONLY_JOIN_AFTER_PREMATCH_FEATURE_FREEZE,1.97,3.28,3.83,EXTERNAL_HISTORICAL_MARKET_BENCHMARK,NOT_AVAILABLE,NOT_GOLDBET,85e6100204f85bd844615b3130e9308cc129c88a4f2b4854722f59de99d373af
f0ff9b7ac6c4c0d8b2b5d8fe,Primeira Liga,2025/2026,HOLDOUT,2025-09-21,20:30,MATCH_KICKOFF_TIME_TIMEZONE_NOT_STATED_BY_SOURCE,,NOT_VERIFIED_DO_NOT_INFER,Casa Pia,Famalicao,1,1,D,EVALUATION_ONLY_JOIN_AFTER_PREMATCH_FEATURE_FREEZE,3.46,3.1,2.15,EXTERNAL_HISTORICAL_MARKET_BENCHMARK,NOT_AVAILABLE,NOT_GOLDBET,f9b106ee8aba7caa4f430998b30020647c6225d050878d1aa4ad3f743bd2d65b
b8f88d0ccf39294051efed71,Primeira Liga,2025/2026,HOLDOUT,2025-09-22,20:15,MATCH_KICKOFF_TIME_TIMEZONE_NOT_STATED_BY_SOURCE,,NOT_VERIFIED_DO_NOT_INFER,Sp Lisbon,Moreirense,3,0,H,EVALUATION_ONLY_JOIN_AFTER_PREMATCH_FEATURE_FREEZE,1.19,6.37,12.33,EXTERNAL_HISTORICAL_MARKET_BENCHMARK,NOT_AVAILABLE,NOT_GOLDBET,fadac996e59a018d1ae06387690014479a9a749011658c5cf5395ffa47dc7a38
415bcc24f987bf54868a83e4,Primeira Liga,2025/2026,HOLDOUT,2025-09-23,20:15,MATCH_KICKOFF_TIME_TIMEZONE_NOT_STATED_BY_SOURCE,,NOT_VERIFIED_DO_NOT_INFER,Benfica,Rio Ave,1,1,D,EVALUATION_ONLY_JOIN_AFTER_PREMATCH_FEATURE_FREEZE,1.14,7.78,15.57,EXTERNAL_HISTORICAL_MARKET_BENCHMARK,NOT_AVAILABLE,NOT_GOLDBET,20e1934f29ffe8836a106e9b42ba4bd339589a74221c2604ab48749b148ff20f
1ebe6fa3bf4a9e6e9153c602,Primeira Liga,2025/2026,HOLDOUT,2025-09-26,20:15,MATCH_KICKOFF_TIME_TIMEZONE_NOT_STATED_BY_SOURCE,,NOT_VERIFIED_DO_NOT_INFER,Benfica,Gil Vicente,2,1,H,EVALUATION_ONLY_JOIN_AFTER_PREMATCH_FEATURE_FREEZE,1.29,5.17,9.31,EXTERNAL_HISTORICAL_MARKET_BENCHMARK,NOT_AVAILABLE,NOT_GOLDBET,90f2d4b8f5a21f8cd8b5df3c1133c5106f0a50496e003a28c0d33e554e3b87a8
09ebb1fe4ea098e0d8ca59c3,Primeira Liga,2025/2026,HOLDOUT,2025-09-27,15:30,MATCH_KICKOFF_TIME_TIMEZONE_NOT_STATED_BY_SOURCE,,NOT_VERIFIED_DO_NOT_INFER,Moreirense,Casa Pia,2,1,H,EVALUATION_ONLY_JOIN_AFTER_PREMATCH_FEATURE_FREEZE,2.07,3.14,3.62,EXTERNAL_HISTORICAL_MARKET_BENCHMARK,NOT_AVAILABLE,NOT_GOLDBET,f172da31b58b951bd36c790f32bbce945b047093a80c3b4f22a183ff7db6da9d
905c04e2b9cebb7cd3af54ac,Primeira Liga,2025/2026,HOLDOUT,2025-09-27,16:30,MATCH_KICKOFF_TIME_TIMEZONE_NOT_STATED_BY_SOURCE,,NOT_VERIFIED_DO_NOT_INFER,Santa Clara,Tondela,1,2,A,EVALUATION_ONLY_JOIN_AFTER_PREMATCH_FEATURE_FREEZE,1.79,3.3,4.62,EXTERNAL_HISTORICAL_MARKET_BENCHMARK,NOT_AVAILABLE,NOT_GOLDBET,9a4a051b143effaf1aa1395d05daa1c432e09c2a11e51dfb473911cd0e564bf7
de34b815f5d307b8e7f1c41c,Primeira Liga,2025/2026,HOLDOUT,2025-09-27,18:00,MATCH_KICKOFF_TIME_TIMEZONE_NOT_STATED_BY_SOURCE,,NOT_VERIFIED_DO_NOT_INFER,Estrela,AVS,3,0,H,EVALUATION_ONLY_JOIN_AFTER_PREMATCH_FEATURE_FREEZE,2.15,3.15,3.4,EXTERNAL_HISTORICAL_MARKET_BENCHMARK,NOT_AVAILABLE,NOT_GOLDBET,1170828a2920a81d08ac5c1b6bd27c67ebc5ee890b97c4b048a992eca2e2c729
34143410cab48814f9a21bba,Primeira Liga,2025/2026,HOLDOUT,2025-09-27,20:30,MATCH_KICKOFF_TIME_TIMEZONE_NOT_STATED_BY_SOURCE,,NOT_VERIFIED_DO_NOT_INFER,Estoril,Sp Lisbon,0,1,A,EVALUATION_ONLY_JOIN_AFTER_PREMATCH_FEATURE_FREEZE,10.43,6.16,1.22,EXTERNAL_HISTORICAL_MARKET_BENCHMARK,NOT_AVAILABLE,NOT_GOLDBET,7bcb068865c331d99c009e1646cd6a865f2c62695cc7d3760ac7c272a15b9efe
4a9eb4db1f79e050d5cc9b11,Primeira Liga,2025/2026,HOLDOUT,2025-09-28,15:30,MATCH_KICKOFF_TIME_TIMEZONE_NOT_STATED_BY_SOURCE,,NOT_VERIFIED_DO_NOT_INFER,Alverca,Guimaraes,2,0,H,EVALUATION_ONLY_JOIN_AFTER_PREMATCH_FEATURE_FREEZE,2.68,2.97,2.73,EXTERNAL_HISTORICAL_MARKET_BENCHMARK,NOT_AVAILABLE,NOT_GOLDBET,a69a164a301c9b2969ba47df1be89886141da6a43c71636dc6a6f08c76bdb0fd
8c25c649dbe4eb5cb11ab615,Primeira Liga,2025/2026,HOLDOUT,2025-09-28,18:00,MATCH_KICKOFF_TIME_TIMEZONE_NOT_STATED_BY_SOURCE,,NOT_VERIFIED_DO_NOT_INFER,Sp Braga,Nacional,0,1,A,EVALUATION_ONLY_JOIN_AFTER_PREMATCH_FEATURE_FREEZE,1.39,4.52,7.38,EXTERNAL_HISTORICAL_MARKET_BENCHMARK,NOT_AVAILABLE,NOT_GOLDBET,428f0739731e36f88d7a20c5b72c7b55ad77f6f4ba2ad28ebce459010475735a
86fb4c517e407a3b2fc87357,Primeira Liga,2025/2026,HOLDOUT,2025-09-28,20:30,MATCH_KICKOFF_TIME_TIMEZONE_NOT_STATED_BY_SOURCE,,NOT_VERIFIED_DO_NOT_INFER,Famalicao,Rio Ave,0,0,D,EVALUATION_ONLY_JOIN_AFTER_PREMATCH_FEATURE_FREEZE,1.66,3.81,4.75,EXTERNAL_HISTORICAL_MARKET_BENCHMARK,NOT_AVAILABLE,NOT_GOLDBET,8111a0cbae3fa55e9f6144ed26c6854b3cc4512b055f5d245bbf69f6ca7152ee
f29eaf6da791a6c95f261056,Primeira Liga,2025/2026,HOLDOUT,2025-09-29,20:00,MATCH_KICKOFF_TIME_TIMEZONE_NOT_STATED_BY_SOURCE,,NOT_VERIFIED_DO_NOT_INFER,Arouca,Porto,0,4,A,EVALUATION_ONLY_JOIN_AFTER_PREMATCH_FEATURE_FREEZE,10.83,5.81,1.22,EXTERNAL_HISTORICAL_MARKET_BENCHMARK,NOT_AVAILABLE,NOT_GOLDBET,65c22e8c8f8b1dbd3283a84be5ab9502fbbca28a7fc02156743f1c84b7dfdc76
b7e3878df41cfaa61c8ed759,Primeira Liga,2025/2026,HOLDOUT,2025-10-03,20:15,MATCH_KICKOFF_TIME_TIMEZONE_NOT_STATED_BY_SOURCE,,NOT_VERIFIED_DO_NOT_INFER,Casa Pia,Estoril,2,2,D,EVALUATION_ONLY_JOIN_AFTER_PREMATCH_FEATURE_FREEZE,2.63,3.15,2.64,EXTERNAL_HISTORICAL_MARKET_BENCHMARK,NOT_AVAILABLE,NOT_GOLDBET,1251c8a68aceb758d7f1e86620e277653ed2bb28058c21110b20dcd5bd4f4d32
d038c9b41d4ebfa47ac11743,Primeira Liga,2025/2026,HOLDOUT,2025-10-04,15:30,MATCH_KICKOFF_TIME_TIMEZONE_NOT_STATED_BY_SOURCE,,NOT_VERIFIED_DO_NOT_INFER,Gil Vicente,Estrela,2,0,H,EVALUATION_ONLY_JOIN_AFTER_PREMATCH_FEATURE_FREEZE,1.67,3.51,5.23,EXTERNAL_HISTORICAL_MARKET_BENCHMARK,NOT_AVAILABLE,NOT_GOLDBET,a153e9c0e4a8873a477b8a67d0ac4b13c6d5fb48f95e25ce96cb383d954572b7
c245349a567f478eeec54c65,Primeira Liga,2025/2026,HOLDOUT,2025-10-04,15:30,MATCH_KICKOFF_TIME_TIMEZONE_NOT_STATED_BY_SOURCE,,NOT_VERIFIED_DO_NOT_INFER,Nacional,Moreirense,3,2,H,EVALUATION_ONLY_JOIN_AFTER_PREMATCH_FEATURE_FREEZE,2.19,3.12,3.35,EXTERNAL_HISTORICAL_MARKET_BENCHMARK,NOT_AVAILABLE,NOT_GOLDBET,36d5b1d6c23aca666781ad18749d51ffc83e9f00efd6a41b82eed6d475a2ec88
62ae31deeca3bd65d0c7c8a6,Primeira Liga,2025/2026,HOLDOUT,2025-10-04,18:00,MATCH_KICKOFF_TIME_TIMEZONE_NOT_STATED_BY_SOURCE,,NOT_VERIFIED_DO_NOT_INFER,AVS,Alverca,1,3,A,EVALUATION_ONLY_JOIN_AFTER_PREMATCH_FEATURE_FREEZE,3.15,3.09,2.3,EXTERNAL_HISTORICAL_MARKET_BENCHMARK,NOT_AVAILABLE,NOT_GOLDBET,9dfd4d56528d22b9bbb2996a9ffd03a47d8b0aaa4fe977ae63197910daa67710
1fcad67c8ffefc450bff035b,Primeira Liga,2025/2026,HOLDOUT,2025-10-04,20:30,MATCH_KICKOFF_TIME_TIMEZONE_NOT_STATED_BY_SOURCE,,NOT_VERIFIED_DO_NOT_INFER,Guimaraes,Santa Clara,2,1,H,EVALUATION_ONLY_JOIN_AFTER_PREMATCH_FEATURE_FREEZE,2.94,2.86,2.58,EXTERNAL_HISTORICAL_MARKET_BENCHMARK,NOT_AVAILABLE,NOT_GOLDBET,5534614bbc10adf5e43c70ad8ea62146fd43ef0a6a0761fcf0620f6eded03b9c
cc5b5650b3cdcd34b32b7c5d,Primeira Liga,2025/2026,HOLDOUT,2025-10-05,15:30,MATCH_KICKOFF_TIME_TIMEZONE_NOT_STATED_BY_SOURCE,,NOT_VERIFIED_DO_NOT_INFER,Arouca,Famalicao,1,1,D,EVALUATION_ONLY_JOIN_AFTER_PREMATCH_FEATURE_FREEZE,3.98,3.44,1.87,EXTERNAL_HISTORICAL_MARKET_BENCHMARK,NOT_AVAILABLE,NOT_GOLDBET,558f0d9d7dac0e80972bc2d97e1c4e70f6cab233cb1f8a1697f999b8da378694
a8d8a0afc58dac72df984374,Primeira Liga,2025/2026,HOLDOUT,2025-10-05,17:30,MATCH_KICKOFF_TIME_TIMEZONE_NOT_STATED_BY_SOURCE,,NOT_VERIFIED_DO_NOT_INFER,Rio Ave,Tondela,3,0,H,EVALUATION_ONLY_JOIN_AFTER_PREMATCH_FEATURE_FREEZE,2.48,3.29,2.71,EXTERNAL_HISTORICAL_MARKET_BENCHMARK,NOT_AVAILABLE,NOT_GOLDBET,0558b8ea3f48306e3f691da19860d5e084f6ee852d8f3fb0fef9bcf44cf53fde
59ecbd911e5575bc572052ad,Primeira Liga,2025/2026,HOLDOUT,2025-10-05,19:15,MATCH_KICKOFF_TIME_TIMEZONE_NOT_STATED_BY_SOURCE,,NOT_VERIFIED_DO_NOT_INFER,Sp Lisbon,Sp Braga,1,1,D,EVALUATION_ONLY_JOIN_AFTER_PREMATCH_FEATURE_FREEZE,1.44,4.51,6.39,EXTERNAL_HISTORICAL_MARKET_BENCHMARK,NOT_AVAILABLE,NOT_GOLDBET,3618671c9a37f829e3274a985ad4b1125f8b7da3ef44736df18106a3b7e87f4d
61471e946bfd195f51dda573,Primeira Liga,2025/2026,HOLDOUT,2025-10-05,21:15,MATCH_KICKOFF_TIME_TIMEZONE_NOT_STATED_BY_SOURCE,,NOT_VERIFIED_DO_NOT_INFER,Porto,Benfica,0,0,D,EVALUATION_ONLY_JOIN_AFTER_PREMATCH_FEATURE_FREEZE,1.98,3.36,3.66,EXTERNAL_HISTORICAL_MARKET_BENCHMARK,NOT_AVAILABLE,NOT_GOLDBET,d220037e7b725626c6ada7a197a6850e9959427459ce4ddf644787ae76366649
5561870d9065d6eee2614d45,Primeira Liga,2025/2026,HOLDOUT,2025-10-24,20:15,MATCH_KICKOFF_TIME_TIMEZONE_NOT_STATED_BY_SOURCE,,NOT_VERIFIED_DO_NOT_INFER,Alverca,Gil Vicente,0,4,A,EVALUATION_ONLY_JOIN_AFTER_PREMATCH_FEATURE_FREEZE,3.12,3.04,2.35,EXTERNAL_HISTORICAL_MARKET_BENCHMARK,NOT_AVAILABLE,NOT_GOLDBET,ee896dbdf3ff1a0de30afc3b562f95608d7e6c2693e1b38200ffdbcd6a1bbd4a
12f5c432eb905cf74e6e46a8,Primeira Liga,2025/2026,HOLDOUT,2025-10-25,18:00,MATCH_KICKOFF_TIME_TIMEZONE_NOT_STATED_BY_SOURCE,,NOT_VERIFIED_DO_NOT_INFER,Santa Clara,AVS,2,0,H,EVALUATION_ONLY_JOIN_AFTER_PREMATCH_FEATURE_FREEZE,1.47,3.89,7.05,EXTERNAL_HISTORICAL_MARKET_BENCHMARK,NOT_AVAILABLE,NOT_GOLDBET,a4de46e3ffeed8d5671b257a129bd19602cf32c050e6c0dd9f6a54aadabb004e
fd0b3289d5409449fac0f8b4,Primeira Liga,2025/2026,HOLDOUT,2025-10-25,20:30,MATCH_KICKOFF_TIME_TIMEZONE_NOT_STATED_BY_SOURCE,,NOT_VERIFIED_DO_NOT_INFER,Benfica,Arouca,5,0,H,EVALUATION_ONLY_JOIN_AFTER_PREMATCH_FEATURE_FREEZE,1.17,7.11,12.66,EXTERNAL_HISTORICAL_MARKET_BENCHMARK,NOT_AVAILABLE,NOT_GOLDBET,e622812d5ab780a2e3217248b918f8c25d6dec35da78ead7780d33378b235b41
9181fbd77240cd5fa1e78b46,Primeira Liga,2025/2026,HOLDOUT,2025-10-25,20:30,MATCH_KICKOFF_TIME_TIMEZONE_NOT_STATED_BY_SOURCE,,NOT_VERIFIED_DO_NOT_INFER,Estrela,Rio Ave,1,2,A,EVALUATION_ONLY_JOIN_AFTER_PREMATCH_FEATURE_FREEZE,2.9,3.11,2.43,EXTERNAL_HISTORICAL_MARKET_BENCHMARK,NOT_AVAILABLE,NOT_GOLDBET,9d42263813bd6ab4520ebf6c9c6e35b871c689002df604e37ed3645f241c02fc
0a70715dd1daec9ec96ccc2f,Primeira Liga,2025/2026,HOLDOUT,2025-10-26,15:30,MATCH_KICKOFF_TIME_TIMEZONE_NOT_STATED_BY_SOURCE,,NOT_VERIFIED_DO_NOT_INFER,Estoril,Nacional,1,1,D,EVALUATION_ONLY_JOIN_AFTER_PREMATCH_FEATURE_FREEZE,2.31,3.24,2.98,EXTERNAL_HISTORICAL_MARKET_BENCHMARK,NOT_AVAILABLE,NOT_GOLDBET,3d00854247cfcd2f021f3500e9668e8dce792692c012bc66348222d502a6dec5
348de9d6a6a69821904b8f46,Primeira Liga,2025/2026,HOLDOUT,2025-10-26,15:30,MATCH_KICKOFF_TIME_TIMEZONE_NOT_STATED_BY_SOURCE,,NOT_VERIFIED_DO_NOT_INFER,Famalicao,Guimaraes,2,0,H,EVALUATION_ONLY_JOIN_AFTER_PREMATCH_FEATURE_FREEZE,1.76,3.57,4.43,EXTERNAL_HISTORICAL_MARKET_BENCHMARK,NOT_AVAILABLE,NOT_GOLDBET,327c89b5fa4045c4ad2c0fa3631329ca12e369a2cd45d62567ec127e832d8806
eace24f3de830856613a3ce8,Primeira Liga,2025/2026,HOLDOUT,2025-10-26,18:00,MATCH_KICKOFF_TIME_TIMEZONE_NOT_STATED_BY_SOURCE,,NOT_VERIFIED_DO_NOT_INFER,Tondela,Sp Lisbon,0,3,A,EVALUATION_ONLY_JOIN_AFTER_PREMATCH_FEATURE_FREEZE,11.22,6.1,1.22,EXTERNAL_HISTORICAL_MARKET_BENCHMARK,NOT_AVAILABLE,NOT_GOLDBET,917782660f7417ab0ef0568437ea3634d7512a8ed9493f0a0c0da1ace27d3379
f60c5767a9dcd8b5735644ef,Primeira Liga,2025/2026,HOLDOUT,2025-10-26,20:30,MATCH_KICKOFF_TIME_TIMEZONE_NOT_STATED_BY_SOURCE,,NOT_VERIFIED_DO_NOT_INFER,Sp Braga,Casa Pia,4,0,H,EVALUATION_ONLY_JOIN_AFTER_PREMATCH_FEATURE_FREEZE,1.4,4.4,7.4,EXTERNAL_HISTORICAL_MARKET_BENCHMARK,NOT_AVAILABLE,NOT_GOLDBET,809b26f1336f241558ff83df19d59d238f7c7c69b4aed31a11b16615e413f2c0
3b62af47c368c30384f5fae6,Primeira Liga,2025/2026,HOLDOUT,2025-10-27,20:15,MATCH_KICKOFF_TIME_TIMEZONE_NOT_STATED_BY_SOURCE,,NOT_VERIFIED_DO_NOT_INFER,Moreirense,Porto,1,2,A,EVALUATION_ONLY_JOIN_AFTER_PREMATCH_FEATURE_FREEZE,10.41,5.46,1.26,EXTERNAL_HISTORICAL_MARKET_BENCHMARK,NOT_AVAILABLE,NOT_GOLDBET,e01b05baa88579df46ea56ea19de50d808f178e8c9cc01da68e061b0f6871c6a
1b234e5b05a21678e946a6d5,Primeira Liga,2025/2026,HOLDOUT,2025-10-31,20:15,MATCH_KICKOFF_TIME_TIMEZONE_NOT_STATED_BY_SOURCE,,NOT_VERIFIED_DO_NOT_INFER,Sp Lisbon,Alverca,2,0,H,EVALUATION_ONLY_JOIN_AFTER_PREMATCH_FEATURE_FREEZE,1.1,8.98,20.75,EXTERNAL_HISTORICAL_MARKET_BENCHMARK,NOT_AVAILABLE,NOT_GOLDBET,a7ccffeea90eda41f3387558b558ea743181343d8a722f71bf21740a387a171a
66ca732659b19b7572be0a0d,Primeira Liga,2025/2026,HOLDOUT,2025-11-01,15:30,MATCH_KICKOFF_TIME_TIMEZONE_NOT_STATED_BY_SOURCE,,NOT_VERIFIED_DO_NOT_INFER,Nacional,Famalicao,0,1,A,EVALUATION_ONLY_JOIN_AFTER_PREMATCH_FEATURE_FREEZE,3.05,3.31,2.24,EXTERNAL_HISTORICAL_MARKET_BENCHMARK,NOT_AVAILABLE,NOT_GOLDBET,83a325c7134d1b56a35739887ec09e17f9ff380721e4abc47eb103005b7febe2
899d4b4c38984611e5d89efe,Primeira Liga,2025/2026,HOLDOUT,2025-11-01,18:00,MATCH_KICKOFF_TIME_TIMEZONE_NOT_STATED_BY_SOURCE,,NOT_VERIFIED_DO_NOT_INFER,Casa Pia,Estrela,3,5,A,EVALUATION_ONLY_JOIN_AFTER_PREMATCH_FEATURE_FREEZE,2.2,3.05,3.4,EXTERNAL_HISTORICAL_MARKET_BENCHMARK,NOT_AVAILABLE,NOT_GOLDBET,54796be1c6ccf97d52079e0dcf0a8b64db45c134a36b18b00da2fc48b7f5c4fc
0cc13361095b9890f17ff311,Primeira Liga,2025/2026,HOLDOUT,2025-11-01,18:00,MATCH_KICKOFF_TIME_TIMEZONE_NOT_STATED_BY_SOURCE,,NOT_VERIFIED_DO_NOT_INFER,Rio Ave,Estoril,0,4,A,EVALUATION_ONLY_JOIN_AFTER_PREMATCH_FEATURE_FREEZE,2.21,3.28,3.13,EXTERNAL_HISTORICAL_MARKET_BENCHMARK,NOT_AVAILABLE,NOT_GOLDBET,cb7f1518ded5f9bca519834d624a67dd8349822b2bda78ba2bb54d8fffc838a4
73e09f11999eef524db68b57,Primeira Liga,2025/2026,HOLDOUT,2025-11-01,20:30,MATCH_KICKOFF_TIME_TIMEZONE_NOT_STATED_BY_SOURCE,,NOT_VERIFIED_DO_NOT_INFER,Guimaraes,Benfica,0,3,A,EVALUATION_ONLY_JOIN_AFTER_PREMATCH_FEATURE_FREEZE,7.23,4.34,1.42,EXTERNAL_HISTORICAL_MARKET_BENCHMARK,NOT_AVAILABLE,NOT_GOLDBET,bc7487bf2d8979d60c4b5515eb1ccc14ffde65f674fd7d08b553d729be844d1f
44caf1aab5d5d736e2c24f61,Primeira Liga,2025/2026,HOLDOUT,2025-11-02,15:30,MATCH_KICKOFF_TIME_TIMEZONE_NOT_STATED_BY_SOURCE,,NOT_VERIFIED_DO_NOT_INFER,AVS,Tondela,2,2,D,EVALUATION_ONLY_JOIN_AFTER_PREMATCH_FEATURE_FREEZE,3.04,3.09,2.36,EXTERNAL_HISTORICAL_MARKET_BENCHMARK,NOT_AVAILABLE,NOT_GOLDBET,f82f2877f9e54f14158f121d1938d6bfca587ae59f0c7f1163eeb4c1747c45b7
16486243c72cd51b54e4e5e6,Primeira Liga,2025/2026,HOLDOUT,2025-11-02,18:00,MATCH_KICKOFF_TIME_TIMEZONE_NOT_STATED_BY_SOURCE,,NOT_VERIFIED_DO_NOT_INFER,Arouca,Moreirense,0,2,A,EVALUATION_ONLY_JOIN_AFTER_PREMATCH_FEATURE_FREEZE,2.47,3.14,2.83,EXTERNAL_HISTORICAL_MARKET_BENCHMARK,NOT_AVAILABLE,NOT_GOLDBET,45d7a027a0b0e133553e8520792804e4754893bc6fa417e54394d6a2533c4677
4886f7d35a0ba5323e2b15c2,Primeira Liga,2025/2026,HOLDOUT,2025-11-02,20:30,MATCH_KICKOFF_TIME_TIMEZONE_NOT_STATED_BY_SOURCE,,NOT_VERIFIED_DO_NOT_INFER,Porto,Sp Braga,2,1,H,EVALUATION_ONLY_JOIN_AFTER_PREMATCH_FEATURE_FREEZE,1.51,4.05,6.07,EXTERNAL_HISTORICAL_MARKET_BENCHMARK,NOT_AVAILABLE,NOT_GOLDBET,e62e9085e41a26f26e645fef11e229c3dda2c5654cebe7fc149a6c14e24b5763
27be69c771246aa1802928df,Primeira Liga,2025/2026,HOLDOUT,2025-11-03,20:45,MATCH_KICKOFF_TIME_TIMEZONE_NOT_STATED_BY_SOURCE,,NOT_VERIFIED_DO_NOT_INFER,Gil Vicente,Santa Clara,1,0,H,EVALUATION_ONLY_JOIN_AFTER_PREMATCH_FEATURE_FREEZE,1.99,2.99,4.22,EXTERNAL_HISTORICAL_MARKET_BENCHMARK,NOT_AVAILABLE,NOT_GOLDBET,e0bb363d694ed18441b4df2e997aa1be186427311212891b363ea82fc0a7cd47
4be41a1133678e765e78ecbb,Primeira Liga,2025/2026,HOLDOUT,2025-11-07,20:15,MATCH_KICKOFF_TIME_TIMEZONE_NOT_STATED_BY_SOURCE,,NOT_VERIFIED_DO_NOT_INFER,Estoril,Arouca,4,3,H,EVALUATION_ONLY_JOIN_AFTER_PREMATCH_FEATURE_FREEZE,1.95,3.45,3.66,EXTERNAL_HISTORICAL_MARKET_BENCHMARK,NOT_AVAILABLE,NOT_GOLDBET,1b249792d5be74d9f1cb97a90d4198a66ee90d4b186aed7fcbeafb553a0c36db
8e0c9c028bfabe0e0e9479cf,Primeira Liga,2025/2026,HOLDOUT,2025-11-08,15:30,MATCH_KICKOFF_TIME_TIMEZONE_NOT_STATED_BY_SOURCE,,NOT_VERIFIED_DO_NOT_INFER,Alverca,Rio Ave,1,1,D,EVALUATION_ONLY_JOIN_AFTER_PREMATCH_FEATURE_FREEZE,2.14,3.24,3.34,EXTERNAL_HISTORICAL_MARKET_BENCHMARK,NOT_AVAILABLE,NOT_GOLDBET,12446286d8cbfde9192df59b589f76a942a5eb0c3b317de5650d84a2bca54469
24df272bc8b04ce055d7dccf,Primeira Liga,2025/2026,HOLDOUT,2025-11-08,18:00,MATCH_KICKOFF_TIME_TIMEZONE_NOT_STATED_BY_SOURCE,,NOT_VERIFIED_DO_NOT_INFER,Tondela,Guimaraes,0,1,A,EVALUATION_ONLY_JOIN_AFTER_PREMATCH_FEATURE_FREEZE,2.91,3.09,2.44,EXTERNAL_HISTORICAL_MARKET_BENCHMARK,NOT_AVAILABLE,NOT_GOLDBET,385fc3fe1e561c6fe8e6a3bc18b1e7c64b9b2e3d9a152a0d6296bac579519486
15cf391daf82d894de96eddd,Primeira Liga,2025/2026,HOLDOUT,2025-11-08,20:30,MATCH_KICKOFF_TIME_TIMEZONE_NOT_STATED_BY_SOURCE,,NOT_VERIFIED_DO_NOT_INFER,Santa Clara,Sp Lisbon,1,2,A,EVALUATION_ONLY_JOIN_AFTER_PREMATCH_FEATURE_FREEZE,8.1,4.32,1.39,EXTERNAL_HISTORICAL_MARKET_BENCHMARK,NOT_AVAILABLE,NOT_GOLDBET,d1610f4ddec218990a6c78644f4d13adfdc35caedf872eba7d40bb3cec0f962a
3ae0df5e38900caf326b097b,Primeira Liga,2025/2026,HOLDOUT,2025-11-09,15:30,MATCH_KICKOFF_TIME_TIMEZONE_NOT_STATED_BY_SOURCE,,NOT_VERIFIED_DO_NOT_INFER,AVS,Gil Vicente,1,1,D,EVALUATION_ONLY_JOIN_AFTER_PREMATCH_FEATURE_FREEZE,5.4,3.53,1.65,EXTERNAL_HISTORICAL_MARKET_BENCHMARK,NOT_AVAILABLE,NOT_GOLDBET,a27d93040097ad7cc0b353f25172b972d4dccf547dde0f90fda6efc53042ee45
c28be68a84c9eda0d1fd217b,Primeira Liga,2025/2026,HOLDOUT,2025-11-09,15:30,MATCH_KICKOFF_TIME_TIMEZONE_NOT_STATED_BY_SOURCE,,NOT_VERIFIED_DO_NOT_INFER,Estrela,Nacional,1,1,D,EVALUATION_ONLY_JOIN_AFTER_PREMATCH_FEATURE_FREEZE,2.27,3.13,3.17,EXTERNAL_HISTORICAL_MARKET_BENCHMARK,NOT_AVAILABLE,NOT_GOLDBET,42ed35ba3e0233e0055afd12cd8845e4f8aad684480d2585b61ec11667df0934
3bb84f6ac1d1c6e3524e0111,Primeira Liga,2025/2026,HOLDOUT,2025-11-09,18:00,MATCH_KICKOFF_TIME_TIMEZONE_NOT_STATED_BY_SOURCE,,NOT_VERIFIED_DO_NOT_INFER,Famalicao,Porto,0,1,A,EVALUATION_ONLY_JOIN_AFTER_PREMATCH_FEATURE_FREEZE,5.79,3.84,1.55,EXTERNAL_HISTORICAL_MARKET_BENCHMARK,NOT_AVAILABLE,NOT_GOLDBET,ef06bae8464f74436d4a784619c1589d6133d7b5ffd85538db300ace702ace56
ab89f245ddd11236c4dfaa42,Primeira Liga,2025/2026,HOLDOUT,2025-11-09,20:30,MATCH_KICKOFF_TIME_TIMEZONE_NOT_STATED_BY_SOURCE,,NOT_VERIFIED_DO_NOT_INFER,Benfica,Casa Pia,2,2,D,EVALUATION_ONLY_JOIN_AFTER_PREMATCH_FEATURE_FREEZE,1.17,6.67,14.81,EXTERNAL_HISTORICAL_MARKET_BENCHMARK,NOT_AVAILABLE,NOT_GOLDBET,84641b52fcbb4d320a749cf92cf58479cd10079bc2b532a0e9ccddf3d0c0d897
5aefe8b19bdcfa606d068968,Primeira Liga,2025/2026,HOLDOUT,2025-11-09,20:30,MATCH_KICKOFF_TIME_TIMEZONE_NOT_STATED_BY_SOURCE,,NOT_VERIFIED_DO_NOT_INFER,Sp Braga,Moreirense,2,1,H,EVALUATION_ONLY_JOIN_AFTER_PREMATCH_FEATURE_FREEZE,1.36,4.61,8.16,EXTERNAL_HISTORICAL_MARKET_BENCHMARK,NOT_AVAILABLE,NOT_GOLDBET,eae4c6d3dffac716ef448f5df7953378ffc315015ce58b9b42ce9e38b38afaee
2367d36197073b43da72041c,Primeira Liga,2025/2026,HOLDOUT,2025-11-28,20:15,MATCH_KICKOFF_TIME_TIMEZONE_NOT_STATED_BY_SOURCE,,NOT_VERIFIED_DO_NOT_INFER,Guimaraes,AVS,4,0,H,EVALUATION_ONLY_JOIN_AFTER_PREMATCH_FEATURE_FREEZE,1.74,3.41,4.81,EXTERNAL_HISTORICAL_MARKET_BENCHMARK,NOT_AVAILABLE,NOT_GOLDBET,e187113346792798f39d90c409ec7e5bff2867ff9c0d5479c8924f800f0c5a05
158aa17a4d4ae2faad8afb57,Primeira Liga,2025/2026,HOLDOUT,2025-11-29,15:30,MATCH_KICKOFF_TIME_TIMEZONE_NOT_STATED_BY_SOURCE,,NOT_VERIFIED_DO_NOT_INFER,Casa Pia,Alverca,0,2,A,EVALUATION_ONLY_JOIN_AFTER_PREMATCH_FEATURE_FREEZE,2.48,2.97,2.97,EXTERNAL_HISTORICAL_MARKET_BENCHMARK,NOT_AVAILABLE,NOT_GOLDBET,468d7acaa578b8d5aeb35487ec3bc8d942598709062087610f6e18cd2000941f
a1747f122277994f3819e968,Primeira Liga,2025/2026,HOLDOUT,2025-11-29,15:30,MATCH_KICKOFF_TIME_TIMEZONE_NOT_STATED_BY_SOURCE,,NOT_VERIFIED_DO_NOT_INFER,Moreirense,Famalicao,2,2,D,EVALUATION_ONLY_JOIN_AFTER_PREMATCH_FEATURE_FREEZE,3.12,3.18,2.27,EXTERNAL_HISTORICAL_MARKET_BENCHMARK,NOT_AVAILABLE,NOT_GOLDBET,3891f6ff3c5677e816b4e89599186beeccd4aec37003eaa5aa7d7b462e453d5f
0e5f11b0ac912802f616f558,Primeira Liga,2025/2026,HOLDOUT,2025-11-29,18:00,MATCH_KICKOFF_TIME_TIMEZONE_NOT_STATED_BY_SOURCE,,NOT_VERIFIED_DO_NOT_INFER,Nacional,Benfica,1,2,A,EVALUATION_ONLY_JOIN_AFTER_PREMATCH_FEATURE_FREEZE,7.84,4.7,1.36,EXTERNAL_HISTORICAL_MARKET_BENCHMARK,NOT_AVAILABLE,NOT_GOLDBET,938be3f5bd56436d75c015f97a41466e1c792a57259fed10134700131411a7f7
098a8d8828b471d88bd0f54f,Primeira Liga,2025/2026,HOLDOUT,2025-11-29,20:30,MATCH_KICKOFF_TIME_TIMEZONE_NOT_STATED_BY_SOURCE,,NOT_VERIFIED_DO_NOT_INFER,Gil Vicente,Tondela,0,1,A,EVALUATION_ONLY_JOIN_AFTER_PREMATCH_FEATURE_FREEZE,1.63,3.58,5.4,EXTERNAL_HISTORICAL_MARKET_BENCHMARK,NOT_AVAILABLE,NOT_GOLDBET,40fe4afee4268a9009271dfe9556bc7db1e08752400284d5f2f259f78dca8958
0240efacad17a499bea477df,Primeira Liga,2025/2026,HOLDOUT,2025-11-30,15:30,MATCH_KICKOFF_TIME_TIMEZONE_NOT_STATED_BY_SOURCE,,NOT_VERIFIED_DO_NOT_INFER,Rio Ave,Santa Clara,1,1,D,EVALUATION_ONLY_JOIN_AFTER_PREMATCH_FEATURE_FREEZE,2.8,3,2.59,EXTERNAL_HISTORICAL_MARKET_BENCHMARK,NOT_AVAILABLE,NOT_GOLDBET,454bb30bec9a64c7db89d75396717ed98d503389fec3e6d7030c044f5ad6aade
055129e484b73bfacf51da68,Primeira Liga,2025/2026,HOLDOUT,2025-11-30,18:00,MATCH_KICKOFF_TIME_TIMEZONE_NOT_STATED_BY_SOURCE,,NOT_VERIFIED_DO_NOT_INFER,Sp Lisbon,Estrela,4,0,H,EVALUATION_ONLY_JOIN_AFTER_PREMATCH_FEATURE_FREEZE,1.14,7.55,15.97,EXTERNAL_HISTORICAL_MARKET_BENCHMARK,NOT_AVAILABLE,NOT_GOLDBET,eb326710a87d2a09be106c3d48aa31db3878a29e54400c9f5a39aa2083b9c75c
e0cb2b1ebeec7b05463de5c4,Primeira Liga,2025/2026,HOLDOUT,2025-11-30,20:30,MATCH_KICKOFF_TIME_TIMEZONE_NOT_STATED_BY_SOURCE,,NOT_VERIFIED_DO_NOT_INFER,Porto,Estoril,1,0,H,EVALUATION_ONLY_JOIN_AFTER_PREMATCH_FEATURE_FREEZE,1.2,6.23,12.38,EXTERNAL_HISTORICAL_MARKET_BENCHMARK,NOT_AVAILABLE,NOT_GOLDBET,b44f8c21631711e05605aaaab23b18b1342ceaec5f6f4f055e0528e4851d72bf
8ab6f7260e6e89137ff81f14,Primeira Liga,2025/2026,HOLDOUT,2025-12-01,20:15,MATCH_KICKOFF_TIME_TIMEZONE_NOT_STATED_BY_SOURCE,,NOT_VERIFIED_DO_NOT_INFER,Arouca,Sp Braga,0,4,A,EVALUATION_ONLY_JOIN_AFTER_PREMATCH_FEATURE_FREEZE,6.61,4.28,1.45,EXTERNAL_HISTORICAL_MARKET_BENCHMARK,NOT_AVAILABLE,NOT_GOLDBET,2f620ad7fcccd8bae09c46c5d1678ff3742d31e0018ae249c1235c9a24aba965
e997bd74082d18058830e8b5,Primeira Liga,2025/2026,HOLDOUT,2025-12-05,20:15,MATCH_KICKOFF_TIME_TIMEZONE_NOT_STATED_BY_SOURCE,,NOT_VERIFIED_DO_NOT_INFER,Benfica,Sp Lisbon,1,1,D,EVALUATION_ONLY_JOIN_AFTER_PREMATCH_FEATURE_FREEZE,2.74,3.09,2.57,EXTERNAL_HISTORICAL_MARKET_BENCHMARK,NOT_AVAILABLE,NOT_GOLDBET,f567f03741dd01674e4798775d2b307ab8672e8c0a2a0aac9e79bbfbd2beb1db
9b3b35eb52286181b5fd1bbb,Primeira Liga,2025/2026,HOLDOUT,2025-12-06,15:30,MATCH_KICKOFF_TIME_TIMEZONE_NOT_STATED_BY_SOURCE,,NOT_VERIFIED_DO_NOT_INFER,Santa Clara,Casa Pia,1,0,H,EVALUATION_ONLY_JOIN_AFTER_PREMATCH_FEATURE_FREEZE,1.97,2.94,4.34,EXTERNAL_HISTORICAL_MARKET_BENCHMARK,NOT_AVAILABLE,NOT_GOLDBET,bcebfac88f79ae821866fa1491feb3a1578ee83e3a371571691c260ce523ea44
8ce601cb744655e1e914dfd2,Primeira Liga,2025/2026,HOLDOUT,2025-12-06,18:00,MATCH_KICKOFF_TIME_TIMEZONE_NOT_STATED_BY_SOURCE,,NOT_VERIFIED_DO_NOT_INFER,AVS,Rio Ave,1,2,A,EVALUATION_ONLY_JOIN_AFTER_PREMATCH_FEATURE_FREEZE,3.02,3.23,2.3,EXTERNAL_HISTORICAL_MARKET_BENCHMARK,NOT_AVAILABLE,NOT_GOLDBET,492759748847b73e5a670e228c8ae2a29445a39ef1845029d5f814a75bb67de6
3306166fc568e3b73266ccd1,Primeira Liga,2025/2026,HOLDOUT,2025-12-06,20:30,MATCH_KICKOFF_TIME_TIMEZONE_NOT_STATED_BY_SOURCE,,NOT_VERIFIED_DO_NOT_INFER,Famalicao,Sp Braga,1,2,A,EVALUATION_ONLY_JOIN_AFTER_PREMATCH_FEATURE_FREEZE,3.31,3.28,2.14,EXTERNAL_HISTORICAL_MARKET_BENCHMARK,NOT_AVAILABLE,NOT_GOLDBET,ac7f5383fb8b4944b911ad77bc4e0604bf4d88025f80d3c4f0a957deb11d3779
dbc54c475b306f6824cc6b03,Primeira Liga,2025/2026,HOLDOUT,2025-12-07,15:30,MATCH_KICKOFF_TIME_TIMEZONE_NOT_STATED_BY_SOURCE,,NOT_VERIFIED_DO_NOT_INFER,Estoril,Moreirense,3,3,D,EVALUATION_ONLY_JOIN_AFTER_PREMATCH_FEATURE_FREEZE,2.14,3.21,3.37,EXTERNAL_HISTORICAL_MARKET_BENCHMARK,NOT_AVAILABLE,NOT_GOLDBET,003708e881d003152b75cc06a30d88e6cba4ecdc16d3cf5520d2de003773e0e0
f32292153390bb31ecf6a815,Primeira Liga,2025/2026,HOLDOUT,2025-12-07,18:00,MATCH_KICKOFF_TIME_TIMEZONE_NOT_STATED_BY_SOURCE,,NOT_VERIFIED_DO_NOT_INFER,Alverca,Nacional,1,0,H,EVALUATION_ONLY_JOIN_AFTER_PREMATCH_FEATURE_FREEZE,2.12,3.11,3.53,EXTERNAL_HISTORICAL_MARKET_BENCHMARK,NOT_AVAILABLE,NOT_GOLDBET,e5d50e9c498946ebc185a7843a554e1992054c1557d9f50e8756e5b21a68c389
2d08ec7383162bd3628fd86a,Primeira Liga,2025/2026,HOLDOUT,2025-12-07,18:00,MATCH_KICKOFF_TIME_TIMEZONE_NOT_STATED_BY_SOURCE,,NOT_VERIFIED_DO_NOT_INFER,Estrela,Arouca,3,1,H,EVALUATION_ONLY_JOIN_AFTER_PREMATCH_FEATURE_FREEZE,1.92,3.33,3.91,EXTERNAL_HISTORICAL_MARKET_BENCHMARK,NOT_AVAILABLE,NOT_GOLDBET,a7927aa10a2e47fcd64f5306721a611f3fa70e123d6d6d7eed99637f5b4a07d5
653ae438423582ba6204bfca,Primeira Liga,2025/2026,HOLDOUT,2025-12-07,20:30,MATCH_KICKOFF_TIME_TIMEZONE_NOT_STATED_BY_SOURCE,,NOT_VERIFIED_DO_NOT_INFER,Tondela,Porto,0,2,A,EVALUATION_ONLY_JOIN_AFTER_PREMATCH_FEATURE_FREEZE,10.41,5.32,1.26,EXTERNAL_HISTORICAL_MARKET_BENCHMARK,NOT_AVAILABLE,NOT_GOLDBET,7ca3d9cfbe9eadb126b6d5ef2fd26c23fa23feb8de8148a9d519531a30661a12
ab1b77cee4c73769d71d1c1a,Primeira Liga,2025/2026,HOLDOUT,2025-12-08,20:30,MATCH_KICKOFF_TIME_TIMEZONE_NOT_STATED_BY_SOURCE,,NOT_VERIFIED_DO_NOT_INFER,Guimaraes,Gil Vicente,0,0,D,EVALUATION_ONLY_JOIN_AFTER_PREMATCH_FEATURE_FREEZE,2.81,2.95,2.62,EXTERNAL_HISTORICAL_MARKET_BENCHMARK,NOT_AVAILABLE,NOT_GOLDBET,2e61778f3ed2a631ec7a116f8db582f207f181e85c44a9edabe7d81bc6f05d4e
1ca0bec5b7413a4e957b821c,Primeira Liga,2025/2026,HOLDOUT,2025-12-13,15:30,MATCH_KICKOFF_TIME_TIMEZONE_NOT_STATED_BY_SOURCE,,NOT_VERIFIED_DO_NOT_INFER,Casa Pia,Gil Vicente,1,1,D,EVALUATION_ONLY_JOIN_AFTER_PREMATCH_FEATURE_FREEZE,3.79,3,2.07,EXTERNAL_HISTORICAL_MARKET_BENCHMARK,NOT_AVAILABLE,NOT_GOLDBET,e501de12eef0c1bd3a32d10d60f0695d4c696152ff0efeeaf9ab5aa471c77459
c659daf089bc684e12f7fdfb,Primeira Liga,2025/2026,HOLDOUT,2025-12-13,18:00,MATCH_KICKOFF_TIME_TIMEZONE_NOT_STATED_BY_SOURCE,,NOT_VERIFIED_DO_NOT_INFER,Rio Ave,Guimaraes,0,1,A,EVALUATION_ONLY_JOIN_AFTER_PREMATCH_FEATURE_FREEZE,2.98,3.17,2.32,EXTERNAL_HISTORICAL_MARKET_BENCHMARK,NOT_AVAILABLE,NOT_GOLDBET,8511a33dd6a23a239713a3d83d444d2b1f1b4628a3cf1de076fda2ccb7bca53c
45b1f80b3895fa18a47ff59f,Primeira Liga,2025/2026,HOLDOUT,2025-12-13,20:30,MATCH_KICKOFF_TIME_TIMEZONE_NOT_STATED_BY_SOURCE,,NOT_VERIFIED_DO_NOT_INFER,Sp Lisbon,AVS,6,0,H,EVALUATION_ONLY_JOIN_AFTER_PREMATCH_FEATURE_FREEZE,1.06,10.61,26.94,EXTERNAL_HISTORICAL_MARKET_BENCHMARK,NOT_AVAILABLE,NOT_GOLDBET,fbc22c69a975b317370bfe9cc90e9c5224ae39851ff4108f16c1fd9f4d6521f5
62ca95cbfe80fb7a9fceb493,Primeira Liga,2025/2026,HOLDOUT,2025-12-14,15:30,MATCH_KICKOFF_TIME_TIMEZONE_NOT_STATED_BY_SOURCE,,NOT_VERIFIED_DO_NOT_INFER,Famalicao,Estoril,4,0,H,EVALUATION_ONLY_JOIN_AFTER_PREMATCH_FEATURE_FREEZE,1.69,3.79,4.54,EXTERNAL_HISTORICAL_MARKET_BENCHMARK,NOT_AVAILABLE,NOT_GOLDBET,7593cf19f7aa751e3a061d6c965d4d0b8a056c351fa40a22a47b560cd3239ac9
2001736e0c510cf53d0da256,Primeira Liga,2025/2026,HOLDOUT,2025-12-14,18:00,MATCH_KICKOFF_TIME_TIMEZONE_NOT_STATED_BY_SOURCE,,NOT_VERIFIED_DO_NOT_INFER,Moreirense,Benfica,0,4,A,EVALUATION_ONLY_JOIN_AFTER_PREMATCH_FEATURE_FREEZE,8.3,4.49,1.36,EXTERNAL_HISTORICAL_MARKET_BENCHMARK,NOT_AVAILABLE,NOT_GOLDBET,d1fa0d20f536545da0475e0ceea79ae834929b4759ba65210cf8003d11c01243
b2e3d33e331a995d8c67a42b,Primeira Liga,2025/2026,HOLDOUT,2025-12-14,20:30,MATCH_KICKOFF_TIME_TIMEZONE_NOT_STATED_BY_SOURCE,,NOT_VERIFIED_DO_NOT_INFER,Arouca,Alverca,1,0,H,EVALUATION_ONLY_JOIN_AFTER_PREMATCH_FEATURE_FREEZE,3.04,3.12,2.34,EXTERNAL_HISTORICAL_MARKET_BENCHMARK,NOT_AVAILABLE,NOT_GOLDBET,10bdf9b8a14f2e166054928a7cfe19489062002f69cdfd1b3d95fe2efaa98dba
b76df5262a5c522763ebc721,Primeira Liga,2025/2026,HOLDOUT,2025-12-15,17:30,MATCH_KICKOFF_TIME_TIMEZONE_NOT_STATED_BY_SOURCE,,NOT_VERIFIED_DO_NOT_INFER,Nacional,Tondela,3,1,H,EVALUATION_ONLY_JOIN_AFTER_PREMATCH_FEATURE_FREEZE,2.31,3.11,3.09,EXTERNAL_HISTORICAL_MARKET_BENCHMARK,NOT_AVAILABLE,NOT_GOLDBET,4a26466bdceb859b6f3f6c4669e6274972259301cf4fcbaa7f06a3db25dc400b
8297ddbe50f592cb63722eb1,Primeira Liga,2025/2026,HOLDOUT,2025-12-15,18:45,MATCH_KICKOFF_TIME_TIMEZONE_NOT_STATED_BY_SOURCE,,NOT_VERIFIED_DO_NOT_INFER,Sp Braga,Santa Clara,1,0,H,EVALUATION_ONLY_JOIN_AFTER_PREMATCH_FEATURE_FREEZE,1.43,4.05,7.58,EXTERNAL_HISTORICAL_MARKET_BENCHMARK,NOT_AVAILABLE,NOT_GOLDBET,a392db613ee34f4d1edc20b68dbdaf049de20fa21f2e1c45fa71aa40ef1572d5
ecc3a8e69b562e119a4e6a0b,Primeira Liga,2025/2026,HOLDOUT,2025-12-15,20:45,MATCH_KICKOFF_TIME_TIMEZONE_NOT_STATED_BY_SOURCE,,NOT_VERIFIED_DO_NOT_INFER,Porto,Estrela,3,1,H,EVALUATION_ONLY_JOIN_AFTER_PREMATCH_FEATURE_FREEZE,1.16,6.87,15.47,EXTERNAL_HISTORICAL_MARKET_BENCHMARK,NOT_AVAILABLE,NOT_GOLDBET,5473d20ce5dc8dde24fd61a8a7f50f8a158bd16a5a4f4a26356672fa3f9176d8
b3efaa6faa230d0a6c59be1d,Primeira Liga,2025/2026,HOLDOUT,2025-12-19,20:15,MATCH_KICKOFF_TIME_TIMEZONE_NOT_STATED_BY_SOURCE,,NOT_VERIFIED_DO_NOT_INFER,Estoril,Sp Braga,1,0,H,EVALUATION_ONLY_JOIN_AFTER_PREMATCH_FEATURE_FREEZE,5.02,3.91,1.61,EXTERNAL_HISTORICAL_MARKET_BENCHMARK,NOT_AVAILABLE,NOT_GOLDBET,b44b60290427b6e35ee7db5dca2c8d17652909b9724c0bdb2516a1d62805e48b
6d650957e49f5e77b7047c28,Primeira Liga,2025/2026,HOLDOUT,2025-12-20,18:00,MATCH_KICKOFF_TIME_TIMEZONE_NOT_STATED_BY_SOURCE,,NOT_VERIFIED_DO_NOT_INFER,Gil Vicente,Rio Ave,2,2,D,EVALUATION_ONLY_JOIN_AFTER_PREMATCH_FEATURE_FREEZE,1.76,3.47,4.49,EXTERNAL_HISTORICAL_MARKET_BENCHMARK,NOT_AVAILABLE,NOT_GOLDBET,1267525a6d24a48ae0106fc4f900a9533b03ac1413cc23c114b123d0ca79746f
fdb960b4fde9ed63239b7ffe,Primeira Liga,2025/2026,HOLDOUT,2025-12-20,20:30,MATCH_KICKOFF_TIME_TIMEZONE_NOT_STATED_BY_SOURCE,,NOT_VERIFIED_DO_NOT_INFER,Estrela,Moreirense,0,0,D,EVALUATION_ONLY_JOIN_AFTER_PREMATCH_FEATURE_FREEZE,2.71,2.97,2.67,EXTERNAL_HISTORICAL_MARKET_BENCHMARK,NOT_AVAILABLE,NOT_GOLDBET,e75d047c129cce3c8f810857e20d4f2bad7218c2ec6842c86b7304155b0b3874
f4a77edd88d61d9cb0584f2f,Primeira Liga,2025/2026,HOLDOUT,2025-12-21,15:30,MATCH_KICKOFF_TIME_TIMEZONE_NOT_STATED_BY_SOURCE,,NOT_VERIFIED_DO_NOT_INFER,AVS,Nacional,2,2,D,EVALUATION_ONLY_JOIN_AFTER_PREMATCH_FEATURE_FREEZE,2.74,3.19,2.51,EXTERNAL_HISTORICAL_MARKET_BENCHMARK,NOT_AVAILABLE,NOT_GOLDBET,e3f9ea2055501ba45b67332f1df4ddcb5a6343228b040dabaf83c18973caf595
8399af08644b6b10f011e835,Primeira Liga,2025/2026,HOLDOUT,2025-12-21,18:00,MATCH_KICKOFF_TIME_TIMEZONE_NOT_STATED_BY_SOURCE,,NOT_VERIFIED_DO_NOT_INFER,Tondela,Casa Pia,1,2,A,EVALUATION_ONLY_JOIN_AFTER_PREMATCH_FEATURE_FREEZE,2.18,3.09,3.37,EXTERNAL_HISTORICAL_MARKET_BENCHMARK,NOT_AVAILABLE,NOT_GOLDBET,af771056cadf4dba9299152ab3e408fff22aecaa9bd1c69037d6e9c7c266dddc
4061831a4859b7911ba144db,Primeira Liga,2025/2026,HOLDOUT,2025-12-21,20:30,MATCH_KICKOFF_TIME_TIMEZONE_NOT_STATED_BY_SOURCE,,NOT_VERIFIED_DO_NOT_INFER,Santa Clara,Arouca,0,0,D,EVALUATION_ONLY_JOIN_AFTER_PREMATCH_FEATURE_FREEZE,1.77,3.29,4.79,EXTERNAL_HISTORICAL_MARKET_BENCHMARK,NOT_AVAILABLE,NOT_GOLDBET,161b20615a32c2d94b6a83ea40873ae9015e87aeb09e08496a01744853ccf149
1092687ff3e69cd87f0e5de1,Primeira Liga,2025/2026,HOLDOUT,2025-12-22,18:45,MATCH_KICKOFF_TIME_TIMEZONE_NOT_STATED_BY_SOURCE,,NOT_VERIFIED_DO_NOT_INFER,Alverca,Porto,0,3,A,EVALUATION_ONLY_JOIN_AFTER_PREMATCH_FEATURE_FREEZE,9.03,4.71,1.33,EXTERNAL_HISTORICAL_MARKET_BENCHMARK,NOT_AVAILABLE,NOT_GOLDBET,33c12777afa6eb3f24d57a534b6862907e7d6d47d47e3594be05dde356fd5974
650e8b062d807b3740431e3f,Primeira Liga,2025/2026,HOLDOUT,2025-12-22,20:45,MATCH_KICKOFF_TIME_TIMEZONE_NOT_STATED_BY_SOURCE,,NOT_VERIFIED_DO_NOT_INFER,Benfica,Famalicao,1,0,H,EVALUATION_ONLY_JOIN_AFTER_PREMATCH_FEATURE_FREEZE,1.34,4.8,8.11,EXTERNAL_HISTORICAL_MARKET_BENCHMARK,NOT_AVAILABLE,NOT_GOLDBET,bc263817f209f65a9732ca5d7c2878573c2902bfabe79616596b66423864488f
0556bca85d58de1441b4d6ed,Primeira Liga,2025/2026,HOLDOUT,2025-12-23,20:45,MATCH_KICKOFF_TIME_TIMEZONE_NOT_STATED_BY_SOURCE,,NOT_VERIFIED_DO_NOT_INFER,Guimaraes,Sp Lisbon,1,4,A,EVALUATION_ONLY_JOIN_AFTER_PREMATCH_FEATURE_FREEZE,6.66,4.31,1.44,EXTERNAL_HISTORICAL_MARKET_BENCHMARK,NOT_AVAILABLE,NOT_GOLDBET,5357c4e7a0473a2f6a4233f831d82295c2b95f711a39b3e89dba0defa258c01e
3946cc9fa659f29e86f941e5,Primeira Liga,2025/2026,HOLDOUT,2025-12-27,18:00,MATCH_KICKOFF_TIME_TIMEZONE_NOT_STATED_BY_SOURCE,,NOT_VERIFIED_DO_NOT_INFER,Famalicao,Estrela,2,3,A,EVALUATION_ONLY_JOIN_AFTER_PREMATCH_FEATURE_FREEZE,1.46,4.08,6.71,EXTERNAL_HISTORICAL_MARKET_BENCHMARK,NOT_AVAILABLE,NOT_GOLDBET,b1239a9c2dbd53512f0e014c46077f27f5527287c90321cf01b270d228c77fe1
f126ed784f66e1a864a49cab,Primeira Liga,2025/2026,HOLDOUT,2025-12-27,20:30,MATCH_KICKOFF_TIME_TIMEZONE_NOT_STATED_BY_SOURCE,,NOT_VERIFIED_DO_NOT_INFER,Estoril,Alverca,4,1,H,EVALUATION_ONLY_JOIN_AFTER_PREMATCH_FEATURE_FREEZE,2.12,3.3,3.28,EXTERNAL_HISTORICAL_MARKET_BENCHMARK,NOT_AVAILABLE,NOT_GOLDBET,4be8d361dd5c50e898f9d1cbed67869db468c73fe41e105f7d889d08c866e2be
b0d5bd8f899f87055a7a83e4,Primeira Liga,2025/2026,HOLDOUT,2025-12-28,15:30,MATCH_KICKOFF_TIME_TIMEZONE_NOT_STATED_BY_SOURCE,,NOT_VERIFIED_DO_NOT_INFER,Arouca,Gil Vicente,2,2,D,EVALUATION_ONLY_JOIN_AFTER_PREMATCH_FEATURE_FREEZE,4.2,3.25,1.87,EXTERNAL_HISTORICAL_MARKET_BENCHMARK,NOT_AVAILABLE,NOT_GOLDBET,f2aa7025c04db5f8c9166c242f71bca31bd29df96dd3d51f2af8b92a871dbafc
d51253f728595ff81657645d,Primeira Liga,2025/2026,HOLDOUT,2025-12-28,15:30,MATCH_KICKOFF_TIME_TIMEZONE_NOT_STATED_BY_SOURCE,,NOT_VERIFIED_DO_NOT_INFER,Casa Pia,Guimaraes,0,0,D,EVALUATION_ONLY_JOIN_AFTER_PREMATCH_FEATURE_FREEZE,3.08,2.95,2.42,EXTERNAL_HISTORICAL_MARKET_BENCHMARK,NOT_AVAILABLE,NOT_GOLDBET,67ddc09dddb9ae710b027c7f2468b536f42425496956789b4986a5619dc28370
2e04c5d8fe2439e62441c08e,Primeira Liga,2025/2026,HOLDOUT,2025-12-28,18:00,MATCH_KICKOFF_TIME_TIMEZONE_NOT_STATED_BY_SOURCE,,NOT_VERIFIED_DO_NOT_INFER,Sp Braga,Benfica,2,2,D,EVALUATION_ONLY_JOIN_AFTER_PREMATCH_FEATURE_FREEZE,3.56,3.24,2.05,EXTERNAL_HISTORICAL_MARKET_BENCHMARK,NOT_AVAILABLE,NOT_GOLDBET,5bcfead2d6e938dcbfae1ceb46995238bd4b0278a8e5776375ae9db753651231
0a5918c0c878d0a1dd9aae90,Primeira Liga,2025/2026,HOLDOUT,2025-12-28,20:30,MATCH_KICKOFF_TIME_TIMEZONE_NOT_STATED_BY_SOURCE,,NOT_VERIFIED_DO_NOT_INFER,Sp Lisbon,Rio Ave,4,0,H,EVALUATION_ONLY_JOIN_AFTER_PREMATCH_FEATURE_FREEZE,1.08,9.53,23.13,EXTERNAL_HISTORICAL_MARKET_BENCHMARK,NOT_AVAILABLE,NOT_GOLDBET,f62423a9969bb152a73ce76be97af96fe9e1dbca13da91dcc5e1eb575ef12fae
ed609066a200a9408ed83304,Primeira Liga,2025/2026,HOLDOUT,2025-12-29,20:15,MATCH_KICKOFF_TIME_TIMEZONE_NOT_STATED_BY_SOURCE,,NOT_VERIFIED_DO_NOT_INFER,Porto,AVS,2,0,H,EVALUATION_ONLY_JOIN_AFTER_PREMATCH_FEATURE_FREEZE,1.1,8.67,19.59,EXTERNAL_HISTORICAL_MARKET_BENCHMARK,NOT_AVAILABLE,NOT_GOLDBET,c1950fbfed8a2e05798a92aae5e9fa7c56d514338e76332a3bd63cd21975644e
85b8ad00dd8f7e2fbbc2ac53,Primeira Liga,2025/2026,HOLDOUT,2026-01-02,18:45,MATCH_KICKOFF_TIME_TIMEZONE_NOT_STATED_BY_SOURCE,,NOT_VERIFIED_DO_NOT_INFER,Gil Vicente,Sp Lisbon,1,1,D,EVALUATION_ONLY_JOIN_AFTER_PREMATCH_FEATURE_FREEZE,6.81,4.17,1.45,EXTERNAL_HISTORICAL_MARKET_BENCHMARK,NOT_AVAILABLE,NOT_GOLDBET,9d3332eb8812f0db3b2a19a6e6164256280cfb0f583d7395c73fa4baeb08ea16
4432bcf2b5e4a74ba3bff767,Primeira Liga,2025/2026,HOLDOUT,2026-01-02,20:45,MATCH_KICKOFF_TIME_TIMEZONE_NOT_STATED_BY_SOURCE,,NOT_VERIFIED_DO_NOT_INFER,Guimaraes,Nacional,2,1,H,EVALUATION_ONLY_JOIN_AFTER_PREMATCH_FEATURE_FREEZE,1.87,3.29,4.18,EXTERNAL_HISTORICAL_MARKET_BENCHMARK,NOT_AVAILABLE,NOT_GOLDBET,16ef9c033ba8a9d394617f6b8a4ec53b315610c53e528ba9e03805837aebdf32
f412d2b1fc2b19b14f1030a6,Primeira Liga,2025/2026,HOLDOUT,2026-01-03,15:30,MATCH_KICKOFF_TIME_TIMEZONE_NOT_STATED_BY_SOURCE,,NOT_VERIFIED_DO_NOT_INFER,Tondela,Arouca,3,1,H,EVALUATION_ONLY_JOIN_AFTER_PREMATCH_FEATURE_FREEZE,2.32,3.17,3.04,EXTERNAL_HISTORICAL_MARKET_BENCHMARK,NOT_AVAILABLE,NOT_GOLDBET,25279d8123d3c8d1bd2a6093f67fbda7b867d27bfae6e1ef3f9e962694a79343
a56f556ede19e092de7fc8d1,Primeira Liga,2025/2026,HOLDOUT,2026-01-03,18:00,MATCH_KICKOFF_TIME_TIMEZONE_NOT_STATED_BY_SOURCE,,NOT_VERIFIED_DO_NOT_INFER,Benfica,Estoril,3,1,H,EVALUATION_ONLY_JOIN_AFTER_PREMATCH_FEATURE_FREEZE,1.21,6.2,11.41,EXTERNAL_HISTORICAL_MARKET_BENCHMARK,NOT_AVAILABLE,NOT_GOLDBET,0fbdf368a40f59a172d62bb3bcd8850c646f06dab146053766249c8c88d2cf01
cae6196ce3bb62125e33e78d,Primeira Liga,2025/2026,HOLDOUT,2026-01-03,18:00,MATCH_KICKOFF_TIME_TIMEZONE_NOT_STATED_BY_SOURCE,,NOT_VERIFIED_DO_NOT_INFER,Estrela,Sp Braga,3,3,D,EVALUATION_ONLY_JOIN_AFTER_PREMATCH_FEATURE_FREEZE,4.8,3.56,1.7,EXTERNAL_HISTORICAL_MARKET_BENCHMARK,NOT_AVAILABLE,NOT_GOLDBET,782089640985cac92dab1e74813acad755e7a15e649cb6c881c47ce4e8f9f410
951507e347d2a9f2b66f52f2,Primeira Liga,2025/2026,HOLDOUT,2026-01-03,20:30,MATCH_KICKOFF_TIME_TIMEZONE_NOT_STATED_BY_SOURCE,,NOT_VERIFIED_DO_NOT_INFER,AVS,Moreirense,0,2,A,EVALUATION_ONLY_JOIN_AFTER_PREMATCH_FEATURE_FREEZE,3.53,3.14,2.1,EXTERNAL_HISTORICAL_MARKET_BENCHMARK,NOT_AVAILABLE,NOT_GOLDBET,5e38b0d1c6214dab226fb355417c0c7878d6f2ae12b8d1c8f8ab80051a1b4b59
a6e4c614b7979c4a1895065b,Primeira Liga,2025/2026,HOLDOUT,2026-01-04,15:30,MATCH_KICKOFF_TIME_TIMEZONE_NOT_STATED_BY_SOURCE,,NOT_VERIFIED_DO_NOT_INFER,Rio Ave,Casa Pia,3,1,H,EVALUATION_ONLY_JOIN_AFTER_PREMATCH_FEATURE_FREEZE,2.38,3.04,3.03,EXTERNAL_HISTORICAL_MARKET_BENCHMARK,NOT_AVAILABLE,NOT_GOLDBET,382b3b6066b2e5919182b39759550895c1cd5de3e2b3e99d624c661edc5f3195
ced44145da9ceede7ffa9fda,Primeira Liga,2025/2026,HOLDOUT,2026-01-04,18:00,MATCH_KICKOFF_TIME_TIMEZONE_NOT_STATED_BY_SOURCE,,NOT_VERIFIED_DO_NOT_INFER,Santa Clara,Porto,0,1,A,EVALUATION_ONLY_JOIN_AFTER_PREMATCH_FEATURE_FREEZE,7.28,3.74,1.49,EXTERNAL_HISTORICAL_MARKET_BENCHMARK,NOT_AVAILABLE,NOT_GOLDBET,dd91a397dd69fbcef7b9bca9a7f2f02c6402176d2d786e82614a97cc97d81807
4e331319b223fc37bdf6c631,Primeira Liga,2025/2026,HOLDOUT,2026-01-04,20:30,MATCH_KICKOFF_TIME_TIMEZONE_NOT_STATED_BY_SOURCE,,NOT_VERIFIED_DO_NOT_INFER,Alverca,Famalicao,1,0,H,EVALUATION_ONLY_JOIN_AFTER_PREMATCH_FEATURE_FREEZE,3.59,3.23,2.04,EXTERNAL_HISTORICAL_MARKET_BENCHMARK,NOT_AVAILABLE,NOT_GOLDBET,2230614903075bf5b4e60e559d08ff6c3e3e16ac41d2e4c340b9c3e34170e829
7864b0cbdf31d5624bf582c0,Primeira Liga,2025/2026,HOLDOUT,2026-01-11,15:30,MATCH_KICKOFF_TIME_TIMEZONE_NOT_STATED_BY_SOURCE,,NOT_VERIFIED_DO_NOT_INFER,Nacional,Santa Clara,3,3,D,EVALUATION_ONLY_JOIN_AFTER_PREMATCH_FEATURE_FREEZE,2.68,2.89,2.77,EXTERNAL_HISTORICAL_MARKET_BENCHMARK,NOT_AVAILABLE,NOT_GOLDBET,b3d4fe5ff726723b7ec181c31542b0c69118d69294bc70e052537fafa80eae64
2531440d08187772ed4dc129,Primeira Liga,2025/2026,HOLDOUT,2026-01-11,18:00,MATCH_KICKOFF_TIME_TIMEZONE_NOT_STATED_BY_SOURCE,,NOT_VERIFIED_DO_NOT_INFER,Moreirense,Tondela,1,0,H,EVALUATION_ONLY_JOIN_AFTER_PREMATCH_FEATURE_FREEZE,2.29,3.05,3.2,EXTERNAL_HISTORICAL_MARKET_BENCHMARK,NOT_AVAILABLE,NOT_GOLDBET,58c0fc800756447a2286376f53d32cbf1a23f28d8d50777ee18887f0c8528308
52edd5bb134d7734d551ac49,Primeira Liga,2025/2026,HOLDOUT,2026-01-16,20:15,MATCH_KICKOFF_TIME_TIMEZONE_NOT_STATED_BY_SOURCE,,NOT_VERIFIED_DO_NOT_INFER,Sp Lisbon,Casa Pia,3,0,H,EVALUATION_ONLY_JOIN_AFTER_PREMATCH_FEATURE_FREEZE,1.17,6.74,13.63,EXTERNAL_HISTORICAL_MARKET_BENCHMARK,NOT_AVAILABLE,NOT_GOLDBET,f7c7d52358c1adfd6429e942115341f25171133681cd42ef01ff44a598ceedb4
4114a9e7bb886ecb039e95be,Primeira Liga,2025/2026,HOLDOUT,2026-01-17,15:30,MATCH_KICKOFF_TIME_TIMEZONE_NOT_STATED_BY_SOURCE,,NOT_VERIFIED_DO_NOT_INFER,Gil Vicente,Nacional,2,1,H,EVALUATION_ONLY_JOIN_AFTER_PREMATCH_FEATURE_FREEZE,1.72,3.46,4.79,EXTERNAL_HISTORICAL_MARKET_BENCHMARK,NOT_AVAILABLE,NOT_GOLDBET,1717f7ff7829b661571bf98577e73d4f00b8395c47215cdd9ca330ce43eeddd9
1563f6443e1083cb63e5457e,Primeira Liga,2025/2026,HOLDOUT,2026-01-17,18:00,MATCH_KICKOFF_TIME_TIMEZONE_NOT_STATED_BY_SOURCE,,NOT_VERIFIED_DO_NOT_INFER,AVS,Arouca,0,1,A,EVALUATION_ONLY_JOIN_AFTER_PREMATCH_FEATURE_FREEZE,2.63,3.08,2.68,EXTERNAL_HISTORICAL_MARKET_BENCHMARK,NOT_AVAILABLE,NOT_GOLDBET,c91c78b283a644b13cbf37a1ab74ea651107fe9e579a96de53bbdb1ed43278e2
8535ffd5b49bf300083cc694,Primeira Liga,2025/2026,HOLDOUT,2026-01-17,18:00,MATCH_KICKOFF_TIME_TIMEZONE_NOT_STATED_BY_SOURCE,,NOT_VERIFIED_DO_NOT_INFER,Alverca,Moreirense,2,1,H,EVALUATION_ONLY_JOIN_AFTER_PREMATCH_FEATURE_FREEZE,2.38,2.87,3.21,EXTERNAL_HISTORICAL_MARKET_BENCHMARK,NOT_AVAILABLE,NOT_GOLDBET,7cf5f36103f62d5fef95eafe717c2143784fbdfbc483c30fa81f707962931148
eabb49260f88dd6f44c9f427,Primeira Liga,2025/2026,HOLDOUT,2026-01-17,20:30,MATCH_KICKOFF_TIME_TIMEZONE_NOT_STATED_BY_SOURCE,,NOT_VERIFIED_DO_NOT_INFER,Rio Ave,Benfica,0,2,A,EVALUATION_ONLY_JOIN_AFTER_PREMATCH_FEATURE_FREEZE,8.92,5.16,1.3,EXTERNAL_HISTORICAL_MARKET_BENCHMARK,NOT_AVAILABLE,NOT_GOLDBET,ef4cd001a92c5a0c333d30efbcf5e58ad38f9fd698ceab526cfd6cde622214ea
0681d7f863608ceb20d6c016,Primeira Liga,2025/2026,HOLDOUT,2026-01-18,15:30,MATCH_KICKOFF_TIME_TIMEZONE_NOT_STATED_BY_SOURCE,,NOT_VERIFIED_DO_NOT_INFER,Santa Clara,Famalicao,0,1,A,EVALUATION_ONLY_JOIN_AFTER_PREMATCH_FEATURE_FREEZE,2.96,2.92,2.51,EXTERNAL_HISTORICAL_MARKET_BENCHMARK,NOT_AVAILABLE,NOT_GOLDBET,c55e69caf9dcb9824376c228cd93c4cc88f24fcaf8e90392916f6849d82d12e0
5e031a4aecf67dae4fb6582a,Primeira Liga,2025/2026,HOLDOUT,2026-01-18,18:00,MATCH_KICKOFF_TIME_TIMEZONE_NOT_STATED_BY_SOURCE,,NOT_VERIFIED_DO_NOT_INFER,Tondela,Sp Braga,0,1,A,EVALUATION_ONLY_JOIN_AFTER_PREMATCH_FEATURE_FREEZE,6.23,3.87,1.51,EXTERNAL_HISTORICAL_MARKET_BENCHMARK,NOT_AVAILABLE,NOT_GOLDBET,fa9d1e7f5a8704767133802d86c5da95b558f4bfaaf613237619df70300de474
34ea94f042e42d0191f77123,Primeira Liga,2025/2026,HOLDOUT,2026-01-18,20:30,MATCH_KICKOFF_TIME_TIMEZONE_NOT_STATED_BY_SOURCE,,NOT_VERIFIED_DO_NOT_INFER,Guimaraes,Porto,0,1,A,EVALUATION_ONLY_JOIN_AFTER_PREMATCH_FEATURE_FREEZE,6.86,4.07,1.45,EXTERNAL_HISTORICAL_MARKET_BENCHMARK,NOT_AVAILABLE,NOT_GOLDBET,2d7fd95662ec978270f55a5edd24f1e1301c8ecf482fce6d77e453da3e8d0591
81aa247350bf362fef2ea6ee,Primeira Liga,2025/2026,HOLDOUT,2026-01-19,20:15,MATCH_KICKOFF_TIME_TIMEZONE_NOT_STATED_BY_SOURCE,,NOT_VERIFIED_DO_NOT_INFER,Estrela,Estoril,0,5,A,EVALUATION_ONLY_JOIN_AFTER_PREMATCH_FEATURE_FREEZE,2.79,3.28,2.42,EXTERNAL_HISTORICAL_MARKET_BENCHMARK,NOT_AVAILABLE,NOT_GOLDBET,a3bfc3f80526b1461b806d27d02ad85eb9ba3b10d47ba38309574159acbc24bd
93683f2717758b62a59296ce,Primeira Liga,2025/2026,HOLDOUT,2026-01-23,20:15,MATCH_KICKOFF_TIME_TIMEZONE_NOT_STATED_BY_SOURCE,,NOT_VERIFIED_DO_NOT_INFER,Casa Pia,AVS,3,3,D,EVALUATION_ONLY_JOIN_AFTER_PREMATCH_FEATURE_FREEZE,2.03,3.09,3.83,EXTERNAL_HISTORICAL_MARKET_BENCHMARK,NOT_AVAILABLE,NOT_GOLDBET,620c1dd83dca6e9d9583f5c636f38c4313a0f5a626aaffa4e5890370da274942
aa9032b278c09ca4efe62502,Primeira Liga,2025/2026,HOLDOUT,2026-01-24,15:30,MATCH_KICKOFF_TIME_TIMEZONE_NOT_STATED_BY_SOURCE,,NOT_VERIFIED_DO_NOT_INFER,Moreirense,Santa Clara,1,0,H,EVALUATION_ONLY_JOIN_AFTER_PREMATCH_FEATURE_FREEZE,2.84,2.81,2.68,EXTERNAL_HISTORICAL_MARKET_BENCHMARK,NOT_AVAILABLE,NOT_GOLDBET,c479f2a655737ef9fd8861d3cd11e437c49b79f7bf40d0eb015df56091302132
6f5eac0255186b64ba828a8a,Primeira Liga,2025/2026,HOLDOUT,2026-01-24,18:00,MATCH_KICKOFF_TIME_TIMEZONE_NOT_STATED_BY_SOURCE,,NOT_VERIFIED_DO_NOT_INFER,Arouca,Sp Lisbon,1,2,A,EVALUATION_ONLY_JOIN_AFTER_PREMATCH_FEATURE_FREEZE,8.76,5.34,1.28,EXTERNAL_HISTORICAL_MARKET_BENCHMARK,NOT_AVAILABLE,NOT_GOLDBET,76048bbced9f4802d693c5c17c78c4ace7a1d2cbacec690a7b72d6bfc0e89de8
f59213098869feac33882db8,Primeira Liga,2025/2026,HOLDOUT,2026-01-24,20:30,MATCH_KICKOFF_TIME_TIMEZONE_NOT_STATED_BY_SOURCE,,NOT_VERIFIED_DO_NOT_INFER,Estoril,Guimaraes,4,2,H,EVALUATION_ONLY_JOIN_AFTER_PREMATCH_FEATURE_FREEZE,2.39,3.33,2.78,EXTERNAL_HISTORICAL_MARKET_BENCHMARK,NOT_AVAILABLE,NOT_GOLDBET,a5e3048652afba1ff765046ebd47d5da0b37651ff96fdf558daeeb47e416a104
0a5cb7c6b127f5fad3aaab4c,Primeira Liga,2025/2026,HOLDOUT,2026-01-25,15:30,MATCH_KICKOFF_TIME_TIMEZONE_NOT_STATED_BY_SOURCE,,NOT_VERIFIED_DO_NOT_INFER,Nacional,Rio Ave,4,0,H,EVALUATION_ONLY_JOIN_AFTER_PREMATCH_FEATURE_FREEZE,1.92,3.49,3.67,EXTERNAL_HISTORICAL_MARKET_BENCHMARK,NOT_AVAILABLE,NOT_GOLDBET,50adc21144efa282c2db0dda1c705629604b77bf78087e512598a4122dd35695
3fc2565d80df9b71fd89b508,Primeira Liga,2025/2026,HOLDOUT,2026-01-25,18:00,MATCH_KICKOFF_TIME_TIMEZONE_NOT_STATED_BY_SOURCE,,NOT_VERIFIED_DO_NOT_INFER,Benfica,Estrela,4,0,H,EVALUATION_ONLY_JOIN_AFTER_PREMATCH_FEATURE_FREEZE,1.17,6.53,14.58,EXTERNAL_HISTORICAL_MARKET_BENCHMARK,NOT_AVAILABLE,NOT_GOLDBET,248fb28828dc299140eb88cc4d001ad70db5f829324d89c1808021ae1f7307a5
f21bf00ab9c13d4de7b75d86,Primeira Liga,2025/2026,HOLDOUT,2026-01-25,18:00,MATCH_KICKOFF_TIME_TIMEZONE_NOT_STATED_BY_SOURCE,,NOT_VERIFIED_DO_NOT_INFER,Famalicao,Tondela,3,0,H,EVALUATION_ONLY_JOIN_AFTER_PREMATCH_FEATURE_FREEZE,1.55,3.83,5.73,EXTERNAL_HISTORICAL_MARKET_BENCHMARK,NOT_AVAILABLE,NOT_GOLDBET,cd0427c627f888b5203da678a6e1d866fc0a668bcf4dc8f4f60f4f4b85f91cb8
456dfdd5506a1873d37ae925,Primeira Liga,2025/2026,HOLDOUT,2026-01-25,20:30,MATCH_KICKOFF_TIME_TIMEZONE_NOT_STATED_BY_SOURCE,,NOT_VERIFIED_DO_NOT_INFER,Sp Braga,Alverca,5,0,H,EVALUATION_ONLY_JOIN_AFTER_PREMATCH_FEATURE_FREEZE,1.41,4.27,7.29,EXTERNAL_HISTORICAL_MARKET_BENCHMARK,NOT_AVAILABLE,NOT_GOLDBET,bb2f2a07f7e5366627135c62409741229f4d70b856596dc1abc000a59ebedc87
be47edca19e27556fdd1bee9,Primeira Liga,2025/2026,HOLDOUT,2026-01-26,20:15,MATCH_KICKOFF_TIME_TIMEZONE_NOT_STATED_BY_SOURCE,,NOT_VERIFIED_DO_NOT_INFER,Porto,Gil Vicente,3,0,H,EVALUATION_ONLY_JOIN_AFTER_PREMATCH_FEATURE_FREEZE,1.34,4.47,8.96,EXTERNAL_HISTORICAL_MARKET_BENCHMARK,NOT_AVAILABLE,NOT_GOLDBET,19d36fc4495736810b2fafdb79e066bcb7a5a16089271fe901a633f3a3ca5557
4d29c35291c31e518d5cdf95,Primeira Liga,2025/2026,HOLDOUT,2026-01-30,20:45,MATCH_KICKOFF_TIME_TIMEZONE_NOT_STATED_BY_SOURCE,,NOT_VERIFIED_DO_NOT_INFER,Guimaraes,Moreirense,1,0,H,EVALUATION_ONLY_JOIN_AFTER_PREMATCH_FEATURE_FREEZE,1.86,3.25,4.23,EXTERNAL_HISTORICAL_MARKET_BENCHMARK,NOT_AVAILABLE,NOT_GOLDBET,3bdd838d9646d9793a5fd5d9c0d1e39b0a0d3d43cdb7c2f47a892f1b8c821149
fa1cd7fffee408a5fa696339,Primeira Liga,2025/2026,HOLDOUT,2026-01-31,15:30,MATCH_KICKOFF_TIME_TIMEZONE_NOT_STATED_BY_SOURCE,,NOT_VERIFIED_DO_NOT_INFER,Santa Clara,Estoril,2,4,A,EVALUATION_ONLY_JOIN_AFTER_PREMATCH_FEATURE_FREEZE,2.18,3.12,3.36,EXTERNAL_HISTORICAL_MARKET_BENCHMARK,NOT_AVAILABLE,NOT_GOLDBET,554324d65b56975dfd1befdb532f74ab0f9739a8c913e75982f2329b9ae9b9f1
db99966acf8a2b2433960874,Primeira Liga,2025/2026,HOLDOUT,2026-01-31,18:00,MATCH_KICKOFF_TIME_TIMEZONE_NOT_STATED_BY_SOURCE,,NOT_VERIFIED_DO_NOT_INFER,Rio Ave,Arouca,0,3,A,EVALUATION_ONLY_JOIN_AFTER_PREMATCH_FEATURE_FREEZE,3.01,3.19,2.29,EXTERNAL_HISTORICAL_MARKET_BENCHMARK,NOT_AVAILABLE,NOT_GOLDBET,64befb76c2548191408ecc068869adc1a085b540b65b749cf854fa93fb111935
fae5c55893ba549bf0369baf,Primeira Liga,2025/2026,HOLDOUT,2026-01-31,20:30,MATCH_KICKOFF_TIME_TIMEZONE_NOT_STATED_BY_SOURCE,,NOT_VERIFIED_DO_NOT_INFER,Alverca,Estrela,1,1,D,EVALUATION_ONLY_JOIN_AFTER_PREMATCH_FEATURE_FREEZE,1.88,3.13,4.35,EXTERNAL_HISTORICAL_MARKET_BENCHMARK,NOT_AVAILABLE,NOT_GOLDBET,cb9fb8491f74291aa13c897544bbb80b04047decc8fbed4a8816c8c0d075dae1
f51fb7fdc635925bcacd8ecd,Primeira Liga,2025/2026,HOLDOUT,2026-02-01,15:30,MATCH_KICKOFF_TIME_TIMEZONE_NOT_STATED_BY_SOURCE,,NOT_VERIFIED_DO_NOT_INFER,Gil Vicente,Famalicao,5,0,H,EVALUATION_ONLY_JOIN_AFTER_PREMATCH_FEATURE_FREEZE,2.66,2.98,2.69,EXTERNAL_HISTORICAL_MARKET_BENCHMARK,NOT_AVAILABLE,NOT_GOLDBET,74bce0edbf48423ad1e97213972777a15c015e7bfe1a151f69969ebdffa787be
ccf8cf3316d165f34a67136c,Primeira Liga,2025/2026,HOLDOUT,2026-02-01,18:00,MATCH_KICKOFF_TIME_TIMEZONE_NOT_STATED_BY_SOURCE,,NOT_VERIFIED_DO_NOT_INFER,Sp Lisbon,Nacional,2,1,H,EVALUATION_ONLY_JOIN_AFTER_PREMATCH_FEATURE_FREEZE,1.14,7.41,15.13,EXTERNAL_HISTORICAL_MARKET_BENCHMARK,NOT_AVAILABLE,NOT_GOLDBET,e30d76a2258d754e07ad53fa1bbd90d57a2820b5e16b40531009c38c1ef7cc73
13c29b1f50c2631b3330dcc4,Primeira Liga,2025/2026,HOLDOUT,2026-02-01,20:30,MATCH_KICKOFF_TIME_TIMEZONE_NOT_STATED_BY_SOURCE,,NOT_VERIFIED_DO_NOT_INFER,Tondela,Benfica,0,0,D,EVALUATION_ONLY_JOIN_AFTER_PREMATCH_FEATURE_FREEZE,9.47,5.08,1.29,EXTERNAL_HISTORICAL_MARKET_BENCHMARK,NOT_AVAILABLE,NOT_GOLDBET,172edcca0a1e94def80b765b1a5c8b340d6daa3c56d3d512fdb365001dcfcf4f
a1dec24ffa25b31a392ffd96,Primeira Liga,2025/2026,HOLDOUT,2026-02-02,18:45,MATCH_KICKOFF_TIME_TIMEZONE_NOT_STATED_BY_SOURCE,,NOT_VERIFIED_DO_NOT_INFER,AVS,Sp Braga,0,4,A,EVALUATION_ONLY_JOIN_AFTER_PREMATCH_FEATURE_FREEZE,9.2,4.99,1.29,EXTERNAL_HISTORICAL_MARKET_BENCHMARK,NOT_AVAILABLE,NOT_GOLDBET,d2b44603dceeba73bfb59dde0cf245f8155d03d31c4050e35e484e8fe5e519dc
023319b5d4644fdf4e3f48d8,Primeira Liga,2025/2026,HOLDOUT,2026-02-02,20:45,MATCH_KICKOFF_TIME_TIMEZONE_NOT_STATED_BY_SOURCE,,NOT_VERIFIED_DO_NOT_INFER,Casa Pia,Porto,2,1,H,EVALUATION_ONLY_JOIN_AFTER_PREMATCH_FEATURE_FREEZE,11.5,5.21,1.25,EXTERNAL_HISTORICAL_MARKET_BENCHMARK,NOT_AVAILABLE,NOT_GOLDBET,2c8e4b98bb8bcac590028c624c0e3d8d1d3231a333fe377f8f7b7332692edaa9
467b90509ccb9c389e463bae,Primeira Liga,2025/2026,HOLDOUT,2026-02-07,15:30,MATCH_KICKOFF_TIME_TIMEZONE_NOT_STATED_BY_SOURCE,,NOT_VERIFIED_DO_NOT_INFER,Estrela,Santa Clara,1,0,H,EVALUATION_ONLY_JOIN_AFTER_PREMATCH_FEATURE_FREEZE,4.32,3.01,1.94,EXTERNAL_HISTORICAL_MARKET_BENCHMARK,NOT_AVAILABLE,NOT_GOLDBET,9046d8f3f2fe99e593bbb426b8b3d87bbbce780796d8ae65eddef105cee0d642
f5607c0fd3f9f7bfb43514ea,Primeira Liga,2025/2026,HOLDOUT,2026-02-07,15:30,MATCH_KICKOFF_TIME_TIMEZONE_NOT_STATED_BY_SOURCE,,NOT_VERIFIED_DO_NOT_INFER,Moreirense,Gil Vicente,1,2,A,EVALUATION_ONLY_JOIN_AFTER_PREMATCH_FEATURE_FREEZE,3.66,3.03,2.09,EXTERNAL_HISTORICAL_MARKET_BENCHMARK,NOT_AVAILABLE,NOT_GOLDBET,58fb756bf954c8bc256096cf73fc22b0d8c1313a34e1df93dadb64ba6c12da06
02e16f50a8c886dc072f5ea6,Primeira Liga,2025/2026,HOLDOUT,2026-02-07,18:00,MATCH_KICKOFF_TIME_TIMEZONE_NOT_STATED_BY_SOURCE,,NOT_VERIFIED_DO_NOT_INFER,Estoril,Tondela,2,2,D,EVALUATION_ONLY_JOIN_AFTER_PREMATCH_FEATURE_FREEZE,1.69,3.74,4.49,EXTERNAL_HISTORICAL_MARKET_BENCHMARK,NOT_AVAILABLE,NOT_GOLDBET,d467c8c7a05a0fa117aec734575f7a46c6afa264535d88ca0b0ad4ced47abb8e
fe66a9906526e9026ccab2c5,Primeira Liga,2025/2026,HOLDOUT,2026-02-07,20:30,MATCH_KICKOFF_TIME_TIMEZONE_NOT_STATED_BY_SOURCE,,NOT_VERIFIED_DO_NOT_INFER,Arouca,Guimaraes,3,2,H,EVALUATION_ONLY_JOIN_AFTER_PREMATCH_FEATURE_FREEZE,2.76,3.14,2.51,EXTERNAL_HISTORICAL_MARKET_BENCHMARK,NOT_AVAILABLE,NOT_GOLDBET,8ae2b0d7c3aabde9464d15cd4bd23211088ba221a64bcbf9ff7e408a5b1dcca9
48bcfe6dc7a3c6a745f43864,Primeira Liga,2025/2026,HOLDOUT,2026-02-08,15:30,MATCH_KICKOFF_TIME_TIMEZONE_NOT_STATED_BY_SOURCE,,NOT_VERIFIED_DO_NOT_INFER,Nacional,Casa Pia,0,0,D,EVALUATION_ONLY_JOIN_AFTER_PREMATCH_FEATURE_FREEZE,1.79,3.46,4.31,EXTERNAL_HISTORICAL_MARKET_BENCHMARK,NOT_AVAILABLE,NOT_GOLDBET,c382292d2a317525e11e0f5fc3a60538570389178f6fe06581431c71c5056f72
dc6ed65f805d2f109a71773d,Primeira Liga,2025/2026,HOLDOUT,2026-02-08,18:00,MATCH_KICKOFF_TIME_TIMEZONE_NOT_STATED_BY_SOURCE,,NOT_VERIFIED_DO_NOT_INFER,Sp Braga,Rio Ave,3,0,H,EVALUATION_ONLY_JOIN_AFTER_PREMATCH_FEATURE_FREEZE,1.15,7.18,15.16,EXTERNAL_HISTORICAL_MARKET_BENCHMARK,NOT_AVAILABLE,NOT_GOLDBET,19fcf7c84d9d10a68ec73dfe9c79c026b1f58d1996ae292b56572e8743fd2878
d3a4a0ddc4c771344412ab3c,Primeira Liga,2025/2026,HOLDOUT,2026-02-08,20:30,MATCH_KICKOFF_TIME_TIMEZONE_NOT_STATED_BY_SOURCE,,NOT_VERIFIED_DO_NOT_INFER,Benfica,Alverca,2,1,H,EVALUATION_ONLY_JOIN_AFTER_PREMATCH_FEATURE_FREEZE,1.15,6.79,15.27,EXTERNAL_HISTORICAL_MARKET_BENCHMARK,NOT_AVAILABLE,NOT_GOLDBET,a579b1f1e1e11b0bcb4b5133d70c8ad5344e0e21f66796b371b656e7b110997f
120c69d6d4e320a5b50ff3ff,Primeira Liga,2025/2026,HOLDOUT,2026-02-09,18:45,MATCH_KICKOFF_TIME_TIMEZONE_NOT_STATED_BY_SOURCE,,NOT_VERIFIED_DO_NOT_INFER,Famalicao,AVS,3,1,H,EVALUATION_ONLY_JOIN_AFTER_PREMATCH_FEATURE_FREEZE,1.46,4.12,6.61,EXTERNAL_HISTORICAL_MARKET_BENCHMARK,NOT_AVAILABLE,NOT_GOLDBET,3369c943933da36bea3309f8c9743440efb9039adb16f316071ed825b93d7684
e83bf3b6930e238664d34efe,Primeira Liga,2025/2026,HOLDOUT,2026-02-09,20:45,MATCH_KICKOFF_TIME_TIMEZONE_NOT_STATED_BY_SOURCE,,NOT_VERIFIED_DO_NOT_INFER,Porto,Sp Lisbon,1,1,D,EVALUATION_ONLY_JOIN_AFTER_PREMATCH_FEATURE_FREEZE,2.45,3.11,2.86,EXTERNAL_HISTORICAL_MARKET_BENCHMARK,NOT_AVAILABLE,NOT_GOLDBET,d295c4315c9427085a894b8ac936e445986320916ce8a5ce96a116e57b13f9d5
bc2c543cbfa50a3a1e1a8b27,Primeira Liga,2025/2026,HOLDOUT,2026-02-13,18:30,MATCH_KICKOFF_TIME_TIMEZONE_NOT_STATED_BY_SOURCE,,NOT_VERIFIED_DO_NOT_INFER,Santa Clara,Benfica,1,2,A,EVALUATION_ONLY_JOIN_AFTER_PREMATCH_FEATURE_FREEZE,6.18,3.71,1.54,EXTERNAL_HISTORICAL_MARKET_BENCHMARK,NOT_AVAILABLE,NOT_GOLDBET,d2fc0b40845abbfde5dded0d4d19f457b5cf94fb48bc7d98c3718ad63f923c6f
2d4bcfe4447d7269ca376c49,Primeira Liga,2025/2026,HOLDOUT,2026-02-13,20:45,MATCH_KICKOFF_TIME_TIMEZONE_NOT_STATED_BY_SOURCE,,NOT_VERIFIED_DO_NOT_INFER,Tondela,Alverca,1,1,D,EVALUATION_ONLY_JOIN_AFTER_PREMATCH_FEATURE_FREEZE,2.5,2.98,2.91,EXTERNAL_HISTORICAL_MARKET_BENCHMARK,NOT_AVAILABLE,NOT_GOLDBET,ef9c8f041dfef4140b44cf47ad8c54eeda78edf30fa1987ef3fc5dc8340fa60e
6def856fa72b31b5eec43dfc,Primeira Liga,2025/2026,HOLDOUT,2026-02-14,15:30,MATCH_KICKOFF_TIME_TIMEZONE_NOT_STATED_BY_SOURCE,,NOT_VERIFIED_DO_NOT_INFER,Casa Pia,Arouca,3,2,H,EVALUATION_ONLY_JOIN_AFTER_PREMATCH_FEATURE_FREEZE,2.85,3.11,2.46,EXTERNAL_HISTORICAL_MARKET_BENCHMARK,NOT_AVAILABLE,NOT_GOLDBET,e370830d8e86a642f1fa4be886bcf90510f4224433ab7ca55c7ab2ff6516730e
e54fa2c1639989571d2633eb,Primeira Liga,2025/2026,HOLDOUT,2026-02-14,18:00,MATCH_KICKOFF_TIME_TIMEZONE_NOT_STATED_BY_SOURCE,,NOT_VERIFIED_DO_NOT_INFER,Guimaraes,Estrela,2,1,H,EVALUATION_ONLY_JOIN_AFTER_PREMATCH_FEATURE_FREEZE,1.57,3.67,5.86,EXTERNAL_HISTORICAL_MARKET_BENCHMARK,NOT_AVAILABLE,NOT_GOLDBET,892dcfff625b62caf763e6265f42843a1c1932d362ee2b8b01cbe9a9c035c851
871042a770ae518457425c04,Primeira Liga,2025/2026,HOLDOUT,2026-02-14,20:30,MATCH_KICKOFF_TIME_TIMEZONE_NOT_STATED_BY_SOURCE,,NOT_VERIFIED_DO_NOT_INFER,Gil Vicente,Sp Braga,2,1,H,EVALUATION_ONLY_JOIN_AFTER_PREMATCH_FEATURE_FREEZE,3.98,3.14,1.95,EXTERNAL_HISTORICAL_MARKET_BENCHMARK,NOT_AVAILABLE,NOT_GOLDBET,2ecd37bf6a92c570dbdd74770581fa7d0840ba1cc3a321188b39d6cc66efd46c
cf69adf8f8a68babf8c45ac8,Primeira Liga,2025/2026,HOLDOUT,2026-02-15,15:30,MATCH_KICKOFF_TIME_TIMEZONE_NOT_STATED_BY_SOURCE,,NOT_VERIFIED_DO_NOT_INFER,Nacional,Porto,0,1,A,EVALUATION_ONLY_JOIN_AFTER_PREMATCH_FEATURE_FREEZE,7.58,4.46,1.38,EXTERNAL_HISTORICAL_MARKET_BENCHMARK,NOT_AVAILABLE,NOT_GOLDBET,2b520763821e14c747f585c59bebd7a955b1e26e957c1cf4e0f302661d8047c8
e2ed50013f7297b2ddcd8b97,Primeira Liga,2025/2026,HOLDOUT,2026-02-15,18:00,MATCH_KICKOFF_TIME_TIMEZONE_NOT_STATED_BY_SOURCE,,NOT_VERIFIED_DO_NOT_INFER,AVS,Estoril,3,0,H,EVALUATION_ONLY_JOIN_AFTER_PREMATCH_FEATURE_FREEZE,4.1,3.84,1.73,EXTERNAL_HISTORICAL_MARKET_BENCHMARK,NOT_AVAILABLE,NOT_GOLDBET,ea087b156be4b6768ab54ae3dee599ad0ea79f381d98397826b67069a769b1d1
1a27ef0d767d36de82dd9113,Primeira Liga,2025/2026,HOLDOUT,2026-02-15,20:30,MATCH_KICKOFF_TIME_TIMEZONE_NOT_STATED_BY_SOURCE,,NOT_VERIFIED_DO_NOT_INFER,Sp Lisbon,Famalicao,1,0,H,EVALUATION_ONLY_JOIN_AFTER_PREMATCH_FEATURE_FREEZE,1.29,5.08,9.17,EXTERNAL_HISTORICAL_MARKET_BENCHMARK,NOT_AVAILABLE,NOT_GOLDBET,b71f36011850862676bd596434555c85d738f645cd3b85d52e84e13c24cd5a7a
e84adcbb71847343ad4ed524,Primeira Liga,2025/2026,HOLDOUT,2026-02-16,20:15,MATCH_KICKOFF_TIME_TIMEZONE_NOT_STATED_BY_SOURCE,,NOT_VERIFIED_DO_NOT_INFER,Rio Ave,Moreirense,1,2,A,EVALUATION_ONLY_JOIN_AFTER_PREMATCH_FEATURE_FREEZE,3.31,3.12,2.18,EXTERNAL_HISTORICAL_MARKET_BENCHMARK,NOT_AVAILABLE,NOT_GOLDBET,b0082030b19682dd357a5747bf58734d94ef329071256640f9ed6ec55fc71886
309a959bb369fbc52ecc27d0,Primeira Liga,2025/2026,HOLDOUT,2026-02-20,20:45,MATCH_KICKOFF_TIME_TIMEZONE_NOT_STATED_BY_SOURCE,,NOT_VERIFIED_DO_NOT_INFER,Estrela,Tondela,0,2,A,EVALUATION_ONLY_JOIN_AFTER_PREMATCH_FEATURE_FREEZE,2.73,2.97,2.65,EXTERNAL_HISTORICAL_MARKET_BENCHMARK,NOT_AVAILABLE,NOT_GOLDBET,c1e696ff286a3bb20ba9ba6285b14f38e50abb6df0dc5809b6b09b3f38b88931
de6c0d926ce04321ae74be41,Primeira Liga,2025/2026,HOLDOUT,2026-02-21,15:30,MATCH_KICKOFF_TIME_TIMEZONE_NOT_STATED_BY_SOURCE,,NOT_VERIFIED_DO_NOT_INFER,Alverca,Santa Clara,1,1,D,EVALUATION_ONLY_JOIN_AFTER_PREMATCH_FEATURE_FREEZE,3.06,2.92,2.42,EXTERNAL_HISTORICAL_MARKET_BENCHMARK,NOT_AVAILABLE,NOT_GOLDBET,cf29ab53949f4c72ce0e91890eabad36d8204c01b5d7470f3244ac1825310ae1
992b56033ebc4acf598ac710,Primeira Liga,2025/2026,HOLDOUT,2026-02-21,15:30,MATCH_KICKOFF_TIME_TIMEZONE_NOT_STATED_BY_SOURCE,,NOT_VERIFIED_DO_NOT_INFER,Arouca,Nacional,3,0,H,EVALUATION_ONLY_JOIN_AFTER_PREMATCH_FEATURE_FREEZE,2.15,3.28,3.22,EXTERNAL_HISTORICAL_MARKET_BENCHMARK,NOT_AVAILABLE,NOT_GOLDBET,389808c7b5c27a7b2a997bede184a6d96c45437bd0482a37f3ea2370a856eb86
65c5b891b20b8cd167b20488,Primeira Liga,2025/2026,HOLDOUT,2026-02-21,18:00,MATCH_KICKOFF_TIME_TIMEZONE_NOT_STATED_BY_SOURCE,,NOT_VERIFIED_DO_NOT_INFER,Benfica,AVS,3,0,H,EVALUATION_ONLY_JOIN_AFTER_PREMATCH_FEATURE_FREEZE,1.09,8.9,20.34,EXTERNAL_HISTORICAL_MARKET_BENCHMARK,NOT_AVAILABLE,NOT_GOLDBET,05126776afde506330d1d388d36b5e992a15129c79d954f0347dd916dfe7e359
c0552b46ee583a20ecc71372,Primeira Liga,2025/2026,HOLDOUT,2026-02-21,18:00,MATCH_KICKOFF_TIME_TIMEZONE_NOT_STATED_BY_SOURCE,,NOT_VERIFIED_DO_NOT_INFER,Moreirense,Sp Lisbon,0,3,A,EVALUATION_ONLY_JOIN_AFTER_PREMATCH_FEATURE_FREEZE,11.09,5.67,1.23,EXTERNAL_HISTORICAL_MARKET_BENCHMARK,NOT_AVAILABLE,NOT_GOLDBET,56cc3487662cc066bf583464223e7ef7074242707b2f55f085bcd8c334cb2abd
14e1c438d00f2ff60fcd0f27,Primeira Liga,2025/2026,HOLDOUT,2026-02-21,20:30,MATCH_KICKOFF_TIME_TIMEZONE_NOT_STATED_BY_SOURCE,,NOT_VERIFIED_DO_NOT_INFER,Sp Braga,Guimaraes,3,2,H,EVALUATION_ONLY_JOIN_AFTER_PREMATCH_FEATURE_FREEZE,1.49,3.98,6.31,EXTERNAL_HISTORICAL_MARKET_BENCHMARK,NOT_AVAILABLE,NOT_GOLDBET,37b107310f84abc9b2a219de1ab34cb24cb84a87fa7a807f582c04e832e5bde3
21513618087ebeecaa35abf1,Primeira Liga,2025/2026,HOLDOUT,2026-02-22,18:00,MATCH_KICKOFF_TIME_TIMEZONE_NOT_STATED_BY_SOURCE,,NOT_VERIFIED_DO_NOT_INFER,Estoril,Gil Vicente,3,1,H,EVALUATION_ONLY_JOIN_AFTER_PREMATCH_FEATURE_FREEZE,3.04,3.34,2.22,EXTERNAL_HISTORICAL_MARKET_BENCHMARK,NOT_AVAILABLE,NOT_GOLDBET,20af0f87d609a3e612dbc82d6c55dfc026dfeaf231a1acc8b49fb3b1cab65170
40bf72f777f0e2accd8b7869,Primeira Liga,2025/2026,HOLDOUT,2026-02-22,20:30,MATCH_KICKOFF_TIME_TIMEZONE_NOT_STATED_BY_SOURCE,,NOT_VERIFIED_DO_NOT_INFER,Porto,Rio Ave,1,0,H,EVALUATION_ONLY_JOIN_AFTER_PREMATCH_FEATURE_FREEZE,1.11,8.05,18.53,EXTERNAL_HISTORICAL_MARKET_BENCHMARK,NOT_AVAILABLE,NOT_GOLDBET,2e15dbe7b457614fc3f9852b5b985bd0950f0c31c463e9a3dc777ff1b38c38ba
f8a2049baf328ca2092124de,Primeira Liga,2025/2026,HOLDOUT,2026-02-23,20:15,MATCH_KICKOFF_TIME_TIMEZONE_NOT_STATED_BY_SOURCE,,NOT_VERIFIED_DO_NOT_INFER,Famalicao,Casa Pia,2,0,H,EVALUATION_ONLY_JOIN_AFTER_PREMATCH_FEATURE_FREEZE,1.53,3.84,6.01,EXTERNAL_HISTORICAL_MARKET_BENCHMARK,NOT_AVAILABLE,NOT_GOLDBET,54252929c27bafedb57d421bc16adcf427c21602da1da163b24e8f9764c8df36
610c1a90e4c95e191217760e,Primeira Liga,2025/2026,HOLDOUT,2026-02-27,18:45,MATCH_KICKOFF_TIME_TIMEZONE_NOT_STATED_BY_SOURCE,,NOT_VERIFIED_DO_NOT_INFER,Porto,Arouca,3,1,H,EVALUATION_ONLY_JOIN_AFTER_PREMATCH_FEATURE_FREEZE,1.2,6.07,12.58,EXTERNAL_HISTORICAL_MARKET_BENCHMARK,NOT_AVAILABLE,NOT_GOLDBET,ba7bfedbd43ddd52e181be81bb187c60ace2c1eff01de88280482cbb878426aa
f646b65a2159593cdc5d4ca3,Primeira Liga,2025/2026,HOLDOUT,2026-02-27,20:45,MATCH_KICKOFF_TIME_TIMEZONE_NOT_STATED_BY_SOURCE,,NOT_VERIFIED_DO_NOT_INFER,Sp Lisbon,Estoril,3,0,H,EVALUATION_ONLY_JOIN_AFTER_PREMATCH_FEATURE_FREEZE,1.17,7.11,11.58,EXTERNAL_HISTORICAL_MARKET_BENCHMARK,NOT_AVAILABLE,NOT_GOLDBET,7fe7ee82ce3f4790bbdab970274a333c6cd48b3e495597e2ef86ff0d57954c5a
870d742817a5360016eb3810,Primeira Liga,2025/2026,HOLDOUT,2026-02-28,15:30,MATCH_KICKOFF_TIME_TIMEZONE_NOT_STATED_BY_SOURCE,,NOT_VERIFIED_DO_NOT_INFER,AVS,Estrela,0,0,D,EVALUATION_ONLY_JOIN_AFTER_PREMATCH_FEATURE_FREEZE,2.72,3.21,2.47,EXTERNAL_HISTORICAL_MARKET_BENCHMARK,NOT_AVAILABLE,NOT_GOLDBET,eced7926859958b3844d89725c9de554879a51b4daedb9af0900957a767f922e
fe343c2e4698fc0bc029a301,Primeira Liga,2025/2026,HOLDOUT,2026-02-28,18:00,MATCH_KICKOFF_TIME_TIMEZONE_NOT_STATED_BY_SOURCE,,NOT_VERIFIED_DO_NOT_INFER,Nacional,Sp Braga,1,2,A,EVALUATION_ONLY_JOIN_AFTER_PREMATCH_FEATURE_FREEZE,5.84,4.19,1.49,EXTERNAL_HISTORICAL_MARKET_BENCHMARK,NOT_AVAILABLE,NOT_GOLDBET,c09b1a1912eec52443cbcc38295f4c79c77f036e6a365e9f06f00c16f0c0884b
0b97670aa7995846251181a2,Primeira Liga,2025/2026,HOLDOUT,2026-02-28,20:30,MATCH_KICKOFF_TIME_TIMEZONE_NOT_STATED_BY_SOURCE,,NOT_VERIFIED_DO_NOT_INFER,Guimaraes,Alverca,1,1,D,EVALUATION_ONLY_JOIN_AFTER_PREMATCH_FEATURE_FREEZE,1.72,3.52,4.6,EXTERNAL_HISTORICAL_MARKET_BENCHMARK,NOT_AVAILABLE,NOT_GOLDBET,2f1f04615c194ba2df1e04121379c8680ffb171c19069ca45ca573000d480628
64a4186efe450e0706f2c738,Primeira Liga,2025/2026,HOLDOUT,2026-03-01,15:30,MATCH_KICKOFF_TIME_TIMEZONE_NOT_STATED_BY_SOURCE,,NOT_VERIFIED_DO_NOT_INFER,Tondela,Santa Clara,2,2,D,EVALUATION_ONLY_JOIN_AFTER_PREMATCH_FEATURE_FREEZE,3.05,2.84,2.48,EXTERNAL_HISTORICAL_MARKET_BENCHMARK,NOT_AVAILABLE,NOT_GOLDBET,acb2c4c945ff98c1352cda9bba6f5d51bbf3d55f9f464bb914696471cf6f5f25
50dc76e24c3b5e6013f2c945,Primeira Liga,2025/2026,HOLDOUT,2026-03-01,18:00,MATCH_KICKOFF_TIME_TIMEZONE_NOT_STATED_BY_SOURCE,,NOT_VERIFIED_DO_NOT_INFER,Casa Pia,Moreirense,1,1,D,EVALUATION_ONLY_JOIN_AFTER_PREMATCH_FEATURE_FREEZE,2.68,2.9,2.75,EXTERNAL_HISTORICAL_MARKET_BENCHMARK,NOT_AVAILABLE,NOT_GOLDBET,8d9c75222811713ace07aaf36029eb2df44a729356e5c1cc0e31a29ba1cb747d
a8f47225233df1414a4f2e84,Primeira Liga,2025/2026,HOLDOUT,2026-03-01,20:30,MATCH_KICKOFF_TIME_TIMEZONE_NOT_STATED_BY_SOURCE,,NOT_VERIFIED_DO_NOT_INFER,Rio Ave,Famalicao,0,0,D,EVALUATION_ONLY_JOIN_AFTER_PREMATCH_FEATURE_FREEZE,3.9,3.6,1.82,EXTERNAL_HISTORICAL_MARKET_BENCHMARK,NOT_AVAILABLE,NOT_GOLDBET,2ffd49b06ac2d6e375c31ccb38671123bd543510f023bdfbca8236dad43aa1bd
f532873a463d072641ca8442,Primeira Liga,2025/2026,HOLDOUT,2026-03-02,20:15,MATCH_KICKOFF_TIME_TIMEZONE_NOT_STATED_BY_SOURCE,,NOT_VERIFIED_DO_NOT_INFER,Gil Vicente,Benfica,1,2,A,EVALUATION_ONLY_JOIN_AFTER_PREMATCH_FEATURE_FREEZE,5.71,3.91,1.54,EXTERNAL_HISTORICAL_MARKET_BENCHMARK,NOT_AVAILABLE,NOT_GOLDBET,bc7086d2ed7fd0164b3ef9a3a1cd77d3d8197fc6c4d2459728c6ae41cf07036b
f3c725359f577de17887d33d,Primeira Liga,2025/2026,HOLDOUT,2026-03-06,20:15,MATCH_KICKOFF_TIME_TIMEZONE_NOT_STATED_BY_SOURCE,,NOT_VERIFIED_DO_NOT_INFER,Famalicao,Arouca,1,0,H,EVALUATION_ONLY_JOIN_AFTER_PREMATCH_FEATURE_FREEZE,1.63,3.74,4.97,EXTERNAL_HISTORICAL_MARKET_BENCHMARK,NOT_AVAILABLE,NOT_GOLDBET,e6b450e76535b82d33a6b7fa34967514f8ebfe4300479b68a0fe90a4b59cd725
f1151da48af3ceaa1adb3d9d,Primeira Liga,2025/2026,HOLDOUT,2026-03-07,15:30,MATCH_KICKOFF_TIME_TIMEZONE_NOT_STATED_BY_SOURCE,,NOT_VERIFIED_DO_NOT_INFER,Alverca,AVS,0,0,D,EVALUATION_ONLY_JOIN_AFTER_PREMATCH_FEATURE_FREEZE,1.64,3.71,4.93,EXTERNAL_HISTORICAL_MARKET_BENCHMARK,NOT_AVAILABLE,NOT_GOLDBET,0ad6ecfe9a6d560efcb9afcb1cbfdb0691bae45e230846dbc76c86ad51580416
8b862062521a2d5a366b6c01,Primeira Liga,2025/2026,HOLDOUT,2026-03-07,15:30,MATCH_KICKOFF_TIME_TIMEZONE_NOT_STATED_BY_SOURCE,,NOT_VERIFIED_DO_NOT_INFER,Moreirense,Nacional,1,1,D,EVALUATION_ONLY_JOIN_AFTER_PREMATCH_FEATURE_FREEZE,2.45,3.1,2.86,EXTERNAL_HISTORICAL_MARKET_BENCHMARK,NOT_AVAILABLE,NOT_GOLDBET,2b5c5d745fb90f0d139ea2f926364c891dba3dc09adca4263a7026bc068bb634
5fabd89f38f4a11f31ce5f36,Primeira Liga,2025/2026,HOLDOUT,2026-03-07,18:00,MATCH_KICKOFF_TIME_TIMEZONE_NOT_STATED_BY_SOURCE,,NOT_VERIFIED_DO_NOT_INFER,Sp Braga,Sp Lisbon,2,2,D,EVALUATION_ONLY_JOIN_AFTER_PREMATCH_FEATURE_FREEZE,3.58,3.43,1.96,EXTERNAL_HISTORICAL_MARKET_BENCHMARK,NOT_AVAILABLE,NOT_GOLDBET,a3df938c110b5c8e8a0a27b90a8b90e8e285d6435cd559fc8bccca83c00e9f26
be6179f2c4818f862d156662,Primeira Liga,2025/2026,HOLDOUT,2026-03-07,20:30,MATCH_KICKOFF_TIME_TIMEZONE_NOT_STATED_BY_SOURCE,,NOT_VERIFIED_DO_NOT_INFER,Estoril,Casa Pia,0,0,D,EVALUATION_ONLY_JOIN_AFTER_PREMATCH_FEATURE_FREEZE,1.69,3.73,4.43,EXTERNAL_HISTORICAL_MARKET_BENCHMARK,NOT_AVAILABLE,NOT_GOLDBET,61de7bbe1b7313e9808501888847b5accd20ff79ff47d20f2474af1482139e11
7e091583a857f31200b1dabc,Primeira Liga,2025/2026,HOLDOUT,2026-03-08,15:30,MATCH_KICKOFF_TIME_TIMEZONE_NOT_STATED_BY_SOURCE,,NOT_VERIFIED_DO_NOT_INFER,Estrela,Gil Vicente,2,2,D,EVALUATION_ONLY_JOIN_AFTER_PREMATCH_FEATURE_FREEZE,4.02,3.27,1.9,EXTERNAL_HISTORICAL_MARKET_BENCHMARK,NOT_AVAILABLE,NOT_GOLDBET,60991e19336b534e72a71e911b98fa0824fcdb98d9e52426370f2143e23720fc
1c2af9908c62150baa73bc20,Primeira Liga,2025/2026,HOLDOUT,2026-03-08,18:00,MATCH_KICKOFF_TIME_TIMEZONE_NOT_STATED_BY_SOURCE,,NOT_VERIFIED_DO_NOT_INFER,Benfica,Porto,2,2,D,EVALUATION_ONLY_JOIN_AFTER_PREMATCH_FEATURE_FREEZE,1.93,3.14,4.05,EXTERNAL_HISTORICAL_MARKET_BENCHMARK,NOT_AVAILABLE,NOT_GOLDBET,b4962a6261cf90b979fb6f3a743a5c85ef6234a6ab096cca87814c31fc7b136c
07faf9426e8858b201063143,Primeira Liga,2025/2026,HOLDOUT,2026-03-08,20:30,MATCH_KICKOFF_TIME_TIMEZONE_NOT_STATED_BY_SOURCE,,NOT_VERIFIED_DO_NOT_INFER,Santa Clara,Guimaraes,2,0,H,EVALUATION_ONLY_JOIN_AFTER_PREMATCH_FEATURE_FREEZE,2.41,2.99,3.01,EXTERNAL_HISTORICAL_MARKET_BENCHMARK,NOT_AVAILABLE,NOT_GOLDBET,4d1a67dd7c2d30ca2f8a27fbbcd801641f56b29ec1ffb6e34b3583b627215661
5721afb1a2d5a4d03e80f718,Primeira Liga,2025/2026,HOLDOUT,2026-03-09,20:15,MATCH_KICKOFF_TIME_TIMEZONE_NOT_STATED_BY_SOURCE,,NOT_VERIFIED_DO_NOT_INFER,Tondela,Rio Ave,0,1,A,EVALUATION_ONLY_JOIN_AFTER_PREMATCH_FEATURE_FREEZE,2.07,3.24,3.44,EXTERNAL_HISTORICAL_MARKET_BENCHMARK,NOT_AVAILABLE,NOT_GOLDBET,b58c9467fe69acd368a52096eb435875a6e7a6088921c6d8b00509042dfe2236
98024a4592a5606b8d9ed477,Primeira Liga,2025/2026,HOLDOUT,2026-03-14,15:30,MATCH_KICKOFF_TIME_TIMEZONE_NOT_STATED_BY_SOURCE,,NOT_VERIFIED_DO_NOT_INFER,Guimaraes,Famalicao,1,2,A,EVALUATION_ONLY_JOIN_AFTER_PREMATCH_FEATURE_FREEZE,2.42,3.2,2.79,EXTERNAL_HISTORICAL_MARKET_BENCHMARK,NOT_AVAILABLE,NOT_GOLDBET,11016ec431ebabdc146fecdd91b7748af3f6ae42e719a56da1333aa05ee8e77a
32ec15aaca5683484d6d7250,Primeira Liga,2025/2026,HOLDOUT,2026-03-14,18:00,MATCH_KICKOFF_TIME_TIMEZONE_NOT_STATED_BY_SOURCE,,NOT_VERIFIED_DO_NOT_INFER,Gil Vicente,Alverca,2,2,D,EVALUATION_ONLY_JOIN_AFTER_PREMATCH_FEATURE_FREEZE,1.68,3.48,5.01,EXTERNAL_HISTORICAL_MARKET_BENCHMARK,NOT_AVAILABLE,NOT_GOLDBET,d506995709c65ccc22e767f4ad87fdb07453f22f642a6404f0e9770850f5be33
2eef827890f9d2308f1c27b3,Primeira Liga,2025/2026,HOLDOUT,2026-03-14,20:30,MATCH_KICKOFF_TIME_TIMEZONE_NOT_STATED_BY_SOURCE,,NOT_VERIFIED_DO_NOT_INFER,Arouca,Benfica,1,2,A,EVALUATION_ONLY_JOIN_AFTER_PREMATCH_FEATURE_FREEZE,8.93,5.45,1.28,EXTERNAL_HISTORICAL_MARKET_BENCHMARK,NOT_AVAILABLE,NOT_GOLDBET,d57dd90d0e1188ce833671bc96d2916b075d2fe0c5afbd577a43204346cbdee5
4141140fb39aa10a60dc8fb4,Primeira Liga,2025/2026,HOLDOUT,2026-03-15,15:30,MATCH_KICKOFF_TIME_TIMEZONE_NOT_STATED_BY_SOURCE,,NOT_VERIFIED_DO_NOT_INFER,AVS,Santa Clara,0,1,A,EVALUATION_ONLY_JOIN_AFTER_PREMATCH_FEATURE_FREEZE,4.37,3.26,1.83,EXTERNAL_HISTORICAL_MARKET_BENCHMARK,NOT_AVAILABLE,NOT_GOLDBET,08ee15e4e93d4aeef83fa1ca084b254ca69d347e82224fe101e4f4499fe965fd
40c2f75dde94dae3e93918d0,Primeira Liga,2025/2026,HOLDOUT,2026-03-15,15:30,MATCH_KICKOFF_TIME_TIMEZONE_NOT_STATED_BY_SOURCE,,NOT_VERIFIED_DO_NOT_INFER,Nacional,Estoril,0,1,A,EVALUATION_ONLY_JOIN_AFTER_PREMATCH_FEATURE_FREEZE,2.27,3.53,2.79,EXTERNAL_HISTORICAL_MARKET_BENCHMARK,NOT_AVAILABLE,NOT_GOLDBET,e819b0d1434e26e5677ca0a79d1e53f1e8bc6cfe26c329cc643f9af61c58291a
71b12bc14b0197450f1be516,Primeira Liga,2025/2026,HOLDOUT,2026-03-15,18:00,MATCH_KICKOFF_TIME_TIMEZONE_NOT_STATED_BY_SOURCE,,NOT_VERIFIED_DO_NOT_INFER,Rio Ave,Estrela,2,1,H,EVALUATION_ONLY_JOIN_AFTER_PREMATCH_FEATURE_FREEZE,2.27,3.19,3.08,EXTERNAL_HISTORICAL_MARKET_BENCHMARK,NOT_AVAILABLE,NOT_GOLDBET,03a1106a33f8f04d348976f9612f3181a463affabf85252cb06000a99dde4a7d
031b8d90c2db794a9517410a,Primeira Liga,2025/2026,HOLDOUT,2026-03-15,20:30,MATCH_KICKOFF_TIME_TIMEZONE_NOT_STATED_BY_SOURCE,,NOT_VERIFIED_DO_NOT_INFER,Porto,Moreirense,3,0,H,EVALUATION_ONLY_JOIN_AFTER_PREMATCH_FEATURE_FREEZE,1.19,6.04,14.34,EXTERNAL_HISTORICAL_MARKET_BENCHMARK,NOT_AVAILABLE,NOT_GOLDBET,d3abff4737b39a35304a8ccadfcabb41f5966d7836877f51a8c1a8801ba9c815
312045070844a5bdb1a56414,Primeira Liga,2025/2026,HOLDOUT,2026-03-20,20:15,MATCH_KICKOFF_TIME_TIMEZONE_NOT_STATED_BY_SOURCE,,NOT_VERIFIED_DO_NOT_INFER,Estrela,Casa Pia,4,0,H,EVALUATION_ONLY_JOIN_AFTER_PREMATCH_FEATURE_FREEZE,2.5,3.04,2.84,EXTERNAL_HISTORICAL_MARKET_BENCHMARK,NOT_AVAILABLE,NOT_GOLDBET,4216009d89786143e9d1b695f8fd3415074af81d552844a641752623823a409d
4e0e6286b6eb5edbaf4e0f78,Primeira Liga,2025/2026,HOLDOUT,2026-03-21,15:30,MATCH_KICKOFF_TIME_TIMEZONE_NOT_STATED_BY_SOURCE,,NOT_VERIFIED_DO_NOT_INFER,Famalicao,Nacional,1,0,H,EVALUATION_ONLY_JOIN_AFTER_PREMATCH_FEATURE_FREEZE,1.55,4.03,5.3,EXTERNAL_HISTORICAL_MARKET_BENCHMARK,NOT_AVAILABLE,NOT_GOLDBET,61ba82a623889db079ea08d6ba43c6f12ef370ad2fc013242c50bcf3f5cbbee6
b09f89f127747d5440de1917,Primeira Liga,2025/2026,HOLDOUT,2026-03-21,15:30,MATCH_KICKOFF_TIME_TIMEZONE_NOT_STATED_BY_SOURCE,,NOT_VERIFIED_DO_NOT_INFER,Moreirense,Arouca,0,1,A,EVALUATION_ONLY_JOIN_AFTER_PREMATCH_FEATURE_FREEZE,2.65,3.14,2.6,EXTERNAL_HISTORICAL_MARKET_BENCHMARK,NOT_AVAILABLE,NOT_GOLDBET,9a44e73e76d8348aeb90d12e015df843100eda02492d423684310093e2c10b82
18ca2916950910e15bd25b94,Primeira Liga,2025/2026,HOLDOUT,2026-03-21,18:00,MATCH_KICKOFF_TIME_TIMEZONE_NOT_STATED_BY_SOURCE,,NOT_VERIFIED_DO_NOT_INFER,Benfica,Guimaraes,3,0,H,EVALUATION_ONLY_JOIN_AFTER_PREMATCH_FEATURE_FREEZE,1.18,6.58,12.04,EXTERNAL_HISTORICAL_MARKET_BENCHMARK,NOT_AVAILABLE,NOT_GOLDBET,ad7d6885390c68e5dee908887c589b52e7f8d1ff07b889bda4cf847746aa0fb9
8ce0b28620303a82b634bb30,Primeira Liga,2025/2026,HOLDOUT,2026-03-21,18:00,MATCH_KICKOFF_TIME_TIMEZONE_NOT_STATED_BY_SOURCE,,NOT_VERIFIED_DO_NOT_INFER,Santa Clara,Gil Vicente,1,0,H,EVALUATION_ONLY_JOIN_AFTER_PREMATCH_FEATURE_FREEZE,2.31,2.91,3.26,EXTERNAL_HISTORICAL_MARKET_BENCHMARK,NOT_AVAILABLE,NOT_GOLDBET,2b5b837bdec083b1442d6a6f6fc36cea0a38072138d910a430193a5d98e82461
949de9c7897f4df7c5ab07f5,Primeira Liga,2025/2026,HOLDOUT,2026-03-21,20:30,MATCH_KICKOFF_TIME_TIMEZONE_NOT_STATED_BY_SOURCE,,NOT_VERIFIED_DO_NOT_INFER,Tondela,AVS,0,0,D,EVALUATION_ONLY_JOIN_AFTER_PREMATCH_FEATURE_FREEZE,1.8,3.32,4.44,EXTERNAL_HISTORICAL_MARKET_BENCHMARK,NOT_AVAILABLE,NOT_GOLDBET,0188ef5d1cc6ffede09160a9cf9401dcbc8c67c7a40f2e8cc7f03e5278ec4081
91407402f0df9e64adf5624c,Primeira Liga,2025/2026,HOLDOUT,2026-03-22,15:30,MATCH_KICKOFF_TIME_TIMEZONE_NOT_STATED_BY_SOURCE,,NOT_VERIFIED_DO_NOT_INFER,Estoril,Rio Ave,1,2,A,EVALUATION_ONLY_JOIN_AFTER_PREMATCH_FEATURE_FREEZE,1.69,3.85,4.31,EXTERNAL_HISTORICAL_MARKET_BENCHMARK,NOT_AVAILABLE,NOT_GOLDBET,5ebac99ccbea2e32bd6d31b87aed7456b8976e14a10c08b3b19b6faeeef6e518
225a8d82f0615f1186d2ab74,Primeira Liga,2025/2026,HOLDOUT,2026-03-22,18:00,MATCH_KICKOFF_TIME_TIMEZONE_NOT_STATED_BY_SOURCE,,NOT_VERIFIED_DO_NOT_INFER,Alverca,Sp Lisbon,1,4,A,EVALUATION_ONLY_JOIN_AFTER_PREMATCH_FEATURE_FREEZE,9.65,5.6,1.24,EXTERNAL_HISTORICAL_MARKET_BENCHMARK,NOT_AVAILABLE,NOT_GOLDBET,18b9f0d805a23b5f561cb18e5c52a612cfd0ccfc3b77a11b6e55d6c82557da95
57566352a0d36d871504b987,Primeira Liga,2025/2026,HOLDOUT,2026-03-22,20:30,MATCH_KICKOFF_TIME_TIMEZONE_NOT_STATED_BY_SOURCE,,NOT_VERIFIED_DO_NOT_INFER,Sp Braga,Porto,1,2,A,EVALUATION_ONLY_JOIN_AFTER_PREMATCH_FEATURE_FREEZE,3.08,3.13,2.29,EXTERNAL_HISTORICAL_MARKET_BENCHMARK,NOT_AVAILABLE,NOT_GOLDBET,64122d019522d37084c7c79aa94d5cf598641d6f39b95ddd144937014422ad52
5cf3569505cf714f8c872cf1,Primeira Liga,2025/2026,HOLDOUT,2026-04-03,15:30,MATCH_KICKOFF_TIME_TIMEZONE_NOT_STATED_BY_SOURCE,,NOT_VERIFIED_DO_NOT_INFER,Gil Vicente,AVS,3,0,H,EVALUATION_ONLY_JOIN_AFTER_PREMATCH_FEATURE_FREEZE,1.36,4.42,8.25,EXTERNAL_HISTORICAL_MARKET_BENCHMARK,NOT_AVAILABLE,NOT_GOLDBET,c41b0df028560b6c08f3ca3bce02d7dc1261e2e5e337fa4e483a34fb671646a2
73caee1bde628152691c37d3,Primeira Liga,2025/2026,HOLDOUT,2026-04-03,18:00,MATCH_KICKOFF_TIME_TIMEZONE_NOT_STATED_BY_SOURCE,,NOT_VERIFIED_DO_NOT_INFER,Guimaraes,Tondela,5,0,H,EVALUATION_ONLY_JOIN_AFTER_PREMATCH_FEATURE_FREEZE,1.83,3.43,4.08,EXTERNAL_HISTORICAL_MARKET_BENCHMARK,NOT_AVAILABLE,NOT_GOLDBET,c3cdb13a1da6ca3ca139b41b2320bd0bd86a43ab4539501a0c43558500719fab
13bd55c7186e186c6c32738e,Primeira Liga,2025/2026,HOLDOUT,2026-04-03,20:30,MATCH_KICKOFF_TIME_TIMEZONE_NOT_STATED_BY_SOURCE,,NOT_VERIFIED_DO_NOT_INFER,Sp Lisbon,Santa Clara,4,2,H,EVALUATION_ONLY_JOIN_AFTER_PREMATCH_FEATURE_FREEZE,1.32,4.74,8.73,EXTERNAL_HISTORICAL_MARKET_BENCHMARK,NOT_AVAILABLE,NOT_GOLDBET,dacaabe5fc03e7b72e9b2a36dae899096a37114fa147c8a894d7ccf7ac7a326a
2a91595dbca3c3c59a7dcca8,Primeira Liga,2025/2026,HOLDOUT,2026-04-04,15:30,MATCH_KICKOFF_TIME_TIMEZONE_NOT_STATED_BY_SOURCE,,NOT_VERIFIED_DO_NOT_INFER,Nacional,Estrela,2,0,H,EVALUATION_ONLY_JOIN_AFTER_PREMATCH_FEATURE_FREEZE,1.82,3.56,4,EXTERNAL_HISTORICAL_MARKET_BENCHMARK,NOT_AVAILABLE,NOT_GOLDBET,91d2ff92d49425e11164b6ab7772af9c2265502c1a6b72ada5ccf426a7d42335
3f4a5d554e1b18d147e3b4ea,Primeira Liga,2025/2026,HOLDOUT,2026-04-04,18:00,MATCH_KICKOFF_TIME_TIMEZONE_NOT_STATED_BY_SOURCE,,NOT_VERIFIED_DO_NOT_INFER,Moreirense,Sp Braga,0,1,A,EVALUATION_ONLY_JOIN_AFTER_PREMATCH_FEATURE_FREEZE,6.57,3.93,1.48,EXTERNAL_HISTORICAL_MARKET_BENCHMARK,NOT_AVAILABLE,NOT_GOLDBET,097addd90c2d8949bd981a559b25aa924801ff7e1fa28d72ab053f39667a223c
717871c9286c6be519a9cbaf,Primeira Liga,2025/2026,HOLDOUT,2026-04-04,18:00,MATCH_KICKOFF_TIME_TIMEZONE_NOT_STATED_BY_SOURCE,,NOT_VERIFIED_DO_NOT_INFER,Rio Ave,Alverca,1,2,A,EVALUATION_ONLY_JOIN_AFTER_PREMATCH_FEATURE_FREEZE,2.69,3.2,2.52,EXTERNAL_HISTORICAL_MARKET_BENCHMARK,NOT_AVAILABLE,NOT_GOLDBET,eba403902cc5babdd6624d5a7a86f71c228cfd4b1a448a4a67ae67e1739677a9
714c37b365a878b255df65d3,Primeira Liga,2025/2026,HOLDOUT,2026-04-04,20:30,MATCH_KICKOFF_TIME_TIMEZONE_NOT_STATED_BY_SOURCE,,NOT_VERIFIED_DO_NOT_INFER,Porto,Famalicao,2,2,D,EVALUATION_ONLY_JOIN_AFTER_PREMATCH_FEATURE_FREEZE,1.38,4.42,7.67,EXTERNAL_HISTORICAL_MARKET_BENCHMARK,NOT_AVAILABLE,NOT_GOLDBET,6313fa5ca1cd77295366cd5c9d117707f35a1df72c969d757a9cfe7c3269f2b4
6952a8fb46951beac2f840cf,Primeira Liga,2025/2026,HOLDOUT,2026-04-06,18:45,MATCH_KICKOFF_TIME_TIMEZONE_NOT_STATED_BY_SOURCE,,NOT_VERIFIED_DO_NOT_INFER,Arouca,Estoril,3,2,H,EVALUATION_ONLY_JOIN_AFTER_PREMATCH_FEATURE_FREEZE,2.34,3.51,2.71,EXTERNAL_HISTORICAL_MARKET_BENCHMARK,NOT_AVAILABLE,NOT_GOLDBET,39c8a2cc340cc7844401de8d94a6fb53018e4978489ff3cda25848125ddd4777
32f3e130aed0b63a21117007,Primeira Liga,2025/2026,HOLDOUT,2026-04-06,20:45,MATCH_KICKOFF_TIME_TIMEZONE_NOT_STATED_BY_SOURCE,,NOT_VERIFIED_DO_NOT_INFER,Casa Pia,Benfica,1,1,D,EVALUATION_ONLY_JOIN_AFTER_PREMATCH_FEATURE_FREEZE,13,6.24,1.18,EXTERNAL_HISTORICAL_MARKET_BENCHMARK,NOT_AVAILABLE,NOT_GOLDBET,68914d39b5c2e98e064a2ef12d060cfebb91d55134c10f80b11148cd207daa76
3df9cea2959fd9fca352c073,Primeira Liga,2025/2026,HOLDOUT,2026-04-10,20:45,MATCH_KICKOFF_TIME_TIMEZONE_NOT_STATED_BY_SOURCE,,NOT_VERIFIED_DO_NOT_INFER,Famalicao,Moreirense,1,1,D,EVALUATION_ONLY_JOIN_AFTER_PREMATCH_FEATURE_FREEZE,1.45,4.1,6.69,EXTERNAL_HISTORICAL_MARKET_BENCHMARK,NOT_AVAILABLE,NOT_GOLDBET,b6f0695519af7f8043ddc3c3948e4e4614292acbb6383c28a75873a0baed22b1
bf42c4e0e10fd4a94b8ea5b4,Primeira Liga,2025/2026,HOLDOUT,2026-04-11,15:30,MATCH_KICKOFF_TIME_TIMEZONE_NOT_STATED_BY_SOURCE,,NOT_VERIFIED_DO_NOT_INFER,AVS,Guimaraes,1,1,D,EVALUATION_ONLY_JOIN_AFTER_PREMATCH_FEATURE_FREEZE,5.42,3.8,1.58,EXTERNAL_HISTORICAL_MARKET_BENCHMARK,NOT_AVAILABLE,NOT_GOLDBET,42165e8d8bc38c54d56159ecc1c6634f4f1c06b67d0a9b6b82c0e2381379c850
b773a708750b87df8eddce4b,Primeira Liga,2025/2026,HOLDOUT,2026-04-11,18:00,MATCH_KICKOFF_TIME_TIMEZONE_NOT_STATED_BY_SOURCE,,NOT_VERIFIED_DO_NOT_INFER,Santa Clara,Rio Ave,0,2,A,EVALUATION_ONLY_JOIN_AFTER_PREMATCH_FEATURE_FREEZE,1.72,3.44,4.74,EXTERNAL_HISTORICAL_MARKET_BENCHMARK,NOT_AVAILABLE,NOT_GOLDBET,3b49938c4430cdb9e1347e2d4b89161f25cfa73e6e6fbefe3aea4efb69e5480f
1e3b93ae87e6775243f5e87d,Primeira Liga,2025/2026,HOLDOUT,2026-04-11,20:30,MATCH_KICKOFF_TIME_TIMEZONE_NOT_STATED_BY_SOURCE,,NOT_VERIFIED_DO_NOT_INFER,Estrela,Sp Lisbon,0,1,A,EVALUATION_ONLY_JOIN_AFTER_PREMATCH_FEATURE_FREEZE,10.78,6.14,1.21,EXTERNAL_HISTORICAL_MARKET_BENCHMARK,NOT_AVAILABLE,NOT_GOLDBET,f473b06ac16936e6472ed715f4b1a9d52f2eb6bc5a50eab7fbf9d4c9a2d1b985
126c63d7cb90d426b01418c6,Primeira Liga,2025/2026,HOLDOUT,2026-04-12,15:30,MATCH_KICKOFF_TIME_TIMEZONE_NOT_STATED_BY_SOURCE,,NOT_VERIFIED_DO_NOT_INFER,Alverca,Casa Pia,3,1,H,EVALUATION_ONLY_JOIN_AFTER_PREMATCH_FEATURE_FREEZE,1.9,3.29,3.96,EXTERNAL_HISTORICAL_MARKET_BENCHMARK,NOT_AVAILABLE,NOT_GOLDBET,2a652bba414d4ac1ad7af3d0614db5e63052ad3cddc968626c72b2b730e65611
6e9a3c011c75dea3db025b2e,Primeira Liga,2025/2026,HOLDOUT,2026-04-12,18:00,MATCH_KICKOFF_TIME_TIMEZONE_NOT_STATED_BY_SOURCE,,NOT_VERIFIED_DO_NOT_INFER,Benfica,Nacional,2,0,H,EVALUATION_ONLY_JOIN_AFTER_PREMATCH_FEATURE_FREEZE,1.14,7.2,14.29,EXTERNAL_HISTORICAL_MARKET_BENCHMARK,NOT_AVAILABLE,NOT_GOLDBET,270106fccb428e7812d52f6b80e7c7aaf27bc40ed8dae225270d7e01875fffeb
b185dca109092cb2ef776ec1,Primeira Liga,2025/2026,HOLDOUT,2026-04-12,18:00,MATCH_KICKOFF_TIME_TIMEZONE_NOT_STATED_BY_SOURCE,,NOT_VERIFIED_DO_NOT_INFER,Sp Braga,Arouca,1,0,H,EVALUATION_ONLY_JOIN_AFTER_PREMATCH_FEATURE_FREEZE,1.42,4.35,6.76,EXTERNAL_HISTORICAL_MARKET_BENCHMARK,NOT_AVAILABLE,NOT_GOLDBET,bbd42722ca35fe57042f6a74aff92e878d865812c5bb917eb328f640b63a852e
f71f3fc20afb3ece8bc8fba6,Primeira Liga,2025/2026,HOLDOUT,2026-04-12,20:30,MATCH_KICKOFF_TIME_TIMEZONE_NOT_STATED_BY_SOURCE,,NOT_VERIFIED_DO_NOT_INFER,Estoril,Porto,1,3,A,EVALUATION_ONLY_JOIN_AFTER_PREMATCH_FEATURE_FREEZE,6.68,4.61,1.4,EXTERNAL_HISTORICAL_MARKET_BENCHMARK,NOT_AVAILABLE,NOT_GOLDBET,13014f45f4c69be00bdc6ed784c4345341a3d4cf958ea6aa89f1bd90a0ef872f
a4e869753359c903c5857e2d,Primeira Liga,2025/2026,HOLDOUT,2026-04-13,20:15,MATCH_KICKOFF_TIME_TIMEZONE_NOT_STATED_BY_SOURCE,,NOT_VERIFIED_DO_NOT_INFER,Tondela,Gil Vicente,2,2,D,EVALUATION_ONLY_JOIN_AFTER_PREMATCH_FEATURE_FREEZE,4.04,3.29,1.88,EXTERNAL_HISTORICAL_MARKET_BENCHMARK,NOT_AVAILABLE,NOT_GOLDBET,987764a88a3a63d64d78273e92f1edc0e48c72a25a96968efcf8f48ed6278190
75e48db884e3ea33e1454828,Primeira Liga,2025/2026,HOLDOUT,2026-04-17,20:45,MATCH_KICKOFF_TIME_TIMEZONE_NOT_STATED_BY_SOURCE,,NOT_VERIFIED_DO_NOT_INFER,Rio Ave,AVS,2,2,D,EVALUATION_ONLY_JOIN_AFTER_PREMATCH_FEATURE_FREEZE,1.66,3.72,4.73,EXTERNAL_HISTORICAL_MARKET_BENCHMARK,NOT_AVAILABLE,NOT_GOLDBET,4130ff9df582a0954641cf02726487a366a9ba843a9fd1bdd2445c2bc013a53a
b616c20eae10f0ef71760bd6,Primeira Liga,2025/2026,HOLDOUT,2026-04-18,15:30,MATCH_KICKOFF_TIME_TIMEZONE_NOT_STATED_BY_SOURCE,,NOT_VERIFIED_DO_NOT_INFER,Nacional,Alverca,1,0,H,EVALUATION_ONLY_JOIN_AFTER_PREMATCH_FEATURE_FREEZE,2.15,3.42,3.09,EXTERNAL_HISTORICAL_MARKET_BENCHMARK,NOT_AVAILABLE,NOT_GOLDBET,b272318e6be2e06cc158ab4e9893d166c71f8f3a2460d21060fa5e114245ca6d
0d929581546a24d8e9c1899e,Primeira Liga,2025/2026,HOLDOUT,2026-04-18,18:00,MATCH_KICKOFF_TIME_TIMEZONE_NOT_STATED_BY_SOURCE,,NOT_VERIFIED_DO_NOT_INFER,Casa Pia,Santa Clara,0,0,D,EVALUATION_ONLY_JOIN_AFTER_PREMATCH_FEATURE_FREEZE,3.43,2.97,2.2,EXTERNAL_HISTORICAL_MARKET_BENCHMARK,NOT_AVAILABLE,NOT_GOLDBET,9dab5d9eacc0911032fac3b95f16a58a97ad667f15c7b45cc2e6e06aaebeb0e7
94d8990ccf85d4bc0789402c,Primeira Liga,2025/2026,HOLDOUT,2026-04-18,20:30,MATCH_KICKOFF_TIME_TIMEZONE_NOT_STATED_BY_SOURCE,,NOT_VERIFIED_DO_NOT_INFER,Gil Vicente,Guimaraes,0,1,A,EVALUATION_ONLY_JOIN_AFTER_PREMATCH_FEATURE_FREEZE,1.98,3.28,3.69,EXTERNAL_HISTORICAL_MARKET_BENCHMARK,NOT_AVAILABLE,NOT_GOLDBET,660ac8c38df4937c58cc980019a4adf57f004192ebd4ac36bf2470ff89aec48f
8373352fd5af31cde366ad4a,Primeira Liga,2025/2026,HOLDOUT,2026-04-19,15:30,MATCH_KICKOFF_TIME_TIMEZONE_NOT_STATED_BY_SOURCE,,NOT_VERIFIED_DO_NOT_INFER,Arouca,Estrela,1,0,H,EVALUATION_ONLY_JOIN_AFTER_PREMATCH_FEATURE_FREEZE,2.14,3.04,3.47,EXTERNAL_HISTORICAL_MARKET_BENCHMARK,NOT_AVAILABLE,NOT_GOLDBET,1fb3249ba9fba0e0993372aaa7a7955a6abeb9e3838dd58e3c0dcf852565d55b
c56869e356229b7ec1ac21ee,Primeira Liga,2025/2026,HOLDOUT,2026-04-19,18:15,MATCH_KICKOFF_TIME_TIMEZONE_NOT_STATED_BY_SOURCE,,NOT_VERIFIED_DO_NOT_INFER,Sp Lisbon,Benfica,1,2,A,EVALUATION_ONLY_JOIN_AFTER_PREMATCH_FEATURE_FREEZE,1.96,3.49,3.52,EXTERNAL_HISTORICAL_MARKET_BENCHMARK,NOT_AVAILABLE,NOT_GOLDBET,892137697ea8f5c39cc8b91a61c6c77b2157845c75c2d40ddb7cf4058bbefd5c
14bf2b0e4adcd897ab580d4c,Primeira Liga,2025/2026,HOLDOUT,2026-04-19,20:30,MATCH_KICKOFF_TIME_TIMEZONE_NOT_STATED_BY_SOURCE,,NOT_VERIFIED_DO_NOT_INFER,Porto,Tondela,2,0,H,EVALUATION_ONLY_JOIN_AFTER_PREMATCH_FEATURE_FREEZE,1.14,6.9,17.04,EXTERNAL_HISTORICAL_MARKET_BENCHMARK,NOT_AVAILABLE,NOT_GOLDBET,9e84a188078acaa9f094b31f07ab78faaa10822f91521ed73b6bcfe001bc2615
cc0f208fbdd491b260bf2783,Primeira Liga,2025/2026,HOLDOUT,2026-04-19,20:30,MATCH_KICKOFF_TIME_TIMEZONE_NOT_STATED_BY_SOURCE,,NOT_VERIFIED_DO_NOT_INFER,Sp Braga,Famalicao,2,2,D,EVALUATION_ONLY_JOIN_AFTER_PREMATCH_FEATURE_FREEZE,1.85,3.47,3.94,EXTERNAL_HISTORICAL_MARKET_BENCHMARK,NOT_AVAILABLE,NOT_GOLDBET,0c240e5d2479dc42dc2da2eebf2b12a3a34d38fd854f398fe1a8d8d83fd5446b
ecba7541dfadffe296904ac7,Primeira Liga,2025/2026,HOLDOUT,2026-04-20,20:15,MATCH_KICKOFF_TIME_TIMEZONE_NOT_STATED_BY_SOURCE,,NOT_VERIFIED_DO_NOT_INFER,Moreirense,Estoril,1,0,H,EVALUATION_ONLY_JOIN_AFTER_PREMATCH_FEATURE_FREEZE,2.68,3.35,2.43,EXTERNAL_HISTORICAL_MARKET_BENCHMARK,NOT_AVAILABLE,NOT_GOLDBET,b49c4ceb75ba322c07ca0a494d9292f863b14cdbb2a5f75692deba99ca302a26
0f9df7f27458ec2b63654f7a,Primeira Liga,2025/2026,HOLDOUT,2026-04-23,19:00,MATCH_KICKOFF_TIME_TIMEZONE_NOT_STATED_BY_SOURCE,,NOT_VERIFIED_DO_NOT_INFER,Casa Pia,Sp Braga,0,1,A,EVALUATION_ONLY_JOIN_AFTER_PREMATCH_FEATURE_FREEZE,5.36,3.7,1.59,EXTERNAL_HISTORICAL_MARKET_BENCHMARK,NOT_AVAILABLE,NOT_GOLDBET,602c7ddc7c636da8e9098b01d80d75a19660378d3a89d291f44cfea4cefbb4c2
884aa5656e8414442509b559,Primeira Liga,2025/2026,HOLDOUT,2026-04-24,20:15,MATCH_KICKOFF_TIME_TIMEZONE_NOT_STATED_BY_SOURCE,,NOT_VERIFIED_DO_NOT_INFER,Alverca,Arouca,2,1,H,EVALUATION_ONLY_JOIN_AFTER_PREMATCH_FEATURE_FREEZE,2.14,3.33,3.16,EXTERNAL_HISTORICAL_MARKET_BENCHMARK,NOT_AVAILABLE,NOT_GOLDBET,b26d0c85af8085a17458275640c0b7bef9a4086c7087d879b27d9bde589c7fd7
930d6d07207f93a0f66e8140,Primeira Liga,2025/2026,HOLDOUT,2026-04-25,15:30,MATCH_KICKOFF_TIME_TIMEZONE_NOT_STATED_BY_SOURCE,,NOT_VERIFIED_DO_NOT_INFER,Tondela,Nacional,0,2,A,EVALUATION_ONLY_JOIN_AFTER_PREMATCH_FEATURE_FREEZE,2.65,3.28,2.46,EXTERNAL_HISTORICAL_MARKET_BENCHMARK,NOT_AVAILABLE,NOT_GOLDBET,ddc4a5320d2d1c51c5406a97f7a040504520ea51af521fe965f6a40b0a5c6e5d
e4aba972dadf263cf7cc929d,Primeira Liga,2025/2026,HOLDOUT,2026-04-25,18:00,MATCH_KICKOFF_TIME_TIMEZONE_NOT_STATED_BY_SOURCE,,NOT_VERIFIED_DO_NOT_INFER,Benfica,Moreirense,4,1,H,EVALUATION_ONLY_JOIN_AFTER_PREMATCH_FEATURE_FREEZE,1.1,8.8,19.59,EXTERNAL_HISTORICAL_MARKET_BENCHMARK,NOT_AVAILABLE,NOT_GOLDBET,164fa640919f0e5c6d642d2f027d83391c93da2cfb4fead4a6f611edbdb08a9f
c593b5cc005ca28e912f5266,Primeira Liga,2025/2026,HOLDOUT,2026-04-25,20:30,MATCH_KICKOFF_TIME_TIMEZONE_NOT_STATED_BY_SOURCE,,NOT_VERIFIED_DO_NOT_INFER,Guimaraes,Rio Ave,2,0,H,EVALUATION_ONLY_JOIN_AFTER_PREMATCH_FEATURE_FREEZE,1.68,3.57,4.82,EXTERNAL_HISTORICAL_MARKET_BENCHMARK,NOT_AVAILABLE,NOT_GOLDBET,b663a712b489861e739846bdbeae43219c2081af8c1efb828341e50d2fd1fc6f
f1cac25016367e5a9ac1ac9a,Primeira Liga,2025/2026,HOLDOUT,2026-04-26,15:30,MATCH_KICKOFF_TIME_TIMEZONE_NOT_STATED_BY_SOURCE,,NOT_VERIFIED_DO_NOT_INFER,Estoril,Famalicao,0,1,A,EVALUATION_ONLY_JOIN_AFTER_PREMATCH_FEATURE_FREEZE,3.86,3.79,1.79,EXTERNAL_HISTORICAL_MARKET_BENCHMARK,NOT_AVAILABLE,NOT_GOLDBET,442935dad0600ee45f952b96d1ca9c07a9f41970c001830841958793ea93b71d
5243de1c19c59e3c13649380,Primeira Liga,2025/2026,HOLDOUT,2026-04-26,18:00,MATCH_KICKOFF_TIME_TIMEZONE_NOT_STATED_BY_SOURCE,,NOT_VERIFIED_DO_NOT_INFER,Estrela,Porto,1,2,A,EVALUATION_ONLY_JOIN_AFTER_PREMATCH_FEATURE_FREEZE,9.68,5.04,1.28,EXTERNAL_HISTORICAL_MARKET_BENCHMARK,NOT_AVAILABLE,NOT_GOLDBET,9ceb91d6c66f87fe9bd3892f8dbf79ea9cda3b3157c84d09989947c28c95df3b
3dc239c336a6419f8178145f,Primeira Liga,2025/2026,HOLDOUT,2026-04-26,18:00,MATCH_KICKOFF_TIME_TIMEZONE_NOT_STATED_BY_SOURCE,,NOT_VERIFIED_DO_NOT_INFER,Santa Clara,Sp Braga,2,1,H,EVALUATION_ONLY_JOIN_AFTER_PREMATCH_FEATURE_FREEZE,2.53,2.99,2.8,EXTERNAL_HISTORICAL_MARKET_BENCHMARK,NOT_AVAILABLE,NOT_GOLDBET,6fc16cfc66f6e4e7f8c143d3c0e42e806ceccf85593ec527b7f03f421e1eaed6
802e86ce08debb632394182d,Primeira Liga,2025/2026,HOLDOUT,2026-04-26,20:30,MATCH_KICKOFF_TIME_TIMEZONE_NOT_STATED_BY_SOURCE,,NOT_VERIFIED_DO_NOT_INFER,AVS,Sp Lisbon,1,1,D,EVALUATION_ONLY_JOIN_AFTER_PREMATCH_FEATURE_FREEZE,14.34,8.09,1.13,EXTERNAL_HISTORICAL_MARKET_BENCHMARK,NOT_AVAILABLE,NOT_GOLDBET,c9986bb4a26cbc3237ac9df97510804725282116b06e75b65c1c387978330697
9fa491be5d4b792fc2eddc5c,Primeira Liga,2025/2026,HOLDOUT,2026-04-27,20:15,MATCH_KICKOFF_TIME_TIMEZONE_NOT_STATED_BY_SOURCE,,NOT_VERIFIED_DO_NOT_INFER,Gil Vicente,Casa Pia,2,1,H,EVALUATION_ONLY_JOIN_AFTER_PREMATCH_FEATURE_FREEZE,1.73,3.46,4.64,EXTERNAL_HISTORICAL_MARKET_BENCHMARK,NOT_AVAILABLE,NOT_GOLDBET,39e7e8db741bd89ed0b203ccf778241958a5637ee96d3a3a2eb20ee2b7574d14
a828d23f2284f5e7ce083cc9,Primeira Liga,2025/2026,HOLDOUT,2026-04-29,20:15,MATCH_KICKOFF_TIME_TIMEZONE_NOT_STATED_BY_SOURCE,,NOT_VERIFIED_DO_NOT_INFER,Sp Lisbon,Tondela,2,2,D,EVALUATION_ONLY_JOIN_AFTER_PREMATCH_FEATURE_FREEZE,1.08,9.55,19.55,EXTERNAL_HISTORICAL_MARKET_BENCHMARK,NOT_AVAILABLE,NOT_GOLDBET,cdf5ed95142628166c447b6b8b9d2a53ef85c359a3508231b08e89c6ae34c65b
9a892a0457466cefab75ff13,Primeira Liga,2025/2026,HOLDOUT,2026-05-02,15:30,MATCH_KICKOFF_TIME_TIMEZONE_NOT_STATED_BY_SOURCE,,NOT_VERIFIED_DO_NOT_INFER,Arouca,Santa Clara,2,2,D,EVALUATION_ONLY_JOIN_AFTER_PREMATCH_FEATURE_FREEZE,2.69,3,2.64,EXTERNAL_HISTORICAL_MARKET_BENCHMARK,NOT_AVAILABLE,NOT_GOLDBET,c6b5ce6233a79b25ce008764ff0093d39bff7ab2b950ed3f1bc392eff5a51690
f42ea1c8e117796922ab18fd,Primeira Liga,2025/2026,HOLDOUT,2026-05-02,15:30,MATCH_KICKOFF_TIME_TIMEZONE_NOT_STATED_BY_SOURCE,,NOT_VERIFIED_DO_NOT_INFER,Moreirense,Estrela,3,2,H,EVALUATION_ONLY_JOIN_AFTER_PREMATCH_FEATURE_FREEZE,2.97,3.07,2.37,EXTERNAL_HISTORICAL_MARKET_BENCHMARK,NOT_AVAILABLE,NOT_GOLDBET,6807088cfd3221948e69ace42e5317e768aa9bb162f23f3445925782242c3244
9aa9fcecc66436ffe4882965,Primeira Liga,2025/2026,HOLDOUT,2026-05-02,15:30,MATCH_KICKOFF_TIME_TIMEZONE_NOT_STATED_BY_SOURCE,,NOT_VERIFIED_DO_NOT_INFER,Nacional,AVS,1,2,A,EVALUATION_ONLY_JOIN_AFTER_PREMATCH_FEATURE_FREEZE,1.46,4.31,5.83,EXTERNAL_HISTORICAL_MARKET_BENCHMARK,NOT_AVAILABLE,NOT_GOLDBET,31094e963a6bae6ab706a0d9e957e153af45534ae515b7d9f1738569a918b390
7cdbfc44ffe7b4f6f7503fc5,Primeira Liga,2025/2026,HOLDOUT,2026-05-02,18:00,MATCH_KICKOFF_TIME_TIMEZONE_NOT_STATED_BY_SOURCE,,NOT_VERIFIED_DO_NOT_INFER,Famalicao,Benfica,2,2,D,EVALUATION_ONLY_JOIN_AFTER_PREMATCH_FEATURE_FREEZE,5.07,3.94,1.58,EXTERNAL_HISTORICAL_MARKET_BENCHMARK,NOT_AVAILABLE,NOT_GOLDBET,29b4a3d2cd242a867fe5d29d6e04d9e7fab1b867d5dbfc9f8864979e9704a250
38ee609a1913a8ccd393c81e,Primeira Liga,2025/2026,HOLDOUT,2026-05-02,20:30,MATCH_KICKOFF_TIME_TIMEZONE_NOT_STATED_BY_SOURCE,,NOT_VERIFIED_DO_NOT_INFER,Porto,Alverca,1,0,H,EVALUATION_ONLY_JOIN_AFTER_PREMATCH_FEATURE_FREEZE,1.16,6.67,14.31,EXTERNAL_HISTORICAL_MARKET_BENCHMARK,NOT_AVAILABLE,NOT_GOLDBET,93e2623734d92b89047bd41cc97fc3c6b161b2be2aca118206f75434ec28cce1
199efd182d9ad4617c9aed25,Primeira Liga,2025/2026,HOLDOUT,2026-05-03,15:30,MATCH_KICKOFF_TIME_TIMEZONE_NOT_STATED_BY_SOURCE,,NOT_VERIFIED_DO_NOT_INFER,Casa Pia,Tondela,0,1,A,EVALUATION_ONLY_JOIN_AFTER_PREMATCH_FEATURE_FREEZE,2.27,3.1,3.1,EXTERNAL_HISTORICAL_MARKET_BENCHMARK,NOT_AVAILABLE,NOT_GOLDBET,11750556d53d8758f968ed234e20920765c696679414cbd1536d6ba94b5309c2
0ac5363b74c3a6a7f8b8a75f,Primeira Liga,2025/2026,HOLDOUT,2026-05-03,18:00,MATCH_KICKOFF_TIME_TIMEZONE_NOT_STATED_BY_SOURCE,,NOT_VERIFIED_DO_NOT_INFER,Sp Braga,Estoril,1,1,D,EVALUATION_ONLY_JOIN_AFTER_PREMATCH_FEATURE_FREEZE,1.55,4.09,5.2,EXTERNAL_HISTORICAL_MARKET_BENCHMARK,NOT_AVAILABLE,NOT_GOLDBET,1d44d1ae7377594f421e4861968b1c9678196984000238d20cb2b44b28c90514
ed64fde72fa8fb7ab8fae3bc,Primeira Liga,2025/2026,HOLDOUT,2026-05-03,20:30,MATCH_KICKOFF_TIME_TIMEZONE_NOT_STATED_BY_SOURCE,,NOT_VERIFIED_DO_NOT_INFER,Rio Ave,Gil Vicente,0,0,D,EVALUATION_ONLY_JOIN_AFTER_PREMATCH_FEATURE_FREEZE,3.95,3.51,1.82,EXTERNAL_HISTORICAL_MARKET_BENCHMARK,NOT_AVAILABLE,NOT_GOLDBET,0320968bb8a4d07b0c249cab1deb13ed6a5b85426cb16ace0c80f34cf8bb3bff
305cb43768d9d56d255417cd,Primeira Liga,2025/2026,HOLDOUT,2026-05-04,20:15,MATCH_KICKOFF_TIME_TIMEZONE_NOT_STATED_BY_SOURCE,,NOT_VERIFIED_DO_NOT_INFER,Sp Lisbon,Guimaraes,5,1,H,EVALUATION_ONLY_JOIN_AFTER_PREMATCH_FEATURE_FREEZE,1.25,5.79,9.25,EXTERNAL_HISTORICAL_MARKET_BENCHMARK,NOT_AVAILABLE,NOT_GOLDBET,b6d75ae91132f8d16848873bcc7480b719e98e79e70be43da6340270431079ae
53daed670bd6cc4433bd7534,Primeira Liga,2025/2026,HOLDOUT,2026-05-10,18:00,MATCH_KICKOFF_TIME_TIMEZONE_NOT_STATED_BY_SOURCE,,NOT_VERIFIED_DO_NOT_INFER,AVS,Porto,3,1,H,EVALUATION_ONLY_JOIN_AFTER_PREMATCH_FEATURE_FREEZE,8.67,5.24,1.29,EXTERNAL_HISTORICAL_MARKET_BENCHMARK,NOT_AVAILABLE,NOT_GOLDBET,261b78fbe80f4b940c38f38d74775a50fda879aa47b8dbce5a141e1f16ed6273
2d38fb655f00686d5f9f6b01,Primeira Liga,2025/2026,HOLDOUT,2026-05-10,20:30,MATCH_KICKOFF_TIME_TIMEZONE_NOT_STATED_BY_SOURCE,,NOT_VERIFIED_DO_NOT_INFER,Alverca,Estoril,1,1,D,EVALUATION_ONLY_JOIN_AFTER_PREMATCH_FEATURE_FREEZE,2.5,3.5,2.52,EXTERNAL_HISTORICAL_MARKET_BENCHMARK,NOT_AVAILABLE,NOT_GOLDBET,7ddb7e7673af9f091d8755e8ea0cb47fe7b3da93b0e88971716bb2d10723c351
a0d4391d6c6ba4c0831895d4,Primeira Liga,2025/2026,HOLDOUT,2026-05-11,20:15,MATCH_KICKOFF_TIME_TIMEZONE_NOT_STATED_BY_SOURCE,,NOT_VERIFIED_DO_NOT_INFER,Benfica,Sp Braga,2,2,D,EVALUATION_ONLY_JOIN_AFTER_PREMATCH_FEATURE_FREEZE,1.37,4.75,7,EXTERNAL_HISTORICAL_MARKET_BENCHMARK,NOT_AVAILABLE,NOT_GOLDBET,c99584a6a3378cf48f8ba93f74cd214f66f24a7f4dd952ad63654981540655b3
74bdace9f1850fa30b6c9582,Primeira Liga,2025/2026,HOLDOUT,2026-05-11,20:15,MATCH_KICKOFF_TIME_TIMEZONE_NOT_STATED_BY_SOURCE,,NOT_VERIFIED_DO_NOT_INFER,Estrela,Famalicao,0,0,D,EVALUATION_ONLY_JOIN_AFTER_PREMATCH_FEATURE_FREEZE,3.35,3.31,2.08,EXTERNAL_HISTORICAL_MARKET_BENCHMARK,NOT_AVAILABLE,NOT_GOLDBET,85bd15b18f73651eb188463153fb48f3e9ab0b74e88d9c2160eb99943dda5019
c939a13fec60ab753f23cf33,Primeira Liga,2025/2026,HOLDOUT,2026-05-11,20:15,MATCH_KICKOFF_TIME_TIMEZONE_NOT_STATED_BY_SOURCE,,NOT_VERIFIED_DO_NOT_INFER,Gil Vicente,Arouca,1,3,A,EVALUATION_ONLY_JOIN_AFTER_PREMATCH_FEATURE_FREEZE,1.65,3.79,4.72,EXTERNAL_HISTORICAL_MARKET_BENCHMARK,NOT_AVAILABLE,NOT_GOLDBET,48f43103575afc41eeaa81e8e9ccf0cfb5554d3ade5e42b4d6ba304504cb1eb5
33daaf7ba3bd7830e4377257,Primeira Liga,2025/2026,HOLDOUT,2026-05-11,20:15,MATCH_KICKOFF_TIME_TIMEZONE_NOT_STATED_BY_SOURCE,,NOT_VERIFIED_DO_NOT_INFER,Guimaraes,Casa Pia,0,1,A,EVALUATION_ONLY_JOIN_AFTER_PREMATCH_FEATURE_FREEZE,1.7,3.73,4.46,EXTERNAL_HISTORICAL_MARKET_BENCHMARK,NOT_AVAILABLE,NOT_GOLDBET,da22a46af76764b49af2696ec09c4b9ca90e54fdedf71729457ae2d624ea8046
1709f6a0c073806da6e22d6f,Primeira Liga,2025/2026,HOLDOUT,2026-05-11,20:15,MATCH_KICKOFF_TIME_TIMEZONE_NOT_STATED_BY_SOURCE,,NOT_VERIFIED_DO_NOT_INFER,Rio Ave,Sp Lisbon,1,4,A,EVALUATION_ONLY_JOIN_AFTER_PREMATCH_FEATURE_FREEZE,11.38,6.96,1.18,EXTERNAL_HISTORICAL_MARKET_BENCHMARK,NOT_AVAILABLE,NOT_GOLDBET,1ad09d940d68b2d54a52e12ea8532f295cde5e7642e72e301857fd14b630cb4e
4b5473cef7fe3572d5e7bb1f,Primeira Liga,2025/2026,HOLDOUT,2026-05-11,20:15,MATCH_KICKOFF_TIME_TIMEZONE_NOT_STATED_BY_SOURCE,,NOT_VERIFIED_DO_NOT_INFER,Santa Clara,Nacional,2,0,H,EVALUATION_ONLY_JOIN_AFTER_PREMATCH_FEATURE_FREEZE,2.3,3.11,3.06,EXTERNAL_HISTORICAL_MARKET_BENCHMARK,NOT_AVAILABLE,NOT_GOLDBET,ab9c5f32d9dc0f45cd3925f2ca3e41c26373fddef4baa06121a321dac3b4356a
b130b549ac3b3a35c0110844,Primeira Liga,2025/2026,HOLDOUT,2026-05-11,20:15,MATCH_KICKOFF_TIME_TIMEZONE_NOT_STATED_BY_SOURCE,,NOT_VERIFIED_DO_NOT_INFER,Tondela,Moreirense,2,0,H,EVALUATION_ONLY_JOIN_AFTER_PREMATCH_FEATURE_FREEZE,1.89,3.38,3.85,EXTERNAL_HISTORICAL_MARKET_BENCHMARK,NOT_AVAILABLE,NOT_GOLDBET,631a7ca4f1906115eec8a4e91bdd30b4810b2e2d115e97fa636da43a7b4e060c
b0f8b65fdc5a21770eaaf6d9,Primeira Liga,2025/2026,HOLDOUT,2026-05-16,15:30,MATCH_KICKOFF_TIME_TIMEZONE_NOT_STATED_BY_SOURCE,,NOT_VERIFIED_DO_NOT_INFER,Moreirense,AVS,0,0,D,EVALUATION_ONLY_JOIN_AFTER_PREMATCH_FEATURE_FREEZE,2.08,3.38,3.24,EXTERNAL_HISTORICAL_MARKET_BENCHMARK,NOT_AVAILABLE,NOT_GOLDBET,15f4940ba5aa18a5df3671d4943ef75bb3f388dfb2fd6005b39aa47475ff7d28
fa797a59fdc5a85ab71de9f5,Primeira Liga,2025/2026,HOLDOUT,2026-05-16,15:30,MATCH_KICKOFF_TIME_TIMEZONE_NOT_STATED_BY_SOURCE,,NOT_VERIFIED_DO_NOT_INFER,Porto,Santa Clara,1,0,H,EVALUATION_ONLY_JOIN_AFTER_PREMATCH_FEATURE_FREEZE,1.25,5.45,9.81,EXTERNAL_HISTORICAL_MARKET_BENCHMARK,NOT_AVAILABLE,NOT_GOLDBET,3f302e3c6314a211bb4d0f960dc66a4225e65136965ef5566526513ab2ea0cfb
54a0b90ea1ac942d02fef004,Primeira Liga,2025/2026,HOLDOUT,2026-05-16,18:00,MATCH_KICKOFF_TIME_TIMEZONE_NOT_STATED_BY_SOURCE,,NOT_VERIFIED_DO_NOT_INFER,Arouca,Tondela,3,1,H,EVALUATION_ONLY_JOIN_AFTER_PREMATCH_FEATURE_FREEZE,2.97,3.43,2.18,EXTERNAL_HISTORICAL_MARKET_BENCHMARK,NOT_AVAILABLE,NOT_GOLDBET,67d13f576a970cc262e6d0012180c60c9b3b524bb3517c8dac5a9bc47d980c84
d74f32e97d5088b98972eec1,Primeira Liga,2025/2026,HOLDOUT,2026-05-16,18:00,MATCH_KICKOFF_TIME_TIMEZONE_NOT_STATED_BY_SOURCE,,NOT_VERIFIED_DO_NOT_INFER,Casa Pia,Rio Ave,1,1,D,EVALUATION_ONLY_JOIN_AFTER_PREMATCH_FEATURE_FREEZE,1.81,3.51,4.05,EXTERNAL_HISTORICAL_MARKET_BENCHMARK,NOT_AVAILABLE,NOT_GOLDBET,dc0d3402fb5ca9fa311d5dabf8014aa70a69da3610113b628ad6267285b11587
77444d2caeb0e525210df07a,Primeira Liga,2025/2026,HOLDOUT,2026-05-16,18:00,MATCH_KICKOFF_TIME_TIMEZONE_NOT_STATED_BY_SOURCE,,NOT_VERIFIED_DO_NOT_INFER,Nacional,Guimaraes,2,0,H,EVALUATION_ONLY_JOIN_AFTER_PREMATCH_FEATURE_FREEZE,2.06,3.31,3.37,EXTERNAL_HISTORICAL_MARKET_BENCHMARK,NOT_AVAILABLE,NOT_GOLDBET,5f9281bb697b54b9e7cdfb6cd83af4264f04c385f05e83d5c92ce78c7cd84919
7d5a711b9d7b728be724306f,Primeira Liga,2025/2026,HOLDOUT,2026-05-16,18:00,MATCH_KICKOFF_TIME_TIMEZONE_NOT_STATED_BY_SOURCE,,NOT_VERIFIED_DO_NOT_INFER,Sp Braga,Estrela,2,2,D,EVALUATION_ONLY_JOIN_AFTER_PREMATCH_FEATURE_FREEZE,1.66,3.84,4.53,EXTERNAL_HISTORICAL_MARKET_BENCHMARK,NOT_AVAILABLE,NOT_GOLDBET,9d4830ce159119e34a158f118c42a175e95318e6394c934d0ff5115b71e38ada
ad3c0f6a6c510337ea4ab922,Primeira Liga,2025/2026,HOLDOUT,2026-05-16,20:30,MATCH_KICKOFF_TIME_TIMEZONE_NOT_STATED_BY_SOURCE,,NOT_VERIFIED_DO_NOT_INFER,Estoril,Benfica,1,3,A,EVALUATION_ONLY_JOIN_AFTER_PREMATCH_FEATURE_FREEZE,9.97,6.35,1.22,EXTERNAL_HISTORICAL_MARKET_BENCHMARK,NOT_AVAILABLE,NOT_GOLDBET,47b585887d3e62b812267f8b2400bf65443906b2e2d91755643ac0ff5ad83d6a
6c843fd856eb8db3bf2f83a1,Primeira Liga,2025/2026,HOLDOUT,2026-05-16,20:30,MATCH_KICKOFF_TIME_TIMEZONE_NOT_STATED_BY_SOURCE,,NOT_VERIFIED_DO_NOT_INFER,Famalicao,Alverca,1,0,H,EVALUATION_ONLY_JOIN_AFTER_PREMATCH_FEATURE_FREEZE,1.52,4.06,5.61,EXTERNAL_HISTORICAL_MARKET_BENCHMARK,NOT_AVAILABLE,NOT_GOLDBET,2d6b83b6de0756dfb76dd7d5824776853226c618d9a998b7f937d0311ac78bb2
eb938a51031a65c812405bd1,Primeira Liga,2025/2026,HOLDOUT,2026-05-16,20:30,MATCH_KICKOFF_TIME_TIMEZONE_NOT_STATED_BY_SOURCE,,NOT_VERIFIED_DO_NOT_INFER,Sp Lisbon,Gil Vicente,3,0,H,EVALUATION_ONLY_JOIN_AFTER_PREMATCH_FEATURE_FREEZE,1.19,6.86,10.67,EXTERNAL_HISTORICAL_MARKET_BENCHMARK,NOT_AVAILABLE,NOT_GOLDBET,82434b46256124987d6dff512aacce9de683fd4bd2360c48a41fa1bda2fd0962
