fixture_key,competition,season,split,source_date,source_time,source_time_semantics,kickoff_utc,kickoff_utc_status,home_team,away_team,home_goals,away_goals,result,outcome_usage,avg_close_home,avg_close_draw,avg_close_away,close_source_class,open_price_status,goldbet_status,source_row_sha256,home_elo_pre,away_elo_pre,elo_diff,form_ppg_diff,goal_balance_diff,venue_ppg_diff,opponent_elo_diff,home_prior_matches,away_prior_matches,same_date_information_used
3122732de1d486f6832dd98b,Bundesliga,2022/2023,DEVELOPMENT,2022-07-22,19:30,MATCH_KICKOFF_TIME_TIMEZONE_NOT_STATED_BY_SOURCE,,NOT_VERIFIED_DO_NOT_INFER,Salzburg,Austria Vienna,3,0,H,EVALUATION_ONLY_JOIN_AFTER_PREMATCH_FEATURE_FREEZE,1.31,5.47,8.58,EXTERNAL_HISTORICAL_MARKET_BENCHMARK,NOT_AVAILABLE,NOT_GOLDBET,fd18fb5b1bb9a54879e7c320689de85ba76f86350a5a33cc8a1e14c51c47cd63,1500.0,1500.0,0.0,,,,,0,0,False
e4bcd8bf4e9c50cb957db19e,Bundesliga,2022/2023,DEVELOPMENT,2022-07-23,16:00,MATCH_KICKOFF_TIME_TIMEZONE_NOT_STATED_BY_SOURCE,,NOT_VERIFIED_DO_NOT_INFER,LASK,A. Klagenfurt,3,1,H,EVALUATION_ONLY_JOIN_AFTER_PREMATCH_FEATURE_FREEZE,1.43,4.7,6.53,EXTERNAL_HISTORICAL_MARKET_BENCHMARK,NOT_AVAILABLE,NOT_GOLDBET,87dde8e55b093d934afc43a59992b16e6dc4642564e05d5d1de80db8369bb948,1500.0,1500.0,0.0,,,,,0,0,False
d254a0fff9973ba111f38dbe,Bundesliga,2022/2023,DEVELOPMENT,2022-07-23,18:30,MATCH_KICKOFF_TIME_TIMEZONE_NOT_STATED_BY_SOURCE,,NOT_VERIFIED_DO_NOT_INFER,Wolfsberger AC,Sturm Graz,1,1,D,EVALUATION_ONLY_JOIN_AFTER_PREMATCH_FEATURE_FREEZE,2.92,3.5,2.29,EXTERNAL_HISTORICAL_MARKET_BENCHMARK,NOT_AVAILABLE,NOT_GOLDBET,7f5f8021f7137b1c68a3adbfbebdce4f6f633e7e8f7791e71a12911287604d97,1500.0,1500.0,0.0,,,,,0,0,False
bc48d04f73b2256f63b5e9d7,Bundesliga,2022/2023,DEVELOPMENT,2022-07-24,16:00,MATCH_KICKOFF_TIME_TIMEZONE_NOT_STATED_BY_SOURCE,,NOT_VERIFIED_DO_NOT_INFER,A. Lustenau,Tirol,2,1,H,EVALUATION_ONLY_JOIN_AFTER_PREMATCH_FEATURE_FREEZE,2.33,3.64,2.75,EXTERNAL_HISTORICAL_MARKET_BENCHMARK,NOT_AVAILABLE,NOT_GOLDBET,6ba39166930f8b3b70559cb41b8ee1ae9e91d06d85e3a717dfdad62e6f19cc81,1500.0,1500.0,0.0,,,,,0,0,False
e20f960ba0a1c2242b07d889,Bundesliga,2022/2023,DEVELOPMENT,2022-07-24,16:00,MATCH_KICKOFF_TIME_TIMEZONE_NOT_STATED_BY_SOURCE,,NOT_VERIFIED_DO_NOT_INFER,Hartberg,Altach,2,1,H,EVALUATION_ONLY_JOIN_AFTER_PREMATCH_FEATURE_FREEZE,2.13,3.43,3.27,EXTERNAL_HISTORICAL_MARKET_BENCHMARK,NOT_AVAILABLE,NOT_GOLDBET,3c4c4423ae88bb3842742bee786e8cfbc028e71e82527c6fc32e629f8969d6b0,1500.0,1500.0,0.0,,,,,0,0,False
aed1391bf36a494e7eadd2bc,Bundesliga,2022/2023,DEVELOPMENT,2022-07-24,16:00,MATCH_KICKOFF_TIME_TIMEZONE_NOT_STATED_BY_SOURCE,,NOT_VERIFIED_DO_NOT_INFER,SK Rapid,Ried,1,0,H,EVALUATION_ONLY_JOIN_AFTER_PREMATCH_FEATURE_FREEZE,1.79,3.59,4.39,EXTERNAL_HISTORICAL_MARKET_BENCHMARK,NOT_AVAILABLE,NOT_GOLDBET,0928439767505a3ab086b7a1b20fef9b2071a4c61324153286e0c81cd3fe2525,1500.0,1500.0,0.0,,,,,0,0,False
e1076a355a15232109e37833,Bundesliga,2022/2023,DEVELOPMENT,2022-07-30,16:00,MATCH_KICKOFF_TIME_TIMEZONE_NOT_STATED_BY_SOURCE,,NOT_VERIFIED_DO_NOT_INFER,Altach,Wolfsberger AC,2,2,D,EVALUATION_ONLY_JOIN_AFTER_PREMATCH_FEATURE_FREEZE,2.93,3.5,2.28,EXTERNAL_HISTORICAL_MARKET_BENCHMARK,NOT_AVAILABLE,NOT_GOLDBET,c445269812e1f523bb0adbf2adb97de39b3b6ff6e626592aaa07bf27481078bd,1491.7099735734362,1498.2900264265638,-6.580052853127654,-1.0,-1.0,,0.0,1,1,False
729ce8df1d1d3e4fed5a6c7c,Bundesliga,2022/2023,DEVELOPMENT,2022-07-30,16:00,MATCH_KICKOFF_TIME_TIMEZONE_NOT_STATED_BY_SOURCE,,NOT_VERIFIED_DO_NOT_INFER,Ried,A. Lustenau,1,0,H,EVALUATION_ONLY_JOIN_AFTER_PREMATCH_FEATURE_FREEZE,1.98,3.6,3.54,EXTERNAL_HISTORICAL_MARKET_BENCHMARK,NOT_AVAILABLE,NOT_GOLDBET,bbfd1708d517cf2d1d367593ac6302a0469e2f9e33eb704974ac4d5f6b8f3ac8,1491.7099735734362,1508.2900264265638,-16.580052853127654,-3.0,-2.0,,0.0,1,1,False
32e70e7b9f9825d6291d0e14,Bundesliga,2022/2023,DEVELOPMENT,2022-07-30,18:30,MATCH_KICKOFF_TIME_TIMEZONE_NOT_STATED_BY_SOURCE,,NOT_VERIFIED_DO_NOT_INFER,Sturm Graz,Salzburg,2,1,H,EVALUATION_ONLY_JOIN_AFTER_PREMATCH_FEATURE_FREEZE,5.41,4.4,1.53,EXTERNAL_HISTORICAL_MARKET_BENCHMARK,NOT_AVAILABLE,NOT_GOLDBET,4c2fe7c70992a032c054de8070ba6cc5e1e18899160b27e5989dfc477e3544a0,1501.7099735734362,1508.2900264265638,-6.580052853127654,-2.0,-3.0,,0.0,1,1,False
ec57350f741bb1d368870028,Bundesliga,2022/2023,DEVELOPMENT,2022-07-31,16:00,MATCH_KICKOFF_TIME_TIMEZONE_NOT_STATED_BY_SOURCE,,NOT_VERIFIED_DO_NOT_INFER,A. Klagenfurt,SK Rapid,0,1,A,EVALUATION_ONLY_JOIN_AFTER_PREMATCH_FEATURE_FREEZE,2.77,3.6,2.35,EXTERNAL_HISTORICAL_MARKET_BENCHMARK,NOT_AVAILABLE,NOT_GOLDBET,a89ca58207a300bdd58dabebeb88f89864d7f97d2099f76ac20c64c6ac2da5d9,1491.7099735734362,1508.2900264265638,-16.580052853127654,-3.0,-3.0,,0.0,1,1,False
773085924e10cb4ac27491f9,Bundesliga,2022/2023,DEVELOPMENT,2022-07-31,16:00,MATCH_KICKOFF_TIME_TIMEZONE_NOT_STATED_BY_SOURCE,,NOT_VERIFIED_DO_NOT_INFER,Austria Vienna,LASK,1,1,D,EVALUATION_ONLY_JOIN_AFTER_PREMATCH_FEATURE_FREEZE,2.6,3.49,2.53,EXTERNAL_HISTORICAL_MARKET_BENCHMARK,NOT_AVAILABLE,NOT_GOLDBET,5cb5720d44fb155ec0a41e777a6828cc351c7d43e9298f2625bd8ad72f062291,1491.7099735734362,1508.2900264265638,-16.580052853127654,-3.0,-5.0,,0.0,1,1,False
496bc01da234cdedbf9d7900,Bundesliga,2022/2023,DEVELOPMENT,2022-07-31,16:00,MATCH_KICKOFF_TIME_TIMEZONE_NOT_STATED_BY_SOURCE,,NOT_VERIFIED_DO_NOT_INFER,Tirol,Hartberg,2,1,H,EVALUATION_ONLY_JOIN_AFTER_PREMATCH_FEATURE_FREEZE,2.22,3.7,2.91,EXTERNAL_HISTORICAL_MARKET_BENCHMARK,NOT_AVAILABLE,NOT_GOLDBET,5b7c53620e9b382345b3184c5a4d93cc91b503e0a6e6cb54d2d7b99b1aba67e1,1491.7099735734362,1508.2900264265638,-16.580052853127654,-3.0,-2.0,,0.0,1,1,False
6b1e37cbdf52c1b88aa46491,Bundesliga,2022/2023,DEVELOPMENT,2022-08-06,16:00,MATCH_KICKOFF_TIME_TIMEZONE_NOT_STATED_BY_SOURCE,,NOT_VERIFIED_DO_NOT_INFER,Ried,Sturm Graz,1,1,D,EVALUATION_ONLY_JOIN_AFTER_PREMATCH_FEATURE_FREEZE,3.43,3.46,2.07,EXTERNAL_HISTORICAL_MARKET_BENCHMARK,NOT_AVAILABLE,NOT_GOLDBET,34160952cba563867dd4b43da0072a1a168e51b9ba73c2882bd58e45b7866f0d,1500.4667127899224,1510.1844266049966,-9.717713815074148,-0.5,-0.5,2.0,0.0,2,2,False
4f89c95bba47a995c3318a7d,Bundesliga,2022/2023,DEVELOPMENT,2022-08-06,16:00,MATCH_KICKOFF_TIME_TIMEZONE_NOT_STATED_BY_SOURCE,,NOT_VERIFIED_DO_NOT_INFER,Wolfsberger AC,LASK,1,5,A,EVALUATION_ONLY_JOIN_AFTER_PREMATCH_FEATURE_FREEZE,2.61,3.54,2.51,EXTERNAL_HISTORICAL_MARKET_BENCHMARK,NOT_AVAILABLE,NOT_GOLDBET,6bcbae9d57151e1900e24d6e45c25c2f55400cf82f9d632fce929a16002e14dc,1499.8155733950034,1509.5332872100776,-9.717713815074148,-1.0,-1.0,0.0,0.0,2,2,False
7ab25d512511326b15d227eb,Bundesliga,2022/2023,DEVELOPMENT,2022-08-06,18:30,MATCH_KICKOFF_TIME_TIMEZONE_NOT_STATED_BY_SOURCE,,NOT_VERIFIED_DO_NOT_INFER,Hartberg,Salzburg,0,2,A,EVALUATION_ONLY_JOIN_AFTER_PREMATCH_FEATURE_FREEZE,10.32,6.29,1.24,EXTERNAL_HISTORICAL_MARKET_BENCHMARK,NOT_AVAILABLE,NOT_GOLDBET,ca8770ff50bb9ac6afa9abfd55359df13b97f0f11b68e709d893581701bb0950,1499.5332872100776,1499.8155733950034,-0.28228618492585156,0.0,-1.0,3.0,-5.0,2,2,False
437022b192d615e37ce3d1d9,Bundesliga,2022/2023,DEVELOPMENT,2022-08-07,16:00,MATCH_KICKOFF_TIME_TIMEZONE_NOT_STATED_BY_SOURCE,,NOT_VERIFIED_DO_NOT_INFER,Altach,Austria Vienna,3,2,H,EVALUATION_ONLY_JOIN_AFTER_PREMATCH_FEATURE_FREEZE,4.36,3.75,1.76,EXTERNAL_HISTORICAL_MARKET_BENCHMARK,NOT_AVAILABLE,NOT_GOLDBET,d66b77d5ddaf3f6eecdf07aae3b6cd5009c4bb5fd99d01e8fe1f9572fd6520c9,1490.1844266049966,1490.4667127899224,-0.28228618492585156,0.0,1.0,1.0,-5.0,2,2,False
f47a8c5ae2d9e5a3cbb0a0b7,Bundesliga,2022/2023,DEVELOPMENT,2022-08-07,16:00,MATCH_KICKOFF_TIME_TIMEZONE_NOT_STATED_BY_SOURCE,,NOT_VERIFIED_DO_NOT_INFER,SK Rapid,A. Lustenau,1,1,D,EVALUATION_ONLY_JOIN_AFTER_PREMATCH_FEATURE_FREEZE,1.41,4.98,6.4,EXTERNAL_HISTORICAL_MARKET_BENCHMARK,NOT_AVAILABLE,NOT_GOLDBET,4d25b00c4929e693672db8c80c3bd85e495a404b7590a5d91a1bddd33fe4cdc7,1519.5332872100776,1499.5332872100776,20.0,1.5,1.0,3.0,0.0,2,2,False
01f94b3034a864ce5c31a142,Bundesliga,2022/2023,DEVELOPMENT,2022-08-07,16:00,MATCH_KICKOFF_TIME_TIMEZONE_NOT_STATED_BY_SOURCE,,NOT_VERIFIED_DO_NOT_INFER,Tirol,A. Klagenfurt,2,2,D,EVALUATION_ONLY_JOIN_AFTER_PREMATCH_FEATURE_FREEZE,1.9,3.91,3.54,EXTERNAL_HISTORICAL_MARKET_BENCHMARK,NOT_AVAILABLE,NOT_GOLDBET,7ed0b32324ec31468142e3a71ba307f44090ef17679fc52c203c335b9f88e8dc,1500.4667127899224,1480.4667127899224,20.0,1.5,1.5,3.0,0.0,2,2,False
5954496c2638b5335471c8ff,Bundesliga,2022/2023,DEVELOPMENT,2022-08-13,16:00,MATCH_KICKOFF_TIME_TIMEZONE_NOT_STATED_BY_SOURCE,,NOT_VERIFIED_DO_NOT_INFER,A. Klagenfurt,Ried,1,0,H,EVALUATION_ONLY_JOIN_AFTER_PREMATCH_FEATURE_FREEZE,2.05,3.49,3.48,EXTERNAL_HISTORICAL_MARKET_BENCHMARK,NOT_AVAILABLE,NOT_GOLDBET,4f4bc6d63cfad15c90849f146be66043e43b4243fb6384578e57096e59ec224a,1482.7294491929854,1499.0294924917923,-16.30004329880694,-1.0,-1.0,0.0,-3.2392379383577463,3,3,False
f97ea40a03949597f9e8fb7b,Bundesliga,2022/2023,DEVELOPMENT,2022-08-13,16:00,MATCH_KICKOFF_TIME_TIMEZONE_NOT_STATED_BY_SOURCE,,NOT_VERIFIED_DO_NOT_INFER,Austria Vienna,Tirol,2,1,H,EVALUATION_ONLY_JOIN_AFTER_PREMATCH_FEATURE_FREEZE,1.74,4.02,4.19,EXTERNAL_HISTORICAL_MARKET_BENCHMARK,NOT_AVAILABLE,NOT_GOLDBET,ecfb65efbdc0bd63a972a4d789eba62018678cc4501db36b00f10a73a3270851,1482.1687979910055,1498.2039763868595,-16.035178395854018,-1.0,-1.3333333333333333,1.0,3.2392379383579737,3,3,False
ad1d9776e8b14890a751ba05,Bundesliga,2022/2023,DEVELOPMENT,2022-08-13,18:30,MATCH_KICKOFF_TIME_TIMEZONE_NOT_STATED_BY_SOURCE,,NOT_VERIFIED_DO_NOT_INFER,Sturm Graz,Altach,4,0,H,EVALUATION_ONLY_JOIN_AFTER_PREMATCH_FEATURE_FREEZE,1.48,4.43,6.21,EXTERNAL_HISTORICAL_MARKET_BENCHMARK,NOT_AVAILABLE,NOT_GOLDBET,8d4f99696cfcac1d9c50bc32181364d903e97ef20ee6a9910cecb020c591ffef,1511.6216469031267,1498.4823414039136,13.139305499213151,0.3333333333333335,0.3333333333333333,3.0,6.6666666666667425,3,3,False
29d6e2436858ab57b48b206f,Bundesliga,2022/2023,DEVELOPMENT,2022-08-14,16:00,MATCH_KICKOFF_TIME_TIMEZONE_NOT_STATED_BY_SOURCE,,NOT_VERIFIED_DO_NOT_INFER,A. Lustenau,Hartberg,4,1,H,EVALUATION_ONLY_JOIN_AFTER_PREMATCH_FEATURE_FREEZE,2.34,3.51,2.84,EXTERNAL_HISTORICAL_MARKET_BENCHMARK,NOT_AVAILABLE,NOT_GOLDBET,960a8fdaec2884ddfa532872086338f54d7dd2b8208eff323e4f3fc0d1b16692,1501.7960236131405,1487.8312020089945,13.964821604145982,0.33333333333333326,0.6666666666666666,3.0,6.572571271691231,3,3,False
df08f71dd6842ea66cc3edb4,Bundesliga,2022/2023,DEVELOPMENT,2022-08-14,16:00,MATCH_KICKOFF_TIME_TIMEZONE_NOT_STATED_BY_SOURCE,,NOT_VERIFIED_DO_NOT_INFER,LASK,SK Rapid,2,1,H,EVALUATION_ONLY_JOIN_AFTER_PREMATCH_FEATURE_FREEZE,1.64,4.17,4.72,EXTERNAL_HISTORICAL_MARKET_BENCHMARK,NOT_AVAILABLE,NOT_GOLDBET,7cc7f29174387ee0789bc4ae954ac14e5e5da1c5a605d78a7b5d5e0ba862a2c4,1520.9705075082077,1517.2705508070146,3.6999567011930594,0.0,1.3333333333333335,0.0,0.09409539497551123,3,3,False
00f7fdec6671bd1bb05e027d,Bundesliga,2022/2023,DEVELOPMENT,2022-08-14,16:00,MATCH_KICKOFF_TIME_TIMEZONE_NOT_STATED_BY_SOURCE,,NOT_VERIFIED_DO_NOT_INFER,Salzburg,Wolfsberger AC,2,1,H,EVALUATION_ONLY_JOIN_AFTER_PREMATCH_FEATURE_FREEZE,1.22,6.64,10.84,EXTERNAL_HISTORICAL_MARKET_BENCHMARK,NOT_AVAILABLE,NOT_GOLDBET,184cd2e384e37f559ddeb80742ae5ba3159eea38b633cd7188571981e2dae197,1511.5176585960864,1488.3783530968733,23.13930549921315,1.3333333333333335,2.6666666666666665,2.0,0.0,3,3,False
1e48793335a06f96da1596ef,Bundesliga,2022/2023,DEVELOPMENT,2022-08-20,16:00,MATCH_KICKOFF_TIME_TIMEZONE_NOT_STATED_BY_SOURCE,,NOT_VERIFIED_DO_NOT_INFER,Altach,A. Lustenau,1,2,A,EVALUATION_ONLY_JOIN_AFTER_PREMATCH_FEATURE_FREEZE,2.23,3.49,3.05,EXTERNAL_HISTORICAL_MARKET_BENCHMARK,NOT_AVAILABLE,NOT_GOLDBET,52b80fdfa503045bbfe4980d6b6196e0e2d403b74b3ff4ec02e02886cd17c7d2,1490.5569050650663,1509.6987335312745,-19.141828466208153,-0.75,-1.75,1.5,0.3259808317761781,4,4,False
3cf4b18c725b1861a1b5642e,Bundesliga,2022/2023,DEVELOPMENT,2022-08-20,16:00,MATCH_KICKOFF_TIME_TIMEZONE_NOT_STATED_BY_SOURCE,,NOT_VERIFIED_DO_NOT_INFER,Salzburg,A. Klagenfurt,2,0,H,EVALUATION_ONLY_JOIN_AFTER_PREMATCH_FEATURE_FREEZE,1.21,6.82,11.28,EXTERNAL_HISTORICAL_MARKET_BENCHMARK,NOT_AVAILABLE,NOT_GOLDBET,f64fada7df1d45aa24a777fdc00d90664b6b6f1c7b6a525f6d560053b8924e1e,1519.169369191188,1491.4782544560792,27.69111473510884,1.25,1.75,2.5,-4.54115445697289,4,4,False
d6585b7a7f6abe0b6432cc68,Bundesliga,2022/2023,DEVELOPMENT,2022-08-20,18:30,MATCH_KICKOFF_TIME_TIMEZONE_NOT_STATED_BY_SOURCE,,NOT_VERIFIED_DO_NOT_INFER,Sturm Graz,LASK,0,1,A,EVALUATION_ONLY_JOIN_AFTER_PREMATCH_FEATURE_FREEZE,2.38,3.51,2.8,EXTERNAL_HISTORICAL_MARKET_BENCHMARK,NOT_AVAILABLE,NOT_GOLDBET,0102fd599982d5befb91fcd8215fcc0234f3fc4be69b72198ac6e76871d29bfe,1519.547083241974,1529.1573463014222,-9.610263059448243,-0.5,-0.5,1.0,-0.3892542887633681,4,4,False
4bb14bee035c5e71ea4bab7b,Bundesliga,2022/2023,DEVELOPMENT,2022-08-21,16:00,MATCH_KICKOFF_TIME_TIMEZONE_NOT_STATED_BY_SOURCE,,NOT_VERIFIED_DO_NOT_INFER,Ried,Tirol,1,2,A,EVALUATION_ONLY_JOIN_AFTER_PREMATCH_FEATURE_FREEZE,2.67,3.51,2.47,EXTERNAL_HISTORICAL_MARKET_BENCHMARK,NOT_AVAILABLE,NOT_GOLDBET,ae29b9ceee77fd25e8e1cfea5189c3da5e0c58196b349296a99e76918620f912,1490.2806872286985,1489.4626744875075,0.8180127411910689,0.0,0.0,2.0,7.569591254263742,4,4,False
5e41c6803d52bb42677966a9,Bundesliga,2022/2023,DEVELOPMENT,2022-08-21,16:00,MATCH_KICKOFF_TIME_TIMEZONE_NOT_STATED_BY_SOURCE,,NOT_VERIFIED_DO_NOT_INFER,Wolfsberger AC,Austria Vienna,1,2,A,EVALUATION_ONLY_JOIN_AFTER_PREMATCH_FEATURE_FREEZE,2.36,3.39,2.92,EXTERNAL_HISTORICAL_MARKET_BENCHMARK,NOT_AVAILABLE,NOT_GOLDBET,e49e8890a10fe6c12140808da4cc4836f6cd0c417d6d16eec06d4a262d82b344,1480.7266425017717,1490.9100998903575,-10.183457388585794,-0.5,-0.5,0.5,4.020622490294954,4,4,False
308b8b81fcbe4aa48c59c4ae,Bundesliga,2022/2023,DEVELOPMENT,2022-08-27,16:00,MATCH_KICKOFF_TIME_TIMEZONE_NOT_STATED_BY_SOURCE,,NOT_VERIFIED_DO_NOT_INFER,A. Lustenau,Salzburg,0,6,A,EVALUATION_ONLY_JOIN_AFTER_PREMATCH_FEATURE_FREEZE,11.6,7.07,1.2,EXTERNAL_HISTORICAL_MARKET_BENCHMARK,NOT_AVAILABLE,NOT_GOLDBET,42b35e20f6c95960dc1d32b128fa44cc887003072f82949d0c0843a12651b2f0,1520.869334897008,1526.6976794765958,-5.828344579587792,-0.3999999999999999,-0.5999999999999999,1.5,1.7062999042216234,5,5,False
8cc41b69b92748a6b682033c,Bundesliga,2022/2023,DEVELOPMENT,2022-08-27,16:00,MATCH_KICKOFF_TIME_TIMEZONE_NOT_STATED_BY_SOURCE,,NOT_VERIFIED_DO_NOT_INFER,Hartberg,Ried,2,0,H,EVALUATION_ONLY_JOIN_AFTER_PREMATCH_FEATURE_FREEZE,2.27,3.4,3.04,EXTERNAL_HISTORICAL_MARKET_BENCHMARK,NOT_AVAILABLE,NOT_GOLDBET,2ca8b965ab719945406661a91dc39d17cf8a2fcdaca25f40639277e450c9073a,1479.9284920908606,1478.5478670338373,1.3806250570232805,-0.050000000000000044,-0.85,1.5,0.1970773029843258,4,5,False
fa9bedd50c6bd5e273cbd5a9,Bundesliga,2022/2023,DEVELOPMENT,2022-08-27,18:30,MATCH_KICKOFF_TIME_TIMEZONE_NOT_STATED_BY_SOURCE,,NOT_VERIFIED_DO_NOT_INFER,LASK,Altach,4,1,H,EVALUATION_ONLY_JOIN_AFTER_PREMATCH_FEATURE_FREEZE,1.24,6.17,10.98,EXTERNAL_HISTORICAL_MARKET_BENCHMARK,NOT_AVAILABLE,NOT_GOLDBET,ac0788816303fcc4c6995625bc8987c404ed6732f55830009f197af286850a39,1540.5975952636938,1479.3863036993328,61.21129156436109,1.8,2.6,3.0,3.6532122733080996,5,5,False
7cdf18465b30f3cb6fdaafd3,Bundesliga,2022/2023,DEVELOPMENT,2022-08-28,16:00,MATCH_KICKOFF_TIME_TIMEZONE_NOT_STATED_BY_SOURCE,,NOT_VERIFIED_DO_NOT_INFER,A. Klagenfurt,Austria Vienna,3,3,D,EVALUATION_ONLY_JOIN_AFTER_PREMATCH_FEATURE_FREEZE,2.73,3.41,2.47,EXTERNAL_HISTORICAL_MARKET_BENCHMARK,NOT_AVAILABLE,NOT_GOLDBET,3019e7663905f34237b3fff597dbe811e89c2611a0833b27b500a1f7f1601220,1483.9499441706714,1502.33418938657,-18.384245215898545,-0.5999999999999999,-0.4,0.5,9.910105795855088,5,5,False
43542c3d245bbbf4a1b3d672,Bundesliga,2022/2023,DEVELOPMENT,2022-08-28,16:00,MATCH_KICKOFF_TIME_TIMEZONE_NOT_STATED_BY_SOURCE,,NOT_VERIFIED_DO_NOT_INFER,SK Rapid,Sturm Graz,1,2,A,EVALUATION_ONLY_JOIN_AFTER_PREMATCH_FEATURE_FREEZE,2.81,3.42,2.4,EXTERNAL_HISTORICAL_MARKET_BENCHMARK,NOT_AVAILABLE,NOT_GOLDBET,7c44aa5f0e26425892f3a5e23ab73a0f251f4077c1fbb673bcb483fe1888d817,1509.0837120138,1508.1068342797023,0.9768777340977977,0.1499999999999999,-0.55,1.0,-4.225843311433891,4,5,False
9a4d17f2ad93136c23f93c3e,Bundesliga,2022/2023,DEVELOPMENT,2022-08-28,16:00,MATCH_KICKOFF_TIME_TIMEZONE_NOT_STATED_BY_SOURCE,,NOT_VERIFIED_DO_NOT_INFER,Tirol,Wolfsberger AC,1,3,A,EVALUATION_ONLY_JOIN_AFTER_PREMATCH_FEATURE_FREEZE,2.34,3.59,2.8,EXTERNAL_HISTORICAL_MARKET_BENCHMARK,NOT_AVAILABLE,NOT_GOLDBET,a4a399b9d309c221213ab4b91bc2714fc31c013465145f90cb50c0d1fbf3f91c,1501.1954946823687,1469.3025530055593,31.892941676809414,0.9999999999999999,1.2,1.5,-8.49295896675335,5,5,False
b986ba352b85693e7668389b,Bundesliga,2022/2023,DEVELOPMENT,2022-09-03,16:00,MATCH_KICKOFF_TIME_TIMEZONE_NOT_STATED_BY_SOURCE,,NOT_VERIFIED_DO_NOT_INFER,Austria Vienna,A. Lustenau,2,2,D,EVALUATION_ONLY_JOIN_AFTER_PREMATCH_FEATURE_FREEZE,1.46,4.67,5.99,EXTERNAL_HISTORICAL_MARKET_BENCHMARK,NOT_AVAILABLE,NOT_GOLDBET,7c55a7d6fc16501fd1e75625f8889bdbadf3dbeba905eea02d1099c6557521d1,1503.5262914333778,1509.3226625619657,-5.796371128587907,0.20000000000000018,0.8,0.6666666666666667,-10.994806248661462,6,6,False
cbdedbb7f4561b26e2ac915c,Bundesliga,2022/2023,DEVELOPMENT,2022-09-03,16:00,MATCH_KICKOFF_TIME_TIMEZONE_NOT_STATED_BY_SOURCE,,NOT_VERIFIED_DO_NOT_INFER,Salzburg,Tirol,2,0,H,EVALUATION_ONLY_JOIN_AFTER_PREMATCH_FEATURE_FREEZE,1.14,8.25,15.2,EXTERNAL_HISTORICAL_MARKET_BENCHMARK,NOT_AVAILABLE,NOT_GOLDBET,cb7f6ee7832ce455ac5b82c8ba135a7d5c8a9a52a64accc0eecb22e75010cdbd,1538.2443518116381,1488.6105990066067,49.63375280503146,1.0,2.2,2.0,14.29208515834489,6,6,False
7ca62e02f1b1a0becc71893d,Bundesliga,2022/2023,DEVELOPMENT,2022-09-03,16:00,MATCH_KICKOFF_TIME_TIMEZONE_NOT_STATED_BY_SOURCE,,NOT_VERIFIED_DO_NOT_INFER,Sturm Graz,Hartberg,0,0,D,EVALUATION_ONLY_JOIN_AFTER_PREMATCH_FEATURE_FREEZE,1.39,4.99,7.07,EXTERNAL_HISTORICAL_MARKET_BENCHMARK,NOT_AVAILABLE,NOT_GOLDBET,3ea7d571932dcfa360a424e10249a456a34c6352cff54c3ca308569315c67b4a,1519.8440893279658,1488.1799692619563,31.664120066009446,0.8,1.6,2.0,14.722140264040945,6,5,False
0e18d4665164ba9f8604bc00,Bundesliga,2022/2023,DEVELOPMENT,2022-09-04,13:30,MATCH_KICKOFF_TIME_TIMEZONE_NOT_STATED_BY_SOURCE,,NOT_VERIFIED_DO_NOT_INFER,Altach,SK Rapid,0,1,A,EVALUATION_ONLY_JOIN_AFTER_PREMATCH_FEATURE_FREEZE,3.79,3.65,1.9,EXTERNAL_HISTORICAL_MARKET_BENCHMARK,NOT_AVAILABLE,NOT_GOLDBET,cb2a404cfae35e490ee5c3b6a61b3aed694d26fcd1b8ec95b742c2f1e96cfb31,1472.7400706696833,1497.3464569655366,-24.606386295853326,-0.5999999999999999,-1.4,-0.16666666666666674,6.070822468631604,6,5,False
5cad42f08bd4becb7f381af4,Bundesliga,2022/2023,DEVELOPMENT,2022-09-04,13:30,MATCH_KICKOFF_TIME_TIMEZONE_NOT_STATED_BY_SOURCE,,NOT_VERIFIED_DO_NOT_INFER,Wolfsberger AC,A. Klagenfurt,3,4,A,EVALUATION_ONLY_JOIN_AFTER_PREMATCH_FEATURE_FREEZE,2.37,3.48,2.82,EXTERNAL_HISTORICAL_MARKET_BENCHMARK,NOT_AVAILABLE,NOT_GOLDBET,2d33542fee114511407ddca5133545c69301b0692e22da4c01c7eefcf360bef1,1481.8874486813213,1482.7578421238636,-0.8703934425423085,-0.19999999999999996,-0.4,0.0,-4.884655266741902,6,6,False
7e0930718e2ca70efe9b087a,Bundesliga,2022/2023,DEVELOPMENT,2022-09-04,16:00,MATCH_KICKOFF_TIME_TIMEZONE_NOT_STATED_BY_SOURCE,,NOT_VERIFIED_DO_NOT_INFER,LASK,Ried,1,1,D,EVALUATION_ONLY_JOIN_AFTER_PREMATCH_FEATURE_FREEZE,1.35,5.12,7.85,EXTERNAL_HISTORICAL_MARKET_BENCHMARK,NOT_AVAILABLE,NOT_GOLDBET,fd0ec47d415a3c52bd5ed535942841a6e20af3786db29f13db43cb629247e429,1547.2438282933433,1470.2963898627415,76.94743843060178,1.8,2.4,3.0,7.426883182769643,6,6,False
6d9d5dc585bbe224121df059,Bundesliga,2022/2023,DEVELOPMENT,2022-09-10,16:00,MATCH_KICKOFF_TIME_TIMEZONE_NOT_STATED_BY_SOURCE,,NOT_VERIFIED_DO_NOT_INFER,Ried,Salzburg,0,3,A,EVALUATION_ONLY_JOIN_AFTER_PREMATCH_FEATURE_FREEZE,7.16,4.78,1.4,EXTERNAL_HISTORICAL_MARKET_BENCHMARK,NOT_AVAILABLE,NOT_GOLDBET,3e78062c2f02a6f725c808b218bb06eeb2d26d2fc35bfcaaac7f3cf10dff0d4f,1474.0458547400824,1545.1895631293019,-71.14370838921946,-2.6,-3.4000000000000004,-0.6666666666666667,4.135808400609676,7,7,False
dd105c26e392b9d57d5f5784,Bundesliga,2022/2023,DEVELOPMENT,2022-09-10,16:00,MATCH_KICKOFF_TIME_TIMEZONE_NOT_STATED_BY_SOURCE,,NOT_VERIFIED_DO_NOT_INFER,SK Rapid,Wolfsberger AC,1,3,A,EVALUATION_ONLY_JOIN_AFTER_PREMATCH_FEATURE_FREEZE,1.97,3.58,3.59,EXTERNAL_HISTORICAL_MARKET_BENCHMARK,NOT_AVAILABLE,NOT_GOLDBET,d87775e7ee17a556e34cbd066ead50dd46a0d3724fd9b6f4bdf451f355cebdd7,1508.3616576671036,1470.2018048954408,38.15985277166283,0.7999999999999999,1.0,0.0,-0.57074185232932,6,7,False
5bf0318bddf64fb30e8ab2a7,Bundesliga,2022/2023,DEVELOPMENT,2022-09-10,16:00,MATCH_KICKOFF_TIME_TIMEZONE_NOT_STATED_BY_SOURCE,,NOT_VERIFIED_DO_NOT_INFER,Tirol,Altach,0,0,D,EVALUATION_ONLY_JOIN_AFTER_PREMATCH_FEATURE_FREEZE,1.86,3.77,3.82,EXTERNAL_HISTORICAL_MARKET_BENCHMARK,NOT_AVAILABLE,NOT_GOLDBET,baeba1057c16d07b09ea5659fc4eed4ff2aea089273577d301d2c322cfdf87e1,1481.665387688943,1461.7248699681163,19.94051772082662,0.20000000000000007,0.8,1.3333333333333333,-17.85360852534609,7,7,False
87e5e849a0ad19f0939e88c4,Bundesliga,2022/2023,DEVELOPMENT,2022-09-11,13:30,MATCH_KICKOFF_TIME_TIMEZONE_NOT_STATED_BY_SOURCE,,NOT_VERIFIED_DO_NOT_INFER,A. Lustenau,LASK,1,1,D,EVALUATION_ONLY_JOIN_AFTER_PREMATCH_FEATURE_FREEZE,6.36,4.74,1.44,EXTERNAL_HISTORICAL_MARKET_BENCHMARK,NOT_AVAILABLE,NOT_GOLDBET,296f01c0ec06520fa956812afd066774d3787f25b22b5e97dc7854003674890a,1510.8702331394625,1543.4943634160024,-32.62413027653997,-1.0,-2.2,-0.3333333333333335,8.365892837608953,7,7,False
3ff538c6774fbeffc36730a8,Bundesliga,2022/2023,DEVELOPMENT,2022-09-11,13:30,MATCH_KICKOFF_TIME_TIMEZONE_NOT_STATED_BY_SOURCE,,NOT_VERIFIED_DO_NOT_INFER,Hartberg,Austria Vienna,0,3,A,EVALUATION_ONLY_JOIN_AFTER_PREMATCH_FEATURE_FREEZE,3.47,3.63,1.99,EXTERNAL_HISTORICAL_MARKET_BENCHMARK,NOT_AVAILABLE,NOT_GOLDBET,187fa517a520b1f8d286b72aa6b1bf29dc0486f3f6cd10d0c05c38a7f04259d2,1490.7587179336008,1501.978720855881,-11.220002922280173,-0.8,-1.0,1.0,5.8651749434236535,6,7,False
dfdb3bfb82fe374ca9ac9104,Bundesliga,2022/2023,DEVELOPMENT,2022-09-11,16:00,MATCH_KICKOFF_TIME_TIMEZONE_NOT_STATED_BY_SOURCE,,NOT_VERIFIED_DO_NOT_INFER,A. Klagenfurt,Sturm Graz,0,2,A,EVALUATION_ONLY_JOIN_AFTER_PREMATCH_FEATURE_FREEZE,3.38,3.58,2.05,EXTERNAL_HISTORICAL_MARKET_BENCHMARK,NOT_AVAILABLE,NOT_GOLDBET,6485e2ebcc704ad8eea7f93120fbc361f4adda1489daab9a29f399b7ed243b09,1494.4434859097441,1517.2653406563213,-22.821854746577174,0.0,-0.8,-0.3333333333333335,-4.49657384604393,7,7,False
92569289f24093432167b309,Bundesliga,2022/2023,DEVELOPMENT,2022-09-17,16:00,MATCH_KICKOFF_TIME_TIMEZONE_NOT_STATED_BY_SOURCE,,NOT_VERIFIED_DO_NOT_INFER,Altach,A. Klagenfurt,1,4,A,EVALUATION_ONLY_JOIN_AFTER_PREMATCH_FEATURE_FREEZE,2.82,3.52,2.36,EXTERNAL_HISTORICAL_MARKET_BENCHMARK,NOT_AVAILABLE,NOT_GOLDBET,80f7d4b35415086dbe03709fceccd8251794059b0a97ede79cb58f7ce40b87c6,1463.9859819265648,1483.3774785638386,-19.391496637273804,-1.2,-1.4,0.0,4.248795989076143,8,8,False
c089e74469b6950888c3e763,Bundesliga,2022/2023,DEVELOPMENT,2022-09-17,16:00,MATCH_KICKOFF_TIME_TIMEZONE_NOT_STATED_BY_SOURCE,,NOT_VERIFIED_DO_NOT_INFER,LASK,Tirol,1,4,A,EVALUATION_ONLY_JOIN_AFTER_PREMATCH_FEATURE_FREEZE,1.5,4.57,5.62,EXTERNAL_HISTORICAL_MARKET_BENCHMARK,NOT_AVAILABLE,NOT_GOLDBET,bac48aabd2766dbff58683f768954d422fbd78e70ecd9978ba4e8584cb129793,1544.2806776788,1479.4042757304944,64.87640194830556,1.4000000000000001,1.8,1.75,11.12986014910166,8,8,False
1e37e4bcae7c695e8d9acdaa,Bundesliga,2022/2023,DEVELOPMENT,2022-09-17,16:00,MATCH_KICKOFF_TIME_TIMEZONE_NOT_STATED_BY_SOURCE,,NOT_VERIFIED_DO_NOT_INFER,Wolfsberger AC,Hartberg,3,1,H,EVALUATION_ONLY_JOIN_AFTER_PREMATCH_FEATURE_FREEZE,1.76,3.97,4.12,EXTERNAL_HISTORICAL_MARKET_BENCHMARK,NOT_AVAILABLE,NOT_GOLDBET,cafdca1d48d108416b4c5978fbc01a414fb567aac5bee82098ea31fc14051f00,1482.9542253429245,1479.3638699066357,3.590355436288746,0.3999999999999999,1.4,-0.08333333333333331,-1.4479042532093445,8,7,False
6646618e9003b0e91769bb16,Bundesliga,2022/2023,DEVELOPMENT,2022-09-18,13:30,MATCH_KICKOFF_TIME_TIMEZONE_NOT_STATED_BY_SOURCE,,NOT_VERIFIED_DO_NOT_INFER,Austria Vienna,Ried,3,0,H,EVALUATION_ONLY_JOIN_AFTER_PREMATCH_FEATURE_FREEZE,1.63,4.05,4.96,EXTERNAL_HISTORICAL_MARKET_BENCHMARK,NOT_AVAILABLE,NOT_GOLDBET,08c050009e530eb0cc888c207439353dfd71008078923a104f59ee0854338925,1513.373568882846,1464.366486507605,49.007082375241,2.0,2.4,1.4166666666666667,-16.318412727825944,8,8,False
8d8f8e27ea3208445c9f6f46,Bundesliga,2022/2023,DEVELOPMENT,2022-09-18,13:30,MATCH_KICKOFF_TIME_TIMEZONE_NOT_STATED_BY_SOURCE,,NOT_VERIFIED_DO_NOT_INFER,Sturm Graz,A. Lustenau,2,0,H,EVALUATION_ONLY_JOIN_AFTER_PREMATCH_FEATURE_FREEZE,1.37,5.03,7.62,EXTERNAL_HISTORICAL_MARKET_BENCHMARK,NOT_AVAILABLE,NOT_GOLDBET,ce320ba91cb370e0dbf69aa9ff0198822bcf4547ae9d9c2865a6c392b014cc2e,1528.3313480022268,1510.083918876665,18.247429125561894,0.3999999999999999,1.6,0.5,-6.5519173018399215,8,8,False
7ed022e52e72499b10111715,Bundesliga,2022/2023,DEVELOPMENT,2022-09-18,16:00,MATCH_KICKOFF_TIME_TIMEZONE_NOT_STATED_BY_SOURCE,,NOT_VERIFIED_DO_NOT_INFER,Salzburg,SK Rapid,1,1,D,EVALUATION_ONLY_JOIN_AFTER_PREMATCH_FEATURE_FREEZE,1.46,4.62,6.27,EXTERNAL_HISTORICAL_MARKET_BENCHMARK,NOT_AVAILABLE,NOT_GOLDBET,e788ab1c70160eb6c662b1086c85c8d5dd6b4732fbf0b953b4c88af10f0351a1,1554.8689313617792,1495.60923721962,59.25969414215933,2.2,3.4,1.0,-1.6340216732921817,8,7,False
d6674093fef747ed5065ffa9,Bundesliga,2022/2023,DEVELOPMENT,2022-10-01,16:00,MATCH_KICKOFF_TIME_TIMEZONE_NOT_STATED_BY_SOURCE,,NOT_VERIFIED_DO_NOT_INFER,A. Lustenau,Wolfsberger AC,1,3,A,EVALUATION_ONLY_JOIN_AFTER_PREMATCH_FEATURE_FREEZE,3.51,3.79,1.94,EXTERNAL_HISTORICAL_MARKET_BENCHMARK,NOT_AVAILABLE,NOT_GOLDBET,86b2c4c063d4278ebdce919ef5da36d0269265e3a3f94e9b19bbeab2a7112ee4,1502.2987406238337,1491.1441151800934,11.154625443740315,-0.8,-2.2,0.0,26.003524624587953,9,9,False
e4b71a783351e86a3f590c59,Bundesliga,2022/2023,DEVELOPMENT,2022-10-01,16:00,MATCH_KICKOFF_TIME_TIMEZONE_NOT_STATED_BY_SOURCE,,NOT_VERIFIED_DO_NOT_INFER,Salzburg,LASK,1,1,D,EVALUATION_ONLY_JOIN_AFTER_PREMATCH_FEATURE_FREEZE,1.48,4.64,5.77,EXTERNAL_HISTORICAL_MARKET_BENCHMARK,NOT_AVAILABLE,NOT_GOLDBET,746f629c49c4ca5f3a66a518c4907b189302c426f7cac87afc9f1bad0429c6fc,1551.5651114182162,1530.8336191631774,20.731492255038802,1.0,2.4,0.6000000000000001,2.2217989290782043,9,9,False
c9a720550d85c632c9dcbd67,Bundesliga,2022/2023,DEVELOPMENT,2022-10-01,16:00,MATCH_KICKOFF_TIME_TIMEZONE_NOT_STATED_BY_SOURCE,,NOT_VERIFIED_DO_NOT_INFER,Tirol,SK Rapid,0,5,A,EVALUATION_ONLY_JOIN_AFTER_PREMATCH_FEATURE_FREEZE,3.79,3.77,1.86,EXTERNAL_HISTORICAL_MARKET_BENCHMARK,NOT_AVAILABLE,NOT_GOLDBET,3ec524453d873ecb97166c3e08ed685025b6ea9f042cf928270e7a32da1ea8cd,1492.851334246117,1498.9130571631829,-6.061722917065936,0.5999999999999999,0.6,-0.5,-4.611001804400075,9,8,False
0be43d072f5c09d7a5b0ee73,Bundesliga,2022/2023,DEVELOPMENT,2022-10-02,13:30,MATCH_KICKOFF_TIME_TIMEZONE_NOT_STATED_BY_SOURCE,,NOT_VERIFIED_DO_NOT_INFER,Hartberg,A. Klagenfurt,2,3,A,EVALUATION_ONLY_JOIN_AFTER_PREMATCH_FEATURE_FREEZE,3.46,3.73,1.98,EXTERNAL_HISTORICAL_MARKET_BENCHMARK,NOT_AVAILABLE,NOT_GOLDBET,e1263e2e82fa50724a8dd14fac35534aeb850d54435e6a8df82ccadc81972039,1471.1739800694668,1494.5409917776071,-23.367011708140353,-0.5999999999999999,-1.2,0.10000000000000009,0.09571926635680938,8,9,False
943f679b4814a3ed671e66aa,Bundesliga,2022/2023,DEVELOPMENT,2022-10-02,13:30,MATCH_KICKOFF_TIME_TIMEZONE_NOT_STATED_BY_SOURCE,,NOT_VERIFIED_DO_NOT_INFER,Ried,Altach,2,3,A,EVALUATION_ONLY_JOIN_AFTER_PREMATCH_FEATURE_FREEZE,2.19,3.36,3.23,EXTERNAL_HISTORICAL_MARKET_BENCHMARK,NOT_AVAILABLE,NOT_GOLDBET,11fd8247f58e942a166d21f4bdb83ccc3454e29ecc3e67a6bc8e25e985d02e14,1457.4049123341572,1452.8224687127963,4.582443621360881,0.0,-0.19999999999999996,0.75,12.502494974114597,9,9,False
ec40c88d216ea95d52e90250,Bundesliga,2022/2023,DEVELOPMENT,2022-10-02,16:00,MATCH_KICKOFF_TIME_TIMEZONE_NOT_STATED_BY_SOURCE,,NOT_VERIFIED_DO_NOT_INFER,Austria Vienna,Sturm Graz,0,3,A,EVALUATION_ONLY_JOIN_AFTER_PREMATCH_FEATURE_FREEZE,2.94,3.47,2.3,EXTERNAL_HISTORICAL_MARKET_BENCHMARK,NOT_AVAILABLE,NOT_GOLDBET,65e27b348033797532dbc698ef609dbd877ce61f5e77590294e3a080762bcfe5,1520.3351430562939,1536.116526255058,-15.78138319876416,0.20000000000000018,0.5999999999999999,0.0,-20.364795737594477,9,9,False
118e59bd9874b23d79a4b16f,Bundesliga,2022/2023,DEVELOPMENT,2022-10-08,16:00,MATCH_KICKOFF_TIME_TIMEZONE_NOT_STATED_BY_SOURCE,,NOT_VERIFIED_DO_NOT_INFER,A. Klagenfurt,A. Lustenau,2,1,H,EVALUATION_ONLY_JOIN_AFTER_PREMATCH_FEATURE_FREEZE,1.7,4.07,4.39,EXTERNAL_HISTORICAL_MARKET_BENCHMARK,NOT_AVAILABLE,NOT_GOLDBET,ed69b68f931c42b112f32e6b31ff97dd6730e15f565370efaac0421a46023a0d,1505.5914839691247,1490.2789064120147,15.31257755710999,1.6,2.6,0.0,-31.309371357610416,10,10,False
6ed8ce7c095669d60f595f22,Bundesliga,2022/2023,DEVELOPMENT,2022-10-08,16:00,MATCH_KICKOFF_TIME_TIMEZONE_NOT_STATED_BY_SOURCE,,NOT_VERIFIED_DO_NOT_INFER,Altach,Salzburg,2,3,A,EVALUATION_ONLY_JOIN_AFTER_PREMATCH_FEATURE_FREEZE,7.08,5,1.39,EXTERNAL_HISTORICAL_MARKET_BENCHMARK,NOT_AVAILABLE,NOT_GOLDBET,ecf08d900012a8f8ec4e9d7293ef0a260ea3de27ed3a115fc0b48f8e96a02297,1464.6601835350075,1549.2824084789127,-84.62222494390517,-1.4000000000000001,-3.4000000000000004,-1.45,-9.915362842065178,10,10,False
9f643c2ea78c7a705c6c5a49,Bundesliga,2022/2023,DEVELOPMENT,2022-10-08,16:00,MATCH_KICKOFF_TIME_TIMEZONE_NOT_STATED_BY_SOURCE,,NOT_VERIFIED_DO_NOT_INFER,LASK,Hartberg,0,3,A,EVALUATION_ONLY_JOIN_AFTER_PREMATCH_FEATURE_FREEZE,1.32,5.46,8.26,EXTERNAL_HISTORICAL_MARKET_BENCHMARK,NOT_AVAILABLE,NOT_GOLDBET,95e9c7454ac46a6a79aabd409903ea9cfa732b499d6e7887d129bc7535f5647f,1533.116322102481,1460.1234878779492,72.99283422453186,0.3999999999999999,0.8,1.75,2.7312839024064033,10,9,False
6a15529a1ec4621d238632c7,Bundesliga,2022/2023,DEVELOPMENT,2022-10-09,13:30,MATCH_KICKOFF_TIME_TIMEZONE_NOT_STATED_BY_SOURCE,,NOT_VERIFIED_DO_NOT_INFER,Sturm Graz,Tirol,2,1,H,EVALUATION_ONLY_JOIN_AFTER_PREMATCH_FEATURE_FREEZE,1.4,4.95,6.91,EXTERNAL_HISTORICAL_MARKET_BENCHMARK,NOT_AVAILABLE,NOT_GOLDBET,954e9e7e0fdbe11bf90798a3ec7f4f9c0d898da96a107bd8c367b4ee3f83970d,1547.3824127747737,1481.3112190720499,66.0711937027238,1.8,2.8,0.8,1.9321438982326526,10,10,False
524657562a62ea9f95be8d8c,Bundesliga,2022/2023,DEVELOPMENT,2022-10-09,13:30,MATCH_KICKOFF_TIME_TIMEZONE_NOT_STATED_BY_SOURCE,,NOT_VERIFIED_DO_NOT_INFER,Wolfsberger AC,Ried,1,2,A,EVALUATION_ONLY_JOIN_AFTER_PREMATCH_FEATURE_FREEZE,1.69,4.04,4.44,EXTERNAL_HISTORICAL_MARKET_BENCHMARK,NOT_AVAILABLE,NOT_GOLDBET,3f88c6ba492cb2de76aec32f1e3a7732ef3937a133a494870a8a7f6d293eeaaa,1503.1639493919124,1445.567197511946,57.596751879966405,2.1999999999999997,3.2,0.6000000000000001,-12.916063221068498,10,10,False
93a45e09420c82789e32f319,Bundesliga,2022/2023,DEVELOPMENT,2022-10-09,16:00,MATCH_KICKOFF_TIME_TIMEZONE_NOT_STATED_BY_SOURCE,,NOT_VERIFIED_DO_NOT_INFER,SK Rapid,Austria Vienna,1,2,A,EVALUATION_ONLY_JOIN_AFTER_PREMATCH_FEATURE_FREEZE,2.29,3.51,2.92,EXTERNAL_HISTORICAL_MARKET_BENCHMARK,NOT_AVAILABLE,NOT_GOLDBET,e954b464ceb7ec2b19fd56d34b8485331f25955e540827f6dab8337981321d6b,1510.45317233725,1509.0692565365782,1.3839158006717298,-0.20000000000000018,0.0,-0.3999999999999999,2.8509276047643652,9,10,False
7ebdb148eb29e25b5413967c,Bundesliga,2022/2023,DEVELOPMENT,2022-10-15,16:00,MATCH_KICKOFF_TIME_TIMEZONE_NOT_STATED_BY_SOURCE,,NOT_VERIFIED_DO_NOT_INFER,A. Klagenfurt,LASK,1,3,A,EVALUATION_ONLY_JOIN_AFTER_PREMATCH_FEATURE_FREEZE,3.03,3.58,2.2,EXTERNAL_HISTORICAL_MARKET_BENCHMARK,NOT_AVAILABLE,NOT_GOLDBET,eef748ba933848968dff290eeeaf7520265d7c96dae2284a446bc4b1b345b3b3,1513.4571389797482,1519.4650931433941,-6.007954163645991,1.7999999999999998,2.0,-0.40000000000000013,-9.533568056634977,11,11,False
580bc2aef7150723b3fb74f1,Bundesliga,2022/2023,DEVELOPMENT,2022-10-15,16:00,MATCH_KICKOFF_TIME_TIMEZONE_NOT_STATED_BY_SOURCE,,NOT_VERIFIED_DO_NOT_INFER,Ried,SK Rapid,1,0,H,EVALUATION_ONLY_JOIN_AFTER_PREMATCH_FEATURE_FREEZE,3.19,3.44,2.18,EXTERNAL_HISTORICAL_MARKET_BENCHMARK,NOT_AVAILABLE,NOT_GOLDBET,3fb770e9178bb70cb20fa77831d67cbe29a882bfdb82774249477f78007dc96e,1458.8283113141256,1498.7045576890405,-39.8762463749149,-0.5999999999999999,-1.7999999999999998,-1.2,12.412396140120336,11,10,False
3f6b47d0506cfc525d493bb4,Bundesliga,2022/2023,DEVELOPMENT,2022-10-15,16:00,MATCH_KICKOFF_TIME_TIMEZONE_NOT_STATED_BY_SOURCE,,NOT_VERIFIED_DO_NOT_INFER,Tirol,A. Lustenau,3,2,H,EVALUATION_ONLY_JOIN_AFTER_PREMATCH_FEATURE_FREEZE,2.19,3.63,3.04,EXTERNAL_HISTORICAL_MARKET_BENCHMARK,NOT_AVAILABLE,NOT_GOLDBET,31c68b16ab1b16121140dcb5084c45a2fe38ed29e63de360641f10b43b0c71d0,1474.7885443023965,1482.4132514013913,-7.624707098994804,0.4,0.0,0.0,3.6915534791371556,11,11,False
0abcd20d8b6394894e0778a6,Bundesliga,2022/2023,DEVELOPMENT,2022-10-16,13:30,MATCH_KICKOFF_TIME_TIMEZONE_NOT_STATED_BY_SOURCE,,NOT_VERIFIED_DO_NOT_INFER,Altach,Hartberg,1,0,H,EVALUATION_ONLY_JOIN_AFTER_PREMATCH_FEATURE_FREEZE,2.23,3.48,3.06,EXTERNAL_HISTORICAL_MARKET_BENCHMARK,NOT_AVAILABLE,NOT_GOLDBET,0c2ba3ebc539dfb296c676ed5bea3b249c35f1f907029153d9ca90a1dad41945,1455.367684096992,1473.774716837036,-18.407032740044087,0.0,-0.20000000000000007,-0.20000000000000007,-12.67154107509441,11,10,False
53e638facc5b43b23dd3287c,Bundesliga,2022/2023,DEVELOPMENT,2022-10-16,13:30,MATCH_KICKOFF_TIME_TIMEZONE_NOT_STATED_BY_SOURCE,,NOT_VERIFIED_DO_NOT_INFER,Sturm Graz,Wolfsberger AC,3,2,H,EVALUATION_ONLY_JOIN_AFTER_PREMATCH_FEATURE_FREEZE,1.61,4.13,5.04,EXTERNAL_HISTORICAL_MARKET_BENCHMARK,NOT_AVAILABLE,NOT_GOLDBET,4525d639badecbe0de3418e2389520c09be642d2c859e8b9921a0a07adb85189,1553.905087544427,1489.9028355897328,64.0022519546942,0.8,0.8,0.0,15.20088566866525,11,11,False
1219a325b7fee399dce94af8,Bundesliga,2022/2023,DEVELOPMENT,2022-10-16,16:00,MATCH_KICKOFF_TIME_TIMEZONE_NOT_STATED_BY_SOURCE,,NOT_VERIFIED_DO_NOT_INFER,Austria Vienna,Salzburg,1,3,A,EVALUATION_ONLY_JOIN_AFTER_PREMATCH_FEATURE_FREEZE,5.2,4.23,1.58,EXTERNAL_HISTORICAL_MARKET_BENCHMARK,NOT_AVAILABLE,NOT_GOLDBET,e301e226e73ee6926d88abf5900b68c9b6f9259e636ce7cf9a9a5d6cafe34af9,1520.8178711847877,1558.5749079169282,-37.75703673214048,-0.20000000000000018,-0.3999999999999999,-0.7999999999999998,11.45161438619698,11,11,False
331bcfc49310799f05250015,Bundesliga,2022/2023,DEVELOPMENT,2022-10-22,16:00,MATCH_KICKOFF_TIME_TIMEZONE_NOT_STATED_BY_SOURCE,,NOT_VERIFIED_DO_NOT_INFER,Hartberg,Tirol,1,5,A,EVALUATION_ONLY_JOIN_AFTER_PREMATCH_FEATURE_FREEZE,2.38,3.58,2.76,EXTERNAL_HISTORICAL_MARKET_BENCHMARK,NOT_AVAILABLE,NOT_GOLDBET,eb533244fa8d617d34448cf37d1e52f32b671243862c30521e4e14f3e311a1c3,1464.9661723218474,1483.2923785280625,-18.326206206215147,-0.7999999999999999,-0.4,0.0,-13.351264962075902,11,12,False
a731f92609ceb3b52751fb9f,Bundesliga,2022/2023,DEVELOPMENT,2022-10-22,16:00,MATCH_KICKOFF_TIME_TIMEZONE_NOT_STATED_BY_SOURCE,,NOT_VERIFIED_DO_NOT_INFER,SK Rapid,A. Klagenfurt,0,1,A,EVALUATION_ONLY_JOIN_AFTER_PREMATCH_FEATURE_FREEZE,1.77,4,4.06,EXTERNAL_HISTORICAL_MARKET_BENCHMARK,NOT_AVAILABLE,NOT_GOLDBET,7074bcfc9175e58cd2e4202ea81bf01fb952058722cb4a09fea11da36ac1a507,1489.2831190326337,1501.915512960691,-12.632393928057354,-1.0,0.0,-1.2,4.7300672292558374,11,12,False
f0b3bc3d27dbee68a45c26c8,Bundesliga,2022/2023,DEVELOPMENT,2022-10-22,16:00,MATCH_KICKOFF_TIME_TIMEZONE_NOT_STATED_BY_SOURCE,,NOT_VERIFIED_DO_NOT_INFER,Salzburg,Sturm Graz,0,0,D,EVALUATION_ONLY_JOIN_AFTER_PREMATCH_FEATURE_FREEZE,1.71,3.72,4.82,EXTERNAL_HISTORICAL_MARKET_BENCHMARK,NOT_AVAILABLE,NOT_GOLDBET,5d7e9100beb1045e325c6f282d4affd168e833e1aca0f83521760ca62d361763,1569.2142386450882,1560.4802187143111,8.734019930777094,-0.7999999999999998,-0.6000000000000001,0.0,-2.0219673323622374,12,12,False
5b45516766328cf76ee99c2b,Bundesliga,2022/2023,DEVELOPMENT,2022-10-23,13:30,MATCH_KICKOFF_TIME_TIMEZONE_NOT_STATED_BY_SOURCE,,NOT_VERIFIED_DO_NOT_INFER,A. Lustenau,Ried,0,0,D,EVALUATION_ONLY_JOIN_AFTER_PREMATCH_FEATURE_FREEZE,2.45,3.49,2.73,EXTERNAL_HISTORICAL_MARKET_BENCHMARK,NOT_AVAILABLE,NOT_GOLDBET,a4c38188ee45a8b15b76be201afd186b378caf5736613f5f7a8ad00ea23ed631,1473.9094171757254,1468.2497499705323,5.6596672051930454,-1.0,-0.19999999999999996,0.5999999999999999,6.019149412789602,12,12,False
3e04c473c5d9b2168519a64e,Bundesliga,2022/2023,DEVELOPMENT,2022-10-23,13:30,MATCH_KICKOFF_TIME_TIMEZONE_NOT_STATED_BY_SOURCE,,NOT_VERIFIED_DO_NOT_INFER,Wolfsberger AC,Altach,2,3,A,EVALUATION_ONLY_JOIN_AFTER_PREMATCH_FEATURE_FREEZE,1.68,4,4.63,EXTERNAL_HISTORICAL_MARKET_BENCHMARK,NOT_AVAILABLE,NOT_GOLDBET,3d9df1094609e34561baa36074583bcf587a887c4971034b873a68223f9306d1,1483.3277044198487,1464.1762286121807,19.15147580766802,0.40000000000000013,1.2000000000000002,-0.20000000000000007,8.798329870211774,12,12,False
e4bfd4cba399773e0ad2e142,Bundesliga,2022/2023,DEVELOPMENT,2022-10-23,16:00,MATCH_KICKOFF_TIME_TIMEZONE_NOT_STATED_BY_SOURCE,,NOT_VERIFIED_DO_NOT_INFER,LASK,Austria Vienna,2,2,D,EVALUATION_ONLY_JOIN_AFTER_PREMATCH_FEATURE_FREEZE,1.96,3.76,3.51,EXTERNAL_HISTORICAL_MARKET_BENCHMARK,NOT_AVAILABLE,NOT_GOLDBET,e95ea55d3a3ad261c263f53efbf123ce52ebf581822e786fef858a5a9b37dce2,1531.0067191624512,1510.1785404566276,20.828178705823575,-0.8,-1.2000000000000002,-0.6000000000000001,-8.96991276091444,12,12,False
2f0f5e019046b28b996d58fa,Bundesliga,2022/2023,DEVELOPMENT,2022-10-26,15:00,MATCH_KICKOFF_TIME_TIMEZONE_NOT_STATED_BY_SOURCE,,NOT_VERIFIED_DO_NOT_INFER,SK Rapid,Hartberg,5,1,H,EVALUATION_ONLY_JOIN_AFTER_PREMATCH_FEATURE_FREEZE,1.43,4.74,6.61,EXTERNAL_HISTORICAL_MARKET_BENCHMARK,NOT_AVAILABLE,NOT_GOLDBET,238bcfc757793d0a5e5fa3818bb50cdd9e305d7a1efe689e30bda43efcf94bd4,1477.9281543586364,1453.7724235504209,24.155730808215594,0.20000000000000007,1.4,-0.6000000000000001,13.65234891424484,12,12,False
3023d88e15067542d3e1a383,Bundesliga,2022/2023,DEVELOPMENT,2022-10-29,16:00,MATCH_KICKOFF_TIME_TIMEZONE_NOT_STATED_BY_SOURCE,,NOT_VERIFIED_DO_NOT_INFER,A. Klagenfurt,Tirol,2,3,A,EVALUATION_ONLY_JOIN_AFTER_PREMATCH_FEATURE_FREEZE,2.03,3.73,3.31,EXTERNAL_HISTORICAL_MARKET_BENCHMARK,NOT_AVAILABLE,NOT_GOLDBET,af001ff603cf09f7cd02d6123223202504c64f25b8be9094b3b410b1713e1089,1513.2704776346884,1494.486127299489,18.784350335199406,0.5999999999999999,0.4,-0.40000000000000013,-20.753698151184153,13,13,False
f5a813b7eebf7845ca6e5d23,Bundesliga,2022/2023,DEVELOPMENT,2022-10-29,16:00,MATCH_KICKOFF_TIME_TIMEZONE_NOT_STATED_BY_SOURCE,,NOT_VERIFIED_DO_NOT_INFER,A. Lustenau,SK Rapid,3,3,D,EVALUATION_ONLY_JOIN_AFTER_PREMATCH_FEATURE_FREEZE,4.5,4.06,1.69,EXTERNAL_HISTORICAL_MARKET_BENCHMARK,NOT_AVAILABLE,NOT_GOLDBET,906963f4cfe7372cdacab72c68d837e5253ae7ac61afcc893266485a98716a89,1472.0417616212196,1485.5522421973071,-13.510480576087502,-1.0,-2.4,-0.3999999999999999,10.333680563288226,13,13,False
2fdf1e02cd6e2dfd3bb465a4,Bundesliga,2022/2023,DEVELOPMENT,2022-10-29,16:00,MATCH_KICKOFF_TIME_TIMEZONE_NOT_STATED_BY_SOURCE,,NOT_VERIFIED_DO_NOT_INFER,Salzburg,Hartberg,1,0,H,EVALUATION_ONLY_JOIN_AFTER_PREMATCH_FEATURE_FREEZE,1.2,6.97,11.81,EXTERNAL_HISTORICAL_MARKET_BENCHMARK,NOT_AVAILABLE,NOT_GOLDBET,dcb6569e5e98fcf3c7789d0f90b329caea7d6c912bfaf932e45cbda624393289,1567.2613257777691,1446.1483357117502,121.11299006601894,1.2000000000000002,2.0,1.0,25.63111979062478,13,13,False
ee616781e48f1520f2db4eb5,Bundesliga,2022/2023,DEVELOPMENT,2022-10-30,13:30,MATCH_KICKOFF_TIME_TIMEZONE_NOT_STATED_BY_SOURCE,,NOT_VERIFIED_DO_NOT_INFER,Austria Vienna,Altach,2,1,H,EVALUATION_ONLY_JOIN_AFTER_PREMATCH_FEATURE_FREEZE,1.65,4.11,4.68,EXTERNAL_HISTORICAL_MARKET_BENCHMARK,NOT_AVAILABLE,NOT_GOLDBET,1b2d927c7903e6ce1127b10791ff670f1f65704c6182035df7d9cd57724d8ac7,1512.4638810806757,1476.4157801851704,36.048100895505286,-0.40000000000000013,0.0,0.0,30.670118309099735,13,13,False
613b8ac7ff7b465652e944b8,Bundesliga,2022/2023,DEVELOPMENT,2022-10-30,13:30,MATCH_KICKOFF_TIME_TIMEZONE_NOT_STATED_BY_SOURCE,,NOT_VERIFIED_DO_NOT_INFER,LASK,Wolfsberger AC,4,1,H,EVALUATION_ONLY_JOIN_AFTER_PREMATCH_FEATURE_FREEZE,1.64,4.28,4.55,EXTERNAL_HISTORICAL_MARKET_BENCHMARK,NOT_AVAILABLE,NOT_GOLDBET,16dc4d54db8239346aecff9304fea43830e5bdff1df39f1e11e1dfb4453a8ee1,1528.721378538403,1471.088152846859,57.63322569154411,-0.19999999999999996,-1.0,-0.8,13.88348605280271,13,13,False
ca9d48e78d429e86fc8d1e56,Bundesliga,2022/2023,DEVELOPMENT,2022-10-30,16:00,MATCH_KICKOFF_TIME_TIMEZONE_NOT_STATED_BY_SOURCE,,NOT_VERIFIED_DO_NOT_INFER,Sturm Graz,Ried,2,1,H,EVALUATION_ONLY_JOIN_AFTER_PREMATCH_FEATURE_FREEZE,1.32,5.28,9.08,EXTERNAL_HISTORICAL_MARKET_BENCHMARK,NOT_AVAILABLE,NOT_GOLDBET,93ab2a86ce152ab90239d981bc0d650ede8524eab20e977c74b67ba4c353f3a0,1562.4331315816303,1470.117405525038,92.31572605659221,1.2000000000000002,1.7999999999999998,1.0,25.774678677501925,13,13,False
c98b5e8bf963d9e60ede4adb,Bundesliga,2022/2023,DEVELOPMENT,2022-11-05,16:00,MATCH_KICKOFF_TIME_TIMEZONE_NOT_STATED_BY_SOURCE,,NOT_VERIFIED_DO_NOT_INFER,Hartberg,A. Lustenau,1,1,D,EVALUATION_ONLY_JOIN_AFTER_PREMATCH_FEATURE_FREEZE,2.26,3.51,2.99,EXTERNAL_HISTORICAL_MARKET_BENCHMARK,NOT_AVAILABLE,NOT_GOLDBET,d4e663733d1ac01bf3dc21411f69597c33b3dac81ad7ab679cb9471bf57750e0,1440.9352480933305,1470.7116147573363,-29.776366664005764,0.19999999999999996,-0.5999999999999999,-0.20000000000000007,18.327945848897343,14,14,False
f688d99478f65c50b8dcca43,Bundesliga,2022/2023,DEVELOPMENT,2022-11-05,16:00,MATCH_KICKOFF_TIME_TIMEZONE_NOT_STATED_BY_SOURCE,,NOT_VERIFIED_DO_NOT_INFER,Ried,A. Klagenfurt,2,2,D,EVALUATION_ONLY_JOIN_AFTER_PREMATCH_FEATURE_FREEZE,2.86,3.45,2.37,EXTERNAL_HISTORICAL_MARKET_BENCHMARK,NOT_AVAILABLE,NOT_GOLDBET,54caef5f36fd8bf61463548c1978876a0057910e61db20f1fb38d98c2a2d4a99,1464.2405779751334,1501.040965170682,-36.80038719554864,-0.40000000000000013,0.0,-1.5999999999999999,5.269259718821559,14,14,False
c9c92594f08a12dd959990f6,Bundesliga,2022/2023,DEVELOPMENT,2022-11-05,16:00,MATCH_KICKOFF_TIME_TIMEZONE_NOT_STATED_BY_SOURCE,,NOT_VERIFIED_DO_NOT_INFER,Wolfsberger AC,Salzburg,1,2,A,EVALUATION_ONLY_JOIN_AFTER_PREMATCH_FEATURE_FREEZE,7.78,5.19,1.35,EXTERNAL_HISTORICAL_MARKET_BENCHMARK,NOT_AVAILABLE,NOT_GOLDBET,f087cc0dcb1b4c80767f1b1024e1dbe7cc483955d67bf1ef97964a3676a03983,1464.3502047727366,1572.4744133961888,-108.1242086234522,-1.6,-1.6,-2.4,-5.654319095648589,14,14,False
57f0bca2c6b74a6242cc7c19,Bundesliga,2022/2023,DEVELOPMENT,2022-11-06,13:30,MATCH_KICKOFF_TIME_TIMEZONE_NOT_STATED_BY_SOURCE,,NOT_VERIFIED_DO_NOT_INFER,Altach,Sturm Graz,1,1,D,EVALUATION_ONLY_JOIN_AFTER_PREMATCH_FEATURE_FREEZE,6.28,4.32,1.49,EXTERNAL_HISTORICAL_MARKET_BENCHMARK,NOT_AVAILABLE,NOT_GOLDBET,9da8c870c60c67f6b80092cf7c7491ed27c89af5082819df4ac0ae992f16183f,1469.11193075,1568.309959131535,-99.19802838153487,-0.8,-1.0,-1.6,-10.925443747514464,14,14,False
4078a0e0695b00b2f94e0a3b,Bundesliga,2022/2023,DEVELOPMENT,2022-11-06,13:30,MATCH_KICKOFF_TIME_TIMEZONE_NOT_STATED_BY_SOURCE,,NOT_VERIFIED_DO_NOT_INFER,Tirol,Austria Vienna,0,0,D,EVALUATION_ONLY_JOIN_AFTER_PREMATCH_FEATURE_FREEZE,2.78,3.69,2.31,EXTERNAL_HISTORICAL_MARKET_BENCHMARK,NOT_AVAILABLE,NOT_GOLDBET,95dc192946f0ea90ccdf5c6be2bc47a57859eba099836659787f6cf88b39a4a4,1506.7156397634953,1519.767730515846,-13.05209075235075,0.40000000000000013,0.6,-1.2000000000000002,-21.124346912194824,14,14,False
2ac60399ecdddbf8adb2a828,Bundesliga,2022/2023,DEVELOPMENT,2022-11-06,16:00,MATCH_KICKOFF_TIME_TIMEZONE_NOT_STATED_BY_SOURCE,,NOT_VERIFIED_DO_NOT_INFER,SK Rapid,LASK,1,0,H,EVALUATION_ONLY_JOIN_AFTER_PREMATCH_FEATURE_FREEZE,2.44,3.56,2.69,EXTERNAL_HISTORICAL_MARKET_BENCHMARK,NOT_AVAILABLE,NOT_GOLDBET,2bdfdfb5ac77fad1b7e181ca9fcf8b025a836b573c63d397231b8faabfd43df8,1486.8823890611905,1535.4593266125255,-48.57693755133505,-0.8,-0.2,-1.6,-22.157033119272683,14,14,False
858b0a8abfacf14e6af51018,Bundesliga,2022/2023,DEVELOPMENT,2022-11-12,16:00,MATCH_KICKOFF_TIME_TIMEZONE_NOT_STATED_BY_SOURCE,,NOT_VERIFIED_DO_NOT_INFER,A. Lustenau,Altach,3,0,H,EVALUATION_ONLY_JOIN_AFTER_PREMATCH_FEATURE_FREEZE,2.5,3.53,2.62,EXTERNAL_HISTORICAL_MARKET_BENCHMARK,NOT_AVAILABLE,NOT_GOLDBET,536c1a393d534e7492ef0ea77698bacd7e67976b0d07ebb9cb3fd853342392b9,1471.5793331744678,1470.2353781090683,1.3439550653995411,-0.7999999999999999,-0.4,-0.7999999999999999,-42.408280283063505,15,15,False
3e61f8531762bc9c2a845711,Bundesliga,2022/2023,DEVELOPMENT,2022-11-12,16:00,MATCH_KICKOFF_TIME_TIMEZONE_NOT_STATED_BY_SOURCE,,NOT_VERIFIED_DO_NOT_INFER,Hartberg,SK Rapid,1,2,A,EVALUATION_ONLY_JOIN_AFTER_PREMATCH_FEATURE_FREEZE,4.93,4.16,1.61,EXTERNAL_HISTORICAL_MARKET_BENCHMARK,NOT_AVAILABLE,NOT_GOLDBET,899ef9b43da9b3fd856fef55a386c90bc85cb2418258daca39edddb7e4452b69,1440.067529676199,1496.5537253122725,-56.48619563607349,-1.2,-2.6,-0.8,6.508764291962734,15,15,False
fc7b1ebce5d7a20705abb3ea,Bundesliga,2022/2023,DEVELOPMENT,2022-11-12,16:00,MATCH_KICKOFF_TIME_TIMEZONE_NOT_STATED_BY_SOURCE,,NOT_VERIFIED_DO_NOT_INFER,Tirol,Ried,2,0,H,EVALUATION_ONLY_JOIN_AFTER_PREMATCH_FEATURE_FREEZE,1.87,3.77,3.75,EXTERNAL_HISTORICAL_MARKET_BENCHMARK,NOT_AVAILABLE,NOT_GOLDBET,3f6b4503131f838cf1430d807ad3a69f8a0860506647a304925fc990d378a1f4,1505.372535093165,1463.57383010158,41.798704991585055,0.3999999999999999,0.8,0.0,-2.2903952720887446,15,15,False
c5027c77cd4b6185cdffa1cf,Bundesliga,2022/2023,DEVELOPMENT,2022-11-13,13:30,MATCH_KICKOFF_TIME_TIMEZONE_NOT_STATED_BY_SOURCE,,NOT_VERIFIED_DO_NOT_INFER,A. Klagenfurt,Salzburg,0,1,A,EVALUATION_ONLY_JOIN_AFTER_PREMATCH_FEATURE_FREEZE,7.2,5.24,1.36,EXTERNAL_HISTORICAL_MARKET_BENCHMARK,NOT_AVAILABLE,NOT_GOLDBET,a5861e29ddf15334be3c7927fd330d348704a87cf18a519a22c2d0c86ef94810,1501.7077130442356,1581.0980780959264,-79.39036505169088,-1.2000000000000002,-1.2,-2.2,0.2594019888144885,15,15,False
3492c5b4cc752e4ebfe0138e,Bundesliga,2022/2023,DEVELOPMENT,2022-11-13,13:30,MATCH_KICKOFF_TIME_TIMEZONE_NOT_STATED_BY_SOURCE,,NOT_VERIFIED_DO_NOT_INFER,Austria Vienna,Wolfsberger AC,0,1,A,EVALUATION_ONLY_JOIN_AFTER_PREMATCH_FEATURE_FREEZE,1.88,3.95,3.58,EXTERNAL_HISTORICAL_MARKET_BENCHMARK,NOT_AVAILABLE,NOT_GOLDBET,5cf2f43a3a698e7e70d5d61296f8bbe437da15deb5e0acaa7a204e0df2d0458c,1521.1108351861765,1455.726540072999,65.38429511317759,1.6,1.4,-0.40000000000000013,3.6643827524301287,15,15,False
502d2d7d24fa4421eb182eec,Bundesliga,2022/2023,DEVELOPMENT,2022-11-13,16:00,MATCH_KICKOFF_TIME_TIMEZONE_NOT_STATED_BY_SOURCE,,NOT_VERIFIED_DO_NOT_INFER,LASK,Sturm Graz,1,1,D,EVALUATION_ONLY_JOIN_AFTER_PREMATCH_FEATURE_FREEZE,3.14,3.45,2.2,EXTERNAL_HISTORICAL_MARKET_BENCHMARK,NOT_AVAILABLE,NOT_GOLDBET,5397378880a3b31ec43268b2cf58b2fb57fe7f290e5db1721d5f176610e2a464,1525.7879903614435,1567.1865117724667,-41.39852141102324,-0.8000000000000003,-0.39999999999999997,-1.2000000000000002,-7.585584071906851,15,15,False
78d94030e1caa4f679ec942f,Bundesliga,2022/2023,DEVELOPMENT,2023-02-10,19:30,MATCH_KICKOFF_TIME_TIMEZONE_NOT_STATED_BY_SOURCE,,NOT_VERIFIED_DO_NOT_INFER,Sturm Graz,SK Rapid,1,0,H,EVALUATION_ONLY_JOIN_AFTER_PREMATCH_FEATURE_FREEZE,1.97,3.46,3.77,EXTERNAL_HISTORICAL_MARKET_BENCHMARK,NOT_AVAILABLE,NOT_GOLDBET,ef55aa5448350f9fee3bb8df3dd2caa35662be544ba366849ed35d2115e7ddd3,1567.7213943877,1506.6548572835952,61.06653710410478,-0.19999999999999996,-0.6,1.0,24.175569290049225,16,16,False
e3e522ca4e35c7cee3019e82,Bundesliga,2022/2023,DEVELOPMENT,2023-02-11,16:00,MATCH_KICKOFF_TIME_TIMEZONE_NOT_STATED_BY_SOURCE,,NOT_VERIFIED_DO_NOT_INFER,Salzburg,A. Lustenau,4,0,H,EVALUATION_ONLY_JOIN_AFTER_PREMATCH_FEATURE_FREEZE,1.19,7.28,12.58,EXTERNAL_HISTORICAL_MARKET_BENCHMARK,NOT_AVAILABLE,NOT_GOLDBET,d97623ef78dba8ceceff59d086a90818e4eb70ab067cb2595c5510ea63c358ae,1590.5405572530724,1479.8318335431177,110.70872370995471,1.4000000000000001,0.6,1.4,30.748636151037317,16,16,False
dd47b57656dadf3f1cf02d18,Bundesliga,2022/2023,DEVELOPMENT,2023-02-11,16:00,MATCH_KICKOFF_TIME_TIMEZONE_NOT_STATED_BY_SOURCE,,NOT_VERIFIED_DO_NOT_INFER,Wolfsberger AC,Tirol,1,2,A,EVALUATION_ONLY_JOIN_AFTER_PREMATCH_FEATURE_FREEZE,2.11,3.56,3.25,EXTERNAL_HISTORICAL_MARKET_BENCHMARK,NOT_AVAILABLE,NOT_GOLDBET,07e8d4705d2a3f12f7dbaf97270e3b781e4242133c40332fb3293ee1b182c7cf,1469.1864734498963,1512.5235963276252,-43.337122877728916,-2.0,-2.6,-1.2000000000000002,39.279296260404635,16,16,False
8624fec2697f6f81c2e09190,Bundesliga,2022/2023,DEVELOPMENT,2023-02-12,13:30,MATCH_KICKOFF_TIME_TIMEZONE_NOT_STATED_BY_SOURCE,,NOT_VERIFIED_DO_NOT_INFER,Altach,LASK,0,1,A,EVALUATION_ONLY_JOIN_AFTER_PREMATCH_FEATURE_FREEZE,5.57,4.24,1.55,EXTERNAL_HISTORICAL_MARKET_BENCHMARK,NOT_AVAILABLE,NOT_GOLDBET,e3c11a306e6898b45c13baabfea333761f4a9c94a2273e72e4431ed4fed07d38,1461.9828777404184,1525.2531077462102,-63.270230005791745,-0.20000000000000018,-1.2000000000000002,-0.8,-7.867427694665821,16,16,False
a39fcb52b87f32f365f45d00,Bundesliga,2022/2023,DEVELOPMENT,2023-02-12,13:30,MATCH_KICKOFF_TIME_TIMEZONE_NOT_STATED_BY_SOURCE,,NOT_VERIFIED_DO_NOT_INFER,Ried,Hartberg,0,1,A,EVALUATION_ONLY_JOIN_AFTER_PREMATCH_FEATURE_FREEZE,2.32,3.45,2.94,EXTERNAL_HISTORICAL_MARKET_BENCHMARK,NOT_AVAILABLE,NOT_GOLDBET,edbc08fb3265daf30c493e075827815f4bc4b912fca1355f038462425b6fed51,1456.4227688671197,1429.9663977048763,26.456371162243386,0.8,1.6,0.20000000000000007,9.14268159523317,16,16,False
ab437a21d5801a39826a5ee9,Bundesliga,2022/2023,DEVELOPMENT,2023-02-12,16:00,MATCH_KICKOFF_TIME_TIMEZONE_NOT_STATED_BY_SOURCE,,NOT_VERIFIED_DO_NOT_INFER,Austria Vienna,A. Klagenfurt,3,1,H,EVALUATION_ONLY_JOIN_AFTER_PREMATCH_FEATURE_FREEZE,2.01,3.67,3.43,EXTERNAL_HISTORICAL_MARKET_BENCHMARK,NOT_AVAILABLE,NOT_GOLDBET,1d799a85c0910ddba5a5d83b3b66a1429da8d434c0c1148a083d4b65a4a2791a,1507.650901809279,1492.2652338870896,15.385667922189441,0.19999999999999996,0.19999999999999996,-1.4000000000000001,-4.026681689106454,16,16,False
3d3aeb2b153e46444d87c987,Bundesliga,2022/2023,DEVELOPMENT,2023-02-18,16:00,MATCH_KICKOFF_TIME_TIMEZONE_NOT_STATED_BY_SOURCE,,NOT_VERIFIED_DO_NOT_INFER,A. Klagenfurt,Wolfsberger AC,0,3,A,EVALUATION_ONLY_JOIN_AFTER_PREMATCH_FEATURE_FREEZE,2.52,3.37,2.72,EXTERNAL_HISTORICAL_MARKET_BENCHMARK,NOT_AVAILABLE,NOT_GOLDBET,95637adda7ab9564866ca0c5acece1c92f39a25b113281d05c0f7589fa027ab4,1484.4015866631025,1458.707244666373,25.694341996729463,0.20000000000000007,0.4,-1.2000000000000002,-12.449529569622428,17,17,False
373efc82254aede485ad3f69,Bundesliga,2022/2023,DEVELOPMENT,2023-02-18,16:00,MATCH_KICKOFF_TIME_TIMEZONE_NOT_STATED_BY_SOURCE,,NOT_VERIFIED_DO_NOT_INFER,Hartberg,Sturm Graz,1,2,A,EVALUATION_ONLY_JOIN_AFTER_PREMATCH_FEATURE_FREEZE,5.2,4.15,1.59,EXTERNAL_HISTORICAL_MARKET_BENCHMARK,NOT_AVAILABLE,NOT_GOLDBET,4ed6fbc0b642b36eb16325edd5c56aff6bb8a2aaba7149b763f49dba39099b02,1442.4046905999576,1574.371325679365,-131.96663507940752,-1.0,-1.4,-1.6,-14.40176669840639,17,17,False
e4cc8bfb8acf93ffdcc524c4,Bundesliga,2022/2023,DEVELOPMENT,2023-02-18,16:00,MATCH_KICKOFF_TIME_TIMEZONE_NOT_STATED_BY_SOURCE,,NOT_VERIFIED_DO_NOT_INFER,Ried,LASK,1,1,D,EVALUATION_ONLY_JOIN_AFTER_PREMATCH_FEATURE_FREEZE,5.26,4.07,1.6,EXTERNAL_HISTORICAL_MARKET_BENCHMARK,NOT_AVAILABLE,NOT_GOLDBET,070faf10defcf5363f59669bc52dbb013d43a15e9a1cab0a5af086770e62e2c6,1443.9844759720384,1535.1589857399908,-91.17450976795249,-1.2000000000000002,-1.4,-0.8,-4.91920503029678,17,17,False
3f4211426887feb3473c4554,Bundesliga,2022/2023,DEVELOPMENT,2023-02-19,13:30,MATCH_KICKOFF_TIME_TIMEZONE_NOT_STATED_BY_SOURCE,,NOT_VERIFIED_DO_NOT_INFER,A. Lustenau,Austria Vienna,1,0,H,EVALUATION_ONLY_JOIN_AFTER_PREMATCH_FEATURE_FREEZE,3.89,3.64,1.89,EXTERNAL_HISTORICAL_MARKET_BENCHMARK,NOT_AVAILABLE,NOT_GOLDBET,939d1b851d20c156b9998114738ffda744ba76da3e5ef6b386ff6b409ed15846,1474.384620488463,1515.5145490332661,-41.12992854480308,-0.40000000000000013,-0.6000000000000001,-0.6000000000000001,-1.323347489578964,17,17,False
89c2e30102de8bb142dd8337,Bundesliga,2022/2023,DEVELOPMENT,2023-02-19,13:30,MATCH_KICKOFF_TIME_TIMEZONE_NOT_STATED_BY_SOURCE,,NOT_VERIFIED_DO_NOT_INFER,Tirol,Salzburg,1,3,A,EVALUATION_ONLY_JOIN_AFTER_PREMATCH_FEATURE_FREEZE,6.01,4.48,1.49,EXTERNAL_HISTORICAL_MARKET_BENCHMARK,NOT_AVAILABLE,NOT_GOLDBET,7e073b2115ad36c0a8d31a10671aea0b8b71909795e8539f1b5bfee60d172cc3,1523.0028251111485,1595.987770307727,-72.98494519657856,0.0,0.20000000000000018,-1.4,-4.350724352458656,17,17,False
a946b70f7153e0d98883313d,Bundesliga,2022/2023,DEVELOPMENT,2023-02-19,16:00,MATCH_KICKOFF_TIME_TIMEZONE_NOT_STATED_BY_SOURCE,,NOT_VERIFIED_DO_NOT_INFER,SK Rapid,Altach,3,0,H,EVALUATION_ONLY_JOIN_AFTER_PREMATCH_FEATURE_FREEZE,1.42,4.68,6.99,EXTERNAL_HISTORICAL_MARKET_BENCHMARK,NOT_AVAILABLE,NOT_GOLDBET,963bb635786c23b7d54e04efcddf459625fd48c199706f948a8d6a4b7427e885,1500.0049259919301,1452.0769997466377,47.92792624529238,1.2,1.8,-0.19999999999999996,-18.37430994093438,17,17,False
4b06d4487802a457be104f7c,Bundesliga,2022/2023,DEVELOPMENT,2023-02-24,19:30,MATCH_KICKOFF_TIME_TIMEZONE_NOT_STATED_BY_SOURCE,,NOT_VERIFIED_DO_NOT_INFER,LASK,A. Lustenau,1,0,H,EVALUATION_ONLY_JOIN_AFTER_PREMATCH_FEATURE_FREEZE,1.4,4.96,7,EXTERNAL_HISTORICAL_MARKET_BENCHMARK,NOT_AVAILABLE,NOT_GOLDBET,1f1f64f8cdab10dfd5fe603bea537efb4f643364357a97d0b61a2ac481871d45,1534.2641114824444,1483.8420295869385,50.422081895505926,0.0,0.6,0.8,-14.330713458614127,18,18,False
7b7020e783a33aa7777ccc68,Bundesliga,2022/2023,DEVELOPMENT,2023-02-25,16:00,MATCH_KICKOFF_TIME_TIMEZONE_NOT_STATED_BY_SOURCE,,NOT_VERIFIED_DO_NOT_INFER,Austria Vienna,Hartberg,3,0,H,EVALUATION_ONLY_JOIN_AFTER_PREMATCH_FEATURE_FREEZE,1.58,3.99,5.57,EXTERNAL_HISTORICAL_MARKET_BENCHMARK,NOT_AVAILABLE,NOT_GOLDBET,ffdbe9d7dc9027903f9f6b02f8384602dd5c8e17806825fc0c73c3d808c0752e,1506.0571399347907,1434.4469322144307,71.61020772036,0.5999999999999999,0.6000000000000001,0.0,-31.96258919932916,18,18,False
5ba6f64f6a193b8864be24da,Bundesliga,2022/2023,DEVELOPMENT,2023-02-25,16:00,MATCH_KICKOFF_TIME_TIMEZONE_NOT_STATED_BY_SOURCE,,NOT_VERIFIED_DO_NOT_INFER,Sturm Graz,A. Klagenfurt,1,2,A,EVALUATION_ONLY_JOIN_AFTER_PREMATCH_FEATURE_FREEZE,1.48,4.51,6.16,EXTERNAL_HISTORICAL_MARKET_BENCHMARK,NOT_AVAILABLE,NOT_GOLDBET,634b07957f5b6e13a305a6dea44b0673e482ffd78caef98f0ae2271a377fbe48,1582.329084064892,1471.9839337611163,110.34515030377565,2.0,2.0,1.0,-18.421211065233138,18,18,False
f6e4ec0cd47865df21df6e56,Bundesliga,2022/2023,DEVELOPMENT,2023-02-26,13:30,MATCH_KICKOFF_TIME_TIMEZONE_NOT_STATED_BY_SOURCE,,NOT_VERIFIED_DO_NOT_INFER,Altach,Tirol,0,0,D,EVALUATION_ONLY_JOIN_AFTER_PREMATCH_FEATURE_FREEZE,3.11,3.63,2.16,EXTERNAL_HISTORICAL_MARKET_BENCHMARK,NOT_AVAILABLE,NOT_GOLDBET,c00310ca537af8e3148cc244204f2a693ae490ccf67c3d883cbc16538dc4aa25,1445.0872059466644,1513.3763879630496,-68.28918201638521,-1.8,-2.0,-1.5999999999999999,3.164985023016243,18,18,False
534be63b487506596f460439,Bundesliga,2022/2023,DEVELOPMENT,2023-02-26,13:30,MATCH_KICKOFF_TIME_TIMEZONE_NOT_STATED_BY_SOURCE,,NOT_VERIFIED_DO_NOT_INFER,Wolfsberger AC,SK Rapid,1,2,A,EVALUATION_ONLY_JOIN_AFTER_PREMATCH_FEATURE_FREEZE,3.19,3.51,2.17,EXTERNAL_HISTORICAL_MARKET_BENCHMARK,NOT_AVAILABLE,NOT_GOLDBET,1c1bd3fa9597384322ba4193a5fc82efb80a2b72f05cd7efd14ea796e7efee76,1471.1248975683593,1506.9947197919034,-35.86982222354413,-0.8,-1.0,-0.7999999999999999,30.372959613442845,18,18,False
282b14339d3380f05f24bc02,Bundesliga,2022/2023,DEVELOPMENT,2023-02-26,16:00,MATCH_KICKOFF_TIME_TIMEZONE_NOT_STATED_BY_SOURCE,,NOT_VERIFIED_DO_NOT_INFER,Salzburg,Ried,2,0,H,EVALUATION_ONLY_JOIN_AFTER_PREMATCH_FEATURE_FREEZE,1.19,6.64,13.71,EXTERNAL_HISTORICAL_MARKET_BENCHMARK,NOT_AVAILABLE,NOT_GOLDBET,9d2b4876f3b65eaf22fe24a4aa09094b809f66141d17495aee72cce13e7ef80a,1605.6142074558259,1444.8793502295848,160.73485722624105,2.6,2.6,1.0,-23.786220621471102,18,18,False
eebd540f241aa5abdd733e74,Bundesliga,2022/2023,DEVELOPMENT,2023-03-04,16:00,MATCH_KICKOFF_TIME_TIMEZONE_NOT_STATED_BY_SOURCE,,NOT_VERIFIED_DO_NOT_INFER,A. Lustenau,Sturm Graz,0,2,A,EVALUATION_ONLY_JOIN_AFTER_PREMATCH_FEATURE_FREEZE,6.3,4.17,1.5,EXTERNAL_HISTORICAL_MARKET_BENCHMARK,NOT_AVAILABLE,NOT_GOLDBET,1ace399bf9485eba753a2561327872ec0e9bfc24269f2bf33320e8277e99f8a8,1476.9173765552207,1567.7845964898725,-90.86721993465176,-0.20000000000000018,-0.4,-0.19999999999999996,27.10928824301368,19,19,False
c924f792310faa2756cdd29f,Bundesliga,2022/2023,DEVELOPMENT,2023-03-04,16:00,MATCH_KICKOFF_TIME_TIMEZONE_NOT_STATED_BY_SOURCE,,NOT_VERIFIED_DO_NOT_INFER,Hartberg,Wolfsberger AC,2,1,H,EVALUATION_ONLY_JOIN_AFTER_PREMATCH_FEATURE_FREEZE,2.93,3.48,2.3,EXTERNAL_HISTORICAL_MARKET_BENCHMARK,NOT_AVAILABLE,NOT_GOLDBET,93cab636d1bef95059688e0308545aa50365fde5b37289c2454d8cc7f59d2130,1428.0636212641111,1460.431489774761,-32.36786851064994,-0.3999999999999999,-1.0,-1.6,-18.677715362822482,19,19,False
6b073599cdce068593729aff,Bundesliga,2022/2023,DEVELOPMENT,2023-03-04,16:00,MATCH_KICKOFF_TIME_TIMEZONE_NOT_STATED_BY_SOURCE,,NOT_VERIFIED_DO_NOT_INFER,Ried,Austria Vienna,1,3,A,EVALUATION_ONLY_JOIN_AFTER_PREMATCH_FEATURE_FREEZE,3.58,3.49,2.01,EXTERNAL_HISTORICAL_MARKET_BENCHMARK,NOT_AVAILABLE,NOT_GOLDBET,819d49249bcd4ca33d6ddbb7ceff2107a8ff256432918b2e8f6e1b3d72933d62,1440.4964369416305,1512.4404508851103,-71.94401394347983,-0.9999999999999999,-1.6,-0.6000000000000001,42.72282494761248,19,19,False
b45a97b127e9755922492c1d,Bundesliga,2022/2023,DEVELOPMENT,2023-03-05,13:30,MATCH_KICKOFF_TIME_TIMEZONE_NOT_STATED_BY_SOURCE,,NOT_VERIFIED_DO_NOT_INFER,A. Klagenfurt,Altach,3,0,H,EVALUATION_ONLY_JOIN_AFTER_PREMATCH_FEATURE_FREEZE,1.91,3.64,3.78,EXTERNAL_HISTORICAL_MARKET_BENCHMARK,NOT_AVAILABLE,NOT_GOLDBET,3878aee1df645ec6f7bd650924fb6782853af99d1cb238d65276a34256191c33,1486.5284213361358,1445.3257425258141,41.202678810321686,0.4,0.3999999999999999,-0.6,3.100434520882118,19,19,False
94c19631645a7252a52746dd,Bundesliga,2022/2023,DEVELOPMENT,2023-03-05,13:30,MATCH_KICKOFF_TIME_TIMEZONE_NOT_STATED_BY_SOURCE,,NOT_VERIFIED_DO_NOT_INFER,Tirol,LASK,2,3,A,EVALUATION_ONLY_JOIN_AFTER_PREMATCH_FEATURE_FREEZE,3.62,3.66,1.94,EXTERNAL_HISTORICAL_MARKET_BENCHMARK,NOT_AVAILABLE,NOT_GOLDBET,40eb4fa4f33b58fd04b4e825d6ed081876edb417167795b54ea8c188f3a9434a,1513.1378513839,1541.1887645141621,-28.050913130262188,0.0,0.0,-0.20000000000000018,9.944945237732327,19,19,False
f4ea3e6a8d7f556b2de85487,Bundesliga,2022/2023,DEVELOPMENT,2023-03-05,16:00,MATCH_KICKOFF_TIME_TIMEZONE_NOT_STATED_BY_SOURCE,,NOT_VERIFIED_DO_NOT_INFER,SK Rapid,Salzburg,2,4,A,EVALUATION_ONLY_JOIN_AFTER_PREMATCH_FEATURE_FREEZE,3.82,3.53,1.93,EXTERNAL_HISTORICAL_MARKET_BENCHMARK,NOT_AVAILABLE,NOT_GOLDBET,f226795bb97cc111024615c1469e5b55ee34f7ec55035584f1335349a48960bc,1517.6881275855017,1609.9971207437802,-92.30899315827855,-0.6000000000000001,-1.0,-1.2,10.535644258119646,19,19,False
4b1d607ade87916b2b347194,Bundesliga,2022/2023,DEVELOPMENT,2023-03-12,16:00,MATCH_KICKOFF_TIME_TIMEZONE_NOT_STATED_BY_SOURCE,,NOT_VERIFIED_DO_NOT_INFER,A. Klagenfurt,Hartberg,1,0,H,EVALUATION_ONLY_JOIN_AFTER_PREMATCH_FEATURE_FREEZE,2.12,3.49,3.27,EXTERNAL_HISTORICAL_MARKET_BENCHMARK,NOT_AVAILABLE,NOT_GOLDBET,933b798b487e7789b7159c62ec9923110b9448ce0f7734fd6b1dfa3360fd2eda,1493.6952528967784,1437.2699772251053,56.425275671673035,0.0,0.19999999999999996,0.0,16.25492031879503,20,20,False
3c48573d0a38cc65b0785ffa,Bundesliga,2022/2023,DEVELOPMENT,2023-03-12,16:00,MATCH_KICKOFF_TIME_TIMEZONE_NOT_STATED_BY_SOURCE,,NOT_VERIFIED_DO_NOT_INFER,Altach,Ried,1,2,A,EVALUATION_ONLY_JOIN_AFTER_PREMATCH_FEATURE_FREEZE,2.35,3.31,2.96,EXTERNAL_HISTORICAL_MARKET_BENCHMARK,NOT_AVAILABLE,NOT_GOLDBET,fb4c28b5ae7a0d5cd5f5bcd194de9ed47155a6ca40055856d3ae2e6b590c3149,1438.1589109651716,1430.8400779338629,7.3188330313087135,0.0,-0.6000000000000001,0.19999999999999996,-18.3620801334348,20,20,False
d57d10a4dd6ebd73f0f4f3c1,Bundesliga,2022/2023,DEVELOPMENT,2023-03-12,16:00,MATCH_KICKOFF_TIME_TIMEZONE_NOT_STATED_BY_SOURCE,,NOT_VERIFIED_DO_NOT_INFER,LASK,Salzburg,0,2,A,EVALUATION_ONLY_JOIN_AFTER_PREMATCH_FEATURE_FREEZE,3.93,3.63,1.87,EXTERNAL_HISTORICAL_MARKET_BENCHMARK,NOT_AVAILABLE,NOT_GOLDBET,4ff2f2a519d3b19ebf5a8eb39b58494b526bd95197f59602f7642c22a64b6aec,1552.1057499135984,1619.0698644923361,-66.96411457873774,-0.7999999999999998,-1.6,-1.4,0.6047793884347357,20,20,False
da01faa4a1d5d59ba4002af7,Bundesliga,2022/2023,DEVELOPMENT,2023-03-12,16:00,MATCH_KICKOFF_TIME_TIMEZONE_NOT_STATED_BY_SOURCE,,NOT_VERIFIED_DO_NOT_INFER,SK Rapid,Tirol,2,0,H,EVALUATION_ONLY_JOIN_AFTER_PREMATCH_FEATURE_FREEZE,1.58,4.15,5.24,EXTERNAL_HISTORICAL_MARKET_BENCHMARK,NOT_AVAILABLE,NOT_GOLDBET,09243e88308d261125329a3a17251e6387dd5496080fdeacf09eb12d76311658,1508.6153838369457,1502.2208659844637,6.394517852482068,0.40000000000000013,0.4,-0.19999999999999996,5.192779560529289,20,20,False
bc2e00a5843a48d3f08507e9,Bundesliga,2022/2023,DEVELOPMENT,2023-03-12,16:00,MATCH_KICKOFF_TIME_TIMEZONE_NOT_STATED_BY_SOURCE,,NOT_VERIFIED_DO_NOT_INFER,Sturm Graz,Austria Vienna,3,1,H,EVALUATION_ONLY_JOIN_AFTER_PREMATCH_FEATURE_FREEZE,1.75,3.65,4.53,EXTERNAL_HISTORICAL_MARKET_BENCHMARK,NOT_AVAILABLE,NOT_GOLDBET,f254da1c473304cde51e371e630cbadd6a673a080912efa22f81cbeadb975385,1576.8984966100238,1522.096809892878,54.80168671714591,0.19999999999999996,-0.4,0.7999999999999998,25.28581699134429,20,20,False
acad1aaca9f7d161e2c1213a,Bundesliga,2022/2023,DEVELOPMENT,2023-03-12,16:00,MATCH_KICKOFF_TIME_TIMEZONE_NOT_STATED_BY_SOURCE,,NOT_VERIFIED_DO_NOT_INFER,Wolfsberger AC,A. Lustenau,0,1,A,EVALUATION_ONLY_JOIN_AFTER_PREMATCH_FEATURE_FREEZE,1.69,3.88,4.71,EXTERNAL_HISTORICAL_MARKET_BENCHMARK,NOT_AVAILABLE,NOT_GOLDBET,dcea166b303c5fbf13e2ad953d512a62a22bd05aa4834e84e5f7d0302d058bca,1451.225133813767,1467.8034764350693,-16.578342621302454,0.0,0.8,-0.2,-45.04896662696092,20,20,False
5b8e2ce42f49a09180784445,Bundesliga,2022/2023,DEVELOPMENT,2023-03-19,16:00,MATCH_KICKOFF_TIME_TIMEZONE_NOT_STATED_BY_SOURCE,,NOT_VERIFIED_DO_NOT_INFER,A. Lustenau,A. Klagenfurt,4,2,H,EVALUATION_ONLY_JOIN_AFTER_PREMATCH_FEATURE_FREEZE,3.13,3.49,2.18,EXTERNAL_HISTORICAL_MARKET_BENCHMARK,NOT_AVAILABLE,NOT_GOLDBET,4002cd7f08f0cf3e80bdce848d6aebc2ceaf1178121b4ce81c25c6390c9d1a2c,1479.0467856821215,1500.4643041032155,-21.417518421093973,-0.6000000000000001,-1.0,-0.3999999999999999,45.609199556191925,21,21,False
fa7dbb51ec01f79ed35e0dea,Bundesliga,2022/2023,DEVELOPMENT,2023-03-19,16:00,MATCH_KICKOFF_TIME_TIMEZONE_NOT_STATED_BY_SOURCE,,NOT_VERIFIED_DO_NOT_INFER,Austria Vienna,SK Rapid,2,0,H,EVALUATION_ONLY_JOIN_AFTER_PREMATCH_FEATURE_FREEZE,3.11,3.3,2.27,EXTERNAL_HISTORICAL_MARKET_BENCHMARK,NOT_AVAILABLE,NOT_GOLDBET,712746f6b99d2919699ba4dff1223d3e977fd79d7f31a6ae12842520afc59a23,1515.2858432855787,1516.7273234369231,-1.4414801513444218,0.0,0.20000000000000007,0.40000000000000013,-36.929911657860885,21,21,False
72322fc2f609737dd5dc516c,Bundesliga,2022/2023,DEVELOPMENT,2023-03-19,16:00,MATCH_KICKOFF_TIME_TIMEZONE_NOT_STATED_BY_SOURCE,,NOT_VERIFIED_DO_NOT_INFER,Hartberg,LASK,2,2,D,EVALUATION_ONLY_JOIN_AFTER_PREMATCH_FEATURE_FREEZE,3.93,3.56,1.89,EXTERNAL_HISTORICAL_MARKET_BENCHMARK,NOT_AVAILABLE,NOT_GOLDBET,6f4f9972f378face46456d5a081eb78973ceb412f2c776fad3d39233e9e10601,1430.5009260186682,1542.3061664037061,-111.8052403850379,-0.8,-0.8,-1.2,-6.2078244045633255,21,21,False
cb43ca4ea922bc6f112b08df,Bundesliga,2022/2023,DEVELOPMENT,2023-03-19,16:00,MATCH_KICKOFF_TIME_TIMEZONE_NOT_STATED_BY_SOURCE,,NOT_VERIFIED_DO_NOT_INFER,Ried,Wolfsberger AC,0,0,D,EVALUATION_ONLY_JOIN_AFTER_PREMATCH_FEATURE_FREEZE,2.66,3.42,2.52,EXTERNAL_HISTORICAL_MARKET_BENCHMARK,NOT_AVAILABLE,NOT_GOLDBET,24a3fc05e3e2be22971bd222937ba0bf5d396b2e0b90ecf2d7526d9fbcf1b38d,1442.7537809530997,1439.9818245667147,2.771956386385,0.20000000000000007,-0.6000000000000001,-0.19999999999999996,24.310390453832724,21,21,False
666cc01b2c86a4b69fcac5d7,Bundesliga,2022/2023,DEVELOPMENT,2023-03-19,16:00,MATCH_KICKOFF_TIME_TIMEZONE_NOT_STATED_BY_SOURCE,,NOT_VERIFIED_DO_NOT_INFER,Salzburg,Altach,1,1,D,EVALUATION_ONLY_JOIN_AFTER_PREMATCH_FEATURE_FREEZE,1.16,7.46,15.79,EXTERNAL_HISTORICAL_MARKET_BENCHMARK,NOT_AVAILABLE,NOT_GOLDBET,ee5c490370ca106eab8dd83949d36549a04f09992bd0c28c2b96ed5db534b932,1628.8694480022284,1426.2452079459347,202.62424005629373,2.8,4.0,1.6,12.300993082352534,21,21,False
0bde71f49dbc5611169319cb,Bundesliga,2022/2023,DEVELOPMENT,2023-03-19,16:00,MATCH_KICKOFF_TIME_TIMEZONE_NOT_STATED_BY_SOURCE,,NOT_VERIFIED_DO_NOT_INFER,Tirol,Sturm Graz,0,2,A,EVALUATION_ONLY_JOIN_AFTER_PREMATCH_FEATURE_FREEZE,6.34,4.45,1.47,EXTERNAL_HISTORICAL_MARKET_BENCHMARK,NOT_AVAILABLE,NOT_GOLDBET,b1e8237027490326e53b7be7afb4b0016dae92e797258d8913f906d7586e8c94,1494.1089263844863,1583.709463217323,-89.60053683283672,-1.5999999999999999,-1.8,-0.40000000000000013,28.001585992525634,21,21,False
e0558c80585223f6fba1c3fc,Bundesliga,2022/2023,DEVELOPMENT,2023-03-31,18:30,MATCH_KICKOFF_TIME_TIMEZONE_NOT_STATED_BY_SOURCE,,NOT_VERIFIED_DO_NOT_INFER,Hartberg,A. Lustenau,0,1,A,EVALUATION_ONLY_JOIN_AFTER_PREMATCH_FEATURE_FREEZE,2.08,3.43,3.4,EXTERNAL_HISTORICAL_MARKET_BENCHMARK,NOT_AVAILABLE,NOT_GOLDBET,e70226ab8996b4857c888f746d215341d9f194aac754e4463df3b169ef257f38,1431.9810477208446,1487.9408350379103,-55.959787317065775,-1.0,-1.0,0.19999999999999996,1.521735953367397,22,22,False
a010c36417d0e0130233e22a,Bundesliga,2022/2023,DEVELOPMENT,2023-04-01,16:00,MATCH_KICKOFF_TIME_TIMEZONE_NOT_STATED_BY_SOURCE,,NOT_VERIFIED_DO_NOT_INFER,Altach,Tirol,1,0,H,EVALUATION_ONLY_JOIN_AFTER_PREMATCH_FEATURE_FREEZE,2.84,3.34,2.4,EXTERNAL_HISTORICAL_MARKET_BENCHMARK,NOT_AVAILABLE,NOT_GOLDBET,94388d3c243f43eac541bf5d39d51b998001ee4e02c7ddd144e9beb322a391b4,1432.6317246946812,1484.9588429240202,-52.32711822933902,0.2,0.0,-1.0,-22.99386531912296,22,22,False
c1710aea269e1d6401d378ab,Bundesliga,2022/2023,DEVELOPMENT,2023-04-01,16:00,MATCH_KICKOFF_TIME_TIMEZONE_NOT_STATED_BY_SOURCE,,NOT_VERIFIED_DO_NOT_INFER,Wolfsberger AC,Ried,1,0,H,EVALUATION_ONLY_JOIN_AFTER_PREMATCH_FEATURE_FREEZE,1.85,3.63,4,EXTERNAL_HISTORICAL_MARKET_BENCHMARK,NOT_AVAILABLE,NOT_GOLDBET,a1edc3b226733aa1d5ade55deabfb17b622a0b18186784cdc3edf98e8743e975,1441.7691414279552,1440.9664640918593,0.8026773360959396,-0.19999999999999996,0.6,-0.8,-40.26743890110538,22,22,False
c482191da280854cf6c7eafd,Bundesliga,2022/2023,DEVELOPMENT,2023-04-02,13:30,MATCH_KICKOFF_TIME_TIMEZONE_NOT_STATED_BY_SOURCE,,NOT_VERIFIED_DO_NOT_INFER,A. Klagenfurt,Salzburg,0,3,A,EVALUATION_ONLY_JOIN_AFTER_PREMATCH_FEATURE_FREEZE,12.13,6.22,1.22,EXTERNAL_HISTORICAL_MARKET_BENCHMARK,NOT_AVAILABLE,NOT_GOLDBET,0b8891a8c6c8ba4f53f856bc0f913cbbddbed2ee24d4bb9b52a37d67440ad031,1491.5702547474266,1622.4829312534819,-130.91267650605528,-0.8,-1.6,-1.8,-12.24848532429246,22,22,False
8b30d4a0a1969df13dcdef00,Bundesliga,2022/2023,DEVELOPMENT,2023-04-02,13:30,MATCH_KICKOFF_TIME_TIMEZONE_NOT_STATED_BY_SOURCE,,NOT_VERIFIED_DO_NOT_INFER,Austria Vienna,LASK,2,2,D,EVALUATION_ONLY_JOIN_AFTER_PREMATCH_FEATURE_FREEZE,2.56,3.38,2.64,EXTERNAL_HISTORICAL_MARKET_BENCHMARK,NOT_AVAILABLE,NOT_GOLDBET,43cd34a60114849c9897920763519398823722d7fd64c7fb28a8dc6606815632,1523.616174062523,1540.8260447015298,-17.209870639006795,0.19999999999999996,0.8,0.7999999999999998,-9.516267552482077,22,22,False
12312f5edfccf8ccb73a10ca,Bundesliga,2022/2023,DEVELOPMENT,2023-04-02,16:00,MATCH_KICKOFF_TIME_TIMEZONE_NOT_STATED_BY_SOURCE,,NOT_VERIFIED_DO_NOT_INFER,Sturm Graz,SK Rapid,3,1,H,EVALUATION_ONLY_JOIN_AFTER_PREMATCH_FEATURE_FREEZE,1.78,3.65,4.34,EXTERNAL_HISTORICAL_MARKET_BENCHMARK,NOT_AVAILABLE,NOT_GOLDBET,f1a0c2abaffd65eff76bc74e17fbc01f953eb8dfb9e35c7440421fd7514c23b1,1592.859546677789,1508.3969926599789,84.46255401781013,0.5999999999999999,0.7999999999999999,1.0,-28.63879802703218,22,22,False
1af40993f92b288a0cd25be6,Bundesliga,2022/2023,DEVELOPMENT,2023-04-07,18:30,MATCH_KICKOFF_TIME_TIMEZONE_NOT_STATED_BY_SOURCE,,NOT_VERIFIED_DO_NOT_INFER,Tirol,Wolfsberger AC,4,0,H,EVALUATION_ONLY_JOIN_AFTER_PREMATCH_FEATURE_FREEZE,2.69,3.53,2.43,EXTERNAL_HISTORICAL_MARKET_BENCHMARK,NOT_AVAILABLE,NOT_GOLDBET,d3739cd9ea6fd1e8c4659a76b4ec4d451918d9fa02348650f3e6817947720088,1475.1796503177889,1450.036749371388,25.142900946400914,-0.6000000000000001,-0.7999999999999999,-0.5999999999999999,44.93009593474676,23,23,False
45829116806f0117b7bb4285,Bundesliga,2022/2023,DEVELOPMENT,2023-04-08,16:00,MATCH_KICKOFF_TIME_TIMEZONE_NOT_STATED_BY_SOURCE,,NOT_VERIFIED_DO_NOT_INFER,A. Lustenau,Altach,1,0,H,EVALUATION_ONLY_JOIN_AFTER_PREMATCH_FEATURE_FREEZE,2.44,3.33,2.79,EXTERNAL_HISTORICAL_MARKET_BENCHMARK,NOT_AVAILABLE,NOT_GOLDBET,ba2886eb564f9c6701ef70bb8f7946d6bce8258d47cc3119ee80da1cfb21eb77,1498.0571164652408,1442.4109173009126,55.64619916432821,0.8,0.8,1.8,-11.770796909830551,23,23,False
a0cf2c4654de4af4377f69f2,Bundesliga,2022/2023,DEVELOPMENT,2023-04-08,16:00,MATCH_KICKOFF_TIME_TIMEZONE_NOT_STATED_BY_SOURCE,,NOT_VERIFIED_DO_NOT_INFER,Ried,Hartberg,1,3,A,EVALUATION_ONLY_JOIN_AFTER_PREMATCH_FEATURE_FREEZE,2.37,3.2,3.03,EXTERNAL_HISTORICAL_MARKET_BENCHMARK,NOT_AVAILABLE,NOT_GOLDBET,b701c1edb08b4389182ab1ef631aea336424894b7900abd0a2c0903a99c1ee5b,1432.6988561484266,1421.864766293514,10.834089854912463,0.0,0.0,0.0,-10.493269749433694,23,23,False
7aa5ac18abb02f9006355514,Bundesliga,2022/2023,DEVELOPMENT,2023-04-09,13:30,MATCH_KICKOFF_TIME_TIMEZONE_NOT_STATED_BY_SOURCE,,NOT_VERIFIED_DO_NOT_INFER,SK Rapid,A. Klagenfurt,3,1,H,EVALUATION_ONLY_JOIN_AFTER_PREMATCH_FEATURE_FREEZE,1.45,4.5,6.59,EXTERNAL_HISTORICAL_MARKET_BENCHMARK,NOT_AVAILABLE,NOT_GOLDBET,ac77ec53f7aa9859c271925737069ede88809914930aa49bdaab327c6b0a9c4a,1502.3308270815398,1483.5834082767212,18.747418804818608,-0.6000000000000001,-0.6,1.0,25.0067507017111,23,23,False
792c7e58f068f4c61cd8a24b,Bundesliga,2022/2023,DEVELOPMENT,2023-04-09,13:30,MATCH_KICKOFF_TIME_TIMEZONE_NOT_STATED_BY_SOURCE,,NOT_VERIFIED_DO_NOT_INFER,Salzburg,Austria Vienna,3,3,D,EVALUATION_ONLY_JOIN_AFTER_PREMATCH_FEATURE_FREEZE,1.34,5.12,8.34,EXTERNAL_HISTORICAL_MARKET_BENCHMARK,NOT_AVAILABLE,NOT_GOLDBET,d58b694a15f7fa669f35ee0520eb29e1134f519c38be582939b84c4dd4e59b4a,1630.4697777241872,1522.3907646977161,108.0790130264711,0.6000000000000001,0.8,1.2000000000000002,-15.381308696498536,23,23,False
a1c6f4cd1d5f75aa3a19ba10,Bundesliga,2022/2023,DEVELOPMENT,2023-04-09,16:00,MATCH_KICKOFF_TIME_TIMEZONE_NOT_STATED_BY_SOURCE,,NOT_VERIFIED_DO_NOT_INFER,LASK,Sturm Graz,2,1,H,EVALUATION_ONLY_JOIN_AFTER_PREMATCH_FEATURE_FREEZE,2.88,3.45,2.34,EXTERNAL_HISTORICAL_MARKET_BENCHMARK,NOT_AVAILABLE,NOT_GOLDBET,9b5cdb8227f8d33c865545e2bd579454c27460c6e6a2bf03cf55bb167ff0ba21,1542.0514540663366,1598.925712256228,-56.87425818989141,-0.7999999999999998,-1.4,-0.6000000000000001,19.332561258137048,23,23,False
0c38f2759773b95c2efcbcd3,Bundesliga,2022/2023,DEVELOPMENT,2023-04-14,18:30,MATCH_KICKOFF_TIME_TIMEZONE_NOT_STATED_BY_SOURCE,,NOT_VERIFIED_DO_NOT_INFER,Ried,Tirol,1,1,D,EVALUATION_ONLY_JOIN_AFTER_PREMATCH_FEATURE_FREEZE,2.64,3.42,2.54,EXTERNAL_HISTORICAL_MARKET_BENCHMARK,NOT_AVAILABLE,NOT_GOLDBET,0c7f8ffe24024d9f8981a7a4dc0a4d9afa8488714f6cf605ab306994dd9d3a36,1420.6878729533446,1482.7769471781303,-62.08907422478569,0.20000000000000007,-0.4,-0.9999999999999999,-52.393398299206865,24,24,False
ed3268209a1e97811532cfa9,Bundesliga,2022/2023,DEVELOPMENT,2023-04-15,16:00,MATCH_KICKOFF_TIME_TIMEZONE_NOT_STATED_BY_SOURCE,,NOT_VERIFIED_DO_NOT_INFER,A. Lustenau,Wolfsberger AC,1,3,A,EVALUATION_ONLY_JOIN_AFTER_PREMATCH_FEATURE_FREEZE,2.71,3.4,2.49,EXTERNAL_HISTORICAL_MARKET_BENCHMARK,NOT_AVAILABLE,NOT_GOLDBET,94eff77fbc75cc9543c02c0e2e910758cd06c7e23a213cafa98cb4cea4c1aae0,1504.8462650139331,1442.4394525110465,62.40681250288662,1.5999999999999999,1.6,1.0,27.81980127333668,24,24,False
dd99f28d7f47ebae4484f315,Bundesliga,2022/2023,DEVELOPMENT,2023-04-15,16:00,MATCH_KICKOFF_TIME_TIMEZONE_NOT_STATED_BY_SOURCE,,NOT_VERIFIED_DO_NOT_INFER,Hartberg,Altach,2,2,D,EVALUATION_ONLY_JOIN_AFTER_PREMATCH_FEATURE_FREEZE,2.04,3.38,3.61,EXTERNAL_HISTORICAL_MARKET_BENCHMARK,NOT_AVAILABLE,NOT_GOLDBET,468aa0720168e7fddb43a440466dbde5ebd12ef8571b9c26c240881056772e6b,1433.875749488596,1435.6217687522203,-1.7460192636242482,0.5999999999999999,1.0,0.6000000000000001,-22.436261279980954,24,24,False
a1a6b6ed6df6951b18e97da6,Bundesliga,2022/2023,DEVELOPMENT,2023-04-16,13:30,MATCH_KICKOFF_TIME_TIMEZONE_NOT_STATED_BY_SOURCE,,NOT_VERIFIED_DO_NOT_INFER,A. Klagenfurt,Sturm Graz,0,2,A,EVALUATION_ONLY_JOIN_AFTER_PREMATCH_FEATURE_FREEZE,7.02,4.6,1.42,EXTERNAL_HISTORICAL_MARKET_BENCHMARK,NOT_AVAILABLE,NOT_GOLDBET,1c6bdde26054057cf3c9b3553ba8d3a9ff2e1b18f0f9aef978110a21866fdb9e,1475.8119105794674,1589.0156759102592,-113.20376533079184,-1.2,-2.0,-0.8,-11.423059158167689,24,24,False
69737440ec5ed72fdb2347ec,Bundesliga,2022/2023,DEVELOPMENT,2023-04-16,13:30,MATCH_KICKOFF_TIME_TIMEZONE_NOT_STATED_BY_SOURCE,,NOT_VERIFIED_DO_NOT_INFER,Salzburg,LASK,0,0,D,EVALUATION_ONLY_JOIN_AFTER_PREMATCH_FEATURE_FREEZE,1.47,4.55,6.15,EXTERNAL_HISTORICAL_MARKET_BENCHMARK,NOT_AVAILABLE,NOT_GOLDBET,afb18d9fb8c6505441163c1a406eb2ca52472e4ef5c7bb088d3ef308b01151a7,1625.9771975077695,1551.9614904123055,74.015707095464,0.6000000000000001,1.4,0.40000000000000013,-35.05008466469553,24,24,False
04fde9b8d7908a519b6ea85c,Bundesliga,2022/2023,DEVELOPMENT,2023-04-16,16:00,MATCH_KICKOFF_TIME_TIMEZONE_NOT_STATED_BY_SOURCE,,NOT_VERIFIED_DO_NOT_INFER,SK Rapid,Austria Vienna,3,3,D,EVALUATION_ONLY_JOIN_AFTER_PREMATCH_FEATURE_FREEZE,2.08,3.58,3.31,EXTERNAL_HISTORICAL_MARKET_BENCHMARK,NOT_AVAILABLE,NOT_GOLDBET,b95091e61d4a87821bcc3058cd4293b3284d61944a859934264416b95f4a0ddf,1510.1023247787937,1526.8833449141339,-16.781020135340214,-0.40000000000000013,-0.8,1.4,-0.2942588891921787,24,24,False
a5815536ad268ad5750df8c5,Bundesliga,2022/2023,DEVELOPMENT,2023-04-21,18:30,MATCH_KICKOFF_TIME_TIMEZONE_NOT_STATED_BY_SOURCE,,NOT_VERIFIED_DO_NOT_INFER,Wolfsberger AC,Hartberg,2,2,D,EVALUATION_ONLY_JOIN_AFTER_PREMATCH_FEATURE_FREEZE,2.32,3.42,2.94,EXTERNAL_HISTORICAL_MARKET_BENCHMARK,NOT_AVAILABLE,NOT_GOLDBET,33498f9d36736a6a08cdd5051746d81e2701416206cea6bedb63dcc1ac1ebc05,1455.8237236811217,1432.2146024911115,23.609121190010228,0.3999999999999999,-0.4,-0.6,-12.142648485458267,25,25,False
f5134d23a7b6434a32668429,Bundesliga,2022/2023,DEVELOPMENT,2023-04-22,16:00,MATCH_KICKOFF_TIME_TIMEZONE_NOT_STATED_BY_SOURCE,,NOT_VERIFIED_DO_NOT_INFER,Altach,Ried,1,1,D,EVALUATION_ONLY_JOIN_AFTER_PREMATCH_FEATURE_FREEZE,2.52,3.27,2.77,EXTERNAL_HISTORICAL_MARKET_BENCHMARK,NOT_AVAILABLE,NOT_GOLDBET,d22327aa0731f7f982ce53d8cd9f6e94188a6cf43f2c719399215a8b682578f6,1437.282915749705,1420.748000618325,16.534915131379876,0.0,0.2,0.4,50.409928876492586,25,25,False
cd00248e52de9c980389f34a,Bundesliga,2022/2023,DEVELOPMENT,2023-04-22,16:00,MATCH_KICKOFF_TIME_TIMEZONE_NOT_STATED_BY_SOURCE,,NOT_VERIFIED_DO_NOT_INFER,Tirol,A. Lustenau,0,2,A,EVALUATION_ONLY_JOIN_AFTER_PREMATCH_FEATURE_FREEZE,1.82,3.78,3.96,EXTERNAL_HISTORICAL_MARKET_BENCHMARK,NOT_AVAILABLE,NOT_GOLDBET,4e5c3111a4d1a189d213b540f6b496cfb434506718ef694a851c5f08697b1722,1482.7168195131499,1491.461993843858,-8.745174330708096,-1.5999999999999999,-0.8,-0.19999999999999996,25.432067724779472,25,25,False
cbf0190926b78fc6632fe76d,Bundesliga,2022/2023,DEVELOPMENT,2023-04-23,13:30,MATCH_KICKOFF_TIME_TIMEZONE_NOT_STATED_BY_SOURCE,,NOT_VERIFIED_DO_NOT_INFER,Austria Vienna,A. Klagenfurt,1,2,A,EVALUATION_ONLY_JOIN_AFTER_PREMATCH_FEATURE_FREEZE,1.55,4.25,5.51,EXTERNAL_HISTORICAL_MARKET_BENCHMARK,NOT_AVAILABLE,NOT_GOLDBET,5fe3dbaeb514bb6fb319b643e8f56c1a252d5228d0aa3d03006ec77d2b104c2d,1528.1209103931835,1467.3313795680722,60.78953082511134,0.6,1.6,1.2,28.975554019790025,25,25,False
a52d63ff433566e3f4b49e36,Bundesliga,2022/2023,DEVELOPMENT,2023-04-23,13:30,MATCH_KICKOFF_TIME_TIMEZONE_NOT_STATED_BY_SOURCE,,NOT_VERIFIED_DO_NOT_INFER,LASK,SK Rapid,3,1,H,EVALUATION_ONLY_JOIN_AFTER_PREMATCH_FEATURE_FREEZE,2.1,3.51,3.3,EXTERNAL_HISTORICAL_MARKET_BENCHMARK,NOT_AVAILABLE,NOT_GOLDBET,5c2a16d1c0241ecdad1475022ff50385dbb05a7916106edf8df9185d9eee4e50,1555.6382076750365,1508.864759299744,46.773448375292446,-0.19999999999999996,-0.2,0.8,35.45137303976753,25,25,False
f4a8e44c66f9a7ba12526e5b,Bundesliga,2022/2023,DEVELOPMENT,2023-04-23,16:00,MATCH_KICKOFF_TIME_TIMEZONE_NOT_STATED_BY_SOURCE,,NOT_VERIFIED_DO_NOT_INFER,Sturm Graz,Salzburg,0,2,A,EVALUATION_ONLY_JOIN_AFTER_PREMATCH_FEATURE_FREEZE,2.57,3.35,2.65,EXTERNAL_HISTORICAL_MARKET_BENCHMARK,NOT_AVAILABLE,NOT_GOLDBET,f54bb20add7b3cbd9e1963ecd2f6b45134d9386a4f640ee2f15bb7fcd722ad44,1597.4962069216544,1622.3004802450384,-24.804273323383995,0.5999999999999999,0.3999999999999999,-0.6000000000000001,-0.36147482676688014,25,25,False
1114cc0b62b8e77dc847a5c7,Bundesliga,2022/2023,DEVELOPMENT,2023-04-26,17:30,MATCH_KICKOFF_TIME_TIMEZONE_NOT_STATED_BY_SOURCE,,NOT_VERIFIED_DO_NOT_INFER,Sturm Graz,Austria Vienna,3,2,H,EVALUATION_ONLY_JOIN_AFTER_PREMATCH_FEATURE_FREEZE,1.59,4.15,5.17,EXTERNAL_HISTORICAL_MARKET_BENCHMARK,NOT_AVAILABLE,NOT_GOLDBET,897a7d1a441f26e4d3d06455dbf63c6fe94961e5b771878e3e211d70b188a760,1586.486643490752,1514.7779216626561,71.7087218280958,0.6000000000000001,0.39999999999999997,0.8,-4.55741725483972,26,26,False
7249b6a1231d35a821ca0920,Bundesliga,2022/2023,DEVELOPMENT,2023-04-26,19:30,MATCH_KICKOFF_TIME_TIMEZONE_NOT_STATED_BY_SOURCE,,NOT_VERIFIED_DO_NOT_INFER,SK Rapid,Salzburg,1,1,D,EVALUATION_ONLY_JOIN_AFTER_PREMATCH_FEATURE_FREEZE,4.15,3.86,1.77,EXTERNAL_HISTORICAL_MARKET_BENCHMARK,NOT_AVAILABLE,NOT_GOLDBET,2aa03ddab74884cd2082ee5619de0df15704608a63e70bc7de5a93b742915597,1501.8447177635153,1633.310043675941,-131.46532591242567,-1.0,-1.8,-1.0,16.917285220844406,26,26,False
de70184b24fe4b035f53e24e,Bundesliga,2022/2023,DEVELOPMENT,2023-04-28,18:30,MATCH_KICKOFF_TIME_TIMEZONE_NOT_STATED_BY_SOURCE,,NOT_VERIFIED_DO_NOT_INFER,Altach,Wolfsberger AC,0,2,A,EVALUATION_ONLY_JOIN_AFTER_PREMATCH_FEATURE_FREEZE,2.95,3.3,2.37,EXTERNAL_HISTORICAL_MARKET_BENCHMARK,NOT_AVAILABLE,NOT_GOLDBET,7802a3f1667e308244f927d2125d2093b7b7d7a5ac0bab7f471930fea7168f28,1435.115017068091,1453.4626616441149,-18.347644576023868,-0.40000000000000013,0.2,-0.3999999999999999,34.109678926123706,26,26,False
b918aa4a032517471289b438,Bundesliga,2022/2023,DEVELOPMENT,2023-04-29,16:00,MATCH_KICKOFF_TIME_TIMEZONE_NOT_STATED_BY_SOURCE,,NOT_VERIFIED_DO_NOT_INFER,Ried,A. Lustenau,4,4,D,EVALUATION_ONLY_JOIN_AFTER_PREMATCH_FEATURE_FREEZE,2.18,3.37,3.22,EXTERNAL_HISTORICAL_MARKET_BENCHMARK,NOT_AVAILABLE,NOT_GOLDBET,49aeebebb37766608b2be87903ad7b22e568fff5e701f9ba9421171b8ecccdf3,1422.915899299939,1502.9266167806131,-80.0107174806742,-1.7999999999999998,-1.4,-1.2000000000000002,-15.267389186629998,26,26,False
fa8141bec592ed7aad55f8f6,Bundesliga,2022/2023,DEVELOPMENT,2023-04-29,16:00,MATCH_KICKOFF_TIME_TIMEZONE_NOT_STATED_BY_SOURCE,,NOT_VERIFIED_DO_NOT_INFER,Tirol,Hartberg,1,1,D,EVALUATION_ONLY_JOIN_AFTER_PREMATCH_FEATURE_FREEZE,2.28,3.55,2.88,EXTERNAL_HISTORICAL_MARKET_BENCHMARK,NOT_AVAILABLE,NOT_GOLDBET,d9319bb666563784a454c498feeefefaa3cb30261516741009fb3b2414a058e4,1471.2521965763947,1434.5756645281183,36.676532048276385,-0.3999999999999999,-0.4,-0.7999999999999999,4.827290811442026,26,26,False
6d0dc7d59d985703a1d8853c,Bundesliga,2022/2023,DEVELOPMENT,2023-04-30,16:00,MATCH_KICKOFF_TIME_TIMEZONE_NOT_STATED_BY_SOURCE,,NOT_VERIFIED_DO_NOT_INFER,LASK,A. Klagenfurt,4,0,H,EVALUATION_ONLY_JOIN_AFTER_PREMATCH_FEATURE_FREEZE,1.44,4.65,6.47,EXTERNAL_HISTORICAL_MARKET_BENCHMARK,NOT_AVAILABLE,NOT_GOLDBET,f46ab64078c4dba3438076054819b9700f7e3cc9b2d3dd227065b7f0aa6679da,1562.6582492112652,1480.6743682985996,81.98388091266565,1.2000000000000002,2.2,0.8,-6.622472235130772,26,26,False
1b916e7fe9063e5464fd5a29,Bundesliga,2022/2023,DEVELOPMENT,2023-05-05,18:30,MATCH_KICKOFF_TIME_TIMEZONE_NOT_STATED_BY_SOURCE,,NOT_VERIFIED_DO_NOT_INFER,Wolfsberger AC,Altach,0,0,D,EVALUATION_ONLY_JOIN_AFTER_PREMATCH_FEATURE_FREEZE,2,3.47,3.62,EXTERNAL_HISTORICAL_MARKET_BENCHMARK,NOT_AVAILABLE,NOT_GOLDBET,b5f7d2eb3c9bec9df52226328bbab6ccb96b0971ae36130042fbc897d75a60e8,1464.6558021583044,1423.9218765539015,40.733925604402884,1.0,0.6000000000000001,0.4,-0.5560744315025659,27,27,False
38128902017b6aa67fb5606d,Bundesliga,2022/2023,DEVELOPMENT,2023-05-06,16:00,MATCH_KICKOFF_TIME_TIMEZONE_NOT_STATED_BY_SOURCE,,NOT_VERIFIED_DO_NOT_INFER,A. Lustenau,Ried,2,2,D,EVALUATION_ONLY_JOIN_AFTER_PREMATCH_FEATURE_FREEZE,2.33,3.38,2.94,EXTERNAL_HISTORICAL_MARKET_BENCHMARK,NOT_AVAILABLE,NOT_GOLDBET,37e830756c07661840ac3d5c3d36af431cd445ac46557a106f78d33196c914f5,1502.3512980493547,1423.4912180311974,78.8600800181573,1.4,1.0,1.0,-12.831250216805074,27,27,False
1b25f33fb2e770a61a37c512,Bundesliga,2022/2023,DEVELOPMENT,2023-05-06,16:00,MATCH_KICKOFF_TIME_TIMEZONE_NOT_STATED_BY_SOURCE,,NOT_VERIFIED_DO_NOT_INFER,Hartberg,Tirol,5,0,H,EVALUATION_ONLY_JOIN_AFTER_PREMATCH_FEATURE_FREEZE,2.05,3.69,3.27,EXTERNAL_HISTORICAL_MARKET_BENCHMARK,NOT_AVAILABLE,NOT_GOLDBET,a1c14886360024a1305699efde86998355ee541ea9ff47f761a01eb8e303bdf4,1437.2885797652486,1468.5392813392643,-31.250701574015693,0.19999999999999996,0.0,0.0,10.78867496093676,27,27,False
8fc5b2e966f0de2891f92985,Bundesliga,2022/2023,DEVELOPMENT,2023-05-07,13:30,MATCH_KICKOFF_TIME_TIMEZONE_NOT_STATED_BY_SOURCE,,NOT_VERIFIED_DO_NOT_INFER,A. Klagenfurt,LASK,1,1,D,EVALUATION_ONLY_JOIN_AFTER_PREMATCH_FEATURE_FREEZE,5.63,4.37,1.53,EXTERNAL_HISTORICAL_MARKET_BENCHMARK,NOT_AVAILABLE,NOT_GOLDBET,172246e44e01954d7d1bbfd8399f61635159a44a8907cfb0ddfedcf97e902737,1474.547732294872,1568.7848852149928,-94.2371529201207,-1.6,-3.4,-0.19999999999999996,13.310076484973024,27,27,False
834c270da44977abc7e0980c,Bundesliga,2022/2023,DEVELOPMENT,2023-05-07,13:30,MATCH_KICKOFF_TIME_TIMEZONE_NOT_STATED_BY_SOURCE,,NOT_VERIFIED_DO_NOT_INFER,Austria Vienna,Sturm Graz,1,2,A,EVALUATION_ONLY_JOIN_AFTER_PREMATCH_FEATURE_FREEZE,3.9,3.83,1.83,EXTERNAL_HISTORICAL_MARKET_BENCHMARK,NOT_AVAILABLE,NOT_GOLDBET,35f628484c839f9a5773c75063fb6a7ab84bffee864e35d56851fae307fe133c,1508.3970750323522,1592.8674901210559,-84.4704150887037,-1.2000000000000002,-0.8,-0.3999999999999999,14.375482209971551,27,27,False
9128a11ff2b8145f9e98cd11,Bundesliga,2022/2023,DEVELOPMENT,2023-05-07,16:00,MATCH_KICKOFF_TIME_TIMEZONE_NOT_STATED_BY_SOURCE,,NOT_VERIFIED_DO_NOT_INFER,Salzburg,SK Rapid,2,1,H,EVALUATION_ONLY_JOIN_AFTER_PREMATCH_FEATURE_FREEZE,1.46,4.54,6.27,EXTERNAL_HISTORICAL_MARKET_BENCHMARK,NOT_AVAILABLE,NOT_GOLDBET,f836f48c540b863483d8b89ceafb03bd2638e844cc9af54b313b1de8c14b9bbf,1631.2816331743281,1503.8731282651281,127.40850490920002,0.8,1.4,1.2000000000000002,-25.402223335400777,27,27,False
3c3f21dbe3a333d83ea6ef83,Bundesliga,2022/2023,DEVELOPMENT,2023-05-12,18:30,MATCH_KICKOFF_TIME_TIMEZONE_NOT_STATED_BY_SOURCE,,NOT_VERIFIED_DO_NOT_INFER,Tirol,Ried,1,1,D,EVALUATION_ONLY_JOIN_AFTER_PREMATCH_FEATURE_FREEZE,2.25,3.53,2.97,EXTERNAL_HISTORICAL_MARKET_BENCHMARK,NOT_AVAILABLE,NOT_GOLDBET,43632979d8755c4666694c6843aebde06732abfb9952855ae35f04d11031769d,1459.364869232734,1427.2878959974657,32.07697323526827,0.19999999999999996,-0.19999999999999996,-0.19999999999999996,-22.63033671787207,28,28,False
2a5f3b5e8585d2bcf96cb605,Bundesliga,2022/2023,DEVELOPMENT,2023-05-13,16:00,MATCH_KICKOFF_TIME_TIMEZONE_NOT_STATED_BY_SOURCE,,NOT_VERIFIED_DO_NOT_INFER,Altach,Hartberg,0,1,A,EVALUATION_ONLY_JOIN_AFTER_PREMATCH_FEATURE_FREEZE,3.64,3.51,1.98,EXTERNAL_HISTORICAL_MARKET_BENCHMARK,NOT_AVAILABLE,NOT_GOLDBET,8c8a5f2624eaa9282b79ad0d0ebc11802b212314992dcaaa508866771dbf3b44,1426.7426314197592,1446.462991871779,-19.720360452019804,-1.2000000000000002,-2.0,0.0,1.3727007754307579,28,28,False
12b268097721f7023c3896d5,Bundesliga,2022/2023,DEVELOPMENT,2023-05-13,16:00,MATCH_KICKOFF_TIME_TIMEZONE_NOT_STATED_BY_SOURCE,,NOT_VERIFIED_DO_NOT_INFER,Wolfsberger AC,A. Lustenau,2,2,D,EVALUATION_ONLY_JOIN_AFTER_PREMATCH_FEATURE_FREEZE,1.93,3.63,3.71,EXTERNAL_HISTORICAL_MARKET_BENCHMARK,NOT_AVAILABLE,NOT_GOLDBET,67e62e4c5ef63319d410f31ec77d5d53c67e76e4925a2432a3dadd2320bfa85b,1461.8350472924467,1498.5546200830863,-36.71957279063963,0.0,-0.2,-1.0,11.460620957716174,28,28,False
a761d8f0d405ef97b129670d,Bundesliga,2022/2023,DEVELOPMENT,2023-05-14,13:30,MATCH_KICKOFF_TIME_TIMEZONE_NOT_STATED_BY_SOURCE,,NOT_VERIFIED_DO_NOT_INFER,LASK,Salzburg,0,1,A,EVALUATION_ONLY_JOIN_AFTER_PREMATCH_FEATURE_FREEZE,3.56,3.68,1.95,EXTERNAL_HISTORICAL_MARKET_BENCHMARK,NOT_AVAILABLE,NOT_GOLDBET,55505e222c59c4b5dc2d9a09a00ecb11c637e532025e899aaa24d425eaef2fde,1567.8026380919093,1636.3562584763763,-68.55362038446697,0.40000000000000013,0.7999999999999999,-0.20000000000000018,2.2846923193787916,28,28,False
9d1aa3b9655c3e5866c2aa95,Bundesliga,2022/2023,DEVELOPMENT,2023-05-14,13:30,MATCH_KICKOFF_TIME_TIMEZONE_NOT_STATED_BY_SOURCE,,NOT_VERIFIED_DO_NOT_INFER,Sturm Graz,A. Klagenfurt,4,1,H,EVALUATION_ONLY_JOIN_AFTER_PREMATCH_FEATURE_FREEZE,1.22,6.32,11.66,EXTERNAL_HISTORICAL_MARKET_BENCHMARK,NOT_AVAILABLE,NOT_GOLDBET,549e8d1f5cacd1ecee50b29290ac479d36af7177284aae8594c6bfc357e48359,1602.164337260534,1475.5299794179555,126.63435784257854,1.0,1.5999999999999999,0.6000000000000001,-17.514341245077958,28,28,False
4ccff6aa19ae01b6527051b2,Bundesliga,2022/2023,DEVELOPMENT,2023-05-14,16:00,MATCH_KICKOFF_TIME_TIMEZONE_NOT_STATED_BY_SOURCE,,NOT_VERIFIED_DO_NOT_INFER,Austria Vienna,SK Rapid,3,1,H,EVALUATION_ONLY_JOIN_AFTER_PREMATCH_FEATURE_FREEZE,2.5,3.52,2.65,EXTERNAL_HISTORICAL_MARKET_BENCHMARK,NOT_AVAILABLE,NOT_GOLDBET,38e994d06753b919a22d681630336bf383345b34a725deaa6bd5c4f4c9f4af22,1499.100227892874,1498.79850296308,0.3017249297940907,-0.6,-0.39999999999999997,0.7999999999999999,-8.687804406660007,28,28,False
8e1f57643f7cd8cce46a218c,Bundesliga,2022/2023,DEVELOPMENT,2023-05-19,18:30,MATCH_KICKOFF_TIME_TIMEZONE_NOT_STATED_BY_SOURCE,,NOT_VERIFIED_DO_NOT_INFER,Ried,Altach,0,1,A,EVALUATION_ONLY_JOIN_AFTER_PREMATCH_FEATURE_FREEZE,1.9,3.59,3.9,EXTERNAL_HISTORICAL_MARKET_BENCHMARK,NOT_AVAILABLE,NOT_GOLDBET,66be7898093d595e7d6c3162cb13a216cd000a26be6d4a2d8e23da1681e1891c,1429.8777339309836,1415.5884565532049,14.289277377778717,0.4,0.6,0.0,33.099488241883364,29,29,False
bdf6f8a5e90b5490d0f664ec,Bundesliga,2022/2023,DEVELOPMENT,2023-05-20,16:00,MATCH_KICKOFF_TIME_TIMEZONE_NOT_STATED_BY_SOURCE,,NOT_VERIFIED_DO_NOT_INFER,A. Lustenau,Tirol,2,4,A,EVALUATION_ONLY_JOIN_AFTER_PREMATCH_FEATURE_FREEZE,2.75,3.53,2.41,EXTERNAL_HISTORICAL_MARKET_BENCHMARK,NOT_AVAILABLE,NOT_GOLDBET,0984d44a521e8062f8e238cbe7ce7e4fc8ce29483a7ce55e05df4b42ff0f615a,1499.2236836058257,1456.7750312992162,42.448652306609574,0.6,1.4,0.9999999999999999,4.419285911948691,29,29,False
c4a4b3cd21a1872c4bba4640,Bundesliga,2022/2023,DEVELOPMENT,2023-05-20,16:00,MATCH_KICKOFF_TIME_TIMEZONE_NOT_STATED_BY_SOURCE,,NOT_VERIFIED_DO_NOT_INFER,Hartberg,Wolfsberger AC,0,2,A,EVALUATION_ONLY_JOIN_AFTER_PREMATCH_FEATURE_FREEZE,1.91,3.7,3.73,EXTERNAL_HISTORICAL_MARKET_BENCHMARK,NOT_AVAILABLE,NOT_GOLDBET,e0e44c4f65c89f706f401273d53ecd81ca702501bcfd564e66cd0ba650e0c8f8,1457.6171667383333,1461.1659837697073,-3.5488170313740284,0.0,0.3999999999999999,0.20000000000000018,-7.334555888272689,29,29,False
fe612e8e98d3e9ee4de52737,Bundesliga,2022/2023,DEVELOPMENT,2023-05-21,13:30,MATCH_KICKOFF_TIME_TIMEZONE_NOT_STATED_BY_SOURCE,,NOT_VERIFIED_DO_NOT_INFER,A. Klagenfurt,Austria Vienna,1,1,D,EVALUATION_ONLY_JOIN_AFTER_PREMATCH_FEATURE_FREEZE,4.94,4.37,1.58,EXTERNAL_HISTORICAL_MARKET_BENCHMARK,NOT_AVAILABLE,NOT_GOLDBET,4e5a36f5045e43bd1a3d83a225260784495b805ecbf6cd62ed57ba111f032384,1470.4384592573476,1507.3818251627001,-36.94336590535249,0.0,-1.4000000000000001,0.3999999999999999,39.03154341369623,29,29,False
3909cf794a90d97dd9d7505b,Bundesliga,2022/2023,DEVELOPMENT,2023-05-21,13:30,MATCH_KICKOFF_TIME_TIMEZONE_NOT_STATED_BY_SOURCE,,NOT_VERIFIED_DO_NOT_INFER,SK Rapid,LASK,1,1,D,EVALUATION_ONLY_JOIN_AFTER_PREMATCH_FEATURE_FREEZE,2.57,3.57,2.54,EXTERNAL_HISTORICAL_MARKET_BENCHMARK,NOT_AVAILABLE,NOT_GOLDBET,d61093d2379011bfb4569c047fec24fbfe4b219228d00f9e62f60ca873d243f3,1490.5169056932539,1558.0487813488223,-67.53187565556846,-1.2000000000000002,-2.0,0.20000000000000018,23.95862829099042,29,29,False
749d0dc783ef7b35ccb5c05d,Bundesliga,2022/2023,DEVELOPMENT,2023-05-21,16:00,MATCH_KICKOFF_TIME_TIMEZONE_NOT_STATED_BY_SOURCE,,NOT_VERIFIED_DO_NOT_INFER,Salzburg,Sturm Graz,2,1,H,EVALUATION_ONLY_JOIN_AFTER_PREMATCH_FEATURE_FREEZE,2.04,3.42,3.57,EXTERNAL_HISTORICAL_MARKET_BENCHMARK,NOT_AVAILABLE,NOT_GOLDBET,21640a64e6c3993c38c62f99f5deb730f955fc322e80941ffed8da73fe108467,1646.1101152194633,1607.2558574211419,38.85425779832144,-0.19999999999999973,-0.19999999999999996,-0.5999999999999999,25.232162903408607,29,29,False
29158a903642027398d9d224,Bundesliga,2022/2023,DEVELOPMENT,2023-05-27,16:00,MATCH_KICKOFF_TIME_TIMEZONE_NOT_STATED_BY_SOURCE,,NOT_VERIFIED_DO_NOT_INFER,Altach,A. Lustenau,1,1,D,EVALUATION_ONLY_JOIN_AFTER_PREMATCH_FEATURE_FREEZE,2.55,3.31,2.7,EXTERNAL_HISTORICAL_MARKET_BENCHMARK,NOT_AVAILABLE,NOT_GOLDBET,2f3b033d25f1eee9ec0f03970908e610dbeaae5f9f7c760ffa0757cf205aa7d6,1427.6946727025634,1486.3575653723258,-58.662892669762414,-0.19999999999999996,-0.4,-1.4000000000000001,-6.505365042488393,30,30,False
a84e95b82e0ff72f47826964,Bundesliga,2022/2023,DEVELOPMENT,2023-05-27,16:00,MATCH_KICKOFF_TIME_TIMEZONE_NOT_STATED_BY_SOURCE,,NOT_VERIFIED_DO_NOT_INFER,Hartberg,Ried,2,0,H,EVALUATION_ONLY_JOIN_AFTER_PREMATCH_FEATURE_FREEZE,1.82,3.94,3.84,EXTERNAL_HISTORICAL_MARKET_BENCHMARK,NOT_AVAILABLE,NOT_GOLDBET,524a0f03180d211f70c17270742dea8492426833ac0d71fb4377ea5b830590f5,1446.006519685357,1417.771517781625,28.235001903731927,0.8,1.0,-0.19999999999999996,-6.7980679158729345,30,30,False
2eae28a8c3362625ebeabdd7,Bundesliga,2022/2023,DEVELOPMENT,2023-05-27,16:00,MATCH_KICKOFF_TIME_TIMEZONE_NOT_STATED_BY_SOURCE,,NOT_VERIFIED_DO_NOT_INFER,Wolfsberger AC,Tirol,2,0,H,EVALUATION_ONLY_JOIN_AFTER_PREMATCH_FEATURE_FREEZE,2.11,3.62,3.15,EXTERNAL_HISTORICAL_MARKET_BENCHMARK,NOT_AVAILABLE,NOT_GOLDBET,670cfb0928a321e8f9f9e23f0bb05378245650f096ffd31126977dd99aa3294c,1472.7766308226835,1469.641149532716,3.1354812899674016,0.8,1.8,0.3999999999999999,-8.482906961198523,30,30,False
e299bfc92df90f99f676b011,Bundesliga,2022/2023,DEVELOPMENT,2023-05-28,16:00,MATCH_KICKOFF_TIME_TIMEZONE_NOT_STATED_BY_SOURCE,,NOT_VERIFIED_DO_NOT_INFER,LASK,Austria Vienna,3,1,H,EVALUATION_ONLY_JOIN_AFTER_PREMATCH_FEATURE_FREEZE,2.15,3.77,3.01,EXTERNAL_HISTORICAL_MARKET_BENCHMARK,NOT_AVAILABLE,NOT_GOLDBET,43d9f05a9ec910082f7285f119561043a8ef0a643cee1d7e2451082a69a9fdf6,1557.8320304946665,1508.044475960487,49.787554534179435,0.8,1.2,1.2000000000000002,-4.992490267492485,30,30,False
7417452081324ab1f224ffc4,Bundesliga,2022/2023,DEVELOPMENT,2023-05-28,16:00,MATCH_KICKOFF_TIME_TIMEZONE_NOT_STATED_BY_SOURCE,,NOT_VERIFIED_DO_NOT_INFER,SK Rapid,Sturm Graz,3,2,H,EVALUATION_ONLY_JOIN_AFTER_PREMATCH_FEATURE_FREEZE,3.37,3.67,2.02,EXTERNAL_HISTORICAL_MARKET_BENCHMARK,NOT_AVAILABLE,NOT_GOLDBET,fed80c2fc1b70e2b59a6fde8e2a71d37095041e33814d0dd89dfc65f49f0e353,1490.7336565474097,1600.0267401237304,-109.29308357632067,-1.4,-1.4,0.0,22.052664437907197,30,30,False
c272d83a24bcc906124e3c08,Bundesliga,2022/2023,DEVELOPMENT,2023-05-28,16:00,MATCH_KICKOFF_TIME_TIMEZONE_NOT_STATED_BY_SOURCE,,NOT_VERIFIED_DO_NOT_INFER,Salzburg,A. Klagenfurt,3,2,H,EVALUATION_ONLY_JOIN_AFTER_PREMATCH_FEATURE_FREEZE,1.17,7.71,13.09,EXTERNAL_HISTORICAL_MARKET_BENCHMARK,NOT_AVAILABLE,NOT_GOLDBET,65c112ae08ce0f6f88c448be8874a3a8c18333ea92491e14eca208f7f344e867,1653.3392325168747,1469.7758084595607,183.56342405731402,1.6,2.2,1.2000000000000002,1.8324682441345885,30,30,False
1d195677e8d0489551b2cfc1,Bundesliga,2022/2023,DEVELOPMENT,2023-06-02,18:30,MATCH_KICKOFF_TIME_TIMEZONE_NOT_STATED_BY_SOURCE,,NOT_VERIFIED_DO_NOT_INFER,A. Lustenau,Hartberg,5,1,H,EVALUATION_ONLY_JOIN_AFTER_PREMATCH_FEATURE_FREEZE,3.55,3.71,1.95,EXTERNAL_HISTORICAL_MARKET_BENCHMARK,NOT_AVAILABLE,NOT_GOLDBET,ba3d3622a6b81fa5f289310615a90f501f45535be75a49680f2252be537a6ead,1486.3960502249056,1453.5201376987402,32.87591252616539,-1.2,-1.6,-0.20000000000000018,-10.55194845227743,31,31,False
515c232c714913063462248b,Bundesliga,2022/2023,DEVELOPMENT,2023-06-02,18:30,MATCH_KICKOFF_TIME_TIMEZONE_NOT_STATED_BY_SOURCE,,NOT_VERIFIED_DO_NOT_INFER,Ried,Wolfsberger AC,1,2,A,EVALUATION_ONLY_JOIN_AFTER_PREMATCH_FEATURE_FREEZE,2.88,3.59,2.28,EXTERNAL_HISTORICAL_MARKET_BENCHMARK,NOT_AVAILABLE,NOT_GOLDBET,b310397e0d41c57b69ef6560f0f54136b04dfe136a5034c0268d950706001d2e,1410.257899768242,1480.9791870146682,-70.7212872464263,-1.6,-1.7999999999999998,-1.4,8.27758606502698,31,31,False
82c4620387300e2565d4ed16,Bundesliga,2022/2023,DEVELOPMENT,2023-06-02,18:30,MATCH_KICKOFF_TIME_TIMEZONE_NOT_STATED_BY_SOURCE,,NOT_VERIFIED_DO_NOT_INFER,Tirol,Altach,1,1,D,EVALUATION_ONLY_JOIN_AFTER_PREMATCH_FEATURE_FREEZE,1.93,3.87,3.48,EXTERNAL_HISTORICAL_MARKET_BENCHMARK,NOT_AVAILABLE,NOT_GOLDBET,b7938995644cbb42076ebe14428f3976375f1a2aea7f929d2176d70b4c5101b1,1461.4385933407314,1427.6561878499836,33.782405490747806,0.0,-0.6,-0.19999999999999996,-1.9328600516330425,31,31,False
157412cdc17180411e298794,Bundesliga,2022/2023,DEVELOPMENT,2023-06-03,16:00,MATCH_KICKOFF_TIME_TIMEZONE_NOT_STATED_BY_SOURCE,,NOT_VERIFIED_DO_NOT_INFER,A. Klagenfurt,SK Rapid,2,1,H,EVALUATION_ONLY_JOIN_AFTER_PREMATCH_FEATURE_FREEZE,4.12,3.97,1.76,EXTERNAL_HISTORICAL_MARKET_BENCHMARK,NOT_AVAILABLE,NOT_GOLDBET,7b66d811227b5400043481ceac930c73d0974661195d0a3704f7617fecb84d59,1465.8260319402361,1502.1429820754,-36.31695013516378,-0.6,-1.2000000000000002,1.0,-5.487779369865848,31,31,False
e21f8155a1e6c4a1ab36270f,Bundesliga,2022/2023,DEVELOPMENT,2023-06-03,16:00,MATCH_KICKOFF_TIME_TIMEZONE_NOT_STATED_BY_SOURCE,,NOT_VERIFIED_DO_NOT_INFER,Austria Vienna,Salzburg,1,1,D,EVALUATION_ONLY_JOIN_AFTER_PREMATCH_FEATURE_FREEZE,3.48,3.87,1.93,EXTERNAL_HISTORICAL_MARKET_BENCHMARK,NOT_AVAILABLE,NOT_GOLDBET,cf0e215f9f37401f77ce09a37cf96562b13a594aee7edb8b1eb9942ac8afb1be,1501.1032777751213,1657.2890090361993,-156.185731261078,-1.8,-1.2000000000000002,-1.2000000000000002,11.174195265129129,31,31,False
8e539f82856a1a92740d3750,Bundesliga,2022/2023,DEVELOPMENT,2023-06-03,16:00,MATCH_KICKOFF_TIME_TIMEZONE_NOT_STATED_BY_SOURCE,,NOT_VERIFIED_DO_NOT_INFER,Sturm Graz,LASK,2,0,H,EVALUATION_ONLY_JOIN_AFTER_PREMATCH_FEATURE_FREEZE,1.7,4.24,4.15,EXTERNAL_HISTORICAL_MARKET_BENCHMARK,NOT_AVAILABLE,NOT_GOLDBET,9076a11f86b5f4657fc54c826ff96575d9745552e9bc05cd39cd0557521990a4,1588.6174145957402,1564.7732286800322,23.844185915708067,0.19999999999999996,-0.4,1.4,9.08180143124946,31,31,False
dca48d9594caabb8770db204,Bundesliga,2023/2024,DEVELOPMENT,2023-07-28,19:30,MATCH_KICKOFF_TIME_TIMEZONE_NOT_STATED_BY_SOURCE,,NOT_VERIFIED_DO_NOT_INFER,LASK,SK Rapid,1,1,D,EVALUATION_ONLY_JOIN_AFTER_PREMATCH_FEATURE_FREEZE,1.88,3.8,3.75,EXTERNAL_HISTORICAL_MARKET_BENCHMARK,NOT_AVAILABLE,NOT_GOLDBET,a3f52e791fc160201368e38a60db86379876202c43b12577be7856373a8391aa,1528.5703391201719,1496.4117906175352,32.15854850263668,0.19999999999999996,0.39999999999999997,2.4,-11.240125491852268,32,32,False
eb1b9e965340b58f6210e2e1,Bundesliga,2023/2024,DEVELOPMENT,2023-07-29,16:00,MATCH_KICKOFF_TIME_TIMEZONE_NOT_STATED_BY_SOURCE,,NOT_VERIFIED_DO_NOT_INFER,Hartberg,A. Lustenau,2,2,D,EVALUATION_ONLY_JOIN_AFTER_PREMATCH_FEATURE_FREEZE,1.87,3.7,3.87,EXTERNAL_HISTORICAL_MARKET_BENCHMARK,NOT_AVAILABLE,NOT_GOLDBET,80c7374168172a4ada6fb6a02b66f2f46a8b590e9f4bca5207319c1d16057fde,1473.0657078955621,1496.8923860662608,-23.826678170698642,0.6000000000000001,0.0,-0.40000000000000013,7.459871502219585,32,32,False
b7b9816d8cd234abd1dc6283,Bundesliga,2023/2024,DEVELOPMENT,2023-07-29,16:00,MATCH_KICKOFF_TIME_TIMEZONE_NOT_STATED_BY_SOURCE,,NOT_VERIFIED_DO_NOT_INFER,Tirol,A. Klagenfurt,1,3,A,EVALUATION_ONLY_JOIN_AFTER_PREMATCH_FEATURE_FREEZE,2.33,3.6,2.79,EXTERNAL_HISTORICAL_MARKET_BENCHMARK,NOT_AVAILABLE,NOT_GOLDBET,f236c858887c137ee5237435c6401684d13644ad045400390381564186d47274,1479.401509987465,1487.572716390283,-8.171206402817916,0.0,-0.4,0.6,-113.91605683785906,32,32,False
baa54074ab273d7417813d40,Bundesliga,2023/2024,DEVELOPMENT,2023-07-29,16:00,MATCH_KICKOFF_TIME_TIMEZONE_NOT_STATED_BY_SOURCE,,NOT_VERIFIED_DO_NOT_INFER,Wolfsberger AC,BW Linz,2,1,H,EVALUATION_ONLY_JOIN_AFTER_PREMATCH_FEATURE_FREEZE,2.23,3.4,3.1,EXTERNAL_HISTORICAL_MARKET_BENCHMARK,NOT_AVAILABLE,NOT_GOLDBET,599a231b91968d2c2a0bc90d2f897f41ba55601cae7923e01aec94d6bc3498ec,1495.3353507366126,1500.0,-4.664649263387446,,,,,32,0,False
ad61dc72de4e0cebd0aa3b8a,Bundesliga,2023/2024,DEVELOPMENT,2023-07-29,18:30,MATCH_KICKOFF_TIME_TIMEZONE_NOT_STATED_BY_SOURCE,,NOT_VERIFIED_DO_NOT_INFER,Altach,Salzburg,0,2,A,EVALUATION_ONLY_JOIN_AFTER_PREMATCH_FEATURE_FREEZE,6.68,4.59,1.43,EXTERNAL_HISTORICAL_MARKET_BENCHMARK,NOT_AVAILABLE,NOT_GOLDBET,b5e02d5d7c849352b5ea8b05162e423ab7d1fe31b1bbc5a9ef749c294faf87d2,1465.1458806078922,1577.2945927504493,-112.14871214255709,-1.4000000000000001,-0.8,-1.2000000000000002,-72.20360466774764,32,32,False
297ebd0efd302ca3ed5e4f96,Bundesliga,2023/2024,DEVELOPMENT,2023-07-30,16:00,MATCH_KICKOFF_TIME_TIMEZONE_NOT_STATED_BY_SOURCE,,NOT_VERIFIED_DO_NOT_INFER,Austria Vienna,Sturm Graz,0,3,A,EVALUATION_ONLY_JOIN_AFTER_PREMATCH_FEATURE_FREEZE,3.08,3.59,2.18,EXTERNAL_HISTORICAL_MARKET_BENCHMARK,NOT_AVAILABLE,NOT_GOLDBET,4ba12bc785e08493a2ffb77f0722182aabe1435ed93d639c8a4c87ef7c5f41c5,1501.9015506552112,1548.1249825177142,-46.22343186250305,-0.8,-1.0,-0.19999999999999996,18.336287395027284,32,32,False
e9e86693e1ad7529d4322822,Bundesliga,2023/2024,DEVELOPMENT,2023-08-05,16:00,MATCH_KICKOFF_TIME_TIMEZONE_NOT_STATED_BY_SOURCE,,NOT_VERIFIED_DO_NOT_INFER,SK Rapid,Altach,4,0,H,EVALUATION_ONLY_JOIN_AFTER_PREMATCH_FEATURE_FREEZE,1.5,4.41,5.87,EXTERNAL_HISTORICAL_MARKET_BENCHMARK,NOT_AVAILABLE,NOT_GOLDBET,ecca0e81f6787a57c919ace2737c008b70549ed63537615c586e60971057bafb,1499.003818861316,1456.6356702275066,42.36814863380937,0.0,0.0,0.6000000000000001,50.028128631913205,33,33,False
b517838039eb77d25f0191ff,Bundesliga,2023/2024,DEVELOPMENT,2023-08-05,18:30,MATCH_KICKOFF_TIME_TIMEZONE_NOT_STATED_BY_SOURCE,,NOT_VERIFIED_DO_NOT_INFER,Sturm Graz,LASK,2,0,H,EVALUATION_ONLY_JOIN_AFTER_PREMATCH_FEATURE_FREEZE,1.93,3.68,3.64,EXTERNAL_HISTORICAL_MARKET_BENCHMARK,NOT_AVAILABLE,NOT_GOLDBET,056a516aa92c8ae1b9bbb2078e44970e068bc592e2c49dc73e0b8cdb403fabb5,1558.5212963376541,1525.978310876391,32.542985461263015,0.8,1.4,1.5999999999999999,-8.179662964664203,33,33,False
9f9994faaf4b72d41192acaa,Bundesliga,2023/2024,DEVELOPMENT,2023-08-06,16:00,MATCH_KICKOFF_TIME_TIMEZONE_NOT_STATED_BY_SOURCE,,NOT_VERIFIED_DO_NOT_INFER,A. Lustenau,Austria Vienna,0,2,A,EVALUATION_ONLY_JOIN_AFTER_PREMATCH_FEATURE_FREEZE,3.68,3.76,1.89,EXTERNAL_HISTORICAL_MARKET_BENCHMARK,NOT_AVAILABLE,NOT_GOLDBET,006c353f648f11c758f0667d837970b42434dbeff93b7e8285b078c97b3211de,1497.929792182812,1491.5052368352713,6.424555347540718,0.19999999999999996,1.0,0.7999999999999999,-91.91847747609586,33,33,False
aee1aca6e20670c335a98a19,Bundesliga,2023/2024,DEVELOPMENT,2023-08-06,16:00,MATCH_KICKOFF_TIME_TIMEZONE_NOT_STATED_BY_SOURCE,,NOT_VERIFIED_DO_NOT_INFER,BW Linz,Hartberg,3,3,D,EVALUATION_ONLY_JOIN_AFTER_PREMATCH_FEATURE_FREEZE,2.23,3.52,3,EXTERNAL_HISTORICAL_MARKET_BENCHMARK,NOT_AVAILABLE,NOT_GOLDBET,47bbc47bc694b7dbab90c8d6d3337e5269470bc3da8daf2428fadfa1b58d57e0,1491.5793478910502,1472.028301779011,19.55104611203933,-1.4,-0.4,,37.54163688416088,1,33,False
f41a69ac130afd95bfba609e,Bundesliga,2023/2024,DEVELOPMENT,2023-08-06,16:00,MATCH_KICKOFF_TIME_TIMEZONE_NOT_STATED_BY_SOURCE,,NOT_VERIFIED_DO_NOT_INFER,Salzburg,Tirol,3,0,H,EVALUATION_ONLY_JOIN_AFTER_PREMATCH_FEATURE_FREEZE,1.16,8.11,13.81,EXTERNAL_HISTORICAL_MARKET_BENCHMARK,NOT_AVAILABLE,NOT_GOLDBET,d08c08ffd1bd8d7ab68cc730653fefbc2d511fdcf87b75de177cf7e7dc8139bf,1585.804803130835,1467.920725227516,117.88407790331894,1.6,1.4,1.4000000000000001,59.31326953787675,33,33,False
4be9467ab0e14f8efb34f74c,Bundesliga,2023/2024,DEVELOPMENT,2023-08-09,19:30,MATCH_KICKOFF_TIME_TIMEZONE_NOT_STATED_BY_SOURCE,,NOT_VERIFIED_DO_NOT_INFER,A. Klagenfurt,Wolfsberger AC,2,2,D,EVALUATION_ONLY_JOIN_AFTER_PREMATCH_FEATURE_FREEZE,2.51,3.44,2.66,EXTERNAL_HISTORICAL_MARKET_BENCHMARK,NOT_AVAILABLE,NOT_GOLDBET,594e8fae165b9fe67169a6e3b1604472d4ea7ddd90d068506b5cb6f7d3814796,1499.053501150232,1503.7560028455623,-4.702501695330284,-1.2000000000000002,-1.4,-1.4,81.67181017611915,33,33,False
feb45d322a8f9e5c9b10c524,Bundesliga,2023/2024,DEVELOPMENT,2023-08-12,16:00,MATCH_KICKOFF_TIME_TIMEZONE_NOT_STATED_BY_SOURCE,,NOT_VERIFIED_DO_NOT_INFER,Sturm Graz,A. Klagenfurt,0,0,D,EVALUATION_ONLY_JOIN_AFTER_PREMATCH_FEATURE_FREEZE,1.38,5.03,7.15,EXTERNAL_HISTORICAL_MARKET_BENCHMARK,NOT_AVAILABLE,NOT_GOLDBET,a93f5d361bad40d768e369472fd59833221c7a3f99d8cd5434e44fcdb4cfd6d2,1565.9189494856557,1497.4752155826789,68.44373390297687,0.19999999999999996,0.6,1.2,16.695061878101114,34,34,False
7d42c250c776536409334f51,Bundesliga,2023/2024,DEVELOPMENT,2023-08-12,16:00,MATCH_KICKOFF_TIME_TIMEZONE_NOT_STATED_BY_SOURCE,,NOT_VERIFIED_DO_NOT_INFER,Wolfsberger AC,A. Lustenau,1,1,D,EVALUATION_ONLY_JOIN_AFTER_PREMATCH_FEATURE_FREEZE,1.76,3.91,4.14,EXTERNAL_HISTORICAL_MARKET_BENCHMARK,NOT_AVAILABLE,NOT_GOLDBET,5b4429cae65fc05a1b8180a224644b84898f40f0cb24c94c2c9a5fb5fecf2ca8,1505.3342884131155,1486.0408980669833,19.293390346132128,1.6,1.2,0.40000000000000013,6.801786151634133,34,34,False
5a5bd3792584acb94f4fdbe6,Bundesliga,2023/2024,DEVELOPMENT,2023-08-12,18:30,MATCH_KICKOFF_TIME_TIMEZONE_NOT_STATED_BY_SOURCE,,NOT_VERIFIED_DO_NOT_INFER,LASK,BW Linz,2,0,H,EVALUATION_ONLY_JOIN_AFTER_PREMATCH_FEATURE_FREEZE,1.55,4.32,5.27,EXTERNAL_HISTORICAL_MARKET_BENCHMARK,NOT_AVAILABLE,NOT_GOLDBET,bfd4006e06a63d3f324752e1789e33234c0ab2f4cb956f95efc8622ae1518cd5,1518.5806577283895,1489.3288753988188,29.251782329570688,0.5,0.09999999999999998,2.0,44.740550383122354,34,2,False
ea0c9c69805a24945178a008,Bundesliga,2023/2024,DEVELOPMENT,2023-08-13,16:00,MATCH_KICKOFF_TIME_TIMEZONE_NOT_STATED_BY_SOURCE,,NOT_VERIFIED_DO_NOT_INFER,Altach,Tirol,1,0,H,EVALUATION_ONLY_JOIN_AFTER_PREMATCH_FEATURE_FREEZE,2.39,3.46,2.79,EXTERNAL_HISTORICAL_MARKET_BENCHMARK,NOT_AVAILABLE,NOT_GOLDBET,488a9c5c484d9690789ecf6a441d309e6c1d026ec39299a6fb2eab6b40192bf4,1449.4996615776324,1462.6356797435046,-13.136018165872201,0.19999999999999996,0.0,-0.4,-3.8123435087609323,34,34,False
25fea58927b4d990adfac909,Bundesliga,2023/2024,DEVELOPMENT,2023-08-13,16:00,MATCH_KICKOFF_TIME_TIMEZONE_NOT_STATED_BY_SOURCE,,NOT_VERIFIED_DO_NOT_INFER,SK Rapid,Hartberg,0,1,A,EVALUATION_ONLY_JOIN_AFTER_PREMATCH_FEATURE_FREEZE,1.87,3.75,3.77,EXTERNAL_HISTORICAL_MARKET_BENCHMARK,NOT_AVAILABLE,NOT_GOLDBET,cbfffee15af12c883b59ce48abbde6ff9d1acef3aff9cfede500a483c8117c76,1506.13982751119,1474.2787742712424,31.86105323994775,0.6000000000000001,1.6,0.6000000000000001,51.060455405383664,34,34,False
05faae4e0e822fd6f392b865,Bundesliga,2023/2024,DEVELOPMENT,2023-08-13,16:00,MATCH_KICKOFF_TIME_TIMEZONE_NOT_STATED_BY_SOURCE,,NOT_VERIFIED_DO_NOT_INFER,Salzburg,Austria Vienna,2,0,H,EVALUATION_ONLY_JOIN_AFTER_PREMATCH_FEATURE_FREEZE,1.51,4.5,5.47,EXTERNAL_HISTORICAL_MARKET_BENCHMARK,NOT_AVAILABLE,NOT_GOLDBET,1fffaa7bca96015a9688a3e4da7c0be59d6521f2e56095db3fe00a0feb2470a6,1591.0898486148462,1503.3941309511,87.69571766374634,1.6,2.0,1.6,-44.08254479950165,34,34,False
345008b04b7fd1edf521b132,Bundesliga,2023/2024,DEVELOPMENT,2023-08-19,16:00,MATCH_KICKOFF_TIME_TIMEZONE_NOT_STATED_BY_SOURCE,,NOT_VERIFIED_DO_NOT_INFER,A. Lustenau,Sturm Graz,0,1,A,EVALUATION_ONLY_JOIN_AFTER_PREMATCH_FEATURE_FREEZE,7.5,4.95,1.37,EXTERNAL_HISTORICAL_MARKET_BENCHMARK,NOT_AVAILABLE,NOT_GOLDBET,d0f84cec25e61b36461e50bbcbac85f3f24c89ddaba41b6e05a460b38986a389,1488.2843290453563,1562.3817373403833,-74.09740829502698,-0.8,-0.7999999999999999,-1.0,-45.9483837592943,35,35,False
a899d922fd103ce2416a9755,Bundesliga,2023/2024,DEVELOPMENT,2023-08-19,16:00,MATCH_KICKOFF_TIME_TIMEZONE_NOT_STATED_BY_SOURCE,,NOT_VERIFIED_DO_NOT_INFER,Tirol,LASK,1,1,D,EVALUATION_ONLY_JOIN_AFTER_PREMATCH_FEATURE_FREEZE,5.71,4.56,1.49,EXTERNAL_HISTORICAL_MARKET_BENCHMARK,NOT_AVAILABLE,NOT_GOLDBET,bf2f185192e4ae2d445e553c6ffe696e266e15b635538e6acd219c1b3c42aa20,1453.9764122879685,1526.066839699046,-72.0904274110776,-1.2,-1.6,0.0,-43.52277062776352,35,35,False
000fffd2964793c854bb4226,Bundesliga,2023/2024,DEVELOPMENT,2023-08-19,18:30,MATCH_KICKOFF_TIME_TIMEZONE_NOT_STATED_BY_SOURCE,,NOT_VERIFIED_DO_NOT_INFER,A. Klagenfurt,Altach,1,1,D,EVALUATION_ONLY_JOIN_AFTER_PREMATCH_FEATURE_FREEZE,1.99,3.44,3.67,EXTERNAL_HISTORICAL_MARKET_BENCHMARK,NOT_AVAILABLE,NOT_GOLDBET,81d1359729fafc9105001414478f888d7cd6294cde85bc828766e7ee91c07ee3,1501.0124277279513,1458.1589290331685,42.85349869478273,0.6000000000000001,1.4,0.0,43.56568536852615,35,35,False
8ccf7ba1bc395c4428c02330,Bundesliga,2023/2024,DEVELOPMENT,2023-08-20,16:00,MATCH_KICKOFF_TIME_TIMEZONE_NOT_STATED_BY_SOURCE,,NOT_VERIFIED_DO_NOT_INFER,Austria Vienna,Wolfsberger AC,0,0,D,EVALUATION_ONLY_JOIN_AFTER_PREMATCH_FEATURE_FREEZE,2,3.63,3.45,EXTERNAL_HISTORICAL_MARKET_BENCHMARK,NOT_AVAILABLE,NOT_GOLDBET,e7f42e0f620f3c1af4c3e6620239ceb79c3a9e6b02ce9d07fe1fd251e79991d2,1497.4063333911101,1503.0908574347425,-5.6845240436323365,-1.4000000000000001,-1.8,-1.8,97.45444286561292,35,35,False
5d3d30977669f0adf4061c0e,Bundesliga,2023/2024,DEVELOPMENT,2023-08-20,16:00,MATCH_KICKOFF_TIME_TIMEZONE_NOT_STATED_BY_SOURCE,,NOT_VERIFIED_DO_NOT_INFER,BW Linz,SK Rapid,0,5,A,EVALUATION_ONLY_JOIN_AFTER_PREMATCH_FEATURE_FREEZE,3.53,3.72,1.95,EXTERNAL_HISTORICAL_MARKET_BENCHMARK,NOT_AVAILABLE,NOT_GOLDBET,b4ecfef1e8ea3daa1ca2fa34a74318197447864c5798434d9b7f4d65ce8591a9,1481.8426934281622,1493.5557883526913,-11.71309492452906,-1.0666666666666667,-1.6,0.8,-9.752741055239767,3,35,False
d3dfe52e85e8fbe100d8c0a4,Bundesliga,2023/2024,DEVELOPMENT,2023-08-20,16:00,MATCH_KICKOFF_TIME_TIMEZONE_NOT_STATED_BY_SOURCE,,NOT_VERIFIED_DO_NOT_INFER,Hartberg,Salzburg,1,5,A,EVALUATION_ONLY_JOIN_AFTER_PREMATCH_FEATURE_FREEZE,5.14,4.37,1.56,EXTERNAL_HISTORICAL_MARKET_BENCHMARK,NOT_AVAILABLE,NOT_GOLDBET,05b42b430b029be124a2d361fb9cdd979ebf1691d73dc16637f2cbaafdbb65fa,1486.8628134297412,1597.077646174836,-110.21483274509478,-1.0,-1.8,-0.6000000000000001,-1.7121387092317946,35,35,False
6a826fab2478fcd5017fa913,Bundesliga,2023/2024,DEVELOPMENT,2023-08-26,16:00,MATCH_KICKOFF_TIME_TIMEZONE_NOT_STATED_BY_SOURCE,,NOT_VERIFIED_DO_NOT_INFER,Sturm Graz,BW Linz,4,1,H,EVALUATION_ONLY_JOIN_AFTER_PREMATCH_FEATURE_FREEZE,1.3,5.5,8.74,EXTERNAL_HISTORICAL_MARKET_BENCHMARK,NOT_AVAILABLE,NOT_GOLDBET,768e03031f635dacd46257f012cd7c2f5264868ead6e90b13aec66dd9cf6255c,1571.9762038426027,1470.4617643498484,101.51443949275426,2.35,3.6,2.6,20.80750231875777,36,4,False
03e494e8d6148a9d9cde0c28,Bundesliga,2023/2024,DEVELOPMENT,2023-08-26,16:00,MATCH_KICKOFF_TIME_TIMEZONE_NOT_STATED_BY_SOURCE,,NOT_VERIFIED_DO_NOT_INFER,Wolfsberger AC,Salzburg,1,2,A,EVALUATION_ONLY_JOIN_AFTER_PREMATCH_FEATURE_FREEZE,5.87,4.33,1.51,EXTERNAL_HISTORICAL_MARKET_BENCHMARK,NOT_AVAILABLE,NOT_GOLDBET,d26ffbcb24b49506dfc7039b86a309c2a7c22cafa91d14bffde1337314df67f7,1504.641569974027,1605.6423272928348,-101.0007573188077,-0.8,-1.8000000000000003,-0.40000000000000013,-6.333639122960676,36,36,False
aeaaac063185f4ec63696811,Bundesliga,2023/2024,DEVELOPMENT,2023-08-26,18:30,MATCH_KICKOFF_TIME_TIMEZONE_NOT_STATED_BY_SOURCE,,NOT_VERIFIED_DO_NOT_INFER,A. Lustenau,Altach,0,3,A,EVALUATION_ONLY_JOIN_AFTER_PREMATCH_FEATURE_FREEZE,2.89,3.41,2.36,EXTERNAL_HISTORICAL_MARKET_BENCHMARK,NOT_AVAILABLE,NOT_GOLDBET,65ea2e34888fad57bb6c92ac51102f4abb1af3aac228d1e9a3c37ff5d1df64e5,1478.689862543137,1461.035738903579,17.654123639558065,0.0,1.2,-0.3999999999999999,-3.1156008481759727,36,36,False
678f7284bc777e6828031844,Bundesliga,2023/2024,DEVELOPMENT,2023-08-27,16:00,MATCH_KICKOFF_TIME_TIMEZONE_NOT_STATED_BY_SOURCE,,NOT_VERIFIED_DO_NOT_INFER,Hartberg,A. Klagenfurt,0,3,A,EVALUATION_ONLY_JOIN_AFTER_PREMATCH_FEATURE_FREEZE,2.09,3.54,3.32,EXTERNAL_HISTORICAL_MARKET_BENCHMARK,NOT_AVAILABLE,NOT_GOLDBET,9763fa9d02ae875262ebd5ca757ad11b2d5c801e6571a0c2ecde64b2374d1b32,1478.2981323117424,1498.1356178575409,-19.837485545798472,-0.8,-2.0,0.5999999999999999,13.741376888198374,36,36,False
e495825f3955ed614b016d68,Bundesliga,2023/2024,DEVELOPMENT,2023-08-27,16:00,MATCH_KICKOFF_TIME_TIMEZONE_NOT_STATED_BY_SOURCE,,NOT_VERIFIED_DO_NOT_INFER,LASK,Austria Vienna,2,0,H,EVALUATION_ONLY_JOIN_AFTER_PREMATCH_FEATURE_FREEZE,1.86,3.85,3.75,EXTERNAL_HISTORICAL_MARKET_BENCHMARK,NOT_AVAILABLE,NOT_GOLDBET,fe6e66d89d97236ffe2c855e318d8d3c527c6088930e065a464ec6eb4781d5bf,1525.7189896260834,1495.8556208518255,29.86336877425788,0.0,0.19999999999999996,1.2,-42.13374010971938,36,36,False
cc07921db628e2f9709fe605,Bundesliga,2023/2024,DEVELOPMENT,2023-08-27,16:00,MATCH_KICKOFF_TIME_TIMEZONE_NOT_STATED_BY_SOURCE,,NOT_VERIFIED_DO_NOT_INFER,SK Rapid,Tirol,1,1,D,EVALUATION_ONLY_JOIN_AFTER_PREMATCH_FEATURE_FREEZE,1.37,5.25,6.91,EXTERNAL_HISTORICAL_MARKET_BENCHMARK,NOT_AVAILABLE,NOT_GOLDBET,377abc1c4209c53ec01cfad1222529bf7a5e481f2a10f2862fbcf447a41b6215,1504.936717431005,1454.3242623609312,50.61245507007379,0.9999999999999999,2.5999999999999996,1.0,-13.889339932092298,36,36,False
434de5460ceacd7e41292251,Bundesliga,2023/2024,DEVELOPMENT,2023-09-02,16:00,MATCH_KICKOFF_TIME_TIMEZONE_NOT_STATED_BY_SOURCE,,NOT_VERIFIED_DO_NOT_INFER,Tirol,BW Linz,2,4,A,EVALUATION_ONLY_JOIN_AFTER_PREMATCH_FEATURE_FREEZE,2.66,3.58,2.45,EXTERNAL_HISTORICAL_MARKET_BENCHMARK,NOT_AVAILABLE,NOT_GOLDBET,327d4415c3ef59dd864bdb8cb4e2743675b9e88b1cc41988e33e75a7cc11f8ae,1457.4045696466837,1464.8022631272593,-7.397693480575526,0.2,1.0000000000000002,0.8,0.48088715789890557,37,5,False
c46baa70e4bfea93b3cc1935,Bundesliga,2023/2024,DEVELOPMENT,2023-09-02,16:00,MATCH_KICKOFF_TIME_TIMEZONE_NOT_STATED_BY_SOURCE,,NOT_VERIFIED_DO_NOT_INFER,Wolfsberger AC,Hartberg,0,3,A,EVALUATION_ONLY_JOIN_AFTER_PREMATCH_FEATURE_FREEZE,2.34,3.36,2.95,EXTERNAL_HISTORICAL_MARKET_BENCHMARK,NOT_AVAILABLE,NOT_GOLDBET,24dbc22c142bd4a8937344e8530e69a43670561675730b65dddb43d82bf23a54,1495.816218857155,1467.147283798173,28.668935058982015,0.19999999999999996,1.2,0.0,-0.3363531199436238,37,37,False
afe06178c79b97bd84992a8e,Bundesliga,2023/2024,DEVELOPMENT,2023-09-02,18:30,MATCH_KICKOFF_TIME_TIMEZONE_NOT_STATED_BY_SOURCE,,NOT_VERIFIED_DO_NOT_INFER,Altach,Sturm Graz,1,2,A,EVALUATION_ONLY_JOIN_AFTER_PREMATCH_FEATURE_FREEZE,5.47,4.12,1.57,EXTERNAL_HISTORICAL_MARKET_BENCHMARK,NOT_AVAILABLE,NOT_GOLDBET,cb2705a60bb30eb60aff19ae191031f8abf50687403d4fd1ca7173fd8ef08a59,1473.2343155044346,1577.6357050651918,-104.40138956075725,-1.2000000000000002,-2.2,-1.0,6.907042223374447,37,37,False
de5594313e3f76aa6c054bb8,Bundesliga,2023/2024,DEVELOPMENT,2023-09-03,16:00,MATCH_KICKOFF_TIME_TIMEZONE_NOT_STATED_BY_SOURCE,,NOT_VERIFIED_DO_NOT_INFER,Austria Vienna,A. Klagenfurt,2,2,D,EVALUATION_ONLY_JOIN_AFTER_PREMATCH_FEATURE_FREEZE,1.83,3.84,3.86,EXTERNAL_HISTORICAL_MARKET_BENCHMARK,NOT_AVAILABLE,NOT_GOLDBET,f99e471179d030344e9ede959ea09900d39b27629ec04105380d06c9c4fce419,1488.3859220681309,1509.2864663711102,-20.90054430297937,-1.0,-2.0,-0.3999999999999999,36.08418934252086,37,37,False
c734ff2b4fb0106633b0e8ea,Bundesliga,2023/2024,DEVELOPMENT,2023-09-03,16:00,MATCH_KICKOFF_TIME_TIMEZONE_NOT_STATED_BY_SOURCE,,NOT_VERIFIED_DO_NOT_INFER,LASK,A. Lustenau,2,0,H,EVALUATION_ONLY_JOIN_AFTER_PREMATCH_FEATURE_FREEZE,1.31,5.46,8.34,EXTERNAL_HISTORICAL_MARKET_BENCHMARK,NOT_AVAILABLE,NOT_GOLDBET,ca3b5329276f5571f02281021f58fa6a1a44cb5bfe9aa4d14ae41d6c873b7ae4,1533.188688409778,1466.4912859422814,66.69740246749666,1.2000000000000002,1.6,1.0,0.15425722117811347,37,37,False
f64977d4ae2b51b64c7e085c,Bundesliga,2023/2024,DEVELOPMENT,2023-09-03,16:00,MATCH_KICKOFF_TIME_TIMEZONE_NOT_STATED_BY_SOURCE,,NOT_VERIFIED_DO_NOT_INFER,Salzburg,SK Rapid,2,0,H,EVALUATION_ONLY_JOIN_AFTER_PREMATCH_FEATURE_FREEZE,1.5,4.42,5.8,EXTERNAL_HISTORICAL_MARKET_BENCHMARK,NOT_AVAILABLE,NOT_GOLDBET,bd67b94803dea8f38a5d91da82b7e67339cc4309e11906f28002ca46aded166a,1614.4676784097069,1501.8564101452525,112.61126826445434,1.4,0.7999999999999998,2.2,6.462676156452289,37,37,False
0dfdf8c9a3da4ee7cd5e7b70,Bundesliga,2023/2024,DEVELOPMENT,2023-09-16,16:00,MATCH_KICKOFF_TIME_TIMEZONE_NOT_STATED_BY_SOURCE,,NOT_VERIFIED_DO_NOT_INFER,A. Klagenfurt,LASK,1,3,A,EVALUATION_ONLY_JOIN_AFTER_PREMATCH_FEATURE_FREEZE,3.27,3.41,2.18,EXTERNAL_HISTORICAL_MARKET_BENCHMARK,NOT_AVAILABLE,NOT_GOLDBET,bb46d66a08c2bbff311ca7d3430fa89da9b2caacda0700b8b8f2e42564dc76ce,1510.4071122996697,1539.6955287761834,-29.288416476513703,-0.6000000000000001,-0.20000000000000007,0.7999999999999999,6.068888985142166,38,38,False
4c2cad76369b4f77c34bb3d7,Bundesliga,2023/2024,DEVELOPMENT,2023-09-16,16:00,MATCH_KICKOFF_TIME_TIMEZONE_NOT_STATED_BY_SOURCE,,NOT_VERIFIED_DO_NOT_INFER,BW Linz,Altach,1,1,D,EVALUATION_ONLY_JOIN_AFTER_PREMATCH_FEATURE_FREEZE,2.32,3.35,3,EXTERNAL_HISTORICAL_MARKET_BENCHMARK,NOT_AVAILABLE,NOT_GOLDBET,1ff5c6b466602bccd89538917f121334c7182c3b4a2c6f8a80521103cd836f66,1476.3048159895945,1464.5053780020453,11.799437987549254,-0.5999999999999999,-1.4000000000000001,-1.1,-1.0863945183446049,6,38,False
0fd57b8201a5384bc10221cd,Bundesliga,2023/2024,DEVELOPMENT,2023-09-16,18:30,MATCH_KICKOFF_TIME_TIMEZONE_NOT_STATED_BY_SOURCE,,NOT_VERIFIED_DO_NOT_INFER,Sturm Graz,Salzburg,2,2,D,EVALUATION_ONLY_JOIN_AFTER_PREMATCH_FEATURE_FREEZE,2.89,3.45,2.34,EXTERNAL_HISTORICAL_MARKET_BENCHMARK,NOT_AVAILABLE,NOT_GOLDBET,755cc9991f33fb31a8ad85d6e74fd608b16e2984238da9c24dce2cc7bf370e37,1586.364642567581,1619.8715907208816,-33.50694815330053,-0.3999999999999999,-1.0,0.0,-1.848342873785441,38,38,False
878d31c87b32bf7de252ca45,Bundesliga,2023/2024,DEVELOPMENT,2023-09-17,13:30,MATCH_KICKOFF_TIME_TIMEZONE_NOT_STATED_BY_SOURCE,,NOT_VERIFIED_DO_NOT_INFER,A. Lustenau,Tirol,2,3,A,EVALUATION_ONLY_JOIN_AFTER_PREMATCH_FEATURE_FREEZE,2.47,3.52,2.66,EXTERNAL_HISTORICAL_MARKET_BENCHMARK,NOT_AVAILABLE,NOT_GOLDBET,5dfa9fc75c103586c0fd46aee935108fde18114e17464e64fffdcabc3695f8bf,1459.984445575876,1445.9020167843485,14.08242879152749,-0.2,-0.40000000000000013,-0.20000000000000007,4.46708098726981,38,38,False
7054e3fc99fc00487b02e23e,Bundesliga,2023/2024,DEVELOPMENT,2023-09-17,13:30,MATCH_KICKOFF_TIME_TIMEZONE_NOT_STATED_BY_SOURCE,,NOT_VERIFIED_DO_NOT_INFER,Hartberg,Austria Vienna,2,1,H,EVALUATION_ONLY_JOIN_AFTER_PREMATCH_FEATURE_FREEZE,2.79,3.63,2.33,EXTERNAL_HISTORICAL_MARKET_BENCHMARK,NOT_AVAILABLE,NOT_GOLDBET,70df91b7195c1e46539797ffaac2cffac16c94a6eccc721f51a84153322a9c2a,1479.6453796222804,1487.2652761395714,-7.619896517290954,0.3999999999999999,-0.19999999999999996,0.0,-7.673459187564504,38,38,False
b6ed1ee883baa4410927e8b7,Bundesliga,2023/2024,DEVELOPMENT,2023-09-17,16:00,MATCH_KICKOFF_TIME_TIMEZONE_NOT_STATED_BY_SOURCE,,NOT_VERIFIED_DO_NOT_INFER,SK Rapid,Wolfsberger AC,3,3,D,EVALUATION_ONLY_JOIN_AFTER_PREMATCH_FEATURE_FREEZE,1.66,4.01,4.71,EXTERNAL_HISTORICAL_MARKET_BENCHMARK,NOT_AVAILABLE,NOT_GOLDBET,75587af699db60e0a34d2b7fe6d4b88b632d81e8c8468e83ec2c3394cb93e0f4,1496.4524978340778,1483.3181230330479,13.134374801029935,0.7999999999999999,2.0,-0.6000000000000001,-14.748253000356499,38,38,False
933bae7c017100202548d998,Bundesliga,2023/2024,DEVELOPMENT,2023-09-23,16:00,MATCH_KICKOFF_TIME_TIMEZONE_NOT_STATED_BY_SOURCE,,NOT_VERIFIED_DO_NOT_INFER,A. Klagenfurt,A. Lustenau,1,0,H,EVALUATION_ONLY_JOIN_AFTER_PREMATCH_FEATURE_FREEZE,1.66,3.91,4.89,EXTERNAL_HISTORICAL_MARKET_BENCHMARK,NOT_AVAILABLE,NOT_GOLDBET,bd63f65392ad76bbbe2b730e1ff149fa83cc39cb0caa23ac436033e3a0e5e50d,1499.5254569995273,1447.8839196106892,51.64153738883806,1.0,1.5999999999999999,0.3999999999999999,4.522998364735258,39,39,False
ec6bdcf63f3630a34b94ce52,Bundesliga,2023/2024,DEVELOPMENT,2023-09-23,16:00,MATCH_KICKOFF_TIME_TIMEZONE_NOT_STATED_BY_SOURCE,,NOT_VERIFIED_DO_NOT_INFER,Salzburg,BW Linz,0,1,A,EVALUATION_ONLY_JOIN_AFTER_PREMATCH_FEATURE_FREEZE,1.24,6.27,10.41,EXTERNAL_HISTORICAL_MARKET_BENCHMARK,NOT_AVAILABLE,NOT_GOLDBET,ed92dc1ee86acedce2a9be7d6b9ee098e474ad89910bb536d2944e3bca893b47,1620.632647555278,1474.2671864373367,146.36546111794132,1.8,3.4000000000000004,2.25,15.419393899057923,39,7,False
28ef312ed15c67a56b73269d,Bundesliga,2023/2024,DEVELOPMENT,2023-09-23,16:00,MATCH_KICKOFF_TIME_TIMEZONE_NOT_STATED_BY_SOURCE,,NOT_VERIFIED_DO_NOT_INFER,Tirol,Wolfsberger AC,2,3,A,EVALUATION_ONLY_JOIN_AFTER_PREMATCH_FEATURE_FREEZE,3.09,3.59,2.17,EXTERNAL_HISTORICAL_MARKET_BENCHMARK,NOT_AVAILABLE,NOT_GOLDBET,18e07c783b2b9f41f9b7abf375fa1665e5a1b74e9eb261d45144cdfc2a101e4a,1458.0025427495352,1485.392550884739,-27.390008135203743,0.4,0.4,-1.2000000000000002,-29.479882594471974,39,39,False
df7b1e2e2edd3d620ab6297a,Bundesliga,2023/2024,DEVELOPMENT,2023-09-24,13:30,MATCH_KICKOFF_TIME_TIMEZONE_NOT_STATED_BY_SOURCE,,NOT_VERIFIED_DO_NOT_INFER,Altach,Austria Vienna,2,1,H,EVALUATION_ONLY_JOIN_AFTER_PREMATCH_FEATURE_FREEZE,2.91,3.41,2.35,EXTERNAL_HISTORICAL_MARKET_BENCHMARK,NOT_AVAILABLE,NOT_GOLDBET,c5287e93c9be98e185fbba0e5d99a225ca71a7e41fc25e6bfdfcd86a2cd4706b,1466.5430075543031,1478.76157727386,-12.218569719556854,1.2000000000000002,1.6,0.20000000000000007,-22.5106101199367,39,39,False
e6a3c69be18de2f60b770a48,Bundesliga,2023/2024,DEVELOPMENT,2023-09-24,13:30,MATCH_KICKOFF_TIME_TIMEZONE_NOT_STATED_BY_SOURCE,,NOT_VERIFIED_DO_NOT_INFER,LASK,Hartberg,0,0,D,EVALUATION_ONLY_JOIN_AFTER_PREMATCH_FEATURE_FREEZE,1.71,4.01,4.43,EXTERNAL_HISTORICAL_MARKET_BENCHMARK,NOT_AVAILABLE,NOT_GOLDBET,b205905e33e691ea19f017e8be82671a7caa7c1385767e38c8fa8ede1f0a1607,1550.577184076326,1488.1490784879918,62.42810558833412,0.8,2.0,0.6000000000000001,-33.67505595194598,39,39,False
596b3e2c8e9aeb771df860cb,Bundesliga,2023/2024,DEVELOPMENT,2023-09-24,16:00,MATCH_KICKOFF_TIME_TIMEZONE_NOT_STATED_BY_SOURCE,,NOT_VERIFIED_DO_NOT_INFER,SK Rapid,Sturm Graz,1,1,D,EVALUATION_ONLY_JOIN_AFTER_PREMATCH_FEATURE_FREEZE,2.79,3.55,2.37,EXTERNAL_HISTORICAL_MARKET_BENCHMARK,NOT_AVAILABLE,NOT_GOLDBET,d748210c8d7782ad604d1b001dd7db8492f7f90ef6a0a8670e2c17d81be965e3,1494.3780699823867,1585.6035857331847,-91.22551575079797,-1.2000000000000002,-0.6,-0.19999999999999996,-8.219136740021895,39,39,False
2a2de313a62de93884218143,Bundesliga,2023/2024,DEVELOPMENT,2023-09-30,16:00,MATCH_KICKOFF_TIME_TIMEZONE_NOT_STATED_BY_SOURCE,,NOT_VERIFIED_DO_NOT_INFER,A. Lustenau,Salzburg,0,4,A,EVALUATION_ONLY_JOIN_AFTER_PREMATCH_FEATURE_FREEZE,12.91,7.31,1.18,EXTERNAL_HISTORICAL_MARKET_BENCHMARK,NOT_AVAILABLE,NOT_GOLDBET,cc4207b8c147e46671e60e08f429a4a5a13885004e4bcc9b4886c072809a66fb,1440.9910113782928,1605.305216502426,-164.3142051241332,-2.0,-2.8,-1.6,-10.391796823264485,40,40,False
e87fd1d9f682986d37ef66e3,Bundesliga,2023/2024,DEVELOPMENT,2023-09-30,16:00,MATCH_KICKOFF_TIME_TIMEZONE_NOT_STATED_BY_SOURCE,,NOT_VERIFIED_DO_NOT_INFER,BW Linz,A. Klagenfurt,0,0,D,EVALUATION_ONLY_JOIN_AFTER_PREMATCH_FEATURE_FREEZE,2.63,3.32,2.63,EXTERNAL_HISTORICAL_MARKET_BENCHMARK,NOT_AVAILABLE,NOT_GOLDBET,8c35057eefa035cd3cbab2cb8ed5f16d2741bcb39609f2862b5f3c281e013279,1489.5946174901887,1506.4183652319236,-16.823747741734906,-0.20000000000000018,-1.4,-0.9333333333333335,39.13043111987736,8,40,False
433d84209c318bdefe2a1092,Bundesliga,2023/2024,DEVELOPMENT,2023-09-30,16:00,MATCH_KICKOFF_TIME_TIMEZONE_NOT_STATED_BY_SOURCE,,NOT_VERIFIED_DO_NOT_INFER,Wolfsberger AC,LASK,2,1,H,EVALUATION_ONLY_JOIN_AFTER_PREMATCH_FEATURE_FREEZE,3.05,3.42,2.27,EXTERNAL_HISTORICAL_MARKET_BENCHMARK,NOT_AVAILABLE,NOT_GOLDBET,bda017378d6b46d901689d627950398e1e19f749c418d7eb8c577efb4135c0ec,1496.3283953946927,1547.1923702463723,-50.863974851679586,-1.2000000000000002,-1.7999999999999998,0.3999999999999999,21.95429503919877,40,40,False
47b73b96203f53d55272bcc9,Bundesliga,2023/2024,DEVELOPMENT,2023-10-01,13:30,MATCH_KICKOFF_TIME_TIMEZONE_NOT_STATED_BY_SOURCE,,NOT_VERIFIED_DO_NOT_INFER,Hartberg,Altach,0,0,D,EVALUATION_ONLY_JOIN_AFTER_PREMATCH_FEATURE_FREEZE,2.03,3.44,3.58,EXTERNAL_HISTORICAL_MARKET_BENCHMARK,NOT_AVAILABLE,NOT_GOLDBET,83ad54ed3d2f84e578f06d077ceac7c8ca48b623fccdeab03b8d680644dd473b,1491.5338923179454,1475.17635262852,16.357539689425494,-0.20000000000000018,-1.2,0.19999999999999996,23.293510901138916,40,40,False
028f04bf796b6dd4599d4ec5,Bundesliga,2023/2024,DEVELOPMENT,2023-10-01,13:30,MATCH_KICKOFF_TIME_TIMEZONE_NOT_STATED_BY_SOURCE,,NOT_VERIFIED_DO_NOT_INFER,Sturm Graz,Tirol,1,0,H,EVALUATION_ONLY_JOIN_AFTER_PREMATCH_FEATURE_FREEZE,1.25,6.18,9.86,EXTERNAL_HISTORICAL_MARKET_BENCHMARK,NOT_AVAILABLE,NOT_GOLDBET,69d5c955298d8949646e945cb78449511a3ea20f4790caa535aaef4f3e3d309b,1584.7072551808888,1447.0666982395815,137.6405569413073,1.2000000000000002,1.4,1.4000000000000001,21.009450576996414,40,40,False
8f0a5403cd3a535a23681b01,Bundesliga,2023/2024,DEVELOPMENT,2023-10-01,16:00,MATCH_KICKOFF_TIME_TIMEZONE_NOT_STATED_BY_SOURCE,,NOT_VERIFIED_DO_NOT_INFER,Austria Vienna,SK Rapid,0,0,D,EVALUATION_ONLY_JOIN_AFTER_PREMATCH_FEATURE_FREEZE,2.87,3.63,2.28,EXTERNAL_HISTORICAL_MARKET_BENCHMARK,NOT_AVAILABLE,NOT_GOLDBET,ce86024459641ccbd6e8e7b41ba8a7bd294a0c05856e6947b652b44b94ba53f4,1470.1282321996432,1495.2744005346826,-25.14616833503942,-0.7999999999999999,-1.4,0.3999999999999999,-27.054328471302597,40,40,False
6eb8559aa903c7f515b21fa8,Bundesliga,2023/2024,DEVELOPMENT,2023-10-07,16:00,MATCH_KICKOFF_TIME_TIMEZONE_NOT_STATED_BY_SOURCE,,NOT_VERIFIED_DO_NOT_INFER,A. Lustenau,SK Rapid,0,5,A,EVALUATION_ONLY_JOIN_AFTER_PREMATCH_FEATURE_FREEZE,6.76,4.9,1.4,EXTERNAL_HISTORICAL_MARKET_BENCHMARK,NOT_AVAILABLE,NOT_GOLDBET,1ae4cef3530394915c4505472de2088df11e430a49b440a450cf0fc29aec8fb7,1433.9063374947325,1496.274222767991,-62.36788527325848,-0.8,-1.8000000000000003,-1.0,-12.576952827371088,41,41,False
7a512fabb4f9c7189820f169,Bundesliga,2023/2024,DEVELOPMENT,2023-10-07,16:00,MATCH_KICKOFF_TIME_TIMEZONE_NOT_STATED_BY_SOURCE,,NOT_VERIFIED_DO_NOT_INFER,Austria Vienna,BW Linz,4,0,H,EVALUATION_ONLY_JOIN_AFTER_PREMATCH_FEATURE_FREEZE,1.89,3.76,3.73,EXTERNAL_HISTORICAL_MARKET_BENCHMARK,NOT_AVAILABLE,NOT_GOLDBET,bd2fd829793470b519992e9d76be2aece5f863633a743c4d9b2715e64ca44c4a,1469.1284099663349,1488.3582629937155,-19.229853027380614,-1.2000000000000002,-0.8,-0.3999999999999999,-28.893784114014807,41,9,False
2cf69bd1636e75614eb45ff8,Bundesliga,2023/2024,DEVELOPMENT,2023-10-07,16:00,MATCH_KICKOFF_TIME_TIMEZONE_NOT_STATED_BY_SOURCE,,NOT_VERIFIED_DO_NOT_INFER,Hartberg,Tirol,3,0,H,EVALUATION_ONLY_JOIN_AFTER_PREMATCH_FEATURE_FREEZE,1.57,4.25,5.18,EXTERNAL_HISTORICAL_MARKET_BENCHMARK,NOT_AVAILABLE,NOT_GOLDBET,dd55a328af1ddbc599c7b5090613136404530494b36224a2753951a21c349573,1489.3708595130952,1442.2118789631502,47.158980549945,0.8,0.8,0.19999999999999996,1.4294834718691618,41,41,False
a2f6d9ec4a73ecb8dbe8436b,Bundesliga,2023/2024,DEVELOPMENT,2023-10-08,13:30,MATCH_KICKOFF_TIME_TIMEZONE_NOT_STATED_BY_SOURCE,,NOT_VERIFIED_DO_NOT_INFER,LASK,Altach,1,0,H,EVALUATION_ONLY_JOIN_AFTER_PREMATCH_FEATURE_FREEZE,1.8,3.57,4.38,EXTERNAL_HISTORICAL_MARKET_BENCHMARK,NOT_AVAILABLE,NOT_GOLDBET,576007fa230e0603361287e1d2785d37ccd0830d3607ff7440c266440887660e,1537.4552655968905,1477.3393854333701,60.11588016352039,0.3999999999999999,0.4,1.0000000000000002,-9.138872042653475,41,41,False
50e846313fbb1e3c592a25f9,Bundesliga,2023/2024,DEVELOPMENT,2023-10-08,13:30,MATCH_KICKOFF_TIME_TIMEZONE_NOT_STATED_BY_SOURCE,,NOT_VERIFIED_DO_NOT_INFER,Wolfsberger AC,Sturm Graz,1,2,A,EVALUATION_ONLY_JOIN_AFTER_PREMATCH_FEATURE_FREEZE,4.03,3.68,1.83,EXTERNAL_HISTORICAL_MARKET_BENCHMARK,NOT_AVAILABLE,NOT_GOLDBET,8867a679d8a7820a01b98f650c4be7dbb4c16b5cb00a803296f7a134936f4e99,1506.0655000441745,1589.56207445732,-83.49657441314548,-0.8000000000000003,-1.4,-0.6000000000000001,13.884916624772131,41,41,False
482df9f50d4d9ec9892f098e,Bundesliga,2023/2024,DEVELOPMENT,2023-10-08,16:00,MATCH_KICKOFF_TIME_TIMEZONE_NOT_STATED_BY_SOURCE,,NOT_VERIFIED_DO_NOT_INFER,A. Klagenfurt,Salzburg,2,2,D,EVALUATION_ONLY_JOIN_AFTER_PREMATCH_FEATURE_FREEZE,6.83,4.78,1.41,EXTERNAL_HISTORICAL_MARKET_BENCHMARK,NOT_AVAILABLE,NOT_GOLDBET,3c7bb75b7f2fe6e1ac3eaf68820cc7decd2dc92537ff9047aaedb0d27ea6f272,1507.654719728397,1612.3898903859863,-104.73517065758938,-0.3999999999999999,-0.7999999999999999,-1.0,-12.852540049111212,41,41,False
ff7f35f54bab4e2a0de8b158,Bundesliga,2023/2024,DEVELOPMENT,2023-10-21,16:00,MATCH_KICKOFF_TIME_TIMEZONE_NOT_STATED_BY_SOURCE,,NOT_VERIFIED_DO_NOT_INFER,BW Linz,A. Lustenau,0,0,D,EVALUATION_ONLY_JOIN_AFTER_PREMATCH_FEATURE_FREEZE,1.68,3.96,4.65,EXTERNAL_HISTORICAL_MARKET_BENCHMARK,NOT_AVAILABLE,NOT_GOLDBET,0675f2ab46e9856a0bac2e5d1bb229d452475e4a4b9bfce7bbd3452ca4d3c267,1479.5263654522953,1423.9744896561963,55.55187579609901,1.6,2.4,0.15000000000000002,-12.421246212361211,10,42,False
af80fbbc1b0dd7cb1a178a3a,Bundesliga,2023/2024,DEVELOPMENT,2023-10-21,16:00,MATCH_KICKOFF_TIME_TIMEZONE_NOT_STATED_BY_SOURCE,,NOT_VERIFIED_DO_NOT_INFER,Salzburg,LASK,0,1,A,EVALUATION_ONLY_JOIN_AFTER_PREMATCH_FEATURE_FREEZE,1.55,4.28,5.45,EXTERNAL_HISTORICAL_MARKET_BENCHMARK,NOT_AVAILABLE,NOT_GOLDBET,58dc6d8310083206f1d0f36fc84579d565f9658289ff39c304ee804a1038ea14,1611.1093772636375,1544.1295103827413,66.97986688089622,-0.3999999999999999,0.19999999999999996,1.5999999999999999,14.483742539770901,42,42,False
b1f4098201c97dea3d115795,Bundesliga,2023/2024,DEVELOPMENT,2023-10-21,16:00,MATCH_KICKOFF_TIME_TIMEZONE_NOT_STATED_BY_SOURCE,,NOT_VERIFIED_DO_NOT_INFER,Sturm Graz,Hartberg,2,1,H,EVALUATION_ONLY_JOIN_AFTER_PREMATCH_FEATURE_FREEZE,1.69,3.92,4.67,EXTERNAL_HISTORICAL_MARKET_BENCHMARK,NOT_AVAILABLE,NOT_GOLDBET,9671b558e0db8fefe8fd8e6050691fdfcb233e80bc023e9a75574db51fac742b,1598.8868178255714,1496.3807932746706,102.50602455090075,0.0,-0.7999999999999999,0.6000000000000001,17.9138527653472,42,42,False
a8c8e67d91e9a7c69e607e1e,Bundesliga,2023/2024,DEVELOPMENT,2023-10-22,13:30,MATCH_KICKOFF_TIME_TIMEZONE_NOT_STATED_BY_SOURCE,,NOT_VERIFIED_DO_NOT_INFER,Altach,Wolfsberger AC,0,0,D,EVALUATION_ONLY_JOIN_AFTER_PREMATCH_FEATURE_FREEZE,2.53,3.33,2.73,EXTERNAL_HISTORICAL_MARKET_BENCHMARK,NOT_AVAILABLE,NOT_GOLDBET,868879fa8cc4b7c9f486e4758d23fb2d617b6450bef4c2cb8d6f9ce33ec20911,1470.6651406475194,1496.7407566759232,-26.07561602840383,-0.3999999999999999,0.2,-0.40000000000000013,0.6668974316007734,42,42,False
a99f80399ad543de8f29d7cf,Bundesliga,2023/2024,DEVELOPMENT,2023-10-22,13:30,MATCH_KICKOFF_TIME_TIMEZONE_NOT_STATED_BY_SOURCE,,NOT_VERIFIED_DO_NOT_INFER,Tirol,Austria Vienna,0,2,A,EVALUATION_ONLY_JOIN_AFTER_PREMATCH_FEATURE_FREEZE,3.96,3.93,1.8,EXTERNAL_HISTORICAL_MARKET_BENCHMARK,NOT_AVAILABLE,NOT_GOLDBET,37b685fd800c49df0e0ee6a77f51df95109593795217671b4e06b36f167c427f,1435.2019452015747,1477.960307507755,-42.75836230618029,-0.4,-1.6,-0.19999999999999996,9.029971441153066,42,42,False
d9142b69a3660eb45bbd737e,Bundesliga,2023/2024,DEVELOPMENT,2023-10-22,16:00,MATCH_KICKOFF_TIME_TIMEZONE_NOT_STATED_BY_SOURCE,,NOT_VERIFIED_DO_NOT_INFER,SK Rapid,A. Klagenfurt,2,3,A,EVALUATION_ONLY_JOIN_AFTER_PREMATCH_FEATURE_FREEZE,1.53,4.32,5.75,EXTERNAL_HISTORICAL_MARKET_BENCHMARK,NOT_AVAILABLE,NOT_GOLDBET,236abc7203fcc057d92999dac6c582453493cfc68ad72d37aea127e64299aca8,1506.2060706065272,1508.9352328507457,-2.7291622442185144,0.0,0.8,-0.6000000000000001,1.8948157078273198,42,42,False
3ca056f5fb318ce8739d64f2,Bundesliga,2023/2024,DEVELOPMENT,2023-10-28,16:00,MATCH_KICKOFF_TIME_TIMEZONE_NOT_STATED_BY_SOURCE,,NOT_VERIFIED_DO_NOT_INFER,A. Klagenfurt,Tirol,1,0,H,EVALUATION_ONLY_JOIN_AFTER_PREMATCH_FEATURE_FREEZE,1.75,3.79,4.41,EXTERNAL_HISTORICAL_MARKET_BENCHMARK,NOT_AVAILABLE,NOT_GOLDBET,aa39fff4038d5a8cf7822443188464e5589ae3a97742c62d7c6a4c44888f2296,1520.5688506854326,1424.7060979487317,95.86275273670094,1.0,1.2,0.3999999999999999,19.670921641444238,43,43,False
56e4c36ed7eff5ddf11005a7,Bundesliga,2023/2024,DEVELOPMENT,2023-10-28,16:00,MATCH_KICKOFF_TIME_TIMEZONE_NOT_STATED_BY_SOURCE,,NOT_VERIFIED_DO_NOT_INFER,BW Linz,Wolfsberger AC,2,0,H,EVALUATION_ONLY_JOIN_AFTER_PREMATCH_FEATURE_FREEZE,2.65,3.4,2.55,EXTERNAL_HISTORICAL_MARKET_BENCHMARK,NOT_AVAILABLE,NOT_GOLDBET,49af9dd6ce0f5f0e0ee83135e8e35c869f07deff50eaf0d521fc427ba42703bd,1476.3179491692288,1497.7140876532414,-21.39613848401268,-0.40000000000000013,-0.8,-0.5999999999999999,-15.443067104609327,11,43,False
884dbf86b1288c5aa1d112fd,Bundesliga,2023/2024,DEVELOPMENT,2023-10-28,16:00,MATCH_KICKOFF_TIME_TIMEZONE_NOT_STATED_BY_SOURCE,,NOT_VERIFIED_DO_NOT_INFER,Salzburg,Altach,3,0,H,EVALUATION_ONLY_JOIN_AFTER_PREMATCH_FEATURE_FREEZE,1.28,5.68,9.83,EXTERNAL_HISTORICAL_MARKET_BENCHMARK,NOT_AVAILABLE,NOT_GOLDBET,6052d3d543d81271e2638d9de89eb076b388f2b7ae7eada8beafb27a69484664,1597.609081712253,1469.691809670201,127.91727204205199,-0.19999999999999996,0.4,0.6000000000000001,14.522152528026936,43,43,False
4e3d6de1b10d45d47704b11c,Bundesliga,2023/2024,DEVELOPMENT,2023-10-29,13:30,MATCH_KICKOFF_TIME_TIMEZONE_NOT_STATED_BY_SOURCE,,NOT_VERIFIED_DO_NOT_INFER,A. Lustenau,Hartberg,0,4,A,EVALUATION_ONLY_JOIN_AFTER_PREMATCH_FEATURE_FREEZE,4.4,3.92,1.72,EXTERNAL_HISTORICAL_MARKET_BENCHMARK,NOT_AVAILABLE,NOT_GOLDBET,309465f94eb5de7e963149f154bcaefce975ee5da593615e864285dab50262fe,1427.1829059392628,1490.7444265058116,-63.56152056654878,-1.4000000000000001,-2.8000000000000003,-1.6,-5.516846225310246,43,43,False
58ac4da289e87ec6468e482d,Bundesliga,2023/2024,DEVELOPMENT,2023-10-29,13:30,MATCH_KICKOFF_TIME_TIMEZONE_NOT_STATED_BY_SOURCE,,NOT_VERIFIED_DO_NOT_INFER,Sturm Graz,Austria Vienna,0,1,A,EVALUATION_ONLY_JOIN_AFTER_PREMATCH_FEATURE_FREEZE,1.71,3.88,4.55,EXTERNAL_HISTORICAL_MARKET_BENCHMARK,NOT_AVAILABLE,NOT_GOLDBET,13e0e58aa416a7288300efdf440a4da83d0fb6aac31b28c751ab30e4ade69ba5,1604.5231845944304,1488.456154760598,116.0670298338323,0.8000000000000003,-0.20000000000000007,1.6,39.74793127102771,43,43,False
f42867bdf0591dae3371932f,Bundesliga,2023/2024,DEVELOPMENT,2023-10-29,16:00,MATCH_KICKOFF_TIME_TIMEZONE_NOT_STATED_BY_SOURCE,,NOT_VERIFIED_DO_NOT_INFER,SK Rapid,LASK,3,3,D,EVALUATION_ONLY_JOIN_AFTER_PREMATCH_FEATURE_FREEZE,2.07,3.6,3.3,EXTERNAL_HISTORICAL_MARKET_BENCHMARK,NOT_AVAILABLE,NOT_GOLDBET,a2372b76d089a8fd3ad711634012e4fbb6548ef42ccafd0ae7b397088094aab8,1494.5724527718403,1557.6298059341257,-63.05735316228538,-0.8,0.20000000000000007,-0.7999999999999999,-20.288367513601543,43,43,False
e0d30b9452a40c207071989b,Bundesliga,2023/2024,DEVELOPMENT,2023-11-04,16:00,MATCH_KICKOFF_TIME_TIMEZONE_NOT_STATED_BY_SOURCE,,NOT_VERIFIED_DO_NOT_INFER,Austria Vienna,A. Lustenau,1,0,H,EVALUATION_ONLY_JOIN_AFTER_PREMATCH_FEATURE_FREEZE,1.28,5.69,9.61,EXTERNAL_HISTORICAL_MARKET_BENCHMARK,NOT_AVAILABLE,NOT_GOLDBET,61317cba34406bac23fc3dcd7ed9ed39a0fda4dbcc489ba472a13da6cf5d9eb5,1503.130336711264,1417.285411150915,85.84492556034888,1.8,4.0,0.6,-16.29497746986908,44,44,False
823a6392cc054c39f366349e,Bundesliga,2023/2024,DEVELOPMENT,2023-11-04,16:00,MATCH_KICKOFF_TIME_TIMEZONE_NOT_STATED_BY_SOURCE,,NOT_VERIFIED_DO_NOT_INFER,Tirol,Salzburg,0,2,A,EVALUATION_ONLY_JOIN_AFTER_PREMATCH_FEATURE_FREEZE,10.32,6.21,1.24,EXTERNAL_HISTORICAL_MARKET_BENCHMARK,NOT_AVAILABLE,NOT_GOLDBET,7426e15688fa0bb9eee61cc349cb4fb9c9ef539644cb580d6f03e1225a29134a,1418.9136477820648,1602.6726239324253,-183.75897615036047,-1.4,-2.6,-2.0,24.253117234988167,44,44,False
1fdfc18736066d1f313b93c2,Bundesliga,2023/2024,DEVELOPMENT,2023-11-04,16:00,MATCH_KICKOFF_TIME_TIMEZONE_NOT_STATED_BY_SOURCE,,NOT_VERIFIED_DO_NOT_INFER,Wolfsberger AC,A. Klagenfurt,4,0,H,EVALUATION_ONLY_JOIN_AFTER_PREMATCH_FEATURE_FREEZE,2.09,3.53,3.34,EXTERNAL_HISTORICAL_MARKET_BENCHMARK,NOT_AVAILABLE,NOT_GOLDBET,c599024ced244e25e06e9aa9373f3ea6e12e28588862a0e0e87a8e3a8fbef1d1,1488.8206461306872,1526.3613008520995,-37.54065472141224,-0.8000000000000003,-0.8,-1.0,12.19189624557066,44,44,False
587fdc6a8d9e06f1f06e8452,Bundesliga,2023/2024,DEVELOPMENT,2023-11-05,13:30,MATCH_KICKOFF_TIME_TIMEZONE_NOT_STATED_BY_SOURCE,,NOT_VERIFIED_DO_NOT_INFER,Altach,SK Rapid,0,2,A,EVALUATION_ONLY_JOIN_AFTER_PREMATCH_FEATURE_FREEZE,4.16,3.71,1.82,EXTERNAL_HISTORICAL_MARKET_BENCHMARK,NOT_AVAILABLE,NOT_GOLDBET,e961631deb79540f733911220bf7b9147b7fd154e72ee01b9bb264b9c0084c9e,1464.628267450029,1494.6604481982092,-30.03218074818028,-0.19999999999999996,-1.4,-0.20000000000000018,9.179475872887906,44,44,False
012acd205b0a30ca62e2d069,Bundesliga,2023/2024,DEVELOPMENT,2023-11-05,13:30,MATCH_KICKOFF_TIME_TIMEZONE_NOT_STATED_BY_SOURCE,,NOT_VERIFIED_DO_NOT_INFER,Hartberg,BW Linz,3,2,H,EVALUATION_ONLY_JOIN_AFTER_PREMATCH_FEATURE_FREEZE,1.77,3.65,4.47,EXTERNAL_HISTORICAL_MARKET_BENCHMARK,NOT_AVAILABLE,NOT_GOLDBET,b6fe0b4c68cc66f44ba19b5d6da71e777401cd21b6b841ead7e66238bb30d089,1500.6419212941594,1485.211390691783,15.430530602376393,0.0,1.4,0.19999999999999996,-4.766572126028905,44,12,False
6618425f8b3f19925f065191,Bundesliga,2023/2024,DEVELOPMENT,2023-11-05,16:00,MATCH_KICKOFF_TIME_TIMEZONE_NOT_STATED_BY_SOURCE,,NOT_VERIFIED_DO_NOT_INFER,LASK,Sturm Graz,3,1,H,EVALUATION_ONLY_JOIN_AFTER_PREMATCH_FEATURE_FREEZE,2.75,3.3,2.52,EXTERNAL_HISTORICAL_MARKET_BENCHMARK,NOT_AVAILABLE,NOT_GOLDBET,fbabf1678dac682e2023dbcbcf97e65b353ba9ef87a58047b7ecfebc22b69f6f,1557.5418105077567,1589.8490026437646,-32.30719213600787,-0.3999999999999999,-0.2,0.0,27.030294610024157,44,44,False
0b9e61a95fc5e44d419f285f,Bundesliga,2023/2024,DEVELOPMENT,2023-11-11,16:00,MATCH_KICKOFF_TIME_TIMEZONE_NOT_STATED_BY_SOURCE,,NOT_VERIFIED_DO_NOT_INFER,A. Lustenau,Wolfsberger AC,2,3,A,EVALUATION_ONLY_JOIN_AFTER_PREMATCH_FEATURE_FREEZE,4.53,3.85,1.71,EXTERNAL_HISTORICAL_MARKET_BENCHMARK,NOT_AVAILABLE,NOT_GOLDBET,b713046daf3f754ba02166cf6aa4ea7efcba7e90355261edf77ebdac5fee740d,1411.252823499665,1498.1751131318433,-86.92228963217826,-1.2,-3.1999999999999997,-1.2,-7.023653486550302,45,45,False
419db351a3d30c641bc54138,Bundesliga,2023/2024,DEVELOPMENT,2023-11-11,16:00,MATCH_KICKOFF_TIME_TIMEZONE_NOT_STATED_BY_SOURCE,,NOT_VERIFIED_DO_NOT_INFER,Hartberg,SK Rapid,1,0,H,EVALUATION_ONLY_JOIN_AFTER_PREMATCH_FEATURE_FREEZE,3.35,3.7,2.03,EXTERNAL_HISTORICAL_MARKET_BENCHMARK,NOT_AVAILABLE,NOT_GOLDBET,5dab92b27fb426375171b33420f8836e555b688315d88be137b6c1c5b8f5045b,1508.5043362331842,1505.5208586665801,2.9834775666040514,0.3999999999999999,0.19999999999999996,0.0,-1.3117059761975725,45,45,False
c9ead1cfe7cdefa632b81d89,Bundesliga,2023/2024,DEVELOPMENT,2023-11-11,16:00,MATCH_KICKOFF_TIME_TIMEZONE_NOT_STATED_BY_SOURCE,,NOT_VERIFIED_DO_NOT_INFER,Tirol,Altach,5,1,H,EVALUATION_ONLY_JOIN_AFTER_PREMATCH_FEATURE_FREEZE,3.42,3.42,2.09,EXTERNAL_HISTORICAL_MARKET_BENCHMARK,NOT_AVAILABLE,NOT_GOLDBET,50e5b56fc68d3eeb048e775900c2b3709223f5c938543ea2464f86b8c8440ecd,1412.3323344103271,1453.767856981658,-41.43552257133092,-0.4,-0.6000000000000001,-0.8,11.456090463674855,45,45,False
3ac8c1a87f820e1c02558714,Bundesliga,2023/2024,DEVELOPMENT,2023-11-12,13:30,MATCH_KICKOFF_TIME_TIMEZONE_NOT_STATED_BY_SOURCE,,NOT_VERIFIED_DO_NOT_INFER,A. Klagenfurt,Sturm Graz,0,3,A,EVALUATION_ONLY_JOIN_AFTER_PREMATCH_FEATURE_FREEZE,4.4,3.7,1.77,EXTERNAL_HISTORICAL_MARKET_BENCHMARK,NOT_AVAILABLE,NOT_GOLDBET,0e55a6e1dcfc86f2e52d359fc031647a275d5a227855c1dd31e8a3dc251ec010,1517.0068338509434,1580.6443820650416,-63.63754821409816,-0.19999999999999996,-0.4,-0.3999999999999999,5.241273147067886,45,45,False
542acf7958f8dfb820ddd83c,Bundesliga,2023/2024,DEVELOPMENT,2023-11-12,13:30,MATCH_KICKOFF_TIME_TIMEZONE_NOT_STATED_BY_SOURCE,,NOT_VERIFIED_DO_NOT_INFER,BW Linz,LASK,2,0,H,EVALUATION_ONLY_JOIN_AFTER_PREMATCH_FEATURE_FREEZE,4.47,3.58,1.79,EXTERNAL_HISTORICAL_MARKET_BENCHMARK,NOT_AVAILABLE,NOT_GOLDBET,e76e6b3e9cb70393db8c56ff27076ce6978aa43966481eb6832666fe51feef08,1477.3489757527582,1566.7464310864798,-89.39745533372161,-1.0,-1.2,-0.40000000000000013,-54.264267941089884,13,45,False
c8a6e20d04dc87e802be08da,Bundesliga,2023/2024,DEVELOPMENT,2023-11-12,16:00,MATCH_KICKOFF_TIME_TIMEZONE_NOT_STATED_BY_SOURCE,,NOT_VERIFIED_DO_NOT_INFER,Austria Vienna,Salzburg,0,0,D,EVALUATION_ONLY_JOIN_AFTER_PREMATCH_FEATURE_FREEZE,4.04,3.79,1.81,EXTERNAL_HISTORICAL_MARKET_BENCHMARK,NOT_AVAILABLE,NOT_GOLDBET,3fb8b2bbd88448710ad034f896917d3a407d24d80753a1119931f9cca8919c18,1509.1629243625139,1609.253937304163,-100.09101294164907,0.6000000000000001,0.0,-0.40000000000000013,11.852501106724276,45,45,False
577669cbabeca759a0e47b9b,Bundesliga,2023/2024,DEVELOPMENT,2023-11-25,16:00,MATCH_KICKOFF_TIME_TIMEZONE_NOT_STATED_BY_SOURCE,,NOT_VERIFIED_DO_NOT_INFER,LASK,Tirol,1,0,H,EVALUATION_ONLY_JOIN_AFTER_PREMATCH_FEATURE_FREEZE,1.34,5.14,8.17,EXTERNAL_HISTORICAL_MARKET_BENCHMARK,NOT_AVAILABLE,NOT_GOLDBET,6fc618c712158ea283ef7eb2f6ccce21ee5e10da983688703c65e27c1cce01a1,1555.9023177670344,1421.798513733242,134.10380403379236,1.4,1.2000000000000002,1.8,21.175739049001095,46,46,False
6a5d7d2cd7b72df94e8a7d75,Bundesliga,2023/2024,DEVELOPMENT,2023-11-25,16:00,MATCH_KICKOFF_TIME_TIMEZONE_NOT_STATED_BY_SOURCE,,NOT_VERIFIED_DO_NOT_INFER,Salzburg,Hartberg,3,2,H,EVALUATION_ONLY_JOIN_AFTER_PREMATCH_FEATURE_FREEZE,1.5,4.46,5.88,EXTERNAL_HISTORICAL_MARKET_BENCHMARK,NOT_AVAILABLE,NOT_GOLDBET,5d016479e7965fdef0b426619b9c564b81421f68fdc0bdf26fc6b90a1def56ce,1608.1051195606742,1516.7111264284038,91.39399313227045,-0.7999999999999998,-0.8,-0.19999999999999996,-1.8922480320861723,46,46,False
4e7484d13f57d9744ade94f9,Bundesliga,2023/2024,DEVELOPMENT,2023-11-25,16:00,MATCH_KICKOFF_TIME_TIMEZONE_NOT_STATED_BY_SOURCE,,NOT_VERIFIED_DO_NOT_INFER,Sturm Graz,A. Lustenau,2,0,H,EVALUATION_ONLY_JOIN_AFTER_PREMATCH_FEATURE_FREEZE,1.21,6.44,12.52,EXTERNAL_HISTORICAL_MARKET_BENCHMARK,NOT_AVAILABLE,NOT_GOLDBET,764e79d986601d9c146d7277f894b7f7d875e019e76f7680f85719043d5507a7,1590.53968883666,1402.026162071667,188.513526764993,1.6,2.6,1.6,19.52012557378771,46,46,False
cea3cac4338d4b1ac01470c7,Bundesliga,2023/2024,DEVELOPMENT,2023-11-26,13:30,MATCH_KICKOFF_TIME_TIMEZONE_NOT_STATED_BY_SOURCE,,NOT_VERIFIED_DO_NOT_INFER,Altach,A. Klagenfurt,0,1,A,EVALUATION_ONLY_JOIN_AFTER_PREMATCH_FEATURE_FREEZE,2.11,3.21,3.6,EXTERNAL_HISTORICAL_MARKET_BENCHMARK,NOT_AVAILABLE,NOT_GOLDBET,fd0663b0bc12f9f979e7682d6b4393562f73955868f1aeca643698be35ec5193,1444.301677658743,1507.111527079325,-62.80984942058194,-1.2,-1.0,-0.20000000000000018,-14.793840108674203,46,46,False
a6755d0b3db8d5db0a26f673,Bundesliga,2023/2024,DEVELOPMENT,2023-11-26,13:30,MATCH_KICKOFF_TIME_TIMEZONE_NOT_STATED_BY_SOURCE,,NOT_VERIFIED_DO_NOT_INFER,Wolfsberger AC,Austria Vienna,1,0,H,EVALUATION_ONLY_JOIN_AFTER_PREMATCH_FEATURE_FREEZE,2.46,3.44,2.74,EXTERNAL_HISTORICAL_MARKET_BENCHMARK,NOT_AVAILABLE,NOT_GOLDBET,eb28ba152c0d63565f34dcde044d50b2cc769eeb8e7eada2ad4f604dc5325e02,1507.4017745598414,1510.3117421060026,-2.9099675461611696,-1.2000000000000002,-1.2000000000000002,0.0,-16.09269052379318,46,46,False
ca990e8a7428ebfe3f738393,Bundesliga,2023/2024,DEVELOPMENT,2023-11-26,16:00,MATCH_KICKOFF_TIME_TIMEZONE_NOT_STATED_BY_SOURCE,,NOT_VERIFIED_DO_NOT_INFER,SK Rapid,BW Linz,1,0,H,EVALUATION_ONLY_JOIN_AFTER_PREMATCH_FEATURE_FREEZE,1.35,5.08,8.02,EXTERNAL_HISTORICAL_MARKET_BENCHMARK,NOT_AVAILABLE,NOT_GOLDBET,47d8dc86665b973d3ef7aebdcce27163fedc61c3e8c11b32035bff47e44bb27a,1497.3140684713605,1488.1930890722035,9.120979399157022,0.0,1.2,-0.3999999999999999,3.0797280612810027,46,14,False
5db0e0d717d9e599f720b69e,Bundesliga,2023/2024,DEVELOPMENT,2023-12-03,13:30,MATCH_KICKOFF_TIME_TIMEZONE_NOT_STATED_BY_SOURCE,,NOT_VERIFIED_DO_NOT_INFER,BW Linz,Sturm Graz,1,1,D,EVALUATION_ONLY_JOIN_AFTER_PREMATCH_FEATURE_FREEZE,4.03,3.49,1.89,EXTERNAL_HISTORICAL_MARKET_BENCHMARK,NOT_AVAILABLE,NOT_GOLDBET,734390af598da37d403a84050d1fc2bc0b7e38e05ee0d28e3af31919fc62ecbd,1480.156712421269,1594.3999212973124,-114.24320887604335,-0.40000000000000013,-0.19999999999999996,-0.19999999999999996,4.995848739160465,15,47,False
7c2ee28f3a53201d7f08c279,Bundesliga,2023/2024,DEVELOPMENT,2023-12-03,13:30,MATCH_KICKOFF_TIME_TIMEZONE_NOT_STATED_BY_SOURCE,,NOT_VERIFIED_DO_NOT_INFER,Salzburg,Wolfsberger AC,1,0,H,EVALUATION_ONLY_JOIN_AFTER_PREMATCH_FEATURE_FREEZE,1.56,4.3,5.32,EXTERNAL_HISTORICAL_MARKET_BENCHMARK,NOT_AVAILABLE,NOT_GOLDBET,f4a63be6ac885a57a022a17d9958385b22bf6beb53b75ef78444779d8b95a3e3,1614.0039905982885,1515.7732222708603,98.23076832742822,0.0,0.19999999999999996,0.19999999999999996,12.740012470281727,47,47,False
743a33c805e8116525aa88c2,Bundesliga,2023/2024,DEVELOPMENT,2023-12-03,16:00,MATCH_KICKOFF_TIME_TIMEZONE_NOT_STATED_BY_SOURCE,,NOT_VERIFIED_DO_NOT_INFER,Austria Vienna,LASK,0,0,D,EVALUATION_ONLY_JOIN_AFTER_PREMATCH_FEATURE_FREEZE,2.4,3.38,2.85,EXTERNAL_HISTORICAL_MARKET_BENCHMARK,NOT_AVAILABLE,NOT_GOLDBET,cfa764859fa812ef678d80c396235948c8027f146f6e7a0a459364940a061d1b,1501.9402943949838,1560.832376127664,-58.89208173268025,0.0,0.19999999999999996,0.40000000000000013,-4.202413870863666,47,47,False
6331a14d0021a4483a8dd208,Bundesliga,2023/2024,DEVELOPMENT,2023-12-04,18:00,MATCH_KICKOFF_TIME_TIMEZONE_NOT_STATED_BY_SOURCE,,NOT_VERIFIED_DO_NOT_INFER,A. Klagenfurt,Hartberg,1,1,D,EVALUATION_ONLY_JOIN_AFTER_PREMATCH_FEATURE_FREEZE,3.7,3.48,1.99,EXTERNAL_HISTORICAL_MARKET_BENCHMARK,NOT_AVAILABLE,NOT_GOLDBET,11c9cbf7d294b901eaebb5a89025c0b87f4a2aa7f3a56e8654e5fdb78f2a9258,1517.0306548751253,1510.8122553907895,6.218399484335805,0.0,-1.6,0.0,-36.045643654828154,47,47,False
62aa7caa9fab041eb499ede5,Bundesliga,2023/2024,DEVELOPMENT,2023-12-05,18:00,MATCH_KICKOFF_TIME_TIMEZONE_NOT_STATED_BY_SOURCE,,NOT_VERIFIED_DO_NOT_INFER,Altach,A. Lustenau,3,0,H,EVALUATION_ONLY_JOIN_AFTER_PREMATCH_FEATURE_FREEZE,1.66,3.64,5.4,EXTERNAL_HISTORICAL_MARKET_BENCHMARK,NOT_AVAILABLE,NOT_GOLDBET,a535ac506d79469b4e46042dcb04517fe6b18207a4e7d8ba33ecf6ce4b32a2bd,1434.3825498629428,1398.1659296110145,36.21662025192836,0.0,-0.3999999999999999,0.6000000000000001,-10.732356512367232,47,47,False
3b8a9e58d8362646ef87c03e,Bundesliga,2023/2024,DEVELOPMENT,2023-12-05,18:00,MATCH_KICKOFF_TIME_TIMEZONE_NOT_STATED_BY_SOURCE,,NOT_VERIFIED_DO_NOT_INFER,Tirol,SK Rapid,1,2,A,EVALUATION_ONLY_JOIN_AFTER_PREMATCH_FEATURE_FREEZE,5.91,4.72,1.47,EXTERNAL_HISTORICAL_MARKET_BENCHMARK,NOT_AVAILABLE,NOT_GOLDBET,c4398ffa1e244dbde95da8e53f4290401bce0de4d683ff86d1aa9e89e50619dc,1416.8684553726125,1505.350445122295,-88.4819897496825,-0.7999999999999999,-0.6000000000000001,-0.7999999999999999,16.59624506680325,47,47,False
21d43da7e0c723e38ce6780e,Bundesliga,2023/2024,DEVELOPMENT,2023-12-09,13:30,MATCH_KICKOFF_TIME_TIMEZONE_NOT_STATED_BY_SOURCE,,NOT_VERIFIED_DO_NOT_INFER,SK Rapid,Salzburg,0,1,A,EVALUATION_ONLY_JOIN_AFTER_PREMATCH_FEATURE_FREEZE,2.55,3.6,2.57,EXTERNAL_HISTORICAL_MARKET_BENCHMARK,NOT_AVAILABLE,NOT_GOLDBET,93c87593bbc23eb1c1a5608151554b08cf31c7e794d83c7ce16e872286213deb,1514.5324990345548,1619.740511206957,-105.20801217240228,-0.6000000000000001,-0.7999999999999999,-0.6000000000000001,1.1142447096221986,48,48,False
0a755bed4f7661ed373aeb53,Bundesliga,2023/2024,DEVELOPMENT,2023-12-09,16:00,MATCH_KICKOFF_TIME_TIMEZONE_NOT_STATED_BY_SOURCE,,NOT_VERIFIED_DO_NOT_INFER,A. Klagenfurt,Austria Vienna,2,2,D,EVALUATION_ONLY_JOIN_AFTER_PREMATCH_FEATURE_FREEZE,3.49,3.5,2.04,EXTERNAL_HISTORICAL_MARKET_BENCHMARK,NOT_AVAILABLE,NOT_GOLDBET,c8521bbf043d9c07306b7df1aeb68774fbc83c63d9570e5667e427171fd35135,1515.1474833350471,1501.9084060519895,13.239077283057668,-0.20000000000000018,-1.2,0.40000000000000013,-50.00232490860412,48,48,False
2bc8b82fc5083ebf21956438,Bundesliga,2023/2024,DEVELOPMENT,2023-12-09,16:00,MATCH_KICKOFF_TIME_TIMEZONE_NOT_STATED_BY_SOURCE,,NOT_VERIFIED_DO_NOT_INFER,A. Lustenau,LASK,1,3,A,EVALUATION_ONLY_JOIN_AFTER_PREMATCH_FEATURE_FREEZE,8.19,4.94,1.35,EXTERNAL_HISTORICAL_MARKET_BENCHMARK,NOT_AVAILABLE,NOT_GOLDBET,3124edb81243c13f24fa09fd4b18592d08c7ac1394ec05babcbefcd59ab93e14,1390.8665773793964,1560.8642644706583,-169.99768709126192,-1.6,-2.4000000000000004,-1.0,6.2925751503867104,48,48,False
a46f8a99709eca3dc291053d,Bundesliga,2023/2024,DEVELOPMENT,2023-12-10,13:30,MATCH_KICKOFF_TIME_TIMEZONE_NOT_STATED_BY_SOURCE,,NOT_VERIFIED_DO_NOT_INFER,BW Linz,Tirol,1,2,A,EVALUATION_ONLY_JOIN_AFTER_PREMATCH_FEATURE_FREEZE,2.11,3.43,3.32,EXTERNAL_HISTORICAL_MARKET_BENCHMARK,NOT_AVAILABLE,NOT_GOLDBET,59b8089fc9d2c90a62061d14b1f751392e80dc17449643e058f44f11499de6fe,1481.7053948996163,1407.6864014603527,74.01899343926357,0.7999999999999999,0.6000000000000001,1.2000000000000002,3.7108670627414995,16,48,False
332990a69f59b013ce72dd26,Bundesliga,2023/2024,DEVELOPMENT,2023-12-10,13:30,MATCH_KICKOFF_TIME_TIMEZONE_NOT_STATED_BY_SOURCE,,NOT_VERIFIED_DO_NOT_INFER,Hartberg,Wolfsberger AC,2,0,H,EVALUATION_ONLY_JOIN_AFTER_PREMATCH_FEATURE_FREEZE,2.56,3.44,2.61,EXTERNAL_HISTORICAL_MARKET_BENCHMARK,NOT_AVAILABLE,NOT_GOLDBET,3e4fae345bd18391d4b91190ab17c13a5939eebb7403cbf045327355f4682f50,1512.6954269308676,1510.0367016621917,2.65872526867588,0.19999999999999996,0.4,1.2000000000000002,0.9606247016281486,48,48,False
21f4d1969953de7e1494ee2e,Bundesliga,2023/2024,DEVELOPMENT,2023-12-10,16:00,MATCH_KICKOFF_TIME_TIMEZONE_NOT_STATED_BY_SOURCE,,NOT_VERIFIED_DO_NOT_INFER,Sturm Graz,Altach,1,0,H,EVALUATION_ONLY_JOIN_AFTER_PREMATCH_FEATURE_FREEZE,1.54,4.13,5.85,EXTERNAL_HISTORICAL_MARKET_BENCHMARK,NOT_AVAILABLE,NOT_GOLDBET,feeb226cd096e85187cd1b1fe19182ed3964b842d7e569ca4dcfefc7b4f8bee3,1592.8512388189652,1441.6819020945609,151.16933672440427,0.7999999999999999,1.7999999999999998,1.6,7.061670520221014,48,48,False
08087d4ae91e0fdba2c81c4d,Bundesliga,2023/2024,DEVELOPMENT,2024-02-09,19:30,MATCH_KICKOFF_TIME_TIMEZONE_NOT_STATED_BY_SOURCE,,NOT_VERIFIED_DO_NOT_INFER,Salzburg,Sturm Graz,1,1,D,EVALUATION_ONLY_JOIN_AFTER_PREMATCH_FEATURE_FREEZE,1.96,3.43,3.76,EXTERNAL_HISTORICAL_MARKET_BENCHMARK,NOT_AVAILABLE,NOT_GOLDBET,8afcb61979cbcdb01e06b65662d03d854c9549c97576adf40d14f1dec34a96b7,1628.4466141089306,1597.4255135966455,31.021100512285102,0.6000000000000001,0.19999999999999996,0.19999999999999996,15.335999786440198,49,49,False
f99e0f60474c6865b8e85579,Bundesliga,2023/2024,DEVELOPMENT,2024-02-10,16:00,MATCH_KICKOFF_TIME_TIMEZONE_NOT_STATED_BY_SOURCE,,NOT_VERIFIED_DO_NOT_INFER,Altach,BW Linz,1,1,D,EVALUATION_ONLY_JOIN_AFTER_PREMATCH_FEATURE_FREEZE,2.25,3.1,3.34,EXTERNAL_HISTORICAL_MARKET_BENCHMARK,NOT_AVAILABLE,NOT_GOLDBET,7cfe14d9ea08dd4795b2935b04057b627337b16fd83f8e54bc643498bd1ff8dd,1437.1076273168806,1468.028595835312,-30.920968518431437,-0.20000000000000007,-0.8,0.19999999999999996,-32.33345309836477,49,17,False
318218c156b8e7a1bb0bfaeb,Bundesliga,2023/2024,DEVELOPMENT,2024-02-10,16:00,MATCH_KICKOFF_TIME_TIMEZONE_NOT_STATED_BY_SOURCE,,NOT_VERIFIED_DO_NOT_INFER,Austria Vienna,Hartberg,3,1,H,EVALUATION_ONLY_JOIN_AFTER_PREMATCH_FEATURE_FREEZE,2.04,3.54,3.43,EXTERNAL_HISTORICAL_MARKET_BENCHMARK,NOT_AVAILABLE,NOT_GOLDBET,ebe41117470a7017f29bdb137226bafc36bfadafaee210958042dfd8673b51da,1503.985717621103,1520.91126519633,-16.92554757522703,-0.8,-0.6,0.8,-3.196748595744566,49,49,False
00d7c03c8b32ede1fda3b1fa,Bundesliga,2023/2024,DEVELOPMENT,2024-02-11,13:30,MATCH_KICKOFF_TIME_TIMEZONE_NOT_STATED_BY_SOURCE,,NOT_VERIFIED_DO_NOT_INFER,Tirol,A. Lustenau,0,2,A,EVALUATION_ONLY_JOIN_AFTER_PREMATCH_FEATURE_FREEZE,1.73,3.74,4.58,EXTERNAL_HISTORICAL_MARKET_BENCHMARK,NOT_AVAILABLE,NOT_GOLDBET,490a00b9e6eb4f77d50b3447dc2f62ce0e42287a0f197dfc3733450da19feb94,1421.363200524657,1383.9308604039234,37.43234012073367,1.2,2.0,0.39999999999999997,2.461337137932105,49,49,False
e22a44ae35cc0459f88c545d,Bundesliga,2023/2024,DEVELOPMENT,2024-02-11,13:30,MATCH_KICKOFF_TIME_TIMEZONE_NOT_STATED_BY_SOURCE,,NOT_VERIFIED_DO_NOT_INFER,Wolfsberger AC,SK Rapid,0,2,A,EVALUATION_ONLY_JOIN_AFTER_PREMATCH_FEATURE_FREEZE,3.4,3.56,2.05,EXTERNAL_HISTORICAL_MARKET_BENCHMARK,NOT_AVAILABLE,NOT_GOLDBET,cf24153d6cfa4f543ff2a93dc67cae5418a08abfd8ec51dead3686ef4de0dcb7,1501.8208633967292,1505.8263961325813,-4.005532735852057,0.0,0.19999999999999996,-0.19999999999999996,15.338124930387266,49,49,False
873461b78653a101eb8e0199,Bundesliga,2023/2024,DEVELOPMENT,2024-02-11,16:00,MATCH_KICKOFF_TIME_TIMEZONE_NOT_STATED_BY_SOURCE,,NOT_VERIFIED_DO_NOT_INFER,LASK,A. Klagenfurt,2,2,D,EVALUATION_ONLY_JOIN_AFTER_PREMATCH_FEATURE_FREEZE,1.48,4.3,6.22,EXTERNAL_HISTORICAL_MARKET_BENCHMARK,NOT_AVAILABLE,NOT_GOLDBET,98949f179796c495732ad6ac584092c2c1918c6bc07817ee08f8a0d3f07f9c4b,1567.7999814461314,1513.0701717659335,54.72980968019783,1.0,1.7999999999999998,1.0,-28.93680067862124,49,49,False
075f8d77381b1c59803f59e8,Bundesliga,2023/2024,DEVELOPMENT,2024-02-17,16:00,MATCH_KICKOFF_TIME_TIMEZONE_NOT_STATED_BY_SOURCE,,NOT_VERIFIED_DO_NOT_INFER,Austria Vienna,Altach,2,1,H,EVALUATION_ONLY_JOIN_AFTER_PREMATCH_FEATURE_FREEZE,1.82,3.54,4.25,EXTERNAL_HISTORICAL_MARKET_BENCHMARK,NOT_AVAILABLE,NOT_GOLDBET,c367a6d2a8cea9fbadfac0c1de107478c1b831811bd204edffdc57e129b4ca40,1512.7522484761057,1436.2726143711577,76.47963410494799,0.3999999999999999,0.8,2.0,67.01144215362024,50,50,False
97cad01fc77ffda4c59372fd,Bundesliga,2023/2024,DEVELOPMENT,2024-02-17,16:00,MATCH_KICKOFF_TIME_TIMEZONE_NOT_STATED_BY_SOURCE,,NOT_VERIFIED_DO_NOT_INFER,BW Linz,Salzburg,1,1,D,EVALUATION_ONLY_JOIN_AFTER_PREMATCH_FEATURE_FREEZE,7.14,4.24,1.45,EXTERNAL_HISTORICAL_MARKET_BENCHMARK,NOT_AVAILABLE,NOT_GOLDBET,87529bbbe3f2092c304befa5f4fd61ce59a54d0493b48151b2957d41f0fe329b,1468.8636087810348,1625.8851505130508,-157.02154173201598,-1.2000000000000002,-0.6,-0.6000000000000001,-30.07016721211835,18,50,False
658ccbcc36355892cac1dbb5,Bundesliga,2023/2024,DEVELOPMENT,2024-02-17,16:00,MATCH_KICKOFF_TIME_TIMEZONE_NOT_STATED_BY_SOURCE,,NOT_VERIFIED_DO_NOT_INFER,Wolfsberger AC,Tirol,4,1,H,EVALUATION_ONLY_JOIN_AFTER_PREMATCH_FEATURE_FREEZE,1.76,3.79,4.3,EXTERNAL_HISTORICAL_MARKET_BENCHMARK,NOT_AVAILABLE,NOT_GOLDBET,5ca7599c69ca02e415310e30711c38e91194294a313f96a0e4a10adf0b918507,1490.2230233684445,1408.6301443683844,81.59287900006007,0.0,-0.8,1.2000000000000002,34.68670081857567,50,50,False
ae8af832dc929c6f0188f159,Bundesliga,2023/2024,DEVELOPMENT,2024-02-18,13:30,MATCH_KICKOFF_TIME_TIMEZONE_NOT_STATED_BY_SOURCE,,NOT_VERIFIED_DO_NOT_INFER,A. Lustenau,A. Klagenfurt,0,1,A,EVALUATION_ONLY_JOIN_AFTER_PREMATCH_FEATURE_FREEZE,3.44,3.25,2.14,EXTERNAL_HISTORICAL_MARKET_BENCHMARK,NOT_AVAILABLE,NOT_GOLDBET,cd999cee70601740c4bb603f695db86e43252e7eb12f51b98092f7d3897a065a,1396.663916560196,1516.257346642939,-119.593430082743,-0.6,-0.7999999999999999,-1.6,-20.028377157186696,50,50,False
2c5c584f5bad215a66197867,Bundesliga,2023/2024,DEVELOPMENT,2024-02-18,13:30,MATCH_KICKOFF_TIME_TIMEZONE_NOT_STATED_BY_SOURCE,,NOT_VERIFIED_DO_NOT_INFER,Hartberg,LASK,0,0,D,EVALUATION_ONLY_JOIN_AFTER_PREMATCH_FEATURE_FREEZE,2.95,3.45,2.29,EXTERNAL_HISTORICAL_MARKET_BENCHMARK,NOT_AVAILABLE,NOT_GOLDBET,fca80a639a7ec6af18ea6c9c7b1d7112efcb777901aa5af95d7a2346b88cef3a,1512.1447343413274,1564.612806569126,-52.46807222779853,-0.20000000000000018,-0.2,1.0,67.93090387187203,50,50,False
c918070618aa0c2377513169,Bundesliga,2023/2024,DEVELOPMENT,2024-02-18,16:00,MATCH_KICKOFF_TIME_TIMEZONE_NOT_STATED_BY_SOURCE,,NOT_VERIFIED_DO_NOT_INFER,Sturm Graz,SK Rapid,1,1,D,EVALUATION_ONLY_JOIN_AFTER_PREMATCH_FEATURE_FREEZE,2.1,3.57,3.22,EXTERNAL_HISTORICAL_MARKET_BENCHMARK,NOT_AVAILABLE,NOT_GOLDBET,6582520bf33c8aac23fc926ccf6fb203666d13eea9444ff53c7ce4d3cac71913,1599.9869771925253,1517.424236160866,82.56274103165924,0.40000000000000013,0.7999999999999999,0.0,-13.161806146863,50,50,False
ce2b73b2443bbe83995a287d,Bundesliga,2023/2024,DEVELOPMENT,2024-02-24,16:00,MATCH_KICKOFF_TIME_TIMEZONE_NOT_STATED_BY_SOURCE,,NOT_VERIFIED_DO_NOT_INFER,Altach,Hartberg,1,2,A,EVALUATION_ONLY_JOIN_AFTER_PREMATCH_FEATURE_FREEZE,2.49,3.24,2.81,EXTERNAL_HISTORICAL_MARKET_BENCHMARK,NOT_AVAILABLE,NOT_GOLDBET,c717f9c60eeccd657ed2465892e195dfb2e947847e8b10b83e7a779a389e6835,1430.010501823516,1511.927981987839,-81.91748016432302,-0.19999999999999996,0.2,0.19999999999999996,-44.97229209349962,51,51,False
a88e34d6951225ddd8f5137a,Bundesliga,2023/2024,DEVELOPMENT,2024-02-24,16:00,MATCH_KICKOFF_TIME_TIMEZONE_NOT_STATED_BY_SOURCE,,NOT_VERIFIED_DO_NOT_INFER,LASK,Wolfsberger AC,0,1,A,EVALUATION_ONLY_JOIN_AFTER_PREMATCH_FEATURE_FREEZE,1.78,3.63,4.35,EXTERNAL_HISTORICAL_MARKET_BENCHMARK,NOT_AVAILABLE,NOT_GOLDBET,6899ffedc866e6b181fd47545e5377415d1530944a48e81b69cd7a617910109f,1564.8295589226143,1496.3592290565139,68.47032986610043,0.6000000000000001,0.8,1.4000000000000001,-42.32948170424834,51,51,False
92bd7e5581fd045a2ce39f35,Bundesliga,2023/2024,DEVELOPMENT,2024-02-24,16:00,MATCH_KICKOFF_TIME_TIMEZONE_NOT_STATED_BY_SOURCE,,NOT_VERIFIED_DO_NOT_INFER,Salzburg,A. Lustenau,7,0,H,EVALUATION_ONLY_JOIN_AFTER_PREMATCH_FEATURE_FREEZE,1.09,9.15,23.49,EXTERNAL_HISTORICAL_MARKET_BENCHMARK,NOT_AVAILABLE,NOT_GOLDBET,79f0818ff3275c016e857e4750134ea7ec6ed3efd2b6aa2070312ae52c547310,1623.1630384316086,1388.3625280106314,234.80051042097716,1.6,1.7999999999999998,1.2,17.97978395472819,51,51,False
642485ef55f40e6c1bb744d4,Bundesliga,2023/2024,DEVELOPMENT,2024-02-25,13:30,MATCH_KICKOFF_TIME_TIMEZONE_NOT_STATED_BY_SOURCE,,NOT_VERIFIED_DO_NOT_INFER,A. Klagenfurt,BW Linz,2,0,H,EVALUATION_ONLY_JOIN_AFTER_PREMATCH_FEATURE_FREEZE,2.27,3.17,3.23,EXTERNAL_HISTORICAL_MARKET_BENCHMARK,NOT_AVAILABLE,NOT_GOLDBET,ea7d891d029bf260a14770fc0aa9a2340eae386064cd88244ee39cfd1f9347c8,1524.5587351925035,1471.585720862477,52.973014330026444,1.2000000000000002,0.8,0.3999999999999999,-28.181386390221633,51,19,False
bd6465891d83d175d221d528,Bundesliga,2023/2024,DEVELOPMENT,2024-02-25,13:30,MATCH_KICKOFF_TIME_TIMEZONE_NOT_STATED_BY_SOURCE,,NOT_VERIFIED_DO_NOT_INFER,Tirol,Sturm Graz,0,2,A,EVALUATION_ONLY_JOIN_AFTER_PREMATCH_FEATURE_FREEZE,5.2,3.98,1.61,EXTERNAL_HISTORICAL_MARKET_BENCHMARK,NOT_AVAILABLE,NOT_GOLDBET,1a6b36600ab7ea3d8c6a71be8155a021fcd481abfcbb794cd1f303aa56cc3ee0,1402.493938680315,1596.0994610400678,-193.60552235975274,-1.2000000000000002,-1.7999999999999998,-1.0,-10.524717059196064,51,51,False
27fb74a18fa4b77752a39953,Bundesliga,2023/2024,DEVELOPMENT,2024-02-25,16:00,MATCH_KICKOFF_TIME_TIMEZONE_NOT_STATED_BY_SOURCE,,NOT_VERIFIED_DO_NOT_INFER,SK Rapid,Austria Vienna,3,0,H,EVALUATION_ONLY_JOIN_AFTER_PREMATCH_FEATURE_FREEZE,1.79,3.7,4.28,EXTERNAL_HISTORICAL_MARKET_BENCHMARK,NOT_AVAILABLE,NOT_GOLDBET,874d5c0dcf6cc4884944e89762867b83fc1f7ab2ab51f59717ac6a57f8d4715d,1521.3117523133235,1519.0143610237474,2.297391289576126,0.3999999999999999,0.19999999999999996,-0.3999999999999999,17.208876530197358,51,51,False
bb8c852dbcb8ad2dd99c8703,Bundesliga,2023/2024,DEVELOPMENT,2024-03-03,16:00,MATCH_KICKOFF_TIME_TIMEZONE_NOT_STATED_BY_SOURCE,,NOT_VERIFIED_DO_NOT_INFER,Altach,LASK,0,0,D,EVALUATION_ONLY_JOIN_AFTER_PREMATCH_FEATURE_FREEZE,3.59,3.16,2.12,EXTERNAL_HISTORICAL_MARKET_BENCHMARK,NOT_AVAILABLE,NOT_GOLDBET,e016bcb3808d5aa286ce36727f40fc84f78109f42dbee20e909a638abec0747b,1420.6405021305545,1551.2916770796553,-130.65117494910078,-0.3999999999999999,-0.2,-0.3999999999999999,13.868997558216279,52,52,False
90aeb75036f5ae1c1fda30a3,Bundesliga,2023/2024,DEVELOPMENT,2024-03-03,16:00,MATCH_KICKOFF_TIME_TIMEZONE_NOT_STATED_BY_SOURCE,,NOT_VERIFIED_DO_NOT_INFER,BW Linz,Austria Vienna,1,2,A,EVALUATION_ONLY_JOIN_AFTER_PREMATCH_FEATURE_FREEZE,3.37,3.26,2.17,EXTERNAL_HISTORICAL_MARKET_BENCHMARK,NOT_AVAILABLE,NOT_GOLDBET,5d3bb94788af90221507e30ef36f0c6a115a4ffbaed5384a248b837b6697cf35,1464.7273945614456,1510.788451922446,-46.061057361000394,-1.0,-0.6,0.20000000000000018,7.032468887315645,20,52,False
6838eea32c07e1f87c0775db,Bundesliga,2023/2024,DEVELOPMENT,2024-03-03,16:00,MATCH_KICKOFF_TIME_TIMEZONE_NOT_STATED_BY_SOURCE,,NOT_VERIFIED_DO_NOT_INFER,SK Rapid,A. Lustenau,1,1,D,EVALUATION_ONLY_JOIN_AFTER_PREMATCH_FEATURE_FREEZE,1.15,7.52,15.24,EXTERNAL_HISTORICAL_MARKET_BENCHMARK,NOT_AVAILABLE,NOT_GOLDBET,c9bb4326c9f92c8454c42bf5a5a6bc95d5ce2dda1ad52843b6202d3c14d7c038,1529.5376614146248,1385.2653995758446,144.2722618387802,1.4,3.2,0.7999999999999999,20.280153651953242,52,52,False
e6ef39e128db6fa62ed92a12,Bundesliga,2023/2024,DEVELOPMENT,2024-03-03,16:00,MATCH_KICKOFF_TIME_TIMEZONE_NOT_STATED_BY_SOURCE,,NOT_VERIFIED_DO_NOT_INFER,Salzburg,A. Klagenfurt,1,0,H,EVALUATION_ONLY_JOIN_AFTER_PREMATCH_FEATURE_FREEZE,1.25,5.68,11.38,EXTERNAL_HISTORICAL_MARKET_BENCHMARK,NOT_AVAILABLE,NOT_GOLDBET,c3ad7ece3c1261c905468af66f5486b0cb4d8d30c30b24881fab496d9a039f2b,1626.2601668663954,1531.417061493535,94.84310537286046,0.40000000000000013,1.2000000000000002,0.6000000000000001,7.237418276428571,52,52,False
ab69e988aec02d70fce77c74,Bundesliga,2023/2024,DEVELOPMENT,2024-03-03,16:00,MATCH_KICKOFF_TIME_TIMEZONE_NOT_STATED_BY_SOURCE,,NOT_VERIFIED_DO_NOT_INFER,Sturm Graz,Wolfsberger AC,4,0,H,EVALUATION_ONLY_JOIN_AFTER_PREMATCH_FEATURE_FREEZE,1.77,3.78,4.24,EXTERNAL_HISTORICAL_MARKET_BENCHMARK,NOT_AVAILABLE,NOT_GOLDBET,e98bd39c3d28ec6f082728d69359ba80b2544260714387dc31d907f54675b6a4,1602.4329582987293,1509.8971108994729,92.53584739925645,0.6000000000000001,0.8,0.8,-27.15642269735895,52,52,False
1deff9d4f42ffdef4ff06796,Bundesliga,2023/2024,DEVELOPMENT,2024-03-03,16:00,MATCH_KICKOFF_TIME_TIMEZONE_NOT_STATED_BY_SOURCE,,NOT_VERIFIED_DO_NOT_INFER,Tirol,Hartberg,1,0,H,EVALUATION_ONLY_JOIN_AFTER_PREMATCH_FEATURE_FREEZE,3.34,3.43,2.11,EXTERNAL_HISTORICAL_MARKET_BENCHMARK,NOT_AVAILABLE,NOT_GOLDBET,22c9dc31c432f6444494e391477ed1f5d37e5254d46c36aeccaf6d2ad650f97f,1396.1604414216536,1521.2979816808006,-125.13754025914704,-1.0,-1.5999999999999999,-0.7999999999999999,-13.673439543343193,52,52,False
9c2d77bb0f636259de69849f,Bundesliga,2023/2024,DEVELOPMENT,2024-03-09,16:00,MATCH_KICKOFF_TIME_TIMEZONE_NOT_STATED_BY_SOURCE,,NOT_VERIFIED_DO_NOT_INFER,LASK,Salzburg,0,1,A,EVALUATION_ONLY_JOIN_AFTER_PREMATCH_FEATURE_FREEZE,4.04,3.54,1.87,EXTERNAL_HISTORICAL_MARKET_BENCHMARK,NOT_AVAILABLE,NOT_GOLDBET,7822ffa068844a33a55023fc55fca75a2486097c591997a11ed20ce71e39f469,1549.2857462253494,1632.0767990519914,-82.79105282664204,-1.0000000000000002,-1.6,0.19999999999999996,-33.50399924853491,53,53,False
370f365c01f6560f31da257b,Bundesliga,2023/2024,DEVELOPMENT,2024-03-10,16:00,MATCH_KICKOFF_TIME_TIMEZONE_NOT_STATED_BY_SOURCE,,NOT_VERIFIED_DO_NOT_INFER,A. Klagenfurt,SK Rapid,1,1,D,EVALUATION_ONLY_JOIN_AFTER_PREMATCH_FEATURE_FREEZE,3.58,2.78,2.31,EXTERNAL_HISTORICAL_MARKET_BENCHMARK,NOT_AVAILABLE,NOT_GOLDBET,c5fe207dc320d4fb50740af8dbe19e1ad00d2abc1d24436708f84784176ce35c,1525.6004293079388,1524.2535168406853,1.34691246725356,0.0,-0.4,-0.3999999999999999,-12.321984121723062,53,53,False
bc43b0d1838a2c3587c41dd6,Bundesliga,2023/2024,DEVELOPMENT,2024-03-10,16:00,MATCH_KICKOFF_TIME_TIMEZONE_NOT_STATED_BY_SOURCE,,NOT_VERIFIED_DO_NOT_INFER,A. Lustenau,BW Linz,2,0,H,EVALUATION_ONLY_JOIN_AFTER_PREMATCH_FEATURE_FREEZE,3.72,3.25,2.04,EXTERNAL_HISTORICAL_MARKET_BENCHMARK,NOT_AVAILABLE,NOT_GOLDBET,6d87c86d51ec6e281655626d7807caba2c35ad0a10ff1d4efdc87e69150fe2ec,1390.5495441497842,1454.3264146548745,-63.7768705050903,0.4,-0.8,-0.2,29.031829015850917,53,21,False
b4d9e1adcfb4fced23941128,Bundesliga,2023/2024,DEVELOPMENT,2024-03-10,16:00,MATCH_KICKOFF_TIME_TIMEZONE_NOT_STATED_BY_SOURCE,,NOT_VERIFIED_DO_NOT_INFER,Austria Vienna,Tirol,2,0,H,EVALUATION_ONLY_JOIN_AFTER_PREMATCH_FEATURE_FREEZE,1.47,4.37,6.47,EXTERNAL_HISTORICAL_MARKET_BENCHMARK,NOT_AVAILABLE,NOT_GOLDBET,932023212dc29d49c5a95ab7ad982d8c666fcc7bec5d0559eb24ac3f6f653b51,1521.1894318290172,1408.013589091616,113.17584273740113,0.8,1.2,1.6,-2.977242323109749,53,53,False
5431910ad10e567b56ea2ab2,Bundesliga,2023/2024,DEVELOPMENT,2024-03-10,16:00,MATCH_KICKOFF_TIME_TIMEZONE_NOT_STATED_BY_SOURCE,,NOT_VERIFIED_DO_NOT_INFER,Hartberg,Sturm Graz,1,1,D,EVALUATION_ONLY_JOIN_AFTER_PREMATCH_FEATURE_FREEZE,3.3,3.22,2.21,EXTERNAL_HISTORICAL_MARKET_BENCHMARK,NOT_AVAILABLE,NOT_GOLDBET,01c1f3edf33a4ea7e356de18551759e81bfe7581ffd4539029e52fc28ba270e1,1509.4448340108381,1608.3045287082923,-98.85969469745419,-0.8000000000000003,-1.4,1.0,-19.02752656931125,53,53,False
692145bc517c8776be0a185c,Bundesliga,2023/2024,DEVELOPMENT,2024-03-10,16:00,MATCH_KICKOFF_TIME_TIMEZONE_NOT_STATED_BY_SOURCE,,NOT_VERIFIED_DO_NOT_INFER,Wolfsberger AC,Altach,1,1,D,EVALUATION_ONLY_JOIN_AFTER_PREMATCH_FEATURE_FREEZE,2.6,3.1,2.78,EXTERNAL_HISTORICAL_MARKET_BENCHMARK,NOT_AVAILABLE,NOT_GOLDBET,cd7ca68967d679c3f0144c51df9f4ba6a4b6eb41e1c0166139d7d15f41ff1977,1504.0255404899099,1422.6464329848604,81.37910750504943,0.7999999999999999,-0.20000000000000007,1.8,-8.487451508940012,53,53,False
62b4dfba1ee8f2f7db8a2ca4,Bundesliga,2023/2024,DEVELOPMENT,2024-03-15,18:30,MATCH_KICKOFF_TIME_TIMEZONE_NOT_STATED_BY_SOURCE,,NOT_VERIFIED_DO_NOT_INFER,SK Rapid,LASK,0,0,D,EVALUATION_ONLY_JOIN_AFTER_PREMATCH_FEATURE_FREEZE,2.43,3.29,2.87,EXTERNAL_HISTORICAL_MARKET_BENCHMARK,NOT_AVAILABLE,NOT_GOLDBET,85a3f43cc7c65e591cbf9ee1dfce8bcd678a81c04068360808b9b9ac480a2e04,1526.0010989933978,1539.940786161204,-13.939687167806142,1.2000000000000002,1.4,0.40000000000000013,-8.520681169906993,54,54,False
172e701cae504cf3a70932fd,Bundesliga,2023/2024,DEVELOPMENT,2024-03-16,16:00,MATCH_KICKOFF_TIME_TIMEZONE_NOT_STATED_BY_SOURCE,,NOT_VERIFIED_DO_NOT_INFER,Altach,Austria Vienna,1,1,D,EVALUATION_ONLY_JOIN_AFTER_PREMATCH_FEATURE_FREEZE,2.63,3.15,2.73,EXTERNAL_HISTORICAL_MARKET_BENCHMARK,NOT_AVAILABLE,NOT_GOLDBET,f2c82e7553e5b29bc1d3bf99e973580dedee8e76cbc1663d208f67d71a5b3753,1426.504991766036,1526.5805365600738,-100.0755447940378,-1.7999999999999998,-1.0,-0.3999999999999999,39.35788566698966,54,54,False
dc597b57529f5a8ad1467e67,Bundesliga,2023/2024,DEVELOPMENT,2024-03-16,16:00,MATCH_KICKOFF_TIME_TIMEZONE_NOT_STATED_BY_SOURCE,,NOT_VERIFIED_DO_NOT_INFER,BW Linz,A. Lustenau,0,0,D,EVALUATION_ONLY_JOIN_AFTER_PREMATCH_FEATURE_FREEZE,1.75,3.44,5.01,EXTERNAL_HISTORICAL_MARKET_BENCHMARK,NOT_AVAILABLE,NOT_GOLDBET,d4ed2630e24aa32cadf0e8bafe56b251e9d371a32f3d4adef26348929c5feb66,1444.2177118651862,1400.6582469394725,43.559464925713655,-0.9999999999999999,-0.19999999999999996,0.19999999999999996,-11.15163051480772,22,54,False
5001a6b007960eadbfdcb92b,Bundesliga,2023/2024,DEVELOPMENT,2024-03-16,16:00,MATCH_KICKOFF_TIME_TIMEZONE_NOT_STATED_BY_SOURCE,,NOT_VERIFIED_DO_NOT_INFER,Tirol,Wolfsberger AC,1,1,D,EVALUATION_ONLY_JOIN_AFTER_PREMATCH_FEATURE_FREEZE,2.85,3.19,2.5,EXTERNAL_HISTORICAL_MARKET_BENCHMARK,NOT_AVAILABLE,NOT_GOLDBET,d79dfbebdd526a05b4c5ac961897dab80f5ada970123bb0ea216a632ea17d665,1402.6224843605594,1500.1669817087343,-97.5444973481749,-0.7999999999999999,-1.2000000000000002,0.0,1.6750535230169135,54,54,False
8d571c99c95ecc6b903bd18d,Bundesliga,2023/2024,DEVELOPMENT,2024-03-17,13:30,MATCH_KICKOFF_TIME_TIMEZONE_NOT_STATED_BY_SOURCE,,NOT_VERIFIED_DO_NOT_INFER,A. Klagenfurt,Sturm Graz,0,4,A,EVALUATION_ONLY_JOIN_AFTER_PREMATCH_FEATURE_FREEZE,4.89,3.68,1.7,EXTERNAL_HISTORICAL_MARKET_BENCHMARK,NOT_AVAILABLE,NOT_GOLDBET,5f181e2896f2cb3c1e05a0b5808d203b601c6c2dbf4aa11166ec0951478cfd0b,1523.8528471552263,1607.1906975174898,-83.33785036226345,-0.19999999999999996,-0.7999999999999999,-0.6000000000000001,3.771313743092378,54,54,False
ff96b091b970a0b65090feb6,Bundesliga,2023/2024,DEVELOPMENT,2024-03-17,16:00,MATCH_KICKOFF_TIME_TIMEZONE_NOT_STATED_BY_SOURCE,,NOT_VERIFIED_DO_NOT_INFER,Salzburg,Hartberg,5,1,H,EVALUATION_ONLY_JOIN_AFTER_PREMATCH_FEATURE_FREEZE,1.26,5.61,10.9,EXTERNAL_HISTORICAL_MARKET_BENCHMARK,NOT_AVAILABLE,NOT_GOLDBET,e4ff7effab0110a4e18a77fd76185b49f1aaefde3fab56e7a0b4c2be6c238779,1641.4217591161369,1510.5586652016407,130.86309391449618,1.2000000000000002,2.2,1.8,6.456092392701066,54,54,False
7a8dc7cf9d77681d546dfe61,Bundesliga,2023/2024,DEVELOPMENT,2024-03-29,18:30,MATCH_KICKOFF_TIME_TIMEZONE_NOT_STATED_BY_SOURCE,,NOT_VERIFIED_DO_NOT_INFER,Austria Vienna,BW Linz,0,0,D,EVALUATION_ONLY_JOIN_AFTER_PREMATCH_FEATURE_FREEZE,1.65,3.69,5.21,EXTERNAL_HISTORICAL_MARKET_BENCHMARK,NOT_AVAILABLE,NOT_GOLDBET,97afc904d7215600744cc14a4d6b99bdb7c3e2c232c8688b73e5534910f42ca2,1525.4321581521178,1441.3222752030065,84.10988294911135,1.6,1.2,2.0,-39.121957322735625,55,23,False
9a8e471de978b93b257d6d99,Bundesliga,2023/2024,DEVELOPMENT,2024-03-30,16:00,MATCH_KICKOFF_TIME_TIMEZONE_NOT_STATED_BY_SOURCE,,NOT_VERIFIED_DO_NOT_INFER,A. Lustenau,Tirol,1,2,A,EVALUATION_ONLY_JOIN_AFTER_PREMATCH_FEATURE_FREEZE,3.62,3.1,2.14,EXTERNAL_HISTORICAL_MARKET_BENCHMARK,NOT_AVAILABLE,NOT_GOLDBET,e52c597188b97c24c034b6f999f0cbff0b857e87ceaf72475f98341c95cfc812,1403.5536836016522,1403.698915167592,-0.1452315659398664,0.19999999999999996,0.0,0.0,-12.294941323566263,55,55,False
6a8af6bdaff0ea1be4869e72,Bundesliga,2023/2024,DEVELOPMENT,2024-03-30,16:00,MATCH_KICKOFF_TIME_TIMEZONE_NOT_STATED_BY_SOURCE,,NOT_VERIFIED_DO_NOT_INFER,Wolfsberger AC,Altach,0,0,D,EVALUATION_ONLY_JOIN_AFTER_PREMATCH_FEATURE_FREEZE,2.66,3.08,2.73,EXTERNAL_HISTORICAL_MARKET_BENCHMARK,NOT_AVAILABLE,NOT_GOLDBET,0d076706a5678356cdd45d6ec0c90895c4d3831364eacb8eadbe64ae8897e668,1499.0905509017016,1427.653370173992,71.43718072770957,1.0,0.4,1.8,-41.08328113168727,55,55,False
d1dfb1b0954c1847059cdcf1,Bundesliga,2023/2024,DEVELOPMENT,2024-03-31,13:30,MATCH_KICKOFF_TIME_TIMEZONE_NOT_STATED_BY_SOURCE,,NOT_VERIFIED_DO_NOT_INFER,Hartberg,SK Rapid,0,3,A,EVALUATION_ONLY_JOIN_AFTER_PREMATCH_FEATURE_FREEZE,3.28,3.39,2.14,EXTERNAL_HISTORICAL_MARKET_BENCHMARK,NOT_AVAILABLE,NOT_GOLDBET,2eb8003365b61cdbce5c0e7b0046f7f058867a021836803b49f282cfc9cc8497,1505.5589801892415,1524.6830891060795,-19.12410891683794,-0.3999999999999999,-1.4,0.6000000000000001,14.140416875492974,55,55,False
6fd906c897cce8432d893649,Bundesliga,2023/2024,DEVELOPMENT,2024-03-31,13:30,MATCH_KICKOFF_TIME_TIMEZONE_NOT_STATED_BY_SOURCE,,NOT_VERIFIED_DO_NOT_INFER,LASK,A. Klagenfurt,1,0,H,EVALUATION_ONLY_JOIN_AFTER_PREMATCH_FEATURE_FREEZE,1.7,3.67,4.93,EXTERNAL_HISTORICAL_MARKET_BENCHMARK,NOT_AVAILABLE,NOT_GOLDBET,2ac0c6b8b22dbcf79dade6ab50f565751eab90f8aa81d1afdb94c2498ecac031,1541.2587960485223,1514.5235560323906,26.735240016131684,-0.7999999999999999,0.0,0.0,-7.746331014691577,55,55,False
643d942f7a505c3b5a340e52,Bundesliga,2023/2024,DEVELOPMENT,2024-03-31,16:00,MATCH_KICKOFF_TIME_TIMEZONE_NOT_STATED_BY_SOURCE,,NOT_VERIFIED_DO_NOT_INFER,Sturm Graz,Salzburg,0,1,A,EVALUATION_ONLY_JOIN_AFTER_PREMATCH_FEATURE_FREEZE,3.47,3.33,2.09,EXTERNAL_HISTORICAL_MARKET_BENCHMARK,NOT_AVAILABLE,NOT_GOLDBET,05241a3c222eae726474958321f7af48a6a2e4f0e5a267945882a87b0e260283,1616.5199886403254,1646.421444128536,-29.90145548821056,-0.3999999999999999,-0.6000000000000001,-0.20000000000000018,2.9250714389054338,55,55,False
a85fb1c90eab8754473a73e8,Bundesliga,2023/2024,DEVELOPMENT,2024-04-05,18:30,MATCH_KICKOFF_TIME_TIMEZONE_NOT_STATED_BY_SOURCE,,NOT_VERIFIED_DO_NOT_INFER,Altach,Tirol,0,0,D,EVALUATION_ONLY_JOIN_AFTER_PREMATCH_FEATURE_FREEZE,2.03,3.17,3.91,EXTERNAL_HISTORICAL_MARKET_BENCHMARK,NOT_AVAILABLE,NOT_GOLDBET,b07ee31bbc5a4b1eaa3baba6df1de5ef361062ced41c286a0d00ee9ae3f18b36,1431.265729748274,1415.4048305772485,15.860899171025494,-0.5999999999999999,0.2,0.0,10.121749431781382,56,56,False
a033ba00c6c06b4f9f8f258b,Bundesliga,2023/2024,DEVELOPMENT,2024-04-06,16:00,MATCH_KICKOFF_TIME_TIMEZONE_NOT_STATED_BY_SOURCE,,NOT_VERIFIED_DO_NOT_INFER,Austria Vienna,A. Lustenau,1,1,D,EVALUATION_ONLY_JOIN_AFTER_PREMATCH_FEATURE_FREEZE,1.35,4.67,8.62,EXTERNAL_HISTORICAL_MARKET_BENCHMARK,NOT_AVAILABLE,NOT_GOLDBET,1471ce34970f745a53d52859ba0a5b240ee64eff224e5d7752401f3949e7ac9e,1521.5069070197544,1391.8477681919958,129.65913882775862,0.6000000000000001,1.2,1.2000000000000002,-38.6127477196917,56,56,False
0c8d3d29e0306b375199a1c2,Bundesliga,2023/2024,DEVELOPMENT,2024-04-06,18:30,MATCH_KICKOFF_TIME_TIMEZONE_NOT_STATED_BY_SOURCE,,NOT_VERIFIED_DO_NOT_INFER,BW Linz,Wolfsberger AC,0,0,D,EVALUATION_ONLY_JOIN_AFTER_PREMATCH_FEATURE_FREEZE,2.66,3.01,2.8,EXTERNAL_HISTORICAL_MARKET_BENCHMARK,NOT_AVAILABLE,NOT_GOLDBET,38fcabd1e66509cb14ed7c1c26fd5bf41136c8f267376656630694793f8bb043,1445.24752633537,1495.4781913274196,-50.2306649920497,-0.7999999999999999,-0.4,-0.20000000000000007,-13.63953367688623,24,56,False
a93e3693a2d90c2f0f82843b,Bundesliga,2023/2024,DEVELOPMENT,2024-04-07,13:30,MATCH_KICKOFF_TIME_TIMEZONE_NOT_STATED_BY_SOURCE,,NOT_VERIFIED_DO_NOT_INFER,A. Klagenfurt,Hartberg,2,2,D,EVALUATION_ONLY_JOIN_AFTER_PREMATCH_FEATURE_FREEZE,2.51,3.06,2.93,EXTERNAL_HISTORICAL_MARKET_BENCHMARK,NOT_AVAILABLE,NOT_GOLDBET,425635ccc8987fcb296efb361ca48a0acbe8934dfe9f8a65a5d1d0eea9958a74,1506.9693967427654,1494.387875805584,12.581520937181494,0.0,0.5999999999999999,0.3999999999999999,33.993715591978344,56,56,False
389a69fb84dbdad1b64d2dd1,Bundesliga,2023/2024,DEVELOPMENT,2024-04-07,13:30,MATCH_KICKOFF_TIME_TIMEZONE_NOT_STATED_BY_SOURCE,,NOT_VERIFIED_DO_NOT_INFER,Sturm Graz,LASK,1,0,H,EVALUATION_ONLY_JOIN_AFTER_PREMATCH_FEATURE_FREEZE,1.97,3.37,3.85,EXTERNAL_HISTORICAL_MARKET_BENCHMARK,NOT_AVAILABLE,NOT_GOLDBET,457224d54944115353a5a35684430071ee647fded34b8e14a9e60312fef1c7e1,1605.6558435721754,1548.8129553381475,56.842888234027896,1.0,2.0,0.6000000000000001,0.5017979219080644,56,56,False
523b75a49bfd350164233f26,Bundesliga,2023/2024,DEVELOPMENT,2024-04-07,16:00,MATCH_KICKOFF_TIME_TIMEZONE_NOT_STATED_BY_SOURCE,,NOT_VERIFIED_DO_NOT_INFER,Salzburg,SK Rapid,1,1,D,EVALUATION_ONLY_JOIN_AFTER_PREMATCH_FEATURE_FREEZE,1.7,3.74,4.72,EXTERNAL_HISTORICAL_MARKET_BENCHMARK,NOT_AVAILABLE,NOT_GOLDBET,8aaa504ee8fd38e27d5bac8fcf093bb75925b325d4a677ab1ba75cfd7512c9df,1657.285589196686,1535.854193489737,121.43139570694893,1.2,1.5999999999999999,0.3999999999999999,24.152806662701096,56,56,False
62949fc5e763fd19509eb8a0,Bundesliga,2023/2024,DEVELOPMENT,2024-04-12,18:30,MATCH_KICKOFF_TIME_TIMEZONE_NOT_STATED_BY_SOURCE,,NOT_VERIFIED_DO_NOT_INFER,LASK,Salzburg,3,1,H,EVALUATION_ONLY_JOIN_AFTER_PREMATCH_FEATURE_FREEZE,4.17,3.54,1.84,EXTERNAL_HISTORICAL_MARKET_BENCHMARK,NOT_AVAILABLE,NOT_GOLDBET,a61bd4d649b1644fa4875413622aaaa2dd0d75729a2fb14a193896a3fc5136f2,1542.0546650468664,1652.4916154547257,-110.43695040785929,-1.6,-1.5999999999999999,-0.8000000000000003,-8.947571054015725,57,57,False
cf8591c69527317aece313aa,Bundesliga,2023/2024,DEVELOPMENT,2024-04-13,16:00,MATCH_KICKOFF_TIME_TIMEZONE_NOT_STATED_BY_SOURCE,,NOT_VERIFIED_DO_NOT_INFER,A. Lustenau,Altach,0,1,A,EVALUATION_ONLY_JOIN_AFTER_PREMATCH_FEATURE_FREEZE,4.79,3.36,1.79,EXTERNAL_HISTORICAL_MARKET_BENCHMARK,NOT_AVAILABLE,NOT_GOLDBET,9d02fe75dfb615038fada2f85c06e7f8188ebd7d03cb0871109d0ac0a975a4b2,1396.8220498065805,1429.116326814983,-32.29427700840256,0.19999999999999996,0.2,0.19999999999999996,-28.621105097311556,57,57,False
38208c9a27419a4b6524dd06,Bundesliga,2023/2024,DEVELOPMENT,2024-04-13,16:00,MATCH_KICKOFF_TIME_TIMEZONE_NOT_STATED_BY_SOURCE,,NOT_VERIFIED_DO_NOT_INFER,Tirol,BW Linz,2,1,H,EVALUATION_ONLY_JOIN_AFTER_PREMATCH_FEATURE_FREEZE,2.57,2.99,2.93,EXTERNAL_HISTORICAL_MARKET_BENCHMARK,NOT_AVAILABLE,NOT_GOLDBET,21aca69edc597a1bc1261de8197fd1336b2429987e694fdc6b91c932dce06676,1417.5542335105395,1444.96641635304,-27.412182842500442,1.0,0.6,0.4,10.913443215447614,57,25,False
a27d390c0fb98bb6ff891edd,Bundesliga,2023/2024,DEVELOPMENT,2024-04-13,16:00,MATCH_KICKOFF_TIME_TIMEZONE_NOT_STATED_BY_SOURCE,,NOT_VERIFIED_DO_NOT_INFER,Wolfsberger AC,Austria Vienna,0,1,A,EVALUATION_ONLY_JOIN_AFTER_PREMATCH_FEATURE_FREEZE,2.88,3.12,2.51,EXTERNAL_HISTORICAL_MARKET_BENCHMARK,NOT_AVAILABLE,NOT_GOLDBET,ee34e57c5129e365ed06b75c09fc2c8d390d92387582cb55949ba21daf9cf77e,1495.7593013097496,1516.5326254051697,-20.773324095420094,-1.0,-1.4,0.6000000000000001,33.6373506678824,57,57,False
68e4c96edd633fd537b29013,Bundesliga,2023/2024,DEVELOPMENT,2024-04-14,13:30,MATCH_KICKOFF_TIME_TIMEZONE_NOT_STATED_BY_SOURCE,,NOT_VERIFIED_DO_NOT_INFER,Hartberg,Sturm Graz,1,3,A,EVALUATION_ONLY_JOIN_AFTER_PREMATCH_FEATURE_FREEZE,4.89,3.68,1.7,EXTERNAL_HISTORICAL_MARKET_BENCHMARK,NOT_AVAILABLE,NOT_GOLDBET,664c06d6d4a74885a88537a4f41880961f3863abe3dfc7ac86301cdcb96be24c,1496.4470709797063,1612.4141338634565,-115.96706288375026,-1.6,-3.2,-0.19999999999999996,-12.177995287458543,57,57,False
66e0f33e2875e3ddd4ed2a72,Bundesliga,2023/2024,DEVELOPMENT,2024-04-14,16:00,MATCH_KICKOFF_TIME_TIMEZONE_NOT_STATED_BY_SOURCE,,NOT_VERIFIED_DO_NOT_INFER,SK Rapid,A. Klagenfurt,1,1,D,EVALUATION_ONLY_JOIN_AFTER_PREMATCH_FEATURE_FREEZE,1.59,3.96,5.34,EXTERNAL_HISTORICAL_MARKET_BENCHMARK,NOT_AVAILABLE,NOT_GOLDBET,be9ec4dbbd3d478481ae13a8ca1e0a8f977513591753fcbc783ca572da9ef2e6,1540.6481672316975,1504.910201568643,35.73796566305441,0.9999999999999999,1.7999999999999998,0.20000000000000018,-35.93997372955232,57,57,False
143136feb97bdafe5ac1bcf5,Bundesliga,2023/2024,DEVELOPMENT,2024-04-19,18:30,MATCH_KICKOFF_TIME_TIMEZONE_NOT_STATED_BY_SOURCE,,NOT_VERIFIED_DO_NOT_INFER,Sturm Graz,SK Rapid,1,0,H,EVALUATION_ONLY_JOIN_AFTER_PREMATCH_FEATURE_FREEZE,1.83,3.64,4.12,EXTERNAL_HISTORICAL_MARKET_BENCHMARK,NOT_AVAILABLE,NOT_GOLDBET,ab12a826d1aad6db055f9fbdf720d1a4576fdfa32c4cd054aa541a74f31c0fe1,1620.8170624685176,1537.9602961857843,82.85676628273336,0.6000000000000001,0.6,0.19999999999999996,-1.6633669622519847,58,58,False
6d822b1f34d78202d8cb7a9e,Bundesliga,2023/2024,DEVELOPMENT,2024-04-20,16:00,MATCH_KICKOFF_TIME_TIMEZONE_NOT_STATED_BY_SOURCE,,NOT_VERIFIED_DO_NOT_INFER,Altach,BW Linz,2,2,D,EVALUATION_ONLY_JOIN_AFTER_PREMATCH_FEATURE_FREEZE,1.98,2.96,4.51,EXTERNAL_HISTORICAL_MARKET_BENCHMARK,NOT_AVAILABLE,NOT_GOLDBET,6fde841535aeafd9387a961f7bb45ed1e5091ca61df95bb7655e225ce5a31447,1439.912075610769,1435.901628209567,4.0104474012021,0.7999999999999999,0.8,0.4,22.450226851236266,58,26,False
9f54539983af8c137742bbb2,Bundesliga,2023/2024,DEVELOPMENT,2024-04-20,16:00,MATCH_KICKOFF_TIME_TIMEZONE_NOT_STATED_BY_SOURCE,,NOT_VERIFIED_DO_NOT_INFER,Austria Vienna,Tirol,3,0,H,EVALUATION_ONLY_JOIN_AFTER_PREMATCH_FEATURE_FREEZE,1.78,3.55,4.53,EXTERNAL_HISTORICAL_MARKET_BENCHMARK,NOT_AVAILABLE,NOT_GOLDBET,37dafbd9ea1baa8f5473f1b441b7e45289456d05f81fcdc82c9302023920e8e4,1527.656886891864,1426.6190216540124,101.03786523785152,0.19999999999999996,0.6,0.8000000000000003,-27.538863535662813,58,58,False
7510bcee266575353cce9f74,Bundesliga,2023/2024,DEVELOPMENT,2024-04-20,16:00,MATCH_KICKOFF_TIME_TIMEZONE_NOT_STATED_BY_SOURCE,,NOT_VERIFIED_DO_NOT_INFER,Wolfsberger AC,A. Lustenau,1,1,D,EVALUATION_ONLY_JOIN_AFTER_PREMATCH_FEATURE_FREEZE,1.68,3.63,5.16,EXTERNAL_HISTORICAL_MARKET_BENCHMARK,NOT_AVAILABLE,NOT_GOLDBET,99b7250d51d515ee6c6a048372fb01abd7a621945c93f7b3193c06b46dc269f4,1484.6350398230554,1386.0263010107944,98.60873881226098,-0.19999999999999996,-0.2,-0.19999999999999996,-7.632767252487611,58,58,False
81e59e3592907faac6e7a714,Bundesliga,2023/2024,DEVELOPMENT,2024-04-21,13:30,MATCH_KICKOFF_TIME_TIMEZONE_NOT_STATED_BY_SOURCE,,NOT_VERIFIED_DO_NOT_INFER,LASK,Hartberg,1,3,A,EVALUATION_ONLY_JOIN_AFTER_PREMATCH_FEATURE_FREEZE,1.77,3.64,4.4,EXTERNAL_HISTORICAL_MARKET_BENCHMARK,NOT_AVAILABLE,NOT_GOLDBET,34ce2f779d232f6d536da42a1aa3222639cc4a0024b766f4eb6a414a3b4ff334,1553.49624470775,1488.0441423746452,65.4521023331049,0.9999999999999999,2.0,0.5999999999999999,7.391201113590114,58,58,False
8e61c06b820f5da0a0b3c9f2,Bundesliga,2023/2024,DEVELOPMENT,2024-04-21,16:00,MATCH_KICKOFF_TIME_TIMEZONE_NOT_STATED_BY_SOURCE,,NOT_VERIFIED_DO_NOT_INFER,Salzburg,A. Klagenfurt,4,2,H,EVALUATION_ONLY_JOIN_AFTER_PREMATCH_FEATURE_FREEZE,1.28,5.55,9.75,EXTERNAL_HISTORICAL_MARKET_BENCHMARK,NOT_AVAILABLE,NOT_GOLDBET,80b7c50a94dc66d089f710ff2bd3318755fc6560401ab66d3e59d8398be93e37,1641.050035793842,1507.5980726145563,133.4519631792857,1.4,1.8,1.2000000000000002,9.306841031988142,58,58,False
3d8a5a42ee683e04e951a6b5,Bundesliga,2023/2024,DEVELOPMENT,2024-04-23,17:30,MATCH_KICKOFF_TIME_TIMEZONE_NOT_STATED_BY_SOURCE,,NOT_VERIFIED_DO_NOT_INFER,A. Lustenau,Wolfsberger AC,1,2,A,EVALUATION_ONLY_JOIN_AFTER_PREMATCH_FEATURE_FREEZE,3.73,3.25,2.04,EXTERNAL_HISTORICAL_MARKET_BENCHMARK,NOT_AVAILABLE,NOT_GOLDBET,8353f6e352b5baf5603cf6e17da9baca8627417bf8508c58e259b2235fe92036,1390.2986776577502,1480.3626631760997,-90.06398551834945,-0.20000000000000007,-0.2,-0.4,21.018518680937177,59,59,False
61ff523c5bdc4ae116e548a6,Bundesliga,2023/2024,DEVELOPMENT,2024-04-23,17:30,MATCH_KICKOFF_TIME_TIMEZONE_NOT_STATED_BY_SOURCE,,NOT_VERIFIED_DO_NOT_INFER,Tirol,Austria Vienna,1,0,H,EVALUATION_ONLY_JOIN_AFTER_PREMATCH_FEATURE_FREEZE,3.52,3.42,2.05,EXTERNAL_HISTORICAL_MARKET_BENCHMARK,NOT_AVAILABLE,NOT_GOLDBET,77943c43b56f107229bc070f1f2b236818cb5e5067caee47eee409a71d6f11a3,1420.9483811527257,1533.3275273931506,-112.37914624042492,-0.19999999999999996,-1.0,-0.20000000000000018,25.1112680357528,59,59,False
1bf6d2eda4525f683d3e541e,Bundesliga,2023/2024,DEVELOPMENT,2024-04-23,19:30,MATCH_KICKOFF_TIME_TIMEZONE_NOT_STATED_BY_SOURCE,,NOT_VERIFIED_DO_NOT_INFER,BW Linz,Altach,2,1,H,EVALUATION_ONLY_JOIN_AFTER_PREMATCH_FEATURE_FREEZE,2.93,2.84,2.68,EXTERNAL_HISTORICAL_MARKET_BENCHMARK,NOT_AVAILABLE,NOT_GOLDBET,1856f65f4f70686f757a2469a55ed364f57f92e5f11341838223fbf6ae9125db,1437.7234308576967,1438.0902729626393,-0.36684210494263425,-0.5999999999999999,-0.4,-0.4,1.04706189702938,27,59,False
493e14fb5ab8df5c1962b379,Bundesliga,2023/2024,DEVELOPMENT,2024-04-24,17:30,MATCH_KICKOFF_TIME_TIMEZONE_NOT_STATED_BY_SOURCE,,NOT_VERIFIED_DO_NOT_INFER,A. Klagenfurt,Salzburg,4,3,H,EVALUATION_ONLY_JOIN_AFTER_PREMATCH_FEATURE_FREEZE,8.23,5.12,1.34,EXTERNAL_HISTORICAL_MARKET_BENCHMARK,NOT_AVAILABLE,NOT_GOLDBET,65922fb12f679e16f56dcbee2c1f5b92125e7e4a438ffabffb87332a6f4212d3,1502.6540620217363,1645.994046386662,-143.3399843649256,-1.6,-2.4,-0.8,22.389997480801867,59,59,False
01d4eb7ec9007df63663e567,Bundesliga,2023/2024,DEVELOPMENT,2024-04-24,17:30,MATCH_KICKOFF_TIME_TIMEZONE_NOT_STATED_BY_SOURCE,,NOT_VERIFIED_DO_NOT_INFER,Hartberg,LASK,1,2,A,EVALUATION_ONLY_JOIN_AFTER_PREMATCH_FEATURE_FREEZE,3.24,3.33,2.19,EXTERNAL_HISTORICAL_MARKET_BENCHMARK,NOT_AVAILABLE,NOT_GOLDBET,82a5d84bfe7db39b073f69e29c5cf971406d18542aa62c5212a7da1f74297f4c,1501.5057936496162,1540.034593432779,-38.52879978316287,-0.5999999999999999,-1.4,-0.19999999999999996,10.453673421770645,59,59,False
b09b74b619df04d982bcc64b,Bundesliga,2023/2024,DEVELOPMENT,2024-04-24,19:30,MATCH_KICKOFF_TIME_TIMEZONE_NOT_STATED_BY_SOURCE,,NOT_VERIFIED_DO_NOT_INFER,SK Rapid,Sturm Graz,1,3,A,EVALUATION_ONLY_JOIN_AFTER_PREMATCH_FEATURE_FREEZE,3.47,3.33,2.12,EXTERNAL_HISTORICAL_MARKET_BENCHMARK,NOT_AVAILABLE,NOT_GOLDBET,8c62d34f590d26ca5f7442cc82f55860efeba9b8c8e7f53c60e0b33feb081fc4,1531.8549937474486,1626.9223649068533,-95.06737115940473,-1.2,-0.9999999999999999,-1.0000000000000002,15.003601159378377,59,59,False
4b5840debbab87a2757f437c,Bundesliga,2023/2024,DEVELOPMENT,2024-04-26,18:30,MATCH_KICKOFF_TIME_TIMEZONE_NOT_STATED_BY_SOURCE,,NOT_VERIFIED_DO_NOT_INFER,Austria Vienna,Altach,2,2,D,EVALUATION_ONLY_JOIN_AFTER_PREMATCH_FEATURE_FREEZE,1.75,3.53,4.69,EXTERNAL_HISTORICAL_MARKET_BENCHMARK,NOT_AVAILABLE,NOT_GOLDBET,cc186bd84227f170ca93b873664ef0e49c8802c74d2baef42a3a6f604f5c752d,1521.8312531936622,1429.789994857872,92.04125833579019,0.40000000000000013,0.6,1.2000000000000002,-1.6891485682608618,60,60,False
11bf563b81aec7d272d5a067,Bundesliga,2023/2024,DEVELOPMENT,2024-04-27,16:00,MATCH_KICKOFF_TIME_TIMEZONE_NOT_STATED_BY_SOURCE,,NOT_VERIFIED_DO_NOT_INFER,Tirol,A. Lustenau,0,0,D,EVALUATION_ONLY_JOIN_AFTER_PREMATCH_FEATURE_FREEZE,1.68,3.67,4.99,EXTERNAL_HISTORICAL_MARKET_BENCHMARK,NOT_AVAILABLE,NOT_GOLDBET,df28e081e017cf8a615aee0d17106837632851b18c8fcec77e9e3d8ee8dd9488,1432.444655352214,1381.1618354574266,51.28281989478751,1.6,0.6,1.2,4.290078397299112,60,60,False
c6b9df33b20e3125d69827f1,Bundesliga,2023/2024,DEVELOPMENT,2024-04-27,16:00,MATCH_KICKOFF_TIME_TIMEZONE_NOT_STATED_BY_SOURCE,,NOT_VERIFIED_DO_NOT_INFER,Wolfsberger AC,BW Linz,0,2,A,EVALUATION_ONLY_JOIN_AFTER_PREMATCH_FEATURE_FREEZE,2.38,3.1,3.05,EXTERNAL_HISTORICAL_MARKET_BENCHMARK,NOT_AVAILABLE,NOT_GOLDBET,7e6343aa986360cdd040698dbfd3182c73129230fc27e94504471c46cebd4892,1489.4995053764233,1446.023708962464,43.47579641395919,0.0,0.0,0.7999999999999999,-30.141686196081764,60,28,False
1323e3cc8c2646e3fe26eaa1,Bundesliga,2023/2024,DEVELOPMENT,2024-04-28,13:30,MATCH_KICKOFF_TIME_TIMEZONE_NOT_STATED_BY_SOURCE,,NOT_VERIFIED_DO_NOT_INFER,Hartberg,A. Klagenfurt,3,2,H,EVALUATION_ONLY_JOIN_AFTER_PREMATCH_FEATURE_FREEZE,2.08,3.47,3.33,EXTERNAL_HISTORICAL_MARKET_BENCHMARK,NOT_AVAILABLE,NOT_GOLDBET,ad923598b46755800e1bdffd4f2780f4aa50213969225a3062c9aee1f2dd80dd,1490.8885883586527,1515.0078081724446,-24.119219813791915,-0.19999999999999996,-0.4,-0.4,-25.148292682695455,60,60,False
2277b4052f68691d3c71e696,Bundesliga,2023/2024,DEVELOPMENT,2024-04-28,13:30,MATCH_KICKOFF_TIME_TIMEZONE_NOT_STATED_BY_SOURCE,,NOT_VERIFIED_DO_NOT_INFER,LASK,SK Rapid,5,0,H,EVALUATION_ONLY_JOIN_AFTER_PREMATCH_FEATURE_FREEZE,2.1,3.38,3.38,EXTERNAL_HISTORICAL_MARKET_BENCHMARK,NOT_AVAILABLE,NOT_GOLDBET,edb9a5940bf5c671d18c9cdf078bf56314f41a1b013113ab8b42f3ae3a858a9e,1550.6517987237426,1522.8609003270544,27.790898396688135,0.8,0.2,0.0,-30.654649449277713,60,60,False
446e4fef225060456436238c,Bundesliga,2023/2024,DEVELOPMENT,2024-04-28,16:00,MATCH_KICKOFF_TIME_TIMEZONE_NOT_STATED_BY_SOURCE,,NOT_VERIFIED_DO_NOT_INFER,Salzburg,Sturm Graz,2,2,D,EVALUATION_ONLY_JOIN_AFTER_PREMATCH_FEATURE_FREEZE,2.11,3.49,3.24,EXTERNAL_HISTORICAL_MARKET_BENCHMARK,NOT_AVAILABLE,NOT_GOLDBET,da46eecfbd4dfab405979dec1e29c8bfcf8a67f9d27be0289a4e9031c1f1b269,1633.6403002359536,1635.9164583272475,-2.276158091293837,-1.0,-1.0,0.0,-11.363155713280321,60,60,False
bcc375e80622a82206355db8,Bundesliga,2023/2024,DEVELOPMENT,2024-05-03,18:30,MATCH_KICKOFF_TIME_TIMEZONE_NOT_STATED_BY_SOURCE,,NOT_VERIFIED_DO_NOT_INFER,A. Lustenau,Austria Vienna,2,0,H,EVALUATION_ONLY_JOIN_AFTER_PREMATCH_FEATURE_FREEZE,4.85,3.79,1.69,EXTERNAL_HISTORICAL_MARKET_BENCHMARK,NOT_AVAILABLE,NOT_GOLDBET,b0c3347846daf78ed352b353ca0c8f5615ff475d1162868773f719d782d816cb,1384.2595962659598,1517.7146396823728,-133.455043416413,-1.0,-1.0,-0.7999999999999999,36.62022500395028,61,61,False
9bc8b3a9dc6890b45a7ad193,Bundesliga,2023/2024,DEVELOPMENT,2024-05-04,16:00,MATCH_KICKOFF_TIME_TIMEZONE_NOT_STATED_BY_SOURCE,,NOT_VERIFIED_DO_NOT_INFER,Altach,Wolfsberger AC,0,1,A,EVALUATION_ONLY_JOIN_AFTER_PREMATCH_FEATURE_FREEZE,2.09,3.14,3.7,EXTERNAL_HISTORICAL_MARKET_BENCHMARK,NOT_AVAILABLE,NOT_GOLDBET,788ffffc36659a458d4da9a8d7e2a07eff10158fd59ae76bcc32e0d8524e0b74,1433.9066083691614,1476.606275150898,-42.699666781736596,0.19999999999999996,0.4,-0.8,4.710870654641212,61,61,False
54eaddeaff29d2f45858fd89,Bundesliga,2023/2024,DEVELOPMENT,2024-05-04,16:00,MATCH_KICKOFF_TIME_TIMEZONE_NOT_STATED_BY_SOURCE,,NOT_VERIFIED_DO_NOT_INFER,BW Linz,Tirol,3,2,H,EVALUATION_ONLY_JOIN_AFTER_PREMATCH_FEATURE_FREEZE,2.12,3.15,3.59,EXTERNAL_HISTORICAL_MARKET_BENCHMARK,NOT_AVAILABLE,NOT_GOLDBET,255c22f552397a01ace323f8e836041a9f7ffeaa91fc51ac37777ea427ab83dc,1458.9169391879893,1429.346894543681,29.570044644308382,0.0,0.6000000000000001,0.3999999999999999,-7.568823411192852,29,61,False
3162419509a2298f3886a581,Bundesliga,2023/2024,DEVELOPMENT,2024-05-05,13:30,MATCH_KICKOFF_TIME_TIMEZONE_NOT_STATED_BY_SOURCE,,NOT_VERIFIED_DO_NOT_INFER,A. Klagenfurt,LASK,0,2,A,EVALUATION_ONLY_JOIN_AFTER_PREMATCH_FEATURE_FREEZE,4.11,3.81,1.78,EXTERNAL_HISTORICAL_MARKET_BENCHMARK,NOT_AVAILABLE,NOT_GOLDBET,e5a86cc2fdec1b5b389a53ea6f9a8adc833fa7db02eea3ae6d7b2f362a69dcf2,1506.0368841552743,1558.1774126539299,-52.14052849865561,-0.8,-1.4,0.40000000000000013,8.482083639644316,61,61,False
09a6a4ae4e24ca7bfee0218d,Bundesliga,2023/2024,DEVELOPMENT,2024-05-05,13:30,MATCH_KICKOFF_TIME_TIMEZONE_NOT_STATED_BY_SOURCE,,NOT_VERIFIED_DO_NOT_INFER,Sturm Graz,Hartberg,1,1,D,EVALUATION_ONLY_JOIN_AFTER_PREMATCH_FEATURE_FREEZE,1.45,4.46,6.38,EXTERNAL_HISTORICAL_MARKET_BENCHMARK,NOT_AVAILABLE,NOT_GOLDBET,5aed1261b783cbb88bd74d3fd02e123d7a7c28e06f27f4c994776514774bcf6b,1637.5627640002672,1499.859512375823,137.7032516244442,1.2000000000000002,1.2,0.6000000000000001,4.158687913569111,61,61,False
85cf9a5315b0e6cc242adf2d,Bundesliga,2023/2024,DEVELOPMENT,2024-05-05,16:00,MATCH_KICKOFF_TIME_TIMEZONE_NOT_STATED_BY_SOURCE,,NOT_VERIFIED_DO_NOT_INFER,SK Rapid,Salzburg,2,0,H,EVALUATION_ONLY_JOIN_AFTER_PREMATCH_FEATURE_FREEZE,4.02,4.02,1.75,EXTERNAL_HISTORICAL_MARKET_BENCHMARK,NOT_AVAILABLE,NOT_GOLDBET,bc8f1e0d00ae583f0a21b138088dd7db823c7e44d8d81cae3025297209969887,1515.335286396867,1631.993994562934,-116.65870816606684,-0.6,-1.4000000000000001,-0.19999999999999996,47.30191307285986,61,61,False
96a0e7f188f6e74646c075cd,Bundesliga,2023/2024,DEVELOPMENT,2024-05-11,16:00,MATCH_KICKOFF_TIME_TIMEZONE_NOT_STATED_BY_SOURCE,,NOT_VERIFIED_DO_NOT_INFER,A. Lustenau,BW Linz,1,0,H,EVALUATION_ONLY_JOIN_AFTER_PREMATCH_FEATURE_FREEZE,3.15,3.28,2.26,EXTERNAL_HISTORICAL_MARKET_BENCHMARK,NOT_AVAILABLE,NOT_GOLDBET,9a180e5c6ea3b57891303fa2927c27368ca841c26531fe3464df8a9431ddb38c,1396.3428548368877,1466.3945416776403,-70.05168684075261,-1.0,-0.6,0.19999999999999996,25.974068568934626,62,30,False
925bb54d3d8203015acce2e3,Bundesliga,2023/2024,DEVELOPMENT,2024-05-11,16:00,MATCH_KICKOFF_TIME_TIMEZONE_NOT_STATED_BY_SOURCE,,NOT_VERIFIED_DO_NOT_INFER,Austria Vienna,Wolfsberger AC,0,4,A,EVALUATION_ONLY_JOIN_AFTER_PREMATCH_FEATURE_FREEZE,1.7,3.82,4.7,EXTERNAL_HISTORICAL_MARKET_BENCHMARK,NOT_AVAILABLE,NOT_GOLDBET,f8729c55d116149762e7864b7ffbfd43e68fe60734bc6d3635e7533de5fd44f1,1505.6313811114449,1487.1038076289858,18.527573482459047,0.0,0.4,0.19999999999999996,-3.0823252330042124,62,62,False
2654b3c84eeae557d421cba0,Bundesliga,2023/2024,DEVELOPMENT,2024-05-11,16:00,MATCH_KICKOFF_TIME_TIMEZONE_NOT_STATED_BY_SOURCE,,NOT_VERIFIED_DO_NOT_INFER,Tirol,Altach,0,1,A,EVALUATION_ONLY_JOIN_AFTER_PREMATCH_FEATURE_FREEZE,3.11,3,2.44,EXTERNAL_HISTORICAL_MARKET_BENCHMARK,NOT_AVAILABLE,NOT_GOLDBET,a43b18e5c0029fd221873dabf311c5d9fb8705e42d2d97c5eb2cfb9115f40ad0,1421.86929205403,1423.4090758910736,-1.5397838370436148,0.3999999999999999,-0.2,1.0000000000000002,15.428993613013063,62,62,False
d0afa7e2fb404a0739ef576a,Bundesliga,2023/2024,DEVELOPMENT,2024-05-12,16:00,MATCH_KICKOFF_TIME_TIMEZONE_NOT_STATED_BY_SOURCE,,NOT_VERIFIED_DO_NOT_INFER,A. Klagenfurt,SK Rapid,0,1,A,EVALUATION_ONLY_JOIN_AFTER_PREMATCH_FEATURE_FREEZE,4.16,3.95,1.75,EXTERNAL_HISTORICAL_MARKET_BENCHMARK,NOT_AVAILABLE,NOT_GOLDBET,c2053f3f5af2469dd3b7ddbedb95a64c67fde36d698b6a43dfae3760180c749e,1495.810708959949,1526.9517509927598,-31.1410420328109,0.0,0.3999999999999999,0.0,-11.707434361181186,62,62,False
0d81f4c1f1c0ea5f2b807951,Bundesliga,2023/2024,DEVELOPMENT,2024-05-12,16:00,MATCH_KICKOFF_TIME_TIMEZONE_NOT_STATED_BY_SOURCE,,NOT_VERIFIED_DO_NOT_INFER,Hartberg,Salzburg,1,5,A,EVALUATION_ONLY_JOIN_AFTER_PREMATCH_FEATURE_FREEZE,5.33,4.59,1.51,EXTERNAL_HISTORICAL_MARKET_BENCHMARK,NOT_AVAILABLE,NOT_GOLDBET,4e07b772216c3b6e1b33486a851b0bf70c3b2dcdb46e23c06b3a3ffc1ece7519,1505.006019771554,1620.3775299670413,-115.37151019548719,0.5999999999999999,0.6,-0.3999999999999999,30.991399953884866,62,62,False
534c2789ea348337b326e7f3,Bundesliga,2023/2024,DEVELOPMENT,2024-05-12,16:00,MATCH_KICKOFF_TIME_TIMEZONE_NOT_STATED_BY_SOURCE,,NOT_VERIFIED_DO_NOT_INFER,LASK,Sturm Graz,2,2,D,EVALUATION_ONLY_JOIN_AFTER_PREMATCH_FEATURE_FREEZE,2.68,3.33,2.55,EXTERNAL_HISTORICAL_MARKET_BENCHMARK,NOT_AVAILABLE,NOT_GOLDBET,72b4214c83708d57ed81124a571d972bf4f816e7c7f79e0abbced238691fddcc,1568.4035878492552,1632.416256604536,-64.01266875528086,0.19999999999999973,0.6000000000000001,-0.40000000000000013,-5.76456751268006,62,62,False
f4c54673d66d39b4d8b14b46,Bundesliga,2023/2024,DEVELOPMENT,2024-05-18,16:00,MATCH_KICKOFF_TIME_TIMEZONE_NOT_STATED_BY_SOURCE,,NOT_VERIFIED_DO_NOT_INFER,Altach,A. Lustenau,2,2,D,EVALUATION_ONLY_JOIN_AFTER_PREMATCH_FEATURE_FREEZE,1.62,3.95,5.13,EXTERNAL_HISTORICAL_MARKET_BENCHMARK,NOT_AVAILABLE,NOT_GOLDBET,9d69d382d3a8996227954540666b8e630082f38e86f94e519450df6f12f40f70,1435.075994454831,1406.6320849489616,28.443909505869442,-0.6000000000000001,-0.6000000000000001,-0.19999999999999996,-17.523932049105724,63,63,False
5d2456935819e51f2c27b9ec,Bundesliga,2023/2024,DEVELOPMENT,2024-05-18,16:00,MATCH_KICKOFF_TIME_TIMEZONE_NOT_STATED_BY_SOURCE,,NOT_VERIFIED_DO_NOT_INFER,BW Linz,Austria Vienna,1,2,A,EVALUATION_ONLY_JOIN_AFTER_PREMATCH_FEATURE_FREEZE,3.31,3.55,2.07,EXTERNAL_HISTORICAL_MARKET_BENCHMARK,NOT_AVAILABLE,NOT_GOLDBET,ccc2ada322131fab7a1dbf8747f678ff318139aca91886497cde65cc86e8e08e,1456.1053115655664,1493.4088930674761,-37.303581501909775,1.2,1.4,0.20000000000000018,8.894160354169117,31,63,False
f71d6553085dbc9a40322444,Bundesliga,2023/2024,DEVELOPMENT,2024-05-18,16:00,MATCH_KICKOFF_TIME_TIMEZONE_NOT_STATED_BY_SOURCE,,NOT_VERIFIED_DO_NOT_INFER,Wolfsberger AC,Tirol,3,1,H,EVALUATION_ONLY_JOIN_AFTER_PREMATCH_FEATURE_FREEZE,2.06,3.49,3.4,EXTERNAL_HISTORICAL_MARKET_BENCHMARK,NOT_AVAILABLE,NOT_GOLDBET,fe452a0f56f81acdb5eaf8e0f31892a96629174b1cddd1c42245f1fab279f656,1499.3262956729545,1410.2023734902725,89.12392218268201,1.2,1.6,-0.20000000000000007,-32.51711754197777,63,63,False
a1072b9c4e7072b3c670c766,Bundesliga,2023/2024,DEVELOPMENT,2024-05-19,16:00,MATCH_KICKOFF_TIME_TIMEZONE_NOT_STATED_BY_SOURCE,,NOT_VERIFIED_DO_NOT_INFER,SK Rapid,Hartberg,0,3,A,EVALUATION_ONLY_JOIN_AFTER_PREMATCH_FEATURE_FREEZE,1.78,3.94,4.02,EXTERNAL_HISTORICAL_MARKET_BENCHMARK,NOT_AVAILABLE,NOT_GOLDBET,b966d46ce6111514e5543f57d4314cf22b71f653a1af205659291fada5ea8424,1537.7804735468644,1496.5863824388946,41.194091107969825,-0.19999999999999996,-0.6,0.19999999999999996,11.943397868343027,63,63,False
5a2ca1d884ebec8449b48b92,Bundesliga,2023/2024,DEVELOPMENT,2024-05-19,16:00,MATCH_KICKOFF_TIME_TIMEZONE_NOT_STATED_BY_SOURCE,,NOT_VERIFIED_DO_NOT_INFER,Salzburg,LASK,7,1,H,EVALUATION_ONLY_JOIN_AFTER_PREMATCH_FEATURE_FREEZE,1.39,5.12,6.67,EXTERNAL_HISTORICAL_MARKET_BENCHMARK,NOT_AVAILABLE,NOT_GOLDBET,24eba034856769b2543aaa80215fea5568988b6658d6cee8524897b2c441cb97,1628.7971672997007,1568.5190766050857,60.278090694615,-0.6000000000000001,-0.6,0.6000000000000001,3.1291844041668355,63,63,False
818b82e46d215637c20960d6,Bundesliga,2023/2024,DEVELOPMENT,2024-05-19,16:00,MATCH_KICKOFF_TIME_TIMEZONE_NOT_STATED_BY_SOURCE,,NOT_VERIFIED_DO_NOT_INFER,Sturm Graz,A. Klagenfurt,2,0,H,EVALUATION_ONLY_JOIN_AFTER_PREMATCH_FEATURE_FREEZE,1.28,5.78,9.14,EXTERNAL_HISTORICAL_MARKET_BENCHMARK,NOT_AVAILABLE,NOT_GOLDBET,90b32fd7f2d797f01a186f99060b24b9a5dad6518eb8c9510ec22a76120db629,1632.3007678487056,1484.9819864058443,147.31878144286134,1.2000000000000002,1.6,1.8,-18.268628758316254,63,63,False
4dfafe12f37ecd86189c62aa,Bundesliga,2024/2025,DEVELOPMENT,2024-08-02,19:30,MATCH_KICKOFF_TIME_TIMEZONE_NOT_STATED_BY_SOURCE,,NOT_VERIFIED_DO_NOT_INFER,Grazer AK,Salzburg,2,3,A,EVALUATION_ONLY_JOIN_AFTER_PREMATCH_FEATURE_FREEZE,8.82,5.86,1.28,EXTERNAL_HISTORICAL_MARKET_BENCHMARK,NOT_AVAILABLE,NOT_GOLDBET,04be7a8eaddf659974691790c111e13fdfecf4a31edb69c73d226ff44bd4bae2,1500.0,1567.733630167511,-67.73363016751091,,,,,0,64,False
21048f587594610fc24ab740,Bundesliga,2024/2025,DEVELOPMENT,2024-08-03,16:00,MATCH_KICKOFF_TIME_TIMEZONE_NOT_STATED_BY_SOURCE,,NOT_VERIFIED_DO_NOT_INFER,Altach,Tirol,1,2,A,EVALUATION_ONLY_JOIN_AFTER_PREMATCH_FEATURE_FREEZE,1.88,3.5,4.01,EXTERNAL_HISTORICAL_MARKET_BENCHMARK,NOT_AVAILABLE,NOT_GOLDBET,bfd2fcb441dde8f29c52ccc39f07882f919860a379f2c96a862d1dd605e7a5b8,1466.2919860938784,1452.1245043311994,14.167481762679017,0.19999999999999996,0.39999999999999997,0.0,-6.295867479469052,64,64,False
e4f2220c18ebc1ac37904e7c,Bundesliga,2024/2025,DEVELOPMENT,2024-08-03,16:00,MATCH_KICKOFF_TIME_TIMEZONE_NOT_STATED_BY_SOURCE,,NOT_VERIFIED_DO_NOT_INFER,Hartberg,LASK,1,2,A,EVALUATION_ONLY_JOIN_AFTER_PREMATCH_FEATURE_FREEZE,3.27,3.58,2.08,EXTERNAL_HISTORICAL_MARKET_BENCHMARK,NOT_AVAILABLE,NOT_GOLDBET,2cf92ca927ce826b2c9a1c49e67c9f33ca0cc2afa8dd0c1ca297c7807641ed98,1504.7096617714915,1530.9244917848823,-26.214830013390838,-0.6000000000000001,-0.6000000000000001,-0.7999999999999999,11.829233416643092,64,64,False
9e6f03034816da2532307620,Bundesliga,2024/2025,DEVELOPMENT,2024-08-03,18:30,MATCH_KICKOFF_TIME_TIMEZONE_NOT_STATED_BY_SOURCE,,NOT_VERIFIED_DO_NOT_INFER,Wolfsberger AC,A. Klagenfurt,4,1,H,EVALUATION_ONLY_JOIN_AFTER_PREMATCH_FEATURE_FREEZE,1.82,3.8,3.93,EXTERNAL_HISTORICAL_MARKET_BENCHMARK,NOT_AVAILABLE,NOT_GOLDBET,78e353511e26a65d25f100220c4b7ab630c12758d707cfd470a2fb0f91d006b5,1502.639830250414,1490.1645199756802,12.475310274733829,1.7999999999999998,2.2,0.8,-133.64996332992337,64,64,False
d07fdda0db936e31e08a1403,Bundesliga,2024/2025,DEVELOPMENT,2024-08-04,16:00,MATCH_KICKOFF_TIME_TIMEZONE_NOT_STATED_BY_SOURCE,,NOT_VERIFIED_DO_NOT_INFER,BW Linz,Austria Vienna,1,0,H,EVALUATION_ONLY_JOIN_AFTER_PREMATCH_FEATURE_FREEZE,2.44,3.45,2.73,EXTERNAL_HISTORICAL_MARKET_BENCHMARK,NOT_AVAILABLE,NOT_GOLDBET,04836ee0ada10e0e92da0c5da89cfff95af8e0262befd6ebc9c06464bd3b0979,1472.7264918928881,1502.030610423633,-29.304118530744972,1.0,1.6,0.20000000000000018,13.696265863199415,32,64,False
d62bd9b14f4de197eddd8bbb,Bundesliga,2024/2025,DEVELOPMENT,2024-08-04,16:00,MATCH_KICKOFF_TIME_TIMEZONE_NOT_STATED_BY_SOURCE,,NOT_VERIFIED_DO_NOT_INFER,SK Rapid,Sturm Graz,1,0,H,EVALUATION_ONLY_JOIN_AFTER_PREMATCH_FEATURE_FREEZE,2.82,3.42,2.39,EXTERNAL_HISTORICAL_MARKET_BENCHMARK,NOT_AVAILABLE,NOT_GOLDBET,0f1db88777ab576427e2bb9d3429f29c8c434e73eb8ba04f6658a6f03f93075d,1512.4737662213881,1568.4768571515947,-56.003090930206554,-0.6000000000000001,-2.2,-1.2000000000000002,16.644973795609758,64,64,False
c9b0c4bc1b97af74ec2c4e05,Bundesliga,2024/2025,DEVELOPMENT,2024-08-10,16:00,MATCH_KICKOFF_TIME_TIMEZONE_NOT_STATED_BY_SOURCE,,NOT_VERIFIED_DO_NOT_INFER,LASK,Altach,1,2,A,EVALUATION_ONLY_JOIN_AFTER_PREMATCH_FEATURE_FREEZE,1.64,3.88,5.08,EXTERNAL_HISTORICAL_MARKET_BENCHMARK,NOT_AVAILABLE,NOT_GOLDBET,6b4304a765a19ab5a11e26ffcf20fb0d6bc512e6ea9dfcc77360da8dceda532d,1541.8938536673365,1454.1891202395889,87.70473342774767,1.0,0.6000000000000001,0.3999999999999999,103.15149209586139,65,65,False
64023c7203148cdfda5d62a9,Bundesliga,2024/2025,DEVELOPMENT,2024-08-10,16:00,MATCH_KICKOFF_TIME_TIMEZONE_NOT_STATED_BY_SOURCE,,NOT_VERIFIED_DO_NOT_INFER,Tirol,Grazer AK,0,0,D,EVALUATION_ONLY_JOIN_AFTER_PREMATCH_FEATURE_FREEZE,2.2,3.4,3.16,EXTERNAL_HISTORICAL_MARKET_BENCHMARK,NOT_AVAILABLE,NOT_GOLDBET,8d685b6e206f294ff6eb67bb510b2357e78c034f68528bf8b93c5b0e6bceff81,1464.227370185489,1490.2225550139292,-25.995184828440188,0.8,0.4,,-121.91240370684636,65,1,False
4dcdd903390ed29d87f7ac14,Bundesliga,2024/2025,DEVELOPMENT,2024-08-10,18:30,MATCH_KICKOFF_TIME_TIMEZONE_NOT_STATED_BY_SOURCE,,NOT_VERIFIED_DO_NOT_INFER,Salzburg,BW Linz,5,1,H,EVALUATION_ONLY_JOIN_AFTER_PREMATCH_FEATURE_FREEZE,1.32,5.51,7.95,EXTERNAL_HISTORICAL_MARKET_BENCHMARK,NOT_AVAILABLE,NOT_GOLDBET,46a89dcba6a83418e6cf09c987fe830cda9666cdc4d20c137406d905919c092b,1577.5110751535817,1481.8452850229687,95.665790130613,0.19999999999999996,1.4,1.2000000000000002,82.82961657053056,65,33,False
8b9386abc3b520a4800c686b,Bundesliga,2024/2025,DEVELOPMENT,2024-08-11,16:00,MATCH_KICKOFF_TIME_TIMEZONE_NOT_STATED_BY_SOURCE,,NOT_VERIFIED_DO_NOT_INFER,A. Klagenfurt,SK Rapid,1,1,D,EVALUATION_ONLY_JOIN_AFTER_PREMATCH_FEATURE_FREEZE,4.3,3.95,1.73,EXTERNAL_HISTORICAL_MARKET_BENCHMARK,NOT_AVAILABLE,NOT_GOLDBET,4f68619be22c10a18c2056d95876d78c8413ccd6220537940cb78ed3f18f9834,1482.2207876020275,1522.3587310055061,-40.13794340347863,-1.8,-1.0,-0.5999999999999999,-6.512278346530593,65,65,False
35907af515bb12bd5ce4361c,Bundesliga,2024/2025,DEVELOPMENT,2024-08-11,16:00,MATCH_KICKOFF_TIME_TIMEZONE_NOT_STATED_BY_SOURCE,,NOT_VERIFIED_DO_NOT_INFER,Austria Vienna,Wolfsberger AC,3,1,H,EVALUATION_ONLY_JOIN_AFTER_PREMATCH_FEATURE_FREEZE,2.15,3.65,3.05,EXTERNAL_HISTORICAL_MARKET_BENCHMARK,NOT_AVAILABLE,NOT_GOLDBET,92ce4c84b9d974ebb710f6bf5bd20f584a31236fd9087649eb84b335bbc70289,1492.9118172935525,1510.5835626240666,-17.671745330514113,-1.5999999999999999,-2.8,-1.0000000000000002,-11.188677939550416,65,65,False
80b3695f3d9a5fb02371fc92,Bundesliga,2024/2025,DEVELOPMENT,2024-08-11,16:00,MATCH_KICKOFF_TIME_TIMEZONE_NOT_STATED_BY_SOURCE,,NOT_VERIFIED_DO_NOT_INFER,Sturm Graz,Hartberg,2,0,H,EVALUATION_ONLY_JOIN_AFTER_PREMATCH_FEATURE_FREEZE,1.54,4.4,5.26,EXTERNAL_HISTORICAL_MARKET_BENCHMARK,NOT_AVAILABLE,NOT_GOLDBET,fe63c4ba658488923f58190892a488a658b7d87c839e6f2d97787228ea06be15,1558.5918923674767,1493.7402998890373,64.85159247843944,-0.19999999999999996,0.4,0.3999999999999999,-28.458782876647092,65,65,False
f3ad51e0357ead2861784d38,Bundesliga,2024/2025,DEVELOPMENT,2024-08-17,16:00,MATCH_KICKOFF_TIME_TIMEZONE_NOT_STATED_BY_SOURCE,,NOT_VERIFIED_DO_NOT_INFER,A. Klagenfurt,Sturm Graz,0,2,A,EVALUATION_ONLY_JOIN_AFTER_PREMATCH_FEATURE_FREEZE,7.14,4.76,1.39,EXTERNAL_HISTORICAL_MARKET_BENCHMARK,NOT_AVAILABLE,NOT_GOLDBET,38ca5d3da0ea5e7acf8424f412f95422a9e5ef3e19f05a87f6f3c80409dc8b3e,1481.6497336172056,1565.1454630935023,-83.49572947629667,-1.4000000000000001,-2.2,-0.6000000000000001,36.59386800199354,66,66,False
a68292187df75714af761d0f,Bundesliga,2024/2025,DEVELOPMENT,2024-08-17,16:00,MATCH_KICKOFF_TIME_TIMEZONE_NOT_STATED_BY_SOURCE,,NOT_VERIFIED_DO_NOT_INFER,Grazer AK,BW Linz,2,2,D,EVALUATION_ONLY_JOIN_AFTER_PREMATCH_FEATURE_FREEZE,2.06,3.45,3.48,EXTERNAL_HISTORICAL_MARKET_BENCHMARK,NOT_AVAILABLE,NOT_GOLDBET,30cb18ac59083301df8750f1d41797a211c4c2485b099dc3b5f554967450b9f2,1491.1981790039129,1476.048168321222,15.15001068269089,-0.7,0.30000000000000004,-0.8,36.25243457144779,2,34,False
77957fdc8bcea5acd1761743,Bundesliga,2024/2025,DEVELOPMENT,2024-08-17,18:30,MATCH_KICKOFF_TIME_TIMEZONE_NOT_STATED_BY_SOURCE,,NOT_VERIFIED_DO_NOT_INFER,LASK,Salzburg,0,1,A,EVALUATION_ONLY_JOIN_AFTER_PREMATCH_FEATURE_FREEZE,3.5,4.02,1.9,EXTERNAL_HISTORICAL_MARKET_BENCHMARK,NOT_AVAILABLE,NOT_GOLDBET,abcfef4ed340fadb16ddcfe0a870ccbed6a0e682dc4fd323f37d9e67ce284154,1527.8814335078769,1583.3081918553285,-55.426758347451596,-1.0,-3.4000000000000004,0.19999999999999996,31.088684454823124,66,66,False
e56998319edf08f0e607410a,Bundesliga,2024/2025,DEVELOPMENT,2024-08-18,16:00,MATCH_KICKOFF_TIME_TIMEZONE_NOT_STATED_BY_SOURCE,,NOT_VERIFIED_DO_NOT_INFER,Altach,Wolfsberger AC,2,0,H,EVALUATION_ONLY_JOIN_AFTER_PREMATCH_FEATURE_FREEZE,2.35,3.36,2.92,EXTERNAL_HISTORICAL_MARKET_BENCHMARK,NOT_AVAILABLE,NOT_GOLDBET,e4491d0ba2ae5622dbd573cbb1d7188cbc53d2a3974e8cbf2510737ecacc9444,1468.2015403990486,1501.7958756646763,-33.594335265627706,-1.0,-1.6,-1.4,-6.738138017537267,66,66,False
8413a41524b745c9ce36589b,Bundesliga,2024/2025,DEVELOPMENT,2024-08-18,16:00,MATCH_KICKOFF_TIME_TIMEZONE_NOT_STATED_BY_SOURCE,,NOT_VERIFIED_DO_NOT_INFER,Hartberg,Austria Vienna,1,1,D,EVALUATION_ONLY_JOIN_AFTER_PREMATCH_FEATURE_FREEZE,2.66,3.6,2.45,EXTERNAL_HISTORICAL_MARKET_BENCHMARK,NOT_AVAILABLE,NOT_GOLDBET,3c589eb7a2446d28bbd4c681f6afb799c06716d80a1aa739f830e26699e36067,1487.1867291630117,1501.699504252943,-14.51277508993121,-0.3999999999999999,0.0,-0.6,114.8916763378129,66,66,False
ce0b408e5f33881d4f569567,Bundesliga,2024/2025,DEVELOPMENT,2024-08-18,16:00,MATCH_KICKOFF_TIME_TIMEZONE_NOT_STATED_BY_SOURCE,,NOT_VERIFIED_DO_NOT_INFER,SK Rapid,Tirol,2,0,H,EVALUATION_ONLY_JOIN_AFTER_PREMATCH_FEATURE_FREEZE,1.35,5.06,7.86,EXTERNAL_HISTORICAL_MARKET_BENCHMARK,NOT_AVAILABLE,NOT_GOLDBET,7e463586a3e0872d90744a64a9476d59b6401bbbcb1643464f730fa51eb531dc,1522.929784990328,1463.2517461955053,59.67803879482267,1.2,0.8,0.5999999999999999,67.38437577111472,66,66,False
824226119b515e7de7adab33,Bundesliga,2024/2025,DEVELOPMENT,2024-08-24,16:00,MATCH_KICKOFF_TIME_TIMEZONE_NOT_STATED_BY_SOURCE,,NOT_VERIFIED_DO_NOT_INFER,Tirol,A. Klagenfurt,0,1,A,EVALUATION_ONLY_JOIN_AFTER_PREMATCH_FEATURE_FREEZE,2.3,3.49,2.91,EXTERNAL_HISTORICAL_MARKET_BENCHMARK,NOT_AVAILABLE,NOT_GOLDBET,f7bdfdbe8bb64393f7a3b6d5f18a8bd7fc5d1cb921476fa0b26a588ff2c0a024,1456.5662885010074,1472.3249660406016,-15.758677539594146,0.6000000000000001,0.8,1.4000000000000001,-69.44336910574475,67,67,False
0220143c8ed5d9954525544d,Bundesliga,2024/2025,DEVELOPMENT,2024-08-24,18:30,MATCH_KICKOFF_TIME_TIMEZONE_NOT_STATED_BY_SOURCE,,NOT_VERIFIED_DO_NOT_INFER,Sturm Graz,Altach,2,1,H,EVALUATION_ONLY_JOIN_AFTER_PREMATCH_FEATURE_FREEZE,1.51,4.13,6.25,EXTERNAL_HISTORICAL_MARKET_BENCHMARK,NOT_AVAILABLE,NOT_GOLDBET,055766a49e18015b060e67df6f81700887165bfa9791c05fb3dbcb943d38c5da,1574.4702306701063,1477.4429842474988,97.0272464226075,0.0,0.4,0.6000000000000001,43.38675266330529,67,67,False
76a8ea5f3e954b5eed3d50b2,Bundesliga,2024/2025,DEVELOPMENT,2024-08-25,16:00,MATCH_KICKOFF_TIME_TIMEZONE_NOT_STATED_BY_SOURCE,,NOT_VERIFIED_DO_NOT_INFER,Austria Vienna,LASK,2,1,H,EVALUATION_ONLY_JOIN_AFTER_PREMATCH_FEATURE_FREEZE,2.28,3.58,2.88,EXTERNAL_HISTORICAL_MARKET_BENCHMARK,NOT_AVAILABLE,NOT_GOLDBET,43c1767a3e01c90418542d1a5291bbf6899fc2e618d5c42952d92dc26e0ae736,1503.0013023735107,1517.74981263366,-14.74851026014926,0.5999999999999999,0.9999999999999999,-0.19999999999999996,-77.94289897922522,67,67,False
cd93eda42b6fa259c3019d6e,Bundesliga,2024/2025,DEVELOPMENT,2024-08-25,16:00,MATCH_KICKOFF_TIME_TIMEZONE_NOT_STATED_BY_SOURCE,,NOT_VERIFIED_DO_NOT_INFER,BW Linz,SK Rapid,3,0,H,EVALUATION_ONLY_JOIN_AFTER_PREMATCH_FEATURE_FREEZE,4.43,3.57,1.78,EXTERNAL_HISTORICAL_MARKET_BENCHMARK,NOT_AVAILABLE,NOT_GOLDBET,17d11628b854a4b22b8b0951d7a66c9d42c88aada024d3be0fee4741c603d821,1478.1780469649268,1529.615242684826,-51.43719571989914,-1.2,-1.2,1.0,-9.170973972495858,35,67,False
93cc9fff2840bc8d3fec6cbf,Bundesliga,2024/2025,DEVELOPMENT,2024-08-25,16:00,MATCH_KICKOFF_TIME_TIMEZONE_NOT_STATED_BY_SOURCE,,NOT_VERIFIED_DO_NOT_INFER,Wolfsberger AC,Grazer AK,4,2,H,EVALUATION_ONLY_JOIN_AFTER_PREMATCH_FEATURE_FREEZE,2.04,3.54,3.42,EXTERNAL_HISTORICAL_MARKET_BENCHMARK,NOT_AVAILABLE,NOT_GOLDBET,c87e65c3161cd5071747ac67cf7b38a76be20904600698c373d2e58584c73313,1492.554431816226,1489.068300360208,3.486131456018029,1.1333333333333333,1.3333333333333333,0.3999999999999999,-29.247396437407588,67,3,False
cd884d6896bddf5b1512d5ed,Bundesliga,2024/2025,DEVELOPMENT,2024-08-31,16:00,MATCH_KICKOFF_TIME_TIMEZONE_NOT_STATED_BY_SOURCE,,NOT_VERIFIED_DO_NOT_INFER,A. Klagenfurt,BW Linz,3,1,H,EVALUATION_ONLY_JOIN_AFTER_PREMATCH_FEATURE_FREEZE,2.67,3.46,2.49,EXTERNAL_HISTORICAL_MARKET_BENCHMARK,NOT_AVAILABLE,NOT_GOLDBET,89e72a3ec2941a92098aecf4b9888337dfc2258bf9728a9b81460c664e5a7add,1483.5914956039248,1487.9316395345716,-4.340143930646718,-0.5999999999999999,-1.0,-0.19999999999999996,17.049416073141174,68,36,False
325617f15d6c32e47e4bc0c3,Bundesliga,2024/2025,DEVELOPMENT,2024-08-31,16:00,MATCH_KICKOFF_TIME_TIMEZONE_NOT_STATED_BY_SOURCE,,NOT_VERIFIED_DO_NOT_INFER,Hartberg,Grazer AK,1,1,D,EVALUATION_ONLY_JOIN_AFTER_PREMATCH_FEATURE_FREEZE,1.92,3.87,3.48,EXTERNAL_HISTORICAL_MARKET_BENCHMARK,NOT_AVAILABLE,NOT_GOLDBET,122d3be675f7505a4d43d56cdbfe16eb9653f72e38a22337da7d22a7f0a61b2f,1485.884931042444,1480.8755088469243,5.009422195519619,0.30000000000000004,-0.050000000000000044,0.30000000000000004,49.73387826122939,67,4,False
1ceef34e6684ace23c240f10,Bundesliga,2024/2025,DEVELOPMENT,2024-08-31,18:30,MATCH_KICKOFF_TIME_TIMEZONE_NOT_STATED_BY_SOURCE,,NOT_VERIFIED_DO_NOT_INFER,Sturm Graz,Tirol,4,2,H,EVALUATION_ONLY_JOIN_AFTER_PREMATCH_FEATURE_FREEZE,1.31,5.42,8.27,EXTERNAL_HISTORICAL_MARKET_BENCHMARK,NOT_AVAILABLE,NOT_GOLDBET,57fe2a4cafc3949ab50b17503401b4b60aaacb84afbce9b021755ab038cd1cd9,1580.2351366037838,1445.2997589376841,134.9353776660996,1.5999999999999999,2.0,2.0,-0.16136348614372764,68,68,False
e405dc9d0547826b7abb1c78,Bundesliga,2024/2025,DEVELOPMENT,2024-09-01,16:00,MATCH_KICKOFF_TIME_TIMEZONE_NOT_STATED_BY_SOURCE,,NOT_VERIFIED_DO_NOT_INFER,Altach,Austria Vienna,1,1,D,EVALUATION_ONLY_JOIN_AFTER_PREMATCH_FEATURE_FREEZE,3.03,3.62,2.17,EXTERNAL_HISTORICAL_MARKET_BENCHMARK,NOT_AVAILABLE,NOT_GOLDBET,9beabe6d7dc316d3b7cfafb61139994ef9588d7d34ec4f52c396823aca263c93,1471.6780783138213,1511.7061748607377,-40.02809654691646,-0.6000000000000001,-0.39999999999999997,0.19999999999999996,6.512928280617416,68,68,False
7da3fbac48154e72764edc3c,Bundesliga,2024/2025,DEVELOPMENT,2024-09-01,16:00,MATCH_KICKOFF_TIME_TIMEZONE_NOT_STATED_BY_SOURCE,,NOT_VERIFIED_DO_NOT_INFER,LASK,Wolfsberger AC,1,5,A,EVALUATION_ONLY_JOIN_AFTER_PREMATCH_FEATURE_FREEZE,1.94,3.67,3.58,EXTERNAL_HISTORICAL_MARKET_BENCHMARK,NOT_AVAILABLE,NOT_GOLDBET,d9f73d77d2f07aa4326fa4edd4743f1b6bf0a0fb8936d8033a71714f80ba5764,1509.044940146433,1500.7472233295098,8.297716816923185,-1.2000000000000002,-2.2,-1.0,64.6913784041717,68,68,False
155b1792cc380cde172f36b9,Bundesliga,2024/2025,DEVELOPMENT,2024-09-01,16:00,MATCH_KICKOFF_TIME_TIMEZONE_NOT_STATED_BY_SOURCE,,NOT_VERIFIED_DO_NOT_INFER,SK Rapid,Salzburg,3,2,H,EVALUATION_ONLY_JOIN_AFTER_PREMATCH_FEATURE_FREEZE,3.42,3.95,1.92,EXTERNAL_HISTORICAL_MARKET_BENCHMARK,NOT_AVAILABLE,NOT_GOLDBET,ddacc988fc07a79da369bdb96a818e62963c2a720bf2381915153cf70a1afdfc,1519.8616501151812,1593.4398127295453,-73.57816261436415,-1.6,-3.8000000000000003,0.0,-18.90759891090761,68,67,False
a0f8a81598df9d5684d426d3,Bundesliga,2024/2025,DEVELOPMENT,2024-09-14,16:00,MATCH_KICKOFF_TIME_TIMEZONE_NOT_STATED_BY_SOURCE,,NOT_VERIFIED_DO_NOT_INFER,Wolfsberger AC,SK Rapid,1,1,D,EVALUATION_ONLY_JOIN_AFTER_PREMATCH_FEATURE_FREEZE,3,3.72,2.16,EXTERNAL_HISTORICAL_MARKET_BENCHMARK,NOT_AVAILABLE,NOT_GOLDBET,2b0c232131020627cc3c5638fd64c932e47ca3755b8b5f1f7ee1384d4beca4ec,1512.6880543656168,1530.2522622059878,-17.564207840370955,-0.19999999999999996,0.8,1.2,-27.235226493735354,69,69,False
c195bfac787cb19a027b5941,Bundesliga,2024/2025,DEVELOPMENT,2024-09-14,18:30,MATCH_KICKOFF_TIME_TIMEZONE_NOT_STATED_BY_SOURCE,,NOT_VERIFIED_DO_NOT_INFER,BW Linz,LASK,1,0,H,EVALUATION_ONLY_JOIN_AFTER_PREMATCH_FEATURE_FREEZE,3.59,3.49,2,EXTERNAL_HISTORICAL_MARKET_BENCHMARK,NOT_AVAILABLE,NOT_GOLDBET,a2c8fe891df80e42ee8b43d9a2df95cef7799cea1980f35d32f8906917b47a49,1479.520093122363,1497.104109110326,-17.584015987962857,0.7999999999999999,0.7999999999999999,0.5999999999999999,7.598220660089964,37,69,False
aef0447d2c2f083365c9149a,Bundesliga,2024/2025,DEVELOPMENT,2024-09-15,13:30,MATCH_KICKOFF_TIME_TIMEZONE_NOT_STATED_BY_SOURCE,,NOT_VERIFIED_DO_NOT_INFER,Grazer AK,Altach,1,1,D,EVALUATION_ONLY_JOIN_AFTER_PREMATCH_FEATURE_FREEZE,2.37,3.36,2.91,EXTERNAL_HISTORICAL_MARKET_BENCHMARK,NOT_AVAILABLE,NOT_GOLDBET,84abbb8f107778387b7b6ebc941656b52e055c4868000972ca753fdb0082ff8e,1482.7250953750936,1471.1038730495331,11.621222325560439,-0.7999999999999999,-0.8,-0.8999999999999999,-19.108421532233024,5,69,False
dbefbdac01a33157c8a670d7,Bundesliga,2024/2025,DEVELOPMENT,2024-09-21,16:00,MATCH_KICKOFF_TIME_TIMEZONE_NOT_STATED_BY_SOURCE,,NOT_VERIFIED_DO_NOT_INFER,A. Klagenfurt,Hartberg,2,2,D,EVALUATION_ONLY_JOIN_AFTER_PREMATCH_FEATURE_FREEZE,2.83,3.59,2.31,EXTERNAL_HISTORICAL_MARKET_BENCHMARK,NOT_AVAILABLE,NOT_GOLDBET,4648a04dc35d5cd1dc5358ff65a35988acab8c169bcdce399b591b9ee0f72607,1492.0030420161333,1484.0353445142746,7.9676975018587655,0.3999999999999999,-0.4,-0.8,-15.045983682817678,69,68,False
6afb46cce7a6eedd042d9b65,Bundesliga,2024/2025,DEVELOPMENT,2024-09-21,16:00,MATCH_KICKOFF_TIME_TIMEZONE_NOT_STATED_BY_SOURCE,,NOT_VERIFIED_DO_NOT_INFER,Altach,BW Linz,0,1,A,EVALUATION_ONLY_JOIN_AFTER_PREMATCH_FEATURE_FREEZE,2.31,3.26,3.08,EXTERNAL_HISTORICAL_MARKET_BENCHMARK,NOT_AVAILABLE,NOT_GOLDBET,3f0358f587bca129c3221839bca198382fffd970e1035c0a1dd307bb5c0a2a03,1473.1365856009832,1488.305292215293,-15.16870661430994,0.20000000000000018,0.8,0.19999999999999996,6.714225736275921,70,38,False
53d0fec3b7a78d699c99e3bd,Bundesliga,2024/2025,DEVELOPMENT,2024-09-21,16:00,MATCH_KICKOFF_TIME_TIMEZONE_NOT_STATED_BY_SOURCE,,NOT_VERIFIED_DO_NOT_INFER,LASK,Grazer AK,4,2,H,EVALUATION_ONLY_JOIN_AFTER_PREMATCH_FEATURE_FREEZE,1.75,3.84,4.27,EXTERNAL_HISTORICAL_MARKET_BENCHMARK,NOT_AVAILABLE,NOT_GOLDBET,3a8ccd3ef5872ead4b618901971e3ede70a819d7c9a8e871823fcbccc161ce9c,1488.3189100173959,1480.6923828236436,7.626527193752281,-0.8,-1.2000000000000002,0.13333333333333341,26.18943130107732,70,6,False
44ef0b82c1cac3b9b904de18,Bundesliga,2024/2025,DEVELOPMENT,2024-09-22,13:30,MATCH_KICKOFF_TIME_TIMEZONE_NOT_STATED_BY_SOURCE,,NOT_VERIFIED_DO_NOT_INFER,Sturm Graz,Wolfsberger AC,0,3,A,EVALUATION_ONLY_JOIN_AFTER_PREMATCH_FEATURE_FREEZE,1.7,4.09,4.38,EXTERNAL_HISTORICAL_MARKET_BENCHMARK,NOT_AVAILABLE,NOT_GOLDBET,049cd6dbb46130c51636469ae16ea9a65daf3fd34d9735a7ea1ada279588fcfe,1585.1474341641535,1511.4726917516803,73.67474241247328,1.0,0.7999999999999999,0.8,-15.774463498483328,69,70,False
f5b326caeea734cec32d5b5d,Bundesliga,2024/2025,DEVELOPMENT,2024-09-22,13:30,MATCH_KICKOFF_TIME_TIMEZONE_NOT_STATED_BY_SOURCE,,NOT_VERIFIED_DO_NOT_INFER,Tirol,Salzburg,0,0,D,EVALUATION_ONLY_JOIN_AFTER_PREMATCH_FEATURE_FREEZE,8.72,5.81,1.29,EXTERNAL_HISTORICAL_MARKET_BENCHMARK,NOT_AVAILABLE,NOT_GOLDBET,639d31410d93bee8cb66962368885217003c02ef4b707aa622d3dfeb15ecc2cc,1440.3874613773144,1583.0492006387387,-142.66173926142437,-1.5999999999999999,-3.0,-0.8,-13.220603301718484,69,68,False
fd4233fa8ff1c83e384663cf,Bundesliga,2024/2025,DEVELOPMENT,2024-09-22,16:00,MATCH_KICKOFF_TIME_TIMEZONE_NOT_STATED_BY_SOURCE,,NOT_VERIFIED_DO_NOT_INFER,SK Rapid,Austria Vienna,2,1,H,EVALUATION_ONLY_JOIN_AFTER_PREMATCH_FEATURE_FREEZE,1.72,4.13,4.2,EXTERNAL_HISTORICAL_MARKET_BENCHMARK,NOT_AVAILABLE,NOT_GOLDBET,aae0fbf1aba32494c8ef950b6a2322608a38e959cac9073003a0315df6c3aca7,1531.4676248199244,1512.2803801250259,19.18724469489848,0.0,-0.4,1.4,13.97075464603472,70,69,False
d5055cf898ad9d7f616e97d1,Bundesliga,2024/2025,DEVELOPMENT,2024-09-25,17:30,MATCH_KICKOFF_TIME_TIMEZONE_NOT_STATED_BY_SOURCE,,NOT_VERIFIED_DO_NOT_INFER,Austria Vienna,Sturm Graz,2,2,D,EVALUATION_ONLY_JOIN_AFTER_PREMATCH_FEATURE_FREEZE,2.72,3.58,2.39,EXTERNAL_HISTORICAL_MARKET_BENCHMARK,NOT_AVAILABLE,NOT_GOLDBET,f68031f6ed8f82d837194909ccfded028bfe32adb3812eefc6cf38616a1a8774,1504.5209095507178,1571.479207067031,-66.95829751631322,-0.7999999999999998,-0.4,0.3999999999999999,21.812067822275594,70,70,False
51006cc77eb2782de5ac15bf,Bundesliga,2024/2025,DEVELOPMENT,2024-09-26,17:30,MATCH_KICKOFF_TIME_TIMEZONE_NOT_STATED_BY_SOURCE,,NOT_VERIFIED_DO_NOT_INFER,Hartberg,Tirol,1,0,H,EVALUATION_ONLY_JOIN_AFTER_PREMATCH_FEATURE_FREEZE,1.93,3.66,3.63,EXTERNAL_HISTORICAL_MARKET_BENCHMARK,NOT_AVAILABLE,NOT_GOLDBET,c7ce7eae01903f75bae71f08fd4497b09e6082087138b8840d5f5398a93b54c7,1485.9670329483633,1442.7227591240478,43.24427382431554,0.19999999999999996,0.4,0.4,-16.933440803804388,69,70,False
5273b5a9ae2a68fff575012c,Bundesliga,2024/2025,DEVELOPMENT,2024-09-28,16:00,MATCH_KICKOFF_TIME_TIMEZONE_NOT_STATED_BY_SOURCE,,NOT_VERIFIED_DO_NOT_INFER,BW Linz,Sturm Graz,1,2,A,EVALUATION_ONLY_JOIN_AFTER_PREMATCH_FEATURE_FREEZE,3.42,3.5,2.05,EXTERNAL_HISTORICAL_MARKET_BENCHMARK,NOT_AVAILABLE,NOT_GOLDBET,379cb94980f32dcc55bf8e547f5937171bc78a9a003dbda8b4e8127b8d46d6a1,1499.58852651079,1571.278957938244,-71.69043142745409,0.0,0.19999999999999996,1.2,10.851906779837236,39,71,False
900edcb4125944336b996855,Bundesliga,2024/2025,DEVELOPMENT,2024-09-28,16:00,MATCH_KICKOFF_TIME_TIMEZONE_NOT_STATED_BY_SOURCE,,NOT_VERIFIED_DO_NOT_INFER,SK Rapid,LASK,1,1,D,EVALUATION_ONLY_JOIN_AFTER_PREMATCH_FEATURE_FREEZE,1.85,3.88,3.74,EXTERNAL_HISTORICAL_MARKET_BENCHMARK,NOT_AVAILABLE,NOT_GOLDBET,22db2e17ca0054d57fa8d1e3cefc5e2ce201ffc29e7b31646361dbdce693425b,1539.2270953942325,1496.396676631392,42.83041876284051,1.4,1.2,1.2,2.513769375253105,71,71,False
17d2c58901e2ec38ea032f32,Bundesliga,2024/2025,DEVELOPMENT,2024-09-28,16:00,MATCH_KICKOFF_TIME_TIMEZONE_NOT_STATED_BY_SOURCE,,NOT_VERIFIED_DO_NOT_INFER,Salzburg,Austria Vienna,2,0,H,EVALUATION_ONLY_JOIN_AFTER_PREMATCH_FEATURE_FREEZE,1.43,5.15,5.79,EXTERNAL_HISTORICAL_MARKET_BENCHMARK,NOT_AVAILABLE,NOT_GOLDBET,a555ec80ee93bb15d70b9cbfcc11acbc9385874839d4e90065fb53bb55c78c66,1580.7139028920053,1504.7211586795047,75.99274421250061,0.8,1.0,1.2000000000000002,-21.917124394821485,69,71,False
865a1c1c4d7d34ca05fc87ce,Bundesliga,2024/2025,DEVELOPMENT,2024-09-29,13:30,MATCH_KICKOFF_TIME_TIMEZONE_NOT_STATED_BY_SOURCE,,NOT_VERIFIED_DO_NOT_INFER,Hartberg,Altach,2,0,H,EVALUATION_ONLY_JOIN_AFTER_PREMATCH_FEATURE_FREEZE,1.96,3.41,3.82,EXTERNAL_HISTORICAL_MARKET_BENCHMARK,NOT_AVAILABLE,NOT_GOLDBET,65e3ba0989e8be52ee0983f136dab2b42520081ecb94c07392c50ba1f7939bfd,1493.0799098467562,1461.8533513054863,31.226558541269924,0.19999999999999996,-0.2,-0.6000000000000001,-16.621992435676475,70,71,False
d3897e132c17434910b44622,Bundesliga,2024/2025,DEVELOPMENT,2024-09-29,13:30,MATCH_KICKOFF_TIME_TIMEZONE_NOT_STATED_BY_SOURCE,,NOT_VERIFIED_DO_NOT_INFER,Wolfsberger AC,Tirol,1,3,A,EVALUATION_ONLY_JOIN_AFTER_PREMATCH_FEATURE_FREEZE,1.62,4.03,4.94,EXTERNAL_HISTORICAL_MARKET_BENCHMARK,NOT_AVAILABLE,NOT_GOLDBET,6346524eedfb2565f289ff5f2ddc3c22c3c65bae06ff59f5fc224863604ac126,1525.1409188488028,1435.609882225655,89.53103662314788,1.8,2.5999999999999996,1.4,-12.558328789196821,71,71,False
03ef4c532924e25270e8c401,Bundesliga,2024/2025,DEVELOPMENT,2024-09-29,16:00,MATCH_KICKOFF_TIME_TIMEZONE_NOT_STATED_BY_SOURCE,,NOT_VERIFIED_DO_NOT_INFER,Grazer AK,A. Klagenfurt,0,1,A,EVALUATION_ONLY_JOIN_AFTER_PREMATCH_FEATURE_FREEZE,2.25,3.38,3.09,EXTERNAL_HISTORICAL_MARKET_BENCHMARK,NOT_AVAILABLE,NOT_GOLDBET,9e5bd9dbe62a1d03dae8f05b2b312fcb0ad4e7dccb989575c5230be2407538c8,1472.6146162096475,1490.0713535820446,-17.45673737239713,-1.0,-1.0,0.06666666666666665,-20.425430480408295,7,70,False
893278da65e4e86ca84b27df,Bundesliga,2024/2025,DEVELOPMENT,2024-10-05,16:00,MATCH_KICKOFF_TIME_TIMEZONE_NOT_STATED_BY_SOURCE,,NOT_VERIFIED_DO_NOT_INFER,Austria Vienna,Grazer AK,2,1,H,EVALUATION_ONLY_JOIN_AFTER_PREMATCH_FEATURE_FREEZE,1.69,4.11,4.38,EXTERNAL_HISTORICAL_MARKET_BENCHMARK,NOT_AVAILABLE,NOT_GOLDBET,af1bbca8b23419b4375e41e0a7fdd8df2afefdff7484dffd9096aabc58f28089,1498.4469839866872,1461.3962061522268,37.050777834460405,0.6,0.6,1.1,49.031025243759814,72,8,False
c3cb087fdaad7e99de47a363,Bundesliga,2024/2025,DEVELOPMENT,2024-10-05,16:00,MATCH_KICKOFF_TIME_TIMEZONE_NOT_STATED_BY_SOURCE,,NOT_VERIFIED_DO_NOT_INFER,Tirol,BW Linz,1,1,D,EVALUATION_ONLY_JOIN_AFTER_PREMATCH_FEATURE_FREEZE,2.72,3.18,2.61,EXTERNAL_HISTORICAL_MARKET_BENCHMARK,NOT_AVAILABLE,NOT_GOLDBET,eb592c3ff302113216fdab0c8299b63efb928e632596f6d8f197eb6c0645a175,1449.6663116419961,1489.9248772489138,-40.25856560691773,-1.0,-0.8,-0.20000000000000007,18.398172828397264,72,40,False
d85230c0d9e48a24584f34d0,Bundesliga,2024/2025,DEVELOPMENT,2024-10-05,16:00,MATCH_KICKOFF_TIME_TIMEZONE_NOT_STATED_BY_SOURCE,,NOT_VERIFIED_DO_NOT_INFER,Wolfsberger AC,Hartberg,2,3,A,EVALUATION_ONLY_JOIN_AFTER_PREMATCH_FEATURE_FREEZE,2.35,3.3,2.99,EXTERNAL_HISTORICAL_MARKET_BENCHMARK,NOT_AVAILABLE,NOT_GOLDBET,d34622448d546d35f56c10b4cc8db4a1d4e9407cbe85185bb735ca09921ac4de,1511.0844894324616,1500.5129215251015,10.571567907360077,0.19999999999999996,0.7999999999999999,0.3999999999999999,33.99373071138052,72,71,False
8292329819eee36f82fd6c3b,Bundesliga,2024/2025,DEVELOPMENT,2024-10-06,13:30,MATCH_KICKOFF_TIME_TIMEZONE_NOT_STATED_BY_SOURCE,,NOT_VERIFIED_DO_NOT_INFER,Altach,SK Rapid,0,1,A,EVALUATION_ONLY_JOIN_AFTER_PREMATCH_FEATURE_FREEZE,4.37,3.95,1.71,EXTERNAL_HISTORICAL_MARKET_BENCHMARK,NOT_AVAILABLE,NOT_GOLDBET,04a4bf0086a37ed649e36d5718ccf6ce8f57f8a44d07bbf677fdf08fb1e38bcf,1454.420339627141,1536.3508948521153,-81.93055522497434,-1.2000000000000002,-0.6000000000000001,0.0,-8.539253569703988,72,72,False
58d77ecc2505457b156500b5,Bundesliga,2024/2025,DEVELOPMENT,2024-10-06,13:30,MATCH_KICKOFF_TIME_TIMEZONE_NOT_STATED_BY_SOURCE,,NOT_VERIFIED_DO_NOT_INFER,LASK,A. Klagenfurt,4,0,H,EVALUATION_ONLY_JOIN_AFTER_PREMATCH_FEATURE_FREEZE,1.62,4.12,4.88,EXTERNAL_HISTORICAL_MARKET_BENCHMARK,NOT_AVAILABLE,NOT_GOLDBET,736c6ec4954acfa5aa5104d21390f9533f6c9c9aa3af54b07a4bc65f8b8ea3e1,1499.2728771735092,1501.2897636394653,-2.016886465956077,-1.2,-1.2000000000000002,-0.3999999999999999,7.37894903805136,72,71,False
b94653da3e5f70e307bc30ac,Bundesliga,2024/2025,DEVELOPMENT,2024-10-06,16:00,MATCH_KICKOFF_TIME_TIMEZONE_NOT_STATED_BY_SOURCE,,NOT_VERIFIED_DO_NOT_INFER,Sturm Graz,Salzburg,5,0,H,EVALUATION_ONLY_JOIN_AFTER_PREMATCH_FEATURE_FREEZE,3.52,3.77,1.93,EXTERNAL_HISTORICAL_MARKET_BENCHMARK,NOT_AVAILABLE,NOT_GOLDBET,1bcdd3ccf32ab7f414bdb2b0275d65d5a36a69591bc5b0135c7e1a048b181874,1580.9426072001202,1586.9880775848228,-6.045470384702639,0.0,-1.0,0.3999999999999999,-7.274423540895214,72,70,False
0d97f7fe2bdee012bf5dd669,Bundesliga,2024/2025,DEVELOPMENT,2024-10-19,16:00,MATCH_KICKOFF_TIME_TIMEZONE_NOT_STATED_BY_SOURCE,,NOT_VERIFIED_DO_NOT_INFER,BW Linz,Wolfsberger AC,0,1,A,EVALUATION_ONLY_JOIN_AFTER_PREMATCH_FEATURE_FREEZE,2.42,3.42,2.78,EXTERNAL_HISTORICAL_MARKET_BENCHMARK,NOT_AVAILABLE,NOT_GOLDBET,1c59d56b4de3ed224cdba6de518ec2a05e76de7cbb6ace67b348a9d4e68a1107,1490.4924707007594,1499.080757758671,-8.588287057911657,0.0,-1.0,0.0,-17.157996074371113,41,73,False
727c98b2720a6e095df12532,Bundesliga,2024/2025,DEVELOPMENT,2024-10-19,16:00,MATCH_KICKOFF_TIME_TIMEZONE_NOT_STATED_BY_SOURCE,,NOT_VERIFIED_DO_NOT_INFER,Salzburg,Altach,2,1,H,EVALUATION_ONLY_JOIN_AFTER_PREMATCH_FEATURE_FREEZE,1.26,5.86,9.59,EXTERNAL_HISTORICAL_MARKET_BENCHMARK,NOT_AVAILABLE,NOT_GOLDBET,f37f3c8e0e8a441544e05be1401b0a282652efff1eb281f2c6806939e10285eb,1578.5286494454238,1445.05071477013,133.47793467529368,0.9999999999999999,0.20000000000000007,1.2000000000000002,12.325388746000272,71,73,False
4894341bde65ba34671bae33,Bundesliga,2024/2025,DEVELOPMENT,2024-10-19,16:00,MATCH_KICKOFF_TIME_TIMEZONE_NOT_STATED_BY_SOURCE,,NOT_VERIFIED_DO_NOT_INFER,Sturm Graz,Grazer AK,5,2,H,EVALUATION_ONLY_JOIN_AFTER_PREMATCH_FEATURE_FREEZE,1.39,4.83,7.08,EXTERNAL_HISTORICAL_MARKET_BENCHMARK,NOT_AVAILABLE,NOT_GOLDBET,5d39d97021b7a40152207db604d203fcb2b66ab000a54d3f479fcb181a024ef5,1589.4020353395192,1454.1190973455161,135.28293799400308,1.6,1.8,2.0,22.80878253151809,73,9,False
84ee3ffc5deb14c15cd15620,Bundesliga,2024/2025,DEVELOPMENT,2024-10-20,13:30,MATCH_KICKOFF_TIME_TIMEZONE_NOT_STATED_BY_SOURCE,,NOT_VERIFIED_DO_NOT_INFER,A. Klagenfurt,Austria Vienna,0,1,A,EVALUATION_ONLY_JOIN_AFTER_PREMATCH_FEATURE_FREEZE,3.29,3.67,2.05,EXTERNAL_HISTORICAL_MARKET_BENCHMARK,NOT_AVAILABLE,NOT_GOLDBET,fc84beaa3069749454c6b6cc54c50b9b159468f5d27cf18401ba8a8f2b2d6049,1492.9433286004394,1505.7240927933979,-12.780764192958486,1.0,0.4,0.6,-43.262850662399615,72,73,False
c41479d9b4880ce897aa903b,Bundesliga,2024/2025,DEVELOPMENT,2024-10-20,13:30,MATCH_KICKOFF_TIME_TIMEZONE_NOT_STATED_BY_SOURCE,,NOT_VERIFIED_DO_NOT_INFER,Tirol,LASK,1,2,A,EVALUATION_ONLY_JOIN_AFTER_PREMATCH_FEATURE_FREEZE,3.41,3.48,2.07,EXTERNAL_HISTORICAL_MARKET_BENCHMARK,NOT_AVAILABLE,NOT_GOLDBET,7b0cb9e23fd2ee68be0ab042a9cc83b8ca30bd6a0feb59ba5492c8d0fd9f4bef,1449.0987181901505,1507.619312212535,-58.52059402238456,-0.3999999999999999,-0.4,-0.20000000000000007,32.568121595877756,73,73,False
348255a3a01540ae5d4f3f2a,Bundesliga,2024/2025,DEVELOPMENT,2024-10-20,16:00,MATCH_KICKOFF_TIME_TIMEZONE_NOT_STATED_BY_SOURCE,,NOT_VERIFIED_DO_NOT_INFER,SK Rapid,Hartberg,2,1,H,EVALUATION_ONLY_JOIN_AFTER_PREMATCH_FEATURE_FREEZE,1.53,4.6,5.21,EXTERNAL_HISTORICAL_MARKET_BENCHMARK,NOT_AVAILABLE,NOT_GOLDBET,2f2b5a561886b3d9a8f3889c29dccbd447f45402cfab0314d2fc1f076774f359,1545.7205197091262,1512.516653198892,33.20386651023409,0.0,-0.20000000000000007,1.0,36.13722255073367,73,72,False
f12ade50ee055756ff0713fb,Bundesliga,2024/2025,DEVELOPMENT,2024-10-26,16:00,MATCH_KICKOFF_TIME_TIMEZONE_NOT_STATED_BY_SOURCE,,NOT_VERIFIED_DO_NOT_INFER,Altach,A. Klagenfurt,2,2,D,EVALUATION_ONLY_JOIN_AFTER_PREMATCH_FEATURE_FREEZE,2.13,3.4,3.34,EXTERNAL_HISTORICAL_MARKET_BENCHMARK,NOT_AVAILABLE,NOT_GOLDBET,31a843f0f0125a12222544772ef964d80805c318c986b412f7d702ad91e4a189,1440.107260587336,1481.5925562060188,-41.48529561868281,-1.2,-0.6,-0.3999999999999999,25.882254301856165,74,73,False
bda21dda6a2af1d0ad691a9a,Bundesliga,2024/2025,DEVELOPMENT,2024-10-26,16:00,MATCH_KICKOFF_TIME_TIMEZONE_NOT_STATED_BY_SOURCE,,NOT_VERIFIED_DO_NOT_INFER,Austria Vienna,Tirol,3,0,H,EVALUATION_ONLY_JOIN_AFTER_PREMATCH_FEATURE_FREEZE,1.56,4.28,5.2,EXTERNAL_HISTORICAL_MARKET_BENCHMARK,NOT_AVAILABLE,NOT_GOLDBET,0ce356db104216d222518a95a582a87b7642344265169cc62b79d05713e5760c,1517.0748651878184,1439.0561377206132,78.01872746720528,0.3999999999999999,-0.2,0.8,9.259785526854785,74,74,False
f4dba4f5f913551bcf7325b3,Bundesliga,2024/2025,DEVELOPMENT,2024-10-26,16:00,MATCH_KICKOFF_TIME_TIMEZONE_NOT_STATED_BY_SOURCE,,NOT_VERIFIED_DO_NOT_INFER,Hartberg,BW Linz,2,1,H,EVALUATION_ONLY_JOIN_AFTER_PREMATCH_FEATURE_FREEZE,2.03,3.52,3.49,EXTERNAL_HISTORICAL_MARKET_BENCHMARK,NOT_AVAILABLE,NOT_GOLDBET,0b19df5a8cc7a9aa013c4bf0365281ec2c40f124aed37a44bca461c7fb351ca7,1505.1367247529156,1479.0234293424244,26.11329541049122,0.6000000000000001,0.6,0.6000000000000001,-7.376512092593202,73,42,False
6b4eec793d1d277164be78e5,Bundesliga,2024/2025,DEVELOPMENT,2024-10-27,13:30,MATCH_KICKOFF_TIME_TIMEZONE_NOT_STATED_BY_SOURCE,,NOT_VERIFIED_DO_NOT_INFER,Grazer AK,SK Rapid,1,1,D,EVALUATION_ONLY_JOIN_AFTER_PREMATCH_FEATURE_FREEZE,5.95,4.4,1.5,EXTERNAL_HISTORICAL_MARKET_BENCHMARK,NOT_AVAILABLE,NOT_GOLDBET,64d91f386fa7cbceb964a7b86cdbb4f7faa0b2575e7c7a24dc14d4da792c4bb0,1449.2142102005266,1553.1004481551026,-103.88623795457602,-2.0,-2.0,-1.1,9.808210405422187,10,74,False
2a076fb433078961147b7a75,Bundesliga,2024/2025,DEVELOPMENT,2024-10-27,13:30,MATCH_KICKOFF_TIME_TIMEZONE_NOT_STATED_BY_SOURCE,,NOT_VERIFIED_DO_NOT_INFER,Wolfsberger AC,Salzburg,0,0,D,EVALUATION_ONLY_JOIN_AFTER_PREMATCH_FEATURE_FREEZE,4.33,4.07,1.7,EXTERNAL_HISTORICAL_MARKET_BENCHMARK,NOT_AVAILABLE,NOT_GOLDBET,94dfdd9f4ffa20e5ecc903a9e6eea01847a697e0888df01af93ed93f5c6fb664,1510.5497991170062,1583.4721036282178,-72.92230451121168,0.0,0.8,0.0,10.210275735881623,74,72,False
4d9f28b89b4509fed5e0345b,Bundesliga,2024/2025,DEVELOPMENT,2024-10-27,16:00,MATCH_KICKOFF_TIME_TIMEZONE_NOT_STATED_BY_SOURCE,,NOT_VERIFIED_DO_NOT_INFER,LASK,Sturm Graz,1,2,A,EVALUATION_ONLY_JOIN_AFTER_PREMATCH_FEATURE_FREEZE,2.68,3.45,2.49,EXTERNAL_HISTORICAL_MARKET_BENCHMARK,NOT_AVAILABLE,NOT_GOLDBET,740d3da4bc6a7083eadc21302254e659cc38eedf01fa709768804b429a82a737,1517.6618926820724,1594.3069224845087,-76.64502980243628,0.0,0.0,-0.40000000000000013,-21.37224991473454,74,74,False
39c21c0c2dafe8cc39405729,Bundesliga,2024/2025,DEVELOPMENT,2024-11-02,16:00,MATCH_KICKOFF_TIME_TIMEZONE_NOT_STATED_BY_SOURCE,,NOT_VERIFIED_DO_NOT_INFER,LASK,Hartberg,1,1,D,EVALUATION_ONLY_JOIN_AFTER_PREMATCH_FEATURE_FREEZE,1.86,3.52,4.22,EXTERNAL_HISTORICAL_MARKET_BENCHMARK,NOT_AVAILABLE,NOT_GOLDBET,b9f8906fc3156e278243e7ee009edf9237e3c4d6b82020854cbe5655fa00ba55,1508.140608956912,1512.7077215386505,-4.567112581738456,-0.3999999999999999,0.3999999999999999,-0.19999999999999996,24.842066723691005,75,74,False
b4f6a844d7d72f6c0f62845c,Bundesliga,2024/2025,DEVELOPMENT,2024-11-02,16:00,MATCH_KICKOFF_TIME_TIMEZONE_NOT_STATED_BY_SOURCE,,NOT_VERIFIED_DO_NOT_INFER,Salzburg,Grazer AK,0,0,D,EVALUATION_ONLY_JOIN_AFTER_PREMATCH_FEATURE_FREEZE,1.25,6.34,9.79,EXTERNAL_HISTORICAL_MARKET_BENCHMARK,NOT_AVAILABLE,NOT_GOLDBET,706ccb9f7a3c1afb9ad0952a079427f8f15829554d3f570e81c5ec02e66332eb,1583.1003412162838,1450.4706822530627,132.62965896322112,1.4000000000000001,0.9999999999999999,2.4,-27.53759798733472,73,11,False
c7cc1454b4a2c473c241f4a5,Bundesliga,2024/2025,DEVELOPMENT,2024-11-02,16:00,MATCH_KICKOFF_TIME_TIMEZONE_NOT_STATED_BY_SOURCE,,NOT_VERIFIED_DO_NOT_INFER,Sturm Graz,SK Rapid,1,1,D,EVALUATION_ONLY_JOIN_AFTER_PREMATCH_FEATURE_FREEZE,2.35,3.49,2.87,EXTERNAL_HISTORICAL_MARKET_BENCHMARK,NOT_AVAILABLE,NOT_GOLDBET,07adb97bd8f2faddbef1e29a278abc2cec67f534a57c7456cc91142e88968981,1603.8282062096691,1551.8439761025666,51.984230107102576,0.3999999999999999,1.4,1.2,27.61004877818823,75,75,False
32c2f9d4140b2e972e60051e,Bundesliga,2024/2025,DEVELOPMENT,2024-11-03,13:30,MATCH_KICKOFF_TIME_TIMEZONE_NOT_STATED_BY_SOURCE,,NOT_VERIFIED_DO_NOT_INFER,A. Klagenfurt,Wolfsberger AC,2,1,H,EVALUATION_ONLY_JOIN_AFTER_PREMATCH_FEATURE_FREEZE,3.18,3.38,2.21,EXTERNAL_HISTORICAL_MARKET_BENCHMARK,NOT_AVAILABLE,NOT_GOLDBET,e48307e8c4c24c6fb12876ba84189b1d2c1055c72eb1e2457cf8b28687681ef4,1482.1249483710828,1510.9215615289402,-28.796613157857337,-0.3999999999999999,-1.0,-0.8,-38.696124193144215,74,75,False
cb98126a5bb36e899e53f4df,Bundesliga,2024/2025,DEVELOPMENT,2024-11-03,13:30,MATCH_KICKOFF_TIME_TIMEZONE_NOT_STATED_BY_SOURCE,,NOT_VERIFIED_DO_NOT_INFER,Tirol,Altach,1,0,H,EVALUATION_ONLY_JOIN_AFTER_PREMATCH_FEATURE_FREEZE,2.99,3.26,2.37,EXTERNAL_HISTORICAL_MARKET_BENCHMARK,NOT_AVAILABLE,NOT_GOLDBET,45bd9025496f28c9758449b89d76067b27ee719fe3a0cf0af47a8cdaaa4bef32,1432.832071271537,1439.574868422272,-6.742797150734987,0.6000000000000001,0.4,-0.20000000000000007,-10.4260592238345,75,75,False
5b32c8cd8018950872fe8edd,Bundesliga,2024/2025,DEVELOPMENT,2024-11-03,16:00,MATCH_KICKOFF_TIME_TIMEZONE_NOT_STATED_BY_SOURCE,,NOT_VERIFIED_DO_NOT_INFER,Austria Vienna,BW Linz,2,1,H,EVALUATION_ONLY_JOIN_AFTER_PREMATCH_FEATURE_FREEZE,1.84,3.68,4,EXTERNAL_HISTORICAL_MARKET_BENCHMARK,NOT_AVAILABLE,NOT_GOLDBET,06d8ca757779166b80205659a48c9c9a7205301df49312e7bddbaf56f11d01a4,1523.2989316368946,1471.4524325566895,51.84649908020515,1.2,1.0,1.6,9.45788894790121,75,43,False
b5467a79462940b3130d6186,Bundesliga,2024/2025,DEVELOPMENT,2024-11-09,16:00,MATCH_KICKOFF_TIME_TIMEZONE_NOT_STATED_BY_SOURCE,,NOT_VERIFIED_DO_NOT_INFER,Grazer AK,Tirol,2,1,H,EVALUATION_ONLY_JOIN_AFTER_PREMATCH_FEATURE_FREEZE,1.89,3.49,4.02,EXTERNAL_HISTORICAL_MARKET_BENCHMARK,NOT_AVAILABLE,NOT_GOLDBET,d01f97113456c4ff8c3b4ba62644823a5456f567d80274911dc136a79700d862,1455.5090329792317,1441.3110997730482,14.197933206183507,-0.9999999999999999,-0.8,0.0,46.957264071858845,12,76,False
d29dd80f0e2f5ba52b23552f,Bundesliga,2024/2025,DEVELOPMENT,2024-11-09,16:00,MATCH_KICKOFF_TIME_TIMEZONE_NOT_STATED_BY_SOURCE,,NOT_VERIFIED_DO_NOT_INFER,Hartberg,Sturm Graz,1,2,A,EVALUATION_ONLY_JOIN_AFTER_PREMATCH_FEATURE_FREEZE,3.61,3.59,1.96,EXTERNAL_HISTORICAL_MARKET_BENCHMARK,NOT_AVAILABLE,NOT_GOLDBET,cfee899c35b85a1a7bca4e3ed9c2d2ef0047680008ae4e8977c86016adb4e7e6,1514.289806615251,1600.7122059089816,-86.42239929373045,-0.6000000000000001,-1.4,0.20000000000000018,-20.8758342958713,75,76,False
236a5e413f7c56a93650e59d,Bundesliga,2024/2025,DEVELOPMENT,2024-11-09,16:00,MATCH_KICKOFF_TIME_TIMEZONE_NOT_STATED_BY_SOURCE,,NOT_VERIFIED_DO_NOT_INFER,Wolfsberger AC,Austria Vienna,0,1,A,EVALUATION_ONLY_JOIN_AFTER_PREMATCH_FEATURE_FREEZE,2.86,3.39,2.39,EXTERNAL_HISTORICAL_MARKET_BENCHMARK,NOT_AVAILABLE,NOT_GOLDBET,02e908926967e9deef3a8ec219ef6fd190aea59902de03fbe726734031f8e46f,1501.8172602735187,1530.1865110917865,-28.3692508182678,-1.5999999999999999,-1.4,0.0,9.330063705768453,76,76,False
0ffaac2c141356c272fd07d4,Bundesliga,2024/2025,DEVELOPMENT,2024-11-10,13:30,MATCH_KICKOFF_TIME_TIMEZONE_NOT_STATED_BY_SOURCE,,NOT_VERIFIED_DO_NOT_INFER,Altach,LASK,1,2,A,EVALUATION_ONLY_JOIN_AFTER_PREMATCH_FEATURE_FREEZE,3.57,3.27,2.1,EXTERNAL_HISTORICAL_MARKET_BENCHMARK,NOT_AVAILABLE,NOT_GOLDBET,c4b61114ce087d9d9ecd18409cff35214f62fa849111ffe19b7b843edad8853d,1431.0958399207607,1506.5585238803114,-75.46268395955076,-1.4000000000000001,-1.8,-0.3999999999999999,-14.8492279250313,76,76,False
4a6e934682e492fb2a23dfe3,Bundesliga,2024/2025,DEVELOPMENT,2024-11-10,13:30,MATCH_KICKOFF_TIME_TIMEZONE_NOT_STATED_BY_SOURCE,,NOT_VERIFIED_DO_NOT_INFER,BW Linz,Salzburg,2,0,H,EVALUATION_ONLY_JOIN_AFTER_PREMATCH_FEATURE_FREEZE,5.44,4.31,1.54,EXTERNAL_HISTORICAL_MARKET_BENCHMARK,NOT_AVAILABLE,NOT_GOLDBET,1ef77ac4872b43e2606cabcc9b4cead32565c280b9296174dba7b11ba33f336d,1464.5648531017976,1578.0619904901148,-113.49713738831724,-1.4000000000000001,-0.4,0.8,11.345344341779537,44,74,False
eeeae48c3d15bad372b24127,Bundesliga,2024/2025,DEVELOPMENT,2024-11-10,16:00,MATCH_KICKOFF_TIME_TIMEZONE_NOT_STATED_BY_SOURCE,,NOT_VERIFIED_DO_NOT_INFER,SK Rapid,A. Klagenfurt,2,0,H,EVALUATION_ONLY_JOIN_AFTER_PREMATCH_FEATURE_FREEZE,1.44,4.59,6.53,EXTERNAL_HISTORICAL_MARKET_BENCHMARK,NOT_AVAILABLE,NOT_GOLDBET,29708a4a08196599f9dc48dee4b58ad69d77655154ac509dfb28ae4e7ea8896f,1554.9599764032541,1491.2292496265043,63.73072677674986,0.40000000000000013,1.0,1.2000000000000002,17.547135514957972,76,75,False
b461d53fc4fa3181b8368733,Bundesliga,2024/2025,DEVELOPMENT,2024-11-23,16:00,MATCH_KICKOFF_TIME_TIMEZONE_NOT_STATED_BY_SOURCE,,NOT_VERIFIED_DO_NOT_INFER,Salzburg,LASK,1,2,A,EVALUATION_ONLY_JOIN_AFTER_PREMATCH_FEATURE_FREEZE,1.75,3.82,4.34,EXTERNAL_HISTORICAL_MARKET_BENCHMARK,NOT_AVAILABLE,NOT_GOLDBET,a9398d394f066d2fd4da1a91064aab7cf46a9632765d092089b02551cff56606,1566.5342735873169,1516.113765667618,50.42050791969882,-1.0,-2.2,1.2000000000000002,-7.384061866283673,75,77,False
7cbd47a3813d100c6b96442c,Bundesliga,2024/2025,DEVELOPMENT,2024-11-23,16:00,MATCH_KICKOFF_TIME_TIMEZONE_NOT_STATED_BY_SOURCE,,NOT_VERIFIED_DO_NOT_INFER,Sturm Graz,A. Klagenfurt,7,0,H,EVALUATION_ONLY_JOIN_AFTER_PREMATCH_FEATURE_FREEZE,1.34,4.95,8.56,EXTERNAL_HISTORICAL_MARKET_BENCHMARK,NOT_AVAILABLE,NOT_GOLDBET,1c639e56481be44436730f822644f2b9370c57ffd545b47794b76bfc15cc3121,1609.953170871349,1484.647218180809,125.30595269053993,1.8,3.2,0.6000000000000001,22.78341636875848,77,76,False
2a8f727a67e8b19adbd5e0c1,Bundesliga,2024/2025,DEVELOPMENT,2024-11-23,16:00,MATCH_KICKOFF_TIME_TIMEZONE_NOT_STATED_BY_SOURCE,,NOT_VERIFIED_DO_NOT_INFER,Tirol,SK Rapid,0,0,D,EVALUATION_ONLY_JOIN_AFTER_PREMATCH_FEATURE_FREEZE,6.56,4.41,1.45,EXTERNAL_HISTORICAL_MARKET_BENCHMARK,NOT_AVAILABLE,NOT_GOLDBET,5fbeee61aa767e54f4e21e828274a1daece3750c4a790a58dfa168d165146dad,1433.4148033173083,1561.5420078489494,-128.12720453164115,-1.4000000000000001,-1.6,-0.19999999999999996,-20.301140562392447,77,77,False
85dc9c7264dd6a2f3f2c6ada,Bundesliga,2024/2025,DEVELOPMENT,2024-11-24,13:30,MATCH_KICKOFF_TIME_TIMEZONE_NOT_STATED_BY_SOURCE,,NOT_VERIFIED_DO_NOT_INFER,BW Linz,Grazer AK,1,2,A,EVALUATION_ONLY_JOIN_AFTER_PREMATCH_FEATURE_FREEZE,2.05,3.29,3.69,EXTERNAL_HISTORICAL_MARKET_BENCHMARK,NOT_AVAILABLE,NOT_GOLDBET,b094096b5c667096bae19277dd3e834a54f3c86da2857f2b4578317b25dda3b8,1476.0925700045955,1463.4053294349717,12.687240569623782,-0.19999999999999996,0.39999999999999997,1.4,-22.023238438009685,45,13,False
97b61f883f9a23342f948b4d,Bundesliga,2024/2025,DEVELOPMENT,2024-11-24,13:30,MATCH_KICKOFF_TIME_TIMEZONE_NOT_STATED_BY_SOURCE,,NOT_VERIFIED_DO_NOT_INFER,Wolfsberger AC,Altach,2,0,H,EVALUATION_ONLY_JOIN_AFTER_PREMATCH_FEATURE_FREEZE,1.88,3.45,4.09,EXTERNAL_HISTORICAL_MARKET_BENCHMARK,NOT_AVAILABLE,NOT_GOLDBET,56fb59717842bc16cc2cf2ac33da128298fdc5e48e259b23df95d754d19233cf,1490.909361086178,1421.540598133454,69.36876295272396,0.6000000000000001,0.4,0.2,10.185251932308347,77,77,False
bf2a6c62e701c3ebefcd4e0b,Bundesliga,2024/2025,DEVELOPMENT,2024-11-24,16:00,MATCH_KICKOFF_TIME_TIMEZONE_NOT_STATED_BY_SOURCE,,NOT_VERIFIED_DO_NOT_INFER,Austria Vienna,Hartberg,1,0,H,EVALUATION_ONLY_JOIN_AFTER_PREMATCH_FEATURE_FREEZE,1.92,3.63,3.72,EXTERNAL_HISTORICAL_MARKET_BENCHMARK,NOT_AVAILABLE,NOT_GOLDBET,77cdb44abf4f55a143ffeda3601967f8932b77ccdc0459dc71511081f3789d3d,1541.0944102791273,1505.0488416528838,36.045568626243494,1.6,1.4,1.6,-55.603177609283875,77,76,False
623321afd470b856621ad4ee,Bundesliga,2024/2025,DEVELOPMENT,2024-11-30,16:00,MATCH_KICKOFF_TIME_TIMEZONE_NOT_STATED_BY_SOURCE,,NOT_VERIFIED_DO_NOT_INFER,Altach,Sturm Graz,1,1,D,EVALUATION_ONLY_JOIN_AFTER_PREMATCH_FEATURE_FREEZE,5.47,3.88,1.6,EXTERNAL_HISTORICAL_MARKET_BENCHMARK,NOT_AVAILABLE,NOT_GOLDBET,6e41ffc6f31de708be6fa6e3f1ea7cdaf5bf23c1ef3b772b77df90137e989beb,1415.1010815641387,1615.0737681115238,-199.97268654738514,-2.4,-3.4,-2.2,-6.42816580734916,78,78,False
ca49f664304bb377159d397c,Bundesliga,2024/2025,DEVELOPMENT,2024-11-30,16:00,MATCH_KICKOFF_TIME_TIMEZONE_NOT_STATED_BY_SOURCE,,NOT_VERIFIED_DO_NOT_INFER,Grazer AK,Wolfsberger AC,3,4,A,EVALUATION_ONLY_JOIN_AFTER_PREMATCH_FEATURE_FREEZE,3.01,3.24,2.37,EXTERNAL_HISTORICAL_MARKET_BENCHMARK,NOT_AVAILABLE,NOT_GOLDBET,7155991707ee9533ac6b5171203c8b9840dbce790784624e2c21ea9f9f317a86,1475.4674382563178,1497.3488776554934,-21.881439399175633,0.20000000000000018,-0.4,-0.6000000000000001,27.03797251264973,14,78,False
550a564521f49ac337a2339b,Bundesliga,2024/2025,DEVELOPMENT,2024-11-30,16:00,MATCH_KICKOFF_TIME_TIMEZONE_NOT_STATED_BY_SOURCE,,NOT_VERIFIED_DO_NOT_INFER,Hartberg,Salzburg,1,1,D,EVALUATION_ONLY_JOIN_AFTER_PREMATCH_FEATURE_FREEZE,3.99,3.93,1.79,EXTERNAL_HISTORICAL_MARKET_BENCHMARK,NOT_AVAILABLE,NOT_GOLDBET,bc08398e0aea57e0635a3a921e9ed52f86c5912b8d1276179e59ad153c443277,1497.7449246311578,1553.4589676371402,-55.714043005982376,-0.19999999999999996,0.0,1.6,57.58827185739119,77,76,False
eefd330658201491b004a3d2,Bundesliga,2024/2025,DEVELOPMENT,2024-12-01,13:30,MATCH_KICKOFF_TIME_TIMEZONE_NOT_STATED_BY_SOURCE,,NOT_VERIFIED_DO_NOT_INFER,A. Klagenfurt,Tirol,0,3,A,EVALUATION_ONLY_JOIN_AFTER_PREMATCH_FEATURE_FREEZE,2.26,3.12,3.33,EXTERNAL_HISTORICAL_MARKET_BENCHMARK,NOT_AVAILABLE,NOT_GOLDBET,cb4cc671f4ab62b6e2907e717e3361ba27140f8832ac2befff1fdfbc0191c208,1479.526620940634,1435.350911031726,44.175709908908175,0.0,-1.0,0.7999999999999999,28.069195106693996,77,78,False
b70e84f7c1f8ec60999f453c,Bundesliga,2024/2025,DEVELOPMENT,2024-12-01,13:30,MATCH_KICKOFF_TIME_TIMEZONE_NOT_STATED_BY_SOURCE,,NOT_VERIFIED_DO_NOT_INFER,SK Rapid,BW Linz,0,1,A,EVALUATION_ONLY_JOIN_AFTER_PREMATCH_FEATURE_FREEZE,1.59,3.93,5.49,EXTERNAL_HISTORICAL_MARKET_BENCHMARK,NOT_AVAILABLE,NOT_GOLDBET,1b6c71db1c3a7b0957016ca3dbbb9e9a0ed316437370e0ed8aa68c7f0d5cf965,1559.6059001345318,1464.0304611832494,95.57543895128242,1.2000000000000002,1.0,1.8,-15.756122304133442,78,46,False
646b3dd1db92daa194710375,Bundesliga,2024/2025,DEVELOPMENT,2024-12-01,16:00,MATCH_KICKOFF_TIME_TIMEZONE_NOT_STATED_BY_SOURCE,,NOT_VERIFIED_DO_NOT_INFER,LASK,Austria Vienna,1,3,A,EVALUATION_ONLY_JOIN_AFTER_PREMATCH_FEATURE_FREEZE,2.26,3.3,3.13,EXTERNAL_HISTORICAL_MARKET_BENCHMARK,NOT_AVAILABLE,NOT_GOLDBET,6729e074e8c04f01452d9c327af807dadf0d25af3f6cac4eac99fa95d4dcb8a4,1529.1890716177948,1548.3983273008532,-19.209255683058473,-1.0,-0.9999999999999999,0.0,28.685094983448607,78,78,False
8705e79015605e30bb3fb2e7,Bundesliga,2024/2025,DEVELOPMENT,2024-12-04,19:30,MATCH_KICKOFF_TIME_TIMEZONE_NOT_STATED_BY_SOURCE,,NOT_VERIFIED_DO_NOT_INFER,Salzburg,Hartberg,4,0,H,EVALUATION_ONLY_JOIN_AFTER_PREMATCH_FEATURE_FREEZE,1.32,5.31,8.68,EXTERNAL_HISTORICAL_MARKET_BENCHMARK,NOT_AVAILABLE,NOT_GOLDBET,3eb47c0a96cd10f207bbded813c6b1372d49292ba6d3140cbe58fc6619613c2e,1553.5823211385894,1497.6215711297086,55.96075000888072,-0.4,-0.39999999999999997,1.0,-48.597119470788584,77,78,False
b6da4791c27238c85f9ce694,Bundesliga,2024/2025,DEVELOPMENT,2024-12-07,16:00,MATCH_KICKOFF_TIME_TIMEZONE_NOT_STATED_BY_SOURCE,,NOT_VERIFIED_DO_NOT_INFER,Salzburg,SK Rapid,2,2,D,EVALUATION_ONLY_JOIN_AFTER_PREMATCH_FEATURE_FREEZE,2.2,3.46,3.14,EXTERNAL_HISTORICAL_MARKET_BENCHMARK,NOT_AVAILABLE,NOT_GOLDBET,0350b171154a92d77281c1c9ca00195bd54219b88fe194041523f79c7f0a4732,1560.36335192498,1545.4051582251873,14.958193699792673,-0.19999999999999996,0.0,0.6000000000000001,-3.0402267507824945,78,79,False
375d8f80f0a60dc9306f3967,Bundesliga,2024/2025,DEVELOPMENT,2024-12-07,16:00,MATCH_KICKOFF_TIME_TIMEZONE_NOT_STATED_BY_SOURCE,,NOT_VERIFIED_DO_NOT_INFER,Tirol,Sturm Graz,0,3,A,EVALUATION_ONLY_JOIN_AFTER_PREMATCH_FEATURE_FREEZE,6.84,4.29,1.46,EXTERNAL_HISTORICAL_MARKET_BENCHMARK,NOT_AVAILABLE,NOT_GOLDBET,b16c334a67ae2e0228e11478e4f95a2419d10ebe51e60b489a867ceed4c0a122,1448.2625893049703,1611.24971622659,-162.98712692161962,-0.8000000000000003,-1.8,-1.0000000000000002,-6.0633159531862475,79,79,False
a095442c4b30ff679a22ea66,Bundesliga,2024/2025,DEVELOPMENT,2024-12-07,16:00,MATCH_KICKOFF_TIME_TIMEZONE_NOT_STATED_BY_SOURCE,,NOT_VERIFIED_DO_NOT_INFER,Wolfsberger AC,LASK,2,1,H,EVALUATION_ONLY_JOIN_AFTER_PREMATCH_FEATURE_FREEZE,2.63,3.28,2.65,EXTERNAL_HISTORICAL_MARKET_BENCHMARK,NOT_AVAILABLE,NOT_GOLDBET,03d5bc7c677bea1bd1c2a7ef9f302df5a7af8a1ff6401df2ed1f93d25ef801ab,1508.441636961104,1518.020384413114,-9.57874745201002,0.0,0.4,-1.2,-32.050297070246415,79,79,False
b49679e2af77ad1f5ecdc82f,Bundesliga,2024/2025,DEVELOPMENT,2024-12-08,13:30,MATCH_KICKOFF_TIME_TIMEZONE_NOT_STATED_BY_SOURCE,,NOT_VERIFIED_DO_NOT_INFER,BW Linz,A. Klagenfurt,2,1,H,EVALUATION_ONLY_JOIN_AFTER_PREMATCH_FEATURE_FREEZE,1.75,3.74,4.42,EXTERNAL_HISTORICAL_MARKET_BENCHMARK,NOT_AVAILABLE,NOT_GOLDBET,3f21b3e70c707b1c9d67d79346d3c25e4cab54493d8821fda5603c8057cd5d67,1478.231203092594,1466.6149426673896,11.616260425204246,0.3999999999999999,2.2,0.3999999999999999,15.643199205364908,47,78,False
4c8938cf989ea3e2a7678767,Bundesliga,2024/2025,DEVELOPMENT,2024-12-08,13:30,MATCH_KICKOFF_TIME_TIMEZONE_NOT_STATED_BY_SOURCE,,NOT_VERIFIED_DO_NOT_INFER,Grazer AK,Hartberg,0,3,A,EVALUATION_ONLY_JOIN_AFTER_PREMATCH_FEATURE_FREEZE,2.43,3.35,2.82,EXTERNAL_HISTORICAL_MARKET_BENCHMARK,NOT_AVAILABLE,NOT_GOLDBET,e96f0ffe4a2286c46114c28612513c0a61eda743cb9ad2eee550d8b8a6274038,1464.3746789507072,1490.840540343318,-26.465861392610805,1.2000000000000002,1.4,0.19999999999999996,-41.20703542324554,15,79,False
94799916254ff46e434e287d,Bundesliga,2024/2025,DEVELOPMENT,2024-12-08,16:00,MATCH_KICKOFF_TIME_TIMEZONE_NOT_STATED_BY_SOURCE,,NOT_VERIFIED_DO_NOT_INFER,Austria Vienna,Altach,3,0,H,EVALUATION_ONLY_JOIN_AFTER_PREMATCH_FEATURE_FREEZE,1.49,4.09,6.84,EXTERNAL_HISTORICAL_MARKET_BENCHMARK,NOT_AVAILABLE,NOT_GOLDBET,636a4cff23b2374edf71807f6735a80d8b57f908f342914003cc673dd72bf5c7,1559.567014505534,1418.9251334490725,140.64188105646144,2.6,2.4000000000000004,2.4,-16.080507346813647,79,79,False
69bfcaeb7dd7bf0d80b22e4c,Bundesliga,2024/2025,DEVELOPMENT,2024-12-14,16:00,MATCH_KICKOFF_TIME_TIMEZONE_NOT_STATED_BY_SOURCE,,NOT_VERIFIED_DO_NOT_INFER,Salzburg,A. Klagenfurt,3,0,H,EVALUATION_ONLY_JOIN_AFTER_PREMATCH_FEATURE_FREEZE,1.15,8.35,16.11,EXTERNAL_HISTORICAL_MARKET_BENCHMARK,NOT_AVAILABLE,NOT_GOLDBET,4ea240bc0b26517ae15050e12a67df7a5e1ebf750943ec72c46e14a9917e9510,1558.2387443863024,1458.6475183044706,99.59122608183179,0.4,2.6,1.4000000000000001,-13.59331003447869,79,79,False
e1d046f9f51c86ccbd84a9f3,Bundesliga,2024/2025,DEVELOPMENT,2025-02-07,19:30,MATCH_KICKOFF_TIME_TIMEZONE_NOT_STATED_BY_SOURCE,,NOT_VERIFIED_DO_NOT_INFER,Sturm Graz,Austria Vienna,2,2,D,EVALUATION_ONLY_JOIN_AFTER_PREMATCH_FEATURE_FREEZE,2.18,3.19,3.45,EXTERNAL_HISTORICAL_MARKET_BENCHMARK,NOT_AVAILABLE,NOT_GOLDBET,fa5f6e1e3ac7a94e13395f94f9828a4334f207b28ac35122f13d79b8d3469e89,1618.3693789241381,1564.3585999712402,54.01077895289791,-0.7999999999999998,0.6000000000000001,0.19999999999999996,-2.4576135564448123,80,80,False
00729413b0ee6f9d5e22c60a,Bundesliga,2024/2025,DEVELOPMENT,2025-02-08,16:00,MATCH_KICKOFF_TIME_TIMEZONE_NOT_STATED_BY_SOURCE,,NOT_VERIFIED_DO_NOT_INFER,Altach,Grazer AK,1,2,A,EVALUATION_ONLY_JOIN_AFTER_PREMATCH_FEATURE_FREEZE,2.13,3.2,3.57,EXTERNAL_HISTORICAL_MARKET_BENCHMARK,NOT_AVAILABLE,NOT_GOLDBET,1e84baa083ce25926583f5797b55495f0a980a478dfb1e08256c41065901dba6,1414.1335479833663,1453.4124749391408,-39.27892695577452,-1.2,-0.9999999999999999,-0.4,23.249461972468907,80,16,False
7bc08201de80fd0fa274fa2e,Bundesliga,2024/2025,DEVELOPMENT,2025-02-08,16:00,MATCH_KICKOFF_TIME_TIMEZONE_NOT_STATED_BY_SOURCE,,NOT_VERIFIED_DO_NOT_INFER,SK Rapid,Wolfsberger AC,1,3,A,EVALUATION_ONLY_JOIN_AFTER_PREMATCH_FEATURE_FREEZE,1.74,3.74,4.53,EXTERNAL_HISTORICAL_MARKET_BENCHMARK,NOT_AVAILABLE,NOT_GOLDBET,32b8828137b8be629c41e6274218e19d645adc7732c3b2d222af60be729406fd,1547.5297657638648,1517.0004997343071,30.529266029557675,-0.6000000000000001,-0.2,-0.3999999999999999,25.105238399190966,80,80,False
1739d713e166f76c1cba7a7b,Bundesliga,2024/2025,DEVELOPMENT,2025-02-09,13:30,MATCH_KICKOFF_TIME_TIMEZONE_NOT_STATED_BY_SOURCE,,NOT_VERIFIED_DO_NOT_INFER,A. Klagenfurt,Salzburg,0,0,D,EVALUATION_ONLY_JOIN_AFTER_PREMATCH_FEATURE_FREEZE,6.5,4.65,1.44,EXTERNAL_HISTORICAL_MARKET_BENCHMARK,NOT_AVAILABLE,NOT_GOLDBET,949e840f8c30119ca8e6488adc9db6c5c1588f674e4edd4ac5a82ea844f65b39,1452.9429835646638,1563.9432791261092,-111.00029556144545,-1.6,-4.4,0.7999999999999999,24.240213565416525,80,80,False
c69324ad394a6b663b28da9d,Bundesliga,2024/2025,DEVELOPMENT,2025-02-09,13:30,MATCH_KICKOFF_TIME_TIMEZONE_NOT_STATED_BY_SOURCE,,NOT_VERIFIED_DO_NOT_INFER,Tirol,Hartberg,0,0,D,EVALUATION_ONLY_JOIN_AFTER_PREMATCH_FEATURE_FREEZE,3.13,3.25,2.29,EXTERNAL_HISTORICAL_MARKET_BENCHMARK,NOT_AVAILABLE,NOT_GOLDBET,ef9cf274ae3ae3e29a538a71e2d7e3290632614c75c02fb288ca2d02fb440845,1441.1429266074222,1501.8027443548845,-60.659817747462284,0.5999999999999999,0.6,0.19999999999999996,-33.164067499373914,80,80,False
b506c5f572f2fa9402a5bd76,Bundesliga,2024/2025,DEVELOPMENT,2025-02-09,16:00,MATCH_KICKOFF_TIME_TIMEZONE_NOT_STATED_BY_SOURCE,,NOT_VERIFIED_DO_NOT_INFER,LASK,BW Linz,0,0,D,EVALUATION_ONLY_JOIN_AFTER_PREMATCH_FEATURE_FREEZE,2.33,3.03,3.29,EXTERNAL_HISTORICAL_MARKET_BENCHMARK,NOT_AVAILABLE,NOT_GOLDBET,f2bdd0b7e977e2b89fd2f5c78ccd90a7f4652f714f839401db049c1700e11669,1509.4615216399109,1486.198627455513,23.262894184397965,-0.40000000000000013,-0.6000000000000001,0.0,-4.761859011043271,80,48,False
918e940e7724b1c30e557cff,Bundesliga,2024/2025,DEVELOPMENT,2025-02-15,16:00,MATCH_KICKOFF_TIME_TIMEZONE_NOT_STATED_BY_SOURCE,,NOT_VERIFIED_DO_NOT_INFER,BW Linz,Altach,1,3,A,EVALUATION_ONLY_JOIN_AFTER_PREMATCH_FEATURE_FREEZE,2.01,3.15,4.03,EXTERNAL_HISTORICAL_MARKET_BENCHMARK,NOT_AVAILABLE,NOT_GOLDBET,6ea80174af91554ba80dc1f12e28e8680226b9d494b24fa891ba01eedd292297,1488.5502775891068,1403.537853674073,85.01242391503388,1.8,2.0,1.2,-9.674291631153665,49,81,False
8e4346276de73a66d5c6ea77,Bundesliga,2024/2025,DEVELOPMENT,2025-02-15,16:00,MATCH_KICKOFF_TIME_TIMEZONE_NOT_STATED_BY_SOURCE,,NOT_VERIFIED_DO_NOT_INFER,Salzburg,Tirol,1,1,D,EVALUATION_ONLY_JOIN_AFTER_PREMATCH_FEATURE_FREEZE,1.37,4.78,7.78,EXTERNAL_HISTORICAL_MARKET_BENCHMARK,NOT_AVAILABLE,NOT_GOLDBET,fc9f7979a876410ff00c96c99fee5ecf7a12836dc7a77467b7278b3196a02c81,1562.485825771978,1441.1619176659585,121.32390810601942,0.8,1.5999999999999999,0.40000000000000013,-31.45359329902044,81,81,False
8e06ccdee66399d1a1b6a6c1,Bundesliga,2024/2025,DEVELOPMENT,2025-02-15,16:00,MATCH_KICKOFF_TIME_TIMEZONE_NOT_STATED_BY_SOURCE,,NOT_VERIFIED_DO_NOT_INFER,Wolfsberger AC,Sturm Graz,3,0,H,EVALUATION_ONLY_JOIN_AFTER_PREMATCH_FEATURE_FREEZE,3,3.38,2.3,EXTERNAL_HISTORICAL_MARKET_BENCHMARK,NOT_AVAILABLE,NOT_GOLDBET,8682d48306ac27a6aac606b5845127c9062808b0ba596bdc6349c88860d53e23,1529.548731204179,1615.2008094077519,-85.65207820357296,0.19999999999999973,-1.2000000000000002,-1.2000000000000002,13.217080404425587,81,81,False
99ec55bda6971cd788a22fe1,Bundesliga,2024/2025,DEVELOPMENT,2025-02-16,13:30,MATCH_KICKOFF_TIME_TIMEZONE_NOT_STATED_BY_SOURCE,,NOT_VERIFIED_DO_NOT_INFER,Grazer AK,LASK,0,0,D,EVALUATION_ONLY_JOIN_AFTER_PREMATCH_FEATURE_FREEZE,3.55,3.32,2.08,EXTERNAL_HISTORICAL_MARKET_BENCHMARK,NOT_AVAILABLE,NOT_GOLDBET,d26e5be802cd3f3a920504f47c4222cbcb2f773f16e4ad77809cb883bd562b52,1464.0081692484341,1507.109871506317,-43.101702257882835,0.40000000000000013,0.0,-1.2,-44.188413893145025,17,81,False
58f023f76e87743f0651d33f,Bundesliga,2024/2025,DEVELOPMENT,2025-02-16,13:30,MATCH_KICKOFF_TIME_TIMEZONE_NOT_STATED_BY_SOURCE,,NOT_VERIFIED_DO_NOT_INFER,Hartberg,A. Klagenfurt,1,1,D,EVALUATION_ONLY_JOIN_AFTER_PREMATCH_FEATURE_FREEZE,1.85,3.56,4.15,EXTERNAL_HISTORICAL_MARKET_BENCHMARK,NOT_AVAILABLE,NOT_GOLDBET,5fcded4949fbaf56e349ff0d0c735182cba759c81adca035157422ec1894d553,1501.783753296348,1454.400436918795,47.383316377553,0.8,2.4,1.8,-18.41280077901888,81,81,False
f7c78a55654f1e38fe8fd1ff,Bundesliga,2024/2025,DEVELOPMENT,2025-02-16,16:00,MATCH_KICKOFF_TIME_TIMEZONE_NOT_STATED_BY_SOURCE,,NOT_VERIFIED_DO_NOT_INFER,Austria Vienna,SK Rapid,2,1,H,EVALUATION_ONLY_JOIN_AFTER_PREMATCH_FEATURE_FREEZE,2.93,3.17,2.46,EXTERNAL_HISTORICAL_MARKET_BENCHMARK,NOT_AVAILABLE,NOT_GOLDBET,04dbf27e1a99acd1d0a39bb31a92e5af2bb351f0203a31c4d404e62cf8a536fd,1567.5271694876265,1534.981534293993,32.545635193633416,1.6,1.5999999999999999,1.6,21.462264026211642,81,81,False
acfc9d34703b390c36e48d7b,Bundesliga,2024/2025,DEVELOPMENT,2025-02-22,16:00,MATCH_KICKOFF_TIME_TIMEZONE_NOT_STATED_BY_SOURCE,,NOT_VERIFIED_DO_NOT_INFER,A. Klagenfurt,Grazer AK,4,2,H,EVALUATION_ONLY_JOIN_AFTER_PREMATCH_FEATURE_FREEZE,2.63,3.14,2.74,EXTERNAL_HISTORICAL_MARKET_BENCHMARK,NOT_AVAILABLE,NOT_GOLDBET,172e5cfe722bb10d491b3484d863aca06e1aa01765d3ed1cf56be473e2c5b665,1457.396381646359,1463.5221802970032,-6.125798650644128,-0.9999999999999999,-0.9999999999999999,-0.3999999999999999,30.404496687998062,82,18,False
5efe7ef491536b481a27900b,Bundesliga,2024/2025,DEVELOPMENT,2025-02-22,16:00,MATCH_KICKOFF_TIME_TIMEZONE_NOT_STATED_BY_SOURCE,,NOT_VERIFIED_DO_NOT_INFER,Austria Vienna,Salzburg,0,1,A,EVALUATION_ONLY_JOIN_AFTER_PREMATCH_FEATURE_FREEZE,2.63,3.27,2.65,EXTERNAL_HISTORICAL_MARKET_BENCHMARK,NOT_AVAILABLE,NOT_GOLDBET,7ce189399c0112b4ff60a542462c495f311e1ed30ca68bf3fae8a7be5451f2cb,1574.9247515351954,1557.6942351157786,17.230516419416745,0.8,0.0,2.4,42.146962209578305,82,82,False
5ea216ea7f8511286c890262,Bundesliga,2024/2025,DEVELOPMENT,2025-02-22,16:00,MATCH_KICKOFF_TIME_TIMEZONE_NOT_STATED_BY_SOURCE,,NOT_VERIFIED_DO_NOT_INFER,Tirol,Wolfsberger AC,3,3,D,EVALUATION_ONLY_JOIN_AFTER_PREMATCH_FEATURE_FREEZE,3.54,3.27,2.1,EXTERNAL_HISTORICAL_MARKET_BENCHMARK,NOT_AVAILABLE,NOT_GOLDBET,9fc8bc177058e71a6a9143afb2dfb3508be1293ae5038f62f19df6f237a1602e,1445.9535083221579,1540.2857186826102,-94.33221036045234,-1.8,-1.8,-1.4,27.769583833706747,82,82,False
3a53b15f18a976b3a08b1ec4,Bundesliga,2024/2025,DEVELOPMENT,2025-02-23,13:30,MATCH_KICKOFF_TIME_TIMEZONE_NOT_STATED_BY_SOURCE,,NOT_VERIFIED_DO_NOT_INFER,Altach,Hartberg,0,0,D,EVALUATION_ONLY_JOIN_AFTER_PREMATCH_FEATURE_FREEZE,2.51,3.16,2.86,EXTERNAL_HISTORICAL_MARKET_BENCHMARK,NOT_AVAILABLE,NOT_GOLDBET,4098a3d4d628c9b2c369bb4e7b5c26f00a9f63f5b246fccff7c6490cbd8977b5,1417.4850571252966,1498.7878085687842,-81.30275144348752,-0.3999999999999999,-0.6000000000000001,-0.6,28.11071299576588,82,82,False
9ddc56afb6268309cbf2967f,Bundesliga,2024/2025,DEVELOPMENT,2025-02-23,13:30,MATCH_KICKOFF_TIME_TIMEZONE_NOT_STATED_BY_SOURCE,,NOT_VERIFIED_DO_NOT_INFER,Sturm Graz,BW Linz,2,1,H,EVALUATION_ONLY_JOIN_AFTER_PREMATCH_FEATURE_FREEZE,1.66,3.77,5.09,EXTERNAL_HISTORICAL_MARKET_BENCHMARK,NOT_AVAILABLE,NOT_GOLDBET,7623c6fab3a83a03ae92cb2b444b25fa8db939ce4c7d28faae655182b2d8d0a4,1604.4638219293206,1474.6030741378831,129.86074779143746,0.20000000000000018,1.5999999999999999,1.2000000000000002,7.858534534891987,82,50,False
f24815889836bf7dd0b5aa33,Bundesliga,2024/2025,DEVELOPMENT,2025-02-23,16:00,MATCH_KICKOFF_TIME_TIMEZONE_NOT_STATED_BY_SOURCE,,NOT_VERIFIED_DO_NOT_INFER,LASK,SK Rapid,2,1,H,EVALUATION_ONLY_JOIN_AFTER_PREMATCH_FEATURE_FREEZE,3.3,3.27,2.21,EXTERNAL_HISTORICAL_MARKET_BENCHMARK,NOT_AVAILABLE,NOT_GOLDBET,403e72c4955f88618ea2baa69814f32b2084aeb5027260e84bdf5d436412670a,1507.595860457748,1527.5839522464241,-19.98809178867623,0.6,0.4,0.19999999999999996,6.248949781149804,82,82,False
4126157ffb3ff428a7f943e9,Bundesliga,2024/2025,DEVELOPMENT,2025-03-01,16:00,MATCH_KICKOFF_TIME_TIMEZONE_NOT_STATED_BY_SOURCE,,NOT_VERIFIED_DO_NOT_INFER,Grazer AK,Austria Vienna,1,2,A,EVALUATION_ONLY_JOIN_AFTER_PREMATCH_FEATURE_FREEZE,4.18,3.51,1.85,EXTERNAL_HISTORICAL_MARKET_BENCHMARK,NOT_AVAILABLE,NOT_GOLDBET,58f61ef437c874779adc7239b1563038665a2814a3da0a7689e27b76b3776675,1455.0604949168112,1562.7377810870007,-107.67728617018952,-1.2,-2.0,-1.0,-58.46602685318453,19,83,False
9e7c52d125fb499c6ef45d34,Bundesliga,2024/2025,DEVELOPMENT,2025-03-01,16:00,MATCH_KICKOFF_TIME_TIMEZONE_NOT_STATED_BY_SOURCE,,NOT_VERIFIED_DO_NOT_INFER,Hartberg,Wolfsberger AC,0,3,A,EVALUATION_ONLY_JOIN_AFTER_PREMATCH_FEATURE_FREEZE,2.89,3.33,2.39,EXTERNAL_HISTORICAL_MARKET_BENCHMARK,NOT_AVAILABLE,NOT_GOLDBET,f7d2645a1202894422008a5f3709b2fbc9ffd36288354cfc251fa98a492f152c,1498.1754332980056,1539.3007620562717,-41.12532875826605,-1.4000000000000001,-1.5999999999999999,-0.3999999999999999,-54.23729708447922,83,83,False
75054e3af593e33e3f61c1e0,Bundesliga,2024/2025,DEVELOPMENT,2025-03-01,16:00,MATCH_KICKOFF_TIME_TIMEZONE_NOT_STATED_BY_SOURCE,,NOT_VERIFIED_DO_NOT_INFER,SK Rapid,Altach,5,0,H,EVALUATION_ONLY_JOIN_AFTER_PREMATCH_FEATURE_FREEZE,1.44,4.46,7.12,EXTERNAL_HISTORICAL_MARKET_BENCHMARK,NOT_AVAILABLE,NOT_GOLDBET,e99f41b26a50b1a257f48b665e86e291f6b51c7b6fb4d28e6678890611bb1aa6,1518.73052316305,1418.0974323960752,100.63309076697487,-0.8,-0.6,0.7999999999999999,0.22519981476443718,83,83,False
ed851f2d42c289b12c0705ec,Bundesliga,2024/2025,DEVELOPMENT,2025-03-02,13:30,MATCH_KICKOFF_TIME_TIMEZONE_NOT_STATED_BY_SOURCE,,NOT_VERIFIED_DO_NOT_INFER,A. Klagenfurt,LASK,1,2,A,EVALUATION_ONLY_JOIN_AFTER_PREMATCH_FEATURE_FREEZE,4.02,3.51,1.89,EXTERNAL_HISTORICAL_MARKET_BENCHMARK,NOT_AVAILABLE,NOT_GOLDBET,2a6e1179295ee135443b0259f6b1951c5449d1e81de6cd6e1d1c6d2adba40194,1465.858067026551,1516.449289541122,-50.59122251457097,0.0,0.0,-0.6000000000000001,6.217689397205731,83,83,False
bc48172427d253a716649438,Bundesliga,2024/2025,DEVELOPMENT,2025-03-02,13:30,MATCH_KICKOFF_TIME_TIMEZONE_NOT_STATED_BY_SOURCE,,NOT_VERIFIED_DO_NOT_INFER,BW Linz,Tirol,2,1,H,EVALUATION_ONLY_JOIN_AFTER_PREMATCH_FEATURE_FREEZE,2.09,3.04,3.9,EXTERNAL_HISTORICAL_MARKET_BENCHMARK,NOT_AVAILABLE,NOT_GOLDBET,ab4f3d8a71ce0ad7c91500130fdf4e7994721f85a6f5628295179b1d80f8d47c,1469.5817214565682,1446.9384649484964,22.643256508071772,0.19999999999999996,-0.2,-0.19999999999999996,-30.333317186294153,51,83,False
eecc142b40b5a59795d45fce,Bundesliga,2024/2025,DEVELOPMENT,2025-03-02,16:00,MATCH_KICKOFF_TIME_TIMEZONE_NOT_STATED_BY_SOURCE,,NOT_VERIFIED_DO_NOT_INFER,Salzburg,Sturm Graz,3,1,H,EVALUATION_ONLY_JOIN_AFTER_PREMATCH_FEATURE_FREEZE,1.93,3.57,3.78,EXTERNAL_HISTORICAL_MARKET_BENCHMARK,NOT_AVAILABLE,NOT_GOLDBET,409eeab24bcaf3c3ba712bcd272a676dc1189d444c6012513bd7312e471852fc,1569.8812055639733,1609.4851746106356,-39.603969046662314,0.19999999999999996,0.6000000000000001,-0.3999999999999999,8.241650622612951,83,83,False
418623337ee68e8173b5b83d,Bundesliga,2024/2025,DEVELOPMENT,2025-03-09,16:00,MATCH_KICKOFF_TIME_TIMEZONE_NOT_STATED_BY_SOURCE,,NOT_VERIFIED_DO_NOT_INFER,Altach,Salzburg,1,1,D,EVALUATION_ONLY_JOIN_AFTER_PREMATCH_FEATURE_FREEZE,5.98,4.01,1.55,EXTERNAL_HISTORICAL_MARKET_BENCHMARK,NOT_AVAILABLE,NOT_GOLDBET,81d2ddfa4782740df6009f734cfe5302cf8be8470a0f38773d9c13cf99782162,1412.417320441542,1579.2948340369098,-166.87751359536787,-1.4000000000000001,-2.5999999999999996,-0.6,-3.622849383061748,84,84,False
3060efd8061db5e9a8f671f8,Bundesliga,2024/2025,DEVELOPMENT,2025-03-09,16:00,MATCH_KICKOFF_TIME_TIMEZONE_NOT_STATED_BY_SOURCE,,NOT_VERIFIED_DO_NOT_INFER,Austria Vienna,A. Klagenfurt,2,0,H,EVALUATION_ONLY_JOIN_AFTER_PREMATCH_FEATURE_FREEZE,1.43,4.31,7.54,EXTERNAL_HISTORICAL_MARKET_BENCHMARK,NOT_AVAILABLE,NOT_GOLDBET,2c4d891b1b9f6b0dcb03b11aaab20178ea280d3f7de92568f29dac010a5af7bb,1571.3740678042482,1455.5873268219839,115.78674098226429,1.0,1.2000000000000002,2.1999999999999997,-3.781293989418373,84,84,False
2d3f59dee914912c9fde8024,Bundesliga,2024/2025,DEVELOPMENT,2025-03-09,16:00,MATCH_KICKOFF_TIME_TIMEZONE_NOT_STATED_BY_SOURCE,,NOT_VERIFIED_DO_NOT_INFER,LASK,Tirol,2,1,H,EVALUATION_ONLY_JOIN_AFTER_PREMATCH_FEATURE_FREEZE,1.48,4.23,6.69,EXTERNAL_HISTORICAL_MARKET_BENCHMARK,NOT_AVAILABLE,NOT_GOLDBET,e33c3dc41d4f105a9401fa2617524005b737d4191431b945226e701ce8251a39,1526.720029745689,1439.2732597245254,87.44677002116373,1.0,1.0,0.19999999999999996,-46.66305471092096,84,84,False
d165b4cfa9914717094685f5,Bundesliga,2024/2025,DEVELOPMENT,2025-03-09,16:00,MATCH_KICKOFF_TIME_TIMEZONE_NOT_STATED_BY_SOURCE,,NOT_VERIFIED_DO_NOT_INFER,Wolfsberger AC,BW Linz,1,2,A,EVALUATION_ONLY_JOIN_AFTER_PREMATCH_FEATURE_FREEZE,1.92,3.41,4.07,EXTERNAL_HISTORICAL_MARKET_BENCHMARK,NOT_AVAILABLE,NOT_GOLDBET,003eaad7ee397155a4ffc33a361a3fa354ada7e3a7f4c6b7782096d91c413bfb,1549.8434849604303,1477.2469266805392,72.59655827989104,1.2000000000000002,2.0,1.2,38.772659269140604,84,52,False
ff46b49b20262097b14063d1,Bundesliga,2024/2025,DEVELOPMENT,2025-03-09,16:15,MATCH_KICKOFF_TIME_TIMEZONE_NOT_STATED_BY_SOURCE,,NOT_VERIFIED_DO_NOT_INFER,Grazer AK,Sturm Graz,1,2,A,EVALUATION_ONLY_JOIN_AFTER_PREMATCH_FEATURE_FREEZE,5.27,3.84,1.64,EXTERNAL_HISTORICAL_MARKET_BENCHMARK,NOT_AVAILABLE,NOT_GOLDBET,04fa0dbacafaffb0602341ce915516ba78b7c0eca6243e966d83ff369d5fbc2f,1446.4242081995637,1600.071546137699,-153.64733793813525,-0.5999999999999999,-0.8,-0.5999999999999999,-30.887215523176792,20,84,False
a79d76ef064bd598a5c49716,Bundesliga,2024/2025,DEVELOPMENT,2025-03-09,16:45,MATCH_KICKOFF_TIME_TIMEZONE_NOT_STATED_BY_SOURCE,,NOT_VERIFIED_DO_NOT_INFER,Hartberg,SK Rapid,2,1,H,EVALUATION_ONLY_JOIN_AFTER_PREMATCH_FEATURE_FREEZE,4.15,3.71,1.8,EXTERNAL_HISTORICAL_MARKET_BENCHMARK,NOT_AVAILABLE,NOT_GOLDBET,0d722707b3ee1d33550432ce817c74c09ec1d19b41fc2a8f95f768f813496587,1487.632710393847,1524.4106351175833,-36.777924723736305,0.3999999999999999,-0.2,0.4,-50.776090468448956,84,84,False
c0626d175073ea6c3fa0fc21,Bundesliga,2024/2025,DEVELOPMENT,2025-03-16,16:00,MATCH_KICKOFF_TIME_TIMEZONE_NOT_STATED_BY_SOURCE,,NOT_VERIFIED_DO_NOT_INFER,A. Klagenfurt,Altach,2,2,D,EVALUATION_ONLY_JOIN_AFTER_PREMATCH_FEATURE_FREEZE,2.93,3.08,2.51,EXTERNAL_HISTORICAL_MARKET_BENCHMARK,NOT_AVAILABLE,NOT_GOLDBET,37058de42f19d91550a1675a13efd2d7bb1b773a897f1feeba8957da61ad874d,1450.255201589352,1415.4000079177708,34.85519367158122,0.0,0.6000000000000001,0.7999999999999999,15.659330353568066,85,85,False
dee8139798c178124650e166,Bundesliga,2024/2025,DEVELOPMENT,2025-03-16,16:00,MATCH_KICKOFF_TIME_TIMEZONE_NOT_STATED_BY_SOURCE,,NOT_VERIFIED_DO_NOT_INFER,BW Linz,Hartberg,4,1,H,EVALUATION_ONLY_JOIN_AFTER_PREMATCH_FEATURE_FREEZE,2.1,3.27,3.53,EXTERNAL_HISTORICAL_MARKET_BENCHMARK,NOT_AVAILABLE,NOT_GOLDBET,70124e93b8d2d9abd936cfeabb8835fa61b57fc879f95f82660c3639fedd3627,1490.888266339927,1496.9653188752904,-6.077052535363464,0.19999999999999996,0.2,0.8,27.50106586537231,53,85,False
4611d8ac3fdce610032c663b,Bundesliga,2024/2025,DEVELOPMENT,2025-03-16,16:00,MATCH_KICKOFF_TIME_TIMEZONE_NOT_STATED_BY_SOURCE,,NOT_VERIFIED_DO_NOT_INFER,SK Rapid,Grazer AK,3,0,H,EVALUATION_ONLY_JOIN_AFTER_PREMATCH_FEATURE_FREEZE,1.29,5.36,9.57,EXTERNAL_HISTORICAL_MARKET_BENCHMARK,NOT_AVAILABLE,NOT_GOLDBET,edd5f115c689c2eba7dbb4b1ad58da53f5afe2ccce4549d6838869a3a5dac4c7,1515.0780266361398,1439.0561636774823,76.0218629586575,-0.20000000000000007,0.6,0.40000000000000013,-8.7190911782277,85,21,False
37f147f70988478357c1bd6f,Bundesliga,2024/2025,DEVELOPMENT,2025-03-16,16:00,MATCH_KICKOFF_TIME_TIMEZONE_NOT_STATED_BY_SOURCE,,NOT_VERIFIED_DO_NOT_INFER,Salzburg,Wolfsberger AC,1,0,H,EVALUATION_ONLY_JOIN_AFTER_PREMATCH_FEATURE_FREEZE,1.5,4.52,5.65,EXTERNAL_HISTORICAL_MARKET_BENCHMARK,NOT_AVAILABLE,NOT_GOLDBET,86a44d6ec21b9d795990d198dee56e4f14a43f70cd8dfe2dff152f806c1b91a4,1576.312146560681,1536.2021453010425,40.110001259638466,-0.19999999999999996,-0.7999999999999999,0.20000000000000018,-18.634859130864697,85,85,False
82c819755f5b02948575b7e4,Bundesliga,2024/2025,DEVELOPMENT,2025-03-16,16:00,MATCH_KICKOFF_TIME_TIMEZONE_NOT_STATED_BY_SOURCE,,NOT_VERIFIED_DO_NOT_INFER,Sturm Graz,LASK,4,2,H,EVALUATION_ONLY_JOIN_AFTER_PREMATCH_FEATURE_FREEZE,1.8,3.76,4.08,EXTERNAL_HISTORICAL_MARKET_BENCHMARK,NOT_AVAILABLE,NOT_GOLDBET,22af0d0a6b2f8e742d085b0a3fee8b47f10e704fe56bd1e0aa4c3918de14f144,1607.4395906597804,1532.7138408709477,74.72574978883267,-0.8000000000000003,-1.2,0.20000000000000018,40.37874867507844,85,85,False
64b04ce994997b5df0e29598,Bundesliga,2024/2025,DEVELOPMENT,2025-03-16,16:00,MATCH_KICKOFF_TIME_TIMEZONE_NOT_STATED_BY_SOURCE,,NOT_VERIFIED_DO_NOT_INFER,Tirol,Austria Vienna,0,2,A,EVALUATION_ONLY_JOIN_AFTER_PREMATCH_FEATURE_FREEZE,3.96,3.49,1.9,EXTERNAL_HISTORICAL_MARKET_BENCHMARK,NOT_AVAILABLE,NOT_GOLDBET,b451eabc3320317cbfe85569029daab7fa5fc434630af229f4f00dbe790a2329,1433.2794485992667,1576.70619303688,-143.42674443761325,-1.4,-1.0,-1.4000000000000001,-4.163386012195133,85,85,False
9e5df34bc25aff820465bb71,Bundesliga,2024/2025,DEVELOPMENT,2025-03-28,18:30,MATCH_KICKOFF_TIME_TIMEZONE_NOT_STATED_BY_SOURCE,,NOT_VERIFIED_DO_NOT_INFER,Altach,LASK,0,2,A,EVALUATION_ONLY_JOIN_AFTER_PREMATCH_FEATURE_FREEZE,3.32,3.4,2.14,EXTERNAL_HISTORICAL_MARKET_BENCHMARK,NOT_AVAILABLE,NOT_GOLDBET,43dffd09e5ca15b68e64591d9709b295e2933146c76fa55326e70b83ec4a2971,1418.0642903396588,1526.4082188300706,-108.34392849041183,-0.8,-0.8,-0.7999999999999999,6.291121208297454,86,86,False
ed140454fd48be4891495750,Bundesliga,2024/2025,DEVELOPMENT,2025-03-29,16:00,MATCH_KICKOFF_TIME_TIMEZONE_NOT_STATED_BY_SOURCE,,NOT_VERIFIED_DO_NOT_INFER,Grazer AK,Tirol,0,0,D,EVALUATION_ONLY_JOIN_AFTER_PREMATCH_FEATURE_FREEZE,2.32,3.15,3.15,EXTERNAL_HISTORICAL_MARKET_BENCHMARK,NOT_AVAILABLE,NOT_GOLDBET,718d852df8c38c0a645b0434067e6de88ecd3910f061b1dd1918948ce5369be6,1432.7827107231833,1425.6355534214747,7.147157301708603,-0.2,-0.5999999999999999,-0.6000000000000001,-6.677176336042066,22,86,False
c55e288905e9e497deaddf06,Bundesliga,2024/2025,DEVELOPMENT,2025-03-29,16:00,MATCH_KICKOFF_TIME_TIMEZONE_NOT_STATED_BY_SOURCE,,NOT_VERIFIED_DO_NOT_INFER,Hartberg,A. Klagenfurt,2,3,A,EVALUATION_ONLY_JOIN_AFTER_PREMATCH_FEATURE_FREEZE,1.91,3.41,4.05,EXTERNAL_HISTORICAL_MARKET_BENCHMARK,NOT_AVAILABLE,NOT_GOLDBET,865cab7d538ecc0146752084d38c2ac36faef9783dec71b701d80a3b47d981a1,1488.505003290132,1447.590919167464,40.91408412266787,0.0,-0.8,0.8,-8.408828259723578,86,86,False
33fa3289c97ba93cea6e66ce,Bundesliga,2024/2025,DEVELOPMENT,2025-03-30,13:30,MATCH_KICKOFF_TIME_TIMEZONE_NOT_STATED_BY_SOURCE,,NOT_VERIFIED_DO_NOT_INFER,BW Linz,Austria Vienna,0,2,A,EVALUATION_ONLY_JOIN_AFTER_PREMATCH_FEATURE_FREEZE,3.23,3.31,2.24,EXTERNAL_HISTORICAL_MARKET_BENCHMARK,NOT_AVAILABLE,NOT_GOLDBET,685737b1407de67d9d724f823fd0d8a7dbe9d2ba2b4ca1286f7db58208413d01,1499.3485819250855,1584.350088214672,-85.00150628958659,-0.5999999999999999,-0.6,-0.8,13.029180927955622,54,86,False
984f8e6404060916804265a0,Bundesliga,2024/2025,DEVELOPMENT,2025-03-30,13:30,MATCH_KICKOFF_TIME_TIMEZONE_NOT_STATED_BY_SOURCE,,NOT_VERIFIED_DO_NOT_INFER,Wolfsberger AC,Sturm Graz,1,1,D,EVALUATION_ONLY_JOIN_AFTER_PREMATCH_FEATURE_FREEZE,3.03,3.31,2.35,EXTERNAL_HISTORICAL_MARKET_BENCHMARK,NOT_AVAILABLE,NOT_GOLDBET,18f48b3f9ae5074027a1272e78f875300d78085b57bf3193e9075d87b73e94fc,1529.0063626769538,1613.7452127006575,-84.73885002370366,-0.40000000000000013,1.0,0.40000000000000013,11.943552858517933,86,86,False
301ec944a3267b9edc294d44,Bundesliga,2024/2025,DEVELOPMENT,2025-03-30,16:00,MATCH_KICKOFF_TIME_TIMEZONE_NOT_STATED_BY_SOURCE,,NOT_VERIFIED_DO_NOT_INFER,SK Rapid,Salzburg,0,2,A,EVALUATION_ONLY_JOIN_AFTER_PREMATCH_FEATURE_FREEZE,2.36,3.42,2.91,EXTERNAL_HISTORICAL_MARKET_BENCHMARK,NOT_AVAILABLE,NOT_GOLDBET,7ddadea13af29203db1793e6677719d4ca27b4805f78123f154ab9ec49930f48,1521.3514795904389,1583.5079291847696,-62.15644959433075,-1.0000000000000002,0.19999999999999996,0.6000000000000001,-30.856394628319094,86,86,False
005fb52f9ea3cf5a6ca0f5b4,Bundesliga,2024/2025,DEVELOPMENT,2025-04-04,18:30,MATCH_KICKOFF_TIME_TIMEZONE_NOT_STATED_BY_SOURCE,,NOT_VERIFIED_DO_NOT_INFER,Sturm Graz,SK Rapid,2,0,H,EVALUATION_ONLY_JOIN_AFTER_PREMATCH_FEATURE_FREEZE,2.65,3.29,2.65,EXTERNAL_HISTORICAL_MARKET_BENCHMARK,NOT_AVAILABLE,NOT_GOLDBET,4c7b14de6578e8a5f74c2646fcb817f1255ffab6d050ae8e1cd9f4365f6dfa93,1613.0343722808857,1511.413546402044,101.62082587884174,0.8,-0.4,1.8000000000000003,23.34771906787978,87,87,False
14ba7286bc6b19edebc54eaf,Bundesliga,2024/2025,DEVELOPMENT,2025-04-05,16:00,MATCH_KICKOFF_TIME_TIMEZONE_NOT_STATED_BY_SOURCE,,NOT_VERIFIED_DO_NOT_INFER,A. Klagenfurt,Altach,2,3,A,EVALUATION_ONLY_JOIN_AFTER_PREMATCH_FEATURE_FREEZE,3.06,3.18,2.39,EXTERNAL_HISTORICAL_MARKET_BENCHMARK,NOT_AVAILABLE,NOT_GOLDBET,142b913a1fa1681de42f6be510abe9b56b71b5a0f5193c0ad3e2fb1474d34b81,1460.4164461310038,1409.4468293489176,50.96961678208618,0.7999999999999999,1.4,0.19999999999999996,-23.645207467578302,87,87,False
d92d7f218c35be5f570fa6bc,Bundesliga,2024/2025,DEVELOPMENT,2025-04-05,16:00,MATCH_KICKOFF_TIME_TIMEZONE_NOT_STATED_BY_SOURCE,,NOT_VERIFIED_DO_NOT_INFER,LASK,Grazer AK,1,0,H,EVALUATION_ONLY_JOIN_AFTER_PREMATCH_FEATURE_FREEZE,1.74,3.61,4.7,EXTERNAL_HISTORICAL_MARKET_BENCHMARK,NOT_AVAILABLE,NOT_GOLDBET,ae283ff7ab475778be4f6c8eab94844e1e6a7ca32ae3f5bf4ba696bc36c3f5f0,1535.0256798208118,1430.873768417973,104.15191140283878,2.1999999999999997,2.0,0.20000000000000018,-20.54002578634686,87,23,False
6be4cd70ecd9f8b726adf9bb,Bundesliga,2024/2025,DEVELOPMENT,2025-04-05,16:00,MATCH_KICKOFF_TIME_TIMEZONE_NOT_STATED_BY_SOURCE,,NOT_VERIFIED_DO_NOT_INFER,Tirol,Hartberg,1,3,A,EVALUATION_ONLY_JOIN_AFTER_PREMATCH_FEATURE_FREEZE,2.42,3.17,2.96,EXTERNAL_HISTORICAL_MARKET_BENCHMARK,NOT_AVAILABLE,NOT_GOLDBET,00fa7cceaee1da50d67b02b2cc6bc101945958de1bf94fdcacb88a1a1a3ad992,1427.544495726685,1475.6794763265923,-48.134980599907294,-0.4,0.3999999999999999,-0.4,25.28014676767748,87,87,False
513866149192c00fd5610680,Bundesliga,2024/2025,DEVELOPMENT,2025-04-06,13:30,MATCH_KICKOFF_TIME_TIMEZONE_NOT_STATED_BY_SOURCE,,NOT_VERIFIED_DO_NOT_INFER,Salzburg,BW Linz,2,1,H,EVALUATION_ONLY_JOIN_AFTER_PREMATCH_FEATURE_FREEZE,1.58,4.14,5.51,EXTERNAL_HISTORICAL_MARKET_BENCHMARK,NOT_AVAILABLE,NOT_GOLDBET,e39235ea3b169fa325369364b04bf8c57317e27c6365292aa6ca9909f169ec68,1593.4458623731646,1490.0669435947723,103.37891877839229,0.8,0.7999999999999999,0.8000000000000003,-5.636061489871281,87,55,False
0144647afb075e178f31d300,Bundesliga,2024/2025,DEVELOPMENT,2025-04-06,16:00,MATCH_KICKOFF_TIME_TIMEZONE_NOT_STATED_BY_SOURCE,,NOT_VERIFIED_DO_NOT_INFER,Austria Vienna,Wolfsberger AC,0,0,D,EVALUATION_ONLY_JOIN_AFTER_PREMATCH_FEATURE_FREEZE,2.13,3.37,3.42,EXTERNAL_HISTORICAL_MARKET_BENCHMARK,NOT_AVAILABLE,NOT_GOLDBET,c1073fe931e21390ac2240a23cbb6b68a7a244c707b5c3e550e4de984d848983,1593.6317265449852,1529.7172030967256,63.914523448259615,1.4,1.0,0.3999999999999999,-42.092628036622955,87,87,False
a82c7cc0f1787f01a1cefb75,Bundesliga,2024/2025,DEVELOPMENT,2025-04-11,18:30,MATCH_KICKOFF_TIME_TIMEZONE_NOT_STATED_BY_SOURCE,,NOT_VERIFIED_DO_NOT_INFER,BW Linz,Wolfsberger AC,1,2,A,EVALUATION_ONLY_JOIN_AFTER_PREMATCH_FEATURE_FREEZE,3.23,3.03,2.38,EXTERNAL_HISTORICAL_MARKET_BENCHMARK,NOT_AVAILABLE,NOT_GOLDBET,f625e38231ba77a819c4dfb61c7db0e5e63520c1a114e718ee60d586edc4decf,1484.4508945051764,1533.1398428837756,-48.68894837859921,0.8,0.2,0.19999999999999996,-17.513645282562948,56,88,False
fd3f7af862303f12d6d4cc12,Bundesliga,2024/2025,DEVELOPMENT,2025-04-12,16:00,MATCH_KICKOFF_TIME_TIMEZONE_NOT_STATED_BY_SOURCE,,NOT_VERIFIED_DO_NOT_INFER,Grazer AK,Altach,1,0,H,EVALUATION_ONLY_JOIN_AFTER_PREMATCH_FEATURE_FREEZE,3.23,3.16,2.29,EXTERNAL_HISTORICAL_MARKET_BENCHMARK,NOT_AVAILABLE,NOT_GOLDBET,e00fb32b0686d29bb94473e9d6b36aec19f9d51b911281b94a942674a25c4c50,1425.2756743542247,1422.5364382355651,2.739236118659619,-0.8,0.0,-0.9999999999999999,20.68867267054793,24,88,False
1aa1f5df89bb7ca48ac014da,Bundesliga,2024/2025,DEVELOPMENT,2025-04-12,16:00,MATCH_KICKOFF_TIME_TIMEZONE_NOT_STATED_BY_SOURCE,,NOT_VERIFIED_DO_NOT_INFER,Hartberg,LASK,0,1,A,EVALUATION_ONLY_JOIN_AFTER_PREMATCH_FEATURE_FREEZE,3.21,3.53,2.14,EXTERNAL_HISTORICAL_MARKET_BENCHMARK,NOT_AVAILABLE,NOT_GOLDBET,190c44c8ce9cb62f7b6037a73323d0b340311de9c97f283957d2a22634443efd,1486.0208463403235,1540.62377388456,-54.602927544236536,-1.2,-1.4,-0.3999999999999999,13.645220447888505,88,88,False
fcf2a4865fe21805eae9130e,Bundesliga,2024/2025,DEVELOPMENT,2025-04-12,16:00,MATCH_KICKOFF_TIME_TIMEZONE_NOT_STATED_BY_SOURCE,,NOT_VERIFIED_DO_NOT_INFER,Tirol,A. Klagenfurt,5,3,H,EVALUATION_ONLY_JOIN_AFTER_PREMATCH_FEATURE_FREEZE,2.38,3.28,2.96,EXTERNAL_HISTORICAL_MARKET_BENCHMARK,NOT_AVAILABLE,NOT_GOLDBET,31b0408bab83f89e6df72488f08640f7a51627b2d9154a8b51b85f8ba69ecb6b,1417.2031257129538,1447.3268372443563,-30.123711531402478,-0.6000000000000001,-0.6,-0.4,16.058986677344592,88,88,False
52f95c9c16f5f0c8c2d50417,Bundesliga,2024/2025,DEVELOPMENT,2025-04-13,13:30,MATCH_KICKOFF_TIME_TIMEZONE_NOT_STATED_BY_SOURCE,,NOT_VERIFIED_DO_NOT_INFER,Salzburg,Sturm Graz,1,2,A,EVALUATION_ONLY_JOIN_AFTER_PREMATCH_FEATURE_FREEZE,1.9,3.59,3.93,EXTERNAL_HISTORICAL_MARKET_BENCHMARK,NOT_AVAILABLE,NOT_GOLDBET,f6dacff85ba38416a4b2101a68798ecc621bb4f80d9efcb6fe23f0d0fe5ce6e7,1599.0619114627605,1618.6913886748473,-19.62947721208684,0.6000000000000001,0.6,1.2000000000000002,-3.983220035010163,88,88,False
24b39c09491f78d81878ac64,Bundesliga,2024/2025,DEVELOPMENT,2025-04-13,16:00,MATCH_KICKOFF_TIME_TIMEZONE_NOT_STATED_BY_SOURCE,,NOT_VERIFIED_DO_NOT_INFER,SK Rapid,Austria Vienna,2,0,H,EVALUATION_ONLY_JOIN_AFTER_PREMATCH_FEATURE_FREEZE,2.26,3.19,3.31,EXTERNAL_HISTORICAL_MARKET_BENCHMARK,NOT_AVAILABLE,NOT_GOLDBET,2d9fd084dc30e7ff80e2368a715755cd099a81bb6a299de4a43a312bb6d60d5e,1505.7565300080823,1590.2090867579352,-84.45255674985287,-1.4000000000000001,-0.7999999999999999,-1.4000000000000001,33.66711051463744,88,88,False
95e29d91f6a885a7a750d057,Bundesliga,2024/2025,DEVELOPMENT,2025-04-18,18:30,MATCH_KICKOFF_TIME_TIMEZONE_NOT_STATED_BY_SOURCE,,NOT_VERIFIED_DO_NOT_INFER,LASK,Tirol,2,0,H,EVALUATION_ONLY_JOIN_AFTER_PREMATCH_FEATURE_FREEZE,1.63,3.86,5.21,EXTERNAL_HISTORICAL_MARKET_BENCHMARK,NOT_AVAILABLE,NOT_GOLDBET,ea8603f5ee60c4a3303c4da67f713c9720ad3961fe11645cb82e5ceda2ed7e2f,1550.7791016232095,1426.3453302683831,124.43377135482638,1.5999999999999999,1.2,1.0,-15.508698318888264,89,89,False
fe98ac33783776f73ac1108f,Bundesliga,2024/2025,DEVELOPMENT,2025-04-19,16:00,MATCH_KICKOFF_TIME_TIMEZONE_NOT_STATED_BY_SOURCE,,NOT_VERIFIED_DO_NOT_INFER,A. Klagenfurt,Grazer AK,0,0,D,EVALUATION_ONLY_JOIN_AFTER_PREMATCH_FEATURE_FREEZE,2.64,3.21,2.7,EXTERNAL_HISTORICAL_MARKET_BENCHMARK,NOT_AVAILABLE,NOT_GOLDBET,09d71e2ac68539aeac3b6ca886e50140d872ee0139f8505bceac583b09233554,1438.184632688927,1433.4892691886384,4.695363500288522,0.0,0.0,-0.19999999999999996,-39.2836420355336,89,25,False
f2049a12753cddde75b11506,Bundesliga,2024/2025,DEVELOPMENT,2025-04-19,16:00,MATCH_KICKOFF_TIME_TIMEZONE_NOT_STATED_BY_SOURCE,,NOT_VERIFIED_DO_NOT_INFER,Altach,Hartberg,1,1,D,EVALUATION_ONLY_JOIN_AFTER_PREMATCH_FEATURE_FREEZE,2.18,3.24,3.4,EXTERNAL_HISTORICAL_MARKET_BENCHMARK,NOT_AVAILABLE,NOT_GOLDBET,56ae25a6b0d2cc17b1cec36c59497fdc8dde59a21409885b260812179ef459ca,1414.3228434011514,1475.865518601674,-61.54267520052258,-0.19999999999999996,0.0,-1.0,2.118456941068189,89,89,False
1c6ee04d8b287223c0fe77f4,Bundesliga,2024/2025,DEVELOPMENT,2025-04-20,13:30,MATCH_KICKOFF_TIME_TIMEZONE_NOT_STATED_BY_SOURCE,,NOT_VERIFIED_DO_NOT_INFER,Sturm Graz,BW Linz,2,0,H,EVALUATION_ONLY_JOIN_AFTER_PREMATCH_FEATURE_FREEZE,1.53,4.14,5.97,EXTERNAL_HISTORICAL_MARKET_BENCHMARK,NOT_AVAILABLE,NOT_GOLDBET,f60a59eabd1bd79cbf0a053c10be794568fa4c3a7e3a2d52daf813179f243d76,1629.8481444473568,1474.1254512385492,155.72269320880764,1.4000000000000001,1.2,1.2000000000000002,-27.82494553901256,89,57,False
b9da6aba7ea90e14e6096206,Bundesliga,2024/2025,DEVELOPMENT,2025-04-20,13:30,MATCH_KICKOFF_TIME_TIMEZONE_NOT_STATED_BY_SOURCE,,NOT_VERIFIED_DO_NOT_INFER,Wolfsberger AC,SK Rapid,5,1,H,EVALUATION_ONLY_JOIN_AFTER_PREMATCH_FEATURE_FREEZE,2.64,3.42,2.55,EXTERNAL_HISTORICAL_MARKET_BENCHMARK,NOT_AVAILABLE,NOT_GOLDBET,21626e24be748b1265835fb5b88f3950c3b45f3e1e88c818d670d8c1c127e33e,1543.4652861504028,1516.459171403806,27.006114746596722,-0.19999999999999996,-0.2,1.8,6.389328939423876,89,89,False
7bfca6a13651729b5f4e66a9,Bundesliga,2024/2025,DEVELOPMENT,2025-04-20,16:00,MATCH_KICKOFF_TIME_TIMEZONE_NOT_STATED_BY_SOURCE,,NOT_VERIFIED_DO_NOT_INFER,Austria Vienna,Salzburg,1,3,A,EVALUATION_ONLY_JOIN_AFTER_PREMATCH_FEATURE_FREEZE,3.09,3.26,2.31,EXTERNAL_HISTORICAL_MARKET_BENCHMARK,NOT_AVAILABLE,NOT_GOLDBET,8d6b6c4f052ce9ce52c92aad6e30d972454e4df80a66d34323bc717089a643bf,1579.5064453622115,1587.905155690251,-8.398710328039442,0.0,0.20000000000000007,0.19999999999999996,-31.008037430299737,89,89,False
01c0ebfcd2b1960dac752726,Bundesliga,2024/2025,DEVELOPMENT,2025-04-22,17:30,MATCH_KICKOFF_TIME_TIMEZONE_NOT_STATED_BY_SOURCE,,NOT_VERIFIED_DO_NOT_INFER,Grazer AK,Hartberg,0,3,A,EVALUATION_ONLY_JOIN_AFTER_PREMATCH_FEATURE_FREEZE,2.06,3.4,3.56,EXTERNAL_HISTORICAL_MARKET_BENCHMARK,NOT_AVAILABLE,NOT_GOLDBET,8ef7338d2ff737376ae33be4ec05f7fceb1776bbb9bca663821e228e11686762,1435.3301241564766,1475.821117131967,-40.49099297549037,0.19999999999999996,0.0,-0.19999999999999996,3.0980064566260808,26,90,False
0cf6c2ebb8d1e3b1b4c984a7,Bundesliga,2024/2025,DEVELOPMENT,2025-04-22,17:30,MATCH_KICKOFF_TIME_TIMEZONE_NOT_STATED_BY_SOURCE,,NOT_VERIFIED_DO_NOT_INFER,Tirol,Altach,1,0,H,EVALUATION_ONLY_JOIN_AFTER_PREMATCH_FEATURE_FREEZE,3.51,3.12,2.2,EXTERNAL_HISTORICAL_MARKET_BENCHMARK,NOT_AVAILABLE,NOT_GOLDBET,588e2b5f4aea0cf7e86800162cc853b477cfc210ca853c0eeac5870d3c5a91a9,1421.2055829749575,1414.3672448708585,6.838338104098966,-0.19999999999999996,-0.4,-0.3999999999999999,29.01065188957932,90,90,False
fb986b79c79e74d4c3337766,Bundesliga,2024/2025,DEVELOPMENT,2025-04-22,19:30,MATCH_KICKOFF_TIME_TIMEZONE_NOT_STATED_BY_SOURCE,,NOT_VERIFIED_DO_NOT_INFER,A. Klagenfurt,LASK,1,4,A,EVALUATION_ONLY_JOIN_AFTER_PREMATCH_FEATURE_FREEZE,4.11,3.63,1.84,EXTERNAL_HISTORICAL_MARKET_BENCHMARK,NOT_AVAILABLE,NOT_GOLDBET,5f4ea7110b5e1fb930f1d7ab1df2a25df75159dc8de95c03102beb3d9e4da7e9,1436.3437777210888,1555.9188489166352,-119.57507119554634,-1.4,-1.2000000000000002,-1.0,-40.939918113541125,90,90,False
79e3de5c61f067956e8625f5,Bundesliga,2024/2025,DEVELOPMENT,2025-04-23,17:30,MATCH_KICKOFF_TIME_TIMEZONE_NOT_STATED_BY_SOURCE,,NOT_VERIFIED_DO_NOT_INFER,BW Linz,SK Rapid,2,1,H,EVALUATION_ONLY_JOIN_AFTER_PREMATCH_FEATURE_FREEZE,3.63,3.64,1.96,EXTERNAL_HISTORICAL_MARKET_BENCHMARK,NOT_AVAILABLE,NOT_GOLDBET,9e2914aeee5a651da090c4f548979959c9a0927c05f8688f4cd1f9251d1821bf,1469.6429934985738,1508.9123407252773,-39.26934722670353,-0.6,0.0,1.2,13.695283748556676,58,90,False
8648023300da7f1a3983219d,Bundesliga,2024/2025,DEVELOPMENT,2025-04-23,17:30,MATCH_KICKOFF_TIME_TIMEZONE_NOT_STATED_BY_SOURCE,,NOT_VERIFIED_DO_NOT_INFER,Salzburg,Wolfsberger AC,1,1,D,EVALUATION_ONLY_JOIN_AFTER_PREMATCH_FEATURE_FREEZE,1.77,3.76,4.35,EXTERNAL_HISTORICAL_MARKET_BENCHMARK,NOT_AVAILABLE,NOT_GOLDBET,0883731fbd60b5bf2db72cb0297bc9616ad3dcfbe6fef3a7d2a228519f039272,1599.379535322213,1551.0121168289315,48.36741849328155,0.7999999999999998,0.19999999999999996,0.3999999999999999,-7.756149838398869,90,90,False
53f66037edaa67d6b23dfe5b,Bundesliga,2024/2025,DEVELOPMENT,2025-04-23,19:30,MATCH_KICKOFF_TIME_TIMEZONE_NOT_STATED_BY_SOURCE,,NOT_VERIFIED_DO_NOT_INFER,Austria Vienna,Sturm Graz,2,1,H,EVALUATION_ONLY_JOIN_AFTER_PREMATCH_FEATURE_FREEZE,2.71,3.18,2.63,EXTERNAL_HISTORICAL_MARKET_BENCHMARK,NOT_AVAILABLE,NOT_GOLDBET,b535a4794051a221e8ab3ede53fda0b00aa636736f9b65ae1db854ea2c0f6f2c,1568.0320657302493,1634.3306021873323,-66.29853645708295,-1.2000000000000002,-1.4,0.0,-18.06283866636886,90,90,False
14b40454039f68d716881829,Bundesliga,2024/2025,DEVELOPMENT,2025-04-25,18:30,MATCH_KICKOFF_TIME_TIMEZONE_NOT_STATED_BY_SOURCE,,NOT_VERIFIED_DO_NOT_INFER,Hartberg,Grazer AK,1,1,D,EVALUATION_ONLY_JOIN_AFTER_PREMATCH_FEATURE_FREEZE,2.02,3.48,3.55,EXTERNAL_HISTORICAL_MARKET_BENCHMARK,NOT_AVAILABLE,NOT_GOLDBET,841873af4a1fc97727d6b9a65fcf9f2619ed0d3617145c7a3960e517cb2dde5a,1486.38204208618,1424.7691992022635,61.61284288391653,0.3999999999999999,1.2,0.0,-6.358252992481766,91,27,False
24d2bd9729ba63f12f23c410,Bundesliga,2024/2025,DEVELOPMENT,2025-04-26,16:00,MATCH_KICKOFF_TIME_TIMEZONE_NOT_STATED_BY_SOURCE,,NOT_VERIFIED_DO_NOT_INFER,Altach,Tirol,3,0,H,EVALUATION_ONLY_JOIN_AFTER_PREMATCH_FEATURE_FREEZE,1.85,3.49,4.21,EXTERNAL_HISTORICAL_MARKET_BENCHMARK,NOT_AVAILABLE,NOT_GOLDBET,3223c08a3f0439298f302304d11c48075b159a631025feaaadbc8ef072814a94,1406.2676210973157,1429.3052067485003,-23.0375856511846,-0.5999999999999999,-0.39999999999999997,0.19999999999999996,-2.3527859792538948,91,91,False
d97909ebd63a3c6deddd81ac,Bundesliga,2024/2025,DEVELOPMENT,2025-04-26,16:00,MATCH_KICKOFF_TIME_TIMEZONE_NOT_STATED_BY_SOURCE,,NOT_VERIFIED_DO_NOT_INFER,LASK,A. Klagenfurt,6,0,H,EVALUATION_ONLY_JOIN_AFTER_PREMATCH_FEATURE_FREEZE,1.58,4.3,5.02,EXTERNAL_HISTORICAL_MARKET_BENCHMARK,NOT_AVAILABLE,NOT_GOLDBET,69168e4c98c94d4b3adac41b4aec87d63f6f8827620c4fe73e74104a97212f2b,1564.2207506359064,1428.0418760018176,136.17887463408874,2.2,2.8,1.8,-21.383012673970143,91,91,False
306124d4991407c4e01a91dc,Bundesliga,2024/2025,DEVELOPMENT,2025-04-27,13:30,MATCH_KICKOFF_TIME_TIMEZONE_NOT_STATED_BY_SOURCE,,NOT_VERIFIED_DO_NOT_INFER,SK Rapid,BW Linz,0,0,D,EVALUATION_ONLY_JOIN_AFTER_PREMATCH_FEATURE_FREEZE,1.64,4.1,4.75,EXTERNAL_HISTORICAL_MARKET_BENCHMARK,NOT_AVAILABLE,NOT_GOLDBET,adb30a31092fdecd5327d7955edcd682c8c5bc877da6bdfc303365e606cc6065,1499.5083097824652,1479.047024441386,20.461285341079247,0.0,-0.3999999999999999,1.0,-9.967322154335761,91,59,False
a5338b6317b53ae7077a7f4c,Bundesliga,2024/2025,DEVELOPMENT,2025-04-27,13:30,MATCH_KICKOFF_TIME_TIMEZONE_NOT_STATED_BY_SOURCE,,NOT_VERIFIED_DO_NOT_INFER,Wolfsberger AC,Salzburg,2,1,H,EVALUATION_ONLY_JOIN_AFTER_PREMATCH_FEATURE_FREEZE,3.87,3.69,1.87,EXTERNAL_HISTORICAL_MARKET_BENCHMARK,NOT_AVAILABLE,NOT_GOLDBET,c0ebcb575dd50943cfdecb8224ce8657c3127c03ac8bc126d73d332fb540fcd0,1554.0338220242052,1596.3578301269395,-42.3240081027343,-0.19999999999999996,0.19999999999999996,-0.20000000000000018,9.407633285127304,91,91,False
d3cf181e5b1e803b8326d171,Bundesliga,2024/2025,DEVELOPMENT,2025-04-27,16:00,MATCH_KICKOFF_TIME_TIMEZONE_NOT_STATED_BY_SOURCE,,NOT_VERIFIED_DO_NOT_INFER,Sturm Graz,Austria Vienna,0,1,A,EVALUATION_ONLY_JOIN_AFTER_PREMATCH_FEATURE_FREEZE,2.31,3.21,3.16,EXTERNAL_HISTORICAL_MARKET_BENCHMARK,NOT_AVAILABLE,NOT_GOLDBET,f55229a986af92b0e60fa026dbbd355e77e5e5c467d2d34f3e6831005c29c965,1624.1493355925963,1578.2133323249852,45.93600326761111,0.6000000000000001,1.0,0.6000000000000001,-15.083747079384011,91,91,False
7c0ebc89c03e858e1ee36d3a,Bundesliga,2024/2025,DEVELOPMENT,2025-05-02,18:30,MATCH_KICKOFF_TIME_TIMEZONE_NOT_STATED_BY_SOURCE,,NOT_VERIFIED_DO_NOT_INFER,Grazer AK,A. Klagenfurt,1,1,D,EVALUATION_ONLY_JOIN_AFTER_PREMATCH_FEATURE_FREEZE,1.8,3.54,4.4,EXTERNAL_HISTORICAL_MARKET_BENCHMARK,NOT_AVAILABLE,NOT_GOLDBET,ba19fbbdac5d6727d79c3a64bdf1c506c73e7ae7000ccbf7dcd12ffe6ad3b751,1428.1332198020355,1423.156056507371,4.977163294664479,0.8,1.7999999999999998,0.0,-4.4657827679202455,28,92,False
ede8b7ccc18c69a7dec591bc,Bundesliga,2024/2025,DEVELOPMENT,2025-05-03,16:00,MATCH_KICKOFF_TIME_TIMEZONE_NOT_STATED_BY_SOURCE,,NOT_VERIFIED_DO_NOT_INFER,Tirol,LASK,1,3,A,EVALUATION_ONLY_JOIN_AFTER_PREMATCH_FEATURE_FREEZE,4.17,3.84,1.77,EXTERNAL_HISTORICAL_MARKET_BENCHMARK,NOT_AVAILABLE,NOT_GOLDBET,3b14e2638e6833ca2a3e3f7d464af5821221fb2e0bb134610b9d506d8cd272fa,1420.3650750142624,1569.106570130353,-148.74149511609062,-1.8,-3.4000000000000004,-1.0,17.358936482549325,92,92,False
f52af551759c05588e3aa62f,Bundesliga,2024/2025,DEVELOPMENT,2025-05-04,13:30,MATCH_KICKOFF_TIME_TIMEZONE_NOT_STATED_BY_SOURCE,,NOT_VERIFIED_DO_NOT_INFER,BW Linz,Sturm Graz,0,1,A,EVALUATION_ONLY_JOIN_AFTER_PREMATCH_FEATURE_FREEZE,3.72,3.42,1.98,EXTERNAL_HISTORICAL_MARKET_BENCHMARK,NOT_AVAILABLE,NOT_GOLDBET,362c21921c598fb8f550ba95445189b2e9798af684c29108435aac1fe26fbfb5,1481.3223541411242,1611.1913560438704,-129.86900190274628,-1.0,-1.2,0.40000000000000013,6.801638610690134,60,92,False
959258eab017bd8135713d60,Bundesliga,2024/2025,DEVELOPMENT,2025-05-04,13:30,MATCH_KICKOFF_TIME_TIMEZONE_NOT_STATED_BY_SOURCE,,NOT_VERIFIED_DO_NOT_INFER,Hartberg,Altach,2,0,H,EVALUATION_ONLY_JOIN_AFTER_PREMATCH_FEATURE_FREEZE,2.89,3.1,2.52,EXTERNAL_HISTORICAL_MARKET_BENCHMARK,NOT_AVAILABLE,NOT_GOLDBET,75c6cf38c7fa3b5c22c68da00fc9065382eaa69f9d29fdeb8afd693aa713405c,1483.018021486408,1415.2077528315535,67.81026865485455,0.20000000000000018,0.4,0.0,6.104401512155164,92,92,False
9ec318f756a8cb30d8cf6b0c,Bundesliga,2024/2025,DEVELOPMENT,2025-05-04,13:30,MATCH_KICKOFF_TIME_TIMEZONE_NOT_STATED_BY_SOURCE,,NOT_VERIFIED_DO_NOT_INFER,SK Rapid,Wolfsberger AC,0,1,A,EVALUATION_ONLY_JOIN_AFTER_PREMATCH_FEATURE_FREEZE,2.4,3.63,2.69,EXTERNAL_HISTORICAL_MARKET_BENCHMARK,NOT_AVAILABLE,NOT_GOLDBET,2ada7c2789e06bc559551accb329e5772a95d0f62109a535ef21581e1c6b764c,1497.232980082727,1563.5255045692438,-66.29252448651687,-1.4000000000000001,-2.2,0.3999999999999999,-18.976078954787226,92,92,False
3286d37f4487b72a33cafd0e,Bundesliga,2024/2025,DEVELOPMENT,2025-05-04,16:00,MATCH_KICKOFF_TIME_TIMEZONE_NOT_STATED_BY_SOURCE,,NOT_VERIFIED_DO_NOT_INFER,Salzburg,Austria Vienna,2,0,H,EVALUATION_ONLY_JOIN_AFTER_PREMATCH_FEATURE_FREEZE,1.78,3.84,4.18,EXTERNAL_HISTORICAL_MARKET_BENCHMARK,NOT_AVAILABLE,NOT_GOLDBET,e1e9bd6ab4c9c3f34370bab54ba1084de2a8a944a9ff026f5c8a8038ecb0ec44,1586.8661475819008,1591.1713118737111,-4.3051642918103425,0.0,0.6000000000000001,-0.3999999999999999,-17.709622018003756,92,92,False
0a42cbbdcd771c3902a30c64,Bundesliga,2024/2025,DEVELOPMENT,2025-05-09,18:30,MATCH_KICKOFF_TIME_TIMEZONE_NOT_STATED_BY_SOURCE,,NOT_VERIFIED_DO_NOT_INFER,Sturm Graz,Salzburg,4,2,H,EVALUATION_ONLY_JOIN_AFTER_PREMATCH_FEATURE_FREEZE,2.66,3.39,2.57,EXTERNAL_HISTORICAL_MARKET_BENCHMARK,NOT_AVAILABLE,NOT_GOLDBET,b61fce194b92c1dacdecf873040a42813d08e4ad41da891418861eadb9031eb1,1619.2070418061448,1595.2767126181673,23.930329187977577,0.40000000000000013,0.0,0.3999999999999999,-38.73199397324788,93,93,False
d58a382fb5678489f4144bcb,Bundesliga,2024/2025,DEVELOPMENT,2025-05-10,16:00,MATCH_KICKOFF_TIME_TIMEZONE_NOT_STATED_BY_SOURCE,,NOT_VERIFIED_DO_NOT_INFER,A. Klagenfurt,Tirol,1,4,A,EVALUATION_ONLY_JOIN_AFTER_PREMATCH_FEATURE_FREEZE,2.81,3.34,2.45,EXTERNAL_HISTORICAL_MARKET_BENCHMARK,NOT_AVAILABLE,NOT_GOLDBET,96cf7792bda3727c24e67d4e6313d0fa94709c8ad2e3c56a9dcc13f39a364aca,1425.004746297564,1412.8651288533795,12.139617444184523,-0.7999999999999999,-1.4000000000000001,0.2,2.223567858015258,93,93,False
2297ed5ecde88457bebc52d4,Bundesliga,2024/2025,DEVELOPMENT,2025-05-10,16:00,MATCH_KICKOFF_TIME_TIMEZONE_NOT_STATED_BY_SOURCE,,NOT_VERIFIED_DO_NOT_INFER,Altach,Grazer AK,2,2,D,EVALUATION_ONLY_JOIN_AFTER_PREMATCH_FEATURE_FREEZE,2.11,3.25,3.56,EXTERNAL_HISTORICAL_MARKET_BENCHMARK,NOT_AVAILABLE,NOT_GOLDBET,46d5f065e8fc16327f5a1c15e925e81adedb561304027cc4909d56c52d8f46d8,1408.7290033435802,1426.2845300118424,-17.555526668262246,-0.3999999999999999,0.2,0.7999999999999999,-2.2820564968492363,93,29,False
a8d88b08c6da660ea4a36581,Bundesliga,2024/2025,DEVELOPMENT,2025-05-10,16:00,MATCH_KICKOFF_TIME_TIMEZONE_NOT_STATED_BY_SOURCE,,NOT_VERIFIED_DO_NOT_INFER,LASK,Hartberg,0,0,D,EVALUATION_ONLY_JOIN_AFTER_PREMATCH_FEATURE_FREEZE,1.75,3.83,4.34,EXTERNAL_HISTORICAL_MARKET_BENCHMARK,NOT_AVAILABLE,NOT_GOLDBET,9ff3a71d48f674b808e8ec2d4209ee5e278a0c6b5e67984f183ea5a82e0bb190,1576.606516291236,1489.4967709743814,87.10974531685451,1.4,1.9999999999999998,1.4,-6.627357626025741,93,93,False
97e9c998a287f0198b8c3d71,Bundesliga,2024/2025,DEVELOPMENT,2025-05-11,13:30,MATCH_KICKOFF_TIME_TIMEZONE_NOT_STATED_BY_SOURCE,,NOT_VERIFIED_DO_NOT_INFER,Wolfsberger AC,BW Linz,2,0,H,EVALUATION_ONLY_JOIN_AFTER_PREMATCH_FEATURE_FREEZE,1.62,3.92,5.29,EXTERNAL_HISTORICAL_MARKET_BENCHMARK,NOT_AVAILABLE,NOT_GOLDBET,1b069124cf7f4f54789b994751914a822ef35d437f5a0a288bebbab8f18886fd,1573.3444109561285,1473.3066683788497,100.03774257727878,1.8,2.0,1.2,-17.743916488376726,93,61,False
97c26a77371b13b87ec759ff,Bundesliga,2024/2025,DEVELOPMENT,2025-05-11,16:00,MATCH_KICKOFF_TIME_TIMEZONE_NOT_STATED_BY_SOURCE,,NOT_VERIFIED_DO_NOT_INFER,Austria Vienna,SK Rapid,1,2,A,EVALUATION_ONLY_JOIN_AFTER_PREMATCH_FEATURE_FREEZE,2.06,3.55,3.39,EXTERNAL_HISTORICAL_MARKET_BENCHMARK,NOT_AVAILABLE,NOT_GOLDBET,7bf10b0b788c4b0131a0c34eebb1b20e8d61d650aa17700eb24147d36f6e96ac,1582.7607468374447,1487.4140736958423,95.34667314160242,0.3999999999999999,0.0,1.4,58.62357512852395,93,93,False
75503545b952bcb3769528a6,Bundesliga,2024/2025,DEVELOPMENT,2025-05-17,16:00,MATCH_KICKOFF_TIME_TIMEZONE_NOT_STATED_BY_SOURCE,,NOT_VERIFIED_DO_NOT_INFER,Altach,A. Klagenfurt,0,0,D,EVALUATION_ONLY_JOIN_AFTER_PREMATCH_FEATURE_FREEZE,1.62,3.99,5.22,EXTERNAL_HISTORICAL_MARKET_BENCHMARK,NOT_AVAILABLE,NOT_GOLDBET,e6da3e99b7108fb051b1a91e0ac04bf99b9dea881c95b70f6910a4588fb738f7,1407.5133945569328,1412.9577339905914,-5.44433943365857,0.6,2.4,0.3999999999999999,-31.789671514642578,94,94,False
d4c8a0a5c6bbe69631f951ca,Bundesliga,2024/2025,DEVELOPMENT,2025-05-17,16:00,MATCH_KICKOFF_TIME_TIMEZONE_NOT_STATED_BY_SOURCE,,NOT_VERIFIED_DO_NOT_INFER,Grazer AK,LASK,1,0,H,EVALUATION_ONLY_JOIN_AFTER_PREMATCH_FEATURE_FREEZE,3.42,3.6,2.02,EXTERNAL_HISTORICAL_MARKET_BENCHMARK,NOT_AVAILABLE,NOT_GOLDBET,bb9aacaf7e0d6d0fdd8a0cdeeb6e2c46eb9a786233e1a981d66f3956729720db,1427.5001387984898,1572.6084740680205,-145.1083352695307,-1.8,-3.2,-1.4,6.336004355618343,30,94,False
bc62eaf772ba4a6e425b0589,Bundesliga,2024/2025,DEVELOPMENT,2025-05-17,16:00,MATCH_KICKOFF_TIME_TIMEZONE_NOT_STATED_BY_SOURCE,,NOT_VERIFIED_DO_NOT_INFER,Hartberg,Tirol,3,2,H,EVALUATION_ONLY_JOIN_AFTER_PREMATCH_FEATURE_FREEZE,1.79,3.71,4.27,EXTERNAL_HISTORICAL_MARKET_BENCHMARK,NOT_AVAILABLE,NOT_GOLDBET,d77e71209444992711cfb635ff8aca4d719afe83691b1d0cfdfc57001bf6bbf1,1493.4948131975968,1424.9121411603521,68.58267203724472,0.6000000000000001,1.6,0.5999999999999999,-19.857769627323933,94,94,False
1e22bd4d5c75f5ee8ff0ed0e,Bundesliga,2024/2025,DEVELOPMENT,2025-05-18,16:00,MATCH_KICKOFF_TIME_TIMEZONE_NOT_STATED_BY_SOURCE,,NOT_VERIFIED_DO_NOT_INFER,BW Linz,Salzburg,1,2,A,EVALUATION_ONLY_JOIN_AFTER_PREMATCH_FEATURE_FREEZE,5.69,4.6,1.5,EXTERNAL_HISTORICAL_MARKET_BENCHMARK,NOT_AVAILABLE,NOT_GOLDBET,800252f508d30d53a5e6cfd72f8dab17e3c1e733ddc16188926765aef1a634d6,1467.61260834428,1587.6465024777478,-120.03389413346781,-0.5999999999999999,-1.0,-0.19999999999999996,-14.425235188021134,62,94,False
dd798898d714be0f267a276a,Bundesliga,2024/2025,DEVELOPMENT,2025-05-18,16:00,MATCH_KICKOFF_TIME_TIMEZONE_NOT_STATED_BY_SOURCE,,NOT_VERIFIED_DO_NOT_INFER,SK Rapid,Sturm Graz,3,1,H,EVALUATION_ONLY_JOIN_AFTER_PREMATCH_FEATURE_FREEZE,3.17,3.65,2.12,EXTERNAL_HISTORICAL_MARKET_BENCHMARK,NOT_AVAILABLE,NOT_GOLDBET,1c81e1624af9d901b7c156188cd5fa1ed6aaec3d0bb20964e95ba45d9ef35e79,1501.6093915966107,1626.8372519465643,-125.22786034995352,-1.0,-1.6,-0.6000000000000001,-11.705672111204876,94,94,False
d8be47319e2d589bb3ef2e95,Bundesliga,2024/2025,DEVELOPMENT,2025-05-18,16:00,MATCH_KICKOFF_TIME_TIMEZONE_NOT_STATED_BY_SOURCE,,NOT_VERIFIED_DO_NOT_INFER,Wolfsberger AC,Austria Vienna,1,2,A,EVALUATION_ONLY_JOIN_AFTER_PREMATCH_FEATURE_FREEZE,2.49,3.28,2.84,EXTERNAL_HISTORICAL_MARKET_BENCHMARK,NOT_AVAILABLE,NOT_GOLDBET,8d5103968ef92ce2c9c14b6673bbe1106b204a46bc3a6edeec6e469dd3d23f37,1579.0384709906982,1568.5654289366762,10.473042054022017,1.4000000000000001,2.2,0.19999999999999996,-47.58582588667741,94,94,False
fe837c032ff8204d3fab021e,Bundesliga,2024/2025,DEVELOPMENT,2025-05-23,18:30,MATCH_KICKOFF_TIME_TIMEZONE_NOT_STATED_BY_SOURCE,,NOT_VERIFIED_DO_NOT_INFER,A. Klagenfurt,Hartberg,0,1,A,EVALUATION_ONLY_JOIN_AFTER_PREMATCH_FEATURE_FREEZE,2.26,3.6,2.93,EXTERNAL_HISTORICAL_MARKET_BENCHMARK,NOT_AVAILABLE,NOT_GOLDBET,1f1df84cdae39e4fae6176ddf3c2ea2294c9d17f284fab9a2eaa429991815f86,1414.5151926351743,1499.9541029311533,-85.43891029597899,-1.8000000000000003,-3.5999999999999996,-1.2000000000000002,18.3651218246016,95,95,False
48871769fb1300bdc0b07627,Bundesliga,2024/2025,DEVELOPMENT,2025-05-23,18:30,MATCH_KICKOFF_TIME_TIMEZONE_NOT_STATED_BY_SOURCE,,NOT_VERIFIED_DO_NOT_INFER,LASK,Altach,0,0,D,EVALUATION_ONLY_JOIN_AFTER_PREMATCH_FEATURE_FREEZE,2.9,3.55,2.3,EXTERNAL_HISTORICAL_MARKET_BENCHMARK,NOT_AVAILABLE,NOT_GOLDBET,59bf46bdf70bb9c5de4d2c580ea0052b447d6d63b0d735ee8e16b1d71dacb54c,1560.2067083966658,1405.9559359123498,154.25077248431603,1.0,2.0,1.8,5.795312659548017,95,95,False
da24f5607d2a8705a5ca5dd6,Bundesliga,2024/2025,DEVELOPMENT,2025-05-23,18:30,MATCH_KICKOFF_TIME_TIMEZONE_NOT_STATED_BY_SOURCE,,NOT_VERIFIED_DO_NOT_INFER,Tirol,Grazer AK,1,1,D,EVALUATION_ONLY_JOIN_AFTER_PREMATCH_FEATURE_FREEZE,3.18,2.82,2.49,EXTERNAL_HISTORICAL_MARKET_BENCHMARK,NOT_AVAILABLE,NOT_GOLDBET,99f887e84cdfd88ad4d83b0ec969066ce3c1ae9ae3153f76e260e37ecb02defe,1418.4528514267956,1439.9019044698446,-21.449053043048934,0.0,0.0,0.6,-11.691139508686092,95,31,False
9b051751f542a5d7a8f6afd5,Bundesliga,2024/2025,DEVELOPMENT,2025-05-24,16:00,MATCH_KICKOFF_TIME_TIMEZONE_NOT_STATED_BY_SOURCE,,NOT_VERIFIED_DO_NOT_INFER,Austria Vienna,BW Linz,2,2,D,EVALUATION_ONLY_JOIN_AFTER_PREMATCH_FEATURE_FREEZE,1.31,5.24,9.44,EXTERNAL_HISTORICAL_MARKET_BENCHMARK,NOT_AVAILABLE,NOT_GOLDBET,6c95e9805b542372f7c8408b58de1999ab6873eb834eca83a146a0f7a9b6a10f,1580.5664385096172,1459.3235289282743,121.24290958134293,1.0,0.6,0.5999999999999999,26.239142012576167,95,63,False
6a23a262d3ab6edfce412fe8,Bundesliga,2024/2025,DEVELOPMENT,2025-05-24,16:00,MATCH_KICKOFF_TIME_TIMEZONE_NOT_STATED_BY_SOURCE,,NOT_VERIFIED_DO_NOT_INFER,Salzburg,SK Rapid,4,2,H,EVALUATION_ONLY_JOIN_AFTER_PREMATCH_FEATURE_FREEZE,1.47,4.9,5.65,EXTERNAL_HISTORICAL_MARKET_BENCHMARK,NOT_AVAILABLE,NOT_GOLDBET,3cb56e2a15de920afa99b5f4d046a2eff693ebe26bf605afeb1894fc33464c49,1595.9355818937536,1513.4650494917164,82.47053240203718,0.0,-0.2,1.4,12.244675916811957,95,95,False
079ebebfaa1f18b160b2e66e,Bundesliga,2024/2025,DEVELOPMENT,2025-05-24,16:00,MATCH_KICKOFF_TIME_TIMEZONE_NOT_STATED_BY_SOURCE,,NOT_VERIFIED_DO_NOT_INFER,Sturm Graz,Wolfsberger AC,1,1,D,EVALUATION_ONLY_JOIN_AFTER_PREMATCH_FEATURE_FREEZE,1.89,3.52,4.08,EXTERNAL_HISTORICAL_MARKET_BENCHMARK,NOT_AVAILABLE,NOT_GOLDBET,b225b0e3ce046949a62bb9002f411398b6ff18e8a4c7b455c6390723f0a087c2,1614.9815940514586,1567.0374614177572,47.94413263370143,-0.8,-0.8,0.7999999999999998,-2.077717287253563,95,95,False
f2b8a8e7ab0c946c993958a1,Bundesliga,2025/2026,HOLDOUT,2025-08-01,19:30,MATCH_KICKOFF_TIME_TIMEZONE_NOT_STATED_BY_SOURCE,,NOT_VERIFIED_DO_NOT_INFER,LASK,Sturm Graz,0,2,A,EVALUATION_ONLY_JOIN_AFTER_PREMATCH_FEATURE_FREEZE,2.37,3.44,2.71,EXTERNAL_HISTORICAL_MARKET_BENCHMARK,NOT_AVAILABLE,NOT_GOLDBET,55429f1515e531a7b51a50917cc4910c1c4b9bbedf475f4ac3f5439397e8dbd3,1527.3593514539448,1555.9854818336635,-28.62613037971869,0.20000000000000018,1.4,0.8000000000000003,-110.41989107946847,96,96,False
ec71ee97b085aa94a7cd3a6c,Bundesliga,2025/2026,HOLDOUT,2025-08-02,16:00,MATCH_KICKOFF_TIME_TIMEZONE_NOT_STATED_BY_SOURCE,,NOT_VERIFIED_DO_NOT_INFER,Tirol,Hartberg,4,2,H,EVALUATION_ONLY_JOIN_AFTER_PREMATCH_FEATURE_FREEZE,2.24,3.26,3.07,EXTERNAL_HISTORICAL_MARKET_BENCHMARK,NOT_AVAILABLE,NOT_GOLDBET,18d5f97acc30419e2f30b122da3699aa28e14363c6802499c3a0ef70981f1c84,1458.6738986646906,1504.6116089343286,-45.937710269638046,-1.4000000000000001,-1.4,-0.8000000000000003,15.552970614418882,96,96,False
0b7e0b5dd56bc26be565cdbb,Bundesliga,2025/2026,HOLDOUT,2025-08-02,16:00,MATCH_KICKOFF_TIME_TIMEZONE_NOT_STATED_BY_SOURCE,,NOT_VERIFIED_DO_NOT_INFER,Wolfsberger AC,Altach,0,2,A,EVALUATION_ONLY_JOIN_AFTER_PREMATCH_FEATURE_FREEZE,2.06,3.34,3.37,EXTERNAL_HISTORICAL_MARKET_BENCHMARK,NOT_AVAILABLE,NOT_GOLDBET,8600edc0cf6ff7f2d7efa0d4dbaf1adc15f00396d0959a4dde215d6c8ad35f81,1535.0240459009444,1455.721970700563,79.30207520038152,0.8,0.39999999999999997,1.2,87.7344601885286,96,96,False
1ef41ade10d9a0f4acf4d84b,Bundesliga,2025/2026,HOLDOUT,2025-08-02,18:30,MATCH_KICKOFF_TIME_TIMEZONE_NOT_STATED_BY_SOURCE,,NOT_VERIFIED_DO_NOT_INFER,Ried,Salzburg,2,2,D,EVALUATION_ONLY_JOIN_AFTER_PREMATCH_FEATURE_FREEZE,4.95,3.72,1.64,EXTERNAL_HISTORICAL_MARKET_BENCHMARK,NOT_AVAILABLE,NOT_GOLDBET,ddcd101d9192778f551d74b463e7a4a2ae6b31930f42669b29475c3d3e62ad5f,1487.5707981637106,1551.0251594307733,-63.45436126706272,-1.4,-1.2000000000000002,-1.4,-88.23990060094752,32,96,False
5a63c533ef53e263ec6d4d21,Bundesliga,2025/2026,HOLDOUT,2025-08-03,16:00,MATCH_KICKOFF_TIME_TIMEZONE_NOT_STATED_BY_SOURCE,,NOT_VERIFIED_DO_NOT_INFER,Grazer AK,Austria Vienna,2,2,D,EVALUATION_ONLY_JOIN_AFTER_PREMATCH_FEATURE_FREEZE,3.97,3.62,1.8,EXTERNAL_HISTORICAL_MARKET_BENCHMARK,NOT_AVAILABLE,NOT_GOLDBET,463c29c754d6a7df69548e36ed15ea040e3eac08f4b085c5a26e437ed12a4ca4,1470.5034792836295,1537.8883220610708,-67.38484277744124,0.0,0.4,-0.19999999999999996,-85.49262587147291,32,96,False
d3912ddcbc7fe1d2923b4fc3,Bundesliga,2025/2026,HOLDOUT,2025-08-03,16:00,MATCH_KICKOFF_TIME_TIMEZONE_NOT_STATED_BY_SOURCE,,NOT_VERIFIED_DO_NOT_INFER,SK Rapid,BW Linz,1,0,H,EVALUATION_ONLY_JOIN_AFTER_PREMATCH_FEATURE_FREEZE,1.81,3.6,4.01,EXTERNAL_HISTORICAL_MARKET_BENCHMARK,NOT_AVAILABLE,NOT_GOLDBET,faaafadec8fe97318e0a85d87da621cedd77038007fb23978b9f4da76e0c3bde,1503.6751562619618,1482.0566616578749,21.61849460408689,0.9999999999999999,0.8,0.9999999999999999,-0.830181616287291,96,64,False
8dcdfab323fe90aecdad80b2,Bundesliga,2025/2026,HOLDOUT,2025-08-09,16:00,MATCH_KICKOFF_TIME_TIMEZONE_NOT_STATED_BY_SOURCE,,NOT_VERIFIED_DO_NOT_INFER,Altach,Ried,1,0,H,EVALUATION_ONLY_JOIN_AFTER_PREMATCH_FEATURE_FREEZE,2.16,2.84,3.74,EXTERNAL_HISTORICAL_MARKET_BENCHMARK,NOT_AVAILABLE,NOT_GOLDBET,0c97fe43cf17c3cb049a5fed74d0c20722bce8711f211eb1017c22d9b9f98398,1469.5295312537426,1487.6702193972171,-18.140688143474563,0.7999999999999999,0.8,0.6,12.905369573943062,97,33,False
3d7578299629276d85e49988,Bundesliga,2025/2026,HOLDOUT,2025-08-09,16:00,MATCH_KICKOFF_TIME_TIMEZONE_NOT_STATED_BY_SOURCE,,NOT_VERIFIED_DO_NOT_INFER,BW Linz,Hartberg,0,1,A,EVALUATION_ONLY_JOIN_AFTER_PREMATCH_FEATURE_FREEZE,1.7,3.64,4.63,EXTERNAL_HISTORICAL_MARKET_BENCHMARK,NOT_AVAILABLE,NOT_GOLDBET,3311d93b769b24d13c84f4f1c415c90a1f3def6bcec116b42b21852593939d0e,1474.3635501307626,1495.0161332967575,-20.652583165994884,-1.8,-1.4,-1.0,113.30167253326363,65,97,False
884f136716d602f54fdd9f79,Bundesliga,2025/2026,HOLDOUT,2025-08-09,18:30,MATCH_KICKOFF_TIME_TIMEZONE_NOT_STATED_BY_SOURCE,,NOT_VERIFIED_DO_NOT_INFER,Salzburg,Grazer AK,5,0,H,EVALUATION_ONLY_JOIN_AFTER_PREMATCH_FEATURE_FREEZE,1.4,4.67,6.67,EXTERNAL_HISTORICAL_MARKET_BENCHMARK,NOT_AVAILABLE,NOT_GOLDBET,db77862e001bea7d9c62aeca24b296ed51939b280285b5a207080de000e177e5,1550.9257381972668,1470.716000141028,80.20973805623885,0.6000000000000001,0.39999999999999997,1.2,63.638420454544985,97,33,False
140a0fed49072a8bf8b23e93,Bundesliga,2025/2026,HOLDOUT,2025-08-10,16:00,MATCH_KICKOFF_TIME_TIMEZONE_NOT_STATED_BY_SOURCE,,NOT_VERIFIED_DO_NOT_INFER,Austria Vienna,Wolfsberger AC,0,2,A,EVALUATION_ONLY_JOIN_AFTER_PREMATCH_FEATURE_FREEZE,1.99,3.53,3.36,EXTERNAL_HISTORICAL_MARKET_BENCHMARK,NOT_AVAILABLE,NOT_GOLDBET,494bd21efe0ac150e111679b9c7e0d535fec11e864b8a5527d61322b009f53a0,1537.6758012036723,1521.2164853477648,16.459315855907562,-0.3999999999999999,-0.4,-0.8,-5.332588333985768,97,97,False
8eb131fccdea1e1567f010be,Bundesliga,2025/2026,HOLDOUT,2025-08-10,16:00,MATCH_KICKOFF_TIME_TIMEZONE_NOT_STATED_BY_SOURCE,,NOT_VERIFIED_DO_NOT_INFER,Sturm Graz,SK Rapid,1,2,A,EVALUATION_ONLY_JOIN_AFTER_PREMATCH_FEATURE_FREEZE,2.13,3.49,3.09,EXTERNAL_HISTORICAL_MARKET_BENCHMARK,NOT_AVAILABLE,NOT_GOLDBET,7843ee36d495fc4c1102c8d77d3a597ada503a90e1c6b11b12e115bab0c7b06a,1566.88604788592,1511.368267789074,55.51778009684608,0.19999999999999996,0.39999999999999997,1.4,-35.702095135455465,97,97,False
a67086580c9cd9fe68d47aba,Bundesliga,2025/2026,HOLDOUT,2025-08-10,16:00,MATCH_KICKOFF_TIME_TIMEZONE_NOT_STATED_BY_SOURCE,,NOT_VERIFIED_DO_NOT_INFER,Tirol,LASK,3,1,H,EVALUATION_ONLY_JOIN_AFTER_PREMATCH_FEATURE_FREEZE,3.33,3.55,2.01,EXTERNAL_HISTORICAL_MARKET_BENCHMARK,NOT_AVAILABLE,NOT_GOLDBET,97b6228985395402c1ad2490870410ed6bb0ba882cbc65f9329ee1a2f72fccc9,1468.2693743022617,1516.4587854016881,-48.18941109942648,0.3999999999999999,0.6000000000000001,-0.3999999999999999,26.563248099307884,97,97,False
b1253ecbee5276afffd9bd0e,Bundesliga,2025/2026,HOLDOUT,2025-08-16,16:00,MATCH_KICKOFF_TIME_TIMEZONE_NOT_STATED_BY_SOURCE,,NOT_VERIFIED_DO_NOT_INFER,Grazer AK,Tirol,1,1,D,EVALUATION_ONLY_JOIN_AFTER_PREMATCH_FEATURE_FREEZE,2.58,3.39,2.52,EXTERNAL_HISTORICAL_MARKET_BENCHMARK,NOT_AVAILABLE,NOT_GOLDBET,39b1002abe40be54a0c03ed2c24a4b19c64cb7098fc91cc5a17be9cab5a99458,1464.54587565972,1477.9295691069412,-13.383693447221276,-0.8,-2.0,0.8,21.826506159142355,34,98,False
d34521601832d43443f3d3ec,Bundesliga,2025/2026,HOLDOUT,2025-08-16,16:00,MATCH_KICKOFF_TIME_TIMEZONE_NOT_STATED_BY_SOURCE,,NOT_VERIFIED_DO_NOT_INFER,Hartberg,Salzburg,1,2,A,EVALUATION_ONLY_JOIN_AFTER_PREMATCH_FEATURE_FREEZE,6.58,4.58,1.41,EXTERNAL_HISTORICAL_MARKET_BENCHMARK,NOT_AVAILABLE,NOT_GOLDBET,34a48498a15fe956a8bcdccb714218305855023b82d9bebd5460bebdbbf4f7da,1506.1438259272452,1557.0958626785748,-50.952036751329615,0.0,-1.0,0.0,-41.900039812932846,98,98,False
e8306ae15900ebf6cd7fb52e,Bundesliga,2025/2026,HOLDOUT,2025-08-16,18:30,MATCH_KICKOFF_TIME_TIMEZONE_NOT_STATED_BY_SOURCE,,NOT_VERIFIED_DO_NOT_INFER,Ried,Sturm Graz,1,3,A,EVALUATION_ONLY_JOIN_AFTER_PREMATCH_FEATURE_FREEZE,3.97,3.76,1.78,EXTERNAL_HISTORICAL_MARKET_BENCHMARK,NOT_AVAILABLE,NOT_GOLDBET,702501df1bd44a36807f548eacafb249c3285844e7fb30cfabb69aa6d8babfb8,1478.8692313799424,1553.6785119638284,-74.809280583886,-1.2,-1.2,-1.2000000000000002,-67.90446618756187,34,98,False
6370821d05ebd254d67ce3b9,Bundesliga,2025/2026,HOLDOUT,2025-08-17,16:00,MATCH_KICKOFF_TIME_TIMEZONE_NOT_STATED_BY_SOURCE,,NOT_VERIFIED_DO_NOT_INFER,LASK,Austria Vienna,2,1,H,EVALUATION_ONLY_JOIN_AFTER_PREMATCH_FEATURE_FREEZE,2.5,3.52,2.52,EXTERNAL_HISTORICAL_MARKET_BENCHMARK,NOT_AVAILABLE,NOT_GOLDBET,95cca55f0ac498d84cd457071d59929155506644544fda1e6301f6e26e1c4f5f,1506.7985905970086,1525.5099762782559,-18.711385681247293,-0.6,-0.6,0.20000000000000018,-34.057667285012485,98,98,False
b2a7b30d868631cb7abef9a9,Bundesliga,2025/2026,HOLDOUT,2025-08-17,16:00,MATCH_KICKOFF_TIME_TIMEZONE_NOT_STATED_BY_SOURCE,,NOT_VERIFIED_DO_NOT_INFER,SK Rapid,Altach,0,0,D,EVALUATION_ONLY_JOIN_AFTER_PREMATCH_FEATURE_FREEZE,1.8,3.57,4.08,EXTERNAL_HISTORICAL_MARKET_BENCHMARK,NOT_AVAILABLE,NOT_GOLDBET,5229acae7d75dc97565c7ae522a396eaf7d406a0025d21dd0afd57a66d15ae4b,1524.5758037111657,1478.3305192710172,46.24528444014845,0.5999999999999999,0.0,1.2,86.46661050485932,98,98,False
072e9f0b431c0f6bd2d6519f,Bundesliga,2025/2026,HOLDOUT,2025-08-17,16:00,MATCH_KICKOFF_TIME_TIMEZONE_NOT_STATED_BY_SOURCE,,NOT_VERIFIED_DO_NOT_INFER,Wolfsberger AC,BW Linz,3,0,H,EVALUATION_ONLY_JOIN_AFTER_PREMATCH_FEATURE_FREEZE,1.92,3.45,3.71,EXTERNAL_HISTORICAL_MARKET_BENCHMARK,NOT_AVAILABLE,NOT_GOLDBET,1e5b301b4d4d934a0a4c863df7ef069996d8dcd2fa978b90974d727fb663a2d5,1533.3823102731812,1463.235857500275,70.14645277290629,1.2,1.2,1.4,-17.999435646198663,98,66,False
a52696b1200e77530e8882a3,Bundesliga,2025/2026,HOLDOUT,2025-08-23,16:00,MATCH_KICKOFF_TIME_TIMEZONE_NOT_STATED_BY_SOURCE,,NOT_VERIFIED_DO_NOT_INFER,BW Linz,Ried,0,2,A,EVALUATION_ONLY_JOIN_AFTER_PREMATCH_FEATURE_FREEZE,2.46,3.16,2.81,EXTERNAL_HISTORICAL_MARKET_BENCHMARK,NOT_AVAILABLE,NOT_GOLDBET,a9a042b796d92c0d6dae60c0aa75b36b69ef016303b192abac09a2f89056271d,1456.8158714527976,1469.2952187848427,-12.479347332045108,0.0,0.0,0.0,39.813526294179155,67,35,False
4e46d97386cc7d3763127747,Bundesliga,2025/2026,HOLDOUT,2025-08-23,16:00,MATCH_KICKOFF_TIME_TIMEZONE_NOT_STATED_BY_SOURCE,,NOT_VERIFIED_DO_NOT_INFER,Salzburg,LASK,3,0,H,EVALUATION_ONLY_JOIN_AFTER_PREMATCH_FEATURE_FREEZE,1.57,4.19,4.88,EXTERNAL_HISTORICAL_MARKET_BENCHMARK,NOT_AVAILABLE,NOT_GOLDBET,7a75a2853111c6ec4edbff47b3dc1db23251719a023a2287e3a09745f95e5b02,1567.356225138832,1515.6157716394728,51.74045349935932,1.8,2.6,0.19999999999999996,12.457474988591684,99,99,False
f8d91f9d569008527fbdbdff,Bundesliga,2025/2026,HOLDOUT,2025-08-24,16:00,MATCH_KICKOFF_TIME_TIMEZONE_NOT_STATED_BY_SOURCE,,NOT_VERIFIED_DO_NOT_INFER,Altach,Grazer AK,1,1,D,EVALUATION_ONLY_JOIN_AFTER_PREMATCH_FEATURE_FREEZE,1.85,3.37,4.13,EXTERNAL_HISTORICAL_MARKET_BENCHMARK,NOT_AVAILABLE,NOT_GOLDBET,0590e0b5d1e6b164613473fdba88b3d755b628024b38f9ad39f1790da0f36b77,1481.2966196288444,1463.2121443085073,18.084475320337106,0.6000000000000001,1.4,1.0,-7.474088692702026,99,35,False
ff74ff7277b159aad3f7df8c,Bundesliga,2025/2026,HOLDOUT,2025-08-24,16:00,MATCH_KICKOFF_TIME_TIMEZONE_NOT_STATED_BY_SOURCE,,NOT_VERIFIED_DO_NOT_INFER,Austria Vienna,Hartberg,1,3,A,EVALUATION_ONLY_JOIN_AFTER_PREMATCH_FEATURE_FREEZE,1.63,3.88,4.83,EXTERNAL_HISTORICAL_MARKET_BENCHMARK,NOT_AVAILABLE,NOT_GOLDBET,3e3a114925bcb8b339ab528e059b9688b9fc7286e70e96f7e0d675f3bf9afe7a,1516.6927952357917,1495.883463466988,20.80933176880376,-0.8,-0.4,-1.2,41.46398197556391,99,99,False
d2323ec13d2883cd48e0926f,Bundesliga,2025/2026,HOLDOUT,2025-08-24,16:00,MATCH_KICKOFF_TIME_TIMEZONE_NOT_STATED_BY_SOURCE,,NOT_VERIFIED_DO_NOT_INFER,Wolfsberger AC,SK Rapid,1,2,A,EVALUATION_ONLY_JOIN_AFTER_PREMATCH_FEATURE_FREEZE,2.56,3.42,2.52,EXTERNAL_HISTORICAL_MARKET_BENCHMARK,NOT_AVAILABLE,NOT_GOLDBET,75a95a3eaf9f91b3ea1c99488056f68dfde31cf5eb65f52d1b7efefdca6ff335,1539.8022963206586,1521.6097033533385,18.192592967320024,-0.6000000000000001,0.0,0.6000000000000001,-21.973082052497148,99,99,False
1af48c183a410f806855d9be,Bundesliga,2025/2026,HOLDOUT,2025-08-30,16:00,MATCH_KICKOFF_TIME_TIMEZONE_NOT_STATED_BY_SOURCE,,NOT_VERIFIED_DO_NOT_INFER,LASK,Ried,1,3,A,EVALUATION_ONLY_JOIN_AFTER_PREMATCH_FEATURE_FREEZE,1.99,3.48,3.44,EXTERNAL_HISTORICAL_MARKET_BENCHMARK,NOT_AVAILABLE,NOT_GOLDBET,5429a7b205c8fd33c416da48eb4c1091cda4dbb55aede4f48bfe5b3b00c53802,1508.7254353607507,1480.654507362283,28.070927998467596,0.0,-0.7999999999999999,0.6000000000000001,2.2097464699106695,100,36,False
87b65a0e8f6b97d2b15537f8,Bundesliga,2025/2026,HOLDOUT,2025-08-30,16:00,MATCH_KICKOFF_TIME_TIMEZONE_NOT_STATED_BY_SOURCE,,NOT_VERIFIED_DO_NOT_INFER,Salzburg,BW Linz,2,2,D,EVALUATION_ONLY_JOIN_AFTER_PREMATCH_FEATURE_FREEZE,1.28,5.44,8.89,EXTERNAL_HISTORICAL_MARKET_BENCHMARK,NOT_AVAILABLE,NOT_GOLDBET,69925a4c0c8b04c37b4bcbb050fb36f5d8aa6adbf8929edaf8c5e5eb9433ac4d,1574.2465614175542,1445.4565828753573,128.78997854219688,2.4,3.6,2.2,-17.684762352637563,100,68,False
c615e9a21ed3f0b6963d2c52,Bundesliga,2025/2026,HOLDOUT,2025-08-30,18:30,MATCH_KICKOFF_TIME_TIMEZONE_NOT_STATED_BY_SOURCE,,NOT_VERIFIED_DO_NOT_INFER,Grazer AK,Sturm Graz,0,3,A,EVALUATION_ONLY_JOIN_AFTER_PREMATCH_FEATURE_FREEZE,4.82,4.04,1.6,EXTERNAL_HISTORICAL_MARKET_BENCHMARK,NOT_AVAILABLE,NOT_GOLDBET,8de88e571f8c9826e7f3990e345d43105daf46affec1ca019afabc24ae1baf0f,1465.4225054792255,1563.2525245589281,-97.83001907970265,-0.5999999999999999,-1.2,-0.6000000000000001,-23.950120643282162,36,99,False
1d3b764577955239f2d19256,Bundesliga,2025/2026,HOLDOUT,2025-08-31,16:00,MATCH_KICKOFF_TIME_TIMEZONE_NOT_STATED_BY_SOURCE,,NOT_VERIFIED_DO_NOT_INFER,Austria Vienna,Altach,1,0,H,EVALUATION_ONLY_JOIN_AFTER_PREMATCH_FEATURE_FREEZE,1.84,3.46,4.02,EXTERNAL_HISTORICAL_MARKET_BENCHMARK,NOT_AVAILABLE,NOT_GOLDBET,c3013a11182c0d8d0404f427f10767d4929dd1ea693deb6393af60857244ef93,1504.4079687451485,1479.0862584581262,25.32171028702237,-1.4,-1.6,-0.19999999999999996,-23.392674818167052,100,100,False
392fa89d1c016d3de30a9bfc,Bundesliga,2025/2026,HOLDOUT,2025-08-31,16:00,MATCH_KICKOFF_TIME_TIMEZONE_NOT_STATED_BY_SOURCE,,NOT_VERIFIED_DO_NOT_INFER,Hartberg,SK Rapid,0,1,A,EVALUATION_ONLY_JOIN_AFTER_PREMATCH_FEATURE_FREEZE,3.96,3.64,1.8,EXTERNAL_HISTORICAL_MARKET_BENCHMARK,NOT_AVAILABLE,NOT_GOLDBET,c46914b4a6a01562ba9c850d49a242cc6f98a7322bf554d36fbab40905f906e0,1508.168289957631,1533.8230241595961,-25.654734201965084,-0.19999999999999996,0.0,-0.40000000000000013,-48.33396153684612,100,100,False
7360e4fef4ad63fa015c50e0,Bundesliga,2025/2026,HOLDOUT,2025-08-31,16:00,MATCH_KICKOFF_TIME_TIMEZONE_NOT_STATED_BY_SOURCE,,NOT_VERIFIED_DO_NOT_INFER,Tirol,Wolfsberger AC,1,1,D,EVALUATION_ONLY_JOIN_AFTER_PREMATCH_FEATURE_FREEZE,2.91,3.41,2.24,EXTERNAL_HISTORICAL_MARKET_BENCHMARK,NOT_AVAILABLE,NOT_GOLDBET,7a7bbbfa201db89607961e0d21d2be50a5ae7efbbea1c23c8f7954d134d0333c,1479.263300458154,1527.588975514401,-48.325675056247064,0.20000000000000018,0.19999999999999996,-0.20000000000000018,-34.8423878292258,99,100,False
9cd86ca33cbc128fd965bf1c,Bundesliga,2025/2026,HOLDOUT,2025-09-13,16:00,MATCH_KICKOFF_TIME_TIMEZONE_NOT_STATED_BY_SOURCE,,NOT_VERIFIED_DO_NOT_INFER,Altach,LASK,1,0,H,EVALUATION_ONLY_JOIN_AFTER_PREMATCH_FEATURE_FREEZE,2.25,3.22,3.06,EXTERNAL_HISTORICAL_MARKET_BENCHMARK,NOT_AVAILABLE,NOT_GOLDBET,6c9220b7bfafdbc55149fd6dcd793e2355e464cf6736d4922facf16539711053,1471.493810435071,1496.2434843757699,-24.749673940698813,1.0,2.0,0.6000000000000001,-16.577076570462395,101,101,False
ed7dddc0deec7df1fba27431,Bundesliga,2025/2026,HOLDOUT,2025-09-13,16:00,MATCH_KICKOFF_TIME_TIMEZONE_NOT_STATED_BY_SOURCE,,NOT_VERIFIED_DO_NOT_INFER,BW Linz,Grazer AK,3,0,H,EVALUATION_ONLY_JOIN_AFTER_PREMATCH_FEATURE_FREEZE,2.19,3.21,3.17,EXTERNAL_HISTORICAL_MARKET_BENCHMARK,NOT_AVAILABLE,NOT_GOLDBET,49a6ad2d255ebd990f22b9120ac905cd4c5bdaf2f78901b841db066e899a1fe1,1450.4120145668805,1456.507058320024,-6.0950437531435,-0.39999999999999997,0.20000000000000018,-0.20000000000000007,-7.135478703750778,69,37,False
fd9c0f74b6c0648b10ab3db2,Bundesliga,2025/2026,HOLDOUT,2025-09-13,16:00,MATCH_KICKOFF_TIME_TIMEZONE_NOT_STATED_BY_SOURCE,,NOT_VERIFIED_DO_NOT_INFER,Wolfsberger AC,Salzburg,3,1,H,EVALUATION_ONLY_JOIN_AFTER_PREMATCH_FEATURE_FREEZE,3.85,3.71,1.8,EXTERNAL_HISTORICAL_MARKET_BENCHMARK,NOT_AVAILABLE,NOT_GOLDBET,ac4447cb6baeea0959753f0a3dac3540f337922736a168e7a6433ef05e5117d5,1527.9248631943958,1569.291129726031,-41.36626653163512,-0.8000000000000003,-1.4,-0.19999999999999996,6.40073089383759,101,101,False
8cd5e005e90ae632d3e2e023,Bundesliga,2025/2026,HOLDOUT,2025-09-14,13:30,MATCH_KICKOFF_TIME_TIMEZONE_NOT_STATED_BY_SOURCE,,NOT_VERIFIED_DO_NOT_INFER,Ried,Hartberg,0,2,A,EVALUATION_ONLY_JOIN_AFTER_PREMATCH_FEATURE_FREEZE,2.22,3.61,2.78,EXTERNAL_HISTORICAL_MARKET_BENCHMARK,NOT_AVAILABLE,NOT_GOLDBET,3e9a4a104cd0f68797a469c73215409a3645b4a1bd3bc19a69dafcdec560b5f9,1493.136458347264,1497.182961212422,-4.046502865158118,0.19999999999999996,0.4,-1.6,-0.17492428150467276,37,101,False
d14eec105e2e6b6f66343c82,Bundesliga,2025/2026,HOLDOUT,2025-09-14,13:30,MATCH_KICKOFF_TIME_TIMEZONE_NOT_STATED_BY_SOURCE,,NOT_VERIFIED_DO_NOT_INFER,SK Rapid,Tirol,4,1,H,EVALUATION_ONLY_JOIN_AFTER_PREMATCH_FEATURE_FREEZE,1.5,4.23,5.33,EXTERNAL_HISTORICAL_MARKET_BENCHMARK,NOT_AVAILABLE,NOT_GOLDBET,8574a6980011818118321b358f568bccb32a225f078e6ff6a4a1a8b7ed0161fd,1544.8083529048051,1478.9274127781591,65.88094012664601,0.8,0.0,0.8,24.427333022623998,101,100,False
f7c048e3c88b01f995607540,Bundesliga,2025/2026,HOLDOUT,2025-09-14,16:00,MATCH_KICKOFF_TIME_TIMEZONE_NOT_STATED_BY_SOURCE,,NOT_VERIFIED_DO_NOT_INFER,Sturm Graz,Austria Vienna,0,1,A,EVALUATION_ONLY_JOIN_AFTER_PREMATCH_FEATURE_FREEZE,2.24,3.31,2.99,EXTERNAL_HISTORICAL_MARKET_BENCHMARK,NOT_AVAILABLE,NOT_GOLDBET,442e7fbe1785aecf9776a997cc0bdb35b42d440704fa6ede9ee803b8adc7e980,1572.1679717181296,1512.0004167682036,60.16755494992594,1.2,2.0,0.0,15.313708073285397,100,101,False
d973379a74d0bdce3272290c,Bundesliga,2025/2026,HOLDOUT,2025-09-20,16:00,MATCH_KICKOFF_TIME_TIMEZONE_NOT_STATED_BY_SOURCE,,NOT_VERIFIED_DO_NOT_INFER,Austria Vienna,Ried,3,2,H,EVALUATION_ONLY_JOIN_AFTER_PREMATCH_FEATURE_FREEZE,2.17,3.29,3.14,EXTERNAL_HISTORICAL_MARKET_BENCHMARK,NOT_AVAILABLE,NOT_GOLDBET,1806e50e3dddff45acfc34ba193082e684ae97aa34ba7fdf60eb139c43e39707,1525.3274947296086,1481.5397674492826,43.78772728032595,0.0,-0.39999999999999997,-0.5999999999999999,17.84409166889509,102,38,False
2ab2a76749c58e0f63ef20c2,Bundesliga,2025/2026,HOLDOUT,2025-09-20,16:00,MATCH_KICKOFF_TIME_TIMEZONE_NOT_STATED_BY_SOURCE,,NOT_VERIFIED_DO_NOT_INFER,Hartberg,Wolfsberger AC,2,2,D,EVALUATION_ONLY_JOIN_AFTER_PREMATCH_FEATURE_FREEZE,4.39,3.41,1.78,EXTERNAL_HISTORICAL_MARKET_BENCHMARK,NOT_AVAILABLE,NOT_GOLDBET,d0a36e1f1924ab7e2eecb9e7a5ccfb43a6d9fbe60d387f125238665dacac00c9,1508.7796521104033,1537.3890548697675,-28.60940275936423,-0.19999999999999996,-0.6,-0.40000000000000013,0.8071796621038629,102,102,False
d9bf9084be06215fb3cc50da,Bundesliga,2025/2026,HOLDOUT,2025-09-20,16:00,MATCH_KICKOFF_TIME_TIMEZONE_NOT_STATED_BY_SOURCE,,NOT_VERIFIED_DO_NOT_INFER,Salzburg,Sturm Graz,0,2,A,EVALUATION_ONLY_JOIN_AFTER_PREMATCH_FEATURE_FREEZE,1.87,3.62,3.56,EXTERNAL_HISTORICAL_MARKET_BENCHMARK,NOT_AVAILABLE,NOT_GOLDBET,55a78ce0c35c09e51d5aeeaac8f8e6fc323354f5fc44f756922fd0c7f9f95191,1559.8269380506592,1558.8408937567247,0.986044293934583,0.19999999999999996,0.3999999999999999,0.20000000000000018,-5.83254581857841,102,101,False
b7c9368fc1804a78c518344b,Bundesliga,2025/2026,HOLDOUT,2025-09-21,13:30,MATCH_KICKOFF_TIME_TIMEZONE_NOT_STATED_BY_SOURCE,,NOT_VERIFIED_DO_NOT_INFER,LASK,BW Linz,2,0,H,EVALUATION_ONLY_JOIN_AFTER_PREMATCH_FEATURE_FREEZE,1.85,3.61,3.75,EXTERNAL_HISTORICAL_MARKET_BENCHMARK,NOT_AVAILABLE,NOT_GOLDBET,39bd78b21c45a423b97460be101147c706d67f67e9e813e02dfa187ccaffc6c8,1487.2546032615594,1458.8728357091459,28.38176755241352,-0.20000000000000007,-0.7999999999999999,0.6,-3.0326777151312854,102,70,False
04790cb932068812ab3906a9,Bundesliga,2025/2026,HOLDOUT,2025-09-21,16:00,MATCH_KICKOFF_TIME_TIMEZONE_NOT_STATED_BY_SOURCE,,NOT_VERIFIED_DO_NOT_INFER,Altach,Tirol,1,1,D,EVALUATION_ONLY_JOIN_AFTER_PREMATCH_FEATURE_FREEZE,1.99,3.29,3.64,EXTERNAL_HISTORICAL_MARKET_BENCHMARK,NOT_AVAILABLE,NOT_GOLDBET,9ade21351a22c0435356ac09748bbba9785eea2c37ee172bfa18bcc0e44dc8ff,1480.4826915492815,1472.3999232930626,8.08276825621897,0.0,0.0,1.0,-16.380795575426873,102,101,False
99182696412f959cebc63ed1,Bundesliga,2025/2026,HOLDOUT,2025-09-21,16:00,MATCH_KICKOFF_TIME_TIMEZONE_NOT_STATED_BY_SOURCE,,NOT_VERIFIED_DO_NOT_INFER,Grazer AK,SK Rapid,1,1,D,EVALUATION_ONLY_JOIN_AFTER_PREMATCH_FEATURE_FREEZE,4.93,3.81,1.62,EXTERNAL_HISTORICAL_MARKET_BENCHMARK,NOT_AVAILABLE,NOT_GOLDBET,ca6fec46d54099d25bf5dbd11363ff06342082ea80efbc3bfc36b6789b8c9071,1448.0462371777587,1551.3358423899017,-103.28960521214299,-2.2,-3.4000000000000004,-1.2,-9.659620030904989,38,102,False
0f00ddd610e0836a966adfbe,Bundesliga,2025/2026,HOLDOUT,2025-09-27,16:00,MATCH_KICKOFF_TIME_TIMEZONE_NOT_STATED_BY_SOURCE,,NOT_VERIFIED_DO_NOT_INFER,BW Linz,Altach,1,0,H,EVALUATION_ONLY_JOIN_AFTER_PREMATCH_FEATURE_FREEZE,3.05,3.09,2.31,EXTERNAL_HISTORICAL_MARKET_BENCHMARK,NOT_AVAILABLE,NOT_GOLDBET,4e249cfa3f355b3bd0b9a08df35ba9d6b4ee90838456a73b28a88c947d9cd6da,1451.363180386787,1478.5478149014702,-27.18463451468324,-0.3999999999999999,-0.8,-0.4,11.96928552470149,71,103,False
32fb5dbb2e265ca68f851947,Bundesliga,2025/2026,HOLDOUT,2025-09-27,16:00,MATCH_KICKOFF_TIME_TIMEZONE_NOT_STATED_BY_SOURCE,,NOT_VERIFIED_DO_NOT_INFER,Ried,Grazer AK,0,0,D,EVALUATION_ONLY_JOIN_AFTER_PREMATCH_FEATURE_FREEZE,1.93,3.37,3.75,EXTERNAL_HISTORICAL_MARKET_BENCHMARK,NOT_AVAILABLE,NOT_GOLDBET,cae4b530b4d6d38a106c631914ea5a33e4dee8d98195c55228aaa949d9aee1ac,1474.4412220918512,1449.2858042342093,25.15541785764185,0.6,1.0,-0.39999999999999997,3.500740893582133,39,39,False
5290d8736e2e617186e1f87f,Bundesliga,2025/2026,HOLDOUT,2025-09-27,16:00,MATCH_KICKOFF_TIME_TIMEZONE_NOT_STATED_BY_SOURCE,,NOT_VERIFIED_DO_NOT_INFER,Wolfsberger AC,LASK,1,0,H,EVALUATION_ONLY_JOIN_AFTER_PREMATCH_FEATURE_FREEZE,2.1,3.44,3.15,EXTERNAL_HISTORICAL_MARKET_BENCHMARK,NOT_AVAILABLE,NOT_GOLDBET,076dcbc43b17d56813c7ce4c8c4b4a0d3e8a4c43337bdce081eb0ff61289f521,1538.290098474839,1494.7642585839183,43.52583989092068,0.40000000000000013,1.4,0.6,7.6584576449226915,103,103,False
9b30b8ea4358e20e40b4542a,Bundesliga,2025/2026,HOLDOUT,2025-09-28,13:30,MATCH_KICKOFF_TIME_TIMEZONE_NOT_STATED_BY_SOURCE,,NOT_VERIFIED_DO_NOT_INFER,Sturm Graz,Hartberg,1,0,H,EVALUATION_ONLY_JOIN_AFTER_PREMATCH_FEATURE_FREEZE,1.69,3.81,4.43,EXTERNAL_HISTORICAL_MARKET_BENCHMARK,NOT_AVAILABLE,NOT_GOLDBET,51eac64cde98522281f6a6516ddcb75c92a6e4316bb87493786c43cec7c7293f,1570.578404675936,1507.8786085053318,62.69979617060426,0.40000000000000013,0.6,-1.5999999999999999,-22.12996716477801,102,103,False
abc960c3edf6b6a58f1a1b49,Bundesliga,2025/2026,HOLDOUT,2025-09-28,13:30,MATCH_KICKOFF_TIME_TIMEZONE_NOT_STATED_BY_SOURCE,,NOT_VERIFIED_DO_NOT_INFER,Tirol,Salzburg,1,2,A,EVALUATION_ONLY_JOIN_AFTER_PREMATCH_FEATURE_FREEZE,4.77,4.16,1.58,EXTERNAL_HISTORICAL_MARKET_BENCHMARK,NOT_AVAILABLE,NOT_GOLDBET,8d53ed55ef1a58fb9b9650791cac6419bc8adc9b7954ef3de7f74a1f99e1f964,1474.3347999408738,1548.0894271314478,-73.75462719057396,-0.19999999999999996,-0.2,0.20000000000000018,-4.019451272660035,102,103,False
a7ffe2c385add1860ff97458,Bundesliga,2025/2026,HOLDOUT,2025-09-28,16:00,MATCH_KICKOFF_TIME_TIMEZONE_NOT_STATED_BY_SOURCE,,NOT_VERIFIED_DO_NOT_INFER,SK Rapid,Austria Vienna,1,3,A,EVALUATION_ONLY_JOIN_AFTER_PREMATCH_FEATURE_FREEZE,1.81,3.53,4.02,EXTERNAL_HISTORICAL_MARKET_BENCHMARK,NOT_AVAILABLE,NOT_GOLDBET,0092eb0aa9c7d41eac9c92190cdc9e262febea4254552c7a92fc9b9d05df49fa,1550.096275333451,1532.42604008704,17.67023524641104,0.40000000000000013,1.0,0.6000000000000001,-16.440259236862175,103,103,False
974d2c85b4aa5a13398aa496,Bundesliga,2025/2026,HOLDOUT,2025-10-04,16:00,MATCH_KICKOFF_TIME_TIMEZONE_NOT_STATED_BY_SOURCE,,NOT_VERIFIED_DO_NOT_INFER,Austria Vienna,BW Linz,0,1,A,EVALUATION_ONLY_JOIN_AFTER_PREMATCH_FEATURE_FREEZE,1.89,3.45,3.79,EXTERNAL_HISTORICAL_MARKET_BENCHMARK,NOT_AVAILABLE,NOT_GOLDBET,fc79e00ab6c53141ba8143200bc3bcd1cd9a1ff9c9b861b9b0eb1495b4eb2fb1,1544.6250579972527,1460.4214768436186,84.2035811536341,1.0,0.6,0.9999999999999999,22.584495948105314,104,72,False
88a21db934f853cec94e2d06,Bundesliga,2025/2026,HOLDOUT,2025-10-04,16:00,MATCH_KICKOFF_TIME_TIMEZONE_NOT_STATED_BY_SOURCE,,NOT_VERIFIED_DO_NOT_INFER,Grazer AK,Wolfsberger AC,1,3,A,EVALUATION_ONLY_JOIN_AFTER_PREMATCH_FEATURE_FREEZE,4.06,3.44,1.83,EXTERNAL_HISTORICAL_MARKET_BENCHMARK,NOT_AVAILABLE,NOT_GOLDBET,333f0913541bbf2dffef269733cc00231e3ebc62d915559fe5d5401e7f0a0d31,1451.6888468385212,1545.3955485072433,-93.70670166872219,-1.0,-1.6,-0.6000000000000001,-10.59396419908785,40,104,False
1153229d4b62b048df4141d5,Bundesliga,2025/2026,HOLDOUT,2025-10-04,16:00,MATCH_KICKOFF_TIME_TIMEZONE_NOT_STATED_BY_SOURCE,,NOT_VERIFIED_DO_NOT_INFER,Ried,Tirol,2,0,H,EVALUATION_ONLY_JOIN_AFTER_PREMATCH_FEATURE_FREEZE,2.07,3.3,3.33,EXTERNAL_HISTORICAL_MARKET_BENCHMARK,NOT_AVAILABLE,NOT_GOLDBET,ffd6a108d8c25dbf80176ab221b14999a1d422bb79d16de2ce1af75a04294a5a,1472.0381794875393,1464.7304832399009,7.307696247638432,0.7999999999999999,1.0,-0.6,-25.635551153973438,40,103,False
3a350ba4a64fe37f59ff9652,Bundesliga,2025/2026,HOLDOUT,2025-10-05,13:30,MATCH_KICKOFF_TIME_TIMEZONE_NOT_STATED_BY_SOURCE,,NOT_VERIFIED_DO_NOT_INFER,Altach,Sturm Graz,0,2,A,EVALUATION_ONLY_JOIN_AFTER_PREMATCH_FEATURE_FREEZE,2.92,3.23,2.3,EXTERNAL_HISTORICAL_MARKET_BENCHMARK,NOT_AVAILABLE,NOT_GOLDBET,b55b8a4aa3a8ef21c72b0d7db41f04645ad3e9049d1e73695a5eef981e7f0ee9,1469.4895184446386,1577.1866687173394,-107.69715027270081,-1.4,-1.5999999999999999,-0.5999999999999999,-27.27419981481762,104,103,False
42974f8c6825078fd5143ecd,Bundesliga,2025/2026,HOLDOUT,2025-10-05,13:30,MATCH_KICKOFF_TIME_TIMEZONE_NOT_STATED_BY_SOURCE,,NOT_VERIFIED_DO_NOT_INFER,LASK,Hartberg,3,3,D,EVALUATION_ONLY_JOIN_AFTER_PREMATCH_FEATURE_FREEZE,1.8,3.65,3.96,EXTERNAL_HISTORICAL_MARKET_BENCHMARK,NOT_AVAILABLE,NOT_GOLDBET,7a3137da9b832268e8b1eca141299c373c4dac812aa59bdef36c94373d4c2f06,1487.6588085515139,1501.2703444639285,-13.611535912414638,-0.7999999999999999,-1.4,-0.40000000000000013,-26.990452033636984,104,104,False
764d6e00e499024433642ea9,Bundesliga,2025/2026,HOLDOUT,2025-10-05,16:00,MATCH_KICKOFF_TIME_TIMEZONE_NOT_STATED_BY_SOURCE,,NOT_VERIFIED_DO_NOT_INFER,Salzburg,SK Rapid,2,1,H,EVALUATION_ONLY_JOIN_AFTER_PREMATCH_FEATURE_FREEZE,1.99,3.67,3.23,EXTERNAL_HISTORICAL_MARKET_BENCHMARK,NOT_AVAILABLE,NOT_GOLDBET,4314daf1b125302d07937085abbd9f8455a6da9975f762d3dc6ce86db383b211,1557.6937438324208,1537.8972574232384,19.796486409182307,-0.6000000000000001,-0.6,0.0,2.9605270171152824,104,104,False
88602d2dbc90b4ff6b9b9863,Bundesliga,2025/2026,HOLDOUT,2025-10-18,16:00,MATCH_KICKOFF_TIME_TIMEZONE_NOT_STATED_BY_SOURCE,,NOT_VERIFIED_DO_NOT_INFER,Grazer AK,Hartberg,0,0,D,EVALUATION_ONLY_JOIN_AFTER_PREMATCH_FEATURE_FREEZE,2.85,3.14,2.42,EXTERNAL_HISTORICAL_MARKET_BENCHMARK,NOT_AVAILABLE,NOT_GOLDBET,7068b65ae294dc8a683ac66d9310fd091476d0d550fc46b1c2e3e965fc378ed1,1442.6559713945676,1502.5976340726631,-59.941662678095554,-0.6,-1.6,-1.4,-7.549719697854698,41,105,False
82db6048a2e670f972ef5ed4,Bundesliga,2025/2026,HOLDOUT,2025-10-18,16:00,MATCH_KICKOFF_TIME_TIMEZONE_NOT_STATED_BY_SOURCE,,NOT_VERIFIED_DO_NOT_INFER,Tirol,Austria Vienna,2,3,A,EVALUATION_ONLY_JOIN_AFTER_PREMATCH_FEATURE_FREEZE,3.55,3.3,2,EXTERNAL_HISTORICAL_MARKET_BENCHMARK,NOT_AVAILABLE,NOT_GOLDBET,ec59eed3b7e922a9f23fc4bfb6bddf0231d17d9486c5fefee74001993bc650ac,1456.6438774539365,1530.6975257752406,-74.05364832130408,-2.0,-2.0,-0.3999999999999999,5.939175356973465,104,105,False
db5bfefd3536dbf9a8cb3502,Bundesliga,2025/2026,HOLDOUT,2025-10-18,16:00,MATCH_KICKOFF_TIME_TIMEZONE_NOT_STATED_BY_SOURCE,,NOT_VERIFIED_DO_NOT_INFER,Wolfsberger AC,Ried,1,2,A,EVALUATION_ONLY_JOIN_AFTER_PREMATCH_FEATURE_FREEZE,2,3.26,3.64,EXTERNAL_HISTORICAL_MARKET_BENCHMARK,NOT_AVAILABLE,NOT_GOLDBET,2906f79361b9a9dedb823b55a02f8df5b34a8d7e7f6920a9b87ae5aa418fadc7,1554.428423951197,1480.1247852735037,74.30363867769324,0.8000000000000003,0.8,0.6000000000000001,11.707001788027355,105,41,False
16ca127790ffd2403ce5e21f,Bundesliga,2025/2026,HOLDOUT,2025-10-19,13:30,MATCH_KICKOFF_TIME_TIMEZONE_NOT_STATED_BY_SOURCE,,NOT_VERIFIED_DO_NOT_INFER,BW Linz,Sturm Graz,3,4,A,EVALUATION_ONLY_JOIN_AFTER_PREMATCH_FEATURE_FREEZE,4.08,3.55,1.8,EXTERNAL_HISTORICAL_MARKET_BENCHMARK,NOT_AVAILABLE,NOT_GOLDBET,1e32bb7b35e0b1d0ec4003dff8ad4b2c4728fce5c2813640ac777be2651a32c1,1474.3490090656308,1585.8223943367652,-111.47338527113448,-0.3999999999999999,-0.7999999999999999,-1.8,5.312621729960256,73,104,False
061326f5c143ee94a5459da9,Bundesliga,2025/2026,HOLDOUT,2025-10-19,13:30,MATCH_KICKOFF_TIME_TIMEZONE_NOT_STATED_BY_SOURCE,,NOT_VERIFIED_DO_NOT_INFER,Salzburg,Altach,2,2,D,EVALUATION_ONLY_JOIN_AFTER_PREMATCH_FEATURE_FREEZE,1.65,3.9,4.48,EXTERNAL_HISTORICAL_MARKET_BENCHMARK,NOT_AVAILABLE,NOT_GOLDBET,8aae20ba36b1a6433c13b928d908284ae915185ee68d41298c22119824ea8078,1565.4365658501445,1460.8537928252126,104.58277302493184,0.5999999999999999,0.19999999999999996,1.0,8.57063433449639,105,105,False
a56b5617010e6dba39e02428,Bundesliga,2025/2026,HOLDOUT,2025-10-19,16:00,MATCH_KICKOFF_TIME_TIMEZONE_NOT_STATED_BY_SOURCE,,NOT_VERIFIED_DO_NOT_INFER,SK Rapid,LASK,0,2,A,EVALUATION_ONLY_JOIN_AFTER_PREMATCH_FEATURE_FREEZE,1.8,3.77,3.8,EXTERNAL_HISTORICAL_MARKET_BENCHMARK,NOT_AVAILABLE,NOT_GOLDBET,3de00183705df0e27fb076c629f35e0ecab63ae1d3fb9396582555cd65f65f2f,1530.1544354055147,1486.3315189427792,43.82291646273552,0.5999999999999999,0.6000000000000001,2.0,14.936025477548355,105,105,False
35389b65cca4de77310e516b,Bundesliga,2025/2026,HOLDOUT,2025-10-25,16:00,MATCH_KICKOFF_TIME_TIMEZONE_NOT_STATED_BY_SOURCE,,NOT_VERIFIED_DO_NOT_INFER,Altach,Hartberg,2,2,D,EVALUATION_ONLY_JOIN_AFTER_PREMATCH_FEATURE_FREEZE,2.07,3.12,3.61,EXTERNAL_HISTORICAL_MARKET_BENCHMARK,NOT_AVAILABLE,NOT_GOLDBET,e723f76a38fd0bf43139ec54b7a6d6c2b7c43f95676077ce19e2830d56fdc540,1465.2656915441098,1502.5993131557445,-37.333621611634726,-0.19999999999999996,-0.6000000000000001,0.0,6.242224956810787,106,106,False
cad1d81b5e9286306fd3fa33,Bundesliga,2025/2026,HOLDOUT,2025-10-25,16:00,MATCH_KICKOFF_TIME_TIMEZONE_NOT_STATED_BY_SOURCE,,NOT_VERIFIED_DO_NOT_INFER,LASK,Grazer AK,1,0,H,EVALUATION_ONLY_JOIN_AFTER_PREMATCH_FEATURE_FREEZE,1.6,3.78,5.2,EXTERNAL_HISTORICAL_MARKET_BENCHMARK,NOT_AVAILABLE,NOT_GOLDBET,ce8809aa2fa5d1a6fd98716384f3f905202cd6f0c2e4382a2782461f062d5e25,1499.2339011200265,1442.6542923114862,56.57960880854034,0.7999999999999999,1.4,0.7999999999999999,-4.82014742800834,106,42,False
d98e46dffbc62d3c409675a9,Bundesliga,2025/2026,HOLDOUT,2025-10-25,16:00,MATCH_KICKOFF_TIME_TIMEZONE_NOT_STATED_BY_SOURCE,,NOT_VERIFIED_DO_NOT_INFER,Tirol,BW Linz,2,0,H,EVALUATION_ONLY_JOIN_AFTER_PREMATCH_FEATURE_FREEZE,2.95,3.19,2.33,EXTERNAL_HISTORICAL_MARKET_BENCHMARK,NOT_AVAILABLE,NOT_GOLDBET,c53273993fea410648b66118464035ee9fd5e8161e0e35d15d00643ea4ba75d1,1447.0481535033746,1465.8197871434536,-18.771633640079017,-1.6,-1.7999999999999998,0.5999999999999999,4.671849606248543,105,74,False
a3267d29ff8549cf3c9cd149,Bundesliga,2025/2026,HOLDOUT,2025-10-26,13:30,MATCH_KICKOFF_TIME_TIMEZONE_NOT_STATED_BY_SOURCE,,NOT_VERIFIED_DO_NOT_INFER,Ried,SK Rapid,0,2,A,EVALUATION_ONLY_JOIN_AFTER_PREMATCH_FEATURE_FREEZE,2.71,3.27,2.45,EXTERNAL_HISTORICAL_MARKET_BENCHMARK,NOT_AVAILABLE,NOT_GOLDBET,a37b5896b8ba31cb6331d4868726d0ef4aaa2fdfc9cba7f899363817a04b12ca,1493.8086673856287,1517.2520532282674,-23.44338584263869,0.5999999999999999,0.4,-1.0,-2.493957090164031,42,106,False
ce76fdfb3f0b63ca4947c7f3,Bundesliga,2025/2026,HOLDOUT,2025-10-26,13:30,MATCH_KICKOFF_TIME_TIMEZONE_NOT_STATED_BY_SOURCE,,NOT_VERIFIED_DO_NOT_INFER,Sturm Graz,Wolfsberger AC,1,3,A,EVALUATION_ONLY_JOIN_AFTER_PREMATCH_FEATURE_FREEZE,2.32,3.27,2.88,EXTERNAL_HISTORICAL_MARKET_BENCHMARK,NOT_AVAILABLE,NOT_GOLDBET,7a52733abce74695b40503e75146247e25b5a9d74f0ed9df6831918934dbbfc7,1594.3516162589424,1540.7445418390719,53.607074419870514,0.3999999999999999,0.19999999999999996,-0.40000000000000013,3.7791636604172254,105,106,False
77f3f1d44cca2d6395d5f5e5,Bundesliga,2025/2026,HOLDOUT,2025-10-26,16:00,MATCH_KICKOFF_TIME_TIMEZONE_NOT_STATED_BY_SOURCE,,NOT_VERIFIED_DO_NOT_INFER,Austria Vienna,Salzburg,0,3,A,EVALUATION_ONLY_JOIN_AFTER_PREMATCH_FEATURE_FREEZE,2.69,3.5,2.35,EXTERNAL_HISTORICAL_MARKET_BENCHMARK,NOT_AVAILABLE,NOT_GOLDBET,d4b7524eec06bfbec16a56ef4e5ab18236472142c02a82149daeafbb77d6abc6,1540.2932497258025,1561.0246671312473,-20.731417405444745,1.0,1.2000000000000002,-0.8,-7.796447668405335,106,106,False
b59b5cd60ff598c2b05259d2,Bundesliga,2025/2026,HOLDOUT,2025-11-01,16:00,MATCH_KICKOFF_TIME_TIMEZONE_NOT_STATED_BY_SOURCE,,NOT_VERIFIED_DO_NOT_INFER,BW Linz,LASK,0,1,A,EVALUATION_ONLY_JOIN_AFTER_PREMATCH_FEATURE_FREEZE,3.43,3.34,2.04,EXTERNAL_HISTORICAL_MARKET_BENCHMARK,NOT_AVAILABLE,NOT_GOLDBET,11ce17b8b114fcf7ee60183f8e1c43d54449083f591e5c91ef4ace5397c260b4,1457.0008962510578,1505.9989745413434,-48.99807829028555,-0.8,-1.4,0.6,14.411203527101407,75,107,False
1f8a388fbe632dd8ccd835b8,Bundesliga,2025/2026,HOLDOUT,2025-11-01,16:00,MATCH_KICKOFF_TIME_TIMEZONE_NOT_STATED_BY_SOURCE,,NOT_VERIFIED_DO_NOT_INFER,Grazer AK,Altach,3,1,H,EVALUATION_ONLY_JOIN_AFTER_PREMATCH_FEATURE_FREEZE,3.36,2.98,2.22,EXTERNAL_HISTORICAL_MARKET_BENCHMARK,NOT_AVAILABLE,NOT_GOLDBET,b7f45e6f6543971ee98ee5ea02416446deaa1daf26b7391c7804cceaeb1dee7f,1435.8892188901693,1464.614224713787,-28.72500582361772,0.0,0.0,-0.4,0.8036993557216192,43,107,False
6211978a9bbca56cb6c48f63,Bundesliga,2025/2026,HOLDOUT,2025-11-01,16:00,MATCH_KICKOFF_TIME_TIMEZONE_NOT_STATED_BY_SOURCE,,NOT_VERIFIED_DO_NOT_INFER,Hartberg,Austria Vienna,2,1,H,EVALUATION_ONLY_JOIN_AFTER_PREMATCH_FEATURE_FREEZE,3.56,3.37,1.97,EXTERNAL_HISTORICAL_MARKET_BENCHMARK,NOT_AVAILABLE,NOT_GOLDBET,ca67f2858981aca6cbc4a6d9dc2fec199155b7424b9a57cfc04f15eaf4398096,1503.2507799860673,1529.1677973293404,-25.917017343273073,-1.0,-0.2,-0.6000000000000001,-1.2356266351282557,107,107,False
9108ca38d57294ce3333d1ff,Bundesliga,2025/2026,HOLDOUT,2025-11-02,13:30,MATCH_KICKOFF_TIME_TIMEZONE_NOT_STATED_BY_SOURCE,,NOT_VERIFIED_DO_NOT_INFER,Salzburg,Ried,4,1,H,EVALUATION_ONLY_JOIN_AFTER_PREMATCH_FEATURE_FREEZE,1.92,3.55,3.54,EXTERNAL_HISTORICAL_MARKET_BENCHMARK,NOT_AVAILABLE,NOT_GOLDBET,1ae9548466fedd70bdcfdafa396966dacb50ac0db5df95995f815b3124971c5f,1572.1501195277094,1482.7603492104247,89.38977031728473,0.6000000000000001,0.6,-0.19999999999999996,12.239146857733886,107,43,False
52446e537d11cdbae29dc535,Bundesliga,2025/2026,HOLDOUT,2025-11-02,13:30,MATCH_KICKOFF_TIME_TIMEZONE_NOT_STATED_BY_SOURCE,,NOT_VERIFIED_DO_NOT_INFER,Wolfsberger AC,Tirol,0,0,D,EVALUATION_ONLY_JOIN_AFTER_PREMATCH_FEATURE_FREEZE,1.64,3.72,4.82,EXTERNAL_HISTORICAL_MARKET_BENCHMARK,NOT_AVAILABLE,NOT_GOLDBET,4c096f707231891d79932e6d0aebc570c7e28a855c6c202194c7bc5e675ad296,1553.9026545431857,1455.8670443957703,98.03561014741535,1.2,1.2000000000000002,1.4,6.516309595665234,107,106,False
38bad486718bc9613d9358d4,Bundesliga,2025/2026,HOLDOUT,2025-11-02,16:00,MATCH_KICKOFF_TIME_TIMEZONE_NOT_STATED_BY_SOURCE,,NOT_VERIFIED_DO_NOT_INFER,SK Rapid,Sturm Graz,2,1,H,EVALUATION_ONLY_JOIN_AFTER_PREMATCH_FEATURE_FREEZE,2.5,3.42,2.55,EXTERNAL_HISTORICAL_MARKET_BENCHMARK,NOT_AVAILABLE,NOT_GOLDBET,16c79e93914d038be769db0a0ee655a0e1d701ee2d3764f282c9a6b3794ad6e4,1528.3003714034714,1581.1935035548286,-52.89313215135712,-1.5999999999999999,-1.4,-1.6,-6.796481695940884,107,106,False
0e2bbf10891bcc784944d6b0,Bundesliga,2025/2026,HOLDOUT,2025-11-08,16:00,MATCH_KICKOFF_TIME_TIMEZONE_NOT_STATED_BY_SOURCE,,NOT_VERIFIED_DO_NOT_INFER,Austria Vienna,Grazer AK,2,1,H,EVALUATION_ONLY_JOIN_AFTER_PREMATCH_FEATURE_FREEZE,1.7,3.43,4.94,EXTERNAL_HISTORICAL_MARKET_BENCHMARK,NOT_AVAILABLE,NOT_GOLDBET,3288f634b856e95aa2b38fcdd33d6ae858df55039fcf7ac569adc3c4957f34d6,1520.1456496965136,1444.9914756937187,75.15417400279489,0.19999999999999996,-0.2,0.7999999999999999,9.03090924854996,108,44,False
a22e4c9545eacbb0cdd16cd3,Bundesliga,2025/2026,HOLDOUT,2025-11-08,16:00,MATCH_KICKOFF_TIME_TIMEZONE_NOT_STATED_BY_SOURCE,,NOT_VERIFIED_DO_NOT_INFER,Ried,BW Linz,2,1,H,EVALUATION_ONLY_JOIN_AFTER_PREMATCH_FEATURE_FREEZE,2.07,3.2,3.47,EXTERNAL_HISTORICAL_MARKET_BENCHMARK,NOT_AVAILABLE,NOT_GOLDBET,45b09e3de5c96a95d404e0edd957bb60e86a1ce3e5247510089bda6f40517646,1476.8133811355508,1446.6843412899275,30.12903984562331,0.19999999999999996,0.0,0.0,-0.8391022197847633,44,76,False
f7a12fbf3d2b44b07da98571,Bundesliga,2025/2026,HOLDOUT,2025-11-08,16:00,MATCH_KICKOFF_TIME_TIMEZONE_NOT_STATED_BY_SOURCE,,NOT_VERIFIED_DO_NOT_INFER,Wolfsberger AC,Hartberg,1,2,A,EVALUATION_ONLY_JOIN_AFTER_PREMATCH_FEATURE_FREEZE,1.84,3.47,3.96,EXTERNAL_HISTORICAL_MARKET_BENCHMARK,NOT_AVAILABLE,NOT_GOLDBET,84f94c9797c165c1df7af4c27545acd0325234b93cfa33d03127c02aff406f12,1549.6437723208762,1512.272927618894,37.37084470198215,0.8,0.8,0.19999999999999996,-3.706024428962337,108,108,False
2b766732d9cf006cc6844c31,Bundesliga,2025/2026,HOLDOUT,2025-11-09,13:30,MATCH_KICKOFF_TIME_TIMEZONE_NOT_STATED_BY_SOURCE,,NOT_VERIFIED_DO_NOT_INFER,LASK,Altach,1,0,H,EVALUATION_ONLY_JOIN_AFTER_PREMATCH_FEATURE_FREEZE,1.82,3.36,4.19,EXTERNAL_HISTORICAL_MARKET_BENCHMARK,NOT_AVAILABLE,NOT_GOLDBET,7381a07f5effd32301f758c0dfac62cf4cef23264d6dfad116de00c9e9bd3066,1516.3155295024737,1455.5119679102377,60.803561592236065,1.6,1.6,1.6,-12.620976018671854,108,108,False
363a87f4b9ca26f520c519b5,Bundesliga,2025/2026,HOLDOUT,2025-11-09,13:30,MATCH_KICKOFF_TIME_TIMEZONE_NOT_STATED_BY_SOURCE,,NOT_VERIFIED_DO_NOT_INFER,Tirol,SK Rapid,1,1,D,EVALUATION_ONLY_JOIN_AFTER_PREMATCH_FEATURE_FREEZE,3.31,3.33,2.08,EXTERNAL_HISTORICAL_MARKET_BENCHMARK,NOT_AVAILABLE,NOT_GOLDBET,1fc21acf85ddb84e1064ad31df23489aef74a46d29fa088b295e7bd54c2c237b,1460.1259266180798,1538.0958478283844,-77.96992121030462,-0.3999999999999999,0.0,-0.6000000000000001,-16.181179944366022,107,108,False
32e499ef6aa2a2311b484bd6,Bundesliga,2025/2026,HOLDOUT,2025-11-09,16:00,MATCH_KICKOFF_TIME_TIMEZONE_NOT_STATED_BY_SOURCE,,NOT_VERIFIED_DO_NOT_INFER,Sturm Graz,Salzburg,1,1,D,EVALUATION_ONLY_JOIN_AFTER_PREMATCH_FEATURE_FREEZE,2.3,3.49,2.77,EXTERNAL_HISTORICAL_MARKET_BENCHMARK,NOT_AVAILABLE,NOT_GOLDBET,1f73e8853a3e9efb5f593cda1953247849f70cd68e610649dd224f6162e06467,1571.3980271299156,1578.0970876025833,-6.699060472667725,-0.8,-1.4000000000000001,-1.2,4.924520026518394,107,108,False
e72e1357b16a874530b8aa08,Bundesliga,2025/2026,HOLDOUT,2025-11-22,16:00,MATCH_KICKOFF_TIME_TIMEZONE_NOT_STATED_BY_SOURCE,,NOT_VERIFIED_DO_NOT_INFER,Altach,Wolfsberger AC,3,1,H,EVALUATION_ONLY_JOIN_AFTER_PREMATCH_FEATURE_FREEZE,2.97,3.13,2.34,EXTERNAL_HISTORICAL_MARKET_BENCHMARK,NOT_AVAILABLE,NOT_GOLDBET,0d3c96cbaf9b573c780020c66ffe8df3d45e52eb77a61a39989677c2063a3e4c,1448.8553153426562,1536.9123540138614,-88.05703867120519,-0.9999999999999999,-1.4,-1.0000000000000002,20.624415146048023,109,109,False
e7324bcd3718a4184824a29c,Bundesliga,2025/2026,HOLDOUT,2025-11-22,16:00,MATCH_KICKOFF_TIME_TIMEZONE_NOT_STATED_BY_SOURCE,,NOT_VERIFIED_DO_NOT_INFER,BW Linz,Austria Vienna,2,3,A,EVALUATION_ONLY_JOIN_AFTER_PREMATCH_FEATURE_FREEZE,3.43,3.01,2.16,EXTERNAL_HISTORICAL_MARKET_BENCHMARK,NOT_AVAILABLE,NOT_GOLDBET,4808a0dc360618093adc71d36df78822c08e922872cf1aa5011f7c7f0af0d0a6,1439.2217981788742,1526.4406285444334,-87.21883036555914,-0.6,-0.20000000000000007,-0.6000000000000001,26.795136881139797,77,109,False
0d204aa861bc9acdf9519957,Bundesliga,2025/2026,HOLDOUT,2025-11-22,16:00,MATCH_KICKOFF_TIME_TIMEZONE_NOT_STATED_BY_SOURCE,,NOT_VERIFIED_DO_NOT_INFER,Hartberg,Ried,2,0,H,EVALUATION_ONLY_JOIN_AFTER_PREMATCH_FEATURE_FREEZE,3.01,3.1,2.33,EXTERNAL_HISTORICAL_MARKET_BENCHMARK,NOT_AVAILABLE,NOT_GOLDBET,c39b763d7e8c88565d800d5c682c3a390aff22c8854d2d0624b87b8d83645091,1525.0043459259089,1484.275924246604,40.7284216793048,0.0,0.6000000000000001,-0.40000000000000013,-16.17067601931899,109,45,False
3d5e6072007be417a7e8dde2,Bundesliga,2025/2026,HOLDOUT,2025-11-23,13:30,MATCH_KICKOFF_TIME_TIMEZONE_NOT_STATED_BY_SOURCE,,NOT_VERIFIED_DO_NOT_INFER,Salzburg,Tirol,2,3,A,EVALUATION_ONLY_JOIN_AFTER_PREMATCH_FEATURE_FREEZE,1.43,4.4,6.31,EXTERNAL_HISTORICAL_MARKET_BENCHMARK,NOT_AVAILABLE,NOT_GOLDBET,0dd0c71d370ae822df344a5a96ba90895d0b9886e2064a9605b43492a0c005dd,1579.6192887988138,1460.6426818144378,118.97660698437608,1.2000000000000002,1.5999999999999999,1.0,6.529736307358007,109,108,False
0be7d44bf5d063ca7904ab8b,Bundesliga,2025/2026,HOLDOUT,2025-11-23,13:30,MATCH_KICKOFF_TIME_TIMEZONE_NOT_STATED_BY_SOURCE,,NOT_VERIFIED_DO_NOT_INFER,Sturm Graz,LASK,1,3,A,EVALUATION_ONLY_JOIN_AFTER_PREMATCH_FEATURE_FREEZE,1.94,3.52,3.47,EXTERNAL_HISTORICAL_MARKET_BENCHMARK,NOT_AVAILABLE,NOT_GOLDBET,fc38127907e85730a480e32f40e4047393a14983f4bbfffef363ce409fd2d24c,1569.875825933685,1522.9721820700552,46.903643863629895,-1.2000000000000002,-1.0,-0.3999999999999999,40.87771840263417,108,109,False
688aee69f0009411e4a86887,Bundesliga,2025/2026,HOLDOUT,2025-11-23,16:00,MATCH_KICKOFF_TIME_TIMEZONE_NOT_STATED_BY_SOURCE,,NOT_VERIFIED_DO_NOT_INFER,SK Rapid,Grazer AK,1,2,A,EVALUATION_ONLY_JOIN_AFTER_PREMATCH_FEATURE_FREEZE,1.64,3.59,5.09,EXTERNAL_HISTORICAL_MARKET_BENCHMARK,NOT_AVAILABLE,NOT_GOLDBET,236ec08208b18a875c216988a981f2cc3c7263df230d7280484b38236f7cae85,1537.5790926320265,1438.696496845799,98.88259578622751,0.5999999999999999,0.4,0.9999999999999999,9.433280444700586,109,45,False
e6364819d552924a8d6d3a1e,Bundesliga,2025/2026,HOLDOUT,2025-11-29,16:00,MATCH_KICKOFF_TIME_TIMEZONE_NOT_STATED_BY_SOURCE,,NOT_VERIFIED_DO_NOT_INFER,Austria Vienna,Tirol,0,0,D,EVALUATION_ONLY_JOIN_AFTER_PREMATCH_FEATURE_FREEZE,1.79,3.49,4.23,EXTERNAL_HISTORICAL_MARKET_BENCHMARK,NOT_AVAILABLE,NOT_GOLDBET,2190ff13fdbbb55d029e3b9d9f32e362b060ea103d3105b8a012a643cac3d4dd,1535.6588064506009,1475.3820549722893,60.27675147831155,0.19999999999999996,-0.6000000000000001,0.8,-52.600501129046734,110,109,False
4764397b31e5050487c5f371,Bundesliga,2025/2026,HOLDOUT,2025-11-29,16:00,MATCH_KICKOFF_TIME_TIMEZONE_NOT_STATED_BY_SOURCE,,NOT_VERIFIED_DO_NOT_INFER,Grazer AK,BW Linz,3,1,H,EVALUATION_ONLY_JOIN_AFTER_PREMATCH_FEATURE_FREEZE,2.63,2.84,2.84,EXTERNAL_HISTORICAL_MARKET_BENCHMARK,NOT_AVAILABLE,NOT_GOLDBET,9db8a345f7b4605a240193643b681a573e6ba68475fa6cb8849e3381837cf603,1452.9753147988595,1430.0036202727067,22.97169452615276,1.4,1.4,0.19999999999999996,-3.5906059652897966,46,78,False
9ec7dd53dca6f940de1e282f,Bundesliga,2025/2026,HOLDOUT,2025-11-29,16:00,MATCH_KICKOFF_TIME_TIMEZONE_NOT_STATED_BY_SOURCE,,NOT_VERIFIED_DO_NOT_INFER,Ried,Wolfsberger AC,1,0,H,EVALUATION_ONLY_JOIN_AFTER_PREMATCH_FEATURE_FREEZE,2.56,3.18,2.64,EXTERNAL_HISTORICAL_MARKET_BENCHMARK,NOT_AVAILABLE,NOT_GOLDBET,3f27672e1e6efe4e0853b70910b8b325ca384c9e31b2aa36073abdba80e24fbe,1477.096533300707,1526.106558380597,-49.010025079890056,0.3999999999999999,-0.6,-0.20000000000000018,24.80951900664877,46,110,False
a8e2c7c90d4383cdddfb30f7,Bundesliga,2025/2026,HOLDOUT,2025-11-30,13:30,MATCH_KICKOFF_TIME_TIMEZONE_NOT_STATED_BY_SOURCE,,NOT_VERIFIED_DO_NOT_INFER,Altach,Salzburg,1,1,D,EVALUATION_ONLY_JOIN_AFTER_PREMATCH_FEATURE_FREEZE,3.06,3.33,2.19,EXTERNAL_HISTORICAL_MARKET_BENCHMARK,NOT_AVAILABLE,NOT_GOLDBET,96d85d16c8e6a7d0049e3194a2c1b8508802896305b41a4d6f9d832a42756c6f,1459.6611109759206,1564.8799156409623,-105.21880466504172,-0.6000000000000001,-1.2,-0.3999999999999999,8.240976141320061,110,110,False
f34af92918124b7440b10923,Bundesliga,2025/2026,HOLDOUT,2025-11-30,13:30,MATCH_KICKOFF_TIME_TIMEZONE_NOT_STATED_BY_SOURCE,,NOT_VERIFIED_DO_NOT_INFER,Hartberg,Sturm Graz,0,1,A,EVALUATION_ONLY_JOIN_AFTER_PREMATCH_FEATURE_FREEZE,3.68,3.49,1.91,EXTERNAL_HISTORICAL_MARKET_BENCHMARK,NOT_AVAILABLE,NOT_GOLDBET,7c4912c88251669700786f723479c8605e51f58655bfab75c56cf95acfbdd95f,1532.1837368718059,1556.8924532923322,-24.708716420526343,1.4000000000000001,1.6,-1.0,-34.69080702906285,110,109,False
13757906c87c0ed8c594a304,Bundesliga,2025/2026,HOLDOUT,2025-11-30,16:00,MATCH_KICKOFF_TIME_TIMEZONE_NOT_STATED_BY_SOURCE,,NOT_VERIFIED_DO_NOT_INFER,LASK,SK Rapid,3,0,H,EVALUATION_ONLY_JOIN_AFTER_PREMATCH_FEATURE_FREEZE,2.1,3.38,3.19,EXTERNAL_HISTORICAL_MARKET_BENCHMARK,NOT_AVAILABLE,NOT_GOLDBET,8f533f2d0933e0dc2285289ac8d547fa369cfc1e07e9a4dac8b2269543d95564,1535.955554711408,1523.300274678966,12.655280032442079,1.6,1.4,0.3999999999999999,-0.9917391070266603,110,110,False
e5e7fb4243bb854d6f6da039,Bundesliga,2025/2026,HOLDOUT,2025-12-03,19:30,MATCH_KICKOFF_TIME_TIMEZONE_NOT_STATED_BY_SOURCE,,NOT_VERIFIED_DO_NOT_INFER,Sturm Graz,Tirol,1,3,A,EVALUATION_ONLY_JOIN_AFTER_PREMATCH_FEATURE_FREEZE,1.65,3.69,4.87,EXTERNAL_HISTORICAL_MARKET_BENCHMARK,NOT_AVAILABLE,NOT_GOLDBET,c6a5a2a048406bb43837c2313b203f6d09970577adf1c9b5c5e035db87c237f1,1567.9047389642712,1478.7119276652404,89.19281129903084,-1.0,-1.4,-0.3999999999999999,5.840307004510123,110,110,False
6a07de027cee3295d93d1829,Bundesliga,2025/2026,HOLDOUT,2025-12-06,16:00,MATCH_KICKOFF_TIME_TIMEZONE_NOT_STATED_BY_SOURCE,,NOT_VERIFIED_DO_NOT_INFER,BW Linz,Salzburg,0,2,A,EVALUATION_ONLY_JOIN_AFTER_PREMATCH_FEATURE_FREEZE,4.21,3.63,1.75,EXTERNAL_HISTORICAL_MARKET_BENCHMARK,NOT_AVAILABLE,NOT_GOLDBET,94ec155a341955b462d135a921d5be5fc64edeffb13c68d45114148aed704dae,1422.3473509603887,1563.5857131117773,-141.23836215138863,-1.6,-2.4,-0.40000000000000013,-21.09579326658786,79,111,False
f3aef844d8607fba34c7caaa,Bundesliga,2025/2026,HOLDOUT,2025-12-06,16:00,MATCH_KICKOFF_TIME_TIMEZONE_NOT_STATED_BY_SOURCE,,NOT_VERIFIED_DO_NOT_INFER,Hartberg,LASK,2,2,D,EVALUATION_ONLY_JOIN_AFTER_PREMATCH_FEATURE_FREEZE,3.54,3.35,1.99,EXTERNAL_HISTORICAL_MARKET_BENCHMARK,NOT_AVAILABLE,NOT_GOLDBET,8cb79351416bfb24af39a2cdf19959969e9aaac3934ddf1d8e554bcc59c8d406,1521.1714511998669,1543.8943266882086,-22.722875488341742,-1.0,-1.0,-0.40000000000000013,27.38047632956591,111,111,False
f00509e3092d43d953e842bc,Bundesliga,2025/2026,HOLDOUT,2025-12-06,16:00,MATCH_KICKOFF_TIME_TIMEZONE_NOT_STATED_BY_SOURCE,,NOT_VERIFIED_DO_NOT_INFER,SK Rapid,Ried,1,2,A,EVALUATION_ONLY_JOIN_AFTER_PREMATCH_FEATURE_FREEZE,1.98,3.41,3.49,EXTERNAL_HISTORICAL_MARKET_BENCHMARK,NOT_AVAILABLE,NOT_GOLDBET,c8ec09f4961f34b34e37f6c9c958691aa167476457a72fadfe20f6e84859349a,1515.3615027021654,1486.7803218516278,28.58118085053752,0.19999999999999996,0.8,0.0,-15.483453847333294,111,47,False
9ed52f426a675265461b72ae,Bundesliga,2025/2026,HOLDOUT,2025-12-07,13:30,MATCH_KICKOFF_TIME_TIMEZONE_NOT_STATED_BY_SOURCE,,NOT_VERIFIED_DO_NOT_INFER,Tirol,Altach,0,3,A,EVALUATION_ONLY_JOIN_AFTER_PREMATCH_FEATURE_FREEZE,2.71,3.07,2.57,EXTERNAL_HISTORICAL_MARKET_BENCHMARK,NOT_AVAILABLE,NOT_GOLDBET,3ac4e3e91b6f6f4f5b9f97641cd5ea047ca584e7d7bc7aa09e81e647e247152f,1492.7602208058302,1460.9553135051056,31.804907300724608,0.8,0.8,0.8,43.717001076408906,111,111,False
9680a8e3c8cfef8c37ff0e71,Bundesliga,2025/2026,HOLDOUT,2025-12-07,13:30,MATCH_KICKOFF_TIME_TIMEZONE_NOT_STATED_BY_SOURCE,,NOT_VERIFIED_DO_NOT_INFER,Wolfsberger AC,Austria Vienna,2,1,H,EVALUATION_ONLY_JOIN_AFTER_PREMATCH_FEATURE_FREEZE,2.49,3.14,2.74,EXTERNAL_HISTORICAL_MARKET_BENCHMARK,NOT_AVAILABLE,NOT_GOLDBET,3923284ad305113bb485fafca716dd3d597699bcfded7d22f3ca54c8de1bc331,1516.4227698296763,1532.3289337576498,-15.906163927973466,-0.5999999999999999,0.0,-1.0,12.914532190954787,111,111,False
7929f925e2c7633e430928a7,Bundesliga,2025/2026,HOLDOUT,2025-12-07,16:00,MATCH_KICKOFF_TIME_TIMEZONE_NOT_STATED_BY_SOURCE,,NOT_VERIFIED_DO_NOT_INFER,Sturm Graz,Grazer AK,2,1,H,EVALUATION_ONLY_JOIN_AFTER_PREMATCH_FEATURE_FREEZE,1.81,3.33,4.37,EXTERNAL_HISTORICAL_MARKET_BENCHMARK,NOT_AVAILABLE,NOT_GOLDBET,ae38b94dc0af013924ca2cd5317f75b836f1c70fcd13e0467e458a612294e099,1553.8564458236815,1460.6315841111775,93.22486171250398,-1.0,-1.4,0.0,37.7377634356194,111,47,False
851d9bbbc590beb2c7401861,Bundesliga,2025/2026,HOLDOUT,2025-12-13,16:00,MATCH_KICKOFF_TIME_TIMEZONE_NOT_STATED_BY_SOURCE,,NOT_VERIFIED_DO_NOT_INFER,Grazer AK,LASK,1,2,A,EVALUATION_ONLY_JOIN_AFTER_PREMATCH_FEATURE_FREEZE,3.53,3.23,2.04,EXTERNAL_HISTORICAL_MARKET_BENCHMARK,NOT_AVAILABLE,NOT_GOLDBET,ceb57d876f434884fa044d6aa8ba530375ac51d0aa04d369c84d916ac413cf6a,1454.7764515934555,1544.9631504270162,-90.18669883356074,-0.8,-0.7999999999999999,-0.3999999999999999,-4.132276567019517,48,112,False
dac62bea397bd31ad1e7a47d,Bundesliga,2025/2026,HOLDOUT,2025-12-13,16:00,MATCH_KICKOFF_TIME_TIMEZONE_NOT_STATED_BY_SOURCE,,NOT_VERIFIED_DO_NOT_INFER,Hartberg,Tirol,2,1,H,EVALUATION_ONLY_JOIN_AFTER_PREMATCH_FEATURE_FREEZE,2.67,3.23,2.49,EXTERNAL_HISTORICAL_MARKET_BENCHMARK,NOT_AVAILABLE,NOT_GOLDBET,e9660bfbfd3d00d81a736c21ef7b00b144289b4bb6c7b1a28d315c759bbf9db6,1520.1026274610592,1480.177689815165,39.92493764589426,0.3999999999999999,0.6,0.0,-3.6719443339629834,112,112,False
a7f1180803eb3c098ec5fb1f,Bundesliga,2025/2026,HOLDOUT,2025-12-13,16:00,MATCH_KICKOFF_TIME_TIMEZONE_NOT_STATED_BY_SOURCE,,NOT_VERIFIED_DO_NOT_INFER,Ried,Altach,3,0,H,EVALUATION_ONLY_JOIN_AFTER_PREMATCH_FEATURE_FREEZE,2.35,3.05,3.02,EXTERNAL_HISTORICAL_MARKET_BENCHMARK,NOT_AVAILABLE,NOT_GOLDBET,d4d46542d83aec8d9ccb582726d85402d464581dd2091766c7c6c5cec4df6bd0,1499.2760493773906,1473.5378444957707,25.738204881619822,0.40000000000000013,-0.8,1.2,7.7099257946022135,48,112,False
c23292464eaf1ab4b7f628ff,Bundesliga,2025/2026,HOLDOUT,2025-12-14,13:30,MATCH_KICKOFF_TIME_TIMEZONE_NOT_STATED_BY_SOURCE,,NOT_VERIFIED_DO_NOT_INFER,BW Linz,SK Rapid,1,1,D,EVALUATION_ONLY_JOIN_AFTER_PREMATCH_FEATURE_FREEZE,3.33,3.24,2.1,EXTERNAL_HISTORICAL_MARKET_BENCHMARK,NOT_AVAILABLE,NOT_GOLDBET,1ae20718eb01de0844ba02a1e23345b1dfaab41239c30ecbb7aec87d52c1ed74,1414.6438779865398,1502.8657751764026,-88.22189718986283,-0.8,-0.5999999999999999,-0.4,4.6124417100443225,80,112,False
7320aba4f39691f7c20259a4,Bundesliga,2025/2026,HOLDOUT,2025-12-14,13:30,MATCH_KICKOFF_TIME_TIMEZONE_NOT_STATED_BY_SOURCE,,NOT_VERIFIED_DO_NOT_INFER,Salzburg,Wolfsberger AC,2,1,H,EVALUATION_ONLY_JOIN_AFTER_PREMATCH_FEATURE_FREEZE,1.66,3.96,4.34,EXTERNAL_HISTORICAL_MARKET_BENCHMARK,NOT_AVAILABLE,NOT_GOLDBET,bc6d5d8d668a535ccaab7179414979f4f3bfb89363825971f74bcb2999cb9e66,1571.2891860856262,1525.1604173962583,46.12876868936792,0.8,1.4,0.0,-5.922246864918179,112,112,False
131ee65d7d28a6634b094f6c,Bundesliga,2025/2026,HOLDOUT,2025-12-14,16:00,MATCH_KICKOFF_TIME_TIMEZONE_NOT_STATED_BY_SOURCE,,NOT_VERIFIED_DO_NOT_INFER,Austria Vienna,Sturm Graz,3,1,H,EVALUATION_ONLY_JOIN_AFTER_PREMATCH_FEATURE_FREEZE,2.65,3.19,2.54,EXTERNAL_HISTORICAL_MARKET_BENCHMARK,NOT_AVAILABLE,NOT_GOLDBET,275c4b1f1578906ae451649ef62263cb335f9514841bb06bb4de25b2d56e260f,1523.5912861910679,1559.7115783414035,-36.12029215033567,0.0,0.4,-1.0,-38.66552793204755,112,112,False
b55a75f81e579023fb97bedd,Bundesliga,2025/2026,HOLDOUT,2026-02-06,19:30,MATCH_KICKOFF_TIME_TIMEZONE_NOT_STATED_BY_SOURCE,,NOT_VERIFIED_DO_NOT_INFER,Salzburg,Austria Vienna,0,2,A,EVALUATION_ONLY_JOIN_AFTER_PREMATCH_FEATURE_FREEZE,1.58,4.1,4.89,EXTERNAL_HISTORICAL_MARKET_BENCHMARK,NOT_AVAILABLE,NOT_GOLDBET,5c1019e3e475b2a02de61f126cb187c13a3e28bb15597917b329053eee05ae7b,1578.3261445840744,1532.9050531964722,45.421091387602246,-0.3999999999999999,-0.19999999999999996,0.19999999999999996,0.6959822521916976,113,113,False
2cab09d44f3d6d8a5f2126cb,Bundesliga,2025/2026,HOLDOUT,2026-02-07,16:00,MATCH_KICKOFF_TIME_TIMEZONE_NOT_STATED_BY_SOURCE,,NOT_VERIFIED_DO_NOT_INFER,LASK,Tirol,1,0,H,EVALUATION_ONLY_JOIN_AFTER_PREMATCH_FEATURE_FREEZE,1.63,3.75,5.08,EXTERNAL_HISTORICAL_MARKET_BENCHMARK,NOT_AVAILABLE,NOT_GOLDBET,6935a17bac81625a06492161b5b6db2f3041480ddfa86697c02eb37ace84d05c,1554.0964870758903,1472.9769987605594,81.11948831533095,1.2000000000000002,1.5999999999999999,1.0,-27.920960772727994,113,113,False
db56026ff0c4f1fc4c3dcb36,Bundesliga,2025/2026,HOLDOUT,2026-02-07,16:00,MATCH_KICKOFF_TIME_TIMEZONE_NOT_STATED_BY_SOURCE,,NOT_VERIFIED_DO_NOT_INFER,SK Rapid,Hartberg,1,1,D,EVALUATION_ONLY_JOIN_AFTER_PREMATCH_FEATURE_FREEZE,1.85,3.41,4.1,EXTERNAL_HISTORICAL_MARKET_BENCHMARK,NOT_AVAILABLE,NOT_GOLDBET,ce0ca16e99400b5cd833bdd9911cbf55e8e6d3e1a795044d146575d9a4a473de,1502.0552655237996,1527.3033185156648,-25.24805299186528,-1.6,-1.6,-0.6,-55.73639766994643,113,113,False
ace3cc13da0a19528624d312,Bundesliga,2025/2026,HOLDOUT,2026-02-08,13:30,MATCH_KICKOFF_TIME_TIMEZONE_NOT_STATED_BY_SOURCE,,NOT_VERIFIED_DO_NOT_INFER,Altach,BW Linz,1,0,H,EVALUATION_ONLY_JOIN_AFTER_PREMATCH_FEATURE_FREEZE,2.09,3.07,3.61,EXTERNAL_HISTORICAL_MARKET_BENCHMARK,NOT_AVAILABLE,NOT_GOLDBET,02ea980fe3e4d535dc38b990cb8e62a412499316145a81edd36f503b65428800,1465.9566860445243,1415.4543876391429,50.50229840538145,1.2,1.4,0.6,17.49265131469906,113,81,False
f2a8db876f7aad61647a32ed,Bundesliga,2025/2026,HOLDOUT,2026-02-08,13:30,MATCH_KICKOFF_TIME_TIMEZONE_NOT_STATED_BY_SOURCE,,NOT_VERIFIED_DO_NOT_INFER,Wolfsberger AC,Grazer AK,2,2,D,EVALUATION_ONLY_JOIN_AFTER_PREMATCH_FEATURE_FREEZE,2.23,3.18,3.15,EXTERNAL_HISTORICAL_MARKET_BENCHMARK,NOT_AVAILABLE,NOT_GOLDBET,1e583cd7653e8688815f2d3e4842c0401571fbbb385bb9d6e8ae4d12355d1f02,1518.12345889781,1445.6431149445814,72.48034395322861,-0.6,-0.8,0.5999999999999999,-8.941012549282277,113,49,False
47f5bb372396ca24d5096801,Bundesliga,2025/2026,HOLDOUT,2026-02-08,16:00,MATCH_KICKOFF_TIME_TIMEZONE_NOT_STATED_BY_SOURCE,,NOT_VERIFIED_DO_NOT_INFER,Sturm Graz,Ried,1,0,H,EVALUATION_ONLY_JOIN_AFTER_PREMATCH_FEATURE_FREEZE,2.39,3.21,2.86,EXTERNAL_HISTORICAL_MARKET_BENCHMARK,NOT_AVAILABLE,NOT_GOLDBET,ac1a2f7707b334eb31ffbfa65ef5d1be13049692959b4088fbad2a4e83127ec5,1550.3978113359992,1506.857207828637,43.54060350736222,-1.2,-1.6,-0.3999999999999999,6.279224822995502,113,49,False
8ced251617d19a04bc9cdfa2,Bundesliga,2025/2026,HOLDOUT,2026-02-14,16:00,MATCH_KICKOFF_TIME_TIMEZONE_NOT_STATED_BY_SOURCE,,NOT_VERIFIED_DO_NOT_INFER,Hartberg,Altach,0,0,D,EVALUATION_ONLY_JOIN_AFTER_PREMATCH_FEATURE_FREEZE,2.44,3,2.97,EXTERNAL_HISTORICAL_MARKET_BENCHMARK,NOT_AVAILABLE,NOT_GOLDBET,020a91a3be4a544026107bf2f4f7191f378b68e041c83e9e457d85ad10aaee8a,1528.3002375021208,1472.8792487702747,55.42098873184614,-0.3999999999999999,-0.19999999999999996,1.2,11.602546417784424,114,114,False
4879d07bc2fe614bafe76700,Bundesliga,2025/2026,HOLDOUT,2026-02-14,16:00,MATCH_KICKOFF_TIME_TIMEZONE_NOT_STATED_BY_SOURCE,,NOT_VERIFIED_DO_NOT_INFER,Ried,LASK,1,1,D,EVALUATION_ONLY_JOIN_AFTER_PREMATCH_FEATURE_FREEZE,2.42,3.15,2.87,EXTERNAL_HISTORICAL_MARKET_BENCHMARK,NOT_AVAILABLE,NOT_GOLDBET,f8e3d1d7276a53c338c59574865a392cdd0e4b2c46e546299ebbdaf824ff6f14,1499.7521471199777,1560.2442900361857,-60.49214291620797,-0.8,-0.9999999999999999,-0.20000000000000018,9.661412134781585,50,114,False
e88604ea9596c45894c8dc40,Bundesliga,2025/2026,HOLDOUT,2026-02-14,16:00,MATCH_KICKOFF_TIME_TIMEZONE_NOT_STATED_BY_SOURCE,,NOT_VERIFIED_DO_NOT_INFER,Tirol,Sturm Graz,1,0,H,EVALUATION_ONLY_JOIN_AFTER_PREMATCH_FEATURE_FREEZE,2.93,3.15,2.38,EXTERNAL_HISTORICAL_MARKET_BENCHMARK,NOT_AVAILABLE,NOT_GOLDBET,de97d0fc5d9150ad023cc59b120dc6924ebb0e6ac509a401baa894c25382b9d8,1466.829195800264,1557.5028720446585,-90.67367624439453,-1.0,-0.39999999999999997,-1.0,27.34844615779957,114,114,False
8f6c95ff7082c6097468813c,Bundesliga,2025/2026,HOLDOUT,2026-02-15,13:30,MATCH_KICKOFF_TIME_TIMEZONE_NOT_STATED_BY_SOURCE,,NOT_VERIFIED_DO_NOT_INFER,BW Linz,Wolfsberger AC,2,1,H,EVALUATION_ONLY_JOIN_AFTER_PREMATCH_FEATURE_FREEZE,2.74,3.26,2.45,EXTERNAL_HISTORICAL_MARKET_BENCHMARK,NOT_AVAILABLE,NOT_GOLDBET,ba0eef30f49a48f14dc501677f956a63c13f7d518e00f130e188ab261db9296b,1408.5318249133925,1514.4850209945193,-105.95319608112686,-0.6000000000000001,-0.6,-1.0,7.3222068489551475,82,114,False
14475e7709ff9274ec952e34,Bundesliga,2025/2026,HOLDOUT,2026-02-15,13:30,MATCH_KICKOFF_TIME_TIMEZONE_NOT_STATED_BY_SOURCE,,NOT_VERIFIED_DO_NOT_INFER,Grazer AK,Salzburg,1,1,D,EVALUATION_ONLY_JOIN_AFTER_PREMATCH_FEATURE_FREEZE,4.65,3.73,1.68,EXTERNAL_HISTORICAL_MARKET_BENCHMARK,NOT_AVAILABLE,NOT_GOLDBET,1c5c7eb8136ead095d4937a40a51169541abe9ce5919e68861b46bb0ccf5fd5a,1449.281552847872,1565.3816945836306,-116.1001417357586,0.0,0.2,-0.8000000000000003,36.76183074195296,50,114,False
746bc932a2b374ff667ea540,Bundesliga,2025/2026,HOLDOUT,2026-02-15,16:00,MATCH_KICKOFF_TIME_TIMEZONE_NOT_STATED_BY_SOURCE,,NOT_VERIFIED_DO_NOT_INFER,Austria Vienna,SK Rapid,2,0,H,EVALUATION_ONLY_JOIN_AFTER_PREMATCH_FEATURE_FREEZE,2.57,3.05,2.76,EXTERNAL_HISTORICAL_MARKET_BENCHMARK,NOT_AVAILABLE,NOT_GOLDBET,0251a20b39fcd8370de1acc66aec264a814f0bb2be7b62cdb2d405bbfdcb93bc,1545.849503196916,1501.0583465373436,44.79115665957238,1.6,1.8,0.3999999999999999,33.13695519905559,114,114,False
edce06ff724555c1b92bf719,Bundesliga,2025/2026,HOLDOUT,2026-02-21,16:00,MATCH_KICKOFF_TIME_TIMEZONE_NOT_STATED_BY_SOURCE,,NOT_VERIFIED_DO_NOT_INFER,Altach,Austria Vienna,2,1,H,EVALUATION_ONLY_JOIN_AFTER_PREMATCH_FEATURE_FREEZE,2.84,2.93,2.55,EXTERNAL_HISTORICAL_MARKET_BENCHMARK,NOT_AVAILABLE,NOT_GOLDBET,d075dc7643497fc6f15b7537577c7ce9b6832a7f75352ff5ca879b9721ee0da1,1476.084285208917,1552.9216210851025,-76.83733587618553,-0.3999999999999999,-0.8,-0.19999999999999996,-26.0460166598682,115,115,False
79337c8f197fa843b130fe6d,Bundesliga,2025/2026,HOLDOUT,2026-02-21,16:00,MATCH_KICKOFF_TIME_TIMEZONE_NOT_STATED_BY_SOURCE,,NOT_VERIFIED_DO_NOT_INFER,Hartberg,Grazer AK,1,0,H,EVALUATION_ONLY_JOIN_AFTER_PREMATCH_FEATURE_FREEZE,2.52,3,2.81,EXTERNAL_HISTORICAL_MARKET_BENCHMARK,NOT_AVAILABLE,NOT_GOLDBET,cfd37fb4369336953cb9b98adcae0f9903b18d963bbe1be4839d43d104d2f873,1525.0952010634785,1450.8823566340766,74.21284442940191,0.19999999999999996,0.0,0.8,-11.285877183013099,115,51,False
5bda7c1b061fad7dd40a1146,Bundesliga,2025/2026,HOLDOUT,2026-02-21,16:00,MATCH_KICKOFF_TIME_TIMEZONE_NOT_STATED_BY_SOURCE,,NOT_VERIFIED_DO_NOT_INFER,SK Rapid,Wolfsberger AC,2,0,H,EVALUATION_ONLY_JOIN_AFTER_PREMATCH_FEATURE_FREEZE,2.01,3.38,3.4,EXTERNAL_HISTORICAL_MARKET_BENCHMARK,NOT_AVAILABLE,NOT_GOLDBET,2950e18a4a638722c177b5b3fd9f053047f0b21e98aa55126c44a76e3ec1b28e,1493.986228649157,1503.1700407406258,-9.18381209146878,-0.4,-0.7999999999999999,0.20000000000000007,15.128596652039732,115,115,False
887c3429742ff50103bdaabd,Bundesliga,2025/2026,HOLDOUT,2026-02-22,13:30,MATCH_KICKOFF_TIME_TIMEZONE_NOT_STATED_BY_SOURCE,,NOT_VERIFIED_DO_NOT_INFER,Sturm Graz,BW Linz,1,0,H,EVALUATION_ONLY_JOIN_AFTER_PREMATCH_FEATURE_FREEZE,2.21,3.14,3.22,EXTERNAL_HISTORICAL_MARKET_BENCHMARK,NOT_AVAILABLE,NOT_GOLDBET,d2596fdebed9835756eef6cf26e6e3e3b8f08f6b396adc83ea00819c45ec938e,1546.622299333144,1419.846805167286,126.77549416585794,0.3999999999999999,0.20000000000000007,0.7999999999999999,-12.649461705939302,115,83,False
71cfecfe635f6dcc29232337,Bundesliga,2025/2026,HOLDOUT,2026-02-22,13:30,MATCH_KICKOFF_TIME_TIMEZONE_NOT_STATED_BY_SOURCE,,NOT_VERIFIED_DO_NOT_INFER,Tirol,Ried,1,1,D,EVALUATION_ONLY_JOIN_AFTER_PREMATCH_FEATURE_FREEZE,3.09,3.09,2.27,EXTERNAL_HISTORICAL_MARKET_BENCHMARK,NOT_AVAILABLE,NOT_GOLDBET,f88f9e0284b19615f75f29c349e6d7a3fce98698b8dbf0c993113d55a40fcad8,1477.7097685117785,1499.766312122285,-22.056543610506424,-0.8,-1.2000000000000002,0.19999999999999996,6.982806420053521,115,51,False
5bc42939e868537ef70d0167,Bundesliga,2025/2026,HOLDOUT,2026-02-22,16:00,MATCH_KICKOFF_TIME_TIMEZONE_NOT_STATED_BY_SOURCE,,NOT_VERIFIED_DO_NOT_INFER,LASK,Salzburg,1,5,A,EVALUATION_ONLY_JOIN_AFTER_PREMATCH_FEATURE_FREEZE,2.6,3.42,2.44,EXTERNAL_HISTORICAL_MARKET_BENCHMARK,NOT_AVAILABLE,NOT_GOLDBET,af97b13c2a3f685d0224c6867fd1e7bced7e6cea2a13c5e46a032d85f9bb4c3e,1560.2301250338785,1563.780890797426,-3.550765763547588,0.6000000000000001,0.8,0.8,16.52436759518264,115,115,False
c0ce76d651a558d623b3a5b0,Bundesliga,2025/2026,HOLDOUT,2026-03-01,16:00,MATCH_KICKOFF_TIME_TIMEZONE_NOT_STATED_BY_SOURCE,,NOT_VERIFIED_DO_NOT_INFER,Altach,SK Rapid,1,1,D,EVALUATION_ONLY_JOIN_AFTER_PREMATCH_FEATURE_FREEZE,2.74,2.94,2.64,EXTERNAL_HISTORICAL_MARKET_BENCHMARK,NOT_AVAILABLE,NOT_GOLDBET,849cbf07f9c5f7db9e29392c3c429edc9ae639d9547e1a52cf82b9daba049e27,1486.5685236660545,1502.5339621786204,-15.965438512565925,1.0,0.6000000000000001,1.2000000000000002,2.1930908236424784,116,116,False
08f36c2a39053684ce228c95,Bundesliga,2025/2026,HOLDOUT,2026-03-01,16:00,MATCH_KICKOFF_TIME_TIMEZONE_NOT_STATED_BY_SOURCE,,NOT_VERIFIED_DO_NOT_INFER,Austria Vienna,LASK,2,2,D,EVALUATION_ONLY_JOIN_AFTER_PREMATCH_FEATURE_FREEZE,2.76,2.94,2.63,EXTERNAL_HISTORICAL_MARKET_BENCHMARK,NOT_AVAILABLE,NOT_GOLDBET,811b8da9fd8335de4234bee3918c68cc5c4efc6cb4502ed82c0c4ff079928393,1542.437382627965,1548.61953261492,-6.1821499869549825,0.19999999999999996,1.2000000000000002,-0.20000000000000018,23.82903700602583,116,116,False
cd3c2ff5d9a82bc0c159e8a1,Bundesliga,2025/2026,HOLDOUT,2026-03-01,16:00,MATCH_KICKOFF_TIME_TIMEZONE_NOT_STATED_BY_SOURCE,,NOT_VERIFIED_DO_NOT_INFER,BW Linz,Tirol,2,3,A,EVALUATION_ONLY_JOIN_AFTER_PREMATCH_FEATURE_FREEZE,2.18,3.15,3.25,EXTERNAL_HISTORICAL_MARKET_BENCHMARK,NOT_AVAILABLE,NOT_GOLDBET,4a408112aba8b0a9cdb87e2960264256639796c6dc3ed7b7e30ea3ae6e1ca6ae,1414.7583679015866,1476.621989201697,-61.86362130011048,0.0,0.20000000000000007,-0.5999999999999999,0.21837649027361294,84,116,False
bf45fb3f41ee7d143f3b16cc,Bundesliga,2025/2026,HOLDOUT,2026-03-01,16:00,MATCH_KICKOFF_TIME_TIMEZONE_NOT_STATED_BY_SOURCE,,NOT_VERIFIED_DO_NOT_INFER,Grazer AK,Ried,2,1,H,EVALUATION_ONLY_JOIN_AFTER_PREMATCH_FEATURE_FREEZE,3.1,3.13,2.27,EXTERNAL_HISTORICAL_MARKET_BENCHMARK,NOT_AVAILABLE,NOT_GOLDBET,2b39cc9d0aeded320f1879a70f268d72d30e0847e299649e5969f3da281b7fc0,1444.563979906606,1500.8540914323664,-56.290111525760494,-1.2000000000000002,-1.2,0.8,26.03374674274346,52,52,False
4b1530b21a8ca8052ccd44d4,Bundesliga,2025/2026,HOLDOUT,2026-03-01,16:00,MATCH_KICKOFF_TIME_TIMEZONE_NOT_STATED_BY_SOURCE,,NOT_VERIFIED_DO_NOT_INFER,Salzburg,Hartberg,0,0,D,EVALUATION_ONLY_JOIN_AFTER_PREMATCH_FEATURE_FREEZE,1.43,4.41,6.27,EXTERNAL_HISTORICAL_MARKET_BENCHMARK,NOT_AVAILABLE,NOT_GOLDBET,e350668a52bdabb77c3645350d782a71fc55034e8cc918f9c22331ad8666c55e,1575.3914832163846,1531.4135777909491,43.97790542543544,0.19999999999999996,0.6,0.0,8.007122400669232,116,116,False
0ebe50d9c499633af6187429,Bundesliga,2025/2026,HOLDOUT,2026-03-01,16:00,MATCH_KICKOFF_TIME_TIMEZONE_NOT_STATED_BY_SOURCE,,NOT_VERIFIED_DO_NOT_INFER,Wolfsberger AC,Sturm Graz,2,2,D,EVALUATION_ONLY_JOIN_AFTER_PREMATCH_FEATURE_FREEZE,2.52,3.26,2.62,EXTERNAL_HISTORICAL_MARKET_BENCHMARK,NOT_AVAILABLE,NOT_GOLDBET,d9c552c9e820ae494725ffb8117051746571c4b843135e497d6d7cabf70a75d8,1494.6223072111625,1551.7107365988434,-57.08842938768089,-1.0,-0.6,-0.19999999999999996,14.804641850394773,116,116,False
1e551deabbb39d6eb2c17c14,Bundesliga,2025/2026,HOLDOUT,2026-03-08,16:00,MATCH_KICKOFF_TIME_TIMEZONE_NOT_STATED_BY_SOURCE,,NOT_VERIFIED_DO_NOT_INFER,Hartberg,BW Linz,1,1,D,EVALUATION_ONLY_JOIN_AFTER_PREMATCH_FEATURE_FREEZE,2.44,3.12,2.8,EXTERNAL_HISTORICAL_MARKET_BENCHMARK,NOT_AVAILABLE,NOT_GOLDBET,1168f4de90759d7cd00c34eff92d15f1e3ffe401c99414416c43b0f007e5d89d,1534.3200445982748,1404.8120067199673,129.5080378783075,1.0,0.8,1.6,-5.033145358117508,117,85,False
78b14715a99bed41c0f049f4,Bundesliga,2025/2026,HOLDOUT,2026-03-08,16:00,MATCH_KICKOFF_TIME_TIMEZONE_NOT_STATED_BY_SOURCE,,NOT_VERIFIED_DO_NOT_INFER,LASK,Wolfsberger AC,3,1,H,EVALUATION_ONLY_JOIN_AFTER_PREMATCH_FEATURE_FREEZE,1.75,3.78,3.98,EXTERNAL_HISTORICAL_MARKET_BENCHMARK,NOT_AVAILABLE,NOT_GOLDBET,c56327d1ef411f87ac21282ed2f47bc1bf3e3a1047e07ca22978bfef668ae30d,1550.156263654745,1494.538507434217,55.61775622052801,1.2000000000000002,0.4,2.4,12.512555941556684,117,117,False
5ff243cb9545774348be36d2,Bundesliga,2025/2026,HOLDOUT,2026-03-08,16:00,MATCH_KICKOFF_TIME_TIMEZONE_NOT_STATED_BY_SOURCE,,NOT_VERIFIED_DO_NOT_INFER,Ried,Austria Vienna,0,2,A,EVALUATION_ONLY_JOIN_AFTER_PREMATCH_FEATURE_FREEZE,2.3,3.11,2.97,EXTERNAL_HISTORICAL_MARKET_BENCHMARK,NOT_AVAILABLE,NOT_GOLDBET,fbcdc4aa8f25ae7f7273b58899677bbc9ee5246250abee44dd026aeff9f32a1e,1490.9608665480232,1540.90065158814,-49.9397850401167,-1.0,-0.8,0.8,-31.46923860006359,53,117,False
d05728d37da170332f0c46d2,Bundesliga,2025/2026,HOLDOUT,2026-03-08,16:00,MATCH_KICKOFF_TIME_TIMEZONE_NOT_STATED_BY_SOURCE,,NOT_VERIFIED_DO_NOT_INFER,SK Rapid,Salzburg,1,0,H,EVALUATION_ONLY_JOIN_AFTER_PREMATCH_FEATURE_FREEZE,3.52,3.53,1.91,EXTERNAL_HISTORICAL_MARKET_BENCHMARK,NOT_AVAILABLE,NOT_GOLDBET,4f8c2454e27aa3bad3ac8705687afb85717d306fc8ccdb179c64e82339fcd329,1503.7946357028466,1572.485016409059,-68.69038070621241,-0.40000000000000013,-0.6,-0.40000000000000013,-24.291092431926018,117,117,False
7bf4461d30292cea8e9df20a,Bundesliga,2025/2026,HOLDOUT,2026-03-08,16:00,MATCH_KICKOFF_TIME_TIMEZONE_NOT_STATED_BY_SOURCE,,NOT_VERIFIED_DO_NOT_INFER,Sturm Graz,Altach,2,0,H,EVALUATION_ONLY_JOIN_AFTER_PREMATCH_FEATURE_FREEZE,2.24,3.08,3.14,EXTERNAL_HISTORICAL_MARKET_BENCHMARK,NOT_AVAILABLE,NOT_GOLDBET,75d9d6ca42f2c5662735313e88571edc2730f46035dab7ced381ff34051c9aa3,1551.7945363757888,1485.3078501418283,66.48668623396043,-0.20000000000000018,0.0,1.0,-17.34789111679197,117,117,False
7d471f708f4c4b9448d6bdca,Bundesliga,2025/2026,HOLDOUT,2026-03-08,16:00,MATCH_KICKOFF_TIME_TIMEZONE_NOT_STATED_BY_SOURCE,,NOT_VERIFIED_DO_NOT_INFER,Tirol,Grazer AK,2,0,H,EVALUATION_ONLY_JOIN_AFTER_PREMATCH_FEATURE_FREEZE,2.34,3.14,2.91,EXTERNAL_HISTORICAL_MARKET_BENCHMARK,NOT_AVAILABLE,NOT_GOLDBET,2ca3c8fdf007776688eac0c16655520a81cc0ad5b85f745403b621b1901c453f,1486.5683503833163,1454.4572047909492,32.111145592367166,0.3999999999999999,0.2,0.8,-21.63818595976454,117,53,False
801d465d8a2f4fb9f825aac4,Bundesliga,2025/2026,HOLDOUT,2026-03-13,18:30,MATCH_KICKOFF_TIME_TIMEZONE_NOT_STATED_BY_SOURCE,,NOT_VERIFIED_DO_NOT_INFER,LASK,Hartberg,0,0,D,EVALUATION_ONLY_JOIN_AFTER_PREMATCH_FEATURE_FREEZE,1.61,3.8,5.14,EXTERNAL_HISTORICAL_MARKET_BENCHMARK,NOT_AVAILABLE,NOT_GOLDBET,e6ed6039da24fea2fedcfb231b6038622fd0aebc65e35b3bae959a6aa985aa96,1556.9461464768115,1529.349036624122,27.597109852689528,0.20000000000000018,-0.4,1.0,33.493113175128656,118,118,False
f0201f89cca6cb1a94ac02bf,Bundesliga,2025/2026,HOLDOUT,2026-03-14,16:00,MATCH_KICKOFF_TIME_TIMEZONE_NOT_STATED_BY_SOURCE,,NOT_VERIFIED_DO_NOT_INFER,Altach,BW Linz,3,1,H,EVALUATION_ONLY_JOIN_AFTER_PREMATCH_FEATURE_FREEZE,2.3,2.99,3.17,EXTERNAL_HISTORICAL_MARKET_BENCHMARK,NOT_AVAILABLE,NOT_GOLDBET,e401c008101264037cc813023e70e0bb584ecea8fcf0e0692cc0e03348fac9b1,1478.7956837961513,1409.78301469412,69.01266910203117,0.8,0.4,2.0,2.599740921723196,118,86,False
50c1059fa2046c64201de120,Bundesliga,2025/2026,HOLDOUT,2026-03-14,16:00,MATCH_KICKOFF_TIME_TIMEZONE_NOT_STATED_BY_SOURCE,,NOT_VERIFIED_DO_NOT_INFER,Grazer AK,Wolfsberger AC,2,0,H,EVALUATION_ONLY_JOIN_AFTER_PREMATCH_FEATURE_FREEZE,2.63,3.11,2.61,EXTERNAL_HISTORICAL_MARKET_BENCHMARK,NOT_AVAILABLE,NOT_GOLDBET,2c051fc83bda30335e019fcb44a5c07d5ed7b9a680f4daf4514ce9907c3c489f,1447.0479602906937,1487.7486246121507,-40.700664321457,0.6,0.6,2.0,29.198925519976456,54,118,False
25e4cee513a30974d48f98ba,Bundesliga,2025/2026,HOLDOUT,2026-03-14,16:00,MATCH_KICKOFF_TIME_TIMEZONE_NOT_STATED_BY_SOURCE,,NOT_VERIFIED_DO_NOT_INFER,Ried,Tirol,2,1,H,EVALUATION_ONLY_JOIN_AFTER_PREMATCH_FEATURE_FREEZE,1.94,3.28,3.82,EXTERNAL_HISTORICAL_MARKET_BENCHMARK,NOT_AVAILABLE,NOT_GOLDBET,de64a524553818c901b121af1a10f1971436eb189a8e3d2835f42e9f24543bec,1480.6713911824602,1493.9775948835718,-13.306203701111599,-1.6,-1.4,0.6000000000000001,18.647051488668012,54,118,False
771144ffa0c1f54eabb32dd8,Bundesliga,2025/2026,HOLDOUT,2026-03-15,13:30,MATCH_KICKOFF_TIME_TIMEZONE_NOT_STATED_BY_SOURCE,,NOT_VERIFIED_DO_NOT_INFER,Salzburg,SK Rapid,0,1,A,EVALUATION_ONLY_JOIN_AFTER_PREMATCH_FEATURE_FREEZE,1.67,3.74,4.58,EXTERNAL_HISTORICAL_MARKET_BENCHMARK,NOT_AVAILABLE,NOT_GOLDBET,aab113388bac874b8be9295d9f431c571e14d9d5588a48d7fc964ed2f31ee63a,1562.2349392968404,1514.0447128150652,48.1902264817752,-0.6000000000000001,0.0,0.7999999999999999,-11.550291591260248,118,118,False
d35a275475abba79442f335d,Bundesliga,2025/2026,HOLDOUT,2026-03-15,16:00,MATCH_KICKOFF_TIME_TIMEZONE_NOT_STATED_BY_SOURCE,,NOT_VERIFIED_DO_NOT_INFER,Austria Vienna,Sturm Graz,2,5,A,EVALUATION_ONLY_JOIN_AFTER_PREMATCH_FEATURE_FREEZE,2.51,3.1,2.76,EXTERNAL_HISTORICAL_MARKET_BENCHMARK,NOT_AVAILABLE,NOT_GOLDBET,ae7b42567ed3f28c190f363d4b43a836d2af7ae30e92c4a39fb04f16197803d5,1551.190126953703,1558.3067027214659,-7.116575767762924,0.0,0.4,1.4000000000000001,44.317161868819994,118,118,False
4b5f7c3e1d50b19adb33b404,Bundesliga,2025/2026,HOLDOUT,2026-03-20,18:30,MATCH_KICKOFF_TIME_TIMEZONE_NOT_STATED_BY_SOURCE,,NOT_VERIFIED_DO_NOT_INFER,Sturm Graz,Salzburg,1,1,D,EVALUATION_ONLY_JOIN_AFTER_PREMATCH_FEATURE_FREEZE,3.37,3.5,2,EXTERNAL_HISTORICAL_MARKET_BENCHMARK,NOT_AVAILABLE,NOT_GOLDBET,e926b3a43f1c2360e4e044cca5b8161e77dbf09c3de45a63d42c6e6a7e7392cb,1569.8171631662892,1549.2178691460542,20.599294020234993,1.0,0.6,0.7999999999999998,-28.193663783273678,119,119,False
1b5008006dce523e926679a7,Bundesliga,2025/2026,HOLDOUT,2026-03-21,16:00,MATCH_KICKOFF_TIME_TIMEZONE_NOT_STATED_BY_SOURCE,,NOT_VERIFIED_DO_NOT_INFER,BW Linz,Ried,3,2,H,EVALUATION_ONLY_JOIN_AFTER_PREMATCH_FEATURE_FREEZE,2.36,3.13,2.95,EXTERNAL_HISTORICAL_MARKET_BENCHMARK,NOT_AVAILABLE,NOT_GOLDBET,56e954521ff8d9ce0c6359468f28a4541b625e5a6a8d56ef8df8d8ab73e27306,1403.3345449518697,1489.3354692363298,-86.0009242844601,-0.19999999999999996,-0.19999999999999996,0.0,6.68975059950094,87,55,False
b7fe33396e16ec2c8a2ec7b4,Bundesliga,2025/2026,HOLDOUT,2026-03-21,16:00,MATCH_KICKOFF_TIME_TIMEZONE_NOT_STATED_BY_SOURCE,,NOT_VERIFIED_DO_NOT_INFER,Tirol,Grazer AK,1,5,A,EVALUATION_ONLY_JOIN_AFTER_PREMATCH_FEATURE_FREEZE,2.43,3.08,2.9,EXTERNAL_HISTORICAL_MARKET_BENCHMARK,NOT_AVAILABLE,NOT_GOLDBET,1782bd903f54d88deba6a4ff3386b367f0d15abbbafb0080a4db11b31473158b,1485.3135168297022,1456.4930513780591,28.82046545164303,0.6000000000000001,0.6,0.8,-31.6983628066007,119,55,False
6a67621d929ae8be989c3708,Bundesliga,2025/2026,HOLDOUT,2026-03-21,16:00,MATCH_KICKOFF_TIME_TIMEZONE_NOT_STATED_BY_SOURCE,,NOT_VERIFIED_DO_NOT_INFER,Wolfsberger AC,Altach,1,1,D,EVALUATION_ONLY_JOIN_AFTER_PREMATCH_FEATURE_FREEZE,2.21,3.17,3.18,EXTERNAL_HISTORICAL_MARKET_BENCHMARK,NOT_AVAILABLE,NOT_GOLDBET,14f31626084009cb15dad0812e8a3c086a939529fcafe692b5bfe3bfbff515bc,1478.3035335247853,1485.2441535384016,-6.940620013616353,-1.4000000000000001,-1.5999999999999999,0.3999999999999999,-18.780071545784267,119,119,False
8fb685a7c0f16d8696dbde67,Bundesliga,2025/2026,HOLDOUT,2026-03-22,13:30,MATCH_KICKOFF_TIME_TIMEZONE_NOT_STATED_BY_SOURCE,,NOT_VERIFIED_DO_NOT_INFER,Hartberg,Austria Vienna,0,1,A,EVALUATION_ONLY_JOIN_AFTER_PREMATCH_FEATURE_FREEZE,3.18,3.2,2.2,EXTERNAL_HISTORICAL_MARKET_BENCHMARK,NOT_AVAILABLE,NOT_GOLDBET,b0fd9dd259ff9b0cf1fb417b776bfb23e88c4bcf704280554ae7ab8617819902,1531.818185787498,1539.6796665088796,-7.8614807213816675,0.0,0.2,0.0,-22.82369836263115,119,119,False
c541ca8b4af3434fe67938c5,Bundesliga,2025/2026,HOLDOUT,2026-03-22,16:00,MATCH_KICKOFF_TIME_TIMEZONE_NOT_STATED_BY_SOURCE,,NOT_VERIFIED_DO_NOT_INFER,SK Rapid,LASK,4,2,H,EVALUATION_ONLY_JOIN_AFTER_PREMATCH_FEATURE_FREEZE,2.75,3.11,2.51,EXTERNAL_HISTORICAL_MARKET_BENCHMARK,NOT_AVAILABLE,NOT_GOLDBET,e69b74da4939dfae96eff004709d387c2ae8e07d2abc0daba07adacaec22d1fe,1527.0617829658513,1554.4769973134355,-27.415214347584197,0.8,0.8,-0.40000000000000013,8.090011741157468,119,119,False
afe1030e5922e7eff418a420,Bundesliga,2025/2026,HOLDOUT,2026-04-03,18:30,MATCH_KICKOFF_TIME_TIMEZONE_NOT_STATED_BY_SOURCE,,NOT_VERIFIED_DO_NOT_INFER,Ried,Altach,3,2,H,EVALUATION_ONLY_JOIN_AFTER_PREMATCH_FEATURE_FREEZE,2.13,3.08,3.43,EXTERNAL_HISTORICAL_MARKET_BENCHMARK,NOT_AVAILABLE,NOT_GOLDBET,2ca44ccab2b15e1bdd4c230e96db37b9a196cda0bfcc541e0bf1509a3edd6bf2,1478.588496438386,1486.7595624738383,-8.171066035452213,-0.8,-0.8,1.0,-26.970025603290196,56,120,False
3c5990b723ade07cda7df357,Bundesliga,2025/2026,HOLDOUT,2026-04-04,16:00,MATCH_KICKOFF_TIME_TIMEZONE_NOT_STATED_BY_SOURCE,,NOT_VERIFIED_DO_NOT_INFER,Grazer AK,BW Linz,2,1,H,EVALUATION_ONLY_JOIN_AFTER_PREMATCH_FEATURE_FREEZE,2.29,3.03,3.14,EXTERNAL_HISTORICAL_MARKET_BENCHMARK,NOT_AVAILABLE,NOT_GOLDBET,5f01ca08f52af2761d580795a92306c8662b0b77957d5fd2b9a2b5bca0d01542,1468.9952359795977,1414.0815177498134,54.91371822978431,1.0,1.4,1.8,-8.023140368916529,56,88,False
777a16a42d06702bc85a9a09,Bundesliga,2025/2026,HOLDOUT,2026-04-04,16:00,MATCH_KICKOFF_TIME_TIMEZONE_NOT_STATED_BY_SOURCE,,NOT_VERIFIED_DO_NOT_INFER,Tirol,Wolfsberger AC,3,1,H,EVALUATION_ONLY_JOIN_AFTER_PREMATCH_FEATURE_FREEZE,2.65,3.33,2.43,EXTERNAL_HISTORICAL_MARKET_BENCHMARK,NOT_AVAILABLE,NOT_GOLDBET,50e5acac2957bea6a4f0804b89dc311dd5bc3c0895785801252daab50edda64e,1472.8113322281636,1476.7881245893486,-3.976792361185062,0.9999999999999999,0.7999999999999999,1.4,-44.39980307130031,120,120,False
455a0294fd40cb9707a949cf,Bundesliga,2025/2026,HOLDOUT,2026-04-05,13:30,MATCH_KICKOFF_TIME_TIMEZONE_NOT_STATED_BY_SOURCE,,NOT_VERIFIED_DO_NOT_INFER,Hartberg,Salzburg,1,2,A,EVALUATION_ONLY_JOIN_AFTER_PREMATCH_FEATURE_FREEZE,5.22,4.01,1.54,EXTERNAL_HISTORICAL_MARKET_BENCHMARK,NOT_AVAILABLE,NOT_GOLDBET,c176773b77c440ef91dbdb79feb0707193257ae353a0d531844719effb835294,1520.3286830319826,1551.496965068052,-31.168282036069513,0.19999999999999996,-0.4,0.0,-30.317710990581872,120,120,False
4e5617e95a35f00112a4cb3e,Bundesliga,2025/2026,HOLDOUT,2026-04-05,13:30,MATCH_KICKOFF_TIME_TIMEZONE_NOT_STATED_BY_SOURCE,,NOT_VERIFIED_DO_NOT_INFER,LASK,Austria Vienna,4,1,H,EVALUATION_ONLY_JOIN_AFTER_PREMATCH_FEATURE_FREEZE,2.04,3.34,3.36,EXTERNAL_HISTORICAL_MARKET_BENCHMARK,NOT_AVAILABLE,NOT_GOLDBET,d55b77befc6e21785f3f642045ae9a6be819371074e3ec1977bcf6ba43e77ef3,1545.4121226793015,1551.169169264395,-5.757046585093349,-0.3999999999999999,-0.6000000000000001,0.19999999999999996,10.275605513751543,120,120,False
62abc241b03694b7d7532c27,Bundesliga,2025/2026,HOLDOUT,2026-04-05,16:00,MATCH_KICKOFF_TIME_TIMEZONE_NOT_STATED_BY_SOURCE,,NOT_VERIFIED_DO_NOT_INFER,SK Rapid,Sturm Graz,0,2,A,EVALUATION_ONLY_JOIN_AFTER_PREMATCH_FEATURE_FREEZE,1.99,3.3,3.53,EXTERNAL_HISTORICAL_MARKET_BENCHMARK,NOT_AVAILABLE,NOT_GOLDBET,cfc09c3adcedab64cdfb7a3960e457854e10d2e7b74a001aeb22fff2ddbcac4d,1536.1266575999853,1567.5380672442914,-31.411409644306104,0.3999999999999999,0.0,0.6000000000000001,35.750111761196194,120,120,False
b575a15f554c7c448428fac9,Bundesliga,2025/2026,HOLDOUT,2026-04-10,18:30,MATCH_KICKOFF_TIME_TIMEZONE_NOT_STATED_BY_SOURCE,,NOT_VERIFIED_DO_NOT_INFER,Salzburg,LASK,2,3,A,EVALUATION_ONLY_JOIN_AFTER_PREMATCH_FEATURE_FREEZE,1.83,3.78,3.7,EXTERNAL_HISTORICAL_MARKET_BENCHMARK,NOT_AVAILABLE,NOT_GOLDBET,2101fcd552ce7cce18c9dc40fe3bce23b4f76f5113f284de9dec32aca9076559,1562.324908971353,1553.8634473773677,8.461461593985177,-0.6000000000000001,-0.8,-0.3999999999999999,-1.0314212818834676,121,121,False
ac8151c0b9ddc709c36ee2ff,Bundesliga,2025/2026,HOLDOUT,2026-04-11,16:00,MATCH_KICKOFF_TIME_TIMEZONE_NOT_STATED_BY_SOURCE,,NOT_VERIFIED_DO_NOT_INFER,Altach,Grazer AK,1,0,H,EVALUATION_ONLY_JOIN_AFTER_PREMATCH_FEATURE_FREEZE,2.66,2.97,2.69,EXTERNAL_HISTORICAL_MARKET_BENCHMARK,NOT_AVAILABLE,NOT_GOLDBET,51394448aed279c5894818da173e3a7679271133af2a3fb2a4c8c53837b320f5,1478.2403511852965,1475.8033062908694,2.4370448944271175,-1.4,-1.4,1.4000000000000001,9.28748844087022,121,57,False
ae7f9d38118d26330f1b9f70,Bundesliga,2025/2026,HOLDOUT,2026-04-11,16:00,MATCH_KICKOFF_TIME_TIMEZONE_NOT_STATED_BY_SOURCE,,NOT_VERIFIED_DO_NOT_INFER,Wolfsberger AC,Ried,0,0,D,EVALUATION_ONLY_JOIN_AFTER_PREMATCH_FEATURE_FREEZE,2.5,3.38,2.57,EXTERNAL_HISTORICAL_MARKET_BENCHMARK,NOT_AVAILABLE,NOT_GOLDBET,be3a0d269fa2f1cfe66b5855a799b0cbf37c1dcba5b12f37b07b0c623bd676be,1468.3867707019026,1487.1077077269279,-18.72093702502525,-0.7999999999999999,-0.7999999999999999,0.3999999999999999,27.48682250136426,121,57,False
4c60d25ee6c03ef28354ef42,Bundesliga,2025/2026,HOLDOUT,2026-04-11,18:30,MATCH_KICKOFF_TIME_TIMEZONE_NOT_STATED_BY_SOURCE,,NOT_VERIFIED_DO_NOT_INFER,BW Linz,Tirol,5,0,H,EVALUATION_ONLY_JOIN_AFTER_PREMATCH_FEATURE_FREEZE,2.23,3.33,3,EXTERNAL_HISTORICAL_MARKET_BENCHMARK,NOT_AVAILABLE,NOT_GOLDBET,ff81b94398d96902e71ddae1d39cf41e477f3da5a8b7309d0e06c18052ff1a23,1407.2734474385418,1481.2126861156096,-73.9392386770678,-1.0,-0.6,0.19999999999999996,32.980056593929476,89,121,False
9052305c501f45e602dd7c87,Bundesliga,2025/2026,HOLDOUT,2026-04-12,13:30,MATCH_KICKOFF_TIME_TIMEZONE_NOT_STATED_BY_SOURCE,,NOT_VERIFIED_DO_NOT_INFER,Sturm Graz,Hartberg,0,0,D,EVALUATION_ONLY_JOIN_AFTER_PREMATCH_FEATURE_FREEZE,1.61,3.88,4.91,EXTERNAL_HISTORICAL_MARKET_BENCHMARK,NOT_AVAILABLE,NOT_GOLDBET,c5b98e4f9e2a9f1a1a02a6cdf78efb97970f224ce3a69ee6a6775b38e3cc71e2,1578.3590609400937,1509.5007391286817,68.858321811412,1.6,1.7999999999999998,1.2000000000000002,-2.37229138747216,121,121,False
05aa6114e016c66c77d6f0a1,Bundesliga,2025/2026,HOLDOUT,2026-04-12,16:00,MATCH_KICKOFF_TIME_TIMEZONE_NOT_STATED_BY_SOURCE,,NOT_VERIFIED_DO_NOT_INFER,Austria Vienna,SK Rapid,1,1,D,EVALUATION_ONLY_JOIN_AFTER_PREMATCH_FEATURE_FREEZE,2.6,3.02,2.72,EXTERNAL_HISTORICAL_MARKET_BENCHMARK,NOT_AVAILABLE,NOT_GOLDBET,9c4ef1157123140b80d2bb09f789916959239f3b4d14e50bc5dbe3eba3323a1c,1542.7178445663287,1525.305663904183,17.41218066214583,-0.6000000000000001,-1.0,0.6000000000000001,-13.637226715694396,121,121,False
df367a5b4a58c65ea6e8292c,Bundesliga,2025/2026,HOLDOUT,2026-04-17,18:30,MATCH_KICKOFF_TIME_TIMEZONE_NOT_STATED_BY_SOURCE,,NOT_VERIFIED_DO_NOT_INFER,Grazer AK,Ried,1,1,D,EVALUATION_ONLY_JOIN_AFTER_PREMATCH_FEATURE_FREEZE,2.49,2.98,2.84,EXTERNAL_HISTORICAL_MARKET_BENCHMARK,NOT_AVAILABLE,NOT_GOLDBET,c7e301cc6b8ef48717fe70e98163b40ef00680eb7b8fffe811e99bebef1b71dd,1467.5812899542436,1488.2902556199642,-20.708965665720598,0.40000000000000013,1.0,1.6,-8.281352767808585,58,58,False
fbf3d698e241f71abeb9681d,Bundesliga,2025/2026,HOLDOUT,2026-04-18,16:00,MATCH_KICKOFF_TIME_TIMEZONE_NOT_STATED_BY_SOURCE,,NOT_VERIFIED_DO_NOT_INFER,Tirol,Altach,2,2,D,EVALUATION_ONLY_JOIN_AFTER_PREMATCH_FEATURE_FREEZE,2.67,3.04,2.58,EXTERNAL_HISTORICAL_MARKET_BENCHMARK,NOT_AVAILABLE,NOT_GOLDBET,e7f40ce21f685d6edcd9d411583c6f5eab8d0eede704fa9ee6435d976f9579f9,1470.8116977020782,1486.4623675219223,-15.650669819844097,-0.19999999999999996,-1.2,1.6,-23.71793358891796,122,122,False
d0d8aa7a4c667b6462559885,Bundesliga,2025/2026,HOLDOUT,2026-04-18,16:00,MATCH_KICKOFF_TIME_TIMEZONE_NOT_STATED_BY_SOURCE,,NOT_VERIFIED_DO_NOT_INFER,Wolfsberger AC,BW Linz,0,0,D,EVALUATION_ONLY_JOIN_AFTER_PREMATCH_FEATURE_FREEZE,2.56,3.3,2.52,EXTERNAL_HISTORICAL_MARKET_BENCHMARK,NOT_AVAILABLE,NOT_GOLDBET,3f49ce2c2445525b3dc4c5372f72368a283d979bb08907b0367e7b66dd697bbb,1467.2042228088662,1417.6744358520732,49.52978695679303,-0.9999999999999999,-1.7999999999999998,1.2,-2.0583404574063024,122,90,False
7e8a08e980cc0b07e2e49586,Bundesliga,2025/2026,HOLDOUT,2026-04-19,13:30,MATCH_KICKOFF_TIME_TIMEZONE_NOT_STATED_BY_SOURCE,,NOT_VERIFIED_DO_NOT_INFER,Austria Vienna,Salzburg,1,3,A,EVALUATION_ONLY_JOIN_AFTER_PREMATCH_FEATURE_FREEZE,3.54,3.61,1.89,EXTERNAL_HISTORICAL_MARKET_BENCHMARK,NOT_AVAILABLE,NOT_GOLDBET,b4e9a5297a86d17df2685e6275bf003810e0f168f925b8d5d7315b50a4534c71,1540.5258960517817,1550.3795429255842,-9.853646873802518,0.5999999999999999,-0.19999999999999996,0.0,-2.0090200906161044,122,122,False
3ddba490bcb678e7f070584f,Bundesliga,2025/2026,HOLDOUT,2026-04-19,13:30,MATCH_KICKOFF_TIME_TIMEZONE_NOT_STATED_BY_SOURCE,,NOT_VERIFIED_DO_NOT_INFER,Hartberg,SK Rapid,2,2,D,EVALUATION_ONLY_JOIN_AFTER_PREMATCH_FEATURE_FREEZE,3.65,3.27,1.97,EXTERNAL_HISTORICAL_MARKET_BENCHMARK,NOT_AVAILABLE,NOT_GOLDBET,b0721ad6d5f1b40cd7ef391219e946da5c02dc691b5c7d10a24c50eca4739852,1513.0483866472746,1527.49761241873,-14.449225771455303,-1.4,-0.8,-0.19999999999999996,-33.63180382323003,122,122,False
258130c26925f59424e22537,Bundesliga,2025/2026,HOLDOUT,2026-04-19,16:00,MATCH_KICKOFF_TIME_TIMEZONE_NOT_STATED_BY_SOURCE,,NOT_VERIFIED_DO_NOT_INFER,LASK,Sturm Graz,1,1,D,EVALUATION_ONLY_JOIN_AFTER_PREMATCH_FEATURE_FREEZE,1.85,3.67,3.67,EXTERNAL_HISTORICAL_MARKET_BENCHMARK,NOT_AVAILABLE,NOT_GOLDBET,a575925ca938539d651a4e70c231d9745ad6b3c174f4f5376bd60d839a05ecbf,1565.8088134231364,1574.811413421501,-9.00259999836453,-0.20000000000000018,-0.5999999999999999,0.6000000000000001,6.620032457936986,122,122,False
b9eba260b73b22778a29d967,Bundesliga,2025/2026,HOLDOUT,2026-04-21,17:30,MATCH_KICKOFF_TIME_TIMEZONE_NOT_STATED_BY_SOURCE,,NOT_VERIFIED_DO_NOT_INFER,Altach,Tirol,0,0,D,EVALUATION_ONLY_JOIN_AFTER_PREMATCH_FEATURE_FREEZE,2.22,3.12,3.17,EXTERNAL_HISTORICAL_MARKET_BENCHMARK,NOT_AVAILABLE,NOT_GOLDBET,6eea6deece3a062334fb4050b1ce7f3b91ad71698fad3b5a000b00fa7c8d43c2,1487.7319558100232,1469.5421094139772,18.18984639604605,0.8,2.0,2.0,1.1203333079813547,123,123,False
958dce60ec4aba6283abf072,Bundesliga,2025/2026,HOLDOUT,2026-04-21,17:30,MATCH_KICKOFF_TIME_TIMEZONE_NOT_STATED_BY_SOURCE,,NOT_VERIFIED_DO_NOT_INFER,BW Linz,Wolfsberger AC,3,0,H,EVALUATION_ONLY_JOIN_AFTER_PREMATCH_FEATURE_FREEZE,1.94,3.38,3.61,EXTERNAL_HISTORICAL_MARKET_BENCHMARK,NOT_AVAILABLE,NOT_GOLDBET,c1fc3c8a3491e4162d102f530cc706be8e2d614314ce04bf2978ec712a9fbf14,1420.7265111495233,1464.1521475114162,-43.425636361892884,0.7999999999999999,1.4,2.0,15.131541660058701,91,123,False
8added9f3a33c818a3708b25,Bundesliga,2025/2026,HOLDOUT,2026-04-21,19:30,MATCH_KICKOFF_TIME_TIMEZONE_NOT_STATED_BY_SOURCE,,NOT_VERIFIED_DO_NOT_INFER,Ried,Grazer AK,2,1,H,EVALUATION_ONLY_JOIN_AFTER_PREMATCH_FEATURE_FREEZE,1.97,3.19,3.77,EXTERNAL_HISTORICAL_MARKET_BENCHMARK,NOT_AVAILABLE,NOT_GOLDBET,932d9cebd2660215d02e1737d175e30539c92558dc5087370681b281fd490b20,1489.4163460395878,1466.45519953462,22.9611465049677,-0.3999999999999999,-1.0,1.2,-6.726900606299978,59,59,False
111d1febc86a829a14d4ab3f,Bundesliga,2025/2026,HOLDOUT,2026-04-22,17:30,MATCH_KICKOFF_TIME_TIMEZONE_NOT_STATED_BY_SOURCE,,NOT_VERIFIED_DO_NOT_INFER,SK Rapid,Hartberg,0,2,A,EVALUATION_ONLY_JOIN_AFTER_PREMATCH_FEATURE_FREEZE,1.57,3.79,5.36,EXTERNAL_HISTORICAL_MARKET_BENCHMARK,NOT_AVAILABLE,NOT_GOLDBET,d5aaaa844940866e5354f354406f95840ef9f57f77096db9bda36d4cf9e6cf2d,1528.8012085955804,1511.744790470424,17.05641812515637,1.0,0.6000000000000001,0.6000000000000001,-2.792643268879374,123,123,False
97a6b3d384786654a4b0fa69,Bundesliga,2025/2026,HOLDOUT,2026-04-22,17:30,MATCH_KICKOFF_TIME_TIMEZONE_NOT_STATED_BY_SOURCE,,NOT_VERIFIED_DO_NOT_INFER,Salzburg,Austria Vienna,3,1,H,EVALUATION_ONLY_JOIN_AFTER_PREMATCH_FEATURE_FREEZE,1.53,4.13,5.25,EXTERNAL_HISTORICAL_MARKET_BENCHMARK,NOT_AVAILABLE,NOT_GOLDBET,f151cb74a49646cad9d901189691b7b5011344a61a93d12051f21b990e1a4cdd,1561.8129313565307,1529.0925076208352,32.720423735695476,0.5999999999999999,1.5999999999999999,-1.0,-2.5284631151091617,123,123,False
83fdc6d9ee6f97605f5599a8,Bundesliga,2025/2026,HOLDOUT,2026-04-22,19:30,MATCH_KICKOFF_TIME_TIMEZONE_NOT_STATED_BY_SOURCE,,NOT_VERIFIED_DO_NOT_INFER,Sturm Graz,LASK,1,1,D,EVALUATION_ONLY_JOIN_AFTER_PREMATCH_FEATURE_FREEZE,3.3,3.48,2.01,EXTERNAL_HISTORICAL_MARKET_BENCHMARK,NOT_AVAILABLE,NOT_GOLDBET,186cde5be090711838da26cc920624753894844bcb3b6bc54ef049c43e8cf5d1,1576.2687852049255,1564.3514416397118,11.917343565213741,0.19999999999999996,0.6,0.6000000000000001,-6.574420999132371,123,123,False
0f2e44b028c5e40260482753,Bundesliga,2025/2026,HOLDOUT,2026-04-24,18:30,MATCH_KICKOFF_TIME_TIMEZONE_NOT_STATED_BY_SOURCE,,NOT_VERIFIED_DO_NOT_INFER,BW Linz,Altach,3,0,H,EVALUATION_ONLY_JOIN_AFTER_PREMATCH_FEATURE_FREEZE,2.03,3.21,3.49,EXTERNAL_HISTORICAL_MARKET_BENCHMARK,NOT_AVAILABLE,NOT_GOLDBET,427022892fdc38a7f43a8376278e07d26429071e628580bdea928252062549bc,1430.249824168966,1485.5187101839492,-55.26888601498331,0.8,1.6,1.7999999999999998,-0.4298763436554509,92,124,False
ae8a517b9dce2f0b829404eb,Bundesliga,2025/2026,HOLDOUT,2026-04-25,16:00,MATCH_KICKOFF_TIME_TIMEZONE_NOT_STATED_BY_SOURCE,,NOT_VERIFIED_DO_NOT_INFER,Tirol,Ried,1,0,H,EVALUATION_ONLY_JOIN_AFTER_PREMATCH_FEATURE_FREEZE,2.86,3.2,2.33,EXTERNAL_HISTORICAL_MARKET_BENCHMARK,NOT_AVAILABLE,NOT_GOLDBET,b655881dfa01030cc8bb52dbf27dabf0db4cad1d1017e69c546840cf57e87854,1471.7553550400512,1497.072902273625,-25.317547233573805,-0.6000000000000001,-1.5999999999999999,1.0,4.446315824284056,124,60,False
9269db83a8ad1ffdd40d19d1,Bundesliga,2025/2026,HOLDOUT,2026-04-25,16:00,MATCH_KICKOFF_TIME_TIMEZONE_NOT_STATED_BY_SOURCE,,NOT_VERIFIED_DO_NOT_INFER,Wolfsberger AC,Grazer AK,1,0,H,EVALUATION_ONLY_JOIN_AFTER_PREMATCH_FEATURE_FREEZE,2.23,3.21,3.01,EXTERNAL_HISTORICAL_MARKET_BENCHMARK,NOT_AVAILABLE,NOT_GOLDBET,159ca963150f4b80cc5038c6c4328edd002960c78039af0a22d3d2e146a8245f,1454.6288344919735,1458.7986433005829,-4.169808808609332,-0.7999999999999999,-1.6,0.4,-14.355569385855233,124,60,False
3fcc174e1846a1ed24c1752c,Bundesliga,2025/2026,HOLDOUT,2026-04-26,13:30,MATCH_KICKOFF_TIME_TIMEZONE_NOT_STATED_BY_SOURCE,,NOT_VERIFIED_DO_NOT_INFER,Hartberg,LASK,1,5,A,EVALUATION_ONLY_JOIN_AFTER_PREMATCH_FEATURE_FREEZE,5.26,4.01,1.53,EXTERNAL_HISTORICAL_MARKET_BENCHMARK,NOT_AVAILABLE,NOT_GOLDBET,0eddd07db7eb8ff68d06ee3a7c7cebbe9bf58c6ba2675d344bd71ea6d7d9f1b4,1523.9269891101615,1566.3923236624146,-42.465334552253125,-0.6000000000000001,-0.4,-0.19999999999999996,-13.160309259337964,124,124,False
8201bbda5c86c13cc24486b8,Bundesliga,2025/2026,HOLDOUT,2026-04-26,13:30,MATCH_KICKOFF_TIME_TIMEZONE_NOT_STATED_BY_SOURCE,,NOT_VERIFIED_DO_NOT_INFER,SK Rapid,Salzburg,1,0,H,EVALUATION_ONLY_JOIN_AFTER_PREMATCH_FEATURE_FREEZE,3.29,3.47,2,EXTERNAL_HISTORICAL_MARKET_BENCHMARK,NOT_AVAILABLE,NOT_GOLDBET,d03e769072a752978ac0b84dd463b611332d675c29d926fda3371b8af25597cc,1516.619009955843,1569.2058239159915,-52.58681396014845,-1.0,-1.2000000000000002,-0.19999999999999996,-4.820322201300314,124,124,False
197ecbc42bca8e0e8f121f56,Bundesliga,2025/2026,HOLDOUT,2026-04-26,16:00,MATCH_KICKOFF_TIME_TIMEZONE_NOT_STATED_BY_SOURCE,,NOT_VERIFIED_DO_NOT_INFER,Sturm Graz,Austria Vienna,1,1,D,EVALUATION_ONLY_JOIN_AFTER_PREMATCH_FEATURE_FREEZE,2.15,3.24,3.17,EXTERNAL_HISTORICAL_MARKET_BENCHMARK,NOT_AVAILABLE,NOT_GOLDBET,008eef69b1fca55373d0968fb1c05c060abe2ca3497355597b5982cf054292d7,1574.2279031822227,1521.6996150613745,52.528288120848174,0.5999999999999999,1.6,0.6000000000000001,2.0554148568944584,124,124,False
603683fbdc28486486838891,Bundesliga,2025/2026,HOLDOUT,2026-05-02,16:00,MATCH_KICKOFF_TIME_TIMEZONE_NOT_STATED_BY_SOURCE,,NOT_VERIFIED_DO_NOT_INFER,Grazer AK,Tirol,4,0,H,EVALUATION_ONLY_JOIN_AFTER_PREMATCH_FEATURE_FREEZE,2.18,3.05,3.27,EXTERNAL_HISTORICAL_MARKET_BENCHMARK,NOT_AVAILABLE,NOT_GOLDBET,83449a9d86b4b492be2fee87f7a47ce22b7471fc96e684fc2f925906114ff9ed,1450.3918754521258,1480.7604164191334,-30.368540967007675,-0.8,0.0,1.4000000000000001,-6.1342985093651805,61,125,False
c9ab46904754b5ef4cfdf581,Bundesliga,2025/2026,HOLDOUT,2026-05-02,16:00,MATCH_KICKOFF_TIME_TIMEZONE_NOT_STATED_BY_SOURCE,,NOT_VERIFIED_DO_NOT_INFER,Ried,BW Linz,2,0,H,EVALUATION_ONLY_JOIN_AFTER_PREMATCH_FEATURE_FREEZE,2.37,3.13,2.87,EXTERNAL_HISTORICAL_MARKET_BENCHMARK,NOT_AVAILABLE,NOT_GOLDBET,c8148c084a439742fc5027e2afd3883df4b289e1c0b5d96e09c47c3e7c33422f,1488.0678408945428,1440.1136601784344,47.95418071610834,-0.3999999999999999,-1.8,1.6,-1.2289649789568102,61,93,False
36b5531bea6a86a11ff85e66,Bundesliga,2025/2026,HOLDOUT,2026-05-03,13:30,MATCH_KICKOFF_TIME_TIMEZONE_NOT_STATED_BY_SOURCE,,NOT_VERIFIED_DO_NOT_INFER,Austria Vienna,Hartberg,1,0,H,EVALUATION_ONLY_JOIN_AFTER_PREMATCH_FEATURE_FREEZE,1.69,3.56,4.61,EXTERNAL_HISTORICAL_MARKET_BENCHMARK,NOT_AVAILABLE,NOT_GOLDBET,0bceb144df35298bbbef1c3eba83a2ad71aeb911703115450b84ae0983cdfd5f,1524.8297472752292,1513.422728930668,11.407018344561266,-0.6,-0.7999999999999999,-0.3999999999999999,0.9181986725900515,125,125,False
5aa863af8abb0ea6e6065dbd,Bundesliga,2025/2026,HOLDOUT,2026-05-03,16:00,MATCH_KICKOFF_TIME_TIMEZONE_NOT_STATED_BY_SOURCE,,NOT_VERIFIED_DO_NOT_INFER,Salzburg,Sturm Graz,1,1,D,EVALUATION_ONLY_JOIN_AFTER_PREMATCH_FEATURE_FREEZE,1.61,4.07,4.51,EXTERNAL_HISTORICAL_MARKET_BENCHMARK,NOT_AVAILABLE,NOT_GOLDBET,c06fa653140985f2c75f79a8417640b6a23cc5809ac737b6e2a332c0a77808d4,1559.4191601881932,1571.097770968368,-11.678610780174722,0.40000000000000013,0.19999999999999996,-0.8,-7.411544563015923,125,125,False
6b2a86d35929c26b46846605,Bundesliga,2025/2026,HOLDOUT,2026-05-04,17:30,MATCH_KICKOFF_TIME_TIMEZONE_NOT_STATED_BY_SOURCE,,NOT_VERIFIED_DO_NOT_INFER,Altach,Wolfsberger AC,1,4,A,EVALUATION_ONLY_JOIN_AFTER_PREMATCH_FEATURE_FREEZE,2.51,3.12,2.68,EXTERNAL_HISTORICAL_MARKET_BENCHMARK,NOT_AVAILABLE,NOT_GOLDBET,740f441ce42e065e97549ad57e309af144cfc4805339300b53160ee06f82e42e,1475.6548741744807,1463.0356023404306,12.619271834050096,0.0,0.20000000000000007,2.2,13.57536075140115,125,125,False
32927e99a780917f64d6ce4c,Bundesliga,2025/2026,HOLDOUT,2026-05-04,19:30,MATCH_KICKOFF_TIME_TIMEZONE_NOT_STATED_BY_SOURCE,,NOT_VERIFIED_DO_NOT_INFER,LASK,SK Rapid,3,1,H,EVALUATION_ONLY_JOIN_AFTER_PREMATCH_FEATURE_FREEZE,1.9,3.57,3.5,EXTERNAL_HISTORICAL_MARKET_BENCHMARK,NOT_AVAILABLE,NOT_GOLDBET,aba070a2aac5d212a86dcd9919fba1c07cdad969b1d60aa83fd069e096002c78,1576.896583841908,1526.4056736836412,50.49091015826684,1.2000000000000002,2.2,0.40000000000000013,16.849270625605186,125,125,False
855cd8776f7c95612f508ab9,Bundesliga,2025/2026,HOLDOUT,2026-05-09,16:00,MATCH_KICKOFF_TIME_TIMEZONE_NOT_STATED_BY_SOURCE,,NOT_VERIFIED_DO_NOT_INFER,Grazer AK,Altach,2,2,D,EVALUATION_ONLY_JOIN_AFTER_PREMATCH_FEATURE_FREEZE,2.24,3.05,3.22,EXTERNAL_HISTORICAL_MARKET_BENCHMARK,NOT_AVAILABLE,NOT_GOLDBET,846fdde640082327c9ab048effbc33e03e08fae2e4c435bca2ed0a2ca68d2fa6,1459.5410753358913,1463.5946385386474,-4.053563202756095,-0.19999999999999996,1.2,2.2,16.378732767926977,62,126,False
76b538fa4d1e94c4fddc95b1,Bundesliga,2025/2026,HOLDOUT,2026-05-09,16:00,MATCH_KICKOFF_TIME_TIMEZONE_NOT_STATED_BY_SOURCE,,NOT_VERIFIED_DO_NOT_INFER,Ried,Wolfsberger AC,0,1,A,EVALUATION_ONLY_JOIN_AFTER_PREMATCH_FEATURE_FREEZE,2.02,3.41,3.38,EXTERNAL_HISTORICAL_MARKET_BENCHMARK,NOT_AVAILABLE,NOT_GOLDBET,e70a59421c0e742ef53112f63e7eea7f8b6c2719122eb4b9703ba5ff4590c724,1495.0569475190666,1475.095837976264,19.96110954280266,0.0,0.2,1.7999999999999998,10.866020641132764,62,126,False
69978fbeb18d87187daee7b6,Bundesliga,2025/2026,HOLDOUT,2026-05-09,16:00,MATCH_KICKOFF_TIME_TIMEZONE_NOT_STATED_BY_SOURCE,,NOT_VERIFIED_DO_NOT_INFER,Tirol,BW Linz,1,1,D,EVALUATION_ONLY_JOIN_AFTER_PREMATCH_FEATURE_FREEZE,2.73,3.23,2.43,EXTERNAL_HISTORICAL_MARKET_BENCHMARK,NOT_AVAILABLE,NOT_GOLDBET,ca7fbc1409236ea0dc7c68e7464b9511b3138691fcf9d792c8198be7b5765da7,1471.611216535368,1433.1245535539106,38.48666298145736,-1.0,-3.4000000000000004,1.6,-11.444611803628959,126,94,False
600d1a083ffb472427d6df98,Bundesliga,2025/2026,HOLDOUT,2026-05-10,16:00,MATCH_KICKOFF_TIME_TIMEZONE_NOT_STATED_BY_SOURCE,,NOT_VERIFIED_DO_NOT_INFER,Hartberg,Sturm Graz,2,4,A,EVALUATION_ONLY_JOIN_AFTER_PREMATCH_FEATURE_FREEZE,4.67,3.71,1.66,EXTERNAL_HISTORICAL_MARKET_BENCHMARK,NOT_AVAILABLE,NOT_GOLDBET,bb917eadd1ce642ec5b7e7b796ab4d87f98d2d97783693e4bee2ef5903172a93,1505.449530200593,1572.4796736395265,-67.03014343893346,0.0,-0.6,-1.4,1.0200366901901816,126,126,False
b66a56b9900b9c306fc1c95a,Bundesliga,2025/2026,HOLDOUT,2026-05-10,16:00,MATCH_KICKOFF_TIME_TIMEZONE_NOT_STATED_BY_SOURCE,,NOT_VERIFIED_DO_NOT_INFER,LASK,Salzburg,2,1,H,EVALUATION_ONLY_JOIN_AFTER_PREMATCH_FEATURE_FREEZE,2.1,3.65,2.97,EXTERNAL_HISTORICAL_MARKET_BENCHMARK,NOT_AVAILABLE,NOT_GOLDBET,8644b53cf3b1e9a91752a77167a2ea91ce9d6667f10ae00df8f0909640e4d3f6,1583.8194433079439,1558.0372575170347,25.782185790909125,0.8000000000000003,0.9999999999999999,0.8000000000000003,10.507827683477217,126,126,False
0dcb8916c48f5c21da319fc1,Bundesliga,2025/2026,HOLDOUT,2026-05-10,16:00,MATCH_KICKOFF_TIME_TIMEZONE_NOT_STATED_BY_SOURCE,,NOT_VERIFIED_DO_NOT_INFER,SK Rapid,Austria Vienna,0,2,A,EVALUATION_ONLY_JOIN_AFTER_PREMATCH_FEATURE_FREEZE,2.19,3.31,3.08,EXTERNAL_HISTORICAL_MARKET_BENCHMARK,NOT_AVAILABLE,NOT_GOLDBET,5a1b65b27738b840229ba05ff9890986c0ee6717e8379e85cdfb5773515fb34a,1519.4828142176054,1532.8029460053042,-13.320131787698756,0.0,0.0,0.40000000000000013,-2.307068171452329,126,126,False
b190148c2362be0f6146f097,Bundesliga,2025/2026,HOLDOUT,2026-05-16,16:00,MATCH_KICKOFF_TIME_TIMEZONE_NOT_STATED_BY_SOURCE,,NOT_VERIFIED_DO_NOT_INFER,Altach,Ried,2,0,H,EVALUATION_ONLY_JOIN_AFTER_PREMATCH_FEATURE_FREEZE,1.66,3.57,4.8,EXTERNAL_HISTORICAL_MARKET_BENCHMARK,NOT_AVAILABLE,NOT_GOLDBET,b598fe270b0a3ce84d3e41d24fc19b7d681b694ded8d2eaa9f2eb76fbfa7ef34,1465.1911314038878,1482.7952731894097,-17.60414178552196,-0.7999999999999999,-1.4,1.2000000000000002,-5.564206744453941,127,63,False
9cffcd85b009ebf45922c5ce,Bundesliga,2025/2026,HOLDOUT,2026-05-16,16:00,MATCH_KICKOFF_TIME_TIMEZONE_NOT_STATED_BY_SOURCE,,NOT_VERIFIED_DO_NOT_INFER,BW Linz,Grazer AK,0,3,A,EVALUATION_ONLY_JOIN_AFTER_PREMATCH_FEATURE_FREEZE,2.04,3.3,3.36,EXTERNAL_HISTORICAL_MARKET_BENCHMARK,NOT_AVAILABLE,NOT_GOLDBET,e954262ea12c581e4208fd814eaa4d811032d17f2f4bc7985f848e403f8f5dfb,1435.8856654942617,1457.9445824706509,-22.058916976389128,0.6000000000000001,0.4,1.7999999999999998,-0.02727063503266436,95,63,False
aaef5b72413895d03c872b6d,Bundesliga,2025/2026,HOLDOUT,2026-05-16,16:00,MATCH_KICKOFF_TIME_TIMEZONE_NOT_STATED_BY_SOURCE,,NOT_VERIFIED_DO_NOT_INFER,Wolfsberger AC,Tirol,2,0,H,EVALUATION_ONLY_JOIN_AFTER_PREMATCH_FEATURE_FREEZE,1.97,3.46,3.42,EXTERNAL_HISTORICAL_MARKET_BENCHMARK,NOT_AVAILABLE,NOT_GOLDBET,4d3ce31552e50214e84ea36922dedb01c52076dcf7a682cb2d8973ece7e64a8c,1487.3575123059209,1468.8501045950168,18.50740771090409,0.8,1.0,0.5999999999999999,-17.37444852317617,127,127,False
456bd0f22bc111cb9c7d03d4,Bundesliga,2025/2026,HOLDOUT,2026-05-17,13:30,MATCH_KICKOFF_TIME_TIMEZONE_NOT_STATED_BY_SOURCE,,NOT_VERIFIED_DO_NOT_INFER,Austria Vienna,LASK,0,3,A,EVALUATION_ONLY_JOIN_AFTER_PREMATCH_FEATURE_FREEZE,3.16,3.31,2.13,EXTERNAL_HISTORICAL_MARKET_BENCHMARK,NOT_AVAILABLE,NOT_GOLDBET,69784c61d24bd1bcf9610483dbd797c437104c23d098960065e1414e3785240f,1544.13847422127,1591.3994099869494,-47.260935765679505,-0.8000000000000003,-1.5999999999999999,-0.6000000000000001,-8.024839664930369,127,127,False
1fc8a3094f73dd3e4e003ad1,Bundesliga,2025/2026,HOLDOUT,2026-05-17,13:30,MATCH_KICKOFF_TIME_TIMEZONE_NOT_STATED_BY_SOURCE,,NOT_VERIFIED_DO_NOT_INFER,Salzburg,Hartberg,1,3,A,EVALUATION_ONLY_JOIN_AFTER_PREMATCH_FEATURE_FREEZE,1.22,6,10,EXTERNAL_HISTORICAL_MARKET_BENCHMARK,NOT_AVAILABLE,NOT_GOLDBET,69cc3320082e069898c72739720f1cd2d77b758ff3fc70047ea636acc12b1df9,1550.4572908380292,1495.6518463834523,54.8054444545769,0.5999999999999999,1.4,-0.19999999999999996,4.23081246265815,127,127,False
37f7d8faccca3932ada650b6,Bundesliga,2025/2026,HOLDOUT,2026-05-17,13:30,MATCH_KICKOFF_TIME_TIMEZONE_NOT_STATED_BY_SOURCE,,NOT_VERIFIED_DO_NOT_INFER,Sturm Graz,SK Rapid,2,0,H,EVALUATION_ONLY_JOIN_AFTER_PREMATCH_FEATURE_FREEZE,1.99,3.56,3.26,EXTERNAL_HISTORICAL_MARKET_BENCHMARK,NOT_AVAILABLE,NOT_GOLDBET,030550921c55ed58569ade4a77e8941150564ef82dcd856db3f8f9992504ea55,1582.2773574566672,1508.1472860016397,74.13007145502752,0.5999999999999999,1.4,0.19999999999999996,2.606005926421176,127,127,False
