fixture_key,competition,season,split,source_date,source_time,source_time_semantics,kickoff_utc,kickoff_utc_status,home_team,away_team,home_goals,away_goals,result,outcome_usage,avg_close_home,avg_close_draw,avg_close_away,close_source_class,open_price_status,goldbet_status,source_row_sha256
07e5fd78ef1a0162381a6d98,2. Bundesliga,2022/2023,DEVELOPMENT,2022-07-15,19:30,MATCH_KICKOFF_TIME_TIMEZONE_NOT_STATED_BY_SOURCE,,NOT_VERIFIED_DO_NOT_INFER,Kaiserslautern,Hannover,2,1,H,EVALUATION_ONLY_JOIN_AFTER_PREMATCH_FEATURE_FREEZE,2.47,3.37,2.82,EXTERNAL_HISTORICAL_MARKET_BENCHMARK,NOT_AVAILABLE,NOT_GOLDBET,045e49b1c024cf08c7f1acb6a06984dc5740d6a5cfeb32d56e395f7e8952896a
72218a2da2a961b1f45b5e50,2. Bundesliga,2022/2023,DEVELOPMENT,2022-07-16,12:00,MATCH_KICKOFF_TIME_TIMEZONE_NOT_STATED_BY_SOURCE,,NOT_VERIFIED_DO_NOT_INFER,Greuther Furth,Holstein Kiel,2,2,D,EVALUATION_ONLY_JOIN_AFTER_PREMATCH_FEATURE_FREEZE,2.16,3.48,3.23,EXTERNAL_HISTORICAL_MARKET_BENCHMARK,NOT_AVAILABLE,NOT_GOLDBET,2979cf4aa2f1232f511c000a50c9ebdbff4310e20a83a4eb76fd1c684bc495d5
7c3944b601edf1f1e4a0151b,2. Bundesliga,2022/2023,DEVELOPMENT,2022-07-16,12:00,MATCH_KICKOFF_TIME_TIMEZONE_NOT_STATED_BY_SOURCE,,NOT_VERIFIED_DO_NOT_INFER,Regensburg,Darmstadt,2,0,H,EVALUATION_ONLY_JOIN_AFTER_PREMATCH_FEATURE_FREEZE,3.31,3.76,2.04,EXTERNAL_HISTORICAL_MARKET_BENCHMARK,NOT_AVAILABLE,NOT_GOLDBET,bcb5487d996cac374b66064e0d3976778d37de7e6a654b9d4c301b551f3acfc8
25749ec72b94b96a65989eab,2. Bundesliga,2022/2023,DEVELOPMENT,2022-07-16,12:00,MATCH_KICKOFF_TIME_TIMEZONE_NOT_STATED_BY_SOURCE,,NOT_VERIFIED_DO_NOT_INFER,Sandhausen,Bielefeld,2,1,H,EVALUATION_ONLY_JOIN_AFTER_PREMATCH_FEATURE_FREEZE,2.78,3.23,2.55,EXTERNAL_HISTORICAL_MARKET_BENCHMARK,NOT_AVAILABLE,NOT_GOLDBET,5287c0765628f01347308b21c7da423c6839771185b9a6a3081b78433d4584c2
70bc7e848e08b68334c13753,2. Bundesliga,2022/2023,DEVELOPMENT,2022-07-16,12:00,MATCH_KICKOFF_TIME_TIMEZONE_NOT_STATED_BY_SOURCE,,NOT_VERIFIED_DO_NOT_INFER,St Pauli,Nurnberg,3,2,H,EVALUATION_ONLY_JOIN_AFTER_PREMATCH_FEATURE_FREEZE,2.52,3.45,2.69,EXTERNAL_HISTORICAL_MARKET_BENCHMARK,NOT_AVAILABLE,NOT_GOLDBET,390987237d0b9bd07d0b73064ff5053a192e2ccc1f729539e960ca69b3e6d257
16094bf60b5ae465675e1b43,2. Bundesliga,2022/2023,DEVELOPMENT,2022-07-16,19:30,MATCH_KICKOFF_TIME_TIMEZONE_NOT_STATED_BY_SOURCE,,NOT_VERIFIED_DO_NOT_INFER,Magdeburg,Fortuna Dusseldorf,1,2,A,EVALUATION_ONLY_JOIN_AFTER_PREMATCH_FEATURE_FREEZE,2.33,3.62,2.83,EXTERNAL_HISTORICAL_MARKET_BENCHMARK,NOT_AVAILABLE,NOT_GOLDBET,b37128caca9392a36743e4eb2f751050989a6b1beacf5d55bbc23bf2dfdc5754
be37a18c01633602fed08468,2. Bundesliga,2022/2023,DEVELOPMENT,2022-07-17,12:30,MATCH_KICKOFF_TIME_TIMEZONE_NOT_STATED_BY_SOURCE,,NOT_VERIFIED_DO_NOT_INFER,Braunschweig,Hamburg,0,2,A,EVALUATION_ONLY_JOIN_AFTER_PREMATCH_FEATURE_FREEZE,4.62,3.85,1.72,EXTERNAL_HISTORICAL_MARKET_BENCHMARK,NOT_AVAILABLE,NOT_GOLDBET,5531b7d3d667a15f10a91004a2b770884968dde23d92d40d92b73b5bbea502a7
e5996220cd47c21270b270bb,2. Bundesliga,2022/2023,DEVELOPMENT,2022-07-17,12:30,MATCH_KICKOFF_TIME_TIMEZONE_NOT_STATED_BY_SOURCE,,NOT_VERIFIED_DO_NOT_INFER,Hansa Rostock,Heidenheim,0,1,A,EVALUATION_ONLY_JOIN_AFTER_PREMATCH_FEATURE_FREEZE,2.37,3.31,2.99,EXTERNAL_HISTORICAL_MARKET_BENCHMARK,NOT_AVAILABLE,NOT_GOLDBET,05d5dd3a5194d8a7a7802522ea5a7106f87bd15eb2f255f54c43c9f89ccdae45
fd554ecb67578719c9bae68e,2. Bundesliga,2022/2023,DEVELOPMENT,2022-07-17,12:30,MATCH_KICKOFF_TIME_TIMEZONE_NOT_STATED_BY_SOURCE,,NOT_VERIFIED_DO_NOT_INFER,Paderborn,Karlsruhe,5,0,H,EVALUATION_ONLY_JOIN_AFTER_PREMATCH_FEATURE_FREEZE,1.72,3.98,4.39,EXTERNAL_HISTORICAL_MARKET_BENCHMARK,NOT_AVAILABLE,NOT_GOLDBET,ff476f99e38d3d8fa9f89f4864d35a4dd40822a1e10179cb8a1a896dffc06654
4ac8d7b7af6cc23e9f84e015,2. Bundesliga,2022/2023,DEVELOPMENT,2022-07-22,17:30,MATCH_KICKOFF_TIME_TIMEZONE_NOT_STATED_BY_SOURCE,,NOT_VERIFIED_DO_NOT_INFER,Darmstadt,Sandhausen,2,1,H,EVALUATION_ONLY_JOIN_AFTER_PREMATCH_FEATURE_FREEZE,1.8,3.83,4.13,EXTERNAL_HISTORICAL_MARKET_BENCHMARK,NOT_AVAILABLE,NOT_GOLDBET,5b413c258be4d65846cff614ae614bea6de6a8e1883dbcec01a98107f7544520
d5ba66da28514ed56faa0555,2. Bundesliga,2022/2023,DEVELOPMENT,2022-07-22,17:30,MATCH_KICKOFF_TIME_TIMEZONE_NOT_STATED_BY_SOURCE,,NOT_VERIFIED_DO_NOT_INFER,Fortuna Dusseldorf,Paderborn,2,1,H,EVALUATION_ONLY_JOIN_AFTER_PREMATCH_FEATURE_FREEZE,2.23,3.63,2.98,EXTERNAL_HISTORICAL_MARKET_BENCHMARK,NOT_AVAILABLE,NOT_GOLDBET,29595c2b83160bef58c5a8825818b126237e426cd3f51d041beaf592d0c5d916
3fc0e4c52c6b25c482b2042d,2. Bundesliga,2022/2023,DEVELOPMENT,2022-07-23,12:00,MATCH_KICKOFF_TIME_TIMEZONE_NOT_STATED_BY_SOURCE,,NOT_VERIFIED_DO_NOT_INFER,Heidenheim,Braunschweig,3,0,H,EVALUATION_ONLY_JOIN_AFTER_PREMATCH_FEATURE_FREEZE,2.06,3.41,3.56,EXTERNAL_HISTORICAL_MARKET_BENCHMARK,NOT_AVAILABLE,NOT_GOLDBET,bd1e50829c51aad646d4bc0b50155396eaa41c4654f1c2110e7ee2d17920a397
47245114f9927b118f83dc91,2. Bundesliga,2022/2023,DEVELOPMENT,2022-07-23,12:00,MATCH_KICKOFF_TIME_TIMEZONE_NOT_STATED_BY_SOURCE,,NOT_VERIFIED_DO_NOT_INFER,Holstein Kiel,Kaiserslautern,2,2,D,EVALUATION_ONLY_JOIN_AFTER_PREMATCH_FEATURE_FREEZE,2.33,3.45,2.95,EXTERNAL_HISTORICAL_MARKET_BENCHMARK,NOT_AVAILABLE,NOT_GOLDBET,0bc20a96408b582a31c7a0764d7287e97d78412ff556b87365e6cf194537430a
c09516b7a611f010d2fafc53,2. Bundesliga,2022/2023,DEVELOPMENT,2022-07-23,12:00,MATCH_KICKOFF_TIME_TIMEZONE_NOT_STATED_BY_SOURCE,,NOT_VERIFIED_DO_NOT_INFER,Nurnberg,Greuther Furth,2,0,H,EVALUATION_ONLY_JOIN_AFTER_PREMATCH_FEATURE_FREEZE,2.74,3.5,2.47,EXTERNAL_HISTORICAL_MARKET_BENCHMARK,NOT_AVAILABLE,NOT_GOLDBET,59007abe1589e6e0d13928dd8e0a31b85480307b5a1bcfb3bfdae670b509800b
8101ac16141a3ae30c92402d,2. Bundesliga,2022/2023,DEVELOPMENT,2022-07-23,19:30,MATCH_KICKOFF_TIME_TIMEZONE_NOT_STATED_BY_SOURCE,,NOT_VERIFIED_DO_NOT_INFER,Hannover,St Pauli,2,2,D,EVALUATION_ONLY_JOIN_AFTER_PREMATCH_FEATURE_FREEZE,2.28,3.61,2.93,EXTERNAL_HISTORICAL_MARKET_BENCHMARK,NOT_AVAILABLE,NOT_GOLDBET,c68216373be0db1b3bffd5333a2b964fc789fc6169feec73d76cf4fa1466aee4
d36e4fe2f920c0a0d93a876d,2. Bundesliga,2022/2023,DEVELOPMENT,2022-07-24,12:30,MATCH_KICKOFF_TIME_TIMEZONE_NOT_STATED_BY_SOURCE,,NOT_VERIFIED_DO_NOT_INFER,Bielefeld,Regensburg,0,3,A,EVALUATION_ONLY_JOIN_AFTER_PREMATCH_FEATURE_FREEZE,2.14,3.47,3.34,EXTERNAL_HISTORICAL_MARKET_BENCHMARK,NOT_AVAILABLE,NOT_GOLDBET,7d419d660d4cd4ba70c6ceea24b718b042a742dfcd1c91a3367f34ce4e3a43e5
7a0a93e550decb4a2a54e0d1,2. Bundesliga,2022/2023,DEVELOPMENT,2022-07-24,12:30,MATCH_KICKOFF_TIME_TIMEZONE_NOT_STATED_BY_SOURCE,,NOT_VERIFIED_DO_NOT_INFER,Hamburg,Hansa Rostock,0,1,A,EVALUATION_ONLY_JOIN_AFTER_PREMATCH_FEATURE_FREEZE,1.54,4.27,5.68,EXTERNAL_HISTORICAL_MARKET_BENCHMARK,NOT_AVAILABLE,NOT_GOLDBET,42ef91b201ca1dea0360263c76c220863fade2c6d0d967d72c750a4581664f0b
8dcfdb76846725f948ccd21c,2. Bundesliga,2022/2023,DEVELOPMENT,2022-07-24,12:30,MATCH_KICKOFF_TIME_TIMEZONE_NOT_STATED_BY_SOURCE,,NOT_VERIFIED_DO_NOT_INFER,Karlsruhe,Magdeburg,2,3,A,EVALUATION_ONLY_JOIN_AFTER_PREMATCH_FEATURE_FREEZE,2.73,3.58,2.42,EXTERNAL_HISTORICAL_MARKET_BENCHMARK,NOT_AVAILABLE,NOT_GOLDBET,4c438dfa1b5fa6da2456b8f3b6a63fbab4fe50c80e572869851ac93b4cc920a5
b36fd672eff788e3763d18e6,2. Bundesliga,2022/2023,DEVELOPMENT,2022-08-05,17:30,MATCH_KICKOFF_TIME_TIMEZONE_NOT_STATED_BY_SOURCE,,NOT_VERIFIED_DO_NOT_INFER,Greuther Furth,Karlsruhe,1,1,D,EVALUATION_ONLY_JOIN_AFTER_PREMATCH_FEATURE_FREEZE,1.93,3.85,3.57,EXTERNAL_HISTORICAL_MARKET_BENCHMARK,NOT_AVAILABLE,NOT_GOLDBET,d3341598e4ac13e3d184508c242bcd8af51fb9f3b280ec609d0d2ca3f59d949f
60e3bc4116caeef4b69632fc,2. Bundesliga,2022/2023,DEVELOPMENT,2022-08-05,17:30,MATCH_KICKOFF_TIME_TIMEZONE_NOT_STATED_BY_SOURCE,,NOT_VERIFIED_DO_NOT_INFER,Sandhausen,Fortuna Dusseldorf,1,0,H,EVALUATION_ONLY_JOIN_AFTER_PREMATCH_FEATURE_FREEZE,3.16,3.35,2.26,EXTERNAL_HISTORICAL_MARKET_BENCHMARK,NOT_AVAILABLE,NOT_GOLDBET,1e1dd9cf935ef5625e13b1e3620e776916891763a4bb1777f5a0a7637a40309e
58bd3a3762aa13e2086d4378,2. Bundesliga,2022/2023,DEVELOPMENT,2022-08-06,12:00,MATCH_KICKOFF_TIME_TIMEZONE_NOT_STATED_BY_SOURCE,,NOT_VERIFIED_DO_NOT_INFER,Hamburg,Heidenheim,1,0,H,EVALUATION_ONLY_JOIN_AFTER_PREMATCH_FEATURE_FREEZE,1.72,3.98,4.4,EXTERNAL_HISTORICAL_MARKET_BENCHMARK,NOT_AVAILABLE,NOT_GOLDBET,6dbe740e054600f99d762b9ceee41fb74dc941c570227da755949c5fcc3cb31a
f6c25357d57114563a737d24,2. Bundesliga,2022/2023,DEVELOPMENT,2022-08-06,12:00,MATCH_KICKOFF_TIME_TIMEZONE_NOT_STATED_BY_SOURCE,,NOT_VERIFIED_DO_NOT_INFER,Paderborn,Hannover,4,2,H,EVALUATION_ONLY_JOIN_AFTER_PREMATCH_FEATURE_FREEZE,1.99,3.82,3.4,EXTERNAL_HISTORICAL_MARKET_BENCHMARK,NOT_AVAILABLE,NOT_GOLDBET,8a21695991dfece7d91e2a01955cf0461e2fb725269dfa20c1240fabb2ff21ee
f718f4329b6c9d6af0461637,2. Bundesliga,2022/2023,DEVELOPMENT,2022-08-06,12:00,MATCH_KICKOFF_TIME_TIMEZONE_NOT_STATED_BY_SOURCE,,NOT_VERIFIED_DO_NOT_INFER,Regensburg,Nurnberg,0,0,D,EVALUATION_ONLY_JOIN_AFTER_PREMATCH_FEATURE_FREEZE,2.6,3.43,2.6,EXTERNAL_HISTORICAL_MARKET_BENCHMARK,NOT_AVAILABLE,NOT_GOLDBET,f42ffc7378fcc7bc95f6c2a8457f2015782e7bed7621dbaabada809657f58666
e922d08876b1275cdb1d970c,2. Bundesliga,2022/2023,DEVELOPMENT,2022-08-06,19:30,MATCH_KICKOFF_TIME_TIMEZONE_NOT_STATED_BY_SOURCE,,NOT_VERIFIED_DO_NOT_INFER,Hansa Rostock,Bielefeld,2,1,H,EVALUATION_ONLY_JOIN_AFTER_PREMATCH_FEATURE_FREEZE,2.35,3.29,3.02,EXTERNAL_HISTORICAL_MARKET_BENCHMARK,NOT_AVAILABLE,NOT_GOLDBET,2e3cd444d0566bce36d9862b2391e573262f4bebebb389762c2a9c7dbc8aea62
eed98aa3466a950a0489e968,2. Bundesliga,2022/2023,DEVELOPMENT,2022-08-07,12:30,MATCH_KICKOFF_TIME_TIMEZONE_NOT_STATED_BY_SOURCE,,NOT_VERIFIED_DO_NOT_INFER,Braunschweig,Darmstadt,0,1,A,EVALUATION_ONLY_JOIN_AFTER_PREMATCH_FEATURE_FREEZE,3.34,3.65,2.07,EXTERNAL_HISTORICAL_MARKET_BENCHMARK,NOT_AVAILABLE,NOT_GOLDBET,8270669fbee44d5920a54e248bd611ca65d4e325124dd291269df71f1ddbe665
9e7b9baa5b4c1f33562a5872,2. Bundesliga,2022/2023,DEVELOPMENT,2022-08-07,12:30,MATCH_KICKOFF_TIME_TIMEZONE_NOT_STATED_BY_SOURCE,,NOT_VERIFIED_DO_NOT_INFER,Kaiserslautern,St Pauli,2,1,H,EVALUATION_ONLY_JOIN_AFTER_PREMATCH_FEATURE_FREEZE,2.3,3.61,2.89,EXTERNAL_HISTORICAL_MARKET_BENCHMARK,NOT_AVAILABLE,NOT_GOLDBET,5896802a257bc8a6b1b7de6c1c7f3533fb47a64558b88a041726d7bb70565ac6
196fc26b7fe56045129c1d71,2. Bundesliga,2022/2023,DEVELOPMENT,2022-08-07,12:30,MATCH_KICKOFF_TIME_TIMEZONE_NOT_STATED_BY_SOURCE,,NOT_VERIFIED_DO_NOT_INFER,Magdeburg,Holstein Kiel,1,2,A,EVALUATION_ONLY_JOIN_AFTER_PREMATCH_FEATURE_FREEZE,1.98,3.93,3.34,EXTERNAL_HISTORICAL_MARKET_BENCHMARK,NOT_AVAILABLE,NOT_GOLDBET,faab5a7b9bbf776344c7f4234f436a21496410e840d169daf8a218fa0cf18e10
b36ddab4559931fcf386520b,2. Bundesliga,2022/2023,DEVELOPMENT,2022-08-12,17:30,MATCH_KICKOFF_TIME_TIMEZONE_NOT_STATED_BY_SOURCE,,NOT_VERIFIED_DO_NOT_INFER,Kaiserslautern,Paderborn,0,1,A,EVALUATION_ONLY_JOIN_AFTER_PREMATCH_FEATURE_FREEZE,2.75,3.62,2.41,EXTERNAL_HISTORICAL_MARKET_BENCHMARK,NOT_AVAILABLE,NOT_GOLDBET,daee168bb7b6922fe9533dac8592bafb636e091bcd57a0264f95dbcc570339aa
5a3b6b4744c528a65977adee,2. Bundesliga,2022/2023,DEVELOPMENT,2022-08-12,17:30,MATCH_KICKOFF_TIME_TIMEZONE_NOT_STATED_BY_SOURCE,,NOT_VERIFIED_DO_NOT_INFER,Nurnberg,Heidenheim,0,3,A,EVALUATION_ONLY_JOIN_AFTER_PREMATCH_FEATURE_FREEZE,1.94,3.62,3.72,EXTERNAL_HISTORICAL_MARKET_BENCHMARK,NOT_AVAILABLE,NOT_GOLDBET,1d3cd393fa955622fe0e22d91b3edff104f056213e64d0bf2b87b9f4be0deb7a
c048b28b2dc85c6a6ac6bd43,2. Bundesliga,2022/2023,DEVELOPMENT,2022-08-13,12:00,MATCH_KICKOFF_TIME_TIMEZONE_NOT_STATED_BY_SOURCE,,NOT_VERIFIED_DO_NOT_INFER,Bielefeld,Hamburg,0,2,A,EVALUATION_ONLY_JOIN_AFTER_PREMATCH_FEATURE_FREEZE,3.28,3.7,2.06,EXTERNAL_HISTORICAL_MARKET_BENCHMARK,NOT_AVAILABLE,NOT_GOLDBET,dafc3594635726cf57ee1a3f9a48df134a0012053f7e13b8eb552a58da9c5bc0
24b72940fbeaee5c7dde41df,2. Bundesliga,2022/2023,DEVELOPMENT,2022-08-13,12:00,MATCH_KICKOFF_TIME_TIMEZONE_NOT_STATED_BY_SOURCE,,NOT_VERIFIED_DO_NOT_INFER,Holstein Kiel,Braunschweig,3,0,H,EVALUATION_ONLY_JOIN_AFTER_PREMATCH_FEATURE_FREEZE,2.1,3.63,3.27,EXTERNAL_HISTORICAL_MARKET_BENCHMARK,NOT_AVAILABLE,NOT_GOLDBET,eb889d5fed763f3f505aa65fa7c95f9f13d75956a4b58722b7ff4250e1d8739f
39a52a44d874155f3f9d43d6,2. Bundesliga,2022/2023,DEVELOPMENT,2022-08-13,12:00,MATCH_KICKOFF_TIME_TIMEZONE_NOT_STATED_BY_SOURCE,,NOT_VERIFIED_DO_NOT_INFER,Karlsruhe,Sandhausen,3,2,H,EVALUATION_ONLY_JOIN_AFTER_PREMATCH_FEATURE_FREEZE,2.42,3.41,2.84,EXTERNAL_HISTORICAL_MARKET_BENCHMARK,NOT_AVAILABLE,NOT_GOLDBET,9c8150ee62954ad887f18abeeff93d2ea2e62a5cc94604d3df8fda21d717bd63
1f4a7dc6715db779ed1530d7,2. Bundesliga,2022/2023,DEVELOPMENT,2022-08-13,19:30,MATCH_KICKOFF_TIME_TIMEZONE_NOT_STATED_BY_SOURCE,,NOT_VERIFIED_DO_NOT_INFER,Darmstadt,Hansa Rostock,4,0,H,EVALUATION_ONLY_JOIN_AFTER_PREMATCH_FEATURE_FREEZE,1.59,4.16,5.22,EXTERNAL_HISTORICAL_MARKET_BENCHMARK,NOT_AVAILABLE,NOT_GOLDBET,d7c2aa53ab7aa8a72d35a3d2a9cc918ef575f7b49429b554f56fb49e0143fcf1
1d8c14e760a10f9988c8fde2,2. Bundesliga,2022/2023,DEVELOPMENT,2022-08-14,12:30,MATCH_KICKOFF_TIME_TIMEZONE_NOT_STATED_BY_SOURCE,,NOT_VERIFIED_DO_NOT_INFER,Fortuna Dusseldorf,Greuther Furth,2,2,D,EVALUATION_ONLY_JOIN_AFTER_PREMATCH_FEATURE_FREEZE,2.01,3.63,3.5,EXTERNAL_HISTORICAL_MARKET_BENCHMARK,NOT_AVAILABLE,NOT_GOLDBET,0009651593752ebe0c5279f60e930cdeb3fca75d824da9712d76bd5aa02e3f26
5c3cc8982548530267a21024,2. Bundesliga,2022/2023,DEVELOPMENT,2022-08-14,12:30,MATCH_KICKOFF_TIME_TIMEZONE_NOT_STATED_BY_SOURCE,,NOT_VERIFIED_DO_NOT_INFER,Hannover,Regensburg,1,0,H,EVALUATION_ONLY_JOIN_AFTER_PREMATCH_FEATURE_FREEZE,2.05,3.69,3.35,EXTERNAL_HISTORICAL_MARKET_BENCHMARK,NOT_AVAILABLE,NOT_GOLDBET,f689d574cd2446790c09ccfccdc90b131e30c360000dbd994719372ea3c6a8a3
a85a42c5c526171721bf52aa,2. Bundesliga,2022/2023,DEVELOPMENT,2022-08-14,12:30,MATCH_KICKOFF_TIME_TIMEZONE_NOT_STATED_BY_SOURCE,,NOT_VERIFIED_DO_NOT_INFER,St Pauli,Magdeburg,3,0,H,EVALUATION_ONLY_JOIN_AFTER_PREMATCH_FEATURE_FREEZE,1.68,4.33,4.33,EXTERNAL_HISTORICAL_MARKET_BENCHMARK,NOT_AVAILABLE,NOT_GOLDBET,7b0f23a9b7cfa07be7ae786bad678de3ab3f9d276274ca233cee1e32245d0def
45c764b938f7995c4c7f13af,2. Bundesliga,2022/2023,DEVELOPMENT,2022-08-19,17:30,MATCH_KICKOFF_TIME_TIMEZONE_NOT_STATED_BY_SOURCE,,NOT_VERIFIED_DO_NOT_INFER,Hamburg,Darmstadt,1,2,A,EVALUATION_ONLY_JOIN_AFTER_PREMATCH_FEATURE_FREEZE,2.17,3.69,3.05,EXTERNAL_HISTORICAL_MARKET_BENCHMARK,NOT_AVAILABLE,NOT_GOLDBET,ebe10f6ac94474a228f2cf8eb7ab1d30c526cbb3fbe3bb2d30508e16a6a5e1c5
847b112f8e14ae6892fb7d1a,2. Bundesliga,2022/2023,DEVELOPMENT,2022-08-19,17:30,MATCH_KICKOFF_TIME_TIMEZONE_NOT_STATED_BY_SOURCE,,NOT_VERIFIED_DO_NOT_INFER,Magdeburg,Hannover,0,4,A,EVALUATION_ONLY_JOIN_AFTER_PREMATCH_FEATURE_FREEZE,2.48,3.69,2.6,EXTERNAL_HISTORICAL_MARKET_BENCHMARK,NOT_AVAILABLE,NOT_GOLDBET,40590bfcfa62f070d93d8209851fe7da6b8b1a641f752a974b2974d8f5f2e83d
990302c4bc25dc2eee9a683b,2. Bundesliga,2022/2023,DEVELOPMENT,2022-08-20,12:00,MATCH_KICKOFF_TIME_TIMEZONE_NOT_STATED_BY_SOURCE,,NOT_VERIFIED_DO_NOT_INFER,Paderborn,Holstein Kiel,7,2,H,EVALUATION_ONLY_JOIN_AFTER_PREMATCH_FEATURE_FREEZE,1.63,4.46,4.48,EXTERNAL_HISTORICAL_MARKET_BENCHMARK,NOT_AVAILABLE,NOT_GOLDBET,1900b5b7b167eb4496bbd155aa78669cf991f7e097a6ea601a7b99d8cb4dabf4
f693028c5163c4cd8d0bdc7e,2. Bundesliga,2022/2023,DEVELOPMENT,2022-08-20,12:00,MATCH_KICKOFF_TIME_TIMEZONE_NOT_STATED_BY_SOURCE,,NOT_VERIFIED_DO_NOT_INFER,Regensburg,Karlsruhe,0,6,A,EVALUATION_ONLY_JOIN_AFTER_PREMATCH_FEATURE_FREEZE,2.26,3.53,3,EXTERNAL_HISTORICAL_MARKET_BENCHMARK,NOT_AVAILABLE,NOT_GOLDBET,17ac33cbf170139469b7eaa358cbecf24b2ac195896fbcee1d98b9973240b5d9
8b6523f2cb5a91be25a5b55f,2. Bundesliga,2022/2023,DEVELOPMENT,2022-08-20,12:00,MATCH_KICKOFF_TIME_TIMEZONE_NOT_STATED_BY_SOURCE,,NOT_VERIFIED_DO_NOT_INFER,Sandhausen,Nurnberg,1,2,A,EVALUATION_ONLY_JOIN_AFTER_PREMATCH_FEATURE_FREEZE,2.54,3.37,2.71,EXTERNAL_HISTORICAL_MARKET_BENCHMARK,NOT_AVAILABLE,NOT_GOLDBET,cc5074cdbb4e106c1e9b6399be30d516a76ea16c6608b5a5bc3ecbb28aafb5e3
503c75695e50b45ea652306d,2. Bundesliga,2022/2023,DEVELOPMENT,2022-08-20,19:30,MATCH_KICKOFF_TIME_TIMEZONE_NOT_STATED_BY_SOURCE,,NOT_VERIFIED_DO_NOT_INFER,Braunschweig,Fortuna Dusseldorf,2,2,D,EVALUATION_ONLY_JOIN_AFTER_PREMATCH_FEATURE_FREEZE,3.45,3.61,2.03,EXTERNAL_HISTORICAL_MARKET_BENCHMARK,NOT_AVAILABLE,NOT_GOLDBET,8d7d17d6729da24888e8cf1c8a162e87b49767b51fbb1ce6c0b469f8ce6ebf75
ae6e3bc597c23e16c3d21390,2. Bundesliga,2022/2023,DEVELOPMENT,2022-08-21,12:30,MATCH_KICKOFF_TIME_TIMEZONE_NOT_STATED_BY_SOURCE,,NOT_VERIFIED_DO_NOT_INFER,Greuther Furth,Kaiserslautern,1,3,A,EVALUATION_ONLY_JOIN_AFTER_PREMATCH_FEATURE_FREEZE,2.25,3.39,3.14,EXTERNAL_HISTORICAL_MARKET_BENCHMARK,NOT_AVAILABLE,NOT_GOLDBET,73c5cc7eee4cddbf46baba3caa81eb4f7788ca2556bce64a9bdeca4170b40884
5102cc7847de15e01d6ea1c6,2. Bundesliga,2022/2023,DEVELOPMENT,2022-08-21,12:30,MATCH_KICKOFF_TIME_TIMEZONE_NOT_STATED_BY_SOURCE,,NOT_VERIFIED_DO_NOT_INFER,Hansa Rostock,St Pauli,2,0,H,EVALUATION_ONLY_JOIN_AFTER_PREMATCH_FEATURE_FREEZE,2.64,3.49,2.54,EXTERNAL_HISTORICAL_MARKET_BENCHMARK,NOT_AVAILABLE,NOT_GOLDBET,bd9dfab10265a329d250d6d6f0416ed147733b89474dfcd83a46f16b4cedb444
a024d3914527f8062e3b6842,2. Bundesliga,2022/2023,DEVELOPMENT,2022-08-21,12:30,MATCH_KICKOFF_TIME_TIMEZONE_NOT_STATED_BY_SOURCE,,NOT_VERIFIED_DO_NOT_INFER,Heidenheim,Bielefeld,1,1,D,EVALUATION_ONLY_JOIN_AFTER_PREMATCH_FEATURE_FREEZE,1.74,3.85,4.5,EXTERNAL_HISTORICAL_MARKET_BENCHMARK,NOT_AVAILABLE,NOT_GOLDBET,419e2b1c385e9f4b55d2b209d8115f664dfca5690dc843a09c71d498252fb06d
fafc3334b54e7f34036336ca,2. Bundesliga,2022/2023,DEVELOPMENT,2022-08-26,17:30,MATCH_KICKOFF_TIME_TIMEZONE_NOT_STATED_BY_SOURCE,,NOT_VERIFIED_DO_NOT_INFER,Bielefeld,Braunschweig,4,1,H,EVALUATION_ONLY_JOIN_AFTER_PREMATCH_FEATURE_FREEZE,2.03,3.62,3.47,EXTERNAL_HISTORICAL_MARKET_BENCHMARK,NOT_AVAILABLE,NOT_GOLDBET,5845325446ae8247b6caa352fdc649912e2a62702b6a4b99687f6918370ca44f
f63acd048bdf4a0569b63523,2. Bundesliga,2022/2023,DEVELOPMENT,2022-08-26,17:30,MATCH_KICKOFF_TIME_TIMEZONE_NOT_STATED_BY_SOURCE,,NOT_VERIFIED_DO_NOT_INFER,Fortuna Dusseldorf,Regensburg,4,0,H,EVALUATION_ONLY_JOIN_AFTER_PREMATCH_FEATURE_FREEZE,1.67,3.98,4.81,EXTERNAL_HISTORICAL_MARKET_BENCHMARK,NOT_AVAILABLE,NOT_GOLDBET,2a6fb2a601dea098e20d8af8ace956ae187c448602331294d2338d5dfa1d088b
1461f97e26b03606b68a1cae,2. Bundesliga,2022/2023,DEVELOPMENT,2022-08-27,12:00,MATCH_KICKOFF_TIME_TIMEZONE_NOT_STATED_BY_SOURCE,,NOT_VERIFIED_DO_NOT_INFER,Darmstadt,Heidenheim,2,2,D,EVALUATION_ONLY_JOIN_AFTER_PREMATCH_FEATURE_FREEZE,1.82,3.84,4.01,EXTERNAL_HISTORICAL_MARKET_BENCHMARK,NOT_AVAILABLE,NOT_GOLDBET,a2a4a7e78aa087903004dae33049cfcba0ff12b02eed019676f9527aef57ae3c
69e44d047ed53fa2f5509d2a,2. Bundesliga,2022/2023,DEVELOPMENT,2022-08-27,12:00,MATCH_KICKOFF_TIME_TIMEZONE_NOT_STATED_BY_SOURCE,,NOT_VERIFIED_DO_NOT_INFER,Karlsruhe,Hansa Rostock,2,0,H,EVALUATION_ONLY_JOIN_AFTER_PREMATCH_FEATURE_FREEZE,2.09,3.54,3.35,EXTERNAL_HISTORICAL_MARKET_BENCHMARK,NOT_AVAILABLE,NOT_GOLDBET,7f6e36f93de7eb488e5cadc1192cb5c669cb30f8b33aa7c625df24f3fd93ff64
13cbd971613128144741ed10,2. Bundesliga,2022/2023,DEVELOPMENT,2022-08-27,12:00,MATCH_KICKOFF_TIME_TIMEZONE_NOT_STATED_BY_SOURCE,,NOT_VERIFIED_DO_NOT_INFER,St Pauli,Paderborn,2,2,D,EVALUATION_ONLY_JOIN_AFTER_PREMATCH_FEATURE_FREEZE,2.61,3.87,2.39,EXTERNAL_HISTORICAL_MARKET_BENCHMARK,NOT_AVAILABLE,NOT_GOLDBET,755f3efa2d9b7f14c339b7e33d0af9638b592a666096bc2a6402591fd23812fc
1cdee15748aa5f78112b34aa,2. Bundesliga,2022/2023,DEVELOPMENT,2022-08-27,19:30,MATCH_KICKOFF_TIME_TIMEZONE_NOT_STATED_BY_SOURCE,,NOT_VERIFIED_DO_NOT_INFER,Nurnberg,Hamburg,0,2,A,EVALUATION_ONLY_JOIN_AFTER_PREMATCH_FEATURE_FREEZE,3.19,3.61,2.13,EXTERNAL_HISTORICAL_MARKET_BENCHMARK,NOT_AVAILABLE,NOT_GOLDBET,56a81edef6cf3a8cd271776c1196fde879b186a126d76490c139c6a26f51737c
c24d8e8e7dca03bbc64cea4e,2. Bundesliga,2022/2023,DEVELOPMENT,2022-08-28,12:30,MATCH_KICKOFF_TIME_TIMEZONE_NOT_STATED_BY_SOURCE,,NOT_VERIFIED_DO_NOT_INFER,Hannover,Greuther Furth,2,1,H,EVALUATION_ONLY_JOIN_AFTER_PREMATCH_FEATURE_FREEZE,2.17,3.55,3.15,EXTERNAL_HISTORICAL_MARKET_BENCHMARK,NOT_AVAILABLE,NOT_GOLDBET,840c34ff4121e3b9d2702ace1767c81452d2eedc7f9337c856269467ab052a60
02b4defff8c3a46d66c0bef5,2. Bundesliga,2022/2023,DEVELOPMENT,2022-08-28,12:30,MATCH_KICKOFF_TIME_TIMEZONE_NOT_STATED_BY_SOURCE,,NOT_VERIFIED_DO_NOT_INFER,Holstein Kiel,Sandhausen,1,0,H,EVALUATION_ONLY_JOIN_AFTER_PREMATCH_FEATURE_FREEZE,1.91,3.72,3.71,EXTERNAL_HISTORICAL_MARKET_BENCHMARK,NOT_AVAILABLE,NOT_GOLDBET,e4a7e0e3a63817d1a3614248e26a1d6ccdc7643cfb60f7605d5290b5a97b8785
5409f42fd97957dcad1899da,2. Bundesliga,2022/2023,DEVELOPMENT,2022-08-28,12:30,MATCH_KICKOFF_TIME_TIMEZONE_NOT_STATED_BY_SOURCE,,NOT_VERIFIED_DO_NOT_INFER,Kaiserslautern,Magdeburg,4,4,D,EVALUATION_ONLY_JOIN_AFTER_PREMATCH_FEATURE_FREEZE,1.69,4.15,4.41,EXTERNAL_HISTORICAL_MARKET_BENCHMARK,NOT_AVAILABLE,NOT_GOLDBET,94f02f8b43d8ad2359e65d7055aaef71cdf0e02149be2b14428cfd41cc8b2f24
0eb52e075ab15f801f9c9864,2. Bundesliga,2022/2023,DEVELOPMENT,2022-09-02,17:30,MATCH_KICKOFF_TIME_TIMEZONE_NOT_STATED_BY_SOURCE,,NOT_VERIFIED_DO_NOT_INFER,Braunschweig,Nurnberg,4,2,H,EVALUATION_ONLY_JOIN_AFTER_PREMATCH_FEATURE_FREEZE,2.77,3.47,2.44,EXTERNAL_HISTORICAL_MARKET_BENCHMARK,NOT_AVAILABLE,NOT_GOLDBET,29fa9bac3d837a5d074e2af9ebb90e56f8fad580e0a47705440f4ad28697aebf
b5506e59cac092d7a55bb8d7,2. Bundesliga,2022/2023,DEVELOPMENT,2022-09-02,17:30,MATCH_KICKOFF_TIME_TIMEZONE_NOT_STATED_BY_SOURCE,,NOT_VERIFIED_DO_NOT_INFER,Heidenheim,Fortuna Dusseldorf,2,1,H,EVALUATION_ONLY_JOIN_AFTER_PREMATCH_FEATURE_FREEZE,2.56,3.35,2.71,EXTERNAL_HISTORICAL_MARKET_BENCHMARK,NOT_AVAILABLE,NOT_GOLDBET,b85d10a6534b7fe31c3873d70ec9a3647ec80152bc15aa70bdf16608df33a4f0
85e489890f3a2579e4ad4a4e,2. Bundesliga,2022/2023,DEVELOPMENT,2022-09-03,12:00,MATCH_KICKOFF_TIME_TIMEZONE_NOT_STATED_BY_SOURCE,,NOT_VERIFIED_DO_NOT_INFER,Greuther Furth,St Pauli,2,2,D,EVALUATION_ONLY_JOIN_AFTER_PREMATCH_FEATURE_FREEZE,2.36,3.5,2.85,EXTERNAL_HISTORICAL_MARKET_BENCHMARK,NOT_AVAILABLE,NOT_GOLDBET,d71e4b2bf3f05b95fa3a253a22614033565d11ee40455dc60c4e6990bdfcee89
6ebd6f78ce016cf850dcc8b9,2. Bundesliga,2022/2023,DEVELOPMENT,2022-09-03,12:00,MATCH_KICKOFF_TIME_TIMEZONE_NOT_STATED_BY_SOURCE,,NOT_VERIFIED_DO_NOT_INFER,Paderborn,Magdeburg,1,0,H,EVALUATION_ONLY_JOIN_AFTER_PREMATCH_FEATURE_FREEZE,1.45,5.09,5.78,EXTERNAL_HISTORICAL_MARKET_BENCHMARK,NOT_AVAILABLE,NOT_GOLDBET,b6e8a1535f83854ec1629a7372d525d707d1848b3e1cb31777806218a40bfe1d
d6ba4ab6b3882b9c4873f9f0,2. Bundesliga,2022/2023,DEVELOPMENT,2022-09-03,12:00,MATCH_KICKOFF_TIME_TIMEZONE_NOT_STATED_BY_SOURCE,,NOT_VERIFIED_DO_NOT_INFER,Regensburg,Holstein Kiel,0,0,D,EVALUATION_ONLY_JOIN_AFTER_PREMATCH_FEATURE_FREEZE,2.7,3.4,2.54,EXTERNAL_HISTORICAL_MARKET_BENCHMARK,NOT_AVAILABLE,NOT_GOLDBET,1e02ea0509d4ca4e0e45adf64ce9683a2a1656f1984bc5e504ca95a737619fc0
46bcaaeedf3ce12b939bf9b9,2. Bundesliga,2022/2023,DEVELOPMENT,2022-09-03,19:30,MATCH_KICKOFF_TIME_TIMEZONE_NOT_STATED_BY_SOURCE,,NOT_VERIFIED_DO_NOT_INFER,Hamburg,Karlsruhe,1,0,H,EVALUATION_ONLY_JOIN_AFTER_PREMATCH_FEATURE_FREEZE,1.73,4.05,4.27,EXTERNAL_HISTORICAL_MARKET_BENCHMARK,NOT_AVAILABLE,NOT_GOLDBET,47e756aa469007f0e81a4a1671eecb8bb9f1d9f26e03d339e5b03479bbc7ac58
2beadaa71900bf89fd5f1280,2. Bundesliga,2022/2023,DEVELOPMENT,2022-09-04,12:30,MATCH_KICKOFF_TIME_TIMEZONE_NOT_STATED_BY_SOURCE,,NOT_VERIFIED_DO_NOT_INFER,Darmstadt,Bielefeld,1,1,D,EVALUATION_ONLY_JOIN_AFTER_PREMATCH_FEATURE_FREEZE,1.55,4.42,5.33,EXTERNAL_HISTORICAL_MARKET_BENCHMARK,NOT_AVAILABLE,NOT_GOLDBET,0a1d30b8e6505ea3ef483caa940bd071eb5caf1f35c346d2e2978797ceb3588f
bfb646f4139af1c414e66ec4,2. Bundesliga,2022/2023,DEVELOPMENT,2022-09-04,12:30,MATCH_KICKOFF_TIME_TIMEZONE_NOT_STATED_BY_SOURCE,,NOT_VERIFIED_DO_NOT_INFER,Hansa Rostock,Hannover,0,1,A,EVALUATION_ONLY_JOIN_AFTER_PREMATCH_FEATURE_FREEZE,2.53,3.37,2.73,EXTERNAL_HISTORICAL_MARKET_BENCHMARK,NOT_AVAILABLE,NOT_GOLDBET,a5e48e79bef6913ad1428b4c2e466444b07d6c27661f711da5a99df4ef06ff04
8d54bc7b013e4319531edd0d,2. Bundesliga,2022/2023,DEVELOPMENT,2022-09-04,12:30,MATCH_KICKOFF_TIME_TIMEZONE_NOT_STATED_BY_SOURCE,,NOT_VERIFIED_DO_NOT_INFER,Sandhausen,Kaiserslautern,0,0,D,EVALUATION_ONLY_JOIN_AFTER_PREMATCH_FEATURE_FREEZE,3.06,3.28,2.34,EXTERNAL_HISTORICAL_MARKET_BENCHMARK,NOT_AVAILABLE,NOT_GOLDBET,76b52d8e7b8d9bf872063bfedc9a07ecc398c9cb5c40afdb688c6190117cebef
8ec3711a2200669dc029e3b7,2. Bundesliga,2022/2023,DEVELOPMENT,2022-09-09,17:30,MATCH_KICKOFF_TIME_TIMEZONE_NOT_STATED_BY_SOURCE,,NOT_VERIFIED_DO_NOT_INFER,Holstein Kiel,Hamburg,2,3,A,EVALUATION_ONLY_JOIN_AFTER_PREMATCH_FEATURE_FREEZE,3.53,3.69,1.98,EXTERNAL_HISTORICAL_MARKET_BENCHMARK,NOT_AVAILABLE,NOT_GOLDBET,2bdb7fef5220183757c45dca6e39bc0f7197b2ba7b15728a5e394a7ed00e51a5
4571a6d96c960b0ad57c4a48,2. Bundesliga,2022/2023,DEVELOPMENT,2022-09-09,17:30,MATCH_KICKOFF_TIME_TIMEZONE_NOT_STATED_BY_SOURCE,,NOT_VERIFIED_DO_NOT_INFER,Nurnberg,Bielefeld,1,0,H,EVALUATION_ONLY_JOIN_AFTER_PREMATCH_FEATURE_FREEZE,2.29,3.44,3.02,EXTERNAL_HISTORICAL_MARKET_BENCHMARK,NOT_AVAILABLE,NOT_GOLDBET,07a208a7551e2b881e5343f430f257d3aae3860c45da94c7b9f9122c430056d1
31c6d0ce753d282c1420f3a6,2. Bundesliga,2022/2023,DEVELOPMENT,2022-09-10,12:00,MATCH_KICKOFF_TIME_TIMEZONE_NOT_STATED_BY_SOURCE,,NOT_VERIFIED_DO_NOT_INFER,Hannover,Braunschweig,1,1,D,EVALUATION_ONLY_JOIN_AFTER_PREMATCH_FEATURE_FREEZE,1.94,3.7,3.65,EXTERNAL_HISTORICAL_MARKET_BENCHMARK,NOT_AVAILABLE,NOT_GOLDBET,a64bdb86d738e9aa231b8fcbe3def2f3ef9df1a675f38213c8746b9921f57099
88b92a6698159e9716c15c99,2. Bundesliga,2022/2023,DEVELOPMENT,2022-09-10,12:00,MATCH_KICKOFF_TIME_TIMEZONE_NOT_STATED_BY_SOURCE,,NOT_VERIFIED_DO_NOT_INFER,Karlsruhe,Heidenheim,0,0,D,EVALUATION_ONLY_JOIN_AFTER_PREMATCH_FEATURE_FREEZE,2.3,3.53,2.93,EXTERNAL_HISTORICAL_MARKET_BENCHMARK,NOT_AVAILABLE,NOT_GOLDBET,abb32ee1d2538ab5636959444b9a5595c30dad9bd319bfd5c5d45078f8039c80
80aafadb8d42b3bd89e0e868,2. Bundesliga,2022/2023,DEVELOPMENT,2022-09-10,12:00,MATCH_KICKOFF_TIME_TIMEZONE_NOT_STATED_BY_SOURCE,,NOT_VERIFIED_DO_NOT_INFER,Paderborn,Regensburg,3,0,H,EVALUATION_ONLY_JOIN_AFTER_PREMATCH_FEATURE_FREEZE,1.53,4.52,5.43,EXTERNAL_HISTORICAL_MARKET_BENCHMARK,NOT_AVAILABLE,NOT_GOLDBET,8dfca796a94bc57afad901acaa3ad827acbbb4ecb94653d5a13151429293c63b
71189531d64e7d704a7d381e,2. Bundesliga,2022/2023,DEVELOPMENT,2022-09-10,19:30,MATCH_KICKOFF_TIME_TIMEZONE_NOT_STATED_BY_SOURCE,,NOT_VERIFIED_DO_NOT_INFER,Fortuna Dusseldorf,Hansa Rostock,3,1,H,EVALUATION_ONLY_JOIN_AFTER_PREMATCH_FEATURE_FREEZE,1.83,3.57,4.29,EXTERNAL_HISTORICAL_MARKET_BENCHMARK,NOT_AVAILABLE,NOT_GOLDBET,31a337565b468812b21ef723b3198869bf76060cf1c5dbbe829e04865e2972c8
a188ffc4722cd4750511cc23,2. Bundesliga,2022/2023,DEVELOPMENT,2022-09-11,12:30,MATCH_KICKOFF_TIME_TIMEZONE_NOT_STATED_BY_SOURCE,,NOT_VERIFIED_DO_NOT_INFER,Kaiserslautern,Darmstadt,3,3,D,EVALUATION_ONLY_JOIN_AFTER_PREMATCH_FEATURE_FREEZE,3.45,3.64,2.02,EXTERNAL_HISTORICAL_MARKET_BENCHMARK,NOT_AVAILABLE,NOT_GOLDBET,b65a609c85b1aba873ff8bd8e4e940581ed5e9afa20a82bc798ba3b1e4e91711
a243706f0af08a402162e644,2. Bundesliga,2022/2023,DEVELOPMENT,2022-09-11,12:30,MATCH_KICKOFF_TIME_TIMEZONE_NOT_STATED_BY_SOURCE,,NOT_VERIFIED_DO_NOT_INFER,Magdeburg,Greuther Furth,2,1,H,EVALUATION_ONLY_JOIN_AFTER_PREMATCH_FEATURE_FREEZE,2.93,3.73,2.23,EXTERNAL_HISTORICAL_MARKET_BENCHMARK,NOT_AVAILABLE,NOT_GOLDBET,3aea9e02d8da50facffdee22deedb03c2bf82a980111be425187680bdca24b54
007e34a2f8d0d978776e2c0d,2. Bundesliga,2022/2023,DEVELOPMENT,2022-09-11,12:30,MATCH_KICKOFF_TIME_TIMEZONE_NOT_STATED_BY_SOURCE,,NOT_VERIFIED_DO_NOT_INFER,St Pauli,Sandhausen,1,1,D,EVALUATION_ONLY_JOIN_AFTER_PREMATCH_FEATURE_FREEZE,1.67,3.85,5.03,EXTERNAL_HISTORICAL_MARKET_BENCHMARK,NOT_AVAILABLE,NOT_GOLDBET,b43131913479bd8da59eb4bee2c946919d367a37ac293b90dbe9e66b4953e06a
2ba1a52c0d6f4de732f2bfea,2. Bundesliga,2022/2023,DEVELOPMENT,2022-09-16,17:30,MATCH_KICKOFF_TIME_TIMEZONE_NOT_STATED_BY_SOURCE,,NOT_VERIFIED_DO_NOT_INFER,Braunschweig,Karlsruhe,2,1,H,EVALUATION_ONLY_JOIN_AFTER_PREMATCH_FEATURE_FREEZE,3.02,3.57,2.24,EXTERNAL_HISTORICAL_MARKET_BENCHMARK,NOT_AVAILABLE,NOT_GOLDBET,2afdd0064245eacb31e4cd31f0397ff8acc6b3be61ad7c3e107e2e2e709bee83
ebaf63059ca2be5615db8382,2. Bundesliga,2022/2023,DEVELOPMENT,2022-09-16,17:30,MATCH_KICKOFF_TIME_TIMEZONE_NOT_STATED_BY_SOURCE,,NOT_VERIFIED_DO_NOT_INFER,Sandhausen,Hannover,2,3,A,EVALUATION_ONLY_JOIN_AFTER_PREMATCH_FEATURE_FREEZE,3,3.35,2.34,EXTERNAL_HISTORICAL_MARKET_BENCHMARK,NOT_AVAILABLE,NOT_GOLDBET,f6890f4fbb61a89374b53c88be32394af6223798cff706204b45e1143cefd9eb
b99c47fe51a94557d43f3339,2. Bundesliga,2022/2023,DEVELOPMENT,2022-09-17,12:00,MATCH_KICKOFF_TIME_TIMEZONE_NOT_STATED_BY_SOURCE,,NOT_VERIFIED_DO_NOT_INFER,Bielefeld,Holstein Kiel,4,2,H,EVALUATION_ONLY_JOIN_AFTER_PREMATCH_FEATURE_FREEZE,2.31,3.49,2.94,EXTERNAL_HISTORICAL_MARKET_BENCHMARK,NOT_AVAILABLE,NOT_GOLDBET,badef39a48a14ce833002a1872472fc6772029e5325bb92c6bb4ee7b160c8346
e2021d9d0c59523b38edd567,2. Bundesliga,2022/2023,DEVELOPMENT,2022-09-17,12:00,MATCH_KICKOFF_TIME_TIMEZONE_NOT_STATED_BY_SOURCE,,NOT_VERIFIED_DO_NOT_INFER,Darmstadt,Nurnberg,2,0,H,EVALUATION_ONLY_JOIN_AFTER_PREMATCH_FEATURE_FREEZE,1.69,4.05,4.53,EXTERNAL_HISTORICAL_MARKET_BENCHMARK,NOT_AVAILABLE,NOT_GOLDBET,484f57a3e5cfa28dbaab6b8955dfd4c24c54727cc611850422b40df7028824cd
45c8eada907ed80e10bc658d,2. Bundesliga,2022/2023,DEVELOPMENT,2022-09-17,12:00,MATCH_KICKOFF_TIME_TIMEZONE_NOT_STATED_BY_SOURCE,,NOT_VERIFIED_DO_NOT_INFER,Hansa Rostock,Magdeburg,3,1,H,EVALUATION_ONLY_JOIN_AFTER_PREMATCH_FEATURE_FREEZE,2.04,3.62,3.42,EXTERNAL_HISTORICAL_MARKET_BENCHMARK,NOT_AVAILABLE,NOT_GOLDBET,27ba6de7657afcc0393db2877f9ba1340b0be0d80f26a57b27ddfb490568ecb3
fa46d3bb4a84dcfab7128ecd,2. Bundesliga,2022/2023,DEVELOPMENT,2022-09-17,19:30,MATCH_KICKOFF_TIME_TIMEZONE_NOT_STATED_BY_SOURCE,,NOT_VERIFIED_DO_NOT_INFER,Hamburg,Fortuna Dusseldorf,2,0,H,EVALUATION_ONLY_JOIN_AFTER_PREMATCH_FEATURE_FREEZE,2.03,3.61,3.47,EXTERNAL_HISTORICAL_MARKET_BENCHMARK,NOT_AVAILABLE,NOT_GOLDBET,f955d1bb7a742581abb064fec224f9eb2a324e8599193e520ecba1c759faca39
a7a2be727f723b9e3279f041,2. Bundesliga,2022/2023,DEVELOPMENT,2022-09-18,12:30,MATCH_KICKOFF_TIME_TIMEZONE_NOT_STATED_BY_SOURCE,,NOT_VERIFIED_DO_NOT_INFER,Greuther Furth,Paderborn,2,1,H,EVALUATION_ONLY_JOIN_AFTER_PREMATCH_FEATURE_FREEZE,3.23,3.82,2.06,EXTERNAL_HISTORICAL_MARKET_BENCHMARK,NOT_AVAILABLE,NOT_GOLDBET,7c22c83b94d97094c6618f6f5e91e2d115b665f61a5326af10dba3cf216b997b
af738b0994cce6d32d1abe57,2. Bundesliga,2022/2023,DEVELOPMENT,2022-09-18,12:30,MATCH_KICKOFF_TIME_TIMEZONE_NOT_STATED_BY_SOURCE,,NOT_VERIFIED_DO_NOT_INFER,Heidenheim,Kaiserslautern,2,2,D,EVALUATION_ONLY_JOIN_AFTER_PREMATCH_FEATURE_FREEZE,2.03,3.51,3.56,EXTERNAL_HISTORICAL_MARKET_BENCHMARK,NOT_AVAILABLE,NOT_GOLDBET,5c5db20367df787065e5fb5e06aec40e5490fdf92b29b22903760f2922abcc41
396b3d209b06840d24ef24a3,2. Bundesliga,2022/2023,DEVELOPMENT,2022-09-18,12:30,MATCH_KICKOFF_TIME_TIMEZONE_NOT_STATED_BY_SOURCE,,NOT_VERIFIED_DO_NOT_INFER,Regensburg,St Pauli,2,0,H,EVALUATION_ONLY_JOIN_AFTER_PREMATCH_FEATURE_FREEZE,4.01,3.83,1.83,EXTERNAL_HISTORICAL_MARKET_BENCHMARK,NOT_AVAILABLE,NOT_GOLDBET,3215724199c12a73d7c9d54787dbbb67582e7bba8f96fb741634a184d1b492c9
47d32f2f23f3896b55a6f4e1,2. Bundesliga,2022/2023,DEVELOPMENT,2022-09-30,17:30,MATCH_KICKOFF_TIME_TIMEZONE_NOT_STATED_BY_SOURCE,,NOT_VERIFIED_DO_NOT_INFER,Hannover,Hamburg,1,2,A,EVALUATION_ONLY_JOIN_AFTER_PREMATCH_FEATURE_FREEZE,3.36,3.63,2.06,EXTERNAL_HISTORICAL_MARKET_BENCHMARK,NOT_AVAILABLE,NOT_GOLDBET,c8d022cc19caefd115671153cd74353601ca56ab0ebe402862b2eb24df1ffdec
fdf55854004ff53403eee471,2. Bundesliga,2022/2023,DEVELOPMENT,2022-09-30,17:30,MATCH_KICKOFF_TIME_TIMEZONE_NOT_STATED_BY_SOURCE,,NOT_VERIFIED_DO_NOT_INFER,Paderborn,Darmstadt,1,2,A,EVALUATION_ONLY_JOIN_AFTER_PREMATCH_FEATURE_FREEZE,2.45,3.7,2.63,EXTERNAL_HISTORICAL_MARKET_BENCHMARK,NOT_AVAILABLE,NOT_GOLDBET,4a32dd9308da5ebd3d885261913f785287e2328adbf19df56f2455e1548166ca
707762fc581dbff53226dbcd,2. Bundesliga,2022/2023,DEVELOPMENT,2022-10-01,12:00,MATCH_KICKOFF_TIME_TIMEZONE_NOT_STATED_BY_SOURCE,,NOT_VERIFIED_DO_NOT_INFER,Fortuna Dusseldorf,Bielefeld,4,1,H,EVALUATION_ONLY_JOIN_AFTER_PREMATCH_FEATURE_FREEZE,1.73,3.85,4.54,EXTERNAL_HISTORICAL_MARKET_BENCHMARK,NOT_AVAILABLE,NOT_GOLDBET,33d480039ad6d3b3fd2f24d543f27b246416041aaa268f1806ee8e9916516d72
dc25e161f17a5972519822e0,2. Bundesliga,2022/2023,DEVELOPMENT,2022-10-01,12:00,MATCH_KICKOFF_TIME_TIMEZONE_NOT_STATED_BY_SOURCE,,NOT_VERIFIED_DO_NOT_INFER,Greuther Furth,Sandhausen,1,1,D,EVALUATION_ONLY_JOIN_AFTER_PREMATCH_FEATURE_FREEZE,1.9,3.53,3.99,EXTERNAL_HISTORICAL_MARKET_BENCHMARK,NOT_AVAILABLE,NOT_GOLDBET,b6cf59a5662ad3e5257166bfc91ec2a5443a71a96c28d3251b3e5711a7987eb6
2ef2c2dac7dcd6ba8727df1b,2. Bundesliga,2022/2023,DEVELOPMENT,2022-10-01,12:00,MATCH_KICKOFF_TIME_TIMEZONE_NOT_STATED_BY_SOURCE,,NOT_VERIFIED_DO_NOT_INFER,Holstein Kiel,Hansa Rostock,1,1,D,EVALUATION_ONLY_JOIN_AFTER_PREMATCH_FEATURE_FREEZE,1.95,3.61,3.69,EXTERNAL_HISTORICAL_MARKET_BENCHMARK,NOT_AVAILABLE,NOT_GOLDBET,e8579eb9c8e63ecf66d2cea47ec55eab8bdb5839e73452154ce805223195dfae
8cb496719949521ac5f4b83a,2. Bundesliga,2022/2023,DEVELOPMENT,2022-10-01,19:30,MATCH_KICKOFF_TIME_TIMEZONE_NOT_STATED_BY_SOURCE,,NOT_VERIFIED_DO_NOT_INFER,St Pauli,Heidenheim,0,0,D,EVALUATION_ONLY_JOIN_AFTER_PREMATCH_FEATURE_FREEZE,2.31,3.41,3,EXTERNAL_HISTORICAL_MARKET_BENCHMARK,NOT_AVAILABLE,NOT_GOLDBET,2da106dce7cf67fe1224cb922363b93f71534f07beee2322af553a1769f94963
76435a311a412b4cad479646,2. Bundesliga,2022/2023,DEVELOPMENT,2022-10-02,12:30,MATCH_KICKOFF_TIME_TIMEZONE_NOT_STATED_BY_SOURCE,,NOT_VERIFIED_DO_NOT_INFER,Kaiserslautern,Braunschweig,1,1,D,EVALUATION_ONLY_JOIN_AFTER_PREMATCH_FEATURE_FREEZE,1.95,3.64,3.69,EXTERNAL_HISTORICAL_MARKET_BENCHMARK,NOT_AVAILABLE,NOT_GOLDBET,830c1a49a4769d447f456fdd387454cea861ff19260cd10a02d6e54299ac06d8
43acaa839c1d97cc423fb531,2. Bundesliga,2022/2023,DEVELOPMENT,2022-10-02,12:30,MATCH_KICKOFF_TIME_TIMEZONE_NOT_STATED_BY_SOURCE,,NOT_VERIFIED_DO_NOT_INFER,Karlsruhe,Nurnberg,3,0,H,EVALUATION_ONLY_JOIN_AFTER_PREMATCH_FEATURE_FREEZE,2.15,3.59,3.18,EXTERNAL_HISTORICAL_MARKET_BENCHMARK,NOT_AVAILABLE,NOT_GOLDBET,174d04c706c47a652560fcfcf3b5238ec3bb3ac2105da198e42cbf6021b2b8bc
78729b8f569dcbfe934bc01e,2. Bundesliga,2022/2023,DEVELOPMENT,2022-10-02,12:30,MATCH_KICKOFF_TIME_TIMEZONE_NOT_STATED_BY_SOURCE,,NOT_VERIFIED_DO_NOT_INFER,Magdeburg,Regensburg,1,0,H,EVALUATION_ONLY_JOIN_AFTER_PREMATCH_FEATURE_FREEZE,1.75,3.88,4.39,EXTERNAL_HISTORICAL_MARKET_BENCHMARK,NOT_AVAILABLE,NOT_GOLDBET,2a4976aa7228033d1074b8103625392040407e61eac39b84c83aa2bec8fa50d3
87262167129dc89a254d370c,2. Bundesliga,2022/2023,DEVELOPMENT,2022-10-07,17:30,MATCH_KICKOFF_TIME_TIMEZONE_NOT_STATED_BY_SOURCE,,NOT_VERIFIED_DO_NOT_INFER,Bielefeld,Karlsruhe,1,2,A,EVALUATION_ONLY_JOIN_AFTER_PREMATCH_FEATURE_FREEZE,3.29,3.62,2.1,EXTERNAL_HISTORICAL_MARKET_BENCHMARK,NOT_AVAILABLE,NOT_GOLDBET,1a767481cc0fa96e11a808f84b50ddba44e13b1e254eb8c674e941625d3e311d
db9f0d7c3b7f3d343dcb87b6,2. Bundesliga,2022/2023,DEVELOPMENT,2022-10-07,17:30,MATCH_KICKOFF_TIME_TIMEZONE_NOT_STATED_BY_SOURCE,,NOT_VERIFIED_DO_NOT_INFER,Regensburg,Greuther Furth,2,2,D,EVALUATION_ONLY_JOIN_AFTER_PREMATCH_FEATURE_FREEZE,3.12,3.32,2.3,EXTERNAL_HISTORICAL_MARKET_BENCHMARK,NOT_AVAILABLE,NOT_GOLDBET,d4040e76d21dc0b186f1c21d45842099b7c1bcecb0e6e37567543ee86a911fc1
dbb90052350763c5ef66cc21,2. Bundesliga,2022/2023,DEVELOPMENT,2022-10-08,12:00,MATCH_KICKOFF_TIME_TIMEZONE_NOT_STATED_BY_SOURCE,,NOT_VERIFIED_DO_NOT_INFER,Braunschweig,St Pauli,2,1,H,EVALUATION_ONLY_JOIN_AFTER_PREMATCH_FEATURE_FREEZE,2.65,3.52,2.52,EXTERNAL_HISTORICAL_MARKET_BENCHMARK,NOT_AVAILABLE,NOT_GOLDBET,fbd05af8a024bc9c825259163464dfcc659dfcdc611e89d1c225ffb7f4ba14a7
266a1996f48ed0925073b249,2. Bundesliga,2022/2023,DEVELOPMENT,2022-10-08,12:00,MATCH_KICKOFF_TIME_TIMEZONE_NOT_STATED_BY_SOURCE,,NOT_VERIFIED_DO_NOT_INFER,Darmstadt,Fortuna Dusseldorf,1,0,H,EVALUATION_ONLY_JOIN_AFTER_PREMATCH_FEATURE_FREEZE,2.16,3.58,3.16,EXTERNAL_HISTORICAL_MARKET_BENCHMARK,NOT_AVAILABLE,NOT_GOLDBET,05bf477eaa45ded24b8ff4c41ccb2ce38b3ea93149085cf55eef621595ca2f2f
2bf01a5ecec2a896b63c1274,2. Bundesliga,2022/2023,DEVELOPMENT,2022-10-08,12:00,MATCH_KICKOFF_TIME_TIMEZONE_NOT_STATED_BY_SOURCE,,NOT_VERIFIED_DO_NOT_INFER,Hansa Rostock,Paderborn,0,3,A,EVALUATION_ONLY_JOIN_AFTER_PREMATCH_FEATURE_FREEZE,3.19,3.58,2.15,EXTERNAL_HISTORICAL_MARKET_BENCHMARK,NOT_AVAILABLE,NOT_GOLDBET,9746edfd6cc450eeab698a1038655ae5f211b3d2601a3f74d62e90e3787cf246
10538adc71b306ef2b6c2907,2. Bundesliga,2022/2023,DEVELOPMENT,2022-10-08,19:30,MATCH_KICKOFF_TIME_TIMEZONE_NOT_STATED_BY_SOURCE,,NOT_VERIFIED_DO_NOT_INFER,Hamburg,Kaiserslautern,1,1,D,EVALUATION_ONLY_JOIN_AFTER_PREMATCH_FEATURE_FREEZE,1.67,3.97,4.87,EXTERNAL_HISTORICAL_MARKET_BENCHMARK,NOT_AVAILABLE,NOT_GOLDBET,c90235d638daa790ff75d02691bf94959baa055dad2d04a04399c90693428622
a784283e02014d6889b53cd0,2. Bundesliga,2022/2023,DEVELOPMENT,2022-10-09,12:30,MATCH_KICKOFF_TIME_TIMEZONE_NOT_STATED_BY_SOURCE,,NOT_VERIFIED_DO_NOT_INFER,Heidenheim,Hannover,2,1,H,EVALUATION_ONLY_JOIN_AFTER_PREMATCH_FEATURE_FREEZE,1.89,3.7,3.86,EXTERNAL_HISTORICAL_MARKET_BENCHMARK,NOT_AVAILABLE,NOT_GOLDBET,9cae9f50675f43fd9aa953ada2ef78fe113b4a69cb10e6e04bd35febc01953bd
ce5bd512610eed0a418908fe,2. Bundesliga,2022/2023,DEVELOPMENT,2022-10-09,12:30,MATCH_KICKOFF_TIME_TIMEZONE_NOT_STATED_BY_SOURCE,,NOT_VERIFIED_DO_NOT_INFER,Nurnberg,Holstein Kiel,2,3,A,EVALUATION_ONLY_JOIN_AFTER_PREMATCH_FEATURE_FREEZE,2.19,3.62,3.08,EXTERNAL_HISTORICAL_MARKET_BENCHMARK,NOT_AVAILABLE,NOT_GOLDBET,ef52c35083c48f215964c0ebfae6913f2836d0d6da8cdedac6bfa4df6a7d9e57
0e246df538d14d4de28b4b40,2. Bundesliga,2022/2023,DEVELOPMENT,2022-10-09,12:30,MATCH_KICKOFF_TIME_TIMEZONE_NOT_STATED_BY_SOURCE,,NOT_VERIFIED_DO_NOT_INFER,Sandhausen,Magdeburg,1,0,H,EVALUATION_ONLY_JOIN_AFTER_PREMATCH_FEATURE_FREEZE,2.48,3.47,2.74,EXTERNAL_HISTORICAL_MARKET_BENCHMARK,NOT_AVAILABLE,NOT_GOLDBET,9e7adb612fec930b1a8056e3987e4aa22a0091c51a417fa4d4bc760896b7699d
f594e0e8c4e22bf96cb98063,2. Bundesliga,2022/2023,DEVELOPMENT,2022-10-14,17:30,MATCH_KICKOFF_TIME_TIMEZONE_NOT_STATED_BY_SOURCE,,NOT_VERIFIED_DO_NOT_INFER,Greuther Furth,Hansa Rostock,2,2,D,EVALUATION_ONLY_JOIN_AFTER_PREMATCH_FEATURE_FREEZE,2.17,3.35,3.35,EXTERNAL_HISTORICAL_MARKET_BENCHMARK,NOT_AVAILABLE,NOT_GOLDBET,ae2cd71167828e4ce3220e0278d95dcdc1451b2d80c1496149178919fca6601e
8c87a115b8d9a71773bf78fe,2. Bundesliga,2022/2023,DEVELOPMENT,2022-10-14,17:30,MATCH_KICKOFF_TIME_TIMEZONE_NOT_STATED_BY_SOURCE,,NOT_VERIFIED_DO_NOT_INFER,St Pauli,Hamburg,3,0,H,EVALUATION_ONLY_JOIN_AFTER_PREMATCH_FEATURE_FREEZE,2.93,3.49,2.32,EXTERNAL_HISTORICAL_MARKET_BENCHMARK,NOT_AVAILABLE,NOT_GOLDBET,81c6c408b2e34a61fb1cc34769e39c5f8eaf5ddab8cf991cf8e9732af167aa3b
965fe1b8dc68f7d02ceb048d,2. Bundesliga,2022/2023,DEVELOPMENT,2022-10-15,12:00,MATCH_KICKOFF_TIME_TIMEZONE_NOT_STATED_BY_SOURCE,,NOT_VERIFIED_DO_NOT_INFER,Fortuna Dusseldorf,Nurnberg,0,1,A,EVALUATION_ONLY_JOIN_AFTER_PREMATCH_FEATURE_FREEZE,1.84,3.7,4.1,EXTERNAL_HISTORICAL_MARKET_BENCHMARK,NOT_AVAILABLE,NOT_GOLDBET,b323b5fce13e9638b4947b67b90466ed351b012113bcac0177fe632bac65cfcd
64ffc830845edea026e46fba,2. Bundesliga,2022/2023,DEVELOPMENT,2022-10-15,12:00,MATCH_KICKOFF_TIME_TIMEZONE_NOT_STATED_BY_SOURCE,,NOT_VERIFIED_DO_NOT_INFER,Karlsruhe,Darmstadt,1,2,A,EVALUATION_ONLY_JOIN_AFTER_PREMATCH_FEATURE_FREEZE,2.78,3.48,2.43,EXTERNAL_HISTORICAL_MARKET_BENCHMARK,NOT_AVAILABLE,NOT_GOLDBET,c82c621756874ce28ffde60a01750aae671a77bee12ba121cbdc5ad593b21048
4bf92c66b669e0ed2fc5cbd8,2. Bundesliga,2022/2023,DEVELOPMENT,2022-10-15,12:00,MATCH_KICKOFF_TIME_TIMEZONE_NOT_STATED_BY_SOURCE,,NOT_VERIFIED_DO_NOT_INFER,Magdeburg,Braunschweig,0,2,A,EVALUATION_ONLY_JOIN_AFTER_PREMATCH_FEATURE_FREEZE,2.3,3.62,2.88,EXTERNAL_HISTORICAL_MARKET_BENCHMARK,NOT_AVAILABLE,NOT_GOLDBET,15008896c3242e07ec3fda7c5f02b0b9a6ce1d3bca3e121d8e30db62083a5cb0
3f8a12bf9a5529ccffc70643,2. Bundesliga,2022/2023,DEVELOPMENT,2022-10-15,19:30,MATCH_KICKOFF_TIME_TIMEZONE_NOT_STATED_BY_SOURCE,,NOT_VERIFIED_DO_NOT_INFER,Hannover,Bielefeld,2,0,H,EVALUATION_ONLY_JOIN_AFTER_PREMATCH_FEATURE_FREEZE,1.94,3.65,3.75,EXTERNAL_HISTORICAL_MARKET_BENCHMARK,NOT_AVAILABLE,NOT_GOLDBET,dc9ed0518d123ef24bcc5a2c69c6e1134f063010e4f468fc0a9d5d34dbd0f920
eba90e516a4a366e1569504e,2. Bundesliga,2022/2023,DEVELOPMENT,2022-10-16,12:30,MATCH_KICKOFF_TIME_TIMEZONE_NOT_STATED_BY_SOURCE,,NOT_VERIFIED_DO_NOT_INFER,Holstein Kiel,Heidenheim,3,1,H,EVALUATION_ONLY_JOIN_AFTER_PREMATCH_FEATURE_FREEZE,2.45,3.39,2.8,EXTERNAL_HISTORICAL_MARKET_BENCHMARK,NOT_AVAILABLE,NOT_GOLDBET,51529a95cb5670dd28d882cf8d0865334d19dec970edf0eb2e4adb81447aeb82
5ecdbb00662f316fc45f97d7,2. Bundesliga,2022/2023,DEVELOPMENT,2022-10-16,12:30,MATCH_KICKOFF_TIME_TIMEZONE_NOT_STATED_BY_SOURCE,,NOT_VERIFIED_DO_NOT_INFER,Kaiserslautern,Regensburg,0,3,A,EVALUATION_ONLY_JOIN_AFTER_PREMATCH_FEATURE_FREEZE,1.82,3.55,4.34,EXTERNAL_HISTORICAL_MARKET_BENCHMARK,NOT_AVAILABLE,NOT_GOLDBET,75a7caa08d84f0cda0865124ad08396a7903876f639484ab412e844b3ce672f3
ba8e1c33d1f55ba2e42929fa,2. Bundesliga,2022/2023,DEVELOPMENT,2022-10-16,12:30,MATCH_KICKOFF_TIME_TIMEZONE_NOT_STATED_BY_SOURCE,,NOT_VERIFIED_DO_NOT_INFER,Paderborn,Sandhausen,3,0,H,EVALUATION_ONLY_JOIN_AFTER_PREMATCH_FEATURE_FREEZE,1.42,4.7,7.14,EXTERNAL_HISTORICAL_MARKET_BENCHMARK,NOT_AVAILABLE,NOT_GOLDBET,d061704ae0775a84cc16ca4efa784f155984f027f158c832dd541041a90a5194
3ae1e4e21ef98f9b10ba5d5c,2. Bundesliga,2022/2023,DEVELOPMENT,2022-10-21,17:30,MATCH_KICKOFF_TIME_TIMEZONE_NOT_STATED_BY_SOURCE,,NOT_VERIFIED_DO_NOT_INFER,Darmstadt,Holstein Kiel,1,1,D,EVALUATION_ONLY_JOIN_AFTER_PREMATCH_FEATURE_FREEZE,1.79,3.89,4.14,EXTERNAL_HISTORICAL_MARKET_BENCHMARK,NOT_AVAILABLE,NOT_GOLDBET,b7f2103db9d49060e4531cc462bb91ef47c2ef0facaa23143c63b3b47c20d3aa
109f634a4ad41c3442edd734,2. Bundesliga,2022/2023,DEVELOPMENT,2022-10-21,17:30,MATCH_KICKOFF_TIME_TIMEZONE_NOT_STATED_BY_SOURCE,,NOT_VERIFIED_DO_NOT_INFER,Hansa Rostock,Kaiserslautern,0,2,A,EVALUATION_ONLY_JOIN_AFTER_PREMATCH_FEATURE_FREEZE,2.89,3.3,2.45,EXTERNAL_HISTORICAL_MARKET_BENCHMARK,NOT_AVAILABLE,NOT_GOLDBET,7b55f9224a3260933fcdb5d3da29c1e9bcb672efac9d8235886a169d66a08fff
2fc7ae256bed4c1ba05da350,2. Bundesliga,2022/2023,DEVELOPMENT,2022-10-22,12:00,MATCH_KICKOFF_TIME_TIMEZONE_NOT_STATED_BY_SOURCE,,NOT_VERIFIED_DO_NOT_INFER,Braunschweig,Paderborn,0,0,D,EVALUATION_ONLY_JOIN_AFTER_PREMATCH_FEATURE_FREEZE,3.83,3.87,1.86,EXTERNAL_HISTORICAL_MARKET_BENCHMARK,NOT_AVAILABLE,NOT_GOLDBET,46f91385c12b260b82f0aeb3b8356d8f20e9aa6ea5bf897410be1b8fbfba32dd
5b1f4db433b939596475bef9,2. Bundesliga,2022/2023,DEVELOPMENT,2022-10-22,12:00,MATCH_KICKOFF_TIME_TIMEZONE_NOT_STATED_BY_SOURCE,,NOT_VERIFIED_DO_NOT_INFER,Nurnberg,Hannover,0,0,D,EVALUATION_ONLY_JOIN_AFTER_PREMATCH_FEATURE_FREEZE,2,3.53,3.64,EXTERNAL_HISTORICAL_MARKET_BENCHMARK,NOT_AVAILABLE,NOT_GOLDBET,101af0170f490227a3c89071f55c880379d9519cca1aba44b5cf1bf755fc6dcc
b12e3cf68e289a786d112493,2. Bundesliga,2022/2023,DEVELOPMENT,2022-10-22,12:00,MATCH_KICKOFF_TIME_TIMEZONE_NOT_STATED_BY_SOURCE,,NOT_VERIFIED_DO_NOT_INFER,Regensburg,Sandhausen,2,1,H,EVALUATION_ONLY_JOIN_AFTER_PREMATCH_FEATURE_FREEZE,2.03,3.37,3.75,EXTERNAL_HISTORICAL_MARKET_BENCHMARK,NOT_AVAILABLE,NOT_GOLDBET,2535b7dd73a4c9a850f719d72d16ef06dd6536a4786a2842c4e08b149765c9c6
609c13d8489108fd5cc0e247,2. Bundesliga,2022/2023,DEVELOPMENT,2022-10-22,19:30,MATCH_KICKOFF_TIME_TIMEZONE_NOT_STATED_BY_SOURCE,,NOT_VERIFIED_DO_NOT_INFER,Bielefeld,St Pauli,2,0,H,EVALUATION_ONLY_JOIN_AFTER_PREMATCH_FEATURE_FREEZE,3.18,3.48,2.19,EXTERNAL_HISTORICAL_MARKET_BENCHMARK,NOT_AVAILABLE,NOT_GOLDBET,e16b685e24b3e54e77fdb663b15c637ffada0b76c0752e17040155ef511478dc
9299c503d1bdc144d65768f6,2. Bundesliga,2022/2023,DEVELOPMENT,2022-10-23,12:30,MATCH_KICKOFF_TIME_TIMEZONE_NOT_STATED_BY_SOURCE,,NOT_VERIFIED_DO_NOT_INFER,Hamburg,Magdeburg,2,3,A,EVALUATION_ONLY_JOIN_AFTER_PREMATCH_FEATURE_FREEZE,1.55,4.57,5.18,EXTERNAL_HISTORICAL_MARKET_BENCHMARK,NOT_AVAILABLE,NOT_GOLDBET,ac0929ed07e2e67fa8266457c2b7796d3e474a8ea6d817c6c2e16e461eb1a98b
b2acf6e555940f66e8066352,2. Bundesliga,2022/2023,DEVELOPMENT,2022-10-23,12:30,MATCH_KICKOFF_TIME_TIMEZONE_NOT_STATED_BY_SOURCE,,NOT_VERIFIED_DO_NOT_INFER,Heidenheim,Greuther Furth,3,1,H,EVALUATION_ONLY_JOIN_AFTER_PREMATCH_FEATURE_FREEZE,2.15,3.39,3.35,EXTERNAL_HISTORICAL_MARKET_BENCHMARK,NOT_AVAILABLE,NOT_GOLDBET,0daf36c552b2fbde4cba2afa0552afadbd59dd074a7ffdda07027e7db5dce0b2
777b0aa8caf06e8a71beb871,2. Bundesliga,2022/2023,DEVELOPMENT,2022-10-23,12:30,MATCH_KICKOFF_TIME_TIMEZONE_NOT_STATED_BY_SOURCE,,NOT_VERIFIED_DO_NOT_INFER,Karlsruhe,Fortuna Dusseldorf,0,2,A,EVALUATION_ONLY_JOIN_AFTER_PREMATCH_FEATURE_FREEZE,2.2,3.46,3.19,EXTERNAL_HISTORICAL_MARKET_BENCHMARK,NOT_AVAILABLE,NOT_GOLDBET,c4936a67a6671a6d85398310ed700715e449813259842ec48a0902b88fd293f5
d0a4688c49904aa2fcd1c993,2. Bundesliga,2022/2023,DEVELOPMENT,2022-10-28,17:30,MATCH_KICKOFF_TIME_TIMEZONE_NOT_STATED_BY_SOURCE,,NOT_VERIFIED_DO_NOT_INFER,Greuther Furth,Bielefeld,1,0,H,EVALUATION_ONLY_JOIN_AFTER_PREMATCH_FEATURE_FREEZE,1.97,3.61,3.67,EXTERNAL_HISTORICAL_MARKET_BENCHMARK,NOT_AVAILABLE,NOT_GOLDBET,44592c5400e715cbd70bcc6886fa16691793da304429f813f6e94f26fa9f6eaf
d3154b19ace14960821c44d7,2. Bundesliga,2022/2023,DEVELOPMENT,2022-10-28,17:30,MATCH_KICKOFF_TIME_TIMEZONE_NOT_STATED_BY_SOURCE,,NOT_VERIFIED_DO_NOT_INFER,Magdeburg,Heidenheim,1,1,D,EVALUATION_ONLY_JOIN_AFTER_PREMATCH_FEATURE_FREEZE,2.84,3.52,2.37,EXTERNAL_HISTORICAL_MARKET_BENCHMARK,NOT_AVAILABLE,NOT_GOLDBET,7605450e20c2e740f671e7d0fba1fcb02807bc7129ff6ba7d19ff5961504f2a7
267350f750f667bf068532ca,2. Bundesliga,2022/2023,DEVELOPMENT,2022-10-29,12:00,MATCH_KICKOFF_TIME_TIMEZONE_NOT_STATED_BY_SOURCE,,NOT_VERIFIED_DO_NOT_INFER,Holstein Kiel,Fortuna Dusseldorf,1,2,A,EVALUATION_ONLY_JOIN_AFTER_PREMATCH_FEATURE_FREEZE,2.42,3.54,2.75,EXTERNAL_HISTORICAL_MARKET_BENCHMARK,NOT_AVAILABLE,NOT_GOLDBET,4511178a5e289b46e3e10730a66108374b46b8fc5b0d70834223fa24dd268a91
5f74ee023acdf1df2a3fe9a0,2. Bundesliga,2022/2023,DEVELOPMENT,2022-10-29,12:00,MATCH_KICKOFF_TIME_TIMEZONE_NOT_STATED_BY_SOURCE,,NOT_VERIFIED_DO_NOT_INFER,Kaiserslautern,Nurnberg,0,0,D,EVALUATION_ONLY_JOIN_AFTER_PREMATCH_FEATURE_FREEZE,2.17,3.41,3.28,EXTERNAL_HISTORICAL_MARKET_BENCHMARK,NOT_AVAILABLE,NOT_GOLDBET,f22293b1704be8c52e25bd6c1259c3425a48b8ea702bfebfe3d6d0b0419f9380
e9a1bc32a473b23187132db9,2. Bundesliga,2022/2023,DEVELOPMENT,2022-10-29,12:00,MATCH_KICKOFF_TIME_TIMEZONE_NOT_STATED_BY_SOURCE,,NOT_VERIFIED_DO_NOT_INFER,Regensburg,Hansa Rostock,0,3,A,EVALUATION_ONLY_JOIN_AFTER_PREMATCH_FEATURE_FREEZE,2.34,3.36,3.01,EXTERNAL_HISTORICAL_MARKET_BENCHMARK,NOT_AVAILABLE,NOT_GOLDBET,d42ee1765a316d57eafe65a34bd6321b95657d43c1293fcbe012cd2939ce76b0
44d2c033eb75fac20e65b609,2. Bundesliga,2022/2023,DEVELOPMENT,2022-10-29,19:30,MATCH_KICKOFF_TIME_TIMEZONE_NOT_STATED_BY_SOURCE,,NOT_VERIFIED_DO_NOT_INFER,St Pauli,Darmstadt,1,1,D,EVALUATION_ONLY_JOIN_AFTER_PREMATCH_FEATURE_FREEZE,2.6,3.4,2.63,EXTERNAL_HISTORICAL_MARKET_BENCHMARK,NOT_AVAILABLE,NOT_GOLDBET,2c4f278e618a073ef05aa1aa9bcdc6078d2e4f4ba3d2b882b45dceeb63ff630c
40fc4189550a1c84fc4aeaca,2. Bundesliga,2022/2023,DEVELOPMENT,2022-10-30,12:30,MATCH_KICKOFF_TIME_TIMEZONE_NOT_STATED_BY_SOURCE,,NOT_VERIFIED_DO_NOT_INFER,Hannover,Karlsruhe,1,0,H,EVALUATION_ONLY_JOIN_AFTER_PREMATCH_FEATURE_FREEZE,2.49,3.38,2.77,EXTERNAL_HISTORICAL_MARKET_BENCHMARK,NOT_AVAILABLE,NOT_GOLDBET,59e85e7c3eacfae39d6ed1af319b1e31e5bdaf66a94ad21b437e264b566d2e6c
86b75eaee4e84e64814b4e9d,2. Bundesliga,2022/2023,DEVELOPMENT,2022-10-30,12:30,MATCH_KICKOFF_TIME_TIMEZONE_NOT_STATED_BY_SOURCE,,NOT_VERIFIED_DO_NOT_INFER,Paderborn,Hamburg,2,3,A,EVALUATION_ONLY_JOIN_AFTER_PREMATCH_FEATURE_FREEZE,2.2,3.83,2.92,EXTERNAL_HISTORICAL_MARKET_BENCHMARK,NOT_AVAILABLE,NOT_GOLDBET,c44fd2fad7d0165d25eef95021f964aeac1440332ade44a61eb321d71c2fc6b4
97fd4105d65d9134ccbfc5ce,2. Bundesliga,2022/2023,DEVELOPMENT,2022-10-30,12:30,MATCH_KICKOFF_TIME_TIMEZONE_NOT_STATED_BY_SOURCE,,NOT_VERIFIED_DO_NOT_INFER,Sandhausen,Braunschweig,2,2,D,EVALUATION_ONLY_JOIN_AFTER_PREMATCH_FEATURE_FREEZE,3.1,3.29,2.31,EXTERNAL_HISTORICAL_MARKET_BENCHMARK,NOT_AVAILABLE,NOT_GOLDBET,593d10509f2524cb8686f5bf86e4f182939d6db4805fb2d5c6a693401fae459f
383d308a0582eb863c5f9d98,2. Bundesliga,2022/2023,DEVELOPMENT,2022-11-04,17:30,MATCH_KICKOFF_TIME_TIMEZONE_NOT_STATED_BY_SOURCE,,NOT_VERIFIED_DO_NOT_INFER,Darmstadt,Hannover,1,0,H,EVALUATION_ONLY_JOIN_AFTER_PREMATCH_FEATURE_FREEZE,1.79,3.77,4.23,EXTERNAL_HISTORICAL_MARKET_BENCHMARK,NOT_AVAILABLE,NOT_GOLDBET,7ca2bc333031b12a66cef40b1c34cfd8ce76ae8e9f1c0c470f4b3e9799565d70
726c6a5e41ec8f20b748382b,2. Bundesliga,2022/2023,DEVELOPMENT,2022-11-04,17:30,MATCH_KICKOFF_TIME_TIMEZONE_NOT_STATED_BY_SOURCE,,NOT_VERIFIED_DO_NOT_INFER,Hansa Rostock,Sandhausen,0,1,A,EVALUATION_ONLY_JOIN_AFTER_PREMATCH_FEATURE_FREEZE,1.98,3.3,4.03,EXTERNAL_HISTORICAL_MARKET_BENCHMARK,NOT_AVAILABLE,NOT_GOLDBET,029afd1ae646da9c602dc33b2caf867888d866dc252cb0cf9321ea1bd0624f88
f646cb6832566031d57f71c4,2. Bundesliga,2022/2023,DEVELOPMENT,2022-11-05,12:00,MATCH_KICKOFF_TIME_TIMEZONE_NOT_STATED_BY_SOURCE,,NOT_VERIFIED_DO_NOT_INFER,Fortuna Dusseldorf,St Pauli,1,0,H,EVALUATION_ONLY_JOIN_AFTER_PREMATCH_FEATURE_FREEZE,2.33,3.4,3.01,EXTERNAL_HISTORICAL_MARKET_BENCHMARK,NOT_AVAILABLE,NOT_GOLDBET,e813ef1c5aea7ef2a895d4092d217b55d717b4379549c2dbd5f72c48efbd910a
7f1f85c86c725fc959b608a1,2. Bundesliga,2022/2023,DEVELOPMENT,2022-11-05,12:00,MATCH_KICKOFF_TIME_TIMEZONE_NOT_STATED_BY_SOURCE,,NOT_VERIFIED_DO_NOT_INFER,Heidenheim,Paderborn,3,0,H,EVALUATION_ONLY_JOIN_AFTER_PREMATCH_FEATURE_FREEZE,2.87,3.24,2.49,EXTERNAL_HISTORICAL_MARKET_BENCHMARK,NOT_AVAILABLE,NOT_GOLDBET,12520fbc1a61c1dd17357d18c9cfdedb4cf8cb91043ef0c45977aa5a47ae2b07
1bc773f1c56e593c88d713d5,2. Bundesliga,2022/2023,DEVELOPMENT,2022-11-05,12:00,MATCH_KICKOFF_TIME_TIMEZONE_NOT_STATED_BY_SOURCE,,NOT_VERIFIED_DO_NOT_INFER,Karlsruhe,Holstein Kiel,1,4,A,EVALUATION_ONLY_JOIN_AFTER_PREMATCH_FEATURE_FREEZE,2.36,3.64,2.79,EXTERNAL_HISTORICAL_MARKET_BENCHMARK,NOT_AVAILABLE,NOT_GOLDBET,1b46958170d4aae953ec77c48ff553fbbf58958b2ed96c017e3a5a5da95ea63e
c3cbf935bbf45cd28a7f898a,2. Bundesliga,2022/2023,DEVELOPMENT,2022-11-05,19:30,MATCH_KICKOFF_TIME_TIMEZONE_NOT_STATED_BY_SOURCE,,NOT_VERIFIED_DO_NOT_INFER,Bielefeld,Kaiserslautern,2,3,A,EVALUATION_ONLY_JOIN_AFTER_PREMATCH_FEATURE_FREEZE,2.99,3.34,2.36,EXTERNAL_HISTORICAL_MARKET_BENCHMARK,NOT_AVAILABLE,NOT_GOLDBET,985b473d855870391826947e1b2cac598e2dca3065726ad06dbfed82da6bc58e
2e500280a644d81c86ba84c4,2. Bundesliga,2022/2023,DEVELOPMENT,2022-11-06,12:30,MATCH_KICKOFF_TIME_TIMEZONE_NOT_STATED_BY_SOURCE,,NOT_VERIFIED_DO_NOT_INFER,Braunschweig,Greuther Furth,0,1,A,EVALUATION_ONLY_JOIN_AFTER_PREMATCH_FEATURE_FREEZE,2.55,3.31,2.74,EXTERNAL_HISTORICAL_MARKET_BENCHMARK,NOT_AVAILABLE,NOT_GOLDBET,a717b44b1ea0af40fbbecb89f49a7d4b093aa7528688f4f1f557f3ad4581ceea
3efd89e40d95759525022b03,2. Bundesliga,2022/2023,DEVELOPMENT,2022-11-06,12:30,MATCH_KICKOFF_TIME_TIMEZONE_NOT_STATED_BY_SOURCE,,NOT_VERIFIED_DO_NOT_INFER,Hamburg,Regensburg,3,1,H,EVALUATION_ONLY_JOIN_AFTER_PREMATCH_FEATURE_FREEZE,1.43,4.76,6.66,EXTERNAL_HISTORICAL_MARKET_BENCHMARK,NOT_AVAILABLE,NOT_GOLDBET,a90f6cde72a45da84e8ada5fc09fb784a08da9c68237486f6f5d8cf6636889eb
38e6334ce082e78292baed4c,2. Bundesliga,2022/2023,DEVELOPMENT,2022-11-06,12:30,MATCH_KICKOFF_TIME_TIMEZONE_NOT_STATED_BY_SOURCE,,NOT_VERIFIED_DO_NOT_INFER,Nurnberg,Magdeburg,1,2,A,EVALUATION_ONLY_JOIN_AFTER_PREMATCH_FEATURE_FREEZE,2.08,3.51,3.42,EXTERNAL_HISTORICAL_MARKET_BENCHMARK,NOT_AVAILABLE,NOT_GOLDBET,3112e3dfdacf06683e4c603d906fe343f6e2ee89c54949de23f448e32b1fa0f2
55cb0985a51358de4fba47a8,2. Bundesliga,2022/2023,DEVELOPMENT,2022-11-08,17:30,MATCH_KICKOFF_TIME_TIMEZONE_NOT_STATED_BY_SOURCE,,NOT_VERIFIED_DO_NOT_INFER,Hannover,Fortuna Dusseldorf,2,0,H,EVALUATION_ONLY_JOIN_AFTER_PREMATCH_FEATURE_FREEZE,2.72,3.29,2.59,EXTERNAL_HISTORICAL_MARKET_BENCHMARK,NOT_AVAILABLE,NOT_GOLDBET,aee20f9cd76047b03dcd3cac1a805dfcc65c408531d50411e5cd5e8b17067a21
c70a621997bd563bbc5bcbad,2. Bundesliga,2022/2023,DEVELOPMENT,2022-11-08,17:30,MATCH_KICKOFF_TIME_TIMEZONE_NOT_STATED_BY_SOURCE,,NOT_VERIFIED_DO_NOT_INFER,Kaiserslautern,Karlsruhe,2,0,H,EVALUATION_ONLY_JOIN_AFTER_PREMATCH_FEATURE_FREEZE,2.42,3.36,2.89,EXTERNAL_HISTORICAL_MARKET_BENCHMARK,NOT_AVAILABLE,NOT_GOLDBET,a8e2ffbd05c4350f32e1696a864c032dd8ad480aa4de71743a8760a0ac15c64b
f89ad9faaeb63903eb5278b9,2. Bundesliga,2022/2023,DEVELOPMENT,2022-11-08,17:30,MATCH_KICKOFF_TIME_TIMEZONE_NOT_STATED_BY_SOURCE,,NOT_VERIFIED_DO_NOT_INFER,Paderborn,Bielefeld,0,2,A,EVALUATION_ONLY_JOIN_AFTER_PREMATCH_FEATURE_FREEZE,1.53,4.43,5.62,EXTERNAL_HISTORICAL_MARKET_BENCHMARK,NOT_AVAILABLE,NOT_GOLDBET,19750f71c7b0e0d493f9da07def76578131d71aa2d450576969010467a9f7965
a985ed3715a4a98ab3f43506,2. Bundesliga,2022/2023,DEVELOPMENT,2022-11-08,17:30,MATCH_KICKOFF_TIME_TIMEZONE_NOT_STATED_BY_SOURCE,,NOT_VERIFIED_DO_NOT_INFER,St Pauli,Holstein Kiel,0,0,D,EVALUATION_ONLY_JOIN_AFTER_PREMATCH_FEATURE_FREEZE,2.19,3.56,3.12,EXTERNAL_HISTORICAL_MARKET_BENCHMARK,NOT_AVAILABLE,NOT_GOLDBET,d802587ed286b8cad27075a42c4d989b3abc6e3b5ad72978f7c035df03ef9533
46483a741db968a12f2092a5,2. Bundesliga,2022/2023,DEVELOPMENT,2022-11-09,17:30,MATCH_KICKOFF_TIME_TIMEZONE_NOT_STATED_BY_SOURCE,,NOT_VERIFIED_DO_NOT_INFER,Greuther Furth,Hamburg,1,0,H,EVALUATION_ONLY_JOIN_AFTER_PREMATCH_FEATURE_FREEZE,3.15,3.57,2.17,EXTERNAL_HISTORICAL_MARKET_BENCHMARK,NOT_AVAILABLE,NOT_GOLDBET,b2bb915726d23b6e2b57ac6bb295dcb4fd31effb21db37f007c5f2533567a51b
e28ed87e2769cefafb67104b,2. Bundesliga,2022/2023,DEVELOPMENT,2022-11-09,17:30,MATCH_KICKOFF_TIME_TIMEZONE_NOT_STATED_BY_SOURCE,,NOT_VERIFIED_DO_NOT_INFER,Hansa Rostock,Nurnberg,1,1,D,EVALUATION_ONLY_JOIN_AFTER_PREMATCH_FEATURE_FREEZE,2.44,3.11,3.05,EXTERNAL_HISTORICAL_MARKET_BENCHMARK,NOT_AVAILABLE,NOT_GOLDBET,78d4d1f7f298fc8072e14d0c76d911847bc2c315fcdff8aea7b7b91e203f2a2b
274b72d8ab14b394009385de,2. Bundesliga,2022/2023,DEVELOPMENT,2022-11-09,17:30,MATCH_KICKOFF_TIME_TIMEZONE_NOT_STATED_BY_SOURCE,,NOT_VERIFIED_DO_NOT_INFER,Regensburg,Braunschweig,1,1,D,EVALUATION_ONLY_JOIN_AFTER_PREMATCH_FEATURE_FREEZE,2.66,3.28,2.66,EXTERNAL_HISTORICAL_MARKET_BENCHMARK,NOT_AVAILABLE,NOT_GOLDBET,bd8a33251c7a8ea5cc4e617f106807362b4056a968eec5d9e76600c2e5c360de
ac97c802a1261a695bd9d0b9,2. Bundesliga,2022/2023,DEVELOPMENT,2022-11-09,17:30,MATCH_KICKOFF_TIME_TIMEZONE_NOT_STATED_BY_SOURCE,,NOT_VERIFIED_DO_NOT_INFER,Sandhausen,Heidenheim,3,4,A,EVALUATION_ONLY_JOIN_AFTER_PREMATCH_FEATURE_FREEZE,3.19,3.24,2.29,EXTERNAL_HISTORICAL_MARKET_BENCHMARK,NOT_AVAILABLE,NOT_GOLDBET,4accbadab0ef5c90ff793ba4c90ec6ce1a5135655479748f494c235e480ee0f8
0527689d580942feec1bdc6c,2. Bundesliga,2022/2023,DEVELOPMENT,2022-11-10,19:30,MATCH_KICKOFF_TIME_TIMEZONE_NOT_STATED_BY_SOURCE,,NOT_VERIFIED_DO_NOT_INFER,Magdeburg,Darmstadt,0,1,A,EVALUATION_ONLY_JOIN_AFTER_PREMATCH_FEATURE_FREEZE,3.26,3.66,2.08,EXTERNAL_HISTORICAL_MARKET_BENCHMARK,NOT_AVAILABLE,NOT_GOLDBET,8c6e6619ae076ec6b8e8a6fa7aae13a745f93a46abe04a083b6bc7dc9d848d45
7a00b656f3a9f40e25cb8a6c,2. Bundesliga,2022/2023,DEVELOPMENT,2022-11-11,17:30,MATCH_KICKOFF_TIME_TIMEZONE_NOT_STATED_BY_SOURCE,,NOT_VERIFIED_DO_NOT_INFER,Fortuna Dusseldorf,Kaiserslautern,1,2,A,EVALUATION_ONLY_JOIN_AFTER_PREMATCH_FEATURE_FREEZE,1.96,3.46,3.84,EXTERNAL_HISTORICAL_MARKET_BENCHMARK,NOT_AVAILABLE,NOT_GOLDBET,dae79e1d5f7528e4be3194febda0ee50192d814d8fa6bc54a6e002e6da42f11e
9c6fb19987cb27abf2454f2a,2. Bundesliga,2022/2023,DEVELOPMENT,2022-11-11,17:30,MATCH_KICKOFF_TIME_TIMEZONE_NOT_STATED_BY_SOURCE,,NOT_VERIFIED_DO_NOT_INFER,Holstein Kiel,Hannover,1,1,D,EVALUATION_ONLY_JOIN_AFTER_PREMATCH_FEATURE_FREEZE,1.94,3.7,3.68,EXTERNAL_HISTORICAL_MARKET_BENCHMARK,NOT_AVAILABLE,NOT_GOLDBET,d25a61918d87346080d4f66479db1b4f8a0fba58d609a1ea48e71dcc0c846b38
09cd8d237015becdd1f7be9c,2. Bundesliga,2022/2023,DEVELOPMENT,2022-11-12,12:00,MATCH_KICKOFF_TIME_TIMEZONE_NOT_STATED_BY_SOURCE,,NOT_VERIFIED_DO_NOT_INFER,Hamburg,Sandhausen,4,2,H,EVALUATION_ONLY_JOIN_AFTER_PREMATCH_FEATURE_FREEZE,1.5,4.52,5.82,EXTERNAL_HISTORICAL_MARKET_BENCHMARK,NOT_AVAILABLE,NOT_GOLDBET,4e483da5ff4364b39368f41ea8915962dac6aea2266016b5f89faaea995f129f
9e04a2b323219afcb85ea458,2. Bundesliga,2022/2023,DEVELOPMENT,2022-11-12,12:00,MATCH_KICKOFF_TIME_TIMEZONE_NOT_STATED_BY_SOURCE,,NOT_VERIFIED_DO_NOT_INFER,Heidenheim,Regensburg,5,4,H,EVALUATION_ONLY_JOIN_AFTER_PREMATCH_FEATURE_FREEZE,1.78,3.7,4.39,EXTERNAL_HISTORICAL_MARKET_BENCHMARK,NOT_AVAILABLE,NOT_GOLDBET,8c0ad91f549acf2314243aaa11e57bbe5eb76c87b88318ee3d4d525fba25dd8b
041a827003c04e5d9961753e,2. Bundesliga,2022/2023,DEVELOPMENT,2022-11-12,12:00,MATCH_KICKOFF_TIME_TIMEZONE_NOT_STATED_BY_SOURCE,,NOT_VERIFIED_DO_NOT_INFER,Karlsruhe,St Pauli,4,4,D,EVALUATION_ONLY_JOIN_AFTER_PREMATCH_FEATURE_FREEZE,2.23,3.35,3.22,EXTERNAL_HISTORICAL_MARKET_BENCHMARK,NOT_AVAILABLE,NOT_GOLDBET,7e99bb6408838a025b0597fc8fc2c7f2f350313770855a6e6a811ecd64c2b01d
8f4488f98d4cf0b8b89dbefd,2. Bundesliga,2022/2023,DEVELOPMENT,2022-11-12,19:30,MATCH_KICKOFF_TIME_TIMEZONE_NOT_STATED_BY_SOURCE,,NOT_VERIFIED_DO_NOT_INFER,Braunschweig,Hansa Rostock,0,1,A,EVALUATION_ONLY_JOIN_AFTER_PREMATCH_FEATURE_FREEZE,2.56,3.1,2.88,EXTERNAL_HISTORICAL_MARKET_BENCHMARK,NOT_AVAILABLE,NOT_GOLDBET,1d7c60bbf0c25b2867c1ffbf692f66355373aba20597207ce1cc789c6b9b231b
0b547b11bd7b6e9584f3f6f3,2. Bundesliga,2022/2023,DEVELOPMENT,2022-11-13,12:30,MATCH_KICKOFF_TIME_TIMEZONE_NOT_STATED_BY_SOURCE,,NOT_VERIFIED_DO_NOT_INFER,Bielefeld,Magdeburg,3,1,H,EVALUATION_ONLY_JOIN_AFTER_PREMATCH_FEATURE_FREEZE,2.39,3.67,2.7,EXTERNAL_HISTORICAL_MARKET_BENCHMARK,NOT_AVAILABLE,NOT_GOLDBET,9d7a73d5e092e6bd2ee016c7b820e9b388563b585249018adc4c3147c20c1389
e64c483dc7c4cc7a31bd0095,2. Bundesliga,2022/2023,DEVELOPMENT,2022-11-13,12:30,MATCH_KICKOFF_TIME_TIMEZONE_NOT_STATED_BY_SOURCE,,NOT_VERIFIED_DO_NOT_INFER,Darmstadt,Greuther Furth,1,1,D,EVALUATION_ONLY_JOIN_AFTER_PREMATCH_FEATURE_FREEZE,2.08,3.43,3.5,EXTERNAL_HISTORICAL_MARKET_BENCHMARK,NOT_AVAILABLE,NOT_GOLDBET,d710064363d67cbd0ee48a6043f964f4597d2c9ca002e1f2677182f76267100d
f59c1e47408808f63b9a6964,2. Bundesliga,2022/2023,DEVELOPMENT,2022-11-13,12:30,MATCH_KICKOFF_TIME_TIMEZONE_NOT_STATED_BY_SOURCE,,NOT_VERIFIED_DO_NOT_INFER,Nurnberg,Paderborn,2,1,H,EVALUATION_ONLY_JOIN_AFTER_PREMATCH_FEATURE_FREEZE,2.86,3.36,2.43,EXTERNAL_HISTORICAL_MARKET_BENCHMARK,NOT_AVAILABLE,NOT_GOLDBET,9f0a04a50aaaf80c471de209e5bdbd069b9e8aa94973fcf4e2d097ddbb92d242
aadcad409864906102653b54,2. Bundesliga,2022/2023,DEVELOPMENT,2023-01-27,17:30,MATCH_KICKOFF_TIME_TIMEZONE_NOT_STATED_BY_SOURCE,,NOT_VERIFIED_DO_NOT_INFER,Fortuna Dusseldorf,Magdeburg,3,2,H,EVALUATION_ONLY_JOIN_AFTER_PREMATCH_FEATURE_FREEZE,1.7,3.9,4.7,EXTERNAL_HISTORICAL_MARKET_BENCHMARK,NOT_AVAILABLE,NOT_GOLDBET,ee60c600ff50321795469eecdf031315a537b37b6b729f14f74807c1726e51d9
467e8adb24217b8c680c61d2,2. Bundesliga,2022/2023,DEVELOPMENT,2023-01-27,17:30,MATCH_KICKOFF_TIME_TIMEZONE_NOT_STATED_BY_SOURCE,,NOT_VERIFIED_DO_NOT_INFER,Karlsruhe,Paderborn,0,1,A,EVALUATION_ONLY_JOIN_AFTER_PREMATCH_FEATURE_FREEZE,2.56,3.55,2.58,EXTERNAL_HISTORICAL_MARKET_BENCHMARK,NOT_AVAILABLE,NOT_GOLDBET,09f540699fce8aee12c6860c483a2c055db0e0bf813f6651c63600b119114dea
ac2fe85befddce1691aa5326,2. Bundesliga,2022/2023,DEVELOPMENT,2023-01-28,12:00,MATCH_KICKOFF_TIME_TIMEZONE_NOT_STATED_BY_SOURCE,,NOT_VERIFIED_DO_NOT_INFER,Darmstadt,Regensburg,2,0,H,EVALUATION_ONLY_JOIN_AFTER_PREMATCH_FEATURE_FREEZE,1.54,4.21,5.81,EXTERNAL_HISTORICAL_MARKET_BENCHMARK,NOT_AVAILABLE,NOT_GOLDBET,0dd2f2df08b3a66946f141f8ab62ca5567822a5173b09778f1672a98e2000a4c
d2822ddde6646aecc58d584d,2. Bundesliga,2022/2023,DEVELOPMENT,2023-01-28,12:00,MATCH_KICKOFF_TIME_TIMEZONE_NOT_STATED_BY_SOURCE,,NOT_VERIFIED_DO_NOT_INFER,Heidenheim,Hansa Rostock,2,0,H,EVALUATION_ONLY_JOIN_AFTER_PREMATCH_FEATURE_FREEZE,1.89,3.49,4.14,EXTERNAL_HISTORICAL_MARKET_BENCHMARK,NOT_AVAILABLE,NOT_GOLDBET,db1d9c310474bfc7ac4d41dd76c35ef7c0bb9a6e0e6b1f5ad2c6a0c3f69e5a63
22779848be40a9c1dbf47492,2. Bundesliga,2022/2023,DEVELOPMENT,2023-01-28,12:00,MATCH_KICKOFF_TIME_TIMEZONE_NOT_STATED_BY_SOURCE,,NOT_VERIFIED_DO_NOT_INFER,Holstein Kiel,Greuther Furth,2,1,H,EVALUATION_ONLY_JOIN_AFTER_PREMATCH_FEATURE_FREEZE,2.58,3.27,2.74,EXTERNAL_HISTORICAL_MARKET_BENCHMARK,NOT_AVAILABLE,NOT_GOLDBET,32f8593b935639ff64fa7244949e376073ba734c830220db391cb179a80d1764
b5f23ed9978701f799c2fce1,2. Bundesliga,2022/2023,DEVELOPMENT,2023-01-28,19:30,MATCH_KICKOFF_TIME_TIMEZONE_NOT_STATED_BY_SOURCE,,NOT_VERIFIED_DO_NOT_INFER,Hannover,Kaiserslautern,1,3,A,EVALUATION_ONLY_JOIN_AFTER_PREMATCH_FEATURE_FREEZE,2.24,3.22,3.32,EXTERNAL_HISTORICAL_MARKET_BENCHMARK,NOT_AVAILABLE,NOT_GOLDBET,2d6000baffa04b788cece3da1fc31e3983513981f0a5c36eb409b5386354b3c8
57f2a5dbad88f577f61cf832,2. Bundesliga,2022/2023,DEVELOPMENT,2023-01-29,12:30,MATCH_KICKOFF_TIME_TIMEZONE_NOT_STATED_BY_SOURCE,,NOT_VERIFIED_DO_NOT_INFER,Bielefeld,Sandhausen,1,2,A,EVALUATION_ONLY_JOIN_AFTER_PREMATCH_FEATURE_FREEZE,2.13,3.27,3.51,EXTERNAL_HISTORICAL_MARKET_BENCHMARK,NOT_AVAILABLE,NOT_GOLDBET,fc1bde3887274834c0d2d4c78b75e86122dc2791cc66cdbc305d5e42981da638
af094f29c610547f17e2187d,2. Bundesliga,2022/2023,DEVELOPMENT,2023-01-29,12:30,MATCH_KICKOFF_TIME_TIMEZONE_NOT_STATED_BY_SOURCE,,NOT_VERIFIED_DO_NOT_INFER,Hamburg,Braunschweig,4,2,H,EVALUATION_ONLY_JOIN_AFTER_PREMATCH_FEATURE_FREEZE,1.41,4.91,6.75,EXTERNAL_HISTORICAL_MARKET_BENCHMARK,NOT_AVAILABLE,NOT_GOLDBET,57673f624469b390a7cd0c1af06d4725769eeee83f73a1df0a4415acc7036d2d
f2c9506fe66e3f23e3a0865c,2. Bundesliga,2022/2023,DEVELOPMENT,2023-01-29,12:30,MATCH_KICKOFF_TIME_TIMEZONE_NOT_STATED_BY_SOURCE,,NOT_VERIFIED_DO_NOT_INFER,Nurnberg,St Pauli,0,1,A,EVALUATION_ONLY_JOIN_AFTER_PREMATCH_FEATURE_FREEZE,2.78,3.38,2.47,EXTERNAL_HISTORICAL_MARKET_BENCHMARK,NOT_AVAILABLE,NOT_GOLDBET,135a5f6e62e1902704324e39ffc73e61ba2a0d743600398d2c476de76a7d48bd
63300b0bde6ab04f57c7d04f,2. Bundesliga,2022/2023,DEVELOPMENT,2023-02-03,17:30,MATCH_KICKOFF_TIME_TIMEZONE_NOT_STATED_BY_SOURCE,,NOT_VERIFIED_DO_NOT_INFER,Paderborn,Fortuna Dusseldorf,4,1,H,EVALUATION_ONLY_JOIN_AFTER_PREMATCH_FEATURE_FREEZE,2.38,3.41,2.91,EXTERNAL_HISTORICAL_MARKET_BENCHMARK,NOT_AVAILABLE,NOT_GOLDBET,0f3f4fecec0495be826be675243f5dc3150d949531c89ccd182d947179595e16
965e35caf1f19c930e300590,2. Bundesliga,2022/2023,DEVELOPMENT,2023-02-03,17:30,MATCH_KICKOFF_TIME_TIMEZONE_NOT_STATED_BY_SOURCE,,NOT_VERIFIED_DO_NOT_INFER,Sandhausen,Darmstadt,0,4,A,EVALUATION_ONLY_JOIN_AFTER_PREMATCH_FEATURE_FREEZE,3.64,3.24,2.1,EXTERNAL_HISTORICAL_MARKET_BENCHMARK,NOT_AVAILABLE,NOT_GOLDBET,b2ab0a48274915dede4ae5c9d307cb4c4f38bb294067cd54b17811069fe256fd
92c9e0d00138390048428a76,2. Bundesliga,2022/2023,DEVELOPMENT,2023-02-04,12:00,MATCH_KICKOFF_TIME_TIMEZONE_NOT_STATED_BY_SOURCE,,NOT_VERIFIED_DO_NOT_INFER,Braunschweig,Heidenheim,2,0,H,EVALUATION_ONLY_JOIN_AFTER_PREMATCH_FEATURE_FREEZE,3.06,3.21,2.38,EXTERNAL_HISTORICAL_MARKET_BENCHMARK,NOT_AVAILABLE,NOT_GOLDBET,a8947bd60d832c8b9141a85e868677e33e643e772ce87bbf4d8874855e7ea8fd
52d220ddcba63941093c1e0e,2. Bundesliga,2022/2023,DEVELOPMENT,2023-02-04,12:00,MATCH_KICKOFF_TIME_TIMEZONE_NOT_STATED_BY_SOURCE,,NOT_VERIFIED_DO_NOT_INFER,Kaiserslautern,Holstein Kiel,2,1,H,EVALUATION_ONLY_JOIN_AFTER_PREMATCH_FEATURE_FREEZE,2.37,3.44,2.9,EXTERNAL_HISTORICAL_MARKET_BENCHMARK,NOT_AVAILABLE,NOT_GOLDBET,acb70ecd5fe3d0e0d4036d0a49d3b445cd6df0c189a9bf9999397e0512f34606
c5da759eb8a6df16795dbe21,2. Bundesliga,2022/2023,DEVELOPMENT,2023-02-04,12:00,MATCH_KICKOFF_TIME_TIMEZONE_NOT_STATED_BY_SOURCE,,NOT_VERIFIED_DO_NOT_INFER,Regensburg,Bielefeld,1,3,A,EVALUATION_ONLY_JOIN_AFTER_PREMATCH_FEATURE_FREEZE,2.54,3.26,2.8,EXTERNAL_HISTORICAL_MARKET_BENCHMARK,NOT_AVAILABLE,NOT_GOLDBET,ce55bdf85bd0134ff60b4a953e219fd970d9585e579633e63e1ad5ebc50e39a7
28c1eaa15a3583082fbd3624,2. Bundesliga,2022/2023,DEVELOPMENT,2023-02-04,19:30,MATCH_KICKOFF_TIME_TIMEZONE_NOT_STATED_BY_SOURCE,,NOT_VERIFIED_DO_NOT_INFER,Greuther Furth,Nurnberg,1,0,H,EVALUATION_ONLY_JOIN_AFTER_PREMATCH_FEATURE_FREEZE,2.12,3.19,3.67,EXTERNAL_HISTORICAL_MARKET_BENCHMARK,NOT_AVAILABLE,NOT_GOLDBET,3e29bac1565369d54de92302bd985d0ecaa6821c5a83c1deac30827b2ac2dd42
d9416430fb46d81fe077e704,2. Bundesliga,2022/2023,DEVELOPMENT,2023-02-05,12:30,MATCH_KICKOFF_TIME_TIMEZONE_NOT_STATED_BY_SOURCE,,NOT_VERIFIED_DO_NOT_INFER,Hansa Rostock,Hamburg,0,2,A,EVALUATION_ONLY_JOIN_AFTER_PREMATCH_FEATURE_FREEZE,3.89,3.63,1.9,EXTERNAL_HISTORICAL_MARKET_BENCHMARK,NOT_AVAILABLE,NOT_GOLDBET,77422c31e357bd35f0103ddcf2770ff424c9d94888b1938c824e22ee421fd510
4ee04978e9636241b8f00471,2. Bundesliga,2022/2023,DEVELOPMENT,2023-02-05,12:30,MATCH_KICKOFF_TIME_TIMEZONE_NOT_STATED_BY_SOURCE,,NOT_VERIFIED_DO_NOT_INFER,Magdeburg,Karlsruhe,1,1,D,EVALUATION_ONLY_JOIN_AFTER_PREMATCH_FEATURE_FREEZE,2.71,3.43,2.51,EXTERNAL_HISTORICAL_MARKET_BENCHMARK,NOT_AVAILABLE,NOT_GOLDBET,9e41c94419be9ec12cb60e7b75f1450a14131ab10cc0afff7b600b7c8b9b7327
0963ee279c8be4946b082b76,2. Bundesliga,2022/2023,DEVELOPMENT,2023-02-05,12:30,MATCH_KICKOFF_TIME_TIMEZONE_NOT_STATED_BY_SOURCE,,NOT_VERIFIED_DO_NOT_INFER,St Pauli,Hannover,2,0,H,EVALUATION_ONLY_JOIN_AFTER_PREMATCH_FEATURE_FREEZE,1.94,3.57,3.82,EXTERNAL_HISTORICAL_MARKET_BENCHMARK,NOT_AVAILABLE,NOT_GOLDBET,cc969373e2dfd509f7aa7c2a4fa02c0d766a8748a2deabb13c8527deb1f2bc86
52cb974da43b0bf23bb05f52,2. Bundesliga,2022/2023,DEVELOPMENT,2023-02-10,17:30,MATCH_KICKOFF_TIME_TIMEZONE_NOT_STATED_BY_SOURCE,,NOT_VERIFIED_DO_NOT_INFER,Bielefeld,Hansa Rostock,0,1,A,EVALUATION_ONLY_JOIN_AFTER_PREMATCH_FEATURE_FREEZE,2.28,3.16,3.31,EXTERNAL_HISTORICAL_MARKET_BENCHMARK,NOT_AVAILABLE,NOT_GOLDBET,5c8df5d90a9346d00f6e90317a215473f401992d7c63d3c40f312eb2c0311333
18fd562af678ab016866d4f4,2. Bundesliga,2022/2023,DEVELOPMENT,2023-02-10,17:30,MATCH_KICKOFF_TIME_TIMEZONE_NOT_STATED_BY_SOURCE,,NOT_VERIFIED_DO_NOT_INFER,Karlsruhe,Greuther Furth,2,1,H,EVALUATION_ONLY_JOIN_AFTER_PREMATCH_FEATURE_FREEZE,2.55,3.33,2.74,EXTERNAL_HISTORICAL_MARKET_BENCHMARK,NOT_AVAILABLE,NOT_GOLDBET,fc02bdd6bf2a7c7975380afd4762f81f6b66065e192453480fb17b7c069ec7ad
30fffd338d9a7eb43e11bc9d,2. Bundesliga,2022/2023,DEVELOPMENT,2023-02-11,12:00,MATCH_KICKOFF_TIME_TIMEZONE_NOT_STATED_BY_SOURCE,,NOT_VERIFIED_DO_NOT_INFER,Hannover,Paderborn,3,4,A,EVALUATION_ONLY_JOIN_AFTER_PREMATCH_FEATURE_FREEZE,3.03,3.47,2.28,EXTERNAL_HISTORICAL_MARKET_BENCHMARK,NOT_AVAILABLE,NOT_GOLDBET,47b12f6629ae3f6fa2fd50a1bad4e483f6c2befe0d70687b5b59017c1c9f68e0
04bcced68545aba7d3335880,2. Bundesliga,2022/2023,DEVELOPMENT,2023-02-11,12:00,MATCH_KICKOFF_TIME_TIMEZONE_NOT_STATED_BY_SOURCE,,NOT_VERIFIED_DO_NOT_INFER,Holstein Kiel,Magdeburg,2,3,A,EVALUATION_ONLY_JOIN_AFTER_PREMATCH_FEATURE_FREEZE,1.83,3.82,4.01,EXTERNAL_HISTORICAL_MARKET_BENCHMARK,NOT_AVAILABLE,NOT_GOLDBET,5c4d964495f6b57429b28d559d7aad12c4688b9c55ca5673f17abdf8106036d6
0f9c41b51d1cff787ff4ba40,2. Bundesliga,2022/2023,DEVELOPMENT,2023-02-11,12:00,MATCH_KICKOFF_TIME_TIMEZONE_NOT_STATED_BY_SOURCE,,NOT_VERIFIED_DO_NOT_INFER,Nurnberg,Regensburg,1,0,H,EVALUATION_ONLY_JOIN_AFTER_PREMATCH_FEATURE_FREEZE,2.09,3.33,3.56,EXTERNAL_HISTORICAL_MARKET_BENCHMARK,NOT_AVAILABLE,NOT_GOLDBET,6d1b12c574149902763d3bc619f314419f104be85b37e16ebee517b9c036317a
28155f2015de08540c6d695a,2. Bundesliga,2022/2023,DEVELOPMENT,2023-02-11,19:30,MATCH_KICKOFF_TIME_TIMEZONE_NOT_STATED_BY_SOURCE,,NOT_VERIFIED_DO_NOT_INFER,Heidenheim,Hamburg,3,3,D,EVALUATION_ONLY_JOIN_AFTER_PREMATCH_FEATURE_FREEZE,2.89,3.55,2.32,EXTERNAL_HISTORICAL_MARKET_BENCHMARK,NOT_AVAILABLE,NOT_GOLDBET,89753b35db59e620bf9f61976649c0b55080f5ecf302fc604c132f7513caeb2c
c0f8ff683484264d42ac7736,2. Bundesliga,2022/2023,DEVELOPMENT,2023-02-12,12:30,MATCH_KICKOFF_TIME_TIMEZONE_NOT_STATED_BY_SOURCE,,NOT_VERIFIED_DO_NOT_INFER,Darmstadt,Braunschweig,2,1,H,EVALUATION_ONLY_JOIN_AFTER_PREMATCH_FEATURE_FREEZE,1.59,4.14,5.36,EXTERNAL_HISTORICAL_MARKET_BENCHMARK,NOT_AVAILABLE,NOT_GOLDBET,e99ce34df9f4308f13940b463d03620414138ec84622da367676de2b9d8fc81e
c2b4e7ee3d7a02da8a9eb9ed,2. Bundesliga,2022/2023,DEVELOPMENT,2023-02-12,12:30,MATCH_KICKOFF_TIME_TIMEZONE_NOT_STATED_BY_SOURCE,,NOT_VERIFIED_DO_NOT_INFER,Fortuna Dusseldorf,Sandhausen,2,0,H,EVALUATION_ONLY_JOIN_AFTER_PREMATCH_FEATURE_FREEZE,1.64,3.87,5.39,EXTERNAL_HISTORICAL_MARKET_BENCHMARK,NOT_AVAILABLE,NOT_GOLDBET,bb9e02a859496ec13543e31f653677a5ce524d0cbb2f52e5e838024c501145ba
20419e996ee0e0eb5215ca50,2. Bundesliga,2022/2023,DEVELOPMENT,2023-02-12,12:30,MATCH_KICKOFF_TIME_TIMEZONE_NOT_STATED_BY_SOURCE,,NOT_VERIFIED_DO_NOT_INFER,St Pauli,Kaiserslautern,1,0,H,EVALUATION_ONLY_JOIN_AFTER_PREMATCH_FEATURE_FREEZE,2.02,3.45,3.67,EXTERNAL_HISTORICAL_MARKET_BENCHMARK,NOT_AVAILABLE,NOT_GOLDBET,8f85458e5f9c910e3536fd27c9ccfdf30463000e6a85e19c13d27ecc6fae80bf
f78cb367db3567d7b80be22c,2. Bundesliga,2022/2023,DEVELOPMENT,2023-02-17,17:30,MATCH_KICKOFF_TIME_TIMEZONE_NOT_STATED_BY_SOURCE,,NOT_VERIFIED_DO_NOT_INFER,Braunschweig,Holstein Kiel,2,3,A,EVALUATION_ONLY_JOIN_AFTER_PREMATCH_FEATURE_FREEZE,2.87,3.45,2.39,EXTERNAL_HISTORICAL_MARKET_BENCHMARK,NOT_AVAILABLE,NOT_GOLDBET,8bfdf1463470fe6050b4a346f1abba1eb936beef42adf6e6d0d7832088d3cf01
7baff37a82b3304380c065d2,2. Bundesliga,2022/2023,DEVELOPMENT,2023-02-17,17:30,MATCH_KICKOFF_TIME_TIMEZONE_NOT_STATED_BY_SOURCE,,NOT_VERIFIED_DO_NOT_INFER,Paderborn,Kaiserslautern,1,0,H,EVALUATION_ONLY_JOIN_AFTER_PREMATCH_FEATURE_FREEZE,1.98,3.55,3.7,EXTERNAL_HISTORICAL_MARKET_BENCHMARK,NOT_AVAILABLE,NOT_GOLDBET,d63f6ea10be97024cf96d5189bd279c975d7210c41cd10b363eb88e11d2780bb
393e828eadd0cf554cbed103,2. Bundesliga,2022/2023,DEVELOPMENT,2023-02-18,12:00,MATCH_KICKOFF_TIME_TIMEZONE_NOT_STATED_BY_SOURCE,,NOT_VERIFIED_DO_NOT_INFER,Greuther Furth,Fortuna Dusseldorf,2,1,H,EVALUATION_ONLY_JOIN_AFTER_PREMATCH_FEATURE_FREEZE,2.35,3.29,3.03,EXTERNAL_HISTORICAL_MARKET_BENCHMARK,NOT_AVAILABLE,NOT_GOLDBET,5b7a7458af12d16ab3f11d1ce477c54d721e8dd06c5d359c98974afff44fac87
74ab918703a1f4262a114c5c,2. Bundesliga,2022/2023,DEVELOPMENT,2023-02-18,12:00,MATCH_KICKOFF_TIME_TIMEZONE_NOT_STATED_BY_SOURCE,,NOT_VERIFIED_DO_NOT_INFER,Magdeburg,St Pauli,1,2,A,EVALUATION_ONLY_JOIN_AFTER_PREMATCH_FEATURE_FREEZE,3.36,3.59,2.07,EXTERNAL_HISTORICAL_MARKET_BENCHMARK,NOT_AVAILABLE,NOT_GOLDBET,4a4cb66d638b2ba7cf93b9db7e191aa1921ccf037a5fa9cee224cd6fde3707ba
36926e226a9051c08af67abd,2. Bundesliga,2022/2023,DEVELOPMENT,2023-02-18,12:00,MATCH_KICKOFF_TIME_TIMEZONE_NOT_STATED_BY_SOURCE,,NOT_VERIFIED_DO_NOT_INFER,Regensburg,Hannover,1,1,D,EVALUATION_ONLY_JOIN_AFTER_PREMATCH_FEATURE_FREEZE,2.92,3.31,2.43,EXTERNAL_HISTORICAL_MARKET_BENCHMARK,NOT_AVAILABLE,NOT_GOLDBET,44ca69282a2daa70c51fe0152af47e248584658b89566bb518cadf925ce22650
b430838b31f4d48365d1f50f,2. Bundesliga,2022/2023,DEVELOPMENT,2023-02-18,19:30,MATCH_KICKOFF_TIME_TIMEZONE_NOT_STATED_BY_SOURCE,,NOT_VERIFIED_DO_NOT_INFER,Hansa Rostock,Darmstadt,0,1,A,EVALUATION_ONLY_JOIN_AFTER_PREMATCH_FEATURE_FREEZE,3.13,3.21,2.34,EXTERNAL_HISTORICAL_MARKET_BENCHMARK,NOT_AVAILABLE,NOT_GOLDBET,73e66e71259b818be7bea29d9e8db24f7ceb7e9b50ea7d660dceb6705c8e7625
e579a06c267214611b1dd3a7,2. Bundesliga,2022/2023,DEVELOPMENT,2023-02-19,12:30,MATCH_KICKOFF_TIME_TIMEZONE_NOT_STATED_BY_SOURCE,,NOT_VERIFIED_DO_NOT_INFER,Hamburg,Bielefeld,2,1,H,EVALUATION_ONLY_JOIN_AFTER_PREMATCH_FEATURE_FREEZE,1.53,4.42,5.59,EXTERNAL_HISTORICAL_MARKET_BENCHMARK,NOT_AVAILABLE,NOT_GOLDBET,4955c6bc576e405e4e4cb9ffbcf46a0bf35e1a2c3396b04cf016b0fe9da191f7
6c41d560b6167954bacec738,2. Bundesliga,2022/2023,DEVELOPMENT,2023-02-19,12:30,MATCH_KICKOFF_TIME_TIMEZONE_NOT_STATED_BY_SOURCE,,NOT_VERIFIED_DO_NOT_INFER,Heidenheim,Nurnberg,5,0,H,EVALUATION_ONLY_JOIN_AFTER_PREMATCH_FEATURE_FREEZE,1.91,3.3,4.3,EXTERNAL_HISTORICAL_MARKET_BENCHMARK,NOT_AVAILABLE,NOT_GOLDBET,56b665c405b706ada40662baa80d0b5229d1f0f189e18c59eb508a7bc551b8a5
c0dcfaf45ebb5b71ba46620c,2. Bundesliga,2022/2023,DEVELOPMENT,2023-02-19,12:30,MATCH_KICKOFF_TIME_TIMEZONE_NOT_STATED_BY_SOURCE,,NOT_VERIFIED_DO_NOT_INFER,Sandhausen,Karlsruhe,0,3,A,EVALUATION_ONLY_JOIN_AFTER_PREMATCH_FEATURE_FREEZE,3.29,3.35,2.2,EXTERNAL_HISTORICAL_MARKET_BENCHMARK,NOT_AVAILABLE,NOT_GOLDBET,3d7da8a4e83f8b0ad9f84c57b3a0763bed9724f25bdccd6a30a72a8467a10a01
bf397c9ce76cf541d4f4d082,2. Bundesliga,2022/2023,DEVELOPMENT,2023-02-24,17:30,MATCH_KICKOFF_TIME_TIMEZONE_NOT_STATED_BY_SOURCE,,NOT_VERIFIED_DO_NOT_INFER,Fortuna Dusseldorf,Braunschweig,3,1,H,EVALUATION_ONLY_JOIN_AFTER_PREMATCH_FEATURE_FREEZE,1.61,4.11,5.17,EXTERNAL_HISTORICAL_MARKET_BENCHMARK,NOT_AVAILABLE,NOT_GOLDBET,f3416c8d97811dd195489bc0cd701d23b14c96ca9af982e742730e4109ec8c90
1da200e0f8719b4eecb7e98e,2. Bundesliga,2022/2023,DEVELOPMENT,2023-02-24,17:30,MATCH_KICKOFF_TIME_TIMEZONE_NOT_STATED_BY_SOURCE,,NOT_VERIFIED_DO_NOT_INFER,Karlsruhe,Regensburg,1,0,H,EVALUATION_ONLY_JOIN_AFTER_PREMATCH_FEATURE_FREEZE,1.77,3.77,4.41,EXTERNAL_HISTORICAL_MARKET_BENCHMARK,NOT_AVAILABLE,NOT_GOLDBET,e88180b79cef97fa13374089a435f54d47b08c13c8249e40f4ec29f5afebe9cf
cea8ed303838334e7de4c989,2. Bundesliga,2022/2023,DEVELOPMENT,2023-02-25,12:00,MATCH_KICKOFF_TIME_TIMEZONE_NOT_STATED_BY_SOURCE,,NOT_VERIFIED_DO_NOT_INFER,Holstein Kiel,Paderborn,1,1,D,EVALUATION_ONLY_JOIN_AFTER_PREMATCH_FEATURE_FREEZE,2.57,3.63,2.56,EXTERNAL_HISTORICAL_MARKET_BENCHMARK,NOT_AVAILABLE,NOT_GOLDBET,4667c363375856d68eab5d7e1d35a94c215261f9469855b8542253a38a7aac55
68287263bcff9468b708c926,2. Bundesliga,2022/2023,DEVELOPMENT,2023-02-25,12:00,MATCH_KICKOFF_TIME_TIMEZONE_NOT_STATED_BY_SOURCE,,NOT_VERIFIED_DO_NOT_INFER,Kaiserslautern,Greuther Furth,3,1,H,EVALUATION_ONLY_JOIN_AFTER_PREMATCH_FEATURE_FREEZE,2.31,3.21,3.2,EXTERNAL_HISTORICAL_MARKET_BENCHMARK,NOT_AVAILABLE,NOT_GOLDBET,808b527fe1712030c2b4de0e6e6efb1fb404eb045e4ffeddfad6b58fcf8505bf
9106260ce984d894b9298c6b,2. Bundesliga,2022/2023,DEVELOPMENT,2023-02-25,12:00,MATCH_KICKOFF_TIME_TIMEZONE_NOT_STATED_BY_SOURCE,,NOT_VERIFIED_DO_NOT_INFER,Nurnberg,Sandhausen,1,0,H,EVALUATION_ONLY_JOIN_AFTER_PREMATCH_FEATURE_FREEZE,1.87,3.42,4.36,EXTERNAL_HISTORICAL_MARKET_BENCHMARK,NOT_AVAILABLE,NOT_GOLDBET,bc0e6f9f9c570b08482c7a5adb9318b32bc1f32e30a0225fa9431be6c262432f
9e11f2a52a2498ca9f9f7b4d,2. Bundesliga,2022/2023,DEVELOPMENT,2023-02-25,19:30,MATCH_KICKOFF_TIME_TIMEZONE_NOT_STATED_BY_SOURCE,,NOT_VERIFIED_DO_NOT_INFER,Darmstadt,Hamburg,1,1,D,EVALUATION_ONLY_JOIN_AFTER_PREMATCH_FEATURE_FREEZE,2.5,3.53,2.67,EXTERNAL_HISTORICAL_MARKET_BENCHMARK,NOT_AVAILABLE,NOT_GOLDBET,1023d78de82d9d85aa61aef5ee06d9b7b57d0488c426fe56064331ae165c472a
c38a8e89354c854285b5040c,2. Bundesliga,2022/2023,DEVELOPMENT,2023-02-26,12:30,MATCH_KICKOFF_TIME_TIMEZONE_NOT_STATED_BY_SOURCE,,NOT_VERIFIED_DO_NOT_INFER,Bielefeld,Heidenheim,0,1,A,EVALUATION_ONLY_JOIN_AFTER_PREMATCH_FEATURE_FREEZE,2.89,3.23,2.49,EXTERNAL_HISTORICAL_MARKET_BENCHMARK,NOT_AVAILABLE,NOT_GOLDBET,dd8664f1952ecbfd6c852505dfa6d0d29d7c12b8fd62082fdbbd27c01aed653a
fc17c997f4a8e97f3bc68f31,2. Bundesliga,2022/2023,DEVELOPMENT,2023-02-26,12:30,MATCH_KICKOFF_TIME_TIMEZONE_NOT_STATED_BY_SOURCE,,NOT_VERIFIED_DO_NOT_INFER,Hannover,Magdeburg,1,2,A,EVALUATION_ONLY_JOIN_AFTER_PREMATCH_FEATURE_FREEZE,2.02,3.84,3.31,EXTERNAL_HISTORICAL_MARKET_BENCHMARK,NOT_AVAILABLE,NOT_GOLDBET,9fa8df6b2a0eb4a49d08513b7604ac91d75e76d7f53e8a6dbf40cf8f1942ef29
3bb5fcb2bd86b284267286c2,2. Bundesliga,2022/2023,DEVELOPMENT,2023-02-26,12:30,MATCH_KICKOFF_TIME_TIMEZONE_NOT_STATED_BY_SOURCE,,NOT_VERIFIED_DO_NOT_INFER,St Pauli,Hansa Rostock,1,0,H,EVALUATION_ONLY_JOIN_AFTER_PREMATCH_FEATURE_FREEZE,1.67,3.63,5.48,EXTERNAL_HISTORICAL_MARKET_BENCHMARK,NOT_AVAILABLE,NOT_GOLDBET,cd489dab58e222e36fbf517f3434d325baa6572554191160d868ef3823aaaa57
e98197f7b643d78928b72b20,2. Bundesliga,2022/2023,DEVELOPMENT,2023-03-03,17:30,MATCH_KICKOFF_TIME_TIMEZONE_NOT_STATED_BY_SOURCE,,NOT_VERIFIED_DO_NOT_INFER,Magdeburg,Kaiserslautern,2,0,H,EVALUATION_ONLY_JOIN_AFTER_PREMATCH_FEATURE_FREEZE,2.77,3.52,2.42,EXTERNAL_HISTORICAL_MARKET_BENCHMARK,NOT_AVAILABLE,NOT_GOLDBET,191b9ae711ee2a9de3245c2f2dd5e8222d959f8119def501421e4ca3acde4b59
ca1d05f0e9d7da8bca279675,2. Bundesliga,2022/2023,DEVELOPMENT,2023-03-03,17:30,MATCH_KICKOFF_TIME_TIMEZONE_NOT_STATED_BY_SOURCE,,NOT_VERIFIED_DO_NOT_INFER,Paderborn,St Pauli,1,2,A,EVALUATION_ONLY_JOIN_AFTER_PREMATCH_FEATURE_FREEZE,2.46,3.27,2.9,EXTERNAL_HISTORICAL_MARKET_BENCHMARK,NOT_AVAILABLE,NOT_GOLDBET,67328bfc2fbaaae9e7f8d31ef04370287062a253944d03e9266d957a75621082
2dc475677f77c523c78f7770,2. Bundesliga,2022/2023,DEVELOPMENT,2023-03-04,12:00,MATCH_KICKOFF_TIME_TIMEZONE_NOT_STATED_BY_SOURCE,,NOT_VERIFIED_DO_NOT_INFER,Hamburg,Nurnberg,3,0,H,EVALUATION_ONLY_JOIN_AFTER_PREMATCH_FEATURE_FREEZE,1.51,4.33,6.04,EXTERNAL_HISTORICAL_MARKET_BENCHMARK,NOT_AVAILABLE,NOT_GOLDBET,f44c7562d49d2d51f85f75d20777c8fac7163332ade754bcf9a9056e11a018f7
13bd6abee8ba8f84a1ee42cd,2. Bundesliga,2022/2023,DEVELOPMENT,2023-03-04,12:00,MATCH_KICKOFF_TIME_TIMEZONE_NOT_STATED_BY_SOURCE,,NOT_VERIFIED_DO_NOT_INFER,Regensburg,Fortuna Dusseldorf,0,1,A,EVALUATION_ONLY_JOIN_AFTER_PREMATCH_FEATURE_FREEZE,3.36,3.39,2.16,EXTERNAL_HISTORICAL_MARKET_BENCHMARK,NOT_AVAILABLE,NOT_GOLDBET,1c9148384c53ed0a55a12f405006b08edae350f64008cfff64ca0eedc4b0680f
a6cfa957121a348f209becc7,2. Bundesliga,2022/2023,DEVELOPMENT,2023-03-04,12:00,MATCH_KICKOFF_TIME_TIMEZONE_NOT_STATED_BY_SOURCE,,NOT_VERIFIED_DO_NOT_INFER,Sandhausen,Holstein Kiel,1,1,D,EVALUATION_ONLY_JOIN_AFTER_PREMATCH_FEATURE_FREEZE,3.83,3.59,1.94,EXTERNAL_HISTORICAL_MARKET_BENCHMARK,NOT_AVAILABLE,NOT_GOLDBET,4fd7cdab54cef5addd0eabcf95f53b11a89ad533c8f0c9f3989eac9f87005ff9
73aa24fff634d514b5d610c3,2. Bundesliga,2022/2023,DEVELOPMENT,2023-03-04,19:30,MATCH_KICKOFF_TIME_TIMEZONE_NOT_STATED_BY_SOURCE,,NOT_VERIFIED_DO_NOT_INFER,Heidenheim,Darmstadt,1,0,H,EVALUATION_ONLY_JOIN_AFTER_PREMATCH_FEATURE_FREEZE,2.36,3.22,3.08,EXTERNAL_HISTORICAL_MARKET_BENCHMARK,NOT_AVAILABLE,NOT_GOLDBET,d757d307dd4cbe70d7433f503d9465f68483b7f3975b077cf8f95aaaec18ead6
e6155c91c292847f7bf4bc43,2. Bundesliga,2022/2023,DEVELOPMENT,2023-03-05,12:30,MATCH_KICKOFF_TIME_TIMEZONE_NOT_STATED_BY_SOURCE,,NOT_VERIFIED_DO_NOT_INFER,Braunschweig,Bielefeld,3,3,D,EVALUATION_ONLY_JOIN_AFTER_PREMATCH_FEATURE_FREEZE,2.62,3.29,2.68,EXTERNAL_HISTORICAL_MARKET_BENCHMARK,NOT_AVAILABLE,NOT_GOLDBET,890d4259d883eace5266cb91346afdfed2eb8911f7bdd316eb9e15fa93c34aa6
45029e4bb5e5c3c988494e1c,2. Bundesliga,2022/2023,DEVELOPMENT,2023-03-05,12:30,MATCH_KICKOFF_TIME_TIMEZONE_NOT_STATED_BY_SOURCE,,NOT_VERIFIED_DO_NOT_INFER,Greuther Furth,Hannover,1,1,D,EVALUATION_ONLY_JOIN_AFTER_PREMATCH_FEATURE_FREEZE,1.81,3.72,4.21,EXTERNAL_HISTORICAL_MARKET_BENCHMARK,NOT_AVAILABLE,NOT_GOLDBET,43e987686f6e919dc45cd8f47ea1d6e6e74eb75a236e62b7e280f1e44ab4435b
0bc013474b0b910fca415f5d,2. Bundesliga,2022/2023,DEVELOPMENT,2023-03-05,12:30,MATCH_KICKOFF_TIME_TIMEZONE_NOT_STATED_BY_SOURCE,,NOT_VERIFIED_DO_NOT_INFER,Hansa Rostock,Karlsruhe,0,2,A,EVALUATION_ONLY_JOIN_AFTER_PREMATCH_FEATURE_FREEZE,2.72,3.25,2.59,EXTERNAL_HISTORICAL_MARKET_BENCHMARK,NOT_AVAILABLE,NOT_GOLDBET,243c78a4d288ed2eb7faeea93d14cd0c49afcc18c89c776643dad0f4353f8d5f
b5b871cbc9bf031d17c6aae9,2. Bundesliga,2022/2023,DEVELOPMENT,2023-03-10,17:30,MATCH_KICKOFF_TIME_TIMEZONE_NOT_STATED_BY_SOURCE,,NOT_VERIFIED_DO_NOT_INFER,Kaiserslautern,Sandhausen,2,2,D,EVALUATION_ONLY_JOIN_AFTER_PREMATCH_FEATURE_FREEZE,1.76,3.59,4.66,EXTERNAL_HISTORICAL_MARKET_BENCHMARK,NOT_AVAILABLE,NOT_GOLDBET,aa38e067bf211487b254ae8f3d657a856121ce7748fc17f63d5cb4c5bb35cedf
1ba6ffa4bbde064c1739bbe6,2. Bundesliga,2022/2023,DEVELOPMENT,2023-03-10,17:30,MATCH_KICKOFF_TIME_TIMEZONE_NOT_STATED_BY_SOURCE,,NOT_VERIFIED_DO_NOT_INFER,Nurnberg,Braunschweig,2,0,H,EVALUATION_ONLY_JOIN_AFTER_PREMATCH_FEATURE_FREEZE,2.3,3.19,3.21,EXTERNAL_HISTORICAL_MARKET_BENCHMARK,NOT_AVAILABLE,NOT_GOLDBET,9a2dc47ec03657c1bcb97dff97e1f5172a64eab90595883f46edec44c0061e41
547f4632ed4d8ca36ad98b49,2. Bundesliga,2022/2023,DEVELOPMENT,2023-03-11,12:00,MATCH_KICKOFF_TIME_TIMEZONE_NOT_STATED_BY_SOURCE,,NOT_VERIFIED_DO_NOT_INFER,Bielefeld,Darmstadt,3,1,H,EVALUATION_ONLY_JOIN_AFTER_PREMATCH_FEATURE_FREEZE,3.06,3.36,2.29,EXTERNAL_HISTORICAL_MARKET_BENCHMARK,NOT_AVAILABLE,NOT_GOLDBET,3630b6664ff8e0eb6960e01355df9b252dd0bb8c3ca06b4fc03a3a97aff19073
d1927d321bcd265d445df461,2. Bundesliga,2022/2023,DEVELOPMENT,2023-03-11,12:00,MATCH_KICKOFF_TIME_TIMEZONE_NOT_STATED_BY_SOURCE,,NOT_VERIFIED_DO_NOT_INFER,Magdeburg,Paderborn,0,0,D,EVALUATION_ONLY_JOIN_AFTER_PREMATCH_FEATURE_FREEZE,2.61,3.62,2.49,EXTERNAL_HISTORICAL_MARKET_BENCHMARK,NOT_AVAILABLE,NOT_GOLDBET,a551e45b767a98e6cdd47efaa9389aede7ac043f887a68b18fd470fd7be1dd9a
87576d583971faade440cc4a,2. Bundesliga,2022/2023,DEVELOPMENT,2023-03-11,12:00,MATCH_KICKOFF_TIME_TIMEZONE_NOT_STATED_BY_SOURCE,,NOT_VERIFIED_DO_NOT_INFER,St Pauli,Greuther Furth,2,1,H,EVALUATION_ONLY_JOIN_AFTER_PREMATCH_FEATURE_FREEZE,2.16,3.31,3.36,EXTERNAL_HISTORICAL_MARKET_BENCHMARK,NOT_AVAILABLE,NOT_GOLDBET,ca52ed2c75ecba02045c438fad64b6c8d3aadf74936d15c3ac355c094fad8af7
b1ec1aac54a7f2901d43bb31,2. Bundesliga,2022/2023,DEVELOPMENT,2023-03-11,19:30,MATCH_KICKOFF_TIME_TIMEZONE_NOT_STATED_BY_SOURCE,,NOT_VERIFIED_DO_NOT_INFER,Fortuna Dusseldorf,Heidenheim,1,1,D,EVALUATION_ONLY_JOIN_AFTER_PREMATCH_FEATURE_FREEZE,2.11,3.29,3.52,EXTERNAL_HISTORICAL_MARKET_BENCHMARK,NOT_AVAILABLE,NOT_GOLDBET,14adcf91b74c59669df2d3373a0bddf125a78c2b3db7742127e860f3aa8dbfe6
955be4b8726b1792aa603b3e,2. Bundesliga,2022/2023,DEVELOPMENT,2023-03-12,12:30,MATCH_KICKOFF_TIME_TIMEZONE_NOT_STATED_BY_SOURCE,,NOT_VERIFIED_DO_NOT_INFER,Hannover,Hansa Rostock,1,1,D,EVALUATION_ONLY_JOIN_AFTER_PREMATCH_FEATURE_FREEZE,2.19,3.32,3.31,EXTERNAL_HISTORICAL_MARKET_BENCHMARK,NOT_AVAILABLE,NOT_GOLDBET,0404dd3df28a38547efbc31c10a1b0cd71f7be3a39a7d44176691f19e51c34b2
d9fff7bf2d9ac0573de25d3b,2. Bundesliga,2022/2023,DEVELOPMENT,2023-03-12,12:30,MATCH_KICKOFF_TIME_TIMEZONE_NOT_STATED_BY_SOURCE,,NOT_VERIFIED_DO_NOT_INFER,Holstein Kiel,Regensburg,1,2,A,EVALUATION_ONLY_JOIN_AFTER_PREMATCH_FEATURE_FREEZE,1.84,3.75,4,EXTERNAL_HISTORICAL_MARKET_BENCHMARK,NOT_AVAILABLE,NOT_GOLDBET,c4e155b0ecfef51a8c8d186a637072847a83a1f08d6e6e9edea73aab731aa3fc
7df767bf0cca59848f5c6f2e,2. Bundesliga,2022/2023,DEVELOPMENT,2023-03-12,12:30,MATCH_KICKOFF_TIME_TIMEZONE_NOT_STATED_BY_SOURCE,,NOT_VERIFIED_DO_NOT_INFER,Karlsruhe,Hamburg,4,2,H,EVALUATION_ONLY_JOIN_AFTER_PREMATCH_FEATURE_FREEZE,2.95,3.69,2.22,EXTERNAL_HISTORICAL_MARKET_BENCHMARK,NOT_AVAILABLE,NOT_GOLDBET,b252619ec627562b2251871912efd8f43a4be0a9d4483e465eac176fa249a210
7bb4fde76d38ffefd6b8f9bc,2. Bundesliga,2022/2023,DEVELOPMENT,2023-03-17,17:30,MATCH_KICKOFF_TIME_TIMEZONE_NOT_STATED_BY_SOURCE,,NOT_VERIFIED_DO_NOT_INFER,Bielefeld,Nurnberg,2,2,D,EVALUATION_ONLY_JOIN_AFTER_PREMATCH_FEATURE_FREEZE,2.1,3.26,3.61,EXTERNAL_HISTORICAL_MARKET_BENCHMARK,NOT_AVAILABLE,NOT_GOLDBET,99dde03054c7ba71317a5d906a5543fa80e6c91089b510ab968e4299f64e1a69
b9dcf860a3362d741cd8cec2,2. Bundesliga,2022/2023,DEVELOPMENT,2023-03-17,17:30,MATCH_KICKOFF_TIME_TIMEZONE_NOT_STATED_BY_SOURCE,,NOT_VERIFIED_DO_NOT_INFER,Heidenheim,Karlsruhe,5,2,H,EVALUATION_ONLY_JOIN_AFTER_PREMATCH_FEATURE_FREEZE,2.24,3.36,3.15,EXTERNAL_HISTORICAL_MARKET_BENCHMARK,NOT_AVAILABLE,NOT_GOLDBET,f3969cb0076cf29620914b95bb7401f77b8796c6ff5118c91f875d57c8245213
3b9e67091d34b6d2ebcaf6c5,2. Bundesliga,2022/2023,DEVELOPMENT,2023-03-18,12:00,MATCH_KICKOFF_TIME_TIMEZONE_NOT_STATED_BY_SOURCE,,NOT_VERIFIED_DO_NOT_INFER,Greuther Furth,Magdeburg,3,0,H,EVALUATION_ONLY_JOIN_AFTER_PREMATCH_FEATURE_FREEZE,1.99,3.69,3.42,EXTERNAL_HISTORICAL_MARKET_BENCHMARK,NOT_AVAILABLE,NOT_GOLDBET,7a68a8a12e79d8e7560f472c2326a4934884f0d8be0705cd18c80931f37800bf
0fef00876e98218ae6b8e4e3,2. Bundesliga,2022/2023,DEVELOPMENT,2023-03-18,12:00,MATCH_KICKOFF_TIME_TIMEZONE_NOT_STATED_BY_SOURCE,,NOT_VERIFIED_DO_NOT_INFER,Hamburg,Holstein Kiel,0,0,D,EVALUATION_ONLY_JOIN_AFTER_PREMATCH_FEATURE_FREEZE,1.68,4.27,4.33,EXTERNAL_HISTORICAL_MARKET_BENCHMARK,NOT_AVAILABLE,NOT_GOLDBET,74d6e9551f1bbed5855b77d2a45a40dafd536d894646902c269d56a90b280bea
a649cf50c828127735ceaa30,2. Bundesliga,2022/2023,DEVELOPMENT,2023-03-18,12:00,MATCH_KICKOFF_TIME_TIMEZONE_NOT_STATED_BY_SOURCE,,NOT_VERIFIED_DO_NOT_INFER,Regensburg,Paderborn,1,0,H,EVALUATION_ONLY_JOIN_AFTER_PREMATCH_FEATURE_FREEZE,3.23,3.44,2.17,EXTERNAL_HISTORICAL_MARKET_BENCHMARK,NOT_AVAILABLE,NOT_GOLDBET,d60ffda45dfd786f75f24ba1407f9f9d07a8d2b52a632dd3ab810799c3973c85
a6ac02683c30a7e24867d5e4,2. Bundesliga,2022/2023,DEVELOPMENT,2023-03-18,19:30,MATCH_KICKOFF_TIME_TIMEZONE_NOT_STATED_BY_SOURCE,,NOT_VERIFIED_DO_NOT_INFER,Darmstadt,Kaiserslautern,2,0,H,EVALUATION_ONLY_JOIN_AFTER_PREMATCH_FEATURE_FREEZE,1.92,3.48,3.95,EXTERNAL_HISTORICAL_MARKET_BENCHMARK,NOT_AVAILABLE,NOT_GOLDBET,ae0f310e32a78d675e38306ed2d4a6327012e9e0d6ec5b9350cd26dba07caa64
b28f0118c3e085e6e23f4ee5,2. Bundesliga,2022/2023,DEVELOPMENT,2023-03-19,12:30,MATCH_KICKOFF_TIME_TIMEZONE_NOT_STATED_BY_SOURCE,,NOT_VERIFIED_DO_NOT_INFER,Braunschweig,Hannover,1,0,H,EVALUATION_ONLY_JOIN_AFTER_PREMATCH_FEATURE_FREEZE,2.39,3.45,2.82,EXTERNAL_HISTORICAL_MARKET_BENCHMARK,NOT_AVAILABLE,NOT_GOLDBET,50706df36c5bccd96bc3ea7ada548d3d88406523c79cd5eb2cc1963d2b10237d
53e89d8b6931ccc22925e8f9,2. Bundesliga,2022/2023,DEVELOPMENT,2023-03-19,12:30,MATCH_KICKOFF_TIME_TIMEZONE_NOT_STATED_BY_SOURCE,,NOT_VERIFIED_DO_NOT_INFER,Hansa Rostock,Fortuna Dusseldorf,2,5,A,EVALUATION_ONLY_JOIN_AFTER_PREMATCH_FEATURE_FREEZE,3.28,3.3,2.2,EXTERNAL_HISTORICAL_MARKET_BENCHMARK,NOT_AVAILABLE,NOT_GOLDBET,689f29a2fbe6b21908cc71f6399f52f326a48d92dcebf64ede50e29b0043053a
47198b0bb8d31713e9acded4,2. Bundesliga,2022/2023,DEVELOPMENT,2023-03-19,12:30,MATCH_KICKOFF_TIME_TIMEZONE_NOT_STATED_BY_SOURCE,,NOT_VERIFIED_DO_NOT_INFER,Sandhausen,St Pauli,0,5,A,EVALUATION_ONLY_JOIN_AFTER_PREMATCH_FEATURE_FREEZE,4.03,3.5,1.89,EXTERNAL_HISTORICAL_MARKET_BENCHMARK,NOT_AVAILABLE,NOT_GOLDBET,337861a379556dc83e7ed66dea4ec81120cbb8e5bc363ea030233cb4502d85a9
c52828a257a7ad8a533a5653,2. Bundesliga,2022/2023,DEVELOPMENT,2023-03-31,17:30,MATCH_KICKOFF_TIME_TIMEZONE_NOT_STATED_BY_SOURCE,,NOT_VERIFIED_DO_NOT_INFER,Fortuna Dusseldorf,Hamburg,2,2,D,EVALUATION_ONLY_JOIN_AFTER_PREMATCH_FEATURE_FREEZE,2.35,3.63,2.77,EXTERNAL_HISTORICAL_MARKET_BENCHMARK,NOT_AVAILABLE,NOT_GOLDBET,01f7fe07cb98a120018d705cb0928cdb42980dc8cd63594b16c99513b2d38ba8
4747df03d0ae0bb8524c5118,2. Bundesliga,2022/2023,DEVELOPMENT,2023-03-31,17:30,MATCH_KICKOFF_TIME_TIMEZONE_NOT_STATED_BY_SOURCE,,NOT_VERIFIED_DO_NOT_INFER,Nurnberg,Darmstadt,0,1,A,EVALUATION_ONLY_JOIN_AFTER_PREMATCH_FEATURE_FREEZE,3.18,3.18,2.3,EXTERNAL_HISTORICAL_MARKET_BENCHMARK,NOT_AVAILABLE,NOT_GOLDBET,3aa4cffdce6d17f0796d45e823fb05cbb262ce47d676db2f726ad5735f2a547d
47a172c79a420bcf5fbd57a6,2. Bundesliga,2022/2023,DEVELOPMENT,2023-04-01,12:00,MATCH_KICKOFF_TIME_TIMEZONE_NOT_STATED_BY_SOURCE,,NOT_VERIFIED_DO_NOT_INFER,Hannover,Sandhausen,3,1,H,EVALUATION_ONLY_JOIN_AFTER_PREMATCH_FEATURE_FREEZE,1.79,3.66,4.37,EXTERNAL_HISTORICAL_MARKET_BENCHMARK,NOT_AVAILABLE,NOT_GOLDBET,5c06ca04aa295c69ccc7ba2e29060e96d6fbc2c2d14ecb5ab188140991bdc54a
a00ecdb803cd054970888d5a,2. Bundesliga,2022/2023,DEVELOPMENT,2023-04-01,12:00,MATCH_KICKOFF_TIME_TIMEZONE_NOT_STATED_BY_SOURCE,,NOT_VERIFIED_DO_NOT_INFER,Karlsruhe,Braunschweig,1,1,D,EVALUATION_ONLY_JOIN_AFTER_PREMATCH_FEATURE_FREEZE,1.78,3.8,4.21,EXTERNAL_HISTORICAL_MARKET_BENCHMARK,NOT_AVAILABLE,NOT_GOLDBET,0ffa30d5305c5c87bc15834007446e43ead6f6eb52ed2216a7f6c574c0c4cd55
5e182bfa12cbb5c25c3f7566,2. Bundesliga,2022/2023,DEVELOPMENT,2023-04-01,12:00,MATCH_KICKOFF_TIME_TIMEZONE_NOT_STATED_BY_SOURCE,,NOT_VERIFIED_DO_NOT_INFER,St Pauli,Regensburg,1,0,H,EVALUATION_ONLY_JOIN_AFTER_PREMATCH_FEATURE_FREEZE,1.51,4.14,6.4,EXTERNAL_HISTORICAL_MARKET_BENCHMARK,NOT_AVAILABLE,NOT_GOLDBET,5580bcd926583fecc261d3253699597df71af82b4ebaf5be3c27ea2d2fe78f82
e12caab2a6e7730486b73cbe,2. Bundesliga,2022/2023,DEVELOPMENT,2023-04-01,19:30,MATCH_KICKOFF_TIME_TIMEZONE_NOT_STATED_BY_SOURCE,,NOT_VERIFIED_DO_NOT_INFER,Kaiserslautern,Heidenheim,2,2,D,EVALUATION_ONLY_JOIN_AFTER_PREMATCH_FEATURE_FREEZE,2.67,3.13,2.71,EXTERNAL_HISTORICAL_MARKET_BENCHMARK,NOT_AVAILABLE,NOT_GOLDBET,f1eb6c65ec19a9b9e7d3204f09596497b9a376c4d587d6558070db9364c54af6
7157d7a3db9f04fe6462dddb,2. Bundesliga,2022/2023,DEVELOPMENT,2023-04-02,12:30,MATCH_KICKOFF_TIME_TIMEZONE_NOT_STATED_BY_SOURCE,,NOT_VERIFIED_DO_NOT_INFER,Holstein Kiel,Bielefeld,2,3,A,EVALUATION_ONLY_JOIN_AFTER_PREMATCH_FEATURE_FREEZE,2.08,3.54,3.34,EXTERNAL_HISTORICAL_MARKET_BENCHMARK,NOT_AVAILABLE,NOT_GOLDBET,79f8515fbcf585db5b34c24572b165009af628b08ff46ae11a34b424af73ee61
fb9e6de122ea0b16977f2e6d,2. Bundesliga,2022/2023,DEVELOPMENT,2023-04-02,12:30,MATCH_KICKOFF_TIME_TIMEZONE_NOT_STATED_BY_SOURCE,,NOT_VERIFIED_DO_NOT_INFER,Magdeburg,Hansa Rostock,3,0,H,EVALUATION_ONLY_JOIN_AFTER_PREMATCH_FEATURE_FREEZE,2.23,3.29,3.24,EXTERNAL_HISTORICAL_MARKET_BENCHMARK,NOT_AVAILABLE,NOT_GOLDBET,25c8a380907df942f0bd11b50339bd657bfa8dfeeb13dbfa7f7a367bd785c10d
e76ae3cb808e1360eba47143,2. Bundesliga,2022/2023,DEVELOPMENT,2023-04-02,12:30,MATCH_KICKOFF_TIME_TIMEZONE_NOT_STATED_BY_SOURCE,,NOT_VERIFIED_DO_NOT_INFER,Paderborn,Greuther Furth,3,2,H,EVALUATION_ONLY_JOIN_AFTER_PREMATCH_FEATURE_FREEZE,2.04,3.49,3.51,EXTERNAL_HISTORICAL_MARKET_BENCHMARK,NOT_AVAILABLE,NOT_GOLDBET,aac3f9648ab092d2440db52e684a89dd6e3ac5485b1677dca5185e1268943403
78199f75325c55d99c66b31a,2. Bundesliga,2022/2023,DEVELOPMENT,2023-04-08,12:00,MATCH_KICKOFF_TIME_TIMEZONE_NOT_STATED_BY_SOURCE,,NOT_VERIFIED_DO_NOT_INFER,Braunschweig,Kaiserslautern,1,0,H,EVALUATION_ONLY_JOIN_AFTER_PREMATCH_FEATURE_FREEZE,2.44,3.26,2.91,EXTERNAL_HISTORICAL_MARKET_BENCHMARK,NOT_AVAILABLE,NOT_GOLDBET,86307a402df1ab5274e1130cbf7e0fc654ac20af325fa4df8535e9889d22f05d
b98f353ffa04702d0c7569c6,2. Bundesliga,2022/2023,DEVELOPMENT,2023-04-08,12:00,MATCH_KICKOFF_TIME_TIMEZONE_NOT_STATED_BY_SOURCE,,NOT_VERIFIED_DO_NOT_INFER,Hamburg,Hannover,6,1,H,EVALUATION_ONLY_JOIN_AFTER_PREMATCH_FEATURE_FREEZE,1.35,5.3,7.53,EXTERNAL_HISTORICAL_MARKET_BENCHMARK,NOT_AVAILABLE,NOT_GOLDBET,47b9c8ff9501f73f404ddaa9ac2baf192073bc97d15455d9654ee86ecab36abf
bb8fd6504a934bc17a137da9,2. Bundesliga,2022/2023,DEVELOPMENT,2023-04-08,12:00,MATCH_KICKOFF_TIME_TIMEZONE_NOT_STATED_BY_SOURCE,,NOT_VERIFIED_DO_NOT_INFER,Nurnberg,Karlsruhe,1,1,D,EVALUATION_ONLY_JOIN_AFTER_PREMATCH_FEATURE_FREEZE,3.08,3.27,2.32,EXTERNAL_HISTORICAL_MARKET_BENCHMARK,NOT_AVAILABLE,NOT_GOLDBET,fbe990fa2d4e049468bbd5a20b20916f3383ff2f8dd71035323b157ded0bf9ec
8b156c8605c693b7fc3910ab,2. Bundesliga,2022/2023,DEVELOPMENT,2023-04-08,19:30,MATCH_KICKOFF_TIME_TIMEZONE_NOT_STATED_BY_SOURCE,,NOT_VERIFIED_DO_NOT_INFER,Heidenheim,St Pauli,0,1,A,EVALUATION_ONLY_JOIN_AFTER_PREMATCH_FEATURE_FREEZE,2.38,3.14,3.08,EXTERNAL_HISTORICAL_MARKET_BENCHMARK,NOT_AVAILABLE,NOT_GOLDBET,ec3c9844f848b52fd38685061940994227b7ad3c751c8c7942552580f6ee5979
1d8aadfbf93185e16654c118,2. Bundesliga,2022/2023,DEVELOPMENT,2023-04-09,12:30,MATCH_KICKOFF_TIME_TIMEZONE_NOT_STATED_BY_SOURCE,,NOT_VERIFIED_DO_NOT_INFER,Bielefeld,Fortuna Dusseldorf,2,2,D,EVALUATION_ONLY_JOIN_AFTER_PREMATCH_FEATURE_FREEZE,2.65,3.37,2.57,EXTERNAL_HISTORICAL_MARKET_BENCHMARK,NOT_AVAILABLE,NOT_GOLDBET,0ac7256605fc378594dc7d6bb84d55fe0fa4a3ac8b74a8a0621081d53ae62556
b93f0d9e37b31755892b36e1,2. Bundesliga,2022/2023,DEVELOPMENT,2023-04-09,12:30,MATCH_KICKOFF_TIME_TIMEZONE_NOT_STATED_BY_SOURCE,,NOT_VERIFIED_DO_NOT_INFER,Darmstadt,Paderborn,2,1,H,EVALUATION_ONLY_JOIN_AFTER_PREMATCH_FEATURE_FREEZE,2.13,3.56,3.22,EXTERNAL_HISTORICAL_MARKET_BENCHMARK,NOT_AVAILABLE,NOT_GOLDBET,5a40709d0cfb6137d43f8420c67f167bf75f132faac1d5dec39b45301dbbc849
d0513e8e780aff538529be97,2. Bundesliga,2022/2023,DEVELOPMENT,2023-04-09,12:30,MATCH_KICKOFF_TIME_TIMEZONE_NOT_STATED_BY_SOURCE,,NOT_VERIFIED_DO_NOT_INFER,Hansa Rostock,Holstein Kiel,2,3,A,EVALUATION_ONLY_JOIN_AFTER_PREMATCH_FEATURE_FREEZE,2.69,3.25,2.58,EXTERNAL_HISTORICAL_MARKET_BENCHMARK,NOT_AVAILABLE,NOT_GOLDBET,16796103a30a03605db6353e6861002017481bf51424430098d37ed68ed6f91f
8d6496e863fb3d8b3b61e94f,2. Bundesliga,2022/2023,DEVELOPMENT,2023-04-09,12:30,MATCH_KICKOFF_TIME_TIMEZONE_NOT_STATED_BY_SOURCE,,NOT_VERIFIED_DO_NOT_INFER,Regensburg,Magdeburg,2,2,D,EVALUATION_ONLY_JOIN_AFTER_PREMATCH_FEATURE_FREEZE,2.24,3.43,3.08,EXTERNAL_HISTORICAL_MARKET_BENCHMARK,NOT_AVAILABLE,NOT_GOLDBET,284350204049892c02c824769d887d1bc60a01ad4142380945c3c51f0ff6a1bf
60d5fedc53a83bd28ed3ea8a,2. Bundesliga,2022/2023,DEVELOPMENT,2023-04-09,12:30,MATCH_KICKOFF_TIME_TIMEZONE_NOT_STATED_BY_SOURCE,,NOT_VERIFIED_DO_NOT_INFER,Sandhausen,Greuther Furth,0,2,A,EVALUATION_ONLY_JOIN_AFTER_PREMATCH_FEATURE_FREEZE,4.04,3.47,1.9,EXTERNAL_HISTORICAL_MARKET_BENCHMARK,NOT_AVAILABLE,NOT_GOLDBET,0529170a1364042a12eb26c735ff044875e2ecba753599456cea07b6681e0b05
3d702c1aa43e42a027daf5cd,2. Bundesliga,2022/2023,DEVELOPMENT,2023-04-14,17:30,MATCH_KICKOFF_TIME_TIMEZONE_NOT_STATED_BY_SOURCE,,NOT_VERIFIED_DO_NOT_INFER,Greuther Furth,Regensburg,2,1,H,EVALUATION_ONLY_JOIN_AFTER_PREMATCH_FEATURE_FREEZE,1.86,3.44,4.32,EXTERNAL_HISTORICAL_MARKET_BENCHMARK,NOT_AVAILABLE,NOT_GOLDBET,0b21211ab85991bdb6306ff5995c3f0d3432fbe8d0171016b92569e524726073
8f680c239d48104e27951edc,2. Bundesliga,2022/2023,DEVELOPMENT,2023-04-14,17:30,MATCH_KICKOFF_TIME_TIMEZONE_NOT_STATED_BY_SOURCE,,NOT_VERIFIED_DO_NOT_INFER,Hannover,Heidenheim,0,3,A,EVALUATION_ONLY_JOIN_AFTER_PREMATCH_FEATURE_FREEZE,3.22,3.41,2.19,EXTERNAL_HISTORICAL_MARKET_BENCHMARK,NOT_AVAILABLE,NOT_GOLDBET,7fb181706290f8fa0026bf9fdaa16c4ff73cac275d4ff9814c271b0a65d4c5cd
22d64ee5f5d45c0e41616538,2. Bundesliga,2022/2023,DEVELOPMENT,2023-04-15,12:00,MATCH_KICKOFF_TIME_TIMEZONE_NOT_STATED_BY_SOURCE,,NOT_VERIFIED_DO_NOT_INFER,Holstein Kiel,Nurnberg,2,1,H,EVALUATION_ONLY_JOIN_AFTER_PREMATCH_FEATURE_FREEZE,2.27,3.44,3.02,EXTERNAL_HISTORICAL_MARKET_BENCHMARK,NOT_AVAILABLE,NOT_GOLDBET,92674bad1f57a197dd5cc9ce090ddefc4c34500997931647093c66f0bf3051e2
6e87cbbc2cfb637ef0e85463,2. Bundesliga,2022/2023,DEVELOPMENT,2023-04-15,12:00,MATCH_KICKOFF_TIME_TIMEZONE_NOT_STATED_BY_SOURCE,,NOT_VERIFIED_DO_NOT_INFER,Magdeburg,Sandhausen,1,2,A,EVALUATION_ONLY_JOIN_AFTER_PREMATCH_FEATURE_FREEZE,1.53,4.27,5.71,EXTERNAL_HISTORICAL_MARKET_BENCHMARK,NOT_AVAILABLE,NOT_GOLDBET,5a70718a85d9bb2e3961dc732918d05e8cfeda0ba003a0a0982df83882b68a5e
abc7b5e3a37074134bf2de80,2. Bundesliga,2022/2023,DEVELOPMENT,2023-04-15,12:00,MATCH_KICKOFF_TIME_TIMEZONE_NOT_STATED_BY_SOURCE,,NOT_VERIFIED_DO_NOT_INFER,Paderborn,Hansa Rostock,3,0,H,EVALUATION_ONLY_JOIN_AFTER_PREMATCH_FEATURE_FREEZE,1.69,3.81,4.73,EXTERNAL_HISTORICAL_MARKET_BENCHMARK,NOT_AVAILABLE,NOT_GOLDBET,de56699c097ce7d43e2b947f65d52449a8325ef37da64efd2b5c4169fd10018d
23837fbba92090610e9569a6,2. Bundesliga,2022/2023,DEVELOPMENT,2023-04-15,19:30,MATCH_KICKOFF_TIME_TIMEZONE_NOT_STATED_BY_SOURCE,,NOT_VERIFIED_DO_NOT_INFER,Kaiserslautern,Hamburg,2,0,H,EVALUATION_ONLY_JOIN_AFTER_PREMATCH_FEATURE_FREEZE,3.66,3.74,1.9,EXTERNAL_HISTORICAL_MARKET_BENCHMARK,NOT_AVAILABLE,NOT_GOLDBET,1d3875d222474cd096ea876b8f3118f5be7dfab2dd23e79c602b01b9d50c0d72
60bcac735232569b5f124314,2. Bundesliga,2022/2023,DEVELOPMENT,2023-04-16,12:30,MATCH_KICKOFF_TIME_TIMEZONE_NOT_STATED_BY_SOURCE,,NOT_VERIFIED_DO_NOT_INFER,Fortuna Dusseldorf,Darmstadt,1,0,H,EVALUATION_ONLY_JOIN_AFTER_PREMATCH_FEATURE_FREEZE,2.32,3.45,2.92,EXTERNAL_HISTORICAL_MARKET_BENCHMARK,NOT_AVAILABLE,NOT_GOLDBET,c8c132ba379a8e7d0dcb3d02c8ac5fdd8f70e38ad78bd81f2eede44d92d3416a
19cbaa0f26a9fd9e9eeedfb7,2. Bundesliga,2022/2023,DEVELOPMENT,2023-04-16,12:30,MATCH_KICKOFF_TIME_TIMEZONE_NOT_STATED_BY_SOURCE,,NOT_VERIFIED_DO_NOT_INFER,Karlsruhe,Bielefeld,4,2,H,EVALUATION_ONLY_JOIN_AFTER_PREMATCH_FEATURE_FREEZE,2.13,3.69,3.09,EXTERNAL_HISTORICAL_MARKET_BENCHMARK,NOT_AVAILABLE,NOT_GOLDBET,c2bb9e85a9834b412cb8f82420646f449fbe418540cce0e0d52a7bc2ba0834d1
05d8d7d089f3c716d70c9e20,2. Bundesliga,2022/2023,DEVELOPMENT,2023-04-16,12:30,MATCH_KICKOFF_TIME_TIMEZONE_NOT_STATED_BY_SOURCE,,NOT_VERIFIED_DO_NOT_INFER,St Pauli,Braunschweig,1,2,A,EVALUATION_ONLY_JOIN_AFTER_PREMATCH_FEATURE_FREEZE,1.62,4.01,5.04,EXTERNAL_HISTORICAL_MARKET_BENCHMARK,NOT_AVAILABLE,NOT_GOLDBET,0dd515d6ee71d2628304d65ace0ec16e7f234cade9d8b8536dfef9444e05f805
891bf02fa74d684fbf61cefb,2. Bundesliga,2022/2023,DEVELOPMENT,2023-04-21,17:30,MATCH_KICKOFF_TIME_TIMEZONE_NOT_STATED_BY_SOURCE,,NOT_VERIFIED_DO_NOT_INFER,Darmstadt,Karlsruhe,2,1,H,EVALUATION_ONLY_JOIN_AFTER_PREMATCH_FEATURE_FREEZE,1.73,3.86,4.51,EXTERNAL_HISTORICAL_MARKET_BENCHMARK,NOT_AVAILABLE,NOT_GOLDBET,a7b453f26d12d08822deaa5078dd3b01d7130fd623a7daca25ead41b71fec48c
8a3d44b70ff8702fcb19a7ac,2. Bundesliga,2022/2023,DEVELOPMENT,2023-04-21,17:30,MATCH_KICKOFF_TIME_TIMEZONE_NOT_STATED_BY_SOURCE,,NOT_VERIFIED_DO_NOT_INFER,Hamburg,St Pauli,4,3,H,EVALUATION_ONLY_JOIN_AFTER_PREMATCH_FEATURE_FREEZE,2.09,3.61,3.26,EXTERNAL_HISTORICAL_MARKET_BENCHMARK,NOT_AVAILABLE,NOT_GOLDBET,af7b25532d94ddc0991970e0412e7cc2e474b39ea79e7a31ce55eb8476518202
447e0e09e4d7b0277e7c558e,2. Bundesliga,2022/2023,DEVELOPMENT,2023-04-22,12:00,MATCH_KICKOFF_TIME_TIMEZONE_NOT_STATED_BY_SOURCE,,NOT_VERIFIED_DO_NOT_INFER,Bielefeld,Hannover,1,3,A,EVALUATION_ONLY_JOIN_AFTER_PREMATCH_FEATURE_FREEZE,1.79,3.82,4.14,EXTERNAL_HISTORICAL_MARKET_BENCHMARK,NOT_AVAILABLE,NOT_GOLDBET,343e9897c0b9ffd02c964e69563180f8668621eae33f571bfaec7559febb1a3e
09b8ff05280c0865e9e2aa3a,2. Bundesliga,2022/2023,DEVELOPMENT,2023-04-22,12:00,MATCH_KICKOFF_TIME_TIMEZONE_NOT_STATED_BY_SOURCE,,NOT_VERIFIED_DO_NOT_INFER,Hansa Rostock,Greuther Furth,2,0,H,EVALUATION_ONLY_JOIN_AFTER_PREMATCH_FEATURE_FREEZE,3.09,3.15,2.38,EXTERNAL_HISTORICAL_MARKET_BENCHMARK,NOT_AVAILABLE,NOT_GOLDBET,c727f894dc4fbaf263db2c0457b12ec0f41a854ebe661fb82ec09376a46cf030
4be1da28503b4fdc7fe86aef,2. Bundesliga,2022/2023,DEVELOPMENT,2023-04-22,12:00,MATCH_KICKOFF_TIME_TIMEZONE_NOT_STATED_BY_SOURCE,,NOT_VERIFIED_DO_NOT_INFER,Nurnberg,Fortuna Dusseldorf,2,0,H,EVALUATION_ONLY_JOIN_AFTER_PREMATCH_FEATURE_FREEZE,3.21,3.36,2.2,EXTERNAL_HISTORICAL_MARKET_BENCHMARK,NOT_AVAILABLE,NOT_GOLDBET,30e49d4ec505f56957c0c0911a33d8c94037e8ac123f77bb94f894f1953ef332
04ed1be06c955955bf021d7f,2. Bundesliga,2022/2023,DEVELOPMENT,2023-04-22,19:30,MATCH_KICKOFF_TIME_TIMEZONE_NOT_STATED_BY_SOURCE,,NOT_VERIFIED_DO_NOT_INFER,Braunschweig,Magdeburg,1,2,A,EVALUATION_ONLY_JOIN_AFTER_PREMATCH_FEATURE_FREEZE,2.45,3.5,2.71,EXTERNAL_HISTORICAL_MARKET_BENCHMARK,NOT_AVAILABLE,NOT_GOLDBET,3b0143a5d81e67d1ba44d3508ad084eb1c38a9ad62d0cba0838e8df3e397e9f6
59dff768bec305e625d21183,2. Bundesliga,2022/2023,DEVELOPMENT,2023-04-23,12:30,MATCH_KICKOFF_TIME_TIMEZONE_NOT_STATED_BY_SOURCE,,NOT_VERIFIED_DO_NOT_INFER,Heidenheim,Holstein Kiel,3,0,H,EVALUATION_ONLY_JOIN_AFTER_PREMATCH_FEATURE_FREEZE,1.63,4.09,4.91,EXTERNAL_HISTORICAL_MARKET_BENCHMARK,NOT_AVAILABLE,NOT_GOLDBET,d25da64d5871a5cab8f39eadd01e793f52d4e1bd2519b068bda8dcf9ce7cdef1
f8eb05696b5a45bc13befef7,2. Bundesliga,2022/2023,DEVELOPMENT,2023-04-23,12:30,MATCH_KICKOFF_TIME_TIMEZONE_NOT_STATED_BY_SOURCE,,NOT_VERIFIED_DO_NOT_INFER,Regensburg,Kaiserslautern,0,0,D,EVALUATION_ONLY_JOIN_AFTER_PREMATCH_FEATURE_FREEZE,2.29,3.15,3.26,EXTERNAL_HISTORICAL_MARKET_BENCHMARK,NOT_AVAILABLE,NOT_GOLDBET,46579fc4be97a78cd642869a8b402dfb2c0c4ecfac9c1ba4c7232b98a7bc24f6
4f45bfddb56763dd450b1c4c,2. Bundesliga,2022/2023,DEVELOPMENT,2023-04-23,12:30,MATCH_KICKOFF_TIME_TIMEZONE_NOT_STATED_BY_SOURCE,,NOT_VERIFIED_DO_NOT_INFER,Sandhausen,Paderborn,2,2,D,EVALUATION_ONLY_JOIN_AFTER_PREMATCH_FEATURE_FREEZE,5,4.07,1.62,EXTERNAL_HISTORICAL_MARKET_BENCHMARK,NOT_AVAILABLE,NOT_GOLDBET,fcce52c8b4647381dc66e049f24d08b74e85125dabe557ca03e240d6e2eaf331
212fd7d8148356bbb7ddf26e,2. Bundesliga,2022/2023,DEVELOPMENT,2023-04-28,17:30,MATCH_KICKOFF_TIME_TIMEZONE_NOT_STATED_BY_SOURCE,,NOT_VERIFIED_DO_NOT_INFER,Greuther Furth,Heidenheim,0,2,A,EVALUATION_ONLY_JOIN_AFTER_PREMATCH_FEATURE_FREEZE,2.8,3.17,2.57,EXTERNAL_HISTORICAL_MARKET_BENCHMARK,NOT_AVAILABLE,NOT_GOLDBET,6e08e2b1203c489014c790df334723957f9247cfc220b4d4af72d9d58c53c179
66e463728e6c1ff1e71daf91,2. Bundesliga,2022/2023,DEVELOPMENT,2023-04-28,17:30,MATCH_KICKOFF_TIME_TIMEZONE_NOT_STATED_BY_SOURCE,,NOT_VERIFIED_DO_NOT_INFER,Paderborn,Braunschweig,5,1,H,EVALUATION_ONLY_JOIN_AFTER_PREMATCH_FEATURE_FREEZE,1.65,4.1,4.74,EXTERNAL_HISTORICAL_MARKET_BENCHMARK,NOT_AVAILABLE,NOT_GOLDBET,1958b168c1dc49278dabdaf28e433f209a870568be6230c59e9febfbc0bae97a
0d45c3db3ba0635f1edcdcc6,2. Bundesliga,2022/2023,DEVELOPMENT,2023-04-29,12:00,MATCH_KICKOFF_TIME_TIMEZONE_NOT_STATED_BY_SOURCE,,NOT_VERIFIED_DO_NOT_INFER,Kaiserslautern,Hansa Rostock,0,1,A,EVALUATION_ONLY_JOIN_AFTER_PREMATCH_FEATURE_FREEZE,2.15,3.27,3.42,EXTERNAL_HISTORICAL_MARKET_BENCHMARK,NOT_AVAILABLE,NOT_GOLDBET,cb4a2ab3f789eedb9b5557d8109398613d8ef9770c25f6b8e2c6e72d303ab96c
498e9e0bc89126483e0d16e4,2. Bundesliga,2022/2023,DEVELOPMENT,2023-04-29,12:00,MATCH_KICKOFF_TIME_TIMEZONE_NOT_STATED_BY_SOURCE,,NOT_VERIFIED_DO_NOT_INFER,Magdeburg,Hamburg,3,2,H,EVALUATION_ONLY_JOIN_AFTER_PREMATCH_FEATURE_FREEZE,3.08,3.82,2.11,EXTERNAL_HISTORICAL_MARKET_BENCHMARK,NOT_AVAILABLE,NOT_GOLDBET,16b3e0561941ccb3cf65da571e06ad9bff1b242b13415b0e79829582e543d6e7
82381aa01364e72f4193d0fe,2. Bundesliga,2022/2023,DEVELOPMENT,2023-04-29,12:00,MATCH_KICKOFF_TIME_TIMEZONE_NOT_STATED_BY_SOURCE,,NOT_VERIFIED_DO_NOT_INFER,St Pauli,Bielefeld,2,1,H,EVALUATION_ONLY_JOIN_AFTER_PREMATCH_FEATURE_FREEZE,1.96,3.61,3.66,EXTERNAL_HISTORICAL_MARKET_BENCHMARK,NOT_AVAILABLE,NOT_GOLDBET,19ee9820feb53e06e309b30bb06d5fd439f4c36658c77e67269ccb8af5d2f7d4
6d945b9de49339794e6738f4,2. Bundesliga,2022/2023,DEVELOPMENT,2023-04-29,19:30,MATCH_KICKOFF_TIME_TIMEZONE_NOT_STATED_BY_SOURCE,,NOT_VERIFIED_DO_NOT_INFER,Hannover,Nurnberg,3,0,H,EVALUATION_ONLY_JOIN_AFTER_PREMATCH_FEATURE_FREEZE,2.34,3.37,2.95,EXTERNAL_HISTORICAL_MARKET_BENCHMARK,NOT_AVAILABLE,NOT_GOLDBET,8d4636a9b4856426b3ac3c1bd0fc9bb3963eff66972c98501ac14ef7595541f6
b2b5b55b1589d92cb14dcb8c,2. Bundesliga,2022/2023,DEVELOPMENT,2023-04-30,12:30,MATCH_KICKOFF_TIME_TIMEZONE_NOT_STATED_BY_SOURCE,,NOT_VERIFIED_DO_NOT_INFER,Fortuna Dusseldorf,Karlsruhe,3,2,H,EVALUATION_ONLY_JOIN_AFTER_PREMATCH_FEATURE_FREEZE,2.17,3.7,3.01,EXTERNAL_HISTORICAL_MARKET_BENCHMARK,NOT_AVAILABLE,NOT_GOLDBET,540ec8f8bd113c381170b0ea9380e3a6561c6108c619783601aef327c9615188
10c8cb7eda3579f12c69743b,2. Bundesliga,2022/2023,DEVELOPMENT,2023-04-30,12:30,MATCH_KICKOFF_TIME_TIMEZONE_NOT_STATED_BY_SOURCE,,NOT_VERIFIED_DO_NOT_INFER,Holstein Kiel,Darmstadt,0,3,A,EVALUATION_ONLY_JOIN_AFTER_PREMATCH_FEATURE_FREEZE,3.34,3.87,1.98,EXTERNAL_HISTORICAL_MARKET_BENCHMARK,NOT_AVAILABLE,NOT_GOLDBET,30037ce7b3a7379e4509cb8e18348aec033a86ea2738338dc288df59d7c81d45
958f8cde60481dca99d10032,2. Bundesliga,2022/2023,DEVELOPMENT,2023-04-30,12:30,MATCH_KICKOFF_TIME_TIMEZONE_NOT_STATED_BY_SOURCE,,NOT_VERIFIED_DO_NOT_INFER,Sandhausen,Regensburg,2,1,H,EVALUATION_ONLY_JOIN_AFTER_PREMATCH_FEATURE_FREEZE,2.87,3.19,2.5,EXTERNAL_HISTORICAL_MARKET_BENCHMARK,NOT_AVAILABLE,NOT_GOLDBET,471c4d506e612ecab40de0386b43dcab6631d54a728340a72f7f1297074ec9da
c063828284988546a5bf7abf,2. Bundesliga,2022/2023,DEVELOPMENT,2023-05-05,17:30,MATCH_KICKOFF_TIME_TIMEZONE_NOT_STATED_BY_SOURCE,,NOT_VERIFIED_DO_NOT_INFER,Bielefeld,Greuther Furth,1,1,D,EVALUATION_ONLY_JOIN_AFTER_PREMATCH_FEATURE_FREEZE,2.3,3.53,2.92,EXTERNAL_HISTORICAL_MARKET_BENCHMARK,NOT_AVAILABLE,NOT_GOLDBET,5b7c1e850f43a6d44d4030b619631f8dccf30d0ea2d8a7b33eb0ee65b5b16498
96838c24661c0b8adb0eeb74,2. Bundesliga,2022/2023,DEVELOPMENT,2023-05-05,17:30,MATCH_KICKOFF_TIME_TIMEZONE_NOT_STATED_BY_SOURCE,,NOT_VERIFIED_DO_NOT_INFER,Hamburg,Paderborn,2,2,D,EVALUATION_ONLY_JOIN_AFTER_PREMATCH_FEATURE_FREEZE,1.97,3.83,3.39,EXTERNAL_HISTORICAL_MARKET_BENCHMARK,NOT_AVAILABLE,NOT_GOLDBET,ad07798e1ee72c0140514e33588cadbbbeca0ec331d0d91ec4e47637137d4b8f
2cb36016c46145807c5501da,2. Bundesliga,2022/2023,DEVELOPMENT,2023-05-06,12:00,MATCH_KICKOFF_TIME_TIMEZONE_NOT_STATED_BY_SOURCE,,NOT_VERIFIED_DO_NOT_INFER,Fortuna Dusseldorf,Holstein Kiel,3,0,H,EVALUATION_ONLY_JOIN_AFTER_PREMATCH_FEATURE_FREEZE,1.71,4.27,4.16,EXTERNAL_HISTORICAL_MARKET_BENCHMARK,NOT_AVAILABLE,NOT_GOLDBET,c149b0dee9a794dbddb9ee4de275b05cd31bc9f780383053f244af92fe9d672b
ad8b99150d00cb8653005015,2. Bundesliga,2022/2023,DEVELOPMENT,2023-05-06,12:00,MATCH_KICKOFF_TIME_TIMEZONE_NOT_STATED_BY_SOURCE,,NOT_VERIFIED_DO_NOT_INFER,Hansa Rostock,Regensburg,2,0,H,EVALUATION_ONLY_JOIN_AFTER_PREMATCH_FEATURE_FREEZE,2.32,3.18,3.16,EXTERNAL_HISTORICAL_MARKET_BENCHMARK,NOT_AVAILABLE,NOT_GOLDBET,d68365736578c3a13ef2237a263e92e03c271faec3120184086f4b08f5c37182
9e70c52efea7618d671671f6,2. Bundesliga,2022/2023,DEVELOPMENT,2023-05-06,12:00,MATCH_KICKOFF_TIME_TIMEZONE_NOT_STATED_BY_SOURCE,,NOT_VERIFIED_DO_NOT_INFER,Karlsruhe,Hannover,2,1,H,EVALUATION_ONLY_JOIN_AFTER_PREMATCH_FEATURE_FREEZE,1.71,4.2,4.21,EXTERNAL_HISTORICAL_MARKET_BENCHMARK,NOT_AVAILABLE,NOT_GOLDBET,306870ed8d78ebf2f7828eb7cdecce0da2a2c63c8ee85f754cb8e55b1a2234cd
d5b2e3a1719461a8de18a5d7,2. Bundesliga,2022/2023,DEVELOPMENT,2023-05-06,19:30,MATCH_KICKOFF_TIME_TIMEZONE_NOT_STATED_BY_SOURCE,,NOT_VERIFIED_DO_NOT_INFER,Darmstadt,St Pauli,0,3,A,EVALUATION_ONLY_JOIN_AFTER_PREMATCH_FEATURE_FREEZE,1.95,3.64,3.64,EXTERNAL_HISTORICAL_MARKET_BENCHMARK,NOT_AVAILABLE,NOT_GOLDBET,866e151bfeaea9b0ac79ef18fe9ab631f0f4f304fb5b5acb929a30a5ff390b53
c9973b72891e131d64323a74,2. Bundesliga,2022/2023,DEVELOPMENT,2023-05-07,12:30,MATCH_KICKOFF_TIME_TIMEZONE_NOT_STATED_BY_SOURCE,,NOT_VERIFIED_DO_NOT_INFER,Braunschweig,Sandhausen,2,1,H,EVALUATION_ONLY_JOIN_AFTER_PREMATCH_FEATURE_FREEZE,1.89,3.49,4.03,EXTERNAL_HISTORICAL_MARKET_BENCHMARK,NOT_AVAILABLE,NOT_GOLDBET,878995d18d5b54d853db685f2b06631b48e938a800c5fa4e2bacbbd799657240
a1c4ce8c8ef91f87cea30678,2. Bundesliga,2022/2023,DEVELOPMENT,2023-05-07,12:30,MATCH_KICKOFF_TIME_TIMEZONE_NOT_STATED_BY_SOURCE,,NOT_VERIFIED_DO_NOT_INFER,Heidenheim,Magdeburg,0,0,D,EVALUATION_ONLY_JOIN_AFTER_PREMATCH_FEATURE_FREEZE,1.63,4.05,4.98,EXTERNAL_HISTORICAL_MARKET_BENCHMARK,NOT_AVAILABLE,NOT_GOLDBET,ee360ca827fbc8fc0848643417126576be567cbbc795376c19927d888466369f
fa986cf13f589476ff45de00,2. Bundesliga,2022/2023,DEVELOPMENT,2023-05-07,12:30,MATCH_KICKOFF_TIME_TIMEZONE_NOT_STATED_BY_SOURCE,,NOT_VERIFIED_DO_NOT_INFER,Nurnberg,Kaiserslautern,3,3,D,EVALUATION_ONLY_JOIN_AFTER_PREMATCH_FEATURE_FREEZE,2.07,3.28,3.63,EXTERNAL_HISTORICAL_MARKET_BENCHMARK,NOT_AVAILABLE,NOT_GOLDBET,454f32a939697846dc33bdc62bea73a700bb65d7d6bcdfa0c92c9f5088192c09
423474dbad73aa3fcc741576,2. Bundesliga,2022/2023,DEVELOPMENT,2023-05-12,17:30,MATCH_KICKOFF_TIME_TIMEZONE_NOT_STATED_BY_SOURCE,,NOT_VERIFIED_DO_NOT_INFER,Magdeburg,Nurnberg,2,2,D,EVALUATION_ONLY_JOIN_AFTER_PREMATCH_FEATURE_FREEZE,2.19,3.63,3.02,EXTERNAL_HISTORICAL_MARKET_BENCHMARK,NOT_AVAILABLE,NOT_GOLDBET,8c3cf9c17498080a51bbf2cce6b59b4ab8606e84ad3cb0d5613a51e9dae1d66c
2502aa05f2d9b732bf851ab1,2. Bundesliga,2022/2023,DEVELOPMENT,2023-05-12,17:30,MATCH_KICKOFF_TIME_TIMEZONE_NOT_STATED_BY_SOURCE,,NOT_VERIFIED_DO_NOT_INFER,Sandhausen,Hansa Rostock,1,2,A,EVALUATION_ONLY_JOIN_AFTER_PREMATCH_FEATURE_FREEZE,2.73,3.14,2.65,EXTERNAL_HISTORICAL_MARKET_BENCHMARK,NOT_AVAILABLE,NOT_GOLDBET,0fc9e88e319fadff69ce2b80a65090320444dc5debe1f6351a3f3e5f4e529f6f
c85d036963dd4b53b5befedb,2. Bundesliga,2022/2023,DEVELOPMENT,2023-05-13,12:00,MATCH_KICKOFF_TIME_TIMEZONE_NOT_STATED_BY_SOURCE,,NOT_VERIFIED_DO_NOT_INFER,Greuther Furth,Braunschweig,2,2,D,EVALUATION_ONLY_JOIN_AFTER_PREMATCH_FEATURE_FREEZE,1.77,3.81,4.26,EXTERNAL_HISTORICAL_MARKET_BENCHMARK,NOT_AVAILABLE,NOT_GOLDBET,8ee4d012a7bbec935b556bc85556e0eed056e0f3493f1fc62c38a7bc5df6b687
5a16958e74b4315097f8bc93,2. Bundesliga,2022/2023,DEVELOPMENT,2023-05-13,12:00,MATCH_KICKOFF_TIME_TIMEZONE_NOT_STATED_BY_SOURCE,,NOT_VERIFIED_DO_NOT_INFER,Holstein Kiel,Karlsruhe,2,1,H,EVALUATION_ONLY_JOIN_AFTER_PREMATCH_FEATURE_FREEZE,2.26,3.87,2.79,EXTERNAL_HISTORICAL_MARKET_BENCHMARK,NOT_AVAILABLE,NOT_GOLDBET,3f8dec0adfaa3d15fb1cdfee10f976e938e4fb5f81911ec9291e52e2fe3671a6
dbcea3d81a467b0f917f50de,2. Bundesliga,2022/2023,DEVELOPMENT,2023-05-13,12:00,MATCH_KICKOFF_TIME_TIMEZONE_NOT_STATED_BY_SOURCE,,NOT_VERIFIED_DO_NOT_INFER,Kaiserslautern,Bielefeld,1,2,A,EVALUATION_ONLY_JOIN_AFTER_PREMATCH_FEATURE_FREEZE,2.46,3.55,2.68,EXTERNAL_HISTORICAL_MARKET_BENCHMARK,NOT_AVAILABLE,NOT_GOLDBET,a562df46eed8ef67fff01889e4d2d7155db146843b46d86e11d7bbac60b239a1
8cc090e32e74bbaa870e4d49,2. Bundesliga,2022/2023,DEVELOPMENT,2023-05-13,19:30,MATCH_KICKOFF_TIME_TIMEZONE_NOT_STATED_BY_SOURCE,,NOT_VERIFIED_DO_NOT_INFER,St Pauli,Fortuna Dusseldorf,0,0,D,EVALUATION_ONLY_JOIN_AFTER_PREMATCH_FEATURE_FREEZE,1.86,3.81,3.81,EXTERNAL_HISTORICAL_MARKET_BENCHMARK,NOT_AVAILABLE,NOT_GOLDBET,e018215b1c1aa71748b1caa712a8411ac2871b66326b8f587abeb6a978ca74b8
539e2a8d3b854cf60b951db9,2. Bundesliga,2022/2023,DEVELOPMENT,2023-05-14,12:30,MATCH_KICKOFF_TIME_TIMEZONE_NOT_STATED_BY_SOURCE,,NOT_VERIFIED_DO_NOT_INFER,Hannover,Darmstadt,2,1,H,EVALUATION_ONLY_JOIN_AFTER_PREMATCH_FEATURE_FREEZE,3.8,3.79,1.87,EXTERNAL_HISTORICAL_MARKET_BENCHMARK,NOT_AVAILABLE,NOT_GOLDBET,ad794994046063b759f491ca047138332c2d0db2af83b90b8e60a2a81b26b5ad
906b163f931962f2613cf832,2. Bundesliga,2022/2023,DEVELOPMENT,2023-05-14,12:30,MATCH_KICKOFF_TIME_TIMEZONE_NOT_STATED_BY_SOURCE,,NOT_VERIFIED_DO_NOT_INFER,Paderborn,Heidenheim,3,2,H,EVALUATION_ONLY_JOIN_AFTER_PREMATCH_FEATURE_FREEZE,2.04,3.66,3.35,EXTERNAL_HISTORICAL_MARKET_BENCHMARK,NOT_AVAILABLE,NOT_GOLDBET,1f30c18451f5ce16563b35dd85011aad573ee7bffc68be31f7028e310f878f4c
b48af2b90cf7fda11ccb2758,2. Bundesliga,2022/2023,DEVELOPMENT,2023-05-14,12:30,MATCH_KICKOFF_TIME_TIMEZONE_NOT_STATED_BY_SOURCE,,NOT_VERIFIED_DO_NOT_INFER,Regensburg,Hamburg,1,5,A,EVALUATION_ONLY_JOIN_AFTER_PREMATCH_FEATURE_FREEZE,3.45,3.86,1.93,EXTERNAL_HISTORICAL_MARKET_BENCHMARK,NOT_AVAILABLE,NOT_GOLDBET,53c11de5194d9818648c6cfdf5e3707aa5baf7cc7dbc5bb46840ff78be69ff22
56d7a73601d3fd7176ba3b0a,2. Bundesliga,2022/2023,DEVELOPMENT,2023-05-19,17:30,MATCH_KICKOFF_TIME_TIMEZONE_NOT_STATED_BY_SOURCE,,NOT_VERIFIED_DO_NOT_INFER,Darmstadt,Magdeburg,1,0,H,EVALUATION_ONLY_JOIN_AFTER_PREMATCH_FEATURE_FREEZE,1.4,5.11,6.79,EXTERNAL_HISTORICAL_MARKET_BENCHMARK,NOT_AVAILABLE,NOT_GOLDBET,23a132d3b9164e4d4b5b1f07f2a62198ec3ee6b85318182cf77b1a33900c946d
65b69e0d7e1edc8728186e48,2. Bundesliga,2022/2023,DEVELOPMENT,2023-05-19,17:30,MATCH_KICKOFF_TIME_TIMEZONE_NOT_STATED_BY_SOURCE,,NOT_VERIFIED_DO_NOT_INFER,Holstein Kiel,St Pauli,3,4,A,EVALUATION_ONLY_JOIN_AFTER_PREMATCH_FEATURE_FREEZE,2.91,3.88,2.17,EXTERNAL_HISTORICAL_MARKET_BENCHMARK,NOT_AVAILABLE,NOT_GOLDBET,5468bdf6ad4c7a246f1f6337a1defcf838dc35eae2708e0163a6550502fecaad
46543a84be05c13dbde38b8d,2. Bundesliga,2022/2023,DEVELOPMENT,2023-05-20,12:00,MATCH_KICKOFF_TIME_TIMEZONE_NOT_STATED_BY_SOURCE,,NOT_VERIFIED_DO_NOT_INFER,Bielefeld,Paderborn,2,2,D,EVALUATION_ONLY_JOIN_AFTER_PREMATCH_FEATURE_FREEZE,2.76,3.69,2.34,EXTERNAL_HISTORICAL_MARKET_BENCHMARK,NOT_AVAILABLE,NOT_GOLDBET,d8d445e209c4d6980fc44a0611750a649f38d64780ad436204fbc4f8828cac9f
4d8fee56ca9dcac54f1d9b2f,2. Bundesliga,2022/2023,DEVELOPMENT,2023-05-20,12:00,MATCH_KICKOFF_TIME_TIMEZONE_NOT_STATED_BY_SOURCE,,NOT_VERIFIED_DO_NOT_INFER,Braunschweig,Regensburg,1,2,A,EVALUATION_ONLY_JOIN_AFTER_PREMATCH_FEATURE_FREEZE,2.16,3.51,3.21,EXTERNAL_HISTORICAL_MARKET_BENCHMARK,NOT_AVAILABLE,NOT_GOLDBET,6cde83886cb3b5ef9efb20669e87c3f6b0bf3ffd00dd29e9e1fa8765451d99ab
cf71d1358eee417895b78379,2. Bundesliga,2022/2023,DEVELOPMENT,2023-05-20,12:00,MATCH_KICKOFF_TIME_TIMEZONE_NOT_STATED_BY_SOURCE,,NOT_VERIFIED_DO_NOT_INFER,Heidenheim,Sandhausen,1,0,H,EVALUATION_ONLY_JOIN_AFTER_PREMATCH_FEATURE_FREEZE,1.32,5.23,8.86,EXTERNAL_HISTORICAL_MARKET_BENCHMARK,NOT_AVAILABLE,NOT_GOLDBET,ea173a8558124d5609d115f0ae58a8d3b220465b722ad144e998f7c7cc027000
ca851ad914df15aa6d7263d5,2. Bundesliga,2022/2023,DEVELOPMENT,2023-05-20,19:30,MATCH_KICKOFF_TIME_TIMEZONE_NOT_STATED_BY_SOURCE,,NOT_VERIFIED_DO_NOT_INFER,Hamburg,Greuther Furth,2,1,H,EVALUATION_ONLY_JOIN_AFTER_PREMATCH_FEATURE_FREEZE,1.42,4.94,6.42,EXTERNAL_HISTORICAL_MARKET_BENCHMARK,NOT_AVAILABLE,NOT_GOLDBET,a7373d369e283190b04ffb2584d55d7e1e66460d03b3bb034034f18e7975a5e7
3d776a63aaf9b60eae3d3790,2. Bundesliga,2022/2023,DEVELOPMENT,2023-05-21,12:30,MATCH_KICKOFF_TIME_TIMEZONE_NOT_STATED_BY_SOURCE,,NOT_VERIFIED_DO_NOT_INFER,Fortuna Dusseldorf,Hannover,3,3,D,EVALUATION_ONLY_JOIN_AFTER_PREMATCH_FEATURE_FREEZE,1.81,4.03,3.82,EXTERNAL_HISTORICAL_MARKET_BENCHMARK,NOT_AVAILABLE,NOT_GOLDBET,933a167b96f4261ce3ebb47a46e71d4d9a3e42e9b5d43e4a2088a0a9b06e7aa0
7ae5532363f9d61e384878a6,2. Bundesliga,2022/2023,DEVELOPMENT,2023-05-21,12:30,MATCH_KICKOFF_TIME_TIMEZONE_NOT_STATED_BY_SOURCE,,NOT_VERIFIED_DO_NOT_INFER,Karlsruhe,Kaiserslautern,2,0,H,EVALUATION_ONLY_JOIN_AFTER_PREMATCH_FEATURE_FREEZE,2.08,3.73,3.2,EXTERNAL_HISTORICAL_MARKET_BENCHMARK,NOT_AVAILABLE,NOT_GOLDBET,c120540ff09f9df7655cf41f024c69c1ae213219a7dff7e43ac5428a42e40304
0c48c42946594792cfa129f6,2. Bundesliga,2022/2023,DEVELOPMENT,2023-05-21,12:30,MATCH_KICKOFF_TIME_TIMEZONE_NOT_STATED_BY_SOURCE,,NOT_VERIFIED_DO_NOT_INFER,Nurnberg,Hansa Rostock,0,0,D,EVALUATION_ONLY_JOIN_AFTER_PREMATCH_FEATURE_FREEZE,2.07,3.29,3.62,EXTERNAL_HISTORICAL_MARKET_BENCHMARK,NOT_AVAILABLE,NOT_GOLDBET,bc8ab6e3895c1f4d8824643bb035d2cb7a46f4a77eaa7866704df67109e1f600
9379eabe5a8ce5034b10f633,2. Bundesliga,2022/2023,DEVELOPMENT,2023-05-28,14:30,MATCH_KICKOFF_TIME_TIMEZONE_NOT_STATED_BY_SOURCE,,NOT_VERIFIED_DO_NOT_INFER,Greuther Furth,Darmstadt,4,0,H,EVALUATION_ONLY_JOIN_AFTER_PREMATCH_FEATURE_FREEZE,2.9,3.53,2.31,EXTERNAL_HISTORICAL_MARKET_BENCHMARK,NOT_AVAILABLE,NOT_GOLDBET,27dff42784d3c1fb53d02477a4c8d4f20bf4a51b03acb448069c690358554c94
18c8f247211ff2a159d3f6ea,2. Bundesliga,2022/2023,DEVELOPMENT,2023-05-28,14:30,MATCH_KICKOFF_TIME_TIMEZONE_NOT_STATED_BY_SOURCE,,NOT_VERIFIED_DO_NOT_INFER,Hannover,Holstein Kiel,1,5,A,EVALUATION_ONLY_JOIN_AFTER_PREMATCH_FEATURE_FREEZE,2.05,4.16,3.01,EXTERNAL_HISTORICAL_MARKET_BENCHMARK,NOT_AVAILABLE,NOT_GOLDBET,7315a7bb2629481b28be56ab214f851fc75bf9b88dd6f9a2774924ad70e4de7d
f3773ad40f883603f89d4b25,2. Bundesliga,2022/2023,DEVELOPMENT,2023-05-28,14:30,MATCH_KICKOFF_TIME_TIMEZONE_NOT_STATED_BY_SOURCE,,NOT_VERIFIED_DO_NOT_INFER,Hansa Rostock,Braunschweig,2,1,H,EVALUATION_ONLY_JOIN_AFTER_PREMATCH_FEATURE_FREEZE,2.88,3.33,2.41,EXTERNAL_HISTORICAL_MARKET_BENCHMARK,NOT_AVAILABLE,NOT_GOLDBET,47ca01ede63329625ddd0749941726e585bddf720e03fc7d6a36c6043ee8d4e1
41052b21b90b92ba93f46a35,2. Bundesliga,2022/2023,DEVELOPMENT,2023-05-28,14:30,MATCH_KICKOFF_TIME_TIMEZONE_NOT_STATED_BY_SOURCE,,NOT_VERIFIED_DO_NOT_INFER,Kaiserslautern,Fortuna Dusseldorf,0,3,A,EVALUATION_ONLY_JOIN_AFTER_PREMATCH_FEATURE_FREEZE,2.2,3.74,2.94,EXTERNAL_HISTORICAL_MARKET_BENCHMARK,NOT_AVAILABLE,NOT_GOLDBET,58bdb232b98944af211fd4b9dc927fe8f191a20ccdcb007189d28ad06990f44a
b4f5d0e5f5376ce15fc8690f,2. Bundesliga,2022/2023,DEVELOPMENT,2023-05-28,14:30,MATCH_KICKOFF_TIME_TIMEZONE_NOT_STATED_BY_SOURCE,,NOT_VERIFIED_DO_NOT_INFER,Magdeburg,Bielefeld,4,0,H,EVALUATION_ONLY_JOIN_AFTER_PREMATCH_FEATURE_FREEZE,3.17,4.25,1.96,EXTERNAL_HISTORICAL_MARKET_BENCHMARK,NOT_AVAILABLE,NOT_GOLDBET,dea509d3d26fbcd85a7081d00ee9c494e375a63619406ccdbe90197e348d22c4
e08f9344543a9d9b413e7252,2. Bundesliga,2022/2023,DEVELOPMENT,2023-05-28,14:30,MATCH_KICKOFF_TIME_TIMEZONE_NOT_STATED_BY_SOURCE,,NOT_VERIFIED_DO_NOT_INFER,Paderborn,Nurnberg,0,1,A,EVALUATION_ONLY_JOIN_AFTER_PREMATCH_FEATURE_FREEZE,1.84,4.09,3.67,EXTERNAL_HISTORICAL_MARKET_BENCHMARK,NOT_AVAILABLE,NOT_GOLDBET,217bd1d15d4619001519eebe42921b8806215c726f836ed861ad086bc5cdc793
856a8eeed2b45d3336f87ab4,2. Bundesliga,2022/2023,DEVELOPMENT,2023-05-28,14:30,MATCH_KICKOFF_TIME_TIMEZONE_NOT_STATED_BY_SOURCE,,NOT_VERIFIED_DO_NOT_INFER,Regensburg,Heidenheim,2,3,A,EVALUATION_ONLY_JOIN_AFTER_PREMATCH_FEATURE_FREEZE,5.48,4.22,1.56,EXTERNAL_HISTORICAL_MARKET_BENCHMARK,NOT_AVAILABLE,NOT_GOLDBET,e3d0a7f58ff0e8eb3531ecbb6ae82517017745d72ebf488333bb41ca842bef14
ef3a4d9477036faa7fccc5ce,2. Bundesliga,2022/2023,DEVELOPMENT,2023-05-28,14:30,MATCH_KICKOFF_TIME_TIMEZONE_NOT_STATED_BY_SOURCE,,NOT_VERIFIED_DO_NOT_INFER,Sandhausen,Hamburg,0,1,A,EVALUATION_ONLY_JOIN_AFTER_PREMATCH_FEATURE_FREEZE,8.17,5.74,1.31,EXTERNAL_HISTORICAL_MARKET_BENCHMARK,NOT_AVAILABLE,NOT_GOLDBET,8efcf2b58381bc9fac608cf3f8b9983fa0defdd73676be939eb5d75997434a41
604bcbdebfe33443d3bb2154,2. Bundesliga,2022/2023,DEVELOPMENT,2023-05-28,14:30,MATCH_KICKOFF_TIME_TIMEZONE_NOT_STATED_BY_SOURCE,,NOT_VERIFIED_DO_NOT_INFER,St Pauli,Karlsruhe,1,1,D,EVALUATION_ONLY_JOIN_AFTER_PREMATCH_FEATURE_FREEZE,1.57,4.6,4.83,EXTERNAL_HISTORICAL_MARKET_BENCHMARK,NOT_AVAILABLE,NOT_GOLDBET,e7dd8dbe619f346c9755338902935ec9273b37c8ff2415b52bf58c52e7d8acc5
ea9691ddd3bf3171b264c080,2. Bundesliga,2023/2024,DEVELOPMENT,2023-07-28,19:30,MATCH_KICKOFF_TIME_TIMEZONE_NOT_STATED_BY_SOURCE,,NOT_VERIFIED_DO_NOT_INFER,Hamburg,Schalke 04,5,3,H,EVALUATION_ONLY_JOIN_AFTER_PREMATCH_FEATURE_FREEZE,2.38,3.67,2.69,EXTERNAL_HISTORICAL_MARKET_BENCHMARK,NOT_AVAILABLE,NOT_GOLDBET,4963b51d39b8023ad088487020b5b54ed5bbcc0179af3b153f2f83a83120b958
d5eeccb2108cc086045077dc,2. Bundesliga,2023/2024,DEVELOPMENT,2023-07-29,12:00,MATCH_KICKOFF_TIME_TIMEZONE_NOT_STATED_BY_SOURCE,,NOT_VERIFIED_DO_NOT_INFER,Hannover,Elversberg,2,2,D,EVALUATION_ONLY_JOIN_AFTER_PREMATCH_FEATURE_FREEZE,2,3.79,3.35,EXTERNAL_HISTORICAL_MARKET_BENCHMARK,NOT_AVAILABLE,NOT_GOLDBET,a1d60423468084434b1b48e7dd81e48e8bb3cf0ccdaa7b9a97924fd9cfb3ce59
51fcb4dd4790f152ccbb5602,2. Bundesliga,2023/2024,DEVELOPMENT,2023-07-29,12:00,MATCH_KICKOFF_TIME_TIMEZONE_NOT_STATED_BY_SOURCE,,NOT_VERIFIED_DO_NOT_INFER,Kaiserslautern,St Pauli,1,2,A,EVALUATION_ONLY_JOIN_AFTER_PREMATCH_FEATURE_FREEZE,3.05,3.14,2.41,EXTERNAL_HISTORICAL_MARKET_BENCHMARK,NOT_AVAILABLE,NOT_GOLDBET,955e5bcd59b13ed92401d2d93955f34d738a44f0295b8a09cd0b18d7463bb9c4
0694e77a761acda04f6d6ad3,2. Bundesliga,2023/2024,DEVELOPMENT,2023-07-29,12:00,MATCH_KICKOFF_TIME_TIMEZONE_NOT_STATED_BY_SOURCE,,NOT_VERIFIED_DO_NOT_INFER,Osnabruck,Karlsruhe,2,3,A,EVALUATION_ONLY_JOIN_AFTER_PREMATCH_FEATURE_FREEZE,3.03,3.66,2.18,EXTERNAL_HISTORICAL_MARKET_BENCHMARK,NOT_AVAILABLE,NOT_GOLDBET,5eac3ebc3b49a35f977c589c016c27328d8273dfeb4585be604bb2e1bf9fcb24
45f03762e1c057f3b83d1b1c,2. Bundesliga,2023/2024,DEVELOPMENT,2023-07-29,12:00,MATCH_KICKOFF_TIME_TIMEZONE_NOT_STATED_BY_SOURCE,,NOT_VERIFIED_DO_NOT_INFER,Wehen,Magdeburg,1,1,D,EVALUATION_ONLY_JOIN_AFTER_PREMATCH_FEATURE_FREEZE,2.95,3.63,2.23,EXTERNAL_HISTORICAL_MARKET_BENCHMARK,NOT_AVAILABLE,NOT_GOLDBET,439d281b3d18e023785bab0d614ac356f407ed252f71ec794922885dfa3e5968
a824c0cb06f059f5a8c6c9bb,2. Bundesliga,2023/2024,DEVELOPMENT,2023-07-29,19:30,MATCH_KICKOFF_TIME_TIMEZONE_NOT_STATED_BY_SOURCE,,NOT_VERIFIED_DO_NOT_INFER,Fortuna Dusseldorf,Hertha,1,0,H,EVALUATION_ONLY_JOIN_AFTER_PREMATCH_FEATURE_FREEZE,2.09,3.6,3.26,EXTERNAL_HISTORICAL_MARKET_BENCHMARK,NOT_AVAILABLE,NOT_GOLDBET,7378d36815b479d04c19753b1b0ea9b3d3dc42e663c859ce4b6175359614f750
f1b8169a195ec85c8d0e3e24,2. Bundesliga,2023/2024,DEVELOPMENT,2023-07-30,12:30,MATCH_KICKOFF_TIME_TIMEZONE_NOT_STATED_BY_SOURCE,,NOT_VERIFIED_DO_NOT_INFER,Braunschweig,Holstein Kiel,0,1,A,EVALUATION_ONLY_JOIN_AFTER_PREMATCH_FEATURE_FREEZE,2.4,3.58,2.73,EXTERNAL_HISTORICAL_MARKET_BENCHMARK,NOT_AVAILABLE,NOT_GOLDBET,6b615fb6fc501e86327216eadabd118a28b8c60ba15b5e69713a70dc931567da
2d5d77581463755ecfbfc0c8,2. Bundesliga,2023/2024,DEVELOPMENT,2023-07-30,12:30,MATCH_KICKOFF_TIME_TIMEZONE_NOT_STATED_BY_SOURCE,,NOT_VERIFIED_DO_NOT_INFER,Greuther Furth,Paderborn,5,0,H,EVALUATION_ONLY_JOIN_AFTER_PREMATCH_FEATURE_FREEZE,2.49,3.54,2.63,EXTERNAL_HISTORICAL_MARKET_BENCHMARK,NOT_AVAILABLE,NOT_GOLDBET,740eef0823bd378b77874a2d4424cf080844a99661726a1ab8e6d9bbbe6b0fdd
1217c81ece22548b4acb221f,2. Bundesliga,2023/2024,DEVELOPMENT,2023-07-30,12:30,MATCH_KICKOFF_TIME_TIMEZONE_NOT_STATED_BY_SOURCE,,NOT_VERIFIED_DO_NOT_INFER,Hansa Rostock,Nurnberg,2,0,H,EVALUATION_ONLY_JOIN_AFTER_PREMATCH_FEATURE_FREEZE,2.41,3.11,3.08,EXTERNAL_HISTORICAL_MARKET_BENCHMARK,NOT_AVAILABLE,NOT_GOLDBET,ac0ff6bb17fef880f1c81c8ee112aebd0fc0fe567a0b5c4389e86551b5152761
af2b494061fd3079b77832d9,2. Bundesliga,2023/2024,DEVELOPMENT,2023-08-04,17:30,MATCH_KICKOFF_TIME_TIMEZONE_NOT_STATED_BY_SOURCE,,NOT_VERIFIED_DO_NOT_INFER,Hertha,Wehen,0,1,A,EVALUATION_ONLY_JOIN_AFTER_PREMATCH_FEATURE_FREEZE,1.61,4.1,5.04,EXTERNAL_HISTORICAL_MARKET_BENCHMARK,NOT_AVAILABLE,NOT_GOLDBET,389aecb85d33c44c709441cc058f9c8121b88bf9f67de11a94ca3e7b592acf8c
3b1bdf52e61a61c6d0a3b870,2. Bundesliga,2023/2024,DEVELOPMENT,2023-08-04,17:30,MATCH_KICKOFF_TIME_TIMEZONE_NOT_STATED_BY_SOURCE,,NOT_VERIFIED_DO_NOT_INFER,Paderborn,Osnabruck,1,1,D,EVALUATION_ONLY_JOIN_AFTER_PREMATCH_FEATURE_FREEZE,1.66,4.15,4.51,EXTERNAL_HISTORICAL_MARKET_BENCHMARK,NOT_AVAILABLE,NOT_GOLDBET,f31726c925075eedb547b1a351e4b07fd0312da882059ba84e4b898daa88cfa4
52ba50c0aa0b540bf3833f95,2. Bundesliga,2023/2024,DEVELOPMENT,2023-08-05,12:00,MATCH_KICKOFF_TIME_TIMEZONE_NOT_STATED_BY_SOURCE,,NOT_VERIFIED_DO_NOT_INFER,Elversberg,Hansa Rostock,1,2,A,EVALUATION_ONLY_JOIN_AFTER_PREMATCH_FEATURE_FREEZE,2.01,3.59,3.45,EXTERNAL_HISTORICAL_MARKET_BENCHMARK,NOT_AVAILABLE,NOT_GOLDBET,afd3f78b47d463adc1d14ffd468d313c2c6cd139742a4af01bf7f208e23e8c29
f148a440d94cc88aaafcf6a9,2. Bundesliga,2023/2024,DEVELOPMENT,2023-08-05,12:00,MATCH_KICKOFF_TIME_TIMEZONE_NOT_STATED_BY_SOURCE,,NOT_VERIFIED_DO_NOT_INFER,Holstein Kiel,Greuther Furth,2,1,H,EVALUATION_ONLY_JOIN_AFTER_PREMATCH_FEATURE_FREEZE,2.66,3.69,2.4,EXTERNAL_HISTORICAL_MARKET_BENCHMARK,NOT_AVAILABLE,NOT_GOLDBET,b4d1ee175e28db029fc0ac746f8985af1a35dc4f7cb0aa165f33abf0adead8f1
a4df98ec16c901aa6b4cb224,2. Bundesliga,2023/2024,DEVELOPMENT,2023-08-05,12:00,MATCH_KICKOFF_TIME_TIMEZONE_NOT_STATED_BY_SOURCE,,NOT_VERIFIED_DO_NOT_INFER,St Pauli,Fortuna Dusseldorf,0,0,D,EVALUATION_ONLY_JOIN_AFTER_PREMATCH_FEATURE_FREEZE,1.95,3.55,3.69,EXTERNAL_HISTORICAL_MARKET_BENCHMARK,NOT_AVAILABLE,NOT_GOLDBET,a1f648ef041cd2b8510458ac8a4a85156d918372b36f609a1a3c18263373e2cf
669241007fdf9763db504f90,2. Bundesliga,2023/2024,DEVELOPMENT,2023-08-05,19:30,MATCH_KICKOFF_TIME_TIMEZONE_NOT_STATED_BY_SOURCE,,NOT_VERIFIED_DO_NOT_INFER,Schalke 04,Kaiserslautern,3,0,H,EVALUATION_ONLY_JOIN_AFTER_PREMATCH_FEATURE_FREEZE,1.86,3.64,3.97,EXTERNAL_HISTORICAL_MARKET_BENCHMARK,NOT_AVAILABLE,NOT_GOLDBET,5c449f23dbb6847a28b9b609df5bdb496800738abb78b35922ea6c7235aaf85a
7781da2df4b63caa02109c7c,2. Bundesliga,2023/2024,DEVELOPMENT,2023-08-06,12:30,MATCH_KICKOFF_TIME_TIMEZONE_NOT_STATED_BY_SOURCE,,NOT_VERIFIED_DO_NOT_INFER,Karlsruhe,Hamburg,2,2,D,EVALUATION_ONLY_JOIN_AFTER_PREMATCH_FEATURE_FREEZE,2.43,3.93,2.51,EXTERNAL_HISTORICAL_MARKET_BENCHMARK,NOT_AVAILABLE,NOT_GOLDBET,cc133d1551bab90f602083f72e61bb3a08e0ae54f00d661f1f9a2eaeeb5b5d62
2ebdccd41ff60e11dba6c2b9,2. Bundesliga,2023/2024,DEVELOPMENT,2023-08-06,12:30,MATCH_KICKOFF_TIME_TIMEZONE_NOT_STATED_BY_SOURCE,,NOT_VERIFIED_DO_NOT_INFER,Magdeburg,Braunschweig,2,1,H,EVALUATION_ONLY_JOIN_AFTER_PREMATCH_FEATURE_FREEZE,1.73,3.92,4.33,EXTERNAL_HISTORICAL_MARKET_BENCHMARK,NOT_AVAILABLE,NOT_GOLDBET,a51239b5874460b4e5767238e92668512e6f60f660a11369616ee14c1ca5f91f
df2d276d5cd4668df0c75bfe,2. Bundesliga,2023/2024,DEVELOPMENT,2023-08-06,12:30,MATCH_KICKOFF_TIME_TIMEZONE_NOT_STATED_BY_SOURCE,,NOT_VERIFIED_DO_NOT_INFER,Nurnberg,Hannover,2,2,D,EVALUATION_ONLY_JOIN_AFTER_PREMATCH_FEATURE_FREEZE,2.38,3.34,2.9,EXTERNAL_HISTORICAL_MARKET_BENCHMARK,NOT_AVAILABLE,NOT_GOLDBET,4028a337533e6323c78234ab323df83e7a86a0144b18aab605045f0e695afd78
dc87e0b518d00fe65dc239f1,2. Bundesliga,2023/2024,DEVELOPMENT,2023-08-18,17:30,MATCH_KICKOFF_TIME_TIMEZONE_NOT_STATED_BY_SOURCE,,NOT_VERIFIED_DO_NOT_INFER,Kaiserslautern,Elversberg,3,2,H,EVALUATION_ONLY_JOIN_AFTER_PREMATCH_FEATURE_FREEZE,2.19,3.56,3.06,EXTERNAL_HISTORICAL_MARKET_BENCHMARK,NOT_AVAILABLE,NOT_GOLDBET,d6200e2df8066f6d39b0aafb1d9510f9bbeb50177702edfc5b8e93ef0550249e
dd1fc7baae2253dec373faa7,2. Bundesliga,2023/2024,DEVELOPMENT,2023-08-18,17:30,MATCH_KICKOFF_TIME_TIMEZONE_NOT_STATED_BY_SOURCE,,NOT_VERIFIED_DO_NOT_INFER,Wehen,Karlsruhe,1,0,H,EVALUATION_ONLY_JOIN_AFTER_PREMATCH_FEATURE_FREEZE,2.74,3.55,2.39,EXTERNAL_HISTORICAL_MARKET_BENCHMARK,NOT_AVAILABLE,NOT_GOLDBET,70fcb9ea64f7725093d5897af1944b7740c2206fe18fc0f4ec06da139855e85c
eb22a8a7577d05f5a5957d67,2. Bundesliga,2023/2024,DEVELOPMENT,2023-08-19,12:00,MATCH_KICKOFF_TIME_TIMEZONE_NOT_STATED_BY_SOURCE,,NOT_VERIFIED_DO_NOT_INFER,Fortuna Dusseldorf,Paderborn,1,2,A,EVALUATION_ONLY_JOIN_AFTER_PREMATCH_FEATURE_FREEZE,1.97,3.75,3.45,EXTERNAL_HISTORICAL_MARKET_BENCHMARK,NOT_AVAILABLE,NOT_GOLDBET,cd0cf1fd8c6b9a931bc2b89edff77f81c423f423102155c282d9a1a194609b59
95f52496d21b62bf10efa5f8,2. Bundesliga,2023/2024,DEVELOPMENT,2023-08-19,12:00,MATCH_KICKOFF_TIME_TIMEZONE_NOT_STATED_BY_SOURCE,,NOT_VERIFIED_DO_NOT_INFER,Greuther Furth,St Pauli,0,0,D,EVALUATION_ONLY_JOIN_AFTER_PREMATCH_FEATURE_FREEZE,2.44,3.41,2.76,EXTERNAL_HISTORICAL_MARKET_BENCHMARK,NOT_AVAILABLE,NOT_GOLDBET,2807a08f25577c96c48dcd0033a8c61c0c5bab0e111349e42e2b19ad4b2742e3
cbd9265e952bb0c8ffde38d6,2. Bundesliga,2023/2024,DEVELOPMENT,2023-08-19,12:00,MATCH_KICKOFF_TIME_TIMEZONE_NOT_STATED_BY_SOURCE,,NOT_VERIFIED_DO_NOT_INFER,Hansa Rostock,Hannover,1,2,A,EVALUATION_ONLY_JOIN_AFTER_PREMATCH_FEATURE_FREEZE,2.42,3.4,2.79,EXTERNAL_HISTORICAL_MARKET_BENCHMARK,NOT_AVAILABLE,NOT_GOLDBET,7ddf3e54a1608773d10db90ab791e19f22fa7a9bbbbccc25a36d8bb44822162b
ac48c732fc2c382e2e941f4e,2. Bundesliga,2023/2024,DEVELOPMENT,2023-08-19,19:30,MATCH_KICKOFF_TIME_TIMEZONE_NOT_STATED_BY_SOURCE,,NOT_VERIFIED_DO_NOT_INFER,Hamburg,Hertha,3,0,H,EVALUATION_ONLY_JOIN_AFTER_PREMATCH_FEATURE_FREEZE,1.71,4.24,4.14,EXTERNAL_HISTORICAL_MARKET_BENCHMARK,NOT_AVAILABLE,NOT_GOLDBET,7102ae57d43b48caf69091b774b41006da5b7f62b88ec676401b9e1f4bcef12a
b66f88272dd788c4211c6947,2. Bundesliga,2023/2024,DEVELOPMENT,2023-08-20,12:30,MATCH_KICKOFF_TIME_TIMEZONE_NOT_STATED_BY_SOURCE,,NOT_VERIFIED_DO_NOT_INFER,Braunschweig,Schalke 04,1,0,H,EVALUATION_ONLY_JOIN_AFTER_PREMATCH_FEATURE_FREEZE,3.23,3.65,2.08,EXTERNAL_HISTORICAL_MARKET_BENCHMARK,NOT_AVAILABLE,NOT_GOLDBET,bb43802f043d582552b3664aca40bee85f8cfa06099eeadf882da18d0792d8c9
bf50f911bdea3ee186e11b72,2. Bundesliga,2023/2024,DEVELOPMENT,2023-08-20,12:30,MATCH_KICKOFF_TIME_TIMEZONE_NOT_STATED_BY_SOURCE,,NOT_VERIFIED_DO_NOT_INFER,Holstein Kiel,Magdeburg,2,4,A,EVALUATION_ONLY_JOIN_AFTER_PREMATCH_FEATURE_FREEZE,2.31,3.79,2.74,EXTERNAL_HISTORICAL_MARKET_BENCHMARK,NOT_AVAILABLE,NOT_GOLDBET,ccfdf51f9700ac3e7f9688e1316b1b7ab11f55751bc723a0df35acb9bed2cf3b
161f5abd148f8d6a96e8977d,2. Bundesliga,2023/2024,DEVELOPMENT,2023-08-20,12:30,MATCH_KICKOFF_TIME_TIMEZONE_NOT_STATED_BY_SOURCE,,NOT_VERIFIED_DO_NOT_INFER,Osnabruck,Nurnberg,2,3,A,EVALUATION_ONLY_JOIN_AFTER_PREMATCH_FEATURE_FREEZE,2.22,3.46,3.08,EXTERNAL_HISTORICAL_MARKET_BENCHMARK,NOT_AVAILABLE,NOT_GOLDBET,e975fd47c7be0029aa4298be0dfbb0643ec955d8d005f9697ca90f922ab2e60e
d085db7b4cee4c0cbe5994aa,2. Bundesliga,2023/2024,DEVELOPMENT,2023-08-25,17:30,MATCH_KICKOFF_TIME_TIMEZONE_NOT_STATED_BY_SOURCE,,NOT_VERIFIED_DO_NOT_INFER,Paderborn,Kaiserslautern,1,2,A,EVALUATION_ONLY_JOIN_AFTER_PREMATCH_FEATURE_FREEZE,2.13,3.62,3.17,EXTERNAL_HISTORICAL_MARKET_BENCHMARK,NOT_AVAILABLE,NOT_GOLDBET,d15ee62fb62a5f0081b67b9bf81210901956708afefbf9b1f20128174ae24496
63dd0430357d86323a65059e,2. Bundesliga,2023/2024,DEVELOPMENT,2023-08-25,17:30,MATCH_KICKOFF_TIME_TIMEZONE_NOT_STATED_BY_SOURCE,,NOT_VERIFIED_DO_NOT_INFER,Schalke 04,Holstein Kiel,0,2,A,EVALUATION_ONLY_JOIN_AFTER_PREMATCH_FEATURE_FREEZE,2,3.96,3.26,EXTERNAL_HISTORICAL_MARKET_BENCHMARK,NOT_AVAILABLE,NOT_GOLDBET,6cc54165e69433dbce061db2440fb3f47d14955e26919da40643973d30dc7f09
568d044edbac0a359a6434c1,2. Bundesliga,2023/2024,DEVELOPMENT,2023-08-26,12:00,MATCH_KICKOFF_TIME_TIMEZONE_NOT_STATED_BY_SOURCE,,NOT_VERIFIED_DO_NOT_INFER,Elversberg,Fortuna Dusseldorf,0,5,A,EVALUATION_ONLY_JOIN_AFTER_PREMATCH_FEATURE_FREEZE,2.72,3.69,2.37,EXTERNAL_HISTORICAL_MARKET_BENCHMARK,NOT_AVAILABLE,NOT_GOLDBET,0636bd663579e78963e965ad9cbd8df309837f9e0234ac3bc540ede041ff961f
8bcc05856f9ecb185ce467fd,2. Bundesliga,2023/2024,DEVELOPMENT,2023-08-26,12:00,MATCH_KICKOFF_TIME_TIMEZONE_NOT_STATED_BY_SOURCE,,NOT_VERIFIED_DO_NOT_INFER,Hansa Rostock,Osnabruck,2,1,H,EVALUATION_ONLY_JOIN_AFTER_PREMATCH_FEATURE_FREEZE,2.11,3.49,3.35,EXTERNAL_HISTORICAL_MARKET_BENCHMARK,NOT_AVAILABLE,NOT_GOLDBET,d2255b497b38d4c86557eac02fa0c62d5e2546f0d3837d3d0766c99be0ea02fa
9035fd8aa6fa4500b58c40e5,2. Bundesliga,2023/2024,DEVELOPMENT,2023-08-26,12:00,MATCH_KICKOFF_TIME_TIMEZONE_NOT_STATED_BY_SOURCE,,NOT_VERIFIED_DO_NOT_INFER,Hertha,Greuther Furth,5,0,H,EVALUATION_ONLY_JOIN_AFTER_PREMATCH_FEATURE_FREEZE,2.36,3.49,2.85,EXTERNAL_HISTORICAL_MARKET_BENCHMARK,NOT_AVAILABLE,NOT_GOLDBET,264cd74b6f08bb6c2fcac95302d5b6988d593e0fabe036dccae6db4106a03ca7
b086ec29e13a478f2318e8dd,2. Bundesliga,2023/2024,DEVELOPMENT,2023-08-26,19:30,MATCH_KICKOFF_TIME_TIMEZONE_NOT_STATED_BY_SOURCE,,NOT_VERIFIED_DO_NOT_INFER,Hannover,Hamburg,0,1,A,EVALUATION_ONLY_JOIN_AFTER_PREMATCH_FEATURE_FREEZE,3.27,3.99,1.98,EXTERNAL_HISTORICAL_MARKET_BENCHMARK,NOT_AVAILABLE,NOT_GOLDBET,5a1f3f3fdc71d0a2e4906346e315e1fd87925471ecfc887333cb810dfb716d7e
67342d6a1ff16ecc0c6d773c,2. Bundesliga,2023/2024,DEVELOPMENT,2023-08-27,12:30,MATCH_KICKOFF_TIME_TIMEZONE_NOT_STATED_BY_SOURCE,,NOT_VERIFIED_DO_NOT_INFER,Karlsruhe,Braunschweig,2,0,H,EVALUATION_ONLY_JOIN_AFTER_PREMATCH_FEATURE_FREEZE,1.81,3.99,3.92,EXTERNAL_HISTORICAL_MARKET_BENCHMARK,NOT_AVAILABLE,NOT_GOLDBET,cfe8178d3b6b50704a00410f42681f14192ab1fa69a057113844281510772dd3
c7a9423c6a093b39159bbfbc,2. Bundesliga,2023/2024,DEVELOPMENT,2023-08-27,12:30,MATCH_KICKOFF_TIME_TIMEZONE_NOT_STATED_BY_SOURCE,,NOT_VERIFIED_DO_NOT_INFER,Nurnberg,Wehen,2,1,H,EVALUATION_ONLY_JOIN_AFTER_PREMATCH_FEATURE_FREEZE,1.99,3.62,3.55,EXTERNAL_HISTORICAL_MARKET_BENCHMARK,NOT_AVAILABLE,NOT_GOLDBET,7f9f9c2d9eccd4a8218622b429234dacd22cbb1d8b6f26956ddc198005b2bbdf
bdb2488009acad2b227a1321,2. Bundesliga,2023/2024,DEVELOPMENT,2023-08-27,12:30,MATCH_KICKOFF_TIME_TIMEZONE_NOT_STATED_BY_SOURCE,,NOT_VERIFIED_DO_NOT_INFER,St Pauli,Magdeburg,0,0,D,EVALUATION_ONLY_JOIN_AFTER_PREMATCH_FEATURE_FREEZE,1.82,3.93,3.89,EXTERNAL_HISTORICAL_MARKET_BENCHMARK,NOT_AVAILABLE,NOT_GOLDBET,84ed44ebf7af1e4463630787f5d8a6b25beaa40902d2963788966e1e7be32ee0
42efacb367b1ce24e7efbd59,2. Bundesliga,2023/2024,DEVELOPMENT,2023-09-01,17:30,MATCH_KICKOFF_TIME_TIMEZONE_NOT_STATED_BY_SOURCE,,NOT_VERIFIED_DO_NOT_INFER,Braunschweig,St Pauli,1,1,D,EVALUATION_ONLY_JOIN_AFTER_PREMATCH_FEATURE_FREEZE,4.06,3.65,1.85,EXTERNAL_HISTORICAL_MARKET_BENCHMARK,NOT_AVAILABLE,NOT_GOLDBET,dadc3387dd4760891ca473a594fd4bc0f92fdbbf348c9beeeee25bf3d07492cb
ad12461d63199ba911e6a29c,2. Bundesliga,2023/2024,DEVELOPMENT,2023-09-01,17:30,MATCH_KICKOFF_TIME_TIMEZONE_NOT_STATED_BY_SOURCE,,NOT_VERIFIED_DO_NOT_INFER,Fortuna Dusseldorf,Karlsruhe,3,1,H,EVALUATION_ONLY_JOIN_AFTER_PREMATCH_FEATURE_FREEZE,2.33,3.65,2.8,EXTERNAL_HISTORICAL_MARKET_BENCHMARK,NOT_AVAILABLE,NOT_GOLDBET,25ea41aac04b1520fc2c6a8f50ebaf2461775c6b5e526c1aad2d79869278bcbf
289316bb24d08706b878c70d,2. Bundesliga,2023/2024,DEVELOPMENT,2023-09-02,12:00,MATCH_KICKOFF_TIME_TIMEZONE_NOT_STATED_BY_SOURCE,,NOT_VERIFIED_DO_NOT_INFER,Holstein Kiel,Paderborn,2,1,H,EVALUATION_ONLY_JOIN_AFTER_PREMATCH_FEATURE_FREEZE,2.22,3.79,2.9,EXTERNAL_HISTORICAL_MARKET_BENCHMARK,NOT_AVAILABLE,NOT_GOLDBET,762b63c433ae54e8020a1df37027f0a7c609cb580bc25adc70f08024a89a34b6
5ead9409fced0797e6d09975,2. Bundesliga,2023/2024,DEVELOPMENT,2023-09-02,12:00,MATCH_KICKOFF_TIME_TIMEZONE_NOT_STATED_BY_SOURCE,,NOT_VERIFIED_DO_NOT_INFER,Magdeburg,Hertha,6,4,H,EVALUATION_ONLY_JOIN_AFTER_PREMATCH_FEATURE_FREEZE,2.68,3.72,2.39,EXTERNAL_HISTORICAL_MARKET_BENCHMARK,NOT_AVAILABLE,NOT_GOLDBET,ef328801443affe82f5a9f41a8f59e10c5ac7f92e9eaf8190e6b87d7f5711e96
634be31d57c0ebd35c6a9602,2. Bundesliga,2023/2024,DEVELOPMENT,2023-09-02,12:00,MATCH_KICKOFF_TIME_TIMEZONE_NOT_STATED_BY_SOURCE,,NOT_VERIFIED_DO_NOT_INFER,Wehen,Schalke 04,1,1,D,EVALUATION_ONLY_JOIN_AFTER_PREMATCH_FEATURE_FREEZE,2.93,3.64,2.25,EXTERNAL_HISTORICAL_MARKET_BENCHMARK,NOT_AVAILABLE,NOT_GOLDBET,d7a72e3b638738139100007ce98fb2c3e35ab24484c026d6b2909486d5aae7d0
45b435c1261af71b86bee562,2. Bundesliga,2023/2024,DEVELOPMENT,2023-09-02,19:30,MATCH_KICKOFF_TIME_TIMEZONE_NOT_STATED_BY_SOURCE,,NOT_VERIFIED_DO_NOT_INFER,Kaiserslautern,Nurnberg,3,1,H,EVALUATION_ONLY_JOIN_AFTER_PREMATCH_FEATURE_FREEZE,2.09,3.48,3.4,EXTERNAL_HISTORICAL_MARKET_BENCHMARK,NOT_AVAILABLE,NOT_GOLDBET,71b89a5898b98728cb9b22b113dc817dbd4bb5e8e728851bafdcab429d42f50b
9bd5404e0b785218cdc40e8c,2. Bundesliga,2023/2024,DEVELOPMENT,2023-09-03,12:30,MATCH_KICKOFF_TIME_TIMEZONE_NOT_STATED_BY_SOURCE,,NOT_VERIFIED_DO_NOT_INFER,Greuther Furth,Hannover,1,3,A,EVALUATION_ONLY_JOIN_AFTER_PREMATCH_FEATURE_FREEZE,1.95,3.69,3.6,EXTERNAL_HISTORICAL_MARKET_BENCHMARK,NOT_AVAILABLE,NOT_GOLDBET,6aeee48748d202c4ad50f59c71e8f448f700c678eea9197f240cc28b5d8f516e
4f8364e98c0e236c47f74929,2. Bundesliga,2023/2024,DEVELOPMENT,2023-09-03,12:30,MATCH_KICKOFF_TIME_TIMEZONE_NOT_STATED_BY_SOURCE,,NOT_VERIFIED_DO_NOT_INFER,Hamburg,Hansa Rostock,2,0,H,EVALUATION_ONLY_JOIN_AFTER_PREMATCH_FEATURE_FREEZE,1.46,4.68,6.08,EXTERNAL_HISTORICAL_MARKET_BENCHMARK,NOT_AVAILABLE,NOT_GOLDBET,81c4297486da05631595cf65917079ac5f1d01bea929c9efc11c4fe77e59ab34
5f19629f5829e099885aaa63,2. Bundesliga,2023/2024,DEVELOPMENT,2023-09-03,12:30,MATCH_KICKOFF_TIME_TIMEZONE_NOT_STATED_BY_SOURCE,,NOT_VERIFIED_DO_NOT_INFER,Osnabruck,Elversberg,0,1,A,EVALUATION_ONLY_JOIN_AFTER_PREMATCH_FEATURE_FREEZE,2.26,3.8,2.78,EXTERNAL_HISTORICAL_MARKET_BENCHMARK,NOT_AVAILABLE,NOT_GOLDBET,c948ae81414f1ba44dd944f9fd9145403500bf68d2f3aa6cb0f3a78feabe24a5
55913a940bace953157fa26c,2. Bundesliga,2023/2024,DEVELOPMENT,2023-09-15,17:30,MATCH_KICKOFF_TIME_TIMEZONE_NOT_STATED_BY_SOURCE,,NOT_VERIFIED_DO_NOT_INFER,Nurnberg,Greuther Furth,1,1,D,EVALUATION_ONLY_JOIN_AFTER_PREMATCH_FEATURE_FREEZE,2.54,3.51,2.64,EXTERNAL_HISTORICAL_MARKET_BENCHMARK,NOT_AVAILABLE,NOT_GOLDBET,2b5c86463186154dca8ab00d4c15c39c9f1034b216349b54970d041bc0645c04
7aad93e6a42902339c004325,2. Bundesliga,2023/2024,DEVELOPMENT,2023-09-15,17:30,MATCH_KICKOFF_TIME_TIMEZONE_NOT_STATED_BY_SOURCE,,NOT_VERIFIED_DO_NOT_INFER,Paderborn,Wehen,2,1,H,EVALUATION_ONLY_JOIN_AFTER_PREMATCH_FEATURE_FREEZE,1.85,3.83,3.92,EXTERNAL_HISTORICAL_MARKET_BENCHMARK,NOT_AVAILABLE,NOT_GOLDBET,74ef8e11f43c9e34a9aa6d269f3e3292b6aa24b9b5e30a33784875d04c3a498e
ce7c7ba3b09c5744ce5014d9,2. Bundesliga,2023/2024,DEVELOPMENT,2023-09-16,12:00,MATCH_KICKOFF_TIME_TIMEZONE_NOT_STATED_BY_SOURCE,,NOT_VERIFIED_DO_NOT_INFER,Elversberg,Hamburg,2,1,H,EVALUATION_ONLY_JOIN_AFTER_PREMATCH_FEATURE_FREEZE,3.65,4.11,1.85,EXTERNAL_HISTORICAL_MARKET_BENCHMARK,NOT_AVAILABLE,NOT_GOLDBET,2e2ff2d02187ae8015db333778349a63225922b30689c8d42d0a570e3ec2b352
f169ce59dd70ffe7b31c9720,2. Bundesliga,2023/2024,DEVELOPMENT,2023-09-16,12:00,MATCH_KICKOFF_TIME_TIMEZONE_NOT_STATED_BY_SOURCE,,NOT_VERIFIED_DO_NOT_INFER,Hansa Rostock,Fortuna Dusseldorf,1,3,A,EVALUATION_ONLY_JOIN_AFTER_PREMATCH_FEATURE_FREEZE,3.17,3.36,2.24,EXTERNAL_HISTORICAL_MARKET_BENCHMARK,NOT_AVAILABLE,NOT_GOLDBET,19f8f2e4b8ebc614b2a24a32466a102ab36306e1cfa11b21098e39659eec4522
c77695e0c7403637a8262e81,2. Bundesliga,2023/2024,DEVELOPMENT,2023-09-16,12:00,MATCH_KICKOFF_TIME_TIMEZONE_NOT_STATED_BY_SOURCE,,NOT_VERIFIED_DO_NOT_INFER,Karlsruhe,Kaiserslautern,1,1,D,EVALUATION_ONLY_JOIN_AFTER_PREMATCH_FEATURE_FREEZE,1.98,3.63,3.56,EXTERNAL_HISTORICAL_MARKET_BENCHMARK,NOT_AVAILABLE,NOT_GOLDBET,090c318ce528306837d9825e8bc80e57195f8880efb3c0d7d1a5f83bb9d52e71
0ab11bea1d0cdf477688d4ba,2. Bundesliga,2023/2024,DEVELOPMENT,2023-09-16,19:30,MATCH_KICKOFF_TIME_TIMEZONE_NOT_STATED_BY_SOURCE,,NOT_VERIFIED_DO_NOT_INFER,Schalke 04,Magdeburg,4,3,H,EVALUATION_ONLY_JOIN_AFTER_PREMATCH_FEATURE_FREEZE,2.04,3.82,3.24,EXTERNAL_HISTORICAL_MARKET_BENCHMARK,NOT_AVAILABLE,NOT_GOLDBET,210594ff043749b1c5ed9e664c4a5a1f5e95bbc9c4243cc53b0e3f5d714867a2
4c6eb62a723af231f4434db0,2. Bundesliga,2023/2024,DEVELOPMENT,2023-09-17,12:30,MATCH_KICKOFF_TIME_TIMEZONE_NOT_STATED_BY_SOURCE,,NOT_VERIFIED_DO_NOT_INFER,Hannover,Osnabruck,7,0,H,EVALUATION_ONLY_JOIN_AFTER_PREMATCH_FEATURE_FREEZE,1.83,3.88,3.9,EXTERNAL_HISTORICAL_MARKET_BENCHMARK,NOT_AVAILABLE,NOT_GOLDBET,9ac3d751fbbccf3a61e8f3afb75ec3c63105e45c3b507a62b1a613e0e12440b7
74cba002d7bae7cae8c8f6ec,2. Bundesliga,2023/2024,DEVELOPMENT,2023-09-17,12:30,MATCH_KICKOFF_TIME_TIMEZONE_NOT_STATED_BY_SOURCE,,NOT_VERIFIED_DO_NOT_INFER,Hertha,Braunschweig,3,0,H,EVALUATION_ONLY_JOIN_AFTER_PREMATCH_FEATURE_FREEZE,1.72,4.04,4.37,EXTERNAL_HISTORICAL_MARKET_BENCHMARK,NOT_AVAILABLE,NOT_GOLDBET,2e8647a3b2418a34b2425be7a00f44818aaea41c0a1c57470941290e1c4c07ed
4b34a543999085f54de1778a,2. Bundesliga,2023/2024,DEVELOPMENT,2023-09-17,12:30,MATCH_KICKOFF_TIME_TIMEZONE_NOT_STATED_BY_SOURCE,,NOT_VERIFIED_DO_NOT_INFER,St Pauli,Holstein Kiel,5,1,H,EVALUATION_ONLY_JOIN_AFTER_PREMATCH_FEATURE_FREEZE,1.9,3.65,3.84,EXTERNAL_HISTORICAL_MARKET_BENCHMARK,NOT_AVAILABLE,NOT_GOLDBET,ae46c27c65ac34afce3512954237a50ec5aaedb4bff04ae0bbd7073752d6a03e
d84f3431a1e6b0b4338ad218,2. Bundesliga,2023/2024,DEVELOPMENT,2023-09-22,17:30,MATCH_KICKOFF_TIME_TIMEZONE_NOT_STATED_BY_SOURCE,,NOT_VERIFIED_DO_NOT_INFER,Magdeburg,Paderborn,1,1,D,EVALUATION_ONLY_JOIN_AFTER_PREMATCH_FEATURE_FREEZE,2.12,3.93,2.98,EXTERNAL_HISTORICAL_MARKET_BENCHMARK,NOT_AVAILABLE,NOT_GOLDBET,bb41cc392a6c98e2e8b507dd38dde876fa3b14bef94ab392f90b021449882004
ee6d597ea5d2f23b47018afe,2. Bundesliga,2023/2024,DEVELOPMENT,2023-09-22,17:30,MATCH_KICKOFF_TIME_TIMEZONE_NOT_STATED_BY_SOURCE,,NOT_VERIFIED_DO_NOT_INFER,Osnabruck,Hamburg,2,1,H,EVALUATION_ONLY_JOIN_AFTER_PREMATCH_FEATURE_FREEZE,4.56,4.5,1.61,EXTERNAL_HISTORICAL_MARKET_BENCHMARK,NOT_AVAILABLE,NOT_GOLDBET,cc7105b657aebb2ea95d67da774c7f9ec1745028284f9a77b19ac566f3883116
18ac8f03031f0a6fbcad971c,2. Bundesliga,2023/2024,DEVELOPMENT,2023-09-23,12:00,MATCH_KICKOFF_TIME_TIMEZONE_NOT_STATED_BY_SOURCE,,NOT_VERIFIED_DO_NOT_INFER,Braunschweig,Nurnberg,2,2,D,EVALUATION_ONLY_JOIN_AFTER_PREMATCH_FEATURE_FREEZE,2.64,3.52,2.52,EXTERNAL_HISTORICAL_MARKET_BENCHMARK,NOT_AVAILABLE,NOT_GOLDBET,65c27a5eea49c440be487949f4e8bc11805990f933eb8addffeb5b39740753af
dfb211d0c48acdf665d69d1c,2. Bundesliga,2023/2024,DEVELOPMENT,2023-09-23,12:00,MATCH_KICKOFF_TIME_TIMEZONE_NOT_STATED_BY_SOURCE,,NOT_VERIFIED_DO_NOT_INFER,Greuther Furth,Karlsruhe,4,3,H,EVALUATION_ONLY_JOIN_AFTER_PREMATCH_FEATURE_FREEZE,2.32,3.65,2.81,EXTERNAL_HISTORICAL_MARKET_BENCHMARK,NOT_AVAILABLE,NOT_GOLDBET,76680a5eb24302b1dc6207489a63a7378935d20f8ec0630b45c6510a08d18cca
9fca0715af21c675dca47276,2. Bundesliga,2023/2024,DEVELOPMENT,2023-09-23,12:00,MATCH_KICKOFF_TIME_TIMEZONE_NOT_STATED_BY_SOURCE,,NOT_VERIFIED_DO_NOT_INFER,Wehen,Elversberg,0,2,A,EVALUATION_ONLY_JOIN_AFTER_PREMATCH_FEATURE_FREEZE,2.51,3.66,2.57,EXTERNAL_HISTORICAL_MARKET_BENCHMARK,NOT_AVAILABLE,NOT_GOLDBET,dff44c107515338115df3bb1023363c6c489f733930f4ef69b9a1dc11315167d
6736cdb9c633a14666842563,2. Bundesliga,2023/2024,DEVELOPMENT,2023-09-23,19:30,MATCH_KICKOFF_TIME_TIMEZONE_NOT_STATED_BY_SOURCE,,NOT_VERIFIED_DO_NOT_INFER,St Pauli,Schalke 04,3,1,H,EVALUATION_ONLY_JOIN_AFTER_PREMATCH_FEATURE_FREEZE,1.84,3.68,4.04,EXTERNAL_HISTORICAL_MARKET_BENCHMARK,NOT_AVAILABLE,NOT_GOLDBET,ce75729560aee3cdd664af254900b15fa384f57d12fcb0631e0a1f5b733a4955
bc454dbfc83f73bb9f432660,2. Bundesliga,2023/2024,DEVELOPMENT,2023-09-24,12:30,MATCH_KICKOFF_TIME_TIMEZONE_NOT_STATED_BY_SOURCE,,NOT_VERIFIED_DO_NOT_INFER,Fortuna Dusseldorf,Hannover,1,1,D,EVALUATION_ONLY_JOIN_AFTER_PREMATCH_FEATURE_FREEZE,1.94,3.8,3.59,EXTERNAL_HISTORICAL_MARKET_BENCHMARK,NOT_AVAILABLE,NOT_GOLDBET,b1ca938c84492d5695fc8354284cfd420abab5cd14d8cad22a64c9f8eebf8aea
71cefe8e84d7848a075befb7,2. Bundesliga,2023/2024,DEVELOPMENT,2023-09-24,12:30,MATCH_KICKOFF_TIME_TIMEZONE_NOT_STATED_BY_SOURCE,,NOT_VERIFIED_DO_NOT_INFER,Holstein Kiel,Hertha,2,3,A,EVALUATION_ONLY_JOIN_AFTER_PREMATCH_FEATURE_FREEZE,2.24,3.78,2.87,EXTERNAL_HISTORICAL_MARKET_BENCHMARK,NOT_AVAILABLE,NOT_GOLDBET,50743a53d90ca8caad5b74bc35da99031a3fda17394940c9ed7ac41b871995dc
667986181075c6ccb768d6d2,2. Bundesliga,2023/2024,DEVELOPMENT,2023-09-24,12:30,MATCH_KICKOFF_TIME_TIMEZONE_NOT_STATED_BY_SOURCE,,NOT_VERIFIED_DO_NOT_INFER,Kaiserslautern,Hansa Rostock,3,1,H,EVALUATION_ONLY_JOIN_AFTER_PREMATCH_FEATURE_FREEZE,2.07,3.34,3.64,EXTERNAL_HISTORICAL_MARKET_BENCHMARK,NOT_AVAILABLE,NOT_GOLDBET,762d644fba25f1e1280a760f38b909b7400d4cbbb00335491ca1e183f418d528
572186597cb6463e4937a201,2. Bundesliga,2023/2024,DEVELOPMENT,2023-09-29,17:30,MATCH_KICKOFF_TIME_TIMEZONE_NOT_STATED_BY_SOURCE,,NOT_VERIFIED_DO_NOT_INFER,Hamburg,Fortuna Dusseldorf,1,0,H,EVALUATION_ONLY_JOIN_AFTER_PREMATCH_FEATURE_FREEZE,1.96,3.99,3.35,EXTERNAL_HISTORICAL_MARKET_BENCHMARK,NOT_AVAILABLE,NOT_GOLDBET,19e825722179511b4fbf6aa47743331a0039cd18bd732703aca8ad66e6f0d157
8f0142767ba7fe4b42a5a5ff,2. Bundesliga,2023/2024,DEVELOPMENT,2023-09-29,17:30,MATCH_KICKOFF_TIME_TIMEZONE_NOT_STATED_BY_SOURCE,,NOT_VERIFIED_DO_NOT_INFER,Paderborn,Schalke 04,3,1,H,EVALUATION_ONLY_JOIN_AFTER_PREMATCH_FEATURE_FREEZE,2.16,3.83,2.98,EXTERNAL_HISTORICAL_MARKET_BENCHMARK,NOT_AVAILABLE,NOT_GOLDBET,49046e5199551d4caf542067b6cda3cd785de82ab0b39dc5ce1f64a4973c63c1
2ea53655589ab620aa1d2f31,2. Bundesliga,2023/2024,DEVELOPMENT,2023-09-30,12:00,MATCH_KICKOFF_TIME_TIMEZONE_NOT_STATED_BY_SOURCE,,NOT_VERIFIED_DO_NOT_INFER,Hannover,Wehen,2,0,H,EVALUATION_ONLY_JOIN_AFTER_PREMATCH_FEATURE_FREEZE,1.7,4.05,4.47,EXTERNAL_HISTORICAL_MARKET_BENCHMARK,NOT_AVAILABLE,NOT_GOLDBET,7266e29ef3cab7f5d7a195846783917add59387b4266d2984700c69b73fc122a
b1813799c47242b3f37fc876,2. Bundesliga,2023/2024,DEVELOPMENT,2023-09-30,12:00,MATCH_KICKOFF_TIME_TIMEZONE_NOT_STATED_BY_SOURCE,,NOT_VERIFIED_DO_NOT_INFER,Hansa Rostock,Braunschweig,1,0,H,EVALUATION_ONLY_JOIN_AFTER_PREMATCH_FEATURE_FREEZE,2.14,3.5,3.27,EXTERNAL_HISTORICAL_MARKET_BENCHMARK,NOT_AVAILABLE,NOT_GOLDBET,4182122e24acdfba346b6033b2248f0bec1f0deafc8109e30e3307823b0abd8a
71426e09d22ddafb213ed09d,2. Bundesliga,2023/2024,DEVELOPMENT,2023-09-30,12:00,MATCH_KICKOFF_TIME_TIMEZONE_NOT_STATED_BY_SOURCE,,NOT_VERIFIED_DO_NOT_INFER,Karlsruhe,Holstein Kiel,0,2,A,EVALUATION_ONLY_JOIN_AFTER_PREMATCH_FEATURE_FREEZE,1.82,4.1,3.79,EXTERNAL_HISTORICAL_MARKET_BENCHMARK,NOT_AVAILABLE,NOT_GOLDBET,8140b70cae58fb58213e9f9861892b09bc44034ab117567497bf53932a3025a7
7934a9e1f6f73698eed09e6e,2. Bundesliga,2023/2024,DEVELOPMENT,2023-09-30,19:30,MATCH_KICKOFF_TIME_TIMEZONE_NOT_STATED_BY_SOURCE,,NOT_VERIFIED_DO_NOT_INFER,Hertha,St Pauli,1,2,A,EVALUATION_ONLY_JOIN_AFTER_PREMATCH_FEATURE_FREEZE,2.64,3.53,2.52,EXTERNAL_HISTORICAL_MARKET_BENCHMARK,NOT_AVAILABLE,NOT_GOLDBET,895966ccb97251aa841a3c545e64e8d8eca823279d762eeecb74fbd80945bacf
4428451755fbee4963115ab0,2. Bundesliga,2023/2024,DEVELOPMENT,2023-10-01,12:30,MATCH_KICKOFF_TIME_TIMEZONE_NOT_STATED_BY_SOURCE,,NOT_VERIFIED_DO_NOT_INFER,Elversberg,Greuther Furth,1,1,D,EVALUATION_ONLY_JOIN_AFTER_PREMATCH_FEATURE_FREEZE,2.39,3.63,2.75,EXTERNAL_HISTORICAL_MARKET_BENCHMARK,NOT_AVAILABLE,NOT_GOLDBET,5120298a1afb552eb8ff55182d3e51fcfb19ad659454b8b8f88438ca64967235
dab06d858145b828feea126f,2. Bundesliga,2023/2024,DEVELOPMENT,2023-10-01,12:30,MATCH_KICKOFF_TIME_TIMEZONE_NOT_STATED_BY_SOURCE,,NOT_VERIFIED_DO_NOT_INFER,Nurnberg,Magdeburg,1,0,H,EVALUATION_ONLY_JOIN_AFTER_PREMATCH_FEATURE_FREEZE,2.18,3.77,3.01,EXTERNAL_HISTORICAL_MARKET_BENCHMARK,NOT_AVAILABLE,NOT_GOLDBET,f96d50e0954486348f07e8e07b4e376b6d603126c4d575370cfd9e05661fa609
46a67c7d06b965395facd900,2. Bundesliga,2023/2024,DEVELOPMENT,2023-10-01,12:30,MATCH_KICKOFF_TIME_TIMEZONE_NOT_STATED_BY_SOURCE,,NOT_VERIFIED_DO_NOT_INFER,Osnabruck,Kaiserslautern,2,2,D,EVALUATION_ONLY_JOIN_AFTER_PREMATCH_FEATURE_FREEZE,2.6,3.55,2.56,EXTERNAL_HISTORICAL_MARKET_BENCHMARK,NOT_AVAILABLE,NOT_GOLDBET,80c9dbbc309f764b8475a19a24c7d32eb172ee5d7fbf8e5b1ddd82dfc1bf1e28
56c3e6e59a5987d41e23eec3,2. Bundesliga,2023/2024,DEVELOPMENT,2023-10-06,17:30,MATCH_KICKOFF_TIME_TIMEZONE_NOT_STATED_BY_SOURCE,,NOT_VERIFIED_DO_NOT_INFER,Fortuna Dusseldorf,Osnabruck,1,1,D,EVALUATION_ONLY_JOIN_AFTER_PREMATCH_FEATURE_FREEZE,1.57,4.47,5.01,EXTERNAL_HISTORICAL_MARKET_BENCHMARK,NOT_AVAILABLE,NOT_GOLDBET,f102290d4d5326051e4b065724d6c7d98cdb8ccd5283c710cc29d8862f292b4e
201f96f714a0f091c29c73d7,2. Bundesliga,2023/2024,DEVELOPMENT,2023-10-06,17:30,MATCH_KICKOFF_TIME_TIMEZONE_NOT_STATED_BY_SOURCE,,NOT_VERIFIED_DO_NOT_INFER,Kaiserslautern,Hannover,3,1,H,EVALUATION_ONLY_JOIN_AFTER_PREMATCH_FEATURE_FREEZE,2.24,3.56,3.04,EXTERNAL_HISTORICAL_MARKET_BENCHMARK,NOT_AVAILABLE,NOT_GOLDBET,c7bbb7a8f3eb14d5af72fc7abb6d5b70a08ed861fee59f3cda61c930e15d0fe8
2a93d753fe91ac8b84141cca,2. Bundesliga,2023/2024,DEVELOPMENT,2023-10-07,12:00,MATCH_KICKOFF_TIME_TIMEZONE_NOT_STATED_BY_SOURCE,,NOT_VERIFIED_DO_NOT_INFER,Greuther Furth,Hansa Rostock,1,0,H,EVALUATION_ONLY_JOIN_AFTER_PREMATCH_FEATURE_FREEZE,1.75,3.76,4.44,EXTERNAL_HISTORICAL_MARKET_BENCHMARK,NOT_AVAILABLE,NOT_GOLDBET,705fc5d11f6afc489eb98b16d03006f36117cda1313113784f831fd95cb9d28f
f7139a09d3a9cc7f1b014953,2. Bundesliga,2023/2024,DEVELOPMENT,2023-10-07,12:00,MATCH_KICKOFF_TIME_TIMEZONE_NOT_STATED_BY_SOURCE,,NOT_VERIFIED_DO_NOT_INFER,Magdeburg,Karlsruhe,1,1,D,EVALUATION_ONLY_JOIN_AFTER_PREMATCH_FEATURE_FREEZE,2.4,3.78,2.66,EXTERNAL_HISTORICAL_MARKET_BENCHMARK,NOT_AVAILABLE,NOT_GOLDBET,ebc2dd326e17d0804f0972045a79d92b74f567e452a5ef35e58f1e30847e6d6e
c209cffe1086f09a96ee8e05,2. Bundesliga,2023/2024,DEVELOPMENT,2023-10-07,12:00,MATCH_KICKOFF_TIME_TIMEZONE_NOT_STATED_BY_SOURCE,,NOT_VERIFIED_DO_NOT_INFER,Wehen,Hamburg,1,1,D,EVALUATION_ONLY_JOIN_AFTER_PREMATCH_FEATURE_FREEZE,4.11,4.22,1.73,EXTERNAL_HISTORICAL_MARKET_BENCHMARK,NOT_AVAILABLE,NOT_GOLDBET,5e161892ca2bb282bf8a8e96da48dae5c5e2cd94d1b095992afe2b20e77f32e8
e30010dd5ce1f660bafbc9e6,2. Bundesliga,2023/2024,DEVELOPMENT,2023-10-07,19:30,MATCH_KICKOFF_TIME_TIMEZONE_NOT_STATED_BY_SOURCE,,NOT_VERIFIED_DO_NOT_INFER,St Pauli,Nurnberg,5,1,H,EVALUATION_ONLY_JOIN_AFTER_PREMATCH_FEATURE_FREEZE,1.54,4.31,5.67,EXTERNAL_HISTORICAL_MARKET_BENCHMARK,NOT_AVAILABLE,NOT_GOLDBET,25a589e1ec737df089b0b863d6978b363451f6f4f64203cca8eb8519d963c3a3
2086a7a9ab95f9be9b73cf57,2. Bundesliga,2023/2024,DEVELOPMENT,2023-10-08,12:30,MATCH_KICKOFF_TIME_TIMEZONE_NOT_STATED_BY_SOURCE,,NOT_VERIFIED_DO_NOT_INFER,Braunschweig,Paderborn,1,3,A,EVALUATION_ONLY_JOIN_AFTER_PREMATCH_FEATURE_FREEZE,2.8,3.59,2.35,EXTERNAL_HISTORICAL_MARKET_BENCHMARK,NOT_AVAILABLE,NOT_GOLDBET,6977fcdc843a51532189f05b7ba2d27d7710270d2db412a489953d24e4575b64
794bf83660cffcc183b8c6cc,2. Bundesliga,2023/2024,DEVELOPMENT,2023-10-08,12:30,MATCH_KICKOFF_TIME_TIMEZONE_NOT_STATED_BY_SOURCE,,NOT_VERIFIED_DO_NOT_INFER,Holstein Kiel,Elversberg,1,1,D,EVALUATION_ONLY_JOIN_AFTER_PREMATCH_FEATURE_FREEZE,2.13,3.82,3.06,EXTERNAL_HISTORICAL_MARKET_BENCHMARK,NOT_AVAILABLE,NOT_GOLDBET,c3b94dde3f49c960825284d26e0f96cb0091c7ee347782acf625c09137cb4fe9
0f07df1403a062ebd25f770b,2. Bundesliga,2023/2024,DEVELOPMENT,2023-10-08,12:30,MATCH_KICKOFF_TIME_TIMEZONE_NOT_STATED_BY_SOURCE,,NOT_VERIFIED_DO_NOT_INFER,Schalke 04,Hertha,1,2,A,EVALUATION_ONLY_JOIN_AFTER_PREMATCH_FEATURE_FREEZE,2.05,3.83,3.23,EXTERNAL_HISTORICAL_MARKET_BENCHMARK,NOT_AVAILABLE,NOT_GOLDBET,4ffb09d5d078972c5d6e2ffc38996440364f534de7806a69e0185e637e19529b
b3453432e46033e97ae3ebee,2. Bundesliga,2023/2024,DEVELOPMENT,2023-10-20,17:30,MATCH_KICKOFF_TIME_TIMEZONE_NOT_STATED_BY_SOURCE,,NOT_VERIFIED_DO_NOT_INFER,Elversberg,Braunschweig,3,0,H,EVALUATION_ONLY_JOIN_AFTER_PREMATCH_FEATURE_FREEZE,1.78,4.02,4.05,EXTERNAL_HISTORICAL_MARKET_BENCHMARK,NOT_AVAILABLE,NOT_GOLDBET,15a5301a4033b5730fc053e9881a25d48cc5c7ec141b210e5c38a9a32781ec17
c7e3241cef61341608504c45,2. Bundesliga,2023/2024,DEVELOPMENT,2023-10-20,17:30,MATCH_KICKOFF_TIME_TIMEZONE_NOT_STATED_BY_SOURCE,,NOT_VERIFIED_DO_NOT_INFER,Hannover,Magdeburg,2,1,H,EVALUATION_ONLY_JOIN_AFTER_PREMATCH_FEATURE_FREEZE,2.15,3.78,3.07,EXTERNAL_HISTORICAL_MARKET_BENCHMARK,NOT_AVAILABLE,NOT_GOLDBET,62a6e56408866aa608487aa63539db8b3ef0fb34dcabeafafc6ce2a59e0ba5be
c59f88e56c272a6ce7f617f8,2. Bundesliga,2023/2024,DEVELOPMENT,2023-10-21,12:00,MATCH_KICKOFF_TIME_TIMEZONE_NOT_STATED_BY_SOURCE,,NOT_VERIFIED_DO_NOT_INFER,Hamburg,Greuther Furth,2,0,H,EVALUATION_ONLY_JOIN_AFTER_PREMATCH_FEATURE_FREEZE,1.66,4.29,4.48,EXTERNAL_HISTORICAL_MARKET_BENCHMARK,NOT_AVAILABLE,NOT_GOLDBET,c6458d9c913e921f8e6a1d9217bd43bb4b3e652e09ac73bbdfb27970b40e5f9d
56700e1d5432cce4d836cd79,2. Bundesliga,2023/2024,DEVELOPMENT,2023-10-21,12:00,MATCH_KICKOFF_TIME_TIMEZONE_NOT_STATED_BY_SOURCE,,NOT_VERIFIED_DO_NOT_INFER,Osnabruck,Wehen,0,2,A,EVALUATION_ONLY_JOIN_AFTER_PREMATCH_FEATURE_FREEZE,2.06,3.74,3.27,EXTERNAL_HISTORICAL_MARKET_BENCHMARK,NOT_AVAILABLE,NOT_GOLDBET,8fa7c7b80b80a8dc7245407160c19931d47b00f92b7d33e5aab34b52d260b7b6
024a1646bb928013bace4e3a,2. Bundesliga,2023/2024,DEVELOPMENT,2023-10-21,12:00,MATCH_KICKOFF_TIME_TIMEZONE_NOT_STATED_BY_SOURCE,,NOT_VERIFIED_DO_NOT_INFER,Paderborn,St Pauli,2,2,D,EVALUATION_ONLY_JOIN_AFTER_PREMATCH_FEATURE_FREEZE,3.25,3.74,2.07,EXTERNAL_HISTORICAL_MARKET_BENCHMARK,NOT_AVAILABLE,NOT_GOLDBET,9bb19829d1aa6c2ad877bfb6768278abcad736fd34f09380d2186dbdd8f7f4e2
fb9e1b2194c88859d357344c,2. Bundesliga,2023/2024,DEVELOPMENT,2023-10-21,19:30,MATCH_KICKOFF_TIME_TIMEZONE_NOT_STATED_BY_SOURCE,,NOT_VERIFIED_DO_NOT_INFER,Fortuna Dusseldorf,Kaiserslautern,4,3,H,EVALUATION_ONLY_JOIN_AFTER_PREMATCH_FEATURE_FREEZE,1.91,3.74,3.74,EXTERNAL_HISTORICAL_MARKET_BENCHMARK,NOT_AVAILABLE,NOT_GOLDBET,c45f92d08a78a7eba25b44174cb340665d08011cc8f5dc94c378c42a9aa6f994
4f37424b89b25c4564a5f744,2. Bundesliga,2023/2024,DEVELOPMENT,2023-10-22,12:30,MATCH_KICKOFF_TIME_TIMEZONE_NOT_STATED_BY_SOURCE,,NOT_VERIFIED_DO_NOT_INFER,Hansa Rostock,Holstein Kiel,1,3,A,EVALUATION_ONLY_JOIN_AFTER_PREMATCH_FEATURE_FREEZE,2.56,3.35,2.73,EXTERNAL_HISTORICAL_MARKET_BENCHMARK,NOT_AVAILABLE,NOT_GOLDBET,aff829e3b2c0608a9a08b1e8548fe0c8d9649b5cc08aa342059cfea32485e818
1eef6abe34dd33d66bb0301f,2. Bundesliga,2023/2024,DEVELOPMENT,2023-10-22,12:30,MATCH_KICKOFF_TIME_TIMEZONE_NOT_STATED_BY_SOURCE,,NOT_VERIFIED_DO_NOT_INFER,Karlsruhe,Schalke 04,3,0,H,EVALUATION_ONLY_JOIN_AFTER_PREMATCH_FEATURE_FREEZE,2.31,3.74,2.81,EXTERNAL_HISTORICAL_MARKET_BENCHMARK,NOT_AVAILABLE,NOT_GOLDBET,7c569ca3901e54e87cb5a964791fd43e99c03cd4284b5febb27528fd8a1dfaac
6f8ac5094a37a3bf1e033230,2. Bundesliga,2023/2024,DEVELOPMENT,2023-10-22,12:30,MATCH_KICKOFF_TIME_TIMEZONE_NOT_STATED_BY_SOURCE,,NOT_VERIFIED_DO_NOT_INFER,Nurnberg,Hertha,3,1,H,EVALUATION_ONLY_JOIN_AFTER_PREMATCH_FEATURE_FREEZE,2.48,3.61,2.65,EXTERNAL_HISTORICAL_MARKET_BENCHMARK,NOT_AVAILABLE,NOT_GOLDBET,db955629ef2322cbe4ad3a5bac608491c35075671417a412385561a3d6704aef
1ab8709349af0647237aae94,2. Bundesliga,2023/2024,DEVELOPMENT,2023-10-27,17:30,MATCH_KICKOFF_TIME_TIMEZONE_NOT_STATED_BY_SOURCE,,NOT_VERIFIED_DO_NOT_INFER,Braunschweig,Fortuna Dusseldorf,1,4,A,EVALUATION_ONLY_JOIN_AFTER_PREMATCH_FEATURE_FREEZE,3.75,3.84,1.88,EXTERNAL_HISTORICAL_MARKET_BENCHMARK,NOT_AVAILABLE,NOT_GOLDBET,706772ed6927b9bbde1fa3b68b0bb29d19d6884b3dc638cd821f70c126f32bf9
9c25f53c7fb8db98affdb6e9,2. Bundesliga,2023/2024,DEVELOPMENT,2023-10-27,17:30,MATCH_KICKOFF_TIME_TIMEZONE_NOT_STATED_BY_SOURCE,,NOT_VERIFIED_DO_NOT_INFER,Greuther Furth,Osnabruck,4,0,H,EVALUATION_ONLY_JOIN_AFTER_PREMATCH_FEATURE_FREEZE,1.67,4.12,4.65,EXTERNAL_HISTORICAL_MARKET_BENCHMARK,NOT_AVAILABLE,NOT_GOLDBET,0b49d909ed034847a0d74af8138ddb4dde3d0efe237c5b4f79cf85a8ea5a047f
72619dad094a4d010b3c7b1c,2. Bundesliga,2023/2024,DEVELOPMENT,2023-10-28,12:00,MATCH_KICKOFF_TIME_TIMEZONE_NOT_STATED_BY_SOURCE,,NOT_VERIFIED_DO_NOT_INFER,Hertha,Paderborn,3,1,H,EVALUATION_ONLY_JOIN_AFTER_PREMATCH_FEATURE_FREEZE,2.15,3.74,3.04,EXTERNAL_HISTORICAL_MARKET_BENCHMARK,NOT_AVAILABLE,NOT_GOLDBET,d94a000912e0f449e1cf0492df35c8dec2bace0a275a5959c68d07b70658a2fa
6e2881a9f51cc6766e787154,2. Bundesliga,2023/2024,DEVELOPMENT,2023-10-28,12:00,MATCH_KICKOFF_TIME_TIMEZONE_NOT_STATED_BY_SOURCE,,NOT_VERIFIED_DO_NOT_INFER,Schalke 04,Hannover,3,2,H,EVALUATION_ONLY_JOIN_AFTER_PREMATCH_FEATURE_FREEZE,2.31,3.72,2.79,EXTERNAL_HISTORICAL_MARKET_BENCHMARK,NOT_AVAILABLE,NOT_GOLDBET,900694f366f026c0def1248831bf46231efdb55179a430a4471ebfc89322829f
e194d055d2252bd4746f31a5,2. Bundesliga,2023/2024,DEVELOPMENT,2023-10-28,12:00,MATCH_KICKOFF_TIME_TIMEZONE_NOT_STATED_BY_SOURCE,,NOT_VERIFIED_DO_NOT_INFER,St Pauli,Karlsruhe,2,1,H,EVALUATION_ONLY_JOIN_AFTER_PREMATCH_FEATURE_FREEZE,1.54,4.3,5.57,EXTERNAL_HISTORICAL_MARKET_BENCHMARK,NOT_AVAILABLE,NOT_GOLDBET,f1b3e5ff1930bf01e240e96c28471965cb992c0db6fa2ee1026f4d48b1a5ffe7
58fb33bd7449d106a4b048c5,2. Bundesliga,2023/2024,DEVELOPMENT,2023-10-28,19:30,MATCH_KICKOFF_TIME_TIMEZONE_NOT_STATED_BY_SOURCE,,NOT_VERIFIED_DO_NOT_INFER,Kaiserslautern,Hamburg,3,3,D,EVALUATION_ONLY_JOIN_AFTER_PREMATCH_FEATURE_FREEZE,2.74,3.75,2.34,EXTERNAL_HISTORICAL_MARKET_BENCHMARK,NOT_AVAILABLE,NOT_GOLDBET,64deb5ff80285a6ea665c87f208875da2dbe04ab9a0208d2457f358b250b27f1
06059f2f58a2d932366619f5,2. Bundesliga,2023/2024,DEVELOPMENT,2023-10-29,12:30,MATCH_KICKOFF_TIME_TIMEZONE_NOT_STATED_BY_SOURCE,,NOT_VERIFIED_DO_NOT_INFER,Holstein Kiel,Nurnberg,0,2,A,EVALUATION_ONLY_JOIN_AFTER_PREMATCH_FEATURE_FREEZE,2.19,3.68,3.02,EXTERNAL_HISTORICAL_MARKET_BENCHMARK,NOT_AVAILABLE,NOT_GOLDBET,6c31675ed47ed5511788d6a416816ec998300cc4448e58992551b00cfeef3755
4f87e7072e42831577d7071e,2. Bundesliga,2023/2024,DEVELOPMENT,2023-10-29,12:30,MATCH_KICKOFF_TIME_TIMEZONE_NOT_STATED_BY_SOURCE,,NOT_VERIFIED_DO_NOT_INFER,Magdeburg,Elversberg,1,2,A,EVALUATION_ONLY_JOIN_AFTER_PREMATCH_FEATURE_FREEZE,2.07,3.81,3.19,EXTERNAL_HISTORICAL_MARKET_BENCHMARK,NOT_AVAILABLE,NOT_GOLDBET,879e2cb979c9448cc28359642ce9c8959083d04b0a19a052a36b664849b57ff8
227727c309bab8ad23726547,2. Bundesliga,2023/2024,DEVELOPMENT,2023-10-29,12:30,MATCH_KICKOFF_TIME_TIMEZONE_NOT_STATED_BY_SOURCE,,NOT_VERIFIED_DO_NOT_INFER,Wehen,Hansa Rostock,1,0,H,EVALUATION_ONLY_JOIN_AFTER_PREMATCH_FEATURE_FREEZE,2.37,3.41,2.9,EXTERNAL_HISTORICAL_MARKET_BENCHMARK,NOT_AVAILABLE,NOT_GOLDBET,bde5729e677566196b7493cc5eeb083b5316da2bcd3da85615881c8e1d26269e
5440043fe42e34948812a755,2. Bundesliga,2023/2024,DEVELOPMENT,2023-11-03,17:30,MATCH_KICKOFF_TIME_TIMEZONE_NOT_STATED_BY_SOURCE,,NOT_VERIFIED_DO_NOT_INFER,Elversberg,St Pauli,0,2,A,EVALUATION_ONLY_JOIN_AFTER_PREMATCH_FEATURE_FREEZE,3.2,3.62,2.13,EXTERNAL_HISTORICAL_MARKET_BENCHMARK,NOT_AVAILABLE,NOT_GOLDBET,78ec9c22501b33b1e01eed15914e489161b89ffdd3ebb2d22646dbf3fc6be30b
228ee7b986bb50cc0bf00226,2. Bundesliga,2023/2024,DEVELOPMENT,2023-11-03,17:30,MATCH_KICKOFF_TIME_TIMEZONE_NOT_STATED_BY_SOURCE,,NOT_VERIFIED_DO_NOT_INFER,Fortuna Dusseldorf,Wehen,1,3,A,EVALUATION_ONLY_JOIN_AFTER_PREMATCH_FEATURE_FREEZE,1.53,4.46,5.53,EXTERNAL_HISTORICAL_MARKET_BENCHMARK,NOT_AVAILABLE,NOT_GOLDBET,7407c511d34696b40a7ddeccd53ea543ba2a52eda65f71324b3c135247dbb4e0
0d6db10bfe9763eb48550dec,2. Bundesliga,2023/2024,DEVELOPMENT,2023-11-04,12:00,MATCH_KICKOFF_TIME_TIMEZONE_NOT_STATED_BY_SOURCE,,NOT_VERIFIED_DO_NOT_INFER,Kaiserslautern,Greuther Furth,0,2,A,EVALUATION_ONLY_JOIN_AFTER_PREMATCH_FEATURE_FREEZE,2.21,3.5,3.09,EXTERNAL_HISTORICAL_MARKET_BENCHMARK,NOT_AVAILABLE,NOT_GOLDBET,3e4b4985d62edee5049e334c4ad47ab86382e47358a5afecd8601d25bea222ba
64eb6f5be106bbf42940a539,2. Bundesliga,2023/2024,DEVELOPMENT,2023-11-04,12:00,MATCH_KICKOFF_TIME_TIMEZONE_NOT_STATED_BY_SOURCE,,NOT_VERIFIED_DO_NOT_INFER,Nurnberg,Schalke 04,1,2,A,EVALUATION_ONLY_JOIN_AFTER_PREMATCH_FEATURE_FREEZE,2.11,3.69,3.19,EXTERNAL_HISTORICAL_MARKET_BENCHMARK,NOT_AVAILABLE,NOT_GOLDBET,f34bf09c3e5af494587a1aa6a35501b61b760967561382b4acc009802985c79c
35f34c45a10c75c443933cf7,2. Bundesliga,2023/2024,DEVELOPMENT,2023-11-04,12:00,MATCH_KICKOFF_TIME_TIMEZONE_NOT_STATED_BY_SOURCE,,NOT_VERIFIED_DO_NOT_INFER,Osnabruck,Holstein Kiel,1,1,D,EVALUATION_ONLY_JOIN_AFTER_PREMATCH_FEATURE_FREEZE,2.71,3.65,2.4,EXTERNAL_HISTORICAL_MARKET_BENCHMARK,NOT_AVAILABLE,NOT_GOLDBET,b05a4a43299fccdb14446cad4b7b7c674d039295fe7e4c1c1efd6a41ad88a0d5
cf8669beaf8889e78c9d1049,2. Bundesliga,2023/2024,DEVELOPMENT,2023-11-04,19:30,MATCH_KICKOFF_TIME_TIMEZONE_NOT_STATED_BY_SOURCE,,NOT_VERIFIED_DO_NOT_INFER,Hamburg,Magdeburg,2,0,H,EVALUATION_ONLY_JOIN_AFTER_PREMATCH_FEATURE_FREEZE,1.58,4.85,4.63,EXTERNAL_HISTORICAL_MARKET_BENCHMARK,NOT_AVAILABLE,NOT_GOLDBET,4f4e157645ba8c9cdd8fd1dbeb5caea90ef80ca4f4ab81e5861cbe6f5762bf5d
abc15ada952f2ad0e2c8d27f,2. Bundesliga,2023/2024,DEVELOPMENT,2023-11-05,12:30,MATCH_KICKOFF_TIME_TIMEZONE_NOT_STATED_BY_SOURCE,,NOT_VERIFIED_DO_NOT_INFER,Hannover,Braunschweig,2,0,H,EVALUATION_ONLY_JOIN_AFTER_PREMATCH_FEATURE_FREEZE,1.52,4.28,6.11,EXTERNAL_HISTORICAL_MARKET_BENCHMARK,NOT_AVAILABLE,NOT_GOLDBET,3ce4aaad871aff8df8def10a604cee5307f9929753f4e7af2b6dcbe019446355
0e9080db7b210af56cb93cb7,2. Bundesliga,2023/2024,DEVELOPMENT,2023-11-05,12:30,MATCH_KICKOFF_TIME_TIMEZONE_NOT_STATED_BY_SOURCE,,NOT_VERIFIED_DO_NOT_INFER,Hansa Rostock,Hertha,0,0,D,EVALUATION_ONLY_JOIN_AFTER_PREMATCH_FEATURE_FREEZE,2.76,3.54,2.42,EXTERNAL_HISTORICAL_MARKET_BENCHMARK,NOT_AVAILABLE,NOT_GOLDBET,1aee9cccb0e51e2d92dd48057a7e20bbef2985797c31f8395db7772839f005ba
132c172ac1e21c3ee5161a8f,2. Bundesliga,2023/2024,DEVELOPMENT,2023-11-05,12:30,MATCH_KICKOFF_TIME_TIMEZONE_NOT_STATED_BY_SOURCE,,NOT_VERIFIED_DO_NOT_INFER,Karlsruhe,Paderborn,0,3,A,EVALUATION_ONLY_JOIN_AFTER_PREMATCH_FEATURE_FREEZE,2.18,3.69,3.04,EXTERNAL_HISTORICAL_MARKET_BENCHMARK,NOT_AVAILABLE,NOT_GOLDBET,53c9b97b77dd5f80e76c67bb6752df3040ab1036362f97dde2de4c8b7f803c54
e581d17adbbe19dff52e49bf,2. Bundesliga,2023/2024,DEVELOPMENT,2023-11-10,17:30,MATCH_KICKOFF_TIME_TIMEZONE_NOT_STATED_BY_SOURCE,,NOT_VERIFIED_DO_NOT_INFER,Schalke 04,Elversberg,1,2,A,EVALUATION_ONLY_JOIN_AFTER_PREMATCH_FEATURE_FREEZE,1.99,3.82,3.4,EXTERNAL_HISTORICAL_MARKET_BENCHMARK,NOT_AVAILABLE,NOT_GOLDBET,07ca75bae72f41e8b4e364f26e02ea61bfe038710105fc2dd6fdd9bdea2733ff
37eab49fd3d336239447370d,2. Bundesliga,2023/2024,DEVELOPMENT,2023-11-10,17:30,MATCH_KICKOFF_TIME_TIMEZONE_NOT_STATED_BY_SOURCE,,NOT_VERIFIED_DO_NOT_INFER,St Pauli,Hannover,0,0,D,EVALUATION_ONLY_JOIN_AFTER_PREMATCH_FEATURE_FREEZE,1.65,3.98,4.97,EXTERNAL_HISTORICAL_MARKET_BENCHMARK,NOT_AVAILABLE,NOT_GOLDBET,b52e7eb8d364c6f500d4df976c70a2c9c2f509154c89fa9aef9958a066cd800a
363982deddcb5b2aa81cc33e,2. Bundesliga,2023/2024,DEVELOPMENT,2023-11-11,12:00,MATCH_KICKOFF_TIME_TIMEZONE_NOT_STATED_BY_SOURCE,,NOT_VERIFIED_DO_NOT_INFER,Braunschweig,Osnabruck,3,2,H,EVALUATION_ONLY_JOIN_AFTER_PREMATCH_FEATURE_FREEZE,2.3,3.45,2.98,EXTERNAL_HISTORICAL_MARKET_BENCHMARK,NOT_AVAILABLE,NOT_GOLDBET,058022075df66b2859741fc045833de56dd257bd1933c65eb8687eb601507fc4
39effb54d0e85f7ce2c28e1f,2. Bundesliga,2023/2024,DEVELOPMENT,2023-11-11,12:00,MATCH_KICKOFF_TIME_TIMEZONE_NOT_STATED_BY_SOURCE,,NOT_VERIFIED_DO_NOT_INFER,Holstein Kiel,Hamburg,4,2,H,EVALUATION_ONLY_JOIN_AFTER_PREMATCH_FEATURE_FREEZE,3.25,3.99,2,EXTERNAL_HISTORICAL_MARKET_BENCHMARK,NOT_AVAILABLE,NOT_GOLDBET,61241427823838e230b85024156cc327820d104d9631a2964c77faebeff8487a
42bb98993b950b588979213a,2. Bundesliga,2023/2024,DEVELOPMENT,2023-11-11,12:00,MATCH_KICKOFF_TIME_TIMEZONE_NOT_STATED_BY_SOURCE,,NOT_VERIFIED_DO_NOT_INFER,Paderborn,Nurnberg,1,3,A,EVALUATION_ONLY_JOIN_AFTER_PREMATCH_FEATURE_FREEZE,2.18,3.76,3.01,EXTERNAL_HISTORICAL_MARKET_BENCHMARK,NOT_AVAILABLE,NOT_GOLDBET,2ff4abf78ebfca7e7534e6e530e082b61576c9e96d5c86593d4b361e511ad4bd
a3b88735729927caa7031138,2. Bundesliga,2023/2024,DEVELOPMENT,2023-11-11,19:30,MATCH_KICKOFF_TIME_TIMEZONE_NOT_STATED_BY_SOURCE,,NOT_VERIFIED_DO_NOT_INFER,Hertha,Karlsruhe,2,2,D,EVALUATION_ONLY_JOIN_AFTER_PREMATCH_FEATURE_FREEZE,1.92,3.86,3.56,EXTERNAL_HISTORICAL_MARKET_BENCHMARK,NOT_AVAILABLE,NOT_GOLDBET,1640c5c3577af747a987d8526d0d4bd553c672ebf251b80af364e5a003db0626
b995c3dd4625b3d11778d289,2. Bundesliga,2023/2024,DEVELOPMENT,2023-11-12,12:30,MATCH_KICKOFF_TIME_TIMEZONE_NOT_STATED_BY_SOURCE,,NOT_VERIFIED_DO_NOT_INFER,Greuther Furth,Fortuna Dusseldorf,1,0,H,EVALUATION_ONLY_JOIN_AFTER_PREMATCH_FEATURE_FREEZE,2.23,3.59,3.02,EXTERNAL_HISTORICAL_MARKET_BENCHMARK,NOT_AVAILABLE,NOT_GOLDBET,31dfc121e663a844b66a44e78d5aa6ad9ee17447e96101b568c1487364e6ee5b
4027d90d0a89653fab1eb047,2. Bundesliga,2023/2024,DEVELOPMENT,2023-11-12,12:30,MATCH_KICKOFF_TIME_TIMEZONE_NOT_STATED_BY_SOURCE,,NOT_VERIFIED_DO_NOT_INFER,Magdeburg,Hansa Rostock,1,2,A,EVALUATION_ONLY_JOIN_AFTER_PREMATCH_FEATURE_FREEZE,1.75,4.03,4.19,EXTERNAL_HISTORICAL_MARKET_BENCHMARK,NOT_AVAILABLE,NOT_GOLDBET,855c4721b7dd954f73a0f3c79041f2e226ab6b1c5bbb5d88649e6530114adfe1
f54d43765f87d0cf22e8d5a0,2. Bundesliga,2023/2024,DEVELOPMENT,2023-11-12,12:30,MATCH_KICKOFF_TIME_TIMEZONE_NOT_STATED_BY_SOURCE,,NOT_VERIFIED_DO_NOT_INFER,Wehen,Kaiserslautern,2,1,H,EVALUATION_ONLY_JOIN_AFTER_PREMATCH_FEATURE_FREEZE,2.6,3.62,2.51,EXTERNAL_HISTORICAL_MARKET_BENCHMARK,NOT_AVAILABLE,NOT_GOLDBET,ea4cea2b5f1117afb2f71c3e82c8758acad7d74d3c024eca7510b2f7616c1dfa
d3807b725341aa5b8de092c0,2. Bundesliga,2023/2024,DEVELOPMENT,2023-11-24,17:30,MATCH_KICKOFF_TIME_TIMEZONE_NOT_STATED_BY_SOURCE,,NOT_VERIFIED_DO_NOT_INFER,Hamburg,Braunschweig,2,1,H,EVALUATION_ONLY_JOIN_AFTER_PREMATCH_FEATURE_FREEZE,1.33,5.69,7.67,EXTERNAL_HISTORICAL_MARKET_BENCHMARK,NOT_AVAILABLE,NOT_GOLDBET,cf145aca2205f5745b9ad02ed27e5048b2e74bfbae9bd6ced2daa0f342c7e73d
54e3d951dde770c1791772ac,2. Bundesliga,2023/2024,DEVELOPMENT,2023-11-24,17:30,MATCH_KICKOFF_TIME_TIMEZONE_NOT_STATED_BY_SOURCE,,NOT_VERIFIED_DO_NOT_INFER,Hannover,Hertha,2,2,D,EVALUATION_ONLY_JOIN_AFTER_PREMATCH_FEATURE_FREEZE,2.15,3.54,3.21,EXTERNAL_HISTORICAL_MARKET_BENCHMARK,NOT_AVAILABLE,NOT_GOLDBET,6da1ec9516bae3ba89fd739cbcba94318bda919b32f79669991174795bf50d9b
f4327f27f1db1aaab814cb58,2. Bundesliga,2023/2024,DEVELOPMENT,2023-11-25,12:00,MATCH_KICKOFF_TIME_TIMEZONE_NOT_STATED_BY_SOURCE,,NOT_VERIFIED_DO_NOT_INFER,Elversberg,Paderborn,4,1,H,EVALUATION_ONLY_JOIN_AFTER_PREMATCH_FEATURE_FREEZE,2.31,3.76,2.79,EXTERNAL_HISTORICAL_MARKET_BENCHMARK,NOT_AVAILABLE,NOT_GOLDBET,f2ba08a092eb38f637d8dc082d78cdd6ecdb85edba0a84d04bec1494d57ebb48
663cf6ed940e704dc658d81b,2. Bundesliga,2023/2024,DEVELOPMENT,2023-11-25,12:00,MATCH_KICKOFF_TIME_TIMEZONE_NOT_STATED_BY_SOURCE,,NOT_VERIFIED_DO_NOT_INFER,Hansa Rostock,St Pauli,2,3,A,EVALUATION_ONLY_JOIN_AFTER_PREMATCH_FEATURE_FREEZE,4.97,3.75,1.69,EXTERNAL_HISTORICAL_MARKET_BENCHMARK,NOT_AVAILABLE,NOT_GOLDBET,cbf32205e83a08634c265664cac7aa43a3cc8e987836e50320bbaf87142c98e4
db936efd5d953f7d7b13f336,2. Bundesliga,2023/2024,DEVELOPMENT,2023-11-25,12:00,MATCH_KICKOFF_TIME_TIMEZONE_NOT_STATED_BY_SOURCE,,NOT_VERIFIED_DO_NOT_INFER,Osnabruck,Magdeburg,0,2,A,EVALUATION_ONLY_JOIN_AFTER_PREMATCH_FEATURE_FREEZE,3.21,3.75,2.08,EXTERNAL_HISTORICAL_MARKET_BENCHMARK,NOT_AVAILABLE,NOT_GOLDBET,8cddf2ee0f8feb7c746abed0bd5683a9ca5cd16f2a36d73e60bedd4aec00c132
5ccf36870fb92870ba139394,2. Bundesliga,2023/2024,DEVELOPMENT,2023-11-25,19:30,MATCH_KICKOFF_TIME_TIMEZONE_NOT_STATED_BY_SOURCE,,NOT_VERIFIED_DO_NOT_INFER,Fortuna Dusseldorf,Schalke 04,5,3,H,EVALUATION_ONLY_JOIN_AFTER_PREMATCH_FEATURE_FREEZE,2.04,3.66,3.41,EXTERNAL_HISTORICAL_MARKET_BENCHMARK,NOT_AVAILABLE,NOT_GOLDBET,513fde914b2404c691eea14d0e26e06d5b3562d7b0a344a77b5dc5e175db4ef2
9c0f9a1d6a439deaf5294f7c,2. Bundesliga,2023/2024,DEVELOPMENT,2023-11-26,12:30,MATCH_KICKOFF_TIME_TIMEZONE_NOT_STATED_BY_SOURCE,,NOT_VERIFIED_DO_NOT_INFER,Greuther Furth,Wehen,2,0,H,EVALUATION_ONLY_JOIN_AFTER_PREMATCH_FEATURE_FREEZE,1.77,3.83,4.33,EXTERNAL_HISTORICAL_MARKET_BENCHMARK,NOT_AVAILABLE,NOT_GOLDBET,fde699b52f7a278e064502b1bccd5ff4ea989430783c5e42dc7e7ed6cddc7857
a511b1ed53bcdb0d0e91f799,2. Bundesliga,2023/2024,DEVELOPMENT,2023-11-26,12:30,MATCH_KICKOFF_TIME_TIMEZONE_NOT_STATED_BY_SOURCE,,NOT_VERIFIED_DO_NOT_INFER,Kaiserslautern,Holstein Kiel,0,3,A,EVALUATION_ONLY_JOIN_AFTER_PREMATCH_FEATURE_FREEZE,2.24,3.7,2.92,EXTERNAL_HISTORICAL_MARKET_BENCHMARK,NOT_AVAILABLE,NOT_GOLDBET,3ea64e9b5e72f33a074d44f7761d1b8320514b742b5e00e23ee858b62f767300
76ded32d567606853df19e16,2. Bundesliga,2023/2024,DEVELOPMENT,2023-11-26,12:30,MATCH_KICKOFF_TIME_TIMEZONE_NOT_STATED_BY_SOURCE,,NOT_VERIFIED_DO_NOT_INFER,Karlsruhe,Nurnberg,4,1,H,EVALUATION_ONLY_JOIN_AFTER_PREMATCH_FEATURE_FREEZE,2.13,3.68,3.16,EXTERNAL_HISTORICAL_MARKET_BENCHMARK,NOT_AVAILABLE,NOT_GOLDBET,7692ce3eaebd9398e4bdf7d376b6ccad4d0eb404019c6e498af6d543c70407d4
825aa73f0a61ababd5a1d368,2. Bundesliga,2023/2024,DEVELOPMENT,2023-12-01,17:30,MATCH_KICKOFF_TIME_TIMEZONE_NOT_STATED_BY_SOURCE,,NOT_VERIFIED_DO_NOT_INFER,Schalke 04,Osnabruck,4,0,H,EVALUATION_ONLY_JOIN_AFTER_PREMATCH_FEATURE_FREEZE,1.52,4.42,5.7,EXTERNAL_HISTORICAL_MARKET_BENCHMARK,NOT_AVAILABLE,NOT_GOLDBET,b71127aa00825beb6c0ba82d4ec7dd3be29b63cb71bdfbdd97f15052d1964b2b
6146088fe2052e341b328801,2. Bundesliga,2023/2024,DEVELOPMENT,2023-12-01,17:30,MATCH_KICKOFF_TIME_TIMEZONE_NOT_STATED_BY_SOURCE,,NOT_VERIFIED_DO_NOT_INFER,St Pauli,Hamburg,2,2,D,EVALUATION_ONLY_JOIN_AFTER_PREMATCH_FEATURE_FREEZE,1.85,3.82,3.94,EXTERNAL_HISTORICAL_MARKET_BENCHMARK,NOT_AVAILABLE,NOT_GOLDBET,79da87f38600ef36476023ee523004d29d7a1d3e556f3ecdc51408f200d5220e
a58f790eff2d8c760f734a4b,2. Bundesliga,2023/2024,DEVELOPMENT,2023-12-02,12:00,MATCH_KICKOFF_TIME_TIMEZONE_NOT_STATED_BY_SOURCE,,NOT_VERIFIED_DO_NOT_INFER,Braunschweig,Greuther Furth,0,1,A,EVALUATION_ONLY_JOIN_AFTER_PREMATCH_FEATURE_FREEZE,3.32,3.48,2.12,EXTERNAL_HISTORICAL_MARKET_BENCHMARK,NOT_AVAILABLE,NOT_GOLDBET,11f4ec20c540bee0096e09fa6997416196ff46feaf66da77e2d0005a818e7535
b7fc755336713ee0c8dda494,2. Bundesliga,2023/2024,DEVELOPMENT,2023-12-02,12:00,MATCH_KICKOFF_TIME_TIMEZONE_NOT_STATED_BY_SOURCE,,NOT_VERIFIED_DO_NOT_INFER,Holstein Kiel,Wehen,3,2,H,EVALUATION_ONLY_JOIN_AFTER_PREMATCH_FEATURE_FREEZE,1.82,4,3.86,EXTERNAL_HISTORICAL_MARKET_BENCHMARK,NOT_AVAILABLE,NOT_GOLDBET,360c99958b0e9585f844ef16e5a26ce37d2144d436116b38e1a229d16507c76a
6aa5f66db72a4267708a0936,2. Bundesliga,2023/2024,DEVELOPMENT,2023-12-02,12:00,MATCH_KICKOFF_TIME_TIMEZONE_NOT_STATED_BY_SOURCE,,NOT_VERIFIED_DO_NOT_INFER,Nurnberg,Fortuna Dusseldorf,0,5,A,EVALUATION_ONLY_JOIN_AFTER_PREMATCH_FEATURE_FREEZE,2.64,3.63,2.47,EXTERNAL_HISTORICAL_MARKET_BENCHMARK,NOT_AVAILABLE,NOT_GOLDBET,5657ef54a61ef17b9044e6603868fe6a67ca577a26e3d1b2287c3a67677ba58f
183bb46d4009ad56a8b997fc,2. Bundesliga,2023/2024,DEVELOPMENT,2023-12-02,19:30,MATCH_KICKOFF_TIME_TIMEZONE_NOT_STATED_BY_SOURCE,,NOT_VERIFIED_DO_NOT_INFER,Magdeburg,Kaiserslautern,4,1,H,EVALUATION_ONLY_JOIN_AFTER_PREMATCH_FEATURE_FREEZE,1.97,3.75,3.52,EXTERNAL_HISTORICAL_MARKET_BENCHMARK,NOT_AVAILABLE,NOT_GOLDBET,6a3195be87625103b2d7b93a4f65f715d9a70ee494cb135f08b783ff4b5fd707
32d4275a796fba78f9025586,2. Bundesliga,2023/2024,DEVELOPMENT,2023-12-03,12:30,MATCH_KICKOFF_TIME_TIMEZONE_NOT_STATED_BY_SOURCE,,NOT_VERIFIED_DO_NOT_INFER,Hertha,Elversberg,5,1,H,EVALUATION_ONLY_JOIN_AFTER_PREMATCH_FEATURE_FREEZE,1.93,3.89,3.53,EXTERNAL_HISTORICAL_MARKET_BENCHMARK,NOT_AVAILABLE,NOT_GOLDBET,7ca5475e7b188b4726b13dac0fda3e157af1e90312887fe4f1c379b0f29f3657
8e3a224117efed1b1eb8e2f7,2. Bundesliga,2023/2024,DEVELOPMENT,2023-12-03,12:30,MATCH_KICKOFF_TIME_TIMEZONE_NOT_STATED_BY_SOURCE,,NOT_VERIFIED_DO_NOT_INFER,Karlsruhe,Hansa Rostock,2,2,D,EVALUATION_ONLY_JOIN_AFTER_PREMATCH_FEATURE_FREEZE,1.55,4.2,5.67,EXTERNAL_HISTORICAL_MARKET_BENCHMARK,NOT_AVAILABLE,NOT_GOLDBET,f50fdc80c1d1ed7df9da8feedd3bd670ab09a13cf13cfe3d4db1478c78ef3356
b38ee6d5e7f8fcf58989d0ac,2. Bundesliga,2023/2024,DEVELOPMENT,2023-12-03,12:30,MATCH_KICKOFF_TIME_TIMEZONE_NOT_STATED_BY_SOURCE,,NOT_VERIFIED_DO_NOT_INFER,Paderborn,Hannover,1,0,H,EVALUATION_ONLY_JOIN_AFTER_PREMATCH_FEATURE_FREEZE,2.69,3.48,2.5,EXTERNAL_HISTORICAL_MARKET_BENCHMARK,NOT_AVAILABLE,NOT_GOLDBET,173ad41969fbbf27b9c384bb496314d343ad78c42343eaace0f9ad59b8b53f52
974afe8de382696f7f233107,2. Bundesliga,2023/2024,DEVELOPMENT,2023-12-08,17:30,MATCH_KICKOFF_TIME_TIMEZONE_NOT_STATED_BY_SOURCE,,NOT_VERIFIED_DO_NOT_INFER,Hannover,Karlsruhe,2,2,D,EVALUATION_ONLY_JOIN_AFTER_PREMATCH_FEATURE_FREEZE,2.09,3.56,3.36,EXTERNAL_HISTORICAL_MARKET_BENCHMARK,NOT_AVAILABLE,NOT_GOLDBET,c5b879117c6301c8e556e4d1e369e8862911a1ebbcc8c53a665b711c486198a2
46562dce145adce6db4014bb,2. Bundesliga,2023/2024,DEVELOPMENT,2023-12-08,17:30,MATCH_KICKOFF_TIME_TIMEZONE_NOT_STATED_BY_SOURCE,,NOT_VERIFIED_DO_NOT_INFER,Wehen,Braunschweig,1,3,A,EVALUATION_ONLY_JOIN_AFTER_PREMATCH_FEATURE_FREEZE,2.22,3.46,3.15,EXTERNAL_HISTORICAL_MARKET_BENCHMARK,NOT_AVAILABLE,NOT_GOLDBET,24efefcaf5667110d8cfa34aa03987daaf1865e128e26ed3f36091ad92bd3210
1f0e5dc4c1c53abc5ae550ba,2. Bundesliga,2023/2024,DEVELOPMENT,2023-12-09,12:00,MATCH_KICKOFF_TIME_TIMEZONE_NOT_STATED_BY_SOURCE,,NOT_VERIFIED_DO_NOT_INFER,Greuther Furth,Magdeburg,1,1,D,EVALUATION_ONLY_JOIN_AFTER_PREMATCH_FEATURE_FREEZE,1.99,3.65,3.57,EXTERNAL_HISTORICAL_MARKET_BENCHMARK,NOT_AVAILABLE,NOT_GOLDBET,119ddb7ce497bb24affa270f0f64674597569096cc8858195c116368666f92fc
0980466b58ffd00e0f7cd4cf,2. Bundesliga,2023/2024,DEVELOPMENT,2023-12-09,12:00,MATCH_KICKOFF_TIME_TIMEZONE_NOT_STATED_BY_SOURCE,,NOT_VERIFIED_DO_NOT_INFER,Hamburg,Paderborn,1,2,A,EVALUATION_ONLY_JOIN_AFTER_PREMATCH_FEATURE_FREEZE,1.65,4.4,4.46,EXTERNAL_HISTORICAL_MARKET_BENCHMARK,NOT_AVAILABLE,NOT_GOLDBET,3a1b5ffa0fd0504700bac5d5095e1d02804d9b9f564ff831737ff857feef9999
915750c5c3a030cf6d766ad8,2. Bundesliga,2023/2024,DEVELOPMENT,2023-12-09,12:00,MATCH_KICKOFF_TIME_TIMEZONE_NOT_STATED_BY_SOURCE,,NOT_VERIFIED_DO_NOT_INFER,Kaiserslautern,Hertha,1,2,A,EVALUATION_ONLY_JOIN_AFTER_PREMATCH_FEATURE_FREEZE,2.11,3.68,3.2,EXTERNAL_HISTORICAL_MARKET_BENCHMARK,NOT_AVAILABLE,NOT_GOLDBET,ebfea345ca11265eef08675b44532319f48b5a773a3986123961580dc02d3aae
f8a33b017e42a0e6b3f2d6a6,2. Bundesliga,2023/2024,DEVELOPMENT,2023-12-09,19:30,MATCH_KICKOFF_TIME_TIMEZONE_NOT_STATED_BY_SOURCE,,NOT_VERIFIED_DO_NOT_INFER,Osnabruck,St Pauli,1,1,D,EVALUATION_ONLY_JOIN_AFTER_PREMATCH_FEATURE_FREEZE,8.26,4.75,1.37,EXTERNAL_HISTORICAL_MARKET_BENCHMARK,NOT_AVAILABLE,NOT_GOLDBET,ce38882322f0f9c40e8bc631ce977b8ac56e3433d770abaf6579bdf4eae3eb3f
f251b1975243cf451f6c730d,2. Bundesliga,2023/2024,DEVELOPMENT,2023-12-10,12:30,MATCH_KICKOFF_TIME_TIMEZONE_NOT_STATED_BY_SOURCE,,NOT_VERIFIED_DO_NOT_INFER,Elversberg,Nurnberg,0,1,A,EVALUATION_ONLY_JOIN_AFTER_PREMATCH_FEATURE_FREEZE,1.84,3.89,3.9,EXTERNAL_HISTORICAL_MARKET_BENCHMARK,NOT_AVAILABLE,NOT_GOLDBET,4f1716ef6a860bdae831cff32b8740638a6c9f2baa7fe04e7a6d73bde78afacc
10c5ec355f41c9178861151f,2. Bundesliga,2023/2024,DEVELOPMENT,2023-12-10,12:30,MATCH_KICKOFF_TIME_TIMEZONE_NOT_STATED_BY_SOURCE,,NOT_VERIFIED_DO_NOT_INFER,Fortuna Dusseldorf,Holstein Kiel,0,1,A,EVALUATION_ONLY_JOIN_AFTER_PREMATCH_FEATURE_FREEZE,1.83,3.88,3.94,EXTERNAL_HISTORICAL_MARKET_BENCHMARK,NOT_AVAILABLE,NOT_GOLDBET,fb2926f8a3c84a6404d64b6b8676995aba3218237c38e3b6aa1707fd49fcdedf
c955db34247aece9fa497893,2. Bundesliga,2023/2024,DEVELOPMENT,2023-12-10,12:30,MATCH_KICKOFF_TIME_TIMEZONE_NOT_STATED_BY_SOURCE,,NOT_VERIFIED_DO_NOT_INFER,Hansa Rostock,Schalke 04,0,2,A,EVALUATION_ONLY_JOIN_AFTER_PREMATCH_FEATURE_FREEZE,3.02,3.52,2.26,EXTERNAL_HISTORICAL_MARKET_BENCHMARK,NOT_AVAILABLE,NOT_GOLDBET,2fbcdfb7f581c83401ebe6d9418342a8a2ab7b12fd6b5c2369984c7a5651c037
098d6b5548454d65fef13ab3,2. Bundesliga,2023/2024,DEVELOPMENT,2023-12-15,17:30,MATCH_KICKOFF_TIME_TIMEZONE_NOT_STATED_BY_SOURCE,,NOT_VERIFIED_DO_NOT_INFER,Paderborn,Hansa Rostock,3,0,H,EVALUATION_ONLY_JOIN_AFTER_PREMATCH_FEATURE_FREEZE,1.57,4.3,5.32,EXTERNAL_HISTORICAL_MARKET_BENCHMARK,NOT_AVAILABLE,NOT_GOLDBET,6d4896acabd68f2ee842adeb30f83cf4eb104c4d61ec52fa92e0d8cbc2c2c913
3099435037466a964129e092,2. Bundesliga,2023/2024,DEVELOPMENT,2023-12-15,17:30,MATCH_KICKOFF_TIME_TIMEZONE_NOT_STATED_BY_SOURCE,,NOT_VERIFIED_DO_NOT_INFER,Schalke 04,Greuther Furth,2,2,D,EVALUATION_ONLY_JOIN_AFTER_PREMATCH_FEATURE_FREEZE,2.14,3.59,3.21,EXTERNAL_HISTORICAL_MARKET_BENCHMARK,NOT_AVAILABLE,NOT_GOLDBET,ae513dcaa630595e3f93f01747a2ed54f5f77c99f60440ec4c7653db044498eb
1594b8010aa1048bbe9b1812,2. Bundesliga,2023/2024,DEVELOPMENT,2023-12-16,12:00,MATCH_KICKOFF_TIME_TIMEZONE_NOT_STATED_BY_SOURCE,,NOT_VERIFIED_DO_NOT_INFER,Hertha,Osnabruck,0,0,D,EVALUATION_ONLY_JOIN_AFTER_PREMATCH_FEATURE_FREEZE,1.48,4.72,5.8,EXTERNAL_HISTORICAL_MARKET_BENCHMARK,NOT_AVAILABLE,NOT_GOLDBET,ee42aec850f76dd3b21a4336905d732dd4427b4f5dba91ee0ef2f504503b454e
235c78dcc219747e92d2a8a0,2. Bundesliga,2023/2024,DEVELOPMENT,2023-12-16,12:00,MATCH_KICKOFF_TIME_TIMEZONE_NOT_STATED_BY_SOURCE,,NOT_VERIFIED_DO_NOT_INFER,Magdeburg,Fortuna Dusseldorf,2,3,A,EVALUATION_ONLY_JOIN_AFTER_PREMATCH_FEATURE_FREEZE,2.57,3.67,2.53,EXTERNAL_HISTORICAL_MARKET_BENCHMARK,NOT_AVAILABLE,NOT_GOLDBET,c17692497a4f8be86da01e81466db74008d197c2ad69baca7d88b82019ceb70d
9ea90fb53c94b208815a5966,2. Bundesliga,2023/2024,DEVELOPMENT,2023-12-16,12:00,MATCH_KICKOFF_TIME_TIMEZONE_NOT_STATED_BY_SOURCE,,NOT_VERIFIED_DO_NOT_INFER,Nurnberg,Hamburg,0,2,A,EVALUATION_ONLY_JOIN_AFTER_PREMATCH_FEATURE_FREEZE,3.32,4.04,1.96,EXTERNAL_HISTORICAL_MARKET_BENCHMARK,NOT_AVAILABLE,NOT_GOLDBET,9b4ad05d7d4cb4542c6fc6722be699199dcdf458800281dd35d1dd1ee20ecbb2
f7d7b114ef0c0895cfd0f1be,2. Bundesliga,2023/2024,DEVELOPMENT,2023-12-16,19:30,MATCH_KICKOFF_TIME_TIMEZONE_NOT_STATED_BY_SOURCE,,NOT_VERIFIED_DO_NOT_INFER,Holstein Kiel,Hannover,3,0,H,EVALUATION_ONLY_JOIN_AFTER_PREMATCH_FEATURE_FREEZE,2.23,3.56,3.04,EXTERNAL_HISTORICAL_MARKET_BENCHMARK,NOT_AVAILABLE,NOT_GOLDBET,9474c9ca9b596c92ac95c3be16a15dd1f8e2bdb1561046c340eb7ffd3c0476b1
2fe2c6979ec4205cc098a1e9,2. Bundesliga,2023/2024,DEVELOPMENT,2023-12-17,12:30,MATCH_KICKOFF_TIME_TIMEZONE_NOT_STATED_BY_SOURCE,,NOT_VERIFIED_DO_NOT_INFER,Braunschweig,Kaiserslautern,2,1,H,EVALUATION_ONLY_JOIN_AFTER_PREMATCH_FEATURE_FREEZE,2.78,3.38,2.48,EXTERNAL_HISTORICAL_MARKET_BENCHMARK,NOT_AVAILABLE,NOT_GOLDBET,9083f2aec8961e3cf8794151583e988a766ca8d460752f026c0d1f9ca53ba3d4
c4a48245047ae8eced07a9c8,2. Bundesliga,2023/2024,DEVELOPMENT,2023-12-17,12:30,MATCH_KICKOFF_TIME_TIMEZONE_NOT_STATED_BY_SOURCE,,NOT_VERIFIED_DO_NOT_INFER,Karlsruhe,Elversberg,3,2,H,EVALUATION_ONLY_JOIN_AFTER_PREMATCH_FEATURE_FREEZE,2.29,3.74,2.81,EXTERNAL_HISTORICAL_MARKET_BENCHMARK,NOT_AVAILABLE,NOT_GOLDBET,5656421a99b8dfe5a80812eac9da7604ea9e05aa896e8b6bddadbd9b50873694
6f91922a820891580732c418,2. Bundesliga,2023/2024,DEVELOPMENT,2023-12-17,12:30,MATCH_KICKOFF_TIME_TIMEZONE_NOT_STATED_BY_SOURCE,,NOT_VERIFIED_DO_NOT_INFER,St Pauli,Wehen,1,1,D,EVALUATION_ONLY_JOIN_AFTER_PREMATCH_FEATURE_FREEZE,1.28,5.74,9.83,EXTERNAL_HISTORICAL_MARKET_BENCHMARK,NOT_AVAILABLE,NOT_GOLDBET,8ee3e2d854e076c710168acff7e3d9e6f99dc7d838540c46dc98c799f4e658be
7cf9daed30b181717b845789,2. Bundesliga,2023/2024,DEVELOPMENT,2024-01-19,17:30,MATCH_KICKOFF_TIME_TIMEZONE_NOT_STATED_BY_SOURCE,,NOT_VERIFIED_DO_NOT_INFER,Holstein Kiel,Braunschweig,1,2,A,EVALUATION_ONLY_JOIN_AFTER_PREMATCH_FEATURE_FREEZE,1.76,3.8,4.34,EXTERNAL_HISTORICAL_MARKET_BENCHMARK,NOT_AVAILABLE,NOT_GOLDBET,f581e9ec630e77c7c5166721235757609170c004324d666f96b1ee5469c4facb
87f963dc9b4dbe12bcb14e79,2. Bundesliga,2023/2024,DEVELOPMENT,2024-01-19,17:30,MATCH_KICKOFF_TIME_TIMEZONE_NOT_STATED_BY_SOURCE,,NOT_VERIFIED_DO_NOT_INFER,Karlsruhe,Osnabruck,2,1,H,EVALUATION_ONLY_JOIN_AFTER_PREMATCH_FEATURE_FREEZE,1.59,4.23,5.05,EXTERNAL_HISTORICAL_MARKET_BENCHMARK,NOT_AVAILABLE,NOT_GOLDBET,b84ea4f3dfabce41e59263a2a084de01d71bdad2d0564f46cc0fb96fca57a7ff
7bf905d60561f09ad46df913,2. Bundesliga,2023/2024,DEVELOPMENT,2024-01-20,12:00,MATCH_KICKOFF_TIME_TIMEZONE_NOT_STATED_BY_SOURCE,,NOT_VERIFIED_DO_NOT_INFER,Elversberg,Hannover,2,2,D,EVALUATION_ONLY_JOIN_AFTER_PREMATCH_FEATURE_FREEZE,2.02,3.55,3.52,EXTERNAL_HISTORICAL_MARKET_BENCHMARK,NOT_AVAILABLE,NOT_GOLDBET,fce3f6b628232d232157ec9a0924ff04c03ec0b86fea1966c62cdceaee2bfcc4
aa0566527e7e33570389bbf6,2. Bundesliga,2023/2024,DEVELOPMENT,2024-01-20,12:00,MATCH_KICKOFF_TIME_TIMEZONE_NOT_STATED_BY_SOURCE,,NOT_VERIFIED_DO_NOT_INFER,Nurnberg,Hansa Rostock,3,0,H,EVALUATION_ONLY_JOIN_AFTER_PREMATCH_FEATURE_FREEZE,1.91,3.67,3.8,EXTERNAL_HISTORICAL_MARKET_BENCHMARK,NOT_AVAILABLE,NOT_GOLDBET,7034ef7bcc521a88ce92dff39e43066b23d6b3e0b9d9568457a0faa187193ded
7deced6370dda98da5fff1c5,2. Bundesliga,2023/2024,DEVELOPMENT,2024-01-20,12:00,MATCH_KICKOFF_TIME_TIMEZONE_NOT_STATED_BY_SOURCE,,NOT_VERIFIED_DO_NOT_INFER,St Pauli,Kaiserslautern,2,0,H,EVALUATION_ONLY_JOIN_AFTER_PREMATCH_FEATURE_FREEZE,1.47,4.43,6.47,EXTERNAL_HISTORICAL_MARKET_BENCHMARK,NOT_AVAILABLE,NOT_GOLDBET,5043d68d957ba5a83b2b4f9e2e7b8242548717142ed3c6fa455fb94a4afdf945
63c1c491136bdf06dd277f75,2. Bundesliga,2023/2024,DEVELOPMENT,2024-01-20,19:30,MATCH_KICKOFF_TIME_TIMEZONE_NOT_STATED_BY_SOURCE,,NOT_VERIFIED_DO_NOT_INFER,Schalke 04,Hamburg,0,2,A,EVALUATION_ONLY_JOIN_AFTER_PREMATCH_FEATURE_FREEZE,2.63,3.76,2.42,EXTERNAL_HISTORICAL_MARKET_BENCHMARK,NOT_AVAILABLE,NOT_GOLDBET,56ac41f2fd2b5795d1a9118752498f2d8b9e6618ed881a9efeaca1d487980631
c4d28d159b6fadc08b445870,2. Bundesliga,2023/2024,DEVELOPMENT,2024-01-21,12:30,MATCH_KICKOFF_TIME_TIMEZONE_NOT_STATED_BY_SOURCE,,NOT_VERIFIED_DO_NOT_INFER,Hertha,Fortuna Dusseldorf,2,2,D,EVALUATION_ONLY_JOIN_AFTER_PREMATCH_FEATURE_FREEZE,2.71,3.58,2.42,EXTERNAL_HISTORICAL_MARKET_BENCHMARK,NOT_AVAILABLE,NOT_GOLDBET,a1defef517ff94a7385458825e2816429eeabeb0b90b75a6ea4cb5f1dc43316c
4dbd2940affd2aa913f301dd,2. Bundesliga,2023/2024,DEVELOPMENT,2024-01-21,12:30,MATCH_KICKOFF_TIME_TIMEZONE_NOT_STATED_BY_SOURCE,,NOT_VERIFIED_DO_NOT_INFER,Magdeburg,Wehen,1,0,H,EVALUATION_ONLY_JOIN_AFTER_PREMATCH_FEATURE_FREEZE,1.64,4.25,4.63,EXTERNAL_HISTORICAL_MARKET_BENCHMARK,NOT_AVAILABLE,NOT_GOLDBET,9422ac4d6bedccbcdf506ec990366c1e85ff9bc5acd59c08f565c61617fe253a
ad44a21ed08ecfb02e3db630,2. Bundesliga,2023/2024,DEVELOPMENT,2024-01-21,12:30,MATCH_KICKOFF_TIME_TIMEZONE_NOT_STATED_BY_SOURCE,,NOT_VERIFIED_DO_NOT_INFER,Paderborn,Greuther Furth,0,1,A,EVALUATION_ONLY_JOIN_AFTER_PREMATCH_FEATURE_FREEZE,2.3,3.62,2.86,EXTERNAL_HISTORICAL_MARKET_BENCHMARK,NOT_AVAILABLE,NOT_GOLDBET,91cfe5eb890398dce712b89bfe6f9b65af7802c7f3f78ab022425cf6ae97726e
4114ac9f000d3c200e4546e2,2. Bundesliga,2023/2024,DEVELOPMENT,2024-01-26,17:30,MATCH_KICKOFF_TIME_TIMEZONE_NOT_STATED_BY_SOURCE,,NOT_VERIFIED_DO_NOT_INFER,Hannover,Nurnberg,3,0,H,EVALUATION_ONLY_JOIN_AFTER_PREMATCH_FEATURE_FREEZE,1.85,3.71,4.03,EXTERNAL_HISTORICAL_MARKET_BENCHMARK,NOT_AVAILABLE,NOT_GOLDBET,9183408f6a2724a331798f525a53374d897df607659096a6864a108d41ff20a2
0741427effeb0f169e84f822,2. Bundesliga,2023/2024,DEVELOPMENT,2024-01-26,17:30,MATCH_KICKOFF_TIME_TIMEZONE_NOT_STATED_BY_SOURCE,,NOT_VERIFIED_DO_NOT_INFER,Kaiserslautern,Schalke 04,4,1,H,EVALUATION_ONLY_JOIN_AFTER_PREMATCH_FEATURE_FREEZE,2.63,3.56,2.51,EXTERNAL_HISTORICAL_MARKET_BENCHMARK,NOT_AVAILABLE,NOT_GOLDBET,318b6c3231c5e53459cb59e297c27e1f66f9cbd47c8950933a1fd0b788c7beba
0d05bb4665ba6aac9eda8ecf,2. Bundesliga,2023/2024,DEVELOPMENT,2024-01-27,12:00,MATCH_KICKOFF_TIME_TIMEZONE_NOT_STATED_BY_SOURCE,,NOT_VERIFIED_DO_NOT_INFER,Hansa Rostock,Elversberg,2,1,H,EVALUATION_ONLY_JOIN_AFTER_PREMATCH_FEATURE_FREEZE,3.14,3.39,2.24,EXTERNAL_HISTORICAL_MARKET_BENCHMARK,NOT_AVAILABLE,NOT_GOLDBET,70a1e66473fcc0737c5981252aa0be620eb663dc188d37f3f886442f61e478d6
283736e22732d1caf5663214,2. Bundesliga,2023/2024,DEVELOPMENT,2024-01-27,12:00,MATCH_KICKOFF_TIME_TIMEZONE_NOT_STATED_BY_SOURCE,,NOT_VERIFIED_DO_NOT_INFER,Osnabruck,Paderborn,0,0,D,EVALUATION_ONLY_JOIN_AFTER_PREMATCH_FEATURE_FREEZE,3.34,3.74,2.03,EXTERNAL_HISTORICAL_MARKET_BENCHMARK,NOT_AVAILABLE,NOT_GOLDBET,9abf613569e0a431da657460c82e71ab8425312882bdb0f7201fbadac3674484
110e3c83fdd095b74dbaf1b0,2. Bundesliga,2023/2024,DEVELOPMENT,2024-01-27,12:00,MATCH_KICKOFF_TIME_TIMEZONE_NOT_STATED_BY_SOURCE,,NOT_VERIFIED_DO_NOT_INFER,Wehen,Hertha,3,1,H,EVALUATION_ONLY_JOIN_AFTER_PREMATCH_FEATURE_FREEZE,2.74,3.44,2.46,EXTERNAL_HISTORICAL_MARKET_BENCHMARK,NOT_AVAILABLE,NOT_GOLDBET,476264a9e87a53662a34eb3412dd4c634829a6636c0f69302e0884dc9684240b
7ac05ebc8bced0a154dfcd69,2. Bundesliga,2023/2024,DEVELOPMENT,2024-01-27,19:30,MATCH_KICKOFF_TIME_TIMEZONE_NOT_STATED_BY_SOURCE,,NOT_VERIFIED_DO_NOT_INFER,Fortuna Dusseldorf,St Pauli,1,2,A,EVALUATION_ONLY_JOIN_AFTER_PREMATCH_FEATURE_FREEZE,2.95,3.37,2.36,EXTERNAL_HISTORICAL_MARKET_BENCHMARK,NOT_AVAILABLE,NOT_GOLDBET,99af0c9aaa23debac0a9cf2f2a0ac818bec833cec8fc35c18f64fdb8cf446f0b
63f66153248576ff87c2d056,2. Bundesliga,2023/2024,DEVELOPMENT,2024-01-28,12:30,MATCH_KICKOFF_TIME_TIMEZONE_NOT_STATED_BY_SOURCE,,NOT_VERIFIED_DO_NOT_INFER,Braunschweig,Magdeburg,1,0,H,EVALUATION_ONLY_JOIN_AFTER_PREMATCH_FEATURE_FREEZE,2.39,3.5,2.82,EXTERNAL_HISTORICAL_MARKET_BENCHMARK,NOT_AVAILABLE,NOT_GOLDBET,ba4ea1b01f4a085cf10393058c0af69c45f7e161b7bd7acc8a93eea5b11b4996
f37e674791e3f7ef0873129e,2. Bundesliga,2023/2024,DEVELOPMENT,2024-01-28,12:30,MATCH_KICKOFF_TIME_TIMEZONE_NOT_STATED_BY_SOURCE,,NOT_VERIFIED_DO_NOT_INFER,Greuther Furth,Holstein Kiel,2,1,H,EVALUATION_ONLY_JOIN_AFTER_PREMATCH_FEATURE_FREEZE,1.98,3.67,3.55,EXTERNAL_HISTORICAL_MARKET_BENCHMARK,NOT_AVAILABLE,NOT_GOLDBET,1c97acb4c36dafbab75eb5ebbe7945425ed0d72c934fb2e63611b03c1be4f84c
d4e74192a9f1959e6434611e,2. Bundesliga,2023/2024,DEVELOPMENT,2024-01-28,12:30,MATCH_KICKOFF_TIME_TIMEZONE_NOT_STATED_BY_SOURCE,,NOT_VERIFIED_DO_NOT_INFER,Hamburg,Karlsruhe,3,4,A,EVALUATION_ONLY_JOIN_AFTER_PREMATCH_FEATURE_FREEZE,1.55,4.56,5.15,EXTERNAL_HISTORICAL_MARKET_BENCHMARK,NOT_AVAILABLE,NOT_GOLDBET,bae9f315cd5e124043b32bed3ac9762d13ca9d5ee9526dd2d462bab49245467d
0eec3d30f7a5fa83cb49c05b,2. Bundesliga,2023/2024,DEVELOPMENT,2024-02-02,17:30,MATCH_KICKOFF_TIME_TIMEZONE_NOT_STATED_BY_SOURCE,,NOT_VERIFIED_DO_NOT_INFER,Karlsruhe,Wehen,2,2,D,EVALUATION_ONLY_JOIN_AFTER_PREMATCH_FEATURE_FREEZE,1.69,4.18,4.4,EXTERNAL_HISTORICAL_MARKET_BENCHMARK,NOT_AVAILABLE,NOT_GOLDBET,8d0767577c57dd777eac3fbe878691d4c509e70e8fdaecfea2df46e130b920ea
5112f547fedbc5f6f275caea,2. Bundesliga,2023/2024,DEVELOPMENT,2024-02-02,17:30,MATCH_KICKOFF_TIME_TIMEZONE_NOT_STATED_BY_SOURCE,,NOT_VERIFIED_DO_NOT_INFER,Magdeburg,Holstein Kiel,1,1,D,EVALUATION_ONLY_JOIN_AFTER_PREMATCH_FEATURE_FREEZE,2.36,3.61,2.8,EXTERNAL_HISTORICAL_MARKET_BENCHMARK,NOT_AVAILABLE,NOT_GOLDBET,900bdd04a328a5422d52d5bd532e040bec3dd4c3bb319e4579790ea1c87498b1
b72f50be724e53cfcf600918,2. Bundesliga,2023/2024,DEVELOPMENT,2024-02-03,12:00,MATCH_KICKOFF_TIME_TIMEZONE_NOT_STATED_BY_SOURCE,,NOT_VERIFIED_DO_NOT_INFER,Nurnberg,Osnabruck,2,2,D,EVALUATION_ONLY_JOIN_AFTER_PREMATCH_FEATURE_FREEZE,1.99,3.68,3.54,EXTERNAL_HISTORICAL_MARKET_BENCHMARK,NOT_AVAILABLE,NOT_GOLDBET,ea188509ac796bddfef2854ed83d95b3a307f295bc09b84dde5bf5bae7a8f82b
b46b511baff11728c91b4447,2. Bundesliga,2023/2024,DEVELOPMENT,2024-02-03,12:00,MATCH_KICKOFF_TIME_TIMEZONE_NOT_STATED_BY_SOURCE,,NOT_VERIFIED_DO_NOT_INFER,Schalke 04,Braunschweig,1,0,H,EVALUATION_ONLY_JOIN_AFTER_PREMATCH_FEATURE_FREEZE,1.9,3.57,4,EXTERNAL_HISTORICAL_MARKET_BENCHMARK,NOT_AVAILABLE,NOT_GOLDBET,8235ef1fc2f7e2caf1b59ec0ff8460a0dd6368dac248b12ffa7a424eda342b78
9067da154c86834fffe4409b,2. Bundesliga,2023/2024,DEVELOPMENT,2024-02-03,12:00,MATCH_KICKOFF_TIME_TIMEZONE_NOT_STATED_BY_SOURCE,,NOT_VERIFIED_DO_NOT_INFER,St Pauli,Greuther Furth,3,2,H,EVALUATION_ONLY_JOIN_AFTER_PREMATCH_FEATURE_FREEZE,1.63,3.91,5.41,EXTERNAL_HISTORICAL_MARKET_BENCHMARK,NOT_AVAILABLE,NOT_GOLDBET,a04a95511a6278f192cc36c6d8c43fc797455caa2a0d5e3269479533620385f2
f4abe69149b5f1bdb4947548,2. Bundesliga,2023/2024,DEVELOPMENT,2024-02-03,19:30,MATCH_KICKOFF_TIME_TIMEZONE_NOT_STATED_BY_SOURCE,,NOT_VERIFIED_DO_NOT_INFER,Hertha,Hamburg,1,2,A,EVALUATION_ONLY_JOIN_AFTER_PREMATCH_FEATURE_FREEZE,2.8,3.68,2.32,EXTERNAL_HISTORICAL_MARKET_BENCHMARK,NOT_AVAILABLE,NOT_GOLDBET,1d3f5cba2316cefd3ae15428b4edfa626ab818cfb8711eadc3a680dd163f7e96
3c62f60c12a1dea07093f237,2. Bundesliga,2023/2024,DEVELOPMENT,2024-02-04,12:30,MATCH_KICKOFF_TIME_TIMEZONE_NOT_STATED_BY_SOURCE,,NOT_VERIFIED_DO_NOT_INFER,Elversberg,Kaiserslautern,2,1,H,EVALUATION_ONLY_JOIN_AFTER_PREMATCH_FEATURE_FREEZE,2.22,3.58,3,EXTERNAL_HISTORICAL_MARKET_BENCHMARK,NOT_AVAILABLE,NOT_GOLDBET,dcceeaf2c68eaa66bafaef10829eca43e0b857aa1ee30d4527d5c49ecc5363a8
bd749aa16881cee88f3ed8a5,2. Bundesliga,2023/2024,DEVELOPMENT,2024-02-04,12:30,MATCH_KICKOFF_TIME_TIMEZONE_NOT_STATED_BY_SOURCE,,NOT_VERIFIED_DO_NOT_INFER,Hannover,Hansa Rostock,2,1,H,EVALUATION_ONLY_JOIN_AFTER_PREMATCH_FEATURE_FREEZE,1.49,4.37,6.35,EXTERNAL_HISTORICAL_MARKET_BENCHMARK,NOT_AVAILABLE,NOT_GOLDBET,47e2fcb92d122b49cc456dd291568ef3521b94409ee831de304b0fafe8e3711d
94137bfae21fd7d4cabc82a2,2. Bundesliga,2023/2024,DEVELOPMENT,2024-02-04,12:30,MATCH_KICKOFF_TIME_TIMEZONE_NOT_STATED_BY_SOURCE,,NOT_VERIFIED_DO_NOT_INFER,Paderborn,Fortuna Dusseldorf,4,3,H,EVALUATION_ONLY_JOIN_AFTER_PREMATCH_FEATURE_FREEZE,2.54,3.52,2.61,EXTERNAL_HISTORICAL_MARKET_BENCHMARK,NOT_AVAILABLE,NOT_GOLDBET,6a9ce5f2b2599c1f6bd8b57ff16b34cfc55d79b5f27d90103eb6fac1e3739f63
4fef888b5954678c1e0fd7bd,2. Bundesliga,2023/2024,DEVELOPMENT,2024-02-09,17:30,MATCH_KICKOFF_TIME_TIMEZONE_NOT_STATED_BY_SOURCE,,NOT_VERIFIED_DO_NOT_INFER,Hamburg,Hannover,3,4,A,EVALUATION_ONLY_JOIN_AFTER_PREMATCH_FEATURE_FREEZE,1.7,4.19,4.29,EXTERNAL_HISTORICAL_MARKET_BENCHMARK,NOT_AVAILABLE,NOT_GOLDBET,02f74539de6a9411e65985650ff4469e21790070e0086c21e66e03f751058727
49d0b43960a9802a2c12f248,2. Bundesliga,2023/2024,DEVELOPMENT,2024-02-09,17:30,MATCH_KICKOFF_TIME_TIMEZONE_NOT_STATED_BY_SOURCE,,NOT_VERIFIED_DO_NOT_INFER,Wehen,Nurnberg,1,1,D,EVALUATION_ONLY_JOIN_AFTER_PREMATCH_FEATURE_FREEZE,1.91,3.78,3.7,EXTERNAL_HISTORICAL_MARKET_BENCHMARK,NOT_AVAILABLE,NOT_GOLDBET,b7c633760667614ba90ecdf7c0ba1ba60e0b998ac7f531c0002f018490ad8a88
a98d3830aa8ea60b9a1a91ac,2. Bundesliga,2023/2024,DEVELOPMENT,2024-02-10,12:00,MATCH_KICKOFF_TIME_TIMEZONE_NOT_STATED_BY_SOURCE,,NOT_VERIFIED_DO_NOT_INFER,Braunschweig,Karlsruhe,2,0,H,EVALUATION_ONLY_JOIN_AFTER_PREMATCH_FEATURE_FREEZE,2.35,3.61,2.8,EXTERNAL_HISTORICAL_MARKET_BENCHMARK,NOT_AVAILABLE,NOT_GOLDBET,cf7d4f844ca8deac535b0546a8c3228094944849e616e8f3051d3fadb0c1a9a1
f3c8f4b017feadc768915428,2. Bundesliga,2023/2024,DEVELOPMENT,2024-02-10,12:00,MATCH_KICKOFF_TIME_TIMEZONE_NOT_STATED_BY_SOURCE,,NOT_VERIFIED_DO_NOT_INFER,Fortuna Dusseldorf,Elversberg,1,1,D,EVALUATION_ONLY_JOIN_AFTER_PREMATCH_FEATURE_FREEZE,1.84,3.79,3.91,EXTERNAL_HISTORICAL_MARKET_BENCHMARK,NOT_AVAILABLE,NOT_GOLDBET,de8ab12d08680530f4cf3159576ea1fd3e2b4f23e66e4772e13c75458a5c8398
dfc2a9c16a54b14c7fe8f78e,2. Bundesliga,2023/2024,DEVELOPMENT,2024-02-10,12:00,MATCH_KICKOFF_TIME_TIMEZONE_NOT_STATED_BY_SOURCE,,NOT_VERIFIED_DO_NOT_INFER,Magdeburg,St Pauli,1,0,H,EVALUATION_ONLY_JOIN_AFTER_PREMATCH_FEATURE_FREEZE,3.98,3.72,1.86,EXTERNAL_HISTORICAL_MARKET_BENCHMARK,NOT_AVAILABLE,NOT_GOLDBET,3260176bf6d700a1db2bf790c3ffe24f76e7efa45dbc93521ca1473eec1b964b
b2c97d2d4fba56cf830d15b3,2. Bundesliga,2023/2024,DEVELOPMENT,2024-02-10,19:30,MATCH_KICKOFF_TIME_TIMEZONE_NOT_STATED_BY_SOURCE,,NOT_VERIFIED_DO_NOT_INFER,Kaiserslautern,Paderborn,1,2,A,EVALUATION_ONLY_JOIN_AFTER_PREMATCH_FEATURE_FREEZE,2.24,3.68,2.93,EXTERNAL_HISTORICAL_MARKET_BENCHMARK,NOT_AVAILABLE,NOT_GOLDBET,490cb25c70263f5944683a31d0c90a069a175e8c662525810993378f18f80695
8fba1fdb11f17d87fc79d9e0,2. Bundesliga,2023/2024,DEVELOPMENT,2024-02-11,12:30,MATCH_KICKOFF_TIME_TIMEZONE_NOT_STATED_BY_SOURCE,,NOT_VERIFIED_DO_NOT_INFER,Greuther Furth,Hertha,1,2,A,EVALUATION_ONLY_JOIN_AFTER_PREMATCH_FEATURE_FREEZE,2.03,3.68,3.39,EXTERNAL_HISTORICAL_MARKET_BENCHMARK,NOT_AVAILABLE,NOT_GOLDBET,a52965a208d5d1c0cfaa947495605734f6e5243e086cc51b65325d0244c0964e
eff0baa061131c825becf122,2. Bundesliga,2023/2024,DEVELOPMENT,2024-02-11,12:30,MATCH_KICKOFF_TIME_TIMEZONE_NOT_STATED_BY_SOURCE,,NOT_VERIFIED_DO_NOT_INFER,Holstein Kiel,Schalke 04,1,0,H,EVALUATION_ONLY_JOIN_AFTER_PREMATCH_FEATURE_FREEZE,2.48,3.6,2.62,EXTERNAL_HISTORICAL_MARKET_BENCHMARK,NOT_AVAILABLE,NOT_GOLDBET,8c0081c704c1cda7a77e47ca6a895458f8fad47a10f173e25d475f09a64b14ce
45fed9943edf93a1139c4cd4,2. Bundesliga,2023/2024,DEVELOPMENT,2024-02-11,12:30,MATCH_KICKOFF_TIME_TIMEZONE_NOT_STATED_BY_SOURCE,,NOT_VERIFIED_DO_NOT_INFER,Osnabruck,Hansa Rostock,0,0,D,EVALUATION_ONLY_JOIN_AFTER_PREMATCH_FEATURE_FREEZE,1.99,3.57,3.62,EXTERNAL_HISTORICAL_MARKET_BENCHMARK,NOT_AVAILABLE,NOT_GOLDBET,27d941f2555b8645eaeb735c5c3afb5e298bc3a14e1156cfa8c307aa00ac5c5c
60bd403ace70697687971549,2. Bundesliga,2023/2024,DEVELOPMENT,2024-02-16,17:30,MATCH_KICKOFF_TIME_TIMEZONE_NOT_STATED_BY_SOURCE,,NOT_VERIFIED_DO_NOT_INFER,Hannover,Greuther Furth,2,1,H,EVALUATION_ONLY_JOIN_AFTER_PREMATCH_FEATURE_FREEZE,2.18,3.53,3.14,EXTERNAL_HISTORICAL_MARKET_BENCHMARK,NOT_AVAILABLE,NOT_GOLDBET,15f294a0fa363efc9e3e66b7f5eaa61f4d690fe64e8d3e6c55ca71ed0f99f0fe
62c25535ba042756449b05fb,2. Bundesliga,2023/2024,DEVELOPMENT,2024-02-16,17:30,MATCH_KICKOFF_TIME_TIMEZONE_NOT_STATED_BY_SOURCE,,NOT_VERIFIED_DO_NOT_INFER,Hertha,Magdeburg,3,2,H,EVALUATION_ONLY_JOIN_AFTER_PREMATCH_FEATURE_FREEZE,2.33,3.66,2.79,EXTERNAL_HISTORICAL_MARKET_BENCHMARK,NOT_AVAILABLE,NOT_GOLDBET,57f6e60f4f57c2c8558cec9524dcf4810c33bc910e5a54a011c4be54cc6fe35c
a5b5a3e56cfafd9d307e0e25,2. Bundesliga,2023/2024,DEVELOPMENT,2024-02-17,12:00,MATCH_KICKOFF_TIME_TIMEZONE_NOT_STATED_BY_SOURCE,,NOT_VERIFIED_DO_NOT_INFER,Hansa Rostock,Hamburg,2,2,D,EVALUATION_ONLY_JOIN_AFTER_PREMATCH_FEATURE_FREEZE,4.86,4.39,1.6,EXTERNAL_HISTORICAL_MARKET_BENCHMARK,NOT_AVAILABLE,NOT_GOLDBET,698e1e78274c44a1b59fe4c8458577d8cb08821fa89a3b84c0fffbcd3d45bcb1
de3a89268f1a95ba3ba587c3,2. Bundesliga,2023/2024,DEVELOPMENT,2024-02-17,12:00,MATCH_KICKOFF_TIME_TIMEZONE_NOT_STATED_BY_SOURCE,,NOT_VERIFIED_DO_NOT_INFER,Paderborn,Holstein Kiel,0,4,A,EVALUATION_ONLY_JOIN_AFTER_PREMATCH_FEATURE_FREEZE,2.32,3.7,2.8,EXTERNAL_HISTORICAL_MARKET_BENCHMARK,NOT_AVAILABLE,NOT_GOLDBET,af9d6140e4e277b7bffeb7ab9af8a40c07e64957fd7ed0ce1f5a633a994e689f
ed40022aa3b6e5e1033889bf,2. Bundesliga,2023/2024,DEVELOPMENT,2024-02-17,12:00,MATCH_KICKOFF_TIME_TIMEZONE_NOT_STATED_BY_SOURCE,,NOT_VERIFIED_DO_NOT_INFER,Schalke 04,Wehen,1,0,H,EVALUATION_ONLY_JOIN_AFTER_PREMATCH_FEATURE_FREEZE,1.72,3.87,4.61,EXTERNAL_HISTORICAL_MARKET_BENCHMARK,NOT_AVAILABLE,NOT_GOLDBET,7fbcc6ecd12503167de62c83a3cfe2a58e3612883b18306a8686732a78c2ffee
8f27b3f31fbcf47dcf626d62,2. Bundesliga,2023/2024,DEVELOPMENT,2024-02-17,19:30,MATCH_KICKOFF_TIME_TIMEZONE_NOT_STATED_BY_SOURCE,,NOT_VERIFIED_DO_NOT_INFER,Karlsruhe,Fortuna Dusseldorf,2,2,D,EVALUATION_ONLY_JOIN_AFTER_PREMATCH_FEATURE_FREEZE,2.77,3.48,2.43,EXTERNAL_HISTORICAL_MARKET_BENCHMARK,NOT_AVAILABLE,NOT_GOLDBET,632dfbbad2a5aba6692e5be7caffcf937079324dc40c067c863e7c9e3cfb0d52
266807f9e35da6c26e8fe5a2,2. Bundesliga,2023/2024,DEVELOPMENT,2024-02-18,12:30,MATCH_KICKOFF_TIME_TIMEZONE_NOT_STATED_BY_SOURCE,,NOT_VERIFIED_DO_NOT_INFER,Elversberg,Osnabruck,3,1,H,EVALUATION_ONLY_JOIN_AFTER_PREMATCH_FEATURE_FREEZE,1.95,3.8,3.51,EXTERNAL_HISTORICAL_MARKET_BENCHMARK,NOT_AVAILABLE,NOT_GOLDBET,69a5e8cc3b322d1eb181d44fa69bdb53f03e7c5b6e9703760610fea89d2e7ae8
7d4bfa9e010e37669213b548,2. Bundesliga,2023/2024,DEVELOPMENT,2024-02-18,12:30,MATCH_KICKOFF_TIME_TIMEZONE_NOT_STATED_BY_SOURCE,,NOT_VERIFIED_DO_NOT_INFER,Nurnberg,Kaiserslautern,1,1,D,EVALUATION_ONLY_JOIN_AFTER_PREMATCH_FEATURE_FREEZE,2.73,3.55,2.44,EXTERNAL_HISTORICAL_MARKET_BENCHMARK,NOT_AVAILABLE,NOT_GOLDBET,59dae3ec232ab0de001928be3e374fb19849f7860b63ca083db89b0e632a4eb9
08d6f0b7b07859e2cefe24d4,2. Bundesliga,2023/2024,DEVELOPMENT,2024-02-18,12:30,MATCH_KICKOFF_TIME_TIMEZONE_NOT_STATED_BY_SOURCE,,NOT_VERIFIED_DO_NOT_INFER,St Pauli,Braunschweig,1,0,H,EVALUATION_ONLY_JOIN_AFTER_PREMATCH_FEATURE_FREEZE,1.36,4.96,8.16,EXTERNAL_HISTORICAL_MARKET_BENCHMARK,NOT_AVAILABLE,NOT_GOLDBET,704a7eedfbdcf5311f83f5c3b9b7c05ec3e72244b018bfeefac920e3366dd5f1
13ec5fb892fb7d2b96214a7f,2. Bundesliga,2023/2024,DEVELOPMENT,2024-02-23,17:30,MATCH_KICKOFF_TIME_TIMEZONE_NOT_STATED_BY_SOURCE,,NOT_VERIFIED_DO_NOT_INFER,Holstein Kiel,St Pauli,3,4,A,EVALUATION_ONLY_JOIN_AFTER_PREMATCH_FEATURE_FREEZE,2.88,3.38,2.39,EXTERNAL_HISTORICAL_MARKET_BENCHMARK,NOT_AVAILABLE,NOT_GOLDBET,15991e0613d9810260b577276f1cec7e3152c011cf7a3e572187e8f9c4fe21ef
cf5e83afb80e78a26484d1ff,2. Bundesliga,2023/2024,DEVELOPMENT,2024-02-23,17:30,MATCH_KICKOFF_TIME_TIMEZONE_NOT_STATED_BY_SOURCE,,NOT_VERIFIED_DO_NOT_INFER,Wehen,Paderborn,1,2,A,EVALUATION_ONLY_JOIN_AFTER_PREMATCH_FEATURE_FREEZE,2.83,3.59,2.33,EXTERNAL_HISTORICAL_MARKET_BENCHMARK,NOT_AVAILABLE,NOT_GOLDBET,77ca12d874dd6333a0d2105c3d3725034b6247b5dfdc0b66f80bb93371cdbd88
cc631afeaf6f841dd3828261,2. Bundesliga,2023/2024,DEVELOPMENT,2024-02-24,12:00,MATCH_KICKOFF_TIME_TIMEZONE_NOT_STATED_BY_SOURCE,,NOT_VERIFIED_DO_NOT_INFER,Braunschweig,Hertha,1,1,D,EVALUATION_ONLY_JOIN_AFTER_PREMATCH_FEATURE_FREEZE,2.3,3.53,2.89,EXTERNAL_HISTORICAL_MARKET_BENCHMARK,NOT_AVAILABLE,NOT_GOLDBET,7333482d5702d48903853c761664757e4147eefdf46a7c5a21237efe33271370
2c003926e10e629c897762d9,2. Bundesliga,2023/2024,DEVELOPMENT,2024-02-24,12:00,MATCH_KICKOFF_TIME_TIMEZONE_NOT_STATED_BY_SOURCE,,NOT_VERIFIED_DO_NOT_INFER,Kaiserslautern,Karlsruhe,0,4,A,EVALUATION_ONLY_JOIN_AFTER_PREMATCH_FEATURE_FREEZE,2.17,3.55,3.14,EXTERNAL_HISTORICAL_MARKET_BENCHMARK,NOT_AVAILABLE,NOT_GOLDBET,4452bcbd98ae1bdb823d75862a721a5021c6a6a0bb5e468e17704493a70b9dea
ad7b4467f140c03dc2db4de6,2. Bundesliga,2023/2024,DEVELOPMENT,2024-02-24,12:00,MATCH_KICKOFF_TIME_TIMEZONE_NOT_STATED_BY_SOURCE,,NOT_VERIFIED_DO_NOT_INFER,Osnabruck,Hannover,1,0,H,EVALUATION_ONLY_JOIN_AFTER_PREMATCH_FEATURE_FREEZE,3.25,3.65,2.09,EXTERNAL_HISTORICAL_MARKET_BENCHMARK,NOT_AVAILABLE,NOT_GOLDBET,df8c67bdaafc66d178694845ff2e00ce7a99ece41d6173fc3fdb39de9c046fe8
b35b03231378919417ac9edf,2. Bundesliga,2023/2024,DEVELOPMENT,2024-02-24,19:30,MATCH_KICKOFF_TIME_TIMEZONE_NOT_STATED_BY_SOURCE,,NOT_VERIFIED_DO_NOT_INFER,Magdeburg,Schalke 04,3,0,H,EVALUATION_ONLY_JOIN_AFTER_PREMATCH_FEATURE_FREEZE,2.16,3.64,3.11,EXTERNAL_HISTORICAL_MARKET_BENCHMARK,NOT_AVAILABLE,NOT_GOLDBET,f4f6d8ea48fdb7b269a7408c3eaea6c497353b43e93d72db074ffb4846a8f47f
3cc2b5064a0328862e7b4fc7,2. Bundesliga,2023/2024,DEVELOPMENT,2024-02-25,12:30,MATCH_KICKOFF_TIME_TIMEZONE_NOT_STATED_BY_SOURCE,,NOT_VERIFIED_DO_NOT_INFER,Fortuna Dusseldorf,Hansa Rostock,2,0,H,EVALUATION_ONLY_JOIN_AFTER_PREMATCH_FEATURE_FREEZE,1.41,4.74,7.04,EXTERNAL_HISTORICAL_MARKET_BENCHMARK,NOT_AVAILABLE,NOT_GOLDBET,ed690307a236f607cc0472c8df9568976246cdb515af1219a1acefdba35da22f
e01a61c43db4321c3d880423,2. Bundesliga,2023/2024,DEVELOPMENT,2024-02-25,12:30,MATCH_KICKOFF_TIME_TIMEZONE_NOT_STATED_BY_SOURCE,,NOT_VERIFIED_DO_NOT_INFER,Greuther Furth,Nurnberg,2,1,H,EVALUATION_ONLY_JOIN_AFTER_PREMATCH_FEATURE_FREEZE,1.61,4.17,5.06,EXTERNAL_HISTORICAL_MARKET_BENCHMARK,NOT_AVAILABLE,NOT_GOLDBET,f8b05f0fb9e446deb59e15ef64f4aa58bef2ea6e42112d8e56636f747fb101d6
17777cb5a71f3b59bd11134b,2. Bundesliga,2023/2024,DEVELOPMENT,2024-02-25,12:30,MATCH_KICKOFF_TIME_TIMEZONE_NOT_STATED_BY_SOURCE,,NOT_VERIFIED_DO_NOT_INFER,Hamburg,Elversberg,1,0,H,EVALUATION_ONLY_JOIN_AFTER_PREMATCH_FEATURE_FREEZE,1.51,4.76,5.23,EXTERNAL_HISTORICAL_MARKET_BENCHMARK,NOT_AVAILABLE,NOT_GOLDBET,36df98deebc9ee4315c29427177b0f81709554e606c863862c774382f83a79b9
dfa4b93047544b50652fe5c5,2. Bundesliga,2023/2024,DEVELOPMENT,2024-03-01,17:30,MATCH_KICKOFF_TIME_TIMEZONE_NOT_STATED_BY_SOURCE,,NOT_VERIFIED_DO_NOT_INFER,Hertha,Holstein Kiel,2,2,D,EVALUATION_ONLY_JOIN_AFTER_PREMATCH_FEATURE_FREEZE,2.49,3.64,2.61,EXTERNAL_HISTORICAL_MARKET_BENCHMARK,NOT_AVAILABLE,NOT_GOLDBET,2f14cfbb886ab6e67eb463be38808a18f3d8bf60275f5ae659431afaef7e1b83
7f9838e87504eaff6fb5df33,2. Bundesliga,2023/2024,DEVELOPMENT,2024-03-01,17:30,MATCH_KICKOFF_TIME_TIMEZONE_NOT_STATED_BY_SOURCE,,NOT_VERIFIED_DO_NOT_INFER,Schalke 04,St Pauli,3,1,H,EVALUATION_ONLY_JOIN_AFTER_PREMATCH_FEATURE_FREEZE,3.52,3.48,2.05,EXTERNAL_HISTORICAL_MARKET_BENCHMARK,NOT_AVAILABLE,NOT_GOLDBET,a01975602e261985d36af9f3860120d9bac0b806eff6777b7721f2b493bc99e1
339011167606a3282b88798b,2. Bundesliga,2023/2024,DEVELOPMENT,2024-03-02,12:00,MATCH_KICKOFF_TIME_TIMEZONE_NOT_STATED_BY_SOURCE,,NOT_VERIFIED_DO_NOT_INFER,Hannover,Fortuna Dusseldorf,2,2,D,EVALUATION_ONLY_JOIN_AFTER_PREMATCH_FEATURE_FREEZE,2.4,3.44,2.84,EXTERNAL_HISTORICAL_MARKET_BENCHMARK,NOT_AVAILABLE,NOT_GOLDBET,bff07e1ea6d2ec66fb0c19cf6742141a6ed97fae5abde51b8ff0cc40cbbea12c
20167cd3ae84fb1291e9ee34,2. Bundesliga,2023/2024,DEVELOPMENT,2024-03-02,12:00,MATCH_KICKOFF_TIME_TIMEZONE_NOT_STATED_BY_SOURCE,,NOT_VERIFIED_DO_NOT_INFER,Hansa Rostock,Kaiserslautern,0,3,A,EVALUATION_ONLY_JOIN_AFTER_PREMATCH_FEATURE_FREEZE,2.85,3.38,2.43,EXTERNAL_HISTORICAL_MARKET_BENCHMARK,NOT_AVAILABLE,NOT_GOLDBET,8bd0985eff03aa5ff410a86f3e37640edc9b89c40f6291590b1b338db7b984d5
b23e4c3f858151464decf9b7,2. Bundesliga,2023/2024,DEVELOPMENT,2024-03-02,12:00,MATCH_KICKOFF_TIME_TIMEZONE_NOT_STATED_BY_SOURCE,,NOT_VERIFIED_DO_NOT_INFER,Nurnberg,Braunschweig,2,1,H,EVALUATION_ONLY_JOIN_AFTER_PREMATCH_FEATURE_FREEZE,2.79,3.38,2.47,EXTERNAL_HISTORICAL_MARKET_BENCHMARK,NOT_AVAILABLE,NOT_GOLDBET,bd51a62898017e3ef391257123aadb8e13990857844e116744ab905124da36ae
5a2052908055d48ce6bf02c8,2. Bundesliga,2023/2024,DEVELOPMENT,2024-03-02,19:30,MATCH_KICKOFF_TIME_TIMEZONE_NOT_STATED_BY_SOURCE,,NOT_VERIFIED_DO_NOT_INFER,Karlsruhe,Greuther Furth,4,0,H,EVALUATION_ONLY_JOIN_AFTER_PREMATCH_FEATURE_FREEZE,2.2,3.52,3.12,EXTERNAL_HISTORICAL_MARKET_BENCHMARK,NOT_AVAILABLE,NOT_GOLDBET,3d4101c70f6f02240e343382b9a39f8aba58e177ec2fa4b75ac2c7c5e859f475
c64a4b305b0184098f29610e,2. Bundesliga,2023/2024,DEVELOPMENT,2024-03-03,12:30,MATCH_KICKOFF_TIME_TIMEZONE_NOT_STATED_BY_SOURCE,,NOT_VERIFIED_DO_NOT_INFER,Elversberg,Wehen,0,3,A,EVALUATION_ONLY_JOIN_AFTER_PREMATCH_FEATURE_FREEZE,1.96,3.79,3.5,EXTERNAL_HISTORICAL_MARKET_BENCHMARK,NOT_AVAILABLE,NOT_GOLDBET,446d3b4425f0d963975499bb60a76be3198fd97428caafd4f0e0944ef40bdd59
bb0384b5f66dccc94950672a,2. Bundesliga,2023/2024,DEVELOPMENT,2024-03-03,12:30,MATCH_KICKOFF_TIME_TIMEZONE_NOT_STATED_BY_SOURCE,,NOT_VERIFIED_DO_NOT_INFER,Hamburg,Osnabruck,1,2,A,EVALUATION_ONLY_JOIN_AFTER_PREMATCH_FEATURE_FREEZE,1.42,5.09,6.15,EXTERNAL_HISTORICAL_MARKET_BENCHMARK,NOT_AVAILABLE,NOT_GOLDBET,63c6d2b37dc37626bc6a808c02db2edf8ed1d5dc8696432b3ac3799b5852df0e
400216a27a0e6957ce03649d,2. Bundesliga,2023/2024,DEVELOPMENT,2024-03-03,12:30,MATCH_KICKOFF_TIME_TIMEZONE_NOT_STATED_BY_SOURCE,,NOT_VERIFIED_DO_NOT_INFER,Paderborn,Magdeburg,0,0,D,EVALUATION_ONLY_JOIN_AFTER_PREMATCH_FEATURE_FREEZE,2.06,3.82,3.19,EXTERNAL_HISTORICAL_MARKET_BENCHMARK,NOT_AVAILABLE,NOT_GOLDBET,b88b2fb92289545a9deab1cedbbe4a3f78115d95f5f7bbf05800a487108c7c41
cfed5b343d101568b310813b,2. Bundesliga,2023/2024,DEVELOPMENT,2024-03-08,17:30,MATCH_KICKOFF_TIME_TIMEZONE_NOT_STATED_BY_SOURCE,,NOT_VERIFIED_DO_NOT_INFER,Braunschweig,Hansa Rostock,0,1,A,EVALUATION_ONLY_JOIN_AFTER_PREMATCH_FEATURE_FREEZE,1.69,3.8,4.97,EXTERNAL_HISTORICAL_MARKET_BENCHMARK,NOT_AVAILABLE,NOT_GOLDBET,9dcd3ab78d23df481f507c2b534aefa22894ee03165f82e440a412d73c17b669
7b5ccc42c8a4454acb476dfc,2. Bundesliga,2023/2024,DEVELOPMENT,2024-03-08,17:30,MATCH_KICKOFF_TIME_TIMEZONE_NOT_STATED_BY_SOURCE,,NOT_VERIFIED_DO_NOT_INFER,Fortuna Dusseldorf,Hamburg,2,0,H,EVALUATION_ONLY_JOIN_AFTER_PREMATCH_FEATURE_FREEZE,2.47,3.63,2.63,EXTERNAL_HISTORICAL_MARKET_BENCHMARK,NOT_AVAILABLE,NOT_GOLDBET,b1a87cee1e4ee04260d671311ee6b7ff3f239ffec8ad1abfd8c87f8d987f335b
2d41e12689a51f5a67aea515,2. Bundesliga,2023/2024,DEVELOPMENT,2024-03-09,12:00,MATCH_KICKOFF_TIME_TIMEZONE_NOT_STATED_BY_SOURCE,,NOT_VERIFIED_DO_NOT_INFER,Holstein Kiel,Karlsruhe,1,0,H,EVALUATION_ONLY_JOIN_AFTER_PREMATCH_FEATURE_FREEZE,2.18,3.52,3.16,EXTERNAL_HISTORICAL_MARKET_BENCHMARK,NOT_AVAILABLE,NOT_GOLDBET,e117841e66ea05afcc4b00538bd194e987499d81ee58993438871a9af928022a
1f203b9b0f9f83831c0fa58e,2. Bundesliga,2023/2024,DEVELOPMENT,2024-03-09,12:00,MATCH_KICKOFF_TIME_TIMEZONE_NOT_STATED_BY_SOURCE,,NOT_VERIFIED_DO_NOT_INFER,Schalke 04,Paderborn,3,3,D,EVALUATION_ONLY_JOIN_AFTER_PREMATCH_FEATURE_FREEZE,2.18,3.61,3.08,EXTERNAL_HISTORICAL_MARKET_BENCHMARK,NOT_AVAILABLE,NOT_GOLDBET,bfc203a04a6782d1ee9a30243a1f518ad53d2f9fdc7d8b2f89a11bbcda754b03
0cdfda66543c4b049e1982df,2. Bundesliga,2023/2024,DEVELOPMENT,2024-03-09,12:00,MATCH_KICKOFF_TIME_TIMEZONE_NOT_STATED_BY_SOURCE,,NOT_VERIFIED_DO_NOT_INFER,Wehen,Hannover,1,1,D,EVALUATION_ONLY_JOIN_AFTER_PREMATCH_FEATURE_FREEZE,3.09,3.51,2.22,EXTERNAL_HISTORICAL_MARKET_BENCHMARK,NOT_AVAILABLE,NOT_GOLDBET,a73f29f8bbb790f3c39c5a53d72991624c16c1bcc589b8ae9fff3eb08f72247a
71e330b93f3fb30e48c0aa6d,2. Bundesliga,2023/2024,DEVELOPMENT,2024-03-09,19:30,MATCH_KICKOFF_TIME_TIMEZONE_NOT_STATED_BY_SOURCE,,NOT_VERIFIED_DO_NOT_INFER,Magdeburg,Nurnberg,0,1,A,EVALUATION_ONLY_JOIN_AFTER_PREMATCH_FEATURE_FREEZE,1.73,4.07,4.21,EXTERNAL_HISTORICAL_MARKET_BENCHMARK,NOT_AVAILABLE,NOT_GOLDBET,9d42a7ba61d19dd183c13504db464c86252aa29b52bd7bddd1975fd3619a583a
82533f41483a8e0cf254955c,2. Bundesliga,2023/2024,DEVELOPMENT,2024-03-10,12:30,MATCH_KICKOFF_TIME_TIMEZONE_NOT_STATED_BY_SOURCE,,NOT_VERIFIED_DO_NOT_INFER,Greuther Furth,Elversberg,1,4,A,EVALUATION_ONLY_JOIN_AFTER_PREMATCH_FEATURE_FREEZE,1.8,3.92,4.03,EXTERNAL_HISTORICAL_MARKET_BENCHMARK,NOT_AVAILABLE,NOT_GOLDBET,b9f118de1f57a9d39b762e69c1834dc6270b14931f83e85c18826d0302a27dd9
b3e356af200a1824e0a6c7e5,2. Bundesliga,2023/2024,DEVELOPMENT,2024-03-10,12:30,MATCH_KICKOFF_TIME_TIMEZONE_NOT_STATED_BY_SOURCE,,NOT_VERIFIED_DO_NOT_INFER,Kaiserslautern,Osnabruck,3,2,H,EVALUATION_ONLY_JOIN_AFTER_PREMATCH_FEATURE_FREEZE,1.67,4.12,4.6,EXTERNAL_HISTORICAL_MARKET_BENCHMARK,NOT_AVAILABLE,NOT_GOLDBET,ad30cfc9462f26987dd75c086bd1773de228f00273d47bcebaa8fa5d248ff961
7eb015c74f4a953355e1651b,2. Bundesliga,2023/2024,DEVELOPMENT,2024-03-10,12:30,MATCH_KICKOFF_TIME_TIMEZONE_NOT_STATED_BY_SOURCE,,NOT_VERIFIED_DO_NOT_INFER,St Pauli,Hertha,2,0,H,EVALUATION_ONLY_JOIN_AFTER_PREMATCH_FEATURE_FREEZE,1.61,4.12,5.09,EXTERNAL_HISTORICAL_MARKET_BENCHMARK,NOT_AVAILABLE,NOT_GOLDBET,4fff4ef84f0ab155e75b68cf603136dce43583c962d769c3989e243645015a87
063e3d1f5dc9a4a98f7667ba,2. Bundesliga,2023/2024,DEVELOPMENT,2024-03-15,17:30,MATCH_KICKOFF_TIME_TIMEZONE_NOT_STATED_BY_SOURCE,,NOT_VERIFIED_DO_NOT_INFER,Osnabruck,Fortuna Dusseldorf,0,4,A,EVALUATION_ONLY_JOIN_AFTER_PREMATCH_FEATURE_FREEZE,3.35,3.7,2.03,EXTERNAL_HISTORICAL_MARKET_BENCHMARK,NOT_AVAILABLE,NOT_GOLDBET,a90cf57b9c0aeb6f5ee581c12ab13e23649e0a38e91e2e3ad5ec7f96a9ec0f06
1fad793a9e562975069af666,2. Bundesliga,2023/2024,DEVELOPMENT,2024-03-15,17:30,MATCH_KICKOFF_TIME_TIMEZONE_NOT_STATED_BY_SOURCE,,NOT_VERIFIED_DO_NOT_INFER,Paderborn,Braunschweig,1,2,A,EVALUATION_ONLY_JOIN_AFTER_PREMATCH_FEATURE_FREEZE,1.9,3.69,3.8,EXTERNAL_HISTORICAL_MARKET_BENCHMARK,NOT_AVAILABLE,NOT_GOLDBET,20fedb63cd3e7572c3f27a1857d78e3bc0cad4d42dd74aab5da87203e823046a
f75e5741a2ffb344c2567863,2. Bundesliga,2023/2024,DEVELOPMENT,2024-03-16,12:00,MATCH_KICKOFF_TIME_TIMEZONE_NOT_STATED_BY_SOURCE,,NOT_VERIFIED_DO_NOT_INFER,Elversberg,Holstein Kiel,0,2,A,EVALUATION_ONLY_JOIN_AFTER_PREMATCH_FEATURE_FREEZE,2.94,3.75,2.22,EXTERNAL_HISTORICAL_MARKET_BENCHMARK,NOT_AVAILABLE,NOT_GOLDBET,4d52a4e5b8e9fc11a42ebd1057a30307f57bada18f38db0cf9dac9b818de920a
7a41b172232e0c9c453bed73,2. Bundesliga,2023/2024,DEVELOPMENT,2024-03-16,12:00,MATCH_KICKOFF_TIME_TIMEZONE_NOT_STATED_BY_SOURCE,,NOT_VERIFIED_DO_NOT_INFER,Hansa Rostock,Greuther Furth,1,0,H,EVALUATION_ONLY_JOIN_AFTER_PREMATCH_FEATURE_FREEZE,2.92,3.47,2.34,EXTERNAL_HISTORICAL_MARKET_BENCHMARK,NOT_AVAILABLE,NOT_GOLDBET,3544eba3edc8a7a7d310432c8e01666542573ecb3dbb782306b09d052f2b6b33
1a242c6d6c011e9220afad8f,2. Bundesliga,2023/2024,DEVELOPMENT,2024-03-16,12:00,MATCH_KICKOFF_TIME_TIMEZONE_NOT_STATED_BY_SOURCE,,NOT_VERIFIED_DO_NOT_INFER,Nurnberg,St Pauli,0,2,A,EVALUATION_ONLY_JOIN_AFTER_PREMATCH_FEATURE_FREEZE,4.49,3.77,1.76,EXTERNAL_HISTORICAL_MARKET_BENCHMARK,NOT_AVAILABLE,NOT_GOLDBET,f4a06b8e103d7f37af827e873e063fc95e7314c30afe596419661b694b8a421d
909368fffca39103c6014e1e,2. Bundesliga,2023/2024,DEVELOPMENT,2024-03-16,19:30,MATCH_KICKOFF_TIME_TIMEZONE_NOT_STATED_BY_SOURCE,,NOT_VERIFIED_DO_NOT_INFER,Hannover,Kaiserslautern,1,1,D,EVALUATION_ONLY_JOIN_AFTER_PREMATCH_FEATURE_FREEZE,1.9,3.63,3.89,EXTERNAL_HISTORICAL_MARKET_BENCHMARK,NOT_AVAILABLE,NOT_GOLDBET,e0d898ee49288fa444c1ecdd78c72d490c308acd65dd55985f2ad270ea896b82
1ce96df7376d5945506049d6,2. Bundesliga,2023/2024,DEVELOPMENT,2024-03-17,12:30,MATCH_KICKOFF_TIME_TIMEZONE_NOT_STATED_BY_SOURCE,,NOT_VERIFIED_DO_NOT_INFER,Hamburg,Wehen,3,0,H,EVALUATION_ONLY_JOIN_AFTER_PREMATCH_FEATURE_FREEZE,1.49,4.65,5.65,EXTERNAL_HISTORICAL_MARKET_BENCHMARK,NOT_AVAILABLE,NOT_GOLDBET,0b0c27c0277449536921b6f122bf5f099e03b0820e4e64ad8aff231d1b51912f
3ec9d224b416c677248d4bec,2. Bundesliga,2023/2024,DEVELOPMENT,2024-03-17,12:30,MATCH_KICKOFF_TIME_TIMEZONE_NOT_STATED_BY_SOURCE,,NOT_VERIFIED_DO_NOT_INFER,Hertha,Schalke 04,5,2,H,EVALUATION_ONLY_JOIN_AFTER_PREMATCH_FEATURE_FREEZE,2.34,3.6,2.82,EXTERNAL_HISTORICAL_MARKET_BENCHMARK,NOT_AVAILABLE,NOT_GOLDBET,210645a58e4019922b158e58f12913d6348acde21bf8d4484c95cfba55c93052
b4d490ce4ebbcb79955b8c6c,2. Bundesliga,2023/2024,DEVELOPMENT,2024-03-17,12:30,MATCH_KICKOFF_TIME_TIMEZONE_NOT_STATED_BY_SOURCE,,NOT_VERIFIED_DO_NOT_INFER,Karlsruhe,Magdeburg,7,0,H,EVALUATION_ONLY_JOIN_AFTER_PREMATCH_FEATURE_FREEZE,2.02,3.8,3.33,EXTERNAL_HISTORICAL_MARKET_BENCHMARK,NOT_AVAILABLE,NOT_GOLDBET,93dbb7a7ccc18797749cd9c28724fad6e2c5aeb65a1f493dc5405b29d62a51c7
76574e8ad685ba2606cf7f62,2. Bundesliga,2023/2024,DEVELOPMENT,2024-03-30,12:00,MATCH_KICKOFF_TIME_TIMEZONE_NOT_STATED_BY_SOURCE,,NOT_VERIFIED_DO_NOT_INFER,Braunschweig,Elversberg,5,0,H,EVALUATION_ONLY_JOIN_AFTER_PREMATCH_FEATURE_FREEZE,2.23,3.59,3.03,EXTERNAL_HISTORICAL_MARKET_BENCHMARK,NOT_AVAILABLE,NOT_GOLDBET,ed2acc80db06078d03d52596199fac647f76198f64e9bdd84c18d39c57ab55a5
fd4b8d5f182b068ecb163afe,2. Bundesliga,2023/2024,DEVELOPMENT,2024-03-30,12:00,MATCH_KICKOFF_TIME_TIMEZONE_NOT_STATED_BY_SOURCE,,NOT_VERIFIED_DO_NOT_INFER,Holstein Kiel,Hansa Rostock,2,0,H,EVALUATION_ONLY_JOIN_AFTER_PREMATCH_FEATURE_FREEZE,1.46,4.66,6.16,EXTERNAL_HISTORICAL_MARKET_BENCHMARK,NOT_AVAILABLE,NOT_GOLDBET,91433a8008adff0e17204b8712bd35442de5a94740826c797eed974091816534
2ce97eaaf6c8c9173591317f,2. Bundesliga,2023/2024,DEVELOPMENT,2024-03-30,12:00,MATCH_KICKOFF_TIME_TIMEZONE_NOT_STATED_BY_SOURCE,,NOT_VERIFIED_DO_NOT_INFER,Kaiserslautern,Fortuna Dusseldorf,1,3,A,EVALUATION_ONLY_JOIN_AFTER_PREMATCH_FEATURE_FREEZE,2.85,3.44,2.41,EXTERNAL_HISTORICAL_MARKET_BENCHMARK,NOT_AVAILABLE,NOT_GOLDBET,bc8f31034dc0a867f587152502278bbcb412e35d5592ab920b83c0570f7f27fe
ae38ad200e587f57d1494299,2. Bundesliga,2023/2024,DEVELOPMENT,2024-03-30,19:30,MATCH_KICKOFF_TIME_TIMEZONE_NOT_STATED_BY_SOURCE,,NOT_VERIFIED_DO_NOT_INFER,Hertha,Nurnberg,3,3,D,EVALUATION_ONLY_JOIN_AFTER_PREMATCH_FEATURE_FREEZE,1.68,4.13,4.51,EXTERNAL_HISTORICAL_MARKET_BENCHMARK,NOT_AVAILABLE,NOT_GOLDBET,2993fbb35709488504c329ead586ea11d2cf93aab03322c82cf19a08f1558eb7
a94da2d6314246d27b416d0c,2. Bundesliga,2023/2024,DEVELOPMENT,2024-03-31,12:30,MATCH_KICKOFF_TIME_TIMEZONE_NOT_STATED_BY_SOURCE,,NOT_VERIFIED_DO_NOT_INFER,Greuther Furth,Hamburg,1,1,D,EVALUATION_ONLY_JOIN_AFTER_PREMATCH_FEATURE_FREEZE,3.05,3.69,2.15,EXTERNAL_HISTORICAL_MARKET_BENCHMARK,NOT_AVAILABLE,NOT_GOLDBET,cab1e8a23542fe7c5ffb651e3dae8de959d75f9b725ad63b3b630c87fb35bdb0
b5c0c25fdcfec7c645ac6315,2. Bundesliga,2023/2024,DEVELOPMENT,2024-03-31,12:30,MATCH_KICKOFF_TIME_TIMEZONE_NOT_STATED_BY_SOURCE,,NOT_VERIFIED_DO_NOT_INFER,Magdeburg,Hannover,0,3,A,EVALUATION_ONLY_JOIN_AFTER_PREMATCH_FEATURE_FREEZE,2.6,3.44,2.57,EXTERNAL_HISTORICAL_MARKET_BENCHMARK,NOT_AVAILABLE,NOT_GOLDBET,0a84a51925529d35e34573cdfeabd04deed289a4f1b44faea136ad71b9e1c9b6
7e7072e96471e18ff7082d7e,2. Bundesliga,2023/2024,DEVELOPMENT,2024-03-31,12:30,MATCH_KICKOFF_TIME_TIMEZONE_NOT_STATED_BY_SOURCE,,NOT_VERIFIED_DO_NOT_INFER,Schalke 04,Karlsruhe,0,0,D,EVALUATION_ONLY_JOIN_AFTER_PREMATCH_FEATURE_FREEZE,2.35,3.67,2.73,EXTERNAL_HISTORICAL_MARKET_BENCHMARK,NOT_AVAILABLE,NOT_GOLDBET,2059748153e1d8e52e230421d34181457a2f9834bb0e9cd724b29b7340aee2ec
6e605e7e4936812e3f2fc5cb,2. Bundesliga,2023/2024,DEVELOPMENT,2024-03-31,12:30,MATCH_KICKOFF_TIME_TIMEZONE_NOT_STATED_BY_SOURCE,,NOT_VERIFIED_DO_NOT_INFER,St Pauli,Paderborn,2,1,H,EVALUATION_ONLY_JOIN_AFTER_PREMATCH_FEATURE_FREEZE,1.67,4.03,4.61,EXTERNAL_HISTORICAL_MARKET_BENCHMARK,NOT_AVAILABLE,NOT_GOLDBET,9d471a00edba95900b745338ce9a75c2e88abb9822f9827fd1a47627eb27b071
fbf40b20b3e0ac8735be8bda,2. Bundesliga,2023/2024,DEVELOPMENT,2024-03-31,12:30,MATCH_KICKOFF_TIME_TIMEZONE_NOT_STATED_BY_SOURCE,,NOT_VERIFIED_DO_NOT_INFER,Wehen,Osnabruck,0,1,A,EVALUATION_ONLY_JOIN_AFTER_PREMATCH_FEATURE_FREEZE,1.94,3.67,3.64,EXTERNAL_HISTORICAL_MARKET_BENCHMARK,NOT_AVAILABLE,NOT_GOLDBET,6d3e42e1f1d5809b7a2c57002bc645ea82b4d42d8df2ead6ed022cb9228a3a6d
9fb9bd37a34535e2c0ba9fae,2. Bundesliga,2023/2024,DEVELOPMENT,2024-04-05,17:30,MATCH_KICKOFF_TIME_TIMEZONE_NOT_STATED_BY_SOURCE,,NOT_VERIFIED_DO_NOT_INFER,Hansa Rostock,Wehen,3,1,H,EVALUATION_ONLY_JOIN_AFTER_PREMATCH_FEATURE_FREEZE,2.42,3.34,2.88,EXTERNAL_HISTORICAL_MARKET_BENCHMARK,NOT_AVAILABLE,NOT_GOLDBET,ae0843432d42ca7d9866c6f434bb8ed6b68ee391d38017a44973319d72b73efe
f78cd5ca2107e8124cdee2bd,2. Bundesliga,2023/2024,DEVELOPMENT,2024-04-05,17:30,MATCH_KICKOFF_TIME_TIMEZONE_NOT_STATED_BY_SOURCE,,NOT_VERIFIED_DO_NOT_INFER,Paderborn,Hertha,2,3,A,EVALUATION_ONLY_JOIN_AFTER_PREMATCH_FEATURE_FREEZE,2.06,3.78,3.21,EXTERNAL_HISTORICAL_MARKET_BENCHMARK,NOT_AVAILABLE,NOT_GOLDBET,a80336ee57512ccedd0cee6955c2a3f56ccadcfa25510860ab3047cd703c3dcd
8e350964e404a1f31bdd1c22,2. Bundesliga,2023/2024,DEVELOPMENT,2024-04-06,12:00,MATCH_KICKOFF_TIME_TIMEZONE_NOT_STATED_BY_SOURCE,,NOT_VERIFIED_DO_NOT_INFER,Elversberg,Magdeburg,0,0,D,EVALUATION_ONLY_JOIN_AFTER_PREMATCH_FEATURE_FREEZE,2.21,3.66,3,EXTERNAL_HISTORICAL_MARKET_BENCHMARK,NOT_AVAILABLE,NOT_GOLDBET,4e6af7c184c6899b7cb4bb784fd919999fb450b71f203324830f812fc51f5751
18ecdf5df5fded50c9025b9f,2. Bundesliga,2023/2024,DEVELOPMENT,2024-04-06,12:00,MATCH_KICKOFF_TIME_TIMEZONE_NOT_STATED_BY_SOURCE,,NOT_VERIFIED_DO_NOT_INFER,Hamburg,Kaiserslautern,2,1,H,EVALUATION_ONLY_JOIN_AFTER_PREMATCH_FEATURE_FREEZE,1.8,3.91,4,EXTERNAL_HISTORICAL_MARKET_BENCHMARK,NOT_AVAILABLE,NOT_GOLDBET,5a47b7509180267923709c1c9e95d1758fe2886ea29c05daf7f4a25ebd3e59cc
84dd0188a055bb24ad189930,2. Bundesliga,2023/2024,DEVELOPMENT,2024-04-06,12:00,MATCH_KICKOFF_TIME_TIMEZONE_NOT_STATED_BY_SOURCE,,NOT_VERIFIED_DO_NOT_INFER,Nurnberg,Holstein Kiel,0,4,A,EVALUATION_ONLY_JOIN_AFTER_PREMATCH_FEATURE_FREEZE,3.31,3.64,2.08,EXTERNAL_HISTORICAL_MARKET_BENCHMARK,NOT_AVAILABLE,NOT_GOLDBET,d8770a6bafed54640fb78cb35c238582bf3604a1042b253668863f469eb8603e
d4ee546e5af13cf5f3d86dbb,2. Bundesliga,2023/2024,DEVELOPMENT,2024-04-06,19:30,MATCH_KICKOFF_TIME_TIMEZONE_NOT_STATED_BY_SOURCE,,NOT_VERIFIED_DO_NOT_INFER,Karlsruhe,St Pauli,2,1,H,EVALUATION_ONLY_JOIN_AFTER_PREMATCH_FEATURE_FREEZE,2.79,3.39,2.45,EXTERNAL_HISTORICAL_MARKET_BENCHMARK,NOT_AVAILABLE,NOT_GOLDBET,4557dca937e4400a7474ecf9af64f1d0b7bb9faef77b940d1cc704e48d31720f
7ac5244c094d87f31c08dd41,2. Bundesliga,2023/2024,DEVELOPMENT,2024-04-07,12:30,MATCH_KICKOFF_TIME_TIMEZONE_NOT_STATED_BY_SOURCE,,NOT_VERIFIED_DO_NOT_INFER,Fortuna Dusseldorf,Braunschweig,2,0,H,EVALUATION_ONLY_JOIN_AFTER_PREMATCH_FEATURE_FREEZE,1.66,4.01,4.73,EXTERNAL_HISTORICAL_MARKET_BENCHMARK,NOT_AVAILABLE,NOT_GOLDBET,a4905ee6fb74f0a0936887623706451092deaeef1bc6a5dcb0622bb1ab19c177
484089a3b44ec04b7bbcbc5f,2. Bundesliga,2023/2024,DEVELOPMENT,2024-04-07,12:30,MATCH_KICKOFF_TIME_TIMEZONE_NOT_STATED_BY_SOURCE,,NOT_VERIFIED_DO_NOT_INFER,Hannover,Schalke 04,1,1,D,EVALUATION_ONLY_JOIN_AFTER_PREMATCH_FEATURE_FREEZE,1.84,3.85,3.89,EXTERNAL_HISTORICAL_MARKET_BENCHMARK,NOT_AVAILABLE,NOT_GOLDBET,57279f5a15bf9d2a06c02d628f6b9c1cab9c5eda45e027c9568c1ef816683e88
4097cf8ddbd276e1b9013812,2. Bundesliga,2023/2024,DEVELOPMENT,2024-04-07,12:30,MATCH_KICKOFF_TIME_TIMEZONE_NOT_STATED_BY_SOURCE,,NOT_VERIFIED_DO_NOT_INFER,Osnabruck,Greuther Furth,2,0,H,EVALUATION_ONLY_JOIN_AFTER_PREMATCH_FEATURE_FREEZE,2.65,3.5,2.51,EXTERNAL_HISTORICAL_MARKET_BENCHMARK,NOT_AVAILABLE,NOT_GOLDBET,f7ee083e2b6315027d6f24bd86e69fca44d431c9ee749def2faded93eb909fbb
aea8ff612bef4d2559727585,2. Bundesliga,2023/2024,DEVELOPMENT,2024-04-12,17:30,MATCH_KICKOFF_TIME_TIMEZONE_NOT_STATED_BY_SOURCE,,NOT_VERIFIED_DO_NOT_INFER,Greuther Furth,Kaiserslautern,2,1,H,EVALUATION_ONLY_JOIN_AFTER_PREMATCH_FEATURE_FREEZE,2.77,3.65,2.37,EXTERNAL_HISTORICAL_MARKET_BENCHMARK,NOT_AVAILABLE,NOT_GOLDBET,f2abe6aa893ae24165e698be5e7b54e86fa9b7337474f8151d271cd08dcb4134
e233fb094d1182c0d35ca746,2. Bundesliga,2023/2024,DEVELOPMENT,2024-04-12,17:30,MATCH_KICKOFF_TIME_TIMEZONE_NOT_STATED_BY_SOURCE,,NOT_VERIFIED_DO_NOT_INFER,Hertha,Hansa Rostock,4,0,H,EVALUATION_ONLY_JOIN_AFTER_PREMATCH_FEATURE_FREEZE,1.8,3.91,4.05,EXTERNAL_HISTORICAL_MARKET_BENCHMARK,NOT_AVAILABLE,NOT_GOLDBET,154fb3720a7da9fe4115e93c2e3f93ca0de233178b65b74cc9013d206d641149
2bfbc884c7af490086cd16c4,2. Bundesliga,2023/2024,DEVELOPMENT,2024-04-13,12:00,MATCH_KICKOFF_TIME_TIMEZONE_NOT_STATED_BY_SOURCE,,NOT_VERIFIED_DO_NOT_INFER,Holstein Kiel,Osnabruck,4,0,H,EVALUATION_ONLY_JOIN_AFTER_PREMATCH_FEATURE_FREEZE,1.4,5.07,6.76,EXTERNAL_HISTORICAL_MARKET_BENCHMARK,NOT_AVAILABLE,NOT_GOLDBET,e97eb1ff7d47722c81d1a6ca93e9f75dd094c98533120ad86010bfb6d2303580
1a78037524ab770d4fe69dc4,2. Bundesliga,2023/2024,DEVELOPMENT,2024-04-13,12:00,MATCH_KICKOFF_TIME_TIMEZONE_NOT_STATED_BY_SOURCE,,NOT_VERIFIED_DO_NOT_INFER,Paderborn,Karlsruhe,1,1,D,EVALUATION_ONLY_JOIN_AFTER_PREMATCH_FEATURE_FREEZE,2.26,3.7,2.89,EXTERNAL_HISTORICAL_MARKET_BENCHMARK,NOT_AVAILABLE,NOT_GOLDBET,dd2dda426a0a72345691f81077a4040c08ee11fd729d72eccfd196c1ad484966
d1517f7e89e80972aad3151f,2. Bundesliga,2023/2024,DEVELOPMENT,2024-04-13,12:00,MATCH_KICKOFF_TIME_TIMEZONE_NOT_STATED_BY_SOURCE,,NOT_VERIFIED_DO_NOT_INFER,Wehen,Fortuna Dusseldorf,0,2,A,EVALUATION_ONLY_JOIN_AFTER_PREMATCH_FEATURE_FREEZE,3.56,3.79,1.95,EXTERNAL_HISTORICAL_MARKET_BENCHMARK,NOT_AVAILABLE,NOT_GOLDBET,336e1d73d39fbaee5e25dc4dc16e6d26ef690ebea70cbbf6d2fc408b05d5feed
4dce83ca6aaf46cc365257b9,2. Bundesliga,2023/2024,DEVELOPMENT,2024-04-13,19:30,MATCH_KICKOFF_TIME_TIMEZONE_NOT_STATED_BY_SOURCE,,NOT_VERIFIED_DO_NOT_INFER,Schalke 04,Nurnberg,2,0,H,EVALUATION_ONLY_JOIN_AFTER_PREMATCH_FEATURE_FREEZE,1.62,4.24,4.87,EXTERNAL_HISTORICAL_MARKET_BENCHMARK,NOT_AVAILABLE,NOT_GOLDBET,2293fb3c4e6d2640f28c93cc983a53f4cf64c732e18d6983c58abbd574afde57
af0c433ececb154f0ffd9a4f,2. Bundesliga,2023/2024,DEVELOPMENT,2024-04-14,12:30,MATCH_KICKOFF_TIME_TIMEZONE_NOT_STATED_BY_SOURCE,,NOT_VERIFIED_DO_NOT_INFER,Braunschweig,Hannover,0,0,D,EVALUATION_ONLY_JOIN_AFTER_PREMATCH_FEATURE_FREEZE,2.53,3.24,2.81,EXTERNAL_HISTORICAL_MARKET_BENCHMARK,NOT_AVAILABLE,NOT_GOLDBET,276468d19006a81bc6da8bcdb81e5e9f5fc33a08ea06d9e13a97bc3feee44f00
036052ce99d46269475dd9f0,2. Bundesliga,2023/2024,DEVELOPMENT,2024-04-14,12:30,MATCH_KICKOFF_TIME_TIMEZONE_NOT_STATED_BY_SOURCE,,NOT_VERIFIED_DO_NOT_INFER,Magdeburg,Hamburg,2,2,D,EVALUATION_ONLY_JOIN_AFTER_PREMATCH_FEATURE_FREEZE,3.14,3.92,2.05,EXTERNAL_HISTORICAL_MARKET_BENCHMARK,NOT_AVAILABLE,NOT_GOLDBET,b2abb6365c5295cc795f40f831e4c7708d48976fd2be6013b9a6ba82160a2447
b968277cc092ed2d15a34483,2. Bundesliga,2023/2024,DEVELOPMENT,2024-04-14,12:30,MATCH_KICKOFF_TIME_TIMEZONE_NOT_STATED_BY_SOURCE,,NOT_VERIFIED_DO_NOT_INFER,St Pauli,Elversberg,3,4,A,EVALUATION_ONLY_JOIN_AFTER_PREMATCH_FEATURE_FREEZE,1.37,5.07,7.68,EXTERNAL_HISTORICAL_MARKET_BENCHMARK,NOT_AVAILABLE,NOT_GOLDBET,92b093aa0dde22981dacc059cbb25fae55b5af0a9f96a9b14b410e4359fef974
a97b641410fb6af97d1a8072,2. Bundesliga,2023/2024,DEVELOPMENT,2024-04-19,17:30,MATCH_KICKOFF_TIME_TIMEZONE_NOT_STATED_BY_SOURCE,,NOT_VERIFIED_DO_NOT_INFER,Elversberg,Schalke 04,1,1,D,EVALUATION_ONLY_JOIN_AFTER_PREMATCH_FEATURE_FREEZE,2.62,3.57,2.49,EXTERNAL_HISTORICAL_MARKET_BENCHMARK,NOT_AVAILABLE,NOT_GOLDBET,571950d4c98e68c67f986789e59953ef0c1e7db70a751a4de60c71a16c1bad42
1ba792f374df321fe939ac2d,2. Bundesliga,2023/2024,DEVELOPMENT,2024-04-19,17:30,MATCH_KICKOFF_TIME_TIMEZONE_NOT_STATED_BY_SOURCE,,NOT_VERIFIED_DO_NOT_INFER,Nurnberg,Paderborn,0,2,A,EVALUATION_ONLY_JOIN_AFTER_PREMATCH_FEATURE_FREEZE,2.94,3.66,2.22,EXTERNAL_HISTORICAL_MARKET_BENCHMARK,NOT_AVAILABLE,NOT_GOLDBET,34da1d803b0c2c31cc53ba437264c16cf0742e12e649f572d232c4d3b5050a5f
f8dbfcaa97fd0f07e0b65a5d,2. Bundesliga,2023/2024,DEVELOPMENT,2024-04-20,12:00,MATCH_KICKOFF_TIME_TIMEZONE_NOT_STATED_BY_SOURCE,,NOT_VERIFIED_DO_NOT_INFER,Fortuna Dusseldorf,Greuther Furth,1,0,H,EVALUATION_ONLY_JOIN_AFTER_PREMATCH_FEATURE_FREEZE,1.5,4.46,5.86,EXTERNAL_HISTORICAL_MARKET_BENCHMARK,NOT_AVAILABLE,NOT_GOLDBET,2480b3bf19765ef936904a9dcfea2cabb54ea4c02f469e89bb40d015f9b0b6e4
a350cf8405a7fdb4f10fa2e6,2. Bundesliga,2023/2024,DEVELOPMENT,2024-04-20,12:00,MATCH_KICKOFF_TIME_TIMEZONE_NOT_STATED_BY_SOURCE,,NOT_VERIFIED_DO_NOT_INFER,Kaiserslautern,Wehen,1,1,D,EVALUATION_ONLY_JOIN_AFTER_PREMATCH_FEATURE_FREEZE,1.76,3.89,4.31,EXTERNAL_HISTORICAL_MARKET_BENCHMARK,NOT_AVAILABLE,NOT_GOLDBET,d44d089a4a96d83798518c986361e65164c73b115005a10595a488bb71ee3321
41835f1b8f6ebe8bc5b66ec3,2. Bundesliga,2023/2024,DEVELOPMENT,2024-04-20,12:00,MATCH_KICKOFF_TIME_TIMEZONE_NOT_STATED_BY_SOURCE,,NOT_VERIFIED_DO_NOT_INFER,Osnabruck,Braunschweig,0,3,A,EVALUATION_ONLY_JOIN_AFTER_PREMATCH_FEATURE_FREEZE,2.83,3.39,2.43,EXTERNAL_HISTORICAL_MARKET_BENCHMARK,NOT_AVAILABLE,NOT_GOLDBET,f0c052b96bab5f4bb5b62e7687a124a931b1ef8987667607369098f6162be567
b44c41b82caa70e22cd74890,2. Bundesliga,2023/2024,DEVELOPMENT,2024-04-20,19:30,MATCH_KICKOFF_TIME_TIMEZONE_NOT_STATED_BY_SOURCE,,NOT_VERIFIED_DO_NOT_INFER,Hamburg,Holstein Kiel,0,1,A,EVALUATION_ONLY_JOIN_AFTER_PREMATCH_FEATURE_FREEZE,2.08,3.87,3.11,EXTERNAL_HISTORICAL_MARKET_BENCHMARK,NOT_AVAILABLE,NOT_GOLDBET,73d53788dd285edd6a72f0a2c382e6cdeb6a56a913b1058e23ad2d75b2370a79
74d15312598c770b1b78f9e4,2. Bundesliga,2023/2024,DEVELOPMENT,2024-04-21,12:30,MATCH_KICKOFF_TIME_TIMEZONE_NOT_STATED_BY_SOURCE,,NOT_VERIFIED_DO_NOT_INFER,Hannover,St Pauli,1,2,A,EVALUATION_ONLY_JOIN_AFTER_PREMATCH_FEATURE_FREEZE,3.02,3.32,2.35,EXTERNAL_HISTORICAL_MARKET_BENCHMARK,NOT_AVAILABLE,NOT_GOLDBET,93e95569032e6f87567e23a0c81cfe967597035a488a535bac9cc07716c70b69
82a775046a946594df09e5d0,2. Bundesliga,2023/2024,DEVELOPMENT,2024-04-21,12:30,MATCH_KICKOFF_TIME_TIMEZONE_NOT_STATED_BY_SOURCE,,NOT_VERIFIED_DO_NOT_INFER,Hansa Rostock,Magdeburg,0,2,A,EVALUATION_ONLY_JOIN_AFTER_PREMATCH_FEATURE_FREEZE,2.75,3.47,2.45,EXTERNAL_HISTORICAL_MARKET_BENCHMARK,NOT_AVAILABLE,NOT_GOLDBET,2229cb95ad1ce25763d1af81a2b82966addc418ee5cbd71b7b60aedffd57dab8
db1aaf1c33d6a4598130f175,2. Bundesliga,2023/2024,DEVELOPMENT,2024-04-21,12:30,MATCH_KICKOFF_TIME_TIMEZONE_NOT_STATED_BY_SOURCE,,NOT_VERIFIED_DO_NOT_INFER,Karlsruhe,Hertha,3,2,H,EVALUATION_ONLY_JOIN_AFTER_PREMATCH_FEATURE_FREEZE,2.08,3.83,3.15,EXTERNAL_HISTORICAL_MARKET_BENCHMARK,NOT_AVAILABLE,NOT_GOLDBET,6b45ee1b50daa3910143a5daa45a698b47576dce069d8a3ee5ba8bd74821526c
316d941ba2b8d9516da756ca,2. Bundesliga,2023/2024,DEVELOPMENT,2024-04-26,17:30,MATCH_KICKOFF_TIME_TIMEZONE_NOT_STATED_BY_SOURCE,,NOT_VERIFIED_DO_NOT_INFER,Hertha,Hannover,1,1,D,EVALUATION_ONLY_JOIN_AFTER_PREMATCH_FEATURE_FREEZE,2.24,3.65,2.93,EXTERNAL_HISTORICAL_MARKET_BENCHMARK,NOT_AVAILABLE,NOT_GOLDBET,caaf66a3393c5533a7c0298e5916f9809edf45949d60c8ba1b4d7fc577fd501b
f4c7ab94a1394da2c41e39d6,2. Bundesliga,2023/2024,DEVELOPMENT,2024-04-26,17:30,MATCH_KICKOFF_TIME_TIMEZONE_NOT_STATED_BY_SOURCE,,NOT_VERIFIED_DO_NOT_INFER,St Pauli,Hansa Rostock,1,0,H,EVALUATION_ONLY_JOIN_AFTER_PREMATCH_FEATURE_FREEZE,1.32,5.3,8.97,EXTERNAL_HISTORICAL_MARKET_BENCHMARK,NOT_AVAILABLE,NOT_GOLDBET,d0cd650ecb6689a341e1ea3c3f1eb2fa496a20d432cfcd8678f04f6d37f2a80e
6460cf49057b52e385870409,2. Bundesliga,2023/2024,DEVELOPMENT,2024-04-27,12:00,MATCH_KICKOFF_TIME_TIMEZONE_NOT_STATED_BY_SOURCE,,NOT_VERIFIED_DO_NOT_INFER,Braunschweig,Hamburg,0,4,A,EVALUATION_ONLY_JOIN_AFTER_PREMATCH_FEATURE_FREEZE,2.95,3.67,2.22,EXTERNAL_HISTORICAL_MARKET_BENCHMARK,NOT_AVAILABLE,NOT_GOLDBET,626766eed8854406b23611432b29ee14ede888bdccf9a67508af06956d484ab5
5362c39b4e0d52ee1607403b,2. Bundesliga,2023/2024,DEVELOPMENT,2024-04-27,12:00,MATCH_KICKOFF_TIME_TIMEZONE_NOT_STATED_BY_SOURCE,,NOT_VERIFIED_DO_NOT_INFER,Holstein Kiel,Kaiserslautern,1,3,A,EVALUATION_ONLY_JOIN_AFTER_PREMATCH_FEATURE_FREEZE,1.8,3.96,4,EXTERNAL_HISTORICAL_MARKET_BENCHMARK,NOT_AVAILABLE,NOT_GOLDBET,4e41c1ce6a1f21db0d77c3a785b6313a5174ecb92abe49f006d423146fb1810d
5943b6b98387022cb9b21d9c,2. Bundesliga,2023/2024,DEVELOPMENT,2024-04-27,12:00,MATCH_KICKOFF_TIME_TIMEZONE_NOT_STATED_BY_SOURCE,,NOT_VERIFIED_DO_NOT_INFER,Paderborn,Elversberg,3,1,H,EVALUATION_ONLY_JOIN_AFTER_PREMATCH_FEATURE_FREEZE,1.84,4.15,3.6,EXTERNAL_HISTORICAL_MARKET_BENCHMARK,NOT_AVAILABLE,NOT_GOLDBET,6d93f423890dc470c3756e23c20f7de003b9722f3146ec694f710c12129d94da
814766abb5cc5355d4fe05d8,2. Bundesliga,2023/2024,DEVELOPMENT,2024-04-27,19:30,MATCH_KICKOFF_TIME_TIMEZONE_NOT_STATED_BY_SOURCE,,NOT_VERIFIED_DO_NOT_INFER,Schalke 04,Fortuna Dusseldorf,1,1,D,EVALUATION_ONLY_JOIN_AFTER_PREMATCH_FEATURE_FREEZE,2.7,3.54,2.42,EXTERNAL_HISTORICAL_MARKET_BENCHMARK,NOT_AVAILABLE,NOT_GOLDBET,d8275f011e1b6ba097081370bfc42847fca5f52902080ae274f9929016c31efc
bfb24e4ec697470f0294b53a,2. Bundesliga,2023/2024,DEVELOPMENT,2024-04-28,12:30,MATCH_KICKOFF_TIME_TIMEZONE_NOT_STATED_BY_SOURCE,,NOT_VERIFIED_DO_NOT_INFER,Magdeburg,Osnabruck,1,1,D,EVALUATION_ONLY_JOIN_AFTER_PREMATCH_FEATURE_FREEZE,1.59,4.3,5.01,EXTERNAL_HISTORICAL_MARKET_BENCHMARK,NOT_AVAILABLE,NOT_GOLDBET,a452768c1fb8307601e510e3954b4feb2c273ed936cce8bd412870627181a58b
059c75b0e725ca4a1bdd1db7,2. Bundesliga,2023/2024,DEVELOPMENT,2024-04-28,12:30,MATCH_KICKOFF_TIME_TIMEZONE_NOT_STATED_BY_SOURCE,,NOT_VERIFIED_DO_NOT_INFER,Nurnberg,Karlsruhe,0,1,A,EVALUATION_ONLY_JOIN_AFTER_PREMATCH_FEATURE_FREEZE,3.28,3.77,2.04,EXTERNAL_HISTORICAL_MARKET_BENCHMARK,NOT_AVAILABLE,NOT_GOLDBET,cae15e64f04d75d749302a6cff9dd61272a41b171f83e1fc24fa77ec56c89c77
0ec89b19bcc14b899ff57b3f,2. Bundesliga,2023/2024,DEVELOPMENT,2024-04-28,12:30,MATCH_KICKOFF_TIME_TIMEZONE_NOT_STATED_BY_SOURCE,,NOT_VERIFIED_DO_NOT_INFER,Wehen,Greuther Furth,3,5,A,EVALUATION_ONLY_JOIN_AFTER_PREMATCH_FEATURE_FREEZE,2,3.59,3.52,EXTERNAL_HISTORICAL_MARKET_BENCHMARK,NOT_AVAILABLE,NOT_GOLDBET,e8c52d32b79b3b2ee6b28cf545391a4b233368c9947eed7eaf187ca1a74d9b78
14b3b2bf5b48b3cd661aac7a,2. Bundesliga,2023/2024,DEVELOPMENT,2024-05-03,17:30,MATCH_KICKOFF_TIME_TIMEZONE_NOT_STATED_BY_SOURCE,,NOT_VERIFIED_DO_NOT_INFER,Fortuna Dusseldorf,Nurnberg,3,1,H,EVALUATION_ONLY_JOIN_AFTER_PREMATCH_FEATURE_FREEZE,1.35,5.2,7.75,EXTERNAL_HISTORICAL_MARKET_BENCHMARK,NOT_AVAILABLE,NOT_GOLDBET,c3c3c19a1d1205d59ffc521a7fcbc9cdbbba5b98e12ce4298b33c08dbeed704b
2d1e79d93fac44fce09186d4,2. Bundesliga,2023/2024,DEVELOPMENT,2024-05-03,17:30,MATCH_KICKOFF_TIME_TIMEZONE_NOT_STATED_BY_SOURCE,,NOT_VERIFIED_DO_NOT_INFER,Hamburg,St Pauli,1,0,H,EVALUATION_ONLY_JOIN_AFTER_PREMATCH_FEATURE_FREEZE,2.13,3.69,3.11,EXTERNAL_HISTORICAL_MARKET_BENCHMARK,NOT_AVAILABLE,NOT_GOLDBET,dde55a53d2c677b1a8c085a290e4a4e8e394816e98e38ef9e4a474e640d919e0
479db7567c40c51ff56edbff,2. Bundesliga,2023/2024,DEVELOPMENT,2024-05-04,12:00,MATCH_KICKOFF_TIME_TIMEZONE_NOT_STATED_BY_SOURCE,,NOT_VERIFIED_DO_NOT_INFER,Greuther Furth,Braunschweig,3,3,D,EVALUATION_ONLY_JOIN_AFTER_PREMATCH_FEATURE_FREEZE,2.43,3.58,2.7,EXTERNAL_HISTORICAL_MARKET_BENCHMARK,NOT_AVAILABLE,NOT_GOLDBET,e468842ca4168e5ce939e219f8b5da252aa9585b3a5bcf108b755ae5942e02d4
5d19cde9f83af83e5d4b9239,2. Bundesliga,2023/2024,DEVELOPMENT,2024-05-04,12:00,MATCH_KICKOFF_TIME_TIMEZONE_NOT_STATED_BY_SOURCE,,NOT_VERIFIED_DO_NOT_INFER,Hansa Rostock,Karlsruhe,1,2,A,EVALUATION_ONLY_JOIN_AFTER_PREMATCH_FEATURE_FREEZE,2.92,3.6,2.27,EXTERNAL_HISTORICAL_MARKET_BENCHMARK,NOT_AVAILABLE,NOT_GOLDBET,1ac5deaef071f253391a842e67d70011a37a6d45d1b63a2ba7ecf075bba96025
bc4bc9775b89386553892678,2. Bundesliga,2023/2024,DEVELOPMENT,2024-05-04,19:30,MATCH_KICKOFF_TIME_TIMEZONE_NOT_STATED_BY_SOURCE,,NOT_VERIFIED_DO_NOT_INFER,Kaiserslautern,Magdeburg,4,1,H,EVALUATION_ONLY_JOIN_AFTER_PREMATCH_FEATURE_FREEZE,2,3.7,3.44,EXTERNAL_HISTORICAL_MARKET_BENCHMARK,NOT_AVAILABLE,NOT_GOLDBET,fa18d4e1f7801016de0fb89a0e485aeab41f543c7c55ea6954b0c6b48899b920
937e2454ba9a19f4a5855413,2. Bundesliga,2023/2024,DEVELOPMENT,2024-05-05,12:30,MATCH_KICKOFF_TIME_TIMEZONE_NOT_STATED_BY_SOURCE,,NOT_VERIFIED_DO_NOT_INFER,Elversberg,Hertha,4,2,H,EVALUATION_ONLY_JOIN_AFTER_PREMATCH_FEATURE_FREEZE,2.19,3.82,2.93,EXTERNAL_HISTORICAL_MARKET_BENCHMARK,NOT_AVAILABLE,NOT_GOLDBET,088112dc35713a0ef5b28529b97c4cebbed3a2be86eab9d379da28b151656f0f
3c41aeff360aa5a2bd668794,2. Bundesliga,2023/2024,DEVELOPMENT,2024-05-05,12:30,MATCH_KICKOFF_TIME_TIMEZONE_NOT_STATED_BY_SOURCE,,NOT_VERIFIED_DO_NOT_INFER,Hannover,Paderborn,3,2,H,EVALUATION_ONLY_JOIN_AFTER_PREMATCH_FEATURE_FREEZE,2.03,3.8,3.27,EXTERNAL_HISTORICAL_MARKET_BENCHMARK,NOT_AVAILABLE,NOT_GOLDBET,f97575ca34623b02f3e35f2cefb79f02f308bf632d117dce59f0e36881f02278
1983947b08bf3f5491f0a20a,2. Bundesliga,2023/2024,DEVELOPMENT,2024-05-05,12:30,MATCH_KICKOFF_TIME_TIMEZONE_NOT_STATED_BY_SOURCE,,NOT_VERIFIED_DO_NOT_INFER,Wehen,Holstein Kiel,0,1,A,EVALUATION_ONLY_JOIN_AFTER_PREMATCH_FEATURE_FREEZE,3.38,3.66,2.01,EXTERNAL_HISTORICAL_MARKET_BENCHMARK,NOT_AVAILABLE,NOT_GOLDBET,e5ec11de2b30fdaa561ead49b4296e42a1a6f5c5358b36dabf1908743d892850
0a21f4b8322c26a9423ea73e,2. Bundesliga,2023/2024,DEVELOPMENT,2024-05-07,17:30,MATCH_KICKOFF_TIME_TIMEZONE_NOT_STATED_BY_SOURCE,,NOT_VERIFIED_DO_NOT_INFER,Osnabruck,Schalke 04,0,4,A,EVALUATION_ONLY_JOIN_AFTER_PREMATCH_FEATURE_FREEZE,3.28,3.64,2.07,EXTERNAL_HISTORICAL_MARKET_BENCHMARK,NOT_AVAILABLE,NOT_GOLDBET,27e9c561fdb09e97fa1c81df1273afa32486afd81e07cc5b4d1b7a759b8b04de
f70efdc68c7b0add40b2368c,2. Bundesliga,2023/2024,DEVELOPMENT,2024-05-10,17:30,MATCH_KICKOFF_TIME_TIMEZONE_NOT_STATED_BY_SOURCE,,NOT_VERIFIED_DO_NOT_INFER,Magdeburg,Greuther Furth,0,0,D,EVALUATION_ONLY_JOIN_AFTER_PREMATCH_FEATURE_FREEZE,2.08,3.7,3.27,EXTERNAL_HISTORICAL_MARKET_BENCHMARK,NOT_AVAILABLE,NOT_GOLDBET,d9739064fb249c3ad65eddde1d6a02312ac034050c6ff4b6687dd8fa06886b8d
a85c0ae496740d28a1914e7e,2. Bundesliga,2023/2024,DEVELOPMENT,2024-05-10,17:30,MATCH_KICKOFF_TIME_TIMEZONE_NOT_STATED_BY_SOURCE,,NOT_VERIFIED_DO_NOT_INFER,Paderborn,Hamburg,1,0,H,EVALUATION_ONLY_JOIN_AFTER_PREMATCH_FEATURE_FREEZE,3.54,4.39,1.82,EXTERNAL_HISTORICAL_MARKET_BENCHMARK,NOT_AVAILABLE,NOT_GOLDBET,1eb826f0dad0700b487d45558c5049b3bcde93da23bcac7353eb5adc44b517ab
2dfd15d8824c817fcd2122f7,2. Bundesliga,2023/2024,DEVELOPMENT,2024-05-11,12:00,MATCH_KICKOFF_TIME_TIMEZONE_NOT_STATED_BY_SOURCE,,NOT_VERIFIED_DO_NOT_INFER,Hertha,Kaiserslautern,3,1,H,EVALUATION_ONLY_JOIN_AFTER_PREMATCH_FEATURE_FREEZE,2.38,3.82,2.65,EXTERNAL_HISTORICAL_MARKET_BENCHMARK,NOT_AVAILABLE,NOT_GOLDBET,80abd26c2581bb4ddead786f2122cbdb3647ff49215583b171e1711c51035d64
60cd2b04c4a90fd6a0be1cd7,2. Bundesliga,2023/2024,DEVELOPMENT,2024-05-11,12:00,MATCH_KICKOFF_TIME_TIMEZONE_NOT_STATED_BY_SOURCE,,NOT_VERIFIED_DO_NOT_INFER,Nurnberg,Elversberg,3,0,H,EVALUATION_ONLY_JOIN_AFTER_PREMATCH_FEATURE_FREEZE,2.52,3.77,2.52,EXTERNAL_HISTORICAL_MARKET_BENCHMARK,NOT_AVAILABLE,NOT_GOLDBET,68f092c708e0b3ba1a0a4298adbf4d8d872b3efd6c0f6c305747dc95c807bc1a
2651d6fbb961ffcafb337bdf,2. Bundesliga,2023/2024,DEVELOPMENT,2024-05-11,12:00,MATCH_KICKOFF_TIME_TIMEZONE_NOT_STATED_BY_SOURCE,,NOT_VERIFIED_DO_NOT_INFER,Schalke 04,Hansa Rostock,2,1,H,EVALUATION_ONLY_JOIN_AFTER_PREMATCH_FEATURE_FREEZE,1.97,3.87,3.38,EXTERNAL_HISTORICAL_MARKET_BENCHMARK,NOT_AVAILABLE,NOT_GOLDBET,6307e6ceebd804c3bc24b4e6a7ceac38158b02c1a1cdf8329f07caf4adc319e7
7157b8011cb2e33de9eba44d,2. Bundesliga,2023/2024,DEVELOPMENT,2024-05-11,19:30,MATCH_KICKOFF_TIME_TIMEZONE_NOT_STATED_BY_SOURCE,,NOT_VERIFIED_DO_NOT_INFER,Holstein Kiel,Fortuna Dusseldorf,1,1,D,EVALUATION_ONLY_JOIN_AFTER_PREMATCH_FEATURE_FREEZE,2.54,3.56,2.61,EXTERNAL_HISTORICAL_MARKET_BENCHMARK,NOT_AVAILABLE,NOT_GOLDBET,81e3ea1d70be27e891ef0e65c4a17f449a7d6e8348b50f5d4484affc6e4dbaa0
3721f1ee7282510e35e38190,2. Bundesliga,2023/2024,DEVELOPMENT,2024-05-12,12:30,MATCH_KICKOFF_TIME_TIMEZONE_NOT_STATED_BY_SOURCE,,NOT_VERIFIED_DO_NOT_INFER,Braunschweig,Wehen,1,0,H,EVALUATION_ONLY_JOIN_AFTER_PREMATCH_FEATURE_FREEZE,2.18,3.43,3.21,EXTERNAL_HISTORICAL_MARKET_BENCHMARK,NOT_AVAILABLE,NOT_GOLDBET,c659e4527e63f72c09bfa93e232d65cfede59617482057a505048d31b345f25d
c7d1e41e5d89346dfd384672,2. Bundesliga,2023/2024,DEVELOPMENT,2024-05-12,12:30,MATCH_KICKOFF_TIME_TIMEZONE_NOT_STATED_BY_SOURCE,,NOT_VERIFIED_DO_NOT_INFER,Karlsruhe,Hannover,1,2,A,EVALUATION_ONLY_JOIN_AFTER_PREMATCH_FEATURE_FREEZE,2.13,3.87,2.96,EXTERNAL_HISTORICAL_MARKET_BENCHMARK,NOT_AVAILABLE,NOT_GOLDBET,025d500c3455e4af69d0f143469d86140c023207051de49ab720746ad34bfd1f
16df490afcaa231f64742c3f,2. Bundesliga,2023/2024,DEVELOPMENT,2024-05-12,12:30,MATCH_KICKOFF_TIME_TIMEZONE_NOT_STATED_BY_SOURCE,,NOT_VERIFIED_DO_NOT_INFER,St Pauli,Osnabruck,3,1,H,EVALUATION_ONLY_JOIN_AFTER_PREMATCH_FEATURE_FREEZE,1.19,6.97,13.06,EXTERNAL_HISTORICAL_MARKET_BENCHMARK,NOT_AVAILABLE,NOT_GOLDBET,f99672dedbd7003ffc7bc233396a147e400779bdd3610382f10c6bbc84aaafcc
237ddff59085ea584616cfca,2. Bundesliga,2023/2024,DEVELOPMENT,2024-05-19,14:30,MATCH_KICKOFF_TIME_TIMEZONE_NOT_STATED_BY_SOURCE,,NOT_VERIFIED_DO_NOT_INFER,Elversberg,Karlsruhe,0,3,A,EVALUATION_ONLY_JOIN_AFTER_PREMATCH_FEATURE_FREEZE,2.76,4.11,2.19,EXTERNAL_HISTORICAL_MARKET_BENCHMARK,NOT_AVAILABLE,NOT_GOLDBET,e393601c85e80f629a6e3cc8a53af2f4837b853f8c4bb01357410cda8d9aad8e
6db6d0b1d1102b0e0adab85b,2. Bundesliga,2023/2024,DEVELOPMENT,2024-05-19,14:30,MATCH_KICKOFF_TIME_TIMEZONE_NOT_STATED_BY_SOURCE,,NOT_VERIFIED_DO_NOT_INFER,Fortuna Dusseldorf,Magdeburg,3,2,H,EVALUATION_ONLY_JOIN_AFTER_PREMATCH_FEATURE_FREEZE,1.84,4.16,3.63,EXTERNAL_HISTORICAL_MARKET_BENCHMARK,NOT_AVAILABLE,NOT_GOLDBET,1917f2ff1b8d924e7cc85576d8c524c7a3d2ae19653f019a5de9dd5821260175
5273ab4c6c8e69ca812307d3,2. Bundesliga,2023/2024,DEVELOPMENT,2024-05-19,14:30,MATCH_KICKOFF_TIME_TIMEZONE_NOT_STATED_BY_SOURCE,,NOT_VERIFIED_DO_NOT_INFER,Greuther Furth,Schalke 04,2,0,H,EVALUATION_ONLY_JOIN_AFTER_PREMATCH_FEATURE_FREEZE,1.94,3.85,3.49,EXTERNAL_HISTORICAL_MARKET_BENCHMARK,NOT_AVAILABLE,NOT_GOLDBET,e894c78e1c11e5eb61d2bf2cbf8b0442154519dee833bea3336101985cc9b8d0
e3e36a2e4dd4c701ea9aac40,2. Bundesliga,2023/2024,DEVELOPMENT,2024-05-19,14:30,MATCH_KICKOFF_TIME_TIMEZONE_NOT_STATED_BY_SOURCE,,NOT_VERIFIED_DO_NOT_INFER,Hamburg,Nurnberg,4,1,H,EVALUATION_ONLY_JOIN_AFTER_PREMATCH_FEATURE_FREEZE,1.25,6.66,8.95,EXTERNAL_HISTORICAL_MARKET_BENCHMARK,NOT_AVAILABLE,NOT_GOLDBET,977844fdea69a8d76cc15f88d5d8b7dc16c64f278d647f5a471991c5556254c2
b262cf9fcbe76886f25bba8a,2. Bundesliga,2023/2024,DEVELOPMENT,2024-05-19,14:30,MATCH_KICKOFF_TIME_TIMEZONE_NOT_STATED_BY_SOURCE,,NOT_VERIFIED_DO_NOT_INFER,Hannover,Holstein Kiel,1,2,A,EVALUATION_ONLY_JOIN_AFTER_PREMATCH_FEATURE_FREEZE,2.03,3.97,3.19,EXTERNAL_HISTORICAL_MARKET_BENCHMARK,NOT_AVAILABLE,NOT_GOLDBET,d250064290983f59e9473a50be8cda2d380946de8e6fd13f19401653457aa5c7
5bb6220730d114838e43707f,2. Bundesliga,2023/2024,DEVELOPMENT,2024-05-19,14:30,MATCH_KICKOFF_TIME_TIMEZONE_NOT_STATED_BY_SOURCE,,NOT_VERIFIED_DO_NOT_INFER,Hansa Rostock,Paderborn,1,2,A,EVALUATION_ONLY_JOIN_AFTER_PREMATCH_FEATURE_FREEZE,2.24,3.87,2.81,EXTERNAL_HISTORICAL_MARKET_BENCHMARK,NOT_AVAILABLE,NOT_GOLDBET,7ec46cc9999402f1b664bdfbfd067ae3694676657fa91b3a214ed5491562c602
a453d2fd073e698f6b958da9,2. Bundesliga,2023/2024,DEVELOPMENT,2024-05-19,14:30,MATCH_KICKOFF_TIME_TIMEZONE_NOT_STATED_BY_SOURCE,,NOT_VERIFIED_DO_NOT_INFER,Kaiserslautern,Braunschweig,5,0,H,EVALUATION_ONLY_JOIN_AFTER_PREMATCH_FEATURE_FREEZE,1.78,3.97,4.03,EXTERNAL_HISTORICAL_MARKET_BENCHMARK,NOT_AVAILABLE,NOT_GOLDBET,95dc45f7872bfb5cd0b48d28cf298d5cccc9c8eb11095075b86b50455d1a5f36
cc954e142cb2e1616f28c4e4,2. Bundesliga,2023/2024,DEVELOPMENT,2024-05-19,14:30,MATCH_KICKOFF_TIME_TIMEZONE_NOT_STATED_BY_SOURCE,,NOT_VERIFIED_DO_NOT_INFER,Osnabruck,Hertha,2,1,H,EVALUATION_ONLY_JOIN_AFTER_PREMATCH_FEATURE_FREEZE,3.76,4.28,1.79,EXTERNAL_HISTORICAL_MARKET_BENCHMARK,NOT_AVAILABLE,NOT_GOLDBET,fbcc7d6107ee0329e3bc82a11ad04de3645c0146b3af4b8a888d27511f09f7bf
3838cca0ae2d61b835fb3e70,2. Bundesliga,2023/2024,DEVELOPMENT,2024-05-19,14:30,MATCH_KICKOFF_TIME_TIMEZONE_NOT_STATED_BY_SOURCE,,NOT_VERIFIED_DO_NOT_INFER,Wehen,St Pauli,1,2,A,EVALUATION_ONLY_JOIN_AFTER_PREMATCH_FEATURE_FREEZE,2.98,3.78,2.17,EXTERNAL_HISTORICAL_MARKET_BENCHMARK,NOT_AVAILABLE,NOT_GOLDBET,f0dd3f276764842bfa8d64d2bef7f4abd16c5d6f8f53504d0a9d57df60ac22ea
478786299c797a83f5a66209,2. Bundesliga,2024/2025,DEVELOPMENT,2024-08-02,19:30,MATCH_KICKOFF_TIME_TIMEZONE_NOT_STATED_BY_SOURCE,,NOT_VERIFIED_DO_NOT_INFER,FC Koln,Hamburg,1,2,A,EVALUATION_ONLY_JOIN_AFTER_PREMATCH_FEATURE_FREEZE,2.05,3.74,3.34,EXTERNAL_HISTORICAL_MARKET_BENCHMARK,NOT_AVAILABLE,NOT_GOLDBET,661d889230914d044effe453dc0628e597cdc0cd1b05e77b7a8cd4305615ea5b
ec2b20f7d47fa3bc3e5572ab,2. Bundesliga,2024/2025,DEVELOPMENT,2024-08-03,12:00,MATCH_KICKOFF_TIME_TIMEZONE_NOT_STATED_BY_SOURCE,,NOT_VERIFIED_DO_NOT_INFER,Hannover,Regensburg,2,0,H,EVALUATION_ONLY_JOIN_AFTER_PREMATCH_FEATURE_FREEZE,1.53,4.31,5.83,EXTERNAL_HISTORICAL_MARKET_BENCHMARK,NOT_AVAILABLE,NOT_GOLDBET,97f042608957520573020b291763d116d483ca9a900e09ec9aaefbf9b76c5dda
193ef09866505326994ed71c,2. Bundesliga,2024/2025,DEVELOPMENT,2024-08-03,12:00,MATCH_KICKOFF_TIME_TIMEZONE_NOT_STATED_BY_SOURCE,,NOT_VERIFIED_DO_NOT_INFER,Hertha,Paderborn,1,2,A,EVALUATION_ONLY_JOIN_AFTER_PREMATCH_FEATURE_FREEZE,2.08,3.86,3.13,EXTERNAL_HISTORICAL_MARKET_BENCHMARK,NOT_AVAILABLE,NOT_GOLDBET,96376c6c40ff38be17bc8f05665cd44ca90d0d3c421bd7bd1da856b7e13c06ff
e7eb221f05c8253fa912f3ff,2. Bundesliga,2024/2025,DEVELOPMENT,2024-08-03,12:00,MATCH_KICKOFF_TIME_TIMEZONE_NOT_STATED_BY_SOURCE,,NOT_VERIFIED_DO_NOT_INFER,Karlsruhe,Nurnberg,3,2,H,EVALUATION_ONLY_JOIN_AFTER_PREMATCH_FEATURE_FREEZE,1.55,4.56,5.18,EXTERNAL_HISTORICAL_MARKET_BENCHMARK,NOT_AVAILABLE,NOT_GOLDBET,61a5e524d8b0d260314d55e0395986fa1f2eb1e21b99886bbd39a0215b39f4bd
84f02460653bd13e8313aad7,2. Bundesliga,2024/2025,DEVELOPMENT,2024-08-03,12:00,MATCH_KICKOFF_TIME_TIMEZONE_NOT_STATED_BY_SOURCE,,NOT_VERIFIED_DO_NOT_INFER,Magdeburg,Elversberg,0,0,D,EVALUATION_ONLY_JOIN_AFTER_PREMATCH_FEATURE_FREEZE,2.21,3.56,3.09,EXTERNAL_HISTORICAL_MARKET_BENCHMARK,NOT_AVAILABLE,NOT_GOLDBET,cc255605243845667b7e3888004553bd97a871fc467da3e457a05fb56399fc8f
3a2ae76fb09a381824c8fe4d,2. Bundesliga,2024/2025,DEVELOPMENT,2024-08-03,19:30,MATCH_KICKOFF_TIME_TIMEZONE_NOT_STATED_BY_SOURCE,,NOT_VERIFIED_DO_NOT_INFER,Schalke 04,Braunschweig,5,1,H,EVALUATION_ONLY_JOIN_AFTER_PREMATCH_FEATURE_FREEZE,1.88,3.72,3.96,EXTERNAL_HISTORICAL_MARKET_BENCHMARK,NOT_AVAILABLE,NOT_GOLDBET,242bc8f29183dfa68ed6190ad20c3f51052d48fa93d951f698536655a49f4160
dc8c72487a41cbe20705c9fc,2. Bundesliga,2024/2025,DEVELOPMENT,2024-08-04,12:30,MATCH_KICKOFF_TIME_TIMEZONE_NOT_STATED_BY_SOURCE,,NOT_VERIFIED_DO_NOT_INFER,Darmstadt,Fortuna Dusseldorf,0,2,A,EVALUATION_ONLY_JOIN_AFTER_PREMATCH_FEATURE_FREEZE,3.14,3.55,2.18,EXTERNAL_HISTORICAL_MARKET_BENCHMARK,NOT_AVAILABLE,NOT_GOLDBET,3e8e8eaedd7e39de352ab0c8baa9b300f58d8a8e293fb833286ece247e31a740
84f2fc5800eea44f6147ea61,2. Bundesliga,2024/2025,DEVELOPMENT,2024-08-04,12:30,MATCH_KICKOFF_TIME_TIMEZONE_NOT_STATED_BY_SOURCE,,NOT_VERIFIED_DO_NOT_INFER,Greuther Furth,Preußen Münster,3,1,H,EVALUATION_ONLY_JOIN_AFTER_PREMATCH_FEATURE_FREEZE,1.93,3.86,3.59,EXTERNAL_HISTORICAL_MARKET_BENCHMARK,NOT_AVAILABLE,NOT_GOLDBET,42921d59907355bb430a6c14dd488afce6e2996866a5fb4c352df008be6ae051
6e2f2201911ab67325646f96,2. Bundesliga,2024/2025,DEVELOPMENT,2024-08-04,12:30,MATCH_KICKOFF_TIME_TIMEZONE_NOT_STATED_BY_SOURCE,,NOT_VERIFIED_DO_NOT_INFER,Ulm,Kaiserslautern,1,2,A,EVALUATION_ONLY_JOIN_AFTER_PREMATCH_FEATURE_FREEZE,2.82,3.43,2.43,EXTERNAL_HISTORICAL_MARKET_BENCHMARK,NOT_AVAILABLE,NOT_GOLDBET,5b8d9bfdcb1f048044b479eca391a15389906b85140cb68df87a014574f810b8
3f5a556a2d7c61062cdb8421,2. Bundesliga,2024/2025,DEVELOPMENT,2024-08-09,17:30,MATCH_KICKOFF_TIME_TIMEZONE_NOT_STATED_BY_SOURCE,,NOT_VERIFIED_DO_NOT_INFER,Kaiserslautern,Greuther Furth,2,2,D,EVALUATION_ONLY_JOIN_AFTER_PREMATCH_FEATURE_FREEZE,1.99,3.76,3.46,EXTERNAL_HISTORICAL_MARKET_BENCHMARK,NOT_AVAILABLE,NOT_GOLDBET,adfc24a031f83028d129f36cc642c34d7526aacb964a10f4918ff3b743beab66
bc8cb990c3e40b1e64712515,2. Bundesliga,2024/2025,DEVELOPMENT,2024-08-09,17:30,MATCH_KICKOFF_TIME_TIMEZONE_NOT_STATED_BY_SOURCE,,NOT_VERIFIED_DO_NOT_INFER,Regensburg,Ulm,1,0,H,EVALUATION_ONLY_JOIN_AFTER_PREMATCH_FEATURE_FREEZE,2.5,3.25,2.85,EXTERNAL_HISTORICAL_MARKET_BENCHMARK,NOT_AVAILABLE,NOT_GOLDBET,814de7aef86d9b0c8f36e3428974e20d321f06a15976e08501e275f7c2dacb7e
97a5126be3da38a48916400d,2. Bundesliga,2024/2025,DEVELOPMENT,2024-08-10,12:00,MATCH_KICKOFF_TIME_TIMEZONE_NOT_STATED_BY_SOURCE,,NOT_VERIFIED_DO_NOT_INFER,Elversberg,FC Koln,2,2,D,EVALUATION_ONLY_JOIN_AFTER_PREMATCH_FEATURE_FREEZE,3.84,3.99,1.83,EXTERNAL_HISTORICAL_MARKET_BENCHMARK,NOT_AVAILABLE,NOT_GOLDBET,085ae874d14873628f56f1c139aceb52bb7cde87122a83316cce733a7f687062
c1dd59f230fba33cc947e4d1,2. Bundesliga,2024/2025,DEVELOPMENT,2024-08-10,12:00,MATCH_KICKOFF_TIME_TIMEZONE_NOT_STATED_BY_SOURCE,,NOT_VERIFIED_DO_NOT_INFER,Fortuna Dusseldorf,Karlsruhe,0,0,D,EVALUATION_ONLY_JOIN_AFTER_PREMATCH_FEATURE_FREEZE,1.92,3.78,3.69,EXTERNAL_HISTORICAL_MARKET_BENCHMARK,NOT_AVAILABLE,NOT_GOLDBET,c2f9c7c2132e3c15a721a8aae4d8609d435316d27567eca27ef3995a10c234d2
d3041f26bf35c1abc21f0162,2. Bundesliga,2024/2025,DEVELOPMENT,2024-08-10,12:00,MATCH_KICKOFF_TIME_TIMEZONE_NOT_STATED_BY_SOURCE,,NOT_VERIFIED_DO_NOT_INFER,Nurnberg,Schalke 04,3,1,H,EVALUATION_ONLY_JOIN_AFTER_PREMATCH_FEATURE_FREEZE,2.98,3.65,2.24,EXTERNAL_HISTORICAL_MARKET_BENCHMARK,NOT_AVAILABLE,NOT_GOLDBET,249c9cbb70ed1de8c963944c3db56ba110fdb5c6a0a9bafb8be65b333d7691bd
0757adc3accfd27b049f2e90,2. Bundesliga,2024/2025,DEVELOPMENT,2024-08-10,19:30,MATCH_KICKOFF_TIME_TIMEZONE_NOT_STATED_BY_SOURCE,,NOT_VERIFIED_DO_NOT_INFER,Hamburg,Hertha,1,1,D,EVALUATION_ONLY_JOIN_AFTER_PREMATCH_FEATURE_FREEZE,1.66,4.29,4.42,EXTERNAL_HISTORICAL_MARKET_BENCHMARK,NOT_AVAILABLE,NOT_GOLDBET,af998140d3168592da72e0cf0b4f77333de311341587e86d82d6e489422a0460
87605d050fa01457aaa47353,2. Bundesliga,2024/2025,DEVELOPMENT,2024-08-11,12:30,MATCH_KICKOFF_TIME_TIMEZONE_NOT_STATED_BY_SOURCE,,NOT_VERIFIED_DO_NOT_INFER,Braunschweig,Magdeburg,1,3,A,EVALUATION_ONLY_JOIN_AFTER_PREMATCH_FEATURE_FREEZE,2.46,3.54,2.68,EXTERNAL_HISTORICAL_MARKET_BENCHMARK,NOT_AVAILABLE,NOT_GOLDBET,bc984d799f7ab4f79a51ec209b068ec3f22364723be56ac9f1c0a98cb21e1d35
ad408e277a9725639727d551,2. Bundesliga,2024/2025,DEVELOPMENT,2024-08-11,12:30,MATCH_KICKOFF_TIME_TIMEZONE_NOT_STATED_BY_SOURCE,,NOT_VERIFIED_DO_NOT_INFER,Paderborn,Darmstadt,3,1,H,EVALUATION_ONLY_JOIN_AFTER_PREMATCH_FEATURE_FREEZE,1.88,3.87,3.71,EXTERNAL_HISTORICAL_MARKET_BENCHMARK,NOT_AVAILABLE,NOT_GOLDBET,e5b6e0f090129dc774e34b66d8c9dd1127a629f01bb8eb418c18b61379d9f8ec
d087575e4993ea2cd2ee5514,2. Bundesliga,2024/2025,DEVELOPMENT,2024-08-11,12:30,MATCH_KICKOFF_TIME_TIMEZONE_NOT_STATED_BY_SOURCE,,NOT_VERIFIED_DO_NOT_INFER,Preußen Münster,Hannover,0,0,D,EVALUATION_ONLY_JOIN_AFTER_PREMATCH_FEATURE_FREEZE,3.44,3.85,1.95,EXTERNAL_HISTORICAL_MARKET_BENCHMARK,NOT_AVAILABLE,NOT_GOLDBET,f4528999de6507a849fa62b18e1bd9d4a01755f970265446470226acbdaeccd4
e31d91cdd315f788ac65499b,2. Bundesliga,2024/2025,DEVELOPMENT,2024-08-23,17:30,MATCH_KICKOFF_TIME_TIMEZONE_NOT_STATED_BY_SOURCE,,NOT_VERIFIED_DO_NOT_INFER,Hannover,Hamburg,1,0,H,EVALUATION_ONLY_JOIN_AFTER_PREMATCH_FEATURE_FREEZE,2.56,3.61,2.56,EXTERNAL_HISTORICAL_MARKET_BENCHMARK,NOT_AVAILABLE,NOT_GOLDBET,0780ef9b85b166b843d361da327c66f0f4f79582eccaa2340f09f3eb39c8e71a
e2353d9a502625fdd36f49a9,2. Bundesliga,2024/2025,DEVELOPMENT,2024-08-23,17:30,MATCH_KICKOFF_TIME_TIMEZONE_NOT_STATED_BY_SOURCE,,NOT_VERIFIED_DO_NOT_INFER,Karlsruhe,Elversberg,3,2,H,EVALUATION_ONLY_JOIN_AFTER_PREMATCH_FEATURE_FREEZE,1.68,4.23,4.38,EXTERNAL_HISTORICAL_MARKET_BENCHMARK,NOT_AVAILABLE,NOT_GOLDBET,025617f9931d90bc8667659287693ec6003d5854dcf53adc40d73d82454920c4
908933941803d19232459466,2. Bundesliga,2024/2025,DEVELOPMENT,2024-08-24,12:00,MATCH_KICKOFF_TIME_TIMEZONE_NOT_STATED_BY_SOURCE,,NOT_VERIFIED_DO_NOT_INFER,Greuther Furth,Paderborn,1,1,D,EVALUATION_ONLY_JOIN_AFTER_PREMATCH_FEATURE_FREEZE,2.46,3.74,2.6,EXTERNAL_HISTORICAL_MARKET_BENCHMARK,NOT_AVAILABLE,NOT_GOLDBET,a97acec7ec3a263e53e9d2b667645b3306587994b74876a2051533aad38d0ff1
6651debf742ee98bbe4e985e,2. Bundesliga,2024/2025,DEVELOPMENT,2024-08-24,12:00,MATCH_KICKOFF_TIME_TIMEZONE_NOT_STATED_BY_SOURCE,,NOT_VERIFIED_DO_NOT_INFER,Hertha,Regensburg,2,0,H,EVALUATION_ONLY_JOIN_AFTER_PREMATCH_FEATURE_FREEZE,1.63,4.08,5.04,EXTERNAL_HISTORICAL_MARKET_BENCHMARK,NOT_AVAILABLE,NOT_GOLDBET,c96aa93305c96c69dabd0d3b1500ec575a1583f604f6fd2be3e0d1ae9576d4bd
e36a339f0e7364c6429f1ee7,2. Bundesliga,2024/2025,DEVELOPMENT,2024-08-24,12:00,MATCH_KICKOFF_TIME_TIMEZONE_NOT_STATED_BY_SOURCE,,NOT_VERIFIED_DO_NOT_INFER,Preußen Münster,Kaiserslautern,0,1,A,EVALUATION_ONLY_JOIN_AFTER_PREMATCH_FEATURE_FREEZE,2.71,3.61,2.43,EXTERNAL_HISTORICAL_MARKET_BENCHMARK,NOT_AVAILABLE,NOT_GOLDBET,ab819b990bc440e5bf56a1c554650f12b5d660e61636358a73028bb4e32e96c3
87916196f2239e98463ceea8,2. Bundesliga,2024/2025,DEVELOPMENT,2024-08-24,19:30,MATCH_KICKOFF_TIME_TIMEZONE_NOT_STATED_BY_SOURCE,,NOT_VERIFIED_DO_NOT_INFER,FC Koln,Braunschweig,5,0,H,EVALUATION_ONLY_JOIN_AFTER_PREMATCH_FEATURE_FREEZE,1.43,4.97,6.24,EXTERNAL_HISTORICAL_MARKET_BENCHMARK,NOT_AVAILABLE,NOT_GOLDBET,6acc4aff7536c6c2c8be4d3392dcbb28f9a36f09fb457abe4f2731afcb2cea54
8e080ceaf7a7a8231b7750e8,2. Bundesliga,2024/2025,DEVELOPMENT,2024-08-25,12:30,MATCH_KICKOFF_TIME_TIMEZONE_NOT_STATED_BY_SOURCE,,NOT_VERIFIED_DO_NOT_INFER,Darmstadt,Nurnberg,1,1,D,EVALUATION_ONLY_JOIN_AFTER_PREMATCH_FEATURE_FREEZE,2.02,3.65,3.5,EXTERNAL_HISTORICAL_MARKET_BENCHMARK,NOT_AVAILABLE,NOT_GOLDBET,23d573135126fef4787f91113afa6bd33498ba8505ddeaac0b01e358524f8059
5f597b417bc75288219fe50e,2. Bundesliga,2024/2025,DEVELOPMENT,2024-08-25,12:30,MATCH_KICKOFF_TIME_TIMEZONE_NOT_STATED_BY_SOURCE,,NOT_VERIFIED_DO_NOT_INFER,Magdeburg,Schalke 04,2,2,D,EVALUATION_ONLY_JOIN_AFTER_PREMATCH_FEATURE_FREEZE,2.38,3.6,2.8,EXTERNAL_HISTORICAL_MARKET_BENCHMARK,NOT_AVAILABLE,NOT_GOLDBET,2d1f95bf4ee5a02b8200980d017e6dd26ff14f03f2894cab3330ac18adca16e7
7b14249fdc4f4168fa1d14d0,2. Bundesliga,2024/2025,DEVELOPMENT,2024-08-25,12:30,MATCH_KICKOFF_TIME_TIMEZONE_NOT_STATED_BY_SOURCE,,NOT_VERIFIED_DO_NOT_INFER,Ulm,Fortuna Dusseldorf,1,2,A,EVALUATION_ONLY_JOIN_AFTER_PREMATCH_FEATURE_FREEZE,3.48,3.38,2.11,EXTERNAL_HISTORICAL_MARKET_BENCHMARK,NOT_AVAILABLE,NOT_GOLDBET,a2b84c392f2a3c866f4748ca6d065e6efad3dc64adffcc4cf8dd46fd5b4f5c91
812a956dde260a18f2cf2bd6,2. Bundesliga,2024/2025,DEVELOPMENT,2024-08-30,17:30,MATCH_KICKOFF_TIME_TIMEZONE_NOT_STATED_BY_SOURCE,,NOT_VERIFIED_DO_NOT_INFER,Fortuna Dusseldorf,Hannover,1,0,H,EVALUATION_ONLY_JOIN_AFTER_PREMATCH_FEATURE_FREEZE,2.22,3.44,3.14,EXTERNAL_HISTORICAL_MARKET_BENCHMARK,NOT_AVAILABLE,NOT_GOLDBET,f8a85940f917e1e7fedc45b207051c866d3139ac2056c648a1024e023bd2e54e
ae1a61d471147ba252cd006a,2. Bundesliga,2024/2025,DEVELOPMENT,2024-08-30,17:30,MATCH_KICKOFF_TIME_TIMEZONE_NOT_STATED_BY_SOURCE,,NOT_VERIFIED_DO_NOT_INFER,Regensburg,Greuther Furth,0,4,A,EVALUATION_ONLY_JOIN_AFTER_PREMATCH_FEATURE_FREEZE,2.87,3.42,2.39,EXTERNAL_HISTORICAL_MARKET_BENCHMARK,NOT_AVAILABLE,NOT_GOLDBET,565d938aa442a13d0a5f185cb96e7418b35070b253e9b09b9c69447ed646d16e
32fd4a5b355d8a99753c318c,2. Bundesliga,2024/2025,DEVELOPMENT,2024-08-31,12:00,MATCH_KICKOFF_TIME_TIMEZONE_NOT_STATED_BY_SOURCE,,NOT_VERIFIED_DO_NOT_INFER,Elversberg,Darmstadt,4,0,H,EVALUATION_ONLY_JOIN_AFTER_PREMATCH_FEATURE_FREEZE,2.55,3.65,2.54,EXTERNAL_HISTORICAL_MARKET_BENCHMARK,NOT_AVAILABLE,NOT_GOLDBET,0b7ca0e9c9ba1f83fc3df91ab8639c45abb665ce5b1272878efc7429ee9b6a14
8597ef0a5ab8507c319e05dd,2. Bundesliga,2024/2025,DEVELOPMENT,2024-08-31,12:00,MATCH_KICKOFF_TIME_TIMEZONE_NOT_STATED_BY_SOURCE,,NOT_VERIFIED_DO_NOT_INFER,Hamburg,Preußen Münster,4,1,H,EVALUATION_ONLY_JOIN_AFTER_PREMATCH_FEATURE_FREEZE,1.48,4.63,5.82,EXTERNAL_HISTORICAL_MARKET_BENCHMARK,NOT_AVAILABLE,NOT_GOLDBET,dae576fcfff1c0860049e8472bfebfb4b5717864a08ec812010b70dc80765aa3
c814d6dcfdc717c9fe48ea06,2. Bundesliga,2024/2025,DEVELOPMENT,2024-08-31,12:00,MATCH_KICKOFF_TIME_TIMEZONE_NOT_STATED_BY_SOURCE,,NOT_VERIFIED_DO_NOT_INFER,Nurnberg,Magdeburg,0,4,A,EVALUATION_ONLY_JOIN_AFTER_PREMATCH_FEATURE_FREEZE,2.43,3.47,2.78,EXTERNAL_HISTORICAL_MARKET_BENCHMARK,NOT_AVAILABLE,NOT_GOLDBET,3a8fd56dcd65f7c33da9c4396c2d85a3062cb344fe55f0d8479821a350b2fc83
27f830bf299e631bdea8d9b0,2. Bundesliga,2024/2025,DEVELOPMENT,2024-08-31,19:30,MATCH_KICKOFF_TIME_TIMEZONE_NOT_STATED_BY_SOURCE,,NOT_VERIFIED_DO_NOT_INFER,Kaiserslautern,Hertha,3,4,A,EVALUATION_ONLY_JOIN_AFTER_PREMATCH_FEATURE_FREEZE,2.22,3.66,2.97,EXTERNAL_HISTORICAL_MARKET_BENCHMARK,NOT_AVAILABLE,NOT_GOLDBET,013a94db6f7fc55255538043405888c2d56f29abeb531ac1cc19d2752a07d37a
d6995ed26cf1f8481114955b,2. Bundesliga,2024/2025,DEVELOPMENT,2024-09-01,12:30,MATCH_KICKOFF_TIME_TIMEZONE_NOT_STATED_BY_SOURCE,,NOT_VERIFIED_DO_NOT_INFER,Braunschweig,Karlsruhe,1,2,A,EVALUATION_ONLY_JOIN_AFTER_PREMATCH_FEATURE_FREEZE,2.87,3.73,2.25,EXTERNAL_HISTORICAL_MARKET_BENCHMARK,NOT_AVAILABLE,NOT_GOLDBET,e2455981fff5cba716ed2ed1f406e8974e6a6ee6253d2ab6f4dd5f9e4d5f738b
746da5cf3f7f98f41a96d9d9,2. Bundesliga,2024/2025,DEVELOPMENT,2024-09-01,12:30,MATCH_KICKOFF_TIME_TIMEZONE_NOT_STATED_BY_SOURCE,,NOT_VERIFIED_DO_NOT_INFER,Paderborn,Ulm,0,0,D,EVALUATION_ONLY_JOIN_AFTER_PREMATCH_FEATURE_FREEZE,1.53,4.38,5.6,EXTERNAL_HISTORICAL_MARKET_BENCHMARK,NOT_AVAILABLE,NOT_GOLDBET,e5cf11808fa3e6b89688a9a868f65733a47206c362545997d850d1bb19eeca2c
d88aec98c2956f08f8165622,2. Bundesliga,2024/2025,DEVELOPMENT,2024-09-01,12:30,MATCH_KICKOFF_TIME_TIMEZONE_NOT_STATED_BY_SOURCE,,NOT_VERIFIED_DO_NOT_INFER,Schalke 04,FC Koln,1,3,A,EVALUATION_ONLY_JOIN_AFTER_PREMATCH_FEATURE_FREEZE,3.15,3.74,2.11,EXTERNAL_HISTORICAL_MARKET_BENCHMARK,NOT_AVAILABLE,NOT_GOLDBET,f65d89ff5caf247d959e882f4d76a5b5c9205126ddde438d7238315570401225
331ffdc4223c56fbff826f07,2. Bundesliga,2024/2025,DEVELOPMENT,2024-09-13,17:30,MATCH_KICKOFF_TIME_TIMEZONE_NOT_STATED_BY_SOURCE,,NOT_VERIFIED_DO_NOT_INFER,Karlsruhe,Schalke 04,2,0,H,EVALUATION_ONLY_JOIN_AFTER_PREMATCH_FEATURE_FREEZE,1.99,3.79,3.4,EXTERNAL_HISTORICAL_MARKET_BENCHMARK,NOT_AVAILABLE,NOT_GOLDBET,19099a4a13d8811a353f3ba41981779e9db45a2d3dfe83cfaa01f9aaaee026aa
4fbffd32561b10fdc47e3ce3,2. Bundesliga,2024/2025,DEVELOPMENT,2024-09-13,17:30,MATCH_KICKOFF_TIME_TIMEZONE_NOT_STATED_BY_SOURCE,,NOT_VERIFIED_DO_NOT_INFER,Preußen Münster,Paderborn,3,3,D,EVALUATION_ONLY_JOIN_AFTER_PREMATCH_FEATURE_FREEZE,3.16,3.82,2.09,EXTERNAL_HISTORICAL_MARKET_BENCHMARK,NOT_AVAILABLE,NOT_GOLDBET,4c68c06d6577d4a28493250e2e8dbb15bec04e6bd576ccecb110ae1bf029ae6e
a1450340389c33b13c4e1fb3,2. Bundesliga,2024/2025,DEVELOPMENT,2024-09-14,12:00,MATCH_KICKOFF_TIME_TIMEZONE_NOT_STATED_BY_SOURCE,,NOT_VERIFIED_DO_NOT_INFER,Darmstadt,Braunschweig,1,1,D,EVALUATION_ONLY_JOIN_AFTER_PREMATCH_FEATURE_FREEZE,1.98,3.65,3.6,EXTERNAL_HISTORICAL_MARKET_BENCHMARK,NOT_AVAILABLE,NOT_GOLDBET,8ef077988badc923152c252fe8bddceb9cf63321c4114ea88cc1f9fe6c2f1bcc
d94eb317e0a46b5261d4ece1,2. Bundesliga,2024/2025,DEVELOPMENT,2024-09-14,12:00,MATCH_KICKOFF_TIME_TIMEZONE_NOT_STATED_BY_SOURCE,,NOT_VERIFIED_DO_NOT_INFER,Hannover,Kaiserslautern,3,1,H,EVALUATION_ONLY_JOIN_AFTER_PREMATCH_FEATURE_FREEZE,1.96,3.72,3.58,EXTERNAL_HISTORICAL_MARKET_BENCHMARK,NOT_AVAILABLE,NOT_GOLDBET,295a8a289c29e2a1c564b819419c1ef457f849ac1738bde7ca957b531908ea2a
e8956e2fcfa7481f74ea047a,2. Bundesliga,2024/2025,DEVELOPMENT,2024-09-14,12:00,MATCH_KICKOFF_TIME_TIMEZONE_NOT_STATED_BY_SOURCE,,NOT_VERIFIED_DO_NOT_INFER,Ulm,Nurnberg,1,2,A,EVALUATION_ONLY_JOIN_AFTER_PREMATCH_FEATURE_FREEZE,2.17,3.43,3.27,EXTERNAL_HISTORICAL_MARKET_BENCHMARK,NOT_AVAILABLE,NOT_GOLDBET,35cba7a44ae2d8415f6971e96c4ab6c438c3b682326829423b1d3786d6047fea
88e4cc9ca33808947b83ed80,2. Bundesliga,2024/2025,DEVELOPMENT,2024-09-14,19:30,MATCH_KICKOFF_TIME_TIMEZONE_NOT_STATED_BY_SOURCE,,NOT_VERIFIED_DO_NOT_INFER,FC Koln,Magdeburg,1,2,A,EVALUATION_ONLY_JOIN_AFTER_PREMATCH_FEATURE_FREEZE,1.42,5.06,6.33,EXTERNAL_HISTORICAL_MARKET_BENCHMARK,NOT_AVAILABLE,NOT_GOLDBET,9f08a3482f7c1a44c2870caef314001c5268936a07e47d33c435772f6945835a
280c6f771bb087a9d4943fde,2. Bundesliga,2024/2025,DEVELOPMENT,2024-09-15,12:30,MATCH_KICKOFF_TIME_TIMEZONE_NOT_STATED_BY_SOURCE,,NOT_VERIFIED_DO_NOT_INFER,Greuther Furth,Elversberg,0,0,D,EVALUATION_ONLY_JOIN_AFTER_PREMATCH_FEATURE_FREEZE,1.93,3.96,3.47,EXTERNAL_HISTORICAL_MARKET_BENCHMARK,NOT_AVAILABLE,NOT_GOLDBET,be4457c8433df57a1526f6e13f003a5964d8be3f5cb69ce294c88d1d1d02643c
779c300a9de617537d514a44,2. Bundesliga,2024/2025,DEVELOPMENT,2024-09-15,12:30,MATCH_KICKOFF_TIME_TIMEZONE_NOT_STATED_BY_SOURCE,,NOT_VERIFIED_DO_NOT_INFER,Hamburg,Regensburg,5,0,H,EVALUATION_ONLY_JOIN_AFTER_PREMATCH_FEATURE_FREEZE,1.4,4.99,6.89,EXTERNAL_HISTORICAL_MARKET_BENCHMARK,NOT_AVAILABLE,NOT_GOLDBET,50e5b3d5d684d6233d77c8bf3d88276534772e6e07ea0a9b9ee46051c219f4fa
018174110882aa9989cc726b,2. Bundesliga,2024/2025,DEVELOPMENT,2024-09-15,12:30,MATCH_KICKOFF_TIME_TIMEZONE_NOT_STATED_BY_SOURCE,,NOT_VERIFIED_DO_NOT_INFER,Hertha,Fortuna Dusseldorf,0,2,A,EVALUATION_ONLY_JOIN_AFTER_PREMATCH_FEATURE_FREEZE,2.4,3.66,2.7,EXTERNAL_HISTORICAL_MARKET_BENCHMARK,NOT_AVAILABLE,NOT_GOLDBET,19c641a2374168a47501bf2e73377a0b37a2f6c5eb9134186d136b867c7f0188
af329bc1fb15335af8d4e6d0,2. Bundesliga,2024/2025,DEVELOPMENT,2024-09-20,17:30,MATCH_KICKOFF_TIME_TIMEZONE_NOT_STATED_BY_SOURCE,,NOT_VERIFIED_DO_NOT_INFER,Paderborn,Hannover,2,1,H,EVALUATION_ONLY_JOIN_AFTER_PREMATCH_FEATURE_FREEZE,2.22,3.62,3.01,EXTERNAL_HISTORICAL_MARKET_BENCHMARK,NOT_AVAILABLE,NOT_GOLDBET,6b3809382149846f18c49b5d6a47d5eaa74c789f456d07ba532718447f34e8fe
c4b01853beed800f6db3316a,2. Bundesliga,2024/2025,DEVELOPMENT,2024-09-20,17:30,MATCH_KICKOFF_TIME_TIMEZONE_NOT_STATED_BY_SOURCE,,NOT_VERIFIED_DO_NOT_INFER,Schalke 04,Darmstadt,3,5,A,EVALUATION_ONLY_JOIN_AFTER_PREMATCH_FEATURE_FREEZE,1.85,3.83,3.89,EXTERNAL_HISTORICAL_MARKET_BENCHMARK,NOT_AVAILABLE,NOT_GOLDBET,9e3b7e07909093fcb439adda538480f04830ea952a91ef2e45bc2ee3924880ad
a5bd0ae6b86ad3c0be2ec6e5,2. Bundesliga,2024/2025,DEVELOPMENT,2024-09-21,12:00,MATCH_KICKOFF_TIME_TIMEZONE_NOT_STATED_BY_SOURCE,,NOT_VERIFIED_DO_NOT_INFER,Braunschweig,Greuther Furth,2,0,H,EVALUATION_ONLY_JOIN_AFTER_PREMATCH_FEATURE_FREEZE,2.18,3.6,3.11,EXTERNAL_HISTORICAL_MARKET_BENCHMARK,NOT_AVAILABLE,NOT_GOLDBET,1762fe07057bbe46f117488fba27facfb69fd070358a5f958273292ae7c68e0c
45b24ac73ad7b19eeb3702d5,2. Bundesliga,2024/2025,DEVELOPMENT,2024-09-21,12:00,MATCH_KICKOFF_TIME_TIMEZONE_NOT_STATED_BY_SOURCE,,NOT_VERIFIED_DO_NOT_INFER,Fortuna Dusseldorf,FC Koln,2,2,D,EVALUATION_ONLY_JOIN_AFTER_PREMATCH_FEATURE_FREEZE,3.01,3.64,2.22,EXTERNAL_HISTORICAL_MARKET_BENCHMARK,NOT_AVAILABLE,NOT_GOLDBET,4b63ae7d36e60680cb2737a769acfab4568e59de8b68a0af8a9c786ab2ac1af8
293047f8d957ebb30899b587,2. Bundesliga,2024/2025,DEVELOPMENT,2024-09-21,12:00,MATCH_KICKOFF_TIME_TIMEZONE_NOT_STATED_BY_SOURCE,,NOT_VERIFIED_DO_NOT_INFER,Nurnberg,Hertha,0,2,A,EVALUATION_ONLY_JOIN_AFTER_PREMATCH_FEATURE_FREEZE,3.08,3.69,2.17,EXTERNAL_HISTORICAL_MARKET_BENCHMARK,NOT_AVAILABLE,NOT_GOLDBET,2850bb9a67e7e5841ea71d436562c9d48187f07c601ffe8a883becb7708be5a5
47325113bcff694fd579b867,2. Bundesliga,2024/2025,DEVELOPMENT,2024-09-21,19:30,MATCH_KICKOFF_TIME_TIMEZONE_NOT_STATED_BY_SOURCE,,NOT_VERIFIED_DO_NOT_INFER,Kaiserslautern,Hamburg,2,2,D,EVALUATION_ONLY_JOIN_AFTER_PREMATCH_FEATURE_FREEZE,3.1,3.76,2.13,EXTERNAL_HISTORICAL_MARKET_BENCHMARK,NOT_AVAILABLE,NOT_GOLDBET,ef797efba37b331cd892d4c701703cc96fd978e4eff77a5aff61a2f4b010e194
f2fcc329f634e9489026e528,2. Bundesliga,2024/2025,DEVELOPMENT,2024-09-22,12:30,MATCH_KICKOFF_TIME_TIMEZONE_NOT_STATED_BY_SOURCE,,NOT_VERIFIED_DO_NOT_INFER,Elversberg,Ulm,1,3,A,EVALUATION_ONLY_JOIN_AFTER_PREMATCH_FEATURE_FREEZE,1.81,3.74,4.2,EXTERNAL_HISTORICAL_MARKET_BENCHMARK,NOT_AVAILABLE,NOT_GOLDBET,2f4792e9394155e223ea07302e3c74311864e30c37a1883dfe8773f465ae7cab
797781caa4587454bc0b84f5,2. Bundesliga,2024/2025,DEVELOPMENT,2024-09-22,12:30,MATCH_KICKOFF_TIME_TIMEZONE_NOT_STATED_BY_SOURCE,,NOT_VERIFIED_DO_NOT_INFER,Magdeburg,Karlsruhe,2,2,D,EVALUATION_ONLY_JOIN_AFTER_PREMATCH_FEATURE_FREEZE,2.49,3.82,2.54,EXTERNAL_HISTORICAL_MARKET_BENCHMARK,NOT_AVAILABLE,NOT_GOLDBET,b072176a59e3d9928ac49988b45fe8bdea826af17485bbb7a0fb90a200a82fbd
bf386185f79ab90c3726ac08,2. Bundesliga,2024/2025,DEVELOPMENT,2024-09-22,12:30,MATCH_KICKOFF_TIME_TIMEZONE_NOT_STATED_BY_SOURCE,,NOT_VERIFIED_DO_NOT_INFER,Regensburg,Preußen Münster,0,3,A,EVALUATION_ONLY_JOIN_AFTER_PREMATCH_FEATURE_FREEZE,2.27,3.48,3.02,EXTERNAL_HISTORICAL_MARKET_BENCHMARK,NOT_AVAILABLE,NOT_GOLDBET,d8cd01d3232fc8ff3470db2a8c94610f018b9bb7f6e6b9fc83899a459455dc67
3765951b0dadeace1c2c488b,2. Bundesliga,2024/2025,DEVELOPMENT,2024-09-27,17:30,MATCH_KICKOFF_TIME_TIMEZONE_NOT_STATED_BY_SOURCE,,NOT_VERIFIED_DO_NOT_INFER,Greuther Furth,Fortuna Dusseldorf,1,2,A,EVALUATION_ONLY_JOIN_AFTER_PREMATCH_FEATURE_FREEZE,2.84,3.53,2.37,EXTERNAL_HISTORICAL_MARKET_BENCHMARK,NOT_AVAILABLE,NOT_GOLDBET,6d357ad2f041369c940cd79ac639e6e3a12717da307ff76258fd268e3b7bb0b0
66a98fc339609db81760af71,2. Bundesliga,2024/2025,DEVELOPMENT,2024-09-27,17:30,MATCH_KICKOFF_TIME_TIMEZONE_NOT_STATED_BY_SOURCE,,NOT_VERIFIED_DO_NOT_INFER,Ulm,Braunschweig,3,1,H,EVALUATION_ONLY_JOIN_AFTER_PREMATCH_FEATURE_FREEZE,2.61,3.3,2.69,EXTERNAL_HISTORICAL_MARKET_BENCHMARK,NOT_AVAILABLE,NOT_GOLDBET,399bfc7927a560b6de588a67122cce79b56f349ca052906fa3feb7e1356f9bde
4a92f1242137e77eb0491945,2. Bundesliga,2024/2025,DEVELOPMENT,2024-09-28,12:00,MATCH_KICKOFF_TIME_TIMEZONE_NOT_STATED_BY_SOURCE,,NOT_VERIFIED_DO_NOT_INFER,Darmstadt,Magdeburg,1,2,A,EVALUATION_ONLY_JOIN_AFTER_PREMATCH_FEATURE_FREEZE,2.32,3.56,2.9,EXTERNAL_HISTORICAL_MARKET_BENCHMARK,NOT_AVAILABLE,NOT_GOLDBET,e2ee0093623e2343dcf957b478fe1235cfd0cd6ddfe32a0bb60b3f393ba854c7
4b3196787bd15d3547de31ef,2. Bundesliga,2024/2025,DEVELOPMENT,2024-09-28,12:00,MATCH_KICKOFF_TIME_TIMEZONE_NOT_STATED_BY_SOURCE,,NOT_VERIFIED_DO_NOT_INFER,Hamburg,Paderborn,2,2,D,EVALUATION_ONLY_JOIN_AFTER_PREMATCH_FEATURE_FREEZE,1.87,3.97,3.69,EXTERNAL_HISTORICAL_MARKET_BENCHMARK,NOT_AVAILABLE,NOT_GOLDBET,a1c152da09d7b5afa34b204104b9ced0aa4cc04e2b0f0e5eacae2124e574b77e
88d458b93d24a286d082a2e8,2. Bundesliga,2024/2025,DEVELOPMENT,2024-09-28,12:00,MATCH_KICKOFF_TIME_TIMEZONE_NOT_STATED_BY_SOURCE,,NOT_VERIFIED_DO_NOT_INFER,Regensburg,Kaiserslautern,0,0,D,EVALUATION_ONLY_JOIN_AFTER_PREMATCH_FEATURE_FREEZE,3.27,3.62,2.11,EXTERNAL_HISTORICAL_MARKET_BENCHMARK,NOT_AVAILABLE,NOT_GOLDBET,5e6269971f042f6b7ab81dcdf2f974731eb39072671b6c1f53e521df39c9b2bb
370e5b3b0b42f64a8095a4f0,2. Bundesliga,2024/2025,DEVELOPMENT,2024-09-28,19:30,MATCH_KICKOFF_TIME_TIMEZONE_NOT_STATED_BY_SOURCE,,NOT_VERIFIED_DO_NOT_INFER,Preußen Münster,Schalke 04,1,2,A,EVALUATION_ONLY_JOIN_AFTER_PREMATCH_FEATURE_FREEZE,2.51,3.68,2.59,EXTERNAL_HISTORICAL_MARKET_BENCHMARK,NOT_AVAILABLE,NOT_GOLDBET,7d2cb0757813587d2cb55927b3f58983418f4a9d43478e20ab514f5ec69332d7
ed9f9054d4cb3fe50536d022,2. Bundesliga,2024/2025,DEVELOPMENT,2024-09-29,12:30,MATCH_KICKOFF_TIME_TIMEZONE_NOT_STATED_BY_SOURCE,,NOT_VERIFIED_DO_NOT_INFER,FC Koln,Karlsruhe,4,4,D,EVALUATION_ONLY_JOIN_AFTER_PREMATCH_FEATURE_FREEZE,1.49,4.77,5.76,EXTERNAL_HISTORICAL_MARKET_BENCHMARK,NOT_AVAILABLE,NOT_GOLDBET,c7f27548bcf395ab22ae390564e464ef5c15371ab0f6af8a3541d07565a70120
25d274840c05420689db0354,2. Bundesliga,2024/2025,DEVELOPMENT,2024-09-29,12:30,MATCH_KICKOFF_TIME_TIMEZONE_NOT_STATED_BY_SOURCE,,NOT_VERIFIED_DO_NOT_INFER,Hannover,Nurnberg,2,0,H,EVALUATION_ONLY_JOIN_AFTER_PREMATCH_FEATURE_FREEZE,1.45,4.73,6.4,EXTERNAL_HISTORICAL_MARKET_BENCHMARK,NOT_AVAILABLE,NOT_GOLDBET,770ffacd1086307908b177641ed154d85023094b1169f29ca0935814fa00a44c
d344f4a56b7abf56f7d4737a,2. Bundesliga,2024/2025,DEVELOPMENT,2024-09-29,12:30,MATCH_KICKOFF_TIME_TIMEZONE_NOT_STATED_BY_SOURCE,,NOT_VERIFIED_DO_NOT_INFER,Hertha,Elversberg,1,4,A,EVALUATION_ONLY_JOIN_AFTER_PREMATCH_FEATURE_FREEZE,1.81,4.04,3.92,EXTERNAL_HISTORICAL_MARKET_BENCHMARK,NOT_AVAILABLE,NOT_GOLDBET,7156435aa1fb1a28421060f19524e11f7d18d2ea5c92166d883f6966b3f09f22
884b0e1c18d7e6415b5fb2c7,2. Bundesliga,2024/2025,DEVELOPMENT,2024-10-04,17:30,MATCH_KICKOFF_TIME_TIMEZONE_NOT_STATED_BY_SOURCE,,NOT_VERIFIED_DO_NOT_INFER,Karlsruhe,Darmstadt,3,3,D,EVALUATION_ONLY_JOIN_AFTER_PREMATCH_FEATURE_FREEZE,1.72,4.03,4.44,EXTERNAL_HISTORICAL_MARKET_BENCHMARK,NOT_AVAILABLE,NOT_GOLDBET,07b16970b56a8c1ef5c85b94b4c47eefd1a496c9df523c9be53c0f5b127a137f
7632f1301fee528ed361af2a,2. Bundesliga,2024/2025,DEVELOPMENT,2024-10-04,17:30,MATCH_KICKOFF_TIME_TIMEZONE_NOT_STATED_BY_SOURCE,,NOT_VERIFIED_DO_NOT_INFER,Paderborn,Regensburg,3,0,H,EVALUATION_ONLY_JOIN_AFTER_PREMATCH_FEATURE_FREEZE,1.37,5.26,7.33,EXTERNAL_HISTORICAL_MARKET_BENCHMARK,NOT_AVAILABLE,NOT_GOLDBET,8b1a962638e8cd7ec0f6390f5e2c11837a095e57ecc5d9ca5171d3868f4633e3
2f754a4e952a83a164745435,2. Bundesliga,2024/2025,DEVELOPMENT,2024-10-05,12:00,MATCH_KICKOFF_TIME_TIMEZONE_NOT_STATED_BY_SOURCE,,NOT_VERIFIED_DO_NOT_INFER,Elversberg,Kaiserslautern,1,0,H,EVALUATION_ONLY_JOIN_AFTER_PREMATCH_FEATURE_FREEZE,2.16,3.75,3.03,EXTERNAL_HISTORICAL_MARKET_BENCHMARK,NOT_AVAILABLE,NOT_GOLDBET,742190b2e6fd0714f7316d1e9b72ec000870906cdfe4b46597a49cbe3c7b0834
492fed9b1d97d7d03ba65ff4,2. Bundesliga,2024/2025,DEVELOPMENT,2024-10-05,12:00,MATCH_KICKOFF_TIME_TIMEZONE_NOT_STATED_BY_SOURCE,,NOT_VERIFIED_DO_NOT_INFER,FC Koln,Ulm,2,0,H,EVALUATION_ONLY_JOIN_AFTER_PREMATCH_FEATURE_FREEZE,1.29,5.82,8.95,EXTERNAL_HISTORICAL_MARKET_BENCHMARK,NOT_AVAILABLE,NOT_GOLDBET,c0cc31d9eaf7d375f57d2c8279c6470115434212667fd48776c56cbc9bf03067
0c87f22819c25915b4f6702d,2. Bundesliga,2024/2025,DEVELOPMENT,2024-10-05,12:00,MATCH_KICKOFF_TIME_TIMEZONE_NOT_STATED_BY_SOURCE,,NOT_VERIFIED_DO_NOT_INFER,Nurnberg,Preußen Münster,3,2,H,EVALUATION_ONLY_JOIN_AFTER_PREMATCH_FEATURE_FREEZE,2.66,3.57,2.49,EXTERNAL_HISTORICAL_MARKET_BENCHMARK,NOT_AVAILABLE,NOT_GOLDBET,10d430a625283b15d373154c82bd5e4214e79b3e3467c2a735ffe8d5e7b301e9
a655187cbf85fc8db0069e0b,2. Bundesliga,2024/2025,DEVELOPMENT,2024-10-05,19:30,MATCH_KICKOFF_TIME_TIMEZONE_NOT_STATED_BY_SOURCE,,NOT_VERIFIED_DO_NOT_INFER,Schalke 04,Hertha,2,2,D,EVALUATION_ONLY_JOIN_AFTER_PREMATCH_FEATURE_FREEZE,2.38,3.73,2.71,EXTERNAL_HISTORICAL_MARKET_BENCHMARK,NOT_AVAILABLE,NOT_GOLDBET,856912369eb6af96e2f76f575c19665d72cb221519c6da2e748cfe09f53d2e5d
fb98d1411a222c4d6eafd38d,2. Bundesliga,2024/2025,DEVELOPMENT,2024-10-06,12:30,MATCH_KICKOFF_TIME_TIMEZONE_NOT_STATED_BY_SOURCE,,NOT_VERIFIED_DO_NOT_INFER,Braunschweig,Hannover,2,0,H,EVALUATION_ONLY_JOIN_AFTER_PREMATCH_FEATURE_FREEZE,3.24,3.44,2.18,EXTERNAL_HISTORICAL_MARKET_BENCHMARK,NOT_AVAILABLE,NOT_GOLDBET,82b3ee967a00b9a52dc64e494ad40625ddaf636a2213a57b256c267e44d9c476
0c1a0117239d369a8139e3d0,2. Bundesliga,2024/2025,DEVELOPMENT,2024-10-06,12:30,MATCH_KICKOFF_TIME_TIMEZONE_NOT_STATED_BY_SOURCE,,NOT_VERIFIED_DO_NOT_INFER,Fortuna Dusseldorf,Hamburg,0,3,A,EVALUATION_ONLY_JOIN_AFTER_PREMATCH_FEATURE_FREEZE,2.69,3.49,2.5,EXTERNAL_HISTORICAL_MARKET_BENCHMARK,NOT_AVAILABLE,NOT_GOLDBET,620ab8ed662ceff39374845e1c74195445d11ce8e0aacc6c4d3969296b75afaa
bc9351ebff7e47be9e2c3ae8,2. Bundesliga,2024/2025,DEVELOPMENT,2024-10-06,12:30,MATCH_KICKOFF_TIME_TIMEZONE_NOT_STATED_BY_SOURCE,,NOT_VERIFIED_DO_NOT_INFER,Magdeburg,Greuther Furth,2,2,D,EVALUATION_ONLY_JOIN_AFTER_PREMATCH_FEATURE_FREEZE,1.96,3.87,3.46,EXTERNAL_HISTORICAL_MARKET_BENCHMARK,NOT_AVAILABLE,NOT_GOLDBET,3c666fa5338c1526b8211ed5c4a8ea31bf9e9e81d95aa4afc8fcdcc44b758c20
403b52b11444ecaa46f108dc,2. Bundesliga,2024/2025,DEVELOPMENT,2024-10-18,17:30,MATCH_KICKOFF_TIME_TIMEZONE_NOT_STATED_BY_SOURCE,,NOT_VERIFIED_DO_NOT_INFER,Darmstadt,FC Koln,5,1,H,EVALUATION_ONLY_JOIN_AFTER_PREMATCH_FEATURE_FREEZE,3.6,3.95,1.91,EXTERNAL_HISTORICAL_MARKET_BENCHMARK,NOT_AVAILABLE,NOT_GOLDBET,636c0e739e93f489cbfb75d818482c84effaf24b4dc182aa8e6895f3ba9a45f7
8eaa041a3c504b8c8606e107,2. Bundesliga,2024/2025,DEVELOPMENT,2024-10-18,17:30,MATCH_KICKOFF_TIME_TIMEZONE_NOT_STATED_BY_SOURCE,,NOT_VERIFIED_DO_NOT_INFER,Hertha,Braunschweig,3,1,H,EVALUATION_ONLY_JOIN_AFTER_PREMATCH_FEATURE_FREEZE,1.87,3.85,3.8,EXTERNAL_HISTORICAL_MARKET_BENCHMARK,NOT_AVAILABLE,NOT_GOLDBET,14200529babd3926fdf968e850b125d2af3cdb4ca618494600086055b33c1503
30da7c2153f4968a7f71ad2c,2. Bundesliga,2024/2025,DEVELOPMENT,2024-10-19,12:00,MATCH_KICKOFF_TIME_TIMEZONE_NOT_STATED_BY_SOURCE,,NOT_VERIFIED_DO_NOT_INFER,Hannover,Schalke 04,1,0,H,EVALUATION_ONLY_JOIN_AFTER_PREMATCH_FEATURE_FREEZE,1.84,3.76,4.03,EXTERNAL_HISTORICAL_MARKET_BENCHMARK,NOT_AVAILABLE,NOT_GOLDBET,71bbe73ac27e4d41f81025f5bf3821b1edddb0f8bf3b09eae65679562d340cee
247240a14e196e5c887c1374,2. Bundesliga,2024/2025,DEVELOPMENT,2024-10-19,12:00,MATCH_KICKOFF_TIME_TIMEZONE_NOT_STATED_BY_SOURCE,,NOT_VERIFIED_DO_NOT_INFER,Preußen Münster,Elversberg,1,1,D,EVALUATION_ONLY_JOIN_AFTER_PREMATCH_FEATURE_FREEZE,2.57,3.73,2.5,EXTERNAL_HISTORICAL_MARKET_BENCHMARK,NOT_AVAILABLE,NOT_GOLDBET,836627a39d32b45dd7c247381fb05777e6f96f0dbe05fe5b4308cf43c17af9ea
3248a3add0c945534921afd1,2. Bundesliga,2024/2025,DEVELOPMENT,2024-10-19,12:00,MATCH_KICKOFF_TIME_TIMEZONE_NOT_STATED_BY_SOURCE,,NOT_VERIFIED_DO_NOT_INFER,Regensburg,Fortuna Dusseldorf,0,3,A,EVALUATION_ONLY_JOIN_AFTER_PREMATCH_FEATURE_FREEZE,4.39,3.84,1.75,EXTERNAL_HISTORICAL_MARKET_BENCHMARK,NOT_AVAILABLE,NOT_GOLDBET,a8df4c7a8727a01f5e1222ee07681f18ad75191f7762c8f929d2faa88fd7aacf
ec90bd3b37ba8b4b25bc0ea2,2. Bundesliga,2024/2025,DEVELOPMENT,2024-10-19,19:30,MATCH_KICKOFF_TIME_TIMEZONE_NOT_STATED_BY_SOURCE,,NOT_VERIFIED_DO_NOT_INFER,Kaiserslautern,Paderborn,3,0,H,EVALUATION_ONLY_JOIN_AFTER_PREMATCH_FEATURE_FREEZE,3.01,3.61,2.23,EXTERNAL_HISTORICAL_MARKET_BENCHMARK,NOT_AVAILABLE,NOT_GOLDBET,c9395c04ca7391e015cd310d101b9973f9a5b6b0a4f4ca4b34be1168ba133552
8f8b710236af37a7101e4340,2. Bundesliga,2024/2025,DEVELOPMENT,2024-10-20,12:30,MATCH_KICKOFF_TIME_TIMEZONE_NOT_STATED_BY_SOURCE,,NOT_VERIFIED_DO_NOT_INFER,Greuther Furth,Nurnberg,0,4,A,EVALUATION_ONLY_JOIN_AFTER_PREMATCH_FEATURE_FREEZE,2.08,3.57,3.38,EXTERNAL_HISTORICAL_MARKET_BENCHMARK,NOT_AVAILABLE,NOT_GOLDBET,c9561588368b2f4afdc13467d8f57f5e00afad74be2f16adb985792c8a523d88
950169ae9dc1ab7c1236463c,2. Bundesliga,2024/2025,DEVELOPMENT,2024-10-20,12:30,MATCH_KICKOFF_TIME_TIMEZONE_NOT_STATED_BY_SOURCE,,NOT_VERIFIED_DO_NOT_INFER,Hamburg,Magdeburg,3,1,H,EVALUATION_ONLY_JOIN_AFTER_PREMATCH_FEATURE_FREEZE,1.68,4.24,4.44,EXTERNAL_HISTORICAL_MARKET_BENCHMARK,NOT_AVAILABLE,NOT_GOLDBET,4f569c4b4382b22483055fe6384e7610fb65c7f70c9cc6b7ade3262ad489af3d
3df9b6da958b54caa7559e0f,2. Bundesliga,2024/2025,DEVELOPMENT,2024-10-20,12:30,MATCH_KICKOFF_TIME_TIMEZONE_NOT_STATED_BY_SOURCE,,NOT_VERIFIED_DO_NOT_INFER,Ulm,Karlsruhe,0,1,A,EVALUATION_ONLY_JOIN_AFTER_PREMATCH_FEATURE_FREEZE,3.62,3.59,1.98,EXTERNAL_HISTORICAL_MARKET_BENCHMARK,NOT_AVAILABLE,NOT_GOLDBET,1bb9d296f13a2b89e66b980701d5d3f45f6c4c5fc76b26130304bdb287da82b8
f7aaf5fe635b4f24dd1a433e,2. Bundesliga,2024/2025,DEVELOPMENT,2024-10-25,17:30,MATCH_KICKOFF_TIME_TIMEZONE_NOT_STATED_BY_SOURCE,,NOT_VERIFIED_DO_NOT_INFER,FC Koln,Paderborn,1,2,A,EVALUATION_ONLY_JOIN_AFTER_PREMATCH_FEATURE_FREEZE,1.54,4.47,5.41,EXTERNAL_HISTORICAL_MARKET_BENCHMARK,NOT_AVAILABLE,NOT_GOLDBET,0bf6bd4eb618b63d98c7e50e6c00fa2c6dcef36358d6c49f6f7af73f66177488
9d2569db9e38a67496cb2bd5,2. Bundesliga,2024/2025,DEVELOPMENT,2024-10-25,17:30,MATCH_KICKOFF_TIME_TIMEZONE_NOT_STATED_BY_SOURCE,,NOT_VERIFIED_DO_NOT_INFER,Nurnberg,Regensburg,8,3,H,EVALUATION_ONLY_JOIN_AFTER_PREMATCH_FEATURE_FREEZE,1.64,3.98,5.14,EXTERNAL_HISTORICAL_MARKET_BENCHMARK,NOT_AVAILABLE,NOT_GOLDBET,2196ecc38c7709e5cb9ccd1587a68d08b81cce21e539e922ddc07236b2f6f289
a2008fa3da1b0e6ed539371a,2. Bundesliga,2024/2025,DEVELOPMENT,2024-10-26,12:00,MATCH_KICKOFF_TIME_TIMEZONE_NOT_STATED_BY_SOURCE,,NOT_VERIFIED_DO_NOT_INFER,Elversberg,Hamburg,4,2,H,EVALUATION_ONLY_JOIN_AFTER_PREMATCH_FEATURE_FREEZE,2.75,3.65,2.37,EXTERNAL_HISTORICAL_MARKET_BENCHMARK,NOT_AVAILABLE,NOT_GOLDBET,188100c3f657c8f20eb6deef567827fa906892f255722e76932dda1ebc9ff282
6118c7859daac4b3337b27f0,2. Bundesliga,2024/2025,DEVELOPMENT,2024-10-26,12:00,MATCH_KICKOFF_TIME_TIMEZONE_NOT_STATED_BY_SOURCE,,NOT_VERIFIED_DO_NOT_INFER,Karlsruhe,Hertha,1,3,A,EVALUATION_ONLY_JOIN_AFTER_PREMATCH_FEATURE_FREEZE,2.17,3.82,2.98,EXTERNAL_HISTORICAL_MARKET_BENCHMARK,NOT_AVAILABLE,NOT_GOLDBET,c1b3643cbebe01602f3557589cce00d7c5fdaaeb5d4a001c0c3df4ccf6416d6c
723caa9fe698968e9fef3338,2. Bundesliga,2024/2025,DEVELOPMENT,2024-10-26,12:00,MATCH_KICKOFF_TIME_TIMEZONE_NOT_STATED_BY_SOURCE,,NOT_VERIFIED_DO_NOT_INFER,Schalke 04,Greuther Furth,3,4,A,EVALUATION_ONLY_JOIN_AFTER_PREMATCH_FEATURE_FREEZE,1.93,3.59,3.81,EXTERNAL_HISTORICAL_MARKET_BENCHMARK,NOT_AVAILABLE,NOT_GOLDBET,186dcce9b7e41b45646b37c3b65dec05a7f27a2093b80e4afe8311e0cf425469
1179d0402f6b67ba1dec7338,2. Bundesliga,2024/2025,DEVELOPMENT,2024-10-26,19:30,MATCH_KICKOFF_TIME_TIMEZONE_NOT_STATED_BY_SOURCE,,NOT_VERIFIED_DO_NOT_INFER,Fortuna Dusseldorf,Kaiserslautern,3,4,A,EVALUATION_ONLY_JOIN_AFTER_PREMATCH_FEATURE_FREEZE,1.72,3.93,4.5,EXTERNAL_HISTORICAL_MARKET_BENCHMARK,NOT_AVAILABLE,NOT_GOLDBET,4375f4d7ea71c49c4e2b7f4b0e0872e8f49c9d2e1b60adc9db60278b8373ea1c
997f2170bb66c22712142671,2. Bundesliga,2024/2025,DEVELOPMENT,2024-10-27,12:30,MATCH_KICKOFF_TIME_TIMEZONE_NOT_STATED_BY_SOURCE,,NOT_VERIFIED_DO_NOT_INFER,Braunschweig,Preußen Münster,1,1,D,EVALUATION_ONLY_JOIN_AFTER_PREMATCH_FEATURE_FREEZE,1.9,3.71,3.82,EXTERNAL_HISTORICAL_MARKET_BENCHMARK,NOT_AVAILABLE,NOT_GOLDBET,0dbcd48c3990564862df9ca3be57571e8bcc08ac8ab9fc0f730ee7a032b47405
6e392e1e84ab4edd69618bd7,2. Bundesliga,2024/2025,DEVELOPMENT,2024-10-27,12:30,MATCH_KICKOFF_TIME_TIMEZONE_NOT_STATED_BY_SOURCE,,NOT_VERIFIED_DO_NOT_INFER,Darmstadt,Ulm,1,1,D,EVALUATION_ONLY_JOIN_AFTER_PREMATCH_FEATURE_FREEZE,1.65,3.9,5.11,EXTERNAL_HISTORICAL_MARKET_BENCHMARK,NOT_AVAILABLE,NOT_GOLDBET,3abc4a338bae0fd23c67f2ae9ce053d60c571ce2e062d055fa8eb024a587eaa1
b44ebfebef1737a37e9d1c80,2. Bundesliga,2024/2025,DEVELOPMENT,2024-10-27,12:30,MATCH_KICKOFF_TIME_TIMEZONE_NOT_STATED_BY_SOURCE,,NOT_VERIFIED_DO_NOT_INFER,Magdeburg,Hannover,0,3,A,EVALUATION_ONLY_JOIN_AFTER_PREMATCH_FEATURE_FREEZE,2.52,3.49,2.67,EXTERNAL_HISTORICAL_MARKET_BENCHMARK,NOT_AVAILABLE,NOT_GOLDBET,bd8c69eba17794e41168940e4975c18f5886d9c3ef4a7b4e6614106835747a34
100e7fd1dbaeffc3d7f7bfe0,2. Bundesliga,2024/2025,DEVELOPMENT,2024-11-01,17:30,MATCH_KICKOFF_TIME_TIMEZONE_NOT_STATED_BY_SOURCE,,NOT_VERIFIED_DO_NOT_INFER,Preußen Münster,Fortuna Dusseldorf,1,0,H,EVALUATION_ONLY_JOIN_AFTER_PREMATCH_FEATURE_FREEZE,3.67,3.63,1.96,EXTERNAL_HISTORICAL_MARKET_BENCHMARK,NOT_AVAILABLE,NOT_GOLDBET,957c7b68e186b056a35b623e245d2fd0460f118035a4543a33ec414e77db63af
9782d0e31e31255e8cfb0e90,2. Bundesliga,2024/2025,DEVELOPMENT,2024-11-01,17:30,MATCH_KICKOFF_TIME_TIMEZONE_NOT_STATED_BY_SOURCE,,NOT_VERIFIED_DO_NOT_INFER,Ulm,Schalke 04,0,0,D,EVALUATION_ONLY_JOIN_AFTER_PREMATCH_FEATURE_FREEZE,2.65,3.22,2.71,EXTERNAL_HISTORICAL_MARKET_BENCHMARK,NOT_AVAILABLE,NOT_GOLDBET,c76c8cca90c9088087ded2e613e09de39e7c77ce5c4dda13e19a964c6a152453
d4225c7900b66dada2db9841,2. Bundesliga,2024/2025,DEVELOPMENT,2024-11-02,12:00,MATCH_KICKOFF_TIME_TIMEZONE_NOT_STATED_BY_SOURCE,,NOT_VERIFIED_DO_NOT_INFER,Greuther Furth,Darmstadt,1,5,A,EVALUATION_ONLY_JOIN_AFTER_PREMATCH_FEATURE_FREEZE,2.67,3.64,2.44,EXTERNAL_HISTORICAL_MARKET_BENCHMARK,NOT_AVAILABLE,NOT_GOLDBET,bc837308e7b98b67fe9ed00fafefc53a2aad14227f8f59c2ea01ee26abad94df
49991efbd5de5a52e1ae5082,2. Bundesliga,2024/2025,DEVELOPMENT,2024-11-02,12:00,MATCH_KICKOFF_TIME_TIMEZONE_NOT_STATED_BY_SOURCE,,NOT_VERIFIED_DO_NOT_INFER,Hannover,Karlsruhe,2,1,H,EVALUATION_ONLY_JOIN_AFTER_PREMATCH_FEATURE_FREEZE,1.96,3.6,3.7,EXTERNAL_HISTORICAL_MARKET_BENCHMARK,NOT_AVAILABLE,NOT_GOLDBET,af537b6b3398d4fa1e2ee686ca05e30a7707b9f1142228be184043cb700b1ae0
b70226e74999052ce0cd0bd8,2. Bundesliga,2024/2025,DEVELOPMENT,2024-11-02,12:00,MATCH_KICKOFF_TIME_TIMEZONE_NOT_STATED_BY_SOURCE,,NOT_VERIFIED_DO_NOT_INFER,Regensburg,Elversberg,1,0,H,EVALUATION_ONLY_JOIN_AFTER_PREMATCH_FEATURE_FREEZE,4.24,3.7,1.81,EXTERNAL_HISTORICAL_MARKET_BENCHMARK,NOT_AVAILABLE,NOT_GOLDBET,88f53f1e049ef6ea46882eae87611ecbf9a23c5efe5f3733852d2a994ac04e30
3dadbd07cc579b25f3bc96d1,2. Bundesliga,2024/2025,DEVELOPMENT,2024-11-02,19:30,MATCH_KICKOFF_TIME_TIMEZONE_NOT_STATED_BY_SOURCE,,NOT_VERIFIED_DO_NOT_INFER,Hertha,FC Koln,0,1,A,EVALUATION_ONLY_JOIN_AFTER_PREMATCH_FEATURE_FREEZE,2.74,3.66,2.38,EXTERNAL_HISTORICAL_MARKET_BENCHMARK,NOT_AVAILABLE,NOT_GOLDBET,067a033382c242d0df676a7c2ed2c8752daf773f2914a2b148e134cb93a733e5
8d81efbb185ec401db01f845,2. Bundesliga,2024/2025,DEVELOPMENT,2024-11-03,12:30,MATCH_KICKOFF_TIME_TIMEZONE_NOT_STATED_BY_SOURCE,,NOT_VERIFIED_DO_NOT_INFER,Hamburg,Nurnberg,1,1,D,EVALUATION_ONLY_JOIN_AFTER_PREMATCH_FEATURE_FREEZE,1.68,4.29,4.4,EXTERNAL_HISTORICAL_MARKET_BENCHMARK,NOT_AVAILABLE,NOT_GOLDBET,3404b80af76c5c6bc9353c9965be804a497aa7248d767a6e75c7273324deeec0
eff2ca9fe455805b5886fa56,2. Bundesliga,2024/2025,DEVELOPMENT,2024-11-03,12:30,MATCH_KICKOFF_TIME_TIMEZONE_NOT_STATED_BY_SOURCE,,NOT_VERIFIED_DO_NOT_INFER,Kaiserslautern,Magdeburg,2,2,D,EVALUATION_ONLY_JOIN_AFTER_PREMATCH_FEATURE_FREEZE,2.32,3.53,2.91,EXTERNAL_HISTORICAL_MARKET_BENCHMARK,NOT_AVAILABLE,NOT_GOLDBET,18c536b561f50c2d67949d95855934d986fb371af84427f41f930485b31ea406
14384f7b9210049027b77abe,2. Bundesliga,2024/2025,DEVELOPMENT,2024-11-03,12:30,MATCH_KICKOFF_TIME_TIMEZONE_NOT_STATED_BY_SOURCE,,NOT_VERIFIED_DO_NOT_INFER,Paderborn,Braunschweig,0,0,D,EVALUATION_ONLY_JOIN_AFTER_PREMATCH_FEATURE_FREEZE,1.78,3.76,4.39,EXTERNAL_HISTORICAL_MARKET_BENCHMARK,NOT_AVAILABLE,NOT_GOLDBET,d302b252087aa8daf05c5510804207eba1d12ddc62a05f7468b711be4298a91b
94ea2c4c9553ccaf930ffcfb,2. Bundesliga,2024/2025,DEVELOPMENT,2024-11-08,17:30,MATCH_KICKOFF_TIME_TIMEZONE_NOT_STATED_BY_SOURCE,,NOT_VERIFIED_DO_NOT_INFER,Braunschweig,Hamburg,3,1,H,EVALUATION_ONLY_JOIN_AFTER_PREMATCH_FEATURE_FREEZE,3.24,3.62,2.12,EXTERNAL_HISTORICAL_MARKET_BENCHMARK,NOT_AVAILABLE,NOT_GOLDBET,8c45f1ebbe5c30abaaad43c3a66e81a139df5a5373fb100e8d469105341116d4
16f25a80d1d28192b1a8786f,2. Bundesliga,2024/2025,DEVELOPMENT,2024-11-08,17:30,MATCH_KICKOFF_TIME_TIMEZONE_NOT_STATED_BY_SOURCE,,NOT_VERIFIED_DO_NOT_INFER,Nurnberg,Kaiserslautern,0,0,D,EVALUATION_ONLY_JOIN_AFTER_PREMATCH_FEATURE_FREEZE,2.16,3.59,3.16,EXTERNAL_HISTORICAL_MARKET_BENCHMARK,NOT_AVAILABLE,NOT_GOLDBET,e5dfa7a1f106f73850ed083713ac52ed9d528818849431f8909657d0c5dbd88c
98ab757b9d60459420bda57d,2. Bundesliga,2024/2025,DEVELOPMENT,2024-11-09,12:00,MATCH_KICKOFF_TIME_TIMEZONE_NOT_STATED_BY_SOURCE,,NOT_VERIFIED_DO_NOT_INFER,Darmstadt,Hertha,3,1,H,EVALUATION_ONLY_JOIN_AFTER_PREMATCH_FEATURE_FREEZE,2.05,3.83,3.22,EXTERNAL_HISTORICAL_MARKET_BENCHMARK,NOT_AVAILABLE,NOT_GOLDBET,6372b4bb4b84458620e03100215cad77566893aa890812c96ded09ff45cb7d00
4cc61e5cae3c8a77855d24f6,2. Bundesliga,2024/2025,DEVELOPMENT,2024-11-09,12:00,MATCH_KICKOFF_TIME_TIMEZONE_NOT_STATED_BY_SOURCE,,NOT_VERIFIED_DO_NOT_INFER,FC Koln,Greuther Furth,1,0,H,EVALUATION_ONLY_JOIN_AFTER_PREMATCH_FEATURE_FREEZE,1.37,5.3,7.05,EXTERNAL_HISTORICAL_MARKET_BENCHMARK,NOT_AVAILABLE,NOT_GOLDBET,968a31f114aaeb03f21dd070183a3a687388e9f6cda8f42c043bed6451af47d5
a59c681755a3ed159cce010d,2. Bundesliga,2024/2025,DEVELOPMENT,2024-11-09,12:00,MATCH_KICKOFF_TIME_TIMEZONE_NOT_STATED_BY_SOURCE,,NOT_VERIFIED_DO_NOT_INFER,Magdeburg,Ulm,0,0,D,EVALUATION_ONLY_JOIN_AFTER_PREMATCH_FEATURE_FREEZE,1.89,3.59,4.06,EXTERNAL_HISTORICAL_MARKET_BENCHMARK,NOT_AVAILABLE,NOT_GOLDBET,7988d52155a359ad55a77a0323848c7d8ce67e663e134b503f30cd04d20b75c6
00219c536ddd71d9d188d1e7,2. Bundesliga,2024/2025,DEVELOPMENT,2024-11-09,19:30,MATCH_KICKOFF_TIME_TIMEZONE_NOT_STATED_BY_SOURCE,,NOT_VERIFIED_DO_NOT_INFER,Fortuna Dusseldorf,Paderborn,1,1,D,EVALUATION_ONLY_JOIN_AFTER_PREMATCH_FEATURE_FREEZE,2.2,3.4,3.24,EXTERNAL_HISTORICAL_MARKET_BENCHMARK,NOT_AVAILABLE,NOT_GOLDBET,fd63d9bfd1b3e20a8da2969d1187d14acc97f574c70058a00dbcc2eaf2048d66
a65a20eda100178ec283a381,2. Bundesliga,2024/2025,DEVELOPMENT,2024-11-10,12:30,MATCH_KICKOFF_TIME_TIMEZONE_NOT_STATED_BY_SOURCE,,NOT_VERIFIED_DO_NOT_INFER,Elversberg,Hannover,3,1,H,EVALUATION_ONLY_JOIN_AFTER_PREMATCH_FEATURE_FREEZE,2.81,3.34,2.48,EXTERNAL_HISTORICAL_MARKET_BENCHMARK,NOT_AVAILABLE,NOT_GOLDBET,255571f368d02751b51d1dba3d104ae2a1c1cccef4fa8b537672f17eb75d5bb0
db7321145698177f8594835a,2. Bundesliga,2024/2025,DEVELOPMENT,2024-11-10,12:30,MATCH_KICKOFF_TIME_TIMEZONE_NOT_STATED_BY_SOURCE,,NOT_VERIFIED_DO_NOT_INFER,Karlsruhe,Preußen Münster,1,1,D,EVALUATION_ONLY_JOIN_AFTER_PREMATCH_FEATURE_FREEZE,1.74,3.95,4.37,EXTERNAL_HISTORICAL_MARKET_BENCHMARK,NOT_AVAILABLE,NOT_GOLDBET,3760deb47faa1704c5b6684b36275fb131830601a3230b96620f1cc0eb9835c4
c1d239a06052b5fa4f8755af,2. Bundesliga,2024/2025,DEVELOPMENT,2024-11-10,12:30,MATCH_KICKOFF_TIME_TIMEZONE_NOT_STATED_BY_SOURCE,,NOT_VERIFIED_DO_NOT_INFER,Schalke 04,Regensburg,2,0,H,EVALUATION_ONLY_JOIN_AFTER_PREMATCH_FEATURE_FREEZE,1.55,4.23,5.59,EXTERNAL_HISTORICAL_MARKET_BENCHMARK,NOT_AVAILABLE,NOT_GOLDBET,e658a81d9824e1a2a63f43f524efe3a0b515d80b6759287a73cd49248ac50133
c226e05b239ed44b4f8e4583,2. Bundesliga,2024/2025,DEVELOPMENT,2024-11-22,17:30,MATCH_KICKOFF_TIME_TIMEZONE_NOT_STATED_BY_SOURCE,,NOT_VERIFIED_DO_NOT_INFER,Paderborn,Nurnberg,3,2,H,EVALUATION_ONLY_JOIN_AFTER_PREMATCH_FEATURE_FREEZE,1.95,3.81,3.55,EXTERNAL_HISTORICAL_MARKET_BENCHMARK,NOT_AVAILABLE,NOT_GOLDBET,c1fae0181e4ef38e25d8dfbcfb3ee7ed5191943c4afc1fcf3f4b717b76d3ddfd
9067e37b4bffafaf9d4dc03b,2. Bundesliga,2024/2025,DEVELOPMENT,2024-11-22,17:30,MATCH_KICKOFF_TIME_TIMEZONE_NOT_STATED_BY_SOURCE,,NOT_VERIFIED_DO_NOT_INFER,Preußen Münster,FC Koln,0,1,A,EVALUATION_ONLY_JOIN_AFTER_PREMATCH_FEATURE_FREEZE,4.31,3.89,1.76,EXTERNAL_HISTORICAL_MARKET_BENCHMARK,NOT_AVAILABLE,NOT_GOLDBET,3f1e95bcb4cf34ab3a2a37ac366ff2e256fb50e764681077e298e2574522bf60
5306ccc1d04ab222f3ac1b4f,2. Bundesliga,2024/2025,DEVELOPMENT,2024-11-23,12:00,MATCH_KICKOFF_TIME_TIMEZONE_NOT_STATED_BY_SOURCE,,NOT_VERIFIED_DO_NOT_INFER,Fortuna Dusseldorf,Elversberg,0,2,A,EVALUATION_ONLY_JOIN_AFTER_PREMATCH_FEATURE_FREEZE,2.09,3.54,3.32,EXTERNAL_HISTORICAL_MARKET_BENCHMARK,NOT_AVAILABLE,NOT_GOLDBET,04928b16f4b5c990dd8f598da4a8e63e96aa3126116c76fa7ab0486e8c07e3d0
f754f95f4c4b7037e7070fb3,2. Bundesliga,2024/2025,DEVELOPMENT,2024-11-23,12:00,MATCH_KICKOFF_TIME_TIMEZONE_NOT_STATED_BY_SOURCE,,NOT_VERIFIED_DO_NOT_INFER,Greuther Furth,Karlsruhe,2,3,A,EVALUATION_ONLY_JOIN_AFTER_PREMATCH_FEATURE_FREEZE,2.96,3.66,2.23,EXTERNAL_HISTORICAL_MARKET_BENCHMARK,NOT_AVAILABLE,NOT_GOLDBET,e71eb33bfd8975077e7e9d6a2fe847e4c7216d7669aa19fe336753a1209e8572
ca7fbe81751cd70fdc83cfbc,2. Bundesliga,2024/2025,DEVELOPMENT,2024-11-23,12:00,MATCH_KICKOFF_TIME_TIMEZONE_NOT_STATED_BY_SOURCE,,NOT_VERIFIED_DO_NOT_INFER,Hannover,Darmstadt,1,2,A,EVALUATION_ONLY_JOIN_AFTER_PREMATCH_FEATURE_FREEZE,2.04,3.68,3.37,EXTERNAL_HISTORICAL_MARKET_BENCHMARK,NOT_AVAILABLE,NOT_GOLDBET,f7b3ec8bfe83122aaff33e5c45880102a7168cd678564f9652d7400bcb2c190c
37ef6b0f358e3fb2f6d9e2cb,2. Bundesliga,2024/2025,DEVELOPMENT,2024-11-23,12:00,MATCH_KICKOFF_TIME_TIMEZONE_NOT_STATED_BY_SOURCE,,NOT_VERIFIED_DO_NOT_INFER,Hertha,Ulm,2,2,D,EVALUATION_ONLY_JOIN_AFTER_PREMATCH_FEATURE_FREEZE,1.53,4.24,5.8,EXTERNAL_HISTORICAL_MARKET_BENCHMARK,NOT_AVAILABLE,NOT_GOLDBET,5209732b12cdba078ba77cbabd901cc39c1746563d4619f483452e875bdaa21d
044fd10eee8fe2223ebca383,2. Bundesliga,2024/2025,DEVELOPMENT,2024-11-23,19:30,MATCH_KICKOFF_TIME_TIMEZONE_NOT_STATED_BY_SOURCE,,NOT_VERIFIED_DO_NOT_INFER,Hamburg,Schalke 04,2,2,D,EVALUATION_ONLY_JOIN_AFTER_PREMATCH_FEATURE_FREEZE,1.72,4.06,4.29,EXTERNAL_HISTORICAL_MARKET_BENCHMARK,NOT_AVAILABLE,NOT_GOLDBET,dcd3e86988c73107271dfcf1dcf545351b5edee08f0f0f30395feba4e7882cb9
ef85f6ee8d3f7f2c4ac6c9ed,2. Bundesliga,2024/2025,DEVELOPMENT,2024-11-24,12:30,MATCH_KICKOFF_TIME_TIMEZONE_NOT_STATED_BY_SOURCE,,NOT_VERIFIED_DO_NOT_INFER,Kaiserslautern,Braunschweig,3,2,H,EVALUATION_ONLY_JOIN_AFTER_PREMATCH_FEATURE_FREEZE,2.36,3.52,2.86,EXTERNAL_HISTORICAL_MARKET_BENCHMARK,NOT_AVAILABLE,NOT_GOLDBET,f1ca4a0a269a4cb5dff56070527afb816de154c534395da3c9c2872ce787ba1c
08f466a8291f94b0007938b8,2. Bundesliga,2024/2025,DEVELOPMENT,2024-11-24,12:30,MATCH_KICKOFF_TIME_TIMEZONE_NOT_STATED_BY_SOURCE,,NOT_VERIFIED_DO_NOT_INFER,Regensburg,Magdeburg,0,1,A,EVALUATION_ONLY_JOIN_AFTER_PREMATCH_FEATURE_FREEZE,3.61,3.58,1.99,EXTERNAL_HISTORICAL_MARKET_BENCHMARK,NOT_AVAILABLE,NOT_GOLDBET,8667f7a8e8c57931a1b10a4d6b7f510b87a7179b0eb7ced468891a16df38d4f6
99eae5a9ef651eb60bcf530b,2. Bundesliga,2024/2025,DEVELOPMENT,2024-11-29,17:30,MATCH_KICKOFF_TIME_TIMEZONE_NOT_STATED_BY_SOURCE,,NOT_VERIFIED_DO_NOT_INFER,Magdeburg,Hertha,1,3,A,EVALUATION_ONLY_JOIN_AFTER_PREMATCH_FEATURE_FREEZE,2.52,3.68,2.54,EXTERNAL_HISTORICAL_MARKET_BENCHMARK,NOT_AVAILABLE,NOT_GOLDBET,6559b5a256c650f065cbe6935e335be22376eb939d6be7db9aa859dbdbecbc0a
99c02eed43527eaa294b2251,2. Bundesliga,2024/2025,DEVELOPMENT,2024-11-29,17:30,MATCH_KICKOFF_TIME_TIMEZONE_NOT_STATED_BY_SOURCE,,NOT_VERIFIED_DO_NOT_INFER,Schalke 04,Kaiserslautern,0,3,A,EVALUATION_ONLY_JOIN_AFTER_PREMATCH_FEATURE_FREEZE,2.1,3.55,3.32,EXTERNAL_HISTORICAL_MARKET_BENCHMARK,NOT_AVAILABLE,NOT_GOLDBET,6b6d469cd2c645b318b01ad90e17a39853ec0187827c28187c952229c51215a6
85467ac9a374146917f3f938,2. Bundesliga,2024/2025,DEVELOPMENT,2024-11-30,12:00,MATCH_KICKOFF_TIME_TIMEZONE_NOT_STATED_BY_SOURCE,,NOT_VERIFIED_DO_NOT_INFER,Braunschweig,Regensburg,0,0,D,EVALUATION_ONLY_JOIN_AFTER_PREMATCH_FEATURE_FREEZE,1.65,3.9,4.99,EXTERNAL_HISTORICAL_MARKET_BENCHMARK,NOT_AVAILABLE,NOT_GOLDBET,0e390f1f20f8abd9b94d887ba8188256741193b289b6b96a2c4bd532ada43ae4
705803a955ff96fe417d9296,2. Bundesliga,2024/2025,DEVELOPMENT,2024-11-30,12:00,MATCH_KICKOFF_TIME_TIMEZONE_NOT_STATED_BY_SOURCE,,NOT_VERIFIED_DO_NOT_INFER,Elversberg,Paderborn,1,3,A,EVALUATION_ONLY_JOIN_AFTER_PREMATCH_FEATURE_FREEZE,2.36,3.53,2.84,EXTERNAL_HISTORICAL_MARKET_BENCHMARK,NOT_AVAILABLE,NOT_GOLDBET,2e95c3902098f054f256ea75df5ed1afe19a23c86446d693bdc1945a8d44ae20
219d0f9b845ba7490484dc66,2. Bundesliga,2024/2025,DEVELOPMENT,2024-11-30,12:00,MATCH_KICKOFF_TIME_TIMEZONE_NOT_STATED_BY_SOURCE,,NOT_VERIFIED_DO_NOT_INFER,FC Koln,Hannover,2,2,D,EVALUATION_ONLY_JOIN_AFTER_PREMATCH_FEATURE_FREEZE,1.76,3.72,4.55,EXTERNAL_HISTORICAL_MARKET_BENCHMARK,NOT_AVAILABLE,NOT_GOLDBET,8a287f237973e39509528693c8a41978fb12ba0902ea1e874aeb1851d5d82ac5
069d6602b1033909d9625fbb,2. Bundesliga,2024/2025,DEVELOPMENT,2024-11-30,19:30,MATCH_KICKOFF_TIME_TIMEZONE_NOT_STATED_BY_SOURCE,,NOT_VERIFIED_DO_NOT_INFER,Darmstadt,Preußen Münster,0,0,D,EVALUATION_ONLY_JOIN_AFTER_PREMATCH_FEATURE_FREEZE,1.7,3.92,4.61,EXTERNAL_HISTORICAL_MARKET_BENCHMARK,NOT_AVAILABLE,NOT_GOLDBET,86c7d5c84b70ce21dcb24aa74035c8005f25001ab68bce783a9f5b645b38e6c4
623f346a120cd3aee3b3451f,2. Bundesliga,2024/2025,DEVELOPMENT,2024-12-01,12:30,MATCH_KICKOFF_TIME_TIMEZONE_NOT_STATED_BY_SOURCE,,NOT_VERIFIED_DO_NOT_INFER,Karlsruhe,Hamburg,1,3,A,EVALUATION_ONLY_JOIN_AFTER_PREMATCH_FEATURE_FREEZE,2.37,3.68,2.72,EXTERNAL_HISTORICAL_MARKET_BENCHMARK,NOT_AVAILABLE,NOT_GOLDBET,06c6c849c720bc4b1df538984a2bf813f51c07c336957abb499266549f8e9ece
325caf637d7d953813cb9a7c,2. Bundesliga,2024/2025,DEVELOPMENT,2024-12-01,12:30,MATCH_KICKOFF_TIME_TIMEZONE_NOT_STATED_BY_SOURCE,,NOT_VERIFIED_DO_NOT_INFER,Nurnberg,Fortuna Dusseldorf,2,2,D,EVALUATION_ONLY_JOIN_AFTER_PREMATCH_FEATURE_FREEZE,2.25,3.41,3.09,EXTERNAL_HISTORICAL_MARKET_BENCHMARK,NOT_AVAILABLE,NOT_GOLDBET,c44d7110867849d8265a05711ef55ee62f974091f75758176a9e944d504731f0
5bb196a992ebf7ee61488a35,2. Bundesliga,2024/2025,DEVELOPMENT,2024-12-01,12:30,MATCH_KICKOFF_TIME_TIMEZONE_NOT_STATED_BY_SOURCE,,NOT_VERIFIED_DO_NOT_INFER,Ulm,Greuther Furth,1,1,D,EVALUATION_ONLY_JOIN_AFTER_PREMATCH_FEATURE_FREEZE,2.66,3.3,2.62,EXTERNAL_HISTORICAL_MARKET_BENCHMARK,NOT_AVAILABLE,NOT_GOLDBET,a3ca955e461a9eb8b347a5c0a6324c69963d55f6a71f909f6685fa6c55331ca7
cfaf3e3aa46193bfd70e2e25,2. Bundesliga,2024/2025,DEVELOPMENT,2024-12-06,17:30,MATCH_KICKOFF_TIME_TIMEZONE_NOT_STATED_BY_SOURCE,,NOT_VERIFIED_DO_NOT_INFER,Elversberg,Nurnberg,2,1,H,EVALUATION_ONLY_JOIN_AFTER_PREMATCH_FEATURE_FREEZE,2.4,3.48,2.81,EXTERNAL_HISTORICAL_MARKET_BENCHMARK,NOT_AVAILABLE,NOT_GOLDBET,7f03598837e2d8bf86843f4e7b26ff5f0eb1e02bdc2e05fa9e1a2764781ae232
4caaeb2d17ffba47454b0f0c,2. Bundesliga,2024/2025,DEVELOPMENT,2024-12-06,17:30,MATCH_KICKOFF_TIME_TIMEZONE_NOT_STATED_BY_SOURCE,,NOT_VERIFIED_DO_NOT_INFER,Paderborn,Schalke 04,2,4,A,EVALUATION_ONLY_JOIN_AFTER_PREMATCH_FEATURE_FREEZE,1.72,3.93,4.46,EXTERNAL_HISTORICAL_MARKET_BENCHMARK,NOT_AVAILABLE,NOT_GOLDBET,8f58694851f6d34e6e1230d3d15a8a4e4afa6376f800037800e4e9e2ee5b653f
38b35114d89b45b3589ad080,2. Bundesliga,2024/2025,DEVELOPMENT,2024-12-07,12:00,MATCH_KICKOFF_TIME_TIMEZONE_NOT_STATED_BY_SOURCE,,NOT_VERIFIED_DO_NOT_INFER,Greuther Furth,Hertha,2,1,H,EVALUATION_ONLY_JOIN_AFTER_PREMATCH_FEATURE_FREEZE,3.01,3.68,2.2,EXTERNAL_HISTORICAL_MARKET_BENCHMARK,NOT_AVAILABLE,NOT_GOLDBET,745757918a1e221f0c3f0cb3704aed854dc61cdc6b8893515ca013b02abd8d49
d6362586a9256fc07ef8cc76,2. Bundesliga,2024/2025,DEVELOPMENT,2024-12-07,12:00,MATCH_KICKOFF_TIME_TIMEZONE_NOT_STATED_BY_SOURCE,,NOT_VERIFIED_DO_NOT_INFER,Hannover,Ulm,3,2,H,EVALUATION_ONLY_JOIN_AFTER_PREMATCH_FEATURE_FREEZE,1.58,3.95,5.77,EXTERNAL_HISTORICAL_MARKET_BENCHMARK,NOT_AVAILABLE,NOT_GOLDBET,d2179800054d35c309c77a28bd229ced9e493cee7cbc73a7a02dec2ff90a4b1b
b7b56370d7dca22844aaed01,2. Bundesliga,2024/2025,DEVELOPMENT,2024-12-07,12:00,MATCH_KICKOFF_TIME_TIMEZONE_NOT_STATED_BY_SOURCE,,NOT_VERIFIED_DO_NOT_INFER,Kaiserslautern,Karlsruhe,3,1,H,EVALUATION_ONLY_JOIN_AFTER_PREMATCH_FEATURE_FREEZE,2.5,3.57,2.65,EXTERNAL_HISTORICAL_MARKET_BENCHMARK,NOT_AVAILABLE,NOT_GOLDBET,751c8b578e2b56121e62b50d0b8d5938dd8a03c6b7d7f812f567901226e6a586
ab202dbb44f59aa0c6baabea,2. Bundesliga,2024/2025,DEVELOPMENT,2024-12-07,19:30,MATCH_KICKOFF_TIME_TIMEZONE_NOT_STATED_BY_SOURCE,,NOT_VERIFIED_DO_NOT_INFER,Preußen Münster,Magdeburg,1,2,A,EVALUATION_ONLY_JOIN_AFTER_PREMATCH_FEATURE_FREEZE,2.8,3.27,2.53,EXTERNAL_HISTORICAL_MARKET_BENCHMARK,NOT_AVAILABLE,NOT_GOLDBET,e20a206cc1fa9ff43a175c903d34e186fe0514162da98559e10b28c958488876
467f938827fc66ab4189c388,2. Bundesliga,2024/2025,DEVELOPMENT,2024-12-08,12:30,MATCH_KICKOFF_TIME_TIMEZONE_NOT_STATED_BY_SOURCE,,NOT_VERIFIED_DO_NOT_INFER,Fortuna Dusseldorf,Braunschweig,5,0,H,EVALUATION_ONLY_JOIN_AFTER_PREMATCH_FEATURE_FREEZE,1.78,3.7,4.4,EXTERNAL_HISTORICAL_MARKET_BENCHMARK,NOT_AVAILABLE,NOT_GOLDBET,ab18042fefb09e62bed3c034d9c389d99a395bf2355bf8945d1a9832fdda030a
53c9e7c7506f88126a19c424,2. Bundesliga,2024/2025,DEVELOPMENT,2024-12-08,12:30,MATCH_KICKOFF_TIME_TIMEZONE_NOT_STATED_BY_SOURCE,,NOT_VERIFIED_DO_NOT_INFER,Hamburg,Darmstadt,2,2,D,EVALUATION_ONLY_JOIN_AFTER_PREMATCH_FEATURE_FREEZE,1.92,3.84,3.55,EXTERNAL_HISTORICAL_MARKET_BENCHMARK,NOT_AVAILABLE,NOT_GOLDBET,8d862c03e242550fd2022e9cd57a943214cb5ef382ee44b0c72373659f43a28e
053a2f1089015d49a8aa515c,2. Bundesliga,2024/2025,DEVELOPMENT,2024-12-08,12:30,MATCH_KICKOFF_TIME_TIMEZONE_NOT_STATED_BY_SOURCE,,NOT_VERIFIED_DO_NOT_INFER,Regensburg,FC Koln,0,1,A,EVALUATION_ONLY_JOIN_AFTER_PREMATCH_FEATURE_FREEZE,6.13,4.43,1.49,EXTERNAL_HISTORICAL_MARKET_BENCHMARK,NOT_AVAILABLE,NOT_GOLDBET,066db55ccf01deeeb455bdd750c55a07468d63f064decdab91f5e67dc2a6ba64
dad1edee4718ac048f4739bb,2. Bundesliga,2024/2025,DEVELOPMENT,2024-12-13,17:30,MATCH_KICKOFF_TIME_TIMEZONE_NOT_STATED_BY_SOURCE,,NOT_VERIFIED_DO_NOT_INFER,Hertha,Preußen Münster,1,2,A,EVALUATION_ONLY_JOIN_AFTER_PREMATCH_FEATURE_FREEZE,1.67,3.92,4.88,EXTERNAL_HISTORICAL_MARKET_BENCHMARK,NOT_AVAILABLE,NOT_GOLDBET,2e899035b6a54c17c2babb83ee27f5179e507222ed1521f18c28cd1d2e062279
47d56cd6fb24c9e9a463ebd3,2. Bundesliga,2024/2025,DEVELOPMENT,2024-12-13,17:30,MATCH_KICKOFF_TIME_TIMEZONE_NOT_STATED_BY_SOURCE,,NOT_VERIFIED_DO_NOT_INFER,Karlsruhe,Regensburg,4,2,H,EVALUATION_ONLY_JOIN_AFTER_PREMATCH_FEATURE_FREEZE,1.43,4.66,6.81,EXTERNAL_HISTORICAL_MARKET_BENCHMARK,NOT_AVAILABLE,NOT_GOLDBET,803d39248c2d18b35be76dce3ca50eea547631a5c60409117f097f4de6a463f4
8dbd94221c0c80a50cb7d9c2,2. Bundesliga,2024/2025,DEVELOPMENT,2024-12-14,12:00,MATCH_KICKOFF_TIME_TIMEZONE_NOT_STATED_BY_SOURCE,,NOT_VERIFIED_DO_NOT_INFER,Magdeburg,Paderborn,1,1,D,EVALUATION_ONLY_JOIN_AFTER_PREMATCH_FEATURE_FREEZE,2.48,3.38,2.77,EXTERNAL_HISTORICAL_MARKET_BENCHMARK,NOT_AVAILABLE,NOT_GOLDBET,f96ecb8a8c55bed78b92d974fc58c68e333d074df40ab222b67e251eda9d8d05
715f93b091374007b1496646,2. Bundesliga,2024/2025,DEVELOPMENT,2024-12-14,12:00,MATCH_KICKOFF_TIME_TIMEZONE_NOT_STATED_BY_SOURCE,,NOT_VERIFIED_DO_NOT_INFER,Schalke 04,Fortuna Dusseldorf,1,1,D,EVALUATION_ONLY_JOIN_AFTER_PREMATCH_FEATURE_FREEZE,2.5,3.5,2.66,EXTERNAL_HISTORICAL_MARKET_BENCHMARK,NOT_AVAILABLE,NOT_GOLDBET,502c1355b47b978109305d31b33af9c9381ed1f2153858ab98e59ca07b0d68c5
42d41f58d9a11d794ef8f941,2. Bundesliga,2024/2025,DEVELOPMENT,2024-12-14,12:00,MATCH_KICKOFF_TIME_TIMEZONE_NOT_STATED_BY_SOURCE,,NOT_VERIFIED_DO_NOT_INFER,Ulm,Hamburg,1,1,D,EVALUATION_ONLY_JOIN_AFTER_PREMATCH_FEATURE_FREEZE,3.93,3.75,1.85,EXTERNAL_HISTORICAL_MARKET_BENCHMARK,NOT_AVAILABLE,NOT_GOLDBET,398b5f208d7fad3d47d3e5346f3f8ff749127124ad741dc76f2e535fee71d01c
644e86305e7a43bf2c2a6760,2. Bundesliga,2024/2025,DEVELOPMENT,2024-12-14,19:30,MATCH_KICKOFF_TIME_TIMEZONE_NOT_STATED_BY_SOURCE,,NOT_VERIFIED_DO_NOT_INFER,Darmstadt,Kaiserslautern,5,1,H,EVALUATION_ONLY_JOIN_AFTER_PREMATCH_FEATURE_FREEZE,1.9,3.75,3.73,EXTERNAL_HISTORICAL_MARKET_BENCHMARK,NOT_AVAILABLE,NOT_GOLDBET,f58e59e948ac490584b419fa1d31e3383e15f9c9d86b71a1caefea422b7d9d34
1b41859966bb1b1ba7122471,2. Bundesliga,2024/2025,DEVELOPMENT,2024-12-15,12:30,MATCH_KICKOFF_TIME_TIMEZONE_NOT_STATED_BY_SOURCE,,NOT_VERIFIED_DO_NOT_INFER,Braunschweig,Elversberg,0,3,A,EVALUATION_ONLY_JOIN_AFTER_PREMATCH_FEATURE_FREEZE,3.1,3.57,2.18,EXTERNAL_HISTORICAL_MARKET_BENCHMARK,NOT_AVAILABLE,NOT_GOLDBET,e53f6d34f3bb37b889d1676a27167f97480621173e9eeafad6fc2084580b6d23
4de3d682d0238f444a43c32f,2. Bundesliga,2024/2025,DEVELOPMENT,2024-12-15,12:30,MATCH_KICKOFF_TIME_TIMEZONE_NOT_STATED_BY_SOURCE,,NOT_VERIFIED_DO_NOT_INFER,FC Koln,Nurnberg,3,1,H,EVALUATION_ONLY_JOIN_AFTER_PREMATCH_FEATURE_FREEZE,1.57,4.34,5.14,EXTERNAL_HISTORICAL_MARKET_BENCHMARK,NOT_AVAILABLE,NOT_GOLDBET,10780b7effac8e50dbe1f12df4aa68a804bd2825b58c6229c6327e483c5c5de3
00c3099088f945fdab72d846,2. Bundesliga,2024/2025,DEVELOPMENT,2024-12-15,12:30,MATCH_KICKOFF_TIME_TIMEZONE_NOT_STATED_BY_SOURCE,,NOT_VERIFIED_DO_NOT_INFER,Greuther Furth,Hannover,1,0,H,EVALUATION_ONLY_JOIN_AFTER_PREMATCH_FEATURE_FREEZE,3.25,3.55,2.11,EXTERNAL_HISTORICAL_MARKET_BENCHMARK,NOT_AVAILABLE,NOT_GOLDBET,85dc8805962eb29a42e44525785074b464e3423bb50e8a6462b68489e3fd40d6
caf589c335cba31b49cb75d0,2. Bundesliga,2024/2025,DEVELOPMENT,2024-12-20,17:30,MATCH_KICKOFF_TIME_TIMEZONE_NOT_STATED_BY_SOURCE,,NOT_VERIFIED_DO_NOT_INFER,Elversberg,Schalke 04,1,4,A,EVALUATION_ONLY_JOIN_AFTER_PREMATCH_FEATURE_FREEZE,2.11,3.63,3.17,EXTERNAL_HISTORICAL_MARKET_BENCHMARK,NOT_AVAILABLE,NOT_GOLDBET,99e198ba8b96a115b635cce49e56bdcd3100ab93c202a7ded5ef16387451d848
86dfa3a20d29d4fa7b759c39,2. Bundesliga,2024/2025,DEVELOPMENT,2024-12-20,17:30,MATCH_KICKOFF_TIME_TIMEZONE_NOT_STATED_BY_SOURCE,,NOT_VERIFIED_DO_NOT_INFER,Fortuna Dusseldorf,Magdeburg,2,5,A,EVALUATION_ONLY_JOIN_AFTER_PREMATCH_FEATURE_FREEZE,2.09,3.65,3.23,EXTERNAL_HISTORICAL_MARKET_BENCHMARK,NOT_AVAILABLE,NOT_GOLDBET,d48dad83ea234b64c258207822f3a123060071136db1a3b2b7665f33ccbd8f24
030eeb83d9c890aea57f982a,2. Bundesliga,2024/2025,DEVELOPMENT,2024-12-21,12:00,MATCH_KICKOFF_TIME_TIMEZONE_NOT_STATED_BY_SOURCE,,NOT_VERIFIED_DO_NOT_INFER,Hamburg,Greuther Furth,5,0,H,EVALUATION_ONLY_JOIN_AFTER_PREMATCH_FEATURE_FREEZE,1.51,4.74,5.24,EXTERNAL_HISTORICAL_MARKET_BENCHMARK,NOT_AVAILABLE,NOT_GOLDBET,73164d5274692065e2cfb348fe198c5ed78fe26e10c537db2a7ca0b55569d889
7abc2cd530ee60bfabe521ed,2. Bundesliga,2024/2025,DEVELOPMENT,2024-12-21,12:00,MATCH_KICKOFF_TIME_TIMEZONE_NOT_STATED_BY_SOURCE,,NOT_VERIFIED_DO_NOT_INFER,Paderborn,Karlsruhe,1,2,A,EVALUATION_ONLY_JOIN_AFTER_PREMATCH_FEATURE_FREEZE,2.13,3.58,3.18,EXTERNAL_HISTORICAL_MARKET_BENCHMARK,NOT_AVAILABLE,NOT_GOLDBET,253aaaeb8c53fcc0517273f836135b0a74b2bd7c72ba117858a5875fb81eedb8
e8f991da681817a68340ab67,2. Bundesliga,2024/2025,DEVELOPMENT,2024-12-21,12:00,MATCH_KICKOFF_TIME_TIMEZONE_NOT_STATED_BY_SOURCE,,NOT_VERIFIED_DO_NOT_INFER,Preußen Münster,Ulm,0,0,D,EVALUATION_ONLY_JOIN_AFTER_PREMATCH_FEATURE_FREEZE,2.18,3.22,3.41,EXTERNAL_HISTORICAL_MARKET_BENCHMARK,NOT_AVAILABLE,NOT_GOLDBET,be8bece54be9b981fc9a83ca17e8d1c2fba3f3fd5db536f1bf034afeca4814b2
8d7b7c6555e8c7a9bbbd024a,2. Bundesliga,2024/2025,DEVELOPMENT,2024-12-21,19:30,MATCH_KICKOFF_TIME_TIMEZONE_NOT_STATED_BY_SOURCE,,NOT_VERIFIED_DO_NOT_INFER,Nurnberg,Braunschweig,1,0,H,EVALUATION_ONLY_JOIN_AFTER_PREMATCH_FEATURE_FREEZE,1.68,4.07,4.53,EXTERNAL_HISTORICAL_MARKET_BENCHMARK,NOT_AVAILABLE,NOT_GOLDBET,a34bd537b32b961989f5e04c8320f724fb6f35af5c0dc6de859010cfb3f84df5
25ad1533f834c77027199695,2. Bundesliga,2024/2025,DEVELOPMENT,2024-12-22,12:30,MATCH_KICKOFF_TIME_TIMEZONE_NOT_STATED_BY_SOURCE,,NOT_VERIFIED_DO_NOT_INFER,Hannover,Hertha,0,0,D,EVALUATION_ONLY_JOIN_AFTER_PREMATCH_FEATURE_FREEZE,2.15,3.52,3.2,EXTERNAL_HISTORICAL_MARKET_BENCHMARK,NOT_AVAILABLE,NOT_GOLDBET,67c7c46914b67353b185a8c2fc69a1838d913c4f5a3f08f6a971aca9b15e19ae
43867f0817dba31e1b62847a,2. Bundesliga,2024/2025,DEVELOPMENT,2024-12-22,12:30,MATCH_KICKOFF_TIME_TIMEZONE_NOT_STATED_BY_SOURCE,,NOT_VERIFIED_DO_NOT_INFER,Kaiserslautern,FC Koln,0,1,A,EVALUATION_ONLY_JOIN_AFTER_PREMATCH_FEATURE_FREEZE,3.46,3.67,1.99,EXTERNAL_HISTORICAL_MARKET_BENCHMARK,NOT_AVAILABLE,NOT_GOLDBET,0e29f3abdb8682879814524fac6eeb5c3e3677b899367d7df8d42b6151983a54
e2264b05e1cab2203db29bac,2. Bundesliga,2024/2025,DEVELOPMENT,2024-12-22,12:30,MATCH_KICKOFF_TIME_TIMEZONE_NOT_STATED_BY_SOURCE,,NOT_VERIFIED_DO_NOT_INFER,Regensburg,Darmstadt,2,1,H,EVALUATION_ONLY_JOIN_AFTER_PREMATCH_FEATURE_FREEZE,4.42,3.97,1.71,EXTERNAL_HISTORICAL_MARKET_BENCHMARK,NOT_AVAILABLE,NOT_GOLDBET,2337bd87c44a1950e3b1d7bb9d561b8283a358b4a17a6eb8dbd96ad57cef1aba
8584f94c565e3f253852eb0d,2. Bundesliga,2024/2025,DEVELOPMENT,2025-01-17,17:30,MATCH_KICKOFF_TIME_TIMEZONE_NOT_STATED_BY_SOURCE,,NOT_VERIFIED_DO_NOT_INFER,Fortuna Dusseldorf,Darmstadt,2,2,D,EVALUATION_ONLY_JOIN_AFTER_PREMATCH_FEATURE_FREEZE,2.36,3.5,2.84,EXTERNAL_HISTORICAL_MARKET_BENCHMARK,NOT_AVAILABLE,NOT_GOLDBET,61461b37e023d0a0bef071d9e34b2da5280cd1a7ad5822b96058fc9c8997836e
250bec89ac10fc1522a1c6ed,2. Bundesliga,2024/2025,DEVELOPMENT,2025-01-17,17:30,MATCH_KICKOFF_TIME_TIMEZONE_NOT_STATED_BY_SOURCE,,NOT_VERIFIED_DO_NOT_INFER,Regensburg,Hannover,0,1,A,EVALUATION_ONLY_JOIN_AFTER_PREMATCH_FEATURE_FREEZE,3.86,3.5,1.93,EXTERNAL_HISTORICAL_MARKET_BENCHMARK,NOT_AVAILABLE,NOT_GOLDBET,204fa96b398fc1d3280e09f8d556e15b8f21f6d66d3be5eccb3420201609298e
266018df231f1754b4750236,2. Bundesliga,2024/2025,DEVELOPMENT,2025-01-18,12:00,MATCH_KICKOFF_TIME_TIMEZONE_NOT_STATED_BY_SOURCE,,NOT_VERIFIED_DO_NOT_INFER,Braunschweig,Schalke 04,0,0,D,EVALUATION_ONLY_JOIN_AFTER_PREMATCH_FEATURE_FREEZE,3.16,3.57,2.13,EXTERNAL_HISTORICAL_MARKET_BENCHMARK,NOT_AVAILABLE,NOT_GOLDBET,ee242c22d6ea4505f16d06131224a483b1040433f93973873e4a5473635eb1ab
7822d69acdbc39713b8f5c01,2. Bundesliga,2024/2025,DEVELOPMENT,2025-01-18,12:00,MATCH_KICKOFF_TIME_TIMEZONE_NOT_STATED_BY_SOURCE,,NOT_VERIFIED_DO_NOT_INFER,Kaiserslautern,Ulm,2,1,H,EVALUATION_ONLY_JOIN_AFTER_PREMATCH_FEATURE_FREEZE,2.01,3.48,3.61,EXTERNAL_HISTORICAL_MARKET_BENCHMARK,NOT_AVAILABLE,NOT_GOLDBET,2e4d1a6ba7a56e64bc13b366fd36942721cffabff9cb70a0baaca7ed5a62a169
e5ba77d28bd9aebeb77bd5be,2. Bundesliga,2024/2025,DEVELOPMENT,2025-01-18,12:00,MATCH_KICKOFF_TIME_TIMEZONE_NOT_STATED_BY_SOURCE,,NOT_VERIFIED_DO_NOT_INFER,Preußen Münster,Greuther Furth,2,1,H,EVALUATION_ONLY_JOIN_AFTER_PREMATCH_FEATURE_FREEZE,2.28,3.24,3.15,EXTERNAL_HISTORICAL_MARKET_BENCHMARK,NOT_AVAILABLE,NOT_GOLDBET,1e9f6cb2b2394f114ab1b4b2e4a7a00d1676f50ef5ae399e8a0d8ca3fa35b07f
c50739d50152f7763ab423ef,2. Bundesliga,2024/2025,DEVELOPMENT,2025-01-18,19:30,MATCH_KICKOFF_TIME_TIMEZONE_NOT_STATED_BY_SOURCE,,NOT_VERIFIED_DO_NOT_INFER,Hamburg,FC Koln,1,0,H,EVALUATION_ONLY_JOIN_AFTER_PREMATCH_FEATURE_FREEZE,2.33,3.68,2.77,EXTERNAL_HISTORICAL_MARKET_BENCHMARK,NOT_AVAILABLE,NOT_GOLDBET,36df6485b8fbadd56059263ee9dd8f559d84e3f1b709c4596ef764a2941d0e4c
f9c444a6a980f7d89f900640,2. Bundesliga,2024/2025,DEVELOPMENT,2025-01-19,12:30,MATCH_KICKOFF_TIME_TIMEZONE_NOT_STATED_BY_SOURCE,,NOT_VERIFIED_DO_NOT_INFER,Elversberg,Magdeburg,2,5,A,EVALUATION_ONLY_JOIN_AFTER_PREMATCH_FEATURE_FREEZE,2.22,3.67,2.94,EXTERNAL_HISTORICAL_MARKET_BENCHMARK,NOT_AVAILABLE,NOT_GOLDBET,7a82f98dd8dbd727da944ce7644a2cd6865c0bd7b7e658182e3e6a5ddfea7a87
0508414d89c2c6b157500799,2. Bundesliga,2024/2025,DEVELOPMENT,2025-01-19,12:30,MATCH_KICKOFF_TIME_TIMEZONE_NOT_STATED_BY_SOURCE,,NOT_VERIFIED_DO_NOT_INFER,Nurnberg,Karlsruhe,2,1,H,EVALUATION_ONLY_JOIN_AFTER_PREMATCH_FEATURE_FREEZE,1.91,3.8,3.61,EXTERNAL_HISTORICAL_MARKET_BENCHMARK,NOT_AVAILABLE,NOT_GOLDBET,3c08be3da0c424fd5f268bb3202f3376260fd1252eeef1abebe886c20ca0308c
68c6e2c37c7efdb67a6032b1,2. Bundesliga,2024/2025,DEVELOPMENT,2025-01-19,12:30,MATCH_KICKOFF_TIME_TIMEZONE_NOT_STATED_BY_SOURCE,,NOT_VERIFIED_DO_NOT_INFER,Paderborn,Hertha,1,2,A,EVALUATION_ONLY_JOIN_AFTER_PREMATCH_FEATURE_FREEZE,2.16,3.65,3.07,EXTERNAL_HISTORICAL_MARKET_BENCHMARK,NOT_AVAILABLE,NOT_GOLDBET,fab42b424e3d648766a01ae04a7669ea1969728e861d6066ea100a2d383a1ed8
33c4d8c0b3d5372cd022f36f,2. Bundesliga,2024/2025,DEVELOPMENT,2025-01-24,17:30,MATCH_KICKOFF_TIME_TIMEZONE_NOT_STATED_BY_SOURCE,,NOT_VERIFIED_DO_NOT_INFER,Greuther Furth,Kaiserslautern,2,4,A,EVALUATION_ONLY_JOIN_AFTER_PREMATCH_FEATURE_FREEZE,2.32,3.55,2.89,EXTERNAL_HISTORICAL_MARKET_BENCHMARK,NOT_AVAILABLE,NOT_GOLDBET,eb4b458f65388dcc940618f187bc17cafa610a894be44f818670c7c81163c3c9
b3466aef4578b8f883e32137,2. Bundesliga,2024/2025,DEVELOPMENT,2025-01-24,17:30,MATCH_KICKOFF_TIME_TIMEZONE_NOT_STATED_BY_SOURCE,,NOT_VERIFIED_DO_NOT_INFER,Magdeburg,Braunschweig,1,1,D,EVALUATION_ONLY_JOIN_AFTER_PREMATCH_FEATURE_FREEZE,1.5,4.49,5.95,EXTERNAL_HISTORICAL_MARKET_BENCHMARK,NOT_AVAILABLE,NOT_GOLDBET,5172023c860de6a5bacd8fcf082cc3135416b48be75b0e24a49fba5de03dac8b
ee18b95935cd23a0b488ea56,2. Bundesliga,2024/2025,DEVELOPMENT,2025-01-25,12:00,MATCH_KICKOFF_TIME_TIMEZONE_NOT_STATED_BY_SOURCE,,NOT_VERIFIED_DO_NOT_INFER,FC Koln,Elversberg,1,0,H,EVALUATION_ONLY_JOIN_AFTER_PREMATCH_FEATURE_FREEZE,1.78,3.99,4.09,EXTERNAL_HISTORICAL_MARKET_BENCHMARK,NOT_AVAILABLE,NOT_GOLDBET,0e1c24965f834d63dc4d82ff23f1de18d0803ce1ff2b53d8eaadbcb6f922881f
d97d11df4306478dd51f874b,2. Bundesliga,2024/2025,DEVELOPMENT,2025-01-25,12:00,MATCH_KICKOFF_TIME_TIMEZONE_NOT_STATED_BY_SOURCE,,NOT_VERIFIED_DO_NOT_INFER,Karlsruhe,Fortuna Dusseldorf,2,3,A,EVALUATION_ONLY_JOIN_AFTER_PREMATCH_FEATURE_FREEZE,2.47,3.68,2.61,EXTERNAL_HISTORICAL_MARKET_BENCHMARK,NOT_AVAILABLE,NOT_GOLDBET,2c315527e2b55bbbf944536e1769681cbde1c08fa36f9795319c77c1c5c3de05
f6872e13350a889c4b4d1752,2. Bundesliga,2024/2025,DEVELOPMENT,2025-01-25,12:00,MATCH_KICKOFF_TIME_TIMEZONE_NOT_STATED_BY_SOURCE,,NOT_VERIFIED_DO_NOT_INFER,Schalke 04,Nurnberg,3,1,H,EVALUATION_ONLY_JOIN_AFTER_PREMATCH_FEATURE_FREEZE,2.24,3.61,2.96,EXTERNAL_HISTORICAL_MARKET_BENCHMARK,NOT_AVAILABLE,NOT_GOLDBET,009a0459f51d4ffb0fbd7e707c3c9a1958ac0ead3472f4cf6024d4c23dfdae22
84692aef6c2aea8963d466f4,2. Bundesliga,2024/2025,DEVELOPMENT,2025-01-25,19:30,MATCH_KICKOFF_TIME_TIMEZONE_NOT_STATED_BY_SOURCE,,NOT_VERIFIED_DO_NOT_INFER,Hertha,Hamburg,2,3,A,EVALUATION_ONLY_JOIN_AFTER_PREMATCH_FEATURE_FREEZE,2.7,3.72,2.37,EXTERNAL_HISTORICAL_MARKET_BENCHMARK,NOT_AVAILABLE,NOT_GOLDBET,3f6ec273580a03af2be1366f79d3a1380ab4ae857751befe41dd62e9209237ee
f37b1630cd26085d045d395e,2. Bundesliga,2024/2025,DEVELOPMENT,2025-01-26,12:30,MATCH_KICKOFF_TIME_TIMEZONE_NOT_STATED_BY_SOURCE,,NOT_VERIFIED_DO_NOT_INFER,Darmstadt,Paderborn,0,1,A,EVALUATION_ONLY_JOIN_AFTER_PREMATCH_FEATURE_FREEZE,2.19,3.63,3.03,EXTERNAL_HISTORICAL_MARKET_BENCHMARK,NOT_AVAILABLE,NOT_GOLDBET,c20676155dfba1a86d41f80f36ee1ac879dd373e1aad9e1127131312c20da2cf
9c7ce737c4991567ce4d8956,2. Bundesliga,2024/2025,DEVELOPMENT,2025-01-26,12:30,MATCH_KICKOFF_TIME_TIMEZONE_NOT_STATED_BY_SOURCE,,NOT_VERIFIED_DO_NOT_INFER,Hannover,Preußen Münster,2,2,D,EVALUATION_ONLY_JOIN_AFTER_PREMATCH_FEATURE_FREEZE,1.65,3.88,5.05,EXTERNAL_HISTORICAL_MARKET_BENCHMARK,NOT_AVAILABLE,NOT_GOLDBET,75f6e8d854d58d307d98d7f25761ae33ac37a8987f881a003b16340adc23bee8
192bf4fffb368e3dcd8be4b8,2. Bundesliga,2024/2025,DEVELOPMENT,2025-01-26,12:30,MATCH_KICKOFF_TIME_TIMEZONE_NOT_STATED_BY_SOURCE,,NOT_VERIFIED_DO_NOT_INFER,Ulm,Regensburg,5,1,H,EVALUATION_ONLY_JOIN_AFTER_PREMATCH_FEATURE_FREEZE,2.06,3.22,3.78,EXTERNAL_HISTORICAL_MARKET_BENCHMARK,NOT_AVAILABLE,NOT_GOLDBET,43a3c1b8b6c777317b35e93044d635a8ba065c1514cf97119de038943925a91f
f41dd2f4f953688cd2d84a99,2. Bundesliga,2024/2025,DEVELOPMENT,2025-01-31,17:30,MATCH_KICKOFF_TIME_TIMEZONE_NOT_STATED_BY_SOURCE,,NOT_VERIFIED_DO_NOT_INFER,Elversberg,Karlsruhe,2,2,D,EVALUATION_ONLY_JOIN_AFTER_PREMATCH_FEATURE_FREEZE,2.06,3.7,3.29,EXTERNAL_HISTORICAL_MARKET_BENCHMARK,NOT_AVAILABLE,NOT_GOLDBET,1cce567d893a0a1d9e2d5517637630cf6f91fa3bd9c53b13257e7ab5fc7614ed
4e7e4b4e460816bf4f4eaee4,2. Bundesliga,2024/2025,DEVELOPMENT,2025-01-31,17:30,MATCH_KICKOFF_TIME_TIMEZONE_NOT_STATED_BY_SOURCE,,NOT_VERIFIED_DO_NOT_INFER,Nurnberg,Darmstadt,1,0,H,EVALUATION_ONLY_JOIN_AFTER_PREMATCH_FEATURE_FREEZE,2.43,3.5,2.77,EXTERNAL_HISTORICAL_MARKET_BENCHMARK,NOT_AVAILABLE,NOT_GOLDBET,118f5fabde61e95b2efc93b0ebeade25b0e771bb98bd273f92142c39d6f21337
0a997ed8e0f732e7abf368d9,2. Bundesliga,2024/2025,DEVELOPMENT,2025-02-01,12:00,MATCH_KICKOFF_TIME_TIMEZONE_NOT_STATED_BY_SOURCE,,NOT_VERIFIED_DO_NOT_INFER,Braunschweig,FC Koln,1,2,A,EVALUATION_ONLY_JOIN_AFTER_PREMATCH_FEATURE_FREEZE,4.22,3.56,1.84,EXTERNAL_HISTORICAL_MARKET_BENCHMARK,NOT_AVAILABLE,NOT_GOLDBET,1592b6616b8c632c49486ae86faa92eb939a845e75bcc283e51184390dd473e2
1ea9e5946c2017e787f656e3,2. Bundesliga,2024/2025,DEVELOPMENT,2025-02-01,12:00,MATCH_KICKOFF_TIME_TIMEZONE_NOT_STATED_BY_SOURCE,,NOT_VERIFIED_DO_NOT_INFER,Fortuna Dusseldorf,Ulm,3,2,H,EVALUATION_ONLY_JOIN_AFTER_PREMATCH_FEATURE_FREEZE,1.76,3.86,4.28,EXTERNAL_HISTORICAL_MARKET_BENCHMARK,NOT_AVAILABLE,NOT_GOLDBET,708bab417c64ae241009e7dfcd61c2ea309191b858fd9e376873c3ccee831c73
c2461f4b9ccb4bdc56c69918,2. Bundesliga,2024/2025,DEVELOPMENT,2025-02-01,12:00,MATCH_KICKOFF_TIME_TIMEZONE_NOT_STATED_BY_SOURCE,,NOT_VERIFIED_DO_NOT_INFER,Regensburg,Hertha,2,0,H,EVALUATION_ONLY_JOIN_AFTER_PREMATCH_FEATURE_FREEZE,4.25,3.78,1.79,EXTERNAL_HISTORICAL_MARKET_BENCHMARK,NOT_AVAILABLE,NOT_GOLDBET,47f0772bc198f2e18870c352f9b83ff82b8cedf3635b3140ab4fe409308e0ca6
13ebc39d925a371854ba02cb,2. Bundesliga,2024/2025,DEVELOPMENT,2025-02-01,19:30,MATCH_KICKOFF_TIME_TIMEZONE_NOT_STATED_BY_SOURCE,,NOT_VERIFIED_DO_NOT_INFER,Schalke 04,Magdeburg,2,5,A,EVALUATION_ONLY_JOIN_AFTER_PREMATCH_FEATURE_FREEZE,2.35,3.45,2.9,EXTERNAL_HISTORICAL_MARKET_BENCHMARK,NOT_AVAILABLE,NOT_GOLDBET,7b1fa21dd1e216dabf7dfc4f3a482c7ffc33d41367a95ec17878f54e4f3c6da0
7983f15f396f0a0b7a777eb4,2. Bundesliga,2024/2025,DEVELOPMENT,2025-02-02,12:30,MATCH_KICKOFF_TIME_TIMEZONE_NOT_STATED_BY_SOURCE,,NOT_VERIFIED_DO_NOT_INFER,Hamburg,Hannover,2,2,D,EVALUATION_ONLY_JOIN_AFTER_PREMATCH_FEATURE_FREEZE,2.25,3.52,3.02,EXTERNAL_HISTORICAL_MARKET_BENCHMARK,NOT_AVAILABLE,NOT_GOLDBET,943c6ab7c68c7b410f8c8981e77cfc8cab8995d6ffaf9501a1e17e94cf29c3bb
e0237865c5754718cc269261,2. Bundesliga,2024/2025,DEVELOPMENT,2025-02-02,12:30,MATCH_KICKOFF_TIME_TIMEZONE_NOT_STATED_BY_SOURCE,,NOT_VERIFIED_DO_NOT_INFER,Kaiserslautern,Preußen Münster,2,1,H,EVALUATION_ONLY_JOIN_AFTER_PREMATCH_FEATURE_FREEZE,1.86,3.61,4.02,EXTERNAL_HISTORICAL_MARKET_BENCHMARK,NOT_AVAILABLE,NOT_GOLDBET,91066f689632a0ac93f62e16af6f908cd4a46f21c38d95d587b6c1adc994f729
4bda0d4b74d2855fe1b0305a,2. Bundesliga,2024/2025,DEVELOPMENT,2025-02-02,12:30,MATCH_KICKOFF_TIME_TIMEZONE_NOT_STATED_BY_SOURCE,,NOT_VERIFIED_DO_NOT_INFER,Paderborn,Greuther Furth,1,2,A,EVALUATION_ONLY_JOIN_AFTER_PREMATCH_FEATURE_FREEZE,1.71,4.01,4.44,EXTERNAL_HISTORICAL_MARKET_BENCHMARK,NOT_AVAILABLE,NOT_GOLDBET,01360f3bc1691a910ae08fe5a31c48a47fadb9c71fe2bb6765da7758f7f18914
42a7e7c00e3d72fcde9b939d,2. Bundesliga,2024/2025,DEVELOPMENT,2025-02-07,17:30,MATCH_KICKOFF_TIME_TIMEZONE_NOT_STATED_BY_SOURCE,,NOT_VERIFIED_DO_NOT_INFER,Greuther Furth,Regensburg,2,1,H,EVALUATION_ONLY_JOIN_AFTER_PREMATCH_FEATURE_FREEZE,1.88,3.52,4.08,EXTERNAL_HISTORICAL_MARKET_BENCHMARK,NOT_AVAILABLE,NOT_GOLDBET,b44e7a339768e3928c10d47385bad7e4119267e4bc406d2f3f42593af5f3aa4c
2f5a4378a92b779d3759a87a,2. Bundesliga,2024/2025,DEVELOPMENT,2025-02-07,17:30,MATCH_KICKOFF_TIME_TIMEZONE_NOT_STATED_BY_SOURCE,,NOT_VERIFIED_DO_NOT_INFER,Preußen Münster,Hamburg,1,2,A,EVALUATION_ONLY_JOIN_AFTER_PREMATCH_FEATURE_FREEZE,3.37,3.55,2.07,EXTERNAL_HISTORICAL_MARKET_BENCHMARK,NOT_AVAILABLE,NOT_GOLDBET,9a6dc6882ad07469b222d35cef563b993be5646b18c4d6e69df2041848e516a4
5eb9f0238e4b384d25254afe,2. Bundesliga,2024/2025,DEVELOPMENT,2025-02-08,12:00,MATCH_KICKOFF_TIME_TIMEZONE_NOT_STATED_BY_SOURCE,,NOT_VERIFIED_DO_NOT_INFER,Darmstadt,Elversberg,0,3,A,EVALUATION_ONLY_JOIN_AFTER_PREMATCH_FEATURE_FREEZE,2.26,3.4,3.08,EXTERNAL_HISTORICAL_MARKET_BENCHMARK,NOT_AVAILABLE,NOT_GOLDBET,05ceabb4c3ab002ed61529fad07ee477c57e9b6b0f0e8f96fdb04e319e0a7add
0b38fc81f2345d3abefd441c,2. Bundesliga,2024/2025,DEVELOPMENT,2025-02-08,12:00,MATCH_KICKOFF_TIME_TIMEZONE_NOT_STATED_BY_SOURCE,,NOT_VERIFIED_DO_NOT_INFER,Magdeburg,Nurnberg,3,4,A,EVALUATION_ONLY_JOIN_AFTER_PREMATCH_FEATURE_FREEZE,2.03,3.8,3.29,EXTERNAL_HISTORICAL_MARKET_BENCHMARK,NOT_AVAILABLE,NOT_GOLDBET,a2519f781492c9f6235b791108b7a03f8df5ccdf0befacee0264a15efa288d4f
721726b58d96448463936847,2. Bundesliga,2024/2025,DEVELOPMENT,2025-02-08,12:00,MATCH_KICKOFF_TIME_TIMEZONE_NOT_STATED_BY_SOURCE,,NOT_VERIFIED_DO_NOT_INFER,Ulm,Paderborn,0,2,A,EVALUATION_ONLY_JOIN_AFTER_PREMATCH_FEATURE_FREEZE,3.17,3.43,2.2,EXTERNAL_HISTORICAL_MARKET_BENCHMARK,NOT_AVAILABLE,NOT_GOLDBET,b52c3966e7c543671e5e97d27a5d9add49ce701e02bd335f18701a11dc5861c4
5507a673ba85a816658a3b40,2. Bundesliga,2024/2025,DEVELOPMENT,2025-02-08,19:30,MATCH_KICKOFF_TIME_TIMEZONE_NOT_STATED_BY_SOURCE,,NOT_VERIFIED_DO_NOT_INFER,Hertha,Kaiserslautern,0,1,A,EVALUATION_ONLY_JOIN_AFTER_PREMATCH_FEATURE_FREEZE,1.88,3.88,3.66,EXTERNAL_HISTORICAL_MARKET_BENCHMARK,NOT_AVAILABLE,NOT_GOLDBET,c5e96c5f1da143fa25323af2341d22081a2ebedc1253130fb90d74d1b382ccb1
a9c25a36a077bbd86ce82114,2. Bundesliga,2024/2025,DEVELOPMENT,2025-02-09,12:30,MATCH_KICKOFF_TIME_TIMEZONE_NOT_STATED_BY_SOURCE,,NOT_VERIFIED_DO_NOT_INFER,FC Koln,Schalke 04,1,0,H,EVALUATION_ONLY_JOIN_AFTER_PREMATCH_FEATURE_FREEZE,1.83,3.76,4.03,EXTERNAL_HISTORICAL_MARKET_BENCHMARK,NOT_AVAILABLE,NOT_GOLDBET,f265d39244123464625926aaa23b5cf04ea522e2ae0204f02cf54f980dba8820
7e11839424710c68db85a1d6,2. Bundesliga,2024/2025,DEVELOPMENT,2025-02-09,12:30,MATCH_KICKOFF_TIME_TIMEZONE_NOT_STATED_BY_SOURCE,,NOT_VERIFIED_DO_NOT_INFER,Hannover,Fortuna Dusseldorf,1,1,D,EVALUATION_ONLY_JOIN_AFTER_PREMATCH_FEATURE_FREEZE,1.97,3.65,3.57,EXTERNAL_HISTORICAL_MARKET_BENCHMARK,NOT_AVAILABLE,NOT_GOLDBET,b7bf1aba145a93b2eaa613b92e19c4892e8df360c415b40d6ee5b4bced276dfe
e26a1e100e11f315b5d75760,2. Bundesliga,2024/2025,DEVELOPMENT,2025-02-09,12:30,MATCH_KICKOFF_TIME_TIMEZONE_NOT_STATED_BY_SOURCE,,NOT_VERIFIED_DO_NOT_INFER,Karlsruhe,Braunschweig,0,2,A,EVALUATION_ONLY_JOIN_AFTER_PREMATCH_FEATURE_FREEZE,1.76,4.01,4.06,EXTERNAL_HISTORICAL_MARKET_BENCHMARK,NOT_AVAILABLE,NOT_GOLDBET,5cfa569f2a09e06fe4c142c426df0f3e47a69ef590d62a5981ab7fa0bcfc8e6a
ac0b59a6da61b78f77ce78f4,2. Bundesliga,2024/2025,DEVELOPMENT,2025-02-14,17:30,MATCH_KICKOFF_TIME_TIMEZONE_NOT_STATED_BY_SOURCE,,NOT_VERIFIED_DO_NOT_INFER,Magdeburg,FC Koln,3,0,H,EVALUATION_ONLY_JOIN_AFTER_PREMATCH_FEATURE_FREEZE,2.24,3.55,2.99,EXTERNAL_HISTORICAL_MARKET_BENCHMARK,NOT_AVAILABLE,NOT_GOLDBET,375c61b395e3099b8522dcba9ff156d4859c3f1007bbe8948ca0be05bf36214c
21ccf13949a5bf2e3a6b79fb,2. Bundesliga,2024/2025,DEVELOPMENT,2025-02-14,17:30,MATCH_KICKOFF_TIME_TIMEZONE_NOT_STATED_BY_SOURCE,,NOT_VERIFIED_DO_NOT_INFER,Paderborn,Preußen Münster,2,0,H,EVALUATION_ONLY_JOIN_AFTER_PREMATCH_FEATURE_FREEZE,1.61,3.92,5.38,EXTERNAL_HISTORICAL_MARKET_BENCHMARK,NOT_AVAILABLE,NOT_GOLDBET,0ff4f9ed73bfd213df69e432a6890ea515176c69447daaf8829a2cbbdbfe6c28
161eca61213bbfb220da74dc,2. Bundesliga,2024/2025,DEVELOPMENT,2025-02-15,12:00,MATCH_KICKOFF_TIME_TIMEZONE_NOT_STATED_BY_SOURCE,,NOT_VERIFIED_DO_NOT_INFER,Braunschweig,Darmstadt,1,0,H,EVALUATION_ONLY_JOIN_AFTER_PREMATCH_FEATURE_FREEZE,2.59,3.51,2.56,EXTERNAL_HISTORICAL_MARKET_BENCHMARK,NOT_AVAILABLE,NOT_GOLDBET,9b56274d966a9cba86521a628a5a3effb61581d904869702c30c3f93daa826a4
31defaf47e6574124835ff81,2. Bundesliga,2024/2025,DEVELOPMENT,2025-02-15,12:00,MATCH_KICKOFF_TIME_TIMEZONE_NOT_STATED_BY_SOURCE,,NOT_VERIFIED_DO_NOT_INFER,Elversberg,Greuther Furth,2,0,H,EVALUATION_ONLY_JOIN_AFTER_PREMATCH_FEATURE_FREEZE,1.68,4.02,4.62,EXTERNAL_HISTORICAL_MARKET_BENCHMARK,NOT_AVAILABLE,NOT_GOLDBET,8707c8c2a071bba3e2f0db80b17a886105ce090443fdc6dd34bb22383f139c82
7d14895dde22e92fdbd2ca0b,2. Bundesliga,2024/2025,DEVELOPMENT,2025-02-15,12:00,MATCH_KICKOFF_TIME_TIMEZONE_NOT_STATED_BY_SOURCE,,NOT_VERIFIED_DO_NOT_INFER,Kaiserslautern,Hannover,0,0,D,EVALUATION_ONLY_JOIN_AFTER_PREMATCH_FEATURE_FREEZE,2.79,3.48,2.41,EXTERNAL_HISTORICAL_MARKET_BENCHMARK,NOT_AVAILABLE,NOT_GOLDBET,53055901e4955ba847adaa517531e401b8910d0dab6e0a81866d792485078991
7f60cfd9d79538584f885ece,2. Bundesliga,2024/2025,DEVELOPMENT,2025-02-15,19:30,MATCH_KICKOFF_TIME_TIMEZONE_NOT_STATED_BY_SOURCE,,NOT_VERIFIED_DO_NOT_INFER,Fortuna Dusseldorf,Hertha,2,1,H,EVALUATION_ONLY_JOIN_AFTER_PREMATCH_FEATURE_FREEZE,2.26,3.58,2.92,EXTERNAL_HISTORICAL_MARKET_BENCHMARK,NOT_AVAILABLE,NOT_GOLDBET,10813fa2a3668eeaead1e751d6d796d8e71eb8d76c54e9f36fa0d3439c01f3ff
e639c8c21922be5f90508796,2. Bundesliga,2024/2025,DEVELOPMENT,2025-02-16,12:30,MATCH_KICKOFF_TIME_TIMEZONE_NOT_STATED_BY_SOURCE,,NOT_VERIFIED_DO_NOT_INFER,Nurnberg,Ulm,2,0,H,EVALUATION_ONLY_JOIN_AFTER_PREMATCH_FEATURE_FREEZE,1.94,3.65,3.64,EXTERNAL_HISTORICAL_MARKET_BENCHMARK,NOT_AVAILABLE,NOT_GOLDBET,2f7e0f9673a9e6d5169572a91bd20b14368b859c4410b2e9e784312b407ee85b
8bac9afbc21d710241a34dc9,2. Bundesliga,2024/2025,DEVELOPMENT,2025-02-16,12:30,MATCH_KICKOFF_TIME_TIMEZONE_NOT_STATED_BY_SOURCE,,NOT_VERIFIED_DO_NOT_INFER,Regensburg,Hamburg,1,1,D,EVALUATION_ONLY_JOIN_AFTER_PREMATCH_FEATURE_FREEZE,5.31,4.11,1.59,EXTERNAL_HISTORICAL_MARKET_BENCHMARK,NOT_AVAILABLE,NOT_GOLDBET,ad9ec62a865a635b7db53dfa6e9fefc92c20b697b539725e599f710a2207ee7d
c4d8059b09290e5a137ec968,2. Bundesliga,2024/2025,DEVELOPMENT,2025-02-16,12:30,MATCH_KICKOFF_TIME_TIMEZONE_NOT_STATED_BY_SOURCE,,NOT_VERIFIED_DO_NOT_INFER,Schalke 04,Karlsruhe,2,1,H,EVALUATION_ONLY_JOIN_AFTER_PREMATCH_FEATURE_FREEZE,1.95,3.68,3.63,EXTERNAL_HISTORICAL_MARKET_BENCHMARK,NOT_AVAILABLE,NOT_GOLDBET,b3baff9e823f391021d8a86d4390dd55d28dce0c7931cfd401905654ede06da9
47af97cde3142a6e13ab5909,2. Bundesliga,2024/2025,DEVELOPMENT,2025-02-21,17:30,MATCH_KICKOFF_TIME_TIMEZONE_NOT_STATED_BY_SOURCE,,NOT_VERIFIED_DO_NOT_INFER,Hamburg,Kaiserslautern,3,0,H,EVALUATION_ONLY_JOIN_AFTER_PREMATCH_FEATURE_FREEZE,1.69,3.85,4.77,EXTERNAL_HISTORICAL_MARKET_BENCHMARK,NOT_AVAILABLE,NOT_GOLDBET,15a252cdf560dccd83cde97c413f43f27c5daacaa4dab5d4819ccddcb5eab76f
674f1a1b42ac941fb3a49b82,2. Bundesliga,2024/2025,DEVELOPMENT,2025-02-21,17:30,MATCH_KICKOFF_TIME_TIMEZONE_NOT_STATED_BY_SOURCE,,NOT_VERIFIED_DO_NOT_INFER,Hertha,Nurnberg,0,0,D,EVALUATION_ONLY_JOIN_AFTER_PREMATCH_FEATURE_FREEZE,1.97,3.67,3.57,EXTERNAL_HISTORICAL_MARKET_BENCHMARK,NOT_AVAILABLE,NOT_GOLDBET,b020cbd4b2d2d9398e3f41caf92a2b489f5f92750be597131ca5283b6d671804
5c532a62881105d7a9d3fbc6,2. Bundesliga,2024/2025,DEVELOPMENT,2025-02-22,12:00,MATCH_KICKOFF_TIME_TIMEZONE_NOT_STATED_BY_SOURCE,,NOT_VERIFIED_DO_NOT_INFER,Karlsruhe,Magdeburg,3,1,H,EVALUATION_ONLY_JOIN_AFTER_PREMATCH_FEATURE_FREEZE,2.95,3.68,2.22,EXTERNAL_HISTORICAL_MARKET_BENCHMARK,NOT_AVAILABLE,NOT_GOLDBET,e63801387231f34bbf8d22c78d77f1433c38f11d3212aae2006728c4f5a9a0eb
77544cad07477201011af2fe,2. Bundesliga,2024/2025,DEVELOPMENT,2025-02-22,12:00,MATCH_KICKOFF_TIME_TIMEZONE_NOT_STATED_BY_SOURCE,,NOT_VERIFIED_DO_NOT_INFER,Preußen Münster,Regensburg,2,0,H,EVALUATION_ONLY_JOIN_AFTER_PREMATCH_FEATURE_FREEZE,2.27,3.14,3.29,EXTERNAL_HISTORICAL_MARKET_BENCHMARK,NOT_AVAILABLE,NOT_GOLDBET,bf902c0358a2dae56486e346e76844bf4c5f97f17fb1f91497a2cd5d902c9367
3c0b66cb18410f28e84be30f,2. Bundesliga,2024/2025,DEVELOPMENT,2025-02-22,12:00,MATCH_KICKOFF_TIME_TIMEZONE_NOT_STATED_BY_SOURCE,,NOT_VERIFIED_DO_NOT_INFER,Ulm,Elversberg,0,0,D,EVALUATION_ONLY_JOIN_AFTER_PREMATCH_FEATURE_FREEZE,3.01,3.28,2.35,EXTERNAL_HISTORICAL_MARKET_BENCHMARK,NOT_AVAILABLE,NOT_GOLDBET,213c1cfb019c6b07d15627dbc4c4a8a4b84c0ee0dc39568c76fef570f2992609
d2abe942b283c8ae77a8d5a6,2. Bundesliga,2024/2025,DEVELOPMENT,2025-02-22,19:30,MATCH_KICKOFF_TIME_TIMEZONE_NOT_STATED_BY_SOURCE,,NOT_VERIFIED_DO_NOT_INFER,Hannover,Paderborn,1,1,D,EVALUATION_ONLY_JOIN_AFTER_PREMATCH_FEATURE_FREEZE,2.17,3.43,3.24,EXTERNAL_HISTORICAL_MARKET_BENCHMARK,NOT_AVAILABLE,NOT_GOLDBET,558b7942fbe73d5134377b28e5d24164a27cfd62dd02af9c74b1b82fcdc8cf2f
b708cef7cdb870052fe96a3a,2. Bundesliga,2024/2025,DEVELOPMENT,2025-02-23,12:30,MATCH_KICKOFF_TIME_TIMEZONE_NOT_STATED_BY_SOURCE,,NOT_VERIFIED_DO_NOT_INFER,Darmstadt,Schalke 04,2,0,H,EVALUATION_ONLY_JOIN_AFTER_PREMATCH_FEATURE_FREEZE,2.21,3.5,3.1,EXTERNAL_HISTORICAL_MARKET_BENCHMARK,NOT_AVAILABLE,NOT_GOLDBET,90205c1ef668ef8f1a8c7e6917dfd7f9866569897218f6b650cea2023df8881d
927e6f9dcf1b679bc76c21f6,2. Bundesliga,2024/2025,DEVELOPMENT,2025-02-23,12:30,MATCH_KICKOFF_TIME_TIMEZONE_NOT_STATED_BY_SOURCE,,NOT_VERIFIED_DO_NOT_INFER,FC Koln,Fortuna Dusseldorf,1,1,D,EVALUATION_ONLY_JOIN_AFTER_PREMATCH_FEATURE_FREEZE,1.91,3.55,3.9,EXTERNAL_HISTORICAL_MARKET_BENCHMARK,NOT_AVAILABLE,NOT_GOLDBET,3a84ee097b4c5b4656ca043df50d08ef0e6a50f0a9817e5f772488502094637c
9d967e21bf1698eb491f36f1,2. Bundesliga,2024/2025,DEVELOPMENT,2025-02-23,12:30,MATCH_KICKOFF_TIME_TIMEZONE_NOT_STATED_BY_SOURCE,,NOT_VERIFIED_DO_NOT_INFER,Greuther Furth,Braunschweig,3,0,H,EVALUATION_ONLY_JOIN_AFTER_PREMATCH_FEATURE_FREEZE,2.04,3.47,3.52,EXTERNAL_HISTORICAL_MARKET_BENCHMARK,NOT_AVAILABLE,NOT_GOLDBET,d8cc6b3a77217572b460613608881184da4ea3c6382e5c6c63a594bf1cbff3a0
5ed079fe9097bf46b1e0b645,2. Bundesliga,2024/2025,DEVELOPMENT,2025-02-28,17:30,MATCH_KICKOFF_TIME_TIMEZONE_NOT_STATED_BY_SOURCE,,NOT_VERIFIED_DO_NOT_INFER,Fortuna Dusseldorf,Greuther Furth,1,2,A,EVALUATION_ONLY_JOIN_AFTER_PREMATCH_FEATURE_FREEZE,1.92,3.68,3.73,EXTERNAL_HISTORICAL_MARKET_BENCHMARK,NOT_AVAILABLE,NOT_GOLDBET,0e2ac346f828121d4da79edab693b0d74bda3860b090adb8450cd3e038901177
4b0d7244e7cf94dd4b185213,2. Bundesliga,2024/2025,DEVELOPMENT,2025-02-28,17:30,MATCH_KICKOFF_TIME_TIMEZONE_NOT_STATED_BY_SOURCE,,NOT_VERIFIED_DO_NOT_INFER,Schalke 04,Preußen Münster,1,0,H,EVALUATION_ONLY_JOIN_AFTER_PREMATCH_FEATURE_FREEZE,1.89,3.49,4.06,EXTERNAL_HISTORICAL_MARKET_BENCHMARK,NOT_AVAILABLE,NOT_GOLDBET,bbdfe556624b20190b06a1cc2bdfe6d0dc3486315630a7be304741ce6af244bd
6ec7e5e7ba1c90e10b01342a,2. Bundesliga,2024/2025,DEVELOPMENT,2025-03-01,12:00,MATCH_KICKOFF_TIME_TIMEZONE_NOT_STATED_BY_SOURCE,,NOT_VERIFIED_DO_NOT_INFER,Braunschweig,Ulm,1,1,D,EVALUATION_ONLY_JOIN_AFTER_PREMATCH_FEATURE_FREEZE,2.37,3.26,3,EXTERNAL_HISTORICAL_MARKET_BENCHMARK,NOT_AVAILABLE,NOT_GOLDBET,c689a3a2e309ed64a71ab25db12248d364bce0a1d9c0afe1eb2c11bb40f89f6e
412480a036903a1b6dc3ed2b,2. Bundesliga,2024/2025,DEVELOPMENT,2025-03-01,12:00,MATCH_KICKOFF_TIME_TIMEZONE_NOT_STATED_BY_SOURCE,,NOT_VERIFIED_DO_NOT_INFER,Kaiserslautern,Regensburg,3,0,H,EVALUATION_ONLY_JOIN_AFTER_PREMATCH_FEATURE_FREEZE,1.6,3.99,5.35,EXTERNAL_HISTORICAL_MARKET_BENCHMARK,NOT_AVAILABLE,NOT_GOLDBET,9db60fd16de274364b37db526c7eb738b773af44dcb763bd6ef392fed30b8ee6
6f2a91bab3140c86420c3585,2. Bundesliga,2024/2025,DEVELOPMENT,2025-03-01,12:00,MATCH_KICKOFF_TIME_TIMEZONE_NOT_STATED_BY_SOURCE,,NOT_VERIFIED_DO_NOT_INFER,Nurnberg,Hannover,1,2,A,EVALUATION_ONLY_JOIN_AFTER_PREMATCH_FEATURE_FREEZE,2.35,3.39,2.93,EXTERNAL_HISTORICAL_MARKET_BENCHMARK,NOT_AVAILABLE,NOT_GOLDBET,af2bd80dbf5464bc7270af74f5edd9e58d11bec2db107620166ffa932ee67ac8
b3927b7c35fb19b31ca53e10,2. Bundesliga,2024/2025,DEVELOPMENT,2025-03-01,19:30,MATCH_KICKOFF_TIME_TIMEZONE_NOT_STATED_BY_SOURCE,,NOT_VERIFIED_DO_NOT_INFER,Karlsruhe,FC Koln,1,0,H,EVALUATION_ONLY_JOIN_AFTER_PREMATCH_FEATURE_FREEZE,3.57,3.48,2.03,EXTERNAL_HISTORICAL_MARKET_BENCHMARK,NOT_AVAILABLE,NOT_GOLDBET,146fcf170c19494ef9dbae729a2261013eb3276aba01a2e435b925a4dc7cf20b
d68bd85a1b39e06924a65436,2. Bundesliga,2024/2025,DEVELOPMENT,2025-03-02,12:30,MATCH_KICKOFF_TIME_TIMEZONE_NOT_STATED_BY_SOURCE,,NOT_VERIFIED_DO_NOT_INFER,Elversberg,Hertha,4,0,H,EVALUATION_ONLY_JOIN_AFTER_PREMATCH_FEATURE_FREEZE,2.27,3.49,2.96,EXTERNAL_HISTORICAL_MARKET_BENCHMARK,NOT_AVAILABLE,NOT_GOLDBET,b2c98fae6552b6727df200fe3c23dfb419102ba717b594c26c86d5fac4116f73
8b8385c96c2ebf44033a399d,2. Bundesliga,2024/2025,DEVELOPMENT,2025-03-02,12:30,MATCH_KICKOFF_TIME_TIMEZONE_NOT_STATED_BY_SOURCE,,NOT_VERIFIED_DO_NOT_INFER,Magdeburg,Darmstadt,4,1,H,EVALUATION_ONLY_JOIN_AFTER_PREMATCH_FEATURE_FREEZE,1.94,3.77,3.54,EXTERNAL_HISTORICAL_MARKET_BENCHMARK,NOT_AVAILABLE,NOT_GOLDBET,b770b56c98aa3b7465c6cd4e790f12f7f9ada061fa2e18e690ef57b8ec28692e
ad3b97049ed345efa27accc3,2. Bundesliga,2024/2025,DEVELOPMENT,2025-03-02,12:30,MATCH_KICKOFF_TIME_TIMEZONE_NOT_STATED_BY_SOURCE,,NOT_VERIFIED_DO_NOT_INFER,Paderborn,Hamburg,2,0,H,EVALUATION_ONLY_JOIN_AFTER_PREMATCH_FEATURE_FREEZE,2.3,3.53,2.89,EXTERNAL_HISTORICAL_MARKET_BENCHMARK,NOT_AVAILABLE,NOT_GOLDBET,11b9d7ecf17b7ae0e5ac132f5d28de90e6dd1bfaf967c3f6dfce6099c485a74b
5620cc81a6ed6e51e9eb5e26,2. Bundesliga,2024/2025,DEVELOPMENT,2025-03-07,17:30,MATCH_KICKOFF_TIME_TIMEZONE_NOT_STATED_BY_SOURCE,,NOT_VERIFIED_DO_NOT_INFER,Darmstadt,Karlsruhe,3,0,H,EVALUATION_ONLY_JOIN_AFTER_PREMATCH_FEATURE_FREEZE,2.01,3.6,3.55,EXTERNAL_HISTORICAL_MARKET_BENCHMARK,NOT_AVAILABLE,NOT_GOLDBET,432a54f079e16d0009e688c01d076386a9154d893558253487c01b9757cbaf4f
30183134dbb4cbebd06e17cc,2. Bundesliga,2024/2025,DEVELOPMENT,2025-03-07,17:30,MATCH_KICKOFF_TIME_TIMEZONE_NOT_STATED_BY_SOURCE,,NOT_VERIFIED_DO_NOT_INFER,Kaiserslautern,Elversberg,1,1,D,EVALUATION_ONLY_JOIN_AFTER_PREMATCH_FEATURE_FREEZE,2.81,3.56,2.38,EXTERNAL_HISTORICAL_MARKET_BENCHMARK,NOT_AVAILABLE,NOT_GOLDBET,67675d44905778b04cca211dd3d5730a8a96dd0725830bf12395b2669dd5243c
d8d977a617eab9bd52f08fc8,2. Bundesliga,2024/2025,DEVELOPMENT,2025-03-08,12:00,MATCH_KICKOFF_TIME_TIMEZONE_NOT_STATED_BY_SOURCE,,NOT_VERIFIED_DO_NOT_INFER,Greuther Furth,Magdeburg,1,1,D,EVALUATION_ONLY_JOIN_AFTER_PREMATCH_FEATURE_FREEZE,2.96,3.58,2.26,EXTERNAL_HISTORICAL_MARKET_BENCHMARK,NOT_AVAILABLE,NOT_GOLDBET,a5b3edcceede117d4281258fb5d01a1d58ad710d682018809b0c41b6d5d8a6ba
35e0b717e0a53161cf21135e,2. Bundesliga,2024/2025,DEVELOPMENT,2025-03-08,12:00,MATCH_KICKOFF_TIME_TIMEZONE_NOT_STATED_BY_SOURCE,,NOT_VERIFIED_DO_NOT_INFER,Hertha,Schalke 04,1,2,A,EVALUATION_ONLY_JOIN_AFTER_PREMATCH_FEATURE_FREEZE,1.85,3.7,4,EXTERNAL_HISTORICAL_MARKET_BENCHMARK,NOT_AVAILABLE,NOT_GOLDBET,3a98f9c1e41815ab30fd2ca1e7edc1b5814181159fba471ca798465ffa1d0406
b9faa5d23c0b5d07f97ceb7e,2. Bundesliga,2024/2025,DEVELOPMENT,2025-03-08,12:00,MATCH_KICKOFF_TIME_TIMEZONE_NOT_STATED_BY_SOURCE,,NOT_VERIFIED_DO_NOT_INFER,Ulm,FC Koln,0,1,A,EVALUATION_ONLY_JOIN_AFTER_PREMATCH_FEATURE_FREEZE,3.55,3.27,2.12,EXTERNAL_HISTORICAL_MARKET_BENCHMARK,NOT_AVAILABLE,NOT_GOLDBET,b88ea9e79ef326e304c4a75187e3c0c49662e5370fedd8c982fb4f65d0188f28
7e3abc806c4dc1130307ebd5,2. Bundesliga,2024/2025,DEVELOPMENT,2025-03-08,19:30,MATCH_KICKOFF_TIME_TIMEZONE_NOT_STATED_BY_SOURCE,,NOT_VERIFIED_DO_NOT_INFER,Hamburg,Fortuna Dusseldorf,4,1,H,EVALUATION_ONLY_JOIN_AFTER_PREMATCH_FEATURE_FREEZE,1.71,4.02,4.47,EXTERNAL_HISTORICAL_MARKET_BENCHMARK,NOT_AVAILABLE,NOT_GOLDBET,6f9420ff709c9970ba7f56bca06688cf176e288d63f10a522bce7cb2da108f41
63051953701983ad9e8736cd,2. Bundesliga,2024/2025,DEVELOPMENT,2025-03-09,12:30,MATCH_KICKOFF_TIME_TIMEZONE_NOT_STATED_BY_SOURCE,,NOT_VERIFIED_DO_NOT_INFER,Hannover,Braunschweig,1,1,D,EVALUATION_ONLY_JOIN_AFTER_PREMATCH_FEATURE_FREEZE,1.77,3.74,4.46,EXTERNAL_HISTORICAL_MARKET_BENCHMARK,NOT_AVAILABLE,NOT_GOLDBET,288d7cb743669c8bc04045bd036735af89f21b34c6a31a4c3cbea18c319dc736
a10f50353d925b072c464c65,2. Bundesliga,2024/2025,DEVELOPMENT,2025-03-09,12:30,MATCH_KICKOFF_TIME_TIMEZONE_NOT_STATED_BY_SOURCE,,NOT_VERIFIED_DO_NOT_INFER,Preußen Münster,Nurnberg,0,1,A,EVALUATION_ONLY_JOIN_AFTER_PREMATCH_FEATURE_FREEZE,2.69,3.37,2.55,EXTERNAL_HISTORICAL_MARKET_BENCHMARK,NOT_AVAILABLE,NOT_GOLDBET,94a6d80dd6dcf1dae1225465d15e3fe216062184e09b93252eaf34edebaf7ab2
81bbedf47c2030ea993b13ee,2. Bundesliga,2024/2025,DEVELOPMENT,2025-03-09,12:30,MATCH_KICKOFF_TIME_TIMEZONE_NOT_STATED_BY_SOURCE,,NOT_VERIFIED_DO_NOT_INFER,Regensburg,Paderborn,0,0,D,EVALUATION_ONLY_JOIN_AFTER_PREMATCH_FEATURE_FREEZE,5.2,3.83,1.65,EXTERNAL_HISTORICAL_MARKET_BENCHMARK,NOT_AVAILABLE,NOT_GOLDBET,cfd5026af1b1c7d42be4d7f6b2edb3181b2ba9cd608bc0bfea0af8b5f7d51d7a
b412f4ca0195ac3f69486490,2. Bundesliga,2024/2025,DEVELOPMENT,2025-03-14,17:30,MATCH_KICKOFF_TIME_TIMEZONE_NOT_STATED_BY_SOURCE,,NOT_VERIFIED_DO_NOT_INFER,Magdeburg,Hamburg,0,3,A,EVALUATION_ONLY_JOIN_AFTER_PREMATCH_FEATURE_FREEZE,2.47,3.6,2.66,EXTERNAL_HISTORICAL_MARKET_BENCHMARK,NOT_AVAILABLE,NOT_GOLDBET,2437beb3b05b6b19f3bb4a591a99f726ed89202cf86228cf9e72336227643706
4ca6b92649f17b9efb399ec1,2. Bundesliga,2024/2025,DEVELOPMENT,2025-03-14,17:30,MATCH_KICKOFF_TIME_TIMEZONE_NOT_STATED_BY_SOURCE,,NOT_VERIFIED_DO_NOT_INFER,Schalke 04,Hannover,1,2,A,EVALUATION_ONLY_JOIN_AFTER_PREMATCH_FEATURE_FREEZE,2.23,3.5,3.08,EXTERNAL_HISTORICAL_MARKET_BENCHMARK,NOT_AVAILABLE,NOT_GOLDBET,92b15b1ee3a1bff1c7f718a4fab45674240ee6595b97f6481ae664b37ddb73ca
b833e84da943cbc802f025a8,2. Bundesliga,2024/2025,DEVELOPMENT,2025-03-15,12:00,MATCH_KICKOFF_TIME_TIMEZONE_NOT_STATED_BY_SOURCE,,NOT_VERIFIED_DO_NOT_INFER,Elversberg,Preußen Münster,0,1,A,EVALUATION_ONLY_JOIN_AFTER_PREMATCH_FEATURE_FREEZE,1.63,4.06,5.02,EXTERNAL_HISTORICAL_MARKET_BENCHMARK,NOT_AVAILABLE,NOT_GOLDBET,f44f58e1c1fac4024d9b44a7a5c0566d62febbb296c3c3a950cde7c0ff5aa2ed
39da3b8e382ac0a375ebb923,2. Bundesliga,2024/2025,DEVELOPMENT,2025-03-15,12:00,MATCH_KICKOFF_TIME_TIMEZONE_NOT_STATED_BY_SOURCE,,NOT_VERIFIED_DO_NOT_INFER,Fortuna Dusseldorf,Regensburg,1,0,H,EVALUATION_ONLY_JOIN_AFTER_PREMATCH_FEATURE_FREEZE,1.61,4.2,4.93,EXTERNAL_HISTORICAL_MARKET_BENCHMARK,NOT_AVAILABLE,NOT_GOLDBET,18f6211b9860637ac41e213746d8614e4f267539afa8075c5ab3d22789ea5362
2ce27afa84fea0e7e2e1e9ea,2. Bundesliga,2024/2025,DEVELOPMENT,2025-03-15,12:00,MATCH_KICKOFF_TIME_TIMEZONE_NOT_STATED_BY_SOURCE,,NOT_VERIFIED_DO_NOT_INFER,Paderborn,Kaiserslautern,5,3,H,EVALUATION_ONLY_JOIN_AFTER_PREMATCH_FEATURE_FREEZE,1.69,3.9,4.76,EXTERNAL_HISTORICAL_MARKET_BENCHMARK,NOT_AVAILABLE,NOT_GOLDBET,d7ffd2645f7edda271e318091fe97723119e62dada64d127e67cfdd5e07241c4
7b9a849a2e5f0aa5c782a81e,2. Bundesliga,2024/2025,DEVELOPMENT,2025-03-15,19:30,MATCH_KICKOFF_TIME_TIMEZONE_NOT_STATED_BY_SOURCE,,NOT_VERIFIED_DO_NOT_INFER,FC Koln,Darmstadt,2,1,H,EVALUATION_ONLY_JOIN_AFTER_PREMATCH_FEATURE_FREEZE,1.86,3.55,4.14,EXTERNAL_HISTORICAL_MARKET_BENCHMARK,NOT_AVAILABLE,NOT_GOLDBET,ca9d98a352c3ff17b94544f74fdbca81d51767ca054888090d565d15c52dfd4b
c8f40c3e2f2ab3a4002a1638,2. Bundesliga,2024/2025,DEVELOPMENT,2025-03-16,12:30,MATCH_KICKOFF_TIME_TIMEZONE_NOT_STATED_BY_SOURCE,,NOT_VERIFIED_DO_NOT_INFER,Braunschweig,Hertha,1,5,A,EVALUATION_ONLY_JOIN_AFTER_PREMATCH_FEATURE_FREEZE,3.25,3.35,2.21,EXTERNAL_HISTORICAL_MARKET_BENCHMARK,NOT_AVAILABLE,NOT_GOLDBET,10b062547437f0c7b5295a0b31baea6cd875f9d2c0f9d17a61ae325e87bcdf44
5ac406400c568290be6c9526,2. Bundesliga,2024/2025,DEVELOPMENT,2025-03-16,12:30,MATCH_KICKOFF_TIME_TIMEZONE_NOT_STATED_BY_SOURCE,,NOT_VERIFIED_DO_NOT_INFER,Karlsruhe,Ulm,0,0,D,EVALUATION_ONLY_JOIN_AFTER_PREMATCH_FEATURE_FREEZE,2.06,3.49,3.47,EXTERNAL_HISTORICAL_MARKET_BENCHMARK,NOT_AVAILABLE,NOT_GOLDBET,c19f71dc5ba36f2d08744341e18e8201dcf85dce68975f84f02cedb480145803
5961389367acdacc057e8236,2. Bundesliga,2024/2025,DEVELOPMENT,2025-03-16,12:30,MATCH_KICKOFF_TIME_TIMEZONE_NOT_STATED_BY_SOURCE,,NOT_VERIFIED_DO_NOT_INFER,Nurnberg,Greuther Furth,3,0,H,EVALUATION_ONLY_JOIN_AFTER_PREMATCH_FEATURE_FREEZE,2.22,3.33,3.25,EXTERNAL_HISTORICAL_MARKET_BENCHMARK,NOT_AVAILABLE,NOT_GOLDBET,70e8e4665ff37846b16a55eab7d2f3c2db90e209bd10fa6c023bb3471b085dd2
c3580f183d57620e39252a4a,2. Bundesliga,2024/2025,DEVELOPMENT,2025-03-28,17:30,MATCH_KICKOFF_TIME_TIMEZONE_NOT_STATED_BY_SOURCE,,NOT_VERIFIED_DO_NOT_INFER,Hamburg,Elversberg,0,0,D,EVALUATION_ONLY_JOIN_AFTER_PREMATCH_FEATURE_FREEZE,1.79,3.92,4.07,EXTERNAL_HISTORICAL_MARKET_BENCHMARK,NOT_AVAILABLE,NOT_GOLDBET,6976bb1e30c3f31595df1c04a75fb6214c98bcfa44a38e57e2f97cd057f4f2df
f0de2bc8a9a18965bae3dc0e,2. Bundesliga,2024/2025,DEVELOPMENT,2025-03-28,17:30,MATCH_KICKOFF_TIME_TIMEZONE_NOT_STATED_BY_SOURCE,,NOT_VERIFIED_DO_NOT_INFER,Ulm,Darmstadt,2,1,H,EVALUATION_ONLY_JOIN_AFTER_PREMATCH_FEATURE_FREEZE,3.14,3.34,2.28,EXTERNAL_HISTORICAL_MARKET_BENCHMARK,NOT_AVAILABLE,NOT_GOLDBET,18d6d1965e28f8233f0b39b4ef6927e5ee54c51ca9db632893634ee9cba727bc
186ddcc1df566273e7d2760b,2. Bundesliga,2024/2025,DEVELOPMENT,2025-03-29,12:00,MATCH_KICKOFF_TIME_TIMEZONE_NOT_STATED_BY_SOURCE,,NOT_VERIFIED_DO_NOT_INFER,Hannover,Magdeburg,0,0,D,EVALUATION_ONLY_JOIN_AFTER_PREMATCH_FEATURE_FREEZE,2.38,3.66,2.73,EXTERNAL_HISTORICAL_MARKET_BENCHMARK,NOT_AVAILABLE,NOT_GOLDBET,56f2e8d593402e3ffb05e8be5d1b4dba0e4e02a0c0f952c5218d033c864294de
e55af4c67d895a56c603fdb6,2. Bundesliga,2024/2025,DEVELOPMENT,2025-03-29,12:00,MATCH_KICKOFF_TIME_TIMEZONE_NOT_STATED_BY_SOURCE,,NOT_VERIFIED_DO_NOT_INFER,Hertha,Karlsruhe,3,1,H,EVALUATION_ONLY_JOIN_AFTER_PREMATCH_FEATURE_FREEZE,1.67,3.88,4.95,EXTERNAL_HISTORICAL_MARKET_BENCHMARK,NOT_AVAILABLE,NOT_GOLDBET,c8a80141a845dbe0c0869849b0d84b00f9805c35e7411edca3a95d27c0bbdb1e
6daffc487744c0d76b8365da,2. Bundesliga,2024/2025,DEVELOPMENT,2025-03-29,12:00,MATCH_KICKOFF_TIME_TIMEZONE_NOT_STATED_BY_SOURCE,,NOT_VERIFIED_DO_NOT_INFER,Paderborn,FC Koln,1,2,A,EVALUATION_ONLY_JOIN_AFTER_PREMATCH_FEATURE_FREEZE,2.02,3.52,3.57,EXTERNAL_HISTORICAL_MARKET_BENCHMARK,NOT_AVAILABLE,NOT_GOLDBET,c3412b534d8f1ebf60cb76bc647584ab725390d76907f2e8f83bca511fa114ed
ccf80cfdf956b283ae3245d4,2. Bundesliga,2024/2025,DEVELOPMENT,2025-03-29,19:30,MATCH_KICKOFF_TIME_TIMEZONE_NOT_STATED_BY_SOURCE,,NOT_VERIFIED_DO_NOT_INFER,Kaiserslautern,Fortuna Dusseldorf,3,1,H,EVALUATION_ONLY_JOIN_AFTER_PREMATCH_FEATURE_FREEZE,2.28,3.58,2.93,EXTERNAL_HISTORICAL_MARKET_BENCHMARK,NOT_AVAILABLE,NOT_GOLDBET,1130205029df7305c8e2ac8aeb5134b8f8ee448e860d0a5f654a10226cc72234
255ba4ed770de6a796a05d00,2. Bundesliga,2024/2025,DEVELOPMENT,2025-03-30,12:30,MATCH_KICKOFF_TIME_TIMEZONE_NOT_STATED_BY_SOURCE,,NOT_VERIFIED_DO_NOT_INFER,Greuther Furth,Schalke 04,3,3,D,EVALUATION_ONLY_JOIN_AFTER_PREMATCH_FEATURE_FREEZE,2.67,3.36,2.59,EXTERNAL_HISTORICAL_MARKET_BENCHMARK,NOT_AVAILABLE,NOT_GOLDBET,aaa4b0f90ec5f92530bfb2d7367ea993ec7c382e27b77340615254da260dcbe9
2048d24f01c2772c68965423,2. Bundesliga,2024/2025,DEVELOPMENT,2025-03-30,12:30,MATCH_KICKOFF_TIME_TIMEZONE_NOT_STATED_BY_SOURCE,,NOT_VERIFIED_DO_NOT_INFER,Preußen Münster,Braunschweig,1,1,D,EVALUATION_ONLY_JOIN_AFTER_PREMATCH_FEATURE_FREEZE,2.04,3.4,3.61,EXTERNAL_HISTORICAL_MARKET_BENCHMARK,NOT_AVAILABLE,NOT_GOLDBET,2a7a9773f50f05cccb8a070396b87d562961b285d8c573e73ec65604ac902416
694a453d2030c0a378acfb78,2. Bundesliga,2024/2025,DEVELOPMENT,2025-03-30,12:30,MATCH_KICKOFF_TIME_TIMEZONE_NOT_STATED_BY_SOURCE,,NOT_VERIFIED_DO_NOT_INFER,Regensburg,Nurnberg,2,1,H,EVALUATION_ONLY_JOIN_AFTER_PREMATCH_FEATURE_FREEZE,3.56,3.53,2.02,EXTERNAL_HISTORICAL_MARKET_BENCHMARK,NOT_AVAILABLE,NOT_GOLDBET,dcaa0e1af3e08601a0f20b3be9dc455b3af317e17de53572475cf65ad449125e
3e8f5a27d333a40a6e6bfb23,2. Bundesliga,2024/2025,DEVELOPMENT,2025-04-04,17:30,MATCH_KICKOFF_TIME_TIMEZONE_NOT_STATED_BY_SOURCE,,NOT_VERIFIED_DO_NOT_INFER,Braunschweig,Paderborn,3,2,H,EVALUATION_ONLY_JOIN_AFTER_PREMATCH_FEATURE_FREEZE,4.28,3.76,1.79,EXTERNAL_HISTORICAL_MARKET_BENCHMARK,NOT_AVAILABLE,NOT_GOLDBET,62e1518aacff95bd03917593d626e33384e14455421c36fe6a4b156418fc2076
cd7f900bf5eb505ad6048f86,2. Bundesliga,2024/2025,DEVELOPMENT,2025-04-04,17:30,MATCH_KICKOFF_TIME_TIMEZONE_NOT_STATED_BY_SOURCE,,NOT_VERIFIED_DO_NOT_INFER,Karlsruhe,Hannover,1,0,H,EVALUATION_ONLY_JOIN_AFTER_PREMATCH_FEATURE_FREEZE,2.99,3.44,2.29,EXTERNAL_HISTORICAL_MARKET_BENCHMARK,NOT_AVAILABLE,NOT_GOLDBET,d2d90e47db2b160899a16e604f89b92569bbbde355a28aac854ae227019262ff
3c67d171f392dbb9e2610d09,2. Bundesliga,2024/2025,DEVELOPMENT,2025-04-05,12:00,MATCH_KICKOFF_TIME_TIMEZONE_NOT_STATED_BY_SOURCE,,NOT_VERIFIED_DO_NOT_INFER,Darmstadt,Greuther Furth,1,0,H,EVALUATION_ONLY_JOIN_AFTER_PREMATCH_FEATURE_FREEZE,1.76,3.75,4.43,EXTERNAL_HISTORICAL_MARKET_BENCHMARK,NOT_AVAILABLE,NOT_GOLDBET,c04bd7ae3f0275f76fba4c1d031c2ea334be6eb816206c9e411d3c09eeb43b87
dafa31de46b93d2d5fd3a990,2. Bundesliga,2024/2025,DEVELOPMENT,2025-04-05,12:00,MATCH_KICKOFF_TIME_TIMEZONE_NOT_STATED_BY_SOURCE,,NOT_VERIFIED_DO_NOT_INFER,Fortuna Dusseldorf,Preußen Münster,1,0,H,EVALUATION_ONLY_JOIN_AFTER_PREMATCH_FEATURE_FREEZE,1.96,3.65,3.62,EXTERNAL_HISTORICAL_MARKET_BENCHMARK,NOT_AVAILABLE,NOT_GOLDBET,7a6c9ff1cea67752fb1ee04352f2c45a43683be25ff2c2384b499c512df85056
e350f96f923f71080add4c9b,2. Bundesliga,2024/2025,DEVELOPMENT,2025-04-05,12:00,MATCH_KICKOFF_TIME_TIMEZONE_NOT_STATED_BY_SOURCE,,NOT_VERIFIED_DO_NOT_INFER,Nurnberg,Hamburg,0,3,A,EVALUATION_ONLY_JOIN_AFTER_PREMATCH_FEATURE_FREEZE,3.89,3.94,1.82,EXTERNAL_HISTORICAL_MARKET_BENCHMARK,NOT_AVAILABLE,NOT_GOLDBET,321443a67dc0fd8f187f421757612c60bbfe12ce921b88a7d5d85bc3d59287a0
f6211f12b67c5264cf69af96,2. Bundesliga,2024/2025,DEVELOPMENT,2025-04-05,19:30,MATCH_KICKOFF_TIME_TIMEZONE_NOT_STATED_BY_SOURCE,,NOT_VERIFIED_DO_NOT_INFER,FC Koln,Hertha,0,1,A,EVALUATION_ONLY_JOIN_AFTER_PREMATCH_FEATURE_FREEZE,2.09,3.65,3.24,EXTERNAL_HISTORICAL_MARKET_BENCHMARK,NOT_AVAILABLE,NOT_GOLDBET,a2126cee6261c2e84eabed877b945a44af3e60014960aef15be25aefde2e0eb9
37a79711d101cb09385aa092,2. Bundesliga,2024/2025,DEVELOPMENT,2025-04-06,12:30,MATCH_KICKOFF_TIME_TIMEZONE_NOT_STATED_BY_SOURCE,,NOT_VERIFIED_DO_NOT_INFER,Elversberg,Regensburg,6,0,H,EVALUATION_ONLY_JOIN_AFTER_PREMATCH_FEATURE_FREEZE,1.35,4.99,8.46,EXTERNAL_HISTORICAL_MARKET_BENCHMARK,NOT_AVAILABLE,NOT_GOLDBET,553c75bb26f41a6ba858fbc735ea91c4d0a57302ddda0db95e1a87fc4f70f70f
5eda0e4166d781ca770ff75f,2. Bundesliga,2024/2025,DEVELOPMENT,2025-04-06,12:30,MATCH_KICKOFF_TIME_TIMEZONE_NOT_STATED_BY_SOURCE,,NOT_VERIFIED_DO_NOT_INFER,Magdeburg,Kaiserslautern,2,0,H,EVALUATION_ONLY_JOIN_AFTER_PREMATCH_FEATURE_FREEZE,1.75,4.26,3.94,EXTERNAL_HISTORICAL_MARKET_BENCHMARK,NOT_AVAILABLE,NOT_GOLDBET,32e75508dbf311c52742b3d16d6023945b6e28bb742ee5c0e32b6249982a1d1f
6d46ca9eadf9b7a3db23822e,2. Bundesliga,2024/2025,DEVELOPMENT,2025-04-06,12:30,MATCH_KICKOFF_TIME_TIMEZONE_NOT_STATED_BY_SOURCE,,NOT_VERIFIED_DO_NOT_INFER,Schalke 04,Ulm,2,1,H,EVALUATION_ONLY_JOIN_AFTER_PREMATCH_FEATURE_FREEZE,1.85,3.8,3.9,EXTERNAL_HISTORICAL_MARKET_BENCHMARK,NOT_AVAILABLE,NOT_GOLDBET,55870c6d324f8760b593eda7a5a13b89b794ca2c1bd6402bded5cf89fdc55047
ff0e4ca248d39142683298cf,2. Bundesliga,2024/2025,DEVELOPMENT,2025-04-11,17:30,MATCH_KICKOFF_TIME_TIMEZONE_NOT_STATED_BY_SOURCE,,NOT_VERIFIED_DO_NOT_INFER,Greuther Furth,FC Koln,1,1,D,EVALUATION_ONLY_JOIN_AFTER_PREMATCH_FEATURE_FREEZE,3.56,3.55,2.01,EXTERNAL_HISTORICAL_MARKET_BENCHMARK,NOT_AVAILABLE,NOT_GOLDBET,2e9b7ea8d250a25a9805a19a69532d2cffe2d5aca27f86d8029ab358ba7619d5
4161a55727d2bb00512d9c4b,2. Bundesliga,2024/2025,DEVELOPMENT,2025-04-11,17:30,MATCH_KICKOFF_TIME_TIMEZONE_NOT_STATED_BY_SOURCE,,NOT_VERIFIED_DO_NOT_INFER,Hamburg,Braunschweig,2,4,A,EVALUATION_ONLY_JOIN_AFTER_PREMATCH_FEATURE_FREEZE,1.38,5.08,7.09,EXTERNAL_HISTORICAL_MARKET_BENCHMARK,NOT_AVAILABLE,NOT_GOLDBET,ddde19100f71f6bdcef6d5700b9d973058a30acff0f73e5b1b229acaf0e830a7
5d7e74d1fa56776c3cbb0716,2. Bundesliga,2024/2025,DEVELOPMENT,2025-04-12,12:00,MATCH_KICKOFF_TIME_TIMEZONE_NOT_STATED_BY_SOURCE,,NOT_VERIFIED_DO_NOT_INFER,Hannover,Elversberg,1,3,A,EVALUATION_ONLY_JOIN_AFTER_PREMATCH_FEATURE_FREEZE,2.41,3.51,2.76,EXTERNAL_HISTORICAL_MARKET_BENCHMARK,NOT_AVAILABLE,NOT_GOLDBET,2699c2a968779660a1747575529929afbbb7b6dd9f4c59dfdf490a3934389f3d
51af76e0a10936a4b771a4c3,2. Bundesliga,2024/2025,DEVELOPMENT,2025-04-12,12:00,MATCH_KICKOFF_TIME_TIMEZONE_NOT_STATED_BY_SOURCE,,NOT_VERIFIED_DO_NOT_INFER,Hertha,Darmstadt,1,1,D,EVALUATION_ONLY_JOIN_AFTER_PREMATCH_FEATURE_FREEZE,2.02,3.61,3.45,EXTERNAL_HISTORICAL_MARKET_BENCHMARK,NOT_AVAILABLE,NOT_GOLDBET,8527489581f434d1c944e561f73c73ad8832e2b66c57eab836e179752cdd6eef
d8a227ee6026fc2eb97a7a36,2. Bundesliga,2024/2025,DEVELOPMENT,2025-04-12,12:00,MATCH_KICKOFF_TIME_TIMEZONE_NOT_STATED_BY_SOURCE,,NOT_VERIFIED_DO_NOT_INFER,Ulm,Magdeburg,1,0,H,EVALUATION_ONLY_JOIN_AFTER_PREMATCH_FEATURE_FREEZE,3.28,3.51,2.12,EXTERNAL_HISTORICAL_MARKET_BENCHMARK,NOT_AVAILABLE,NOT_GOLDBET,0a869a186fe9e9eb37bab5ee42b6985857df45a8400383a01e4daa406f32c82e
327c77166ccada59bf757274,2. Bundesliga,2024/2025,DEVELOPMENT,2025-04-12,19:30,MATCH_KICKOFF_TIME_TIMEZONE_NOT_STATED_BY_SOURCE,,NOT_VERIFIED_DO_NOT_INFER,Kaiserslautern,Nurnberg,1,2,A,EVALUATION_ONLY_JOIN_AFTER_PREMATCH_FEATURE_FREEZE,1.77,3.94,4.11,EXTERNAL_HISTORICAL_MARKET_BENCHMARK,NOT_AVAILABLE,NOT_GOLDBET,ca83d7135c944852795a6e333b82cfc252a4ec9ae99d16b3e006bebe5e6fc3b0
7fc8fed04fb72659a953bd2e,2. Bundesliga,2024/2025,DEVELOPMENT,2025-04-13,12:30,MATCH_KICKOFF_TIME_TIMEZONE_NOT_STATED_BY_SOURCE,,NOT_VERIFIED_DO_NOT_INFER,Paderborn,Fortuna Dusseldorf,1,2,A,EVALUATION_ONLY_JOIN_AFTER_PREMATCH_FEATURE_FREEZE,1.63,4.04,4.88,EXTERNAL_HISTORICAL_MARKET_BENCHMARK,NOT_AVAILABLE,NOT_GOLDBET,8461c6a3e555b2a9e6f8394c37a0052b28d33cc3fdb6aabec64b78d3964c7185
6c27f1ce978e45c606d5e2e1,2. Bundesliga,2024/2025,DEVELOPMENT,2025-04-13,12:30,MATCH_KICKOFF_TIME_TIMEZONE_NOT_STATED_BY_SOURCE,,NOT_VERIFIED_DO_NOT_INFER,Preußen Münster,Karlsruhe,1,1,D,EVALUATION_ONLY_JOIN_AFTER_PREMATCH_FEATURE_FREEZE,2.13,3.51,3.25,EXTERNAL_HISTORICAL_MARKET_BENCHMARK,NOT_AVAILABLE,NOT_GOLDBET,2922550ed4bd65e214d72ccc2e3513a0037a7ab778a45bed26180c73e5915ae1
dc01906245d2963c00709429,2. Bundesliga,2024/2025,DEVELOPMENT,2025-04-13,12:30,MATCH_KICKOFF_TIME_TIMEZONE_NOT_STATED_BY_SOURCE,,NOT_VERIFIED_DO_NOT_INFER,Regensburg,Schalke 04,2,0,H,EVALUATION_ONLY_JOIN_AFTER_PREMATCH_FEATURE_FREEZE,4.1,3.7,1.83,EXTERNAL_HISTORICAL_MARKET_BENCHMARK,NOT_AVAILABLE,NOT_GOLDBET,9c9160e5d1faeb27df49b9372b928fac01dbee9b60bfa7b089af88ad44ec5203
6bc29ca5b7d15949365142bb,2. Bundesliga,2024/2025,DEVELOPMENT,2025-04-19,12:00,MATCH_KICKOFF_TIME_TIMEZONE_NOT_STATED_BY_SOURCE,,NOT_VERIFIED_DO_NOT_INFER,Braunschweig,Kaiserslautern,2,0,H,EVALUATION_ONLY_JOIN_AFTER_PREMATCH_FEATURE_FREEZE,2.61,3.5,2.55,EXTERNAL_HISTORICAL_MARKET_BENCHMARK,NOT_AVAILABLE,NOT_GOLDBET,15b076a8cbf0145f6d3bce7ee6ad298cf455da0507c35a5cbe0c9db2d74d8bb6
cbd8608b4d3a0b6355a7e39c,2. Bundesliga,2024/2025,DEVELOPMENT,2025-04-19,12:00,MATCH_KICKOFF_TIME_TIMEZONE_NOT_STATED_BY_SOURCE,,NOT_VERIFIED_DO_NOT_INFER,Elversberg,Fortuna Dusseldorf,1,1,D,EVALUATION_ONLY_JOIN_AFTER_PREMATCH_FEATURE_FREEZE,1.86,3.85,3.79,EXTERNAL_HISTORICAL_MARKET_BENCHMARK,NOT_AVAILABLE,NOT_GOLDBET,c412d9c644632a1619ee7eb754a81861e3e7e903a241f8f18b82cfcc431da53f
a36fe6b355574502458f4e75,2. Bundesliga,2024/2025,DEVELOPMENT,2025-04-19,12:00,MATCH_KICKOFF_TIME_TIMEZONE_NOT_STATED_BY_SOURCE,,NOT_VERIFIED_DO_NOT_INFER,Nurnberg,Paderborn,2,3,A,EVALUATION_ONLY_JOIN_AFTER_PREMATCH_FEATURE_FREEZE,3.48,3.77,1.97,EXTERNAL_HISTORICAL_MARKET_BENCHMARK,NOT_AVAILABLE,NOT_GOLDBET,7ef631aef98fe6ed596c6add3ac8a730005cdaedf98a22006b930163b44bb15d
0bbe837be1a236d5f2a8bee2,2. Bundesliga,2024/2025,DEVELOPMENT,2025-04-19,19:30,MATCH_KICKOFF_TIME_TIMEZONE_NOT_STATED_BY_SOURCE,,NOT_VERIFIED_DO_NOT_INFER,Schalke 04,Hamburg,2,2,D,EVALUATION_ONLY_JOIN_AFTER_PREMATCH_FEATURE_FREEZE,2.93,3.75,2.2,EXTERNAL_HISTORICAL_MARKET_BENCHMARK,NOT_AVAILABLE,NOT_GOLDBET,76894f42bc64164a5266aa28f1936b3d7ce3827ac370812a36f58752edb3e1cb
13792b484c4aa0a7d92bfbdb,2. Bundesliga,2024/2025,DEVELOPMENT,2025-04-20,12:30,MATCH_KICKOFF_TIME_TIMEZONE_NOT_STATED_BY_SOURCE,,NOT_VERIFIED_DO_NOT_INFER,Darmstadt,Hannover,3,1,H,EVALUATION_ONLY_JOIN_AFTER_PREMATCH_FEATURE_FREEZE,2.13,3.55,3.22,EXTERNAL_HISTORICAL_MARKET_BENCHMARK,NOT_AVAILABLE,NOT_GOLDBET,3a1eb1f3994732ddfd0127e363bda92983fb323f128288a451727672fc24a89c
10965d3c21ecb4be084ad11a,2. Bundesliga,2024/2025,DEVELOPMENT,2025-04-20,12:30,MATCH_KICKOFF_TIME_TIMEZONE_NOT_STATED_BY_SOURCE,,NOT_VERIFIED_DO_NOT_INFER,FC Koln,Preußen Münster,3,1,H,EVALUATION_ONLY_JOIN_AFTER_PREMATCH_FEATURE_FREEZE,1.43,4.8,6.42,EXTERNAL_HISTORICAL_MARKET_BENCHMARK,NOT_AVAILABLE,NOT_GOLDBET,0e4b600a329cffb49d91196c8fb1f4fb859cbd4cc7bab0321ec6c2e2012374bf
4a4a6ff0f8bf53a11da4031f,2. Bundesliga,2024/2025,DEVELOPMENT,2025-04-20,12:30,MATCH_KICKOFF_TIME_TIMEZONE_NOT_STATED_BY_SOURCE,,NOT_VERIFIED_DO_NOT_INFER,Karlsruhe,Greuther Furth,1,0,H,EVALUATION_ONLY_JOIN_AFTER_PREMATCH_FEATURE_FREEZE,2.41,3.47,2.78,EXTERNAL_HISTORICAL_MARKET_BENCHMARK,NOT_AVAILABLE,NOT_GOLDBET,e9e0695a2e0698290ad7eee4a260c4c8dec63d45bc6d4db4b1db4ac7adb461b6
76aa6c578f27ed11bebd8018,2. Bundesliga,2024/2025,DEVELOPMENT,2025-04-20,12:30,MATCH_KICKOFF_TIME_TIMEZONE_NOT_STATED_BY_SOURCE,,NOT_VERIFIED_DO_NOT_INFER,Magdeburg,Regensburg,3,0,H,EVALUATION_ONLY_JOIN_AFTER_PREMATCH_FEATURE_FREEZE,1.39,5.01,7.1,EXTERNAL_HISTORICAL_MARKET_BENCHMARK,NOT_AVAILABLE,NOT_GOLDBET,a83f9d2f5fe85702b7b7c8621f0282775b20fffbb9b29fc915be94871967f977
548481f45ca4740e9fb222f4,2. Bundesliga,2024/2025,DEVELOPMENT,2025-04-20,12:30,MATCH_KICKOFF_TIME_TIMEZONE_NOT_STATED_BY_SOURCE,,NOT_VERIFIED_DO_NOT_INFER,Ulm,Hertha,2,3,A,EVALUATION_ONLY_JOIN_AFTER_PREMATCH_FEATURE_FREEZE,3.23,3.39,2.19,EXTERNAL_HISTORICAL_MARKET_BENCHMARK,NOT_AVAILABLE,NOT_GOLDBET,e21b8033991538964b85946acfc967c251baa5bc8f5ee7646bf85a6a8f54e525
13d089cf3b1827bd18d52e46,2. Bundesliga,2024/2025,DEVELOPMENT,2025-04-25,17:30,MATCH_KICKOFF_TIME_TIMEZONE_NOT_STATED_BY_SOURCE,,NOT_VERIFIED_DO_NOT_INFER,Greuther Furth,Ulm,0,1,A,EVALUATION_ONLY_JOIN_AFTER_PREMATCH_FEATURE_FREEZE,2.1,3.42,3.44,EXTERNAL_HISTORICAL_MARKET_BENCHMARK,NOT_AVAILABLE,NOT_GOLDBET,2d4a2cc1eb1ab81d9ee284ed7aff03c92af716fdc9aaf03f081d60a4fe332860
fbbd94f341dd64af4ff9fb11,2. Bundesliga,2024/2025,DEVELOPMENT,2025-04-25,17:30,MATCH_KICKOFF_TIME_TIMEZONE_NOT_STATED_BY_SOURCE,,NOT_VERIFIED_DO_NOT_INFER,Hertha,Magdeburg,1,1,D,EVALUATION_ONLY_JOIN_AFTER_PREMATCH_FEATURE_FREEZE,2.29,3.87,2.74,EXTERNAL_HISTORICAL_MARKET_BENCHMARK,NOT_AVAILABLE,NOT_GOLDBET,13cfe89208975e17b129b6cd48d6537cd777982192f155ad054c8441ce6b5740
df4def44a01d67a60bd0f0b1,2. Bundesliga,2024/2025,DEVELOPMENT,2025-04-26,12:00,MATCH_KICKOFF_TIME_TIMEZONE_NOT_STATED_BY_SOURCE,,NOT_VERIFIED_DO_NOT_INFER,Paderborn,Elversberg,1,1,D,EVALUATION_ONLY_JOIN_AFTER_PREMATCH_FEATURE_FREEZE,2.18,3.65,3.03,EXTERNAL_HISTORICAL_MARKET_BENCHMARK,NOT_AVAILABLE,NOT_GOLDBET,dba4fb7a532117f1893d4478f9ce82c4be642158009bc6753c506a256947a67b
ef9760444acc73248f9392b7,2. Bundesliga,2024/2025,DEVELOPMENT,2025-04-26,12:00,MATCH_KICKOFF_TIME_TIMEZONE_NOT_STATED_BY_SOURCE,,NOT_VERIFIED_DO_NOT_INFER,Preußen Münster,Darmstadt,1,1,D,EVALUATION_ONLY_JOIN_AFTER_PREMATCH_FEATURE_FREEZE,2.85,3.7,2.27,EXTERNAL_HISTORICAL_MARKET_BENCHMARK,NOT_AVAILABLE,NOT_GOLDBET,6664aa2ee313cb92b01044d86235ed21daeba9881bec1c65330b15d89e07f0c1
cb499c535ed47ad2716f4e21,2. Bundesliga,2024/2025,DEVELOPMENT,2025-04-26,12:00,MATCH_KICKOFF_TIME_TIMEZONE_NOT_STATED_BY_SOURCE,,NOT_VERIFIED_DO_NOT_INFER,Regensburg,Braunschweig,1,1,D,EVALUATION_ONLY_JOIN_AFTER_PREMATCH_FEATURE_FREEZE,2.75,3.41,2.46,EXTERNAL_HISTORICAL_MARKET_BENCHMARK,NOT_AVAILABLE,NOT_GOLDBET,f1307fd00dcbbe9002e60b9fa288ec312126414f158dabde8c71c1f08bc718ef
603400da87aecb11b488b04d,2. Bundesliga,2024/2025,DEVELOPMENT,2025-04-26,19:30,MATCH_KICKOFF_TIME_TIMEZONE_NOT_STATED_BY_SOURCE,,NOT_VERIFIED_DO_NOT_INFER,Fortuna Dusseldorf,Nurnberg,3,3,D,EVALUATION_ONLY_JOIN_AFTER_PREMATCH_FEATURE_FREEZE,1.73,3.93,4.35,EXTERNAL_HISTORICAL_MARKET_BENCHMARK,NOT_AVAILABLE,NOT_GOLDBET,c6f2408033c5a6fcff604805fb890690e029be86a2a16d5d9225dce6bb17dcf1
572a078fb66ea8c8f8b13c1e,2. Bundesliga,2024/2025,DEVELOPMENT,2025-04-27,12:30,MATCH_KICKOFF_TIME_TIMEZONE_NOT_STATED_BY_SOURCE,,NOT_VERIFIED_DO_NOT_INFER,Hamburg,Karlsruhe,1,2,A,EVALUATION_ONLY_JOIN_AFTER_PREMATCH_FEATURE_FREEZE,1.49,4.84,5.31,EXTERNAL_HISTORICAL_MARKET_BENCHMARK,NOT_AVAILABLE,NOT_GOLDBET,c1b032ca8f94b6b61feda9d80f46b46b66686b8d5f0bbda728f2c2477942cab9
df819238f63ffe861208c222,2. Bundesliga,2024/2025,DEVELOPMENT,2025-04-27,12:30,MATCH_KICKOFF_TIME_TIMEZONE_NOT_STATED_BY_SOURCE,,NOT_VERIFIED_DO_NOT_INFER,Hannover,FC Koln,1,0,H,EVALUATION_ONLY_JOIN_AFTER_PREMATCH_FEATURE_FREEZE,3.58,3.64,1.98,EXTERNAL_HISTORICAL_MARKET_BENCHMARK,NOT_AVAILABLE,NOT_GOLDBET,54da2b0f9fc9261825cbe682c7eb1ef50f83f511335b7a216cc91d854349e389
8cc55ca3dc619433cef55d62,2. Bundesliga,2024/2025,DEVELOPMENT,2025-04-27,12:30,MATCH_KICKOFF_TIME_TIMEZONE_NOT_STATED_BY_SOURCE,,NOT_VERIFIED_DO_NOT_INFER,Kaiserslautern,Schalke 04,2,1,H,EVALUATION_ONLY_JOIN_AFTER_PREMATCH_FEATURE_FREEZE,1.85,3.89,3.77,EXTERNAL_HISTORICAL_MARKET_BENCHMARK,NOT_AVAILABLE,NOT_GOLDBET,a7d80768bd7733df5bcaad885468e89d85b53fd780691600271ddb59ba6c04d1
2f00c38065462cff62462a7b,2. Bundesliga,2024/2025,DEVELOPMENT,2025-05-02,17:30,MATCH_KICKOFF_TIME_TIMEZONE_NOT_STATED_BY_SOURCE,,NOT_VERIFIED_DO_NOT_INFER,Magdeburg,Preußen Münster,0,5,A,EVALUATION_ONLY_JOIN_AFTER_PREMATCH_FEATURE_FREEZE,1.46,4.77,6.03,EXTERNAL_HISTORICAL_MARKET_BENCHMARK,NOT_AVAILABLE,NOT_GOLDBET,456db050a952982295231748aaae504d6ef3e2be077c73bcb67c5142c2ffe338
332470f8bc24f18ee77395b4,2. Bundesliga,2024/2025,DEVELOPMENT,2025-05-02,17:30,MATCH_KICKOFF_TIME_TIMEZONE_NOT_STATED_BY_SOURCE,,NOT_VERIFIED_DO_NOT_INFER,Schalke 04,Paderborn,0,2,A,EVALUATION_ONLY_JOIN_AFTER_PREMATCH_FEATURE_FREEZE,3.84,3.96,1.83,EXTERNAL_HISTORICAL_MARKET_BENCHMARK,NOT_AVAILABLE,NOT_GOLDBET,d8990deb2fec9d916872ea540eeb34621b7aa0d4f6458acc8a2ed992d0750199
93b5cd889007be39f4911eff,2. Bundesliga,2024/2025,DEVELOPMENT,2025-05-03,12:00,MATCH_KICKOFF_TIME_TIMEZONE_NOT_STATED_BY_SOURCE,,NOT_VERIFIED_DO_NOT_INFER,Braunschweig,Fortuna Dusseldorf,2,2,D,EVALUATION_ONLY_JOIN_AFTER_PREMATCH_FEATURE_FREEZE,2.83,3.47,2.37,EXTERNAL_HISTORICAL_MARKET_BENCHMARK,NOT_AVAILABLE,NOT_GOLDBET,7e038b39ab7479bf82ffe757d014585fb71d83871cd18341ee0c1c1aa55242b7
82b09dbbdb6c8fba3e5dce6a,2. Bundesliga,2024/2025,DEVELOPMENT,2025-05-03,12:00,MATCH_KICKOFF_TIME_TIMEZONE_NOT_STATED_BY_SOURCE,,NOT_VERIFIED_DO_NOT_INFER,Darmstadt,Hamburg,0,4,A,EVALUATION_ONLY_JOIN_AFTER_PREMATCH_FEATURE_FREEZE,3.08,3.81,2.1,EXTERNAL_HISTORICAL_MARKET_BENCHMARK,NOT_AVAILABLE,NOT_GOLDBET,4ab5a2f88388f44f3c089433ecf4eb7aeb544dce04fe12acd66ae07396662ca9
3b735b7423d009b1eac220c0,2. Bundesliga,2024/2025,DEVELOPMENT,2025-05-03,12:00,MATCH_KICKOFF_TIME_TIMEZONE_NOT_STATED_BY_SOURCE,,NOT_VERIFIED_DO_NOT_INFER,Ulm,Hannover,1,2,A,EVALUATION_ONLY_JOIN_AFTER_PREMATCH_FEATURE_FREEZE,2.62,3.49,2.54,EXTERNAL_HISTORICAL_MARKET_BENCHMARK,NOT_AVAILABLE,NOT_GOLDBET,61b3ba78ec2bb49eecc44fca74132cd40335cf909d28e8034ccddf579a63eb5e
f1409be20f63b705c6452566,2. Bundesliga,2024/2025,DEVELOPMENT,2025-05-03,19:30,MATCH_KICKOFF_TIME_TIMEZONE_NOT_STATED_BY_SOURCE,,NOT_VERIFIED_DO_NOT_INFER,FC Koln,Regensburg,1,1,D,EVALUATION_ONLY_JOIN_AFTER_PREMATCH_FEATURE_FREEZE,1.2,6.65,12.3,EXTERNAL_HISTORICAL_MARKET_BENCHMARK,NOT_AVAILABLE,NOT_GOLDBET,f1017ea16ed9e79c1bd575a53a0103f3906d640a3314fcb0ef36414ea96d57ce
edc9abe104fe5ea13030ef8c,2. Bundesliga,2024/2025,DEVELOPMENT,2025-05-04,12:30,MATCH_KICKOFF_TIME_TIMEZONE_NOT_STATED_BY_SOURCE,,NOT_VERIFIED_DO_NOT_INFER,Hertha,Greuther Furth,1,0,H,EVALUATION_ONLY_JOIN_AFTER_PREMATCH_FEATURE_FREEZE,1.89,3.9,3.58,EXTERNAL_HISTORICAL_MARKET_BENCHMARK,NOT_AVAILABLE,NOT_GOLDBET,ad09fafed50e541478fdcaa2e73c878192aad61ea9dd0d922500aabd221d9c52
c754975504562a27a0aa8290,2. Bundesliga,2024/2025,DEVELOPMENT,2025-05-04,12:30,MATCH_KICKOFF_TIME_TIMEZONE_NOT_STATED_BY_SOURCE,,NOT_VERIFIED_DO_NOT_INFER,Karlsruhe,Kaiserslautern,2,2,D,EVALUATION_ONLY_JOIN_AFTER_PREMATCH_FEATURE_FREEZE,2.47,3.65,2.61,EXTERNAL_HISTORICAL_MARKET_BENCHMARK,NOT_AVAILABLE,NOT_GOLDBET,5cb3732b57caa02688778d7a6bb24f9d6a3182ddac4f6985a105c6e61ab74e43
c04dda01e2feacd2796859c6,2. Bundesliga,2024/2025,DEVELOPMENT,2025-05-04,12:30,MATCH_KICKOFF_TIME_TIMEZONE_NOT_STATED_BY_SOURCE,,NOT_VERIFIED_DO_NOT_INFER,Nurnberg,Elversberg,1,3,A,EVALUATION_ONLY_JOIN_AFTER_PREMATCH_FEATURE_FREEZE,4.43,4.14,1.68,EXTERNAL_HISTORICAL_MARKET_BENCHMARK,NOT_AVAILABLE,NOT_GOLDBET,33855cf6cc603fe3fb266f0e568c345852e325f83e346364590891661a5bce7f
d1dc784c1e8d589b96ef5955,2. Bundesliga,2024/2025,DEVELOPMENT,2025-05-09,17:30,MATCH_KICKOFF_TIME_TIMEZONE_NOT_STATED_BY_SOURCE,,NOT_VERIFIED_DO_NOT_INFER,Nurnberg,FC Koln,1,2,A,EVALUATION_ONLY_JOIN_AFTER_PREMATCH_FEATURE_FREEZE,6.35,4.77,1.44,EXTERNAL_HISTORICAL_MARKET_BENCHMARK,NOT_AVAILABLE,NOT_GOLDBET,64dd6c6b2201f48219d79b716ae8fc01d717af996a5f8b3d4960b51759041c57
a905b0609ef970263b8f4e3d,2. Bundesliga,2024/2025,DEVELOPMENT,2025-05-09,17:30,MATCH_KICKOFF_TIME_TIMEZONE_NOT_STATED_BY_SOURCE,,NOT_VERIFIED_DO_NOT_INFER,Preußen Münster,Hertha,2,0,H,EVALUATION_ONLY_JOIN_AFTER_PREMATCH_FEATURE_FREEZE,2.62,3.73,2.44,EXTERNAL_HISTORICAL_MARKET_BENCHMARK,NOT_AVAILABLE,NOT_GOLDBET,583ae939711e4f1d0aa902af032db6a866fbd14e7885ea601a7e096b63389ac2
6d40f9dadac73a0468271d3f,2. Bundesliga,2024/2025,DEVELOPMENT,2025-05-10,12:00,MATCH_KICKOFF_TIME_TIMEZONE_NOT_STATED_BY_SOURCE,,NOT_VERIFIED_DO_NOT_INFER,Elversberg,Braunschweig,3,0,H,EVALUATION_ONLY_JOIN_AFTER_PREMATCH_FEATURE_FREEZE,1.49,4.58,5.87,EXTERNAL_HISTORICAL_MARKET_BENCHMARK,NOT_AVAILABLE,NOT_GOLDBET,d40fd50cdb29185f391663844d0fa04d0902cf6c8385d4b542e040b6d9455a0d
d0209bbc8b289cd873cb96f7,2. Bundesliga,2024/2025,DEVELOPMENT,2025-05-10,12:00,MATCH_KICKOFF_TIME_TIMEZONE_NOT_STATED_BY_SOURCE,,NOT_VERIFIED_DO_NOT_INFER,Fortuna Dusseldorf,Schalke 04,2,0,H,EVALUATION_ONLY_JOIN_AFTER_PREMATCH_FEATURE_FREEZE,1.82,4.14,3.67,EXTERNAL_HISTORICAL_MARKET_BENCHMARK,NOT_AVAILABLE,NOT_GOLDBET,99ff62c1a86b32604f859d6856822181dafe6e072df92ad68465df7525e854e0
43e2d48549c1db059369227b,2. Bundesliga,2024/2025,DEVELOPMENT,2025-05-10,12:00,MATCH_KICKOFF_TIME_TIMEZONE_NOT_STATED_BY_SOURCE,,NOT_VERIFIED_DO_NOT_INFER,Paderborn,Magdeburg,2,1,H,EVALUATION_ONLY_JOIN_AFTER_PREMATCH_FEATURE_FREEZE,1.79,4.08,3.87,EXTERNAL_HISTORICAL_MARKET_BENCHMARK,NOT_AVAILABLE,NOT_GOLDBET,63484c44ac6d01062d8f1fe8d6dd84ed739c8acd065b79b7e2220c5a21912d4d
a4bb16ee98b8a84bd760f228,2. Bundesliga,2024/2025,DEVELOPMENT,2025-05-10,19:30,MATCH_KICKOFF_TIME_TIMEZONE_NOT_STATED_BY_SOURCE,,NOT_VERIFIED_DO_NOT_INFER,Hamburg,Ulm,6,1,H,EVALUATION_ONLY_JOIN_AFTER_PREMATCH_FEATURE_FREEZE,1.35,5.52,7.07,EXTERNAL_HISTORICAL_MARKET_BENCHMARK,NOT_AVAILABLE,NOT_GOLDBET,e8305fabf168e466d1c828ae3e8cfb2a0592e6361ec1a6a35489fee104a1710e
e7e23e9cf215923f4d70f8d7,2. Bundesliga,2024/2025,DEVELOPMENT,2025-05-11,12:30,MATCH_KICKOFF_TIME_TIMEZONE_NOT_STATED_BY_SOURCE,,NOT_VERIFIED_DO_NOT_INFER,Hannover,Greuther Furth,1,1,D,EVALUATION_ONLY_JOIN_AFTER_PREMATCH_FEATURE_FREEZE,2.13,3.72,3.09,EXTERNAL_HISTORICAL_MARKET_BENCHMARK,NOT_AVAILABLE,NOT_GOLDBET,1b53a9abe4ccb35708916e4a98b1333fe72a4669b9dad5fac82a6695166c6701
44efb2e4b89e093a35165c45,2. Bundesliga,2024/2025,DEVELOPMENT,2025-05-11,12:30,MATCH_KICKOFF_TIME_TIMEZONE_NOT_STATED_BY_SOURCE,,NOT_VERIFIED_DO_NOT_INFER,Kaiserslautern,Darmstadt,2,1,H,EVALUATION_ONLY_JOIN_AFTER_PREMATCH_FEATURE_FREEZE,1.96,4,3.31,EXTERNAL_HISTORICAL_MARKET_BENCHMARK,NOT_AVAILABLE,NOT_GOLDBET,946ba8ae6afeaf961c96a322f7b9f5799a4065c3f8c43f5834b5a8fe13c53292
14c092fa260f920123433208,2. Bundesliga,2024/2025,DEVELOPMENT,2025-05-11,12:30,MATCH_KICKOFF_TIME_TIMEZONE_NOT_STATED_BY_SOURCE,,NOT_VERIFIED_DO_NOT_INFER,Regensburg,Karlsruhe,2,2,D,EVALUATION_ONLY_JOIN_AFTER_PREMATCH_FEATURE_FREEZE,3.53,3.73,1.95,EXTERNAL_HISTORICAL_MARKET_BENCHMARK,NOT_AVAILABLE,NOT_GOLDBET,74736c0fc7de99301fdab732582fcca6a5ba09d5df0bc0c3d4a371c3baf33c52
8edd8d4ac67ea96edf5150d8,2. Bundesliga,2024/2025,DEVELOPMENT,2025-05-18,14:30,MATCH_KICKOFF_TIME_TIMEZONE_NOT_STATED_BY_SOURCE,,NOT_VERIFIED_DO_NOT_INFER,Braunschweig,Nurnberg,1,4,A,EVALUATION_ONLY_JOIN_AFTER_PREMATCH_FEATURE_FREEZE,1.76,4,4.15,EXTERNAL_HISTORICAL_MARKET_BENCHMARK,NOT_AVAILABLE,NOT_GOLDBET,ca69ce84432c079dec5b0783f6572c008d9371f707fb90ec066ca528d1b9f1ea
250c6cf409b1efd47b5228d2,2. Bundesliga,2024/2025,DEVELOPMENT,2025-05-18,14:30,MATCH_KICKOFF_TIME_TIMEZONE_NOT_STATED_BY_SOURCE,,NOT_VERIFIED_DO_NOT_INFER,Darmstadt,Regensburg,3,1,H,EVALUATION_ONLY_JOIN_AFTER_PREMATCH_FEATURE_FREEZE,1.4,4.97,6.73,EXTERNAL_HISTORICAL_MARKET_BENCHMARK,NOT_AVAILABLE,NOT_GOLDBET,78709fb7f009995b4c043c8705670a1b393d2c2adfd52efcd3ce4ce60580e56f
c47c93ae403af338ee3e399d,2. Bundesliga,2024/2025,DEVELOPMENT,2025-05-18,14:30,MATCH_KICKOFF_TIME_TIMEZONE_NOT_STATED_BY_SOURCE,,NOT_VERIFIED_DO_NOT_INFER,FC Koln,Kaiserslautern,4,0,H,EVALUATION_ONLY_JOIN_AFTER_PREMATCH_FEATURE_FREEZE,1.45,4.92,5.87,EXTERNAL_HISTORICAL_MARKET_BENCHMARK,NOT_AVAILABLE,NOT_GOLDBET,9f9c72985c6615aae68407bd77dcb10a469b8ab8c21e6786fd4f56d352388014
f962ef8f2537b895d0d92c32,2. Bundesliga,2024/2025,DEVELOPMENT,2025-05-18,14:30,MATCH_KICKOFF_TIME_TIMEZONE_NOT_STATED_BY_SOURCE,,NOT_VERIFIED_DO_NOT_INFER,Greuther Furth,Hamburg,3,2,H,EVALUATION_ONLY_JOIN_AFTER_PREMATCH_FEATURE_FREEZE,2.49,4.04,2.44,EXTERNAL_HISTORICAL_MARKET_BENCHMARK,NOT_AVAILABLE,NOT_GOLDBET,b3ebb7241d856cde0f9a768e097613e782285a3286527288282f1c8f54194d2e
680258ed8094ae276c1aa6c1,2. Bundesliga,2024/2025,DEVELOPMENT,2025-05-18,14:30,MATCH_KICKOFF_TIME_TIMEZONE_NOT_STATED_BY_SOURCE,,NOT_VERIFIED_DO_NOT_INFER,Hertha,Hannover,1,1,D,EVALUATION_ONLY_JOIN_AFTER_PREMATCH_FEATURE_FREEZE,2.06,3.89,3.15,EXTERNAL_HISTORICAL_MARKET_BENCHMARK,NOT_AVAILABLE,NOT_GOLDBET,c4bfbbfde163a0f8be769a2d1369ce606c34cfed1a3162d619361aaad074ec16
b68bdb240c2ca682660fefe8,2. Bundesliga,2024/2025,DEVELOPMENT,2025-05-18,14:30,MATCH_KICKOFF_TIME_TIMEZONE_NOT_STATED_BY_SOURCE,,NOT_VERIFIED_DO_NOT_INFER,Karlsruhe,Paderborn,3,0,H,EVALUATION_ONLY_JOIN_AFTER_PREMATCH_FEATURE_FREEZE,4.39,4.1,1.69,EXTERNAL_HISTORICAL_MARKET_BENCHMARK,NOT_AVAILABLE,NOT_GOLDBET,25d5050ce80e17b1907f1920d6794afebe3819893e48bb3089427792bb672217
78f7b17a0a239cca8a129d27,2. Bundesliga,2024/2025,DEVELOPMENT,2025-05-18,14:30,MATCH_KICKOFF_TIME_TIMEZONE_NOT_STATED_BY_SOURCE,,NOT_VERIFIED_DO_NOT_INFER,Magdeburg,Fortuna Dusseldorf,4,2,H,EVALUATION_ONLY_JOIN_AFTER_PREMATCH_FEATURE_FREEZE,2.34,3.95,2.63,EXTERNAL_HISTORICAL_MARKET_BENCHMARK,NOT_AVAILABLE,NOT_GOLDBET,79ded6dbf037c530065c550a5b13afda8a397aca693181acd0d7d4cb542f0c96
7f32449d22f6605f459e578c,2. Bundesliga,2024/2025,DEVELOPMENT,2025-05-18,14:30,MATCH_KICKOFF_TIME_TIMEZONE_NOT_STATED_BY_SOURCE,,NOT_VERIFIED_DO_NOT_INFER,Schalke 04,Elversberg,1,2,A,EVALUATION_ONLY_JOIN_AFTER_PREMATCH_FEATURE_FREEZE,4.6,4.43,1.62,EXTERNAL_HISTORICAL_MARKET_BENCHMARK,NOT_AVAILABLE,NOT_GOLDBET,040a3a36051f14d3d3a90c3ab02ce2b2cc8675faae9a22feffff0071ce936f88
1d19eccb048364ccaa971849,2. Bundesliga,2024/2025,DEVELOPMENT,2025-05-18,14:30,MATCH_KICKOFF_TIME_TIMEZONE_NOT_STATED_BY_SOURCE,,NOT_VERIFIED_DO_NOT_INFER,Ulm,Preußen Münster,2,2,D,EVALUATION_ONLY_JOIN_AFTER_PREMATCH_FEATURE_FREEZE,3.34,3.53,2.09,EXTERNAL_HISTORICAL_MARKET_BENCHMARK,NOT_AVAILABLE,NOT_GOLDBET,7c516a5207c0283c0a4ef1d8f1a595365a0a2c9a72e846b6b6c7758cd7d1f9bd
28bef52b0bce2d04bb1f75de,2. Bundesliga,2025/2026,HOLDOUT,2025-08-01,19:30,MATCH_KICKOFF_TIME_TIMEZONE_NOT_STATED_BY_SOURCE,,NOT_VERIFIED_DO_NOT_INFER,Schalke 04,Hertha,2,1,H,EVALUATION_ONLY_JOIN_AFTER_PREMATCH_FEATURE_FREEZE,2.87,3.4,2.29,EXTERNAL_HISTORICAL_MARKET_BENCHMARK,NOT_AVAILABLE,NOT_GOLDBET,60836021cfc5ee4303840dca956c9bccef969335629622ef23b2e8cac19a18ae
090b9a1868becd8578fcbcf9,2. Bundesliga,2025/2026,HOLDOUT,2025-08-02,12:00,MATCH_KICKOFF_TIME_TIMEZONE_NOT_STATED_BY_SOURCE,,NOT_VERIFIED_DO_NOT_INFER,Darmstadt,Bochum,4,1,H,EVALUATION_ONLY_JOIN_AFTER_PREMATCH_FEATURE_FREEZE,2.26,3.5,2.85,EXTERNAL_HISTORICAL_MARKET_BENCHMARK,NOT_AVAILABLE,NOT_GOLDBET,5cfcfce7806a2b359ecf6f2bc426eb783ccf5c6a90aa435f42be4b61cddd8133
77c043fff0a250837420438b,2. Bundesliga,2025/2026,HOLDOUT,2025-08-02,12:00,MATCH_KICKOFF_TIME_TIMEZONE_NOT_STATED_BY_SOURCE,,NOT_VERIFIED_DO_NOT_INFER,Elversberg,Nurnberg,1,0,H,EVALUATION_ONLY_JOIN_AFTER_PREMATCH_FEATURE_FREEZE,1.97,3.6,3.4,EXTERNAL_HISTORICAL_MARKET_BENCHMARK,NOT_AVAILABLE,NOT_GOLDBET,48ef110a72ce301c64a290b4ef06155e81ca4249d2483424345fdacc59733ee8
eb00983fd2f7982102ce13d9,2. Bundesliga,2025/2026,HOLDOUT,2025-08-02,12:00,MATCH_KICKOFF_TIME_TIMEZONE_NOT_STATED_BY_SOURCE,,NOT_VERIFIED_DO_NOT_INFER,Karlsruhe,Preußen Münster,3,2,H,EVALUATION_ONLY_JOIN_AFTER_PREMATCH_FEATURE_FREEZE,2.06,3.52,3.23,EXTERNAL_HISTORICAL_MARKET_BENCHMARK,NOT_AVAILABLE,NOT_GOLDBET,c5b72d053bf403f564b60a66c0b620b593fa5dfd2bcaa147d3fe471755b5b7ce
d1f42a796e74005b0ae2f3c6,2. Bundesliga,2025/2026,HOLDOUT,2025-08-02,12:00,MATCH_KICKOFF_TIME_TIMEZONE_NOT_STATED_BY_SOURCE,,NOT_VERIFIED_DO_NOT_INFER,Paderborn,Holstein Kiel,2,1,H,EVALUATION_ONLY_JOIN_AFTER_PREMATCH_FEATURE_FREEZE,2.23,3.44,2.91,EXTERNAL_HISTORICAL_MARKET_BENCHMARK,NOT_AVAILABLE,NOT_GOLDBET,22cab9a5b5ee39e98fb2eca17dea8f89e2d73299c309c5c6a7f8350fc09b9540
cadf39bd01a74e57da101304,2. Bundesliga,2025/2026,HOLDOUT,2025-08-02,19:30,MATCH_KICKOFF_TIME_TIMEZONE_NOT_STATED_BY_SOURCE,,NOT_VERIFIED_DO_NOT_INFER,Bielefeld,Fortuna Dusseldorf,5,1,H,EVALUATION_ONLY_JOIN_AFTER_PREMATCH_FEATURE_FREEZE,2.52,3.55,2.48,EXTERNAL_HISTORICAL_MARKET_BENCHMARK,NOT_AVAILABLE,NOT_GOLDBET,83c8e29db091fb86ac680514a21ebb86a41d5d825e7ed69da83c53f69dd7dc88
7922bf17325d5e23db438345,2. Bundesliga,2025/2026,HOLDOUT,2025-08-03,12:30,MATCH_KICKOFF_TIME_TIMEZONE_NOT_STATED_BY_SOURCE,,NOT_VERIFIED_DO_NOT_INFER,Greuther Furth,Dresden,3,2,H,EVALUATION_ONLY_JOIN_AFTER_PREMATCH_FEATURE_FREEZE,2.36,3.39,2.73,EXTERNAL_HISTORICAL_MARKET_BENCHMARK,NOT_AVAILABLE,NOT_GOLDBET,b63f6bc2da7ba851ca5acf6159bee179af977b392b0c268348888f0968c7c3ec
936838ccc410e59bb7d8bc11,2. Bundesliga,2025/2026,HOLDOUT,2025-08-03,12:30,MATCH_KICKOFF_TIME_TIMEZONE_NOT_STATED_BY_SOURCE,,NOT_VERIFIED_DO_NOT_INFER,Hannover,Kaiserslautern,1,0,H,EVALUATION_ONLY_JOIN_AFTER_PREMATCH_FEATURE_FREEZE,2.13,3.58,3.03,EXTERNAL_HISTORICAL_MARKET_BENCHMARK,NOT_AVAILABLE,NOT_GOLDBET,f36f9bdd7b1de29e30918572b661c27407e00318f5d90870c3bd1181c556035f
a030659b38517ef74c6b6755,2. Bundesliga,2025/2026,HOLDOUT,2025-08-03,12:30,MATCH_KICKOFF_TIME_TIMEZONE_NOT_STATED_BY_SOURCE,,NOT_VERIFIED_DO_NOT_INFER,Magdeburg,Braunschweig,0,1,A,EVALUATION_ONLY_JOIN_AFTER_PREMATCH_FEATURE_FREEZE,1.66,3.96,4.42,EXTERNAL_HISTORICAL_MARKET_BENCHMARK,NOT_AVAILABLE,NOT_GOLDBET,d3307c7a53404bba533918c3982fb5cac2c20615c37d891174bff932458e79c1
c3e52076c74b7c441c2180fb,2. Bundesliga,2025/2026,HOLDOUT,2025-08-08,17:30,MATCH_KICKOFF_TIME_TIMEZONE_NOT_STATED_BY_SOURCE,,NOT_VERIFIED_DO_NOT_INFER,Nurnberg,Darmstadt,0,1,A,EVALUATION_ONLY_JOIN_AFTER_PREMATCH_FEATURE_FREEZE,2.66,3.57,2.35,EXTERNAL_HISTORICAL_MARKET_BENCHMARK,NOT_AVAILABLE,NOT_GOLDBET,cd2eec22c7a1a024ad8adec5d1cc47f82d3c5045d4abe92a3bd597836396c5f5
760e7424d75f932d87e4cde5,2. Bundesliga,2025/2026,HOLDOUT,2025-08-08,17:30,MATCH_KICKOFF_TIME_TIMEZONE_NOT_STATED_BY_SOURCE,,NOT_VERIFIED_DO_NOT_INFER,Preußen Münster,Paderborn,1,1,D,EVALUATION_ONLY_JOIN_AFTER_PREMATCH_FEATURE_FREEZE,3.11,3.27,2.21,EXTERNAL_HISTORICAL_MARKET_BENCHMARK,NOT_AVAILABLE,NOT_GOLDBET,3457e3f245d1aa7bd1477a7d5cb8cb75754adf451247cfa67ac244c8e472fef6
6763de2a5da51b22bbc34011,2. Bundesliga,2025/2026,HOLDOUT,2025-08-09,12:00,MATCH_KICKOFF_TIME_TIMEZONE_NOT_STATED_BY_SOURCE,,NOT_VERIFIED_DO_NOT_INFER,Braunschweig,Greuther Furth,3,2,H,EVALUATION_ONLY_JOIN_AFTER_PREMATCH_FEATURE_FREEZE,2.34,3.44,2.76,EXTERNAL_HISTORICAL_MARKET_BENCHMARK,NOT_AVAILABLE,NOT_GOLDBET,9b0653dafb4a51359e6c07f4f8f5cf136f569cfe253009134d3f199c3937458c
999bf632fc3cb450d1cf45af,2. Bundesliga,2025/2026,HOLDOUT,2025-08-09,12:00,MATCH_KICKOFF_TIME_TIMEZONE_NOT_STATED_BY_SOURCE,,NOT_VERIFIED_DO_NOT_INFER,Dresden,Magdeburg,1,2,A,EVALUATION_ONLY_JOIN_AFTER_PREMATCH_FEATURE_FREEZE,2.72,3.55,2.32,EXTERNAL_HISTORICAL_MARKET_BENCHMARK,NOT_AVAILABLE,NOT_GOLDBET,2d02d9ee3f68d0c2fe37bff4ca4931d79544d73a41a29401827d91078d76178a
962580d65163d3f2ddc03509,2. Bundesliga,2025/2026,HOLDOUT,2025-08-09,12:00,MATCH_KICKOFF_TIME_TIMEZONE_NOT_STATED_BY_SOURCE,,NOT_VERIFIED_DO_NOT_INFER,Fortuna Dusseldorf,Hannover,0,2,A,EVALUATION_ONLY_JOIN_AFTER_PREMATCH_FEATURE_FREEZE,2.43,3.59,2.56,EXTERNAL_HISTORICAL_MARKET_BENCHMARK,NOT_AVAILABLE,NOT_GOLDBET,bf22590dffdefbc6b358ca1a15ca90648d96e1720fd84e8a8d3c945c8e37531f
dc0412d05a23c10a7d6d6277,2. Bundesliga,2025/2026,HOLDOUT,2025-08-09,19:30,MATCH_KICKOFF_TIME_TIMEZONE_NOT_STATED_BY_SOURCE,,NOT_VERIFIED_DO_NOT_INFER,Kaiserslautern,Schalke 04,1,0,H,EVALUATION_ONLY_JOIN_AFTER_PREMATCH_FEATURE_FREEZE,2.41,3.44,2.64,EXTERNAL_HISTORICAL_MARKET_BENCHMARK,NOT_AVAILABLE,NOT_GOLDBET,5c1d04972f467d962e2b516b0d6cc766227eabb73068139665a7a654a90c2da9
7dc111122945eec09c059823,2. Bundesliga,2025/2026,HOLDOUT,2025-08-10,12:30,MATCH_KICKOFF_TIME_TIMEZONE_NOT_STATED_BY_SOURCE,,NOT_VERIFIED_DO_NOT_INFER,Bochum,Elversberg,2,0,H,EVALUATION_ONLY_JOIN_AFTER_PREMATCH_FEATURE_FREEZE,2.33,3.45,2.76,EXTERNAL_HISTORICAL_MARKET_BENCHMARK,NOT_AVAILABLE,NOT_GOLDBET,83d0504ed23346017d543aa1f2a44126816eaa3589cf3c3310d0a31aa8f2b853
504007983c9b2a3f10a43db0,2. Bundesliga,2025/2026,HOLDOUT,2025-08-10,12:30,MATCH_KICKOFF_TIME_TIMEZONE_NOT_STATED_BY_SOURCE,,NOT_VERIFIED_DO_NOT_INFER,Hertha,Karlsruhe,0,0,D,EVALUATION_ONLY_JOIN_AFTER_PREMATCH_FEATURE_FREEZE,1.79,3.86,3.81,EXTERNAL_HISTORICAL_MARKET_BENCHMARK,NOT_AVAILABLE,NOT_GOLDBET,f139db6668e36b021bbd6e33fc2d52c7292c87ce1dedd5519c037a56fc391c36
b7f5945a57ea4ca466950536,2. Bundesliga,2025/2026,HOLDOUT,2025-08-10,12:30,MATCH_KICKOFF_TIME_TIMEZONE_NOT_STATED_BY_SOURCE,,NOT_VERIFIED_DO_NOT_INFER,Holstein Kiel,Bielefeld,0,2,A,EVALUATION_ONLY_JOIN_AFTER_PREMATCH_FEATURE_FREEZE,2.31,3.51,2.76,EXTERNAL_HISTORICAL_MARKET_BENCHMARK,NOT_AVAILABLE,NOT_GOLDBET,7e01aa22fe2832dca6fd65dd31fbde7b7fa53a5ee9fee97953e677fbc0a547ca
edd6d9ed1ae6aab8011c06ae,2. Bundesliga,2025/2026,HOLDOUT,2025-08-22,17:30,MATCH_KICKOFF_TIME_TIMEZONE_NOT_STATED_BY_SOURCE,,NOT_VERIFIED_DO_NOT_INFER,Elversberg,Kaiserslautern,2,1,H,EVALUATION_ONLY_JOIN_AFTER_PREMATCH_FEATURE_FREEZE,2.06,3.5,3.23,EXTERNAL_HISTORICAL_MARKET_BENCHMARK,NOT_AVAILABLE,NOT_GOLDBET,1d360581a766dbbb9abaee5232a2ccb097b2127d951ce4ef62a923607385bb7e
081db5a2f21ea8ea91839489,2. Bundesliga,2025/2026,HOLDOUT,2025-08-22,17:30,MATCH_KICKOFF_TIME_TIMEZONE_NOT_STATED_BY_SOURCE,,NOT_VERIFIED_DO_NOT_INFER,Preußen Münster,Nurnberg,2,1,H,EVALUATION_ONLY_JOIN_AFTER_PREMATCH_FEATURE_FREEZE,2.17,3.34,3.13,EXTERNAL_HISTORICAL_MARKET_BENCHMARK,NOT_AVAILABLE,NOT_GOLDBET,c7a8642b229a91224a6f874f643e714e680b17f70c2bc9f56f2c5c3431d6d2c7
392eaa5fae34d38dcb1fbdf0,2. Bundesliga,2025/2026,HOLDOUT,2025-08-23,12:00,MATCH_KICKOFF_TIME_TIMEZONE_NOT_STATED_BY_SOURCE,,NOT_VERIFIED_DO_NOT_INFER,Hannover,Magdeburg,3,1,H,EVALUATION_ONLY_JOIN_AFTER_PREMATCH_FEATURE_FREEZE,2.09,3.5,3.16,EXTERNAL_HISTORICAL_MARKET_BENCHMARK,NOT_AVAILABLE,NOT_GOLDBET,d09d86d9a582116fcfe1e8bf92f08fa78f20dd7def4ef5054ac9043829e3a8a5
3047709db8c493acd3d8b5a3,2. Bundesliga,2025/2026,HOLDOUT,2025-08-23,12:00,MATCH_KICKOFF_TIME_TIMEZONE_NOT_STATED_BY_SOURCE,,NOT_VERIFIED_DO_NOT_INFER,Karlsruhe,Braunschweig,2,0,H,EVALUATION_ONLY_JOIN_AFTER_PREMATCH_FEATURE_FREEZE,1.76,3.9,3.9,EXTERNAL_HISTORICAL_MARKET_BENCHMARK,NOT_AVAILABLE,NOT_GOLDBET,d999afb14b4e8fab23ed11a1436690678355128280d88e9089071e82400c7b4a
fd2d3b064c372c878aeeabfa,2. Bundesliga,2025/2026,HOLDOUT,2025-08-23,12:00,MATCH_KICKOFF_TIME_TIMEZONE_NOT_STATED_BY_SOURCE,,NOT_VERIFIED_DO_NOT_INFER,Paderborn,Fortuna Dusseldorf,1,2,A,EVALUATION_ONLY_JOIN_AFTER_PREMATCH_FEATURE_FREEZE,1.65,4.08,4.36,EXTERNAL_HISTORICAL_MARKET_BENCHMARK,NOT_AVAILABLE,NOT_GOLDBET,91cee460ba4297518b1967a9b0822d5cb2780b1c3eb74edfe556b6fb291c55ca
71fdfe8248b43109a57cc51c,2. Bundesliga,2025/2026,HOLDOUT,2025-08-23,19:30,MATCH_KICKOFF_TIME_TIMEZONE_NOT_STATED_BY_SOURCE,,NOT_VERIFIED_DO_NOT_INFER,Schalke 04,Bochum,2,1,H,EVALUATION_ONLY_JOIN_AFTER_PREMATCH_FEATURE_FREEZE,2.2,3.46,2.98,EXTERNAL_HISTORICAL_MARKET_BENCHMARK,NOT_AVAILABLE,NOT_GOLDBET,a44401b49b765adb94dfb66ff37f1971337ef6ce933008a71160ce2692166fe7
dbe1a6ffae875e365c76add8,2. Bundesliga,2025/2026,HOLDOUT,2025-08-24,12:30,MATCH_KICKOFF_TIME_TIMEZONE_NOT_STATED_BY_SOURCE,,NOT_VERIFIED_DO_NOT_INFER,Bielefeld,Dresden,1,2,A,EVALUATION_ONLY_JOIN_AFTER_PREMATCH_FEATURE_FREEZE,1.94,3.57,3.53,EXTERNAL_HISTORICAL_MARKET_BENCHMARK,NOT_AVAILABLE,NOT_GOLDBET,456d35292f4d41c4a6105fdfee919cd945a8daf88564aefda60121f2dc6cb87d
8f9cf91a054dd6beecec90a8,2. Bundesliga,2025/2026,HOLDOUT,2025-08-24,12:30,MATCH_KICKOFF_TIME_TIMEZONE_NOT_STATED_BY_SOURCE,,NOT_VERIFIED_DO_NOT_INFER,Darmstadt,Hertha,0,0,D,EVALUATION_ONLY_JOIN_AFTER_PREMATCH_FEATURE_FREEZE,1.93,3.59,3.54,EXTERNAL_HISTORICAL_MARKET_BENCHMARK,NOT_AVAILABLE,NOT_GOLDBET,c84d0239160cd470982503bfb52a3fc8ec2ae727bad61c589f6b5064cbc142c8
baaedb71dc9e09a2700389ae,2. Bundesliga,2025/2026,HOLDOUT,2025-08-24,12:30,MATCH_KICKOFF_TIME_TIMEZONE_NOT_STATED_BY_SOURCE,,NOT_VERIFIED_DO_NOT_INFER,Greuther Furth,Holstein Kiel,0,2,A,EVALUATION_ONLY_JOIN_AFTER_PREMATCH_FEATURE_FREEZE,2.73,3.58,2.31,EXTERNAL_HISTORICAL_MARKET_BENCHMARK,NOT_AVAILABLE,NOT_GOLDBET,6de3768e9cc34462a2f66e779302133abbfe19406308f46fa14d95203725a22d
aa0c8c43cb836e3ccce564fe,2. Bundesliga,2025/2026,HOLDOUT,2025-08-29,17:30,MATCH_KICKOFF_TIME_TIMEZONE_NOT_STATED_BY_SOURCE,,NOT_VERIFIED_DO_NOT_INFER,Hertha,Elversberg,0,2,A,EVALUATION_ONLY_JOIN_AFTER_PREMATCH_FEATURE_FREEZE,2.01,3.47,3.4,EXTERNAL_HISTORICAL_MARKET_BENCHMARK,NOT_AVAILABLE,NOT_GOLDBET,c6e9d3be90b2e24c3f0f0bae5a910fab80377b1f743ba1653f1146b99f89d4e0
933d0d6eeabc5dd5b0b57bd2,2. Bundesliga,2025/2026,HOLDOUT,2025-08-29,17:30,MATCH_KICKOFF_TIME_TIMEZONE_NOT_STATED_BY_SOURCE,,NOT_VERIFIED_DO_NOT_INFER,Nurnberg,Paderborn,0,0,D,EVALUATION_ONLY_JOIN_AFTER_PREMATCH_FEATURE_FREEZE,3.04,3.65,2.1,EXTERNAL_HISTORICAL_MARKET_BENCHMARK,NOT_AVAILABLE,NOT_GOLDBET,bf9f81862efe815789119b400e74d8af87cef0aca35a02abd849dcab5d9eef5d
2653f295951b077c3190e5e0,2. Bundesliga,2025/2026,HOLDOUT,2025-08-30,12:00,MATCH_KICKOFF_TIME_TIMEZONE_NOT_STATED_BY_SOURCE,,NOT_VERIFIED_DO_NOT_INFER,Bochum,Preußen Münster,1,2,A,EVALUATION_ONLY_JOIN_AFTER_PREMATCH_FEATURE_FREEZE,2.07,3.46,3.26,EXTERNAL_HISTORICAL_MARKET_BENCHMARK,NOT_AVAILABLE,NOT_GOLDBET,9143045c20d2e379b869ee586c5516181cb29c2014511eaf3fd3e1a4090e1cc4
4e6193f6eca20ddc2519f9ba,2. Bundesliga,2025/2026,HOLDOUT,2025-08-30,12:00,MATCH_KICKOFF_TIME_TIMEZONE_NOT_STATED_BY_SOURCE,,NOT_VERIFIED_DO_NOT_INFER,Braunschweig,Bielefeld,1,1,D,EVALUATION_ONLY_JOIN_AFTER_PREMATCH_FEATURE_FREEZE,2.71,3.58,2.33,EXTERNAL_HISTORICAL_MARKET_BENCHMARK,NOT_AVAILABLE,NOT_GOLDBET,7be9d2a44857cfb83ea01860a5ebdb874c7c86027207189ae4472aa4e62d640f
068d302e6ab3a6c5a1e7c63a,2. Bundesliga,2025/2026,HOLDOUT,2025-08-30,12:00,MATCH_KICKOFF_TIME_TIMEZONE_NOT_STATED_BY_SOURCE,,NOT_VERIFIED_DO_NOT_INFER,Holstein Kiel,Hannover,1,2,A,EVALUATION_ONLY_JOIN_AFTER_PREMATCH_FEATURE_FREEZE,2.41,3.53,2.63,EXTERNAL_HISTORICAL_MARKET_BENCHMARK,NOT_AVAILABLE,NOT_GOLDBET,b935c557780f1a91899ae99e489feaad3cb68a8c79c2a1b988b078aaec07cc40
281de2f8256f8076bed75331,2. Bundesliga,2025/2026,HOLDOUT,2025-08-30,19:30,MATCH_KICKOFF_TIME_TIMEZONE_NOT_STATED_BY_SOURCE,,NOT_VERIFIED_DO_NOT_INFER,Fortuna Dusseldorf,Karlsruhe,0,0,D,EVALUATION_ONLY_JOIN_AFTER_PREMATCH_FEATURE_FREEZE,2.22,3.62,2.85,EXTERNAL_HISTORICAL_MARKET_BENCHMARK,NOT_AVAILABLE,NOT_GOLDBET,de8c8dda19a099512ae19822767eee2feafc5bee5aeeaf7127672f2e4b56d19e
9af9c4a340e1a71f41a50c35,2. Bundesliga,2025/2026,HOLDOUT,2025-08-31,12:30,MATCH_KICKOFF_TIME_TIMEZONE_NOT_STATED_BY_SOURCE,,NOT_VERIFIED_DO_NOT_INFER,Dresden,Schalke 04,0,1,A,EVALUATION_ONLY_JOIN_AFTER_PREMATCH_FEATURE_FREEZE,2.09,3.45,3.22,EXTERNAL_HISTORICAL_MARKET_BENCHMARK,NOT_AVAILABLE,NOT_GOLDBET,df40cf16b7d303aed972f9216b8822e5f08e1c69a9b653623996b43db5d4779a
f4bf193306bb1b9ccb88fd10,2. Bundesliga,2025/2026,HOLDOUT,2025-08-31,12:30,MATCH_KICKOFF_TIME_TIMEZONE_NOT_STATED_BY_SOURCE,,NOT_VERIFIED_DO_NOT_INFER,Kaiserslautern,Darmstadt,3,1,H,EVALUATION_ONLY_JOIN_AFTER_PREMATCH_FEATURE_FREEZE,2.98,3.42,2.22,EXTERNAL_HISTORICAL_MARKET_BENCHMARK,NOT_AVAILABLE,NOT_GOLDBET,8bd621912e5c5d540ef4c272265fd9a842c13a8449fd7ca806a0b8a8a5fc0b19
51ba0da20817d42969781844,2. Bundesliga,2025/2026,HOLDOUT,2025-08-31,12:30,MATCH_KICKOFF_TIME_TIMEZONE_NOT_STATED_BY_SOURCE,,NOT_VERIFIED_DO_NOT_INFER,Magdeburg,Greuther Furth,4,5,A,EVALUATION_ONLY_JOIN_AFTER_PREMATCH_FEATURE_FREEZE,1.9,3.87,3.38,EXTERNAL_HISTORICAL_MARKET_BENCHMARK,NOT_AVAILABLE,NOT_GOLDBET,64794130d2ff63c91dafd543905da72a85ce73dec22bac74673c062a893955e3
90ab5dd64f2fe24d6be9442d,2. Bundesliga,2025/2026,HOLDOUT,2025-09-12,17:30,MATCH_KICKOFF_TIME_TIMEZONE_NOT_STATED_BY_SOURCE,,NOT_VERIFIED_DO_NOT_INFER,Bielefeld,Magdeburg,2,0,H,EVALUATION_ONLY_JOIN_AFTER_PREMATCH_FEATURE_FREEZE,2.06,3.71,3.13,EXTERNAL_HISTORICAL_MARKET_BENCHMARK,NOT_AVAILABLE,NOT_GOLDBET,f5fdc19d4c83bb71712b965426ad4380843b6e89441028b4e0f991903ffe4cd3
ce430e2051b9622cbcf8163e,2. Bundesliga,2025/2026,HOLDOUT,2025-09-12,17:30,MATCH_KICKOFF_TIME_TIMEZONE_NOT_STATED_BY_SOURCE,,NOT_VERIFIED_DO_NOT_INFER,Paderborn,Bochum,1,0,H,EVALUATION_ONLY_JOIN_AFTER_PREMATCH_FEATURE_FREEZE,1.81,3.75,3.89,EXTERNAL_HISTORICAL_MARKET_BENCHMARK,NOT_AVAILABLE,NOT_GOLDBET,7d8d0111e7704ac39415b20af9d56c03a0486f961ac5e3787cb135370b4f6a04
b376c5122eda18ae91d44c7f,2. Bundesliga,2025/2026,HOLDOUT,2025-09-13,12:00,MATCH_KICKOFF_TIME_TIMEZONE_NOT_STATED_BY_SOURCE,,NOT_VERIFIED_DO_NOT_INFER,Darmstadt,Braunschweig,2,1,H,EVALUATION_ONLY_JOIN_AFTER_PREMATCH_FEATURE_FREEZE,1.56,4.31,4.91,EXTERNAL_HISTORICAL_MARKET_BENCHMARK,NOT_AVAILABLE,NOT_GOLDBET,df7a7bad56611aa5d7fbe404f81953d2e87670e8bc16dd40bcb1212d265f6b4a
4b790809fe48d3c6937bae2a,2. Bundesliga,2025/2026,HOLDOUT,2025-09-13,12:00,MATCH_KICKOFF_TIME_TIMEZONE_NOT_STATED_BY_SOURCE,,NOT_VERIFIED_DO_NOT_INFER,Karlsruhe,Nurnberg,2,1,H,EVALUATION_ONLY_JOIN_AFTER_PREMATCH_FEATURE_FREEZE,2.03,3.63,3.24,EXTERNAL_HISTORICAL_MARKET_BENCHMARK,NOT_AVAILABLE,NOT_GOLDBET,f09bc229332a4d90f7cd3664229a21c2758f95a63de93ca263112721897f1092
9c0352fbf85cc5158f1efd19,2. Bundesliga,2025/2026,HOLDOUT,2025-09-13,12:00,MATCH_KICKOFF_TIME_TIMEZONE_NOT_STATED_BY_SOURCE,,NOT_VERIFIED_DO_NOT_INFER,Schalke 04,Holstein Kiel,0,1,A,EVALUATION_ONLY_JOIN_AFTER_PREMATCH_FEATURE_FREEZE,2.17,3.5,3.02,EXTERNAL_HISTORICAL_MARKET_BENCHMARK,NOT_AVAILABLE,NOT_GOLDBET,9a2b8e723e29795c1f4e829c4ca2100aec6f79eb3af802d1cb316c4c0cbc198b
878337f5e87a5f87bfceb00f,2. Bundesliga,2025/2026,HOLDOUT,2025-09-13,19:30,MATCH_KICKOFF_TIME_TIMEZONE_NOT_STATED_BY_SOURCE,,NOT_VERIFIED_DO_NOT_INFER,Hannover,Hertha,0,3,A,EVALUATION_ONLY_JOIN_AFTER_PREMATCH_FEATURE_FREEZE,1.66,4.01,4.53,EXTERNAL_HISTORICAL_MARKET_BENCHMARK,NOT_AVAILABLE,NOT_GOLDBET,7876730f76706b15d01389f217abf9ebfe9cf5bddf8fe6e00c6e5cdef7b9b604
ffbdc48e5f27d74ff55e3abd,2. Bundesliga,2025/2026,HOLDOUT,2025-09-14,12:30,MATCH_KICKOFF_TIME_TIMEZONE_NOT_STATED_BY_SOURCE,,NOT_VERIFIED_DO_NOT_INFER,Elversberg,Dresden,2,2,D,EVALUATION_ONLY_JOIN_AFTER_PREMATCH_FEATURE_FREEZE,1.94,3.66,3.49,EXTERNAL_HISTORICAL_MARKET_BENCHMARK,NOT_AVAILABLE,NOT_GOLDBET,5f09518f97552a8dfa431f6f25a02caeba84823103de59d165671127b95ec8f4
10dc21f939a056dad03907fd,2. Bundesliga,2025/2026,HOLDOUT,2025-09-14,12:30,MATCH_KICKOFF_TIME_TIMEZONE_NOT_STATED_BY_SOURCE,,NOT_VERIFIED_DO_NOT_INFER,Greuther Furth,Kaiserslautern,0,3,A,EVALUATION_ONLY_JOIN_AFTER_PREMATCH_FEATURE_FREEZE,2.34,3.51,2.77,EXTERNAL_HISTORICAL_MARKET_BENCHMARK,NOT_AVAILABLE,NOT_GOLDBET,dcce216029cbd68549eab45334dd9c5a79368892f70ea774734a92717bdbd321
73a5291a0dd5ad1a3af242e6,2. Bundesliga,2025/2026,HOLDOUT,2025-09-14,12:30,MATCH_KICKOFF_TIME_TIMEZONE_NOT_STATED_BY_SOURCE,,NOT_VERIFIED_DO_NOT_INFER,Preußen Münster,Fortuna Dusseldorf,1,2,A,EVALUATION_ONLY_JOIN_AFTER_PREMATCH_FEATURE_FREEZE,2.4,3.29,2.8,EXTERNAL_HISTORICAL_MARKET_BENCHMARK,NOT_AVAILABLE,NOT_GOLDBET,79ae3c2bd312636a766ebcf868bd621ab9f943350c69854994ed3849a64f0444
fe2c3c1f601a53f25b763ccb,2. Bundesliga,2025/2026,HOLDOUT,2025-09-19,17:30,MATCH_KICKOFF_TIME_TIMEZONE_NOT_STATED_BY_SOURCE,,NOT_VERIFIED_DO_NOT_INFER,Bielefeld,Greuther Furth,1,3,A,EVALUATION_ONLY_JOIN_AFTER_PREMATCH_FEATURE_FREEZE,1.71,3.9,4.22,EXTERNAL_HISTORICAL_MARKET_BENCHMARK,NOT_AVAILABLE,NOT_GOLDBET,fa38dce75e1a8c5239092e8455ce249c246dda7eb3c83ab0c2788897f9452302
e66242d0cb1d90b2a0c6bfed,2. Bundesliga,2025/2026,HOLDOUT,2025-09-19,17:30,MATCH_KICKOFF_TIME_TIMEZONE_NOT_STATED_BY_SOURCE,,NOT_VERIFIED_DO_NOT_INFER,Kaiserslautern,Preußen Münster,4,1,H,EVALUATION_ONLY_JOIN_AFTER_PREMATCH_FEATURE_FREEZE,2,3.46,3.47,EXTERNAL_HISTORICAL_MARKET_BENCHMARK,NOT_AVAILABLE,NOT_GOLDBET,537d7ebedb1c82acb1498d8609ac282c7fbd6919fc5eb2c5cc809b1eb467148f
5ce09e84d49a53c5dec7d635,2. Bundesliga,2025/2026,HOLDOUT,2025-09-20,12:00,MATCH_KICKOFF_TIME_TIMEZONE_NOT_STATED_BY_SOURCE,,NOT_VERIFIED_DO_NOT_INFER,Braunschweig,Elversberg,1,4,A,EVALUATION_ONLY_JOIN_AFTER_PREMATCH_FEATURE_FREEZE,3.3,3.55,2.02,EXTERNAL_HISTORICAL_MARKET_BENCHMARK,NOT_AVAILABLE,NOT_GOLDBET,3574272b3f41d3299d3c09bcc7159371e9d3d4a097126eb56379176999306467
a3b7118e2d6d80a098a613c8,2. Bundesliga,2025/2026,HOLDOUT,2025-09-20,12:00,MATCH_KICKOFF_TIME_TIMEZONE_NOT_STATED_BY_SOURCE,,NOT_VERIFIED_DO_NOT_INFER,Hertha,Paderborn,0,2,A,EVALUATION_ONLY_JOIN_AFTER_PREMATCH_FEATURE_FREEZE,2.5,3.51,2.53,EXTERNAL_HISTORICAL_MARKET_BENCHMARK,NOT_AVAILABLE,NOT_GOLDBET,0c43cac8f231f3a922900d04a040577c59958ba9da0fd17719b7a635025ec92b
bd251bef68ee89cba4895ed6,2. Bundesliga,2025/2026,HOLDOUT,2025-09-20,12:00,MATCH_KICKOFF_TIME_TIMEZONE_NOT_STATED_BY_SOURCE,,NOT_VERIFIED_DO_NOT_INFER,Magdeburg,Schalke 04,0,2,A,EVALUATION_ONLY_JOIN_AFTER_PREMATCH_FEATURE_FREEZE,2.31,3.46,2.81,EXTERNAL_HISTORICAL_MARKET_BENCHMARK,NOT_AVAILABLE,NOT_GOLDBET,41b2333e3add0b321e1eee0a7e3732a21d529be5fe2a790c7ea17567da5a7701
8daf2de3261ae1c58790716f,2. Bundesliga,2025/2026,HOLDOUT,2025-09-20,19:30,MATCH_KICKOFF_TIME_TIMEZONE_NOT_STATED_BY_SOURCE,,NOT_VERIFIED_DO_NOT_INFER,Nurnberg,Bochum,2,1,H,EVALUATION_ONLY_JOIN_AFTER_PREMATCH_FEATURE_FREEZE,2.12,3.58,3.05,EXTERNAL_HISTORICAL_MARKET_BENCHMARK,NOT_AVAILABLE,NOT_GOLDBET,52345a60d6288a1c03883ddb4d87e5697ac2d7db1b6bddc3dd31c824167dd433
37a7e5c5950fdf08e87b063d,2. Bundesliga,2025/2026,HOLDOUT,2025-09-21,12:30,MATCH_KICKOFF_TIME_TIMEZONE_NOT_STATED_BY_SOURCE,,NOT_VERIFIED_DO_NOT_INFER,Dresden,Hannover,2,2,D,EVALUATION_ONLY_JOIN_AFTER_PREMATCH_FEATURE_FREEZE,2.7,3.57,2.34,EXTERNAL_HISTORICAL_MARKET_BENCHMARK,NOT_AVAILABLE,NOT_GOLDBET,57b899e12d4065f7681cd3e138955cf39c6fa3ec406ef175961fa4bbdb95cfe4
e0aab060345d0295dcb7c6b2,2. Bundesliga,2025/2026,HOLDOUT,2025-09-21,12:30,MATCH_KICKOFF_TIME_TIMEZONE_NOT_STATED_BY_SOURCE,,NOT_VERIFIED_DO_NOT_INFER,Fortuna Dusseldorf,Darmstadt,0,3,A,EVALUATION_ONLY_JOIN_AFTER_PREMATCH_FEATURE_FREEZE,2.5,3.59,2.51,EXTERNAL_HISTORICAL_MARKET_BENCHMARK,NOT_AVAILABLE,NOT_GOLDBET,a687a3118760a3f79cb1f7fb90830ff5c17954cabdb5c3c326728a94a99cd8d7
7465d00dc618067ea6df4685,2. Bundesliga,2025/2026,HOLDOUT,2025-09-21,12:30,MATCH_KICKOFF_TIME_TIMEZONE_NOT_STATED_BY_SOURCE,,NOT_VERIFIED_DO_NOT_INFER,Holstein Kiel,Karlsruhe,3,0,H,EVALUATION_ONLY_JOIN_AFTER_PREMATCH_FEATURE_FREEZE,1.96,3.54,3.48,EXTERNAL_HISTORICAL_MARKET_BENCHMARK,NOT_AVAILABLE,NOT_GOLDBET,e044e4654199dcbcc916ecc9e29caee1566c5e0de25b7f22431f28f50c9c8b58
1b6a3a0cfd96b37b41ef30d3,2. Bundesliga,2025/2026,HOLDOUT,2025-09-26,17:30,MATCH_KICKOFF_TIME_TIMEZONE_NOT_STATED_BY_SOURCE,,NOT_VERIFIED_DO_NOT_INFER,Darmstadt,Dresden,2,0,H,EVALUATION_ONLY_JOIN_AFTER_PREMATCH_FEATURE_FREEZE,1.66,4.12,4.26,EXTERNAL_HISTORICAL_MARKET_BENCHMARK,NOT_AVAILABLE,NOT_GOLDBET,fe91814e27b719fa846b69ced5496455405a9341abba2a0377b09a20b655e275
4d18c91005c23340ee548b60,2. Bundesliga,2025/2026,HOLDOUT,2025-09-26,17:30,MATCH_KICKOFF_TIME_TIMEZONE_NOT_STATED_BY_SOURCE,,NOT_VERIFIED_DO_NOT_INFER,Schalke 04,Greuther Furth,1,0,H,EVALUATION_ONLY_JOIN_AFTER_PREMATCH_FEATURE_FREEZE,1.75,3.81,4.08,EXTERNAL_HISTORICAL_MARKET_BENCHMARK,NOT_AVAILABLE,NOT_GOLDBET,092074ebdbeccb6b58916e06df1f191f39ea3b59c11d44400d1573ce465a2e59
bc2ed43f3df34e80e4ae63c4,2. Bundesliga,2025/2026,HOLDOUT,2025-09-27,12:00,MATCH_KICKOFF_TIME_TIMEZONE_NOT_STATED_BY_SOURCE,,NOT_VERIFIED_DO_NOT_INFER,Elversberg,Holstein Kiel,1,0,H,EVALUATION_ONLY_JOIN_AFTER_PREMATCH_FEATURE_FREEZE,2.09,3.55,3.14,EXTERNAL_HISTORICAL_MARKET_BENCHMARK,NOT_AVAILABLE,NOT_GOLDBET,439c13b330d620f07f0e48eee3b6302d17307e1622bdbdd26d2f059f515435ee
c16e8fe8401c57436183a97e,2. Bundesliga,2025/2026,HOLDOUT,2025-09-27,12:00,MATCH_KICKOFF_TIME_TIMEZONE_NOT_STATED_BY_SOURCE,,NOT_VERIFIED_DO_NOT_INFER,Karlsruhe,Magdeburg,1,0,H,EVALUATION_ONLY_JOIN_AFTER_PREMATCH_FEATURE_FREEZE,2.33,3.66,2.67,EXTERNAL_HISTORICAL_MARKET_BENCHMARK,NOT_AVAILABLE,NOT_GOLDBET,cb8ce1c41a603942ed8a40f23213c616f27c6253c866a6898d32d8d1dbbd4b78
70ce27d067239f581a7fc9af,2. Bundesliga,2025/2026,HOLDOUT,2025-09-27,12:00,MATCH_KICKOFF_TIME_TIMEZONE_NOT_STATED_BY_SOURCE,,NOT_VERIFIED_DO_NOT_INFER,Paderborn,Kaiserslautern,2,0,H,EVALUATION_ONLY_JOIN_AFTER_PREMATCH_FEATURE_FREEZE,2.02,3.57,3.3,EXTERNAL_HISTORICAL_MARKET_BENCHMARK,NOT_AVAILABLE,NOT_GOLDBET,b9e1f77d45c667c88528154425e4ea9d02ba4aa091f6700451c0abababce3d72
e8e0422ae4f790135594ad65,2. Bundesliga,2025/2026,HOLDOUT,2025-09-27,19:30,MATCH_KICKOFF_TIME_TIMEZONE_NOT_STATED_BY_SOURCE,,NOT_VERIFIED_DO_NOT_INFER,Bochum,Fortuna Dusseldorf,0,1,A,EVALUATION_ONLY_JOIN_AFTER_PREMATCH_FEATURE_FREEZE,2.18,3.56,2.96,EXTERNAL_HISTORICAL_MARKET_BENCHMARK,NOT_AVAILABLE,NOT_GOLDBET,57ced4a1ac3bf0d05e6247139780360d42ecd78ccc46233cca5216d6513a910d
32829059e5d40fdac68af132,2. Bundesliga,2025/2026,HOLDOUT,2025-09-28,12:30,MATCH_KICKOFF_TIME_TIMEZONE_NOT_STATED_BY_SOURCE,,NOT_VERIFIED_DO_NOT_INFER,Hannover,Bielefeld,3,1,H,EVALUATION_ONLY_JOIN_AFTER_PREMATCH_FEATURE_FREEZE,1.84,3.74,3.75,EXTERNAL_HISTORICAL_MARKET_BENCHMARK,NOT_AVAILABLE,NOT_GOLDBET,f42a73487108e505bde540d1d413dc9fe0014708e882f48f9b5241d7b93474ea
eb5b2c31d28fb9bdce05588d,2. Bundesliga,2025/2026,HOLDOUT,2025-09-28,12:30,MATCH_KICKOFF_TIME_TIMEZONE_NOT_STATED_BY_SOURCE,,NOT_VERIFIED_DO_NOT_INFER,Nurnberg,Hertha,0,3,A,EVALUATION_ONLY_JOIN_AFTER_PREMATCH_FEATURE_FREEZE,2.24,3.54,2.84,EXTERNAL_HISTORICAL_MARKET_BENCHMARK,NOT_AVAILABLE,NOT_GOLDBET,cb6178783bd731a9bc3556d7a4aca0f85224ba9b3f857d62696958c025194f1b
59651a4e17c7743ac1fb034d,2. Bundesliga,2025/2026,HOLDOUT,2025-09-28,12:30,MATCH_KICKOFF_TIME_TIMEZONE_NOT_STATED_BY_SOURCE,,NOT_VERIFIED_DO_NOT_INFER,Preußen Münster,Braunschweig,3,1,H,EVALUATION_ONLY_JOIN_AFTER_PREMATCH_FEATURE_FREEZE,2.06,3.41,3.35,EXTERNAL_HISTORICAL_MARKET_BENCHMARK,NOT_AVAILABLE,NOT_GOLDBET,bdb5bf1e915ff157cf2db91c07788a75dcf62360bce23f9037ecb51ce411401b
2e1e76026446cacbecc832cf,2. Bundesliga,2025/2026,HOLDOUT,2025-10-03,17:30,MATCH_KICKOFF_TIME_TIMEZONE_NOT_STATED_BY_SOURCE,,NOT_VERIFIED_DO_NOT_INFER,Braunschweig,Paderborn,1,2,A,EVALUATION_ONLY_JOIN_AFTER_PREMATCH_FEATURE_FREEZE,3.56,3.68,1.9,EXTERNAL_HISTORICAL_MARKET_BENCHMARK,NOT_AVAILABLE,NOT_GOLDBET,5945a060cd984dcd3dab734502df53124e194cc154b2ffd7cc44ca129e62af0a
fd48e1aee38d7d7f57a22879,2. Bundesliga,2025/2026,HOLDOUT,2025-10-03,17:30,MATCH_KICKOFF_TIME_TIMEZONE_NOT_STATED_BY_SOURCE,,NOT_VERIFIED_DO_NOT_INFER,Fortuna Dusseldorf,Nurnberg,2,3,A,EVALUATION_ONLY_JOIN_AFTER_PREMATCH_FEATURE_FREEZE,2.36,3.54,2.69,EXTERNAL_HISTORICAL_MARKET_BENCHMARK,NOT_AVAILABLE,NOT_GOLDBET,5166d648722929c89e5e124e7486f7c5f0d05f1d9d6ae42f20e966d8055fa568
0728d0e94ad3888dddad8358,2. Bundesliga,2025/2026,HOLDOUT,2025-10-04,12:00,MATCH_KICKOFF_TIME_TIMEZONE_NOT_STATED_BY_SOURCE,,NOT_VERIFIED_DO_NOT_INFER,Hertha,Preußen Münster,2,1,H,EVALUATION_ONLY_JOIN_AFTER_PREMATCH_FEATURE_FREEZE,1.91,3.63,3.61,EXTERNAL_HISTORICAL_MARKET_BENCHMARK,NOT_AVAILABLE,NOT_GOLDBET,4aefbbf9103f858ac8dab972746c46a08fa00e07b57eebed5fbd94d15c3a00ab
028999efdecad84fb2bd0953,2. Bundesliga,2025/2026,HOLDOUT,2025-10-04,12:00,MATCH_KICKOFF_TIME_TIMEZONE_NOT_STATED_BY_SOURCE,,NOT_VERIFIED_DO_NOT_INFER,Holstein Kiel,Darmstadt,1,1,D,EVALUATION_ONLY_JOIN_AFTER_PREMATCH_FEATURE_FREEZE,2.36,3.5,2.7,EXTERNAL_HISTORICAL_MARKET_BENCHMARK,NOT_AVAILABLE,NOT_GOLDBET,6a91596bb9366dd98145bab70b7e1005241b37d3365dcbcb3e7f33f81145d5c4
ff7fce18ddff86511574f82c,2. Bundesliga,2025/2026,HOLDOUT,2025-10-04,12:00,MATCH_KICKOFF_TIME_TIMEZONE_NOT_STATED_BY_SOURCE,,NOT_VERIFIED_DO_NOT_INFER,Kaiserslautern,Bochum,3,2,H,EVALUATION_ONLY_JOIN_AFTER_PREMATCH_FEATURE_FREEZE,1.97,3.67,3.35,EXTERNAL_HISTORICAL_MARKET_BENCHMARK,NOT_AVAILABLE,NOT_GOLDBET,b2a31828de2de3e8d1a195e2c617bfa3082a656753cee11d132c53eaf44f1e92
7125cce02dd96f6db579d201,2. Bundesliga,2025/2026,HOLDOUT,2025-10-04,19:30,MATCH_KICKOFF_TIME_TIMEZONE_NOT_STATED_BY_SOURCE,,NOT_VERIFIED_DO_NOT_INFER,Dresden,Karlsruhe,3,3,D,EVALUATION_ONLY_JOIN_AFTER_PREMATCH_FEATURE_FREEZE,2.17,3.56,2.95,EXTERNAL_HISTORICAL_MARKET_BENCHMARK,NOT_AVAILABLE,NOT_GOLDBET,1d4e9a8f3c85f48946436ce4a5bbbc0dfb72fc15ae7f74d15d06b508b9d01704
702187de5181822ab09253ce,2. Bundesliga,2025/2026,HOLDOUT,2025-10-05,12:30,MATCH_KICKOFF_TIME_TIMEZONE_NOT_STATED_BY_SOURCE,,NOT_VERIFIED_DO_NOT_INFER,Bielefeld,Schalke 04,1,2,A,EVALUATION_ONLY_JOIN_AFTER_PREMATCH_FEATURE_FREEZE,2.64,3.41,2.45,EXTERNAL_HISTORICAL_MARKET_BENCHMARK,NOT_AVAILABLE,NOT_GOLDBET,12e8e6da001b8bfb5c283031ba27cacb1a3cac24209e818801ace5f782559505
d1e1f24dd65e2a428245890f,2. Bundesliga,2025/2026,HOLDOUT,2025-10-05,12:30,MATCH_KICKOFF_TIME_TIMEZONE_NOT_STATED_BY_SOURCE,,NOT_VERIFIED_DO_NOT_INFER,Greuther Furth,Hannover,2,2,D,EVALUATION_ONLY_JOIN_AFTER_PREMATCH_FEATURE_FREEZE,3.95,3.91,1.76,EXTERNAL_HISTORICAL_MARKET_BENCHMARK,NOT_AVAILABLE,NOT_GOLDBET,ea0099daba514187c1713ed772f75152109bd05af57d2c9331b28b90be67bd88
d27d524bba6aa0a191a2f608,2. Bundesliga,2025/2026,HOLDOUT,2025-10-05,12:30,MATCH_KICKOFF_TIME_TIMEZONE_NOT_STATED_BY_SOURCE,,NOT_VERIFIED_DO_NOT_INFER,Magdeburg,Elversberg,0,4,A,EVALUATION_ONLY_JOIN_AFTER_PREMATCH_FEATURE_FREEZE,2.48,3.7,2.47,EXTERNAL_HISTORICAL_MARKET_BENCHMARK,NOT_AVAILABLE,NOT_GOLDBET,f1414c1ba81455331cb36c4962c1f099cbaafe9be9fc36038b3bbcca0fa4eb35
da0c45f992ad59fe66f6d25b,2. Bundesliga,2025/2026,HOLDOUT,2025-10-17,17:30,MATCH_KICKOFF_TIME_TIMEZONE_NOT_STATED_BY_SOURCE,,NOT_VERIFIED_DO_NOT_INFER,Fortuna Dusseldorf,Braunschweig,1,2,A,EVALUATION_ONLY_JOIN_AFTER_PREMATCH_FEATURE_FREEZE,1.85,3.62,3.81,EXTERNAL_HISTORICAL_MARKET_BENCHMARK,NOT_AVAILABLE,NOT_GOLDBET,ca1f520c8fc5ec25a98838e18ded0ee9431a76be002b48f0e0866a35c580e2d8
4af4b312eaaf526c7b333821,2. Bundesliga,2025/2026,HOLDOUT,2025-10-17,17:30,MATCH_KICKOFF_TIME_TIMEZONE_NOT_STATED_BY_SOURCE,,NOT_VERIFIED_DO_NOT_INFER,Hannover,Schalke 04,0,3,A,EVALUATION_ONLY_JOIN_AFTER_PREMATCH_FEATURE_FREEZE,1.92,3.52,3.65,EXTERNAL_HISTORICAL_MARKET_BENCHMARK,NOT_AVAILABLE,NOT_GOLDBET,28dedd98b4dd98ed01fecca60f4d3c2908e5824e11e952995c1058c04fdcba47
24f853a929ea060ae0622d28,2. Bundesliga,2025/2026,HOLDOUT,2025-10-18,12:00,MATCH_KICKOFF_TIME_TIMEZONE_NOT_STATED_BY_SOURCE,,NOT_VERIFIED_DO_NOT_INFER,Karlsruhe,Kaiserslautern,2,3,A,EVALUATION_ONLY_JOIN_AFTER_PREMATCH_FEATURE_FREEZE,2.44,3.52,2.59,EXTERNAL_HISTORICAL_MARKET_BENCHMARK,NOT_AVAILABLE,NOT_GOLDBET,588b0fe9aa961ae015997cc4e4a8160345e02eba3f2ea63a41b34a186933d7c2
aadb1ae19534be04d9e5f2ea,2. Bundesliga,2025/2026,HOLDOUT,2025-10-18,12:00,MATCH_KICKOFF_TIME_TIMEZONE_NOT_STATED_BY_SOURCE,,NOT_VERIFIED_DO_NOT_INFER,Paderborn,Bielefeld,4,3,H,EVALUATION_ONLY_JOIN_AFTER_PREMATCH_FEATURE_FREEZE,1.68,3.81,4.57,EXTERNAL_HISTORICAL_MARKET_BENCHMARK,NOT_AVAILABLE,NOT_GOLDBET,c535fc1d7b41bffbaefaa23776e37f1d42f3ca514eac65c248d545e5876098bf
a41f6c626b7294054a837d45,2. Bundesliga,2025/2026,HOLDOUT,2025-10-18,12:00,MATCH_KICKOFF_TIME_TIMEZONE_NOT_STATED_BY_SOURCE,,NOT_VERIFIED_DO_NOT_INFER,Preußen Münster,Dresden,2,2,D,EVALUATION_ONLY_JOIN_AFTER_PREMATCH_FEATURE_FREEZE,2.29,3.57,2.75,EXTERNAL_HISTORICAL_MARKET_BENCHMARK,NOT_AVAILABLE,NOT_GOLDBET,8f5da6d9c2d58cf219ea0430fcb89f49ee66fc2b9bcd8d3411556a4a05837ad1
1b8256fb3fa455024f4faec9,2. Bundesliga,2025/2026,HOLDOUT,2025-10-18,19:30,MATCH_KICKOFF_TIME_TIMEZONE_NOT_STATED_BY_SOURCE,,NOT_VERIFIED_DO_NOT_INFER,Bochum,Hertha,3,2,H,EVALUATION_ONLY_JOIN_AFTER_PREMATCH_FEATURE_FREEZE,2.5,3.51,2.53,EXTERNAL_HISTORICAL_MARKET_BENCHMARK,NOT_AVAILABLE,NOT_GOLDBET,6b048f05fa1341de22694a7b239a5a2cd5a3d3ad97afe0d9e20431276c4d0d20
bbb0e098b6c8fe0f76d5702f,2. Bundesliga,2025/2026,HOLDOUT,2025-10-19,12:30,MATCH_KICKOFF_TIME_TIMEZONE_NOT_STATED_BY_SOURCE,,NOT_VERIFIED_DO_NOT_INFER,Darmstadt,Magdeburg,0,0,D,EVALUATION_ONLY_JOIN_AFTER_PREMATCH_FEATURE_FREEZE,1.77,3.78,3.98,EXTERNAL_HISTORICAL_MARKET_BENCHMARK,NOT_AVAILABLE,NOT_GOLDBET,218c14f9abb4c0cd2c1704a75c7de07e27b43d7e69129d72b3b380cec936ad2f
745feb7d185fc055902bc8d9,2. Bundesliga,2025/2026,HOLDOUT,2025-10-19,12:30,MATCH_KICKOFF_TIME_TIMEZONE_NOT_STATED_BY_SOURCE,,NOT_VERIFIED_DO_NOT_INFER,Elversberg,Greuther Furth,6,0,H,EVALUATION_ONLY_JOIN_AFTER_PREMATCH_FEATURE_FREEZE,1.49,4.54,5.43,EXTERNAL_HISTORICAL_MARKET_BENCHMARK,NOT_AVAILABLE,NOT_GOLDBET,4e246aab7fabb4e92bda2210731be28db919cf6a69e3a38ea5f4176f5dc264f7
6f7981ef1e3ea39011e79ee7,2. Bundesliga,2025/2026,HOLDOUT,2025-10-19,12:30,MATCH_KICKOFF_TIME_TIMEZONE_NOT_STATED_BY_SOURCE,,NOT_VERIFIED_DO_NOT_INFER,Nurnberg,Holstein Kiel,1,1,D,EVALUATION_ONLY_JOIN_AFTER_PREMATCH_FEATURE_FREEZE,2.47,3.41,2.61,EXTERNAL_HISTORICAL_MARKET_BENCHMARK,NOT_AVAILABLE,NOT_GOLDBET,65f966fc2e19af831c967f9d24aecc8264193edbaf15ad49f39613890012464c
54b689622033c3c6803efd7a,2. Bundesliga,2025/2026,HOLDOUT,2025-10-24,17:30,MATCH_KICKOFF_TIME_TIMEZONE_NOT_STATED_BY_SOURCE,,NOT_VERIFIED_DO_NOT_INFER,Greuther Furth,Karlsruhe,1,4,A,EVALUATION_ONLY_JOIN_AFTER_PREMATCH_FEATURE_FREEZE,3.14,3.72,2.03,EXTERNAL_HISTORICAL_MARKET_BENCHMARK,NOT_AVAILABLE,NOT_GOLDBET,fe64cb4a91019298df9c713a32bda8b3967b2760450705a48b79c59fe1ad2580
a9fbbce4df41c97347561f9e,2. Bundesliga,2025/2026,HOLDOUT,2025-10-24,17:30,MATCH_KICKOFF_TIME_TIMEZONE_NOT_STATED_BY_SOURCE,,NOT_VERIFIED_DO_NOT_INFER,Schalke 04,Darmstadt,1,0,H,EVALUATION_ONLY_JOIN_AFTER_PREMATCH_FEATURE_FREEZE,1.91,3.54,3.71,EXTERNAL_HISTORICAL_MARKET_BENCHMARK,NOT_AVAILABLE,NOT_GOLDBET,480cdb6f0c80a17038fe9419dc507c1edcc969515d442c6b49f7b97a97281745
b9cf0491fbfee7740475a8fb,2. Bundesliga,2025/2026,HOLDOUT,2025-10-25,12:00,MATCH_KICKOFF_TIME_TIMEZONE_NOT_STATED_BY_SOURCE,,NOT_VERIFIED_DO_NOT_INFER,Bielefeld,Elversberg,2,0,H,EVALUATION_ONLY_JOIN_AFTER_PREMATCH_FEATURE_FREEZE,2.88,3.64,2.2,EXTERNAL_HISTORICAL_MARKET_BENCHMARK,NOT_AVAILABLE,NOT_GOLDBET,dfe0cd03660f2a52ef77fb9377dabb87d14fa5d023853d204b2f8e3c120296d3
29e229c18791a2420c18f5aa,2. Bundesliga,2025/2026,HOLDOUT,2025-10-25,12:00,MATCH_KICKOFF_TIME_TIMEZONE_NOT_STATED_BY_SOURCE,,NOT_VERIFIED_DO_NOT_INFER,Dresden,Paderborn,1,2,A,EVALUATION_ONLY_JOIN_AFTER_PREMATCH_FEATURE_FREEZE,3.34,3.71,1.96,EXTERNAL_HISTORICAL_MARKET_BENCHMARK,NOT_AVAILABLE,NOT_GOLDBET,72415fb7dcfaf7b24c38fc547cb01e74c83ba5d1213c845e0a585984a3bc4381
1da7d1b3ba9af256eaa573ea,2. Bundesliga,2025/2026,HOLDOUT,2025-10-25,12:00,MATCH_KICKOFF_TIME_TIMEZONE_NOT_STATED_BY_SOURCE,,NOT_VERIFIED_DO_NOT_INFER,Holstein Kiel,Bochum,1,1,D,EVALUATION_ONLY_JOIN_AFTER_PREMATCH_FEATURE_FREEZE,1.86,3.77,3.64,EXTERNAL_HISTORICAL_MARKET_BENCHMARK,NOT_AVAILABLE,NOT_GOLDBET,4128113066d2fed7e80bf86e0768b7b9acd0b13ab10d94525456c2ef13ef22b3
b5a8db45a83184114ea15f61,2. Bundesliga,2025/2026,HOLDOUT,2025-10-25,19:30,MATCH_KICKOFF_TIME_TIMEZONE_NOT_STATED_BY_SOURCE,,NOT_VERIFIED_DO_NOT_INFER,Hertha,Fortuna Dusseldorf,1,0,H,EVALUATION_ONLY_JOIN_AFTER_PREMATCH_FEATURE_FREEZE,1.77,3.87,3.92,EXTERNAL_HISTORICAL_MARKET_BENCHMARK,NOT_AVAILABLE,NOT_GOLDBET,c062d4841b34fdcf19866a84b1997eea4281f7ce4fb6b05dcf61a8c8e893f279
e904c614284260a6fd7dd9d2,2. Bundesliga,2025/2026,HOLDOUT,2025-10-26,12:30,MATCH_KICKOFF_TIME_TIMEZONE_NOT_STATED_BY_SOURCE,,NOT_VERIFIED_DO_NOT_INFER,Braunschweig,Hannover,0,3,A,EVALUATION_ONLY_JOIN_AFTER_PREMATCH_FEATURE_FREEZE,3.61,3.46,1.95,EXTERNAL_HISTORICAL_MARKET_BENCHMARK,NOT_AVAILABLE,NOT_GOLDBET,7f17c6ff5c4ec0bc27243969b5cf0b575f9d2fe546bebb69c1b5dfe6afef92fe
7d1078b0f0187c315a28fdc7,2. Bundesliga,2025/2026,HOLDOUT,2025-10-26,12:30,MATCH_KICKOFF_TIME_TIMEZONE_NOT_STATED_BY_SOURCE,,NOT_VERIFIED_DO_NOT_INFER,Kaiserslautern,Nurnberg,1,1,D,EVALUATION_ONLY_JOIN_AFTER_PREMATCH_FEATURE_FREEZE,2.26,3.6,2.77,EXTERNAL_HISTORICAL_MARKET_BENCHMARK,NOT_AVAILABLE,NOT_GOLDBET,ebaafad96972697ba2f6fa3d0413f0a25d1f1bfd04a40177209ce35310a3020e
431af854d1696af8fc8e75a9,2. Bundesliga,2025/2026,HOLDOUT,2025-10-26,12:30,MATCH_KICKOFF_TIME_TIMEZONE_NOT_STATED_BY_SOURCE,,NOT_VERIFIED_DO_NOT_INFER,Magdeburg,Preußen Münster,2,0,H,EVALUATION_ONLY_JOIN_AFTER_PREMATCH_FEATURE_FREEZE,1.89,3.76,3.54,EXTERNAL_HISTORICAL_MARKET_BENCHMARK,NOT_AVAILABLE,NOT_GOLDBET,0cccf83bcc97d6841ba1a6462ff6699fe75d57b5753aa8092467e923ccdfa759
992e354a7941c544d9c41a68,2. Bundesliga,2025/2026,HOLDOUT,2025-10-31,17:30,MATCH_KICKOFF_TIME_TIMEZONE_NOT_STATED_BY_SOURCE,,NOT_VERIFIED_DO_NOT_INFER,Elversberg,Hannover,2,2,D,EVALUATION_ONLY_JOIN_AFTER_PREMATCH_FEATURE_FREEZE,2.28,3.67,2.71,EXTERNAL_HISTORICAL_MARKET_BENCHMARK,NOT_AVAILABLE,NOT_GOLDBET,a8d7481e5026249597a9a73094a9c39d95851e9aa16fd4e5e0f9023344c539e7
518fcaccf2895e6e8e68cd89,2. Bundesliga,2025/2026,HOLDOUT,2025-10-31,17:30,MATCH_KICKOFF_TIME_TIMEZONE_NOT_STATED_BY_SOURCE,,NOT_VERIFIED_DO_NOT_INFER,Preußen Münster,Holstein Kiel,2,1,H,EVALUATION_ONLY_JOIN_AFTER_PREMATCH_FEATURE_FREEZE,3.22,3.43,2.1,EXTERNAL_HISTORICAL_MARKET_BENCHMARK,NOT_AVAILABLE,NOT_GOLDBET,933cda86106ab17b8de387f73ac175bdc3e5bc917668a81458f5c29a40591a59
421fd5320d8b17ceb6acbb50,2. Bundesliga,2025/2026,HOLDOUT,2025-11-01,12:00,MATCH_KICKOFF_TIME_TIMEZONE_NOT_STATED_BY_SOURCE,,NOT_VERIFIED_DO_NOT_INFER,Hertha,Dresden,2,0,H,EVALUATION_ONLY_JOIN_AFTER_PREMATCH_FEATURE_FREEZE,1.69,3.86,4.4,EXTERNAL_HISTORICAL_MARKET_BENCHMARK,NOT_AVAILABLE,NOT_GOLDBET,fd294938659eb6656994ce304c5ae536c27148d71ae1ad423f6489c5230620e7
e1869107257f28d5b3123398,2. Bundesliga,2025/2026,HOLDOUT,2025-11-01,12:00,MATCH_KICKOFF_TIME_TIMEZONE_NOT_STATED_BY_SOURCE,,NOT_VERIFIED_DO_NOT_INFER,Karlsruhe,Schalke 04,2,1,H,EVALUATION_ONLY_JOIN_AFTER_PREMATCH_FEATURE_FREEZE,2.93,3.33,2.29,EXTERNAL_HISTORICAL_MARKET_BENCHMARK,NOT_AVAILABLE,NOT_GOLDBET,f82610c3ae11b44eb6cce26f457d6ee6529ce6f060ed5be1201066d1bd5f4f5b
bba75b4dda97f9391c96d9af,2. Bundesliga,2025/2026,HOLDOUT,2025-11-01,12:00,MATCH_KICKOFF_TIME_TIMEZONE_NOT_STATED_BY_SOURCE,,NOT_VERIFIED_DO_NOT_INFER,Nurnberg,Braunschweig,2,1,H,EVALUATION_ONLY_JOIN_AFTER_PREMATCH_FEATURE_FREEZE,1.67,3.84,4.56,EXTERNAL_HISTORICAL_MARKET_BENCHMARK,NOT_AVAILABLE,NOT_GOLDBET,0c9749aaf43508cbcd7925786ab9d0f926fae327b9dda7c5dfe95d472fbf18e0
64faf2ffea6c92c3a130e06f,2. Bundesliga,2025/2026,HOLDOUT,2025-11-01,19:30,MATCH_KICKOFF_TIME_TIMEZONE_NOT_STATED_BY_SOURCE,,NOT_VERIFIED_DO_NOT_INFER,Darmstadt,Bielefeld,2,2,D,EVALUATION_ONLY_JOIN_AFTER_PREMATCH_FEATURE_FREEZE,2.01,3.65,3.26,EXTERNAL_HISTORICAL_MARKET_BENCHMARK,NOT_AVAILABLE,NOT_GOLDBET,d9f172cbc3cbeef57c43ff1d7c67a2ac00da594d2b2fad9ad0ea5fec2c186df1
266fc1119cfdf2bc9ffffcf2,2. Bundesliga,2025/2026,HOLDOUT,2025-11-02,12:30,MATCH_KICKOFF_TIME_TIMEZONE_NOT_STATED_BY_SOURCE,,NOT_VERIFIED_DO_NOT_INFER,Bochum,Magdeburg,2,0,H,EVALUATION_ONLY_JOIN_AFTER_PREMATCH_FEATURE_FREEZE,2.23,3.61,2.84,EXTERNAL_HISTORICAL_MARKET_BENCHMARK,NOT_AVAILABLE,NOT_GOLDBET,60f53d51d6dd96890195a902dc7b67b44734a5f230d9d9976c7f3ab79eafabcf
6d6fc0b7fd71622960bfd970,2. Bundesliga,2025/2026,HOLDOUT,2025-11-02,12:30,MATCH_KICKOFF_TIME_TIMEZONE_NOT_STATED_BY_SOURCE,,NOT_VERIFIED_DO_NOT_INFER,Fortuna Dusseldorf,Kaiserslautern,1,1,D,EVALUATION_ONLY_JOIN_AFTER_PREMATCH_FEATURE_FREEZE,2.45,3.59,2.55,EXTERNAL_HISTORICAL_MARKET_BENCHMARK,NOT_AVAILABLE,NOT_GOLDBET,6f4ffea34a2eb1b0060cf56b2aa7563f5a7dbe39caaae7134987b5093fce32c6
30127e731e7f3f7d7df6a0be,2. Bundesliga,2025/2026,HOLDOUT,2025-11-02,12:30,MATCH_KICKOFF_TIME_TIMEZONE_NOT_STATED_BY_SOURCE,,NOT_VERIFIED_DO_NOT_INFER,Paderborn,Greuther Furth,2,1,H,EVALUATION_ONLY_JOIN_AFTER_PREMATCH_FEATURE_FREEZE,1.33,5.12,7.58,EXTERNAL_HISTORICAL_MARKET_BENCHMARK,NOT_AVAILABLE,NOT_GOLDBET,76a1141cca8e7c3d5576dc00e73f27e5fc9c1247680932ed853cad0e4cfcb864
8355f9506bda3ee42f88b10c,2. Bundesliga,2025/2026,HOLDOUT,2025-11-07,17:30,MATCH_KICKOFF_TIME_TIMEZONE_NOT_STATED_BY_SOURCE,,NOT_VERIFIED_DO_NOT_INFER,Dresden,Nurnberg,1,2,A,EVALUATION_ONLY_JOIN_AFTER_PREMATCH_FEATURE_FREEZE,2.5,3.5,2.53,EXTERNAL_HISTORICAL_MARKET_BENCHMARK,NOT_AVAILABLE,NOT_GOLDBET,3ef41f35912e2151ee63481c53db4ecbd3f8e76dbfc77405adde8ae6711e32be
f1d66ac34004b18f747b95b6,2. Bundesliga,2025/2026,HOLDOUT,2025-11-07,17:30,MATCH_KICKOFF_TIME_TIMEZONE_NOT_STATED_BY_SOURCE,,NOT_VERIFIED_DO_NOT_INFER,Greuther Furth,Preußen Münster,1,0,H,EVALUATION_ONLY_JOIN_AFTER_PREMATCH_FEATURE_FREEZE,2.52,3.45,2.54,EXTERNAL_HISTORICAL_MARKET_BENCHMARK,NOT_AVAILABLE,NOT_GOLDBET,0a7dde1ccb372442db84e33236cc593d331378f41cb897c149b9c93968c5505f
5f248cc7235cabbdb392b1d5,2. Bundesliga,2025/2026,HOLDOUT,2025-11-08,12:00,MATCH_KICKOFF_TIME_TIMEZONE_NOT_STATED_BY_SOURCE,,NOT_VERIFIED_DO_NOT_INFER,Bielefeld,Karlsruhe,4,0,H,EVALUATION_ONLY_JOIN_AFTER_PREMATCH_FEATURE_FREEZE,1.99,3.68,3.26,EXTERNAL_HISTORICAL_MARKET_BENCHMARK,NOT_AVAILABLE,NOT_GOLDBET,1d29cdde0874e259917f12ceefd9b7f16d438466fd1254751d7bb84bb0d8cb92
c9fe9462c1704b13b443cdfa,2. Bundesliga,2025/2026,HOLDOUT,2025-11-08,12:00,MATCH_KICKOFF_TIME_TIMEZONE_NOT_STATED_BY_SOURCE,,NOT_VERIFIED_DO_NOT_INFER,Hannover,Darmstadt,2,3,A,EVALUATION_ONLY_JOIN_AFTER_PREMATCH_FEATURE_FREEZE,2.09,3.42,3.25,EXTERNAL_HISTORICAL_MARKET_BENCHMARK,NOT_AVAILABLE,NOT_GOLDBET,c5cad7e0ea05925e3ae19165a0338b72e18283afea3cbf50be7e263b8f6d7f82
e6839a37aa4acc8697b75c0c,2. Bundesliga,2025/2026,HOLDOUT,2025-11-08,12:00,MATCH_KICKOFF_TIME_TIMEZONE_NOT_STATED_BY_SOURCE,,NOT_VERIFIED_DO_NOT_INFER,Schalke 04,Elversberg,1,0,H,EVALUATION_ONLY_JOIN_AFTER_PREMATCH_FEATURE_FREEZE,2.59,3.15,2.67,EXTERNAL_HISTORICAL_MARKET_BENCHMARK,NOT_AVAILABLE,NOT_GOLDBET,d64a216a8725bc3e07f24ed54956d4e9faffdea6dce383b142b2b6313dbaec4e
8e5d5dfd2bcbea4ebc3f5ddb,2. Bundesliga,2025/2026,HOLDOUT,2025-11-08,19:30,MATCH_KICKOFF_TIME_TIMEZONE_NOT_STATED_BY_SOURCE,,NOT_VERIFIED_DO_NOT_INFER,Kaiserslautern,Hertha,0,1,A,EVALUATION_ONLY_JOIN_AFTER_PREMATCH_FEATURE_FREEZE,2.3,3.52,2.77,EXTERNAL_HISTORICAL_MARKET_BENCHMARK,NOT_AVAILABLE,NOT_GOLDBET,8b11c31001698a952593392dc39ea6f36188914d7d731f5c28d02b5d65356c8a
ada90e4bcf8001bb36f2b772,2. Bundesliga,2025/2026,HOLDOUT,2025-11-09,12:30,MATCH_KICKOFF_TIME_TIMEZONE_NOT_STATED_BY_SOURCE,,NOT_VERIFIED_DO_NOT_INFER,Braunschweig,Bochum,0,2,A,EVALUATION_ONLY_JOIN_AFTER_PREMATCH_FEATURE_FREEZE,2.95,3.49,2.2,EXTERNAL_HISTORICAL_MARKET_BENCHMARK,NOT_AVAILABLE,NOT_GOLDBET,ceb8bdc81b2d0288c798b0c7ef1aaeffe8bbf0b725620f67431c217f9ffe3f81
f9674a21979cce70bed224a7,2. Bundesliga,2025/2026,HOLDOUT,2025-11-09,12:30,MATCH_KICKOFF_TIME_TIMEZONE_NOT_STATED_BY_SOURCE,,NOT_VERIFIED_DO_NOT_INFER,Holstein Kiel,Fortuna Dusseldorf,1,0,H,EVALUATION_ONLY_JOIN_AFTER_PREMATCH_FEATURE_FREEZE,1.75,3.82,4.1,EXTERNAL_HISTORICAL_MARKET_BENCHMARK,NOT_AVAILABLE,NOT_GOLDBET,e9a9b1b93af55af239f778211865a3d16d4029a73e4407c1e1a1f6c69f301f3e
fb20e07c9c1a3e9b707c08e4,2. Bundesliga,2025/2026,HOLDOUT,2025-11-09,12:30,MATCH_KICKOFF_TIME_TIMEZONE_NOT_STATED_BY_SOURCE,,NOT_VERIFIED_DO_NOT_INFER,Magdeburg,Paderborn,0,1,A,EVALUATION_ONLY_JOIN_AFTER_PREMATCH_FEATURE_FREEZE,3.66,3.77,1.85,EXTERNAL_HISTORICAL_MARKET_BENCHMARK,NOT_AVAILABLE,NOT_GOLDBET,2b463fbfd9b1dce1a3c96ad2d355692ccfbc1b2f266aaffd23de6bf670e3dbe3
161d0d7e19e766626f8cf81d,2. Bundesliga,2025/2026,HOLDOUT,2025-11-21,17:30,MATCH_KICKOFF_TIME_TIMEZONE_NOT_STATED_BY_SOURCE,,NOT_VERIFIED_DO_NOT_INFER,Bochum,Dresden,1,2,A,EVALUATION_ONLY_JOIN_AFTER_PREMATCH_FEATURE_FREEZE,1.89,3.61,3.68,EXTERNAL_HISTORICAL_MARKET_BENCHMARK,NOT_AVAILABLE,NOT_GOLDBET,94f58767e38b677a1b7124fe6c5ff829f23cfb2b14adbdb19bb58e06bfa64fcd
6b58da0b806e96d610204894,2. Bundesliga,2025/2026,HOLDOUT,2025-11-21,17:30,MATCH_KICKOFF_TIME_TIMEZONE_NOT_STATED_BY_SOURCE,,NOT_VERIFIED_DO_NOT_INFER,Hertha,Braunschweig,1,0,H,EVALUATION_ONLY_JOIN_AFTER_PREMATCH_FEATURE_FREEZE,1.56,3.92,5.51,EXTERNAL_HISTORICAL_MARKET_BENCHMARK,NOT_AVAILABLE,NOT_GOLDBET,d92dbddb2e5fec2a0f5bc1060ed783887dad3f64d03754b0c5fdae0539c9dc5a
44237029fa35808f108df0f8,2. Bundesliga,2025/2026,HOLDOUT,2025-11-22,12:00,MATCH_KICKOFF_TIME_TIMEZONE_NOT_STATED_BY_SOURCE,,NOT_VERIFIED_DO_NOT_INFER,Fortuna Dusseldorf,Magdeburg,2,1,H,EVALUATION_ONLY_JOIN_AFTER_PREMATCH_FEATURE_FREEZE,2.11,3.65,3,EXTERNAL_HISTORICAL_MARKET_BENCHMARK,NOT_AVAILABLE,NOT_GOLDBET,e987450ce6ea026449a3142df07cd9e2cdbff35a049e1deb528ad74345012241
860abdfbf101d1e2410984bc,2. Bundesliga,2025/2026,HOLDOUT,2025-11-22,12:00,MATCH_KICKOFF_TIME_TIMEZONE_NOT_STATED_BY_SOURCE,,NOT_VERIFIED_DO_NOT_INFER,Paderborn,Hannover,0,2,A,EVALUATION_ONLY_JOIN_AFTER_PREMATCH_FEATURE_FREEZE,2.13,3.51,3.07,EXTERNAL_HISTORICAL_MARKET_BENCHMARK,NOT_AVAILABLE,NOT_GOLDBET,2158624ccd7dd8ed9289745f166a35042e9f887e2eef577bb50c10765526dc1f
387a0540c999776976d81c0b,2. Bundesliga,2025/2026,HOLDOUT,2025-11-22,12:00,MATCH_KICKOFF_TIME_TIMEZONE_NOT_STATED_BY_SOURCE,,NOT_VERIFIED_DO_NOT_INFER,Preußen Münster,Schalke 04,0,0,D,EVALUATION_ONLY_JOIN_AFTER_PREMATCH_FEATURE_FREEZE,3.19,3.2,2.2,EXTERNAL_HISTORICAL_MARKET_BENCHMARK,NOT_AVAILABLE,NOT_GOLDBET,3f834850c0ecffba83d3aa83fcf62823b2020cc020043369b451f89a7073698b
a9f8138026964ad8786cb030,2. Bundesliga,2025/2026,HOLDOUT,2025-11-22,19:30,MATCH_KICKOFF_TIME_TIMEZONE_NOT_STATED_BY_SOURCE,,NOT_VERIFIED_DO_NOT_INFER,Darmstadt,Greuther Furth,4,2,H,EVALUATION_ONLY_JOIN_AFTER_PREMATCH_FEATURE_FREEZE,1.51,4.33,5.35,EXTERNAL_HISTORICAL_MARKET_BENCHMARK,NOT_AVAILABLE,NOT_GOLDBET,6f4f73b4a5b1016598bee5de06554f81fe384828a8c05486a48e0671c378032b
5bf9c4c486b943ae399d8bc9,2. Bundesliga,2025/2026,HOLDOUT,2025-11-23,12:30,MATCH_KICKOFF_TIME_TIMEZONE_NOT_STATED_BY_SOURCE,,NOT_VERIFIED_DO_NOT_INFER,Kaiserslautern,Holstein Kiel,4,1,H,EVALUATION_ONLY_JOIN_AFTER_PREMATCH_FEATURE_FREEZE,2.32,3.44,2.81,EXTERNAL_HISTORICAL_MARKET_BENCHMARK,NOT_AVAILABLE,NOT_GOLDBET,ec43b6d2f99344ccc330e7788d7379cc348deb6eb4aa24a5f453293b978a9424
80c95c8fe2b922e32e48c1fc,2. Bundesliga,2025/2026,HOLDOUT,2025-11-23,12:30,MATCH_KICKOFF_TIME_TIMEZONE_NOT_STATED_BY_SOURCE,,NOT_VERIFIED_DO_NOT_INFER,Karlsruhe,Elversberg,2,3,A,EVALUATION_ONLY_JOIN_AFTER_PREMATCH_FEATURE_FREEZE,3.17,3.42,2.12,EXTERNAL_HISTORICAL_MARKET_BENCHMARK,NOT_AVAILABLE,NOT_GOLDBET,e932aae6f53bc4d1a766799e9858eab670f9ec53a9080ed1092c865d1e1ac197
e1992830afd0f8d53304ee39,2. Bundesliga,2025/2026,HOLDOUT,2025-11-23,12:30,MATCH_KICKOFF_TIME_TIMEZONE_NOT_STATED_BY_SOURCE,,NOT_VERIFIED_DO_NOT_INFER,Nurnberg,Bielefeld,2,0,H,EVALUATION_ONLY_JOIN_AFTER_PREMATCH_FEATURE_FREEZE,2.26,3.51,2.84,EXTERNAL_HISTORICAL_MARKET_BENCHMARK,NOT_AVAILABLE,NOT_GOLDBET,f3eb781f45897cc787f4194c2d19dc3e5abf20dbafa2ee68f8bb7430b6c0bd29
b587de1f9fee0bd9f6cdd720,2. Bundesliga,2025/2026,HOLDOUT,2025-11-28,17:30,MATCH_KICKOFF_TIME_TIMEZONE_NOT_STATED_BY_SOURCE,,NOT_VERIFIED_DO_NOT_INFER,Hannover,Karlsruhe,3,0,H,EVALUATION_ONLY_JOIN_AFTER_PREMATCH_FEATURE_FREEZE,1.42,4.72,6,EXTERNAL_HISTORICAL_MARKET_BENCHMARK,NOT_AVAILABLE,NOT_GOLDBET,41218a3f1007bfbaab1a652e6b1895057693591ecf48f05d9c672587631abcab
a1f5e21e5038b877c4aa2bed,2. Bundesliga,2025/2026,HOLDOUT,2025-11-28,17:30,MATCH_KICKOFF_TIME_TIMEZONE_NOT_STATED_BY_SOURCE,,NOT_VERIFIED_DO_NOT_INFER,Schalke 04,Paderborn,2,1,H,EVALUATION_ONLY_JOIN_AFTER_PREMATCH_FEATURE_FREEZE,2.48,3.13,2.81,EXTERNAL_HISTORICAL_MARKET_BENCHMARK,NOT_AVAILABLE,NOT_GOLDBET,273dc44ba7e751fa803e439206717d370c6a63afdb130b65f5f1eaf1e00fc849
edda623c928f4f60e0590134,2. Bundesliga,2025/2026,HOLDOUT,2025-11-29,12:00,MATCH_KICKOFF_TIME_TIMEZONE_NOT_STATED_BY_SOURCE,,NOT_VERIFIED_DO_NOT_INFER,Braunschweig,Kaiserslautern,2,0,H,EVALUATION_ONLY_JOIN_AFTER_PREMATCH_FEATURE_FREEZE,3.07,3.46,2.15,EXTERNAL_HISTORICAL_MARKET_BENCHMARK,NOT_AVAILABLE,NOT_GOLDBET,ed0faf5e5f4cf2151041deb09def640c27d60458300ecbba14c9daa8af81e4d4
0bcc2f7101ffa3b7e9aa0cae,2. Bundesliga,2025/2026,HOLDOUT,2025-11-29,12:00,MATCH_KICKOFF_TIME_TIMEZONE_NOT_STATED_BY_SOURCE,,NOT_VERIFIED_DO_NOT_INFER,Greuther Furth,Bochum,0,3,A,EVALUATION_ONLY_JOIN_AFTER_PREMATCH_FEATURE_FREEZE,3.03,3.6,2.12,EXTERNAL_HISTORICAL_MARKET_BENCHMARK,NOT_AVAILABLE,NOT_GOLDBET,fcfb65d5a26503acecf86365e664a9e713c834b2bfd00d4f105c5639dd7887f0
889403b347a7c819c77f55cf,2. Bundesliga,2025/2026,HOLDOUT,2025-11-29,12:00,MATCH_KICKOFF_TIME_TIMEZONE_NOT_STATED_BY_SOURCE,,NOT_VERIFIED_DO_NOT_INFER,Holstein Kiel,Hertha,0,1,A,EVALUATION_ONLY_JOIN_AFTER_PREMATCH_FEATURE_FREEZE,2.3,3.48,2.81,EXTERNAL_HISTORICAL_MARKET_BENCHMARK,NOT_AVAILABLE,NOT_GOLDBET,3617d82b4751f7d15aeaeb6979d06bd54c6d49e456525b082783f3e597b40f3d
9f9e3f9772aa3c249baf0eb2,2. Bundesliga,2025/2026,HOLDOUT,2025-11-29,19:30,MATCH_KICKOFF_TIME_TIMEZONE_NOT_STATED_BY_SOURCE,,NOT_VERIFIED_DO_NOT_INFER,Magdeburg,Nurnberg,3,0,H,EVALUATION_ONLY_JOIN_AFTER_PREMATCH_FEATURE_FREEZE,2.17,3.59,2.93,EXTERNAL_HISTORICAL_MARKET_BENCHMARK,NOT_AVAILABLE,NOT_GOLDBET,9300f8c46faa23400c3447b5201105c58b577fe530accf2aa5075d6c0f506d31
7a5a0558ab36ed3ba8b63457,2. Bundesliga,2025/2026,HOLDOUT,2025-11-30,12:30,MATCH_KICKOFF_TIME_TIMEZONE_NOT_STATED_BY_SOURCE,,NOT_VERIFIED_DO_NOT_INFER,Bielefeld,Preußen Münster,1,2,A,EVALUATION_ONLY_JOIN_AFTER_PREMATCH_FEATURE_FREEZE,1.71,3.8,4.34,EXTERNAL_HISTORICAL_MARKET_BENCHMARK,NOT_AVAILABLE,NOT_GOLDBET,556fd2d8213f8a219ebe85f7182edf8d7d2f7f1d54536d22a116563a03df6074
52870b6dc2fe29b92e8e7872,2. Bundesliga,2025/2026,HOLDOUT,2025-11-30,12:30,MATCH_KICKOFF_TIME_TIMEZONE_NOT_STATED_BY_SOURCE,,NOT_VERIFIED_DO_NOT_INFER,Dresden,Fortuna Dusseldorf,2,1,H,EVALUATION_ONLY_JOIN_AFTER_PREMATCH_FEATURE_FREEZE,2.24,3.42,2.96,EXTERNAL_HISTORICAL_MARKET_BENCHMARK,NOT_AVAILABLE,NOT_GOLDBET,d6d676b6a5c056f6b15ce5db5f7e4df425b0dd37407df121f576a313767737b4
080a4b114c6297bf88248080,2. Bundesliga,2025/2026,HOLDOUT,2025-11-30,12:30,MATCH_KICKOFF_TIME_TIMEZONE_NOT_STATED_BY_SOURCE,,NOT_VERIFIED_DO_NOT_INFER,Elversberg,Darmstadt,0,0,D,EVALUATION_ONLY_JOIN_AFTER_PREMATCH_FEATURE_FREEZE,1.86,3.68,3.71,EXTERNAL_HISTORICAL_MARKET_BENCHMARK,NOT_AVAILABLE,NOT_GOLDBET,a551089a59fe4f7e1ae4a605363826501d196446d7011bb29177dd07eeacaf8a
5fd5b0285478e1865a8c7898,2. Bundesliga,2025/2026,HOLDOUT,2025-12-05,17:30,MATCH_KICKOFF_TIME_TIMEZONE_NOT_STATED_BY_SOURCE,,NOT_VERIFIED_DO_NOT_INFER,Fortuna Dusseldorf,Schalke 04,0,2,A,EVALUATION_ONLY_JOIN_AFTER_PREMATCH_FEATURE_FREEZE,3.18,3.33,2.16,EXTERNAL_HISTORICAL_MARKET_BENCHMARK,NOT_AVAILABLE,NOT_GOLDBET,4b7d10d242dd89fe673ebbb388423d604a89d16e54f2cef13054170eb50c654c
b4e3bdf35281c90fc7575605,2. Bundesliga,2025/2026,HOLDOUT,2025-12-05,17:30,MATCH_KICKOFF_TIME_TIMEZONE_NOT_STATED_BY_SOURCE,,NOT_VERIFIED_DO_NOT_INFER,Preußen Münster,Hannover,2,2,D,EVALUATION_ONLY_JOIN_AFTER_PREMATCH_FEATURE_FREEZE,4.13,3.77,1.76,EXTERNAL_HISTORICAL_MARKET_BENCHMARK,NOT_AVAILABLE,NOT_GOLDBET,24af36519435852069a30b5c91daeedb5bd91fe44edc157ebfa949b717607d94
98c5eaea7475893a26c4f228,2. Bundesliga,2025/2026,HOLDOUT,2025-12-06,12:00,MATCH_KICKOFF_TIME_TIMEZONE_NOT_STATED_BY_SOURCE,,NOT_VERIFIED_DO_NOT_INFER,Bochum,Bielefeld,1,0,H,EVALUATION_ONLY_JOIN_AFTER_PREMATCH_FEATURE_FREEZE,2.44,3.38,2.69,EXTERNAL_HISTORICAL_MARKET_BENCHMARK,NOT_AVAILABLE,NOT_GOLDBET,5fb98bf363c84b2bda0d9729d30489ac0191df12c8b4e572c6594932008ecb72
2cd033cd2fd69450c7333186,2. Bundesliga,2025/2026,HOLDOUT,2025-12-06,12:00,MATCH_KICKOFF_TIME_TIMEZONE_NOT_STATED_BY_SOURCE,,NOT_VERIFIED_DO_NOT_INFER,Kaiserslautern,Dresden,3,1,H,EVALUATION_ONLY_JOIN_AFTER_PREMATCH_FEATURE_FREEZE,2.01,3.63,3.27,EXTERNAL_HISTORICAL_MARKET_BENCHMARK,NOT_AVAILABLE,NOT_GOLDBET,c542478935af2f31a96c1741a831ed92b38ae1b0d84ec05611fc6705c95993c5
4e7e23d960bdc5d2a0dc933b,2. Bundesliga,2025/2026,HOLDOUT,2025-12-06,12:00,MATCH_KICKOFF_TIME_TIMEZONE_NOT_STATED_BY_SOURCE,,NOT_VERIFIED_DO_NOT_INFER,Paderborn,Elversberg,1,2,A,EVALUATION_ONLY_JOIN_AFTER_PREMATCH_FEATURE_FREEZE,2.46,3.44,2.62,EXTERNAL_HISTORICAL_MARKET_BENCHMARK,NOT_AVAILABLE,NOT_GOLDBET,9c9e69ce18e7613e843b23f8acaf85a13da2f765c69ffc5b54dc54ad689be02a
ab7b6f132834f7983ec6cb72,2. Bundesliga,2025/2026,HOLDOUT,2025-12-06,19:30,MATCH_KICKOFF_TIME_TIMEZONE_NOT_STATED_BY_SOURCE,,NOT_VERIFIED_DO_NOT_INFER,Darmstadt,Karlsruhe,3,2,H,EVALUATION_ONLY_JOIN_AFTER_PREMATCH_FEATURE_FREEZE,1.69,3.96,4.3,EXTERNAL_HISTORICAL_MARKET_BENCHMARK,NOT_AVAILABLE,NOT_GOLDBET,1e1cec542e0ec387ed278e35352eac9ceae9fc8ec4ef22a8ccc5f8b381f40b15
5070af18601868109dfc28cc,2. Bundesliga,2025/2026,HOLDOUT,2025-12-07,12:30,MATCH_KICKOFF_TIME_TIMEZONE_NOT_STATED_BY_SOURCE,,NOT_VERIFIED_DO_NOT_INFER,Braunschweig,Holstein Kiel,1,1,D,EVALUATION_ONLY_JOIN_AFTER_PREMATCH_FEATURE_FREEZE,2.6,3.3,2.56,EXTERNAL_HISTORICAL_MARKET_BENCHMARK,NOT_AVAILABLE,NOT_GOLDBET,252257827e1fc9c7461bc09f218294f38ad4761d06ad77b442530297b7c40621
2db5b8f09c72e2fe15ebb599,2. Bundesliga,2025/2026,HOLDOUT,2025-12-07,12:30,MATCH_KICKOFF_TIME_TIMEZONE_NOT_STATED_BY_SOURCE,,NOT_VERIFIED_DO_NOT_INFER,Hertha,Magdeburg,0,2,A,EVALUATION_ONLY_JOIN_AFTER_PREMATCH_FEATURE_FREEZE,1.72,3.89,4.19,EXTERNAL_HISTORICAL_MARKET_BENCHMARK,NOT_AVAILABLE,NOT_GOLDBET,1a56c550848917c2d192ed31d51ba99367ac966c85e61f12d8744e994f69abeb
5e1a17ffd0b10c8789f8ed54,2. Bundesliga,2025/2026,HOLDOUT,2025-12-07,12:30,MATCH_KICKOFF_TIME_TIMEZONE_NOT_STATED_BY_SOURCE,,NOT_VERIFIED_DO_NOT_INFER,Nurnberg,Greuther Furth,2,2,D,EVALUATION_ONLY_JOIN_AFTER_PREMATCH_FEATURE_FREEZE,1.71,3.84,4.32,EXTERNAL_HISTORICAL_MARKET_BENCHMARK,NOT_AVAILABLE,NOT_GOLDBET,252fb68d7a2c1381a75b70a57cd5e10dd4a1b0c75cbb2c9758f9901972baf315
83f3cca208fbd79a44372d45,2. Bundesliga,2025/2026,HOLDOUT,2025-12-12,17:30,MATCH_KICKOFF_TIME_TIMEZONE_NOT_STATED_BY_SOURCE,,NOT_VERIFIED_DO_NOT_INFER,Dresden,Braunschweig,2,3,A,EVALUATION_ONLY_JOIN_AFTER_PREMATCH_FEATURE_FREEZE,2.21,3.2,3.18,EXTERNAL_HISTORICAL_MARKET_BENCHMARK,NOT_AVAILABLE,NOT_GOLDBET,606df5d96998505708679f6d3637fa4463e66be411ca27c7076ccdaba4ea7cdd
d7b04cea960e89391535f0c5,2. Bundesliga,2025/2026,HOLDOUT,2025-12-12,17:30,MATCH_KICKOFF_TIME_TIMEZONE_NOT_STATED_BY_SOURCE,,NOT_VERIFIED_DO_NOT_INFER,Greuther Furth,Hertha,3,3,D,EVALUATION_ONLY_JOIN_AFTER_PREMATCH_FEATURE_FREEZE,3.81,3.66,1.83,EXTERNAL_HISTORICAL_MARKET_BENCHMARK,NOT_AVAILABLE,NOT_GOLDBET,294ac2775a7d6a7e846e2bb2e4b5f95a0079a265af5173a14139b62876d45083
df75ff08d1c971c0533ae344,2. Bundesliga,2025/2026,HOLDOUT,2025-12-13,12:00,MATCH_KICKOFF_TIME_TIMEZONE_NOT_STATED_BY_SOURCE,,NOT_VERIFIED_DO_NOT_INFER,Bielefeld,Kaiserslautern,0,0,D,EVALUATION_ONLY_JOIN_AFTER_PREMATCH_FEATURE_FREEZE,2.05,3.51,3.26,EXTERNAL_HISTORICAL_MARKET_BENCHMARK,NOT_AVAILABLE,NOT_GOLDBET,1cc84733c127a8002ef37e91c7f3d984e6b7d8655318bb87bf4c7534053d76ce
94fe865b5217a42aafb15b0f,2. Bundesliga,2025/2026,HOLDOUT,2025-12-13,12:00,MATCH_KICKOFF_TIME_TIMEZONE_NOT_STATED_BY_SOURCE,,NOT_VERIFIED_DO_NOT_INFER,Karlsruhe,Paderborn,0,4,A,EVALUATION_ONLY_JOIN_AFTER_PREMATCH_FEATURE_FREEZE,3.32,3.56,2.01,EXTERNAL_HISTORICAL_MARKET_BENCHMARK,NOT_AVAILABLE,NOT_GOLDBET,6569545f58ba506dd3f77bf004b8bfa9133d947b47cc7c01301d84546f9cdd88
9a9987c7d4e006665aeae590,2. Bundesliga,2025/2026,HOLDOUT,2025-12-13,12:00,MATCH_KICKOFF_TIME_TIMEZONE_NOT_STATED_BY_SOURCE,,NOT_VERIFIED_DO_NOT_INFER,Magdeburg,Holstein Kiel,3,3,D,EVALUATION_ONLY_JOIN_AFTER_PREMATCH_FEATURE_FREEZE,2.06,3.53,3.21,EXTERNAL_HISTORICAL_MARKET_BENCHMARK,NOT_AVAILABLE,NOT_GOLDBET,1aa69ce632424b85797c212e7685cb6d90097bbf62eff95d3da62363529d231d
2b4c39f743ca78bf8d2ac467,2. Bundesliga,2025/2026,HOLDOUT,2025-12-13,19:30,MATCH_KICKOFF_TIME_TIMEZONE_NOT_STATED_BY_SOURCE,,NOT_VERIFIED_DO_NOT_INFER,Hannover,Bochum,0,0,D,EVALUATION_ONLY_JOIN_AFTER_PREMATCH_FEATURE_FREEZE,1.8,3.58,4.12,EXTERNAL_HISTORICAL_MARKET_BENCHMARK,NOT_AVAILABLE,NOT_GOLDBET,709fea3a14bb6caa2d02839df5de8971a703bfd98caed94dad89536e77aec541
b0cdc5031176c88d2c1008c9,2. Bundesliga,2025/2026,HOLDOUT,2025-12-14,12:30,MATCH_KICKOFF_TIME_TIMEZONE_NOT_STATED_BY_SOURCE,,NOT_VERIFIED_DO_NOT_INFER,Darmstadt,Preußen Münster,1,0,H,EVALUATION_ONLY_JOIN_AFTER_PREMATCH_FEATURE_FREEZE,1.81,3.53,4.13,EXTERNAL_HISTORICAL_MARKET_BENCHMARK,NOT_AVAILABLE,NOT_GOLDBET,5da0603129ed34cbca7a2f44aab3f17c131c7cafcbb3f6de538f8b947cbcc7c7
bcb16b5ef4591a772feafc21,2. Bundesliga,2025/2026,HOLDOUT,2025-12-14,12:30,MATCH_KICKOFF_TIME_TIMEZONE_NOT_STATED_BY_SOURCE,,NOT_VERIFIED_DO_NOT_INFER,Elversberg,Fortuna Dusseldorf,1,0,H,EVALUATION_ONLY_JOIN_AFTER_PREMATCH_FEATURE_FREEZE,1.54,4.27,5.11,EXTERNAL_HISTORICAL_MARKET_BENCHMARK,NOT_AVAILABLE,NOT_GOLDBET,a851a2c7aa14b5c6d503912578baecaa67f5fa0f15867cabba30a0c4f4114516
800910b1a13b1422cf146dc7,2. Bundesliga,2025/2026,HOLDOUT,2025-12-14,12:30,MATCH_KICKOFF_TIME_TIMEZONE_NOT_STATED_BY_SOURCE,,NOT_VERIFIED_DO_NOT_INFER,Schalke 04,Nurnberg,1,0,H,EVALUATION_ONLY_JOIN_AFTER_PREMATCH_FEATURE_FREEZE,1.84,3.53,3.98,EXTERNAL_HISTORICAL_MARKET_BENCHMARK,NOT_AVAILABLE,NOT_GOLDBET,b7217435ec27f7756f48bad8f0b426920227aee1e3aee802c31a22cb48fd5c3a
4e337199d8cfdb0afbbba0ae,2. Bundesliga,2025/2026,HOLDOUT,2025-12-19,17:30,MATCH_KICKOFF_TIME_TIMEZONE_NOT_STATED_BY_SOURCE,,NOT_VERIFIED_DO_NOT_INFER,Hertha,Bielefeld,1,1,D,EVALUATION_ONLY_JOIN_AFTER_PREMATCH_FEATURE_FREEZE,1.96,3.34,3.71,EXTERNAL_HISTORICAL_MARKET_BENCHMARK,NOT_AVAILABLE,NOT_GOLDBET,ba21209089354d9ad3529c7bc5b6d345d1c304465107395f564721c0fe880e42
461d3eb95c5f7849b956b7f7,2. Bundesliga,2025/2026,HOLDOUT,2025-12-19,17:30,MATCH_KICKOFF_TIME_TIMEZONE_NOT_STATED_BY_SOURCE,,NOT_VERIFIED_DO_NOT_INFER,Paderborn,Darmstadt,2,2,D,EVALUATION_ONLY_JOIN_AFTER_PREMATCH_FEATURE_FREEZE,2.02,3.53,3.32,EXTERNAL_HISTORICAL_MARKET_BENCHMARK,NOT_AVAILABLE,NOT_GOLDBET,b01acc8946e078a75f2c7b195f272a1259acf252a432e2b3c63feb3d0e2836cf
43b21c628d61d93beb681716,2. Bundesliga,2025/2026,HOLDOUT,2025-12-20,12:00,MATCH_KICKOFF_TIME_TIMEZONE_NOT_STATED_BY_SOURCE,,NOT_VERIFIED_DO_NOT_INFER,Bochum,Karlsruhe,2,2,D,EVALUATION_ONLY_JOIN_AFTER_PREMATCH_FEATURE_FREEZE,1.59,4.11,4.89,EXTERNAL_HISTORICAL_MARKET_BENCHMARK,NOT_AVAILABLE,NOT_GOLDBET,ec45b13eefde053316f8052219879533dcdbaebab83cd44b704e007103df72ab
664bcdf49232419b063380c7,2. Bundesliga,2025/2026,HOLDOUT,2025-12-20,12:00,MATCH_KICKOFF_TIME_TIMEZONE_NOT_STATED_BY_SOURCE,,NOT_VERIFIED_DO_NOT_INFER,Fortuna Dusseldorf,Greuther Furth,2,1,H,EVALUATION_ONLY_JOIN_AFTER_PREMATCH_FEATURE_FREEZE,1.77,3.83,3.93,EXTERNAL_HISTORICAL_MARKET_BENCHMARK,NOT_AVAILABLE,NOT_GOLDBET,741120a5d9991726e4dfc28a657b1aa3ad0eb383a22f90f684124c852287e47b
10f7c18cf7371dfc726846be,2. Bundesliga,2025/2026,HOLDOUT,2025-12-20,12:00,MATCH_KICKOFF_TIME_TIMEZONE_NOT_STATED_BY_SOURCE,,NOT_VERIFIED_DO_NOT_INFER,Kaiserslautern,Magdeburg,2,3,A,EVALUATION_ONLY_JOIN_AFTER_PREMATCH_FEATURE_FREEZE,2.29,3.62,2.74,EXTERNAL_HISTORICAL_MARKET_BENCHMARK,NOT_AVAILABLE,NOT_GOLDBET,dd202df7f8c0bc942cd586efd7360f454cd6931047e9142559882fb7e8a22eb8
80f38f73735972a40dd344ed,2. Bundesliga,2025/2026,HOLDOUT,2025-12-20,19:30,MATCH_KICKOFF_TIME_TIMEZONE_NOT_STATED_BY_SOURCE,,NOT_VERIFIED_DO_NOT_INFER,Holstein Kiel,Dresden,2,1,H,EVALUATION_ONLY_JOIN_AFTER_PREMATCH_FEATURE_FREEZE,2.03,3.44,3.42,EXTERNAL_HISTORICAL_MARKET_BENCHMARK,NOT_AVAILABLE,NOT_GOLDBET,7f7fbfe1f4327ab8d7483f16dbc84392787f39410973a71ac301bebeb1f371ee
afe5fc0b9392000baff8142f,2. Bundesliga,2025/2026,HOLDOUT,2025-12-21,12:30,MATCH_KICKOFF_TIME_TIMEZONE_NOT_STATED_BY_SOURCE,,NOT_VERIFIED_DO_NOT_INFER,Braunschweig,Schalke 04,2,1,H,EVALUATION_ONLY_JOIN_AFTER_PREMATCH_FEATURE_FREEZE,2.99,3.24,2.29,EXTERNAL_HISTORICAL_MARKET_BENCHMARK,NOT_AVAILABLE,NOT_GOLDBET,a126e47504c4af656e825ea19fb09605defaf56f0b42a4a04aacd3d0bdbe0b29
7071f5fd270200f9cc7ef950,2. Bundesliga,2025/2026,HOLDOUT,2025-12-21,12:30,MATCH_KICKOFF_TIME_TIMEZONE_NOT_STATED_BY_SOURCE,,NOT_VERIFIED_DO_NOT_INFER,Nurnberg,Hannover,2,1,H,EVALUATION_ONLY_JOIN_AFTER_PREMATCH_FEATURE_FREEZE,3.39,3.49,2,EXTERNAL_HISTORICAL_MARKET_BENCHMARK,NOT_AVAILABLE,NOT_GOLDBET,500c4b326e34ec037a99cad2cbd36d52e6e15c27b8f7400f85d0b09ad24a3e49
7361a71fece68989f070f214,2. Bundesliga,2025/2026,HOLDOUT,2025-12-21,12:30,MATCH_KICKOFF_TIME_TIMEZONE_NOT_STATED_BY_SOURCE,,NOT_VERIFIED_DO_NOT_INFER,Preußen Münster,Elversberg,1,1,D,EVALUATION_ONLY_JOIN_AFTER_PREMATCH_FEATURE_FREEZE,3.06,3.36,2.2,EXTERNAL_HISTORICAL_MARKET_BENCHMARK,NOT_AVAILABLE,NOT_GOLDBET,362abf6518ae9de70c17997c248e9831c019e84edabdc66a76c782e87547f891
10662b099d53fb47f7ab8de3,2. Bundesliga,2025/2026,HOLDOUT,2026-01-16,17:30,MATCH_KICKOFF_TIME_TIMEZONE_NOT_STATED_BY_SOURCE,,NOT_VERIFIED_DO_NOT_INFER,Braunschweig,Magdeburg,0,3,A,EVALUATION_ONLY_JOIN_AFTER_PREMATCH_FEATURE_FREEZE,2.9,3.55,2.2,EXTERNAL_HISTORICAL_MARKET_BENCHMARK,NOT_AVAILABLE,NOT_GOLDBET,c283fc0b30e6441897e6ac2569d1ffeb41cde00d1ada7179c72058d37b60891c
4e94e8987a94d250645ed48b,2. Bundesliga,2025/2026,HOLDOUT,2026-01-16,17:30,MATCH_KICKOFF_TIME_TIMEZONE_NOT_STATED_BY_SOURCE,,NOT_VERIFIED_DO_NOT_INFER,Fortuna Dusseldorf,Bielefeld,1,0,H,EVALUATION_ONLY_JOIN_AFTER_PREMATCH_FEATURE_FREEZE,2.47,3.36,2.65,EXTERNAL_HISTORICAL_MARKET_BENCHMARK,NOT_AVAILABLE,NOT_GOLDBET,9fc0aae6bcf0719f7b47f1d8904f86295dde0c23f05f052ee39008434fdd96cf
9ab8cc47b3343debc9d0f831,2. Bundesliga,2025/2026,HOLDOUT,2026-01-17,12:00,MATCH_KICKOFF_TIME_TIMEZONE_NOT_STATED_BY_SOURCE,,NOT_VERIFIED_DO_NOT_INFER,Dresden,Greuther Furth,2,0,H,EVALUATION_ONLY_JOIN_AFTER_PREMATCH_FEATURE_FREEZE,1.89,3.63,3.63,EXTERNAL_HISTORICAL_MARKET_BENCHMARK,NOT_AVAILABLE,NOT_GOLDBET,ae1de1ad3dab35b3f14e609ec88cf5b4f6a3e0d127a881a590e30b8c9327fa17
da8af12b32dcb3502c8f7abc,2. Bundesliga,2025/2026,HOLDOUT,2026-01-17,12:00,MATCH_KICKOFF_TIME_TIMEZONE_NOT_STATED_BY_SOURCE,,NOT_VERIFIED_DO_NOT_INFER,Nurnberg,Elversberg,3,2,H,EVALUATION_ONLY_JOIN_AFTER_PREMATCH_FEATURE_FREEZE,2.52,3.31,2.63,EXTERNAL_HISTORICAL_MARKET_BENCHMARK,NOT_AVAILABLE,NOT_GOLDBET,34d2902764abc55ac49d4331cc5a644d678c4a5d3767aae8c0fcee00968363fd
6d71bd9178f07d8122ce728b,2. Bundesliga,2025/2026,HOLDOUT,2026-01-17,12:00,MATCH_KICKOFF_TIME_TIMEZONE_NOT_STATED_BY_SOURCE,,NOT_VERIFIED_DO_NOT_INFER,Preußen Münster,Karlsruhe,0,2,A,EVALUATION_ONLY_JOIN_AFTER_PREMATCH_FEATURE_FREEZE,1.82,3.65,3.92,EXTERNAL_HISTORICAL_MARKET_BENCHMARK,NOT_AVAILABLE,NOT_GOLDBET,f22ef030a548e1c082c665b558a49498a3fd747681e25f645a6ce786ab819793
209c9027d29a8fbf49140beb,2. Bundesliga,2025/2026,HOLDOUT,2026-01-17,19:30,MATCH_KICKOFF_TIME_TIMEZONE_NOT_STATED_BY_SOURCE,,NOT_VERIFIED_DO_NOT_INFER,Hertha,Schalke 04,0,0,D,EVALUATION_ONLY_JOIN_AFTER_PREMATCH_FEATURE_FREEZE,2.48,3.13,2.79,EXTERNAL_HISTORICAL_MARKET_BENCHMARK,NOT_AVAILABLE,NOT_GOLDBET,fdc8a6c167746f92b09c8af8e72c7c4d9aa43485fafc8f5b5456e1f95980fe50
921fb8af4628f091c7ac0042,2. Bundesliga,2025/2026,HOLDOUT,2026-01-18,12:30,MATCH_KICKOFF_TIME_TIMEZONE_NOT_STATED_BY_SOURCE,,NOT_VERIFIED_DO_NOT_INFER,Bochum,Darmstadt,3,3,D,EVALUATION_ONLY_JOIN_AFTER_PREMATCH_FEATURE_FREEZE,2.43,3.29,2.72,EXTERNAL_HISTORICAL_MARKET_BENCHMARK,NOT_AVAILABLE,NOT_GOLDBET,2db391a604515755f613f76fa41b23eb8633437437b640dbeb85cc7086a8e367
4e12a2ecae5f42b2111426be,2. Bundesliga,2025/2026,HOLDOUT,2026-01-18,12:30,MATCH_KICKOFF_TIME_TIMEZONE_NOT_STATED_BY_SOURCE,,NOT_VERIFIED_DO_NOT_INFER,Holstein Kiel,Paderborn,2,0,H,EVALUATION_ONLY_JOIN_AFTER_PREMATCH_FEATURE_FREEZE,2.94,3.34,2.26,EXTERNAL_HISTORICAL_MARKET_BENCHMARK,NOT_AVAILABLE,NOT_GOLDBET,ae7ee60c3ca81f7e895bd56aad2c3e9a809cc229805612eaf28b8b79512a0905
2917b60c7cc2faced315969a,2. Bundesliga,2025/2026,HOLDOUT,2026-01-18,12:30,MATCH_KICKOFF_TIME_TIMEZONE_NOT_STATED_BY_SOURCE,,NOT_VERIFIED_DO_NOT_INFER,Kaiserslautern,Hannover,3,1,H,EVALUATION_ONLY_JOIN_AFTER_PREMATCH_FEATURE_FREEZE,2.97,3.48,2.2,EXTERNAL_HISTORICAL_MARKET_BENCHMARK,NOT_AVAILABLE,NOT_GOLDBET,99e5f565ec21d2cb87ef7b4db1c9bf22c2562857fd94cac98d5ba8b523f6cb0e
56d21c56cf7b5962c971d5b5,2. Bundesliga,2025/2026,HOLDOUT,2026-01-23,17:30,MATCH_KICKOFF_TIME_TIMEZONE_NOT_STATED_BY_SOURCE,,NOT_VERIFIED_DO_NOT_INFER,Bielefeld,Holstein Kiel,2,2,D,EVALUATION_ONLY_JOIN_AFTER_PREMATCH_FEATURE_FREEZE,2.28,3.21,3.05,EXTERNAL_HISTORICAL_MARKET_BENCHMARK,NOT_AVAILABLE,NOT_GOLDBET,93117ccbfc73cce367e154dca6da5237fa73e06514dbba980afe49afdaa9303a
e56724327d07d4de1e40e10c,2. Bundesliga,2025/2026,HOLDOUT,2026-01-23,17:30,MATCH_KICKOFF_TIME_TIMEZONE_NOT_STATED_BY_SOURCE,,NOT_VERIFIED_DO_NOT_INFER,Darmstadt,Nurnberg,2,0,H,EVALUATION_ONLY_JOIN_AFTER_PREMATCH_FEATURE_FREEZE,1.92,3.51,3.68,EXTERNAL_HISTORICAL_MARKET_BENCHMARK,NOT_AVAILABLE,NOT_GOLDBET,e984c9a8a6956efc7539ccf6bbbea75b3c5f9b089a104bb1e344f03db26c405b
ef02ecb40c0f1f31666028ec,2. Bundesliga,2025/2026,HOLDOUT,2026-01-24,12:00,MATCH_KICKOFF_TIME_TIMEZONE_NOT_STATED_BY_SOURCE,,NOT_VERIFIED_DO_NOT_INFER,Greuther Furth,Braunschweig,0,0,D,EVALUATION_ONLY_JOIN_AFTER_PREMATCH_FEATURE_FREEZE,2.77,3.28,2.44,EXTERNAL_HISTORICAL_MARKET_BENCHMARK,NOT_AVAILABLE,NOT_GOLDBET,9f2a408b25cc9586251b3d33928b35289348a0cce29fedc5147391de9da9813e
937c576b5aab236cb3adbc22,2. Bundesliga,2025/2026,HOLDOUT,2026-01-24,12:00,MATCH_KICKOFF_TIME_TIMEZONE_NOT_STATED_BY_SOURCE,,NOT_VERIFIED_DO_NOT_INFER,Hannover,Fortuna Dusseldorf,2,1,H,EVALUATION_ONLY_JOIN_AFTER_PREMATCH_FEATURE_FREEZE,1.73,3.8,4.3,EXTERNAL_HISTORICAL_MARKET_BENCHMARK,NOT_AVAILABLE,NOT_GOLDBET,576d8a8f66233db9eb29d3948c9745845831cd4beccdb34ddf7af58ddfc1a521
7ec8e5eef7494757d6844b48,2. Bundesliga,2025/2026,HOLDOUT,2026-01-24,12:00,MATCH_KICKOFF_TIME_TIMEZONE_NOT_STATED_BY_SOURCE,,NOT_VERIFIED_DO_NOT_INFER,Karlsruhe,Hertha,2,2,D,EVALUATION_ONLY_JOIN_AFTER_PREMATCH_FEATURE_FREEZE,3.36,3.66,1.96,EXTERNAL_HISTORICAL_MARKET_BENCHMARK,NOT_AVAILABLE,NOT_GOLDBET,a8b216879638ae1bc0d3ce581005171bd2d114459c142d424f74f8b562cb6b81
229dc4c6486b844e62250a3d,2. Bundesliga,2025/2026,HOLDOUT,2026-01-24,19:30,MATCH_KICKOFF_TIME_TIMEZONE_NOT_STATED_BY_SOURCE,,NOT_VERIFIED_DO_NOT_INFER,Magdeburg,Dresden,1,2,A,EVALUATION_ONLY_JOIN_AFTER_PREMATCH_FEATURE_FREEZE,1.67,3.89,4.53,EXTERNAL_HISTORICAL_MARKET_BENCHMARK,NOT_AVAILABLE,NOT_GOLDBET,b51acfc53896c84f899391c1901d041af0515293e768caf31776462479a1b820
8fd09683618bf0a70dd95842,2. Bundesliga,2025/2026,HOLDOUT,2026-01-25,12:30,MATCH_KICKOFF_TIME_TIMEZONE_NOT_STATED_BY_SOURCE,,NOT_VERIFIED_DO_NOT_INFER,Elversberg,Bochum,1,1,D,EVALUATION_ONLY_JOIN_AFTER_PREMATCH_FEATURE_FREEZE,1.94,3.53,3.59,EXTERNAL_HISTORICAL_MARKET_BENCHMARK,NOT_AVAILABLE,NOT_GOLDBET,99ec7ac8f1468f837fc518f1c0ab4572e8cae01a529151992b58a00871f8c89e
d109f24f6490cee8e6e1cc0b,2. Bundesliga,2025/2026,HOLDOUT,2026-01-25,12:30,MATCH_KICKOFF_TIME_TIMEZONE_NOT_STATED_BY_SOURCE,,NOT_VERIFIED_DO_NOT_INFER,Paderborn,Preußen Münster,2,1,H,EVALUATION_ONLY_JOIN_AFTER_PREMATCH_FEATURE_FREEZE,1.65,3.75,4.9,EXTERNAL_HISTORICAL_MARKET_BENCHMARK,NOT_AVAILABLE,NOT_GOLDBET,97c54c9af882d44d74a815630f44e78a607b720fe16e2c5dcb2bde57f2db2a8d
5a12d8c33d2e729cacbc40fc,2. Bundesliga,2025/2026,HOLDOUT,2026-01-25,12:30,MATCH_KICKOFF_TIME_TIMEZONE_NOT_STATED_BY_SOURCE,,NOT_VERIFIED_DO_NOT_INFER,Schalke 04,Kaiserslautern,2,2,D,EVALUATION_ONLY_JOIN_AFTER_PREMATCH_FEATURE_FREEZE,1.96,3.31,3.78,EXTERNAL_HISTORICAL_MARKET_BENCHMARK,NOT_AVAILABLE,NOT_GOLDBET,ba68fec14303d42cf331f473f6b16a181c03984e9b83a6ea298ec3b843a73a02
3bcdde4209b51ccd79519de2,2. Bundesliga,2025/2026,HOLDOUT,2026-01-30,17:30,MATCH_KICKOFF_TIME_TIMEZONE_NOT_STATED_BY_SOURCE,,NOT_VERIFIED_DO_NOT_INFER,Magdeburg,Hannover,1,2,A,EVALUATION_ONLY_JOIN_AFTER_PREMATCH_FEATURE_FREEZE,2.53,3.48,2.54,EXTERNAL_HISTORICAL_MARKET_BENCHMARK,NOT_AVAILABLE,NOT_GOLDBET,0e4a5c84831eca2d54947d44bd9da140100c9ddb32add55381dc6b1f4b93a5d8
ec5fc013e5f05f9d155c1b58,2. Bundesliga,2025/2026,HOLDOUT,2026-01-30,17:30,MATCH_KICKOFF_TIME_TIMEZONE_NOT_STATED_BY_SOURCE,,NOT_VERIFIED_DO_NOT_INFER,Nurnberg,Preußen Münster,1,1,D,EVALUATION_ONLY_JOIN_AFTER_PREMATCH_FEATURE_FREEZE,2.11,3.36,3.3,EXTERNAL_HISTORICAL_MARKET_BENCHMARK,NOT_AVAILABLE,NOT_GOLDBET,5cfe3725f662574cade493327df838c3c7ea956450416f1eb49f769a4f1101d7
2ba4e35c782e775373700bc1,2. Bundesliga,2025/2026,HOLDOUT,2026-01-31,12:00,MATCH_KICKOFF_TIME_TIMEZONE_NOT_STATED_BY_SOURCE,,NOT_VERIFIED_DO_NOT_INFER,Bochum,Schalke 04,2,0,H,EVALUATION_ONLY_JOIN_AFTER_PREMATCH_FEATURE_FREEZE,2.28,3.19,3.09,EXTERNAL_HISTORICAL_MARKET_BENCHMARK,NOT_AVAILABLE,NOT_GOLDBET,377fc5bceb6dcf1daf4f15ffa22e6ffeae30b21f790a8b9caf803ef288d4ac00
becb1c76698fe8de4183c88b,2. Bundesliga,2025/2026,HOLDOUT,2026-01-31,12:00,MATCH_KICKOFF_TIME_TIMEZONE_NOT_STATED_BY_SOURCE,,NOT_VERIFIED_DO_NOT_INFER,Braunschweig,Karlsruhe,1,0,H,EVALUATION_ONLY_JOIN_AFTER_PREMATCH_FEATURE_FREEZE,2.03,3.51,3.33,EXTERNAL_HISTORICAL_MARKET_BENCHMARK,NOT_AVAILABLE,NOT_GOLDBET,6b5c5d17214df7eeb67a77adf574acc669a7b8684103e232a2cbb0aab892d893
c3b47ae9e8bab4dfc01449e7,2. Bundesliga,2025/2026,HOLDOUT,2026-01-31,12:00,MATCH_KICKOFF_TIME_TIMEZONE_NOT_STATED_BY_SOURCE,,NOT_VERIFIED_DO_NOT_INFER,Holstein Kiel,Greuther Furth,1,2,A,EVALUATION_ONLY_JOIN_AFTER_PREMATCH_FEATURE_FREEZE,1.65,3.85,4.75,EXTERNAL_HISTORICAL_MARKET_BENCHMARK,NOT_AVAILABLE,NOT_GOLDBET,c92fce5a6fbe0d34feadc1b182b21831052fae711c4290aa2e6ab92cd5c25365
1158e954b31e03429bf8ccb0,2. Bundesliga,2025/2026,HOLDOUT,2026-01-31,19:30,MATCH_KICKOFF_TIME_TIMEZONE_NOT_STATED_BY_SOURCE,,NOT_VERIFIED_DO_NOT_INFER,Kaiserslautern,Elversberg,1,3,A,EVALUATION_ONLY_JOIN_AFTER_PREMATCH_FEATURE_FREEZE,2.87,3.48,2.28,EXTERNAL_HISTORICAL_MARKET_BENCHMARK,NOT_AVAILABLE,NOT_GOLDBET,672b58eaf87423380a862f922102ccaa4edb08f899fb05f40d5f707e728eb9b6
6e3e821f16b0403fe501c459,2. Bundesliga,2025/2026,HOLDOUT,2026-02-01,12:30,MATCH_KICKOFF_TIME_TIMEZONE_NOT_STATED_BY_SOURCE,,NOT_VERIFIED_DO_NOT_INFER,Dresden,Bielefeld,1,1,D,EVALUATION_ONLY_JOIN_AFTER_PREMATCH_FEATURE_FREEZE,2.58,3.26,2.62,EXTERNAL_HISTORICAL_MARKET_BENCHMARK,NOT_AVAILABLE,NOT_GOLDBET,3bc5e582612ce5cda11a0ed7f4f550e836a844936c197bc1d0ef85e34fb641a3
f89683b5023effd7638be05c,2. Bundesliga,2025/2026,HOLDOUT,2026-02-01,12:30,MATCH_KICKOFF_TIME_TIMEZONE_NOT_STATED_BY_SOURCE,,NOT_VERIFIED_DO_NOT_INFER,Fortuna Dusseldorf,Paderborn,2,1,H,EVALUATION_ONLY_JOIN_AFTER_PREMATCH_FEATURE_FREEZE,2.85,3.42,2.31,EXTERNAL_HISTORICAL_MARKET_BENCHMARK,NOT_AVAILABLE,NOT_GOLDBET,80b4a336bf66546f3d5dd991b6ca3caeb7fbf31968e6ac801958921fa2c6eac8
9943f0067e5caa3da78a9a41,2. Bundesliga,2025/2026,HOLDOUT,2026-02-01,12:30,MATCH_KICKOFF_TIME_TIMEZONE_NOT_STATED_BY_SOURCE,,NOT_VERIFIED_DO_NOT_INFER,Hertha,Darmstadt,2,2,D,EVALUATION_ONLY_JOIN_AFTER_PREMATCH_FEATURE_FREEZE,2.12,3.46,3.18,EXTERNAL_HISTORICAL_MARKET_BENCHMARK,NOT_AVAILABLE,NOT_GOLDBET,f15196e45f11a1005bbc965cedd84737401318afa18d559b31a7edf0941ee70a
6bedb50094901f09c6e6405d,2. Bundesliga,2025/2026,HOLDOUT,2026-02-06,17:30,MATCH_KICKOFF_TIME_TIMEZONE_NOT_STATED_BY_SOURCE,,NOT_VERIFIED_DO_NOT_INFER,Greuther Furth,Magdeburg,4,5,A,EVALUATION_ONLY_JOIN_AFTER_PREMATCH_FEATURE_FREEZE,4.22,3.89,1.72,EXTERNAL_HISTORICAL_MARKET_BENCHMARK,NOT_AVAILABLE,NOT_GOLDBET,0abec0629ddb68d5200c192d2658918a9da6ca143e8f7f428e7cbdb05bd549c8
20023e6b336c0940414bab71,2. Bundesliga,2025/2026,HOLDOUT,2026-02-06,17:30,MATCH_KICKOFF_TIME_TIMEZONE_NOT_STATED_BY_SOURCE,,NOT_VERIFIED_DO_NOT_INFER,Preußen Münster,Bochum,1,1,D,EVALUATION_ONLY_JOIN_AFTER_PREMATCH_FEATURE_FREEZE,2.58,3.25,2.63,EXTERNAL_HISTORICAL_MARKET_BENCHMARK,NOT_AVAILABLE,NOT_GOLDBET,c4a643600b2cefcb1b21a05944111cae5b3e9f405618b59966230b5e85720559
31602da80171748c54dc33dd,2. Bundesliga,2025/2026,HOLDOUT,2026-02-07,12:00,MATCH_KICKOFF_TIME_TIMEZONE_NOT_STATED_BY_SOURCE,,NOT_VERIFIED_DO_NOT_INFER,Elversberg,Hertha,0,3,A,EVALUATION_ONLY_JOIN_AFTER_PREMATCH_FEATURE_FREEZE,2.11,3.53,3.14,EXTERNAL_HISTORICAL_MARKET_BENCHMARK,NOT_AVAILABLE,NOT_GOLDBET,fa975e757274787c2b2146c88683b55cf6bb1c14f07179ad65bcd0dbe1049fe9
4944d2c2cf8a7b78b3e6c73b,2. Bundesliga,2025/2026,HOLDOUT,2026-02-07,12:00,MATCH_KICKOFF_TIME_TIMEZONE_NOT_STATED_BY_SOURCE,,NOT_VERIFIED_DO_NOT_INFER,Paderborn,Nurnberg,2,1,H,EVALUATION_ONLY_JOIN_AFTER_PREMATCH_FEATURE_FREEZE,1.91,3.61,3.63,EXTERNAL_HISTORICAL_MARKET_BENCHMARK,NOT_AVAILABLE,NOT_GOLDBET,4dc96b0b807c88f6be7a6df6ea4fc9c00406de76ccddc59e8a436fc8fb47f9ab
aa7263fdbb6c8cf8362ba9ef,2. Bundesliga,2025/2026,HOLDOUT,2026-02-07,12:00,MATCH_KICKOFF_TIME_TIMEZONE_NOT_STATED_BY_SOURCE,,NOT_VERIFIED_DO_NOT_INFER,Schalke 04,Dresden,2,2,D,EVALUATION_ONLY_JOIN_AFTER_PREMATCH_FEATURE_FREEZE,1.81,3.53,4.21,EXTERNAL_HISTORICAL_MARKET_BENCHMARK,NOT_AVAILABLE,NOT_GOLDBET,b5c77233ec914e24e71b515fc91e84b50e78c08bec00a6cc428cdcdb6af787f9
ad07be8e86c4ad3cb74cca32,2. Bundesliga,2025/2026,HOLDOUT,2026-02-07,19:30,MATCH_KICKOFF_TIME_TIMEZONE_NOT_STATED_BY_SOURCE,,NOT_VERIFIED_DO_NOT_INFER,Darmstadt,Kaiserslautern,4,0,H,EVALUATION_ONLY_JOIN_AFTER_PREMATCH_FEATURE_FREEZE,2.02,3.45,3.47,EXTERNAL_HISTORICAL_MARKET_BENCHMARK,NOT_AVAILABLE,NOT_GOLDBET,b318289b6fdb4ea50b2261ee9a9c23eed2b73da43d79105e8814614ce358b165
f924c71cadcc8dbe0c967c2a,2. Bundesliga,2025/2026,HOLDOUT,2026-02-08,12:30,MATCH_KICKOFF_TIME_TIMEZONE_NOT_STATED_BY_SOURCE,,NOT_VERIFIED_DO_NOT_INFER,Bielefeld,Braunschweig,3,2,H,EVALUATION_ONLY_JOIN_AFTER_PREMATCH_FEATURE_FREEZE,1.81,3.48,4.25,EXTERNAL_HISTORICAL_MARKET_BENCHMARK,NOT_AVAILABLE,NOT_GOLDBET,73f8466972fa62f041d0bd97805b5e55622cd15b2561a04bda2462883c249b32
96ff6a32ecd3737aac1a2265,2. Bundesliga,2025/2026,HOLDOUT,2026-02-08,12:30,MATCH_KICKOFF_TIME_TIMEZONE_NOT_STATED_BY_SOURCE,,NOT_VERIFIED_DO_NOT_INFER,Hannover,Holstein Kiel,3,1,H,EVALUATION_ONLY_JOIN_AFTER_PREMATCH_FEATURE_FREEZE,1.58,3.78,5.57,EXTERNAL_HISTORICAL_MARKET_BENCHMARK,NOT_AVAILABLE,NOT_GOLDBET,74bb9e2e746adc6d5e7e38ebea168dc2b15e2d32d26c0cf64f3ccd6ec8f22c64
52d99ebcb28f9cc0657da787,2. Bundesliga,2025/2026,HOLDOUT,2026-02-08,12:30,MATCH_KICKOFF_TIME_TIMEZONE_NOT_STATED_BY_SOURCE,,NOT_VERIFIED_DO_NOT_INFER,Karlsruhe,Fortuna Dusseldorf,1,1,D,EVALUATION_ONLY_JOIN_AFTER_PREMATCH_FEATURE_FREEZE,3.32,3.64,2,EXTERNAL_HISTORICAL_MARKET_BENCHMARK,NOT_AVAILABLE,NOT_GOLDBET,4f4e86ef64cff7c6912fc2faffd11116671d4e0652ff8336589aa2c127678377
3c91c972a6f9791ce0beecb6,2. Bundesliga,2025/2026,HOLDOUT,2026-02-13,17:30,MATCH_KICKOFF_TIME_TIMEZONE_NOT_STATED_BY_SOURCE,,NOT_VERIFIED_DO_NOT_INFER,Fortuna Dusseldorf,Preußen Münster,0,0,D,EVALUATION_ONLY_JOIN_AFTER_PREMATCH_FEATURE_FREEZE,1.88,3.49,3.87,EXTERNAL_HISTORICAL_MARKET_BENCHMARK,NOT_AVAILABLE,NOT_GOLDBET,8706c2a2ec0482e76dc148d49c44dc9fdff6a4a740b5809e1566bdb90ca50976
7739955ac5758a3a2ad6b9e8,2. Bundesliga,2025/2026,HOLDOUT,2026-02-13,17:30,MATCH_KICKOFF_TIME_TIMEZONE_NOT_STATED_BY_SOURCE,,NOT_VERIFIED_DO_NOT_INFER,Nurnberg,Karlsruhe,5,1,H,EVALUATION_ONLY_JOIN_AFTER_PREMATCH_FEATURE_FREEZE,1.71,3.93,4.22,EXTERNAL_HISTORICAL_MARKET_BENCHMARK,NOT_AVAILABLE,NOT_GOLDBET,43aa0e069f4859dcf741c6418af3a7ed4cdade66fd7adcef581f91cc0d406427
93e3a49d6b3af6e732a1b5b3,2. Bundesliga,2025/2026,HOLDOUT,2026-02-14,12:00,MATCH_KICKOFF_TIME_TIMEZONE_NOT_STATED_BY_SOURCE,,NOT_VERIFIED_DO_NOT_INFER,Braunschweig,Darmstadt,2,2,D,EVALUATION_ONLY_JOIN_AFTER_PREMATCH_FEATURE_FREEZE,3.2,3.28,2.16,EXTERNAL_HISTORICAL_MARKET_BENCHMARK,NOT_AVAILABLE,NOT_GOLDBET,efa4e330a355f5e26118014ecdeecc53400631fa6cdaa9dabc59cfb09c844f02
94cc91a435a1c476c4d084f8,2. Bundesliga,2025/2026,HOLDOUT,2026-02-14,12:00,MATCH_KICKOFF_TIME_TIMEZONE_NOT_STATED_BY_SOURCE,,NOT_VERIFIED_DO_NOT_INFER,Hertha,Hannover,2,3,A,EVALUATION_ONLY_JOIN_AFTER_PREMATCH_FEATURE_FREEZE,2.81,3.44,2.31,EXTERNAL_HISTORICAL_MARKET_BENCHMARK,NOT_AVAILABLE,NOT_GOLDBET,38814f6e52fa4c4bdf46831fa0f9d538f793c2bbea5376e52cd733ab0d304831
f78bc0b058e6321c756c1d09,2. Bundesliga,2025/2026,HOLDOUT,2026-02-14,12:00,MATCH_KICKOFF_TIME_TIMEZONE_NOT_STATED_BY_SOURCE,,NOT_VERIFIED_DO_NOT_INFER,Kaiserslautern,Greuther Furth,1,0,H,EVALUATION_ONLY_JOIN_AFTER_PREMATCH_FEATURE_FREEZE,1.67,3.91,4.48,EXTERNAL_HISTORICAL_MARKET_BENCHMARK,NOT_AVAILABLE,NOT_GOLDBET,fd8d60507987ed7fcae750944ee8b8cdcbe90337922afe2eeb0d9e16c3b7ab14
dcffaa55988fab4a79128e43,2. Bundesliga,2025/2026,HOLDOUT,2026-02-14,19:30,MATCH_KICKOFF_TIME_TIMEZONE_NOT_STATED_BY_SOURCE,,NOT_VERIFIED_DO_NOT_INFER,Dresden,Elversberg,1,2,A,EVALUATION_ONLY_JOIN_AFTER_PREMATCH_FEATURE_FREEZE,3.13,3.43,2.15,EXTERNAL_HISTORICAL_MARKET_BENCHMARK,NOT_AVAILABLE,NOT_GOLDBET,f19ff6d890c5e7fff8b29ef2ead6cf114f73be9678db31a5ca451d80380cd79b
cbbd647a5d1d9e46cdfe7456,2. Bundesliga,2025/2026,HOLDOUT,2026-02-15,12:30,MATCH_KICKOFF_TIME_TIMEZONE_NOT_STATED_BY_SOURCE,,NOT_VERIFIED_DO_NOT_INFER,Bochum,Paderborn,0,0,D,EVALUATION_ONLY_JOIN_AFTER_PREMATCH_FEATURE_FREEZE,2.66,3.31,2.5,EXTERNAL_HISTORICAL_MARKET_BENCHMARK,NOT_AVAILABLE,NOT_GOLDBET,4da8f998f43a56e1851193009e6eb04e206d85f7e625589cf57a4c762f9a97ee
7cce3afc1af9d1ce83cbda69,2. Bundesliga,2025/2026,HOLDOUT,2026-02-15,12:30,MATCH_KICKOFF_TIME_TIMEZONE_NOT_STATED_BY_SOURCE,,NOT_VERIFIED_DO_NOT_INFER,Holstein Kiel,Schalke 04,1,2,A,EVALUATION_ONLY_JOIN_AFTER_PREMATCH_FEATURE_FREEZE,2.93,3.18,2.37,EXTERNAL_HISTORICAL_MARKET_BENCHMARK,NOT_AVAILABLE,NOT_GOLDBET,4e1d231f2bbd14163c4222b5b9f3de35d1ecbb75c6d3251bd0d4dc438d257bf9
31e9ca27b8cee050b516e63a,2. Bundesliga,2025/2026,HOLDOUT,2026-02-15,12:30,MATCH_KICKOFF_TIME_TIMEZONE_NOT_STATED_BY_SOURCE,,NOT_VERIFIED_DO_NOT_INFER,Magdeburg,Bielefeld,0,2,A,EVALUATION_ONLY_JOIN_AFTER_PREMATCH_FEATURE_FREEZE,2.06,3.59,3.19,EXTERNAL_HISTORICAL_MARKET_BENCHMARK,NOT_AVAILABLE,NOT_GOLDBET,a4436d686f5a57b407c8a1878fc7866a72f1d7cf10ca155d0992b0cd9c9eb7a1
633bd9e889ffd1f778490ba0,2. Bundesliga,2025/2026,HOLDOUT,2026-02-20,17:30,MATCH_KICKOFF_TIME_TIMEZONE_NOT_STATED_BY_SOURCE,,NOT_VERIFIED_DO_NOT_INFER,Bochum,Nurnberg,1,1,D,EVALUATION_ONLY_JOIN_AFTER_PREMATCH_FEATURE_FREEZE,2.14,3.5,3.12,EXTERNAL_HISTORICAL_MARKET_BENCHMARK,NOT_AVAILABLE,NOT_GOLDBET,e5332e56335864260ff2aa0c394bcb4cd7091318bd62f14d269f467e68252aa9
3a64680ff06f1433eaa16595,2. Bundesliga,2025/2026,HOLDOUT,2026-02-20,17:30,MATCH_KICKOFF_TIME_TIMEZONE_NOT_STATED_BY_SOURCE,,NOT_VERIFIED_DO_NOT_INFER,Greuther Furth,Bielefeld,2,1,H,EVALUATION_ONLY_JOIN_AFTER_PREMATCH_FEATURE_FREEZE,3.86,3.67,1.85,EXTERNAL_HISTORICAL_MARKET_BENCHMARK,NOT_AVAILABLE,NOT_GOLDBET,568a217723ffd2166534c5aae2aca51090229d06722f6d31aa4e3bb023815d24
3cdbae19903f8db27548be10,2. Bundesliga,2025/2026,HOLDOUT,2026-02-21,12:00,MATCH_KICKOFF_TIME_TIMEZONE_NOT_STATED_BY_SOURCE,,NOT_VERIFIED_DO_NOT_INFER,Darmstadt,Fortuna Dusseldorf,2,1,H,EVALUATION_ONLY_JOIN_AFTER_PREMATCH_FEATURE_FREEZE,1.99,3.45,3.51,EXTERNAL_HISTORICAL_MARKET_BENCHMARK,NOT_AVAILABLE,NOT_GOLDBET,e85ddc0e018735a58fcab5e1525d44ccf419737cb966f89b467ce2982830ad94
a498386ac39fe4b23b275814,2. Bundesliga,2025/2026,HOLDOUT,2026-02-21,12:00,MATCH_KICKOFF_TIME_TIMEZONE_NOT_STATED_BY_SOURCE,,NOT_VERIFIED_DO_NOT_INFER,Elversberg,Braunschweig,3,1,H,EVALUATION_ONLY_JOIN_AFTER_PREMATCH_FEATURE_FREEZE,1.58,4.06,5.12,EXTERNAL_HISTORICAL_MARKET_BENCHMARK,NOT_AVAILABLE,NOT_GOLDBET,1b9b774dd6af1fa71695a0b00b31666e0839cc21277d366fa6ea90bc92ac2e47
7fe80d299782083232d0638b,2. Bundesliga,2025/2026,HOLDOUT,2026-02-21,12:00,MATCH_KICKOFF_TIME_TIMEZONE_NOT_STATED_BY_SOURCE,,NOT_VERIFIED_DO_NOT_INFER,Karlsruhe,Holstein Kiel,3,1,H,EVALUATION_ONLY_JOIN_AFTER_PREMATCH_FEATURE_FREEZE,2.49,3.39,2.64,EXTERNAL_HISTORICAL_MARKET_BENCHMARK,NOT_AVAILABLE,NOT_GOLDBET,6cc15de28f1d23c1395252baae5ecc69d0c095c88d61ceb02cb6bd0e4c11acad
8fbaf9cb153488a83632a3bb,2. Bundesliga,2025/2026,HOLDOUT,2026-02-21,19:30,MATCH_KICKOFF_TIME_TIMEZONE_NOT_STATED_BY_SOURCE,,NOT_VERIFIED_DO_NOT_INFER,Schalke 04,Magdeburg,5,3,H,EVALUATION_ONLY_JOIN_AFTER_PREMATCH_FEATURE_FREEZE,2.04,3.54,3.26,EXTERNAL_HISTORICAL_MARKET_BENCHMARK,NOT_AVAILABLE,NOT_GOLDBET,672d40f400eb08f3e520c06614f72e3858a4f9bd7d9ee9138bdcc308372a1cde
af4823ec1d10f787546cdb8f,2. Bundesliga,2025/2026,HOLDOUT,2026-02-22,12:30,MATCH_KICKOFF_TIME_TIMEZONE_NOT_STATED_BY_SOURCE,,NOT_VERIFIED_DO_NOT_INFER,Hannover,Dresden,0,0,D,EVALUATION_ONLY_JOIN_AFTER_PREMATCH_FEATURE_FREEZE,1.45,4.5,5.86,EXTERNAL_HISTORICAL_MARKET_BENCHMARK,NOT_AVAILABLE,NOT_GOLDBET,31a506ab8cb9e486ea6d57cb6b1c2c99ff5054a395d5f58b604832b14df472a2
7a7104a0cf3f967e03b3a82c,2. Bundesliga,2025/2026,HOLDOUT,2026-02-22,12:30,MATCH_KICKOFF_TIME_TIMEZONE_NOT_STATED_BY_SOURCE,,NOT_VERIFIED_DO_NOT_INFER,Paderborn,Hertha,5,2,H,EVALUATION_ONLY_JOIN_AFTER_PREMATCH_FEATURE_FREEZE,2.21,3.48,2.94,EXTERNAL_HISTORICAL_MARKET_BENCHMARK,NOT_AVAILABLE,NOT_GOLDBET,e3f37893955e1fef0d5437e5fc91525ec40322bdbbed2a80468a569b67ace81a
3d767fb1df8d1f329672d398,2. Bundesliga,2025/2026,HOLDOUT,2026-02-22,12:30,MATCH_KICKOFF_TIME_TIMEZONE_NOT_STATED_BY_SOURCE,,NOT_VERIFIED_DO_NOT_INFER,Preußen Münster,Kaiserslautern,2,3,A,EVALUATION_ONLY_JOIN_AFTER_PREMATCH_FEATURE_FREEZE,2.41,3.24,2.78,EXTERNAL_HISTORICAL_MARKET_BENCHMARK,NOT_AVAILABLE,NOT_GOLDBET,b93adc48195450771d950ee87651f42a15af717fca4d4b243bd097b58bc6ef45
9cad614f2eedf7307e6f6568,2. Bundesliga,2025/2026,HOLDOUT,2026-02-27,17:30,MATCH_KICKOFF_TIME_TIMEZONE_NOT_STATED_BY_SOURCE,,NOT_VERIFIED_DO_NOT_INFER,Dresden,Darmstadt,3,1,H,EVALUATION_ONLY_JOIN_AFTER_PREMATCH_FEATURE_FREEZE,2.46,3.36,2.66,EXTERNAL_HISTORICAL_MARKET_BENCHMARK,NOT_AVAILABLE,NOT_GOLDBET,63ddc9fee698e380e0a4a881c2b024e7f7595e3c89b35a76d5ffdb826d4dbb24
2cdc80b17a5b498688750f4a,2. Bundesliga,2025/2026,HOLDOUT,2026-02-27,17:30,MATCH_KICKOFF_TIME_TIMEZONE_NOT_STATED_BY_SOURCE,,NOT_VERIFIED_DO_NOT_INFER,Fortuna Dusseldorf,Bochum,2,1,H,EVALUATION_ONLY_JOIN_AFTER_PREMATCH_FEATURE_FREEZE,2.1,3.49,3.13,EXTERNAL_HISTORICAL_MARKET_BENCHMARK,NOT_AVAILABLE,NOT_GOLDBET,5a9b58cb3f416e319c92a0b629e25a88d34517ac8c34fe18417b76ca711cfd3f
b641e150f93c2b8b3261abdc,2. Bundesliga,2025/2026,HOLDOUT,2026-02-28,12:00,MATCH_KICKOFF_TIME_TIMEZONE_NOT_STATED_BY_SOURCE,,NOT_VERIFIED_DO_NOT_INFER,Bielefeld,Hannover,0,1,A,EVALUATION_ONLY_JOIN_AFTER_PREMATCH_FEATURE_FREEZE,2.68,3.49,2.39,EXTERNAL_HISTORICAL_MARKET_BENCHMARK,NOT_AVAILABLE,NOT_GOLDBET,8e2a828ce38d4f750598e335c513de6aa91c83f7eeaf1ff4a301516fbebdf321
1a2374f372cf463818dc17fb,2. Bundesliga,2025/2026,HOLDOUT,2026-02-28,12:00,MATCH_KICKOFF_TIME_TIMEZONE_NOT_STATED_BY_SOURCE,,NOT_VERIFIED_DO_NOT_INFER,Holstein Kiel,Elversberg,1,1,D,EVALUATION_ONLY_JOIN_AFTER_PREMATCH_FEATURE_FREEZE,3.12,3.5,2.1,EXTERNAL_HISTORICAL_MARKET_BENCHMARK,NOT_AVAILABLE,NOT_GOLDBET,8656137d5fe89cfa8871e745bbd31f79384eeacba7a0d9240b971d30ae64c5eb
2850cd5944e49428b08147b7,2. Bundesliga,2025/2026,HOLDOUT,2026-02-28,12:00,MATCH_KICKOFF_TIME_TIMEZONE_NOT_STATED_BY_SOURCE,,NOT_VERIFIED_DO_NOT_INFER,Kaiserslautern,Paderborn,1,2,A,EVALUATION_ONLY_JOIN_AFTER_PREMATCH_FEATURE_FREEZE,3.24,3.56,2.03,EXTERNAL_HISTORICAL_MARKET_BENCHMARK,NOT_AVAILABLE,NOT_GOLDBET,96d607ed054a8de0937c3585dcb9d68a01fb6714cf9aaf840747bd2f64ee6ce3
5434d53fcc33cb8c8299f06f,2. Bundesliga,2025/2026,HOLDOUT,2026-02-28,19:30,MATCH_KICKOFF_TIME_TIMEZONE_NOT_STATED_BY_SOURCE,,NOT_VERIFIED_DO_NOT_INFER,Greuther Furth,Schalke 04,1,1,D,EVALUATION_ONLY_JOIN_AFTER_PREMATCH_FEATURE_FREEZE,4.44,3.77,1.68,EXTERNAL_HISTORICAL_MARKET_BENCHMARK,NOT_AVAILABLE,NOT_GOLDBET,070a1ca09ca0e956f84afedf8e370725046e74b256ca55d87dd5a75c80f83fab
e205f51a66e9b6f53fd60965,2. Bundesliga,2025/2026,HOLDOUT,2026-03-01,12:30,MATCH_KICKOFF_TIME_TIMEZONE_NOT_STATED_BY_SOURCE,,NOT_VERIFIED_DO_NOT_INFER,Braunschweig,Preußen Münster,1,2,A,EVALUATION_ONLY_JOIN_AFTER_PREMATCH_FEATURE_FREEZE,2.47,3.24,2.71,EXTERNAL_HISTORICAL_MARKET_BENCHMARK,NOT_AVAILABLE,NOT_GOLDBET,6f75575b467943df056fdad1742e652ecb0117d75c485280a50b5bc6912fc107
c4dd1698db02d4f0c12aeb50,2. Bundesliga,2025/2026,HOLDOUT,2026-03-01,12:30,MATCH_KICKOFF_TIME_TIMEZONE_NOT_STATED_BY_SOURCE,,NOT_VERIFIED_DO_NOT_INFER,Hertha,Nurnberg,2,1,H,EVALUATION_ONLY_JOIN_AFTER_PREMATCH_FEATURE_FREEZE,2.13,3.5,3.07,EXTERNAL_HISTORICAL_MARKET_BENCHMARK,NOT_AVAILABLE,NOT_GOLDBET,71ba3d1b5088ca83150550a83d9b088dbd146758467cfc91a23de22931e2a887
dfb538d0cb4cf0c0d6049eb9,2. Bundesliga,2025/2026,HOLDOUT,2026-03-01,12:30,MATCH_KICKOFF_TIME_TIMEZONE_NOT_STATED_BY_SOURCE,,NOT_VERIFIED_DO_NOT_INFER,Magdeburg,Karlsruhe,1,3,A,EVALUATION_ONLY_JOIN_AFTER_PREMATCH_FEATURE_FREEZE,1.67,4.14,4.11,EXTERNAL_HISTORICAL_MARKET_BENCHMARK,NOT_AVAILABLE,NOT_GOLDBET,715100cc4d23b81dd55534e28641ad40deb8915bb94f52f1a903ebc3f977d90f
9494826a115edff2107f06f8,2. Bundesliga,2025/2026,HOLDOUT,2026-03-06,17:30,MATCH_KICKOFF_TIME_TIMEZONE_NOT_STATED_BY_SOURCE,,NOT_VERIFIED_DO_NOT_INFER,Elversberg,Magdeburg,1,0,H,EVALUATION_ONLY_JOIN_AFTER_PREMATCH_FEATURE_FREEZE,1.82,3.93,3.58,EXTERNAL_HISTORICAL_MARKET_BENCHMARK,NOT_AVAILABLE,NOT_GOLDBET,d08d2244ac660091b4a8922a8e19060edb0000441adbaafa2bfa766629a91e57
9e0c12b2045127b5193214e9,2. Bundesliga,2025/2026,HOLDOUT,2026-03-06,17:30,MATCH_KICKOFF_TIME_TIMEZONE_NOT_STATED_BY_SOURCE,,NOT_VERIFIED_DO_NOT_INFER,Schalke 04,Bielefeld,1,0,H,EVALUATION_ONLY_JOIN_AFTER_PREMATCH_FEATURE_FREEZE,1.85,3.51,3.86,EXTERNAL_HISTORICAL_MARKET_BENCHMARK,NOT_AVAILABLE,NOT_GOLDBET,b00217e410986529c5cfefe867917f9ab33b7c2440cd3200e4d26bc110251a0c
9f1f8c96b5d724b54ec1653b,2. Bundesliga,2025/2026,HOLDOUT,2026-03-07,12:00,MATCH_KICKOFF_TIME_TIMEZONE_NOT_STATED_BY_SOURCE,,NOT_VERIFIED_DO_NOT_INFER,Darmstadt,Holstein Kiel,2,0,H,EVALUATION_ONLY_JOIN_AFTER_PREMATCH_FEATURE_FREEZE,1.86,3.65,3.64,EXTERNAL_HISTORICAL_MARKET_BENCHMARK,NOT_AVAILABLE,NOT_GOLDBET,abcb903c791620e1d307601e506f6f41501d2161bf0092841e3a5b90d036112c
ee5473a55b6dd08e802fcc8e,2. Bundesliga,2025/2026,HOLDOUT,2026-03-07,12:00,MATCH_KICKOFF_TIME_TIMEZONE_NOT_STATED_BY_SOURCE,,NOT_VERIFIED_DO_NOT_INFER,Nurnberg,Fortuna Dusseldorf,0,1,A,EVALUATION_ONLY_JOIN_AFTER_PREMATCH_FEATURE_FREEZE,2.3,3.45,2.77,EXTERNAL_HISTORICAL_MARKET_BENCHMARK,NOT_AVAILABLE,NOT_GOLDBET,9011b7b7fc6399a8d40606d800c773a2ed32a32dbecdf8eaba4a0add96bb8222
316458592305648fade55869,2. Bundesliga,2025/2026,HOLDOUT,2026-03-07,12:00,MATCH_KICKOFF_TIME_TIMEZONE_NOT_STATED_BY_SOURCE,,NOT_VERIFIED_DO_NOT_INFER,Paderborn,Braunschweig,1,1,D,EVALUATION_ONLY_JOIN_AFTER_PREMATCH_FEATURE_FREEZE,1.54,4.16,5.2,EXTERNAL_HISTORICAL_MARKET_BENCHMARK,NOT_AVAILABLE,NOT_GOLDBET,7d46e5e296cb5f82d0c334be06a681dcc9ecd19dc8525bda1527e030cdbb6122
62bcc6999907eec830e67c59,2. Bundesliga,2025/2026,HOLDOUT,2026-03-07,19:30,MATCH_KICKOFF_TIME_TIMEZONE_NOT_STATED_BY_SOURCE,,NOT_VERIFIED_DO_NOT_INFER,Bochum,Kaiserslautern,3,2,H,EVALUATION_ONLY_JOIN_AFTER_PREMATCH_FEATURE_FREEZE,1.75,3.87,4,EXTERNAL_HISTORICAL_MARKET_BENCHMARK,NOT_AVAILABLE,NOT_GOLDBET,aa2e3fd4706147879cfc8cb0184759a4964294cbf4a2f13364edf3daa47b2ed2
7adbec982eebcf0d3cc0be68,2. Bundesliga,2025/2026,HOLDOUT,2026-03-08,12:30,MATCH_KICKOFF_TIME_TIMEZONE_NOT_STATED_BY_SOURCE,,NOT_VERIFIED_DO_NOT_INFER,Hannover,Greuther Furth,1,2,A,EVALUATION_ONLY_JOIN_AFTER_PREMATCH_FEATURE_FREEZE,1.32,5.18,7.79,EXTERNAL_HISTORICAL_MARKET_BENCHMARK,NOT_AVAILABLE,NOT_GOLDBET,7136a355d0463ae8b13fd4de951a15771ff0a62cc6523af87164899a3e25bdd9
ab420fd30b218669576ee074,2. Bundesliga,2025/2026,HOLDOUT,2026-03-08,12:30,MATCH_KICKOFF_TIME_TIMEZONE_NOT_STATED_BY_SOURCE,,NOT_VERIFIED_DO_NOT_INFER,Karlsruhe,Dresden,3,3,D,EVALUATION_ONLY_JOIN_AFTER_PREMATCH_FEATURE_FREEZE,2.84,3.44,2.29,EXTERNAL_HISTORICAL_MARKET_BENCHMARK,NOT_AVAILABLE,NOT_GOLDBET,c3e6df69e9cf14562965ef2d5f82c11cbae6fe3fa4b8e5299667c0dfda63e7a6
cd22b649f190c13a03632e6d,2. Bundesliga,2025/2026,HOLDOUT,2026-03-08,12:30,MATCH_KICKOFF_TIME_TIMEZONE_NOT_STATED_BY_SOURCE,,NOT_VERIFIED_DO_NOT_INFER,Preußen Münster,Hertha,1,2,A,EVALUATION_ONLY_JOIN_AFTER_PREMATCH_FEATURE_FREEZE,2.8,3.43,2.31,EXTERNAL_HISTORICAL_MARKET_BENCHMARK,NOT_AVAILABLE,NOT_GOLDBET,98f5bf8601ebeb874d5eb62cc583dc3b4c6b0509ab83401e861a63abf19b3127
a2df281b7cabedc7e6889cf1,2. Bundesliga,2025/2026,HOLDOUT,2026-03-13,17:30,MATCH_KICKOFF_TIME_TIMEZONE_NOT_STATED_BY_SOURCE,,NOT_VERIFIED_DO_NOT_INFER,Greuther Furth,Elversberg,2,0,H,EVALUATION_ONLY_JOIN_AFTER_PREMATCH_FEATURE_FREEZE,4.33,3.94,1.68,EXTERNAL_HISTORICAL_MARKET_BENCHMARK,NOT_AVAILABLE,NOT_GOLDBET,18e89c7a3ec856bfd1a25e198abdc04483279e54de44e205a1299d7c036245ca
4b27a6d1d675b29f4fe4ace6,2. Bundesliga,2025/2026,HOLDOUT,2026-03-13,17:30,MATCH_KICKOFF_TIME_TIMEZONE_NOT_STATED_BY_SOURCE,,NOT_VERIFIED_DO_NOT_INFER,Magdeburg,Darmstadt,1,1,D,EVALUATION_ONLY_JOIN_AFTER_PREMATCH_FEATURE_FREEZE,2.27,3.74,2.68,EXTERNAL_HISTORICAL_MARKET_BENCHMARK,NOT_AVAILABLE,NOT_GOLDBET,f55d1903370cfdd29b86f876cf000ada7f0d55a9acbb0c8c3e247c1f8b04f097
d385f245843bce9da223a3fe,2. Bundesliga,2025/2026,HOLDOUT,2026-03-14,12:00,MATCH_KICKOFF_TIME_TIMEZONE_NOT_STATED_BY_SOURCE,,NOT_VERIFIED_DO_NOT_INFER,Bielefeld,Paderborn,2,2,D,EVALUATION_ONLY_JOIN_AFTER_PREMATCH_FEATURE_FREEZE,2.86,3.46,2.27,EXTERNAL_HISTORICAL_MARKET_BENCHMARK,NOT_AVAILABLE,NOT_GOLDBET,fb446cde2192e11c5fa7b15bc4822296a8426d11b39c13e52447ab29d5808042
f8c6b2ad04a075a4df0e770f,2. Bundesliga,2025/2026,HOLDOUT,2026-03-14,12:00,MATCH_KICKOFF_TIME_TIMEZONE_NOT_STATED_BY_SOURCE,,NOT_VERIFIED_DO_NOT_INFER,Braunschweig,Fortuna Dusseldorf,1,0,H,EVALUATION_ONLY_JOIN_AFTER_PREMATCH_FEATURE_FREEZE,2.91,3.34,2.29,EXTERNAL_HISTORICAL_MARKET_BENCHMARK,NOT_AVAILABLE,NOT_GOLDBET,43765df0573cd38fe11c94d779855b44b00b20c6d6acfd73b061b831a9aeb70a
11665864ce4597930df5b798,2. Bundesliga,2025/2026,HOLDOUT,2026-03-14,12:00,MATCH_KICKOFF_TIME_TIMEZONE_NOT_STATED_BY_SOURCE,,NOT_VERIFIED_DO_NOT_INFER,Holstein Kiel,Nurnberg,2,3,A,EVALUATION_ONLY_JOIN_AFTER_PREMATCH_FEATURE_FREEZE,2.32,3.33,2.88,EXTERNAL_HISTORICAL_MARKET_BENCHMARK,NOT_AVAILABLE,NOT_GOLDBET,2dcfa608a508453b85a03a9a2f23a1a789e778639211bb7508240a31a94651b3
91535d3cd1cf036c8241ab26,2. Bundesliga,2025/2026,HOLDOUT,2026-03-14,19:30,MATCH_KICKOFF_TIME_TIMEZONE_NOT_STATED_BY_SOURCE,,NOT_VERIFIED_DO_NOT_INFER,Hertha,Bochum,1,1,D,EVALUATION_ONLY_JOIN_AFTER_PREMATCH_FEATURE_FREEZE,2.13,3.48,3.1,EXTERNAL_HISTORICAL_MARKET_BENCHMARK,NOT_AVAILABLE,NOT_GOLDBET,4bbe0f869773789d9cf2d05b07025392ac9a9ded4ec84c61cf2b5912b23d082a
a9f3eacbcd578dde2cb58f07,2. Bundesliga,2025/2026,HOLDOUT,2026-03-15,12:30,MATCH_KICKOFF_TIME_TIMEZONE_NOT_STATED_BY_SOURCE,,NOT_VERIFIED_DO_NOT_INFER,Dresden,Preußen Münster,6,0,H,EVALUATION_ONLY_JOIN_AFTER_PREMATCH_FEATURE_FREEZE,2.08,3.27,3.4,EXTERNAL_HISTORICAL_MARKET_BENCHMARK,NOT_AVAILABLE,NOT_GOLDBET,ec0ce2f4fa57567d223bd897320a1d5ab7f349d6f15a64ef06c8ee3025571a4a
032c24a9aaead461b3271526,2. Bundesliga,2025/2026,HOLDOUT,2026-03-15,12:30,MATCH_KICKOFF_TIME_TIMEZONE_NOT_STATED_BY_SOURCE,,NOT_VERIFIED_DO_NOT_INFER,Kaiserslautern,Karlsruhe,3,0,H,EVALUATION_ONLY_JOIN_AFTER_PREMATCH_FEATURE_FREEZE,2,3.64,3.28,EXTERNAL_HISTORICAL_MARKET_BENCHMARK,NOT_AVAILABLE,NOT_GOLDBET,18866e0c6a4df25eb24fd44512174ea579781a34f4b8dadd6bed084fd8dc0b85
6d3b092e08ffa0af10a4ac8b,2. Bundesliga,2025/2026,HOLDOUT,2026-03-15,12:30,MATCH_KICKOFF_TIME_TIMEZONE_NOT_STATED_BY_SOURCE,,NOT_VERIFIED_DO_NOT_INFER,Schalke 04,Hannover,2,2,D,EVALUATION_ONLY_JOIN_AFTER_PREMATCH_FEATURE_FREEZE,2.04,3.58,3.23,EXTERNAL_HISTORICAL_MARKET_BENCHMARK,NOT_AVAILABLE,NOT_GOLDBET,012de51fabdedba2dba26bf45a2037e36d8fdc4d64d9986019f56a57f8df4b11
e031f06484d75e042df86189,2. Bundesliga,2025/2026,HOLDOUT,2026-03-20,17:30,MATCH_KICKOFF_TIME_TIMEZONE_NOT_STATED_BY_SOURCE,,NOT_VERIFIED_DO_NOT_INFER,Hannover,Braunschweig,1,0,H,EVALUATION_ONLY_JOIN_AFTER_PREMATCH_FEATURE_FREEZE,1.54,4.08,5.24,EXTERNAL_HISTORICAL_MARKET_BENCHMARK,NOT_AVAILABLE,NOT_GOLDBET,fc283f451b68b81c9defdf5915f627f3c0f91ba2619d6f7fdf109e62fda511ab
5523f02f68c357afca4021a8,2. Bundesliga,2025/2026,HOLDOUT,2026-03-20,17:30,MATCH_KICKOFF_TIME_TIMEZONE_NOT_STATED_BY_SOURCE,,NOT_VERIFIED_DO_NOT_INFER,Karlsruhe,Greuther Furth,3,1,H,EVALUATION_ONLY_JOIN_AFTER_PREMATCH_FEATURE_FREEZE,2.11,3.63,3.02,EXTERNAL_HISTORICAL_MARKET_BENCHMARK,NOT_AVAILABLE,NOT_GOLDBET,87e6d275d836ecabb63f14052d196f636b5798837bdc31a7dd2a94b68069fbf7
eab7dc2350674a56c916cb7f,2. Bundesliga,2025/2026,HOLDOUT,2026-03-21,12:00,MATCH_KICKOFF_TIME_TIMEZONE_NOT_STATED_BY_SOURCE,,NOT_VERIFIED_DO_NOT_INFER,Elversberg,Bielefeld,3,1,H,EVALUATION_ONLY_JOIN_AFTER_PREMATCH_FEATURE_FREEZE,1.92,3.64,3.46,EXTERNAL_HISTORICAL_MARKET_BENCHMARK,NOT_AVAILABLE,NOT_GOLDBET,8a0b7dfe308353d124c1e3b778d296b08aa01c2cc5099f64d95bba0b26064a6d
f799c03ef84586b4847c07ee,2. Bundesliga,2025/2026,HOLDOUT,2026-03-21,12:00,MATCH_KICKOFF_TIME_TIMEZONE_NOT_STATED_BY_SOURCE,,NOT_VERIFIED_DO_NOT_INFER,Nurnberg,Kaiserslautern,3,0,H,EVALUATION_ONLY_JOIN_AFTER_PREMATCH_FEATURE_FREEZE,2.09,3.53,3.1,EXTERNAL_HISTORICAL_MARKET_BENCHMARK,NOT_AVAILABLE,NOT_GOLDBET,b3490eb85126943ce0756d45ea7ceedb6df39731a6bb9fde8c0692a9b16034be
d45b14d7f44bddff8925ebf1,2. Bundesliga,2025/2026,HOLDOUT,2026-03-21,12:00,MATCH_KICKOFF_TIME_TIMEZONE_NOT_STATED_BY_SOURCE,,NOT_VERIFIED_DO_NOT_INFER,Paderborn,Dresden,2,1,H,EVALUATION_ONLY_JOIN_AFTER_PREMATCH_FEATURE_FREEZE,1.75,3.71,4.12,EXTERNAL_HISTORICAL_MARKET_BENCHMARK,NOT_AVAILABLE,NOT_GOLDBET,4a49e32d609640cd59b842ad30438e045583751990935cab7283ee29bc58e5db
af747106cb04f92d728ff878,2. Bundesliga,2025/2026,HOLDOUT,2026-03-21,19:30,MATCH_KICKOFF_TIME_TIMEZONE_NOT_STATED_BY_SOURCE,,NOT_VERIFIED_DO_NOT_INFER,Darmstadt,Schalke 04,1,1,D,EVALUATION_ONLY_JOIN_AFTER_PREMATCH_FEATURE_FREEZE,2.5,3.32,2.64,EXTERNAL_HISTORICAL_MARKET_BENCHMARK,NOT_AVAILABLE,NOT_GOLDBET,4a2096a1fe10126f53cfa72a29e9b1b7b1c6074ff321623d1a6d6a1b171767ab
247f514b0c2e9401f5181448,2. Bundesliga,2025/2026,HOLDOUT,2026-03-22,12:30,MATCH_KICKOFF_TIME_TIMEZONE_NOT_STATED_BY_SOURCE,,NOT_VERIFIED_DO_NOT_INFER,Bochum,Holstein Kiel,2,3,A,EVALUATION_ONLY_JOIN_AFTER_PREMATCH_FEATURE_FREEZE,1.79,3.77,3.91,EXTERNAL_HISTORICAL_MARKET_BENCHMARK,NOT_AVAILABLE,NOT_GOLDBET,de9f378754d0f781b0bcd97e19e3d9d36973dd53f419a888595f7069d30ede14
912217a52777df6c2e0cac2a,2. Bundesliga,2025/2026,HOLDOUT,2026-03-22,12:30,MATCH_KICKOFF_TIME_TIMEZONE_NOT_STATED_BY_SOURCE,,NOT_VERIFIED_DO_NOT_INFER,Fortuna Dusseldorf,Hertha,2,5,A,EVALUATION_ONLY_JOIN_AFTER_PREMATCH_FEATURE_FREEZE,2.31,3.56,2.74,EXTERNAL_HISTORICAL_MARKET_BENCHMARK,NOT_AVAILABLE,NOT_GOLDBET,db449d40ac6d42184265a21f1aad5c9282f510969e7974323923a6c38367f43c
c80e80627d85d667346d693c,2. Bundesliga,2025/2026,HOLDOUT,2026-03-22,12:30,MATCH_KICKOFF_TIME_TIMEZONE_NOT_STATED_BY_SOURCE,,NOT_VERIFIED_DO_NOT_INFER,Preußen Münster,Magdeburg,1,3,A,EVALUATION_ONLY_JOIN_AFTER_PREMATCH_FEATURE_FREEZE,2.95,3.56,2.17,EXTERNAL_HISTORICAL_MARKET_BENCHMARK,NOT_AVAILABLE,NOT_GOLDBET,f846c5577dd4c490a1889b8b85eb945bf7c4f8da3b70ecda3dbeb145e34e7ce1
2df1bb2bfeb7a86e88fb5ba0,2. Bundesliga,2025/2026,HOLDOUT,2026-04-04,12:00,MATCH_KICKOFF_TIME_TIMEZONE_NOT_STATED_BY_SOURCE,,NOT_VERIFIED_DO_NOT_INFER,Bielefeld,Darmstadt,2,1,H,EVALUATION_ONLY_JOIN_AFTER_PREMATCH_FEATURE_FREEZE,2.33,3.52,2.73,EXTERNAL_HISTORICAL_MARKET_BENCHMARK,NOT_AVAILABLE,NOT_GOLDBET,d55b23fe3f9dbd87f0105b6d3641b8fb8c1865356c734614d7b9290b9acde981
de1389b8a91b90efafb5af50,2. Bundesliga,2025/2026,HOLDOUT,2026-04-04,12:00,MATCH_KICKOFF_TIME_TIMEZONE_NOT_STATED_BY_SOURCE,,NOT_VERIFIED_DO_NOT_INFER,Kaiserslautern,Fortuna Dusseldorf,3,0,H,EVALUATION_ONLY_JOIN_AFTER_PREMATCH_FEATURE_FREEZE,2.57,3.64,2.42,EXTERNAL_HISTORICAL_MARKET_BENCHMARK,NOT_AVAILABLE,NOT_GOLDBET,8c806e2626c72e1a377f1abb2302d13f750f41139bf6ab0e82897ba448b0520e
d7ef6e663ea1afe7a9a4976c,2. Bundesliga,2025/2026,HOLDOUT,2026-04-04,12:00,MATCH_KICKOFF_TIME_TIMEZONE_NOT_STATED_BY_SOURCE,,NOT_VERIFIED_DO_NOT_INFER,Magdeburg,Bochum,4,1,H,EVALUATION_ONLY_JOIN_AFTER_PREMATCH_FEATURE_FREEZE,2.08,3.6,3.1,EXTERNAL_HISTORICAL_MARKET_BENCHMARK,NOT_AVAILABLE,NOT_GOLDBET,eb9b867ce6d4905a15ca12df58407bc0081c2730eb18763252f4bfb9821d8609
13db7e1f01f3d88479c364ae,2. Bundesliga,2025/2026,HOLDOUT,2026-04-04,19:30,MATCH_KICKOFF_TIME_TIMEZONE_NOT_STATED_BY_SOURCE,,NOT_VERIFIED_DO_NOT_INFER,Dresden,Hertha,0,1,A,EVALUATION_ONLY_JOIN_AFTER_PREMATCH_FEATURE_FREEZE,2.5,3.5,2.5,EXTERNAL_HISTORICAL_MARKET_BENCHMARK,NOT_AVAILABLE,NOT_GOLDBET,975c8b1adc6e88b2ac00b54b34c9d209403d82d3dbd9a80d63cbe1cb3b31ca03
bed8a35eb3d2584395f8705d,2. Bundesliga,2025/2026,HOLDOUT,2026-04-05,12:30,MATCH_KICKOFF_TIME_TIMEZONE_NOT_STATED_BY_SOURCE,,NOT_VERIFIED_DO_NOT_INFER,Braunschweig,Nurnberg,1,1,D,EVALUATION_ONLY_JOIN_AFTER_PREMATCH_FEATURE_FREEZE,2.68,3.44,2.39,EXTERNAL_HISTORICAL_MARKET_BENCHMARK,NOT_AVAILABLE,NOT_GOLDBET,50e4cf1bf31a8974eb1a79af6d7e30bec317cbce94e295b8832c3338b3292528
e04aad9805d1d83a7c5bfaa5,2. Bundesliga,2025/2026,HOLDOUT,2026-04-05,12:30,MATCH_KICKOFF_TIME_TIMEZONE_NOT_STATED_BY_SOURCE,,NOT_VERIFIED_DO_NOT_INFER,Greuther Furth,Paderborn,0,2,A,EVALUATION_ONLY_JOIN_AFTER_PREMATCH_FEATURE_FREEZE,4.03,3.8,1.76,EXTERNAL_HISTORICAL_MARKET_BENCHMARK,NOT_AVAILABLE,NOT_GOLDBET,dff9b20fd85f786d9694a9e2deaaece0332b0f0569cdfa3e1f1ef9d34d567f1b
6461ad44d76894664b3d2aee,2. Bundesliga,2025/2026,HOLDOUT,2026-04-05,12:30,MATCH_KICKOFF_TIME_TIMEZONE_NOT_STATED_BY_SOURCE,,NOT_VERIFIED_DO_NOT_INFER,Hannover,Elversberg,1,1,D,EVALUATION_ONLY_JOIN_AFTER_PREMATCH_FEATURE_FREEZE,2.22,3.54,2.88,EXTERNAL_HISTORICAL_MARKET_BENCHMARK,NOT_AVAILABLE,NOT_GOLDBET,f7239682c7653ee75b0bdfd1c124fd84bd9074fdbfa8ba5256b4cd9e89cd6e9d
d72c94544376cb00d7936c4c,2. Bundesliga,2025/2026,HOLDOUT,2026-04-05,12:30,MATCH_KICKOFF_TIME_TIMEZONE_NOT_STATED_BY_SOURCE,,NOT_VERIFIED_DO_NOT_INFER,Holstein Kiel,Preußen Münster,0,0,D,EVALUATION_ONLY_JOIN_AFTER_PREMATCH_FEATURE_FREEZE,1.99,3.46,3.48,EXTERNAL_HISTORICAL_MARKET_BENCHMARK,NOT_AVAILABLE,NOT_GOLDBET,cff7809c080aa517fae0d3437f6e130bc4d402d90f1c248d34fdde307ecd1ecd
d477f35081270219d167bfdc,2. Bundesliga,2025/2026,HOLDOUT,2026-04-05,12:30,MATCH_KICKOFF_TIME_TIMEZONE_NOT_STATED_BY_SOURCE,,NOT_VERIFIED_DO_NOT_INFER,Schalke 04,Karlsruhe,1,0,H,EVALUATION_ONLY_JOIN_AFTER_PREMATCH_FEATURE_FREEZE,1.49,4.33,5.66,EXTERNAL_HISTORICAL_MARKET_BENCHMARK,NOT_AVAILABLE,NOT_GOLDBET,fe24ecba2cd158ad208dfab1c9e639ba7d6701421dd96bfb36e9e785da09a7fc
6cb687688a64b20bebd87123,2. Bundesliga,2025/2026,HOLDOUT,2026-04-10,17:30,MATCH_KICKOFF_TIME_TIMEZONE_NOT_STATED_BY_SOURCE,,NOT_VERIFIED_DO_NOT_INFER,Fortuna Dusseldorf,Holstein Kiel,1,2,A,EVALUATION_ONLY_JOIN_AFTER_PREMATCH_FEATURE_FREEZE,2.01,3.56,3.23,EXTERNAL_HISTORICAL_MARKET_BENCHMARK,NOT_AVAILABLE,NOT_GOLDBET,9e55d7e3c9651650422c9874ff2c335a43ed6f59e7e9d9cca6b3d51f96539e4f
91976eee8c5535b6c50dac2f,2. Bundesliga,2025/2026,HOLDOUT,2026-04-10,17:30,MATCH_KICKOFF_TIME_TIMEZONE_NOT_STATED_BY_SOURCE,,NOT_VERIFIED_DO_NOT_INFER,Karlsruhe,Bielefeld,4,1,H,EVALUATION_ONLY_JOIN_AFTER_PREMATCH_FEATURE_FREEZE,3.15,3.6,2.03,EXTERNAL_HISTORICAL_MARKET_BENCHMARK,NOT_AVAILABLE,NOT_GOLDBET,c43e9ca69a737f1a98d10cb570f9042f32f024e1ea129c83c42363bfa7c2ff07
d016add7376910980b684c35,2. Bundesliga,2025/2026,HOLDOUT,2026-04-11,12:00,MATCH_KICKOFF_TIME_TIMEZONE_NOT_STATED_BY_SOURCE,,NOT_VERIFIED_DO_NOT_INFER,Hertha,Kaiserslautern,0,1,A,EVALUATION_ONLY_JOIN_AFTER_PREMATCH_FEATURE_FREEZE,1.72,4.02,3.94,EXTERNAL_HISTORICAL_MARKET_BENCHMARK,NOT_AVAILABLE,NOT_GOLDBET,acad63f6ff73264b25a25dd962933b6f3412d10681cc64f8ed7c51df2cf9f461
6f0c83b507490dd19ea76cb5,2. Bundesliga,2025/2026,HOLDOUT,2026-04-11,12:00,MATCH_KICKOFF_TIME_TIMEZONE_NOT_STATED_BY_SOURCE,,NOT_VERIFIED_DO_NOT_INFER,Nurnberg,Dresden,0,2,A,EVALUATION_ONLY_JOIN_AFTER_PREMATCH_FEATURE_FREEZE,1.88,3.73,3.53,EXTERNAL_HISTORICAL_MARKET_BENCHMARK,NOT_AVAILABLE,NOT_GOLDBET,e1e7bc376c4242ef68dd56d9302acf989e364f19920617c11b4183622033ef15
f8c4854a91ea6a05f860c5bd,2. Bundesliga,2025/2026,HOLDOUT,2026-04-11,12:00,MATCH_KICKOFF_TIME_TIMEZONE_NOT_STATED_BY_SOURCE,,NOT_VERIFIED_DO_NOT_INFER,Preußen Münster,Greuther Furth,0,0,D,EVALUATION_ONLY_JOIN_AFTER_PREMATCH_FEATURE_FREEZE,2.06,3.3,3.38,EXTERNAL_HISTORICAL_MARKET_BENCHMARK,NOT_AVAILABLE,NOT_GOLDBET,97ab36517679f2844c9ac3d6cde3d523e443a9bbaa548cfdec3fc4bf32a08869
15227ec44444c2390aed3932,2. Bundesliga,2025/2026,HOLDOUT,2026-04-11,19:30,MATCH_KICKOFF_TIME_TIMEZONE_NOT_STATED_BY_SOURCE,,NOT_VERIFIED_DO_NOT_INFER,Darmstadt,Hannover,0,2,A,EVALUATION_ONLY_JOIN_AFTER_PREMATCH_FEATURE_FREEZE,2.64,3.51,2.38,EXTERNAL_HISTORICAL_MARKET_BENCHMARK,NOT_AVAILABLE,NOT_GOLDBET,f9d14ae314813a1af07bd27496669138e9a0a37f219af591460d42647878bd6d
227009cb14706e83967cbe14,2. Bundesliga,2025/2026,HOLDOUT,2026-04-12,12:30,MATCH_KICKOFF_TIME_TIMEZONE_NOT_STATED_BY_SOURCE,,NOT_VERIFIED_DO_NOT_INFER,Bochum,Braunschweig,4,1,H,EVALUATION_ONLY_JOIN_AFTER_PREMATCH_FEATURE_FREEZE,1.78,3.69,4.03,EXTERNAL_HISTORICAL_MARKET_BENCHMARK,NOT_AVAILABLE,NOT_GOLDBET,1686c3053a671675804b1920cda1115fc0dc07c53fbb061bec0abae88a0c9f1b
2d8193a1ba9de2985d583342,2. Bundesliga,2025/2026,HOLDOUT,2026-04-12,12:30,MATCH_KICKOFF_TIME_TIMEZONE_NOT_STATED_BY_SOURCE,,NOT_VERIFIED_DO_NOT_INFER,Elversberg,Schalke 04,1,2,A,EVALUATION_ONLY_JOIN_AFTER_PREMATCH_FEATURE_FREEZE,2.06,3.44,3.28,EXTERNAL_HISTORICAL_MARKET_BENCHMARK,NOT_AVAILABLE,NOT_GOLDBET,d8ba073de36013eeb610b8e168b742dc23f1de6bf552dabc637f31945fd0ce1d
52db701f03d2e7c7b5df3b5f,2. Bundesliga,2025/2026,HOLDOUT,2026-04-12,12:30,MATCH_KICKOFF_TIME_TIMEZONE_NOT_STATED_BY_SOURCE,,NOT_VERIFIED_DO_NOT_INFER,Paderborn,Magdeburg,4,3,H,EVALUATION_ONLY_JOIN_AFTER_PREMATCH_FEATURE_FREEZE,1.81,3.93,3.66,EXTERNAL_HISTORICAL_MARKET_BENCHMARK,NOT_AVAILABLE,NOT_GOLDBET,8cc7d6f6574f9ac74ee8268265948fccf7fe9fbb2d3cda551d9702471d68bb16
4b542abc8796cb7abc980603,2. Bundesliga,2025/2026,HOLDOUT,2026-04-17,17:30,MATCH_KICKOFF_TIME_TIMEZONE_NOT_STATED_BY_SOURCE,,NOT_VERIFIED_DO_NOT_INFER,Elversberg,Karlsruhe,3,0,H,EVALUATION_ONLY_JOIN_AFTER_PREMATCH_FEATURE_FREEZE,1.44,4.82,5.7,EXTERNAL_HISTORICAL_MARKET_BENCHMARK,NOT_AVAILABLE,NOT_GOLDBET,7cd373e301a115760d9a15bc0b071277b7d1814e24d8cd425ff04612754c19d8
0a90c17f1d63aaa294024656,2. Bundesliga,2025/2026,HOLDOUT,2026-04-17,17:30,MATCH_KICKOFF_TIME_TIMEZONE_NOT_STATED_BY_SOURCE,,NOT_VERIFIED_DO_NOT_INFER,Holstein Kiel,Kaiserslautern,3,0,H,EVALUATION_ONLY_JOIN_AFTER_PREMATCH_FEATURE_FREEZE,2.21,3.55,2.88,EXTERNAL_HISTORICAL_MARKET_BENCHMARK,NOT_AVAILABLE,NOT_GOLDBET,05369d7e8751eeac80124e982217e668fb2e79ad139c8990ef2483e83cce217e
d7373448259849a92bc7c7ff,2. Bundesliga,2025/2026,HOLDOUT,2026-04-18,12:00,MATCH_KICKOFF_TIME_TIMEZONE_NOT_STATED_BY_SOURCE,,NOT_VERIFIED_DO_NOT_INFER,Bielefeld,Nurnberg,1,1,D,EVALUATION_ONLY_JOIN_AFTER_PREMATCH_FEATURE_FREEZE,1.95,3.57,3.42,EXTERNAL_HISTORICAL_MARKET_BENCHMARK,NOT_AVAILABLE,NOT_GOLDBET,8b262e75eae8c36e5e6977a15f6e9ba06c6e3507e716d009eea60c5e5108e4e2
6cceec892204fe89a3bcfa61,2. Bundesliga,2025/2026,HOLDOUT,2026-04-18,12:00,MATCH_KICKOFF_TIME_TIMEZONE_NOT_STATED_BY_SOURCE,,NOT_VERIFIED_DO_NOT_INFER,Dresden,Bochum,2,0,H,EVALUATION_ONLY_JOIN_AFTER_PREMATCH_FEATURE_FREEZE,2.27,3.55,2.74,EXTERNAL_HISTORICAL_MARKET_BENCHMARK,NOT_AVAILABLE,NOT_GOLDBET,2364f6d9949dccd8db98406c831e93b8101959d3036b3ff5f1da2d8b283dafbb
32ef9bd06683477c697479b5,2. Bundesliga,2025/2026,HOLDOUT,2026-04-18,12:00,MATCH_KICKOFF_TIME_TIMEZONE_NOT_STATED_BY_SOURCE,,NOT_VERIFIED_DO_NOT_INFER,Magdeburg,Fortuna Dusseldorf,2,0,H,EVALUATION_ONLY_JOIN_AFTER_PREMATCH_FEATURE_FREEZE,1.83,3.71,3.72,EXTERNAL_HISTORICAL_MARKET_BENCHMARK,NOT_AVAILABLE,NOT_GOLDBET,f408d39a9cacf6da8bd2bd29261292cfb88416d1bdb1d60c0203f3810b6eef57
f2e34811527be461308395bd,2. Bundesliga,2025/2026,HOLDOUT,2026-04-18,19:30,MATCH_KICKOFF_TIME_TIMEZONE_NOT_STATED_BY_SOURCE,,NOT_VERIFIED_DO_NOT_INFER,Hannover,Paderborn,1,1,D,EVALUATION_ONLY_JOIN_AFTER_PREMATCH_FEATURE_FREEZE,2.22,3.53,2.89,EXTERNAL_HISTORICAL_MARKET_BENCHMARK,NOT_AVAILABLE,NOT_GOLDBET,50a961e0a71dc8c718607b520542cd60dbccd5700f9df3824f7ff0b0d7ef1539
4c0600fc5b2a2da6a3fb953b,2. Bundesliga,2025/2026,HOLDOUT,2026-04-19,12:30,MATCH_KICKOFF_TIME_TIMEZONE_NOT_STATED_BY_SOURCE,,NOT_VERIFIED_DO_NOT_INFER,Braunschweig,Hertha,1,1,D,EVALUATION_ONLY_JOIN_AFTER_PREMATCH_FEATURE_FREEZE,2.99,3.5,2.17,EXTERNAL_HISTORICAL_MARKET_BENCHMARK,NOT_AVAILABLE,NOT_GOLDBET,24fdd23dd05f1bab3ae1f04b90183822cec043ee68794e5942321a58e9cd8dff
31bbdfd6b203693d77e85abd,2. Bundesliga,2025/2026,HOLDOUT,2026-04-19,12:30,MATCH_KICKOFF_TIME_TIMEZONE_NOT_STATED_BY_SOURCE,,NOT_VERIFIED_DO_NOT_INFER,Greuther Furth,Darmstadt,3,2,H,EVALUATION_ONLY_JOIN_AFTER_PREMATCH_FEATURE_FREEZE,3.12,3.75,2.04,EXTERNAL_HISTORICAL_MARKET_BENCHMARK,NOT_AVAILABLE,NOT_GOLDBET,3d16f03d8943490240ba112da29ebb8c7c6316496a2dc65b9aeccfd453b3638d
ebd235f178489ba3af2890b2,2. Bundesliga,2025/2026,HOLDOUT,2026-04-19,12:30,MATCH_KICKOFF_TIME_TIMEZONE_NOT_STATED_BY_SOURCE,,NOT_VERIFIED_DO_NOT_INFER,Schalke 04,Preußen Münster,4,1,H,EVALUATION_ONLY_JOIN_AFTER_PREMATCH_FEATURE_FREEZE,1.53,3.96,5.7,EXTERNAL_HISTORICAL_MARKET_BENCHMARK,NOT_AVAILABLE,NOT_GOLDBET,1deca7fe7b509ba8381acb037dc5e2676ceddd5552d4e02d524223721e757349
e4c32a577d08f4462a5505f9,2. Bundesliga,2025/2026,HOLDOUT,2026-04-24,17:30,MATCH_KICKOFF_TIME_TIMEZONE_NOT_STATED_BY_SOURCE,,NOT_VERIFIED_DO_NOT_INFER,Fortuna Dusseldorf,Dresden,3,1,H,EVALUATION_ONLY_JOIN_AFTER_PREMATCH_FEATURE_FREEZE,2.28,3.45,2.77,EXTERNAL_HISTORICAL_MARKET_BENCHMARK,NOT_AVAILABLE,NOT_GOLDBET,8facdc46ec2865bafa68ef4c745201a24faa0d3a6a9f1c454fef16f6727bbdef
862112789a5d12cb9f617d31,2. Bundesliga,2025/2026,HOLDOUT,2026-04-24,17:30,MATCH_KICKOFF_TIME_TIMEZONE_NOT_STATED_BY_SOURCE,,NOT_VERIFIED_DO_NOT_INFER,Kaiserslautern,Braunschweig,0,2,A,EVALUATION_ONLY_JOIN_AFTER_PREMATCH_FEATURE_FREEZE,2.21,3.6,2.82,EXTERNAL_HISTORICAL_MARKET_BENCHMARK,NOT_AVAILABLE,NOT_GOLDBET,fabfeff4eeedd2cf91dabb59a634ddd7b1d2aa3b3cb87a42d0682f97663ab9c2
57b45ffe4397cfae2b8f4cd7,2. Bundesliga,2025/2026,HOLDOUT,2026-04-25,12:00,MATCH_KICKOFF_TIME_TIMEZONE_NOT_STATED_BY_SOURCE,,NOT_VERIFIED_DO_NOT_INFER,Hertha,Holstein Kiel,0,1,A,EVALUATION_ONLY_JOIN_AFTER_PREMATCH_FEATURE_FREEZE,1.74,3.83,4.01,EXTERNAL_HISTORICAL_MARKET_BENCHMARK,NOT_AVAILABLE,NOT_GOLDBET,5e23b204d62520d2b65213460f9cf98f3d064171c38520ebcc7a2d34907a2a5b
b410c4d80ca6194a56d2ec80,2. Bundesliga,2025/2026,HOLDOUT,2026-04-25,12:00,MATCH_KICKOFF_TIME_TIMEZONE_NOT_STATED_BY_SOURCE,,NOT_VERIFIED_DO_NOT_INFER,Karlsruhe,Hannover,1,3,A,EVALUATION_ONLY_JOIN_AFTER_PREMATCH_FEATURE_FREEZE,3.91,3.95,1.73,EXTERNAL_HISTORICAL_MARKET_BENCHMARK,NOT_AVAILABLE,NOT_GOLDBET,ffb83577e79bdc8a1e792eda8c71a0f2e7ad1b3295c909b49494ab7596839e38
0f6924b858f14128f95f1bfe,2. Bundesliga,2025/2026,HOLDOUT,2026-04-25,12:00,MATCH_KICKOFF_TIME_TIMEZONE_NOT_STATED_BY_SOURCE,,NOT_VERIFIED_DO_NOT_INFER,Preußen Münster,Bielefeld,2,3,A,EVALUATION_ONLY_JOIN_AFTER_PREMATCH_FEATURE_FREEZE,3.18,3.37,2.1,EXTERNAL_HISTORICAL_MARKET_BENCHMARK,NOT_AVAILABLE,NOT_GOLDBET,5407ae7ddc577916b7c39e3f63243a2ba8e5b493ab4a0e4a43ade8fb2ba43b7e
053ff98f973f6676db4dac1c,2. Bundesliga,2025/2026,HOLDOUT,2026-04-25,19:30,MATCH_KICKOFF_TIME_TIMEZONE_NOT_STATED_BY_SOURCE,,NOT_VERIFIED_DO_NOT_INFER,Darmstadt,Elversberg,3,3,D,EVALUATION_ONLY_JOIN_AFTER_PREMATCH_FEATURE_FREEZE,2.77,3.62,2.22,EXTERNAL_HISTORICAL_MARKET_BENCHMARK,NOT_AVAILABLE,NOT_GOLDBET,5af57755dc7343ac4fe48ce50ee722138baef0a60cf95526c8236ab400672444
48f398859551e80949eea4de,2. Bundesliga,2025/2026,HOLDOUT,2026-04-26,12:30,MATCH_KICKOFF_TIME_TIMEZONE_NOT_STATED_BY_SOURCE,,NOT_VERIFIED_DO_NOT_INFER,Bochum,Greuther Furth,2,1,H,EVALUATION_ONLY_JOIN_AFTER_PREMATCH_FEATURE_FREEZE,1.68,3.78,4.36,EXTERNAL_HISTORICAL_MARKET_BENCHMARK,NOT_AVAILABLE,NOT_GOLDBET,88c2b193a7ab465b4c2e714980c9b99e8f8cddbb95f4f9feca539fa02870f22a
84885a7a426c1bc76de6b15b,2. Bundesliga,2025/2026,HOLDOUT,2026-04-26,12:30,MATCH_KICKOFF_TIME_TIMEZONE_NOT_STATED_BY_SOURCE,,NOT_VERIFIED_DO_NOT_INFER,Nurnberg,Magdeburg,1,0,H,EVALUATION_ONLY_JOIN_AFTER_PREMATCH_FEATURE_FREEZE,2.35,3.5,2.66,EXTERNAL_HISTORICAL_MARKET_BENCHMARK,NOT_AVAILABLE,NOT_GOLDBET,63f8e051dbb92009566363eb0af72b116a72a7cdceb68917668787ba337bcb90
d08bfd0479b5f007314de1b4,2. Bundesliga,2025/2026,HOLDOUT,2026-04-26,12:30,MATCH_KICKOFF_TIME_TIMEZONE_NOT_STATED_BY_SOURCE,,NOT_VERIFIED_DO_NOT_INFER,Paderborn,Schalke 04,2,3,A,EVALUATION_ONLY_JOIN_AFTER_PREMATCH_FEATURE_FREEZE,2.4,3.25,2.76,EXTERNAL_HISTORICAL_MARKET_BENCHMARK,NOT_AVAILABLE,NOT_GOLDBET,f73e359686dd1920178b1d1be483533bb7cec9966087ef2a213914b03d44574f
9cf0eaaaa7bcb7710d478ad9,2. Bundesliga,2025/2026,HOLDOUT,2026-05-02,12:00,MATCH_KICKOFF_TIME_TIMEZONE_NOT_STATED_BY_SOURCE,,NOT_VERIFIED_DO_NOT_INFER,Bielefeld,Bochum,1,1,D,EVALUATION_ONLY_JOIN_AFTER_PREMATCH_FEATURE_FREEZE,1.95,3.63,3.34,EXTERNAL_HISTORICAL_MARKET_BENCHMARK,NOT_AVAILABLE,NOT_GOLDBET,1aacc9b0fc520370bd58511cf71d33d69b0b2aa8dcb226829a8daa3541465dd3
bcfca41f109d6a04ae188eb1,2. Bundesliga,2025/2026,HOLDOUT,2026-05-02,12:00,MATCH_KICKOFF_TIME_TIMEZONE_NOT_STATED_BY_SOURCE,,NOT_VERIFIED_DO_NOT_INFER,Dresden,Kaiserslautern,1,0,H,EVALUATION_ONLY_JOIN_AFTER_PREMATCH_FEATURE_FREEZE,1.56,4.14,4.96,EXTERNAL_HISTORICAL_MARKET_BENCHMARK,NOT_AVAILABLE,NOT_GOLDBET,720b9d512ed38c57cdbf7528aca26c2a258f225e6250c226807a90c600ac2723
443c47953d1006e2fd2975af,2. Bundesliga,2025/2026,HOLDOUT,2026-05-02,12:00,MATCH_KICKOFF_TIME_TIMEZONE_NOT_STATED_BY_SOURCE,,NOT_VERIFIED_DO_NOT_INFER,Holstein Kiel,Braunschweig,2,0,H,EVALUATION_ONLY_JOIN_AFTER_PREMATCH_FEATURE_FREEZE,2.39,3.29,2.75,EXTERNAL_HISTORICAL_MARKET_BENCHMARK,NOT_AVAILABLE,NOT_GOLDBET,a3e92aa88540d4359afea38ae3eadc1f21f33ab04c24b2c824dcdc7756e967b1
706594cd2b1e3f7532afda13,2. Bundesliga,2025/2026,HOLDOUT,2026-05-02,19:30,MATCH_KICKOFF_TIME_TIMEZONE_NOT_STATED_BY_SOURCE,,NOT_VERIFIED_DO_NOT_INFER,Schalke 04,Fortuna Dusseldorf,1,0,H,EVALUATION_ONLY_JOIN_AFTER_PREMATCH_FEATURE_FREEZE,1.52,4.12,5.42,EXTERNAL_HISTORICAL_MARKET_BENCHMARK,NOT_AVAILABLE,NOT_GOLDBET,9d825497017aba5a8176ee1e7f54ff4d30f2364919f2686ed0cd1c6cb9dbe2e8
2a94ef2180b24e5f81d0c196,2. Bundesliga,2025/2026,HOLDOUT,2026-05-03,12:30,MATCH_KICKOFF_TIME_TIMEZONE_NOT_STATED_BY_SOURCE,,NOT_VERIFIED_DO_NOT_INFER,Elversberg,Paderborn,5,1,H,EVALUATION_ONLY_JOIN_AFTER_PREMATCH_FEATURE_FREEZE,2.12,3.55,2.96,EXTERNAL_HISTORICAL_MARKET_BENCHMARK,NOT_AVAILABLE,NOT_GOLDBET,68bcb63fe5e002ded1df3e3150a41bbcd7c07757e2d9510ff8a4ea39cac1731a
b1178a63516ca39c5c3c49e6,2. Bundesliga,2025/2026,HOLDOUT,2026-05-03,12:30,MATCH_KICKOFF_TIME_TIMEZONE_NOT_STATED_BY_SOURCE,,NOT_VERIFIED_DO_NOT_INFER,Greuther Furth,Nurnberg,1,1,D,EVALUATION_ONLY_JOIN_AFTER_PREMATCH_FEATURE_FREEZE,2.54,3.5,2.45,EXTERNAL_HISTORICAL_MARKET_BENCHMARK,NOT_AVAILABLE,NOT_GOLDBET,047ea93ec19fb677be6eff31590c15ad9b72169b86db70b391c17535ea4fb94b
c057a33b4aa4a8260912c959,2. Bundesliga,2025/2026,HOLDOUT,2026-05-03,12:30,MATCH_KICKOFF_TIME_TIMEZONE_NOT_STATED_BY_SOURCE,,NOT_VERIFIED_DO_NOT_INFER,Hannover,Preußen Münster,3,3,D,EVALUATION_ONLY_JOIN_AFTER_PREMATCH_FEATURE_FREEZE,1.42,4.59,6.16,EXTERNAL_HISTORICAL_MARKET_BENCHMARK,NOT_AVAILABLE,NOT_GOLDBET,75f99ea398ca8fee7a2ac4da5d14917ab53921816500e9a876524d1ae482bb94
c82b07214924b22fe37521eb,2. Bundesliga,2025/2026,HOLDOUT,2026-05-03,12:30,MATCH_KICKOFF_TIME_TIMEZONE_NOT_STATED_BY_SOURCE,,NOT_VERIFIED_DO_NOT_INFER,Karlsruhe,Darmstadt,2,1,H,EVALUATION_ONLY_JOIN_AFTER_PREMATCH_FEATURE_FREEZE,2.52,3.74,2.36,EXTERNAL_HISTORICAL_MARKET_BENCHMARK,NOT_AVAILABLE,NOT_GOLDBET,aecdeca1c9a4cc42182f3de381a95fc93a13b37de7e958651fcfe0f797a37a00
b9972d5a1339c8f56fd05889,2. Bundesliga,2025/2026,HOLDOUT,2026-05-03,12:30,MATCH_KICKOFF_TIME_TIMEZONE_NOT_STATED_BY_SOURCE,,NOT_VERIFIED_DO_NOT_INFER,Magdeburg,Hertha,1,0,H,EVALUATION_ONLY_JOIN_AFTER_PREMATCH_FEATURE_FREEZE,1.94,3.82,3.22,EXTERNAL_HISTORICAL_MARKET_BENCHMARK,NOT_AVAILABLE,NOT_GOLDBET,432eadab25a919bb288a716cca8924a81e6293e1e47e58e13afcc1ee19333eb1
518d52b09c07983f9d95567d,2. Bundesliga,2025/2026,HOLDOUT,2026-05-08,17:30,MATCH_KICKOFF_TIME_TIMEZONE_NOT_STATED_BY_SOURCE,,NOT_VERIFIED_DO_NOT_INFER,Kaiserslautern,Bielefeld,2,0,H,EVALUATION_ONLY_JOIN_AFTER_PREMATCH_FEATURE_FREEZE,3.88,3.73,1.77,EXTERNAL_HISTORICAL_MARKET_BENCHMARK,NOT_AVAILABLE,NOT_GOLDBET,c6ab707fb8209aa2cadc11f8a6491346f24818a4f4efbdd860918bf72f80bc7a
6a1a50425594f87370bfc205,2. Bundesliga,2025/2026,HOLDOUT,2026-05-08,17:30,MATCH_KICKOFF_TIME_TIMEZONE_NOT_STATED_BY_SOURCE,,NOT_VERIFIED_DO_NOT_INFER,Paderborn,Karlsruhe,2,2,D,EVALUATION_ONLY_JOIN_AFTER_PREMATCH_FEATURE_FREEZE,1.36,5.07,6.43,EXTERNAL_HISTORICAL_MARKET_BENCHMARK,NOT_AVAILABLE,NOT_GOLDBET,befc0c49469e3a936ad64a99ceb1301e80f7f5bd65f084ef4ca104a1d751c903
2f830a828f23e089d8e148f2,2. Bundesliga,2025/2026,HOLDOUT,2026-05-09,12:00,MATCH_KICKOFF_TIME_TIMEZONE_NOT_STATED_BY_SOURCE,,NOT_VERIFIED_DO_NOT_INFER,Bochum,Hannover,1,1,D,EVALUATION_ONLY_JOIN_AFTER_PREMATCH_FEATURE_FREEZE,3.49,3.78,1.86,EXTERNAL_HISTORICAL_MARKET_BENCHMARK,NOT_AVAILABLE,NOT_GOLDBET,b7b3223761c8bd313c13d162bd7f97768b0cd711d474a25228b01ca1d665ba42
46c9339c4dc5d2e711b77283,2. Bundesliga,2025/2026,HOLDOUT,2026-05-09,12:00,MATCH_KICKOFF_TIME_TIMEZONE_NOT_STATED_BY_SOURCE,,NOT_VERIFIED_DO_NOT_INFER,Braunschweig,Dresden,2,1,H,EVALUATION_ONLY_JOIN_AFTER_PREMATCH_FEATURE_FREEZE,2.48,3.27,2.64,EXTERNAL_HISTORICAL_MARKET_BENCHMARK,NOT_AVAILABLE,NOT_GOLDBET,a7d9cb741052a786532c751dbb477cbf6a4e36ae865d00853900577fa3b5794a
97b253da4ed85455f0a4fbc1,2. Bundesliga,2025/2026,HOLDOUT,2026-05-09,12:00,MATCH_KICKOFF_TIME_TIMEZONE_NOT_STATED_BY_SOURCE,,NOT_VERIFIED_DO_NOT_INFER,Holstein Kiel,Magdeburg,1,3,A,EVALUATION_ONLY_JOIN_AFTER_PREMATCH_FEATURE_FREEZE,2.86,3.73,2.13,EXTERNAL_HISTORICAL_MARKET_BENCHMARK,NOT_AVAILABLE,NOT_GOLDBET,431779bfe490c3baa76c21bd305c3b743bd1b25ec61c04dfd935bcbc240c018d
7ec0260eb4643a61cda2b093,2. Bundesliga,2025/2026,HOLDOUT,2026-05-09,19:30,MATCH_KICKOFF_TIME_TIMEZONE_NOT_STATED_BY_SOURCE,,NOT_VERIFIED_DO_NOT_INFER,Nurnberg,Schalke 04,3,0,H,EVALUATION_ONLY_JOIN_AFTER_PREMATCH_FEATURE_FREEZE,2.37,3.6,2.57,EXTERNAL_HISTORICAL_MARKET_BENCHMARK,NOT_AVAILABLE,NOT_GOLDBET,c7649a4b1b876e501d174ab854c2462b75ddd49f9ad0d66d603fa689bc195ae7
439991a58bd5b2ff1208eace,2. Bundesliga,2025/2026,HOLDOUT,2026-05-10,12:30,MATCH_KICKOFF_TIME_TIMEZONE_NOT_STATED_BY_SOURCE,,NOT_VERIFIED_DO_NOT_INFER,Fortuna Dusseldorf,Elversberg,3,1,H,EVALUATION_ONLY_JOIN_AFTER_PREMATCH_FEATURE_FREEZE,3.12,3.6,2.05,EXTERNAL_HISTORICAL_MARKET_BENCHMARK,NOT_AVAILABLE,NOT_GOLDBET,e6feaa58e6a6cfaa59493afc076346616c7802253833546691335aa2c5042a94
c591b7a4b1a5b2c51f676aaa,2. Bundesliga,2025/2026,HOLDOUT,2026-05-10,12:30,MATCH_KICKOFF_TIME_TIMEZONE_NOT_STATED_BY_SOURCE,,NOT_VERIFIED_DO_NOT_INFER,Hertha,Greuther Furth,2,1,H,EVALUATION_ONLY_JOIN_AFTER_PREMATCH_FEATURE_FREEZE,1.78,3.93,3.71,EXTERNAL_HISTORICAL_MARKET_BENCHMARK,NOT_AVAILABLE,NOT_GOLDBET,a6085a244e88ec9310cb78ab24603d487f0a8cc421322617ecaf7ed43aa839a0
93a80573aa31faec64b892d4,2. Bundesliga,2025/2026,HOLDOUT,2026-05-10,12:30,MATCH_KICKOFF_TIME_TIMEZONE_NOT_STATED_BY_SOURCE,,NOT_VERIFIED_DO_NOT_INFER,Preußen Münster,Darmstadt,1,1,D,EVALUATION_ONLY_JOIN_AFTER_PREMATCH_FEATURE_FREEZE,2.15,3.78,2.8,EXTERNAL_HISTORICAL_MARKET_BENCHMARK,NOT_AVAILABLE,NOT_GOLDBET,9c23c73cdddc82fd0e03f2f269c1197e3e68e5f67a7e8d94fc78a75271b5e23a
31dc024f17a0eaf195d48f3d,2. Bundesliga,2025/2026,HOLDOUT,2026-05-17,14:30,MATCH_KICKOFF_TIME_TIMEZONE_NOT_STATED_BY_SOURCE,,NOT_VERIFIED_DO_NOT_INFER,Bielefeld,Hertha,6,1,H,EVALUATION_ONLY_JOIN_AFTER_PREMATCH_FEATURE_FREEZE,1.63,3.98,4.48,EXTERNAL_HISTORICAL_MARKET_BENCHMARK,NOT_AVAILABLE,NOT_GOLDBET,20d9caed2ef2264f83d3f7fe1b3ff5abe94cb3b882a9a78f754161fe5e985525
92255f4206ed13eff333b3af,2. Bundesliga,2025/2026,HOLDOUT,2026-05-17,14:30,MATCH_KICKOFF_TIME_TIMEZONE_NOT_STATED_BY_SOURCE,,NOT_VERIFIED_DO_NOT_INFER,Darmstadt,Paderborn,0,2,A,EVALUATION_ONLY_JOIN_AFTER_PREMATCH_FEATURE_FREEZE,3.45,3.9,1.85,EXTERNAL_HISTORICAL_MARKET_BENCHMARK,NOT_AVAILABLE,NOT_GOLDBET,b063af3efddf6c4c5c58ed124463f194cf301f934c059523fa6202d21660aec1
e3d7c7326c9b1949efcdd247,2. Bundesliga,2025/2026,HOLDOUT,2026-05-17,14:30,MATCH_KICKOFF_TIME_TIMEZONE_NOT_STATED_BY_SOURCE,,NOT_VERIFIED_DO_NOT_INFER,Dresden,Holstein Kiel,2,1,H,EVALUATION_ONLY_JOIN_AFTER_PREMATCH_FEATURE_FREEZE,1.71,3.89,4.04,EXTERNAL_HISTORICAL_MARKET_BENCHMARK,NOT_AVAILABLE,NOT_GOLDBET,c80f4b6dcae10d04adb4f0d6671d4778f4537b62d775aa0482ea9e75da473f37
8ce482ca2f93da75ab22a21f,2. Bundesliga,2025/2026,HOLDOUT,2026-05-17,14:30,MATCH_KICKOFF_TIME_TIMEZONE_NOT_STATED_BY_SOURCE,,NOT_VERIFIED_DO_NOT_INFER,Elversberg,Preußen Münster,3,0,H,EVALUATION_ONLY_JOIN_AFTER_PREMATCH_FEATURE_FREEZE,1.21,6.38,10.05,EXTERNAL_HISTORICAL_MARKET_BENCHMARK,NOT_AVAILABLE,NOT_GOLDBET,16b24739022ab831ac277d5f820a839c2d4954e1adbe9b1270ade36c23350117
1a9a7888d035e70f16ffeb48,2. Bundesliga,2025/2026,HOLDOUT,2026-05-17,14:30,MATCH_KICKOFF_TIME_TIMEZONE_NOT_STATED_BY_SOURCE,,NOT_VERIFIED_DO_NOT_INFER,Greuther Furth,Fortuna Dusseldorf,3,0,H,EVALUATION_ONLY_JOIN_AFTER_PREMATCH_FEATURE_FREEZE,2.03,3.64,3.12,EXTERNAL_HISTORICAL_MARKET_BENCHMARK,NOT_AVAILABLE,NOT_GOLDBET,5a721ee1fca9c26733d9ecaad79dfa7bff72ebd54eea6ab0addde5a08fc71bbf
ffe8efd769a17b49f0ab4781,2. Bundesliga,2025/2026,HOLDOUT,2026-05-17,14:30,MATCH_KICKOFF_TIME_TIMEZONE_NOT_STATED_BY_SOURCE,,NOT_VERIFIED_DO_NOT_INFER,Hannover,Nurnberg,3,3,D,EVALUATION_ONLY_JOIN_AFTER_PREMATCH_FEATURE_FREEZE,1.48,4.4,5.43,EXTERNAL_HISTORICAL_MARKET_BENCHMARK,NOT_AVAILABLE,NOT_GOLDBET,02e5546dc0486c15706ac65692d83ca705e728c04edc591458427b6f3a743811
88084f1665c936dd58883843,2. Bundesliga,2025/2026,HOLDOUT,2026-05-17,14:30,MATCH_KICKOFF_TIME_TIMEZONE_NOT_STATED_BY_SOURCE,,NOT_VERIFIED_DO_NOT_INFER,Karlsruhe,Bochum,1,2,A,EVALUATION_ONLY_JOIN_AFTER_PREMATCH_FEATURE_FREEZE,2.43,3.84,2.41,EXTERNAL_HISTORICAL_MARKET_BENCHMARK,NOT_AVAILABLE,NOT_GOLDBET,47bbabc8d620cdf92950c2606d60c1018f49d448c5e99c236e232b47e2f7f773
b04e88a50a58c2d3c32b6799,2. Bundesliga,2025/2026,HOLDOUT,2026-05-17,14:30,MATCH_KICKOFF_TIME_TIMEZONE_NOT_STATED_BY_SOURCE,,NOT_VERIFIED_DO_NOT_INFER,Magdeburg,Kaiserslautern,0,1,A,EVALUATION_ONLY_JOIN_AFTER_PREMATCH_FEATURE_FREEZE,1.49,4.59,5.05,EXTERNAL_HISTORICAL_MARKET_BENCHMARK,NOT_AVAILABLE,NOT_GOLDBET,b83a56f8898c60ab4dde75254e628af7c27fabb57deb33db5ba038bc04dad378
6a7f0b6e9a2b401c98975bce,2. Bundesliga,2025/2026,HOLDOUT,2026-05-17,14:30,MATCH_KICKOFF_TIME_TIMEZONE_NOT_STATED_BY_SOURCE,,NOT_VERIFIED_DO_NOT_INFER,Schalke 04,Braunschweig,1,0,H,EVALUATION_ONLY_JOIN_AFTER_PREMATCH_FEATURE_FREEZE,1.71,3.88,4.1,EXTERNAL_HISTORICAL_MARKET_BENCHMARK,NOT_AVAILABLE,NOT_GOLDBET,9b0cc11f410e0e3e746011184bea1cddd65aebe12022f508b5138779d3bbf91e
