Season,League,Date,Time,Home,Away,HG,AG,Res,AvgCH,AvgCD,AvgCA
2022/2023,2. Bundesliga,15/07/2022,19:30,Kaiserslautern,Hannover,2,1,H,2.47,3.37,2.82
2022/2023,2. Bundesliga,16/07/2022,12:00,Greuther Furth,Holstein Kiel,2,2,D,2.16,3.48,3.23
2022/2023,2. Bundesliga,16/07/2022,12:00,Regensburg,Darmstadt,2,0,H,3.31,3.76,2.04
2022/2023,2. Bundesliga,16/07/2022,12:00,Sandhausen,Bielefeld,2,1,H,2.78,3.23,2.55
2022/2023,2. Bundesliga,16/07/2022,12:00,St Pauli,Nurnberg,3,2,H,2.52,3.45,2.69
2022/2023,2. Bundesliga,16/07/2022,19:30,Magdeburg,Fortuna Dusseldorf,1,2,A,2.33,3.62,2.83
2022/2023,2. Bundesliga,17/07/2022,12:30,Braunschweig,Hamburg,0,2,A,4.62,3.85,1.72
2022/2023,2. Bundesliga,17/07/2022,12:30,Hansa Rostock,Heidenheim,0,1,A,2.37,3.31,2.99
2022/2023,2. Bundesliga,17/07/2022,12:30,Paderborn,Karlsruhe,5,0,H,1.72,3.98,4.39
2022/2023,2. Bundesliga,22/07/2022,17:30,Darmstadt,Sandhausen,2,1,H,1.8,3.83,4.13
2022/2023,2. Bundesliga,22/07/2022,17:30,Fortuna Dusseldorf,Paderborn,2,1,H,2.23,3.63,2.98
2022/2023,2. Bundesliga,23/07/2022,12:00,Heidenheim,Braunschweig,3,0,H,2.06,3.41,3.56
2022/2023,2. Bundesliga,23/07/2022,12:00,Holstein Kiel,Kaiserslautern,2,2,D,2.33,3.45,2.95
2022/2023,2. Bundesliga,23/07/2022,12:00,Nurnberg,Greuther Furth,2,0,H,2.74,3.5,2.47
2022/2023,2. Bundesliga,23/07/2022,19:30,Hannover,St Pauli,2,2,D,2.28,3.61,2.93
2022/2023,2. Bundesliga,24/07/2022,12:30,Bielefeld,Regensburg,0,3,A,2.14,3.47,3.34
2022/2023,2. Bundesliga,24/07/2022,12:30,Hamburg,Hansa Rostock,0,1,A,1.54,4.27,5.68
2022/2023,2. Bundesliga,24/07/2022,12:30,Karlsruhe,Magdeburg,2,3,A,2.73,3.58,2.42
2022/2023,2. Bundesliga,05/08/2022,17:30,Greuther Furth,Karlsruhe,1,1,D,1.93,3.85,3.57
2022/2023,2. Bundesliga,05/08/2022,17:30,Sandhausen,Fortuna Dusseldorf,1,0,H,3.16,3.35,2.26
2022/2023,2. Bundesliga,06/08/2022,12:00,Hamburg,Heidenheim,1,0,H,1.72,3.98,4.4
2022/2023,2. Bundesliga,06/08/2022,12:00,Paderborn,Hannover,4,2,H,1.99,3.82,3.4
2022/2023,2. Bundesliga,06/08/2022,12:00,Regensburg,Nurnberg,0,0,D,2.6,3.43,2.6
2022/2023,2. Bundesliga,06/08/2022,19:30,Hansa Rostock,Bielefeld,2,1,H,2.35,3.29,3.02
2022/2023,2. Bundesliga,07/08/2022,12:30,Braunschweig,Darmstadt,0,1,A,3.34,3.65,2.07
2022/2023,2. Bundesliga,07/08/2022,12:30,Kaiserslautern,St Pauli,2,1,H,2.3,3.61,2.89
2022/2023,2. Bundesliga,07/08/2022,12:30,Magdeburg,Holstein Kiel,1,2,A,1.98,3.93,3.34
2022/2023,2. Bundesliga,12/08/2022,17:30,Kaiserslautern,Paderborn,0,1,A,2.75,3.62,2.41
2022/2023,2. Bundesliga,12/08/2022,17:30,Nurnberg,Heidenheim,0,3,A,1.94,3.62,3.72
2022/2023,2. Bundesliga,13/08/2022,12:00,Bielefeld,Hamburg,0,2,A,3.28,3.7,2.06
2022/2023,2. Bundesliga,13/08/2022,12:00,Holstein Kiel,Braunschweig,3,0,H,2.1,3.63,3.27
2022/2023,2. Bundesliga,13/08/2022,12:00,Karlsruhe,Sandhausen,3,2,H,2.42,3.41,2.84
2022/2023,2. Bundesliga,13/08/2022,19:30,Darmstadt,Hansa Rostock,4,0,H,1.59,4.16,5.22
2022/2023,2. Bundesliga,14/08/2022,12:30,Fortuna Dusseldorf,Greuther Furth,2,2,D,2.01,3.63,3.5
2022/2023,2. Bundesliga,14/08/2022,12:30,Hannover,Regensburg,1,0,H,2.05,3.69,3.35
2022/2023,2. Bundesliga,14/08/2022,12:30,St Pauli,Magdeburg,3,0,H,1.68,4.33,4.33
2022/2023,2. Bundesliga,19/08/2022,17:30,Hamburg,Darmstadt,1,2,A,2.17,3.69,3.05
2022/2023,2. Bundesliga,19/08/2022,17:30,Magdeburg,Hannover,0,4,A,2.48,3.69,2.6
2022/2023,2. Bundesliga,20/08/2022,12:00,Paderborn,Holstein Kiel,7,2,H,1.63,4.46,4.48
2022/2023,2. Bundesliga,20/08/2022,12:00,Regensburg,Karlsruhe,0,6,A,2.26,3.53,3
2022/2023,2. Bundesliga,20/08/2022,12:00,Sandhausen,Nurnberg,1,2,A,2.54,3.37,2.71
2022/2023,2. Bundesliga,20/08/2022,19:30,Braunschweig,Fortuna Dusseldorf,2,2,D,3.45,3.61,2.03
2022/2023,2. Bundesliga,21/08/2022,12:30,Greuther Furth,Kaiserslautern,1,3,A,2.25,3.39,3.14
2022/2023,2. Bundesliga,21/08/2022,12:30,Hansa Rostock,St Pauli,2,0,H,2.64,3.49,2.54
2022/2023,2. Bundesliga,21/08/2022,12:30,Heidenheim,Bielefeld,1,1,D,1.74,3.85,4.5
2022/2023,2. Bundesliga,26/08/2022,17:30,Bielefeld,Braunschweig,4,1,H,2.03,3.62,3.47
2022/2023,2. Bundesliga,26/08/2022,17:30,Fortuna Dusseldorf,Regensburg,4,0,H,1.67,3.98,4.81
2022/2023,2. Bundesliga,27/08/2022,12:00,Darmstadt,Heidenheim,2,2,D,1.82,3.84,4.01
2022/2023,2. Bundesliga,27/08/2022,12:00,Karlsruhe,Hansa Rostock,2,0,H,2.09,3.54,3.35
2022/2023,2. Bundesliga,27/08/2022,12:00,St Pauli,Paderborn,2,2,D,2.61,3.87,2.39
2022/2023,2. Bundesliga,27/08/2022,19:30,Nurnberg,Hamburg,0,2,A,3.19,3.61,2.13
2022/2023,2. Bundesliga,28/08/2022,12:30,Hannover,Greuther Furth,2,1,H,2.17,3.55,3.15
2022/2023,2. Bundesliga,28/08/2022,12:30,Holstein Kiel,Sandhausen,1,0,H,1.91,3.72,3.71
2022/2023,2. Bundesliga,28/08/2022,12:30,Kaiserslautern,Magdeburg,4,4,D,1.69,4.15,4.41
2022/2023,2. Bundesliga,02/09/2022,17:30,Braunschweig,Nurnberg,4,2,H,2.77,3.47,2.44
2022/2023,2. Bundesliga,02/09/2022,17:30,Heidenheim,Fortuna Dusseldorf,2,1,H,2.56,3.35,2.71
2022/2023,2. Bundesliga,03/09/2022,12:00,Greuther Furth,St Pauli,2,2,D,2.36,3.5,2.85
2022/2023,2. Bundesliga,03/09/2022,12:00,Paderborn,Magdeburg,1,0,H,1.45,5.09,5.78
2022/2023,2. Bundesliga,03/09/2022,12:00,Regensburg,Holstein Kiel,0,0,D,2.7,3.4,2.54
2022/2023,2. Bundesliga,03/09/2022,19:30,Hamburg,Karlsruhe,1,0,H,1.73,4.05,4.27
2022/2023,2. Bundesliga,04/09/2022,12:30,Darmstadt,Bielefeld,1,1,D,1.55,4.42,5.33
2022/2023,2. Bundesliga,04/09/2022,12:30,Hansa Rostock,Hannover,0,1,A,2.53,3.37,2.73
2022/2023,2. Bundesliga,04/09/2022,12:30,Sandhausen,Kaiserslautern,0,0,D,3.06,3.28,2.34
2022/2023,2. Bundesliga,09/09/2022,17:30,Holstein Kiel,Hamburg,2,3,A,3.53,3.69,1.98
2022/2023,2. Bundesliga,09/09/2022,17:30,Nurnberg,Bielefeld,1,0,H,2.29,3.44,3.02
2022/2023,2. Bundesliga,10/09/2022,12:00,Hannover,Braunschweig,1,1,D,1.94,3.7,3.65
2022/2023,2. Bundesliga,10/09/2022,12:00,Karlsruhe,Heidenheim,0,0,D,2.3,3.53,2.93
2022/2023,2. Bundesliga,10/09/2022,12:00,Paderborn,Regensburg,3,0,H,1.53,4.52,5.43
2022/2023,2. Bundesliga,10/09/2022,19:30,Fortuna Dusseldorf,Hansa Rostock,3,1,H,1.83,3.57,4.29
2022/2023,2. Bundesliga,11/09/2022,12:30,Kaiserslautern,Darmstadt,3,3,D,3.45,3.64,2.02
2022/2023,2. Bundesliga,11/09/2022,12:30,Magdeburg,Greuther Furth,2,1,H,2.93,3.73,2.23
2022/2023,2. Bundesliga,11/09/2022,12:30,St Pauli,Sandhausen,1,1,D,1.67,3.85,5.03
2022/2023,2. Bundesliga,16/09/2022,17:30,Braunschweig,Karlsruhe,2,1,H,3.02,3.57,2.24
2022/2023,2. Bundesliga,16/09/2022,17:30,Sandhausen,Hannover,2,3,A,3,3.35,2.34
2022/2023,2. Bundesliga,17/09/2022,12:00,Bielefeld,Holstein Kiel,4,2,H,2.31,3.49,2.94
2022/2023,2. Bundesliga,17/09/2022,12:00,Darmstadt,Nurnberg,2,0,H,1.69,4.05,4.53
2022/2023,2. Bundesliga,17/09/2022,12:00,Hansa Rostock,Magdeburg,3,1,H,2.04,3.62,3.42
2022/2023,2. Bundesliga,17/09/2022,19:30,Hamburg,Fortuna Dusseldorf,2,0,H,2.03,3.61,3.47
2022/2023,2. Bundesliga,18/09/2022,12:30,Greuther Furth,Paderborn,2,1,H,3.23,3.82,2.06
2022/2023,2. Bundesliga,18/09/2022,12:30,Heidenheim,Kaiserslautern,2,2,D,2.03,3.51,3.56
2022/2023,2. Bundesliga,18/09/2022,12:30,Regensburg,St Pauli,2,0,H,4.01,3.83,1.83
2022/2023,2. Bundesliga,30/09/2022,17:30,Hannover,Hamburg,1,2,A,3.36,3.63,2.06
2022/2023,2. Bundesliga,30/09/2022,17:30,Paderborn,Darmstadt,1,2,A,2.45,3.7,2.63
2022/2023,2. Bundesliga,01/10/2022,12:00,Fortuna Dusseldorf,Bielefeld,4,1,H,1.73,3.85,4.54
2022/2023,2. Bundesliga,01/10/2022,12:00,Greuther Furth,Sandhausen,1,1,D,1.9,3.53,3.99
2022/2023,2. Bundesliga,01/10/2022,12:00,Holstein Kiel,Hansa Rostock,1,1,D,1.95,3.61,3.69
2022/2023,2. Bundesliga,01/10/2022,19:30,St Pauli,Heidenheim,0,0,D,2.31,3.41,3
2022/2023,2. Bundesliga,02/10/2022,12:30,Kaiserslautern,Braunschweig,1,1,D,1.95,3.64,3.69
2022/2023,2. Bundesliga,02/10/2022,12:30,Karlsruhe,Nurnberg,3,0,H,2.15,3.59,3.18
2022/2023,2. Bundesliga,02/10/2022,12:30,Magdeburg,Regensburg,1,0,H,1.75,3.88,4.39
2022/2023,2. Bundesliga,07/10/2022,17:30,Bielefeld,Karlsruhe,1,2,A,3.29,3.62,2.1
2022/2023,2. Bundesliga,07/10/2022,17:30,Regensburg,Greuther Furth,2,2,D,3.12,3.32,2.3
2022/2023,2. Bundesliga,08/10/2022,12:00,Braunschweig,St Pauli,2,1,H,2.65,3.52,2.52
2022/2023,2. Bundesliga,08/10/2022,12:00,Darmstadt,Fortuna Dusseldorf,1,0,H,2.16,3.58,3.16
2022/2023,2. Bundesliga,08/10/2022,12:00,Hansa Rostock,Paderborn,0,3,A,3.19,3.58,2.15
2022/2023,2. Bundesliga,08/10/2022,19:30,Hamburg,Kaiserslautern,1,1,D,1.67,3.97,4.87
2022/2023,2. Bundesliga,09/10/2022,12:30,Heidenheim,Hannover,2,1,H,1.89,3.7,3.86
2022/2023,2. Bundesliga,09/10/2022,12:30,Nurnberg,Holstein Kiel,2,3,A,2.19,3.62,3.08
2022/2023,2. Bundesliga,09/10/2022,12:30,Sandhausen,Magdeburg,1,0,H,2.48,3.47,2.74
2022/2023,2. Bundesliga,14/10/2022,17:30,Greuther Furth,Hansa Rostock,2,2,D,2.17,3.35,3.35
2022/2023,2. Bundesliga,14/10/2022,17:30,St Pauli,Hamburg,3,0,H,2.93,3.49,2.32
2022/2023,2. Bundesliga,15/10/2022,12:00,Fortuna Dusseldorf,Nurnberg,0,1,A,1.84,3.7,4.1
2022/2023,2. Bundesliga,15/10/2022,12:00,Karlsruhe,Darmstadt,1,2,A,2.78,3.48,2.43
2022/2023,2. Bundesliga,15/10/2022,12:00,Magdeburg,Braunschweig,0,2,A,2.3,3.62,2.88
2022/2023,2. Bundesliga,15/10/2022,19:30,Hannover,Bielefeld,2,0,H,1.94,3.65,3.75
2022/2023,2. Bundesliga,16/10/2022,12:30,Holstein Kiel,Heidenheim,3,1,H,2.45,3.39,2.8
2022/2023,2. Bundesliga,16/10/2022,12:30,Kaiserslautern,Regensburg,0,3,A,1.82,3.55,4.34
2022/2023,2. Bundesliga,16/10/2022,12:30,Paderborn,Sandhausen,3,0,H,1.42,4.7,7.14
2022/2023,2. Bundesliga,21/10/2022,17:30,Darmstadt,Holstein Kiel,1,1,D,1.79,3.89,4.14
2022/2023,2. Bundesliga,21/10/2022,17:30,Hansa Rostock,Kaiserslautern,0,2,A,2.89,3.3,2.45
2022/2023,2. Bundesliga,22/10/2022,12:00,Braunschweig,Paderborn,0,0,D,3.83,3.87,1.86
2022/2023,2. Bundesliga,22/10/2022,12:00,Nurnberg,Hannover,0,0,D,2,3.53,3.64
2022/2023,2. Bundesliga,22/10/2022,12:00,Regensburg,Sandhausen,2,1,H,2.03,3.37,3.75
2022/2023,2. Bundesliga,22/10/2022,19:30,Bielefeld,St Pauli,2,0,H,3.18,3.48,2.19
2022/2023,2. Bundesliga,23/10/2022,12:30,Hamburg,Magdeburg,2,3,A,1.55,4.57,5.18
2022/2023,2. Bundesliga,23/10/2022,12:30,Heidenheim,Greuther Furth,3,1,H,2.15,3.39,3.35
2022/2023,2. Bundesliga,23/10/2022,12:30,Karlsruhe,Fortuna Dusseldorf,0,2,A,2.2,3.46,3.19
2022/2023,2. Bundesliga,28/10/2022,17:30,Greuther Furth,Bielefeld,1,0,H,1.97,3.61,3.67
2022/2023,2. Bundesliga,28/10/2022,17:30,Magdeburg,Heidenheim,1,1,D,2.84,3.52,2.37
2022/2023,2. Bundesliga,29/10/2022,12:00,Holstein Kiel,Fortuna Dusseldorf,1,2,A,2.42,3.54,2.75
2022/2023,2. Bundesliga,29/10/2022,12:00,Kaiserslautern,Nurnberg,0,0,D,2.17,3.41,3.28
2022/2023,2. Bundesliga,29/10/2022,12:00,Regensburg,Hansa Rostock,0,3,A,2.34,3.36,3.01
2022/2023,2. Bundesliga,29/10/2022,19:30,St Pauli,Darmstadt,1,1,D,2.6,3.4,2.63
2022/2023,2. Bundesliga,30/10/2022,12:30,Hannover,Karlsruhe,1,0,H,2.49,3.38,2.77
2022/2023,2. Bundesliga,30/10/2022,12:30,Paderborn,Hamburg,2,3,A,2.2,3.83,2.92
2022/2023,2. Bundesliga,30/10/2022,12:30,Sandhausen,Braunschweig,2,2,D,3.1,3.29,2.31
2022/2023,2. Bundesliga,04/11/2022,17:30,Darmstadt,Hannover,1,0,H,1.79,3.77,4.23
2022/2023,2. Bundesliga,04/11/2022,17:30,Hansa Rostock,Sandhausen,0,1,A,1.98,3.3,4.03
2022/2023,2. Bundesliga,05/11/2022,12:00,Fortuna Dusseldorf,St Pauli,1,0,H,2.33,3.4,3.01
2022/2023,2. Bundesliga,05/11/2022,12:00,Heidenheim,Paderborn,3,0,H,2.87,3.24,2.49
2022/2023,2. Bundesliga,05/11/2022,12:00,Karlsruhe,Holstein Kiel,1,4,A,2.36,3.64,2.79
2022/2023,2. Bundesliga,05/11/2022,19:30,Bielefeld,Kaiserslautern,2,3,A,2.99,3.34,2.36
2022/2023,2. Bundesliga,06/11/2022,12:30,Braunschweig,Greuther Furth,0,1,A,2.55,3.31,2.74
2022/2023,2. Bundesliga,06/11/2022,12:30,Hamburg,Regensburg,3,1,H,1.43,4.76,6.66
2022/2023,2. Bundesliga,06/11/2022,12:30,Nurnberg,Magdeburg,1,2,A,2.08,3.51,3.42
2022/2023,2. Bundesliga,08/11/2022,17:30,Hannover,Fortuna Dusseldorf,2,0,H,2.72,3.29,2.59
2022/2023,2. Bundesliga,08/11/2022,17:30,Kaiserslautern,Karlsruhe,2,0,H,2.42,3.36,2.89
2022/2023,2. Bundesliga,08/11/2022,17:30,Paderborn,Bielefeld,0,2,A,1.53,4.43,5.62
2022/2023,2. Bundesliga,08/11/2022,17:30,St Pauli,Holstein Kiel,0,0,D,2.19,3.56,3.12
2022/2023,2. Bundesliga,09/11/2022,17:30,Greuther Furth,Hamburg,1,0,H,3.15,3.57,2.17
2022/2023,2. Bundesliga,09/11/2022,17:30,Hansa Rostock,Nurnberg,1,1,D,2.44,3.11,3.05
2022/2023,2. Bundesliga,09/11/2022,17:30,Regensburg,Braunschweig,1,1,D,2.66,3.28,2.66
2022/2023,2. Bundesliga,09/11/2022,17:30,Sandhausen,Heidenheim,3,4,A,3.19,3.24,2.29
2022/2023,2. Bundesliga,10/11/2022,19:30,Magdeburg,Darmstadt,0,1,A,3.26,3.66,2.08
2022/2023,2. Bundesliga,11/11/2022,17:30,Fortuna Dusseldorf,Kaiserslautern,1,2,A,1.96,3.46,3.84
2022/2023,2. Bundesliga,11/11/2022,17:30,Holstein Kiel,Hannover,1,1,D,1.94,3.7,3.68
2022/2023,2. Bundesliga,12/11/2022,12:00,Hamburg,Sandhausen,4,2,H,1.5,4.52,5.82
2022/2023,2. Bundesliga,12/11/2022,12:00,Heidenheim,Regensburg,5,4,H,1.78,3.7,4.39
2022/2023,2. Bundesliga,12/11/2022,12:00,Karlsruhe,St Pauli,4,4,D,2.23,3.35,3.22
2022/2023,2. Bundesliga,12/11/2022,19:30,Braunschweig,Hansa Rostock,0,1,A,2.56,3.1,2.88
2022/2023,2. Bundesliga,13/11/2022,12:30,Bielefeld,Magdeburg,3,1,H,2.39,3.67,2.7
2022/2023,2. Bundesliga,13/11/2022,12:30,Darmstadt,Greuther Furth,1,1,D,2.08,3.43,3.5
2022/2023,2. Bundesliga,13/11/2022,12:30,Nurnberg,Paderborn,2,1,H,2.86,3.36,2.43
2022/2023,2. Bundesliga,27/01/2023,17:30,Fortuna Dusseldorf,Magdeburg,3,2,H,1.7,3.9,4.7
2022/2023,2. Bundesliga,27/01/2023,17:30,Karlsruhe,Paderborn,0,1,A,2.56,3.55,2.58
2022/2023,2. Bundesliga,28/01/2023,12:00,Darmstadt,Regensburg,2,0,H,1.54,4.21,5.81
2022/2023,2. Bundesliga,28/01/2023,12:00,Heidenheim,Hansa Rostock,2,0,H,1.89,3.49,4.14
2022/2023,2. Bundesliga,28/01/2023,12:00,Holstein Kiel,Greuther Furth,2,1,H,2.58,3.27,2.74
2022/2023,2. Bundesliga,28/01/2023,19:30,Hannover,Kaiserslautern,1,3,A,2.24,3.22,3.32
2022/2023,2. Bundesliga,29/01/2023,12:30,Bielefeld,Sandhausen,1,2,A,2.13,3.27,3.51
2022/2023,2. Bundesliga,29/01/2023,12:30,Hamburg,Braunschweig,4,2,H,1.41,4.91,6.75
2022/2023,2. Bundesliga,29/01/2023,12:30,Nurnberg,St Pauli,0,1,A,2.78,3.38,2.47
2022/2023,2. Bundesliga,03/02/2023,17:30,Paderborn,Fortuna Dusseldorf,4,1,H,2.38,3.41,2.91
2022/2023,2. Bundesliga,03/02/2023,17:30,Sandhausen,Darmstadt,0,4,A,3.64,3.24,2.1
2022/2023,2. Bundesliga,04/02/2023,12:00,Braunschweig,Heidenheim,2,0,H,3.06,3.21,2.38
2022/2023,2. Bundesliga,04/02/2023,12:00,Kaiserslautern,Holstein Kiel,2,1,H,2.37,3.44,2.9
2022/2023,2. Bundesliga,04/02/2023,12:00,Regensburg,Bielefeld,1,3,A,2.54,3.26,2.8
2022/2023,2. Bundesliga,04/02/2023,19:30,Greuther Furth,Nurnberg,1,0,H,2.12,3.19,3.67
2022/2023,2. Bundesliga,05/02/2023,12:30,Hansa Rostock,Hamburg,0,2,A,3.89,3.63,1.9
2022/2023,2. Bundesliga,05/02/2023,12:30,Magdeburg,Karlsruhe,1,1,D,2.71,3.43,2.51
2022/2023,2. Bundesliga,05/02/2023,12:30,St Pauli,Hannover,2,0,H,1.94,3.57,3.82
2022/2023,2. Bundesliga,10/02/2023,17:30,Bielefeld,Hansa Rostock,0,1,A,2.28,3.16,3.31
2022/2023,2. Bundesliga,10/02/2023,17:30,Karlsruhe,Greuther Furth,2,1,H,2.55,3.33,2.74
2022/2023,2. Bundesliga,11/02/2023,12:00,Hannover,Paderborn,3,4,A,3.03,3.47,2.28
2022/2023,2. Bundesliga,11/02/2023,12:00,Holstein Kiel,Magdeburg,2,3,A,1.83,3.82,4.01
2022/2023,2. Bundesliga,11/02/2023,12:00,Nurnberg,Regensburg,1,0,H,2.09,3.33,3.56
2022/2023,2. Bundesliga,11/02/2023,19:30,Heidenheim,Hamburg,3,3,D,2.89,3.55,2.32
2022/2023,2. Bundesliga,12/02/2023,12:30,Darmstadt,Braunschweig,2,1,H,1.59,4.14,5.36
2022/2023,2. Bundesliga,12/02/2023,12:30,Fortuna Dusseldorf,Sandhausen,2,0,H,1.64,3.87,5.39
2022/2023,2. Bundesliga,12/02/2023,12:30,St Pauli,Kaiserslautern,1,0,H,2.02,3.45,3.67
2022/2023,2. Bundesliga,17/02/2023,17:30,Braunschweig,Holstein Kiel,2,3,A,2.87,3.45,2.39
2022/2023,2. Bundesliga,17/02/2023,17:30,Paderborn,Kaiserslautern,1,0,H,1.98,3.55,3.7
2022/2023,2. Bundesliga,18/02/2023,12:00,Greuther Furth,Fortuna Dusseldorf,2,1,H,2.35,3.29,3.03
2022/2023,2. Bundesliga,18/02/2023,12:00,Magdeburg,St Pauli,1,2,A,3.36,3.59,2.07
2022/2023,2. Bundesliga,18/02/2023,12:00,Regensburg,Hannover,1,1,D,2.92,3.31,2.43
2022/2023,2. Bundesliga,18/02/2023,19:30,Hansa Rostock,Darmstadt,0,1,A,3.13,3.21,2.34
2022/2023,2. Bundesliga,19/02/2023,12:30,Hamburg,Bielefeld,2,1,H,1.53,4.42,5.59
2022/2023,2. Bundesliga,19/02/2023,12:30,Heidenheim,Nurnberg,5,0,H,1.91,3.3,4.3
2022/2023,2. Bundesliga,19/02/2023,12:30,Sandhausen,Karlsruhe,0,3,A,3.29,3.35,2.2
2022/2023,2. Bundesliga,24/02/2023,17:30,Fortuna Dusseldorf,Braunschweig,3,1,H,1.61,4.11,5.17
2022/2023,2. Bundesliga,24/02/2023,17:30,Karlsruhe,Regensburg,1,0,H,1.77,3.77,4.41
2022/2023,2. Bundesliga,25/02/2023,12:00,Holstein Kiel,Paderborn,1,1,D,2.57,3.63,2.56
2022/2023,2. Bundesliga,25/02/2023,12:00,Kaiserslautern,Greuther Furth,3,1,H,2.31,3.21,3.2
2022/2023,2. Bundesliga,25/02/2023,12:00,Nurnberg,Sandhausen,1,0,H,1.87,3.42,4.36
2022/2023,2. Bundesliga,25/02/2023,19:30,Darmstadt,Hamburg,1,1,D,2.5,3.53,2.67
2022/2023,2. Bundesliga,26/02/2023,12:30,Bielefeld,Heidenheim,0,1,A,2.89,3.23,2.49
2022/2023,2. Bundesliga,26/02/2023,12:30,Hannover,Magdeburg,1,2,A,2.02,3.84,3.31
2022/2023,2. Bundesliga,26/02/2023,12:30,St Pauli,Hansa Rostock,1,0,H,1.67,3.63,5.48
2022/2023,2. Bundesliga,03/03/2023,17:30,Magdeburg,Kaiserslautern,2,0,H,2.77,3.52,2.42
2022/2023,2. Bundesliga,03/03/2023,17:30,Paderborn,St Pauli,1,2,A,2.46,3.27,2.9
2022/2023,2. Bundesliga,04/03/2023,12:00,Hamburg,Nurnberg,3,0,H,1.51,4.33,6.04
2022/2023,2. Bundesliga,04/03/2023,12:00,Regensburg,Fortuna Dusseldorf,0,1,A,3.36,3.39,2.16
2022/2023,2. Bundesliga,04/03/2023,12:00,Sandhausen,Holstein Kiel,1,1,D,3.83,3.59,1.94
2022/2023,2. Bundesliga,04/03/2023,19:30,Heidenheim,Darmstadt,1,0,H,2.36,3.22,3.08
2022/2023,2. Bundesliga,05/03/2023,12:30,Braunschweig,Bielefeld,3,3,D,2.62,3.29,2.68
2022/2023,2. Bundesliga,05/03/2023,12:30,Greuther Furth,Hannover,1,1,D,1.81,3.72,4.21
2022/2023,2. Bundesliga,05/03/2023,12:30,Hansa Rostock,Karlsruhe,0,2,A,2.72,3.25,2.59
2022/2023,2. Bundesliga,10/03/2023,17:30,Kaiserslautern,Sandhausen,2,2,D,1.76,3.59,4.66
2022/2023,2. Bundesliga,10/03/2023,17:30,Nurnberg,Braunschweig,2,0,H,2.3,3.19,3.21
2022/2023,2. Bundesliga,11/03/2023,12:00,Bielefeld,Darmstadt,3,1,H,3.06,3.36,2.29
2022/2023,2. Bundesliga,11/03/2023,12:00,Magdeburg,Paderborn,0,0,D,2.61,3.62,2.49
2022/2023,2. Bundesliga,11/03/2023,12:00,St Pauli,Greuther Furth,2,1,H,2.16,3.31,3.36
2022/2023,2. Bundesliga,11/03/2023,19:30,Fortuna Dusseldorf,Heidenheim,1,1,D,2.11,3.29,3.52
2022/2023,2. Bundesliga,12/03/2023,12:30,Hannover,Hansa Rostock,1,1,D,2.19,3.32,3.31
2022/2023,2. Bundesliga,12/03/2023,12:30,Holstein Kiel,Regensburg,1,2,A,1.84,3.75,4
2022/2023,2. Bundesliga,12/03/2023,12:30,Karlsruhe,Hamburg,4,2,H,2.95,3.69,2.22
2022/2023,2. Bundesliga,17/03/2023,17:30,Bielefeld,Nurnberg,2,2,D,2.1,3.26,3.61
2022/2023,2. Bundesliga,17/03/2023,17:30,Heidenheim,Karlsruhe,5,2,H,2.24,3.36,3.15
2022/2023,2. Bundesliga,18/03/2023,12:00,Greuther Furth,Magdeburg,3,0,H,1.99,3.69,3.42
2022/2023,2. Bundesliga,18/03/2023,12:00,Hamburg,Holstein Kiel,0,0,D,1.68,4.27,4.33
2022/2023,2. Bundesliga,18/03/2023,12:00,Regensburg,Paderborn,1,0,H,3.23,3.44,2.17
2022/2023,2. Bundesliga,18/03/2023,19:30,Darmstadt,Kaiserslautern,2,0,H,1.92,3.48,3.95
2022/2023,2. Bundesliga,19/03/2023,12:30,Braunschweig,Hannover,1,0,H,2.39,3.45,2.82
2022/2023,2. Bundesliga,19/03/2023,12:30,Hansa Rostock,Fortuna Dusseldorf,2,5,A,3.28,3.3,2.2
2022/2023,2. Bundesliga,19/03/2023,12:30,Sandhausen,St Pauli,0,5,A,4.03,3.5,1.89
2022/2023,2. Bundesliga,31/03/2023,17:30,Fortuna Dusseldorf,Hamburg,2,2,D,2.35,3.63,2.77
2022/2023,2. Bundesliga,31/03/2023,17:30,Nurnberg,Darmstadt,0,1,A,3.18,3.18,2.3
2022/2023,2. Bundesliga,01/04/2023,12:00,Hannover,Sandhausen,3,1,H,1.79,3.66,4.37
2022/2023,2. Bundesliga,01/04/2023,12:00,Karlsruhe,Braunschweig,1,1,D,1.78,3.8,4.21
2022/2023,2. Bundesliga,01/04/2023,12:00,St Pauli,Regensburg,1,0,H,1.51,4.14,6.4
2022/2023,2. Bundesliga,01/04/2023,19:30,Kaiserslautern,Heidenheim,2,2,D,2.67,3.13,2.71
2022/2023,2. Bundesliga,02/04/2023,12:30,Holstein Kiel,Bielefeld,2,3,A,2.08,3.54,3.34
2022/2023,2. Bundesliga,02/04/2023,12:30,Magdeburg,Hansa Rostock,3,0,H,2.23,3.29,3.24
2022/2023,2. Bundesliga,02/04/2023,12:30,Paderborn,Greuther Furth,3,2,H,2.04,3.49,3.51
2022/2023,2. Bundesliga,08/04/2023,12:00,Braunschweig,Kaiserslautern,1,0,H,2.44,3.26,2.91
2022/2023,2. Bundesliga,08/04/2023,12:00,Hamburg,Hannover,6,1,H,1.35,5.3,7.53
2022/2023,2. Bundesliga,08/04/2023,12:00,Nurnberg,Karlsruhe,1,1,D,3.08,3.27,2.32
2022/2023,2. Bundesliga,08/04/2023,19:30,Heidenheim,St Pauli,0,1,A,2.38,3.14,3.08
2022/2023,2. Bundesliga,09/04/2023,12:30,Bielefeld,Fortuna Dusseldorf,2,2,D,2.65,3.37,2.57
2022/2023,2. Bundesliga,09/04/2023,12:30,Darmstadt,Paderborn,2,1,H,2.13,3.56,3.22
2022/2023,2. Bundesliga,09/04/2023,12:30,Hansa Rostock,Holstein Kiel,2,3,A,2.69,3.25,2.58
2022/2023,2. Bundesliga,09/04/2023,12:30,Regensburg,Magdeburg,2,2,D,2.24,3.43,3.08
2022/2023,2. Bundesliga,09/04/2023,12:30,Sandhausen,Greuther Furth,0,2,A,4.04,3.47,1.9
2022/2023,2. Bundesliga,14/04/2023,17:30,Greuther Furth,Regensburg,2,1,H,1.86,3.44,4.32
2022/2023,2. Bundesliga,14/04/2023,17:30,Hannover,Heidenheim,0,3,A,3.22,3.41,2.19
2022/2023,2. Bundesliga,15/04/2023,12:00,Holstein Kiel,Nurnberg,2,1,H,2.27,3.44,3.02
2022/2023,2. Bundesliga,15/04/2023,12:00,Magdeburg,Sandhausen,1,2,A,1.53,4.27,5.71
2022/2023,2. Bundesliga,15/04/2023,12:00,Paderborn,Hansa Rostock,3,0,H,1.69,3.81,4.73
2022/2023,2. Bundesliga,15/04/2023,19:30,Kaiserslautern,Hamburg,2,0,H,3.66,3.74,1.9
2022/2023,2. Bundesliga,16/04/2023,12:30,Fortuna Dusseldorf,Darmstadt,1,0,H,2.32,3.45,2.92
2022/2023,2. Bundesliga,16/04/2023,12:30,Karlsruhe,Bielefeld,4,2,H,2.13,3.69,3.09
2022/2023,2. Bundesliga,16/04/2023,12:30,St Pauli,Braunschweig,1,2,A,1.62,4.01,5.04
2022/2023,2. Bundesliga,21/04/2023,17:30,Darmstadt,Karlsruhe,2,1,H,1.73,3.86,4.51
2022/2023,2. Bundesliga,21/04/2023,17:30,Hamburg,St Pauli,4,3,H,2.09,3.61,3.26
2022/2023,2. Bundesliga,22/04/2023,12:00,Bielefeld,Hannover,1,3,A,1.79,3.82,4.14
2022/2023,2. Bundesliga,22/04/2023,12:00,Hansa Rostock,Greuther Furth,2,0,H,3.09,3.15,2.38
2022/2023,2. Bundesliga,22/04/2023,12:00,Nurnberg,Fortuna Dusseldorf,2,0,H,3.21,3.36,2.2
2022/2023,2. Bundesliga,22/04/2023,19:30,Braunschweig,Magdeburg,1,2,A,2.45,3.5,2.71
2022/2023,2. Bundesliga,23/04/2023,12:30,Heidenheim,Holstein Kiel,3,0,H,1.63,4.09,4.91
2022/2023,2. Bundesliga,23/04/2023,12:30,Regensburg,Kaiserslautern,0,0,D,2.29,3.15,3.26
2022/2023,2. Bundesliga,23/04/2023,12:30,Sandhausen,Paderborn,2,2,D,5,4.07,1.62
2022/2023,2. Bundesliga,28/04/2023,17:30,Greuther Furth,Heidenheim,0,2,A,2.8,3.17,2.57
2022/2023,2. Bundesliga,28/04/2023,17:30,Paderborn,Braunschweig,5,1,H,1.65,4.1,4.74
2022/2023,2. Bundesliga,29/04/2023,12:00,Kaiserslautern,Hansa Rostock,0,1,A,2.15,3.27,3.42
2022/2023,2. Bundesliga,29/04/2023,12:00,Magdeburg,Hamburg,3,2,H,3.08,3.82,2.11
2022/2023,2. Bundesliga,29/04/2023,12:00,St Pauli,Bielefeld,2,1,H,1.96,3.61,3.66
2022/2023,2. Bundesliga,29/04/2023,19:30,Hannover,Nurnberg,3,0,H,2.34,3.37,2.95
2022/2023,2. Bundesliga,30/04/2023,12:30,Fortuna Dusseldorf,Karlsruhe,3,2,H,2.17,3.7,3.01
2022/2023,2. Bundesliga,30/04/2023,12:30,Holstein Kiel,Darmstadt,0,3,A,3.34,3.87,1.98
2022/2023,2. Bundesliga,30/04/2023,12:30,Sandhausen,Regensburg,2,1,H,2.87,3.19,2.5
2022/2023,2. Bundesliga,05/05/2023,17:30,Bielefeld,Greuther Furth,1,1,D,2.3,3.53,2.92
2022/2023,2. Bundesliga,05/05/2023,17:30,Hamburg,Paderborn,2,2,D,1.97,3.83,3.39
2022/2023,2. Bundesliga,06/05/2023,12:00,Fortuna Dusseldorf,Holstein Kiel,3,0,H,1.71,4.27,4.16
2022/2023,2. Bundesliga,06/05/2023,12:00,Hansa Rostock,Regensburg,2,0,H,2.32,3.18,3.16
2022/2023,2. Bundesliga,06/05/2023,12:00,Karlsruhe,Hannover,2,1,H,1.71,4.2,4.21
2022/2023,2. Bundesliga,06/05/2023,19:30,Darmstadt,St Pauli,0,3,A,1.95,3.64,3.64
2022/2023,2. Bundesliga,07/05/2023,12:30,Braunschweig,Sandhausen,2,1,H,1.89,3.49,4.03
2022/2023,2. Bundesliga,07/05/2023,12:30,Heidenheim,Magdeburg,0,0,D,1.63,4.05,4.98
2022/2023,2. Bundesliga,07/05/2023,12:30,Nurnberg,Kaiserslautern,3,3,D,2.07,3.28,3.63
2022/2023,2. Bundesliga,12/05/2023,17:30,Magdeburg,Nurnberg,2,2,D,2.19,3.63,3.02
2022/2023,2. Bundesliga,12/05/2023,17:30,Sandhausen,Hansa Rostock,1,2,A,2.73,3.14,2.65
2022/2023,2. Bundesliga,13/05/2023,12:00,Greuther Furth,Braunschweig,2,2,D,1.77,3.81,4.26
2022/2023,2. Bundesliga,13/05/2023,12:00,Holstein Kiel,Karlsruhe,2,1,H,2.26,3.87,2.79
2022/2023,2. Bundesliga,13/05/2023,12:00,Kaiserslautern,Bielefeld,1,2,A,2.46,3.55,2.68
2022/2023,2. Bundesliga,13/05/2023,19:30,St Pauli,Fortuna Dusseldorf,0,0,D,1.86,3.81,3.81
2022/2023,2. Bundesliga,14/05/2023,12:30,Hannover,Darmstadt,2,1,H,3.8,3.79,1.87
2022/2023,2. Bundesliga,14/05/2023,12:30,Paderborn,Heidenheim,3,2,H,2.04,3.66,3.35
2022/2023,2. Bundesliga,14/05/2023,12:30,Regensburg,Hamburg,1,5,A,3.45,3.86,1.93
2022/2023,2. Bundesliga,19/05/2023,17:30,Darmstadt,Magdeburg,1,0,H,1.4,5.11,6.79
2022/2023,2. Bundesliga,19/05/2023,17:30,Holstein Kiel,St Pauli,3,4,A,2.91,3.88,2.17
2022/2023,2. Bundesliga,20/05/2023,12:00,Bielefeld,Paderborn,2,2,D,2.76,3.69,2.34
2022/2023,2. Bundesliga,20/05/2023,12:00,Braunschweig,Regensburg,1,2,A,2.16,3.51,3.21
2022/2023,2. Bundesliga,20/05/2023,12:00,Heidenheim,Sandhausen,1,0,H,1.32,5.23,8.86
2022/2023,2. Bundesliga,20/05/2023,19:30,Hamburg,Greuther Furth,2,1,H,1.42,4.94,6.42
2022/2023,2. Bundesliga,21/05/2023,12:30,Fortuna Dusseldorf,Hannover,3,3,D,1.81,4.03,3.82
2022/2023,2. Bundesliga,21/05/2023,12:30,Karlsruhe,Kaiserslautern,2,0,H,2.08,3.73,3.2
2022/2023,2. Bundesliga,21/05/2023,12:30,Nurnberg,Hansa Rostock,0,0,D,2.07,3.29,3.62
2022/2023,2. Bundesliga,28/05/2023,14:30,Greuther Furth,Darmstadt,4,0,H,2.9,3.53,2.31
2022/2023,2. Bundesliga,28/05/2023,14:30,Hannover,Holstein Kiel,1,5,A,2.05,4.16,3.01
2022/2023,2. Bundesliga,28/05/2023,14:30,Hansa Rostock,Braunschweig,2,1,H,2.88,3.33,2.41
2022/2023,2. Bundesliga,28/05/2023,14:30,Kaiserslautern,Fortuna Dusseldorf,0,3,A,2.2,3.74,2.94
2022/2023,2. Bundesliga,28/05/2023,14:30,Magdeburg,Bielefeld,4,0,H,3.17,4.25,1.96
2022/2023,2. Bundesliga,28/05/2023,14:30,Paderborn,Nurnberg,0,1,A,1.84,4.09,3.67
2022/2023,2. Bundesliga,28/05/2023,14:30,Regensburg,Heidenheim,2,3,A,5.48,4.22,1.56
2022/2023,2. Bundesliga,28/05/2023,14:30,Sandhausen,Hamburg,0,1,A,8.17,5.74,1.31
2022/2023,2. Bundesliga,28/05/2023,14:30,St Pauli,Karlsruhe,1,1,D,1.57,4.6,4.83
2023/2024,2. Bundesliga,28/07/2023,19:30,Hamburg,Schalke 04,5,3,H,2.38,3.67,2.69
2023/2024,2. Bundesliga,29/07/2023,12:00,Hannover,Elversberg,2,2,D,2,3.79,3.35
2023/2024,2. Bundesliga,29/07/2023,12:00,Kaiserslautern,St Pauli,1,2,A,3.05,3.14,2.41
2023/2024,2. Bundesliga,29/07/2023,12:00,Osnabruck,Karlsruhe,2,3,A,3.03,3.66,2.18
2023/2024,2. Bundesliga,29/07/2023,12:00,Wehen,Magdeburg,1,1,D,2.95,3.63,2.23
2023/2024,2. Bundesliga,29/07/2023,19:30,Fortuna Dusseldorf,Hertha,1,0,H,2.09,3.6,3.26
2023/2024,2. Bundesliga,30/07/2023,12:30,Braunschweig,Holstein Kiel,0,1,A,2.4,3.58,2.73
2023/2024,2. Bundesliga,30/07/2023,12:30,Greuther Furth,Paderborn,5,0,H,2.49,3.54,2.63
2023/2024,2. Bundesliga,30/07/2023,12:30,Hansa Rostock,Nurnberg,2,0,H,2.41,3.11,3.08
2023/2024,2. Bundesliga,04/08/2023,17:30,Hertha,Wehen,0,1,A,1.61,4.1,5.04
2023/2024,2. Bundesliga,04/08/2023,17:30,Paderborn,Osnabruck,1,1,D,1.66,4.15,4.51
2023/2024,2. Bundesliga,05/08/2023,12:00,Elversberg,Hansa Rostock,1,2,A,2.01,3.59,3.45
2023/2024,2. Bundesliga,05/08/2023,12:00,Holstein Kiel,Greuther Furth,2,1,H,2.66,3.69,2.4
2023/2024,2. Bundesliga,05/08/2023,12:00,St Pauli,Fortuna Dusseldorf,0,0,D,1.95,3.55,3.69
2023/2024,2. Bundesliga,05/08/2023,19:30,Schalke 04,Kaiserslautern,3,0,H,1.86,3.64,3.97
2023/2024,2. Bundesliga,06/08/2023,12:30,Karlsruhe,Hamburg,2,2,D,2.43,3.93,2.51
2023/2024,2. Bundesliga,06/08/2023,12:30,Magdeburg,Braunschweig,2,1,H,1.73,3.92,4.33
2023/2024,2. Bundesliga,06/08/2023,12:30,Nurnberg,Hannover,2,2,D,2.38,3.34,2.9
2023/2024,2. Bundesliga,18/08/2023,17:30,Kaiserslautern,Elversberg,3,2,H,2.19,3.56,3.06
2023/2024,2. Bundesliga,18/08/2023,17:30,Wehen,Karlsruhe,1,0,H,2.74,3.55,2.39
2023/2024,2. Bundesliga,19/08/2023,12:00,Fortuna Dusseldorf,Paderborn,1,2,A,1.97,3.75,3.45
2023/2024,2. Bundesliga,19/08/2023,12:00,Greuther Furth,St Pauli,0,0,D,2.44,3.41,2.76
2023/2024,2. Bundesliga,19/08/2023,12:00,Hansa Rostock,Hannover,1,2,A,2.42,3.4,2.79
2023/2024,2. Bundesliga,19/08/2023,19:30,Hamburg,Hertha,3,0,H,1.71,4.24,4.14
2023/2024,2. Bundesliga,20/08/2023,12:30,Braunschweig,Schalke 04,1,0,H,3.23,3.65,2.08
2023/2024,2. Bundesliga,20/08/2023,12:30,Holstein Kiel,Magdeburg,2,4,A,2.31,3.79,2.74
2023/2024,2. Bundesliga,20/08/2023,12:30,Osnabruck,Nurnberg,2,3,A,2.22,3.46,3.08
2023/2024,2. Bundesliga,25/08/2023,17:30,Paderborn,Kaiserslautern,1,2,A,2.13,3.62,3.17
2023/2024,2. Bundesliga,25/08/2023,17:30,Schalke 04,Holstein Kiel,0,2,A,2,3.96,3.26
2023/2024,2. Bundesliga,26/08/2023,12:00,Elversberg,Fortuna Dusseldorf,0,5,A,2.72,3.69,2.37
2023/2024,2. Bundesliga,26/08/2023,12:00,Hansa Rostock,Osnabruck,2,1,H,2.11,3.49,3.35
2023/2024,2. Bundesliga,26/08/2023,12:00,Hertha,Greuther Furth,5,0,H,2.36,3.49,2.85
2023/2024,2. Bundesliga,26/08/2023,19:30,Hannover,Hamburg,0,1,A,3.27,3.99,1.98
2023/2024,2. Bundesliga,27/08/2023,12:30,Karlsruhe,Braunschweig,2,0,H,1.81,3.99,3.92
2023/2024,2. Bundesliga,27/08/2023,12:30,Nurnberg,Wehen,2,1,H,1.99,3.62,3.55
2023/2024,2. Bundesliga,27/08/2023,12:30,St Pauli,Magdeburg,0,0,D,1.82,3.93,3.89
2023/2024,2. Bundesliga,01/09/2023,17:30,Braunschweig,St Pauli,1,1,D,4.06,3.65,1.85
2023/2024,2. Bundesliga,01/09/2023,17:30,Fortuna Dusseldorf,Karlsruhe,3,1,H,2.33,3.65,2.8
2023/2024,2. Bundesliga,02/09/2023,12:00,Holstein Kiel,Paderborn,2,1,H,2.22,3.79,2.9
2023/2024,2. Bundesliga,02/09/2023,12:00,Magdeburg,Hertha,6,4,H,2.68,3.72,2.39
2023/2024,2. Bundesliga,02/09/2023,12:00,Wehen,Schalke 04,1,1,D,2.93,3.64,2.25
2023/2024,2. Bundesliga,02/09/2023,19:30,Kaiserslautern,Nurnberg,3,1,H,2.09,3.48,3.4
2023/2024,2. Bundesliga,03/09/2023,12:30,Greuther Furth,Hannover,1,3,A,1.95,3.69,3.6
2023/2024,2. Bundesliga,03/09/2023,12:30,Hamburg,Hansa Rostock,2,0,H,1.46,4.68,6.08
2023/2024,2. Bundesliga,03/09/2023,12:30,Osnabruck,Elversberg,0,1,A,2.26,3.8,2.78
2023/2024,2. Bundesliga,15/09/2023,17:30,Nurnberg,Greuther Furth,1,1,D,2.54,3.51,2.64
2023/2024,2. Bundesliga,15/09/2023,17:30,Paderborn,Wehen,2,1,H,1.85,3.83,3.92
2023/2024,2. Bundesliga,16/09/2023,12:00,Elversberg,Hamburg,2,1,H,3.65,4.11,1.85
2023/2024,2. Bundesliga,16/09/2023,12:00,Hansa Rostock,Fortuna Dusseldorf,1,3,A,3.17,3.36,2.24
2023/2024,2. Bundesliga,16/09/2023,12:00,Karlsruhe,Kaiserslautern,1,1,D,1.98,3.63,3.56
2023/2024,2. Bundesliga,16/09/2023,19:30,Schalke 04,Magdeburg,4,3,H,2.04,3.82,3.24
2023/2024,2. Bundesliga,17/09/2023,12:30,Hannover,Osnabruck,7,0,H,1.83,3.88,3.9
2023/2024,2. Bundesliga,17/09/2023,12:30,Hertha,Braunschweig,3,0,H,1.72,4.04,4.37
2023/2024,2. Bundesliga,17/09/2023,12:30,St Pauli,Holstein Kiel,5,1,H,1.9,3.65,3.84
2023/2024,2. Bundesliga,22/09/2023,17:30,Magdeburg,Paderborn,1,1,D,2.12,3.93,2.98
2023/2024,2. Bundesliga,22/09/2023,17:30,Osnabruck,Hamburg,2,1,H,4.56,4.5,1.61
2023/2024,2. Bundesliga,23/09/2023,12:00,Braunschweig,Nurnberg,2,2,D,2.64,3.52,2.52
2023/2024,2. Bundesliga,23/09/2023,12:00,Greuther Furth,Karlsruhe,4,3,H,2.32,3.65,2.81
2023/2024,2. Bundesliga,23/09/2023,12:00,Wehen,Elversberg,0,2,A,2.51,3.66,2.57
2023/2024,2. Bundesliga,23/09/2023,19:30,St Pauli,Schalke 04,3,1,H,1.84,3.68,4.04
2023/2024,2. Bundesliga,24/09/2023,12:30,Fortuna Dusseldorf,Hannover,1,1,D,1.94,3.8,3.59
2023/2024,2. Bundesliga,24/09/2023,12:30,Holstein Kiel,Hertha,2,3,A,2.24,3.78,2.87
2023/2024,2. Bundesliga,24/09/2023,12:30,Kaiserslautern,Hansa Rostock,3,1,H,2.07,3.34,3.64
2023/2024,2. Bundesliga,29/09/2023,17:30,Hamburg,Fortuna Dusseldorf,1,0,H,1.96,3.99,3.35
2023/2024,2. Bundesliga,29/09/2023,17:30,Paderborn,Schalke 04,3,1,H,2.16,3.83,2.98
2023/2024,2. Bundesliga,30/09/2023,12:00,Hannover,Wehen,2,0,H,1.7,4.05,4.47
2023/2024,2. Bundesliga,30/09/2023,12:00,Hansa Rostock,Braunschweig,1,0,H,2.14,3.5,3.27
2023/2024,2. Bundesliga,30/09/2023,12:00,Karlsruhe,Holstein Kiel,0,2,A,1.82,4.1,3.79
2023/2024,2. Bundesliga,30/09/2023,19:30,Hertha,St Pauli,1,2,A,2.64,3.53,2.52
2023/2024,2. Bundesliga,01/10/2023,12:30,Elversberg,Greuther Furth,1,1,D,2.39,3.63,2.75
2023/2024,2. Bundesliga,01/10/2023,12:30,Nurnberg,Magdeburg,1,0,H,2.18,3.77,3.01
2023/2024,2. Bundesliga,01/10/2023,12:30,Osnabruck,Kaiserslautern,2,2,D,2.6,3.55,2.56
2023/2024,2. Bundesliga,06/10/2023,17:30,Fortuna Dusseldorf,Osnabruck,1,1,D,1.57,4.47,5.01
2023/2024,2. Bundesliga,06/10/2023,17:30,Kaiserslautern,Hannover,3,1,H,2.24,3.56,3.04
2023/2024,2. Bundesliga,07/10/2023,12:00,Greuther Furth,Hansa Rostock,1,0,H,1.75,3.76,4.44
2023/2024,2. Bundesliga,07/10/2023,12:00,Magdeburg,Karlsruhe,1,1,D,2.4,3.78,2.66
2023/2024,2. Bundesliga,07/10/2023,12:00,Wehen,Hamburg,1,1,D,4.11,4.22,1.73
2023/2024,2. Bundesliga,07/10/2023,19:30,St Pauli,Nurnberg,5,1,H,1.54,4.31,5.67
2023/2024,2. Bundesliga,08/10/2023,12:30,Braunschweig,Paderborn,1,3,A,2.8,3.59,2.35
2023/2024,2. Bundesliga,08/10/2023,12:30,Holstein Kiel,Elversberg,1,1,D,2.13,3.82,3.06
2023/2024,2. Bundesliga,08/10/2023,12:30,Schalke 04,Hertha,1,2,A,2.05,3.83,3.23
2023/2024,2. Bundesliga,20/10/2023,17:30,Elversberg,Braunschweig,3,0,H,1.78,4.02,4.05
2023/2024,2. Bundesliga,20/10/2023,17:30,Hannover,Magdeburg,2,1,H,2.15,3.78,3.07
2023/2024,2. Bundesliga,21/10/2023,12:00,Hamburg,Greuther Furth,2,0,H,1.66,4.29,4.48
2023/2024,2. Bundesliga,21/10/2023,12:00,Osnabruck,Wehen,0,2,A,2.06,3.74,3.27
2023/2024,2. Bundesliga,21/10/2023,12:00,Paderborn,St Pauli,2,2,D,3.25,3.74,2.07
2023/2024,2. Bundesliga,21/10/2023,19:30,Fortuna Dusseldorf,Kaiserslautern,4,3,H,1.91,3.74,3.74
2023/2024,2. Bundesliga,22/10/2023,12:30,Hansa Rostock,Holstein Kiel,1,3,A,2.56,3.35,2.73
2023/2024,2. Bundesliga,22/10/2023,12:30,Karlsruhe,Schalke 04,3,0,H,2.31,3.74,2.81
2023/2024,2. Bundesliga,22/10/2023,12:30,Nurnberg,Hertha,3,1,H,2.48,3.61,2.65
2023/2024,2. Bundesliga,27/10/2023,17:30,Braunschweig,Fortuna Dusseldorf,1,4,A,3.75,3.84,1.88
2023/2024,2. Bundesliga,27/10/2023,17:30,Greuther Furth,Osnabruck,4,0,H,1.67,4.12,4.65
2023/2024,2. Bundesliga,28/10/2023,12:00,Hertha,Paderborn,3,1,H,2.15,3.74,3.04
2023/2024,2. Bundesliga,28/10/2023,12:00,Schalke 04,Hannover,3,2,H,2.31,3.72,2.79
2023/2024,2. Bundesliga,28/10/2023,12:00,St Pauli,Karlsruhe,2,1,H,1.54,4.3,5.57
2023/2024,2. Bundesliga,28/10/2023,19:30,Kaiserslautern,Hamburg,3,3,D,2.74,3.75,2.34
2023/2024,2. Bundesliga,29/10/2023,12:30,Holstein Kiel,Nurnberg,0,2,A,2.19,3.68,3.02
2023/2024,2. Bundesliga,29/10/2023,12:30,Magdeburg,Elversberg,1,2,A,2.07,3.81,3.19
2023/2024,2. Bundesliga,29/10/2023,12:30,Wehen,Hansa Rostock,1,0,H,2.37,3.41,2.9
2023/2024,2. Bundesliga,03/11/2023,17:30,Elversberg,St Pauli,0,2,A,3.2,3.62,2.13
2023/2024,2. Bundesliga,03/11/2023,17:30,Fortuna Dusseldorf,Wehen,1,3,A,1.53,4.46,5.53
2023/2024,2. Bundesliga,04/11/2023,12:00,Kaiserslautern,Greuther Furth,0,2,A,2.21,3.5,3.09
2023/2024,2. Bundesliga,04/11/2023,12:00,Nurnberg,Schalke 04,1,2,A,2.11,3.69,3.19
2023/2024,2. Bundesliga,04/11/2023,12:00,Osnabruck,Holstein Kiel,1,1,D,2.71,3.65,2.4
2023/2024,2. Bundesliga,04/11/2023,19:30,Hamburg,Magdeburg,2,0,H,1.58,4.85,4.63
2023/2024,2. Bundesliga,05/11/2023,12:30,Hannover,Braunschweig,2,0,H,1.52,4.28,6.11
2023/2024,2. Bundesliga,05/11/2023,12:30,Hansa Rostock,Hertha,0,0,D,2.76,3.54,2.42
2023/2024,2. Bundesliga,05/11/2023,12:30,Karlsruhe,Paderborn,0,3,A,2.18,3.69,3.04
2023/2024,2. Bundesliga,10/11/2023,17:30,Schalke 04,Elversberg,1,2,A,1.99,3.82,3.4
2023/2024,2. Bundesliga,10/11/2023,17:30,St Pauli,Hannover,0,0,D,1.65,3.98,4.97
2023/2024,2. Bundesliga,11/11/2023,12:00,Braunschweig,Osnabruck,3,2,H,2.3,3.45,2.98
2023/2024,2. Bundesliga,11/11/2023,12:00,Holstein Kiel,Hamburg,4,2,H,3.25,3.99,2
2023/2024,2. Bundesliga,11/11/2023,12:00,Paderborn,Nurnberg,1,3,A,2.18,3.76,3.01
2023/2024,2. Bundesliga,11/11/2023,19:30,Hertha,Karlsruhe,2,2,D,1.92,3.86,3.56
2023/2024,2. Bundesliga,12/11/2023,12:30,Greuther Furth,Fortuna Dusseldorf,1,0,H,2.23,3.59,3.02
2023/2024,2. Bundesliga,12/11/2023,12:30,Magdeburg,Hansa Rostock,1,2,A,1.75,4.03,4.19
2023/2024,2. Bundesliga,12/11/2023,12:30,Wehen,Kaiserslautern,2,1,H,2.6,3.62,2.51
2023/2024,2. Bundesliga,24/11/2023,17:30,Hamburg,Braunschweig,2,1,H,1.33,5.69,7.67
2023/2024,2. Bundesliga,24/11/2023,17:30,Hannover,Hertha,2,2,D,2.15,3.54,3.21
2023/2024,2. Bundesliga,25/11/2023,12:00,Elversberg,Paderborn,4,1,H,2.31,3.76,2.79
2023/2024,2. Bundesliga,25/11/2023,12:00,Hansa Rostock,St Pauli,2,3,A,4.97,3.75,1.69
2023/2024,2. Bundesliga,25/11/2023,12:00,Osnabruck,Magdeburg,0,2,A,3.21,3.75,2.08
2023/2024,2. Bundesliga,25/11/2023,19:30,Fortuna Dusseldorf,Schalke 04,5,3,H,2.04,3.66,3.41
2023/2024,2. Bundesliga,26/11/2023,12:30,Greuther Furth,Wehen,2,0,H,1.77,3.83,4.33
2023/2024,2. Bundesliga,26/11/2023,12:30,Kaiserslautern,Holstein Kiel,0,3,A,2.24,3.7,2.92
2023/2024,2. Bundesliga,26/11/2023,12:30,Karlsruhe,Nurnberg,4,1,H,2.13,3.68,3.16
2023/2024,2. Bundesliga,01/12/2023,17:30,Schalke 04,Osnabruck,4,0,H,1.52,4.42,5.7
2023/2024,2. Bundesliga,01/12/2023,17:30,St Pauli,Hamburg,2,2,D,1.85,3.82,3.94
2023/2024,2. Bundesliga,02/12/2023,12:00,Braunschweig,Greuther Furth,0,1,A,3.32,3.48,2.12
2023/2024,2. Bundesliga,02/12/2023,12:00,Holstein Kiel,Wehen,3,2,H,1.82,4,3.86
2023/2024,2. Bundesliga,02/12/2023,12:00,Nurnberg,Fortuna Dusseldorf,0,5,A,2.64,3.63,2.47
2023/2024,2. Bundesliga,02/12/2023,19:30,Magdeburg,Kaiserslautern,4,1,H,1.97,3.75,3.52
2023/2024,2. Bundesliga,03/12/2023,12:30,Hertha,Elversberg,5,1,H,1.93,3.89,3.53
2023/2024,2. Bundesliga,03/12/2023,12:30,Karlsruhe,Hansa Rostock,2,2,D,1.55,4.2,5.67
2023/2024,2. Bundesliga,03/12/2023,12:30,Paderborn,Hannover,1,0,H,2.69,3.48,2.5
2023/2024,2. Bundesliga,08/12/2023,17:30,Hannover,Karlsruhe,2,2,D,2.09,3.56,3.36
2023/2024,2. Bundesliga,08/12/2023,17:30,Wehen,Braunschweig,1,3,A,2.22,3.46,3.15
2023/2024,2. Bundesliga,09/12/2023,12:00,Greuther Furth,Magdeburg,1,1,D,1.99,3.65,3.57
2023/2024,2. Bundesliga,09/12/2023,12:00,Hamburg,Paderborn,1,2,A,1.65,4.4,4.46
2023/2024,2. Bundesliga,09/12/2023,12:00,Kaiserslautern,Hertha,1,2,A,2.11,3.68,3.2
2023/2024,2. Bundesliga,09/12/2023,19:30,Osnabruck,St Pauli,1,1,D,8.26,4.75,1.37
2023/2024,2. Bundesliga,10/12/2023,12:30,Elversberg,Nurnberg,0,1,A,1.84,3.89,3.9
2023/2024,2. Bundesliga,10/12/2023,12:30,Fortuna Dusseldorf,Holstein Kiel,0,1,A,1.83,3.88,3.94
2023/2024,2. Bundesliga,10/12/2023,12:30,Hansa Rostock,Schalke 04,0,2,A,3.02,3.52,2.26
2023/2024,2. Bundesliga,15/12/2023,17:30,Paderborn,Hansa Rostock,3,0,H,1.57,4.3,5.32
2023/2024,2. Bundesliga,15/12/2023,17:30,Schalke 04,Greuther Furth,2,2,D,2.14,3.59,3.21
2023/2024,2. Bundesliga,16/12/2023,12:00,Hertha,Osnabruck,0,0,D,1.48,4.72,5.8
2023/2024,2. Bundesliga,16/12/2023,12:00,Magdeburg,Fortuna Dusseldorf,2,3,A,2.57,3.67,2.53
2023/2024,2. Bundesliga,16/12/2023,12:00,Nurnberg,Hamburg,0,2,A,3.32,4.04,1.96
2023/2024,2. Bundesliga,16/12/2023,19:30,Holstein Kiel,Hannover,3,0,H,2.23,3.56,3.04
2023/2024,2. Bundesliga,17/12/2023,12:30,Braunschweig,Kaiserslautern,2,1,H,2.78,3.38,2.48
2023/2024,2. Bundesliga,17/12/2023,12:30,Karlsruhe,Elversberg,3,2,H,2.29,3.74,2.81
2023/2024,2. Bundesliga,17/12/2023,12:30,St Pauli,Wehen,1,1,D,1.28,5.74,9.83
2023/2024,2. Bundesliga,19/01/2024,17:30,Holstein Kiel,Braunschweig,1,2,A,1.76,3.8,4.34
2023/2024,2. Bundesliga,19/01/2024,17:30,Karlsruhe,Osnabruck,2,1,H,1.59,4.23,5.05
2023/2024,2. Bundesliga,20/01/2024,12:00,Elversberg,Hannover,2,2,D,2.02,3.55,3.52
2023/2024,2. Bundesliga,20/01/2024,12:00,Nurnberg,Hansa Rostock,3,0,H,1.91,3.67,3.8
2023/2024,2. Bundesliga,20/01/2024,12:00,St Pauli,Kaiserslautern,2,0,H,1.47,4.43,6.47
2023/2024,2. Bundesliga,20/01/2024,19:30,Schalke 04,Hamburg,0,2,A,2.63,3.76,2.42
2023/2024,2. Bundesliga,21/01/2024,12:30,Hertha,Fortuna Dusseldorf,2,2,D,2.71,3.58,2.42
2023/2024,2. Bundesliga,21/01/2024,12:30,Magdeburg,Wehen,1,0,H,1.64,4.25,4.63
2023/2024,2. Bundesliga,21/01/2024,12:30,Paderborn,Greuther Furth,0,1,A,2.3,3.62,2.86
2023/2024,2. Bundesliga,26/01/2024,17:30,Hannover,Nurnberg,3,0,H,1.85,3.71,4.03
2023/2024,2. Bundesliga,26/01/2024,17:30,Kaiserslautern,Schalke 04,4,1,H,2.63,3.56,2.51
2023/2024,2. Bundesliga,27/01/2024,12:00,Hansa Rostock,Elversberg,2,1,H,3.14,3.39,2.24
2023/2024,2. Bundesliga,27/01/2024,12:00,Osnabruck,Paderborn,0,0,D,3.34,3.74,2.03
2023/2024,2. Bundesliga,27/01/2024,12:00,Wehen,Hertha,3,1,H,2.74,3.44,2.46
2023/2024,2. Bundesliga,27/01/2024,19:30,Fortuna Dusseldorf,St Pauli,1,2,A,2.95,3.37,2.36
2023/2024,2. Bundesliga,28/01/2024,12:30,Braunschweig,Magdeburg,1,0,H,2.39,3.5,2.82
2023/2024,2. Bundesliga,28/01/2024,12:30,Greuther Furth,Holstein Kiel,2,1,H,1.98,3.67,3.55
2023/2024,2. Bundesliga,28/01/2024,12:30,Hamburg,Karlsruhe,3,4,A,1.55,4.56,5.15
2023/2024,2. Bundesliga,02/02/2024,17:30,Karlsruhe,Wehen,2,2,D,1.69,4.18,4.4
2023/2024,2. Bundesliga,02/02/2024,17:30,Magdeburg,Holstein Kiel,1,1,D,2.36,3.61,2.8
2023/2024,2. Bundesliga,03/02/2024,12:00,Nurnberg,Osnabruck,2,2,D,1.99,3.68,3.54
2023/2024,2. Bundesliga,03/02/2024,12:00,Schalke 04,Braunschweig,1,0,H,1.9,3.57,4
2023/2024,2. Bundesliga,03/02/2024,12:00,St Pauli,Greuther Furth,3,2,H,1.63,3.91,5.41
2023/2024,2. Bundesliga,03/02/2024,19:30,Hertha,Hamburg,1,2,A,2.8,3.68,2.32
2023/2024,2. Bundesliga,04/02/2024,12:30,Elversberg,Kaiserslautern,2,1,H,2.22,3.58,3
2023/2024,2. Bundesliga,04/02/2024,12:30,Hannover,Hansa Rostock,2,1,H,1.49,4.37,6.35
2023/2024,2. Bundesliga,04/02/2024,12:30,Paderborn,Fortuna Dusseldorf,4,3,H,2.54,3.52,2.61
2023/2024,2. Bundesliga,09/02/2024,17:30,Hamburg,Hannover,3,4,A,1.7,4.19,4.29
2023/2024,2. Bundesliga,09/02/2024,17:30,Wehen,Nurnberg,1,1,D,1.91,3.78,3.7
2023/2024,2. Bundesliga,10/02/2024,12:00,Braunschweig,Karlsruhe,2,0,H,2.35,3.61,2.8
2023/2024,2. Bundesliga,10/02/2024,12:00,Fortuna Dusseldorf,Elversberg,1,1,D,1.84,3.79,3.91
2023/2024,2. Bundesliga,10/02/2024,12:00,Magdeburg,St Pauli,1,0,H,3.98,3.72,1.86
2023/2024,2. Bundesliga,10/02/2024,19:30,Kaiserslautern,Paderborn,1,2,A,2.24,3.68,2.93
2023/2024,2. Bundesliga,11/02/2024,12:30,Greuther Furth,Hertha,1,2,A,2.03,3.68,3.39
2023/2024,2. Bundesliga,11/02/2024,12:30,Holstein Kiel,Schalke 04,1,0,H,2.48,3.6,2.62
2023/2024,2. Bundesliga,11/02/2024,12:30,Osnabruck,Hansa Rostock,0,0,D,1.99,3.57,3.62
2023/2024,2. Bundesliga,16/02/2024,17:30,Hannover,Greuther Furth,2,1,H,2.18,3.53,3.14
2023/2024,2. Bundesliga,16/02/2024,17:30,Hertha,Magdeburg,3,2,H,2.33,3.66,2.79
2023/2024,2. Bundesliga,17/02/2024,12:00,Hansa Rostock,Hamburg,2,2,D,4.86,4.39,1.6
2023/2024,2. Bundesliga,17/02/2024,12:00,Paderborn,Holstein Kiel,0,4,A,2.32,3.7,2.8
2023/2024,2. Bundesliga,17/02/2024,12:00,Schalke 04,Wehen,1,0,H,1.72,3.87,4.61
2023/2024,2. Bundesliga,17/02/2024,19:30,Karlsruhe,Fortuna Dusseldorf,2,2,D,2.77,3.48,2.43
2023/2024,2. Bundesliga,18/02/2024,12:30,Elversberg,Osnabruck,3,1,H,1.95,3.8,3.51
2023/2024,2. Bundesliga,18/02/2024,12:30,Nurnberg,Kaiserslautern,1,1,D,2.73,3.55,2.44
2023/2024,2. Bundesliga,18/02/2024,12:30,St Pauli,Braunschweig,1,0,H,1.36,4.96,8.16
2023/2024,2. Bundesliga,23/02/2024,17:30,Holstein Kiel,St Pauli,3,4,A,2.88,3.38,2.39
2023/2024,2. Bundesliga,23/02/2024,17:30,Wehen,Paderborn,1,2,A,2.83,3.59,2.33
2023/2024,2. Bundesliga,24/02/2024,12:00,Braunschweig,Hertha,1,1,D,2.3,3.53,2.89
2023/2024,2. Bundesliga,24/02/2024,12:00,Kaiserslautern,Karlsruhe,0,4,A,2.17,3.55,3.14
2023/2024,2. Bundesliga,24/02/2024,12:00,Osnabruck,Hannover,1,0,H,3.25,3.65,2.09
2023/2024,2. Bundesliga,24/02/2024,19:30,Magdeburg,Schalke 04,3,0,H,2.16,3.64,3.11
2023/2024,2. Bundesliga,25/02/2024,12:30,Fortuna Dusseldorf,Hansa Rostock,2,0,H,1.41,4.74,7.04
2023/2024,2. Bundesliga,25/02/2024,12:30,Greuther Furth,Nurnberg,2,1,H,1.61,4.17,5.06
2023/2024,2. Bundesliga,25/02/2024,12:30,Hamburg,Elversberg,1,0,H,1.51,4.76,5.23
2023/2024,2. Bundesliga,01/03/2024,17:30,Hertha,Holstein Kiel,2,2,D,2.49,3.64,2.61
2023/2024,2. Bundesliga,01/03/2024,17:30,Schalke 04,St Pauli,3,1,H,3.52,3.48,2.05
2023/2024,2. Bundesliga,02/03/2024,12:00,Hannover,Fortuna Dusseldorf,2,2,D,2.4,3.44,2.84
2023/2024,2. Bundesliga,02/03/2024,12:00,Hansa Rostock,Kaiserslautern,0,3,A,2.85,3.38,2.43
2023/2024,2. Bundesliga,02/03/2024,12:00,Nurnberg,Braunschweig,2,1,H,2.79,3.38,2.47
2023/2024,2. Bundesliga,02/03/2024,19:30,Karlsruhe,Greuther Furth,4,0,H,2.2,3.52,3.12
2023/2024,2. Bundesliga,03/03/2024,12:30,Elversberg,Wehen,0,3,A,1.96,3.79,3.5
2023/2024,2. Bundesliga,03/03/2024,12:30,Hamburg,Osnabruck,1,2,A,1.42,5.09,6.15
2023/2024,2. Bundesliga,03/03/2024,12:30,Paderborn,Magdeburg,0,0,D,2.06,3.82,3.19
2023/2024,2. Bundesliga,08/03/2024,17:30,Braunschweig,Hansa Rostock,0,1,A,1.69,3.8,4.97
2023/2024,2. Bundesliga,08/03/2024,17:30,Fortuna Dusseldorf,Hamburg,2,0,H,2.47,3.63,2.63
2023/2024,2. Bundesliga,09/03/2024,12:00,Holstein Kiel,Karlsruhe,1,0,H,2.18,3.52,3.16
2023/2024,2. Bundesliga,09/03/2024,12:00,Schalke 04,Paderborn,3,3,D,2.18,3.61,3.08
2023/2024,2. Bundesliga,09/03/2024,12:00,Wehen,Hannover,1,1,D,3.09,3.51,2.22
2023/2024,2. Bundesliga,09/03/2024,19:30,Magdeburg,Nurnberg,0,1,A,1.73,4.07,4.21
2023/2024,2. Bundesliga,10/03/2024,12:30,Greuther Furth,Elversberg,1,4,A,1.8,3.92,4.03
2023/2024,2. Bundesliga,10/03/2024,12:30,Kaiserslautern,Osnabruck,3,2,H,1.67,4.12,4.6
2023/2024,2. Bundesliga,10/03/2024,12:30,St Pauli,Hertha,2,0,H,1.61,4.12,5.09
2023/2024,2. Bundesliga,15/03/2024,17:30,Osnabruck,Fortuna Dusseldorf,0,4,A,3.35,3.7,2.03
2023/2024,2. Bundesliga,15/03/2024,17:30,Paderborn,Braunschweig,1,2,A,1.9,3.69,3.8
2023/2024,2. Bundesliga,16/03/2024,12:00,Elversberg,Holstein Kiel,0,2,A,2.94,3.75,2.22
2023/2024,2. Bundesliga,16/03/2024,12:00,Hansa Rostock,Greuther Furth,1,0,H,2.92,3.47,2.34
2023/2024,2. Bundesliga,16/03/2024,12:00,Nurnberg,St Pauli,0,2,A,4.49,3.77,1.76
2023/2024,2. Bundesliga,16/03/2024,19:30,Hannover,Kaiserslautern,1,1,D,1.9,3.63,3.89
2023/2024,2. Bundesliga,17/03/2024,12:30,Hamburg,Wehen,3,0,H,1.49,4.65,5.65
2023/2024,2. Bundesliga,17/03/2024,12:30,Hertha,Schalke 04,5,2,H,2.34,3.6,2.82
2023/2024,2. Bundesliga,17/03/2024,12:30,Karlsruhe,Magdeburg,7,0,H,2.02,3.8,3.33
2023/2024,2. Bundesliga,30/03/2024,12:00,Braunschweig,Elversberg,5,0,H,2.23,3.59,3.03
2023/2024,2. Bundesliga,30/03/2024,12:00,Holstein Kiel,Hansa Rostock,2,0,H,1.46,4.66,6.16
2023/2024,2. Bundesliga,30/03/2024,12:00,Kaiserslautern,Fortuna Dusseldorf,1,3,A,2.85,3.44,2.41
2023/2024,2. Bundesliga,30/03/2024,19:30,Hertha,Nurnberg,3,3,D,1.68,4.13,4.51
2023/2024,2. Bundesliga,31/03/2024,12:30,Greuther Furth,Hamburg,1,1,D,3.05,3.69,2.15
2023/2024,2. Bundesliga,31/03/2024,12:30,Magdeburg,Hannover,0,3,A,2.6,3.44,2.57
2023/2024,2. Bundesliga,31/03/2024,12:30,Schalke 04,Karlsruhe,0,0,D,2.35,3.67,2.73
2023/2024,2. Bundesliga,31/03/2024,12:30,St Pauli,Paderborn,2,1,H,1.67,4.03,4.61
2023/2024,2. Bundesliga,31/03/2024,12:30,Wehen,Osnabruck,0,1,A,1.94,3.67,3.64
2023/2024,2. Bundesliga,05/04/2024,17:30,Hansa Rostock,Wehen,3,1,H,2.42,3.34,2.88
2023/2024,2. Bundesliga,05/04/2024,17:30,Paderborn,Hertha,2,3,A,2.06,3.78,3.21
2023/2024,2. Bundesliga,06/04/2024,12:00,Elversberg,Magdeburg,0,0,D,2.21,3.66,3
2023/2024,2. Bundesliga,06/04/2024,12:00,Hamburg,Kaiserslautern,2,1,H,1.8,3.91,4
2023/2024,2. Bundesliga,06/04/2024,12:00,Nurnberg,Holstein Kiel,0,4,A,3.31,3.64,2.08
2023/2024,2. Bundesliga,06/04/2024,19:30,Karlsruhe,St Pauli,2,1,H,2.79,3.39,2.45
2023/2024,2. Bundesliga,07/04/2024,12:30,Fortuna Dusseldorf,Braunschweig,2,0,H,1.66,4.01,4.73
2023/2024,2. Bundesliga,07/04/2024,12:30,Hannover,Schalke 04,1,1,D,1.84,3.85,3.89
2023/2024,2. Bundesliga,07/04/2024,12:30,Osnabruck,Greuther Furth,2,0,H,2.65,3.5,2.51
2023/2024,2. Bundesliga,12/04/2024,17:30,Greuther Furth,Kaiserslautern,2,1,H,2.77,3.65,2.37
2023/2024,2. Bundesliga,12/04/2024,17:30,Hertha,Hansa Rostock,4,0,H,1.8,3.91,4.05
2023/2024,2. Bundesliga,13/04/2024,12:00,Holstein Kiel,Osnabruck,4,0,H,1.4,5.07,6.76
2023/2024,2. Bundesliga,13/04/2024,12:00,Paderborn,Karlsruhe,1,1,D,2.26,3.7,2.89
2023/2024,2. Bundesliga,13/04/2024,12:00,Wehen,Fortuna Dusseldorf,0,2,A,3.56,3.79,1.95
2023/2024,2. Bundesliga,13/04/2024,19:30,Schalke 04,Nurnberg,2,0,H,1.62,4.24,4.87
2023/2024,2. Bundesliga,14/04/2024,12:30,Braunschweig,Hannover,0,0,D,2.53,3.24,2.81
2023/2024,2. Bundesliga,14/04/2024,12:30,Magdeburg,Hamburg,2,2,D,3.14,3.92,2.05
2023/2024,2. Bundesliga,14/04/2024,12:30,St Pauli,Elversberg,3,4,A,1.37,5.07,7.68
2023/2024,2. Bundesliga,19/04/2024,17:30,Elversberg,Schalke 04,1,1,D,2.62,3.57,2.49
2023/2024,2. Bundesliga,19/04/2024,17:30,Nurnberg,Paderborn,0,2,A,2.94,3.66,2.22
2023/2024,2. Bundesliga,20/04/2024,12:00,Fortuna Dusseldorf,Greuther Furth,1,0,H,1.5,4.46,5.86
2023/2024,2. Bundesliga,20/04/2024,12:00,Kaiserslautern,Wehen,1,1,D,1.76,3.89,4.31
2023/2024,2. Bundesliga,20/04/2024,12:00,Osnabruck,Braunschweig,0,3,A,2.83,3.39,2.43
2023/2024,2. Bundesliga,20/04/2024,19:30,Hamburg,Holstein Kiel,0,1,A,2.08,3.87,3.11
2023/2024,2. Bundesliga,21/04/2024,12:30,Hannover,St Pauli,1,2,A,3.02,3.32,2.35
2023/2024,2. Bundesliga,21/04/2024,12:30,Hansa Rostock,Magdeburg,0,2,A,2.75,3.47,2.45
2023/2024,2. Bundesliga,21/04/2024,12:30,Karlsruhe,Hertha,3,2,H,2.08,3.83,3.15
2023/2024,2. Bundesliga,26/04/2024,17:30,Hertha,Hannover,1,1,D,2.24,3.65,2.93
2023/2024,2. Bundesliga,26/04/2024,17:30,St Pauli,Hansa Rostock,1,0,H,1.32,5.3,8.97
2023/2024,2. Bundesliga,27/04/2024,12:00,Braunschweig,Hamburg,0,4,A,2.95,3.67,2.22
2023/2024,2. Bundesliga,27/04/2024,12:00,Holstein Kiel,Kaiserslautern,1,3,A,1.8,3.96,4
2023/2024,2. Bundesliga,27/04/2024,12:00,Paderborn,Elversberg,3,1,H,1.84,4.15,3.6
2023/2024,2. Bundesliga,27/04/2024,19:30,Schalke 04,Fortuna Dusseldorf,1,1,D,2.7,3.54,2.42
2023/2024,2. Bundesliga,28/04/2024,12:30,Magdeburg,Osnabruck,1,1,D,1.59,4.3,5.01
2023/2024,2. Bundesliga,28/04/2024,12:30,Nurnberg,Karlsruhe,0,1,A,3.28,3.77,2.04
2023/2024,2. Bundesliga,28/04/2024,12:30,Wehen,Greuther Furth,3,5,A,2,3.59,3.52
2023/2024,2. Bundesliga,03/05/2024,17:30,Fortuna Dusseldorf,Nurnberg,3,1,H,1.35,5.2,7.75
2023/2024,2. Bundesliga,03/05/2024,17:30,Hamburg,St Pauli,1,0,H,2.13,3.69,3.11
2023/2024,2. Bundesliga,04/05/2024,12:00,Greuther Furth,Braunschweig,3,3,D,2.43,3.58,2.7
2023/2024,2. Bundesliga,04/05/2024,12:00,Hansa Rostock,Karlsruhe,1,2,A,2.92,3.6,2.27
2023/2024,2. Bundesliga,04/05/2024,19:30,Kaiserslautern,Magdeburg,4,1,H,2,3.7,3.44
2023/2024,2. Bundesliga,05/05/2024,12:30,Elversberg,Hertha,4,2,H,2.19,3.82,2.93
2023/2024,2. Bundesliga,05/05/2024,12:30,Hannover,Paderborn,3,2,H,2.03,3.8,3.27
2023/2024,2. Bundesliga,05/05/2024,12:30,Wehen,Holstein Kiel,0,1,A,3.38,3.66,2.01
2023/2024,2. Bundesliga,07/05/2024,17:30,Osnabruck,Schalke 04,0,4,A,3.28,3.64,2.07
2023/2024,2. Bundesliga,10/05/2024,17:30,Magdeburg,Greuther Furth,0,0,D,2.08,3.7,3.27
2023/2024,2. Bundesliga,10/05/2024,17:30,Paderborn,Hamburg,1,0,H,3.54,4.39,1.82
2023/2024,2. Bundesliga,11/05/2024,12:00,Hertha,Kaiserslautern,3,1,H,2.38,3.82,2.65
2023/2024,2. Bundesliga,11/05/2024,12:00,Nurnberg,Elversberg,3,0,H,2.52,3.77,2.52
2023/2024,2. Bundesliga,11/05/2024,12:00,Schalke 04,Hansa Rostock,2,1,H,1.97,3.87,3.38
2023/2024,2. Bundesliga,11/05/2024,19:30,Holstein Kiel,Fortuna Dusseldorf,1,1,D,2.54,3.56,2.61
2023/2024,2. Bundesliga,12/05/2024,12:30,Braunschweig,Wehen,1,0,H,2.18,3.43,3.21
2023/2024,2. Bundesliga,12/05/2024,12:30,Karlsruhe,Hannover,1,2,A,2.13,3.87,2.96
2023/2024,2. Bundesliga,12/05/2024,12:30,St Pauli,Osnabruck,3,1,H,1.19,6.97,13.06
2023/2024,2. Bundesliga,19/05/2024,14:30,Elversberg,Karlsruhe,0,3,A,2.76,4.11,2.19
2023/2024,2. Bundesliga,19/05/2024,14:30,Fortuna Dusseldorf,Magdeburg,3,2,H,1.84,4.16,3.63
2023/2024,2. Bundesliga,19/05/2024,14:30,Greuther Furth,Schalke 04,2,0,H,1.94,3.85,3.49
2023/2024,2. Bundesliga,19/05/2024,14:30,Hamburg,Nurnberg,4,1,H,1.25,6.66,8.95
2023/2024,2. Bundesliga,19/05/2024,14:30,Hannover,Holstein Kiel,1,2,A,2.03,3.97,3.19
2023/2024,2. Bundesliga,19/05/2024,14:30,Hansa Rostock,Paderborn,1,2,A,2.24,3.87,2.81
2023/2024,2. Bundesliga,19/05/2024,14:30,Kaiserslautern,Braunschweig,5,0,H,1.78,3.97,4.03
2023/2024,2. Bundesliga,19/05/2024,14:30,Osnabruck,Hertha,2,1,H,3.76,4.28,1.79
2023/2024,2. Bundesliga,19/05/2024,14:30,Wehen,St Pauli,1,2,A,2.98,3.78,2.17
2024/2025,2. Bundesliga,02/08/2024,19:30,FC Koln,Hamburg,1,2,A,2.05,3.74,3.34
2024/2025,2. Bundesliga,03/08/2024,12:00,Hannover,Regensburg,2,0,H,1.53,4.31,5.83
2024/2025,2. Bundesliga,03/08/2024,12:00,Hertha,Paderborn,1,2,A,2.08,3.86,3.13
2024/2025,2. Bundesliga,03/08/2024,12:00,Karlsruhe,Nurnberg,3,2,H,1.55,4.56,5.18
2024/2025,2. Bundesliga,03/08/2024,12:00,Magdeburg,Elversberg,0,0,D,2.21,3.56,3.09
2024/2025,2. Bundesliga,03/08/2024,19:30,Schalke 04,Braunschweig,5,1,H,1.88,3.72,3.96
2024/2025,2. Bundesliga,04/08/2024,12:30,Darmstadt,Fortuna Dusseldorf,0,2,A,3.14,3.55,2.18
2024/2025,2. Bundesliga,04/08/2024,12:30,Greuther Furth,Preußen Münster,3,1,H,1.93,3.86,3.59
2024/2025,2. Bundesliga,04/08/2024,12:30,Ulm,Kaiserslautern,1,2,A,2.82,3.43,2.43
2024/2025,2. Bundesliga,09/08/2024,17:30,Kaiserslautern,Greuther Furth,2,2,D,1.99,3.76,3.46
2024/2025,2. Bundesliga,09/08/2024,17:30,Regensburg,Ulm,1,0,H,2.5,3.25,2.85
2024/2025,2. Bundesliga,10/08/2024,12:00,Elversberg,FC Koln,2,2,D,3.84,3.99,1.83
2024/2025,2. Bundesliga,10/08/2024,12:00,Fortuna Dusseldorf,Karlsruhe,0,0,D,1.92,3.78,3.69
2024/2025,2. Bundesliga,10/08/2024,12:00,Nurnberg,Schalke 04,3,1,H,2.98,3.65,2.24
2024/2025,2. Bundesliga,10/08/2024,19:30,Hamburg,Hertha,1,1,D,1.66,4.29,4.42
2024/2025,2. Bundesliga,11/08/2024,12:30,Braunschweig,Magdeburg,1,3,A,2.46,3.54,2.68
2024/2025,2. Bundesliga,11/08/2024,12:30,Paderborn,Darmstadt,3,1,H,1.88,3.87,3.71
2024/2025,2. Bundesliga,11/08/2024,12:30,Preußen Münster,Hannover,0,0,D,3.44,3.85,1.95
2024/2025,2. Bundesliga,23/08/2024,17:30,Hannover,Hamburg,1,0,H,2.56,3.61,2.56
2024/2025,2. Bundesliga,23/08/2024,17:30,Karlsruhe,Elversberg,3,2,H,1.68,4.23,4.38
2024/2025,2. Bundesliga,24/08/2024,12:00,Greuther Furth,Paderborn,1,1,D,2.46,3.74,2.6
2024/2025,2. Bundesliga,24/08/2024,12:00,Hertha,Regensburg,2,0,H,1.63,4.08,5.04
2024/2025,2. Bundesliga,24/08/2024,12:00,Preußen Münster,Kaiserslautern,0,1,A,2.71,3.61,2.43
2024/2025,2. Bundesliga,24/08/2024,19:30,FC Koln,Braunschweig,5,0,H,1.43,4.97,6.24
2024/2025,2. Bundesliga,25/08/2024,12:30,Darmstadt,Nurnberg,1,1,D,2.02,3.65,3.5
2024/2025,2. Bundesliga,25/08/2024,12:30,Magdeburg,Schalke 04,2,2,D,2.38,3.6,2.8
2024/2025,2. Bundesliga,25/08/2024,12:30,Ulm,Fortuna Dusseldorf,1,2,A,3.48,3.38,2.11
2024/2025,2. Bundesliga,30/08/2024,17:30,Fortuna Dusseldorf,Hannover,1,0,H,2.22,3.44,3.14
2024/2025,2. Bundesliga,30/08/2024,17:30,Regensburg,Greuther Furth,0,4,A,2.87,3.42,2.39
2024/2025,2. Bundesliga,31/08/2024,12:00,Elversberg,Darmstadt,4,0,H,2.55,3.65,2.54
2024/2025,2. Bundesliga,31/08/2024,12:00,Hamburg,Preußen Münster,4,1,H,1.48,4.63,5.82
2024/2025,2. Bundesliga,31/08/2024,12:00,Nurnberg,Magdeburg,0,4,A,2.43,3.47,2.78
2024/2025,2. Bundesliga,31/08/2024,19:30,Kaiserslautern,Hertha,3,4,A,2.22,3.66,2.97
2024/2025,2. Bundesliga,01/09/2024,12:30,Braunschweig,Karlsruhe,1,2,A,2.87,3.73,2.25
2024/2025,2. Bundesliga,01/09/2024,12:30,Paderborn,Ulm,0,0,D,1.53,4.38,5.6
2024/2025,2. Bundesliga,01/09/2024,12:30,Schalke 04,FC Koln,1,3,A,3.15,3.74,2.11
2024/2025,2. Bundesliga,13/09/2024,17:30,Karlsruhe,Schalke 04,2,0,H,1.99,3.79,3.4
2024/2025,2. Bundesliga,13/09/2024,17:30,Preußen Münster,Paderborn,3,3,D,3.16,3.82,2.09
2024/2025,2. Bundesliga,14/09/2024,12:00,Darmstadt,Braunschweig,1,1,D,1.98,3.65,3.6
2024/2025,2. Bundesliga,14/09/2024,12:00,Hannover,Kaiserslautern,3,1,H,1.96,3.72,3.58
2024/2025,2. Bundesliga,14/09/2024,12:00,Ulm,Nurnberg,1,2,A,2.17,3.43,3.27
2024/2025,2. Bundesliga,14/09/2024,19:30,FC Koln,Magdeburg,1,2,A,1.42,5.06,6.33
2024/2025,2. Bundesliga,15/09/2024,12:30,Greuther Furth,Elversberg,0,0,D,1.93,3.96,3.47
2024/2025,2. Bundesliga,15/09/2024,12:30,Hamburg,Regensburg,5,0,H,1.4,4.99,6.89
2024/2025,2. Bundesliga,15/09/2024,12:30,Hertha,Fortuna Dusseldorf,0,2,A,2.4,3.66,2.7
2024/2025,2. Bundesliga,20/09/2024,17:30,Paderborn,Hannover,2,1,H,2.22,3.62,3.01
2024/2025,2. Bundesliga,20/09/2024,17:30,Schalke 04,Darmstadt,3,5,A,1.85,3.83,3.89
2024/2025,2. Bundesliga,21/09/2024,12:00,Braunschweig,Greuther Furth,2,0,H,2.18,3.6,3.11
2024/2025,2. Bundesliga,21/09/2024,12:00,Fortuna Dusseldorf,FC Koln,2,2,D,3.01,3.64,2.22
2024/2025,2. Bundesliga,21/09/2024,12:00,Nurnberg,Hertha,0,2,A,3.08,3.69,2.17
2024/2025,2. Bundesliga,21/09/2024,19:30,Kaiserslautern,Hamburg,2,2,D,3.1,3.76,2.13
2024/2025,2. Bundesliga,22/09/2024,12:30,Elversberg,Ulm,1,3,A,1.81,3.74,4.2
2024/2025,2. Bundesliga,22/09/2024,12:30,Magdeburg,Karlsruhe,2,2,D,2.49,3.82,2.54
2024/2025,2. Bundesliga,22/09/2024,12:30,Regensburg,Preußen Münster,0,3,A,2.27,3.48,3.02
2024/2025,2. Bundesliga,27/09/2024,17:30,Greuther Furth,Fortuna Dusseldorf,1,2,A,2.84,3.53,2.37
2024/2025,2. Bundesliga,27/09/2024,17:30,Ulm,Braunschweig,3,1,H,2.61,3.3,2.69
2024/2025,2. Bundesliga,28/09/2024,12:00,Darmstadt,Magdeburg,1,2,A,2.32,3.56,2.9
2024/2025,2. Bundesliga,28/09/2024,12:00,Hamburg,Paderborn,2,2,D,1.87,3.97,3.69
2024/2025,2. Bundesliga,28/09/2024,12:00,Regensburg,Kaiserslautern,0,0,D,3.27,3.62,2.11
2024/2025,2. Bundesliga,28/09/2024,19:30,Preußen Münster,Schalke 04,1,2,A,2.51,3.68,2.59
2024/2025,2. Bundesliga,29/09/2024,12:30,FC Koln,Karlsruhe,4,4,D,1.49,4.77,5.76
2024/2025,2. Bundesliga,29/09/2024,12:30,Hannover,Nurnberg,2,0,H,1.45,4.73,6.4
2024/2025,2. Bundesliga,29/09/2024,12:30,Hertha,Elversberg,1,4,A,1.81,4.04,3.92
2024/2025,2. Bundesliga,04/10/2024,17:30,Karlsruhe,Darmstadt,3,3,D,1.72,4.03,4.44
2024/2025,2. Bundesliga,04/10/2024,17:30,Paderborn,Regensburg,3,0,H,1.37,5.26,7.33
2024/2025,2. Bundesliga,05/10/2024,12:00,Elversberg,Kaiserslautern,1,0,H,2.16,3.75,3.03
2024/2025,2. Bundesliga,05/10/2024,12:00,FC Koln,Ulm,2,0,H,1.29,5.82,8.95
2024/2025,2. Bundesliga,05/10/2024,12:00,Nurnberg,Preußen Münster,3,2,H,2.66,3.57,2.49
2024/2025,2. Bundesliga,05/10/2024,19:30,Schalke 04,Hertha,2,2,D,2.38,3.73,2.71
2024/2025,2. Bundesliga,06/10/2024,12:30,Braunschweig,Hannover,2,0,H,3.24,3.44,2.18
2024/2025,2. Bundesliga,06/10/2024,12:30,Fortuna Dusseldorf,Hamburg,0,3,A,2.69,3.49,2.5
2024/2025,2. Bundesliga,06/10/2024,12:30,Magdeburg,Greuther Furth,2,2,D,1.96,3.87,3.46
2024/2025,2. Bundesliga,18/10/2024,17:30,Darmstadt,FC Koln,5,1,H,3.6,3.95,1.91
2024/2025,2. Bundesliga,18/10/2024,17:30,Hertha,Braunschweig,3,1,H,1.87,3.85,3.8
2024/2025,2. Bundesliga,19/10/2024,12:00,Hannover,Schalke 04,1,0,H,1.84,3.76,4.03
2024/2025,2. Bundesliga,19/10/2024,12:00,Preußen Münster,Elversberg,1,1,D,2.57,3.73,2.5
2024/2025,2. Bundesliga,19/10/2024,12:00,Regensburg,Fortuna Dusseldorf,0,3,A,4.39,3.84,1.75
2024/2025,2. Bundesliga,19/10/2024,19:30,Kaiserslautern,Paderborn,3,0,H,3.01,3.61,2.23
2024/2025,2. Bundesliga,20/10/2024,12:30,Greuther Furth,Nurnberg,0,4,A,2.08,3.57,3.38
2024/2025,2. Bundesliga,20/10/2024,12:30,Hamburg,Magdeburg,3,1,H,1.68,4.24,4.44
2024/2025,2. Bundesliga,20/10/2024,12:30,Ulm,Karlsruhe,0,1,A,3.62,3.59,1.98
2024/2025,2. Bundesliga,25/10/2024,17:30,FC Koln,Paderborn,1,2,A,1.54,4.47,5.41
2024/2025,2. Bundesliga,25/10/2024,17:30,Nurnberg,Regensburg,8,3,H,1.64,3.98,5.14
2024/2025,2. Bundesliga,26/10/2024,12:00,Elversberg,Hamburg,4,2,H,2.75,3.65,2.37
2024/2025,2. Bundesliga,26/10/2024,12:00,Karlsruhe,Hertha,1,3,A,2.17,3.82,2.98
2024/2025,2. Bundesliga,26/10/2024,12:00,Schalke 04,Greuther Furth,3,4,A,1.93,3.59,3.81
2024/2025,2. Bundesliga,26/10/2024,19:30,Fortuna Dusseldorf,Kaiserslautern,3,4,A,1.72,3.93,4.5
2024/2025,2. Bundesliga,27/10/2024,12:30,Braunschweig,Preußen Münster,1,1,D,1.9,3.71,3.82
2024/2025,2. Bundesliga,27/10/2024,12:30,Darmstadt,Ulm,1,1,D,1.65,3.9,5.11
2024/2025,2. Bundesliga,27/10/2024,12:30,Magdeburg,Hannover,0,3,A,2.52,3.49,2.67
2024/2025,2. Bundesliga,01/11/2024,17:30,Preußen Münster,Fortuna Dusseldorf,1,0,H,3.67,3.63,1.96
2024/2025,2. Bundesliga,01/11/2024,17:30,Ulm,Schalke 04,0,0,D,2.65,3.22,2.71
2024/2025,2. Bundesliga,02/11/2024,12:00,Greuther Furth,Darmstadt,1,5,A,2.67,3.64,2.44
2024/2025,2. Bundesliga,02/11/2024,12:00,Hannover,Karlsruhe,2,1,H,1.96,3.6,3.7
2024/2025,2. Bundesliga,02/11/2024,12:00,Regensburg,Elversberg,1,0,H,4.24,3.7,1.81
2024/2025,2. Bundesliga,02/11/2024,19:30,Hertha,FC Koln,0,1,A,2.74,3.66,2.38
2024/2025,2. Bundesliga,03/11/2024,12:30,Hamburg,Nurnberg,1,1,D,1.68,4.29,4.4
2024/2025,2. Bundesliga,03/11/2024,12:30,Kaiserslautern,Magdeburg,2,2,D,2.32,3.53,2.91
2024/2025,2. Bundesliga,03/11/2024,12:30,Paderborn,Braunschweig,0,0,D,1.78,3.76,4.39
2024/2025,2. Bundesliga,08/11/2024,17:30,Braunschweig,Hamburg,3,1,H,3.24,3.62,2.12
2024/2025,2. Bundesliga,08/11/2024,17:30,Nurnberg,Kaiserslautern,0,0,D,2.16,3.59,3.16
2024/2025,2. Bundesliga,09/11/2024,12:00,Darmstadt,Hertha,3,1,H,2.05,3.83,3.22
2024/2025,2. Bundesliga,09/11/2024,12:00,FC Koln,Greuther Furth,1,0,H,1.37,5.3,7.05
2024/2025,2. Bundesliga,09/11/2024,12:00,Magdeburg,Ulm,0,0,D,1.89,3.59,4.06
2024/2025,2. Bundesliga,09/11/2024,19:30,Fortuna Dusseldorf,Paderborn,1,1,D,2.2,3.4,3.24
2024/2025,2. Bundesliga,10/11/2024,12:30,Elversberg,Hannover,3,1,H,2.81,3.34,2.48
2024/2025,2. Bundesliga,10/11/2024,12:30,Karlsruhe,Preußen Münster,1,1,D,1.74,3.95,4.37
2024/2025,2. Bundesliga,10/11/2024,12:30,Schalke 04,Regensburg,2,0,H,1.55,4.23,5.59
2024/2025,2. Bundesliga,22/11/2024,17:30,Paderborn,Nurnberg,3,2,H,1.95,3.81,3.55
2024/2025,2. Bundesliga,22/11/2024,17:30,Preußen Münster,FC Koln,0,1,A,4.31,3.89,1.76
2024/2025,2. Bundesliga,23/11/2024,12:00,Fortuna Dusseldorf,Elversberg,0,2,A,2.09,3.54,3.32
2024/2025,2. Bundesliga,23/11/2024,12:00,Greuther Furth,Karlsruhe,2,3,A,2.96,3.66,2.23
2024/2025,2. Bundesliga,23/11/2024,12:00,Hannover,Darmstadt,1,2,A,2.04,3.68,3.37
2024/2025,2. Bundesliga,23/11/2024,12:00,Hertha,Ulm,2,2,D,1.53,4.24,5.8
2024/2025,2. Bundesliga,23/11/2024,19:30,Hamburg,Schalke 04,2,2,D,1.72,4.06,4.29
2024/2025,2. Bundesliga,24/11/2024,12:30,Kaiserslautern,Braunschweig,3,2,H,2.36,3.52,2.86
2024/2025,2. Bundesliga,24/11/2024,12:30,Regensburg,Magdeburg,0,1,A,3.61,3.58,1.99
2024/2025,2. Bundesliga,29/11/2024,17:30,Magdeburg,Hertha,1,3,A,2.52,3.68,2.54
2024/2025,2. Bundesliga,29/11/2024,17:30,Schalke 04,Kaiserslautern,0,3,A,2.1,3.55,3.32
2024/2025,2. Bundesliga,30/11/2024,12:00,Braunschweig,Regensburg,0,0,D,1.65,3.9,4.99
2024/2025,2. Bundesliga,30/11/2024,12:00,Elversberg,Paderborn,1,3,A,2.36,3.53,2.84
2024/2025,2. Bundesliga,30/11/2024,12:00,FC Koln,Hannover,2,2,D,1.76,3.72,4.55
2024/2025,2. Bundesliga,30/11/2024,19:30,Darmstadt,Preußen Münster,0,0,D,1.7,3.92,4.61
2024/2025,2. Bundesliga,01/12/2024,12:30,Karlsruhe,Hamburg,1,3,A,2.37,3.68,2.72
2024/2025,2. Bundesliga,01/12/2024,12:30,Nurnberg,Fortuna Dusseldorf,2,2,D,2.25,3.41,3.09
2024/2025,2. Bundesliga,01/12/2024,12:30,Ulm,Greuther Furth,1,1,D,2.66,3.3,2.62
2024/2025,2. Bundesliga,06/12/2024,17:30,Elversberg,Nurnberg,2,1,H,2.4,3.48,2.81
2024/2025,2. Bundesliga,06/12/2024,17:30,Paderborn,Schalke 04,2,4,A,1.72,3.93,4.46
2024/2025,2. Bundesliga,07/12/2024,12:00,Greuther Furth,Hertha,2,1,H,3.01,3.68,2.2
2024/2025,2. Bundesliga,07/12/2024,12:00,Hannover,Ulm,3,2,H,1.58,3.95,5.77
2024/2025,2. Bundesliga,07/12/2024,12:00,Kaiserslautern,Karlsruhe,3,1,H,2.5,3.57,2.65
2024/2025,2. Bundesliga,07/12/2024,19:30,Preußen Münster,Magdeburg,1,2,A,2.8,3.27,2.53
2024/2025,2. Bundesliga,08/12/2024,12:30,Fortuna Dusseldorf,Braunschweig,5,0,H,1.78,3.7,4.4
2024/2025,2. Bundesliga,08/12/2024,12:30,Hamburg,Darmstadt,2,2,D,1.92,3.84,3.55
2024/2025,2. Bundesliga,08/12/2024,12:30,Regensburg,FC Koln,0,1,A,6.13,4.43,1.49
2024/2025,2. Bundesliga,13/12/2024,17:30,Hertha,Preußen Münster,1,2,A,1.67,3.92,4.88
2024/2025,2. Bundesliga,13/12/2024,17:30,Karlsruhe,Regensburg,4,2,H,1.43,4.66,6.81
2024/2025,2. Bundesliga,14/12/2024,12:00,Magdeburg,Paderborn,1,1,D,2.48,3.38,2.77
2024/2025,2. Bundesliga,14/12/2024,12:00,Schalke 04,Fortuna Dusseldorf,1,1,D,2.5,3.5,2.66
2024/2025,2. Bundesliga,14/12/2024,12:00,Ulm,Hamburg,1,1,D,3.93,3.75,1.85
2024/2025,2. Bundesliga,14/12/2024,19:30,Darmstadt,Kaiserslautern,5,1,H,1.9,3.75,3.73
2024/2025,2. Bundesliga,15/12/2024,12:30,Braunschweig,Elversberg,0,3,A,3.1,3.57,2.18
2024/2025,2. Bundesliga,15/12/2024,12:30,FC Koln,Nurnberg,3,1,H,1.57,4.34,5.14
2024/2025,2. Bundesliga,15/12/2024,12:30,Greuther Furth,Hannover,1,0,H,3.25,3.55,2.11
2024/2025,2. Bundesliga,20/12/2024,17:30,Elversberg,Schalke 04,1,4,A,2.11,3.63,3.17
2024/2025,2. Bundesliga,20/12/2024,17:30,Fortuna Dusseldorf,Magdeburg,2,5,A,2.09,3.65,3.23
2024/2025,2. Bundesliga,21/12/2024,12:00,Hamburg,Greuther Furth,5,0,H,1.51,4.74,5.24
2024/2025,2. Bundesliga,21/12/2024,12:00,Paderborn,Karlsruhe,1,2,A,2.13,3.58,3.18
2024/2025,2. Bundesliga,21/12/2024,12:00,Preußen Münster,Ulm,0,0,D,2.18,3.22,3.41
2024/2025,2. Bundesliga,21/12/2024,19:30,Nurnberg,Braunschweig,1,0,H,1.68,4.07,4.53
2024/2025,2. Bundesliga,22/12/2024,12:30,Hannover,Hertha,0,0,D,2.15,3.52,3.2
2024/2025,2. Bundesliga,22/12/2024,12:30,Kaiserslautern,FC Koln,0,1,A,3.46,3.67,1.99
2024/2025,2. Bundesliga,22/12/2024,12:30,Regensburg,Darmstadt,2,1,H,4.42,3.97,1.71
2024/2025,2. Bundesliga,17/01/2025,17:30,Fortuna Dusseldorf,Darmstadt,2,2,D,2.36,3.5,2.84
2024/2025,2. Bundesliga,17/01/2025,17:30,Regensburg,Hannover,0,1,A,3.86,3.5,1.93
2024/2025,2. Bundesliga,18/01/2025,12:00,Braunschweig,Schalke 04,0,0,D,3.16,3.57,2.13
2024/2025,2. Bundesliga,18/01/2025,12:00,Kaiserslautern,Ulm,2,1,H,2.01,3.48,3.61
2024/2025,2. Bundesliga,18/01/2025,12:00,Preußen Münster,Greuther Furth,2,1,H,2.28,3.24,3.15
2024/2025,2. Bundesliga,18/01/2025,19:30,Hamburg,FC Koln,1,0,H,2.33,3.68,2.77
2024/2025,2. Bundesliga,19/01/2025,12:30,Elversberg,Magdeburg,2,5,A,2.22,3.67,2.94
2024/2025,2. Bundesliga,19/01/2025,12:30,Nurnberg,Karlsruhe,2,1,H,1.91,3.8,3.61
2024/2025,2. Bundesliga,19/01/2025,12:30,Paderborn,Hertha,1,2,A,2.16,3.65,3.07
2024/2025,2. Bundesliga,24/01/2025,17:30,Greuther Furth,Kaiserslautern,2,4,A,2.32,3.55,2.89
2024/2025,2. Bundesliga,24/01/2025,17:30,Magdeburg,Braunschweig,1,1,D,1.5,4.49,5.95
2024/2025,2. Bundesliga,25/01/2025,12:00,FC Koln,Elversberg,1,0,H,1.78,3.99,4.09
2024/2025,2. Bundesliga,25/01/2025,12:00,Karlsruhe,Fortuna Dusseldorf,2,3,A,2.47,3.68,2.61
2024/2025,2. Bundesliga,25/01/2025,12:00,Schalke 04,Nurnberg,3,1,H,2.24,3.61,2.96
2024/2025,2. Bundesliga,25/01/2025,19:30,Hertha,Hamburg,2,3,A,2.7,3.72,2.37
2024/2025,2. Bundesliga,26/01/2025,12:30,Darmstadt,Paderborn,0,1,A,2.19,3.63,3.03
2024/2025,2. Bundesliga,26/01/2025,12:30,Hannover,Preußen Münster,2,2,D,1.65,3.88,5.05
2024/2025,2. Bundesliga,26/01/2025,12:30,Ulm,Regensburg,5,1,H,2.06,3.22,3.78
2024/2025,2. Bundesliga,31/01/2025,17:30,Elversberg,Karlsruhe,2,2,D,2.06,3.7,3.29
2024/2025,2. Bundesliga,31/01/2025,17:30,Nurnberg,Darmstadt,1,0,H,2.43,3.5,2.77
2024/2025,2. Bundesliga,01/02/2025,12:00,Braunschweig,FC Koln,1,2,A,4.22,3.56,1.84
2024/2025,2. Bundesliga,01/02/2025,12:00,Fortuna Dusseldorf,Ulm,3,2,H,1.76,3.86,4.28
2024/2025,2. Bundesliga,01/02/2025,12:00,Regensburg,Hertha,2,0,H,4.25,3.78,1.79
2024/2025,2. Bundesliga,01/02/2025,19:30,Schalke 04,Magdeburg,2,5,A,2.35,3.45,2.9
2024/2025,2. Bundesliga,02/02/2025,12:30,Hamburg,Hannover,2,2,D,2.25,3.52,3.02
2024/2025,2. Bundesliga,02/02/2025,12:30,Kaiserslautern,Preußen Münster,2,1,H,1.86,3.61,4.02
2024/2025,2. Bundesliga,02/02/2025,12:30,Paderborn,Greuther Furth,1,2,A,1.71,4.01,4.44
2024/2025,2. Bundesliga,07/02/2025,17:30,Greuther Furth,Regensburg,2,1,H,1.88,3.52,4.08
2024/2025,2. Bundesliga,07/02/2025,17:30,Preußen Münster,Hamburg,1,2,A,3.37,3.55,2.07
2024/2025,2. Bundesliga,08/02/2025,12:00,Darmstadt,Elversberg,0,3,A,2.26,3.4,3.08
2024/2025,2. Bundesliga,08/02/2025,12:00,Magdeburg,Nurnberg,3,4,A,2.03,3.8,3.29
2024/2025,2. Bundesliga,08/02/2025,12:00,Ulm,Paderborn,0,2,A,3.17,3.43,2.2
2024/2025,2. Bundesliga,08/02/2025,19:30,Hertha,Kaiserslautern,0,1,A,1.88,3.88,3.66
2024/2025,2. Bundesliga,09/02/2025,12:30,FC Koln,Schalke 04,1,0,H,1.83,3.76,4.03
2024/2025,2. Bundesliga,09/02/2025,12:30,Hannover,Fortuna Dusseldorf,1,1,D,1.97,3.65,3.57
2024/2025,2. Bundesliga,09/02/2025,12:30,Karlsruhe,Braunschweig,0,2,A,1.76,4.01,4.06
2024/2025,2. Bundesliga,14/02/2025,17:30,Magdeburg,FC Koln,3,0,H,2.24,3.55,2.99
2024/2025,2. Bundesliga,14/02/2025,17:30,Paderborn,Preußen Münster,2,0,H,1.61,3.92,5.38
2024/2025,2. Bundesliga,15/02/2025,12:00,Braunschweig,Darmstadt,1,0,H,2.59,3.51,2.56
2024/2025,2. Bundesliga,15/02/2025,12:00,Elversberg,Greuther Furth,2,0,H,1.68,4.02,4.62
2024/2025,2. Bundesliga,15/02/2025,12:00,Kaiserslautern,Hannover,0,0,D,2.79,3.48,2.41
2024/2025,2. Bundesliga,15/02/2025,19:30,Fortuna Dusseldorf,Hertha,2,1,H,2.26,3.58,2.92
2024/2025,2. Bundesliga,16/02/2025,12:30,Nurnberg,Ulm,2,0,H,1.94,3.65,3.64
2024/2025,2. Bundesliga,16/02/2025,12:30,Regensburg,Hamburg,1,1,D,5.31,4.11,1.59
2024/2025,2. Bundesliga,16/02/2025,12:30,Schalke 04,Karlsruhe,2,1,H,1.95,3.68,3.63
2024/2025,2. Bundesliga,21/02/2025,17:30,Hamburg,Kaiserslautern,3,0,H,1.69,3.85,4.77
2024/2025,2. Bundesliga,21/02/2025,17:30,Hertha,Nurnberg,0,0,D,1.97,3.67,3.57
2024/2025,2. Bundesliga,22/02/2025,12:00,Karlsruhe,Magdeburg,3,1,H,2.95,3.68,2.22
2024/2025,2. Bundesliga,22/02/2025,12:00,Preußen Münster,Regensburg,2,0,H,2.27,3.14,3.29
2024/2025,2. Bundesliga,22/02/2025,12:00,Ulm,Elversberg,0,0,D,3.01,3.28,2.35
2024/2025,2. Bundesliga,22/02/2025,19:30,Hannover,Paderborn,1,1,D,2.17,3.43,3.24
2024/2025,2. Bundesliga,23/02/2025,12:30,Darmstadt,Schalke 04,2,0,H,2.21,3.5,3.1
2024/2025,2. Bundesliga,23/02/2025,12:30,FC Koln,Fortuna Dusseldorf,1,1,D,1.91,3.55,3.9
2024/2025,2. Bundesliga,23/02/2025,12:30,Greuther Furth,Braunschweig,3,0,H,2.04,3.47,3.52
2024/2025,2. Bundesliga,28/02/2025,17:30,Fortuna Dusseldorf,Greuther Furth,1,2,A,1.92,3.68,3.73
2024/2025,2. Bundesliga,28/02/2025,17:30,Schalke 04,Preußen Münster,1,0,H,1.89,3.49,4.06
2024/2025,2. Bundesliga,01/03/2025,12:00,Braunschweig,Ulm,1,1,D,2.37,3.26,3
2024/2025,2. Bundesliga,01/03/2025,12:00,Kaiserslautern,Regensburg,3,0,H,1.6,3.99,5.35
2024/2025,2. Bundesliga,01/03/2025,12:00,Nurnberg,Hannover,1,2,A,2.35,3.39,2.93
2024/2025,2. Bundesliga,01/03/2025,19:30,Karlsruhe,FC Koln,1,0,H,3.57,3.48,2.03
2024/2025,2. Bundesliga,02/03/2025,12:30,Elversberg,Hertha,4,0,H,2.27,3.49,2.96
2024/2025,2. Bundesliga,02/03/2025,12:30,Magdeburg,Darmstadt,4,1,H,1.94,3.77,3.54
2024/2025,2. Bundesliga,02/03/2025,12:30,Paderborn,Hamburg,2,0,H,2.3,3.53,2.89
2024/2025,2. Bundesliga,07/03/2025,17:30,Darmstadt,Karlsruhe,3,0,H,2.01,3.6,3.55
2024/2025,2. Bundesliga,07/03/2025,17:30,Kaiserslautern,Elversberg,1,1,D,2.81,3.56,2.38
2024/2025,2. Bundesliga,08/03/2025,12:00,Greuther Furth,Magdeburg,1,1,D,2.96,3.58,2.26
2024/2025,2. Bundesliga,08/03/2025,12:00,Hertha,Schalke 04,1,2,A,1.85,3.7,4
2024/2025,2. Bundesliga,08/03/2025,12:00,Ulm,FC Koln,0,1,A,3.55,3.27,2.12
2024/2025,2. Bundesliga,08/03/2025,19:30,Hamburg,Fortuna Dusseldorf,4,1,H,1.71,4.02,4.47
2024/2025,2. Bundesliga,09/03/2025,12:30,Hannover,Braunschweig,1,1,D,1.77,3.74,4.46
2024/2025,2. Bundesliga,09/03/2025,12:30,Preußen Münster,Nurnberg,0,1,A,2.69,3.37,2.55
2024/2025,2. Bundesliga,09/03/2025,12:30,Regensburg,Paderborn,0,0,D,5.2,3.83,1.65
2024/2025,2. Bundesliga,14/03/2025,17:30,Magdeburg,Hamburg,0,3,A,2.47,3.6,2.66
2024/2025,2. Bundesliga,14/03/2025,17:30,Schalke 04,Hannover,1,2,A,2.23,3.5,3.08
2024/2025,2. Bundesliga,15/03/2025,12:00,Elversberg,Preußen Münster,0,1,A,1.63,4.06,5.02
2024/2025,2. Bundesliga,15/03/2025,12:00,Fortuna Dusseldorf,Regensburg,1,0,H,1.61,4.2,4.93
2024/2025,2. Bundesliga,15/03/2025,12:00,Paderborn,Kaiserslautern,5,3,H,1.69,3.9,4.76
2024/2025,2. Bundesliga,15/03/2025,19:30,FC Koln,Darmstadt,2,1,H,1.86,3.55,4.14
2024/2025,2. Bundesliga,16/03/2025,12:30,Braunschweig,Hertha,1,5,A,3.25,3.35,2.21
2024/2025,2. Bundesliga,16/03/2025,12:30,Karlsruhe,Ulm,0,0,D,2.06,3.49,3.47
2024/2025,2. Bundesliga,16/03/2025,12:30,Nurnberg,Greuther Furth,3,0,H,2.22,3.33,3.25
2024/2025,2. Bundesliga,28/03/2025,17:30,Hamburg,Elversberg,0,0,D,1.79,3.92,4.07
2024/2025,2. Bundesliga,28/03/2025,17:30,Ulm,Darmstadt,2,1,H,3.14,3.34,2.28
2024/2025,2. Bundesliga,29/03/2025,12:00,Hannover,Magdeburg,0,0,D,2.38,3.66,2.73
2024/2025,2. Bundesliga,29/03/2025,12:00,Hertha,Karlsruhe,3,1,H,1.67,3.88,4.95
2024/2025,2. Bundesliga,29/03/2025,12:00,Paderborn,FC Koln,1,2,A,2.02,3.52,3.57
2024/2025,2. Bundesliga,29/03/2025,19:30,Kaiserslautern,Fortuna Dusseldorf,3,1,H,2.28,3.58,2.93
2024/2025,2. Bundesliga,30/03/2025,12:30,Greuther Furth,Schalke 04,3,3,D,2.67,3.36,2.59
2024/2025,2. Bundesliga,30/03/2025,12:30,Preußen Münster,Braunschweig,1,1,D,2.04,3.4,3.61
2024/2025,2. Bundesliga,30/03/2025,12:30,Regensburg,Nurnberg,2,1,H,3.56,3.53,2.02
2024/2025,2. Bundesliga,04/04/2025,17:30,Braunschweig,Paderborn,3,2,H,4.28,3.76,1.79
2024/2025,2. Bundesliga,04/04/2025,17:30,Karlsruhe,Hannover,1,0,H,2.99,3.44,2.29
2024/2025,2. Bundesliga,05/04/2025,12:00,Darmstadt,Greuther Furth,1,0,H,1.76,3.75,4.43
2024/2025,2. Bundesliga,05/04/2025,12:00,Fortuna Dusseldorf,Preußen Münster,1,0,H,1.96,3.65,3.62
2024/2025,2. Bundesliga,05/04/2025,12:00,Nurnberg,Hamburg,0,3,A,3.89,3.94,1.82
2024/2025,2. Bundesliga,05/04/2025,19:30,FC Koln,Hertha,0,1,A,2.09,3.65,3.24
2024/2025,2. Bundesliga,06/04/2025,12:30,Elversberg,Regensburg,6,0,H,1.35,4.99,8.46
2024/2025,2. Bundesliga,06/04/2025,12:30,Magdeburg,Kaiserslautern,2,0,H,1.75,4.26,3.94
2024/2025,2. Bundesliga,06/04/2025,12:30,Schalke 04,Ulm,2,1,H,1.85,3.8,3.9
2024/2025,2. Bundesliga,11/04/2025,17:30,Greuther Furth,FC Koln,1,1,D,3.56,3.55,2.01
2024/2025,2. Bundesliga,11/04/2025,17:30,Hamburg,Braunschweig,2,4,A,1.38,5.08,7.09
2024/2025,2. Bundesliga,12/04/2025,12:00,Hannover,Elversberg,1,3,A,2.41,3.51,2.76
2024/2025,2. Bundesliga,12/04/2025,12:00,Hertha,Darmstadt,1,1,D,2.02,3.61,3.45
2024/2025,2. Bundesliga,12/04/2025,12:00,Ulm,Magdeburg,1,0,H,3.28,3.51,2.12
2024/2025,2. Bundesliga,12/04/2025,19:30,Kaiserslautern,Nurnberg,1,2,A,1.77,3.94,4.11
2024/2025,2. Bundesliga,13/04/2025,12:30,Paderborn,Fortuna Dusseldorf,1,2,A,1.63,4.04,4.88
2024/2025,2. Bundesliga,13/04/2025,12:30,Preußen Münster,Karlsruhe,1,1,D,2.13,3.51,3.25
2024/2025,2. Bundesliga,13/04/2025,12:30,Regensburg,Schalke 04,2,0,H,4.1,3.7,1.83
2024/2025,2. Bundesliga,19/04/2025,12:00,Braunschweig,Kaiserslautern,2,0,H,2.61,3.5,2.55
2024/2025,2. Bundesliga,19/04/2025,12:00,Elversberg,Fortuna Dusseldorf,1,1,D,1.86,3.85,3.79
2024/2025,2. Bundesliga,19/04/2025,12:00,Nurnberg,Paderborn,2,3,A,3.48,3.77,1.97
2024/2025,2. Bundesliga,19/04/2025,19:30,Schalke 04,Hamburg,2,2,D,2.93,3.75,2.2
2024/2025,2. Bundesliga,20/04/2025,12:30,Darmstadt,Hannover,3,1,H,2.13,3.55,3.22
2024/2025,2. Bundesliga,20/04/2025,12:30,FC Koln,Preußen Münster,3,1,H,1.43,4.8,6.42
2024/2025,2. Bundesliga,20/04/2025,12:30,Karlsruhe,Greuther Furth,1,0,H,2.41,3.47,2.78
2024/2025,2. Bundesliga,20/04/2025,12:30,Magdeburg,Regensburg,3,0,H,1.39,5.01,7.1
2024/2025,2. Bundesliga,20/04/2025,12:30,Ulm,Hertha,2,3,A,3.23,3.39,2.19
2024/2025,2. Bundesliga,25/04/2025,17:30,Greuther Furth,Ulm,0,1,A,2.1,3.42,3.44
2024/2025,2. Bundesliga,25/04/2025,17:30,Hertha,Magdeburg,1,1,D,2.29,3.87,2.74
2024/2025,2. Bundesliga,26/04/2025,12:00,Paderborn,Elversberg,1,1,D,2.18,3.65,3.03
2024/2025,2. Bundesliga,26/04/2025,12:00,Preußen Münster,Darmstadt,1,1,D,2.85,3.7,2.27
2024/2025,2. Bundesliga,26/04/2025,12:00,Regensburg,Braunschweig,1,1,D,2.75,3.41,2.46
2024/2025,2. Bundesliga,26/04/2025,19:30,Fortuna Dusseldorf,Nurnberg,3,3,D,1.73,3.93,4.35
2024/2025,2. Bundesliga,27/04/2025,12:30,Hamburg,Karlsruhe,1,2,A,1.49,4.84,5.31
2024/2025,2. Bundesliga,27/04/2025,12:30,Hannover,FC Koln,1,0,H,3.58,3.64,1.98
2024/2025,2. Bundesliga,27/04/2025,12:30,Kaiserslautern,Schalke 04,2,1,H,1.85,3.89,3.77
2024/2025,2. Bundesliga,02/05/2025,17:30,Magdeburg,Preußen Münster,0,5,A,1.46,4.77,6.03
2024/2025,2. Bundesliga,02/05/2025,17:30,Schalke 04,Paderborn,0,2,A,3.84,3.96,1.83
2024/2025,2. Bundesliga,03/05/2025,12:00,Braunschweig,Fortuna Dusseldorf,2,2,D,2.83,3.47,2.37
2024/2025,2. Bundesliga,03/05/2025,12:00,Darmstadt,Hamburg,0,4,A,3.08,3.81,2.1
2024/2025,2. Bundesliga,03/05/2025,12:00,Ulm,Hannover,1,2,A,2.62,3.49,2.54
2024/2025,2. Bundesliga,03/05/2025,19:30,FC Koln,Regensburg,1,1,D,1.2,6.65,12.3
2024/2025,2. Bundesliga,04/05/2025,12:30,Hertha,Greuther Furth,1,0,H,1.89,3.9,3.58
2024/2025,2. Bundesliga,04/05/2025,12:30,Karlsruhe,Kaiserslautern,2,2,D,2.47,3.65,2.61
2024/2025,2. Bundesliga,04/05/2025,12:30,Nurnberg,Elversberg,1,3,A,4.43,4.14,1.68
2024/2025,2. Bundesliga,09/05/2025,17:30,Nurnberg,FC Koln,1,2,A,6.35,4.77,1.44
2024/2025,2. Bundesliga,09/05/2025,17:30,Preußen Münster,Hertha,2,0,H,2.62,3.73,2.44
2024/2025,2. Bundesliga,10/05/2025,12:00,Elversberg,Braunschweig,3,0,H,1.49,4.58,5.87
2024/2025,2. Bundesliga,10/05/2025,12:00,Fortuna Dusseldorf,Schalke 04,2,0,H,1.82,4.14,3.67
2024/2025,2. Bundesliga,10/05/2025,12:00,Paderborn,Magdeburg,2,1,H,1.79,4.08,3.87
2024/2025,2. Bundesliga,10/05/2025,19:30,Hamburg,Ulm,6,1,H,1.35,5.52,7.07
2024/2025,2. Bundesliga,11/05/2025,12:30,Hannover,Greuther Furth,1,1,D,2.13,3.72,3.09
2024/2025,2. Bundesliga,11/05/2025,12:30,Kaiserslautern,Darmstadt,2,1,H,1.96,4,3.31
2024/2025,2. Bundesliga,11/05/2025,12:30,Regensburg,Karlsruhe,2,2,D,3.53,3.73,1.95
2024/2025,2. Bundesliga,18/05/2025,14:30,Braunschweig,Nurnberg,1,4,A,1.76,4,4.15
2024/2025,2. Bundesliga,18/05/2025,14:30,Darmstadt,Regensburg,3,1,H,1.4,4.97,6.73
2024/2025,2. Bundesliga,18/05/2025,14:30,FC Koln,Kaiserslautern,4,0,H,1.45,4.92,5.87
2024/2025,2. Bundesliga,18/05/2025,14:30,Greuther Furth,Hamburg,3,2,H,2.49,4.04,2.44
2024/2025,2. Bundesliga,18/05/2025,14:30,Hertha,Hannover,1,1,D,2.06,3.89,3.15
2024/2025,2. Bundesliga,18/05/2025,14:30,Karlsruhe,Paderborn,3,0,H,4.39,4.1,1.69
2024/2025,2. Bundesliga,18/05/2025,14:30,Magdeburg,Fortuna Dusseldorf,4,2,H,2.34,3.95,2.63
2024/2025,2. Bundesliga,18/05/2025,14:30,Schalke 04,Elversberg,1,2,A,4.6,4.43,1.62
2024/2025,2. Bundesliga,18/05/2025,14:30,Ulm,Preußen Münster,2,2,D,3.34,3.53,2.09
2025/2026,2. Bundesliga,01/08/2025,19:30,Schalke 04,Hertha,2,1,H,2.87,3.4,2.29
2025/2026,2. Bundesliga,02/08/2025,12:00,Darmstadt,Bochum,4,1,H,2.26,3.5,2.85
2025/2026,2. Bundesliga,02/08/2025,12:00,Elversberg,Nurnberg,1,0,H,1.97,3.6,3.4
2025/2026,2. Bundesliga,02/08/2025,12:00,Karlsruhe,Preußen Münster,3,2,H,2.06,3.52,3.23
2025/2026,2. Bundesliga,02/08/2025,12:00,Paderborn,Holstein Kiel,2,1,H,2.23,3.44,2.91
2025/2026,2. Bundesliga,02/08/2025,19:30,Bielefeld,Fortuna Dusseldorf,5,1,H,2.52,3.55,2.48
2025/2026,2. Bundesliga,03/08/2025,12:30,Greuther Furth,Dresden,3,2,H,2.36,3.39,2.73
2025/2026,2. Bundesliga,03/08/2025,12:30,Hannover,Kaiserslautern,1,0,H,2.13,3.58,3.03
2025/2026,2. Bundesliga,03/08/2025,12:30,Magdeburg,Braunschweig,0,1,A,1.66,3.96,4.42
2025/2026,2. Bundesliga,08/08/2025,17:30,Nurnberg,Darmstadt,0,1,A,2.66,3.57,2.35
2025/2026,2. Bundesliga,08/08/2025,17:30,Preußen Münster,Paderborn,1,1,D,3.11,3.27,2.21
2025/2026,2. Bundesliga,09/08/2025,12:00,Braunschweig,Greuther Furth,3,2,H,2.34,3.44,2.76
2025/2026,2. Bundesliga,09/08/2025,12:00,Dresden,Magdeburg,1,2,A,2.72,3.55,2.32
2025/2026,2. Bundesliga,09/08/2025,12:00,Fortuna Dusseldorf,Hannover,0,2,A,2.43,3.59,2.56
2025/2026,2. Bundesliga,09/08/2025,19:30,Kaiserslautern,Schalke 04,1,0,H,2.41,3.44,2.64
2025/2026,2. Bundesliga,10/08/2025,12:30,Bochum,Elversberg,2,0,H,2.33,3.45,2.76
2025/2026,2. Bundesliga,10/08/2025,12:30,Hertha,Karlsruhe,0,0,D,1.79,3.86,3.81
2025/2026,2. Bundesliga,10/08/2025,12:30,Holstein Kiel,Bielefeld,0,2,A,2.31,3.51,2.76
2025/2026,2. Bundesliga,22/08/2025,17:30,Elversberg,Kaiserslautern,2,1,H,2.06,3.5,3.23
2025/2026,2. Bundesliga,22/08/2025,17:30,Preußen Münster,Nurnberg,2,1,H,2.17,3.34,3.13
2025/2026,2. Bundesliga,23/08/2025,12:00,Hannover,Magdeburg,3,1,H,2.09,3.5,3.16
2025/2026,2. Bundesliga,23/08/2025,12:00,Karlsruhe,Braunschweig,2,0,H,1.76,3.9,3.9
2025/2026,2. Bundesliga,23/08/2025,12:00,Paderborn,Fortuna Dusseldorf,1,2,A,1.65,4.08,4.36
2025/2026,2. Bundesliga,23/08/2025,19:30,Schalke 04,Bochum,2,1,H,2.2,3.46,2.98
2025/2026,2. Bundesliga,24/08/2025,12:30,Bielefeld,Dresden,1,2,A,1.94,3.57,3.53
2025/2026,2. Bundesliga,24/08/2025,12:30,Darmstadt,Hertha,0,0,D,1.93,3.59,3.54
2025/2026,2. Bundesliga,24/08/2025,12:30,Greuther Furth,Holstein Kiel,0,2,A,2.73,3.58,2.31
2025/2026,2. Bundesliga,29/08/2025,17:30,Hertha,Elversberg,0,2,A,2.01,3.47,3.4
2025/2026,2. Bundesliga,29/08/2025,17:30,Nurnberg,Paderborn,0,0,D,3.04,3.65,2.1
2025/2026,2. Bundesliga,30/08/2025,12:00,Bochum,Preußen Münster,1,2,A,2.07,3.46,3.26
2025/2026,2. Bundesliga,30/08/2025,12:00,Braunschweig,Bielefeld,1,1,D,2.71,3.58,2.33
2025/2026,2. Bundesliga,30/08/2025,12:00,Holstein Kiel,Hannover,1,2,A,2.41,3.53,2.63
2025/2026,2. Bundesliga,30/08/2025,19:30,Fortuna Dusseldorf,Karlsruhe,0,0,D,2.22,3.62,2.85
2025/2026,2. Bundesliga,31/08/2025,12:30,Dresden,Schalke 04,0,1,A,2.09,3.45,3.22
2025/2026,2. Bundesliga,31/08/2025,12:30,Kaiserslautern,Darmstadt,3,1,H,2.98,3.42,2.22
2025/2026,2. Bundesliga,31/08/2025,12:30,Magdeburg,Greuther Furth,4,5,A,1.9,3.87,3.38
2025/2026,2. Bundesliga,12/09/2025,17:30,Bielefeld,Magdeburg,2,0,H,2.06,3.71,3.13
2025/2026,2. Bundesliga,12/09/2025,17:30,Paderborn,Bochum,1,0,H,1.81,3.75,3.89
2025/2026,2. Bundesliga,13/09/2025,12:00,Darmstadt,Braunschweig,2,1,H,1.56,4.31,4.91
2025/2026,2. Bundesliga,13/09/2025,12:00,Karlsruhe,Nurnberg,2,1,H,2.03,3.63,3.24
2025/2026,2. Bundesliga,13/09/2025,12:00,Schalke 04,Holstein Kiel,0,1,A,2.17,3.5,3.02
2025/2026,2. Bundesliga,13/09/2025,19:30,Hannover,Hertha,0,3,A,1.66,4.01,4.53
2025/2026,2. Bundesliga,14/09/2025,12:30,Elversberg,Dresden,2,2,D,1.94,3.66,3.49
2025/2026,2. Bundesliga,14/09/2025,12:30,Greuther Furth,Kaiserslautern,0,3,A,2.34,3.51,2.77
2025/2026,2. Bundesliga,14/09/2025,12:30,Preußen Münster,Fortuna Dusseldorf,1,2,A,2.4,3.29,2.8
2025/2026,2. Bundesliga,19/09/2025,17:30,Bielefeld,Greuther Furth,1,3,A,1.71,3.9,4.22
2025/2026,2. Bundesliga,19/09/2025,17:30,Kaiserslautern,Preußen Münster,4,1,H,2,3.46,3.47
2025/2026,2. Bundesliga,20/09/2025,12:00,Braunschweig,Elversberg,1,4,A,3.3,3.55,2.02
2025/2026,2. Bundesliga,20/09/2025,12:00,Hertha,Paderborn,0,2,A,2.5,3.51,2.53
2025/2026,2. Bundesliga,20/09/2025,12:00,Magdeburg,Schalke 04,0,2,A,2.31,3.46,2.81
2025/2026,2. Bundesliga,20/09/2025,19:30,Nurnberg,Bochum,2,1,H,2.12,3.58,3.05
2025/2026,2. Bundesliga,21/09/2025,12:30,Dresden,Hannover,2,2,D,2.7,3.57,2.34
2025/2026,2. Bundesliga,21/09/2025,12:30,Fortuna Dusseldorf,Darmstadt,0,3,A,2.5,3.59,2.51
2025/2026,2. Bundesliga,21/09/2025,12:30,Holstein Kiel,Karlsruhe,3,0,H,1.96,3.54,3.48
2025/2026,2. Bundesliga,26/09/2025,17:30,Darmstadt,Dresden,2,0,H,1.66,4.12,4.26
2025/2026,2. Bundesliga,26/09/2025,17:30,Schalke 04,Greuther Furth,1,0,H,1.75,3.81,4.08
2025/2026,2. Bundesliga,27/09/2025,12:00,Elversberg,Holstein Kiel,1,0,H,2.09,3.55,3.14
2025/2026,2. Bundesliga,27/09/2025,12:00,Karlsruhe,Magdeburg,1,0,H,2.33,3.66,2.67
2025/2026,2. Bundesliga,27/09/2025,12:00,Paderborn,Kaiserslautern,2,0,H,2.02,3.57,3.3
2025/2026,2. Bundesliga,27/09/2025,19:30,Bochum,Fortuna Dusseldorf,0,1,A,2.18,3.56,2.96
2025/2026,2. Bundesliga,28/09/2025,12:30,Hannover,Bielefeld,3,1,H,1.84,3.74,3.75
2025/2026,2. Bundesliga,28/09/2025,12:30,Nurnberg,Hertha,0,3,A,2.24,3.54,2.84
2025/2026,2. Bundesliga,28/09/2025,12:30,Preußen Münster,Braunschweig,3,1,H,2.06,3.41,3.35
2025/2026,2. Bundesliga,03/10/2025,17:30,Braunschweig,Paderborn,1,2,A,3.56,3.68,1.9
2025/2026,2. Bundesliga,03/10/2025,17:30,Fortuna Dusseldorf,Nurnberg,2,3,A,2.36,3.54,2.69
2025/2026,2. Bundesliga,04/10/2025,12:00,Hertha,Preußen Münster,2,1,H,1.91,3.63,3.61
2025/2026,2. Bundesliga,04/10/2025,12:00,Holstein Kiel,Darmstadt,1,1,D,2.36,3.5,2.7
2025/2026,2. Bundesliga,04/10/2025,12:00,Kaiserslautern,Bochum,3,2,H,1.97,3.67,3.35
2025/2026,2. Bundesliga,04/10/2025,19:30,Dresden,Karlsruhe,3,3,D,2.17,3.56,2.95
2025/2026,2. Bundesliga,05/10/2025,12:30,Bielefeld,Schalke 04,1,2,A,2.64,3.41,2.45
2025/2026,2. Bundesliga,05/10/2025,12:30,Greuther Furth,Hannover,2,2,D,3.95,3.91,1.76
2025/2026,2. Bundesliga,05/10/2025,12:30,Magdeburg,Elversberg,0,4,A,2.48,3.7,2.47
2025/2026,2. Bundesliga,17/10/2025,17:30,Fortuna Dusseldorf,Braunschweig,1,2,A,1.85,3.62,3.81
2025/2026,2. Bundesliga,17/10/2025,17:30,Hannover,Schalke 04,0,3,A,1.92,3.52,3.65
2025/2026,2. Bundesliga,18/10/2025,12:00,Karlsruhe,Kaiserslautern,2,3,A,2.44,3.52,2.59
2025/2026,2. Bundesliga,18/10/2025,12:00,Paderborn,Bielefeld,4,3,H,1.68,3.81,4.57
2025/2026,2. Bundesliga,18/10/2025,12:00,Preußen Münster,Dresden,2,2,D,2.29,3.57,2.75
2025/2026,2. Bundesliga,18/10/2025,19:30,Bochum,Hertha,3,2,H,2.5,3.51,2.53
2025/2026,2. Bundesliga,19/10/2025,12:30,Darmstadt,Magdeburg,0,0,D,1.77,3.78,3.98
2025/2026,2. Bundesliga,19/10/2025,12:30,Elversberg,Greuther Furth,6,0,H,1.49,4.54,5.43
2025/2026,2. Bundesliga,19/10/2025,12:30,Nurnberg,Holstein Kiel,1,1,D,2.47,3.41,2.61
2025/2026,2. Bundesliga,24/10/2025,17:30,Greuther Furth,Karlsruhe,1,4,A,3.14,3.72,2.03
2025/2026,2. Bundesliga,24/10/2025,17:30,Schalke 04,Darmstadt,1,0,H,1.91,3.54,3.71
2025/2026,2. Bundesliga,25/10/2025,12:00,Bielefeld,Elversberg,2,0,H,2.88,3.64,2.2
2025/2026,2. Bundesliga,25/10/2025,12:00,Dresden,Paderborn,1,2,A,3.34,3.71,1.96
2025/2026,2. Bundesliga,25/10/2025,12:00,Holstein Kiel,Bochum,1,1,D,1.86,3.77,3.64
2025/2026,2. Bundesliga,25/10/2025,19:30,Hertha,Fortuna Dusseldorf,1,0,H,1.77,3.87,3.92
2025/2026,2. Bundesliga,26/10/2025,12:30,Braunschweig,Hannover,0,3,A,3.61,3.46,1.95
2025/2026,2. Bundesliga,26/10/2025,12:30,Kaiserslautern,Nurnberg,1,1,D,2.26,3.6,2.77
2025/2026,2. Bundesliga,26/10/2025,12:30,Magdeburg,Preußen Münster,2,0,H,1.89,3.76,3.54
2025/2026,2. Bundesliga,31/10/2025,17:30,Elversberg,Hannover,2,2,D,2.28,3.67,2.71
2025/2026,2. Bundesliga,31/10/2025,17:30,Preußen Münster,Holstein Kiel,2,1,H,3.22,3.43,2.1
2025/2026,2. Bundesliga,01/11/2025,12:00,Hertha,Dresden,2,0,H,1.69,3.86,4.4
2025/2026,2. Bundesliga,01/11/2025,12:00,Karlsruhe,Schalke 04,2,1,H,2.93,3.33,2.29
2025/2026,2. Bundesliga,01/11/2025,12:00,Nurnberg,Braunschweig,2,1,H,1.67,3.84,4.56
2025/2026,2. Bundesliga,01/11/2025,19:30,Darmstadt,Bielefeld,2,2,D,2.01,3.65,3.26
2025/2026,2. Bundesliga,02/11/2025,12:30,Bochum,Magdeburg,2,0,H,2.23,3.61,2.84
2025/2026,2. Bundesliga,02/11/2025,12:30,Fortuna Dusseldorf,Kaiserslautern,1,1,D,2.45,3.59,2.55
2025/2026,2. Bundesliga,02/11/2025,12:30,Paderborn,Greuther Furth,2,1,H,1.33,5.12,7.58
2025/2026,2. Bundesliga,07/11/2025,17:30,Dresden,Nurnberg,1,2,A,2.5,3.5,2.53
2025/2026,2. Bundesliga,07/11/2025,17:30,Greuther Furth,Preußen Münster,1,0,H,2.52,3.45,2.54
2025/2026,2. Bundesliga,08/11/2025,12:00,Bielefeld,Karlsruhe,4,0,H,1.99,3.68,3.26
2025/2026,2. Bundesliga,08/11/2025,12:00,Hannover,Darmstadt,2,3,A,2.09,3.42,3.25
2025/2026,2. Bundesliga,08/11/2025,12:00,Schalke 04,Elversberg,1,0,H,2.59,3.15,2.67
2025/2026,2. Bundesliga,08/11/2025,19:30,Kaiserslautern,Hertha,0,1,A,2.3,3.52,2.77
2025/2026,2. Bundesliga,09/11/2025,12:30,Braunschweig,Bochum,0,2,A,2.95,3.49,2.2
2025/2026,2. Bundesliga,09/11/2025,12:30,Holstein Kiel,Fortuna Dusseldorf,1,0,H,1.75,3.82,4.1
2025/2026,2. Bundesliga,09/11/2025,12:30,Magdeburg,Paderborn,0,1,A,3.66,3.77,1.85
2025/2026,2. Bundesliga,21/11/2025,17:30,Bochum,Dresden,1,2,A,1.89,3.61,3.68
2025/2026,2. Bundesliga,21/11/2025,17:30,Hertha,Braunschweig,1,0,H,1.56,3.92,5.51
2025/2026,2. Bundesliga,22/11/2025,12:00,Fortuna Dusseldorf,Magdeburg,2,1,H,2.11,3.65,3
2025/2026,2. Bundesliga,22/11/2025,12:00,Paderborn,Hannover,0,2,A,2.13,3.51,3.07
2025/2026,2. Bundesliga,22/11/2025,12:00,Preußen Münster,Schalke 04,0,0,D,3.19,3.2,2.2
2025/2026,2. Bundesliga,22/11/2025,19:30,Darmstadt,Greuther Furth,4,2,H,1.51,4.33,5.35
2025/2026,2. Bundesliga,23/11/2025,12:30,Kaiserslautern,Holstein Kiel,4,1,H,2.32,3.44,2.81
2025/2026,2. Bundesliga,23/11/2025,12:30,Karlsruhe,Elversberg,2,3,A,3.17,3.42,2.12
2025/2026,2. Bundesliga,23/11/2025,12:30,Nurnberg,Bielefeld,2,0,H,2.26,3.51,2.84
2025/2026,2. Bundesliga,28/11/2025,17:30,Hannover,Karlsruhe,3,0,H,1.42,4.72,6
2025/2026,2. Bundesliga,28/11/2025,17:30,Schalke 04,Paderborn,2,1,H,2.48,3.13,2.81
2025/2026,2. Bundesliga,29/11/2025,12:00,Braunschweig,Kaiserslautern,2,0,H,3.07,3.46,2.15
2025/2026,2. Bundesliga,29/11/2025,12:00,Greuther Furth,Bochum,0,3,A,3.03,3.6,2.12
2025/2026,2. Bundesliga,29/11/2025,12:00,Holstein Kiel,Hertha,0,1,A,2.3,3.48,2.81
2025/2026,2. Bundesliga,29/11/2025,19:30,Magdeburg,Nurnberg,3,0,H,2.17,3.59,2.93
2025/2026,2. Bundesliga,30/11/2025,12:30,Bielefeld,Preußen Münster,1,2,A,1.71,3.8,4.34
2025/2026,2. Bundesliga,30/11/2025,12:30,Dresden,Fortuna Dusseldorf,2,1,H,2.24,3.42,2.96
2025/2026,2. Bundesliga,30/11/2025,12:30,Elversberg,Darmstadt,0,0,D,1.86,3.68,3.71
2025/2026,2. Bundesliga,05/12/2025,17:30,Fortuna Dusseldorf,Schalke 04,0,2,A,3.18,3.33,2.16
2025/2026,2. Bundesliga,05/12/2025,17:30,Preußen Münster,Hannover,2,2,D,4.13,3.77,1.76
2025/2026,2. Bundesliga,06/12/2025,12:00,Bochum,Bielefeld,1,0,H,2.44,3.38,2.69
2025/2026,2. Bundesliga,06/12/2025,12:00,Kaiserslautern,Dresden,3,1,H,2.01,3.63,3.27
2025/2026,2. Bundesliga,06/12/2025,12:00,Paderborn,Elversberg,1,2,A,2.46,3.44,2.62
2025/2026,2. Bundesliga,06/12/2025,19:30,Darmstadt,Karlsruhe,3,2,H,1.69,3.96,4.3
2025/2026,2. Bundesliga,07/12/2025,12:30,Braunschweig,Holstein Kiel,1,1,D,2.6,3.3,2.56
2025/2026,2. Bundesliga,07/12/2025,12:30,Hertha,Magdeburg,0,2,A,1.72,3.89,4.19
2025/2026,2. Bundesliga,07/12/2025,12:30,Nurnberg,Greuther Furth,2,2,D,1.71,3.84,4.32
2025/2026,2. Bundesliga,12/12/2025,17:30,Dresden,Braunschweig,2,3,A,2.21,3.2,3.18
2025/2026,2. Bundesliga,12/12/2025,17:30,Greuther Furth,Hertha,3,3,D,3.81,3.66,1.83
2025/2026,2. Bundesliga,13/12/2025,12:00,Bielefeld,Kaiserslautern,0,0,D,2.05,3.51,3.26
2025/2026,2. Bundesliga,13/12/2025,12:00,Karlsruhe,Paderborn,0,4,A,3.32,3.56,2.01
2025/2026,2. Bundesliga,13/12/2025,12:00,Magdeburg,Holstein Kiel,3,3,D,2.06,3.53,3.21
2025/2026,2. Bundesliga,13/12/2025,19:30,Hannover,Bochum,0,0,D,1.8,3.58,4.12
2025/2026,2. Bundesliga,14/12/2025,12:30,Darmstadt,Preußen Münster,1,0,H,1.81,3.53,4.13
2025/2026,2. Bundesliga,14/12/2025,12:30,Elversberg,Fortuna Dusseldorf,1,0,H,1.54,4.27,5.11
2025/2026,2. Bundesliga,14/12/2025,12:30,Schalke 04,Nurnberg,1,0,H,1.84,3.53,3.98
2025/2026,2. Bundesliga,19/12/2025,17:30,Hertha,Bielefeld,1,1,D,1.96,3.34,3.71
2025/2026,2. Bundesliga,19/12/2025,17:30,Paderborn,Darmstadt,2,2,D,2.02,3.53,3.32
2025/2026,2. Bundesliga,20/12/2025,12:00,Bochum,Karlsruhe,2,2,D,1.59,4.11,4.89
2025/2026,2. Bundesliga,20/12/2025,12:00,Fortuna Dusseldorf,Greuther Furth,2,1,H,1.77,3.83,3.93
2025/2026,2. Bundesliga,20/12/2025,12:00,Kaiserslautern,Magdeburg,2,3,A,2.29,3.62,2.74
2025/2026,2. Bundesliga,20/12/2025,19:30,Holstein Kiel,Dresden,2,1,H,2.03,3.44,3.42
2025/2026,2. Bundesliga,21/12/2025,12:30,Braunschweig,Schalke 04,2,1,H,2.99,3.24,2.29
2025/2026,2. Bundesliga,21/12/2025,12:30,Nurnberg,Hannover,2,1,H,3.39,3.49,2
2025/2026,2. Bundesliga,21/12/2025,12:30,Preußen Münster,Elversberg,1,1,D,3.06,3.36,2.2
2025/2026,2. Bundesliga,16/01/2026,17:30,Braunschweig,Magdeburg,0,3,A,2.9,3.55,2.2
2025/2026,2. Bundesliga,16/01/2026,17:30,Fortuna Dusseldorf,Bielefeld,1,0,H,2.47,3.36,2.65
2025/2026,2. Bundesliga,17/01/2026,12:00,Dresden,Greuther Furth,2,0,H,1.89,3.63,3.63
2025/2026,2. Bundesliga,17/01/2026,12:00,Nurnberg,Elversberg,3,2,H,2.52,3.31,2.63
2025/2026,2. Bundesliga,17/01/2026,12:00,Preußen Münster,Karlsruhe,0,2,A,1.82,3.65,3.92
2025/2026,2. Bundesliga,17/01/2026,19:30,Hertha,Schalke 04,0,0,D,2.48,3.13,2.79
2025/2026,2. Bundesliga,18/01/2026,12:30,Bochum,Darmstadt,3,3,D,2.43,3.29,2.72
2025/2026,2. Bundesliga,18/01/2026,12:30,Holstein Kiel,Paderborn,2,0,H,2.94,3.34,2.26
2025/2026,2. Bundesliga,18/01/2026,12:30,Kaiserslautern,Hannover,3,1,H,2.97,3.48,2.2
2025/2026,2. Bundesliga,23/01/2026,17:30,Bielefeld,Holstein Kiel,2,2,D,2.28,3.21,3.05
2025/2026,2. Bundesliga,23/01/2026,17:30,Darmstadt,Nurnberg,2,0,H,1.92,3.51,3.68
2025/2026,2. Bundesliga,24/01/2026,12:00,Greuther Furth,Braunschweig,0,0,D,2.77,3.28,2.44
2025/2026,2. Bundesliga,24/01/2026,12:00,Hannover,Fortuna Dusseldorf,2,1,H,1.73,3.8,4.3
2025/2026,2. Bundesliga,24/01/2026,12:00,Karlsruhe,Hertha,2,2,D,3.36,3.66,1.96
2025/2026,2. Bundesliga,24/01/2026,19:30,Magdeburg,Dresden,1,2,A,1.67,3.89,4.53
2025/2026,2. Bundesliga,25/01/2026,12:30,Elversberg,Bochum,1,1,D,1.94,3.53,3.59
2025/2026,2. Bundesliga,25/01/2026,12:30,Paderborn,Preußen Münster,2,1,H,1.65,3.75,4.9
2025/2026,2. Bundesliga,25/01/2026,12:30,Schalke 04,Kaiserslautern,2,2,D,1.96,3.31,3.78
2025/2026,2. Bundesliga,30/01/2026,17:30,Magdeburg,Hannover,1,2,A,2.53,3.48,2.54
2025/2026,2. Bundesliga,30/01/2026,17:30,Nurnberg,Preußen Münster,1,1,D,2.11,3.36,3.3
2025/2026,2. Bundesliga,31/01/2026,12:00,Bochum,Schalke 04,2,0,H,2.28,3.19,3.09
2025/2026,2. Bundesliga,31/01/2026,12:00,Braunschweig,Karlsruhe,1,0,H,2.03,3.51,3.33
2025/2026,2. Bundesliga,31/01/2026,12:00,Holstein Kiel,Greuther Furth,1,2,A,1.65,3.85,4.75
2025/2026,2. Bundesliga,31/01/2026,19:30,Kaiserslautern,Elversberg,1,3,A,2.87,3.48,2.28
2025/2026,2. Bundesliga,01/02/2026,12:30,Dresden,Bielefeld,1,1,D,2.58,3.26,2.62
2025/2026,2. Bundesliga,01/02/2026,12:30,Fortuna Dusseldorf,Paderborn,2,1,H,2.85,3.42,2.31
2025/2026,2. Bundesliga,01/02/2026,12:30,Hertha,Darmstadt,2,2,D,2.12,3.46,3.18
2025/2026,2. Bundesliga,06/02/2026,17:30,Greuther Furth,Magdeburg,4,5,A,4.22,3.89,1.72
2025/2026,2. Bundesliga,06/02/2026,17:30,Preußen Münster,Bochum,1,1,D,2.58,3.25,2.63
2025/2026,2. Bundesliga,07/02/2026,12:00,Elversberg,Hertha,0,3,A,2.11,3.53,3.14
2025/2026,2. Bundesliga,07/02/2026,12:00,Paderborn,Nurnberg,2,1,H,1.91,3.61,3.63
2025/2026,2. Bundesliga,07/02/2026,12:00,Schalke 04,Dresden,2,2,D,1.81,3.53,4.21
2025/2026,2. Bundesliga,07/02/2026,19:30,Darmstadt,Kaiserslautern,4,0,H,2.02,3.45,3.47
2025/2026,2. Bundesliga,08/02/2026,12:30,Bielefeld,Braunschweig,3,2,H,1.81,3.48,4.25
2025/2026,2. Bundesliga,08/02/2026,12:30,Hannover,Holstein Kiel,3,1,H,1.58,3.78,5.57
2025/2026,2. Bundesliga,08/02/2026,12:30,Karlsruhe,Fortuna Dusseldorf,1,1,D,3.32,3.64,2
2025/2026,2. Bundesliga,13/02/2026,17:30,Fortuna Dusseldorf,Preußen Münster,0,0,D,1.88,3.49,3.87
2025/2026,2. Bundesliga,13/02/2026,17:30,Nurnberg,Karlsruhe,5,1,H,1.71,3.93,4.22
2025/2026,2. Bundesliga,14/02/2026,12:00,Braunschweig,Darmstadt,2,2,D,3.2,3.28,2.16
2025/2026,2. Bundesliga,14/02/2026,12:00,Hertha,Hannover,2,3,A,2.81,3.44,2.31
2025/2026,2. Bundesliga,14/02/2026,12:00,Kaiserslautern,Greuther Furth,1,0,H,1.67,3.91,4.48
2025/2026,2. Bundesliga,14/02/2026,19:30,Dresden,Elversberg,1,2,A,3.13,3.43,2.15
2025/2026,2. Bundesliga,15/02/2026,12:30,Bochum,Paderborn,0,0,D,2.66,3.31,2.5
2025/2026,2. Bundesliga,15/02/2026,12:30,Holstein Kiel,Schalke 04,1,2,A,2.93,3.18,2.37
2025/2026,2. Bundesliga,15/02/2026,12:30,Magdeburg,Bielefeld,0,2,A,2.06,3.59,3.19
2025/2026,2. Bundesliga,20/02/2026,17:30,Bochum,Nurnberg,1,1,D,2.14,3.5,3.12
2025/2026,2. Bundesliga,20/02/2026,17:30,Greuther Furth,Bielefeld,2,1,H,3.86,3.67,1.85
2025/2026,2. Bundesliga,21/02/2026,12:00,Darmstadt,Fortuna Dusseldorf,2,1,H,1.99,3.45,3.51
2025/2026,2. Bundesliga,21/02/2026,12:00,Elversberg,Braunschweig,3,1,H,1.58,4.06,5.12
2025/2026,2. Bundesliga,21/02/2026,12:00,Karlsruhe,Holstein Kiel,3,1,H,2.49,3.39,2.64
2025/2026,2. Bundesliga,21/02/2026,19:30,Schalke 04,Magdeburg,5,3,H,2.04,3.54,3.26
2025/2026,2. Bundesliga,22/02/2026,12:30,Hannover,Dresden,0,0,D,1.45,4.5,5.86
2025/2026,2. Bundesliga,22/02/2026,12:30,Paderborn,Hertha,5,2,H,2.21,3.48,2.94
2025/2026,2. Bundesliga,22/02/2026,12:30,Preußen Münster,Kaiserslautern,2,3,A,2.41,3.24,2.78
2025/2026,2. Bundesliga,27/02/2026,17:30,Dresden,Darmstadt,3,1,H,2.46,3.36,2.66
2025/2026,2. Bundesliga,27/02/2026,17:30,Fortuna Dusseldorf,Bochum,2,1,H,2.1,3.49,3.13
2025/2026,2. Bundesliga,28/02/2026,12:00,Bielefeld,Hannover,0,1,A,2.68,3.49,2.39
2025/2026,2. Bundesliga,28/02/2026,12:00,Holstein Kiel,Elversberg,1,1,D,3.12,3.5,2.1
2025/2026,2. Bundesliga,28/02/2026,12:00,Kaiserslautern,Paderborn,1,2,A,3.24,3.56,2.03
2025/2026,2. Bundesliga,28/02/2026,19:30,Greuther Furth,Schalke 04,1,1,D,4.44,3.77,1.68
2025/2026,2. Bundesliga,01/03/2026,12:30,Braunschweig,Preußen Münster,1,2,A,2.47,3.24,2.71
2025/2026,2. Bundesliga,01/03/2026,12:30,Hertha,Nurnberg,2,1,H,2.13,3.5,3.07
2025/2026,2. Bundesliga,01/03/2026,12:30,Magdeburg,Karlsruhe,1,3,A,1.67,4.14,4.11
2025/2026,2. Bundesliga,06/03/2026,17:30,Elversberg,Magdeburg,1,0,H,1.82,3.93,3.58
2025/2026,2. Bundesliga,06/03/2026,17:30,Schalke 04,Bielefeld,1,0,H,1.85,3.51,3.86
2025/2026,2. Bundesliga,07/03/2026,12:00,Darmstadt,Holstein Kiel,2,0,H,1.86,3.65,3.64
2025/2026,2. Bundesliga,07/03/2026,12:00,Nurnberg,Fortuna Dusseldorf,0,1,A,2.3,3.45,2.77
2025/2026,2. Bundesliga,07/03/2026,12:00,Paderborn,Braunschweig,1,1,D,1.54,4.16,5.2
2025/2026,2. Bundesliga,07/03/2026,19:30,Bochum,Kaiserslautern,3,2,H,1.75,3.87,4
2025/2026,2. Bundesliga,08/03/2026,12:30,Hannover,Greuther Furth,1,2,A,1.32,5.18,7.79
2025/2026,2. Bundesliga,08/03/2026,12:30,Karlsruhe,Dresden,3,3,D,2.84,3.44,2.29
2025/2026,2. Bundesliga,08/03/2026,12:30,Preußen Münster,Hertha,1,2,A,2.8,3.43,2.31
2025/2026,2. Bundesliga,13/03/2026,17:30,Greuther Furth,Elversberg,2,0,H,4.33,3.94,1.68
2025/2026,2. Bundesliga,13/03/2026,17:30,Magdeburg,Darmstadt,1,1,D,2.27,3.74,2.68
2025/2026,2. Bundesliga,14/03/2026,12:00,Bielefeld,Paderborn,2,2,D,2.86,3.46,2.27
2025/2026,2. Bundesliga,14/03/2026,12:00,Braunschweig,Fortuna Dusseldorf,1,0,H,2.91,3.34,2.29
2025/2026,2. Bundesliga,14/03/2026,12:00,Holstein Kiel,Nurnberg,2,3,A,2.32,3.33,2.88
2025/2026,2. Bundesliga,14/03/2026,19:30,Hertha,Bochum,1,1,D,2.13,3.48,3.1
2025/2026,2. Bundesliga,15/03/2026,12:30,Dresden,Preußen Münster,6,0,H,2.08,3.27,3.4
2025/2026,2. Bundesliga,15/03/2026,12:30,Kaiserslautern,Karlsruhe,3,0,H,2,3.64,3.28
2025/2026,2. Bundesliga,15/03/2026,12:30,Schalke 04,Hannover,2,2,D,2.04,3.58,3.23
2025/2026,2. Bundesliga,20/03/2026,17:30,Hannover,Braunschweig,1,0,H,1.54,4.08,5.24
2025/2026,2. Bundesliga,20/03/2026,17:30,Karlsruhe,Greuther Furth,3,1,H,2.11,3.63,3.02
2025/2026,2. Bundesliga,21/03/2026,12:00,Elversberg,Bielefeld,3,1,H,1.92,3.64,3.46
2025/2026,2. Bundesliga,21/03/2026,12:00,Nurnberg,Kaiserslautern,3,0,H,2.09,3.53,3.1
2025/2026,2. Bundesliga,21/03/2026,12:00,Paderborn,Dresden,2,1,H,1.75,3.71,4.12
2025/2026,2. Bundesliga,21/03/2026,19:30,Darmstadt,Schalke 04,1,1,D,2.5,3.32,2.64
2025/2026,2. Bundesliga,22/03/2026,12:30,Bochum,Holstein Kiel,2,3,A,1.79,3.77,3.91
2025/2026,2. Bundesliga,22/03/2026,12:30,Fortuna Dusseldorf,Hertha,2,5,A,2.31,3.56,2.74
2025/2026,2. Bundesliga,22/03/2026,12:30,Preußen Münster,Magdeburg,1,3,A,2.95,3.56,2.17
2025/2026,2. Bundesliga,04/04/2026,12:00,Bielefeld,Darmstadt,2,1,H,2.33,3.52,2.73
2025/2026,2. Bundesliga,04/04/2026,12:00,Kaiserslautern,Fortuna Dusseldorf,3,0,H,2.57,3.64,2.42
2025/2026,2. Bundesliga,04/04/2026,12:00,Magdeburg,Bochum,4,1,H,2.08,3.6,3.1
2025/2026,2. Bundesliga,04/04/2026,19:30,Dresden,Hertha,0,1,A,2.5,3.5,2.5
2025/2026,2. Bundesliga,05/04/2026,12:30,Braunschweig,Nurnberg,1,1,D,2.68,3.44,2.39
2025/2026,2. Bundesliga,05/04/2026,12:30,Greuther Furth,Paderborn,0,2,A,4.03,3.8,1.76
2025/2026,2. Bundesliga,05/04/2026,12:30,Hannover,Elversberg,1,1,D,2.22,3.54,2.88
2025/2026,2. Bundesliga,05/04/2026,12:30,Holstein Kiel,Preußen Münster,0,0,D,1.99,3.46,3.48
2025/2026,2. Bundesliga,05/04/2026,12:30,Schalke 04,Karlsruhe,1,0,H,1.49,4.33,5.66
2025/2026,2. Bundesliga,10/04/2026,17:30,Fortuna Dusseldorf,Holstein Kiel,1,2,A,2.01,3.56,3.23
2025/2026,2. Bundesliga,10/04/2026,17:30,Karlsruhe,Bielefeld,4,1,H,3.15,3.6,2.03
2025/2026,2. Bundesliga,11/04/2026,12:00,Hertha,Kaiserslautern,0,1,A,1.72,4.02,3.94
2025/2026,2. Bundesliga,11/04/2026,12:00,Nurnberg,Dresden,0,2,A,1.88,3.73,3.53
2025/2026,2. Bundesliga,11/04/2026,12:00,Preußen Münster,Greuther Furth,0,0,D,2.06,3.3,3.38
2025/2026,2. Bundesliga,11/04/2026,19:30,Darmstadt,Hannover,0,2,A,2.64,3.51,2.38
2025/2026,2. Bundesliga,12/04/2026,12:30,Bochum,Braunschweig,4,1,H,1.78,3.69,4.03
2025/2026,2. Bundesliga,12/04/2026,12:30,Elversberg,Schalke 04,1,2,A,2.06,3.44,3.28
2025/2026,2. Bundesliga,12/04/2026,12:30,Paderborn,Magdeburg,4,3,H,1.81,3.93,3.66
2025/2026,2. Bundesliga,17/04/2026,17:30,Elversberg,Karlsruhe,3,0,H,1.44,4.82,5.7
2025/2026,2. Bundesliga,17/04/2026,17:30,Holstein Kiel,Kaiserslautern,3,0,H,2.21,3.55,2.88
2025/2026,2. Bundesliga,18/04/2026,12:00,Bielefeld,Nurnberg,1,1,D,1.95,3.57,3.42
2025/2026,2. Bundesliga,18/04/2026,12:00,Dresden,Bochum,2,0,H,2.27,3.55,2.74
2025/2026,2. Bundesliga,18/04/2026,12:00,Magdeburg,Fortuna Dusseldorf,2,0,H,1.83,3.71,3.72
2025/2026,2. Bundesliga,18/04/2026,19:30,Hannover,Paderborn,1,1,D,2.22,3.53,2.89
2025/2026,2. Bundesliga,19/04/2026,12:30,Braunschweig,Hertha,1,1,D,2.99,3.5,2.17
2025/2026,2. Bundesliga,19/04/2026,12:30,Greuther Furth,Darmstadt,3,2,H,3.12,3.75,2.04
2025/2026,2. Bundesliga,19/04/2026,12:30,Schalke 04,Preußen Münster,4,1,H,1.53,3.96,5.7
2025/2026,2. Bundesliga,24/04/2026,17:30,Fortuna Dusseldorf,Dresden,3,1,H,2.28,3.45,2.77
2025/2026,2. Bundesliga,24/04/2026,17:30,Kaiserslautern,Braunschweig,0,2,A,2.21,3.6,2.82
2025/2026,2. Bundesliga,25/04/2026,12:00,Hertha,Holstein Kiel,0,1,A,1.74,3.83,4.01
2025/2026,2. Bundesliga,25/04/2026,12:00,Karlsruhe,Hannover,1,3,A,3.91,3.95,1.73
2025/2026,2. Bundesliga,25/04/2026,12:00,Preußen Münster,Bielefeld,2,3,A,3.18,3.37,2.1
2025/2026,2. Bundesliga,25/04/2026,19:30,Darmstadt,Elversberg,3,3,D,2.77,3.62,2.22
2025/2026,2. Bundesliga,26/04/2026,12:30,Bochum,Greuther Furth,2,1,H,1.68,3.78,4.36
2025/2026,2. Bundesliga,26/04/2026,12:30,Nurnberg,Magdeburg,1,0,H,2.35,3.5,2.66
2025/2026,2. Bundesliga,26/04/2026,12:30,Paderborn,Schalke 04,2,3,A,2.4,3.25,2.76
2025/2026,2. Bundesliga,02/05/2026,12:00,Bielefeld,Bochum,1,1,D,1.95,3.63,3.34
2025/2026,2. Bundesliga,02/05/2026,12:00,Dresden,Kaiserslautern,1,0,H,1.56,4.14,4.96
2025/2026,2. Bundesliga,02/05/2026,12:00,Holstein Kiel,Braunschweig,2,0,H,2.39,3.29,2.75
2025/2026,2. Bundesliga,02/05/2026,19:30,Schalke 04,Fortuna Dusseldorf,1,0,H,1.52,4.12,5.42
2025/2026,2. Bundesliga,03/05/2026,12:30,Elversberg,Paderborn,5,1,H,2.12,3.55,2.96
2025/2026,2. Bundesliga,03/05/2026,12:30,Greuther Furth,Nurnberg,1,1,D,2.54,3.5,2.45
2025/2026,2. Bundesliga,03/05/2026,12:30,Hannover,Preußen Münster,3,3,D,1.42,4.59,6.16
2025/2026,2. Bundesliga,03/05/2026,12:30,Karlsruhe,Darmstadt,2,1,H,2.52,3.74,2.36
2025/2026,2. Bundesliga,03/05/2026,12:30,Magdeburg,Hertha,1,0,H,1.94,3.82,3.22
2025/2026,2. Bundesliga,08/05/2026,17:30,Kaiserslautern,Bielefeld,2,0,H,3.88,3.73,1.77
2025/2026,2. Bundesliga,08/05/2026,17:30,Paderborn,Karlsruhe,2,2,D,1.36,5.07,6.43
2025/2026,2. Bundesliga,09/05/2026,12:00,Bochum,Hannover,1,1,D,3.49,3.78,1.86
2025/2026,2. Bundesliga,09/05/2026,12:00,Braunschweig,Dresden,2,1,H,2.48,3.27,2.64
2025/2026,2. Bundesliga,09/05/2026,12:00,Holstein Kiel,Magdeburg,1,3,A,2.86,3.73,2.13
2025/2026,2. Bundesliga,09/05/2026,19:30,Nurnberg,Schalke 04,3,0,H,2.37,3.6,2.57
2025/2026,2. Bundesliga,10/05/2026,12:30,Fortuna Dusseldorf,Elversberg,3,1,H,3.12,3.6,2.05
2025/2026,2. Bundesliga,10/05/2026,12:30,Hertha,Greuther Furth,2,1,H,1.78,3.93,3.71
2025/2026,2. Bundesliga,10/05/2026,12:30,Preußen Münster,Darmstadt,1,1,D,2.15,3.78,2.8
2025/2026,2. Bundesliga,17/05/2026,14:30,Bielefeld,Hertha,6,1,H,1.63,3.98,4.48
2025/2026,2. Bundesliga,17/05/2026,14:30,Darmstadt,Paderborn,0,2,A,3.45,3.9,1.85
2025/2026,2. Bundesliga,17/05/2026,14:30,Dresden,Holstein Kiel,2,1,H,1.71,3.89,4.04
2025/2026,2. Bundesliga,17/05/2026,14:30,Elversberg,Preußen Münster,3,0,H,1.21,6.38,10.05
2025/2026,2. Bundesliga,17/05/2026,14:30,Greuther Furth,Fortuna Dusseldorf,3,0,H,2.03,3.64,3.12
2025/2026,2. Bundesliga,17/05/2026,14:30,Hannover,Nurnberg,3,3,D,1.48,4.4,5.43
2025/2026,2. Bundesliga,17/05/2026,14:30,Karlsruhe,Bochum,1,2,A,2.43,3.84,2.41
2025/2026,2. Bundesliga,17/05/2026,14:30,Magdeburg,Kaiserslautern,0,1,A,1.49,4.59,5.05
2025/2026,2. Bundesliga,17/05/2026,14:30,Schalke 04,Braunschweig,1,0,H,1.71,3.88,4.1
