Season,League,Date,Time,Home,Away,HG,AG,Res,AvgCH,AvgCD,AvgCA
2022/2023,Premier League,05/08/2022,20:00,Crystal Palace,Arsenal,0,2,A,4.56,3.57,1.85
2022/2023,Premier League,06/08/2022,12:30,Fulham,Liverpool,2,2,D,10.33,6.2,1.28
2022/2023,Premier League,06/08/2022,15:00,Bournemouth,Aston Villa,2,0,H,3.99,3.49,2
2022/2023,Premier League,06/08/2022,15:00,Leeds,Wolves,2,1,H,2.43,3.36,3.02
2022/2023,Premier League,06/08/2022,15:00,Newcastle,Nott'm Forest,2,0,H,1.59,4.07,6.15
2022/2023,Premier League,06/08/2022,15:00,Tottenham,Southampton,4,1,H,1.37,5.24,8.59
2022/2023,Premier League,06/08/2022,17:30,Everton,Chelsea,0,1,A,6.44,4.04,1.57
2022/2023,Premier League,07/08/2022,14:00,Leicester,Brentford,2,2,D,1.92,3.66,4.08
2022/2023,Premier League,07/08/2022,14:00,Man United,Brighton,1,2,A,1.78,3.77,4.73
2022/2023,Premier League,07/08/2022,16:30,West Ham,Man City,0,2,A,7.9,5.27,1.39
2022/2023,Premier League,13/08/2022,12:30,Aston Villa,Everton,2,1,H,1.78,3.62,4.95
2022/2023,Premier League,13/08/2022,15:00,Arsenal,Leicester,4,2,H,1.57,4.4,5.89
2022/2023,Premier League,13/08/2022,15:00,Brighton,Newcastle,0,0,D,2.44,3.28,3.1
2022/2023,Premier League,13/08/2022,15:00,Man City,Bournemouth,4,0,H,1.08,12.66,32
2022/2023,Premier League,13/08/2022,15:00,Southampton,Leeds,2,2,D,2.44,3.57,2.87
2022/2023,Premier League,13/08/2022,15:00,Wolves,Fulham,0,0,D,2.22,3.41,3.41
2022/2023,Premier League,13/08/2022,17:30,Brentford,Man United,4,0,H,4.35,3.86,1.83
2022/2023,Premier League,14/08/2022,14:00,Nott'm Forest,West Ham,1,0,H,4.01,3.62,1.95
2022/2023,Premier League,14/08/2022,16:30,Chelsea,Tottenham,2,2,D,2.16,3.49,3.48
2022/2023,Premier League,15/08/2022,20:00,Liverpool,Crystal Palace,1,1,D,1.27,6.1,11.72
2022/2023,Premier League,20/08/2022,12:30,Tottenham,Wolves,1,0,H,1.45,4.8,7.17
2022/2023,Premier League,20/08/2022,15:00,Crystal Palace,Aston Villa,3,1,H,2.5,3.22,3.06
2022/2023,Premier League,20/08/2022,15:00,Everton,Nott'm Forest,1,1,D,1.91,3.52,4.33
2022/2023,Premier League,20/08/2022,15:00,Fulham,Brentford,3,2,H,2.67,3.38,2.73
2022/2023,Premier League,20/08/2022,15:00,Leicester,Southampton,1,2,A,1.77,4.1,4.38
2022/2023,Premier League,20/08/2022,17:30,Bournemouth,Arsenal,0,3,A,7.54,4.72,1.44
2022/2023,Premier League,21/08/2022,14:00,Leeds,Chelsea,3,0,H,6.03,4.58,1.53
2022/2023,Premier League,21/08/2022,14:00,West Ham,Brighton,0,2,A,2.52,3.37,2.91
2022/2023,Premier League,21/08/2022,16:30,Newcastle,Man City,3,3,D,6.94,4.92,1.45
2022/2023,Premier League,22/08/2022,20:00,Man United,Liverpool,2,1,H,4.59,4.37,1.7
2022/2023,Premier League,27/08/2022,12:30,Southampton,Man United,0,1,A,3.68,3.93,1.96
2022/2023,Premier League,27/08/2022,15:00,Brentford,Everton,1,1,D,2.1,3.44,3.72
2022/2023,Premier League,27/08/2022,15:00,Brighton,Leeds,1,0,H,1.75,3.9,4.8
2022/2023,Premier League,27/08/2022,15:00,Chelsea,Leicester,2,1,H,1.41,5.06,7.7
2022/2023,Premier League,27/08/2022,15:00,Liverpool,Bournemouth,9,0,H,1.15,8.99,18.65
2022/2023,Premier League,27/08/2022,15:00,Man City,Crystal Palace,4,2,H,1.2,7.51,15.24
2022/2023,Premier League,27/08/2022,17:30,Arsenal,Fulham,2,1,H,1.39,5.32,7.66
2022/2023,Premier League,28/08/2022,14:00,Aston Villa,West Ham,0,1,A,2.12,3.45,3.66
2022/2023,Premier League,28/08/2022,14:00,Wolves,Newcastle,1,1,D,2.56,3.3,2.92
2022/2023,Premier League,28/08/2022,16:30,Nott'm Forest,Tottenham,0,2,A,6.89,4.77,1.46
2022/2023,Premier League,30/08/2022,19:30,Crystal Palace,Brentford,1,1,D,2.09,3.47,3.69
2022/2023,Premier League,30/08/2022,19:30,Fulham,Brighton,2,1,H,3.34,3.26,2.32
2022/2023,Premier League,30/08/2022,19:45,Southampton,Chelsea,2,1,H,5.18,4.1,1.67
2022/2023,Premier League,30/08/2022,20:00,Leeds,Everton,1,1,D,2.12,3.6,3.47
2022/2023,Premier League,31/08/2022,19:30,Arsenal,Aston Villa,2,1,H,1.54,4.46,6.08
2022/2023,Premier League,31/08/2022,19:30,Bournemouth,Wolves,0,0,D,3.3,3.26,2.34
2022/2023,Premier League,31/08/2022,19:30,Man City,Nott'm Forest,6,0,H,1.09,11.93,27.15
2022/2023,Premier League,31/08/2022,19:45,West Ham,Tottenham,1,1,D,3.31,3.56,2.2
2022/2023,Premier League,31/08/2022,20:00,Liverpool,Newcastle,2,1,H,1.29,6.22,10.29
2022/2023,Premier League,01/09/2022,20:00,Leicester,Man United,0,1,A,3.24,3.75,2.16
2022/2023,Premier League,03/09/2022,12:30,Everton,Liverpool,0,0,D,7.63,5.19,1.4
2022/2023,Premier League,03/09/2022,15:00,Brentford,Leeds,5,2,H,2.15,3.57,3.42
2022/2023,Premier League,03/09/2022,15:00,Chelsea,West Ham,2,1,H,1.67,4.02,5.33
2022/2023,Premier League,03/09/2022,15:00,Newcastle,Crystal Palace,0,0,D,2.09,3.42,3.75
2022/2023,Premier League,03/09/2022,15:00,Nott'm Forest,Bournemouth,2,3,A,2.2,3.35,3.53
2022/2023,Premier League,03/09/2022,15:00,Tottenham,Fulham,2,1,H,1.52,4.57,6.2
2022/2023,Premier League,03/09/2022,15:00,Wolves,Southampton,1,0,H,2.16,3.46,3.49
2022/2023,Premier League,03/09/2022,17:30,Aston Villa,Man City,1,1,D,9.02,5.8,1.33
2022/2023,Premier League,04/09/2022,14:00,Brighton,Leicester,5,2,H,1.91,3.58,4.26
2022/2023,Premier League,04/09/2022,16:30,Man United,Arsenal,3,1,H,2.66,3.49,2.67
2022/2023,Premier League,16/09/2022,20:00,Aston Villa,Southampton,1,0,H,2.08,3.55,3.63
2022/2023,Premier League,16/09/2022,20:00,Nott'm Forest,Fulham,2,3,A,2.8,3.39,2.58
2022/2023,Premier League,17/09/2022,12:30,Wolves,Man City,0,3,A,9.09,5.53,1.34
2022/2023,Premier League,17/09/2022,15:00,Newcastle,Bournemouth,1,1,D,1.42,4.82,7.89
2022/2023,Premier League,17/09/2022,17:30,Tottenham,Leicester,6,2,H,1.52,4.57,6.26
2022/2023,Premier League,18/09/2022,12:00,Brentford,Arsenal,0,3,A,4.48,3.89,1.8
2022/2023,Premier League,18/09/2022,14:15,Everton,West Ham,1,0,H,2.92,3.3,2.54
2022/2023,Premier League,01/10/2022,12:30,Arsenal,Tottenham,3,1,H,1.99,3.71,3.75
2022/2023,Premier League,01/10/2022,15:00,Bournemouth,Brentford,0,0,D,3.18,3.49,2.27
2022/2023,Premier League,01/10/2022,15:00,Crystal Palace,Chelsea,1,2,A,4.82,3.74,1.77
2022/2023,Premier League,01/10/2022,15:00,Fulham,Newcastle,1,4,A,2.91,3.42,2.48
2022/2023,Premier League,01/10/2022,15:00,Liverpool,Brighton,3,3,D,1.47,4.77,6.72
2022/2023,Premier League,01/10/2022,15:00,Southampton,Everton,1,2,A,2.33,3.3,3.24
2022/2023,Premier League,01/10/2022,17:30,West Ham,Wolves,2,0,H,2.05,3.37,3.95
2022/2023,Premier League,02/10/2022,14:00,Man City,Man United,6,3,H,1.44,5.31,6.61
2022/2023,Premier League,02/10/2022,16:30,Leeds,Aston Villa,0,0,D,2.41,3.42,3.02
2022/2023,Premier League,03/10/2022,20:00,Leicester,Nott'm Forest,4,0,H,1.72,4.07,4.74
2022/2023,Premier League,08/10/2022,15:00,Bournemouth,Leicester,2,1,H,3.29,3.53,2.21
2022/2023,Premier League,08/10/2022,15:00,Chelsea,Wolves,3,0,H,1.51,4.32,6.88
2022/2023,Premier League,08/10/2022,15:00,Man City,Southampton,4,0,H,1.12,10.26,20.84
2022/2023,Premier League,08/10/2022,15:00,Newcastle,Brentford,5,1,H,1.68,4,5.11
2022/2023,Premier League,08/10/2022,17:30,Brighton,Tottenham,0,1,A,2.58,3.32,2.86
2022/2023,Premier League,09/10/2022,14:00,Crystal Palace,Leeds,2,1,H,2.07,3.58,3.61
2022/2023,Premier League,09/10/2022,14:00,West Ham,Fulham,3,1,H,1.64,4.03,5.54
2022/2023,Premier League,09/10/2022,16:30,Arsenal,Liverpool,3,2,H,2.53,3.75,2.67
2022/2023,Premier League,09/10/2022,19:00,Everton,Man United,1,2,A,3.59,3.59,2.08
2022/2023,Premier League,10/10/2022,20:00,Nott'm Forest,Aston Villa,1,1,D,3.77,3.6,2.02
2022/2023,Premier League,14/10/2022,20:00,Brentford,Brighton,2,0,H,3.23,3.46,2.27
2022/2023,Premier League,15/10/2022,12:30,Leicester,Crystal Palace,0,0,D,2.4,3.47,2.99
2022/2023,Premier League,15/10/2022,15:00,Fulham,Bournemouth,2,2,D,1.96,3.6,3.94
2022/2023,Premier League,15/10/2022,15:00,Wolves,Nott'm Forest,1,0,H,1.73,3.81,5.02
2022/2023,Premier League,15/10/2022,17:30,Tottenham,Everton,2,0,H,1.47,4.68,6.9
2022/2023,Premier League,16/10/2022,14:00,Aston Villa,Chelsea,0,2,A,3.98,3.48,2
2022/2023,Premier League,16/10/2022,14:00,Leeds,Arsenal,0,1,A,5.11,4.27,1.64
2022/2023,Premier League,16/10/2022,14:00,Man United,Newcastle,0,0,D,2.08,3.68,3.52
2022/2023,Premier League,16/10/2022,14:00,Southampton,West Ham,1,1,D,2.97,3.36,2.47
2022/2023,Premier League,16/10/2022,16:30,Liverpool,Man City,1,0,H,3.8,4.11,1.88
2022/2023,Premier League,18/10/2022,19:30,Brighton,Nott'm Forest,0,0,D,1.39,4.99,8.28
2022/2023,Premier League,18/10/2022,20:15,Crystal Palace,Wolves,2,1,H,2.11,3.3,3.81
2022/2023,Premier League,19/10/2022,19:30,Bournemouth,Southampton,0,1,A,2.68,3.24,2.79
2022/2023,Premier League,19/10/2022,19:30,Brentford,Chelsea,0,0,D,4.39,3.71,1.84
2022/2023,Premier League,19/10/2022,19:30,Liverpool,West Ham,1,0,H,1.43,5.02,7.22
2022/2023,Premier League,19/10/2022,19:30,Newcastle,Everton,1,0,H,1.67,3.93,5.37
2022/2023,Premier League,19/10/2022,20:15,Man United,Tottenham,2,0,H,2.37,3.5,3.02
2022/2023,Premier League,20/10/2022,19:30,Fulham,Aston Villa,3,0,H,2.97,3.42,2.44
2022/2023,Premier League,20/10/2022,20:15,Leicester,Leeds,2,0,H,2.3,3.56,3.08
2022/2023,Premier League,22/10/2022,12:30,Nott'm Forest,Liverpool,1,0,H,8.89,5.44,1.35
2022/2023,Premier League,22/10/2022,15:00,Everton,Crystal Palace,3,0,H,2.52,3.15,3.05
2022/2023,Premier League,22/10/2022,15:00,Man City,Brighton,3,1,H,1.23,6.72,13
2022/2023,Premier League,22/10/2022,17:30,Chelsea,Man United,1,1,D,2.14,3.57,3.45
2022/2023,Premier League,23/10/2022,14:00,Aston Villa,Brentford,4,0,H,2.07,3.5,3.68
2022/2023,Premier League,23/10/2022,14:00,Leeds,Fulham,2,3,A,2.09,3.74,3.43
2022/2023,Premier League,23/10/2022,14:00,Southampton,Arsenal,1,1,D,6.83,4.65,1.48
2022/2023,Premier League,23/10/2022,14:00,Wolves,Leicester,0,4,A,2.36,3.35,3.15
2022/2023,Premier League,23/10/2022,16:30,Tottenham,Newcastle,1,2,A,2.23,3.46,3.32
2022/2023,Premier League,24/10/2022,20:00,West Ham,Bournemouth,2,0,H,1.61,4.02,5.89
2022/2023,Premier League,29/10/2022,12:30,Leicester,Man City,0,1,A,7.54,5.09,1.41
2022/2023,Premier League,29/10/2022,15:00,Bournemouth,Tottenham,2,3,A,5.03,3.75,1.75
2022/2023,Premier League,29/10/2022,15:00,Brentford,Wolves,1,1,D,2.17,3.46,3.41
2022/2023,Premier League,29/10/2022,15:00,Brighton,Chelsea,4,1,H,3.09,3.37,2.39
2022/2023,Premier League,29/10/2022,15:00,Crystal Palace,Southampton,1,0,H,2.09,3.42,3.76
2022/2023,Premier League,29/10/2022,15:00,Newcastle,Aston Villa,4,0,H,1.77,3.83,4.67
2022/2023,Premier League,29/10/2022,17:30,Fulham,Everton,0,0,D,2.29,3.44,3.22
2022/2023,Premier League,29/10/2022,19:45,Liverpool,Leeds,1,2,A,1.23,7.06,11.72
2022/2023,Premier League,30/10/2022,14:00,Arsenal,Nott'm Forest,5,0,H,1.22,6.73,13.37
2022/2023,Premier League,30/10/2022,16:15,Man United,West Ham,1,0,H,1.72,3.91,5
2022/2023,Premier League,05/11/2022,15:00,Leeds,Bournemouth,4,3,H,1.64,4.13,5.32
2022/2023,Premier League,05/11/2022,15:00,Man City,Fulham,2,1,H,1.18,8.14,15.13
2022/2023,Premier League,05/11/2022,15:00,Nott'm Forest,Brentford,2,2,D,2.64,3.21,2.87
2022/2023,Premier League,05/11/2022,15:00,Wolves,Brighton,2,3,A,3.6,3.3,2.18
2022/2023,Premier League,05/11/2022,17:30,Everton,Leicester,0,2,A,2.52,3.34,2.91
2022/2023,Premier League,06/11/2022,12:00,Chelsea,Arsenal,0,1,A,2.74,3.39,2.64
2022/2023,Premier League,06/11/2022,14:00,Aston Villa,Man United,3,1,H,3.18,3.5,2.28
2022/2023,Premier League,06/11/2022,14:00,Southampton,Newcastle,1,4,A,4.38,3.73,1.84
2022/2023,Premier League,06/11/2022,14:00,West Ham,Crystal Palace,1,2,A,1.88,3.54,4.41
2022/2023,Premier League,06/11/2022,16:30,Tottenham,Liverpool,1,2,A,3.52,3.77,2.04
2022/2023,Premier League,12/11/2022,12:30,Man City,Brentford,1,2,A,1.15,8.6,18.54
2022/2023,Premier League,12/11/2022,15:00,Bournemouth,Everton,3,0,H,2.82,3.21,2.66
2022/2023,Premier League,12/11/2022,15:00,Liverpool,Southampton,3,1,H,1.27,6.48,10.39
2022/2023,Premier League,12/11/2022,15:00,Nott'm Forest,Crystal Palace,1,0,H,3.34,3.18,2.34
2022/2023,Premier League,12/11/2022,15:00,Tottenham,Leeds,4,3,H,1.63,4.29,5.21
2022/2023,Premier League,12/11/2022,15:00,West Ham,Leicester,0,2,A,2.08,3.51,3.65
2022/2023,Premier League,12/11/2022,17:30,Newcastle,Chelsea,1,0,H,2.18,3.38,3.52
2022/2023,Premier League,12/11/2022,19:45,Wolves,Arsenal,0,2,A,6.34,4.15,1.55
2022/2023,Premier League,13/11/2022,14:00,Brighton,Aston Villa,1,2,A,1.75,3.75,4.94
2022/2023,Premier League,13/11/2022,16:30,Fulham,Man United,1,2,A,4.13,3.78,1.88
2022/2023,Premier League,26/12/2022,12:30,Brentford,Tottenham,2,2,D,3.46,3.66,2.1
2022/2023,Premier League,26/12/2022,15:00,Crystal Palace,Fulham,0,3,A,2.22,3.51,3.31
2022/2023,Premier League,26/12/2022,15:00,Everton,Wolves,1,2,A,2.52,3.21,3.01
2022/2023,Premier League,26/12/2022,15:00,Leicester,Newcastle,0,3,A,3.44,3.49,2.16
2022/2023,Premier League,26/12/2022,15:00,Southampton,Brighton,1,3,A,3.6,3.48,2.11
2022/2023,Premier League,26/12/2022,17:30,Aston Villa,Liverpool,1,3,A,4.79,4.05,1.72
2022/2023,Premier League,26/12/2022,20:00,Arsenal,West Ham,3,1,H,1.55,4.29,6.27
2022/2023,Premier League,27/12/2022,17:30,Chelsea,Bournemouth,2,0,H,1.35,5.32,8.99
2022/2023,Premier League,27/12/2022,20:00,Man United,Nott'm Forest,3,0,H,1.34,5.49,8.91
2022/2023,Premier League,28/12/2022,20:00,Leeds,Man City,1,3,A,10.09,6.29,1.28
2022/2023,Premier League,30/12/2022,19:45,West Ham,Brentford,0,2,A,2.06,3.6,3.58
2022/2023,Premier League,30/12/2022,20:00,Liverpool,Leicester,2,1,H,1.25,6.45,11.81
2022/2023,Premier League,31/12/2022,12:30,Wolves,Man United,0,1,A,4.07,3.63,1.93
2022/2023,Premier League,31/12/2022,15:00,Bournemouth,Crystal Palace,0,2,A,2.93,3.16,2.61
2022/2023,Premier League,31/12/2022,15:00,Fulham,Southampton,2,1,H,1.83,3.8,4.36
2022/2023,Premier League,31/12/2022,15:00,Man City,Everton,1,1,D,1.15,8.52,18.7
2022/2023,Premier League,31/12/2022,15:00,Newcastle,Leeds,0,0,D,1.46,4.74,6.98
2022/2023,Premier League,31/12/2022,17:30,Brighton,Arsenal,2,4,A,4.29,3.67,1.88
2022/2023,Premier League,01/01/2023,14:00,Tottenham,Aston Villa,0,2,A,1.66,4.16,5.09
2022/2023,Premier League,01/01/2023,16:30,Nott'm Forest,Chelsea,1,1,D,5.77,4.08,1.61
2022/2023,Premier League,02/01/2023,17:30,Brentford,Liverpool,3,1,H,6.1,4.55,1.53
2022/2023,Premier League,03/01/2023,19:45,Arsenal,Newcastle,0,0,D,1.77,3.88,4.73
2022/2023,Premier League,03/01/2023,19:45,Everton,Brighton,1,4,A,3.19,3.34,2.36
2022/2023,Premier League,03/01/2023,19:45,Leicester,Fulham,0,1,A,2.37,3.59,2.97
2022/2023,Premier League,03/01/2023,20:00,Man United,Bournemouth,3,0,H,1.27,6.14,11.57
2022/2023,Premier League,04/01/2023,19:30,Southampton,Nott'm Forest,0,1,A,2.36,3.29,3.17
2022/2023,Premier League,04/01/2023,19:45,Leeds,West Ham,2,2,D,2.87,3.39,2.53
2022/2023,Premier League,04/01/2023,20:00,Aston Villa,Wolves,1,1,D,1.96,3.49,4.17
2022/2023,Premier League,04/01/2023,20:00,Crystal Palace,Tottenham,0,4,A,3.33,3.42,2.24
2022/2023,Premier League,05/01/2023,20:00,Chelsea,Man City,0,1,A,5.23,4.12,1.66
2022/2023,Premier League,12/01/2023,20:00,Fulham,Chelsea,2,1,H,4,3.41,2.02
2022/2023,Premier League,13/01/2023,20:00,Aston Villa,Leeds,2,1,H,2.03,3.6,3.75
2022/2023,Premier League,14/01/2023,12:30,Man United,Man City,2,1,H,3.98,3.92,1.89
2022/2023,Premier League,14/01/2023,15:00,Brighton,Liverpool,3,0,H,2.92,3.73,2.34
2022/2023,Premier League,14/01/2023,15:00,Everton,Southampton,1,2,A,2.38,3.23,3.24
2022/2023,Premier League,14/01/2023,15:00,Nott'm Forest,Leicester,2,0,H,2.72,3.15,2.8
2022/2023,Premier League,14/01/2023,15:00,Wolves,West Ham,1,0,H,2.51,3.18,3.05
2022/2023,Premier League,14/01/2023,17:30,Brentford,Bournemouth,2,0,H,1.63,4.01,5.74
2022/2023,Premier League,15/01/2023,14:00,Chelsea,Crystal Palace,1,0,H,1.88,3.44,4.63
2022/2023,Premier League,15/01/2023,14:00,Newcastle,Fulham,1,0,H,1.49,4.6,6.78
2022/2023,Premier League,15/01/2023,16:30,Tottenham,Arsenal,0,2,A,3.38,3.49,2.2
2022/2023,Premier League,18/01/2023,20:00,Crystal Palace,Man United,1,1,D,5.28,3.95,1.68
2022/2023,Premier League,19/01/2023,20:00,Man City,Tottenham,4,2,H,1.5,4.74,6.35
2022/2023,Premier League,21/01/2023,12:30,Liverpool,Chelsea,0,0,D,2.05,3.59,3.71
2022/2023,Premier League,21/01/2023,15:00,Bournemouth,Nott'm Forest,1,1,D,2.86,3.18,2.66
2022/2023,Premier League,21/01/2023,15:00,Leicester,Brighton,2,2,D,4.14,3.88,1.85
2022/2023,Premier League,21/01/2023,15:00,Southampton,Aston Villa,0,1,A,2.69,3.21,2.82
2022/2023,Premier League,21/01/2023,15:00,West Ham,Everton,2,0,H,1.84,3.57,4.62
2022/2023,Premier League,21/01/2023,17:30,Crystal Palace,Newcastle,0,0,D,4.55,3.61,1.84
2022/2023,Premier League,22/01/2023,14:00,Leeds,Brentford,0,0,D,2.38,3.55,2.96
2022/2023,Premier League,22/01/2023,14:00,Man City,Wolves,3,0,H,1.25,6.36,11.77
2022/2023,Premier League,22/01/2023,16:30,Arsenal,Man United,3,2,H,1.87,3.79,4.19
2022/2023,Premier League,23/01/2023,20:00,Fulham,Tottenham,0,1,A,3.28,3.79,2.12
2022/2023,Premier League,03/02/2023,20:00,Chelsea,Fulham,0,0,D,1.6,4.12,5.86
2022/2023,Premier League,04/02/2023,12:30,Everton,Arsenal,1,0,H,7.82,4.31,1.47
2022/2023,Premier League,04/02/2023,15:00,Aston Villa,Leicester,2,4,A,2.11,3.5,3.59
2022/2023,Premier League,04/02/2023,15:00,Brentford,Southampton,3,0,H,1.76,3.72,5.03
2022/2023,Premier League,04/02/2023,15:00,Brighton,Bournemouth,1,0,H,1.38,5.17,8.17
2022/2023,Premier League,04/02/2023,15:00,Man United,Crystal Palace,2,1,H,1.37,5.03,8.92
2022/2023,Premier League,04/02/2023,15:00,Wolves,Liverpool,3,0,H,3.97,3.76,1.92
2022/2023,Premier League,04/02/2023,17:30,Newcastle,West Ham,1,1,D,1.67,3.87,5.52
2022/2023,Premier League,05/02/2023,14:00,Nott'm Forest,Leeds,1,0,H,2.79,3.4,2.59
2022/2023,Premier League,05/02/2023,16:30,Tottenham,Man City,1,0,H,3.98,3.84,1.9
2022/2023,Premier League,08/02/2023,20:00,Man United,Leeds,2,2,D,1.52,4.53,6.31
2022/2023,Premier League,11/02/2023,12:30,West Ham,Chelsea,1,1,D,3.46,3.32,2.23
2022/2023,Premier League,11/02/2023,15:00,Arsenal,Brentford,1,1,D,1.54,4.27,6.59
2022/2023,Premier League,11/02/2023,15:00,Crystal Palace,Brighton,1,1,D,4.78,3.7,1.79
2022/2023,Premier League,11/02/2023,15:00,Fulham,Nott'm Forest,2,0,H,1.94,3.51,4.24
2022/2023,Premier League,11/02/2023,15:00,Leicester,Tottenham,4,1,H,3.51,3.71,2.07
2022/2023,Premier League,11/02/2023,15:00,Southampton,Wolves,1,2,A,3.13,3.16,2.47
2022/2023,Premier League,11/02/2023,17:30,Bournemouth,Newcastle,1,1,D,5.81,4,1.62
2022/2023,Premier League,12/02/2023,14:00,Leeds,Man United,0,2,A,3.73,3.79,1.97
2022/2023,Premier League,12/02/2023,16:30,Man City,Aston Villa,3,1,H,1.32,5.56,9.78
2022/2023,Premier League,13/02/2023,20:00,Liverpool,Everton,2,0,H,1.6,4.2,5.75
2022/2023,Premier League,15/02/2023,19:30,Arsenal,Man City,1,3,A,3.23,3.43,2.29
2022/2023,Premier League,18/02/2023,12:30,Aston Villa,Arsenal,2,4,A,4.36,3.66,1.87
2022/2023,Premier League,18/02/2023,15:00,Brentford,Crystal Palace,1,1,D,1.81,3.55,4.76
2022/2023,Premier League,18/02/2023,15:00,Brighton,Fulham,0,1,A,1.54,4.36,6.2
2022/2023,Premier League,18/02/2023,15:00,Chelsea,Southampton,0,1,A,1.43,4.64,7.91
2022/2023,Premier League,18/02/2023,15:00,Everton,Leeds,1,0,H,2.74,3.2,2.77
2022/2023,Premier League,18/02/2023,15:00,Nott'm Forest,Man City,1,1,D,10.83,5.46,1.31
2022/2023,Premier League,18/02/2023,15:00,Wolves,Bournemouth,0,1,A,1.82,3.6,4.71
2022/2023,Premier League,18/02/2023,17:30,Newcastle,Liverpool,0,2,A,2.53,3.48,2.82
2022/2023,Premier League,19/02/2023,14:00,Man United,Leicester,3,0,H,1.56,4.49,5.7
2022/2023,Premier League,19/02/2023,16:30,Tottenham,West Ham,2,0,H,1.87,3.51,4.5
2022/2023,Premier League,24/02/2023,20:00,Fulham,Wolves,1,1,D,2.62,3.18,2.92
2022/2023,Premier League,25/02/2023,15:00,Everton,Aston Villa,0,2,A,2.61,3.14,2.98
2022/2023,Premier League,25/02/2023,15:00,Leeds,Southampton,1,0,H,1.95,3.66,3.95
2022/2023,Premier League,25/02/2023,15:00,Leicester,Arsenal,0,1,A,5.84,4.29,1.58
2022/2023,Premier League,25/02/2023,15:00,West Ham,Nott'm Forest,4,0,H,1.7,3.76,5.42
2022/2023,Premier League,25/02/2023,17:30,Bournemouth,Man City,1,4,A,10.02,5.21,1.34
2022/2023,Premier League,25/02/2023,19:45,Crystal Palace,Liverpool,0,0,D,4.94,4.04,1.7
2022/2023,Premier League,26/02/2023,13:30,Tottenham,Chelsea,2,0,H,2.93,3.29,2.53
2022/2023,Premier League,01/03/2023,19:45,Arsenal,Everton,4,0,H,1.32,5.2,11.22
2022/2023,Premier League,01/03/2023,20:00,Liverpool,Wolves,2,0,H,1.52,4.41,6.47
2022/2023,Premier League,04/03/2023,12:30,Man City,Newcastle,2,0,H,1.5,4.44,6.67
2022/2023,Premier League,04/03/2023,15:00,Arsenal,Bournemouth,3,2,H,1.22,6.78,13.69
2022/2023,Premier League,04/03/2023,15:00,Aston Villa,Crystal Palace,1,0,H,2.15,3.31,3.67
2022/2023,Premier League,04/03/2023,15:00,Brighton,West Ham,4,0,H,1.68,3.94,5.22
2022/2023,Premier League,04/03/2023,15:00,Chelsea,Leeds,1,0,H,1.58,4.14,6.03
2022/2023,Premier League,04/03/2023,15:00,Wolves,Tottenham,1,0,H,3.26,3.25,2.35
2022/2023,Premier League,04/03/2023,17:30,Southampton,Leicester,1,0,H,2.79,3.32,2.62
2022/2023,Premier League,05/03/2023,14:00,Nott'm Forest,Everton,2,2,D,3.04,3.03,2.62
2022/2023,Premier League,05/03/2023,16:30,Liverpool,Man United,7,0,H,2.46,3.58,2.85
2022/2023,Premier League,06/03/2023,20:00,Brentford,Fulham,3,2,H,2.04,3.54,3.74
2022/2023,Premier League,11/03/2023,12:30,Bournemouth,Liverpool,1,0,H,7.17,5.05,1.41
2022/2023,Premier League,11/03/2023,15:00,Everton,Brentford,1,0,H,2.68,3.07,2.91
2022/2023,Premier League,11/03/2023,15:00,Leeds,Brighton,2,2,D,4.29,3.75,1.84
2022/2023,Premier League,11/03/2023,15:00,Leicester,Chelsea,1,3,A,4.02,3.63,1.93
2022/2023,Premier League,11/03/2023,15:00,Tottenham,Nott'm Forest,3,1,H,1.44,4.55,7.62
2022/2023,Premier League,11/03/2023,17:30,Crystal Palace,Man City,0,1,A,9.92,5.05,1.34
2022/2023,Premier League,12/03/2023,14:00,Fulham,Arsenal,0,3,A,7.64,4.69,1.43
2022/2023,Premier League,12/03/2023,14:00,Man United,Southampton,0,0,D,1.27,6.12,10.83
2022/2023,Premier League,12/03/2023,14:00,West Ham,Aston Villa,1,1,D,2.32,3.25,3.26
2022/2023,Premier League,12/03/2023,16:30,Newcastle,Wolves,2,1,H,1.64,3.83,5.88
2022/2023,Premier League,15/03/2023,19:30,Brighton,Crystal Palace,1,0,H,1.37,4.98,9.06
2022/2023,Premier League,15/03/2023,19:30,Southampton,Brentford,0,2,A,3.24,3.22,2.38
2022/2023,Premier League,17/03/2023,20:00,Nott'm Forest,Newcastle,1,2,A,5.45,3.75,1.69
2022/2023,Premier League,18/03/2023,15:00,Aston Villa,Bournemouth,3,0,H,1.72,3.85,5
2022/2023,Premier League,18/03/2023,15:00,Brentford,Leicester,1,1,D,1.87,3.85,4.06
2022/2023,Premier League,18/03/2023,15:00,Southampton,Tottenham,3,3,D,4.54,3.64,1.83
2022/2023,Premier League,18/03/2023,15:00,Wolves,Leeds,2,4,A,2.34,3.23,3.25
2022/2023,Premier League,18/03/2023,17:30,Chelsea,Everton,2,2,D,1.49,4.14,7.95
2022/2023,Premier League,19/03/2023,14:00,Arsenal,Crystal Palace,4,1,H,1.26,5.86,12.05
2022/2023,Premier League,01/04/2023,12:30,Man City,Liverpool,4,1,H,1.68,4.15,4.97
2022/2023,Premier League,01/04/2023,15:00,Arsenal,Leeds,4,1,H,1.27,6.3,10.67
2022/2023,Premier League,01/04/2023,15:00,Bournemouth,Fulham,2,1,H,2.56,3.28,2.9
2022/2023,Premier League,01/04/2023,15:00,Brighton,Brentford,3,3,D,1.62,4.14,5.56
2022/2023,Premier League,01/04/2023,15:00,Crystal Palace,Leicester,2,1,H,2.38,3.31,3.16
2022/2023,Premier League,01/04/2023,15:00,Nott'm Forest,Wolves,1,1,D,3.32,3.12,2.39
2022/2023,Premier League,01/04/2023,17:30,Chelsea,Aston Villa,0,2,A,1.62,3.95,5.93
2022/2023,Premier League,02/04/2023,14:00,West Ham,Southampton,1,0,H,1.76,3.71,4.96
2022/2023,Premier League,02/04/2023,16:30,Newcastle,Man United,2,0,H,2.33,3.49,3.08
2022/2023,Premier League,03/04/2023,20:00,Everton,Tottenham,1,1,D,3.81,3.34,2.08
2022/2023,Premier League,04/04/2023,19:45,Bournemouth,Brighton,0,2,A,5.83,4.34,1.57
2022/2023,Premier League,04/04/2023,19:45,Leeds,Nott'm Forest,2,1,H,1.7,3.88,5.17
2022/2023,Premier League,04/04/2023,19:45,Leicester,Aston Villa,1,2,A,2.71,3.4,2.67
2022/2023,Premier League,04/04/2023,20:00,Chelsea,Liverpool,0,0,D,2.16,3.53,3.43
2022/2023,Premier League,05/04/2023,20:00,Man United,Brentford,1,0,H,1.62,4.24,5.32
2022/2023,Premier League,05/04/2023,20:00,West Ham,Newcastle,1,5,A,3.46,3.24,2.26
2022/2023,Premier League,08/04/2023,12:30,Man United,Everton,2,0,H,1.57,4.22,5.98
2022/2023,Premier League,08/04/2023,15:00,Aston Villa,Nott'm Forest,2,0,H,1.58,4.16,5.98
2022/2023,Premier League,08/04/2023,15:00,Brentford,Newcastle,1,2,A,4.1,3.5,1.96
2022/2023,Premier League,08/04/2023,15:00,Fulham,West Ham,0,1,A,2.95,3.24,2.55
2022/2023,Premier League,08/04/2023,15:00,Leicester,Bournemouth,0,1,A,2.09,3.48,3.64
2022/2023,Premier League,08/04/2023,15:00,Tottenham,Brighton,2,1,H,2.76,3.44,2.59
2022/2023,Premier League,08/04/2023,15:00,Wolves,Chelsea,1,0,H,5.01,3.62,1.78
2022/2023,Premier League,08/04/2023,17:30,Southampton,Man City,1,4,A,12.15,6.27,1.25
2022/2023,Premier League,09/04/2023,14:00,Leeds,Crystal Palace,1,5,A,2.07,3.45,3.73
2022/2023,Premier League,09/04/2023,16:30,Liverpool,Arsenal,2,2,D,2.72,3.6,2.55
2022/2023,Premier League,15/04/2023,12:30,Aston Villa,Newcastle,3,0,H,3.64,3.45,2.11
2022/2023,Premier League,15/04/2023,15:00,Chelsea,Brighton,1,2,A,2.94,3.37,2.48
2022/2023,Premier League,15/04/2023,15:00,Everton,Fulham,1,3,A,2.22,3.29,3.49
2022/2023,Premier League,15/04/2023,15:00,Southampton,Crystal Palace,0,2,A,2.93,3.12,2.65
2022/2023,Premier League,15/04/2023,15:00,Tottenham,Bournemouth,2,3,A,1.51,4.47,6.49
2022/2023,Premier League,15/04/2023,15:00,Wolves,Brentford,2,0,H,2.81,3.17,2.71
2022/2023,Premier League,15/04/2023,17:30,Man City,Leicester,3,1,H,1.14,9.4,19.22
2022/2023,Premier League,16/04/2023,14:00,West Ham,Arsenal,2,2,D,5.58,4.2,1.61
2022/2023,Premier League,16/04/2023,16:30,Nott'm Forest,Man United,0,2,A,4.96,4.01,1.7
2022/2023,Premier League,17/04/2023,20:00,Leeds,Liverpool,1,6,A,4.57,4.32,1.7
2022/2023,Premier League,21/04/2023,20:00,Arsenal,Southampton,3,3,D,1.21,7.08,13.9
2022/2023,Premier League,22/04/2023,12:30,Fulham,Leeds,2,1,H,2.38,3.44,3.03
2022/2023,Premier League,22/04/2023,15:00,Brentford,Aston Villa,1,1,D,2.64,3.28,2.82
2022/2023,Premier League,22/04/2023,15:00,Crystal Palace,Everton,0,0,D,1.97,3.36,4.27
2022/2023,Premier League,22/04/2023,15:00,Leicester,Wolves,2,1,H,2.43,3.3,3.09
2022/2023,Premier League,22/04/2023,15:00,Liverpool,Nott'm Forest,3,2,H,1.17,8.07,16.57
2022/2023,Premier League,23/04/2023,14:00,Bournemouth,West Ham,0,4,A,2.97,3.3,2.51
2022/2023,Premier League,23/04/2023,14:00,Newcastle,Tottenham,6,1,H,1.92,3.72,4.03
2022/2023,Premier League,25/04/2023,19:30,Wolves,Crystal Palace,2,0,H,2.32,3.03,3.56
2022/2023,Premier League,25/04/2023,19:45,Aston Villa,Fulham,1,0,H,1.75,3.83,4.88
2022/2023,Premier League,25/04/2023,20:00,Leeds,Leicester,1,1,D,2.37,3.57,2.96
2022/2023,Premier League,26/04/2023,19:30,Nott'm Forest,Brighton,3,1,H,5.51,4.26,1.6
2022/2023,Premier League,26/04/2023,19:45,Chelsea,Brentford,0,2,A,1.79,3.67,4.84
2022/2023,Premier League,26/04/2023,19:45,West Ham,Liverpool,1,2,A,3.6,3.8,1.99
2022/2023,Premier League,26/04/2023,20:00,Man City,Arsenal,4,1,H,1.66,4.16,5.16
2022/2023,Premier League,27/04/2023,19:45,Everton,Newcastle,1,4,A,4.51,3.66,1.82
2022/2023,Premier League,27/04/2023,19:45,Southampton,Bournemouth,0,1,A,2.53,3.29,2.95
2022/2023,Premier League,27/04/2023,20:15,Tottenham,Man United,2,2,D,2.86,3.75,2.36
2022/2023,Premier League,29/04/2023,12:30,Crystal Palace,West Ham,4,3,H,2.57,3.17,2.97
2022/2023,Premier League,29/04/2023,15:00,Brentford,Nott'm Forest,2,1,H,1.74,3.77,5.04
2022/2023,Premier League,29/04/2023,15:00,Brighton,Wolves,6,0,H,1.57,4.28,5.97
2022/2023,Premier League,30/04/2023,14:00,Bournemouth,Leeds,4,1,H,2.47,3.4,2.94
2022/2023,Premier League,30/04/2023,14:00,Fulham,Man City,1,2,A,11.21,6.12,1.27
2022/2023,Premier League,30/04/2023,14:00,Man United,Aston Villa,1,0,H,1.75,4.11,4.47
2022/2023,Premier League,30/04/2023,14:00,Newcastle,Southampton,3,1,H,1.26,6.22,12.09
2022/2023,Premier League,30/04/2023,16:30,Liverpool,Tottenham,4,3,H,1.55,4.84,5.38
2022/2023,Premier League,01/05/2023,20:00,Leicester,Everton,2,2,D,2.02,3.44,3.92
2022/2023,Premier League,02/05/2023,20:00,Arsenal,Chelsea,3,1,H,1.61,4.23,5.54
2022/2023,Premier League,03/05/2023,20:00,Liverpool,Fulham,1,0,H,1.29,6.13,9.73
2022/2023,Premier League,03/05/2023,20:00,Man City,West Ham,3,0,H,1.18,7.87,15.92
2022/2023,Premier League,04/05/2023,20:00,Brighton,Man United,1,0,H,2.17,3.83,3.16
2022/2023,Premier League,06/05/2023,15:00,Bournemouth,Chelsea,1,3,A,3.55,3.62,2.08
2022/2023,Premier League,06/05/2023,15:00,Man City,Leeds,2,1,H,1.16,8.48,16.93
2022/2023,Premier League,06/05/2023,15:00,Tottenham,Crystal Palace,1,0,H,1.84,3.83,4.31
2022/2023,Premier League,06/05/2023,15:00,Wolves,Aston Villa,1,0,H,3.12,3.33,2.39
2022/2023,Premier League,06/05/2023,17:30,Liverpool,Brentford,1,0,H,1.43,5.16,6.91
2022/2023,Premier League,07/05/2023,16:30,Newcastle,Arsenal,0,2,A,2.31,3.74,2.97
2022/2023,Premier League,07/05/2023,19:00,West Ham,Man United,1,0,H,3.57,3.68,2.05
2022/2023,Premier League,08/05/2023,15:00,Fulham,Leicester,5,3,H,2.68,3.35,2.71
2022/2023,Premier League,08/05/2023,17:30,Brighton,Everton,1,5,A,1.35,5.54,8.45
2022/2023,Premier League,08/05/2023,20:00,Nott'm Forest,Southampton,4,3,H,2.01,3.49,3.9
2022/2023,Premier League,13/05/2023,12:30,Leeds,Newcastle,2,2,D,5.04,4.39,1.63
2022/2023,Premier League,13/05/2023,15:00,Aston Villa,Tottenham,2,1,H,2.29,3.64,3.04
2022/2023,Premier League,13/05/2023,15:00,Chelsea,Nott'm Forest,2,2,D,1.56,4.3,6.06
2022/2023,Premier League,13/05/2023,15:00,Crystal Palace,Bournemouth,2,0,H,1.77,3.78,4.81
2022/2023,Premier League,13/05/2023,15:00,Man United,Wolves,2,0,H,1.38,5.24,8.06
2022/2023,Premier League,13/05/2023,15:00,Southampton,Fulham,0,2,A,2.73,3.44,2.6
2022/2023,Premier League,14/05/2023,14:00,Brentford,West Ham,2,0,H,1.83,3.64,4.6
2022/2023,Premier League,14/05/2023,14:00,Everton,Man City,0,3,A,8.25,5.15,1.37
2022/2023,Premier League,14/05/2023,16:30,Arsenal,Brighton,0,3,A,1.73,4.28,4.36
2022/2023,Premier League,15/05/2023,20:00,Leicester,Liverpool,0,3,A,4.68,4.29,1.69
2022/2023,Premier League,18/05/2023,19:30,Newcastle,Brighton,4,1,H,1.8,4.06,4.13
2022/2023,Premier League,20/05/2023,12:30,Tottenham,Brentford,1,3,A,1.95,3.77,3.85
2022/2023,Premier League,20/05/2023,15:00,Bournemouth,Man United,0,1,A,7.26,5.24,1.41
2022/2023,Premier League,20/05/2023,15:00,Fulham,Crystal Palace,2,2,D,2.36,3.26,3.23
2022/2023,Premier League,20/05/2023,15:00,Liverpool,Aston Villa,1,1,D,1.49,4.85,6.18
2022/2023,Premier League,20/05/2023,15:00,Wolves,Everton,1,1,D,3.13,3.45,2.33
2022/2023,Premier League,20/05/2023,17:30,Nott'm Forest,Arsenal,1,0,H,5.26,4.18,1.64
2022/2023,Premier League,21/05/2023,13:30,West Ham,Leeds,3,1,H,2.6,3.51,2.72
2022/2023,Premier League,21/05/2023,14:00,Brighton,Southampton,3,1,H,1.21,7.38,13.35
2022/2023,Premier League,21/05/2023,16:00,Man City,Chelsea,1,0,H,1.62,4.19,5.85
2022/2023,Premier League,22/05/2023,20:00,Newcastle,Leicester,0,0,D,1.31,5.96,9.36
2022/2023,Premier League,24/05/2023,20:00,Brighton,Man City,1,1,D,3.86,4.13,1.85
2022/2023,Premier League,25/05/2023,20:00,Man United,Chelsea,4,1,H,1.56,4.39,5.84
2022/2023,Premier League,28/05/2023,16:30,Arsenal,Wolves,5,0,H,1.29,6.18,9.86
2022/2023,Premier League,28/05/2023,16:30,Aston Villa,Brighton,2,1,H,1.88,4.04,3.83
2022/2023,Premier League,28/05/2023,16:30,Brentford,Man City,1,0,H,3.37,3.57,2.15
2022/2023,Premier League,28/05/2023,16:30,Chelsea,Newcastle,1,1,D,2.79,3.76,2.38
2022/2023,Premier League,28/05/2023,16:30,Crystal Palace,Nott'm Forest,1,1,D,1.6,4.09,5.61
2022/2023,Premier League,28/05/2023,16:30,Everton,Bournemouth,1,0,H,1.62,4.22,5.41
2022/2023,Premier League,28/05/2023,16:30,Leeds,Tottenham,1,4,A,2.78,3.84,2.38
2022/2023,Premier League,28/05/2023,16:30,Leicester,West Ham,2,1,H,2.08,3.94,3.26
2022/2023,Premier League,28/05/2023,16:30,Man United,Fulham,2,1,H,1.48,4.97,6.04
2022/2023,Premier League,28/05/2023,16:30,Southampton,Liverpool,4,4,D,5.95,4.97,1.49
2023/2024,Premier League,11/08/2023,20:00,Burnley,Man City,0,3,A,9.27,5.45,1.33
2023/2024,Premier League,12/08/2023,12:30,Arsenal,Nott'm Forest,2,1,H,1.19,7.43,15.98
2023/2024,Premier League,12/08/2023,15:00,Bournemouth,West Ham,1,1,D,2.7,3.53,2.59
2023/2024,Premier League,12/08/2023,15:00,Brighton,Luton,4,1,H,1.28,5.99,10.91
2023/2024,Premier League,12/08/2023,15:00,Everton,Fulham,0,1,A,2.32,3.28,3.27
2023/2024,Premier League,12/08/2023,15:00,Sheffield United,Crystal Palace,0,1,A,3.81,3.16,2.16
2023/2024,Premier League,12/08/2023,17:30,Newcastle,Aston Villa,5,1,H,1.65,4.14,5.17
2023/2024,Premier League,13/08/2023,14:00,Brentford,Tottenham,2,2,D,2.6,3.52,2.7
2023/2024,Premier League,13/08/2023,16:30,Chelsea,Liverpool,1,1,D,3.04,3.75,2.26
2023/2024,Premier League,14/08/2023,20:00,Man United,Wolves,1,0,H,1.27,6.12,10.96
2023/2024,Premier League,18/08/2023,19:45,Nott'm Forest,Sheffield United,2,1,H,1.93,3.44,4.33
2023/2024,Premier League,19/08/2023,15:00,Fulham,Brentford,0,3,A,2.82,3.19,2.69
2023/2024,Premier League,19/08/2023,15:00,Liverpool,Bournemouth,3,1,H,1.2,7.69,12.7
2023/2024,Premier League,19/08/2023,15:00,Wolves,Brighton,1,4,A,4.17,4.06,1.81
2023/2024,Premier League,19/08/2023,17:30,Tottenham,Man United,2,0,H,3.01,3.78,2.25
2023/2024,Premier League,19/08/2023,20:00,Man City,Newcastle,1,0,H,1.84,3.78,4.32
2023/2024,Premier League,20/08/2023,14:00,Aston Villa,Everton,4,0,H,1.84,3.82,4.24
2023/2024,Premier League,20/08/2023,16:30,West Ham,Chelsea,3,1,H,3.27,3.59,2.18
2023/2024,Premier League,21/08/2023,20:00,Crystal Palace,Arsenal,0,1,A,4.42,3.55,1.89
2023/2024,Premier League,25/08/2023,20:00,Chelsea,Luton,3,0,H,1.26,6.12,12.06
2023/2024,Premier League,26/08/2023,12:30,Bournemouth,Tottenham,0,2,A,3.47,3.86,2.03
2023/2024,Premier League,26/08/2023,15:00,Arsenal,Fulham,2,2,D,1.27,5.98,10.95
2023/2024,Premier League,26/08/2023,15:00,Brentford,Crystal Palace,1,1,D,2.15,3.33,3.67
2023/2024,Premier League,26/08/2023,15:00,Everton,Wolves,0,1,A,2.43,3.36,3.02
2023/2024,Premier League,26/08/2023,15:00,Man United,Nott'm Forest,3,2,H,1.36,5.26,8.13
2023/2024,Premier League,26/08/2023,17:30,Brighton,West Ham,1,3,A,1.51,4.78,5.91
2023/2024,Premier League,27/08/2023,14:00,Burnley,Aston Villa,1,3,A,3.21,3.54,2.24
2023/2024,Premier League,27/08/2023,14:00,Sheffield United,Man City,1,2,A,14.68,6.99,1.2
2023/2024,Premier League,27/08/2023,16:30,Newcastle,Liverpool,1,2,A,2.22,3.84,3.02
2023/2024,Premier League,01/09/2023,20:00,Luton,West Ham,1,2,A,4.67,4.02,1.73
2023/2024,Premier League,02/09/2023,12:30,Sheffield United,Everton,2,2,D,3.12,3.36,2.35
2023/2024,Premier League,02/09/2023,15:00,Brentford,Bournemouth,2,2,D,1.73,3.98,4.75
2023/2024,Premier League,02/09/2023,15:00,Burnley,Tottenham,2,5,A,3.64,3.79,1.99
2023/2024,Premier League,02/09/2023,15:00,Chelsea,Nott'm Forest,0,1,A,1.4,4.84,8.03
2023/2024,Premier League,02/09/2023,15:00,Man City,Fulham,5,1,H,1.18,7.68,15.7
2023/2024,Premier League,02/09/2023,17:30,Brighton,Newcastle,3,1,H,2.55,3.81,2.58
2023/2024,Premier League,03/09/2023,14:00,Crystal Palace,Wolves,3,2,H,1.9,3.54,4.32
2023/2024,Premier League,03/09/2023,14:00,Liverpool,Aston Villa,3,0,H,1.61,4.62,4.94
2023/2024,Premier League,03/09/2023,16:30,Arsenal,Man United,3,1,H,1.77,4.14,4.29
2023/2024,Premier League,16/09/2023,12:30,Wolves,Liverpool,1,3,A,4.77,4.35,1.67
2023/2024,Premier League,16/09/2023,15:00,Aston Villa,Crystal Palace,3,1,H,1.94,3.64,4.01
2023/2024,Premier League,16/09/2023,15:00,Fulham,Luton,1,0,H,1.66,3.79,5.67
2023/2024,Premier League,16/09/2023,15:00,Man United,Brighton,1,3,A,2,3.99,3.44
2023/2024,Premier League,16/09/2023,15:00,Tottenham,Sheffield United,2,1,H,1.29,6.17,9.68
2023/2024,Premier League,16/09/2023,15:00,West Ham,Man City,1,3,A,5.6,4.22,1.61
2023/2024,Premier League,16/09/2023,17:30,Newcastle,Brentford,1,0,H,1.64,4.08,5.4
2023/2024,Premier League,17/09/2023,14:00,Bournemouth,Chelsea,0,0,D,4.06,3.88,1.87
2023/2024,Premier League,17/09/2023,16:30,Everton,Arsenal,0,1,A,5.74,4.37,1.57
2023/2024,Premier League,18/09/2023,19:45,Nott'm Forest,Burnley,1,1,D,2.11,3.45,3.59
2023/2024,Premier League,23/09/2023,15:00,Crystal Palace,Fulham,0,0,D,2.08,3.34,3.87
2023/2024,Premier League,23/09/2023,15:00,Luton,Wolves,1,1,D,3.18,3.32,2.37
2023/2024,Premier League,23/09/2023,15:00,Man City,Nott'm Forest,2,0,H,1.16,8.11,18.46
2023/2024,Premier League,23/09/2023,17:30,Brentford,Everton,1,3,A,1.93,3.56,4.16
2023/2024,Premier League,23/09/2023,20:00,Burnley,Man United,0,1,A,4.15,3.91,1.84
2023/2024,Premier League,24/09/2023,14:00,Arsenal,Tottenham,2,2,D,1.64,4.37,5
2023/2024,Premier League,24/09/2023,14:00,Brighton,Bournemouth,3,1,H,1.5,4.91,5.97
2023/2024,Premier League,24/09/2023,14:00,Chelsea,Aston Villa,0,1,A,1.86,3.9,4.09
2023/2024,Premier League,24/09/2023,14:00,Liverpool,West Ham,3,1,H,1.37,5.58,7.78
2023/2024,Premier League,24/09/2023,16:30,Sheffield United,Newcastle,0,8,A,6.26,4.37,1.53
2023/2024,Premier League,30/09/2023,12:30,Aston Villa,Brighton,6,1,H,2.5,3.7,2.7
2023/2024,Premier League,30/09/2023,15:00,Bournemouth,Arsenal,0,4,A,6.03,4.55,1.53
2023/2024,Premier League,30/09/2023,15:00,Everton,Luton,1,2,A,1.65,3.87,5.72
2023/2024,Premier League,30/09/2023,15:00,Man United,Crystal Palace,0,1,A,1.57,4.26,6.05
2023/2024,Premier League,30/09/2023,15:00,Newcastle,Burnley,2,0,H,1.38,5.13,8.43
2023/2024,Premier League,30/09/2023,15:00,West Ham,Sheffield United,2,0,H,1.44,4.79,7.35
2023/2024,Premier League,30/09/2023,15:00,Wolves,Man City,2,1,H,8.34,5.12,1.39
2023/2024,Premier League,30/09/2023,17:30,Tottenham,Liverpool,2,1,H,2.96,3.94,2.25
2023/2024,Premier League,01/10/2023,14:00,Nott'm Forest,Brentford,1,1,D,2.65,3.21,2.85
2023/2024,Premier League,02/10/2023,20:00,Fulham,Chelsea,0,2,A,3.46,3.43,2.19
2023/2024,Premier League,03/10/2023,19:30,Luton,Burnley,1,2,A,2.94,3.16,2.62
2023/2024,Premier League,07/10/2023,12:30,Luton,Tottenham,0,1,A,6.8,5.05,1.44
2023/2024,Premier League,07/10/2023,15:00,Burnley,Chelsea,1,4,A,5.16,3.99,1.68
2023/2024,Premier League,07/10/2023,15:00,Everton,Bournemouth,3,0,H,1.92,3.72,4.03
2023/2024,Premier League,07/10/2023,15:00,Fulham,Sheffield United,3,1,H,1.52,4.41,6.6
2023/2024,Premier League,07/10/2023,15:00,Man United,Brentford,2,1,H,1.66,4.19,5.12
2023/2024,Premier League,07/10/2023,17:30,Crystal Palace,Nott'm Forest,0,0,D,2.31,3.17,3.46
2023/2024,Premier League,08/10/2023,14:00,Brighton,Liverpool,2,2,D,3.25,4.19,2.04
2023/2024,Premier League,08/10/2023,14:00,West Ham,Newcastle,2,2,D,3.39,3.67,2.13
2023/2024,Premier League,08/10/2023,14:00,Wolves,Aston Villa,1,1,D,3.63,3.61,2.06
2023/2024,Premier League,08/10/2023,16:30,Arsenal,Man City,1,0,H,3,3.3,2.5
2023/2024,Premier League,21/10/2023,12:30,Liverpool,Everton,2,0,H,1.39,5.43,7.38
2023/2024,Premier League,21/10/2023,15:00,Bournemouth,Wolves,1,2,A,2.35,3.42,3.11
2023/2024,Premier League,21/10/2023,15:00,Brentford,Burnley,3,0,H,1.75,3.81,4.9
2023/2024,Premier League,21/10/2023,15:00,Man City,Brighton,2,1,H,1.36,5.74,7.8
2023/2024,Premier League,21/10/2023,15:00,Newcastle,Crystal Palace,4,0,H,1.46,4.45,7.75
2023/2024,Premier League,21/10/2023,15:00,Nott'm Forest,Luton,2,2,D,1.73,3.67,5.27
2023/2024,Premier League,21/10/2023,17:30,Chelsea,Arsenal,2,2,D,3.3,3.33,2.32
2023/2024,Premier League,21/10/2023,20:00,Sheffield United,Man United,1,2,A,7.91,5.54,1.37
2023/2024,Premier League,22/10/2023,16:30,Aston Villa,West Ham,4,1,H,1.81,3.94,4.31
2023/2024,Premier League,23/10/2023,20:00,Tottenham,Fulham,2,0,H,1.5,4.74,6.22
2023/2024,Premier League,27/10/2023,20:00,Crystal Palace,Tottenham,1,2,A,4.54,3.84,1.79
2023/2024,Premier League,28/10/2023,12:30,Chelsea,Brentford,0,2,A,1.65,4.07,5.39
2023/2024,Premier League,28/10/2023,15:00,Arsenal,Sheffield United,5,0,H,1.13,9.57,21.8
2023/2024,Premier League,28/10/2023,15:00,Bournemouth,Burnley,2,1,H,2.17,3.58,3.35
2023/2024,Premier League,28/10/2023,17:30,Wolves,Newcastle,2,2,D,4.22,3.84,1.85
2023/2024,Premier League,29/10/2023,13:00,West Ham,Everton,0,1,A,2.07,3.69,3.5
2023/2024,Premier League,29/10/2023,14:00,Aston Villa,Luton,3,1,H,1.34,5.71,8.49
2023/2024,Premier League,29/10/2023,14:00,Brighton,Fulham,1,1,D,1.61,4.3,5.3
2023/2024,Premier League,29/10/2023,14:00,Liverpool,Nott'm Forest,3,0,H,1.23,6.96,12.16
2023/2024,Premier League,29/10/2023,15:30,Man United,Man City,0,3,A,5.48,4.25,1.62
2023/2024,Premier League,04/11/2023,12:30,Fulham,Man United,0,1,A,3,3.56,2.36
2023/2024,Premier League,04/11/2023,15:00,Brentford,West Ham,3,2,H,2.15,3.66,3.33
2023/2024,Premier League,04/11/2023,15:00,Burnley,Crystal Palace,0,2,A,3.35,3.17,2.35
2023/2024,Premier League,04/11/2023,15:00,Everton,Brighton,1,1,D,2.83,3.6,2.46
2023/2024,Premier League,04/11/2023,15:00,Man City,Bournemouth,6,1,H,1.1,11.54,26.43
2023/2024,Premier League,04/11/2023,15:00,Sheffield United,Wolves,2,1,H,4.12,3.68,1.91
2023/2024,Premier League,04/11/2023,17:30,Newcastle,Arsenal,1,0,H,2.8,3.23,2.68
2023/2024,Premier League,05/11/2023,14:00,Nott'm Forest,Aston Villa,2,0,H,3.91,3.75,1.94
2023/2024,Premier League,05/11/2023,16:30,Luton,Liverpool,1,1,D,13.28,7.63,1.2
2023/2024,Premier League,06/11/2023,20:00,Tottenham,Chelsea,1,4,A,2.32,3.63,3.04
2023/2024,Premier League,11/11/2023,12:30,Wolves,Tottenham,2,1,H,3.14,3.53,2.3
2023/2024,Premier League,11/11/2023,15:00,Arsenal,Burnley,3,1,H,1.2,7.07,16.18
2023/2024,Premier League,11/11/2023,15:00,Crystal Palace,Everton,2,3,A,2.61,3.12,2.95
2023/2024,Premier League,11/11/2023,15:00,Man United,Luton,1,0,H,1.29,5.95,9.95
2023/2024,Premier League,11/11/2023,17:30,Bournemouth,Newcastle,2,0,H,3.97,3.71,1.93
2023/2024,Premier League,12/11/2023,14:00,Aston Villa,Fulham,3,1,H,1.65,4.13,5.21
2023/2024,Premier League,12/11/2023,14:00,Brighton,Sheffield United,1,1,D,1.27,6.18,10.88
2023/2024,Premier League,12/11/2023,14:00,Liverpool,Brentford,3,0,H,1.38,5.42,7.57
2023/2024,Premier League,12/11/2023,14:00,West Ham,Nott'm Forest,3,2,H,1.8,3.77,4.58
2023/2024,Premier League,12/11/2023,16:30,Chelsea,Man City,4,4,D,4.65,3.92,1.77
2023/2024,Premier League,25/11/2023,12:30,Man City,Liverpool,1,1,D,1.71,4.31,4.54
2023/2024,Premier League,25/11/2023,15:00,Burnley,West Ham,1,2,A,3.43,3.43,2.18
2023/2024,Premier League,25/11/2023,15:00,Luton,Crystal Palace,2,1,H,3.98,3.34,2.03
2023/2024,Premier League,25/11/2023,15:00,Newcastle,Chelsea,4,1,H,2.68,3.54,2.59
2023/2024,Premier League,25/11/2023,15:00,Nott'm Forest,Brighton,2,3,A,3.62,3.6,2.07
2023/2024,Premier League,25/11/2023,15:00,Sheffield United,Bournemouth,1,3,A,3.41,3.49,2.19
2023/2024,Premier League,25/11/2023,17:30,Brentford,Arsenal,0,1,A,5.73,4.06,1.61
2023/2024,Premier League,26/11/2023,14:00,Tottenham,Aston Villa,1,2,A,2.63,3.76,2.56
2023/2024,Premier League,26/11/2023,16:30,Everton,Man United,0,3,A,2.69,3.41,2.66
2023/2024,Premier League,27/11/2023,20:00,Fulham,Wolves,3,2,H,2.4,3.29,3.11
2023/2024,Premier League,02/12/2023,15:00,Arsenal,Wolves,2,1,H,1.24,6.36,13.17
2023/2024,Premier League,02/12/2023,15:00,Brentford,Luton,3,1,H,1.53,4.39,6.34
2023/2024,Premier League,02/12/2023,15:00,Burnley,Sheffield United,5,0,H,1.75,3.73,5.07
2023/2024,Premier League,02/12/2023,17:30,Nott'm Forest,Everton,0,1,A,2.84,3.16,2.71
2023/2024,Premier League,02/12/2023,20:00,Newcastle,Man United,1,0,H,2,3.76,3.68
2023/2024,Premier League,03/12/2023,14:00,Bournemouth,Aston Villa,2,2,D,3.18,3.93,2.13
2023/2024,Premier League,03/12/2023,14:00,Chelsea,Brighton,3,2,H,1.64,4.33,5.16
2023/2024,Premier League,03/12/2023,14:00,Liverpool,Fulham,4,3,H,1.24,6.82,11.43
2023/2024,Premier League,03/12/2023,14:00,West Ham,Crystal Palace,1,1,D,1.95,3.55,4.13
2023/2024,Premier League,03/12/2023,16:30,Man City,Tottenham,3,3,D,1.25,6.97,10.56
2023/2024,Premier League,05/12/2023,19:30,Wolves,Burnley,1,0,H,1.93,3.61,4.12
2023/2024,Premier League,05/12/2023,20:15,Luton,Arsenal,3,4,A,16.38,7.06,1.2
2023/2024,Premier League,06/12/2023,19:30,Brighton,Brentford,2,1,H,1.77,4.05,4.45
2023/2024,Premier League,06/12/2023,19:30,Crystal Palace,Bournemouth,0,2,A,2.29,3.41,3.22
2023/2024,Premier League,06/12/2023,19:30,Fulham,Nott'm Forest,5,0,H,2.01,3.43,3.94
2023/2024,Premier League,06/12/2023,19:30,Sheffield United,Liverpool,0,2,A,14.76,7.96,1.19
2023/2024,Premier League,06/12/2023,20:15,Aston Villa,Man City,1,0,H,5.19,4.25,1.65
2023/2024,Premier League,06/12/2023,20:15,Man United,Chelsea,2,1,H,2.79,3.6,2.5
2023/2024,Premier League,07/12/2023,19:30,Everton,Newcastle,3,0,H,3.17,3.45,2.31
2023/2024,Premier League,07/12/2023,20:15,Tottenham,West Ham,1,2,A,1.68,4.29,4.79
2023/2024,Premier League,09/12/2023,12:30,Crystal Palace,Liverpool,1,2,A,6.59,4.62,1.49
2023/2024,Premier League,09/12/2023,15:00,Brighton,Burnley,1,1,D,1.53,4.5,6.2
2023/2024,Premier League,09/12/2023,15:00,Man United,Bournemouth,0,3,A,1.66,4.41,4.74
2023/2024,Premier League,09/12/2023,15:00,Sheffield United,Brentford,1,0,H,4.61,3.86,1.78
2023/2024,Premier League,09/12/2023,15:00,Wolves,Nott'm Forest,1,1,D,1.92,3.37,4.53
2023/2024,Premier League,09/12/2023,17:30,Aston Villa,Arsenal,1,0,H,3.62,3.72,2.03
2023/2024,Premier League,10/12/2023,14:00,Everton,Chelsea,2,0,H,2.54,3.47,2.78
2023/2024,Premier League,10/12/2023,14:00,Fulham,West Ham,5,0,H,2.22,3.54,3.26
2023/2024,Premier League,10/12/2023,14:00,Luton,Man City,1,2,A,15.25,7.38,1.19
2023/2024,Premier League,10/12/2023,16:30,Tottenham,Newcastle,4,1,H,2.08,3.88,3.34
2023/2024,Premier League,15/12/2023,20:00,Nott'm Forest,Tottenham,0,2,A,5.06,4.17,1.66
2023/2024,Premier League,16/12/2023,15:00,Chelsea,Sheffield United,2,0,H,1.2,7.63,14.35
2023/2024,Premier League,16/12/2023,15:00,Man City,Crystal Palace,2,2,D,1.18,7.38,18.26
2023/2024,Premier League,16/12/2023,15:00,Newcastle,Fulham,3,0,H,1.89,3.78,4.08
2023/2024,Premier League,16/12/2023,17:30,Burnley,Everton,0,2,A,3.3,3.48,2.22
2023/2024,Premier League,17/12/2023,14:00,Arsenal,Brighton,2,0,H,1.48,4.76,6.66
2023/2024,Premier League,17/12/2023,14:00,Brentford,Aston Villa,1,2,A,3.18,3.46,2.29
2023/2024,Premier League,17/12/2023,14:00,West Ham,Wolves,3,0,H,1.96,3.6,4
2023/2024,Premier League,17/12/2023,16:30,Liverpool,Man United,0,0,D,1.35,5.88,7.97
2023/2024,Premier League,21/12/2023,20:00,Crystal Palace,Brighton,1,1,D,3.24,3.33,2.3
2023/2024,Premier League,22/12/2023,20:00,Aston Villa,Sheffield United,1,1,D,1.22,7.15,12.8
2023/2024,Premier League,23/12/2023,12:30,West Ham,Man United,2,0,H,2.19,3.77,3.16
2023/2024,Premier League,23/12/2023,15:00,Fulham,Burnley,0,2,A,1.71,3.86,5.06
2023/2024,Premier League,23/12/2023,15:00,Luton,Newcastle,1,0,H,5.3,4.15,1.63
2023/2024,Premier League,23/12/2023,15:00,Nott'm Forest,Bournemouth,2,3,A,2.86,3.45,2.49
2023/2024,Premier League,23/12/2023,15:00,Tottenham,Everton,2,1,H,1.71,4.25,4.57
2023/2024,Premier League,23/12/2023,17:30,Liverpool,Arsenal,1,1,D,2.47,3.63,2.79
2023/2024,Premier League,24/12/2023,13:00,Wolves,Chelsea,2,1,H,3.26,3.65,2.17
2023/2024,Premier League,26/12/2023,12:30,Newcastle,Nott'm Forest,1,3,A,1.41,4.95,7.64
2023/2024,Premier League,26/12/2023,15:00,Bournemouth,Fulham,3,0,H,1.95,3.85,3.74
2023/2024,Premier League,26/12/2023,15:00,Sheffield United,Luton,2,3,A,2.46,3.25,3.07
2023/2024,Premier League,26/12/2023,17:30,Burnley,Liverpool,0,2,A,7.69,5.28,1.38
2023/2024,Premier League,26/12/2023,20:00,Man United,Aston Villa,3,2,H,2.34,3.75,2.91
2023/2024,Premier League,27/12/2023,19:30,Brentford,Wolves,1,4,A,2.22,3.41,3.39
2023/2024,Premier League,27/12/2023,19:30,Chelsea,Crystal Palace,2,1,H,1.78,3.75,4.7
2023/2024,Premier League,27/12/2023,20:15,Everton,Man City,1,3,A,5.65,4.02,1.62
2023/2024,Premier League,28/12/2023,19:30,Brighton,Tottenham,4,2,H,2.5,3.82,2.65
2023/2024,Premier League,28/12/2023,20:15,Arsenal,West Ham,0,2,A,1.3,5.97,10.13
2023/2024,Premier League,30/12/2023,12:30,Luton,Chelsea,2,3,A,5.5,4.46,1.58
2023/2024,Premier League,30/12/2023,15:00,Aston Villa,Burnley,3,2,H,1.4,5.17,7.55
2023/2024,Premier League,30/12/2023,15:00,Crystal Palace,Brentford,3,1,H,2.12,3.29,3.78
2023/2024,Premier League,30/12/2023,15:00,Man City,Sheffield United,2,0,H,1.08,12.46,30.83
2023/2024,Premier League,30/12/2023,15:00,Wolves,Everton,3,0,H,2.88,3.26,2.6
2023/2024,Premier League,30/12/2023,17:30,Nott'm Forest,Man United,2,1,H,3.25,3.64,2.18
2023/2024,Premier League,31/12/2023,14:00,Fulham,Arsenal,2,1,H,5.92,4.22,1.58
2023/2024,Premier League,31/12/2023,14:00,Tottenham,Bournemouth,3,1,H,1.76,4.49,3.98
2023/2024,Premier League,01/01/2024,20:00,Liverpool,Newcastle,4,2,H,1.38,5.47,7.49
2023/2024,Premier League,02/01/2024,19:30,West Ham,Brighton,0,0,D,3.03,3.63,2.3
2023/2024,Premier League,12/01/2024,19:45,Burnley,Luton,1,1,D,2.15,3.46,3.5
2023/2024,Premier League,13/01/2024,12:30,Chelsea,Fulham,1,0,H,1.64,4.16,5.26
2023/2024,Premier League,13/01/2024,17:30,Newcastle,Man City,2,3,A,4.89,4.13,1.68
2023/2024,Premier League,14/01/2024,14:00,Everton,Aston Villa,0,0,D,2.55,3.54,2.75
2023/2024,Premier League,14/01/2024,16:30,Man United,Tottenham,2,2,D,2.04,3.97,3.34
2023/2024,Premier League,20/01/2024,12:30,Arsenal,Crystal Palace,5,0,H,1.26,5.91,12.35
2023/2024,Premier League,20/01/2024,17:30,Brentford,Nott'm Forest,3,2,H,1.78,3.8,4.66
2023/2024,Premier League,21/01/2024,14:00,Sheffield United,West Ham,2,2,D,2.83,3.34,2.56
2023/2024,Premier League,21/01/2024,16:30,Bournemouth,Liverpool,0,4,A,4.38,4.4,1.7
2023/2024,Premier League,22/01/2024,19:45,Brighton,Wolves,0,0,D,1.66,4.16,5
2023/2024,Premier League,30/01/2024,19:30,Nott'm Forest,Arsenal,1,2,A,8.78,5.04,1.38
2023/2024,Premier League,30/01/2024,19:45,Fulham,Everton,0,0,D,2.25,3.27,3.46
2023/2024,Premier League,30/01/2024,19:45,Luton,Brighton,4,0,H,4.22,4.03,1.8
2023/2024,Premier League,30/01/2024,20:00,Crystal Palace,Sheffield United,3,2,H,1.61,3.95,6.02
2023/2024,Premier League,30/01/2024,20:15,Aston Villa,Newcastle,1,3,A,1.88,4.02,3.89
2023/2024,Premier League,31/01/2024,19:30,Man City,Burnley,3,1,H,1.11,10.59,22.43
2023/2024,Premier League,31/01/2024,19:30,Tottenham,Brentford,3,2,H,1.63,4.46,4.97
2023/2024,Premier League,31/01/2024,20:15,Liverpool,Chelsea,4,1,H,1.65,4.4,4.84
2023/2024,Premier League,01/02/2024,19:30,West Ham,Bournemouth,1,1,D,2.42,3.58,2.85
2023/2024,Premier League,01/02/2024,20:15,Wolves,Man United,3,4,A,2.92,3.5,2.43
2023/2024,Premier League,03/02/2024,12:30,Everton,Tottenham,2,2,D,3.1,3.73,2.22
2023/2024,Premier League,03/02/2024,15:00,Brighton,Crystal Palace,4,1,H,1.72,3.81,5.17
2023/2024,Premier League,03/02/2024,15:00,Burnley,Fulham,2,2,D,2.91,3.31,2.54
2023/2024,Premier League,03/02/2024,15:00,Newcastle,Luton,4,4,D,1.53,4.61,5.91
2023/2024,Premier League,03/02/2024,17:30,Sheffield United,Aston Villa,0,5,A,5.17,4.27,1.64
2023/2024,Premier League,04/02/2024,14:00,Bournemouth,Nott'm Forest,1,1,D,1.66,4.34,4.93
2023/2024,Premier League,04/02/2024,14:00,Chelsea,Wolves,2,4,A,1.54,4.48,5.92
2023/2024,Premier League,04/02/2024,14:00,Man United,West Ham,3,0,H,1.55,4.49,5.82
2023/2024,Premier League,04/02/2024,16:30,Arsenal,Liverpool,3,1,H,2.21,3.65,3.2
2023/2024,Premier League,05/02/2024,20:00,Brentford,Man City,1,3,A,7.9,5.41,1.37
2023/2024,Premier League,10/02/2024,12:30,Man City,Everton,2,0,H,1.24,6.82,12.04
2023/2024,Premier League,10/02/2024,15:00,Fulham,Bournemouth,3,1,H,2.56,3.53,2.75
2023/2024,Premier League,10/02/2024,15:00,Liverpool,Burnley,3,1,H,1.16,8.52,16.31
2023/2024,Premier League,10/02/2024,15:00,Luton,Sheffield United,1,3,A,1.71,3.98,4.87
2023/2024,Premier League,10/02/2024,15:00,Tottenham,Brighton,2,1,H,1.74,4.51,4.09
2023/2024,Premier League,10/02/2024,15:00,Wolves,Brentford,0,2,A,2.2,3.58,3.27
2023/2024,Premier League,10/02/2024,17:30,Nott'm Forest,Newcastle,2,3,A,3.24,3.77,2.15
2023/2024,Premier League,11/02/2024,14:00,West Ham,Arsenal,0,6,A,6.31,4.34,1.53
2023/2024,Premier League,11/02/2024,16:30,Aston Villa,Man United,1,2,A,2.16,3.89,3.13
2023/2024,Premier League,12/02/2024,20:00,Crystal Palace,Chelsea,1,3,A,4.91,3.97,1.71
2023/2024,Premier League,17/02/2024,12:30,Brentford,Liverpool,1,4,A,4.82,4.4,1.65
2023/2024,Premier League,17/02/2024,15:00,Burnley,Arsenal,0,5,A,10.38,5.94,1.29
2023/2024,Premier League,17/02/2024,15:00,Fulham,Aston Villa,1,2,A,2.95,3.72,2.3
2023/2024,Premier League,17/02/2024,15:00,Newcastle,Bournemouth,2,2,D,1.99,3.93,3.5
2023/2024,Premier League,17/02/2024,15:00,Nott'm Forest,West Ham,2,0,H,2.27,3.52,3.17
2023/2024,Premier League,17/02/2024,15:00,Tottenham,Wolves,1,2,A,1.52,4.89,5.57
2023/2024,Premier League,17/02/2024,17:30,Man City,Chelsea,1,1,D,1.33,6.01,8.28
2023/2024,Premier League,18/02/2024,14:00,Sheffield United,Brighton,0,5,A,4.81,4.25,1.68
2023/2024,Premier League,18/02/2024,16:30,Luton,Man United,1,2,A,4.14,4.12,1.8
2023/2024,Premier League,19/02/2024,20:00,Everton,Crystal Palace,1,1,D,1.81,3.49,4.98
2023/2024,Premier League,20/02/2024,19:30,Man City,Brentford,1,0,H,1.19,7.81,14.24
2023/2024,Premier League,21/02/2024,19:30,Liverpool,Luton,4,1,H,1.27,6.68,10.07
2023/2024,Premier League,24/02/2024,15:00,Aston Villa,Nott'm Forest,4,2,H,1.58,4.51,5.39
2023/2024,Premier League,24/02/2024,15:00,Brighton,Everton,1,1,D,1.87,3.93,4
2023/2024,Premier League,24/02/2024,15:00,Crystal Palace,Burnley,3,0,H,2,3.44,4
2023/2024,Premier League,24/02/2024,15:00,Man United,Fulham,1,2,A,1.65,4.27,5
2023/2024,Premier League,24/02/2024,17:30,Bournemouth,Man City,0,1,A,6.53,4.89,1.46
2023/2024,Premier League,24/02/2024,20:00,Arsenal,Newcastle,4,1,H,1.35,5.63,8.17
2023/2024,Premier League,25/02/2024,13:30,Wolves,Sheffield United,1,0,H,1.48,4.53,6.85
2023/2024,Premier League,26/02/2024,20:00,West Ham,Brentford,4,2,H,2.36,3.53,3.01
2023/2024,Premier League,02/03/2024,15:00,Brentford,Chelsea,2,2,D,3.23,3.72,2.18
2023/2024,Premier League,02/03/2024,15:00,Everton,West Ham,1,3,A,2.13,3.53,3.45
2023/2024,Premier League,02/03/2024,15:00,Fulham,Brighton,3,0,H,2.56,3.49,2.76
2023/2024,Premier League,02/03/2024,15:00,Newcastle,Wolves,3,0,H,1.74,4.19,4.47
2023/2024,Premier League,02/03/2024,15:00,Nott'm Forest,Liverpool,0,1,A,5.23,4.44,1.6
2023/2024,Premier League,02/03/2024,15:00,Tottenham,Crystal Palace,3,1,H,1.53,4.58,5.93
2023/2024,Premier League,02/03/2024,17:30,Luton,Aston Villa,2,3,A,4.5,4.41,1.7
2023/2024,Premier League,03/03/2024,13:00,Burnley,Bournemouth,0,2,A,3.66,3.74,2.01
2023/2024,Premier League,03/03/2024,15:30,Man City,Man United,3,1,H,1.26,6.76,10.21
2023/2024,Premier League,04/03/2024,20:00,Sheffield United,Arsenal,0,6,A,16.8,7.57,1.18
2023/2024,Premier League,09/03/2024,12:30,Man United,Everton,2,0,H,1.91,3.77,3.99
2023/2024,Premier League,09/03/2024,15:00,Bournemouth,Sheffield United,2,2,D,1.35,5.64,8.41
2023/2024,Premier League,09/03/2024,15:00,Crystal Palace,Luton,1,1,D,1.89,3.76,4.11
2023/2024,Premier League,09/03/2024,15:00,Wolves,Fulham,2,1,H,2.49,3.44,2.88
2023/2024,Premier League,09/03/2024,17:30,Arsenal,Brentford,2,1,H,1.21,7.14,13.36
2023/2024,Premier League,10/03/2024,13:00,Aston Villa,Tottenham,0,4,A,2.48,3.9,2.62
2023/2024,Premier League,10/03/2024,14:00,Brighton,Nott'm Forest,1,0,H,1.64,4.3,5.08
2023/2024,Premier League,10/03/2024,14:00,West Ham,Burnley,2,2,D,1.65,4.08,5.31
2023/2024,Premier League,10/03/2024,15:45,Liverpool,Man City,1,1,D,3.4,3.88,2.05
2023/2024,Premier League,11/03/2024,20:00,Chelsea,Newcastle,3,2,H,1.85,4.17,3.84
2023/2024,Premier League,13/03/2024,19:30,Bournemouth,Luton,4,3,H,1.52,4.87,5.65
2023/2024,Premier League,16/03/2024,15:00,Burnley,Brentford,2,1,H,3.12,3.64,2.26
2023/2024,Premier League,16/03/2024,15:00,Luton,Nott'm Forest,1,1,D,2.63,3.58,2.64
2023/2024,Premier League,16/03/2024,17:30,Fulham,Tottenham,3,0,H,3.34,3.94,2.05
2023/2024,Premier League,17/03/2024,14:00,West Ham,Aston Villa,1,1,D,2.45,3.63,2.77
2023/2024,Premier League,30/03/2024,12:30,Newcastle,West Ham,4,3,H,1.86,4.13,3.86
2023/2024,Premier League,30/03/2024,15:00,Bournemouth,Everton,2,1,H,2.2,3.69,3.19
2023/2024,Premier League,30/03/2024,15:00,Chelsea,Burnley,2,2,D,1.27,6.53,10.45
2023/2024,Premier League,30/03/2024,15:00,Nott'm Forest,Crystal Palace,1,1,D,2.26,3.35,3.34
2023/2024,Premier League,30/03/2024,15:00,Sheffield United,Fulham,3,3,D,4.8,4.06,1.71
2023/2024,Premier League,30/03/2024,15:00,Tottenham,Luton,2,1,H,1.21,7.95,11.35
2023/2024,Premier League,30/03/2024,17:30,Aston Villa,Wolves,2,0,H,1.54,4.41,6.24
2023/2024,Premier League,30/03/2024,20:00,Brentford,Man United,1,1,D,3.31,3.98,2.06
2023/2024,Premier League,31/03/2024,14:00,Liverpool,Brighton,2,1,H,1.3,6.29,8.95
2023/2024,Premier League,31/03/2024,16:30,Man City,Arsenal,0,0,D,2.06,3.62,3.61
2023/2024,Premier League,02/04/2024,19:30,Newcastle,Everton,1,1,D,2.02,3.75,3.61
2023/2024,Premier League,02/04/2024,19:30,Nott'm Forest,Fulham,3,1,H,2.71,3.44,2.63
2023/2024,Premier League,02/04/2024,19:45,Bournemouth,Crystal Palace,1,0,H,1.89,3.78,4.04
2023/2024,Premier League,02/04/2024,19:45,Burnley,Wolves,1,1,D,2.35,3.52,3.03
2023/2024,Premier League,02/04/2024,20:15,West Ham,Tottenham,1,1,D,3.39,4.16,1.99
2023/2024,Premier League,03/04/2024,19:30,Arsenal,Luton,2,0,H,1.13,9.75,19.39
2023/2024,Premier League,03/04/2024,19:30,Brentford,Brighton,0,0,D,2.49,3.74,2.7
2023/2024,Premier League,03/04/2024,20:15,Man City,Aston Villa,4,1,H,1.23,6.93,12.59
2023/2024,Premier League,04/04/2024,19:30,Liverpool,Sheffield United,3,1,H,1.07,14.54,27.64
2023/2024,Premier League,04/04/2024,20:15,Chelsea,Man United,4,3,H,1.82,4.27,3.92
2023/2024,Premier League,06/04/2024,12:30,Crystal Palace,Man City,2,4,A,8.9,5.22,1.36
2023/2024,Premier League,06/04/2024,15:00,Aston Villa,Brentford,3,3,D,1.65,4.18,5.22
2023/2024,Premier League,06/04/2024,15:00,Everton,Burnley,1,0,H,1.76,3.89,4.68
2023/2024,Premier League,06/04/2024,15:00,Fulham,Newcastle,0,1,A,2.44,3.66,2.78
2023/2024,Premier League,06/04/2024,15:00,Luton,Bournemouth,2,1,H,3.75,3.93,1.93
2023/2024,Premier League,06/04/2024,15:00,Wolves,West Ham,1,2,A,2.82,3.45,2.5
2023/2024,Premier League,06/04/2024,17:30,Brighton,Arsenal,0,3,A,6.32,4.56,1.51
2023/2024,Premier League,07/04/2024,15:30,Man United,Liverpool,2,2,D,4.9,4.8,1.6
2023/2024,Premier League,07/04/2024,17:30,Sheffield United,Chelsea,2,2,D,6.6,5.2,1.44
2023/2024,Premier League,07/04/2024,18:00,Tottenham,Nott'm Forest,3,1,H,1.43,5.25,6.55
2023/2024,Premier League,13/04/2024,12:30,Newcastle,Tottenham,4,0,H,2.64,3.97,2.45
2023/2024,Premier League,13/04/2024,15:00,Brentford,Sheffield United,2,0,H,1.49,4.84,6.15
2023/2024,Premier League,13/04/2024,15:00,Burnley,Brighton,1,1,D,3.84,3.96,1.89
2023/2024,Premier League,13/04/2024,15:00,Man City,Luton,5,1,H,1.09,12.33,24.13
2023/2024,Premier League,13/04/2024,15:00,Nott'm Forest,Wolves,2,2,D,2.07,3.51,3.69
2023/2024,Premier League,13/04/2024,17:30,Bournemouth,Man United,2,2,D,2.39,3.97,2.71
2023/2024,Premier League,14/04/2024,14:00,Liverpool,Crystal Palace,0,1,A,1.19,7.77,13.5
2023/2024,Premier League,14/04/2024,14:00,West Ham,Fulham,0,2,A,2.43,3.59,2.85
2023/2024,Premier League,14/04/2024,16:30,Arsenal,Aston Villa,0,2,A,1.27,6.47,10.91
2023/2024,Premier League,15/04/2024,20:00,Chelsea,Everton,6,0,H,1.69,4.14,4.89
2023/2024,Premier League,20/04/2024,15:00,Luton,Brentford,1,5,A,2.87,3.59,2.41
2023/2024,Premier League,20/04/2024,15:00,Sheffield United,Burnley,1,4,A,2.64,3.52,2.65
2023/2024,Premier League,20/04/2024,19:30,Wolves,Arsenal,0,2,A,11.3,6.11,1.27
2023/2024,Premier League,21/04/2024,13:30,Everton,Nott'm Forest,2,0,H,2.27,3.29,3.38
2023/2024,Premier League,21/04/2024,15:00,Aston Villa,Bournemouth,3,1,H,1.86,4.06,3.92
2023/2024,Premier League,21/04/2024,15:00,Crystal Palace,West Ham,5,2,H,2.23,3.5,3.25
2023/2024,Premier League,21/04/2024,16:30,Fulham,Liverpool,1,3,A,4.59,4.4,1.68
2023/2024,Premier League,23/04/2024,20:00,Arsenal,Chelsea,5,0,H,1.39,5.21,7.66
2023/2024,Premier League,24/04/2024,19:45,Wolves,Bournemouth,0,1,A,2.77,3.61,2.48
2023/2024,Premier League,24/04/2024,20:00,Crystal Palace,Newcastle,2,0,H,3.08,3.64,2.26
2023/2024,Premier League,24/04/2024,20:00,Everton,Liverpool,2,0,H,7.43,5.14,1.39
2023/2024,Premier League,24/04/2024,20:00,Man United,Sheffield United,4,2,H,1.31,6.15,8.4
2023/2024,Premier League,25/04/2024,20:00,Brighton,Man City,0,4,A,7.99,5.65,1.36
2023/2024,Premier League,27/04/2024,12:30,West Ham,Liverpool,2,2,D,5.26,4.81,1.55
2023/2024,Premier League,27/04/2024,15:00,Fulham,Crystal Palace,1,1,D,2.1,3.48,3.56
2023/2024,Premier League,27/04/2024,15:00,Man United,Burnley,1,1,D,1.5,5.09,5.59
2023/2024,Premier League,27/04/2024,15:00,Newcastle,Sheffield United,5,1,H,1.22,7.35,11.45
2023/2024,Premier League,27/04/2024,15:00,Wolves,Luton,2,1,H,1.9,3.84,3.87
2023/2024,Premier League,27/04/2024,17:30,Everton,Brentford,1,0,H,2.84,3.42,2.49
2023/2024,Premier League,27/04/2024,20:00,Aston Villa,Chelsea,2,2,D,2.06,3.98,3.28
2023/2024,Premier League,28/04/2024,14:00,Bournemouth,Brighton,3,0,H,1.96,4.07,3.49
2023/2024,Premier League,28/04/2024,14:00,Tottenham,Arsenal,2,3,A,4.42,4.17,1.74
2023/2024,Premier League,28/04/2024,16:30,Nott'm Forest,Man City,0,2,A,10.37,5.96,1.28
2023/2024,Premier League,02/05/2024,19:30,Chelsea,Tottenham,2,0,H,2.46,4,2.6
2023/2024,Premier League,03/05/2024,20:00,Luton,Everton,1,1,D,2.77,3.62,2.48
2023/2024,Premier League,04/05/2024,12:30,Arsenal,Bournemouth,3,0,H,1.22,7.12,12.18
2023/2024,Premier League,04/05/2024,15:00,Brentford,Fulham,0,0,D,2.07,3.82,3.36
2023/2024,Premier League,04/05/2024,15:00,Burnley,Newcastle,1,4,A,3.35,4.08,2.01
2023/2024,Premier League,04/05/2024,15:00,Sheffield United,Nott'm Forest,1,3,A,4.83,4.2,1.68
2023/2024,Premier League,04/05/2024,17:30,Man City,Wolves,5,1,H,1.1,12.16,23.44
2023/2024,Premier League,05/05/2024,14:00,Brighton,Aston Villa,1,0,H,2.45,3.81,2.7
2023/2024,Premier League,05/05/2024,14:00,Chelsea,West Ham,5,0,H,1.5,5.05,5.71
2023/2024,Premier League,05/05/2024,16:30,Liverpool,Tottenham,4,2,H,1.43,5.69,6.13
2023/2024,Premier League,06/05/2024,20:00,Crystal Palace,Man United,4,0,H,2.03,3.93,3.43
2023/2024,Premier League,11/05/2024,12:30,Fulham,Man City,0,4,A,11.13,7.21,1.23
2023/2024,Premier League,11/05/2024,15:00,Bournemouth,Brentford,1,2,A,2.11,3.9,3.22
2023/2024,Premier League,11/05/2024,15:00,Everton,Sheffield United,1,0,H,1.43,5.05,7.08
2023/2024,Premier League,11/05/2024,15:00,Newcastle,Brighton,1,1,D,1.59,4.75,4.99
2023/2024,Premier League,11/05/2024,15:00,Tottenham,Burnley,2,1,H,1.32,6.25,8.08
2023/2024,Premier League,11/05/2024,15:00,West Ham,Luton,3,1,H,1.86,4.23,3.76
2023/2024,Premier League,11/05/2024,15:00,Wolves,Crystal Palace,1,3,A,3.2,3.55,2.24
2023/2024,Premier League,11/05/2024,17:30,Nott'm Forest,Chelsea,2,3,A,4.11,3.99,1.84
2023/2024,Premier League,12/05/2024,16:30,Man United,Arsenal,0,1,A,9.06,6.14,1.3
2023/2024,Premier League,13/05/2024,20:00,Aston Villa,Liverpool,3,3,D,3.83,4.53,1.79
2023/2024,Premier League,14/05/2024,20:00,Tottenham,Man City,0,2,A,6.73,6.02,1.38
2023/2024,Premier League,15/05/2024,19:45,Brighton,Chelsea,1,2,A,3.25,4.08,2.06
2023/2024,Premier League,15/05/2024,20:00,Man United,Newcastle,3,2,H,2.7,3.95,2.4
2023/2024,Premier League,19/05/2024,16:00,Arsenal,Everton,2,1,H,1.22,7.25,12.71
2023/2024,Premier League,19/05/2024,16:00,Brentford,Newcastle,2,4,A,2.94,4.01,2.2
2023/2024,Premier League,19/05/2024,16:00,Brighton,Man United,0,2,A,2.62,4.02,2.44
2023/2024,Premier League,19/05/2024,16:00,Burnley,Nott'm Forest,1,2,A,2.9,3.79,2.32
2023/2024,Premier League,19/05/2024,16:00,Chelsea,Bournemouth,2,1,H,1.4,5.56,6.88
2023/2024,Premier League,19/05/2024,16:00,Crystal Palace,Aston Villa,5,0,H,1.66,4.49,4.68
2023/2024,Premier League,19/05/2024,16:00,Liverpool,Wolves,2,0,H,1.13,10,17.17
2023/2024,Premier League,19/05/2024,16:00,Luton,Fulham,2,4,A,3.05,3.93,2.18
2023/2024,Premier League,19/05/2024,16:00,Man City,West Ham,3,1,H,1.07,14.3,28.36
2023/2024,Premier League,19/05/2024,16:00,Sheffield United,Tottenham,0,3,A,7.72,5.98,1.35
2024/2025,Premier League,16/08/2024,20:00,Man United,Fulham,1,0,H,1.66,4.2,5.02
2024/2025,Premier League,17/08/2024,12:30,Ipswich,Liverpool,0,2,A,7.87,5.81,1.35
2024/2025,Premier League,17/08/2024,15:00,Arsenal,Wolves,2,0,H,1.15,8.62,18.11
2024/2025,Premier League,17/08/2024,15:00,Everton,Brighton,0,3,A,3.06,3.4,2.38
2024/2025,Premier League,17/08/2024,15:00,Newcastle,Southampton,1,0,H,1.39,5.27,7.33
2024/2025,Premier League,17/08/2024,15:00,Nott'm Forest,Bournemouth,1,1,D,2.25,3.44,3.23
2024/2025,Premier League,17/08/2024,17:30,West Ham,Aston Villa,1,2,A,2.47,3.51,2.83
2024/2025,Premier League,18/08/2024,14:00,Brentford,Crystal Palace,2,1,H,2.85,3.28,2.62
2024/2025,Premier League,18/08/2024,16:30,Chelsea,Man City,0,2,A,3.64,3.83,1.98
2024/2025,Premier League,19/08/2024,20:00,Leicester,Tottenham,1,1,D,4.57,4.23,1.71
2024/2025,Premier League,24/08/2024,12:30,Brighton,Man United,2,1,H,2.41,3.72,2.81
2024/2025,Premier League,24/08/2024,15:00,Crystal Palace,West Ham,0,2,A,1.98,3.78,3.72
2024/2025,Premier League,24/08/2024,15:00,Fulham,Leicester,2,1,H,1.88,3.71,4.21
2024/2025,Premier League,24/08/2024,15:00,Man City,Ipswich,4,1,H,1.09,11.44,27.5
2024/2025,Premier League,24/08/2024,15:00,Southampton,Nott'm Forest,0,1,A,2.36,3.48,3.04
2024/2025,Premier League,24/08/2024,15:00,Tottenham,Everton,4,0,H,1.37,5.39,7.91
2024/2025,Premier League,24/08/2024,17:30,Aston Villa,Arsenal,0,2,A,4.66,4.02,1.74
2024/2025,Premier League,25/08/2024,14:00,Bournemouth,Newcastle,1,1,D,2.57,3.65,2.64
2024/2025,Premier League,25/08/2024,14:00,Wolves,Chelsea,2,6,A,3.89,3.89,1.91
2024/2025,Premier League,25/08/2024,16:30,Liverpool,Brentford,2,0,H,1.22,7.19,11.82
2024/2025,Premier League,31/08/2024,12:30,Arsenal,Brighton,1,1,D,1.37,5.37,8
2024/2025,Premier League,31/08/2024,15:00,Brentford,Southampton,3,1,H,1.8,3.86,4.42
2024/2025,Premier League,31/08/2024,15:00,Everton,Bournemouth,2,3,A,2.96,3.45,2.43
2024/2025,Premier League,31/08/2024,15:00,Ipswich,Fulham,1,1,D,3.03,3.41,2.4
2024/2025,Premier League,31/08/2024,15:00,Leicester,Aston Villa,1,2,A,4,3.76,1.91
2024/2025,Premier League,31/08/2024,15:00,Nott'm Forest,Wolves,1,1,D,2,3.61,3.73
2024/2025,Premier League,31/08/2024,17:30,West Ham,Man City,1,3,A,7.32,5.14,1.4
2024/2025,Premier League,01/09/2024,13:30,Chelsea,Crystal Palace,1,1,D,1.65,4.3,4.97
2024/2025,Premier League,01/09/2024,13:30,Newcastle,Tottenham,2,1,H,2.46,3.89,2.64
2024/2025,Premier League,01/09/2024,16:00,Man United,Liverpool,0,3,A,3.56,4.04,1.95
2024/2025,Premier League,14/09/2024,12:30,Southampton,Man United,0,3,A,4.19,4.05,1.8
2024/2025,Premier League,14/09/2024,15:00,Brighton,Ipswich,0,0,D,1.48,4.7,6.48
2024/2025,Premier League,14/09/2024,15:00,Crystal Palace,Leicester,2,2,D,1.67,3.98,5.27
2024/2025,Premier League,14/09/2024,15:00,Fulham,West Ham,1,1,D,2.33,3.39,3.15
2024/2025,Premier League,14/09/2024,15:00,Liverpool,Nott'm Forest,0,1,A,1.23,6.75,11.99
2024/2025,Premier League,14/09/2024,15:00,Man City,Brentford,2,1,H,1.19,7.64,13.85
2024/2025,Premier League,14/09/2024,17:30,Aston Villa,Everton,3,2,H,1.68,3.94,5.24
2024/2025,Premier League,14/09/2024,20:00,Bournemouth,Chelsea,0,1,A,3.11,3.8,2.19
2024/2025,Premier League,15/09/2024,14:00,Tottenham,Arsenal,0,1,A,2.77,3.51,2.53
2024/2025,Premier League,15/09/2024,16:30,Wolves,Newcastle,1,2,A,3.59,3.69,2.04
2024/2025,Premier League,21/09/2024,12:30,West Ham,Chelsea,0,3,A,3.53,3.91,2
2024/2025,Premier League,21/09/2024,15:00,Aston Villa,Wolves,3,1,H,1.62,4.27,5.28
2024/2025,Premier League,21/09/2024,15:00,Fulham,Newcastle,3,1,H,2.89,3.51,2.45
2024/2025,Premier League,21/09/2024,15:00,Leicester,Everton,1,1,D,2.11,3.5,3.57
2024/2025,Premier League,21/09/2024,15:00,Liverpool,Bournemouth,3,0,H,1.26,6.7,10.38
2024/2025,Premier League,21/09/2024,15:00,Southampton,Ipswich,1,1,D,2.44,3.44,2.95
2024/2025,Premier League,21/09/2024,15:00,Tottenham,Brentford,3,1,H,1.47,4.99,6.19
2024/2025,Premier League,21/09/2024,17:30,Crystal Palace,Man United,0,0,D,2.85,3.58,2.44
2024/2025,Premier League,22/09/2024,14:00,Brighton,Nott'm Forest,2,2,D,1.84,3.75,4.33
2024/2025,Premier League,22/09/2024,16:30,Man City,Arsenal,2,2,D,1.78,3.58,4.98
2024/2025,Premier League,28/09/2024,12:30,Newcastle,Man City,1,1,D,4.95,4.2,1.67
2024/2025,Premier League,28/09/2024,15:00,Arsenal,Leicester,4,2,H,1.2,7.13,15.65
2024/2025,Premier League,28/09/2024,15:00,Brentford,West Ham,1,1,D,2.23,3.57,3.2
2024/2025,Premier League,28/09/2024,15:00,Chelsea,Brighton,4,2,H,1.77,4.18,4.26
2024/2025,Premier League,28/09/2024,15:00,Everton,Crystal Palace,2,1,H,2.75,3.34,2.65
2024/2025,Premier League,28/09/2024,15:00,Nott'm Forest,Fulham,0,1,A,2.54,3.17,3.03
2024/2025,Premier League,28/09/2024,17:30,Wolves,Liverpool,1,2,A,8.71,5.91,1.32
2024/2025,Premier League,29/09/2024,14:00,Ipswich,Aston Villa,2,2,D,3.65,3.58,2.06
2024/2025,Premier League,29/09/2024,16:30,Man United,Tottenham,0,3,A,2.11,3.86,3.24
2024/2025,Premier League,30/09/2024,20:00,Bournemouth,Southampton,3,1,H,1.52,4.52,6.1
2024/2025,Premier League,05/10/2024,12:30,Crystal Palace,Liverpool,0,1,A,5.03,4.1,1.67
2024/2025,Premier League,05/10/2024,15:00,Arsenal,Southampton,3,1,H,1.18,7.99,15.31
2024/2025,Premier League,05/10/2024,15:00,Brentford,Wolves,5,3,H,2.05,3.6,3.57
2024/2025,Premier League,05/10/2024,15:00,Leicester,Bournemouth,1,0,H,3.5,3.79,2.04
2024/2025,Premier League,05/10/2024,15:00,Man City,Fulham,3,2,H,1.26,6.4,10.93
2024/2025,Premier League,05/10/2024,15:00,West Ham,Ipswich,4,1,H,1.91,3.79,3.98
2024/2025,Premier League,05/10/2024,17:30,Everton,Newcastle,0,0,D,3.67,3.74,1.98
2024/2025,Premier League,06/10/2024,14:00,Aston Villa,Man United,0,0,D,2.2,3.86,3.06
2024/2025,Premier League,06/10/2024,14:00,Chelsea,Nott'm Forest,1,1,D,1.5,4.6,6.34
2024/2025,Premier League,06/10/2024,16:30,Brighton,Tottenham,3,2,H,2.89,3.93,2.27
2024/2025,Premier League,19/10/2024,12:30,Tottenham,West Ham,4,1,H,1.45,5.23,6.17
2024/2025,Premier League,19/10/2024,15:00,Fulham,Aston Villa,1,3,A,2.48,3.44,2.89
2024/2025,Premier League,19/10/2024,15:00,Ipswich,Everton,0,2,A,2.38,3.43,3.05
2024/2025,Premier League,19/10/2024,15:00,Man United,Brentford,2,1,H,1.69,4.27,4.72
2024/2025,Premier League,19/10/2024,15:00,Newcastle,Brighton,0,1,A,1.73,4.08,4.6
2024/2025,Premier League,19/10/2024,15:00,Southampton,Leicester,2,3,A,2.2,3.54,3.32
2024/2025,Premier League,19/10/2024,17:30,Bournemouth,Arsenal,2,0,H,4.85,3.73,1.77
2024/2025,Premier League,20/10/2024,14:00,Wolves,Man City,1,2,A,8.3,5.48,1.35
2024/2025,Premier League,20/10/2024,16:30,Liverpool,Chelsea,2,1,H,1.67,4.45,4.63
2024/2025,Premier League,21/10/2024,20:00,Nott'm Forest,Crystal Palace,1,0,H,2.36,3.26,3.23
2024/2025,Premier League,25/10/2024,20:00,Leicester,Nott'm Forest,1,3,A,2.96,3.35,2.45
2024/2025,Premier League,26/10/2024,15:00,Aston Villa,Bournemouth,1,1,D,1.81,3.93,4.32
2024/2025,Premier League,26/10/2024,15:00,Brentford,Ipswich,4,3,H,1.66,4.16,5.07
2024/2025,Premier League,26/10/2024,15:00,Brighton,Wolves,2,2,D,1.57,4.37,5.67
2024/2025,Premier League,26/10/2024,15:00,Man City,Southampton,1,0,H,1.12,10.03,20.56
2024/2025,Premier League,26/10/2024,17:30,Everton,Fulham,1,1,D,2.76,3.38,2.63
2024/2025,Premier League,27/10/2024,14:00,Chelsea,Newcastle,2,1,H,1.79,4.11,4.16
2024/2025,Premier League,27/10/2024,14:00,Crystal Palace,Tottenham,1,0,H,3.73,3.97,1.93
2024/2025,Premier League,27/10/2024,14:00,West Ham,Man United,2,1,H,3.3,3.69,2.15
2024/2025,Premier League,27/10/2024,16:30,Arsenal,Liverpool,2,2,D,2.26,3.38,3.32
2024/2025,Premier League,02/11/2024,12:30,Newcastle,Arsenal,1,0,H,3.99,3.61,1.95
2024/2025,Premier League,02/11/2024,15:00,Bournemouth,Man City,2,1,H,5.83,4.45,1.55
2024/2025,Premier League,02/11/2024,15:00,Ipswich,Leicester,1,1,D,2.36,3.59,2.97
2024/2025,Premier League,02/11/2024,15:00,Liverpool,Brighton,2,1,H,1.38,5.57,7.49
2024/2025,Premier League,02/11/2024,15:00,Nott'm Forest,West Ham,3,0,H,2.05,3.48,3.78
2024/2025,Premier League,02/11/2024,15:00,Southampton,Everton,1,0,H,2.7,3.32,2.71
2024/2025,Premier League,02/11/2024,17:30,Wolves,Crystal Palace,2,2,D,2.43,3.34,3.03
2024/2025,Premier League,03/11/2024,14:00,Tottenham,Aston Villa,4,1,H,1.94,4.02,3.61
2024/2025,Premier League,03/11/2024,16:30,Man United,Chelsea,1,1,D,2.65,3.6,2.58
2024/2025,Premier League,04/11/2024,20:00,Fulham,Brentford,2,1,H,2.02,3.74,3.62
2024/2025,Premier League,09/11/2024,15:00,Brentford,Bournemouth,3,2,H,2.6,3.58,2.66
2024/2025,Premier League,09/11/2024,15:00,Crystal Palace,Fulham,0,2,A,3.35,3.34,2.26
2024/2025,Premier League,09/11/2024,15:00,West Ham,Everton,0,0,D,2.16,3.44,3.49
2024/2025,Premier League,09/11/2024,15:00,Wolves,Southampton,2,0,H,1.92,3.79,3.93
2024/2025,Premier League,09/11/2024,17:30,Brighton,Man City,2,1,H,4.11,4.13,1.8
2024/2025,Premier League,09/11/2024,20:00,Liverpool,Aston Villa,2,0,H,1.48,4.74,6.41
2024/2025,Premier League,10/11/2024,14:00,Man United,Leicester,3,0,H,1.33,5.66,8.87
2024/2025,Premier League,10/11/2024,14:00,Nott'm Forest,Newcastle,1,3,A,2.76,3.3,2.67
2024/2025,Premier League,10/11/2024,14:00,Tottenham,Ipswich,1,2,A,1.25,6.71,10.56
2024/2025,Premier League,10/11/2024,16:30,Chelsea,Arsenal,1,1,D,3.01,3.41,2.41
2024/2025,Premier League,23/11/2024,12:30,Leicester,Chelsea,1,2,A,6.91,4.84,1.45
2024/2025,Premier League,23/11/2024,15:00,Arsenal,Nott'm Forest,3,0,H,1.41,4.75,8.43
2024/2025,Premier League,23/11/2024,15:00,Aston Villa,Crystal Palace,2,2,D,1.73,3.83,4.95
2024/2025,Premier League,23/11/2024,15:00,Bournemouth,Brighton,1,2,A,2.46,3.56,2.84
2024/2025,Premier League,23/11/2024,15:00,Everton,Brentford,0,0,D,2.36,3.38,3.13
2024/2025,Premier League,23/11/2024,15:00,Fulham,Wolves,1,4,A,1.55,4.44,5.85
2024/2025,Premier League,23/11/2024,17:30,Man City,Tottenham,0,4,A,1.41,5.35,6.94
2024/2025,Premier League,24/11/2024,14:00,Southampton,Liverpool,2,3,A,9.12,5.7,1.32
2024/2025,Premier League,24/11/2024,16:30,Ipswich,Man United,1,1,D,5.06,4.09,1.67
2024/2025,Premier League,25/11/2024,20:00,Newcastle,West Ham,0,2,A,1.47,4.8,6.5
2024/2025,Premier League,29/11/2024,20:00,Brighton,Southampton,1,1,D,1.39,5.45,7.29
2024/2025,Premier League,30/11/2024,15:00,Brentford,Leicester,4,1,H,1.61,4.33,5.27
2024/2025,Premier League,30/11/2024,15:00,Crystal Palace,Newcastle,1,1,D,3.25,3.48,2.24
2024/2025,Premier League,30/11/2024,15:00,Nott'm Forest,Ipswich,1,0,H,1.72,3.95,4.86
2024/2025,Premier League,30/11/2024,15:00,Wolves,Bournemouth,2,4,A,2.71,3.47,2.62
2024/2025,Premier League,30/11/2024,17:30,West Ham,Arsenal,2,5,A,7.37,4.78,1.44
2024/2025,Premier League,01/12/2024,13:30,Chelsea,Aston Villa,3,0,H,1.72,4.08,4.66
2024/2025,Premier League,01/12/2024,13:30,Man United,Everton,4,0,H,1.62,4.05,5.68
2024/2025,Premier League,01/12/2024,13:30,Tottenham,Fulham,1,1,D,1.95,4.07,3.56
2024/2025,Premier League,01/12/2024,16:00,Liverpool,Man City,2,0,H,2.04,3.76,3.5
2024/2025,Premier League,03/12/2024,19:30,Ipswich,Crystal Palace,0,1,A,3.27,3.36,2.29
2024/2025,Premier League,03/12/2024,20:15,Leicester,West Ham,3,1,H,2.99,3.47,2.38
2024/2025,Premier League,04/12/2024,19:30,Everton,Wolves,4,0,H,2.11,3.35,3.74
2024/2025,Premier League,04/12/2024,19:30,Man City,Nott'm Forest,3,0,H,1.32,5.64,9.34
2024/2025,Premier League,04/12/2024,19:30,Newcastle,Liverpool,3,3,D,3.63,3.76,1.99
2024/2025,Premier League,04/12/2024,19:30,Southampton,Chelsea,1,5,A,8.74,5.8,1.32
2024/2025,Premier League,04/12/2024,20:15,Arsenal,Man United,2,0,H,1.45,4.84,6.86
2024/2025,Premier League,04/12/2024,20:15,Aston Villa,Brentford,3,1,H,1.69,4.11,4.89
2024/2025,Premier League,05/12/2024,19:30,Fulham,Brighton,3,1,H,2.6,3.58,2.66
2024/2025,Premier League,05/12/2024,20:15,Bournemouth,Tottenham,1,0,H,2.18,3.91,3.05
2024/2025,Premier League,07/12/2024,15:00,Aston Villa,Southampton,1,0,H,1.32,5.67,9.15
2024/2025,Premier League,07/12/2024,15:00,Brentford,Newcastle,4,2,H,2.95,3.68,2.33
2024/2025,Premier League,07/12/2024,15:00,Crystal Palace,Man City,2,2,D,4.67,4,1.74
2024/2025,Premier League,07/12/2024,17:30,Man United,Nott'm Forest,2,3,A,1.68,3.93,5.09
2024/2025,Premier League,08/12/2024,14:00,Fulham,Arsenal,1,1,D,5.34,4.24,1.62
2024/2025,Premier League,08/12/2024,14:00,Ipswich,Bournemouth,1,2,A,3.81,3.83,1.93
2024/2025,Premier League,08/12/2024,14:00,Leicester,Brighton,2,2,D,4.92,4.22,1.67
2024/2025,Premier League,08/12/2024,16:30,Tottenham,Chelsea,3,4,A,2.9,3.98,2.24
2024/2025,Premier League,09/12/2024,20:00,West Ham,Wolves,2,1,H,1.82,3.88,4.24
2024/2025,Premier League,14/12/2024,15:00,Arsenal,Everton,0,0,D,1.23,6.39,12.72
2024/2025,Premier League,14/12/2024,15:00,Liverpool,Fulham,2,2,D,1.29,6.13,9.58
2024/2025,Premier League,14/12/2024,15:00,Newcastle,Leicester,4,0,H,1.29,6.18,9.42
2024/2025,Premier League,14/12/2024,15:00,Wolves,Ipswich,1,2,A,1.98,3.64,3.77
2024/2025,Premier League,14/12/2024,17:30,Nott'm Forest,Aston Villa,2,1,H,2.71,3.19,2.76
2024/2025,Premier League,15/12/2024,14:00,Brighton,Crystal Palace,1,3,A,1.9,3.69,4.05
2024/2025,Premier League,15/12/2024,16:30,Man City,Man United,1,2,A,1.54,4.79,5.5
2024/2025,Premier League,15/12/2024,19:00,Chelsea,Brentford,2,1,H,1.35,5.84,7.68
2024/2025,Premier League,15/12/2024,19:00,Southampton,Tottenham,0,5,A,3.98,4.42,1.77
2024/2025,Premier League,16/12/2024,20:00,Bournemouth,West Ham,1,1,D,1.74,4.18,4.41
2024/2025,Premier League,21/12/2024,12:30,Aston Villa,Man City,2,1,H,3.2,3.63,2.19
2024/2025,Premier League,21/12/2024,15:00,Brentford,Nott'm Forest,0,2,A,2.49,3.58,2.75
2024/2025,Premier League,21/12/2024,15:00,Ipswich,Newcastle,0,4,A,4.69,4.04,1.72
2024/2025,Premier League,21/12/2024,15:00,West Ham,Brighton,1,1,D,2.77,3.63,2.46
2024/2025,Premier League,21/12/2024,17:30,Crystal Palace,Arsenal,1,5,A,7.14,4.42,1.48
2024/2025,Premier League,22/12/2024,14:00,Everton,Chelsea,0,0,D,4.84,4.12,1.68
2024/2025,Premier League,22/12/2024,14:00,Fulham,Southampton,0,0,D,1.62,4.18,5.45
2024/2025,Premier League,22/12/2024,14:00,Leicester,Wolves,0,3,A,2.92,3.43,2.44
2024/2025,Premier League,22/12/2024,14:00,Man United,Bournemouth,0,3,A,1.86,3.75,4.2
2024/2025,Premier League,22/12/2024,16:30,Tottenham,Liverpool,3,6,A,4.69,4.57,1.64
2024/2025,Premier League,26/12/2024,12:30,Man City,Everton,1,1,D,1.34,5.41,8.72
2024/2025,Premier League,26/12/2024,15:00,Bournemouth,Crystal Palace,0,0,D,2.08,3.64,3.47
2024/2025,Premier League,26/12/2024,15:00,Chelsea,Fulham,1,2,A,1.46,4.92,6.28
2024/2025,Premier League,26/12/2024,15:00,Newcastle,Aston Villa,3,0,H,1.94,3.79,3.8
2024/2025,Premier League,26/12/2024,15:00,Nott'm Forest,Tottenham,1,0,H,2.16,3.91,3.07
2024/2025,Premier League,26/12/2024,15:00,Southampton,West Ham,0,1,A,3.08,3.52,2.29
2024/2025,Premier League,26/12/2024,17:30,Wolves,Man United,2,0,H,4.35,3.81,1.82
2024/2025,Premier League,26/12/2024,20:00,Liverpool,Leicester,3,1,H,1.08,12.79,27.21
2024/2025,Premier League,27/12/2024,19:30,Brighton,Brentford,0,0,D,1.62,4.5,4.89
2024/2025,Premier League,27/12/2024,20:15,Arsenal,Ipswich,1,0,H,1.14,8.78,18.59
2024/2025,Premier League,29/12/2024,14:30,Leicester,Man City,0,2,A,9.62,6.36,1.27
2024/2025,Premier League,29/12/2024,15:00,Crystal Palace,Southampton,2,1,H,1.53,4.34,6.2
2024/2025,Premier League,29/12/2024,15:00,Everton,Nott'm Forest,0,2,A,2.69,3.08,2.89
2024/2025,Premier League,29/12/2024,15:00,Fulham,Bournemouth,2,2,D,2.3,3.43,3.18
2024/2025,Premier League,29/12/2024,15:00,Tottenham,Wolves,2,2,D,1.66,4.53,4.58
2024/2025,Premier League,29/12/2024,17:15,West Ham,Liverpool,0,5,A,7.44,5.35,1.38
2024/2025,Premier League,30/12/2024,19:45,Aston Villa,Brighton,2,2,D,1.89,3.73,4.06
2024/2025,Premier League,30/12/2024,19:45,Ipswich,Chelsea,2,0,H,7.45,5.18,1.39
2024/2025,Premier League,30/12/2024,20:00,Man United,Newcastle,0,2,A,2.74,3.53,2.52
2024/2025,Premier League,01/01/2025,17:30,Brentford,Arsenal,1,3,A,5.87,4.46,1.54
2024/2025,Premier League,04/01/2025,12:30,Tottenham,Newcastle,1,2,A,3.81,4.5,1.79
2024/2025,Premier League,04/01/2025,15:00,Aston Villa,Leicester,2,1,H,1.33,5.63,8.49
2024/2025,Premier League,04/01/2025,15:00,Bournemouth,Everton,1,0,H,1.69,3.86,5.1
2024/2025,Premier League,04/01/2025,15:00,Crystal Palace,Chelsea,1,1,D,3.58,3.84,1.98
2024/2025,Premier League,04/01/2025,15:00,Man City,West Ham,4,1,H,1.24,6.97,10.25
2024/2025,Premier League,04/01/2025,15:00,Southampton,Brentford,0,5,A,3.33,3.58,2.15
2024/2025,Premier League,04/01/2025,17:30,Brighton,Arsenal,1,1,D,4.74,3.59,1.81
2024/2025,Premier League,05/01/2025,14:00,Fulham,Ipswich,2,2,D,1.56,4.16,6.02
2024/2025,Premier League,05/01/2025,16:30,Liverpool,Man United,2,2,D,1.36,5.42,7.9
2024/2025,Premier League,06/01/2025,20:00,Wolves,Nott'm Forest,0,3,A,3.86,3.46,2.01
2024/2025,Premier League,14/01/2025,19:30,Brentford,Man City,2,2,D,5.16,4.47,1.6
2024/2025,Premier League,14/01/2025,19:30,Chelsea,Bournemouth,2,2,D,1.52,4.75,5.54
2024/2025,Premier League,14/01/2025,19:30,West Ham,Fulham,3,2,H,3.07,3.3,2.42
2024/2025,Premier League,14/01/2025,20:00,Nott'm Forest,Liverpool,1,1,D,5.37,4.2,1.61
2024/2025,Premier League,15/01/2025,19:30,Everton,Aston Villa,0,1,A,3.48,3.11,2.29
2024/2025,Premier League,15/01/2025,19:30,Leicester,Crystal Palace,0,2,A,3.93,3.61,1.95
2024/2025,Premier League,15/01/2025,19:30,Newcastle,Wolves,3,0,H,1.37,5.26,7.88
2024/2025,Premier League,15/01/2025,20:00,Arsenal,Tottenham,2,1,H,1.38,5.31,7.55
2024/2025,Premier League,16/01/2025,19:30,Ipswich,Brighton,0,2,A,3.81,3.66,1.97
2024/2025,Premier League,16/01/2025,20:00,Man United,Southampton,3,1,H,1.28,5.94,10.77
2024/2025,Premier League,18/01/2025,12:30,Newcastle,Bournemouth,1,4,A,1.64,4.23,5.05
2024/2025,Premier League,18/01/2025,15:00,Brentford,Liverpool,0,2,A,6.04,4.97,1.48
2024/2025,Premier League,18/01/2025,15:00,Leicester,Fulham,0,2,A,4.5,3.74,1.8
2024/2025,Premier League,18/01/2025,15:00,West Ham,Crystal Palace,0,2,A,2.78,3.26,2.64
2024/2025,Premier League,18/01/2025,17:30,Arsenal,Aston Villa,2,2,D,1.57,4.14,6.06
2024/2025,Premier League,19/01/2025,14:00,Everton,Tottenham,3,2,H,2.57,3.39,2.79
2024/2025,Premier League,19/01/2025,14:00,Man United,Brighton,1,3,A,2.31,3.4,3.18
2024/2025,Premier League,19/01/2025,14:00,Nott'm Forest,Southampton,3,2,H,1.4,4.88,8.13
2024/2025,Premier League,19/01/2025,16:30,Ipswich,Man City,0,6,A,7.72,5.21,1.39
2024/2025,Premier League,20/01/2025,20:00,Chelsea,Wolves,3,1,H,1.43,5.16,6.64
2024/2025,Premier League,25/01/2025,15:00,Bournemouth,Nott'm Forest,5,0,H,1.99,3.64,3.77
2024/2025,Premier League,25/01/2025,15:00,Brighton,Everton,0,1,A,1.7,3.74,5.37
2024/2025,Premier League,25/01/2025,15:00,Liverpool,Ipswich,4,1,H,1.11,11.32,21.57
2024/2025,Premier League,25/01/2025,15:00,Southampton,Newcastle,1,3,A,6.48,4.91,1.46
2024/2025,Premier League,25/01/2025,15:00,Wolves,Arsenal,0,1,A,5.87,4.07,1.6
2024/2025,Premier League,25/01/2025,17:30,Man City,Chelsea,3,1,H,2.34,3.8,2.84
2024/2025,Premier League,26/01/2025,14:00,Crystal Palace,Brentford,1,2,A,1.97,3.76,3.7
2024/2025,Premier League,26/01/2025,14:00,Tottenham,Leicester,1,2,A,1.51,4.92,5.58
2024/2025,Premier League,26/01/2025,16:30,Aston Villa,West Ham,1,1,D,1.47,4.75,6.52
2024/2025,Premier League,26/01/2025,19:00,Fulham,Man United,0,1,A,2.39,3.44,2.99
2024/2025,Premier League,01/02/2025,12:30,Nott'm Forest,Brighton,7,0,H,2.63,3.39,2.72
2024/2025,Premier League,01/02/2025,15:00,Bournemouth,Liverpool,0,2,A,4.51,4.22,1.71
2024/2025,Premier League,01/02/2025,15:00,Everton,Leicester,4,0,H,1.95,3.35,4.33
2024/2025,Premier League,01/02/2025,15:00,Ipswich,Southampton,1,2,A,1.92,3.64,4.01
2024/2025,Premier League,01/02/2025,15:00,Newcastle,Fulham,1,2,A,1.73,3.88,4.83
2024/2025,Premier League,01/02/2025,17:30,Wolves,Aston Villa,2,0,H,3.17,3.43,2.3
2024/2025,Premier League,02/02/2025,14:00,Brentford,Tottenham,0,2,A,2,4.12,3.34
2024/2025,Premier League,02/02/2025,14:00,Man United,Crystal Palace,0,2,A,1.79,3.63,4.74
2024/2025,Premier League,02/02/2025,16:30,Arsenal,Man City,5,1,H,1.91,3.93,3.81
2024/2025,Premier League,03/02/2025,20:00,Chelsea,West Ham,2,1,H,1.29,6.25,9.4
2024/2025,Premier League,12/02/2025,19:30,Everton,Liverpool,2,2,D,7.49,4.55,1.46
2024/2025,Premier League,14/02/2025,20:00,Brighton,Chelsea,3,0,H,2.93,3.66,2.36
2024/2025,Premier League,15/02/2025,12:30,Leicester,Arsenal,0,2,A,10.1,5.41,1.32
2024/2025,Premier League,15/02/2025,15:00,Aston Villa,Ipswich,1,1,D,1.43,4.94,7.18
2024/2025,Premier League,15/02/2025,15:00,Fulham,Nott'm Forest,2,1,H,2.16,3.44,3.5
2024/2025,Premier League,15/02/2025,15:00,Man City,Newcastle,4,0,H,2.07,4.02,3.26
2024/2025,Premier League,15/02/2025,15:00,Southampton,Bournemouth,1,3,A,6.02,4.73,1.51
2024/2025,Premier League,15/02/2025,15:00,West Ham,Brentford,0,1,A,2.38,3.65,2.88
2024/2025,Premier League,15/02/2025,17:30,Crystal Palace,Everton,1,2,A,2.02,3.18,4.36
2024/2025,Premier League,16/02/2025,14:00,Liverpool,Wolves,2,1,H,1.23,6.99,11.94
2024/2025,Premier League,16/02/2025,16:30,Tottenham,Man United,1,0,H,2.2,3.85,3.08
2024/2025,Premier League,19/02/2025,19:30,Aston Villa,Liverpool,2,2,D,3.83,3.98,1.9
2024/2025,Premier League,21/02/2025,20:00,Leicester,Brentford,0,4,A,3.66,3.84,1.98
2024/2025,Premier League,22/02/2025,12:30,Everton,Man United,2,2,D,2.65,3.13,2.92
2024/2025,Premier League,22/02/2025,15:00,Arsenal,West Ham,0,1,A,1.29,5.63,11.79
2024/2025,Premier League,22/02/2025,15:00,Bournemouth,Wolves,0,1,A,1.64,4.18,5.22
2024/2025,Premier League,22/02/2025,15:00,Fulham,Crystal Palace,0,2,A,2.08,3.46,3.72
2024/2025,Premier League,22/02/2025,15:00,Ipswich,Tottenham,1,4,A,3.38,3.8,2.07
2024/2025,Premier League,22/02/2025,15:00,Southampton,Brighton,0,4,A,5.7,4.5,1.56
2024/2025,Premier League,22/02/2025,17:30,Aston Villa,Chelsea,2,1,H,2.62,3.53,2.65
2024/2025,Premier League,23/02/2025,14:00,Newcastle,Nott'm Forest,4,3,H,1.91,3.84,3.89
2024/2025,Premier League,23/02/2025,16:30,Man City,Liverpool,0,2,A,3.14,3.82,2.19
2024/2025,Premier League,25/02/2025,19:30,Brighton,Bournemouth,2,1,H,1.98,3.87,3.64
2024/2025,Premier League,25/02/2025,19:30,Crystal Palace,Aston Villa,4,1,H,2.26,3.52,3.19
2024/2025,Premier League,25/02/2025,19:30,Wolves,Fulham,1,2,A,2.42,3.28,3.1
2024/2025,Premier League,25/02/2025,20:15,Chelsea,Southampton,4,0,H,1.17,8.31,16.08
2024/2025,Premier League,26/02/2025,19:30,Brentford,Everton,1,1,D,2.08,3.6,3.54
2024/2025,Premier League,26/02/2025,19:30,Man United,Ipswich,3,2,H,1.51,4.5,6.35
2024/2025,Premier League,26/02/2025,19:30,Nott'm Forest,Arsenal,0,0,D,4.23,3.45,1.94
2024/2025,Premier League,26/02/2025,19:30,Tottenham,Man City,0,1,A,3.88,4.29,1.82
2024/2025,Premier League,26/02/2025,20:15,Liverpool,Newcastle,2,0,H,1.37,5.47,7.71
2024/2025,Premier League,27/02/2025,20:00,West Ham,Leicester,2,0,H,1.77,3.77,4.77
2024/2025,Premier League,08/03/2025,12:30,Nott'm Forest,Man City,1,0,H,3.8,3.79,1.95
2024/2025,Premier League,08/03/2025,15:00,Brighton,Fulham,2,1,H,2.01,3.55,3.85
2024/2025,Premier League,08/03/2025,15:00,Crystal Palace,Ipswich,1,0,H,1.55,4.2,6.26
2024/2025,Premier League,08/03/2025,15:00,Liverpool,Southampton,3,1,H,1.11,10.91,23.99
2024/2025,Premier League,08/03/2025,17:30,Brentford,Aston Villa,0,1,A,2.16,3.88,3.15
2024/2025,Premier League,08/03/2025,20:00,Wolves,Everton,1,1,D,2.84,2.98,2.84
2024/2025,Premier League,09/03/2025,14:00,Chelsea,Leicester,1,0,H,1.23,6.96,12.22
2024/2025,Premier League,09/03/2025,14:00,Tottenham,Bournemouth,2,2,D,2.8,3.75,2.4
2024/2025,Premier League,09/03/2025,16:30,Man United,Arsenal,1,1,D,5.1,3.55,1.78
2024/2025,Premier League,10/03/2025,20:00,West Ham,Newcastle,0,1,A,3.35,3.49,2.2
2024/2025,Premier League,15/03/2025,15:00,Everton,West Ham,1,1,D,2.14,3.22,3.82
2024/2025,Premier League,15/03/2025,15:00,Ipswich,Nott'm Forest,2,4,A,3.99,3.56,1.96
2024/2025,Premier League,15/03/2025,15:00,Man City,Brighton,2,2,D,1.81,4.03,4.15
2024/2025,Premier League,15/03/2025,15:00,Southampton,Wolves,1,2,A,3.9,3.38,2.04
2024/2025,Premier League,15/03/2025,17:30,Bournemouth,Brentford,1,2,A,1.76,4.2,4.29
2024/2025,Premier League,16/03/2025,13:30,Arsenal,Chelsea,1,0,H,1.73,3.68,5.24
2024/2025,Premier League,16/03/2025,13:30,Fulham,Tottenham,2,0,H,1.85,3.94,4.04
2024/2025,Premier League,16/03/2025,19:00,Leicester,Man United,0,3,A,4.5,3.74,1.81
2024/2025,Premier League,01/04/2025,19:45,Arsenal,Fulham,2,1,H,1.49,4.16,7.46
2024/2025,Premier League,01/04/2025,19:45,Wolves,West Ham,1,0,H,2.37,3.25,3.21
2024/2025,Premier League,01/04/2025,20:00,Nott'm Forest,Man United,1,0,H,2.36,3.39,3.11
2024/2025,Premier League,02/04/2025,19:45,Bournemouth,Ipswich,1,2,A,1.39,5.13,7.75
2024/2025,Premier League,02/04/2025,19:45,Brighton,Aston Villa,0,3,A,2.35,3.49,3.03
2024/2025,Premier League,02/04/2025,19:45,Man City,Leicester,2,0,H,1.2,7.6,13.22
2024/2025,Premier League,02/04/2025,19:45,Newcastle,Brentford,2,1,H,1.67,4.32,4.68
2024/2025,Premier League,02/04/2025,19:45,Southampton,Crystal Palace,1,1,D,5.68,4.04,1.61
2024/2025,Premier League,02/04/2025,20:00,Liverpool,Everton,1,0,H,1.48,4.38,7.07
2024/2025,Premier League,03/04/2025,20:00,Chelsea,Tottenham,1,0,H,1.68,4.36,4.58
2024/2025,Premier League,05/04/2025,12:30,Everton,Arsenal,1,1,D,4.1,3.17,2.07
2024/2025,Premier League,05/04/2025,15:00,Crystal Palace,Brighton,2,1,H,2.53,3.39,2.81
2024/2025,Premier League,05/04/2025,15:00,Ipswich,Wolves,1,2,A,2.84,3.2,2.63
2024/2025,Premier League,05/04/2025,15:00,West Ham,Bournemouth,2,2,D,2.98,3.49,2.38
2024/2025,Premier League,05/04/2025,17:30,Aston Villa,Nott'm Forest,2,1,H,2.14,3.39,3.57
2024/2025,Premier League,06/04/2025,14:00,Brentford,Chelsea,0,0,D,2.89,3.57,2.41
2024/2025,Premier League,06/04/2025,14:00,Fulham,Liverpool,3,2,H,4.19,3.52,1.92
2024/2025,Premier League,06/04/2025,14:00,Tottenham,Southampton,3,1,H,1.37,5.41,7.68
2024/2025,Premier League,06/04/2025,16:30,Man United,Man City,0,0,D,3.39,3.67,2.11
2024/2025,Premier League,07/04/2025,20:00,Leicester,Newcastle,0,3,A,7.18,4.63,1.45
2024/2025,Premier League,12/04/2025,12:30,Man City,Crystal Palace,5,2,H,1.63,4.25,5.16
2024/2025,Premier League,12/04/2025,15:00,Brighton,Leicester,2,2,D,1.29,5.98,10.04
2024/2025,Premier League,12/04/2025,15:00,Nott'm Forest,Everton,0,1,A,1.97,3.34,4.21
2024/2025,Premier League,12/04/2025,15:00,Southampton,Aston Villa,0,3,A,6.1,4.55,1.52
2024/2025,Premier League,12/04/2025,17:30,Arsenal,Brentford,1,1,D,1.63,4.15,5.21
2024/2025,Premier League,13/04/2025,14:00,Chelsea,Ipswich,2,2,D,1.2,7.33,13.53
2024/2025,Premier League,13/04/2025,14:00,Liverpool,West Ham,2,1,H,1.28,5.9,10.63
2024/2025,Premier League,13/04/2025,14:00,Wolves,Tottenham,4,2,H,2.28,3.56,3.1
2024/2025,Premier League,13/04/2025,16:30,Newcastle,Man United,4,1,H,1.61,4.29,5.26
2024/2025,Premier League,14/04/2025,20:00,Bournemouth,Fulham,1,0,H,2.24,3.41,3.3
2024/2025,Premier League,16/04/2025,19:30,Newcastle,Crystal Palace,5,0,H,1.67,3.99,5.1
2024/2025,Premier League,19/04/2025,15:00,Brentford,Brighton,4,2,H,2.64,3.58,2.59
2024/2025,Premier League,19/04/2025,15:00,Crystal Palace,Bournemouth,0,0,D,2.57,3.49,2.72
2024/2025,Premier League,19/04/2025,15:00,Everton,Man City,0,2,A,4.06,3.64,1.91
2024/2025,Premier League,19/04/2025,15:00,West Ham,Southampton,1,1,D,1.6,4.3,5.37
2024/2025,Premier League,19/04/2025,17:30,Aston Villa,Newcastle,4,1,H,2.54,3.6,2.69
2024/2025,Premier League,20/04/2025,14:00,Fulham,Chelsea,1,2,A,3.07,3.57,2.3
2024/2025,Premier League,20/04/2025,14:00,Ipswich,Arsenal,0,4,A,9.07,5.12,1.35
2024/2025,Premier League,20/04/2025,14:00,Man United,Wolves,0,1,A,2.56,3.44,2.76
2024/2025,Premier League,20/04/2025,16:30,Leicester,Liverpool,0,1,A,11.84,6.92,1.22
2024/2025,Premier League,21/04/2025,20:00,Tottenham,Nott'm Forest,1,2,A,2.4,3.49,2.96
2024/2025,Premier League,22/04/2025,20:00,Man City,Aston Villa,2,1,H,1.91,3.92,3.84
2024/2025,Premier League,23/04/2025,20:00,Arsenal,Crystal Palace,2,2,D,1.4,4.77,8.6
2024/2025,Premier League,26/04/2025,12:30,Chelsea,Everton,1,0,H,1.44,4.79,7.31
2024/2025,Premier League,26/04/2025,15:00,Brighton,West Ham,3,2,H,1.78,3.96,4.36
2024/2025,Premier League,26/04/2025,15:00,Newcastle,Ipswich,3,0,H,1.17,8.08,15.61
2024/2025,Premier League,26/04/2025,15:00,Southampton,Fulham,1,2,A,5.15,4.08,1.65
2024/2025,Premier League,26/04/2025,15:00,Wolves,Leicester,3,0,H,1.53,4.39,6.11
2024/2025,Premier League,27/04/2025,14:00,Bournemouth,Man United,1,1,D,1.95,3.83,3.69
2024/2025,Premier League,27/04/2025,16:30,Liverpool,Tottenham,5,1,H,1.2,7.4,12.79
2024/2025,Premier League,01/05/2025,19:30,Nott'm Forest,Brentford,0,2,A,2.31,3.54,3.07
2024/2025,Premier League,02/05/2025,20:00,Man City,Wolves,1,0,H,1.34,5.42,9.09
2024/2025,Premier League,03/05/2025,12:30,Aston Villa,Fulham,1,0,H,1.86,3.75,4.18
2024/2025,Premier League,03/05/2025,15:00,Everton,Ipswich,2,2,D,1.56,4.28,5.91
2024/2025,Premier League,03/05/2025,15:00,Leicester,Southampton,2,0,H,2.42,3.55,2.87
2024/2025,Premier League,03/05/2025,17:30,Arsenal,Bournemouth,1,2,A,1.68,4.04,4.93
2024/2025,Premier League,04/05/2025,14:00,Brentford,Man United,4,3,H,1.65,4.36,4.79
2024/2025,Premier League,04/05/2025,14:00,Brighton,Newcastle,1,1,D,3.12,3.71,2.21
2024/2025,Premier League,04/05/2025,14:00,West Ham,Tottenham,1,1,D,1.86,3.93,3.97
2024/2025,Premier League,04/05/2025,16:30,Chelsea,Liverpool,3,1,H,2.35,3.71,2.86
2024/2025,Premier League,05/05/2025,20:00,Crystal Palace,Nott'm Forest,1,1,D,2.2,3.43,3.39
2024/2025,Premier League,10/05/2025,15:00,Fulham,Everton,1,3,A,1.76,3.68,4.89
2024/2025,Premier League,10/05/2025,15:00,Ipswich,Brentford,0,1,A,5.66,4.68,1.53
2024/2025,Premier League,10/05/2025,15:00,Southampton,Man City,0,0,D,13.84,7.49,1.19
2024/2025,Premier League,10/05/2025,15:00,Wolves,Brighton,0,2,A,2.98,3.34,2.45
2024/2025,Premier League,10/05/2025,17:30,Bournemouth,Aston Villa,0,1,A,2.58,3.53,2.68
2024/2025,Premier League,11/05/2025,12:00,Newcastle,Chelsea,2,0,H,2.24,3.75,3.03
2024/2025,Premier League,11/05/2025,14:15,Man United,West Ham,0,2,A,2.01,3.67,3.66
2024/2025,Premier League,11/05/2025,14:15,Nott'm Forest,Leicester,2,2,D,1.39,5.03,7.8
2024/2025,Premier League,11/05/2025,14:15,Tottenham,Crystal Palace,0,2,A,3.05,3.64,2.27
2024/2025,Premier League,11/05/2025,16:30,Liverpool,Arsenal,2,2,D,2.24,3.56,3.16
2024/2025,Premier League,16/05/2025,19:30,Aston Villa,Tottenham,2,0,H,1.26,6.66,10.21
2024/2025,Premier League,16/05/2025,20:15,Chelsea,Man United,1,0,H,1.57,4.53,5.46
2024/2025,Premier League,18/05/2025,12:00,Everton,Southampton,2,0,H,1.43,4.76,7.54
2024/2025,Premier League,18/05/2025,14:15,West Ham,Nott'm Forest,1,2,A,3,3.39,2.41
2024/2025,Premier League,18/05/2025,15:00,Brentford,Fulham,2,3,A,2.04,3.75,3.5
2024/2025,Premier League,18/05/2025,15:00,Leicester,Ipswich,2,0,H,2.27,3.67,3.04
2024/2025,Premier League,18/05/2025,16:30,Arsenal,Newcastle,1,0,H,1.9,3.76,3.99
2024/2025,Premier League,19/05/2025,20:00,Brighton,Liverpool,3,2,H,2.22,3.89,2.97
2024/2025,Premier League,20/05/2025,20:00,Crystal Palace,Wolves,4,2,H,2.37,3.31,3.12
2024/2025,Premier League,20/05/2025,20:00,Man City,Bournemouth,3,1,H,1.34,5.59,8.53
2024/2025,Premier League,25/05/2025,16:00,Bournemouth,Leicester,2,0,H,1.34,5.6,8.53
2024/2025,Premier League,25/05/2025,16:00,Fulham,Man City,0,2,A,6.06,4.53,1.52
2024/2025,Premier League,25/05/2025,16:00,Ipswich,West Ham,1,3,A,3.2,3.59,2.22
2024/2025,Premier League,25/05/2025,16:00,Liverpool,Crystal Palace,1,1,D,1.37,5.95,6.99
2024/2025,Premier League,25/05/2025,16:00,Man United,Aston Villa,2,0,H,4.74,4.29,1.67
2024/2025,Premier League,25/05/2025,16:00,Newcastle,Everton,0,1,A,1.27,6.18,10.88
2024/2025,Premier League,25/05/2025,16:00,Nott'm Forest,Chelsea,0,1,A,3.44,3.78,2.06
2024/2025,Premier League,25/05/2025,16:00,Southampton,Arsenal,1,2,A,11.73,6.4,1.25
2024/2025,Premier League,25/05/2025,16:00,Tottenham,Brighton,1,4,A,3.71,4.02,1.91
2024/2025,Premier League,25/05/2025,16:00,Wolves,Brentford,1,1,D,2.91,3.74,2.32
2025/2026,Premier League,15/08/2025,20:00,Liverpool,Bournemouth,4,2,H,1.29,6.02,8.68
2025/2026,Premier League,16/08/2025,12:30,Aston Villa,Newcastle,0,0,D,2.38,3.41,2.93
2025/2026,Premier League,16/08/2025,15:00,Brighton,Fulham,1,1,D,1.83,3.64,4.26
2025/2026,Premier League,16/08/2025,15:00,Sunderland,West Ham,3,0,H,3.4,3.17,2.25
2025/2026,Premier League,16/08/2025,15:00,Tottenham,Burnley,3,0,H,1.55,4.01,6.16
2025/2026,Premier League,16/08/2025,17:30,Wolves,Man City,0,4,A,6.24,4.32,1.51
2025/2026,Premier League,17/08/2025,14:00,Chelsea,Crystal Palace,0,0,D,1.82,3.72,4.26
2025/2026,Premier League,17/08/2025,14:00,Nott'm Forest,Brentford,3,1,H,1.91,3.44,4.16
2025/2026,Premier League,17/08/2025,16:30,Man United,Arsenal,0,1,A,3.79,3.7,1.93
2025/2026,Premier League,18/08/2025,20:00,Leeds,Everton,1,0,H,2.34,3.21,3.16
2025/2026,Premier League,22/08/2025,20:00,West Ham,Chelsea,1,5,A,4.75,3.82,1.72
2025/2026,Premier League,23/08/2025,12:30,Man City,Tottenham,0,2,A,1.54,4.53,5.46
2025/2026,Premier League,23/08/2025,15:00,Bournemouth,Wolves,1,0,H,1.8,3.74,4.32
2025/2026,Premier League,23/08/2025,15:00,Brentford,Aston Villa,1,0,H,3.25,3.45,2.18
2025/2026,Premier League,23/08/2025,15:00,Burnley,Sunderland,2,0,H,2.38,3.11,3.22
2025/2026,Premier League,23/08/2025,17:30,Arsenal,Leeds,5,0,H,1.33,5.36,8.94
2025/2026,Premier League,24/08/2025,14:00,Crystal Palace,Nott'm Forest,1,1,D,2.39,3.24,3.06
2025/2026,Premier League,24/08/2025,14:00,Everton,Brighton,2,0,H,2.9,3.34,2.43
2025/2026,Premier League,24/08/2025,16:30,Fulham,Man United,1,1,D,3.45,3.51,2.08
2025/2026,Premier League,25/08/2025,20:00,Newcastle,Liverpool,2,3,A,2.92,3.65,2.29
2025/2026,Premier League,30/08/2025,12:30,Chelsea,Fulham,2,0,H,1.67,3.93,5.03
2025/2026,Premier League,30/08/2025,15:00,Man United,Burnley,3,2,H,1.38,5.06,7.6
2025/2026,Premier League,30/08/2025,15:00,Sunderland,Brentford,2,1,H,3.1,3.25,2.35
2025/2026,Premier League,30/08/2025,15:00,Tottenham,Bournemouth,0,1,A,1.89,3.75,3.84
2025/2026,Premier League,30/08/2025,15:00,Wolves,Everton,2,3,A,3.33,3.11,2.32
2025/2026,Premier League,30/08/2025,17:30,Leeds,Newcastle,0,0,D,3.67,3.36,2.06
2025/2026,Premier League,31/08/2025,14:00,Brighton,Man City,2,1,H,3.47,3.64,2.03
2025/2026,Premier League,31/08/2025,14:00,Nott'm Forest,West Ham,0,3,A,1.65,4.01,4.98
2025/2026,Premier League,31/08/2025,16:30,Liverpool,Arsenal,1,0,H,2.37,3.33,3.01
2025/2026,Premier League,31/08/2025,19:00,Aston Villa,Crystal Palace,0,3,A,2.09,3.51,3.44
2025/2026,Premier League,13/09/2025,12:30,Arsenal,Nott'm Forest,3,0,H,1.41,4.78,7.48
2025/2026,Premier League,13/09/2025,15:00,Bournemouth,Brighton,2,1,H,2.42,3.51,2.82
2025/2026,Premier League,13/09/2025,15:00,Crystal Palace,Sunderland,0,0,D,1.68,3.65,5.41
2025/2026,Premier League,13/09/2025,15:00,Everton,Aston Villa,0,0,D,2.62,3.2,2.8
2025/2026,Premier League,13/09/2025,15:00,Fulham,Leeds,1,0,H,2.04,3.37,3.76
2025/2026,Premier League,13/09/2025,15:00,Newcastle,Wolves,1,0,H,1.36,5,8.48
2025/2026,Premier League,13/09/2025,17:30,West Ham,Tottenham,0,3,A,3.27,3.51,2.17
2025/2026,Premier League,13/09/2025,20:00,Brentford,Chelsea,2,2,D,4.21,3.72,1.83
2025/2026,Premier League,14/09/2025,14:00,Burnley,Liverpool,0,1,A,8.63,5.54,1.32
2025/2026,Premier League,14/09/2025,16:30,Man City,Man United,3,0,H,1.65,4.14,4.83
2025/2026,Premier League,20/09/2025,12:30,Liverpool,Everton,2,1,H,1.51,4.35,6.31
2025/2026,Premier League,20/09/2025,15:00,Brighton,Tottenham,2,2,D,2.17,3.63,3.14
2025/2026,Premier League,20/09/2025,15:00,Burnley,Nott'm Forest,1,1,D,3.41,3.31,2.18
2025/2026,Premier League,20/09/2025,15:00,West Ham,Crystal Palace,1,2,A,3.04,3.42,2.31
2025/2026,Premier League,20/09/2025,15:00,Wolves,Leeds,1,3,A,2.88,3.08,2.58
2025/2026,Premier League,20/09/2025,17:30,Man United,Chelsea,2,1,H,2.64,3.62,2.51
2025/2026,Premier League,20/09/2025,20:00,Fulham,Brentford,3,1,H,2.12,3.29,3.58
2025/2026,Premier League,21/09/2025,14:00,Bournemouth,Newcastle,0,0,D,2.38,3.29,3.02
2025/2026,Premier League,21/09/2025,14:00,Sunderland,Aston Villa,1,1,D,3.8,3.32,2.04
2025/2026,Premier League,21/09/2025,16:30,Arsenal,Man City,1,1,D,2.05,3.56,3.54
2025/2026,Premier League,27/09/2025,12:30,Brentford,Man United,3,1,H,3.3,3.74,2.07
2025/2026,Premier League,27/09/2025,15:00,Chelsea,Brighton,1,3,A,1.98,3.75,3.57
2025/2026,Premier League,27/09/2025,15:00,Crystal Palace,Liverpool,2,1,H,4.01,3.71,1.87
2025/2026,Premier League,27/09/2025,15:00,Leeds,Bournemouth,2,2,D,2.96,3.23,2.46
2025/2026,Premier League,27/09/2025,15:00,Man City,Burnley,5,1,H,1.19,7.02,14.17
2025/2026,Premier League,27/09/2025,17:30,Nott'm Forest,Sunderland,0,1,A,1.75,3.69,4.73
2025/2026,Premier League,27/09/2025,20:00,Tottenham,Wolves,1,1,D,1.53,4.27,6.05
2025/2026,Premier League,28/09/2025,14:00,Aston Villa,Fulham,3,1,H,2.25,3.24,3.34
2025/2026,Premier League,28/09/2025,16:30,Newcastle,Arsenal,1,2,A,3.4,3.26,2.21
2025/2026,Premier League,29/09/2025,20:00,Everton,West Ham,1,1,D,1.65,3.87,5.28
2025/2026,Premier League,03/10/2025,20:00,Bournemouth,Fulham,3,1,H,1.95,3.43,4.01
2025/2026,Premier League,04/10/2025,12:30,Leeds,Tottenham,1,2,A,2.75,3.35,2.55
2025/2026,Premier League,04/10/2025,15:00,Arsenal,West Ham,2,0,H,1.18,7.28,14.63
2025/2026,Premier League,04/10/2025,15:00,Man United,Sunderland,2,0,H,1.61,4.22,5.1
2025/2026,Premier League,04/10/2025,17:30,Chelsea,Liverpool,2,1,H,2.87,3.64,2.31
2025/2026,Premier League,05/10/2025,14:00,Aston Villa,Burnley,2,1,H,1.55,4.05,6.13
2025/2026,Premier League,05/10/2025,14:00,Everton,Crystal Palace,2,1,H,2.65,3.1,2.82
2025/2026,Premier League,05/10/2025,14:00,Newcastle,Nott'm Forest,2,0,H,1.51,4.42,6.06
2025/2026,Premier League,05/10/2025,14:00,Wolves,Brighton,1,1,D,3.46,3.53,2.08
2025/2026,Premier League,05/10/2025,16:30,Brentford,Man City,0,1,A,5.03,4.18,1.62
2025/2026,Premier League,18/10/2025,12:30,Nott'm Forest,Chelsea,0,3,A,3.07,3.43,2.27
2025/2026,Premier League,18/10/2025,15:00,Brighton,Newcastle,2,1,H,2.86,3.44,2.42
2025/2026,Premier League,18/10/2025,15:00,Burnley,Leeds,2,0,H,3.48,3.22,2.19
2025/2026,Premier League,18/10/2025,15:00,Crystal Palace,Bournemouth,3,3,D,2.13,3.39,3.44
2025/2026,Premier League,18/10/2025,15:00,Man City,Everton,2,0,H,1.44,4.46,7.29
2025/2026,Premier League,18/10/2025,15:00,Sunderland,Wolves,2,0,H,2.49,3.03,3.08
2025/2026,Premier League,18/10/2025,17:30,Fulham,Arsenal,0,1,A,6.77,4.18,1.5
2025/2026,Premier League,19/10/2025,14:00,Tottenham,Aston Villa,1,2,A,2.24,3.36,3.21
2025/2026,Premier League,19/10/2025,16:30,Liverpool,Man United,1,2,A,1.67,4.3,4.55
2025/2026,Premier League,20/10/2025,20:00,West Ham,Brentford,0,2,A,2.75,3.29,2.57
2025/2026,Premier League,24/10/2025,20:00,Leeds,West Ham,2,1,H,1.79,3.64,4.56
2025/2026,Premier League,25/10/2025,15:00,Chelsea,Sunderland,1,2,A,1.44,4.52,7.2
2025/2026,Premier League,25/10/2025,15:00,Newcastle,Fulham,2,1,H,1.6,3.99,5.62
2025/2026,Premier League,25/10/2025,17:30,Man United,Brighton,4,2,H,1.99,3.85,3.41
2025/2026,Premier League,25/10/2025,20:00,Brentford,Liverpool,3,2,H,3.92,4.01,1.82
2025/2026,Premier League,26/10/2025,14:00,Arsenal,Crystal Palace,1,0,H,1.38,4.91,8.08
2025/2026,Premier League,26/10/2025,14:00,Aston Villa,Man City,1,0,H,4.16,3.77,1.82
2025/2026,Premier League,26/10/2025,14:00,Bournemouth,Nott'm Forest,2,0,H,1.95,3.59,3.82
2025/2026,Premier League,26/10/2025,14:00,Wolves,Burnley,2,3,A,1.92,3.3,4.34
2025/2026,Premier League,26/10/2025,16:30,Everton,Tottenham,0,3,A,2.2,3.34,3.32
2025/2026,Premier League,01/11/2025,15:00,Brighton,Leeds,3,0,H,1.93,3.61,3.88
2025/2026,Premier League,01/11/2025,15:00,Burnley,Arsenal,0,2,A,13.66,5.78,1.24
2025/2026,Premier League,01/11/2025,15:00,Crystal Palace,Brentford,2,0,H,2.06,3.43,3.6
2025/2026,Premier League,01/11/2025,15:00,Fulham,Wolves,3,0,H,1.79,3.69,4.44
2025/2026,Premier League,01/11/2025,15:00,Nott'm Forest,Man United,2,2,D,3.27,3.63,2.12
2025/2026,Premier League,01/11/2025,17:30,Tottenham,Chelsea,0,1,A,3.02,3.44,2.31
2025/2026,Premier League,01/11/2025,20:00,Liverpool,Aston Villa,2,0,H,1.65,4.28,4.67
2025/2026,Premier League,02/11/2025,14:00,West Ham,Newcastle,3,1,H,4.99,4.08,1.64
2025/2026,Premier League,02/11/2025,16:30,Man City,Bournemouth,3,1,H,1.41,5.08,6.86
2025/2026,Premier League,03/11/2025,20:00,Sunderland,Everton,1,1,D,3.24,3.09,2.37
2025/2026,Premier League,08/11/2025,12:30,Tottenham,Man United,2,2,D,2.9,3.47,2.38
2025/2026,Premier League,08/11/2025,15:00,Everton,Fulham,2,0,H,2.31,3.21,3.23
2025/2026,Premier League,08/11/2025,15:00,West Ham,Burnley,3,2,H,1.86,3.56,4.23
2025/2026,Premier League,08/11/2025,17:30,Sunderland,Arsenal,2,2,D,7.33,4.23,1.46
2025/2026,Premier League,08/11/2025,20:00,Chelsea,Wolves,3,0,H,1.36,5.1,8.12
2025/2026,Premier League,09/11/2025,14:00,Aston Villa,Bournemouth,4,0,H,2.3,3.37,3.1
2025/2026,Premier League,09/11/2025,14:00,Brentford,Newcastle,3,1,H,2.83,3.38,2.47
2025/2026,Premier League,09/11/2025,14:00,Crystal Palace,Brighton,0,0,D,2.38,3.39,2.97
2025/2026,Premier League,09/11/2025,14:00,Nott'm Forest,Leeds,3,1,H,2.23,3.14,3.46
2025/2026,Premier League,09/11/2025,16:30,Man City,Liverpool,3,0,H,1.89,3.94,3.69
2025/2026,Premier League,22/11/2025,12:30,Burnley,Chelsea,0,2,A,5.46,4.14,1.58
2025/2026,Premier League,22/11/2025,15:00,Bournemouth,West Ham,2,2,D,1.67,3.97,4.95
2025/2026,Premier League,22/11/2025,15:00,Brighton,Brentford,2,1,H,2.1,3.44,3.47
2025/2026,Premier League,22/11/2025,15:00,Fulham,Sunderland,1,0,H,2.02,3.33,3.81
2025/2026,Premier League,22/11/2025,15:00,Liverpool,Nott'm Forest,0,3,A,1.45,4.6,6.58
2025/2026,Premier League,22/11/2025,15:00,Wolves,Crystal Palace,0,2,A,4.43,3.65,1.81
2025/2026,Premier League,22/11/2025,17:30,Newcastle,Man City,2,1,H,3.67,3.7,1.95
2025/2026,Premier League,23/11/2025,14:00,Leeds,Aston Villa,1,2,A,3.22,3.3,2.27
2025/2026,Premier League,23/11/2025,16:30,Arsenal,Tottenham,4,1,H,1.47,4.29,7.15
2025/2026,Premier League,24/11/2025,20:00,Man United,Everton,0,1,A,1.86,3.69,4.09
2025/2026,Premier League,29/11/2025,15:00,Brentford,Burnley,3,1,H,1.48,4.36,6.61
2025/2026,Premier League,29/11/2025,15:00,Man City,Leeds,3,2,H,1.22,6.58,11.56
2025/2026,Premier League,29/11/2025,15:00,Sunderland,Bournemouth,3,2,H,3.14,3.3,2.3
2025/2026,Premier League,29/11/2025,17:30,Everton,Newcastle,1,4,A,2.68,3.3,2.65
2025/2026,Premier League,29/11/2025,20:00,Tottenham,Fulham,1,2,A,2.34,3.35,3.04
2025/2026,Premier League,30/11/2025,12:00,Crystal Palace,Man United,1,2,A,2.07,3.6,3.4
2025/2026,Premier League,30/11/2025,14:05,Aston Villa,Wolves,1,0,H,1.46,4.46,6.83
2025/2026,Premier League,30/11/2025,14:05,Nott'm Forest,Brighton,0,2,A,2.85,3.29,2.51
2025/2026,Premier League,30/11/2025,14:05,West Ham,Liverpool,0,2,A,5.07,4.49,1.58
2025/2026,Premier League,30/11/2025,16:30,Chelsea,Arsenal,1,1,D,3.01,3.14,2.46
2025/2026,Premier League,02/12/2025,19:30,Bournemouth,Everton,0,1,A,2.17,3.4,3.34
2025/2026,Premier League,02/12/2025,19:30,Fulham,Man City,4,5,A,5.14,4.08,1.63
2025/2026,Premier League,02/12/2025,20:15,Newcastle,Tottenham,2,2,D,1.83,3.78,4.07
2025/2026,Premier League,03/12/2025,19:30,Arsenal,Brentford,2,0,H,1.43,4.53,7.43
2025/2026,Premier League,03/12/2025,19:30,Brighton,Aston Villa,3,4,A,2.25,3.42,3.17
2025/2026,Premier League,03/12/2025,19:30,Burnley,Crystal Palace,0,1,A,4.99,3.62,1.73
2025/2026,Premier League,03/12/2025,19:30,Wolves,Nott'm Forest,0,1,A,3.1,3.23,2.37
2025/2026,Premier League,03/12/2025,20:15,Leeds,Chelsea,3,1,H,3.94,3.45,1.95
2025/2026,Premier League,03/12/2025,20:15,Liverpool,Sunderland,1,1,D,1.35,5.25,7.98
2025/2026,Premier League,04/12/2025,20:00,Man United,West Ham,1,1,D,1.4,5.03,7.21
2025/2026,Premier League,06/12/2025,12:30,Aston Villa,Arsenal,2,1,H,4.18,3.47,1.9
2025/2026,Premier League,06/12/2025,15:00,Bournemouth,Chelsea,0,0,D,3.33,3.75,2.05
2025/2026,Premier League,06/12/2025,15:00,Everton,Nott'm Forest,3,0,H,2.08,3.28,3.72
2025/2026,Premier League,06/12/2025,15:00,Man City,Sunderland,3,0,H,1.25,6.18,10.59
2025/2026,Premier League,06/12/2025,15:00,Newcastle,Burnley,2,1,H,1.3,5.53,9.5
2025/2026,Premier League,06/12/2025,15:00,Tottenham,Brentford,2,0,H,2.42,3.35,2.9
2025/2026,Premier League,06/12/2025,17:30,Leeds,Liverpool,3,3,D,4.4,3.88,1.76
2025/2026,Premier League,07/12/2025,14:00,Brighton,West Ham,1,1,D,1.6,4.24,5.16
2025/2026,Premier League,07/12/2025,16:30,Fulham,Crystal Palace,1,2,A,2.49,3.32,2.85
2025/2026,Premier League,08/12/2025,20:00,Wolves,Man United,1,4,A,5.04,4.09,1.64
2025/2026,Premier League,13/12/2025,15:00,Chelsea,Everton,2,0,H,1.71,3.84,4.77
2025/2026,Premier League,13/12/2025,15:00,Liverpool,Brighton,2,0,H,1.74,3.98,4.37
2025/2026,Premier League,13/12/2025,17:30,Burnley,Fulham,2,3,A,3.88,3.41,1.99
2025/2026,Premier League,13/12/2025,20:00,Arsenal,Wolves,2,1,H,1.12,8.9,22.31
2025/2026,Premier League,14/12/2025,14:00,Crystal Palace,Man City,0,3,A,4.01,3.73,1.85
2025/2026,Premier League,14/12/2025,14:00,Nott'm Forest,Tottenham,3,0,H,2.62,3.31,2.7
2025/2026,Premier League,14/12/2025,14:00,Sunderland,Newcastle,1,0,H,3.41,3.35,2.16
2025/2026,Premier League,14/12/2025,14:00,West Ham,Aston Villa,2,3,A,3.31,3.42,2.18
2025/2026,Premier League,14/12/2025,16:30,Brentford,Leeds,1,1,D,2.14,3.25,3.56
2025/2026,Premier League,15/12/2025,20:00,Man United,Bournemouth,4,4,D,1.76,4.18,4.1
2025/2026,Premier League,20/12/2025,12:30,Newcastle,Chelsea,2,2,D,2.79,3.53,2.41
2025/2026,Premier League,20/12/2025,15:00,Bournemouth,Burnley,1,1,D,1.47,4.62,6.47
2025/2026,Premier League,20/12/2025,15:00,Brighton,Sunderland,0,0,D,1.83,3.65,4.27
2025/2026,Premier League,20/12/2025,15:00,Man City,West Ham,3,0,H,1.2,7.44,12.02
2025/2026,Premier League,20/12/2025,15:00,Wolves,Brentford,0,2,A,3.42,3.37,2.15
2025/2026,Premier League,20/12/2025,17:30,Tottenham,Liverpool,1,2,A,3.54,3.59,2.02
2025/2026,Premier League,20/12/2025,20:00,Everton,Arsenal,0,1,A,6.26,4.02,1.54
2025/2026,Premier League,20/12/2025,20:00,Leeds,Crystal Palace,4,1,H,2.83,3.06,2.66
2025/2026,Premier League,21/12/2025,16:30,Aston Villa,Man United,2,1,H,2.01,3.67,3.53
2025/2026,Premier League,22/12/2025,20:00,Fulham,Nott'm Forest,1,0,H,2.55,3.33,2.75
2025/2026,Premier League,26/12/2025,20:00,Man United,Newcastle,1,0,H,2.47,3.64,2.66
2025/2026,Premier League,27/12/2025,12:30,Nott'm Forest,Man City,1,2,A,5.17,4.16,1.61
2025/2026,Premier League,27/12/2025,15:00,Arsenal,Brighton,2,1,H,1.32,5.45,8.87
2025/2026,Premier League,27/12/2025,15:00,Brentford,Bournemouth,4,1,H,2.28,3.47,3.04
2025/2026,Premier League,27/12/2025,15:00,Burnley,Everton,0,0,D,3.66,3.1,2.18
2025/2026,Premier League,27/12/2025,15:00,Liverpool,Wolves,2,1,H,1.24,6.43,11.22
2025/2026,Premier League,27/12/2025,15:00,West Ham,Fulham,0,1,A,2.98,3.33,2.39
2025/2026,Premier League,27/12/2025,17:30,Chelsea,Aston Villa,1,2,A,1.77,3.94,4.23
2025/2026,Premier League,28/12/2025,14:00,Sunderland,Leeds,1,1,D,2.84,3.1,2.63
2025/2026,Premier League,28/12/2025,16:30,Crystal Palace,Tottenham,0,1,A,2.23,3.38,3.22
2025/2026,Premier League,30/12/2025,19:30,Burnley,Newcastle,1,3,A,5.71,4.12,1.56
2025/2026,Premier League,30/12/2025,19:30,Chelsea,Bournemouth,2,2,D,1.56,4.45,5.25
2025/2026,Premier League,30/12/2025,19:30,Nott'm Forest,Everton,0,2,A,1.9,3.37,4.29
2025/2026,Premier League,30/12/2025,19:30,West Ham,Brighton,2,2,D,3.32,3.59,2.1
2025/2026,Premier League,30/12/2025,20:15,Arsenal,Aston Villa,4,1,H,1.37,5.03,7.76
2025/2026,Premier League,30/12/2025,20:15,Man United,Wolves,1,1,D,1.37,5.04,7.63
2025/2026,Premier League,01/01/2026,17:30,Crystal Palace,Fulham,1,1,D,2.22,3.27,3.34
2025/2026,Premier League,01/01/2026,17:30,Liverpool,Leeds,0,0,D,1.47,4.45,6.68
2025/2026,Premier League,01/01/2026,20:00,Brentford,Tottenham,0,0,D,2.4,3.4,2.91
2025/2026,Premier League,01/01/2026,20:00,Sunderland,Man City,0,0,D,7.23,4.7,1.42
2025/2026,Premier League,03/01/2026,12:30,Aston Villa,Nott'm Forest,3,1,H,1.9,3.51,4.1
2025/2026,Premier League,03/01/2026,15:00,Brighton,Burnley,2,0,H,1.45,4.51,7
2025/2026,Premier League,03/01/2026,15:00,Wolves,West Ham,3,0,H,2.63,3.36,2.66
2025/2026,Premier League,03/01/2026,17:30,Bournemouth,Arsenal,2,3,A,5.95,4.43,1.51
2025/2026,Premier League,04/01/2026,12:30,Leeds,Man United,1,1,D,2.73,3.3,2.59
2025/2026,Premier League,04/01/2026,15:00,Everton,Brentford,2,4,A,2.46,3.16,3.01
2025/2026,Premier League,04/01/2026,15:00,Newcastle,Crystal Palace,2,0,H,1.68,3.93,4.9
2025/2026,Premier League,04/01/2026,15:00,Tottenham,Sunderland,1,1,D,1.97,3.39,3.95
2025/2026,Premier League,04/01/2026,15:15,Fulham,Liverpool,2,2,D,4.07,3.61,1.88
2025/2026,Premier League,04/01/2026,17:30,Man City,Chelsea,1,1,D,1.47,4.9,5.88
2025/2026,Premier League,06/01/2026,20:00,West Ham,Nott'm Forest,1,2,A,2.92,3.39,2.39
2025/2026,Premier League,07/01/2026,19:30,Bournemouth,Tottenham,3,2,H,2.17,3.51,3.21
2025/2026,Premier League,07/01/2026,19:30,Brentford,Sunderland,3,0,H,2.01,3.22,4.07
2025/2026,Premier League,07/01/2026,19:30,Crystal Palace,Aston Villa,0,0,D,2.99,3.33,2.38
2025/2026,Premier League,07/01/2026,19:30,Everton,Wolves,1,1,D,1.84,3.46,4.51
2025/2026,Premier League,07/01/2026,19:30,Fulham,Chelsea,2,1,H,3.61,3.56,2.01
2025/2026,Premier League,07/01/2026,19:30,Man City,Brighton,1,1,D,1.5,4.62,5.79
2025/2026,Premier League,07/01/2026,20:15,Burnley,Man United,2,2,D,4.8,3.76,1.72
2025/2026,Premier League,07/01/2026,20:15,Newcastle,Leeds,4,3,H,1.61,3.94,5.56
2025/2026,Premier League,08/01/2026,20:00,Arsenal,Liverpool,0,0,D,1.57,4.16,5.65
2025/2026,Premier League,17/01/2026,12:30,Man United,Man City,2,0,H,3.01,3.63,2.23
2025/2026,Premier League,17/01/2026,15:00,Chelsea,Brentford,2,0,H,1.86,3.78,3.93
2025/2026,Premier League,17/01/2026,15:00,Leeds,Fulham,1,0,H,2.31,3.34,3.1
2025/2026,Premier League,17/01/2026,15:00,Liverpool,Burnley,1,1,D,1.23,6.38,11.91
2025/2026,Premier League,17/01/2026,15:00,Sunderland,Crystal Palace,2,1,H,2.38,3.13,3.15
2025/2026,Premier League,17/01/2026,15:00,Tottenham,West Ham,1,2,A,1.84,3.72,4.13
2025/2026,Premier League,17/01/2026,17:30,Nott'm Forest,Arsenal,0,0,D,5.79,3.87,1.6
2025/2026,Premier League,18/01/2026,14:00,Wolves,Newcastle,0,0,D,4.5,3.98,1.72
2025/2026,Premier League,18/01/2026,16:30,Aston Villa,Everton,0,1,A,1.6,3.94,5.77
2025/2026,Premier League,19/01/2026,20:00,Brighton,Bournemouth,1,1,D,1.96,3.79,3.55
2025/2026,Premier League,24/01/2026,12:30,West Ham,Sunderland,3,1,H,2.21,3.32,3.28
2025/2026,Premier League,24/01/2026,15:00,Burnley,Tottenham,2,2,D,3.85,3.33,2.01
2025/2026,Premier League,24/01/2026,15:00,Fulham,Brighton,2,1,H,2.57,3.28,2.76
2025/2026,Premier League,24/01/2026,15:00,Man City,Wolves,2,0,H,1.3,5.63,9.5
2025/2026,Premier League,24/01/2026,17:30,Bournemouth,Liverpool,3,2,H,4.21,3.98,1.77
2025/2026,Premier League,25/01/2026,14:00,Brentford,Nott'm Forest,0,2,A,1.84,3.5,4.38
2025/2026,Premier League,25/01/2026,14:00,Crystal Palace,Chelsea,1,3,A,3.39,3.48,2.11
2025/2026,Premier League,25/01/2026,14:00,Newcastle,Aston Villa,0,2,A,2.15,3.53,3.26
2025/2026,Premier League,25/01/2026,16:30,Arsenal,Man United,2,3,A,1.54,4.32,5.69
2025/2026,Premier League,26/01/2026,20:00,Everton,Leeds,1,1,D,2.49,3.07,3.03
2025/2026,Premier League,31/01/2026,15:00,Brighton,Everton,1,1,D,1.91,3.47,4.08
2025/2026,Premier League,31/01/2026,15:00,Leeds,Arsenal,0,4,A,5.87,3.99,1.57
2025/2026,Premier League,31/01/2026,15:00,Wolves,Bournemouth,0,2,A,2.94,3.41,2.37
2025/2026,Premier League,31/01/2026,17:30,Chelsea,West Ham,3,2,H,1.59,4.34,5.11
2025/2026,Premier League,31/01/2026,20:00,Liverpool,Newcastle,4,1,H,1.64,4.22,4.78
2025/2026,Premier League,01/02/2026,14:00,Aston Villa,Brentford,0,1,A,2.3,3.32,3.13
2025/2026,Premier League,01/02/2026,14:00,Man United,Fulham,3,2,H,1.52,4.63,5.47
2025/2026,Premier League,01/02/2026,14:00,Nott'm Forest,Crystal Palace,1,1,D,2.09,3.22,3.73
2025/2026,Premier League,01/02/2026,16:30,Tottenham,Man City,2,2,D,4.98,4.01,1.65
2025/2026,Premier League,02/02/2026,20:00,Sunderland,Burnley,3,0,H,1.91,3.23,4.46
2025/2026,Premier League,06/02/2026,20:00,Leeds,Nott'm Forest,3,1,H,2.14,3.37,3.4
2025/2026,Premier League,07/02/2026,12:30,Man United,Tottenham,2,0,H,1.59,4.38,4.95
2025/2026,Premier League,07/02/2026,15:00,Arsenal,Sunderland,3,0,H,1.26,5.65,12.04
2025/2026,Premier League,07/02/2026,15:00,Bournemouth,Aston Villa,1,1,D,2.84,3.58,2.35
2025/2026,Premier League,07/02/2026,15:00,Burnley,West Ham,0,2,A,3.11,3.58,2.19
2025/2026,Premier League,07/02/2026,15:00,Fulham,Everton,1,2,A,2.13,3.41,3.4
2025/2026,Premier League,07/02/2026,15:00,Wolves,Chelsea,1,3,A,5.31,4.19,1.58
2025/2026,Premier League,07/02/2026,17:30,Newcastle,Brentford,2,3,A,1.92,3.7,3.77
2025/2026,Premier League,08/02/2026,14:00,Brighton,Crystal Palace,0,1,A,2.19,3.27,3.39
2025/2026,Premier League,08/02/2026,16:30,Liverpool,Man City,1,2,A,2.15,3.84,3.01
2025/2026,Premier League,10/02/2026,19:30,Chelsea,Leeds,2,2,D,1.51,4.4,6.03
2025/2026,Premier League,10/02/2026,19:30,Everton,Bournemouth,1,2,A,2.32,3.41,3
2025/2026,Premier League,10/02/2026,19:30,Tottenham,Newcastle,1,2,A,3,3.6,2.25
2025/2026,Premier League,10/02/2026,20:15,West Ham,Man United,1,1,D,4.47,4.15,1.69
2025/2026,Premier League,11/02/2026,19:30,Aston Villa,Brighton,1,0,H,2.06,3.69,3.34
2025/2026,Premier League,11/02/2026,19:30,Crystal Palace,Burnley,2,3,A,1.46,4.45,6.9
2025/2026,Premier League,11/02/2026,19:30,Man City,Fulham,3,0,H,1.37,5.23,7.38
2025/2026,Premier League,11/02/2026,19:30,Nott'm Forest,Wolves,0,0,D,1.73,3.79,4.66
2025/2026,Premier League,11/02/2026,20:15,Sunderland,Liverpool,0,1,A,4.45,3.83,1.75
2025/2026,Premier League,12/02/2026,20:00,Brentford,Arsenal,1,1,D,5.08,3.77,1.68
2025/2026,Premier League,18/02/2026,20:00,Wolves,Arsenal,2,2,D,12.35,5.93,1.24
2025/2026,Premier League,21/02/2026,15:00,Aston Villa,Leeds,1,1,D,1.82,3.68,4.18
2025/2026,Premier League,21/02/2026,15:00,Brentford,Brighton,0,2,A,2.25,3.39,3.13
2025/2026,Premier League,21/02/2026,15:00,Chelsea,Burnley,1,1,D,1.23,6.31,11.6
2025/2026,Premier League,21/02/2026,17:30,West Ham,Bournemouth,0,0,D,2.66,3.62,2.46
2025/2026,Premier League,21/02/2026,20:00,Man City,Newcastle,2,1,H,1.54,4.63,5.31
2025/2026,Premier League,22/02/2026,14:00,Crystal Palace,Wolves,1,0,H,1.77,3.71,4.44
2025/2026,Premier League,22/02/2026,14:00,Nott'm Forest,Liverpool,0,1,A,3.83,3.78,1.87
2025/2026,Premier League,22/02/2026,14:00,Sunderland,Fulham,1,3,A,2.85,3.18,2.55
2025/2026,Premier League,22/02/2026,16:30,Tottenham,Arsenal,1,4,A,7.2,4.35,1.45
2025/2026,Premier League,23/02/2026,20:00,Everton,Man United,0,1,A,3.52,3.62,1.99
2025/2026,Premier League,27/02/2026,20:00,Wolves,Aston Villa,2,0,H,4.6,3.74,1.74
2025/2026,Premier League,28/02/2026,12:30,Bournemouth,Sunderland,1,1,D,1.8,3.68,4.27
2025/2026,Premier League,28/02/2026,15:00,Burnley,Brentford,3,4,A,4.34,3.79,1.77
2025/2026,Premier League,28/02/2026,15:00,Liverpool,West Ham,5,2,H,1.41,4.98,6.69
2025/2026,Premier League,28/02/2026,15:00,Newcastle,Everton,2,3,A,1.78,3.73,4.34
2025/2026,Premier League,28/02/2026,17:30,Leeds,Man City,0,1,A,4.77,3.91,1.69
2025/2026,Premier League,01/03/2026,14:00,Brighton,Nott'm Forest,2,1,H,2.09,3.39,3.48
2025/2026,Premier League,01/03/2026,14:00,Fulham,Tottenham,2,1,H,2.02,3.66,3.45
2025/2026,Premier League,01/03/2026,14:00,Man United,Crystal Palace,2,1,H,1.51,4.35,5.95
2025/2026,Premier League,01/03/2026,16:30,Arsenal,Chelsea,2,1,H,1.5,4.36,6.05
2025/2026,Premier League,03/03/2026,19:30,Bournemouth,Brentford,0,0,D,2.5,3.56,2.65
2025/2026,Premier League,03/03/2026,19:30,Everton,Burnley,2,0,H,1.61,3.78,5.73
2025/2026,Premier League,03/03/2026,19:30,Leeds,Sunderland,0,1,A,1.81,3.51,4.51
2025/2026,Premier League,03/03/2026,20:15,Wolves,Liverpool,2,1,H,6.85,4.71,1.43
2025/2026,Premier League,04/03/2026,19:30,Aston Villa,Chelsea,1,4,A,2.64,3.48,2.54
2025/2026,Premier League,04/03/2026,19:30,Brighton,Arsenal,0,1,A,5.03,3.84,1.67
2025/2026,Premier League,04/03/2026,19:30,Fulham,West Ham,0,1,A,2.2,3.51,3.13
2025/2026,Premier League,04/03/2026,19:30,Man City,Nott'm Forest,2,2,D,1.39,4.83,7.62
2025/2026,Premier League,04/03/2026,20:15,Newcastle,Man United,2,1,H,2.56,3.62,2.52
2025/2026,Premier League,05/03/2026,20:00,Tottenham,Crystal Palace,1,3,A,2.44,3.37,2.83
2025/2026,Premier League,14/03/2026,15:00,Burnley,Bournemouth,0,0,D,3.92,3.93,1.82
2025/2026,Premier League,14/03/2026,15:00,Sunderland,Brighton,0,1,A,3.64,3.46,2.01
2025/2026,Premier League,14/03/2026,17:30,Arsenal,Everton,2,0,H,1.37,4.65,8.58
2025/2026,Premier League,14/03/2026,17:30,Chelsea,Newcastle,0,1,A,1.69,4.24,4.3
2025/2026,Premier League,14/03/2026,20:00,West Ham,Man City,1,1,D,4.81,4.16,1.63
2025/2026,Premier League,15/03/2026,14:00,Crystal Palace,Leeds,0,0,D,2.66,3.23,2.69
2025/2026,Premier League,15/03/2026,14:00,Man United,Aston Villa,3,1,H,1.69,4,4.56
2025/2026,Premier League,15/03/2026,14:00,Nott'm Forest,Fulham,0,0,D,2.29,3.31,3.13
2025/2026,Premier League,15/03/2026,16:30,Liverpool,Tottenham,1,1,D,1.3,5.87,8.24
2025/2026,Premier League,16/03/2026,20:00,Brentford,Wolves,2,2,D,1.53,4.29,5.78
2025/2026,Premier League,20/03/2026,20:00,Bournemouth,Man United,2,2,D,3.07,3.72,2.15
2025/2026,Premier League,21/03/2026,12:30,Brighton,Liverpool,2,1,H,3.05,3.62,2.19
2025/2026,Premier League,21/03/2026,15:00,Fulham,Burnley,3,1,H,1.52,4.29,5.92
2025/2026,Premier League,21/03/2026,17:30,Everton,Chelsea,3,0,H,3.15,3.43,2.22
2025/2026,Premier League,21/03/2026,20:00,Leeds,Brentford,0,0,D,2.35,3.41,2.95
2025/2026,Premier League,22/03/2026,12:00,Newcastle,Sunderland,1,2,A,1.53,4.2,5.83
2025/2026,Premier League,22/03/2026,14:15,Aston Villa,West Ham,2,0,H,1.73,3.79,4.55
2025/2026,Premier League,22/03/2026,14:15,Tottenham,Nott'm Forest,0,3,A,2.37,3.29,3
2025/2026,Premier League,10/04/2026,20:00,West Ham,Wolves,4,0,H,1.77,3.74,4.38
2025/2026,Premier League,11/04/2026,12:30,Arsenal,Bournemouth,1,2,A,1.47,4.47,6.4
2025/2026,Premier League,11/04/2026,15:00,Brentford,Everton,2,2,D,2.15,3.34,3.37
2025/2026,Premier League,11/04/2026,15:00,Burnley,Brighton,0,2,A,5.29,4.13,1.59
2025/2026,Premier League,11/04/2026,17:30,Liverpool,Fulham,2,0,H,1.71,4.06,4.38
2025/2026,Premier League,12/04/2026,14:00,Crystal Palace,Newcastle,2,1,H,2.91,3.3,2.42
2025/2026,Premier League,12/04/2026,14:00,Nott'm Forest,Aston Villa,1,1,D,2.35,3.32,2.99
2025/2026,Premier League,12/04/2026,14:00,Sunderland,Tottenham,1,0,H,2.75,3.31,2.53
2025/2026,Premier League,12/04/2026,16:30,Chelsea,Man City,0,3,A,3.48,3.89,1.94
2025/2026,Premier League,13/04/2026,20:00,Man United,Leeds,1,2,A,1.62,4.07,5.08
2025/2026,Premier League,18/04/2026,12:30,Brentford,Fulham,0,0,D,1.96,3.75,3.52
2025/2026,Premier League,18/04/2026,15:00,Leeds,Wolves,3,0,H,1.53,4.11,6.26
2025/2026,Premier League,18/04/2026,15:00,Newcastle,Bournemouth,1,2,A,2.18,3.67,3.04
2025/2026,Premier League,18/04/2026,17:30,Tottenham,Brighton,2,2,D,2.93,3.76,2.21
2025/2026,Premier League,18/04/2026,20:00,Chelsea,Man United,0,1,A,2.1,3.69,3.21
2025/2026,Premier League,19/04/2026,14:00,Aston Villa,Sunderland,4,3,H,1.73,3.66,4.8
2025/2026,Premier League,19/04/2026,14:00,Everton,Liverpool,1,2,A,3.2,3.33,2.24
2025/2026,Premier League,19/04/2026,14:00,Nott'm Forest,Burnley,4,1,H,1.46,4.39,6.84
2025/2026,Premier League,19/04/2026,16:30,Man City,Arsenal,2,1,H,1.84,3.59,4.22
2025/2026,Premier League,20/04/2026,20:00,Crystal Palace,West Ham,0,0,D,2.53,3.33,2.76
2025/2026,Premier League,21/04/2026,20:00,Brighton,Chelsea,3,0,H,2.28,3.43,3.01
2025/2026,Premier League,22/04/2026,20:00,Bournemouth,Leeds,2,2,D,1.83,3.78,4.02
2025/2026,Premier League,22/04/2026,20:00,Burnley,Man City,0,1,A,15.78,8.1,1.15
2025/2026,Premier League,24/04/2026,20:00,Sunderland,Nott'm Forest,0,5,A,2.66,3.1,2.75
2025/2026,Premier League,25/04/2026,12:30,Fulham,Aston Villa,1,0,H,2.43,3.55,2.7
2025/2026,Premier League,25/04/2026,15:00,Liverpool,Crystal Palace,3,1,H,1.56,4.37,5.21
2025/2026,Premier League,25/04/2026,15:00,West Ham,Everton,2,1,H,2.42,3.38,2.82
2025/2026,Premier League,25/04/2026,15:00,Wolves,Tottenham,0,1,A,4.62,4.17,1.64
2025/2026,Premier League,25/04/2026,17:30,Arsenal,Newcastle,1,0,H,1.38,4.87,7.59
2025/2026,Premier League,27/04/2026,20:00,Man United,Brentford,2,1,H,1.96,3.73,3.53
2025/2026,Premier League,01/05/2026,20:00,Leeds,Burnley,3,1,H,1.36,4.93,8.54
2025/2026,Premier League,02/05/2026,15:00,Brentford,West Ham,3,0,H,1.86,3.86,3.8
2025/2026,Premier League,02/05/2026,15:00,Newcastle,Brighton,3,1,H,2.66,3.6,2.46
2025/2026,Premier League,02/05/2026,15:00,Wolves,Sunderland,1,1,D,3.67,3.52,1.98
2025/2026,Premier League,02/05/2026,17:30,Arsenal,Fulham,3,0,H,1.45,4.42,7.02
2025/2026,Premier League,03/05/2026,14:00,Bournemouth,Crystal Palace,3,0,H,1.56,4.23,5.36
2025/2026,Premier League,03/05/2026,15:30,Man United,Liverpool,3,2,H,2.35,3.71,2.74
2025/2026,Premier League,03/05/2026,19:00,Aston Villa,Tottenham,1,2,A,2.24,3.54,2.99
2025/2026,Premier League,04/05/2026,15:00,Chelsea,Nott'm Forest,1,3,A,1.41,4.78,7.11
2025/2026,Premier League,04/05/2026,20:00,Everton,Man City,3,3,D,6.69,4.61,1.44
2025/2026,Premier League,09/05/2026,12:30,Liverpool,Chelsea,1,1,D,1.99,3.69,3.48
2025/2026,Premier League,09/05/2026,15:00,Brighton,Wolves,3,0,H,1.27,5.95,9.93
2025/2026,Premier League,09/05/2026,15:00,Fulham,Bournemouth,0,1,A,2.63,3.6,2.47
2025/2026,Premier League,09/05/2026,15:00,Sunderland,Man United,0,0,D,3.21,3.51,2.15
2025/2026,Premier League,09/05/2026,17:30,Man City,Brentford,3,0,H,1.34,5.57,7.32
2025/2026,Premier League,10/05/2026,14:00,Burnley,Aston Villa,2,2,D,6.34,4.42,1.48
2025/2026,Premier League,10/05/2026,14:00,Crystal Palace,Everton,2,2,D,2.78,3.25,2.54
2025/2026,Premier League,10/05/2026,14:00,Nott'm Forest,Newcastle,1,1,D,3.27,3.44,2.15
2025/2026,Premier League,10/05/2026,16:30,West Ham,Arsenal,0,1,A,5.83,4.14,1.54
2025/2026,Premier League,11/05/2026,20:00,Tottenham,Leeds,1,1,D,1.81,3.73,4.15
2025/2026,Premier League,13/05/2026,20:00,Man City,Crystal Palace,3,0,H,1.3,5.7,8.53
2025/2026,Premier League,15/05/2026,20:00,Aston Villa,Liverpool,4,2,H,2.68,3.42,2.5
2025/2026,Premier League,17/05/2026,12:30,Man United,Nott'm Forest,3,2,H,1.56,4.42,5.12
2025/2026,Premier League,17/05/2026,15:00,Brentford,Crystal Palace,2,2,D,1.72,3.9,4.41
2025/2026,Premier League,17/05/2026,15:00,Everton,Sunderland,1,3,A,1.84,3.58,4.13
2025/2026,Premier League,17/05/2026,15:00,Leeds,Brighton,1,0,H,3.43,3.48,2.04
2025/2026,Premier League,17/05/2026,15:00,Wolves,Fulham,1,1,D,4.03,3.63,1.84
2025/2026,Premier League,17/05/2026,17:30,Newcastle,West Ham,3,1,H,2.05,3.81,3.15
2025/2026,Premier League,18/05/2026,20:00,Arsenal,Burnley,1,0,H,1.09,10.11,22.69
2025/2026,Premier League,19/05/2026,19:30,Bournemouth,Man City,1,1,D,4.62,4.24,1.63
2025/2026,Premier League,19/05/2026,20:15,Chelsea,Tottenham,2,1,H,2.19,3.28,3.25
2025/2026,Premier League,24/05/2026,16:00,Brighton,Man United,0,3,A,1.87,4.08,3.49
2025/2026,Premier League,24/05/2026,16:00,Burnley,Wolves,1,1,D,2.39,3.42,2.82
2025/2026,Premier League,24/05/2026,16:00,Crystal Palace,Arsenal,1,2,A,3.97,3.66,1.86
2025/2026,Premier League,24/05/2026,16:00,Fulham,Newcastle,2,0,H,2.54,3.63,2.53
2025/2026,Premier League,24/05/2026,16:00,Liverpool,Brentford,1,1,D,1.77,4.06,3.96
2025/2026,Premier League,24/05/2026,16:00,Man City,Aston Villa,1,2,A,1.39,5.15,6.71
2025/2026,Premier League,24/05/2026,16:00,Nott'm Forest,Bournemouth,1,1,D,3.54,3.7,1.96
2025/2026,Premier League,24/05/2026,16:00,Sunderland,Chelsea,2,1,H,3.39,3.65,2.03
2025/2026,Premier League,24/05/2026,16:00,Tottenham,Everton,1,0,H,1.87,3.48,4.1
2025/2026,Premier League,24/05/2026,16:00,West Ham,Leeds,3,0,H,1.7,4.11,4.35
