fixture_key,competition,season,split,source_date,source_time,source_time_semantics,kickoff_utc,kickoff_utc_status,home_team,away_team,home_goals,away_goals,result,outcome_usage,avg_close_home,avg_close_draw,avg_close_away,close_source_class,open_price_status,goldbet_status,source_row_sha256
e58a3879985ebe9093695eeb,Eliteserien,2022,DEVELOPMENT,2022-04-02,15:00,MATCH_KICKOFF_TIME_TIMEZONE_NOT_STATED_BY_SOURCE,,NOT_VERIFIED_DO_NOT_INFER,HamKam,Lillestrom,2,2,D,EVALUATION_ONLY_JOIN_AFTER_PREMATCH_FEATURE_FREEZE,2.66,3.21,2.71,EXTERNAL_HISTORICAL_MARKET_BENCHMARK,NOT_AVAILABLE,NOT_GOLDBET,b942e16adcd1664065f622397e12aa32efd9e4620f10624fe204171d9da13284
a75cbffa224f0c63b027e671,Eliteserien,2022,DEVELOPMENT,2022-04-02,17:00,MATCH_KICKOFF_TIME_TIMEZONE_NOT_STATED_BY_SOURCE,,NOT_VERIFIED_DO_NOT_INFER,Molde,Valerenga,1,0,H,EVALUATION_ONLY_JOIN_AFTER_PREMATCH_FEATURE_FREEZE,1.78,3.94,4.15,EXTERNAL_HISTORICAL_MARKET_BENCHMARK,NOT_AVAILABLE,NOT_GOLDBET,eccad487019c7efb31c93a3222c6b004fce16d97434d25087f922091cf08547b
fd44df3b6d6a4b5eb831dc2c,Eliteserien,2022,DEVELOPMENT,2022-04-03,17:00,MATCH_KICKOFF_TIME_TIMEZONE_NOT_STATED_BY_SOURCE,,NOT_VERIFIED_DO_NOT_INFER,Aalesund,Kristiansund,1,0,H,EVALUATION_ONLY_JOIN_AFTER_PREMATCH_FEATURE_FREEZE,2.15,3.57,3.21,EXTERNAL_HISTORICAL_MARKET_BENCHMARK,NOT_AVAILABLE,NOT_GOLDBET,48a48180dfd6d712e313ec8fdcf191e5fb80aafec0ee5d07147362810ab2e67e
c7f906c49d54b3a88d3657fb,Eliteserien,2022,DEVELOPMENT,2022-04-03,17:00,MATCH_KICKOFF_TIME_TIMEZONE_NOT_STATED_BY_SOURCE,,NOT_VERIFIED_DO_NOT_INFER,Haugesund,Sandefjord,1,3,A,EVALUATION_ONLY_JOIN_AFTER_PREMATCH_FEATURE_FREEZE,1.98,3.37,3.92,EXTERNAL_HISTORICAL_MARKET_BENCHMARK,NOT_AVAILABLE,NOT_GOLDBET,43ca22f2fb61b316785c7081779882268e1bd74a492283d157b74585cb0bea03
7ee4351430cc7cf4efa4d898,Eliteserien,2022,DEVELOPMENT,2022-04-03,17:00,MATCH_KICKOFF_TIME_TIMEZONE_NOT_STATED_BY_SOURCE,,NOT_VERIFIED_DO_NOT_INFER,Jerv,Stromsgodset,1,0,H,EVALUATION_ONLY_JOIN_AFTER_PREMATCH_FEATURE_FREEZE,3.26,3.34,2.21,EXTERNAL_HISTORICAL_MARKET_BENCHMARK,NOT_AVAILABLE,NOT_GOLDBET,c0a231049cbad8d567fc8adca60245707807f16012b9a4b6db2650684359da9c
b2fa72797b6e6ead6ba85aa4,Eliteserien,2022,DEVELOPMENT,2022-04-03,17:00,MATCH_KICKOFF_TIME_TIMEZONE_NOT_STATED_BY_SOURCE,,NOT_VERIFIED_DO_NOT_INFER,Odd,Tromso,2,0,H,EVALUATION_ONLY_JOIN_AFTER_PREMATCH_FEATURE_FREEZE,2.27,3.14,3.35,EXTERNAL_HISTORICAL_MARKET_BENCHMARK,NOT_AVAILABLE,NOT_GOLDBET,3402d02cc40af133685fc28e2832d34439e3688934b092d1e104528f1286852d
0210da0f522bdbd252dc4ed9,Eliteserien,2022,DEVELOPMENT,2022-04-03,17:00,MATCH_KICKOFF_TIME_TIMEZONE_NOT_STATED_BY_SOURCE,,NOT_VERIFIED_DO_NOT_INFER,Sarpsborg 08,Viking,0,1,A,EVALUATION_ONLY_JOIN_AFTER_PREMATCH_FEATURE_FREEZE,2.33,3.41,3,EXTERNAL_HISTORICAL_MARKET_BENCHMARK,NOT_AVAILABLE,NOT_GOLDBET,036fc85f8eb2fc570780228f39d399d509b7c243a157919f02103a57472205b1
a28144acde3ca9f0bbeb5399,Eliteserien,2022,DEVELOPMENT,2022-04-03,19:00,MATCH_KICKOFF_TIME_TIMEZONE_NOT_STATED_BY_SOURCE,,NOT_VERIFIED_DO_NOT_INFER,Bodo/Glimt,Rosenborg,2,2,D,EVALUATION_ONLY_JOIN_AFTER_PREMATCH_FEATURE_FREEZE,1.45,4.49,6.86,EXTERNAL_HISTORICAL_MARKET_BENCHMARK,NOT_AVAILABLE,NOT_GOLDBET,2be8e07203de1236eefdecede45c59396d4e53dd62ecfa8806d75383d6a308d7
a71130dd5cef3d5bfe31e437,Eliteserien,2022,DEVELOPMENT,2022-04-09,15:00,MATCH_KICKOFF_TIME_TIMEZONE_NOT_STATED_BY_SOURCE,,NOT_VERIFIED_DO_NOT_INFER,Lillestrom,Jerv,4,0,H,EVALUATION_ONLY_JOIN_AFTER_PREMATCH_FEATURE_FREEZE,1.39,4.8,7.79,EXTERNAL_HISTORICAL_MARKET_BENCHMARK,NOT_AVAILABLE,NOT_GOLDBET,1dc2f3a476744b56ee2545c99ab7fe9fc1d1aea8890923f95c04f0e71d60ad7b
909f36449510a443638784b9,Eliteserien,2022,DEVELOPMENT,2022-04-10,17:00,MATCH_KICKOFF_TIME_TIMEZONE_NOT_STATED_BY_SOURCE,,NOT_VERIFIED_DO_NOT_INFER,Kristiansund,Sarpsborg 08,2,3,A,EVALUATION_ONLY_JOIN_AFTER_PREMATCH_FEATURE_FREEZE,2.28,3.35,3.1,EXTERNAL_HISTORICAL_MARKET_BENCHMARK,NOT_AVAILABLE,NOT_GOLDBET,0d81311352ae85e71231e1c01e9b09c97bd27fa7551cbac79d35ee2de2e31f4e
584e8857fc0e56617951dde1,Eliteserien,2022,DEVELOPMENT,2022-04-10,17:00,MATCH_KICKOFF_TIME_TIMEZONE_NOT_STATED_BY_SOURCE,,NOT_VERIFIED_DO_NOT_INFER,Rosenborg,Odd,1,0,H,EVALUATION_ONLY_JOIN_AFTER_PREMATCH_FEATURE_FREEZE,1.63,4.02,5.07,EXTERNAL_HISTORICAL_MARKET_BENCHMARK,NOT_AVAILABLE,NOT_GOLDBET,052fa90d1e6f99d2f1197b7a4d629ab06add9e5647abc9e5b57216a66248a0a6
08e1023121bc82e73c85bc16,Eliteserien,2022,DEVELOPMENT,2022-04-10,17:00,MATCH_KICKOFF_TIME_TIMEZONE_NOT_STATED_BY_SOURCE,,NOT_VERIFIED_DO_NOT_INFER,Sandefjord,Bodo/Glimt,1,2,A,EVALUATION_ONLY_JOIN_AFTER_PREMATCH_FEATURE_FREEZE,4.58,3.75,1.75,EXTERNAL_HISTORICAL_MARKET_BENCHMARK,NOT_AVAILABLE,NOT_GOLDBET,4814e7995bfed71d1aeed231d4910f4b6edf36b9a92ea296baaf5b20fba2331d
70e87df1b65e194324b71ad6,Eliteserien,2022,DEVELOPMENT,2022-04-10,17:00,MATCH_KICKOFF_TIME_TIMEZONE_NOT_STATED_BY_SOURCE,,NOT_VERIFIED_DO_NOT_INFER,Stromsgodset,Molde,1,3,A,EVALUATION_ONLY_JOIN_AFTER_PREMATCH_FEATURE_FREEZE,2.62,3.58,2.5,EXTERNAL_HISTORICAL_MARKET_BENCHMARK,NOT_AVAILABLE,NOT_GOLDBET,6995b26ce87bb15e494da90f48ea162dad5cb05460b630ecc3eedbc12261adf7
2a2729c7faaecc224adc1ce5,Eliteserien,2022,DEVELOPMENT,2022-04-10,17:00,MATCH_KICKOFF_TIME_TIMEZONE_NOT_STATED_BY_SOURCE,,NOT_VERIFIED_DO_NOT_INFER,Tromso,HamKam,2,1,H,EVALUATION_ONLY_JOIN_AFTER_PREMATCH_FEATURE_FREEZE,1.83,3.49,4.44,EXTERNAL_HISTORICAL_MARKET_BENCHMARK,NOT_AVAILABLE,NOT_GOLDBET,33f01f4cd7269dd7529347291a030e541687d463db745051e22c1201e5f77963
650f00035b99d8868ae0e789,Eliteserien,2022,DEVELOPMENT,2022-04-10,17:00,MATCH_KICKOFF_TIME_TIMEZONE_NOT_STATED_BY_SOURCE,,NOT_VERIFIED_DO_NOT_INFER,Valerenga,Haugesund,2,1,H,EVALUATION_ONLY_JOIN_AFTER_PREMATCH_FEATURE_FREEZE,1.66,3.91,4.96,EXTERNAL_HISTORICAL_MARKET_BENCHMARK,NOT_AVAILABLE,NOT_GOLDBET,602c877a926bc8181fd81c4d1fd0331df185e1e9ba582888d3b58c035a0e77ee
f5b0985fccffdd707f1add46,Eliteserien,2022,DEVELOPMENT,2022-04-10,19:00,MATCH_KICKOFF_TIME_TIMEZONE_NOT_STATED_BY_SOURCE,,NOT_VERIFIED_DO_NOT_INFER,Viking,Aalesund,1,0,H,EVALUATION_ONLY_JOIN_AFTER_PREMATCH_FEATURE_FREEZE,1.41,4.94,6.76,EXTERNAL_HISTORICAL_MARKET_BENCHMARK,NOT_AVAILABLE,NOT_GOLDBET,3a4df83a9eb9389372e05af1c64c63b8fef9dd569935ed746c664b0733777315
a5a56905152381c14323241e,Eliteserien,2022,DEVELOPMENT,2022-04-18,17:00,MATCH_KICKOFF_TIME_TIMEZONE_NOT_STATED_BY_SOURCE,,NOT_VERIFIED_DO_NOT_INFER,Aalesund,Tromso,2,2,D,EVALUATION_ONLY_JOIN_AFTER_PREMATCH_FEATURE_FREEZE,2.19,3.37,3.3,EXTERNAL_HISTORICAL_MARKET_BENCHMARK,NOT_AVAILABLE,NOT_GOLDBET,fe63ac2c27851ab63910743fb4550b6e5b3b4a23d003f7fae61420ff45f230e2
e6ac664fc89d231e3b8f8fb2,Eliteserien,2022,DEVELOPMENT,2022-04-18,17:00,MATCH_KICKOFF_TIME_TIMEZONE_NOT_STATED_BY_SOURCE,,NOT_VERIFIED_DO_NOT_INFER,HamKam,Sandefjord,3,0,H,EVALUATION_ONLY_JOIN_AFTER_PREMATCH_FEATURE_FREEZE,1.85,3.64,4.14,EXTERNAL_HISTORICAL_MARKET_BENCHMARK,NOT_AVAILABLE,NOT_GOLDBET,6e2f6587778faa16b295ee132d3e18622483de1bcc7ded89eafa5d651a5d0dff
06da8ebc9bb6f4054430a6b0,Eliteserien,2022,DEVELOPMENT,2022-04-18,17:00,MATCH_KICKOFF_TIME_TIMEZONE_NOT_STATED_BY_SOURCE,,NOT_VERIFIED_DO_NOT_INFER,Haugesund,Stromsgodset,0,1,A,EVALUATION_ONLY_JOIN_AFTER_PREMATCH_FEATURE_FREEZE,2.32,3.31,3.1,EXTERNAL_HISTORICAL_MARKET_BENCHMARK,NOT_AVAILABLE,NOT_GOLDBET,8346578cb1cf0fbce068b6b01f09718fa469f217ad11203f6a6b74f3c284db1b
1bee1b479b40844f53d69d65,Eliteserien,2022,DEVELOPMENT,2022-04-18,17:00,MATCH_KICKOFF_TIME_TIMEZONE_NOT_STATED_BY_SOURCE,,NOT_VERIFIED_DO_NOT_INFER,Jerv,Kristiansund,1,0,H,EVALUATION_ONLY_JOIN_AFTER_PREMATCH_FEATURE_FREEZE,2.82,3.33,2.48,EXTERNAL_HISTORICAL_MARKET_BENCHMARK,NOT_AVAILABLE,NOT_GOLDBET,98dd534e9036022d3428809a5b0e5ae6dc914f0fff65de55d8cc63bb8dbeb2cb
3f17c663b6944d9599286b75,Eliteserien,2022,DEVELOPMENT,2022-04-18,17:00,MATCH_KICKOFF_TIME_TIMEZONE_NOT_STATED_BY_SOURCE,,NOT_VERIFIED_DO_NOT_INFER,Molde,Lillestrom,1,2,A,EVALUATION_ONLY_JOIN_AFTER_PREMATCH_FEATURE_FREEZE,1.52,4.6,5.44,EXTERNAL_HISTORICAL_MARKET_BENCHMARK,NOT_AVAILABLE,NOT_GOLDBET,44659fa81672b6d6d6e4bd2c1422d3076c0f7b8efce67098d5ec6bc0e82cf5a9
8a57c73a770b42e711d0de7d,Eliteserien,2022,DEVELOPMENT,2022-04-18,17:00,MATCH_KICKOFF_TIME_TIMEZONE_NOT_STATED_BY_SOURCE,,NOT_VERIFIED_DO_NOT_INFER,Odd,Viking,2,1,H,EVALUATION_ONLY_JOIN_AFTER_PREMATCH_FEATURE_FREEZE,3.43,3.61,2.05,EXTERNAL_HISTORICAL_MARKET_BENCHMARK,NOT_AVAILABLE,NOT_GOLDBET,76ed22995739fd483e937e4e207b081734664673aba103d6f8cd3c4e56314d03
f0994f260e46f033fe62ac4a,Eliteserien,2022,DEVELOPMENT,2022-04-18,17:00,MATCH_KICKOFF_TIME_TIMEZONE_NOT_STATED_BY_SOURCE,,NOT_VERIFIED_DO_NOT_INFER,Sarpsborg 08,Rosenborg,1,1,D,EVALUATION_ONLY_JOIN_AFTER_PREMATCH_FEATURE_FREEZE,2.4,3.35,2.92,EXTERNAL_HISTORICAL_MARKET_BENCHMARK,NOT_AVAILABLE,NOT_GOLDBET,d09a0924e5a934a5331b36fa4800be2a36dca97b4d1d0c6e35ba1e8a61e8d41e
aca3322ec97c3a67791e5ed3,Eliteserien,2022,DEVELOPMENT,2022-04-18,19:00,MATCH_KICKOFF_TIME_TIMEZONE_NOT_STATED_BY_SOURCE,,NOT_VERIFIED_DO_NOT_INFER,Bodo/Glimt,Valerenga,5,1,H,EVALUATION_ONLY_JOIN_AFTER_PREMATCH_FEATURE_FREEZE,1.53,4.37,5.76,EXTERNAL_HISTORICAL_MARKET_BENCHMARK,NOT_AVAILABLE,NOT_GOLDBET,d4747e392afc8bb42beedd42d00bee3886e70da2c2876dd72990078f49ec4e63
1b8bbee266e819fab1fbaa20,Eliteserien,2022,DEVELOPMENT,2022-04-23,15:00,MATCH_KICKOFF_TIME_TIMEZONE_NOT_STATED_BY_SOURCE,,NOT_VERIFIED_DO_NOT_INFER,Odd,Aalesund,2,3,A,EVALUATION_ONLY_JOIN_AFTER_PREMATCH_FEATURE_FREEZE,2.01,3.62,3.55,EXTERNAL_HISTORICAL_MARKET_BENCHMARK,NOT_AVAILABLE,NOT_GOLDBET,8bcac3a4dd0318c5dbe814c1b8dd775b53350155eed13ce159ca5e2cfd1d8c74
052f94dde744afe90ffa51ab,Eliteserien,2022,DEVELOPMENT,2022-04-23,17:00,MATCH_KICKOFF_TIME_TIMEZONE_NOT_STATED_BY_SOURCE,,NOT_VERIFIED_DO_NOT_INFER,Stromsgodset,Sandefjord,0,5,A,EVALUATION_ONLY_JOIN_AFTER_PREMATCH_FEATURE_FREEZE,1.62,4.02,5.23,EXTERNAL_HISTORICAL_MARKET_BENCHMARK,NOT_AVAILABLE,NOT_GOLDBET,56e91258fbdf2deac25e65ab3c0303858752027a47efb2ec12d2652386c5fc1f
8d83eb1af9c323de518230fa,Eliteserien,2022,DEVELOPMENT,2022-04-24,17:00,MATCH_KICKOFF_TIME_TIMEZONE_NOT_STATED_BY_SOURCE,,NOT_VERIFIED_DO_NOT_INFER,Kristiansund,HamKam,2,2,D,EVALUATION_ONLY_JOIN_AFTER_PREMATCH_FEATURE_FREEZE,2.24,3.47,3.11,EXTERNAL_HISTORICAL_MARKET_BENCHMARK,NOT_AVAILABLE,NOT_GOLDBET,44011bbeff6ce7a8b752a8c659adebca721d49a736bf8da70044bce0a9e863a1
c3dfc39d9599b57286911f70,Eliteserien,2022,DEVELOPMENT,2022-04-24,17:00,MATCH_KICKOFF_TIME_TIMEZONE_NOT_STATED_BY_SOURCE,,NOT_VERIFIED_DO_NOT_INFER,Lillestrom,Haugesund,1,0,H,EVALUATION_ONLY_JOIN_AFTER_PREMATCH_FEATURE_FREEZE,1.58,4.1,5.46,EXTERNAL_HISTORICAL_MARKET_BENCHMARK,NOT_AVAILABLE,NOT_GOLDBET,7a0cd0a5efdb3f292815170ac6e2464a848ad5c0d05d7eb55eebec483845b6d6
29c77445fd55d52a1f9eb5af,Eliteserien,2022,DEVELOPMENT,2022-04-24,17:00,MATCH_KICKOFF_TIME_TIMEZONE_NOT_STATED_BY_SOURCE,,NOT_VERIFIED_DO_NOT_INFER,Tromso,Sarpsborg 08,2,5,A,EVALUATION_ONLY_JOIN_AFTER_PREMATCH_FEATURE_FREEZE,1.89,3.52,4.06,EXTERNAL_HISTORICAL_MARKET_BENCHMARK,NOT_AVAILABLE,NOT_GOLDBET,d4b80f1eefaba288af3d691a39e5536a3ca55fda0bece3bb8e541f1ac6aa2ba0
c36dec188c16e8a29823e7af,Eliteserien,2022,DEVELOPMENT,2022-04-24,17:00,MATCH_KICKOFF_TIME_TIMEZONE_NOT_STATED_BY_SOURCE,,NOT_VERIFIED_DO_NOT_INFER,Valerenga,Jerv,1,0,H,EVALUATION_ONLY_JOIN_AFTER_PREMATCH_FEATURE_FREEZE,1.3,5.61,9.32,EXTERNAL_HISTORICAL_MARKET_BENCHMARK,NOT_AVAILABLE,NOT_GOLDBET,a7c8a8b92cbe7a60945e21f6c8f01f50371e8255cf1346779732a8ed4f87c090
9489ba529373ac7bc20dfc21,Eliteserien,2022,DEVELOPMENT,2022-04-24,17:00,MATCH_KICKOFF_TIME_TIMEZONE_NOT_STATED_BY_SOURCE,,NOT_VERIFIED_DO_NOT_INFER,Viking,Bodo/Glimt,2,0,H,EVALUATION_ONLY_JOIN_AFTER_PREMATCH_FEATURE_FREEZE,2.28,3.68,2.87,EXTERNAL_HISTORICAL_MARKET_BENCHMARK,NOT_AVAILABLE,NOT_GOLDBET,4644ce92176b954b2cb77401d496f5d98198a08a6e003180537c637835bddad5
8139d5cee984ffe6f6ccef83,Eliteserien,2022,DEVELOPMENT,2022-04-24,19:00,MATCH_KICKOFF_TIME_TIMEZONE_NOT_STATED_BY_SOURCE,,NOT_VERIFIED_DO_NOT_INFER,Rosenborg,Molde,0,0,D,EVALUATION_ONLY_JOIN_AFTER_PREMATCH_FEATURE_FREEZE,2.29,3.53,2.95,EXTERNAL_HISTORICAL_MARKET_BENCHMARK,NOT_AVAILABLE,NOT_GOLDBET,0be8bcc3f27f0c3a8ee950e0ce8e10600984fbd5bf5a4452c3c18a6b222fd6f5
c8919001d1eedf99693d4abc,Eliteserien,2022,DEVELOPMENT,2022-04-28,19:00,MATCH_KICKOFF_TIME_TIMEZONE_NOT_STATED_BY_SOURCE,,NOT_VERIFIED_DO_NOT_INFER,Lillestrom,Aalesund,2,0,H,EVALUATION_ONLY_JOIN_AFTER_PREMATCH_FEATURE_FREEZE,1.74,3.81,4.48,EXTERNAL_HISTORICAL_MARKET_BENCHMARK,NOT_AVAILABLE,NOT_GOLDBET,62f915ceba65687e17c5c193c788ee0cdebf6fc9c1a564d6113dee439542fe71
b4c742d5ba6b9a2a0168078c,Eliteserien,2022,DEVELOPMENT,2022-04-30,17:00,MATCH_KICKOFF_TIME_TIMEZONE_NOT_STATED_BY_SOURCE,,NOT_VERIFIED_DO_NOT_INFER,Viking,Haugesund,5,1,H,EVALUATION_ONLY_JOIN_AFTER_PREMATCH_FEATURE_FREEZE,1.46,4.67,6.28,EXTERNAL_HISTORICAL_MARKET_BENCHMARK,NOT_AVAILABLE,NOT_GOLDBET,3abd67cfacc83b5fc3ecf0e6080b4b1bff4f1680bed57377a6011d1f46149e5c
0a7928ef2e0b6772c5a9ff08,Eliteserien,2022,DEVELOPMENT,2022-05-07,15:00,MATCH_KICKOFF_TIME_TIMEZONE_NOT_STATED_BY_SOURCE,,NOT_VERIFIED_DO_NOT_INFER,Sarpsborg 08,Odd,1,0,H,EVALUATION_ONLY_JOIN_AFTER_PREMATCH_FEATURE_FREEZE,1.75,3.85,4.47,EXTERNAL_HISTORICAL_MARKET_BENCHMARK,NOT_AVAILABLE,NOT_GOLDBET,f3be3c2a49ed8c99da7a12ea98c85c28590a656af92ddbd384da6399dc32a52f
51fd084bd318081d6e082525,Eliteserien,2022,DEVELOPMENT,2022-05-07,17:00,MATCH_KICKOFF_TIME_TIMEZONE_NOT_STATED_BY_SOURCE,,NOT_VERIFIED_DO_NOT_INFER,Molde,Viking,3,4,A,EVALUATION_ONLY_JOIN_AFTER_PREMATCH_FEATURE_FREEZE,2.08,3.76,3.2,EXTERNAL_HISTORICAL_MARKET_BENCHMARK,NOT_AVAILABLE,NOT_GOLDBET,61af529788e892c59748562635a7033821fdbd513ad4a4bacb32e5001dc7e204
1ff7ce1a56969214718b0886,Eliteserien,2022,DEVELOPMENT,2022-05-08,17:00,MATCH_KICKOFF_TIME_TIMEZONE_NOT_STATED_BY_SOURCE,,NOT_VERIFIED_DO_NOT_INFER,Bodo/Glimt,Lillestrom,1,1,D,EVALUATION_ONLY_JOIN_AFTER_PREMATCH_FEATURE_FREEZE,1.74,3.9,4.45,EXTERNAL_HISTORICAL_MARKET_BENCHMARK,NOT_AVAILABLE,NOT_GOLDBET,629216c49b4f282bc8ce5fc686e50936dc532719d218710695b18579207032c5
f5504eb68fed377f81d41015,Eliteserien,2022,DEVELOPMENT,2022-05-08,17:00,MATCH_KICKOFF_TIME_TIMEZONE_NOT_STATED_BY_SOURCE,,NOT_VERIFIED_DO_NOT_INFER,Haugesund,Kristiansund,2,0,H,EVALUATION_ONLY_JOIN_AFTER_PREMATCH_FEATURE_FREEZE,2,3.56,3.61,EXTERNAL_HISTORICAL_MARKET_BENCHMARK,NOT_AVAILABLE,NOT_GOLDBET,9b13ea600d180574d328017bca841a074473516782ef7ed13d3f238f47aa71c8
5de467064cfbc420eb99da82,Eliteserien,2022,DEVELOPMENT,2022-05-08,17:00,MATCH_KICKOFF_TIME_TIMEZONE_NOT_STATED_BY_SOURCE,,NOT_VERIFIED_DO_NOT_INFER,Jerv,Tromso,1,1,D,EVALUATION_ONLY_JOIN_AFTER_PREMATCH_FEATURE_FREEZE,3.31,3.36,2.19,EXTERNAL_HISTORICAL_MARKET_BENCHMARK,NOT_AVAILABLE,NOT_GOLDBET,de8f99f3f2d2ac1d385075dffd78fb9669872984b4e31b16d156d3efff7a4ef5
1476dc4908ef0495a20727a5,Eliteserien,2022,DEVELOPMENT,2022-05-08,17:00,MATCH_KICKOFF_TIME_TIMEZONE_NOT_STATED_BY_SOURCE,,NOT_VERIFIED_DO_NOT_INFER,Sandefjord,Valerenga,1,3,A,EVALUATION_ONLY_JOIN_AFTER_PREMATCH_FEATURE_FREEZE,2.59,3.49,2.6,EXTERNAL_HISTORICAL_MARKET_BENCHMARK,NOT_AVAILABLE,NOT_GOLDBET,3bd0c903bab07ce3f66f08f274dd1009b22ec26e64b708c385f71941c1773000
37cc5b89f01cedfcfd22a3ca,Eliteserien,2022,DEVELOPMENT,2022-05-08,17:00,MATCH_KICKOFF_TIME_TIMEZONE_NOT_STATED_BY_SOURCE,,NOT_VERIFIED_DO_NOT_INFER,Stromsgodset,Rosenborg,3,0,H,EVALUATION_ONLY_JOIN_AFTER_PREMATCH_FEATURE_FREEZE,2.82,3.39,2.46,EXTERNAL_HISTORICAL_MARKET_BENCHMARK,NOT_AVAILABLE,NOT_GOLDBET,a2a4157cb3b1b3003ab6e7968ba30cb0939efb4775bb3d45605d4538a958b986
4aabed18ea20fb6794a71d5c,Eliteserien,2022,DEVELOPMENT,2022-05-08,19:00,MATCH_KICKOFF_TIME_TIMEZONE_NOT_STATED_BY_SOURCE,,NOT_VERIFIED_DO_NOT_INFER,HamKam,Aalesund,0,0,D,EVALUATION_ONLY_JOIN_AFTER_PREMATCH_FEATURE_FREEZE,2.33,3.42,2.97,EXTERNAL_HISTORICAL_MARKET_BENCHMARK,NOT_AVAILABLE,NOT_GOLDBET,755f5f26ca47362f43bedb8c5517d1896f33d27e42c6197ad58eccf3b434b993
1c03a901c824f8a85f9a1155,Eliteserien,2022,DEVELOPMENT,2022-05-11,18:00,MATCH_KICKOFF_TIME_TIMEZONE_NOT_STATED_BY_SOURCE,,NOT_VERIFIED_DO_NOT_INFER,Molde,Odd,3,0,H,EVALUATION_ONLY_JOIN_AFTER_PREMATCH_FEATURE_FREEZE,1.38,5.16,7.09,EXTERNAL_HISTORICAL_MARKET_BENCHMARK,NOT_AVAILABLE,NOT_GOLDBET,ac547a261defaf63a552580b85ee7537680c645f201b84a821850f8c32c9c5d0
bc882efde60416623abe0a8b,Eliteserien,2022,DEVELOPMENT,2022-05-12,18:00,MATCH_KICKOFF_TIME_TIMEZONE_NOT_STATED_BY_SOURCE,,NOT_VERIFIED_DO_NOT_INFER,Tromso,Valerenga,1,0,H,EVALUATION_ONLY_JOIN_AFTER_PREMATCH_FEATURE_FREEZE,2.13,3.53,3.27,EXTERNAL_HISTORICAL_MARKET_BENCHMARK,NOT_AVAILABLE,NOT_GOLDBET,fa424ed677f97a391aa97045d1121ef8efe377a0f0685986bfbcbf127d21772f
4a82701d261073baadd5d25e,Eliteserien,2022,DEVELOPMENT,2022-05-12,18:00,MATCH_KICKOFF_TIME_TIMEZONE_NOT_STATED_BY_SOURCE,,NOT_VERIFIED_DO_NOT_INFER,Viking,Stromsgodset,0,0,D,EVALUATION_ONLY_JOIN_AFTER_PREMATCH_FEATURE_FREEZE,1.35,5.37,7.74,EXTERNAL_HISTORICAL_MARKET_BENCHMARK,NOT_AVAILABLE,NOT_GOLDBET,55857368a3a65966654447915392c65f909e5558cd8dda42b05f1be0c3a2a5c7
9a8425a0558ecb107dfc119c,Eliteserien,2022,DEVELOPMENT,2022-05-16,17:00,MATCH_KICKOFF_TIME_TIMEZONE_NOT_STATED_BY_SOURCE,,NOT_VERIFIED_DO_NOT_INFER,Aalesund,Molde,0,2,A,EVALUATION_ONLY_JOIN_AFTER_PREMATCH_FEATURE_FREEZE,2.96,3.53,2.28,EXTERNAL_HISTORICAL_MARKET_BENCHMARK,NOT_AVAILABLE,NOT_GOLDBET,312d43b7eeed3ff15fdcc53774def3b7a86010cdda576b7737009ca65f3e497d
f880a60f26a73da856a5a9bb,Eliteserien,2022,DEVELOPMENT,2022-05-16,17:00,MATCH_KICKOFF_TIME_TIMEZONE_NOT_STATED_BY_SOURCE,,NOT_VERIFIED_DO_NOT_INFER,Bodo/Glimt,Tromso,1,1,D,EVALUATION_ONLY_JOIN_AFTER_PREMATCH_FEATURE_FREEZE,1.63,3.93,5.26,EXTERNAL_HISTORICAL_MARKET_BENCHMARK,NOT_AVAILABLE,NOT_GOLDBET,c82b2c13503f5284bcc777842d5185bd7f710ba7ae23118546a1ef4c11a4c9c5
b3b6ef91bd97e7211e7aba03,Eliteserien,2022,DEVELOPMENT,2022-05-16,17:00,MATCH_KICKOFF_TIME_TIMEZONE_NOT_STATED_BY_SOURCE,,NOT_VERIFIED_DO_NOT_INFER,Kristiansund,Stromsgodset,0,3,A,EVALUATION_ONLY_JOIN_AFTER_PREMATCH_FEATURE_FREEZE,2.22,3.49,3.1,EXTERNAL_HISTORICAL_MARKET_BENCHMARK,NOT_AVAILABLE,NOT_GOLDBET,991029689bba9fd8dad077a9a031be13fc8c88839bf676294bd4e96834dca538
d597ad6b8edc3e3bdbbae7af,Eliteserien,2022,DEVELOPMENT,2022-05-16,17:00,MATCH_KICKOFF_TIME_TIMEZONE_NOT_STATED_BY_SOURCE,,NOT_VERIFIED_DO_NOT_INFER,Lillestrom,Sarpsborg 08,1,0,H,EVALUATION_ONLY_JOIN_AFTER_PREMATCH_FEATURE_FREEZE,2.09,3.51,3.41,EXTERNAL_HISTORICAL_MARKET_BENCHMARK,NOT_AVAILABLE,NOT_GOLDBET,48a56c47e2700c63183bef7d14454f69eee1a42268054cb088fc9efb4120db25
bf34b62d790310b77b9a59bb,Eliteserien,2022,DEVELOPMENT,2022-05-16,17:00,MATCH_KICKOFF_TIME_TIMEZONE_NOT_STATED_BY_SOURCE,,NOT_VERIFIED_DO_NOT_INFER,Odd,Haugesund,0,4,A,EVALUATION_ONLY_JOIN_AFTER_PREMATCH_FEATURE_FREEZE,1.99,3.6,3.6,EXTERNAL_HISTORICAL_MARKET_BENCHMARK,NOT_AVAILABLE,NOT_GOLDBET,fcd9af97c531efe48b9c8cceb3e0383977b91fa45bd7d26dfea11e3b0002f1a5
fa8cf54ac220ca579508fb45,Eliteserien,2022,DEVELOPMENT,2022-05-16,17:00,MATCH_KICKOFF_TIME_TIMEZONE_NOT_STATED_BY_SOURCE,,NOT_VERIFIED_DO_NOT_INFER,Rosenborg,Sandefjord,3,0,H,EVALUATION_ONLY_JOIN_AFTER_PREMATCH_FEATURE_FREEZE,1.35,5.21,8.17,EXTERNAL_HISTORICAL_MARKET_BENCHMARK,NOT_AVAILABLE,NOT_GOLDBET,e5ca9553c66bade6410099bfa817fe2d460b730aa806b861f5a1c42185341aaf
8ad31e7dc0f7950daea763c8,Eliteserien,2022,DEVELOPMENT,2022-05-16,17:00,MATCH_KICKOFF_TIME_TIMEZONE_NOT_STATED_BY_SOURCE,,NOT_VERIFIED_DO_NOT_INFER,Viking,Jerv,3,0,H,EVALUATION_ONLY_JOIN_AFTER_PREMATCH_FEATURE_FREEZE,1.14,8.25,16.42,EXTERNAL_HISTORICAL_MARKET_BENCHMARK,NOT_AVAILABLE,NOT_GOLDBET,ca9a3b8dfcaea8619e4331b6db2a821585955b77058fbe330edc24fb17d39989
809c6d93249351a4b908ccca,Eliteserien,2022,DEVELOPMENT,2022-05-16,19:00,MATCH_KICKOFF_TIME_TIMEZONE_NOT_STATED_BY_SOURCE,,NOT_VERIFIED_DO_NOT_INFER,Valerenga,HamKam,1,1,D,EVALUATION_ONLY_JOIN_AFTER_PREMATCH_FEATURE_FREEZE,1.65,3.93,5.05,EXTERNAL_HISTORICAL_MARKET_BENCHMARK,NOT_AVAILABLE,NOT_GOLDBET,d6ea7ab033c695e014e430213463cc37feb6f83bad5f1c95845fd3960216c02c
c33eabf8f0f1cd019bed6400,Eliteserien,2022,DEVELOPMENT,2022-05-21,15:00,MATCH_KICKOFF_TIME_TIMEZONE_NOT_STATED_BY_SOURCE,,NOT_VERIFIED_DO_NOT_INFER,Sandefjord,Lillestrom,1,4,A,EVALUATION_ONLY_JOIN_AFTER_PREMATCH_FEATURE_FREEZE,4.07,3.73,1.83,EXTERNAL_HISTORICAL_MARKET_BENCHMARK,NOT_AVAILABLE,NOT_GOLDBET,011e94213b77802d1f0c212c048817e29c6cfcb60945b8b47019bd079f2d55e3
fc952653c3bdca749b24eb01,Eliteserien,2022,DEVELOPMENT,2022-05-21,17:00,MATCH_KICKOFF_TIME_TIMEZONE_NOT_STATED_BY_SOURCE,,NOT_VERIFIED_DO_NOT_INFER,Molde,Kristiansund,2,1,H,EVALUATION_ONLY_JOIN_AFTER_PREMATCH_FEATURE_FREEZE,1.29,5.98,8.62,EXTERNAL_HISTORICAL_MARKET_BENCHMARK,NOT_AVAILABLE,NOT_GOLDBET,d3820851f5767ff7ee3bc8ed8c0038f6d475ba1a5b080de07f615ccec833c545
0da411fd5c6e645db7fe6cb3,Eliteserien,2022,DEVELOPMENT,2022-05-22,17:00,MATCH_KICKOFF_TIME_TIMEZONE_NOT_STATED_BY_SOURCE,,NOT_VERIFIED_DO_NOT_INFER,Haugesund,Bodo/Glimt,1,4,A,EVALUATION_ONLY_JOIN_AFTER_PREMATCH_FEATURE_FREEZE,4.28,3.78,1.78,EXTERNAL_HISTORICAL_MARKET_BENCHMARK,NOT_AVAILABLE,NOT_GOLDBET,ae2e5c0ffbe7c264c2dfaa8834852fb98efdc1724c1d9b5e17352d11eecb7099
0d98e0fdcc6be5229fe18fd7,Eliteserien,2022,DEVELOPMENT,2022-05-22,17:00,MATCH_KICKOFF_TIME_TIMEZONE_NOT_STATED_BY_SOURCE,,NOT_VERIFIED_DO_NOT_INFER,Jerv,Odd,0,1,A,EVALUATION_ONLY_JOIN_AFTER_PREMATCH_FEATURE_FREEZE,2.58,3.41,2.64,EXTERNAL_HISTORICAL_MARKET_BENCHMARK,NOT_AVAILABLE,NOT_GOLDBET,7d532b2965170b830b69fa6ab4ca4a48d8b64431e6631bb4c6a3624e0276b3b4
8b27e89ed72e13aee9e0cfa9,Eliteserien,2022,DEVELOPMENT,2022-05-22,17:00,MATCH_KICKOFF_TIME_TIMEZONE_NOT_STATED_BY_SOURCE,,NOT_VERIFIED_DO_NOT_INFER,Sarpsborg 08,Aalesund,1,2,A,EVALUATION_ONLY_JOIN_AFTER_PREMATCH_FEATURE_FREEZE,1.92,3.58,3.88,EXTERNAL_HISTORICAL_MARKET_BENCHMARK,NOT_AVAILABLE,NOT_GOLDBET,10d6bfcebfacbee1217502b24e90723451402670641e276911f5079b77fce9bf
a8acb58af8e202379b94f05c,Eliteserien,2022,DEVELOPMENT,2022-05-22,17:00,MATCH_KICKOFF_TIME_TIMEZONE_NOT_STATED_BY_SOURCE,,NOT_VERIFIED_DO_NOT_INFER,Stromsgodset,Valerenga,3,2,H,EVALUATION_ONLY_JOIN_AFTER_PREMATCH_FEATURE_FREEZE,2.32,3.56,2.87,EXTERNAL_HISTORICAL_MARKET_BENCHMARK,NOT_AVAILABLE,NOT_GOLDBET,7ae7af8b87efee0d4ef38f92e36692ef14043c4e3db030a366d80b2c496a044d
6e7b8b4bb6c6d9d2275c55e8,Eliteserien,2022,DEVELOPMENT,2022-05-22,17:00,MATCH_KICKOFF_TIME_TIMEZONE_NOT_STATED_BY_SOURCE,,NOT_VERIFIED_DO_NOT_INFER,Tromso,Viking,1,1,D,EVALUATION_ONLY_JOIN_AFTER_PREMATCH_FEATURE_FREEZE,2.35,3.38,2.96,EXTERNAL_HISTORICAL_MARKET_BENCHMARK,NOT_AVAILABLE,NOT_GOLDBET,28e3e7cec7e6d78a264f249708fdec6acdaa6e1b42bfed97aba97d527dd367a2
060b11a57476fe6c323d372c,Eliteserien,2022,DEVELOPMENT,2022-05-22,19:00,MATCH_KICKOFF_TIME_TIMEZONE_NOT_STATED_BY_SOURCE,,NOT_VERIFIED_DO_NOT_INFER,HamKam,Rosenborg,1,1,D,EVALUATION_ONLY_JOIN_AFTER_PREMATCH_FEATURE_FREEZE,2.89,3.42,2.37,EXTERNAL_HISTORICAL_MARKET_BENCHMARK,NOT_AVAILABLE,NOT_GOLDBET,42ce2d5e4038bef56718aa0b4df6d3e125ed3f62395095e46da6a63f30e7cd35
b53779e32a62d38a724acd88,Eliteserien,2022,DEVELOPMENT,2022-05-25,17:00,MATCH_KICKOFF_TIME_TIMEZONE_NOT_STATED_BY_SOURCE,,NOT_VERIFIED_DO_NOT_INFER,Aalesund,Jerv,2,1,H,EVALUATION_ONLY_JOIN_AFTER_PREMATCH_FEATURE_FREEZE,1.39,4.78,7.77,EXTERNAL_HISTORICAL_MARKET_BENCHMARK,NOT_AVAILABLE,NOT_GOLDBET,a442da8e6024f4864615227a1c664d0afac56c2dec0ea201f3220ffa97178a1b
425924833a2c8e341260f5ea,Eliteserien,2022,DEVELOPMENT,2022-05-25,17:00,MATCH_KICKOFF_TIME_TIMEZONE_NOT_STATED_BY_SOURCE,,NOT_VERIFIED_DO_NOT_INFER,Bodo/Glimt,Stromsgodset,2,2,D,EVALUATION_ONLY_JOIN_AFTER_PREMATCH_FEATURE_FREEZE,1.36,5.23,7.51,EXTERNAL_HISTORICAL_MARKET_BENCHMARK,NOT_AVAILABLE,NOT_GOLDBET,46e7b73378828514d2d1099fbf86b19c94309ef82ce38350436480e6dcdb60c3
83dc56300f07592a30e523d9,Eliteserien,2022,DEVELOPMENT,2022-05-25,17:00,MATCH_KICKOFF_TIME_TIMEZONE_NOT_STATED_BY_SOURCE,,NOT_VERIFIED_DO_NOT_INFER,Odd,Sandefjord,0,1,A,EVALUATION_ONLY_JOIN_AFTER_PREMATCH_FEATURE_FREEZE,1.88,3.76,3.85,EXTERNAL_HISTORICAL_MARKET_BENCHMARK,NOT_AVAILABLE,NOT_GOLDBET,3e427b524b0f3d3b5a7a0e456c88a9a3256c123b80fe74f21f36100b80c8e3df
36053e1288bebd7903c191eb,Eliteserien,2022,DEVELOPMENT,2022-05-25,17:00,MATCH_KICKOFF_TIME_TIMEZONE_NOT_STATED_BY_SOURCE,,NOT_VERIFIED_DO_NOT_INFER,Viking,HamKam,1,1,D,EVALUATION_ONLY_JOIN_AFTER_PREMATCH_FEATURE_FREEZE,1.31,5.55,8.82,EXTERNAL_HISTORICAL_MARKET_BENCHMARK,NOT_AVAILABLE,NOT_GOLDBET,3a7a1e81ac45e32f38793b24c489d7d22a879b628c3be1ff5ef54cf877c0a017
644018609b03545106d4d1e0,Eliteserien,2022,DEVELOPMENT,2022-05-25,19:00,MATCH_KICKOFF_TIME_TIMEZONE_NOT_STATED_BY_SOURCE,,NOT_VERIFIED_DO_NOT_INFER,Lillestrom,Valerenga,2,0,H,EVALUATION_ONLY_JOIN_AFTER_PREMATCH_FEATURE_FREEZE,1.86,3.67,3.94,EXTERNAL_HISTORICAL_MARKET_BENCHMARK,NOT_AVAILABLE,NOT_GOLDBET,794204a995630e5886347ab0b7d3da3154cb8cff0d27eb4883cbdf53ecdbad39
79093f7c5909bed88c4f6b60,Eliteserien,2022,DEVELOPMENT,2022-05-26,17:00,MATCH_KICKOFF_TIME_TIMEZONE_NOT_STATED_BY_SOURCE,,NOT_VERIFIED_DO_NOT_INFER,Rosenborg,Haugesund,3,3,D,EVALUATION_ONLY_JOIN_AFTER_PREMATCH_FEATURE_FREEZE,1.53,4.37,5.63,EXTERNAL_HISTORICAL_MARKET_BENCHMARK,NOT_AVAILABLE,NOT_GOLDBET,a971f20dadd63a53a81c9e2b3d5dc35ae707a9b4a8485c2f542f188ffd6e6963
8240a73c80eaecba5dfc6d0c,Eliteserien,2022,DEVELOPMENT,2022-05-26,19:00,MATCH_KICKOFF_TIME_TIMEZONE_NOT_STATED_BY_SOURCE,,NOT_VERIFIED_DO_NOT_INFER,Sarpsborg 08,Molde,1,2,A,EVALUATION_ONLY_JOIN_AFTER_PREMATCH_FEATURE_FREEZE,2.78,3.7,2.32,EXTERNAL_HISTORICAL_MARKET_BENCHMARK,NOT_AVAILABLE,NOT_GOLDBET,03a984a4c1aefcdfb9d79e7b7113515d8514f95ab5b8a32f02abf85dba09d169
e65a644baa7f5569c5353021,Eliteserien,2022,DEVELOPMENT,2022-05-28,15:00,MATCH_KICKOFF_TIME_TIMEZONE_NOT_STATED_BY_SOURCE,,NOT_VERIFIED_DO_NOT_INFER,HamKam,Odd,1,2,A,EVALUATION_ONLY_JOIN_AFTER_PREMATCH_FEATURE_FREEZE,1.8,3.72,4.26,EXTERNAL_HISTORICAL_MARKET_BENCHMARK,NOT_AVAILABLE,NOT_GOLDBET,03c428b830a12af766f9de8e13014ce7eff162ac75cee53a132e9517637e31c5
60bb15a78e21e5eedb91d06d,Eliteserien,2022,DEVELOPMENT,2022-05-28,17:00,MATCH_KICKOFF_TIME_TIMEZONE_NOT_STATED_BY_SOURCE,,NOT_VERIFIED_DO_NOT_INFER,Stromsgodset,Viking,3,2,H,EVALUATION_ONLY_JOIN_AFTER_PREMATCH_FEATURE_FREEZE,3.04,3.63,2.2,EXTERNAL_HISTORICAL_MARKET_BENCHMARK,NOT_AVAILABLE,NOT_GOLDBET,53f54eec3866f90d77e71269f648b6381e2350ee851e21652de212005972dd23
7f88e9ffde648cecc507b039,Eliteserien,2022,DEVELOPMENT,2022-05-29,17:00,MATCH_KICKOFF_TIME_TIMEZONE_NOT_STATED_BY_SOURCE,,NOT_VERIFIED_DO_NOT_INFER,Haugesund,Aalesund,2,2,D,EVALUATION_ONLY_JOIN_AFTER_PREMATCH_FEATURE_FREEZE,2.11,3.43,3.4,EXTERNAL_HISTORICAL_MARKET_BENCHMARK,NOT_AVAILABLE,NOT_GOLDBET,c5698d6eef5054815536125ddf730b412be316a3fed14c03ab93aeda162cfb60
8274274077caba53aa8d9257,Eliteserien,2022,DEVELOPMENT,2022-05-29,17:00,MATCH_KICKOFF_TIME_TIMEZONE_NOT_STATED_BY_SOURCE,,NOT_VERIFIED_DO_NOT_INFER,Jerv,Sarpsborg 08,0,5,A,EVALUATION_ONLY_JOIN_AFTER_PREMATCH_FEATURE_FREEZE,3.61,3.7,1.95,EXTERNAL_HISTORICAL_MARKET_BENCHMARK,NOT_AVAILABLE,NOT_GOLDBET,6e6f9aa5b868f848187e3cc076a105f78a7013efdd7872fb7232bc8468a715d2
6f49d11d30987173def02dfd,Eliteserien,2022,DEVELOPMENT,2022-05-29,17:00,MATCH_KICKOFF_TIME_TIMEZONE_NOT_STATED_BY_SOURCE,,NOT_VERIFIED_DO_NOT_INFER,Molde,Bodo/Glimt,3,1,H,EVALUATION_ONLY_JOIN_AFTER_PREMATCH_FEATURE_FREEZE,2.4,3.68,2.69,EXTERNAL_HISTORICAL_MARKET_BENCHMARK,NOT_AVAILABLE,NOT_GOLDBET,b4a5a0aeda560c8e941146c447ed4bc3689af123503735bdc13d5686172b2703
f9b1d78e9bea80c2d3c4e6a7,Eliteserien,2022,DEVELOPMENT,2022-05-29,17:00,MATCH_KICKOFF_TIME_TIMEZONE_NOT_STATED_BY_SOURCE,,NOT_VERIFIED_DO_NOT_INFER,Tromso,Lillestrom,2,2,D,EVALUATION_ONLY_JOIN_AFTER_PREMATCH_FEATURE_FREEZE,2.23,3.23,3.32,EXTERNAL_HISTORICAL_MARKET_BENCHMARK,NOT_AVAILABLE,NOT_GOLDBET,1d8c059977755b17abe457210e5a35fa3a6469e267e94ea9de50aaa5c0591ae8
aa37cf4a756028f8712082f3,Eliteserien,2022,DEVELOPMENT,2022-05-29,19:00,MATCH_KICKOFF_TIME_TIMEZONE_NOT_STATED_BY_SOURCE,,NOT_VERIFIED_DO_NOT_INFER,Valerenga,Rosenborg,0,4,A,EVALUATION_ONLY_JOIN_AFTER_PREMATCH_FEATURE_FREEZE,1.96,3.67,3.58,EXTERNAL_HISTORICAL_MARKET_BENCHMARK,NOT_AVAILABLE,NOT_GOLDBET,790366a48e7cf85f65771ee91d1e59e9e75de1fb9b814108265c6bb83d81d719
322b6142bb8fc910d250d7c5,Eliteserien,2022,DEVELOPMENT,2022-06-18,15:00,MATCH_KICKOFF_TIME_TIMEZONE_NOT_STATED_BY_SOURCE,,NOT_VERIFIED_DO_NOT_INFER,Sarpsborg 08,Stromsgodset,5,1,H,EVALUATION_ONLY_JOIN_AFTER_PREMATCH_FEATURE_FREEZE,1.91,3.85,3.59,EXTERNAL_HISTORICAL_MARKET_BENCHMARK,NOT_AVAILABLE,NOT_GOLDBET,07576cd1177f3113df141379c27cbca19e7245da4c94ea3a21f0fe302ed3e3fb
bd57e11404bc93dd4414de00,Eliteserien,2022,DEVELOPMENT,2022-06-18,17:00,MATCH_KICKOFF_TIME_TIMEZONE_NOT_STATED_BY_SOURCE,,NOT_VERIFIED_DO_NOT_INFER,Kristiansund,Bodo/Glimt,0,2,A,EVALUATION_ONLY_JOIN_AFTER_PREMATCH_FEATURE_FREEZE,5.01,4.41,1.57,EXTERNAL_HISTORICAL_MARKET_BENCHMARK,NOT_AVAILABLE,NOT_GOLDBET,f7333c437f459640a8063c72edaa4b85b99da09147675e6f5991f4b0aeda5d91
97a80cfc03c7e6341d6dd313,Eliteserien,2022,DEVELOPMENT,2022-06-19,17:00,MATCH_KICKOFF_TIME_TIMEZONE_NOT_STATED_BY_SOURCE,,NOT_VERIFIED_DO_NOT_INFER,Jerv,HamKam,1,2,A,EVALUATION_ONLY_JOIN_AFTER_PREMATCH_FEATURE_FREEZE,3.52,3.47,2.05,EXTERNAL_HISTORICAL_MARKET_BENCHMARK,NOT_AVAILABLE,NOT_GOLDBET,d6a2b5ab046725c38d6025f1691a59615831232d1725a412adf958e0cb2d7718
571fdae72fc68718d4fb22a0,Eliteserien,2022,DEVELOPMENT,2022-06-19,17:00,MATCH_KICKOFF_TIME_TIMEZONE_NOT_STATED_BY_SOURCE,,NOT_VERIFIED_DO_NOT_INFER,Lillestrom,Rosenborg,3,1,H,EVALUATION_ONLY_JOIN_AFTER_PREMATCH_FEATURE_FREEZE,2.03,3.51,3.54,EXTERNAL_HISTORICAL_MARKET_BENCHMARK,NOT_AVAILABLE,NOT_GOLDBET,40a13164a6d3845ca2aa396874df58cd573367212f533b7a1ae284b42f3c5546
7d95e8eb3eeb3512fd93084b,Eliteserien,2022,DEVELOPMENT,2022-06-19,17:00,MATCH_KICKOFF_TIME_TIMEZONE_NOT_STATED_BY_SOURCE,,NOT_VERIFIED_DO_NOT_INFER,Odd,Molde,1,2,A,EVALUATION_ONLY_JOIN_AFTER_PREMATCH_FEATURE_FREEZE,3.19,3.67,2.1,EXTERNAL_HISTORICAL_MARKET_BENCHMARK,NOT_AVAILABLE,NOT_GOLDBET,9fb1433ba8599228a8c457347eb4493aa0dec158785481c97e7cfcd92222c06b
95c0e45a549605e460c36d2d,Eliteserien,2022,DEVELOPMENT,2022-06-19,17:00,MATCH_KICKOFF_TIME_TIMEZONE_NOT_STATED_BY_SOURCE,,NOT_VERIFIED_DO_NOT_INFER,Tromso,Haugesund,1,1,D,EVALUATION_ONLY_JOIN_AFTER_PREMATCH_FEATURE_FREEZE,1.68,3.84,4.89,EXTERNAL_HISTORICAL_MARKET_BENCHMARK,NOT_AVAILABLE,NOT_GOLDBET,8232abfa173400b3f685f01c34b2cba7698fd52f6f0959162e7f5387eb103192
d866881678d1ea449ad1717c,Eliteserien,2022,DEVELOPMENT,2022-06-19,17:00,MATCH_KICKOFF_TIME_TIMEZONE_NOT_STATED_BY_SOURCE,,NOT_VERIFIED_DO_NOT_INFER,Viking,Sandefjord,1,2,A,EVALUATION_ONLY_JOIN_AFTER_PREMATCH_FEATURE_FREEZE,1.19,7.43,12.23,EXTERNAL_HISTORICAL_MARKET_BENCHMARK,NOT_AVAILABLE,NOT_GOLDBET,13654fc008cc205891c32efb6e6e076bb1a2790c6637609c70e1a4141c06ae05
c074eaf61a90b2d9a06e8cd2,Eliteserien,2022,DEVELOPMENT,2022-06-19,19:00,MATCH_KICKOFF_TIME_TIMEZONE_NOT_STATED_BY_SOURCE,,NOT_VERIFIED_DO_NOT_INFER,Aalesund,Valerenga,2,2,D,EVALUATION_ONLY_JOIN_AFTER_PREMATCH_FEATURE_FREEZE,2.28,3.54,2.94,EXTERNAL_HISTORICAL_MARKET_BENCHMARK,NOT_AVAILABLE,NOT_GOLDBET,5b2c7da41b66c079483b4467112345cd69b45a05e2cfcb953c59b96818aefe0d
02737e91a2a126e4c4c3fa14,Eliteserien,2022,DEVELOPMENT,2022-06-25,15:00,MATCH_KICKOFF_TIME_TIMEZONE_NOT_STATED_BY_SOURCE,,NOT_VERIFIED_DO_NOT_INFER,Haugesund,Viking,4,2,H,EVALUATION_ONLY_JOIN_AFTER_PREMATCH_FEATURE_FREEZE,3.32,3.56,2.09,EXTERNAL_HISTORICAL_MARKET_BENCHMARK,NOT_AVAILABLE,NOT_GOLDBET,e7b57440065876752d14b0e5c16e7f6d76474cdc651a71c7ff237a3e816d752e
5ac5cae1215fd6d5d1fcae66,Eliteserien,2022,DEVELOPMENT,2022-06-25,17:00,MATCH_KICKOFF_TIME_TIMEZONE_NOT_STATED_BY_SOURCE,,NOT_VERIFIED_DO_NOT_INFER,Rosenborg,Kristiansund,3,1,H,EVALUATION_ONLY_JOIN_AFTER_PREMATCH_FEATURE_FREEZE,1.49,4.61,5.8,EXTERNAL_HISTORICAL_MARKET_BENCHMARK,NOT_AVAILABLE,NOT_GOLDBET,acc2bad9ae2f43b7c7a4283bfad37a5e6eca96032d4a10e79d318a27cd51700d
6a1ecd1e41f7ce1697d2fa90,Eliteserien,2022,DEVELOPMENT,2022-06-26,17:00,MATCH_KICKOFF_TIME_TIMEZONE_NOT_STATED_BY_SOURCE,,NOT_VERIFIED_DO_NOT_INFER,Bodo/Glimt,Aalesund,2,0,H,EVALUATION_ONLY_JOIN_AFTER_PREMATCH_FEATURE_FREEZE,1.29,6.01,8.99,EXTERNAL_HISTORICAL_MARKET_BENCHMARK,NOT_AVAILABLE,NOT_GOLDBET,138d3f15d5e03cecfc83caca206bc2c03d12afacefb4a152fa5671cff57df578
556ae6aee4a748d7cdb43bb2,Eliteserien,2022,DEVELOPMENT,2022-06-26,17:00,MATCH_KICKOFF_TIME_TIMEZONE_NOT_STATED_BY_SOURCE,,NOT_VERIFIED_DO_NOT_INFER,HamKam,Sarpsborg 08,3,2,H,EVALUATION_ONLY_JOIN_AFTER_PREMATCH_FEATURE_FREEZE,2.65,3.59,2.46,EXTERNAL_HISTORICAL_MARKET_BENCHMARK,NOT_AVAILABLE,NOT_GOLDBET,70e8d0f143f92efd40875a2a3642a113f56da7d137f1d7555d40d9ceb900496f
f85e9223d8cf5dfe4880de47,Eliteserien,2022,DEVELOPMENT,2022-06-26,17:00,MATCH_KICKOFF_TIME_TIMEZONE_NOT_STATED_BY_SOURCE,,NOT_VERIFIED_DO_NOT_INFER,Sandefjord,Tromso,2,2,D,EVALUATION_ONLY_JOIN_AFTER_PREMATCH_FEATURE_FREEZE,3.56,3.57,2,EXTERNAL_HISTORICAL_MARKET_BENCHMARK,NOT_AVAILABLE,NOT_GOLDBET,f146a8d3f002e0d1f1f32cff8f6ce0968aa5cc8da9121a1a9b5fe7fc687fe231
263f9a69bfae861cf81ab374,Eliteserien,2022,DEVELOPMENT,2022-06-26,17:00,MATCH_KICKOFF_TIME_TIMEZONE_NOT_STATED_BY_SOURCE,,NOT_VERIFIED_DO_NOT_INFER,Stromsgodset,Lillestrom,3,0,H,EVALUATION_ONLY_JOIN_AFTER_PREMATCH_FEATURE_FREEZE,2.7,3.63,2.41,EXTERNAL_HISTORICAL_MARKET_BENCHMARK,NOT_AVAILABLE,NOT_GOLDBET,97c0dd61e6c1342d15ddf21d34aa554908f7a427ab53bf7b427227219f5957ea
90029f6465f36b9acb9717a5,Eliteserien,2022,DEVELOPMENT,2022-06-26,19:00,MATCH_KICKOFF_TIME_TIMEZONE_NOT_STATED_BY_SOURCE,,NOT_VERIFIED_DO_NOT_INFER,Valerenga,Odd,0,1,A,EVALUATION_ONLY_JOIN_AFTER_PREMATCH_FEATURE_FREEZE,1.6,4.27,4.97,EXTERNAL_HISTORICAL_MARKET_BENCHMARK,NOT_AVAILABLE,NOT_GOLDBET,b9e055afcdbc9738bc9a4595a469ccbb397d2e78aefa8edbc27e641be373f1dc
882ac9555e3bbcdb0438ff9e,Eliteserien,2022,DEVELOPMENT,2022-07-02,15:00,MATCH_KICKOFF_TIME_TIMEZONE_NOT_STATED_BY_SOURCE,,NOT_VERIFIED_DO_NOT_INFER,Jerv,Haugesund,1,0,H,EVALUATION_ONLY_JOIN_AFTER_PREMATCH_FEATURE_FREEZE,3.26,3.57,2.12,EXTERNAL_HISTORICAL_MARKET_BENCHMARK,NOT_AVAILABLE,NOT_GOLDBET,0e0eef3f367a485c7719d050a89cfcea6d9bf45403ad275440fdac977db9256c
eb44c3525e5855883631dad2,Eliteserien,2022,DEVELOPMENT,2022-07-02,17:00,MATCH_KICKOFF_TIME_TIMEZONE_NOT_STATED_BY_SOURCE,,NOT_VERIFIED_DO_NOT_INFER,Odd,Bodo/Glimt,3,2,H,EVALUATION_ONLY_JOIN_AFTER_PREMATCH_FEATURE_FREEZE,4.8,4.16,1.63,EXTERNAL_HISTORICAL_MARKET_BENCHMARK,NOT_AVAILABLE,NOT_GOLDBET,77d021a47520d2e412743459e337e01aa40429b4aa1a2a2fa42e49ec280e3904
7d94b5e57e7c79a4798264ce,Eliteserien,2022,DEVELOPMENT,2022-07-03,17:00,MATCH_KICKOFF_TIME_TIMEZONE_NOT_STATED_BY_SOURCE,,NOT_VERIFIED_DO_NOT_INFER,Aalesund,Stromsgodset,1,0,H,EVALUATION_ONLY_JOIN_AFTER_PREMATCH_FEATURE_FREEZE,2.27,3.63,2.88,EXTERNAL_HISTORICAL_MARKET_BENCHMARK,NOT_AVAILABLE,NOT_GOLDBET,4688b8205d785f49031223b7b41926e69e2d24901f3687e1556bb50690aaa370
c72a7c19cfc08a42d0c795d2,Eliteserien,2022,DEVELOPMENT,2022-07-03,17:00,MATCH_KICKOFF_TIME_TIMEZONE_NOT_STATED_BY_SOURCE,,NOT_VERIFIED_DO_NOT_INFER,HamKam,Molde,0,0,D,EVALUATION_ONLY_JOIN_AFTER_PREMATCH_FEATURE_FREEZE,2.82,3.57,2.33,EXTERNAL_HISTORICAL_MARKET_BENCHMARK,NOT_AVAILABLE,NOT_GOLDBET,8cac22fc372d6a0bbaf0812e5dc4ad3dce5dc84916d0fd2aa6752da0e1553976
d50384fbfa602232c16b86d7,Eliteserien,2022,DEVELOPMENT,2022-07-03,17:00,MATCH_KICKOFF_TIME_TIMEZONE_NOT_STATED_BY_SOURCE,,NOT_VERIFIED_DO_NOT_INFER,Kristiansund,Lillestrom,1,3,A,EVALUATION_ONLY_JOIN_AFTER_PREMATCH_FEATURE_FREEZE,3.05,3.42,2.25,EXTERNAL_HISTORICAL_MARKET_BENCHMARK,NOT_AVAILABLE,NOT_GOLDBET,a5c4f68fa2930766693361b7917d4e09e0d7b2c111d372cf57f3cb75e620a04e
72047c910669884448adb261,Eliteserien,2022,DEVELOPMENT,2022-07-03,17:00,MATCH_KICKOFF_TIME_TIMEZONE_NOT_STATED_BY_SOURCE,,NOT_VERIFIED_DO_NOT_INFER,Sarpsborg 08,Sandefjord,4,3,H,EVALUATION_ONLY_JOIN_AFTER_PREMATCH_FEATURE_FREEZE,1.37,5.39,6.86,EXTERNAL_HISTORICAL_MARKET_BENCHMARK,NOT_AVAILABLE,NOT_GOLDBET,e0e83ae39b0b404abef7aef13d7db17775e22117010724ae325a1ea864450fab
59bd1bd35e7dd743f6123902,Eliteserien,2022,DEVELOPMENT,2022-07-03,19:00,MATCH_KICKOFF_TIME_TIMEZONE_NOT_STATED_BY_SOURCE,,NOT_VERIFIED_DO_NOT_INFER,Viking,Rosenborg,1,1,D,EVALUATION_ONLY_JOIN_AFTER_PREMATCH_FEATURE_FREEZE,1.95,3.77,3.54,EXTERNAL_HISTORICAL_MARKET_BENCHMARK,NOT_AVAILABLE,NOT_GOLDBET,75a4bf49193fa288188792e765edf726656769a4900a1d4dcd9391ccac9ddf43
375ce5d5db851f2ba8f05784,Eliteserien,2022,DEVELOPMENT,2022-07-06,18:00,MATCH_KICKOFF_TIME_TIMEZONE_NOT_STATED_BY_SOURCE,,NOT_VERIFIED_DO_NOT_INFER,Molde,Jerv,1,1,D,EVALUATION_ONLY_JOIN_AFTER_PREMATCH_FEATURE_FREEZE,1.18,7.47,13.57,EXTERNAL_HISTORICAL_MARKET_BENCHMARK,NOT_AVAILABLE,NOT_GOLDBET,74314a708e60255293a3edcfc75dc9632e447a27bc0a962b4197e5bcf8d2f46a
372386764bdd347d562dfe2f,Eliteserien,2022,DEVELOPMENT,2022-07-09,15:00,MATCH_KICKOFF_TIME_TIMEZONE_NOT_STATED_BY_SOURCE,,NOT_VERIFIED_DO_NOT_INFER,Bodo/Glimt,Sarpsborg 08,4,1,H,EVALUATION_ONLY_JOIN_AFTER_PREMATCH_FEATURE_FREEZE,1.38,5.33,6.64,EXTERNAL_HISTORICAL_MARKET_BENCHMARK,NOT_AVAILABLE,NOT_GOLDBET,faeb5f8de573ae196404a196f1b67774f03d74a24ff1b05f0c6379d1814ad44d
43d1a696bcb59e0d5bb5ff45,Eliteserien,2022,DEVELOPMENT,2022-07-09,17:00,MATCH_KICKOFF_TIME_TIMEZONE_NOT_STATED_BY_SOURCE,,NOT_VERIFIED_DO_NOT_INFER,Stromsgodset,Odd,0,0,D,EVALUATION_ONLY_JOIN_AFTER_PREMATCH_FEATURE_FREEZE,1.85,3.91,3.79,EXTERNAL_HISTORICAL_MARKET_BENCHMARK,NOT_AVAILABLE,NOT_GOLDBET,8d911826b2c8b029c084347c3c522d00e96d5860ab679d810645bcf703800b2d
b284b252a0f0645c9b1c53e9,Eliteserien,2022,DEVELOPMENT,2022-07-10,17:00,MATCH_KICKOFF_TIME_TIMEZONE_NOT_STATED_BY_SOURCE,,NOT_VERIFIED_DO_NOT_INFER,Lillestrom,Viking,0,1,A,EVALUATION_ONLY_JOIN_AFTER_PREMATCH_FEATURE_FREEZE,2.08,3.54,3.35,EXTERNAL_HISTORICAL_MARKET_BENCHMARK,NOT_AVAILABLE,NOT_GOLDBET,50f4761fc84ca94e55d7afdd36871a27c97befe4e735feb8e6227a30db2442a3
31702608c61ab99419450232,Eliteserien,2022,DEVELOPMENT,2022-07-10,17:00,MATCH_KICKOFF_TIME_TIMEZONE_NOT_STATED_BY_SOURCE,,NOT_VERIFIED_DO_NOT_INFER,Molde,Tromso,5,1,H,EVALUATION_ONLY_JOIN_AFTER_PREMATCH_FEATURE_FREEZE,1.73,3.86,4.42,EXTERNAL_HISTORICAL_MARKET_BENCHMARK,NOT_AVAILABLE,NOT_GOLDBET,0aa6f82f40ba819986243468cf6eec0b7f9a46b73d6b8b8343db8e2fa45ddf94
dcd4e1fee50a1808d8a5a4ef,Eliteserien,2022,DEVELOPMENT,2022-07-10,17:00,MATCH_KICKOFF_TIME_TIMEZONE_NOT_STATED_BY_SOURCE,,NOT_VERIFIED_DO_NOT_INFER,Rosenborg,Jerv,3,2,H,EVALUATION_ONLY_JOIN_AFTER_PREMATCH_FEATURE_FREEZE,1.28,5.86,9.32,EXTERNAL_HISTORICAL_MARKET_BENCHMARK,NOT_AVAILABLE,NOT_GOLDBET,a463e9adc8174aea0b679c560fefd180f66a60f5affd52773ea6f0c4674fd91c
f6595539792619a5f00cac01,Eliteserien,2022,DEVELOPMENT,2022-07-10,17:00,MATCH_KICKOFF_TIME_TIMEZONE_NOT_STATED_BY_SOURCE,,NOT_VERIFIED_DO_NOT_INFER,Valerenga,Kristiansund,3,0,H,EVALUATION_ONLY_JOIN_AFTER_PREMATCH_FEATURE_FREEZE,1.44,4.84,6.28,EXTERNAL_HISTORICAL_MARKET_BENCHMARK,NOT_AVAILABLE,NOT_GOLDBET,fdcd0a623d07523d2df45928629eed1ffeabe8f4d1ab21582ab0f0d730df7f62
93f1a4e02ce8931c5276c188,Eliteserien,2022,DEVELOPMENT,2022-07-10,19:00,MATCH_KICKOFF_TIME_TIMEZONE_NOT_STATED_BY_SOURCE,,NOT_VERIFIED_DO_NOT_INFER,Haugesund,HamKam,1,1,D,EVALUATION_ONLY_JOIN_AFTER_PREMATCH_FEATURE_FREEZE,2.01,3.55,3.55,EXTERNAL_HISTORICAL_MARKET_BENCHMARK,NOT_AVAILABLE,NOT_GOLDBET,a87a10979f58f55e369433c8f8d2a8f42c7b7706843559d8afc99dcb37a9467a
e8770f4e83506d24afba1eff,Eliteserien,2022,DEVELOPMENT,2022-07-12,19:00,MATCH_KICKOFF_TIME_TIMEZONE_NOT_STATED_BY_SOURCE,,NOT_VERIFIED_DO_NOT_INFER,Sandefjord,Aalesund,2,2,D,EVALUATION_ONLY_JOIN_AFTER_PREMATCH_FEATURE_FREEZE,2.37,3.48,2.85,EXTERNAL_HISTORICAL_MARKET_BENCHMARK,NOT_AVAILABLE,NOT_GOLDBET,79f9fa382373994a16c32ba58c54d42272041c2643216dffc0c834d1ee22bc3a
874937f27fbffa450d62c5ea,Eliteserien,2022,DEVELOPMENT,2022-07-16,15:00,MATCH_KICKOFF_TIME_TIMEZONE_NOT_STATED_BY_SOURCE,,NOT_VERIFIED_DO_NOT_INFER,Jerv,Sandefjord,1,2,A,EVALUATION_ONLY_JOIN_AFTER_PREMATCH_FEATURE_FREEZE,2.54,3.57,2.58,EXTERNAL_HISTORICAL_MARKET_BENCHMARK,NOT_AVAILABLE,NOT_GOLDBET,97a5a5278fddb8568e0500e543fe7a453ad49397d4dd86bc46bc48f172fa2689
a144c9fe60a785544fa3a835,Eliteserien,2022,DEVELOPMENT,2022-07-16,17:00,MATCH_KICKOFF_TIME_TIMEZONE_NOT_STATED_BY_SOURCE,,NOT_VERIFIED_DO_NOT_INFER,HamKam,Bodo/Glimt,0,2,A,EVALUATION_ONLY_JOIN_AFTER_PREMATCH_FEATURE_FREEZE,3.78,3.8,1.87,EXTERNAL_HISTORICAL_MARKET_BENCHMARK,NOT_AVAILABLE,NOT_GOLDBET,ca1af2aecc13d37712b6bf175034ec68d199359c4229ad57c6ddbd6fc965b7c0
a2f4ae3082d6b440957729ee,Eliteserien,2022,DEVELOPMENT,2022-07-17,17:00,MATCH_KICKOFF_TIME_TIMEZONE_NOT_STATED_BY_SOURCE,,NOT_VERIFIED_DO_NOT_INFER,Molde,Haugesund,1,0,H,EVALUATION_ONLY_JOIN_AFTER_PREMATCH_FEATURE_FREEZE,1.48,4.71,5.83,EXTERNAL_HISTORICAL_MARKET_BENCHMARK,NOT_AVAILABLE,NOT_GOLDBET,df2f056c7172a6293ab464f150f835e7b26f941d25012d70388e5b7b49c7225a
c5bce556beff79a525027a21,Eliteserien,2022,DEVELOPMENT,2022-07-17,17:00,MATCH_KICKOFF_TIME_TIMEZONE_NOT_STATED_BY_SOURCE,,NOT_VERIFIED_DO_NOT_INFER,Odd,Lillestrom,1,2,A,EVALUATION_ONLY_JOIN_AFTER_PREMATCH_FEATURE_FREEZE,2.89,3.44,2.35,EXTERNAL_HISTORICAL_MARKET_BENCHMARK,NOT_AVAILABLE,NOT_GOLDBET,815aaedec3306af79ad543d193f1d183a7a99e497df553796edef2c18872752b
a10e3f16156ea7b6f1ecd291,Eliteserien,2022,DEVELOPMENT,2022-07-17,17:00,MATCH_KICKOFF_TIME_TIMEZONE_NOT_STATED_BY_SOURCE,,NOT_VERIFIED_DO_NOT_INFER,Sarpsborg 08,Valerenga,0,1,A,EVALUATION_ONLY_JOIN_AFTER_PREMATCH_FEATURE_FREEZE,1.91,3.95,3.49,EXTERNAL_HISTORICAL_MARKET_BENCHMARK,NOT_AVAILABLE,NOT_GOLDBET,fb03adad6bfddfa1216eafb10ef6e2d4db864ec77bf591c72944a16749076fef
553ef8f4432918227eb4df6e,Eliteserien,2022,DEVELOPMENT,2022-07-17,17:00,MATCH_KICKOFF_TIME_TIMEZONE_NOT_STATED_BY_SOURCE,,NOT_VERIFIED_DO_NOT_INFER,Viking,Kristiansund,2,1,H,EVALUATION_ONLY_JOIN_AFTER_PREMATCH_FEATURE_FREEZE,1.41,5.05,6.36,EXTERNAL_HISTORICAL_MARKET_BENCHMARK,NOT_AVAILABLE,NOT_GOLDBET,3ac27e73be436a7e9e0753a87ff9c82c7a5f0d738017c83fae3cde11d2de232d
d0e76101e9b14a01fdce5e28,Eliteserien,2022,DEVELOPMENT,2022-07-17,19:00,MATCH_KICKOFF_TIME_TIMEZONE_NOT_STATED_BY_SOURCE,,NOT_VERIFIED_DO_NOT_INFER,Aalesund,Rosenborg,0,0,D,EVALUATION_ONLY_JOIN_AFTER_PREMATCH_FEATURE_FREEZE,2.85,3.38,2.41,EXTERNAL_HISTORICAL_MARKET_BENCHMARK,NOT_AVAILABLE,NOT_GOLDBET,98200a20ffc54f65f454b3983941a9d1b3a5b370cfc2331b553f73ab25d9cbe7
e9da5528d55c8da5516fa07f,Eliteserien,2022,DEVELOPMENT,2022-07-23,15:00,MATCH_KICKOFF_TIME_TIMEZONE_NOT_STATED_BY_SOURCE,,NOT_VERIFIED_DO_NOT_INFER,Bodo/Glimt,Jerv,5,0,H,EVALUATION_ONLY_JOIN_AFTER_PREMATCH_FEATURE_FREEZE,1.11,9.8,16.85,EXTERNAL_HISTORICAL_MARKET_BENCHMARK,NOT_AVAILABLE,NOT_GOLDBET,7b0021155e60170a72517eb57c0b97da578812eb76a385dbb6b0207012cc938f
ac24c3e21cba9d53204ca31d,Eliteserien,2022,DEVELOPMENT,2022-07-23,17:00,MATCH_KICKOFF_TIME_TIMEZONE_NOT_STATED_BY_SOURCE,,NOT_VERIFIED_DO_NOT_INFER,Rosenborg,Tromso,3,0,H,EVALUATION_ONLY_JOIN_AFTER_PREMATCH_FEATURE_FREEZE,1.78,3.68,4.38,EXTERNAL_HISTORICAL_MARKET_BENCHMARK,NOT_AVAILABLE,NOT_GOLDBET,422dff772fdfab89095264654e53811426345a4b170aa40cf68d0a8fa5470a51
ffc318d75b292a3fff206f10,Eliteserien,2022,DEVELOPMENT,2022-07-24,17:00,MATCH_KICKOFF_TIME_TIMEZONE_NOT_STATED_BY_SOURCE,,NOT_VERIFIED_DO_NOT_INFER,Haugesund,Sarpsborg 08,3,1,H,EVALUATION_ONLY_JOIN_AFTER_PREMATCH_FEATURE_FREEZE,2.64,3.63,2.45,EXTERNAL_HISTORICAL_MARKET_BENCHMARK,NOT_AVAILABLE,NOT_GOLDBET,00e8bb954dbcd35f989dd3bcf0d5b9771066c966c5fc79509cce6cb6ae415780
d25d73a6525124877cfe5443,Eliteserien,2022,DEVELOPMENT,2022-07-24,17:00,MATCH_KICKOFF_TIME_TIMEZONE_NOT_STATED_BY_SOURCE,,NOT_VERIFIED_DO_NOT_INFER,Kristiansund,Odd,2,2,D,EVALUATION_ONLY_JOIN_AFTER_PREMATCH_FEATURE_FREEZE,2.16,3.67,3.06,EXTERNAL_HISTORICAL_MARKET_BENCHMARK,NOT_AVAILABLE,NOT_GOLDBET,26d4f890a6a4790d5e963f4f58233f4b29f0d38793cb3ac49382865e74fa7b4a
d46fe8ae5526b74a6b835c35,Eliteserien,2022,DEVELOPMENT,2022-07-24,17:00,MATCH_KICKOFF_TIME_TIMEZONE_NOT_STATED_BY_SOURCE,,NOT_VERIFIED_DO_NOT_INFER,Sandefjord,Molde,2,3,A,EVALUATION_ONLY_JOIN_AFTER_PREMATCH_FEATURE_FREEZE,4.91,4.5,1.57,EXTERNAL_HISTORICAL_MARKET_BENCHMARK,NOT_AVAILABLE,NOT_GOLDBET,1531bf1c4ce4e5865496e9d60c2a4c947070967fb71d53b71cc5be5438d44d9f
15b13554d6e67e0cf58c77d1,Eliteserien,2022,DEVELOPMENT,2022-07-24,17:00,MATCH_KICKOFF_TIME_TIMEZONE_NOT_STATED_BY_SOURCE,,NOT_VERIFIED_DO_NOT_INFER,Valerenga,Viking,4,2,H,EVALUATION_ONLY_JOIN_AFTER_PREMATCH_FEATURE_FREEZE,1.8,3.95,3.98,EXTERNAL_HISTORICAL_MARKET_BENCHMARK,NOT_AVAILABLE,NOT_GOLDBET,8f3865e26655d4e04d87e9dad7173a98e3cc7f7c5347760256bab09a6de968a2
d077a9af3377b8a6febb28c3,Eliteserien,2022,DEVELOPMENT,2022-07-24,19:00,MATCH_KICKOFF_TIME_TIMEZONE_NOT_STATED_BY_SOURCE,,NOT_VERIFIED_DO_NOT_INFER,Stromsgodset,HamKam,1,1,D,EVALUATION_ONLY_JOIN_AFTER_PREMATCH_FEATURE_FREEZE,2.11,3.62,3.24,EXTERNAL_HISTORICAL_MARKET_BENCHMARK,NOT_AVAILABLE,NOT_GOLDBET,2ef23f57c2380161e4f4638a40850318abad3657cb8ee7fa25b4c84a1a3c772d
85f2da39bdcf7cf8d4b5e443,Eliteserien,2022,DEVELOPMENT,2022-07-27,18:00,MATCH_KICKOFF_TIME_TIMEZONE_NOT_STATED_BY_SOURCE,,NOT_VERIFIED_DO_NOT_INFER,Sandefjord,Kristiansund,2,0,H,EVALUATION_ONLY_JOIN_AFTER_PREMATCH_FEATURE_FREEZE,2.43,3.55,2.69,EXTERNAL_HISTORICAL_MARKET_BENCHMARK,NOT_AVAILABLE,NOT_GOLDBET,048d8f343c258822a7f0c5d705f7b4797c7290b0d495af06f6926a02a8071d0a
17347d318a55891383c578b7,Eliteserien,2022,DEVELOPMENT,2022-07-30,15:00,MATCH_KICKOFF_TIME_TIMEZONE_NOT_STATED_BY_SOURCE,,NOT_VERIFIED_DO_NOT_INFER,Aalesund,Bodo/Glimt,1,2,A,EVALUATION_ONLY_JOIN_AFTER_PREMATCH_FEATURE_FREEZE,4.35,3.87,1.74,EXTERNAL_HISTORICAL_MARKET_BENCHMARK,NOT_AVAILABLE,NOT_GOLDBET,a9d4a015f5183cee9dc712e04179fd87c0ca616edfd26fae9cbc6e84ffb94f92
499a5770edcfa605d9c1ba44,Eliteserien,2022,DEVELOPMENT,2022-07-30,17:00,MATCH_KICKOFF_TIME_TIMEZONE_NOT_STATED_BY_SOURCE,,NOT_VERIFIED_DO_NOT_INFER,HamKam,Kristiansund,0,1,A,EVALUATION_ONLY_JOIN_AFTER_PREMATCH_FEATURE_FREEZE,1.82,3.71,4.11,EXTERNAL_HISTORICAL_MARKET_BENCHMARK,NOT_AVAILABLE,NOT_GOLDBET,503121866af7da4ef25e701003f2ce5a5ba2e30c13f768ac9b9ae9b44343e033
c99d0260d3fec3b43c2e588b,Eliteserien,2022,DEVELOPMENT,2022-07-30,17:00,MATCH_KICKOFF_TIME_TIMEZONE_NOT_STATED_BY_SOURCE,,NOT_VERIFIED_DO_NOT_INFER,Odd,Rosenborg,2,3,A,EVALUATION_ONLY_JOIN_AFTER_PREMATCH_FEATURE_FREEZE,3.08,3.55,2.19,EXTERNAL_HISTORICAL_MARKET_BENCHMARK,NOT_AVAILABLE,NOT_GOLDBET,03bbff9165869fc1603305cd2c29c8e5091ee88680b88a1cc096a497711ced59
401218f4ec7d312ca4f8f125,Eliteserien,2022,DEVELOPMENT,2022-07-30,17:00,MATCH_KICKOFF_TIME_TIMEZONE_NOT_STATED_BY_SOURCE,,NOT_VERIFIED_DO_NOT_INFER,Tromso,Sandefjord,3,0,H,EVALUATION_ONLY_JOIN_AFTER_PREMATCH_FEATURE_FREEZE,1.33,5.22,8.64,EXTERNAL_HISTORICAL_MARKET_BENCHMARK,NOT_AVAILABLE,NOT_GOLDBET,4f1e3d5b28071e353b1f5924202aca2cf7b9f7b6d67796c22128e011c5dc9ae3
aa553b929049ac799dee35e0,Eliteserien,2022,DEVELOPMENT,2022-07-30,19:00,MATCH_KICKOFF_TIME_TIMEZONE_NOT_STATED_BY_SOURCE,,NOT_VERIFIED_DO_NOT_INFER,Jerv,Valerenga,2,5,A,EVALUATION_ONLY_JOIN_AFTER_PREMATCH_FEATURE_FREEZE,5.12,4.48,1.55,EXTERNAL_HISTORICAL_MARKET_BENCHMARK,NOT_AVAILABLE,NOT_GOLDBET,3b5a1ac2b95f64cda8270c385df6c2d6c26365ff9dd5429f5899dca07f53ca4d
92dd585149d82e65c83eea9a,Eliteserien,2022,DEVELOPMENT,2022-07-31,14:30,MATCH_KICKOFF_TIME_TIMEZONE_NOT_STATED_BY_SOURCE,,NOT_VERIFIED_DO_NOT_INFER,Molde,Stromsgodset,3,0,H,EVALUATION_ONLY_JOIN_AFTER_PREMATCH_FEATURE_FREEZE,1.39,5.15,6.62,EXTERNAL_HISTORICAL_MARKET_BENCHMARK,NOT_AVAILABLE,NOT_GOLDBET,31b4d5f841d41e0ffddf518ed9088ef36a22b6f43d5fd392044bd54941b0cad3
da0eae5b333d2d43b6a6e44d,Eliteserien,2022,DEVELOPMENT,2022-07-31,14:30,MATCH_KICKOFF_TIME_TIMEZONE_NOT_STATED_BY_SOURCE,,NOT_VERIFIED_DO_NOT_INFER,Sarpsborg 08,Lillestrom,0,2,A,EVALUATION_ONLY_JOIN_AFTER_PREMATCH_FEATURE_FREEZE,2.36,3.54,2.79,EXTERNAL_HISTORICAL_MARKET_BENCHMARK,NOT_AVAILABLE,NOT_GOLDBET,02053f39d4a87930d0f13368d28c6cb4517fd3656c9a19e5b52d0413e1f48c50
6683a1b1fbde3f40cae95697,Eliteserien,2022,DEVELOPMENT,2022-08-03,17:00,MATCH_KICKOFF_TIME_TIMEZONE_NOT_STATED_BY_SOURCE,,NOT_VERIFIED_DO_NOT_INFER,Kristiansund,Tromso,1,1,D,EVALUATION_ONLY_JOIN_AFTER_PREMATCH_FEATURE_FREEZE,2.89,3.42,2.35,EXTERNAL_HISTORICAL_MARKET_BENCHMARK,NOT_AVAILABLE,NOT_GOLDBET,abfdfe119a314aaff54e3c80b847bfeee6b1685d64f420eaa47f805e911dde1c
70bf503da987952f49532097,Eliteserien,2022,DEVELOPMENT,2022-08-06,15:00,MATCH_KICKOFF_TIME_TIMEZONE_NOT_STATED_BY_SOURCE,,NOT_VERIFIED_DO_NOT_INFER,Bodo/Glimt,Odd,7,0,H,EVALUATION_ONLY_JOIN_AFTER_PREMATCH_FEATURE_FREEZE,1.19,7.52,11.53,EXTERNAL_HISTORICAL_MARKET_BENCHMARK,NOT_AVAILABLE,NOT_GOLDBET,ce0097cea4fa10fd19fc9bf4c3d49a5ab96987016642112649e4b86a617f5dd4
c90f023bd453707d0fb9a7b4,Eliteserien,2022,DEVELOPMENT,2022-08-06,17:00,MATCH_KICKOFF_TIME_TIMEZONE_NOT_STATED_BY_SOURCE,,NOT_VERIFIED_DO_NOT_INFER,Rosenborg,HamKam,2,1,H,EVALUATION_ONLY_JOIN_AFTER_PREMATCH_FEATURE_FREEZE,1.5,4.21,6.39,EXTERNAL_HISTORICAL_MARKET_BENCHMARK,NOT_AVAILABLE,NOT_GOLDBET,5627e6fecb0f2e73e2453ec3a95cba51c280d276c937f07f7a848522d8a13223
274f364dc62542fc4a6f6f8e,Eliteserien,2022,DEVELOPMENT,2022-08-07,17:00,MATCH_KICKOFF_TIME_TIMEZONE_NOT_STATED_BY_SOURCE,,NOT_VERIFIED_DO_NOT_INFER,Haugesund,Jerv,3,1,H,EVALUATION_ONLY_JOIN_AFTER_PREMATCH_FEATURE_FREEZE,1.39,4.92,7.01,EXTERNAL_HISTORICAL_MARKET_BENCHMARK,NOT_AVAILABLE,NOT_GOLDBET,3f2d3e884ac4f87ba7ed4b67296c7d226428bf3d23eda92b6528c4ef0a03fcf0
9c6033ef2097653cb28e3924,Eliteserien,2022,DEVELOPMENT,2022-08-07,17:00,MATCH_KICKOFF_TIME_TIMEZONE_NOT_STATED_BY_SOURCE,,NOT_VERIFIED_DO_NOT_INFER,Kristiansund,Molde,2,3,A,EVALUATION_ONLY_JOIN_AFTER_PREMATCH_FEATURE_FREEZE,5.09,4.38,1.56,EXTERNAL_HISTORICAL_MARKET_BENCHMARK,NOT_AVAILABLE,NOT_GOLDBET,eb0c5365281df1d82b50f9bc389b5aa3e757adc28e45b90f6a555472b5614336
c62f90e2effbc73f66252009,Eliteserien,2022,DEVELOPMENT,2022-08-07,17:00,MATCH_KICKOFF_TIME_TIMEZONE_NOT_STATED_BY_SOURCE,,NOT_VERIFIED_DO_NOT_INFER,Lillestrom,Tromso,1,1,D,EVALUATION_ONLY_JOIN_AFTER_PREMATCH_FEATURE_FREEZE,1.94,3.35,4,EXTERNAL_HISTORICAL_MARKET_BENCHMARK,NOT_AVAILABLE,NOT_GOLDBET,410086a785440c80fb9653b758f1642ece0741b350b5495629f92122159cb186
ab57435d4c9b12dbc4c7aa1f,Eliteserien,2022,DEVELOPMENT,2022-08-07,17:00,MATCH_KICKOFF_TIME_TIMEZONE_NOT_STATED_BY_SOURCE,,NOT_VERIFIED_DO_NOT_INFER,Sandefjord,Viking,2,2,D,EVALUATION_ONLY_JOIN_AFTER_PREMATCH_FEATURE_FREEZE,3.74,3.78,1.88,EXTERNAL_HISTORICAL_MARKET_BENCHMARK,NOT_AVAILABLE,NOT_GOLDBET,14b686ae4e82a28d2537feb0390aa938997ca0a6ff0dfc7ddcd9d4f63653850d
c7ff2f8126253f61a50ed387,Eliteserien,2022,DEVELOPMENT,2022-08-07,17:00,MATCH_KICKOFF_TIME_TIMEZONE_NOT_STATED_BY_SOURCE,,NOT_VERIFIED_DO_NOT_INFER,Stromsgodset,Sarpsborg 08,3,1,H,EVALUATION_ONLY_JOIN_AFTER_PREMATCH_FEATURE_FREEZE,2.2,3.87,2.85,EXTERNAL_HISTORICAL_MARKET_BENCHMARK,NOT_AVAILABLE,NOT_GOLDBET,47a3556fe32b3990e3b9ceab77e82cc2a56b20075d24e92f3bbd5bb306fd3a3d
e2d2ad03e3c2471a434c76d0,Eliteserien,2022,DEVELOPMENT,2022-08-07,19:00,MATCH_KICKOFF_TIME_TIMEZONE_NOT_STATED_BY_SOURCE,,NOT_VERIFIED_DO_NOT_INFER,Valerenga,Aalesund,4,0,H,EVALUATION_ONLY_JOIN_AFTER_PREMATCH_FEATURE_FREEZE,1.5,4.49,5.71,EXTERNAL_HISTORICAL_MARKET_BENCHMARK,NOT_AVAILABLE,NOT_GOLDBET,73ace9d97f9e93cb46209bb57f522c6b96025b0ba432bdc80496efb5abb186b7
c65245cb6b20c68695c115c5,Eliteserien,2022,DEVELOPMENT,2022-08-12,18:00,MATCH_KICKOFF_TIME_TIMEZONE_NOT_STATED_BY_SOURCE,,NOT_VERIFIED_DO_NOT_INFER,Sandefjord,Rosenborg,2,5,A,EVALUATION_ONLY_JOIN_AFTER_PREMATCH_FEATURE_FREEZE,4.99,4.24,1.6,EXTERNAL_HISTORICAL_MARKET_BENCHMARK,NOT_AVAILABLE,NOT_GOLDBET,7dd89551268d6f287757b28cb2cd714bc77d134850d4cabc5af2898c40903fbb
919c9e91441b6f9bb61895a3,Eliteserien,2022,DEVELOPMENT,2022-08-12,18:00,MATCH_KICKOFF_TIME_TIMEZONE_NOT_STATED_BY_SOURCE,,NOT_VERIFIED_DO_NOT_INFER,Sarpsborg 08,Bodo/Glimt,1,4,A,EVALUATION_ONLY_JOIN_AFTER_PREMATCH_FEATURE_FREEZE,3.41,3.92,1.95,EXTERNAL_HISTORICAL_MARKET_BENCHMARK,NOT_AVAILABLE,NOT_GOLDBET,95cff5467c29abaf7e825925668d020e44f88452b76254a66e2a7b742a0c512c
79b467b3c1b31b3621b050c3,Eliteserien,2022,DEVELOPMENT,2022-08-13,15:00,MATCH_KICKOFF_TIME_TIMEZONE_NOT_STATED_BY_SOURCE,,NOT_VERIFIED_DO_NOT_INFER,Aalesund,Haugesund,1,2,A,EVALUATION_ONLY_JOIN_AFTER_PREMATCH_FEATURE_FREEZE,2.19,3.4,3.22,EXTERNAL_HISTORICAL_MARKET_BENCHMARK,NOT_AVAILABLE,NOT_GOLDBET,af887ce17e149edc82db00cf1dcfa4caab7b5b2592f252776b66ce9b3eeef717
99f9ad21075b8eb243e07811,Eliteserien,2022,DEVELOPMENT,2022-08-14,17:00,MATCH_KICKOFF_TIME_TIMEZONE_NOT_STATED_BY_SOURCE,,NOT_VERIFIED_DO_NOT_INFER,Jerv,Lillestrom,1,0,H,EVALUATION_ONLY_JOIN_AFTER_PREMATCH_FEATURE_FREEZE,6.17,4.51,1.47,EXTERNAL_HISTORICAL_MARKET_BENCHMARK,NOT_AVAILABLE,NOT_GOLDBET,dc4f719357b73cff5fb5f4ce082d7a8499910c7d4ea51d2310ebc874784859c2
dff37be16882709a440f5d8e,Eliteserien,2022,DEVELOPMENT,2022-08-14,17:00,MATCH_KICKOFF_TIME_TIMEZONE_NOT_STATED_BY_SOURCE,,NOT_VERIFIED_DO_NOT_INFER,Tromso,Kristiansund,2,1,H,EVALUATION_ONLY_JOIN_AFTER_PREMATCH_FEATURE_FREEZE,1.49,4.36,6.2,EXTERNAL_HISTORICAL_MARKET_BENCHMARK,NOT_AVAILABLE,NOT_GOLDBET,2c79a515e534710e09644260c4de4b9ee4001f71e47a4101773f86de309d0515
3455ba7a9186b40d1300d23d,Eliteserien,2022,DEVELOPMENT,2022-08-14,19:00,MATCH_KICKOFF_TIME_TIMEZONE_NOT_STATED_BY_SOURCE,,NOT_VERIFIED_DO_NOT_INFER,HamKam,Valerenga,1,1,D,EVALUATION_ONLY_JOIN_AFTER_PREMATCH_FEATURE_FREEZE,3.45,3.68,1.98,EXTERNAL_HISTORICAL_MARKET_BENCHMARK,NOT_AVAILABLE,NOT_GOLDBET,cd6b990c5ea501b39a487a5370e76c60ee7b990ee10da6d711a1803635056710
ee2071c75b3e4cf1eda3aa7c,Eliteserien,2022,DEVELOPMENT,2022-08-20,17:00,MATCH_KICKOFF_TIME_TIMEZONE_NOT_STATED_BY_SOURCE,,NOT_VERIFIED_DO_NOT_INFER,Bodo/Glimt,HamKam,2,2,D,EVALUATION_ONLY_JOIN_AFTER_PREMATCH_FEATURE_FREEZE,1.17,7.58,13.58,EXTERNAL_HISTORICAL_MARKET_BENCHMARK,NOT_AVAILABLE,NOT_GOLDBET,198f576047ea247d22e8369cadecd4a4adaf451c71f6c4fdab8e0e7e84ebc765
5a8538b1a0bab2f998a28a39,Eliteserien,2022,DEVELOPMENT,2022-08-20,17:00,MATCH_KICKOFF_TIME_TIMEZONE_NOT_STATED_BY_SOURCE,,NOT_VERIFIED_DO_NOT_INFER,Odd,Sarpsborg 08,1,0,H,EVALUATION_ONLY_JOIN_AFTER_PREMATCH_FEATURE_FREEZE,2.7,3.72,2.37,EXTERNAL_HISTORICAL_MARKET_BENCHMARK,NOT_AVAILABLE,NOT_GOLDBET,b2ffdf6ee6a7f2c8ef50c58c1b53cdacbd50eeb98a0c9b4f82ae8868acc02026
d11bfccb8b1274b6feaeac82,Eliteserien,2022,DEVELOPMENT,2022-08-21,17:00,MATCH_KICKOFF_TIME_TIMEZONE_NOT_STATED_BY_SOURCE,,NOT_VERIFIED_DO_NOT_INFER,Haugesund,Molde,0,1,A,EVALUATION_ONLY_JOIN_AFTER_PREMATCH_FEATURE_FREEZE,3.7,3.9,1.86,EXTERNAL_HISTORICAL_MARKET_BENCHMARK,NOT_AVAILABLE,NOT_GOLDBET,465b75a43621e62506efd1799465e86d44d9f385fbdfa449669fe49f738c2158
5d9ee911b03f3bafe6433f46,Eliteserien,2022,DEVELOPMENT,2022-08-21,17:00,MATCH_KICKOFF_TIME_TIMEZONE_NOT_STATED_BY_SOURCE,,NOT_VERIFIED_DO_NOT_INFER,Lillestrom,Sandefjord,3,0,H,EVALUATION_ONLY_JOIN_AFTER_PREMATCH_FEATURE_FREEZE,1.23,6.35,11.37,EXTERNAL_HISTORICAL_MARKET_BENCHMARK,NOT_AVAILABLE,NOT_GOLDBET,77683e57357c42809ac1510535ab02dadd227008d650eab0f94553e77edcf0ed
53928d987ceb9f9b65d807cb,Eliteserien,2022,DEVELOPMENT,2022-08-21,17:00,MATCH_KICKOFF_TIME_TIMEZONE_NOT_STATED_BY_SOURCE,,NOT_VERIFIED_DO_NOT_INFER,Stromsgodset,Jerv,6,0,H,EVALUATION_ONLY_JOIN_AFTER_PREMATCH_FEATURE_FREEZE,1.3,5.87,8.29,EXTERNAL_HISTORICAL_MARKET_BENCHMARK,NOT_AVAILABLE,NOT_GOLDBET,9b7094082490a11f3c80665ade6937634f532238e2eafe7ae443d194faf6dd00
7e546ac0b8c65d8190e9401a,Eliteserien,2022,DEVELOPMENT,2022-08-21,17:00,MATCH_KICKOFF_TIME_TIMEZONE_NOT_STATED_BY_SOURCE,,NOT_VERIFIED_DO_NOT_INFER,Valerenga,Tromso,1,0,H,EVALUATION_ONLY_JOIN_AFTER_PREMATCH_FEATURE_FREEZE,1.65,4.04,4.8,EXTERNAL_HISTORICAL_MARKET_BENCHMARK,NOT_AVAILABLE,NOT_GOLDBET,a3db5012e92e3b026916edc3db090f3e54d0910034516d1ef47f45f1a449f249
6c8b2a1d36fe0d4ec7d6d873,Eliteserien,2022,DEVELOPMENT,2022-08-21,19:00,MATCH_KICKOFF_TIME_TIMEZONE_NOT_STATED_BY_SOURCE,,NOT_VERIFIED_DO_NOT_INFER,Rosenborg,Aalesund,2,1,H,EVALUATION_ONLY_JOIN_AFTER_PREMATCH_FEATURE_FREEZE,1.39,4.92,7.1,EXTERNAL_HISTORICAL_MARKET_BENCHMARK,NOT_AVAILABLE,NOT_GOLDBET,5b3fbd9aec850e9a7a02e384a206c77be9be9add400cdf47d8ce71536e392cf1
645f9bd00767996a8b1d2c72,Eliteserien,2022,DEVELOPMENT,2022-08-27,17:00,MATCH_KICKOFF_TIME_TIMEZONE_NOT_STATED_BY_SOURCE,,NOT_VERIFIED_DO_NOT_INFER,Jerv,Bodo/Glimt,0,2,A,EVALUATION_ONLY_JOIN_AFTER_PREMATCH_FEATURE_FREEZE,11.37,7.21,1.2,EXTERNAL_HISTORICAL_MARKET_BENCHMARK,NOT_AVAILABLE,NOT_GOLDBET,752f47b0717bb27c24303954aa020964c3eb92da0be1fa143d170d21fe686c06
01ed681f53d960cf12a9c071,Eliteserien,2022,DEVELOPMENT,2022-08-27,17:00,MATCH_KICKOFF_TIME_TIMEZONE_NOT_STATED_BY_SOURCE,,NOT_VERIFIED_DO_NOT_INFER,Sandefjord,Stromsgodset,2,2,D,EVALUATION_ONLY_JOIN_AFTER_PREMATCH_FEATURE_FREEZE,3.47,3.86,1.95,EXTERNAL_HISTORICAL_MARKET_BENCHMARK,NOT_AVAILABLE,NOT_GOLDBET,145d417199ab7b676df562bbcade3a13e6b91777fc5f5ceaab7f6cf126dfb72b
d2677aaf9862e35937b03d7f,Eliteserien,2022,DEVELOPMENT,2022-08-28,17:00,MATCH_KICKOFF_TIME_TIMEZONE_NOT_STATED_BY_SOURCE,,NOT_VERIFIED_DO_NOT_INFER,Aalesund,Odd,1,1,D,EVALUATION_ONLY_JOIN_AFTER_PREMATCH_FEATURE_FREEZE,1.94,3.69,3.6,EXTERNAL_HISTORICAL_MARKET_BENCHMARK,NOT_AVAILABLE,NOT_GOLDBET,cac4acbbca69c23537223f59b6f2a1b1c05dfbdc8de8d398da19e5856f780f1e
3a74895258a2c17800a30f95,Eliteserien,2022,DEVELOPMENT,2022-08-28,17:00,MATCH_KICKOFF_TIME_TIMEZONE_NOT_STATED_BY_SOURCE,,NOT_VERIFIED_DO_NOT_INFER,HamKam,Haugesund,1,0,H,EVALUATION_ONLY_JOIN_AFTER_PREMATCH_FEATURE_FREEZE,2.21,3.35,3.19,EXTERNAL_HISTORICAL_MARKET_BENCHMARK,NOT_AVAILABLE,NOT_GOLDBET,974f33a6bff688dc5bbb337c9135e497d684f6af52fce0af54f42061f24ea317
67de51e81ddb5e46809e87fa,Eliteserien,2022,DEVELOPMENT,2022-08-28,17:00,MATCH_KICKOFF_TIME_TIMEZONE_NOT_STATED_BY_SOURCE,,NOT_VERIFIED_DO_NOT_INFER,Lillestrom,Kristiansund,1,1,D,EVALUATION_ONLY_JOIN_AFTER_PREMATCH_FEATURE_FREEZE,1.48,4.33,6.32,EXTERNAL_HISTORICAL_MARKET_BENCHMARK,NOT_AVAILABLE,NOT_GOLDBET,cb608443c21d71b75838e9eae64307bf17c15752cace21df80860f4569a1122d
1e2417f29ef98e41995830ea,Eliteserien,2022,DEVELOPMENT,2022-08-28,17:00,MATCH_KICKOFF_TIME_TIMEZONE_NOT_STATED_BY_SOURCE,,NOT_VERIFIED_DO_NOT_INFER,Molde,Sarpsborg 08,4,1,H,EVALUATION_ONLY_JOIN_AFTER_PREMATCH_FEATURE_FREEZE,1.36,5.34,7.19,EXTERNAL_HISTORICAL_MARKET_BENCHMARK,NOT_AVAILABLE,NOT_GOLDBET,a9cb27c8e1f29f4bc8094b276a7ac0a533aed00fb4a5893188ded0ba82a91b47
2898b8ff266627a858272fa0,Eliteserien,2022,DEVELOPMENT,2022-08-28,17:00,MATCH_KICKOFF_TIME_TIMEZONE_NOT_STATED_BY_SOURCE,,NOT_VERIFIED_DO_NOT_INFER,Viking,Valerenga,1,2,A,EVALUATION_ONLY_JOIN_AFTER_PREMATCH_FEATURE_FREEZE,2.31,3.66,2.79,EXTERNAL_HISTORICAL_MARKET_BENCHMARK,NOT_AVAILABLE,NOT_GOLDBET,c816dbfa61dcc5070c475a9567d4315ecd350e30b2aa0ba3a5af8bfc46a15e77
f76a68bfec79ec8cbadbddbb,Eliteserien,2022,DEVELOPMENT,2022-08-28,19:00,MATCH_KICKOFF_TIME_TIMEZONE_NOT_STATED_BY_SOURCE,,NOT_VERIFIED_DO_NOT_INFER,Tromso,Rosenborg,4,3,H,EVALUATION_ONLY_JOIN_AFTER_PREMATCH_FEATURE_FREEZE,2.79,3.42,2.42,EXTERNAL_HISTORICAL_MARKET_BENCHMARK,NOT_AVAILABLE,NOT_GOLDBET,752f2a4a45769c3b2a2d05c5a3b6401b007a7a6f07b7e89922ab5755bd9e0792
4d963406c4f679d0bba7e7cb,Eliteserien,2022,DEVELOPMENT,2022-08-31,18:00,MATCH_KICKOFF_TIME_TIMEZONE_NOT_STATED_BY_SOURCE,,NOT_VERIFIED_DO_NOT_INFER,Kristiansund,Viking,2,1,H,EVALUATION_ONLY_JOIN_AFTER_PREMATCH_FEATURE_FREEZE,2.87,3.53,2.32,EXTERNAL_HISTORICAL_MARKET_BENCHMARK,NOT_AVAILABLE,NOT_GOLDBET,997f57881bb69205bfe51c763a3a49079289aec6e39c60d49b5a85d12b77a056
8addf41689184d34a5caa473,Eliteserien,2022,DEVELOPMENT,2022-08-31,18:00,MATCH_KICKOFF_TIME_TIMEZONE_NOT_STATED_BY_SOURCE,,NOT_VERIFIED_DO_NOT_INFER,Tromso,Stromsgodset,1,0,H,EVALUATION_ONLY_JOIN_AFTER_PREMATCH_FEATURE_FREEZE,2.03,3.56,3.45,EXTERNAL_HISTORICAL_MARKET_BENCHMARK,NOT_AVAILABLE,NOT_GOLDBET,5edb704ed6830cf1107b903ad5a8dfc7c2aed33fd3f97ef7563ee4ed69bef3a0
08683a9afc1844862c05ef93,Eliteserien,2022,DEVELOPMENT,2022-09-03,17:00,MATCH_KICKOFF_TIME_TIMEZONE_NOT_STATED_BY_SOURCE,,NOT_VERIFIED_DO_NOT_INFER,Bodo/Glimt,Molde,1,4,A,EVALUATION_ONLY_JOIN_AFTER_PREMATCH_FEATURE_FREEZE,1.67,4.2,4.47,EXTERNAL_HISTORICAL_MARKET_BENCHMARK,NOT_AVAILABLE,NOT_GOLDBET,56424110a8d3790810c42585c42f37f052154b6aaaa9bbc4d8c3d933eec0f782
74fb7105f282194fbeb4cfb6,Eliteserien,2022,DEVELOPMENT,2022-09-04,17:00,MATCH_KICKOFF_TIME_TIMEZONE_NOT_STATED_BY_SOURCE,,NOT_VERIFIED_DO_NOT_INFER,Haugesund,Tromso,2,1,H,EVALUATION_ONLY_JOIN_AFTER_PREMATCH_FEATURE_FREEZE,2.56,3.22,2.75,EXTERNAL_HISTORICAL_MARKET_BENCHMARK,NOT_AVAILABLE,NOT_GOLDBET,a01114cfa1e55ffd0a120de6df1d8c8b8df9d5117e94c4b6149676e90c390a94
2d157a930f278ea5da055c66,Eliteserien,2022,DEVELOPMENT,2022-09-04,17:00,MATCH_KICKOFF_TIME_TIMEZONE_NOT_STATED_BY_SOURCE,,NOT_VERIFIED_DO_NOT_INFER,Kristiansund,Sandefjord,3,1,H,EVALUATION_ONLY_JOIN_AFTER_PREMATCH_FEATURE_FREEZE,1.71,4.09,4.31,EXTERNAL_HISTORICAL_MARKET_BENCHMARK,NOT_AVAILABLE,NOT_GOLDBET,c9e5137b6f0e5abd833283634e7ccf848e6cc7c584a3ffcb9fb2b4d6f5a520ec
fa69fa6cbbba854a89bdf972,Eliteserien,2022,DEVELOPMENT,2022-09-04,17:00,MATCH_KICKOFF_TIME_TIMEZONE_NOT_STATED_BY_SOURCE,,NOT_VERIFIED_DO_NOT_INFER,Odd,Jerv,2,1,H,EVALUATION_ONLY_JOIN_AFTER_PREMATCH_FEATURE_FREEZE,1.36,5.2,7.4,EXTERNAL_HISTORICAL_MARKET_BENCHMARK,NOT_AVAILABLE,NOT_GOLDBET,d67bdf8d6bbf3e90aad57d78e24bd92eda6a259acd73b636673a72f70af5cb59
db07f06f63346ac76a41c341,Eliteserien,2022,DEVELOPMENT,2022-09-04,17:00,MATCH_KICKOFF_TIME_TIMEZONE_NOT_STATED_BY_SOURCE,,NOT_VERIFIED_DO_NOT_INFER,Rosenborg,Viking,4,1,H,EVALUATION_ONLY_JOIN_AFTER_PREMATCH_FEATURE_FREEZE,1.83,3.87,3.87,EXTERNAL_HISTORICAL_MARKET_BENCHMARK,NOT_AVAILABLE,NOT_GOLDBET,98c19daabe0148f8dc6c6d7685ad254bc287529cc8ac866665e60225b18fcec3
da080374cf7c301e9ab6260e,Eliteserien,2022,DEVELOPMENT,2022-09-04,17:00,MATCH_KICKOFF_TIME_TIMEZONE_NOT_STATED_BY_SOURCE,,NOT_VERIFIED_DO_NOT_INFER,Sarpsborg 08,HamKam,2,1,H,EVALUATION_ONLY_JOIN_AFTER_PREMATCH_FEATURE_FREEZE,1.69,3.92,4.62,EXTERNAL_HISTORICAL_MARKET_BENCHMARK,NOT_AVAILABLE,NOT_GOLDBET,0e83ba5c4de2f33b666ffabe4db2355774c422683aeada7b4f7bfe8547f56060
3a5f5d0b48b8fdceb34bb0ce,Eliteserien,2022,DEVELOPMENT,2022-09-04,17:00,MATCH_KICKOFF_TIME_TIMEZONE_NOT_STATED_BY_SOURCE,,NOT_VERIFIED_DO_NOT_INFER,Stromsgodset,Aalesund,1,2,A,EVALUATION_ONLY_JOIN_AFTER_PREMATCH_FEATURE_FREEZE,1.78,3.86,4.11,EXTERNAL_HISTORICAL_MARKET_BENCHMARK,NOT_AVAILABLE,NOT_GOLDBET,fc63b6c92104dff7fad7ea03e8efaf1a11b5c2824bc63cce1fa4caf99710b885
7ed250880a53b0c5ca82a759,Eliteserien,2022,DEVELOPMENT,2022-09-04,19:00,MATCH_KICKOFF_TIME_TIMEZONE_NOT_STATED_BY_SOURCE,,NOT_VERIFIED_DO_NOT_INFER,Valerenga,Lillestrom,3,1,H,EVALUATION_ONLY_JOIN_AFTER_PREMATCH_FEATURE_FREEZE,2.24,3.43,3.08,EXTERNAL_HISTORICAL_MARKET_BENCHMARK,NOT_AVAILABLE,NOT_GOLDBET,cfb736aecebae543dea21de8308c5b4ddda84829bbbb7972e39f02102a4b0060
14306468b3354482a06d8363,Eliteserien,2022,DEVELOPMENT,2022-09-10,15:00,MATCH_KICKOFF_TIME_TIMEZONE_NOT_STATED_BY_SOURCE,,NOT_VERIFIED_DO_NOT_INFER,Sandefjord,Odd,1,3,A,EVALUATION_ONLY_JOIN_AFTER_PREMATCH_FEATURE_FREEZE,2.58,3.45,2.58,EXTERNAL_HISTORICAL_MARKET_BENCHMARK,NOT_AVAILABLE,NOT_GOLDBET,65e02f43add46a3eaae2110e4a930351b47a1b40683ffbabec534c92b2b60091
bc0c9cc1a98e0119f8ba8c66,Eliteserien,2022,DEVELOPMENT,2022-09-10,17:00,MATCH_KICKOFF_TIME_TIMEZONE_NOT_STATED_BY_SOURCE,,NOT_VERIFIED_DO_NOT_INFER,Lillestrom,Stromsgodset,2,1,H,EVALUATION_ONLY_JOIN_AFTER_PREMATCH_FEATURE_FREEZE,1.64,4.02,4.91,EXTERNAL_HISTORICAL_MARKET_BENCHMARK,NOT_AVAILABLE,NOT_GOLDBET,a27e2f18eef61125bf5898d591de3cfc130e13118166e8d432d2bd1df87fbb0d
af829cce2499bf71b53d837d,Eliteserien,2022,DEVELOPMENT,2022-09-11,17:00,MATCH_KICKOFF_TIME_TIMEZONE_NOT_STATED_BY_SOURCE,,NOT_VERIFIED_DO_NOT_INFER,Aalesund,Sarpsborg 08,1,3,A,EVALUATION_ONLY_JOIN_AFTER_PREMATCH_FEATURE_FREEZE,2.14,3.6,3.14,EXTERNAL_HISTORICAL_MARKET_BENCHMARK,NOT_AVAILABLE,NOT_GOLDBET,800251c862c66d371ae0dd50fae5e35cebbe6897b3454a0b70a222a2d7ae6532
ab1c6da662dd5dbd3ef280b9,Eliteserien,2022,DEVELOPMENT,2022-09-11,17:00,MATCH_KICKOFF_TIME_TIMEZONE_NOT_STATED_BY_SOURCE,,NOT_VERIFIED_DO_NOT_INFER,HamKam,Viking,1,2,A,EVALUATION_ONLY_JOIN_AFTER_PREMATCH_FEATURE_FREEZE,2.3,3.36,3.04,EXTERNAL_HISTORICAL_MARKET_BENCHMARK,NOT_AVAILABLE,NOT_GOLDBET,3d4e8a837f0a25966c4e9f7a025f9d7ac08182ffddcd01fa5ba4fbf813a17ac8
a0ca3a321663188fbed0729f,Eliteserien,2022,DEVELOPMENT,2022-09-11,17:00,MATCH_KICKOFF_TIME_TIMEZONE_NOT_STATED_BY_SOURCE,,NOT_VERIFIED_DO_NOT_INFER,Jerv,Molde,2,4,A,EVALUATION_ONLY_JOIN_AFTER_PREMATCH_FEATURE_FREEZE,11.24,6.59,1.22,EXTERNAL_HISTORICAL_MARKET_BENCHMARK,NOT_AVAILABLE,NOT_GOLDBET,042ce54129db58409a8c860b58a063cbfcdcf2e8ec6749f8301d573c874a1988
f4bd5af9d73bf306f11cbe21,Eliteserien,2022,DEVELOPMENT,2022-09-11,17:00,MATCH_KICKOFF_TIME_TIMEZONE_NOT_STATED_BY_SOURCE,,NOT_VERIFIED_DO_NOT_INFER,Kristiansund,Valerenga,3,2,H,EVALUATION_ONLY_JOIN_AFTER_PREMATCH_FEATURE_FREEZE,3.91,3.93,1.81,EXTERNAL_HISTORICAL_MARKET_BENCHMARK,NOT_AVAILABLE,NOT_GOLDBET,8d5c45d53d15e66cf354ee1cd646b72b81eb0b1fbeaebcd1e909b22fb900916e
6ad5d61c75297e1c7d8050ec,Eliteserien,2022,DEVELOPMENT,2022-09-11,17:00,MATCH_KICKOFF_TIME_TIMEZONE_NOT_STATED_BY_SOURCE,,NOT_VERIFIED_DO_NOT_INFER,Tromso,Bodo/Glimt,3,2,H,EVALUATION_ONLY_JOIN_AFTER_PREMATCH_FEATURE_FREEZE,3.72,3.6,1.94,EXTERNAL_HISTORICAL_MARKET_BENCHMARK,NOT_AVAILABLE,NOT_GOLDBET,aca2b7558e13da5bdd2a77b7cc7bd79df8160eefede047a9c3e7ca92e061cf62
4e2c0d9ef352eee5cbd159e9,Eliteserien,2022,DEVELOPMENT,2022-09-11,19:00,MATCH_KICKOFF_TIME_TIMEZONE_NOT_STATED_BY_SOURCE,,NOT_VERIFIED_DO_NOT_INFER,Haugesund,Rosenborg,2,1,H,EVALUATION_ONLY_JOIN_AFTER_PREMATCH_FEATURE_FREEZE,3.15,3.6,2.13,EXTERNAL_HISTORICAL_MARKET_BENCHMARK,NOT_AVAILABLE,NOT_GOLDBET,cd37d6d92d25884a879b8bf50052d2433ef472374edafae3dfe294320609eb93
657710f363593784281d0368,Eliteserien,2022,DEVELOPMENT,2022-09-17,17:00,MATCH_KICKOFF_TIME_TIMEZONE_NOT_STATED_BY_SOURCE,,NOT_VERIFIED_DO_NOT_INFER,Odd,HamKam,2,0,H,EVALUATION_ONLY_JOIN_AFTER_PREMATCH_FEATURE_FREEZE,2.24,3.42,3.09,EXTERNAL_HISTORICAL_MARKET_BENCHMARK,NOT_AVAILABLE,NOT_GOLDBET,fc1aefce92448644433cab12c395054dc1ea1a1a6a89d285873941a7711f8374
5e4cfa51da907ccb7bce2585,Eliteserien,2022,DEVELOPMENT,2022-09-18,17:00,MATCH_KICKOFF_TIME_TIMEZONE_NOT_STATED_BY_SOURCE,,NOT_VERIFIED_DO_NOT_INFER,Bodo/Glimt,Haugesund,1,1,D,EVALUATION_ONLY_JOIN_AFTER_PREMATCH_FEATURE_FREEZE,1.22,6.5,11.12,EXTERNAL_HISTORICAL_MARKET_BENCHMARK,NOT_AVAILABLE,NOT_GOLDBET,63737fb937ca6928a262ad5f87bbb0f619452eb294b10affb30b546d40f81239
8daa1751762ec00f0a1147ee,Eliteserien,2022,DEVELOPMENT,2022-09-18,17:00,MATCH_KICKOFF_TIME_TIMEZONE_NOT_STATED_BY_SOURCE,,NOT_VERIFIED_DO_NOT_INFER,Rosenborg,Lillestrom,3,1,H,EVALUATION_ONLY_JOIN_AFTER_PREMATCH_FEATURE_FREEZE,1.84,3.69,3.99,EXTERNAL_HISTORICAL_MARKET_BENCHMARK,NOT_AVAILABLE,NOT_GOLDBET,ca74ec2fef3bcd15195a3435eebb90f53a38750dd71102f43f17df26668cd15c
4b2481361bd93f0b50e68b65,Eliteserien,2022,DEVELOPMENT,2022-09-18,17:00,MATCH_KICKOFF_TIME_TIMEZONE_NOT_STATED_BY_SOURCE,,NOT_VERIFIED_DO_NOT_INFER,Sarpsborg 08,Jerv,4,3,H,EVALUATION_ONLY_JOIN_AFTER_PREMATCH_FEATURE_FREEZE,1.2,6.99,11.61,EXTERNAL_HISTORICAL_MARKET_BENCHMARK,NOT_AVAILABLE,NOT_GOLDBET,805ec01c2aa768bd170805c947631c372462c5630782d19da7da0b31cfa10d6e
e0f166fd18e5436838b16a75,Eliteserien,2022,DEVELOPMENT,2022-09-18,17:00,MATCH_KICKOFF_TIME_TIMEZONE_NOT_STATED_BY_SOURCE,,NOT_VERIFIED_DO_NOT_INFER,Stromsgodset,Kristiansund,4,1,H,EVALUATION_ONLY_JOIN_AFTER_PREMATCH_FEATURE_FREEZE,1.87,3.89,3.66,EXTERNAL_HISTORICAL_MARKET_BENCHMARK,NOT_AVAILABLE,NOT_GOLDBET,2d6e292059bac7ed44b3ed64ed27d87c58ddf7b08b196a63cb8ebdf22e005142
20e21313b1a59898c1357254,Eliteserien,2022,DEVELOPMENT,2022-09-18,17:00,MATCH_KICKOFF_TIME_TIMEZONE_NOT_STATED_BY_SOURCE,,NOT_VERIFIED_DO_NOT_INFER,Valerenga,Sandefjord,4,0,H,EVALUATION_ONLY_JOIN_AFTER_PREMATCH_FEATURE_FREEZE,1.3,5.7,8.54,EXTERNAL_HISTORICAL_MARKET_BENCHMARK,NOT_AVAILABLE,NOT_GOLDBET,036534a601076fb9a315c31d802057483bc2e0002d4c00bfaa5d4ae198d20bc3
35d7784ef8303e43f9f89d45,Eliteserien,2022,DEVELOPMENT,2022-09-18,17:00,MATCH_KICKOFF_TIME_TIMEZONE_NOT_STATED_BY_SOURCE,,NOT_VERIFIED_DO_NOT_INFER,Viking,Tromso,2,2,D,EVALUATION_ONLY_JOIN_AFTER_PREMATCH_FEATURE_FREEZE,2.02,3.52,3.54,EXTERNAL_HISTORICAL_MARKET_BENCHMARK,NOT_AVAILABLE,NOT_GOLDBET,47cab837d291017c3340b09dfeb445ae710bacde6b7afefc3453a1cc8b6ab4c0
8dfecc7d37b0aac24ae04cb7,Eliteserien,2022,DEVELOPMENT,2022-09-18,19:00,MATCH_KICKOFF_TIME_TIMEZONE_NOT_STATED_BY_SOURCE,,NOT_VERIFIED_DO_NOT_INFER,Molde,Aalesund,3,0,H,EVALUATION_ONLY_JOIN_AFTER_PREMATCH_FEATURE_FREEZE,1.29,5.89,8.65,EXTERNAL_HISTORICAL_MARKET_BENCHMARK,NOT_AVAILABLE,NOT_GOLDBET,bd597a3504a0491faa76287cb1aff983565a3e978538fbf9dee2335ff75b1dd2
80ad94a9649078a5ad061b27,Eliteserien,2022,DEVELOPMENT,2022-10-01,15:00,MATCH_KICKOFF_TIME_TIMEZONE_NOT_STATED_BY_SOURCE,,NOT_VERIFIED_DO_NOT_INFER,Tromso,Molde,0,1,A,EVALUATION_ONLY_JOIN_AFTER_PREMATCH_FEATURE_FREEZE,3.17,3.64,2.13,EXTERNAL_HISTORICAL_MARKET_BENCHMARK,NOT_AVAILABLE,NOT_GOLDBET,225399225caa045745ea44cbedc5c68c63a5d8a4b691bb3bfbbe1c2f27174d51
1b0128420af3b5d4518bc84d,Eliteserien,2022,DEVELOPMENT,2022-10-01,17:00,MATCH_KICKOFF_TIME_TIMEZONE_NOT_STATED_BY_SOURCE,,NOT_VERIFIED_DO_NOT_INFER,Lillestrom,Bodo/Glimt,1,4,A,EVALUATION_ONLY_JOIN_AFTER_PREMATCH_FEATURE_FREEZE,2.98,3.54,2.26,EXTERNAL_HISTORICAL_MARKET_BENCHMARK,NOT_AVAILABLE,NOT_GOLDBET,66b9c358c1e95256cd1812064572f05815ce073f3fb4da03dcb69c291d059701
3ecf898c55c91fd8160ea947,Eliteserien,2022,DEVELOPMENT,2022-10-01,17:00,MATCH_KICKOFF_TIME_TIMEZONE_NOT_STATED_BY_SOURCE,,NOT_VERIFIED_DO_NOT_INFER,Valerenga,Stromsgodset,4,0,H,EVALUATION_ONLY_JOIN_AFTER_PREMATCH_FEATURE_FREEZE,1.53,4.49,5.36,EXTERNAL_HISTORICAL_MARKET_BENCHMARK,NOT_AVAILABLE,NOT_GOLDBET,116a90e380bbd802df5cb5f1f8e51206c5675e178ba10d1ce7e0ad6734b45cfb
cca56ce9dff5189085e38369,Eliteserien,2022,DEVELOPMENT,2022-10-02,16:00,MATCH_KICKOFF_TIME_TIMEZONE_NOT_STATED_BY_SOURCE,,NOT_VERIFIED_DO_NOT_INFER,Aalesund,Viking,2,1,H,EVALUATION_ONLY_JOIN_AFTER_PREMATCH_FEATURE_FREEZE,2.46,3.54,2.7,EXTERNAL_HISTORICAL_MARKET_BENCHMARK,NOT_AVAILABLE,NOT_GOLDBET,88f8c569b350fe59e65d6911e17f12d07e99e2b404dbcc88de1f5a13f0f46e8a
9fe64f4260127f2fe7d39d8a,Eliteserien,2022,DEVELOPMENT,2022-10-02,16:00,MATCH_KICKOFF_TIME_TIMEZONE_NOT_STATED_BY_SOURCE,,NOT_VERIFIED_DO_NOT_INFER,HamKam,Jerv,2,1,H,EVALUATION_ONLY_JOIN_AFTER_PREMATCH_FEATURE_FREEZE,1.34,5.29,8.02,EXTERNAL_HISTORICAL_MARKET_BENCHMARK,NOT_AVAILABLE,NOT_GOLDBET,5b3f2ca248198873ab96bf7c26858b4c3807c20b1e2fd01a5cdb87dddd1da583
d7370da54ac5a88987cedd71,Eliteserien,2022,DEVELOPMENT,2022-10-02,16:00,MATCH_KICKOFF_TIME_TIMEZONE_NOT_STATED_BY_SOURCE,,NOT_VERIFIED_DO_NOT_INFER,Haugesund,Odd,2,2,D,EVALUATION_ONLY_JOIN_AFTER_PREMATCH_FEATURE_FREEZE,1.88,3.65,3.95,EXTERNAL_HISTORICAL_MARKET_BENCHMARK,NOT_AVAILABLE,NOT_GOLDBET,d98c70c62050fe8c2f50e5010562e84f030741442f572dab36bf80bc49e5932a
aff7f2b95669bd25899a8067,Eliteserien,2022,DEVELOPMENT,2022-10-02,16:00,MATCH_KICKOFF_TIME_TIMEZONE_NOT_STATED_BY_SOURCE,,NOT_VERIFIED_DO_NOT_INFER,Sandefjord,Sarpsborg 08,1,1,D,EVALUATION_ONLY_JOIN_AFTER_PREMATCH_FEATURE_FREEZE,3.47,3.88,1.95,EXTERNAL_HISTORICAL_MARKET_BENCHMARK,NOT_AVAILABLE,NOT_GOLDBET,c866fb19148b6a3940f3e508922ddeb4de4726016ce5fd2c57b5d699e6ab9c7e
452760b351627edd99eefb28,Eliteserien,2022,DEVELOPMENT,2022-10-02,18:00,MATCH_KICKOFF_TIME_TIMEZONE_NOT_STATED_BY_SOURCE,,NOT_VERIFIED_DO_NOT_INFER,Kristiansund,Rosenborg,4,4,D,EVALUATION_ONLY_JOIN_AFTER_PREMATCH_FEATURE_FREEZE,3.74,4.03,1.83,EXTERNAL_HISTORICAL_MARKET_BENCHMARK,NOT_AVAILABLE,NOT_GOLDBET,7707ff4041a2cde1638ce77661de74cd9b8f5c4184479d11a04099ecceb2cd0a
7054d3b5cb021651674816f4,Eliteserien,2022,DEVELOPMENT,2022-10-08,17:00,MATCH_KICKOFF_TIME_TIMEZONE_NOT_STATED_BY_SOURCE,,NOT_VERIFIED_DO_NOT_INFER,Sarpsborg 08,Haugesund,4,0,H,EVALUATION_ONLY_JOIN_AFTER_PREMATCH_FEATURE_FREEZE,1.81,3.9,3.98,EXTERNAL_HISTORICAL_MARKET_BENCHMARK,NOT_AVAILABLE,NOT_GOLDBET,04f12eef5f8592221693c45a5e25ac0a0d8f4ad293a9091979c1dfe12e0b4216
656f2bb84527f79aeb2543bd,Eliteserien,2022,DEVELOPMENT,2022-10-09,16:00,MATCH_KICKOFF_TIME_TIMEZONE_NOT_STATED_BY_SOURCE,,NOT_VERIFIED_DO_NOT_INFER,Bodo/Glimt,Sandefjord,4,1,H,EVALUATION_ONLY_JOIN_AFTER_PREMATCH_FEATURE_FREEZE,1.11,10.01,17.26,EXTERNAL_HISTORICAL_MARKET_BENCHMARK,NOT_AVAILABLE,NOT_GOLDBET,63f389287f8e4daa2743605f844e1b561cabdac1fa80fe5e371988b3b5e20b9a
b622c54cf9cb9a1463a9e051,Eliteserien,2022,DEVELOPMENT,2022-10-09,16:00,MATCH_KICKOFF_TIME_TIMEZONE_NOT_STATED_BY_SOURCE,,NOT_VERIFIED_DO_NOT_INFER,Molde,HamKam,5,0,H,EVALUATION_ONLY_JOIN_AFTER_PREMATCH_FEATURE_FREEZE,1.22,6.43,11.29,EXTERNAL_HISTORICAL_MARKET_BENCHMARK,NOT_AVAILABLE,NOT_GOLDBET,f7e791dca039a8c059abb5d2a2258d3a0def09e8b76c255059b0dc1f26d2cbe5
b4c9726a74d7564cf3f2fb11,Eliteserien,2022,DEVELOPMENT,2022-10-09,16:00,MATCH_KICKOFF_TIME_TIMEZONE_NOT_STATED_BY_SOURCE,,NOT_VERIFIED_DO_NOT_INFER,Odd,Kristiansund,1,1,D,EVALUATION_ONLY_JOIN_AFTER_PREMATCH_FEATURE_FREEZE,1.82,3.97,3.85,EXTERNAL_HISTORICAL_MARKET_BENCHMARK,NOT_AVAILABLE,NOT_GOLDBET,c0b8280dd57f29cb2c4779df7cc37dc1cd8fd91bdc23e977850e70559dac6dcf
dc5a730501eaaa7cf8421469,Eliteserien,2022,DEVELOPMENT,2022-10-09,16:00,MATCH_KICKOFF_TIME_TIMEZONE_NOT_STATED_BY_SOURCE,,NOT_VERIFIED_DO_NOT_INFER,Stromsgodset,Tromso,1,2,A,EVALUATION_ONLY_JOIN_AFTER_PREMATCH_FEATURE_FREEZE,2.46,3.54,2.68,EXTERNAL_HISTORICAL_MARKET_BENCHMARK,NOT_AVAILABLE,NOT_GOLDBET,c371e7ad230b252fd8733aa713dba6f2018ca0a5dfe95ad8a64505330eee3fc6
10325e23f2cca4509623721a,Eliteserien,2022,DEVELOPMENT,2022-10-09,16:00,MATCH_KICKOFF_TIME_TIMEZONE_NOT_STATED_BY_SOURCE,,NOT_VERIFIED_DO_NOT_INFER,Viking,Lillestrom,0,3,A,EVALUATION_ONLY_JOIN_AFTER_PREMATCH_FEATURE_FREEZE,2.34,3.41,2.92,EXTERNAL_HISTORICAL_MARKET_BENCHMARK,NOT_AVAILABLE,NOT_GOLDBET,cef3f8ad62b67e46060ece2b5a5af489fe537dc53e1c5759d101e08061cd8a6c
8cff46c59b5bd7f1bb18d2d7,Eliteserien,2022,DEVELOPMENT,2022-10-09,18:00,MATCH_KICKOFF_TIME_TIMEZONE_NOT_STATED_BY_SOURCE,,NOT_VERIFIED_DO_NOT_INFER,Rosenborg,Valerenga,3,0,H,EVALUATION_ONLY_JOIN_AFTER_PREMATCH_FEATURE_FREEZE,1.8,3.94,3.92,EXTERNAL_HISTORICAL_MARKET_BENCHMARK,NOT_AVAILABLE,NOT_GOLDBET,628f8fc886eb4c557ee6031957bf02b9b0295ca736b4d528f3350b3324d60ce6
e3da2a43c8258fb345c6e847,Eliteserien,2022,DEVELOPMENT,2022-10-15,15:00,MATCH_KICKOFF_TIME_TIMEZONE_NOT_STATED_BY_SOURCE,,NOT_VERIFIED_DO_NOT_INFER,Tromso,Odd,3,2,H,EVALUATION_ONLY_JOIN_AFTER_PREMATCH_FEATURE_FREEZE,1.72,3.85,4.56,EXTERNAL_HISTORICAL_MARKET_BENCHMARK,NOT_AVAILABLE,NOT_GOLDBET,42a1a6dd46fd3ba61452d874a9da2a9d6e21d0dae3eda8b5708a035764562f58
c4a045fae07059f1d05681ae,Eliteserien,2022,DEVELOPMENT,2022-10-15,17:00,MATCH_KICKOFF_TIME_TIMEZONE_NOT_STATED_BY_SOURCE,,NOT_VERIFIED_DO_NOT_INFER,Rosenborg,Stromsgodset,3,0,H,EVALUATION_ONLY_JOIN_AFTER_PREMATCH_FEATURE_FREEZE,1.31,5.71,8.16,EXTERNAL_HISTORICAL_MARKET_BENCHMARK,NOT_AVAILABLE,NOT_GOLDBET,511fb4f5c471cc9e0b9a403a6e3530e9f50b2c5eb8acf3cda71ff3d9f5b25052
20a3aa1def8572771dbd08c9,Eliteserien,2022,DEVELOPMENT,2022-10-16,16:00,MATCH_KICKOFF_TIME_TIMEZONE_NOT_STATED_BY_SOURCE,,NOT_VERIFIED_DO_NOT_INFER,Aalesund,HamKam,0,0,D,EVALUATION_ONLY_JOIN_AFTER_PREMATCH_FEATURE_FREEZE,2.19,3.4,3.24,EXTERNAL_HISTORICAL_MARKET_BENCHMARK,NOT_AVAILABLE,NOT_GOLDBET,0158c8af107030b86fefcc93beda435b798567736a707a8e47bf1fca88f383ba
f672709a5dcdd56c60e4684d,Eliteserien,2022,DEVELOPMENT,2022-10-16,16:00,MATCH_KICKOFF_TIME_TIMEZONE_NOT_STATED_BY_SOURCE,,NOT_VERIFIED_DO_NOT_INFER,Kristiansund,Haugesund,0,1,A,EVALUATION_ONLY_JOIN_AFTER_PREMATCH_FEATURE_FREEZE,2.27,3.58,2.93,EXTERNAL_HISTORICAL_MARKET_BENCHMARK,NOT_AVAILABLE,NOT_GOLDBET,6502015506ceb8a53f77b93eb33d64425331960fc1539eceed4f5242af3dd28c
f8e9de14ff723d5b9ba90806,Eliteserien,2022,DEVELOPMENT,2022-10-16,16:00,MATCH_KICKOFF_TIME_TIMEZONE_NOT_STATED_BY_SOURCE,,NOT_VERIFIED_DO_NOT_INFER,Sandefjord,Jerv,1,2,A,EVALUATION_ONLY_JOIN_AFTER_PREMATCH_FEATURE_FREEZE,1.59,4.39,4.9,EXTERNAL_HISTORICAL_MARKET_BENCHMARK,NOT_AVAILABLE,NOT_GOLDBET,71c43f21345751056fdd68ff5d9c73b615c6bb4fe065ab199787199f0ca454b4
c5b7756066a71b4e55de5355,Eliteserien,2022,DEVELOPMENT,2022-10-16,16:00,MATCH_KICKOFF_TIME_TIMEZONE_NOT_STATED_BY_SOURCE,,NOT_VERIFIED_DO_NOT_INFER,Valerenga,Bodo/Glimt,0,6,A,EVALUATION_ONLY_JOIN_AFTER_PREMATCH_FEATURE_FREEZE,2.65,3.71,2.41,EXTERNAL_HISTORICAL_MARKET_BENCHMARK,NOT_AVAILABLE,NOT_GOLDBET,09e92562cd3ff4dcd903209c1b5e8232e162437a1d6fc605b754d37c7ec230b8
705119e928416727fa13c0bc,Eliteserien,2022,DEVELOPMENT,2022-10-16,16:00,MATCH_KICKOFF_TIME_TIMEZONE_NOT_STATED_BY_SOURCE,,NOT_VERIFIED_DO_NOT_INFER,Viking,Sarpsborg 08,0,1,A,EVALUATION_ONLY_JOIN_AFTER_PREMATCH_FEATURE_FREEZE,2.04,3.77,3.25,EXTERNAL_HISTORICAL_MARKET_BENCHMARK,NOT_AVAILABLE,NOT_GOLDBET,558eae2ca04327e5a52f3adb830d098a1b57e45ac52b95fbf5d84fb4290c83d9
23dfba744afd8075bfb8d891,Eliteserien,2022,DEVELOPMENT,2022-10-16,18:00,MATCH_KICKOFF_TIME_TIMEZONE_NOT_STATED_BY_SOURCE,,NOT_VERIFIED_DO_NOT_INFER,Lillestrom,Molde,0,1,A,EVALUATION_ONLY_JOIN_AFTER_PREMATCH_FEATURE_FREEZE,3.29,3.61,2.08,EXTERNAL_HISTORICAL_MARKET_BENCHMARK,NOT_AVAILABLE,NOT_GOLDBET,1199d1cc9b8ad392fe93c665ca708074d532fea7c135c8501750b008c60f7f92
af5461d8d6ab1f62bcee45a4,Eliteserien,2022,DEVELOPMENT,2022-10-19,17:00,MATCH_KICKOFF_TIME_TIMEZONE_NOT_STATED_BY_SOURCE,,NOT_VERIFIED_DO_NOT_INFER,Jerv,Aalesund,0,1,A,EVALUATION_ONLY_JOIN_AFTER_PREMATCH_FEATURE_FREEZE,3.57,3.7,1.95,EXTERNAL_HISTORICAL_MARKET_BENCHMARK,NOT_AVAILABLE,NOT_GOLDBET,812ca54840e1165fbd366d84664d398d20649549e5c11fde0ad04b4c90d18517
4be1de5a92f77e53db1df800,Eliteserien,2022,DEVELOPMENT,2022-10-22,17:00,MATCH_KICKOFF_TIME_TIMEZONE_NOT_STATED_BY_SOURCE,,NOT_VERIFIED_DO_NOT_INFER,HamKam,Stromsgodset,1,1,D,EVALUATION_ONLY_JOIN_AFTER_PREMATCH_FEATURE_FREEZE,1.98,3.53,3.63,EXTERNAL_HISTORICAL_MARKET_BENCHMARK,NOT_AVAILABLE,NOT_GOLDBET,0ea38d44a50e2c4684e347361a79e8d3c39d1d35374a69b52bf59554d1426365
057c001f9e7ef98f0d294c36,Eliteserien,2022,DEVELOPMENT,2022-10-22,17:00,MATCH_KICKOFF_TIME_TIMEZONE_NOT_STATED_BY_SOURCE,,NOT_VERIFIED_DO_NOT_INFER,Odd,Valerenga,2,1,H,EVALUATION_ONLY_JOIN_AFTER_PREMATCH_FEATURE_FREEZE,2.92,3.63,2.25,EXTERNAL_HISTORICAL_MARKET_BENCHMARK,NOT_AVAILABLE,NOT_GOLDBET,b1431955840303d6cdbb3e4930d7ad1a1e0cd4a83db04c1caab3cd3372286298
ebbb211e763b1a5ed6c42933,Eliteserien,2022,DEVELOPMENT,2022-10-23,16:00,MATCH_KICKOFF_TIME_TIMEZONE_NOT_STATED_BY_SOURCE,,NOT_VERIFIED_DO_NOT_INFER,Aalesund,Sandefjord,1,0,H,EVALUATION_ONLY_JOIN_AFTER_PREMATCH_FEATURE_FREEZE,1.79,3.89,4.1,EXTERNAL_HISTORICAL_MARKET_BENCHMARK,NOT_AVAILABLE,NOT_GOLDBET,6801a2cc3908d5b985e677a42a23d648a156e39096cbdf21962aaf9a648106be
93dc123af86946904c7dada0,Eliteserien,2022,DEVELOPMENT,2022-10-23,16:00,MATCH_KICKOFF_TIME_TIMEZONE_NOT_STATED_BY_SOURCE,,NOT_VERIFIED_DO_NOT_INFER,Bodo/Glimt,Kristiansund,5,0,H,EVALUATION_ONLY_JOIN_AFTER_PREMATCH_FEATURE_FREEZE,1.16,8.17,13.37,EXTERNAL_HISTORICAL_MARKET_BENCHMARK,NOT_AVAILABLE,NOT_GOLDBET,9efbe05e2feab1742879d8a02f65440fcf5e97de10a927df2ec17d573497442f
ba99ace007e27c8dec847a88,Eliteserien,2022,DEVELOPMENT,2022-10-23,16:00,MATCH_KICKOFF_TIME_TIMEZONE_NOT_STATED_BY_SOURCE,,NOT_VERIFIED_DO_NOT_INFER,Haugesund,Lillestrom,0,1,A,EVALUATION_ONLY_JOIN_AFTER_PREMATCH_FEATURE_FREEZE,2.92,3.4,2.35,EXTERNAL_HISTORICAL_MARKET_BENCHMARK,NOT_AVAILABLE,NOT_GOLDBET,de86a6f21eebdc9c7d16557704d0aeecbb96d5a05a7f6bba3c0e1fa4ebf22390
dd0d971818aef3adee995c26,Eliteserien,2022,DEVELOPMENT,2022-10-23,16:00,MATCH_KICKOFF_TIME_TIMEZONE_NOT_STATED_BY_SOURCE,,NOT_VERIFIED_DO_NOT_INFER,Jerv,Viking,2,2,D,EVALUATION_ONLY_JOIN_AFTER_PREMATCH_FEATURE_FREEZE,4.82,4.19,1.63,EXTERNAL_HISTORICAL_MARKET_BENCHMARK,NOT_AVAILABLE,NOT_GOLDBET,65188ff1037a496e2d63138961055635738dd389e5ea67e941e312f17dd16e74
34aa240a2140a7a18c35b284,Eliteserien,2022,DEVELOPMENT,2022-10-23,16:00,MATCH_KICKOFF_TIME_TIMEZONE_NOT_STATED_BY_SOURCE,,NOT_VERIFIED_DO_NOT_INFER,Sarpsborg 08,Tromso,1,1,D,EVALUATION_ONLY_JOIN_AFTER_PREMATCH_FEATURE_FREEZE,1.87,3.82,3.76,EXTERNAL_HISTORICAL_MARKET_BENCHMARK,NOT_AVAILABLE,NOT_GOLDBET,07b38613c5d27fa575257e5c21ac22a55a8a4602c4c06cf763bc25599cd210f1
275f82e927e4d971214d50be,Eliteserien,2022,DEVELOPMENT,2022-10-23,18:00,MATCH_KICKOFF_TIME_TIMEZONE_NOT_STATED_BY_SOURCE,,NOT_VERIFIED_DO_NOT_INFER,Molde,Rosenborg,2,1,H,EVALUATION_ONLY_JOIN_AFTER_PREMATCH_FEATURE_FREEZE,1.82,3.9,3.91,EXTERNAL_HISTORICAL_MARKET_BENCHMARK,NOT_AVAILABLE,NOT_GOLDBET,2a91c7c1394421116e5f5245d141d63ba86792fb520918922bbe8946504a7700
72cdc2786d6ca06581482c45,Eliteserien,2022,DEVELOPMENT,2022-10-29,17:00,MATCH_KICKOFF_TIME_TIMEZONE_NOT_STATED_BY_SOURCE,,NOT_VERIFIED_DO_NOT_INFER,Stromsgodset,Haugesund,1,2,A,EVALUATION_ONLY_JOIN_AFTER_PREMATCH_FEATURE_FREEZE,2.15,3.72,3.03,EXTERNAL_HISTORICAL_MARKET_BENCHMARK,NOT_AVAILABLE,NOT_GOLDBET,120bdb5fb01e7b98929b1858df8faa6a17861cc514c5585e9c8b02aa27c0447b
ea49ad1843ad359805a85f1c,Eliteserien,2022,DEVELOPMENT,2022-10-29,17:00,MATCH_KICKOFF_TIME_TIMEZONE_NOT_STATED_BY_SOURCE,,NOT_VERIFIED_DO_NOT_INFER,Valerenga,Sarpsborg 08,3,3,D,EVALUATION_ONLY_JOIN_AFTER_PREMATCH_FEATURE_FREEZE,2.09,3.79,3.1,EXTERNAL_HISTORICAL_MARKET_BENCHMARK,NOT_AVAILABLE,NOT_GOLDBET,ecf218e41a0fd07ba57a2481b7e60f0b5283739089753216266c18b8888254b3
67d8a7e68ef9c8c20c206b9f,Eliteserien,2022,DEVELOPMENT,2022-10-30,16:00,MATCH_KICKOFF_TIME_TIMEZONE_NOT_STATED_BY_SOURCE,,NOT_VERIFIED_DO_NOT_INFER,Kristiansund,Aalesund,4,0,H,EVALUATION_ONLY_JOIN_AFTER_PREMATCH_FEATURE_FREEZE,1.73,3.93,4.32,EXTERNAL_HISTORICAL_MARKET_BENCHMARK,NOT_AVAILABLE,NOT_GOLDBET,0f7ba29b59a8758f2f3a3429557db28694d32ec5936f776175e01c49652f43cb
a5047c2ee5b1633e8dd2ccb3,Eliteserien,2022,DEVELOPMENT,2022-10-30,16:00,MATCH_KICKOFF_TIME_TIMEZONE_NOT_STATED_BY_SOURCE,,NOT_VERIFIED_DO_NOT_INFER,Lillestrom,Odd,0,2,A,EVALUATION_ONLY_JOIN_AFTER_PREMATCH_FEATURE_FREEZE,1.39,4.86,7.31,EXTERNAL_HISTORICAL_MARKET_BENCHMARK,NOT_AVAILABLE,NOT_GOLDBET,ecec4f7b898c2120c0651c6f72135ef981a3fbadb41d958e372c4960fbbbebf5
a72b1f3bed6e7446bb87db59,Eliteserien,2022,DEVELOPMENT,2022-10-30,16:00,MATCH_KICKOFF_TIME_TIMEZONE_NOT_STATED_BY_SOURCE,,NOT_VERIFIED_DO_NOT_INFER,Rosenborg,Bodo/Glimt,3,2,H,EVALUATION_ONLY_JOIN_AFTER_PREMATCH_FEATURE_FREEZE,2.34,3.56,2.82,EXTERNAL_HISTORICAL_MARKET_BENCHMARK,NOT_AVAILABLE,NOT_GOLDBET,bf27ad6fd29969e6de9058ca64ab5506caf85c532e3e7c3824ce805c544a3321
798d57870d54c4919a837385,Eliteserien,2022,DEVELOPMENT,2022-10-30,16:00,MATCH_KICKOFF_TIME_TIMEZONE_NOT_STATED_BY_SOURCE,,NOT_VERIFIED_DO_NOT_INFER,Sandefjord,HamKam,1,2,A,EVALUATION_ONLY_JOIN_AFTER_PREMATCH_FEATURE_FREEZE,2.63,3.28,2.66,EXTERNAL_HISTORICAL_MARKET_BENCHMARK,NOT_AVAILABLE,NOT_GOLDBET,b1057b5e183485e4566ebd627237703fb1064e247d15e9a883412ee47ef0b481
4204b743836b3d3b83ba16cf,Eliteserien,2022,DEVELOPMENT,2022-10-30,16:00,MATCH_KICKOFF_TIME_TIMEZONE_NOT_STATED_BY_SOURCE,,NOT_VERIFIED_DO_NOT_INFER,Tromso,Jerv,2,2,D,EVALUATION_ONLY_JOIN_AFTER_PREMATCH_FEATURE_FREEZE,1.28,6.04,8.87,EXTERNAL_HISTORICAL_MARKET_BENCHMARK,NOT_AVAILABLE,NOT_GOLDBET,f0fb66b38a6445593ca71c3be88f4cbdf39b1d645f10cf9d0fed5a96ce5a7e01
5208435169a766b8660fef4f,Eliteserien,2022,DEVELOPMENT,2022-10-30,18:00,MATCH_KICKOFF_TIME_TIMEZONE_NOT_STATED_BY_SOURCE,,NOT_VERIFIED_DO_NOT_INFER,Viking,Molde,1,4,A,EVALUATION_ONLY_JOIN_AFTER_PREMATCH_FEATURE_FREEZE,2.6,3.75,2.43,EXTERNAL_HISTORICAL_MARKET_BENCHMARK,NOT_AVAILABLE,NOT_GOLDBET,4076dd73ae51b975f494d48d299e6342c72bb4fa2ef3006c314291d16c8ca6ff
a2399f042ebc4575ec2f83c2,Eliteserien,2022,DEVELOPMENT,2022-11-06,16:00,MATCH_KICKOFF_TIME_TIMEZONE_NOT_STATED_BY_SOURCE,,NOT_VERIFIED_DO_NOT_INFER,Aalesund,Lillestrom,2,1,H,EVALUATION_ONLY_JOIN_AFTER_PREMATCH_FEATURE_FREEZE,4.2,3.58,1.83,EXTERNAL_HISTORICAL_MARKET_BENCHMARK,NOT_AVAILABLE,NOT_GOLDBET,880add95b89311cfe3dadfc2dff645597a499c82226aa92a83922cbafe63829b
3f98035b0f8aa27576d2ed21,Eliteserien,2022,DEVELOPMENT,2022-11-06,16:00,MATCH_KICKOFF_TIME_TIMEZONE_NOT_STATED_BY_SOURCE,,NOT_VERIFIED_DO_NOT_INFER,Bodo/Glimt,Viking,5,4,H,EVALUATION_ONLY_JOIN_AFTER_PREMATCH_FEATURE_FREEZE,1.2,7.06,11.66,EXTERNAL_HISTORICAL_MARKET_BENCHMARK,NOT_AVAILABLE,NOT_GOLDBET,b573e423e07513c110bee7d527fa00311037740b14222e4ffdb755bec5c077ba
958d4c07d58a00cc942fec0a,Eliteserien,2022,DEVELOPMENT,2022-11-06,16:00,MATCH_KICKOFF_TIME_TIMEZONE_NOT_STATED_BY_SOURCE,,NOT_VERIFIED_DO_NOT_INFER,HamKam,Tromso,1,2,A,EVALUATION_ONLY_JOIN_AFTER_PREMATCH_FEATURE_FREEZE,2.46,3.28,2.84,EXTERNAL_HISTORICAL_MARKET_BENCHMARK,NOT_AVAILABLE,NOT_GOLDBET,cfb681c9c296144df4aaec32f9eee2f0b42938392a40949429d55972e2cf7273
c94d8a427963075429c1ef0c,Eliteserien,2022,DEVELOPMENT,2022-11-06,16:00,MATCH_KICKOFF_TIME_TIMEZONE_NOT_STATED_BY_SOURCE,,NOT_VERIFIED_DO_NOT_INFER,Haugesund,Valerenga,1,1,D,EVALUATION_ONLY_JOIN_AFTER_PREMATCH_FEATURE_FREEZE,2.34,3.47,2.86,EXTERNAL_HISTORICAL_MARKET_BENCHMARK,NOT_AVAILABLE,NOT_GOLDBET,6350f77891600c446ad95094d81a3d979e390cb350ada53388641c9a790ee94b
d3964268237934f08f8fbb1d,Eliteserien,2022,DEVELOPMENT,2022-11-06,16:00,MATCH_KICKOFF_TIME_TIMEZONE_NOT_STATED_BY_SOURCE,,NOT_VERIFIED_DO_NOT_INFER,Jerv,Rosenborg,2,4,A,EVALUATION_ONLY_JOIN_AFTER_PREMATCH_FEATURE_FREEZE,6.66,4.93,1.41,EXTERNAL_HISTORICAL_MARKET_BENCHMARK,NOT_AVAILABLE,NOT_GOLDBET,394753fb15cbf9d37f3b44631e8ac2e9b845a362fffa1d9a2313799d95228ecd
c6fe29aa8d31bf15043e40ab,Eliteserien,2022,DEVELOPMENT,2022-11-06,16:00,MATCH_KICKOFF_TIME_TIMEZONE_NOT_STATED_BY_SOURCE,,NOT_VERIFIED_DO_NOT_INFER,Molde,Sandefjord,2,1,H,EVALUATION_ONLY_JOIN_AFTER_PREMATCH_FEATURE_FREEZE,1.22,6.82,10.54,EXTERNAL_HISTORICAL_MARKET_BENCHMARK,NOT_AVAILABLE,NOT_GOLDBET,3f3b98caa917c06a935a2876f2e73f2bbee8f5efa2caad9c9de931814cd6e5d8
6160b79295f62a58771aaec3,Eliteserien,2022,DEVELOPMENT,2022-11-06,16:00,MATCH_KICKOFF_TIME_TIMEZONE_NOT_STATED_BY_SOURCE,,NOT_VERIFIED_DO_NOT_INFER,Odd,Stromsgodset,5,1,H,EVALUATION_ONLY_JOIN_AFTER_PREMATCH_FEATURE_FREEZE,1.83,3.96,3.8,EXTERNAL_HISTORICAL_MARKET_BENCHMARK,NOT_AVAILABLE,NOT_GOLDBET,d8a3a8b20765f001eaf1277e906bcf26e91c8763be0395930df2e1353b8648ac
73f920f34037313248923864,Eliteserien,2022,DEVELOPMENT,2022-11-06,16:00,MATCH_KICKOFF_TIME_TIMEZONE_NOT_STATED_BY_SOURCE,,NOT_VERIFIED_DO_NOT_INFER,Sarpsborg 08,Kristiansund,2,2,D,EVALUATION_ONLY_JOIN_AFTER_PREMATCH_FEATURE_FREEZE,1.9,4.04,3.45,EXTERNAL_HISTORICAL_MARKET_BENCHMARK,NOT_AVAILABLE,NOT_GOLDBET,d82ae32cf4486d418dbb6480b0af685dee99273ef5ece436de33344c99f5fdfb
2f61311d708a1a26c2f7c0a8,Eliteserien,2022,DEVELOPMENT,2022-11-13,16:00,MATCH_KICKOFF_TIME_TIMEZONE_NOT_STATED_BY_SOURCE,,NOT_VERIFIED_DO_NOT_INFER,Kristiansund,Jerv,1,1,D,EVALUATION_ONLY_JOIN_AFTER_PREMATCH_FEATURE_FREEZE,1.25,6.51,9.35,EXTERNAL_HISTORICAL_MARKET_BENCHMARK,NOT_AVAILABLE,NOT_GOLDBET,1e37304671a1e8ed836a83b2a13121a20df192182d6d4140326f58e2d362ebb5
454d86cc3b702263be1cd9c9,Eliteserien,2022,DEVELOPMENT,2022-11-13,16:00,MATCH_KICKOFF_TIME_TIMEZONE_NOT_STATED_BY_SOURCE,,NOT_VERIFIED_DO_NOT_INFER,Lillestrom,HamKam,3,1,H,EVALUATION_ONLY_JOIN_AFTER_PREMATCH_FEATURE_FREEZE,1.8,3.88,3.99,EXTERNAL_HISTORICAL_MARKET_BENCHMARK,NOT_AVAILABLE,NOT_GOLDBET,b03b6d1867072f97c5fd40c0c793ade78156e935f1908709563cb82fec2b036c
51d408985877a65b2a89deaa,Eliteserien,2022,DEVELOPMENT,2022-11-13,16:00,MATCH_KICKOFF_TIME_TIMEZONE_NOT_STATED_BY_SOURCE,,NOT_VERIFIED_DO_NOT_INFER,Rosenborg,Sarpsborg 08,2,3,A,EVALUATION_ONLY_JOIN_AFTER_PREMATCH_FEATURE_FREEZE,1.46,4.96,5.7,EXTERNAL_HISTORICAL_MARKET_BENCHMARK,NOT_AVAILABLE,NOT_GOLDBET,efacf8a5c2a9ef0a7ff332c79b8860cbaccb8f2657fb7186557f1cf539298a58
7e5c5e23c56dc36b56fe9282,Eliteserien,2022,DEVELOPMENT,2022-11-13,16:00,MATCH_KICKOFF_TIME_TIMEZONE_NOT_STATED_BY_SOURCE,,NOT_VERIFIED_DO_NOT_INFER,Sandefjord,Haugesund,2,2,D,EVALUATION_ONLY_JOIN_AFTER_PREMATCH_FEATURE_FREEZE,2.01,3.94,3.21,EXTERNAL_HISTORICAL_MARKET_BENCHMARK,NOT_AVAILABLE,NOT_GOLDBET,221878317e10d370cb6f0a910b70459580a9b61905d3fa6a483358e9b23ad3f8
fcb964ceaef0cc6e7aaa129d,Eliteserien,2022,DEVELOPMENT,2022-11-13,16:00,MATCH_KICKOFF_TIME_TIMEZONE_NOT_STATED_BY_SOURCE,,NOT_VERIFIED_DO_NOT_INFER,Stromsgodset,Bodo/Glimt,2,4,A,EVALUATION_ONLY_JOIN_AFTER_PREMATCH_FEATURE_FREEZE,4.16,4.76,1.63,EXTERNAL_HISTORICAL_MARKET_BENCHMARK,NOT_AVAILABLE,NOT_GOLDBET,43eb94ecffa4657d29844d9f7a12911a6ae9fff5192d27085732733add7cb690
0c906cbec1a3ee3387a1279a,Eliteserien,2022,DEVELOPMENT,2022-11-13,16:00,MATCH_KICKOFF_TIME_TIMEZONE_NOT_STATED_BY_SOURCE,,NOT_VERIFIED_DO_NOT_INFER,Tromso,Aalesund,2,2,D,EVALUATION_ONLY_JOIN_AFTER_PREMATCH_FEATURE_FREEZE,1.75,3.82,4.32,EXTERNAL_HISTORICAL_MARKET_BENCHMARK,NOT_AVAILABLE,NOT_GOLDBET,fbc46e8692a72e7e7c8b59234c00b75a98feb83a4a0826c38ca6daf796e79554
3d8eeb3d7ada222a79ac663e,Eliteserien,2022,DEVELOPMENT,2022-11-13,16:00,MATCH_KICKOFF_TIME_TIMEZONE_NOT_STATED_BY_SOURCE,,NOT_VERIFIED_DO_NOT_INFER,Valerenga,Molde,1,2,A,EVALUATION_ONLY_JOIN_AFTER_PREMATCH_FEATURE_FREEZE,2.77,4.19,2.16,EXTERNAL_HISTORICAL_MARKET_BENCHMARK,NOT_AVAILABLE,NOT_GOLDBET,59efd0b73f182077d4e019733bbc6a5dcf8b9483ba03e319a978cc2fb97a65d8
611a588516d5aaf4ac9a20f9,Eliteserien,2022,DEVELOPMENT,2022-11-13,16:00,MATCH_KICKOFF_TIME_TIMEZONE_NOT_STATED_BY_SOURCE,,NOT_VERIFIED_DO_NOT_INFER,Viking,Odd,1,1,D,EVALUATION_ONLY_JOIN_AFTER_PREMATCH_FEATURE_FREEZE,1.85,4.09,3.57,EXTERNAL_HISTORICAL_MARKET_BENCHMARK,NOT_AVAILABLE,NOT_GOLDBET,1e6b4f2645bf281d117e9e47cc0c8207c580098e7ebf91b10d79812005855ea9
1e1b50a0c0be81c9eaed89fa,Eliteserien,2023,DEVELOPMENT,2023-04-10,13:30,MATCH_KICKOFF_TIME_TIMEZONE_NOT_STATED_BY_SOURCE,,NOT_VERIFIED_DO_NOT_INFER,Rosenborg,Viking,1,0,H,EVALUATION_ONLY_JOIN_AFTER_PREMATCH_FEATURE_FREEZE,1.95,3.6,3.72,EXTERNAL_HISTORICAL_MARKET_BENCHMARK,NOT_AVAILABLE,NOT_GOLDBET,e85baaa461f7419bcde0687bcd8ddd83ba13bee17ae02844c776a296e494edec
c906f02bc74c730b271d6e70,Eliteserien,2023,DEVELOPMENT,2023-04-10,16:00,MATCH_KICKOFF_TIME_TIMEZONE_NOT_STATED_BY_SOURCE,,NOT_VERIFIED_DO_NOT_INFER,Aalesund,Valerenga,0,1,A,EVALUATION_ONLY_JOIN_AFTER_PREMATCH_FEATURE_FREEZE,2.99,3.34,2.34,EXTERNAL_HISTORICAL_MARKET_BENCHMARK,NOT_AVAILABLE,NOT_GOLDBET,402d67d92e4b7e5ce758d2a8f8c96150a8c70966b99efe2a38ac355d6780d9f7
b34ecbfb60a0818db8efc962,Eliteserien,2023,DEVELOPMENT,2023-04-10,16:00,MATCH_KICKOFF_TIME_TIMEZONE_NOT_STATED_BY_SOURCE,,NOT_VERIFIED_DO_NOT_INFER,HamKam,Sandefjord,2,0,H,EVALUATION_ONLY_JOIN_AFTER_PREMATCH_FEATURE_FREEZE,1.89,3.57,4,EXTERNAL_HISTORICAL_MARKET_BENCHMARK,NOT_AVAILABLE,NOT_GOLDBET,86b6c48be578cfcc017163a1d154c767cfbed698f6ae22fbc09297cf24e46d44
a0d883ffcc34c61723153b53,Eliteserien,2023,DEVELOPMENT,2023-04-10,16:00,MATCH_KICKOFF_TIME_TIMEZONE_NOT_STATED_BY_SOURCE,,NOT_VERIFIED_DO_NOT_INFER,Sarpsborg 08,Bodo/Glimt,0,2,A,EVALUATION_ONLY_JOIN_AFTER_PREMATCH_FEATURE_FREEZE,3.5,3.83,1.95,EXTERNAL_HISTORICAL_MARKET_BENCHMARK,NOT_AVAILABLE,NOT_GOLDBET,89b9885182991294f52f0d7ebb9b69ee6bc575ee251dcd21489acc47948c3e44
b6e43d819610c3a0a82a562c,Eliteserien,2023,DEVELOPMENT,2023-04-10,16:00,MATCH_KICKOFF_TIME_TIMEZONE_NOT_STATED_BY_SOURCE,,NOT_VERIFIED_DO_NOT_INFER,Stabaek,Odd,0,0,D,EVALUATION_ONLY_JOIN_AFTER_PREMATCH_FEATURE_FREEZE,2.09,3.41,3.48,EXTERNAL_HISTORICAL_MARKET_BENCHMARK,NOT_AVAILABLE,NOT_GOLDBET,6ac884877da86ff2b5168bf4d87fa4e357a3d41994113673f081689656723695
d6321f2e05c20a9453c6f3fc,Eliteserien,2023,DEVELOPMENT,2023-04-10,16:00,MATCH_KICKOFF_TIME_TIMEZONE_NOT_STATED_BY_SOURCE,,NOT_VERIFIED_DO_NOT_INFER,Tromso,Molde,1,0,H,EVALUATION_ONLY_JOIN_AFTER_PREMATCH_FEATURE_FREEZE,4.04,3.67,1.85,EXTERNAL_HISTORICAL_MARKET_BENCHMARK,NOT_AVAILABLE,NOT_GOLDBET,0c95a7df99469be6fa1fed9a94c1b6798f2261ef0a539318709832cd5a7e2754
06a3e145b7ae1ebb63ef9b22,Eliteserien,2023,DEVELOPMENT,2023-04-10,18:15,MATCH_KICKOFF_TIME_TIMEZONE_NOT_STATED_BY_SOURCE,,NOT_VERIFIED_DO_NOT_INFER,Brann,Haugesund,3,0,H,EVALUATION_ONLY_JOIN_AFTER_PREMATCH_FEATURE_FREEZE,1.36,5.07,7.89,EXTERNAL_HISTORICAL_MARKET_BENCHMARK,NOT_AVAILABLE,NOT_GOLDBET,3481c01d1c85a1382152a7bb78e5489eb28816f9c8fc2dec499637100b771c27
ea38b4fcefc6363b745dfdf8,Eliteserien,2023,DEVELOPMENT,2023-04-15,17:00,MATCH_KICKOFF_TIME_TIMEZONE_NOT_STATED_BY_SOURCE,,NOT_VERIFIED_DO_NOT_INFER,Viking,Lillestrom,2,0,H,EVALUATION_ONLY_JOIN_AFTER_PREMATCH_FEATURE_FREEZE,2.25,3.34,3.14,EXTERNAL_HISTORICAL_MARKET_BENCHMARK,NOT_AVAILABLE,NOT_GOLDBET,b09153bde39080d0e5d842c46d2dc50b169ddac28ea1fc71233a9df43901778d
a7645309a43c2e42d0c89207,Eliteserien,2023,DEVELOPMENT,2023-04-16,16:00,MATCH_KICKOFF_TIME_TIMEZONE_NOT_STATED_BY_SOURCE,,NOT_VERIFIED_DO_NOT_INFER,Bodo/Glimt,Stabaek,4,0,H,EVALUATION_ONLY_JOIN_AFTER_PREMATCH_FEATURE_FREEZE,1.29,5.86,8.92,EXTERNAL_HISTORICAL_MARKET_BENCHMARK,NOT_AVAILABLE,NOT_GOLDBET,4c33a61121a2193c7204f82b3cd91a71af5c947d3c39625d8c9c23e71fd5f9ee
9ee9d159c68aa70bb3bd4204,Eliteserien,2023,DEVELOPMENT,2023-04-16,16:00,MATCH_KICKOFF_TIME_TIMEZONE_NOT_STATED_BY_SOURCE,,NOT_VERIFIED_DO_NOT_INFER,Haugesund,HamKam,3,2,H,EVALUATION_ONLY_JOIN_AFTER_PREMATCH_FEATURE_FREEZE,2.03,3.36,3.69,EXTERNAL_HISTORICAL_MARKET_BENCHMARK,NOT_AVAILABLE,NOT_GOLDBET,8514abecf674f14baae497adaaf5b829c3de1e36bfee28b897e2efb1d0f94c1c
4d7646d1d9b7f614fa5b1d7d,Eliteserien,2023,DEVELOPMENT,2023-04-16,16:00,MATCH_KICKOFF_TIME_TIMEZONE_NOT_STATED_BY_SOURCE,,NOT_VERIFIED_DO_NOT_INFER,Molde,Rosenborg,1,1,D,EVALUATION_ONLY_JOIN_AFTER_PREMATCH_FEATURE_FREEZE,1.43,4.72,6.67,EXTERNAL_HISTORICAL_MARKET_BENCHMARK,NOT_AVAILABLE,NOT_GOLDBET,edd633400e9ec436d833b13353d25f48b05fc45ac88d2c90d88bc336441d8481
79f2cfdb3edda630218c7e8c,Eliteserien,2023,DEVELOPMENT,2023-04-16,16:00,MATCH_KICKOFF_TIME_TIMEZONE_NOT_STATED_BY_SOURCE,,NOT_VERIFIED_DO_NOT_INFER,Odd,Brann,2,0,H,EVALUATION_ONLY_JOIN_AFTER_PREMATCH_FEATURE_FREEZE,4.42,4.02,1.7,EXTERNAL_HISTORICAL_MARKET_BENCHMARK,NOT_AVAILABLE,NOT_GOLDBET,fbb7da84648bfa59ad7823a3b2393f0e984381c0633f7643e65952159942182c
4bae83d5d11a65116edc4f0f,Eliteserien,2023,DEVELOPMENT,2023-04-16,16:00,MATCH_KICKOFF_TIME_TIMEZONE_NOT_STATED_BY_SOURCE,,NOT_VERIFIED_DO_NOT_INFER,Sandefjord,Tromso,0,0,D,EVALUATION_ONLY_JOIN_AFTER_PREMATCH_FEATURE_FREEZE,3.01,3.29,2.35,EXTERNAL_HISTORICAL_MARKET_BENCHMARK,NOT_AVAILABLE,NOT_GOLDBET,15253d81792f753c734db1980ab6ae5e2baa81cb379cdec357ff36e92f667c47
dd25c65307b0e439bc4efe57,Eliteserien,2023,DEVELOPMENT,2023-04-16,16:00,MATCH_KICKOFF_TIME_TIMEZONE_NOT_STATED_BY_SOURCE,,NOT_VERIFIED_DO_NOT_INFER,Stromsgodset,Aalesund,1,0,H,EVALUATION_ONLY_JOIN_AFTER_PREMATCH_FEATURE_FREEZE,2.07,3.42,3.5,EXTERNAL_HISTORICAL_MARKET_BENCHMARK,NOT_AVAILABLE,NOT_GOLDBET,03b475e4f00b1d6aa41c81633b1fc5b3a388ab964a8a013b9e8c88decc992bb2
a36a8978b580b682b0a3b5a3,Eliteserien,2023,DEVELOPMENT,2023-04-16,18:15,MATCH_KICKOFF_TIME_TIMEZONE_NOT_STATED_BY_SOURCE,,NOT_VERIFIED_DO_NOT_INFER,Valerenga,Sarpsborg 08,0,2,A,EVALUATION_ONLY_JOIN_AFTER_PREMATCH_FEATURE_FREEZE,2.02,3.64,3.43,EXTERNAL_HISTORICAL_MARKET_BENCHMARK,NOT_AVAILABLE,NOT_GOLDBET,503bec21c3e9630b88422d866865689ebf1fb8aa0549e0d52cd1942c6c7f3662
ddd0a73b1da58ca7a87316ff,Eliteserien,2023,DEVELOPMENT,2023-04-19,17:30,MATCH_KICKOFF_TIME_TIMEZONE_NOT_STATED_BY_SOURCE,,NOT_VERIFIED_DO_NOT_INFER,Lillestrom,Stromsgodset,4,3,H,EVALUATION_ONLY_JOIN_AFTER_PREMATCH_FEATURE_FREEZE,1.58,4.21,5.15,EXTERNAL_HISTORICAL_MARKET_BENCHMARK,NOT_AVAILABLE,NOT_GOLDBET,f25d64298a20140ccab3d0eae9ebed1c7e0832816998e968e2602600cd619373
6dc3c6547bf9226e93e6f68c,Eliteserien,2023,DEVELOPMENT,2023-04-22,17:00,MATCH_KICKOFF_TIME_TIMEZONE_NOT_STATED_BY_SOURCE,,NOT_VERIFIED_DO_NOT_INFER,Brann,Valerenga,3,1,H,EVALUATION_ONLY_JOIN_AFTER_PREMATCH_FEATURE_FREEZE,1.39,4.87,7.24,EXTERNAL_HISTORICAL_MARKET_BENCHMARK,NOT_AVAILABLE,NOT_GOLDBET,c0cd5ebc52ec45bc217544917e3b3b1e9f160149bf00cf3ec0bcb675afde1fe8
4c10fdf87401d03ee5653823,Eliteserien,2023,DEVELOPMENT,2023-04-23,16:00,MATCH_KICKOFF_TIME_TIMEZONE_NOT_STATED_BY_SOURCE,,NOT_VERIFIED_DO_NOT_INFER,Aalesund,Bodo/Glimt,0,3,A,EVALUATION_ONLY_JOIN_AFTER_PREMATCH_FEATURE_FREEZE,5.73,4.2,1.54,EXTERNAL_HISTORICAL_MARKET_BENCHMARK,NOT_AVAILABLE,NOT_GOLDBET,b7b6e98c52aab89097a4be8fdca6cf20795b619c613614c29699116c2255ca0e
ff9d6bfd9df32e9187181431,Eliteserien,2023,DEVELOPMENT,2023-04-23,16:00,MATCH_KICKOFF_TIME_TIMEZONE_NOT_STATED_BY_SOURCE,,NOT_VERIFIED_DO_NOT_INFER,HamKam,Stromsgodset,2,0,H,EVALUATION_ONLY_JOIN_AFTER_PREMATCH_FEATURE_FREEZE,2.05,3.5,3.47,EXTERNAL_HISTORICAL_MARKET_BENCHMARK,NOT_AVAILABLE,NOT_GOLDBET,a414c27e598ed020692705e2b5eba59a69ab0bbb98db1525f5e87544f2bad2de
b0822f680428ab5aadf4fd67,Eliteserien,2023,DEVELOPMENT,2023-04-23,16:00,MATCH_KICKOFF_TIME_TIMEZONE_NOT_STATED_BY_SOURCE,,NOT_VERIFIED_DO_NOT_INFER,Rosenborg,Sandefjord,1,1,D,EVALUATION_ONLY_JOIN_AFTER_PREMATCH_FEATURE_FREEZE,1.38,4.87,7.71,EXTERNAL_HISTORICAL_MARKET_BENCHMARK,NOT_AVAILABLE,NOT_GOLDBET,a800a6209c234f76a5857a239c9ef54b41613e8cde2e665ca31b729f01a68d5e
92af4bf2040b166e5ec33376,Eliteserien,2023,DEVELOPMENT,2023-04-23,16:00,MATCH_KICKOFF_TIME_TIMEZONE_NOT_STATED_BY_SOURCE,,NOT_VERIFIED_DO_NOT_INFER,Sarpsborg 08,Odd,0,0,D,EVALUATION_ONLY_JOIN_AFTER_PREMATCH_FEATURE_FREEZE,1.78,3.94,4.04,EXTERNAL_HISTORICAL_MARKET_BENCHMARK,NOT_AVAILABLE,NOT_GOLDBET,5ab0d9a79d8f8260414971ff19ea6ab108569fc57166b6cee4d30f41df449f57
226241325b4785708ebbad8b,Eliteserien,2023,DEVELOPMENT,2023-04-23,16:00,MATCH_KICKOFF_TIME_TIMEZONE_NOT_STATED_BY_SOURCE,,NOT_VERIFIED_DO_NOT_INFER,Stabaek,Haugesund,3,0,H,EVALUATION_ONLY_JOIN_AFTER_PREMATCH_FEATURE_FREEZE,1.95,3.38,3.94,EXTERNAL_HISTORICAL_MARKET_BENCHMARK,NOT_AVAILABLE,NOT_GOLDBET,34c5331659ceb481472b8514128a35acb13007409497383ccc7a3175b9bf9f82
392cd4ada01f7915e1da52b2,Eliteserien,2023,DEVELOPMENT,2023-04-23,16:00,MATCH_KICKOFF_TIME_TIMEZONE_NOT_STATED_BY_SOURCE,,NOT_VERIFIED_DO_NOT_INFER,Tromso,Viking,1,1,D,EVALUATION_ONLY_JOIN_AFTER_PREMATCH_FEATURE_FREEZE,2.43,3.2,2.97,EXTERNAL_HISTORICAL_MARKET_BENCHMARK,NOT_AVAILABLE,NOT_GOLDBET,4b3beeab118e84dbaf869562f961a0fe203feb4202873ec466e1bf80928e5280
fe6f4e989e4b16487077bfa7,Eliteserien,2023,DEVELOPMENT,2023-04-23,18:15,MATCH_KICKOFF_TIME_TIMEZONE_NOT_STATED_BY_SOURCE,,NOT_VERIFIED_DO_NOT_INFER,Lillestrom,Molde,2,1,H,EVALUATION_ONLY_JOIN_AFTER_PREMATCH_FEATURE_FREEZE,3.16,3.54,2.15,EXTERNAL_HISTORICAL_MARKET_BENCHMARK,NOT_AVAILABLE,NOT_GOLDBET,0fa07e96641a9c213c98fa5e35aae253a7bafc370fb32c74dae3d0f343926bfe
b20388a6277e4acc2cc6a86a,Eliteserien,2023,DEVELOPMENT,2023-04-29,17:00,MATCH_KICKOFF_TIME_TIMEZONE_NOT_STATED_BY_SOURCE,,NOT_VERIFIED_DO_NOT_INFER,Bodo/Glimt,Brann,2,2,D,EVALUATION_ONLY_JOIN_AFTER_PREMATCH_FEATURE_FREEZE,1.84,3.92,3.82,EXTERNAL_HISTORICAL_MARKET_BENCHMARK,NOT_AVAILABLE,NOT_GOLDBET,a1607d20c59ee0c993f93b2d27c9a73c5c6a51da7be74433252aee78d0e1726b
6328af7ba58f53cd2a38f4fc,Eliteserien,2023,DEVELOPMENT,2023-04-30,16:00,MATCH_KICKOFF_TIME_TIMEZONE_NOT_STATED_BY_SOURCE,,NOT_VERIFIED_DO_NOT_INFER,Haugesund,Sarpsborg 08,0,0,D,EVALUATION_ONLY_JOIN_AFTER_PREMATCH_FEATURE_FREEZE,2.58,3.39,2.63,EXTERNAL_HISTORICAL_MARKET_BENCHMARK,NOT_AVAILABLE,NOT_GOLDBET,baada63cee44b806f9abb1badfb0e2df17452ba3591602106b697557ef926815
75b5684d6bb1a8c91242f0fb,Eliteserien,2023,DEVELOPMENT,2023-04-30,16:00,MATCH_KICKOFF_TIME_TIMEZONE_NOT_STATED_BY_SOURCE,,NOT_VERIFIED_DO_NOT_INFER,Molde,Stabaek,2,3,A,EVALUATION_ONLY_JOIN_AFTER_PREMATCH_FEATURE_FREEZE,1.4,4.82,7.17,EXTERNAL_HISTORICAL_MARKET_BENCHMARK,NOT_AVAILABLE,NOT_GOLDBET,3bf5575bb9639d1a165f8923d48855fc0e0dbec848bc09d8421ce9df3d94e13a
16b2ae6c9b94628ed8060086,Eliteserien,2023,DEVELOPMENT,2023-04-30,16:00,MATCH_KICKOFF_TIME_TIMEZONE_NOT_STATED_BY_SOURCE,,NOT_VERIFIED_DO_NOT_INFER,Sandefjord,Aalesund,4,0,H,EVALUATION_ONLY_JOIN_AFTER_PREMATCH_FEATURE_FREEZE,2.35,3.03,3.25,EXTERNAL_HISTORICAL_MARKET_BENCHMARK,NOT_AVAILABLE,NOT_GOLDBET,5e8d6e1d16a4f9e496de76ad21e454039cd137e04456aa9f88d1e3db68ab788b
986e1571b63625f528974dac,Eliteserien,2023,DEVELOPMENT,2023-04-30,16:00,MATCH_KICKOFF_TIME_TIMEZONE_NOT_STATED_BY_SOURCE,,NOT_VERIFIED_DO_NOT_INFER,Stromsgodset,Tromso,0,1,A,EVALUATION_ONLY_JOIN_AFTER_PREMATCH_FEATURE_FREEZE,2.09,3.44,3.43,EXTERNAL_HISTORICAL_MARKET_BENCHMARK,NOT_AVAILABLE,NOT_GOLDBET,22f14cd07622bd945d026cef18311faa837faaf02ba1a617fa6866bd191f7e79
26655f6a94c5a03b68ffe75c,Eliteserien,2023,DEVELOPMENT,2023-04-30,16:00,MATCH_KICKOFF_TIME_TIMEZONE_NOT_STATED_BY_SOURCE,,NOT_VERIFIED_DO_NOT_INFER,Viking,HamKam,7,3,H,EVALUATION_ONLY_JOIN_AFTER_PREMATCH_FEATURE_FREEZE,1.64,3.91,5.06,EXTERNAL_HISTORICAL_MARKET_BENCHMARK,NOT_AVAILABLE,NOT_GOLDBET,b6db555f39447847f883b27369ae403a36c8eab1f8b297503041d4760d183ceb
dca201e6c240c8ccc67fce5e,Eliteserien,2023,DEVELOPMENT,2023-04-30,18:15,MATCH_KICKOFF_TIME_TIMEZONE_NOT_STATED_BY_SOURCE,,NOT_VERIFIED_DO_NOT_INFER,Odd,Rosenborg,0,0,D,EVALUATION_ONLY_JOIN_AFTER_PREMATCH_FEATURE_FREEZE,2.76,3.36,2.47,EXTERNAL_HISTORICAL_MARKET_BENCHMARK,NOT_AVAILABLE,NOT_GOLDBET,82af72cdcb32f62fe6c22d6884f7e42cb5a88916e2c87552e0f601c2f2149787
8d9a7abd4ad0d1e139d4c026,Eliteserien,2023,DEVELOPMENT,2023-05-01,17:00,MATCH_KICKOFF_TIME_TIMEZONE_NOT_STATED_BY_SOURCE,,NOT_VERIFIED_DO_NOT_INFER,Valerenga,Lillestrom,3,4,A,EVALUATION_ONLY_JOIN_AFTER_PREMATCH_FEATURE_FREEZE,2.79,3.32,2.48,EXTERNAL_HISTORICAL_MARKET_BENCHMARK,NOT_AVAILABLE,NOT_GOLDBET,ad9529a35afec66a071b523e732159f6d458550d8d125ae1bb516896908b92a1
87cfc091be2d9e6438377be4,Eliteserien,2023,DEVELOPMENT,2023-05-03,17:00,MATCH_KICKOFF_TIME_TIMEZONE_NOT_STATED_BY_SOURCE,,NOT_VERIFIED_DO_NOT_INFER,Bodo/Glimt,Odd,2,0,H,EVALUATION_ONLY_JOIN_AFTER_PREMATCH_FEATURE_FREEZE,1.24,6.33,10.65,EXTERNAL_HISTORICAL_MARKET_BENCHMARK,NOT_AVAILABLE,NOT_GOLDBET,6ffe2e7cf4bed00c0e3caf278f9c31fd78a5343f247c2eefbca7a61f6a0a4b5c
4194399bcf92b70cd31efa9e,Eliteserien,2023,DEVELOPMENT,2023-05-03,17:00,MATCH_KICKOFF_TIME_TIMEZONE_NOT_STATED_BY_SOURCE,,NOT_VERIFIED_DO_NOT_INFER,Molde,Aalesund,3,0,H,EVALUATION_ONLY_JOIN_AFTER_PREMATCH_FEATURE_FREEZE,1.23,5.94,13,EXTERNAL_HISTORICAL_MARKET_BENCHMARK,NOT_AVAILABLE,NOT_GOLDBET,aa597f340b1f754f434546855dcafad8b0373a9eaf5cc509385d9c64836f0110
d3a5542794b33619ae80c38d,Eliteserien,2023,DEVELOPMENT,2023-05-03,17:00,MATCH_KICKOFF_TIME_TIMEZONE_NOT_STATED_BY_SOURCE,,NOT_VERIFIED_DO_NOT_INFER,Rosenborg,Brann,0,2,A,EVALUATION_ONLY_JOIN_AFTER_PREMATCH_FEATURE_FREEZE,3.15,3.24,2.3,EXTERNAL_HISTORICAL_MARKET_BENCHMARK,NOT_AVAILABLE,NOT_GOLDBET,fc8b62d13b406a0dd1688565d62d2ca747c34c331ea3e0b8c19c65cd2fa2df2a
952204d63d57756871474970,Eliteserien,2023,DEVELOPMENT,2023-05-06,17:00,MATCH_KICKOFF_TIME_TIMEZONE_NOT_STATED_BY_SOURCE,,NOT_VERIFIED_DO_NOT_INFER,Rosenborg,Valerenga,1,3,A,EVALUATION_ONLY_JOIN_AFTER_PREMATCH_FEATURE_FREEZE,1.94,3.5,3.84,EXTERNAL_HISTORICAL_MARKET_BENCHMARK,NOT_AVAILABLE,NOT_GOLDBET,a315710e5408070ebd728d14e165885fbcce31c20ad5bdd02f76a4f7753b03bc
25c5d0a9a90886cecd1a5c6d,Eliteserien,2023,DEVELOPMENT,2023-05-07,16:00,MATCH_KICKOFF_TIME_TIMEZONE_NOT_STATED_BY_SOURCE,,NOT_VERIFIED_DO_NOT_INFER,Aalesund,Haugesund,0,0,D,EVALUATION_ONLY_JOIN_AFTER_PREMATCH_FEATURE_FREEZE,2.05,3.24,3.73,EXTERNAL_HISTORICAL_MARKET_BENCHMARK,NOT_AVAILABLE,NOT_GOLDBET,ba911f691e2d7121b482c0c04688b854cc5cf0860c79311b0469d67e92611786
ef0bd60c957c8c8d00721f10,Eliteserien,2023,DEVELOPMENT,2023-05-07,16:00,MATCH_KICKOFF_TIME_TIMEZONE_NOT_STATED_BY_SOURCE,,NOT_VERIFIED_DO_NOT_INFER,HamKam,Molde,0,4,A,EVALUATION_ONLY_JOIN_AFTER_PREMATCH_FEATURE_FREEZE,4.91,3.98,1.64,EXTERNAL_HISTORICAL_MARKET_BENCHMARK,NOT_AVAILABLE,NOT_GOLDBET,d24cc9280c6b4edf67b980910b90e63eedf856c79f5c836ba45f519c06fe9980
f56d7623724fb07e75ccb336,Eliteserien,2023,DEVELOPMENT,2023-05-07,16:00,MATCH_KICKOFF_TIME_TIMEZONE_NOT_STATED_BY_SOURCE,,NOT_VERIFIED_DO_NOT_INFER,Stabaek,Sarpsborg 08,1,1,D,EVALUATION_ONLY_JOIN_AFTER_PREMATCH_FEATURE_FREEZE,2.45,3.38,2.77,EXTERNAL_HISTORICAL_MARKET_BENCHMARK,NOT_AVAILABLE,NOT_GOLDBET,745e81b703ba8814595d36d87c75e9df2727c99429ce8e48714dfe1e1f8dc542
6de3952a068ebd0a0aaaa40e,Eliteserien,2023,DEVELOPMENT,2023-05-07,16:00,MATCH_KICKOFF_TIME_TIMEZONE_NOT_STATED_BY_SOURCE,,NOT_VERIFIED_DO_NOT_INFER,Tromso,Odd,0,1,A,EVALUATION_ONLY_JOIN_AFTER_PREMATCH_FEATURE_FREEZE,2.45,3.19,2.92,EXTERNAL_HISTORICAL_MARKET_BENCHMARK,NOT_AVAILABLE,NOT_GOLDBET,305360d1972d809162983db1d0e69bd8d2e7c0805b06225884c75380dc008ca2
4db8231c80dd5e408642180b,Eliteserien,2023,DEVELOPMENT,2023-05-07,16:00,MATCH_KICKOFF_TIME_TIMEZONE_NOT_STATED_BY_SOURCE,,NOT_VERIFIED_DO_NOT_INFER,Viking,Stromsgodset,1,1,D,EVALUATION_ONLY_JOIN_AFTER_PREMATCH_FEATURE_FREEZE,1.42,4.84,6.65,EXTERNAL_HISTORICAL_MARKET_BENCHMARK,NOT_AVAILABLE,NOT_GOLDBET,48945ce39f820560ac277d513bb608517e7606704210f5cb7d1931371d45d83f
b5c0466565a9c3f7577feea2,Eliteserien,2023,DEVELOPMENT,2023-05-07,18:15,MATCH_KICKOFF_TIME_TIMEZONE_NOT_STATED_BY_SOURCE,,NOT_VERIFIED_DO_NOT_INFER,Lillestrom,Bodo/Glimt,1,2,A,EVALUATION_ONLY_JOIN_AFTER_PREMATCH_FEATURE_FREEZE,2.93,3.56,2.27,EXTERNAL_HISTORICAL_MARKET_BENCHMARK,NOT_AVAILABLE,NOT_GOLDBET,4635700824f68d9b14a778cfaf3a25d0e8807a9417665fbbc41c9432b44d4a58
9a4bf2a4704b8b0861449789,Eliteserien,2023,DEVELOPMENT,2023-05-08,18:00,MATCH_KICKOFF_TIME_TIMEZONE_NOT_STATED_BY_SOURCE,,NOT_VERIFIED_DO_NOT_INFER,Brann,Sandefjord,0,0,D,EVALUATION_ONLY_JOIN_AFTER_PREMATCH_FEATURE_FREEZE,1.16,7.61,14.78,EXTERNAL_HISTORICAL_MARKET_BENCHMARK,NOT_AVAILABLE,NOT_GOLDBET,401b3c1360cac8d0caaabfc19d57aba321aa58a7ebe9f289bf512eef4c53a829
9294ae6751714252e2fe120a,Eliteserien,2023,DEVELOPMENT,2023-05-12,18:00,MATCH_KICKOFF_TIME_TIMEZONE_NOT_STATED_BY_SOURCE,,NOT_VERIFIED_DO_NOT_INFER,Odd,Lillestrom,0,1,A,EVALUATION_ONLY_JOIN_AFTER_PREMATCH_FEATURE_FREEZE,2.87,3.35,2.42,EXTERNAL_HISTORICAL_MARKET_BENCHMARK,NOT_AVAILABLE,NOT_GOLDBET,7a4184c3eb520a01656ec44ac14d5b6b5936299523e6156983ba8de63c4aedc0
3652e426aa4f2a2f932fcf08,Eliteserien,2023,DEVELOPMENT,2023-05-13,16:00,MATCH_KICKOFF_TIME_TIMEZONE_NOT_STATED_BY_SOURCE,,NOT_VERIFIED_DO_NOT_INFER,Bodo/Glimt,Rosenborg,3,2,H,EVALUATION_ONLY_JOIN_AFTER_PREMATCH_FEATURE_FREEZE,1.31,5.28,9.23,EXTERNAL_HISTORICAL_MARKET_BENCHMARK,NOT_AVAILABLE,NOT_GOLDBET,5e7888c0b60ae63e51a88374ff7af160a0abc94fcbebeb3ecbb0dcfa6b90c0a5
92f039c44ed43c61e65cb61a,Eliteserien,2023,DEVELOPMENT,2023-05-13,16:00,MATCH_KICKOFF_TIME_TIMEZONE_NOT_STATED_BY_SOURCE,,NOT_VERIFIED_DO_NOT_INFER,HamKam,Tromso,1,2,A,EVALUATION_ONLY_JOIN_AFTER_PREMATCH_FEATURE_FREEZE,1.99,3.26,3.94,EXTERNAL_HISTORICAL_MARKET_BENCHMARK,NOT_AVAILABLE,NOT_GOLDBET,fd2af5d6dabf2e923c9e0ba85264d62ec6bd6becf89bf6fcc23dd805bc9abcc6
88b54d8e3d6895f077762988,Eliteserien,2023,DEVELOPMENT,2023-05-13,16:00,MATCH_KICKOFF_TIME_TIMEZONE_NOT_STATED_BY_SOURCE,,NOT_VERIFIED_DO_NOT_INFER,Molde,Stromsgodset,3,2,H,EVALUATION_ONLY_JOIN_AFTER_PREMATCH_FEATURE_FREEZE,1.25,6.06,10.51,EXTERNAL_HISTORICAL_MARKET_BENCHMARK,NOT_AVAILABLE,NOT_GOLDBET,bbc29a8582a6f77f1a8bbb9a8c8340244ea7cf738e4e59f67c911dcb82191e9c
9542d9512e193aaa1e14d18a,Eliteserien,2023,DEVELOPMENT,2023-05-13,16:00,MATCH_KICKOFF_TIME_TIMEZONE_NOT_STATED_BY_SOURCE,,NOT_VERIFIED_DO_NOT_INFER,Sandefjord,Viking,1,2,A,EVALUATION_ONLY_JOIN_AFTER_PREMATCH_FEATURE_FREEZE,3.66,3.59,1.96,EXTERNAL_HISTORICAL_MARKET_BENCHMARK,NOT_AVAILABLE,NOT_GOLDBET,b2b260983918c40f836caeb60f7f6c27e18ef4a3a0e5976e09d206c5877e2c3b
2cadfdce80aa22332d679aea,Eliteserien,2023,DEVELOPMENT,2023-05-13,16:00,MATCH_KICKOFF_TIME_TIMEZONE_NOT_STATED_BY_SOURCE,,NOT_VERIFIED_DO_NOT_INFER,Sarpsborg 08,Brann,2,1,H,EVALUATION_ONLY_JOIN_AFTER_PREMATCH_FEATURE_FREEZE,3.71,3.79,1.9,EXTERNAL_HISTORICAL_MARKET_BENCHMARK,NOT_AVAILABLE,NOT_GOLDBET,2fe7e9e4790d4d5d4c23b3edc3f62c7bded41a136cce404f5e3f23719ba2e4dd
1c57c652e20d83d1753b1220,Eliteserien,2023,DEVELOPMENT,2023-05-13,16:00,MATCH_KICKOFF_TIME_TIMEZONE_NOT_STATED_BY_SOURCE,,NOT_VERIFIED_DO_NOT_INFER,Stabaek,Aalesund,1,0,H,EVALUATION_ONLY_JOIN_AFTER_PREMATCH_FEATURE_FREEZE,1.76,3.54,4.77,EXTERNAL_HISTORICAL_MARKET_BENCHMARK,NOT_AVAILABLE,NOT_GOLDBET,b7f2eb196fc34fffbbcfe2a29eff081a6a72b71a7cc9e61caa8bc02fd591cfa2
4483cb98f4fd836cab35d89a,Eliteserien,2023,DEVELOPMENT,2023-05-13,18:15,MATCH_KICKOFF_TIME_TIMEZONE_NOT_STATED_BY_SOURCE,,NOT_VERIFIED_DO_NOT_INFER,Haugesund,Valerenga,1,1,D,EVALUATION_ONLY_JOIN_AFTER_PREMATCH_FEATURE_FREEZE,2.87,3.28,2.43,EXTERNAL_HISTORICAL_MARKET_BENCHMARK,NOT_AVAILABLE,NOT_GOLDBET,f3d0433eaca705690f8092c35650a441c3048f22d8a54ad30e7bcf7a414544f2
4d16669072bf7bde4807aa8a,Eliteserien,2023,DEVELOPMENT,2023-05-16,17:00,MATCH_KICKOFF_TIME_TIMEZONE_NOT_STATED_BY_SOURCE,,NOT_VERIFIED_DO_NOT_INFER,Aalesund,Molde,3,1,H,EVALUATION_ONLY_JOIN_AFTER_PREMATCH_FEATURE_FREEZE,5.17,3.79,1.66,EXTERNAL_HISTORICAL_MARKET_BENCHMARK,NOT_AVAILABLE,NOT_GOLDBET,fc8dc5f8d8cd9a550e7960fbbb8c1e0a5c1ba42e39d65cd38176fcc4bfc20a7c
61867f4058fb636c1cd1053d,Eliteserien,2023,DEVELOPMENT,2023-05-16,17:00,MATCH_KICKOFF_TIME_TIMEZONE_NOT_STATED_BY_SOURCE,,NOT_VERIFIED_DO_NOT_INFER,Brann,Stabaek,4,1,H,EVALUATION_ONLY_JOIN_AFTER_PREMATCH_FEATURE_FREEZE,1.32,5.22,9.2,EXTERNAL_HISTORICAL_MARKET_BENCHMARK,NOT_AVAILABLE,NOT_GOLDBET,96b8ced416e0dc2eb181f5bf0f3a1ef6d78016af03410743bac06876f1c40790
c03f3d2aea5c7ed804557444,Eliteserien,2023,DEVELOPMENT,2023-05-16,17:00,MATCH_KICKOFF_TIME_TIMEZONE_NOT_STATED_BY_SOURCE,,NOT_VERIFIED_DO_NOT_INFER,Lillestrom,Sarpsborg 08,1,2,A,EVALUATION_ONLY_JOIN_AFTER_PREMATCH_FEATURE_FREEZE,2.11,3.58,3.25,EXTERNAL_HISTORICAL_MARKET_BENCHMARK,NOT_AVAILABLE,NOT_GOLDBET,7020bcc59d48e0d017100a10c88b7ab04ebdd6eda4a6e34d1a6ce73fd8725f84
568a944078feb5543b61c02e,Eliteserien,2023,DEVELOPMENT,2023-05-16,17:00,MATCH_KICKOFF_TIME_TIMEZONE_NOT_STATED_BY_SOURCE,,NOT_VERIFIED_DO_NOT_INFER,Rosenborg,Haugesund,1,0,H,EVALUATION_ONLY_JOIN_AFTER_PREMATCH_FEATURE_FREEZE,1.71,3.52,5.23,EXTERNAL_HISTORICAL_MARKET_BENCHMARK,NOT_AVAILABLE,NOT_GOLDBET,87bac38ded24af356a444033eaee222e06ab16067772efb8d61969cc7e154291
072de7c665fcbdbf5975b5a4,Eliteserien,2023,DEVELOPMENT,2023-05-16,17:00,MATCH_KICKOFF_TIME_TIMEZONE_NOT_STATED_BY_SOURCE,,NOT_VERIFIED_DO_NOT_INFER,Stromsgodset,Sandefjord,1,0,H,EVALUATION_ONLY_JOIN_AFTER_PREMATCH_FEATURE_FREEZE,1.77,3.86,4.19,EXTERNAL_HISTORICAL_MARKET_BENCHMARK,NOT_AVAILABLE,NOT_GOLDBET,1fec88c872f397f7f1e8db8c81fe43701a55cdaccf4b9f0f710c3e51b244cfb1
d4905555588bdbec7e3ddc7d,Eliteserien,2023,DEVELOPMENT,2023-05-16,17:00,MATCH_KICKOFF_TIME_TIMEZONE_NOT_STATED_BY_SOURCE,,NOT_VERIFIED_DO_NOT_INFER,Tromso,Bodo/Glimt,2,3,A,EVALUATION_ONLY_JOIN_AFTER_PREMATCH_FEATURE_FREEZE,5.24,3.95,1.62,EXTERNAL_HISTORICAL_MARKET_BENCHMARK,NOT_AVAILABLE,NOT_GOLDBET,68de325a9e6ebfee55b523b4b5ea72ea8eb18106a7033cbe5287d451b778b1f6
11d0c38295dbb12ceffb4f7d,Eliteserien,2023,DEVELOPMENT,2023-05-16,17:00,MATCH_KICKOFF_TIME_TIMEZONE_NOT_STATED_BY_SOURCE,,NOT_VERIFIED_DO_NOT_INFER,Valerenga,HamKam,3,0,H,EVALUATION_ONLY_JOIN_AFTER_PREMATCH_FEATURE_FREEZE,1.72,3.84,4.51,EXTERNAL_HISTORICAL_MARKET_BENCHMARK,NOT_AVAILABLE,NOT_GOLDBET,b5447d02adf64d1b842b97c6368a55f4996815335315372e017249562a4cdc2c
f8cb27b52b4f8d61d70205bd,Eliteserien,2023,DEVELOPMENT,2023-05-16,17:00,MATCH_KICKOFF_TIME_TIMEZONE_NOT_STATED_BY_SOURCE,,NOT_VERIFIED_DO_NOT_INFER,Viking,Odd,3,2,H,EVALUATION_ONLY_JOIN_AFTER_PREMATCH_FEATURE_FREEZE,1.61,4.16,4.99,EXTERNAL_HISTORICAL_MARKET_BENCHMARK,NOT_AVAILABLE,NOT_GOLDBET,ae37add1a8d053181e5f655d136cc1c2154d454e0b1d6d64191f0b094a2325e2
b16b6815cb515af623e1d451,Eliteserien,2023,DEVELOPMENT,2023-05-29,16:00,MATCH_KICKOFF_TIME_TIMEZONE_NOT_STATED_BY_SOURCE,,NOT_VERIFIED_DO_NOT_INFER,Bodo/Glimt,Viking,5,1,H,EVALUATION_ONLY_JOIN_AFTER_PREMATCH_FEATURE_FREEZE,1.43,4.98,6.17,EXTERNAL_HISTORICAL_MARKET_BENCHMARK,NOT_AVAILABLE,NOT_GOLDBET,b79aee336050aecfecdfdaa82891f17344a4665c70dd70a2a9ff8c6efb616a91
1dd79cb073f170a798b703af,Eliteserien,2023,DEVELOPMENT,2023-05-29,16:00,MATCH_KICKOFF_TIME_TIMEZONE_NOT_STATED_BY_SOURCE,,NOT_VERIFIED_DO_NOT_INFER,Brann,Rosenborg,3,1,H,EVALUATION_ONLY_JOIN_AFTER_PREMATCH_FEATURE_FREEZE,1.55,4.17,5.64,EXTERNAL_HISTORICAL_MARKET_BENCHMARK,NOT_AVAILABLE,NOT_GOLDBET,a513b3361eefa676653a3e2e63ae96b0ef174fff48982b122b01bb4cff44e8a8
c13ad3ba4fab575860aca99e,Eliteserien,2023,DEVELOPMENT,2023-05-29,16:00,MATCH_KICKOFF_TIME_TIMEZONE_NOT_STATED_BY_SOURCE,,NOT_VERIFIED_DO_NOT_INFER,Haugesund,Tromso,1,2,A,EVALUATION_ONLY_JOIN_AFTER_PREMATCH_FEATURE_FREEZE,2.42,3.13,3.01,EXTERNAL_HISTORICAL_MARKET_BENCHMARK,NOT_AVAILABLE,NOT_GOLDBET,7cd5635846e3273c7da4d1e91f48766eb81f2a78a98e30c51ecce9b786c20ad3
89c4b99b0d7678fa0eabda14,Eliteserien,2023,DEVELOPMENT,2023-05-29,16:00,MATCH_KICKOFF_TIME_TIMEZONE_NOT_STATED_BY_SOURCE,,NOT_VERIFIED_DO_NOT_INFER,Molde,Sandefjord,5,0,H,EVALUATION_ONLY_JOIN_AFTER_PREMATCH_FEATURE_FREEZE,1.18,7.15,13.29,EXTERNAL_HISTORICAL_MARKET_BENCHMARK,NOT_AVAILABLE,NOT_GOLDBET,cc42670a459130b74906a7455db1f5bb58a1bb275ff6e8b9582d5c0d6cac0027
826dd92c09f5eb16feeb1316,Eliteserien,2023,DEVELOPMENT,2023-05-29,16:00,MATCH_KICKOFF_TIME_TIMEZONE_NOT_STATED_BY_SOURCE,,NOT_VERIFIED_DO_NOT_INFER,Odd,Stromsgodset,1,1,D,EVALUATION_ONLY_JOIN_AFTER_PREMATCH_FEATURE_FREEZE,1.99,3.51,3.59,EXTERNAL_HISTORICAL_MARKET_BENCHMARK,NOT_AVAILABLE,NOT_GOLDBET,2fe6aef47b99ea8ed046b74d8f41020b4017036e7cb7e703d46ad15f361fe98f
f0625f97e83b03d2ce7c30c5,Eliteserien,2023,DEVELOPMENT,2023-05-29,16:00,MATCH_KICKOFF_TIME_TIMEZONE_NOT_STATED_BY_SOURCE,,NOT_VERIFIED_DO_NOT_INFER,Sarpsborg 08,Aalesund,3,1,H,EVALUATION_ONLY_JOIN_AFTER_PREMATCH_FEATURE_FREEZE,1.56,4.23,5.41,EXTERNAL_HISTORICAL_MARKET_BENCHMARK,NOT_AVAILABLE,NOT_GOLDBET,088873cd0927f680f14b031466e593711187569bb3201ce62e6560836ed5b00f
681c7301b24f7742963f0d33,Eliteserien,2023,DEVELOPMENT,2023-05-29,16:00,MATCH_KICKOFF_TIME_TIMEZONE_NOT_STATED_BY_SOURCE,,NOT_VERIFIED_DO_NOT_INFER,Stabaek,Valerenga,2,1,H,EVALUATION_ONLY_JOIN_AFTER_PREMATCH_FEATURE_FREEZE,2.66,3.18,2.68,EXTERNAL_HISTORICAL_MARKET_BENCHMARK,NOT_AVAILABLE,NOT_GOLDBET,4c43aca22fe1c4b634599bdd9ff4b916e36c7472d61fc479f58e03e9a86c367d
de37477224948df9d19814af,Eliteserien,2023,DEVELOPMENT,2023-05-29,18:15,MATCH_KICKOFF_TIME_TIMEZONE_NOT_STATED_BY_SOURCE,,NOT_VERIFIED_DO_NOT_INFER,HamKam,Lillestrom,0,0,D,EVALUATION_ONLY_JOIN_AFTER_PREMATCH_FEATURE_FREEZE,3.54,3.48,2.03,EXTERNAL_HISTORICAL_MARKET_BENCHMARK,NOT_AVAILABLE,NOT_GOLDBET,05cf420c903dfd4d9bcf482e1de0873360a54465547a2699b418c3599365a2ca
a7d6afa0100f86213bd4f1af,Eliteserien,2023,DEVELOPMENT,2023-06-04,16:00,MATCH_KICKOFF_TIME_TIMEZONE_NOT_STATED_BY_SOURCE,,NOT_VERIFIED_DO_NOT_INFER,Aalesund,Brann,1,3,A,EVALUATION_ONLY_JOIN_AFTER_PREMATCH_FEATURE_FREEZE,5.05,3.93,1.64,EXTERNAL_HISTORICAL_MARKET_BENCHMARK,NOT_AVAILABLE,NOT_GOLDBET,46dc54d5b67df629da37a1710c44e30bc8c53ff936c66cf1cc40bb3597c44e14
3f13c3ef7e5b3eb7f8c744a8,Eliteserien,2023,DEVELOPMENT,2023-06-04,16:00,MATCH_KICKOFF_TIME_TIMEZONE_NOT_STATED_BY_SOURCE,,NOT_VERIFIED_DO_NOT_INFER,Lillestrom,Stabaek,3,1,H,EVALUATION_ONLY_JOIN_AFTER_PREMATCH_FEATURE_FREEZE,1.54,4.2,5.7,EXTERNAL_HISTORICAL_MARKET_BENCHMARK,NOT_AVAILABLE,NOT_GOLDBET,d402076509f501753a407d2234b29e2506861dd2187709ac87cfde1932099ff5
5f4cb57d6cb9468a2a04573d,Eliteserien,2023,DEVELOPMENT,2023-06-04,16:00,MATCH_KICKOFF_TIME_TIMEZONE_NOT_STATED_BY_SOURCE,,NOT_VERIFIED_DO_NOT_INFER,Rosenborg,HamKam,4,0,H,EVALUATION_ONLY_JOIN_AFTER_PREMATCH_FEATURE_FREEZE,1.66,3.77,5.11,EXTERNAL_HISTORICAL_MARKET_BENCHMARK,NOT_AVAILABLE,NOT_GOLDBET,08ff00612dae61d71844c652d9557bf60441ab873e0c4f4335dd1517ab1e8c9c
88e90348cad2b4b0bcdd1293,Eliteserien,2023,DEVELOPMENT,2023-06-04,16:00,MATCH_KICKOFF_TIME_TIMEZONE_NOT_STATED_BY_SOURCE,,NOT_VERIFIED_DO_NOT_INFER,Sandefjord,Odd,4,1,H,EVALUATION_ONLY_JOIN_AFTER_PREMATCH_FEATURE_FREEZE,2.71,3.26,2.57,EXTERNAL_HISTORICAL_MARKET_BENCHMARK,NOT_AVAILABLE,NOT_GOLDBET,797356d544ee077ee0aea03e74c40379c73e568b0c51630e68dfbc92667a7d15
67cbe75692f081b507dd9e13,Eliteserien,2023,DEVELOPMENT,2023-06-04,16:00,MATCH_KICKOFF_TIME_TIMEZONE_NOT_STATED_BY_SOURCE,,NOT_VERIFIED_DO_NOT_INFER,Stromsgodset,Haugesund,1,2,A,EVALUATION_ONLY_JOIN_AFTER_PREMATCH_FEATURE_FREEZE,1.69,3.79,4.79,EXTERNAL_HISTORICAL_MARKET_BENCHMARK,NOT_AVAILABLE,NOT_GOLDBET,2701bd2819f015a591ae6fb5559206c9c7065c2b2eebbcb68c7421ba19ea877a
c5118223ac070eee842acea8,Eliteserien,2023,DEVELOPMENT,2023-06-04,16:00,MATCH_KICKOFF_TIME_TIMEZONE_NOT_STATED_BY_SOURCE,,NOT_VERIFIED_DO_NOT_INFER,Tromso,Sarpsborg 08,2,1,H,EVALUATION_ONLY_JOIN_AFTER_PREMATCH_FEATURE_FREEZE,2.84,3.38,2.4,EXTERNAL_HISTORICAL_MARKET_BENCHMARK,NOT_AVAILABLE,NOT_GOLDBET,07ea9befe17ce7eedf58f1e443f0dd7cfe17ed3f0e78105206108b9d1cb7dee0
21f3f49ef8e14555d502bf0b,Eliteserien,2023,DEVELOPMENT,2023-06-04,16:00,MATCH_KICKOFF_TIME_TIMEZONE_NOT_STATED_BY_SOURCE,,NOT_VERIFIED_DO_NOT_INFER,Valerenga,Bodo/Glimt,1,3,A,EVALUATION_ONLY_JOIN_AFTER_PREMATCH_FEATURE_FREEZE,3.27,3.81,2.02,EXTERNAL_HISTORICAL_MARKET_BENCHMARK,NOT_AVAILABLE,NOT_GOLDBET,f32f0c361036c78fc4309fef02635fc3b5525014fd5c78fb0caeb0979eb28a93
daf851dcc15f3f8ce8d109e6,Eliteserien,2023,DEVELOPMENT,2023-06-04,18:15,MATCH_KICKOFF_TIME_TIMEZONE_NOT_STATED_BY_SOURCE,,NOT_VERIFIED_DO_NOT_INFER,Viking,Molde,3,4,A,EVALUATION_ONLY_JOIN_AFTER_PREMATCH_FEATURE_FREEZE,2.97,3.75,2.17,EXTERNAL_HISTORICAL_MARKET_BENCHMARK,NOT_AVAILABLE,NOT_GOLDBET,1626dcdd648a0c935f2782d1cae4bdbbeb89ba3eb989a70c7a21306fd6b607ee
9fc3dc57e702abeaec1b7c0e,Eliteserien,2023,DEVELOPMENT,2023-06-11,16:00,MATCH_KICKOFF_TIME_TIMEZONE_NOT_STATED_BY_SOURCE,,NOT_VERIFIED_DO_NOT_INFER,Aalesund,Tromso,2,3,A,EVALUATION_ONLY_JOIN_AFTER_PREMATCH_FEATURE_FREEZE,2.37,3.17,3.05,EXTERNAL_HISTORICAL_MARKET_BENCHMARK,NOT_AVAILABLE,NOT_GOLDBET,87af092f949153e1bf7eb775d03150f06e23c805526b0370f8e87e315fc175ce
d3a56fd97878673a280d3135,Eliteserien,2023,DEVELOPMENT,2023-06-11,16:00,MATCH_KICKOFF_TIME_TIMEZONE_NOT_STATED_BY_SOURCE,,NOT_VERIFIED_DO_NOT_INFER,Bodo/Glimt,HamKam,3,0,H,EVALUATION_ONLY_JOIN_AFTER_PREMATCH_FEATURE_FREEZE,1.15,8.02,14.72,EXTERNAL_HISTORICAL_MARKET_BENCHMARK,NOT_AVAILABLE,NOT_GOLDBET,6bdd59d7cd37ee118fa64cf85533ea85015b01ea55b6f0e89305de7bef82261d
c51cab54459afb01fe6394d5,Eliteserien,2023,DEVELOPMENT,2023-06-11,16:00,MATCH_KICKOFF_TIME_TIMEZONE_NOT_STATED_BY_SOURCE,,NOT_VERIFIED_DO_NOT_INFER,Haugesund,Sandefjord,3,2,H,EVALUATION_ONLY_JOIN_AFTER_PREMATCH_FEATURE_FREEZE,2.07,3.36,3.51,EXTERNAL_HISTORICAL_MARKET_BENCHMARK,NOT_AVAILABLE,NOT_GOLDBET,6f90b5269e56e1b4f08bf6f0f2a01cee264892e50d00ba3ccb736a6f2ff07ba5
0d01789fd92142e10182d12a,Eliteserien,2023,DEVELOPMENT,2023-06-11,16:00,MATCH_KICKOFF_TIME_TIMEZONE_NOT_STATED_BY_SOURCE,,NOT_VERIFIED_DO_NOT_INFER,Odd,Molde,1,0,H,EVALUATION_ONLY_JOIN_AFTER_PREMATCH_FEATURE_FREEZE,5.22,4.1,1.59,EXTERNAL_HISTORICAL_MARKET_BENCHMARK,NOT_AVAILABLE,NOT_GOLDBET,bf4ffc10b861b815f80dc49bbc70a6098abe2af7dbac32c5b954407ebf064a06
eaec41f9d116856246b6b52d,Eliteserien,2023,DEVELOPMENT,2023-06-11,16:00,MATCH_KICKOFF_TIME_TIMEZONE_NOT_STATED_BY_SOURCE,,NOT_VERIFIED_DO_NOT_INFER,Sarpsborg 08,Viking,1,3,A,EVALUATION_ONLY_JOIN_AFTER_PREMATCH_FEATURE_FREEZE,2.1,3.84,3.05,EXTERNAL_HISTORICAL_MARKET_BENCHMARK,NOT_AVAILABLE,NOT_GOLDBET,c8b9f17e0427fbedf956bf200b8a0bb898e3b5e344daf68d5fe1e900da329da9
a8ed9bbdcc3b321cb5a77735,Eliteserien,2023,DEVELOPMENT,2023-06-11,16:00,MATCH_KICKOFF_TIME_TIMEZONE_NOT_STATED_BY_SOURCE,,NOT_VERIFIED_DO_NOT_INFER,Stabaek,Rosenborg,2,2,D,EVALUATION_ONLY_JOIN_AFTER_PREMATCH_FEATURE_FREEZE,2.9,3.17,2.47,EXTERNAL_HISTORICAL_MARKET_BENCHMARK,NOT_AVAILABLE,NOT_GOLDBET,1018744a23ceca98e99f9916d57d4f236221ee64e2db6139b4e99735d7cae825
aeb835905ba55e6cd2d08e4c,Eliteserien,2023,DEVELOPMENT,2023-06-11,16:00,MATCH_KICKOFF_TIME_TIMEZONE_NOT_STATED_BY_SOURCE,,NOT_VERIFIED_DO_NOT_INFER,Valerenga,Stromsgodset,0,1,A,EVALUATION_ONLY_JOIN_AFTER_PREMATCH_FEATURE_FREEZE,1.62,4.15,4.93,EXTERNAL_HISTORICAL_MARKET_BENCHMARK,NOT_AVAILABLE,NOT_GOLDBET,7f2ae572b9c47a3d86d518a2132133be7f74ccf6caa712c2bbdf6b7b4c69a92a
80f4f9e4d651a412f1262d4a,Eliteserien,2023,DEVELOPMENT,2023-06-11,18:15,MATCH_KICKOFF_TIME_TIMEZONE_NOT_STATED_BY_SOURCE,,NOT_VERIFIED_DO_NOT_INFER,Brann,Lillestrom,2,2,D,EVALUATION_ONLY_JOIN_AFTER_PREMATCH_FEATURE_FREEZE,1.53,4.37,5.58,EXTERNAL_HISTORICAL_MARKET_BENCHMARK,NOT_AVAILABLE,NOT_GOLDBET,94cf1ee7259036e49c78a704ae3ea000101982f6319583c10ea66250f5787726
f3f4c791431ab19df1e0087d,Eliteserien,2023,DEVELOPMENT,2023-06-24,17:00,MATCH_KICKOFF_TIME_TIMEZONE_NOT_STATED_BY_SOURCE,,NOT_VERIFIED_DO_NOT_INFER,Viking,Brann,3,1,H,EVALUATION_ONLY_JOIN_AFTER_PREMATCH_FEATURE_FREEZE,2.71,3.87,2.3,EXTERNAL_HISTORICAL_MARKET_BENCHMARK,NOT_AVAILABLE,NOT_GOLDBET,afb3b8e5e52a2e2217f71472cd4535f690c4fe6c4cbb9b3450332eab75f41393
ef6ac66a58c2fe0484907a65,Eliteserien,2023,DEVELOPMENT,2023-06-25,16:00,MATCH_KICKOFF_TIME_TIMEZONE_NOT_STATED_BY_SOURCE,,NOT_VERIFIED_DO_NOT_INFER,HamKam,Odd,0,1,A,EVALUATION_ONLY_JOIN_AFTER_PREMATCH_FEATURE_FREEZE,2.39,3.31,2.9,EXTERNAL_HISTORICAL_MARKET_BENCHMARK,NOT_AVAILABLE,NOT_GOLDBET,49f86ba52c6927253613aa954f339b8a48a766edc32ce1c53d6d86e29056045b
45c100f0743e9a7e81e71db4,Eliteserien,2023,DEVELOPMENT,2023-06-25,16:00,MATCH_KICKOFF_TIME_TIMEZONE_NOT_STATED_BY_SOURCE,,NOT_VERIFIED_DO_NOT_INFER,Molde,Haugesund,1,0,H,EVALUATION_ONLY_JOIN_AFTER_PREMATCH_FEATURE_FREEZE,1.22,6.54,11.29,EXTERNAL_HISTORICAL_MARKET_BENCHMARK,NOT_AVAILABLE,NOT_GOLDBET,a66dd67bede914b4b4d0865f1054782391681a9c078a3140f5a83e5e54dae1e5
a590db2732e65cd1f9b35c62,Eliteserien,2023,DEVELOPMENT,2023-06-25,16:00,MATCH_KICKOFF_TIME_TIMEZONE_NOT_STATED_BY_SOURCE,,NOT_VERIFIED_DO_NOT_INFER,Rosenborg,Sarpsborg 08,0,3,A,EVALUATION_ONLY_JOIN_AFTER_PREMATCH_FEATURE_FREEZE,2.12,3.64,3.16,EXTERNAL_HISTORICAL_MARKET_BENCHMARK,NOT_AVAILABLE,NOT_GOLDBET,cfeb128b8f1aa9b649ba95daa6b180049b6211e213ac58535d38658a88b72514
01860e3b5e09b39b7727e721,Eliteserien,2023,DEVELOPMENT,2023-06-25,16:00,MATCH_KICKOFF_TIME_TIMEZONE_NOT_STATED_BY_SOURCE,,NOT_VERIFIED_DO_NOT_INFER,Tromso,Stabaek,2,1,H,EVALUATION_ONLY_JOIN_AFTER_PREMATCH_FEATURE_FREEZE,2.33,3.06,3.25,EXTERNAL_HISTORICAL_MARKET_BENCHMARK,NOT_AVAILABLE,NOT_GOLDBET,e3cc5df6726bfdf054f19cc5d723294631150e0d5406004a6b15bdcdfeabd50e
e7f70cc47b36b5989cd66f0b,Eliteserien,2023,DEVELOPMENT,2023-06-25,18:15,MATCH_KICKOFF_TIME_TIMEZONE_NOT_STATED_BY_SOURCE,,NOT_VERIFIED_DO_NOT_INFER,Stromsgodset,Bodo/Glimt,2,0,H,EVALUATION_ONLY_JOIN_AFTER_PREMATCH_FEATURE_FREEZE,5.32,4.73,1.5,EXTERNAL_HISTORICAL_MARKET_BENCHMARK,NOT_AVAILABLE,NOT_GOLDBET,6723097f572b3a52624d7d7ab34746d00c04005f6d60cdaef2520c77eb5c250d
bd99206b4ae360bb151051ac,Eliteserien,2023,DEVELOPMENT,2023-07-01,17:00,MATCH_KICKOFF_TIME_TIMEZONE_NOT_STATED_BY_SOURCE,,NOT_VERIFIED_DO_NOT_INFER,Valerenga,Viking,1,2,A,EVALUATION_ONLY_JOIN_AFTER_PREMATCH_FEATURE_FREEZE,2.21,3.77,2.9,EXTERNAL_HISTORICAL_MARKET_BENCHMARK,NOT_AVAILABLE,NOT_GOLDBET,6a28de6ea74194f0a491eb9ce1ffdcd50332fc4549b474d4304ac460039493cf
8d08a4b86ca1436b5d837266,Eliteserien,2023,DEVELOPMENT,2023-07-02,16:00,MATCH_KICKOFF_TIME_TIMEZONE_NOT_STATED_BY_SOURCE,,NOT_VERIFIED_DO_NOT_INFER,Aalesund,Rosenborg,1,0,H,EVALUATION_ONLY_JOIN_AFTER_PREMATCH_FEATURE_FREEZE,3.08,3.41,2.24,EXTERNAL_HISTORICAL_MARKET_BENCHMARK,NOT_AVAILABLE,NOT_GOLDBET,226202a87a27924fc3092fa03915d05d7ef1231e4f3c48df710e1acb0591961e
58d38c717e1707a610885990,Eliteserien,2023,DEVELOPMENT,2023-07-02,16:00,MATCH_KICKOFF_TIME_TIMEZONE_NOT_STATED_BY_SOURCE,,NOT_VERIFIED_DO_NOT_INFER,Brann,HamKam,2,1,H,EVALUATION_ONLY_JOIN_AFTER_PREMATCH_FEATURE_FREEZE,1.31,5.66,8.16,EXTERNAL_HISTORICAL_MARKET_BENCHMARK,NOT_AVAILABLE,NOT_GOLDBET,978495d6851f7459c939f8a972ec8ebfbbf1d781a4a0c7ba9dcc6a63e60cdb93
bfe20ad67341504d09c99d7b,Eliteserien,2023,DEVELOPMENT,2023-07-02,16:00,MATCH_KICKOFF_TIME_TIMEZONE_NOT_STATED_BY_SOURCE,,NOT_VERIFIED_DO_NOT_INFER,Haugesund,Odd,2,1,H,EVALUATION_ONLY_JOIN_AFTER_PREMATCH_FEATURE_FREEZE,2.32,3.21,3.11,EXTERNAL_HISTORICAL_MARKET_BENCHMARK,NOT_AVAILABLE,NOT_GOLDBET,b679d4309960000b77f6ae8c633ab85934b3c50dea0019474aa03300970b4849
a489efc998feca73d1cd82f4,Eliteserien,2023,DEVELOPMENT,2023-07-02,16:00,MATCH_KICKOFF_TIME_TIMEZONE_NOT_STATED_BY_SOURCE,,NOT_VERIFIED_DO_NOT_INFER,Lillestrom,Tromso,0,1,A,EVALUATION_ONLY_JOIN_AFTER_PREMATCH_FEATURE_FREEZE,1.63,3.92,5.16,EXTERNAL_HISTORICAL_MARKET_BENCHMARK,NOT_AVAILABLE,NOT_GOLDBET,dce10de7f80002574bbc17dfb31af95baa5d23ad5d1f77a475e93686a085868c
c6d6ee44660e2b266bdfef4a,Eliteserien,2023,DEVELOPMENT,2023-07-02,16:00,MATCH_KICKOFF_TIME_TIMEZONE_NOT_STATED_BY_SOURCE,,NOT_VERIFIED_DO_NOT_INFER,Sarpsborg 08,Sandefjord,6,1,H,EVALUATION_ONLY_JOIN_AFTER_PREMATCH_FEATURE_FREEZE,1.34,5.42,7.68,EXTERNAL_HISTORICAL_MARKET_BENCHMARK,NOT_AVAILABLE,NOT_GOLDBET,9c57026cd64ed92ef227f3d70c47506c3ecef7057c396e6a6dccdc73237f9e83
530dafcc05146344906daadd,Eliteserien,2023,DEVELOPMENT,2023-07-02,18:15,MATCH_KICKOFF_TIME_TIMEZONE_NOT_STATED_BY_SOURCE,,NOT_VERIFIED_DO_NOT_INFER,Bodo/Glimt,Molde,2,2,D,EVALUATION_ONLY_JOIN_AFTER_PREMATCH_FEATURE_FREEZE,2.16,3.7,3.03,EXTERNAL_HISTORICAL_MARKET_BENCHMARK,NOT_AVAILABLE,NOT_GOLDBET,04d8e4d31a7c562c28737c1a9c0c7a20eb133649748895753d11d29461cd6a6e
80da17c09ea3eb88d6079da6,Eliteserien,2023,DEVELOPMENT,2023-07-03,18:00,MATCH_KICKOFF_TIME_TIMEZONE_NOT_STATED_BY_SOURCE,,NOT_VERIFIED_DO_NOT_INFER,Stabaek,Stromsgodset,0,1,A,EVALUATION_ONLY_JOIN_AFTER_PREMATCH_FEATURE_FREEZE,2.19,3.38,3.21,EXTERNAL_HISTORICAL_MARKET_BENCHMARK,NOT_AVAILABLE,NOT_GOLDBET,1c3b3c727abe001438071c5b389f0fc8b5730c2612990b76befba784a2319736
b1288ddeaaea09da2a12f4f1,Eliteserien,2023,DEVELOPMENT,2023-07-07,18:00,MATCH_KICKOFF_TIME_TIMEZONE_NOT_STATED_BY_SOURCE,,NOT_VERIFIED_DO_NOT_INFER,HamKam,Aalesund,2,1,H,EVALUATION_ONLY_JOIN_AFTER_PREMATCH_FEATURE_FREEZE,1.86,3.66,3.98,EXTERNAL_HISTORICAL_MARKET_BENCHMARK,NOT_AVAILABLE,NOT_GOLDBET,0d8d63e44fb1aff37ee42b88f13785f252f1df13e5c52398f93599c2712ab984
5e39c5a3d6f4a7c300f8306f,Eliteserien,2023,DEVELOPMENT,2023-07-08,17:00,MATCH_KICKOFF_TIME_TIMEZONE_NOT_STATED_BY_SOURCE,,NOT_VERIFIED_DO_NOT_INFER,Viking,Haugesund,2,0,H,EVALUATION_ONLY_JOIN_AFTER_PREMATCH_FEATURE_FREEZE,1.51,4.52,5.56,EXTERNAL_HISTORICAL_MARKET_BENCHMARK,NOT_AVAILABLE,NOT_GOLDBET,af15bca817ce7da2441923d18a390af500f49e3982091d589bbda62b65d0f66c
7033b52cb62bb46e783f24a2,Eliteserien,2023,DEVELOPMENT,2023-07-09,16:00,MATCH_KICKOFF_TIME_TIMEZONE_NOT_STATED_BY_SOURCE,,NOT_VERIFIED_DO_NOT_INFER,Odd,Bodo/Glimt,0,2,A,EVALUATION_ONLY_JOIN_AFTER_PREMATCH_FEATURE_FREEZE,5.75,4.36,1.52,EXTERNAL_HISTORICAL_MARKET_BENCHMARK,NOT_AVAILABLE,NOT_GOLDBET,5b523f23d1ab74e361284e58b9368bfe285cc2885cb448e7e9f0b25bd9dfb436
3b766d11354d52f4ffec46fa,Eliteserien,2023,DEVELOPMENT,2023-07-09,16:00,MATCH_KICKOFF_TIME_TIMEZONE_NOT_STATED_BY_SOURCE,,NOT_VERIFIED_DO_NOT_INFER,Rosenborg,Lillestrom,1,2,A,EVALUATION_ONLY_JOIN_AFTER_PREMATCH_FEATURE_FREEZE,2.28,3.58,2.9,EXTERNAL_HISTORICAL_MARKET_BENCHMARK,NOT_AVAILABLE,NOT_GOLDBET,4c50410eacbc5d7e225ab689b6ae57d5c8e3b757f9155bf901ec832bb9ba2195
cc198dbdf7c4b03d72c1c5a1,Eliteserien,2023,DEVELOPMENT,2023-07-09,16:00,MATCH_KICKOFF_TIME_TIMEZONE_NOT_STATED_BY_SOURCE,,NOT_VERIFIED_DO_NOT_INFER,Sandefjord,Stabaek,0,0,D,EVALUATION_ONLY_JOIN_AFTER_PREMATCH_FEATURE_FREEZE,2.72,3.26,2.59,EXTERNAL_HISTORICAL_MARKET_BENCHMARK,NOT_AVAILABLE,NOT_GOLDBET,f48e46c77d0189c40ebb37b525d3a44186adcfea4f4bdf443379ecace91e339b
8800ca7b3b9ebea913aeaf4c,Eliteserien,2023,DEVELOPMENT,2023-07-09,16:00,MATCH_KICKOFF_TIME_TIMEZONE_NOT_STATED_BY_SOURCE,,NOT_VERIFIED_DO_NOT_INFER,Stromsgodset,Sarpsborg 08,5,2,H,EVALUATION_ONLY_JOIN_AFTER_PREMATCH_FEATURE_FREEZE,3.11,3.93,2.06,EXTERNAL_HISTORICAL_MARKET_BENCHMARK,NOT_AVAILABLE,NOT_GOLDBET,371f706b3f4af9bd29ba3c6790bdfc65eb341fb120f896c675a65cbf13713f06
b2bad0b88eb83ea3a40fe0df,Eliteserien,2023,DEVELOPMENT,2023-07-09,16:00,MATCH_KICKOFF_TIME_TIMEZONE_NOT_STATED_BY_SOURCE,,NOT_VERIFIED_DO_NOT_INFER,Tromso,Valerenga,0,0,D,EVALUATION_ONLY_JOIN_AFTER_PREMATCH_FEATURE_FREEZE,1.92,3.51,3.94,EXTERNAL_HISTORICAL_MARKET_BENCHMARK,NOT_AVAILABLE,NOT_GOLDBET,3d48cf4d477181752c051b8a9ccefc08b1a987f0d1ac4a3516783976f59eaec9
ff80aaf578110b8ea18af511,Eliteserien,2023,DEVELOPMENT,2023-07-09,18:15,MATCH_KICKOFF_TIME_TIMEZONE_NOT_STATED_BY_SOURCE,,NOT_VERIFIED_DO_NOT_INFER,Molde,Brann,2,0,H,EVALUATION_ONLY_JOIN_AFTER_PREMATCH_FEATURE_FREEZE,1.89,3.91,3.59,EXTERNAL_HISTORICAL_MARKET_BENCHMARK,NOT_AVAILABLE,NOT_GOLDBET,c0a4b61899c246d11cb8e9a6c2473345660b8ff29b5f668b6b3a3d1a539e6a1a
690e19691ad638a15924c9de,Eliteserien,2023,DEVELOPMENT,2023-07-15,17:00,MATCH_KICKOFF_TIME_TIMEZONE_NOT_STATED_BY_SOURCE,,NOT_VERIFIED_DO_NOT_INFER,Valerenga,Molde,0,4,A,EVALUATION_ONLY_JOIN_AFTER_PREMATCH_FEATURE_FREEZE,3.41,3.74,1.99,EXTERNAL_HISTORICAL_MARKET_BENCHMARK,NOT_AVAILABLE,NOT_GOLDBET,87825998149dac03131fe4a8c3a067ea850f9f8123264d94e7c7ec94ed44c9ec
43de0bf61f978cfa7e135eb3,Eliteserien,2023,DEVELOPMENT,2023-07-16,16:00,MATCH_KICKOFF_TIME_TIMEZONE_NOT_STATED_BY_SOURCE,,NOT_VERIFIED_DO_NOT_INFER,Aalesund,Odd,0,3,A,EVALUATION_ONLY_JOIN_AFTER_PREMATCH_FEATURE_FREEZE,2.27,3.31,3.11,EXTERNAL_HISTORICAL_MARKET_BENCHMARK,NOT_AVAILABLE,NOT_GOLDBET,be17dbd35aaa1afdbcd8fcbd359af7c83748ba9db2991aa6eeba5fb3fddc59ff
e421c3416820f75faa5cca2b,Eliteserien,2023,DEVELOPMENT,2023-07-16,16:00,MATCH_KICKOFF_TIME_TIMEZONE_NOT_STATED_BY_SOURCE,,NOT_VERIFIED_DO_NOT_INFER,Bodo/Glimt,Haugesund,2,1,H,EVALUATION_ONLY_JOIN_AFTER_PREMATCH_FEATURE_FREEZE,1.19,7.22,12.08,EXTERNAL_HISTORICAL_MARKET_BENCHMARK,NOT_AVAILABLE,NOT_GOLDBET,c5cabe87ca6044b42260422c85638ca8c8c7fac07569f0737a7ac4af376216d5
e4b4c04bf60cebe6852f3bfd,Eliteserien,2023,DEVELOPMENT,2023-07-16,16:00,MATCH_KICKOFF_TIME_TIMEZONE_NOT_STATED_BY_SOURCE,,NOT_VERIFIED_DO_NOT_INFER,Lillestrom,Sandefjord,4,2,H,EVALUATION_ONLY_JOIN_AFTER_PREMATCH_FEATURE_FREEZE,1.34,5.34,7.81,EXTERNAL_HISTORICAL_MARKET_BENCHMARK,NOT_AVAILABLE,NOT_GOLDBET,d8aa5e3584e56d54caeaf07b94717584e49328edcd5f920d0bbdcf176ae59d2e
6c88b6e21f1921711126621d,Eliteserien,2023,DEVELOPMENT,2023-07-16,16:00,MATCH_KICKOFF_TIME_TIMEZONE_NOT_STATED_BY_SOURCE,,NOT_VERIFIED_DO_NOT_INFER,Rosenborg,Tromso,2,1,H,EVALUATION_ONLY_JOIN_AFTER_PREMATCH_FEATURE_FREEZE,2.1,3.44,3.37,EXTERNAL_HISTORICAL_MARKET_BENCHMARK,NOT_AVAILABLE,NOT_GOLDBET,557426f511bc9bc13242d89d4c77532ef3a405197b5aed337a6cf416cbcd6540
e108c15344dac4aa1da662e3,Eliteserien,2023,DEVELOPMENT,2023-07-16,16:00,MATCH_KICKOFF_TIME_TIMEZONE_NOT_STATED_BY_SOURCE,,NOT_VERIFIED_DO_NOT_INFER,Sarpsborg 08,HamKam,2,3,A,EVALUATION_ONLY_JOIN_AFTER_PREMATCH_FEATURE_FREEZE,1.35,5.3,7.5,EXTERNAL_HISTORICAL_MARKET_BENCHMARK,NOT_AVAILABLE,NOT_GOLDBET,a191998414584833d3a5c8b77bb724ed4ed8541dfd565a397815410d07080927
dad6811c9c22dae24862e3aa,Eliteserien,2023,DEVELOPMENT,2023-07-16,16:00,MATCH_KICKOFF_TIME_TIMEZONE_NOT_STATED_BY_SOURCE,,NOT_VERIFIED_DO_NOT_INFER,Stabaek,Viking,0,1,A,EVALUATION_ONLY_JOIN_AFTER_PREMATCH_FEATURE_FREEZE,2.84,3.45,2.36,EXTERNAL_HISTORICAL_MARKET_BENCHMARK,NOT_AVAILABLE,NOT_GOLDBET,95159cbdc0cfcdb93e991562c03906ccbab7beadebd6189bd430e516b0de1c56
6249c66b0dcb81e1cabb246d,Eliteserien,2023,DEVELOPMENT,2023-07-16,18:15,MATCH_KICKOFF_TIME_TIMEZONE_NOT_STATED_BY_SOURCE,,NOT_VERIFIED_DO_NOT_INFER,Brann,Stromsgodset,1,0,H,EVALUATION_ONLY_JOIN_AFTER_PREMATCH_FEATURE_FREEZE,1.32,5.84,7.47,EXTERNAL_HISTORICAL_MARKET_BENCHMARK,NOT_AVAILABLE,NOT_GOLDBET,42b075ba5ef452bedf2b1a1c2626b8e996c9e3e1cb591a0777c225dbf4cbaa22
5b7c8284b5d74357009f41ac,Eliteserien,2023,DEVELOPMENT,2023-07-19,17:00,MATCH_KICKOFF_TIME_TIMEZONE_NOT_STATED_BY_SOURCE,,NOT_VERIFIED_DO_NOT_INFER,Lillestrom,Aalesund,5,1,H,EVALUATION_ONLY_JOIN_AFTER_PREMATCH_FEATURE_FREEZE,1.3,5.48,8.98,EXTERNAL_HISTORICAL_MARKET_BENCHMARK,NOT_AVAILABLE,NOT_GOLDBET,4b5081025697b0abf4b9dcf02e49fab816f2b1885dd462909432cffc30e7dac7
00b599adfb29bd59c26ce1af,Eliteserien,2023,DEVELOPMENT,2023-07-22,17:00,MATCH_KICKOFF_TIME_TIMEZONE_NOT_STATED_BY_SOURCE,,NOT_VERIFIED_DO_NOT_INFER,Molde,Sarpsborg 08,5,1,H,EVALUATION_ONLY_JOIN_AFTER_PREMATCH_FEATURE_FREEZE,1.41,5.22,6.31,EXTERNAL_HISTORICAL_MARKET_BENCHMARK,NOT_AVAILABLE,NOT_GOLDBET,de62187003a487de149e116a7725cb4ce189137d238303ff3b60f7ed4b3c37ed
93df7adf9591d10bd2786bbf,Eliteserien,2023,DEVELOPMENT,2023-07-23,16:00,MATCH_KICKOFF_TIME_TIMEZONE_NOT_STATED_BY_SOURCE,,NOT_VERIFIED_DO_NOT_INFER,HamKam,Stabaek,3,2,H,EVALUATION_ONLY_JOIN_AFTER_PREMATCH_FEATURE_FREEZE,2.34,3.3,3.01,EXTERNAL_HISTORICAL_MARKET_BENCHMARK,NOT_AVAILABLE,NOT_GOLDBET,893bb1d4b178f3543648e7b897fdcf4fe09fb3c7dc0731475a9ef864e414e2b1
2d4b461ca0e9fb534eef2adb,Eliteserien,2023,DEVELOPMENT,2023-07-23,16:00,MATCH_KICKOFF_TIME_TIMEZONE_NOT_STATED_BY_SOURCE,,NOT_VERIFIED_DO_NOT_INFER,Haugesund,Lillestrom,1,0,H,EVALUATION_ONLY_JOIN_AFTER_PREMATCH_FEATURE_FREEZE,3.3,3.62,2.07,EXTERNAL_HISTORICAL_MARKET_BENCHMARK,NOT_AVAILABLE,NOT_GOLDBET,ac4bdd38438bb055537e5142104a29a047b4be003ab72e592ee00b762206d8f6
67ff4c39d78b0caced8911b8,Eliteserien,2023,DEVELOPMENT,2023-07-23,16:00,MATCH_KICKOFF_TIME_TIMEZONE_NOT_STATED_BY_SOURCE,,NOT_VERIFIED_DO_NOT_INFER,Odd,Valerenga,2,1,H,EVALUATION_ONLY_JOIN_AFTER_PREMATCH_FEATURE_FREEZE,2.39,3.31,2.92,EXTERNAL_HISTORICAL_MARKET_BENCHMARK,NOT_AVAILABLE,NOT_GOLDBET,bc1f21061831b10f038351871bfe0e6cbe8365dda178eb9cf4398964ee8965c6
ca7cd243e2977bbf4aeba25c,Eliteserien,2023,DEVELOPMENT,2023-07-23,16:00,MATCH_KICKOFF_TIME_TIMEZONE_NOT_STATED_BY_SOURCE,,NOT_VERIFIED_DO_NOT_INFER,Sandefjord,Bodo/Glimt,2,5,A,EVALUATION_ONLY_JOIN_AFTER_PREMATCH_FEATURE_FREEZE,7.91,5.34,1.34,EXTERNAL_HISTORICAL_MARKET_BENCHMARK,NOT_AVAILABLE,NOT_GOLDBET,b7fddb540d7d5230a119cc5e6fd2c13cd88356bd568b0885402e61d9d6cc591b
7b755c2330f2c7b22056d817,Eliteserien,2023,DEVELOPMENT,2023-07-23,16:00,MATCH_KICKOFF_TIME_TIMEZONE_NOT_STATED_BY_SOURCE,,NOT_VERIFIED_DO_NOT_INFER,Tromso,Brann,3,1,H,EVALUATION_ONLY_JOIN_AFTER_PREMATCH_FEATURE_FREEZE,2.97,3.48,2.28,EXTERNAL_HISTORICAL_MARKET_BENCHMARK,NOT_AVAILABLE,NOT_GOLDBET,76d77ef44300206ebfa85ed5183ee184323b09438075a306b8a6853d4537a747
82a6b6cec07d5f33df4a6c6a,Eliteserien,2023,DEVELOPMENT,2023-07-23,18:15,MATCH_KICKOFF_TIME_TIMEZONE_NOT_STATED_BY_SOURCE,,NOT_VERIFIED_DO_NOT_INFER,Stromsgodset,Rosenborg,0,1,A,EVALUATION_ONLY_JOIN_AFTER_PREMATCH_FEATURE_FREEZE,2.63,3.6,2.47,EXTERNAL_HISTORICAL_MARKET_BENCHMARK,NOT_AVAILABLE,NOT_GOLDBET,7c453fc19d6cc4a8380c579f06a82c4a7f6524f2b36b8904e228e5c7f1fc7f57
9c1f28be20bcbc03cea6ec60,Eliteserien,2023,DEVELOPMENT,2023-07-24,18:00,MATCH_KICKOFF_TIME_TIMEZONE_NOT_STATED_BY_SOURCE,,NOT_VERIFIED_DO_NOT_INFER,Viking,Aalesund,3,1,H,EVALUATION_ONLY_JOIN_AFTER_PREMATCH_FEATURE_FREEZE,1.23,6.49,10.38,EXTERNAL_HISTORICAL_MARKET_BENCHMARK,NOT_AVAILABLE,NOT_GOLDBET,d74a3a966476f60482911ad61cd4a32f56a522982b79550085a551c1543518ed
9c7f433734b49c7a39283429,Eliteserien,2023,DEVELOPMENT,2023-07-29,14:30,MATCH_KICKOFF_TIME_TIMEZONE_NOT_STATED_BY_SOURCE,,NOT_VERIFIED_DO_NOT_INFER,Valerenga,Sandefjord,2,3,A,EVALUATION_ONLY_JOIN_AFTER_PREMATCH_FEATURE_FREEZE,1.49,4.54,5.82,EXTERNAL_HISTORICAL_MARKET_BENCHMARK,NOT_AVAILABLE,NOT_GOLDBET,1a8729014ca58cb4bf1fee532dcf6b31f0804fa322778c081c511c86adf26621
2c6da92676de52371b229b1c,Eliteserien,2023,DEVELOPMENT,2023-07-29,17:00,MATCH_KICKOFF_TIME_TIMEZONE_NOT_STATED_BY_SOURCE,,NOT_VERIFIED_DO_NOT_INFER,Stabaek,Molde,0,1,A,EVALUATION_ONLY_JOIN_AFTER_PREMATCH_FEATURE_FREEZE,3.87,3.51,1.92,EXTERNAL_HISTORICAL_MARKET_BENCHMARK,NOT_AVAILABLE,NOT_GOLDBET,4ad5c5be2120d39ee72eeb90aa4b88175d86345b49982b2c85c49012ad981c7c
517d080cda53cd32ac9d379c,Eliteserien,2023,DEVELOPMENT,2023-07-30,16:00,MATCH_KICKOFF_TIME_TIMEZONE_NOT_STATED_BY_SOURCE,,NOT_VERIFIED_DO_NOT_INFER,Aalesund,Stromsgodset,1,0,H,EVALUATION_ONLY_JOIN_AFTER_PREMATCH_FEATURE_FREEZE,2.27,3.56,2.91,EXTERNAL_HISTORICAL_MARKET_BENCHMARK,NOT_AVAILABLE,NOT_GOLDBET,170888b429f645e97294b153f259266ed26fadee63a262065520ff130278b607
5e56ec09ef9ff074f755f60e,Eliteserien,2023,DEVELOPMENT,2023-07-30,16:00,MATCH_KICKOFF_TIME_TIMEZONE_NOT_STATED_BY_SOURCE,,NOT_VERIFIED_DO_NOT_INFER,Brann,Viking,0,2,A,EVALUATION_ONLY_JOIN_AFTER_PREMATCH_FEATURE_FREEZE,1.84,4.13,3.58,EXTERNAL_HISTORICAL_MARKET_BENCHMARK,NOT_AVAILABLE,NOT_GOLDBET,b37ccb4d416370afab8a1a8f3ab4d21c5b22b25dbd6c30aa3baa49520937efc4
0dee5f4e5233ef1ca7c76c9d,Eliteserien,2023,DEVELOPMENT,2023-07-30,16:00,MATCH_KICKOFF_TIME_TIMEZONE_NOT_STATED_BY_SOURCE,,NOT_VERIFIED_DO_NOT_INFER,Lillestrom,HamKam,3,1,H,EVALUATION_ONLY_JOIN_AFTER_PREMATCH_FEATURE_FREEZE,1.47,4.51,6.19,EXTERNAL_HISTORICAL_MARKET_BENCHMARK,NOT_AVAILABLE,NOT_GOLDBET,7133a201eb93ee17b92c899daf2ab808fc53530c8a491553a979f4df19389b41
89d93b793b8f9ab5caef7cf8,Eliteserien,2023,DEVELOPMENT,2023-07-30,16:00,MATCH_KICKOFF_TIME_TIMEZONE_NOT_STATED_BY_SOURCE,,NOT_VERIFIED_DO_NOT_INFER,Rosenborg,Odd,3,2,H,EVALUATION_ONLY_JOIN_AFTER_PREMATCH_FEATURE_FREEZE,1.69,3.83,4.78,EXTERNAL_HISTORICAL_MARKET_BENCHMARK,NOT_AVAILABLE,NOT_GOLDBET,03197d275606ee366f2774be1acdfca33d3f2f12a2e4931a49c6c0368ff84ac2
2cfb40886dc2649f2796e9cf,Eliteserien,2023,DEVELOPMENT,2023-07-30,16:00,MATCH_KICKOFF_TIME_TIMEZONE_NOT_STATED_BY_SOURCE,,NOT_VERIFIED_DO_NOT_INFER,Sarpsborg 08,Haugesund,2,1,H,EVALUATION_ONLY_JOIN_AFTER_PREMATCH_FEATURE_FREEZE,1.39,5.13,6.72,EXTERNAL_HISTORICAL_MARKET_BENCHMARK,NOT_AVAILABLE,NOT_GOLDBET,5ea351760ef32e4e63f9921b4c26414ab9947e8655a0e981e694ebb404acdbd7
92ddfb93fd0fe85826dba1a4,Eliteserien,2023,DEVELOPMENT,2023-07-30,18:15,MATCH_KICKOFF_TIME_TIMEZONE_NOT_STATED_BY_SOURCE,,NOT_VERIFIED_DO_NOT_INFER,Bodo/Glimt,Tromso,0,2,A,EVALUATION_ONLY_JOIN_AFTER_PREMATCH_FEATURE_FREEZE,1.32,5.37,8.21,EXTERNAL_HISTORICAL_MARKET_BENCHMARK,NOT_AVAILABLE,NOT_GOLDBET,80610df5795dcd57c31315c8dc67d3663a2d470796256e9cf7b5e3405efee343
e5f1b51099d17abed93a2c4e,Eliteserien,2023,DEVELOPMENT,2023-08-05,17:00,MATCH_KICKOFF_TIME_TIMEZONE_NOT_STATED_BY_SOURCE,,NOT_VERIFIED_DO_NOT_INFER,Stromsgodset,Valerenga,1,3,A,EVALUATION_ONLY_JOIN_AFTER_PREMATCH_FEATURE_FREEZE,2.78,3.42,2.42,EXTERNAL_HISTORICAL_MARKET_BENCHMARK,NOT_AVAILABLE,NOT_GOLDBET,a82f2a2815530aa39fa482c53014e09ceb5765a6ab5ecf5d8a760d50ed6372bc
0faf34998de26bf78faa3078,Eliteserien,2023,DEVELOPMENT,2023-08-06,16:00,MATCH_KICKOFF_TIME_TIMEZONE_NOT_STATED_BY_SOURCE,,NOT_VERIFIED_DO_NOT_INFER,HamKam,Brann,0,2,A,EVALUATION_ONLY_JOIN_AFTER_PREMATCH_FEATURE_FREEZE,3.68,3.86,1.87,EXTERNAL_HISTORICAL_MARKET_BENCHMARK,NOT_AVAILABLE,NOT_GOLDBET,233ad878aa1acc7876327dca32b29b5c462a918fc6aff9f4aa3b062b7f14fea4
c5f1d461c76c0e6372e1aa34,Eliteserien,2023,DEVELOPMENT,2023-08-06,16:00,MATCH_KICKOFF_TIME_TIMEZONE_NOT_STATED_BY_SOURCE,,NOT_VERIFIED_DO_NOT_INFER,Haugesund,Rosenborg,1,2,A,EVALUATION_ONLY_JOIN_AFTER_PREMATCH_FEATURE_FREEZE,2.45,3.35,2.78,EXTERNAL_HISTORICAL_MARKET_BENCHMARK,NOT_AVAILABLE,NOT_GOLDBET,0c51e264f0c038565eee5ddc6232cc093c70ee44af2e0b9b5c46163d82369cc3
4526093b94d445e95a124d3d,Eliteserien,2023,DEVELOPMENT,2023-08-06,16:00,MATCH_KICKOFF_TIME_TIMEZONE_NOT_STATED_BY_SOURCE,,NOT_VERIFIED_DO_NOT_INFER,Odd,Stabaek,4,0,H,EVALUATION_ONLY_JOIN_AFTER_PREMATCH_FEATURE_FREEZE,2.63,3.1,2.76,EXTERNAL_HISTORICAL_MARKET_BENCHMARK,NOT_AVAILABLE,NOT_GOLDBET,5f69f17a7f50596c1f2f6c276b13011835194d1379ae177e5193b707c4d68f8e
038932ff6d9be3610a263766,Eliteserien,2023,DEVELOPMENT,2023-08-06,16:00,MATCH_KICKOFF_TIME_TIMEZONE_NOT_STATED_BY_SOURCE,,NOT_VERIFIED_DO_NOT_INFER,Sandefjord,Sarpsborg 08,5,1,H,EVALUATION_ONLY_JOIN_AFTER_PREMATCH_FEATURE_FREEZE,4.04,4.1,1.75,EXTERNAL_HISTORICAL_MARKET_BENCHMARK,NOT_AVAILABLE,NOT_GOLDBET,2fa1ed706e9d95c8a6961c32b503ed03b49b31159a3ea6dfab8c0bfdd3db885e
ec33be7086efb358f24c755c,Eliteserien,2023,DEVELOPMENT,2023-08-06,16:00,MATCH_KICKOFF_TIME_TIMEZONE_NOT_STATED_BY_SOURCE,,NOT_VERIFIED_DO_NOT_INFER,Tromso,Lillestrom,3,1,H,EVALUATION_ONLY_JOIN_AFTER_PREMATCH_FEATURE_FREEZE,2.42,3.24,2.9,EXTERNAL_HISTORICAL_MARKET_BENCHMARK,NOT_AVAILABLE,NOT_GOLDBET,3df591a75685626aef58ceccc6fa567d952f9a64d3e566a454916b7b0eea5ea4
09563fc41c3f47ef050ca5f4,Eliteserien,2023,DEVELOPMENT,2023-08-06,18:15,MATCH_KICKOFF_TIME_TIMEZONE_NOT_STATED_BY_SOURCE,,NOT_VERIFIED_DO_NOT_INFER,Viking,Bodo/Glimt,3,2,H,EVALUATION_ONLY_JOIN_AFTER_PREMATCH_FEATURE_FREEZE,2.72,4,2.23,EXTERNAL_HISTORICAL_MARKET_BENCHMARK,NOT_AVAILABLE,NOT_GOLDBET,07cc9018aadbf6d99855c90a450cd6db3b41a17c361b112f9dc5fac93d502b53
c665e06dd1687ed5fc79281f,Eliteserien,2023,DEVELOPMENT,2023-08-12,15:00,MATCH_KICKOFF_TIME_TIMEZONE_NOT_STATED_BY_SOURCE,,NOT_VERIFIED_DO_NOT_INFER,Sandefjord,Molde,2,2,D,EVALUATION_ONLY_JOIN_AFTER_PREMATCH_FEATURE_FREEZE,5.47,4.38,1.53,EXTERNAL_HISTORICAL_MARKET_BENCHMARK,NOT_AVAILABLE,NOT_GOLDBET,cbc089262428c16686f51f2de8106efb87df601f00ed6afafb2a5a5b61be2bb8
6dd8691c44c8a6dc3d3899f9,Eliteserien,2023,DEVELOPMENT,2023-08-12,17:00,MATCH_KICKOFF_TIME_TIMEZONE_NOT_STATED_BY_SOURCE,,NOT_VERIFIED_DO_NOT_INFER,Sarpsborg 08,Stromsgodset,1,2,A,EVALUATION_ONLY_JOIN_AFTER_PREMATCH_FEATURE_FREEZE,1.46,4.73,5.99,EXTERNAL_HISTORICAL_MARKET_BENCHMARK,NOT_AVAILABLE,NOT_GOLDBET,195256610e215be1380f1b75dc499f185d978975836e53d5983ef367fac8326e
58494c6da4ec491e8bcafbe7,Eliteserien,2023,DEVELOPMENT,2023-08-13,16:00,MATCH_KICKOFF_TIME_TIMEZONE_NOT_STATED_BY_SOURCE,,NOT_VERIFIED_DO_NOT_INFER,Aalesund,HamKam,0,2,A,EVALUATION_ONLY_JOIN_AFTER_PREMATCH_FEATURE_FREEZE,2.1,3.69,3.12,EXTERNAL_HISTORICAL_MARKET_BENCHMARK,NOT_AVAILABLE,NOT_GOLDBET,8c989d247ad02a356f9a70a5385a1fb59f8dee0992af81cf62ac6e61f6bfcc32
d5d362113453cdf13cf0c6e2,Eliteserien,2023,DEVELOPMENT,2023-08-13,16:00,MATCH_KICKOFF_TIME_TIMEZONE_NOT_STATED_BY_SOURCE,,NOT_VERIFIED_DO_NOT_INFER,Lillestrom,Viking,1,3,A,EVALUATION_ONLY_JOIN_AFTER_PREMATCH_FEATURE_FREEZE,2.18,3.79,2.92,EXTERNAL_HISTORICAL_MARKET_BENCHMARK,NOT_AVAILABLE,NOT_GOLDBET,8a6cf6112a4688392699e980d86846ad110b75be0d37c1146df27415fc63031a
38ae904011719deedc9c1a86,Eliteserien,2023,DEVELOPMENT,2023-08-13,18:15,MATCH_KICKOFF_TIME_TIMEZONE_NOT_STATED_BY_SOURCE,,NOT_VERIFIED_DO_NOT_INFER,Valerenga,Haugesund,1,1,D,EVALUATION_ONLY_JOIN_AFTER_PREMATCH_FEATURE_FREEZE,1.57,4.12,5.43,EXTERNAL_HISTORICAL_MARKET_BENCHMARK,NOT_AVAILABLE,NOT_GOLDBET,21a2a7bf4db14fda39c938ae69e1d41c57d7a37d91c79935fb646d66e058ff8d
0f3ac7851f4073d70d9912ec,Eliteserien,2023,DEVELOPMENT,2023-08-19,17:00,MATCH_KICKOFF_TIME_TIMEZONE_NOT_STATED_BY_SOURCE,,NOT_VERIFIED_DO_NOT_INFER,Molde,Valerenga,0,0,D,EVALUATION_ONLY_JOIN_AFTER_PREMATCH_FEATURE_FREEZE,1.55,4.33,5.31,EXTERNAL_HISTORICAL_MARKET_BENCHMARK,NOT_AVAILABLE,NOT_GOLDBET,86fc9ed6152b00ea8997a9dc34ecc1b22f3c3f05c9d99207d697b671fec303df
b0db00ff63be05686f073c9a,Eliteserien,2023,DEVELOPMENT,2023-08-19,17:00,MATCH_KICKOFF_TIME_TIMEZONE_NOT_STATED_BY_SOURCE,,NOT_VERIFIED_DO_NOT_INFER,Odd,Sarpsborg 08,0,3,A,EVALUATION_ONLY_JOIN_AFTER_PREMATCH_FEATURE_FREEZE,2.65,3.73,2.4,EXTERNAL_HISTORICAL_MARKET_BENCHMARK,NOT_AVAILABLE,NOT_GOLDBET,bf5d8ebd4ab6abf4a6913246bda799300e3d16b5a1559c79915cdf6f5f9fd8ed
3ce31b2079b3a4a6562ab6dd,Eliteserien,2023,DEVELOPMENT,2023-08-20,16:00,MATCH_KICKOFF_TIME_TIMEZONE_NOT_STATED_BY_SOURCE,,NOT_VERIFIED_DO_NOT_INFER,Brann,Aalesund,5,1,H,EVALUATION_ONLY_JOIN_AFTER_PREMATCH_FEATURE_FREEZE,1.23,6.74,10.15,EXTERNAL_HISTORICAL_MARKET_BENCHMARK,NOT_AVAILABLE,NOT_GOLDBET,fd08ece20e7709cc9da49761941049366f5c15149795ee071bea1fbc98f41e5c
1eb4302c7dccda845526e8d1,Eliteserien,2023,DEVELOPMENT,2023-08-20,16:00,MATCH_KICKOFF_TIME_TIMEZONE_NOT_STATED_BY_SOURCE,,NOT_VERIFIED_DO_NOT_INFER,HamKam,Rosenborg,3,0,H,EVALUATION_ONLY_JOIN_AFTER_PREMATCH_FEATURE_FREEZE,2.63,3.51,2.52,EXTERNAL_HISTORICAL_MARKET_BENCHMARK,NOT_AVAILABLE,NOT_GOLDBET,9a5036e0d3df95224ff537fcde39a99e3ea796a8185f8459efe59a6de8d61a89
ec1d3ff9c4df0fcb396d887b,Eliteserien,2023,DEVELOPMENT,2023-08-20,16:00,MATCH_KICKOFF_TIME_TIMEZONE_NOT_STATED_BY_SOURCE,,NOT_VERIFIED_DO_NOT_INFER,Haugesund,Bodo/Glimt,1,3,A,EVALUATION_ONLY_JOIN_AFTER_PREMATCH_FEATURE_FREEZE,5.96,4.66,1.47,EXTERNAL_HISTORICAL_MARKET_BENCHMARK,NOT_AVAILABLE,NOT_GOLDBET,4f8ed84e0e4d60b5813c6fcd9f2e3078b46e655aa985eab9f58428bfa80cd459
b20f3f70151131ba52179cbf,Eliteserien,2023,DEVELOPMENT,2023-08-20,16:00,MATCH_KICKOFF_TIME_TIMEZONE_NOT_STATED_BY_SOURCE,,NOT_VERIFIED_DO_NOT_INFER,Tromso,Sandefjord,1,0,H,EVALUATION_ONLY_JOIN_AFTER_PREMATCH_FEATURE_FREEZE,1.44,4.52,6.85,EXTERNAL_HISTORICAL_MARKET_BENCHMARK,NOT_AVAILABLE,NOT_GOLDBET,52c81acde2b4ebcf515c8f302c5f75255627cf5f2cb98129720600a927fe2b79
e20e3b70eabec75b02e47bc1,Eliteserien,2023,DEVELOPMENT,2023-08-20,16:00,MATCH_KICKOFF_TIME_TIMEZONE_NOT_STATED_BY_SOURCE,,NOT_VERIFIED_DO_NOT_INFER,Viking,Stabaek,1,0,H,EVALUATION_ONLY_JOIN_AFTER_PREMATCH_FEATURE_FREEZE,1.41,4.93,6.7,EXTERNAL_HISTORICAL_MARKET_BENCHMARK,NOT_AVAILABLE,NOT_GOLDBET,8e44126a20b7f9f9ecf5cda609c702fbc404a8ab30a8d24c952de1050e1dba67
147076f266bd26337f5a1b27,Eliteserien,2023,DEVELOPMENT,2023-08-20,18:15,MATCH_KICKOFF_TIME_TIMEZONE_NOT_STATED_BY_SOURCE,,NOT_VERIFIED_DO_NOT_INFER,Stromsgodset,Lillestrom,1,2,A,EVALUATION_ONLY_JOIN_AFTER_PREMATCH_FEATURE_FREEZE,3.4,3.62,2.02,EXTERNAL_HISTORICAL_MARKET_BENCHMARK,NOT_AVAILABLE,NOT_GOLDBET,f11d2560f31e4c3d7d18af66be6508a16d20543452d8ba9f7b8a2fccb986e402
2d7a22fa16e0c02e9b04316e,Eliteserien,2023,DEVELOPMENT,2023-08-26,17:00,MATCH_KICKOFF_TIME_TIMEZONE_NOT_STATED_BY_SOURCE,,NOT_VERIFIED_DO_NOT_INFER,Sarpsborg 08,Tromso,4,0,H,EVALUATION_ONLY_JOIN_AFTER_PREMATCH_FEATURE_FREEZE,1.92,3.82,3.59,EXTERNAL_HISTORICAL_MARKET_BENCHMARK,NOT_AVAILABLE,NOT_GOLDBET,8bf9a073b39dc495eeb5e93b7d89a62a473141728716d103498f090dc2eab143
34a2b3fd526d3e1d4729585a,Eliteserien,2023,DEVELOPMENT,2023-08-27,16:00,MATCH_KICKOFF_TIME_TIMEZONE_NOT_STATED_BY_SOURCE,,NOT_VERIFIED_DO_NOT_INFER,Sandefjord,Haugesund,0,0,D,EVALUATION_ONLY_JOIN_AFTER_PREMATCH_FEATURE_FREEZE,2.16,3.56,3.19,EXTERNAL_HISTORICAL_MARKET_BENCHMARK,NOT_AVAILABLE,NOT_GOLDBET,d69c67a40116379348f0013b6b86488aeeb51e620503c8f9bed22a8a381a3a9a
2b2719d99e51c4abae5e50e0,Eliteserien,2023,DEVELOPMENT,2023-08-27,16:00,MATCH_KICKOFF_TIME_TIMEZONE_NOT_STATED_BY_SOURCE,,NOT_VERIFIED_DO_NOT_INFER,Valerenga,Odd,2,2,D,EVALUATION_ONLY_JOIN_AFTER_PREMATCH_FEATURE_FREEZE,1.71,3.75,4.83,EXTERNAL_HISTORICAL_MARKET_BENCHMARK,NOT_AVAILABLE,NOT_GOLDBET,c16034ca8b1bd48334daffe1b2a3c150ecd4cdf1a9734b8dcee361a0a6ddfc94
76713495b647800221707fd9,Eliteserien,2023,DEVELOPMENT,2023-08-27,18:15,MATCH_KICKOFF_TIME_TIMEZONE_NOT_STATED_BY_SOURCE,,NOT_VERIFIED_DO_NOT_INFER,Rosenborg,Aalesund,4,0,H,EVALUATION_ONLY_JOIN_AFTER_PREMATCH_FEATURE_FREEZE,1.38,5.06,7.18,EXTERNAL_HISTORICAL_MARKET_BENCHMARK,NOT_AVAILABLE,NOT_GOLDBET,b12bd2caf3675f65d5284fc97a4502820c2693985de65d256ac1a69b53318bef
ba04a4200f0bebdf98cae5d2,Eliteserien,2023,DEVELOPMENT,2023-09-02,17:00,MATCH_KICKOFF_TIME_TIMEZONE_NOT_STATED_BY_SOURCE,,NOT_VERIFIED_DO_NOT_INFER,Viking,Valerenga,1,1,D,EVALUATION_ONLY_JOIN_AFTER_PREMATCH_FEATURE_FREEZE,1.56,4.36,5.2,EXTERNAL_HISTORICAL_MARKET_BENCHMARK,NOT_AVAILABLE,NOT_GOLDBET,8fdea0a09e894429d40698269237cf7c5f5f182399b9694ba803e97273e63f7f
70a91ac7e055f77b5dfdc656,Eliteserien,2023,DEVELOPMENT,2023-09-03,16:00,MATCH_KICKOFF_TIME_TIMEZONE_NOT_STATED_BY_SOURCE,,NOT_VERIFIED_DO_NOT_INFER,Aalesund,Lillestrom,1,1,D,EVALUATION_ONLY_JOIN_AFTER_PREMATCH_FEATURE_FREEZE,4.26,4.11,1.71,EXTERNAL_HISTORICAL_MARKET_BENCHMARK,NOT_AVAILABLE,NOT_GOLDBET,48f3b8e25eb88f0d3a29865751089c3cba08cd7b47ee770ae6dbc55d2cd5845f
adeb73691a311c1cd7129257,Eliteserien,2023,DEVELOPMENT,2023-09-03,16:00,MATCH_KICKOFF_TIME_TIMEZONE_NOT_STATED_BY_SOURCE,,NOT_VERIFIED_DO_NOT_INFER,Brann,Sarpsborg 08,1,0,H,EVALUATION_ONLY_JOIN_AFTER_PREMATCH_FEATURE_FREEZE,1.58,4.69,4.67,EXTERNAL_HISTORICAL_MARKET_BENCHMARK,NOT_AVAILABLE,NOT_GOLDBET,eb19d6d35dd73ac96665631caba67fb149d657b3b2b710ab3681232eaed81dd6
aac744383bf49e66325cd99c,Eliteserien,2023,DEVELOPMENT,2023-09-03,16:00,MATCH_KICKOFF_TIME_TIMEZONE_NOT_STATED_BY_SOURCE,,NOT_VERIFIED_DO_NOT_INFER,Haugesund,Molde,1,2,A,EVALUATION_ONLY_JOIN_AFTER_PREMATCH_FEATURE_FREEZE,4.91,4.15,1.62,EXTERNAL_HISTORICAL_MARKET_BENCHMARK,NOT_AVAILABLE,NOT_GOLDBET,deb5e477c598c0b59e4d4c6801d822818e2e478a028641b63647bf85b9e232a3
5f0c814318b663f6117e822d,Eliteserien,2023,DEVELOPMENT,2023-09-03,16:00,MATCH_KICKOFF_TIME_TIMEZONE_NOT_STATED_BY_SOURCE,,NOT_VERIFIED_DO_NOT_INFER,Odd,Sandefjord,3,2,H,EVALUATION_ONLY_JOIN_AFTER_PREMATCH_FEATURE_FREEZE,1.98,3.74,3.46,EXTERNAL_HISTORICAL_MARKET_BENCHMARK,NOT_AVAILABLE,NOT_GOLDBET,9fb840dcdccc4b60ab92176666df5235ef6d3a7f9e5cf228203137959e413297
08dc2fef4a64826f86779212,Eliteserien,2023,DEVELOPMENT,2023-09-03,16:00,MATCH_KICKOFF_TIME_TIMEZONE_NOT_STATED_BY_SOURCE,,NOT_VERIFIED_DO_NOT_INFER,Stromsgodset,Stabaek,2,1,H,EVALUATION_ONLY_JOIN_AFTER_PREMATCH_FEATURE_FREEZE,2.01,3.52,3.54,EXTERNAL_HISTORICAL_MARKET_BENCHMARK,NOT_AVAILABLE,NOT_GOLDBET,77436d7a06c3ebebb3b73068062ec5fe433a1320feebf930cd468a2b783bd379
471212be735bf705e265defa,Eliteserien,2023,DEVELOPMENT,2023-09-03,16:00,MATCH_KICKOFF_TIME_TIMEZONE_NOT_STATED_BY_SOURCE,,NOT_VERIFIED_DO_NOT_INFER,Tromso,Rosenborg,3,1,H,EVALUATION_ONLY_JOIN_AFTER_PREMATCH_FEATURE_FREEZE,2.14,3.33,3.38,EXTERNAL_HISTORICAL_MARKET_BENCHMARK,NOT_AVAILABLE,NOT_GOLDBET,cd9f93fe779ee6a40688751120fa79f24c60b399cf36e180bd52f8c5407d8637
e1a42f1797637ff5f26004e6,Eliteserien,2023,DEVELOPMENT,2023-09-03,18:15,MATCH_KICKOFF_TIME_TIMEZONE_NOT_STATED_BY_SOURCE,,NOT_VERIFIED_DO_NOT_INFER,HamKam,Bodo/Glimt,4,4,D,EVALUATION_ONLY_JOIN_AFTER_PREMATCH_FEATURE_FREEZE,5.22,4.55,1.54,EXTERNAL_HISTORICAL_MARKET_BENCHMARK,NOT_AVAILABLE,NOT_GOLDBET,0a14b0b2f0c0f234c85b7f9bef4ea8b8e5175d457be6db7fa6e2efe37d2b8911
a8900cb9506b914f1548fda9,Eliteserien,2023,DEVELOPMENT,2023-09-16,17:00,MATCH_KICKOFF_TIME_TIMEZONE_NOT_STATED_BY_SOURCE,,NOT_VERIFIED_DO_NOT_INFER,Haugesund,Viking,0,2,A,EVALUATION_ONLY_JOIN_AFTER_PREMATCH_FEATURE_FREEZE,3.97,3.95,1.81,EXTERNAL_HISTORICAL_MARKET_BENCHMARK,NOT_AVAILABLE,NOT_GOLDBET,6ef5e296f550eb610c9602d323d5f25ffaa301a9a985a0b163e7c32e1aa11eb9
714f1c78a75bca1f6707c0bd,Eliteserien,2023,DEVELOPMENT,2023-09-16,17:00,MATCH_KICKOFF_TIME_TIMEZONE_NOT_STATED_BY_SOURCE,,NOT_VERIFIED_DO_NOT_INFER,Molde,Odd,4,1,H,EVALUATION_ONLY_JOIN_AFTER_PREMATCH_FEATURE_FREEZE,1.28,5.76,9.68,EXTERNAL_HISTORICAL_MARKET_BENCHMARK,NOT_AVAILABLE,NOT_GOLDBET,865b60ed6e1ebd2a1fa8ebfb236de454d8e5eba6cf1d7677cbc7d995b7198b5c
23aec42312da025f06a1a45c,Eliteserien,2023,DEVELOPMENT,2023-09-16,17:00,MATCH_KICKOFF_TIME_TIMEZONE_NOT_STATED_BY_SOURCE,,NOT_VERIFIED_DO_NOT_INFER,Sandefjord,Stromsgodset,2,0,H,EVALUATION_ONLY_JOIN_AFTER_PREMATCH_FEATURE_FREEZE,2.31,3.61,2.86,EXTERNAL_HISTORICAL_MARKET_BENCHMARK,NOT_AVAILABLE,NOT_GOLDBET,17afec17f9dafc6c7a43f6e0be589a0a6d240a3526d82011fa9a8bf851a3c4fc
facda5256c83ebc5be697a52,Eliteserien,2023,DEVELOPMENT,2023-09-17,16:00,MATCH_KICKOFF_TIME_TIMEZONE_NOT_STATED_BY_SOURCE,,NOT_VERIFIED_DO_NOT_INFER,Rosenborg,Bodo/Glimt,1,1,D,EVALUATION_ONLY_JOIN_AFTER_PREMATCH_FEATURE_FREEZE,4.22,4.29,1.69,EXTERNAL_HISTORICAL_MARKET_BENCHMARK,NOT_AVAILABLE,NOT_GOLDBET,a761de0116bb7a8577ddbea566adad08e4154443bbbe472b837e9a0954277554
09ac55ae424a6629cc0b40b3,Eliteserien,2023,DEVELOPMENT,2023-09-17,16:00,MATCH_KICKOFF_TIME_TIMEZONE_NOT_STATED_BY_SOURCE,,NOT_VERIFIED_DO_NOT_INFER,Sarpsborg 08,Lillestrom,3,1,H,EVALUATION_ONLY_JOIN_AFTER_PREMATCH_FEATURE_FREEZE,1.89,4.01,3.54,EXTERNAL_HISTORICAL_MARKET_BENCHMARK,NOT_AVAILABLE,NOT_GOLDBET,7ecec52d0af59678063e81cfd0c51126e2f70bdeacdc3e21777921e879aeb5e7
4dbb63820d8d04a75eb0cae0,Eliteserien,2023,DEVELOPMENT,2023-09-17,16:00,MATCH_KICKOFF_TIME_TIMEZONE_NOT_STATED_BY_SOURCE,,NOT_VERIFIED_DO_NOT_INFER,Stabaek,Brann,0,1,A,EVALUATION_ONLY_JOIN_AFTER_PREMATCH_FEATURE_FREEZE,3.92,3.88,1.82,EXTERNAL_HISTORICAL_MARKET_BENCHMARK,NOT_AVAILABLE,NOT_GOLDBET,492d91fef8f62e97b916b5b60d0c592b46617c784d06060be49f4083bc81bf32
47af0bd46b906aaf34070d40,Eliteserien,2023,DEVELOPMENT,2023-09-17,16:00,MATCH_KICKOFF_TIME_TIMEZONE_NOT_STATED_BY_SOURCE,,NOT_VERIFIED_DO_NOT_INFER,Tromso,HamKam,2,1,H,EVALUATION_ONLY_JOIN_AFTER_PREMATCH_FEATURE_FREEZE,1.47,4.31,6.6,EXTERNAL_HISTORICAL_MARKET_BENCHMARK,NOT_AVAILABLE,NOT_GOLDBET,6ca491c0ac386db3b1179f9aa106cc5f093ec4fca7fae8a0e80287d54a6b3304
b14f64d484051280faca81d8,Eliteserien,2023,DEVELOPMENT,2023-09-17,18:15,MATCH_KICKOFF_TIME_TIMEZONE_NOT_STATED_BY_SOURCE,,NOT_VERIFIED_DO_NOT_INFER,Valerenga,Aalesund,3,1,H,EVALUATION_ONLY_JOIN_AFTER_PREMATCH_FEATURE_FREEZE,1.42,4.73,6.78,EXTERNAL_HISTORICAL_MARKET_BENCHMARK,NOT_AVAILABLE,NOT_GOLDBET,3937c27da920d194b7dd747589792493f2960ca48e469595893186bf29ed7116
6030af16108909080558a810,Eliteserien,2023,DEVELOPMENT,2023-09-23,17:00,MATCH_KICKOFF_TIME_TIMEZONE_NOT_STATED_BY_SOURCE,,NOT_VERIFIED_DO_NOT_INFER,Aalesund,Stabaek,1,1,D,EVALUATION_ONLY_JOIN_AFTER_PREMATCH_FEATURE_FREEZE,2.42,3.5,2.77,EXTERNAL_HISTORICAL_MARKET_BENCHMARK,NOT_AVAILABLE,NOT_GOLDBET,c21aeed3ef770fca49479a9d8c8bebb0a4ec28e169c89b99a1f36320ab3a1aea
b4dbd4501b8ed999fd7a0d46,Eliteserien,2023,DEVELOPMENT,2023-09-24,16:00,MATCH_KICKOFF_TIME_TIMEZONE_NOT_STATED_BY_SOURCE,,NOT_VERIFIED_DO_NOT_INFER,Bodo/Glimt,Valerenga,4,2,H,EVALUATION_ONLY_JOIN_AFTER_PREMATCH_FEATURE_FREEZE,1.26,6.17,9.61,EXTERNAL_HISTORICAL_MARKET_BENCHMARK,NOT_AVAILABLE,NOT_GOLDBET,c4a76215ff05cc8e7a9b0818f01fc7bec82adbce13a3e1a9e48e8e82d0cab764
6926cf4ccb49d03590e00192,Eliteserien,2023,DEVELOPMENT,2023-09-24,16:00,MATCH_KICKOFF_TIME_TIMEZONE_NOT_STATED_BY_SOURCE,,NOT_VERIFIED_DO_NOT_INFER,HamKam,Sarpsborg 08,1,1,D,EVALUATION_ONLY_JOIN_AFTER_PREMATCH_FEATURE_FREEZE,3.46,4.12,1.9,EXTERNAL_HISTORICAL_MARKET_BENCHMARK,NOT_AVAILABLE,NOT_GOLDBET,4fbe0b4b21359e524b6f7f61694a38771ec546dd3af0ced4d155d4a9bffb9da4
e1478de2d4353268cc704776,Eliteserien,2023,DEVELOPMENT,2023-09-24,16:00,MATCH_KICKOFF_TIME_TIMEZONE_NOT_STATED_BY_SOURCE,,NOT_VERIFIED_DO_NOT_INFER,Lillestrom,Rosenborg,3,0,H,EVALUATION_ONLY_JOIN_AFTER_PREMATCH_FEATURE_FREEZE,1.8,3.9,4.08,EXTERNAL_HISTORICAL_MARKET_BENCHMARK,NOT_AVAILABLE,NOT_GOLDBET,cb251927f9796b449a1d8cad8e4d95df524be5357c649405774de41f1ddb250a
645a489fc32043cf79df0ea3,Eliteserien,2023,DEVELOPMENT,2023-09-24,16:00,MATCH_KICKOFF_TIME_TIMEZONE_NOT_STATED_BY_SOURCE,,NOT_VERIFIED_DO_NOT_INFER,Odd,Haugesund,1,1,D,EVALUATION_ONLY_JOIN_AFTER_PREMATCH_FEATURE_FREEZE,1.97,3.53,3.73,EXTERNAL_HISTORICAL_MARKET_BENCHMARK,NOT_AVAILABLE,NOT_GOLDBET,23e5eb43aef425ef932302e612e7ff955100347ce1612be6fa7ae25cbf6a7c88
3d89cc9dee3678b59c45b2d7,Eliteserien,2023,DEVELOPMENT,2023-09-24,16:00,MATCH_KICKOFF_TIME_TIMEZONE_NOT_STATED_BY_SOURCE,,NOT_VERIFIED_DO_NOT_INFER,Stromsgodset,Molde,1,1,D,EVALUATION_ONLY_JOIN_AFTER_PREMATCH_FEATURE_FREEZE,4.75,4.19,1.64,EXTERNAL_HISTORICAL_MARKET_BENCHMARK,NOT_AVAILABLE,NOT_GOLDBET,db2ded58946cb143c08b61e0afc7849dca55bc56ddc033c6e69b6a8c586ffb6d
baddd14e919f558a09f55218,Eliteserien,2023,DEVELOPMENT,2023-09-24,16:00,MATCH_KICKOFF_TIME_TIMEZONE_NOT_STATED_BY_SOURCE,,NOT_VERIFIED_DO_NOT_INFER,Viking,Sandefjord,4,3,H,EVALUATION_ONLY_JOIN_AFTER_PREMATCH_FEATURE_FREEZE,1.28,6.28,8.8,EXTERNAL_HISTORICAL_MARKET_BENCHMARK,NOT_AVAILABLE,NOT_GOLDBET,c3b5aef1164f8c8a8475fd294935a701912c3d5e12dec264a1ddcbf34757fa14
d77c02aa0cd2aa7925510de8,Eliteserien,2023,DEVELOPMENT,2023-09-24,18:15,MATCH_KICKOFF_TIME_TIMEZONE_NOT_STATED_BY_SOURCE,,NOT_VERIFIED_DO_NOT_INFER,Brann,Tromso,2,1,H,EVALUATION_ONLY_JOIN_AFTER_PREMATCH_FEATURE_FREEZE,1.78,3.85,4.16,EXTERNAL_HISTORICAL_MARKET_BENCHMARK,NOT_AVAILABLE,NOT_GOLDBET,951e5b9b4def2669f1886b1f8608501309ba2df812cd02f820bf1cdc3f6fb5cb
97a5ea5d13fb621490e80880,Eliteserien,2023,DEVELOPMENT,2023-09-30,14:00,MATCH_KICKOFF_TIME_TIMEZONE_NOT_STATED_BY_SOURCE,,NOT_VERIFIED_DO_NOT_INFER,Stabaek,Tromso,0,1,A,EVALUATION_ONLY_JOIN_AFTER_PREMATCH_FEATURE_FREEZE,3.39,3.34,2.15,EXTERNAL_HISTORICAL_MARKET_BENCHMARK,NOT_AVAILABLE,NOT_GOLDBET,279fd98ce87c935c4cee80b7d95adc88a00a8f7a3ec2d9ead852dc652ea18491
953ae07c463b2a2e2a1a1778,Eliteserien,2023,DEVELOPMENT,2023-10-01,14:00,MATCH_KICKOFF_TIME_TIMEZONE_NOT_STATED_BY_SOURCE,,NOT_VERIFIED_DO_NOT_INFER,Lillestrom,Brann,0,2,A,EVALUATION_ONLY_JOIN_AFTER_PREMATCH_FEATURE_FREEZE,2.6,3.55,2.54,EXTERNAL_HISTORICAL_MARKET_BENCHMARK,NOT_AVAILABLE,NOT_GOLDBET,f7210c3d612d48a9bc3488baf27b4f76a7e79cbb1aa4b801b982a6b24bb70a5b
9442e7a0dbea2ddc9ee1670a,Eliteserien,2023,DEVELOPMENT,2023-10-01,16:00,MATCH_KICKOFF_TIME_TIMEZONE_NOT_STATED_BY_SOURCE,,NOT_VERIFIED_DO_NOT_INFER,Molde,Viking,4,0,H,EVALUATION_ONLY_JOIN_AFTER_PREMATCH_FEATURE_FREEZE,1.79,4.18,3.79,EXTERNAL_HISTORICAL_MARKET_BENCHMARK,NOT_AVAILABLE,NOT_GOLDBET,880e298e36b5e77db2489975495a54892b7fb4c02b8bc55a6d6ceeca6039a05f
f7ca007792f7e827287f196a,Eliteserien,2023,DEVELOPMENT,2023-10-01,16:00,MATCH_KICKOFF_TIME_TIMEZONE_NOT_STATED_BY_SOURCE,,NOT_VERIFIED_DO_NOT_INFER,Sandefjord,Valerenga,1,2,A,EVALUATION_ONLY_JOIN_AFTER_PREMATCH_FEATURE_FREEZE,2.85,3.49,2.36,EXTERNAL_HISTORICAL_MARKET_BENCHMARK,NOT_AVAILABLE,NOT_GOLDBET,93823112b085752bd7a2d5d213dd8138e92976f7f9caae656c8821f5115f0e8b
5a59a383c51da42e86869d9e,Eliteserien,2023,DEVELOPMENT,2023-10-01,18:15,MATCH_KICKOFF_TIME_TIMEZONE_NOT_STATED_BY_SOURCE,,NOT_VERIFIED_DO_NOT_INFER,Bodo/Glimt,Stromsgodset,2,0,H,EVALUATION_ONLY_JOIN_AFTER_PREMATCH_FEATURE_FREEZE,1.17,7.87,13.57,EXTERNAL_HISTORICAL_MARKET_BENCHMARK,NOT_AVAILABLE,NOT_GOLDBET,eec765cd10195b31b368823f26bb63a908b2f1e6d67f6108c6e4dbb607383882
4212e54daf325c3088c8cc2a,Eliteserien,2023,DEVELOPMENT,2023-10-04,18:00,MATCH_KICKOFF_TIME_TIMEZONE_NOT_STATED_BY_SOURCE,,NOT_VERIFIED_DO_NOT_INFER,Stabaek,HamKam,5,2,H,EVALUATION_ONLY_JOIN_AFTER_PREMATCH_FEATURE_FREEZE,2,3.61,3.51,EXTERNAL_HISTORICAL_MARKET_BENCHMARK,NOT_AVAILABLE,NOT_GOLDBET,730b38b68a7d358e66c3cc78b903dea92a5f1ff2da5f592684f5f1ba7429d6a3
feeec3f0c2120bdbd6e23ad1,Eliteserien,2023,DEVELOPMENT,2023-10-07,17:00,MATCH_KICKOFF_TIME_TIMEZONE_NOT_STATED_BY_SOURCE,,NOT_VERIFIED_DO_NOT_INFER,Odd,Viking,1,1,D,EVALUATION_ONLY_JOIN_AFTER_PREMATCH_FEATURE_FREEZE,3.37,3.75,2,EXTERNAL_HISTORICAL_MARKET_BENCHMARK,NOT_AVAILABLE,NOT_GOLDBET,8b35df78aaec462e271c0adbeef55ea3fabb3a178ee74709320299c90a38370b
c5eba05c6b4ec22d9a296fc9,Eliteserien,2023,DEVELOPMENT,2023-10-08,16:00,MATCH_KICKOFF_TIME_TIMEZONE_NOT_STATED_BY_SOURCE,,NOT_VERIFIED_DO_NOT_INFER,Haugesund,Stromsgodset,1,0,H,EVALUATION_ONLY_JOIN_AFTER_PREMATCH_FEATURE_FREEZE,2.32,3.37,2.98,EXTERNAL_HISTORICAL_MARKET_BENCHMARK,NOT_AVAILABLE,NOT_GOLDBET,2d3dacb37edc271c117e82a942c62300b042be2e0c9b6b022b25ef5504b1e0ec
6369f284bf6fb476fdd8f962,Eliteserien,2023,DEVELOPMENT,2023-10-08,16:00,MATCH_KICKOFF_TIME_TIMEZONE_NOT_STATED_BY_SOURCE,,NOT_VERIFIED_DO_NOT_INFER,Molde,Bodo/Glimt,1,3,A,EVALUATION_ONLY_JOIN_AFTER_PREMATCH_FEATURE_FREEZE,2.08,3.81,3.11,EXTERNAL_HISTORICAL_MARKET_BENCHMARK,NOT_AVAILABLE,NOT_GOLDBET,b6d81efe7917db3009194034964117d754af61a381c04b73364f09e9cc49453e
e737c908fd3b8ebf10bcbd46,Eliteserien,2023,DEVELOPMENT,2023-10-08,16:00,MATCH_KICKOFF_TIME_TIMEZONE_NOT_STATED_BY_SOURCE,,NOT_VERIFIED_DO_NOT_INFER,Sandefjord,HamKam,0,1,A,EVALUATION_ONLY_JOIN_AFTER_PREMATCH_FEATURE_FREEZE,1.99,3.79,3.39,EXTERNAL_HISTORICAL_MARKET_BENCHMARK,NOT_AVAILABLE,NOT_GOLDBET,f0129c7e6fab62249a26f9d2d569acd683a169ba2368b38c9cdbac5e75dc8d5d
b038d84c6daf667054023fb6,Eliteserien,2023,DEVELOPMENT,2023-10-08,16:00,MATCH_KICKOFF_TIME_TIMEZONE_NOT_STATED_BY_SOURCE,,NOT_VERIFIED_DO_NOT_INFER,Sarpsborg 08,Rosenborg,5,2,H,EVALUATION_ONLY_JOIN_AFTER_PREMATCH_FEATURE_FREEZE,1.59,4.46,4.77,EXTERNAL_HISTORICAL_MARKET_BENCHMARK,NOT_AVAILABLE,NOT_GOLDBET,84ae371b6c8039308ba9f1d54a148a8e305dd0d6ac8d3b79324927cb3a8aec45
f7bfd3d41506bdee55a65f01,Eliteserien,2023,DEVELOPMENT,2023-10-08,16:00,MATCH_KICKOFF_TIME_TIMEZONE_NOT_STATED_BY_SOURCE,,NOT_VERIFIED_DO_NOT_INFER,Stabaek,Lillestrom,1,0,H,EVALUATION_ONLY_JOIN_AFTER_PREMATCH_FEATURE_FREEZE,2.25,3.42,3.06,EXTERNAL_HISTORICAL_MARKET_BENCHMARK,NOT_AVAILABLE,NOT_GOLDBET,abe0f4592fe68ddc65af91ddd3ed480ad4b47491e214d7a944302a80a7fa8c2e
03e51154950f0d41e4f59f4f,Eliteserien,2023,DEVELOPMENT,2023-10-08,16:00,MATCH_KICKOFF_TIME_TIMEZONE_NOT_STATED_BY_SOURCE,,NOT_VERIFIED_DO_NOT_INFER,Tromso,Aalesund,1,2,A,EVALUATION_ONLY_JOIN_AFTER_PREMATCH_FEATURE_FREEZE,1.3,5.49,9.3,EXTERNAL_HISTORICAL_MARKET_BENCHMARK,NOT_AVAILABLE,NOT_GOLDBET,8c1d69858cdd770d22f1410b108358de223221e902b55d68325f1fe058e9ef5a
1a15648a164189c7db674db4,Eliteserien,2023,DEVELOPMENT,2023-10-08,18:15,MATCH_KICKOFF_TIME_TIMEZONE_NOT_STATED_BY_SOURCE,,NOT_VERIFIED_DO_NOT_INFER,Valerenga,Brann,1,2,A,EVALUATION_ONLY_JOIN_AFTER_PREMATCH_FEATURE_FREEZE,2.61,3.48,2.54,EXTERNAL_HISTORICAL_MARKET_BENCHMARK,NOT_AVAILABLE,NOT_GOLDBET,2ec23fb56133b2e346f4c24f55edbb49ae79518f003f30116e8883c2ff197b6c
a5d5cda5ff72b14cbe43cf14,Eliteserien,2023,DEVELOPMENT,2023-10-21,14:00,MATCH_KICKOFF_TIME_TIMEZONE_NOT_STATED_BY_SOURCE,,NOT_VERIFIED_DO_NOT_INFER,Bodo/Glimt,Sandefjord,4,3,H,EVALUATION_ONLY_JOIN_AFTER_PREMATCH_FEATURE_FREEZE,1.11,10.02,18.73,EXTERNAL_HISTORICAL_MARKET_BENCHMARK,NOT_AVAILABLE,NOT_GOLDBET,5d084fcf9019749c3a458c0be0781e43d49451caa79e596468b5ecb6a40f6ab9
013d0dafb7207836e18845b1,Eliteserien,2023,DEVELOPMENT,2023-10-21,17:00,MATCH_KICKOFF_TIME_TIMEZONE_NOT_STATED_BY_SOURCE,,NOT_VERIFIED_DO_NOT_INFER,Brann,Molde,3,2,H,EVALUATION_ONLY_JOIN_AFTER_PREMATCH_FEATURE_FREEZE,2.31,3.45,2.95,EXTERNAL_HISTORICAL_MARKET_BENCHMARK,NOT_AVAILABLE,NOT_GOLDBET,4e14ec77aa5664efd089959e9e39f76811a6afc05f01f1604ea2cc27ebdb8aac
692d288cb55fd604e280a54a,Eliteserien,2023,DEVELOPMENT,2023-10-22,13:30,MATCH_KICKOFF_TIME_TIMEZONE_NOT_STATED_BY_SOURCE,,NOT_VERIFIED_DO_NOT_INFER,Lillestrom,Valerenga,2,0,H,EVALUATION_ONLY_JOIN_AFTER_PREMATCH_FEATURE_FREEZE,2.26,3.45,3.04,EXTERNAL_HISTORICAL_MARKET_BENCHMARK,NOT_AVAILABLE,NOT_GOLDBET,de3d9ad22991d0b4a0060ee2d860c1da30654b2e331bc937124daff3bf0c5ef6
9962c1591c0cb8cdad5c564b,Eliteserien,2023,DEVELOPMENT,2023-10-22,16:00,MATCH_KICKOFF_TIME_TIMEZONE_NOT_STATED_BY_SOURCE,,NOT_VERIFIED_DO_NOT_INFER,Aalesund,Sarpsborg 08,3,2,H,EVALUATION_ONLY_JOIN_AFTER_PREMATCH_FEATURE_FREEZE,3.54,4.06,1.88,EXTERNAL_HISTORICAL_MARKET_BENCHMARK,NOT_AVAILABLE,NOT_GOLDBET,94ec06c32da0df5a451d087302830b761a2f250a12582cb50fc8c6867ee4d8c1
ed8444eaa40e89282e9470b7,Eliteserien,2023,DEVELOPMENT,2023-10-22,16:00,MATCH_KICKOFF_TIME_TIMEZONE_NOT_STATED_BY_SOURCE,,NOT_VERIFIED_DO_NOT_INFER,HamKam,Haugesund,0,3,A,EVALUATION_ONLY_JOIN_AFTER_PREMATCH_FEATURE_FREEZE,2.19,3.4,3.21,EXTERNAL_HISTORICAL_MARKET_BENCHMARK,NOT_AVAILABLE,NOT_GOLDBET,8adde334d905dd879d5111db9f4f5736cae664c02f48c0c74dad9147333e86f0
c6a798a8623bd6aacc90d046,Eliteserien,2023,DEVELOPMENT,2023-10-22,16:00,MATCH_KICKOFF_TIME_TIMEZONE_NOT_STATED_BY_SOURCE,,NOT_VERIFIED_DO_NOT_INFER,Rosenborg,Stabaek,1,1,D,EVALUATION_ONLY_JOIN_AFTER_PREMATCH_FEATURE_FREEZE,1.93,3.77,3.6,EXTERNAL_HISTORICAL_MARKET_BENCHMARK,NOT_AVAILABLE,NOT_GOLDBET,3cf3977b538616b39c95627d075f073577ac2583943cb420366f6d4d938466f0
688f2fd6a43e92b8ea189629,Eliteserien,2023,DEVELOPMENT,2023-10-22,16:00,MATCH_KICKOFF_TIME_TIMEZONE_NOT_STATED_BY_SOURCE,,NOT_VERIFIED_DO_NOT_INFER,Stromsgodset,Odd,3,1,H,EVALUATION_ONLY_JOIN_AFTER_PREMATCH_FEATURE_FREEZE,1.95,3.49,3.83,EXTERNAL_HISTORICAL_MARKET_BENCHMARK,NOT_AVAILABLE,NOT_GOLDBET,cb37811e2bca752c10c65dcd5efbb5d50d01b8edf070812dfd15563830aa8483
b32764dd8fa9502569a703f8,Eliteserien,2023,DEVELOPMENT,2023-10-22,18:15,MATCH_KICKOFF_TIME_TIMEZONE_NOT_STATED_BY_SOURCE,,NOT_VERIFIED_DO_NOT_INFER,Viking,Tromso,3,4,A,EVALUATION_ONLY_JOIN_AFTER_PREMATCH_FEATURE_FREEZE,1.86,3.76,3.89,EXTERNAL_HISTORICAL_MARKET_BENCHMARK,NOT_AVAILABLE,NOT_GOLDBET,8e2bf136c2ce54d5f81d48b629c71219718112cfdeebad5a51b264ad2a6293a4
f48d18f934983ecb2cf0b13a,Eliteserien,2023,DEVELOPMENT,2023-10-28,17:00,MATCH_KICKOFF_TIME_TIMEZONE_NOT_STATED_BY_SOURCE,,NOT_VERIFIED_DO_NOT_INFER,Haugesund,Aalesund,6,1,H,EVALUATION_ONLY_JOIN_AFTER_PREMATCH_FEATURE_FREEZE,1.77,3.81,4.31,EXTERNAL_HISTORICAL_MARKET_BENCHMARK,NOT_AVAILABLE,NOT_GOLDBET,cb4597652852687e698b659bd79a3815a998c4faf9fd13c24bb492917f428dbe
ef3dd5d0fb7dd89c6de418de,Eliteserien,2023,DEVELOPMENT,2023-10-29,16:00,MATCH_KICKOFF_TIME_TIMEZONE_NOT_STATED_BY_SOURCE,,NOT_VERIFIED_DO_NOT_INFER,Odd,HamKam,2,0,H,EVALUATION_ONLY_JOIN_AFTER_PREMATCH_FEATURE_FREEZE,2.2,3.41,3.18,EXTERNAL_HISTORICAL_MARKET_BENCHMARK,NOT_AVAILABLE,NOT_GOLDBET,0650b2d275bcb1771267ad9067b844e6b96cfbaad04ecf268bda5300ac2a9132
f3470064c243ac3fa440e268,Eliteserien,2023,DEVELOPMENT,2023-10-29,16:00,MATCH_KICKOFF_TIME_TIMEZONE_NOT_STATED_BY_SOURCE,,NOT_VERIFIED_DO_NOT_INFER,Sandefjord,Brann,1,1,D,EVALUATION_ONLY_JOIN_AFTER_PREMATCH_FEATURE_FREEZE,4.94,4.31,1.59,EXTERNAL_HISTORICAL_MARKET_BENCHMARK,NOT_AVAILABLE,NOT_GOLDBET,5c5f41770c3a82c9708fba94561bf81cad59f5545849af33cf8d1712afa773b5
0df53bb12c7e9a63e9042b9b,Eliteserien,2023,DEVELOPMENT,2023-10-29,16:00,MATCH_KICKOFF_TIME_TIMEZONE_NOT_STATED_BY_SOURCE,,NOT_VERIFIED_DO_NOT_INFER,Sarpsborg 08,Stabaek,2,2,D,EVALUATION_ONLY_JOIN_AFTER_PREMATCH_FEATURE_FREEZE,1.52,4.58,5.31,EXTERNAL_HISTORICAL_MARKET_BENCHMARK,NOT_AVAILABLE,NOT_GOLDBET,912483d487904ee5688e88a843e52bca458ea727683483af47bee6c4d7549300
c2d95c068f8044c1ed19cc11,Eliteserien,2023,DEVELOPMENT,2023-10-29,16:00,MATCH_KICKOFF_TIME_TIMEZONE_NOT_STATED_BY_SOURCE,,NOT_VERIFIED_DO_NOT_INFER,Stromsgodset,Viking,1,0,H,EVALUATION_ONLY_JOIN_AFTER_PREMATCH_FEATURE_FREEZE,2.85,3.65,2.28,EXTERNAL_HISTORICAL_MARKET_BENCHMARK,NOT_AVAILABLE,NOT_GOLDBET,dd63707a6a558c156be5eb48594a1ffc97ff5a8ae595429f90778c119b558672
5ec7f19f7a89ed0bf58ce6b5,Eliteserien,2023,DEVELOPMENT,2023-10-29,18:13,MATCH_KICKOFF_TIME_TIMEZONE_NOT_STATED_BY_SOURCE,,NOT_VERIFIED_DO_NOT_INFER,Valerenga,Rosenborg,1,3,A,EVALUATION_ONLY_JOIN_AFTER_PREMATCH_FEATURE_FREEZE,1.7,3.91,4.56,EXTERNAL_HISTORICAL_MARKET_BENCHMARK,NOT_AVAILABLE,NOT_GOLDBET,b0c336816ad3dada03dc7e2a4aced243c07fb31370a455d3039a464d2995df17
89269a74db15f8d02d9664ac,Eliteserien,2023,DEVELOPMENT,2023-10-30,17:30,MATCH_KICKOFF_TIME_TIMEZONE_NOT_STATED_BY_SOURCE,,NOT_VERIFIED_DO_NOT_INFER,Bodo/Glimt,Lillestrom,3,1,H,EVALUATION_ONLY_JOIN_AFTER_PREMATCH_FEATURE_FREEZE,1.27,6.09,9.01,EXTERNAL_HISTORICAL_MARKET_BENCHMARK,NOT_AVAILABLE,NOT_GOLDBET,c24e9551637a2d892f623147cd75ccad65c7524e78594424a4402ea17216104e
766031507ea1f6c8101bfeaf,Eliteserien,2023,DEVELOPMENT,2023-10-30,20:00,MATCH_KICKOFF_TIME_TIMEZONE_NOT_STATED_BY_SOURCE,,NOT_VERIFIED_DO_NOT_INFER,Molde,Tromso,1,4,A,EVALUATION_ONLY_JOIN_AFTER_PREMATCH_FEATURE_FREEZE,1.63,4.03,4.94,EXTERNAL_HISTORICAL_MARKET_BENCHMARK,NOT_AVAILABLE,NOT_GOLDBET,7dd8d9bcd09e42ffe6110451fcdeedfbafac9d6ca6d0cc05829f1946ef4deb58
086e70ec10f44345893898d9,Eliteserien,2023,DEVELOPMENT,2023-11-04,17:00,MATCH_KICKOFF_TIME_TIMEZONE_NOT_STATED_BY_SOURCE,,NOT_VERIFIED_DO_NOT_INFER,HamKam,Viking,3,0,H,EVALUATION_ONLY_JOIN_AFTER_PREMATCH_FEATURE_FREEZE,3.06,3.73,2.15,EXTERNAL_HISTORICAL_MARKET_BENCHMARK,NOT_AVAILABLE,NOT_GOLDBET,47f1fdc9b0c81bc24e5fe6f39611023d2456303b33680c3cc73b160c13b64072
bad9269730ab9604b271b12c,Eliteserien,2023,DEVELOPMENT,2023-11-05,16:00,MATCH_KICKOFF_TIME_TIMEZONE_NOT_STATED_BY_SOURCE,,NOT_VERIFIED_DO_NOT_INFER,Brann,Odd,2,1,H,EVALUATION_ONLY_JOIN_AFTER_PREMATCH_FEATURE_FREEZE,1.13,8.4,17.57,EXTERNAL_HISTORICAL_MARKET_BENCHMARK,NOT_AVAILABLE,NOT_GOLDBET,eb7828dcced8e6633a5cdf03fdf5cf1cbca2c232f3dcda0ed01b139671b915b1
c22aed3413ac7fec1a5cf98f,Eliteserien,2023,DEVELOPMENT,2023-11-05,16:00,MATCH_KICKOFF_TIME_TIMEZONE_NOT_STATED_BY_SOURCE,,NOT_VERIFIED_DO_NOT_INFER,Lillestrom,Haugesund,1,0,H,EVALUATION_ONLY_JOIN_AFTER_PREMATCH_FEATURE_FREEZE,1.79,3.73,4.26,EXTERNAL_HISTORICAL_MARKET_BENCHMARK,NOT_AVAILABLE,NOT_GOLDBET,f2e4be8598eb37c1793436f89d00ba86627052a48ade2f091b0dcbfd51c4498a
3ec04b62417ede750bf89866,Eliteserien,2023,DEVELOPMENT,2023-11-05,16:00,MATCH_KICKOFF_TIME_TIMEZONE_NOT_STATED_BY_SOURCE,,NOT_VERIFIED_DO_NOT_INFER,Rosenborg,Molde,3,1,H,EVALUATION_ONLY_JOIN_AFTER_PREMATCH_FEATURE_FREEZE,3.56,3.91,1.91,EXTERNAL_HISTORICAL_MARKET_BENCHMARK,NOT_AVAILABLE,NOT_GOLDBET,bf711c0d0976c6d4a3f50d7197b9bd003110028b266d4701a9a3d0a9aacfda07
9966f2cc73fd8409313585c6,Eliteserien,2023,DEVELOPMENT,2023-11-05,16:00,MATCH_KICKOFF_TIME_TIMEZONE_NOT_STATED_BY_SOURCE,,NOT_VERIFIED_DO_NOT_INFER,Sarpsborg 08,Valerenga,3,2,H,EVALUATION_ONLY_JOIN_AFTER_PREMATCH_FEATURE_FREEZE,1.89,3.97,3.58,EXTERNAL_HISTORICAL_MARKET_BENCHMARK,NOT_AVAILABLE,NOT_GOLDBET,a111ea87500f5a8cfe008c13ea005f0a192a5acd6575af6461c869abb6d9226c
8ab8dee23266b4869abb5f87,Eliteserien,2023,DEVELOPMENT,2023-11-05,16:00,MATCH_KICKOFF_TIME_TIMEZONE_NOT_STATED_BY_SOURCE,,NOT_VERIFIED_DO_NOT_INFER,Stabaek,Bodo/Glimt,0,4,A,EVALUATION_ONLY_JOIN_AFTER_PREMATCH_FEATURE_FREEZE,5.56,4.73,1.49,EXTERNAL_HISTORICAL_MARKET_BENCHMARK,NOT_AVAILABLE,NOT_GOLDBET,855a2d1c611db5647a179fdc1528717b573ef80f8c75cc8a375b2540c2b4db2b
b24f6edbd12b2d7e86e09bf6,Eliteserien,2023,DEVELOPMENT,2023-11-05,18:15,MATCH_KICKOFF_TIME_TIMEZONE_NOT_STATED_BY_SOURCE,,NOT_VERIFIED_DO_NOT_INFER,Tromso,Stromsgodset,0,1,A,EVALUATION_ONLY_JOIN_AFTER_PREMATCH_FEATURE_FREEZE,1.43,4.53,7.13,EXTERNAL_HISTORICAL_MARKET_BENCHMARK,NOT_AVAILABLE,NOT_GOLDBET,eb404c1f8fad69c875ad664e468d246e5a06301794a1cabbd0076bce5ecf4493
9a544e3db91038aa9f0056c1,Eliteserien,2023,DEVELOPMENT,2023-11-06,18:00,MATCH_KICKOFF_TIME_TIMEZONE_NOT_STATED_BY_SOURCE,,NOT_VERIFIED_DO_NOT_INFER,Aalesund,Sandefjord,0,3,A,EVALUATION_ONLY_JOIN_AFTER_PREMATCH_FEATURE_FREEZE,2.05,3.88,3.19,EXTERNAL_HISTORICAL_MARKET_BENCHMARK,NOT_AVAILABLE,NOT_GOLDBET,653e621fc699d27e664688310fc1f3edca0dcb0b4ce4fc4808a84c8046c53d7c
ff3c1971f74650da06031595,Eliteserien,2023,DEVELOPMENT,2023-11-11,17:00,MATCH_KICKOFF_TIME_TIMEZONE_NOT_STATED_BY_SOURCE,,NOT_VERIFIED_DO_NOT_INFER,Haugesund,Brann,0,2,A,EVALUATION_ONLY_JOIN_AFTER_PREMATCH_FEATURE_FREEZE,4,3.72,1.83,EXTERNAL_HISTORICAL_MARKET_BENCHMARK,NOT_AVAILABLE,NOT_GOLDBET,0150dd51c389f6835857be44ce98161ca19d2c07ec9ed6a23e934d92ad101464
973398c57340a9b22d45b403,Eliteserien,2023,DEVELOPMENT,2023-11-12,16:00,MATCH_KICKOFF_TIME_TIMEZONE_NOT_STATED_BY_SOURCE,,NOT_VERIFIED_DO_NOT_INFER,Bodo/Glimt,Aalesund,1,0,H,EVALUATION_ONLY_JOIN_AFTER_PREMATCH_FEATURE_FREEZE,1.09,10.96,19.13,EXTERNAL_HISTORICAL_MARKET_BENCHMARK,NOT_AVAILABLE,NOT_GOLDBET,2fd85eec91d4bed773093ea2b708f64aeb1d05b130c6e48c89eac1887d890675
fb5fe64c73a8b30cb1524fe3,Eliteserien,2023,DEVELOPMENT,2023-11-12,16:00,MATCH_KICKOFF_TIME_TIMEZONE_NOT_STATED_BY_SOURCE,,NOT_VERIFIED_DO_NOT_INFER,Odd,Tromso,1,2,A,EVALUATION_ONLY_JOIN_AFTER_PREMATCH_FEATURE_FREEZE,3.96,3.67,1.85,EXTERNAL_HISTORICAL_MARKET_BENCHMARK,NOT_AVAILABLE,NOT_GOLDBET,f08fdf0be536654f0bfba0a4994aa19690d10745cb363ed5906f85972d1c623d
75406653f00f46b57eeb2b38,Eliteserien,2023,DEVELOPMENT,2023-11-12,16:00,MATCH_KICKOFF_TIME_TIMEZONE_NOT_STATED_BY_SOURCE,,NOT_VERIFIED_DO_NOT_INFER,Sandefjord,Rosenborg,3,2,H,EVALUATION_ONLY_JOIN_AFTER_PREMATCH_FEATURE_FREEZE,2.06,3.8,3.16,EXTERNAL_HISTORICAL_MARKET_BENCHMARK,NOT_AVAILABLE,NOT_GOLDBET,8838ff2f303fec1968b857260a15bae18ece9a56eb01c0f63b2f7851075b2a8d
669c2d086ead789dd5c8bc1d,Eliteserien,2023,DEVELOPMENT,2023-11-12,16:00,MATCH_KICKOFF_TIME_TIMEZONE_NOT_STATED_BY_SOURCE,,NOT_VERIFIED_DO_NOT_INFER,Stromsgodset,HamKam,0,1,A,EVALUATION_ONLY_JOIN_AFTER_PREMATCH_FEATURE_FREEZE,1.94,3.64,3.64,EXTERNAL_HISTORICAL_MARKET_BENCHMARK,NOT_AVAILABLE,NOT_GOLDBET,2a3cf229e51882d7beac4d73a00a263866ca985c8f22a5ef910753089e8c8b20
853c80a10b1e8b4c6da6c3e5,Eliteserien,2023,DEVELOPMENT,2023-11-12,16:00,MATCH_KICKOFF_TIME_TIMEZONE_NOT_STATED_BY_SOURCE,,NOT_VERIFIED_DO_NOT_INFER,Valerenga,Stabaek,0,0,D,EVALUATION_ONLY_JOIN_AFTER_PREMATCH_FEATURE_FREEZE,1.82,3.74,4.03,EXTERNAL_HISTORICAL_MARKET_BENCHMARK,NOT_AVAILABLE,NOT_GOLDBET,f83e5e9454136a915ada761cddc9787b35df0440f247f4e16b92406c1c10411e
df024d07c5ab6c8e255a8a2b,Eliteserien,2023,DEVELOPMENT,2023-11-12,16:00,MATCH_KICKOFF_TIME_TIMEZONE_NOT_STATED_BY_SOURCE,,NOT_VERIFIED_DO_NOT_INFER,Viking,Sarpsborg 08,2,1,H,EVALUATION_ONLY_JOIN_AFTER_PREMATCH_FEATURE_FREEZE,1.79,4.45,3.56,EXTERNAL_HISTORICAL_MARKET_BENCHMARK,NOT_AVAILABLE,NOT_GOLDBET,bff356b82c0e4d63d411ebae556596621c5fac3e862d5109d76a71360b18c686
468d89cb2d0fce0f5272338f,Eliteserien,2023,DEVELOPMENT,2023-11-12,18:15,MATCH_KICKOFF_TIME_TIMEZONE_NOT_STATED_BY_SOURCE,,NOT_VERIFIED_DO_NOT_INFER,Molde,Lillestrom,4,0,H,EVALUATION_ONLY_JOIN_AFTER_PREMATCH_FEATURE_FREEZE,1.61,4.3,4.78,EXTERNAL_HISTORICAL_MARKET_BENCHMARK,NOT_AVAILABLE,NOT_GOLDBET,513ef7769a8ae21e733b3015fa3d156714689dd16a215e2f09e2642f239093d0
d79281f15666463d06c04b9d,Eliteserien,2023,DEVELOPMENT,2023-11-26,16:00,MATCH_KICKOFF_TIME_TIMEZONE_NOT_STATED_BY_SOURCE,,NOT_VERIFIED_DO_NOT_INFER,Aalesund,Viking,0,4,A,EVALUATION_ONLY_JOIN_AFTER_PREMATCH_FEATURE_FREEZE,3.84,4.18,1.78,EXTERNAL_HISTORICAL_MARKET_BENCHMARK,NOT_AVAILABLE,NOT_GOLDBET,b73a045add6ee6a0ea27b1c6d540e73012468c45188f43b8b7998041061eb36c
1c2a7c7d08888927cdb3d022,Eliteserien,2023,DEVELOPMENT,2023-11-26,16:00,MATCH_KICKOFF_TIME_TIMEZONE_NOT_STATED_BY_SOURCE,,NOT_VERIFIED_DO_NOT_INFER,Brann,Bodo/Glimt,4,2,H,EVALUATION_ONLY_JOIN_AFTER_PREMATCH_FEATURE_FREEZE,1.86,4.15,3.54,EXTERNAL_HISTORICAL_MARKET_BENCHMARK,NOT_AVAILABLE,NOT_GOLDBET,822bbc3fbcd45552823d6939e2de42acfa38c11eb30ecdd7731a616861e6e330
816243682577474cd29ce15e,Eliteserien,2023,DEVELOPMENT,2023-11-26,16:00,MATCH_KICKOFF_TIME_TIMEZONE_NOT_STATED_BY_SOURCE,,NOT_VERIFIED_DO_NOT_INFER,HamKam,Valerenga,0,2,A,EVALUATION_ONLY_JOIN_AFTER_PREMATCH_FEATURE_FREEZE,4.22,3.66,1.81,EXTERNAL_HISTORICAL_MARKET_BENCHMARK,NOT_AVAILABLE,NOT_GOLDBET,a0950bd5ebccdb5419570939f68d79df52f224793698bb93febe0699494d3956
ffdb71c3beb5f3d4ce6e7f9b,Eliteserien,2023,DEVELOPMENT,2023-11-26,16:00,MATCH_KICKOFF_TIME_TIMEZONE_NOT_STATED_BY_SOURCE,,NOT_VERIFIED_DO_NOT_INFER,Lillestrom,Odd,4,4,D,EVALUATION_ONLY_JOIN_AFTER_PREMATCH_FEATURE_FREEZE,1.61,4.05,5.08,EXTERNAL_HISTORICAL_MARKET_BENCHMARK,NOT_AVAILABLE,NOT_GOLDBET,8a5ae129c29defcbeccb791dfce60e87017160e579e71d1ea2e06f31774d2fd6
cda665941d5cec57774c2c8e,Eliteserien,2023,DEVELOPMENT,2023-11-26,16:00,MATCH_KICKOFF_TIME_TIMEZONE_NOT_STATED_BY_SOURCE,,NOT_VERIFIED_DO_NOT_INFER,Rosenborg,Stromsgodset,1,3,A,EVALUATION_ONLY_JOIN_AFTER_PREMATCH_FEATURE_FREEZE,1.88,3.84,3.69,EXTERNAL_HISTORICAL_MARKET_BENCHMARK,NOT_AVAILABLE,NOT_GOLDBET,ad55a5d69282850d2e9e2b12fb783a8b90c65d095c6a572acf2a6b786f4d5598
59aa70f4acda3e3ed276effc,Eliteserien,2023,DEVELOPMENT,2023-11-26,16:00,MATCH_KICKOFF_TIME_TIMEZONE_NOT_STATED_BY_SOURCE,,NOT_VERIFIED_DO_NOT_INFER,Sarpsborg 08,Molde,1,3,A,EVALUATION_ONLY_JOIN_AFTER_PREMATCH_FEATURE_FREEZE,2.25,3.89,2.76,EXTERNAL_HISTORICAL_MARKET_BENCHMARK,NOT_AVAILABLE,NOT_GOLDBET,ca0aae8d707c82b1d5df42078c958bea75067457fbc2818ae9ac44f985c635ca
dc47b2bf42738377890afa7a,Eliteserien,2023,DEVELOPMENT,2023-11-26,16:00,MATCH_KICKOFF_TIME_TIMEZONE_NOT_STATED_BY_SOURCE,,NOT_VERIFIED_DO_NOT_INFER,Stabaek,Sandefjord,2,1,H,EVALUATION_ONLY_JOIN_AFTER_PREMATCH_FEATURE_FREEZE,1.87,3.8,3.77,EXTERNAL_HISTORICAL_MARKET_BENCHMARK,NOT_AVAILABLE,NOT_GOLDBET,c8336ac8c4c8360dd0ae533a9f72c071f495468ba653e64ea25b6265a3843847
732a6716e2da7b7e5b83e6c0,Eliteserien,2023,DEVELOPMENT,2023-11-26,16:00,MATCH_KICKOFF_TIME_TIMEZONE_NOT_STATED_BY_SOURCE,,NOT_VERIFIED_DO_NOT_INFER,Tromso,Haugesund,2,1,H,EVALUATION_ONLY_JOIN_AFTER_PREMATCH_FEATURE_FREEZE,1.6,3.9,5.5,EXTERNAL_HISTORICAL_MARKET_BENCHMARK,NOT_AVAILABLE,NOT_GOLDBET,8959c094a1e02a39c37e6704d75f3f1f153534ad649a21e53da5de281de47e72
408922651fae7e30d80f80b2,Eliteserien,2023,DEVELOPMENT,2023-12-03,16:00,MATCH_KICKOFF_TIME_TIMEZONE_NOT_STATED_BY_SOURCE,,NOT_VERIFIED_DO_NOT_INFER,Bodo/Glimt,Sarpsborg 08,2,0,H,EVALUATION_ONLY_JOIN_AFTER_PREMATCH_FEATURE_FREEZE,1.42,5.39,5.62,EXTERNAL_HISTORICAL_MARKET_BENCHMARK,NOT_AVAILABLE,NOT_GOLDBET,2a78b512b647f8b1849d44454efcf60b044a3b789ad5b63213644b39649b42b1
3b5fcf742f97d6e2332aa07e,Eliteserien,2023,DEVELOPMENT,2023-12-03,16:00,MATCH_KICKOFF_TIME_TIMEZONE_NOT_STATED_BY_SOURCE,,NOT_VERIFIED_DO_NOT_INFER,Haugesund,Stabaek,3,0,H,EVALUATION_ONLY_JOIN_AFTER_PREMATCH_FEATURE_FREEZE,1.77,3.65,4.42,EXTERNAL_HISTORICAL_MARKET_BENCHMARK,NOT_AVAILABLE,NOT_GOLDBET,95b2dcae73bad3a9a3a9c148ef7b8c08e1373d2f85b7dc3103c72a2df06bc1bb
cfdd1a52e10bfea3cfd4a495,Eliteserien,2023,DEVELOPMENT,2023-12-03,16:00,MATCH_KICKOFF_TIME_TIMEZONE_NOT_STATED_BY_SOURCE,,NOT_VERIFIED_DO_NOT_INFER,Molde,HamKam,1,1,D,EVALUATION_ONLY_JOIN_AFTER_PREMATCH_FEATURE_FREEZE,1.21,7.01,10.86,EXTERNAL_HISTORICAL_MARKET_BENCHMARK,NOT_AVAILABLE,NOT_GOLDBET,f0b8fa302c713f4fe146adc9d5dacb4e6288c5e7578fb14d5422e5960da8a731
aa3c2bc7662f8f3a3cc410f2,Eliteserien,2023,DEVELOPMENT,2023-12-03,16:00,MATCH_KICKOFF_TIME_TIMEZONE_NOT_STATED_BY_SOURCE,,NOT_VERIFIED_DO_NOT_INFER,Odd,Aalesund,4,1,H,EVALUATION_ONLY_JOIN_AFTER_PREMATCH_FEATURE_FREEZE,1.48,4.65,5.76,EXTERNAL_HISTORICAL_MARKET_BENCHMARK,NOT_AVAILABLE,NOT_GOLDBET,00b722f075fb53eda228aac255690ca060b2580943f8d684e63c95867b7ee57d
8774623da02409d0a95347fc,Eliteserien,2023,DEVELOPMENT,2023-12-03,16:00,MATCH_KICKOFF_TIME_TIMEZONE_NOT_STATED_BY_SOURCE,,NOT_VERIFIED_DO_NOT_INFER,Sandefjord,Lillestrom,1,0,H,EVALUATION_ONLY_JOIN_AFTER_PREMATCH_FEATURE_FREEZE,1.78,4.08,3.84,EXTERNAL_HISTORICAL_MARKET_BENCHMARK,NOT_AVAILABLE,NOT_GOLDBET,f106855530fbd3468f3bfc57b5b223e50f19e1a67d4b289aa1d1f4b12a4f0411
38bb410bb6ef22dccedba445,Eliteserien,2023,DEVELOPMENT,2023-12-03,16:00,MATCH_KICKOFF_TIME_TIMEZONE_NOT_STATED_BY_SOURCE,,NOT_VERIFIED_DO_NOT_INFER,Stromsgodset,Brann,3,0,H,EVALUATION_ONLY_JOIN_AFTER_PREMATCH_FEATURE_FREEZE,4.17,3.88,1.76,EXTERNAL_HISTORICAL_MARKET_BENCHMARK,NOT_AVAILABLE,NOT_GOLDBET,3667c1572b3d69199a3a0f6dabee4dd230283609894e1d9d58928b7fd1c1c062
fc3ef7c396df305320adeab1,Eliteserien,2023,DEVELOPMENT,2023-12-03,16:00,MATCH_KICKOFF_TIME_TIMEZONE_NOT_STATED_BY_SOURCE,,NOT_VERIFIED_DO_NOT_INFER,Valerenga,Tromso,1,1,D,EVALUATION_ONLY_JOIN_AFTER_PREMATCH_FEATURE_FREEZE,2.07,3.45,3.42,EXTERNAL_HISTORICAL_MARKET_BENCHMARK,NOT_AVAILABLE,NOT_GOLDBET,22c008bd163c1c92d1cf2b4cdbc854bf290f50a3f9f563b14e407b5ffcebedac
8e70907ca55cdd9de4d48e1c,Eliteserien,2023,DEVELOPMENT,2023-12-03,16:00,MATCH_KICKOFF_TIME_TIMEZONE_NOT_STATED_BY_SOURCE,,NOT_VERIFIED_DO_NOT_INFER,Viking,Rosenborg,1,5,A,EVALUATION_ONLY_JOIN_AFTER_PREMATCH_FEATURE_FREEZE,1.35,5.66,6.87,EXTERNAL_HISTORICAL_MARKET_BENCHMARK,NOT_AVAILABLE,NOT_GOLDBET,cc754fce38d690239f4a2b9986f013f01d644542a53b4a3379f8c5d99aae2dc8
de752f31798e9d0e0e252e4d,Eliteserien,2024,DEVELOPMENT,2024-03-31,17:00,MATCH_KICKOFF_TIME_TIMEZONE_NOT_STATED_BY_SOURCE,,NOT_VERIFIED_DO_NOT_INFER,Odd,Haugesund,1,2,A,EVALUATION_ONLY_JOIN_AFTER_PREMATCH_FEATURE_FREEZE,2.03,3.42,3.6,EXTERNAL_HISTORICAL_MARKET_BENCHMARK,NOT_AVAILABLE,NOT_GOLDBET,e08be7c1f96ab5b40ad11349c8c17f21343e2db814c674d017b4298e4cb91c50
c22d606307d914073292b390,Eliteserien,2024,DEVELOPMENT,2024-04-01,13:30,MATCH_KICKOFF_TIME_TIMEZONE_NOT_STATED_BY_SOURCE,,NOT_VERIFIED_DO_NOT_INFER,Fredrikstad,Bodo/Glimt,0,2,A,EVALUATION_ONLY_JOIN_AFTER_PREMATCH_FEATURE_FREEZE,5.53,4.18,1.56,EXTERNAL_HISTORICAL_MARKET_BENCHMARK,NOT_AVAILABLE,NOT_GOLDBET,613e2fd52589d139ccc67320b5a9dd4ef4514ee5486c0ec362dba3d9545ec771
3029c8f11f7e3a08c72be352,Eliteserien,2024,DEVELOPMENT,2024-04-01,16:00,MATCH_KICKOFF_TIME_TIMEZONE_NOT_STATED_BY_SOURCE,,NOT_VERIFIED_DO_NOT_INFER,Lillestrom,Kristiansund,2,3,A,EVALUATION_ONLY_JOIN_AFTER_PREMATCH_FEATURE_FREEZE,1.51,4.18,6.14,EXTERNAL_HISTORICAL_MARKET_BENCHMARK,NOT_AVAILABLE,NOT_GOLDBET,bb640869b26bb6e24b0d4d02cc61b4f2786c829e7651bd570d307217be0b6a11
74b15b80061a6e853ae629d5,Eliteserien,2024,DEVELOPMENT,2024-04-01,16:00,MATCH_KICKOFF_TIME_TIMEZONE_NOT_STATED_BY_SOURCE,,NOT_VERIFIED_DO_NOT_INFER,Molde,Stromsgodset,4,0,H,EVALUATION_ONLY_JOIN_AFTER_PREMATCH_FEATURE_FREEZE,1.38,4.82,7.52,EXTERNAL_HISTORICAL_MARKET_BENCHMARK,NOT_AVAILABLE,NOT_GOLDBET,8213e67577e859ef359a95db5fcdc91a365c9d35def408becf396e0d360ecb66
d7c80256fbe072fb253ac180,Eliteserien,2024,DEVELOPMENT,2024-04-01,16:00,MATCH_KICKOFF_TIME_TIMEZONE_NOT_STATED_BY_SOURCE,,NOT_VERIFIED_DO_NOT_INFER,Rosenborg,Sandefjord,2,0,H,EVALUATION_ONLY_JOIN_AFTER_PREMATCH_FEATURE_FREEZE,1.61,4.07,5.12,EXTERNAL_HISTORICAL_MARKET_BENCHMARK,NOT_AVAILABLE,NOT_GOLDBET,5e39458c76e9f87bd6aea100dcc73338508ef9a9da1076a7092b164e64fc7f73
c49120d3f68a3b62f39e9220,Eliteserien,2024,DEVELOPMENT,2024-04-01,16:00,MATCH_KICKOFF_TIME_TIMEZONE_NOT_STATED_BY_SOURCE,,NOT_VERIFIED_DO_NOT_INFER,Tromso,Brann,2,4,A,EVALUATION_ONLY_JOIN_AFTER_PREMATCH_FEATURE_FREEZE,3.42,3.44,2.08,EXTERNAL_HISTORICAL_MARKET_BENCHMARK,NOT_AVAILABLE,NOT_GOLDBET,29999e947adf16a951fdcedf28f188963fe1dda0816b9af234b2d8e2c3a3c7c7
be9c4c55dba4f9914642d547,Eliteserien,2024,DEVELOPMENT,2024-04-01,18:15,MATCH_KICKOFF_TIME_TIMEZONE_NOT_STATED_BY_SOURCE,,NOT_VERIFIED_DO_NOT_INFER,Viking,Sarpsborg 08,1,0,H,EVALUATION_ONLY_JOIN_AFTER_PREMATCH_FEATURE_FREEZE,1.94,3.92,3.42,EXTERNAL_HISTORICAL_MARKET_BENCHMARK,NOT_AVAILABLE,NOT_GOLDBET,f46b5cd040cf0547f0b3378d1f802987605a4d9ea1b2bc294f6fa0985fad474c
6c8375f81eb7c9b8099d319d,Eliteserien,2024,DEVELOPMENT,2024-04-02,18:00,MATCH_KICKOFF_TIME_TIMEZONE_NOT_STATED_BY_SOURCE,,NOT_VERIFIED_DO_NOT_INFER,KFUM Oslo,HamKam,1,1,D,EVALUATION_ONLY_JOIN_AFTER_PREMATCH_FEATURE_FREEZE,2.37,3.38,2.93,EXTERNAL_HISTORICAL_MARKET_BENCHMARK,NOT_AVAILABLE,NOT_GOLDBET,05e2fdf075348b352a7fd253c0eb452ce85a73880f17135d2691d2dc85aa0c5d
ccb2041c5f6ff14abe03bacc,Eliteserien,2024,DEVELOPMENT,2024-04-06,17:00,MATCH_KICKOFF_TIME_TIMEZONE_NOT_STATED_BY_SOURCE,,NOT_VERIFIED_DO_NOT_INFER,Bodo/Glimt,Viking,1,0,H,EVALUATION_ONLY_JOIN_AFTER_PREMATCH_FEATURE_FREEZE,1.4,5.13,6.66,EXTERNAL_HISTORICAL_MARKET_BENCHMARK,NOT_AVAILABLE,NOT_GOLDBET,4cf1f9852b57c3c9d6f0506f150dfa6771a3a707cae49c34dd92312ce27f457f
3f39608069da846771afb371,Eliteserien,2024,DEVELOPMENT,2024-04-07,13:30,MATCH_KICKOFF_TIME_TIMEZONE_NOT_STATED_BY_SOURCE,,NOT_VERIFIED_DO_NOT_INFER,Kristiansund,KFUM Oslo,1,1,D,EVALUATION_ONLY_JOIN_AFTER_PREMATCH_FEATURE_FREEZE,2.15,3.51,3.17,EXTERNAL_HISTORICAL_MARKET_BENCHMARK,NOT_AVAILABLE,NOT_GOLDBET,b2792c66a02344bda6e2735285a9f8685157ee5351ae9b3563ba7bf94e99e5d1
aa9e9963a0363e6c075d0217,Eliteserien,2024,DEVELOPMENT,2024-04-07,16:00,MATCH_KICKOFF_TIME_TIMEZONE_NOT_STATED_BY_SOURCE,,NOT_VERIFIED_DO_NOT_INFER,HamKam,Molde,0,1,A,EVALUATION_ONLY_JOIN_AFTER_PREMATCH_FEATURE_FREEZE,4.88,4.05,1.63,EXTERNAL_HISTORICAL_MARKET_BENCHMARK,NOT_AVAILABLE,NOT_GOLDBET,c3a5d65a2ef7dd2f903737c86f322c3e502c002c8cec5b33f5f90cf4c80fa83d
d0bb1520c5f4f97222c5d695,Eliteserien,2024,DEVELOPMENT,2024-04-07,16:00,MATCH_KICKOFF_TIME_TIMEZONE_NOT_STATED_BY_SOURCE,,NOT_VERIFIED_DO_NOT_INFER,Haugesund,Lillestrom,0,2,A,EVALUATION_ONLY_JOIN_AFTER_PREMATCH_FEATURE_FREEZE,2.99,3.37,2.3,EXTERNAL_HISTORICAL_MARKET_BENCHMARK,NOT_AVAILABLE,NOT_GOLDBET,7d1c1ff7e98b2086dab901d13dab9e8f59f06f2077000aefcf9cc7be324d4e29
48e02c4460c68fff2aac2f07,Eliteserien,2024,DEVELOPMENT,2024-04-07,16:00,MATCH_KICKOFF_TIME_TIMEZONE_NOT_STATED_BY_SOURCE,,NOT_VERIFIED_DO_NOT_INFER,Sarpsborg 08,Odd,0,1,A,EVALUATION_ONLY_JOIN_AFTER_PREMATCH_FEATURE_FREEZE,1.73,4,4.21,EXTERNAL_HISTORICAL_MARKET_BENCHMARK,NOT_AVAILABLE,NOT_GOLDBET,cf11c8c9472d133d78c615a136914cf5f5b9666ed47ee672f0e398b36fd7e242
26e3a1b7f3220e34930cef21,Eliteserien,2024,DEVELOPMENT,2024-04-07,16:00,MATCH_KICKOFF_TIME_TIMEZONE_NOT_STATED_BY_SOURCE,,NOT_VERIFIED_DO_NOT_INFER,Stromsgodset,Rosenborg,1,0,H,EVALUATION_ONLY_JOIN_AFTER_PREMATCH_FEATURE_FREEZE,2.12,3.42,3.31,EXTERNAL_HISTORICAL_MARKET_BENCHMARK,NOT_AVAILABLE,NOT_GOLDBET,f396cb9ec68f12e2d00364fb8a0e10a5e49547a793654fab81b0ad09bab6fee1
d13552c7a813a942609d44b5,Eliteserien,2024,DEVELOPMENT,2024-04-07,18:15,MATCH_KICKOFF_TIME_TIMEZONE_NOT_STATED_BY_SOURCE,,NOT_VERIFIED_DO_NOT_INFER,Brann,Fredrikstad,0,2,A,EVALUATION_ONLY_JOIN_AFTER_PREMATCH_FEATURE_FREEZE,1.36,4.98,7.64,EXTERNAL_HISTORICAL_MARKET_BENCHMARK,NOT_AVAILABLE,NOT_GOLDBET,5e818c0132b90672f4f2ce06166e5fc7b3748ccc4db4e4f917e19530c9657401
299f0944ecc94086237a8a3e,Eliteserien,2024,DEVELOPMENT,2024-04-13,17:00,MATCH_KICKOFF_TIME_TIMEZONE_NOT_STATED_BY_SOURCE,,NOT_VERIFIED_DO_NOT_INFER,Fredrikstad,Sarpsborg 08,2,2,D,EVALUATION_ONLY_JOIN_AFTER_PREMATCH_FEATURE_FREEZE,2.37,3.34,2.91,EXTERNAL_HISTORICAL_MARKET_BENCHMARK,NOT_AVAILABLE,NOT_GOLDBET,2828f4a8ccb057347e6b0e2b13a77c3c0c9fc9e409806ae0f36b855d2a5cfec9
a9895386865394b4a30bb28c,Eliteserien,2024,DEVELOPMENT,2024-04-14,13:30,MATCH_KICKOFF_TIME_TIMEZONE_NOT_STATED_BY_SOURCE,,NOT_VERIFIED_DO_NOT_INFER,Viking,Brann,1,1,D,EVALUATION_ONLY_JOIN_AFTER_PREMATCH_FEATURE_FREEZE,2.68,3.61,2.42,EXTERNAL_HISTORICAL_MARKET_BENCHMARK,NOT_AVAILABLE,NOT_GOLDBET,9df50a8ae1cc02326406325816dfacc62becd930c881cadde58b234e69b54af0
7166e6422ed0b580282aea2a,Eliteserien,2024,DEVELOPMENT,2024-04-14,16:00,MATCH_KICKOFF_TIME_TIMEZONE_NOT_STATED_BY_SOURCE,,NOT_VERIFIED_DO_NOT_INFER,Molde,Kristiansund,2,0,H,EVALUATION_ONLY_JOIN_AFTER_PREMATCH_FEATURE_FREEZE,1.22,6.4,11.75,EXTERNAL_HISTORICAL_MARKET_BENCHMARK,NOT_AVAILABLE,NOT_GOLDBET,0eee854ab583b444163b1a6ba07b687f2289153ce1519bb3211ea1080f736abb
37b892958fe6ec4d7aa61bc6,Eliteserien,2024,DEVELOPMENT,2024-04-14,16:00,MATCH_KICKOFF_TIME_TIMEZONE_NOT_STATED_BY_SOURCE,,NOT_VERIFIED_DO_NOT_INFER,Odd,Sandefjord,2,2,D,EVALUATION_ONLY_JOIN_AFTER_PREMATCH_FEATURE_FREEZE,1.74,3.74,4.42,EXTERNAL_HISTORICAL_MARKET_BENCHMARK,NOT_AVAILABLE,NOT_GOLDBET,9b622d510b1503b76fe4cb167f158d8c06e0f1463eaeedd25d9e722a9f3f7025
c2379f357ebb2d07e3f2ead2,Eliteserien,2024,DEVELOPMENT,2024-04-14,16:00,MATCH_KICKOFF_TIME_TIMEZONE_NOT_STATED_BY_SOURCE,,NOT_VERIFIED_DO_NOT_INFER,Rosenborg,HamKam,1,0,H,EVALUATION_ONLY_JOIN_AFTER_PREMATCH_FEATURE_FREEZE,1.64,3.86,5.06,EXTERNAL_HISTORICAL_MARKET_BENCHMARK,NOT_AVAILABLE,NOT_GOLDBET,a10f806c3a71dc2cbf99f947895eb3c1b9bd56cf9208f86ca418bc32de128c63
22a27d06ad762499c6dbe560,Eliteserien,2024,DEVELOPMENT,2024-04-14,16:00,MATCH_KICKOFF_TIME_TIMEZONE_NOT_STATED_BY_SOURCE,,NOT_VERIFIED_DO_NOT_INFER,Tromso,Haugesund,0,1,A,EVALUATION_ONLY_JOIN_AFTER_PREMATCH_FEATURE_FREEZE,1.59,4.03,5.26,EXTERNAL_HISTORICAL_MARKET_BENCHMARK,NOT_AVAILABLE,NOT_GOLDBET,17829933220305b08112cdb706d8b7d5dea9850fb872c74d6dbe323332447870
314c6251fdadb5fc55994a3b,Eliteserien,2024,DEVELOPMENT,2024-04-14,18:15,MATCH_KICKOFF_TIME_TIMEZONE_NOT_STATED_BY_SOURCE,,NOT_VERIFIED_DO_NOT_INFER,Lillestrom,Bodo/Glimt,0,5,A,EVALUATION_ONLY_JOIN_AFTER_PREMATCH_FEATURE_FREEZE,3.1,3.57,2.16,EXTERNAL_HISTORICAL_MARKET_BENCHMARK,NOT_AVAILABLE,NOT_GOLDBET,8facb5e7abe5015f505a1eb6afa32535a4fe4e54be7fe74314e6df07346b2044
587574856458f7d7e871b04d,Eliteserien,2024,DEVELOPMENT,2024-04-16,18:00,MATCH_KICKOFF_TIME_TIMEZONE_NOT_STATED_BY_SOURCE,,NOT_VERIFIED_DO_NOT_INFER,KFUM Oslo,Stromsgodset,1,3,A,EVALUATION_ONLY_JOIN_AFTER_PREMATCH_FEATURE_FREEZE,2.56,3.26,2.72,EXTERNAL_HISTORICAL_MARKET_BENCHMARK,NOT_AVAILABLE,NOT_GOLDBET,9e4e02a7924c1546ebd7e2e749407125dc9b10c04653e63908539183d6247218
20db19a17abf5407237f7369,Eliteserien,2024,DEVELOPMENT,2024-04-17,17:00,MATCH_KICKOFF_TIME_TIMEZONE_NOT_STATED_BY_SOURCE,,NOT_VERIFIED_DO_NOT_INFER,Brann,HamKam,1,0,H,EVALUATION_ONLY_JOIN_AFTER_PREMATCH_FEATURE_FREEZE,1.31,5.43,8.6,EXTERNAL_HISTORICAL_MARKET_BENCHMARK,NOT_AVAILABLE,NOT_GOLDBET,2811ab81f3517feeb614d2fa6188c77a07c6a383fe579692e4208e64d1749c64
629cce173df54765ca542343,Eliteserien,2024,DEVELOPMENT,2024-04-17,17:00,MATCH_KICKOFF_TIME_TIMEZONE_NOT_STATED_BY_SOURCE,,NOT_VERIFIED_DO_NOT_INFER,Molde,Odd,1,2,A,EVALUATION_ONLY_JOIN_AFTER_PREMATCH_FEATURE_FREEZE,1.27,5.69,9.8,EXTERNAL_HISTORICAL_MARKET_BENCHMARK,NOT_AVAILABLE,NOT_GOLDBET,c1badffc92925912c3444effb28dbff857ec4c226f585b3faebf669497aadd66
d31800ef708cdd3d903e473d,Eliteserien,2024,DEVELOPMENT,2024-04-21,13:30,MATCH_KICKOFF_TIME_TIMEZONE_NOT_STATED_BY_SOURCE,,NOT_VERIFIED_DO_NOT_INFER,HamKam,Stromsgodset,0,1,A,EVALUATION_ONLY_JOIN_AFTER_PREMATCH_FEATURE_FREEZE,2.48,3.26,2.83,EXTERNAL_HISTORICAL_MARKET_BENCHMARK,NOT_AVAILABLE,NOT_GOLDBET,cbc83fa9cbdcfea5602a84fc5829ef962b0d2cbebf5d0032c8545695eefff63d
76d74871cf5e43e509188bfc,Eliteserien,2024,DEVELOPMENT,2024-04-21,16:00,MATCH_KICKOFF_TIME_TIMEZONE_NOT_STATED_BY_SOURCE,,NOT_VERIFIED_DO_NOT_INFER,Brann,Odd,2,0,H,EVALUATION_ONLY_JOIN_AFTER_PREMATCH_FEATURE_FREEZE,1.27,5.85,9.31,EXTERNAL_HISTORICAL_MARKET_BENCHMARK,NOT_AVAILABLE,NOT_GOLDBET,d1a64bbeee0bc56721ba6c4e546032f392be3f77740e964ea1ebafe3da7961d3
862bb5036c688caef6b76e62,Eliteserien,2024,DEVELOPMENT,2024-04-21,16:00,MATCH_KICKOFF_TIME_TIMEZONE_NOT_STATED_BY_SOURCE,,NOT_VERIFIED_DO_NOT_INFER,Haugesund,Rosenborg,1,3,A,EVALUATION_ONLY_JOIN_AFTER_PREMATCH_FEATURE_FREEZE,3.17,3.37,2.21,EXTERNAL_HISTORICAL_MARKET_BENCHMARK,NOT_AVAILABLE,NOT_GOLDBET,1518ca2c98f2e255589c063bc8951b35c9f83bf20f9fe3511b147d7600e0bda3
a2e07c550040fca111da8ec0,Eliteserien,2024,DEVELOPMENT,2024-04-21,16:00,MATCH_KICKOFF_TIME_TIMEZONE_NOT_STATED_BY_SOURCE,,NOT_VERIFIED_DO_NOT_INFER,Kristiansund,Tromso,1,0,H,EVALUATION_ONLY_JOIN_AFTER_PREMATCH_FEATURE_FREEZE,2.82,3.3,2.46,EXTERNAL_HISTORICAL_MARKET_BENCHMARK,NOT_AVAILABLE,NOT_GOLDBET,3b13b8576ec9367a1fd6bf72a41e39588cf9d3e8205599c5a7114bc18537c657
0e25800fc921c9370a968cc7,Eliteserien,2024,DEVELOPMENT,2024-04-21,16:00,MATCH_KICKOFF_TIME_TIMEZONE_NOT_STATED_BY_SOURCE,,NOT_VERIFIED_DO_NOT_INFER,Sandefjord,Lillestrom,0,1,A,EVALUATION_ONLY_JOIN_AFTER_PREMATCH_FEATURE_FREEZE,3.18,3.69,2.1,EXTERNAL_HISTORICAL_MARKET_BENCHMARK,NOT_AVAILABLE,NOT_GOLDBET,fda541ce2194459a1cc743ce3f2a1f8d4fc91b876c4b2dd9c157043962814d15
883641e33a005bb0440ab894,Eliteserien,2024,DEVELOPMENT,2024-04-21,16:00,MATCH_KICKOFF_TIME_TIMEZONE_NOT_STATED_BY_SOURCE,,NOT_VERIFIED_DO_NOT_INFER,Sarpsborg 08,KFUM Oslo,0,2,A,EVALUATION_ONLY_JOIN_AFTER_PREMATCH_FEATURE_FREEZE,1.92,3.67,3.68,EXTERNAL_HISTORICAL_MARKET_BENCHMARK,NOT_AVAILABLE,NOT_GOLDBET,cfe46093e8f753f6e060f2e65e9b1bdf3fd0fa2b1cee220e5aad325a6e56d1a0
be6094db669b6211e4e3da48,Eliteserien,2024,DEVELOPMENT,2024-04-21,16:00,MATCH_KICKOFF_TIME_TIMEZONE_NOT_STATED_BY_SOURCE,,NOT_VERIFIED_DO_NOT_INFER,Viking,Fredrikstad,1,1,D,EVALUATION_ONLY_JOIN_AFTER_PREMATCH_FEATURE_FREEZE,1.79,3.76,4.14,EXTERNAL_HISTORICAL_MARKET_BENCHMARK,NOT_AVAILABLE,NOT_GOLDBET,e5b95d6fa9ae20afa0ea4b7c04457a6f822bccf2ed5230fac438f9d02a6b4260
66897ab75d7a8d56cec3450a,Eliteserien,2024,DEVELOPMENT,2024-04-21,18:15,MATCH_KICKOFF_TIME_TIMEZONE_NOT_STATED_BY_SOURCE,,NOT_VERIFIED_DO_NOT_INFER,Bodo/Glimt,Molde,1,1,D,EVALUATION_ONLY_JOIN_AFTER_PREMATCH_FEATURE_FREEZE,1.67,4.02,4.64,EXTERNAL_HISTORICAL_MARKET_BENCHMARK,NOT_AVAILABLE,NOT_GOLDBET,4051a76af1d83227a73557a557f07629d2c34b2154f61acfb6ae25b6d95e797d
4428c62de78557da1e70a88d,Eliteserien,2024,DEVELOPMENT,2024-04-27,17:00,MATCH_KICKOFF_TIME_TIMEZONE_NOT_STATED_BY_SOURCE,,NOT_VERIFIED_DO_NOT_INFER,Rosenborg,Bodo/Glimt,1,3,A,EVALUATION_ONLY_JOIN_AFTER_PREMATCH_FEATURE_FREEZE,4.68,4.02,1.65,EXTERNAL_HISTORICAL_MARKET_BENCHMARK,NOT_AVAILABLE,NOT_GOLDBET,d417c0d54534572e245be5a3d77269878bbf126611ed41b0af105b1338459bf9
4d302a422fb5dc0db1e2eb49,Eliteserien,2024,DEVELOPMENT,2024-04-28,16:00,MATCH_KICKOFF_TIME_TIMEZONE_NOT_STATED_BY_SOURCE,,NOT_VERIFIED_DO_NOT_INFER,Fredrikstad,Sandefjord,1,0,H,EVALUATION_ONLY_JOIN_AFTER_PREMATCH_FEATURE_FREEZE,1.92,3.37,4,EXTERNAL_HISTORICAL_MARKET_BENCHMARK,NOT_AVAILABLE,NOT_GOLDBET,a3fa59edd89c44a9ba965f59b2b9a4b8f73273945150496690699c3e10c7c196
e92cddd1c85d870a9b3f91ce,Eliteserien,2024,DEVELOPMENT,2024-04-28,16:00,MATCH_KICKOFF_TIME_TIMEZONE_NOT_STATED_BY_SOURCE,,NOT_VERIFIED_DO_NOT_INFER,KFUM Oslo,Brann,0,0,D,EVALUATION_ONLY_JOIN_AFTER_PREMATCH_FEATURE_FREEZE,4.59,4.03,1.67,EXTERNAL_HISTORICAL_MARKET_BENCHMARK,NOT_AVAILABLE,NOT_GOLDBET,5cf072a0fbff43df2d9cc39053c6c6a107bad081decc838d596ebc547a73051d
ebee8bf1becc6be540f9296f,Eliteserien,2024,DEVELOPMENT,2024-04-28,16:00,MATCH_KICKOFF_TIME_TIMEZONE_NOT_STATED_BY_SOURCE,,NOT_VERIFIED_DO_NOT_INFER,Lillestrom,HamKam,1,1,D,EVALUATION_ONLY_JOIN_AFTER_PREMATCH_FEATURE_FREEZE,1.53,4.16,5.68,EXTERNAL_HISTORICAL_MARKET_BENCHMARK,NOT_AVAILABLE,NOT_GOLDBET,57cd2a2bc1392796d10587d494bfc7f93f8a349c540819ce2099c6dc7347dfee
4726fdc9e213271dc0f9b384,Eliteserien,2024,DEVELOPMENT,2024-04-28,16:00,MATCH_KICKOFF_TIME_TIMEZONE_NOT_STATED_BY_SOURCE,,NOT_VERIFIED_DO_NOT_INFER,Molde,Haugesund,2,1,H,EVALUATION_ONLY_JOIN_AFTER_PREMATCH_FEATURE_FREEZE,1.31,5.2,8.92,EXTERNAL_HISTORICAL_MARKET_BENCHMARK,NOT_AVAILABLE,NOT_GOLDBET,3420aa9beca604b2c8d5d1fa2375f406a3a1474291e284879148cea8adb642d7
6446d7461f1df8018d55faf2,Eliteserien,2024,DEVELOPMENT,2024-04-28,16:00,MATCH_KICKOFF_TIME_TIMEZONE_NOT_STATED_BY_SOURCE,,NOT_VERIFIED_DO_NOT_INFER,Stromsgodset,Kristiansund,2,2,D,EVALUATION_ONLY_JOIN_AFTER_PREMATCH_FEATURE_FREEZE,1.6,3.97,5.25,EXTERNAL_HISTORICAL_MARKET_BENCHMARK,NOT_AVAILABLE,NOT_GOLDBET,9e498cc72d467cf8fd0c3fe27922c721c3be519a8754131c912f9bb477de4df9
4ba3bd55c0bf6dfb2f36ae36,Eliteserien,2024,DEVELOPMENT,2024-04-28,16:00,MATCH_KICKOFF_TIME_TIMEZONE_NOT_STATED_BY_SOURCE,,NOT_VERIFIED_DO_NOT_INFER,Tromso,Sarpsborg 08,0,3,A,EVALUATION_ONLY_JOIN_AFTER_PREMATCH_FEATURE_FREEZE,2.23,3.46,3.03,EXTERNAL_HISTORICAL_MARKET_BENCHMARK,NOT_AVAILABLE,NOT_GOLDBET,bc402ca8167a68c44f2f538b8591351b72479b7d359a690cc92cfdcfb52063fa
cb20dc95970141a9f73a4927,Eliteserien,2024,DEVELOPMENT,2024-04-28,18:15,MATCH_KICKOFF_TIME_TIMEZONE_NOT_STATED_BY_SOURCE,,NOT_VERIFIED_DO_NOT_INFER,Odd,Viking,3,3,D,EVALUATION_ONLY_JOIN_AFTER_PREMATCH_FEATURE_FREEZE,3.2,3.88,2.02,EXTERNAL_HISTORICAL_MARKET_BENCHMARK,NOT_AVAILABLE,NOT_GOLDBET,3e1fdd49a20b7a1453e8cd3f411860cef341aa36cded4704dc6352e55ad36205
5ccc70803e41fba750302284,Eliteserien,2024,DEVELOPMENT,2024-05-04,17:00,MATCH_KICKOFF_TIME_TIMEZONE_NOT_STATED_BY_SOURCE,,NOT_VERIFIED_DO_NOT_INFER,Brann,Rosenborg,3,0,H,EVALUATION_ONLY_JOIN_AFTER_PREMATCH_FEATURE_FREEZE,1.48,4.44,6.1,EXTERNAL_HISTORICAL_MARKET_BENCHMARK,NOT_AVAILABLE,NOT_GOLDBET,65de9ba47832ee4e1ab6ecb2753f1664271d469ace1aa634108f9e5a86f7f4b0
686e447b1c10c7cba2ee18b0,Eliteserien,2024,DEVELOPMENT,2024-05-05,16:00,MATCH_KICKOFF_TIME_TIMEZONE_NOT_STATED_BY_SOURCE,,NOT_VERIFIED_DO_NOT_INFER,Bodo/Glimt,Stromsgodset,1,0,H,EVALUATION_ONLY_JOIN_AFTER_PREMATCH_FEATURE_FREEZE,1.25,5.87,10.21,EXTERNAL_HISTORICAL_MARKET_BENCHMARK,NOT_AVAILABLE,NOT_GOLDBET,a85e687c0bafda7d7d19ac0593ec3482ef5d54060337235dfe370d292864ece9
fa30abfdec4b98a21073839c,Eliteserien,2024,DEVELOPMENT,2024-05-05,16:00,MATCH_KICKOFF_TIME_TIMEZONE_NOT_STATED_BY_SOURCE,,NOT_VERIFIED_DO_NOT_INFER,Haugesund,KFUM Oslo,0,1,A,EVALUATION_ONLY_JOIN_AFTER_PREMATCH_FEATURE_FREEZE,2.46,3.29,2.82,EXTERNAL_HISTORICAL_MARKET_BENCHMARK,NOT_AVAILABLE,NOT_GOLDBET,38994762aaca5f4258943432e2a0a30df8d0360d78fafe7e571c7d166ccc5c8a
5ddcbc8e80bc17b0cdf0cb68,Eliteserien,2024,DEVELOPMENT,2024-05-05,16:00,MATCH_KICKOFF_TIME_TIMEZONE_NOT_STATED_BY_SOURCE,,NOT_VERIFIED_DO_NOT_INFER,Kristiansund,HamKam,1,1,D,EVALUATION_ONLY_JOIN_AFTER_PREMATCH_FEATURE_FREEZE,2.47,3.35,2.76,EXTERNAL_HISTORICAL_MARKET_BENCHMARK,NOT_AVAILABLE,NOT_GOLDBET,ad6a8ac9080779b1378d05104459997113ce82ca70d48a8f787d66fbfcd06d1b
9205ef9486c3d5fbf2933c54,Eliteserien,2024,DEVELOPMENT,2024-05-05,16:00,MATCH_KICKOFF_TIME_TIMEZONE_NOT_STATED_BY_SOURCE,,NOT_VERIFIED_DO_NOT_INFER,Odd,Fredrikstad,0,2,A,EVALUATION_ONLY_JOIN_AFTER_PREMATCH_FEATURE_FREEZE,3.18,3.42,2.17,EXTERNAL_HISTORICAL_MARKET_BENCHMARK,NOT_AVAILABLE,NOT_GOLDBET,e39f7333484dc0b527f2707691614fc63a041a0e9ff1f7da7545abb6a94fcba7
76150c7521a9dfe5f0cd021e,Eliteserien,2024,DEVELOPMENT,2024-05-05,16:00,MATCH_KICKOFF_TIME_TIMEZONE_NOT_STATED_BY_SOURCE,,NOT_VERIFIED_DO_NOT_INFER,Sandefjord,Molde,3,1,H,EVALUATION_ONLY_JOIN_AFTER_PREMATCH_FEATURE_FREEZE,4.62,3.89,1.68,EXTERNAL_HISTORICAL_MARKET_BENCHMARK,NOT_AVAILABLE,NOT_GOLDBET,fda695b05a440e35e3b9bf1321f3d3fb2c729fc92c0fda44f763c12822a37d0a
5be4f531b58a489fec48f871,Eliteserien,2024,DEVELOPMENT,2024-05-05,16:00,MATCH_KICKOFF_TIME_TIMEZONE_NOT_STATED_BY_SOURCE,,NOT_VERIFIED_DO_NOT_INFER,Sarpsborg 08,Lillestrom,1,0,H,EVALUATION_ONLY_JOIN_AFTER_PREMATCH_FEATURE_FREEZE,2.15,3.61,3.06,EXTERNAL_HISTORICAL_MARKET_BENCHMARK,NOT_AVAILABLE,NOT_GOLDBET,bfb3cfd8f2db5330185039d00bbc43f8dabba6be844dffa23dd8c5777ddb97ac
6f2d8d584081329864c1f276,Eliteserien,2024,DEVELOPMENT,2024-05-05,18:15,MATCH_KICKOFF_TIME_TIMEZONE_NOT_STATED_BY_SOURCE,,NOT_VERIFIED_DO_NOT_INFER,Viking,Tromso,2,1,H,EVALUATION_ONLY_JOIN_AFTER_PREMATCH_FEATURE_FREEZE,1.46,4.52,6.2,EXTERNAL_HISTORICAL_MARKET_BENCHMARK,NOT_AVAILABLE,NOT_GOLDBET,77462fa4c4bafb8b029cbed2fe1c7956d61ba275580d26582a3b8b4b20b9fe96
4df5df1034dc89bb08a8e936,Eliteserien,2024,DEVELOPMENT,2024-05-11,17:00,MATCH_KICKOFF_TIME_TIMEZONE_NOT_STATED_BY_SOURCE,,NOT_VERIFIED_DO_NOT_INFER,Molde,Rosenborg,2,2,D,EVALUATION_ONLY_JOIN_AFTER_PREMATCH_FEATURE_FREEZE,1.5,4.56,5.65,EXTERNAL_HISTORICAL_MARKET_BENCHMARK,NOT_AVAILABLE,NOT_GOLDBET,935a477f1260dceec256b7acede8a3ea0079bd0356df3e2ac9b0c4026f12c6d9
1bbc2f5bb7631255969c2539,Eliteserien,2024,DEVELOPMENT,2024-05-12,13:30,MATCH_KICKOFF_TIME_TIMEZONE_NOT_STATED_BY_SOURCE,,NOT_VERIFIED_DO_NOT_INFER,Kristiansund,Bodo/Glimt,2,4,A,EVALUATION_ONLY_JOIN_AFTER_PREMATCH_FEATURE_FREEZE,6.03,4.93,1.44,EXTERNAL_HISTORICAL_MARKET_BENCHMARK,NOT_AVAILABLE,NOT_GOLDBET,1cc3c656de05559c94285d0f7c2e1b4d03eadd8aab2763f76bb92d86bf3d4880
95a3bb1b04eeb2fa3bc0e3e3,Eliteserien,2024,DEVELOPMENT,2024-05-12,16:00,MATCH_KICKOFF_TIME_TIMEZONE_NOT_STATED_BY_SOURCE,,NOT_VERIFIED_DO_NOT_INFER,HamKam,Haugesund,2,2,D,EVALUATION_ONLY_JOIN_AFTER_PREMATCH_FEATURE_FREEZE,1.97,3.5,3.68,EXTERNAL_HISTORICAL_MARKET_BENCHMARK,NOT_AVAILABLE,NOT_GOLDBET,a344f5fce82b6ad924931e1140e3ef36cd6189d883259f828e5c23ec451286e4
78e6d6ccdcbdbf9cba02dd8f,Eliteserien,2024,DEVELOPMENT,2024-05-12,16:00,MATCH_KICKOFF_TIME_TIMEZONE_NOT_STATED_BY_SOURCE,,NOT_VERIFIED_DO_NOT_INFER,KFUM Oslo,Fredrikstad,1,4,A,EVALUATION_ONLY_JOIN_AFTER_PREMATCH_FEATURE_FREEZE,2.85,3.04,2.59,EXTERNAL_HISTORICAL_MARKET_BENCHMARK,NOT_AVAILABLE,NOT_GOLDBET,101f484b295ee6387787acc5015789e6bfcf470d3235e398a84576c511d86eb9
e0764c9f1a4c23a68df11636,Eliteserien,2024,DEVELOPMENT,2024-05-12,16:00,MATCH_KICKOFF_TIME_TIMEZONE_NOT_STATED_BY_SOURCE,,NOT_VERIFIED_DO_NOT_INFER,Sandefjord,Sarpsborg 08,4,1,H,EVALUATION_ONLY_JOIN_AFTER_PREMATCH_FEATURE_FREEZE,2.2,3.54,3.06,EXTERNAL_HISTORICAL_MARKET_BENCHMARK,NOT_AVAILABLE,NOT_GOLDBET,9d0fd70c643f52523388ea091a52eeff0b8908951670728f75d2f8369ac23142
57dc8f681c52391aab63190a,Eliteserien,2024,DEVELOPMENT,2024-05-12,16:00,MATCH_KICKOFF_TIME_TIMEZONE_NOT_STATED_BY_SOURCE,,NOT_VERIFIED_DO_NOT_INFER,Stromsgodset,Viking,0,1,A,EVALUATION_ONLY_JOIN_AFTER_PREMATCH_FEATURE_FREEZE,2.33,3.66,2.77,EXTERNAL_HISTORICAL_MARKET_BENCHMARK,NOT_AVAILABLE,NOT_GOLDBET,6e7eece39d443ba7c304a821b54677a0005e520f6ff1e05a621b145962bd7785
ca4b50cf3e4ed2566012245a,Eliteserien,2024,DEVELOPMENT,2024-05-12,16:00,MATCH_KICKOFF_TIME_TIMEZONE_NOT_STATED_BY_SOURCE,,NOT_VERIFIED_DO_NOT_INFER,Tromso,Odd,4,0,H,EVALUATION_ONLY_JOIN_AFTER_PREMATCH_FEATURE_FREEZE,1.76,3.82,4.29,EXTERNAL_HISTORICAL_MARKET_BENCHMARK,NOT_AVAILABLE,NOT_GOLDBET,0bddafdf98f4ff8a46a23baf116abe2380c50944168159d815191cd908235528
6e683f97b1d639aa6ba4c003,Eliteserien,2024,DEVELOPMENT,2024-05-12,18:15,MATCH_KICKOFF_TIME_TIMEZONE_NOT_STATED_BY_SOURCE,,NOT_VERIFIED_DO_NOT_INFER,Lillestrom,Brann,0,2,A,EVALUATION_ONLY_JOIN_AFTER_PREMATCH_FEATURE_FREEZE,3.29,3.66,2.05,EXTERNAL_HISTORICAL_MARKET_BENCHMARK,NOT_AVAILABLE,NOT_GOLDBET,426cc47258b8046cdbcf865d994dc69b374e4f12e7d5dda687f39a6313987e13
4ab1c6ad9f92e8c8c26f61cd,Eliteserien,2024,DEVELOPMENT,2024-05-16,17:00,MATCH_KICKOFF_TIME_TIMEZONE_NOT_STATED_BY_SOURCE,,NOT_VERIFIED_DO_NOT_INFER,Bodo/Glimt,Tromso,4,0,H,EVALUATION_ONLY_JOIN_AFTER_PREMATCH_FEATURE_FREEZE,1.33,5.25,8.28,EXTERNAL_HISTORICAL_MARKET_BENCHMARK,NOT_AVAILABLE,NOT_GOLDBET,901da1172aebfac0ddeb91b9eb11f4b68727dec03be28111adcc6e05f8f6d19c
daecf346ba81d6d8fb8b6fef,Eliteserien,2024,DEVELOPMENT,2024-05-16,17:00,MATCH_KICKOFF_TIME_TIMEZONE_NOT_STATED_BY_SOURCE,,NOT_VERIFIED_DO_NOT_INFER,Brann,Sandefjord,2,1,H,EVALUATION_ONLY_JOIN_AFTER_PREMATCH_FEATURE_FREEZE,1.27,5.86,9.47,EXTERNAL_HISTORICAL_MARKET_BENCHMARK,NOT_AVAILABLE,NOT_GOLDBET,89c0f674f16dbca0fea6661d9a549239fe24c444fb848a16fde4786eaf8b7ee8
cf8495ba2f2d2c4df177fa4c,Eliteserien,2024,DEVELOPMENT,2024-05-16,17:00,MATCH_KICKOFF_TIME_TIMEZONE_NOT_STATED_BY_SOURCE,,NOT_VERIFIED_DO_NOT_INFER,Fredrikstad,Stromsgodset,4,1,H,EVALUATION_ONLY_JOIN_AFTER_PREMATCH_FEATURE_FREEZE,2.21,3.24,3.28,EXTERNAL_HISTORICAL_MARKET_BENCHMARK,NOT_AVAILABLE,NOT_GOLDBET,a13492caaa1d4f45a6ba9d894a90c98f8f1f9a7f499d6f78c5c77982b08d71f4
ff76812f4ca8d01217cb3a60,Eliteserien,2024,DEVELOPMENT,2024-05-16,17:00,MATCH_KICKOFF_TIME_TIMEZONE_NOT_STATED_BY_SOURCE,,NOT_VERIFIED_DO_NOT_INFER,Haugesund,Kristiansund,1,0,H,EVALUATION_ONLY_JOIN_AFTER_PREMATCH_FEATURE_FREEZE,1.86,3.64,3.96,EXTERNAL_HISTORICAL_MARKET_BENCHMARK,NOT_AVAILABLE,NOT_GOLDBET,8298063c9060064f3c8b525eb2d088be8d616069dff716a681474216c26e8943
6a6e134ed0baa38db86948cc,Eliteserien,2024,DEVELOPMENT,2024-05-16,17:00,MATCH_KICKOFF_TIME_TIMEZONE_NOT_STATED_BY_SOURCE,,NOT_VERIFIED_DO_NOT_INFER,Odd,Molde,0,4,A,EVALUATION_ONLY_JOIN_AFTER_PREMATCH_FEATURE_FREEZE,4.33,4.14,1.69,EXTERNAL_HISTORICAL_MARKET_BENCHMARK,NOT_AVAILABLE,NOT_GOLDBET,ed1a05b560902dc4c7146ef004ce997f5e1f993ef7122354bf985bc8280ca406
460f3cdec09e8834c0096794,Eliteserien,2024,DEVELOPMENT,2024-05-16,17:00,MATCH_KICKOFF_TIME_TIMEZONE_NOT_STATED_BY_SOURCE,,NOT_VERIFIED_DO_NOT_INFER,Rosenborg,KFUM Oslo,1,3,A,EVALUATION_ONLY_JOIN_AFTER_PREMATCH_FEATURE_FREEZE,1.66,3.85,4.89,EXTERNAL_HISTORICAL_MARKET_BENCHMARK,NOT_AVAILABLE,NOT_GOLDBET,31abc37c29681bca9da3a11e2203ccaf9afda7f0983c93f6de2c3a8ea079d748
aed945a641132724d83cfcfe,Eliteserien,2024,DEVELOPMENT,2024-05-16,17:00,MATCH_KICKOFF_TIME_TIMEZONE_NOT_STATED_BY_SOURCE,,NOT_VERIFIED_DO_NOT_INFER,Sarpsborg 08,HamKam,1,7,A,EVALUATION_ONLY_JOIN_AFTER_PREMATCH_FEATURE_FREEZE,1.83,3.86,3.83,EXTERNAL_HISTORICAL_MARKET_BENCHMARK,NOT_AVAILABLE,NOT_GOLDBET,b96b2f8f8e49eafe98dd7c8e8dc6569a870366028dd47ed2bc17f3bc555085af
c1fd974ac336cd1ef9b24f3e,Eliteserien,2024,DEVELOPMENT,2024-05-16,17:00,MATCH_KICKOFF_TIME_TIMEZONE_NOT_STATED_BY_SOURCE,,NOT_VERIFIED_DO_NOT_INFER,Viking,Lillestrom,1,4,A,EVALUATION_ONLY_JOIN_AFTER_PREMATCH_FEATURE_FREEZE,1.82,4.06,3.69,EXTERNAL_HISTORICAL_MARKET_BENCHMARK,NOT_AVAILABLE,NOT_GOLDBET,0ee12b609248f8f9a3e50308ffa29d2cb7e1610c6f6f9de4b3101bc29e26ac65
fd8fa8504b409d8415baff61,Eliteserien,2024,DEVELOPMENT,2024-05-20,16:00,MATCH_KICKOFF_TIME_TIMEZONE_NOT_STATED_BY_SOURCE,,NOT_VERIFIED_DO_NOT_INFER,HamKam,Bodo/Glimt,1,0,H,EVALUATION_ONLY_JOIN_AFTER_PREMATCH_FEATURE_FREEZE,4.89,4.26,1.59,EXTERNAL_HISTORICAL_MARKET_BENCHMARK,NOT_AVAILABLE,NOT_GOLDBET,3cf42c3157890a926a78b2160b7978adf3439a784b340536cea888a10c676a8f
1911cc304c52fa30be983525,Eliteserien,2024,DEVELOPMENT,2024-05-20,16:00,MATCH_KICKOFF_TIME_TIMEZONE_NOT_STATED_BY_SOURCE,,NOT_VERIFIED_DO_NOT_INFER,KFUM Oslo,Odd,0,0,D,EVALUATION_ONLY_JOIN_AFTER_PREMATCH_FEATURE_FREEZE,1.71,3.8,4.61,EXTERNAL_HISTORICAL_MARKET_BENCHMARK,NOT_AVAILABLE,NOT_GOLDBET,0d427c77490443296d140d77bdd26541d5403acab363934391fafead989e9cab
06b94a8f99c840e27bc21dd9,Eliteserien,2024,DEVELOPMENT,2024-05-20,16:00,MATCH_KICKOFF_TIME_TIMEZONE_NOT_STATED_BY_SOURCE,,NOT_VERIFIED_DO_NOT_INFER,Kristiansund,Brann,2,2,D,EVALUATION_ONLY_JOIN_AFTER_PREMATCH_FEATURE_FREEZE,6.83,4.72,1.41,EXTERNAL_HISTORICAL_MARKET_BENCHMARK,NOT_AVAILABLE,NOT_GOLDBET,df2fcee03434d1b67948cfdf587dd6d4fa10aba64d75a14a30470a46623763ec
82502fab32c8a40d7d4581e6,Eliteserien,2024,DEVELOPMENT,2024-05-20,16:00,MATCH_KICKOFF_TIME_TIMEZONE_NOT_STATED_BY_SOURCE,,NOT_VERIFIED_DO_NOT_INFER,Lillestrom,Fredrikstad,0,3,A,EVALUATION_ONLY_JOIN_AFTER_PREMATCH_FEATURE_FREEZE,2,3.45,3.64,EXTERNAL_HISTORICAL_MARKET_BENCHMARK,NOT_AVAILABLE,NOT_GOLDBET,c135a4276d583eef498573b14129692b2302af7c3489c113f2e76163e30ce0f6
8b21720afe85a2cca2060dc8,Eliteserien,2024,DEVELOPMENT,2024-05-20,16:00,MATCH_KICKOFF_TIME_TIMEZONE_NOT_STATED_BY_SOURCE,,NOT_VERIFIED_DO_NOT_INFER,Molde,Sarpsborg 08,2,4,A,EVALUATION_ONLY_JOIN_AFTER_PREMATCH_FEATURE_FREEZE,1.38,5.23,6.63,EXTERNAL_HISTORICAL_MARKET_BENCHMARK,NOT_AVAILABLE,NOT_GOLDBET,c0955e05237c180f1a75045f88de58b7fab44a8a7ade21147b5ece582084bd48
ea087690e0a870a0ab59acbc,Eliteserien,2024,DEVELOPMENT,2024-05-20,16:00,MATCH_KICKOFF_TIME_TIMEZONE_NOT_STATED_BY_SOURCE,,NOT_VERIFIED_DO_NOT_INFER,Sandefjord,Viking,0,3,A,EVALUATION_ONLY_JOIN_AFTER_PREMATCH_FEATURE_FREEZE,2.74,3.73,2.31,EXTERNAL_HISTORICAL_MARKET_BENCHMARK,NOT_AVAILABLE,NOT_GOLDBET,75f485e873d9358b66462e6b41ac4be3e22d3faed5456ea49fd83507a8f70c6e
1b7243f4207dbb0f5ad03195,Eliteserien,2024,DEVELOPMENT,2024-05-20,16:00,MATCH_KICKOFF_TIME_TIMEZONE_NOT_STATED_BY_SOURCE,,NOT_VERIFIED_DO_NOT_INFER,Stromsgodset,Haugesund,2,0,H,EVALUATION_ONLY_JOIN_AFTER_PREMATCH_FEATURE_FREEZE,1.93,3.6,3.7,EXTERNAL_HISTORICAL_MARKET_BENCHMARK,NOT_AVAILABLE,NOT_GOLDBET,9e2d137a23c6b9b6ba824f3470d9d5b7a6dc27a34d3e29a6f291d28b5084bbb0
13b0706fed4150e4b53c736a,Eliteserien,2024,DEVELOPMENT,2024-05-20,18:15,MATCH_KICKOFF_TIME_TIMEZONE_NOT_STATED_BY_SOURCE,,NOT_VERIFIED_DO_NOT_INFER,Tromso,Rosenborg,3,2,H,EVALUATION_ONLY_JOIN_AFTER_PREMATCH_FEATURE_FREEZE,1.98,3.59,3.56,EXTERNAL_HISTORICAL_MARKET_BENCHMARK,NOT_AVAILABLE,NOT_GOLDBET,eb9c5779de3835e9be39b3e3aee3b37c70a525df0a43e7ef695df55f4e4c7645
eae0e483358b30105d01271b,Eliteserien,2024,DEVELOPMENT,2024-05-24,18:00,MATCH_KICKOFF_TIME_TIMEZONE_NOT_STATED_BY_SOURCE,,NOT_VERIFIED_DO_NOT_INFER,Bodo/Glimt,KFUM Oslo,2,2,D,EVALUATION_ONLY_JOIN_AFTER_PREMATCH_FEATURE_FREEZE,1.28,5.84,8.96,EXTERNAL_HISTORICAL_MARKET_BENCHMARK,NOT_AVAILABLE,NOT_GOLDBET,f268c7723c9298cd420f854a1153c626856a61fc36dac65166cc3094d5a68305
56679cbfd8735dc4e67134b9,Eliteserien,2024,DEVELOPMENT,2024-05-25,17:00,MATCH_KICKOFF_TIME_TIMEZONE_NOT_STATED_BY_SOURCE,,NOT_VERIFIED_DO_NOT_INFER,Fredrikstad,Tromso,0,0,D,EVALUATION_ONLY_JOIN_AFTER_PREMATCH_FEATURE_FREEZE,1.9,3.44,4,EXTERNAL_HISTORICAL_MARKET_BENCHMARK,NOT_AVAILABLE,NOT_GOLDBET,ce2b5ac20f7515d3662629c71a15477a535e52f4bc6e972a700992e854c3ceb5
135324227786c75ea558a205,Eliteserien,2024,DEVELOPMENT,2024-05-26,16:00,MATCH_KICKOFF_TIME_TIMEZONE_NOT_STATED_BY_SOURCE,,NOT_VERIFIED_DO_NOT_INFER,Haugesund,Sandefjord,2,1,H,EVALUATION_ONLY_JOIN_AFTER_PREMATCH_FEATURE_FREEZE,2.15,3.5,3.17,EXTERNAL_HISTORICAL_MARKET_BENCHMARK,NOT_AVAILABLE,NOT_GOLDBET,4f030101290d7be3b8d64340ffc0d0e3ee4a31b48bbadc6309b13d1fe2f2e2e7
6c98531190ca22a7a3653271,Eliteserien,2024,DEVELOPMENT,2024-05-26,16:00,MATCH_KICKOFF_TIME_TIMEZONE_NOT_STATED_BY_SOURCE,,NOT_VERIFIED_DO_NOT_INFER,Odd,Lillestrom,2,1,H,EVALUATION_ONLY_JOIN_AFTER_PREMATCH_FEATURE_FREEZE,2.69,3.57,2.41,EXTERNAL_HISTORICAL_MARKET_BENCHMARK,NOT_AVAILABLE,NOT_GOLDBET,3a740a38301404ba0cc6d5df10ad6d87b17ef0a56dc19990201ac0ced2bd7c42
b13828a5ac73e8d56e7fff53,Eliteserien,2024,DEVELOPMENT,2024-05-26,16:00,MATCH_KICKOFF_TIME_TIMEZONE_NOT_STATED_BY_SOURCE,,NOT_VERIFIED_DO_NOT_INFER,Rosenborg,Kristiansund,2,1,H,EVALUATION_ONLY_JOIN_AFTER_PREMATCH_FEATURE_FREEZE,1.58,4.35,4.9,EXTERNAL_HISTORICAL_MARKET_BENCHMARK,NOT_AVAILABLE,NOT_GOLDBET,929372e5dd4f189c398df3582cf04e01ad3bf97c3fc28777f7c799806cccf144
c01edcdc12db6fe2a73024ba,Eliteserien,2024,DEVELOPMENT,2024-05-26,16:00,MATCH_KICKOFF_TIME_TIMEZONE_NOT_STATED_BY_SOURCE,,NOT_VERIFIED_DO_NOT_INFER,Sarpsborg 08,Stromsgodset,1,3,A,EVALUATION_ONLY_JOIN_AFTER_PREMATCH_FEATURE_FREEZE,2.17,3.75,2.93,EXTERNAL_HISTORICAL_MARKET_BENCHMARK,NOT_AVAILABLE,NOT_GOLDBET,a91b341af58e29b3f357cde0001308d379f7aef3273e5618c2128f76fc997f79
15e040821e3a4692fdc9ef46,Eliteserien,2024,DEVELOPMENT,2024-05-26,16:00,MATCH_KICKOFF_TIME_TIMEZONE_NOT_STATED_BY_SOURCE,,NOT_VERIFIED_DO_NOT_INFER,Viking,HamKam,3,0,H,EVALUATION_ONLY_JOIN_AFTER_PREMATCH_FEATURE_FREEZE,1.55,4.58,4.91,EXTERNAL_HISTORICAL_MARKET_BENCHMARK,NOT_AVAILABLE,NOT_GOLDBET,8f82eb784ace953ad3d4bb57093674e834461cdcbdf2c8207e3766c92a6458ab
5d49bbaf37813f739161cf9d,Eliteserien,2024,DEVELOPMENT,2024-05-26,18:15,MATCH_KICKOFF_TIME_TIMEZONE_NOT_STATED_BY_SOURCE,,NOT_VERIFIED_DO_NOT_INFER,Brann,Molde,1,3,A,EVALUATION_ONLY_JOIN_AFTER_PREMATCH_FEATURE_FREEZE,1.74,4.03,4.08,EXTERNAL_HISTORICAL_MARKET_BENCHMARK,NOT_AVAILABLE,NOT_GOLDBET,f232c9c0686102569f14ecb1df242f1c02fe1d001eb3fa31aaaaa959690242d6
ea7a52ad6d973a6c32c43150,Eliteserien,2024,DEVELOPMENT,2024-05-29,18:00,MATCH_KICKOFF_TIME_TIMEZONE_NOT_STATED_BY_SOURCE,,NOT_VERIFIED_DO_NOT_INFER,Bodo/Glimt,Sandefjord,1,1,D,EVALUATION_ONLY_JOIN_AFTER_PREMATCH_FEATURE_FREEZE,1.25,6.23,9.41,EXTERNAL_HISTORICAL_MARKET_BENCHMARK,NOT_AVAILABLE,NOT_GOLDBET,b384ec8c02498b38b09ca93d553eac6835111a03931173dcc73bb58d48b7437b
9e23a9ac02c7c5207fad1e7c,Eliteserien,2024,DEVELOPMENT,2024-05-29,18:00,MATCH_KICKOFF_TIME_TIMEZONE_NOT_STATED_BY_SOURCE,,NOT_VERIFIED_DO_NOT_INFER,Brann,Kristiansund,2,1,H,EVALUATION_ONLY_JOIN_AFTER_PREMATCH_FEATURE_FREEZE,1.16,7.87,13.12,EXTERNAL_HISTORICAL_MARKET_BENCHMARK,NOT_AVAILABLE,NOT_GOLDBET,e0ee28aaa22c4ae109e51a77357de2f8bac0a36dc42243640aad4648993518f1
1a598db2c93ec0cc061b93f6,Eliteserien,2024,DEVELOPMENT,2024-05-29,18:00,MATCH_KICKOFF_TIME_TIMEZONE_NOT_STATED_BY_SOURCE,,NOT_VERIFIED_DO_NOT_INFER,Tromso,Fredrikstad,3,0,H,EVALUATION_ONLY_JOIN_AFTER_PREMATCH_FEATURE_FREEZE,2.29,3.12,3.23,EXTERNAL_HISTORICAL_MARKET_BENCHMARK,NOT_AVAILABLE,NOT_GOLDBET,0ee75cd0afd0d63dc2538798d9d475e990dabc49527a029780461a9045618019
a764735f07c5cf704f2b6117,Eliteserien,2024,DEVELOPMENT,2024-06-01,17:00,MATCH_KICKOFF_TIME_TIMEZONE_NOT_STATED_BY_SOURCE,,NOT_VERIFIED_DO_NOT_INFER,HamKam,Brann,1,2,A,EVALUATION_ONLY_JOIN_AFTER_PREMATCH_FEATURE_FREEZE,4.97,4.24,1.58,EXTERNAL_HISTORICAL_MARKET_BENCHMARK,NOT_AVAILABLE,NOT_GOLDBET,8a9acabbd21fa4d23c9daafb5a65a915de59122be0e22da8c4c0a0a6484f2810
be17c7c7773e85b2b88ca392,Eliteserien,2024,DEVELOPMENT,2024-06-02,13:30,MATCH_KICKOFF_TIME_TIMEZONE_NOT_STATED_BY_SOURCE,,NOT_VERIFIED_DO_NOT_INFER,Molde,Viking,2,2,D,EVALUATION_ONLY_JOIN_AFTER_PREMATCH_FEATURE_FREEZE,1.73,4.11,4.06,EXTERNAL_HISTORICAL_MARKET_BENCHMARK,NOT_AVAILABLE,NOT_GOLDBET,9ef9cdfb370d07a2d4a866d96340f7a1a234db1f7b305d9f8cab810409dd52d3
12227dcc32e9880cb1c6de55,Eliteserien,2024,DEVELOPMENT,2024-06-02,16:00,MATCH_KICKOFF_TIME_TIMEZONE_NOT_STATED_BY_SOURCE,,NOT_VERIFIED_DO_NOT_INFER,Haugesund,Bodo/Glimt,0,1,A,EVALUATION_ONLY_JOIN_AFTER_PREMATCH_FEATURE_FREEZE,4.71,4.09,1.64,EXTERNAL_HISTORICAL_MARKET_BENCHMARK,NOT_AVAILABLE,NOT_GOLDBET,a6ca16774c088f0ebe523ac57e2c5b69cbf4abfab24d84b7bbeab1dbe730a1bd
1390877c04d45d599d458c8a,Eliteserien,2024,DEVELOPMENT,2024-06-02,16:00,MATCH_KICKOFF_TIME_TIMEZONE_NOT_STATED_BY_SOURCE,,NOT_VERIFIED_DO_NOT_INFER,KFUM Oslo,Sandefjord,3,3,D,EVALUATION_ONLY_JOIN_AFTER_PREMATCH_FEATURE_FREEZE,2.24,3.34,3.12,EXTERNAL_HISTORICAL_MARKET_BENCHMARK,NOT_AVAILABLE,NOT_GOLDBET,7fa4350b16b83798b008a8d6bfa1d8bedb7d59eecd55f25aa0a031cb95883d59
7213a18c35cb03133f928a70,Eliteserien,2024,DEVELOPMENT,2024-06-02,16:00,MATCH_KICKOFF_TIME_TIMEZONE_NOT_STATED_BY_SOURCE,,NOT_VERIFIED_DO_NOT_INFER,Kristiansund,Sarpsborg 08,3,1,H,EVALUATION_ONLY_JOIN_AFTER_PREMATCH_FEATURE_FREEZE,2.52,3.67,2.52,EXTERNAL_HISTORICAL_MARKET_BENCHMARK,NOT_AVAILABLE,NOT_GOLDBET,5338b4b8f0f438069e83699e64096972420b8d429a0553b89e70a3e5f09372f3
e5f7bc25f1d20452cba0b8fd,Eliteserien,2024,DEVELOPMENT,2024-06-02,16:00,MATCH_KICKOFF_TIME_TIMEZONE_NOT_STATED_BY_SOURCE,,NOT_VERIFIED_DO_NOT_INFER,Stromsgodset,Odd,1,1,D,EVALUATION_ONLY_JOIN_AFTER_PREMATCH_FEATURE_FREEZE,1.54,4.46,5.07,EXTERNAL_HISTORICAL_MARKET_BENCHMARK,NOT_AVAILABLE,NOT_GOLDBET,fbd930a9f6b52ca2db1b99cec4dd208c39eec7c40ab7ae63ef422fe7187246ef
4dc4f256ba961e3b50368936,Eliteserien,2024,DEVELOPMENT,2024-06-02,16:00,MATCH_KICKOFF_TIME_TIMEZONE_NOT_STATED_BY_SOURCE,,NOT_VERIFIED_DO_NOT_INFER,Tromso,Lillestrom,1,2,A,EVALUATION_ONLY_JOIN_AFTER_PREMATCH_FEATURE_FREEZE,2.04,3.56,3.36,EXTERNAL_HISTORICAL_MARKET_BENCHMARK,NOT_AVAILABLE,NOT_GOLDBET,161cbe13f8c51cf08c75fe5f8f8f991d37aab76a812b0696ea731b71bfb70916
a6e9a3c1c2469c9efa7a3542,Eliteserien,2024,DEVELOPMENT,2024-06-02,18:15,MATCH_KICKOFF_TIME_TIMEZONE_NOT_STATED_BY_SOURCE,,NOT_VERIFIED_DO_NOT_INFER,Rosenborg,Fredrikstad,1,1,D,EVALUATION_ONLY_JOIN_AFTER_PREMATCH_FEATURE_FREEZE,2.27,3.27,3.13,EXTERNAL_HISTORICAL_MARKET_BENCHMARK,NOT_AVAILABLE,NOT_GOLDBET,5d5876cccac5a531641eb5f6ab4b63c28632381055ff27ef67656abe5d3aeb60
730dd28349f24a088ccff31e,Eliteserien,2024,DEVELOPMENT,2024-06-27,18:00,MATCH_KICKOFF_TIME_TIMEZONE_NOT_STATED_BY_SOURCE,,NOT_VERIFIED_DO_NOT_INFER,Sandefjord,HamKam,1,2,A,EVALUATION_ONLY_JOIN_AFTER_PREMATCH_FEATURE_FREEZE,2.07,3.67,3.26,EXTERNAL_HISTORICAL_MARKET_BENCHMARK,NOT_AVAILABLE,NOT_GOLDBET,1a832fe9206913ea334038c2fef0f6396ac8ad50e7040fd771160ecd6751441b
d09df287a207ab372449d34c,Eliteserien,2024,DEVELOPMENT,2024-06-27,20:15,MATCH_KICKOFF_TIME_TIMEZONE_NOT_STATED_BY_SOURCE,,NOT_VERIFIED_DO_NOT_INFER,Lillestrom,KFUM Oslo,2,1,H,EVALUATION_ONLY_JOIN_AFTER_PREMATCH_FEATURE_FREEZE,2.06,3.62,3.3,EXTERNAL_HISTORICAL_MARKET_BENCHMARK,NOT_AVAILABLE,NOT_GOLDBET,b5d7bcefb9f15ddeaeed04de0a7dfd278ac1ad75019f280f09fde5f404a85494
f8676c7e1a5e40dbf2ca0445,Eliteserien,2024,DEVELOPMENT,2024-06-28,18:00,MATCH_KICKOFF_TIME_TIMEZONE_NOT_STATED_BY_SOURCE,,NOT_VERIFIED_DO_NOT_INFER,Brann,Stromsgodset,0,0,D,EVALUATION_ONLY_JOIN_AFTER_PREMATCH_FEATURE_FREEZE,1.33,5.55,7.71,EXTERNAL_HISTORICAL_MARKET_BENCHMARK,NOT_AVAILABLE,NOT_GOLDBET,08948635294869b992bf2861746ff213517824b5597377bc17d35cd502413cac
2d7a81037da16fcf84ebb022,Eliteserien,2024,DEVELOPMENT,2024-06-28,18:00,MATCH_KICKOFF_TIME_TIMEZONE_NOT_STATED_BY_SOURCE,,NOT_VERIFIED_DO_NOT_INFER,Odd,Kristiansund,1,1,D,EVALUATION_ONLY_JOIN_AFTER_PREMATCH_FEATURE_FREEZE,2.07,3.73,3.18,EXTERNAL_HISTORICAL_MARKET_BENCHMARK,NOT_AVAILABLE,NOT_GOLDBET,f6522ad7205e7d36f1bf819c8a716542dda69189089d5d0f7fb882311e08c2b7
a20a49474268c9cc210b6790,Eliteserien,2024,DEVELOPMENT,2024-06-28,18:00,MATCH_KICKOFF_TIME_TIMEZONE_NOT_STATED_BY_SOURCE,,NOT_VERIFIED_DO_NOT_INFER,Sarpsborg 08,Bodo/Glimt,1,2,A,EVALUATION_ONLY_JOIN_AFTER_PREMATCH_FEATURE_FREEZE,4.81,4.46,1.58,EXTERNAL_HISTORICAL_MARKET_BENCHMARK,NOT_AVAILABLE,NOT_GOLDBET,58421b65368f8655e397abbe2bc73b763a82497060ae0074f182a756768a5edf
09441ae95664aa5cbee86925,Eliteserien,2024,DEVELOPMENT,2024-06-28,20:15,MATCH_KICKOFF_TIME_TIMEZONE_NOT_STATED_BY_SOURCE,,NOT_VERIFIED_DO_NOT_INFER,Tromso,Molde,0,2,A,EVALUATION_ONLY_JOIN_AFTER_PREMATCH_FEATURE_FREEZE,3.08,3.42,2.23,EXTERNAL_HISTORICAL_MARKET_BENCHMARK,NOT_AVAILABLE,NOT_GOLDBET,28a466b7fbd2983a296eb726f829036d38cbe42bd03846cb521985e10b985eee
d50f2f71ddff4c67dab3c5af,Eliteserien,2024,DEVELOPMENT,2024-06-30,14:00,MATCH_KICKOFF_TIME_TIMEZONE_NOT_STATED_BY_SOURCE,,NOT_VERIFIED_DO_NOT_INFER,Viking,Rosenborg,4,2,H,EVALUATION_ONLY_JOIN_AFTER_PREMATCH_FEATURE_FREEZE,1.63,4.32,4.51,EXTERNAL_HISTORICAL_MARKET_BENCHMARK,NOT_AVAILABLE,NOT_GOLDBET,ecca49c02e240f5368f2d91188818b4409075287ba353c833071398ee062e788
7675b053dd0cfb210e649727,Eliteserien,2024,DEVELOPMENT,2024-07-03,18:00,MATCH_KICKOFF_TIME_TIMEZONE_NOT_STATED_BY_SOURCE,,NOT_VERIFIED_DO_NOT_INFER,Sandefjord,Tromso,1,2,A,EVALUATION_ONLY_JOIN_AFTER_PREMATCH_FEATURE_FREEZE,2.22,3.4,3.13,EXTERNAL_HISTORICAL_MARKET_BENCHMARK,NOT_AVAILABLE,NOT_GOLDBET,91f6402f760cdc0c0697d8982fcbba14149e47f65175264a675db3c5cb025606
390cccefc65f141d8a088520,Eliteserien,2024,DEVELOPMENT,2024-07-07,13:30,MATCH_KICKOFF_TIME_TIMEZONE_NOT_STATED_BY_SOURCE,,NOT_VERIFIED_DO_NOT_INFER,Bodo/Glimt,Brann,5,1,H,EVALUATION_ONLY_JOIN_AFTER_PREMATCH_FEATURE_FREEZE,1.82,3.84,3.89,EXTERNAL_HISTORICAL_MARKET_BENCHMARK,NOT_AVAILABLE,NOT_GOLDBET,3ca160a8e945cebc1a1870404d7ee47331c9c1e8b2edd1dfa40e632aa6acdf48
a418dd6da3065578390c45d1,Eliteserien,2024,DEVELOPMENT,2024-07-07,16:00,MATCH_KICKOFF_TIME_TIMEZONE_NOT_STATED_BY_SOURCE,,NOT_VERIFIED_DO_NOT_INFER,HamKam,Tromso,0,0,D,EVALUATION_ONLY_JOIN_AFTER_PREMATCH_FEATURE_FREEZE,2.28,3.32,3.04,EXTERNAL_HISTORICAL_MARKET_BENCHMARK,NOT_AVAILABLE,NOT_GOLDBET,553ccfe0d24280e1176d1205df90f7b0875f00a1ef6c54bf7c548064a26ad084
db970366168d7d57fde95f28,Eliteserien,2024,DEVELOPMENT,2024-07-07,16:00,MATCH_KICKOFF_TIME_TIMEZONE_NOT_STATED_BY_SOURCE,,NOT_VERIFIED_DO_NOT_INFER,Haugesund,Sarpsborg 08,1,2,A,EVALUATION_ONLY_JOIN_AFTER_PREMATCH_FEATURE_FREEZE,2.5,3.4,2.69,EXTERNAL_HISTORICAL_MARKET_BENCHMARK,NOT_AVAILABLE,NOT_GOLDBET,a3a7becedf52d59f8483fa3fea890778b1d007b22adcd4d569a9b0838fda03e0
b129ae55d6ad808f75d0d87d,Eliteserien,2024,DEVELOPMENT,2024-07-07,16:00,MATCH_KICKOFF_TIME_TIMEZONE_NOT_STATED_BY_SOURCE,,NOT_VERIFIED_DO_NOT_INFER,KFUM Oslo,Viking,1,2,A,EVALUATION_ONLY_JOIN_AFTER_PREMATCH_FEATURE_FREEZE,2.63,3.5,2.5,EXTERNAL_HISTORICAL_MARKET_BENCHMARK,NOT_AVAILABLE,NOT_GOLDBET,88a4b86f78f4a258e024a6091d1ca2768c3841d77974c2d4bb6cbadf4326d8d6
587f5069d2c589c3e77def62,Eliteserien,2024,DEVELOPMENT,2024-07-07,16:00,MATCH_KICKOFF_TIME_TIMEZONE_NOT_STATED_BY_SOURCE,,NOT_VERIFIED_DO_NOT_INFER,Molde,Lillestrom,3,0,H,EVALUATION_ONLY_JOIN_AFTER_PREMATCH_FEATURE_FREEZE,1.43,4.81,6.16,EXTERNAL_HISTORICAL_MARKET_BENCHMARK,NOT_AVAILABLE,NOT_GOLDBET,63710c7eb30053a5157f2b7e5e092ca5c8dff309ed26a6fb7e6b6da8a0237de2
c5a6feefca4be15c340579cd,Eliteserien,2024,DEVELOPMENT,2024-07-07,18:15,MATCH_KICKOFF_TIME_TIMEZONE_NOT_STATED_BY_SOURCE,,NOT_VERIFIED_DO_NOT_INFER,Rosenborg,Odd,2,1,H,EVALUATION_ONLY_JOIN_AFTER_PREMATCH_FEATURE_FREEZE,1.6,4.34,4.74,EXTERNAL_HISTORICAL_MARKET_BENCHMARK,NOT_AVAILABLE,NOT_GOLDBET,3565dd4b59b78d1e41c491b8fac8ddecd5227c8c21644ee61f2993f731153ba2
f0def568c0e23a5cae4cac2e,Eliteserien,2024,DEVELOPMENT,2024-07-08,18:00,MATCH_KICKOFF_TIME_TIMEZONE_NOT_STATED_BY_SOURCE,,NOT_VERIFIED_DO_NOT_INFER,Kristiansund,Fredrikstad,3,1,H,EVALUATION_ONLY_JOIN_AFTER_PREMATCH_FEATURE_FREEZE,4.52,3.71,1.74,EXTERNAL_HISTORICAL_MARKET_BENCHMARK,NOT_AVAILABLE,NOT_GOLDBET,0af5855ced36b029ea5cf223c37178adabe9a3ec793bab78bfb8838cded8e5fa
eda009c131937592c76c481f,Eliteserien,2024,DEVELOPMENT,2024-07-08,18:00,MATCH_KICKOFF_TIME_TIMEZONE_NOT_STATED_BY_SOURCE,,NOT_VERIFIED_DO_NOT_INFER,Stromsgodset,Sandefjord,1,1,D,EVALUATION_ONLY_JOIN_AFTER_PREMATCH_FEATURE_FREEZE,1.8,3.97,3.85,EXTERNAL_HISTORICAL_MARKET_BENCHMARK,NOT_AVAILABLE,NOT_GOLDBET,ab79e760656feec4e1e77200c756f8b2e872437364e4b90d59a216baf4857509
8ad0ba58cee2cf057f1d1cb1,Eliteserien,2024,DEVELOPMENT,2024-07-12,18:00,MATCH_KICKOFF_TIME_TIMEZONE_NOT_STATED_BY_SOURCE,,NOT_VERIFIED_DO_NOT_INFER,Sarpsborg 08,Rosenborg,4,1,H,EVALUATION_ONLY_JOIN_AFTER_PREMATCH_FEATURE_FREEZE,2.28,3.93,2.71,EXTERNAL_HISTORICAL_MARKET_BENCHMARK,NOT_AVAILABLE,NOT_GOLDBET,3d9883323c073fd0e66dc620f65530edf93386b08f096c128d258c53826cf7e8
b0448a6267e73fff53dd6dcf,Eliteserien,2024,DEVELOPMENT,2024-07-13,16:00,MATCH_KICKOFF_TIME_TIMEZONE_NOT_STATED_BY_SOURCE,,NOT_VERIFIED_DO_NOT_INFER,Fredrikstad,Molde,0,0,D,EVALUATION_ONLY_JOIN_AFTER_PREMATCH_FEATURE_FREEZE,3,3.32,2.32,EXTERNAL_HISTORICAL_MARKET_BENCHMARK,NOT_AVAILABLE,NOT_GOLDBET,fcce463d11518dc2d2d9f9196a81d15c8bbcacf00299f10296c297c6a34fbe68
bdf21472d087bf8f86852508,Eliteserien,2024,DEVELOPMENT,2024-07-13,16:00,MATCH_KICKOFF_TIME_TIMEZONE_NOT_STATED_BY_SOURCE,,NOT_VERIFIED_DO_NOT_INFER,Lillestrom,Stromsgodset,3,1,H,EVALUATION_ONLY_JOIN_AFTER_PREMATCH_FEATURE_FREEZE,2.01,3.81,3.31,EXTERNAL_HISTORICAL_MARKET_BENCHMARK,NOT_AVAILABLE,NOT_GOLDBET,d70ea05e056a72d909c491ed3b75a885e9c157284862783307f02d812362c1e1
0994b87bbbb1b72430686b11,Eliteserien,2024,DEVELOPMENT,2024-07-13,16:00,MATCH_KICKOFF_TIME_TIMEZONE_NOT_STATED_BY_SOURCE,,NOT_VERIFIED_DO_NOT_INFER,Odd,HamKam,1,2,A,EVALUATION_ONLY_JOIN_AFTER_PREMATCH_FEATURE_FREEZE,2.59,3.54,2.54,EXTERNAL_HISTORICAL_MARKET_BENCHMARK,NOT_AVAILABLE,NOT_GOLDBET,9cc10919953ad62fc0ef224f6dab5a9f313c56a6fcdffbb217cdc98786ff76c7
15bd248eed7d9a3b3f5a42ab,Eliteserien,2024,DEVELOPMENT,2024-07-13,16:00,MATCH_KICKOFF_TIME_TIMEZONE_NOT_STATED_BY_SOURCE,,NOT_VERIFIED_DO_NOT_INFER,Sandefjord,Bodo/Glimt,2,1,H,EVALUATION_ONLY_JOIN_AFTER_PREMATCH_FEATURE_FREEZE,4.93,4.61,1.56,EXTERNAL_HISTORICAL_MARKET_BENCHMARK,NOT_AVAILABLE,NOT_GOLDBET,2262ba3007b6aa9b48e605dcbbd9479ccdd54f9788c88c9734ca3b4b19b4250e
d63001be3833273b2c2e680a,Eliteserien,2024,DEVELOPMENT,2024-07-13,16:00,MATCH_KICKOFF_TIME_TIMEZONE_NOT_STATED_BY_SOURCE,,NOT_VERIFIED_DO_NOT_INFER,Viking,Kristiansund,2,0,H,EVALUATION_ONLY_JOIN_AFTER_PREMATCH_FEATURE_FREEZE,1.38,5.45,6.47,EXTERNAL_HISTORICAL_MARKET_BENCHMARK,NOT_AVAILABLE,NOT_GOLDBET,e9f4b92a19d1dd816fbe082914fbaa83bacd75e0e92f999071919031e311c204
0c053b471e8cf1de15b19568,Eliteserien,2024,DEVELOPMENT,2024-07-13,18:15,MATCH_KICKOFF_TIME_TIMEZONE_NOT_STATED_BY_SOURCE,,NOT_VERIFIED_DO_NOT_INFER,Brann,Haugesund,1,1,D,EVALUATION_ONLY_JOIN_AFTER_PREMATCH_FEATURE_FREEZE,1.3,5.73,8.63,EXTERNAL_HISTORICAL_MARKET_BENCHMARK,NOT_AVAILABLE,NOT_GOLDBET,5acbb7508376fc6253fbd861c944aff52b820e733a3d817c10c5bc7d7e700847
f5025eef0c9a2b1f8145b82e,Eliteserien,2024,DEVELOPMENT,2024-07-13,21:00,MATCH_KICKOFF_TIME_TIMEZONE_NOT_STATED_BY_SOURCE,,NOT_VERIFIED_DO_NOT_INFER,Tromso,KFUM Oslo,1,2,A,EVALUATION_ONLY_JOIN_AFTER_PREMATCH_FEATURE_FREEZE,2,3.46,3.65,EXTERNAL_HISTORICAL_MARKET_BENCHMARK,NOT_AVAILABLE,NOT_GOLDBET,0ccb61054465b6258340ec2d21b63e7a99d1c3ea6875740aa790a51ed6675309
aa9e1d6113c078c1b13bcc8d,Eliteserien,2024,DEVELOPMENT,2024-07-19,18:00,MATCH_KICKOFF_TIME_TIMEZONE_NOT_STATED_BY_SOURCE,,NOT_VERIFIED_DO_NOT_INFER,Bodo/Glimt,Odd,3,1,H,EVALUATION_ONLY_JOIN_AFTER_PREMATCH_FEATURE_FREEZE,1.17,7.8,13.22,EXTERNAL_HISTORICAL_MARKET_BENCHMARK,NOT_AVAILABLE,NOT_GOLDBET,b97d4b8757df869ba6d468d4fd84934a5ef2f8c010902eff43fecfbbad2b89e8
5d55b0eca246b7d56178206c,Eliteserien,2024,DEVELOPMENT,2024-07-20,17:00,MATCH_KICKOFF_TIME_TIMEZONE_NOT_STATED_BY_SOURCE,,NOT_VERIFIED_DO_NOT_INFER,Sarpsborg 08,Brann,1,1,D,EVALUATION_ONLY_JOIN_AFTER_PREMATCH_FEATURE_FREEZE,3.61,4.31,1.8,EXTERNAL_HISTORICAL_MARKET_BENCHMARK,NOT_AVAILABLE,NOT_GOLDBET,1b2f66d34257c56858918c8c3f289b09531c57459ee90ddc9266b4396908fa44
2706b4b59e514713378303e0,Eliteserien,2024,DEVELOPMENT,2024-07-20,19:15,MATCH_KICKOFF_TIME_TIMEZONE_NOT_STATED_BY_SOURCE,,NOT_VERIFIED_DO_NOT_INFER,Molde,KFUM Oslo,2,3,A,EVALUATION_ONLY_JOIN_AFTER_PREMATCH_FEATURE_FREEZE,1.53,4.35,5.55,EXTERNAL_HISTORICAL_MARKET_BENCHMARK,NOT_AVAILABLE,NOT_GOLDBET,dbdf301e0a7608280b5a46e42ce7ea55a64a489fe6c4c97a17cd7bd3f8cdc418
8a0355109840501657de8925,Eliteserien,2024,DEVELOPMENT,2024-07-21,13:30,MATCH_KICKOFF_TIME_TIMEZONE_NOT_STATED_BY_SOURCE,,NOT_VERIFIED_DO_NOT_INFER,Stromsgodset,Tromso,0,1,A,EVALUATION_ONLY_JOIN_AFTER_PREMATCH_FEATURE_FREEZE,2.31,3.56,2.9,EXTERNAL_HISTORICAL_MARKET_BENCHMARK,NOT_AVAILABLE,NOT_GOLDBET,95b68e0b05430b2ac03cfa566b6e73f8f29b5bd6202b0b93c56488c0dbc28c83
990a47a54eb33b5baf8bf7c5,Eliteserien,2024,DEVELOPMENT,2024-07-21,16:00,MATCH_KICKOFF_TIME_TIMEZONE_NOT_STATED_BY_SOURCE,,NOT_VERIFIED_DO_NOT_INFER,HamKam,Fredrikstad,0,1,A,EVALUATION_ONLY_JOIN_AFTER_PREMATCH_FEATURE_FREEZE,2.61,3.21,2.73,EXTERNAL_HISTORICAL_MARKET_BENCHMARK,NOT_AVAILABLE,NOT_GOLDBET,664943cd27273b56a49866ef854c8da27d9a8fc28ce8caffc337d41d6e62204f
8a8ebdfa683f14e336dbcdaf,Eliteserien,2024,DEVELOPMENT,2024-07-21,16:00,MATCH_KICKOFF_TIME_TIMEZONE_NOT_STATED_BY_SOURCE,,NOT_VERIFIED_DO_NOT_INFER,Haugesund,Viking,1,0,H,EVALUATION_ONLY_JOIN_AFTER_PREMATCH_FEATURE_FREEZE,3.44,3.66,2.01,EXTERNAL_HISTORICAL_MARKET_BENCHMARK,NOT_AVAILABLE,NOT_GOLDBET,9722e8a435f28729e84f45508bd2d033766d7fc466ea7f4de1b44cc3b68c85f9
8de0487bddd24bde26a330ea,Eliteserien,2024,DEVELOPMENT,2024-07-27,15:00,MATCH_KICKOFF_TIME_TIMEZONE_NOT_STATED_BY_SOURCE,,NOT_VERIFIED_DO_NOT_INFER,KFUM Oslo,Bodo/Glimt,1,1,D,EVALUATION_ONLY_JOIN_AFTER_PREMATCH_FEATURE_FREEZE,4.39,4.08,1.7,EXTERNAL_HISTORICAL_MARKET_BENCHMARK,NOT_AVAILABLE,NOT_GOLDBET,01b6c4c2adb72a1d522d1704c6e0eb5c58188b83501dca7abeba572d9916df56
0d0684d6d01dd6d89b8104a6,Eliteserien,2024,DEVELOPMENT,2024-07-27,17:00,MATCH_KICKOFF_TIME_TIMEZONE_NOT_STATED_BY_SOURCE,,NOT_VERIFIED_DO_NOT_INFER,Fredrikstad,Rosenborg,2,2,D,EVALUATION_ONLY_JOIN_AFTER_PREMATCH_FEATURE_FREEZE,1.92,3.53,3.88,EXTERNAL_HISTORICAL_MARKET_BENCHMARK,NOT_AVAILABLE,NOT_GOLDBET,ffcde132f22a1991b344ba378f841cfb3b2beae559f9e9a008497211183b6dc3
811f42b1d630034c3b122462,Eliteserien,2024,DEVELOPMENT,2024-07-28,16:00,MATCH_KICKOFF_TIME_TIMEZONE_NOT_STATED_BY_SOURCE,,NOT_VERIFIED_DO_NOT_INFER,Lillestrom,Sarpsborg 08,2,2,D,EVALUATION_ONLY_JOIN_AFTER_PREMATCH_FEATURE_FREEZE,1.8,4.07,3.84,EXTERNAL_HISTORICAL_MARKET_BENCHMARK,NOT_AVAILABLE,NOT_GOLDBET,13c93848d67600e24551331c606b940edeab57771c6463324aebc45b7646e8aa
6cf4d649aa0e963dd75f824a,Eliteserien,2024,DEVELOPMENT,2024-07-28,16:00,MATCH_KICKOFF_TIME_TIMEZONE_NOT_STATED_BY_SOURCE,,NOT_VERIFIED_DO_NOT_INFER,Odd,Stromsgodset,2,0,H,EVALUATION_ONLY_JOIN_AFTER_PREMATCH_FEATURE_FREEZE,2.84,3.66,2.28,EXTERNAL_HISTORICAL_MARKET_BENCHMARK,NOT_AVAILABLE,NOT_GOLDBET,4ca2d4241e90e36abc22eab2fac64076b6d5b53147b5f8baeece74b2d148e78f
c5183e08694dad1978d165dc,Eliteserien,2024,DEVELOPMENT,2024-07-28,16:00,MATCH_KICKOFF_TIME_TIMEZONE_NOT_STATED_BY_SOURCE,,NOT_VERIFIED_DO_NOT_INFER,Sandefjord,Haugesund,4,3,H,EVALUATION_ONLY_JOIN_AFTER_PREMATCH_FEATURE_FREEZE,2.03,3.66,3.37,EXTERNAL_HISTORICAL_MARKET_BENCHMARK,NOT_AVAILABLE,NOT_GOLDBET,e26a7619933e1382ec2969f923ed2ab53ed4dc27de4b14680a13a2cf67c18d5b
16178f3bb0741922b16d12d0,Eliteserien,2024,DEVELOPMENT,2024-07-28,16:00,MATCH_KICKOFF_TIME_TIMEZONE_NOT_STATED_BY_SOURCE,,NOT_VERIFIED_DO_NOT_INFER,Tromso,Kristiansund,0,0,D,EVALUATION_ONLY_JOIN_AFTER_PREMATCH_FEATURE_FREEZE,1.53,4.32,5.64,EXTERNAL_HISTORICAL_MARKET_BENCHMARK,NOT_AVAILABLE,NOT_GOLDBET,22a84fb698abd317d9629e3941a8740ea66a0ce4465d464f15d42ec8b9eb886f
7aa0be175d80d5972d4c3aa1,Eliteserien,2024,DEVELOPMENT,2024-07-28,18:15,MATCH_KICKOFF_TIME_TIMEZONE_NOT_STATED_BY_SOURCE,,NOT_VERIFIED_DO_NOT_INFER,Viking,Molde,1,0,H,EVALUATION_ONLY_JOIN_AFTER_PREMATCH_FEATURE_FREEZE,2.58,3.68,2.5,EXTERNAL_HISTORICAL_MARKET_BENCHMARK,NOT_AVAILABLE,NOT_GOLDBET,6e2af15331bdce389bc7356ec952db7c23ddcf034395c3fc45833e829ec66e72
a8293c4a192b25355ea705ad,Eliteserien,2024,DEVELOPMENT,2024-08-03,17:00,MATCH_KICKOFF_TIME_TIMEZONE_NOT_STATED_BY_SOURCE,,NOT_VERIFIED_DO_NOT_INFER,Bodo/Glimt,Haugesund,4,2,H,EVALUATION_ONLY_JOIN_AFTER_PREMATCH_FEATURE_FREEZE,1.21,7.13,10.73,EXTERNAL_HISTORICAL_MARKET_BENCHMARK,NOT_AVAILABLE,NOT_GOLDBET,b2d9683bf4430e09292032636076ea0cbc89de663981199972bec943e25959d7
20d227f4328b02994247b39b,Eliteserien,2024,DEVELOPMENT,2024-08-04,16:00,MATCH_KICKOFF_TIME_TIMEZONE_NOT_STATED_BY_SOURCE,,NOT_VERIFIED_DO_NOT_INFER,Fredrikstad,KFUM Oslo,0,0,D,EVALUATION_ONLY_JOIN_AFTER_PREMATCH_FEATURE_FREEZE,2.29,3.27,3.11,EXTERNAL_HISTORICAL_MARKET_BENCHMARK,NOT_AVAILABLE,NOT_GOLDBET,e4f6909051abac3f5b51e9f1acdd8dcfd441eab6f11cbe60e49373569dc9221e
1a067f92a25a013b098bddb7,Eliteserien,2024,DEVELOPMENT,2024-08-04,16:00,MATCH_KICKOFF_TIME_TIMEZONE_NOT_STATED_BY_SOURCE,,NOT_VERIFIED_DO_NOT_INFER,HamKam,Viking,3,3,D,EVALUATION_ONLY_JOIN_AFTER_PREMATCH_FEATURE_FREEZE,2.79,3.6,2.34,EXTERNAL_HISTORICAL_MARKET_BENCHMARK,NOT_AVAILABLE,NOT_GOLDBET,88d38e69509110d1bd43e6022512ffede34423837b6e51042cc34dfc55f2feb9
5a6a9b1bc6b2b27de4de6158,Eliteserien,2024,DEVELOPMENT,2024-08-04,16:00,MATCH_KICKOFF_TIME_TIMEZONE_NOT_STATED_BY_SOURCE,,NOT_VERIFIED_DO_NOT_INFER,Kristiansund,Lillestrom,2,1,H,EVALUATION_ONLY_JOIN_AFTER_PREMATCH_FEATURE_FREEZE,3.82,4.14,1.78,EXTERNAL_HISTORICAL_MARKET_BENCHMARK,NOT_AVAILABLE,NOT_GOLDBET,ad9b7ed0fb6e1dbb3ee60d3ae2f97f9b735bfbc98d7f7a39f1a8b61f5baedef3
e7971ea55cd17e4eac00ce33,Eliteserien,2024,DEVELOPMENT,2024-08-04,16:00,MATCH_KICKOFF_TIME_TIMEZONE_NOT_STATED_BY_SOURCE,,NOT_VERIFIED_DO_NOT_INFER,Sarpsborg 08,Sandefjord,2,1,H,EVALUATION_ONLY_JOIN_AFTER_PREMATCH_FEATURE_FREEZE,1.88,4.17,3.45,EXTERNAL_HISTORICAL_MARKET_BENCHMARK,NOT_AVAILABLE,NOT_GOLDBET,07412aa7693c350653efa4c4519b28b4b128ce053dda42eb0e1362f516ad4714
b9802baca686a91ba388ab10,Eliteserien,2024,DEVELOPMENT,2024-08-04,16:00,MATCH_KICKOFF_TIME_TIMEZONE_NOT_STATED_BY_SOURCE,,NOT_VERIFIED_DO_NOT_INFER,Stromsgodset,Brann,2,3,A,EVALUATION_ONLY_JOIN_AFTER_PREMATCH_FEATURE_FREEZE,2.44,3.9,2.53,EXTERNAL_HISTORICAL_MARKET_BENCHMARK,NOT_AVAILABLE,NOT_GOLDBET,55155ee7d18afa43898e92fdf53e38067caafe55eddd2e67ee4e7a8277af4c7c
118651469869f4347428a780,Eliteserien,2024,DEVELOPMENT,2024-08-04,18:15,MATCH_KICKOFF_TIME_TIMEZONE_NOT_STATED_BY_SOURCE,,NOT_VERIFIED_DO_NOT_INFER,Rosenborg,Tromso,1,0,H,EVALUATION_ONLY_JOIN_AFTER_PREMATCH_FEATURE_FREEZE,2,3.57,3.51,EXTERNAL_HISTORICAL_MARKET_BENCHMARK,NOT_AVAILABLE,NOT_GOLDBET,62177db1566aa61441f9190a233ed868e131fe157fa89f216edfacdd13a4f2ba
c637444aa6084d851ac6ee99,Eliteserien,2024,DEVELOPMENT,2024-08-09,18:00,MATCH_KICKOFF_TIME_TIMEZONE_NOT_STATED_BY_SOURCE,,NOT_VERIFIED_DO_NOT_INFER,Sandefjord,Stromsgodset,2,2,D,EVALUATION_ONLY_JOIN_AFTER_PREMATCH_FEATURE_FREEZE,2.19,3.83,2.9,EXTERNAL_HISTORICAL_MARKET_BENCHMARK,NOT_AVAILABLE,NOT_GOLDBET,62fbeeda91f969c961e24319cf851eac004818a057906e5b7bb57b594f7f8182
b5ff6f9f3a0137d77fde9506,Eliteserien,2024,DEVELOPMENT,2024-08-10,15:00,MATCH_KICKOFF_TIME_TIMEZONE_NOT_STATED_BY_SOURCE,,NOT_VERIFIED_DO_NOT_INFER,Haugesund,HamKam,0,1,A,EVALUATION_ONLY_JOIN_AFTER_PREMATCH_FEATURE_FREEZE,2.39,3.52,2.76,EXTERNAL_HISTORICAL_MARKET_BENCHMARK,NOT_AVAILABLE,NOT_GOLDBET,7e8424d6de68ee22104c32f974f9c3cdbca9c3a48456c432bdf8880f8772f840
969559e44cd8cdf521dd070a,Eliteserien,2024,DEVELOPMENT,2024-08-10,17:00,MATCH_KICKOFF_TIME_TIMEZONE_NOT_STATED_BY_SOURCE,,NOT_VERIFIED_DO_NOT_INFER,Viking,Bodo/Glimt,1,1,D,EVALUATION_ONLY_JOIN_AFTER_PREMATCH_FEATURE_FREEZE,2.67,3.79,2.35,EXTERNAL_HISTORICAL_MARKET_BENCHMARK,NOT_AVAILABLE,NOT_GOLDBET,1e33f70be28840c42dc067504e991299b57129ac28e11cc97130f697cb9241c0
0c6616ec693fb350e2b96fb1,Eliteserien,2024,DEVELOPMENT,2024-08-11,16:00,MATCH_KICKOFF_TIME_TIMEZONE_NOT_STATED_BY_SOURCE,,NOT_VERIFIED_DO_NOT_INFER,KFUM Oslo,Rosenborg,1,0,H,EVALUATION_ONLY_JOIN_AFTER_PREMATCH_FEATURE_FREEZE,2.3,3.52,2.89,EXTERNAL_HISTORICAL_MARKET_BENCHMARK,NOT_AVAILABLE,NOT_GOLDBET,6e28f8d86a5babbd203fc2809a7050456acfd8ee4cc23c1e8522c12c63c1ed9b
92372ef8dea6c2ca895d1f74,Eliteserien,2024,DEVELOPMENT,2024-08-11,16:00,MATCH_KICKOFF_TIME_TIMEZONE_NOT_STATED_BY_SOURCE,,NOT_VERIFIED_DO_NOT_INFER,Odd,Sarpsborg 08,1,1,D,EVALUATION_ONLY_JOIN_AFTER_PREMATCH_FEATURE_FREEZE,2.68,3.68,2.38,EXTERNAL_HISTORICAL_MARKET_BENCHMARK,NOT_AVAILABLE,NOT_GOLDBET,8cdf69c67042079842479f6258260891e55e784dc0afdae6ef9af5ee822de148
190ebb08a9a2ab653ba74a85,Eliteserien,2024,DEVELOPMENT,2024-08-11,18:15,MATCH_KICKOFF_TIME_TIMEZONE_NOT_STATED_BY_SOURCE,,NOT_VERIFIED_DO_NOT_INFER,Lillestrom,Molde,1,2,A,EVALUATION_ONLY_JOIN_AFTER_PREMATCH_FEATURE_FREEZE,2.49,3.53,2.65,EXTERNAL_HISTORICAL_MARKET_BENCHMARK,NOT_AVAILABLE,NOT_GOLDBET,f98d0c24c88c29d7f77dee0156be681f73d59cc7321c612240865c1927e07f0b
c20c6b49891aad5518b91f5e,Eliteserien,2024,DEVELOPMENT,2024-08-14,18:00,MATCH_KICKOFF_TIME_TIMEZONE_NOT_STATED_BY_SOURCE,,NOT_VERIFIED_DO_NOT_INFER,Fredrikstad,Haugesund,1,0,H,EVALUATION_ONLY_JOIN_AFTER_PREMATCH_FEATURE_FREEZE,1.57,4.09,5.45,EXTERNAL_HISTORICAL_MARKET_BENCHMARK,NOT_AVAILABLE,NOT_GOLDBET,0433a9d2b8cb3e00c0d5af0a0e804f8b2108495fd4d8fe1da210d345f4577810
89c5dc227fa39f76fa98a45a,Eliteserien,2024,DEVELOPMENT,2024-08-17,17:00,MATCH_KICKOFF_TIME_TIMEZONE_NOT_STATED_BY_SOURCE,,NOT_VERIFIED_DO_NOT_INFER,Stromsgodset,Lillestrom,3,2,H,EVALUATION_ONLY_JOIN_AFTER_PREMATCH_FEATURE_FREEZE,2.31,3.74,2.77,EXTERNAL_HISTORICAL_MARKET_BENCHMARK,NOT_AVAILABLE,NOT_GOLDBET,894f8431edfb3d957945e03592e0992976fde615703df0bd3632634b112acc08
0bef4e880153b5dbdc586ce7,Eliteserien,2024,DEVELOPMENT,2024-08-18,13:30,MATCH_KICKOFF_TIME_TIMEZONE_NOT_STATED_BY_SOURCE,,NOT_VERIFIED_DO_NOT_INFER,Fredrikstad,Brann,0,4,A,EVALUATION_ONLY_JOIN_AFTER_PREMATCH_FEATURE_FREEZE,2.95,3.36,2.36,EXTERNAL_HISTORICAL_MARKET_BENCHMARK,NOT_AVAILABLE,NOT_GOLDBET,bc90998cd68762b3f93d7d687b65f09b482b47a0af617ae202023a0d980fa409
ffcaab73b8709ae17a65776a,Eliteserien,2024,DEVELOPMENT,2024-08-18,16:00,MATCH_KICKOFF_TIME_TIMEZONE_NOT_STATED_BY_SOURCE,,NOT_VERIFIED_DO_NOT_INFER,HamKam,Odd,1,0,H,EVALUATION_ONLY_JOIN_AFTER_PREMATCH_FEATURE_FREEZE,1.75,3.83,4.34,EXTERNAL_HISTORICAL_MARKET_BENCHMARK,NOT_AVAILABLE,NOT_GOLDBET,83f567579259095c45ad9f0038b7907483febcb23ff69355c8270f23af950233
39377a923c430b65821ef35c,Eliteserien,2024,DEVELOPMENT,2024-08-18,16:00,MATCH_KICKOFF_TIME_TIMEZONE_NOT_STATED_BY_SOURCE,,NOT_VERIFIED_DO_NOT_INFER,KFUM Oslo,Tromso,0,1,A,EVALUATION_ONLY_JOIN_AFTER_PREMATCH_FEATURE_FREEZE,2.22,3.13,3.44,EXTERNAL_HISTORICAL_MARKET_BENCHMARK,NOT_AVAILABLE,NOT_GOLDBET,867b154ba6ca0243571104d34a84d8a245de8eee2ce604d61890072ccc4dd2c3
68267c2ec58af16beac04cab,Eliteserien,2024,DEVELOPMENT,2024-08-18,16:00,MATCH_KICKOFF_TIME_TIMEZONE_NOT_STATED_BY_SOURCE,,NOT_VERIFIED_DO_NOT_INFER,Sarpsborg 08,Haugesund,2,2,D,EVALUATION_ONLY_JOIN_AFTER_PREMATCH_FEATURE_FREEZE,1.7,4.17,4.28,EXTERNAL_HISTORICAL_MARKET_BENCHMARK,NOT_AVAILABLE,NOT_GOLDBET,44217713dee1d3e5d1f0c28476f48e46a5750b0fa1abf3dbd94b6978590b1dc6
944a97dc1e3011a501a31c9c,Eliteserien,2024,DEVELOPMENT,2024-08-18,18:15,MATCH_KICKOFF_TIME_TIMEZONE_NOT_STATED_BY_SOURCE,,NOT_VERIFIED_DO_NOT_INFER,Rosenborg,Viking,2,1,H,EVALUATION_ONLY_JOIN_AFTER_PREMATCH_FEATURE_FREEZE,2.39,3.57,2.76,EXTERNAL_HISTORICAL_MARKET_BENCHMARK,NOT_AVAILABLE,NOT_GOLDBET,1b9c98ce81bbc89f302fdb9ad846cd00add2ea03b2d665bedc8832da42e0bfdd
de78a18a9a9e19dca9236f3f,Eliteserien,2024,DEVELOPMENT,2024-08-21,18:00,MATCH_KICKOFF_TIME_TIMEZONE_NOT_STATED_BY_SOURCE,,NOT_VERIFIED_DO_NOT_INFER,Rosenborg,Lillestrom,4,0,H,EVALUATION_ONLY_JOIN_AFTER_PREMATCH_FEATURE_FREEZE,1.96,3.75,3.49,EXTERNAL_HISTORICAL_MARKET_BENCHMARK,NOT_AVAILABLE,NOT_GOLDBET,a4ae2a3bc287afadb3a4869b953f5e9e578f5d75af334af470e744f8f10e68ec
da561b1566260b6c8db1a660,Eliteserien,2024,DEVELOPMENT,2024-08-24,15:00,MATCH_KICKOFF_TIME_TIMEZONE_NOT_STATED_BY_SOURCE,,NOT_VERIFIED_DO_NOT_INFER,Bodo/Glimt,Sarpsborg 08,6,0,H,EVALUATION_ONLY_JOIN_AFTER_PREMATCH_FEATURE_FREEZE,1.28,6.02,8.84,EXTERNAL_HISTORICAL_MARKET_BENCHMARK,NOT_AVAILABLE,NOT_GOLDBET,d48195d9b0368bb602a39a6249699247cdb818f2c6566597883c53ccae548e03
b37ccbaf2f630ade99d377e8,Eliteserien,2024,DEVELOPMENT,2024-08-25,13:30,MATCH_KICKOFF_TIME_TIMEZONE_NOT_STATED_BY_SOURCE,,NOT_VERIFIED_DO_NOT_INFER,Lillestrom,Tromso,0,1,A,EVALUATION_ONLY_JOIN_AFTER_PREMATCH_FEATURE_FREEZE,2.22,3.26,3.28,EXTERNAL_HISTORICAL_MARKET_BENCHMARK,NOT_AVAILABLE,NOT_GOLDBET,791b83faae9b6dba4a7d9f9ba4e98f1000b2a2a031617f58d2a4d3e9f64a76bf
810c7ad1d0f70a40f6145ce4,Eliteserien,2024,DEVELOPMENT,2024-08-25,16:00,MATCH_KICKOFF_TIME_TIMEZONE_NOT_STATED_BY_SOURCE,,NOT_VERIFIED_DO_NOT_INFER,Haugesund,Fredrikstad,1,0,H,EVALUATION_ONLY_JOIN_AFTER_PREMATCH_FEATURE_FREEZE,2.87,3.21,2.48,EXTERNAL_HISTORICAL_MARKET_BENCHMARK,NOT_AVAILABLE,NOT_GOLDBET,f501f390690f3ad5046d2cbb094c1cf3e2972f9de79f498c708d3573c62dafa7
a6f8fb0546e8326fa345b41c,Eliteserien,2024,DEVELOPMENT,2024-08-25,16:00,MATCH_KICKOFF_TIME_TIMEZONE_NOT_STATED_BY_SOURCE,,NOT_VERIFIED_DO_NOT_INFER,Molde,HamKam,3,0,H,EVALUATION_ONLY_JOIN_AFTER_PREMATCH_FEATURE_FREEZE,1.4,4.94,6.75,EXTERNAL_HISTORICAL_MARKET_BENCHMARK,NOT_AVAILABLE,NOT_GOLDBET,e1e5acf7bd151944b7761cb54b90d38d34dd6b054ed19934ba8f994f585e9141
c1511db0b118d013b43c06fe,Eliteserien,2024,DEVELOPMENT,2024-08-25,16:00,MATCH_KICKOFF_TIME_TIMEZONE_NOT_STATED_BY_SOURCE,,NOT_VERIFIED_DO_NOT_INFER,Sandefjord,Kristiansund,1,0,H,EVALUATION_ONLY_JOIN_AFTER_PREMATCH_FEATURE_FREEZE,1.66,4.23,4.47,EXTERNAL_HISTORICAL_MARKET_BENCHMARK,NOT_AVAILABLE,NOT_GOLDBET,defd88ab1d25f417cbb0f8b817c6849d93961c409a78f1f47af2d168171c7b10
48994f65981468b88e717ec5,Eliteserien,2024,DEVELOPMENT,2024-08-25,16:00,MATCH_KICKOFF_TIME_TIMEZONE_NOT_STATED_BY_SOURCE,,NOT_VERIFIED_DO_NOT_INFER,Viking,Stromsgodset,5,2,H,EVALUATION_ONLY_JOIN_AFTER_PREMATCH_FEATURE_FREEZE,1.65,4.4,4.37,EXTERNAL_HISTORICAL_MARKET_BENCHMARK,NOT_AVAILABLE,NOT_GOLDBET,9da092cf4bd35e0ac08b91bb5d0c59a2c55e65cb60253ff1cff018d489ac222c
c80ce6498cebf41d51b6bc15,Eliteserien,2024,DEVELOPMENT,2024-08-25,18:15,MATCH_KICKOFF_TIME_TIMEZONE_NOT_STATED_BY_SOURCE,,NOT_VERIFIED_DO_NOT_INFER,Odd,Rosenborg,1,3,A,EVALUATION_ONLY_JOIN_AFTER_PREMATCH_FEATURE_FREEZE,3.93,3.87,1.81,EXTERNAL_HISTORICAL_MARKET_BENCHMARK,NOT_AVAILABLE,NOT_GOLDBET,5f0c547e45630d5128efdece341f0db683228b1952389b67e6f2bb608e9d96a6
5b30bd9d5defae04600a2951,Eliteserien,2024,DEVELOPMENT,2024-08-30,18:00,MATCH_KICKOFF_TIME_TIMEZONE_NOT_STATED_BY_SOURCE,,NOT_VERIFIED_DO_NOT_INFER,KFUM Oslo,Lillestrom,2,0,H,EVALUATION_ONLY_JOIN_AFTER_PREMATCH_FEATURE_FREEZE,2.23,3.49,3.06,EXTERNAL_HISTORICAL_MARKET_BENCHMARK,NOT_AVAILABLE,NOT_GOLDBET,fdbd44aa8e936bd08363007baa5ca0060b0be1cdb7875f48f4a35c13062416dd
ad50bc3b1b9ac473d41e4f81,Eliteserien,2024,DEVELOPMENT,2024-08-31,17:00,MATCH_KICKOFF_TIME_TIMEZONE_NOT_STATED_BY_SOURCE,,NOT_VERIFIED_DO_NOT_INFER,Fredrikstad,Odd,2,0,H,EVALUATION_ONLY_JOIN_AFTER_PREMATCH_FEATURE_FREEZE,1.56,4.08,5.67,EXTERNAL_HISTORICAL_MARKET_BENCHMARK,NOT_AVAILABLE,NOT_GOLDBET,a3d8be7d09408fa46c48de5a22da6a898b1b8e4f4d14805dddb5171cecdb16a4
2a10254b30c8bdbb3265f4ec,Eliteserien,2024,DEVELOPMENT,2024-09-01,16:00,MATCH_KICKOFF_TIME_TIMEZONE_NOT_STATED_BY_SOURCE,,NOT_VERIFIED_DO_NOT_INFER,HamKam,Sandefjord,1,1,D,EVALUATION_ONLY_JOIN_AFTER_PREMATCH_FEATURE_FREEZE,2.16,3.67,3.03,EXTERNAL_HISTORICAL_MARKET_BENCHMARK,NOT_AVAILABLE,NOT_GOLDBET,cd4b32ddf5e7c6d6b57c94dfa6fab8c990e8804931deab09b9ea1263f95cc604
333d0038bad7b4a98bcbaadc,Eliteserien,2024,DEVELOPMENT,2024-09-01,16:00,MATCH_KICKOFF_TIME_TIMEZONE_NOT_STATED_BY_SOURCE,,NOT_VERIFIED_DO_NOT_INFER,Kristiansund,Haugesund,2,2,D,EVALUATION_ONLY_JOIN_AFTER_PREMATCH_FEATURE_FREEZE,2.3,3.53,2.89,EXTERNAL_HISTORICAL_MARKET_BENCHMARK,NOT_AVAILABLE,NOT_GOLDBET,0d684cac9bd269d9ba035189b327f56e1654cd46e93fd70356857eddfa122dc8
6f3177fd8a0896ed5460a4e9,Eliteserien,2024,DEVELOPMENT,2024-09-01,16:00,MATCH_KICKOFF_TIME_TIMEZONE_NOT_STATED_BY_SOURCE,,NOT_VERIFIED_DO_NOT_INFER,Rosenborg,Molde,2,1,H,EVALUATION_ONLY_JOIN_AFTER_PREMATCH_FEATURE_FREEZE,2.28,3.42,3,EXTERNAL_HISTORICAL_MARKET_BENCHMARK,NOT_AVAILABLE,NOT_GOLDBET,936193df3970ac970d14382ceb0bfe9e098580200d29d7b9e1b96f7d3dc92c70
9a5f05f78460b130b4b5db7a,Eliteserien,2024,DEVELOPMENT,2024-09-01,16:00,MATCH_KICKOFF_TIME_TIMEZONE_NOT_STATED_BY_SOURCE,,NOT_VERIFIED_DO_NOT_INFER,Stromsgodset,Bodo/Glimt,0,1,A,EVALUATION_ONLY_JOIN_AFTER_PREMATCH_FEATURE_FREEZE,4.13,4.3,1.69,EXTERNAL_HISTORICAL_MARKET_BENCHMARK,NOT_AVAILABLE,NOT_GOLDBET,44d68bc3ad2e7934426104fec8704dd7cff375da3f832433f3a36a032caba518
61a4fd356ce08780eaef4bc1,Eliteserien,2024,DEVELOPMENT,2024-09-01,16:00,MATCH_KICKOFF_TIME_TIMEZONE_NOT_STATED_BY_SOURCE,,NOT_VERIFIED_DO_NOT_INFER,Tromso,Viking,2,2,D,EVALUATION_ONLY_JOIN_AFTER_PREMATCH_FEATURE_FREEZE,2.67,3.46,2.49,EXTERNAL_HISTORICAL_MARKET_BENCHMARK,NOT_AVAILABLE,NOT_GOLDBET,8dfeff9e6a2324bd9687f850d70c9512d4b273e4eaff301e3958b4c42b9ed443
5df21c73916562af8cc1ab80,Eliteserien,2024,DEVELOPMENT,2024-09-01,18:15,MATCH_KICKOFF_TIME_TIMEZONE_NOT_STATED_BY_SOURCE,,NOT_VERIFIED_DO_NOT_INFER,Brann,Sarpsborg 08,1,3,A,EVALUATION_ONLY_JOIN_AFTER_PREMATCH_FEATURE_FREEZE,1.41,5.22,6.02,EXTERNAL_HISTORICAL_MARKET_BENCHMARK,NOT_AVAILABLE,NOT_GOLDBET,2f104761152a0acf20819b7ca1cdc2bdf01a2ce70c156dcf316f9f9817fc010f
2de13a188f5770dcff4b652d,Eliteserien,2024,DEVELOPMENT,2024-09-13,18:00,MATCH_KICKOFF_TIME_TIMEZONE_NOT_STATED_BY_SOURCE,,NOT_VERIFIED_DO_NOT_INFER,Bodo/Glimt,HamKam,3,0,H,EVALUATION_ONLY_JOIN_AFTER_PREMATCH_FEATURE_FREEZE,1.25,6.28,10,EXTERNAL_HISTORICAL_MARKET_BENCHMARK,NOT_AVAILABLE,NOT_GOLDBET,3e9968cc3cd21f406745d5d6ac295816cf7db2899b26d99ed4f3469698143f3e
7b68be25b4b97c989af2e30a,Eliteserien,2024,DEVELOPMENT,2024-09-14,15:00,MATCH_KICKOFF_TIME_TIMEZONE_NOT_STATED_BY_SOURCE,,NOT_VERIFIED_DO_NOT_INFER,Viking,KFUM Oslo,1,0,H,EVALUATION_ONLY_JOIN_AFTER_PREMATCH_FEATURE_FREEZE,1.69,4.05,4.44,EXTERNAL_HISTORICAL_MARKET_BENCHMARK,NOT_AVAILABLE,NOT_GOLDBET,131791c523ed6bd5fb12d7a98245d300fd6da19b6939691ce75d87d30d47fbca
0cb6b22867f0ea5c6b909728,Eliteserien,2024,DEVELOPMENT,2024-09-14,17:00,MATCH_KICKOFF_TIME_TIMEZONE_NOT_STATED_BY_SOURCE,,NOT_VERIFIED_DO_NOT_INFER,Molde,Fredrikstad,6,1,H,EVALUATION_ONLY_JOIN_AFTER_PREMATCH_FEATURE_FREEZE,1.59,4.02,5.47,EXTERNAL_HISTORICAL_MARKET_BENCHMARK,NOT_AVAILABLE,NOT_GOLDBET,2248cffcd1d837cef15b96846129f5fa49af1843745c207e4c24e77efc4b01bf
98c64820b48cf4200848cee0,Eliteserien,2024,DEVELOPMENT,2024-09-15,13:30,MATCH_KICKOFF_TIME_TIMEZONE_NOT_STATED_BY_SOURCE,,NOT_VERIFIED_DO_NOT_INFER,Odd,Tromso,1,0,H,EVALUATION_ONLY_JOIN_AFTER_PREMATCH_FEATURE_FREEZE,3.09,3.31,2.3,EXTERNAL_HISTORICAL_MARKET_BENCHMARK,NOT_AVAILABLE,NOT_GOLDBET,25493e7005336b81300565422594acf207d951a3ab9ee17b27760de6ee576f95
3be5df13d8c1c76a31c84700,Eliteserien,2024,DEVELOPMENT,2024-09-15,16:00,MATCH_KICKOFF_TIME_TIMEZONE_NOT_STATED_BY_SOURCE,,NOT_VERIFIED_DO_NOT_INFER,Haugesund,Stromsgodset,0,0,D,EVALUATION_ONLY_JOIN_AFTER_PREMATCH_FEATURE_FREEZE,2.23,3.61,2.98,EXTERNAL_HISTORICAL_MARKET_BENCHMARK,NOT_AVAILABLE,NOT_GOLDBET,e1bea4850f55daa989dad253ceb97b3dc50e0ed99f37698318fe2f0a5dfb41db
78dcf207da3cace92af233e0,Eliteserien,2024,DEVELOPMENT,2024-09-15,16:00,MATCH_KICKOFF_TIME_TIMEZONE_NOT_STATED_BY_SOURCE,,NOT_VERIFIED_DO_NOT_INFER,Sandefjord,Brann,2,2,D,EVALUATION_ONLY_JOIN_AFTER_PREMATCH_FEATURE_FREEZE,2.82,3.74,2.27,EXTERNAL_HISTORICAL_MARKET_BENCHMARK,NOT_AVAILABLE,NOT_GOLDBET,aa18d63c83b62f29b1d8ecd88329b92d0271b642740f55cee416598791f3c179
bd06e50cd6813db9bcd1c1b7,Eliteserien,2024,DEVELOPMENT,2024-09-15,16:00,MATCH_KICKOFF_TIME_TIMEZONE_NOT_STATED_BY_SOURCE,,NOT_VERIFIED_DO_NOT_INFER,Sarpsborg 08,Kristiansund,0,2,A,EVALUATION_ONLY_JOIN_AFTER_PREMATCH_FEATURE_FREEZE,1.57,4.61,4.81,EXTERNAL_HISTORICAL_MARKET_BENCHMARK,NOT_AVAILABLE,NOT_GOLDBET,036a3bb15bc55edf94e98d8d1a909ab908fa9510d2d897ac45ef58a37ff6de60
fcedc636cba3d3c32f1c86b3,Eliteserien,2024,DEVELOPMENT,2024-09-15,18:15,MATCH_KICKOFF_TIME_TIMEZONE_NOT_STATED_BY_SOURCE,,NOT_VERIFIED_DO_NOT_INFER,Lillestrom,Rosenborg,1,1,D,EVALUATION_ONLY_JOIN_AFTER_PREMATCH_FEATURE_FREEZE,2.88,3.56,2.31,EXTERNAL_HISTORICAL_MARKET_BENCHMARK,NOT_AVAILABLE,NOT_GOLDBET,dc93e8e98bf63a621bdfe3732636a34a6e3d6d37bbaeeda8867ae49a56a91aae
f101d3cdd87b39b745399269,Eliteserien,2024,DEVELOPMENT,2024-09-18,17:00,MATCH_KICKOFF_TIME_TIMEZONE_NOT_STATED_BY_SOURCE,,NOT_VERIFIED_DO_NOT_INFER,Kristiansund,Molde,0,4,A,EVALUATION_ONLY_JOIN_AFTER_PREMATCH_FEATURE_FREEZE,5.56,4.49,1.52,EXTERNAL_HISTORICAL_MARKET_BENCHMARK,NOT_AVAILABLE,NOT_GOLDBET,0c37d363d3084f2420580ef0b1854ea450f01e0f93cb643a95d62ba53d5b1ff2
ac0de064c18cb07ca7a27fc3,Eliteserien,2024,DEVELOPMENT,2024-09-18,18:00,MATCH_KICKOFF_TIME_TIMEZONE_NOT_STATED_BY_SOURCE,,NOT_VERIFIED_DO_NOT_INFER,Brann,KFUM Oslo,2,0,H,EVALUATION_ONLY_JOIN_AFTER_PREMATCH_FEATURE_FREEZE,1.65,3.84,5.06,EXTERNAL_HISTORICAL_MARKET_BENCHMARK,NOT_AVAILABLE,NOT_GOLDBET,ca2d8cd52faf063696ce9863255ce89cdce06dd711fa64b4e645d65b417ef9ba
c493117f2f6380993df8c567,Eliteserien,2024,DEVELOPMENT,2024-09-21,15:00,MATCH_KICKOFF_TIME_TIMEZONE_NOT_STATED_BY_SOURCE,,NOT_VERIFIED_DO_NOT_INFER,Stromsgodset,Sarpsborg 08,2,1,H,EVALUATION_ONLY_JOIN_AFTER_PREMATCH_FEATURE_FREEZE,1.96,3.87,3.43,EXTERNAL_HISTORICAL_MARKET_BENCHMARK,NOT_AVAILABLE,NOT_GOLDBET,97f5780c115332fddabd4a9facc35cf28ac687a80ffbf0a64a9b43c7a4cd6b6b
eab3862d73e28e8dc8c798ae,Eliteserien,2024,DEVELOPMENT,2024-09-21,17:00,MATCH_KICKOFF_TIME_TIMEZONE_NOT_STATED_BY_SOURCE,,NOT_VERIFIED_DO_NOT_INFER,HamKam,Lillestrom,5,0,H,EVALUATION_ONLY_JOIN_AFTER_PREMATCH_FEATURE_FREEZE,2.27,3.44,3.04,EXTERNAL_HISTORICAL_MARKET_BENCHMARK,NOT_AVAILABLE,NOT_GOLDBET,d10227d622856b69eca38735500ebd479178a324b2b973116df19d53233e015b
f0c38299db4b47fbafdab528,Eliteserien,2024,DEVELOPMENT,2024-09-22,13:30,MATCH_KICKOFF_TIME_TIMEZONE_NOT_STATED_BY_SOURCE,,NOT_VERIFIED_DO_NOT_INFER,Brann,Bodo/Glimt,4,1,H,EVALUATION_ONLY_JOIN_AFTER_PREMATCH_FEATURE_FREEZE,2.72,3.65,2.39,EXTERNAL_HISTORICAL_MARKET_BENCHMARK,NOT_AVAILABLE,NOT_GOLDBET,4ac9026330dc3cc2db6cb37717fd56afea152252e8015aa76cea1b5563f89f02
740cfa7a176ba720d0259fbb,Eliteserien,2024,DEVELOPMENT,2024-09-22,16:00,MATCH_KICKOFF_TIME_TIMEZONE_NOT_STATED_BY_SOURCE,,NOT_VERIFIED_DO_NOT_INFER,Kristiansund,Odd,0,0,D,EVALUATION_ONLY_JOIN_AFTER_PREMATCH_FEATURE_FREEZE,1.96,3.69,3.58,EXTERNAL_HISTORICAL_MARKET_BENCHMARK,NOT_AVAILABLE,NOT_GOLDBET,3307e46f0b55d38f35cbd20f99608ad8bab763b23488dde51d46af9f260a0429
3e64b631eba029138909defc,Eliteserien,2024,DEVELOPMENT,2024-09-22,16:00,MATCH_KICKOFF_TIME_TIMEZONE_NOT_STATED_BY_SOURCE,,NOT_VERIFIED_DO_NOT_INFER,Rosenborg,Haugesund,4,0,H,EVALUATION_ONLY_JOIN_AFTER_PREMATCH_FEATURE_FREEZE,1.38,5.06,7.34,EXTERNAL_HISTORICAL_MARKET_BENCHMARK,NOT_AVAILABLE,NOT_GOLDBET,244a4c0ae8c78e135734412c2d8f0f1e03a3e8ad85431ef4bdfe3f28675dad12
2301ad91da2259afe9a5dd2d,Eliteserien,2024,DEVELOPMENT,2024-09-22,16:00,MATCH_KICKOFF_TIME_TIMEZONE_NOT_STATED_BY_SOURCE,,NOT_VERIFIED_DO_NOT_INFER,Tromso,Sandefjord,3,0,H,EVALUATION_ONLY_JOIN_AFTER_PREMATCH_FEATURE_FREEZE,1.72,3.9,4.45,EXTERNAL_HISTORICAL_MARKET_BENCHMARK,NOT_AVAILABLE,NOT_GOLDBET,4bc47cc4c9824b94d8892dbdc6d01ca1addea9c8a01c78177fbeb4d353fb67e0
710c797ab3d70f3800e7e5ba,Eliteserien,2024,DEVELOPMENT,2024-09-22,18:15,MATCH_KICKOFF_TIME_TIMEZONE_NOT_STATED_BY_SOURCE,,NOT_VERIFIED_DO_NOT_INFER,Fredrikstad,Viking,3,2,H,EVALUATION_ONLY_JOIN_AFTER_PREMATCH_FEATURE_FREEZE,2.15,3.48,3.22,EXTERNAL_HISTORICAL_MARKET_BENCHMARK,NOT_AVAILABLE,NOT_GOLDBET,6388477317ba93a0baeacae2eaf2c7795cf33f6256a2984804796ced0cd1fab2
9ceab7b4e8b5117d85269c91,Eliteserien,2024,DEVELOPMENT,2024-09-23,18:00,MATCH_KICKOFF_TIME_TIMEZONE_NOT_STATED_BY_SOURCE,,NOT_VERIFIED_DO_NOT_INFER,KFUM Oslo,Molde,1,1,D,EVALUATION_ONLY_JOIN_AFTER_PREMATCH_FEATURE_FREEZE,4.06,3.61,1.85,EXTERNAL_HISTORICAL_MARKET_BENCHMARK,NOT_AVAILABLE,NOT_GOLDBET,d07578a39004390dc4e6afac03030333c473da14685a9f6f293d778b3eb31673
c15b1a120d811b8adb577f4d,Eliteserien,2024,DEVELOPMENT,2024-09-28,13:00,MATCH_KICKOFF_TIME_TIMEZONE_NOT_STATED_BY_SOURCE,,NOT_VERIFIED_DO_NOT_INFER,Molde,Tromso,5,3,H,EVALUATION_ONLY_JOIN_AFTER_PREMATCH_FEATURE_FREEZE,1.49,4.38,6.04,EXTERNAL_HISTORICAL_MARKET_BENCHMARK,NOT_AVAILABLE,NOT_GOLDBET,0a836feffaadd90757f87373f5e2b65c1e4281703c0b9c1c42b2094c1282903a
5d7154143654caca080db179,Eliteserien,2024,DEVELOPMENT,2024-09-28,17:00,MATCH_KICKOFF_TIME_TIMEZONE_NOT_STATED_BY_SOURCE,,NOT_VERIFIED_DO_NOT_INFER,Haugesund,Brann,0,1,A,EVALUATION_ONLY_JOIN_AFTER_PREMATCH_FEATURE_FREEZE,3.9,3.82,1.84,EXTERNAL_HISTORICAL_MARKET_BENCHMARK,NOT_AVAILABLE,NOT_GOLDBET,a67d6f194c7d0c13ac17207bedaa3013cb00e9b19a2428405d3b187dda34da2f
ef3746e47ba9f6bf9ec84b0b,Eliteserien,2024,DEVELOPMENT,2024-09-28,19:00,MATCH_KICKOFF_TIME_TIMEZONE_NOT_STATED_BY_SOURCE,,NOT_VERIFIED_DO_NOT_INFER,Sarpsborg 08,Fredrikstad,0,1,A,EVALUATION_ONLY_JOIN_AFTER_PREMATCH_FEATURE_FREEZE,2.3,3.56,2.89,EXTERNAL_HISTORICAL_MARKET_BENCHMARK,NOT_AVAILABLE,NOT_GOLDBET,befd92988bd6c5d7b051b94e235b23a8e6dd8181bfbc1770e235cb4be631b5da
82cbe15e7407e3174fe6ff8c,Eliteserien,2024,DEVELOPMENT,2024-09-29,13:30,MATCH_KICKOFF_TIME_TIMEZONE_NOT_STATED_BY_SOURCE,,NOT_VERIFIED_DO_NOT_INFER,Stromsgodset,HamKam,1,1,D,EVALUATION_ONLY_JOIN_AFTER_PREMATCH_FEATURE_FREEZE,1.93,3.88,3.49,EXTERNAL_HISTORICAL_MARKET_BENCHMARK,NOT_AVAILABLE,NOT_GOLDBET,718b29e6f4eb1b6fd094016f7808ea1793ee73fcebb76073f853affd5c0c6bdf
e28917b1588b6de15fb81971,Eliteserien,2024,DEVELOPMENT,2024-09-29,16:00,MATCH_KICKOFF_TIME_TIMEZONE_NOT_STATED_BY_SOURCE,,NOT_VERIFIED_DO_NOT_INFER,Bodo/Glimt,Kristiansund,4,0,H,EVALUATION_ONLY_JOIN_AFTER_PREMATCH_FEATURE_FREEZE,1.16,8.46,12.75,EXTERNAL_HISTORICAL_MARKET_BENCHMARK,NOT_AVAILABLE,NOT_GOLDBET,ce0557420d112424ab78050503c6422c07c45a263b023227837b0a73be9a6064
19d5a27b62dc5b49a65bed92,Eliteserien,2024,DEVELOPMENT,2024-09-29,16:00,MATCH_KICKOFF_TIME_TIMEZONE_NOT_STATED_BY_SOURCE,,NOT_VERIFIED_DO_NOT_INFER,Lillestrom,Viking,1,4,A,EVALUATION_ONLY_JOIN_AFTER_PREMATCH_FEATURE_FREEZE,2.35,3.68,2.73,EXTERNAL_HISTORICAL_MARKET_BENCHMARK,NOT_AVAILABLE,NOT_GOLDBET,4bb999bb6f8234bcfa1e685007cce97815d7f8477fc0ca10e7b3506e44a8649e
32fe04571b8c4c5a2411397c,Eliteserien,2024,DEVELOPMENT,2024-09-29,16:00,MATCH_KICKOFF_TIME_TIMEZONE_NOT_STATED_BY_SOURCE,,NOT_VERIFIED_DO_NOT_INFER,Odd,KFUM Oslo,1,3,A,EVALUATION_ONLY_JOIN_AFTER_PREMATCH_FEATURE_FREEZE,3.36,3.25,2.18,EXTERNAL_HISTORICAL_MARKET_BENCHMARK,NOT_AVAILABLE,NOT_GOLDBET,d1dc9b73c8e05008c2397f1eb78a9b2627940a342460c48f24301958b087de56
2c1371edc2993a98f8babf03,Eliteserien,2024,DEVELOPMENT,2024-09-29,18:15,MATCH_KICKOFF_TIME_TIMEZONE_NOT_STATED_BY_SOURCE,,NOT_VERIFIED_DO_NOT_INFER,Sandefjord,Rosenborg,0,1,A,EVALUATION_ONLY_JOIN_AFTER_PREMATCH_FEATURE_FREEZE,3.23,3.89,2.01,EXTERNAL_HISTORICAL_MARKET_BENCHMARK,NOT_AVAILABLE,NOT_GOLDBET,f8dfa013be4f2c1e9cb2b0fb24eec2cd44a96f5cee3cc4a0698bcad87f7a8286
5a06b2a7e7b192ddb52cb0a6,Eliteserien,2024,DEVELOPMENT,2024-10-05,14:00,MATCH_KICKOFF_TIME_TIMEZONE_NOT_STATED_BY_SOURCE,,NOT_VERIFIED_DO_NOT_INFER,Kristiansund,Sandefjord,2,1,H,EVALUATION_ONLY_JOIN_AFTER_PREMATCH_FEATURE_FREEZE,2.43,3.55,2.7,EXTERNAL_HISTORICAL_MARKET_BENCHMARK,NOT_AVAILABLE,NOT_GOLDBET,9a13588d3c1c997627ff7867e25b86a3961c5a072159925be082ea2df8274aef
8255cd0a3b84187eea886a2c,Eliteserien,2024,DEVELOPMENT,2024-10-19,15:00,MATCH_KICKOFF_TIME_TIMEZONE_NOT_STATED_BY_SOURCE,,NOT_VERIFIED_DO_NOT_INFER,Molde,Sandefjord,0,1,A,EVALUATION_ONLY_JOIN_AFTER_PREMATCH_FEATURE_FREEZE,1.22,6.56,10.93,EXTERNAL_HISTORICAL_MARKET_BENCHMARK,NOT_AVAILABLE,NOT_GOLDBET,4d7d6dfbec5381adc3a1f7d8d027472165ff2560389cbb47daf1828783f489c0
49c8f65f450835582e510474,Eliteserien,2024,DEVELOPMENT,2024-10-19,17:00,MATCH_KICKOFF_TIME_TIMEZONE_NOT_STATED_BY_SOURCE,,NOT_VERIFIED_DO_NOT_INFER,Tromso,Bodo/Glimt,0,0,D,EVALUATION_ONLY_JOIN_AFTER_PREMATCH_FEATURE_FREEZE,3.8,3.7,1.89,EXTERNAL_HISTORICAL_MARKET_BENCHMARK,NOT_AVAILABLE,NOT_GOLDBET,df6abbdb3ab5cd52564636d291b62254f0b5da317dd69a5f032282e947b7d670
774cdcb1250835c5f5e2dcfa,Eliteserien,2024,DEVELOPMENT,2024-10-20,13:30,MATCH_KICKOFF_TIME_TIMEZONE_NOT_STATED_BY_SOURCE,,NOT_VERIFIED_DO_NOT_INFER,Rosenborg,Brann,1,2,A,EVALUATION_ONLY_JOIN_AFTER_PREMATCH_FEATURE_FREEZE,2.08,3.72,3.22,EXTERNAL_HISTORICAL_MARKET_BENCHMARK,NOT_AVAILABLE,NOT_GOLDBET,4c1df1224f5d287ab692656e2e872a5cd81551fa2fd002d06404768030285b60
a180036c58ca7a6e14dc5a44,Eliteserien,2024,DEVELOPMENT,2024-10-20,16:00,MATCH_KICKOFF_TIME_TIMEZONE_NOT_STATED_BY_SOURCE,,NOT_VERIFIED_DO_NOT_INFER,HamKam,Sarpsborg 08,0,2,A,EVALUATION_ONLY_JOIN_AFTER_PREMATCH_FEATURE_FREEZE,2.28,3.65,2.87,EXTERNAL_HISTORICAL_MARKET_BENCHMARK,NOT_AVAILABLE,NOT_GOLDBET,20498983276f23de871589cb3e30d49da3dfad353e14bca9cfc02db53707153a
8a6bd50262999b4e69477740,Eliteserien,2024,DEVELOPMENT,2024-10-20,16:00,MATCH_KICKOFF_TIME_TIMEZONE_NOT_STATED_BY_SOURCE,,NOT_VERIFIED_DO_NOT_INFER,KFUM Oslo,Haugesund,0,0,D,EVALUATION_ONLY_JOIN_AFTER_PREMATCH_FEATURE_FREEZE,1.85,3.51,4.22,EXTERNAL_HISTORICAL_MARKET_BENCHMARK,NOT_AVAILABLE,NOT_GOLDBET,e2c8797d4f48c8cedf7a9e92434086cd78274522c368fa4af5f9b06b30bb4d4b
7e681d5e5f4eed8ed4e23347,Eliteserien,2024,DEVELOPMENT,2024-10-20,16:00,MATCH_KICKOFF_TIME_TIMEZONE_NOT_STATED_BY_SOURCE,,NOT_VERIFIED_DO_NOT_INFER,Kristiansund,Stromsgodset,0,0,D,EVALUATION_ONLY_JOIN_AFTER_PREMATCH_FEATURE_FREEZE,2.35,3.55,2.81,EXTERNAL_HISTORICAL_MARKET_BENCHMARK,NOT_AVAILABLE,NOT_GOLDBET,0d41e89cd2b77e458e1eda0606682493b578e837c052c7082050c84814690cff
60bffd6280dc5c850da5494a,Eliteserien,2024,DEVELOPMENT,2024-10-20,16:00,MATCH_KICKOFF_TIME_TIMEZONE_NOT_STATED_BY_SOURCE,,NOT_VERIFIED_DO_NOT_INFER,Viking,Odd,3,3,D,EVALUATION_ONLY_JOIN_AFTER_PREMATCH_FEATURE_FREEZE,1.33,5.44,7.79,EXTERNAL_HISTORICAL_MARKET_BENCHMARK,NOT_AVAILABLE,NOT_GOLDBET,a2189365754ce07e6c10cf573aedfd851536b921a56b2eeef1280f3b4605cd2e
9ca413ff3fd18278b1b9e02a,Eliteserien,2024,DEVELOPMENT,2024-10-20,18:15,MATCH_KICKOFF_TIME_TIMEZONE_NOT_STATED_BY_SOURCE,,NOT_VERIFIED_DO_NOT_INFER,Fredrikstad,Lillestrom,2,1,H,EVALUATION_ONLY_JOIN_AFTER_PREMATCH_FEATURE_FREEZE,2,3.48,3.62,EXTERNAL_HISTORICAL_MARKET_BENCHMARK,NOT_AVAILABLE,NOT_GOLDBET,e70966bf1c374c4d37452a643f0472d211150789d9ef3442c3d3d599c62168bb
5640f6859f5b75b79d68f22e,Eliteserien,2024,DEVELOPMENT,2024-10-26,17:00,MATCH_KICKOFF_TIME_TIMEZONE_NOT_STATED_BY_SOURCE,,NOT_VERIFIED_DO_NOT_INFER,Stromsgodset,Fredrikstad,2,0,H,EVALUATION_ONLY_JOIN_AFTER_PREMATCH_FEATURE_FREEZE,2.66,3.28,2.63,EXTERNAL_HISTORICAL_MARKET_BENCHMARK,NOT_AVAILABLE,NOT_GOLDBET,cd2f47e23cefa26577b8b89a527a67009007f7133f990351d438a0b64533dc46
d818165e68520ad8cfc7603a,Eliteserien,2024,DEVELOPMENT,2024-10-27,16:00,MATCH_KICKOFF_TIME_TIMEZONE_NOT_STATED_BY_SOURCE,,NOT_VERIFIED_DO_NOT_INFER,HamKam,Kristiansund,1,0,H,EVALUATION_ONLY_JOIN_AFTER_PREMATCH_FEATURE_FREEZE,1.68,3.71,5.11,EXTERNAL_HISTORICAL_MARKET_BENCHMARK,NOT_AVAILABLE,NOT_GOLDBET,b4b1904da1b7b18d4c9611f8e4508b34851dfd56c68075a5ccf9576e7e1d437b
b64752953c8d4f4271e7f0c6,Eliteserien,2024,DEVELOPMENT,2024-10-27,16:00,MATCH_KICKOFF_TIME_TIMEZONE_NOT_STATED_BY_SOURCE,,NOT_VERIFIED_DO_NOT_INFER,Haugesund,Molde,0,3,A,EVALUATION_ONLY_JOIN_AFTER_PREMATCH_FEATURE_FREEZE,4.33,3.79,1.76,EXTERNAL_HISTORICAL_MARKET_BENCHMARK,NOT_AVAILABLE,NOT_GOLDBET,a6fc2afbf3d97b20c747e3cab3d4b4bb15713d33a22e43cb8a0e950919e6bf9b
aa0c98414ba02c9293680363,Eliteserien,2024,DEVELOPMENT,2024-10-27,16:00,MATCH_KICKOFF_TIME_TIMEZONE_NOT_STATED_BY_SOURCE,,NOT_VERIFIED_DO_NOT_INFER,Lillestrom,Odd,3,0,H,EVALUATION_ONLY_JOIN_AFTER_PREMATCH_FEATURE_FREEZE,1.61,3.91,5.39,EXTERNAL_HISTORICAL_MARKET_BENCHMARK,NOT_AVAILABLE,NOT_GOLDBET,9f3ee64a5ac3d562518abe82fb8f49c897b5b7cbcc5dea3c1a8aa9286f983813
519c4f2f76484d57880cfeae,Eliteserien,2024,DEVELOPMENT,2024-10-27,16:00,MATCH_KICKOFF_TIME_TIMEZONE_NOT_STATED_BY_SOURCE,,NOT_VERIFIED_DO_NOT_INFER,Sandefjord,KFUM Oslo,2,1,H,EVALUATION_ONLY_JOIN_AFTER_PREMATCH_FEATURE_FREEZE,2.02,3.4,3.65,EXTERNAL_HISTORICAL_MARKET_BENCHMARK,NOT_AVAILABLE,NOT_GOLDBET,727944e353301ff95d7ec3ce72865068f2550fa75d9bfe8e211527cabed5b21b
97010f2b77a7bccda7ad960c,Eliteserien,2024,DEVELOPMENT,2024-10-27,16:00,MATCH_KICKOFF_TIME_TIMEZONE_NOT_STATED_BY_SOURCE,,NOT_VERIFIED_DO_NOT_INFER,Sarpsborg 08,Viking,1,2,A,EVALUATION_ONLY_JOIN_AFTER_PREMATCH_FEATURE_FREEZE,2.73,3.82,2.3,EXTERNAL_HISTORICAL_MARKET_BENCHMARK,NOT_AVAILABLE,NOT_GOLDBET,a4ea1cf3cc6fba80858ca5250d73e83a09b8790f5b51a6a7f3a6f411e28429cf
d7d374ef9e0c910476c1d271,Eliteserien,2024,DEVELOPMENT,2024-10-27,18:15,MATCH_KICKOFF_TIME_TIMEZONE_NOT_STATED_BY_SOURCE,,NOT_VERIFIED_DO_NOT_INFER,Brann,Tromso,4,0,H,EVALUATION_ONLY_JOIN_AFTER_PREMATCH_FEATURE_FREEZE,1.48,4.56,5.99,EXTERNAL_HISTORICAL_MARKET_BENCHMARK,NOT_AVAILABLE,NOT_GOLDBET,de3a61e15a6ae9d50f32f0e59e501b75104b6ebf0ce8475eea100ee54bde4165
c0a7c7d7a784576f2153b094,Eliteserien,2024,DEVELOPMENT,2024-10-28,18:00,MATCH_KICKOFF_TIME_TIMEZONE_NOT_STATED_BY_SOURCE,,NOT_VERIFIED_DO_NOT_INFER,Bodo/Glimt,Rosenborg,2,3,A,EVALUATION_ONLY_JOIN_AFTER_PREMATCH_FEATURE_FREEZE,1.51,4.75,5.28,EXTERNAL_HISTORICAL_MARKET_BENCHMARK,NOT_AVAILABLE,NOT_GOLDBET,3acc78dd3e41857f0bb410ea2abfa857dbadb044e53f52fa35bd1103d29b8b60
a670fe06034bfc86dd79049e,Eliteserien,2024,DEVELOPMENT,2024-11-02,17:00,MATCH_KICKOFF_TIME_TIMEZONE_NOT_STATED_BY_SOURCE,,NOT_VERIFIED_DO_NOT_INFER,Viking,Sandefjord,3,2,H,EVALUATION_ONLY_JOIN_AFTER_PREMATCH_FEATURE_FREEZE,1.42,5.12,6.11,EXTERNAL_HISTORICAL_MARKET_BENCHMARK,NOT_AVAILABLE,NOT_GOLDBET,d9da68f85b84efe6f26f7d725da04c4f9d73c7eba90c7a90cee85c0858c2e768
1da9ce0f4c63185f01f5bad5,Eliteserien,2024,DEVELOPMENT,2024-11-03,16:00,MATCH_KICKOFF_TIME_TIMEZONE_NOT_STATED_BY_SOURCE,,NOT_VERIFIED_DO_NOT_INFER,Fredrikstad,Kristiansund,1,1,D,EVALUATION_ONLY_JOIN_AFTER_PREMATCH_FEATURE_FREEZE,1.67,3.75,5.04,EXTERNAL_HISTORICAL_MARKET_BENCHMARK,NOT_AVAILABLE,NOT_GOLDBET,7a877e1911dc71e81853d2ce52f311dfcc9d61d1d7a87e99f3cbb6cdb3744e93
8439504139adc0fe8f81d751,Eliteserien,2024,DEVELOPMENT,2024-11-03,16:00,MATCH_KICKOFF_TIME_TIMEZONE_NOT_STATED_BY_SOURCE,,NOT_VERIFIED_DO_NOT_INFER,KFUM Oslo,Sarpsborg 08,1,2,A,EVALUATION_ONLY_JOIN_AFTER_PREMATCH_FEATURE_FREEZE,2.46,3.21,2.89,EXTERNAL_HISTORICAL_MARKET_BENCHMARK,NOT_AVAILABLE,NOT_GOLDBET,c5a565a31ef6d447ffdca74e9f02887131900bb9cdb7c45054245e71e8b859f7
de9bfc5e41df0e8256403f0f,Eliteserien,2024,DEVELOPMENT,2024-11-03,16:00,MATCH_KICKOFF_TIME_TIMEZONE_NOT_STATED_BY_SOURCE,,NOT_VERIFIED_DO_NOT_INFER,Lillestrom,Haugesund,0,1,A,EVALUATION_ONLY_JOIN_AFTER_PREMATCH_FEATURE_FREEZE,1.73,3.78,4.55,EXTERNAL_HISTORICAL_MARKET_BENCHMARK,NOT_AVAILABLE,NOT_GOLDBET,0272d22385bdeb58bea56f0fa70abfa06d608ba441c6e84d65775359174f20f6
32d48a2cf829c4c69636f799,Eliteserien,2024,DEVELOPMENT,2024-11-03,16:00,MATCH_KICKOFF_TIME_TIMEZONE_NOT_STATED_BY_SOURCE,,NOT_VERIFIED_DO_NOT_INFER,Molde,Bodo/Glimt,3,3,D,EVALUATION_ONLY_JOIN_AFTER_PREMATCH_FEATURE_FREEZE,2.5,3.62,2.59,EXTERNAL_HISTORICAL_MARKET_BENCHMARK,NOT_AVAILABLE,NOT_GOLDBET,e9c68452ba3368d837e0a88f254d41f7fd6c0d17748546c439648a46f48a388c
d8f5a945391eeb7370709f13,Eliteserien,2024,DEVELOPMENT,2024-11-03,16:00,MATCH_KICKOFF_TIME_TIMEZONE_NOT_STATED_BY_SOURCE,,NOT_VERIFIED_DO_NOT_INFER,Odd,Brann,0,3,A,EVALUATION_ONLY_JOIN_AFTER_PREMATCH_FEATURE_FREEZE,6.2,4.79,1.44,EXTERNAL_HISTORICAL_MARKET_BENCHMARK,NOT_AVAILABLE,NOT_GOLDBET,7a9dbae488a53345c43c303d16d393fb45466087fa4bcbbac11ab8b31d2efff4
619bfa1b3f986c8159e893d1,Eliteserien,2024,DEVELOPMENT,2024-11-03,16:00,MATCH_KICKOFF_TIME_TIMEZONE_NOT_STATED_BY_SOURCE,,NOT_VERIFIED_DO_NOT_INFER,Tromso,HamKam,3,3,D,EVALUATION_ONLY_JOIN_AFTER_PREMATCH_FEATURE_FREEZE,1.76,3.59,4.55,EXTERNAL_HISTORICAL_MARKET_BENCHMARK,NOT_AVAILABLE,NOT_GOLDBET,5706a8207ab4f8f78142090fd25c080944cba40ecadc7d7d362c0d3600ebe7af
023d7c238491a261360501bd,Eliteserien,2024,DEVELOPMENT,2024-11-03,18:15,MATCH_KICKOFF_TIME_TIMEZONE_NOT_STATED_BY_SOURCE,,NOT_VERIFIED_DO_NOT_INFER,Rosenborg,Stromsgodset,1,0,H,EVALUATION_ONLY_JOIN_AFTER_PREMATCH_FEATURE_FREEZE,1.36,5.39,6.97,EXTERNAL_HISTORICAL_MARKET_BENCHMARK,NOT_AVAILABLE,NOT_GOLDBET,be74868ee53e99a13ae5b48177fb666b534875da918dc313b81586c16d494abd
a7b576171c6c18d55cc69b5b,Eliteserien,2024,DEVELOPMENT,2024-11-09,17:00,MATCH_KICKOFF_TIME_TIMEZONE_NOT_STATED_BY_SOURCE,,NOT_VERIFIED_DO_NOT_INFER,Brann,Lillestrom,2,1,H,EVALUATION_ONLY_JOIN_AFTER_PREMATCH_FEATURE_FREEZE,1.45,4.78,6.01,EXTERNAL_HISTORICAL_MARKET_BENCHMARK,NOT_AVAILABLE,NOT_GOLDBET,112e3229952f598a2641c4cd8c04197ee3b22ee46b92987f3a348455bdedd4b0
231bc6d8c7b0f03bb5de02cb,Eliteserien,2024,DEVELOPMENT,2024-11-10,16:00,MATCH_KICKOFF_TIME_TIMEZONE_NOT_STATED_BY_SOURCE,,NOT_VERIFIED_DO_NOT_INFER,HamKam,Rosenborg,0,2,A,EVALUATION_ONLY_JOIN_AFTER_PREMATCH_FEATURE_FREEZE,3.25,3.71,2.05,EXTERNAL_HISTORICAL_MARKET_BENCHMARK,NOT_AVAILABLE,NOT_GOLDBET,3b9a2bc438e4bf960a2f1ca876b76b41b233e890d2e9a47f94dfc7389b36cfdd
b663a87e62b1f2338a0b5ea0,Eliteserien,2024,DEVELOPMENT,2024-11-10,16:00,MATCH_KICKOFF_TIME_TIMEZONE_NOT_STATED_BY_SOURCE,,NOT_VERIFIED_DO_NOT_INFER,Haugesund,Tromso,2,0,H,EVALUATION_ONLY_JOIN_AFTER_PREMATCH_FEATURE_FREEZE,2.82,3.22,2.52,EXTERNAL_HISTORICAL_MARKET_BENCHMARK,NOT_AVAILABLE,NOT_GOLDBET,e7dd247b18cd020f8306ece21a980a6fd325f74a0fc1a33b6bf2e5cd49ed1e1d
bc903753c923b2e545195a42,Eliteserien,2024,DEVELOPMENT,2024-11-10,16:00,MATCH_KICKOFF_TIME_TIMEZONE_NOT_STATED_BY_SOURCE,,NOT_VERIFIED_DO_NOT_INFER,Kristiansund,Viking,0,1,A,EVALUATION_ONLY_JOIN_AFTER_PREMATCH_FEATURE_FREEZE,4.02,3.84,1.8,EXTERNAL_HISTORICAL_MARKET_BENCHMARK,NOT_AVAILABLE,NOT_GOLDBET,f50dd8630ce0bc8965eab94f64e8b8ce8bac9d89ee18245ae15c75f30e9fce7e
e4dabb0d8df178220036107c,Eliteserien,2024,DEVELOPMENT,2024-11-10,16:00,MATCH_KICKOFF_TIME_TIMEZONE_NOT_STATED_BY_SOURCE,,NOT_VERIFIED_DO_NOT_INFER,Sandefjord,Odd,1,0,H,EVALUATION_ONLY_JOIN_AFTER_PREMATCH_FEATURE_FREEZE,1.55,4.3,5.36,EXTERNAL_HISTORICAL_MARKET_BENCHMARK,NOT_AVAILABLE,NOT_GOLDBET,54f35619b4156213c77fb9c9c83b01e49f92136a8757add3518a26b7fa0c8c34
18b2bd1fde8d6166c9f00ff1,Eliteserien,2024,DEVELOPMENT,2024-11-10,16:00,MATCH_KICKOFF_TIME_TIMEZONE_NOT_STATED_BY_SOURCE,,NOT_VERIFIED_DO_NOT_INFER,Sarpsborg 08,Molde,2,2,D,EVALUATION_ONLY_JOIN_AFTER_PREMATCH_FEATURE_FREEZE,3.71,3.75,1.89,EXTERNAL_HISTORICAL_MARKET_BENCHMARK,NOT_AVAILABLE,NOT_GOLDBET,45557c18ed36754eca5e6a88fccbd4d4e3a0391274418779d4443b9c5428f4c0
0bc17495ddcfe53ba016a29f,Eliteserien,2024,DEVELOPMENT,2024-11-10,16:00,MATCH_KICKOFF_TIME_TIMEZONE_NOT_STATED_BY_SOURCE,,NOT_VERIFIED_DO_NOT_INFER,Stromsgodset,KFUM Oslo,1,0,H,EVALUATION_ONLY_JOIN_AFTER_PREMATCH_FEATURE_FREEZE,2.16,3.38,3.3,EXTERNAL_HISTORICAL_MARKET_BENCHMARK,NOT_AVAILABLE,NOT_GOLDBET,169e0ad7d73bffbd75a832a98a247e4e2cdcfd0734f1f3472240f9bb5b81c0d7
dfc14a25615becaa5764f0f3,Eliteserien,2024,DEVELOPMENT,2024-11-10,18:15,MATCH_KICKOFF_TIME_TIMEZONE_NOT_STATED_BY_SOURCE,,NOT_VERIFIED_DO_NOT_INFER,Bodo/Glimt,Fredrikstad,2,2,D,EVALUATION_ONLY_JOIN_AFTER_PREMATCH_FEATURE_FREEZE,1.31,5.26,8.83,EXTERNAL_HISTORICAL_MARKET_BENCHMARK,NOT_AVAILABLE,NOT_GOLDBET,93080404989ca2bee1f1f16e4157ddfe1db8ce9857693ede6faa3f943d5afb17
1eb71bdf6206d67918f8b129,Eliteserien,2024,DEVELOPMENT,2024-11-23,16:00,MATCH_KICKOFF_TIME_TIMEZONE_NOT_STATED_BY_SOURCE,,NOT_VERIFIED_DO_NOT_INFER,Fredrikstad,HamKam,1,0,H,EVALUATION_ONLY_JOIN_AFTER_PREMATCH_FEATURE_FREEZE,1.84,3.47,4.3,EXTERNAL_HISTORICAL_MARKET_BENCHMARK,NOT_AVAILABLE,NOT_GOLDBET,e086d14b985768d41a31c1dc974e3277454068ec7a0af4c48c70b7b2e222b779
a6337c54f10c39b2b3cd1f6a,Eliteserien,2024,DEVELOPMENT,2024-11-23,16:00,MATCH_KICKOFF_TIME_TIMEZONE_NOT_STATED_BY_SOURCE,,NOT_VERIFIED_DO_NOT_INFER,KFUM Oslo,Kristiansund,1,2,A,EVALUATION_ONLY_JOIN_AFTER_PREMATCH_FEATURE_FREEZE,2.01,3.19,3.98,EXTERNAL_HISTORICAL_MARKET_BENCHMARK,NOT_AVAILABLE,NOT_GOLDBET,c29f8437f87785f6c6d461d640cc623119ca1f5e03333fd06a2585c1dc434073
402667bf82d28006e9cab45f,Eliteserien,2024,DEVELOPMENT,2024-11-23,16:00,MATCH_KICKOFF_TIME_TIMEZONE_NOT_STATED_BY_SOURCE,,NOT_VERIFIED_DO_NOT_INFER,Lillestrom,Sandefjord,0,3,A,EVALUATION_ONLY_JOIN_AFTER_PREMATCH_FEATURE_FREEZE,2.13,3.57,3.17,EXTERNAL_HISTORICAL_MARKET_BENCHMARK,NOT_AVAILABLE,NOT_GOLDBET,0b8993c3cb7497f4856e8465928e81cb8f1b2fbe5df0e8433d060f6b1080795d
9f624a806f94ce478d48ecba,Eliteserien,2024,DEVELOPMENT,2024-11-23,16:00,MATCH_KICKOFF_TIME_TIMEZONE_NOT_STATED_BY_SOURCE,,NOT_VERIFIED_DO_NOT_INFER,Molde,Brann,2,1,H,EVALUATION_ONLY_JOIN_AFTER_PREMATCH_FEATURE_FREEZE,2.17,3.66,3.03,EXTERNAL_HISTORICAL_MARKET_BENCHMARK,NOT_AVAILABLE,NOT_GOLDBET,9c29002fdf36e3a4d49feb085ff0deb642a753dd8eb556808337dce44acddd88
0f01e1268de350084390f783,Eliteserien,2024,DEVELOPMENT,2024-11-23,16:00,MATCH_KICKOFF_TIME_TIMEZONE_NOT_STATED_BY_SOURCE,,NOT_VERIFIED_DO_NOT_INFER,Odd,Bodo/Glimt,0,2,A,EVALUATION_ONLY_JOIN_AFTER_PREMATCH_FEATURE_FREEZE,12.97,6.88,1.19,EXTERNAL_HISTORICAL_MARKET_BENCHMARK,NOT_AVAILABLE,NOT_GOLDBET,f476b6ad271c739fcc6999177afaf1e19ffc7fe8ce1e8a85f41258680ad7038b
977f7828c23a84b41e523344,Eliteserien,2024,DEVELOPMENT,2024-11-23,16:00,MATCH_KICKOFF_TIME_TIMEZONE_NOT_STATED_BY_SOURCE,,NOT_VERIFIED_DO_NOT_INFER,Rosenborg,Sarpsborg 08,1,1,D,EVALUATION_ONLY_JOIN_AFTER_PREMATCH_FEATURE_FREEZE,1.53,4.52,5.35,EXTERNAL_HISTORICAL_MARKET_BENCHMARK,NOT_AVAILABLE,NOT_GOLDBET,09df8fd58f1ed5b7baf6e8cc1a542606fd03aca084415ae98a0fa1a0e64987d1
64f2a0293e4326f0cb67598a,Eliteserien,2024,DEVELOPMENT,2024-11-23,16:00,MATCH_KICKOFF_TIME_TIMEZONE_NOT_STATED_BY_SOURCE,,NOT_VERIFIED_DO_NOT_INFER,Tromso,Stromsgodset,2,0,H,EVALUATION_ONLY_JOIN_AFTER_PREMATCH_FEATURE_FREEZE,1.45,4.56,6.44,EXTERNAL_HISTORICAL_MARKET_BENCHMARK,NOT_AVAILABLE,NOT_GOLDBET,6b9a87f678a762a8a17d52f774e4bf62b9762008d7c6a2472059fd70d1ea7ee0
c8d068b660a015ea6f5d58f9,Eliteserien,2024,DEVELOPMENT,2024-11-23,16:00,MATCH_KICKOFF_TIME_TIMEZONE_NOT_STATED_BY_SOURCE,,NOT_VERIFIED_DO_NOT_INFER,Viking,Haugesund,5,1,H,EVALUATION_ONLY_JOIN_AFTER_PREMATCH_FEATURE_FREEZE,1.53,4.58,5.21,EXTERNAL_HISTORICAL_MARKET_BENCHMARK,NOT_AVAILABLE,NOT_GOLDBET,cadf95bccfb47adde7e9c27b6c413aaf068045e61e64877e65a5a7dea76a0e27
8beee41c8c22bef1064c04d1,Eliteserien,2024,DEVELOPMENT,2024-12-01,16:00,MATCH_KICKOFF_TIME_TIMEZONE_NOT_STATED_BY_SOURCE,,NOT_VERIFIED_DO_NOT_INFER,Bodo/Glimt,Lillestrom,5,2,H,EVALUATION_ONLY_JOIN_AFTER_PREMATCH_FEATURE_FREEZE,1.1,9.51,19.97,EXTERNAL_HISTORICAL_MARKET_BENCHMARK,NOT_AVAILABLE,NOT_GOLDBET,468f8ca28b112b73a577fabd7e08b4ad59df0bb68bb999d53bce6b7e2db95a30
3c5339ba7cdf4f5543608f83,Eliteserien,2024,DEVELOPMENT,2024-12-01,16:00,MATCH_KICKOFF_TIME_TIMEZONE_NOT_STATED_BY_SOURCE,,NOT_VERIFIED_DO_NOT_INFER,Brann,Viking,1,1,D,EVALUATION_ONLY_JOIN_AFTER_PREMATCH_FEATURE_FREEZE,1.74,4.2,3.96,EXTERNAL_HISTORICAL_MARKET_BENCHMARK,NOT_AVAILABLE,NOT_GOLDBET,b439ee6180d3df35f1051acdda5d4e81c7b54137fc12b949c6b404051666217f
bfb55bbbb77635f6d9f98a1d,Eliteserien,2024,DEVELOPMENT,2024-12-01,16:00,MATCH_KICKOFF_TIME_TIMEZONE_NOT_STATED_BY_SOURCE,,NOT_VERIFIED_DO_NOT_INFER,HamKam,KFUM Oslo,0,2,A,EVALUATION_ONLY_JOIN_AFTER_PREMATCH_FEATURE_FREEZE,2.22,3.28,3.22,EXTERNAL_HISTORICAL_MARKET_BENCHMARK,NOT_AVAILABLE,NOT_GOLDBET,615a020d45ca73f3c9f9db26e696958ed54011a6ef85111991e06e90e59c960f
a69ac5ebbcbed9dc8b53774a,Eliteserien,2024,DEVELOPMENT,2024-12-01,16:00,MATCH_KICKOFF_TIME_TIMEZONE_NOT_STATED_BY_SOURCE,,NOT_VERIFIED_DO_NOT_INFER,Haugesund,Odd,2,1,H,EVALUATION_ONLY_JOIN_AFTER_PREMATCH_FEATURE_FREEZE,1.83,3.9,3.82,EXTERNAL_HISTORICAL_MARKET_BENCHMARK,NOT_AVAILABLE,NOT_GOLDBET,0f8a6eda65f9c2c923fa7ef38d6c2bee8844ddf935315e1679164e2df635adf4
55fb77dbbba8abab848e2ead,Eliteserien,2024,DEVELOPMENT,2024-12-01,16:00,MATCH_KICKOFF_TIME_TIMEZONE_NOT_STATED_BY_SOURCE,,NOT_VERIFIED_DO_NOT_INFER,Kristiansund,Rosenborg,0,4,A,EVALUATION_ONLY_JOIN_AFTER_PREMATCH_FEATURE_FREEZE,5.12,4.33,1.56,EXTERNAL_HISTORICAL_MARKET_BENCHMARK,NOT_AVAILABLE,NOT_GOLDBET,a47c30c440d8fec033af1b08624ae6d4eb61dd8b88cfc5fdb50cf01895976a32
ce5b98eb99a57c26462ca39d,Eliteserien,2024,DEVELOPMENT,2024-12-01,16:00,MATCH_KICKOFF_TIME_TIMEZONE_NOT_STATED_BY_SOURCE,,NOT_VERIFIED_DO_NOT_INFER,Sandefjord,Fredrikstad,0,1,A,EVALUATION_ONLY_JOIN_AFTER_PREMATCH_FEATURE_FREEZE,3.08,3.42,2.24,EXTERNAL_HISTORICAL_MARKET_BENCHMARK,NOT_AVAILABLE,NOT_GOLDBET,526fe19832f86321ef7b28490a7749e0da05ed586fa77457026c0c4ebceadfaf
e4b14e11a100db6dc54c63d6,Eliteserien,2024,DEVELOPMENT,2024-12-01,16:00,MATCH_KICKOFF_TIME_TIMEZONE_NOT_STATED_BY_SOURCE,,NOT_VERIFIED_DO_NOT_INFER,Sarpsborg 08,Tromso,2,1,H,EVALUATION_ONLY_JOIN_AFTER_PREMATCH_FEATURE_FREEZE,2.19,3.57,3.05,EXTERNAL_HISTORICAL_MARKET_BENCHMARK,NOT_AVAILABLE,NOT_GOLDBET,3eeae98f61ee2c36b9f2feda534dc0d28f450774d65e5377535db9c525df98a5
a5092c35e3ecea7489a5dce0,Eliteserien,2024,DEVELOPMENT,2024-12-01,16:00,MATCH_KICKOFF_TIME_TIMEZONE_NOT_STATED_BY_SOURCE,,NOT_VERIFIED_DO_NOT_INFER,Stromsgodset,Molde,1,0,H,EVALUATION_ONLY_JOIN_AFTER_PREMATCH_FEATURE_FREEZE,4.15,3.88,1.77,EXTERNAL_HISTORICAL_MARKET_BENCHMARK,NOT_AVAILABLE,NOT_GOLDBET,e40b2aa53a793fd3329bf6b73fe5ecf32450888cb695d85f072d59f6117eb71e
5683a93b65cb1e1a45803316,Eliteserien,2025,HOLDOUT,2025-03-29,15:00,MATCH_KICKOFF_TIME_TIMEZONE_NOT_STATED_BY_SOURCE,,NOT_VERIFIED_DO_NOT_INFER,Stromsgodset,Rosenborg,1,2,A,EVALUATION_ONLY_JOIN_AFTER_PREMATCH_FEATURE_FREEZE,3.25,3.59,2.13,EXTERNAL_HISTORICAL_MARKET_BENCHMARK,NOT_AVAILABLE,NOT_GOLDBET,c0d9b14a03cd8a9b8947ee30cec217a6a70beed01083efd9c4d892ae085681cf
14622f742953c92796cc2ae9,Eliteserien,2025,HOLDOUT,2025-03-29,17:00,MATCH_KICKOFF_TIME_TIMEZONE_NOT_STATED_BY_SOURCE,,NOT_VERIFIED_DO_NOT_INFER,Fredrikstad,Brann,3,0,H,EVALUATION_ONLY_JOIN_AFTER_PREMATCH_FEATURE_FREEZE,3.41,3.3,2.17,EXTERNAL_HISTORICAL_MARKET_BENCHMARK,NOT_AVAILABLE,NOT_GOLDBET,db87184d15d0b4920081ce8c3f290e648f1209460c2db20f584a3aab2660d999
5f2b69aeb973c9bb4ed7078c,Eliteserien,2025,HOLDOUT,2025-03-30,13:30,MATCH_KICKOFF_TIME_TIMEZONE_NOT_STATED_BY_SOURCE,,NOT_VERIFIED_DO_NOT_INFER,Valerenga,Viking,3,1,H,EVALUATION_ONLY_JOIN_AFTER_PREMATCH_FEATURE_FREEZE,2.46,3.66,2.65,EXTERNAL_HISTORICAL_MARKET_BENCHMARK,NOT_AVAILABLE,NOT_GOLDBET,6a11170582872d51f6f1065f447c30840eda12f9d7a4c7e78ab35cd4b0951d8b
8a16ecc698e88f54d3454309,Eliteserien,2025,HOLDOUT,2025-03-30,16:00,MATCH_KICKOFF_TIME_TIMEZONE_NOT_STATED_BY_SOURCE,,NOT_VERIFIED_DO_NOT_INFER,HamKam,Kristiansund,2,1,H,EVALUATION_ONLY_JOIN_AFTER_PREMATCH_FEATURE_FREEZE,2.07,3.32,3.66,EXTERNAL_HISTORICAL_MARKET_BENCHMARK,NOT_AVAILABLE,NOT_GOLDBET,7085344bce16013dba196e2a1cb6df1d1f07ce876a79a7f16810c3d410befade
54960ca153aa6aee7041f6d9,Eliteserien,2025,HOLDOUT,2025-03-30,16:00,MATCH_KICKOFF_TIME_TIMEZONE_NOT_STATED_BY_SOURCE,,NOT_VERIFIED_DO_NOT_INFER,KFUM Oslo,Sandefjord,3,1,H,EVALUATION_ONLY_JOIN_AFTER_PREMATCH_FEATURE_FREEZE,2.22,3.17,3.43,EXTERNAL_HISTORICAL_MARKET_BENCHMARK,NOT_AVAILABLE,NOT_GOLDBET,77e462c2a000371ce8a43691f4c49c8bd0a987c7ae673b4ce9b32f264d074045
a0efad208532a349e554f7c1,Eliteserien,2025,HOLDOUT,2025-03-30,16:00,MATCH_KICKOFF_TIME_TIMEZONE_NOT_STATED_BY_SOURCE,,NOT_VERIFIED_DO_NOT_INFER,Molde,Sarpsborg 08,0,2,A,EVALUATION_ONLY_JOIN_AFTER_PREMATCH_FEATURE_FREEZE,1.46,4.72,6.18,EXTERNAL_HISTORICAL_MARKET_BENCHMARK,NOT_AVAILABLE,NOT_GOLDBET,3fb088669cf51f343e099e69e72ea68f7b41332c54c52970c587f63a7eae4077
6ea18dc60d5647ef8c514197,Eliteserien,2025,HOLDOUT,2025-03-30,16:00,MATCH_KICKOFF_TIME_TIMEZONE_NOT_STATED_BY_SOURCE,,NOT_VERIFIED_DO_NOT_INFER,Tromso,Haugesund,1,0,H,EVALUATION_ONLY_JOIN_AFTER_PREMATCH_FEATURE_FREEZE,1.47,4.13,7.48,EXTERNAL_HISTORICAL_MARKET_BENCHMARK,NOT_AVAILABLE,NOT_GOLDBET,72a4340d7e0e452e030201fb5cc8d3374097169353d6ba7a740999ee62f57f76
28336f08a3cb992de8b80640,Eliteserien,2025,HOLDOUT,2025-03-30,18:15,MATCH_KICKOFF_TIME_TIMEZONE_NOT_STATED_BY_SOURCE,,NOT_VERIFIED_DO_NOT_INFER,Bryne,Bodo/Glimt,0,1,A,EVALUATION_ONLY_JOIN_AFTER_PREMATCH_FEATURE_FREEZE,6.98,4.76,1.42,EXTERNAL_HISTORICAL_MARKET_BENCHMARK,NOT_AVAILABLE,NOT_GOLDBET,8ef2c595a1efac2e2223f35ba69ecf8faa7a3e759f3203dd74a1ec30b99b28c4
de2d9812d0c7b77eb9dc2c23,Eliteserien,2025,HOLDOUT,2025-04-05,15:00,MATCH_KICKOFF_TIME_TIMEZONE_NOT_STATED_BY_SOURCE,,NOT_VERIFIED_DO_NOT_INFER,Bodo/Glimt,HamKam,3,0,H,EVALUATION_ONLY_JOIN_AFTER_PREMATCH_FEATURE_FREEZE,1.16,7.67,16.05,EXTERNAL_HISTORICAL_MARKET_BENCHMARK,NOT_AVAILABLE,NOT_GOLDBET,039ec31ae9cab5e1ba0a8871c4960f7496c3298283e20a6479a7e6dfc19ecf69
4913380c03a5fc770b30c0d8,Eliteserien,2025,HOLDOUT,2025-04-05,17:00,MATCH_KICKOFF_TIME_TIMEZONE_NOT_STATED_BY_SOURCE,,NOT_VERIFIED_DO_NOT_INFER,Rosenborg,Fredrikstad,1,0,H,EVALUATION_ONLY_JOIN_AFTER_PREMATCH_FEATURE_FREEZE,1.64,3.81,5.39,EXTERNAL_HISTORICAL_MARKET_BENCHMARK,NOT_AVAILABLE,NOT_GOLDBET,975d12f46245aa131e781b397888dd844d40ed2c33e964bbb10e8a6b124c1e43
ce1c6ca391bbf7e7c1f66a97,Eliteserien,2025,HOLDOUT,2025-04-06,13:30,MATCH_KICKOFF_TIME_TIMEZONE_NOT_STATED_BY_SOURCE,,NOT_VERIFIED_DO_NOT_INFER,Brann,Tromso,3,1,H,EVALUATION_ONLY_JOIN_AFTER_PREMATCH_FEATURE_FREEZE,1.71,3.91,4.61,EXTERNAL_HISTORICAL_MARKET_BENCHMARK,NOT_AVAILABLE,NOT_GOLDBET,41eb4601caeaef24b8a11df56fd8cc68cabc1180b08e33a20496746cf6f88d19
f54bf91eb2dd51eb65614f3e,Eliteserien,2025,HOLDOUT,2025-04-06,16:00,MATCH_KICKOFF_TIME_TIMEZONE_NOT_STATED_BY_SOURCE,,NOT_VERIFIED_DO_NOT_INFER,Haugesund,Stromsgodset,0,5,A,EVALUATION_ONLY_JOIN_AFTER_PREMATCH_FEATURE_FREEZE,3.73,3.54,1.98,EXTERNAL_HISTORICAL_MARKET_BENCHMARK,NOT_AVAILABLE,NOT_GOLDBET,843e599e3d0e03cea2be55bac4e1202e60b924ffec811b510d0cf363a0c740f8
d860beb1d7db78d4417775d9,Eliteserien,2025,HOLDOUT,2025-04-06,16:00,MATCH_KICKOFF_TIME_TIMEZONE_NOT_STATED_BY_SOURCE,,NOT_VERIFIED_DO_NOT_INFER,Kristiansund,Bryne,2,1,H,EVALUATION_ONLY_JOIN_AFTER_PREMATCH_FEATURE_FREEZE,2.2,3.34,3.3,EXTERNAL_HISTORICAL_MARKET_BENCHMARK,NOT_AVAILABLE,NOT_GOLDBET,84048317df202677d38d566e58af26f7cea3dbe369aa4d96de3a09185ffb1e7e
7356b6187f91fd45489e04f4,Eliteserien,2025,HOLDOUT,2025-04-06,16:00,MATCH_KICKOFF_TIME_TIMEZONE_NOT_STATED_BY_SOURCE,,NOT_VERIFIED_DO_NOT_INFER,Sandefjord,Molde,3,0,H,EVALUATION_ONLY_JOIN_AFTER_PREMATCH_FEATURE_FREEZE,3.55,3.66,1.99,EXTERNAL_HISTORICAL_MARKET_BENCHMARK,NOT_AVAILABLE,NOT_GOLDBET,01c5d250d5d45a7d206d5101625f2195d510c5dba2b7e08032285e6a7409e4f4
f8ee8642e9519fe7627401fa,Eliteserien,2025,HOLDOUT,2025-04-06,16:00,MATCH_KICKOFF_TIME_TIMEZONE_NOT_STATED_BY_SOURCE,,NOT_VERIFIED_DO_NOT_INFER,Sarpsborg 08,Valerenga,1,1,D,EVALUATION_ONLY_JOIN_AFTER_PREMATCH_FEATURE_FREEZE,2.24,3.55,3.04,EXTERNAL_HISTORICAL_MARKET_BENCHMARK,NOT_AVAILABLE,NOT_GOLDBET,2f97cd0de9d2d67518ab3b32444768c4c0c89ef4c5e06a361dac45dcd2aa96a4
ead3484a66711236d89a8833,Eliteserien,2025,HOLDOUT,2025-04-06,18:15,MATCH_KICKOFF_TIME_TIMEZONE_NOT_STATED_BY_SOURCE,,NOT_VERIFIED_DO_NOT_INFER,Viking,KFUM Oslo,3,1,H,EVALUATION_ONLY_JOIN_AFTER_PREMATCH_FEATURE_FREEZE,1.76,3.8,4.44,EXTERNAL_HISTORICAL_MARKET_BENCHMARK,NOT_AVAILABLE,NOT_GOLDBET,e16955b7de568d7370dfa6b124c7eacf9f6497d78ca1f95ea0465d520e2156e6
592c116ea99d835538a99fb7,Eliteserien,2025,HOLDOUT,2025-04-09,18:00,MATCH_KICKOFF_TIME_TIMEZONE_NOT_STATED_BY_SOURCE,,NOT_VERIFIED_DO_NOT_INFER,Fredrikstad,Valerenga,2,0,H,EVALUATION_ONLY_JOIN_AFTER_PREMATCH_FEATURE_FREEZE,2.32,3.22,3.15,EXTERNAL_HISTORICAL_MARKET_BENCHMARK,NOT_AVAILABLE,NOT_GOLDBET,b1afdf1643a3d82072abbf25c51cfd2768d8d0e4f0c9c1ceeaab6782a6242d93
25dc6ed9c324e2d985d760c1,Eliteserien,2025,HOLDOUT,2025-04-10,18:00,MATCH_KICKOFF_TIME_TIMEZONE_NOT_STATED_BY_SOURCE,,NOT_VERIFIED_DO_NOT_INFER,Brann,Stromsgodset,2,1,H,EVALUATION_ONLY_JOIN_AFTER_PREMATCH_FEATURE_FREEZE,1.55,4.29,5.72,EXTERNAL_HISTORICAL_MARKET_BENCHMARK,NOT_AVAILABLE,NOT_GOLDBET,6a889e6349553e34c04958cf4b399e58561a076ae72beac1f6c9c3b74ab8ac63
1b6e47513a44db2a440a4071,Eliteserien,2025,HOLDOUT,2025-04-10,18:00,MATCH_KICKOFF_TIME_TIMEZONE_NOT_STATED_BY_SOURCE,,NOT_VERIFIED_DO_NOT_INFER,Viking,Kristiansund,3,1,H,EVALUATION_ONLY_JOIN_AFTER_PREMATCH_FEATURE_FREEZE,1.4,4.94,7.16,EXTERNAL_HISTORICAL_MARKET_BENCHMARK,NOT_AVAILABLE,NOT_GOLDBET,b3dcf75df8506c25c0313ba061195c993f3c87d97c0308629178747c3d6addd8
ee28f65ea65bbcad273b5d1f,Eliteserien,2025,HOLDOUT,2025-04-20,13:30,MATCH_KICKOFF_TIME_TIMEZONE_NOT_STATED_BY_SOURCE,,NOT_VERIFIED_DO_NOT_INFER,Tromso,Kristiansund,2,3,A,EVALUATION_ONLY_JOIN_AFTER_PREMATCH_FEATURE_FREEZE,1.61,3.91,5.48,EXTERNAL_HISTORICAL_MARKET_BENCHMARK,NOT_AVAILABLE,NOT_GOLDBET,2461b7fd3fd5d7e56ca2037d09d831c457e1513936508ec4625cc181d3141290
c9ad966c229a9d2fe005de3d,Eliteserien,2025,HOLDOUT,2025-04-21,13:30,MATCH_KICKOFF_TIME_TIMEZONE_NOT_STATED_BY_SOURCE,,NOT_VERIFIED_DO_NOT_INFER,Valerenga,Rosenborg,0,2,A,EVALUATION_ONLY_JOIN_AFTER_PREMATCH_FEATURE_FREEZE,2.85,3.62,2.33,EXTERNAL_HISTORICAL_MARKET_BENCHMARK,NOT_AVAILABLE,NOT_GOLDBET,22758f16edb0956cb46993e892ce7841af6fcc7e5d055a9bcd29a9d0a63a84a1
abb3862ba620c19b542acecd,Eliteserien,2025,HOLDOUT,2025-04-21,16:00,MATCH_KICKOFF_TIME_TIMEZONE_NOT_STATED_BY_SOURCE,,NOT_VERIFIED_DO_NOT_INFER,Bryne,Haugesund,3,1,H,EVALUATION_ONLY_JOIN_AFTER_PREMATCH_FEATURE_FREEZE,1.73,3.89,4.48,EXTERNAL_HISTORICAL_MARKET_BENCHMARK,NOT_AVAILABLE,NOT_GOLDBET,61432f156b7159cb4ab1f6d3a98f0bddd19a66e3ddc1565fde60dc3ebb81f769
c70d382c6ac57c65787efe2f,Eliteserien,2025,HOLDOUT,2025-04-21,16:00,MATCH_KICKOFF_TIME_TIMEZONE_NOT_STATED_BY_SOURCE,,NOT_VERIFIED_DO_NOT_INFER,Fredrikstad,Sandefjord,3,1,H,EVALUATION_ONLY_JOIN_AFTER_PREMATCH_FEATURE_FREEZE,2.02,3.45,3.69,EXTERNAL_HISTORICAL_MARKET_BENCHMARK,NOT_AVAILABLE,NOT_GOLDBET,75df4d2b4642c176f42e73c17bff931b8c0c832c40d57d07c10bbf8dd9a0ac99
16897859cc37ff9bc0a83f69,Eliteserien,2025,HOLDOUT,2025-04-21,16:00,MATCH_KICKOFF_TIME_TIMEZONE_NOT_STATED_BY_SOURCE,,NOT_VERIFIED_DO_NOT_INFER,HamKam,Viking,2,5,A,EVALUATION_ONLY_JOIN_AFTER_PREMATCH_FEATURE_FREEZE,3.43,3.76,2,EXTERNAL_HISTORICAL_MARKET_BENCHMARK,NOT_AVAILABLE,NOT_GOLDBET,6141a320c7246c1e7e2ff181d0689b72db1a9026938079f9eff87530542503c7
84881201e82f857aaafe58bc,Eliteserien,2025,HOLDOUT,2025-04-21,16:00,MATCH_KICKOFF_TIME_TIMEZONE_NOT_STATED_BY_SOURCE,,NOT_VERIFIED_DO_NOT_INFER,KFUM Oslo,Sarpsborg 08,1,3,A,EVALUATION_ONLY_JOIN_AFTER_PREMATCH_FEATURE_FREEZE,2.46,3.37,2.83,EXTERNAL_HISTORICAL_MARKET_BENCHMARK,NOT_AVAILABLE,NOT_GOLDBET,f391e4bbceef9aef9881e2279bb9a2dc30e7f5da2a1f319d10a3774ee857320a
3f63da4fa81f19919350ce62,Eliteserien,2025,HOLDOUT,2025-04-21,16:00,MATCH_KICKOFF_TIME_TIMEZONE_NOT_STATED_BY_SOURCE,,NOT_VERIFIED_DO_NOT_INFER,Stromsgodset,Brann,1,2,A,EVALUATION_ONLY_JOIN_AFTER_PREMATCH_FEATURE_FREEZE,3.1,3.62,2.18,EXTERNAL_HISTORICAL_MARKET_BENCHMARK,NOT_AVAILABLE,NOT_GOLDBET,b907b0db1ab28b9461904770db79f5b3edc0e460a98d34a7067689a2d0315eaf
be965c3cb116542f7e1cfc01,Eliteserien,2025,HOLDOUT,2025-04-21,18:15,MATCH_KICKOFF_TIME_TIMEZONE_NOT_STATED_BY_SOURCE,,NOT_VERIFIED_DO_NOT_INFER,Molde,Bodo/Glimt,2,2,D,EVALUATION_ONLY_JOIN_AFTER_PREMATCH_FEATURE_FREEZE,3.29,3.59,2.12,EXTERNAL_HISTORICAL_MARKET_BENCHMARK,NOT_AVAILABLE,NOT_GOLDBET,c24385464115c72fec9e58ae53cadca86fbc4020d541362f613804bf5b904364
2f15f3914737c4939acc33f3,Eliteserien,2025,HOLDOUT,2025-04-27,13:30,MATCH_KICKOFF_TIME_TIMEZONE_NOT_STATED_BY_SOURCE,,NOT_VERIFIED_DO_NOT_INFER,Rosenborg,Molde,0,0,D,EVALUATION_ONLY_JOIN_AFTER_PREMATCH_FEATURE_FREEZE,1.75,3.89,4.34,EXTERNAL_HISTORICAL_MARKET_BENCHMARK,NOT_AVAILABLE,NOT_GOLDBET,9a7ac1d7ca48781c64b80f3682388f4572cd2cc0159cce54b68220b927879262
43fcae2019b753077511f744,Eliteserien,2025,HOLDOUT,2025-04-27,16:00,MATCH_KICKOFF_TIME_TIMEZONE_NOT_STATED_BY_SOURCE,,NOT_VERIFIED_DO_NOT_INFER,Bodo/Glimt,KFUM Oslo,3,0,H,EVALUATION_ONLY_JOIN_AFTER_PREMATCH_FEATURE_FREEZE,1.3,5.45,9.08,EXTERNAL_HISTORICAL_MARKET_BENCHMARK,NOT_AVAILABLE,NOT_GOLDBET,ceef9bb11332c6643b1b61b61f013931208f9d5d354659b9c52d3624b52f3d8d
138e272517a0137f15292e83,Eliteserien,2025,HOLDOUT,2025-04-27,16:00,MATCH_KICKOFF_TIME_TIMEZONE_NOT_STATED_BY_SOURCE,,NOT_VERIFIED_DO_NOT_INFER,Brann,Bryne,3,2,H,EVALUATION_ONLY_JOIN_AFTER_PREMATCH_FEATURE_FREEZE,1.36,4.9,8.31,EXTERNAL_HISTORICAL_MARKET_BENCHMARK,NOT_AVAILABLE,NOT_GOLDBET,af2760ec17fc81bed54913ff0f527bab506aebeccf54f716ebb442286a0e8a28
51b115c9fb1c9f8f3bf64de0,Eliteserien,2025,HOLDOUT,2025-04-27,16:00,MATCH_KICKOFF_TIME_TIMEZONE_NOT_STATED_BY_SOURCE,,NOT_VERIFIED_DO_NOT_INFER,Haugesund,Fredrikstad,0,0,D,EVALUATION_ONLY_JOIN_AFTER_PREMATCH_FEATURE_FREEZE,3.87,3.47,1.96,EXTERNAL_HISTORICAL_MARKET_BENCHMARK,NOT_AVAILABLE,NOT_GOLDBET,9044a4e82b9c5eeac521ecb25618902df7037f81211a67f79a220a340d7e66ab
7b58de8d4a16e6e6f33762d4,Eliteserien,2025,HOLDOUT,2025-04-27,16:00,MATCH_KICKOFF_TIME_TIMEZONE_NOT_STATED_BY_SOURCE,,NOT_VERIFIED_DO_NOT_INFER,Kristiansund,Valerenga,0,2,A,EVALUATION_ONLY_JOIN_AFTER_PREMATCH_FEATURE_FREEZE,3.43,3.84,1.98,EXTERNAL_HISTORICAL_MARKET_BENCHMARK,NOT_AVAILABLE,NOT_GOLDBET,2afe1d375c3a3951ea247a7dbadf5e8f62f34a5dd139f4574394290fa721f3bc
2010600e31dd75ebcf4fc0a4,Eliteserien,2025,HOLDOUT,2025-04-27,16:00,MATCH_KICKOFF_TIME_TIMEZONE_NOT_STATED_BY_SOURCE,,NOT_VERIFIED_DO_NOT_INFER,Sandefjord,HamKam,2,0,H,EVALUATION_ONLY_JOIN_AFTER_PREMATCH_FEATURE_FREEZE,1.62,4.12,5.16,EXTERNAL_HISTORICAL_MARKET_BENCHMARK,NOT_AVAILABLE,NOT_GOLDBET,9118cfd4a64e3e5e8da5d9dee5a7165cf56d1056232b1d85b734a0fd204c27e4
8abf885b52761b5fcc4779eb,Eliteserien,2025,HOLDOUT,2025-04-27,16:15,MATCH_KICKOFF_TIME_TIMEZONE_NOT_STATED_BY_SOURCE,,NOT_VERIFIED_DO_NOT_INFER,Sarpsborg 08,Stromsgodset,2,3,A,EVALUATION_ONLY_JOIN_AFTER_PREMATCH_FEATURE_FREEZE,1.77,3.91,4.21,EXTERNAL_HISTORICAL_MARKET_BENCHMARK,NOT_AVAILABLE,NOT_GOLDBET,6e83a62b917cb97a519f8502207144bceec614ac7355c325372eae6566c88f6f
6ad27187138ca5d283760a48,Eliteserien,2025,HOLDOUT,2025-04-27,18:15,MATCH_KICKOFF_TIME_TIMEZONE_NOT_STATED_BY_SOURCE,,NOT_VERIFIED_DO_NOT_INFER,Viking,Tromso,4,4,D,EVALUATION_ONLY_JOIN_AFTER_PREMATCH_FEATURE_FREEZE,1.73,4.08,4.33,EXTERNAL_HISTORICAL_MARKET_BENCHMARK,NOT_AVAILABLE,NOT_GOLDBET,03a85164e9a845d16c88907ff353438fa43d449bbfc3bf2b9f16c682939924ff
f02ae8b1761357af7c9a4d95,Eliteserien,2025,HOLDOUT,2025-04-30,17:00,MATCH_KICKOFF_TIME_TIMEZONE_NOT_STATED_BY_SOURCE,,NOT_VERIFIED_DO_NOT_INFER,Viking,Haugesund,5,1,H,EVALUATION_ONLY_JOIN_AFTER_PREMATCH_FEATURE_FREEZE,1.25,6.37,9.99,EXTERNAL_HISTORICAL_MARKET_BENCHMARK,NOT_AVAILABLE,NOT_GOLDBET,ea0062028e53a1f58cd2a7135663dc861fc0b6157b688b8236ee3bca80916c79
97426fc4920f6ffce5bc404e,Eliteserien,2025,HOLDOUT,2025-05-01,17:00,MATCH_KICKOFF_TIME_TIMEZONE_NOT_STATED_BY_SOURCE,,NOT_VERIFIED_DO_NOT_INFER,Rosenborg,Kristiansund,1,1,D,EVALUATION_ONLY_JOIN_AFTER_PREMATCH_FEATURE_FREEZE,1.32,5.43,8.87,EXTERNAL_HISTORICAL_MARKET_BENCHMARK,NOT_AVAILABLE,NOT_GOLDBET,cdc5404659585dfd37f08f0c284090f20efd17756e24c19045ca4badb97640be
7555878851ae5ce0c7da2998,Eliteserien,2025,HOLDOUT,2025-05-02,18:00,MATCH_KICKOFF_TIME_TIMEZONE_NOT_STATED_BY_SOURCE,,NOT_VERIFIED_DO_NOT_INFER,HamKam,KFUM Oslo,0,0,D,EVALUATION_ONLY_JOIN_AFTER_PREMATCH_FEATURE_FREEZE,3.07,3.14,2.44,EXTERNAL_HISTORICAL_MARKET_BENCHMARK,NOT_AVAILABLE,NOT_GOLDBET,8a5601eff579234150e8e6c46a5c564634c3a5e6e49e158e1e2b5e875d53e52b
6f6981497211b71066b96018,Eliteserien,2025,HOLDOUT,2025-05-03,17:00,MATCH_KICKOFF_TIME_TIMEZONE_NOT_STATED_BY_SOURCE,,NOT_VERIFIED_DO_NOT_INFER,Valerenga,Brann,2,4,A,EVALUATION_ONLY_JOIN_AFTER_PREMATCH_FEATURE_FREEZE,2.65,3.78,2.42,EXTERNAL_HISTORICAL_MARKET_BENCHMARK,NOT_AVAILABLE,NOT_GOLDBET,4c96361c69866e39ff9f813af8ece75800be265653809cbf5f752731a3a9212b
13a4b2f69ba0be7f79bfef71,Eliteserien,2025,HOLDOUT,2025-05-04,16:00,MATCH_KICKOFF_TIME_TIMEZONE_NOT_STATED_BY_SOURCE,,NOT_VERIFIED_DO_NOT_INFER,Molde,Haugesund,2,1,H,EVALUATION_ONLY_JOIN_AFTER_PREMATCH_FEATURE_FREEZE,1.22,6.4,11.97,EXTERNAL_HISTORICAL_MARKET_BENCHMARK,NOT_AVAILABLE,NOT_GOLDBET,be937ca47c465c2dbff247ae73138a4e487493a81894a3a05b2df0fceb5776c2
ff105e0478010a2a3d9031c0,Eliteserien,2025,HOLDOUT,2025-05-04,16:00,MATCH_KICKOFF_TIME_TIMEZONE_NOT_STATED_BY_SOURCE,,NOT_VERIFIED_DO_NOT_INFER,Stromsgodset,Kristiansund,1,2,A,EVALUATION_ONLY_JOIN_AFTER_PREMATCH_FEATURE_FREEZE,1.53,4.57,5.32,EXTERNAL_HISTORICAL_MARKET_BENCHMARK,NOT_AVAILABLE,NOT_GOLDBET,766d2ff07921fde76e37685e72f93135824c6e1515100d51314250358344ac45
b17441219559eaa0c10e1149,Eliteserien,2025,HOLDOUT,2025-05-04,16:00,MATCH_KICKOFF_TIME_TIMEZONE_NOT_STATED_BY_SOURCE,,NOT_VERIFIED_DO_NOT_INFER,Tromso,Sandefjord,0,1,A,EVALUATION_ONLY_JOIN_AFTER_PREMATCH_FEATURE_FREEZE,1.76,4.05,4.12,EXTERNAL_HISTORICAL_MARKET_BENCHMARK,NOT_AVAILABLE,NOT_GOLDBET,1b70a2b81af71072f4285a912d4aef74137c7a27ffe6d2308099c28734d81cf3
1675b4ec68600faeb674ffcc,Eliteserien,2025,HOLDOUT,2025-05-04,16:00,MATCH_KICKOFF_TIME_TIMEZONE_NOT_STATED_BY_SOURCE,,NOT_VERIFIED_DO_NOT_INFER,Viking,Sarpsborg 08,0,0,D,EVALUATION_ONLY_JOIN_AFTER_PREMATCH_FEATURE_FREEZE,1.66,4.42,4.4,EXTERNAL_HISTORICAL_MARKET_BENCHMARK,NOT_AVAILABLE,NOT_GOLDBET,e299c955dca7718739972122ae589e052e173be6a1d445cc86a141e5351295a0
d03c62826acad30205e08148,Eliteserien,2025,HOLDOUT,2025-05-04,18:15,MATCH_KICKOFF_TIME_TIMEZONE_NOT_STATED_BY_SOURCE,,NOT_VERIFIED_DO_NOT_INFER,Rosenborg,Bryne,3,0,H,EVALUATION_ONLY_JOIN_AFTER_PREMATCH_FEATURE_FREEZE,1.36,4.87,8.59,EXTERNAL_HISTORICAL_MARKET_BENCHMARK,NOT_AVAILABLE,NOT_GOLDBET,75f7baa261cb72e5f499aa6a96a67e4a3443d46dcdac1164cf22376e1a63ca92
950c009991a8ed3d4472f22b,Eliteserien,2025,HOLDOUT,2025-05-11,13:30,MATCH_KICKOFF_TIME_TIMEZONE_NOT_STATED_BY_SOURCE,,NOT_VERIFIED_DO_NOT_INFER,Brann,Rosenborg,0,0,D,EVALUATION_ONLY_JOIN_AFTER_PREMATCH_FEATURE_FREEZE,2.45,3.59,2.7,EXTERNAL_HISTORICAL_MARKET_BENCHMARK,NOT_AVAILABLE,NOT_GOLDBET,1e787e6889fb594ffbadac455e179c4bec52886f85ff54bd8ccf54c42325aa26
2676078b514ef45ca22253ce,Eliteserien,2025,HOLDOUT,2025-05-11,16:00,MATCH_KICKOFF_TIME_TIMEZONE_NOT_STATED_BY_SOURCE,,NOT_VERIFIED_DO_NOT_INFER,Bryne,Molde,0,3,A,EVALUATION_ONLY_JOIN_AFTER_PREMATCH_FEATURE_FREEZE,3.35,3.42,2.14,EXTERNAL_HISTORICAL_MARKET_BENCHMARK,NOT_AVAILABLE,NOT_GOLDBET,56f03debe07e390caed61fcbfae82e72351abf89f7a2e2db92b2e1954ebae2a5
8e594ceea625cc0ae6de52b5,Eliteserien,2025,HOLDOUT,2025-05-11,16:00,MATCH_KICKOFF_TIME_TIMEZONE_NOT_STATED_BY_SOURCE,,NOT_VERIFIED_DO_NOT_INFER,KFUM Oslo,Tromso,1,3,A,EVALUATION_ONLY_JOIN_AFTER_PREMATCH_FEATURE_FREEZE,2.41,2.96,3.27,EXTERNAL_HISTORICAL_MARKET_BENCHMARK,NOT_AVAILABLE,NOT_GOLDBET,9d29377c74d675f845b1bb0f8f4676942bd426e73ab972d5d3d8293cbd1df785
653a5b9693972be85eaae588,Eliteserien,2025,HOLDOUT,2025-05-11,16:00,MATCH_KICKOFF_TIME_TIMEZONE_NOT_STATED_BY_SOURCE,,NOT_VERIFIED_DO_NOT_INFER,Kristiansund,Fredrikstad,0,1,A,EVALUATION_ONLY_JOIN_AFTER_PREMATCH_FEATURE_FREEZE,3.15,3.47,2.22,EXTERNAL_HISTORICAL_MARKET_BENCHMARK,NOT_AVAILABLE,NOT_GOLDBET,ed8a796aa0c6f296dd978224bc86091587a8dd777820235ca5ca42efd899779f
4a0bcbcd051cf307f6be28d5,Eliteserien,2025,HOLDOUT,2025-05-11,16:00,MATCH_KICKOFF_TIME_TIMEZONE_NOT_STATED_BY_SOURCE,,NOT_VERIFIED_DO_NOT_INFER,Sandefjord,Valerenga,2,1,H,EVALUATION_ONLY_JOIN_AFTER_PREMATCH_FEATURE_FREEZE,2.21,3.64,3.05,EXTERNAL_HISTORICAL_MARKET_BENCHMARK,NOT_AVAILABLE,NOT_GOLDBET,5bcb101c015236392d28a061ebc9d5a2c3922338d7d22e7fada3b2324ae26d14
f3fa441fbdb1a997c8456526,Eliteserien,2025,HOLDOUT,2025-05-11,16:00,MATCH_KICKOFF_TIME_TIMEZONE_NOT_STATED_BY_SOURCE,,NOT_VERIFIED_DO_NOT_INFER,Sarpsborg 08,HamKam,4,0,H,EVALUATION_ONLY_JOIN_AFTER_PREMATCH_FEATURE_FREEZE,1.51,4.41,5.78,EXTERNAL_HISTORICAL_MARKET_BENCHMARK,NOT_AVAILABLE,NOT_GOLDBET,6fe8bf86fd4c233358e88106de654bff6512ee62611f8c02a68473a0c94d8444
0fe3106e8abbf0e9d57406e3,Eliteserien,2025,HOLDOUT,2025-05-11,18:15,MATCH_KICKOFF_TIME_TIMEZONE_NOT_STATED_BY_SOURCE,,NOT_VERIFIED_DO_NOT_INFER,Haugesund,Viking,1,4,A,EVALUATION_ONLY_JOIN_AFTER_PREMATCH_FEATURE_FREEZE,5.3,4.58,1.54,EXTERNAL_HISTORICAL_MARKET_BENCHMARK,NOT_AVAILABLE,NOT_GOLDBET,08a5c29b8c43077646ae748f0df1209d7d151a0d694c09db1fb8bf570e154ee7
5a16e74f7ac10be626792985,Eliteserien,2025,HOLDOUT,2025-05-16,17:00,MATCH_KICKOFF_TIME_TIMEZONE_NOT_STATED_BY_SOURCE,,NOT_VERIFIED_DO_NOT_INFER,Brann,Sarpsborg 08,2,2,D,EVALUATION_ONLY_JOIN_AFTER_PREMATCH_FEATURE_FREEZE,1.76,3.94,4.28,EXTERNAL_HISTORICAL_MARKET_BENCHMARK,NOT_AVAILABLE,NOT_GOLDBET,9c5989feae72adc462ac8f095d9e2345256d1bd5e44b3e93f9c0bd4b938bf1ec
56fb5ec408f202dc62ab3407,Eliteserien,2025,HOLDOUT,2025-05-16,17:00,MATCH_KICKOFF_TIME_TIMEZONE_NOT_STATED_BY_SOURCE,,NOT_VERIFIED_DO_NOT_INFER,Fredrikstad,KFUM Oslo,1,0,H,EVALUATION_ONLY_JOIN_AFTER_PREMATCH_FEATURE_FREEZE,1.96,3.05,4.61,EXTERNAL_HISTORICAL_MARKET_BENCHMARK,NOT_AVAILABLE,NOT_GOLDBET,364d39454cb4b22ab882dc6cf5761885572678980fdd76ec0d3c3a943e2694fd
808d2efe172c83137996ef99,Eliteserien,2025,HOLDOUT,2025-05-16,17:00,MATCH_KICKOFF_TIME_TIMEZONE_NOT_STATED_BY_SOURCE,,NOT_VERIFIED_DO_NOT_INFER,Molde,Kristiansund,0,1,A,EVALUATION_ONLY_JOIN_AFTER_PREMATCH_FEATURE_FREEZE,1.38,5.01,7.64,EXTERNAL_HISTORICAL_MARKET_BENCHMARK,NOT_AVAILABLE,NOT_GOLDBET,99610d1b008f80eb7c37507206a98a1f60e27c9eeb44e44617b24da2fcb29cba
6e7658f4ec95b81f62cc640e,Eliteserien,2025,HOLDOUT,2025-05-16,17:00,MATCH_KICKOFF_TIME_TIMEZONE_NOT_STATED_BY_SOURCE,,NOT_VERIFIED_DO_NOT_INFER,Rosenborg,Haugesund,1,0,H,EVALUATION_ONLY_JOIN_AFTER_PREMATCH_FEATURE_FREEZE,1.15,8.06,15.96,EXTERNAL_HISTORICAL_MARKET_BENCHMARK,NOT_AVAILABLE,NOT_GOLDBET,5f525188bb45f9b3b31fe628358b4b6c4fc53b8839913216d9bc9f2de07d51b4
c4745ebda6548a68babe407c,Eliteserien,2025,HOLDOUT,2025-05-16,17:00,MATCH_KICKOFF_TIME_TIMEZONE_NOT_STATED_BY_SOURCE,,NOT_VERIFIED_DO_NOT_INFER,Stromsgodset,Bryne,0,2,A,EVALUATION_ONLY_JOIN_AFTER_PREMATCH_FEATURE_FREEZE,1.66,4.06,4.87,EXTERNAL_HISTORICAL_MARKET_BENCHMARK,NOT_AVAILABLE,NOT_GOLDBET,21e9b54b215891b0a985c7428eee25a66d8c242686fad47c155c6409b5bc9ea7
19aca9a86df16398d1db50ae,Eliteserien,2025,HOLDOUT,2025-05-16,17:00,MATCH_KICKOFF_TIME_TIMEZONE_NOT_STATED_BY_SOURCE,,NOT_VERIFIED_DO_NOT_INFER,Tromso,Bodo/Glimt,2,1,H,EVALUATION_ONLY_JOIN_AFTER_PREMATCH_FEATURE_FREEZE,4.63,4.19,1.67,EXTERNAL_HISTORICAL_MARKET_BENCHMARK,NOT_AVAILABLE,NOT_GOLDBET,49dd08413a3067627bc7095ac3e7ccd0e82be31c06c359344db0bb5257a73e91
07a43c623197d39ce38a1826,Eliteserien,2025,HOLDOUT,2025-05-16,17:00,MATCH_KICKOFF_TIME_TIMEZONE_NOT_STATED_BY_SOURCE,,NOT_VERIFIED_DO_NOT_INFER,Viking,Sandefjord,3,1,H,EVALUATION_ONLY_JOIN_AFTER_PREMATCH_FEATURE_FREEZE,1.61,4.39,4.87,EXTERNAL_HISTORICAL_MARKET_BENCHMARK,NOT_AVAILABLE,NOT_GOLDBET,d0764b856354a0dcb8e7dc21093cb10929d8107727d9d9a0ae816f8923978a26
39015718043daac33215ab59,Eliteserien,2025,HOLDOUT,2025-05-16,19:00,MATCH_KICKOFF_TIME_TIMEZONE_NOT_STATED_BY_SOURCE,,NOT_VERIFIED_DO_NOT_INFER,Valerenga,HamKam,1,1,D,EVALUATION_ONLY_JOIN_AFTER_PREMATCH_FEATURE_FREEZE,1.59,4.16,5.42,EXTERNAL_HISTORICAL_MARKET_BENCHMARK,NOT_AVAILABLE,NOT_GOLDBET,0a6ce30410c6210f82e4001ea5003bb7cb3e356d608218281c230f7969bbe13f
b3d3d926e28f096bb78f2e84,Eliteserien,2025,HOLDOUT,2025-05-24,15:00,MATCH_KICKOFF_TIME_TIMEZONE_NOT_STATED_BY_SOURCE,,NOT_VERIFIED_DO_NOT_INFER,Bryne,Fredrikstad,4,3,H,EVALUATION_ONLY_JOIN_AFTER_PREMATCH_FEATURE_FREEZE,2.72,3.14,2.7,EXTERNAL_HISTORICAL_MARKET_BENCHMARK,NOT_AVAILABLE,NOT_GOLDBET,6224d4faa7b90537b3b38ca4a33c74058a8a43a964402fbe630ebd49bc5e0511
cd8eba19d0294d5101403dbb,Eliteserien,2025,HOLDOUT,2025-05-24,17:00,MATCH_KICKOFF_TIME_TIMEZONE_NOT_STATED_BY_SOURCE,,NOT_VERIFIED_DO_NOT_INFER,Bodo/Glimt,Rosenborg,4,0,H,EVALUATION_ONLY_JOIN_AFTER_PREMATCH_FEATURE_FREEZE,1.62,4.33,4.83,EXTERNAL_HISTORICAL_MARKET_BENCHMARK,NOT_AVAILABLE,NOT_GOLDBET,2c3b6411f7d5d2d70e9d4ca59d08e14e1a9e1531be3e1bbbc74d879330f5ebd9
d4edce867cad4faaaa3a8348,Eliteserien,2025,HOLDOUT,2025-05-25,13:30,MATCH_KICKOFF_TIME_TIMEZONE_NOT_STATED_BY_SOURCE,,NOT_VERIFIED_DO_NOT_INFER,HamKam,Molde,2,1,H,EVALUATION_ONLY_JOIN_AFTER_PREMATCH_FEATURE_FREEZE,4.36,3.87,1.76,EXTERNAL_HISTORICAL_MARKET_BENCHMARK,NOT_AVAILABLE,NOT_GOLDBET,fc35cfe037e0931756425910602aeb5812c080c22ffb5aa576d6fe0c21f04361
bf7de3ae2322bf2c36ce2258,Eliteserien,2025,HOLDOUT,2025-05-25,16:00,MATCH_KICKOFF_TIME_TIMEZONE_NOT_STATED_BY_SOURCE,,NOT_VERIFIED_DO_NOT_INFER,Kristiansund,Viking,0,1,A,EVALUATION_ONLY_JOIN_AFTER_PREMATCH_FEATURE_FREEZE,4.47,4.41,1.66,EXTERNAL_HISTORICAL_MARKET_BENCHMARK,NOT_AVAILABLE,NOT_GOLDBET,b2e90c291109ed361386032fe2bec29ad05afc5e2caae7735e56843e6d41294d
ef4a0652e5793ccdfb96585a,Eliteserien,2025,HOLDOUT,2025-05-25,16:00,MATCH_KICKOFF_TIME_TIMEZONE_NOT_STATED_BY_SOURCE,,NOT_VERIFIED_DO_NOT_INFER,Sandefjord,Stromsgodset,3,2,H,EVALUATION_ONLY_JOIN_AFTER_PREMATCH_FEATURE_FREEZE,2.08,3.74,3.29,EXTERNAL_HISTORICAL_MARKET_BENCHMARK,NOT_AVAILABLE,NOT_GOLDBET,3476465a204b52b481c077e1c9ff836404585a86cc083538add07bba2911ad44
dba63e011e86e136c4373086,Eliteserien,2025,HOLDOUT,2025-05-25,16:00,MATCH_KICKOFF_TIME_TIMEZONE_NOT_STATED_BY_SOURCE,,NOT_VERIFIED_DO_NOT_INFER,Sarpsborg 08,Tromso,0,1,A,EVALUATION_ONLY_JOIN_AFTER_PREMATCH_FEATURE_FREEZE,2.27,3.46,3.09,EXTERNAL_HISTORICAL_MARKET_BENCHMARK,NOT_AVAILABLE,NOT_GOLDBET,0e31dcda7b831bd99fbb54e4d40e361ea95ed8913b5086d8818e1080616a7f0b
6d9502d9f11c04bbb32c09e4,Eliteserien,2025,HOLDOUT,2025-05-25,18:15,MATCH_KICKOFF_TIME_TIMEZONE_NOT_STATED_BY_SOURCE,,NOT_VERIFIED_DO_NOT_INFER,Haugesund,Brann,0,2,A,EVALUATION_ONLY_JOIN_AFTER_PREMATCH_FEATURE_FREEZE,6.99,4.96,1.41,EXTERNAL_HISTORICAL_MARKET_BENCHMARK,NOT_AVAILABLE,NOT_GOLDBET,313bd1100295c9083649c4d611d6dd81d843e8972838f79bd009747bc20fb10e
c21433299fd4e3cbe4e67577,Eliteserien,2025,HOLDOUT,2025-05-26,18:00,MATCH_KICKOFF_TIME_TIMEZONE_NOT_STATED_BY_SOURCE,,NOT_VERIFIED_DO_NOT_INFER,KFUM Oslo,Valerenga,0,1,A,EVALUATION_ONLY_JOIN_AFTER_PREMATCH_FEATURE_FREEZE,2.37,3.16,3.11,EXTERNAL_HISTORICAL_MARKET_BENCHMARK,NOT_AVAILABLE,NOT_GOLDBET,8d1f12b1b50b64a2c65263430debc1d14e482648c2bd091959ad74c1469f2252
9f77f22090a6228b1fbd7157,Eliteserien,2025,HOLDOUT,2025-05-28,18:00,MATCH_KICKOFF_TIME_TIMEZONE_NOT_STATED_BY_SOURCE,,NOT_VERIFIED_DO_NOT_INFER,Fredrikstad,Rosenborg,0,2,A,EVALUATION_ONLY_JOIN_AFTER_PREMATCH_FEATURE_FREEZE,2.73,3.3,2.59,EXTERNAL_HISTORICAL_MARKET_BENCHMARK,NOT_AVAILABLE,NOT_GOLDBET,f222cfdc0e0e8c555e8d9db25a370b5d8f25eaa8b16668298eafff64712db366
53b9ea73e4a6bfd5904c4971,Eliteserien,2025,HOLDOUT,2025-05-28,20:00,MATCH_KICKOFF_TIME_TIMEZONE_NOT_STATED_BY_SOURCE,,NOT_VERIFIED_DO_NOT_INFER,Bodo/Glimt,Viking,2,4,A,EVALUATION_ONLY_JOIN_AFTER_PREMATCH_FEATURE_FREEZE,1.36,5.41,7.36,EXTERNAL_HISTORICAL_MARKET_BENCHMARK,NOT_AVAILABLE,NOT_GOLDBET,5b458aac0a0bca8d88dc49e6529fee9e944cc9051d88542fa4d003049af92826
6ad02f74c661b029c65d6a51,Eliteserien,2025,HOLDOUT,2025-05-29,17:00,MATCH_KICKOFF_TIME_TIMEZONE_NOT_STATED_BY_SOURCE,,NOT_VERIFIED_DO_NOT_INFER,Brann,Molde,0,3,A,EVALUATION_ONLY_JOIN_AFTER_PREMATCH_FEATURE_FREEZE,1.75,4.01,4.25,EXTERNAL_HISTORICAL_MARKET_BENCHMARK,NOT_AVAILABLE,NOT_GOLDBET,2e76fdca09f60ba31b5a55cbd2143be3f8df21bfa0bb55c9c82d34967d40e460
bd9d3fc627815b852896a55c,Eliteserien,2025,HOLDOUT,2025-05-31,15:00,MATCH_KICKOFF_TIME_TIMEZONE_NOT_STATED_BY_SOURCE,,NOT_VERIFIED_DO_NOT_INFER,Stromsgodset,HamKam,0,3,A,EVALUATION_ONLY_JOIN_AFTER_PREMATCH_FEATURE_FREEZE,1.82,3.93,3.96,EXTERNAL_HISTORICAL_MARKET_BENCHMARK,NOT_AVAILABLE,NOT_GOLDBET,2e7b2b27ad755f0ece5c9d4af25bc7acf4610de33eadeb5e62129265641f56ba
c4ad2e911b63f93f0a8ff37e,Eliteserien,2025,HOLDOUT,2025-05-31,17:45,MATCH_KICKOFF_TIME_TIMEZONE_NOT_STATED_BY_SOURCE,,NOT_VERIFIED_DO_NOT_INFER,Tromso,Valerenga,2,1,H,EVALUATION_ONLY_JOIN_AFTER_PREMATCH_FEATURE_FREEZE,1.81,3.78,4.19,EXTERNAL_HISTORICAL_MARKET_BENCHMARK,NOT_AVAILABLE,NOT_GOLDBET,dcf4dbd55399170e9f1552ffd9ef2f57c00cfb2e9204a84e1cc79b80ab000cac
e1b82c8dde901f1d3c843f1c,Eliteserien,2025,HOLDOUT,2025-06-01,13:30,MATCH_KICKOFF_TIME_TIMEZONE_NOT_STATED_BY_SOURCE,,NOT_VERIFIED_DO_NOT_INFER,Fredrikstad,Sarpsborg 08,1,1,D,EVALUATION_ONLY_JOIN_AFTER_PREMATCH_FEATURE_FREEZE,2.16,3.41,3.34,EXTERNAL_HISTORICAL_MARKET_BENCHMARK,NOT_AVAILABLE,NOT_GOLDBET,f45f10c04d01d3d08124cc2a9dc0ca98003308b8ec607b0de025b8997a6038bf
e558be8c691202f8d8828ce3,Eliteserien,2025,HOLDOUT,2025-06-01,16:00,MATCH_KICKOFF_TIME_TIMEZONE_NOT_STATED_BY_SOURCE,,NOT_VERIFIED_DO_NOT_INFER,Brann,Kristiansund,4,2,H,EVALUATION_ONLY_JOIN_AFTER_PREMATCH_FEATURE_FREEZE,1.35,5.42,7.62,EXTERNAL_HISTORICAL_MARKET_BENCHMARK,NOT_AVAILABLE,NOT_GOLDBET,50d82b2726311036266666f327c8fe35293aa66d1c60d714b001bf805e6eaf12
f6cccc592e1d43caa501d92c,Eliteserien,2025,HOLDOUT,2025-06-01,16:00,MATCH_KICKOFF_TIME_TIMEZONE_NOT_STATED_BY_SOURCE,,NOT_VERIFIED_DO_NOT_INFER,Bryne,Sandefjord,3,2,H,EVALUATION_ONLY_JOIN_AFTER_PREMATCH_FEATURE_FREEZE,2.49,3.51,2.72,EXTERNAL_HISTORICAL_MARKET_BENCHMARK,NOT_AVAILABLE,NOT_GOLDBET,c5afe47ec9d544b3a2a427815a1944666e38e78758f2f1c5d1525967265e7592
7aa33a66e4d022ec97bad5e7,Eliteserien,2025,HOLDOUT,2025-06-01,16:00,MATCH_KICKOFF_TIME_TIMEZONE_NOT_STATED_BY_SOURCE,,NOT_VERIFIED_DO_NOT_INFER,Haugesund,Bodo/Glimt,0,4,A,EVALUATION_ONLY_JOIN_AFTER_PREMATCH_FEATURE_FREEZE,13.32,6.8,1.2,EXTERNAL_HISTORICAL_MARKET_BENCHMARK,NOT_AVAILABLE,NOT_GOLDBET,00f9e61665a9d8933610a22eba855acbc7f5c523b658ffcf0d5faec8b5debedd
a2ccfb45bf7ebd2225306d1d,Eliteserien,2025,HOLDOUT,2025-06-01,16:00,MATCH_KICKOFF_TIME_TIMEZONE_NOT_STATED_BY_SOURCE,,NOT_VERIFIED_DO_NOT_INFER,Rosenborg,KFUM Oslo,1,1,D,EVALUATION_ONLY_JOIN_AFTER_PREMATCH_FEATURE_FREEZE,1.59,4.06,5.6,EXTERNAL_HISTORICAL_MARKET_BENCHMARK,NOT_AVAILABLE,NOT_GOLDBET,82bb5e84ca4a26b9019e31044491aa15bfa65ca35fc621a2ecd45672aada9de9
1b1b7a2d825e4132d6f09401,Eliteserien,2025,HOLDOUT,2025-06-01,18:15,MATCH_KICKOFF_TIME_TIMEZONE_NOT_STATED_BY_SOURCE,,NOT_VERIFIED_DO_NOT_INFER,Molde,Viking,0,1,A,EVALUATION_ONLY_JOIN_AFTER_PREMATCH_FEATURE_FREEZE,2.66,3.85,2.38,EXTERNAL_HISTORICAL_MARKET_BENCHMARK,NOT_AVAILABLE,NOT_GOLDBET,aff447d37834495037b0bb5a494f3936bdb50e4a6901c399691c98533010af8a
f3c5ce895c0fa4fbcc33f4f0,Eliteserien,2025,HOLDOUT,2025-06-21,17:00,MATCH_KICKOFF_TIME_TIMEZONE_NOT_STATED_BY_SOURCE,,NOT_VERIFIED_DO_NOT_INFER,Bodo/Glimt,Brann,3,0,H,EVALUATION_ONLY_JOIN_AFTER_PREMATCH_FEATURE_FREEZE,1.42,4.96,5.79,EXTERNAL_HISTORICAL_MARKET_BENCHMARK,NOT_AVAILABLE,NOT_GOLDBET,f1eec7f1e762fd86d31fc01226d089440c1a1cdd34640b4eb93e07cbfc2a7d28
1f6d1296852c4fb7eb300c78,Eliteserien,2025,HOLDOUT,2025-06-22,13:30,MATCH_KICKOFF_TIME_TIMEZONE_NOT_STATED_BY_SOURCE,,NOT_VERIFIED_DO_NOT_INFER,Valerenga,Molde,2,3,A,EVALUATION_ONLY_JOIN_AFTER_PREMATCH_FEATURE_FREEZE,2.82,3.57,2.24,EXTERNAL_HISTORICAL_MARKET_BENCHMARK,NOT_AVAILABLE,NOT_GOLDBET,d19473f0d4722a1b76cadfabdbe73cb175db9fd3d577b45ca33b19d9011aa67c
9be6e78ba6ea379e53920daa,Eliteserien,2025,HOLDOUT,2025-06-22,16:00,MATCH_KICKOFF_TIME_TIMEZONE_NOT_STATED_BY_SOURCE,,NOT_VERIFIED_DO_NOT_INFER,HamKam,Tromso,1,3,A,EVALUATION_ONLY_JOIN_AFTER_PREMATCH_FEATURE_FREEZE,3.24,3.35,2.12,EXTERNAL_HISTORICAL_MARKET_BENCHMARK,NOT_AVAILABLE,NOT_GOLDBET,b5f7e6b622101853cceaa1689a22231e070dfc30e141a8d3043e2d0805d2eb8c
ad39b1f4d0026c1012f3efcc,Eliteserien,2025,HOLDOUT,2025-06-22,16:00,MATCH_KICKOFF_TIME_TIMEZONE_NOT_STATED_BY_SOURCE,,NOT_VERIFIED_DO_NOT_INFER,KFUM Oslo,Stromsgodset,5,0,H,EVALUATION_ONLY_JOIN_AFTER_PREMATCH_FEATURE_FREEZE,1.76,3.75,4.08,EXTERNAL_HISTORICAL_MARKET_BENCHMARK,NOT_AVAILABLE,NOT_GOLDBET,787af1bf8eebfa8b71ff3cd4090418a03c543f53a2a54852f13e6f996715a2f9
bfce9ae3a1f09b3225804f13,Eliteserien,2025,HOLDOUT,2025-06-22,16:00,MATCH_KICKOFF_TIME_TIMEZONE_NOT_STATED_BY_SOURCE,,NOT_VERIFIED_DO_NOT_INFER,Kristiansund,Rosenborg,4,1,H,EVALUATION_ONLY_JOIN_AFTER_PREMATCH_FEATURE_FREEZE,3.17,3.71,2.01,EXTERNAL_HISTORICAL_MARKET_BENCHMARK,NOT_AVAILABLE,NOT_GOLDBET,1cb7842876e408de15a23772f7d6fda236a523896cd71923965f769c9cd91123
2f113f80ef1e13cced80ff02,Eliteserien,2025,HOLDOUT,2025-06-22,16:00,MATCH_KICKOFF_TIME_TIMEZONE_NOT_STATED_BY_SOURCE,,NOT_VERIFIED_DO_NOT_INFER,Sandefjord,Haugesund,4,0,H,EVALUATION_ONLY_JOIN_AFTER_PREMATCH_FEATURE_FREEZE,1.33,5.09,7.44,EXTERNAL_HISTORICAL_MARKET_BENCHMARK,NOT_AVAILABLE,NOT_GOLDBET,5140e1ef8809c8887d26556c9c9c8841c3ee61db9fe078a988cafe1b76697f45
4d4b317597292cbbdf4707ca,Eliteserien,2025,HOLDOUT,2025-06-22,16:00,MATCH_KICKOFF_TIME_TIMEZONE_NOT_STATED_BY_SOURCE,,NOT_VERIFIED_DO_NOT_INFER,Sarpsborg 08,Bryne,1,1,D,EVALUATION_ONLY_JOIN_AFTER_PREMATCH_FEATURE_FREEZE,1.73,3.95,3.99,EXTERNAL_HISTORICAL_MARKET_BENCHMARK,NOT_AVAILABLE,NOT_GOLDBET,13717ff49a60fa57f7004cf6f82376aa9a65d93ad804a77715515a49a37a61c8
570ab0699b5301a23af31c9d,Eliteserien,2025,HOLDOUT,2025-06-22,18:15,MATCH_KICKOFF_TIME_TIMEZONE_NOT_STATED_BY_SOURCE,,NOT_VERIFIED_DO_NOT_INFER,Viking,Fredrikstad,3,0,H,EVALUATION_ONLY_JOIN_AFTER_PREMATCH_FEATURE_FREEZE,1.47,4.34,5.93,EXTERNAL_HISTORICAL_MARKET_BENCHMARK,NOT_AVAILABLE,NOT_GOLDBET,0e689ab91b12a76f0ac87bf5c57cd17d097f89382e8628c25c6fe590fdf26140
335b7693963e0f726d67eef0,Eliteserien,2025,HOLDOUT,2025-06-28,17:00,MATCH_KICKOFF_TIME_TIMEZONE_NOT_STATED_BY_SOURCE,,NOT_VERIFIED_DO_NOT_INFER,Rosenborg,Viking,1,1,D,EVALUATION_ONLY_JOIN_AFTER_PREMATCH_FEATURE_FREEZE,2.36,3.63,2.62,EXTERNAL_HISTORICAL_MARKET_BENCHMARK,NOT_AVAILABLE,NOT_GOLDBET,8c95171fe1a330cdb9e3b2a72ed9bac596f1c4d8cfef78984a08b36b3733e222
9491833e419b5908b4127879,Eliteserien,2025,HOLDOUT,2025-06-29,13:30,MATCH_KICKOFF_TIME_TIMEZONE_NOT_STATED_BY_SOURCE,,NOT_VERIFIED_DO_NOT_INFER,Haugesund,Kristiansund,0,0,D,EVALUATION_ONLY_JOIN_AFTER_PREMATCH_FEATURE_FREEZE,3.02,3.62,2.11,EXTERNAL_HISTORICAL_MARKET_BENCHMARK,NOT_AVAILABLE,NOT_GOLDBET,c095bf1362ff837fdcaae87b86bd0689a567c1c8ae5289c12e9dfb12eacd66ac
5767249efbd7c52c49a71356,Eliteserien,2025,HOLDOUT,2025-06-29,16:00,MATCH_KICKOFF_TIME_TIMEZONE_NOT_STATED_BY_SOURCE,,NOT_VERIFIED_DO_NOT_INFER,Bodo/Glimt,Sarpsborg 08,1,2,A,EVALUATION_ONLY_JOIN_AFTER_PREMATCH_FEATURE_FREEZE,1.2,6.81,10.3,EXTERNAL_HISTORICAL_MARKET_BENCHMARK,NOT_AVAILABLE,NOT_GOLDBET,def54b1583285daf5385dfb84726998bfc00a778afe77741a1f8f789053df915
39251f291a264d9660ad71c7,Eliteserien,2025,HOLDOUT,2025-06-29,16:00,MATCH_KICKOFF_TIME_TIMEZONE_NOT_STATED_BY_SOURCE,,NOT_VERIFIED_DO_NOT_INFER,Bryne,HamKam,1,1,D,EVALUATION_ONLY_JOIN_AFTER_PREMATCH_FEATURE_FREEZE,1.85,3.58,3.86,EXTERNAL_HISTORICAL_MARKET_BENCHMARK,NOT_AVAILABLE,NOT_GOLDBET,df85b6507f690f3ded2c743489fa3be159b8d3011dec7d75786706a6eafaa92c
bbdb4fd8536d6c2384b48c63,Eliteserien,2025,HOLDOUT,2025-06-29,16:00,MATCH_KICKOFF_TIME_TIMEZONE_NOT_STATED_BY_SOURCE,,NOT_VERIFIED_DO_NOT_INFER,Fredrikstad,Tromso,0,1,A,EVALUATION_ONLY_JOIN_AFTER_PREMATCH_FEATURE_FREEZE,2.41,3.13,2.88,EXTERNAL_HISTORICAL_MARKET_BENCHMARK,NOT_AVAILABLE,NOT_GOLDBET,22799ad68da40eb76c2f8b3042e534e6b6bf55d7434e402858ef88ea3603abde
087dbe49ac19f5463ab05004,Eliteserien,2025,HOLDOUT,2025-06-29,16:00,MATCH_KICKOFF_TIME_TIMEZONE_NOT_STATED_BY_SOURCE,,NOT_VERIFIED_DO_NOT_INFER,Molde,KFUM Oslo,2,3,A,EVALUATION_ONLY_JOIN_AFTER_PREMATCH_FEATURE_FREEZE,1.95,3.4,3.66,EXTERNAL_HISTORICAL_MARKET_BENCHMARK,NOT_AVAILABLE,NOT_GOLDBET,29d1596b6d45837a19486204e11ca19569530891ea436084fc8e2c48eb12575e
b40807dc263c184b3987f217,Eliteserien,2025,HOLDOUT,2025-06-29,18:15,MATCH_KICKOFF_TIME_TIMEZONE_NOT_STATED_BY_SOURCE,,NOT_VERIFIED_DO_NOT_INFER,Stromsgodset,Valerenga,0,2,A,EVALUATION_ONLY_JOIN_AFTER_PREMATCH_FEATURE_FREEZE,2.65,3.64,2.33,EXTERNAL_HISTORICAL_MARKET_BENCHMARK,NOT_AVAILABLE,NOT_GOLDBET,41150f1325e4f2d97e82cc6d1fd3d0717d78cef6af336016466c9409d4269b4e
e28e6c0bda5c15aefee5c164,Eliteserien,2025,HOLDOUT,2025-06-30,18:00,MATCH_KICKOFF_TIME_TIMEZONE_NOT_STATED_BY_SOURCE,,NOT_VERIFIED_DO_NOT_INFER,Brann,Sandefjord,1,0,H,EVALUATION_ONLY_JOIN_AFTER_PREMATCH_FEATURE_FREEZE,1.62,4.23,4.43,EXTERNAL_HISTORICAL_MARKET_BENCHMARK,NOT_AVAILABLE,NOT_GOLDBET,d1a078799e99b9e161a9fdea2cf4d8fb7fd4403b4ea5a7aa479bbc670b06e256
ad4f93ad8e4b1ed838d6fc60,Eliteserien,2025,HOLDOUT,2025-07-05,13:00,MATCH_KICKOFF_TIME_TIMEZONE_NOT_STATED_BY_SOURCE,,NOT_VERIFIED_DO_NOT_INFER,HamKam,Brann,1,1,D,EVALUATION_ONLY_JOIN_AFTER_PREMATCH_FEATURE_FREEZE,3.59,3.71,1.88,EXTERNAL_HISTORICAL_MARKET_BENCHMARK,NOT_AVAILABLE,NOT_GOLDBET,7862aa2d3f0f1df8ce31a5e09326f373a6ed6ae9929811b4dff6b01f1760caf8
4ec842c13da808828626c8cc,Eliteserien,2025,HOLDOUT,2025-07-05,15:00,MATCH_KICKOFF_TIME_TIMEZONE_NOT_STATED_BY_SOURCE,,NOT_VERIFIED_DO_NOT_INFER,Viking,Stromsgodset,1,0,H,EVALUATION_ONLY_JOIN_AFTER_PREMATCH_FEATURE_FREEZE,1.22,6.43,9.57,EXTERNAL_HISTORICAL_MARKET_BENCHMARK,NOT_AVAILABLE,NOT_GOLDBET,b7794810ae09f80ec61b3eb62a69ccc075370a62b91de7b28e29634f667372e1
cdee5d81b7afe99751cdd0e9,Eliteserien,2025,HOLDOUT,2025-07-05,17:00,MATCH_KICKOFF_TIME_TIMEZONE_NOT_STATED_BY_SOURCE,,NOT_VERIFIED_DO_NOT_INFER,Valerenga,Fredrikstad,1,1,D,EVALUATION_ONLY_JOIN_AFTER_PREMATCH_FEATURE_FREEZE,2.04,3.46,3.34,EXTERNAL_HISTORICAL_MARKET_BENCHMARK,NOT_AVAILABLE,NOT_GOLDBET,6aa1ab09962e88d157a13fb485324716de4f78895d34d47cc3ff11ea96313bc0
3c1941bd8ebbea26229d83d8,Eliteserien,2025,HOLDOUT,2025-07-05,19:00,MATCH_KICKOFF_TIME_TIMEZONE_NOT_STATED_BY_SOURCE,,NOT_VERIFIED_DO_NOT_INFER,Kristiansund,Bodo/Glimt,1,1,D,EVALUATION_ONLY_JOIN_AFTER_PREMATCH_FEATURE_FREEZE,6.19,5,1.39,EXTERNAL_HISTORICAL_MARKET_BENCHMARK,NOT_AVAILABLE,NOT_GOLDBET,4dc212d580431c4cd338f07687e59d7d7a2a1513acc77ce9cdafe7794928e111
7f6c581a594748ded4e863bd,Eliteserien,2025,HOLDOUT,2025-07-05,21:00,MATCH_KICKOFF_TIME_TIMEZONE_NOT_STATED_BY_SOURCE,,NOT_VERIFIED_DO_NOT_INFER,Tromso,Molde,1,0,H,EVALUATION_ONLY_JOIN_AFTER_PREMATCH_FEATURE_FREEZE,2.29,3.42,2.85,EXTERNAL_HISTORICAL_MARKET_BENCHMARK,NOT_AVAILABLE,NOT_GOLDBET,592ac38a2ea2d31fa2e06b0a4dfb1a61e413e7d9e6ebdb4ec0d5c68fd72ee9a1
c6ef30d959f6b8040853348c,Eliteserien,2025,HOLDOUT,2025-07-06,13:30,MATCH_KICKOFF_TIME_TIMEZONE_NOT_STATED_BY_SOURCE,,NOT_VERIFIED_DO_NOT_INFER,KFUM Oslo,Bryne,1,1,D,EVALUATION_ONLY_JOIN_AFTER_PREMATCH_FEATURE_FREEZE,1.73,3.54,4.55,EXTERNAL_HISTORICAL_MARKET_BENCHMARK,NOT_AVAILABLE,NOT_GOLDBET,cc56f50ed016661843e0b31afd0135324c2b66773d836c2ba6ed500c9c91bbc9
158d07f3b003abb6c2bbcbd6,Eliteserien,2025,HOLDOUT,2025-07-06,13:30,MATCH_KICKOFF_TIME_TIMEZONE_NOT_STATED_BY_SOURCE,,NOT_VERIFIED_DO_NOT_INFER,Sandefjord,Rosenborg,2,0,H,EVALUATION_ONLY_JOIN_AFTER_PREMATCH_FEATURE_FREEZE,2.17,3.55,2.96,EXTERNAL_HISTORICAL_MARKET_BENCHMARK,NOT_AVAILABLE,NOT_GOLDBET,57e289d26e95c698d21ddfa9c1f98b16db4b0b775081518b06f3667aa85c42cd
7f0cafad8071c449fe829493,Eliteserien,2025,HOLDOUT,2025-07-06,13:30,MATCH_KICKOFF_TIME_TIMEZONE_NOT_STATED_BY_SOURCE,,NOT_VERIFIED_DO_NOT_INFER,Sarpsborg 08,Haugesund,3,1,H,EVALUATION_ONLY_JOIN_AFTER_PREMATCH_FEATURE_FREEZE,1.34,5.23,7.1,EXTERNAL_HISTORICAL_MARKET_BENCHMARK,NOT_AVAILABLE,NOT_GOLDBET,6089682b739d9328f86123e099980d217b7469087f3521d2f2ae7c52719f3d89
b475ef95892730421c03d4af,Eliteserien,2025,HOLDOUT,2025-07-12,15:00,MATCH_KICKOFF_TIME_TIMEZONE_NOT_STATED_BY_SOURCE,,NOT_VERIFIED_DO_NOT_INFER,Bodo/Glimt,Sandefjord,2,0,H,EVALUATION_ONLY_JOIN_AFTER_PREMATCH_FEATURE_FREEZE,1.27,5.89,8.35,EXTERNAL_HISTORICAL_MARKET_BENCHMARK,NOT_AVAILABLE,NOT_GOLDBET,272f4d1ef2ae7975a84d2d29bdf1d0b7541f938c22c2d024a8669d8d3d74f01f
45ab68e8bf785c3f99f5ca69,Eliteserien,2025,HOLDOUT,2025-07-12,17:00,MATCH_KICKOFF_TIME_TIMEZONE_NOT_STATED_BY_SOURCE,,NOT_VERIFIED_DO_NOT_INFER,Fredrikstad,Molde,4,2,H,EVALUATION_ONLY_JOIN_AFTER_PREMATCH_FEATURE_FREEZE,2.5,3.2,2.73,EXTERNAL_HISTORICAL_MARKET_BENCHMARK,NOT_AVAILABLE,NOT_GOLDBET,705b5f43036fdb9801365868dafc3024b100c7c410c1c80441f64b62c9c82e62
2a1a4e0b4f31cb775e8f3f4a,Eliteserien,2025,HOLDOUT,2025-07-13,13:30,MATCH_KICKOFF_TIME_TIMEZONE_NOT_STATED_BY_SOURCE,,NOT_VERIFIED_DO_NOT_INFER,Bryne,Valerenga,1,0,H,EVALUATION_ONLY_JOIN_AFTER_PREMATCH_FEATURE_FREEZE,2.47,3.42,2.6,EXTERNAL_HISTORICAL_MARKET_BENCHMARK,NOT_AVAILABLE,NOT_GOLDBET,00c8a2c128ab1a35b69ed3dbcf7b8e9ae80c8afb487ca247f7c0bab8d75a74a2
65aa753e60ca12abf08b3fca,Eliteserien,2025,HOLDOUT,2025-07-13,16:00,MATCH_KICKOFF_TIME_TIMEZONE_NOT_STATED_BY_SOURCE,,NOT_VERIFIED_DO_NOT_INFER,Haugesund,KFUM Oslo,0,2,A,EVALUATION_ONLY_JOIN_AFTER_PREMATCH_FEATURE_FREEZE,4.28,3.45,1.79,EXTERNAL_HISTORICAL_MARKET_BENCHMARK,NOT_AVAILABLE,NOT_GOLDBET,8aadc4660e47468c4ce0330cb1bdf51b5066d97523b47f3e19c7b562a9d9a5bc
4c5550577610ed6afdceaa1b,Eliteserien,2025,HOLDOUT,2025-07-13,16:00,MATCH_KICKOFF_TIME_TIMEZONE_NOT_STATED_BY_SOURCE,,NOT_VERIFIED_DO_NOT_INFER,Kristiansund,Sarpsborg 08,0,0,D,EVALUATION_ONLY_JOIN_AFTER_PREMATCH_FEATURE_FREEZE,2.71,3.71,2.26,EXTERNAL_HISTORICAL_MARKET_BENCHMARK,NOT_AVAILABLE,NOT_GOLDBET,7a7415aca599be1c01fbf501784a582454b133d111bb70a4a33c2f8f81696e38
779cdcda3e648886a85caf16,Eliteserien,2025,HOLDOUT,2025-07-13,16:00,MATCH_KICKOFF_TIME_TIMEZONE_NOT_STATED_BY_SOURCE,,NOT_VERIFIED_DO_NOT_INFER,Rosenborg,HamKam,2,0,H,EVALUATION_ONLY_JOIN_AFTER_PREMATCH_FEATURE_FREEZE,1.46,4.41,5.93,EXTERNAL_HISTORICAL_MARKET_BENCHMARK,NOT_AVAILABLE,NOT_GOLDBET,3abc6a6f943e0b7747c34d7e1f6cb70d6866d8e8326dec4a60f53415a0c6f885
ea299c92436b8609060f606e,Eliteserien,2025,HOLDOUT,2025-07-13,16:00,MATCH_KICKOFF_TIME_TIMEZONE_NOT_STATED_BY_SOURCE,,NOT_VERIFIED_DO_NOT_INFER,Stromsgodset,Tromso,2,3,A,EVALUATION_ONLY_JOIN_AFTER_PREMATCH_FEATURE_FREEZE,3.48,3.51,1.98,EXTERNAL_HISTORICAL_MARKET_BENCHMARK,NOT_AVAILABLE,NOT_GOLDBET,34bed6f09966cd9d711c315955da7c31bc9423d2d9b22aff51ff9212848c3b1e
84cd7f4e8931b56a8ea005f1,Eliteserien,2025,HOLDOUT,2025-07-13,18:15,MATCH_KICKOFF_TIME_TIMEZONE_NOT_STATED_BY_SOURCE,,NOT_VERIFIED_DO_NOT_INFER,Brann,Viking,3,1,H,EVALUATION_ONLY_JOIN_AFTER_PREMATCH_FEATURE_FREEZE,2.19,3.58,2.91,EXTERNAL_HISTORICAL_MARKET_BENCHMARK,NOT_AVAILABLE,NOT_GOLDBET,78cdfa60871d521c82d41751fe7ef37d3ad1a9aac6be768cc296cb72678f210b
bf7e91b0d277f505eaa59d87,Eliteserien,2025,HOLDOUT,2025-07-16,17:00,MATCH_KICKOFF_TIME_TIMEZONE_NOT_STATED_BY_SOURCE,,NOT_VERIFIED_DO_NOT_INFER,Fredrikstad,Bodo/Glimt,0,1,A,EVALUATION_ONLY_JOIN_AFTER_PREMATCH_FEATURE_FREEZE,4.86,4.18,1.57,EXTERNAL_HISTORICAL_MARKET_BENCHMARK,NOT_AVAILABLE,NOT_GOLDBET,6b3344d329e408867672f93fd67a6181b92786289132638df17e95456d2309b2
0ef1c4943cc592ea3248f7bb,Eliteserien,2025,HOLDOUT,2025-07-18,17:00,MATCH_KICKOFF_TIME_TIMEZONE_NOT_STATED_BY_SOURCE,,NOT_VERIFIED_DO_NOT_INFER,Sarpsborg 08,Rosenborg,2,2,D,EVALUATION_ONLY_JOIN_AFTER_PREMATCH_FEATURE_FREEZE,2.42,3.51,2.63,EXTERNAL_HISTORICAL_MARKET_BENCHMARK,NOT_AVAILABLE,NOT_GOLDBET,5e1c1d05976427a33cc4e44687013f49d52e853e4ac5c643ad2621b3498ace9a
b04bca72e14c59def4d820f8,Eliteserien,2025,HOLDOUT,2025-07-19,13:00,MATCH_KICKOFF_TIME_TIMEZONE_NOT_STATED_BY_SOURCE,,NOT_VERIFIED_DO_NOT_INFER,KFUM Oslo,Brann,2,0,H,EVALUATION_ONLY_JOIN_AFTER_PREMATCH_FEATURE_FREEZE,2.62,3.27,2.53,EXTERNAL_HISTORICAL_MARKET_BENCHMARK,NOT_AVAILABLE,NOT_GOLDBET,695fbad0e7a9f0e4e4b331cb63d5fffd3251c3d9f2f46dd1f5745c1932608a1c
8a03988860ba5624eeefb8d7,Eliteserien,2025,HOLDOUT,2025-07-19,15:00,MATCH_KICKOFF_TIME_TIMEZONE_NOT_STATED_BY_SOURCE,,NOT_VERIFIED_DO_NOT_INFER,Molde,Stromsgodset,4,1,H,EVALUATION_ONLY_JOIN_AFTER_PREMATCH_FEATURE_FREEZE,1.39,4.89,6.44,EXTERNAL_HISTORICAL_MARKET_BENCHMARK,NOT_AVAILABLE,NOT_GOLDBET,112bf5725814fe536a4b178af4964bb34304b3f328092592ed14e54fac2e8ca0
136c30e4ad5218a38117a128,Eliteserien,2025,HOLDOUT,2025-07-19,17:00,MATCH_KICKOFF_TIME_TIMEZONE_NOT_STATED_BY_SOURCE,,NOT_VERIFIED_DO_NOT_INFER,Viking,Bodo/Glimt,2,4,A,EVALUATION_ONLY_JOIN_AFTER_PREMATCH_FEATURE_FREEZE,3.17,3.82,1.99,EXTERNAL_HISTORICAL_MARKET_BENCHMARK,NOT_AVAILABLE,NOT_GOLDBET,c63a4bed6263ba64e66376009acd56b7aa861a670d60771a821120ac57add19e
ac38461c03f434f4e224539f,Eliteserien,2025,HOLDOUT,2025-07-20,13:30,MATCH_KICKOFF_TIME_TIMEZONE_NOT_STATED_BY_SOURCE,,NOT_VERIFIED_DO_NOT_INFER,Valerenga,Haugesund,3,0,H,EVALUATION_ONLY_JOIN_AFTER_PREMATCH_FEATURE_FREEZE,1.29,5.52,8.09,EXTERNAL_HISTORICAL_MARKET_BENCHMARK,NOT_AVAILABLE,NOT_GOLDBET,fe80e8e3266c18ba4a610157eefebfd2ac53e6e9cac31273ad7e04f6642eeb05
42d2fc81055fc3e0bea928b6,Eliteserien,2025,HOLDOUT,2025-07-20,16:00,MATCH_KICKOFF_TIME_TIMEZONE_NOT_STATED_BY_SOURCE,,NOT_VERIFIED_DO_NOT_INFER,Sandefjord,Kristiansund,6,0,H,EVALUATION_ONLY_JOIN_AFTER_PREMATCH_FEATURE_FREEZE,1.45,4.66,5.67,EXTERNAL_HISTORICAL_MARKET_BENCHMARK,NOT_AVAILABLE,NOT_GOLDBET,e64a66717401f2b0e4dfcf9afa0113906a32c4234f30130f05f02a02460e18db
79c2a85e3348b8967fe28fcf,Eliteserien,2025,HOLDOUT,2025-07-20,16:00,MATCH_KICKOFF_TIME_TIMEZONE_NOT_STATED_BY_SOURCE,,NOT_VERIFIED_DO_NOT_INFER,Tromso,Bryne,3,1,H,EVALUATION_ONLY_JOIN_AFTER_PREMATCH_FEATURE_FREEZE,1.5,4.02,6.02,EXTERNAL_HISTORICAL_MARKET_BENCHMARK,NOT_AVAILABLE,NOT_GOLDBET,b8482d1c86d25b99348ee05ef97653154893556f835fc4afd7b09c31c3294b32
6541fdb1e594451d09a87bd2,Eliteserien,2025,HOLDOUT,2025-07-20,18:15,MATCH_KICKOFF_TIME_TIMEZONE_NOT_STATED_BY_SOURCE,,NOT_VERIFIED_DO_NOT_INFER,HamKam,Fredrikstad,1,1,D,EVALUATION_ONLY_JOIN_AFTER_PREMATCH_FEATURE_FREEZE,2.75,3.19,2.47,EXTERNAL_HISTORICAL_MARKET_BENCHMARK,NOT_AVAILABLE,NOT_GOLDBET,2e680147e67cd3886a914bd122026e25a9681c709a0e5a92df8d6144d9871f5f
34b0159d11d48614dc96b0b5,Eliteserien,2025,HOLDOUT,2025-07-25,18:00,MATCH_KICKOFF_TIME_TIMEZONE_NOT_STATED_BY_SOURCE,,NOT_VERIFIED_DO_NOT_INFER,Fredrikstad,Stromsgodset,3,2,H,EVALUATION_ONLY_JOIN_AFTER_PREMATCH_FEATURE_FREEZE,1.66,4.06,4.34,EXTERNAL_HISTORICAL_MARKET_BENCHMARK,NOT_AVAILABLE,NOT_GOLDBET,b003d01298b563ac9d40ad5f1e562c2197aa7a9c8d8a34298532fb6b55056afe
f495d2e4f938509b26170f3c,Eliteserien,2025,HOLDOUT,2025-07-26,15:00,MATCH_KICKOFF_TIME_TIMEZONE_NOT_STATED_BY_SOURCE,,NOT_VERIFIED_DO_NOT_INFER,Haugesund,HamKam,0,3,A,EVALUATION_ONLY_JOIN_AFTER_PREMATCH_FEATURE_FREEZE,3.23,3.41,2.09,EXTERNAL_HISTORICAL_MARKET_BENCHMARK,NOT_AVAILABLE,NOT_GOLDBET,2294afb1bb2f9e41e8cc56bbad34e33179d7da82946b285d2170dc63b17de5f5
31a90395ccbe8625723d217d,Eliteserien,2025,HOLDOUT,2025-07-26,15:00,MATCH_KICKOFF_TIME_TIMEZONE_NOT_STATED_BY_SOURCE,,NOT_VERIFIED_DO_NOT_INFER,Kristiansund,KFUM Oslo,0,5,A,EVALUATION_ONLY_JOIN_AFTER_PREMATCH_FEATURE_FREEZE,3.78,3.62,1.86,EXTERNAL_HISTORICAL_MARKET_BENCHMARK,NOT_AVAILABLE,NOT_GOLDBET,c5a4dd7951b6a3ceebd04b39b3bc0ee00eb170f9e832c90606d0ef900916f8a0
c8d39c6222e6e83dbc843be5,Eliteserien,2025,HOLDOUT,2025-07-26,15:00,MATCH_KICKOFF_TIME_TIMEZONE_NOT_STATED_BY_SOURCE,,NOT_VERIFIED_DO_NOT_INFER,Sandefjord,Sarpsborg 08,3,2,H,EVALUATION_ONLY_JOIN_AFTER_PREMATCH_FEATURE_FREEZE,1.98,3.93,3.1,EXTERNAL_HISTORICAL_MARKET_BENCHMARK,NOT_AVAILABLE,NOT_GOLDBET,ef5f0642a0ef15e362a4537b9ad9d98b746ca15679aec701008d553d0f3b6996
abc0329a281ba0a34171c1d0,Eliteserien,2025,HOLDOUT,2025-07-26,17:00,MATCH_KICKOFF_TIME_TIMEZONE_NOT_STATED_BY_SOURCE,,NOT_VERIFIED_DO_NOT_INFER,Bodo/Glimt,Valerenga,7,2,H,EVALUATION_ONLY_JOIN_AFTER_PREMATCH_FEATURE_FREEZE,1.26,6.01,8.22,EXTERNAL_HISTORICAL_MARKET_BENCHMARK,NOT_AVAILABLE,NOT_GOLDBET,88e27a64b1e2c517d6295a075658a65bc2a895afcc782a2f91c63c0a472ddbc2
ee5ffb6462b34afb6a79b4f5,Eliteserien,2025,HOLDOUT,2025-07-27,13:30,MATCH_KICKOFF_TIME_TIMEZONE_NOT_STATED_BY_SOURCE,,NOT_VERIFIED_DO_NOT_INFER,Bryne,Viking,1,3,A,EVALUATION_ONLY_JOIN_AFTER_PREMATCH_FEATURE_FREEZE,3.4,3.72,1.93,EXTERNAL_HISTORICAL_MARKET_BENCHMARK,NOT_AVAILABLE,NOT_GOLDBET,0901068e35ff8908d0942ce70be6aab2f36b9764639f8f46265cbe2c815b7d75
4c80daae767a09489b8b73f5,Eliteserien,2025,HOLDOUT,2025-07-27,13:30,MATCH_KICKOFF_TIME_TIMEZONE_NOT_STATED_BY_SOURCE,,NOT_VERIFIED_DO_NOT_INFER,Rosenborg,Tromso,4,1,H,EVALUATION_ONLY_JOIN_AFTER_PREMATCH_FEATURE_FREEZE,2.13,3.35,3.2,EXTERNAL_HISTORICAL_MARKET_BENCHMARK,NOT_AVAILABLE,NOT_GOLDBET,8b5fb1c727ec61b35780a76eacf58d5f69565c2cb131052dda83956ee3952eed
1bcbe74819d313d7dcaeafcd,Eliteserien,2025,HOLDOUT,2025-07-30,18:00,MATCH_KICKOFF_TIME_TIMEZONE_NOT_STATED_BY_SOURCE,,NOT_VERIFIED_DO_NOT_INFER,Bodo/Glimt,Stromsgodset,1,0,H,EVALUATION_ONLY_JOIN_AFTER_PREMATCH_FEATURE_FREEZE,1.09,9.91,17.31,EXTERNAL_HISTORICAL_MARKET_BENCHMARK,NOT_AVAILABLE,NOT_GOLDBET,99ed61fd1597f256b6b0372866ecf83997baf7a34fcf16d37ccee7b5caa5e867
0c926d26b6f6d43f61bc7295,Eliteserien,2025,HOLDOUT,2025-08-02,15:00,MATCH_KICKOFF_TIME_TIMEZONE_NOT_STATED_BY_SOURCE,,NOT_VERIFIED_DO_NOT_INFER,Tromso,Fredrikstad,0,0,D,EVALUATION_ONLY_JOIN_AFTER_PREMATCH_FEATURE_FREEZE,1.67,3.83,4.56,EXTERNAL_HISTORICAL_MARKET_BENCHMARK,NOT_AVAILABLE,NOT_GOLDBET,b0357f2e8dfceeb2d54569569fa8e4dccf85928b89374894e436de9de9e73c61
ced4b485b10a01d8860fd30d,Eliteserien,2025,HOLDOUT,2025-08-02,17:00,MATCH_KICKOFF_TIME_TIMEZONE_NOT_STATED_BY_SOURCE,,NOT_VERIFIED_DO_NOT_INFER,Sarpsborg 08,Brann,1,4,A,EVALUATION_ONLY_JOIN_AFTER_PREMATCH_FEATURE_FREEZE,2.6,3.71,2.35,EXTERNAL_HISTORICAL_MARKET_BENCHMARK,NOT_AVAILABLE,NOT_GOLDBET,fdf7fab53b6b96f3b1d605d65a1dfa894ba8cd8e04f123198a19c2bb838f064c
93c65ed18e180f20ed633b9a,Eliteserien,2025,HOLDOUT,2025-08-03,13:30,MATCH_KICKOFF_TIME_TIMEZONE_NOT_STATED_BY_SOURCE,,NOT_VERIFIED_DO_NOT_INFER,HamKam,Bodo/Glimt,1,3,A,EVALUATION_ONLY_JOIN_AFTER_PREMATCH_FEATURE_FREEZE,8.17,5.58,1.28,EXTERNAL_HISTORICAL_MARKET_BENCHMARK,NOT_AVAILABLE,NOT_GOLDBET,cd317b554a4a147a57a3044106a23d7b9e02f55bec791d30d661b13db2048d55
beebbef99f56272873d7b6e2,Eliteserien,2025,HOLDOUT,2025-08-03,16:00,MATCH_KICKOFF_TIME_TIMEZONE_NOT_STATED_BY_SOURCE,,NOT_VERIFIED_DO_NOT_INFER,KFUM Oslo,Rosenborg,4,1,H,EVALUATION_ONLY_JOIN_AFTER_PREMATCH_FEATURE_FREEZE,2.43,3.21,2.79,EXTERNAL_HISTORICAL_MARKET_BENCHMARK,NOT_AVAILABLE,NOT_GOLDBET,87cacaeaa9cd42d3e2f99244694fde2c6c4f05ae045418e759bbb665a0872368
ed415200291c992ba8cec7b9,Eliteserien,2025,HOLDOUT,2025-08-03,16:00,MATCH_KICKOFF_TIME_TIMEZONE_NOT_STATED_BY_SOURCE,,NOT_VERIFIED_DO_NOT_INFER,Molde,Bryne,2,0,H,EVALUATION_ONLY_JOIN_AFTER_PREMATCH_FEATURE_FREEZE,1.57,4.21,4.88,EXTERNAL_HISTORICAL_MARKET_BENCHMARK,NOT_AVAILABLE,NOT_GOLDBET,81485d90e567aaa1ba00432bcc7e50b2068da4830d433962cee995243d9cf990
27a99c7eb4ee6f6e7ff6d2dc,Eliteserien,2025,HOLDOUT,2025-08-03,16:00,MATCH_KICKOFF_TIME_TIMEZONE_NOT_STATED_BY_SOURCE,,NOT_VERIFIED_DO_NOT_INFER,Stromsgodset,Haugesund,2,0,H,EVALUATION_ONLY_JOIN_AFTER_PREMATCH_FEATURE_FREEZE,1.35,5.2,6.75,EXTERNAL_HISTORICAL_MARKET_BENCHMARK,NOT_AVAILABLE,NOT_GOLDBET,8aaa2e295b90b738a2ade1d06a3d13cc88ad866486e7f32728991d6a752799d1
d3e8523311260fddb9f77447,Eliteserien,2025,HOLDOUT,2025-08-03,16:00,MATCH_KICKOFF_TIME_TIMEZONE_NOT_STATED_BY_SOURCE,,NOT_VERIFIED_DO_NOT_INFER,Valerenga,Sandefjord,2,1,H,EVALUATION_ONLY_JOIN_AFTER_PREMATCH_FEATURE_FREEZE,1.98,3.87,3.14,EXTERNAL_HISTORICAL_MARKET_BENCHMARK,NOT_AVAILABLE,NOT_GOLDBET,d40d408389421e7638c05d7a46aa530126a4f1d1ef4e64a5da503232bdbd71dd
5bb360201614904527fc4620,Eliteserien,2025,HOLDOUT,2025-08-09,15:00,MATCH_KICKOFF_TIME_TIMEZONE_NOT_STATED_BY_SOURCE,,NOT_VERIFIED_DO_NOT_INFER,Molde,HamKam,1,0,H,EVALUATION_ONLY_JOIN_AFTER_PREMATCH_FEATURE_FREEZE,1.34,5.06,7.18,EXTERNAL_HISTORICAL_MARKET_BENCHMARK,NOT_AVAILABLE,NOT_GOLDBET,1011431d33545f9e89cc6796ce004465de18a35108022a88a64c06dd5a7b1da5
72e44a6cfb71828542589fbc,Eliteserien,2025,HOLDOUT,2025-08-09,18:15,MATCH_KICKOFF_TIME_TIMEZONE_NOT_STATED_BY_SOURCE,,NOT_VERIFIED_DO_NOT_INFER,Bodo/Glimt,Tromso,1,1,D,EVALUATION_ONLY_JOIN_AFTER_PREMATCH_FEATURE_FREEZE,1.38,4.92,6.41,EXTERNAL_HISTORICAL_MARKET_BENCHMARK,NOT_AVAILABLE,NOT_GOLDBET,ef81457026ff0deb6a06e0911fda14ca1a4c26e15c8d403948a349992ea5e54e
05636a9110928034f9a75a99,Eliteserien,2025,HOLDOUT,2025-08-10,16:00,MATCH_KICKOFF_TIME_TIMEZONE_NOT_STATED_BY_SOURCE,,NOT_VERIFIED_DO_NOT_INFER,Bryne,KFUM Oslo,0,0,D,EVALUATION_ONLY_JOIN_AFTER_PREMATCH_FEATURE_FREEZE,3.01,3,2.39,EXTERNAL_HISTORICAL_MARKET_BENCHMARK,NOT_AVAILABLE,NOT_GOLDBET,a3e3f5b12a06def51ad6b96f471d1ba39807e80c1f22847d26e2031aceb143dd
b02b4dce816b3dea29c2a2cd,Eliteserien,2025,HOLDOUT,2025-08-10,16:00,MATCH_KICKOFF_TIME_TIMEZONE_NOT_STATED_BY_SOURCE,,NOT_VERIFIED_DO_NOT_INFER,Haugesund,Sarpsborg 08,3,2,H,EVALUATION_ONLY_JOIN_AFTER_PREMATCH_FEATURE_FREEZE,4.96,4.4,1.53,EXTERNAL_HISTORICAL_MARKET_BENCHMARK,NOT_AVAILABLE,NOT_GOLDBET,339e4db56745773a90dd18fed702b06dc1eba448a08c365390b9d44961405e78
b6074ca7d699227e85e0786a,Eliteserien,2025,HOLDOUT,2025-08-10,18:15,MATCH_KICKOFF_TIME_TIMEZONE_NOT_STATED_BY_SOURCE,,NOT_VERIFIED_DO_NOT_INFER,Sandefjord,Viking,1,2,A,EVALUATION_ONLY_JOIN_AFTER_PREMATCH_FEATURE_FREEZE,2.46,3.76,2.43,EXTERNAL_HISTORICAL_MARKET_BENCHMARK,NOT_AVAILABLE,NOT_GOLDBET,ec7e908299a4e5024ccd4f784b123e7f91cca149d710120e07f104f7343ceb1c
77e0072e94609f58ed054d5c,Eliteserien,2025,HOLDOUT,2025-08-15,18:00,MATCH_KICKOFF_TIME_TIMEZONE_NOT_STATED_BY_SOURCE,,NOT_VERIFIED_DO_NOT_INFER,Stromsgodset,Bodo/Glimt,0,5,A,EVALUATION_ONLY_JOIN_AFTER_PREMATCH_FEATURE_FREEZE,7.27,5.45,1.32,EXTERNAL_HISTORICAL_MARKET_BENCHMARK,NOT_AVAILABLE,NOT_GOLDBET,9d3aeea37b2fb137252199589d31987e83dff6d4f4feb1024e882702a0ef1b39
892626ebbc4062dede5f54c5,Eliteserien,2025,HOLDOUT,2025-08-17,13:30,MATCH_KICKOFF_TIME_TIMEZONE_NOT_STATED_BY_SOURCE,,NOT_VERIFIED_DO_NOT_INFER,Tromso,Brann,1,2,A,EVALUATION_ONLY_JOIN_AFTER_PREMATCH_FEATURE_FREEZE,2.22,3.46,2.89,EXTERNAL_HISTORICAL_MARKET_BENCHMARK,NOT_AVAILABLE,NOT_GOLDBET,2aae006634a702923567a5847b4ebb92d2ac3abd0b998050b780700f9597ad4d
054aef400c786a59dc9ff341,Eliteserien,2025,HOLDOUT,2025-08-17,16:00,MATCH_KICKOFF_TIME_TIMEZONE_NOT_STATED_BY_SOURCE,,NOT_VERIFIED_DO_NOT_INFER,HamKam,Bryne,1,0,H,EVALUATION_ONLY_JOIN_AFTER_PREMATCH_FEATURE_FREEZE,2.59,3.18,2.58,EXTERNAL_HISTORICAL_MARKET_BENCHMARK,NOT_AVAILABLE,NOT_GOLDBET,5156b240ad3ec6675739fd32103a1e3c7d9e93f215fb1bb97547bc0622e97de7
72effdcb404eb93b11310be1,Eliteserien,2025,HOLDOUT,2025-08-17,16:00,MATCH_KICKOFF_TIME_TIMEZONE_NOT_STATED_BY_SOURCE,,NOT_VERIFIED_DO_NOT_INFER,KFUM Oslo,Molde,0,0,D,EVALUATION_ONLY_JOIN_AFTER_PREMATCH_FEATURE_FREEZE,2.85,3.19,2.39,EXTERNAL_HISTORICAL_MARKET_BENCHMARK,NOT_AVAILABLE,NOT_GOLDBET,e2e1cced04298e1bf9920fa88914bf5084b483655e46702204cb289eaa4760fc
ef03d1d19234c577fd72346a,Eliteserien,2025,HOLDOUT,2025-08-17,16:00,MATCH_KICKOFF_TIME_TIMEZONE_NOT_STATED_BY_SOURCE,,NOT_VERIFIED_DO_NOT_INFER,Kristiansund,Sandefjord,2,2,D,EVALUATION_ONLY_JOIN_AFTER_PREMATCH_FEATURE_FREEZE,3.06,3.72,2.05,EXTERNAL_HISTORICAL_MARKET_BENCHMARK,NOT_AVAILABLE,NOT_GOLDBET,e5c0119668e33666156f95c1058d862f11ef435f554b0278cfaf27b2a07f6a8f
f35dd446220b627813c70ef5,Eliteserien,2025,HOLDOUT,2025-08-17,18:15,MATCH_KICKOFF_TIME_TIMEZONE_NOT_STATED_BY_SOURCE,,NOT_VERIFIED_DO_NOT_INFER,Valerenga,Sarpsborg 08,4,0,H,EVALUATION_ONLY_JOIN_AFTER_PREMATCH_FEATURE_FREEZE,1.75,4.16,3.68,EXTERNAL_HISTORICAL_MARKET_BENCHMARK,NOT_AVAILABLE,NOT_GOLDBET,6aca44aa8c26f69d6f5c3256610b7b8aa0d704c9291e374589a8c74fe508c2f5
e6831d15546ffdeabfeca43a,Eliteserien,2025,HOLDOUT,2025-08-22,18:00,MATCH_KICKOFF_TIME_TIMEZONE_NOT_STATED_BY_SOURCE,,NOT_VERIFIED_DO_NOT_INFER,KFUM Oslo,HamKam,2,2,D,EVALUATION_ONLY_JOIN_AFTER_PREMATCH_FEATURE_FREEZE,1.61,3.64,5.39,EXTERNAL_HISTORICAL_MARKET_BENCHMARK,NOT_AVAILABLE,NOT_GOLDBET,8b3ddf190a8f7891c8df673d08b9d45515c054fa0c8a05dcaf0ffb1fccf23c0e
5c4534e306f86913098fcb7b,Eliteserien,2025,HOLDOUT,2025-08-24,13:30,MATCH_KICKOFF_TIME_TIMEZONE_NOT_STATED_BY_SOURCE,,NOT_VERIFIED_DO_NOT_INFER,Haugesund,Valerenga,2,3,A,EVALUATION_ONLY_JOIN_AFTER_PREMATCH_FEATURE_FREEZE,5.5,4.51,1.47,EXTERNAL_HISTORICAL_MARKET_BENCHMARK,NOT_AVAILABLE,NOT_GOLDBET,877150c2b2d73c8b6f170374a084402a474453aa5bb0ec487955e5be3d0823ec
15dc25abd6257d1c6d071a9f,Eliteserien,2025,HOLDOUT,2025-08-24,16:00,MATCH_KICKOFF_TIME_TIMEZONE_NOT_STATED_BY_SOURCE,,NOT_VERIFIED_DO_NOT_INFER,Bryne,Stromsgodset,2,2,D,EVALUATION_ONLY_JOIN_AFTER_PREMATCH_FEATURE_FREEZE,1.86,3.62,3.72,EXTERNAL_HISTORICAL_MARKET_BENCHMARK,NOT_AVAILABLE,NOT_GOLDBET,d5954c0bae8cab2315a18c6e5b0f59aece318d8379f929e37dc56b4315ed5560
1629e957943cffe2564db42d,Eliteserien,2025,HOLDOUT,2025-08-24,18:15,MATCH_KICKOFF_TIME_TIMEZONE_NOT_STATED_BY_SOURCE,,NOT_VERIFIED_DO_NOT_INFER,Molde,Tromso,2,0,H,EVALUATION_ONLY_JOIN_AFTER_PREMATCH_FEATURE_FREEZE,2.09,3.4,3.21,EXTERNAL_HISTORICAL_MARKET_BENCHMARK,NOT_AVAILABLE,NOT_GOLDBET,fd00a0f9eecef6d670d4741b7e9d92406687f361ecf0bea90dd25d3bad9b1d4a
d2866b11090ed6cf3684846f,Eliteserien,2025,HOLDOUT,2025-08-25,18:00,MATCH_KICKOFF_TIME_TIMEZONE_NOT_STATED_BY_SOURCE,,NOT_VERIFIED_DO_NOT_INFER,Sarpsborg 08,Kristiansund,0,1,A,EVALUATION_ONLY_JOIN_AFTER_PREMATCH_FEATURE_FREEZE,1.68,4.18,4.05,EXTERNAL_HISTORICAL_MARKET_BENCHMARK,NOT_AVAILABLE,NOT_GOLDBET,b9e48d9d8c89ad0e5442d1c5b61b37e59f504283d6f17b25abde60c72ac91765
e03d077fbe4a26cc77000d5d,Eliteserien,2025,HOLDOUT,2025-08-30,17:00,MATCH_KICKOFF_TIME_TIMEZONE_NOT_STATED_BY_SOURCE,,NOT_VERIFIED_DO_NOT_INFER,Valerenga,Bryne,3,2,H,EVALUATION_ONLY_JOIN_AFTER_PREMATCH_FEATURE_FREEZE,1.58,4.15,4.75,EXTERNAL_HISTORICAL_MARKET_BENCHMARK,NOT_AVAILABLE,NOT_GOLDBET,2f1c812fbcf6947abe3e0d3ca97ea65f07fd2596b6a3f4ac7e533b07c6cd378f
34797e50c772e5e0ae125bf4,Eliteserien,2025,HOLDOUT,2025-08-31,13:30,MATCH_KICKOFF_TIME_TIMEZONE_NOT_STATED_BY_SOURCE,,NOT_VERIFIED_DO_NOT_INFER,Kristiansund,Brann,2,2,D,EVALUATION_ONLY_JOIN_AFTER_PREMATCH_FEATURE_FREEZE,4.19,3.96,1.69,EXTERNAL_HISTORICAL_MARKET_BENCHMARK,NOT_AVAILABLE,NOT_GOLDBET,29fa47f0ed7438e079f4084070911a952faf7901c3b38186f0ae54bee266ec79
ef8fc26c44ae0c40807bb6ca,Eliteserien,2025,HOLDOUT,2025-08-31,16:00,MATCH_KICKOFF_TIME_TIMEZONE_NOT_STATED_BY_SOURCE,,NOT_VERIFIED_DO_NOT_INFER,Fredrikstad,Haugesund,2,2,D,EVALUATION_ONLY_JOIN_AFTER_PREMATCH_FEATURE_FREEZE,1.28,5.41,8.68,EXTERNAL_HISTORICAL_MARKET_BENCHMARK,NOT_AVAILABLE,NOT_GOLDBET,09514ee5ea0263ef0879bcf07d4ae0d7b8e5a2f6b1b38a9796dcdf27e678e4d3
1f7bd05ba9f39c10220701e9,Eliteserien,2025,HOLDOUT,2025-08-31,16:00,MATCH_KICKOFF_TIME_TIMEZONE_NOT_STATED_BY_SOURCE,,NOT_VERIFIED_DO_NOT_INFER,HamKam,Sarpsborg 08,1,3,A,EVALUATION_ONLY_JOIN_AFTER_PREMATCH_FEATURE_FREEZE,2.29,3.45,2.78,EXTERNAL_HISTORICAL_MARKET_BENCHMARK,NOT_AVAILABLE,NOT_GOLDBET,85793198cdba9692dc86b188492c2aa6f5d7234cf9c37cb43b19f81c65f7317b
81dcff7d725a318765594cf1,Eliteserien,2025,HOLDOUT,2025-08-31,16:00,MATCH_KICKOFF_TIME_TIMEZONE_NOT_STATED_BY_SOURCE,,NOT_VERIFIED_DO_NOT_INFER,Sandefjord,Bodo/Glimt,1,2,A,EVALUATION_ONLY_JOIN_AFTER_PREMATCH_FEATURE_FREEZE,5.21,4.7,1.47,EXTERNAL_HISTORICAL_MARKET_BENCHMARK,NOT_AVAILABLE,NOT_GOLDBET,cac9c349c41d59125c287695704d3810fb3bbb276694b0fcb342b81052ec9760
648ec1c447eb70040dcfd54c,Eliteserien,2025,HOLDOUT,2025-08-31,16:00,MATCH_KICKOFF_TIME_TIMEZONE_NOT_STATED_BY_SOURCE,,NOT_VERIFIED_DO_NOT_INFER,Tromso,KFUM Oslo,2,0,H,EVALUATION_ONLY_JOIN_AFTER_PREMATCH_FEATURE_FREEZE,1.91,3.2,4.06,EXTERNAL_HISTORICAL_MARKET_BENCHMARK,NOT_AVAILABLE,NOT_GOLDBET,29e3d5249a514634fa6ac250f20e9972e5e064b0c63f3f0ce7f2d1e3950847fc
f85edc273cf88633e62efd6d,Eliteserien,2025,HOLDOUT,2025-08-31,16:00,MATCH_KICKOFF_TIME_TIMEZONE_NOT_STATED_BY_SOURCE,,NOT_VERIFIED_DO_NOT_INFER,Viking,Rosenborg,2,1,H,EVALUATION_ONLY_JOIN_AFTER_PREMATCH_FEATURE_FREEZE,1.94,3.81,3.28,EXTERNAL_HISTORICAL_MARKET_BENCHMARK,NOT_AVAILABLE,NOT_GOLDBET,e637f8d024e1c4c56009d720db73c42a88bd77399a3848e8c0e4759d50040545
392ba5dd997ccd8592d374b8,Eliteserien,2025,HOLDOUT,2025-08-31,18:15,MATCH_KICKOFF_TIME_TIMEZONE_NOT_STATED_BY_SOURCE,,NOT_VERIFIED_DO_NOT_INFER,Stromsgodset,Molde,3,1,H,EVALUATION_ONLY_JOIN_AFTER_PREMATCH_FEATURE_FREEZE,3.5,3.89,1.85,EXTERNAL_HISTORICAL_MARKET_BENCHMARK,NOT_AVAILABLE,NOT_GOLDBET,b5531e1c489c8c346d1358c6b84227a0cbe406c4f56f786035514f78b6c58493
9b5c5e1e90031c5075cdd626,Eliteserien,2025,HOLDOUT,2025-09-12,18:00,MATCH_KICKOFF_TIME_TIMEZONE_NOT_STATED_BY_SOURCE,,NOT_VERIFIED_DO_NOT_INFER,Bodo/Glimt,Kristiansund,7,1,H,EVALUATION_ONLY_JOIN_AFTER_PREMATCH_FEATURE_FREEZE,1.13,8.08,14.1,EXTERNAL_HISTORICAL_MARKET_BENCHMARK,NOT_AVAILABLE,NOT_GOLDBET,cfdff1294b887499bc977d5b386aea4df29b1b5079dbcd289dedba0ef8f1c524
e484e50b90e5b851b5475b90,Eliteserien,2025,HOLDOUT,2025-09-13,15:00,MATCH_KICKOFF_TIME_TIMEZONE_NOT_STATED_BY_SOURCE,,NOT_VERIFIED_DO_NOT_INFER,Molde,Fredrikstad,1,2,A,EVALUATION_ONLY_JOIN_AFTER_PREMATCH_FEATURE_FREEZE,1.77,3.68,4.07,EXTERNAL_HISTORICAL_MARKET_BENCHMARK,NOT_AVAILABLE,NOT_GOLDBET,373d51b90250720b0dcf4363a6c4e1f2157232f0bdce86beabe9c327e8e75525
c0cc7daa81fe5e91a262b650,Eliteserien,2025,HOLDOUT,2025-09-13,17:00,MATCH_KICKOFF_TIME_TIMEZONE_NOT_STATED_BY_SOURCE,,NOT_VERIFIED_DO_NOT_INFER,Brann,Valerenga,3,2,H,EVALUATION_ONLY_JOIN_AFTER_PREMATCH_FEATURE_FREEZE,1.49,4.51,5.19,EXTERNAL_HISTORICAL_MARKET_BENCHMARK,NOT_AVAILABLE,NOT_GOLDBET,f32ea38fa46e603c327a30dc11286d2b78d97c828ebc3e336844393b3694dca0
2e15d08d8d6d9668df792e68,Eliteserien,2025,HOLDOUT,2025-09-14,13:30,MATCH_KICKOFF_TIME_TIMEZONE_NOT_STATED_BY_SOURCE,,NOT_VERIFIED_DO_NOT_INFER,Bryne,Tromso,0,2,A,EVALUATION_ONLY_JOIN_AFTER_PREMATCH_FEATURE_FREEZE,3.65,3.26,1.98,EXTERNAL_HISTORICAL_MARKET_BENCHMARK,NOT_AVAILABLE,NOT_GOLDBET,4981d6c3d0d8b268cea44080773b62b20ca36125bc062d7032a5b0978bfc90ad
c8be64d7e00d6ccaa4de050a,Eliteserien,2025,HOLDOUT,2025-09-14,16:00,MATCH_KICKOFF_TIME_TIMEZONE_NOT_STATED_BY_SOURCE,,NOT_VERIFIED_DO_NOT_INFER,HamKam,Stromsgodset,1,2,A,EVALUATION_ONLY_JOIN_AFTER_PREMATCH_FEATURE_FREEZE,2.21,3.46,2.88,EXTERNAL_HISTORICAL_MARKET_BENCHMARK,NOT_AVAILABLE,NOT_GOLDBET,f0f5aa8a6da8bbeb79ac93f5b200fb47b4cd9209dc5599fe1d3ba119ab728869
b0397259d082cb44352d945f,Eliteserien,2025,HOLDOUT,2025-09-14,16:00,MATCH_KICKOFF_TIME_TIMEZONE_NOT_STATED_BY_SOURCE,,NOT_VERIFIED_DO_NOT_INFER,Sarpsborg 08,Sandefjord,2,1,H,EVALUATION_ONLY_JOIN_AFTER_PREMATCH_FEATURE_FREEZE,2.12,3.77,2.88,EXTERNAL_HISTORICAL_MARKET_BENCHMARK,NOT_AVAILABLE,NOT_GOLDBET,4f18a8731e0cba3ca267ab3ee089ad23688b0b4f47f62522f01b79bdc09134ac
7069b545bce597cb7997b4c3,Eliteserien,2025,HOLDOUT,2025-09-14,16:02,MATCH_KICKOFF_TIME_TIMEZONE_NOT_STATED_BY_SOURCE,,NOT_VERIFIED_DO_NOT_INFER,KFUM Oslo,Viking,2,2,D,EVALUATION_ONLY_JOIN_AFTER_PREMATCH_FEATURE_FREEZE,2.81,3.28,2.35,EXTERNAL_HISTORICAL_MARKET_BENCHMARK,NOT_AVAILABLE,NOT_GOLDBET,7a0625f478694a93fa39dd8c0b88d8f989e7222c0c8f6292cb4730189a173e59
a0e1a74de10752f0e744a5a5,Eliteserien,2025,HOLDOUT,2025-09-14,18:15,MATCH_KICKOFF_TIME_TIMEZONE_NOT_STATED_BY_SOURCE,,NOT_VERIFIED_DO_NOT_INFER,Haugesund,Rosenborg,0,3,A,EVALUATION_ONLY_JOIN_AFTER_PREMATCH_FEATURE_FREEZE,6.63,4.8,1.38,EXTERNAL_HISTORICAL_MARKET_BENCHMARK,NOT_AVAILABLE,NOT_GOLDBET,13aab44f1cbf6d027a340d42f8cc6ecc27f618a3764ab2fd8d6997d23f9c1460
600621e2798a0d0268f668e1,Eliteserien,2025,HOLDOUT,2025-09-20,13:00,MATCH_KICKOFF_TIME_TIMEZONE_NOT_STATED_BY_SOURCE,,NOT_VERIFIED_DO_NOT_INFER,Fredrikstad,Bryne,1,1,D,EVALUATION_ONLY_JOIN_AFTER_PREMATCH_FEATURE_FREEZE,1.73,3.54,4.5,EXTERNAL_HISTORICAL_MARKET_BENCHMARK,NOT_AVAILABLE,NOT_GOLDBET,ebc90dd41bfa329ee3e937a2e84adbf31415e111463d485a7fb10f4c767f67b2
a7e55b4b4ba68611814f3f2a,Eliteserien,2025,HOLDOUT,2025-09-20,15:00,MATCH_KICKOFF_TIME_TIMEZONE_NOT_STATED_BY_SOURCE,,NOT_VERIFIED_DO_NOT_INFER,Sandefjord,Brann,0,3,A,EVALUATION_ONLY_JOIN_AFTER_PREMATCH_FEATURE_FREEZE,3.18,3.77,1.97,EXTERNAL_HISTORICAL_MARKET_BENCHMARK,NOT_AVAILABLE,NOT_GOLDBET,915ec1d5f750b10cf5bb9ce54892af48d3c76a05d3774bafb3b973f742d84296
01b91dd8b6eb79fa97b3ee8b,Eliteserien,2025,HOLDOUT,2025-09-20,17:00,MATCH_KICKOFF_TIME_TIMEZONE_NOT_STATED_BY_SOURCE,,NOT_VERIFIED_DO_NOT_INFER,Valerenga,KFUM Oslo,1,1,D,EVALUATION_ONLY_JOIN_AFTER_PREMATCH_FEATURE_FREEZE,2.43,3.37,2.66,EXTERNAL_HISTORICAL_MARKET_BENCHMARK,NOT_AVAILABLE,NOT_GOLDBET,fe2390aa446df1932953d759d899fc430be9cb77a914d15c4a76c8fe5dbe8c2b
b12f8e64d1632afb7d076b3f,Eliteserien,2025,HOLDOUT,2025-09-21,13:30,MATCH_KICKOFF_TIME_TIMEZONE_NOT_STATED_BY_SOURCE,,NOT_VERIFIED_DO_NOT_INFER,Rosenborg,Bodo/Glimt,1,1,D,EVALUATION_ONLY_JOIN_AFTER_PREMATCH_FEATURE_FREEZE,3.23,3.77,1.97,EXTERNAL_HISTORICAL_MARKET_BENCHMARK,NOT_AVAILABLE,NOT_GOLDBET,7689c8c6e656594d18159a3096ac69c4542a3b64a9c68fa72e24bae5f4e28c49
f2abfbaf6db93158e96b7365,Eliteserien,2025,HOLDOUT,2025-09-21,16:00,MATCH_KICKOFF_TIME_TIMEZONE_NOT_STATED_BY_SOURCE,,NOT_VERIFIED_DO_NOT_INFER,Kristiansund,Haugesund,2,0,H,EVALUATION_ONLY_JOIN_AFTER_PREMATCH_FEATURE_FREEZE,1.25,5.72,9.08,EXTERNAL_HISTORICAL_MARKET_BENCHMARK,NOT_AVAILABLE,NOT_GOLDBET,3012f4693291da80c365bdedc81037deb60829f17a9ce1153f81ec0daebc4602
7af1cc5f6acabfd451856bd4,Eliteserien,2025,HOLDOUT,2025-09-21,16:00,MATCH_KICKOFF_TIME_TIMEZONE_NOT_STATED_BY_SOURCE,,NOT_VERIFIED_DO_NOT_INFER,Stromsgodset,Sarpsborg 08,2,1,H,EVALUATION_ONLY_JOIN_AFTER_PREMATCH_FEATURE_FREEZE,2.18,3.77,2.78,EXTERNAL_HISTORICAL_MARKET_BENCHMARK,NOT_AVAILABLE,NOT_GOLDBET,d7614008fd344b91dfbaf823b99b64b04277c881d40edec3ce4f037e49d27ba7
d4be6f16d33eea227253d524,Eliteserien,2025,HOLDOUT,2025-09-21,16:00,MATCH_KICKOFF_TIME_TIMEZONE_NOT_STATED_BY_SOURCE,,NOT_VERIFIED_DO_NOT_INFER,Tromso,HamKam,1,0,H,EVALUATION_ONLY_JOIN_AFTER_PREMATCH_FEATURE_FREEZE,1.34,4.73,8.02,EXTERNAL_HISTORICAL_MARKET_BENCHMARK,NOT_AVAILABLE,NOT_GOLDBET,0e6fc49e6df205b879cc15095e2011e65e225415fb5a92ff225ada1b7e6c3776
23fe0b7aa35d4bd902020e0f,Eliteserien,2025,HOLDOUT,2025-09-21,18:15,MATCH_KICKOFF_TIME_TIMEZONE_NOT_STATED_BY_SOURCE,,NOT_VERIFIED_DO_NOT_INFER,Viking,Molde,1,0,H,EVALUATION_ONLY_JOIN_AFTER_PREMATCH_FEATURE_FREEZE,1.65,4.12,4.2,EXTERNAL_HISTORICAL_MARKET_BENCHMARK,NOT_AVAILABLE,NOT_GOLDBET,8e5ff8a4d14885f5c00d8d0f40279645c4c4aa03039f72bf3b719202ce808592
3b93d6d9760a440d944774fa,Eliteserien,2025,HOLDOUT,2025-09-27,17:00,MATCH_KICKOFF_TIME_TIMEZONE_NOT_STATED_BY_SOURCE,,NOT_VERIFIED_DO_NOT_INFER,Sarpsborg 08,Viking,3,3,D,EVALUATION_ONLY_JOIN_AFTER_PREMATCH_FEATURE_FREEZE,3.64,4,1.78,EXTERNAL_HISTORICAL_MARKET_BENCHMARK,NOT_AVAILABLE,NOT_GOLDBET,d0f905c033dd7e4d29cddd7b51c6d71f385db40a47b7fc7467390aaea2090a65
8fce90b9d1831ddcdeadd609,Eliteserien,2025,HOLDOUT,2025-09-28,13:30,MATCH_KICKOFF_TIME_TIMEZONE_NOT_STATED_BY_SOURCE,,NOT_VERIFIED_DO_NOT_INFER,Brann,Fredrikstad,1,0,H,EVALUATION_ONLY_JOIN_AFTER_PREMATCH_FEATURE_FREEZE,1.48,4.27,5.76,EXTERNAL_HISTORICAL_MARKET_BENCHMARK,NOT_AVAILABLE,NOT_GOLDBET,cc1f4da3ee9eef9444fc481b713a698ee74f03a2d750b24162a1ae5a09c9c42f
531e80ac940b332d8d91e9c6,Eliteserien,2025,HOLDOUT,2025-09-28,16:00,MATCH_KICKOFF_TIME_TIMEZONE_NOT_STATED_BY_SOURCE,,NOT_VERIFIED_DO_NOT_INFER,Bryne,Kristiansund,2,0,H,EVALUATION_ONLY_JOIN_AFTER_PREMATCH_FEATURE_FREEZE,2.12,3.41,3.12,EXTERNAL_HISTORICAL_MARKET_BENCHMARK,NOT_AVAILABLE,NOT_GOLDBET,51e969a99dfbe08f6625f1be9e66f75608e867a3ebddeffc4f17e6201b9325b7
b3d3c4e46476adb29de43a52,Eliteserien,2025,HOLDOUT,2025-09-28,16:00,MATCH_KICKOFF_TIME_TIMEZONE_NOT_STATED_BY_SOURCE,,NOT_VERIFIED_DO_NOT_INFER,HamKam,Rosenborg,4,0,H,EVALUATION_ONLY_JOIN_AFTER_PREMATCH_FEATURE_FREEZE,3.65,3.6,1.88,EXTERNAL_HISTORICAL_MARKET_BENCHMARK,NOT_AVAILABLE,NOT_GOLDBET,567eeca654ac2b4764a602fddb39aa74d55c6ab7e4abe8ad9eff787c7b92a467
15eb21d5257587bb1b13d568,Eliteserien,2025,HOLDOUT,2025-09-28,16:00,MATCH_KICKOFF_TIME_TIMEZONE_NOT_STATED_BY_SOURCE,,NOT_VERIFIED_DO_NOT_INFER,Tromso,Stromsgodset,3,1,H,EVALUATION_ONLY_JOIN_AFTER_PREMATCH_FEATURE_FREEZE,1.41,4.43,6.48,EXTERNAL_HISTORICAL_MARKET_BENCHMARK,NOT_AVAILABLE,NOT_GOLDBET,97fd9215ad8a625485a37c25dd8810cda7616ef0a798b3338a308f0da5d5c4e4
5c93d969d4ad2b225c6e7aba,Eliteserien,2025,HOLDOUT,2025-09-28,18:15,MATCH_KICKOFF_TIME_TIMEZONE_NOT_STATED_BY_SOURCE,,NOT_VERIFIED_DO_NOT_INFER,Molde,Valerenga,4,1,H,EVALUATION_ONLY_JOIN_AFTER_PREMATCH_FEATURE_FREEZE,1.73,3.95,3.93,EXTERNAL_HISTORICAL_MARKET_BENCHMARK,NOT_AVAILABLE,NOT_GOLDBET,05534b8b63b83e469418b29d009e58ce64055b36ddd8a797e13f7894fb84fe5b
8e88343ec1c63ea9c3534962,Eliteserien,2025,HOLDOUT,2025-09-29,18:00,MATCH_KICKOFF_TIME_TIMEZONE_NOT_STATED_BY_SOURCE,,NOT_VERIFIED_DO_NOT_INFER,Haugesund,Sandefjord,2,3,A,EVALUATION_ONLY_JOIN_AFTER_PREMATCH_FEATURE_FREEZE,6.51,4.76,1.38,EXTERNAL_HISTORICAL_MARKET_BENCHMARK,NOT_AVAILABLE,NOT_GOLDBET,c4bbb5d5e355ffd3b32d19034616e066d570d14843f25f444b6173b4cf9d8e68
15aae55383f00dcfa321617d,Eliteserien,2025,HOLDOUT,2025-10-01,18:00,MATCH_KICKOFF_TIME_TIMEZONE_NOT_STATED_BY_SOURCE,,NOT_VERIFIED_DO_NOT_INFER,KFUM Oslo,Fredrikstad,2,1,H,EVALUATION_ONLY_JOIN_AFTER_PREMATCH_FEATURE_FREEZE,1.81,3.37,4.21,EXTERNAL_HISTORICAL_MARKET_BENCHMARK,NOT_AVAILABLE,NOT_GOLDBET,6cb16a20e0d4b28777f20dfb61cc3cdd089589981cf38daf9431b8ef4cb7955e
6a01207506a70bc19789c325,Eliteserien,2025,HOLDOUT,2025-10-04,13:00,MATCH_KICKOFF_TIME_TIMEZONE_NOT_STATED_BY_SOURCE,,NOT_VERIFIED_DO_NOT_INFER,Valerenga,Tromso,1,0,H,EVALUATION_ONLY_JOIN_AFTER_PREMATCH_FEATURE_FREEZE,2.84,3.45,2.25,EXTERNAL_HISTORICAL_MARKET_BENCHMARK,NOT_AVAILABLE,NOT_GOLDBET,6e57e654b5d8ed30a34fed1d815bc712093d5b982bde6ebe0046604b0d71eaf6
2d6f250e0a710f1a8afafecd,Eliteserien,2025,HOLDOUT,2025-10-04,15:00,MATCH_KICKOFF_TIME_TIMEZONE_NOT_STATED_BY_SOURCE,,NOT_VERIFIED_DO_NOT_INFER,Sandefjord,Bryne,1,0,H,EVALUATION_ONLY_JOIN_AFTER_PREMATCH_FEATURE_FREEZE,1.69,3.83,4.31,EXTERNAL_HISTORICAL_MARKET_BENCHMARK,NOT_AVAILABLE,NOT_GOLDBET,075be8c85d4c0098668266085c1ff0e12d3f0b89e03e80726a1646d77d8c5968
0dc6b572766197fc708c0b8f,Eliteserien,2025,HOLDOUT,2025-10-04,17:00,MATCH_KICKOFF_TIME_TIMEZONE_NOT_STATED_BY_SOURCE,,NOT_VERIFIED_DO_NOT_INFER,Kristiansund,Molde,2,1,H,EVALUATION_ONLY_JOIN_AFTER_PREMATCH_FEATURE_FREEZE,3.17,3.65,2.01,EXTERNAL_HISTORICAL_MARKET_BENCHMARK,NOT_AVAILABLE,NOT_GOLDBET,6a3be1d7e2d9db8558e2a79877ee4bbc19210a1d379975a611cc3728fb2a45a5
37408002d7232acd5dad1791,Eliteserien,2025,HOLDOUT,2025-10-05,13:30,MATCH_KICKOFF_TIME_TIMEZONE_NOT_STATED_BY_SOURCE,,NOT_VERIFIED_DO_NOT_INFER,Viking,Brann,3,0,H,EVALUATION_ONLY_JOIN_AFTER_PREMATCH_FEATURE_FREEZE,2.09,3.7,2.97,EXTERNAL_HISTORICAL_MARKET_BENCHMARK,NOT_AVAILABLE,NOT_GOLDBET,e154d7ee051966c930872557a2cb5a47e0e47e319339f4e33225f76d393712b8
4b75b0e8bdf5e4d15f483f21,Eliteserien,2025,HOLDOUT,2025-10-05,16:00,MATCH_KICKOFF_TIME_TIMEZONE_NOT_STATED_BY_SOURCE,,NOT_VERIFIED_DO_NOT_INFER,Bodo/Glimt,Haugesund,2,0,H,EVALUATION_ONLY_JOIN_AFTER_PREMATCH_FEATURE_FREEZE,1.02,16.13,36,EXTERNAL_HISTORICAL_MARKET_BENCHMARK,NOT_AVAILABLE,NOT_GOLDBET,40272504705792c08b608d9121cdc1e445f7db97866f5d3d5577042bd49aa136
e56bb66651e7a88ebaf91767,Eliteserien,2025,HOLDOUT,2025-10-05,16:00,MATCH_KICKOFF_TIME_TIMEZONE_NOT_STATED_BY_SOURCE,,NOT_VERIFIED_DO_NOT_INFER,Fredrikstad,HamKam,1,1,D,EVALUATION_ONLY_JOIN_AFTER_PREMATCH_FEATURE_FREEZE,1.92,3.46,3.64,EXTERNAL_HISTORICAL_MARKET_BENCHMARK,NOT_AVAILABLE,NOT_GOLDBET,13a78780f9eacb25d07607c9ac55dbfbbd1a641932bdba72bff26c7618a5bccc
68fb3ed7b8b7f43e1f989488,Eliteserien,2025,HOLDOUT,2025-10-05,16:00,MATCH_KICKOFF_TIME_TIMEZONE_NOT_STATED_BY_SOURCE,,NOT_VERIFIED_DO_NOT_INFER,Stromsgodset,KFUM Oslo,1,1,D,EVALUATION_ONLY_JOIN_AFTER_PREMATCH_FEATURE_FREEZE,3.29,3.33,2.08,EXTERNAL_HISTORICAL_MARKET_BENCHMARK,NOT_AVAILABLE,NOT_GOLDBET,11e19a80d4a0c467a37d955c8d99758ab300bf42c4d0f1a5a3ff9702e09fe49d
6d4bfa478aee1923a3f8d882,Eliteserien,2025,HOLDOUT,2025-10-05,18:15,MATCH_KICKOFF_TIME_TIMEZONE_NOT_STATED_BY_SOURCE,,NOT_VERIFIED_DO_NOT_INFER,Rosenborg,Sarpsborg 08,2,3,A,EVALUATION_ONLY_JOIN_AFTER_PREMATCH_FEATURE_FREEZE,1.7,4.04,4.02,EXTERNAL_HISTORICAL_MARKET_BENCHMARK,NOT_AVAILABLE,NOT_GOLDBET,0076cec2052dafee1d6108dc57c43dd070f6caaa1b0cf44470e26c980d3bf378
cd35ef2870acda4649e9232d,Eliteserien,2025,HOLDOUT,2025-10-18,13:00,MATCH_KICKOFF_TIME_TIMEZONE_NOT_STATED_BY_SOURCE,,NOT_VERIFIED_DO_NOT_INFER,Sarpsborg 08,Bodo/Glimt,2,5,A,EVALUATION_ONLY_JOIN_AFTER_PREMATCH_FEATURE_FREEZE,6.26,5.25,1.36,EXTERNAL_HISTORICAL_MARKET_BENCHMARK,NOT_AVAILABLE,NOT_GOLDBET,0688f3663e90d50b9828b6266ed64aa35e2fbd1f4c105e3c48edec010c4bd380
00fbb584ec9109028d8e8420,Eliteserien,2025,HOLDOUT,2025-10-18,15:00,MATCH_KICKOFF_TIME_TIMEZONE_NOT_STATED_BY_SOURCE,,NOT_VERIFIED_DO_NOT_INFER,Bryne,Rosenborg,2,2,D,EVALUATION_ONLY_JOIN_AFTER_PREMATCH_FEATURE_FREEZE,3.13,3.36,2.13,EXTERNAL_HISTORICAL_MARKET_BENCHMARK,NOT_AVAILABLE,NOT_GOLDBET,adac9ecd6680cfb1eab16e8da4b7bb805a32ec1cdc92c83f31bba176be192740
b342807dc74e5d1bb88eecef,Eliteserien,2025,HOLDOUT,2025-10-18,17:00,MATCH_KICKOFF_TIME_TIMEZONE_NOT_STATED_BY_SOURCE,,NOT_VERIFIED_DO_NOT_INFER,Brann,Haugesund,4,1,H,EVALUATION_ONLY_JOIN_AFTER_PREMATCH_FEATURE_FREEZE,1.09,8.94,18.06,EXTERNAL_HISTORICAL_MARKET_BENCHMARK,NOT_AVAILABLE,NOT_GOLDBET,a34c596f625c07901ecdfa0b086e2e698b25b43c95f2da7af2b71f6333fae66d
af4315370b5ac03f8995278b,Eliteserien,2025,HOLDOUT,2025-10-19,13:30,MATCH_KICKOFF_TIME_TIMEZONE_NOT_STATED_BY_SOURCE,,NOT_VERIFIED_DO_NOT_INFER,Tromso,Viking,1,3,A,EVALUATION_ONLY_JOIN_AFTER_PREMATCH_FEATURE_FREEZE,2.25,3.33,2.94,EXTERNAL_HISTORICAL_MARKET_BENCHMARK,NOT_AVAILABLE,NOT_GOLDBET,99b93e312dc2bc0fb34585f8d2fdf3429c32d8d685ffc0708adb71791cebf278
b404f7f4910e386cfcc70e15,Eliteserien,2025,HOLDOUT,2025-10-19,16:00,MATCH_KICKOFF_TIME_TIMEZONE_NOT_STATED_BY_SOURCE,,NOT_VERIFIED_DO_NOT_INFER,HamKam,Valerenga,2,1,H,EVALUATION_ONLY_JOIN_AFTER_PREMATCH_FEATURE_FREEZE,2.33,3.53,2.68,EXTERNAL_HISTORICAL_MARKET_BENCHMARK,NOT_AVAILABLE,NOT_GOLDBET,34025fff1e33cf23f018c3bbc1403699effb8ecd41797fbd8c10b4ef80cf45c0
cc9330ab03411646c9b057fd,Eliteserien,2025,HOLDOUT,2025-10-19,16:00,MATCH_KICKOFF_TIME_TIMEZONE_NOT_STATED_BY_SOURCE,,NOT_VERIFIED_DO_NOT_INFER,KFUM Oslo,Kristiansund,1,1,D,EVALUATION_ONLY_JOIN_AFTER_PREMATCH_FEATURE_FREEZE,1.57,3.84,5.3,EXTERNAL_HISTORICAL_MARKET_BENCHMARK,NOT_AVAILABLE,NOT_GOLDBET,735340352e6f3610a2704634652dd00bfbfb447f436c2878eab89f2425370702
a1c21732acefc824c96eb62a,Eliteserien,2025,HOLDOUT,2025-10-19,16:00,MATCH_KICKOFF_TIME_TIMEZONE_NOT_STATED_BY_SOURCE,,NOT_VERIFIED_DO_NOT_INFER,Molde,Sandefjord,1,3,A,EVALUATION_ONLY_JOIN_AFTER_PREMATCH_FEATURE_FREEZE,1.79,3.92,3.67,EXTERNAL_HISTORICAL_MARKET_BENCHMARK,NOT_AVAILABLE,NOT_GOLDBET,8bc02d729351fce06d9a274ebd8af8a22e315c27f968b2627d4b90bc611608b9
9e29d2328491df0874cbffc3,Eliteserien,2025,HOLDOUT,2025-10-19,18:15,MATCH_KICKOFF_TIME_TIMEZONE_NOT_STATED_BY_SOURCE,,NOT_VERIFIED_DO_NOT_INFER,Stromsgodset,Fredrikstad,0,3,A,EVALUATION_ONLY_JOIN_AFTER_PREMATCH_FEATURE_FREEZE,2.27,3.4,2.84,EXTERNAL_HISTORICAL_MARKET_BENCHMARK,NOT_AVAILABLE,NOT_GOLDBET,4674678b7855696b1d29e59abc18577a124b82d66780fce9b03572f2ff64d33d
a5db0fd8f8c5c939a221d088,Eliteserien,2025,HOLDOUT,2025-10-25,15:00,MATCH_KICKOFF_TIME_TIMEZONE_NOT_STATED_BY_SOURCE,,NOT_VERIFIED_DO_NOT_INFER,Viking,Bryne,5,1,H,EVALUATION_ONLY_JOIN_AFTER_PREMATCH_FEATURE_FREEZE,1.28,5.41,8.55,EXTERNAL_HISTORICAL_MARKET_BENCHMARK,NOT_AVAILABLE,NOT_GOLDBET,bf12088378433450b3182c19fb62a52b6c9ecb0bea894496ecf119e957015db0
13d98413acdc70428a0687eb,Eliteserien,2025,HOLDOUT,2025-10-25,17:00,MATCH_KICKOFF_TIME_TIMEZONE_NOT_STATED_BY_SOURCE,,NOT_VERIFIED_DO_NOT_INFER,Sarpsborg 08,KFUM Oslo,2,1,H,EVALUATION_ONLY_JOIN_AFTER_PREMATCH_FEATURE_FREEZE,2.67,3.36,2.42,EXTERNAL_HISTORICAL_MARKET_BENCHMARK,NOT_AVAILABLE,NOT_GOLDBET,ea77a3bb495d4de014b8ba610c3dafc168bdebfca1e972eaf98782419beb0053
77e1701330c3a8c0de885843,Eliteserien,2025,HOLDOUT,2025-10-26,13:30,MATCH_KICKOFF_TIME_TIMEZONE_NOT_STATED_BY_SOURCE,,NOT_VERIFIED_DO_NOT_INFER,Rosenborg,Brann,2,3,A,EVALUATION_ONLY_JOIN_AFTER_PREMATCH_FEATURE_FREEZE,2.47,3.49,2.53,EXTERNAL_HISTORICAL_MARKET_BENCHMARK,NOT_AVAILABLE,NOT_GOLDBET,f7d894911d5f9a965ea9ebde2c0172b68baa9af93e8552a02afd306bc24c0700
fe043b7c2db1be6ef76624bd,Eliteserien,2025,HOLDOUT,2025-10-26,16:00,MATCH_KICKOFF_TIME_TIMEZONE_NOT_STATED_BY_SOURCE,,NOT_VERIFIED_DO_NOT_INFER,Bodo/Glimt,Molde,4,1,H,EVALUATION_ONLY_JOIN_AFTER_PREMATCH_FEATURE_FREEZE,1.28,5.72,7.75,EXTERNAL_HISTORICAL_MARKET_BENCHMARK,NOT_AVAILABLE,NOT_GOLDBET,b6d5bb7f0824fa45d7d5dedacbf0e42b2764d1560452ec56594bbec8d56a7e4a
864e6e07e33db1dd0be08b0c,Eliteserien,2025,HOLDOUT,2025-10-26,16:00,MATCH_KICKOFF_TIME_TIMEZONE_NOT_STATED_BY_SOURCE,,NOT_VERIFIED_DO_NOT_INFER,Haugesund,Tromso,2,3,A,EVALUATION_ONLY_JOIN_AFTER_PREMATCH_FEATURE_FREEZE,9.28,4.86,1.3,EXTERNAL_HISTORICAL_MARKET_BENCHMARK,NOT_AVAILABLE,NOT_GOLDBET,024964ac975e054982e7b8b756a34686c90b267983230c998fc0f991db9096db
103451dc197446781617ad3c,Eliteserien,2025,HOLDOUT,2025-10-26,16:00,MATCH_KICKOFF_TIME_TIMEZONE_NOT_STATED_BY_SOURCE,,NOT_VERIFIED_DO_NOT_INFER,Kristiansund,HamKam,1,3,A,EVALUATION_ONLY_JOIN_AFTER_PREMATCH_FEATURE_FREEZE,2.25,3.47,2.85,EXTERNAL_HISTORICAL_MARKET_BENCHMARK,NOT_AVAILABLE,NOT_GOLDBET,21f73a3126d256ae32975543fe91efb77d6770fd96e1fb6090e8239660785574
7ea52d9e1bc911de03899ce1,Eliteserien,2025,HOLDOUT,2025-10-26,16:00,MATCH_KICKOFF_TIME_TIMEZONE_NOT_STATED_BY_SOURCE,,NOT_VERIFIED_DO_NOT_INFER,Sandefjord,Fredrikstad,0,0,D,EVALUATION_ONLY_JOIN_AFTER_PREMATCH_FEATURE_FREEZE,1.84,3.72,3.64,EXTERNAL_HISTORICAL_MARKET_BENCHMARK,NOT_AVAILABLE,NOT_GOLDBET,6cf773f3400f4b063f108eaeab340bf7495d72444746a0d2422e25a54acfc547
9e44dc8031f2fa9d35d20938,Eliteserien,2025,HOLDOUT,2025-10-26,18:15,MATCH_KICKOFF_TIME_TIMEZONE_NOT_STATED_BY_SOURCE,,NOT_VERIFIED_DO_NOT_INFER,Valerenga,Stromsgodset,2,1,H,EVALUATION_ONLY_JOIN_AFTER_PREMATCH_FEATURE_FREEZE,1.5,4.57,4.94,EXTERNAL_HISTORICAL_MARKET_BENCHMARK,NOT_AVAILABLE,NOT_GOLDBET,a2f03bc39f2403e740a544523170b49307a1e2fc6563f6c567246119d506cc67
09147c99c646b8c173d9375e,Eliteserien,2025,HOLDOUT,2025-10-29,18:00,MATCH_KICKOFF_TIME_TIMEZONE_NOT_STATED_BY_SOURCE,,NOT_VERIFIED_DO_NOT_INFER,Brann,Bodo/Glimt,1,2,A,EVALUATION_ONLY_JOIN_AFTER_PREMATCH_FEATURE_FREEZE,3.79,3.97,1.75,EXTERNAL_HISTORICAL_MARKET_BENCHMARK,NOT_AVAILABLE,NOT_GOLDBET,48c7ee80caf98d67a714bccbdc9caaa74f3a19947033af9a75b75d05fdd0fc44
165614e88861373a8944d383,Eliteserien,2025,HOLDOUT,2025-10-29,20:00,MATCH_KICKOFF_TIME_TIMEZONE_NOT_STATED_BY_SOURCE,,NOT_VERIFIED_DO_NOT_INFER,Rosenborg,Sandefjord,1,1,D,EVALUATION_ONLY_JOIN_AFTER_PREMATCH_FEATURE_FREEZE,1.9,3.8,3.37,EXTERNAL_HISTORICAL_MARKET_BENCHMARK,NOT_AVAILABLE,NOT_GOLDBET,2612ed05c2833a0c6868929c1c4bd391e221e2e67dc8700962f8ee886c1c7841
470c0c1737dccfd3c04ffb4e,Eliteserien,2025,HOLDOUT,2025-11-01,15:00,MATCH_KICKOFF_TIME_TIMEZONE_NOT_STATED_BY_SOURCE,,NOT_VERIFIED_DO_NOT_INFER,Valerenga,Bodo/Glimt,3,1,H,EVALUATION_ONLY_JOIN_AFTER_PREMATCH_FEATURE_FREEZE,5.24,4.73,1.46,EXTERNAL_HISTORICAL_MARKET_BENCHMARK,NOT_AVAILABLE,NOT_GOLDBET,0ff219bfad4f1ff007034766ed1b0f920f0fbb80ff5080dffd82b83db37d0c05
be6b75efd4064f3b176505b6,Eliteserien,2025,HOLDOUT,2025-11-01,17:00,MATCH_KICKOFF_TIME_TIMEZONE_NOT_STATED_BY_SOURCE,,NOT_VERIFIED_DO_NOT_INFER,Molde,Rosenborg,4,2,H,EVALUATION_ONLY_JOIN_AFTER_PREMATCH_FEATURE_FREEZE,1.82,3.78,3.68,EXTERNAL_HISTORICAL_MARKET_BENCHMARK,NOT_AVAILABLE,NOT_GOLDBET,b3765b2a4deb5b6c78cc1bd2c727de7a63c8efb100743384698210c29f0d73f5
2f0e97702c2f13fcd5bc9e24,Eliteserien,2025,HOLDOUT,2025-11-02,13:30,MATCH_KICKOFF_TIME_TIMEZONE_NOT_STATED_BY_SOURCE,,NOT_VERIFIED_DO_NOT_INFER,Stromsgodset,Viking,1,2,A,EVALUATION_ONLY_JOIN_AFTER_PREMATCH_FEATURE_FREEZE,6.31,5.24,1.36,EXTERNAL_HISTORICAL_MARKET_BENCHMARK,NOT_AVAILABLE,NOT_GOLDBET,a08c687c85e2b5bd6f731b5bd56d09a2c288e4f6a6b513aaa9a1959ec7c8f324
e3c19888cf3f6a6194d226a2,Eliteserien,2025,HOLDOUT,2025-11-02,16:00,MATCH_KICKOFF_TIME_TIMEZONE_NOT_STATED_BY_SOURCE,,NOT_VERIFIED_DO_NOT_INFER,Bryne,Brann,2,1,H,EVALUATION_ONLY_JOIN_AFTER_PREMATCH_FEATURE_FREEZE,3.79,3.59,1.84,EXTERNAL_HISTORICAL_MARKET_BENCHMARK,NOT_AVAILABLE,NOT_GOLDBET,ee3b046dcdc142be8506fdf2cd94910b80ae58d8b7e551a5cda0d1a04100bdfc
e1b601224b79b1d9aef12a62,Eliteserien,2025,HOLDOUT,2025-11-02,16:00,MATCH_KICKOFF_TIME_TIMEZONE_NOT_STATED_BY_SOURCE,,NOT_VERIFIED_DO_NOT_INFER,Fredrikstad,Kristiansund,3,1,H,EVALUATION_ONLY_JOIN_AFTER_PREMATCH_FEATURE_FREEZE,1.66,4.02,4.29,EXTERNAL_HISTORICAL_MARKET_BENCHMARK,NOT_AVAILABLE,NOT_GOLDBET,41b060f63b43dca8012a5a5aad03ea249afbbf0ffb9cf578031a77a6f5339352
bc46b570e4db0ac733ca41ed,Eliteserien,2025,HOLDOUT,2025-11-02,16:00,MATCH_KICKOFF_TIME_TIMEZONE_NOT_STATED_BY_SOURCE,,NOT_VERIFIED_DO_NOT_INFER,HamKam,Sandefjord,3,1,H,EVALUATION_ONLY_JOIN_AFTER_PREMATCH_FEATURE_FREEZE,2.46,3.47,2.54,EXTERNAL_HISTORICAL_MARKET_BENCHMARK,NOT_AVAILABLE,NOT_GOLDBET,8d52e797205dc8b4d49c715a8a87c8430c6d6e0d56edc5a04ebfa82f4a99d1b0
2740e897c82890d1bc55fdf8,Eliteserien,2025,HOLDOUT,2025-11-02,16:00,MATCH_KICKOFF_TIME_TIMEZONE_NOT_STATED_BY_SOURCE,,NOT_VERIFIED_DO_NOT_INFER,KFUM Oslo,Haugesund,1,4,A,EVALUATION_ONLY_JOIN_AFTER_PREMATCH_FEATURE_FREEZE,1.24,5.51,10.5,EXTERNAL_HISTORICAL_MARKET_BENCHMARK,NOT_AVAILABLE,NOT_GOLDBET,275fa0ac8a5b8b22469419910aae4167d3d7cd188f1f5dfda2f7c43d36e56419
33c17a7f9117be352632a4c7,Eliteserien,2025,HOLDOUT,2025-11-02,18:15,MATCH_KICKOFF_TIME_TIMEZONE_NOT_STATED_BY_SOURCE,,NOT_VERIFIED_DO_NOT_INFER,Tromso,Sarpsborg 08,4,0,H,EVALUATION_ONLY_JOIN_AFTER_PREMATCH_FEATURE_FREEZE,1.44,4.55,5.92,EXTERNAL_HISTORICAL_MARKET_BENCHMARK,NOT_AVAILABLE,NOT_GOLDBET,456ed03fe1d40e596cd608073d22627b5cd9bcf83287e0f1e5afa631ee7bae5e
539eeaddddaf2c9a08414b58,Eliteserien,2025,HOLDOUT,2025-11-08,13:00,MATCH_KICKOFF_TIME_TIMEZONE_NOT_STATED_BY_SOURCE,,NOT_VERIFIED_DO_NOT_INFER,Sarpsborg 08,Fredrikstad,0,2,A,EVALUATION_ONLY_JOIN_AFTER_PREMATCH_FEATURE_FREEZE,2.18,3.52,2.91,EXTERNAL_HISTORICAL_MARKET_BENCHMARK,NOT_AVAILABLE,NOT_GOLDBET,afb743c06d6673d1a2c8eb10d9ed917569a54414295b4f1f938455eb8c927619
51821af3df62ab22cb6654be,Eliteserien,2025,HOLDOUT,2025-11-08,17:00,MATCH_KICKOFF_TIME_TIMEZONE_NOT_STATED_BY_SOURCE,,NOT_VERIFIED_DO_NOT_INFER,Viking,HamKam,3,0,H,EVALUATION_ONLY_JOIN_AFTER_PREMATCH_FEATURE_FREEZE,1.23,6.11,9.25,EXTERNAL_HISTORICAL_MARKET_BENCHMARK,NOT_AVAILABLE,NOT_GOLDBET,c24d8a115327a3164e991bd3ccb5f3e5544e66c69198cf63b0733e44451a164a
1509f0bdeae0b40295a787f0,Eliteserien,2025,HOLDOUT,2025-11-09,13:30,MATCH_KICKOFF_TIME_TIMEZONE_NOT_STATED_BY_SOURCE,,NOT_VERIFIED_DO_NOT_INFER,Rosenborg,Valerenga,1,0,H,EVALUATION_ONLY_JOIN_AFTER_PREMATCH_FEATURE_FREEZE,2.05,3.87,2.96,EXTERNAL_HISTORICAL_MARKET_BENCHMARK,NOT_AVAILABLE,NOT_GOLDBET,6202716ae00a4434309054f9b63724cafeefc7caffc735f45154bba2d8e6757a
c4376b6162f436abc6dd123a,Eliteserien,2025,HOLDOUT,2025-11-09,16:00,MATCH_KICKOFF_TIME_TIMEZONE_NOT_STATED_BY_SOURCE,,NOT_VERIFIED_DO_NOT_INFER,Bodo/Glimt,Bryne,5,0,H,EVALUATION_ONLY_JOIN_AFTER_PREMATCH_FEATURE_FREEZE,1.09,9.26,18.19,EXTERNAL_HISTORICAL_MARKET_BENCHMARK,NOT_AVAILABLE,NOT_GOLDBET,4bdccc887898351b7512995d70d8b8dc500d13183f6f0e51e7d7385f5810c4aa
702de2f2d36c2647bf22780b,Eliteserien,2025,HOLDOUT,2025-11-09,16:00,MATCH_KICKOFF_TIME_TIMEZONE_NOT_STATED_BY_SOURCE,,NOT_VERIFIED_DO_NOT_INFER,Brann,KFUM Oslo,1,1,D,EVALUATION_ONLY_JOIN_AFTER_PREMATCH_FEATURE_FREEZE,1.64,3.75,4.8,EXTERNAL_HISTORICAL_MARKET_BENCHMARK,NOT_AVAILABLE,NOT_GOLDBET,2a0614c6c9cc4057b1594c23639d0b4817613206b624c81a45430f79ce01bc11
9b9670c0100f3ced36aff1a0,Eliteserien,2025,HOLDOUT,2025-11-09,16:00,MATCH_KICKOFF_TIME_TIMEZONE_NOT_STATED_BY_SOURCE,,NOT_VERIFIED_DO_NOT_INFER,Kristiansund,Stromsgodset,2,1,H,EVALUATION_ONLY_JOIN_AFTER_PREMATCH_FEATURE_FREEZE,1.75,3.92,3.83,EXTERNAL_HISTORICAL_MARKET_BENCHMARK,NOT_AVAILABLE,NOT_GOLDBET,5158b2ece3f4fa5f85b22796f211f94cd9b8c893b8840f449ffba39aa52fc84c
09f6316aa81b18a83a49d16e,Eliteserien,2025,HOLDOUT,2025-11-09,16:00,MATCH_KICKOFF_TIME_TIMEZONE_NOT_STATED_BY_SOURCE,,NOT_VERIFIED_DO_NOT_INFER,Sandefjord,Tromso,1,0,H,EVALUATION_ONLY_JOIN_AFTER_PREMATCH_FEATURE_FREEZE,3.25,3.45,2.06,EXTERNAL_HISTORICAL_MARKET_BENCHMARK,NOT_AVAILABLE,NOT_GOLDBET,aa5d6699ca260f3cd688eb10a850f3f807394355f04c5845e58ffaa83bb13599
bec163f9cce9ef198dd6ee66,Eliteserien,2025,HOLDOUT,2025-11-09,18:15,MATCH_KICKOFF_TIME_TIMEZONE_NOT_STATED_BY_SOURCE,,NOT_VERIFIED_DO_NOT_INFER,Haugesund,Molde,0,2,A,EVALUATION_ONLY_JOIN_AFTER_PREMATCH_FEATURE_FREEZE,7.44,5.09,1.33,EXTERNAL_HISTORICAL_MARKET_BENCHMARK,NOT_AVAILABLE,NOT_GOLDBET,a3375f043fe980a41a29c3813636f43d90cbf894643e33dbdacd6279356a3043
e2255227b370c277dc02cc53,Eliteserien,2025,HOLDOUT,2025-11-21,18:00,MATCH_KICKOFF_TIME_TIMEZONE_NOT_STATED_BY_SOURCE,,NOT_VERIFIED_DO_NOT_INFER,KFUM Oslo,Bodo/Glimt,1,2,A,EVALUATION_ONLY_JOIN_AFTER_PREMATCH_FEATURE_FREEZE,6.76,4.8,1.37,EXTERNAL_HISTORICAL_MARKET_BENCHMARK,NOT_AVAILABLE,NOT_GOLDBET,08a9f09c26544e516f858f8ca195bd794a81613d51e89bfeac2c096f4d790e57
b46aa6ec5e77dbe328ddd998,Eliteserien,2025,HOLDOUT,2025-11-22,13:00,MATCH_KICKOFF_TIME_TIMEZONE_NOT_STATED_BY_SOURCE,,NOT_VERIFIED_DO_NOT_INFER,Tromso,Rosenborg,1,0,H,EVALUATION_ONLY_JOIN_AFTER_PREMATCH_FEATURE_FREEZE,1.45,4.42,5.94,EXTERNAL_HISTORICAL_MARKET_BENCHMARK,NOT_AVAILABLE,NOT_GOLDBET,18ab1bbc979006134d1e68351144a6b42cffb9d7b14ef2f489e1a1e578b917fe
0d2d6719d2acc1ca812287f1,Eliteserien,2025,HOLDOUT,2025-11-22,15:00,MATCH_KICKOFF_TIME_TIMEZONE_NOT_STATED_BY_SOURCE,,NOT_VERIFIED_DO_NOT_INFER,Valerenga,Kristiansund,3,3,D,EVALUATION_ONLY_JOIN_AFTER_PREMATCH_FEATURE_FREEZE,1.63,4.08,4.37,EXTERNAL_HISTORICAL_MARKET_BENCHMARK,NOT_AVAILABLE,NOT_GOLDBET,88e52b27fd4cc341f4777b634fedbdcce25a37fbce19f95f3686416eca5a2102
64d3746fcd74db251bffbd55,Eliteserien,2025,HOLDOUT,2025-11-22,17:00,MATCH_KICKOFF_TIME_TIMEZONE_NOT_STATED_BY_SOURCE,,NOT_VERIFIED_DO_NOT_INFER,Molde,Brann,4,0,H,EVALUATION_ONLY_JOIN_AFTER_PREMATCH_FEATURE_FREEZE,2.94,3.54,2.15,EXTERNAL_HISTORICAL_MARKET_BENCHMARK,NOT_AVAILABLE,NOT_GOLDBET,4c71fdd8fd8bc816a4f910eeaf1c97dfcd28c4f14bac4bc21c6329eabeaf65be
af8529b9c08fc06dd554ed49,Eliteserien,2025,HOLDOUT,2025-11-22,17:00,MATCH_KICKOFF_TIME_TIMEZONE_NOT_STATED_BY_SOURCE,,NOT_VERIFIED_DO_NOT_INFER,Stromsgodset,Sandefjord,2,6,A,EVALUATION_ONLY_JOIN_AFTER_PREMATCH_FEATURE_FREEZE,2.67,3.73,2.27,EXTERNAL_HISTORICAL_MARKET_BENCHMARK,NOT_AVAILABLE,NOT_GOLDBET,48576577eab8f506aef4b9bb90fc70a1a4afe121ad7bc5425570f9394653efe5
ca58b6a775a01630e6b24f9a,Eliteserien,2025,HOLDOUT,2025-11-23,13:30,MATCH_KICKOFF_TIME_TIMEZONE_NOT_STATED_BY_SOURCE,,NOT_VERIFIED_DO_NOT_INFER,Bryne,Sarpsborg 08,0,3,A,EVALUATION_ONLY_JOIN_AFTER_PREMATCH_FEATURE_FREEZE,2.19,3.53,2.88,EXTERNAL_HISTORICAL_MARKET_BENCHMARK,NOT_AVAILABLE,NOT_GOLDBET,ddef09899be75f7919b124fe0165404428ece9f19d56953c1ee6b575e3e13cd2
7822be156d9bcdc4cc58eeed,Eliteserien,2025,HOLDOUT,2025-11-23,13:30,MATCH_KICKOFF_TIME_TIMEZONE_NOT_STATED_BY_SOURCE,,NOT_VERIFIED_DO_NOT_INFER,HamKam,Haugesund,5,0,H,EVALUATION_ONLY_JOIN_AFTER_PREMATCH_FEATURE_FREEZE,1.35,4.95,7.12,EXTERNAL_HISTORICAL_MARKET_BENCHMARK,NOT_AVAILABLE,NOT_GOLDBET,2a41294bd70514ebb551695452237aeeb07fc5378196338c91f9b7dd1ab1eb3b
7896797bfc360b65e5048fca,Eliteserien,2025,HOLDOUT,2025-11-23,18:15,MATCH_KICKOFF_TIME_TIMEZONE_NOT_STATED_BY_SOURCE,,NOT_VERIFIED_DO_NOT_INFER,Fredrikstad,Viking,0,1,A,EVALUATION_ONLY_JOIN_AFTER_PREMATCH_FEATURE_FREEZE,5.49,4.34,1.49,EXTERNAL_HISTORICAL_MARKET_BENCHMARK,NOT_AVAILABLE,NOT_GOLDBET,2eff08b503fe89a5eda3fcff98ccdf73732e34522eb552cdd5953dafdf12dacd
449c758e55a592233fbedb7d,Eliteserien,2025,HOLDOUT,2025-11-30,16:00,MATCH_KICKOFF_TIME_TIMEZONE_NOT_STATED_BY_SOURCE,,NOT_VERIFIED_DO_NOT_INFER,Bodo/Glimt,Fredrikstad,5,0,H,EVALUATION_ONLY_JOIN_AFTER_PREMATCH_FEATURE_FREEZE,1.09,9.49,17.75,EXTERNAL_HISTORICAL_MARKET_BENCHMARK,NOT_AVAILABLE,NOT_GOLDBET,81560017b07079d88a2f50c51f60cdc5a62f483e0a2bf8a82188b178415963f3
f313a5bb02b6c54df82d65c8,Eliteserien,2025,HOLDOUT,2025-11-30,16:00,MATCH_KICKOFF_TIME_TIMEZONE_NOT_STATED_BY_SOURCE,,NOT_VERIFIED_DO_NOT_INFER,Brann,HamKam,3,1,H,EVALUATION_ONLY_JOIN_AFTER_PREMATCH_FEATURE_FREEZE,1.26,5.77,8.64,EXTERNAL_HISTORICAL_MARKET_BENCHMARK,NOT_AVAILABLE,NOT_GOLDBET,8a6cd6d2e43c3f05092797c1eec6e8925c3909b111292ca821c661ff10d13934
83c1ba64903ca0131cc22ed1,Eliteserien,2025,HOLDOUT,2025-11-30,16:00,MATCH_KICKOFF_TIME_TIMEZONE_NOT_STATED_BY_SOURCE,,NOT_VERIFIED_DO_NOT_INFER,Haugesund,Bryne,1,4,A,EVALUATION_ONLY_JOIN_AFTER_PREMATCH_FEATURE_FREEZE,3.3,3.68,1.96,EXTERNAL_HISTORICAL_MARKET_BENCHMARK,NOT_AVAILABLE,NOT_GOLDBET,e41dae99a65ebfbb6b6880f0899c5ab65f827351e641207226aa846894f3740d
15808ed99c847729aed1ed73,Eliteserien,2025,HOLDOUT,2025-11-30,16:00,MATCH_KICKOFF_TIME_TIMEZONE_NOT_STATED_BY_SOURCE,,NOT_VERIFIED_DO_NOT_INFER,Kristiansund,Tromso,1,3,A,EVALUATION_ONLY_JOIN_AFTER_PREMATCH_FEATURE_FREEZE,6.87,4.72,1.38,EXTERNAL_HISTORICAL_MARKET_BENCHMARK,NOT_AVAILABLE,NOT_GOLDBET,edde0875ca7aa150cd40d573bcdfa67b4f4461a5fb69a8fdd78f32985ea35a3b
c605669fda2733796940bf90,Eliteserien,2025,HOLDOUT,2025-11-30,16:00,MATCH_KICKOFF_TIME_TIMEZONE_NOT_STATED_BY_SOURCE,,NOT_VERIFIED_DO_NOT_INFER,Rosenborg,Stromsgodset,6,0,H,EVALUATION_ONLY_JOIN_AFTER_PREMATCH_FEATURE_FREEZE,1.39,5.21,5.85,EXTERNAL_HISTORICAL_MARKET_BENCHMARK,NOT_AVAILABLE,NOT_GOLDBET,e3d45a2ed1dba821454193bdf47068fb3d2d525376114c627110f86517356a3f
90abba075a9894065907ca77,Eliteserien,2025,HOLDOUT,2025-11-30,16:00,MATCH_KICKOFF_TIME_TIMEZONE_NOT_STATED_BY_SOURCE,,NOT_VERIFIED_DO_NOT_INFER,Sandefjord,KFUM Oslo,2,0,H,EVALUATION_ONLY_JOIN_AFTER_PREMATCH_FEATURE_FREEZE,1.92,3.69,3.4,EXTERNAL_HISTORICAL_MARKET_BENCHMARK,NOT_AVAILABLE,NOT_GOLDBET,3abc92daa481159cb875ad734c9b66962829052cbb25f9ea8553ba40f9de4e03
ffda2b35bb97df4e16e91a9e,Eliteserien,2025,HOLDOUT,2025-11-30,16:00,MATCH_KICKOFF_TIME_TIMEZONE_NOT_STATED_BY_SOURCE,,NOT_VERIFIED_DO_NOT_INFER,Sarpsborg 08,Molde,1,0,H,EVALUATION_ONLY_JOIN_AFTER_PREMATCH_FEATURE_FREEZE,2.35,3.84,2.52,EXTERNAL_HISTORICAL_MARKET_BENCHMARK,NOT_AVAILABLE,NOT_GOLDBET,c5944eef80d2c9b605598ec543694318ccbd30620c730178729148dad023ff95
7d9146f3d282c1cf3cdc3bc7,Eliteserien,2025,HOLDOUT,2025-11-30,16:00,MATCH_KICKOFF_TIME_TIMEZONE_NOT_STATED_BY_SOURCE,,NOT_VERIFIED_DO_NOT_INFER,Viking,Valerenga,5,1,H,EVALUATION_ONLY_JOIN_AFTER_PREMATCH_FEATURE_FREEZE,1.21,6.5,9.42,EXTERNAL_HISTORICAL_MARKET_BENCHMARK,NOT_AVAILABLE,NOT_GOLDBET,79a052cf0a0f9aa42d3a2ef57dd48e5992091581caf8818dc9287a1cd030992d
