Season,League,Date,Time,Home,Away,HG,AG,Res,AvgCH,AvgCD,AvgCA
2022/2023,LaLiga,12/08/2022,20:00,Osasuna,Sevilla,2,1,H,3.2,3.04,2.5
2022/2023,LaLiga,13/08/2022,16:00,Celta,Espanol,2,2,D,1.78,3.58,5
2022/2023,LaLiga,13/08/2022,18:00,Valladolid,Villarreal,0,3,A,3.45,3.39,2.19
2022/2023,LaLiga,13/08/2022,20:00,Barcelona,Vallecano,0,0,D,1.22,6.82,13.42
2022/2023,LaLiga,14/08/2022,16:30,Cadiz,Sociedad,0,1,A,3.8,3.07,2.2
2022/2023,LaLiga,14/08/2022,18:30,Valencia,Girona,1,0,H,1.9,3.51,4.3
2022/2023,LaLiga,14/08/2022,21:00,Almeria,Real Madrid,1,2,A,6.93,4.94,1.44
2022/2023,LaLiga,15/08/2022,16:30,Ath Bilbao,Mallorca,0,0,D,1.57,3.94,6.55
2022/2023,LaLiga,15/08/2022,18:30,Getafe,Ath Madrid,0,3,A,5.53,3.1,1.86
2022/2023,LaLiga,15/08/2022,20:30,Betis,Elche,3,0,H,1.58,4.06,6.06
2022/2023,LaLiga,19/08/2022,19:00,Espanol,Vallecano,0,2,A,2.6,3.01,3.08
2022/2023,LaLiga,19/08/2022,21:00,Sevilla,Valladolid,1,1,D,1.54,4.16,6.58
2022/2023,LaLiga,20/08/2022,16:30,Osasuna,Cadiz,2,0,H,1.92,3.27,4.58
2022/2023,LaLiga,20/08/2022,18:30,Mallorca,Betis,1,2,A,3.25,3.2,2.36
2022/2023,LaLiga,20/08/2022,21:00,Celta,Real Madrid,1,4,A,5.1,4.16,1.65
2022/2023,LaLiga,21/08/2022,16:30,Ath Bilbao,Valencia,1,0,H,1.69,3.7,5.54
2022/2023,LaLiga,21/08/2022,18:30,Ath Madrid,Villarreal,0,2,A,1.92,3.42,4.4
2022/2023,LaLiga,21/08/2022,21:00,Sociedad,Barcelona,1,4,A,3.62,3.49,2.08
2022/2023,LaLiga,22/08/2022,19:00,Elche,Almeria,1,1,D,2.38,3.22,3.21
2022/2023,LaLiga,22/08/2022,21:00,Girona,Getafe,3,1,H,2.37,2.88,3.67
2022/2023,LaLiga,26/08/2022,19:00,Girona,Celta,0,1,A,2.79,3.1,2.76
2022/2023,LaLiga,26/08/2022,21:00,Betis,Osasuna,1,0,H,1.85,3.58,4.51
2022/2023,LaLiga,27/08/2022,16:30,Elche,Sociedad,0,1,A,3.84,3.29,2.09
2022/2023,LaLiga,27/08/2022,18:30,Vallecano,Mallorca,0,2,A,2.05,3.26,4.03
2022/2023,LaLiga,27/08/2022,21:00,Almeria,Sevilla,2,1,H,3.52,3.34,2.18
2022/2023,LaLiga,28/08/2022,16:30,Getafe,Villarreal,0,0,D,5.11,3.68,1.74
2022/2023,LaLiga,28/08/2022,18:30,Barcelona,Valladolid,4,0,H,1.14,9.05,17.98
2022/2023,LaLiga,28/08/2022,21:00,Espanol,Real Madrid,1,3,A,6.38,4.61,1.49
2022/2023,LaLiga,29/08/2022,19:00,Cadiz,Ath Bilbao,0,4,A,3.96,3.22,2.09
2022/2023,LaLiga,29/08/2022,21:00,Valencia,Ath Madrid,0,1,A,4.24,3.35,1.97
2022/2023,LaLiga,02/09/2022,20:00,Celta,Cadiz,3,0,H,1.62,3.68,6.52
2022/2023,LaLiga,03/09/2022,13:00,Mallorca,Girona,1,1,D,2.15,3.11,3.89
2022/2023,LaLiga,03/09/2022,15:15,Real Madrid,Betis,2,1,H,1.37,5.32,7.7
2022/2023,LaLiga,03/09/2022,17:30,Sociedad,Ath Madrid,1,1,D,2.95,3.08,2.66
2022/2023,LaLiga,03/09/2022,20:00,Sevilla,Barcelona,0,3,A,4.9,3.89,1.72
2022/2023,LaLiga,04/09/2022,13:00,Osasuna,Vallecano,2,1,H,2.13,3.08,3.98
2022/2023,LaLiga,04/09/2022,15:15,Ath Bilbao,Espanol,0,1,A,1.51,4.29,6.74
2022/2023,LaLiga,04/09/2022,17:30,Villarreal,Elche,4,0,H,1.39,4.95,8.21
2022/2023,LaLiga,04/09/2022,20:00,Valencia,Getafe,5,1,H,1.94,3.22,4.67
2022/2023,LaLiga,05/09/2022,20:00,Valladolid,Almeria,1,0,H,2.28,3.35,3.27
2022/2023,LaLiga,09/09/2022,20:00,Girona,Valladolid,2,1,H,2.08,3.29,3.87
2022/2023,LaLiga,10/09/2022,13:00,Vallecano,Valencia,2,1,H,2.74,3.06,2.85
2022/2023,LaLiga,10/09/2022,15:15,Espanol,Sevilla,2,3,A,2.55,3.18,2.97
2022/2023,LaLiga,10/09/2022,17:30,Cadiz,Barcelona,0,4,A,9.22,5.24,1.34
2022/2023,LaLiga,10/09/2022,20:00,Ath Madrid,Celta,4,1,H,1.84,3.43,4.79
2022/2023,LaLiga,11/09/2022,13:00,Real Madrid,Mallorca,4,1,H,1.3,5.67,10.36
2022/2023,LaLiga,11/09/2022,15:15,Elche,Ath Bilbao,1,4,A,4.7,3.63,1.8
2022/2023,LaLiga,11/09/2022,17:30,Getafe,Sociedad,2,1,H,4.32,3.14,2.03
2022/2023,LaLiga,11/09/2022,20:00,Betis,Villarreal,1,0,H,2.98,3.38,2.44
2022/2023,LaLiga,12/09/2022,20:00,Almeria,Osasuna,0,1,A,2.98,3.17,2.54
2022/2023,LaLiga,16/09/2022,20:00,Valladolid,Cadiz,0,1,A,2.04,3.31,3.99
2022/2023,LaLiga,17/09/2022,13:00,Mallorca,Almeria,1,0,H,1.96,3.27,4.41
2022/2023,LaLiga,17/09/2022,15:15,Barcelona,Elche,3,0,H,1.08,12.19,28.92
2022/2023,LaLiga,17/09/2022,17:30,Valencia,Celta,3,0,H,2.34,3.08,3.42
2022/2023,LaLiga,17/09/2022,20:00,Ath Bilbao,Vallecano,3,2,H,1.62,3.83,6.07
2022/2023,LaLiga,18/09/2022,13:00,Osasuna,Getafe,0,2,A,1.69,3.43,6.22
2022/2023,LaLiga,18/09/2022,15:15,Villarreal,Sevilla,1,1,D,1.76,3.68,4.92
2022/2023,LaLiga,18/09/2022,17:30,Betis,Girona,2,1,H,1.73,3.72,5.17
2022/2023,LaLiga,18/09/2022,17:30,Sociedad,Espanol,2,1,H,1.72,3.72,5.23
2022/2023,LaLiga,18/09/2022,20:00,Ath Madrid,Real Madrid,1,2,A,3.14,3.23,2.42
2022/2023,LaLiga,30/09/2022,20:00,Ath Bilbao,Almeria,4,0,H,1.37,4.94,8.65
2022/2023,LaLiga,01/10/2022,13:00,Cadiz,Villarreal,0,0,D,4.99,3.72,1.74
2022/2023,LaLiga,01/10/2022,15:15,Getafe,Valladolid,2,3,A,2.41,3.05,3.34
2022/2023,LaLiga,01/10/2022,17:30,Sevilla,Ath Madrid,0,2,A,3.28,3.12,2.38
2022/2023,LaLiga,01/10/2022,20:00,Mallorca,Barcelona,0,1,A,9.18,5.12,1.35
2022/2023,LaLiga,02/10/2022,13:00,Espanol,Valencia,2,2,D,2.83,3.22,2.63
2022/2023,LaLiga,02/10/2022,15:15,Celta,Betis,1,0,H,2.41,3.21,3.11
2022/2023,LaLiga,02/10/2022,17:30,Girona,Sociedad,3,5,A,3.32,3.16,2.34
2022/2023,LaLiga,02/10/2022,20:00,Real Madrid,Osasuna,1,1,D,1.37,5.2,8.3
2022/2023,LaLiga,03/10/2022,20:00,Vallecano,Elche,2,1,H,1.56,4.13,6.23
2022/2023,LaLiga,07/10/2022,20:00,Osasuna,Valencia,1,2,A,2.5,3.23,2.98
2022/2023,LaLiga,08/10/2022,13:00,Almeria,Vallecano,3,1,H,3.14,3.24,2.4
2022/2023,LaLiga,08/10/2022,15:15,Ath Madrid,Girona,2,1,H,1.41,4.61,8.41
2022/2023,LaLiga,08/10/2022,17:30,Sevilla,Ath Bilbao,1,1,D,3.34,3.41,2.2
2022/2023,LaLiga,08/10/2022,20:00,Getafe,Real Madrid,0,1,A,7.09,4.48,1.47
2022/2023,LaLiga,09/10/2022,13:00,Valladolid,Betis,0,0,D,2.94,3.47,2.41
2022/2023,LaLiga,09/10/2022,15:15,Cadiz,Espanol,2,2,D,2.92,3.07,2.67
2022/2023,LaLiga,09/10/2022,17:30,Sociedad,Villarreal,1,0,H,2.66,3.31,2.75
2022/2023,LaLiga,09/10/2022,20:00,Barcelona,Celta,1,0,H,1.29,5.94,10.06
2022/2023,LaLiga,10/10/2022,20:00,Elche,Mallorca,1,1,D,2.98,3.05,2.61
2022/2023,LaLiga,14/10/2022,20:00,Vallecano,Getafe,0,0,D,1.95,3.22,4.54
2022/2023,LaLiga,15/10/2022,13:00,Girona,Cadiz,1,1,D,1.95,3.31,4.43
2022/2023,LaLiga,15/10/2022,15:15,Valencia,Elche,2,2,D,1.43,4.73,7.29
2022/2023,LaLiga,15/10/2022,17:30,Mallorca,Sevilla,0,1,A,3.11,2.98,2.59
2022/2023,LaLiga,15/10/2022,20:00,Ath Bilbao,Ath Madrid,0,1,A,2.36,3.19,3.3
2022/2023,LaLiga,16/10/2022,13:00,Celta,Sociedad,1,2,A,2.44,3.12,3.19
2022/2023,LaLiga,16/10/2022,15:15,Real Madrid,Barcelona,3,1,H,2.28,3.74,2.98
2022/2023,LaLiga,16/10/2022,17:30,Espanol,Valladolid,1,0,H,2.03,3.46,3.82
2022/2023,LaLiga,16/10/2022,20:00,Betis,Almeria,3,1,H,1.56,4.18,6.09
2022/2023,LaLiga,17/10/2022,20:00,Villarreal,Osasuna,2,0,H,1.77,3.68,4.82
2022/2023,LaLiga,18/10/2022,18:00,Sevilla,Valencia,1,1,D,2.3,3.32,3.27
2022/2023,LaLiga,18/10/2022,19:00,Getafe,Ath Bilbao,2,2,D,4.88,3.33,1.86
2022/2023,LaLiga,18/10/2022,20:00,Ath Madrid,Vallecano,1,1,D,1.59,3.81,6.61
2022/2023,LaLiga,19/10/2022,18:00,Cadiz,Betis,0,0,D,3.6,3.26,2.19
2022/2023,LaLiga,19/10/2022,18:00,Valladolid,Celta,4,1,H,3.18,3.21,2.4
2022/2023,LaLiga,19/10/2022,19:00,Sociedad,Mallorca,1,0,H,1.55,3.83,7.37
2022/2023,LaLiga,19/10/2022,20:00,Elche,Real Madrid,0,3,A,10.99,6.27,1.26
2022/2023,LaLiga,20/10/2022,18:00,Almeria,Girona,3,2,H,2.69,3.33,2.7
2022/2023,LaLiga,20/10/2022,19:00,Osasuna,Espanol,1,0,H,2.23,3.25,3.5
2022/2023,LaLiga,20/10/2022,20:00,Barcelona,Villarreal,3,0,H,1.47,4.81,6.42
2022/2023,LaLiga,22/10/2022,13:00,Vallecano,Cadiz,5,1,H,1.73,3.53,5.47
2022/2023,LaLiga,22/10/2022,15:15,Valladolid,Sociedad,1,0,H,4.1,3.45,1.96
2022/2023,LaLiga,22/10/2022,17:30,Valencia,Mallorca,1,2,A,1.77,3.55,5.11
2022/2023,LaLiga,22/10/2022,20:00,Real Madrid,Sevilla,3,1,H,1.38,5,8.35
2022/2023,LaLiga,23/10/2022,13:00,Espanol,Elche,2,2,D,1.64,3.87,5.8
2022/2023,LaLiga,23/10/2022,15:15,Betis,Ath Madrid,1,2,A,3.2,3.13,2.42
2022/2023,LaLiga,23/10/2022,17:30,Girona,Osasuna,1,1,D,2.48,3.2,3.06
2022/2023,LaLiga,23/10/2022,17:30,Villarreal,Almeria,2,1,H,1.38,5.09,8.26
2022/2023,LaLiga,23/10/2022,20:00,Barcelona,Ath Bilbao,4,0,H,1.44,4.9,7.05
2022/2023,LaLiga,24/10/2022,20:00,Celta,Getafe,1,1,D,1.69,3.55,5.92
2022/2023,LaLiga,28/10/2022,20:00,Mallorca,Espanol,1,1,D,2.41,3.02,3.36
2022/2023,LaLiga,29/10/2022,13:00,Almeria,Celta,3,1,H,3.09,3.41,2.35
2022/2023,LaLiga,29/10/2022,15:15,Cadiz,Ath Madrid,3,2,H,6.29,3.68,1.63
2022/2023,LaLiga,29/10/2022,17:30,Sevilla,Vallecano,0,1,A,2.04,3.36,3.93
2022/2023,LaLiga,29/10/2022,20:00,Valencia,Barcelona,0,1,A,5.71,4.55,1.55
2022/2023,LaLiga,30/10/2022,13:00,Osasuna,Valladolid,2,0,H,1.85,3.6,4.46
2022/2023,LaLiga,30/10/2022,15:15,Real Madrid,Girona,1,1,D,1.26,6.27,11.25
2022/2023,LaLiga,30/10/2022,17:30,Ath Bilbao,Villarreal,1,0,H,2.12,3.46,3.56
2022/2023,LaLiga,30/10/2022,20:00,Sociedad,Betis,0,2,A,2.06,3.3,3.95
2022/2023,LaLiga,31/10/2022,20:00,Elche,Getafe,0,1,A,2.72,2.92,3.01
2022/2023,LaLiga,04/11/2022,20:00,Girona,Ath Bilbao,2,1,H,3.68,3.48,2.06
2022/2023,LaLiga,05/11/2022,13:00,Getafe,Cadiz,0,0,D,2.15,2.98,4.1
2022/2023,LaLiga,05/11/2022,15:15,Valladolid,Elche,2,1,H,1.9,3.61,4.16
2022/2023,LaLiga,05/11/2022,17:30,Celta,Osasuna,1,2,A,2.25,3.24,3.42
2022/2023,LaLiga,05/11/2022,20:00,Barcelona,Almeria,2,0,H,1.11,10.05,21.53
2022/2023,LaLiga,06/11/2022,13:00,Ath Madrid,Espanol,1,1,D,1.52,4.26,6.56
2022/2023,LaLiga,06/11/2022,15:15,Sociedad,Valencia,1,1,D,1.95,3.36,4.34
2022/2023,LaLiga,06/11/2022,17:30,Villarreal,Mallorca,0,2,A,1.76,3.55,5.2
2022/2023,LaLiga,06/11/2022,20:00,Betis,Sevilla,1,1,D,2.09,3.28,3.84
2022/2023,LaLiga,07/11/2022,20:00,Vallecano,Real Madrid,3,2,H,4.87,3.83,1.74
2022/2023,LaLiga,08/11/2022,18:00,Elche,Girona,1,2,A,3.56,3.33,2.17
2022/2023,LaLiga,08/11/2022,19:00,Ath Bilbao,Valladolid,3,0,H,1.43,4.7,7.47
2022/2023,LaLiga,08/11/2022,20:30,Osasuna,Barcelona,1,2,A,5.96,4.31,1.55
2022/2023,LaLiga,09/11/2022,18:00,Almeria,Getafe,1,0,H,2.06,3.17,4.14
2022/2023,LaLiga,09/11/2022,18:00,Sevilla,Sociedad,1,2,A,2.5,3.24,3
2022/2023,LaLiga,09/11/2022,19:00,Espanol,Villarreal,0,1,A,2.76,3.38,2.59
2022/2023,LaLiga,09/11/2022,20:30,Mallorca,Ath Madrid,1,0,H,3.87,2.96,2.23
2022/2023,LaLiga,10/11/2022,18:00,Vallecano,Celta,0,0,D,2.08,3.14,4.09
2022/2023,LaLiga,10/11/2022,19:00,Valencia,Betis,3,0,H,2.18,3.31,3.53
2022/2023,LaLiga,10/11/2022,20:30,Real Madrid,Cadiz,2,1,H,1.21,6.92,13.7
2022/2023,LaLiga,29/12/2022,16:00,Girona,Vallecano,2,2,D,2.09,3.45,3.62
2022/2023,LaLiga,29/12/2022,18:15,Betis,Ath Bilbao,0,0,D,3.01,3.31,2.45
2022/2023,LaLiga,29/12/2022,20:30,Ath Madrid,Elche,2,0,H,1.26,5.93,12.15
2022/2023,LaLiga,30/12/2022,16:00,Getafe,Mallorca,2,0,H,2.86,2.68,3.12
2022/2023,LaLiga,30/12/2022,18:15,Cadiz,Almeria,1,1,D,2.18,3.27,3.55
2022/2023,LaLiga,30/12/2022,18:15,Celta,Sevilla,1,1,D,2.26,3.17,3.48
2022/2023,LaLiga,30/12/2022,20:30,Valladolid,Real Madrid,0,2,A,6.82,4.8,1.45
2022/2023,LaLiga,31/12/2022,13:00,Barcelona,Espanol,1,1,D,1.21,7.01,14.22
2022/2023,LaLiga,31/12/2022,15:15,Sociedad,Osasuna,2,0,H,1.92,3.33,4.5
2022/2023,LaLiga,31/12/2022,15:15,Villarreal,Valencia,2,1,H,2.06,3.43,3.76
2022/2023,LaLiga,06/01/2023,17:30,Elche,Celta,0,1,A,3.97,3.23,2.07
2022/2023,LaLiga,06/01/2023,20:00,Valencia,Cadiz,0,1,A,1.56,4.15,6.21
2022/2023,LaLiga,07/01/2023,15:15,Villarreal,Real Madrid,2,1,H,3.48,3.67,2.08
2022/2023,LaLiga,07/01/2023,17:30,Mallorca,Valladolid,1,0,H,2.04,3.14,4.22
2022/2023,LaLiga,07/01/2023,20:00,Espanol,Girona,2,2,D,2.59,3.23,2.87
2022/2023,LaLiga,08/01/2023,13:00,Almeria,Sociedad,0,2,A,4.31,3.38,1.94
2022/2023,LaLiga,08/01/2023,15:15,Vallecano,Betis,1,2,A,2.44,3.18,3.12
2022/2023,LaLiga,08/01/2023,17:30,Sevilla,Getafe,2,1,H,1.84,3.27,5.16
2022/2023,LaLiga,08/01/2023,20:00,Ath Madrid,Barcelona,0,1,A,3.18,3.21,2.41
2022/2023,LaLiga,09/01/2023,20:00,Ath Bilbao,Osasuna,0,0,D,1.59,3.87,6.45
2022/2023,LaLiga,13/01/2023,20:00,Celta,Villarreal,1,1,D,2.87,3.23,2.61
2022/2023,LaLiga,14/01/2023,13:00,Valladolid,Vallecano,0,1,A,2.83,3.13,2.7
2022/2023,LaLiga,14/01/2023,15:15,Girona,Sevilla,2,1,H,2.4,3.21,3.16
2022/2023,LaLiga,14/01/2023,17:30,Osasuna,Mallorca,1,0,H,2.18,2.97,4
2022/2023,LaLiga,14/01/2023,20:00,Sociedad,Ath Bilbao,3,1,H,2.34,3,3.59
2022/2023,LaLiga,15/01/2023,13:00,Getafe,Espanol,1,2,A,2.42,2.89,3.5
2022/2023,LaLiga,15/01/2023,15:15,Almeria,Ath Madrid,1,1,D,4.9,3.74,1.74
2022/2023,LaLiga,16/01/2023,20:00,Cadiz,Elche,1,1,D,1.93,3.33,4.45
2022/2023,LaLiga,20/01/2023,20:00,Mallorca,Celta,1,0,H,2.79,2.76,3.07
2022/2023,LaLiga,21/01/2023,13:00,Vallecano,Sociedad,0,2,A,2.97,3.04,2.65
2022/2023,LaLiga,21/01/2023,15:15,Espanol,Betis,1,0,H,2.77,3.03,2.84
2022/2023,LaLiga,21/01/2023,17:30,Ath Madrid,Valladolid,3,0,H,1.33,5.15,9.89
2022/2023,LaLiga,21/01/2023,20:00,Sevilla,Cadiz,1,0,H,1.77,3.56,5.02
2022/2023,LaLiga,22/01/2023,13:00,Villarreal,Girona,1,0,H,1.74,3.97,4.56
2022/2023,LaLiga,22/01/2023,15:15,Elche,Osasuna,1,1,D,3.05,3.1,2.54
2022/2023,LaLiga,22/01/2023,17:30,Barcelona,Getafe,1,0,H,1.24,6.06,14.07
2022/2023,LaLiga,22/01/2023,20:00,Ath Bilbao,Real Madrid,0,2,A,2.94,3.37,2.46
2022/2023,LaLiga,23/01/2023,20:00,Valencia,Almeria,2,2,D,1.61,4.11,5.62
2022/2023,LaLiga,27/01/2023,20:00,Almeria,Espanol,3,1,H,2.46,3.15,3.15
2022/2023,LaLiga,28/01/2023,13:00,Cadiz,Mallorca,2,0,H,2.88,2.71,3.07
2022/2023,LaLiga,28/01/2023,15:15,Girona,Barcelona,0,1,A,5.61,4.31,1.57
2022/2023,LaLiga,28/01/2023,17:30,Sevilla,Elche,3,0,H,1.52,4.09,7.11
2022/2023,LaLiga,28/01/2023,20:00,Getafe,Betis,0,1,A,3.08,2.82,2.74
2022/2023,LaLiga,29/01/2023,13:00,Valladolid,Valencia,1,0,H,3.14,3.2,2.42
2022/2023,LaLiga,29/01/2023,15:15,Osasuna,Ath Madrid,0,1,A,4.19,3.15,2.06
2022/2023,LaLiga,29/01/2023,17:30,Celta,Ath Bilbao,1,0,H,3.16,2.95,2.57
2022/2023,LaLiga,29/01/2023,20:00,Real Madrid,Sociedad,0,0,D,1.74,3.81,4.94
2022/2023,LaLiga,30/01/2023,20:00,Villarreal,Vallecano,0,1,A,1.76,3.71,4.88
2022/2023,LaLiga,01/02/2023,20:00,Betis,Barcelona,1,2,A,4.71,3.73,1.77
2022/2023,LaLiga,02/02/2023,20:00,Real Madrid,Valencia,2,0,H,1.39,5.04,8.21
2022/2023,LaLiga,03/02/2023,20:00,Ath Bilbao,Cadiz,4,1,H,1.38,4.65,9.58
2022/2023,LaLiga,04/02/2023,13:00,Espanol,Osasuna,1,1,D,2.76,3.04,2.84
2022/2023,LaLiga,04/02/2023,15:15,Elche,Villarreal,3,1,H,5.24,3.94,1.67
2022/2023,LaLiga,04/02/2023,17:30,Ath Madrid,Getafe,1,1,D,1.46,4.08,8.85
2022/2023,LaLiga,04/02/2023,20:00,Betis,Celta,3,4,A,2.08,3.28,3.86
2022/2023,LaLiga,05/02/2023,13:00,Mallorca,Real Madrid,1,0,H,5.05,3.52,1.78
2022/2023,LaLiga,05/02/2023,15:15,Girona,Valencia,1,0,H,2.32,3.28,3.26
2022/2023,LaLiga,05/02/2023,17:30,Sociedad,Valladolid,0,1,A,1.48,4.25,7.48
2022/2023,LaLiga,05/02/2023,20:00,Barcelona,Sevilla,3,0,H,1.31,5.47,10.23
2022/2023,LaLiga,06/02/2023,20:00,Vallecano,Almeria,2,0,H,1.92,3.46,4.33
2022/2023,LaLiga,10/02/2023,20:00,Cadiz,Girona,2,0,H,3.13,3.08,2.51
2022/2023,LaLiga,11/02/2023,15:15,Almeria,Betis,2,3,A,2.9,3.33,2.52
2022/2023,LaLiga,11/02/2023,17:30,Sevilla,Mallorca,2,0,H,1.9,3.17,4.95
2022/2023,LaLiga,11/02/2023,20:00,Valencia,Ath Bilbao,1,2,A,3.2,3.22,2.38
2022/2023,LaLiga,12/02/2023,13:00,Getafe,Vallecano,1,1,D,3.24,2.85,2.61
2022/2023,LaLiga,12/02/2023,15:15,Celta,Ath Madrid,0,1,A,3.68,3.18,2.19
2022/2023,LaLiga,12/02/2023,17:30,Valladolid,Osasuna,0,0,D,2.4,3.14,3.25
2022/2023,LaLiga,12/02/2023,20:00,Villarreal,Barcelona,0,1,A,4.71,3.71,1.78
2022/2023,LaLiga,13/02/2023,20:00,Espanol,Sociedad,2,3,A,4.01,3.07,2.14
2022/2023,LaLiga,15/02/2023,20:00,Real Madrid,Elche,4,0,H,1.21,6.77,14.12
2022/2023,LaLiga,17/02/2023,20:00,Girona,Almeria,6,2,H,1.86,3.67,4.29
2022/2023,LaLiga,18/02/2023,13:00,Sociedad,Celta,1,1,D,1.81,3.42,5.06
2022/2023,LaLiga,18/02/2023,15:15,Betis,Valladolid,2,1,H,1.67,3.95,5.28
2022/2023,LaLiga,18/02/2023,17:30,Mallorca,Villarreal,4,2,H,3.21,2.91,2.6
2022/2023,LaLiga,18/02/2023,20:00,Osasuna,Real Madrid,0,2,A,5.33,3.79,1.69
2022/2023,LaLiga,19/02/2023,13:00,Elche,Espanol,0,1,A,2.67,3,2.97
2022/2023,LaLiga,19/02/2023,15:15,Vallecano,Sevilla,1,1,D,2.37,3.13,3.31
2022/2023,LaLiga,19/02/2023,17:30,Ath Madrid,Ath Bilbao,1,0,H,1.97,3.33,4.3
2022/2023,LaLiga,19/02/2023,20:00,Barcelona,Cadiz,2,0,H,1.23,6.39,13.4
2022/2023,LaLiga,20/02/2023,20:00,Getafe,Valencia,1,0,H,3.24,2.83,2.63
2022/2023,LaLiga,24/02/2023,20:00,Elche,Betis,2,3,A,3.65,3.5,2.05
2022/2023,LaLiga,25/02/2023,13:00,Espanol,Mallorca,2,1,H,2.59,2.82,3.29
2022/2023,LaLiga,25/02/2023,15:15,Cadiz,Vallecano,1,0,H,2.99,2.97,2.7
2022/2023,LaLiga,25/02/2023,17:30,Real Madrid,Ath Madrid,1,1,D,1.82,3.53,4.81
2022/2023,LaLiga,25/02/2023,20:00,Valencia,Sociedad,1,0,H,3.28,3.09,2.42
2022/2023,LaLiga,26/02/2023,13:00,Ath Bilbao,Girona,2,3,A,1.66,3.89,5.51
2022/2023,LaLiga,26/02/2023,15:15,Celta,Valladolid,3,0,H,1.69,3.9,5.1
2022/2023,LaLiga,26/02/2023,17:30,Almeria,Barcelona,1,0,H,7.04,4.79,1.44
2022/2023,LaLiga,26/02/2023,20:00,Sevilla,Osasuna,2,3,A,1.71,3.63,5.5
2022/2023,LaLiga,27/02/2023,20:00,Villarreal,Getafe,2,1,H,1.73,3.45,5.81
2022/2023,LaLiga,03/03/2023,20:00,Sociedad,Cadiz,0,0,D,1.52,3.86,7.59
2022/2023,LaLiga,04/03/2023,13:00,Getafe,Girona,3,2,H,2.71,2.96,2.97
2022/2023,LaLiga,04/03/2023,15:15,Almeria,Villarreal,0,2,A,3.32,3.53,2.18
2022/2023,LaLiga,04/03/2023,17:30,Mallorca,Elche,0,1,A,1.66,3.47,6.4
2022/2023,LaLiga,04/03/2023,20:00,Ath Madrid,Sevilla,6,1,H,1.63,3.75,6.02
2022/2023,LaLiga,05/03/2023,13:00,Valladolid,Espanol,2,1,H,2.29,3.23,3.36
2022/2023,LaLiga,05/03/2023,15:15,Barcelona,Valencia,1,0,H,1.34,5.1,9.84
2022/2023,LaLiga,05/03/2023,17:30,Vallecano,Ath Bilbao,0,0,D,2.82,3.02,2.79
2022/2023,LaLiga,05/03/2023,20:00,Betis,Real Madrid,0,0,D,4.76,3.97,1.72
2022/2023,LaLiga,06/03/2023,20:00,Osasuna,Celta,0,0,D,2.63,3.12,2.92
2022/2023,LaLiga,10/03/2023,20:00,Cadiz,Getafe,2,2,D,2.49,2.82,3.49
2022/2023,LaLiga,11/03/2023,13:00,Real Madrid,Espanol,3,1,H,1.23,6.24,14
2022/2023,LaLiga,11/03/2023,15:15,Elche,Valladolid,1,1,D,2.55,3.25,2.87
2022/2023,LaLiga,11/03/2023,17:30,Celta,Vallecano,3,0,H,2.06,3.3,3.86
2022/2023,LaLiga,11/03/2023,20:00,Valencia,Osasuna,1,0,H,2.03,3.19,4.13
2022/2023,LaLiga,12/03/2023,13:00,Mallorca,Sociedad,1,1,D,3.75,2.75,2.41
2022/2023,LaLiga,12/03/2023,15:15,Sevilla,Almeria,2,1,H,1.64,4.09,5.26
2022/2023,LaLiga,12/03/2023,17:30,Villarreal,Betis,1,1,D,1.68,3.96,5.05
2022/2023,LaLiga,12/03/2023,20:00,Ath Bilbao,Barcelona,0,1,A,3.64,3.33,2.13
2022/2023,LaLiga,13/03/2023,20:00,Girona,Ath Madrid,0,1,A,3.75,3.43,2.06
2022/2023,LaLiga,17/03/2023,20:00,Valladolid,Ath Bilbao,1,3,A,4.11,3.56,1.93
2022/2023,LaLiga,18/03/2023,13:00,Almeria,Cadiz,1,1,D,2.06,3.38,3.76
2022/2023,LaLiga,18/03/2023,15:15,Vallecano,Girona,2,2,D,2.05,3.36,3.88
2022/2023,LaLiga,18/03/2023,17:30,Espanol,Celta,1,3,A,2.97,3.05,2.62
2022/2023,LaLiga,18/03/2023,20:00,Ath Madrid,Valencia,3,0,H,1.5,4.11,7.5
2022/2023,LaLiga,19/03/2023,13:00,Betis,Mallorca,1,0,H,2,3.11,4.39
2022/2023,LaLiga,19/03/2023,15:15,Osasuna,Villarreal,0,3,A,3.01,3.16,2.54
2022/2023,LaLiga,19/03/2023,15:15,Sociedad,Elche,2,0,H,1.4,4.51,9.09
2022/2023,LaLiga,19/03/2023,17:30,Getafe,Sevilla,2,0,H,2.76,2.95,2.91
2022/2023,LaLiga,19/03/2023,20:00,Barcelona,Real Madrid,2,1,H,2.24,3.47,3.29
2022/2023,LaLiga,31/03/2023,20:00,Mallorca,Osasuna,0,0,D,2.18,2.83,4.37
2022/2023,LaLiga,01/04/2023,13:00,Girona,Espanol,2,1,H,1.92,3.45,4.33
2022/2023,LaLiga,01/04/2023,15:15,Ath Bilbao,Getafe,0,0,D,1.7,3.48,5.91
2022/2023,LaLiga,01/04/2023,17:30,Cadiz,Sevilla,0,2,A,3.38,3.08,2.34
2022/2023,LaLiga,01/04/2023,20:00,Elche,Barcelona,0,4,A,10.68,5.37,1.31
2022/2023,LaLiga,02/04/2023,13:00,Celta,Almeria,2,2,D,1.51,4.45,6.45
2022/2023,LaLiga,02/04/2023,15:15,Real Madrid,Valladolid,6,0,H,1.18,7.9,13.83
2022/2023,LaLiga,02/04/2023,17:30,Villarreal,Sociedad,2,0,H,2.58,3.08,3.02
2022/2023,LaLiga,02/04/2023,20:00,Ath Madrid,Betis,1,0,H,1.4,4.63,8.94
2022/2023,LaLiga,03/04/2023,20:00,Valencia,Vallecano,1,1,D,2.06,3.26,3.92
2022/2023,LaLiga,07/04/2023,20:00,Sevilla,Celta,2,2,D,2.34,3.25,3.26
2022/2023,LaLiga,08/04/2023,13:00,Osasuna,Elche,2,1,H,1.81,3.52,4.85
2022/2023,LaLiga,08/04/2023,15:15,Espanol,Ath Bilbao,1,2,A,4.01,3.22,2.08
2022/2023,LaLiga,08/04/2023,17:30,Sociedad,Getafe,2,0,H,1.74,3.36,5.87
2022/2023,LaLiga,08/04/2023,20:00,Real Madrid,Villarreal,2,3,A,1.49,4.76,6.18
2022/2023,LaLiga,09/04/2023,13:00,Valladolid,Mallorca,3,3,D,2.55,2.91,3.26
2022/2023,LaLiga,09/04/2023,15:15,Betis,Cadiz,0,2,A,1.67,3.74,5.67
2022/2023,LaLiga,09/04/2023,17:30,Almeria,Valencia,2,1,H,3.36,3.42,2.21
2022/2023,LaLiga,09/04/2023,20:00,Vallecano,Ath Madrid,1,2,A,4.81,3.44,1.84
2022/2023,LaLiga,10/04/2023,20:00,Barcelona,Girona,0,0,D,1.32,5.59,9.19
2022/2023,LaLiga,14/04/2023,20:00,Vallecano,Osasuna,2,1,H,2.06,3.18,4.06
2022/2023,LaLiga,15/04/2023,13:00,Villarreal,Valladolid,1,2,A,1.47,4.7,6.53
2022/2023,LaLiga,15/04/2023,15:15,Ath Bilbao,Sociedad,2,0,H,2.22,3.04,3.79
2022/2023,LaLiga,15/04/2023,17:30,Betis,Espanol,3,1,H,2.02,3.36,4.03
2022/2023,LaLiga,15/04/2023,20:00,Cadiz,Real Madrid,0,2,A,5.98,4.19,1.56
2022/2023,LaLiga,16/04/2023,13:00,Girona,Elche,2,0,H,1.43,4.75,7.24
2022/2023,LaLiga,16/04/2023,15:15,Getafe,Barcelona,0,0,D,5.31,3.55,1.74
2022/2023,LaLiga,16/04/2023,17:30,Ath Madrid,Almeria,2,1,H,1.21,6.98,13.24
2022/2023,LaLiga,16/04/2023,20:00,Valencia,Sevilla,0,2,A,2.12,3.3,3.72
2022/2023,LaLiga,17/04/2023,20:00,Celta,Mallorca,0,1,A,1.79,3.32,5.41
2022/2023,LaLiga,21/04/2023,20:00,Espanol,Cadiz,0,0,D,2.16,3.21,3.72
2022/2023,LaLiga,22/04/2023,13:00,Osasuna,Betis,3,2,H,2.42,3.14,3.22
2022/2023,LaLiga,22/04/2023,15:15,Almeria,Ath Bilbao,1,2,A,4.93,3.94,1.7
2022/2023,LaLiga,22/04/2023,17:30,Sociedad,Vallecano,2,1,H,1.66,3.7,5.83
2022/2023,LaLiga,22/04/2023,17:30,Valladolid,Girona,1,0,H,2.51,3.39,2.87
2022/2023,LaLiga,22/04/2023,20:00,Real Madrid,Celta,2,0,H,1.27,6.15,10.55
2022/2023,LaLiga,23/04/2023,13:00,Elche,Valencia,0,2,A,4.3,3.55,1.89
2022/2023,LaLiga,23/04/2023,15:15,Barcelona,Ath Madrid,1,0,H,1.97,3.44,4.12
2022/2023,LaLiga,23/04/2023,17:30,Mallorca,Getafe,3,1,H,2.62,2.64,3.53
2022/2023,LaLiga,23/04/2023,20:00,Sevilla,Villarreal,2,1,H,2.94,3.35,2.47
2022/2023,LaLiga,25/04/2023,18:30,Cadiz,Osasuna,0,1,A,2.11,3.17,3.96
2022/2023,LaLiga,25/04/2023,18:30,Girona,Real Madrid,4,2,H,5.01,4.25,1.64
2022/2023,LaLiga,25/04/2023,21:00,Betis,Sociedad,0,0,D,2.85,3.12,2.7
2022/2023,LaLiga,26/04/2023,18:30,Ath Madrid,Mallorca,3,1,H,1.34,4.83,11.51
2022/2023,LaLiga,26/04/2023,18:30,Getafe,Almeria,1,2,A,1.84,3.47,4.64
2022/2023,LaLiga,26/04/2023,21:00,Celta,Elche,1,0,H,1.36,5.08,8.95
2022/2023,LaLiga,26/04/2023,21:00,Vallecano,Barcelona,2,1,H,4.99,3.86,1.71
2022/2023,LaLiga,27/04/2023,18:30,Valencia,Valladolid,2,1,H,1.7,3.84,5.1
2022/2023,LaLiga,27/04/2023,18:30,Villarreal,Espanol,4,2,H,1.55,4.36,5.95
2022/2023,LaLiga,27/04/2023,21:00,Ath Bilbao,Sevilla,0,1,A,1.8,3.59,4.75
2022/2023,LaLiga,28/04/2023,20:00,Osasuna,Sociedad,0,2,A,3.78,3,2.25
2022/2023,LaLiga,29/04/2023,15:15,Elche,Vallecano,4,0,H,3.97,3.41,2.01
2022/2023,LaLiga,29/04/2023,17:30,Real Madrid,Almeria,4,2,H,1.13,9.46,18.73
2022/2023,LaLiga,29/04/2023,20:00,Barcelona,Betis,4,0,H,1.38,5.09,8.13
2022/2023,LaLiga,30/04/2023,13:00,Cadiz,Valencia,2,1,H,3.08,2.96,2.59
2022/2023,LaLiga,30/04/2023,15:15,Villarreal,Celta,3,1,H,1.64,4.03,5.36
2022/2023,LaLiga,30/04/2023,17:30,Espanol,Getafe,1,0,H,2.43,2.96,3.35
2022/2023,LaLiga,30/04/2023,20:00,Valladolid,Ath Madrid,2,5,A,5.06,3.93,1.68
2022/2023,LaLiga,01/05/2023,18:00,Mallorca,Ath Bilbao,1,1,D,3.27,2.82,2.59
2022/2023,LaLiga,01/05/2023,20:00,Sevilla,Girona,0,2,A,1.91,3.57,4.19
2022/2023,LaLiga,02/05/2023,18:30,Almeria,Elche,2,1,H,1.72,4.02,4.69
2022/2023,LaLiga,02/05/2023,18:30,Barcelona,Osasuna,1,0,H,1.16,7.84,17.25
2022/2023,LaLiga,02/05/2023,21:00,Sociedad,Real Madrid,2,0,H,2.4,3.17,3.24
2022/2023,LaLiga,03/05/2023,18:30,Valencia,Villarreal,1,1,D,2.56,3.37,2.82
2022/2023,LaLiga,03/05/2023,21:00,Ath Madrid,Cadiz,5,1,H,1.28,5.85,11.12
2022/2023,LaLiga,03/05/2023,21:00,Getafe,Celta,1,0,H,2.74,2.91,2.94
2022/2023,LaLiga,04/05/2023,18:30,Girona,Mallorca,2,1,H,1.92,3.31,4.56
2022/2023,LaLiga,04/05/2023,18:30,Sevilla,Espanol,3,2,H,1.84,3.67,4.4
2022/2023,LaLiga,04/05/2023,21:00,Ath Bilbao,Betis,0,1,A,1.64,3.86,5.71
2022/2023,LaLiga,04/05/2023,21:00,Vallecano,Valladolid,2,1,H,1.95,3.57,4.01
2022/2023,LaLiga,12/05/2023,20:00,Mallorca,Cadiz,1,0,H,2.19,2.91,4
2022/2023,LaLiga,13/05/2023,13:00,Sociedad,Girona,2,2,D,1.61,3.87,6.17
2022/2023,LaLiga,13/05/2023,15:15,Osasuna,Almeria,3,1,H,1.9,3.73,4.03
2022/2023,LaLiga,13/05/2023,17:30,Villarreal,Ath Bilbao,5,1,H,2.14,3.59,3.34
2022/2023,LaLiga,13/05/2023,20:00,Real Madrid,Getafe,1,0,H,1.6,3.93,6
2022/2023,LaLiga,14/05/2023,13:00,Celta,Valencia,1,2,A,2.27,3.3,3.36
2022/2023,LaLiga,14/05/2023,15:15,Elche,Ath Madrid,1,0,H,7.46,4.96,1.41
2022/2023,LaLiga,14/05/2023,17:30,Valladolid,Sevilla,0,3,A,2.48,3.37,2.91
2022/2023,LaLiga,14/05/2023,20:00,Espanol,Barcelona,2,4,A,6.14,4.41,1.53
2022/2023,LaLiga,15/05/2023,20:00,Betis,Vallecano,3,1,H,2.13,3.39,3.6
2022/2023,LaLiga,19/05/2023,20:00,Cadiz,Valladolid,2,0,H,2.16,3.43,3.46
2022/2023,LaLiga,20/05/2023,13:00,Girona,Villarreal,1,2,A,2.59,3.78,2.55
2022/2023,LaLiga,20/05/2023,15:15,Ath Bilbao,Celta,2,1,H,1.66,3.81,5.54
2022/2023,LaLiga,20/05/2023,17:30,Almeria,Mallorca,3,0,H,2.26,3.29,3.36
2022/2023,LaLiga,20/05/2023,17:30,Getafe,Elche,1,1,D,1.64,3.7,5.97
2022/2023,LaLiga,20/05/2023,20:00,Barcelona,Sociedad,1,2,A,1.73,3.85,4.88
2022/2023,LaLiga,21/05/2023,13:00,Vallecano,Espanol,1,2,A,1.86,3.64,4.31
2022/2023,LaLiga,21/05/2023,15:15,Ath Madrid,Osasuna,3,0,H,1.48,4.6,6.74
2022/2023,LaLiga,21/05/2023,17:30,Valencia,Real Madrid,1,0,H,3.25,3.61,2.18
2022/2023,LaLiga,21/05/2023,20:00,Sevilla,Betis,0,0,D,2.11,3.51,3.54
2022/2023,LaLiga,23/05/2023,18:30,Celta,Girona,1,1,D,2.1,3.41,3.64
2022/2023,LaLiga,23/05/2023,18:30,Sociedad,Almeria,1,0,H,1.38,4.99,8.21
2022/2023,LaLiga,23/05/2023,21:00,Valladolid,Barcelona,3,1,H,3.73,3.77,1.96
2022/2023,LaLiga,24/05/2023,18:30,Elche,Sevilla,1,1,D,3.55,3.46,2.11
2022/2023,LaLiga,24/05/2023,18:30,Real Madrid,Vallecano,2,1,H,1.4,5.06,7.6
2022/2023,LaLiga,24/05/2023,18:30,Villarreal,Cadiz,2,0,H,1.5,4.63,6.21
2022/2023,LaLiga,24/05/2023,21:00,Betis,Getafe,0,1,A,2.28,2.98,3.69
2022/2023,LaLiga,24/05/2023,21:00,Espanol,Ath Madrid,3,3,D,3.01,3.52,2.33
2022/2023,LaLiga,25/05/2023,18:30,Mallorca,Valencia,1,0,H,3.06,2.96,2.63
2022/2023,LaLiga,25/05/2023,20:30,Osasuna,Ath Bilbao,2,0,H,3.2,3.28,2.35
2022/2023,LaLiga,27/05/2023,18:00,Sevilla,Real Madrid,1,2,A,3.14,3.54,2.25
2022/2023,LaLiga,28/05/2023,18:00,Almeria,Valladolid,0,0,D,2.22,3.47,3.29
2022/2023,LaLiga,28/05/2023,18:00,Ath Bilbao,Elche,0,1,A,1.38,5.03,8.22
2022/2023,LaLiga,28/05/2023,18:00,Ath Madrid,Sociedad,2,1,H,2.27,3.16,3.5
2022/2023,LaLiga,28/05/2023,18:00,Barcelona,Mallorca,3,0,H,1.24,6.18,12.35
2022/2023,LaLiga,28/05/2023,18:00,Cadiz,Celta,1,0,H,2.56,3.03,3.09
2022/2023,LaLiga,28/05/2023,18:00,Getafe,Osasuna,2,1,H,2.47,2.81,3.5
2022/2023,LaLiga,28/05/2023,18:00,Girona,Betis,1,2,A,2,3.55,3.82
2022/2023,LaLiga,28/05/2023,18:00,Valencia,Espanol,2,2,D,2.04,3.47,3.65
2022/2023,LaLiga,28/05/2023,18:00,Vallecano,Villarreal,2,1,H,3.09,3.77,2.2
2022/2023,LaLiga,04/06/2023,17:30,Mallorca,Vallecano,3,0,H,3.07,3.19,2.46
2022/2023,LaLiga,04/06/2023,17:30,Osasuna,Girona,2,1,H,2.09,3.64,3.4
2022/2023,LaLiga,04/06/2023,17:30,Real Madrid,Ath Bilbao,1,1,D,1.68,4.18,4.66
2022/2023,LaLiga,04/06/2023,17:30,Sociedad,Sevilla,2,1,H,1.58,4.17,5.8
2022/2023,LaLiga,04/06/2023,17:30,Villarreal,Ath Madrid,2,2,D,2.72,3.76,2.43
2022/2023,LaLiga,04/06/2023,20:00,Betis,Valencia,1,1,D,2.94,3.2,2.52
2022/2023,LaLiga,04/06/2023,20:00,Celta,Barcelona,2,1,H,2.77,3.51,2.49
2022/2023,LaLiga,04/06/2023,20:00,Elche,Cadiz,1,1,D,2.55,3.28,2.87
2022/2023,LaLiga,04/06/2023,20:00,Espanol,Almeria,3,3,D,2.4,3.71,2.78
2022/2023,LaLiga,04/06/2023,20:00,Valladolid,Getafe,0,0,D,2.04,3.23,4.02
2023/2024,LaLiga,11/08/2023,18:30,Almeria,Vallecano,0,2,A,2.64,3.16,2.85
2023/2024,LaLiga,11/08/2023,21:00,Sevilla,Valencia,1,2,A,1.93,3.36,4.4
2023/2024,LaLiga,12/08/2023,16:00,Sociedad,Girona,1,1,D,1.81,3.56,4.76
2023/2024,LaLiga,12/08/2023,18:30,Las Palmas,Mallorca,1,1,D,2.58,2.88,3.22
2023/2024,LaLiga,12/08/2023,20:30,Ath Bilbao,Real Madrid,0,2,A,3.31,3.43,2.23
2023/2024,LaLiga,13/08/2023,16:00,Celta,Osasuna,0,2,A,2.11,3.18,3.86
2023/2024,LaLiga,13/08/2023,18:30,Villarreal,Betis,1,2,A,1.73,3.95,4.67
2023/2024,LaLiga,13/08/2023,20:30,Getafe,Barcelona,0,0,D,7.01,3.97,1.54
2023/2024,LaLiga,14/08/2023,18:30,Cadiz,Alaves,1,0,H,2.27,2.92,3.73
2023/2024,LaLiga,14/08/2023,20:30,Ath Madrid,Granada,3,1,H,1.32,5.46,9.45
2023/2024,LaLiga,18/08/2023,18:30,Mallorca,Villarreal,0,1,A,2.72,3.22,2.72
2023/2024,LaLiga,18/08/2023,20:30,Valencia,Las Palmas,1,0,H,1.59,3.89,6.28
2023/2024,LaLiga,19/08/2023,16:00,Sociedad,Celta,1,1,D,1.69,3.49,5.93
2023/2024,LaLiga,19/08/2023,18:30,Almeria,Real Madrid,1,3,A,6.97,5.15,1.42
2023/2024,LaLiga,19/08/2023,20:30,Osasuna,Ath Bilbao,0,2,A,2.89,2.98,2.76
2023/2024,LaLiga,20/08/2023,18:00,Girona,Getafe,3,0,H,1.95,3.18,4.63
2023/2024,LaLiga,20/08/2023,18:30,Barcelona,Cadiz,2,0,H,1.25,6.03,12.26
2023/2024,LaLiga,20/08/2023,20:30,Betis,Ath Madrid,0,0,D,3.76,3.48,2.05
2023/2024,LaLiga,21/08/2023,18:00,Alaves,Sevilla,4,3,H,3.4,3.06,2.37
2023/2024,LaLiga,21/08/2023,20:30,Granada,Vallecano,0,2,A,2.82,3.09,2.75
2023/2024,LaLiga,25/08/2023,18:30,Las Palmas,Sociedad,0,0,D,4.5,3.29,1.95
2023/2024,LaLiga,25/08/2023,20:30,Celta,Real Madrid,0,1,A,4.53,3.84,1.79
2023/2024,LaLiga,26/08/2023,18:00,Cadiz,Almeria,1,1,D,2.17,3.37,3.56
2023/2024,LaLiga,26/08/2023,18:30,Granada,Mallorca,3,2,H,2.72,2.97,2.97
2023/2024,LaLiga,26/08/2023,20:30,Sevilla,Girona,1,2,A,1.95,3.54,4.06
2023/2024,LaLiga,27/08/2023,16:30,Villarreal,Barcelona,3,4,A,3.44,3.68,2.1
2023/2024,LaLiga,27/08/2023,18:30,Valencia,Osasuna,1,2,A,1.78,3.41,5.35
2023/2024,LaLiga,27/08/2023,20:30,Ath Bilbao,Betis,4,2,H,1.96,3.43,4.14
2023/2024,LaLiga,28/08/2023,18:30,Getafe,Alaves,1,0,H,2.45,2.71,3.78
2023/2024,LaLiga,28/08/2023,20:30,Vallecano,Ath Madrid,0,7,A,3.94,3.33,2.05
2023/2024,LaLiga,01/09/2023,18:30,Cadiz,Villarreal,3,1,H,3.27,3.53,2.21
2023/2024,LaLiga,01/09/2023,21:00,Almeria,Celta,2,3,A,2.87,3.34,2.53
2023/2024,LaLiga,02/09/2023,13:00,Sociedad,Granada,5,3,H,1.44,4.52,7.79
2023/2024,LaLiga,02/09/2023,15:15,Real Madrid,Getafe,2,1,H,1.36,4.89,9.9
2023/2024,LaLiga,02/09/2023,17:30,Alaves,Valencia,1,0,H,3.2,2.93,2.58
2023/2024,LaLiga,02/09/2023,20:00,Betis,Vallecano,1,0,H,2.06,3.35,3.89
2023/2024,LaLiga,03/09/2023,13:00,Girona,Las Palmas,1,0,H,1.71,3.86,5.08
2023/2024,LaLiga,03/09/2023,15:15,Mallorca,Ath Bilbao,0,0,D,3.13,2.98,2.58
2023/2024,LaLiga,03/09/2023,20:00,Osasuna,Barcelona,1,2,A,6.53,4.52,1.5
2023/2024,LaLiga,15/09/2023,20:00,Vallecano,Alaves,2,0,H,2.03,3.2,4.22
2023/2024,LaLiga,16/09/2023,13:00,Ath Bilbao,Cadiz,3,0,H,1.58,3.92,6.42
2023/2024,LaLiga,16/09/2023,15:15,Valencia,Ath Madrid,3,0,H,3.47,3.24,2.23
2023/2024,LaLiga,16/09/2023,17:30,Celta,Mallorca,0,1,A,2.08,3.1,4.21
2023/2024,LaLiga,16/09/2023,20:00,Barcelona,Betis,5,0,H,1.31,5.82,9.36
2023/2024,LaLiga,17/09/2023,13:00,Getafe,Osasuna,3,2,H,2.62,2.84,3.25
2023/2024,LaLiga,17/09/2023,15:15,Villarreal,Almeria,2,1,H,1.5,4.9,5.78
2023/2024,LaLiga,17/09/2023,17:30,Sevilla,Las Palmas,1,0,H,1.59,4.08,5.94
2023/2024,LaLiga,17/09/2023,20:00,Real Madrid,Sociedad,2,1,H,1.73,3.79,5.03
2023/2024,LaLiga,18/09/2023,20:00,Granada,Girona,2,4,A,2.87,3.51,2.41
2023/2024,LaLiga,22/09/2023,20:00,Alaves,Ath Bilbao,0,2,A,4.29,3.1,2.06
2023/2024,LaLiga,23/09/2023,13:00,Girona,Mallorca,5,3,H,1.9,3.36,4.58
2023/2024,LaLiga,23/09/2023,15:15,Osasuna,Sevilla,0,0,D,2.37,3.24,3.23
2023/2024,LaLiga,23/09/2023,17:30,Barcelona,Celta,3,2,H,1.24,6.36,11.36
2023/2024,LaLiga,23/09/2023,20:00,Almeria,Valencia,2,2,D,2.79,3.35,2.58
2023/2024,LaLiga,24/09/2023,13:00,Sociedad,Getafe,4,3,H,1.68,3.4,6.52
2023/2024,LaLiga,24/09/2023,15:15,Vallecano,Villarreal,1,1,D,2.55,3.46,2.77
2023/2024,LaLiga,24/09/2023,17:30,Betis,Cadiz,1,1,D,1.8,3.57,4.8
2023/2024,LaLiga,24/09/2023,17:30,Las Palmas,Granada,1,0,H,1.96,3.63,3.88
2023/2024,LaLiga,24/09/2023,20:00,Ath Madrid,Real Madrid,3,1,H,2.81,3.33,2.59
2023/2024,LaLiga,26/09/2023,18:00,Sevilla,Almeria,5,1,H,1.69,3.98,5.05
2023/2024,LaLiga,26/09/2023,20:30,Mallorca,Barcelona,2,2,D,7.07,4.44,1.48
2023/2024,LaLiga,27/09/2023,18:00,Ath Bilbao,Getafe,2,2,D,1.53,4,7.29
2023/2024,LaLiga,27/09/2023,18:00,Real Madrid,Las Palmas,2,0,H,1.17,7.68,15.97
2023/2024,LaLiga,27/09/2023,18:00,Villarreal,Girona,1,2,A,2.15,3.68,3.3
2023/2024,LaLiga,27/09/2023,20:30,Cadiz,Vallecano,0,0,D,2.63,3.08,2.97
2023/2024,LaLiga,27/09/2023,20:30,Valencia,Sociedad,0,1,A,2.52,3.03,3.2
2023/2024,LaLiga,28/09/2023,18:00,Celta,Alaves,1,1,D,1.61,3.79,6.41
2023/2024,LaLiga,28/09/2023,18:00,Granada,Betis,1,1,D,2.79,3.43,2.57
2023/2024,LaLiga,28/09/2023,20:30,Osasuna,Ath Madrid,0,2,A,4.05,3.45,1.99
2023/2024,LaLiga,29/09/2023,20:00,Barcelona,Sevilla,1,0,H,1.36,5.56,8.12
2023/2024,LaLiga,30/09/2023,13:00,Getafe,Villarreal,0,0,D,2.76,3.12,2.8
2023/2024,LaLiga,30/09/2023,15:15,Vallecano,Mallorca,2,2,D,2.02,3.22,4.23
2023/2024,LaLiga,30/09/2023,17:30,Girona,Real Madrid,0,3,A,3.92,4.01,1.87
2023/2024,LaLiga,30/09/2023,20:00,Sociedad,Ath Bilbao,3,0,H,2.28,3.11,3.58
2023/2024,LaLiga,01/10/2023,13:00,Almeria,Granada,3,3,D,1.96,3.74,3.82
2023/2024,LaLiga,01/10/2023,15:15,Alaves,Osasuna,0,2,A,2.52,3.02,3.2
2023/2024,LaLiga,01/10/2023,20:00,Ath Madrid,Cadiz,3,2,H,1.33,5.28,9.96
2023/2024,LaLiga,01/10/2023,20:00,Betis,Valencia,3,0,H,2.09,3.3,3.86
2023/2024,LaLiga,02/10/2023,20:00,Las Palmas,Celta,2,1,H,2.92,3.13,2.65
2023/2024,LaLiga,06/10/2023,20:00,Ath Bilbao,Almeria,3,0,H,1.32,5.66,9.65
2023/2024,LaLiga,07/10/2023,13:00,Cadiz,Girona,0,1,A,3.29,3.4,2.25
2023/2024,LaLiga,07/10/2023,15:15,Real Madrid,Osasuna,4,0,H,1.27,6.09,11.08
2023/2024,LaLiga,07/10/2023,17:30,Mallorca,Valencia,1,1,D,2.5,2.98,3.22
2023/2024,LaLiga,07/10/2023,20:00,Sevilla,Vallecano,2,2,D,1.84,3.68,4.39
2023/2024,LaLiga,08/10/2023,13:00,Villarreal,Las Palmas,1,2,A,1.65,4.09,5.38
2023/2024,LaLiga,08/10/2023,15:15,Ath Madrid,Sociedad,2,1,H,1.99,3.35,4.2
2023/2024,LaLiga,08/10/2023,17:30,Alaves,Betis,1,1,D,2.57,3.24,2.92
2023/2024,LaLiga,08/10/2023,17:30,Celta,Getafe,2,2,D,2.03,3.26,4.14
2023/2024,LaLiga,08/10/2023,20:00,Granada,Barcelona,2,2,D,6.99,5.13,1.41
2023/2024,LaLiga,20/10/2023,20:00,Osasuna,Granada,2,0,H,1.67,3.89,5.39
2023/2024,LaLiga,21/10/2023,13:00,Sociedad,Mallorca,1,0,H,1.64,3.62,6.5
2023/2024,LaLiga,21/10/2023,15:15,Getafe,Betis,1,1,D,2.39,3.14,3.29
2023/2024,LaLiga,21/10/2023,17:30,Sevilla,Real Madrid,1,1,D,4.61,4.06,1.74
2023/2024,LaLiga,21/10/2023,20:00,Celta,Ath Madrid,0,3,A,3.45,3.48,2.14
2023/2024,LaLiga,22/10/2023,13:00,Las Palmas,Vallecano,0,1,A,2.64,3.03,3.02
2023/2024,LaLiga,22/10/2023,15:15,Girona,Almeria,5,2,H,1.39,5.1,7.85
2023/2024,LaLiga,22/10/2023,17:30,Villarreal,Alaves,1,1,D,2.02,3.45,3.95
2023/2024,LaLiga,22/10/2023,20:00,Barcelona,Ath Bilbao,1,0,H,1.85,3.78,4.23
2023/2024,LaLiga,23/10/2023,20:00,Valencia,Cadiz,2,0,H,1.68,3.62,5.78
2023/2024,LaLiga,27/10/2023,20:00,Girona,Celta,1,0,H,1.72,4.09,4.6
2023/2024,LaLiga,28/10/2023,13:00,Almeria,Las Palmas,1,2,A,2.31,3.33,3.25
2023/2024,LaLiga,28/10/2023,15:15,Barcelona,Real Madrid,1,2,A,2.59,3.53,2.7
2023/2024,LaLiga,28/10/2023,17:30,Mallorca,Getafe,0,0,D,2.3,2.99,3.67
2023/2024,LaLiga,28/10/2023,20:00,Cadiz,Sevilla,2,2,D,3.84,3.37,2.07
2023/2024,LaLiga,29/10/2023,13:00,Betis,Osasuna,2,1,H,1.99,3.43,4.03
2023/2024,LaLiga,29/10/2023,15:15,Vallecano,Sociedad,2,2,D,3.31,3.16,2.36
2023/2024,LaLiga,29/10/2023,17:30,Ath Bilbao,Valencia,2,2,D,1.61,3.98,5.95
2023/2024,LaLiga,29/10/2023,20:00,Ath Madrid,Alaves,2,1,H,1.43,4.6,8.11
2023/2024,LaLiga,30/10/2023,20:00,Granada,Villarreal,2,3,A,2.98,3.58,2.35
2023/2024,LaLiga,03/11/2023,20:00,Las Palmas,Ath Madrid,2,1,H,5.52,3.74,1.69
2023/2024,LaLiga,04/11/2023,13:00,Osasuna,Girona,2,4,A,2.91,3.33,2.51
2023/2024,LaLiga,04/11/2023,15:15,Betis,Mallorca,2,0,H,1.88,3.39,4.63
2023/2024,LaLiga,04/11/2023,17:30,Celta,Sevilla,1,1,D,2.4,3.39,3.03
2023/2024,LaLiga,04/11/2023,20:00,Sociedad,Barcelona,0,1,A,3.33,3.36,2.26
2023/2024,LaLiga,05/11/2023,13:00,Alaves,Almeria,1,0,H,1.75,3.78,4.91
2023/2024,LaLiga,05/11/2023,15:15,Valencia,Granada,1,0,H,1.63,4.16,5.36
2023/2024,LaLiga,05/11/2023,17:30,Villarreal,Ath Bilbao,2,3,A,3.61,3.79,2.01
2023/2024,LaLiga,05/11/2023,20:00,Real Madrid,Vallecano,0,0,D,1.22,6.77,13.56
2023/2024,LaLiga,06/11/2023,20:00,Getafe,Cadiz,1,0,H,2,3.15,4.47
2023/2024,LaLiga,10/11/2023,20:00,Ath Bilbao,Celta,4,3,H,1.68,4.06,4.97
2023/2024,LaLiga,11/11/2023,13:00,Vallecano,Girona,1,2,A,3.01,3.45,2.39
2023/2024,LaLiga,11/11/2023,15:15,Almeria,Sociedad,1,3,A,4.33,3.76,1.83
2023/2024,LaLiga,11/11/2023,17:30,Granada,Getafe,1,1,D,2.5,3.14,3.11
2023/2024,LaLiga,11/11/2023,17:30,Osasuna,Las Palmas,1,1,D,1.96,3.3,4.36
2023/2024,LaLiga,11/11/2023,20:00,Real Madrid,Valencia,5,1,H,1.34,5.46,9.08
2023/2024,LaLiga,12/11/2023,15:15,Barcelona,Alaves,2,1,H,1.25,6.17,11.78
2023/2024,LaLiga,12/11/2023,17:30,Sevilla,Betis,1,1,D,2.17,3.5,3.31
2023/2024,LaLiga,12/11/2023,20:00,Ath Madrid,Villarreal,3,1,H,1.34,5.62,8.41
2023/2024,LaLiga,24/11/2023,20:00,Alaves,Granada,3,1,H,1.71,3.66,5.34
2023/2024,LaLiga,25/11/2023,13:00,Vallecano,Barcelona,1,1,D,4.89,4.15,1.68
2023/2024,LaLiga,25/11/2023,15:15,Valencia,Celta,0,0,D,2.21,3.34,3.46
2023/2024,LaLiga,25/11/2023,17:30,Getafe,Almeria,2,1,H,1.77,3.61,4.85
2023/2024,LaLiga,25/11/2023,20:00,Ath Madrid,Mallorca,1,0,H,1.35,5.01,9.36
2023/2024,LaLiga,26/11/2023,13:00,Villarreal,Osasuna,3,1,H,2.16,3.47,3.45
2023/2024,LaLiga,26/11/2023,15:15,Sociedad,Sevilla,2,1,H,1.64,3.85,5.81
2023/2024,LaLiga,26/11/2023,17:30,Cadiz,Real Madrid,0,3,A,6.99,4.6,1.47
2023/2024,LaLiga,26/11/2023,20:00,Betis,Las Palmas,1,0,H,1.69,3.74,5.5
2023/2024,LaLiga,27/11/2023,20:00,Girona,Ath Bilbao,1,1,D,2.23,3.61,3.13
2023/2024,LaLiga,29/11/2023,20:00,Mallorca,Cadiz,1,1,D,1.89,3.29,4.78
2023/2024,LaLiga,01/12/2023,20:00,Las Palmas,Getafe,2,0,H,2.42,2.94,3.46
2023/2024,LaLiga,02/12/2023,13:00,Girona,Valencia,2,1,H,1.65,4,5.36
2023/2024,LaLiga,02/12/2023,15:15,Ath Bilbao,Vallecano,4,0,H,1.46,4.71,7.04
2023/2024,LaLiga,02/12/2023,17:30,Real Madrid,Granada,2,0,H,1.17,7.97,15.83
2023/2024,LaLiga,02/12/2023,20:00,Osasuna,Sociedad,1,1,D,3.86,3.15,2.13
2023/2024,LaLiga,03/12/2023,13:00,Mallorca,Alaves,0,0,D,2.62,2.9,3.11
2023/2024,LaLiga,03/12/2023,15:15,Almeria,Betis,0,0,D,3.52,3.73,2.04
2023/2024,LaLiga,03/12/2023,17:30,Sevilla,Villarreal,1,1,D,1.97,3.76,3.73
2023/2024,LaLiga,03/12/2023,20:00,Barcelona,Ath Madrid,1,0,H,1.94,3.82,3.78
2023/2024,LaLiga,04/12/2023,20:00,Celta,Cadiz,1,1,D,1.54,4.19,6.41
2023/2024,LaLiga,08/12/2023,20:00,Getafe,Valencia,1,0,H,2.63,2.9,3.11
2023/2024,LaLiga,09/12/2023,13:00,Alaves,Las Palmas,0,1,A,2.05,3.18,4.17
2023/2024,LaLiga,09/12/2023,15:15,Betis,Real Madrid,1,1,D,4.68,4.07,1.71
2023/2024,LaLiga,09/12/2023,17:30,Villarreal,Sociedad,0,3,A,3.37,3.44,2.2
2023/2024,LaLiga,09/12/2023,20:00,Mallorca,Sevilla,1,0,H,2.62,3.01,3.03
2023/2024,LaLiga,10/12/2023,13:00,Ath Madrid,Almeria,2,1,H,1.2,7.58,13.66
2023/2024,LaLiga,10/12/2023,17:30,Cadiz,Osasuna,1,1,D,2.83,3.07,2.76
2023/2024,LaLiga,10/12/2023,20:00,Barcelona,Girona,2,4,A,1.48,5.09,5.93
2023/2024,LaLiga,11/12/2023,20:00,Granada,Ath Bilbao,1,1,D,4.16,3.75,1.87
2023/2024,LaLiga,11/12/2023,20:00,Vallecano,Celta,0,0,D,2.69,3.19,2.81
2023/2024,LaLiga,15/12/2023,20:00,Osasuna,Vallecano,1,0,H,2.23,3.2,3.56
2023/2024,LaLiga,16/12/2023,13:00,Celta,Granada,1,0,H,1.69,3.88,5.18
2023/2024,LaLiga,16/12/2023,15:15,Ath Bilbao,Ath Madrid,2,0,H,2.51,3.36,2.85
2023/2024,LaLiga,16/12/2023,17:30,Sevilla,Getafe,0,3,A,1.81,3.46,4.97
2023/2024,LaLiga,16/12/2023,20:00,Valencia,Barcelona,1,1,D,5.7,4.47,1.56
2023/2024,LaLiga,17/12/2023,13:00,Almeria,Mallorca,0,0,D,2.37,3.15,3.32
2023/2024,LaLiga,17/12/2023,15:15,Sociedad,Betis,0,0,D,1.59,4.09,5.96
2023/2024,LaLiga,17/12/2023,17:30,Las Palmas,Cadiz,1,1,D,1.99,3.27,4.24
2023/2024,LaLiga,17/12/2023,20:00,Real Madrid,Villarreal,4,1,H,1.24,6.96,11.49
2023/2024,LaLiga,18/12/2023,20:00,Girona,Alaves,3,0,H,1.61,4.12,5.53
2023/2024,LaLiga,19/12/2023,18:00,Vallecano,Valencia,0,1,A,2.3,3.19,3.41
2023/2024,LaLiga,19/12/2023,20:30,Ath Madrid,Getafe,3,3,D,1.47,4.49,7.29
2023/2024,LaLiga,19/12/2023,20:30,Granada,Sevilla,0,3,A,2.99,3.21,2.49
2023/2024,LaLiga,20/12/2023,18:00,Barcelona,Almeria,3,2,H,1.15,8.76,16.19
2023/2024,LaLiga,20/12/2023,20:30,Ath Bilbao,Las Palmas,1,0,H,1.37,5.11,8.57
2023/2024,LaLiga,20/12/2023,20:30,Villarreal,Celta,3,2,H,2.38,3.47,2.99
2023/2024,LaLiga,21/12/2023,18:00,Betis,Girona,1,1,D,2.69,3.55,2.55
2023/2024,LaLiga,21/12/2023,18:00,Cadiz,Sociedad,0,0,D,5.92,3.56,1.68
2023/2024,LaLiga,21/12/2023,20:30,Alaves,Real Madrid,0,1,A,5.73,4.12,1.59
2023/2024,LaLiga,21/12/2023,20:30,Mallorca,Osasuna,3,2,H,2.27,2.91,3.86
2023/2024,LaLiga,23/12/2023,15:15,Ath Madrid,Sevilla,1,0,H,1.58,4.22,5.73
2023/2024,LaLiga,02/01/2024,16:00,Getafe,Vallecano,0,2,A,2.38,2.98,3.46
2023/2024,LaLiga,02/01/2024,18:15,Sociedad,Alaves,1,1,D,1.54,3.9,7.48
2023/2024,LaLiga,02/01/2024,20:30,Valencia,Villarreal,3,1,H,2.19,3.41,3.38
2023/2024,LaLiga,03/01/2024,16:00,Granada,Cadiz,2,0,H,2.25,3.08,3.64
2023/2024,LaLiga,03/01/2024,18:15,Celta,Betis,2,1,H,2.21,3.3,3.45
2023/2024,LaLiga,03/01/2024,18:15,Real Madrid,Mallorca,1,0,H,1.23,6.46,13.63
2023/2024,LaLiga,03/01/2024,20:30,Girona,Ath Madrid,4,3,H,2.63,3.63,2.58
2023/2024,LaLiga,04/01/2024,16:00,Osasuna,Almeria,1,0,H,1.72,3.82,5.01
2023/2024,LaLiga,04/01/2024,18:15,Sevilla,Ath Bilbao,0,2,A,3.01,3.24,2.46
2023/2024,LaLiga,04/01/2024,20:30,Las Palmas,Barcelona,1,2,A,6.25,4.68,1.49
2023/2024,LaLiga,12/01/2024,20:00,Sevilla,Alaves,2,3,A,2.02,3.27,4.12
2023/2024,LaLiga,13/01/2024,13:00,Las Palmas,Villarreal,3,0,H,2.63,3.44,2.7
2023/2024,LaLiga,13/01/2024,15:15,Mallorca,Celta,1,1,D,2.38,2.99,3.48
2023/2024,LaLiga,13/01/2024,17:30,Ath Bilbao,Sociedad,2,1,H,2.11,3.14,3.99
2023/2024,LaLiga,13/01/2024,20:00,Betis,Granada,1,0,H,1.72,3.8,5.09
2023/2024,LaLiga,14/01/2024,13:00,Almeria,Girona,0,0,D,3.72,3.77,1.96
2023/2024,LaLiga,14/01/2024,15:15,Cadiz,Valencia,1,4,A,3.05,2.88,2.72
2023/2024,LaLiga,19/01/2024,20:00,Alaves,Cadiz,1,0,H,1.64,3.59,6.51
2023/2024,LaLiga,20/01/2024,13:00,Vallecano,Las Palmas,0,2,A,1.74,3.62,5.23
2023/2024,LaLiga,20/01/2024,15:15,Villarreal,Mallorca,1,1,D,2.11,3.39,3.62
2023/2024,LaLiga,20/01/2024,17:30,Valencia,Ath Bilbao,1,0,H,3.47,3.22,2.25
2023/2024,LaLiga,20/01/2024,20:00,Celta,Sociedad,0,1,A,2.59,2.92,3.2
2023/2024,LaLiga,21/01/2024,13:00,Osasuna,Getafe,3,2,H,2.44,2.9,3.5
2023/2024,LaLiga,21/01/2024,15:15,Real Madrid,Almeria,3,2,H,1.12,9.66,21.1
2023/2024,LaLiga,21/01/2024,17:30,Betis,Barcelona,2,4,A,3.94,4,1.85
2023/2024,LaLiga,21/01/2024,20:00,Girona,Sevilla,5,1,H,1.78,4,4.31
2023/2024,LaLiga,22/01/2024,20:00,Granada,Ath Madrid,0,1,A,5.07,4.09,1.66
2023/2024,LaLiga,26/01/2024,20:00,Almeria,Alaves,0,3,A,2.78,3.09,2.74
2023/2024,LaLiga,27/01/2024,13:00,Sociedad,Vallecano,0,0,D,1.8,3.28,5.48
2023/2024,LaLiga,27/01/2024,15:15,Las Palmas,Real Madrid,1,2,A,6.82,4.78,1.46
2023/2024,LaLiga,27/01/2024,17:30,Barcelona,Villarreal,3,5,A,1.39,5.6,6.97
2023/2024,LaLiga,27/01/2024,20:00,Mallorca,Betis,0,1,A,2.23,3.14,3.6
2023/2024,LaLiga,28/01/2024,13:00,Celta,Girona,0,1,A,2.74,3.51,2.54
2023/2024,LaLiga,28/01/2024,15:15,Cadiz,Ath Bilbao,0,0,D,4.79,3.37,1.86
2023/2024,LaLiga,28/01/2024,17:30,Sevilla,Osasuna,1,1,D,2.11,3.21,3.86
2023/2024,LaLiga,28/01/2024,20:00,Ath Madrid,Valencia,2,0,H,1.57,4.07,6.24
2023/2024,LaLiga,29/01/2024,20:00,Getafe,Granada,2,0,H,1.85,3.45,4.74
2023/2024,LaLiga,31/01/2024,18:00,Barcelona,Osasuna,1,0,H,1.34,5.38,8.7
2023/2024,LaLiga,31/01/2024,20:00,Ath Madrid,Vallecano,2,1,H,1.61,3.88,6.02
2023/2024,LaLiga,01/02/2024,20:00,Getafe,Real Madrid,0,2,A,6.09,3.98,1.59
2023/2024,LaLiga,02/02/2024,20:00,Ath Bilbao,Mallorca,4,0,H,1.52,3.92,7.7
2023/2024,LaLiga,03/02/2024,13:00,Valencia,Almeria,2,1,H,1.71,3.81,5.14
2023/2024,LaLiga,03/02/2024,15:15,Granada,Las Palmas,1,1,D,2.17,3.3,3.61
2023/2024,LaLiga,03/02/2024,17:30,Alaves,Barcelona,1,3,A,4.11,3.62,1.91
2023/2024,LaLiga,03/02/2024,20:00,Girona,Sociedad,0,0,D,2.03,3.48,3.81
2023/2024,LaLiga,04/02/2024,13:00,Villarreal,Cadiz,0,0,D,1.62,4.09,5.56
2023/2024,LaLiga,04/02/2024,15:15,Osasuna,Celta,0,3,A,2.19,3.09,3.82
2023/2024,LaLiga,04/02/2024,17:30,Betis,Getafe,1,1,D,2.01,3.28,4.21
2023/2024,LaLiga,04/02/2024,20:00,Real Madrid,Ath Madrid,1,1,D,1.69,4.19,4.69
2023/2024,LaLiga,05/02/2024,20:00,Vallecano,Sevilla,1,2,A,2.14,3.29,3.72
2023/2024,LaLiga,09/02/2024,20:00,Cadiz,Betis,0,2,A,3.05,2.98,2.61
2023/2024,LaLiga,10/02/2024,13:00,Alaves,Villarreal,1,1,D,2.21,3.42,3.35
2023/2024,LaLiga,10/02/2024,15:15,Sociedad,Osasuna,0,1,A,1.76,3.31,5.66
2023/2024,LaLiga,10/02/2024,17:30,Real Madrid,Girona,4,0,H,1.42,5.3,6.39
2023/2024,LaLiga,10/02/2024,20:00,Las Palmas,Valencia,2,0,H,2.58,2.98,3.13
2023/2024,LaLiga,11/02/2024,13:00,Getafe,Celta,3,2,H,2.18,3.08,3.81
2023/2024,LaLiga,11/02/2024,15:15,Mallorca,Vallecano,2,1,H,2.49,2.8,3.5
2023/2024,LaLiga,11/02/2024,17:30,Sevilla,Ath Madrid,1,0,H,3.65,3.58,2.04
2023/2024,LaLiga,11/02/2024,20:00,Barcelona,Granada,3,3,D,1.18,7.74,14.19
2023/2024,LaLiga,12/02/2024,20:00,Almeria,Ath Bilbao,0,0,D,4.6,3.62,1.82
2023/2024,LaLiga,16/02/2024,20:00,Villarreal,Getafe,1,1,D,2.05,3.55,3.63
2023/2024,LaLiga,17/02/2024,13:00,Ath Madrid,Las Palmas,5,0,H,1.46,4.43,7.36
2023/2024,LaLiga,17/02/2024,15:15,Osasuna,Cadiz,2,0,H,1.8,3.34,5.24
2023/2024,LaLiga,17/02/2024,17:30,Celta,Barcelona,1,2,A,3.77,3.78,1.95
2023/2024,LaLiga,17/02/2024,20:00,Valencia,Sevilla,0,0,D,2.28,3.16,3.47
2023/2024,LaLiga,18/02/2024,13:00,Vallecano,Real Madrid,1,1,D,5.15,3.97,1.67
2023/2024,LaLiga,18/02/2024,15:15,Granada,Almeria,1,1,D,2.22,3.37,3.37
2023/2024,LaLiga,18/02/2024,17:30,Mallorca,Sociedad,1,2,A,3.77,2.78,2.39
2023/2024,LaLiga,18/02/2024,20:00,Betis,Alaves,0,0,D,2.35,3.14,3.34
2023/2024,LaLiga,19/02/2024,20:00,Ath Bilbao,Girona,3,2,H,1.86,3.69,4.25
2023/2024,LaLiga,23/02/2024,20:00,Sociedad,Villarreal,1,3,A,1.63,4.01,5.43
2023/2024,LaLiga,24/02/2024,15:15,Barcelona,Getafe,4,0,H,1.42,4.9,7.51
2023/2024,LaLiga,24/02/2024,17:30,Alaves,Mallorca,1,1,D,1.91,3.09,5.09
2023/2024,LaLiga,24/02/2024,20:00,Almeria,Ath Madrid,2,2,D,5.02,3.92,1.7
2023/2024,LaLiga,25/02/2024,13:00,Cadiz,Celta,2,2,D,3.26,2.99,2.49
2023/2024,LaLiga,25/02/2024,15:15,Betis,Ath Bilbao,3,1,H,3.77,3.3,2.1
2023/2024,LaLiga,25/02/2024,17:30,Las Palmas,Osasuna,1,1,D,2.46,3.01,3.26
2023/2024,LaLiga,25/02/2024,20:00,Real Madrid,Sevilla,1,0,H,1.28,6,10.15
2023/2024,LaLiga,26/02/2024,20:00,Girona,Vallecano,3,0,H,1.65,4.08,5.22
2023/2024,LaLiga,01/03/2024,20:00,Celta,Almeria,1,0,H,1.81,3.77,4.43
2023/2024,LaLiga,02/03/2024,13:00,Sevilla,Sociedad,3,2,H,2.73,2.89,3.01
2023/2024,LaLiga,02/03/2024,15:15,Vallecano,Cadiz,1,1,D,1.76,3.43,5.48
2023/2024,LaLiga,02/03/2024,17:30,Getafe,Las Palmas,3,3,D,2.04,3.24,4.06
2023/2024,LaLiga,02/03/2024,20:00,Valencia,Real Madrid,2,2,D,5.53,3.97,1.64
2023/2024,LaLiga,03/03/2024,13:00,Villarreal,Granada,5,1,H,1.75,3.94,4.56
2023/2024,LaLiga,03/03/2024,15:15,Ath Madrid,Betis,2,1,H,1.53,4.29,6.4
2023/2024,LaLiga,03/03/2024,17:30,Mallorca,Girona,1,0,H,3.59,3.28,2.18
2023/2024,LaLiga,03/03/2024,20:00,Ath Bilbao,Barcelona,0,0,D,3.2,3.5,2.26
2023/2024,LaLiga,04/03/2024,20:00,Osasuna,Alaves,1,0,H,2.37,3.05,3.42
2023/2024,LaLiga,08/03/2024,20:00,Barcelona,Mallorca,1,0,H,1.45,4.5,7.29
2023/2024,LaLiga,09/03/2024,13:00,Valencia,Getafe,1,0,H,1.88,3.24,4.98
2023/2024,LaLiga,09/03/2024,15:15,Cadiz,Ath Madrid,2,0,H,4.74,3.65,1.79
2023/2024,LaLiga,09/03/2024,17:30,Granada,Sociedad,2,3,A,4.6,3.31,1.91
2023/2024,LaLiga,09/03/2024,20:00,Girona,Osasuna,2,0,H,1.52,4.45,6.14
2023/2024,LaLiga,10/03/2024,13:00,Alaves,Vallecano,1,0,H,2.11,3.1,4.05
2023/2024,LaLiga,10/03/2024,15:15,Las Palmas,Ath Bilbao,0,2,A,4.67,3.53,1.84
2023/2024,LaLiga,10/03/2024,17:30,Real Madrid,Celta,4,0,H,1.32,5.66,9.44
2023/2024,LaLiga,10/03/2024,20:00,Betis,Villarreal,2,3,A,2.14,3.57,3.38
2023/2024,LaLiga,11/03/2024,20:00,Almeria,Sevilla,2,2,D,3.43,3.38,2.19
2023/2024,LaLiga,15/03/2024,20:00,Sociedad,Cadiz,2,0,H,1.43,4.21,9.3
2023/2024,LaLiga,16/03/2024,13:00,Mallorca,Granada,1,0,H,1.83,3.35,5.03
2023/2024,LaLiga,16/03/2024,15:15,Osasuna,Real Madrid,2,4,A,6.95,4.45,1.48
2023/2024,LaLiga,16/03/2024,17:30,Getafe,Girona,1,0,H,3.61,3.42,2.11
2023/2024,LaLiga,16/03/2024,20:00,Ath Bilbao,Alaves,2,0,H,1.6,3.76,6.53
2023/2024,LaLiga,17/03/2024,13:00,Sevilla,Celta,1,2,A,1.96,3.52,3.92
2023/2024,LaLiga,17/03/2024,15:15,Las Palmas,Almeria,0,1,A,1.78,3.84,4.49
2023/2024,LaLiga,17/03/2024,15:15,Villarreal,Valencia,1,0,H,2.21,3.38,3.37
2023/2024,LaLiga,17/03/2024,17:30,Vallecano,Betis,2,0,H,2.57,3.08,3.02
2023/2024,LaLiga,17/03/2024,20:00,Ath Madrid,Barcelona,0,3,A,2.24,3.56,3.11
2023/2024,LaLiga,29/03/2024,20:00,Cadiz,Granada,1,0,H,1.9,3.25,4.79
2023/2024,LaLiga,30/03/2024,13:00,Getafe,Sevilla,0,1,A,2.66,3.02,2.98
2023/2024,LaLiga,30/03/2024,15:15,Almeria,Osasuna,0,3,A,2.51,3.23,2.96
2023/2024,LaLiga,30/03/2024,17:30,Valencia,Mallorca,0,0,D,2.15,2.99,4.07
2023/2024,LaLiga,30/03/2024,20:00,Barcelona,Las Palmas,1,0,H,1.26,6.44,10.51
2023/2024,LaLiga,31/03/2024,13:00,Celta,Vallecano,0,0,D,1.93,3.49,4.22
2023/2024,LaLiga,31/03/2024,15:15,Girona,Betis,3,2,H,1.72,4.04,4.66
2023/2024,LaLiga,31/03/2024,17:30,Alaves,Sociedad,0,1,A,3.97,3,2.16
2023/2024,LaLiga,31/03/2024,20:00,Real Madrid,Ath Bilbao,2,0,H,1.58,4.22,5.73
2023/2024,LaLiga,01/04/2024,20:00,Villarreal,Ath Madrid,1,2,A,3.33,3.61,2.13
2023/2024,LaLiga,04/04/2024,19:00,Granada,Valencia,0,1,A,3.11,3.13,2.49
2023/2024,LaLiga,12/04/2024,20:00,Betis,Celta,2,1,H,1.93,3.53,4.14
2023/2024,LaLiga,13/04/2024,13:00,Ath Madrid,Girona,3,1,H,1.88,3.81,4
2023/2024,LaLiga,13/04/2024,15:15,Vallecano,Getafe,0,0,D,2.44,2.99,3.33
2023/2024,LaLiga,13/04/2024,17:30,Mallorca,Real Madrid,0,1,A,5.01,3.56,1.76
2023/2024,LaLiga,13/04/2024,20:00,Cadiz,Barcelona,0,1,A,3.65,3.41,2.1
2023/2024,LaLiga,14/04/2024,13:00,Las Palmas,Sevilla,0,2,A,2.78,3.21,2.67
2023/2024,LaLiga,14/04/2024,15:15,Granada,Alaves,2,0,H,2.71,3.06,2.88
2023/2024,LaLiga,14/04/2024,17:30,Ath Bilbao,Villarreal,1,1,D,1.61,4.16,5.38
2023/2024,LaLiga,14/04/2024,20:00,Sociedad,Almeria,2,2,D,1.3,5.4,10.82
2023/2024,LaLiga,15/04/2024,20:00,Osasuna,Valencia,0,1,A,2.4,3.02,3.37
2023/2024,LaLiga,19/04/2024,20:00,Ath Bilbao,Granada,1,1,D,1.29,5.64,10.91
2023/2024,LaLiga,20/04/2024,13:00,Celta,Las Palmas,4,1,H,1.67,3.91,5.25
2023/2024,LaLiga,20/04/2024,15:15,Vallecano,Osasuna,2,1,H,2.12,3.08,4.07
2023/2024,LaLiga,20/04/2024,17:30,Valencia,Betis,1,2,A,2.72,3.08,2.85
2023/2024,LaLiga,20/04/2024,20:00,Girona,Cadiz,4,1,H,1.4,4.88,8.03
2023/2024,LaLiga,21/04/2024,13:00,Getafe,Sociedad,1,1,D,3.77,3.04,2.23
2023/2024,LaLiga,21/04/2024,15:15,Almeria,Villarreal,1,2,A,3.47,4,1.98
2023/2024,LaLiga,21/04/2024,17:30,Alaves,Ath Madrid,2,0,H,4.88,3.44,1.82
2023/2024,LaLiga,21/04/2024,20:00,Real Madrid,Barcelona,3,2,H,1.75,4.3,4.23
2023/2024,LaLiga,22/04/2024,20:00,Sevilla,Mallorca,2,1,H,2.1,3.11,4.05
2023/2024,LaLiga,26/04/2024,20:00,Sociedad,Real Madrid,0,1,A,2.36,3.19,3.23
2023/2024,LaLiga,27/04/2024,13:00,Las Palmas,Girona,0,2,A,4.93,4.07,1.68
2023/2024,LaLiga,27/04/2024,15:15,Almeria,Getafe,1,3,A,2.58,3.25,2.85
2023/2024,LaLiga,27/04/2024,17:30,Alaves,Celta,3,0,H,2.67,3.08,2.88
2023/2024,LaLiga,27/04/2024,20:00,Ath Madrid,Ath Bilbao,3,1,H,1.96,3.46,4.05
2023/2024,LaLiga,28/04/2024,13:00,Cadiz,Mallorca,1,1,D,2.81,2.78,3.03
2023/2024,LaLiga,28/04/2024,15:15,Granada,Osasuna,3,0,H,2.4,3.06,3.27
2023/2024,LaLiga,28/04/2024,17:30,Villarreal,Vallecano,3,0,H,1.8,3.74,4.53
2023/2024,LaLiga,28/04/2024,20:00,Betis,Sevilla,1,1,D,1.99,3.43,3.97
2023/2024,LaLiga,29/04/2024,20:00,Barcelona,Valencia,4,2,H,1.33,5.59,8.83
2023/2024,LaLiga,03/05/2024,20:00,Getafe,Ath Bilbao,0,2,A,3.8,3.16,2.15
2023/2024,LaLiga,04/05/2024,13:00,Sociedad,Las Palmas,2,0,H,1.33,5.03,10.64
2023/2024,LaLiga,04/05/2024,15:15,Real Madrid,Cadiz,3,0,H,1.36,4.93,9.46
2023/2024,LaLiga,04/05/2024,17:30,Girona,Barcelona,4,2,H,2.83,3.77,2.35
2023/2024,LaLiga,04/05/2024,20:00,Mallorca,Ath Madrid,0,1,A,3.89,3.07,2.16
2023/2024,LaLiga,05/05/2024,13:00,Osasuna,Betis,0,2,A,3.3,3.2,2.33
2023/2024,LaLiga,05/05/2024,15:15,Celta,Villarreal,3,2,H,2.7,3.62,2.51
2023/2024,LaLiga,05/05/2024,17:30,Valencia,Alaves,0,1,A,2.25,3.06,3.66
2023/2024,LaLiga,05/05/2024,20:00,Sevilla,Granada,3,0,H,1.69,3.91,4.96
2023/2024,LaLiga,05/05/2024,20:00,Vallecano,Almeria,0,1,A,1.66,3.89,5.45
2023/2024,LaLiga,10/05/2024,20:00,Alaves,Girona,2,2,D,3.16,3.58,2.25
2023/2024,LaLiga,11/05/2024,13:00,Mallorca,Las Palmas,1,0,H,1.65,3.53,6.57
2023/2024,LaLiga,11/05/2024,15:15,Villarreal,Sevilla,3,2,H,2.01,3.8,3.55
2023/2024,LaLiga,11/05/2024,17:30,Granada,Real Madrid,0,4,A,5.6,4.48,1.56
2023/2024,LaLiga,11/05/2024,20:00,Ath Bilbao,Osasuna,2,2,D,1.41,4.55,8.57
2023/2024,LaLiga,12/05/2024,13:00,Cadiz,Getafe,1,0,H,2.11,3.19,3.85
2023/2024,LaLiga,12/05/2024,15:15,Ath Madrid,Celta,1,0,H,1.4,4.92,7.92
2023/2024,LaLiga,12/05/2024,17:30,Valencia,Vallecano,0,0,D,2.27,3.09,3.58
2023/2024,LaLiga,12/05/2024,20:00,Betis,Almeria,3,2,H,1.39,5.2,7.53
2023/2024,LaLiga,13/05/2024,20:00,Barcelona,Sociedad,2,0,H,1.71,3.88,4.88
2023/2024,LaLiga,14/05/2024,18:30,Osasuna,Mallorca,1,1,D,2.75,2.87,3.02
2023/2024,LaLiga,14/05/2024,20:30,Real Madrid,Alaves,5,0,H,1.21,7.08,13.26
2023/2024,LaLiga,14/05/2024,21:00,Girona,Villarreal,0,1,A,1.66,4.59,4.52
2023/2024,LaLiga,15/05/2024,18:30,Sevilla,Cadiz,0,1,A,2.14,3.42,3.52
2023/2024,LaLiga,15/05/2024,18:30,Vallecano,Granada,2,1,H,1.53,4.15,6.83
2023/2024,LaLiga,15/05/2024,21:00,Celta,Ath Bilbao,2,1,H,2.3,3.29,3.29
2023/2024,LaLiga,15/05/2024,21:00,Getafe,Ath Madrid,0,3,A,5.03,3.73,1.74
2023/2024,LaLiga,16/05/2024,18:30,Las Palmas,Betis,2,2,D,3.14,3.28,2.36
2023/2024,LaLiga,16/05/2024,20:30,Almeria,Barcelona,0,2,A,7.12,5.39,1.39
2023/2024,LaLiga,16/05/2024,21:00,Sociedad,Valencia,1,0,H,1.48,4.19,7.81
2023/2024,LaLiga,18/05/2024,20:00,Alaves,Getafe,1,0,H,1.95,3.36,4.22
2023/2024,LaLiga,19/05/2024,18:00,Ath Bilbao,Sevilla,2,0,H,1.57,4.24,5.89
2023/2024,LaLiga,19/05/2024,18:00,Ath Madrid,Osasuna,1,4,A,1.31,5.47,10.07
2023/2024,LaLiga,19/05/2024,18:00,Barcelona,Vallecano,3,0,H,1.32,5.7,8.99
2023/2024,LaLiga,19/05/2024,18:00,Betis,Sociedad,0,2,A,3.36,3,2.43
2023/2024,LaLiga,19/05/2024,18:00,Cadiz,Las Palmas,0,0,D,1.91,3.4,4.45
2023/2024,LaLiga,19/05/2024,18:00,Granada,Celta,1,2,A,3.83,3.41,2.05
2023/2024,LaLiga,19/05/2024,18:00,Mallorca,Almeria,2,2,D,1.39,4.54,9.36
2023/2024,LaLiga,19/05/2024,18:00,Valencia,Girona,1,3,A,3.77,3.73,1.96
2023/2024,LaLiga,19/05/2024,18:00,Villarreal,Real Madrid,4,4,D,3.02,3.92,2.19
2023/2024,LaLiga,24/05/2024,20:00,Girona,Granada,7,0,H,1.22,7.18,11.79
2023/2024,LaLiga,25/05/2024,13:00,Osasuna,Villarreal,1,1,D,2.54,3.69,2.6
2023/2024,LaLiga,25/05/2024,15:15,Sociedad,Ath Madrid,0,2,A,2.65,3.3,2.73
2023/2024,LaLiga,25/05/2024,17:30,Almeria,Cadiz,6,1,H,2.12,3.76,3.3
2023/2024,LaLiga,25/05/2024,17:30,Vallecano,Ath Bilbao,0,1,A,3.19,3.25,2.37
2023/2024,LaLiga,25/05/2024,20:00,Real Madrid,Betis,0,0,D,1.22,7.18,11.6
2023/2024,LaLiga,26/05/2024,13:00,Getafe,Mallorca,1,2,A,2.33,3.19,3.31
2023/2024,LaLiga,26/05/2024,15:15,Celta,Valencia,2,2,D,1.94,3.66,3.87
2023/2024,LaLiga,26/05/2024,15:15,Las Palmas,Alaves,1,1,D,2.35,3.46,3.05
2023/2024,LaLiga,26/05/2024,20:00,Sevilla,Barcelona,1,2,A,4.43,4.26,1.71
2024/2025,LaLiga,15/08/2024,18:00,Ath Bilbao,Getafe,1,1,D,1.59,3.63,6.96
2024/2025,LaLiga,15/08/2024,20:30,Betis,Girona,1,1,D,2.35,3.37,3.1
2024/2025,LaLiga,16/08/2024,18:00,Celta,Alaves,2,1,H,2.1,3.24,3.86
2024/2025,LaLiga,16/08/2024,20:30,Las Palmas,Sevilla,2,2,D,2.66,3.19,2.83
2024/2025,LaLiga,17/08/2024,18:00,Osasuna,Leganes,1,1,D,1.87,3.26,4.92
2024/2025,LaLiga,17/08/2024,20:30,Valencia,Barcelona,1,2,A,4.3,3.74,1.84
2024/2025,LaLiga,18/08/2024,18:00,Sociedad,Vallecano,1,2,A,1.77,3.38,5.37
2024/2025,LaLiga,18/08/2024,20:30,Mallorca,Real Madrid,1,1,D,8.64,4.85,1.38
2024/2025,LaLiga,19/08/2024,18:00,Valladolid,Espanol,1,0,H,2.3,2.9,3.71
2024/2025,LaLiga,19/08/2024,20:30,Villarreal,Ath Madrid,2,2,D,3.48,3.57,2.08
2024/2025,LaLiga,23/08/2024,18:00,Celta,Valencia,3,1,H,2.17,3.35,3.53
2024/2025,LaLiga,23/08/2024,20:30,Sevilla,Villarreal,1,2,A,2.19,3.61,3.22
2024/2025,LaLiga,24/08/2024,16:00,Osasuna,Mallorca,1,0,H,2.37,3.11,3.33
2024/2025,LaLiga,24/08/2024,18:00,Barcelona,Ath Bilbao,2,1,H,1.59,4.28,5.45
2024/2025,LaLiga,24/08/2024,20:30,Espanol,Sociedad,0,1,A,3.86,3.11,2.16
2024/2025,LaLiga,24/08/2024,20:30,Getafe,Vallecano,0,0,D,2.66,2.8,3.22
2024/2025,LaLiga,25/08/2024,16:00,Real Madrid,Valladolid,3,0,H,1.14,9.12,18.96
2024/2025,LaLiga,25/08/2024,18:00,Leganes,Las Palmas,2,1,H,2.43,2.98,3.38
2024/2025,LaLiga,25/08/2024,18:15,Alaves,Betis,0,0,D,2.45,2.97,3.3
2024/2025,LaLiga,25/08/2024,20:30,Ath Madrid,Girona,3,0,H,1.48,4.65,6.44
2024/2025,LaLiga,26/08/2024,20:30,Villarreal,Celta,4,3,H,1.66,4.2,4.91
2024/2025,LaLiga,27/08/2024,18:00,Mallorca,Sevilla,0,0,D,2.32,3.18,3.37
2024/2025,LaLiga,27/08/2024,20:30,Vallecano,Barcelona,1,2,A,5.26,3.98,1.67
2024/2025,LaLiga,28/08/2024,18:00,Ath Bilbao,Valencia,1,0,H,1.73,3.69,5.14
2024/2025,LaLiga,28/08/2024,18:00,Valladolid,Leganes,0,0,D,2.21,3.01,3.88
2024/2025,LaLiga,28/08/2024,20:30,Ath Madrid,Espanol,0,0,D,1.26,5.74,13.11
2024/2025,LaLiga,28/08/2024,20:30,Sociedad,Alaves,1,2,A,1.6,3.77,6.61
2024/2025,LaLiga,29/08/2024,18:00,Girona,Osasuna,4,0,H,1.69,3.93,4.99
2024/2025,LaLiga,29/08/2024,20:30,Las Palmas,Real Madrid,1,1,D,9.07,5.49,1.33
2024/2025,LaLiga,31/08/2024,16:00,Barcelona,Valladolid,7,0,H,1.2,7.23,13.12
2024/2025,LaLiga,31/08/2024,18:00,Ath Bilbao,Ath Madrid,0,1,A,2.8,3.25,2.64
2024/2025,LaLiga,31/08/2024,18:15,Espanol,Vallecano,2,1,H,2.79,2.91,2.92
2024/2025,LaLiga,31/08/2024,20:30,Leganes,Mallorca,0,1,A,2.84,2.73,3.03
2024/2025,LaLiga,31/08/2024,20:30,Valencia,Villarreal,1,1,D,2.66,3.28,2.76
2024/2025,LaLiga,01/09/2024,16:00,Alaves,Las Palmas,2,0,H,1.74,3.56,5.2
2024/2025,LaLiga,01/09/2024,16:00,Osasuna,Celta,3,2,H,2.51,3.26,2.95
2024/2025,LaLiga,01/09/2024,18:00,Sevilla,Girona,0,2,A,2.83,3.62,2.41
2024/2025,LaLiga,01/09/2024,18:15,Getafe,Sociedad,0,0,D,3.15,2.72,2.78
2024/2025,LaLiga,01/09/2024,20:30,Real Madrid,Betis,2,0,H,1.25,6.27,11.97
2024/2025,LaLiga,13/09/2024,20:00,Betis,Leganes,2,0,H,1.67,3.59,5.99
2024/2025,LaLiga,14/09/2024,13:00,Mallorca,Villarreal,1,2,A,2.36,3.24,3.21
2024/2025,LaLiga,14/09/2024,15:15,Espanol,Alaves,3,2,H,2.93,3,2.71
2024/2025,LaLiga,14/09/2024,17:30,Sevilla,Getafe,1,0,H,2.26,3.05,3.69
2024/2025,LaLiga,14/09/2024,20:00,Sociedad,Real Madrid,0,2,A,4.79,3.73,1.76
2024/2025,LaLiga,15/09/2024,13:00,Celta,Valladolid,3,1,H,1.65,3.95,5.36
2024/2025,LaLiga,15/09/2024,15:15,Girona,Barcelona,1,4,A,4.3,4.21,1.74
2024/2025,LaLiga,15/09/2024,17:30,Las Palmas,Ath Bilbao,2,3,A,3.97,3.42,2.01
2024/2025,LaLiga,15/09/2024,20:00,Ath Madrid,Valencia,3,0,H,1.35,4.96,9.87
2024/2025,LaLiga,16/09/2024,20:00,Vallecano,Osasuna,3,1,H,2.11,3.16,3.97
2024/2025,LaLiga,17/09/2024,18:00,Mallorca,Sociedad,1,0,H,3.01,2.65,3
2024/2025,LaLiga,18/09/2024,18:00,Betis,Getafe,2,1,H,1.9,3.12,5.05
2024/2025,LaLiga,19/09/2024,18:00,Leganes,Ath Bilbao,0,2,A,4.19,3.03,2.11
2024/2025,LaLiga,20/09/2024,20:00,Alaves,Sevilla,2,1,H,2.18,3.21,3.66
2024/2025,LaLiga,21/09/2024,13:00,Valladolid,Sociedad,0,0,D,3.98,3.04,2.16
2024/2025,LaLiga,21/09/2024,15:15,Osasuna,Las Palmas,2,1,H,1.85,3.57,4.48
2024/2025,LaLiga,21/09/2024,17:30,Valencia,Girona,2,0,H,2.57,3.18,2.98
2024/2025,LaLiga,21/09/2024,20:00,Real Madrid,Espanol,4,1,H,1.12,9.28,20.24
2024/2025,LaLiga,22/09/2024,13:00,Getafe,Leganes,1,1,D,2.05,2.78,5.08
2024/2025,LaLiga,22/09/2024,15:15,Ath Bilbao,Celta,3,1,H,1.8,3.6,4.74
2024/2025,LaLiga,22/09/2024,17:30,Villarreal,Barcelona,1,5,A,3.76,4.01,1.9
2024/2025,LaLiga,22/09/2024,20:00,Vallecano,Ath Madrid,1,1,D,5.32,3.54,1.74
2024/2025,LaLiga,23/09/2024,20:00,Betis,Mallorca,1,2,A,1.86,3.18,5.16
2024/2025,LaLiga,24/09/2024,18:00,Sevilla,Valladolid,2,1,H,1.61,3.9,6.01
2024/2025,LaLiga,24/09/2024,18:00,Valencia,Osasuna,0,0,D,2,3.14,4.43
2024/2025,LaLiga,24/09/2024,20:00,Real Madrid,Alaves,3,2,H,1.16,7.96,18.08
2024/2025,LaLiga,25/09/2024,18:00,Girona,Vallecano,0,0,D,1.69,3.86,5.16
2024/2025,LaLiga,25/09/2024,20:00,Barcelona,Getafe,1,0,H,1.25,6.22,11.87
2024/2025,LaLiga,26/09/2024,18:00,Espanol,Villarreal,1,2,A,3.51,3.53,2.11
2024/2025,LaLiga,26/09/2024,18:00,Las Palmas,Betis,1,1,D,3.63,3.34,2.13
2024/2025,LaLiga,26/09/2024,20:00,Celta,Ath Madrid,0,1,A,4.14,3.6,1.91
2024/2025,LaLiga,27/09/2024,20:00,Valladolid,Mallorca,1,2,A,3.32,2.89,2.52
2024/2025,LaLiga,28/09/2024,13:00,Getafe,Alaves,2,0,H,2.53,2.74,3.51
2024/2025,LaLiga,28/09/2024,15:15,Vallecano,Leganes,1,1,D,1.87,3.12,5.33
2024/2025,LaLiga,28/09/2024,17:30,Sociedad,Valencia,3,0,H,1.85,3.27,5.1
2024/2025,LaLiga,28/09/2024,20:00,Osasuna,Barcelona,4,2,H,4.48,3.94,1.77
2024/2025,LaLiga,29/09/2024,13:00,Celta,Girona,1,1,D,2.59,3.42,2.74
2024/2025,LaLiga,29/09/2024,15:15,Ath Bilbao,Sevilla,1,1,D,1.73,3.73,5.1
2024/2025,LaLiga,29/09/2024,17:30,Betis,Espanol,1,0,H,1.51,4.17,6.86
2024/2025,LaLiga,29/09/2024,20:00,Ath Madrid,Real Madrid,1,1,D,2.86,3.2,2.62
2024/2025,LaLiga,30/09/2024,20:00,Villarreal,Las Palmas,3,1,H,1.5,4.76,5.92
2024/2025,LaLiga,04/10/2024,20:00,Leganes,Valencia,0,0,D,2.96,2.75,2.9
2024/2025,LaLiga,05/10/2024,13:00,Espanol,Mallorca,2,1,H,3.63,2.95,2.33
2024/2025,LaLiga,05/10/2024,15:15,Getafe,Osasuna,1,1,D,2.15,3.04,3.99
2024/2025,LaLiga,05/10/2024,17:30,Las Palmas,Celta,0,1,A,3.82,3.6,1.99
2024/2025,LaLiga,05/10/2024,17:30,Valladolid,Vallecano,1,2,A,3.4,3,2.41
2024/2025,LaLiga,05/10/2024,20:00,Real Madrid,Villarreal,2,0,H,1.27,6.44,10.08
2024/2025,LaLiga,06/10/2024,13:00,Girona,Ath Bilbao,2,1,H,2.38,3.28,3.12
2024/2025,LaLiga,06/10/2024,15:15,Alaves,Barcelona,0,3,A,4.65,4.16,1.7
2024/2025,LaLiga,06/10/2024,17:30,Sevilla,Betis,1,0,H,2.72,3.19,2.76
2024/2025,LaLiga,06/10/2024,20:00,Sociedad,Ath Madrid,1,1,D,2.83,3.07,2.75
2024/2025,LaLiga,18/10/2024,20:00,Alaves,Valladolid,2,3,A,1.62,3.87,5.96
2024/2025,LaLiga,19/10/2024,13:00,Ath Bilbao,Espanol,4,1,H,1.42,4.48,8.4
2024/2025,LaLiga,19/10/2024,15:15,Osasuna,Betis,1,2,A,2.4,3.17,3.21
2024/2025,LaLiga,19/10/2024,17:30,Girona,Sociedad,0,1,A,2.7,3.18,2.79
2024/2025,LaLiga,19/10/2024,20:00,Celta,Real Madrid,1,2,A,5.57,4.45,1.57
2024/2025,LaLiga,20/10/2024,13:00,Mallorca,Vallecano,1,0,H,2.06,3.12,4.21
2024/2025,LaLiga,20/10/2024,15:15,Ath Madrid,Leganes,3,1,H,1.42,4.43,8.87
2024/2025,LaLiga,20/10/2024,17:30,Villarreal,Getafe,1,1,D,1.85,3.47,4.61
2024/2025,LaLiga,20/10/2024,20:00,Barcelona,Sevilla,5,1,H,1.28,6.08,9.75
2024/2025,LaLiga,21/10/2024,20:00,Valencia,Las Palmas,2,3,A,1.89,3.37,4.55
2024/2025,LaLiga,25/10/2024,20:00,Espanol,Sevilla,0,2,A,3.02,3.2,2.49
2024/2025,LaLiga,26/10/2024,13:00,Valladolid,Villarreal,1,2,A,3.83,3.56,1.99
2024/2025,LaLiga,26/10/2024,15:15,Vallecano,Alaves,1,0,H,2.03,3.11,4.34
2024/2025,LaLiga,26/10/2024,17:30,Las Palmas,Girona,1,0,H,2.6,3.24,2.87
2024/2025,LaLiga,26/10/2024,20:00,Real Madrid,Barcelona,0,4,A,1.97,4.14,3.44
2024/2025,LaLiga,27/10/2024,13:00,Leganes,Celta,3,0,H,3.75,3.25,2.13
2024/2025,LaLiga,27/10/2024,15:15,Getafe,Valencia,1,1,D,2.07,2.89,4.68
2024/2025,LaLiga,27/10/2024,17:30,Betis,Ath Madrid,1,0,H,3.51,3.28,2.21
2024/2025,LaLiga,27/10/2024,20:00,Sociedad,Osasuna,0,2,A,1.64,3.77,5.91
2024/2025,LaLiga,28/10/2024,20:00,Mallorca,Ath Bilbao,0,0,D,2.52,3.01,3.17
2024/2025,LaLiga,01/11/2024,20:00,Alaves,Mallorca,1,0,H,2.36,2.92,3.6
2024/2025,LaLiga,02/11/2024,13:00,Osasuna,Valladolid,1,0,H,1.7,3.66,5.49
2024/2025,LaLiga,02/11/2024,15:15,Girona,Leganes,4,3,H,1.7,3.59,5.73
2024/2025,LaLiga,03/11/2024,13:00,Ath Madrid,Las Palmas,2,0,H,1.33,5.25,9.2
2024/2025,LaLiga,03/11/2024,15:15,Barcelona,Espanol,3,1,H,1.14,9.2,18
2024/2025,LaLiga,03/11/2024,17:30,Sevilla,Sociedad,0,2,A,3.42,3.15,2.31
2024/2025,LaLiga,03/11/2024,20:00,Ath Bilbao,Betis,1,1,D,1.87,3.55,4.34
2024/2025,LaLiga,04/11/2024,20:00,Celta,Getafe,1,0,H,2.12,3.01,4.17
2024/2025,LaLiga,08/11/2024,20:00,Vallecano,Las Palmas,1,3,A,1.88,3.39,4.56
2024/2025,LaLiga,09/11/2024,13:00,Real Madrid,Osasuna,4,0,H,1.26,6.27,10.67
2024/2025,LaLiga,09/11/2024,15:15,Villarreal,Alaves,3,0,H,1.57,4.07,6.18
2024/2025,LaLiga,09/11/2024,20:00,Leganes,Sevilla,1,0,H,3.1,2.97,2.6
2024/2025,LaLiga,10/11/2024,13:00,Betis,Celta,2,2,D,2.18,3.24,3.61
2024/2025,LaLiga,10/11/2024,15:15,Mallorca,Ath Madrid,0,1,A,3.46,2.95,2.4
2024/2025,LaLiga,10/11/2024,17:30,Getafe,Girona,0,1,A,2.53,2.9,3.3
2024/2025,LaLiga,10/11/2024,17:30,Valladolid,Ath Bilbao,1,1,D,4.37,3.33,1.95
2024/2025,LaLiga,10/11/2024,20:00,Sociedad,Barcelona,1,0,H,4.02,3.74,1.9
2024/2025,LaLiga,22/11/2024,20:00,Getafe,Valladolid,2,0,H,1.66,3.48,6.47
2024/2025,LaLiga,23/11/2024,13:00,Valencia,Betis,4,2,H,2.57,2.99,3.12
2024/2025,LaLiga,23/11/2024,15:15,Ath Madrid,Alaves,2,1,H,1.46,4.28,7.77
2024/2025,LaLiga,23/11/2024,17:30,Girona,Espanol,4,1,H,1.68,3.77,5.49
2024/2025,LaLiga,23/11/2024,17:30,Las Palmas,Mallorca,2,3,A,2.84,2.95,2.84
2024/2025,LaLiga,23/11/2024,20:00,Celta,Barcelona,2,2,D,4.38,4.23,1.73
2024/2025,LaLiga,24/11/2024,13:00,Osasuna,Villarreal,2,2,D,2.64,3.3,2.74
2024/2025,LaLiga,24/11/2024,15:15,Sevilla,Vallecano,1,0,H,2.07,3.25,3.92
2024/2025,LaLiga,24/11/2024,17:30,Leganes,Real Madrid,0,3,A,9.12,4.93,1.36
2024/2025,LaLiga,24/11/2024,20:00,Ath Bilbao,Sociedad,1,0,H,2.39,2.91,3.53
2024/2025,LaLiga,29/11/2024,20:00,Mallorca,Valencia,2,1,H,2.15,2.83,4.46
2024/2025,LaLiga,30/11/2024,13:00,Barcelona,Las Palmas,1,2,A,1.14,9.15,17.53
2024/2025,LaLiga,30/11/2024,15:15,Alaves,Leganes,1,1,D,1.81,3.17,5.63
2024/2025,LaLiga,30/11/2024,17:30,Espanol,Celta,3,1,H,3.57,3.21,2.21
2024/2025,LaLiga,30/11/2024,20:00,Valladolid,Ath Madrid,0,5,A,7.49,4.48,1.45
2024/2025,LaLiga,01/12/2024,13:00,Villarreal,Girona,2,2,D,1.77,3.87,4.46
2024/2025,LaLiga,01/12/2024,15:15,Real Madrid,Getafe,2,0,H,1.32,5.15,10.33
2024/2025,LaLiga,01/12/2024,17:30,Vallecano,Ath Bilbao,1,2,A,3.28,3.01,2.47
2024/2025,LaLiga,01/12/2024,20:00,Sociedad,Betis,2,0,H,1.69,3.71,5.44
2024/2025,LaLiga,02/12/2024,20:00,Sevilla,Osasuna,1,1,D,2.01,3.38,4
2024/2025,LaLiga,03/12/2024,18:00,Mallorca,Barcelona,1,5,A,5.48,4.08,1.62
2024/2025,LaLiga,04/12/2024,20:00,Ath Bilbao,Real Madrid,2,1,H,3.32,3.36,2.23
2024/2025,LaLiga,06/12/2024,20:00,Celta,Mallorca,2,0,H,1.9,3.29,4.73
2024/2025,LaLiga,07/12/2024,13:00,Las Palmas,Valladolid,2,1,H,1.65,3.77,5.8
2024/2025,LaLiga,07/12/2024,15:15,Betis,Barcelona,2,2,D,5.63,4.78,1.52
2024/2025,LaLiga,07/12/2024,17:30,Valencia,Vallecano,0,1,A,2.23,3.02,3.82
2024/2025,LaLiga,07/12/2024,20:00,Girona,Real Madrid,0,3,A,4.27,3.97,1.79
2024/2025,LaLiga,08/12/2024,13:00,Leganes,Sociedad,0,3,A,5.72,3.12,1.83
2024/2025,LaLiga,08/12/2024,15:15,Ath Bilbao,Villarreal,2,0,H,1.86,3.57,4.44
2024/2025,LaLiga,08/12/2024,17:30,Osasuna,Alaves,2,2,D,2.26,3.06,3.66
2024/2025,LaLiga,08/12/2024,20:00,Ath Madrid,Sevilla,4,3,H,1.38,4.77,8.99
2024/2025,LaLiga,09/12/2024,20:00,Getafe,Espanol,1,0,H,1.81,3.07,5.95
2024/2025,LaLiga,13/12/2024,20:00,Valladolid,Valencia,1,0,H,3.24,3.06,2.4
2024/2025,LaLiga,14/12/2024,13:00,Espanol,Osasuna,0,0,D,2.76,3.14,2.72
2024/2025,LaLiga,14/12/2024,15:15,Mallorca,Girona,2,1,H,2.71,2.99,2.9
2024/2025,LaLiga,14/12/2024,17:30,Sevilla,Celta,1,0,H,2.59,3.13,2.91
2024/2025,LaLiga,14/12/2024,20:00,Vallecano,Real Madrid,3,3,D,6.27,4.2,1.53
2024/2025,LaLiga,15/12/2024,13:00,Ath Madrid,Getafe,1,0,H,1.32,4.94,11.21
2024/2025,LaLiga,15/12/2024,15:15,Alaves,Ath Bilbao,1,1,D,4,3.06,2.12
2024/2025,LaLiga,15/12/2024,17:30,Sociedad,Las Palmas,0,0,D,1.34,4.89,10.63
2024/2025,LaLiga,15/12/2024,17:30,Villarreal,Betis,1,2,A,1.94,3.72,3.79
2024/2025,LaLiga,15/12/2024,20:00,Barcelona,Leganes,0,1,A,1.12,9.78,20.58
2024/2025,LaLiga,18/12/2024,20:30,Espanol,Valencia,1,1,D,2.56,2.92,3.18
2024/2025,LaLiga,18/12/2024,20:30,Villarreal,Vallecano,1,1,D,1.78,3.78,4.57
2024/2025,LaLiga,20/12/2024,20:00,Girona,Valladolid,3,0,H,1.35,4.96,9.11
2024/2025,LaLiga,21/12/2024,13:00,Getafe,Mallorca,0,1,A,2.41,2.59,4.01
2024/2025,LaLiga,21/12/2024,15:15,Celta,Sociedad,2,0,H,2.84,2.97,2.79
2024/2025,LaLiga,21/12/2024,17:30,Osasuna,Ath Bilbao,1,2,A,4.23,3.12,2.03
2024/2025,LaLiga,21/12/2024,20:00,Barcelona,Ath Madrid,1,2,A,2,3.71,3.59
2024/2025,LaLiga,22/12/2024,13:00,Valencia,Alaves,2,2,D,2.12,3.12,3.89
2024/2025,LaLiga,22/12/2024,15:15,Real Madrid,Sevilla,4,2,H,1.25,6.41,10.64
2024/2025,LaLiga,22/12/2024,17:30,Las Palmas,Espanol,1,0,H,2.08,3.23,3.87
2024/2025,LaLiga,22/12/2024,17:30,Leganes,Villarreal,2,5,A,4.21,3.51,1.9
2024/2025,LaLiga,22/12/2024,20:00,Betis,Vallecano,1,1,D,1.72,3.7,5.09
2024/2025,LaLiga,03/01/2025,20:00,Valencia,Real Madrid,1,2,A,7.34,4.8,1.42
2024/2025,LaLiga,10/01/2025,20:00,Vallecano,Celta,2,1,H,2.85,3.14,2.64
2024/2025,LaLiga,11/01/2025,13:00,Alaves,Girona,0,1,A,3.19,3.08,2.44
2024/2025,LaLiga,11/01/2025,15:15,Valladolid,Betis,1,0,H,4.94,3.57,1.76
2024/2025,LaLiga,11/01/2025,17:30,Espanol,Leganes,1,1,D,2.16,2.94,4.1
2024/2025,LaLiga,11/01/2025,20:00,Sevilla,Valencia,1,1,D,2.1,3.2,3.86
2024/2025,LaLiga,12/01/2025,13:00,Las Palmas,Getafe,1,2,A,2.5,2.76,3.49
2024/2025,LaLiga,12/01/2025,15:15,Ath Madrid,Osasuna,1,0,H,1.31,5.14,10.93
2024/2025,LaLiga,13/01/2025,20:00,Sociedad,Villarreal,1,0,H,2,3.38,3.99
2024/2025,LaLiga,17/01/2025,20:00,Espanol,Valladolid,2,1,H,1.81,3.32,5.17
2024/2025,LaLiga,18/01/2025,13:00,Girona,Sevilla,1,2,A,1.92,3.42,4.26
2024/2025,LaLiga,18/01/2025,15:15,Leganes,Ath Madrid,1,0,H,7.07,3.99,1.53
2024/2025,LaLiga,18/01/2025,17:30,Betis,Alaves,1,3,A,1.84,3.49,4.6
2024/2025,LaLiga,18/01/2025,20:00,Getafe,Barcelona,1,1,D,6.93,4.42,1.47
2024/2025,LaLiga,19/01/2025,13:00,Celta,Ath Bilbao,1,2,A,3.34,3.21,2.28
2024/2025,LaLiga,19/01/2025,15:15,Real Madrid,Las Palmas,4,1,H,1.16,7.96,16.91
2024/2025,LaLiga,19/01/2025,17:30,Osasuna,Vallecano,1,1,D,2.3,3.09,3.45
2024/2025,LaLiga,19/01/2025,20:00,Valencia,Sociedad,1,0,H,3.14,2.84,2.64
2024/2025,LaLiga,20/01/2025,20:00,Villarreal,Mallorca,4,0,H,1.67,3.76,5.49
2024/2025,LaLiga,24/01/2025,20:00,Las Palmas,Osasuna,1,1,D,2.48,3.18,3.04
2024/2025,LaLiga,25/01/2025,13:00,Mallorca,Betis,0,1,A,2.2,2.95,3.96
2024/2025,LaLiga,25/01/2025,15:15,Ath Madrid,Villarreal,1,1,D,1.96,3.56,3.95
2024/2025,LaLiga,25/01/2025,17:30,Sevilla,Espanol,1,1,D,1.77,3.55,5.02
2024/2025,LaLiga,25/01/2025,20:00,Valladolid,Real Madrid,0,3,A,12.8,6.6,1.22
2024/2025,LaLiga,26/01/2025,13:00,Vallecano,Girona,2,1,H,2.56,3.03,3.07
2024/2025,LaLiga,26/01/2025,15:15,Sociedad,Getafe,0,3,A,1.92,2.95,5.34
2024/2025,LaLiga,26/01/2025,17:30,Ath Bilbao,Leganes,0,0,D,1.37,4.63,9.97
2024/2025,LaLiga,26/01/2025,20:00,Barcelona,Valencia,7,1,H,1.23,6.62,11.9
2024/2025,LaLiga,27/01/2025,20:00,Alaves,Celta,1,1,D,2.33,3.08,3.37
2024/2025,LaLiga,31/01/2025,20:00,Leganes,Vallecano,0,1,A,3.31,2.98,2.43
2024/2025,LaLiga,01/02/2025,13:00,Getafe,Sevilla,0,0,D,2.71,2.84,3.06
2024/2025,LaLiga,01/02/2025,15:15,Villarreal,Valladolid,5,1,H,1.2,7.15,13.53
2024/2025,LaLiga,01/02/2025,17:30,Ath Madrid,Mallorca,2,0,H,1.49,4.11,7.45
2024/2025,LaLiga,01/02/2025,20:00,Espanol,Real Madrid,1,0,H,9.59,5.66,1.3
2024/2025,LaLiga,02/02/2025,13:00,Barcelona,Alaves,1,0,H,1.16,8.47,15.71
2024/2025,LaLiga,02/02/2025,15:15,Valencia,Celta,2,1,H,2.26,3.08,3.55
2024/2025,LaLiga,02/02/2025,17:30,Osasuna,Sociedad,2,1,H,3.15,3.02,2.51
2024/2025,LaLiga,02/02/2025,20:00,Betis,Ath Bilbao,2,2,D,3.17,3.22,2.38
2024/2025,LaLiga,03/02/2025,20:00,Girona,Las Palmas,2,1,H,1.49,4.45,6.48
2024/2025,LaLiga,07/02/2025,20:00,Vallecano,Valladolid,1,0,H,1.41,4.45,8.86
2024/2025,LaLiga,08/02/2025,13:00,Celta,Betis,3,2,H,2.16,3.32,3.54
2024/2025,LaLiga,08/02/2025,15:15,Ath Bilbao,Girona,3,0,H,1.75,3.64,5.03
2024/2025,LaLiga,08/02/2025,17:30,Las Palmas,Villarreal,1,2,A,5.49,4.11,1.61
2024/2025,LaLiga,08/02/2025,20:00,Real Madrid,Ath Madrid,1,1,D,1.98,3.74,3.68
2024/2025,LaLiga,09/02/2025,13:00,Alaves,Getafe,0,1,A,2.33,2.77,3.91
2024/2025,LaLiga,09/02/2025,15:15,Valencia,Leganes,2,0,H,1.78,3.43,5.23
2024/2025,LaLiga,09/02/2025,17:30,Sociedad,Espanol,2,1,H,1.63,3.69,6.28
2024/2025,LaLiga,09/02/2025,20:00,Sevilla,Barcelona,1,4,A,6.43,4.95,1.45
2024/2025,LaLiga,10/02/2025,20:00,Mallorca,Osasuna,1,1,D,2.29,3.03,3.61
2024/2025,LaLiga,14/02/2025,20:00,Girona,Getafe,1,2,A,1.94,3.14,4.74
2024/2025,LaLiga,15/02/2025,13:00,Leganes,Alaves,3,3,D,3.74,2.94,2.29
2024/2025,LaLiga,15/02/2025,15:15,Osasuna,Real Madrid,1,1,D,6.44,4.83,1.47
2024/2025,LaLiga,15/02/2025,17:30,Ath Madrid,Celta,1,1,D,1.4,4.75,8.43
2024/2025,LaLiga,15/02/2025,20:00,Villarreal,Valencia,1,1,D,1.7,3.94,4.96
2024/2025,LaLiga,16/02/2025,13:00,Espanol,Ath Bilbao,1,1,D,5.25,3.53,1.76
2024/2025,LaLiga,16/02/2025,15:15,Valladolid,Sevilla,0,4,A,4.2,3.35,1.98
2024/2025,LaLiga,16/02/2025,17:30,Mallorca,Las Palmas,3,1,H,1.81,3.45,4.99
2024/2025,LaLiga,16/02/2025,20:00,Betis,Sociedad,3,0,H,2.42,3.11,3.26
2024/2025,LaLiga,17/02/2025,20:00,Barcelona,Vallecano,1,0,H,1.21,7.43,12.71
2024/2025,LaLiga,21/02/2025,20:00,Celta,Osasuna,1,0,H,1.72,3.74,5.15
2024/2025,LaLiga,22/02/2025,13:00,Alaves,Espanol,0,1,A,1.89,3.12,5.21
2024/2025,LaLiga,22/02/2025,15:15,Vallecano,Villarreal,0,1,A,2.79,3.26,2.65
2024/2025,LaLiga,22/02/2025,17:30,Valencia,Ath Madrid,0,3,A,4.03,3.25,2.06
2024/2025,LaLiga,22/02/2025,20:00,Las Palmas,Barcelona,0,2,A,11.1,7.1,1.23
2024/2025,LaLiga,23/02/2025,13:00,Ath Bilbao,Valladolid,7,1,H,1.19,7.01,16.64
2024/2025,LaLiga,23/02/2025,15:15,Real Madrid,Girona,2,0,H,1.28,6.46,9.73
2024/2025,LaLiga,23/02/2025,17:30,Getafe,Betis,1,2,A,2.94,2.91,2.78
2024/2025,LaLiga,23/02/2025,20:00,Sociedad,Leganes,3,0,H,1.61,3.73,6.52
2024/2025,LaLiga,24/02/2025,20:00,Sevilla,Mallorca,1,1,D,1.96,3.29,4.36
2024/2025,LaLiga,28/02/2025,20:00,Valladolid,Las Palmas,1,1,D,3.06,3.1,2.54
2024/2025,LaLiga,01/03/2025,13:00,Girona,Celta,2,2,D,2.17,3.35,3.53
2024/2025,LaLiga,01/03/2025,15:15,Vallecano,Sevilla,1,1,D,2.59,3.03,3.06
2024/2025,LaLiga,01/03/2025,17:30,Betis,Real Madrid,2,1,H,3.8,3.74,1.95
2024/2025,LaLiga,01/03/2025,20:00,Ath Madrid,Ath Bilbao,1,0,H,2.14,3.27,3.71
2024/2025,LaLiga,02/03/2025,13:00,Leganes,Getafe,1,0,H,3.11,2.71,2.84
2024/2025,LaLiga,02/03/2025,15:15,Barcelona,Sociedad,4,0,H,1.26,6.11,11.84
2024/2025,LaLiga,02/03/2025,17:30,Mallorca,Alaves,1,1,D,2.5,2.86,3.42
2024/2025,LaLiga,02/03/2025,20:00,Osasuna,Valencia,3,3,D,2.23,3.17,3.59
2024/2025,LaLiga,08/03/2025,13:00,Celta,Leganes,2,1,H,1.55,4.04,6.55
2024/2025,LaLiga,08/03/2025,15:15,Alaves,Villarreal,1,0,H,3.03,3.14,2.53
2024/2025,LaLiga,08/03/2025,17:30,Valencia,Valladolid,2,1,H,1.42,4.53,8.4
2024/2025,LaLiga,09/03/2025,13:00,Getafe,Ath Madrid,2,1,H,5.16,3.22,1.85
2024/2025,LaLiga,09/03/2025,15:15,Real Madrid,Vallecano,2,1,H,1.29,5.9,10.26
2024/2025,LaLiga,09/03/2025,17:30,Ath Bilbao,Mallorca,1,1,D,1.72,3.5,5.66
2024/2025,LaLiga,09/03/2025,17:30,Betis,Las Palmas,1,0,H,1.33,5.28,9.73
2024/2025,LaLiga,09/03/2025,20:00,Sociedad,Sevilla,0,1,A,2.47,3.02,3.25
2024/2025,LaLiga,10/03/2025,20:00,Espanol,Girona,1,1,D,3.42,3.13,2.32
2024/2025,LaLiga,14/03/2025,20:00,Las Palmas,Alaves,2,2,D,2.86,2.97,2.78
2024/2025,LaLiga,15/03/2025,13:00,Valladolid,Celta,0,1,A,4.9,3.81,1.72
2024/2025,LaLiga,15/03/2025,15:15,Mallorca,Espanol,2,1,H,1.84,3.35,4.92
2024/2025,LaLiga,15/03/2025,17:30,Villarreal,Real Madrid,1,2,A,3.12,3.68,2.22
2024/2025,LaLiga,15/03/2025,20:00,Girona,Valencia,1,1,D,1.94,3.56,4.03
2024/2025,LaLiga,16/03/2025,13:00,Leganes,Betis,2,3,A,3.92,3.31,2.04
2024/2025,LaLiga,16/03/2025,15:15,Sevilla,Ath Bilbao,0,1,A,2.66,3.04,2.95
2024/2025,LaLiga,16/03/2025,17:30,Osasuna,Getafe,1,2,A,2.35,2.9,3.65
2024/2025,LaLiga,16/03/2025,17:30,Vallecano,Sociedad,2,2,D,2.39,2.93,3.51
2024/2025,LaLiga,16/03/2025,20:00,Ath Madrid,Barcelona,2,4,A,3.13,3.63,2.23
2024/2025,LaLiga,27/03/2025,20:00,Barcelona,Osasuna,3,0,H,1.19,7.4,14.36
2024/2025,LaLiga,29/03/2025,13:00,Sociedad,Valladolid,2,1,H,1.37,4.67,9.74
2024/2025,LaLiga,29/03/2025,15:15,Espanol,Ath Madrid,1,1,D,5.7,3.63,1.68
2024/2025,LaLiga,29/03/2025,17:30,Alaves,Vallecano,0,2,A,2.12,3.03,4.1
2024/2025,LaLiga,29/03/2025,20:00,Real Madrid,Leganes,3,2,H,1.19,7.17,13.98
2024/2025,LaLiga,30/03/2025,13:00,Getafe,Villarreal,1,2,A,3.26,3.08,2.4
2024/2025,LaLiga,30/03/2025,15:15,Barcelona,Girona,4,1,H,1.29,6.07,9.38
2024/2025,LaLiga,30/03/2025,17:30,Ath Bilbao,Osasuna,0,0,D,1.48,4.22,7.19
2024/2025,LaLiga,30/03/2025,17:30,Valencia,Mallorca,1,0,H,2,3.2,4.26
2024/2025,LaLiga,30/03/2025,20:00,Betis,Sevilla,2,1,H,1.77,3.51,5.07
2024/2025,LaLiga,31/03/2025,20:00,Celta,Las Palmas,1,1,D,1.58,4.06,5.89
2024/2025,LaLiga,04/04/2025,20:00,Vallecano,Espanol,0,4,A,1.68,3.56,5.92
2024/2025,LaLiga,05/04/2025,13:00,Girona,Alaves,0,1,A,2.08,3.3,3.8
2024/2025,LaLiga,05/04/2025,15:15,Real Madrid,Valencia,1,2,A,1.28,6.1,9.7
2024/2025,LaLiga,05/04/2025,17:30,Mallorca,Celta,1,2,A,2.81,3.09,2.73
2024/2025,LaLiga,05/04/2025,20:00,Barcelona,Betis,1,1,D,1.36,5.57,7.66
2024/2025,LaLiga,06/04/2025,13:00,Las Palmas,Sociedad,1,3,A,3.14,3.24,2.39
2024/2025,LaLiga,06/04/2025,15:15,Sevilla,Ath Madrid,1,2,A,3.52,3.2,2.22
2024/2025,LaLiga,06/04/2025,17:30,Valladolid,Getafe,0,4,A,4.46,3.09,2.01
2024/2025,LaLiga,06/04/2025,20:00,Villarreal,Ath Bilbao,0,0,D,2.36,3.32,3.12
2024/2025,LaLiga,07/04/2025,20:00,Leganes,Osasuna,1,1,D,2.72,2.92,2.94
2024/2025,LaLiga,11/04/2025,20:00,Valencia,Sevilla,1,0,H,2.36,3.05,3.37
2024/2025,LaLiga,12/04/2025,13:00,Sociedad,Mallorca,0,2,A,2.03,3.08,4.28
2024/2025,LaLiga,12/04/2025,15:15,Getafe,Las Palmas,1,3,A,1.7,3.62,5.41
2024/2025,LaLiga,12/04/2025,17:30,Celta,Espanol,0,2,A,1.64,3.81,5.71
2024/2025,LaLiga,12/04/2025,20:00,Leganes,Barcelona,0,1,A,10.46,6.44,1.25
2024/2025,LaLiga,13/04/2025,13:00,Osasuna,Girona,2,1,H,2.52,3.1,3.04
2024/2025,LaLiga,13/04/2025,15:15,Alaves,Real Madrid,0,1,A,4.98,3.85,1.71
2024/2025,LaLiga,13/04/2025,17:30,Betis,Villarreal,1,2,A,2.18,3.47,3.34
2024/2025,LaLiga,13/04/2025,20:00,Ath Bilbao,Vallecano,3,1,H,1.85,3.24,5.08
2024/2025,LaLiga,14/04/2025,20:00,Ath Madrid,Valladolid,4,2,H,1.1,9.5,28.3
2024/2025,LaLiga,18/04/2025,20:00,Espanol,Getafe,1,0,H,2.8,2.64,3.19
2024/2025,LaLiga,19/04/2025,13:00,Vallecano,Valencia,1,1,D,2.39,3.14,3.22
2024/2025,LaLiga,19/04/2025,15:15,Barcelona,Celta,4,3,H,1.24,6.94,10.16
2024/2025,LaLiga,19/04/2025,17:30,Mallorca,Leganes,0,0,D,1.84,3.09,5.51
2024/2025,LaLiga,19/04/2025,20:00,Las Palmas,Ath Madrid,1,0,H,5.6,3.92,1.62
2024/2025,LaLiga,20/04/2025,13:00,Valladolid,Osasuna,2,3,A,5.02,3.58,1.75
2024/2025,LaLiga,20/04/2025,15:15,Villarreal,Sociedad,2,2,D,1.65,4.07,5.02
2024/2025,LaLiga,20/04/2025,17:30,Sevilla,Alaves,1,1,D,2.09,3.02,4.18
2024/2025,LaLiga,20/04/2025,20:00,Real Madrid,Ath Bilbao,1,0,H,1.43,4.58,7.51
2024/2025,LaLiga,21/04/2025,20:00,Girona,Betis,1,3,A,2.62,3.34,2.71
2024/2025,LaLiga,22/04/2025,18:00,Valencia,Espanol,1,1,D,2.01,3.26,4.07
2024/2025,LaLiga,22/04/2025,20:30,Barcelona,Mallorca,1,0,H,1.3,5.73,9.89
2024/2025,LaLiga,23/04/2025,18:00,Ath Bilbao,Las Palmas,1,0,H,1.38,4.93,8.5
2024/2025,LaLiga,23/04/2025,18:00,Celta,Villarreal,3,0,H,2.41,3.49,2.89
2024/2025,LaLiga,23/04/2025,20:30,Alaves,Sociedad,1,0,H,2.36,3.02,3.4
2024/2025,LaLiga,23/04/2025,20:30,Getafe,Real Madrid,0,1,A,5.99,3.8,1.61
2024/2025,LaLiga,24/04/2025,18:00,Leganes,Girona,1,1,D,3.19,3.05,2.45
2024/2025,LaLiga,24/04/2025,18:00,Osasuna,Sevilla,1,0,H,2.32,2.99,3.54
2024/2025,LaLiga,24/04/2025,20:30,Ath Madrid,Vallecano,3,0,H,1.5,4.29,6.83
2024/2025,LaLiga,24/04/2025,20:30,Betis,Valladolid,5,1,H,1.16,8,15.48
2024/2025,LaLiga,27/04/2025,15:15,Villarreal,Espanol,1,0,H,1.38,5.08,7.17
2024/2025,LaLiga,02/05/2025,20:00,Vallecano,Getafe,1,0,H,2.4,2.92,3.43
2024/2025,LaLiga,03/05/2025,13:00,Alaves,Ath Madrid,0,0,D,3.83,3.17,2.11
2024/2025,LaLiga,03/05/2025,15:15,Villarreal,Osasuna,4,2,H,1.42,4.81,7.14
2024/2025,LaLiga,03/05/2025,17:30,Las Palmas,Valencia,2,3,A,2.6,3.15,2.88
2024/2025,LaLiga,03/05/2025,20:00,Valladolid,Barcelona,1,2,A,8.44,5.73,1.32
2024/2025,LaLiga,04/05/2025,13:00,Real Madrid,Celta,3,2,H,1.36,5.66,7.25
2024/2025,LaLiga,04/05/2025,15:15,Sevilla,Leganes,2,2,D,1.66,3.69,5.67
2024/2025,LaLiga,04/05/2025,17:30,Espanol,Betis,1,2,A,3.32,3.09,2.36
2024/2025,LaLiga,04/05/2025,20:00,Sociedad,Ath Bilbao,0,0,D,2.55,2.89,3.21
2024/2025,LaLiga,05/05/2025,20:00,Girona,Mallorca,1,0,H,2.01,3.27,4.04
2024/2025,LaLiga,09/05/2025,20:00,Las Palmas,Vallecano,0,1,A,2.62,3.13,2.87
2024/2025,LaLiga,10/05/2025,13:00,Valencia,Getafe,3,0,H,2,3.09,4.41
2024/2025,LaLiga,10/05/2025,15:15,Celta,Sevilla,3,2,H,1.89,3.55,4.25
2024/2025,LaLiga,10/05/2025,17:30,Girona,Villarreal,0,1,A,2.95,3.57,2.33
2024/2025,LaLiga,10/05/2025,17:30,Mallorca,Valladolid,2,1,H,1.33,5.25,9.48
2024/2025,LaLiga,10/05/2025,20:00,Ath Madrid,Sociedad,4,0,H,1.79,3.52,4.86
2024/2025,LaLiga,11/05/2025,13:00,Leganes,Espanol,3,2,H,2.36,3.18,3.21
2024/2025,LaLiga,11/05/2025,15:15,Barcelona,Real Madrid,4,3,H,1.88,4.33,3.54
2024/2025,LaLiga,11/05/2025,17:30,Ath Bilbao,Alaves,1,0,H,2.09,2.84,4.58
2024/2025,LaLiga,11/05/2025,20:00,Betis,Osasuna,1,1,D,1.64,4.03,5.25
2024/2025,LaLiga,13/05/2025,18:00,Valladolid,Girona,0,1,A,4.71,3.94,1.72
2024/2025,LaLiga,13/05/2025,19:00,Sociedad,Celta,0,1,A,2.29,3.31,3.22
2024/2025,LaLiga,13/05/2025,20:30,Sevilla,Las Palmas,1,0,H,1.69,3.79,5.21
2024/2025,LaLiga,14/05/2025,18:00,Alaves,Valencia,1,0,H,2.32,2.86,3.78
2024/2025,LaLiga,14/05/2025,18:00,Villarreal,Leganes,3,0,H,1.3,5.82,9.26
2024/2025,LaLiga,14/05/2025,20:30,Real Madrid,Mallorca,2,1,H,1.42,4.9,7.07
2024/2025,LaLiga,15/05/2025,18:00,Vallecano,Betis,2,2,D,3.21,3.31,2.3
2024/2025,LaLiga,15/05/2025,18:00,Osasuna,Ath Madrid,2,0,H,3.6,3.38,2.12
2024/2025,LaLiga,15/05/2025,20:30,Espanol,Barcelona,0,2,A,7.59,5.69,1.34
2024/2025,LaLiga,15/05/2025,20:30,Getafe,Ath Bilbao,0,2,A,3.21,2.56,2.88
2024/2025,LaLiga,18/05/2025,18:00,Ath Madrid,Betis,4,1,H,1.53,4.37,5.91
2024/2025,LaLiga,18/05/2025,18:00,Barcelona,Villarreal,2,3,A,1.71,4.47,4.14
2024/2025,LaLiga,18/05/2025,18:00,Celta,Vallecano,1,2,A,1.91,3.5,4.18
2024/2025,LaLiga,18/05/2025,18:00,Las Palmas,Leganes,0,1,A,3.24,3.42,2.22
2024/2025,LaLiga,18/05/2025,18:00,Mallorca,Getafe,1,2,A,2.5,2.82,3.42
2024/2025,LaLiga,18/05/2025,18:00,Osasuna,Espanol,2,0,H,1.98,3.38,4.07
2024/2025,LaLiga,18/05/2025,18:00,Sevilla,Real Madrid,0,2,A,3.15,3.7,2.17
2024/2025,LaLiga,18/05/2025,18:00,Sociedad,Girona,3,2,H,1.73,3.73,4.93
2024/2025,LaLiga,18/05/2025,18:00,Valencia,Ath Bilbao,0,1,A,2.55,2.94,3.16
2024/2025,LaLiga,18/05/2025,18:00,Valladolid,Alaves,0,1,A,5.74,3.74,1.65
2024/2025,LaLiga,23/05/2025,20:00,Betis,Valencia,1,1,D,1.93,3.89,3.68
2024/2025,LaLiga,24/05/2025,15:15,Real Madrid,Sociedad,2,0,H,1.36,5.56,7.29
2024/2025,LaLiga,24/05/2025,17:30,Espanol,Las Palmas,2,0,H,1.38,5.08,8.23
2024/2025,LaLiga,24/05/2025,17:30,Leganes,Valladolid,3,0,H,1.33,5.45,8.78
2024/2025,LaLiga,24/05/2025,20:00,Alaves,Osasuna,1,1,D,3.23,3.18,2.36
2024/2025,LaLiga,24/05/2025,20:00,Getafe,Celta,1,2,A,4.82,3.76,1.74
2024/2025,LaLiga,24/05/2025,20:00,Vallecano,Mallorca,0,0,D,1.47,4.29,7.27
2024/2025,LaLiga,25/05/2025,13:00,Girona,Ath Madrid,0,4,A,3.24,3.54,2.19
2024/2025,LaLiga,25/05/2025,15:15,Villarreal,Sevilla,4,2,H,1.76,4.11,4.23
2024/2025,LaLiga,25/05/2025,20:00,Ath Bilbao,Barcelona,0,3,A,3.21,3.88,2.08
2025/2026,LaLiga,15/08/2025,18:00,Girona,Vallecano,1,3,A,2.39,3.15,3.09
2025/2026,LaLiga,15/08/2025,20:30,Villarreal,Oviedo,2,0,H,1.39,4.7,8.02
2025/2026,LaLiga,16/08/2025,18:30,Mallorca,Barcelona,0,3,A,8.7,5.79,1.56
2025/2026,LaLiga,16/08/2025,20:30,Alaves,Levante,2,1,H,2.08,3.08,3.92
2025/2026,LaLiga,16/08/2025,20:30,Valencia,Sociedad,1,1,D,2.43,3,3.18
2025/2026,LaLiga,17/08/2025,16:00,Celta,Getafe,0,2,A,1.67,3.48,5.81
2025/2026,LaLiga,17/08/2025,18:30,Ath Bilbao,Sevilla,3,2,H,1.56,3.8,6.43
2025/2026,LaLiga,17/08/2025,20:30,Espanol,Ath Madrid,2,1,H,5.7,3.86,1.6
2025/2026,LaLiga,18/08/2025,20:00,Elche,Betis,1,1,D,3.2,3.19,2.3
2025/2026,LaLiga,19/08/2025,20:00,Real Madrid,Osasuna,1,0,H,1.21,6.67,12.34
2025/2026,LaLiga,22/08/2025,20:30,Betis,Alaves,1,0,H,1.84,3.4,4.47
2025/2026,LaLiga,23/08/2025,16:00,Mallorca,Celta,1,1,D,3.13,3.21,2.35
2025/2026,LaLiga,23/08/2025,18:30,Ath Madrid,Elche,1,1,D,1.26,5.67,11.58
2025/2026,LaLiga,23/08/2025,20:30,Levante,Barcelona,2,3,A,11.5,6.95,1.21
2025/2026,LaLiga,24/08/2025,16:00,Osasuna,Valencia,1,0,H,2.23,3.16,3.38
2025/2026,LaLiga,24/08/2025,18:30,Sociedad,Espanol,2,2,D,1.85,3.45,4.32
2025/2026,LaLiga,24/08/2025,18:30,Villarreal,Girona,5,0,H,1.46,4.51,6.61
2025/2026,LaLiga,24/08/2025,20:30,Oviedo,Real Madrid,0,3,A,9.91,5.27,1.3
2025/2026,LaLiga,25/08/2025,18:30,Ath Bilbao,Vallecano,1,0,H,1.73,3.55,5.06
2025/2026,LaLiga,25/08/2025,20:30,Sevilla,Getafe,1,2,A,2.05,3.02,4.13
2025/2026,LaLiga,27/08/2025,20:00,Celta,Betis,1,1,D,2.32,3.47,2.94
2025/2026,LaLiga,29/08/2025,18:30,Elche,Levante,2,0,H,2.15,3.2,3.57
2025/2026,LaLiga,29/08/2025,20:30,Valencia,Getafe,3,0,H,2.31,2.92,3.53
2025/2026,LaLiga,30/08/2025,16:00,Alaves,Ath Madrid,1,1,D,5.39,3.51,1.7
2025/2026,LaLiga,30/08/2025,18:00,Oviedo,Sociedad,1,0,H,3.38,3.12,2.26
2025/2026,LaLiga,30/08/2025,18:30,Girona,Sevilla,0,2,A,2.42,3.16,3.04
2025/2026,LaLiga,30/08/2025,20:30,Real Madrid,Mallorca,2,1,H,1.16,7.43,15.63
2025/2026,LaLiga,31/08/2025,16:00,Celta,Villarreal,1,1,D,3.14,3.46,2.22
2025/2026,LaLiga,31/08/2025,18:00,Betis,Ath Bilbao,1,2,A,3.15,3.14,2.37
2025/2026,LaLiga,31/08/2025,18:30,Espanol,Osasuna,1,0,H,2.44,3.05,3.04
2025/2026,LaLiga,31/08/2025,20:30,Vallecano,Barcelona,1,1,D,6.67,5.13,1.4
2025/2026,LaLiga,12/09/2025,20:00,Sevilla,Elche,2,2,D,1.89,3.33,4.41
2025/2026,LaLiga,13/09/2025,13:00,Getafe,Oviedo,2,0,H,1.99,2.91,4.71
2025/2026,LaLiga,13/09/2025,15:15,Sociedad,Real Madrid,1,2,A,5.36,4.2,1.58
2025/2026,LaLiga,13/09/2025,17:30,Ath Bilbao,Alaves,0,1,A,1.59,3.71,6.26
2025/2026,LaLiga,13/09/2025,20:00,Ath Madrid,Villarreal,2,0,H,1.77,3.68,4.51
2025/2026,LaLiga,14/09/2025,13:00,Celta,Girona,1,1,D,1.73,3.75,4.71
2025/2026,LaLiga,14/09/2025,15:15,Levante,Betis,2,2,D,3.53,3.53,2.03
2025/2026,LaLiga,14/09/2025,17:30,Osasuna,Vallecano,2,0,H,2.72,2.94,2.86
2025/2026,LaLiga,14/09/2025,20:00,Barcelona,Valencia,6,0,H,1.36,5.36,7.33
2025/2026,LaLiga,15/09/2025,20:00,Espanol,Mallorca,3,2,H,2.24,3.08,3.48
2025/2026,LaLiga,19/09/2025,20:00,Betis,Sociedad,3,1,H,1.93,3.63,3.74
2025/2026,LaLiga,20/09/2025,13:00,Girona,Levante,0,4,A,1.85,3.71,4.03
2025/2026,LaLiga,20/09/2025,15:15,Real Madrid,Espanol,2,0,H,1.2,6.8,13
2025/2026,LaLiga,20/09/2025,17:30,Alaves,Sevilla,1,2,A,2.4,2.95,3.26
2025/2026,LaLiga,20/09/2025,17:30,Villarreal,Osasuna,2,1,H,1.68,3.74,5.15
2025/2026,LaLiga,20/09/2025,20:00,Valencia,Ath Bilbao,2,0,H,3.42,3.11,2.25
2025/2026,LaLiga,21/09/2025,13:00,Vallecano,Celta,1,1,D,2.01,3.38,3.73
2025/2026,LaLiga,21/09/2025,15:15,Mallorca,Ath Madrid,1,1,D,4.94,3.51,1.75
2025/2026,LaLiga,21/09/2025,17:30,Elche,Oviedo,1,0,H,1.97,3.23,4.11
2025/2026,LaLiga,21/09/2025,20:00,Barcelona,Getafe,3,0,H,1.23,6.31,11.4
2025/2026,LaLiga,23/09/2025,18:00,Ath Bilbao,Girona,1,1,D,1.47,4.3,6.74
2025/2026,LaLiga,23/09/2025,18:00,Espanol,Valencia,2,2,D,2.32,3.16,3.2
2025/2026,LaLiga,23/09/2025,20:30,Levante,Real Madrid,1,4,A,7.68,5.56,1.34
2025/2026,LaLiga,23/09/2025,20:30,Sevilla,Villarreal,1,2,A,3.3,3.3,2.2
2025/2026,LaLiga,24/09/2025,18:00,Getafe,Alaves,1,1,D,2.06,2.82,4.51
2025/2026,LaLiga,24/09/2025,20:30,Ath Madrid,Vallecano,3,2,H,1.45,4.31,7.35
2025/2026,LaLiga,24/09/2025,20:30,Sociedad,Mallorca,1,0,H,1.74,3.54,4.96
2025/2026,LaLiga,25/09/2025,18:30,Osasuna,Elche,1,1,D,1.9,3.19,4.6
2025/2026,LaLiga,25/09/2025,20:30,Oviedo,Barcelona,1,3,A,12.37,6.7,1.21
2025/2026,LaLiga,26/09/2025,20:00,Girona,Espanol,0,0,D,2.55,3.25,2.78
2025/2026,LaLiga,27/09/2025,13:00,Getafe,Levante,1,1,D,2.11,3.05,3.91
2025/2026,LaLiga,27/09/2025,15:15,Ath Madrid,Real Madrid,5,2,H,3.08,3.48,2.23
2025/2026,LaLiga,27/09/2025,17:30,Mallorca,Alaves,1,0,H,2.45,2.86,3.32
2025/2026,LaLiga,27/09/2025,20:00,Villarreal,Ath Bilbao,1,0,H,2.02,3.29,3.81
2025/2026,LaLiga,28/09/2025,13:00,Vallecano,Sevilla,0,1,A,1.99,3.31,3.91
2025/2026,LaLiga,28/09/2025,15:15,Elche,Celta,2,1,H,2.78,3.13,2.63
2025/2026,LaLiga,28/09/2025,17:30,Barcelona,Sociedad,2,1,H,1.35,5.33,7.7
2025/2026,LaLiga,28/09/2025,20:00,Betis,Osasuna,2,0,H,1.82,3.57,4.36
2025/2026,LaLiga,30/09/2025,19:00,Valencia,Oviedo,1,2,A,1.69,3.55,5.39
2025/2026,LaLiga,03/10/2025,20:00,Osasuna,Getafe,2,1,H,2.16,2.83,4.06
2025/2026,LaLiga,04/10/2025,13:00,Oviedo,Levante,0,2,A,2.37,3.22,3.07
2025/2026,LaLiga,04/10/2025,15:15,Girona,Valencia,2,1,H,2.36,3.27,3.01
2025/2026,LaLiga,04/10/2025,17:30,Ath Bilbao,Mallorca,2,1,H,1.61,3.67,6.03
2025/2026,LaLiga,04/10/2025,20:00,Real Madrid,Villarreal,3,1,H,1.39,5.07,6.76
2025/2026,LaLiga,05/10/2025,13:00,Alaves,Elche,3,1,H,2.2,2.92,3.81
2025/2026,LaLiga,05/10/2025,15:15,Sevilla,Barcelona,4,1,H,5.73,4.75,1.48
2025/2026,LaLiga,05/10/2025,17:30,Espanol,Betis,1,2,A,2.53,3.32,2.74
2025/2026,LaLiga,05/10/2025,17:30,Sociedad,Vallecano,0,1,A,2.12,3.33,3.47
2025/2026,LaLiga,05/10/2025,20:00,Celta,Ath Madrid,1,1,D,4.5,3.71,1.77
2025/2026,LaLiga,17/10/2025,20:00,Oviedo,Espanol,0,2,A,2.87,3.04,2.61
2025/2026,LaLiga,18/10/2025,13:00,Sevilla,Mallorca,1,3,A,1.83,3.38,4.63
2025/2026,LaLiga,18/10/2025,15:15,Barcelona,Girona,2,1,H,1.2,7.02,11.91
2025/2026,LaLiga,18/10/2025,17:30,Villarreal,Betis,2,2,D,2.06,3.62,3.35
2025/2026,LaLiga,18/10/2025,20:00,Ath Madrid,Osasuna,1,0,H,1.33,4.98,9.3
2025/2026,LaLiga,19/10/2025,13:00,Elche,Ath Bilbao,0,0,D,3.97,3.29,1.99
2025/2026,LaLiga,19/10/2025,15:15,Celta,Sociedad,1,1,D,1.98,3.41,3.82
2025/2026,LaLiga,19/10/2025,17:30,Levante,Vallecano,0,3,A,2.63,3.25,2.69
2025/2026,LaLiga,19/10/2025,20:00,Getafe,Real Madrid,0,1,A,7.14,4.42,1.44
2025/2026,LaLiga,20/10/2025,20:00,Alaves,Valencia,0,0,D,2.18,3.11,3.59
2025/2026,LaLiga,24/10/2025,20:00,Sociedad,Sevilla,2,1,H,1.94,3.5,3.88
2025/2026,LaLiga,25/10/2025,13:00,Girona,Oviedo,3,3,D,1.74,3.56,4.95
2025/2026,LaLiga,25/10/2025,15:15,Espanol,Elche,1,0,H,1.97,3.33,3.99
2025/2026,LaLiga,25/10/2025,17:30,Ath Bilbao,Getafe,0,1,A,1.61,3.5,6.53
2025/2026,LaLiga,25/10/2025,20:00,Valencia,Villarreal,0,2,A,3.61,3.49,2.02
2025/2026,LaLiga,26/10/2025,13:00,Mallorca,Levante,1,1,D,1.94,3.36,4.04
2025/2026,LaLiga,26/10/2025,15:15,Real Madrid,Barcelona,2,1,H,1.85,4.28,3.52
2025/2026,LaLiga,26/10/2025,17:30,Osasuna,Celta,2,3,A,2.37,3.16,3.11
2025/2026,LaLiga,26/10/2025,20:00,Vallecano,Alaves,1,0,H,2.2,3.01,3.7
2025/2026,LaLiga,27/10/2025,20:00,Betis,Ath Madrid,0,2,A,3.26,3.41,2.16
2025/2026,LaLiga,31/10/2025,20:00,Getafe,Girona,2,1,H,2.12,3,3.96
2025/2026,LaLiga,01/11/2025,13:00,Villarreal,Vallecano,4,0,H,1.71,3.83,4.76
2025/2026,LaLiga,01/11/2025,15:15,Ath Madrid,Sevilla,3,0,H,1.34,5.06,8.53
2025/2026,LaLiga,01/11/2025,17:30,Sociedad,Ath Bilbao,3,2,H,2.71,2.88,2.91
2025/2026,LaLiga,01/11/2025,20:00,Real Madrid,Valencia,4,0,H,1.13,8.76,17.47
2025/2026,LaLiga,02/11/2025,13:00,Levante,Celta,1,2,A,3.06,3.34,2.32
2025/2026,LaLiga,02/11/2025,15:15,Alaves,Espanol,2,1,H,2.41,3.03,3.17
2025/2026,LaLiga,02/11/2025,17:30,Barcelona,Elche,3,1,H,1.19,7.24,12.59
2025/2026,LaLiga,02/11/2025,20:00,Betis,Mallorca,3,0,H,1.54,4.22,5.81
2025/2026,LaLiga,03/11/2025,20:00,Oviedo,Osasuna,0,0,D,3.08,3.08,2.43
2025/2026,LaLiga,07/11/2025,20:00,Elche,Sociedad,1,1,D,2.96,3.11,2.49
2025/2026,LaLiga,08/11/2025,13:00,Girona,Alaves,1,0,H,2.13,3.24,3.54
2025/2026,LaLiga,08/11/2025,15:15,Sevilla,Osasuna,1,0,H,2.26,3.2,3.31
2025/2026,LaLiga,08/11/2025,17:30,Ath Madrid,Levante,3,1,H,1.22,6.58,12.06
2025/2026,LaLiga,08/11/2025,20:00,Espanol,Villarreal,0,2,A,2.77,3.41,2.47
2025/2026,LaLiga,09/11/2025,13:00,Ath Bilbao,Oviedo,1,0,H,1.58,3.61,6.62
2025/2026,LaLiga,09/11/2025,15:15,Vallecano,Real Madrid,0,0,D,5.83,4.65,1.49
2025/2026,LaLiga,09/11/2025,17:30,Mallorca,Getafe,1,0,H,2.57,2.8,3.21
2025/2026,LaLiga,09/11/2025,17:30,Valencia,Betis,1,1,D,3.4,3.42,2.12
2025/2026,LaLiga,09/11/2025,20:00,Celta,Barcelona,2,4,A,4.07,4.26,1.73
2025/2026,LaLiga,21/11/2025,20:00,Valencia,Levante,1,0,H,2.02,3.42,3.7
2025/2026,LaLiga,22/11/2025,13:00,Alaves,Celta,0,1,A,2.64,3.01,2.87
2025/2026,LaLiga,22/11/2025,15:15,Barcelona,Ath Bilbao,4,0,H,1.41,5.01,6.67
2025/2026,LaLiga,22/11/2025,17:30,Osasuna,Sociedad,1,3,A,2.67,2.96,2.9
2025/2026,LaLiga,22/11/2025,20:00,Villarreal,Mallorca,2,1,H,1.39,4.85,7.59
2025/2026,LaLiga,23/11/2025,13:00,Oviedo,Vallecano,0,0,D,3.44,3.18,2.2
2025/2026,LaLiga,23/11/2025,15:15,Betis,Girona,1,1,D,1.5,4.52,5.83
2025/2026,LaLiga,23/11/2025,17:30,Getafe,Ath Madrid,0,1,A,4.89,3.25,1.83
2025/2026,LaLiga,23/11/2025,20:00,Elche,Real Madrid,2,2,D,6.8,5.13,1.4
2025/2026,LaLiga,24/11/2025,20:00,Espanol,Sevilla,2,1,H,1.82,3.63,4.3
2025/2026,LaLiga,28/11/2025,20:00,Getafe,Elche,1,0,H,2.24,2.89,3.74
2025/2026,LaLiga,29/11/2025,13:00,Mallorca,Osasuna,2,2,D,2.39,3.04,3.2
2025/2026,LaLiga,29/11/2025,15:15,Barcelona,Alaves,3,1,H,1.25,6.14,10.02
2025/2026,LaLiga,29/11/2025,17:30,Levante,Ath Bilbao,0,2,A,3.78,3.33,2.02
2025/2026,LaLiga,29/11/2025,20:00,Ath Madrid,Oviedo,2,0,H,1.23,6.03,12.5
2025/2026,LaLiga,30/11/2025,13:00,Sociedad,Villarreal,2,3,A,2.82,3.28,2.5
2025/2026,LaLiga,30/11/2025,15:15,Sevilla,Betis,0,2,A,2.69,3.22,2.66
2025/2026,LaLiga,30/11/2025,17:30,Celta,Espanol,0,1,A,1.89,3.43,4.2
2025/2026,LaLiga,30/11/2025,20:00,Girona,Real Madrid,1,1,D,7.19,5.42,1.36
2025/2026,LaLiga,01/12/2025,20:00,Vallecano,Valencia,1,1,D,2.04,3.18,3.94
2025/2026,LaLiga,02/12/2025,20:00,Barcelona,Ath Madrid,3,1,H,1.68,4.24,4.38
2025/2026,LaLiga,03/12/2025,18:00,Ath Bilbao,Real Madrid,0,3,A,4.19,3.63,1.83
2025/2026,LaLiga,05/12/2025,20:00,Oviedo,Mallorca,0,0,D,2.6,2.94,2.97
2025/2026,LaLiga,06/12/2025,13:00,Villarreal,Getafe,2,0,H,1.63,3.65,5.85
2025/2026,LaLiga,06/12/2025,15:15,Alaves,Sociedad,1,0,H,2.7,2.94,2.87
2025/2026,LaLiga,06/12/2025,17:30,Betis,Barcelona,3,5,A,3.61,4.11,1.86
2025/2026,LaLiga,06/12/2025,20:00,Ath Bilbao,Ath Madrid,1,0,H,2.88,3.18,2.52
2025/2026,LaLiga,07/12/2025,13:00,Elche,Girona,3,0,H,2.09,3.27,3.62
2025/2026,LaLiga,07/12/2025,15:15,Valencia,Sevilla,1,1,D,1.99,3.32,3.91
2025/2026,LaLiga,07/12/2025,17:30,Espanol,Vallecano,1,0,H,2.36,3.12,3.1
2025/2026,LaLiga,07/12/2025,20:00,Real Madrid,Celta,0,2,A,1.26,6.19,9.81
2025/2026,LaLiga,08/12/2025,20:00,Osasuna,Levante,2,0,H,1.68,3.83,4.89
2025/2026,LaLiga,12/12/2025,20:00,Sociedad,Girona,1,2,A,1.78,3.62,4.5
2025/2026,LaLiga,13/12/2025,13:00,Ath Madrid,Valencia,2,1,H,1.29,5.48,9.56
2025/2026,LaLiga,13/12/2025,15:15,Mallorca,Elche,3,1,H,2.5,2.98,3.06
2025/2026,LaLiga,13/12/2025,17:30,Barcelona,Osasuna,2,0,H,1.18,7.52,12.91
2025/2026,LaLiga,13/12/2025,20:00,Getafe,Espanol,0,1,A,2.6,2.77,3.18
2025/2026,LaLiga,14/12/2025,13:00,Sevilla,Oviedo,4,0,H,2.05,3.05,3.89
2025/2026,LaLiga,14/12/2025,15:15,Celta,Ath Bilbao,2,0,H,2.86,3.11,2.58
2025/2026,LaLiga,14/12/2025,20:00,Alaves,Real Madrid,1,2,A,5.73,4.05,1.56
2025/2026,LaLiga,15/12/2025,20:00,Vallecano,Betis,0,0,D,2.55,3.15,2.88
2025/2026,LaLiga,19/12/2025,20:00,Valencia,Mallorca,1,1,D,2.03,3.17,3.96
2025/2026,LaLiga,20/12/2025,13:00,Oviedo,Celta,0,0,D,3.47,3.18,2.18
2025/2026,LaLiga,20/12/2025,15:15,Levante,Sociedad,1,1,D,3,3.26,2.38
2025/2026,LaLiga,20/12/2025,17:30,Osasuna,Alaves,3,0,H,2.2,2.91,3.82
2025/2026,LaLiga,20/12/2025,20:00,Real Madrid,Sevilla,2,0,H,1.19,7.14,12.64
2025/2026,LaLiga,21/12/2025,13:00,Girona,Ath Madrid,0,3,A,4.76,3.76,1.71
2025/2026,LaLiga,21/12/2025,15:15,Villarreal,Barcelona,0,2,A,3.92,4.36,1.73
2025/2026,LaLiga,21/12/2025,17:30,Elche,Vallecano,4,0,H,2.48,2.94,3.15
2025/2026,LaLiga,21/12/2025,20:00,Betis,Getafe,4,0,H,1.73,3.31,5.5
2025/2026,LaLiga,22/12/2025,20:00,Ath Bilbao,Espanol,1,2,A,1.85,3.31,4.59
2025/2026,LaLiga,02/01/2026,20:00,Vallecano,Getafe,1,1,D,2.05,2.83,4.55
2025/2026,LaLiga,03/01/2026,13:00,Celta,Valencia,4,1,H,1.99,3.24,3.99
2025/2026,LaLiga,03/01/2026,15:15,Osasuna,Ath Bilbao,1,1,D,2.98,2.95,2.58
2025/2026,LaLiga,03/01/2026,17:30,Elche,Villarreal,1,3,A,3.09,3.44,2.24
2025/2026,LaLiga,03/01/2026,20:00,Espanol,Barcelona,0,2,A,5.81,4.64,1.48
2025/2026,LaLiga,04/01/2026,13:00,Sevilla,Levante,0,3,A,1.74,3.69,4.6
2025/2026,LaLiga,04/01/2026,15:15,Real Madrid,Betis,5,1,H,1.48,4.59,6.05
2025/2026,LaLiga,04/01/2026,17:30,Alaves,Oviedo,1,1,D,1.92,2.88,5.14
2025/2026,LaLiga,04/01/2026,17:30,Mallorca,Girona,1,2,A,2.26,3.1,3.39
2025/2026,LaLiga,04/01/2026,20:00,Sociedad,Ath Madrid,1,1,D,3.91,3.65,1.88
2025/2026,LaLiga,09/01/2026,20:00,Getafe,Sociedad,1,2,A,3.44,2.89,2.37
2025/2026,LaLiga,10/01/2026,13:00,Oviedo,Betis,1,1,D,3.85,3.36,1.98
2025/2026,LaLiga,10/01/2026,15:15,Villarreal,Alaves,3,1,H,1.44,4.37,7.25
2025/2026,LaLiga,10/01/2026,17:30,Girona,Osasuna,1,0,H,2.49,3.09,2.97
2025/2026,LaLiga,10/01/2026,20:00,Valencia,Elche,1,1,D,2.02,3.19,3.95
2025/2026,LaLiga,11/01/2026,13:00,Vallecano,Mallorca,2,1,H,1.89,3.17,4.64
2025/2026,LaLiga,11/01/2026,15:15,Levante,Espanol,1,1,D,3.12,3.24,2.32
2025/2026,LaLiga,12/01/2026,20:00,Sevilla,Celta,0,1,A,2.66,3.05,2.81
2025/2026,LaLiga,16/01/2026,20:00,Espanol,Girona,0,2,A,1.85,3.41,4.4
2025/2026,LaLiga,17/01/2026,13:00,Real Madrid,Levante,2,0,H,1.14,8.56,15.19
2025/2026,LaLiga,17/01/2026,15:15,Mallorca,Ath Bilbao,3,2,H,3.64,3.09,2.15
2025/2026,LaLiga,17/01/2026,17:30,Osasuna,Oviedo,3,2,H,1.73,3.48,5.22
2025/2026,LaLiga,17/01/2026,20:00,Betis,Villarreal,2,0,H,2.55,3.45,2.64
2025/2026,LaLiga,18/01/2026,13:00,Getafe,Valencia,0,1,A,2.47,2.73,3.44
2025/2026,LaLiga,18/01/2026,15:15,Ath Madrid,Alaves,1,0,H,1.35,4.8,8.98
2025/2026,LaLiga,18/01/2026,17:30,Celta,Vallecano,3,0,H,1.9,3.27,4.39
2025/2026,LaLiga,18/01/2026,20:00,Sociedad,Barcelona,2,1,H,4.7,4.37,1.62
2025/2026,LaLiga,19/01/2026,20:00,Elche,Sevilla,2,2,D,2.39,3.04,3.19
2025/2026,LaLiga,23/01/2026,20:00,Levante,Elche,3,2,H,2.23,3.33,3.18
2025/2026,LaLiga,24/01/2026,13:00,Vallecano,Osasuna,1,3,A,2.22,3.09,3.49
2025/2026,LaLiga,24/01/2026,15:15,Valencia,Espanol,3,2,H,2.39,3.11,3.13
2025/2026,LaLiga,24/01/2026,17:30,Sevilla,Ath Bilbao,2,1,H,2.61,2.97,2.93
2025/2026,LaLiga,24/01/2026,20:00,Villarreal,Real Madrid,0,2,A,3.74,4.05,1.84
2025/2026,LaLiga,25/01/2026,13:00,Ath Madrid,Mallorca,3,0,H,1.32,5.06,9.62
2025/2026,LaLiga,25/01/2026,15:15,Barcelona,Oviedo,3,0,H,1.12,9.35,17.46
2025/2026,LaLiga,25/01/2026,17:30,Sociedad,Celta,3,1,H,2.12,3.26,3.54
2025/2026,LaLiga,25/01/2026,20:00,Alaves,Betis,2,1,H,2.66,2.95,2.9
2025/2026,LaLiga,26/01/2026,20:00,Girona,Getafe,1,1,D,2.16,2.95,3.87
2025/2026,LaLiga,30/01/2026,20:00,Espanol,Alaves,1,2,A,1.94,3.07,4.51
2025/2026,LaLiga,31/01/2026,13:00,Oviedo,Girona,1,0,H,2.78,2.99,2.73
2025/2026,LaLiga,31/01/2026,15:15,Osasuna,Villarreal,2,2,D,2.73,3.28,2.56
2025/2026,LaLiga,31/01/2026,17:30,Levante,Ath Madrid,0,0,D,4.87,3.82,1.69
2025/2026,LaLiga,31/01/2026,20:00,Elche,Barcelona,1,3,A,8.62,6.26,1.28
2025/2026,LaLiga,01/02/2026,13:00,Real Madrid,Vallecano,2,1,H,1.26,6.17,9.75
2025/2026,LaLiga,01/02/2026,15:15,Betis,Valencia,2,1,H,1.81,3.48,4.54
2025/2026,LaLiga,01/02/2026,17:30,Getafe,Celta,0,0,D,2.9,2.81,2.8
2025/2026,LaLiga,01/02/2026,20:00,Ath Bilbao,Sociedad,1,1,D,2.21,3.1,3.52
2025/2026,LaLiga,02/02/2026,20:00,Mallorca,Sevilla,4,1,H,2.65,3.01,2.84
2025/2026,LaLiga,06/02/2026,20:00,Celta,Osasuna,1,2,A,2.05,3.24,3.8
2025/2026,LaLiga,07/02/2026,15:15,Barcelona,Mallorca,3,0,H,1.14,8.4,15.31
2025/2026,LaLiga,07/02/2026,20:00,Sociedad,Elche,3,1,H,1.62,4.02,5.14
2025/2026,LaLiga,08/02/2026,13:00,Alaves,Getafe,0,2,A,2.38,2.67,3.78
2025/2026,LaLiga,08/02/2026,15:15,Ath Bilbao,Levante,4,2,H,1.61,3.87,5.54
2025/2026,LaLiga,08/02/2026,15:15,Sevilla,Girona,1,1,D,2.02,3.4,3.7
2025/2026,LaLiga,08/02/2026,17:30,Ath Madrid,Betis,0,1,A,1.45,4.66,6.35
2025/2026,LaLiga,08/02/2026,20:00,Valencia,Real Madrid,0,2,A,5.01,4.1,1.62
2025/2026,LaLiga,09/02/2026,20:00,Villarreal,Espanol,4,1,H,1.69,3.91,4.73
2025/2026,LaLiga,13/02/2026,20:00,Elche,Osasuna,0,0,D,2.88,3.14,2.53
2025/2026,LaLiga,14/02/2026,13:00,Espanol,Celta,2,2,D,2.58,3.05,2.88
2025/2026,LaLiga,14/02/2026,15:15,Getafe,Villarreal,2,1,H,3.05,2.84,2.61
2025/2026,LaLiga,14/02/2026,17:30,Sevilla,Alaves,1,1,D,2.1,3.05,3.92
2025/2026,LaLiga,14/02/2026,20:00,Real Madrid,Sociedad,4,1,H,1.37,5.08,7.63
2025/2026,LaLiga,15/02/2026,13:00,Oviedo,Ath Bilbao,1,2,A,3.28,2.93,2.42
2025/2026,LaLiga,15/02/2026,15:15,Vallecano,Ath Madrid,3,0,H,4.55,3.58,1.78
2025/2026,LaLiga,15/02/2026,17:30,Levante,Valencia,0,2,A,2.69,3.14,2.7
2025/2026,LaLiga,15/02/2026,20:00,Mallorca,Betis,1,2,A,3,3.15,2.44
2025/2026,LaLiga,16/02/2026,20:00,Girona,Barcelona,2,1,H,7.79,5.66,1.32
2025/2026,LaLiga,18/02/2026,19:00,Levante,Villarreal,0,1,A,3.97,3.64,1.86
2025/2026,LaLiga,20/02/2026,20:00,Ath Bilbao,Elche,2,1,H,1.7,3.7,4.96
2025/2026,LaLiga,21/02/2026,13:00,Sociedad,Oviedo,3,3,D,1.53,3.9,6.63
2025/2026,LaLiga,21/02/2026,15:15,Betis,Vallecano,1,1,D,1.91,3.45,4.06
2025/2026,LaLiga,21/02/2026,17:30,Osasuna,Real Madrid,2,1,H,4.62,3.94,1.69
2025/2026,LaLiga,21/02/2026,20:00,Ath Madrid,Espanol,4,2,H,1.41,4.54,7.5
2025/2026,LaLiga,22/02/2026,13:00,Getafe,Sevilla,0,1,A,2.33,2.8,3.62
2025/2026,LaLiga,22/02/2026,15:15,Barcelona,Levante,3,0,H,1.1,10.34,17.85
2025/2026,LaLiga,22/02/2026,17:30,Celta,Mallorca,2,0,H,1.78,3.48,4.73
2025/2026,LaLiga,22/02/2026,20:00,Villarreal,Valencia,2,1,H,1.67,3.87,4.89
2025/2026,LaLiga,23/02/2026,20:00,Alaves,Girona,2,2,D,2.38,3.04,3.23
2025/2026,LaLiga,27/02/2026,20:00,Levante,Alaves,2,0,H,2.69,3.05,2.77
2025/2026,LaLiga,28/02/2026,13:00,Vallecano,Ath Bilbao,1,1,D,2.43,3.05,3.1
2025/2026,LaLiga,28/02/2026,15:15,Barcelona,Villarreal,4,1,H,1.37,5.54,6.51
2025/2026,LaLiga,28/02/2026,17:30,Mallorca,Sociedad,0,1,A,3.04,3.22,2.36
2025/2026,LaLiga,28/02/2026,20:00,Oviedo,Ath Madrid,0,1,A,4.72,3.53,1.77
2025/2026,LaLiga,01/03/2026,13:00,Elche,Espanol,2,2,D,2.4,3.27,2.94
2025/2026,LaLiga,01/03/2026,15:15,Valencia,Osasuna,1,0,H,2.4,3.11,3.09
2025/2026,LaLiga,01/03/2026,17:30,Betis,Sevilla,2,2,D,1.74,3.65,4.74
2025/2026,LaLiga,01/03/2026,20:00,Girona,Celta,1,2,A,2.41,3.24,2.96
2025/2026,LaLiga,02/03/2026,20:00,Real Madrid,Getafe,0,1,A,1.39,4.4,8.67
2025/2026,LaLiga,04/03/2026,18:00,Vallecano,Oviedo,3,0,H,1.73,3.52,5.02
2025/2026,LaLiga,06/03/2026,20:00,Celta,Real Madrid,1,2,A,2.97,3.28,2.37
2025/2026,LaLiga,07/03/2026,13:00,Osasuna,Mallorca,2,2,D,1.89,3.37,4.23
2025/2026,LaLiga,07/03/2026,15:15,Levante,Girona,1,1,D,2.7,3.31,2.56
2025/2026,LaLiga,07/03/2026,17:30,Ath Madrid,Sociedad,3,2,H,1.63,3.97,5.12
2025/2026,LaLiga,07/03/2026,20:00,Ath Bilbao,Barcelona,0,1,A,4.63,4.27,1.64
2025/2026,LaLiga,08/03/2026,13:00,Villarreal,Elche,2,1,H,1.45,4.59,6.58
2025/2026,LaLiga,08/03/2026,15:15,Getafe,Betis,2,0,H,2.72,2.77,3.01
2025/2026,LaLiga,08/03/2026,17:30,Sevilla,Vallecano,1,1,D,2.53,3.03,2.98
2025/2026,LaLiga,08/03/2026,20:00,Valencia,Alaves,3,2,H,2.08,3.07,3.91
2025/2026,LaLiga,09/03/2026,20:00,Espanol,Oviedo,1,1,D,1.94,3.25,4.17
2025/2026,LaLiga,13/03/2026,20:00,Alaves,Villarreal,1,1,D,3.41,3.39,2.1
2025/2026,LaLiga,14/03/2026,13:00,Girona,Ath Bilbao,3,0,H,2.8,3.28,2.49
2025/2026,LaLiga,14/03/2026,15:15,Ath Madrid,Getafe,1,0,H,1.64,3.46,6.1
2025/2026,LaLiga,14/03/2026,17:30,Oviedo,Valencia,1,0,H,2.8,3.12,2.59
2025/2026,LaLiga,14/03/2026,20:00,Real Madrid,Elche,4,1,H,1.27,5.93,9.32
2025/2026,LaLiga,15/03/2026,13:00,Mallorca,Espanol,2,1,H,2.43,3.09,3.04
2025/2026,LaLiga,15/03/2026,15:15,Barcelona,Sevilla,5,2,H,1.28,5.87,9.28
2025/2026,LaLiga,15/03/2026,17:30,Betis,Celta,1,1,D,2.02,3.32,3.73
2025/2026,LaLiga,15/03/2026,20:00,Sociedad,Osasuna,3,1,H,1.91,3.53,3.89
2025/2026,LaLiga,16/03/2026,20:00,Vallecano,Levante,1,1,D,1.8,3.55,4.45
2025/2026,LaLiga,20/03/2026,20:00,Villarreal,Sociedad,3,1,H,1.92,3.62,3.74
2025/2026,LaLiga,21/03/2026,13:00,Elche,Mallorca,2,1,H,2.05,3.37,3.55
2025/2026,LaLiga,21/03/2026,15:15,Espanol,Getafe,1,2,A,2.46,2.83,3.29
2025/2026,LaLiga,21/03/2026,17:30,Levante,Oviedo,4,2,H,2.29,3.19,3.18
2025/2026,LaLiga,21/03/2026,17:30,Osasuna,Girona,1,0,H,2.01,3.48,3.56
2025/2026,LaLiga,21/03/2026,20:00,Sevilla,Valencia,0,2,A,2.18,3.14,3.48
2025/2026,LaLiga,22/03/2026,13:00,Barcelona,Vallecano,1,0,H,1.2,7.1,11.1
2025/2026,LaLiga,22/03/2026,15:15,Celta,Alaves,3,4,A,1.95,3.25,4.17
2025/2026,LaLiga,22/03/2026,17:30,Ath Bilbao,Betis,2,1,H,2,3.48,3.61
2025/2026,LaLiga,22/03/2026,20:00,Real Madrid,Ath Madrid,3,2,H,2,3.8,3.32
2025/2026,LaLiga,03/04/2026,20:00,Vallecano,Elche,1,0,H,1.71,3.76,4.68
2025/2026,LaLiga,04/04/2026,13:00,Sociedad,Levante,2,0,H,1.57,4.24,5.24
2025/2026,LaLiga,04/04/2026,15:15,Mallorca,Real Madrid,2,1,H,5.41,4.41,1.53
2025/2026,LaLiga,04/04/2026,17:30,Betis,Espanol,0,0,D,1.78,3.72,4.34
2025/2026,LaLiga,04/04/2026,20:00,Ath Madrid,Barcelona,1,2,A,3.21,3.98,1.99
2025/2026,LaLiga,05/04/2026,13:00,Getafe,Ath Bilbao,2,0,H,3.27,2.84,2.48
2025/2026,LaLiga,05/04/2026,15:15,Valencia,Celta,2,3,A,2.33,3.22,3.11
2025/2026,LaLiga,05/04/2026,17:30,Oviedo,Sevilla,1,0,H,2.79,2.93,2.75
2025/2026,LaLiga,05/04/2026,20:00,Alaves,Osasuna,2,2,D,2.68,3.1,2.73
2025/2026,LaLiga,06/04/2026,20:00,Girona,Villarreal,1,0,H,2.93,3.53,2.3
2025/2026,LaLiga,10/04/2026,20:00,Real Madrid,Girona,1,1,D,1.32,5.79,7.91
2025/2026,LaLiga,11/04/2026,13:00,Sociedad,Alaves,3,3,D,1.82,3.59,4.23
2025/2026,LaLiga,11/04/2026,15:15,Elche,Valencia,1,0,H,2.59,3.38,2.62
2025/2026,LaLiga,11/04/2026,17:30,Barcelona,Espanol,4,1,H,1.3,5.64,8.46
2025/2026,LaLiga,11/04/2026,20:00,Sevilla,Ath Madrid,2,1,H,2.23,3.46,3.12
2025/2026,LaLiga,12/04/2026,13:00,Osasuna,Betis,1,1,D,2.25,3.37,3.1
2025/2026,LaLiga,12/04/2026,15:15,Mallorca,Vallecano,3,0,H,2.4,3.26,2.95
2025/2026,LaLiga,12/04/2026,17:30,Celta,Oviedo,0,3,A,1.72,3.52,4.94
2025/2026,LaLiga,12/04/2026,20:00,Ath Bilbao,Villarreal,1,2,A,2.03,3.46,3.55
2025/2026,LaLiga,13/04/2026,20:00,Levante,Getafe,1,0,H,2.61,2.95,2.94
2025/2026,LaLiga,21/04/2026,18:00,Ath Bilbao,Osasuna,1,0,H,1.84,3.42,4.37
2025/2026,LaLiga,21/04/2026,18:00,Mallorca,Valencia,1,1,D,2.62,3.14,2.76
2025/2026,LaLiga,21/04/2026,20:30,Girona,Betis,2,3,A,2.4,3.32,2.89
2025/2026,LaLiga,21/04/2026,20:30,Real Madrid,Alaves,2,1,H,1.2,7.26,11.65
2025/2026,LaLiga,22/04/2026,18:00,Elche,Ath Madrid,3,2,H,2.43,3.61,2.7
2025/2026,LaLiga,22/04/2026,19:00,Sociedad,Getafe,0,1,A,2.21,3.02,3.58
2025/2026,LaLiga,22/04/2026,20:30,Barcelona,Celta,1,0,H,1.22,6.88,10.23
2025/2026,LaLiga,23/04/2026,18:00,Levante,Sevilla,2,0,H,2.41,3.17,2.99
2025/2026,LaLiga,23/04/2026,19:00,Vallecano,Espanol,1,0,H,2.07,3.29,3.58
2025/2026,LaLiga,23/04/2026,20:30,Oviedo,Villarreal,1,1,D,3.19,3.29,2.23
2025/2026,LaLiga,24/04/2026,20:00,Betis,Real Madrid,1,1,D,3.54,3.98,1.88
2025/2026,LaLiga,25/04/2026,13:00,Alaves,Mallorca,2,1,H,2.03,3.29,3.65
2025/2026,LaLiga,25/04/2026,15:15,Getafe,Barcelona,0,2,A,5.59,3.84,1.59
2025/2026,LaLiga,25/04/2026,17:30,Valencia,Girona,2,1,H,2.26,3.22,3.19
2025/2026,LaLiga,25/04/2026,20:00,Ath Madrid,Ath Bilbao,3,2,H,2.03,3.53,3.44
2025/2026,LaLiga,26/04/2026,13:00,Vallecano,Sociedad,3,3,D,2.59,3.37,2.61
2025/2026,LaLiga,26/04/2026,15:15,Oviedo,Elche,1,2,A,2.24,3.23,3.23
2025/2026,LaLiga,26/04/2026,17:30,Osasuna,Sevilla,2,1,H,1.9,3.33,4.18
2025/2026,LaLiga,26/04/2026,20:00,Villarreal,Celta,2,1,H,1.89,3.64,3.83
2025/2026,LaLiga,27/04/2026,20:00,Espanol,Levante,0,0,D,2.11,3.3,3.47
2025/2026,LaLiga,01/05/2026,20:00,Girona,Mallorca,0,1,A,1.91,3.49,3.91
2025/2026,LaLiga,02/05/2026,13:00,Villarreal,Levante,5,1,H,1.73,4.09,4.04
2025/2026,LaLiga,02/05/2026,15:15,Valencia,Ath Madrid,0,2,A,1.69,3.82,4.67
2025/2026,LaLiga,02/05/2026,17:30,Alaves,Ath Bilbao,2,4,A,2.74,3.22,2.56
2025/2026,LaLiga,02/05/2026,20:00,Osasuna,Barcelona,1,2,A,4.67,4.16,1.64
2025/2026,LaLiga,03/05/2026,13:00,Celta,Elche,3,1,H,1.69,3.86,4.62
2025/2026,LaLiga,03/05/2026,15:15,Getafe,Vallecano,0,2,A,2.02,3.03,4.15
2025/2026,LaLiga,03/05/2026,17:30,Betis,Oviedo,3,0,H,1.54,4.1,5.85
2025/2026,LaLiga,03/05/2026,20:00,Espanol,Real Madrid,0,2,A,4.31,3.8,1.75
2025/2026,LaLiga,04/05/2026,20:00,Sevilla,Sociedad,1,0,H,2.37,3.19,3.03
2025/2026,LaLiga,08/05/2026,20:00,Levante,Osasuna,3,2,H,2.53,3.24,2.76
2025/2026,LaLiga,09/05/2026,13:00,Elche,Alaves,1,1,D,2.23,3.21,3.27
2025/2026,LaLiga,09/05/2026,15:15,Sevilla,Espanol,2,1,H,1.98,3.16,4.13
2025/2026,LaLiga,09/05/2026,17:30,Ath Madrid,Celta,0,1,A,1.84,3.7,3.98
2025/2026,LaLiga,09/05/2026,20:00,Sociedad,Betis,2,2,D,2.5,3.49,2.64
2025/2026,LaLiga,10/05/2026,13:00,Mallorca,Villarreal,1,1,D,2.43,3.41,2.75
2025/2026,LaLiga,10/05/2026,15:15,Ath Bilbao,Valencia,0,1,A,1.65,3.71,5.29
2025/2026,LaLiga,10/05/2026,17:30,Oviedo,Getafe,0,0,D,2.78,2.83,2.83
2025/2026,LaLiga,10/05/2026,20:00,Barcelona,Real Madrid,2,0,H,1.64,4.6,4.18
2025/2026,LaLiga,11/05/2026,20:00,Vallecano,Girona,1,1,D,2.22,3.24,3.25
2025/2026,LaLiga,12/05/2026,18:00,Celta,Levante,2,3,A,1.89,3.68,3.82
2025/2026,LaLiga,12/05/2026,19:00,Betis,Elche,2,1,H,1.6,4.15,4.95
2025/2026,LaLiga,12/05/2026,20:30,Osasuna,Ath Madrid,1,2,A,2.59,3.44,2.58
2025/2026,LaLiga,13/05/2026,18:00,Espanol,Ath Bilbao,2,0,H,2.74,2.91,2.75
2025/2026,LaLiga,13/05/2026,18:00,Villarreal,Sevilla,2,3,A,2.07,3.33,3.46
2025/2026,LaLiga,13/05/2026,20:30,Alaves,Barcelona,1,0,H,2.98,3.69,2.15
2025/2026,LaLiga,13/05/2026,20:30,Getafe,Mallorca,3,1,H,2.29,2.88,3.48
2025/2026,LaLiga,14/05/2026,18:00,Valencia,Vallecano,1,1,D,2.27,3.05,3.31
2025/2026,LaLiga,14/05/2026,19:00,Girona,Sociedad,1,1,D,1.91,3.67,3.65
2025/2026,LaLiga,14/05/2026,20:30,Real Madrid,Oviedo,2,0,H,1.21,6.51,11.28
2025/2026,LaLiga,17/05/2026,18:00,Ath Bilbao,Celta,1,1,D,2.13,3.15,3.52
2025/2026,LaLiga,17/05/2026,18:00,Ath Madrid,Girona,1,0,H,1.78,3.83,4.07
2025/2026,LaLiga,17/05/2026,18:00,Elche,Getafe,1,0,H,2.3,2.87,3.48
2025/2026,LaLiga,17/05/2026,18:00,Levante,Mallorca,2,0,H,2.05,3.39,3.49
2025/2026,LaLiga,17/05/2026,18:00,Osasuna,Espanol,1,2,A,2.11,2.9,3.96
2025/2026,LaLiga,17/05/2026,18:00,Oviedo,Alaves,0,1,A,3.71,3.18,2.04
2025/2026,LaLiga,17/05/2026,18:00,Sevilla,Real Madrid,0,1,A,3.45,3.68,1.96
2025/2026,LaLiga,17/05/2026,18:00,Sociedad,Valencia,3,4,A,2.37,3.19,2.99
2025/2026,LaLiga,17/05/2026,18:00,Vallecano,Villarreal,2,0,H,1.96,3.55,3.58
2025/2026,LaLiga,17/05/2026,20:15,Barcelona,Betis,3,1,H,1.32,5.67,7.3
2025/2026,LaLiga,23/05/2026,20:00,Alaves,Vallecano,1,2,A,2.11,3.27,3.45
2025/2026,LaLiga,23/05/2026,20:00,Betis,Levante,2,1,H,2.29,3.43,2.91
2025/2026,LaLiga,23/05/2026,20:00,Celta,Sevilla,1,0,H,1.85,3.37,4.34
2025/2026,LaLiga,23/05/2026,20:00,Espanol,Sociedad,1,1,D,2.38,3.49,2.77
2025/2026,LaLiga,23/05/2026,20:00,Getafe,Osasuna,1,0,H,2.91,2.55,2.99
2025/2026,LaLiga,23/05/2026,20:00,Girona,Elche,1,1,D,1.77,3.73,4.21
2025/2026,LaLiga,23/05/2026,20:00,Mallorca,Oviedo,3,0,H,1.45,4.34,6.78
2025/2026,LaLiga,23/05/2026,20:00,Real Madrid,Ath Bilbao,4,2,H,1.52,4.6,5.18
2025/2026,LaLiga,23/05/2026,20:00,Valencia,Barcelona,3,1,H,3.34,3.98,1.92
2025/2026,LaLiga,24/05/2026,20:00,Villarreal,Ath Madrid,5,1,H,2.46,3.79,2.5
