fixture_key,competition,season,split,source_date,source_time,source_time_semantics,kickoff_utc,kickoff_utc_status,home_team,away_team,home_goals,away_goals,result,outcome_usage,avg_close_home,avg_close_draw,avg_close_away,close_source_class,open_price_status,goldbet_status,source_row_sha256,home_elo_pre,away_elo_pre,elo_diff,form_ppg_diff,goal_balance_diff,venue_ppg_diff,opponent_elo_diff,home_prior_matches,away_prior_matches,same_date_information_used
b9b4a9d40189e23722b1d0b0,LaLiga,2022/2023,DEVELOPMENT,2022-08-12,20:00,MATCH_KICKOFF_TIME_TIMEZONE_NOT_STATED_BY_SOURCE,,NOT_VERIFIED_DO_NOT_INFER,Osasuna,Sevilla,2,1,H,EVALUATION_ONLY_JOIN_AFTER_PREMATCH_FEATURE_FREEZE,3.2,3.04,2.5,EXTERNAL_HISTORICAL_MARKET_BENCHMARK,NOT_AVAILABLE,NOT_GOLDBET,cf1c90fec1cd7cacfdf2bc064df7df4072875b2404f88a7c929c92230d9ec60d,1500.0,1500.0,0.0,,,,,0,0,False
1edc44d1c8f510afd578d2f2,LaLiga,2022/2023,DEVELOPMENT,2022-08-13,16:00,MATCH_KICKOFF_TIME_TIMEZONE_NOT_STATED_BY_SOURCE,,NOT_VERIFIED_DO_NOT_INFER,Celta,Espanol,2,2,D,EVALUATION_ONLY_JOIN_AFTER_PREMATCH_FEATURE_FREEZE,1.78,3.58,5,EXTERNAL_HISTORICAL_MARKET_BENCHMARK,NOT_AVAILABLE,NOT_GOLDBET,851f2250406a93572fe318cbe9c02ca77df3562202179a819dd7d21ad10b2f75,1500.0,1500.0,0.0,,,,,0,0,False
1142c9d503d78e9f6c5c602f,LaLiga,2022/2023,DEVELOPMENT,2022-08-13,18:00,MATCH_KICKOFF_TIME_TIMEZONE_NOT_STATED_BY_SOURCE,,NOT_VERIFIED_DO_NOT_INFER,Valladolid,Villarreal,0,3,A,EVALUATION_ONLY_JOIN_AFTER_PREMATCH_FEATURE_FREEZE,3.45,3.39,2.19,EXTERNAL_HISTORICAL_MARKET_BENCHMARK,NOT_AVAILABLE,NOT_GOLDBET,0ba0656fbdd1c1c206170179e75093517b44ee5e772a789972ed2db687c56eba,1500.0,1500.0,0.0,,,,,0,0,False
fcb2262fb6bcf8b0c12e81b3,LaLiga,2022/2023,DEVELOPMENT,2022-08-13,20:00,MATCH_KICKOFF_TIME_TIMEZONE_NOT_STATED_BY_SOURCE,,NOT_VERIFIED_DO_NOT_INFER,Barcelona,Vallecano,0,0,D,EVALUATION_ONLY_JOIN_AFTER_PREMATCH_FEATURE_FREEZE,1.22,6.82,13.42,EXTERNAL_HISTORICAL_MARKET_BENCHMARK,NOT_AVAILABLE,NOT_GOLDBET,166422ab177da26f5bcc3f483b8b86169dc942ad8854def50fc0d4f10fbc5b4f,1500.0,1500.0,0.0,,,,,0,0,False
a3a333002f11abf4461f261b,LaLiga,2022/2023,DEVELOPMENT,2022-08-14,16:30,MATCH_KICKOFF_TIME_TIMEZONE_NOT_STATED_BY_SOURCE,,NOT_VERIFIED_DO_NOT_INFER,Cadiz,Sociedad,0,1,A,EVALUATION_ONLY_JOIN_AFTER_PREMATCH_FEATURE_FREEZE,3.8,3.07,2.2,EXTERNAL_HISTORICAL_MARKET_BENCHMARK,NOT_AVAILABLE,NOT_GOLDBET,5841229c6eec26dd99cc6352f5e078df5c4325458ce16e49d58e838410785ea2,1500.0,1500.0,0.0,,,,,0,0,False
ce2b14e8cb58e3eef930eef3,LaLiga,2022/2023,DEVELOPMENT,2022-08-14,18:30,MATCH_KICKOFF_TIME_TIMEZONE_NOT_STATED_BY_SOURCE,,NOT_VERIFIED_DO_NOT_INFER,Valencia,Girona,1,0,H,EVALUATION_ONLY_JOIN_AFTER_PREMATCH_FEATURE_FREEZE,1.9,3.51,4.3,EXTERNAL_HISTORICAL_MARKET_BENCHMARK,NOT_AVAILABLE,NOT_GOLDBET,30ebc81f90c14985b2ec672c21062746fad18e5dbeab23aeaa5b0ed5a248a2b0,1500.0,1500.0,0.0,,,,,0,0,False
6457da88eb92c3a032d01ce9,LaLiga,2022/2023,DEVELOPMENT,2022-08-14,21:00,MATCH_KICKOFF_TIME_TIMEZONE_NOT_STATED_BY_SOURCE,,NOT_VERIFIED_DO_NOT_INFER,Almeria,Real Madrid,1,2,A,EVALUATION_ONLY_JOIN_AFTER_PREMATCH_FEATURE_FREEZE,6.93,4.94,1.44,EXTERNAL_HISTORICAL_MARKET_BENCHMARK,NOT_AVAILABLE,NOT_GOLDBET,d45666b92fdeb020ed46a9c5777153c4305fb6d99b248d41f97986753d749370,1500.0,1500.0,0.0,,,,,0,0,False
71f59e92874ffe1ad1713531,LaLiga,2022/2023,DEVELOPMENT,2022-08-15,16:30,MATCH_KICKOFF_TIME_TIMEZONE_NOT_STATED_BY_SOURCE,,NOT_VERIFIED_DO_NOT_INFER,Ath Bilbao,Mallorca,0,0,D,EVALUATION_ONLY_JOIN_AFTER_PREMATCH_FEATURE_FREEZE,1.57,3.94,6.55,EXTERNAL_HISTORICAL_MARKET_BENCHMARK,NOT_AVAILABLE,NOT_GOLDBET,d8e738b1bf51e96ea3afef2a5648e78520ca20c1a7dbfed631b9340f1bdf47a7,1500.0,1500.0,0.0,,,,,0,0,False
ac14238abaf8497ddf5cd139,LaLiga,2022/2023,DEVELOPMENT,2022-08-15,18:30,MATCH_KICKOFF_TIME_TIMEZONE_NOT_STATED_BY_SOURCE,,NOT_VERIFIED_DO_NOT_INFER,Getafe,Ath Madrid,0,3,A,EVALUATION_ONLY_JOIN_AFTER_PREMATCH_FEATURE_FREEZE,5.53,3.1,1.86,EXTERNAL_HISTORICAL_MARKET_BENCHMARK,NOT_AVAILABLE,NOT_GOLDBET,6ee0f52d5629686d05ef80f1fe0f85e8cb3a652ed8c12a39878d8effa086a13d,1500.0,1500.0,0.0,,,,,0,0,False
03c7a201548a775107b78edc,LaLiga,2022/2023,DEVELOPMENT,2022-08-15,20:30,MATCH_KICKOFF_TIME_TIMEZONE_NOT_STATED_BY_SOURCE,,NOT_VERIFIED_DO_NOT_INFER,Betis,Elche,3,0,H,EVALUATION_ONLY_JOIN_AFTER_PREMATCH_FEATURE_FREEZE,1.58,4.06,6.06,EXTERNAL_HISTORICAL_MARKET_BENCHMARK,NOT_AVAILABLE,NOT_GOLDBET,912dc35975843e788c8b0fc4f9981598c8cb6b26e899f6fd01bd38dd650f1ce0,1500.0,1500.0,0.0,,,,,0,0,False
78a541565d23b39c9255ceaa,LaLiga,2022/2023,DEVELOPMENT,2022-08-19,19:00,MATCH_KICKOFF_TIME_TIMEZONE_NOT_STATED_BY_SOURCE,,NOT_VERIFIED_DO_NOT_INFER,Espanol,Vallecano,0,2,A,EVALUATION_ONLY_JOIN_AFTER_PREMATCH_FEATURE_FREEZE,2.6,3.01,3.08,EXTERNAL_HISTORICAL_MARKET_BENCHMARK,NOT_AVAILABLE,NOT_GOLDBET,049b6d704e1cae08ac49a5c41bd5e00558d599cc997233edc00a579664471699,1501.7099735734362,1501.7099735734362,0.0,0.0,0.0,,0.0,1,1,False
5690b065e23ce2bd50f7a94e,LaLiga,2022/2023,DEVELOPMENT,2022-08-19,21:00,MATCH_KICKOFF_TIME_TIMEZONE_NOT_STATED_BY_SOURCE,,NOT_VERIFIED_DO_NOT_INFER,Sevilla,Valladolid,1,1,D,EVALUATION_ONLY_JOIN_AFTER_PREMATCH_FEATURE_FREEZE,1.54,4.16,6.58,EXTERNAL_HISTORICAL_MARKET_BENCHMARK,NOT_AVAILABLE,NOT_GOLDBET,ce01be302223dde6f990b275f65a10b783fce5f82cff11b57848dfb963eafc77,1491.7099735734362,1488.2900264265638,3.419947146872346,0.0,2.0,,0.0,1,1,False
5a74e6d90f7151a0db679640,LaLiga,2022/2023,DEVELOPMENT,2022-08-20,16:30,MATCH_KICKOFF_TIME_TIMEZONE_NOT_STATED_BY_SOURCE,,NOT_VERIFIED_DO_NOT_INFER,Osasuna,Cadiz,2,0,H,EVALUATION_ONLY_JOIN_AFTER_PREMATCH_FEATURE_FREEZE,1.92,3.27,4.58,EXTERNAL_HISTORICAL_MARKET_BENCHMARK,NOT_AVAILABLE,NOT_GOLDBET,57337595cb88f4e9dc69f942a66d918591b93ef2b172d6be6e8ed47214ee66dc,1508.2900264265638,1488.2900264265638,20.0,3.0,2.0,,0.0,1,1,False
d76e2504f840e0d6c2f731bb,LaLiga,2022/2023,DEVELOPMENT,2022-08-20,18:30,MATCH_KICKOFF_TIME_TIMEZONE_NOT_STATED_BY_SOURCE,,NOT_VERIFIED_DO_NOT_INFER,Mallorca,Betis,1,2,A,EVALUATION_ONLY_JOIN_AFTER_PREMATCH_FEATURE_FREEZE,3.25,3.2,2.36,EXTERNAL_HISTORICAL_MARKET_BENCHMARK,NOT_AVAILABLE,NOT_GOLDBET,bd8a071cd4192c222531f5199c072660f26768f4d1e1059617965630924cf07b,1501.7099735734362,1508.2900264265638,-6.580052853127654,-2.0,-3.0,,0.0,1,1,False
bf3652c65bd8f202255fba86,LaLiga,2022/2023,DEVELOPMENT,2022-08-20,21:00,MATCH_KICKOFF_TIME_TIMEZONE_NOT_STATED_BY_SOURCE,,NOT_VERIFIED_DO_NOT_INFER,Celta,Real Madrid,1,4,A,EVALUATION_ONLY_JOIN_AFTER_PREMATCH_FEATURE_FREEZE,5.1,4.16,1.65,EXTERNAL_HISTORICAL_MARKET_BENCHMARK,NOT_AVAILABLE,NOT_GOLDBET,1ed94a04c17f13950a466eaa674906147c9c70c5604469ea0b3bd2d50b99a37f,1498.2900264265638,1511.7099735734362,-13.419947146872346,-2.0,-1.0,-2.0,0.0,1,1,False
dc354b106ce88a6c11a1fe8d,LaLiga,2022/2023,DEVELOPMENT,2022-08-21,16:30,MATCH_KICKOFF_TIME_TIMEZONE_NOT_STATED_BY_SOURCE,,NOT_VERIFIED_DO_NOT_INFER,Ath Bilbao,Valencia,1,0,H,EVALUATION_ONLY_JOIN_AFTER_PREMATCH_FEATURE_FREEZE,1.69,3.7,5.54,EXTERNAL_HISTORICAL_MARKET_BENCHMARK,NOT_AVAILABLE,NOT_GOLDBET,d74e2113d61fe2e8a5f352a87dad304f7fbd2a59245987695994a06d78ad58fe,1498.2900264265638,1508.2900264265638,-10.0,-2.0,-1.0,,0.0,1,1,False
b853f27ca57eebf6e7a2ae32,LaLiga,2022/2023,DEVELOPMENT,2022-08-21,18:30,MATCH_KICKOFF_TIME_TIMEZONE_NOT_STATED_BY_SOURCE,,NOT_VERIFIED_DO_NOT_INFER,Ath Madrid,Villarreal,0,2,A,EVALUATION_ONLY_JOIN_AFTER_PREMATCH_FEATURE_FREEZE,1.92,3.42,4.4,EXTERNAL_HISTORICAL_MARKET_BENCHMARK,NOT_AVAILABLE,NOT_GOLDBET,c885380703f3df34caee796941b7fa997224ee9656cd5cbf59bca94f499e4b9f,1511.7099735734362,1511.7099735734362,0.0,0.0,0.0,,0.0,1,1,False
76dffbf4da42f1d618c547f8,LaLiga,2022/2023,DEVELOPMENT,2022-08-21,21:00,MATCH_KICKOFF_TIME_TIMEZONE_NOT_STATED_BY_SOURCE,,NOT_VERIFIED_DO_NOT_INFER,Sociedad,Barcelona,1,4,A,EVALUATION_ONLY_JOIN_AFTER_PREMATCH_FEATURE_FREEZE,3.62,3.49,2.08,EXTERNAL_HISTORICAL_MARKET_BENCHMARK,NOT_AVAILABLE,NOT_GOLDBET,3159f2145fd676abdbfac2b1abc04e33a0613e328f27e9660ee29a09a78451c0,1511.7099735734362,1498.2900264265638,13.419947146872346,2.0,1.0,,0.0,1,1,False
3493b0db280ea61e59427b19,LaLiga,2022/2023,DEVELOPMENT,2022-08-22,19:00,MATCH_KICKOFF_TIME_TIMEZONE_NOT_STATED_BY_SOURCE,,NOT_VERIFIED_DO_NOT_INFER,Elche,Almeria,1,1,D,EVALUATION_ONLY_JOIN_AFTER_PREMATCH_FEATURE_FREEZE,2.38,3.22,3.21,EXTERNAL_HISTORICAL_MARKET_BENCHMARK,NOT_AVAILABLE,NOT_GOLDBET,c73f0bcee590a43c0a94d17d34e3c528e078d8a39ed1549a35c3e3aaf147464d,1491.7099735734362,1488.2900264265638,3.419947146872346,0.0,-2.0,,0.0,1,1,False
e6de9cb575606ea695fb8075,LaLiga,2022/2023,DEVELOPMENT,2022-08-22,21:00,MATCH_KICKOFF_TIME_TIMEZONE_NOT_STATED_BY_SOURCE,,NOT_VERIFIED_DO_NOT_INFER,Girona,Getafe,3,1,H,EVALUATION_ONLY_JOIN_AFTER_PREMATCH_FEATURE_FREEZE,2.37,2.88,3.67,EXTERNAL_HISTORICAL_MARKET_BENCHMARK,NOT_AVAILABLE,NOT_GOLDBET,5456f485de84db5ae4e49e56d95e166101fc681db7f31af0983a75acc2e84017,1491.7099735734362,1488.2900264265638,3.419947146872346,0.0,2.0,,0.0,1,1,False
fb3541939b6c41763545f4f2,LaLiga,2022/2023,DEVELOPMENT,2022-08-26,19:00,MATCH_KICKOFF_TIME_TIMEZONE_NOT_STATED_BY_SOURCE,,NOT_VERIFIED_DO_NOT_INFER,Girona,Celta,0,1,A,EVALUATION_ONLY_JOIN_AFTER_PREMATCH_FEATURE_FREEZE,2.79,3.1,2.76,EXTERNAL_HISTORICAL_MARKET_BENCHMARK,NOT_AVAILABLE,NOT_GOLDBET,cd629f35236594ccddc377c56c37372d5a7f565016c4cc9ef1def1b498723ad5,1499.904607872375,1486.957319993394,12.947287878980887,1.0,2.0,,-11.7099735734364,2,2,False
f43cf6a3cbd64099933ea2b5,LaLiga,2022/2023,DEVELOPMENT,2022-08-26,21:00,MATCH_KICKOFF_TIME_TIMEZONE_NOT_STATED_BY_SOURCE,,NOT_VERIFIED_DO_NOT_INFER,Betis,Osasuna,1,0,H,EVALUATION_ONLY_JOIN_AFTER_PREMATCH_FEATURE_FREEZE,1.85,3.58,4.51,EXTERNAL_HISTORICAL_MARKET_BENCHMARK,NOT_AVAILABLE,NOT_GOLDBET,c8b7b3903eeac03aa1b0d94bf3ff251dad530a736635603fa09e956de997d2df,1519.8155733950034,1516.0272900235009,3.78828337150253,0.0,0.5,,6.7099735734364,2,2,False
1740656a92c918247e597610,LaLiga,2022/2023,DEVELOPMENT,2022-08-27,16:30,MATCH_KICKOFF_TIME_TIMEZONE_NOT_STATED_BY_SOURCE,,NOT_VERIFIED_DO_NOT_INFER,Elche,Sociedad,0,1,A,EVALUATION_ONLY_JOIN_AFTER_PREMATCH_FEATURE_FREEZE,3.84,3.29,2.09,EXTERNAL_HISTORICAL_MARKET_BENCHMARK,NOT_AVAILABLE,NOT_GOLDBET,52b256e6969fef3b379b55fe4f5250ff17d61714a7e565c9d607081e1798894a,1489.904607872375,1499.6276813344298,-9.7230734620548,-1.0,-0.5,-2.0,-5.0,2,2,False
cdd8d415d7803c2556144eec,LaLiga,2022/2023,DEVELOPMENT,2022-08-27,18:30,MATCH_KICKOFF_TIME_TIMEZONE_NOT_STATED_BY_SOURCE,,NOT_VERIFIED_DO_NOT_INFER,Vallecano,Mallorca,0,2,A,EVALUATION_ONLY_JOIN_AFTER_PREMATCH_FEATURE_FREEZE,2.05,3.26,4.03,EXTERNAL_HISTORICAL_MARKET_BENCHMARK,NOT_AVAILABLE,NOT_GOLDBET,347c89d8e7a4cf865ca95e8f59085dc3bce7dbb033814dae2e81a613d3b3b7c1,1513.4199471468723,1490.1844266049966,23.235520541875758,1.5,1.5,,-3.2900264265635997,2,2,False
f6631a66bed04b50d3fa8e6a,LaLiga,2022/2023,DEVELOPMENT,2022-08-27,21:00,MATCH_KICKOFF_TIME_TIMEZONE_NOT_STATED_BY_SOURCE,,NOT_VERIFIED_DO_NOT_INFER,Almeria,Sevilla,2,1,H,EVALUATION_ONLY_JOIN_AFTER_PREMATCH_FEATURE_FREEZE,3.52,3.34,2.18,EXTERNAL_HISTORICAL_MARKET_BENCHMARK,NOT_AVAILABLE,NOT_GOLDBET,62a4bc589cf69e2541a6fe3668e0441282f4a89e627c7776a3a55e69fbd78feb,1490.095392127625,1489.904607872375,0.19078425525003695,0.0,0.0,0.0,1.7099735734364003,2,2,False
13e8ce3adbd1cd2c5a0f4d98,LaLiga,2022/2023,DEVELOPMENT,2022-08-28,16:30,MATCH_KICKOFF_TIME_TIMEZONE_NOT_STATED_BY_SOURCE,,NOT_VERIFIED_DO_NOT_INFER,Getafe,Villarreal,0,0,D,EVALUATION_ONLY_JOIN_AFTER_PREMATCH_FEATURE_FREEZE,5.11,3.68,1.74,EXTERNAL_HISTORICAL_MARKET_BENCHMARK,NOT_AVAILABLE,NOT_GOLDBET,f430af18a2f77c74b0faaff16fa167d3f1ead9f8b99e06495aeb466307badce6,1480.095392127625,1523.4199471468723,-43.32455501924733,-3.0,-5.0,-3.0,-10.0,2,2,False
05693b1113768d3e1ce301e8,LaLiga,2022/2023,DEVELOPMENT,2022-08-28,18:30,MATCH_KICKOFF_TIME_TIMEZONE_NOT_STATED_BY_SOURCE,,NOT_VERIFIED_DO_NOT_INFER,Barcelona,Valladolid,4,0,H,EVALUATION_ONLY_JOIN_AFTER_PREMATCH_FEATURE_FREEZE,1.14,9.05,17.98,EXTERNAL_HISTORICAL_MARKET_BENCHMARK,NOT_AVAILABLE,NOT_GOLDBET,9542f2545b347ff1c2169e521fdaf921891cb10e6a29437ec881c08ba4b4a476,1510.3723186655702,1490.095392127625,20.2769265379452,1.5,3.0,0.0,10.0,2,2,False
8eea62e5ea72ae33eeb6991e,LaLiga,2022/2023,DEVELOPMENT,2022-08-28,21:00,MATCH_KICKOFF_TIME_TIMEZONE_NOT_STATED_BY_SOURCE,,NOT_VERIFIED_DO_NOT_INFER,Espanol,Real Madrid,1,3,A,EVALUATION_ONLY_JOIN_AFTER_PREMATCH_FEATURE_FREEZE,6.38,4.61,1.49,EXTERNAL_HISTORICAL_MARKET_BENCHMARK,NOT_AVAILABLE,NOT_GOLDBET,b44f6b60b09781973031a0bfe961930737c96e159a95ed3d42ee5e1a3d0e07a4,1490.0,1523.042680006606,-33.042680006605906,-2.5,-3.0,-3.0,1.7099735734364003,2,2,False
de2b772446735eb1a6197f8d,LaLiga,2022/2023,DEVELOPMENT,2022-08-29,19:00,MATCH_KICKOFF_TIME_TIMEZONE_NOT_STATED_BY_SOURCE,,NOT_VERIFIED_DO_NOT_INFER,Cadiz,Ath Bilbao,0,4,A,EVALUATION_ONLY_JOIN_AFTER_PREMATCH_FEATURE_FREEZE,3.96,3.22,2.09,EXTERNAL_HISTORICAL_MARKET_BENCHMARK,NOT_AVAILABLE,NOT_GOLDBET,da776bb878d7b0fc2e272f1fbd82c1d4466cb5790df944a845dbe8ece5f48682,1480.5527628296268,1506.8607640783962,-26.308001248769415,-2.0,-2.0,,0.0,2,2,False
a66c6cfaf7cc6cbd3919128d,LaLiga,2022/2023,DEVELOPMENT,2022-08-29,21:00,MATCH_KICKOFF_TIME_TIMEZONE_NOT_STATED_BY_SOURCE,,NOT_VERIFIED_DO_NOT_INFER,Valencia,Ath Madrid,0,1,A,EVALUATION_ONLY_JOIN_AFTER_PREMATCH_FEATURE_FREEZE,4.24,3.35,1.97,EXTERNAL_HISTORICAL_MARKET_BENCHMARK,NOT_AVAILABLE,NOT_GOLDBET,89e2bd04e924db39784ef2810e9ddb2398de43a3db15c61e5b68ee00ed7f8386,1499.7192887747315,1500.0,-0.28071122526853287,0.0,-0.5,0.0,-6.7099735734364,2,2,False
acdd22ad6002c42e49d27d96,LaLiga,2022/2023,DEVELOPMENT,2022-09-02,20:00,MATCH_KICKOFF_TIME_TIMEZONE_NOT_STATED_BY_SOURCE,,NOT_VERIFIED_DO_NOT_INFER,Celta,Cadiz,3,0,H,EVALUATION_ONLY_JOIN_AFTER_PREMATCH_FEATURE_FREEZE,1.62,3.68,6.52,EXTERNAL_HISTORICAL_MARKET_BENCHMARK,NOT_AVAILABLE,NOT_GOLDBET,34aaf8f83b6f8c97d917a8164268b40f58ade86857d356a2105303792f9e9e1c,1499.0265941966466,1469.5860575011125,29.440536695534092,1.3333333333333333,1.666666666666667,0.5,-1.1787363530497714,3,3,False
fbbf25d6d24e6f4dc8adca33,LaLiga,2022/2023,DEVELOPMENT,2022-09-03,13:00,MATCH_KICKOFF_TIME_TIMEZONE_NOT_STATED_BY_SOURCE,,NOT_VERIFIED_DO_NOT_INFER,Mallorca,Girona,1,1,D,EVALUATION_ONLY_JOIN_AFTER_PREMATCH_FEATURE_FREEZE,2.15,3.11,3.89,EXTERNAL_HISTORICAL_MARKET_BENCHMARK,NOT_AVAILABLE,NOT_GOLDBET,23d6aed62dc9c01103db6d65d3a68e1c9dd4591b0bcf8165499273dcf02c4130,1502.5353324196567,1487.8353336691225,14.699998750534178,0.33333333333333326,0.3333333333333333,0.0,15.487542384493054,3,3,False
23cea51744d10dbf29a96a3f,LaLiga,2022/2023,DEVELOPMENT,2022-09-03,15:15,MATCH_KICKOFF_TIME_TIMEZONE_NOT_STATED_BY_SOURCE,,NOT_VERIFIED_DO_NOT_INFER,Real Madrid,Betis,2,1,H,EVALUATION_ONLY_JOIN_AFTER_PREMATCH_FEATURE_FREEZE,1.37,5.32,7.7,EXTERNAL_HISTORICAL_MARKET_BENCHMARK,NOT_AVAILABLE,NOT_GOLDBET,93a58c3fe2aed69d6c6c29eee12b7143cb41e2907ea43a782b98d99c9d8caa71,1533.8170207957403,1527.999953633365,5.817067162375224,0.0,0.33333333333333326,,-9.815745723457894,3,3,False
d7c540a9749ac3b1cd7705df,LaLiga,2022/2023,DEVELOPMENT,2022-09-03,17:30,MATCH_KICKOFF_TIME_TIMEZONE_NOT_STATED_BY_SOURCE,,NOT_VERIFIED_DO_NOT_INFER,Sociedad,Ath Madrid,1,1,D,EVALUATION_ONLY_JOIN_AFTER_PREMATCH_FEATURE_FREEZE,2.95,3.08,2.66,EXTERNAL_HISTORICAL_MARKET_BENCHMARK,NOT_AVAILABLE,NOT_GOLDBET,82138b3913ee378241ea2981904907820e35c6df26baa6877d321f1177ea811e,1511.064750555645,1511.7021292187508,-0.6373786631056646,0.0,-1.0,-3.0,-7.744876016409762,3,3,False
94b00e62b9b8fa75dcddeb1d,LaLiga,2022/2023,DEVELOPMENT,2022-09-03,20:00,MATCH_KICKOFF_TIME_TIMEZONE_NOT_STATED_BY_SOURCE,,NOT_VERIFIED_DO_NOT_INFER,Sevilla,Barcelona,0,3,A,EVALUATION_ONLY_JOIN_AFTER_PREMATCH_FEATURE_FREEZE,4.9,3.89,1.72,EXTERNAL_HISTORICAL_MARKET_BENCHMARK,NOT_AVAILABLE,NOT_GOLDBET,d626780d4389e7bbf1d4f84536f4cb33e8710388bd0cad1b46452b3111ff9cb3,1481.6199115934849,1518.1020211334242,-36.4821095399393,-2.0,-3.0,-2.0,-7.806649048957752,3,3,False
22f28b082bf5be1259215f8a,LaLiga,2022/2023,DEVELOPMENT,2022-09-04,13:00,MATCH_KICKOFF_TIME_TIMEZONE_NOT_STATED_BY_SOURCE,,NOT_VERIFIED_DO_NOT_INFER,Osasuna,Vallecano,2,1,H,EVALUATION_ONLY_JOIN_AFTER_PREMATCH_FEATURE_FREEZE,2.13,3.08,3.98,EXTERNAL_HISTORICAL_MARKET_BENCHMARK,NOT_AVAILABLE,NOT_GOLDBET,0b085f27581a82d70448ba0c4946734a1af3e7ec29d5f905cdbd75083b217b77,1507.8429097851392,1501.0690413322122,6.77386845292699,0.6666666666666667,0.6666666666666666,1.0,5.403733214378008,3,3,False
3814b4a37bdcbe3665d3f308,LaLiga,2022/2023,DEVELOPMENT,2022-09-04,15:15,MATCH_KICKOFF_TIME_TIMEZONE_NOT_STATED_BY_SOURCE,,NOT_VERIFIED_DO_NOT_INFER,Ath Bilbao,Espanol,0,1,A,EVALUATION_ONLY_JOIN_AFTER_PREMATCH_FEATURE_FREEZE,1.51,4.29,6.74,EXTERNAL_HISTORICAL_MARKET_BENCHMARK,NOT_AVAILABLE,NOT_GOLDBET,3f56f2681949d1a2bdfac52876464e533899761c001c925293d9bdef17aafc4d,1517.8274694069105,1479.2256592108656,38.60181019604488,2.0,3.0,1.0,-11.969954774617463,3,3,False
7632663a834e00c522ceff92,LaLiga,2022/2023,DEVELOPMENT,2022-09-04,17:30,MATCH_KICKOFF_TIME_TIMEZONE_NOT_STATED_BY_SOURCE,,NOT_VERIFIED_DO_NOT_INFER,Villarreal,Elche,4,0,H,EVALUATION_ONLY_JOIN_AFTER_PREMATCH_FEATURE_FREEZE,1.39,4.95,8.21,EXTERNAL_HISTORICAL_MARKET_BENCHMARK,NOT_AVAILABLE,NOT_GOLDBET,c1d15b3ee05267e3380ecf1c4907b85c8fc73db76b7e4bfbfdd32970b834acb8,1523.89953683106,1478.4675386511597,45.43199817990035,2.0,3.0,,1.2958859800223763,3,3,False
d6ced86d26e7b236582e01cd,LaLiga,2022/2023,DEVELOPMENT,2022-09-04,20:00,MATCH_KICKOFF_TIME_TIMEZONE_NOT_STATED_BY_SOURCE,,NOT_VERIFIED_DO_NOT_INFER,Valencia,Getafe,5,1,H,EVALUATION_ONLY_JOIN_AFTER_PREMATCH_FEATURE_FREEZE,1.94,3.22,4.67,EXTERNAL_HISTORICAL_MARKET_BENCHMARK,NOT_AVAILABLE,NOT_GOLDBET,ed1421c5066841e7eadabf4c8d00b8b6f85e45c3dcc5b67e6b87a06b836a825b,1488.0171595559807,1479.6158024434374,8.401357112543337,0.6666666666666667,1.3333333333333335,1.5,-5.6132980979148215,3,3,False
d95cdddcc59a95b2d17bbb62,LaLiga,2022/2023,DEVELOPMENT,2022-09-05,20:00,MATCH_KICKOFF_TIME_TIMEZONE_NOT_STATED_BY_SOURCE,,NOT_VERIFIED_DO_NOT_INFER,Valladolid,Almeria,1,0,H,EVALUATION_ONLY_JOIN_AFTER_PREMATCH_FEATURE_FREEZE,2.28,3.35,3.27,EXTERNAL_HISTORICAL_MARKET_BENCHMARK,NOT_AVAILABLE,NOT_GOLDBET,31626d2dce1d7b195104dc047d23479cea28478a423bfddaaf1b8e40f902737b,1482.365689659771,1498.3800884065151,-16.014398746744064,-1.0,-2.3333333333333335,-1.0,6.822570264398337,3,3,False
87a0eaf70c4f8d23a6d56257,LaLiga,2022/2023,DEVELOPMENT,2022-09-09,20:00,MATCH_KICKOFF_TIME_TIMEZONE_NOT_STATED_BY_SOURCE,,NOT_VERIFIED_DO_NOT_INFER,Girona,Valladolid,2,1,H,EVALUATION_ONLY_JOIN_AFTER_PREMATCH_FEATURE_FREEZE,2.08,3.29,3.87,EXTERNAL_HISTORICAL_MARKET_BENCHMARK,NOT_AVAILABLE,NOT_GOLDBET,b85fd958e78c1e8fdc904195455d8fe814f32e4c3b3047f8ee64369d3a26ea5a,1489.9528440929162,1491.106402952784,-1.1535588598678714,0.0,1.5,1.0,-5.669925451476956,4,4,False
d344f3569de842a5b58066eb,LaLiga,2022/2023,DEVELOPMENT,2022-09-10,13:00,MATCH_KICKOFF_TIME_TIMEZONE_NOT_STATED_BY_SOURCE,,NOT_VERIFIED_DO_NOT_INFER,Vallecano,Valencia,2,1,H,EVALUATION_ONLY_JOIN_AFTER_PREMATCH_FEATURE_FREEZE,2.74,3.06,2.85,EXTERNAL_HISTORICAL_MARKET_BENCHMARK,NOT_AVAILABLE,NOT_GOLDBET,4e78eabcda9c8d5c130627db1259f582829d701329475684aceaab6ef63f0407,1492.967628923071,1496.0734580433243,-3.1058291202532473,-0.5,-1.0,0.0,5.457870273392473,4,4,False
1ed54324849b8155f45eb909,LaLiga,2022/2023,DEVELOPMENT,2022-09-10,15:15,MATCH_KICKOFF_TIME_TIMEZONE_NOT_STATED_BY_SOURCE,,NOT_VERIFIED_DO_NOT_INFER,Espanol,Sevilla,2,3,A,EVALUATION_ONLY_JOIN_AFTER_PREMATCH_FEATURE_FREEZE,2.55,3.18,2.97,EXTERNAL_HISTORICAL_MARKET_BENCHMARK,NOT_AVAILABLE,NOT_GOLDBET,57b6f1a0c18456e03595daf94668c80be429b0bff4ebd779aa3016747b85d90e,1491.9898324080098,1470.9440442366188,21.045788171390996,0.75,0.5,0.0,11.523170824834779,4,4,False
12b57a4ca0fbbb902d1084b5,LaLiga,2022/2023,DEVELOPMENT,2022-09-10,17:30,MATCH_KICKOFF_TIME_TIMEZONE_NOT_STATED_BY_SOURCE,,NOT_VERIFIED_DO_NOT_INFER,Cadiz,Barcelona,0,4,A,EVALUATION_ONLY_JOIN_AFTER_PREMATCH_FEATURE_FREEZE,9.22,5.24,1.34,EXTERNAL_HISTORICAL_MARKET_BENCHMARK,NOT_AVAILABLE,NOT_GOLDBET,ab247fb8aa90b451f2bad3ddc24d5919ee3e59f2c6740e3e21b4c2a2a93ab03a,1462.1049643092406,1528.7778884902903,-66.67292418104967,-2.5,-5.0,-3.0,7.688026851765244,4,4,False
3f3bdfdc37e67467af543940,LaLiga,2022/2023,DEVELOPMENT,2022-09-10,20:00,MATCH_KICKOFF_TIME_TIMEZONE_NOT_STATED_BY_SOURCE,,NOT_VERIFIED_DO_NOT_INFER,Ath Madrid,Celta,4,1,H,EVALUATION_ONLY_JOIN_AFTER_PREMATCH_FEATURE_FREEZE,1.84,3.43,4.79,EXTERNAL_HISTORICAL_MARKET_BENCHMARK,NOT_AVAILABLE,NOT_GOLDBET,49995706fdcbd4277de47adcd0009cc5a3b5ba8cfcc817cbb34fa2025bcb55b0,1513.3942884075868,1506.5076873885184,6.886601019068394,0.0,0.25,-3.0,10.323343489222452,4,4,False
a78bb50eea17bea8e68bb74e,LaLiga,2022/2023,DEVELOPMENT,2022-09-11,13:00,MATCH_KICKOFF_TIME_TIMEZONE_NOT_STATED_BY_SOURCE,,NOT_VERIFIED_DO_NOT_INFER,Real Madrid,Mallorca,4,1,H,EVALUATION_ONLY_JOIN_AFTER_PREMATCH_FEATURE_FREEZE,1.3,5.67,10.36,EXTERNAL_HISTORICAL_MARKET_BENCHMARK,NOT_AVAILABLE,NOT_GOLDBET,8f85258d409f2c2a49afd6ba6afefa50a7cd586a524f3a9adb94935a1f933dc5,1541.9449933008113,1500.417821995863,41.5271713049483,1.75,1.5,1.0,1.6861682043424935,4,4,False
6dc7ff407354b7fa61864279,LaLiga,2022/2023,DEVELOPMENT,2022-09-11,15:15,MATCH_KICKOFF_TIME_TIMEZONE_NOT_STATED_BY_SOURCE,,NOT_VERIFIED_DO_NOT_INFER,Elche,Ath Bilbao,1,4,A,EVALUATION_ONLY_JOIN_AFTER_PREMATCH_FEATURE_FREEZE,4.7,3.63,1.8,EXTERNAL_HISTORICAL_MARKET_BENCHMARK,NOT_AVAILABLE,NOT_GOLDBET,873e1c98601b7287cb1e60f55f6edc421aa7a9f7ef818e7649c67e585a394881,1471.412275355243,1505.0632962097663,-33.65102085452327,-1.5,-3.0,-2.5,10.937199031249293,4,4,False
60aa21b14b47f80cd2c5c3c8,LaLiga,2022/2023,DEVELOPMENT,2022-09-11,17:30,MATCH_KICKOFF_TIME_TIMEZONE_NOT_STATED_BY_SOURCE,,NOT_VERIFIED_DO_NOT_INFER,Getafe,Sociedad,2,1,H,EVALUATION_ONLY_JOIN_AFTER_PREMATCH_FEATURE_FREEZE,4.32,3.14,2.03,EXTERNAL_HISTORICAL_MARKET_BENCHMARK,NOT_AVAILABLE,NOT_GOLDBET,46258d031496b2b764e27ce5cbe3c305549d9ff06e1500cfdda74ca329806896,1471.5595039560937,1509.372591366809,-37.8130874107153,-1.5,-2.0,-2.5,0.8125791896497958,4,4,False
2ade36372566b88b8eb40cd5,LaLiga,2022/2023,DEVELOPMENT,2022-09-11,20:00,MATCH_KICKOFF_TIME_TIMEZONE_NOT_STATED_BY_SOURCE,,NOT_VERIFIED_DO_NOT_INFER,Betis,Villarreal,1,0,H,EVALUATION_ONLY_JOIN_AFTER_PREMATCH_FEATURE_FREEZE,2.98,3.38,2.44,EXTERNAL_HISTORICAL_MARKET_BENCHMARK,NOT_AVAILABLE,NOT_GOLDBET,d080d3af2a12cc11797c9d8af59521e141af3b15ce242f58443f7572d77bfeb0,1519.871981128294,1530.9548001269766,-11.08281899868257,-0.25,-1.25,0.6666666666666665,20.320345010114124,4,4,False
bc1939ba1375cd21dd8475fa,LaLiga,2022/2023,DEVELOPMENT,2022-09-12,20:00,MATCH_KICKOFF_TIME_TIMEZONE_NOT_STATED_BY_SOURCE,,NOT_VERIFIED_DO_NOT_INFER,Almeria,Osasuna,0,1,A,EVALUATION_ONLY_JOIN_AFTER_PREMATCH_FEATURE_FREEZE,2.98,3.17,2.54,EXTERNAL_HISTORICAL_MARKET_BENCHMARK,NOT_AVAILABLE,NOT_GOLDBET,083bff0ed87afe066c1175dc6bda84e6cb08a5d8c440b1bd3356cb0142beb48b,1489.6393751135022,1515.9443221942804,-26.30494708077822,-1.25,-1.0,1.5,-11.298592512049481,4,4,False
3e5390e4ff33c600b685ee72,LaLiga,2022/2023,DEVELOPMENT,2022-09-16,20:00,MATCH_KICKOFF_TIME_TIMEZONE_NOT_STATED_BY_SOURCE,,NOT_VERIFIED_DO_NOT_INFER,Valladolid,Cadiz,0,1,A,EVALUATION_ONLY_JOIN_AFTER_PREMATCH_FEATURE_FREEZE,2.04,3.31,3.99,EXTERNAL_HISTORICAL_MARKET_BENCHMARK,NOT_AVAILABLE,NOT_GOLDBET,beb4c953dc430d5e24f67434c9f6ededd00b78faf6709bd2aacc59edc3d20abd,1482.7841270746533,1452.2970028936536,30.487124180999672,0.8,1.4,1.5,-10.508009690691779,5,5,False
b659332874273edfaed2ba59,LaLiga,2022/2023,DEVELOPMENT,2022-09-17,13:00,MATCH_KICKOFF_TIME_TIMEZONE_NOT_STATED_BY_SOURCE,,NOT_VERIFIED_DO_NOT_INFER,Mallorca,Almeria,1,0,H,EVALUATION_ONLY_JOIN_AFTER_PREMATCH_FEATURE_FREEZE,1.96,3.27,4.41,EXTERNAL_HISTORICAL_MARKET_BENCHMARK,NOT_AVAILABLE,NOT_GOLDBET,b865535069b0117777489af5e56fd9217dc9ad7c9783a0f9a95024d49c7d980b,1493.2595781264547,1478.6725827005394,14.586995425915347,0.19999999999999996,0.0,0.0,14.313141448701344,5,5,False
d69428625af6908b0dc2e089,LaLiga,2022/2023,DEVELOPMENT,2022-09-17,15:15,MATCH_KICKOFF_TIME_TIMEZONE_NOT_STATED_BY_SOURCE,,NOT_VERIFIED_DO_NOT_INFER,Barcelona,Elche,3,0,H,EVALUATION_ONLY_JOIN_AFTER_PREMATCH_FEATURE_FREEZE,1.08,12.19,28.92,EXTERNAL_HISTORICAL_MARKET_BENCHMARK,NOT_AVAILABLE,NOT_GOLDBET,bf6f34d8e6cab9e011513d507edd95b210a191c8894f33007b881690fe59e78d,1538.5858499058772,1460.6553413781387,77.93050852773854,2.4,5.0,2.0,-14.270059839606574,5,5,False
1d78f31c704ff603837750b0,LaLiga,2022/2023,DEVELOPMENT,2022-09-17,17:30,MATCH_KICKOFF_TIME_TIMEZONE_NOT_STATED_BY_SOURCE,,NOT_VERIFIED_DO_NOT_INFER,Valencia,Celta,3,0,H,EVALUATION_ONLY_JOIN_AFTER_PREMATCH_FEATURE_FREEZE,2.34,3.08,3.42,EXTERNAL_HISTORICAL_MARKET_BENCHMARK,NOT_AVAILABLE,NOT_GOLDBET,822c9c892258f60328339c91c7ddfa1fdf81cdd2117069b78246b4655b26e4c1,1487.6965219925517,1498.4094025309441,-10.712880538392483,-0.19999999999999996,0.8,0.5,-4.744293912287731,5,5,False
bda09fcc3cabb906743ab947,LaLiga,2022/2023,DEVELOPMENT,2022-09-17,20:00,MATCH_KICKOFF_TIME_TIMEZONE_NOT_STATED_BY_SOURCE,,NOT_VERIFIED_DO_NOT_INFER,Ath Bilbao,Vallecano,3,2,H,EVALUATION_ONLY_JOIN_AFTER_PREMATCH_FEATURE_FREEZE,1.62,3.83,6.07,EXTERNAL_HISTORICAL_MARKET_BENCHMARK,NOT_AVAILABLE,NOT_GOLDBET,4f9a622fd0b63692d0fa928c50ddab6fb618013e3548cdd9a60047f690fdaad4,1515.8202301868707,1501.3445649738437,14.475665213027014,0.6000000000000001,1.4,0.0,-11.266008836919355,5,5,False
918d22c7e7b8fe00e075e2bd,LaLiga,2022/2023,DEVELOPMENT,2022-09-18,13:00,MATCH_KICKOFF_TIME_TIMEZONE_NOT_STATED_BY_SOURCE,,NOT_VERIFIED_DO_NOT_INFER,Osasuna,Getafe,0,2,A,EVALUATION_ONLY_JOIN_AFTER_PREMATCH_FEATURE_FREEZE,1.69,3.43,6.22,EXTERNAL_HISTORICAL_MARKET_BENCHMARK,NOT_AVAILABLE,NOT_GOLDBET,72eb2a465604763f7fc9d4d945ea4660eaf397a60dd53712aea35438ca9499f9,1526.9111146072432,1480.9217799185694,45.98933468867381,1.5999999999999999,2.4000000000000004,3.0,-2.7411310751633664,5,5,False
7b099b6b50694b1b0f34a628,LaLiga,2022/2023,DEVELOPMENT,2022-09-18,15:15,MATCH_KICKOFF_TIME_TIMEZONE_NOT_STATED_BY_SOURCE,,NOT_VERIFIED_DO_NOT_INFER,Villarreal,Sevilla,1,1,D,EVALUATION_ONLY_JOIN_AFTER_PREMATCH_FEATURE_FREEZE,1.76,3.68,4.92,EXTERNAL_HISTORICAL_MARKET_BENCHMARK,NOT_AVAILABLE,NOT_GOLDBET,71128a7f91b6600589a063973dcaca65674467bd3ef3551f62678ff40a12a0d3,1522.3535195897525,1483.2353201955198,39.11819939423276,1.2,2.4000000000000004,2.0,0.3335226769786459,5,5,False
f8313efb1f8b6208d6a2ef7e,LaLiga,2022/2023,DEVELOPMENT,2022-09-18,17:30,MATCH_KICKOFF_TIME_TIMEZONE_NOT_STATED_BY_SOURCE,,NOT_VERIFIED_DO_NOT_INFER,Betis,Girona,2,1,H,EVALUATION_ONLY_JOIN_AFTER_PREMATCH_FEATURE_FREEZE,1.73,3.72,5.17,EXTERNAL_HISTORICAL_MARKET_BENCHMARK,NOT_AVAILABLE,NOT_GOLDBET,6b4d6d2fb92ce44defc8ca7b12b1669fb721174d7554b9cfc8632268d5404f9b,1528.473261665518,1498.275119971047,30.198141694471133,1.0,0.8,2.5,22.72400054545119,5,5,False
fa558cefccb2345479e4fa53,LaLiga,2022/2023,DEVELOPMENT,2022-09-18,17:30,MATCH_KICKOFF_TIME_TIMEZONE_NOT_STATED_BY_SOURCE,,NOT_VERIFIED_DO_NOT_INFER,Sociedad,Espanol,2,1,H,EVALUATION_ONLY_JOIN_AFTER_PREMATCH_FEATURE_FREEZE,1.72,3.72,5.23,EXTERNAL_HISTORICAL_MARKET_BENCHMARK,NOT_AVAILABLE,NOT_GOLDBET,952ceaa617ffb053770b76ac576fb90d43b4bebd116593d6d0a09e626d7b9f13,1500.0103154043334,1479.6985564491088,20.311758955224605,0.5999999999999999,0.4,-1.5,-8.413579949957466,5,5,False
ae0ea4affd1a8c3c0d8315d3,LaLiga,2022/2023,DEVELOPMENT,2022-09-18,20:00,MATCH_KICKOFF_TIME_TIMEZONE_NOT_STATED_BY_SOURCE,,NOT_VERIFIED_DO_NOT_INFER,Ath Madrid,Real Madrid,1,2,A,EVALUATION_ONLY_JOIN_AFTER_PREMATCH_FEATURE_FREEZE,3.14,3.23,2.42,EXTERNAL_HISTORICAL_MARKET_BENCHMARK,NOT_AVAILABLE,NOT_GOLDBET,46cd5539cb44e6745d3a29c7f9584606011dd7a58ac552e02659ff2fcdf50dbc,1521.4925732651611,1549.1032371702197,-27.610663905058573,-1.0,-1.0,-1.5,2.4587796473078924,5,5,False
8bf074d10e1033de2781bf5f,LaLiga,2022/2023,DEVELOPMENT,2022-09-30,20:00,MATCH_KICKOFF_TIME_TIMEZONE_NOT_STATED_BY_SOURCE,,NOT_VERIFIED_DO_NOT_INFER,Ath Bilbao,Almeria,4,0,H,EVALUATION_ONLY_JOIN_AFTER_PREMATCH_FEATURE_FREEZE,1.37,4.94,8.65,EXTERNAL_HISTORICAL_MARKET_BENCHMARK,NOT_AVAILABLE,NOT_GOLDBET,fc5912943479dbbedaa36f562db86648cbb3b7227ed007076302b6f7a4eb30bf,1523.7088879288322,1470.7869862504374,52.92190167839476,1.5999999999999999,2.0,1.4166666666666667,-6.471776526034773,6,6,False
50ed3fc3b9d221cd8932e811,LaLiga,2022/2023,DEVELOPMENT,2022-10-01,13:00,MATCH_KICKOFF_TIME_TIMEZONE_NOT_STATED_BY_SOURCE,,NOT_VERIFIED_DO_NOT_INFER,Cadiz,Villarreal,0,0,D,EVALUATION_ONLY_JOIN_AFTER_PREMATCH_FEATURE_FREEZE,4.99,3.72,1.74,EXTERNAL_HISTORICAL_MARKET_BENCHMARK,NOT_AVAILABLE,NOT_GOLDBET,fc5d52681120b77d64acc89d319af45ebcb2aca35d66062458c3ec58ac59094f,1464.8441001506246,1519.5756247850036,-54.73152463437896,-1.0,-3.4,-1.75,10.47183891810323,6,6,False
7f57d8c743e4ab560df9b94f,LaLiga,2022/2023,DEVELOPMENT,2022-10-01,15:15,MATCH_KICKOFF_TIME_TIMEZONE_NOT_STATED_BY_SOURCE,,NOT_VERIFIED_DO_NOT_INFER,Getafe,Valladolid,2,3,A,EVALUATION_ONLY_JOIN_AFTER_PREMATCH_FEATURE_FREEZE,2.41,3.05,3.34,EXTERNAL_HISTORICAL_MARKET_BENCHMARK,NOT_AVAILABLE,NOT_GOLDBET,020e2afa3e393a1ad0baac0ee805e3920b9d9c8751bd35dbbcb3781ddad3620b,1493.8811600982096,1470.2370298176822,23.644130280527406,0.5999999999999999,0.4,1.0,19.343711723649903,6,6,False
d1df625e64a11576534121fa,LaLiga,2022/2023,DEVELOPMENT,2022-10-01,17:30,MATCH_KICKOFF_TIME_TIMEZONE_NOT_STATED_BY_SOURCE,,NOT_VERIFIED_DO_NOT_INFER,Sevilla,Ath Madrid,0,2,A,EVALUATION_ONLY_JOIN_AFTER_PREMATCH_FEATURE_FREEZE,3.28,3.12,2.38,EXTERNAL_HISTORICAL_MARKET_BENCHMARK,NOT_AVAILABLE,NOT_GOLDBET,03ec938b18146829d68ba4942d0821e635fee459e4cafe0fd21898eec34f941f,1486.0132150002687,1510.563024489901,-24.549809489632253,-0.3999999999999999,-0.8,-1.8333333333333335,-13.454829155435164,6,6,False
548bc306b337eb9701a55b97,LaLiga,2022/2023,DEVELOPMENT,2022-10-01,20:00,MATCH_KICKOFF_TIME_TIMEZONE_NOT_STATED_BY_SOURCE,,NOT_VERIFIED_DO_NOT_INFER,Mallorca,Barcelona,0,1,A,EVALUATION_ONLY_JOIN_AFTER_PREMATCH_FEATURE_FREEZE,9.18,5.12,1.35,EXTERNAL_HISTORICAL_MARKET_BENCHMARK,NOT_AVAILABLE,NOT_GOLDBET,bf2dc36102ba43f109746ed4e1eef3a6b5ab0033bbeab3fcb01aa4508490b289,1501.1451745765567,1544.8120936858004,-43.666919109243736,-1.6,-3.6,-1.6666666666666667,24.79546005239672,6,6,False
7dba671c518fa7df400a01f4,LaLiga,2022/2023,DEVELOPMENT,2022-10-02,13:00,MATCH_KICKOFF_TIME_TIMEZONE_NOT_STATED_BY_SOURCE,,NOT_VERIFIED_DO_NOT_INFER,Espanol,Valencia,2,2,D,EVALUATION_ONLY_JOIN_AFTER_PREMATCH_FEATURE_FREEZE,2.83,3.22,2.63,EXTERNAL_HISTORICAL_MARKET_BENCHMARK,NOT_AVAILABLE,NOT_GOLDBET,653b750bf26cdf1a7dd5fdc0a00420f1b2ed46238fdb87037f0ec8919d9ed550,1471.969804842837,1496.2873647164604,-24.317559873623395,-0.6,-1.8,0.0,8.850324460777756,6,6,False
42841ddee95ef05762addc77,LaLiga,2022/2023,DEVELOPMENT,2022-10-02,15:15,MATCH_KICKOFF_TIME_TIMEZONE_NOT_STATED_BY_SOURCE,,NOT_VERIFIED_DO_NOT_INFER,Celta,Betis,1,0,H,EVALUATION_ONLY_JOIN_AFTER_PREMATCH_FEATURE_FREEZE,2.41,3.21,3.11,EXTERNAL_HISTORICAL_MARKET_BENCHMARK,NOT_AVAILABLE,NOT_GOLDBET,e110c0bed14fd8e41bd3678c8b89f98e903b142a9c6e432a75c7948a1c1a8eee,1489.8185598070354,1535.9339440191848,-46.115384212149365,-1.2,-1.6,-0.16666666666666674,-19.698551028727934,6,6,False
87bb6366acc0b6aad5b5c2a0,LaLiga,2022/2023,DEVELOPMENT,2022-10-02,17:30,MATCH_KICKOFF_TIME_TIMEZONE_NOT_STATED_BY_SOURCE,,NOT_VERIFIED_DO_NOT_INFER,Girona,Sociedad,3,5,A,EVALUATION_ONLY_JOIN_AFTER_PREMATCH_FEATURE_FREEZE,3.32,3.16,2.34,EXTERNAL_HISTORICAL_MARKET_BENCHMARK,NOT_AVAILABLE,NOT_GOLDBET,dad38f6d667e1a69e1b9da3129bf1a222decdebb9a3a2887dbe4d535c8abc5c7,1490.8144376173802,1507.7390670106051,-16.924629393224905,0.0,0.6000000000000001,0.0,9.241503907004926,6,6,False
9eae143b6630f797169da467,LaLiga,2022/2023,DEVELOPMENT,2022-10-02,20:00,MATCH_KICKOFF_TIME_TIMEZONE_NOT_STATED_BY_SOURCE,,NOT_VERIFIED_DO_NOT_INFER,Real Madrid,Osasuna,1,1,D,EVALUATION_ONLY_JOIN_AFTER_PREMATCH_FEATURE_FREEZE,1.37,5.2,8.3,EXTERNAL_HISTORICAL_MARKET_BENCHMARK,NOT_AVAILABLE,NOT_GOLDBET,572e102b756bfc75a54d725a593f642db65dd518e961400fec41a5a27eba3b34,1560.0327859454799,1513.951734427603,46.08105151787686,1.2,1.8,1.5,11.692915827020443,6,6,False
522df34ca4d2a072242eafc0,LaLiga,2022/2023,DEVELOPMENT,2022-10-03,20:00,MATCH_KICKOFF_TIME_TIMEZONE_NOT_STATED_BY_SOURCE,,NOT_VERIFIED_DO_NOT_INFER,Vallecano,Elche,2,1,H,EVALUATION_ONLY_JOIN_AFTER_PREMATCH_FEATURE_FREEZE,1.56,4.13,6.23,EXTERNAL_HISTORICAL_MARKET_BENCHMARK,NOT_AVAILABLE,NOT_GOLDBET,2b788d7748b57702b8e3c261abb6311f6d07a61feb68f56f60c04b71c9b9e9ae,1493.4559072318823,1454.4290975982155,39.026809633666744,1.0,2.0,1.5,-8.767078502786262,6,6,False
81cad70b6b26bf9c521fc332,LaLiga,2022/2023,DEVELOPMENT,2022-10-07,20:00,MATCH_KICKOFF_TIME_TIMEZONE_NOT_STATED_BY_SOURCE,,NOT_VERIFIED_DO_NOT_INFER,Osasuna,Valencia,1,2,A,EVALUATION_ONLY_JOIN_AFTER_PREMATCH_FEATURE_FREEZE,2.5,3.23,2.98,EXTERNAL_HISTORICAL_MARKET_BENCHMARK,NOT_AVAILABLE,NOT_GOLDBET,abaec3d4ff7ccf9aa329242823bcfbcf7e90cfc4a8c583a8893b0b895448babb,1516.913523047742,1497.3107921370884,19.60273091065369,0.0,-1.2,1.9166666666666667,21.703183392895653,7,7,False
f306e29da0fda0b33ac06fd2,LaLiga,2022/2023,DEVELOPMENT,2022-10-08,13:00,MATCH_KICKOFF_TIME_TIMEZONE_NOT_STATED_BY_SOURCE,,NOT_VERIFIED_DO_NOT_INFER,Almeria,Vallecano,3,1,H,EVALUATION_ONLY_JOIN_AFTER_PREMATCH_FEATURE_FREEZE,3.14,3.24,2.4,EXTERNAL_HISTORICAL_MARKET_BENCHMARK,NOT_AVAILABLE,NOT_GOLDBET,a0500c044e021db9ba12fa283e0a2fe5d8d49f25788944bf5a76bc68bcfaabec,1463.927333950985,1500.6804400324763,-36.753106081491296,-0.6,-0.7999999999999999,0.0,8.166592712633474,7,7,False
aa72c9870c3e0333c76e67f6,LaLiga,2022/2023,DEVELOPMENT,2022-10-08,15:15,MATCH_KICKOFF_TIME_TIMEZONE_NOT_STATED_BY_SOURCE,,NOT_VERIFIED_DO_NOT_INFER,Ath Madrid,Girona,2,1,H,EVALUATION_ONLY_JOIN_AFTER_PREMATCH_FEATURE_FREEZE,1.41,4.61,8.41,EXTERNAL_HISTORICAL_MARKET_BENCHMARK,NOT_AVAILABLE,NOT_GOLDBET,6aa48b17160524d88698e6e0bfc5ec3da9b017111c44ec87af042fa7bfdbfcaf,1521.5798367932575,1479.5809424470676,41.9988943461899,1.2,1.6,0.6666666666666667,7.11935896948512,7,7,False
4640fc4670b79a0fd5daa9fc,LaLiga,2022/2023,DEVELOPMENT,2022-10-08,17:30,MATCH_KICKOFF_TIME_TIMEZONE_NOT_STATED_BY_SOURCE,,NOT_VERIFIED_DO_NOT_INFER,Sevilla,Ath Bilbao,1,1,D,EVALUATION_ONLY_JOIN_AFTER_PREMATCH_FEATURE_FREEZE,3.34,3.41,2.2,EXTERNAL_HISTORICAL_MARKET_BENCHMARK,NOT_AVAILABLE,NOT_GOLDBET,01cc2f9cc1fef09f8f3c16827d9c558173ae55c906fb65c5fdc384b802eba77a,1474.9964026969121,1530.5685402282845,-55.57213753137239,-1.5999999999999999,-3.2,-2.6666666666666665,25.95630822573912,7,7,False
7edbec05d79c8b8bb62f8939,LaLiga,2022/2023,DEVELOPMENT,2022-10-08,20:00,MATCH_KICKOFF_TIME_TIMEZONE_NOT_STATED_BY_SOURCE,,NOT_VERIFIED_DO_NOT_INFER,Getafe,Real Madrid,0,1,A,EVALUATION_ONLY_JOIN_AFTER_PREMATCH_FEATURE_FREEZE,7.09,4.48,1.47,EXTERNAL_HISTORICAL_MARKET_BENCHMARK,NOT_AVAILABLE,NOT_GOLDBET,ddccea0ba2b65b494c9439eba4dd4427d391884f123bf2725942fa70707a5f2d,1481.519146613404,1557.0709973253408,-75.55185071193682,-1.2000000000000002,-1.7999999999999998,-2.0,-7.180848165480938,7,7,False
31239d9e48e2fbba378bf72c,LaLiga,2022/2023,DEVELOPMENT,2022-10-09,13:00,MATCH_KICKOFF_TIME_TIMEZONE_NOT_STATED_BY_SOURCE,,NOT_VERIFIED_DO_NOT_INFER,Valladolid,Betis,0,0,D,EVALUATION_ONLY_JOIN_AFTER_PREMATCH_FEATURE_FREEZE,2.94,3.47,2.41,EXTERNAL_HISTORICAL_MARKET_BENCHMARK,NOT_AVAILABLE,NOT_GOLDBET,343829476ec496a117385e246fa69aa113e38ed0f673ae0cc8bbf15086dd09e0,1482.5990433024879,1526.3333627776271,-43.73431947513927,-0.6000000000000001,-1.0,0.0,-24.801875313487017,7,7,False
07e7f2214ac7f7a2ea6abd4f,LaLiga,2022/2023,DEVELOPMENT,2022-10-09,15:15,MATCH_KICKOFF_TIME_TIMEZONE_NOT_STATED_BY_SOURCE,,NOT_VERIFIED_DO_NOT_INFER,Cadiz,Espanol,2,2,D,EVALUATION_ONLY_JOIN_AFTER_PREMATCH_FEATURE_FREEZE,2.92,3.07,2.67,EXTERNAL_HISTORICAL_MARKET_BENCHMARK,NOT_AVAILABLE,NOT_GOLDBET,d622db6f200275a0451a0b1c5256a0c07e67044e4cf65be357f4918dbea55705,1464.6924728618583,1470.946377422209,-6.2539045603507475,0.0,-1.4,-1.0833333333333333,5.782624970812321,7,7,False
944e512c7422d4d116f6c0a5,LaLiga,2022/2023,DEVELOPMENT,2022-10-09,17:30,MATCH_KICKOFF_TIME_TIMEZONE_NOT_STATED_BY_SOURCE,,NOT_VERIFIED_DO_NOT_INFER,Sociedad,Villarreal,1,0,H,EVALUATION_ONLY_JOIN_AFTER_PREMATCH_FEATURE_FREEZE,2.66,3.31,2.75,EXTERNAL_HISTORICAL_MARKET_BENCHMARK,NOT_AVAILABLE,NOT_GOLDBET,ba9e8392b2c7575863f64faa49d0e0decd20e813434cd13b120ad541caaa0fa7,1518.9725621809177,1519.72725207377,-0.7546898928521841,0.8,0.0,-0.26666666666666683,3.4329805720969944,7,7,False
50b00dfb3d94361e94682074,LaLiga,2022/2023,DEVELOPMENT,2022-10-09,20:00,MATCH_KICKOFF_TIME_TIMEZONE_NOT_STATED_BY_SOURCE,,NOT_VERIFIED_DO_NOT_INFER,Barcelona,Celta,1,0,H,EVALUATION_ONLY_JOIN_AFTER_PREMATCH_FEATURE_FREEZE,1.29,5.94,10.06,EXTERNAL_HISTORICAL_MARKET_BENCHMARK,NOT_AVAILABLE,NOT_GOLDBET,72d694ecd9f6e79338edb52495077e0d1bb125f72913013f34a4f2d28f1fcb75,1555.2818515427916,1499.419141048593,55.86271049419861,1.2,3.2,1.3333333333333335,-22.17892716155302,7,7,False
d7ff9f990b99ccd9bc042dbf,LaLiga,2022/2023,DEVELOPMENT,2022-10-10,20:00,MATCH_KICKOFF_TIME_TIMEZONE_NOT_STATED_BY_SOURCE,,NOT_VERIFIED_DO_NOT_INFER,Elche,Mallorca,1,1,D,EVALUATION_ONLY_JOIN_AFTER_PREMATCH_FEATURE_FREEZE,2.98,3.05,2.61,EXTERNAL_HISTORICAL_MARKET_BENCHMARK,NOT_AVAILABLE,NOT_GOLDBET,69d530997c33d241a78f1f0fbf344731b4f75f53f7ba32acb93639c8a1a8ca75,1447.2045647976215,1490.6754167195654,-43.470851921943904,-1.4,-2.1999999999999997,-1.0,-1.2105357980260578,7,7,False
0e7849e3d3c1be52fb18d25c,LaLiga,2022/2023,DEVELOPMENT,2022-10-14,20:00,MATCH_KICKOFF_TIME_TIMEZONE_NOT_STATED_BY_SOURCE,,NOT_VERIFIED_DO_NOT_INFER,Vallecano,Getafe,0,0,D,EVALUATION_ONLY_JOIN_AFTER_PREMATCH_FEATURE_FREEZE,1.95,3.22,4.54,EXTERNAL_HISTORICAL_MARKET_BENCHMARK,NOT_AVAILABLE,NOT_GOLDBET,e9b8eec91680709b2cad442e2d0b17a744fcc95f1eb22127c0c0fb33a235eaa9,1491.3485427038443,1471.9664661455981,19.382076558246126,0.0,0.19999999999999996,1.0,-22.703172621704198,8,8,False
122a14dc7bcbf6600a210708,LaLiga,2022/2023,DEVELOPMENT,2022-10-15,13:00,MATCH_KICKOFF_TIME_TIMEZONE_NOT_STATED_BY_SOURCE,,NOT_VERIFIED_DO_NOT_INFER,Girona,Cadiz,1,1,D,EVALUATION_ONLY_JOIN_AFTER_PREMATCH_FEATURE_FREEZE,1.95,3.31,4.43,EXTERNAL_HISTORICAL_MARKET_BENCHMARK,NOT_AVAILABLE,NOT_GOLDBET,23597de3775f1e8247c6bacfe41f1e31c3a3ea87f67a09b82ab8772349a7c5a5,1472.4351745929998,1463.1577583765925,9.277416216407346,-0.19999999999999996,0.6,0.5,10.064657774603575,8,8,False
5e87f9c82eaa89cf3a78e9dd,LaLiga,2022/2023,DEVELOPMENT,2022-10-15,15:15,MATCH_KICKOFF_TIME_TIMEZONE_NOT_STATED_BY_SOURCE,,NOT_VERIFIED_DO_NOT_INFER,Valencia,Elche,2,2,D,EVALUATION_ONLY_JOIN_AFTER_PREMATCH_FEATURE_FREEZE,1.43,4.73,7.29,EXTERNAL_HISTORICAL_MARKET_BENCHMARK,NOT_AVAILABLE,NOT_GOLDBET,8f335a5bf5bd310d8b6bffc917b4805d2380c10288afeef31eadf213846a6101,1509.562676848324,1446.7291762763473,62.83350057197663,1.8,3.6,2.25,-18.360769022023987,8,8,False
3630d9518fdbd65c0e71d25e,LaLiga,2022/2023,DEVELOPMENT,2022-10-15,17:30,MATCH_KICKOFF_TIME_TIMEZONE_NOT_STATED_BY_SOURCE,,NOT_VERIFIED_DO_NOT_INFER,Mallorca,Sevilla,0,1,A,EVALUATION_ONLY_JOIN_AFTER_PREMATCH_FEATURE_FREEZE,3.11,2.98,2.59,EXTERNAL_HISTORICAL_MARKET_BENCHMARK,NOT_AVAILABLE,NOT_GOLDBET,d924bc7de28f18a959bdc05f5c3d33dd8e196145ba2c3f3f02a79e8101c496f5,1491.1508052408396,1474.868965469865,16.281839770974557,0.0,0.20000000000000007,0.0,-14.621473939095267,8,8,False
96ceb4a890c4f055c8786f04,LaLiga,2022/2023,DEVELOPMENT,2022-10-15,20:00,MATCH_KICKOFF_TIME_TIMEZONE_NOT_STATED_BY_SOURCE,,NOT_VERIFIED_DO_NOT_INFER,Ath Bilbao,Ath Madrid,0,1,A,EVALUATION_ONLY_JOIN_AFTER_PREMATCH_FEATURE_FREEZE,2.36,3.19,3.3,EXTERNAL_HISTORICAL_MARKET_BENCHMARK,NOT_AVAILABLE,NOT_GOLDBET,2601f8224c4cb54a5be10110bdc4bf8b075131b8fb153ee7233ca0d3a64b5d19,1530.6959774553316,1528.7256046473253,1.970372808006232,0.0,0.3999999999999999,-0.5,-26.900788814883526,8,8,False
524b651b2e35b3e9afc90838,LaLiga,2022/2023,DEVELOPMENT,2022-10-16,13:00,MATCH_KICKOFF_TIME_TIMEZONE_NOT_STATED_BY_SOURCE,,NOT_VERIFIED_DO_NOT_INFER,Celta,Sociedad,1,2,A,EVALUATION_ONLY_JOIN_AFTER_PREMATCH_FEATURE_FREEZE,2.44,3.12,3.19,EXTERNAL_HISTORICAL_MARKET_BENCHMARK,NOT_AVAILABLE,NOT_GOLDBET,2a90385b703101425e735e69485504fb02ac736d88f6c92e0a926a427e93d38d,1492.635580617075,1527.2836829855053,-34.64810236843027,-0.8,-1.2,-0.5,17.678156829624868,8,8,False
ae2ac68ce1dbe68078c378a0,LaLiga,2022/2023,DEVELOPMENT,2022-10-16,15:15,MATCH_KICKOFF_TIME_TIMEZONE_NOT_STATED_BY_SOURCE,,NOT_VERIFIED_DO_NOT_INFER,Real Madrid,Barcelona,3,1,H,EVALUATION_ONLY_JOIN_AFTER_PREMATCH_FEATURE_FREEZE,2.28,3.74,2.98,EXTERNAL_HISTORICAL_MARKET_BENCHMARK,NOT_AVAILABLE,NOT_GOLDBET,08674f96aa27cf13c2c105968bd0ccec0b20ac1608ffa40f67130963df794594,1566.6236777931467,1562.0654119743097,4.5582658188370715,-0.3999999999999999,-1.2,-0.6666666666666665,28.08733940587649,8,8,False
6e66e509272298c0117c3cd7,LaLiga,2022/2023,DEVELOPMENT,2022-10-16,17:30,MATCH_KICKOFF_TIME_TIMEZONE_NOT_STATED_BY_SOURCE,,NOT_VERIFIED_DO_NOT_INFER,Espanol,Valladolid,1,0,H,EVALUATION_ONLY_JOIN_AFTER_PREMATCH_FEATURE_FREEZE,2.03,3.46,3.82,EXTERNAL_HISTORICAL_MARKET_BENCHMARK,NOT_AVAILABLE,NOT_GOLDBET,12327bbff6e5e32f33240c9cdc1e22619263e3ff66f56fb675c325acab93341e,1472.4810919074748,1482.1312211206748,-9.650129213199989,-0.3999999999999999,-0.2,-0.75,-2.216558328548217,8,8,False
3377decb9dd93ea9c329d4c6,LaLiga,2022/2023,DEVELOPMENT,2022-10-16,20:00,MATCH_KICKOFF_TIME_TIMEZONE_NOT_STATED_BY_SOURCE,,NOT_VERIFIED_DO_NOT_INFER,Betis,Almeria,3,1,H,EVALUATION_ONLY_JOIN_AFTER_PREMATCH_FEATURE_FREEZE,1.56,4.18,6.09,EXTERNAL_HISTORICAL_MARKET_BENCHMARK,NOT_AVAILABLE,NOT_GOLDBET,6565967afb196e2dd8c229b658f782571a27b8b6c49c96517e6d24718e94663e,1526.8011849594402,1473.259231279617,53.54195367982311,0.7999999999999999,1.0,2.75,3.9011252122945734,8,8,False
8ea4a6c189b9c1e6adae484f,LaLiga,2022/2023,DEVELOPMENT,2022-10-17,20:00,MATCH_KICKOFF_TIME_TIMEZONE_NOT_STATED_BY_SOURCE,,NOT_VERIFIED_DO_NOT_INFER,Villarreal,Osasuna,2,0,H,EVALUATION_ONLY_JOIN_AFTER_PREMATCH_FEATURE_FREEZE,1.77,3.68,4.82,EXTERNAL_HISTORICAL_MARKET_BENCHMARK,NOT_AVAILABLE,NOT_GOLDBET,2163ec6a077bee6715d8947a5c27e4ad7a8ab24545c58e9178bdb5379c6adbf2,1511.4161312691824,1504.6616383365065,6.75449293267593,-0.3999999999999999,0.6000000000000001,0.6666666666666667,-12.716454428067209,8,8,False
dd33caec8974f260a8d96f04,LaLiga,2022/2023,DEVELOPMENT,2022-10-18,18:00,MATCH_KICKOFF_TIME_TIMEZONE_NOT_STATED_BY_SOURCE,,NOT_VERIFIED_DO_NOT_INFER,Sevilla,Valencia,1,1,D,EVALUATION_ONLY_JOIN_AFTER_PREMATCH_FEATURE_FREEZE,2.3,3.32,3.27,EXTERNAL_HISTORICAL_MARKET_BENCHMARK,NOT_AVAILABLE,NOT_GOLDBET,3b573f99d7ad9b2b1234ea0415eb729f34adcf5d947365e0ccd8a578ca299e32,1487.029921298699,1506.167535718407,-19.137614419707916,0.0,-0.6,-0.5,23.927237267168948,9,9,False
1584ee01921b93748b7d593d,LaLiga,2022/2023,DEVELOPMENT,2022-10-18,19:00,MATCH_KICKOFF_TIME_TIMEZONE_NOT_STATED_BY_SOURCE,,NOT_VERIFIED_DO_NOT_INFER,Getafe,Ath Bilbao,2,2,D,EVALUATION_ONLY_JOIN_AFTER_PREMATCH_FEATURE_FREEZE,4.88,3.33,1.86,EXTERNAL_HISTORICAL_MARKET_BENCHMARK,NOT_AVAILABLE,NOT_GOLDBET,a18a263d3402bd1f7b05a2ced25569b3eb8cf7f70f0eb25f1d7af24ecf4fc9e0,1474.2123211078524,1518.9310041808267,-44.71868307297427,-0.6000000000000001,-1.2,-1.5333333333333334,21.534888379431777,9,9,False
60ecb22ad13377f448ee50fe,LaLiga,2022/2023,DEVELOPMENT,2022-10-18,20:00,MATCH_KICKOFF_TIME_TIMEZONE_NOT_STATED_BY_SOURCE,,NOT_VERIFIED_DO_NOT_INFER,Ath Madrid,Vallecano,1,1,D,EVALUATION_ONLY_JOIN_AFTER_PREMATCH_FEATURE_FREEZE,1.59,3.81,6.61,EXTERNAL_HISTORICAL_MARKET_BENCHMARK,NOT_AVAILABLE,NOT_GOLDBET,04e702b6cf94d0262e7a39f091a84ed77528c8b062bcb5b827b7cd5b67fa5f53,1540.4905779218302,1489.10268774159,51.38789018024022,1.0,1.4,0.7,29.93689470728259,9,9,False
fda6cf2b2e77a574feadb144,LaLiga,2022/2023,DEVELOPMENT,2022-10-19,18:00,MATCH_KICKOFF_TIME_TIMEZONE_NOT_STATED_BY_SOURCE,,NOT_VERIFIED_DO_NOT_INFER,Cadiz,Betis,0,0,D,EVALUATION_ONLY_JOIN_AFTER_PREMATCH_FEATURE_FREEZE,3.6,3.26,2.19,EXTERNAL_HISTORICAL_MARKET_BENCHMARK,NOT_AVAILABLE,NOT_GOLDBET,88f602c457516681f169b019f487bea2723869bca68857ed5b04a3b1bdb1485d,1465.125710343673,1533.644759741604,-68.51904939793098,-0.8,-1.2,-0.6,-0.07751242440144779,9,9,False
ef39acc37a378dc41e345eaa,LaLiga,2022/2023,DEVELOPMENT,2022-10-19,18:00,MATCH_KICKOFF_TIME_TIMEZONE_NOT_STATED_BY_SOURCE,,NOT_VERIFIED_DO_NOT_INFER,Valladolid,Celta,4,1,H,EVALUATION_ONLY_JOIN_AFTER_PREMATCH_FEATURE_FREEZE,3.18,3.21,2.4,EXTERNAL_HISTORICAL_MARKET_BENCHMARK,NOT_AVAILABLE,NOT_GOLDBET,a789470200518689b4d6716ab5c71614652c76546317bbcdd4f617ab7e52b778,1473.5703464257867,1481.907186647458,-8.33684022167131,0.20000000000000007,0.9999999999999999,0.25,-36.92896543554775,9,9,False
8e27dc0e16a028db49613964,LaLiga,2022/2023,DEVELOPMENT,2022-10-19,19:00,MATCH_KICKOFF_TIME_TIMEZONE_NOT_STATED_BY_SOURCE,,NOT_VERIFIED_DO_NOT_INFER,Sociedad,Mallorca,1,0,H,EVALUATION_ONLY_JOIN_AFTER_PREMATCH_FEATURE_FREEZE,1.55,3.83,7.37,EXTERNAL_HISTORICAL_MARKET_BENCHMARK,NOT_AVAILABLE,NOT_GOLDBET,11388578d75a498a2666739faccb414c61b29244aab101ae2b84d0ce9925e5e6,1538.0120769551222,1478.9898494120057,59.022227543116514,1.5999999999999999,1.6,0.5,-6.613573848241913,9,9,False
5a2dd18fa6b91e6c8441a3fe,LaLiga,2022/2023,DEVELOPMENT,2022-10-19,20:00,MATCH_KICKOFF_TIME_TIMEZONE_NOT_STATED_BY_SOURCE,,NOT_VERIFIED_DO_NOT_INFER,Elche,Real Madrid,0,3,A,EVALUATION_ONLY_JOIN_AFTER_PREMATCH_FEATURE_FREEZE,10.99,6.27,1.26,EXTERNAL_HISTORICAL_MARKET_BENCHMARK,NOT_AVAILABLE,NOT_GOLDBET,feb3a042838ae5584a458c3bc69ed06e9d012192f009d2b5fc02d5b64de6005c,1450.1243174062643,1574.7866353709571,-124.66231796469287,-2.2,-2.8,-2.5,-8.420708272185266,9,9,False
04ef0d593cb99e8480514f2d,LaLiga,2022/2023,DEVELOPMENT,2022-10-20,18:00,MATCH_KICKOFF_TIME_TIMEZONE_NOT_STATED_BY_SOURCE,,NOT_VERIFIED_DO_NOT_INFER,Almeria,Girona,3,2,H,EVALUATION_ONLY_JOIN_AFTER_PREMATCH_FEATURE_FREEZE,2.69,3.33,2.7,EXTERNAL_HISTORICAL_MARKET_BENCHMARK,NOT_AVAILABLE,NOT_GOLDBET,97bc40e942d42c877a7a2466899a9b57dc1fd48c90b71dbad2e9c0936ac1473a,1466.4156564974533,1470.4672226259192,-4.051566128465993,-0.20000000000000007,-0.6,1.25,9.667617288545216,9,9,False
d7876cdf9581c4d931a10a07,LaLiga,2022/2023,DEVELOPMENT,2022-10-20,19:00,MATCH_KICKOFF_TIME_TIMEZONE_NOT_STATED_BY_SOURCE,,NOT_VERIFIED_DO_NOT_INFER,Osasuna,Espanol,1,0,H,EVALUATION_ONLY_JOIN_AFTER_PREMATCH_FEATURE_FREEZE,2.23,3.25,3.5,EXTERNAL_HISTORICAL_MARKET_BENCHMARK,NOT_AVAILABLE,NOT_GOLDBET,c27707adf1d29b74292f44d24c99f90f1be126924d3e26fad8ee286fa7dfc743,1496.559688351423,1481.041966602363,15.517721749060001,-0.19999999999999996,-0.6000000000000001,0.55,25.051089208775466,9,9,False
f20cf4556303fa04f3617d2a,LaLiga,2022/2023,DEVELOPMENT,2022-10-20,20:00,MATCH_KICKOFF_TIME_TIMEZONE_NOT_STATED_BY_SOURCE,,NOT_VERIFIED_DO_NOT_INFER,Barcelona,Villarreal,3,0,H,EVALUATION_ONLY_JOIN_AFTER_PREMATCH_FEATURE_FREEZE,1.47,4.81,6.42,EXTERNAL_HISTORICAL_MARKET_BENCHMARK,NOT_AVAILABLE,NOT_GOLDBET,3a70dd1b02a42eb6dfe997424175f88d5aab7b098ec54467baf9cb294786db13,1553.9024543964993,1519.518081254266,34.384373142233244,1.4,1.4,1.5,-0.32746057723738886,9,9,False
0abc9005174eaf1bbcd5f81d,LaLiga,2022/2023,DEVELOPMENT,2022-10-22,13:00,MATCH_KICKOFF_TIME_TIMEZONE_NOT_STATED_BY_SOURCE,,NOT_VERIFIED_DO_NOT_INFER,Vallecano,Cadiz,5,1,H,EVALUATION_ONLY_JOIN_AFTER_PREMATCH_FEATURE_FREEZE,1.73,3.53,5.47,EXTERNAL_HISTORICAL_MARKET_BENCHMARK,NOT_AVAILABLE,NOT_GOLDBET,342fd2c4708a8ee0dbd073ab7e6773c537f2e0e7b475a55e1fe57162e23b5250,1492.2031822572035,1465.3708591680313,26.832323089172178,-0.3999999999999999,-0.6000000000000001,0.75,-6.550471562594112,10,10,False
45aec5672cd4fb034a950f1a,LaLiga,2022/2023,DEVELOPMENT,2022-10-22,15:15,MATCH_KICKOFF_TIME_TIMEZONE_NOT_STATED_BY_SOURCE,,NOT_VERIFIED_DO_NOT_INFER,Valladolid,Sociedad,1,0,H,EVALUATION_ONLY_JOIN_AFTER_PREMATCH_FEATURE_FREEZE,4.1,3.45,1.96,EXTERNAL_HISTORICAL_MARKET_BENCHMARK,NOT_AVAILABLE,NOT_GOLDBET,8e939a38a0b9d1a6f912e7d9b45d9891d686411ca77431ea31afda2510b228ad,1482.0942247849537,1544.7143471859313,-62.62012240097761,-1.6,-0.7999999999999999,-1.0,-6.993174368983318,10,10,False
176e09ab5e8fb4d390464f37,LaLiga,2022/2023,DEVELOPMENT,2022-10-22,17:30,MATCH_KICKOFF_TIME_TIMEZONE_NOT_STATED_BY_SOURCE,,NOT_VERIFIED_DO_NOT_INFER,Valencia,Mallorca,1,2,A,EVALUATION_ONLY_JOIN_AFTER_PREMATCH_FEATURE_FREEZE,1.77,3.55,5.11,EXTERNAL_HISTORICAL_MARKET_BENCHMARK,NOT_AVAILABLE,NOT_GOLDBET,64ab846ea3702cbc049ec3b67830118d1e7ce215ad8105d20f0c99a0fbf0feaf,1507.3382567119327,1472.2875791811966,35.05067753073604,1.0,1.2000000000000002,1.0,-12.503691122476084,10,10,False
b0e73f1b35e6501b6ec9aba4,LaLiga,2022/2023,DEVELOPMENT,2022-10-22,20:00,MATCH_KICKOFF_TIME_TIMEZONE_NOT_STATED_BY_SOURCE,,NOT_VERIFIED_DO_NOT_INFER,Real Madrid,Sevilla,3,1,H,EVALUATION_ONLY_JOIN_AFTER_PREMATCH_FEATURE_FREEZE,1.38,5,8.35,EXTERNAL_HISTORICAL_MARKET_BENCHMARK,NOT_AVAILABLE,NOT_GOLDBET,52d8eceda48662ae44b3a4b52f26db88cabb28e5aa97f01dae5f92a4b6edef48,1582.9466993148892,1485.8592003051733,97.08749900971588,1.4000000000000001,1.5999999999999999,1.1,-6.330048316088323,10,10,False
285437f7b33f1044e789885c,LaLiga,2022/2023,DEVELOPMENT,2022-10-23,13:00,MATCH_KICKOFF_TIME_TIMEZONE_NOT_STATED_BY_SOURCE,,NOT_VERIFIED_DO_NOT_INFER,Espanol,Elche,2,2,D,EVALUATION_ONLY_JOIN_AFTER_PREMATCH_FEATURE_FREEZE,1.64,3.87,5.8,EXTERNAL_HISTORICAL_MARKET_BENCHMARK,NOT_AVAILABLE,NOT_GOLDBET,5d779d40d240e63de525c9e1f27414d7026d9ec91422c290b339eb9b6437f78d,1473.1819464290518,1441.9642534623322,31.217692966719596,0.6,1.2,0.6000000000000001,-33.47708472437148,10,10,False
362c54962dc0bceb529c7753,LaLiga,2022/2023,DEVELOPMENT,2022-10-23,15:15,MATCH_KICKOFF_TIME_TIMEZONE_NOT_STATED_BY_SOURCE,,NOT_VERIFIED_DO_NOT_INFER,Betis,Ath Madrid,1,2,A,EVALUATION_ONLY_JOIN_AFTER_PREMATCH_FEATURE_FREEZE,3.2,3.13,2.42,EXTERNAL_HISTORICAL_MARKET_BENCHMARK,NOT_AVAILABLE,NOT_GOLDBET,9d4150293af9b917fdd5ffbfdc33111dd5a38da2e0112a65a8be6b81cce12b55,1533.3996109172458,1537.3900834062167,-3.9904724889709087,-0.3999999999999999,-0.19999999999999996,0.3999999999999999,-25.083679022123306,10,10,False
669869cda3c11eedc39c51ca,LaLiga,2022/2023,DEVELOPMENT,2022-10-23,17:30,MATCH_KICKOFF_TIME_TIMEZONE_NOT_STATED_BY_SOURCE,,NOT_VERIFIED_DO_NOT_INFER,Girona,Osasuna,1,1,D,EVALUATION_ONLY_JOIN_AFTER_PREMATCH_FEATURE_FREEZE,2.48,3.2,3.06,EXTERNAL_HISTORICAL_MARKET_BENCHMARK,NOT_AVAILABLE,NOT_GOLDBET,b4135a2b9bfce77738b48c5662ab5d8c9fcaa2deb950f0f1e9efcd51cdadab03,1462.063771506472,1504.419708524734,-42.35593701826201,-0.6000000000000001,-0.19999999999999996,0.3999999999999999,-8.671575105851161,10,10,False
218777ebdc064455de3f67ca,LaLiga,2022/2023,DEVELOPMENT,2022-10-23,17:30,MATCH_KICKOFF_TIME_TIMEZONE_NOT_STATED_BY_SOURCE,,NOT_VERIFIED_DO_NOT_INFER,Villarreal,Almeria,2,1,H,EVALUATION_ONLY_JOIN_AFTER_PREMATCH_FEATURE_FREEZE,1.38,5.09,8.26,EXTERNAL_HISTORICAL_MARKET_BENCHMARK,NOT_AVAILABLE,NOT_GOLDBET,058d5cc0c564bbf8716a5fda3c7206bdf0e17b7830c9efca215e80bb1b7614d8,1512.1697697586233,1474.8191076169005,37.35066214172275,-0.19999999999999996,0.4,2.1333333333333333,2.1397523173891386,10,10,False
735d0d1d2bc255852f2bb0b8,LaLiga,2022/2023,DEVELOPMENT,2022-10-23,20:00,MATCH_KICKOFF_TIME_TIMEZONE_NOT_STATED_BY_SOURCE,,NOT_VERIFIED_DO_NOT_INFER,Barcelona,Ath Bilbao,4,0,H,EVALUATION_ONLY_JOIN_AFTER_PREMATCH_FEATURE_FREEZE,1.44,4.9,7.05,EXTERNAL_HISTORICAL_MARKET_BENCHMARK,NOT_AVAILABLE,NOT_GOLDBET,f87c34503f66757f066f577903a7c51677b594389bef890b94348eaf97510235,1561.250765892142,1519.3705524362124,41.880213455929606,0.7999999999999998,0.3999999999999999,0.6000000000000001,19.459107274866028,10,10,False
85ad64fbdf906800b3f7cf78,LaLiga,2022/2023,DEVELOPMENT,2022-10-24,20:00,MATCH_KICKOFF_TIME_TIMEZONE_NOT_STATED_BY_SOURCE,,NOT_VERIFIED_DO_NOT_INFER,Celta,Getafe,1,1,D,EVALUATION_ONLY_JOIN_AFTER_PREMATCH_FEATURE_FREEZE,1.69,3.55,5.92,EXTERNAL_HISTORICAL_MARKET_BENCHMARK,NOT_AVAILABLE,NOT_GOLDBET,fad560c508e196fd11341e9a43ec9e26b6725eac69d51f1825ab98dfc21f9941,1473.3833082882911,1473.7727728524667,-0.38946456417556874,-0.4,-1.4,0.3999999999999999,3.053531666176468,10,10,False
b6c666941acc2263892247d1,LaLiga,2022/2023,DEVELOPMENT,2022-10-28,20:00,MATCH_KICKOFF_TIME_TIMEZONE_NOT_STATED_BY_SOURCE,,NOT_VERIFIED_DO_NOT_INFER,Mallorca,Espanol,1,1,D,EVALUATION_ONLY_JOIN_AFTER_PREMATCH_FEATURE_FREEZE,2.41,3.02,3.36,EXTERNAL_HISTORICAL_MARKET_BENCHMARK,NOT_AVAILABLE,NOT_GOLDBET,099f447da612a0b1a56e49c81697a6b0f010487fc5694ab06de7a1241d1621c9,1484.95708790689,1470.6151964663447,14.341891440545169,-0.3999999999999999,-0.4,-0.19999999999999996,26.120191421518484,11,11,False
b6c9e36db5c06c7e932583d7,LaLiga,2022/2023,DEVELOPMENT,2022-10-29,13:00,MATCH_KICKOFF_TIME_TIMEZONE_NOT_STATED_BY_SOURCE,,NOT_VERIFIED_DO_NOT_INFER,Almeria,Celta,3,1,H,EVALUATION_ONLY_JOIN_AFTER_PREMATCH_FEATURE_FREEZE,3.09,3.41,2.35,EXTERNAL_HISTORICAL_MARKET_BENCHMARK,NOT_AVAILABLE,NOT_GOLDBET,614614d418f0842fcf700329d9eb61609d183c9898f8f6a4f6eb9ba0c0590a58,1467.5499883535572,1471.6842187153673,-4.134230361810069,0.3999999999999999,0.0,1.2000000000000002,-6.40301850408855,11,11,False
444272fd10d77ab32b5b102c,LaLiga,2022/2023,DEVELOPMENT,2022-10-29,15:15,MATCH_KICKOFF_TIME_TIMEZONE_NOT_STATED_BY_SOURCE,,NOT_VERIFIED_DO_NOT_INFER,Cadiz,Ath Madrid,3,2,H,EVALUATION_ONLY_JOIN_AFTER_PREMATCH_FEATURE_FREEZE,6.29,3.68,1.63,EXTERNAL_HISTORICAL_MARKET_BENCHMARK,NOT_AVAILABLE,NOT_GOLDBET,3831fac8cfd8bb6aeb7f48d5cee51a6584aa0bc6f1d4f773032c3a4e2cee0d45,1457.819326816883,1548.988345833466,-91.16901901658298,-1.8,-1.8,-2.0,-5.997462952496562,11,11,False
e48d91a976ec2cd7d50f2142,LaLiga,2022/2023,DEVELOPMENT,2022-10-29,17:30,MATCH_KICKOFF_TIME_TIMEZONE_NOT_STATED_BY_SOURCE,,NOT_VERIFIED_DO_NOT_INFER,Sevilla,Vallecano,0,1,A,EVALUATION_ONLY_JOIN_AFTER_PREMATCH_FEATURE_FREEZE,2.04,3.36,3.93,EXTERNAL_HISTORICAL_MARKET_BENCHMARK,NOT_AVAILABLE,NOT_GOLDBET,df7307409f51e3a5e2565fa6d46d33fd7420ea58e7ea7eedd5be2cadbe702012,1480.0957174277473,1499.7547146083518,-19.6589971806045,-0.6000000000000001,-1.2,-0.20000000000000007,45.04245404153221,11,11,False
a606a511170ad40d86eee131,LaLiga,2022/2023,DEVELOPMENT,2022-10-29,20:00,MATCH_KICKOFF_TIME_TIMEZONE_NOT_STATED_BY_SOURCE,,NOT_VERIFIED_DO_NOT_INFER,Valencia,Barcelona,0,1,A,EVALUATION_ONLY_JOIN_AFTER_PREMATCH_FEATURE_FREEZE,5.71,4.55,1.55,EXTERNAL_HISTORICAL_MARKET_BENCHMARK,NOT_AVAILABLE,NOT_GOLDBET,d66615b5f771508cf7cf57cd73a53c2276be278bd71729a43a309e229cf4611b,1494.6687479862394,1568.3996716806603,-73.73092369442088,-1.2,-1.4,-1.0,-42.22932449239079,11,11,False
f04a7c224b98033406f7f630,LaLiga,2022/2023,DEVELOPMENT,2022-10-30,13:00,MATCH_KICKOFF_TIME_TIMEZONE_NOT_STATED_BY_SOURCE,,NOT_VERIFIED_DO_NOT_INFER,Osasuna,Valladolid,2,0,H,EVALUATION_ONLY_JOIN_AFTER_PREMATCH_FEATURE_FREEZE,1.85,3.6,4.46,EXTERNAL_HISTORICAL_MARKET_BENCHMARK,NOT_AVAILABLE,NOT_GOLDBET,affdd4d5c4587fc8a8df878ac8a958cb0a87e7eb78f87bc714a5327153620de8,1504.9271093618968,1492.1696365401451,12.757472821751662,-1.0,-1.2000000000000002,1.0,-1.490340231223172,11,11,False
b54607b401eb030bf67ab1ee,LaLiga,2022/2023,DEVELOPMENT,2022-10-30,15:15,MATCH_KICKOFF_TIME_TIMEZONE_NOT_STATED_BY_SOURCE,,NOT_VERIFIED_DO_NOT_INFER,Real Madrid,Girona,1,1,D,EVALUATION_ONLY_JOIN_AFTER_PREMATCH_FEATURE_FREEZE,1.26,6.27,11.25,EXTERNAL_HISTORICAL_MARKET_BENCHMARK,NOT_AVAILABLE,NOT_GOLDBET,960768e8fec8bc6c8abecd1b53183ff36f1ca385c11e7305945762dc8565b44e,1588.7101821923152,1461.5563706693092,127.15381152300597,2.2,2.4000000000000004,2.4,6.041556704822369,11,11,False
b640c684eac4f6b71915946f,LaLiga,2022/2023,DEVELOPMENT,2022-10-30,17:30,MATCH_KICKOFF_TIME_TIMEZONE_NOT_STATED_BY_SOURCE,,NOT_VERIFIED_DO_NOT_INFER,Ath Bilbao,Villarreal,1,0,H,EVALUATION_ONLY_JOIN_AFTER_PREMATCH_FEATURE_FREEZE,2.12,3.46,3.56,EXTERNAL_HISTORICAL_MARKET_BENCHMARK,NOT_AVAILABLE,NOT_GOLDBET,2f3b99b476ba1867e2fb088264fe72c19eb5726f6bfce10efcaae0e928bda93c,1512.2216466476941,1519.4388890219666,-7.217242374272473,-0.3999999999999999,0.0,1.4,-1.4455564173558741,11,11,False
ad399faf0142134e4b4fa90c,LaLiga,2022/2023,DEVELOPMENT,2022-10-30,20:00,MATCH_KICKOFF_TIME_TIMEZONE_NOT_STATED_BY_SOURCE,,NOT_VERIFIED_DO_NOT_INFER,Sociedad,Betis,0,2,A,EVALUATION_ONLY_JOIN_AFTER_PREMATCH_FEATURE_FREEZE,2.06,3.3,3.95,EXTERNAL_HISTORICAL_MARKET_BENCHMARK,NOT_AVAILABLE,NOT_GOLDBET,49f1622d1991f7adf9595acc9a935b988403a8820d7852ce23b9871a062b8412,1534.6389354307398,1521.8013484899966,12.837586940743222,1.4,0.8,1.0,3.2137432732311026,11,11,False
7d065a0bdbc10ce1841eb45b,LaLiga,2022/2023,DEVELOPMENT,2022-10-31,20:00,MATCH_KICKOFF_TIME_TIMEZONE_NOT_STATED_BY_SOURCE,,NOT_VERIFIED_DO_NOT_INFER,Elche,Getafe,0,1,A,EVALUATION_ONLY_JOIN_AFTER_PREMATCH_FEATURE_FREEZE,2.72,2.92,3.01,EXTERNAL_HISTORICAL_MARKET_BENCHMARK,NOT_AVAILABLE,NOT_GOLDBET,1f30d75916f46ecb938ac4cd5fff0e2fbc85690e2f221968bc8f045edfe7ad6e,1444.5310034250392,1475.4718624253906,-30.940859000351338,0.0,-0.4,-0.6,6.138340056759262,11,11,False
c4f11f360b160cd49cde1551,LaLiga,2022/2023,DEVELOPMENT,2022-11-04,20:00,MATCH_KICKOFF_TIME_TIMEZONE_NOT_STATED_BY_SOURCE,,NOT_VERIFIED_DO_NOT_INFER,Girona,Ath Bilbao,2,1,H,EVALUATION_ONLY_JOIN_AFTER_PREMATCH_FEATURE_FREEZE,3.68,3.48,2.06,EXTERNAL_HISTORICAL_MARKET_BENCHMARK,NOT_AVAILABLE,NOT_GOLDBET,228946e24e8cae26b2a29759716f4f203fdd771434bbc24af6257b3d165db725,1466.47619106704,1520.714017640231,-54.237826573191114,-0.4,0.4,-0.6000000000000001,-2.868168196369197,12,12,False
0d09b3509d140d0c4e1ee0ab,LaLiga,2022/2023,DEVELOPMENT,2022-11-05,13:00,MATCH_KICKOFF_TIME_TIMEZONE_NOT_STATED_BY_SOURCE,,NOT_VERIFIED_DO_NOT_INFER,Getafe,Cadiz,0,0,D,EVALUATION_ONLY_JOIN_AFTER_PREMATCH_FEATURE_FREEZE,2.15,2.98,4.1,EXTERNAL_HISTORICAL_MARKET_BENCHMARK,NOT_AVAILABLE,NOT_GOLDBET,cd582ca06b5424d51608fc3b62e3b068cf99dba2ba19a0d34d8c932cf0db9b3e,1486.3063068660024,1468.714044303236,17.592262562766336,0.0,0.6,0.19999999999999996,-6.590596784827994,12,12,False
e0bc0d4c6dfacd4bb8ab77be,LaLiga,2022/2023,DEVELOPMENT,2022-11-05,15:15,MATCH_KICKOFF_TIME_TIMEZONE_NOT_STATED_BY_SOURCE,,NOT_VERIFIED_DO_NOT_INFER,Valladolid,Elche,2,1,H,EVALUATION_ONLY_JOIN_AFTER_PREMATCH_FEATURE_FREEZE,1.9,3.61,4.16,EXTERNAL_HISTORICAL_MARKET_BENCHMARK,NOT_AVAILABLE,NOT_GOLDBET,0380c86fedaeb7f5111e6a29f66171335cc240ccfe386e93ba084cd3c1468fe8,1484.2336807696656,1433.6965589844274,50.53712178523824,0.7999999999999999,1.0,1.6,1.3369120174199907,12,12,False
e3b4c9878c72d63ce81c2784,LaLiga,2022/2023,DEVELOPMENT,2022-11-05,17:30,MATCH_KICKOFF_TIME_TIMEZONE_NOT_STATED_BY_SOURCE,,NOT_VERIFIED_DO_NOT_INFER,Celta,Osasuna,1,2,A,EVALUATION_ONLY_JOIN_AFTER_PREMATCH_FEATURE_FREEZE,2.25,3.24,3.42,EXTERNAL_HISTORICAL_MARKET_BENCHMARK,NOT_AVAILABLE,NOT_GOLDBET,b84ffc6ba673cdfd4ac53796ec32be1af05c879fd1f32a16d98f2b9c3a03c1ae,1463.2784488867771,1512.8630651323763,-49.584616245599136,-1.2,-1.4,0.3999999999999999,10.691268820971118,12,12,False
856cfa152aae0244c86b29f8,LaLiga,2022/2023,DEVELOPMENT,2022-11-05,20:00,MATCH_KICKOFF_TIME_TIMEZONE_NOT_STATED_BY_SOURCE,,NOT_VERIFIED_DO_NOT_INFER,Barcelona,Almeria,2,0,H,EVALUATION_ONLY_JOIN_AFTER_PREMATCH_FEATURE_FREEZE,1.11,10.05,21.53,EXTERNAL_HISTORICAL_MARKET_BENCHMARK,NOT_AVAILABLE,NOT_GOLDBET,1f9a1503262fc935fe528c7286c12e4f1e761e594a3630c3e360780ccd969da3,1578.004669556779,1475.9557581821473,102.04891137463164,0.5999999999999999,0.9999999999999999,3.0,23.55947288532616,12,12,False
c5cd84392a7c8ce0b32df3be,LaLiga,2022/2023,DEVELOPMENT,2022-11-06,13:00,MATCH_KICKOFF_TIME_TIMEZONE_NOT_STATED_BY_SOURCE,,NOT_VERIFIED_DO_NOT_INFER,Ath Madrid,Espanol,1,1,D,EVALUATION_ONLY_JOIN_AFTER_PREMATCH_FEATURE_FREEZE,1.52,4.26,6.56,EXTERNAL_HISTORICAL_MARKET_BENCHMARK,NOT_AVAILABLE,NOT_GOLDBET,5ac44eb71a9256811391974d382350e1649f5a5ba0b6b8a751b7523818420eb6,1538.0936283471128,1472.722859745011,65.37076860210186,0.8,0.4,0.3999999999999999,24.058764334988155,12,12,False
52c321158a9a6f3c61a7d4b9,LaLiga,2022/2023,DEVELOPMENT,2022-11-06,15:15,MATCH_KICKOFF_TIME_TIMEZONE_NOT_STATED_BY_SOURCE,,NOT_VERIFIED_DO_NOT_INFER,Sociedad,Valencia,1,1,D,EVALUATION_ONLY_JOIN_AFTER_PREMATCH_FEATURE_FREEZE,1.95,3.36,4.34,EXTERNAL_HISTORICAL_MARKET_BENCHMARK,NOT_AVAILABLE,NOT_GOLDBET,34a7276017d764d44747bb04b3e0a24a45a7ec77bff4ecd3e7255c364f7846e8,1522.5726836730953,1485.0637501101207,37.50893356297456,0.8,0.2,1.0,0.777676778631303,12,12,False
408dcb63e67c1eec41523ce1,LaLiga,2022/2023,DEVELOPMENT,2022-11-06,17:30,MATCH_KICKOFF_TIME_TIMEZONE_NOT_STATED_BY_SOURCE,,NOT_VERIFIED_DO_NOT_INFER,Villarreal,Mallorca,0,2,A,EVALUATION_ONLY_JOIN_AFTER_PREMATCH_FEATURE_FREEZE,1.76,3.55,5.2,EXTERNAL_HISTORICAL_MARKET_BENCHMARK,NOT_AVAILABLE,NOT_GOLDBET,c362514a037d7e7fe5e999a8dcaab2d75aac261b1d4d2934ce07f4cb1f44ca44,1510.9465180294296,1482.8494246282237,28.09709340120594,0.19999999999999996,-0.2,1.1,25.307669755526376,12,12,False
e3b766f8ca0f3f988250b15e,LaLiga,2022/2023,DEVELOPMENT,2022-11-06,20:00,MATCH_KICKOFF_TIME_TIMEZONE_NOT_STATED_BY_SOURCE,,NOT_VERIFIED_DO_NOT_INFER,Betis,Sevilla,1,1,D,EVALUATION_ONLY_JOIN_AFTER_PREMATCH_FEATURE_FREEZE,2.09,3.28,3.84,EXTERNAL_HISTORICAL_MARKET_BENCHMARK,NOT_AVAILABLE,NOT_GOLDBET,432e2088b7332f82d0e3c980aef84831fdd7197ed7d7c87afcead8d7cb32738e,1533.8676002476411,1468.9397999473981,64.927800300243,0.6000000000000001,1.0,1.0,-23.51505826960738,12,12,False
31c2a951ef4c3f9e2defa546,LaLiga,2022/2023,DEVELOPMENT,2022-11-07,20:00,MATCH_KICKOFF_TIME_TIMEZONE_NOT_STATED_BY_SOURCE,,NOT_VERIFIED_DO_NOT_INFER,Vallecano,Real Madrid,3,2,H,EVALUATION_ONLY_JOIN_AFTER_PREMATCH_FEATURE_FREEZE,4.87,3.83,1.74,EXTERNAL_HISTORICAL_MARKET_BENCHMARK,NOT_AVAILABLE,NOT_GOLDBET,6548e7559bea2477fcba25392e43823f3d285043ad27e45f857b1ad86080ea97,1510.910632088701,1583.7903617945844,-72.87972970588339,-1.0,-1.0,-1.0,-3.854698470853691,12,12,False
e438b3281a634c4711927e0d,LaLiga,2022/2023,DEVELOPMENT,2022-11-08,18:00,MATCH_KICKOFF_TIME_TIMEZONE_NOT_STATED_BY_SOURCE,,NOT_VERIFIED_DO_NOT_INFER,Elche,Girona,1,2,A,EVALUATION_ONLY_JOIN_AFTER_PREMATCH_FEATURE_FREEZE,3.56,3.33,2.17,EXTERNAL_HISTORICAL_MARKET_BENCHMARK,NOT_AVAILABLE,NOT_GOLDBET,f0a4844a860b1f43e60c0f3e83dd1b22b09f5c707325db389ef47a85e5915796,1426.774903604345,1476.3103575884138,-49.53545398406891,-0.7999999999999999,-1.0,-0.2,-5.236104277587401,13,13,False
6258228be86033ae8660dd4d,LaLiga,2022/2023,DEVELOPMENT,2022-11-08,19:00,MATCH_KICKOFF_TIME_TIMEZONE_NOT_STATED_BY_SOURCE,,NOT_VERIFIED_DO_NOT_INFER,Ath Bilbao,Valladolid,3,0,H,EVALUATION_ONLY_JOIN_AFTER_PREMATCH_FEATURE_FREEZE,1.43,4.7,7.47,EXTERNAL_HISTORICAL_MARKET_BENCHMARK,NOT_AVAILABLE,NOT_GOLDBET,3e6ee1386aa3176e1f2c665bf4e71d31b8cab3f55db6c358147a7a9863717a91,1510.8798511188572,1491.155336149748,19.724514969109123,-1.0,-1.4,1.2000000000000002,22.47549552982764,13,13,False
a1caf7e3613da0d6e3667246,LaLiga,2022/2023,DEVELOPMENT,2022-11-08,20:30,MATCH_KICKOFF_TIME_TIMEZONE_NOT_STATED_BY_SOURCE,,NOT_VERIFIED_DO_NOT_INFER,Osasuna,Barcelona,1,2,A,EVALUATION_ONLY_JOIN_AFTER_PREMATCH_FEATURE_FREEZE,5.96,4.31,1.55,EXTERNAL_HISTORICAL_MARKET_BENCHMARK,NOT_AVAILABLE,NOT_GOLDBET,708baf565c7440d0f746b0c2f0e459cf8b78c72a9fcf44e7015efcc645fc4c4a,1523.1627542056744,1583.651693992714,-60.4889397870395,-0.3999999999999999,-1.2000000000000002,-0.5999999999999999,-33.233372569414314,13,13,False
1bd2093707d4b45657bea416,LaLiga,2022/2023,DEVELOPMENT,2022-11-09,18:00,MATCH_KICKOFF_TIME_TIMEZONE_NOT_STATED_BY_SOURCE,,NOT_VERIFIED_DO_NOT_INFER,Almeria,Getafe,1,0,H,EVALUATION_ONLY_JOIN_AFTER_PREMATCH_FEATURE_FREEZE,2.06,3.17,4.14,EXTERNAL_HISTORICAL_MARKET_BENCHMARK,NOT_AVAILABLE,NOT_GOLDBET,9438ef525e9d85f212a3842ebc68e92dde10f796c183a01b39f385e4b80232ef,1470.3087337462123,1484.1094247714154,-13.80069102520315,-0.19999999999999996,-0.6000000000000001,0.7999999999999998,32.44383254297827,13,13,False
5790c49f0f88cac58b53459f,LaLiga,2022/2023,DEVELOPMENT,2022-11-09,18:00,MATCH_KICKOFF_TIME_TIMEZONE_NOT_STATED_BY_SOURCE,,NOT_VERIFIED_DO_NOT_INFER,Sevilla,Sociedad,1,2,A,EVALUATION_ONLY_JOIN_AFTER_PREMATCH_FEATURE_FREEZE,2.5,3.24,3,EXTERNAL_HISTORICAL_MARKET_BENCHMARK,NOT_AVAILABLE,NOT_GOLDBET,f49b4002420f46977ebd37b3182187d6863c53c067091f759fe858c3c73ab422,1472.3881619789145,1519.8375877732412,-47.44942579432677,-0.3999999999999999,-0.2,-1.4,30.66052034319523,13,13,False
6471b9aa16b09a46eb4ba848,LaLiga,2022/2023,DEVELOPMENT,2022-11-09,19:00,MATCH_KICKOFF_TIME_TIMEZONE_NOT_STATED_BY_SOURCE,,NOT_VERIFIED_DO_NOT_INFER,Espanol,Villarreal,0,1,A,EVALUATION_ONLY_JOIN_AFTER_PREMATCH_FEATURE_FREEZE,2.76,3.38,2.59,EXTERNAL_HISTORICAL_MARKET_BENCHMARK,NOT_AVAILABLE,NOT_GOLDBET,2fddfa28ba610bf7d3ca15ee1cf15260e3d6e68bfaed75539bdaed6a63b13d25,1476.1824503995585,1498.4638603484495,-22.281409948890996,0.0,0.6,0.8,-16.949678487478195,13,13,False
11cffd35a6be1d51e13f23dd,LaLiga,2022/2023,DEVELOPMENT,2022-11-09,20:30,MATCH_KICKOFF_TIME_TIMEZONE_NOT_STATED_BY_SOURCE,,NOT_VERIFIED_DO_NOT_INFER,Mallorca,Ath Madrid,1,0,H,EVALUATION_ONLY_JOIN_AFTER_PREMATCH_FEATURE_FREEZE,3.87,2.96,2.23,EXTERNAL_HISTORICAL_MARKET_BENCHMARK,NOT_AVAILABLE,NOT_GOLDBET,30e385110648f487282a7ff09e91b02631778b8db362e12f912dd4157284385d,1495.3320823092038,1534.6340376925652,-39.301955383361474,-0.20000000000000018,0.0,-1.0,3.608110191326432,13,13,False
4ebbd7f8a3828c393de34bcd,LaLiga,2022/2023,DEVELOPMENT,2022-11-10,18:00,MATCH_KICKOFF_TIME_TIMEZONE_NOT_STATED_BY_SOURCE,,NOT_VERIFIED_DO_NOT_INFER,Vallecano,Celta,0,0,D,EVALUATION_ONLY_JOIN_AFTER_PREMATCH_FEATURE_FREEZE,2.08,3.14,4.09,EXTERNAL_HISTORICAL_MARKET_BENCHMARK,NOT_AVAILABLE,NOT_GOLDBET,c0270d54de261427619baf9dbba8ffa8d2eacc72af4894417b3806721e2d496b,1521.2811707872595,1452.978759813479,68.30241097378052,2.0,2.5999999999999996,2.6,17.33482534161999,13,13,False
2cdf9b351a303beb85b02b6b,LaLiga,2022/2023,DEVELOPMENT,2022-11-10,19:00,MATCH_KICKOFF_TIME_TIMEZONE_NOT_STATED_BY_SOURCE,,NOT_VERIFIED_DO_NOT_INFER,Valencia,Betis,3,0,H,EVALUATION_ONLY_JOIN_AFTER_PREMATCH_FEATURE_FREEZE,2.18,3.31,3.53,EXTERNAL_HISTORICAL_MARKET_BENCHMARK,NOT_AVAILABLE,NOT_GOLDBET,e93bcf35887b78bfcc663c64e37a36b18411f95ce7028eea733549aeaccd1e9e,1487.7988460099748,1530.4192382161248,-42.62039220614997,-1.0,-1.0,0.3999999999999999,3.5330543404706987,13,13,False
25e3ab913d7a9e50a11553bd,LaLiga,2022/2023,DEVELOPMENT,2022-11-10,20:30,MATCH_KICKOFF_TIME_TIMEZONE_NOT_STATED_BY_SOURCE,,NOT_VERIFIED_DO_NOT_INFER,Real Madrid,Cadiz,2,1,H,EVALUATION_ONLY_JOIN_AFTER_PREMATCH_FEATURE_FREEZE,1.21,6.92,13.7,EXTERNAL_HISTORICAL_MARKET_BENCHMARK,NOT_AVAILABLE,NOT_GOLDBET,46716dd215f7a5c072283acbca1b3310b257f418f66bf01f0d5b97007e13fa8e,1573.419823096026,1470.910926397823,102.50889669820299,0.8,1.7999999999999998,1.2000000000000002,-12.612367369503772,13,13,False
560839b651e1fbde6637d442,LaLiga,2022/2023,DEVELOPMENT,2022-12-29,16:00,MATCH_KICKOFF_TIME_TIMEZONE_NOT_STATED_BY_SOURCE,,NOT_VERIFIED_DO_NOT_INFER,Girona,Vallecano,2,2,D,EVALUATION_ONLY_JOIN_AFTER_PREMATCH_FEATURE_FREEZE,2.09,3.45,3.62,EXTERNAL_HISTORICAL_MARKET_BENCHMARK,NOT_AVAILABLE,NOT_GOLDBET,4d7bbff9943cc2d00af296109f39d456a841e0f8a2e7a2e4300944543ed88def,1486.6114603884744,1517.7475178218363,-31.136057433361884,-0.6000000000000001,-1.0,0.8,-3.1383615333188573,14,14,False
c99c7f3a4c5bba588bf9ec83,LaLiga,2022/2023,DEVELOPMENT,2022-12-29,18:15,MATCH_KICKOFF_TIME_TIMEZONE_NOT_STATED_BY_SOURCE,,NOT_VERIFIED_DO_NOT_INFER,Betis,Ath Bilbao,0,0,D,EVALUATION_ONLY_JOIN_AFTER_PREMATCH_FEATURE_FREEZE,3.01,3.31,2.45,EXTERNAL_HISTORICAL_MARKET_BENCHMARK,NOT_AVAILABLE,NOT_GOLDBET,579f07c9552f0f48bc3cce808809dddc284f28be557f6223d079ed0d32b9b45f,1520.9190467259334,1518.6246391929428,2.29440753299059,-0.3999999999999999,-0.2,1.0,-3.7280256201493103,14,14,False
a56823eef2cea65da84e5e78,LaLiga,2022/2023,DEVELOPMENT,2022-12-29,20:30,MATCH_KICKOFF_TIME_TIMEZONE_NOT_STATED_BY_SOURCE,,NOT_VERIFIED_DO_NOT_INFER,Ath Madrid,Elche,2,0,H,EVALUATION_ONLY_JOIN_AFTER_PREMATCH_FEATURE_FREEZE,1.26,5.93,12.15,EXTERNAL_HISTORICAL_MARKET_BENCHMARK,NOT_AVAILABLE,NOT_GOLDBET,2080ce32c843a12e77d1989f813c1f960b27d7e5c5ff90a4c2a94e809a982f5f,1525.2290715398235,1416.4738008042846,108.75527073553894,0.8,1.0,1.2000000000000002,-7.121583010709173,14,14,False
0120cf8e1ad5ea0a5fd86ea2,LaLiga,2022/2023,DEVELOPMENT,2022-12-30,16:00,MATCH_KICKOFF_TIME_TIMEZONE_NOT_STATED_BY_SOURCE,,NOT_VERIFIED_DO_NOT_INFER,Getafe,Mallorca,2,0,H,EVALUATION_ONLY_JOIN_AFTER_PREMATCH_FEATURE_FREEZE,2.86,2.68,3.12,EXTERNAL_HISTORICAL_MARKET_BENCHMARK,NOT_AVAILABLE,NOT_GOLDBET,a670d80013cd64c5bbaa022daa63fa2b8be20e00837c976d8900c94d2a7a143f,1475.4313655848691,1504.7370484619455,-29.30568287707638,-0.8,-0.6,-0.3999999999999999,-37.135598382357784,14,14,False
a40bd4ee576a702b2123e9b5,LaLiga,2022/2023,DEVELOPMENT,2022-12-30,18:15,MATCH_KICKOFF_TIME_TIMEZONE_NOT_STATED_BY_SOURCE,,NOT_VERIFIED_DO_NOT_INFER,Cadiz,Almeria,1,1,D,EVALUATION_ONLY_JOIN_AFTER_PREMATCH_FEATURE_FREEZE,2.18,3.27,3.55,EXTERNAL_HISTORICAL_MARKET_BENCHMARK,NOT_AVAILABLE,NOT_GOLDBET,59d9d703d2fb34306f46f603a8bdf2609f2801df7f435c2b0adeff0bffe3bbbf,1465.2746265548913,1478.9867929327586,-13.712166377867334,-0.8,-1.0,1.2,23.625422473239723,14,14,False
9953cff23960902a922117b8,LaLiga,2022/2023,DEVELOPMENT,2022-12-30,18:15,MATCH_KICKOFF_TIME_TIMEZONE_NOT_STATED_BY_SOURCE,,NOT_VERIFIED_DO_NOT_INFER,Celta,Sevilla,1,1,D,EVALUATION_ONLY_JOIN_AFTER_PREMATCH_FEATURE_FREEZE,2.26,3.17,3.48,EXTERNAL_HISTORICAL_MARKET_BENCHMARK,NOT_AVAILABLE,NOT_GOLDBET,4a0533da2523380e22664fb286fb5f42c3b00503a2ee9e591bb5523d267864b3,1456.5124127789022,1462.0270844590004,-5.514671680098218,0.0,-0.3999999999999999,-0.20000000000000018,-38.70735882221652,14,14,False
bd20daf94a59f7e4f5e35650,LaLiga,2022/2023,DEVELOPMENT,2022-12-30,20:30,MATCH_KICKOFF_TIME_TIMEZONE_NOT_STATED_BY_SOURCE,,NOT_VERIFIED_DO_NOT_INFER,Valladolid,Real Madrid,0,2,A,EVALUATION_ONLY_JOIN_AFTER_PREMATCH_FEATURE_FREEZE,6.82,4.8,1.45,EXTERNAL_HISTORICAL_MARKET_BENCHMARK,NOT_AVAILABLE,NOT_GOLDBET,dad3abf4571fa9575f31c43fab6d5acc8a333f053b006e13fa79f929a89e8bd4,1483.4105480756625,1579.0561229389577,-95.64557486329522,-0.19999999999999996,-1.0,-0.3999999999999999,19.352721286259793,14,14,False
4e3b6b6e609da1fce3584de3,LaLiga,2022/2023,DEVELOPMENT,2022-12-31,13:00,MATCH_KICKOFF_TIME_TIMEZONE_NOT_STATED_BY_SOURCE,,NOT_VERIFIED_DO_NOT_INFER,Barcelona,Espanol,1,1,D,EVALUATION_ONLY_JOIN_AFTER_PREMATCH_FEATURE_FREEZE,1.21,7.01,14.22,EXTERNAL_HISTORICAL_MARKET_BENCHMARK,NOT_AVAILABLE,NOT_GOLDBET,a5dfaa2e96f5f634915e41ecde4338e8acf21c6d06371a6cd930905a315ed5ac,1593.6376211836914,1465.10106712948,128.53655405421136,2.4,2.6,2.4,14.5274751296663,14,14,False
afe72295bddcb354e0edb728,LaLiga,2022/2023,DEVELOPMENT,2022-12-31,15:15,MATCH_KICKOFF_TIME_TIMEZONE_NOT_STATED_BY_SOURCE,,NOT_VERIFIED_DO_NOT_INFER,Sociedad,Osasuna,2,0,H,EVALUATION_ONLY_JOIN_AFTER_PREMATCH_FEATURE_FREEZE,1.92,3.33,4.5,EXTERNAL_HISTORICAL_MARKET_BENCHMARK,NOT_AVAILABLE,NOT_GOLDBET,e86d925ad629bc3b788c10c983f1572fd4e0e2f5707938c0ca3a371f45dcfba4,1530.1986652931553,1513.176827014697,17.02183827845829,-0.6000000000000001,-0.8,0.3999999999999999,-8.373636550495803,14,14,False
f05ecb473dde1d0499514f36,LaLiga,2022/2023,DEVELOPMENT,2022-12-31,15:15,MATCH_KICKOFF_TIME_TIMEZONE_NOT_STATED_BY_SOURCE,,NOT_VERIFIED_DO_NOT_INFER,Villarreal,Valencia,2,1,H,EVALUATION_ONLY_JOIN_AFTER_PREMATCH_FEATURE_FREEZE,2.06,3.43,3.76,EXTERNAL_HISTORICAL_MARKET_BENCHMARK,NOT_AVAILABLE,NOT_GOLDBET,407c176b640c220296a945ffc688c384b513184bf9d22ce3d28e683196ff2a09,1509.545243618528,1497.2990375001662,12.246206118361897,0.19999999999999996,-1.0,0.8,-16.146802072180208,14,14,False
acdf0a8d434b61a946dcfe91,LaLiga,2022/2023,DEVELOPMENT,2023-01-06,17:30,MATCH_KICKOFF_TIME_TIMEZONE_NOT_STATED_BY_SOURCE,,NOT_VERIFIED_DO_NOT_INFER,Elche,Celta,0,1,A,EVALUATION_ONLY_JOIN_AFTER_PREMATCH_FEATURE_FREEZE,3.97,3.23,2.07,EXTERNAL_HISTORICAL_MARKET_BENCHMARK,NOT_AVAILABLE,NOT_GOLDBET,b4a02073380dacaa7b80d84035ff5783705735c485605fa15a23552e98058925,1410.9819031634845,1454.9569294177572,-43.975026254272734,-0.39999999999999997,-0.4,0.0,-0.6134325664631888,15,15,False
aad220a4552cb91db92f949c,LaLiga,2022/2023,DEVELOPMENT,2023-01-06,20:00,MATCH_KICKOFF_TIME_TIMEZONE_NOT_STATED_BY_SOURCE,,NOT_VERIFIED_DO_NOT_INFER,Valencia,Cadiz,0,1,A,EVALUATION_ONLY_JOIN_AFTER_PREMATCH_FEATURE_FREEZE,1.56,4.15,6.21,EXTERNAL_HISTORICAL_MARKET_BENCHMARK,NOT_AVAILABLE,NOT_GOLDBET,52df2ea512603dab94b1243df8a3974018373df206fb624bc7e1bcb7f449b15e,1489.3489889394689,1463.9501824076688,25.39880653180012,-0.19999999999999996,0.8,0.3999999999999999,4.663993076829684,15,15,False
43f43facbdb20df915181b0d,LaLiga,2022/2023,DEVELOPMENT,2023-01-07,15:15,MATCH_KICKOFF_TIME_TIMEZONE_NOT_STATED_BY_SOURCE,,NOT_VERIFIED_DO_NOT_INFER,Villarreal,Real Madrid,2,1,H,EVALUATION_ONLY_JOIN_AFTER_PREMATCH_FEATURE_FREEZE,3.48,3.67,2.08,EXTERNAL_HISTORICAL_MARKET_BENCHMARK,NOT_AVAILABLE,NOT_GOLDBET,80fa631e456f034585d9cae50b993ff423ed780a76781fd0cb74904c6c5e60f7,1517.4952921792253,1588.0337454836322,-70.53845330440686,-0.19999999999999996,-0.8,-0.3999999999999999,6.1447978511748715,15,15,False
4c53f3506c0b3909637ad94f,LaLiga,2022/2023,DEVELOPMENT,2023-01-07,17:30,MATCH_KICKOFF_TIME_TIMEZONE_NOT_STATED_BY_SOURCE,,NOT_VERIFIED_DO_NOT_INFER,Mallorca,Valladolid,1,0,H,EVALUATION_ONLY_JOIN_AFTER_PREMATCH_FEATURE_FREEZE,2.04,3.14,4.22,EXTERNAL_HISTORICAL_MARKET_BENCHMARK,NOT_AVAILABLE,NOT_GOLDBET,52989b1bd7c264d68f40605580a888e1a3ce9358ce0b209c9f5a2eeded6e354e,1495.6182106559752,1474.432925530988,21.185285124987104,0.8,1.4,0.7999999999999999,-14.861723020985892,15,15,False
6b14a937d735f8b9f453cdcb,LaLiga,2022/2023,DEVELOPMENT,2023-01-07,20:00,MATCH_KICKOFF_TIME_TIMEZONE_NOT_STATED_BY_SOURCE,,NOT_VERIFIED_DO_NOT_INFER,Espanol,Girona,2,2,D,EVALUATION_ONLY_JOIN_AFTER_PREMATCH_FEATURE_FREEZE,2.59,3.23,2.87,EXTERNAL_HISTORICAL_MARKET_BENCHMARK,NOT_AVAILABLE,NOT_GOLDBET,ecf850ce4b1505ba499b92631bb31a1904276164d099607f1e8fe86db96581c4,1470.0509938609741,1485.7825953515473,-15.731601490573212,-1.0,-0.6000000000000001,0.19999999999999996,-0.2499757069970201,15,15,False
a82d5e9774361a70ff6ea9f5,LaLiga,2022/2023,DEVELOPMENT,2023-01-08,13:00,MATCH_KICKOFF_TIME_TIMEZONE_NOT_STATED_BY_SOURCE,,NOT_VERIFIED_DO_NOT_INFER,Almeria,Sociedad,0,2,A,EVALUATION_ONLY_JOIN_AFTER_PREMATCH_FEATURE_FREEZE,4.31,3.38,1.94,EXTERNAL_HISTORICAL_MARKET_BENCHMARK,NOT_AVAILABLE,NOT_GOLDBET,3c28bf2eca787cbc1fd15cf027d2616eb91d09c79162830dbbe397b0d93fbb1a,1480.311237079981,1538.017414566473,-57.706177486491924,0.0,0.0,0.5999999999999999,7.343679395678691,15,15,False
e397fb180a279a546c5837ca,LaLiga,2022/2023,DEVELOPMENT,2023-01-08,15:15,MATCH_KICKOFF_TIME_TIMEZONE_NOT_STATED_BY_SOURCE,,NOT_VERIFIED_DO_NOT_INFER,Vallecano,Betis,1,2,A,EVALUATION_ONLY_JOIN_AFTER_PREMATCH_FEATURE_FREEZE,2.44,3.18,3.12,EXTERNAL_HISTORICAL_MARKET_BENCHMARK,NOT_AVAILABLE,NOT_GOLDBET,fa0f31e594658fcc302f325f36fdd51ccd98def65597dfc7f6ba4ba075b540a4,1518.5763828587633,1519.145039003812,-0.5686561450486352,1.2000000000000002,1.6,1.2000000000000002,-15.709029078991307,15,15,False
1e3f6921e17ec4c40db35fbf,LaLiga,2022/2023,DEVELOPMENT,2023-01-08,17:30,MATCH_KICKOFF_TIME_TIMEZONE_NOT_STATED_BY_SOURCE,,NOT_VERIFIED_DO_NOT_INFER,Sevilla,Getafe,2,1,H,EVALUATION_ONLY_JOIN_AFTER_PREMATCH_FEATURE_FREEZE,1.84,3.27,5.16,EXTERNAL_HISTORICAL_MARKET_BENCHMARK,NOT_AVAILABLE,NOT_GOLDBET,3b888eb414b5c1e60529f627436e32d631e71115432e8c3381e2e5a4a5c8d996,1463.5825678201454,1484.5502033908394,-20.96763557069403,-1.2000000000000002,-1.2000000000000002,-1.2000000000000002,46.248975299660515,15,15,False
7a7700cd86a2374f55db1278,LaLiga,2022/2023,DEVELOPMENT,2023-01-08,20:00,MATCH_KICKOFF_TIME_TIMEZONE_NOT_STATED_BY_SOURCE,,NOT_VERIFIED_DO_NOT_INFER,Ath Madrid,Barcelona,0,1,A,EVALUATION_ONLY_JOIN_AFTER_PREMATCH_FEATURE_FREEZE,3.18,3.21,2.41,EXTERNAL_HISTORICAL_MARKET_BENCHMARK,NOT_AVAILABLE,NOT_GOLDBET,722daeeaf91c9ac994d9911cd66bfce072096152465a73fe5ed92cb29ae0f03f,1530.7209691806236,1588.6876944521973,-57.96672527157375,-1.2000000000000002,-1.4000000000000001,-0.7999999999999998,-20.50223986942501,15,15,False
f166c570bc78ab456a6c6456,LaLiga,2022/2023,DEVELOPMENT,2023-01-09,20:00,MATCH_KICKOFF_TIME_TIMEZONE_NOT_STATED_BY_SOURCE,,NOT_VERIFIED_DO_NOT_INFER,Ath Bilbao,Osasuna,0,0,D,EVALUATION_ONLY_JOIN_AFTER_PREMATCH_FEATURE_FREEZE,1.59,3.87,6.45,EXTERNAL_HISTORICAL_MARKET_BENCHMARK,NOT_AVAILABLE,NOT_GOLDBET,4b8413fe1b73b641106f6003208faba6cd8c4db14fabd80939323519ff51358d,1520.3986469150643,1505.3580777413792,15.040569173685071,0.0,-0.2,1.4,5.575602527513411,15,15,False
4c4dd5e1797571dd5bd963de,LaLiga,2022/2023,DEVELOPMENT,2023-01-13,20:00,MATCH_KICKOFF_TIME_TIMEZONE_NOT_STATED_BY_SOURCE,,NOT_VERIFIED_DO_NOT_INFER,Celta,Villarreal,1,1,D,EVALUATION_ONLY_JOIN_AFTER_PREMATCH_FEATURE_FREEZE,2.87,3.23,2.61,EXTERNAL_HISTORICAL_MARKET_BENCHMARK,NOT_AVAILABLE,NOT_GOLDBET,7011e544a51711cd8020f27239f47a6c7ae3db1690954421df51bf50043a3d21,1465.4178384412637,1527.7985202597981,-62.38068181853441,-0.8,-0.4,0.19999999999999996,-36.376618552719265,16,16,False
02d6caabce4f3da38e751f74,LaLiga,2022/2023,DEVELOPMENT,2023-01-14,13:00,MATCH_KICKOFF_TIME_TIMEZONE_NOT_STATED_BY_SOURCE,,NOT_VERIFIED_DO_NOT_INFER,Valladolid,Vallecano,0,1,A,EVALUATION_ONLY_JOIN_AFTER_PREMATCH_FEATURE_FREEZE,2.83,3.13,2.7,EXTERNAL_HISTORICAL_MARKET_BENCHMARK,NOT_AVAILABLE,NOT_GOLDBET,436337d4d51876be04ab5945494fd11faed97e0d32f2fa80e1f5d089427b1ca2,1466.7280053971358,1506.8823023790965,-40.15429698196067,-1.0,-1.5999999999999999,1.0,0.31130292640341395,16,16,False
caedbe2d4da06f051170bfdd,LaLiga,2022/2023,DEVELOPMENT,2023-01-14,15:15,MATCH_KICKOFF_TIME_TIMEZONE_NOT_STATED_BY_SOURCE,,NOT_VERIFIED_DO_NOT_INFER,Girona,Sevilla,2,1,H,EVALUATION_ONLY_JOIN_AFTER_PREMATCH_FEATURE_FREEZE,2.4,3.21,3.16,EXTERNAL_HISTORICAL_MARKET_BENCHMARK,NOT_AVAILABLE,NOT_GOLDBET,c99ca61ba8709a9ca9f4a446f79c88266eb51078707f9a5ab47c25e3ac210e7b,1487.0498917177254,1472.4638287238001,14.586062993925225,0.8,0.6000000000000001,0.0,5.8950192641450485,16,16,False
9411d36842b6c44b4df1b6a2,LaLiga,2022/2023,DEVELOPMENT,2023-01-14,17:30,MATCH_KICKOFF_TIME_TIMEZONE_NOT_STATED_BY_SOURCE,,NOT_VERIFIED_DO_NOT_INFER,Osasuna,Mallorca,1,0,H,EVALUATION_ONLY_JOIN_AFTER_PREMATCH_FEATURE_FREEZE,2.18,2.97,4,EXTERNAL_HISTORICAL_MARKET_BENCHMARK,NOT_AVAILABLE,NOT_GOLDBET,ec5f5722985fc6b96273354aa3140b240f5aa79bf7b9061272c9eea40ac531a9,1507.4849490987338,1503.3231307898275,4.161818308906277,-0.6000000000000001,-0.4,-0.19999999999999996,24.727409664732022,16,16,False
172023135d3446d14da22b65,LaLiga,2022/2023,DEVELOPMENT,2023-01-14,20:00,MATCH_KICKOFF_TIME_TIMEZONE_NOT_STATED_BY_SOURCE,,NOT_VERIFIED_DO_NOT_INFER,Sociedad,Ath Bilbao,3,1,H,EVALUATION_ONLY_JOIN_AFTER_PREMATCH_FEATURE_FREEZE,2.34,3,3.59,EXTERNAL_HISTORICAL_MARKET_BENCHMARK,NOT_AVAILABLE,NOT_GOLDBET,8e6469fb544697471fc0aeb49cfdeae1cc5d14db2ee8fd80a63ee77a8078c132,1548.0834351263018,1518.2717755577098,29.81165956859195,0.3999999999999999,0.0,1.4,-6.12124320647149,16,16,False
6fc40dec73fba173cfc9d50a,LaLiga,2022/2023,DEVELOPMENT,2023-01-15,13:00,MATCH_KICKOFF_TIME_TIMEZONE_NOT_STATED_BY_SOURCE,,NOT_VERIFIED_DO_NOT_INFER,Getafe,Espanol,1,2,A,EVALUATION_ONLY_JOIN_AFTER_PREMATCH_FEATURE_FREEZE,2.42,2.89,3.5,EXTERNAL_HISTORICAL_MARKET_BENCHMARK,NOT_AVAILABLE,NOT_GOLDBET,b012590209245fcb29a2a4999831b0f75ca08d925405b79dbb58895b438f647a,1475.6689424871847,1468.7836974947961,6.885244992388607,0.5999999999999999,0.4,0.19999999999999996,-49.81227907622247,16,16,False
cb9400bb390c943f36c4cc58,LaLiga,2022/2023,DEVELOPMENT,2023-01-15,15:15,MATCH_KICKOFF_TIME_TIMEZONE_NOT_STATED_BY_SOURCE,,NOT_VERIFIED_DO_NOT_INFER,Almeria,Ath Madrid,1,1,D,EVALUATION_ONLY_JOIN_AFTER_PREMATCH_FEATURE_FREEZE,4.9,3.74,1.74,EXTERNAL_HISTORICAL_MARKET_BENCHMARK,NOT_AVAILABLE,NOT_GOLDBET,dccc81139763518e13bdedcaa2ecbf765c20bc8228f857a0b22be2a5a4aef62a,1470.2452165201523,1520.662447497723,-50.417230977570625,0.5999999999999999,0.0,0.5999999999999999,21.210918007469218,16,16,False
dc539f2c34e84be9d1e4e9a7,LaLiga,2022/2023,DEVELOPMENT,2023-01-16,20:00,MATCH_KICKOFF_TIME_TIMEZONE_NOT_STATED_BY_SOURCE,,NOT_VERIFIED_DO_NOT_INFER,Cadiz,Elche,1,1,D,EVALUATION_ONLY_JOIN_AFTER_PREMATCH_FEATURE_FREEZE,1.93,3.33,4.45,EXTERNAL_HISTORICAL_MARKET_BENCHMARK,NOT_AVAILABLE,NOT_GOLDBET,a492b1480438b7f4caa05039c83b9e276f7335efd4d56ef4a3f84bbab3215e3a,1476.3598246606855,1400.520994139978,75.83883052070746,1.6,1.4,0.9999999999999999,32.16967118533421,16,16,False
f9ed13923cab63e76a1a7bce,LaLiga,2022/2023,DEVELOPMENT,2023-01-20,20:00,MATCH_KICKOFF_TIME_TIMEZONE_NOT_STATED_BY_SOURCE,,NOT_VERIFIED_DO_NOT_INFER,Mallorca,Celta,1,0,H,EVALUATION_ONLY_JOIN_AFTER_PREMATCH_FEATURE_FREEZE,2.79,2.76,3.07,EXTERNAL_HISTORICAL_MARKET_BENCHMARK,NOT_AVAILABLE,NOT_GOLDBET,125e0daa169e4f6817a2fc0be8f73189e10b0751106df23e402af99303400f39,1495.1491453075032,1465.4863588997077,29.662786407795465,0.6000000000000001,0.2,0.5999999999999999,13.59561042693349,17,17,False
1cbf70fde28f5c55db65bbd2,LaLiga,2022/2023,DEVELOPMENT,2023-01-21,13:00,MATCH_KICKOFF_TIME_TIMEZONE_NOT_STATED_BY_SOURCE,,NOT_VERIFIED_DO_NOT_INFER,Vallecano,Sociedad,0,2,A,EVALUATION_ONLY_JOIN_AFTER_PREMATCH_FEATURE_FREEZE,2.97,3.04,2.65,EXTERNAL_HISTORICAL_MARKET_BENCHMARK,NOT_AVAILABLE,NOT_GOLDBET,f1a2eeeef1dabdd66fedc8d9c5ea107947c06b8fde676502a1ed46280551667f,1517.4528872037772,1555.5545269850672,-38.10163978129003,-1.0,-1.2,-0.7999999999999998,8.00837493121253,17,17,False
7cbfd0fe4f24992b24be4601,LaLiga,2022/2023,DEVELOPMENT,2023-01-21,15:15,MATCH_KICKOFF_TIME_TIMEZONE_NOT_STATED_BY_SOURCE,,NOT_VERIFIED_DO_NOT_INFER,Espanol,Betis,1,0,H,EVALUATION_ONLY_JOIN_AFTER_PREMATCH_FEATURE_FREEZE,2.77,3.03,2.84,EXTERNAL_HISTORICAL_MARKET_BENCHMARK,NOT_AVAILABLE,NOT_GOLDBET,a0a52a98d2b7750327e8cfd45481fb92224ab2918c303c1e7dba44b9a81cf349,1480.6853750191217,1530.8391194834787,-50.15374446435703,-0.40000000000000013,0.0,-0.40000000000000013,12.613608855633402,17,16,False
c9afaad8816a706ac69c6cf2,LaLiga,2022/2023,DEVELOPMENT,2023-01-21,17:30,MATCH_KICKOFF_TIME_TIMEZONE_NOT_STATED_BY_SOURCE,,NOT_VERIFIED_DO_NOT_INFER,Ath Madrid,Valladolid,3,0,H,EVALUATION_ONLY_JOIN_AFTER_PREMATCH_FEATURE_FREEZE,1.33,5.15,9.89,EXTERNAL_HISTORICAL_MARKET_BENCHMARK,NOT_AVAILABLE,NOT_GOLDBET,ca4cd2bdfed5d266ee013140effb637e7d1ff5baf7d71bc1b41599100a85593e,1520.9381918422282,1456.157420572455,64.78077126977314,0.4,1.2,1.0,-16.53427844929297,17,17,False
b88625f21c42228f63cf72e0,LaLiga,2022/2023,DEVELOPMENT,2023-01-21,20:00,MATCH_KICKOFF_TIME_TIMEZONE_NOT_STATED_BY_SOURCE,,NOT_VERIFIED_DO_NOT_INFER,Sevilla,Cadiz,1,0,H,EVALUATION_ONLY_JOIN_AFTER_PREMATCH_FEATURE_FREEZE,1.77,3.56,5.02,EXTERNAL_HISTORICAL_MARKET_BENCHMARK,NOT_AVAILABLE,NOT_GOLDBET,cfb54f1f40a6f886a5ff71df32e37ccfc6ae697b3a49646f030b08d69a6fa0c8,1464.5782066359607,1472.637815013688,-8.059608377727272,-0.19999999999999996,-0.2,0.0,10.646957986823281,17,17,False
9f33864f3615177f80b85b72,LaLiga,2022/2023,DEVELOPMENT,2023-01-22,13:00,MATCH_KICKOFF_TIME_TIMEZONE_NOT_STATED_BY_SOURCE,,NOT_VERIFIED_DO_NOT_INFER,Villarreal,Girona,1,0,H,EVALUATION_ONLY_JOIN_AFTER_PREMATCH_FEATURE_FREEZE,1.74,3.97,4.56,EXTERNAL_HISTORICAL_MARKET_BENCHMARK,NOT_AVAILABLE,NOT_GOLDBET,a5cffd50bed634c673fb28a6bba2b450de16defb1369cd043780265f094707c5,1527.729999801354,1494.9355138055648,32.79448599578927,-0.20000000000000018,-0.39999999999999997,1.4,20.4062469603316,17,17,False
84cfb08058e1a440c9fbeae1,LaLiga,2022/2023,DEVELOPMENT,2023-01-22,15:15,MATCH_KICKOFF_TIME_TIMEZONE_NOT_STATED_BY_SOURCE,,NOT_VERIFIED_DO_NOT_INFER,Elche,Osasuna,1,1,D,EVALUATION_ONLY_JOIN_AFTER_PREMATCH_FEATURE_FREEZE,3.05,3.1,2.54,EXTERNAL_HISTORICAL_MARKET_BENCHMARK,NOT_AVAILABLE,NOT_GOLDBET,6521e4db49d348201b0a1c146ceef1b7deb90ade577841d335e02df2ae97d040,1404.2430037869756,1515.658934581058,-111.41593079408244,-1.2,-0.8,-0.8,-36.752144380238406,17,17,False
58f05fa47821c91e7931a4f5,LaLiga,2022/2023,DEVELOPMENT,2023-01-22,17:30,MATCH_KICKOFF_TIME_TIMEZONE_NOT_STATED_BY_SOURCE,,NOT_VERIFIED_DO_NOT_INFER,Barcelona,Getafe,1,0,H,EVALUATION_ONLY_JOIN_AFTER_PREMATCH_FEATURE_FREEZE,1.24,6.06,14.07,EXTERNAL_HISTORICAL_MARKET_BENCHMARK,NOT_AVAILABLE,NOT_GOLDBET,18dce9ea767492ed55ed368f9fcde0102accc3af9293051f5e19547ed7d8f8d4,1598.746216135098,1463.7672649628591,134.9789511722388,1.8,1.2,1.6,22.696640971565785,16,17,False
97a4c2e545752b6ef53fa807,LaLiga,2022/2023,DEVELOPMENT,2023-01-22,20:00,MATCH_KICKOFF_TIME_TIMEZONE_NOT_STATED_BY_SOURCE,,NOT_VERIFIED_DO_NOT_INFER,Ath Bilbao,Real Madrid,0,2,A,EVALUATION_ONLY_JOIN_AFTER_PREMATCH_FEATURE_FREEZE,2.94,3.37,2.46,EXTERNAL_HISTORICAL_MARKET_BENCHMARK,NOT_AVAILABLE,NOT_GOLDBET,7e44cec418db16be7bdb9b68c2da8cdfc5d85ae4e14bf2f6be4ce00a7dc8174d,1510.8006836989443,1577.7305174030594,-66.92983370411503,-0.3999999999999999,-0.2,0.19999999999999996,17.54166347993646,17,16,False
52926ff9eee022d2051d2853,LaLiga,2022/2023,DEVELOPMENT,2023-01-23,20:00,MATCH_KICKOFF_TIME_TIMEZONE_NOT_STATED_BY_SOURCE,,NOT_VERIFIED_DO_NOT_INFER,Valencia,Almeria,2,2,D,EVALUATION_ONLY_JOIN_AFTER_PREMATCH_FEATURE_FREEZE,1.61,4.11,5.62,EXTERNAL_HISTORICAL_MARKET_BENCHMARK,NOT_AVAILABLE,NOT_GOLDBET,cb81901063063943696030f1c719d70128f650725d7256ed0d3ff4d56db80b6e,1476.9393466864522,1469.969472175647,6.969874510805084,-0.19999999999999996,0.6,0.6000000000000001,1.7636873297592501,16,17,False
136bdf31d7057eaa2da4566f,LaLiga,2022/2023,DEVELOPMENT,2023-01-27,20:00,MATCH_KICKOFF_TIME_TIMEZONE_NOT_STATED_BY_SOURCE,,NOT_VERIFIED_DO_NOT_INFER,Almeria,Espanol,3,1,H,EVALUATION_ONLY_JOIN_AFTER_PREMATCH_FEATURE_FREEZE,2.46,3.15,3.15,EXTERNAL_HISTORICAL_MARKET_BENCHMARK,NOT_AVAILABLE,NOT_GOLDBET,e0357386186d0b66a91aab6a06c0dbec31274635819e23579e2d0020f2905707,1471.8734973355972,1490.4020528493668,-18.52855551376956,-0.40000000000000013,-0.4,0.8,-19.877775755479433,18,18,False
5fffdf7e1d9b94e09a8fbbab,LaLiga,2022/2023,DEVELOPMENT,2023-01-28,13:00,MATCH_KICKOFF_TIME_TIMEZONE_NOT_STATED_BY_SOURCE,,NOT_VERIFIED_DO_NOT_INFER,Cadiz,Mallorca,2,0,H,EVALUATION_ONLY_JOIN_AFTER_PREMATCH_FEATURE_FREEZE,2.88,2.71,3.07,EXTERNAL_HISTORICAL_MARKET_BENCHMARK,NOT_AVAILABLE,NOT_GOLDBET,a5627924f323691ef449727b0ef10f0d13453a5615f77c09802ebf1d8e94763e,1464.1217412421104,1502.6242484783263,-38.50250723621593,-0.8,-0.2,0.19999999999999996,-10.122966212534266,18,18,False
2f9dc51073c2f6a00b33082d,LaLiga,2022/2023,DEVELOPMENT,2023-01-28,15:15,MATCH_KICKOFF_TIME_TIMEZONE_NOT_STATED_BY_SOURCE,,NOT_VERIFIED_DO_NOT_INFER,Girona,Barcelona,0,1,A,EVALUATION_ONLY_JOIN_AFTER_PREMATCH_FEATURE_FREEZE,5.61,4.31,1.57,EXTERNAL_HISTORICAL_MARKET_BENCHMARK,NOT_AVAILABLE,NOT_GOLDBET,3322f4500e3111cf4951126fb485fe68304fcf806b19e50e58b534f2b6ecc1eb,1487.5446079281608,1603.6575842406723,-116.11297631251159,-1.0,-0.8,-0.5999999999999999,-8.788113969694905,18,17,False
998e8c6339582bd38a60ea2b,LaLiga,2022/2023,DEVELOPMENT,2023-01-28,17:30,MATCH_KICKOFF_TIME_TIMEZONE_NOT_STATED_BY_SOURCE,,NOT_VERIFIED_DO_NOT_INFER,Sevilla,Elche,3,0,H,EVALUATION_ONLY_JOIN_AFTER_PREMATCH_FEATURE_FREEZE,1.52,4.09,7.11,EXTERNAL_HISTORICAL_MARKET_BENCHMARK,NOT_AVAILABLE,NOT_GOLDBET,e0fd257647f83a15026e76574d240c5037568941fd4d5b2e831b145ceec49cb4,1473.0942804075382,1405.7121639247357,67.38211648280253,0.9999999999999999,0.8,0.7999999999999999,-5.585441422668282,18,18,False
308a952e9faa5015554a3ade,LaLiga,2022/2023,DEVELOPMENT,2023-01-28,20:00,MATCH_KICKOFF_TIME_TIMEZONE_NOT_STATED_BY_SOURCE,,NOT_VERIFIED_DO_NOT_INFER,Getafe,Betis,0,1,A,EVALUATION_ONLY_JOIN_AFTER_PREMATCH_FEATURE_FREEZE,3.08,2.82,2.74,EXTERNAL_HISTORICAL_MARKET_BENCHMARK,NOT_AVAILABLE,NOT_GOLDBET,010a32eb276c4e8ee6c980abd584e80364ada17bc6716162a4a4144a54a63111,1458.8558968572847,1521.1224416532336,-62.2665447959489,-0.4,0.19999999999999996,-0.3999999999999999,6.306644125999128,18,17,False
deb977d9a6f483a38be5b5bb,LaLiga,2022/2023,DEVELOPMENT,2023-01-29,13:00,MATCH_KICKOFF_TIME_TIMEZONE_NOT_STATED_BY_SOURCE,,NOT_VERIFIED_DO_NOT_INFER,Valladolid,Valencia,1,0,H,EVALUATION_ONLY_JOIN_AFTER_PREMATCH_FEATURE_FREEZE,3.14,3.2,2.42,EXTERNAL_HISTORICAL_MARKET_BENCHMARK,NOT_AVAILABLE,NOT_GOLDBET,45ad2b52c2c3e6bcbf5545de58794559bfb3ef976d7f80a8bdaaa5ce526a68b7,1449.6020534404015,1475.035321526502,-25.433268086100497,-1.0,-2.2,0.6000000000000001,23.38357176881027,18,17,False
65f2c56496374117c035801b,LaLiga,2022/2023,DEVELOPMENT,2023-01-29,15:15,MATCH_KICKOFF_TIME_TIMEZONE_NOT_STATED_BY_SOURCE,,NOT_VERIFIED_DO_NOT_INFER,Osasuna,Ath Madrid,0,1,A,EVALUATION_ONLY_JOIN_AFTER_PREMATCH_FEATURE_FREEZE,4.19,3.15,2.06,EXTERNAL_HISTORICAL_MARKET_BENCHMARK,NOT_AVAILABLE,NOT_GOLDBET,7338c2f17567a781f9aff396e58b158454ea3ac74a4848a011822a5bb0e1ae80,1514.189774443298,1527.4935589742818,-13.303784530983876,-0.3999999999999999,-1.0,0.40000000000000013,22.983785223888844,18,18,False
769e4f47cc905cd9a4cfd51a,LaLiga,2022/2023,DEVELOPMENT,2023-01-29,17:30,MATCH_KICKOFF_TIME_TIMEZONE_NOT_STATED_BY_SOURCE,,NOT_VERIFIED_DO_NOT_INFER,Celta,Ath Bilbao,1,0,H,EVALUATION_ONLY_JOIN_AFTER_PREMATCH_FEATURE_FREEZE,3.16,2.95,2.57,EXTERNAL_HISTORICAL_MARKET_BENCHMARK,NOT_AVAILABLE,NOT_GOLDBET,72d48fc89c0415d5a6d72026a51463451994be5213a459e9b687451814dd099c,1458.0112557288846,1501.0001139005374,-42.98885817165274,0.19999999999999996,0.2,0.19999999999999996,-45.201717833875364,18,18,False
1bf5be9fa1438ec375fb97c0,LaLiga,2022/2023,DEVELOPMENT,2023-01-29,20:00,MATCH_KICKOFF_TIME_TIMEZONE_NOT_STATED_BY_SOURCE,,NOT_VERIFIED_DO_NOT_INFER,Real Madrid,Sociedad,0,0,D,EVALUATION_ONLY_JOIN_AFTER_PREMATCH_FEATURE_FREEZE,1.74,3.81,4.94,EXTERNAL_HISTORICAL_MARKET_BENCHMARK,NOT_AVAILABLE,NOT_GOLDBET,20389a86e7639c79f4d3ba5bfa2fbae9c70fabe5ca3306abbe3484bcf57b2029,1587.5310872014663,1566.1839791581415,21.34710804332485,-1.2,-1.2000000000000002,-0.19999999999999973,-1.6145612789448478,17,18,False
b3b645cc094957b073b2aab3,LaLiga,2022/2023,DEVELOPMENT,2023-01-30,20:00,MATCH_KICKOFF_TIME_TIMEZONE_NOT_STATED_BY_SOURCE,,NOT_VERIFIED_DO_NOT_INFER,Villarreal,Vallecano,0,1,A,EVALUATION_ONLY_JOIN_AFTER_PREMATCH_FEATURE_FREEZE,1.76,3.71,4.88,EXTERNAL_HISTORICAL_MARKET_BENCHMARK,NOT_AVAILABLE,NOT_GOLDBET,5298c62c08bbc6e88ba571603f066ffd46e28fe60f5230a7a57b3e39529c9f95,1535.1209056787582,1506.823435030703,28.297470648055196,1.6,1.2000000000000002,0.7999999999999998,8.170158808443375,18,18,False
9dd4cd584c31bfb057f421d3,LaLiga,2022/2023,DEVELOPMENT,2023-02-01,20:00,MATCH_KICKOFF_TIME_TIMEZONE_NOT_STATED_BY_SOURCE,,NOT_VERIFIED_DO_NOT_INFER,Betis,Barcelona,1,2,A,EVALUATION_ONLY_JOIN_AFTER_PREMATCH_FEATURE_FREEZE,4.71,3.73,1.77,EXTERNAL_HISTORICAL_MARKET_BENCHMARK,NOT_AVAILABLE,NOT_GOLDBET,bf574d161ca62a08696d67376dc9375c5544cb0917e28c1c9502002ef19e84c9,1531.057206175412,1612.0564205141523,-80.99921433874033,-1.2000000000000002,-1.2000000000000002,-0.7999999999999998,-1.151104693742127,18,18,False
f1fba79901123f789b00e9cc,LaLiga,2022/2023,DEVELOPMENT,2023-02-02,20:00,MATCH_KICKOFF_TIME_TIMEZONE_NOT_STATED_BY_SOURCE,,NOT_VERIFIED_DO_NOT_INFER,Real Madrid,Valencia,2,0,H,EVALUATION_ONLY_JOIN_AFTER_PREMATCH_FEATURE_FREEZE,1.39,5.04,8.21,EXTERNAL_HISTORICAL_MARKET_BENCHMARK,NOT_AVAILABLE,NOT_GOLDBET,36a2390e8a55a26da99df7406773235f34a57ce56c5f43a384a08d9efb435bbe,1585.2315955052854,1466.0269622952128,119.20463321007264,1.2,0.8,1.2000000000000002,25.063047930285393,18,18,False
d577ef08c985f105ed66c487,LaLiga,2022/2023,DEVELOPMENT,2023-02-03,20:00,MATCH_KICKOFF_TIME_TIMEZONE_NOT_STATED_BY_SOURCE,,NOT_VERIFIED_DO_NOT_INFER,Ath Bilbao,Cadiz,4,1,H,EVALUATION_ONLY_JOIN_AFTER_PREMATCH_FEATURE_FREEZE,1.38,4.65,9.58,EXTERNAL_HISTORICAL_MARKET_BENCHMARK,NOT_AVAILABLE,NOT_GOLDBET,3c5f7fbfff7eacf8a4250e3bb34cb23e582975733ede377760be777eb3f0f1f9,1491.4893430435004,1473.5037820771572,17.9855609663432,-1.2000000000000002,-1.4,0.5999999999999999,54.808620319813144,19,19,False
0ec6622ad185debb60fd3a66,LaLiga,2022/2023,DEVELOPMENT,2023-02-04,13:00,MATCH_KICKOFF_TIME_TIMEZONE_NOT_STATED_BY_SOURCE,,NOT_VERIFIED_DO_NOT_INFER,Espanol,Osasuna,1,1,D,EVALUATION_ONLY_JOIN_AFTER_PREMATCH_FEATURE_FREEZE,2.76,3.04,2.84,EXTERNAL_HISTORICAL_MARKET_BENCHMARK,NOT_AVAILABLE,NOT_GOLDBET,029590e49beb05f942b974b894a19450a233081fe847577eb253c2305e145c53,1481.590060136289,1502.8537841105833,-21.263723974294408,0.6000000000000001,0.4,0.40000000000000013,14.428954016438865,19,19,False
639f06fa714b4cce8f22a385,LaLiga,2022/2023,DEVELOPMENT,2023-02-04,15:15,MATCH_KICKOFF_TIME_TIMEZONE_NOT_STATED_BY_SOURCE,,NOT_VERIFIED_DO_NOT_INFER,Elche,Villarreal,3,1,H,EVALUATION_ONLY_JOIN_AFTER_PREMATCH_FEATURE_FREEZE,5.24,3.94,1.67,EXTERNAL_HISTORICAL_MARKET_BENCHMARK,NOT_AVAILABLE,NOT_GOLDBET,c3a57787e4d15bcfd1509c1da2d35420634e29c4ba3c3fdfefd9c3492cb32595,1399.222614525806,1522.6328369263388,-123.4102224005328,-1.6,-1.6,-0.6000000000000001,-21.442105930893376,19,19,False
32f6ed340c09bd00a7c194d9,LaLiga,2022/2023,DEVELOPMENT,2023-02-04,17:30,MATCH_KICKOFF_TIME_TIMEZONE_NOT_STATED_BY_SOURCE,,NOT_VERIFIED_DO_NOT_INFER,Ath Madrid,Getafe,1,1,D,EVALUATION_ONLY_JOIN_AFTER_PREMATCH_FEATURE_FREEZE,1.46,4.08,8.85,EXTERNAL_HISTORICAL_MARKET_BENCHMARK,NOT_AVAILABLE,NOT_GOLDBET,6e549486e30db71f7749d72f10c8c357c376c83db698287e11d704d379eb03da,1538.8295493069963,1448.9211323351064,89.90841697188989,1.4,1.4,0.8,-22.243612954566515,19,19,False
6d896cd54b99b64db77e6313,LaLiga,2022/2023,DEVELOPMENT,2023-02-04,20:00,MATCH_KICKOFF_TIME_TIMEZONE_NOT_STATED_BY_SOURCE,,NOT_VERIFIED_DO_NOT_INFER,Betis,Celta,3,4,A,EVALUATION_ONLY_JOIN_AFTER_PREMATCH_FEATURE_FREEZE,2.08,3.28,3.86,EXTERNAL_HISTORICAL_MARKET_BENCHMARK,NOT_AVAILABLE,NOT_GOLDBET,a614f1c095b1b91e2bb6e9713ea17dca8c45c032cf336e39d2153cb51a8a6b68,1521.6608772447507,1467.5220265859216,54.13885065882914,-0.20000000000000018,-0.2,0.19999999999999996,38.368389470388365,19,19,False
d8801e402e75192696b29e25,LaLiga,2022/2023,DEVELOPMENT,2023-02-05,13:00,MATCH_KICKOFF_TIME_TIMEZONE_NOT_STATED_BY_SOURCE,,NOT_VERIFIED_DO_NOT_INFER,Mallorca,Real Madrid,1,0,H,EVALUATION_ONLY_JOIN_AFTER_PREMATCH_FEATURE_FREEZE,5.05,3.52,1.78,EXTERNAL_HISTORICAL_MARKET_BENCHMARK,NOT_AVAILABLE,NOT_GOLDBET,5c0d2977e0be15daed427da06dba5f6a61f8b9681e5f76572ca913d4b7520a06,1493.2422076432795,1590.4871349943305,-97.24492735105105,-0.8,-1.6,0.19999999999999996,-31.39202501015552,19,19,False
e48df61e90c0cc6374ed4d02,LaLiga,2022/2023,DEVELOPMENT,2023-02-05,15:15,MATCH_KICKOFF_TIME_TIMEZONE_NOT_STATED_BY_SOURCE,,NOT_VERIFIED_DO_NOT_INFER,Girona,Valencia,1,0,H,EVALUATION_ONLY_JOIN_AFTER_PREMATCH_FEATURE_FREEZE,2.32,3.28,3.26,EXTERNAL_HISTORICAL_MARKET_BENCHMARK,NOT_AVAILABLE,NOT_GOLDBET,1194467165259c2ea909b5135582f1f235b977fc885396704de19f00f8951899,1479.1457716546809,1460.7714228061677,18.374348848513137,0.8,0.8,1.2000000000000002,22.67027546022109,19,19,False
af69dcca97a227b5ea65c3b0,LaLiga,2022/2023,DEVELOPMENT,2023-02-05,17:30,MATCH_KICKOFF_TIME_TIMEZONE_NOT_STATED_BY_SOURCE,,NOT_VERIFIED_DO_NOT_INFER,Sociedad,Valladolid,0,1,A,EVALUATION_ONLY_JOIN_AFTER_PREMATCH_FEATURE_FREEZE,1.48,4.25,7.48,EXTERNAL_HISTORICAL_MARKET_BENCHMARK,NOT_AVAILABLE,NOT_GOLDBET,e9fe26fd30b0a622d15ab584a2d6c15c627c122c03d253711e68ff4a4c5f5b64,1568.4834708543224,1458.6104126716907,109.87305818263167,2.0,2.8,2.0,7.842732942974408,19,19,False
957dd351f485176ff878028c,LaLiga,2022/2023,DEVELOPMENT,2023-02-05,20:00,MATCH_KICKOFF_TIME_TIMEZONE_NOT_STATED_BY_SOURCE,,NOT_VERIFIED_DO_NOT_INFER,Barcelona,Sevilla,3,0,H,EVALUATION_ONLY_JOIN_AFTER_PREMATCH_FEATURE_FREEZE,1.31,5.47,10.23,EXTERNAL_HISTORICAL_MARKET_BENCHMARK,NOT_AVAILABLE,NOT_GOLDBET,43626916685544be39fcc2a851864a01d997aa92b19a13514ed3836c4917aa31,1621.4527494448134,1479.583829806468,141.86891963834546,0.6000000000000001,0.0,1.6,34.345725710129045,19,19,False
62034c018d6f98d393792ea7,LaLiga,2022/2023,DEVELOPMENT,2023-02-06,20:00,MATCH_KICKOFF_TIME_TIMEZONE_NOT_STATED_BY_SOURCE,,NOT_VERIFIED_DO_NOT_INFER,Vallecano,Almeria,2,0,H,EVALUATION_ONLY_JOIN_AFTER_PREMATCH_FEATURE_FREEZE,1.92,3.46,4.33,EXTERNAL_HISTORICAL_MARKET_BENCHMARK,NOT_AVAILABLE,NOT_GOLDBET,d731c8a0cb4bcfa83aa20152be699510f711328d27da19534c1502c41a927562,1519.3115037831224,1480.685490048675,38.62601373444727,0.19999999999999996,-0.2,0.9999999999999999,14.372809859668223,19,19,False
15e4e34235e102ee640ff848,LaLiga,2022/2023,DEVELOPMENT,2023-02-10,20:00,MATCH_KICKOFF_TIME_TIMEZONE_NOT_STATED_BY_SOURCE,,NOT_VERIFIED_DO_NOT_INFER,Cadiz,Girona,2,0,H,EVALUATION_ONLY_JOIN_AFTER_PREMATCH_FEATURE_FREEZE,3.13,3.08,2.51,EXTERNAL_HISTORICAL_MARKET_BENCHMARK,NOT_AVAILABLE,NOT_GOLDBET,13eaf7a58bd59425d22cb410a6dfd0da6f0c1b3388042a146cd142e92fb81166,1465.7114351885677,1486.927476343108,-21.216041154540335,0.0,-0.2,0.8,-37.22240963914669,20,20,False
b59c33ee976569633a53bedd,LaLiga,2022/2023,DEVELOPMENT,2023-02-11,15:15,MATCH_KICKOFF_TIME_TIMEZONE_NOT_STATED_BY_SOURCE,,NOT_VERIFIED_DO_NOT_INFER,Almeria,Betis,2,3,A,EVALUATION_ONLY_JOIN_AFTER_PREMATCH_FEATURE_FREEZE,2.9,3.33,2.52,EXTERNAL_HISTORICAL_MARKET_BENCHMARK,NOT_AVAILABLE,NOT_GOLDBET,263d033fa484bd72b66e1b86137d869bdc23ba7066af5ed63c02d6fe79890ebe,1473.4503066398859,1508.4889920040964,-35.03868536421055,-0.19999999999999996,-0.2,0.19999999999999996,1.5273327095790137,20,20,False
8cdd66663923be5a80dbe0c6,LaLiga,2022/2023,DEVELOPMENT,2023-02-11,17:30,MATCH_KICKOFF_TIME_TIMEZONE_NOT_STATED_BY_SOURCE,,NOT_VERIFIED_DO_NOT_INFER,Sevilla,Mallorca,2,0,H,EVALUATION_ONLY_JOIN_AFTER_PREMATCH_FEATURE_FREEZE,1.9,3.17,4.95,EXTERNAL_HISTORICAL_MARKET_BENCHMARK,NOT_AVAILABLE,NOT_GOLDBET,365017bff2afee0f849dca6db697650234b3390fc9f1dc04e8be1ae1834fe37a,1474.8179333388532,1504.3101152508143,-29.492181911961097,0.0,0.2,0.6000000000000001,-6.122057254813626,20,20,False
bbf22d41cf0946d0538e560e,LaLiga,2022/2023,DEVELOPMENT,2023-02-11,20:00,MATCH_KICKOFF_TIME_TIMEZONE_NOT_STATED_BY_SOURCE,,NOT_VERIFIED_DO_NOT_INFER,Valencia,Ath Bilbao,1,2,A,EVALUATION_ONLY_JOIN_AFTER_PREMATCH_FEATURE_FREEZE,3.2,3.22,2.38,EXTERNAL_HISTORICAL_MARKET_BENCHMARK,NOT_AVAILABLE,NOT_GOLDBET,15e7a2e1f82576beaaf317e9b805290c1e4f7614d135fcfd4c799e8ac36af4a1,1452.9897181177405,1499.2816899320899,-46.29197181434938,-0.6000000000000001,-0.6,0.6000000000000001,-22.95759857861958,20,20,False
f1a86c7ba8d3aa6b18fd2427,LaLiga,2022/2023,DEVELOPMENT,2023-02-12,13:00,MATCH_KICKOFF_TIME_TIMEZONE_NOT_STATED_BY_SOURCE,,NOT_VERIFIED_DO_NOT_INFER,Getafe,Vallecano,1,1,D,EVALUATION_ONLY_JOIN_AFTER_PREMATCH_FEATURE_FREEZE,3.24,2.85,2.61,EXTERNAL_HISTORICAL_MARKET_BENCHMARK,NOT_AVAILABLE,NOT_GOLDBET,15c5f8e0cf94ec6b08b1363279ae5575b14ac78438bc81932662a21a55270bef,1452.9866323499364,1526.5466871919116,-73.56005484197522,-1.6,-1.0,-1.2000000000000002,6.7661010593640185,20,20,False
a6d8a08b7233a83aa19b3530,LaLiga,2022/2023,DEVELOPMENT,2023-02-12,15:15,MATCH_KICKOFF_TIME_TIMEZONE_NOT_STATED_BY_SOURCE,,NOT_VERIFIED_DO_NOT_INFER,Celta,Ath Madrid,0,1,A,EVALUATION_ONLY_JOIN_AFTER_PREMATCH_FEATURE_FREEZE,3.68,3.18,2.19,EXTERNAL_HISTORICAL_MARKET_BENCHMARK,NOT_AVAILABLE,NOT_GOLDBET,988ff0f3c2e4ce5ee044b94b4add25fa30b0c8a736f369e86742b6671b45c035,1480.693911826576,1534.7640492921664,-54.070137465590506,0.3999999999999999,-0.19999999999999996,-0.19999999999999996,-4.3221356894268865,20,20,False
563b3024914457cb70ac453a,LaLiga,2022/2023,DEVELOPMENT,2023-02-12,17:30,MATCH_KICKOFF_TIME_TIMEZONE_NOT_STATED_BY_SOURCE,,NOT_VERIFIED_DO_NOT_INFER,Valladolid,Osasuna,0,0,D,EVALUATION_ONLY_JOIN_AFTER_PREMATCH_FEATURE_FREEZE,2.4,3.14,3.25,EXTERNAL_HISTORICAL_MARKET_BENCHMARK,NOT_AVAILABLE,NOT_GOLDBET,5ff3daf61ba8d124ba04f4654649f8542a8b3368e149c163c53ac670d73fbf56,1473.144111911782,1503.9641069580293,-30.819995046247413,0.0,-0.6,0.6000000000000001,25.98181933113733,20,20,False
60b6d288ba777563269210bb,LaLiga,2022/2023,DEVELOPMENT,2023-02-12,20:00,MATCH_KICKOFF_TIME_TIMEZONE_NOT_STATED_BY_SOURCE,,NOT_VERIFIED_DO_NOT_INFER,Villarreal,Barcelona,0,1,A,EVALUATION_ONLY_JOIN_AFTER_PREMATCH_FEATURE_FREEZE,4.71,3.71,1.78,EXTERNAL_HISTORICAL_MARKET_BENCHMARK,NOT_AVAILABLE,NOT_GOLDBET,aa0bfc66fddadb7be5b0caeba3b7857f7b913db8fc81d823d992c1dabb12537e,1510.8277420044149,1626.2186459124282,-115.39090390801334,-1.6,-1.5999999999999999,-1.2,-7.648146153310563,20,20,False
2cc8cc8d30eac06c2840c99a,LaLiga,2022/2023,DEVELOPMENT,2023-02-13,20:00,MATCH_KICKOFF_TIME_TIMEZONE_NOT_STATED_BY_SOURCE,,NOT_VERIFIED_DO_NOT_INFER,Espanol,Sociedad,2,3,A,EVALUATION_ONLY_JOIN_AFTER_PREMATCH_FEATURE_FREEZE,4.01,3.07,2.14,EXTERNAL_HISTORICAL_MARKET_BENCHMARK,NOT_AVAILABLE,NOT_GOLDBET,c0dee5402be8c7312b3c40ca17b26b5ac9e5e63b8ba4047d753d98f4922b090a,1480.479737288843,1553.9497716142312,-73.47003432538827,-0.3999999999999999,-1.0,-0.8,-19.03189218924672,20,20,False
d2c31cbfb657d18ec64103a0,LaLiga,2022/2023,DEVELOPMENT,2023-02-15,20:00,MATCH_KICKOFF_TIME_TIMEZONE_NOT_STATED_BY_SOURCE,,NOT_VERIFIED_DO_NOT_INFER,Real Madrid,Elche,4,0,H,EVALUATION_ONLY_JOIN_AFTER_PREMATCH_FEATURE_FREEZE,1.21,6.77,14.12,EXTERNAL_HISTORICAL_MARKET_BENCHMARK,NOT_AVAILABLE,NOT_GOLDBET,334c1e312285e2ae06b08cb06dd306ead37e5bde61fbec732f8802b1063cfde8,1579.4192273867957,1411.0277094477299,168.3915179390658,0.3999999999999999,0.8,1.8000000000000003,22.209263796285086,20,20,False
2d7b2f20f033b40381275f46,LaLiga,2022/2023,DEVELOPMENT,2023-02-17,20:00,MATCH_KICKOFF_TIME_TIMEZONE_NOT_STATED_BY_SOURCE,,NOT_VERIFIED_DO_NOT_INFER,Girona,Almeria,6,2,H,EVALUATION_ONLY_JOIN_AFTER_PREMATCH_FEATURE_FREEZE,1.86,3.67,4.29,EXTERNAL_HISTORICAL_MARKET_BENCHMARK,NOT_AVAILABLE,NOT_GOLDBET,7ef0a6ce7ff47f4eaa842d3502765896565e44a4c6b8a26c53da3b075ed2de58,1478.0391546723172,1462.7330958189075,15.306058853409695,0.19999999999999996,-0.2,1.6,2.9059855879604584,21,21,False
b74a92d4b8b9ed73e0d10c03,LaLiga,2022/2023,DEVELOPMENT,2023-02-18,13:00,MATCH_KICKOFF_TIME_TIMEZONE_NOT_STATED_BY_SOURCE,,NOT_VERIFIED_DO_NOT_INFER,Sociedad,Celta,1,1,D,EVALUATION_ONLY_JOIN_AFTER_PREMATCH_FEATURE_FREEZE,1.81,3.42,5.06,EXTERNAL_HISTORICAL_MARKET_BENCHMARK,NOT_AVAILABLE,NOT_GOLDBET,28dcba82e96c07a94547684f7634f690f0150e74732ab0a357785c806d3fa5a7,1563.5622669949298,1470.5232532337695,93.03901376116028,0.6000000000000001,0.8,0.0,-3.6053612162538684,21,21,False
f90f59fc917d0c6663571ac6,LaLiga,2022/2023,DEVELOPMENT,2023-02-18,15:15,MATCH_KICKOFF_TIME_TIMEZONE_NOT_STATED_BY_SOURCE,,NOT_VERIFIED_DO_NOT_INFER,Betis,Valladolid,2,1,H,EVALUATION_ONLY_JOIN_AFTER_PREMATCH_FEATURE_FREEZE,1.67,3.95,5.28,EXTERNAL_HISTORICAL_MARKET_BENCHMARK,NOT_AVAILABLE,NOT_GOLDBET,0cead456dc41f835392c28324957386e877b663bb4889ce933b7bafffe9deb30,1519.2062028250748,1472.3062130497574,46.89998977531741,-0.19999999999999996,0.2,-0.19999999999999996,-16.546673588762133,21,21,False
c7d52b7467bf15b35d9a04e2,LaLiga,2022/2023,DEVELOPMENT,2023-02-18,17:30,MATCH_KICKOFF_TIME_TIMEZONE_NOT_STATED_BY_SOURCE,,NOT_VERIFIED_DO_NOT_INFER,Mallorca,Villarreal,4,2,H,EVALUATION_ONLY_JOIN_AFTER_PREMATCH_FEATURE_FREEZE,3.21,2.91,2.6,EXTERNAL_HISTORICAL_MARKET_BENCHMARK,NOT_AVAILABLE,NOT_GOLDBET,5633f4632660be8f30918a400db1107b1d6b5472a1e983cc3b69ed6dd8ed615c,1495.1859509983808,1502.4086489216702,-7.222697923289388,0.3999999999999999,0.0,1.8,1.9560139715938476,21,21,False
2b96a43789cf3ce853ef1d53,LaLiga,2022/2023,DEVELOPMENT,2023-02-18,20:00,MATCH_KICKOFF_TIME_TIMEZONE_NOT_STATED_BY_SOURCE,,NOT_VERIFIED_DO_NOT_INFER,Osasuna,Real Madrid,0,2,A,EVALUATION_ONLY_JOIN_AFTER_PREMATCH_FEATURE_FREEZE,5.33,3.79,1.69,EXTERNAL_HISTORICAL_MARKET_BENCHMARK,NOT_AVAILABLE,NOT_GOLDBET,39f39e4e4d6d88c6717ab90d475e05a1bb45b2542ff3ab612fb1bf0589de4bc0,1504.8020058200539,1583.6531649344433,-78.85115911438947,-0.8,-1.4,0.6000000000000001,-11.497535328830281,21,21,False
e0157e20eeb81ba3d4326eea,LaLiga,2022/2023,DEVELOPMENT,2023-02-19,13:00,MATCH_KICKOFF_TIME_TIMEZONE_NOT_STATED_BY_SOURCE,,NOT_VERIFIED_DO_NOT_INFER,Elche,Espanol,0,1,A,EVALUATION_ONLY_JOIN_AFTER_PREMATCH_FEATURE_FREEZE,2.67,3,2.97,EXTERNAL_HISTORICAL_MARKET_BENCHMARK,NOT_AVAILABLE,NOT_GOLDBET,b2070370bfdcc970622698aeccc27613cbdf9032151f35b193d2919b4907ae83,1406.7937719000822,1470.8672419081443,-64.07347000806203,-0.3999999999999999,-0.8,-0.3999999999999999,6.3959977862682535,21,21,False
748d5a88ff958b1dbf5221d2,LaLiga,2022/2023,DEVELOPMENT,2023-02-19,15:15,MATCH_KICKOFF_TIME_TIMEZONE_NOT_STATED_BY_SOURCE,,NOT_VERIFIED_DO_NOT_INFER,Vallecano,Sevilla,1,1,D,EVALUATION_ONLY_JOIN_AFTER_PREMATCH_FEATURE_FREEZE,2.37,3.13,3.31,EXTERNAL_HISTORICAL_MARKET_BENCHMARK,NOT_AVAILABLE,NOT_GOLDBET,b8801db42a6bca9142e0b51babba2dcf4cea834755d215240b2bdf446ab21f19,1526.156595490538,1483.9420975912867,42.21449789925123,0.19999999999999996,0.0,0.9999999999999999,-0.017434978440860505,21,21,False
be592f610d1b49bad58bdf02,LaLiga,2022/2023,DEVELOPMENT,2023-02-19,17:30,MATCH_KICKOFF_TIME_TIMEZONE_NOT_STATED_BY_SOURCE,,NOT_VERIFIED_DO_NOT_INFER,Ath Madrid,Ath Bilbao,1,0,H,EVALUATION_ONLY_JOIN_AFTER_PREMATCH_FEATURE_FREEZE,1.97,3.33,4.3,EXTERNAL_HISTORICAL_MARKET_BENCHMARK,NOT_AVAILABLE,NOT_GOLDBET,724e3161d7b56d086f164ae212fc8adf180d838d28859593ea7d6b9550b882b0,1544.9347078849728,1509.6760340967382,35.258673788234546,1.0000000000000002,1.2,0.8,-28.022250551111256,21,21,False
a25703388e387f3cdac757f7,LaLiga,2022/2023,DEVELOPMENT,2023-02-19,20:00,MATCH_KICKOFF_TIME_TIMEZONE_NOT_STATED_BY_SOURCE,,NOT_VERIFIED_DO_NOT_INFER,Barcelona,Cadiz,2,0,H,EVALUATION_ONLY_JOIN_AFTER_PREMATCH_FEATURE_FREEZE,1.23,6.39,13.4,EXTERNAL_HISTORICAL_MARKET_BENCHMARK,NOT_AVAILABLE,NOT_GOLDBET,669994f2f39c58b5a12c8ea13326965475c8ad10bb6d7a5e2ae8aba9f01feaa5,1634.6377389951729,1474.5997568593586,160.03798213581422,1.6,1.4,1.8,25.32807644728814,21,21,False
586cb315d715b1c84936f862,LaLiga,2022/2023,DEVELOPMENT,2023-02-20,20:00,MATCH_KICKOFF_TIME_TIMEZONE_NOT_STATED_BY_SOURCE,,NOT_VERIFIED_DO_NOT_INFER,Getafe,Valencia,1,0,H,EVALUATION_ONLY_JOIN_AFTER_PREMATCH_FEATURE_FREEZE,3.24,2.83,2.63,EXTERNAL_HISTORICAL_MARKET_BENCHMARK,NOT_AVAILABLE,NOT_GOLDBET,24eb66a1da610580806128aa307138f80c2ad7390da3255291d7078a12bbc18c,1453.37672405131,1442.5953739530921,10.7813500982179,0.2,0.4,0.8,34.159601814786356,21,21,False
b9b96dbacfa2aafac27bfb7e,LaLiga,2022/2023,DEVELOPMENT,2023-02-24,20:00,MATCH_KICKOFF_TIME_TIMEZONE_NOT_STATED_BY_SOURCE,,NOT_VERIFIED_DO_NOT_INFER,Elche,Betis,2,3,A,EVALUATION_ONLY_JOIN_AFTER_PREMATCH_FEATURE_FREEZE,3.65,3.5,2.05,EXTERNAL_HISTORICAL_MARKET_BENCHMARK,NOT_AVAILABLE,NOT_GOLDBET,ffda1c28b044c55370880079eb54cd466de5346f55d86a876136e4e16ec94afe,1396.9110104196782,1526.2229259961923,-129.31191557651414,-1.0,-1.4,-1.0,15.49633151257467,22,22,False
e7a86cb612402e3b75a6b3a3,LaLiga,2022/2023,DEVELOPMENT,2023-02-25,13:00,MATCH_KICKOFF_TIME_TIMEZONE_NOT_STATED_BY_SOURCE,,NOT_VERIFIED_DO_NOT_INFER,Espanol,Mallorca,2,1,H,EVALUATION_ONLY_JOIN_AFTER_PREMATCH_FEATURE_FREEZE,2.59,2.82,3.29,EXTERNAL_HISTORICAL_MARKET_BENCHMARK,NOT_AVAILABLE,NOT_GOLDBET,2b5fd1b678b40a8569f931c3dd8702e9954b74190dff7991efe1e2b1fd416c29,1480.7500033885483,1503.67847544555,-22.928472057001727,-0.40000000000000013,-0.2,0.4,-6.202374590540103,22,22,False
b5cf635260e45960caec8436,LaLiga,2022/2023,DEVELOPMENT,2023-02-25,15:15,MATCH_KICKOFF_TIME_TIMEZONE_NOT_STATED_BY_SOURCE,,NOT_VERIFIED_DO_NOT_INFER,Cadiz,Vallecano,1,0,H,EVALUATION_ONLY_JOIN_AFTER_PREMATCH_FEATURE_FREEZE,2.99,2.97,2.7,EXTERNAL_HISTORICAL_MARKET_BENCHMARK,NOT_AVAILABLE,NOT_GOLDBET,b8cbb7322b83d95c27e15192a883d744631ecc4ad334ea7e2af1db7fb59ad046,1470.2030989577495,1523.296664331108,-53.093565373358615,-0.40000000000000013,-0.6000000000000001,0.0,14.393472168469089,22,22,False
4511d7b46a38eceb75382ddf,LaLiga,2022/2023,DEVELOPMENT,2023-02-25,17:30,MATCH_KICKOFF_TIME_TIMEZONE_NOT_STATED_BY_SOURCE,,NOT_VERIFIED_DO_NOT_INFER,Real Madrid,Ath Madrid,1,1,D,EVALUATION_ONLY_JOIN_AFTER_PREMATCH_FEATURE_FREEZE,1.82,3.53,4.81,EXTERNAL_HISTORICAL_MARKET_BENCHMARK,NOT_AVAILABLE,NOT_GOLDBET,1370dfa99d8a7ad6e8e68c91aae31c9ebfb5b8f78ea6edbd219dd31a04b0e2ab,1593.1111167728802,1552.2596400574903,40.851476715389936,-0.6000000000000001,0.19999999999999996,0.8000000000000003,6.328918218048784,22,22,False
5659681b379581f0d0131642,LaLiga,2022/2023,DEVELOPMENT,2023-02-25,20:00,MATCH_KICKOFF_TIME_TIMEZONE_NOT_STATED_BY_SOURCE,,NOT_VERIFIED_DO_NOT_INFER,Valencia,Sociedad,1,0,H,EVALUATION_ONLY_JOIN_AFTER_PREMATCH_FEATURE_FREEZE,3.28,3.09,2.42,EXTERNAL_HISTORICAL_MARKET_BENCHMARK,NOT_AVAILABLE,NOT_GOLDBET,751956c2025968ecbcda70b74968f02894b26e10e1e56b5e5ebcb353669bf8d6,1434.6049005191076,1559.4218306514144,-124.81693013230688,-1.6,-1.6,-1.8,-9.591908603155616,22,22,False
4848598ec7db42999842fa5a,LaLiga,2022/2023,DEVELOPMENT,2023-02-26,13:00,MATCH_KICKOFF_TIME_TIMEZONE_NOT_STATED_BY_SOURCE,,NOT_VERIFIED_DO_NOT_INFER,Ath Bilbao,Girona,2,3,A,EVALUATION_ONLY_JOIN_AFTER_PREMATCH_FEATURE_FREEZE,1.66,3.89,5.51,EXTERNAL_HISTORICAL_MARKET_BENCHMARK,NOT_AVAILABLE,NOT_GOLDBET,06c5bc13a8dc220404ab97a0fa6b64bb51c180896113b4f02f66ae38f7c44d04,1502.3511019242208,1485.9049887599836,16.446113164237204,0.0,-0.2,1.0,-2.6867113287710254,22,22,False
0cfbb2a7258ae1389b25140d,LaLiga,2022/2023,DEVELOPMENT,2023-02-26,15:15,MATCH_KICKOFF_TIME_TIMEZONE_NOT_STATED_BY_SOURCE,,NOT_VERIFIED_DO_NOT_INFER,Celta,Valladolid,3,0,H,EVALUATION_ONLY_JOIN_AFTER_PREMATCH_FEATURE_FREEZE,1.69,3.9,5.1,EXTERNAL_HISTORICAL_MARKET_BENCHMARK,NOT_AVAILABLE,NOT_GOLDBET,29c7b6bc5c390dc1b567530d50b6a5578fb98fef20f11f2b4f80914b7fbb445f,1474.663689577285,1465.2894898786399,9.374199698645043,0.0,0.4,0.4,5.701831746745938,22,22,False
c0e39742042559c2e03a9d61,LaLiga,2022/2023,DEVELOPMENT,2023-02-26,17:30,MATCH_KICKOFF_TIME_TIMEZONE_NOT_STATED_BY_SOURCE,,NOT_VERIFIED_DO_NOT_INFER,Almeria,Barcelona,1,0,H,EVALUATION_ONLY_JOIN_AFTER_PREMATCH_FEATURE_FREEZE,7.04,4.79,1.44,EXTERNAL_HISTORICAL_MARKET_BENCHMARK,NOT_AVAILABLE,NOT_GOLDBET,f884267c01c7b01499eb60d3a4de5f4a35e4b4369229481cbc472ab38b9e5db3,1454.8672617312411,1639.034396896782,-184.1671351655409,-2.2,-2.6,-1.6,-2.0864185556918073,22,22,False
95c370f40dd0e60e7303df09,LaLiga,2022/2023,DEVELOPMENT,2023-02-26,20:00,MATCH_KICKOFF_TIME_TIMEZONE_NOT_STATED_BY_SOURCE,,NOT_VERIFIED_DO_NOT_INFER,Sevilla,Osasuna,2,3,A,EVALUATION_ONLY_JOIN_AFTER_PREMATCH_FEATURE_FREEZE,1.71,3.63,5.5,EXTERNAL_HISTORICAL_MARKET_BENCHMARK,NOT_AVAILABLE,NOT_GOLDBET,864aec56bd83ec6c7749961c2d9686fa7ab277a1bccbc7abd490d75b042ff292,1486.8020287507165,1495.344053981617,-8.542025230900435,1.4,1.2,1.5999999999999999,12.029107876163607,22,22,False
3a17a22a61722686ed311359,LaLiga,2022/2023,DEVELOPMENT,2023-02-27,20:00,MATCH_KICKOFF_TIME_TIMEZONE_NOT_STATED_BY_SOURCE,,NOT_VERIFIED_DO_NOT_INFER,Villarreal,Getafe,2,1,H,EVALUATION_ONLY_JOIN_AFTER_PREMATCH_FEATURE_FREEZE,1.73,3.45,5.81,EXTERNAL_HISTORICAL_MARKET_BENCHMARK,NOT_AVAILABLE,NOT_GOLDBET,be90157241c3723bd7a615f662ca6b5cd11f785237497350d8691fb117cc8d69,1493.916124474501,1461.3671974852946,32.54892698920639,-0.4,-0.8,1.0,-21.090821593489636,22,22,False
2ccd907be88a9f840ef078b1,LaLiga,2022/2023,DEVELOPMENT,2023-03-03,20:00,MATCH_KICKOFF_TIME_TIMEZONE_NOT_STATED_BY_SOURCE,,NOT_VERIFIED_DO_NOT_INFER,Sociedad,Cadiz,0,0,D,EVALUATION_ONLY_JOIN_AFTER_PREMATCH_FEATURE_FREEZE,1.52,3.86,7.59,EXTERNAL_HISTORICAL_MARKET_BENCHMARK,NOT_AVAILABLE,NOT_GOLDBET,55ae97adf7bddb97048ab058e4020bf54f74f56210b16f073dc429c70c5c41b9,1547.5775955037063,1480.0043419687877,67.57325353491865,-0.8,-0.2,1.0,-41.44521605526779,23,23,False
7ac17c8de5eb0a901ae7fab5,LaLiga,2022/2023,DEVELOPMENT,2023-03-04,13:00,MATCH_KICKOFF_TIME_TIMEZONE_NOT_STATED_BY_SOURCE,,NOT_VERIFIED_DO_NOT_INFER,Getafe,Girona,3,2,H,EVALUATION_ONLY_JOIN_AFTER_PREMATCH_FEATURE_FREEZE,2.71,2.96,2.97,EXTERNAL_HISTORICAL_MARKET_BENCHMARK,NOT_AVAILABLE,NOT_GOLDBET,edd69b98ea0f6a4e210d13dfcf9007f9c2dfec9fdb8e0cbebd1854b1dde7d55a,1453.969703766287,1498.0704515036257,-44.10074773733868,-0.8,-0.8,0.0,5.557107320239766,23,23,False
82238d960440854c91153712,LaLiga,2022/2023,DEVELOPMENT,2023-03-04,15:15,MATCH_KICKOFF_TIME_TIMEZONE_NOT_STATED_BY_SOURCE,,NOT_VERIFIED_DO_NOT_INFER,Almeria,Villarreal,0,2,A,EVALUATION_ONLY_JOIN_AFTER_PREMATCH_FEATURE_FREEZE,3.32,3.53,2.18,EXTERNAL_HISTORICAL_MARKET_BENCHMARK,NOT_AVAILABLE,NOT_GOLDBET,6a1b723681207f6dfa728a29cfc760cb62c9de40a9bc5ed47b5f443a1940e0b5,1468.2963189405668,1501.3136181935085,-33.01729925294171,0.6,0.19999999999999996,0.5999999999999999,29.29165125061445,23,23,False
f15177f3e495a03deb19a8c6,LaLiga,2022/2023,DEVELOPMENT,2023-03-04,17:30,MATCH_KICKOFF_TIME_TIMEZONE_NOT_STATED_BY_SOURCE,,NOT_VERIFIED_DO_NOT_INFER,Mallorca,Elche,0,1,A,EVALUATION_ONLY_JOIN_AFTER_PREMATCH_FEATURE_FREEZE,1.66,3.47,6.4,EXTERNAL_HISTORICAL_MARKET_BENCHMARK,NOT_AVAILABLE,NOT_GOLDBET,6b8929cedc9652710f5f45accfc02f348509b0c1fc65ac2b31f1efa973a98861,1494.7414488711895,1388.8799168833639,105.86153198782563,0.6,0.9999999999999999,2.8,-11.930210147899516,23,23,False
2bfa4ed094774137278f2c72,LaLiga,2022/2023,DEVELOPMENT,2023-03-04,20:00,MATCH_KICKOFF_TIME_TIMEZONE_NOT_STATED_BY_SOURCE,,NOT_VERIFIED_DO_NOT_INFER,Ath Madrid,Sevilla,6,1,H,EVALUATION_ONLY_JOIN_AFTER_PREMATCH_FEATURE_FREEZE,1.63,3.75,6.02,EXTERNAL_HISTORICAL_MARKET_BENCHMARK,NOT_AVAILABLE,NOT_GOLDBET,56eeaf56ea40b2dba75f8740c348fc33b6a7b70f6a32d450f5eab67a9aa1b158,1555.0835088139897,1475.3316846308087,79.75182418318104,0.8000000000000003,0.39999999999999997,1.4,-1.276741723583882,23,23,False
46610a4d0a7f274c853511fb,LaLiga,2022/2023,DEVELOPMENT,2023-03-05,13:00,MATCH_KICKOFF_TIME_TIMEZONE_NOT_STATED_BY_SOURCE,,NOT_VERIFIED_DO_NOT_INFER,Valladolid,Espanol,2,1,H,EVALUATION_ONLY_JOIN_AFTER_PREMATCH_FEATURE_FREEZE,2.29,3.23,3.36,EXTERNAL_HISTORICAL_MARKET_BENCHMARK,NOT_AVAILABLE,NOT_GOLDBET,1486a43a5c04686a69f8f8e6f1d06f7e7757d3f89891ec4c65c1f3232d6a5646,1457.260119467681,1489.6870299629088,-32.42691049522773,0.0,-0.2,-0.20000000000000018,20.440698267033895,23,23,False
6074bc89f9afc420ce957336,LaLiga,2022/2023,DEVELOPMENT,2023-03-05,15:15,MATCH_KICKOFF_TIME_TIMEZONE_NOT_STATED_BY_SOURCE,,NOT_VERIFIED_DO_NOT_INFER,Barcelona,Valencia,1,0,H,EVALUATION_ONLY_JOIN_AFTER_PREMATCH_FEATURE_FREEZE,1.34,5.1,9.84,EXTERNAL_HISTORICAL_MARKET_BENCHMARK,NOT_AVAILABLE,NOT_GOLDBET,7c0e6ba86dafb424698167f79cf7f9e4cc05fb6856f950318f9703a04b13c0fc,1625.6053396874563,1446.4491356668157,179.15620402064064,1.7999999999999998,2.0,2.6,-25.10436304357745,23,23,False
e209079fb1499560776d776c,LaLiga,2022/2023,DEVELOPMENT,2023-03-05,17:30,MATCH_KICKOFF_TIME_TIMEZONE_NOT_STATED_BY_SOURCE,,NOT_VERIFIED_DO_NOT_INFER,Vallecano,Ath Bilbao,0,0,D,EVALUATION_ONLY_JOIN_AFTER_PREMATCH_FEATURE_FREEZE,2.82,3.02,2.79,EXTERNAL_HISTORICAL_MARKET_BENCHMARK,NOT_AVAILABLE,NOT_GOLDBET,225eb990b4f0cb8d42489bcecb97f36552ee570af2b0a1544e09c2257e11e600,1513.49542132007,1490.1856391805786,23.30978213949129,0.40000000000000013,0.2,0.19999999999999996,1.5187544115333367,23,23,False
4f324dad37566869673d5990,LaLiga,2022/2023,DEVELOPMENT,2023-03-05,20:00,MATCH_KICKOFF_TIME_TIMEZONE_NOT_STATED_BY_SOURCE,,NOT_VERIFIED_DO_NOT_INFER,Betis,Real Madrid,0,0,D,EVALUATION_ONLY_JOIN_AFTER_PREMATCH_FEATURE_FREEZE,4.76,3.97,1.72,EXTERNAL_HISTORICAL_MARKET_BENCHMARK,NOT_AVAILABLE,NOT_GOLDBET,d3fc3d28f448a19a5f21cfc52f3f1b3efa6491a9f25f9fdbab8cf1aa84b50de8,1534.2540195325066,1590.2872480163808,-56.033228483874154,-0.19999999999999996,-1.2,-0.8,-1.0225096108740672,23,23,False
6778820ec89040557397fd61,LaLiga,2022/2023,DEVELOPMENT,2023-03-06,20:00,MATCH_KICKOFF_TIME_TIMEZONE_NOT_STATED_BY_SOURCE,,NOT_VERIFIED_DO_NOT_INFER,Osasuna,Celta,0,0,D,EVALUATION_ONLY_JOIN_AFTER_PREMATCH_FEATURE_FREEZE,2.63,3.12,2.92,EXTERNAL_HISTORICAL_MARKET_BENCHMARK,NOT_AVAILABLE,NOT_GOLDBET,237d5140081f6b49672bc97b8ca72d5c66f6ded04730e4b1ce479d13e66c66d9,1506.8143981015248,1482.6930599882437,24.121338113281126,-1.0,-1.2000000000000002,-0.40000000000000013,-6.7187745207022544,23,23,False
d4264e8b99106b40a8c23a34,LaLiga,2022/2023,DEVELOPMENT,2023-03-10,20:00,MATCH_KICKOFF_TIME_TIMEZONE_NOT_STATED_BY_SOURCE,,NOT_VERIFIED_DO_NOT_INFER,Cadiz,Getafe,2,2,D,EVALUATION_ONLY_JOIN_AFTER_PREMATCH_FEATURE_FREEZE,2.49,2.82,3.49,EXTERNAL_HISTORICAL_MARKET_BENCHMARK,NOT_AVAILABLE,NOT_GOLDBET,3446f12e2f9b89947af087f029a2e1c91d83d79aa8300d8e1fa5786303d10326,1483.5196150567297,1463.5124056708519,20.007209385877786,-0.20000000000000018,-0.6000000000000001,2.0,36.794126357293635,24,24,False
b20f0497993e5ac671cbcb75,LaLiga,2022/2023,DEVELOPMENT,2023-03-11,13:00,MATCH_KICKOFF_TIME_TIMEZONE_NOT_STATED_BY_SOURCE,,NOT_VERIFIED_DO_NOT_INFER,Real Madrid,Espanol,3,1,H,EVALUATION_ONLY_JOIN_AFTER_PREMATCH_FEATURE_FREEZE,1.23,6.24,14,EXTERNAL_HISTORICAL_MARKET_BENCHMARK,NOT_AVAILABLE,NOT_GOLDBET,e01fe1935ccfc4bb451b78b318baf9f6d10906e8d1f21f9e56fa7398639a3c63,1590.4014159176645,1480.4789853180407,109.9224305996238,0.20000000000000018,1.0,0.8000000000000003,14.209931992586462,24,24,False
8b4c6ac705dd0e72530abf68,LaLiga,2022/2023,DEVELOPMENT,2023-03-11,15:15,MATCH_KICKOFF_TIME_TIMEZONE_NOT_STATED_BY_SOURCE,,NOT_VERIFIED_DO_NOT_INFER,Elche,Valladolid,1,1,D,EVALUATION_ONLY_JOIN_AFTER_PREMATCH_FEATURE_FREEZE,2.55,3.25,2.87,EXTERNAL_HISTORICAL_MARKET_BENCHMARK,NOT_AVAILABLE,NOT_GOLDBET,86f7e47fa1ebb70997f45cef4c66254f7caf1b21f4f68404353be4811b286393,1403.3214088927625,1466.4681641125492,-63.146755219786655,-0.19999999999999996,-0.19999999999999996,0.20000000000000007,7.57583618220815,24,24,False
d27f6d970a02b865d0a28fe4,LaLiga,2022/2023,DEVELOPMENT,2023-03-11,17:30,MATCH_KICKOFF_TIME_TIMEZONE_NOT_STATED_BY_SOURCE,,NOT_VERIFIED_DO_NOT_INFER,Celta,Vallecano,3,0,H,EVALUATION_ONLY_JOIN_AFTER_PREMATCH_FEATURE_FREEZE,2.06,3.3,3.86,EXTERNAL_HISTORICAL_MARKET_BENCHMARK,NOT_AVAILABLE,NOT_GOLDBET,eee9151550b13567472aca89bcc716cb1488de8e9bccc337ee514ce0f9debdbc,1485.0680381057953,1511.1424963163736,-26.074458210578314,0.40000000000000013,0.39999999999999997,0.0,42.81762467675708,24,24,False
d519cfb74cc66e1381f32a80,LaLiga,2022/2023,DEVELOPMENT,2023-03-11,20:00,MATCH_KICKOFF_TIME_TIMEZONE_NOT_STATED_BY_SOURCE,,NOT_VERIFIED_DO_NOT_INFER,Valencia,Osasuna,1,0,H,EVALUATION_ONLY_JOIN_AFTER_PREMATCH_FEATURE_FREEZE,2.03,3.19,4.13,EXTERNAL_HISTORICAL_MARKET_BENCHMARK,NOT_AVAILABLE,NOT_GOLDBET,e1da0a83cf6936b356142dfbdfdcb0526dc36d5812006033f92e8b0b814de12a,1442.4183252907899,1504.4394199839733,-62.021094693183386,-0.6,-0.39999999999999997,0.0,21.789786051095234,24,24,False
f5776a56204034f623c92729,LaLiga,2022/2023,DEVELOPMENT,2023-03-12,13:00,MATCH_KICKOFF_TIME_TIMEZONE_NOT_STATED_BY_SOURCE,,NOT_VERIFIED_DO_NOT_INFER,Mallorca,Sociedad,1,1,D,EVALUATION_ONLY_JOIN_AFTER_PREMATCH_FEATURE_FREEZE,3.75,2.75,2.41,EXTERNAL_HISTORICAL_MARKET_BENCHMARK,NOT_AVAILABLE,NOT_GOLDBET,3b7c3df4763331d4c1bf88d896e2d4ddd66a3df2ece6e86ec2938b2e55907b2b,1480.2999568617909,1544.0623224157644,-63.762365553973495,0.19999999999999996,0.0,0.3999999999999999,22.624198368913767,24,24,False
ac13d2a76fe02fd80191098a,LaLiga,2022/2023,DEVELOPMENT,2023-03-12,15:15,MATCH_KICKOFF_TIME_TIMEZONE_NOT_STATED_BY_SOURCE,,NOT_VERIFIED_DO_NOT_INFER,Sevilla,Almeria,2,1,H,EVALUATION_ONLY_JOIN_AFTER_PREMATCH_FEATURE_FREEZE,1.64,4.09,5.26,EXTERNAL_HISTORICAL_MARKET_BENCHMARK,NOT_AVAILABLE,NOT_GOLDBET,5db05a1e30f80dee1b313cc546d0738f236c0858c4aaebb4deea5650f4398f33,1469.1503078645185,1457.5212520189336,11.629055845584844,0.20000000000000007,0.20000000000000018,2.0,11.23187148638931,24,24,False
4541875c0a84ef865a6762a8,LaLiga,2022/2023,DEVELOPMENT,2023-03-12,17:30,MATCH_KICKOFF_TIME_TIMEZONE_NOT_STATED_BY_SOURCE,,NOT_VERIFIED_DO_NOT_INFER,Villarreal,Betis,1,1,D,EVALUATION_ONLY_JOIN_AFTER_PREMATCH_FEATURE_FREEZE,1.68,3.96,5.05,EXTERNAL_HISTORICAL_MARKET_BENCHMARK,NOT_AVAILABLE,NOT_GOLDBET,a4af033c447285a092426107e55644a1a677e2ea9857dd03896b3af6e6f02fd4,1512.0886851151417,1534.1398516312229,-22.05116651608114,-0.8,-0.8,-0.5999999999999999,9.962784630170518,24,24,False
e7d9a92f4dc5901e019454de,LaLiga,2022/2023,DEVELOPMENT,2023-03-12,20:00,MATCH_KICKOFF_TIME_TIMEZONE_NOT_STATED_BY_SOURCE,,NOT_VERIFIED_DO_NOT_INFER,Ath Bilbao,Barcelona,0,1,A,EVALUATION_ONLY_JOIN_AFTER_PREMATCH_FEATURE_FREEZE,3.64,3.33,2.13,EXTERNAL_HISTORICAL_MARKET_BENCHMARK,NOT_AVAILABLE,NOT_GOLDBET,6939986d3b1faebe97adbbe3e40e43441f6977a5d421626540a4cc0a19ff352b,1492.538564184275,1629.636150063482,-137.09758587920714,-1.0,-0.7999999999999999,-1.0,20.90017841832514,24,24,False
fc919c866237f79c11946c3f,LaLiga,2022/2023,DEVELOPMENT,2023-03-13,20:00,MATCH_KICKOFF_TIME_TIMEZONE_NOT_STATED_BY_SOURCE,,NOT_VERIFIED_DO_NOT_INFER,Girona,Ath Madrid,0,1,A,EVALUATION_ONLY_JOIN_AFTER_PREMATCH_FEATURE_FREEZE,3.75,3.43,2.06,EXTERNAL_HISTORICAL_MARKET_BENCHMARK,NOT_AVAILABLE,NOT_GOLDBET,bcec74ad365c5df8f290f2f036d28c79652c6fd4e2233b79bd933fba46fcd27e,1488.5277495990608,1561.26488558028,-72.73713598121913,-0.40000000000000013,-0.7999999999999999,0.3999999999999999,-32.4394240315919,24,24,False
1d973532d651fa5cd12ec917,LaLiga,2022/2023,DEVELOPMENT,2023-03-17,20:00,MATCH_KICKOFF_TIME_TIMEZONE_NOT_STATED_BY_SOURCE,,NOT_VERIFIED_DO_NOT_INFER,Valladolid,Ath Bilbao,1,3,A,EVALUATION_ONLY_JOIN_AFTER_PREMATCH_FEATURE_FREEZE,4.11,3.56,1.93,EXTERNAL_HISTORICAL_MARKET_BENCHMARK,NOT_AVAILABLE,NOT_GOLDBET,14f4e7ae9a8f7d3bd3d1bcda0e2f516b27f0b3e345cbff3b284e11f6c3f4a01f,1466.3775956932498,1484.7218912730557,-18.34429557980593,0.19999999999999996,-0.19999999999999996,0.5999999999999999,-47.22370958603756,25,25,False
36be5291656d07fe0e32c99f,LaLiga,2022/2023,DEVELOPMENT,2023-03-18,13:00,MATCH_KICKOFF_TIME_TIMEZONE_NOT_STATED_BY_SOURCE,,NOT_VERIFIED_DO_NOT_INFER,Almeria,Cadiz,1,1,D,EVALUATION_ONLY_JOIN_AFTER_PREMATCH_FEATURE_FREEZE,2.06,3.38,3.76,EXTERNAL_HISTORICAL_MARKET_BENCHMARK,NOT_AVAILABLE,NOT_GOLDBET,ed919c7964212fad725b4ab758b83fba4026a347817597e97fdb75b3a3d40f52,1449.5541807201134,1481.2566817758795,-31.702501055766106,-1.0,-1.5999999999999999,0.5999999999999999,-11.985082242545104,25,25,False
b4e36f8dc52d8d47ea5b5813,LaLiga,2022/2023,DEVELOPMENT,2023-03-18,15:15,MATCH_KICKOFF_TIME_TIMEZONE_NOT_STATED_BY_SOURCE,,NOT_VERIFIED_DO_NOT_INFER,Vallecano,Girona,2,2,D,EVALUATION_ONLY_JOIN_AFTER_PREMATCH_FEATURE_FREEZE,2.05,3.36,3.88,EXTERNAL_HISTORICAL_MARKET_BENCHMARK,NOT_AVAILABLE,NOT_GOLDBET,8c001e6c918e90cc11400b2fd5020389d4b32ca3b2a62595174aa4c8590f080c,1502.115860302648,1478.8941896932015,23.22167060944639,-0.6,-1.0,0.19999999999999996,-12.728943218583254,25,25,False
3a0cd9db537b2ada284cfb50,LaLiga,2022/2023,DEVELOPMENT,2023-03-18,17:30,MATCH_KICKOFF_TIME_TIMEZONE_NOT_STATED_BY_SOURCE,,NOT_VERIFIED_DO_NOT_INFER,Espanol,Celta,1,3,A,EVALUATION_ONLY_JOIN_AFTER_PREMATCH_FEATURE_FREEZE,2.97,3.05,2.62,EXTERNAL_HISTORICAL_MARKET_BENCHMARK,NOT_AVAILABLE,NOT_GOLDBET,b16a05191685366af3fdcea8b7f0626cdaae2053d5e6ed02f58cd67ebe5dec19,1475.0138134485842,1494.094674119521,-19.080860670936772,-0.40000000000000013,-1.4,0.0,-13.897829247685195,25,25,False
9c9da992a0c84ecc9070512d,LaLiga,2022/2023,DEVELOPMENT,2023-03-18,20:00,MATCH_KICKOFF_TIME_TIMEZONE_NOT_STATED_BY_SOURCE,,NOT_VERIFIED_DO_NOT_INFER,Ath Madrid,Valencia,3,0,H,EVALUATION_ONLY_JOIN_AFTER_PREMATCH_FEATURE_FREEZE,1.5,4.11,7.5,EXTERNAL_HISTORICAL_MARKET_BENCHMARK,NOT_AVAILABLE,NOT_GOLDBET,1a7ea44df1bebf41e0109400f48c3a661c2313905e7a208d458a6fdefd51c246,1570.8984454861393,1452.4764964160302,118.42194907010912,1.4000000000000001,1.8,2.0,-18.95690147603591,25,25,False
b3c9ec7623d69d78088cfd5a,LaLiga,2022/2023,DEVELOPMENT,2023-03-19,13:00,MATCH_KICKOFF_TIME_TIMEZONE_NOT_STATED_BY_SOURCE,,NOT_VERIFIED_DO_NOT_INFER,Betis,Mallorca,1,0,H,EVALUATION_ONLY_JOIN_AFTER_PREMATCH_FEATURE_FREEZE,2,3.11,4.39,EXTERNAL_HISTORICAL_MARKET_BENCHMARK,NOT_AVAILABLE,NOT_GOLDBET,58a5da7c89fb528a750bb0bcf1819b8dc9ac0b3a2a3d52582ccba1c346141e77,1535.2277838749844,1480.4082422145686,54.81954166041578,1.4000000000000001,1.0,1.0,10.82492765852885,25,25,False
6f19f4b7e33dd1cd2d793150,LaLiga,2022/2023,DEVELOPMENT,2023-03-19,15:15,MATCH_KICKOFF_TIME_TIMEZONE_NOT_STATED_BY_SOURCE,,NOT_VERIFIED_DO_NOT_INFER,Osasuna,Villarreal,0,3,A,EVALUATION_ONLY_JOIN_AFTER_PREMATCH_FEATURE_FREEZE,3.01,3.16,2.54,EXTERNAL_HISTORICAL_MARKET_BENCHMARK,NOT_AVAILABLE,NOT_GOLDBET,1140301f7235d3683c05ad0f8a6f58a156d38d221c554072f53b1ee9495ad509,1494.381248858733,1511.0007528713802,-16.619504012647212,-0.3999999999999999,-0.4,-0.5999999999999999,-23.299454818383538,25,25,False
97ac112861b9402e1d9ac123,LaLiga,2022/2023,DEVELOPMENT,2023-03-19,15:15,MATCH_KICKOFF_TIME_TIMEZONE_NOT_STATED_BY_SOURCE,,NOT_VERIFIED_DO_NOT_INFER,Sociedad,Elche,2,0,H,EVALUATION_ONLY_JOIN_AFTER_PREMATCH_FEATURE_FREEZE,1.4,4.51,9.09,EXTERNAL_HISTORICAL_MARKET_BENCHMARK,NOT_AVAILABLE,NOT_GOLDBET,0bba6d261537d647db5ed162ad71854676d4b01caa8c2998757fe25c7c02f402,1543.9540370629866,1403.411977312062,140.54205975092464,0.3999999999999999,1.0,0.8,-38.36136368051439,25,25,False
0843f46e59c9af249292e5c1,LaLiga,2022/2023,DEVELOPMENT,2023-03-19,17:30,MATCH_KICKOFF_TIME_TIMEZONE_NOT_STATED_BY_SOURCE,,NOT_VERIFIED_DO_NOT_INFER,Getafe,Sevilla,2,0,H,EVALUATION_ONLY_JOIN_AFTER_PREMATCH_FEATURE_FREEZE,2.76,2.95,2.91,EXTERNAL_HISTORICAL_MARKET_BENCHMARK,NOT_AVAILABLE,NOT_GOLDBET,7f5d37f30df5687a724e7a8b608b457c97199774d43fbb8694887a83f71d7f59,1465.775338951702,1477.1173791633387,-11.342040211636686,0.20000000000000018,0.8,0.9999999999999999,-18.753454675206513,25,25,False
a87d40d90a8477f744741b2b,LaLiga,2022/2023,DEVELOPMENT,2023-03-19,20:00,MATCH_KICKOFF_TIME_TIMEZONE_NOT_STATED_BY_SOURCE,,NOT_VERIFIED_DO_NOT_INFER,Barcelona,Real Madrid,2,1,H,EVALUATION_ONLY_JOIN_AFTER_PREMATCH_FEATURE_FREEZE,2.24,3.47,3.29,EXTERNAL_HISTORICAL_MARKET_BENCHMARK,NOT_AVAILABLE,NOT_GOLDBET,f9bbd02de6db6b59a506c6af93e2471fbaeae495e2360dce9fffe1197112e6b8,1637.4528229747013,1595.866587787121,41.586235187580314,0.19999999999999973,-0.8,1.2000000000000002,-20.70797994594318,25,25,False
c09920997c9b3c07f3e579d3,LaLiga,2022/2023,DEVELOPMENT,2023-03-31,20:00,MATCH_KICKOFF_TIME_TIMEZONE_NOT_STATED_BY_SOURCE,,NOT_VERIFIED_DO_NOT_INFER,Mallorca,Osasuna,0,0,D,EVALUATION_ONLY_JOIN_AFTER_PREMATCH_FEATURE_FREEZE,2.18,2.83,4.37,EXTERNAL_HISTORICAL_MARKET_BENCHMARK,NOT_AVAILABLE,NOT_GOLDBET,9b1b0a31476b0026eef25340ace49228a6c4213bd1fface092b81e34b2a56318,1473.5977372423215,1483.139106035318,-9.541368792996536,0.0,0.8,0.8,-11.047731270248732,26,26,False
156e73e288bafbe54c6599aa,LaLiga,2022/2023,DEVELOPMENT,2023-04-01,13:00,MATCH_KICKOFF_TIME_TIMEZONE_NOT_STATED_BY_SOURCE,,NOT_VERIFIED_DO_NOT_INFER,Girona,Espanol,2,1,H,EVALUATION_ONLY_JOIN_AFTER_PREMATCH_FEATURE_FREEZE,1.92,3.45,4.33,EXTERNAL_HISTORICAL_MARKET_BENCHMARK,NOT_AVAILABLE,NOT_GOLDBET,55fcd281203d66c81c9334c3a3713b6124f716d37b48f82436574b6c6b39d663,1481.2447189027205,1463.841481370291,17.403237532429557,0.19999999999999996,1.2,0.6000000000000001,6.041238108369043,26,26,False
fc09e39b048b3da8e941e7c3,LaLiga,2022/2023,DEVELOPMENT,2023-04-01,15:15,MATCH_KICKOFF_TIME_TIMEZONE_NOT_STATED_BY_SOURCE,,NOT_VERIFIED_DO_NOT_INFER,Ath Bilbao,Getafe,0,0,D,EVALUATION_ONLY_JOIN_AFTER_PREMATCH_FEATURE_FREEZE,1.7,3.48,5.91,EXTERNAL_HISTORICAL_MARKET_BENCHMARK,NOT_AVAILABLE,NOT_GOLDBET,8bd6fa8c26732e38fcd9c800707b252518dbb79fee8cc542fdb36c64b537c232,1495.915126806776,1474.383935269351,21.531191537425002,-1.2,-0.8,0.4,49.02598391409424,26,26,False
96d5e13614fc1a4ce5f88360,LaLiga,2022/2023,DEVELOPMENT,2023-04-01,17:30,MATCH_KICKOFF_TIME_TIMEZONE_NOT_STATED_BY_SOURCE,,NOT_VERIFIED_DO_NOT_INFER,Cadiz,Sevilla,0,2,A,EVALUATION_ONLY_JOIN_AFTER_PREMATCH_FEATURE_FREEZE,3.38,3.08,2.34,EXTERNAL_HISTORICAL_MARKET_BENCHMARK,NOT_AVAILABLE,NOT_GOLDBET,bf937fe65828d8100f4f45910ee2fa2b73193899895a5b7d5941a949243a9ef4,1482.0693530890676,1468.5087828456897,13.560570243377924,0.3999999999999999,1.2,2.0,23.739567192834556,26,26,False
a787e8fd265c210af12fabe0,LaLiga,2022/2023,DEVELOPMENT,2023-04-01,20:00,MATCH_KICKOFF_TIME_TIMEZONE_NOT_STATED_BY_SOURCE,,NOT_VERIFIED_DO_NOT_INFER,Elche,Barcelona,0,4,A,EVALUATION_ONLY_JOIN_AFTER_PREMATCH_FEATURE_FREEZE,10.68,5.37,1.31,EXTERNAL_HISTORICAL_MARKET_BENCHMARK,NOT_AVAILABLE,NOT_GOLDBET,008e5ed094ee76fd6665ded05dd28e0157ab1e95c0154c04635f9916e3657f37,1398.618297844272,1644.6095042088557,-245.9912063645836,-1.5999999999999999,-1.4,-1.4,7.586502344450082,26,26,False
184bc39299c978d83f23dd87,LaLiga,2022/2023,DEVELOPMENT,2023-04-02,13:00,MATCH_KICKOFF_TIME_TIMEZONE_NOT_STATED_BY_SOURCE,,NOT_VERIFIED_DO_NOT_INFER,Celta,Almeria,2,2,D,EVALUATION_ONLY_JOIN_AFTER_PREMATCH_FEATURE_FREEZE,1.51,4.45,6.45,EXTERNAL_HISTORICAL_MARKET_BENCHMARK,NOT_AVAILABLE,NOT_GOLDBET,f1a17965a822ddeb8a00d2255b92ceff511ddf5a03f7d199cea94f68db11da18,1505.2670061978142,1448.7415094069254,56.52549679088884,1.4000000000000001,2.8,1.6,-9.3943389325907,26,26,False
926c2126dcda8004ec92cbfc,LaLiga,2022/2023,DEVELOPMENT,2023-04-02,15:15,MATCH_KICKOFF_TIME_TIMEZONE_NOT_STATED_BY_SOURCE,,NOT_VERIFIED_DO_NOT_INFER,Real Madrid,Valladolid,6,0,H,EVALUATION_ONLY_JOIN_AFTER_PREMATCH_FEATURE_FREEZE,1.18,7.9,13.83,EXTERNAL_HISTORICAL_MARKET_BENCHMARK,NOT_AVAILABLE,NOT_GOLDBET,d7a99b2b077bcc84d67be5cdda358274e21166b27fba02b8ed516340f2a8bfca,1588.7099065529667,1455.1843601595294,133.52554639343725,0.8,1.6,1.4000000000000001,67.52945023434131,26,26,False
0f7cca072a49fbc81efd1ddf,LaLiga,2022/2023,DEVELOPMENT,2023-04-02,17:30,MATCH_KICKOFF_TIME_TIMEZONE_NOT_STATED_BY_SOURCE,,NOT_VERIFIED_DO_NOT_INFER,Villarreal,Sociedad,2,0,H,EVALUATION_ONLY_JOIN_AFTER_PREMATCH_FEATURE_FREEZE,2.58,3.08,3.02,EXTERNAL_HISTORICAL_MARKET_BENCHMARK,NOT_AVAILABLE,NOT_GOLDBET,cf3cf46715b6743192b2bf8415a286d97337fb16a49982742120fb48d3fbbded,1522.2428956947952,1548.7477165307764,-26.504820835981263,0.8,0.6000000000000001,-0.20000000000000018,36.90522760373619,26,26,False
4e6e92f0b87e879e4a6fbfb5,LaLiga,2022/2023,DEVELOPMENT,2023-04-02,20:00,MATCH_KICKOFF_TIME_TIMEZONE_NOT_STATED_BY_SOURCE,,NOT_VERIFIED_DO_NOT_INFER,Ath Madrid,Betis,1,0,H,EVALUATION_ONLY_JOIN_AFTER_PREMATCH_FEATURE_FREEZE,1.4,4.63,8.94,EXTERNAL_HISTORICAL_MARKET_BENCHMARK,NOT_AVAILABLE,NOT_GOLDBET,b3133ed2fd66ffc2b08b9d755e8b629e70aac78c1de2a16273f4707b6ef3f1f0,1576.171460173583,1542.0382888472316,34.13317132635143,0.3999999999999999,1.4,0.6000000000000001,13.424336539998194,26,26,False
ffd82b7dac4aab109132bcc3,LaLiga,2022/2023,DEVELOPMENT,2023-04-03,20:00,MATCH_KICKOFF_TIME_TIMEZONE_NOT_STATED_BY_SOURCE,,NOT_VERIFIED_DO_NOT_INFER,Valencia,Vallecano,1,1,D,EVALUATION_ONLY_JOIN_AFTER_PREMATCH_FEATURE_FREEZE,2.06,3.26,3.92,EXTERNAL_HISTORICAL_MARKET_BENCHMARK,NOT_AVAILABLE,NOT_GOLDBET,7496964f8bc92a467d005caa5887c34a1b934c7a1d8fcbc22d133000b55e8372,1447.2034817285864,1499.765331093129,-52.56184936454247,0.6,0.20000000000000007,0.0,61.08973926633621,26,26,False
237dd0e7ebf06481a340b660,LaLiga,2022/2023,DEVELOPMENT,2023-04-07,20:00,MATCH_KICKOFF_TIME_TIMEZONE_NOT_STATED_BY_SOURCE,,NOT_VERIFIED_DO_NOT_INFER,Sevilla,Celta,2,2,D,EVALUATION_ONLY_JOIN_AFTER_PREMATCH_FEATURE_FREEZE,2.34,3.25,3.26,EXTERNAL_HISTORICAL_MARKET_BENCHMARK,NOT_AVAILABLE,NOT_GOLDBET,343fc84820cd1e465b9efab98e6d3dda16f78c13da7b221b155e4ed32b78c125,1480.5949467208625,1502.033474173203,-21.438527452340622,-1.0000000000000002,-2.6,0.7999999999999998,9.758359940652326,27,27,False
b81482210c8324e1e07ae100,LaLiga,2022/2023,DEVELOPMENT,2023-04-08,13:00,MATCH_KICKOFF_TIME_TIMEZONE_NOT_STATED_BY_SOURCE,,NOT_VERIFIED_DO_NOT_INFER,Osasuna,Elche,2,1,H,EVALUATION_ONLY_JOIN_AFTER_PREMATCH_FEATURE_FREEZE,1.81,3.52,4.85,EXTERNAL_HISTORICAL_MARKET_BENCHMARK,NOT_AVAILABLE,NOT_GOLDBET,59490d6a6c279920c029b23ab3386a816f4fb85f498dff8977c8040fd8ade39c,1484.581296746108,1393.5127135139417,91.06858323216625,0.19999999999999996,0.6,0.0,-55.89683522166433,27,27,False
12fe33256a662dbafad41fb5,LaLiga,2022/2023,DEVELOPMENT,2023-04-08,15:15,MATCH_KICKOFF_TIME_TIMEZONE_NOT_STATED_BY_SOURCE,,NOT_VERIFIED_DO_NOT_INFER,Espanol,Ath Bilbao,1,2,A,EVALUATION_ONLY_JOIN_AFTER_PREMATCH_FEATURE_FREEZE,4.01,3.22,2.08,EXTERNAL_HISTORICAL_MARKET_BENCHMARK,NOT_AVAILABLE,NOT_GOLDBET,c6e4f0a14d7ced53661411ce52b49e4fbca149b1ed0cd80c310d1149f89edf6b,1456.0331848468204,1493.6106175322975,-37.577432685477106,-0.4,-1.0,0.0,-8.623737450599947,27,27,False
1118003b062f493949615afb,LaLiga,2022/2023,DEVELOPMENT,2023-04-08,17:30,MATCH_KICKOFF_TIME_TIMEZONE_NOT_STATED_BY_SOURCE,,NOT_VERIFIED_DO_NOT_INFER,Sociedad,Getafe,2,0,H,EVALUATION_ONLY_JOIN_AFTER_PREMATCH_FEATURE_FREEZE,1.74,3.36,5.87,EXTERNAL_HISTORICAL_MARKET_BENCHMARK,NOT_AVAILABLE,NOT_GOLDBET,e51963273d7a5ee4084df3b8615895581916115af87b18d0273877568cf1fa1f,1539.708809569244,1476.6884445438295,63.02036502541455,-0.6000000000000001,-0.6000000000000001,1.0,-25.594924929685703,27,27,False
a4ad50a5a4ba70b5ed81432f,LaLiga,2022/2023,DEVELOPMENT,2023-04-08,20:00,MATCH_KICKOFF_TIME_TIMEZONE_NOT_STATED_BY_SOURCE,,NOT_VERIFIED_DO_NOT_INFER,Real Madrid,Villarreal,2,3,A,EVALUATION_ONLY_JOIN_AFTER_PREMATCH_FEATURE_FREEZE,1.49,4.76,6.18,EXTERNAL_HISTORICAL_MARKET_BENCHMARK,NOT_AVAILABLE,NOT_GOLDBET,0d9a6f94f8047c6e867e3a91a7dca91841424a890e5c1c32de4778a20fcaead0,1593.6523408176033,1531.2818026563275,62.37053816127582,-1.0,-0.20000000000000018,1.2000000000000002,30.539498919134985,27,27,False
abbc9434c5bc3baf1189c022,LaLiga,2022/2023,DEVELOPMENT,2023-04-09,13:00,MATCH_KICKOFF_TIME_TIMEZONE_NOT_STATED_BY_SOURCE,,NOT_VERIFIED_DO_NOT_INFER,Valladolid,Mallorca,3,3,D,EVALUATION_ONLY_JOIN_AFTER_PREMATCH_FEATURE_FREEZE,2.55,2.91,3.26,EXTERNAL_HISTORICAL_MARKET_BENCHMARK,NOT_AVAILABLE,NOT_GOLDBET,78cdb5e6e676ca57b6cb550e3f9516ff61bc709aeda666c9bbddacc3c8629f10,1450.2419258948928,1472.1555465315316,-21.913620636638825,0.4,-1.4,1.4,1.808958732199926,27,27,False
7971387ff1050fe521e5d1c5,LaLiga,2022/2023,DEVELOPMENT,2023-04-09,15:15,MATCH_KICKOFF_TIME_TIMEZONE_NOT_STATED_BY_SOURCE,,NOT_VERIFIED_DO_NOT_INFER,Betis,Cadiz,0,2,A,EVALUATION_ONLY_JOIN_AFTER_PREMATCH_FEATURE_FREEZE,1.67,3.74,5.67,EXTERNAL_HISTORICAL_MARKET_BENCHMARK,NOT_AVAILABLE,NOT_GOLDBET,81f89f1553e849fe940a3128fdbeaf7a00fd3bc335c387349344ddee5562ca40,1534.6832542802347,1469.9831892138948,64.7000650663399,0.40000000000000013,0.4,0.9999999999999999,20.68340337357654,27,27,False
d663beacddf43b7c455b1351,LaLiga,2022/2023,DEVELOPMENT,2023-04-09,17:30,MATCH_KICKOFF_TIME_TIMEZONE_NOT_STATED_BY_SOURCE,,NOT_VERIFIED_DO_NOT_INFER,Almeria,Valencia,2,1,H,EVALUATION_ONLY_JOIN_AFTER_PREMATCH_FEATURE_FREEZE,3.36,3.42,2.21,EXTERNAL_HISTORICAL_MARKET_BENCHMARK,NOT_AVAILABLE,NOT_GOLDBET,f04d49d8ffe5422eb7eee929ecf2ccf52c3d449afd334b069e637f0717f0ae5f,1451.9750414315365,1446.9894272456897,4.985614185846771,-0.3999999999999999,0.0,1.4,-32.82167119472206,27,27,False
07abc80d19e69ba64075d557,LaLiga,2022/2023,DEVELOPMENT,2023-04-09,20:00,MATCH_KICKOFF_TIME_TIMEZONE_NOT_STATED_BY_SOURCE,,NOT_VERIFIED_DO_NOT_INFER,Vallecano,Ath Madrid,1,2,A,EVALUATION_ONLY_JOIN_AFTER_PREMATCH_FEATURE_FREEZE,4.81,3.44,1.84,EXTERNAL_HISTORICAL_MARKET_BENCHMARK,NOT_AVAILABLE,NOT_GOLDBET,3569103a5ae813cf5c5b16cf45355e8c93a59564c7be25bc0418d834887208f1,1499.9793855760256,1583.52649474058,-83.54710916455429,-2.0,-2.8,-1.0000000000000002,-35.98617772002012,27,27,False
2c408dbdde3733bdea6112ee,LaLiga,2022/2023,DEVELOPMENT,2023-04-10,20:00,MATCH_KICKOFF_TIME_TIMEZONE_NOT_STATED_BY_SOURCE,,NOT_VERIFIED_DO_NOT_INFER,Barcelona,Girona,0,0,D,EVALUATION_ONLY_JOIN_AFTER_PREMATCH_FEATURE_FREEZE,1.32,5.59,9.19,EXTERNAL_HISTORICAL_MARKET_BENCHMARK,NOT_AVAILABLE,NOT_GOLDBET,1d09f309d6523859ea9e51d41437d768503d60f4b653a82b65695c239e0acb86,1649.7150885391861,1489.053015426191,160.66207311299513,1.0,1.2,2.2,-19.040637146000336,27,27,False
538a08268e5d9cb1b30db8fb,LaLiga,2022/2023,DEVELOPMENT,2023-04-14,20:00,MATCH_KICKOFF_TIME_TIMEZONE_NOT_STATED_BY_SOURCE,,NOT_VERIFIED_DO_NOT_INFER,Vallecano,Osasuna,2,1,H,EVALUATION_ONLY_JOIN_AFTER_PREMATCH_FEATURE_FREEZE,2.06,3.18,4.06,EXTERNAL_HISTORICAL_MARKET_BENCHMARK,NOT_AVAILABLE,NOT_GOLDBET,15c02fb4badf0779257888420a4c8082f8f3e83817fecad1dde82d53a9b306c6,1490.6560900684715,1490.487961524786,0.1681285436854978,-0.4,-0.20000000000000007,0.0,36.33105090841309,28,28,False
7656aa558fceb4c73feb2779,LaLiga,2022/2023,DEVELOPMENT,2023-04-15,13:00,MATCH_KICKOFF_TIME_TIMEZONE_NOT_STATED_BY_SOURCE,,NOT_VERIFIED_DO_NOT_INFER,Villarreal,Valladolid,1,2,A,EVALUATION_ONLY_JOIN_AFTER_PREMATCH_FEATURE_FREEZE,1.47,4.7,6.53,EXTERNAL_HISTORICAL_MARKET_BENCHMARK,NOT_AVAILABLE,NOT_GOLDBET,c53db652a87f8c8dc0871963e0d698ffd066b29a61a2ff6de5ddd4d8140590d3,1544.6651493134352,1449.1500817884446,95.51506752499063,1.6,3.0,0.5999999999999999,40.12433871313533,28,28,False
c74c9f7660d1dc2bf470dce2,LaLiga,2022/2023,DEVELOPMENT,2023-04-15,15:15,MATCH_KICKOFF_TIME_TIMEZONE_NOT_STATED_BY_SOURCE,,NOT_VERIFIED_DO_NOT_INFER,Ath Bilbao,Sociedad,2,0,H,EVALUATION_ONLY_JOIN_AFTER_PREMATCH_FEATURE_FREEZE,2.22,3.04,3.79,EXTERNAL_HISTORICAL_MARKET_BENCHMARK,NOT_AVAILABLE,NOT_GOLDBET,4bcea70fd3f75a021ab45a50b21b5f56b2371e9d68593f0f83c00b258b46a980,1504.2550963801787,1546.308910883491,-42.053814503312424,0.0,0.0,-0.19999999999999996,35.455734162341514,28,28,False
9410d79a2fca53531ef1cca9,LaLiga,2022/2023,DEVELOPMENT,2023-04-15,17:30,MATCH_KICKOFF_TIME_TIMEZONE_NOT_STATED_BY_SOURCE,,NOT_VERIFIED_DO_NOT_INFER,Betis,Espanol,3,1,H,EVALUATION_ONLY_JOIN_AFTER_PREMATCH_FEATURE_FREEZE,2.02,3.36,4.03,EXTERNAL_HISTORICAL_MARKET_BENCHMARK,NOT_AVAILABLE,NOT_GOLDBET,639e7715b6ed93837d121d17ddcd85ca0b2067677aedac8f04d94dfdfdf4a2c5,1521.240668862408,1445.3887059989393,75.85196286346877,1.0,0.9999999999999999,0.7999999999999999,22.465455758737107,28,28,False
294930a5a4defba0890b773f,LaLiga,2022/2023,DEVELOPMENT,2023-04-15,20:00,MATCH_KICKOFF_TIME_TIMEZONE_NOT_STATED_BY_SOURCE,,NOT_VERIFIED_DO_NOT_INFER,Cadiz,Real Madrid,0,2,A,EVALUATION_ONLY_JOIN_AFTER_PREMATCH_FEATURE_FREEZE,5.98,4.19,1.56,EXTERNAL_HISTORICAL_MARKET_BENCHMARK,NOT_AVAILABLE,NOT_GOLDBET,5a3dc96d4515b59829b4a16ac608f723786d0b8179996f676ac969662748e2ec,1483.4257746317214,1580.2689941604956,-96.84321952877417,-0.19999999999999996,-1.2,0.6000000000000001,-34.96315432410188,28,28,False
4a8ba8481f24fbbcd84d8dbc,LaLiga,2022/2023,DEVELOPMENT,2023-04-16,13:00,MATCH_KICKOFF_TIME_TIMEZONE_NOT_STATED_BY_SOURCE,,NOT_VERIFIED_DO_NOT_INFER,Girona,Elche,2,0,H,EVALUATION_ONLY_JOIN_AFTER_PREMATCH_FEATURE_FREEZE,1.43,4.75,7.24,EXTERNAL_HISTORICAL_MARKET_BENCHMARK,NOT_AVAILABLE,NOT_GOLDBET,ba88e3e9331fb83aa62c2146afbc8ba23e24a89c4e5a79e47dd03c48047e8db1,1494.6686680485975,1387.6060487352636,107.06261931333393,0.19999999999999996,1.0,1.2000000000000002,-0.6894862885992552,28,28,False
24a38e75e21b196d8b83ef59,LaLiga,2022/2023,DEVELOPMENT,2023-04-16,15:15,MATCH_KICKOFF_TIME_TIMEZONE_NOT_STATED_BY_SOURCE,,NOT_VERIFIED_DO_NOT_INFER,Getafe,Barcelona,0,0,D,EVALUATION_ONLY_JOIN_AFTER_PREMATCH_FEATURE_FREEZE,5.31,3.55,1.74,EXTERNAL_HISTORICAL_MARKET_BENCHMARK,NOT_AVAILABLE,NOT_GOLDBET,17e7b13b192b01c7dec09fa94b795044ea2d907f9adfdcda438ef2b455bc7c85,1470.0883432295825,1644.0994359167796,-174.0110926871971,-1.0,-1.2,-0.3999999999999999,14.361156238207741,28,28,False
99c0cb039f2c5b8fbd1ea4df,LaLiga,2022/2023,DEVELOPMENT,2023-04-16,17:30,MATCH_KICKOFF_TIME_TIMEZONE_NOT_STATED_BY_SOURCE,,NOT_VERIFIED_DO_NOT_INFER,Ath Madrid,Almeria,2,1,H,EVALUATION_ONLY_JOIN_AFTER_PREMATCH_FEATURE_FREEZE,1.21,6.98,13.24,EXTERNAL_HISTORICAL_MARKET_BENCHMARK,NOT_AVAILABLE,NOT_GOLDBET,89a7f338f0204e01313288f6b51bb1d07e9cb07adfc8709a1abc95bb83f2a3e5,1592.849790248134,1460.1261167191708,132.72367352896322,2.0,2.6,2.2,10.87531275834931,28,28,False
5499c9a5771209bb01a7ae95,LaLiga,2022/2023,DEVELOPMENT,2023-04-16,20:00,MATCH_KICKOFF_TIME_TIMEZONE_NOT_STATED_BY_SOURCE,,NOT_VERIFIED_DO_NOT_INFER,Valencia,Sevilla,0,2,A,EVALUATION_ONLY_JOIN_AFTER_PREMATCH_FEATURE_FREEZE,2.12,3.3,3.72,EXTERNAL_HISTORICAL_MARKET_BENCHMARK,NOT_AVAILABLE,NOT_GOLDBET,97a3b704f8e5760638794934fc1067b79ba97e143e1f67f0d27a5377f8191319,1438.8383519580555,1479.4895933730647,-40.65124141500928,-0.5999999999999999,0.0,0.8,38.04013012706764,28,28,False
29fe2f9413e3da030b7b0f02,LaLiga,2022/2023,DEVELOPMENT,2023-04-17,20:00,MATCH_KICKOFF_TIME_TIMEZONE_NOT_STATED_BY_SOURCE,,NOT_VERIFIED_DO_NOT_INFER,Celta,Mallorca,0,1,A,EVALUATION_ONLY_JOIN_AFTER_PREMATCH_FEATURE_FREEZE,1.79,3.32,5.41,EXTERNAL_HISTORICAL_MARKET_BENCHMARK,NOT_AVAILABLE,NOT_GOLDBET,cedfe05161098fe7086343eaaed4798075d145431241cb5eb068912edd4c5021,1503.1388275210008,1473.2473906379798,29.891436883021015,1.2000000000000002,1.4,1.8,4.151221777989349,28,28,False
72100eb6697b267ef6d4b263,LaLiga,2022/2023,DEVELOPMENT,2023-04-21,20:00,MATCH_KICKOFF_TIME_TIMEZONE_NOT_STATED_BY_SOURCE,,NOT_VERIFIED_DO_NOT_INFER,Espanol,Cadiz,0,0,D,EVALUATION_ONLY_JOIN_AFTER_PREMATCH_FEATURE_FREEZE,2.16,3.21,3.72,EXTERNAL_HISTORICAL_MARKET_BENCHMARK,NOT_AVAILABLE,NOT_GOLDBET,f824518c5b96b7d2d8cefa1261800faa0cd54baa0aa92ceef8ae43fa69776d4e,1439.1110412577598,1474.4822506093676,-35.37120935160783,-1.0,-1.2000000000000002,-0.19999999999999996,16.812895531445292,29,29,False
5595afc25d523bfe27113afd,LaLiga,2022/2023,DEVELOPMENT,2023-04-22,13:00,MATCH_KICKOFF_TIME_TIMEZONE_NOT_STATED_BY_SOURCE,,NOT_VERIFIED_DO_NOT_INFER,Osasuna,Betis,3,2,H,EVALUATION_ONLY_JOIN_AFTER_PREMATCH_FEATURE_FREEZE,2.42,3.14,3.22,EXTERNAL_HISTORICAL_MARKET_BENCHMARK,NOT_AVAILABLE,NOT_GOLDBET,5dacc34766e7ac762fc833b092be0eac633136f7600234e247bac69e7f4c579e,1482.2026323410664,1527.5183336035875,-45.31570126252109,-0.5999999999999999,-0.8,-1.2,-34.5709327458444,29,29,False
94b8ade641d72b6c8586a946,LaLiga,2022/2023,DEVELOPMENT,2023-04-22,15:15,MATCH_KICKOFF_TIME_TIMEZONE_NOT_STATED_BY_SOURCE,,NOT_VERIFIED_DO_NOT_INFER,Almeria,Ath Bilbao,1,2,A,EVALUATION_ONLY_JOIN_AFTER_PREMATCH_FEATURE_FREEZE,4.93,3.94,1.7,EXTERNAL_HISTORICAL_MARKET_BENCHMARK,NOT_AVAILABLE,NOT_GOLDBET,d3c6427d78030401ef039c15bf7e4fd15d062c8c5138b7cf7dbfa1c95e065395,1455.1664862202606,1513.7390225306733,-58.572536310412715,-1.0,-1.0,-0.6000000000000001,-15.445312684871851,29,29,False
85b173c2d3c56169c180a476,LaLiga,2022/2023,DEVELOPMENT,2023-04-22,17:30,MATCH_KICKOFF_TIME_TIMEZONE_NOT_STATED_BY_SOURCE,,NOT_VERIFIED_DO_NOT_INFER,Sociedad,Vallecano,2,1,H,EVALUATION_ONLY_JOIN_AFTER_PREMATCH_FEATURE_FREEZE,1.66,3.7,5.83,EXTERNAL_HISTORICAL_MARKET_BENCHMARK,NOT_AVAILABLE,NOT_GOLDBET,0e92e23b82132d0084a7a553e00d5052147e2b11cbfcd9fd73e4a3f45009a866,1536.8249847329964,1498.941419252191,37.88356548080537,0.3999999999999999,0.6,0.6000000000000001,-19.6563590000585,29,29,False
fdf5964b11f6790c011a46b3,LaLiga,2022/2023,DEVELOPMENT,2023-04-22,17:30,MATCH_KICKOFF_TIME_TIMEZONE_NOT_STATED_BY_SOURCE,,NOT_VERIFIED_DO_NOT_INFER,Valladolid,Girona,1,0,H,EVALUATION_ONLY_JOIN_AFTER_PREMATCH_FEATURE_FREEZE,2.51,3.39,2.87,EXTERNAL_HISTORICAL_MARKET_BENCHMARK,NOT_AVAILABLE,NOT_GOLDBET,96f235df0b1db1b4394857f9b910838a646dc571827052a365852dc1f4500efa,1463.3493925901273,1500.199468207505,-36.8500756173778,-0.6000000000000001,-1.7999999999999998,0.6000000000000001,-14.193892392783255,29,29,False
c72fdebe76803f6c9707efd8,LaLiga,2022/2023,DEVELOPMENT,2023-04-22,20:00,MATCH_KICKOFF_TIME_TIMEZONE_NOT_STATED_BY_SOURCE,,NOT_VERIFIED_DO_NOT_INFER,Real Madrid,Celta,2,0,H,EVALUATION_ONLY_JOIN_AFTER_PREMATCH_FEATURE_FREEZE,1.27,6.15,10.55,EXTERNAL_HISTORICAL_MARKET_BENCHMARK,NOT_AVAILABLE,NOT_GOLDBET,5a3e008668da8f9dd2c79777821bf3e0292f16179f750dae6213cab47bf22325,1589.2125181828494,1490.607770177995,98.6047480048544,0.19999999999999996,0.8,0.19999999999999996,39.816717841918944,29,29,False
38dd0dfc0e315f7d0c818056,LaLiga,2022/2023,DEVELOPMENT,2023-04-23,13:00,MATCH_KICKOFF_TIME_TIMEZONE_NOT_STATED_BY_SOURCE,,NOT_VERIFIED_DO_NOT_INFER,Elche,Valencia,0,2,A,EVALUATION_ONLY_JOIN_AFTER_PREMATCH_FEATURE_FREEZE,4.3,3.55,1.89,EXTERNAL_HISTORICAL_MARKET_BENCHMARK,NOT_AVAILABLE,NOT_GOLDBET,6d127aa1eed058245713d4a24782fe92e5991ac8803e94fc4996188b1d374014,1382.075248576356,1428.2820249312635,-46.20677635490756,-0.6000000000000001,-0.8,0.8,25.542767762250833,29,29,False
4b6cb42298c3fcaf73803258,LaLiga,2022/2023,DEVELOPMENT,2023-04-23,15:15,MATCH_KICKOFF_TIME_TIMEZONE_NOT_STATED_BY_SOURCE,,NOT_VERIFIED_DO_NOT_INFER,Barcelona,Ath Madrid,1,0,H,EVALUATION_ONLY_JOIN_AFTER_PREMATCH_FEATURE_FREEZE,1.97,3.44,4.12,EXTERNAL_HISTORICAL_MARKET_BENCHMARK,NOT_AVAILABLE,NOT_GOLDBET,48b21cbdd1307282b465f6a6fa352e95265a749080d32b6a5e6bf0b96a3f26ec,1640.9308582769936,1597.8094207470442,43.12143752994939,-0.7999999999999998,-0.19999999999999996,0.0,0.6033542627847055,29,29,False
85e5f6503d4e61aed2ee1d07,LaLiga,2022/2023,DEVELOPMENT,2023-04-23,17:30,MATCH_KICKOFF_TIME_TIMEZONE_NOT_STATED_BY_SOURCE,,NOT_VERIFIED_DO_NOT_INFER,Mallorca,Getafe,3,1,H,EVALUATION_ONLY_JOIN_AFTER_PREMATCH_FEATURE_FREEZE,2.62,2.64,3.53,EXTERNAL_HISTORICAL_MARKET_BENCHMARK,NOT_AVAILABLE,NOT_GOLDBET,488a86074671e7f17e9565e5a669db1badab4adc972dd6f9b10a6f48858b17c2,1485.7784479809857,1473.2569208693685,12.52152711161716,0.0,0.0,1.0,-24.910080154181514,29,29,False
bb6746d4e256772b6c0d666e,LaLiga,2022/2023,DEVELOPMENT,2023-04-23,20:00,MATCH_KICKOFF_TIME_TIMEZONE_NOT_STATED_BY_SOURCE,,NOT_VERIFIED_DO_NOT_INFER,Sevilla,Villarreal,2,1,H,EVALUATION_ONLY_JOIN_AFTER_PREMATCH_FEATURE_FREEZE,2.94,3.35,2.47,EXTERNAL_HISTORICAL_MARKET_BENCHMARK,NOT_AVAILABLE,NOT_GOLDBET,bc9d1ca7f3666d8f4786a8a5140f45eb5759795a6104457dce28a6bccd14f139,1490.0459203998566,1530.4658385117525,-40.41991811189587,0.0,-0.4,0.19999999999999996,-54.766693887163456,29,29,False
95170ae2df1b555d84c7f7da,LaLiga,2022/2023,DEVELOPMENT,2023-04-25,18:30,MATCH_KICKOFF_TIME_TIMEZONE_NOT_STATED_BY_SOURCE,,NOT_VERIFIED_DO_NOT_INFER,Cadiz,Osasuna,0,1,A,EVALUATION_ONLY_JOIN_AFTER_PREMATCH_FEATURE_FREEZE,2.11,3.17,3.96,EXTERNAL_HISTORICAL_MARKET_BENCHMARK,NOT_AVAILABLE,NOT_GOLDBET,0315fb382efe04a7c12db6c7cdc2febbce1f5787c0c96134e96867cd127cb2af,1475.1899392013331,1491.780235729952,-16.590296528618865,-0.3999999999999999,0.0,0.3999999999999999,15.168125192918296,30,30,False
6e9e75106a92a5bdf560fce9,LaLiga,2022/2023,DEVELOPMENT,2023-04-25,18:30,MATCH_KICKOFF_TIME_TIMEZONE_NOT_STATED_BY_SOURCE,,NOT_VERIFIED_DO_NOT_INFER,Girona,Real Madrid,4,2,H,EVALUATION_ONLY_JOIN_AFTER_PREMATCH_FEATURE_FREEZE,5.01,4.25,1.64,EXTERNAL_HISTORICAL_MARKET_BENCHMARK,NOT_AVAILABLE,NOT_GOLDBET,2d996abff65fc6a35090f44f6edf932b4e18c8947ccd77f809af7b3b5de6b324,1490.8647922775099,1594.9402354345443,-104.07544315703444,-0.19999999999999996,-1.2000000000000002,1.0,-26.264931812551822,30,30,False
39ef2832a8f93a7e74a20f4d,LaLiga,2022/2023,DEVELOPMENT,2023-04-25,21:00,MATCH_KICKOFF_TIME_TIMEZONE_NOT_STATED_BY_SOURCE,,NOT_VERIFIED_DO_NOT_INFER,Betis,Sociedad,0,0,D,EVALUATION_ONLY_JOIN_AFTER_PREMATCH_FEATURE_FREEZE,2.85,3.12,2.7,EXTERNAL_HISTORICAL_MARKET_BENCHMARK,NOT_AVAILABLE,NOT_GOLDBET,144f795350986439348d4427dffe5c50463f0e732bfa02b1d8892476871cf5ab,1517.940730214702,1544.079915637201,-26.139185422499168,-0.6000000000000001,-0.4,1.2,9.722879351799293,30,30,False
06f77da5eed579edb360b82d,LaLiga,2022/2023,DEVELOPMENT,2023-04-26,18:30,MATCH_KICKOFF_TIME_TIMEZONE_NOT_STATED_BY_SOURCE,,NOT_VERIFIED_DO_NOT_INFER,Ath Madrid,Mallorca,3,1,H,EVALUATION_ONLY_JOIN_AFTER_PREMATCH_FEATURE_FREEZE,1.34,4.83,11.51,EXTERNAL_HISTORICAL_MARKET_BENCHMARK,NOT_AVAILABLE,NOT_GOLDBET,302ac54b93b83253a557004dba6b89ec0fe87957fdb3fe032948da323e314d61,1590.6933027071461,1493.7209064071617,96.97239629998444,0.7999999999999998,0.6,2.2,30.109316327977467,30,30,False
d41bc35943650ab2ed2a2fa1,LaLiga,2022/2023,DEVELOPMENT,2023-04-26,18:30,MATCH_KICKOFF_TIME_TIMEZONE_NOT_STATED_BY_SOURCE,,NOT_VERIFIED_DO_NOT_INFER,Getafe,Almeria,1,2,A,EVALUATION_ONLY_JOIN_AFTER_PREMATCH_FEATURE_FREEZE,1.84,3.47,4.64,EXTERNAL_HISTORICAL_MARKET_BENCHMARK,NOT_AVAILABLE,NOT_GOLDBET,171a5662e740cd7087c87d72c8c4668dba93bcafa2bd82da5e461d3b2d1e209e,1465.3144624431925,1445.125400743784,20.189061699408512,0.0,-0.2,2.0,20.503454287786553,30,30,False
4b3cb07c93e41fdec6e6cf72,LaLiga,2022/2023,DEVELOPMENT,2023-04-26,21:00,MATCH_KICKOFF_TIME_TIMEZONE_NOT_STATED_BY_SOURCE,,NOT_VERIFIED_DO_NOT_INFER,Celta,Elche,1,0,H,EVALUATION_ONLY_JOIN_AFTER_PREMATCH_FEATURE_FREEZE,1.36,5.08,8.95,EXTERNAL_HISTORICAL_MARKET_BENCHMARK,NOT_AVAILABLE,NOT_GOLDBET,789f2477f0817803d2cad1b4076256ec26e249b4fc2e64d02d1ff125d9380167,1484.8800529263,1371.6784561262248,113.20159680007532,1.0,2.0,0.7999999999999999,-25.85707052012185,30,30,False
d02037fd235f6e333e736d29,LaLiga,2022/2023,DEVELOPMENT,2023-04-26,21:00,MATCH_KICKOFF_TIME_TIMEZONE_NOT_STATED_BY_SOURCE,,NOT_VERIFIED_DO_NOT_INFER,Vallecano,Barcelona,2,1,H,EVALUATION_ONLY_JOIN_AFTER_PREMATCH_FEATURE_FREEZE,4.99,3.86,1.71,EXTERNAL_HISTORICAL_MARKET_BENCHMARK,NOT_AVAILABLE,NOT_GOLDBET,019c68ce1ccb0a7971aeb88b8e0c51c28a4eedd2276351d12347a5ba6c3d9cd7,1491.6864883479864,1648.0469763168917,-156.36048796890532,-1.2000000000000002,-1.4,-0.8,-2.8997105228122564,30,30,False
e8c86bf2357d1e9836522b5f,LaLiga,2022/2023,DEVELOPMENT,2023-04-27,18:30,MATCH_KICKOFF_TIME_TIMEZONE_NOT_STATED_BY_SOURCE,,NOT_VERIFIED_DO_NOT_INFER,Valencia,Valladolid,2,1,H,EVALUATION_ONLY_JOIN_AFTER_PREMATCH_FEATURE_FREEZE,1.7,3.84,5.1,EXTERNAL_HISTORICAL_MARKET_BENCHMARK,NOT_AVAILABLE,NOT_GOLDBET,77566350689a608f04904bd7a3ab23657e0f37c085b6abab5cb0868aacb1cdc8,1438.6788173813948,1472.6840685201225,-34.00525113872777,-0.5999999999999999,0.3999999999999999,0.5999999999999999,-41.24966038365392,30,30,False
ef1de93b6bf74c7247cfa3da,LaLiga,2022/2023,DEVELOPMENT,2023-04-27,18:30,MATCH_KICKOFF_TIME_TIMEZONE_NOT_STATED_BY_SOURCE,,NOT_VERIFIED_DO_NOT_INFER,Villarreal,Espanol,4,2,H,EVALUATION_ONLY_JOIN_AFTER_PREMATCH_FEATURE_FREEZE,1.55,4.36,5.95,EXTERNAL_HISTORICAL_MARKET_BENCHMARK,NOT_AVAILABLE,NOT_GOLDBET,7c37461eef9c6bbf0823d144640e48deeb6f9dc9399d48537db22348c1f5e0c2,1521.0288027050326,1438.4033526657943,82.62545003923833,1.6,2.0,0.7999999999999999,22.26087567382001,30,30,False
5b36ca6180a02ac9847f8a07,LaLiga,2022/2023,DEVELOPMENT,2023-04-27,21:00,MATCH_KICKOFF_TIME_TIMEZONE_NOT_STATED_BY_SOURCE,,NOT_VERIFIED_DO_NOT_INFER,Ath Bilbao,Sevilla,0,1,A,EVALUATION_ONLY_JOIN_AFTER_PREMATCH_FEATURE_FREEZE,1.8,3.59,4.75,EXTERNAL_HISTORICAL_MARKET_BENCHMARK,NOT_AVAILABLE,NOT_GOLDBET,7d51fcdf0aa420f62ae66ca391138819603af30b31957f7e42f0f7935ad391a4,1523.78010800715,1499.4829562065765,24.297151800573374,0.6000000000000001,0.6,0.0,-4.182448754121651,30,30,False
9d894a481d6207be0a8eafa6,LaLiga,2022/2023,DEVELOPMENT,2023-04-28,20:00,MATCH_KICKOFF_TIME_TIMEZONE_NOT_STATED_BY_SOURCE,,NOT_VERIFIED_DO_NOT_INFER,Osasuna,Sociedad,0,2,A,EVALUATION_ONLY_JOIN_AFTER_PREMATCH_FEATURE_FREEZE,3.78,3,2.25,EXTERNAL_HISTORICAL_MARKET_BENCHMARK,NOT_AVAILABLE,NOT_GOLDBET,545cdb6a377bae0bc68a44b773a7193ebbd25e88110cc5645ca8e01a307328ac,1503.0232062330035,1545.0514342418664,-42.028228008862925,0.6000000000000001,0.6000000000000001,0.9999999999999999,-31.918754491208347,31,31,False
c2e850a8f71ff3dc1a2ffbbb,LaLiga,2022/2023,DEVELOPMENT,2023-04-29,15:15,MATCH_KICKOFF_TIME_TIMEZONE_NOT_STATED_BY_SOURCE,,NOT_VERIFIED_DO_NOT_INFER,Elche,Vallecano,4,0,H,EVALUATION_ONLY_JOIN_AFTER_PREMATCH_FEATURE_FREEZE,3.97,3.41,2.01,EXTERNAL_HISTORICAL_MARKET_BENCHMARK,NOT_AVAILABLE,NOT_GOLDBET,cb55648179f5810bb71d05d2e08d366017c254fdcaad782f1ee35658d2a2649e,1366.2879351785884,1504.39097452014,-138.1030393415515,-1.4,-2.0,-0.2,-33.81367043654291,31,31,False
3fd278269fc43ccb694850dc,LaLiga,2022/2023,DEVELOPMENT,2023-04-29,17:30,MATCH_KICKOFF_TIME_TIMEZONE_NOT_STATED_BY_SOURCE,,NOT_VERIFIED_DO_NOT_INFER,Real Madrid,Almeria,4,2,H,EVALUATION_ONLY_JOIN_AFTER_PREMATCH_FEATURE_FREEZE,1.13,9.46,18.73,EXTERNAL_HISTORICAL_MARKET_BENCHMARK,NOT_AVAILABLE,NOT_GOLDBET,14a86a1a79a7fc85f23005ab6474f67b479d8979aca265d41eca14e1609686e2,1583.6784039592374,1457.3932995335153,126.28510442572201,0.40000000000000013,1.4,1.2,-14.55904175248429,31,31,False
83380d6e9384511af8a25532,LaLiga,2022/2023,DEVELOPMENT,2023-04-29,20:00,MATCH_KICKOFF_TIME_TIMEZONE_NOT_STATED_BY_SOURCE,,NOT_VERIFIED_DO_NOT_INFER,Barcelona,Betis,4,0,H,EVALUATION_ONLY_JOIN_AFTER_PREMATCH_FEATURE_FREEZE,1.38,5.09,8.13,EXTERNAL_HISTORICAL_MARKET_BENCHMARK,NOT_AVAILABLE,NOT_GOLDBET,4e1c0cc226c36c926cc0a40b8c1283c67e31d247aae0ca24dc1a044f5e74360a,1635.3424901447381,1516.9692116100366,118.37327853470151,0.8,1.2000000000000002,1.2000000000000002,-14.114067553921814,31,31,False
bf8cd53278554a6808f7a230,LaLiga,2022/2023,DEVELOPMENT,2023-04-30,13:00,MATCH_KICKOFF_TIME_TIMEZONE_NOT_STATED_BY_SOURCE,,NOT_VERIFIED_DO_NOT_INFER,Cadiz,Valencia,2,1,H,EVALUATION_ONLY_JOIN_AFTER_PREMATCH_FEATURE_FREEZE,3.08,2.96,2.59,EXTERNAL_HISTORICAL_MARKET_BENCHMARK,NOT_AVAILABLE,NOT_GOLDBET,91478fb0c2713251a449019a3f569b7ae74b6f667923effe18b0b9169d055faa,1463.9469686982816,1447.9320213349033,16.01494736337827,-0.5999999999999999,-0.6,0.20000000000000007,45.672605055984604,31,31,False
67369e6262839d0e11d4abdd,LaLiga,2022/2023,DEVELOPMENT,2023-04-30,15:15,MATCH_KICKOFF_TIME_TIMEZONE_NOT_STATED_BY_SOURCE,,NOT_VERIFIED_DO_NOT_INFER,Villarreal,Celta,3,1,H,EVALUATION_ONLY_JOIN_AFTER_PREMATCH_FEATURE_FREEZE,1.64,4.03,5.36,EXTERNAL_HISTORICAL_MARKET_BENCHMARK,NOT_AVAILABLE,NOT_GOLDBET,b8e8d68473aebe8201283ea5688825356015fdae7bc7b0e800c0318621d02a81,1527.1397545219227,1490.2705738739364,36.86918064798624,0.8,1.0,0.8,31.304918225526762,31,31,False
22fb0e07d4c22b1a04261170,LaLiga,2022/2023,DEVELOPMENT,2023-04-30,17:30,MATCH_KICKOFF_TIME_TIMEZONE_NOT_STATED_BY_SOURCE,,NOT_VERIFIED_DO_NOT_INFER,Espanol,Getafe,1,0,H,EVALUATION_ONLY_JOIN_AFTER_PREMATCH_FEATURE_FREEZE,2.43,2.96,3.35,EXTERNAL_HISTORICAL_MARKET_BENCHMARK,NOT_AVAILABLE,NOT_GOLDBET,1c1f3342d5e357c06d0b6f6f38fbeeb54e9d5dcd474e9b650e01b87c17c3aba5,1432.2924008489042,1453.0465636534611,-20.754162804556927,-0.2,-0.19999999999999996,0.4,-23.804032481148624,31,31,False
a497a28d855df1085c45fe5c,LaLiga,2022/2023,DEVELOPMENT,2023-04-30,20:00,MATCH_KICKOFF_TIME_TIMEZONE_NOT_STATED_BY_SOURCE,,NOT_VERIFIED_DO_NOT_INFER,Valladolid,Ath Madrid,2,5,A,EVALUATION_ONLY_JOIN_AFTER_PREMATCH_FEATURE_FREEZE,5.06,3.93,1.68,EXTERNAL_HISTORICAL_MARKET_BENCHMARK,NOT_AVAILABLE,NOT_GOLDBET,bbb265a6c9290701360513c5aaba475782c89909259d386c8856c138c882be5e,1463.430864566614,1596.4595042824883,-133.0286397158743,-1.0,-1.8,-0.3999999999999999,-18.477333567949927,31,31,False
d3cee7bbb33e16a12d04639f,LaLiga,2022/2023,DEVELOPMENT,2023-05-01,18:00,MATCH_KICKOFF_TIME_TIMEZONE_NOT_STATED_BY_SOURCE,,NOT_VERIFIED_DO_NOT_INFER,Mallorca,Ath Bilbao,1,1,D,EVALUATION_ONLY_JOIN_AFTER_PREMATCH_FEATURE_FREEZE,3.27,2.82,2.59,EXTERNAL_HISTORICAL_MARKET_BENCHMARK,NOT_AVAILABLE,NOT_GOLDBET,a7961ecdc819e97aeeac269e019a38ed04031456b14413219a8b61dccb7f3770,1487.9547048318195,1511.4003555677778,-23.445650735958225,-0.3999999999999999,-0.39999999999999997,-0.3999999999999999,13.81892192024543,31,31,False
06a3d1481c9db0d664a9bf6c,LaLiga,2022/2023,DEVELOPMENT,2023-05-01,20:00,MATCH_KICKOFF_TIME_TIMEZONE_NOT_STATED_BY_SOURCE,,NOT_VERIFIED_DO_NOT_INFER,Sevilla,Girona,0,2,A,EVALUATION_ONLY_JOIN_AFTER_PREMATCH_FEATURE_FREEZE,1.91,3.57,4.19,EXTERNAL_HISTORICAL_MARKET_BENCHMARK,NOT_AVAILABLE,NOT_GOLDBET,6451b940c8fbab47f5a8485c09d0f1aa971016737f0bb1d2fc0d1267755c2921,1511.8627086459487,1502.1266237528168,9.736084893131874,0.6000000000000001,0.3999999999999999,1.0,-16.453024186036828,31,31,False
169a7ca9dfa40acc4114a325,LaLiga,2022/2023,DEVELOPMENT,2023-05-02,18:30,MATCH_KICKOFF_TIME_TIMEZONE_NOT_STATED_BY_SOURCE,,NOT_VERIFIED_DO_NOT_INFER,Almeria,Elche,2,1,H,EVALUATION_ONLY_JOIN_AFTER_PREMATCH_FEATURE_FREEZE,1.72,4.02,4.69,EXTERNAL_HISTORICAL_MARKET_BENCHMARK,NOT_AVAILABLE,NOT_GOLDBET,6d33fe875247689a798daf215b064c9e33a4027600c790b1363db3d8796b08bd,1452.2941452105856,1378.4988045537527,73.79534065683288,0.6,0.0,0.7999999999999999,41.15361785090363,32,32,False
33b1e394eb0cfb07d7a632b0,LaLiga,2022/2023,DEVELOPMENT,2023-05-02,18:30,MATCH_KICKOFF_TIME_TIMEZONE_NOT_STATED_BY_SOURCE,,NOT_VERIFIED_DO_NOT_INFER,Barcelona,Osasuna,1,0,H,EVALUATION_ONLY_JOIN_AFTER_PREMATCH_FEATURE_FREEZE,1.16,7.84,17.25,EXTERNAL_HISTORICAL_MARKET_BENCHMARK,NOT_AVAILABLE,NOT_GOLDBET,bd986c0f4913d594cca0d26554f96f96159f2c924419243784968b304f94e510,1640.6165927433033,1492.506397909155,148.11019483414816,-0.19999999999999996,0.8,1.2000000000000002,26.73559374632805,32,32,False
bfa7513aa7d4db9b3938e07a,LaLiga,2022/2023,DEVELOPMENT,2023-05-02,21:00,MATCH_KICKOFF_TIME_TIMEZONE_NOT_STATED_BY_SOURCE,,NOT_VERIFIED_DO_NOT_INFER,Sociedad,Real Madrid,2,0,H,EVALUATION_ONLY_JOIN_AFTER_PREMATCH_FEATURE_FREEZE,2.4,3.17,3.24,EXTERNAL_HISTORICAL_MARKET_BENCHMARK,NOT_AVAILABLE,NOT_GOLDBET,0c82ad5ad0bdfabb4a2024e4efb60c9c440d67430d29d2d00ddb5a5260f77c68,1555.5682425657149,1588.777558282167,-33.20931571645224,0.19999999999999996,0.0,0.8000000000000003,9.455091469367062,32,32,False
6eb2f2efb95394da5d2e1de3,LaLiga,2022/2023,DEVELOPMENT,2023-05-03,18:30,MATCH_KICKOFF_TIME_TIMEZONE_NOT_STATED_BY_SOURCE,,NOT_VERIFIED_DO_NOT_INFER,Valencia,Villarreal,1,1,D,EVALUATION_ONLY_JOIN_AFTER_PREMATCH_FEATURE_FREEZE,2.56,3.37,2.82,EXTERNAL_HISTORICAL_MARKET_BENCHMARK,NOT_AVAILABLE,NOT_GOLDBET,8bc6c3a3535094458d78d93f7fabbdf6f7c6613fe436aa905f80a1f292a990dc,1440.0856528867978,1534.4217032830613,-94.33605039626354,-0.6000000000000001,-0.8,0.19999999999999996,-42.270269789254826,32,32,False
d6217156e854d8459a129534,LaLiga,2022/2023,DEVELOPMENT,2023-05-03,21:00,MATCH_KICKOFF_TIME_TIMEZONE_NOT_STATED_BY_SOURCE,,NOT_VERIFIED_DO_NOT_INFER,Ath Madrid,Cadiz,5,1,H,EVALUATION_ONLY_JOIN_AFTER_PREMATCH_FEATURE_FREEZE,1.28,5.85,11.12,EXTERNAL_HISTORICAL_MARKET_BENCHMARK,NOT_AVAILABLE,NOT_GOLDBET,e0c13510913930d1aea21fadbb04a1a3d95fe568ac32fb42b91998353a350afa,1604.3879889541124,1471.793337146387,132.5946518077253,1.0,1.2,1.8,12.882516956524114,32,32,False
8efc091104540d6633f29ff4,LaLiga,2022/2023,DEVELOPMENT,2023-05-03,21:00,MATCH_KICKOFF_TIME_TIMEZONE_NOT_STATED_BY_SOURCE,,NOT_VERIFIED_DO_NOT_INFER,Getafe,Celta,1,0,H,EVALUATION_ONLY_JOIN_AFTER_PREMATCH_FEATURE_FREEZE,2.74,2.91,2.94,EXTERNAL_HISTORICAL_MARKET_BENCHMARK,NOT_AVAILABLE,NOT_GOLDBET,548f5dcbd817a21d66df4da7a9679e4278d49ed9437801caa8facf054b208679,1444.171369672222,1482.9886251127978,-38.817255440575764,-0.6000000000000001,-0.3999999999999999,1.0,21.026285773971722,32,32,False
4e9bc92a7b4ab4933b4997ba,LaLiga,2022/2023,DEVELOPMENT,2023-05-04,18:30,MATCH_KICKOFF_TIME_TIMEZONE_NOT_STATED_BY_SOURCE,,NOT_VERIFIED_DO_NOT_INFER,Girona,Mallorca,2,1,H,EVALUATION_ONLY_JOIN_AFTER_PREMATCH_FEATURE_FREEZE,1.92,3.31,4.56,EXTERNAL_HISTORICAL_MARKET_BENCHMARK,NOT_AVAILABLE,NOT_GOLDBET,3ffb1f3547648cb08151db08e9ce1850619f2bbce184c092e6179b77d6871596,1514.1072626880964,1486.9064511291226,27.200811558973783,0.3999999999999999,0.8,1.5999999999999999,15.748428276976938,32,32,False
989297326bf817e669183f46,LaLiga,2022/2023,DEVELOPMENT,2023-05-04,18:30,MATCH_KICKOFF_TIME_TIMEZONE_NOT_STATED_BY_SOURCE,,NOT_VERIFIED_DO_NOT_INFER,Sevilla,Espanol,3,2,H,EVALUATION_ONLY_JOIN_AFTER_PREMATCH_FEATURE_FREEZE,1.84,3.67,4.4,EXTERNAL_HISTORICAL_MARKET_BENCHMARK,NOT_AVAILABLE,NOT_GOLDBET,b032768abf3f8b3ce2e8d1fd04bd71d593835455654020a9a84a0b1957a993e0,1499.8820697106692,1441.1675948301433,58.71447488052581,1.2,1.2000000000000002,1.4,6.767098608082051,32,32,False
3f41eaaa901eccd363fb3a9d,LaLiga,2022/2023,DEVELOPMENT,2023-05-04,21:00,MATCH_KICKOFF_TIME_TIMEZONE_NOT_STATED_BY_SOURCE,,NOT_VERIFIED_DO_NOT_INFER,Ath Bilbao,Betis,0,1,A,EVALUATION_ONLY_JOIN_AFTER_PREMATCH_FEATURE_FREEZE,1.64,3.86,5.71,EXTERNAL_HISTORICAL_MARKET_BENCHMARK,NOT_AVAILABLE,NOT_GOLDBET,04078b8863ab25490df836163206721ba9d74248a738dca823de74fa48bde2af,1512.4486092704747,1511.6951090114715,0.7535002590032036,1.2,1.6,0.0,-26.41013806937417,32,32,False
a4f0c0c8acec4cd0176626d6,LaLiga,2022/2023,DEVELOPMENT,2023-05-04,21:00,MATCH_KICKOFF_TIME_TIMEZONE_NOT_STATED_BY_SOURCE,,NOT_VERIFIED_DO_NOT_INFER,Vallecano,Valladolid,2,1,H,EVALUATION_ONLY_JOIN_AFTER_PREMATCH_FEATURE_FREEZE,1.95,3.57,4.01,EXTERNAL_HISTORICAL_MARKET_BENCHMARK,NOT_AVAILABLE,NOT_GOLDBET,f1f105f4456cbe1c9960375e117535c5fe535957c1a7aae4b1fc8652d5851a05,1492.1801051449756,1455.5023798949899,36.67772524998577,-0.19999999999999996,-0.4,0.8,14.603173355497574,32,32,False
1c4d3b1d00ff1e3a32a1ba4b,LaLiga,2022/2023,DEVELOPMENT,2023-05-12,20:00,MATCH_KICKOFF_TIME_TIMEZONE_NOT_STATED_BY_SOURCE,,NOT_VERIFIED_DO_NOT_INFER,Mallorca,Cadiz,1,0,H,EVALUATION_ONLY_JOIN_AFTER_PREMATCH_FEATURE_FREEZE,2.19,2.91,4,EXTERNAL_HISTORICAL_MARKET_BENCHMARK,NOT_AVAILABLE,NOT_GOLDBET,6c9db31faeb88637f6131ee40c574aaea12c087db043d4539536dcb4b0165b1e,1479.3648863104634,1466.8309360231815,12.533950287281868,0.5999999999999999,1.2,0.0,5.823277583233448,33,33,False
8e6cf20e5714c6b6e1adae2c,LaLiga,2022/2023,DEVELOPMENT,2023-05-13,13:00,MATCH_KICKOFF_TIME_TIMEZONE_NOT_STATED_BY_SOURCE,,NOT_VERIFIED_DO_NOT_INFER,Sociedad,Girona,2,2,D,EVALUATION_ONLY_JOIN_AFTER_PREMATCH_FEATURE_FREEZE,1.61,3.87,6.17,EXTERNAL_HISTORICAL_MARKET_BENCHMARK,NOT_AVAILABLE,NOT_GOLDBET,c8e2185a9a93173a8500d423ab804e761e5dc1e37a7261bf98a958cb05569d8b,1564.798669356586,1521.6488275067557,43.14984184983041,-0.3999999999999999,-0.6,1.6,33.65463476544733,33,33,False
fed1978d2039b5db2e73956d,LaLiga,2022/2023,DEVELOPMENT,2023-05-13,15:15,MATCH_KICKOFF_TIME_TIMEZONE_NOT_STATED_BY_SOURCE,,NOT_VERIFIED_DO_NOT_INFER,Osasuna,Almeria,3,1,H,EVALUATION_ONLY_JOIN_AFTER_PREMATCH_FEATURE_FREEZE,1.9,3.73,4.03,EXTERNAL_HISTORICAL_MARKET_BENCHMARK,NOT_AVAILABLE,NOT_GOLDBET,15933bdd7dff45c5a6c1c1f19fe173b7983e8fb6d2ba9705a88829f53475365d,1487.8696976909378,1458.6229144664626,29.246783224475166,0.0,0.0,0.5999999999999999,28.990381224714383,33,33,False
1d8290540657f032435c1e63,LaLiga,2022/2023,DEVELOPMENT,2023-05-13,17:30,MATCH_KICKOFF_TIME_TIMEZONE_NOT_STATED_BY_SOURCE,,NOT_VERIFIED_DO_NOT_INFER,Villarreal,Ath Bilbao,5,1,H,EVALUATION_ONLY_JOIN_AFTER_PREMATCH_FEATURE_FREEZE,2.14,3.59,3.34,EXTERNAL_HISTORICAL_MARKET_BENCHMARK,NOT_AVAILABLE,NOT_GOLDBET,de997e2e2bc8579782066ef9f5d78696d229a387fdefc34283a100f4e8654d26,1533.4366372039747,1500.7175901979874,32.71904700598725,0.0,0.2,-0.20000000000000018,-38.53051710775799,33,33,False
1c8cc5c912f1b941b0c1e991,LaLiga,2022/2023,DEVELOPMENT,2023-05-13,20:00,MATCH_KICKOFF_TIME_TIMEZONE_NOT_STATED_BY_SOURCE,,NOT_VERIFIED_DO_NOT_INFER,Real Madrid,Getafe,1,0,H,EVALUATION_ONLY_JOIN_AFTER_PREMATCH_FEATURE_FREEZE,1.6,3.93,6,EXTERNAL_HISTORICAL_MARKET_BENCHMARK,NOT_AVAILABLE,NOT_GOLDBET,00fc7fe6717ac7da95e69b7040ddd3336799702d4f67fa7e55767dffc85b9f72,1579.5471314912959,1453.562435596969,125.98469589432693,1.0,1.0,2.0,-2.4848862833589465,33,33,False
65cd408ea2bab8f978a3d9b2,LaLiga,2022/2023,DEVELOPMENT,2023-05-14,13:00,MATCH_KICKOFF_TIME_TIMEZONE_NOT_STATED_BY_SOURCE,,NOT_VERIFIED_DO_NOT_INFER,Celta,Valencia,1,2,A,EVALUATION_ONLY_JOIN_AFTER_PREMATCH_FEATURE_FREEZE,2.27,3.3,3.36,EXTERNAL_HISTORICAL_MARKET_BENCHMARK,NOT_AVAILABLE,NOT_GOLDBET,1f12222252107ffbf235e39363fb5cee18de12d2b14ef6e9cf4321e7b8296984,1473.5975591880508,1441.0707189658845,32.526840222166356,-0.7999999999999999,-1.0,1.4,14.566381338062456,33,33,False
d919b89d493cab2f9e4ecb05,LaLiga,2022/2023,DEVELOPMENT,2023-05-14,15:15,MATCH_KICKOFF_TIME_TIMEZONE_NOT_STATED_BY_SOURCE,,NOT_VERIFIED_DO_NOT_INFER,Elche,Ath Madrid,1,0,H,EVALUATION_ONLY_JOIN_AFTER_PREMATCH_FEATURE_FREEZE,7.46,4.96,1.41,EXTERNAL_HISTORICAL_MARKET_BENCHMARK,NOT_AVAILABLE,NOT_GOLDBET,3cd7d30459d26944df96d79e49c0e2fe29c7f59e41e0e873ade8fe3e2df5d132,1372.1700352978758,1609.350390077318,-237.18035477944227,-1.7999999999999998,-2.2,-1.2,-33.09724349588805,33,33,False
bd5db12ff6630652f7965d5b,LaLiga,2022/2023,DEVELOPMENT,2023-05-14,17:30,MATCH_KICKOFF_TIME_TIMEZONE_NOT_STATED_BY_SOURCE,,NOT_VERIFIED_DO_NOT_INFER,Valladolid,Sevilla,0,3,A,EVALUATION_ONLY_JOIN_AFTER_PREMATCH_FEATURE_FREEZE,2.48,3.37,2.91,EXTERNAL_HISTORICAL_MARKET_BENCHMARK,NOT_AVAILABLE,NOT_GOLDBET,91e871bc26189146cc1421fca1fed06dcaec83c09775d5b9188f6f7bc6692634,1448.215326947575,1506.5922367884784,-58.37690984090341,-1.2,-1.2,-0.40000000000000013,27.160905453976056,33,33,False
f25d48dad8674b5b4fdf980f,LaLiga,2022/2023,DEVELOPMENT,2023-05-14,20:00,MATCH_KICKOFF_TIME_TIMEZONE_NOT_STATED_BY_SOURCE,,NOT_VERIFIED_DO_NOT_INFER,Espanol,Barcelona,2,4,A,EVALUATION_ONLY_JOIN_AFTER_PREMATCH_FEATURE_FREEZE,6.14,4.41,1.53,EXTERNAL_HISTORICAL_MARKET_BENCHMARK,NOT_AVAILABLE,NOT_GOLDBET,85b979dbd777a55902fdfbc8dabc8299d2e3b30a76d69979720970ec32eca958,1434.457427752334,1645.2532929615206,-210.79586520918656,-1.2,-1.8,0.0,-19.8759012605733,33,33,False
87180da9ea721966f9f71745,LaLiga,2022/2023,DEVELOPMENT,2023-05-15,20:00,MATCH_KICKOFF_TIME_TIMEZONE_NOT_STATED_BY_SOURCE,,NOT_VERIFIED_DO_NOT_INFER,Betis,Vallecano,3,1,H,EVALUATION_ONLY_JOIN_AFTER_PREMATCH_FEATURE_FREEZE,2.13,3.39,3.6,EXTERNAL_HISTORICAL_MARKET_BENCHMARK,NOT_AVAILABLE,NOT_GOLDBET,44f44fa9aec8c3f6a9767e17a4eb940051ba8636224cf07b83f83ca810f901a4,1523.4261280839587,1499.4671580923905,23.95896999156821,-0.40000000000000013,0.0,1.4000000000000001,24.462423148833523,33,33,False
8c37d23e0073735d9ed4c431,LaLiga,2022/2023,DEVELOPMENT,2023-05-19,20:00,MATCH_KICKOFF_TIME_TIMEZONE_NOT_STATED_BY_SOURCE,,NOT_VERIFIED_DO_NOT_INFER,Cadiz,Valladolid,2,0,H,EVALUATION_ONLY_JOIN_AFTER_PREMATCH_FEATURE_FREEZE,2.16,3.43,3.46,EXTERNAL_HISTORICAL_MARKET_BENCHMARK,NOT_AVAILABLE,NOT_GOLDBET,c4636a7779018002a2611289b2cdb799affc1f213bb55149b18a043764af29d7,1458.8888200246756,1438.1686109973577,20.72020902731788,0.20000000000000007,0.3999999999999999,0.0,-14.306791643530232,34,34,False
c20e3e2011f58eb7eefd6823,LaLiga,2022/2023,DEVELOPMENT,2023-05-20,13:00,MATCH_KICKOFF_TIME_TIMEZONE_NOT_STATED_BY_SOURCE,,NOT_VERIFIED_DO_NOT_INFER,Girona,Villarreal,1,2,A,EVALUATION_ONLY_JOIN_AFTER_PREMATCH_FEATURE_FREEZE,2.59,3.78,2.55,EXTERNAL_HISTORICAL_MARKET_BENCHMARK,NOT_AVAILABLE,NOT_GOLDBET,00273297e1cd06a0eb38b6b492f950be26f2fcffd8536188986163e70fb7c3da,1524.5334589980948,1540.8295666955933,-16.296107697498428,0.0,-0.5999999999999999,0.3999999999999999,52.46687342639143,34,34,False
710536989e766a0875ef7cd4,LaLiga,2022/2023,DEVELOPMENT,2023-05-20,15:15,MATCH_KICKOFF_TIME_TIMEZONE_NOT_STATED_BY_SOURCE,,NOT_VERIFIED_DO_NOT_INFER,Ath Bilbao,Celta,2,1,H,EVALUATION_ONLY_JOIN_AFTER_PREMATCH_FEATURE_FREEZE,1.66,3.81,5.54,EXTERNAL_HISTORICAL_MARKET_BENCHMARK,NOT_AVAILABLE,NOT_GOLDBET,db1a4e6e2195f1b4f1ea92da8305c8d1afabbd1263da488ca1735e3c400a37eb,1493.3246607063688,1460.9956455683516,32.32901513801721,0.20000000000000007,0.0,0.0,22.8926152009999,34,34,False
f7b042befff2b06e3793501a,LaLiga,2022/2023,DEVELOPMENT,2023-05-20,17:30,MATCH_KICKOFF_TIME_TIMEZONE_NOT_STATED_BY_SOURCE,,NOT_VERIFIED_DO_NOT_INFER,Almeria,Mallorca,3,0,H,EVALUATION_ONLY_JOIN_AFTER_PREMATCH_FEATURE_FREEZE,2.26,3.29,3.36,EXTERNAL_HISTORICAL_MARKET_BENCHMARK,NOT_AVAILABLE,NOT_GOLDBET,965338767ed4a6a416c5e606e0f3229972ed69f31205bd4ac0cefab06089d0d7,1451.1365977020564,1487.3070023089692,-36.170404606912825,-0.19999999999999996,-0.6,0.5999999999999999,-25.437677335555463,34,34,False
93f22e26e430e5e919c3afa0,LaLiga,2022/2023,DEVELOPMENT,2023-05-20,17:30,MATCH_KICKOFF_TIME_TIMEZONE_NOT_STATED_BY_SOURCE,,NOT_VERIFIED_DO_NOT_INFER,Getafe,Elche,1,1,D,EVALUATION_ONLY_JOIN_AFTER_PREMATCH_FEATURE_FREEZE,1.64,3.7,5.97,EXTERNAL_HISTORICAL_MARKET_BENCHMARK,NOT_AVAILABLE,NOT_GOLDBET,5842dd75d5ced25077e4a2e9dd01324a2576d20641c7131519852cf5878cf11d,1448.456708767917,1386.869222796954,61.587485970962916,-0.6,-1.0,2.0,-10.69311629756794,34,34,False
8a417663a045221c6aa9ca9c,LaLiga,2022/2023,DEVELOPMENT,2023-05-20,20:00,MATCH_KICKOFF_TIME_TIMEZONE_NOT_STATED_BY_SOURCE,,NOT_VERIFIED_DO_NOT_INFER,Barcelona,Sociedad,1,2,A,EVALUATION_ONLY_JOIN_AFTER_PREMATCH_FEATURE_FREEZE,1.73,3.85,4.88,EXTERNAL_HISTORICAL_MARKET_BENCHMARK,NOT_AVAILABLE,NOT_GOLDBET,9c1022f0e508c43131d92c02fbae258ff2ef8ac0cf905e5b336f77d44384e113,1651.1664940875273,1561.9140378652469,89.25245622228044,0.19999999999999973,0.3999999999999999,1.6,-19.380559024452623,34,34,False
08a0b242163b6b962229f29d,LaLiga,2022/2023,DEVELOPMENT,2023-05-21,13:00,MATCH_KICKOFF_TIME_TIMEZONE_NOT_STATED_BY_SOURCE,,NOT_VERIFIED_DO_NOT_INFER,Vallecano,Espanol,1,2,A,EVALUATION_ONLY_JOIN_AFTER_PREMATCH_FEATURE_FREEZE,1.86,3.64,4.31,EXTERNAL_HISTORICAL_MARKET_BENCHMARK,NOT_AVAILABLE,NOT_GOLDBET,e23992730d2e8e64cc7062726b65313808463c3cb95a41142d15cb93e5f1e357,1491.837725990737,1428.5442266263274,63.29349936440963,0.3999999999999999,-0.19999999999999996,2.0,-12.720915086525338,34,34,False
5c8e816b76ab1b8aafd11892,LaLiga,2022/2023,DEVELOPMENT,2023-05-21,15:15,MATCH_KICKOFF_TIME_TIMEZONE_NOT_STATED_BY_SOURCE,,NOT_VERIFIED_DO_NOT_INFER,Ath Madrid,Osasuna,3,0,H,EVALUATION_ONLY_JOIN_AFTER_PREMATCH_FEATURE_FREEZE,1.48,4.6,6.74,EXTERNAL_HISTORICAL_MARKET_BENCHMARK,NOT_AVAILABLE,NOT_GOLDBET,02dea318f6fe1b4336c1ab3405268ab61d50354ea12d26a649b56ee859824325,1594.6512025782397,1495.356014455344,99.29518812289575,0.0,1.2,2.2,-40.99064251230425,34,34,False
03ad7bb52b72a37a4b6a8b24,LaLiga,2022/2023,DEVELOPMENT,2023-05-21,17:30,MATCH_KICKOFF_TIME_TIMEZONE_NOT_STATED_BY_SOURCE,,NOT_VERIFIED_DO_NOT_INFER,Valencia,Real Madrid,1,0,H,EVALUATION_ONLY_JOIN_AFTER_PREMATCH_FEATURE_FREEZE,3.25,3.61,2.18,EXTERNAL_HISTORICAL_MARKET_BENCHMARK,NOT_AVAILABLE,NOT_GOLDBET,07d13ef2c4d981f2044007353901dacfcc57e6a528e09d90235f3f1ac659956a,1453.6726325855836,1584.6528583203478,-130.9802257347642,0.19999999999999996,0.39999999999999997,0.8,-24.254198377166404,34,34,False
9c821dc5cd24a74553ca4276,LaLiga,2022/2023,DEVELOPMENT,2023-05-21,20:00,MATCH_KICKOFF_TIME_TIMEZONE_NOT_STATED_BY_SOURCE,,NOT_VERIFIED_DO_NOT_INFER,Sevilla,Betis,0,0,D,EVALUATION_ONLY_JOIN_AFTER_PREMATCH_FEATURE_FREEZE,2.11,3.51,3.54,EXTERNAL_HISTORICAL_MARKET_BENCHMARK,NOT_AVAILABLE,NOT_GOLDBET,d759e7dd54928535f9d25a961c5588f2a956ed41b1b9a1f3c11b4a82ef5fad75,1516.6389527386957,1531.0555601856122,-14.416607446916487,1.0,1.2000000000000002,1.2,-45.55706268728659,34,34,False
cf19d3eb6433e937e0fea0c1,LaLiga,2022/2023,DEVELOPMENT,2023-05-23,18:30,MATCH_KICKOFF_TIME_TIMEZONE_NOT_STATED_BY_SOURCE,,NOT_VERIFIED_DO_NOT_INFER,Celta,Girona,1,1,D,EVALUATION_ONLY_JOIN_AFTER_PREMATCH_FEATURE_FREEZE,2.1,3.41,3.64,EXTERNAL_HISTORICAL_MARKET_BENCHMARK,NOT_AVAILABLE,NOT_GOLDBET,e8115230066ba9cd6b03e9e608cd792bc6d14557af05e7027eca1fe3bdf98f4b,1453.5922500104264,1513.2821527589533,-59.68990274852695,-1.4,-1.6,0.19999999999999996,-84.3905342538344,35,35,False
3da03df8c31ff90b746f7694,LaLiga,2022/2023,DEVELOPMENT,2023-05-23,18:30,MATCH_KICKOFF_TIME_TIMEZONE_NOT_STATED_BY_SOURCE,,NOT_VERIFIED_DO_NOT_INFER,Sociedad,Almeria,1,0,H,EVALUATION_ONLY_JOIN_AFTER_PREMATCH_FEATURE_FREEZE,1.38,4.99,8.21,EXTERNAL_HISTORICAL_MARKET_BENCHMARK,NOT_AVAILABLE,NOT_GOLDBET,f204cc7ef50d06cd0ac1799f43758899a431d18dad33a3a0e8c34748a8a23e0f,1575.9637662774437,1460.4518002818393,115.51196599560444,0.40000000000000013,0.8,1.8,75.97768907361319,35,35,False
ac9f2f71a7bdb8efe7e33511,LaLiga,2022/2023,DEVELOPMENT,2023-05-23,21:00,MATCH_KICKOFF_TIME_TIMEZONE_NOT_STATED_BY_SOURCE,,NOT_VERIFIED_DO_NOT_INFER,Valladolid,Barcelona,3,1,H,EVALUATION_ONLY_JOIN_AFTER_PREMATCH_FEATURE_FREEZE,3.73,3.77,1.96,EXTERNAL_HISTORICAL_MARKET_BENCHMARK,NOT_AVAILABLE,NOT_GOLDBET,e5c43a78a66bb737ea03419e1a5c3094631a928ef7aa052cb718ca346c032afb,1430.45100609922,1637.1167656753305,-206.66575957611053,-1.8,-3.0,-1.2,-0.946815972549075,35,35,False
4364db5254121f9290d86e7d,LaLiga,2022/2023,DEVELOPMENT,2023-05-24,18:30,MATCH_KICKOFF_TIME_TIMEZONE_NOT_STATED_BY_SOURCE,,NOT_VERIFIED_DO_NOT_INFER,Elche,Sevilla,1,1,D,EVALUATION_ONLY_JOIN_AFTER_PREMATCH_FEATURE_FREEZE,3.55,3.46,2.11,EXTERNAL_HISTORICAL_MARKET_BENCHMARK,NOT_AVAILABLE,NOT_GOLDBET,ba479d1c1e14f0303942903e49effcc0eff11a0be1d94561159d135b12f26d7d,1390.2325961424785,1515.3344336964385,-125.10183755395997,-0.6000000000000001,0.0,-1.0,10.60541155579267,35,35,False
9b1f44148f7143000598d45a,LaLiga,2022/2023,DEVELOPMENT,2023-05-24,18:30,MATCH_KICKOFF_TIME_TIMEZONE_NOT_STATED_BY_SOURCE,,NOT_VERIFIED_DO_NOT_INFER,Real Madrid,Vallecano,2,1,H,EVALUATION_ONLY_JOIN_AFTER_PREMATCH_FEATURE_FREEZE,1.4,5.06,7.6,EXTERNAL_HISTORICAL_MARKET_BENCHMARK,NOT_AVAILABLE,NOT_GOLDBET,ac936dcc6b7e72944a421f726d7ec2e62a4baf18ddcb0fedc63e0ee6c7d6866b,1572.6378394362218,1478.4308764541274,94.20696298209441,0.0,0.6,2.1999999999999997,-2.149248708292589,35,35,False
0ca5b265acc8269c163e1ada,LaLiga,2022/2023,DEVELOPMENT,2023-05-24,18:30,MATCH_KICKOFF_TIME_TIMEZONE_NOT_STATED_BY_SOURCE,,NOT_VERIFIED_DO_NOT_INFER,Villarreal,Cadiz,2,0,H,EVALUATION_ONLY_JOIN_AFTER_PREMATCH_FEATURE_FREEZE,1.5,4.63,6.21,EXTERNAL_HISTORICAL_MARKET_BENCHMARK,NOT_AVAILABLE,NOT_GOLDBET,7711a3b9f5ca383a41a354f1625b7a9f329a145a816f25f18e57d9cf53616f68,1552.0808729347348,1466.6064249228134,85.47444801192137,1.4000000000000001,2.4,1.4,-13.52462294083557,35,35,False
e4aa386899d78e11ae1bc587,LaLiga,2022/2023,DEVELOPMENT,2023-05-24,21:00,MATCH_KICKOFF_TIME_TIMEZONE_NOT_STATED_BY_SOURCE,,NOT_VERIFIED_DO_NOT_INFER,Betis,Getafe,0,1,A,EVALUATION_ONLY_JOIN_AFTER_PREMATCH_FEATURE_FREEZE,2.28,2.98,3.69,EXTERNAL_HISTORICAL_MARKET_BENCHMARK,NOT_AVAILABLE,NOT_GOLDBET,dd0815e3d7333a3cf9004282c9f98a94edcde9a7771a64f84b037e131c0901ed,1532.3600792278694,1445.0933354223926,87.26674380547684,0.8,0.2,1.8,76.2308689779527,35,35,False
bca5c377c1b48ebf50c57c86,LaLiga,2022/2023,DEVELOPMENT,2023-05-24,21:00,MATCH_KICKOFF_TIME_TIMEZONE_NOT_STATED_BY_SOURCE,,NOT_VERIFIED_DO_NOT_INFER,Espanol,Ath Madrid,3,3,D,EVALUATION_ONLY_JOIN_AFTER_PREMATCH_FEATURE_FREEZE,3.01,3.52,2.33,EXTERNAL_HISTORICAL_MARKET_BENCHMARK,NOT_AVAILABLE,NOT_GOLDBET,e11be2963de26b937da956150f54f4b14361fd7d718c9a92f564de6f9aaa1add,1441.951076162937,1600.3626883694997,-158.41161220656272,-1.2,-2.8000000000000003,-1.0,62.915459429607836,35,35,False
6fdea793226b73b3a0b5e066,LaLiga,2022/2023,DEVELOPMENT,2023-05-25,18:30,MATCH_KICKOFF_TIME_TIMEZONE_NOT_STATED_BY_SOURCE,,NOT_VERIFIED_DO_NOT_INFER,Mallorca,Valencia,1,0,H,EVALUATION_ONLY_JOIN_AFTER_PREMATCH_FEATURE_FREEZE,3.06,2.96,2.63,EXTERNAL_HISTORICAL_MARKET_BENCHMARK,NOT_AVAILABLE,NOT_GOLDBET,63c8be6df5cd094d3e5f18305ab770dae415503014c3abb14023768c35ecea77,1477.9917997291864,1465.6876514697096,12.304148259476733,-1.2,-1.4,0.6000000000000001,0.9730593356789541,35,35,False
3912eeb874548afbd094c57f,LaLiga,2022/2023,DEVELOPMENT,2023-05-25,20:30,MATCH_KICKOFF_TIME_TIMEZONE_NOT_STATED_BY_SOURCE,,NOT_VERIFIED_DO_NOT_INFER,Osasuna,Ath Bilbao,2,0,H,EVALUATION_ONLY_JOIN_AFTER_PREMATCH_FEATURE_FREEZE,3.2,3.28,2.35,EXTERNAL_HISTORICAL_MARKET_BENCHMARK,NOT_AVAILABLE,NOT_GOLDBET,5ffbb6f51569dd2bf40e0902f81cd0ea72b3a728d09cb2b1ca5f17fd20acc2be,1489.644528664084,1500.728056264294,-11.083527600210118,0.3999999999999999,0.4,-0.19999999999999996,44.11340608180217,35,35,False
36153984c16144241784aad9,LaLiga,2022/2023,DEVELOPMENT,2023-05-27,18:00,MATCH_KICKOFF_TIME_TIMEZONE_NOT_STATED_BY_SOURCE,,NOT_VERIFIED_DO_NOT_INFER,Sevilla,Real Madrid,1,2,A,EVALUATION_ONLY_JOIN_AFTER_PREMATCH_FEATURE_FREEZE,3.14,3.54,2.25,EXTERNAL_HISTORICAL_MARKET_BENCHMARK,NOT_AVAILABLE,NOT_GOLDBET,68264051af58f48ee5331b98ab40ab416b36420ea18fd3500226a140f544fcbf,1513.4822783622171,1578.4695885413041,-64.98731017908699,-0.19999999999999996,0.2,1.0,-17.165956975456766,36,36,False
9f9a553659d90b85bce666cd,LaLiga,2022/2023,DEVELOPMENT,2023-05-28,18:00,MATCH_KICKOFF_TIME_TIMEZONE_NOT_STATED_BY_SOURCE,,NOT_VERIFIED_DO_NOT_INFER,Almeria,Valladolid,0,0,D,EVALUATION_ONLY_JOIN_AFTER_PREMATCH_FEATURE_FREEZE,2.22,3.47,3.29,EXTERNAL_HISTORICAL_MARKET_BENCHMARK,NOT_AVAILABLE,NOT_GOLDBET,e7f80fa8dfc28aeb71862b1ac2e24352f32f4734886de4e56a48127b92e41b45,1455.1134873285796,1444.4383065322934,10.675180796286213,0.6,1.2,1.4,-35.58395142512154,36,36,False
aef7396fac54b7a7ba208bdd,LaLiga,2022/2023,DEVELOPMENT,2023-05-28,18:00,MATCH_KICKOFF_TIME_TIMEZONE_NOT_STATED_BY_SOURCE,,NOT_VERIFIED_DO_NOT_INFER,Ath Bilbao,Elche,0,1,A,EVALUATION_ONLY_JOIN_AFTER_PREMATCH_FEATURE_FREEZE,1.38,5.03,8.22,EXTERNAL_HISTORICAL_MARKET_BENCHMARK,NOT_AVAILABLE,NOT_GOLDBET,889c62c6a25d78c87f65be716b05e41bb7469463d96e5fe8674abc8dfa84c552,1492.1267557308877,1392.0847514767,100.04200425418776,-0.8,-2.0,1.2,-9.220005398539342,36,36,False
7617d3977f0b1b0849eafa32,LaLiga,2022/2023,DEVELOPMENT,2023-05-28,18:00,MATCH_KICKOFF_TIME_TIMEZONE_NOT_STATED_BY_SOURCE,,NOT_VERIFIED_DO_NOT_INFER,Ath Madrid,Sociedad,2,1,H,EVALUATION_ONLY_JOIN_AFTER_PREMATCH_FEATURE_FREEZE,2.27,3.16,3.5,EXTERNAL_HISTORICAL_MARKET_BENCHMARK,NOT_AVAILABLE,NOT_GOLDBET,c409560164d38c360265a8c1d9a88135bb3a6ab79af0ea1fcd0280b1af9505e9,1597.603572000031,1581.3020792307034,16.301492769327524,-0.6000000000000001,0.6000000000000001,1.6,-96.07331175242689,36,36,False
1c8650cb36d10edbb0b45768,LaLiga,2022/2023,DEVELOPMENT,2023-05-28,18:00,MATCH_KICKOFF_TIME_TIMEZONE_NOT_STATED_BY_SOURCE,,NOT_VERIFIED_DO_NOT_INFER,Barcelona,Mallorca,3,0,H,EVALUATION_ONLY_JOIN_AFTER_PREMATCH_FEATURE_FREEZE,1.24,6.18,12.35,EXTERNAL_HISTORICAL_MARKET_BENCHMARK,NOT_AVAILABLE,NOT_GOLDBET,d37c81c56b0bb8f63ab3d790c6305556b88808d4ce1d939a1df97c883d5eb5ea,1623.129465242257,1485.9402507177804,137.1892145244767,0.40000000000000013,1.2000000000000002,1.2,5.427055557034464,36,36,False
898e97c79832af1cc43532cb,LaLiga,2022/2023,DEVELOPMENT,2023-05-28,18:00,MATCH_KICKOFF_TIME_TIMEZONE_NOT_STATED_BY_SOURCE,,NOT_VERIFIED_DO_NOT_INFER,Cadiz,Celta,1,0,H,EVALUATION_ONLY_JOIN_AFTER_PREMATCH_FEATURE_FREEZE,2.56,3.03,3.09,EXTERNAL_HISTORICAL_MARKET_BENCHMARK,NOT_AVAILABLE,NOT_GOLDBET,925c1e6f945b44105c148f317ae68196894561965083488195b10a5c35a5cbca,1460.564848697627,1453.5833246964387,6.981524001188291,1.0,0.19999999999999996,1.0,20.58914478124393,36,36,False
80104834252942264f6b03d4,LaLiga,2022/2023,DEVELOPMENT,2023-05-28,18:00,MATCH_KICKOFF_TIME_TIMEZONE_NOT_STATED_BY_SOURCE,,NOT_VERIFIED_DO_NOT_INFER,Getafe,Osasuna,2,1,H,EVALUATION_ONLY_JOIN_AFTER_PREMATCH_FEATURE_FREEZE,2.47,2.81,3.5,EXTERNAL_HISTORICAL_MARKET_BENCHMARK,NOT_AVAILABLE,NOT_GOLDBET,b2bbc5bdd62b1daaec0b4fecf64c316a9f5760045033285be79a56a35d13b0ad,1459.0951734421435,1498.2458291974904,-39.15065575534686,0.19999999999999996,0.4,0.8,-65.1225481632689,36,36,False
d14b5c105ab9b069bdba5fb5,LaLiga,2022/2023,DEVELOPMENT,2023-05-28,18:00,MATCH_KICKOFF_TIME_TIMEZONE_NOT_STATED_BY_SOURCE,,NOT_VERIFIED_DO_NOT_INFER,Girona,Betis,1,2,A,EVALUATION_ONLY_JOIN_AFTER_PREMATCH_FEATURE_FREEZE,2,3.55,3.82,EXTERNAL_HISTORICAL_MARKET_BENCHMARK,NOT_AVAILABLE,NOT_GOLDBET,e69ea775b8c58dc36956d6c53eb066e612a2f9ef2944d869cf5282d4adca7769,1513.291078072941,1518.3582412081184,-5.067163135177452,0.20000000000000018,0.8,1.5999999999999999,-10.200179966202995,36,36,False
275c6db168a2fee8cd519722,LaLiga,2022/2023,DEVELOPMENT,2023-05-28,18:00,MATCH_KICKOFF_TIME_TIMEZONE_NOT_STATED_BY_SOURCE,,NOT_VERIFIED_DO_NOT_INFER,Valencia,Espanol,2,2,D,EVALUATION_ONLY_JOIN_AFTER_PREMATCH_FEATURE_FREEZE,2.04,3.47,3.65,EXTERNAL_HISTORICAL_MARKET_BENCHMARK,NOT_AVAILABLE,NOT_GOLDBET,c9fb48c83ca5a5143f278881c5fe5ee35f4dfc709d9daaffef9928dded206d03,1457.7392004811156,1444.7101925324057,13.029007948709932,0.0,0.2,1.0,-31.154290293392023,36,36,False
976a6182d55932edb1a44115,LaLiga,2022/2023,DEVELOPMENT,2023-05-28,18:00,MATCH_KICKOFF_TIME_TIMEZONE_NOT_STATED_BY_SOURCE,,NOT_VERIFIED_DO_NOT_INFER,Vallecano,Villarreal,2,1,H,EVALUATION_ONLY_JOIN_AFTER_PREMATCH_FEATURE_FREEZE,3.09,3.77,2.2,EXTERNAL_HISTORICAL_MARKET_BENCHMARK,NOT_AVAILABLE,NOT_GOLDBET,2f13aa35fafe66371f0fcbbd7d1748b90af018e0602081e6a31e1f43feeb8873,1472.5991273490451,1558.1224491599212,-85.52332181087604,-2.0,-3.2,-0.19999999999999996,-15.163038331908638,36,36,False
2a2d3bdec2d47cda6b1c1406,LaLiga,2022/2023,DEVELOPMENT,2023-06-04,17:30,MATCH_KICKOFF_TIME_TIMEZONE_NOT_STATED_BY_SOURCE,,NOT_VERIFIED_DO_NOT_INFER,Mallorca,Vallecano,3,0,H,EVALUATION_ONLY_JOIN_AFTER_PREMATCH_FEATURE_FREEZE,3.07,3.19,2.46,EXTERNAL_HISTORICAL_MARKET_BENCHMARK,NOT_AVAILABLE,NOT_GOLDBET,abf7d7a7abe01c4fc50678425535aa160c54b1f970a971ee02151d3519247ee8,1481.075873386643,1483.3324289487489,-2.2565555621058593,0.0,-0.6,2.0,-3.4682220152237733,37,37,False
32396bb97fa542d0dd5d81ff,LaLiga,2022/2023,DEVELOPMENT,2023-06-04,17:30,MATCH_KICKOFF_TIME_TIMEZONE_NOT_STATED_BY_SOURCE,,NOT_VERIFIED_DO_NOT_INFER,Osasuna,Girona,2,1,H,EVALUATION_ONLY_JOIN_AFTER_PREMATCH_FEATURE_FREEZE,2.09,3.64,3.4,EXTERNAL_HISTORICAL_MARKET_BENCHMARK,NOT_AVAILABLE,NOT_GOLDBET,42d39fb15c94c90e622599826e8dc238714a71f4d675b7dc5d586de5cbb7b428,1488.8452022667161,1501.7230285483724,-12.877826281656326,0.19999999999999996,0.0,1.2,17.845752218919415,37,37,False
97d145e3aefae3ee2bb9e05e,LaLiga,2022/2023,DEVELOPMENT,2023-06-04,17:30,MATCH_KICKOFF_TIME_TIMEZONE_NOT_STATED_BY_SOURCE,,NOT_VERIFIED_DO_NOT_INFER,Real Madrid,Ath Bilbao,1,1,D,EVALUATION_ONLY_JOIN_AFTER_PREMATCH_FEATURE_FREEZE,1.68,4.18,4.66,EXTERNAL_HISTORICAL_MARKET_BENCHMARK,NOT_AVAILABLE,NOT_GOLDBET,759cc97e3c58966731a1b60a7271429e6c0666ade5176dffea554dc025ad9bc4,1588.3260520740876,1477.820715847771,110.50533622631656,1.2000000000000002,1.4,1.0,13.37195872800612,37,37,False
4fa9b3242749da94aa06cec3,LaLiga,2022/2023,DEVELOPMENT,2023-06-04,17:30,MATCH_KICKOFF_TIME_TIMEZONE_NOT_STATED_BY_SOURCE,,NOT_VERIFIED_DO_NOT_INFER,Sociedad,Sevilla,2,1,H,EVALUATION_ONLY_JOIN_AFTER_PREMATCH_FEATURE_FREEZE,1.58,4.17,5.8,EXTERNAL_HISTORICAL_MARKET_BENCHMARK,NOT_AVAILABLE,NOT_GOLDBET,6cddc39a2c51e349099caf782f6fb93b64b74a1553f121d1c2ad325827bc33fc,1573.4635742969708,1503.6258148294337,69.83775946753713,0.3999999999999999,0.0,0.0,86.10151710224136,37,37,False
9f2f3ae4a246071448e0c8a2,LaLiga,2022/2023,DEVELOPMENT,2023-06-04,17:30,MATCH_KICKOFF_TIME_TIMEZONE_NOT_STATED_BY_SOURCE,,NOT_VERIFIED_DO_NOT_INFER,Villarreal,Ath Madrid,2,2,D,EVALUATION_ONLY_JOIN_AFTER_PREMATCH_FEATURE_FREEZE,2.72,3.76,2.43,EXTERNAL_HISTORICAL_MARKET_BENCHMARK,NOT_AVAILABLE,NOT_GOLDBET,15205097a843c5b82ec24a618983529e474250289343dbc8e24bbed54cfdab7e,1547.3891475602175,1605.4420769337635,-58.05292937354602,0.0,-0.19999999999999996,1.0,8.393942412298202,37,37,False
bb596936fe7b2b2b5f84a7ee,LaLiga,2022/2023,DEVELOPMENT,2023-06-04,20:00,MATCH_KICKOFF_TIME_TIMEZONE_NOT_STATED_BY_SOURCE,,NOT_VERIFIED_DO_NOT_INFER,Betis,Valencia,1,1,D,EVALUATION_ONLY_JOIN_AFTER_PREMATCH_FEATURE_FREEZE,2.94,3.2,2.52,EXTERNAL_HISTORICAL_MARKET_BENCHMARK,NOT_AVAILABLE,NOT_GOLDBET,ee9947caa97e53491c3efe298c355a4e102f09901bd0ff079a09db0ddcdfdbf4,1529.926290732687,1455.6676750089532,74.25861572373378,0.3999999999999999,0.39999999999999997,0.19999999999999996,-5.686995891231618,37,37,False
d06a5db07fdaa900d0204b56,LaLiga,2022/2023,DEVELOPMENT,2023-06-04,20:00,MATCH_KICKOFF_TIME_TIMEZONE_NOT_STATED_BY_SOURCE,,NOT_VERIFIED_DO_NOT_INFER,Celta,Barcelona,2,1,H,EVALUATION_ONLY_JOIN_AFTER_PREMATCH_FEATURE_FREEZE,2.77,3.51,2.49,EXTERNAL_HISTORICAL_MARKET_BENCHMARK,NOT_AVAILABLE,NOT_GOLDBET,dcf287d35a9ba1124f3a58d3c2eb05b7d3f618300f708a2249f5854801c52d69,1445.4876729979674,1627.9938425733944,-182.50616957542707,-1.6,-1.4,-0.3999999999999999,-10.571073908536164,37,37,False
fa4024ffc07e2fef90c8b29e,LaLiga,2022/2023,DEVELOPMENT,2023-06-04,20:00,MATCH_KICKOFF_TIME_TIMEZONE_NOT_STATED_BY_SOURCE,,NOT_VERIFIED_DO_NOT_INFER,Elche,Cadiz,1,1,D,EVALUATION_ONLY_JOIN_AFTER_PREMATCH_FEATURE_FREEZE,2.55,3.28,2.87,EXTERNAL_HISTORICAL_MARKET_BENCHMARK,NOT_AVAILABLE,NOT_GOLDBET,aa817614c9447beef2a0990cd694e90fb93591aac1fd071b39dcf071d9e97c20,1406.3907913598166,1468.6605003960983,-62.26970903628171,0.40000000000000013,1.0,0.5999999999999999,-2.00465008199194,37,37,False
9838d0344f7391c8ef1af82b,LaLiga,2022/2023,DEVELOPMENT,2023-06-04,20:00,MATCH_KICKOFF_TIME_TIMEZONE_NOT_STATED_BY_SOURCE,,NOT_VERIFIED_DO_NOT_INFER,Espanol,Almeria,3,3,D,EVALUATION_ONLY_JOIN_AFTER_PREMATCH_FEATURE_FREEZE,2.4,3.71,2.78,EXTERNAL_HISTORICAL_MARKET_BENCHMARK,NOT_AVAILABLE,NOT_GOLDBET,6c481269c9c5fcc25120399be9c9dd931efff379a3f98ee36ddc78fc610e9ae8,1446.7817180045681,1453.1068933415536,-6.325175336985467,-0.3999999999999999,-0.6000000000000001,0.4,64.19948003002901,37,37,False
810229bbcb74e0b1d2fcb2a6,LaLiga,2022/2023,DEVELOPMENT,2023-06-04,20:00,MATCH_KICKOFF_TIME_TIMEZONE_NOT_STATED_BY_SOURCE,,NOT_VERIFIED_DO_NOT_INFER,Valladolid,Getafe,0,0,D,EVALUATION_ONLY_JOIN_AFTER_PREMATCH_FEATURE_FREEZE,2.04,3.23,4.02,EXTERNAL_HISTORICAL_MARKET_BENCHMARK,NOT_AVAILABLE,NOT_GOLDBET,716e5a968c19cc2b6fa208b1e857715879e2d558103cea991849d235a6294e9c,1446.4449005193194,1468.4958003729178,-22.050899853598366,-1.2,-1.2000000000000002,0.7999999999999999,13.976105427126413,37,37,False
b275f6d9bf642540f503ac03,LaLiga,2023/2024,DEVELOPMENT,2023-08-11,18:30,MATCH_KICKOFF_TIME_TIMEZONE_NOT_STATED_BY_SOURCE,,NOT_VERIFIED_DO_NOT_INFER,Almeria,Vallecano,0,2,A,EVALUATION_ONLY_JOIN_AFTER_PREMATCH_FEATURE_FREEZE,2.64,3.16,2.85,EXTERNAL_HISTORICAL_MARKET_BENCHMARK,NOT_AVAILABLE,NOT_GOLDBET,d350e9798429674dd0d4d09aa648abe07ebdd275e3bc658d3f7931136f2a5ab0,1477.319802371047,1487.4896417655038,-10.169839394456858,0.4,1.2,2.0,-24.28920517577194,38,38,False
f5e8462c71726b79803e9e9d,LaLiga,2023/2024,DEVELOPMENT,2023-08-11,21:00,MATCH_KICKOFF_TIME_TIMEZONE_NOT_STATED_BY_SOURCE,,NOT_VERIFIED_DO_NOT_INFER,Sevilla,Valencia,1,2,A,EVALUATION_ONLY_JOIN_AFTER_PREMATCH_FEATURE_FREEZE,1.93,3.36,4.4,EXTERNAL_HISTORICAL_MARKET_BENCHMARK,NOT_AVAILABLE,NOT_GOLDBET,0fadec3f75b04e47dc7b07848994e5c46d3ac1834c4e2ed453f92cf74f320904,1498.5990400729638,1479.6752185322393,18.923821540724475,-0.6000000000000001,0.0,0.0,2.1115891222525534,38,38,False
f88291cefd06bdaf3ca0fde8,LaLiga,2023/2024,DEVELOPMENT,2023-08-12,16:00,MATCH_KICKOFF_TIME_TIMEZONE_NOT_STATED_BY_SOURCE,,NOT_VERIFIED_DO_NOT_INFER,Sociedad,Girona,1,1,D,EVALUATION_ONLY_JOIN_AFTER_PREMATCH_FEATURE_FREEZE,1.81,3.56,4.76,EXTERNAL_HISTORICAL_MARKET_BENCHMARK,NOT_AVAILABLE,NOT_GOLDBET,a6e0c85cdad71afe1fd26d84ddf809da0a746a7163e86cfd2b4e14dc27ad9dfa,1539.9456544902387,1496.5355290704101,43.410125419828546,1.6,1.0,1.6,33.61451583362941,38,38,False
7928ea859a908906f9b3d041,LaLiga,2023/2024,DEVELOPMENT,2023-08-12,18:30,MATCH_KICKOFF_TIME_TIMEZONE_NOT_STATED_BY_SOURCE,,NOT_VERIFIED_DO_NOT_INFER,Las Palmas,Mallorca,1,1,D,EVALUATION_ONLY_JOIN_AFTER_PREMATCH_FEATURE_FREEZE,2.58,2.88,3.22,EXTERNAL_HISTORICAL_MARKET_BENCHMARK,NOT_AVAILABLE,NOT_GOLDBET,4a9e2cf70a83834b647bc9915e66f16d182fb5e9f16d49d7ad0d7e004b9dc657,1500.0,1494.714509402192,5.285490597807893,,,,,0,38,False
b8d10c11a3dc3e11b9d080be,LaLiga,2023/2024,DEVELOPMENT,2023-08-12,20:30,MATCH_KICKOFF_TIME_TIMEZONE_NOT_STATED_BY_SOURCE,,NOT_VERIFIED_DO_NOT_INFER,Ath Bilbao,Real Madrid,0,2,A,EVALUATION_ONLY_JOIN_AFTER_PREMATCH_FEATURE_FREEZE,3.31,3.43,2.23,EXTERNAL_HISTORICAL_MARKET_BENCHMARK,NOT_AVAILABLE,NOT_GOLDBET,60069b61d52c24ef2faf77aef83a108ae1e33dff3375ba59462d30f6e5c6384b,1491.184430497909,1541.8889534630202,-50.70452296511121,-1.2,-1.6,0.0,17.503735228105825,38,38,False
6596893a6a1e62681db73079,LaLiga,2023/2024,DEVELOPMENT,2023-08-13,16:00,MATCH_KICKOFF_TIME_TIMEZONE_NOT_STATED_BY_SOURCE,,NOT_VERIFIED_DO_NOT_INFER,Celta,Osasuna,0,2,A,EVALUATION_ONLY_JOIN_AFTER_PREMATCH_FEATURE_FREEZE,2.11,3.18,3.86,EXTERNAL_HISTORICAL_MARKET_BENCHMARK,NOT_AVAILABLE,NOT_GOLDBET,ed6bba8881e187147ab15fb62b251c5ff6da1262d791857b550836ca27e09006,1479.4372380582781,1498.748586337134,-19.311348278855803,-1.0,-0.6000000000000001,0.7999999999999999,4.283169680543324,38,38,False
ca61cb9d8751d7c19f4a242e,LaLiga,2023/2024,DEVELOPMENT,2023-08-13,18:30,MATCH_KICKOFF_TIME_TIMEZONE_NOT_STATED_BY_SOURCE,,NOT_VERIFIED_DO_NOT_INFER,Villarreal,Betis,1,2,A,EVALUATION_ONLY_JOIN_AFTER_PREMATCH_FEATURE_FREEZE,1.73,3.95,4.67,EXTERNAL_HISTORICAL_MARKET_BENCHMARK,NOT_AVAILABLE,NOT_GOLDBET,6b7fa12ccb24bed0f3f92e59388b46e7d55ac9ae01916bdd7ebd1c4f3057cf52,1523.666553474698,1513.1217643385808,10.544789136117288,0.3999999999999999,0.7999999999999999,1.2000000000000002,27.948095813266264,38,38,False
bcc062094d0c375d188c77f6,LaLiga,2023/2024,DEVELOPMENT,2023-08-13,20:30,MATCH_KICKOFF_TIME_TIMEZONE_NOT_STATED_BY_SOURCE,,NOT_VERIFIED_DO_NOT_INFER,Getafe,Barcelona,0,0,D,EVALUATION_ONLY_JOIN_AFTER_PREMATCH_FEATURE_FREEZE,7.01,3.97,1.54,EXTERNAL_HISTORICAL_MARKET_BENCHMARK,NOT_AVAILABLE,NOT_GOLDBET,d8acb4eabff2a1edc66bd5e421e2c5932f8d3926bfe559cbd02242a548470313,1484.7918701004994,1557.303519727403,-72.51164962690359,0.40000000000000013,0.0,0.8,17.043353560075957,38,38,False
362b4632e662c66ed3f1866a,LaLiga,2023/2024,DEVELOPMENT,2023-08-14,18:30,MATCH_KICKOFF_TIME_TIMEZONE_NOT_STATED_BY_SOURCE,,NOT_VERIFIED_DO_NOT_INFER,Cadiz,Alaves,1,0,H,EVALUATION_ONLY_JOIN_AFTER_PREMATCH_FEATURE_FREEZE,2.27,2.92,3.73,EXTERNAL_HISTORICAL_MARKET_BENCHMARK,NOT_AVAILABLE,NOT_GOLDBET,f4f74b2c9af45b9024e7470f6a50654da3a19a919f6dd61aa07f76fa2f8a14cb,1484.297586924,1500.0,-15.702413076000084,,,,,38,0,False
edb64102a993abd14e225ec3,LaLiga,2023/2024,DEVELOPMENT,2023-08-14,20:30,MATCH_KICKOFF_TIME_TIMEZONE_NOT_STATED_BY_SOURCE,,NOT_VERIFIED_DO_NOT_INFER,Ath Madrid,Granada,3,1,H,EVALUATION_ONLY_JOIN_AFTER_PREMATCH_FEATURE_FREEZE,1.32,5.46,9.45,EXTERNAL_HISTORICAL_MARKET_BENCHMARK,NOT_AVAILABLE,NOT_GOLDBET,3359518c080831acb3206b8d1c63c11ee212a87aff9c583509952d8fd4cca476,1552.7490587722923,1500.0,52.7490587722923,,,,,38,0,False
58147a1069353cbbd7517fd8,LaLiga,2023/2024,DEVELOPMENT,2023-08-18,18:30,MATCH_KICKOFF_TIME_TIMEZONE_NOT_STATED_BY_SOURCE,,NOT_VERIFIED_DO_NOT_INFER,Mallorca,Villarreal,0,1,A,EVALUATION_ONLY_JOIN_AFTER_PREMATCH_FEATURE_FREEZE,2.72,3.22,2.72,EXTERNAL_HISTORICAL_MARKET_BENCHMARK,NOT_AVAILABLE,NOT_GOLDBET,bbdf909d749cb4bbdb6aaf409c3ee181832e66cb0cb8f2d5df9c22df1067215a,1496.5717688619848,1511.6635616219698,-15.091792759985083,0.0,-0.6000000000000001,1.2000000000000002,-11.80334183590503,39,39,False
d94eb6dd9dd4b372926aa352,LaLiga,2023/2024,DEVELOPMENT,2023-08-18,20:30,MATCH_KICKOFF_TIME_TIMEZONE_NOT_STATED_BY_SOURCE,,NOT_VERIFIED_DO_NOT_INFER,Valencia,Las Palmas,1,0,H,EVALUATION_ONLY_JOIN_AFTER_PREMATCH_FEATURE_FREEZE,1.59,3.89,6.28,EXTERNAL_HISTORICAL_MARKET_BENCHMARK,NOT_AVAILABLE,NOT_GOLDBET,112f37254a09041b0c5acca4c1f8bb391494b1933d01c9b81f286d5bc694f5cf,1491.9085454185915,1498.1427405402073,-6.234195121615812,0.6000000000000001,0.2,,12.461526875325944,39,1,False
33e50aa20c3084a94a6af4e1,LaLiga,2023/2024,DEVELOPMENT,2023-08-19,16:00,MATCH_KICKOFF_TIME_TIMEZONE_NOT_STATED_BY_SOURCE,,NOT_VERIFIED_DO_NOT_INFER,Sociedad,Celta,1,1,D,EVALUATION_ONLY_JOIN_AFTER_PREMATCH_FEATURE_FREEZE,1.69,3.49,5.93,EXTERNAL_HISTORICAL_MARKET_BENCHMARK,NOT_AVAILABLE,NOT_GOLDBET,77ebea4d22eec9c36d249f6c44704a10f1c1ca9dfbbcf96720aa057aea5950ad,1537.0541563011434,1468.271449279788,68.78270702135546,1.2,1.0,2.2,23.09382383915272,39,39,False
d533d1e78aa7077a040ae8d2,LaLiga,2023/2024,DEVELOPMENT,2023-08-19,18:30,MATCH_KICKOFF_TIME_TIMEZONE_NOT_STATED_BY_SOURCE,,NOT_VERIFIED_DO_NOT_INFER,Almeria,Real Madrid,1,3,A,EVALUATION_ONLY_JOIN_AFTER_PREMATCH_FEATURE_FREEZE,6.97,5.15,1.42,EXTERNAL_HISTORICAL_MARKET_BENCHMARK,NOT_AVAILABLE,NOT_GOLDBET,1cdea91052815b159feb9f1a36c930ef52596f02878427a69b62d27e32aad81c,1465.8953288686164,1552.156434980184,-86.26110611156764,-1.0,-0.6,0.19999999999999996,5.477900228234148,39,39,False
88f1ae5ded3f94cb714e64e7,LaLiga,2023/2024,DEVELOPMENT,2023-08-19,20:30,MATCH_KICKOFF_TIME_TIMEZONE_NOT_STATED_BY_SOURCE,,NOT_VERIFIED_DO_NOT_INFER,Osasuna,Ath Bilbao,0,2,A,EVALUATION_ONLY_JOIN_AFTER_PREMATCH_FEATURE_FREEZE,2.89,2.98,2.76,EXTERNAL_HISTORICAL_MARKET_BENCHMARK,NOT_AVAILABLE,NOT_GOLDBET,4e3565b2d0699e10e203a80ef493370a1195ef871b95be5e6c579c98c70b677b,1509.9143751156241,1480.9169489807452,28.99742613487888,1.0,1.0,1.4,12.538953529017135,39,39,False
bee555e01f46dfa8e6c5abbf,LaLiga,2023/2024,DEVELOPMENT,2023-08-20,18:00,MATCH_KICKOFF_TIME_TIMEZONE_NOT_STATED_BY_SOURCE,,NOT_VERIFIED_DO_NOT_INFER,Girona,Getafe,3,0,H,EVALUATION_ONLY_JOIN_AFTER_PREMATCH_FEATURE_FREEZE,1.95,3.18,4.63,EXTERNAL_HISTORICAL_MARKET_BENCHMARK,NOT_AVAILABLE,NOT_GOLDBET,e8089ca658780fc70810a7f23ca3a38c7ffdcd73dabcb02e7f937986028c8f47,1499.4270272595054,1485.1518287371211,14.275198522384244,-1.4,-1.0,1.0,24.069472640411277,39,39,False
f39fe4e3bd5091af1b9e854d,LaLiga,2023/2024,DEVELOPMENT,2023-08-20,18:30,MATCH_KICKOFF_TIME_TIMEZONE_NOT_STATED_BY_SOURCE,,NOT_VERIFIED_DO_NOT_INFER,Barcelona,Cadiz,2,0,H,EVALUATION_ONLY_JOIN_AFTER_PREMATCH_FEATURE_FREEZE,1.25,6.03,12.26,EXTERNAL_HISTORICAL_MARKET_BENCHMARK,NOT_AVAILABLE,NOT_GOLDBET,af3ea2b636707e76fac4be7130ab651fb6443f57d31a1f1dbba32b150f3c1672,1556.9435610907813,1493.029463949026,63.91409714175529,-1.2,-0.6000000000000001,2.0,11.672247558473373,39,39,False
464f4285947053e72ecf32d7,LaLiga,2023/2024,DEVELOPMENT,2023-08-20,20:30,MATCH_KICKOFF_TIME_TIMEZONE_NOT_STATED_BY_SOURCE,,NOT_VERIFIED_DO_NOT_INFER,Betis,Ath Madrid,0,0,D,EVALUATION_ONLY_JOIN_AFTER_PREMATCH_FEATURE_FREEZE,3.76,3.48,2.05,EXTERNAL_HISTORICAL_MARKET_BENCHMARK,NOT_AVAILABLE,NOT_GOLDBET,0e9ffa907e872a05d24b1fbedebd0fadffd3aba4ee5af7fbfe5538adeafe16d6,1525.124756191309,1559.6131959849129,-34.4884397936039,-0.6000000000000001,-1.0,0.6000000000000001,-22.32814453830406,39,39,False
2aed354d45ca7aa13a9c938f,LaLiga,2023/2024,DEVELOPMENT,2023-08-21,18:00,MATCH_KICKOFF_TIME_TIMEZONE_NOT_STATED_BY_SOURCE,,NOT_VERIFIED_DO_NOT_INFER,Alaves,Sevilla,4,3,H,EVALUATION_ONLY_JOIN_AFTER_PREMATCH_FEATURE_FREEZE,3.4,3.06,2.37,EXTERNAL_HISTORICAL_MARKET_BENCHMARK,NOT_AVAILABLE,NOT_GOLDBET,b051f971bbb5dfaa69a1a1f80d8acd32a4a505f11dfddb092d22bd3d7638a1fe,1491.268122974974,1486.3657131866116,4.90240978836232,-0.4,-0.4,,-26.281720615721042,1,39,False
4301f9712d2ff9a4f2e81402,LaLiga,2023/2024,DEVELOPMENT,2023-08-21,20:30,MATCH_KICKOFF_TIME_TIMEZONE_NOT_STATED_BY_SOURCE,,NOT_VERIFIED_DO_NOT_INFER,Granada,Vallecano,0,2,A,EVALUATION_ONLY_JOIN_AFTER_PREMATCH_FEATURE_FREEZE,2.82,3.09,2.75,EXTERNAL_HISTORICAL_MARKET_BENCHMARK,NOT_AVAILABLE,NOT_GOLDBET,117d1852434eed0a74fb9a632d55d222497e99bb061f4812dd1d116dbf88a55a,1493.1358627873794,1498.9141152679344,-5.778252480555011,-1.2,-1.6,,49.20902057626017,1,39,False
76d22dc0a3db1e7eaa4038b4,LaLiga,2023/2024,DEVELOPMENT,2023-08-25,18:30,MATCH_KICKOFF_TIME_TIMEZONE_NOT_STATED_BY_SOURCE,,NOT_VERIFIED_DO_NOT_INFER,Las Palmas,Sociedad,0,0,D,EVALUATION_ONLY_JOIN_AFTER_PREMATCH_FEATURE_FREEZE,4.5,3.29,1.95,EXTERNAL_HISTORICAL_MARKET_BENCHMARK,NOT_AVAILABLE,NOT_GOLDBET,58c23f92c608c44e4ac59b4dc141873104de9db760a5e434bacaf9d6e528b3e1,1489.6780089424,1533.5084113845617,-43.830402442161585,-1.1,-0.7,-0.3999999999999999,-11.986105681908612,2,40,False
322f03abd53f94d982453948,LaLiga,2023/2024,DEVELOPMENT,2023-08-25,20:30,MATCH_KICKOFF_TIME_TIMEZONE_NOT_STATED_BY_SOURCE,,NOT_VERIFIED_DO_NOT_INFER,Celta,Real Madrid,0,1,A,EVALUATION_ONLY_JOIN_AFTER_PREMATCH_FEATURE_FREEZE,4.53,3.84,1.79,EXTERNAL_HISTORICAL_MARKET_BENCHMARK,NOT_AVAILABLE,NOT_GOLDBET,79eed2e11ba4f56c99b042a57409e08ddb399ba342993e1c2045dce3c4828eee,1471.8171941963697,1561.4020157494278,-89.58482155305819,-1.6,-1.6,-0.40000000000000013,42.165991327522306,40,40,False
b5788db8217c3a0d062e2f41,LaLiga,2023/2024,DEVELOPMENT,2023-08-26,18:00,MATCH_KICKOFF_TIME_TIMEZONE_NOT_STATED_BY_SOURCE,,NOT_VERIFIED_DO_NOT_INFER,Cadiz,Almeria,1,1,D,EVALUATION_ONLY_JOIN_AFTER_PREMATCH_FEATURE_FREEZE,2.17,3.37,3.56,EXTERNAL_HISTORICAL_MARKET_BENCHMARK,NOT_AVAILABLE,NOT_GOLDBET,0674a07af4cd12582b71395017833e0c1424b486e7780d3a15a8dcda1df32eb5,1486.4520929033588,1456.6497480993726,29.802344803986216,0.9999999999999999,0.6,1.5999999999999999,-7.566263495644307,40,40,False
68cc04dc5f6a03a5c0d91667,LaLiga,2023/2024,DEVELOPMENT,2023-08-26,18:30,MATCH_KICKOFF_TIME_TIMEZONE_NOT_STATED_BY_SOURCE,,NOT_VERIFIED_DO_NOT_INFER,Granada,Mallorca,3,2,H,EVALUATION_ONLY_JOIN_AFTER_PREMATCH_FEATURE_FREEZE,2.72,2.97,2.97,EXTERNAL_HISTORICAL_MARKET_BENCHMARK,NOT_AVAILABLE,NOT_GOLDBET,0ebfd6292ac7718eafe67388f1c6819434d85094f03be8c7cf33fb798bd431fc,1481.587783207092,1485.2863573234422,-3.6985741163503008,-1.4,-2.0,-0.2,9.068965563576285,2,40,False
7b30a641df092324831c2050,LaLiga,2023/2024,DEVELOPMENT,2023-08-26,20:30,MATCH_KICKOFF_TIME_TIMEZONE_NOT_STATED_BY_SOURCE,,NOT_VERIFIED_DO_NOT_INFER,Sevilla,Girona,1,2,A,EVALUATION_ONLY_JOIN_AFTER_PREMATCH_FEATURE_FREEZE,1.95,3.54,4.06,EXTERNAL_HISTORICAL_MARKET_BENCHMARK,NOT_AVAILABLE,NOT_GOLDBET,39a9609179766be5c5c97395ab51d8aa997e15a75cb14d4084f879a427359cbc,1478.2123248488313,1507.321198359241,-29.108873510409694,-0.8,-1.0,-0.3999999999999999,5.443184755069296,40,40,False
4b566d902952498fd39c951f,LaLiga,2023/2024,DEVELOPMENT,2023-08-27,16:30,MATCH_KICKOFF_TIME_TIMEZONE_NOT_STATED_BY_SOURCE,,NOT_VERIFIED_DO_NOT_INFER,Villarreal,Barcelona,3,4,A,EVALUATION_ONLY_JOIN_AFTER_PREMATCH_FEATURE_FREEZE,3.44,3.68,2.1,EXTERNAL_HISTORICAL_MARKET_BENCHMARK,NOT_AVAILABLE,NOT_GOLDBET,547d6b771e2b40895ec6ed42a953bf2c117348941711ce26a601d8fff48b5bcd,1522.9489731605124,1563.5209321364484,-40.57195897593601,0.0,-0.2,1.2,42.9281797083388,40,40,False
fa7083a152a5fa26f44a4bf6,LaLiga,2023/2024,DEVELOPMENT,2023-08-27,18:30,MATCH_KICKOFF_TIME_TIMEZONE_NOT_STATED_BY_SOURCE,,NOT_VERIFIED_DO_NOT_INFER,Valencia,Osasuna,1,2,A,EVALUATION_ONLY_JOIN_AFTER_PREMATCH_FEATURE_FREEZE,1.78,3.41,5.35,EXTERNAL_HISTORICAL_MARKET_BENCHMARK,NOT_AVAILABLE,NOT_GOLDBET,ebc7d23963d3cc9fd21bd7dcc0c34cf12cb29e9060ef147cf9dd0863aba518c2,1500.3732770163988,1497.407416675215,2.9658603411837703,-0.19999999999999996,-0.2,1.0000000000000002,5.493923662723319,40,40,False
98e32ad30a65c8b8e88dd524,LaLiga,2023/2024,DEVELOPMENT,2023-08-27,20:30,MATCH_KICKOFF_TIME_TIMEZONE_NOT_STATED_BY_SOURCE,,NOT_VERIFIED_DO_NOT_INFER,Ath Bilbao,Betis,4,2,H,EVALUATION_ONLY_JOIN_AFTER_PREMATCH_FEATURE_FREEZE,1.96,3.43,4.14,EXTERNAL_HISTORICAL_MARKET_BENCHMARK,NOT_AVAILABLE,NOT_GOLDBET,43f251f446f71f82c6782657a7b621955c9526a9bd4516c86a9f0e6aab44d4e2,1493.4239074211544,1524.391791298269,-30.967883877114673,-0.8,-0.8,-1.4,4.905364565923719,40,40,False
ee79f3c3cac47002387227fd,LaLiga,2023/2024,DEVELOPMENT,2023-08-28,18:30,MATCH_KICKOFF_TIME_TIMEZONE_NOT_STATED_BY_SOURCE,,NOT_VERIFIED_DO_NOT_INFER,Getafe,Alaves,1,0,H,EVALUATION_ONLY_JOIN_AFTER_PREMATCH_FEATURE_FREEZE,2.45,2.71,3.78,EXTERNAL_HISTORICAL_MARKET_BENCHMARK,NOT_AVAILABLE,NOT_GOLDBET,9f50061b4ba3bef0f3da34ebe1867dc1bed942e7f53ddf07958f1f72c44a8b31,1477.2576576373856,1499.4215113127543,-22.163853675368728,0.10000000000000009,-0.2,1.6,21.42462113101169,40,2,False
a9e2f5f4ae62b3a078f7f887,LaLiga,2023/2024,DEVELOPMENT,2023-08-28,20:30,MATCH_KICKOFF_TIME_TIMEZONE_NOT_STATED_BY_SOURCE,,NOT_VERIFIED_DO_NOT_INFER,Vallecano,Ath Madrid,0,7,A,EVALUATION_ONLY_JOIN_AFTER_PREMATCH_FEATURE_FREEZE,3.94,3.33,2.05,EXTERNAL_HISTORICAL_MARKET_BENCHMARK,NOT_AVAILABLE,NOT_GOLDBET,ff40054084f620bea237e79f5d1ec8b9307df3e045817b2ec398d554d5a97ba8,1510.462194848222,1560.3461608779528,-49.8839660297308,0.0,-0.39999999999999997,1.2,-2.695046400790716,40,40,False
904fa52d549b82ce1710b3a4,LaLiga,2023/2024,DEVELOPMENT,2023-09-01,18:30,MATCH_KICKOFF_TIME_TIMEZONE_NOT_STATED_BY_SOURCE,,NOT_VERIFIED_DO_NOT_INFER,Cadiz,Villarreal,3,1,H,EVALUATION_ONLY_JOIN_AFTER_PREMATCH_FEATURE_FREEZE,3.27,3.53,2.21,EXTERNAL_HISTORICAL_MARKET_BENCHMARK,NOT_AVAILABLE,NOT_GOLDBET,8c4e6df0f0a3c471bf60d5120a46e5841053305f6ce7ff9130cd4b874d596eb4,1483.9234357182677,1512.390371293184,-28.466935574916306,0.8,0.4,1.2000000000000002,-55.53764887468287,41,41,False
89a296f02508100bc7ce062d,LaLiga,2023/2024,DEVELOPMENT,2023-09-01,21:00,MATCH_KICKOFF_TIME_TIMEZONE_NOT_STATED_BY_SOURCE,,NOT_VERIFIED_DO_NOT_INFER,Almeria,Celta,2,3,A,EVALUATION_ONLY_JOIN_AFTER_PREMATCH_FEATURE_FREEZE,2.87,3.34,2.53,EXTERNAL_HISTORICAL_MARKET_BENCHMARK,NOT_AVAILABLE,NOT_GOLDBET,9c7507e94adfe2e415c8bd560647b3a820b28675822059c65329b17fcf2e5750,1459.1784052844637,1462.6666616794512,-3.488256394987502,-0.20000000000000007,-0.20000000000000007,1.2,-53.689051094563865,41,41,False
c8c1b2e64d762573ad14e768,LaLiga,2023/2024,DEVELOPMENT,2023-09-02,13:00,MATCH_KICKOFF_TIME_TIMEZONE_NOT_STATED_BY_SOURCE,,NOT_VERIFIED_DO_NOT_INFER,Sociedad,Granada,5,3,H,EVALUATION_ONLY_JOIN_AFTER_PREMATCH_FEATURE_FREEZE,1.44,4.52,7.79,EXTERNAL_HISTORICAL_MARKET_BENCHMARK,NOT_AVAILABLE,NOT_GOLDBET,bdea4e601c114f3fde7ae2634cc2f3c9c51396ad46726f8f6304169d8459f994,1533.9734740931349,1489.9813349822039,43.99213911093102,0.19999999999999996,1.0,1.8,-1.1736356301437354,41,3,False
7dd68937618a6bb91b68771e,LaLiga,2023/2024,DEVELOPMENT,2023-09-02,15:15,MATCH_KICKOFF_TIME_TIMEZONE_NOT_STATED_BY_SOURCE,,NOT_VERIFIED_DO_NOT_INFER,Real Madrid,Getafe,2,1,H,EVALUATION_ONLY_JOIN_AFTER_PREMATCH_FEATURE_FREEZE,1.36,4.89,9.9,EXTERNAL_HISTORICAL_MARKET_BENCHMARK,NOT_AVAILABLE,NOT_GOLDBET,8d772ab8091fca5ab1b854df02c7dcf27458a035aae919afa70ac74411c2e6d9,1570.5525482663463,1486.1729305150343,84.37961775131203,1.0,1.4,1.8,-16.12856804871808,41,41,False
2543b3feb361145dcb166288,LaLiga,2023/2024,DEVELOPMENT,2023-09-02,17:30,MATCH_KICKOFF_TIME_TIMEZONE_NOT_STATED_BY_SOURCE,,NOT_VERIFIED_DO_NOT_INFER,Alaves,Valencia,1,0,H,EVALUATION_ONLY_JOIN_AFTER_PREMATCH_FEATURE_FREEZE,3.2,2.93,2.58,EXTERNAL_HISTORICAL_MARKET_BENCHMARK,NOT_AVAILABLE,NOT_GOLDBET,85e3efa1785a01c4ee7a020e437e680711168c9c0b92e26ee0437a1fce9ae499,1490.5062384351056,1488.5805579754149,1.9256804596907386,-0.6000000000000001,-0.5333333333333333,1.6,-11.116816861363532,3,41,False
ff691a23a601fc6d1a820604,LaLiga,2023/2024,DEVELOPMENT,2023-09-02,20:00,MATCH_KICKOFF_TIME_TIMEZONE_NOT_STATED_BY_SOURCE,,NOT_VERIFIED_DO_NOT_INFER,Betis,Vallecano,1,0,H,EVALUATION_ONLY_JOIN_AFTER_PREMATCH_FEATURE_FREEZE,2.06,3.35,3.89,EXTERNAL_HISTORICAL_MARKET_BENCHMARK,NOT_AVAILABLE,NOT_GOLDBET,b0f0db15563833b1796ea240652f366f1d9fc9129c45310ecb59b5d4011ae957,1515.2254633114594,1500.1711142361396,15.054349075319806,-0.19999999999999996,1.0,0.0,-4.867547724056749,41,41,False
52f0842d15b7016d531f9ebc,LaLiga,2023/2024,DEVELOPMENT,2023-09-03,13:00,MATCH_KICKOFF_TIME_TIMEZONE_NOT_STATED_BY_SOURCE,,NOT_VERIFIED_DO_NOT_INFER,Girona,Las Palmas,1,0,H,EVALUATION_ONLY_JOIN_AFTER_PREMATCH_FEATURE_FREEZE,1.71,3.86,5.08,EXTERNAL_HISTORICAL_MARKET_BENCHMARK,NOT_AVAILABLE,NOT_GOLDBET,6596c07c56bc206c52f1f1f67d672f981d811b7a40e3fbef4a4f813f1d955eac,1518.2079809182237,1489.2129462338269,28.995034684396842,0.7333333333333333,0.7333333333333334,1.8,-4.6078384249099145,41,3,False
ee59a95c190edbc2788adc43,LaLiga,2023/2024,DEVELOPMENT,2023-09-03,15:15,MATCH_KICKOFF_TIME_TIMEZONE_NOT_STATED_BY_SOURCE,,NOT_VERIFIED_DO_NOT_INFER,Mallorca,Ath Bilbao,0,0,D,EVALUATION_ONLY_JOIN_AFTER_PREMATCH_FEATURE_FREEZE,3.13,2.98,2.58,EXTERNAL_HISTORICAL_MARKET_BENCHMARK,NOT_AVAILABLE,NOT_GOLDBET,867602ed12beef4c69c1d4db50915cd0962683d06d2aad7f93add0f88387d807,1476.8928055483302,1502.590235407964,-25.697429859633758,-0.5999999999999999,-0.6000000000000001,1.0,8.621463118473457,41,41,False
b291c69a09c13396e388361f,LaLiga,2023/2024,DEVELOPMENT,2023-09-03,20:00,MATCH_KICKOFF_TIME_TIMEZONE_NOT_STATED_BY_SOURCE,,NOT_VERIFIED_DO_NOT_INFER,Osasuna,Barcelona,1,2,A,EVALUATION_ONLY_JOIN_AFTER_PREMATCH_FEATURE_FREEZE,6.53,4.52,1.5,EXTERNAL_HISTORICAL_MARKET_BENCHMARK,NOT_AVAILABLE,NOT_GOLDBET,f280f5d4574ef8f558cdda5362be55f578a11f43611da2f96f519f39a96ed824,1509.200135716199,1574.0795340037769,-64.87939828757794,-0.19999999999999996,-0.8,0.40000000000000013,-2.1305129759693955,41,41,False
9ab52773d121bcb248e06af1,LaLiga,2023/2024,DEVELOPMENT,2023-09-15,20:00,MATCH_KICKOFF_TIME_TIMEZONE_NOT_STATED_BY_SOURCE,,NOT_VERIFIED_DO_NOT_INFER,Vallecano,Alaves,2,0,H,EVALUATION_ONLY_JOIN_AFTER_PREMATCH_FEATURE_FREEZE,2.03,3.2,4.22,EXTERNAL_HISTORICAL_MARKET_BENCHMARK,NOT_AVAILABLE,NOT_GOLDBET,d4f2c1c477f0d723d25c356fdc12771e9c4a6fa06f868f9ce5ad71f8d49db749,1492.298364266436,1498.7425114666194,-6.444147200183352,-0.30000000000000004,-1.4,1.8,21.295253616043283,42,4,False
8549382dd90568623d130411,LaLiga,2023/2024,DEVELOPMENT,2023-09-16,13:00,MATCH_KICKOFF_TIME_TIMEZONE_NOT_STATED_BY_SOURCE,,NOT_VERIFIED_DO_NOT_INFER,Ath Bilbao,Cadiz,3,0,H,EVALUATION_ONLY_JOIN_AFTER_PREMATCH_FEATURE_FREEZE,1.58,3.92,6.42,EXTERNAL_HISTORICAL_MARKET_BENCHMARK,NOT_AVAILABLE,NOT_GOLDBET,019a2d83552735c43eba315691142e8626830b328a3127e814a818d640081136,1503.5743471894914,1493.018325019912,10.556022169579364,0.0,0.2,1.0,41.80790113123521,42,42,False
15c66444351cf101bb94dcb8,LaLiga,2023/2024,DEVELOPMENT,2023-09-16,15:15,MATCH_KICKOFF_TIME_TIMEZONE_NOT_STATED_BY_SOURCE,,NOT_VERIFIED_DO_NOT_INFER,Valencia,Ath Madrid,3,0,H,EVALUATION_ONLY_JOIN_AFTER_PREMATCH_FEATURE_FREEZE,3.47,3.24,2.23,EXTERNAL_HISTORICAL_MARKET_BENCHMARK,NOT_AVAILABLE,NOT_GOLDBET,d1178e72ea81dc6ea4c9df884d3cab2e56f685fe3e5338cc4c52098425053d75,1480.3442849439011,1570.6372414900352,-90.29295654613406,-0.8000000000000003,-2.0,0.40000000000000013,-29.939290274854557,42,41,False
e0d858d74e175dc5b0e25900,LaLiga,2023/2024,DEVELOPMENT,2023-09-16,17:30,MATCH_KICKOFF_TIME_TIMEZONE_NOT_STATED_BY_SOURCE,,NOT_VERIFIED_DO_NOT_INFER,Celta,Mallorca,0,1,A,EVALUATION_ONLY_JOIN_AFTER_PREMATCH_FEATURE_FREEZE,2.08,3.1,4.21,EXTERNAL_HISTORICAL_MARKET_BENCHMARK,NOT_AVAILABLE,NOT_GOLDBET,aef76aa2bfff8dae2954d266ad9ac575c53f47a28052fda79c681ab600bfabec,1474.279006541399,1475.9086937668028,-1.6296872254038135,0.3999999999999999,-0.4,0.6000000000000001,41.04059941195783,42,42,False
6fcc0f933fc64a543dadc322,LaLiga,2023/2024,DEVELOPMENT,2023-09-16,20:00,MATCH_KICKOFF_TIME_TIMEZONE_NOT_STATED_BY_SOURCE,,NOT_VERIFIED_DO_NOT_INFER,Barcelona,Betis,5,0,H,EVALUATION_ONLY_JOIN_AFTER_PREMATCH_FEATURE_FREEZE,1.31,5.82,9.36,EXTERNAL_HISTORICAL_MARKET_BENCHMARK,NOT_AVAILABLE,NOT_GOLDBET,29008bb47ac2e07dcb0f19a366d60ff6448840a31df95efddbc93c0f58cfbfc2,1583.9391028643029,1523.098213281163,60.84088958313987,0.3999999999999999,0.6,0.3999999999999999,-15.41686604033066,42,42,False
3fd497cef0a06469a8178926,LaLiga,2023/2024,DEVELOPMENT,2023-09-17,13:00,MATCH_KICKOFF_TIME_TIMEZONE_NOT_STATED_BY_SOURCE,,NOT_VERIFIED_DO_NOT_INFER,Getafe,Osasuna,3,2,H,EVALUATION_ONLY_JOIN_AFTER_PREMATCH_FEATURE_FREEZE,2.62,2.84,3.25,EXTERNAL_HISTORICAL_MARKET_BENCHMARK,NOT_AVAILABLE,NOT_GOLDBET,da677e8868a7ebe50af54e16426b04a072cf563ae850002c80d4f11d450227a8,1480.1047470541396,1499.340566855673,-19.235819801533353,-0.8,-0.8,1.0000000000000002,7.32389609555139,42,42,False
b1512c0e59f653913c44616c,LaLiga,2023/2024,DEVELOPMENT,2023-09-17,15:15,MATCH_KICKOFF_TIME_TIMEZONE_NOT_STATED_BY_SOURCE,,NOT_VERIFIED_DO_NOT_INFER,Villarreal,Almeria,2,1,H,EVALUATION_ONLY_JOIN_AFTER_PREMATCH_FEATURE_FREEZE,1.5,4.9,5.78,EXTERNAL_HISTORICAL_MARKET_BENCHMARK,NOT_AVAILABLE,NOT_GOLDBET,43ea362ffc31aeb45021b752a48fac341e041e9ec63bd8c2a7183c1ae86c16da,1503.2954819915396,1447.5660604225159,55.72942156902377,0.4,0.4,0.9999999999999999,45.40668573119592,42,42,False
a93c89c63693aaab320f5fcf,LaLiga,2023/2024,DEVELOPMENT,2023-09-17,17:30,MATCH_KICKOFF_TIME_TIMEZONE_NOT_STATED_BY_SOURCE,,NOT_VERIFIED_DO_NOT_INFER,Sevilla,Las Palmas,1,0,H,EVALUATION_ONLY_JOIN_AFTER_PREMATCH_FEATURE_FREEZE,1.59,4.08,5.94,EXTERNAL_HISTORICAL_MARKET_BENCHMARK,NOT_AVAILABLE,NOT_GOLDBET,93a04b3efe86b106f578ff826ec4e975f5111a97dc134dd7b1b7719de72e2485,1467.3255422898485,1481.7198401685955,-14.394297878747011,-0.5,-0.5,0.8,16.45467876005364,41,4,False
e9c6176d1f3e42be33583a31,LaLiga,2023/2024,DEVELOPMENT,2023-09-17,20:00,MATCH_KICKOFF_TIME_TIMEZONE_NOT_STATED_BY_SOURCE,,NOT_VERIFIED_DO_NOT_INFER,Real Madrid,Sociedad,2,1,H,EVALUATION_ONLY_JOIN_AFTER_PREMATCH_FEATURE_FREEZE,1.73,3.79,5.03,EXTERNAL_HISTORICAL_MARKET_BENCHMARK,NOT_AVAILABLE,NOT_GOLDBET,9f94ee79b9c18c53cb432e93ec01aff6bebe941d418d519f3593c83636644748,1576.620731727241,1541.0666322196598,35.55409950758121,0.8,0.6,1.0,-11.040307435707064,42,42,False
23f8d5cd56f706b958de3b10,LaLiga,2023/2024,DEVELOPMENT,2023-09-18,20:00,MATCH_KICKOFF_TIME_TIMEZONE_NOT_STATED_BY_SOURCE,,NOT_VERIFIED_DO_NOT_INFER,Granada,Girona,2,4,A,EVALUATION_ONLY_JOIN_AFTER_PREMATCH_FEATURE_FREEZE,2.87,3.51,2.41,EXTERNAL_HISTORICAL_MARKET_BENCHMARK,NOT_AVAILABLE,NOT_GOLDBET,d60f45cdd09590150f72563a43d97015620f2bf72e6a43682e96f5c47676a5b9,1482.888176855679,1525.701086983455,-42.81291012777615,-1.25,-2.05,0.30000000000000004,21.457160048853893,4,42,False
af7356ad5fb796e212336162,LaLiga,2023/2024,DEVELOPMENT,2023-09-22,20:00,MATCH_KICKOFF_TIME_TIMEZONE_NOT_STATED_BY_SOURCE,,NOT_VERIFIED_DO_NOT_INFER,Alaves,Ath Bilbao,0,2,A,EVALUATION_ONLY_JOIN_AFTER_PREMATCH_FEATURE_FREEZE,4.29,3.1,2.06,EXTERNAL_HISTORICAL_MARKET_BENCHMARK,NOT_AVAILABLE,NOT_GOLDBET,d0523d00ec7663299e095ad9962488d8d0cccd8d6b2098c97445bd47b97080c7,1490.271878849758,1511.5710449973094,-21.299166147551432,-0.8,-1.4,2.0,-23.46127409106157,5,43,False
3c4b24e1171c8718d92c74bf,LaLiga,2023/2024,DEVELOPMENT,2023-09-23,13:00,MATCH_KICKOFF_TIME_TIMEZONE_NOT_STATED_BY_SOURCE,,NOT_VERIFIED_DO_NOT_INFER,Girona,Mallorca,5,3,H,EVALUATION_ONLY_JOIN_AFTER_PREMATCH_FEATURE_FREEZE,1.9,3.36,4.58,EXTERNAL_HISTORICAL_MARKET_BENCHMARK,NOT_AVAILABLE,NOT_GOLDBET,8ed467a7f517db1d5e8803e3084801d56f1025c583813228a164907608ee2767,1536.1953680717113,1487.5730964948473,48.62227157686402,1.6,1.5999999999999999,1.0,1.0580688774543887,43,43,False
5ee4bdcd277ce099f3ae175c,LaLiga,2023/2024,DEVELOPMENT,2023-09-23,15:15,MATCH_KICKOFF_TIME_TIMEZONE_NOT_STATED_BY_SOURCE,,NOT_VERIFIED_DO_NOT_INFER,Osasuna,Sevilla,0,0,D,EVALUATION_ONLY_JOIN_AFTER_PREMATCH_FEATURE_FREEZE,2.37,3.24,3.23,EXTERNAL_HISTORICAL_MARKET_BENCHMARK,NOT_AVAILABLE,NOT_GOLDBET,213729a795c8d61c9f691238ee2268a34e555e2a38841a181db55209a4c8bda7,1490.5084999196438,1476.0203920593124,14.48810786033141,0.6,0.39999999999999997,0.40000000000000013,-3.707241843736483,43,42,False
ad58691212569032dcf5cbc4,LaLiga,2023/2024,DEVELOPMENT,2023-09-23,17:30,MATCH_KICKOFF_TIME_TIMEZONE_NOT_STATED_BY_SOURCE,,NOT_VERIFIED_DO_NOT_INFER,Barcelona,Celta,3,2,H,EVALUATION_ONLY_JOIN_AFTER_PREMATCH_FEATURE_FREEZE,1.24,6.36,11.36,EXTERNAL_HISTORICAL_MARKET_BENCHMARK,NOT_AVAILABLE,NOT_GOLDBET,142201d29aad4ee98e43892984ec8c29b163d7c828df553d7a26f81fdaf8d484,1590.5948011747832,1462.6146038133545,127.98019736142874,1.8,2.4,1.5999999999999999,0.15535975368561594,43,43,False
a051a5f91e391ca4e69e251b,LaLiga,2023/2024,DEVELOPMENT,2023-09-23,20:00,MATCH_KICKOFF_TIME_TIMEZONE_NOT_STATED_BY_SOURCE,,NOT_VERIFIED_DO_NOT_INFER,Almeria,Valencia,2,2,D,EVALUATION_ONLY_JOIN_AFTER_PREMATCH_FEATURE_FREEZE,2.79,3.35,2.58,EXTERNAL_HISTORICAL_MARKET_BENCHMARK,NOT_AVAILABLE,NOT_GOLDBET,11a1041b0ab67b197dcd60df43c546d97e8298a760e8252a0c2c08cb2492ebd8,1440.779060093419,1491.213983585916,-50.434923492496864,-1.6,-1.7999999999999998,-0.5999999999999999,-12.646472778697898,43,43,False
6d9ae41df777e6ff8145dc68,LaLiga,2023/2024,DEVELOPMENT,2023-09-24,13:00,MATCH_KICKOFF_TIME_TIMEZONE_NOT_STATED_BY_SOURCE,,NOT_VERIFIED_DO_NOT_INFER,Sociedad,Getafe,4,3,H,EVALUATION_ONLY_JOIN_AFTER_PREMATCH_FEATURE_FREEZE,1.68,3.4,6.52,EXTERNAL_HISTORICAL_MARKET_BENCHMARK,NOT_AVAILABLE,NOT_GOLDBET,477ea65ff2eeba64b5b7be45426f6e647d04ab1ce50ba83d424aae288aeda8c5,1533.7495928094495,1488.9368139901687,44.812778819280766,-0.19999999999999996,0.6000000000000001,1.4000000000000001,-20.991623883927787,43,43,False
463bc1e9ddbe5e343f22b9b2,LaLiga,2023/2024,DEVELOPMENT,2023-09-24,15:15,MATCH_KICKOFF_TIME_TIMEZONE_NOT_STATED_BY_SOURCE,,NOT_VERIFIED_DO_NOT_INFER,Vallecano,Villarreal,1,1,D,EVALUATION_ONLY_JOIN_AFTER_PREMATCH_FEATURE_FREEZE,2.55,3.46,2.77,EXTERNAL_HISTORICAL_MARKET_BENCHMARK,NOT_AVAILABLE,NOT_GOLDBET,15b51459edd772bd718dc23d16fda9be8a6ed8c3a2c9833496d7ecf6ae1b53dc,1500.7689968832974,1510.0824823206362,-9.31348543733884,0.6000000000000001,0.0,0.40000000000000013,8.013167867332186,43,43,False
15043a25a24d447c653c6a2e,LaLiga,2023/2024,DEVELOPMENT,2023-09-24,17:30,MATCH_KICKOFF_TIME_TIMEZONE_NOT_STATED_BY_SOURCE,,NOT_VERIFIED_DO_NOT_INFER,Betis,Cadiz,1,1,D,EVALUATION_ONLY_JOIN_AFTER_PREMATCH_FEATURE_FREEZE,1.8,3.57,4.8,EXTERNAL_HISTORICAL_MARKET_BENCHMARK,NOT_AVAILABLE,NOT_GOLDBET,54b2a3bcfc18dbb8fa078e81cfcc5c66456f5eba7cfdff336821a35c81fd5b73,1516.4425149706826,1485.021627212094,31.420887758588606,0.0,-0.6,1.4000000000000001,26.25116926167584,43,43,False
29817755792170f79865a8e2,LaLiga,2023/2024,DEVELOPMENT,2023-09-24,17:30,MATCH_KICKOFF_TIME_TIMEZONE_NOT_STATED_BY_SOURCE,,NOT_VERIFIED_DO_NOT_INFER,Las Palmas,Granada,1,0,H,EVALUATION_ONLY_JOIN_AFTER_PREMATCH_FEATURE_FREEZE,1.96,3.63,3.88,EXTERNAL_HISTORICAL_MARKET_BENCHMARK,NOT_AVAILABLE,NOT_GOLDBET,5d932aacb7309098c08c145da4df95b91e47801196a61495b97fc18d5601d2ab,1473.0249903991316,1472.3938957674227,0.6310946317089474,-0.19999999999999996,0.7999999999999999,1.0,-18.19182060536832,5,5,False
3684f881a9982484e7f9eddd,LaLiga,2023/2024,DEVELOPMENT,2023-09-24,20:00,MATCH_KICKOFF_TIME_TIMEZONE_NOT_STATED_BY_SOURCE,,NOT_VERIFIED_DO_NOT_INFER,Ath Madrid,Real Madrid,3,1,H,EVALUATION_ONLY_JOIN_AFTER_PREMATCH_FEATURE_FREEZE,2.81,3.33,2.59,EXTERNAL_HISTORICAL_MARKET_BENCHMARK,NOT_AVAILABLE,NOT_GOLDBET,72003dbcde04b6adb3da5aab5f31ad8ddd7905e337fbe77b756d56cb9c634fde,1559.7675428480204,1583.9377711374514,-24.170228289430952,-1.4,-0.19999999999999996,0.6000000000000001,21.43677344921207,42,43,False
802d47ec3d178c05b14dc0ba,LaLiga,2023/2024,DEVELOPMENT,2023-09-26,18:00,MATCH_KICKOFF_TIME_TIMEZONE_NOT_STATED_BY_SOURCE,,NOT_VERIFIED_DO_NOT_INFER,Sevilla,Almeria,5,1,H,EVALUATION_ONLY_JOIN_AFTER_PREMATCH_FEATURE_FREEZE,1.69,3.98,5.05,EXTERNAL_HISTORICAL_MARKET_BENCHMARK,NOT_AVAILABLE,NOT_GOLDBET,a2146ecbc638f5936fce9b87bc54bd2e3d835246e9fe0db708da7db7563ad26c,1478.1320764784246,1440.503824593948,37.62825188447664,0.4,0.4,0.4,-9.05835503715116,43,44,False
cc2d1a4693b62b8be9b6d6ae,LaLiga,2023/2024,DEVELOPMENT,2023-09-26,20:30,MATCH_KICKOFF_TIME_TIMEZONE_NOT_STATED_BY_SOURCE,,NOT_VERIFIED_DO_NOT_INFER,Mallorca,Barcelona,2,2,D,EVALUATION_ONLY_JOIN_AFTER_PREMATCH_FEATURE_FREEZE,7.07,4.44,1.48,EXTERNAL_HISTORICAL_MARKET_BENCHMARK,NOT_AVAILABLE,NOT_GOLDBET,1d40087a9cdfb6047a5693143856947fcf0da955195bd43eaabab3e992a91b3b,1480.6014657123555,1595.6569737299815,-115.05550801762593,-2.2,-2.6,0.6000000000000001,-0.9150870140238112,44,44,False
1102981efaf1be3afc969323,LaLiga,2023/2024,DEVELOPMENT,2023-09-27,18:00,MATCH_KICKOFF_TIME_TIMEZONE_NOT_STATED_BY_SOURCE,,NOT_VERIFIED_DO_NOT_INFER,Ath Bilbao,Getafe,2,2,D,EVALUATION_ONLY_JOIN_AFTER_PREMATCH_FEATURE_FREEZE,1.53,4,7.29,EXTERNAL_HISTORICAL_MARKET_BENCHMARK,NOT_AVAILABLE,NOT_GOLDBET,f869ec7292d24bb30d91a23c5e685c318c20b55c432bf6095ecaad46a56bcc7f,1522.6803603016594,1481.8652650777015,40.815095223958,1.4000000000000001,2.4,1.0,-21.600414134367156,44,44,False
e8e1ff256c0f6b28d284d84d,LaLiga,2023/2024,DEVELOPMENT,2023-09-27,18:00,MATCH_KICKOFF_TIME_TIMEZONE_NOT_STATED_BY_SOURCE,,NOT_VERIFIED_DO_NOT_INFER,Real Madrid,Las Palmas,2,0,H,EVALUATION_ONLY_JOIN_AFTER_PREMATCH_FEATURE_FREEZE,1.17,7.68,15.97,EXTERNAL_HISTORICAL_MARKET_BENCHMARK,NOT_AVAILABLE,NOT_GOLDBET,3ca661736a12b47307225ae19af0046f6e730d10538b72870f2817ac6c40952f,1574.9653945039843,1481.2973890844617,93.66800541952261,1.5999999999999999,1.0,2.6,8.275050573810631,44,6,False
14784dec8512fb130f2ab418,LaLiga,2023/2024,DEVELOPMENT,2023-09-27,18:00,MATCH_KICKOFF_TIME_TIMEZONE_NOT_STATED_BY_SOURCE,,NOT_VERIFIED_DO_NOT_INFER,Villarreal,Girona,1,2,A,EVALUATION_ONLY_JOIN_AFTER_PREMATCH_FEATURE_FREEZE,2.15,3.68,3.3,EXTERNAL_HISTORICAL_MARKET_BENCHMARK,NOT_AVAILABLE,NOT_GOLDBET,da1e6deedf68bd324bbb0cf101077f160c95ab6463367af1837ec3f138c76928,1511.5310950114742,1543.166998854203,-31.635903842728794,-1.6,-2.0,-0.20000000000000018,13.862564170441829,44,44,False
66675619b34cf0025fbee697,LaLiga,2023/2024,DEVELOPMENT,2023-09-27,20:30,MATCH_KICKOFF_TIME_TIMEZONE_NOT_STATED_BY_SOURCE,,NOT_VERIFIED_DO_NOT_INFER,Cadiz,Vallecano,0,0,D,EVALUATION_ONLY_JOIN_AFTER_PREMATCH_FEATURE_FREEZE,2.63,3.08,2.97,EXTERNAL_HISTORICAL_MARKET_BENCHMARK,NOT_AVAILABLE,NOT_GOLDBET,1a11345e339943fafd8458d304cebaa384556e6adde99dfe70bad8873e7a95fb,1487.5938394647726,1499.3203841924594,-11.726544727686814,-0.3999999999999999,0.20000000000000007,1.4000000000000001,-6.3063876241069465,44,44,False
d4e9c64dfee08dec2b12e416,LaLiga,2023/2024,DEVELOPMENT,2023-09-27,20:30,MATCH_KICKOFF_TIME_TIMEZONE_NOT_STATED_BY_SOURCE,,NOT_VERIFIED_DO_NOT_INFER,Valencia,Sociedad,0,1,A,EVALUATION_ONLY_JOIN_AFTER_PREMATCH_FEATURE_FREEZE,2.52,3.03,3.2,EXTERNAL_HISTORICAL_MARKET_BENCHMARK,NOT_AVAILABLE,NOT_GOLDBET,ff379427473a1e7bae084bc109d2473772ef61d014042af4457349b2adec53aa,1491.489219085387,1540.8211417219168,-49.331922636529725,-0.20000000000000018,0.0,0.6000000000000001,-3.2031283375638395,44,44,False
4ebe87331179535fb6d08ca5,LaLiga,2023/2024,DEVELOPMENT,2023-09-28,18:00,MATCH_KICKOFF_TIME_TIMEZONE_NOT_STATED_BY_SOURCE,,NOT_VERIFIED_DO_NOT_INFER,Celta,Alaves,1,1,D,EVALUATION_ONLY_JOIN_AFTER_PREMATCH_FEATURE_FREEZE,1.61,3.79,6.41,EXTERNAL_HISTORICAL_MARKET_BENCHMARK,NOT_AVAILABLE,NOT_GOLDBET,35c2f26fbe7c3352887dcf75936c42c9cf3c09a4180b573763a80b53fc4fc6b7,1457.5524312581563,1479.162563545408,-21.610132287251645,-0.3999999999999999,0.19999999999999996,0.8,33.612946842692736,44,6,False
d8bad0c00f4ea262e2bc761d,LaLiga,2023/2024,DEVELOPMENT,2023-09-28,18:00,MATCH_KICKOFF_TIME_TIMEZONE_NOT_STATED_BY_SOURCE,,NOT_VERIFIED_DO_NOT_INFER,Granada,Betis,1,1,D,EVALUATION_ONLY_JOIN_AFTER_PREMATCH_FEATURE_FREEZE,2.79,3.43,2.57,EXTERNAL_HISTORICAL_MARKET_BENCHMARK,NOT_AVAILABLE,NOT_GOLDBET,f665e78d503165621a34ed844d553b3823af2b9bfd34f49b9efc849b75a1e540,1464.1214970820927,1513.870302718004,-49.74880563591137,-0.4,0.0,-0.3999999999999999,-21.053784730301004,6,44,False
d8f2607b24673004c680ba85,LaLiga,2023/2024,DEVELOPMENT,2023-09-28,20:30,MATCH_KICKOFF_TIME_TIMEZONE_NOT_STATED_BY_SOURCE,,NOT_VERIFIED_DO_NOT_INFER,Osasuna,Ath Madrid,0,2,A,EVALUATION_ONLY_JOIN_AFTER_PREMATCH_FEATURE_FREEZE,4.05,3.45,1.99,EXTERNAL_HISTORICAL_MARKET_BENCHMARK,NOT_AVAILABLE,NOT_GOLDBET,e1088c8094080aa1f9d293065571bb8fa68ed079550800dbd5d7e0a0f0a74aa3,1488.3968155005316,1568.7399194814875,-80.3431039809559,-1.2,-2.2,0.19999999999999996,-17.674821601302256,44,43,False
44bb43965827d1aa206a24a5,LaLiga,2023/2024,DEVELOPMENT,2023-09-29,20:00,MATCH_KICKOFF_TIME_TIMEZONE_NOT_STATED_BY_SOURCE,,NOT_VERIFIED_DO_NOT_INFER,Barcelona,Sevilla,1,0,H,EVALUATION_ONLY_JOIN_AFTER_PREMATCH_FEATURE_FREEZE,1.36,5.56,8.12,EXTERNAL_HISTORICAL_MARKET_BENCHMARK,NOT_AVAILABLE,NOT_GOLDBET,e6ea0c11bd244ac8ad0b084840e2bd7a5f0407ca498e068a77c7c9f75fe3d4f6,1594.0854804502055,1485.393803527954,108.69167692225142,1.2000000000000002,1.0,1.4,17.42838113343646,45,44,False
51f175b459077e069c65cec2,LaLiga,2023/2024,DEVELOPMENT,2023-09-30,13:00,MATCH_KICKOFF_TIME_TIMEZONE_NOT_STATED_BY_SOURCE,,NOT_VERIFIED_DO_NOT_INFER,Getafe,Villarreal,0,0,D,EVALUATION_ONLY_JOIN_AFTER_PREMATCH_FEATURE_FREEZE,2.76,3.12,2.8,EXTERNAL_HISTORICAL_MARKET_BENCHMARK,NOT_AVAILABLE,NOT_GOLDBET,b30eccb0597fa9fd495cc5664a9020152589782784c51e70e1713c6ad7503eda,1484.6881701638915,1500.7165195654525,-16.028349401560945,0.5999999999999999,0.6,0.8000000000000003,17.359631106230154,45,45,False
6cca995f17a1bd2da7b13b76,LaLiga,2023/2024,DEVELOPMENT,2023-09-30,15:15,MATCH_KICKOFF_TIME_TIMEZONE_NOT_STATED_BY_SOURCE,,NOT_VERIFIED_DO_NOT_INFER,Vallecano,Mallorca,2,2,D,EVALUATION_ONLY_JOIN_AFTER_PREMATCH_FEATURE_FREEZE,2.02,3.22,4.23,EXTERNAL_HISTORICAL_MARKET_BENCHMARK,NOT_AVAILABLE,NOT_GOLDBET,838d0189ce3e99ba5f345c92646490a9e4ce1491a34758544e218264eebf9384,1500.7009335344658,1482.1729589921315,18.527974542334277,0.0,-0.7999999999999999,0.5999999999999999,-3.6637819033412597,45,45,False
f1ab4f15fbcfe709540b9b4a,LaLiga,2023/2024,DEVELOPMENT,2023-09-30,17:30,MATCH_KICKOFF_TIME_TIMEZONE_NOT_STATED_BY_SOURCE,,NOT_VERIFIED_DO_NOT_INFER,Girona,Real Madrid,0,3,A,EVALUATION_ONLY_JOIN_AFTER_PREMATCH_FEATURE_FREEZE,3.92,4.01,1.87,EXTERNAL_HISTORICAL_MARKET_BENCHMARK,NOT_AVAILABLE,NOT_GOLDBET,c514d989c63ed60d14c348394c813fca813ffa2e5ac5eac9a7e597e470f4df23,1553.9815743002248,1580.8099691561174,-26.82839485589261,0.6000000000000001,0.7999999999999999,-0.5999999999999999,-18.140809883777592,45,45,False
0bd32ed892d4739e31b73dd4,LaLiga,2023/2024,DEVELOPMENT,2023-09-30,20:00,MATCH_KICKOFF_TIME_TIMEZONE_NOT_STATED_BY_SOURCE,,NOT_VERIFIED_DO_NOT_INFER,Sociedad,Ath Bilbao,3,0,H,EVALUATION_ONLY_JOIN_AFTER_PREMATCH_FEATURE_FREEZE,2.28,3.11,3.58,EXTERNAL_HISTORICAL_MARKET_BENCHMARK,NOT_AVAILABLE,NOT_GOLDBET,ffc7d85d2689b2e0da19233c5152cb5fdf4e4329ea982ec721c7b8f5ba1e0eaa,1551.1280972100317,1519.8574552154694,31.27064199456231,-0.20000000000000018,-0.7999999999999999,0.6000000000000001,14.053208586686196,45,45,False
453af2498eaac1042bf43976,LaLiga,2023/2024,DEVELOPMENT,2023-10-01,13:00,MATCH_KICKOFF_TIME_TIMEZONE_NOT_STATED_BY_SOURCE,,NOT_VERIFIED_DO_NOT_INFER,Almeria,Granada,3,3,D,EVALUATION_ONLY_JOIN_AFTER_PREMATCH_FEATURE_FREEZE,1.96,3.74,3.82,EXTERNAL_HISTORICAL_MARKET_BENCHMARK,NOT_AVAILABLE,NOT_GOLDBET,cac373b2d023a9033b268658e309d8b129df5ed9906b5ec2be4e1291febe87c2,1433.2420975444184,1463.8265295814808,-30.58443203706247,-0.4,-0.3999999999999999,0.4,-22.019182975695458,45,7,False
edf231d2c3c2002c670e5898,LaLiga,2023/2024,DEVELOPMENT,2023-10-01,15:15,MATCH_KICKOFF_TIME_TIMEZONE_NOT_STATED_BY_SOURCE,,NOT_VERIFIED_DO_NOT_INFER,Alaves,Osasuna,0,2,A,EVALUATION_ONLY_JOIN_AFTER_PREMATCH_FEATURE_FREEZE,2.52,3.02,3.2,EXTERNAL_HISTORICAL_MARKET_BENCHMARK,NOT_AVAILABLE,NOT_GOLDBET,4b568e782604eb4cfe3099ba632ca157fa2a91aa4c9a545b7ca82bac8b34751f,1480.2630377902913,1478.9816688911208,1.2813688991705021,0.0,-0.20000000000000007,0.8,-34.411562696082456,7,45,False
522619b8e42285b1a95b92c2,LaLiga,2023/2024,DEVELOPMENT,2023-10-01,20:00,MATCH_KICKOFF_TIME_TIMEZONE_NOT_STATED_BY_SOURCE,,NOT_VERIFIED_DO_NOT_INFER,Ath Madrid,Cadiz,3,2,H,EVALUATION_ONLY_JOIN_AFTER_PREMATCH_FEATURE_FREEZE,1.33,5.28,9.96,EXTERNAL_HISTORICAL_MARKET_BENCHMARK,NOT_AVAILABLE,NOT_GOLDBET,90179f69a6a3d5e64aad685bcd7bcffd34fa8a46bfe47526e20ada6df577dcb0,1578.1550660908983,1486.2132901227662,91.9417759681321,0.8,1.8,2.6,19.97769137524506,44,45,False
3846f3891c287140d7fd04d7,LaLiga,2023/2024,DEVELOPMENT,2023-10-01,20:00,MATCH_KICKOFF_TIME_TIMEZONE_NOT_STATED_BY_SOURCE,,NOT_VERIFIED_DO_NOT_INFER,Betis,Valencia,3,0,H,EVALUATION_ONLY_JOIN_AFTER_PREMATCH_FEATURE_FREEZE,2.09,3.3,3.86,EXTERNAL_HISTORICAL_MARKET_BENCHMARK,NOT_AVAILABLE,NOT_GOLDBET,26e105dbffb193b2ba0a42c8d82f56a86b2ae4aa88ab425890a11835494a106f,1514.165270218616,1481.1822635972721,32.98300662134375,0.19999999999999996,-1.2,0.19999999999999996,-2.694769919981809,45,45,False
bc645b4b4b4555e72a230f1a,LaLiga,2023/2024,DEVELOPMENT,2023-10-02,20:00,MATCH_KICKOFF_TIME_TIMEZONE_NOT_STATED_BY_SOURCE,,NOT_VERIFIED_DO_NOT_INFER,Las Palmas,Celta,2,1,H,EVALUATION_ONLY_JOIN_AFTER_PREMATCH_FEATURE_FREEZE,2.92,3.13,2.65,EXTERNAL_HISTORICAL_MARKET_BENCHMARK,NOT_AVAILABLE,NOT_GOLDBET,96612efa0945f01e21481a89eab0a307481e5bab94d79571e1a9dc68de236f3d,1475.4528144323285,1456.451957013273,19.000857419055592,0.0,-0.19999999999999996,0.8666666666666667,0.030949068631343835,7,45,False
e51c631717ccef7797178ef9,LaLiga,2023/2024,DEVELOPMENT,2023-10-06,20:00,MATCH_KICKOFF_TIME_TIMEZONE_NOT_STATED_BY_SOURCE,,NOT_VERIFIED_DO_NOT_INFER,Ath Bilbao,Almeria,3,0,H,EVALUATION_ONLY_JOIN_AFTER_PREMATCH_FEATURE_FREEZE,1.32,5.66,9.65,EXTERNAL_HISTORICAL_MARKET_BENCHMARK,NOT_AVAILABLE,NOT_GOLDBET,7f9a205b2de096e28e070b860d48efdbd00dbd1c0a874097214d00905356a6c4,1512.4256287140531,1432.3974666184472,80.02816209560592,1.2000000000000002,1.6,0.9999999999999999,18.80832767778429,46,46,False
0545249589da2bd2b696a4e0,LaLiga,2023/2024,DEVELOPMENT,2023-10-07,13:00,MATCH_KICKOFF_TIME_TIMEZONE_NOT_STATED_BY_SOURCE,,NOT_VERIFIED_DO_NOT_INFER,Cadiz,Girona,0,1,A,EVALUATION_ONLY_JOIN_AFTER_PREMATCH_FEATURE_FREEZE,3.29,3.4,2.25,EXTERNAL_HISTORICAL_MARKET_BENCHMARK,NOT_AVAILABLE,NOT_GOLDBET,2b644f061a2b5e38fc0c242b8c764ba2915ce1c83e71bc2fc5e0b06f46019dd6,1480.3275252559383,1543.029709267914,-62.70218401197576,-1.4,-1.0,0.20000000000000018,11.573479996954347,46,46,False
b3972cc81464e558ec787733,LaLiga,2023/2024,DEVELOPMENT,2023-10-07,15:15,MATCH_KICKOFF_TIME_TIMEZONE_NOT_STATED_BY_SOURCE,,NOT_VERIFIED_DO_NOT_INFER,Real Madrid,Osasuna,4,0,H,EVALUATION_ONLY_JOIN_AFTER_PREMATCH_FEATURE_FREEZE,1.27,6.09,11.08,EXTERNAL_HISTORICAL_MARKET_BENCHMARK,NOT_AVAILABLE,NOT_GOLDBET,dbd33d5953e04977f52357725399003cebd10a4d1979f66eb84db4f3d4226c87,1591.761834188428,1490.7274221024152,101.03441208601294,1.5999999999999999,1.4,0.8,8.615687715678632,46,46,False
59e28e9f950762dd8a728cb4,LaLiga,2023/2024,DEVELOPMENT,2023-10-07,17:30,MATCH_KICKOFF_TIME_TIMEZONE_NOT_STATED_BY_SOURCE,,NOT_VERIFIED_DO_NOT_INFER,Mallorca,Valencia,1,1,D,EVALUATION_ONLY_JOIN_AFTER_PREMATCH_FEATURE_FREEZE,2.5,2.98,3.22,EXTERNAL_HISTORICAL_MARKET_BENCHMARK,NOT_AVAILABLE,NOT_GOLDBET,6196b64fe0ec95e24cc0c5a23f30254a5a4e2672f83c33d24ffb5075414eebbc,1484.3954580093462,1473.7964136912879,10.599044318058304,0.3999999999999999,0.2,0.6000000000000001,10.502713065285889,46,46,False
b2538d8168d3fd3c96045cf9,LaLiga,2023/2024,DEVELOPMENT,2023-10-07,20:00,MATCH_KICKOFF_TIME_TIMEZONE_NOT_STATED_BY_SOURCE,,NOT_VERIFIED_DO_NOT_INFER,Sevilla,Vallecano,2,2,D,EVALUATION_ONLY_JOIN_AFTER_PREMATCH_FEATURE_FREEZE,1.84,3.68,4.39,EXTERNAL_HISTORICAL_MARKET_BENCHMARK,NOT_AVAILABLE,NOT_GOLDBET,991951c5cb637012e9432d1fa0b5de1c76036dc4dbf9fdcd934ad5d62d2139b1,1479.9004473770342,1498.4784345172511,-18.57798714021692,0.19999999999999996,0.39999999999999997,-0.19999999999999996,4.064317587202822,45,46,False
76ef018fe21645dabee9731a,LaLiga,2023/2024,DEVELOPMENT,2023-10-08,13:00,MATCH_KICKOFF_TIME_TIMEZONE_NOT_STATED_BY_SOURCE,,NOT_VERIFIED_DO_NOT_INFER,Villarreal,Las Palmas,1,2,A,EVALUATION_ONLY_JOIN_AFTER_PREMATCH_FEATURE_FREEZE,1.65,4.09,5.38,EXTERNAL_HISTORICAL_MARKET_BENCHMARK,NOT_AVAILABLE,NOT_GOLDBET,7328c6348d1fdfe1e52cc8793ca57da3e7c3937c553cf6d7f9a56abd60e0e1c6,1501.9754111058273,1483.2173809714152,18.758030134412138,-0.19999999999999996,0.0,0.8,-5.8462216901152715,46,8,False
863bf0a3195ad11106877f00,LaLiga,2023/2024,DEVELOPMENT,2023-10-08,15:15,MATCH_KICKOFF_TIME_TIMEZONE_NOT_STATED_BY_SOURCE,,NOT_VERIFIED_DO_NOT_INFER,Ath Madrid,Sociedad,2,1,H,EVALUATION_ONLY_JOIN_AFTER_PREMATCH_FEATURE_FREEZE,1.99,3.35,4.2,EXTERNAL_HISTORICAL_MARKET_BENCHMARK,NOT_AVAILABLE,NOT_GOLDBET,486ca38fd19200d06f8d7e414fa063650ce04046e63868eeb61b35b43a1797d4,1584.0408309577263,1558.559923711448,25.48090724627832,0.0,0.6000000000000001,1.6,-3.5062396895193615,45,46,False
e7ac427e0c54db26cbeb72e5,LaLiga,2023/2024,DEVELOPMENT,2023-10-08,17:30,MATCH_KICKOFF_TIME_TIMEZONE_NOT_STATED_BY_SOURCE,,NOT_VERIFIED_DO_NOT_INFER,Alaves,Betis,1,1,D,EVALUATION_ONLY_JOIN_AFTER_PREMATCH_FEATURE_FREEZE,2.57,3.24,2.92,EXTERNAL_HISTORICAL_MARKET_BENCHMARK,NOT_AVAILABLE,NOT_GOLDBET,5b98f6d2439f42b57e97beee380adce7efa3ebc90bae74aaf2972eae08aedc81,1468.5172845789969,1521.5511201246002,-53.033835545603324,-0.8,-0.8,0.10000000000000009,-17.09030752069293,8,46,False
d8cfbbcd4e830c533c72b1b8,LaLiga,2023/2024,DEVELOPMENT,2023-10-08,17:30,MATCH_KICKOFF_TIME_TIMEZONE_NOT_STATED_BY_SOURCE,,NOT_VERIFIED_DO_NOT_INFER,Celta,Getafe,2,2,D,EVALUATION_ONLY_JOIN_AFTER_PREMATCH_FEATURE_FREEZE,2.03,3.26,4.14,EXTERNAL_HISTORICAL_MARKET_BENCHMARK,NOT_AVAILABLE,NOT_GOLDBET,ac820267a2b1e8d7f8005f64ef5c9a3802a274ceacd03aaaed5d3024cdcb0a1c,1448.6873904741863,1483.4292786235167,-34.74188814933041,-0.19999999999999996,-0.2,0.4,-29.348461918958947,46,46,False
fb1e3fbd602520d93c247146,LaLiga,2023/2024,DEVELOPMENT,2023-10-08,20:00,MATCH_KICKOFF_TIME_TIMEZONE_NOT_STATED_BY_SOURCE,,NOT_VERIFIED_DO_NOT_INFER,Granada,Barcelona,2,2,D,EVALUATION_ONLY_JOIN_AFTER_PREMATCH_FEATURE_FREEZE,6.99,5.13,1.41,EXTERNAL_HISTORICAL_MARKET_BENCHMARK,NOT_AVAILABLE,NOT_GOLDBET,f1fb7670361ff7ea4b9c5cfb25dba8314d54c56a2728849ba034f748ada993fa,1464.671160507452,1599.5788366011257,-134.90767609367367,-2.2,-2.6,-0.6000000000000001,3.7807459374234895,8,46,False
f91f3aede0842e83513b0e25,LaLiga,2023/2024,DEVELOPMENT,2023-10-20,20:00,MATCH_KICKOFF_TIME_TIMEZONE_NOT_STATED_BY_SOURCE,,NOT_VERIFIED_DO_NOT_INFER,Osasuna,Granada,2,0,H,EVALUATION_ONLY_JOIN_AFTER_PREMATCH_FEATURE_FREEZE,1.67,3.89,5.39,EXTERNAL_HISTORICAL_MARKET_BENCHMARK,NOT_AVAILABLE,NOT_GOLDBET,d189f25bcb1c8015042b3bace10a34678354050a664b10208ded43a93db36ba9,1485.0567008400444,1466.7943796232141,18.262321216830287,0.20000000000000007,-0.4,0.55,10.294523265504722,47,9,False
7402cddde3e9dbe64113ebe0,LaLiga,2023/2024,DEVELOPMENT,2023-10-21,13:00,MATCH_KICKOFF_TIME_TIMEZONE_NOT_STATED_BY_SOURCE,,NOT_VERIFIED_DO_NOT_INFER,Sociedad,Mallorca,1,0,H,EVALUATION_ONLY_JOIN_AFTER_PREMATCH_FEATURE_FREEZE,1.64,3.62,6.5,EXTERNAL_HISTORICAL_MARKET_BENCHMARK,NOT_AVAILABLE,NOT_GOLDBET,638c7df4ccb0fe1ea3c342bdac20a52945ab46a6229a33cd57ee6786cedd6605,1550.9717916787279,1482.390967264457,68.58082441427086,0.6000000000000001,0.8,1.2000000000000002,16.06327108142932,47,47,False
534f6766398a89b1ca116a4a,LaLiga,2023/2024,DEVELOPMENT,2023-10-21,15:15,MATCH_KICKOFF_TIME_TIMEZONE_NOT_STATED_BY_SOURCE,,NOT_VERIFIED_DO_NOT_INFER,Getafe,Betis,1,1,D,EVALUATION_ONLY_JOIN_AFTER_PREMATCH_FEATURE_FREEZE,2.39,3.14,3.29,EXTERNAL_HISTORICAL_MARKET_BENCHMARK,NOT_AVAILABLE,NOT_GOLDBET,8979b7ec3ffbf30eded3ee232ab63d42cb10ed741bf9a68351a621336ff955bf,1484.1549874903678,1521.7515955911665,-37.596608100798676,0.0,0.4,1.2000000000000002,4.478530934332412,47,47,False
10c1700ad9ae64352af1271a,LaLiga,2023/2024,DEVELOPMENT,2023-10-21,17:30,MATCH_KICKOFF_TIME_TIMEZONE_NOT_STATED_BY_SOURCE,,NOT_VERIFIED_DO_NOT_INFER,Sevilla,Real Madrid,1,1,D,EVALUATION_ONLY_JOIN_AFTER_PREMATCH_FEATURE_FREEZE,4.61,4.06,1.74,EXTERNAL_HISTORICAL_MARKET_BENCHMARK,NOT_AVAILABLE,NOT_GOLDBET,1c68f451a0fe9d9ffb5a29e374bdf6c7957d558824efd89d3ff8e6fec6dab19d,1478.7138427901532,1597.4325554507989,-118.71871266064568,-0.7999999999999998,-0.8,-1.0,-24.30889618102742,46,47,False
98fef7ed590a7c1a27cc1269,LaLiga,2023/2024,DEVELOPMENT,2023-10-21,20:00,MATCH_KICKOFF_TIME_TIMEZONE_NOT_STATED_BY_SOURCE,,NOT_VERIFIED_DO_NOT_INFER,Celta,Ath Madrid,0,3,A,EVALUATION_ONLY_JOIN_AFTER_PREMATCH_FEATURE_FREEZE,3.45,3.48,2.14,EXTERNAL_HISTORICAL_MARKET_BENCHMARK,NOT_AVAILABLE,NOT_GOLDBET,a5fed9c67aae87e865340985bb44f425248d934c1d22809dc5abd028dddc1969,1447.961681607335,1591.6289629904463,-143.66728138311123,-2.0,-1.2,-1.2000000000000002,-18.58078677465187,47,46,False
6ec05b45c9dadfbf8836b3a4,LaLiga,2023/2024,DEVELOPMENT,2023-10-22,13:00,MATCH_KICKOFF_TIME_TIMEZONE_NOT_STATED_BY_SOURCE,,NOT_VERIFIED_DO_NOT_INFER,Las Palmas,Vallecano,0,1,A,EVALUATION_ONLY_JOIN_AFTER_PREMATCH_FEATURE_FREEZE,2.64,3.03,3.02,EXTERNAL_HISTORICAL_MARKET_BENCHMARK,NOT_AVAILABLE,NOT_GOLDBET,7415a05b878b5031fd159891fb022acbcc2ec23cd456e8f1723b614d7f63ef3c,1495.4461735230343,1499.6650391041321,-4.218865581097816,0.40000000000000013,-0.4,0.3999999999999999,2.9239922118324557,9,47,False
8b80fef1f03a597c3ea2d085,LaLiga,2023/2024,DEVELOPMENT,2023-10-22,15:15,MATCH_KICKOFF_TIME_TIMEZONE_NOT_STATED_BY_SOURCE,,NOT_VERIFIED_DO_NOT_INFER,Girona,Almeria,5,2,H,EVALUATION_ONLY_JOIN_AFTER_PREMATCH_FEATURE_FREEZE,1.39,5.1,7.85,EXTERNAL_HISTORICAL_MARKET_BENCHMARK,NOT_AVAILABLE,NOT_GOLDBET,a941ce7e20d2656d5740bcc9137d0d84f5d3ea4727f4bb75468bb4f6d275c9f2,1552.9519357282668,1426.2228816412337,126.72905408703309,2.0,2.2,1.4,18.847232484528377,47,47,False
1b0990ff76b554693b4020cc,LaLiga,2023/2024,DEVELOPMENT,2023-10-22,17:30,MATCH_KICKOFF_TIME_TIMEZONE_NOT_STATED_BY_SOURCE,,NOT_VERIFIED_DO_NOT_INFER,Villarreal,Alaves,1,1,D,EVALUATION_ONLY_JOIN_AFTER_PREMATCH_FEATURE_FREEZE,2.02,3.45,3.95,EXTERNAL_HISTORICAL_MARKET_BENCHMARK,NOT_AVAILABLE,NOT_GOLDBET,bb9e92d328792a81a7c2d4d7b077697b7e33ca511f2e9a7a1891ea47fa56a2af,1489.7466185542082,1468.3168091124305,21.429809441777707,0.6,1.0,0.35,-0.5094044484599181,47,9,False
71fc220a5e66079b78c86eeb,LaLiga,2023/2024,DEVELOPMENT,2023-10-22,20:00,MATCH_KICKOFF_TIME_TIMEZONE_NOT_STATED_BY_SOURCE,,NOT_VERIFIED_DO_NOT_INFER,Barcelona,Ath Bilbao,1,0,H,EVALUATION_ONLY_JOIN_AFTER_PREMATCH_FEATURE_FREEZE,1.85,3.78,4.23,EXTERNAL_HISTORICAL_MARKET_BENCHMARK,NOT_AVAILABLE,NOT_GOLDBET,f9d05d3e35cf905d4c05501e35b8c11023b9f1ffbb761d9399e96ef0f76b19cf,1597.4556174853635,1518.6002136912666,78.8554037940969,0.20000000000000018,0.3999999999999999,1.4,-6.460357186714418,47,47,False
eef574ee935ebed66adecdb7,LaLiga,2023/2024,DEVELOPMENT,2023-10-23,20:00,MATCH_KICKOFF_TIME_TIMEZONE_NOT_STATED_BY_SOURCE,,NOT_VERIFIED_DO_NOT_INFER,Valencia,Cadiz,2,0,H,EVALUATION_ONLY_JOIN_AFTER_PREMATCH_FEATURE_FREEZE,1.68,3.62,5.78,EXTERNAL_HISTORICAL_MARKET_BENCHMARK,NOT_AVAILABLE,NOT_GOLDBET,6597edae891cd1890c5046b71a741b060a5d562fa26556e8aabc2afaef19d876,1475.800904436177,1470.4052987955856,5.395605640591384,0.6,0.8,0.9999999999999999,-17.94477003562247,47,47,False
7c2be25b9f738cb7818e13a8,LaLiga,2023/2024,DEVELOPMENT,2023-10-27,20:00,MATCH_KICKOFF_TIME_TIMEZONE_NOT_STATED_BY_SOURCE,,NOT_VERIFIED_DO_NOT_INFER,Girona,Celta,1,0,H,EVALUATION_ONLY_JOIN_AFTER_PREMATCH_FEATURE_FREEZE,1.72,4.09,4.6,EXTERNAL_HISTORICAL_MARKET_BENCHMARK,NOT_AVAILABLE,NOT_GOLDBET,7f628ef2a44bad328c75ba25bd8d7a4d860216dfafbd2ce1da474342dc5e42bd,1558.0413872666854,1440.3243242485792,117.71706301810627,2.0,1.8,1.5999999999999999,-26.760770641374165,48,48,False
9e9ddc681addc9f5ebc0e9ea,LaLiga,2023/2024,DEVELOPMENT,2023-10-28,13:00,MATCH_KICKOFF_TIME_TIMEZONE_NOT_STATED_BY_SOURCE,,NOT_VERIFIED_DO_NOT_INFER,Almeria,Las Palmas,1,2,A,EVALUATION_ONLY_JOIN_AFTER_PREMATCH_FEATURE_FREEZE,2.31,3.33,3.25,EXTERNAL_HISTORICAL_MARKET_BENCHMARK,NOT_AVAILABLE,NOT_GOLDBET,5ecdced16afde2f9dc76494521fcc5b3a3e5b5465d156159c55941c88f0c279b,1421.133430102815,1483.8543175286322,-62.72088742581718,-1.4,-2.0,-0.19999999999999996,-1.3803086812995389,48,10,False
556ab9b879097b299e031d6f,LaLiga,2023/2024,DEVELOPMENT,2023-10-28,15:15,MATCH_KICKOFF_TIME_TIMEZONE_NOT_STATED_BY_SOURCE,,NOT_VERIFIED_DO_NOT_INFER,Barcelona,Real Madrid,1,2,A,EVALUATION_ONLY_JOIN_AFTER_PREMATCH_FEATURE_FREEZE,2.59,3.53,2.7,EXTERNAL_HISTORICAL_MARKET_BENCHMARK,NOT_AVAILABLE,NOT_GOLDBET,a08eff46738639294fad2a77877f5b19df181dc148f1e1326e36280f93e86c4b,1603.6590547110338,1595.7584043907577,7.9006503202761,0.20000000000000018,-0.7999999999999999,1.0,-30.52130477457854,48,48,False
55e56715cdae7fb42d1ce064,LaLiga,2023/2024,DEVELOPMENT,2023-10-28,17:30,MATCH_KICKOFF_TIME_TIMEZONE_NOT_STATED_BY_SOURCE,,NOT_VERIFIED_DO_NOT_INFER,Mallorca,Getafe,0,0,D,EVALUATION_ONLY_JOIN_AFTER_PREMATCH_FEATURE_FREEZE,2.3,2.99,3.67,EXTERNAL_HISTORICAL_MARKET_BENCHMARK,NOT_AVAILABLE,NOT_GOLDBET,e5640b5c2fefdc5029a5d55a3372bcd026ca9525e2f9fcb3c4fe532066ded5f6,1475.931631018786,1483.511058264873,-7.579427246087107,-0.20000000000000007,-0.39999999999999997,0.7999999999999999,25.947204392851972,48,48,False
6982c2c90501e3a543fb09fc,LaLiga,2023/2024,DEVELOPMENT,2023-10-28,20:00,MATCH_KICKOFF_TIME_TIMEZONE_NOT_STATED_BY_SOURCE,,NOT_VERIFIED_DO_NOT_INFER,Cadiz,Sevilla,2,2,D,EVALUATION_ONLY_JOIN_AFTER_PREMATCH_FEATURE_FREEZE,3.84,3.37,2.07,EXTERNAL_HISTORICAL_MARKET_BENCHMARK,NOT_AVAILABLE,NOT_GOLDBET,a38dd07663ada21c0703d3032130b8cd369723f0c8de73a9db5cacb317146d23,1462.2656181163595,1480.3879938501943,-18.122375733834815,-0.7999999999999999,-1.4,1.2000000000000002,-1.6520431947431007,48,47,False
5cee4d7c70ec77a0e70e6a0f,LaLiga,2023/2024,DEVELOPMENT,2023-10-29,13:00,MATCH_KICKOFF_TIME_TIMEZONE_NOT_STATED_BY_SOURCE,,NOT_VERIFIED_DO_NOT_INFER,Betis,Osasuna,2,1,H,EVALUATION_ONLY_JOIN_AFTER_PREMATCH_FEATURE_FREEZE,1.99,3.43,4.03,EXTERNAL_HISTORICAL_MARKET_BENCHMARK,NOT_AVAILABLE,NOT_GOLDBET,dd1719433fde372683870a948e41a1be27f597ea77abe98fa351930c9fb05bbe,1522.3955248166612,1492.841471494014,29.554053322647178,0.0,1.0,0.0,-40.11638063638202,48,48,False
4d80a4a51b89176824282c32,LaLiga,2023/2024,DEVELOPMENT,2023-10-29,15:15,MATCH_KICKOFF_TIME_TIMEZONE_NOT_STATED_BY_SOURCE,,NOT_VERIFIED_DO_NOT_INFER,Vallecano,Sociedad,2,2,D,EVALUATION_ONLY_JOIN_AFTER_PREMATCH_FEATURE_FREEZE,3.31,3.16,2.36,EXTERNAL_HISTORICAL_MARKET_BENCHMARK,NOT_AVAILABLE,NOT_GOLDBET,c6b6140403ae75bb2d2fdb065e219c49c1fb1b64abc7645ecf3c1991c856df2f,1511.2568950985342,1557.4311279243989,-46.17423282586469,-1.0,-0.8,0.8,-22.303876967119777,48,48,False
5a1cf18f1180771f5d5e271a,LaLiga,2023/2024,DEVELOPMENT,2023-10-29,17:30,MATCH_KICKOFF_TIME_TIMEZONE_NOT_STATED_BY_SOURCE,,NOT_VERIFIED_DO_NOT_INFER,Ath Bilbao,Valencia,2,2,D,EVALUATION_ONLY_JOIN_AFTER_PREMATCH_FEATURE_FREEZE,1.61,3.98,5.95,EXTERNAL_HISTORICAL_MARKET_BENCHMARK,NOT_AVAILABLE,NOT_GOLDBET,b367a0b7560e53aa26d2a30742a619c8f5da8cfdfd6a1e73afa666c93297c6d9,1512.3967764655963,1483.940585115403,28.456191350193194,0.3999999999999999,0.6000000000000001,1.0,20.510419280483802,48,48,False
97bccaaaa5eaa752addf4f38,LaLiga,2023/2024,DEVELOPMENT,2023-10-29,20:00,MATCH_KICKOFF_TIME_TIMEZONE_NOT_STATED_BY_SOURCE,,NOT_VERIFIED_DO_NOT_INFER,Ath Madrid,Alaves,2,1,H,EVALUATION_ONLY_JOIN_AFTER_PREMATCH_FEATURE_FREEZE,1.43,4.6,8.11,EXTERNAL_HISTORICAL_MARKET_BENCHMARK,NOT_AVAILABLE,NOT_GOLDBET,6b9905c9b5ff4932b61ad41154861cc44f617c0781bf2fea1f0a61843e6363d9,1599.2663203492023,1470.6185551585584,128.6477651906439,2.4,2.6,2.6,21.133319650827616,47,10,False
d815e0c15f74717e1cd87087,LaLiga,2023/2024,DEVELOPMENT,2023-10-30,20:00,MATCH_KICKOFF_TIME_TIMEZONE_NOT_STATED_BY_SOURCE,,NOT_VERIFIED_DO_NOT_INFER,Granada,Villarreal,2,3,A,EVALUATION_ONLY_JOIN_AFTER_PREMATCH_FEATURE_FREEZE,2.98,3.58,2.35,EXTERNAL_HISTORICAL_MARKET_BENCHMARK,NOT_AVAILABLE,NOT_GOLDBET,06069b8f0751b1d92ad5696700938a72fb2f01b7bcc2098daff130af54eb2fee,1459.0096089692445,1487.4448725080804,-28.435263538835898,0.0,-0.19999999999999996,0.0,4.9229144234971045,10,48,False
d53ffeba0528d8e6c613d742,LaLiga,2023/2024,DEVELOPMENT,2023-11-03,20:00,MATCH_KICKOFF_TIME_TIMEZONE_NOT_STATED_BY_SOURCE,,NOT_VERIFIED_DO_NOT_INFER,Las Palmas,Ath Madrid,2,1,H,EVALUATION_ONLY_JOIN_AFTER_PREMATCH_FEATURE_FREEZE,5.52,3.74,1.69,EXTERNAL_HISTORICAL_MARKET_BENCHMARK,NOT_AVAILABLE,NOT_GOLDBET,5f4f0b0973dbcbf25cb642eed54800ff3e49fc1d317a7f0ef0cf489497f72879,1493.776005694249,1604.3139773675055,-110.53797167325638,-1.2,-1.6,-0.3999999999999999,0.48819314587854024,11,48,False
b5356fb95eb6cf1be5d34f4a,LaLiga,2023/2024,DEVELOPMENT,2023-11-04,13:00,MATCH_KICKOFF_TIME_TIMEZONE_NOT_STATED_BY_SOURCE,,NOT_VERIFIED_DO_NOT_INFER,Osasuna,Girona,2,4,A,EVALUATION_ONLY_JOIN_AFTER_PREMATCH_FEATURE_FREEZE,2.91,3.33,2.51,EXTERNAL_HISTORICAL_MARKET_BENCHMARK,NOT_AVAILABLE,NOT_GOLDBET,323c3822440131849c775865f68045a970296e71f1ff56ec15fe6367e14f4fc0,1485.363438016577,1563.3301720217328,-77.96673400515579,-1.2,-1.2,-1.8,38.14778011734779,49,49,False
265f4d77002b1b6941d09f95,LaLiga,2023/2024,DEVELOPMENT,2023-11-04,15:15,MATCH_KICKOFF_TIME_TIMEZONE_NOT_STATED_BY_SOURCE,,NOT_VERIFIED_DO_NOT_INFER,Betis,Mallorca,2,0,H,EVALUATION_ONLY_JOIN_AFTER_PREMATCH_FEATURE_FREEZE,1.88,3.39,4.63,EXTERNAL_HISTORICAL_MARKET_BENCHMARK,NOT_AVAILABLE,NOT_GOLDBET,f96db21d7d81191bf70f3755a871c1697efafb7b49459c2df226ef87a6af5608,1529.8735582940983,1474.4341911839808,55.43936711011747,1.0,1.0,1.4000000000000001,-42.76393333131841,49,49,False
8ee84be9aef1fa3678f70a37,LaLiga,2023/2024,DEVELOPMENT,2023-11-04,17:30,MATCH_KICKOFF_TIME_TIMEZONE_NOT_STATED_BY_SOURCE,,NOT_VERIFIED_DO_NOT_INFER,Celta,Sevilla,1,1,D,EVALUATION_ONLY_JOIN_AFTER_PREMATCH_FEATURE_FREEZE,2.4,3.39,3.03,EXTERNAL_HISTORICAL_MARKET_BENCHMARK,NOT_AVAILABLE,NOT_GOLDBET,d4eff7a5895191540b6ce8a1f6c7f7e96887831eab321c6f14e1234f829dfebd,1435.0355394935318,1481.5875253257886,-46.55198583225683,-0.7999999999999999,-1.6,0.0,-1.0101812540353876,49,48,False
a30edb0842d5e847281495aa,LaLiga,2023/2024,DEVELOPMENT,2023-11-04,20:00,MATCH_KICKOFF_TIME_TIMEZONE_NOT_STATED_BY_SOURCE,,NOT_VERIFIED_DO_NOT_INFER,Sociedad,Barcelona,0,1,A,EVALUATION_ONLY_JOIN_AFTER_PREMATCH_FEATURE_FREEZE,3.33,3.36,2.26,EXTERNAL_HISTORICAL_MARKET_BENCHMARK,NOT_AVAILABLE,NOT_GOLDBET,420fe95cad68b563afd11c40620da2cf090200450ea26da7ca61c5cd8594f55e,1557.8288555743663,1591.7292241112473,-33.90036853688093,0.3999999999999999,0.6000000000000001,0.8,8.802063958357621,49,49,False
3502d7247a51ae354e27a671,LaLiga,2023/2024,DEVELOPMENT,2023-11-05,13:00,MATCH_KICKOFF_TIME_TIMEZONE_NOT_STATED_BY_SOURCE,,NOT_VERIFIED_DO_NOT_INFER,Alaves,Almeria,1,0,H,EVALUATION_ONLY_JOIN_AFTER_PREMATCH_FEATURE_FREEZE,1.75,3.78,4.91,EXTERNAL_HISTORICAL_MARKET_BENCHMARK,NOT_AVAILABLE,NOT_GOLDBET,54c486442c03362ab5f8eeec259daeb2314284a9affc0510aae14e4f7cecf197,1465.5708981402552,1411.2117419371982,54.359156203056955,0.39999999999999997,1.6,1.2,11.181534229285944,11,49,False
6f273cc3951ead8a0d664268,LaLiga,2023/2024,DEVELOPMENT,2023-11-05,15:15,MATCH_KICKOFF_TIME_TIMEZONE_NOT_STATED_BY_SOURCE,,NOT_VERIFIED_DO_NOT_INFER,Valencia,Granada,1,0,H,EVALUATION_ONLY_JOIN_AFTER_PREMATCH_FEATURE_FREEZE,1.63,4.16,5.36,EXTERNAL_HISTORICAL_MARKET_BENCHMARK,NOT_AVAILABLE,NOT_GOLDBET,4d8dbecd83d75c1a63c8e7b362617045ed187c70a45b13bec9d2b701d11d21f0,1486.43293892649,1448.1035941518876,38.329344774602305,0.4,0.19999999999999996,1.6,0.5982269998776246,49,11,False
e67149c79a8cc2aa991a2553,LaLiga,2023/2024,DEVELOPMENT,2023-11-05,17:30,MATCH_KICKOFF_TIME_TIMEZONE_NOT_STATED_BY_SOURCE,,NOT_VERIFIED_DO_NOT_INFER,Villarreal,Ath Bilbao,2,3,A,EVALUATION_ONLY_JOIN_AFTER_PREMATCH_FEATURE_FREEZE,3.61,3.79,2.01,EXTERNAL_HISTORICAL_MARKET_BENCHMARK,NOT_AVAILABLE,NOT_GOLDBET,83eccc6b9e0891637321250df6a1847922b31f174bdaae3dfa24174ac5a9b035,1498.3508873254373,1509.9044226545095,-11.553535329072247,0.0,0.0,-0.5999999999999999,-21.677612687152305,49,49,False
63dd5d725830c23be1604940,LaLiga,2023/2024,DEVELOPMENT,2023-11-05,20:00,MATCH_KICKOFF_TIME_TIMEZONE_NOT_STATED_BY_SOURCE,,NOT_VERIFIED_DO_NOT_INFER,Real Madrid,Vallecano,0,0,D,EVALUATION_ONLY_JOIN_AFTER_PREMATCH_FEATURE_FREEZE,1.22,6.77,13.56,EXTERNAL_HISTORICAL_MARKET_BENCHMARK,NOT_AVAILABLE,NOT_GOLDBET,2de6a27b50c6275d42c55191ac4309c83ee0ad8410cc90d1b11fcd8abe5ac202,1607.6882349905443,1510.8591674485667,96.82906754197757,1.2000000000000002,1.8,1.0,21.16694714138339,49,49,False
8caf054ba9e04913cafbf81f,LaLiga,2023/2024,DEVELOPMENT,2023-11-06,20:00,MATCH_KICKOFF_TIME_TIMEZONE_NOT_STATED_BY_SOURCE,,NOT_VERIFIED_DO_NOT_INFER,Getafe,Cadiz,1,0,H,EVALUATION_ONLY_JOIN_AFTER_PREMATCH_FEATURE_FREEZE,2,3.15,4.47,EXTERNAL_HISTORICAL_MARKET_BENCHMARK,NOT_AVAILABLE,NOT_GOLDBET,44c81193dfcba41fb60cdec647214fd4e5deae99b34be8d7eb4b19e6014b60bb,1485.0084980996783,1461.0660866407652,23.942411458913057,0.6,0.8,1.6,-21.385312177278365,49,49,False
1d81b581db6e830c146fba80,LaLiga,2023/2024,DEVELOPMENT,2023-11-10,20:00,MATCH_KICKOFF_TIME_TIMEZONE_NOT_STATED_BY_SOURCE,,NOT_VERIFIED_DO_NOT_INFER,Ath Bilbao,Celta,4,3,H,EVALUATION_ONLY_JOIN_AFTER_PREMATCH_FEATURE_FREEZE,1.68,4.06,4.97,EXTERNAL_HISTORICAL_MARKET_BENCHMARK,NOT_AVAILABLE,NOT_GOLDBET,f0f3dc361c2456feddb230de2c328c7a92cb7470c5e9ad338068a2594954399e,1521.2898563638864,1434.6486677151686,86.64118864871784,0.9999999999999999,1.0,1.4000000000000001,-5.373462976816882,50,50,False
e0c06ac61813e992b43687e6,LaLiga,2023/2024,DEVELOPMENT,2023-11-11,13:00,MATCH_KICKOFF_TIME_TIMEZONE_NOT_STATED_BY_SOURCE,,NOT_VERIFIED_DO_NOT_INFER,Vallecano,Girona,1,2,A,EVALUATION_ONLY_JOIN_AFTER_PREMATCH_FEATURE_FREEZE,3.01,3.45,2.39,EXTERNAL_HISTORICAL_MARKET_BENCHMARK,NOT_AVAILABLE,NOT_GOLDBET,5b3e7d4938a3a8aec8550e8b508d146f0f66e9e60f5f9619b52727685f5797b1,1515.0895794166884,1572.8135083155908,-57.723928898902386,-1.0,-0.6000000000000001,-1.8,41.918160897739654,50,50,False
e3026ac4a971bd78fcdb1545,LaLiga,2023/2024,DEVELOPMENT,2023-11-11,15:15,MATCH_KICKOFF_TIME_TIMEZONE_NOT_STATED_BY_SOURCE,,NOT_VERIFIED_DO_NOT_INFER,Almeria,Sociedad,1,3,A,EVALUATION_ONLY_JOIN_AFTER_PREMATCH_FEATURE_FREEZE,4.33,3.76,1.83,EXTERNAL_HISTORICAL_MARKET_BENCHMARK,NOT_AVAILABLE,NOT_GOLDBET,0aa9730cfaa228969f50f724cfb92ff5b0a3b664f20e1102b3178b97b4e1b033,1404.389328984435,1547.0790576674733,-142.6897286830383,-1.2,-2.0,-0.6,-42.12921259094901,50,50,False
b4c88cdfd850f3910dbe3681,LaLiga,2023/2024,DEVELOPMENT,2023-11-11,17:30,MATCH_KICKOFF_TIME_TIMEZONE_NOT_STATED_BY_SOURCE,,NOT_VERIFIED_DO_NOT_INFER,Granada,Getafe,1,1,D,EVALUATION_ONLY_JOIN_AFTER_PREMATCH_FEATURE_FREEZE,2.5,3.14,3.11,EXTERNAL_HISTORICAL_MARKET_BENCHMARK,NOT_AVAILABLE,NOT_GOLDBET,3aeaa9f628aaa3a1ab22e4f22d3498b4f108c26596517f4e3ebf2493bbc760be,1440.8605227890769,1492.638380016718,-51.77785722764111,-0.9999999999999999,-1.0,0.4,16.720444625960454,12,50,False
de36fa176dcc0c0b4bf93847,LaLiga,2023/2024,DEVELOPMENT,2023-11-11,17:30,MATCH_KICKOFF_TIME_TIMEZONE_NOT_STATED_BY_SOURCE,,NOT_VERIFIED_DO_NOT_INFER,Osasuna,Las Palmas,1,1,D,EVALUATION_ONLY_JOIN_AFTER_PREMATCH_FEATURE_FREEZE,1.96,3.3,4.36,EXTERNAL_HISTORICAL_MARKET_BENCHMARK,NOT_AVAILABLE,NOT_GOLDBET,a36409c220e12582bb05e625c46e31c1558168dfc25591cde19d25d9f56c2949,1475.880101722719,1505.220432436582,-29.340330713863068,-1.2,-1.2,-0.3999999999999999,28.201026749354924,50,12,False
78f5ac4fa9504c7c4d57b0c3,LaLiga,2023/2024,DEVELOPMENT,2023-11-11,20:00,MATCH_KICKOFF_TIME_TIMEZONE_NOT_STATED_BY_SOURCE,,NOT_VERIFIED_DO_NOT_INFER,Real Madrid,Valencia,5,1,H,EVALUATION_ONLY_JOIN_AFTER_PREMATCH_FEATURE_FREEZE,1.34,5.46,9.08,EXTERNAL_HISTORICAL_MARKET_BENCHMARK,NOT_AVAILABLE,NOT_GOLDBET,463409064a2ae8a20fd2514998cf08446d7fc9056ab78cafcd9faacc3372516b,1603.4578230224226,1493.6760102893006,109.78181273312202,0.6000000000000001,1.6,2.0,41.694932742272385,50,50,False
1726aa17ca9fa34ffb156e07,LaLiga,2023/2024,DEVELOPMENT,2023-11-12,15:15,MATCH_KICKOFF_TIME_TIMEZONE_NOT_STATED_BY_SOURCE,,NOT_VERIFIED_DO_NOT_INFER,Barcelona,Alaves,2,1,H,EVALUATION_ONLY_JOIN_AFTER_PREMATCH_FEATURE_FREEZE,1.25,6.17,11.78,EXTERNAL_HISTORICAL_MARKET_BENCHMARK,NOT_AVAILABLE,NOT_GOLDBET,3cf58dfdc97d17760962740614f776bebd071a0112af29801c0b9ac732cf8a24,1602.4790220181403,1472.3933110930184,130.08571092512193,1.0,0.8,2.0,24.298993567093703,50,12,False
5fea880cd7a193d051c392ca,LaLiga,2023/2024,DEVELOPMENT,2023-11-12,17:30,MATCH_KICKOFF_TIME_TIMEZONE_NOT_STATED_BY_SOURCE,,NOT_VERIFIED_DO_NOT_INFER,Sevilla,Betis,1,1,D,EVALUATION_ONLY_JOIN_AFTER_PREMATCH_FEATURE_FREEZE,2.17,3.5,3.31,EXTERNAL_HISTORICAL_MARKET_BENCHMARK,NOT_AVAILABLE,NOT_GOLDBET,1d27d0823b963f607326889c25b1f9a42d2671dbbb44c2eb4876007642de011f,1481.9743971041519,1536.668047228652,-54.69365012450021,-1.4000000000000001,-1.4,1.0,37.23348593670312,49,50,False
fe4d596dc35d61dd781dfdd9,LaLiga,2023/2024,DEVELOPMENT,2023-11-12,20:00,MATCH_KICKOFF_TIME_TIMEZONE_NOT_STATED_BY_SOURCE,,NOT_VERIFIED_DO_NOT_INFER,Ath Madrid,Villarreal,3,1,H,EVALUATION_ONLY_JOIN_AFTER_PREMATCH_FEATURE_FREEZE,1.34,5.62,8.41,EXTERNAL_HISTORICAL_MARKET_BENCHMARK,NOT_AVAILABLE,NOT_GOLDBET,66dde930ffa1a106f06b59f09d2ad968e4d01e9e7e95a5bde9efe4e1755c6495,1592.8695506251725,1486.9654536160604,105.90409700911209,1.4,1.2,1.4,10.39861288457314,49,50,False
d157cdac2878e16c247c8e36,LaLiga,2023/2024,DEVELOPMENT,2023-11-24,20:00,MATCH_KICKOFF_TIME_TIMEZONE_NOT_STATED_BY_SOURCE,,NOT_VERIFIED_DO_NOT_INFER,Alaves,Granada,3,1,H,EVALUATION_ONLY_JOIN_AFTER_PREMATCH_FEATURE_FREEZE,1.71,3.66,5.34,EXTERNAL_HISTORICAL_MARKET_BENCHMARK,NOT_AVAILABLE,NOT_GOLDBET,e24b247fe79995076828b5fb9167df5ce8702e10ccdac6b58ffdcb65381be74f,1467.3768268574647,1440.6239146654236,26.752912192041094,0.6,0.6000000000000001,1.2,14.620618818178173,13,13,False
d23e3655dcf573de96f85057,LaLiga,2023/2024,DEVELOPMENT,2023-11-25,13:00,MATCH_KICKOFF_TIME_TIMEZONE_NOT_STATED_BY_SOURCE,,NOT_VERIFIED_DO_NOT_INFER,Vallecano,Barcelona,1,1,D,EVALUATION_ONLY_JOIN_AFTER_PREMATCH_FEATURE_FREEZE,4.89,4.15,1.68,EXTERNAL_HISTORICAL_MARKET_BENCHMARK,NOT_AVAILABLE,NOT_GOLDBET,5a2550092ecf77d1a8385cb3a20641e129a117458c78a2c85a7cf91ceb63eea1,1505.0240697614815,1607.495506253694,-102.47143649221243,-0.8,-0.4,-1.0000000000000002,20.805509374748226,51,51,False
3a04132edb5a026d433aa43f,LaLiga,2023/2024,DEVELOPMENT,2023-11-25,15:15,MATCH_KICKOFF_TIME_TIMEZONE_NOT_STATED_BY_SOURCE,,NOT_VERIFIED_DO_NOT_INFER,Valencia,Celta,0,0,D,EVALUATION_ONLY_JOIN_AFTER_PREMATCH_FEATURE_FREEZE,2.21,3.34,3.46,EXTERNAL_HISTORICAL_MARKET_BENCHMARK,NOT_AVAILABLE,NOT_GOLDBET,d41e2035b6f3fbc6fe18438e8d33cf7ec4ff3165424a1bf3fd1d8f223d0a2088,1488.207622837581,1428.6353733592757,59.572249478305366,1.2000000000000002,0.8,1.2000000000000002,-23.44361202509708,51,51,False
1d293e08d86a9ba4b3996761,LaLiga,2023/2024,DEVELOPMENT,2023-11-25,17:30,MATCH_KICKOFF_TIME_TIMEZONE_NOT_STATED_BY_SOURCE,,NOT_VERIFIED_DO_NOT_INFER,Getafe,Almeria,2,1,H,EVALUATION_ONLY_JOIN_AFTER_PREMATCH_FEATURE_FREEZE,1.77,3.61,4.85,EXTERNAL_HISTORICAL_MARKET_BENCHMARK,NOT_AVAILABLE,NOT_GOLDBET,2488d543417a85ad0508d81748c90f9ca02f45c25b38621d52dc8928bab42a97,1492.8749881403712,1396.7253883828057,96.14959975756551,1.4,2.2,2.2,-42.716922252940094,51,51,False
4b835c1f3e15fc85bdcb5c01,LaLiga,2023/2024,DEVELOPMENT,2023-11-25,20:00,MATCH_KICKOFF_TIME_TIMEZONE_NOT_STATED_BY_SOURCE,,NOT_VERIFIED_DO_NOT_INFER,Ath Madrid,Mallorca,1,0,H,EVALUATION_ONLY_JOIN_AFTER_PREMATCH_FEATURE_FREEZE,1.35,5.01,9.36,EXTERNAL_HISTORICAL_MARKET_BENCHMARK,NOT_AVAILABLE,NOT_GOLDBET,e7b84538cbb155b5d7584599feb5fa849be517871c2fa2575f9e78611544a911,1598.4270752270543,1467.639702249427,130.78737297762723,1.7999999999999998,1.7999999999999998,2.2,-16.194427135160367,50,50,False
b6a8b5f37bdaa6e418a061d6,LaLiga,2023/2024,DEVELOPMENT,2023-11-26,13:00,MATCH_KICKOFF_TIME_TIMEZONE_NOT_STATED_BY_SOURCE,,NOT_VERIFIED_DO_NOT_INFER,Villarreal,Osasuna,3,1,H,EVALUATION_ONLY_JOIN_AFTER_PREMATCH_FEATURE_FREEZE,2.16,3.47,3.45,EXTERNAL_HISTORICAL_MARKET_BENCHMARK,NOT_AVAILABLE,NOT_GOLDBET,ef1863e2099a9af990738394a2b244a172cde52bd189cc85f99a66a59afe5b4f,1481.4079290141785,1474.999929039211,6.407999974967424,0.0,0.4,-0.3999999999999999,-27.23691415076928,51,51,False
eeaa63406750f04640bc6252,LaLiga,2023/2024,DEVELOPMENT,2023-11-26,15:15,MATCH_KICKOFF_TIME_TIMEZONE_NOT_STATED_BY_SOURCE,,NOT_VERIFIED_DO_NOT_INFER,Sociedad,Sevilla,2,1,H,EVALUATION_ONLY_JOIN_AFTER_PREMATCH_FEATURE_FREEZE,1.64,3.85,5.81,EXTERNAL_HISTORICAL_MARKET_BENCHMARK,NOT_AVAILABLE,NOT_GOLDBET,2f1ed51e09c58ac29ad8e62d0e804f561eb58eebac56528e6027a2caefca04a9,1554.7429982691026,1481.8216799517947,72.92131831730785,0.3999999999999999,0.2,1.7999999999999998,8.78541032196108,51,50,False
1eae3be44a27dd6433c38876,LaLiga,2023/2024,DEVELOPMENT,2023-11-26,17:30,MATCH_KICKOFF_TIME_TIMEZONE_NOT_STATED_BY_SOURCE,,NOT_VERIFIED_DO_NOT_INFER,Cadiz,Real Madrid,0,3,A,EVALUATION_ONLY_JOIN_AFTER_PREMATCH_FEATURE_FREEZE,6.99,4.6,1.47,EXTERNAL_HISTORICAL_MARKET_BENCHMARK,NOT_AVAILABLE,NOT_GOLDBET,004dcd8b56740506e76b3cd08488706860085cea1fa56e9f635490beb11e9c50,1453.4362047237255,1608.9262104741422,-155.49000575041669,-2.0,-2.8,-0.8,-3.0506651193213656,50,51,False
32693c7c349660fd0cf46fe8,LaLiga,2023/2024,DEVELOPMENT,2023-11-26,20:00,MATCH_KICKOFF_TIME_TIMEZONE_NOT_STATED_BY_SOURCE,,NOT_VERIFIED_DO_NOT_INFER,Betis,Las Palmas,1,0,H,EVALUATION_ONLY_JOIN_AFTER_PREMATCH_FEATURE_FREEZE,1.69,3.74,5.5,EXTERNAL_HISTORICAL_MARKET_BENCHMARK,NOT_AVAILABLE,NOT_GOLDBET,7e3af1d56f68ee923ebd578fa79b16693459be350d6224cddea8ad88a012f4f7,1536.8207643810092,1506.10060512009,30.720159260919218,-0.19999999999999996,0.19999999999999996,1.2000000000000002,-20.209125510297326,51,13,False
7cd83c379d27db2119a715eb,LaLiga,2023/2024,DEVELOPMENT,2023-11-27,20:00,MATCH_KICKOFF_TIME_TIMEZONE_NOT_STATED_BY_SOURCE,,NOT_VERIFIED_DO_NOT_INFER,Girona,Ath Bilbao,1,1,D,EVALUATION_ONLY_JOIN_AFTER_PREMATCH_FEATURE_FREEZE,2.23,3.61,3.13,EXTERNAL_HISTORICAL_MARKET_BENCHMARK,NOT_AVAILABLE,NOT_GOLDBET,00f625e90b2262f6c756bbeea15b6acedde694bc49766714d0d743ec02c6e1c7,1582.8790179707976,1527.3031507197793,55.57586725101828,1.0,0.8,1.0,-19.89309513616081,51,51,False
85443be104f8ef0478a243ea,LaLiga,2023/2024,DEVELOPMENT,2023-11-29,20:00,MATCH_KICKOFF_TIME_TIMEZONE_NOT_STATED_BY_SOURCE,,NOT_VERIFIED_DO_NOT_INFER,Mallorca,Cadiz,1,1,D,EVALUATION_ONLY_JOIN_AFTER_PREMATCH_FEATURE_FREEZE,1.89,3.29,4.78,EXTERNAL_HISTORICAL_MARKET_BENCHMARK,NOT_AVAILABLE,NOT_GOLDBET,979ae18acbee0f164410bec4b04dc3a92d1326871b00ecdead12362841eba6ec,1462.6383825597443,1446.117453253596,16.52092930614822,0.2,0.5999999999999999,0.6000000000000001,8.685316205587014,51,51,False
c5d4429c58ee5c37187bae3b,LaLiga,2023/2024,DEVELOPMENT,2023-12-01,20:00,MATCH_KICKOFF_TIME_TIMEZONE_NOT_STATED_BY_SOURCE,,NOT_VERIFIED_DO_NOT_INFER,Las Palmas,Getafe,2,0,H,EVALUATION_ONLY_JOIN_AFTER_PREMATCH_FEATURE_FREEZE,2.42,2.94,3.46,EXTERNAL_HISTORICAL_MARKET_BENCHMARK,NOT_AVAILABLE,NOT_GOLDBET,eb216151a9d069c25a69f9ca66874d2026fe14cecc51af4a264558fbcac70c35,1498.653973444458,1498.6606461674637,-0.0066727230057495035,-0.40000000000000013,-0.4,1.2,48.29561765111612,14,52,False
f372d73d6a96c89268f8715e,LaLiga,2023/2024,DEVELOPMENT,2023-12-02,13:00,MATCH_KICKOFF_TIME_TIMEZONE_NOT_STATED_BY_SOURCE,,NOT_VERIFIED_DO_NOT_INFER,Girona,Valencia,2,1,H,EVALUATION_ONLY_JOIN_AFTER_PREMATCH_FEATURE_FREEZE,1.65,4,5.36,EXTERNAL_HISTORICAL_MARKET_BENCHMARK,NOT_AVAILABLE,NOT_GOLDBET,cf716bcf2af4b9e8b1310a6f17eab0125720c908de62d371a0cb705a39c9f0fb,1579.6699822545415,1484.8957911525822,94.77419110195933,1.0,1.5999999999999999,1.4,-13.739098350382164,52,52,False
dd8c3fa24fc5c38831b0a35d,LaLiga,2023/2024,DEVELOPMENT,2023-12-02,15:15,MATCH_KICKOFF_TIME_TIMEZONE_NOT_STATED_BY_SOURCE,,NOT_VERIFIED_DO_NOT_INFER,Ath Bilbao,Vallecano,4,0,H,EVALUATION_ONLY_JOIN_AFTER_PREMATCH_FEATURE_FREEZE,1.46,4.71,7.04,EXTERNAL_HISTORICAL_MARKET_BENCHMARK,NOT_AVAILABLE,NOT_GOLDBET,7bc87ff3118a66cad6acfeddbc420aab8b0c1474ba6ec0122efb9dc979584007,1530.5121864360353,1506.2404431351495,24.271743300885873,0.40000000000000013,0.2,1.0000000000000002,-48.71995507901829,52,52,False
a23330c51351b23e598aae17,LaLiga,2023/2024,DEVELOPMENT,2023-12-02,17:30,MATCH_KICKOFF_TIME_TIMEZONE_NOT_STATED_BY_SOURCE,,NOT_VERIFIED_DO_NOT_INFER,Real Madrid,Granada,2,0,H,EVALUATION_ONLY_JOIN_AFTER_PREMATCH_FEATURE_FREEZE,1.17,7.97,15.83,EXTERNAL_HISTORICAL_MARKET_BENCHMARK,NOT_AVAILABLE,NOT_GOLDBET,4bb6d225af3313e5c62d6177269b937996e8825edeb2250af37b03a68437b949,1616.2449619442716,1433.0702335880528,183.1747283562188,2.0,2.8,2.4,24.278912162796587,52,14,False
301a7b78eb11fc16c9962ea6,LaLiga,2023/2024,DEVELOPMENT,2023-12-02,20:00,MATCH_KICKOFF_TIME_TIMEZONE_NOT_STATED_BY_SOURCE,,NOT_VERIFIED_DO_NOT_INFER,Osasuna,Sociedad,1,1,D,EVALUATION_ONLY_JOIN_AFTER_PREMATCH_FEATURE_FREEZE,3.86,3.15,2.13,EXTERNAL_HISTORICAL_MARKET_BENCHMARK,NOT_AVAILABLE,NOT_GOLDBET,45010ed90dca51b640d0e91b78c2d3e4ec8a4207802e117adde06b8d6c113ce8,1466.8883636501903,1561.0935534232103,-94.20518977302004,-1.2,-1.2,-0.3999999999999999,13.51206850038011,52,52,False
2516571a19ffc57c880158f7,LaLiga,2023/2024,DEVELOPMENT,2023-12-03,13:00,MATCH_KICKOFF_TIME_TIMEZONE_NOT_STATED_BY_SOURCE,,NOT_VERIFIED_DO_NOT_INFER,Mallorca,Alaves,0,0,D,EVALUATION_ONLY_JOIN_AFTER_PREMATCH_FEATURE_FREEZE,2.62,2.9,3.11,EXTERNAL_HISTORICAL_MARKET_BENCHMARK,NOT_AVAILABLE,NOT_GOLDBET,7de19a8d0b7bbb5eaaca9e07748217cb77d83114d1fec7b708561f80c3cc8437,1460.4708675071663,1474.9305079348355,-14.459640427669228,-0.9999999999999999,-1.0,0.6,13.11466383883544,52,14,False
4f01c50e8dc622d833389c02,LaLiga,2023/2024,DEVELOPMENT,2023-12-03,15:15,MATCH_KICKOFF_TIME_TIMEZONE_NOT_STATED_BY_SOURCE,,NOT_VERIFIED_DO_NOT_INFER,Almeria,Betis,0,0,D,EVALUATION_ONLY_JOIN_AFTER_PREMATCH_FEATURE_FREEZE,3.52,3.73,2.04,EXTERNAL_HISTORICAL_MARKET_BENCHMARK,NOT_AVAILABLE,NOT_GOLDBET,a93097208594a188b4abb4dec2cd1fad2c8ee2da58b219af1a96fe188d202789,1390.9397303557132,1544.2673960566412,-153.32766570092804,-2.2,-2.4000000000000004,-0.4,20.56510896247869,52,52,False
13e94d567971ca9ed1d8952c,LaLiga,2023/2024,DEVELOPMENT,2023-12-03,17:30,MATCH_KICKOFF_TIME_TIMEZONE_NOT_STATED_BY_SOURCE,,NOT_VERIFIED_DO_NOT_INFER,Sevilla,Villarreal,1,1,D,EVALUATION_ONLY_JOIN_AFTER_PREMATCH_FEATURE_FREEZE,1.97,3.76,3.73,EXTERNAL_HISTORICAL_MARKET_BENCHMARK,NOT_AVAILABLE,NOT_GOLDBET,af6b4e1453bfdf3562467ec9239e2897d15d20d037e49e0d4371295725f224de,1475.471124797687,1489.5194944031994,-14.048369605512335,-0.5999999999999999,-0.2,0.8,16.208887631575408,51,52,False
a5cbcbc2a95e33401f0a11f4,LaLiga,2023/2024,DEVELOPMENT,2023-12-03,20:00,MATCH_KICKOFF_TIME_TIMEZONE_NOT_STATED_BY_SOURCE,,NOT_VERIFIED_DO_NOT_INFER,Barcelona,Ath Madrid,1,0,H,EVALUATION_ONLY_JOIN_AFTER_PREMATCH_FEATURE_FREEZE,1.94,3.82,3.78,EXTERNAL_HISTORICAL_MARKET_BENCHMARK,NOT_AVAILABLE,NOT_GOLDBET,87699155489e972d306d7bddc056cb0397dfe1b29aa8c11d9a3adca8108ffd21,1606.279132880026,1603.428394916737,2.8507379632890206,-0.3999999999999999,-0.7999999999999999,0.5999999999999999,56.52869123705227,52,51,False
1355125ebc2b2618c0cedb10,LaLiga,2023/2024,DEVELOPMENT,2023-12-04,20:00,MATCH_KICKOFF_TIME_TIMEZONE_NOT_STATED_BY_SOURCE,,NOT_VERIFIED_DO_NOT_INFER,Celta,Cadiz,1,1,D,EVALUATION_ONLY_JOIN_AFTER_PREMATCH_FEATURE_FREEZE,1.54,4.19,6.41,EXTERNAL_HISTORICAL_MARKET_BENCHMARK,NOT_AVAILABLE,NOT_GOLDBET,aafc67a76df2f5881d8f54be6bfb9f58d2fef4568233e90dfd5aac962af63008,1431.9472050442746,1448.284968306174,-16.337763261899454,0.0,0.19999999999999996,0.19999999999999996,25.598673072890506,52,52,False
946e2657f355ebbcef6bd020,LaLiga,2023/2024,DEVELOPMENT,2023-12-08,20:00,MATCH_KICKOFF_TIME_TIMEZONE_NOT_STATED_BY_SOURCE,,NOT_VERIFIED_DO_NOT_INFER,Getafe,Valencia,1,0,H,EVALUATION_ONLY_JOIN_AFTER_PREMATCH_FEATURE_FREEZE,2.63,2.9,3.11,EXTERNAL_HISTORICAL_MARKET_BENCHMARK,NOT_AVAILABLE,NOT_GOLDBET,9d046fca1e45251ddc9a35643677397ea60d0ca4d1e2425e8cc3130aba34208b,1490.370433299629,1479.0775224449123,11.292910854716638,0.6000000000000001,0.8,1.8000000000000003,-59.80518939556623,53,53,False
7bf4f488821f80b62d30d11d,LaLiga,2023/2024,DEVELOPMENT,2023-12-09,13:00,MATCH_KICKOFF_TIME_TIMEZONE_NOT_STATED_BY_SOURCE,,NOT_VERIFIED_DO_NOT_INFER,Alaves,Las Palmas,0,1,A,EVALUATION_ONLY_JOIN_AFTER_PREMATCH_FEATURE_FREEZE,2.05,3.18,4.17,EXTERNAL_HISTORICAL_MARKET_BENCHMARK,NOT_AVAILABLE,NOT_GOLDBET,faf47b65fe78df29e0c001b2463e3dde3f86bfe5bbc793d216730bf1886c3a84,1476.2338094466077,1506.9441863122927,-30.71037686568502,-0.6000000000000001,-0.39999999999999997,0.0,-4.551410652876257,15,15,False
27a8b9c0c5c4ebd767a03a58,LaLiga,2023/2024,DEVELOPMENT,2023-12-09,15:15,MATCH_KICKOFF_TIME_TIMEZONE_NOT_STATED_BY_SOURCE,,NOT_VERIFIED_DO_NOT_INFER,Betis,Real Madrid,1,1,D,EVALUATION_ONLY_JOIN_AFTER_PREMATCH_FEATURE_FREEZE,4.68,4.07,1.71,EXTERNAL_HISTORICAL_MARKET_BENCHMARK,NOT_AVAILABLE,NOT_GOLDBET,87908df442f66f54d666ce21c4f3c945b100fd420e8b6f487ec1c2d136fa0ad1,1541.6440061929388,1620.2018355963166,-78.55782940337781,-0.3999999999999999,-1.2,0.6000000000000001,-29.682055100545995,53,53,False
f4137ab6685750456b95f134,LaLiga,2023/2024,DEVELOPMENT,2023-12-09,17:30,MATCH_KICKOFF_TIME_TIMEZONE_NOT_STATED_BY_SOURCE,,NOT_VERIFIED_DO_NOT_INFER,Villarreal,Sociedad,0,3,A,EVALUATION_ONLY_JOIN_AFTER_PREMATCH_FEATURE_FREEZE,3.37,3.44,2.2,EXTERNAL_HISTORICAL_MARKET_BENCHMARK,NOT_AVAILABLE,NOT_GOLDBET,3054918427914919da537f40c43dd803a1b85a36269c86d5af1e5ec3148340b6,1490.8344303722188,1560.1122174056936,-69.27778703347485,-0.20000000000000018,-0.4,-0.8,11.233828857924664,53,53,False
b6374c7637a2fec5fa0ab927,LaLiga,2023/2024,DEVELOPMENT,2023-12-09,20:00,MATCH_KICKOFF_TIME_TIMEZONE_NOT_STATED_BY_SOURCE,,NOT_VERIFIED_DO_NOT_INFER,Mallorca,Sevilla,1,0,H,EVALUATION_ONLY_JOIN_AFTER_PREMATCH_FEATURE_FREEZE,2.62,3.01,3.03,EXTERNAL_HISTORICAL_MARKET_BENCHMARK,NOT_AVAILABLE,NOT_GOLDBET,da405324f59468fb6a4ae7fd9a000538be13d045a63ad34243fe7a0204cdeb1c,1459.1675659953942,1474.1561888286676,-14.988622833273439,-0.20000000000000007,-0.39999999999999997,0.4,10.92559109272247,53,52,False
e2094134feefc49cf30a886e,LaLiga,2023/2024,DEVELOPMENT,2023-12-10,13:00,MATCH_KICKOFF_TIME_TIMEZONE_NOT_STATED_BY_SOURCE,,NOT_VERIFIED_DO_NOT_INFER,Ath Madrid,Almeria,2,1,H,EVALUATION_ONLY_JOIN_AFTER_PREMATCH_FEATURE_FREEZE,1.2,7.58,13.66,EXTERNAL_HISTORICAL_MARKET_BENCHMARK,NOT_AVAILABLE,NOT_GOLDBET,af3b6ecf62bc451f7257ac5ed85e2588038f75a4bed990670c6b763eb897427f,1595.2179067692034,1393.5631202194156,201.6547865497878,1.6,1.4,3.0,-1.6735615870106813,52,53,False
0875870cb1d14932ebb4af9a,LaLiga,2023/2024,DEVELOPMENT,2023-12-10,17:30,MATCH_KICKOFF_TIME_TIMEZONE_NOT_STATED_BY_SOURCE,,NOT_VERIFIED_DO_NOT_INFER,Cadiz,Osasuna,1,1,D,EVALUATION_ONLY_JOIN_AFTER_PREMATCH_FEATURE_FREEZE,2.83,3.07,2.76,EXTERNAL_HISTORICAL_MARKET_BENCHMARK,NOT_AVAILABLE,NOT_GOLDBET,fa15917251b4a1af93a1e7a3ab3b1e54674f75b23dc077e0f460abe9cdc756b8,1449.5350943567607,1467.869699667707,-18.334605310946245,0.19999999999999996,0.19999999999999996,0.4,-32.907864336866396,53,53,False
f76e1c554f2c34041b676708,LaLiga,2023/2024,DEVELOPMENT,2023-12-10,20:00,MATCH_KICKOFF_TIME_TIMEZONE_NOT_STATED_BY_SOURCE,,NOT_VERIFIED_DO_NOT_INFER,Barcelona,Girona,2,4,A,EVALUATION_ONLY_JOIN_AFTER_PREMATCH_FEATURE_FREEZE,1.48,5.09,5.93,EXTERNAL_HISTORICAL_MARKET_BENCHMARK,NOT_AVAILABLE,NOT_GOLDBET,a5112d8be719da619e59dd5cee0546211bc707e9614330082cfe3de69226d858,1614.4896210275597,1585.4882509622114,29.001370065348283,-0.6000000000000001,-0.6,-0.6000000000000001,56.29135043643123,53,53,False
7daf64fa76c0e321188e75a4,LaLiga,2023/2024,DEVELOPMENT,2023-12-11,20:00,MATCH_KICKOFF_TIME_TIMEZONE_NOT_STATED_BY_SOURCE,,NOT_VERIFIED_DO_NOT_INFER,Granada,Ath Bilbao,1,1,D,EVALUATION_ONLY_JOIN_AFTER_PREMATCH_FEATURE_FREEZE,4.16,3.75,1.87,EXTERNAL_HISTORICAL_MARKET_BENCHMARK,NOT_AVAILABLE,NOT_GOLDBET,1f7a6330e12d7f02311aa012f9eb2203c8e864a863f4fa68a19b8d586040700c,1429.1133599360078,1538.1331239080637,-109.0197639720559,-2.0,-2.4,-0.7999999999999999,8.815675798213533,15,53,False
7ab44cd9ae5e042a835d4259,LaLiga,2023/2024,DEVELOPMENT,2023-12-11,20:00,MATCH_KICKOFF_TIME_TIMEZONE_NOT_STATED_BY_SOURCE,,NOT_VERIFIED_DO_NOT_INFER,Vallecano,Celta,0,0,D,EVALUATION_ONLY_JOIN_AFTER_PREMATCH_FEATURE_FREEZE,2.69,3.19,2.81,EXTERNAL_HISTORICAL_MARKET_BENCHMARK,NOT_AVAILABLE,NOT_GOLDBET,da950d1aa8d537625589a750998204fbbff43aa27aecd6c798e7127b23de3ade,1498.6195056631211,1430.697078993688,67.92242666943321,0.0,-0.6,0.6000000000000001,75.70584076402952,53,53,False
fbde6a76363dadd053d1965a,LaLiga,2023/2024,DEVELOPMENT,2023-12-15,20:00,MATCH_KICKOFF_TIME_TIMEZONE_NOT_STATED_BY_SOURCE,,NOT_VERIFIED_DO_NOT_INFER,Osasuna,Vallecano,1,0,H,EVALUATION_ONLY_JOIN_AFTER_PREMATCH_FEATURE_FREEZE,2.23,3.2,3.56,EXTERNAL_HISTORICAL_MARKET_BENCHMARK,NOT_AVAILABLE,NOT_GOLDBET,fb4afcf5f207c0fdf4017571b11ab0e2bc28466a5de4de3a1b3e8a23e5d97cd1,1469.063210137742,1495.095427572522,-26.032217434780023,0.0,0.19999999999999996,-0.19999999999999996,-37.72386674741756,54,54,False
c4bb35fb4372ded50ac5aced,LaLiga,2023/2024,DEVELOPMENT,2023-12-16,13:00,MATCH_KICKOFF_TIME_TIMEZONE_NOT_STATED_BY_SOURCE,,NOT_VERIFIED_DO_NOT_INFER,Celta,Granada,1,0,H,EVALUATION_ONLY_JOIN_AFTER_PREMATCH_FEATURE_FREEZE,1.69,3.88,5.18,EXTERNAL_HISTORICAL_MARKET_BENCHMARK,NOT_AVAILABLE,NOT_GOLDBET,acb9531281f88321a4d590dfb190baf9e89c5d69fb5f614a812861f4bf7a5986,1434.221157084287,1430.5149740897357,3.7061829945512272,0.4,0.8,0.6000000000000001,-32.56735063129145,54,16,False
7e3e05e41cf60aab3dd5890c,LaLiga,2023/2024,DEVELOPMENT,2023-12-16,15:15,MATCH_KICKOFF_TIME_TIMEZONE_NOT_STATED_BY_SOURCE,,NOT_VERIFIED_DO_NOT_INFER,Ath Bilbao,Ath Madrid,2,0,H,EVALUATION_ONLY_JOIN_AFTER_PREMATCH_FEATURE_FREEZE,2.51,3.36,2.85,EXTERNAL_HISTORICAL_MARKET_BENCHMARK,NOT_AVAILABLE,NOT_GOLDBET,dde665a03e2bf3971a84b6979b3b051fb08ec1e203081b08f0e57f281655b6bb,1536.7315097543358,1598.8479415780664,-62.116431823730636,0.40000000000000013,0.7999999999999999,1.0000000000000002,0.6017922846763213,54,53,False
b3f2f2b377212fbb278fb8d0,LaLiga,2023/2024,DEVELOPMENT,2023-12-16,17:30,MATCH_KICKOFF_TIME_TIMEZONE_NOT_STATED_BY_SOURCE,,NOT_VERIFIED_DO_NOT_INFER,Sevilla,Getafe,0,3,A,EVALUATION_ONLY_JOIN_AFTER_PREMATCH_FEATURE_FREEZE,1.81,3.46,4.97,EXTERNAL_HISTORICAL_MARKET_BENCHMARK,NOT_AVAILABLE,NOT_GOLDBET,123991620987316ebdd6562229679390ee3945472f119f1e334e2d50219dd6dd,1465.4445206608186,1498.346781601202,-32.902260940383485,-1.4,-0.6000000000000001,0.5999999999999999,39.750030337572525,53,54,False
ec3339c137b4353301fc6d44,LaLiga,2023/2024,DEVELOPMENT,2023-12-16,20:00,MATCH_KICKOFF_TIME_TIMEZONE_NOT_STATED_BY_SOURCE,,NOT_VERIFIED_DO_NOT_INFER,Valencia,Barcelona,1,1,D,EVALUATION_ONLY_JOIN_AFTER_PREMATCH_FEATURE_FREEZE,5.7,4.47,1.56,EXTERNAL_HISTORICAL_MARKET_BENCHMARK,NOT_AVAILABLE,NOT_GOLDBET,976e710f4ea9819074b6ab21e8e61781d68782e83629d962339b38994cbe4f8e,1471.1011741433392,1601.9825562062742,-130.88138206293502,-1.2,-1.2,0.19999999999999996,-34.7851352440116,54,54,False
b352988507c5f6c543f8f6fe,LaLiga,2023/2024,DEVELOPMENT,2023-12-17,13:00,MATCH_KICKOFF_TIME_TIMEZONE_NOT_STATED_BY_SOURCE,,NOT_VERIFIED_DO_NOT_INFER,Almeria,Mallorca,0,0,D,EVALUATION_ONLY_JOIN_AFTER_PREMATCH_FEATURE_FREEZE,2.37,3.15,3.32,EXTERNAL_HISTORICAL_MARKET_BENCHMARK,NOT_AVAILABLE,NOT_GOLDBET,3e8bdda43e6417b601ed4d8b66089e2121fe0a2a0569f7a17fa7c39235e20290,1389.9330854105526,1467.8792341632432,-77.94614875269053,-0.8,-0.6,0.39999999999999997,24.301092647138375,54,54,False
841fa8b9cee2b412406ac06e,LaLiga,2023/2024,DEVELOPMENT,2023-12-17,15:15,MATCH_KICKOFF_TIME_TIMEZONE_NOT_STATED_BY_SOURCE,,NOT_VERIFIED_DO_NOT_INFER,Sociedad,Betis,0,0,D,EVALUATION_ONLY_JOIN_AFTER_PREMATCH_FEATURE_FREEZE,1.59,4.09,5.96,EXTERNAL_HISTORICAL_MARKET_BENCHMARK,NOT_AVAILABLE,NOT_GOLDBET,9130b444f9f8da02cf9767791b92d2edb83c5facb615730a93b11152ac47639b,1569.845244684107,1542.1776360695467,27.667608614560322,0.19999999999999996,0.4,1.4,-7.597546458073339,54,54,False
974bf135631abd5fef400b3d,LaLiga,2023/2024,DEVELOPMENT,2023-12-17,17:30,MATCH_KICKOFF_TIME_TIMEZONE_NOT_STATED_BY_SOURCE,,NOT_VERIFIED_DO_NOT_INFER,Las Palmas,Cadiz,1,1,D,EVALUATION_ONLY_JOIN_AFTER_PREMATCH_FEATURE_FREEZE,1.99,3.27,4.24,EXTERNAL_HISTORICAL_MARKET_BENCHMARK,NOT_AVAILABLE,NOT_GOLDBET,0d9ea69d6ff655f1e5f183cc9a3b279e0e704316ada1cedb0e833bb00684d8f7,1517.785218005343,1448.3415838867256,69.44363411861741,1.4,1.4,2.0,27.103860647951933,16,54,False
89b113047d55118ddfc0c3e8,LaLiga,2023/2024,DEVELOPMENT,2023-12-17,20:00,MATCH_KICKOFF_TIME_TIMEZONE_NOT_STATED_BY_SOURCE,,NOT_VERIFIED_DO_NOT_INFER,Real Madrid,Villarreal,4,1,H,EVALUATION_ONLY_JOIN_AFTER_PREMATCH_FEATURE_FREEZE,1.24,6.96,11.49,EXTERNAL_HISTORICAL_MARKET_BENCHMARK,NOT_AVAILABLE,NOT_GOLDBET,369d42d7a0bbcf02f961867ac5477e3fa3ce7c53da1982cef5ca542f06091f2f,1619.6682057197088,1481.1014030938054,138.5668026259034,1.4000000000000001,2.6,1.4000000000000001,-36.13432445593776,54,54,False
20c9d5ec54e92059a6e04046,LaLiga,2023/2024,DEVELOPMENT,2023-12-18,20:00,MATCH_KICKOFF_TIME_TIMEZONE_NOT_STATED_BY_SOURCE,,NOT_VERIFIED_DO_NOT_INFER,Girona,Alaves,3,0,H,EVALUATION_ONLY_JOIN_AFTER_PREMATCH_FEATURE_FREEZE,1.61,4.12,5.53,EXTERNAL_HISTORICAL_MARKET_BENCHMARK,NOT_AVAILABLE,NOT_GOLDBET,246b1cb8746c87b4e12a55383e8f078e37d4c1b9a7d93a8ca7bbef750d749b5b,1597.9953157834968,1465.3927777535573,132.60253802993952,1.2000000000000002,1.0,1.4,41.082369578593216,54,16,False
885b0357a5b18fd464da340f,LaLiga,2023/2024,DEVELOPMENT,2023-12-19,18:00,MATCH_KICKOFF_TIME_TIMEZONE_NOT_STATED_BY_SOURCE,,NOT_VERIFIED_DO_NOT_INFER,Vallecano,Valencia,0,1,A,EVALUATION_ONLY_JOIN_AFTER_PREMATCH_FEATURE_FREEZE,2.3,3.19,3.41,EXTERNAL_HISTORICAL_MARKET_BENCHMARK,NOT_AVAILABLE,NOT_GOLDBET,c043f2b382de56d6b1770514712ec24ba433f4dba9552e9af5b0186d65e70be3,1486.0699958129737,1473.113463435014,12.956532377959775,0.0,0.0,0.4,-18.706935601078612,55,55,False
5760e69661ff1e1faf816399,LaLiga,2023/2024,DEVELOPMENT,2023-12-19,20:30,MATCH_KICKOFF_TIME_TIMEZONE_NOT_STATED_BY_SOURCE,,NOT_VERIFIED_DO_NOT_INFER,Ath Madrid,Getafe,3,3,D,EVALUATION_ONLY_JOIN_AFTER_PREMATCH_FEATURE_FREEZE,1.47,4.49,7.29,EXTERNAL_HISTORICAL_MARKET_BENCHMARK,NOT_AVAILABLE,NOT_GOLDBET,ed2af84a49cac41bc7efdb4f4ab7fc391f83d57be845835023c3aba629446409,1588.7870265269341,1509.1251396165092,79.66188691042498,-0.19999999999999996,-0.39999999999999997,1.8,42.083398199438534,54,55,False
26ba86f34f2f6686f8dbc0a6,LaLiga,2023/2024,DEVELOPMENT,2023-12-19,20:30,MATCH_KICKOFF_TIME_TIMEZONE_NOT_STATED_BY_SOURCE,,NOT_VERIFIED_DO_NOT_INFER,Granada,Sevilla,0,3,A,EVALUATION_ONLY_JOIN_AFTER_PREMATCH_FEATURE_FREEZE,2.99,3.21,2.49,EXTERNAL_HISTORICAL_MARKET_BENCHMARK,NOT_AVAILABLE,NOT_GOLDBET,8965acac6f97554639776a8c9cac921e94ff53238e2d8e73313841359cb72068,1422.3283086115562,1454.6661626455116,-32.33785403395541,0.0,0.0,0.4,2.0339124626507328,17,54,False
dbfeb58e9394ea02fa845070,LaLiga,2023/2024,DEVELOPMENT,2023-12-20,18:00,MATCH_KICKOFF_TIME_TIMEZONE_NOT_STATED_BY_SOURCE,,NOT_VERIFIED_DO_NOT_INFER,Barcelona,Almeria,3,2,H,EVALUATION_ONLY_JOIN_AFTER_PREMATCH_FEATURE_FREEZE,1.15,8.76,16.19,EXTERNAL_HISTORICAL_MARKET_BENCHMARK,NOT_AVAILABLE,NOT_GOLDBET,4e07f399ba611671c8a1e34320c7ddef14cddd059c03fa736bfc1c3d284686f7,1599.9702669145995,1390.4491582052974,209.5211087093021,1.2000000000000002,0.8,1.8,-1.9766763840289059,55,55,False
91bafa856e35ce9ffbb8439f,LaLiga,2023/2024,DEVELOPMENT,2023-12-20,20:30,MATCH_KICKOFF_TIME_TIMEZONE_NOT_STATED_BY_SOURCE,,NOT_VERIFIED_DO_NOT_INFER,Ath Bilbao,Las Palmas,1,0,H,EVALUATION_ONLY_JOIN_AFTER_PREMATCH_FEATURE_FREEZE,1.37,5.11,8.57,EXTERNAL_HISTORICAL_MARKET_BENCHMARK,NOT_AVAILABLE,NOT_GOLDBET,3db08d0d9de79f0fd173790e735bad52475f3fa517df52e3439aa9caf5ce86b1,1546.792424805468,1514.2228529395513,32.569571865916714,0.6000000000000001,0.9999999999999999,0.6000000000000001,23.158504946133007,55,17,False
14460c39176f22f2543811e1,LaLiga,2023/2024,DEVELOPMENT,2023-12-20,20:30,MATCH_KICKOFF_TIME_TIMEZONE_NOT_STATED_BY_SOURCE,,NOT_VERIFIED_DO_NOT_INFER,Villarreal,Celta,3,2,H,EVALUATION_ONLY_JOIN_AFTER_PREMATCH_FEATURE_FREEZE,2.38,3.47,2.99,EXTERNAL_HISTORICAL_MARKET_BENCHMARK,NOT_AVAILABLE,NOT_GOLDBET,a782343a7aeea6ba7eb15c755f500060dbffe9e2b867ee7d69fb46b88733061e,1476.266158877065,1442.4078225624664,33.858336314598546,-0.3999999999999999,-1.2,0.4,67.24082006539493,55,55,False
afed9661606efc28e80d718c,LaLiga,2023/2024,DEVELOPMENT,2023-12-21,18:00,MATCH_KICKOFF_TIME_TIMEZONE_NOT_STATED_BY_SOURCE,,NOT_VERIFIED_DO_NOT_INFER,Betis,Girona,1,1,D,EVALUATION_ONLY_JOIN_AFTER_PREMATCH_FEATURE_FREEZE,2.69,3.55,2.55,EXTERNAL_HISTORICAL_MARKET_BENCHMARK,NOT_AVAILABLE,NOT_GOLDBET,5ae457df1e4d03b745a72db51d10ca6c15ce11f5522a479cf6610edf581ebaec,1544.6486905457573,1602.9575475274903,-58.308856981733015,-1.2000000000000002,-1.2,-0.3999999999999999,-7.6218214419577635,55,55,False
b6049312d6cdb73e61e0f20c,LaLiga,2023/2024,DEVELOPMENT,2023-12-21,18:00,MATCH_KICKOFF_TIME_TIMEZONE_NOT_STATED_BY_SOURCE,,NOT_VERIFIED_DO_NOT_INFER,Cadiz,Sociedad,0,0,D,EVALUATION_ONLY_JOIN_AFTER_PREMATCH_FEATURE_FREEZE,5.92,3.56,1.68,EXTERNAL_HISTORICAL_MARKET_BENCHMARK,NOT_AVAILABLE,NOT_GOLDBET,ef692789c523df09b5ccd156b6676efe217eaac04a13dd8e9f5fe0ba3f9a91ea,1451.9039489525173,1567.3741902078964,-115.47024125537905,-1.4000000000000001,-1.7999999999999998,-1.0,20.61105534460512,55,55,False
8e256ac196ce948672083c89,LaLiga,2023/2024,DEVELOPMENT,2023-12-21,20:30,MATCH_KICKOFF_TIME_TIMEZONE_NOT_STATED_BY_SOURCE,,NOT_VERIFIED_DO_NOT_INFER,Alaves,Real Madrid,0,1,A,EVALUATION_ONLY_JOIN_AFTER_PREMATCH_FEATURE_FREEZE,5.73,4.12,1.59,EXTERNAL_HISTORICAL_MARKET_BENCHMARK,NOT_AVAILABLE,NOT_GOLDBET,e83cf0c127e33e94b35a07b8be839c913d0b6fb6425feda9d0e2c9678ee5f1a5,1460.4305460095638,1624.5034499364492,-164.07290392688537,-1.8,-3.0,-0.8000000000000003,41.117089679739365,17,55,False
69bed8e92e350a5e74241527,LaLiga,2023/2024,DEVELOPMENT,2023-12-21,20:30,MATCH_KICKOFF_TIME_TIMEZONE_NOT_STATED_BY_SOURCE,,NOT_VERIFIED_DO_NOT_INFER,Mallorca,Osasuna,3,2,H,EVALUATION_ONLY_JOIN_AFTER_PREMATCH_FEATURE_FREEZE,2.27,2.91,3.86,EXTERNAL_HISTORICAL_MARKET_BENCHMARK,NOT_AVAILABLE,NOT_GOLDBET,3b96610c51828d187559be4c17ade0ff172986b6db3c04c38001d4d205657e25,1467.3631613684984,1478.0886418972905,-10.725480528792104,0.0,0.2,0.5999999999999999,-21.757625229709674,55,55,False
f520404c27018dc35d0b9470,LaLiga,2023/2024,DEVELOPMENT,2023-12-23,15:15,MATCH_KICKOFF_TIME_TIMEZONE_NOT_STATED_BY_SOURCE,,NOT_VERIFIED_DO_NOT_INFER,Ath Madrid,Sevilla,1,0,H,EVALUATION_ONLY_JOIN_AFTER_PREMATCH_FEATURE_FREEZE,1.58,4.22,5.73,EXTERNAL_HISTORICAL_MARKET_BENCHMARK,NOT_AVAILABLE,NOT_GOLDBET,399230240ee95f3fc9c950f18f6a386e00d612c0404db1e729150408f98ee4e1,1584.9706146475182,1465.4606651233455,119.50994952417273,0.5999999999999999,0.2,1.6,17.84669116785176,55,55,False
f05c6e83d56b7352b974d908,LaLiga,2023/2024,DEVELOPMENT,2024-01-02,16:00,MATCH_KICKOFF_TIME_TIMEZONE_NOT_STATED_BY_SOURCE,,NOT_VERIFIED_DO_NOT_INFER,Getafe,Vallecano,0,2,A,EVALUATION_ONLY_JOIN_AFTER_PREMATCH_FEATURE_FREEZE,2.38,2.98,3.46,EXTERNAL_HISTORICAL_MARKET_BENCHMARK,NOT_AVAILABLE,NOT_GOLDBET,9c0fa56b76a8b1b3668ca82aa6183023c5b07ed79d20d4ce20c97764740b687a,1512.941551495925,1474.0004669262398,38.941084569685245,1.6,1.7999999999999998,1.2000000000000002,-16.43860275924885,56,56,False
c1a6524279e084047b601770,LaLiga,2023/2024,DEVELOPMENT,2024-01-02,18:15,MATCH_KICKOFF_TIME_TIMEZONE_NOT_STATED_BY_SOURCE,,NOT_VERIFIED_DO_NOT_INFER,Sociedad,Alaves,1,1,D,EVALUATION_ONLY_JOIN_AFTER_PREMATCH_FEATURE_FREEZE,1.54,3.9,7.48,EXTERNAL_HISTORICAL_MARKET_BENCHMARK,NOT_AVAILABLE,NOT_GOLDBET,5b04d7614b81cec7313bfa587c1f259ba3e4df75da6f7c174ab357b6b7d5bbe3,1565.7910569296998,1453.3395159152005,112.4515410144993,1.0,1.4,1.6,-39.382335041712395,56,18,False
3e60f430995037f3fb21dde2,LaLiga,2023/2024,DEVELOPMENT,2024-01-02,20:30,MATCH_KICKOFF_TIME_TIMEZONE_NOT_STATED_BY_SOURCE,,NOT_VERIFIED_DO_NOT_INFER,Valencia,Villarreal,3,1,H,EVALUATION_ONLY_JOIN_AFTER_PREMATCH_FEATURE_FREEZE,2.19,3.41,3.38,EXTERNAL_HISTORICAL_MARKET_BENCHMARK,NOT_AVAILABLE,NOT_GOLDBET,199483b60023f6c5650b4ecb7b61e30bf0cfb324fcc83266685e1efb9f76540d,1485.1829923217479,1483.6285519714202,1.5544403503276953,-0.3999999999999999,0.39999999999999997,0.6000000000000001,2.8138082815853522,56,56,False
1a07c06dab9b461feecbb1ce,LaLiga,2023/2024,DEVELOPMENT,2024-01-03,16:00,MATCH_KICKOFF_TIME_TIMEZONE_NOT_STATED_BY_SOURCE,,NOT_VERIFIED_DO_NOT_INFER,Granada,Cadiz,2,0,H,EVALUATION_ONLY_JOIN_AFTER_PREMATCH_FEATURE_FREEZE,2.25,3.08,3.64,EXTERNAL_HISTORICAL_MARKET_BENCHMARK,NOT_AVAILABLE,NOT_GOLDBET,8926aaf0684198ef39ab1c3caba053ad129767dc98eff81b27cdd7421838a2d2,1411.5338061337222,1453.487082230714,-41.95327609699166,-0.8,-1.6,0.0,12.605507390926732,18,56,False
a31b235e8370e22ffe5735c0,LaLiga,2023/2024,DEVELOPMENT,2024-01-03,18:15,MATCH_KICKOFF_TIME_TIMEZONE_NOT_STATED_BY_SOURCE,,NOT_VERIFIED_DO_NOT_INFER,Celta,Betis,2,1,H,EVALUATION_ONLY_JOIN_AFTER_PREMATCH_FEATURE_FREEZE,2.21,3.3,3.45,EXTERNAL_HISTORICAL_MARKET_BENCHMARK,NOT_AVAILABLE,NOT_GOLDBET,09204306bd14d511128f75f723327cf08c342013a47b184cc2ec55be93ad3846,1435.0454294681113,1544.6000159213659,-109.55458645325461,-0.19999999999999996,-0.2,0.19999999999999996,-69.63034670200796,56,56,False
e04e6b9ea72af18529fcb0d5,LaLiga,2023/2024,DEVELOPMENT,2024-01-03,18:15,MATCH_KICKOFF_TIME_TIMEZONE_NOT_STATED_BY_SOURCE,,NOT_VERIFIED_DO_NOT_INFER,Real Madrid,Mallorca,1,0,H,EVALUATION_ONLY_JOIN_AFTER_PREMATCH_FEATURE_FREEZE,1.23,6.46,13.63,EXTERNAL_HISTORICAL_MARKET_BENCHMARK,NOT_AVAILABLE,NOT_GOLDBET,6fbe42652377448298ec98c60c1a50944033c12aa40a7c05f721d0c539383886,1631.5944800308125,1475.954359549734,155.6401204810786,0.8,1.4,2.2,21.291303256628908,56,56,False
5f6523d8b8fa57ac9e937c67,LaLiga,2023/2024,DEVELOPMENT,2024-01-03,20:30,MATCH_KICKOFF_TIME_TIMEZONE_NOT_STATED_BY_SOURCE,,NOT_VERIFIED_DO_NOT_INFER,Girona,Ath Madrid,4,3,H,EVALUATION_ONLY_JOIN_AFTER_PREMATCH_FEATURE_FREEZE,2.63,3.63,2.58,EXTERNAL_HISTORICAL_MARKET_BENCHMARK,NOT_AVAILABLE,NOT_GOLDBET,7dd50d728d4de3e69605f5886104c6fc6651446849e854b2e5e3dfec03bb241a,1603.0062221518817,1590.2193473715392,12.786874780342487,0.8000000000000003,1.4,1.4000000000000001,25.11409272112064,56,56,False
e8cbe579ece9b139c6423e5a,LaLiga,2023/2024,DEVELOPMENT,2024-01-04,16:00,MATCH_KICKOFF_TIME_TIMEZONE_NOT_STATED_BY_SOURCE,,NOT_VERIFIED_DO_NOT_INFER,Osasuna,Almeria,1,0,H,EVALUATION_ONLY_JOIN_AFTER_PREMATCH_FEATURE_FREEZE,1.72,3.82,5.01,EXTERNAL_HISTORICAL_MARKET_BENCHMARK,NOT_AVAILABLE,NOT_GOLDBET,2a1db114560bf52881b32c442e35e3003b6184564c509dd8a98c9ef3078b013b,1469.497443716055,1386.9517296615186,82.54571405453635,0.6,0.19999999999999996,1.6,-49.14292526177769,56,56,False
1ba797158191fb22fc296234,LaLiga,2023/2024,DEVELOPMENT,2024-01-04,18:15,MATCH_KICKOFF_TIME_TIMEZONE_NOT_STATED_BY_SOURCE,,NOT_VERIFIED_DO_NOT_INFER,Sevilla,Ath Bilbao,0,2,A,EVALUATION_ONLY_JOIN_AFTER_PREMATCH_FEATURE_FREEZE,3.01,3.24,2.46,EXTERNAL_HISTORICAL_MARKET_BENCHMARK,NOT_AVAILABLE,NOT_GOLDBET,90c35bcd2d40346efa9bc25ca146cddef4671cc9607552387090b68edd95c671,1460.2119323993245,1554.1893645716186,-93.97743217229413,-1.4000000000000001,-1.7999999999999998,-0.19999999999999996,-35.39417006014037,56,56,False
6e9693fa9e6a2a33980975a2,LaLiga,2023/2024,DEVELOPMENT,2024-01-04,20:30,MATCH_KICKOFF_TIME_TIMEZONE_NOT_STATED_BY_SOURCE,,NOT_VERIFIED_DO_NOT_INFER,Las Palmas,Barcelona,1,2,A,EVALUATION_ONLY_JOIN_AFTER_PREMATCH_FEATURE_FREEZE,6.25,4.68,1.49,EXTERNAL_HISTORICAL_MARKET_BENCHMARK,NOT_AVAILABLE,NOT_GOLDBET,6bb3f3f387dba77ae1efea1e731441c894181403d14ce96e6f01912920f874e1,1506.8259131734007,1603.4676954583783,-96.64178228497758,-0.20000000000000018,0.2,0.6000000000000001,-9.728363860358513,18,56,False
b867d3975d80ab5fc87f0d26,LaLiga,2023/2024,DEVELOPMENT,2024-01-12,20:00,MATCH_KICKOFF_TIME_TIMEZONE_NOT_STATED_BY_SOURCE,,NOT_VERIFIED_DO_NOT_INFER,Sevilla,Alaves,2,3,A,EVALUATION_ONLY_JOIN_AFTER_PREMATCH_FEATURE_FREEZE,2.02,3.27,4.12,EXTERNAL_HISTORICAL_MARKET_BENCHMARK,NOT_AVAILABLE,NOT_GOLDBET,0dc7f51afc3d96057aa04a6cc000a1f81bfcc9a17efc86c0dcc7dec115dc820c,1451.1867757391399,1457.93197665696,-6.745200917820057,0.19999999999999996,0.19999999999999996,0.19999999999999996,-47.340448208363114,57,19,False
aeb8d4e0aaf02e0582acc80a,LaLiga,2023/2024,DEVELOPMENT,2024-01-13,13:00,MATCH_KICKOFF_TIME_TIMEZONE_NOT_STATED_BY_SOURCE,,NOT_VERIFIED_DO_NOT_INFER,Las Palmas,Villarreal,3,0,H,EVALUATION_ONLY_JOIN_AFTER_PREMATCH_FEATURE_FREEZE,2.63,3.44,2.7,EXTERNAL_HISTORICAL_MARKET_BENCHMARK,NOT_AVAILABLE,NOT_GOLDBET,e057d2386ce3717a95e568093b7b97e80121a4cd97c823e8fa5c80c9d056d670,1497.8766556825503,1475.3819242296045,22.49473145294587,0.5999999999999999,1.5999999999999999,0.5999999999999999,-1.8692406085319817,19,57,False
116496f1512a874494c51bbe,LaLiga,2023/2024,DEVELOPMENT,2024-01-13,15:15,MATCH_KICKOFF_TIME_TIMEZONE_NOT_STATED_BY_SOURCE,,NOT_VERIFIED_DO_NOT_INFER,Mallorca,Celta,1,1,D,EVALUATION_ONLY_JOIN_AFTER_PREMATCH_FEATURE_FREEZE,2.38,2.99,3.48,EXTERNAL_HISTORICAL_MARKET_BENCHMARK,NOT_AVAILABLE,NOT_GOLDBET,dc5ee9217b87da8eb898b83ee15f87d1e1cd40c4763b952e23fbac78683ac6c3,1471.470248484049,1446.4621313757252,25.00811710832386,0.0,0.0,1.4,10.083456248939228,57,57,False
732b4749a23488c6bc77eefc,LaLiga,2023/2024,DEVELOPMENT,2024-01-13,17:30,MATCH_KICKOFF_TIME_TIMEZONE_NOT_STATED_BY_SOURCE,,NOT_VERIFIED_DO_NOT_INFER,Ath Bilbao,Sociedad,2,1,H,EVALUATION_ONLY_JOIN_AFTER_PREMATCH_FEATURE_FREEZE,2.11,3.14,3.99,EXTERNAL_HISTORICAL_MARKET_BENCHMARK,NOT_AVAILABLE,NOT_GOLDBET,4d2d3dd12a1ef7f941a3cd58c8215d4b8cb47048fbbe5bcaae1db53162e0c87e,1563.2145212318032,1561.1985961879404,2.015925043862808,1.2000000000000002,1.2000000000000002,0.8,20.698527005685264,57,57,False
247d958b1786f21f272bb674,LaLiga,2023/2024,DEVELOPMENT,2024-01-13,20:00,MATCH_KICKOFF_TIME_TIMEZONE_NOT_STATED_BY_SOURCE,,NOT_VERIFIED_DO_NOT_INFER,Betis,Granada,1,0,H,EVALUATION_ONLY_JOIN_AFTER_PREMATCH_FEATURE_FREEZE,1.72,3.8,5.09,EXTERNAL_HISTORICAL_MARKET_BENCHMARK,NOT_AVAILABLE,NOT_GOLDBET,94b7a4a9bdd8b65773f8126f93894227a9764f6cb731c6c8b4f134f837c5208d,1533.183314013752,1421.01484630638,112.16846770737197,0.0,0.6000000000000001,2.2,24.447459963777874,57,19,False
792201f16b34f0ebce09972d,LaLiga,2023/2024,DEVELOPMENT,2024-01-14,13:00,MATCH_KICKOFF_TIME_TIMEZONE_NOT_STATED_BY_SOURCE,,NOT_VERIFIED_DO_NOT_INFER,Almeria,Girona,0,0,D,EVALUATION_ONLY_JOIN_AFTER_PREMATCH_FEATURE_FREEZE,3.72,3.77,1.96,EXTERNAL_HISTORICAL_MARKET_BENCHMARK,NOT_AVAILABLE,NOT_GOLDBET,749050f36adf3d9c95a290be91b3720f77ae1ba6f23ef814910a0d31abde8ba3,1380.8388297943402,1610.9413677330003,-230.10253793866013,-2.2,-2.0,-2.0,-4.562796046250469,57,57,False
61c56e22863fa81830cdef71,LaLiga,2023/2024,DEVELOPMENT,2024-01-14,15:15,MATCH_KICKOFF_TIME_TIMEZONE_NOT_STATED_BY_SOURCE,,NOT_VERIFIED_DO_NOT_INFER,Cadiz,Valencia,1,4,A,EVALUATION_ONLY_JOIN_AFTER_PREMATCH_FEATURE_FREEZE,3.05,2.88,2.72,EXTERNAL_HISTORICAL_MARKET_BENCHMARK,NOT_AVAILABLE,NOT_GOLDBET,069f59e42b733f62fa4c43aa06ca521191b41f67a417b91e2d9d8b46224aaa0d,1444.0060420580562,1493.4296200635636,-49.42357800550735,-0.5999999999999999,-0.6000000000000001,-0.20000000000000007,-49.04228009717917,57,57,False
f34538a8433964e6ba1fd44e,LaLiga,2023/2024,DEVELOPMENT,2024-01-19,20:00,MATCH_KICKOFF_TIME_TIMEZONE_NOT_STATED_BY_SOURCE,,NOT_VERIFIED_DO_NOT_INFER,Alaves,Cadiz,1,0,H,EVALUATION_ONLY_JOIN_AFTER_PREMATCH_FEATURE_FREEZE,1.64,3.59,6.51,EXTERNAL_HISTORICAL_MARKET_BENCHMARK,NOT_AVAILABLE,NOT_GOLDBET,d98f02bff1903caeec2441e09b82e234460b395dbdc4685da0bdbbe186427b09,1469.452880569916,1433.7017221591827,35.7511584107333,0.20000000000000007,0.19999999999999996,0.7999999999999999,57.68565012456929,20,58,False
0512319148a5fd4128c5b6ab,LaLiga,2023/2024,DEVELOPMENT,2024-01-20,13:00,MATCH_KICKOFF_TIME_TIMEZONE_NOT_STATED_BY_SOURCE,,NOT_VERIFIED_DO_NOT_INFER,Vallecano,Las Palmas,0,2,A,EVALUATION_ONLY_JOIN_AFTER_PREMATCH_FEATURE_FREEZE,1.74,3.62,5.23,EXTERNAL_HISTORICAL_MARKET_BENCHMARK,NOT_AVAILABLE,NOT_GOLDBET,e451f97c6f0e40f1107b0b2d0546b6f3319e477b281c36743c1f468da3b2dda3,1486.773656670611,1505.5459031685466,-18.772246497935612,-0.5999999999999999,-1.2000000000000002,-0.7999999999999999,-26.777989465676,57,20,False
ecab95c1b6e99e4661439083,LaLiga,2023/2024,DEVELOPMENT,2024-01-20,15:15,MATCH_KICKOFF_TIME_TIMEZONE_NOT_STATED_BY_SOURCE,,NOT_VERIFIED_DO_NOT_INFER,Villarreal,Mallorca,1,1,D,EVALUATION_ONLY_JOIN_AFTER_PREMATCH_FEATURE_FREEZE,2.11,3.39,3.62,EXTERNAL_HISTORICAL_MARKET_BENCHMARK,NOT_AVAILABLE,NOT_GOLDBET,46d74d86c995ba89ee34fef0497cb84da01b7f4619e197afab564644ae1501a2,1467.7126767436082,1469.0712011191254,-1.3585243755171632,-1.0,-2.2,1.2,37.002673229823586,58,58,False
f0e6fdba28fa68a4ca016adc,LaLiga,2023/2024,DEVELOPMENT,2024-01-20,17:30,MATCH_KICKOFF_TIME_TIMEZONE_NOT_STATED_BY_SOURCE,,NOT_VERIFIED_DO_NOT_INFER,Valencia,Ath Bilbao,1,0,H,EVALUATION_ONLY_JOIN_AFTER_PREMATCH_FEATURE_FREEZE,3.47,3.22,2.25,EXTERNAL_HISTORICAL_MARKET_BENCHMARK,NOT_AVAILABLE,NOT_GOLDBET,49c30d4d6b56f2a16a8b537558b6d51b710c6bb03753ce2ef38272823e8876bf,1503.733939962437,1571.4482777303979,-67.71433776796084,-0.6000000000000001,-0.19999999999999996,0.6000000000000001,-11.507420738507335,58,58,False
e29d12185b74acc050201feb,LaLiga,2023/2024,DEVELOPMENT,2024-01-20,20:00,MATCH_KICKOFF_TIME_TIMEZONE_NOT_STATED_BY_SOURCE,,NOT_VERIFIED_DO_NOT_INFER,Celta,Sociedad,0,1,A,EVALUATION_ONLY_JOIN_AFTER_PREMATCH_FEATURE_FREEZE,2.59,2.92,3.2,EXTERNAL_HISTORICAL_MARKET_BENCHMARK,NOT_AVAILABLE,NOT_GOLDBET,6b1dcb620798a2ea40d62b5bba72c1a83ebc1c4450028d1a75d509a8878d9409,1448.861178740649,1552.9648396893458,-104.10366094869687,0.40000000000000013,-0.2,0.0,-15.999829901189969,58,58,False
618613fcf4011d773e34cf4e,LaLiga,2023/2024,DEVELOPMENT,2024-01-21,13:00,MATCH_KICKOFF_TIME_TIMEZONE_NOT_STATED_BY_SOURCE,,NOT_VERIFIED_DO_NOT_INFER,Osasuna,Getafe,3,2,H,EVALUATION_ONLY_JOIN_AFTER_PREMATCH_FEATURE_FREEZE,2.44,2.9,3.5,EXTERNAL_HISTORICAL_MARKET_BENCHMARK,NOT_AVAILABLE,NOT_GOLDBET,262a978a929789c95f40a1ded412d653ff0839a8e3245f0c29c67d90e2a6162f,1475.6103435832333,1500.168361751554,-24.558018168320586,0.20000000000000018,0.2,0.40000000000000013,-29.184908724170555,57,57,False
60ebef8882ac914d80c80a6a,LaLiga,2023/2024,DEVELOPMENT,2024-01-21,15:15,MATCH_KICKOFF_TIME_TIMEZONE_NOT_STATED_BY_SOURCE,,NOT_VERIFIED_DO_NOT_INFER,Real Madrid,Almeria,3,2,H,EVALUATION_ONLY_JOIN_AFTER_PREMATCH_FEATURE_FREEZE,1.12,9.66,21.1,EXTERNAL_HISTORICAL_MARKET_BENCHMARK,NOT_AVAILABLE,NOT_GOLDBET,0a07c21418f47ec2639975c5b3a08b29cfdb9129428c7f4efa8c4f8bc9a0ca73,1636.0785910964973,1385.3777748096893,250.70081628680805,2.2,2.0,2.6,-70.26113417240117,57,58,False
bce1535cfdc1ca114771ead3,LaLiga,2023/2024,DEVELOPMENT,2024-01-21,17:30,MATCH_KICKOFF_TIME_TIMEZONE_NOT_STATED_BY_SOURCE,,NOT_VERIFIED_DO_NOT_INFER,Betis,Barcelona,2,4,A,EVALUATION_ONLY_JOIN_AFTER_PREMATCH_FEATURE_FREEZE,3.94,4,1.85,EXTERNAL_HISTORICAL_MARKET_BENCHMARK,NOT_AVAILABLE,NOT_GOLDBET,585757e92748c19f2504f3567d0615e212f2b87e6246930149691a7c0e2dbf76,1538.5972848163578,1612.4169529492287,-73.8196681328709,-0.8,-0.2,0.40000000000000013,18.354402436283635,58,57,False
d1dca6f2450e280a146cf4f5,LaLiga,2023/2024,DEVELOPMENT,2024-01-21,20:00,MATCH_KICKOFF_TIME_TIMEZONE_NOT_STATED_BY_SOURCE,,NOT_VERIFIED_DO_NOT_INFER,Girona,Sevilla,5,1,H,EVALUATION_ONLY_JOIN_AFTER_PREMATCH_FEATURE_FREEZE,1.78,4,4.31,EXTERNAL_HISTORICAL_MARKET_BENCHMARK,NOT_AVAILABLE,NOT_GOLDBET,1dedcbdebb00a56c3768a1d58302feca1f9ed6b155123fbec35b03958b280775,1606.4024227176512,1439.6658718261838,166.73655089146746,1.6,2.0,1.8,15.56444408078005,58,58,False
fa2ddbab522f8ae4d0a24b68,LaLiga,2023/2024,DEVELOPMENT,2024-01-22,20:00,MATCH_KICKOFF_TIME_TIMEZONE_NOT_STATED_BY_SOURCE,,NOT_VERIFIED_DO_NOT_INFER,Granada,Ath Madrid,0,1,A,EVALUATION_ONLY_JOIN_AFTER_PREMATCH_FEATURE_FREEZE,5.07,4.09,1.66,EXTERNAL_HISTORICAL_MARKET_BENCHMARK,NOT_AVAILABLE,NOT_GOLDBET,e6ed7ad5b31d06b61a35abb28b306f0b8d0420e748ed1d8c00321e82bb2dd397,1415.600875503774,1582.2842017904206,-166.68332628664666,-0.5999999999999999,-0.39999999999999997,0.4,-18.839163396631875,20,57,False
c67618736b7808135690a281,LaLiga,2023/2024,DEVELOPMENT,2024-01-26,20:00,MATCH_KICKOFF_TIME_TIMEZONE_NOT_STATED_BY_SOURCE,,NOT_VERIFIED_DO_NOT_INFER,Almeria,Alaves,0,3,A,EVALUATION_ONLY_JOIN_AFTER_PREMATCH_FEATURE_FREEZE,2.78,3.09,2.74,EXTERNAL_HISTORICAL_MARKET_BENCHMARK,NOT_AVAILABLE,NOT_GOLDBET,2ad800c55597a5eddc8754b0662bc863439bffcd8053d6bc28d33af765d20a0c,1382.512732749435,1476.764657243082,-94.25192449364704,-0.9999999999999999,-0.19999999999999996,-0.4,22.23771661508522,59,21,False
45bc4f404281c8701b5b358a,LaLiga,2023/2024,DEVELOPMENT,2024-01-27,13:00,MATCH_KICKOFF_TIME_TIMEZONE_NOT_STATED_BY_SOURCE,,NOT_VERIFIED_DO_NOT_INFER,Sociedad,Vallecano,0,0,D,EVALUATION_ONLY_JOIN_AFTER_PREMATCH_FEATURE_FREEZE,1.8,3.28,5.48,EXTERNAL_HISTORICAL_MARKET_BENCHMARK,NOT_AVAILABLE,NOT_GOLDBET,12a273815d1f733a9cee41c1bb096daa0d348aa18455cd8a846be6faa78ffda3,1561.7022089804764,1475.5925649564035,86.10964402407285,0.3999999999999999,0.4,0.20000000000000018,13.627118735760405,59,58,False
8980012a9348c557d4e0ba0a,LaLiga,2023/2024,DEVELOPMENT,2024-01-27,15:15,MATCH_KICKOFF_TIME_TIMEZONE_NOT_STATED_BY_SOURCE,,NOT_VERIFIED_DO_NOT_INFER,Las Palmas,Real Madrid,1,2,A,EVALUATION_ONLY_JOIN_AFTER_PREMATCH_FEATURE_FREEZE,6.82,4.78,1.46,EXTERNAL_HISTORICAL_MARKET_BENCHMARK,NOT_AVAILABLE,NOT_GOLDBET,63012ec15f7bc4b006db885ff18712a0ae58fcca0f0d1ba6fd06fe31ded42c77,1516.726994882754,1638.9436331567517,-122.21663827399766,-1.2000000000000002,-0.6,-0.20000000000000018,43.24983907901151,21,58,False
473641713a346c4253f94d7f,LaLiga,2023/2024,DEVELOPMENT,2024-01-27,17:30,MATCH_KICKOFF_TIME_TIMEZONE_NOT_STATED_BY_SOURCE,,NOT_VERIFIED_DO_NOT_INFER,Barcelona,Villarreal,3,5,A,EVALUATION_ONLY_JOIN_AFTER_PREMATCH_FEATURE_FREEZE,1.39,5.6,6.97,EXTERNAL_HISTORICAL_MARKET_BENCHMARK,NOT_AVAILABLE,NOT_GOLDBET,93f82cc492520381f9462e0d91783f7095f0de68ea0ed918e61b667fb5fc33ac,1622.0194005662133,1466.040686517016,155.97871404919738,1.2,1.7999999999999998,1.6,-4.349019220998571,58,59,False
39ccb0346d23240add096f69,LaLiga,2023/2024,DEVELOPMENT,2024-01-27,20:00,MATCH_KICKOFF_TIME_TIMEZONE_NOT_STATED_BY_SOURCE,,NOT_VERIFIED_DO_NOT_INFER,Mallorca,Betis,0,1,A,EVALUATION_ONLY_JOIN_AFTER_PREMATCH_FEATURE_FREEZE,2.23,3.14,3.6,EXTERNAL_HISTORICAL_MARKET_BENCHMARK,NOT_AVAILABLE,NOT_GOLDBET,0ec2e73c1de5ab442c33c5ccbd142b238d6f7d9e1d3d6c1764c87f55cb1f3314,1470.7431913457176,1528.9948371993733,-58.251645853655646,0.19999999999999996,0.4,1.0,-45.49780109546555,59,59,False
bab549ef3b182d51132b1716,LaLiga,2023/2024,DEVELOPMENT,2024-01-28,13:00,MATCH_KICKOFF_TIME_TIMEZONE_NOT_STATED_BY_SOURCE,,NOT_VERIFIED_DO_NOT_INFER,Celta,Girona,0,1,A,EVALUATION_ONLY_JOIN_AFTER_PREMATCH_FEATURE_FREEZE,2.74,3.51,2.54,EXTERNAL_HISTORICAL_MARKET_BENCHMARK,NOT_AVAILABLE,NOT_GOLDBET,4c808522914995e0d427cae43463e2db4361457b91f2512952057b95c6c6f0cb,1440.1238094495184,1610.6682443475393,-170.54443489802088,-0.8000000000000003,-1.6,-0.6000000000000001,11.010143954036494,59,59,False
05b0bb3c2c3f589b5d3d7e4b,LaLiga,2023/2024,DEVELOPMENT,2024-01-28,15:15,MATCH_KICKOFF_TIME_TIMEZONE_NOT_STATED_BY_SOURCE,,NOT_VERIFIED_DO_NOT_INFER,Cadiz,Ath Bilbao,0,0,D,EVALUATION_ONLY_JOIN_AFTER_PREMATCH_FEATURE_FREEZE,4.79,3.37,1.86,EXTERNAL_HISTORICAL_MARKET_BENCHMARK,NOT_AVAILABLE,NOT_GOLDBET,7a6df042454147f781689a519dc855b06edb0a357728ca207f0596097b4f70f7,1426.3899454860168,1561.2262777220149,-134.83633223599804,-2.0,-2.2,-1.0,-35.72790961737587,59,59,False
a3114f70d0e040f1f594e111,LaLiga,2023/2024,DEVELOPMENT,2024-01-28,17:30,MATCH_KICKOFF_TIME_TIMEZONE_NOT_STATED_BY_SOURCE,,NOT_VERIFIED_DO_NOT_INFER,Sevilla,Osasuna,1,1,D,EVALUATION_ONLY_JOIN_AFTER_PREMATCH_FEATURE_FREEZE,2.11,3.21,3.86,EXTERNAL_HISTORICAL_MARKET_BENCHMARK,NOT_AVAILABLE,NOT_GOLDBET,831008bc21d968afa731b6b1f4189f9c1c6c5f8fbdd68d258833da8a177ce129,1435.4000501962958,1484.5937651024446,-49.1937149061489,-1.4,-1.4,0.2,65.3417824988901,59,58,False
3228147a7892ff858c0b6b94,LaLiga,2023/2024,DEVELOPMENT,2024-01-28,20:00,MATCH_KICKOFF_TIME_TIMEZONE_NOT_STATED_BY_SOURCE,,NOT_VERIFIED_DO_NOT_INFER,Ath Madrid,Valencia,2,0,H,EVALUATION_ONLY_JOIN_AFTER_PREMATCH_FEATURE_FREEZE,1.57,4.07,6.24,EXTERNAL_HISTORICAL_MARKET_BENCHMARK,NOT_AVAILABLE,NOT_GOLDBET,592a7bc69e5e2b1479d19268b7381bc00d7ce0c9669e29eb41cc04148529f8a3,1589.3066070872853,1513.95593997082,75.35066711646527,-1.2000000000000002,-1.5999999999999999,1.4000000000000001,-11.442202325855078,58,59,False
6ad8ba9536ed8d07d53a9c52,LaLiga,2023/2024,DEVELOPMENT,2024-01-29,20:00,MATCH_KICKOFF_TIME_TIMEZONE_NOT_STATED_BY_SOURCE,,NOT_VERIFIED_DO_NOT_INFER,Getafe,Granada,2,0,H,EVALUATION_ONLY_JOIN_AFTER_PREMATCH_FEATURE_FREEZE,1.85,3.45,4.74,EXTERNAL_HISTORICAL_MARKET_BENCHMARK,NOT_AVAILABLE,NOT_GOLDBET,2909ee2a912bd752bc3749bb3a080b4333197d5de3f78d8fc360ba7c6ed7ec7b,1491.1849402323426,1408.5784702069093,82.60647002543328,0.7999999999999999,1.0,2.0,5.015592475490621,58,21,False
dee30dd3e60dd67ecdb2aa8d,LaLiga,2023/2024,DEVELOPMENT,2024-01-31,18:00,MATCH_KICKOFF_TIME_TIMEZONE_NOT_STATED_BY_SOURCE,,NOT_VERIFIED_DO_NOT_INFER,Barcelona,Osasuna,1,0,H,EVALUATION_ONLY_JOIN_AFTER_PREMATCH_FEATURE_FREEZE,1.34,5.38,8.7,EXTERNAL_HISTORICAL_MARKET_BENCHMARK,NOT_AVAILABLE,NOT_GOLDBET,07aa2f5c0e41c9d90896cd7156192c5f2f595d5360cdd04d2027fc8b5b8d5a89,1606.4967348439145,1484.9046947319903,121.59204011192423,0.0,0.0,1.4,17.607097261004355,59,59,False
71fa31b26bd78f022a94d562,LaLiga,2023/2024,DEVELOPMENT,2024-01-31,20:00,MATCH_KICKOFF_TIME_TIMEZONE_NOT_STATED_BY_SOURCE,,NOT_VERIFIED_DO_NOT_INFER,Ath Madrid,Vallecano,2,1,H,EVALUATION_ONLY_JOIN_AFTER_PREMATCH_FEATURE_FREEZE,1.61,3.88,6.02,EXTERNAL_HISTORICAL_MARKET_BENCHMARK,NOT_AVAILABLE,NOT_GOLDBET,c2ed6e3c43e8b46179cdc3abd8d2bbaf04ebffbadb3c64a93c97ebeeaa39939e,1595.5967077758482,1479.5663952825882,116.03031249326,1.2,1.0,1.6,-3.043498970274868,59,59,False
63aef769a978774e617d1a31,LaLiga,2023/2024,DEVELOPMENT,2024-02-01,20:00,MATCH_KICKOFF_TIME_TIMEZONE_NOT_STATED_BY_SOURCE,,NOT_VERIFIED_DO_NOT_INFER,Getafe,Real Madrid,0,2,A,EVALUATION_ONLY_JOIN_AFTER_PREMATCH_FEATURE_FREEZE,6.09,3.98,1.59,EXTERNAL_HISTORICAL_MARKET_BENCHMARK,NOT_AVAILABLE,NOT_GOLDBET,b5cd95b6df2df289359bcc3bbda011b2fd1c08dd88e310fee3fb9f85c410bd8f,1497.2963557232883,1647.1717934557814,-149.87543773249308,-1.6,-0.9999999999999999,-0.20000000000000018,18.56594991171778,59,59,False
5cf99b37bc428f0598b4d0b5,LaLiga,2023/2024,DEVELOPMENT,2024-02-02,20:00,MATCH_KICKOFF_TIME_TIMEZONE_NOT_STATED_BY_SOURCE,,NOT_VERIFIED_DO_NOT_INFER,Ath Bilbao,Mallorca,4,0,H,EVALUATION_ONLY_JOIN_AFTER_PREMATCH_FEATURE_FREEZE,1.52,3.92,7.7,EXTERNAL_HISTORICAL_MARKET_BENCHMARK,NOT_AVAILABLE,NOT_GOLDBET,c9c317fd9acde03fb1bba3a3c6a8772e66ce1e414fb91c6826c447bf4a1059da,1559.1050195626572,1460.6928700930407,98.41214946961645,1.0,0.8,2.6,-17.419100054308046,60,60,False
62abb930850a9d86ba825117,LaLiga,2023/2024,DEVELOPMENT,2024-02-03,13:00,MATCH_KICKOFF_TIME_TIMEZONE_NOT_STATED_BY_SOURCE,,NOT_VERIFIED_DO_NOT_INFER,Valencia,Almeria,2,1,H,EVALUATION_ONLY_JOIN_AFTER_PREMATCH_FEATURE_FREEZE,1.71,3.81,5.14,EXTERNAL_HISTORICAL_MARKET_BENCHMARK,NOT_AVAILABLE,NOT_GOLDBET,46ad4174eae61caad3d0534d233dec9f955336eb250881b316c1c805df1a9055,1507.6658392822571,1373.4954009288379,134.17043835341929,2.1999999999999997,2.2,2.2,-43.758570408620244,60,60,False
87d99d855dc184ba9d68bc2b,LaLiga,2023/2024,DEVELOPMENT,2024-02-03,15:15,MATCH_KICKOFF_TIME_TIMEZONE_NOT_STATED_BY_SOURCE,,NOT_VERIFIED_DO_NOT_INFER,Granada,Las Palmas,1,1,D,EVALUATION_ONLY_JOIN_AFTER_PREMATCH_FEATURE_FREEZE,2.17,3.3,3.61,EXTERNAL_HISTORICAL_MARKET_BENCHMARK,NOT_AVAILABLE,NOT_GOLDBET,495fd906cc678034d93ee64f675c32eab132b593d87af6b9a9ed4148003dccd1,1402.4670547159635,1508.4988345837244,-106.03177986776086,-0.6,-1.4,-0.3999999999999999,-47.3107266816146,22,22,False
933710b20230e3dbc60b4513,LaLiga,2023/2024,DEVELOPMENT,2024-02-03,17:30,MATCH_KICKOFF_TIME_TIMEZONE_NOT_STATED_BY_SOURCE,,NOT_VERIFIED_DO_NOT_INFER,Alaves,Barcelona,1,3,A,EVALUATION_ONLY_JOIN_AFTER_PREMATCH_FEATURE_FREEZE,4.11,3.62,1.91,EXTERNAL_HISTORICAL_MARKET_BENCHMARK,NOT_AVAILABLE,NOT_GOLDBET,376ea2ca81ca97c96d2d2ff1d024d9b600b534ebb2d6fa68426f6e32a90bea45,1485.781989063679,1611.69920080504,-125.91721174136092,-0.3999999999999999,0.20000000000000007,-0.40000000000000013,14.17560001396896,22,60,False
1cdead0beffce66f2895497e,LaLiga,2023/2024,DEVELOPMENT,2024-02-03,20:00,MATCH_KICKOFF_TIME_TIMEZONE_NOT_STATED_BY_SOURCE,,NOT_VERIFIED_DO_NOT_INFER,Girona,Sociedad,0,0,D,EVALUATION_ONLY_JOIN_AFTER_PREMATCH_FEATURE_FREEZE,2.03,3.48,3.81,EXTERNAL_HISTORICAL_MARKET_BENCHMARK,NOT_AVAILABLE,NOT_GOLDBET,88a92bc9dfbfe867860e21be223c96355c4da78c1aa03234825e76ae33e8bdfa,1617.589709186855,1557.7283786542916,59.86133053256344,1.0000000000000002,1.2,1.0,0.5169638381532877,60,60,False
be4d99fec9b52ed6b198903a,LaLiga,2023/2024,DEVELOPMENT,2024-02-04,13:00,MATCH_KICKOFF_TIME_TIMEZONE_NOT_STATED_BY_SOURCE,,NOT_VERIFIED_DO_NOT_INFER,Villarreal,Cadiz,0,0,D,EVALUATION_ONLY_JOIN_AFTER_PREMATCH_FEATURE_FREEZE,1.62,4.09,5.56,EXTERNAL_HISTORICAL_MARKET_BENCHMARK,NOT_AVAILABLE,NOT_GOLDBET,29b7f25ac801b4d63babf1bb325a750f5f93a9b5539801e3c91e0e3362409599,1481.5633522393148,1428.5112036453745,53.052148593940274,0.9999999999999999,0.7999999999999999,0.7999999999999999,2.7082595109980048,60,60,False
1f597518737367a51d97ca87,LaLiga,2023/2024,DEVELOPMENT,2024-02-04,15:15,MATCH_KICKOFF_TIME_TIMEZONE_NOT_STATED_BY_SOURCE,,NOT_VERIFIED_DO_NOT_INFER,Osasuna,Celta,0,3,A,EVALUATION_ONLY_JOIN_AFTER_PREMATCH_FEATURE_FREEZE,2.19,3.09,3.82,EXTERNAL_HISTORICAL_MARKET_BENCHMARK,NOT_AVAILABLE,NOT_GOLDBET,7067dc95d5cc574b854efae4a7084292d6934371dba48988f352f23a4ead1132,1479.7022287708648,1433.2023446102025,46.499884160662305,0.5999999999999999,0.4,1.6,-51.91789389951691,60,60,False
87afbb485e8c4bbe0a94d775,LaLiga,2023/2024,DEVELOPMENT,2024-02-04,17:30,MATCH_KICKOFF_TIME_TIMEZONE_NOT_STATED_BY_SOURCE,,NOT_VERIFIED_DO_NOT_INFER,Betis,Getafe,1,1,D,EVALUATION_ONLY_JOIN_AFTER_PREMATCH_FEATURE_FREEZE,2.01,3.28,4.21,EXTERNAL_HISTORICAL_MARKET_BENCHMARK,NOT_AVAILABLE,NOT_GOLDBET,7d760b4ad84ffab63044c91c8d0d864daa96584ab142289b4ee41a105e9c0ab8,1539.0451584520501,1489.8269820690134,49.218176383036734,0.5999999999999999,0.39999999999999997,0.6000000000000001,-10.394026620433806,60,60,False
bd781078b1cee68a03177e5c,LaLiga,2023/2024,DEVELOPMENT,2024-02-04,20:00,MATCH_KICKOFF_TIME_TIMEZONE_NOT_STATED_BY_SOURCE,,NOT_VERIFIED_DO_NOT_INFER,Real Madrid,Ath Madrid,1,1,D,EVALUATION_ONLY_JOIN_AFTER_PREMATCH_FEATURE_FREEZE,1.69,4.19,4.69,EXTERNAL_HISTORICAL_MARKET_BENCHMARK,NOT_AVAILABLE,NOT_GOLDBET,c1f5e6618e1f7075650fcbf4f012774f2394788e6bea7fe08afa3eae2a494131,1654.6411671100564,1600.923351784385,53.71781532567138,0.6000000000000001,0.3999999999999999,2.4,-28.360813411475874,60,60,False
9389eaa8ff2d1cbe232e0463,LaLiga,2023/2024,DEVELOPMENT,2024-02-05,20:00,MATCH_KICKOFF_TIME_TIMEZONE_NOT_STATED_BY_SOURCE,,NOT_VERIFIED_DO_NOT_INFER,Vallecano,Sevilla,1,2,A,EVALUATION_ONLY_JOIN_AFTER_PREMATCH_FEATURE_FREEZE,2.14,3.29,3.72,EXTERNAL_HISTORICAL_MARKET_BENCHMARK,NOT_AVAILABLE,NOT_GOLDBET,b08d5705208e8aaf1ca7a833c7febbd755b65190c21114cc44df111b47513674,1474.2397512740515,1435.0891205667501,39.15063070730139,0.6000000000000001,1.2000000000000002,-0.19999999999999996,-7.837661768076487,60,60,False
7d2ce4c72cb74ac7216ef697,LaLiga,2023/2024,DEVELOPMENT,2024-02-09,20:00,MATCH_KICKOFF_TIME_TIMEZONE_NOT_STATED_BY_SOURCE,,NOT_VERIFIED_DO_NOT_INFER,Cadiz,Betis,0,2,A,EVALUATION_ONLY_JOIN_AFTER_PREMATCH_FEATURE_FREEZE,3.05,2.98,2.61,EXTERNAL_HISTORICAL_MARKET_BENCHMARK,NOT_AVAILABLE,NOT_GOLDBET,7dfc6dd1ecb0e7a081d42d9d31a071410e58bbbffa58f9c077a22b5452da5629,1431.654930056286,1536.0012187874943,-104.34628873120823,-0.9999999999999999,-1.0,-0.6,-2.3682930819841204,61,61,False
7487b652b87c000adf077844,LaLiga,2023/2024,DEVELOPMENT,2024-02-10,13:00,MATCH_KICKOFF_TIME_TIMEZONE_NOT_STATED_BY_SOURCE,,NOT_VERIFIED_DO_NOT_INFER,Alaves,Villarreal,1,1,D,EVALUATION_ONLY_JOIN_AFTER_PREMATCH_FEATURE_FREEZE,2.21,3.42,3.35,EXTERNAL_HISTORICAL_MARKET_BENCHMARK,NOT_AVAILABLE,NOT_GOLDBET,91387255bcf3f57ecdff7726da80e57beed12d3be47a795884add80e4d37abdb,1477.6567977880668,1478.4196258284032,-0.7628280403364442,1.0,1.2,0.3999999999999999,-11.553992990502593,23,61,False
f41528796c4931452bef7737,LaLiga,2023/2024,DEVELOPMENT,2024-02-10,15:15,MATCH_KICKOFF_TIME_TIMEZONE_NOT_STATED_BY_SOURCE,,NOT_VERIFIED_DO_NOT_INFER,Sociedad,Osasuna,0,1,A,EVALUATION_ONLY_JOIN_AFTER_PREMATCH_FEATURE_FREEZE,1.76,3.31,5.66,EXTERNAL_HISTORICAL_MARKET_BENCHMARK,NOT_AVAILABLE,NOT_GOLDBET,85944fe0bfa8cf98a2ce0c0704e9f4f034143218cfb29d7051b54f3bd39b20a4,1561.047616115534,1466.7294465940372,94.31816952149688,-0.19999999999999996,0.4,0.7999999999999999,39.27565379348516,61,61,False
7af978f60319bbaf4ece0253,LaLiga,2023/2024,DEVELOPMENT,2024-02-10,17:30,MATCH_KICKOFF_TIME_TIMEZONE_NOT_STATED_BY_SOURCE,,NOT_VERIFIED_DO_NOT_INFER,Real Madrid,Girona,4,0,H,EVALUATION_ONLY_JOIN_AFTER_PREMATCH_FEATURE_FREEZE,1.42,5.3,6.39,EXTERNAL_HISTORICAL_MARKET_BENCHMARK,NOT_AVAILABLE,NOT_GOLDBET,16e3333207288ef6496f3d9f412170414538b5a0570d7d8c234cdc5395003e77,1651.4801852142675,1614.2704717256127,37.20971348865487,0.3999999999999999,-0.19999999999999996,0.3999999999999999,13.540519930795426,61,61,False
2623f7e3e2f57c50cda63963,LaLiga,2023/2024,DEVELOPMENT,2024-02-10,20:00,MATCH_KICKOFF_TIME_TIMEZONE_NOT_STATED_BY_SOURCE,,NOT_VERIFIED_DO_NOT_INFER,Las Palmas,Valencia,2,0,H,EVALUATION_ONLY_JOIN_AFTER_PREMATCH_FEATURE_FREEZE,2.58,2.98,3.13,EXTERNAL_HISTORICAL_MARKET_BENCHMARK,NOT_AVAILABLE,NOT_GOLDBET,0a7957471c9a7fad7f11037988fd365818f3f1a4d565c0127035fa6dfafcd344,1507.1816316836178,1512.5944728718832,-5.412841188265475,-1.0,-0.4,0.19999999999999996,29.02981689106241,23,61,False
e56f9d3bdc1dcedfe8f7b778,LaLiga,2023/2024,DEVELOPMENT,2024-02-11,13:00,MATCH_KICKOFF_TIME_TIMEZONE_NOT_STATED_BY_SOURCE,,NOT_VERIFIED_DO_NOT_INFER,Getafe,Celta,3,2,H,EVALUATION_ONLY_JOIN_AFTER_PREMATCH_FEATURE_FREEZE,2.18,3.08,3.81,EXTERNAL_HISTORICAL_MARKET_BENCHMARK,NOT_AVAILABLE,NOT_GOLDBET,d99e7f7f2fac3871a00606d57779ffd57eb0d4be39bebcd98cc0832f829b5a06,1492.8709217335693,1446.1751267870302,46.69579494653908,-0.5999999999999999,-1.0,0.6000000000000001,-22.99986891779031,61,61,False
83bcdb34768d71d38df8400d,LaLiga,2023/2024,DEVELOPMENT,2024-02-11,15:15,MATCH_KICKOFF_TIME_TIMEZONE_NOT_STATED_BY_SOURCE,,NOT_VERIFIED_DO_NOT_INFER,Mallorca,Vallecano,2,1,H,EVALUATION_ONLY_JOIN_AFTER_PREMATCH_FEATURE_FREEZE,2.49,2.8,3.5,EXTERNAL_HISTORICAL_MARKET_BENCHMARK,NOT_AVAILABLE,NOT_GOLDBET,022e0085f9ef8785d67ed8dea6abe4e572db6dff4be57c1e05e4d3a40eaa2bc2,1454.9606201461506,1461.460995074811,-6.500374928660449,-0.4,-0.7999999999999999,0.8,4.598730584925761,61,61,False
ce5330a1a1f3d431657b3bc6,LaLiga,2023/2024,DEVELOPMENT,2024-02-11,17:30,MATCH_KICKOFF_TIME_TIMEZONE_NOT_STATED_BY_SOURCE,,NOT_VERIFIED_DO_NOT_INFER,Sevilla,Ath Madrid,1,0,H,EVALUATION_ONLY_JOIN_AFTER_PREMATCH_FEATURE_FREEZE,3.65,3.58,2.04,EXTERNAL_HISTORICAL_MARKET_BENCHMARK,NOT_AVAILABLE,NOT_GOLDBET,0c482d20be7f340b0f9b090bc668498657105d1a7a67511971c09fce63c52bf7,1447.8678767659906,1604.0843336801738,-156.21645691418325,-1.2,-1.7999999999999998,-0.4,-17.8826639392787,61,61,False
87fc57f3ad52163c8abf017d,LaLiga,2023/2024,DEVELOPMENT,2024-02-11,20:00,MATCH_KICKOFF_TIME_TIMEZONE_NOT_STATED_BY_SOURCE,,NOT_VERIFIED_DO_NOT_INFER,Barcelona,Granada,3,3,D,EVALUATION_ONLY_JOIN_AFTER_PREMATCH_FEATURE_FREEZE,1.18,7.74,14.19,EXTERNAL_HISTORICAL_MARKET_BENCHMARK,NOT_AVAILABLE,NOT_GOLDBET,1cbfcb4735b333fd71053d6232a9580368a08081fdfa058dd70118d765a01488,1619.8243920806522,1403.7842576160701,216.04013446458202,1.5999999999999999,1.2000000000000002,1.8,-17.297560909701815,61,23,False
d241fd08a729e2ff165a8eeb,LaLiga,2023/2024,DEVELOPMENT,2024-02-12,20:00,MATCH_KICKOFF_TIME_TIMEZONE_NOT_STATED_BY_SOURCE,,NOT_VERIFIED_DO_NOT_INFER,Almeria,Ath Bilbao,0,0,D,EVALUATION_ONLY_JOIN_AFTER_PREMATCH_FEATURE_FREEZE,4.6,3.62,1.82,EXTERNAL_HISTORICAL_MARKET_BENCHMARK,NOT_AVAILABLE,NOT_GOLDBET,a138f63f2289d01d13213f4552a4b19a25c36443cfce2c5a83873998f721ec82,1368.5667673392118,1564.8372695095472,-196.27050217033548,-1.8,-2.4,-0.6,57.7441229884264,61,61,False
735d14e11f7a1a8786483536,LaLiga,2023/2024,DEVELOPMENT,2024-02-16,20:00,MATCH_KICKOFF_TIME_TIMEZONE_NOT_STATED_BY_SOURCE,,NOT_VERIFIED_DO_NOT_INFER,Villarreal,Getafe,1,1,D,EVALUATION_ONLY_JOIN_AFTER_PREMATCH_FEATURE_FREEZE,2.05,3.55,3.63,EXTERNAL_HISTORICAL_MARKET_BENCHMARK,NOT_AVAILABLE,NOT_GOLDBET,4e57c1d50d724d5ff2f1095f9a3ccff91a2bd051c551ce5cfea296681861502f,1480.108277469309,1499.8929999753252,-19.784722506016124,-0.19999999999999996,-0.2,0.6000000000000001,-4.2891267367347155,62,62,False
330548ef18a00b34ea05e14d,LaLiga,2023/2024,DEVELOPMENT,2024-02-17,13:00,MATCH_KICKOFF_TIME_TIMEZONE_NOT_STATED_BY_SOURCE,,NOT_VERIFIED_DO_NOT_INFER,Ath Madrid,Las Palmas,5,0,H,EVALUATION_ONLY_JOIN_AFTER_PREMATCH_FEATURE_FREEZE,1.46,4.43,7.36,EXTERNAL_HISTORICAL_MARKET_BENCHMARK,NOT_AVAILABLE,NOT_GOLDBET,e3044850891705d843c82bafb0a3781093e2f1df543d68f7ff030e8852045060,1591.3836902701457,1515.6232884501553,75.76040181999042,0.0,-0.6,1.2000000000000002,-0.905697402316946,62,24,False
51c8c9f109e7e755857ef6cb,LaLiga,2023/2024,DEVELOPMENT,2024-02-17,15:15,MATCH_KICKOFF_TIME_TIMEZONE_NOT_STATED_BY_SOURCE,,NOT_VERIFIED_DO_NOT_INFER,Osasuna,Cadiz,2,0,H,EVALUATION_ONLY_JOIN_AFTER_PREMATCH_FEATURE_FREEZE,1.8,3.34,5.24,EXTERNAL_HISTORICAL_MARKET_BENCHMARK,NOT_AVAILABLE,NOT_GOLDBET,243598c5529ae7835f533186c0ceaa0630b3e8f6fb2e4d216760c0417f1ae8f8,1480.9003418036907,1422.92443221537,57.97590958832075,0.9999999999999999,0.7999999999999999,1.4,-1.0716483729604533,62,62,False
bf1244d9fd633a3f91e6c151,LaLiga,2023/2024,DEVELOPMENT,2024-02-17,17:30,MATCH_KICKOFF_TIME_TIMEZONE_NOT_STATED_BY_SOURCE,,NOT_VERIFIED_DO_NOT_INFER,Celta,Barcelona,1,2,A,EVALUATION_ONLY_JOIN_AFTER_PREMATCH_FEATURE_FREEZE,3.77,3.78,1.95,EXTERNAL_HISTORICAL_MARKET_BENCHMARK,NOT_AVAILABLE,NOT_GOLDBET,2a8b30597d19b0291ca67ea840c3a10607684e500e2e60165f6c57e994fcc9b9,1439.1530485452743,1613.2148432871313,-174.06179474185706,-1.2,-0.6,-0.8000000000000003,45.713514056051054,62,62,False
a08091ddb12b11a32886456a,LaLiga,2023/2024,DEVELOPMENT,2024-02-17,20:00,MATCH_KICKOFF_TIME_TIMEZONE_NOT_STATED_BY_SOURCE,,NOT_VERIFIED_DO_NOT_INFER,Valencia,Sevilla,0,0,D,EVALUATION_ONLY_JOIN_AFTER_PREMATCH_FEATURE_FREEZE,2.28,3.16,3.47,EXTERNAL_HISTORICAL_MARKET_BENCHMARK,NOT_AVAILABLE,NOT_GOLDBET,df3b2d91ff6c5cdd5c99e9c98318c87e38d53bf55ae3307412ad2bd0576277e0,1504.1528161053457,1460.5685201760186,43.58429592932703,0.40000000000000013,0.8,1.0000000000000002,-28.362857988617407,62,62,False
9ec1e89134b1e01a893eff6c,LaLiga,2023/2024,DEVELOPMENT,2024-02-18,13:00,MATCH_KICKOFF_TIME_TIMEZONE_NOT_STATED_BY_SOURCE,,NOT_VERIFIED_DO_NOT_INFER,Vallecano,Real Madrid,1,1,D,EVALUATION_ONLY_JOIN_AFTER_PREMATCH_FEATURE_FREEZE,5.15,3.97,1.67,EXTERNAL_HISTORICAL_MARKET_BENCHMARK,NOT_AVAILABLE,NOT_GOLDBET,ecd4eb087d834a656067787a663e76074d0fdf3501675edbdb44879fd6f831e9,1452.9887819076898,1658.7530591752434,-205.76427726755355,-2.4,-2.6,-2.2,-12.340077657591564,62,62,False
8435475bf700fe3901361e44,LaLiga,2023/2024,DEVELOPMENT,2024-02-18,15:15,MATCH_KICKOFF_TIME_TIMEZONE_NOT_STATED_BY_SOURCE,,NOT_VERIFIED_DO_NOT_INFER,Granada,Almeria,1,1,D,EVALUATION_ONLY_JOIN_AFTER_PREMATCH_FEATURE_FREEZE,2.22,3.37,3.37,EXTERNAL_HISTORICAL_MARKET_BENCHMARK,NOT_AVAILABLE,NOT_GOLDBET,2dff5622feaf51f74d6aa02d758b2f5ae61d3f6f77bb9e331485766376eee4cd,1410.393806409591,1372.299475330751,38.094331078840014,0.0,0.19999999999999996,1.0,-12.262408432698521,24,62,False
e2a816415d9c231b65a13cb3,LaLiga,2023/2024,DEVELOPMENT,2024-02-18,17:30,MATCH_KICKOFF_TIME_TIMEZONE_NOT_STATED_BY_SOURCE,,NOT_VERIFIED_DO_NOT_INFER,Mallorca,Sociedad,1,2,A,EVALUATION_ONLY_JOIN_AFTER_PREMATCH_FEATURE_FREEZE,3.77,2.78,2.39,EXTERNAL_HISTORICAL_MARKET_BENCHMARK,NOT_AVAILABLE,NOT_GOLDBET,4a23f6ef32084bf36f757bb8bc296981e1ccc3a7fc23fff981504ce9a3daf879,1463.4328333132719,1546.8767209058806,-83.44388759260869,0.0,-0.6000000000000001,0.3999999999999999,-21.650352150714525,62,62,False
f6c2280af006ad028bd7eb96,LaLiga,2023/2024,DEVELOPMENT,2024-02-18,20:00,MATCH_KICKOFF_TIME_TIMEZONE_NOT_STATED_BY_SOURCE,,NOT_VERIFIED_DO_NOT_INFER,Betis,Alaves,0,0,D,EVALUATION_ONLY_JOIN_AFTER_PREMATCH_FEATURE_FREEZE,2.35,3.14,3.34,EXTERNAL_HISTORICAL_MARKET_BENCHMARK,NOT_AVAILABLE,NOT_GOLDBET,6e07484324c753f4154e28f33f8d9e20d534cf69c8c320321388026cbd9db96f,1544.7317166284104,1475.968146147161,68.76357048124942,0.0,-0.19999999999999996,-0.40000000000000013,13.627369089084823,62,24,False
35639e4d4f52500759a9ff59,LaLiga,2023/2024,DEVELOPMENT,2024-02-19,20:00,MATCH_KICKOFF_TIME_TIMEZONE_NOT_STATED_BY_SOURCE,,NOT_VERIFIED_DO_NOT_INFER,Ath Bilbao,Girona,3,2,H,EVALUATION_ONLY_JOIN_AFTER_PREMATCH_FEATURE_FREEZE,1.86,3.69,4.25,EXTERNAL_HISTORICAL_MARKET_BENCHMARK,NOT_AVAILABLE,NOT_GOLDBET,fbef12e6579c1d8ca40b398a7f7813aa58b1e8dfbb951de062151a9aeebe33ae,1561.104561518008,1606.9975977646368,-45.89303624662875,0.0,0.6000000000000001,1.4,-29.850991173990906,62,62,False
a5b62430f2e09b0af82aee31,LaLiga,2023/2024,DEVELOPMENT,2024-02-23,20:00,MATCH_KICKOFF_TIME_TIMEZONE_NOT_STATED_BY_SOURCE,,NOT_VERIFIED_DO_NOT_INFER,Sociedad,Villarreal,1,3,A,EVALUATION_ONLY_JOIN_AFTER_PREMATCH_FEATURE_FREEZE,1.63,4.01,5.43,EXTERNAL_HISTORICAL_MARKET_BENCHMARK,NOT_AVAILABLE,NOT_GOLDBET,f247443df630879d6f5c9d11c96dc5c5664f8bd16176463cd5113c6079d44cfd,1556.202973823599,1478.955930453274,77.24704337032495,0.20000000000000018,-0.2,0.3999999999999999,-4.989174060577625,63,63,False
12f85143944c5b2c7848e424,LaLiga,2023/2024,DEVELOPMENT,2024-02-24,15:15,MATCH_KICKOFF_TIME_TIMEZONE_NOT_STATED_BY_SOURCE,,NOT_VERIFIED_DO_NOT_INFER,Barcelona,Getafe,4,0,H,EVALUATION_ONLY_JOIN_AFTER_PREMATCH_FEATURE_FREEZE,1.42,4.9,7.51,EXTERNAL_HISTORICAL_MARKET_BENCHMARK,NOT_AVAILABLE,NOT_GOLDBET,2ceb6b40ac68e318b933ccb3bf4b820f0e988db91224d6f0e9a1ea9d962bbc66,1620.044952899899,1501.0453469913602,118.9996059085388,0.3999999999999999,0.2,0.19999999999999996,-48.28282997941005,63,63,False
5776fbbf8bcc87669b6542ce,LaLiga,2023/2024,DEVELOPMENT,2024-02-24,17:30,MATCH_KICKOFF_TIME_TIMEZONE_NOT_STATED_BY_SOURCE,,NOT_VERIFIED_DO_NOT_INFER,Alaves,Mallorca,1,1,D,EVALUATION_ONLY_JOIN_AFTER_PREMATCH_FEATURE_FREEZE,1.91,3.09,5.09,EXTERNAL_HISTORICAL_MARKET_BENCHMARK,NOT_AVAILABLE,NOT_GOLDBET,bef40f5ec5495e444a25beff18ae884c341196e28313d1d5a0409041f89cff32,1479.5134095079388,1454.1065803955535,25.406829112385367,0.8,1.4,0.4,-22.617050263172132,25,63,False
f806c171a9a4fa9aa3204dfa,LaLiga,2023/2024,DEVELOPMENT,2024-02-24,20:00,MATCH_KICKOFF_TIME_TIMEZONE_NOT_STATED_BY_SOURCE,,NOT_VERIFIED_DO_NOT_INFER,Almeria,Ath Madrid,2,2,D,EVALUATION_ONLY_JOIN_AFTER_PREMATCH_FEATURE_FREEZE,5.02,3.92,1.7,EXTERNAL_HISTORICAL_MARKET_BENCHMARK,NOT_AVAILABLE,NOT_GOLDBET,85cbfa713dca3d598291793c8cfd1ce92eb8f3f8d9bb444c1b8bcd31b735fc41,1375.050152691638,1597.6636254259413,-222.6134727343033,-1.6,-2.4,0.0,-3.1829008077272647,63,63,False
1a34483bae93fc998b2ce7d0,LaLiga,2023/2024,DEVELOPMENT,2024-02-25,13:00,MATCH_KICKOFF_TIME_TIMEZONE_NOT_STATED_BY_SOURCE,,NOT_VERIFIED_DO_NOT_INFER,Cadiz,Celta,2,2,D,EVALUATION_ONLY_JOIN_AFTER_PREMATCH_FEATURE_FREEZE,3.26,2.99,2.49,EXTERNAL_HISTORICAL_MARKET_BENCHMARK,NOT_AVAILABLE,NOT_GOLDBET,9709499388d6e0ba8d7530c6b84922f95c261f2f5839d097f38b41bdab2adcb3,1416.195294993777,1432.3229389325065,-16.127643938729534,-0.19999999999999996,-0.8,-0.4,-44.05540134120406,63,63,False
c64edb7548f147cd0512296f,LaLiga,2023/2024,DEVELOPMENT,2024-02-25,15:15,MATCH_KICKOFF_TIME_TIMEZONE_NOT_STATED_BY_SOURCE,,NOT_VERIFIED_DO_NOT_INFER,Betis,Ath Bilbao,3,1,H,EVALUATION_ONLY_JOIN_AFTER_PREMATCH_FEATURE_FREEZE,3.77,3.3,2.1,EXTERNAL_HISTORICAL_MARKET_BENCHMARK,NOT_AVAILABLE,NOT_GOLDBET,2f830094a33bd5cd71d8a3525ad09f5db874e9de8a4f71f30f5da73db2ef7594,1541.1864532676325,1570.6987534446387,-29.512300177006182,0.0,-0.6000000000000001,0.0,22.84581638441273,63,63,False
b25a7318d019008af7e68ae0,LaLiga,2023/2024,DEVELOPMENT,2024-02-25,17:30,MATCH_KICKOFF_TIME_TIMEZONE_NOT_STATED_BY_SOURCE,,NOT_VERIFIED_DO_NOT_INFER,Las Palmas,Osasuna,1,1,D,EVALUATION_ONLY_JOIN_AFTER_PREMATCH_FEATURE_FREEZE,2.46,3.01,3.26,EXTERNAL_HISTORICAL_MARKET_BENCHMARK,NOT_AVAILABLE,NOT_GOLDBET,9f0c48317c4b759b2ec2a240a5e771d00a48507c456b43fb9aa4c3b688ac0c54,1509.3433532943598,1487.6294790252837,21.713874269076086,0.0,-0.2,0.3999999999999999,34.61826594080753,25,63,False
30341970a7ee36b4275d068d,LaLiga,2023/2024,DEVELOPMENT,2024-02-25,20:00,MATCH_KICKOFF_TIME_TIMEZONE_NOT_STATED_BY_SOURCE,,NOT_VERIFIED_DO_NOT_INFER,Real Madrid,Sevilla,1,0,H,EVALUATION_ONLY_JOIN_AFTER_PREMATCH_FEATURE_FREEZE,1.28,6,10.15,EXTERNAL_HISTORICAL_MARKET_BENCHMARK,NOT_AVAILABLE,NOT_GOLDBET,a012a3b68dbf310a942ace66f6a31ae5d005643fb89d93547b3e1a5f10f272b1,1654.7876028788055,1463.464611601651,191.32299127715442,0.6000000000000001,1.7999999999999998,1.2000000000000002,1.7465734288127805,63,63,False
9db4b4966b302716b4dc9fc0,LaLiga,2023/2024,DEVELOPMENT,2024-02-26,20:00,MATCH_KICKOFF_TIME_TIMEZONE_NOT_STATED_BY_SOURCE,,NOT_VERIFIED_DO_NOT_INFER,Girona,Vallecano,3,0,H,EVALUATION_ONLY_JOIN_AFTER_PREMATCH_FEATURE_FREEZE,1.65,4.08,5.22,EXTERNAL_HISTORICAL_MARKET_BENCHMARK,NOT_AVAILABLE,NOT_GOLDBET,446633dcf67e1b280c151cb21cd8b9c7f2e8227e7ff8e2eddc2821fd146f762e,1597.4034058380062,1456.9542382041277,140.44916763387846,0.9999999999999999,0.6,1.8,-11.199781996439924,63,63,False
7ae8e1847c9ba7b7cdf0e91d,LaLiga,2023/2024,DEVELOPMENT,2024-03-01,20:00,MATCH_KICKOFF_TIME_TIMEZONE_NOT_STATED_BY_SOURCE,,NOT_VERIFIED_DO_NOT_INFER,Celta,Almeria,1,0,H,EVALUATION_ONLY_JOIN_AFTER_PREMATCH_FEATURE_FREEZE,1.81,3.77,4.43,EXTERNAL_HISTORICAL_MARKET_BENCHMARK,NOT_AVAILABLE,NOT_GOLDBET,f06b360038d522e7b7aad16f47f7ee5b0e1d4853728d2a701b13f9770f4561d7,1433.5790177378926,1379.416289319701,54.16272841819159,0.20000000000000007,0.8,1.0,11.0652670524928,64,64,False
eb0db44a62b587f6d08be55e,LaLiga,2023/2024,DEVELOPMENT,2024-03-02,13:00,MATCH_KICKOFF_TIME_TIMEZONE_NOT_STATED_BY_SOURCE,,NOT_VERIFIED_DO_NOT_INFER,Sevilla,Sociedad,3,2,H,EVALUATION_ONLY_JOIN_AFTER_PREMATCH_FEATURE_FREEZE,2.73,2.89,3.01,EXTERNAL_HISTORICAL_MARKET_BENCHMARK,NOT_AVAILABLE,NOT_GOLDBET,e1c5a97d00fb95cd884a4ae74f2d059c17cd16f454675fb2b26e5fd0128d8099,1459.6545093735795,1542.446100328942,-82.79159095536261,0.6000000000000001,0.6000000000000001,-0.8,43.911556907395834,64,64,False
a3e3533050e966e75fc0c497,LaLiga,2023/2024,DEVELOPMENT,2024-03-02,15:15,MATCH_KICKOFF_TIME_TIMEZONE_NOT_STATED_BY_SOURCE,,NOT_VERIFIED_DO_NOT_INFER,Vallecano,Cadiz,1,1,D,EVALUATION_ONLY_JOIN_AFTER_PREMATCH_FEATURE_FREEZE,1.76,3.43,5.48,EXTERNAL_HISTORICAL_MARKET_BENCHMARK,NOT_AVAILABLE,NOT_GOLDBET,586bd353c38babd42e10b8839c6236fb1b3dab399751d791177246a3f5f6c47a,1452.1586095285336,1414.939216188391,37.21939334014269,-0.39999999999999997,-0.3999999999999999,0.0,49.95775680339557,64,64,False
d3fa743efc6f7b27037291eb,LaLiga,2023/2024,DEVELOPMENT,2024-03-02,17:30,MATCH_KICKOFF_TIME_TIMEZONE_NOT_STATED_BY_SOURCE,,NOT_VERIFIED_DO_NOT_INFER,Getafe,Las Palmas,3,3,D,EVALUATION_ONLY_JOIN_AFTER_PREMATCH_FEATURE_FREEZE,2.04,3.24,4.06,EXTERNAL_HISTORICAL_MARKET_BENCHMARK,NOT_AVAILABLE,NOT_GOLDBET,d564af4ad7997c3159c9d92a3727437cc2b1ee16a833bafbcc665f8a48014aab,1495.785233407662,1507.0338658334738,-11.24863242581182,0.0,-0.19999999999999996,0.40000000000000013,19.905395804808222,64,26,False
4d9f9bda7a0f4a2452c18b5c,LaLiga,2023/2024,DEVELOPMENT,2024-03-02,20:00,MATCH_KICKOFF_TIME_TIMEZONE_NOT_STATED_BY_SOURCE,,NOT_VERIFIED_DO_NOT_INFER,Valencia,Real Madrid,2,2,D,EVALUATION_ONLY_JOIN_AFTER_PREMATCH_FEATURE_FREEZE,5.53,3.97,1.64,EXTERNAL_HISTORICAL_MARKET_BENCHMARK,NOT_AVAILABLE,NOT_GOLDBET,78326a453415e4a8d98eb3a1a91c3355d2ef63d13c57cddfa56e4a2955ed6f20,1501.2567246797132,1658.5977051068771,-157.3409804271639,-0.8000000000000003,-1.7999999999999998,0.0,-25.38862702729398,63,64,False
9cb6509de470958616062332,LaLiga,2023/2024,DEVELOPMENT,2024-03-03,13:00,MATCH_KICKOFF_TIME_TIMEZONE_NOT_STATED_BY_SOURCE,,NOT_VERIFIED_DO_NOT_INFER,Villarreal,Granada,5,1,H,EVALUATION_ONLY_JOIN_AFTER_PREMATCH_FEATURE_FREEZE,1.75,3.94,4.56,EXTERNAL_HISTORICAL_MARKET_BENCHMARK,NOT_AVAILABLE,NOT_GOLDBET,e362bd58faa164e77765a0fde55d92c2da52bbc4649d610342d99e757d50c9af,1492.7128039479308,1407.643129048704,85.06967489922681,1.2000000000000002,1.4,1.0,2.0383063561378094,64,25,False
81825fda15792a905a2dc402,LaLiga,2023/2024,DEVELOPMENT,2024-03-03,15:15,MATCH_KICKOFF_TIME_TIMEZONE_NOT_STATED_BY_SOURCE,,NOT_VERIFIED_DO_NOT_INFER,Ath Madrid,Betis,2,1,H,EVALUATION_ONLY_JOIN_AFTER_PREMATCH_FEATURE_FREEZE,1.53,4.29,6.4,EXTERNAL_HISTORICAL_MARKET_BENCHMARK,NOT_AVAILABLE,NOT_GOLDBET,99658fe843e8722893ad12e9acf5a810955288213a423f6ce8c370f617fde2d0,1593.2974887978783,1550.3111921313682,42.98629666651004,-0.6000000000000001,0.0,1.0,6.7713754475223595,64,64,False
5d1ea6fa518a1af7c6f36e0b,LaLiga,2023/2024,DEVELOPMENT,2024-03-03,17:30,MATCH_KICKOFF_TIME_TIMEZONE_NOT_STATED_BY_SOURCE,,NOT_VERIFIED_DO_NOT_INFER,Mallorca,Girona,1,0,H,EVALUATION_ONLY_JOIN_AFTER_PREMATCH_FEATURE_FREEZE,3.59,3.28,2.18,EXTERNAL_HISTORICAL_MARKET_BENCHMARK,NOT_AVAILABLE,NOT_GOLDBET,bee63172ff378b24df9c384737952d17c8bacb21028d49a793ad117d32693a56,1456.5164401483796,1602.1990345136003,-145.68259436522067,-0.5999999999999999,-0.8,0.3999999999999999,-18.288038157910478,64,64,False
2440c3c3d1cd3aa3d58fb83a,LaLiga,2023/2024,DEVELOPMENT,2024-03-03,20:00,MATCH_KICKOFF_TIME_TIMEZONE_NOT_STATED_BY_SOURCE,,NOT_VERIFIED_DO_NOT_INFER,Ath Bilbao,Barcelona,0,0,D,EVALUATION_ONLY_JOIN_AFTER_PREMATCH_FEATURE_FREEZE,3.2,3.5,2.26,EXTERNAL_HISTORICAL_MARKET_BENCHMARK,NOT_AVAILABLE,NOT_GOLDBET,ba24c5fc3cfea5512a0e356686bf0cc035d615d5c68d0b34d004984428685664,1561.574014580903,1625.3050664835973,-63.73105190269439,-1.0,-1.0,0.3999999999999999,17.83285940043288,64,64,False
ec03c50255c2603dd12e0e9b,LaLiga,2023/2024,DEVELOPMENT,2024-03-04,20:00,MATCH_KICKOFF_TIME_TIMEZONE_NOT_STATED_BY_SOURCE,,NOT_VERIFIED_DO_NOT_INFER,Osasuna,Alaves,1,0,H,EVALUATION_ONLY_JOIN_AFTER_PREMATCH_FEATURE_FREEZE,2.37,3.05,3.42,EXTERNAL_HISTORICAL_MARKET_BENCHMARK,NOT_AVAILABLE,NOT_GOLDBET,8fb4e24a27fb59a3a6a7923e93e24998d36871bb453d4a765807b512fa8c7ef6,1489.9389664861696,1477.1035497551127,12.835416731056966,0.19999999999999996,-0.4,0.7999999999999998,12.308924934507786,64,26,False
620e672006b7d25aab373f1d,LaLiga,2023/2024,DEVELOPMENT,2024-03-08,20:00,MATCH_KICKOFF_TIME_TIMEZONE_NOT_STATED_BY_SOURCE,,NOT_VERIFIED_DO_NOT_INFER,Barcelona,Mallorca,1,0,H,EVALUATION_ONLY_JOIN_AFTER_PREMATCH_FEATURE_FREEZE,1.45,4.5,7.29,EXTERNAL_HISTORICAL_MARKET_BENCHMARK,NOT_AVAILABLE,NOT_GOLDBET,274665529d93ccf9181922ed0da49a700f05584c1476e466b6f1fa46b411608a,1625.197682305348,1468.9337746872511,156.26390761809694,0.8000000000000003,2.0,1.4,-51.56330455352054,65,65,False
37f50249c17ecc85ff81414c,LaLiga,2023/2024,DEVELOPMENT,2024-03-09,13:00,MATCH_KICKOFF_TIME_TIMEZONE_NOT_STATED_BY_SOURCE,,NOT_VERIFIED_DO_NOT_INFER,Valencia,Getafe,1,0,H,EVALUATION_ONLY_JOIN_AFTER_PREMATCH_FEATURE_FREEZE,1.88,3.24,4.98,EXTERNAL_HISTORICAL_MARKET_BENCHMARK,NOT_AVAILABLE,NOT_GOLDBET,d2dd2fd29a028a6ea100acedf449d184e943e34d28e74790239f0d4a0a300168,1503.9873475340758,1494.391193381126,9.596154152949794,-0.19999999999999996,0.0,1.6,-0.6515032918250654,64,65,False
ed24b3b16938f4f3975e46b9,LaLiga,2023/2024,DEVELOPMENT,2024-03-09,15:15,MATCH_KICKOFF_TIME_TIMEZONE_NOT_STATED_BY_SOURCE,,NOT_VERIFIED_DO_NOT_INFER,Cadiz,Ath Madrid,2,0,H,EVALUATION_ONLY_JOIN_AFTER_PREMATCH_FEATURE_FREEZE,4.74,3.65,1.79,EXTERNAL_HISTORICAL_MARKET_BENCHMARK,NOT_AVAILABLE,NOT_GOLDBET,3ab5762ebf0f9b47fe2590532c852d47714808015fc5ab307af5d986aba3102b,1417.6666001132587,1600.4171734095553,-182.75057329629658,-1.0,-1.8,-0.4,-32.10944317153371,65,65,False
65277b2bec277820aeebad9a,LaLiga,2023/2024,DEVELOPMENT,2024-03-09,17:30,MATCH_KICKOFF_TIME_TIMEZONE_NOT_STATED_BY_SOURCE,,NOT_VERIFIED_DO_NOT_INFER,Granada,Sociedad,2,3,A,EVALUATION_ONLY_JOIN_AFTER_PREMATCH_FEATURE_FREEZE,4.6,3.31,1.91,EXTERNAL_HISTORICAL_MARKET_BENCHMARK,NOT_AVAILABLE,NOT_GOLDBET,5e8d37e9e8b20775a9a446cc7193415da5b27cd6ffa4612a1e7964faeac37ad9,1401.591723488687,1531.7910449709575,-130.19932148227053,-0.20000000000000007,-0.6,-0.3999999999999999,-0.36839654912341757,26,65,False
9e8cc36fd97b0caa3ca97d81,LaLiga,2023/2024,DEVELOPMENT,2024-03-09,20:00,MATCH_KICKOFF_TIME_TIMEZONE_NOT_STATED_BY_SOURCE,,NOT_VERIFIED_DO_NOT_INFER,Girona,Osasuna,2,0,H,EVALUATION_ONLY_JOIN_AFTER_PREMATCH_FEATURE_FREEZE,1.52,4.45,6.14,EXTERNAL_HISTORICAL_MARKET_BENCHMARK,NOT_AVAILABLE,NOT_GOLDBET,e0231a66e53508f0d8689d3cccf37da5637a98f185eecd36640fce3fd8a3a84e,1589.7816999747288,1497.872774525437,91.9089254492917,-1.2,-0.8,1.6,56.03250154969919,65,65,False
8e04e19863108e3606c0efd1,LaLiga,2023/2024,DEVELOPMENT,2024-03-10,13:00,MATCH_KICKOFF_TIME_TIMEZONE_NOT_STATED_BY_SOURCE,,NOT_VERIFIED_DO_NOT_INFER,Alaves,Vallecano,1,0,H,EVALUATION_ONLY_JOIN_AFTER_PREMATCH_FEATURE_FREEZE,2.11,3.1,4.05,EXTERNAL_HISTORICAL_MARKET_BENCHMARK,NOT_AVAILABLE,NOT_GOLDBET,c05e1b0dc21225b3363fbf83c10cd9cd22df4564f0df4ff36a84c7d07c462fd0,1469.1697417158452,1449.4312256036658,19.738516112179468,0.19999999999999996,0.4,0.19999999999999996,3.5501336458071364,27,65,False
d117f62c6867f7b41c59b953,LaLiga,2023/2024,DEVELOPMENT,2024-03-10,15:15,MATCH_KICKOFF_TIME_TIMEZONE_NOT_STATED_BY_SOURCE,,NOT_VERIFIED_DO_NOT_INFER,Las Palmas,Ath Bilbao,0,2,A,EVALUATION_ONLY_JOIN_AFTER_PREMATCH_FEATURE_FREEZE,4.67,3.53,1.84,EXTERNAL_HISTORICAL_MARKET_BENCHMARK,NOT_AVAILABLE,NOT_GOLDBET,04e8d7f0801625ba940985e7dae36794dcaaa36cdc0ef465d060942d34fefc0b,1508.4279058600098,1561.6813987591522,-53.25349289914243,-0.40000000000000013,-1.2,0.3999999999999999,-22.57776493143615,27,65,False
b071929c1c7fcf86a7cd75e3,LaLiga,2023/2024,DEVELOPMENT,2024-03-10,17:30,MATCH_KICKOFF_TIME_TIMEZONE_NOT_STATED_BY_SOURCE,,NOT_VERIFIED_DO_NOT_INFER,Real Madrid,Celta,4,0,H,EVALUATION_ONLY_JOIN_AFTER_PREMATCH_FEATURE_FREEZE,1.32,5.66,9.44,EXTERNAL_HISTORICAL_MARKET_BENCHMARK,NOT_AVAILABLE,NOT_GOLDBET,00a7f22285e285f9b6fc8d303e14765f7a91a42e84a6b64e975f4e9166bbbc71,1655.8670822525146,1440.4065143975067,215.46056785500787,0.40000000000000013,0.6,1.6,50.300872718801656,65,65,False
798d516337df01f7986a95a1,LaLiga,2023/2024,DEVELOPMENT,2024-03-10,20:00,MATCH_KICKOFF_TIME_TIMEZONE_NOT_STATED_BY_SOURCE,,NOT_VERIFIED_DO_NOT_INFER,Betis,Villarreal,2,3,A,EVALUATION_ONLY_JOIN_AFTER_PREMATCH_FEATURE_FREEZE,2.14,3.57,3.38,EXTERNAL_HISTORICAL_MARKET_BENCHMARK,NOT_AVAILABLE,NOT_GOLDBET,6d249dd54cf0158e645a8f0ca5fd766b70ee53bf33227cb975ce1264c2a13d5b,1543.1915075196912,1498.7642095079477,44.42729801174346,-0.19999999999999996,-0.6,0.20000000000000018,38.30783924678167,65,65,False
04eb87696a69c1e71ee163d5,LaLiga,2023/2024,DEVELOPMENT,2024-03-11,20:00,MATCH_KICKOFF_TIME_TIMEZONE_NOT_STATED_BY_SOURCE,,NOT_VERIFIED_DO_NOT_INFER,Almeria,Sevilla,2,2,D,EVALUATION_ONLY_JOIN_AFTER_PREMATCH_FEATURE_FREEZE,3.43,3.38,2.19,EXTERNAL_HISTORICAL_MARKET_BENCHMARK,NOT_AVAILABLE,NOT_GOLDBET,9b255534798bbdef39eac69e8fc1ba9489dafaac6d6c2afa6a6749b48b728123,1372.588792660087,1470.309564731564,-97.72077207147709,-1.4,-0.8,0.0,-53.114209180417674,65,65,False
3bb23315986fc4ab65259e54,LaLiga,2023/2024,DEVELOPMENT,2024-03-15,20:00,MATCH_KICKOFF_TIME_TIMEZONE_NOT_STATED_BY_SOURCE,,NOT_VERIFIED_DO_NOT_INFER,Sociedad,Cadiz,2,0,H,EVALUATION_ONLY_JOIN_AFTER_PREMATCH_FEATURE_FREEZE,1.43,4.21,9.3,EXTERNAL_HISTORICAL_MARKET_BENCHMARK,NOT_AVAILABLE,NOT_GOLDBET,017a7004f0037901c64cedf9d80f8d80c39f5e140a298e32029eeaaadfcd099d,1539.7975994495607,1431.059629363733,108.73797008582778,0.19999999999999996,0.0,0.19999999999999996,-46.28716784778612,66,66,False
a46fc2889fa5766fd4be3d5d,LaLiga,2023/2024,DEVELOPMENT,2024-03-16,13:00,MATCH_KICKOFF_TIME_TIMEZONE_NOT_STATED_BY_SOURCE,,NOT_VERIFIED_DO_NOT_INFER,Mallorca,Granada,1,0,H,EVALUATION_ONLY_JOIN_AFTER_PREMATCH_FEATURE_FREEZE,1.83,3.35,5.03,EXTERNAL_HISTORICAL_MARKET_BENCHMARK,NOT_AVAILABLE,NOT_GOLDBET,fb3ebd6758afa9970d48bfb4a446d7052d8289175ee40a20a7b2831ca4614bb0,1464.4621427655022,1393.5851690100837,70.87697375541848,0.7999999999999999,1.0,1.2,38.02425827871252,66,27,False
87c600b930cb09b0c10296ac,LaLiga,2023/2024,DEVELOPMENT,2024-03-16,15:15,MATCH_KICKOFF_TIME_TIMEZONE_NOT_STATED_BY_SOURCE,,NOT_VERIFIED_DO_NOT_INFER,Osasuna,Real Madrid,2,4,A,EVALUATION_ONLY_JOIN_AFTER_PREMATCH_FEATURE_FREEZE,6.95,4.45,1.48,EXTERNAL_HISTORICAL_MARKET_BENCHMARK,NOT_AVAILABLE,NOT_GOLDBET,f08f1f80bda9246a474f399ec70541c8fbdb2b91795ef447a53366bf921490b8,1491.986224160607,1659.2669376856309,-167.28071352502388,-0.20000000000000018,-1.4,0.19999999999999973,17.562709408586443,66,66,False
5dac167b78a5ae50c8e00096,LaLiga,2023/2024,DEVELOPMENT,2024-03-16,17:30,MATCH_KICKOFF_TIME_TIMEZONE_NOT_STATED_BY_SOURCE,,NOT_VERIFIED_DO_NOT_INFER,Getafe,Girona,1,0,H,EVALUATION_ONLY_JOIN_AFTER_PREMATCH_FEATURE_FREEZE,3.61,3.42,2.11,EXTERNAL_HISTORICAL_MARKET_BENCHMARK,NOT_AVAILABLE,NOT_GOLDBET,f702053d1dc0f6ab16d21d40759a3c52628097f29e8156a0a79d5927fe220444,1486.3679624746837,1595.6682503395589,-109.30028786487514,-0.19999999999999996,-0.6000000000000001,0.5999999999999999,-13.315725817286648,66,66,False
4ef97db3e12c245f8c1a8307,LaLiga,2023/2024,DEVELOPMENT,2024-03-16,20:00,MATCH_KICKOFF_TIME_TIMEZONE_NOT_STATED_BY_SOURCE,,NOT_VERIFIED_DO_NOT_INFER,Ath Bilbao,Alaves,2,0,H,EVALUATION_ONLY_JOIN_AFTER_PREMATCH_FEATURE_FREEZE,1.6,3.76,6.53,EXTERNAL_HISTORICAL_MARKET_BENCHMARK,NOT_AVAILABLE,NOT_GOLDBET,3ed49ba368c973894366c2533555bb56020d31afd8a6d7e6accabc097acfea98,1571.8755544405494,1476.9141473038703,94.9614071366791,0.40000000000000013,0.2,1.0,46.77113515457722,66,28,False
efbe9005c0abd67ed8108964,LaLiga,2023/2024,DEVELOPMENT,2024-03-17,13:00,MATCH_KICKOFF_TIME_TIMEZONE_NOT_STATED_BY_SOURCE,,NOT_VERIFIED_DO_NOT_INFER,Sevilla,Celta,1,2,A,EVALUATION_ONLY_JOIN_AFTER_PREMATCH_FEATURE_FREEZE,1.96,3.52,3.92,EXTERNAL_HISTORICAL_MARKET_BENCHMARK,NOT_AVAILABLE,NOT_GOLDBET,20d00b096f057567e44b4f040a314b22bd772c1a500a9b4c6ad3f6dccfce167d,1469.2281193923518,1437.0066589643905,32.22146042796135,0.8,1.2,0.3999999999999999,24.09904281333229,66,66,False
141cd0808bf2b7ab5e71ca47,LaLiga,2023/2024,DEVELOPMENT,2024-03-17,15:15,MATCH_KICKOFF_TIME_TIMEZONE_NOT_STATED_BY_SOURCE,,NOT_VERIFIED_DO_NOT_INFER,Las Palmas,Almeria,0,1,A,EVALUATION_ONLY_JOIN_AFTER_PREMATCH_FEATURE_FREEZE,1.78,3.84,4.49,EXTERNAL_HISTORICAL_MARKET_BENCHMARK,NOT_AVAILABLE,NOT_GOLDBET,33b33f0b6fe1140f84de35d04321b8bba1c84c078bb558c58b043904f18eaa36,1498.2337501786126,1373.6702379992992,124.56351217931342,0.19999999999999996,-0.8,1.2,34.45819810391822,28,66,False
c6d28c6dd2afc9d9a441cf96,LaLiga,2023/2024,DEVELOPMENT,2024-03-17,15:15,MATCH_KICKOFF_TIME_TIMEZONE_NOT_STATED_BY_SOURCE,,NOT_VERIFIED_DO_NOT_INFER,Villarreal,Valencia,1,0,H,EVALUATION_ONLY_JOIN_AFTER_PREMATCH_FEATURE_FREEZE,2.21,3.38,3.37,EXTERNAL_HISTORICAL_MARKET_BENCHMARK,NOT_AVAILABLE,NOT_GOLDBET,da49b7ad611af6f3d3c0dfe4cd2fea6f85f842be68ee81d856e1d0fbf6d91211,1511.6825137636984,1512.010578440518,-0.32806467681962204,0.6000000000000001,1.4,0.6000000000000001,-1.9294086242180128,66,65,False
da0742452c1b618532a93a93,LaLiga,2023/2024,DEVELOPMENT,2024-03-17,17:30,MATCH_KICKOFF_TIME_TIMEZONE_NOT_STATED_BY_SOURCE,,NOT_VERIFIED_DO_NOT_INFER,Vallecano,Betis,2,0,H,EVALUATION_ONLY_JOIN_AFTER_PREMATCH_FEATURE_FREEZE,2.57,3.08,3.02,EXTERNAL_HISTORICAL_MARKET_BENCHMARK,NOT_AVAILABLE,NOT_GOLDBET,02c2f100c8095f0e8cc0eb2e3f91fa5fe6ddcd96c310a1215dfbb673995485e4,1441.6868200156407,1530.2732032639406,-88.58638324829985,-0.9999999999999999,-1.4,-0.9999999999999999,4.9685030219450255,66,66,False
4643b6a52bdfceeb889194d6,LaLiga,2023/2024,DEVELOPMENT,2024-03-17,20:00,MATCH_KICKOFF_TIME_TIMEZONE_NOT_STATED_BY_SOURCE,,NOT_VERIFIED_DO_NOT_INFER,Ath Madrid,Barcelona,0,3,A,EVALUATION_ONLY_JOIN_AFTER_PREMATCH_FEATURE_FREEZE,2.24,3.56,3.11,EXTERNAL_HISTORICAL_MARKET_BENCHMARK,NOT_AVAILABLE,NOT_GOLDBET,16f98d70a11581ade1d6bdaa1b12302b99fa084ec2f303f9d9f15c935c2d0630,1587.024144159081,1629.669314227097,-42.64517006801589,-0.8000000000000003,-0.6,0.3999999999999999,-13.59426645368967,66,66,False
638eaa905f45836ae045e088,LaLiga,2023/2024,DEVELOPMENT,2024-03-29,20:00,MATCH_KICKOFF_TIME_TIMEZONE_NOT_STATED_BY_SOURCE,,NOT_VERIFIED_DO_NOT_INFER,Cadiz,Granada,1,0,H,EVALUATION_ONLY_JOIN_AFTER_PREMATCH_FEATURE_FREEZE,1.9,3.25,4.79,EXTERNAL_HISTORICAL_MARKET_BENCHMARK,NOT_AVAILABLE,NOT_GOLDBET,76108da681a14abc23df192d130fba079412d354caefc28891b11cfc210a83a5,1425.5673349601675,1387.1835004234008,38.3838345367667,0.6,0.7999999999999999,0.8,4.901360805610693,67,28,False
5bc04f99076c11700db077fb,LaLiga,2023/2024,DEVELOPMENT,2024-03-30,13:00,MATCH_KICKOFF_TIME_TIMEZONE_NOT_STATED_BY_SOURCE,,NOT_VERIFIED_DO_NOT_INFER,Getafe,Sevilla,0,1,A,EVALUATION_ONLY_JOIN_AFTER_PREMATCH_FEATURE_FREEZE,2.66,3.02,2.98,EXTERNAL_HISTORICAL_MARKET_BENCHMARK,NOT_AVAILABLE,NOT_GOLDBET,4d60d58842833ba226c7f784cad776647c84a2f4f1d706d0a8f9d44370c97640,1497.7774912396694,1456.6344021343855,41.143089105283934,0.0,-0.6000000000000001,1.0,39.17214462774905,67,67,False
683dc26f3b4b841210adf29a,LaLiga,2023/2024,DEVELOPMENT,2024-03-30,15:15,MATCH_KICKOFF_TIME_TIMEZONE_NOT_STATED_BY_SOURCE,,NOT_VERIFIED_DO_NOT_INFER,Almeria,Osasuna,0,3,A,EVALUATION_ONLY_JOIN_AFTER_PREMATCH_FEATURE_FREEZE,2.51,3.23,2.96,EXTERNAL_HISTORICAL_MARKET_BENCHMARK,NOT_AVAILABLE,NOT_GOLDBET,aaa7b0b3b8042cdfb8de1981503d51973c8540fe03149a24ec23338adc6b620e,1388.5333423247569,1484.979480568127,-96.44613824337011,-0.19999999999999996,0.2,-0.19999999999999996,-49.64804168832006,67,67,False
16504da9e1d08204db6b5d3d,LaLiga,2023/2024,DEVELOPMENT,2024-03-30,17:30,MATCH_KICKOFF_TIME_TIMEZONE_NOT_STATED_BY_SOURCE,,NOT_VERIFIED_DO_NOT_INFER,Valencia,Mallorca,0,0,D,EVALUATION_ONLY_JOIN_AFTER_PREMATCH_FEATURE_FREEZE,2.15,2.99,4.07,EXTERNAL_HISTORICAL_MARKET_BENCHMARK,NOT_AVAILABLE,NOT_GOLDBET,e21b77a69b94863207eb7afdaee43a606d6a3dc1398f73503ef9619034f557fb,1503.7113841744283,1470.8638113521852,32.84757282224314,-0.3999999999999999,-0.4,1.8000000000000003,-2.990090426302686,66,67,False
a7653e1ea44f4ad4fdfda077,LaLiga,2023/2024,DEVELOPMENT,2024-03-30,20:00,MATCH_KICKOFF_TIME_TIMEZONE_NOT_STATED_BY_SOURCE,,NOT_VERIFIED_DO_NOT_INFER,Barcelona,Las Palmas,1,0,H,EVALUATION_ONLY_JOIN_AFTER_PREMATCH_FEATURE_FREEZE,1.26,6.44,10.51,EXTERNAL_HISTORICAL_MARKET_BENCHMARK,NOT_AVAILABLE,NOT_GOLDBET,00692d112362d31b941ff8a7f83e945dc6505fddeca93e6173521140daf8adcd,1640.1684113517242,1483.3706458531549,156.79776549856933,2.2,3.4000000000000004,1.0,9.516057900465057,67,29,False
573d8f5cf3f2e0bff4ae5be0,LaLiga,2023/2024,DEVELOPMENT,2024-03-31,13:00,MATCH_KICKOFF_TIME_TIMEZONE_NOT_STATED_BY_SOURCE,,NOT_VERIFIED_DO_NOT_INFER,Celta,Vallecano,0,0,D,EVALUATION_ONLY_JOIN_AFTER_PREMATCH_FEATURE_FREEZE,1.93,3.49,4.22,EXTERNAL_HISTORICAL_MARKET_BENCHMARK,NOT_AVAILABLE,NOT_GOLDBET,06fe970791ba449eb75913a5c8470c3ce79dca13b30973634674b655545ce463,1449.6003762223568,1452.5077506139353,-2.9073743915785144,0.3999999999999999,-0.19999999999999996,1.0,-27.323399387189966,67,67,False
2a0f892be64f51c7cd228f94,LaLiga,2023/2024,DEVELOPMENT,2024-03-31,15:15,MATCH_KICKOFF_TIME_TIMEZONE_NOT_STATED_BY_SOURCE,,NOT_VERIFIED_DO_NOT_INFER,Girona,Betis,3,2,H,EVALUATION_ONLY_JOIN_AFTER_PREMATCH_FEATURE_FREEZE,1.72,4.04,4.66,EXTERNAL_HISTORICAL_MARKET_BENCHMARK,NOT_AVAILABLE,NOT_GOLDBET,6baac27e9a25af1f9a28c30a17bc7a3222347ce31341f05a85009b14709f1c8d,1584.2587215745732,1519.452272665646,64.80644890892722,0.3999999999999999,0.8,1.4000000000000001,-24.31988820852598,67,67,False
7110b4f4701084c65c43eb36,LaLiga,2023/2024,DEVELOPMENT,2024-03-31,17:30,MATCH_KICKOFF_TIME_TIMEZONE_NOT_STATED_BY_SOURCE,,NOT_VERIFIED_DO_NOT_INFER,Alaves,Sociedad,0,1,A,EVALUATION_ONLY_JOIN_AFTER_PREMATCH_FEATURE_FREEZE,3.97,3,2.16,EXTERNAL_HISTORICAL_MARKET_BENCHMARK,NOT_AVAILABLE,NOT_GOLDBET,115fc65a646678416b79b4ae6afa120b60704d00132639b380fcdf2a7ba81429,1471.1003238225426,1545.2898938531262,-74.18957003058358,-0.8,-0.6000000000000001,-0.3999999999999999,55.07788351236081,29,67,False
1c17a6b8fd2c6f8402f74a2a,LaLiga,2023/2024,DEVELOPMENT,2024-03-31,20:00,MATCH_KICKOFF_TIME_TIMEZONE_NOT_STATED_BY_SOURCE,,NOT_VERIFIED_DO_NOT_INFER,Real Madrid,Ath Bilbao,2,0,H,EVALUATION_ONLY_JOIN_AFTER_PREMATCH_FEATURE_FREEZE,1.58,4.22,5.73,EXTERNAL_HISTORICAL_MARKET_BENCHMARK,NOT_AVAILABLE,NOT_GOLDBET,2d2a56fd0241589fda0874a59549045ad012f599a60193a1d86a3958a328cc52,1666.2736812781109,1577.6893779218772,88.5843033562337,0.20000000000000018,0.7999999999999999,1.6,-81.74566278651582,67,67,False
b4ce46dcde926e3d15d188ce,LaLiga,2023/2024,DEVELOPMENT,2024-04-01,20:00,MATCH_KICKOFF_TIME_TIMEZONE_NOT_STATED_BY_SOURCE,,NOT_VERIFIED_DO_NOT_INFER,Villarreal,Ath Madrid,1,2,A,EVALUATION_ONLY_JOIN_AFTER_PREMATCH_FEATURE_FREEZE,3.33,3.61,2.13,EXTERNAL_HISTORICAL_MARKET_BENCHMARK,NOT_AVAILABLE,NOT_GOLDBET,32a819799ea83ee36ead61b22fd9a48b06a2488395d9c1fcbe55e30d4763a0d3,1519.981708029788,1576.5250470344538,-56.54333900466577,1.2000000000000002,1.4000000000000001,0.8,6.124128238863932,67,67,False
17a96213e6012d77f1b5e097,LaLiga,2023/2024,DEVELOPMENT,2024-04-04,19:00,MATCH_KICKOFF_TIME_TIMEZONE_NOT_STATED_BY_SOURCE,,NOT_VERIFIED_DO_NOT_INFER,Granada,Valencia,0,1,A,EVALUATION_ONLY_JOIN_AFTER_PREMATCH_FEATURE_FREEZE,3.11,3.13,2.49,EXTERNAL_HISTORICAL_MARKET_BENCHMARK,NOT_AVAILABLE,NOT_GOLDBET,787ab4bdd39a0c14a01363abfdace2a8d5eeae0d89a9611e935af305555c7902,1379.94187813512,1501.1008661609562,-121.15898802583615,-1.0,-1.4,-0.19999999999999996,-61.85418836091935,29,67,False
99d808ab0bd23f47b4177029,LaLiga,2023/2024,DEVELOPMENT,2024-04-12,20:00,MATCH_KICKOFF_TIME_TIMEZONE_NOT_STATED_BY_SOURCE,,NOT_VERIFIED_DO_NOT_INFER,Betis,Celta,2,1,H,EVALUATION_ONLY_JOIN_AFTER_PREMATCH_FEATURE_FREEZE,1.93,3.53,4.14,EXTERNAL_HISTORICAL_MARKET_BENCHMARK,NOT_AVAILABLE,NOT_GOLDBET,c3fdd4e64cfcd3ac5508e0f6d7a2502907cdb537c700210c1d3d640925a75539,1512.8975568855203,1447.9717512759846,64.9258056095357,-1.0,-0.19999999999999996,-0.3999999999999999,63.09829135367977,68,68,False
0e6e51e4d71ac77aeb5bf878,LaLiga,2023/2024,DEVELOPMENT,2024-04-13,13:00,MATCH_KICKOFF_TIME_TIMEZONE_NOT_STATED_BY_SOURCE,,NOT_VERIFIED_DO_NOT_INFER,Ath Madrid,Girona,3,1,H,EVALUATION_ONLY_JOIN_AFTER_PREMATCH_FEATURE_FREEZE,1.88,3.81,4,EXTERNAL_HISTORICAL_MARKET_BENCHMARK,NOT_AVAILABLE,NOT_GOLDBET,e18b7dc212a45f4672ef224c4180c76f2dbbcbb8f7f6baa91171b7ac5c16022e,1586.6245344529138,1590.8134373546989,-4.1889029017850135,-0.40000000000000013,-1.4,1.7999999999999998,15.103055834975066,68,68,False
949a97a79c038fb65d5fa53c,LaLiga,2023/2024,DEVELOPMENT,2024-04-13,15:15,MATCH_KICKOFF_TIME_TIMEZONE_NOT_STATED_BY_SOURCE,,NOT_VERIFIED_DO_NOT_INFER,Vallecano,Getafe,0,0,D,EVALUATION_ONLY_JOIN_AFTER_PREMATCH_FEATURE_FREEZE,2.44,2.99,3.33,EXTERNAL_HISTORICAL_MARKET_BENCHMARK,NOT_AVAILABLE,NOT_GOLDBET,38f3b83d836829fc7afc4e0b32ee7866f1a0bfbccca5e327f59994ba209b9773,1454.1363755603074,1484.9459003357686,-30.809524775461114,0.19999999999999996,0.6,0.6,-44.39657510257052,68,68,False
3138b639609c08f427591a90,LaLiga,2023/2024,DEVELOPMENT,2024-04-13,17:30,MATCH_KICKOFF_TIME_TIMEZONE_NOT_STATED_BY_SOURCE,,NOT_VERIFIED_DO_NOT_INFER,Mallorca,Real Madrid,0,1,A,EVALUATION_ONLY_JOIN_AFTER_PREMATCH_FEATURE_FREEZE,5.01,3.56,1.76,EXTERNAL_HISTORICAL_MARKET_BENCHMARK,NOT_AVAILABLE,NOT_GOLDBET,05506aeed8891ba77a38648aff632c9904bad8f9c4b6b4dcbefe5b712a9f886c,1473.4743293656572,1672.2400424227005,-198.76571305704329,-1.0,-1.6,-0.40000000000000013,25.880645350008763,68,68,False
bbb8ff77c5a460955fb4288c,LaLiga,2023/2024,DEVELOPMENT,2024-04-13,20:00,MATCH_KICKOFF_TIME_TIMEZONE_NOT_STATED_BY_SOURCE,,NOT_VERIFIED_DO_NOT_INFER,Cadiz,Barcelona,0,1,A,EVALUATION_ONLY_JOIN_AFTER_PREMATCH_FEATURE_FREEZE,3.65,3.41,2.1,EXTERNAL_HISTORICAL_MARKET_BENCHMARK,NOT_AVAILABLE,NOT_GOLDBET,00aa6f5335ac636a2798fa828163932bebfc8de1ef86e31280180a46d3059934,1432.8089572484482,1644.6293828582943,-211.8204256098461,-1.0,-1.6,-1.0,-38.01362090563862,68,68,False
9b60c20eb6be69d898d9c582,LaLiga,2023/2024,DEVELOPMENT,2024-04-14,13:00,MATCH_KICKOFF_TIME_TIMEZONE_NOT_STATED_BY_SOURCE,,NOT_VERIFIED_DO_NOT_INFER,Las Palmas,Sevilla,0,2,A,EVALUATION_ONLY_JOIN_AFTER_PREMATCH_FEATURE_FREEZE,2.78,3.21,2.67,EXTERNAL_HISTORICAL_MARKET_BENCHMARK,NOT_AVAILABLE,NOT_GOLDBET,22e201b20e5acafbb52ad9c0a9f6357c07f226f7d7d7347eafb544a24c3f6dd3,1478.9096743465848,1469.4659930382863,9.443681308298437,-0.9999999999999999,-0.8,-0.8,10.865622894245462,30,68,False
59f86460081fae6b82dac483,LaLiga,2023/2024,DEVELOPMENT,2024-04-14,15:15,MATCH_KICKOFF_TIME_TIMEZONE_NOT_STATED_BY_SOURCE,,NOT_VERIFIED_DO_NOT_INFER,Granada,Alaves,2,0,H,EVALUATION_ONLY_JOIN_AFTER_PREMATCH_FEATURE_FREEZE,2.71,3.06,2.88,EXTERNAL_HISTORICAL_MARKET_BENCHMARK,NOT_AVAILABLE,NOT_GOLDBET,732ab0bfe28f38de7af3a764912586a78121f6c59b8a3d49f26411f33c0fc555,1371.684216082577,1461.5085055573102,-89.82428947473318,-0.8,-1.0,-0.9999999999999999,-19.0016055947101,30,30,False
9ae270f99661194c94a23ca0,LaLiga,2023/2024,DEVELOPMENT,2024-04-14,17:30,MATCH_KICKOFF_TIME_TIMEZONE_NOT_STATED_BY_SOURCE,,NOT_VERIFIED_DO_NOT_INFER,Ath Bilbao,Villarreal,1,1,D,EVALUATION_ONLY_JOIN_AFTER_PREMATCH_FEATURE_FREEZE,1.61,4.16,5.38,EXTERNAL_HISTORICAL_MARKET_BENCHMARK,NOT_AVAILABLE,NOT_GOLDBET,d8afa068821a790709ebcee7738e712c75f7071d46d306a77d060d03e72f464d,1571.7230167772875,1509.882220611328,61.840796165959546,-1.0,-1.4,0.6000000000000001,44.50680366525103,68,68,False
2087cf1f93feda522aa361bb,LaLiga,2023/2024,DEVELOPMENT,2024-04-14,20:00,MATCH_KICKOFF_TIME_TIMEZONE_NOT_STATED_BY_SOURCE,,NOT_VERIFIED_DO_NOT_INFER,Sociedad,Almeria,2,2,D,EVALUATION_ONLY_JOIN_AFTER_PREMATCH_FEATURE_FREEZE,1.3,5.4,10.82,EXTERNAL_HISTORICAL_MARKET_BENCHMARK,NOT_AVAILABLE,NOT_GOLDBET,ec3f2bf4edc866dae058279bf56131441785afd4a4223e85fbefe5e70e199937,1554.8817121183586,1379.5785155873828,175.3031965309758,0.8,0.8,0.19999999999999996,-48.4806644280643,68,68,False
f1d1fe2ab556de84749bc969,LaLiga,2023/2024,DEVELOPMENT,2024-04-15,20:00,MATCH_KICKOFF_TIME_TIMEZONE_NOT_STATED_BY_SOURCE,,NOT_VERIFIED_DO_NOT_INFER,Osasuna,Valencia,0,1,A,EVALUATION_ONLY_JOIN_AFTER_PREMATCH_FEATURE_FREEZE,2.4,3.02,3.37,EXTERNAL_HISTORICAL_MARKET_BENCHMARK,NOT_AVAILABLE,NOT_GOLDBET,ccb77d27a93376efe0a1308285ef73071116b700ab344676ab7482fa4c9caab1,1493.934307305501,1509.3585282134993,-15.424220907998233,-0.20000000000000018,-0.2,0.6000000000000001,21.710356259116452,68,68,False
39605239c0eb50415c730b56,LaLiga,2023/2024,DEVELOPMENT,2024-04-19,20:00,MATCH_KICKOFF_TIME_TIMEZONE_NOT_STATED_BY_SOURCE,,NOT_VERIFIED_DO_NOT_INFER,Ath Bilbao,Granada,1,1,D,EVALUATION_ONLY_JOIN_AFTER_PREMATCH_FEATURE_FREEZE,1.29,5.64,10.91,EXTERNAL_HISTORICAL_MARKET_BENCHMARK,NOT_AVAILABLE,NOT_GOLDBET,21cb96669cdfb4f7d0431fc3b70acc00a5d156efc7ac8bb44ff9a7bb19f1c9b7,1568.353178926419,1382.5405258692897,185.8126530571294,1.0,0.8,2.0,80.4746254244044,69,31,False
b40523345d2e6f51bb1577e2,LaLiga,2023/2024,DEVELOPMENT,2024-04-20,13:00,MATCH_KICKOFF_TIME_TIMEZONE_NOT_STATED_BY_SOURCE,,NOT_VERIFIED_DO_NOT_INFER,Celta,Las Palmas,4,1,H,EVALUATION_ONLY_JOIN_AFTER_PREMATCH_FEATURE_FREEZE,1.67,3.91,5.25,EXTERNAL_HISTORICAL_MARKET_BENCHMARK,NOT_AVAILABLE,NOT_GOLDBET,fe735a7ea02d936c7ce598d991d2557b27e06a7147931fe2a92d4934a774203c,1441.4200627225412,1466.9371226532992,-25.517059930758023,1.2,0.6,-0.19999999999999996,-14.170895218420355,69,31,False
dd1b9735b8e1dfebc6c46326,LaLiga,2023/2024,DEVELOPMENT,2024-04-20,15:15,MATCH_KICKOFF_TIME_TIMEZONE_NOT_STATED_BY_SOURCE,,NOT_VERIFIED_DO_NOT_INFER,Vallecano,Osasuna,2,1,H,EVALUATION_ONLY_JOIN_AFTER_PREMATCH_FEATURE_FREEZE,2.12,3.08,4.07,EXTERNAL_HISTORICAL_MARKET_BENCHMARK,NOT_AVAILABLE,NOT_GOLDBET,c4cf0a09919f76d1939b658e5472d4bf0e67204cb7be69f16e2b754e11d6e844,1453.2981774561829,1482.6583068815082,-29.36012942532534,0.0,0.4,-0.19999999999999996,-55.02312404548525,69,69,False
e5cebbfb82f13e6c962def47,LaLiga,2023/2024,DEVELOPMENT,2024-04-20,17:30,MATCH_KICKOFF_TIME_TIMEZONE_NOT_STATED_BY_SOURCE,,NOT_VERIFIED_DO_NOT_INFER,Valencia,Betis,1,2,A,EVALUATION_ONLY_JOIN_AFTER_PREMATCH_FEATURE_FREEZE,2.72,3.08,2.85,EXTERNAL_HISTORICAL_MARKET_BENCHMARK,NOT_AVAILABLE,NOT_GOLDBET,12f41317725f1858800575a38d8245c8143560d430a283d70a21b4dd0d4e1ca6,1520.6345286374922,1519.4492454389638,1.1852831985283956,1.4,1.2000000000000002,0.6000000000000001,-43.03305744687873,69,69,False
3e46f41a09dd785bb675fada,LaLiga,2023/2024,DEVELOPMENT,2024-04-20,20:00,MATCH_KICKOFF_TIME_TIMEZONE_NOT_STATED_BY_SOURCE,,NOT_VERIFIED_DO_NOT_INFER,Girona,Cadiz,4,1,H,EVALUATION_ONLY_JOIN_AFTER_PREMATCH_FEATURE_FREEZE,1.4,4.88,8.03,EXTERNAL_HISTORICAL_MARKET_BENCHMARK,NOT_AVAILABLE,NOT_GOLDBET,7da316ec0aedfdea6cbfce9c444d3e7a8c162dad5d06dc49c703929c180caebc,1582.4061338796514,1426.9202904350243,155.4858434446271,-0.19999999999999996,-0.2,2.2,-15.470456280456801,69,69,False
8732438e33bd878e072b978e,LaLiga,2023/2024,DEVELOPMENT,2024-04-21,13:00,MATCH_KICKOFF_TIME_TIMEZONE_NOT_STATED_BY_SOURCE,,NOT_VERIFIED_DO_NOT_INFER,Getafe,Sociedad,1,1,D,EVALUATION_ONLY_JOIN_AFTER_PREMATCH_FEATURE_FREEZE,3.77,3.04,2.23,EXTERNAL_HISTORICAL_MARKET_BENCHMARK,NOT_AVAILABLE,NOT_GOLDBET,f0c5ef40c5b7e8a7c045161de829d0bccc597ea39faf5ca2bbd7647d2127167d,1485.7840984398931,1548.984379208374,-63.20028076848098,-1.0,-0.8,-0.6000000000000001,74.89510795317528,69,69,False
13770057df108a220df29440,LaLiga,2023/2024,DEVELOPMENT,2024-04-21,15:15,MATCH_KICKOFF_TIME_TIMEZONE_NOT_STATED_BY_SOURCE,,NOT_VERIFIED_DO_NOT_INFER,Almeria,Villarreal,1,2,A,EVALUATION_ONLY_JOIN_AFTER_PREMATCH_FEATURE_FREEZE,3.47,4,1.98,EXTERNAL_HISTORICAL_MARKET_BENCHMARK,NOT_AVAILABLE,NOT_GOLDBET,2fb5212c7cdd94cf92a1871b56470429c2751bd3811c03ee55550b1e9332c06b,1385.4758484973672,1513.2520584621964,-127.77620996482915,-1.0,-1.6,-1.6,-33.82195069722002,69,69,False
3c9af73164420650a59f4868,LaLiga,2023/2024,DEVELOPMENT,2024-04-21,17:30,MATCH_KICKOFF_TIME_TIMEZONE_NOT_STATED_BY_SOURCE,,NOT_VERIFIED_DO_NOT_INFER,Alaves,Ath Madrid,2,0,H,EVALUATION_ONLY_JOIN_AFTER_PREMATCH_FEATURE_FREEZE,4.88,3.44,1.82,EXTERNAL_HISTORICAL_MARKET_BENCHMARK,NOT_AVAILABLE,NOT_GOLDBET,94954d364c4fdce7988f0e60c33f5229c9c74c994b287c5e7b89c5168ba29a01,1450.6521957705975,1595.0318379279613,-144.37964215736383,-1.2000000000000002,-0.8,0.0,-56.04447907802455,31,69,False
d01b7e26211f11c2784813cb,LaLiga,2023/2024,DEVELOPMENT,2024-04-21,20:00,MATCH_KICKOFF_TIME_TIMEZONE_NOT_STATED_BY_SOURCE,,NOT_VERIFIED_DO_NOT_INFER,Real Madrid,Barcelona,3,2,H,EVALUATION_ONLY_JOIN_AFTER_PREMATCH_FEATURE_FREEZE,1.75,4.3,4.23,EXTERNAL_HISTORICAL_MARKET_BENCHMARK,NOT_AVAILABLE,NOT_GOLDBET,4535c99b96a19ed1c2a2b83f3f20ea84dfde26845722b82c6e3791d9db619116,1678.4456892762705,1650.5180496717182,27.92763960455227,0.0,0.6000000000000001,0.0,-9.779673200695242,69,69,False
a4e14a02eb317e45abcd370b,LaLiga,2023/2024,DEVELOPMENT,2024-04-22,20:00,MATCH_KICKOFF_TIME_TIMEZONE_NOT_STATED_BY_SOURCE,,NOT_VERIFIED_DO_NOT_INFER,Sevilla,Mallorca,2,1,H,EVALUATION_ONLY_JOIN_AFTER_PREMATCH_FEATURE_FREEZE,2.1,3.11,4.05,EXTERNAL_HISTORICAL_MARKET_BENCHMARK,NOT_AVAILABLE,NOT_GOLDBET,42e5a50ea69375668e9711ac3bbde03507d179e9a0bca25a65a93a95266431fe,1481.438544731572,1467.2686825120873,14.169862219484685,0.6000000000000001,0.6,0.7999999999999999,-93.64091897729736,69,69,False
3c9afc2c5576a2616c5eff1c,LaLiga,2023/2024,DEVELOPMENT,2024-04-26,20:00,MATCH_KICKOFF_TIME_TIMEZONE_NOT_STATED_BY_SOURCE,,NOT_VERIFIED_DO_NOT_INFER,Sociedad,Real Madrid,0,1,A,EVALUATION_ONLY_JOIN_AFTER_PREMATCH_FEATURE_FREEZE,2.36,3.19,3.23,EXTERNAL_HISTORICAL_MARKET_BENCHMARK,NOT_AVAILABLE,NOT_GOLDBET,44ebbccd0a91aac2c594be718949aae2ccf770161d97f130590512944f1bf473,1548.8922703284736,1685.9676088064616,-137.075338477988,-0.7999999999999998,-1.2,-1.2000000000000002,-92.9920409630256,70,70,False
58a3457b832a29c8a0ebc7a4,LaLiga,2023/2024,DEVELOPMENT,2024-04-27,13:00,MATCH_KICKOFF_TIME_TIMEZONE_NOT_STATED_BY_SOURCE,,NOT_VERIFIED_DO_NOT_INFER,Las Palmas,Girona,0,2,A,EVALUATION_ONLY_JOIN_AFTER_PREMATCH_FEATURE_FREEZE,4.93,4.07,1.68,EXTERNAL_HISTORICAL_MARKET_BENCHMARK,NOT_AVAILABLE,NOT_GOLDBET,4396debe96f792dee839d877e12938be643c1cc086faef9a5565ff646dc11988,1457.9263753575026,1586.8933351437765,-128.96695978627395,-1.8,-2.4,0.8,-6.166346136540369,32,70,False
a5a32ebf342ce0e70c228a2a,LaLiga,2023/2024,DEVELOPMENT,2024-04-27,15:15,MATCH_KICKOFF_TIME_TIMEZONE_NOT_STATED_BY_SOURCE,,NOT_VERIFIED_DO_NOT_INFER,Almeria,Getafe,1,3,A,EVALUATION_ONLY_JOIN_AFTER_PREMATCH_FEATURE_FREEZE,2.58,3.25,2.85,EXTERNAL_HISTORICAL_MARKET_BENCHMARK,NOT_AVAILABLE,NOT_GOLDBET,c51a4c0bce244fcb8e8602dd5a01bfc437b079e84f4393ef5a118e2788d64a94,1377.4022305682242,1485.8762073197936,-108.47397675156935,0.0,-0.39999999999999997,0.0,-7.5508377435687635,70,70,False
d5e32c048945772706ea3011,LaLiga,2023/2024,DEVELOPMENT,2024-04-27,17:30,MATCH_KICKOFF_TIME_TIMEZONE_NOT_STATED_BY_SOURCE,,NOT_VERIFIED_DO_NOT_INFER,Alaves,Celta,3,0,H,EVALUATION_ONLY_JOIN_AFTER_PREMATCH_FEATURE_FREEZE,2.67,3.08,2.88,EXTERNAL_HISTORICAL_MARKET_BENCHMARK,NOT_AVAILABLE,NOT_GOLDBET,058257f95e8cdd823d645e3dddef1a0512d3e2743020008ca57ce030615134e2,1463.0341878869106,1450.4308100183378,12.603377868572807,-0.19999999999999996,-0.2,0.8,-4.824980777948213,32,70,False
9cfb1d8cd28880d0c2eef57b,LaLiga,2023/2024,DEVELOPMENT,2024-04-27,20:00,MATCH_KICKOFF_TIME_TIMEZONE_NOT_STATED_BY_SOURCE,,NOT_VERIFIED_DO_NOT_INFER,Ath Madrid,Ath Bilbao,3,1,H,EVALUATION_ONLY_JOIN_AFTER_PREMATCH_FEATURE_FREEZE,1.96,3.46,4.05,EXTERNAL_HISTORICAL_MARKET_BENCHMARK,NOT_AVAILABLE,NOT_GOLDBET,209dc001bdf20332d1ca9063754b31062f24defa20337efb51a475d4a7cbd10e,1582.6498458116482,1562.2620756026176,20.387770209030577,-0.40000000000000013,-1.2000000000000002,1.4,12.94895491456623,70,70,False
24efcaf5b44b165efa118594,LaLiga,2023/2024,DEVELOPMENT,2024-04-28,13:00,MATCH_KICKOFF_TIME_TIMEZONE_NOT_STATED_BY_SOURCE,,NOT_VERIFIED_DO_NOT_INFER,Cadiz,Mallorca,1,1,D,EVALUATION_ONLY_JOIN_AFTER_PREMATCH_FEATURE_FREEZE,2.81,2.78,3.03,EXTERNAL_HISTORICAL_MARKET_BENCHMARK,NOT_AVAILABLE,NOT_GOLDBET,175df7a76b5b2c254c2b1424ba5fac3da1738f9b9815e60c889ade2392fdcc27,1422.4330891708992,1459.3716138515704,-36.93852468067121,0.3999999999999999,-0.19999999999999996,0.9999999999999999,15.652193475266131,70,70,False
ebee895f3b0847cc985235f2,LaLiga,2023/2024,DEVELOPMENT,2024-04-28,15:15,MATCH_KICKOFF_TIME_TIMEZONE_NOT_STATED_BY_SOURCE,,NOT_VERIFIED_DO_NOT_INFER,Granada,Osasuna,3,0,H,EVALUATION_ONLY_JOIN_AFTER_PREMATCH_FEATURE_FREEZE,2.4,3.06,3.27,EXTERNAL_HISTORICAL_MARKET_BENCHMARK,NOT_AVAILABLE,NOT_GOLDBET,6e356ee5e38ae2d4f7e38e96549d9252f2e6555d60b0c48e25fbf9de9bb7cc06,1388.6316291930912,1473.5379141241287,-84.90628493103759,0.20000000000000007,0.39999999999999997,-0.3999999999999999,-35.84933145688865,32,70,False
bc9dd20635fb5a79e030445c,LaLiga,2023/2024,DEVELOPMENT,2024-04-28,17:30,MATCH_KICKOFF_TIME_TIMEZONE_NOT_STATED_BY_SOURCE,,NOT_VERIFIED_DO_NOT_INFER,Villarreal,Vallecano,3,0,H,EVALUATION_ONLY_JOIN_AFTER_PREMATCH_FEATURE_FREEZE,1.8,3.74,4.53,EXTERNAL_HISTORICAL_MARKET_BENCHMARK,NOT_AVAILABLE,NOT_GOLDBET,ee55a1feab6180f2b8876aae6ae59844c0717dd78c85bf27387b2da6a6e6e876,1521.3256763913394,1462.4185702135624,58.907106177776996,0.3999999999999999,0.0,1.4000000000000001,34.45569396997962,70,70,False
66662ee518414e88c10ab9a6,LaLiga,2023/2024,DEVELOPMENT,2024-04-28,20:00,MATCH_KICKOFF_TIME_TIMEZONE_NOT_STATED_BY_SOURCE,,NOT_VERIFIED_DO_NOT_INFER,Betis,Sevilla,1,1,D,EVALUATION_ONLY_JOIN_AFTER_PREMATCH_FEATURE_FREEZE,1.99,3.43,3.97,EXTERNAL_HISTORICAL_MARKET_BENCHMARK,NOT_AVAILABLE,NOT_GOLDBET,b3f467757ba8ad14066922a021284023d4690e36fbda9e2a9a368c1e690b942e,1531.1923172370687,1489.3356133920888,41.85670384497985,-0.8,-1.0,0.0,47.95294625776387,70,70,False
2facc2e9de3e89a5b4837ffd,LaLiga,2023/2024,DEVELOPMENT,2024-04-29,20:00,MATCH_KICKOFF_TIME_TIMEZONE_NOT_STATED_BY_SOURCE,,NOT_VERIFIED_DO_NOT_INFER,Barcelona,Valencia,4,2,H,EVALUATION_ONLY_JOIN_AFTER_PREMATCH_FEATURE_FREEZE,1.33,5.59,8.83,EXTERNAL_HISTORICAL_MARKET_BENCHMARK,NOT_AVAILABLE,NOT_GOLDBET,12abd4b31a500d913bf93e5e556d155dc114317e8410755af9579920b7d3a4b5,1642.9961301415271,1508.8914568393873,134.10467330213987,1.0,1.0,1.4000000000000001,54.942291045747425,70,70,False
c153d46d763a906ec536457e,LaLiga,2023/2024,DEVELOPMENT,2024-05-03,20:00,MATCH_KICKOFF_TIME_TIMEZONE_NOT_STATED_BY_SOURCE,,NOT_VERIFIED_DO_NOT_INFER,Getafe,Ath Bilbao,0,2,A,EVALUATION_ONLY_JOIN_AFTER_PREMATCH_FEATURE_FREEZE,3.8,3.16,2.15,EXTERNAL_HISTORICAL_MARKET_BENCHMARK,NOT_AVAILABLE,NOT_GOLDBET,e267355ab3875c614f2b9c91883b669cbd20ba05a9e95a64cae408a4f81afb97,1494.4899969568012,1554.5353988148304,-60.04540185802921,0.6000000000000001,0.8,0.8,-37.08695661267939,71,71,False
fbf60724aeb139d4484bd5c4,LaLiga,2023/2024,DEVELOPMENT,2024-05-04,13:00,MATCH_KICKOFF_TIME_TIMEZONE_NOT_STATED_BY_SOURCE,,NOT_VERIFIED_DO_NOT_INFER,Sociedad,Las Palmas,2,0,H,EVALUATION_ONLY_JOIN_AFTER_PREMATCH_FEATURE_FREEZE,1.33,5.03,10.64,EXTERNAL_HISTORICAL_MARKET_BENCHMARK,NOT_AVAILABLE,NOT_GOLDBET,ad0361ff823b9f8fe0781de466aa1a1e75a823cb57e42058f99529390ef186d6,1541.0749876011303,1449.8857362249237,91.18925137620658,1.6,2.2,0.4,-11.625572847123067,71,33,False
34c998421a3bdfbe8230aed4,LaLiga,2023/2024,DEVELOPMENT,2024-05-04,15:15,MATCH_KICKOFF_TIME_TIMEZONE_NOT_STATED_BY_SOURCE,,NOT_VERIFIED_DO_NOT_INFER,Real Madrid,Cadiz,3,0,H,EVALUATION_ONLY_JOIN_AFTER_PREMATCH_FEATURE_FREEZE,1.36,4.93,9.46,EXTERNAL_HISTORICAL_MARKET_BENCHMARK,NOT_AVAILABLE,NOT_GOLDBET,02ec42e1818ff612e2da2a30c93b3850e2c5967d57024c21494899139ac8698a,1693.784891533805,1421.7702996434507,272.01459189035427,2.2,2.4,2.6,25.834404197171125,71,71,False
221ad7123a2b31b9af5795c6,LaLiga,2023/2024,DEVELOPMENT,2024-05-04,17:30,MATCH_KICKOFF_TIME_TIMEZONE_NOT_STATED_BY_SOURCE,,NOT_VERIFIED_DO_NOT_INFER,Girona,Barcelona,4,2,H,EVALUATION_ONLY_JOIN_AFTER_PREMATCH_FEATURE_FREEZE,2.83,3.77,2.35,EXTERNAL_HISTORICAL_MARKET_BENCHMARK,NOT_AVAILABLE,NOT_GOLDBET,4ca677d279685b77177242ff988c97e897be21b76ecbd61156d3c532b3ef4408,1594.9339742763555,1647.9261699137294,-52.992195637373925,-0.5999999999999999,-0.6,0.6000000000000001,-42.64989159811421,71,71,False
79011c68d76d9cfc43c48a6f,LaLiga,2023/2024,DEVELOPMENT,2024-05-04,20:00,MATCH_KICKOFF_TIME_TIMEZONE_NOT_STATED_BY_SOURCE,,NOT_VERIFIED_DO_NOT_INFER,Mallorca,Ath Madrid,0,1,A,EVALUATION_ONLY_JOIN_AFTER_PREMATCH_FEATURE_FREEZE,3.89,3.07,2.16,EXTERNAL_HISTORICAL_MARKET_BENCHMARK,NOT_AVAILABLE,NOT_GOLDBET,5617e6001b3ccf6678127209c924fcd5ce21319bcca62d10f2d813b4132e386a,1460.0344033790188,1590.3765225994355,-130.34211922041663,-0.8,-0.2,1.0,-55.994100295023145,71,71,False
0b4348f527d23bee48b04843,LaLiga,2023/2024,DEVELOPMENT,2024-05-05,13:00,MATCH_KICKOFF_TIME_TIMEZONE_NOT_STATED_BY_SOURCE,,NOT_VERIFIED_DO_NOT_INFER,Osasuna,Betis,0,2,A,EVALUATION_ONLY_JOIN_AFTER_PREMATCH_FEATURE_FREEZE,3.3,3.2,2.33,EXTERNAL_HISTORICAL_MARKET_BENCHMARK,NOT_AVAILABLE,NOT_GOLDBET,905f915978af20be75cac4e5d7508d786d183f73e57bd0b281a37e0989e9c4c7,1462.8222790559068,1528.3418446945748,-65.51956563866793,-0.7999999999999999,-0.6000000000000001,0.0,-16.959764004524004,71,71,False
844db777a9bc28aa7e0e1ea9,LaLiga,2023/2024,DEVELOPMENT,2024-05-05,15:15,MATCH_KICKOFF_TIME_TIMEZONE_NOT_STATED_BY_SOURCE,,NOT_VERIFIED_DO_NOT_INFER,Celta,Villarreal,3,2,H,EVALUATION_ONLY_JOIN_AFTER_PREMATCH_FEATURE_FREEZE,2.7,3.62,2.51,EXTERNAL_HISTORICAL_MARKET_BENCHMARK,NOT_AVAILABLE,NOT_GOLDBET,11e634628768818b10fd550a42379cd7cecaf43eeeadaa106962354016107d54,1442.4906076023735,1528.0309000645964,-85.54029246222285,-0.6000000000000001,-0.8,-0.8000000000000003,-28.709664706234435,71,71,False
fa3cb4d9e272fc3b7a885dec,LaLiga,2023/2024,DEVELOPMENT,2024-05-05,17:30,MATCH_KICKOFF_TIME_TIMEZONE_NOT_STATED_BY_SOURCE,,NOT_VERIFIED_DO_NOT_INFER,Valencia,Alaves,0,1,A,EVALUATION_ONLY_JOIN_AFTER_PREMATCH_FEATURE_FREEZE,2.25,3.06,3.66,EXTERNAL_HISTORICAL_MARKET_BENCHMARK,NOT_AVAILABLE,NOT_GOLDBET,5483183f48ca3ce960fcf6e4223a2515322d9176c5c62fbcfff4e6eb508a50c9,1503.961417067185,1470.9743903028748,32.98702676431026,0.19999999999999996,-0.2,0.3999999999999999,-5.425387989850833,71,33,False
89bd87ef49d90d17af7421f5,LaLiga,2023/2024,DEVELOPMENT,2024-05-05,20:00,MATCH_KICKOFF_TIME_TIMEZONE_NOT_STATED_BY_SOURCE,,NOT_VERIFIED_DO_NOT_INFER,Sevilla,Granada,3,0,H,EVALUATION_ONLY_JOIN_AFTER_PREMATCH_FEATURE_FREEZE,1.69,3.91,4.96,EXTERNAL_HISTORICAL_MARKET_BENCHMARK,NOT_AVAILABLE,NOT_GOLDBET,a43b9ba01de73bb78eb5a1ee01597ff6b2fd1ef35da42d6d153ceed06578bf08,1492.1860859345825,1399.347264261313,92.83882167326942,0.6000000000000001,0.0,1.6,-3.582595085836374,71,33,False
ea7bc3adb7538419b5fb0f3f,LaLiga,2023/2024,DEVELOPMENT,2024-05-05,20:00,MATCH_KICKOFF_TIME_TIMEZONE_NOT_STATED_BY_SOURCE,,NOT_VERIFIED_DO_NOT_INFER,Vallecano,Almeria,0,1,A,EVALUATION_ONLY_JOIN_AFTER_PREMATCH_FEATURE_FREEZE,1.66,3.89,5.45,EXTERNAL_HISTORICAL_MARKET_BENCHMARK,NOT_AVAILABLE,NOT_GOLDBET,ca281a247f5c1cd1af666e72ce25b03ce04a1e409d9149b276ca35e7f738e86a,1455.7133465403053,1368.7884409312167,86.92490560908868,0.8,1.0,0.8,-13.683949110435151,71,71,False
f9b5525f4ee7a882eff6b56c,LaLiga,2023/2024,DEVELOPMENT,2024-05-10,20:00,MATCH_KICKOFF_TIME_TIMEZONE_NOT_STATED_BY_SOURCE,,NOT_VERIFIED_DO_NOT_INFER,Alaves,Girona,2,2,D,EVALUATION_ONLY_JOIN_AFTER_PREMATCH_FEATURE_FREEZE,3.16,3.58,2.25,EXTERNAL_HISTORICAL_MARKET_BENCHMARK,NOT_AVAILABLE,NOT_GOLDBET,d498aa016d2fc27282ae70462edb6dc25e7a99bdbac0003893ed9a1444d1c66e,1483.58864819828,1604.732300801453,-121.143652603173,-0.5999999999999999,-0.6,1.4,-34.49029357512586,34,72,False
fee2790e1335514f7f28cd88,LaLiga,2023/2024,DEVELOPMENT,2024-05-11,13:00,MATCH_KICKOFF_TIME_TIMEZONE_NOT_STATED_BY_SOURCE,,NOT_VERIFIED_DO_NOT_INFER,Mallorca,Las Palmas,1,0,H,EVALUATION_ONLY_JOIN_AFTER_PREMATCH_FEATURE_FREEZE,1.65,3.53,6.57,EXTERNAL_HISTORICAL_MARKET_BENCHMARK,NOT_AVAILABLE,NOT_GOLDBET,beb10cb37bcc95380fc23f07548a06af20f3adc0cb64efec2d4c52c3bfb77854,1452.03179529998,1443.981962210567,8.049833089413141,0.4,1.4,1.0,-1.7646413516845314,72,34,False
a2aba94868da1b19429dbe04,LaLiga,2023/2024,DEVELOPMENT,2024-05-11,15:15,MATCH_KICKOFF_TIME_TIMEZONE_NOT_STATED_BY_SOURCE,,NOT_VERIFIED_DO_NOT_INFER,Villarreal,Sevilla,3,2,H,EVALUATION_ONLY_JOIN_AFTER_PREMATCH_FEATURE_FREEZE,2.01,3.8,3.55,EXTERNAL_HISTORICAL_MARKET_BENCHMARK,NOT_AVAILABLE,NOT_GOLDBET,b37e36591fe8e37d1aba838602ce7e114625a566236420cab471888cb1258345,1517.297112638596,1498.0504249307887,19.24668770780727,-1.2000000000000002,-0.9999999999999999,0.3999999999999999,12.827532105663977,72,72,False
61e788ab99bbcccd1329adaa,LaLiga,2023/2024,DEVELOPMENT,2024-05-11,17:30,MATCH_KICKOFF_TIME_TIMEZONE_NOT_STATED_BY_SOURCE,,NOT_VERIFIED_DO_NOT_INFER,Granada,Real Madrid,0,4,A,EVALUATION_ONLY_JOIN_AFTER_PREMATCH_FEATURE_FREEZE,5.6,4.48,1.56,EXTERNAL_HISTORICAL_MARKET_BENCHMARK,NOT_AVAILABLE,NOT_GOLDBET,fdc9aaf93f20de744dddacdf4e28f449d35cf5214d74abd7fcddbf7dea66c390,1393.4829252651068,1696.361746997973,-302.8788217328661,-1.6,-1.4000000000000001,-0.8000000000000003,-35.13155524555623,34,72,False
59eef30c1b70d482bb73e536,LaLiga,2023/2024,DEVELOPMENT,2024-05-11,20:00,MATCH_KICKOFF_TIME_TIMEZONE_NOT_STATED_BY_SOURCE,,NOT_VERIFIED_DO_NOT_INFER,Ath Bilbao,Osasuna,2,2,D,EVALUATION_ONLY_JOIN_AFTER_PREMATCH_FEATURE_FREEZE,1.41,4.55,8.57,EXTERNAL_HISTORICAL_MARKET_BENCHMARK,NOT_AVAILABLE,NOT_GOLDBET,e7984b6a213580e248d416a060801af98129d9b601426994817024e3947a750d,1564.534092044319,1452.9811315616994,111.55296048261971,0.4,0.4,1.0,73.53454972901454,72,72,False
15f6ece5d0d8c4787de010f4,LaLiga,2023/2024,DEVELOPMENT,2024-05-12,13:00,MATCH_KICKOFF_TIME_TIMEZONE_NOT_STATED_BY_SOURCE,,NOT_VERIFIED_DO_NOT_INFER,Cadiz,Getafe,1,0,H,EVALUATION_ONLY_JOIN_AFTER_PREMATCH_FEATURE_FREEZE,2.11,3.19,3.85,EXTERNAL_HISTORICAL_MARKET_BENCHMARK,NOT_AVAILABLE,NOT_GOLDBET,2ad0085d7439859ca60909dc55e1cc68757b7d05531cf11d7a4ccbcddbe5eb5a,1419.1934441792828,1484.4913037273125,-65.29785954802969,-0.19999999999999996,-1.0,0.6000000000000001,75.13654725212018,72,72,False
68bc4531c0aa639a21d60d13,LaLiga,2023/2024,DEVELOPMENT,2024-05-12,15:15,MATCH_KICKOFF_TIME_TIMEZONE_NOT_STATED_BY_SOURCE,,NOT_VERIFIED_DO_NOT_INFER,Ath Madrid,Celta,1,0,H,EVALUATION_ONLY_JOIN_AFTER_PREMATCH_FEATURE_FREEZE,1.4,4.92,7.92,EXTERNAL_HISTORICAL_MARKET_BENCHMARK,NOT_AVAILABLE,NOT_GOLDBET,ae980f3353592ff09b70b1ad88695cbf95145ca985cd499091505e56621ef686,1598.3791306784742,1453.224395028374,145.1547356501003,1.0,0.8,1.5999999999999999,32.06726040649187,72,72,False
93a217a1a8716a4c46cb4116,LaLiga,2023/2024,DEVELOPMENT,2024-05-12,17:30,MATCH_KICKOFF_TIME_TIMEZONE_NOT_STATED_BY_SOURCE,,NOT_VERIFIED_DO_NOT_INFER,Valencia,Vallecano,0,0,D,EVALUATION_ONLY_JOIN_AFTER_PREMATCH_FEATURE_FREEZE,2.27,3.09,3.58,EXTERNAL_HISTORICAL_MARKET_BENCHMARK,NOT_AVAILABLE,NOT_GOLDBET,3b6ce27fd58b5985731c3ff4fbeec90340804717fbe489314945dec52aadcc24,1491.3471591717798,1441.7197749967622,49.627384175017596,0.19999999999999996,0.19999999999999996,0.8,39.99545011235955,72,72,False
320efc989b10ef665f550843,LaLiga,2023/2024,DEVELOPMENT,2024-05-12,20:00,MATCH_KICKOFF_TIME_TIMEZONE_NOT_STATED_BY_SOURCE,,NOT_VERIFIED_DO_NOT_INFER,Betis,Almeria,3,2,H,EVALUATION_ONLY_JOIN_AFTER_PREMATCH_FEATURE_FREEZE,1.39,5.2,7.53,EXTERNAL_HISTORICAL_MARKET_BENCHMARK,NOT_AVAILABLE,NOT_GOLDBET,7ee39c387b78b3ce1e1879529864f1e06c042f5d178be3f372c8cc20928e74b6,1538.1829921887822,1382.7820124747598,155.40097971402247,1.2,1.6,0.0,2.064017785452961,72,72,False
904ec9f080827dfcd9441b6e,LaLiga,2023/2024,DEVELOPMENT,2024-05-13,20:00,MATCH_KICKOFF_TIME_TIMEZONE_NOT_STATED_BY_SOURCE,,NOT_VERIFIED_DO_NOT_INFER,Barcelona,Sociedad,2,0,H,EVALUATION_ONLY_JOIN_AFTER_PREMATCH_FEATURE_FREEZE,1.71,3.88,4.88,EXTERNAL_HISTORICAL_MARKET_BENCHMARK,NOT_AVAILABLE,NOT_GOLDBET,878a6de3f32b6b131471565c9a7bd16adfec6547c9baf4038c07fed091cca7b9,1638.1278433886318,1546.978761615487,91.14908177314487,0.19999999999999996,-0.2,0.6000000000000001,45.22688812248248,72,72,False
2fac1112bcda20a0918a9756,LaLiga,2023/2024,DEVELOPMENT,2024-05-14,18:30,MATCH_KICKOFF_TIME_TIMEZONE_NOT_STATED_BY_SOURCE,,NOT_VERIFIED_DO_NOT_INFER,Osasuna,Mallorca,1,1,D,EVALUATION_ONLY_JOIN_AFTER_PREMATCH_FEATURE_FREEZE,2.75,2.87,3.02,EXTERNAL_HISTORICAL_MARKET_BENCHMARK,NOT_AVAILABLE,NOT_GOLDBET,f644c39fa6cd33f287acba37d4457605e6ef0fcfdda21cf63a7ab9f0b331ca1c,1457.5531595876016,1460.097831130337,-2.5446715427353865,-0.6000000000000001,-0.9999999999999999,0.6,-33.261177906701505,73,73,False
eefe52bc174eca8b2b324ddb,LaLiga,2023/2024,DEVELOPMENT,2024-05-14,20:30,MATCH_KICKOFF_TIME_TIMEZONE_NOT_STATED_BY_SOURCE,,NOT_VERIFIED_DO_NOT_INFER,Real Madrid,Alaves,5,0,H,EVALUATION_ONLY_JOIN_AFTER_PREMATCH_FEATURE_FREEZE,1.21,7.08,13.26,EXTERNAL_HISTORICAL_MARKET_BENCHMARK,NOT_AVAILABLE,NOT_GOLDBET,4350d3fa8a50dee4b54cab3be4918b303af2e14211585cdcf2d1de57345b462e,1700.3240299996423,1485.330558152928,214.99347184671433,1.0,1.2,2.2,-7.540541524621631,73,35,False
887b09a2a4cc1b8f49da3836,LaLiga,2023/2024,DEVELOPMENT,2024-05-14,21:00,MATCH_KICKOFF_TIME_TIMEZONE_NOT_STATED_BY_SOURCE,,NOT_VERIFIED_DO_NOT_INFER,Girona,Villarreal,0,1,A,EVALUATION_ONLY_JOIN_AFTER_PREMATCH_FEATURE_FREEZE,1.66,4.59,4.52,EXTERNAL_HISTORICAL_MARKET_BENCHMARK,NOT_AVAILABLE,NOT_GOLDBET,73a0f30fee54abfb0575cc6708fa07268aa83e6efe01c65bb8d1eaca9260d278,1602.990390846805,1525.054958254844,77.93543259196099,0.0,0.19999999999999996,1.0,48.56551006721406,73,73,False
951c71556172b28cc3f4e58d,LaLiga,2023/2024,DEVELOPMENT,2024-05-15,18:30,MATCH_KICKOFF_TIME_TIMEZONE_NOT_STATED_BY_SOURCE,,NOT_VERIFIED_DO_NOT_INFER,Sevilla,Cadiz,0,1,A,EVALUATION_ONLY_JOIN_AFTER_PREMATCH_FEATURE_FREEZE,2.14,3.42,3.52,EXTERNAL_HISTORICAL_MARKET_BENCHMARK,NOT_AVAILABLE,NOT_GOLDBET,d4fd22dbd9a3805ffe7815fd97a2dff88a648ade98a0fc6348cd26714c318a18,1490.2925793145407,1429.345917017274,60.94666229726681,1.2,2.2,2.1999999999999997,-94.13365497099699,73,73,False
818fc6e2f3ff84f7f90e0100,LaLiga,2023/2024,DEVELOPMENT,2024-05-15,18:30,MATCH_KICKOFF_TIME_TIMEZONE_NOT_STATED_BY_SOURCE,,NOT_VERIFIED_DO_NOT_INFER,Vallecano,Granada,2,1,H,EVALUATION_ONLY_JOIN_AFTER_PREMATCH_FEATURE_FREEZE,1.53,4.15,6.83,EXTERNAL_HISTORICAL_MARKET_BENCHMARK,NOT_AVAILABLE,NOT_GOLDBET,d1d60c973cdbd471e80fe5e9877fa8626d2711e98e36434925c77cf7c76c4fc2,1444.7743974796938,1389.5206422634374,55.25375521625642,-0.3999999999999999,-0.19999999999999996,1.4000000000000001,-68.57638956576011,73,35,False
3a6f9b5a6b175a9a6cfa0966,LaLiga,2023/2024,DEVELOPMENT,2024-05-15,21:00,MATCH_KICKOFF_TIME_TIMEZONE_NOT_STATED_BY_SOURCE,,NOT_VERIFIED_DO_NOT_INFER,Celta,Ath Bilbao,2,1,H,EVALUATION_ONLY_JOIN_AFTER_PREMATCH_FEATURE_FREEZE,2.3,3.29,3.29,EXTERNAL_HISTORICAL_MARKET_BENCHMARK,NOT_AVAILABLE,NOT_GOLDBET,f974e81ff3e917f6422cad891392057ba193977b3b4a006b2b2e33112e432ea9,1448.5268225289003,1559.9620640184169,-111.43524148951656,0.0,-0.2,0.8,29.347035471606887,73,73,False
64d045f0efa2670ad0dc44c1,LaLiga,2023/2024,DEVELOPMENT,2024-05-15,21:00,MATCH_KICKOFF_TIME_TIMEZONE_NOT_STATED_BY_SOURCE,,NOT_VERIFIED_DO_NOT_INFER,Getafe,Ath Madrid,0,3,A,EVALUATION_ONLY_JOIN_AFTER_PREMATCH_FEATURE_FREEZE,5.03,3.73,1.74,EXTERNAL_HISTORICAL_MARKET_BENCHMARK,NOT_AVAILABLE,NOT_GOLDBET,e33989a776c85e5920c6dd9b7e773934ff45a86ec166eda904a32dbace55e9b5,1474.3388308893213,1603.0767031779478,-128.73787228862648,-1.4,-1.0,-0.3999999999999999,-32.54693576085765,73,73,False
f85d2551e1f94077bdbf0c33,LaLiga,2023/2024,DEVELOPMENT,2024-05-16,18:30,MATCH_KICKOFF_TIME_TIMEZONE_NOT_STATED_BY_SOURCE,,NOT_VERIFIED_DO_NOT_INFER,Las Palmas,Betis,2,2,D,EVALUATION_ONLY_JOIN_AFTER_PREMATCH_FEATURE_FREEZE,3.14,3.28,2.36,EXTERNAL_HISTORICAL_MARKET_BENCHMARK,NOT_AVAILABLE,NOT_GOLDBET,5fbd30022ef7b400c59a5923b821e8d7906995f4e37d9d1b552511e9a519fc45,1435.91592638021,1542.671893934767,-106.75596755455695,-2.6,-3.0,-1.0,37.46799779389653,35,73,False
62039cfbb1b7d5995aaf0410,LaLiga,2023/2024,DEVELOPMENT,2024-05-16,20:30,MATCH_KICKOFF_TIME_TIMEZONE_NOT_STATED_BY_SOURCE,,NOT_VERIFIED_DO_NOT_INFER,Almeria,Barcelona,0,2,A,EVALUATION_ONLY_JOIN_AFTER_PREMATCH_FEATURE_FREEZE,7.12,5.39,1.39,EXTERNAL_HISTORICAL_MARKET_BENCHMARK,NOT_AVAILABLE,NOT_GOLDBET,fc917372ea10a4a32aae7749ccc1a644e931193386e8720ed62de1ed21d60853,1378.293110728775,1644.0325796274367,-265.7394688986617,-1.0,-1.0,-0.9999999999999999,-42.83050452530256,73,73,False
3f77a62a3696e24533cd4e47,LaLiga,2023/2024,DEVELOPMENT,2024-05-16,21:00,MATCH_KICKOFF_TIME_TIMEZONE_NOT_STATED_BY_SOURCE,,NOT_VERIFIED_DO_NOT_INFER,Sociedad,Valencia,1,0,H,EVALUATION_ONLY_JOIN_AFTER_PREMATCH_FEATURE_FREEZE,1.48,4.19,7.81,EXTERNAL_HISTORICAL_MARKET_BENCHMARK,NOT_AVAILABLE,NOT_GOLDBET,944d08f2b2d2b128955d99536295274a9be1d73551173dd444b7e75be38b0735,1541.0740253766821,1488.2925366888483,52.78148868783387,0.19999999999999996,0.39999999999999997,0.19999999999999996,14.053990852332845,73,73,False
1121ecfbf6a15d6a7d882c91,LaLiga,2023/2024,DEVELOPMENT,2024-05-18,20:00,MATCH_KICKOFF_TIME_TIMEZONE_NOT_STATED_BY_SOURCE,,NOT_VERIFIED_DO_NOT_INFER,Alaves,Getafe,1,0,H,EVALUATION_ONLY_JOIN_AFTER_PREMATCH_FEATURE_FREEZE,1.95,3.36,4.22,EXTERNAL_HISTORICAL_MARKET_BENCHMARK,NOT_AVAILABLE,NOT_GOLDBET,31c4b16037420553b7ea21d2fd0b8ef6627c986bc92bf4219c0aabe2c2c5ef25,1481.923108390066,1466.2918504073725,15.631257982693569,1.2,1.0,1.2,70.25764797318402,36,74,False
996a2db25eee83d94996d610,LaLiga,2023/2024,DEVELOPMENT,2024-05-19,18:00,MATCH_KICKOFF_TIME_TIMEZONE_NOT_STATED_BY_SOURCE,,NOT_VERIFIED_DO_NOT_INFER,Ath Bilbao,Sevilla,2,0,H,EVALUATION_ONLY_JOIN_AFTER_PREMATCH_FEATURE_FREEZE,1.57,4.24,5.89,EXTERNAL_HISTORICAL_MARKET_BENCHMARK,NOT_AVAILABLE,NOT_GOLDBET,b5ad5ab4394f34b38d24c46da544d9bc05fd694968a5d725132def43099c6e23,1548.4923600753073,1476.9455740115477,71.54678606375955,-0.3999999999999999,-0.6000000000000001,-0.20000000000000018,3.347405812399984,74,74,False
c829af3449a6fecd68dc1c58,LaLiga,2023/2024,DEVELOPMENT,2024-05-19,18:00,MATCH_KICKOFF_TIME_TIMEZONE_NOT_STATED_BY_SOURCE,,NOT_VERIFIED_DO_NOT_INFER,Ath Madrid,Osasuna,1,4,A,EVALUATION_ONLY_JOIN_AFTER_PREMATCH_FEATURE_FREEZE,1.31,5.47,10.07,EXTERNAL_HISTORICAL_MARKET_BENCHMARK,NOT_AVAILABLE,NOT_GOLDBET,5b572eb159a1a3ab06136ad83813e46316e39f8b20f81fcc6f28063fff105852,1611.1236836598966,1455.914373842661,155.20930981723563,2.0,2.2,1.5999999999999999,1.1216652302848615,74,74,False
a1873e67bbf59ba0d54d2032,LaLiga,2023/2024,DEVELOPMENT,2024-05-19,18:00,MATCH_KICKOFF_TIME_TIMEZONE_NOT_STATED_BY_SOURCE,,NOT_VERIFIED_DO_NOT_INFER,Barcelona,Vallecano,3,0,H,EVALUATION_ONLY_JOIN_AFTER_PREMATCH_FEATURE_FREEZE,1.32,5.7,8.99,EXTERNAL_HISTORICAL_MARKET_BENCHMARK,NOT_AVAILABLE,NOT_GOLDBET,419e7f23ae86013273568be5e04191b48ee76ab02dc8b7c18519e9108815656d,1648.7180648210237,1451.573680633047,197.1443841879768,0.40000000000000013,1.0,2.6,90.78055341939876,74,74,False
9bdfd5aecd4c4fdef6c88d9f,LaLiga,2023/2024,DEVELOPMENT,2024-05-19,18:00,MATCH_KICKOFF_TIME_TIMEZONE_NOT_STATED_BY_SOURCE,,NOT_VERIFIED_DO_NOT_INFER,Betis,Sociedad,0,2,A,EVALUATION_ONLY_JOIN_AFTER_PREMATCH_FEATURE_FREEZE,3.36,3,2.43,EXTERNAL_HISTORICAL_MARKET_BENCHMARK,NOT_AVAILABLE,NOT_GOLDBET,14a37afc055a7ca865c237dd3b92c028177486d5d2e0a89f0cedf0fc29d53f40,1541.3342145338654,1547.9373209938776,-6.603106460012214,0.8000000000000003,0.8,0.6000000000000001,-91.31349272166017,74,74,False
196b900595fdce245280a0d8,LaLiga,2023/2024,DEVELOPMENT,2024-05-19,18:00,MATCH_KICKOFF_TIME_TIMEZONE_NOT_STATED_BY_SOURCE,,NOT_VERIFIED_DO_NOT_INFER,Cadiz,Las Palmas,0,0,D,EVALUATION_ONLY_JOIN_AFTER_PREMATCH_FEATURE_FREEZE,1.91,3.4,4.45,EXTERNAL_HISTORICAL_MARKET_BENCHMARK,NOT_AVAILABLE,NOT_GOLDBET,ad23436e245d5caccac5463a5c807f825230dc392157b4410bf70d8fc789b642,1442.692922320267,1437.2536057811117,5.439316539155243,1.2,0.8,1.8,29.250889520936653,74,36,False
1e304c5025289cf9559c672c,LaLiga,2023/2024,DEVELOPMENT,2024-05-19,18:00,MATCH_KICKOFF_TIME_TIMEZONE_NOT_STATED_BY_SOURCE,,NOT_VERIFIED_DO_NOT_INFER,Granada,Celta,1,2,A,EVALUATION_ONLY_JOIN_AFTER_PREMATCH_FEATURE_FREEZE,3.83,3.41,2.05,EXTERNAL_HISTORICAL_MARKET_BENCHMARK,NOT_AVAILABLE,NOT_GOLDBET,e3157e42779e0a929efa42411eb44c6f887417c4cd0d7e846bd39039910dfd94,1382.7213591100842,1459.99652647201,-77.2751673619257,-1.0,-1.2,0.6,11.773983632219824,36,74,False
deecbff8726d5fb0430d36b1,LaLiga,2023/2024,DEVELOPMENT,2024-05-19,18:00,MATCH_KICKOFF_TIME_TIMEZONE_NOT_STATED_BY_SOURCE,,NOT_VERIFIED_DO_NOT_INFER,Mallorca,Almeria,2,2,D,EVALUATION_ONLY_JOIN_AFTER_PREMATCH_FEATURE_FREEZE,1.39,4.54,9.36,EXTERNAL_HISTORICAL_MARKET_BENCHMARK,NOT_AVAILABLE,NOT_GOLDBET,fd99bc3c5c3175be94f4a5263340754c01ba913c5501f8eb5d2e00863685d7f4,1461.7366168752776,1373.607625535188,88.12899134008967,0.4,0.8,0.40000000000000013,-48.254781167687725,74,74,False
eed043bc44c4b9fb37bcd2f0,LaLiga,2023/2024,DEVELOPMENT,2024-05-19,18:00,MATCH_KICKOFF_TIME_TIMEZONE_NOT_STATED_BY_SOURCE,,NOT_VERIFIED_DO_NOT_INFER,Valencia,Girona,1,3,A,EVALUATION_ONLY_JOIN_AFTER_PREMATCH_FEATURE_FREEZE,3.77,3.73,1.96,EXTERNAL_HISTORICAL_MARKET_BENCHMARK,NOT_AVAILABLE,NOT_GOLDBET,63b960e68573f21d5cdc0f323ab400d675c0162da11aa19ffca46360cef2fd8c,1481.4292410716528,1589.2165130849457,-107.78727201329298,-1.8,-2.2,0.19999999999999996,14.959424819485776,74,74,False
81fadee38fd0890c932fd86d,LaLiga,2023/2024,DEVELOPMENT,2024-05-19,18:00,MATCH_KICKOFF_TIME_TIMEZONE_NOT_STATED_BY_SOURCE,,NOT_VERIFIED_DO_NOT_INFER,Villarreal,Real Madrid,4,4,D,EVALUATION_ONLY_JOIN_AFTER_PREMATCH_FEATURE_FREEZE,3.02,3.92,2.19,EXTERNAL_HISTORICAL_MARKET_BENCHMARK,NOT_AVAILABLE,NOT_GOLDBET,db964bde294fd395a0fd61c379a9c5114a435d67dbd8b45a46de133c81239d17,1538.8288360167032,1703.7314797625043,-164.90264374580102,-0.6000000000000001,-1.7999999999999998,-0.20000000000000018,-21.71365219415611,74,74,False
a709bca97d40b9d8096f830d,LaLiga,2023/2024,DEVELOPMENT,2024-05-24,20:00,MATCH_KICKOFF_TIME_TIMEZONE_NOT_STATED_BY_SOURCE,,NOT_VERIFIED_DO_NOT_INFER,Girona,Granada,7,0,H,EVALUATION_ONLY_JOIN_AFTER_PREMATCH_FEATURE_FREEZE,1.22,7.18,11.79,EXTERNAL_HISTORICAL_MARKET_BENCHMARK,NOT_AVAILABLE,NOT_GOLDBET,5edaa045838d1b19cdd934b524574c5cb7489cc7e9e6b884186beb18ffd0a89d,1597.8496931613556,1373.2181690469986,224.63152411435703,1.4,2.2,2.1999999999999997,5.813744357524229,75,37,False
4fd8b148af2275d64dbe04c6,LaLiga,2023/2024,DEVELOPMENT,2024-05-25,13:00,MATCH_KICKOFF_TIME_TIMEZONE_NOT_STATED_BY_SOURCE,,NOT_VERIFIED_DO_NOT_INFER,Osasuna,Villarreal,1,1,D,EVALUATION_ONLY_JOIN_AFTER_PREMATCH_FEATURE_FREEZE,2.54,3.69,2.6,EXTERNAL_HISTORICAL_MARKET_BENCHMARK,NOT_AVAILABLE,NOT_GOLDBET,33931a004ee742fadd424f8a48291273489bc50930b32c4ede7bec9f32097be9,1471.4216297701055,1541.7596516300928,-70.3380218599873,-1.0,-1.2000000000000002,-1.2,-31.39047852676299,75,75,False
e9ce81410c3d0c5050f99786,LaLiga,2023/2024,DEVELOPMENT,2024-05-25,15:15,MATCH_KICKOFF_TIME_TIMEZONE_NOT_STATED_BY_SOURCE,,NOT_VERIFIED_DO_NOT_INFER,Sociedad,Ath Madrid,0,2,A,EVALUATION_ONLY_JOIN_AFTER_PREMATCH_FEATURE_FREEZE,2.65,3.3,2.73,EXTERNAL_HISTORICAL_MARKET_BENCHMARK,NOT_AVAILABLE,NOT_GOLDBET,0cd4d2cad1810c4fc2cfec5392f174411b398b65413d21c52fcf8ccc84b673a9,1559.4622198620473,1595.6164277324522,-36.15420787040489,-0.5999999999999999,-0.4,0.19999999999999996,79.56677218014761,75,75,False
afefd81b2424add08f0a8ada,LaLiga,2023/2024,DEVELOPMENT,2024-05-25,17:30,MATCH_KICKOFF_TIME_TIMEZONE_NOT_STATED_BY_SOURCE,,NOT_VERIFIED_DO_NOT_INFER,Almeria,Cadiz,6,1,H,EVALUATION_ONLY_JOIN_AFTER_PREMATCH_FEATURE_FREEZE,2.12,3.76,3.3,EXTERNAL_HISTORICAL_MARKET_BENCHMARK,NOT_AVAILABLE,NOT_GOLDBET,12a81d11e834f5c249b77de1fdd4f65fd8d60df398fce43d1e9350fe7c03df4b,1377.6302858647193,1440.8313884673332,-63.2011026026139,-0.8,-0.6000000000000001,-0.6000000000000001,4.069549668651007,75,75,False
73e353ec4c707abd79a41f32,LaLiga,2023/2024,DEVELOPMENT,2024-05-25,17:30,MATCH_KICKOFF_TIME_TIMEZONE_NOT_STATED_BY_SOURCE,,NOT_VERIFIED_DO_NOT_INFER,Vallecano,Ath Bilbao,0,1,A,EVALUATION_ONLY_JOIN_AFTER_PREMATCH_FEATURE_FREEZE,3.19,3.25,2.37,EXTERNAL_HISTORICAL_MARKET_BENCHMARK,NOT_AVAILABLE,NOT_GOLDBET,a3a6e7ea1640fb67556dbd16c3eb1d5786fed0ca943983b2099088b57f2540e9,1447.865863439592,1554.8772577791544,-107.01139433956246,-0.5999999999999999,-1.4,0.8,-7.178677458359971,75,75,False
cda325f54a901005f49c9880,LaLiga,2023/2024,DEVELOPMENT,2024-05-25,20:00,MATCH_KICKOFF_TIME_TIMEZONE_NOT_STATED_BY_SOURCE,,NOT_VERIFIED_DO_NOT_INFER,Real Madrid,Betis,0,0,D,EVALUATION_ONLY_JOIN_AFTER_PREMATCH_FEATURE_FREEZE,1.22,7.18,11.6,EXTERNAL_HISTORICAL_MARKET_BENCHMARK,NOT_AVAILABLE,NOT_GOLDBET,ac374aa0776090cc52a82015a6eafa2b6bae687919e3925ff5fef3e999dfde15,1700.8006641491147,1529.8093156656957,170.99134848341896,1.0,2.4,1.6,13.902347421963896,75,75,False
8c60c234b15cfbd92bc02b90,LaLiga,2023/2024,DEVELOPMENT,2024-05-26,13:00,MATCH_KICKOFF_TIME_TIMEZONE_NOT_STATED_BY_SOURCE,,NOT_VERIFIED_DO_NOT_INFER,Getafe,Mallorca,1,2,A,EVALUATION_ONLY_JOIN_AFTER_PREMATCH_FEATURE_FREEZE,2.33,3.19,3.31,EXTERNAL_HISTORICAL_MARKET_BENCHMARK,NOT_AVAILABLE,NOT_GOLDBET,422e1b0dca125bd4336fc7e27fe2956f6f57dbc1f6ca8560742e09405760cb34,1458.4349482004238,1457.7139565457462,0.7209916546776185,-0.6,-1.0,0.20000000000000007,29.635705205331988,75,75,False
a7e3481099e73766ffdd2f31,LaLiga,2023/2024,DEVELOPMENT,2024-05-26,15:15,MATCH_KICKOFF_TIME_TIMEZONE_NOT_STATED_BY_SOURCE,,NOT_VERIFIED_DO_NOT_INFER,Celta,Valencia,2,2,D,EVALUATION_ONLY_JOIN_AFTER_PREMATCH_FEATURE_FREEZE,1.94,3.66,3.87,EXTERNAL_HISTORICAL_MARKET_BENCHMARK,NOT_AVAILABLE,NOT_GOLDBET,4fca929325dc05ee5e42eb97283d8e0b95b315bfbd5e6549fea20dd0ee82fa20,1469.4997165350956,1472.796060995243,-3.2963444601473384,1.6,1.0,1.4000000000000001,-30.770638428862185,75,75,False
7e30f29b998116988f10fae2,LaLiga,2023/2024,DEVELOPMENT,2024-05-26,15:15,MATCH_KICKOFF_TIME_TIMEZONE_NOT_STATED_BY_SOURCE,,NOT_VERIFIED_DO_NOT_INFER,Las Palmas,Alaves,1,1,D,EVALUATION_ONLY_JOIN_AFTER_PREMATCH_FEATURE_FREEZE,2.35,3.46,3.05,EXTERNAL_HISTORICAL_MARKET_BENCHMARK,NOT_AVAILABLE,NOT_GOLDBET,a82a69cf0f6be7d6e73e94b154f0c170e06526524ca4bd48ffc348304ae9e701,1439.1151396340454,1489.7800105970148,-50.66487096296942,-1.6,-1.0,-0.39999999999999997,-32.07509479881378,37,37,False
b03c046afec8c815f5327516,LaLiga,2023/2024,DEVELOPMENT,2024-05-26,20:00,MATCH_KICKOFF_TIME_TIMEZONE_NOT_STATED_BY_SOURCE,,NOT_VERIFIED_DO_NOT_INFER,Sevilla,Barcelona,1,2,A,EVALUATION_ONLY_JOIN_AFTER_PREMATCH_FEATURE_FREEZE,4.43,4.26,1.71,EXTERNAL_HISTORICAL_MARKET_BENCHMARK,NOT_AVAILABLE,NOT_GOLDBET,3efb472b3a59bdf1dbfab0fa2ff78ee9205e30f03c6379e741cbe4cb9a73a638,1470.5606763077005,1652.4258820144787,-181.86520570677817,-1.5999999999999999,-1.5999999999999999,0.0,-10.99920257269855,75,75,False
bb5e697d6c33120bdc444350,LaLiga,2024/2025,DEVELOPMENT,2024-08-15,18:00,MATCH_KICKOFF_TIME_TIMEZONE_NOT_STATED_BY_SOURCE,,NOT_VERIFIED_DO_NOT_INFER,Ath Bilbao,Getafe,1,1,D,EVALUATION_ONLY_JOIN_AFTER_PREMATCH_FEATURE_FREEZE,1.59,3.63,6.96,EXTERNAL_HISTORICAL_MARKET_BENCHMARK,NOT_AVAILABLE,NOT_GOLDBET,81b3febd99df057fe8dce51068e8988905a1d9b3f78c359e53d8698d648ba247,1531.7661794336623,1473.3524183893637,58.41376104429855,2.0,2.4000000000000004,1.0,-39.12664452186664,76,76,False
9c3968dd57560914c353cf10,LaLiga,2024/2025,DEVELOPMENT,2024-08-15,20:30,MATCH_KICKOFF_TIME_TIMEZONE_NOT_STATED_BY_SOURCE,,NOT_VERIFIED_DO_NOT_INFER,Betis,Girona,1,1,D,EVALUATION_ONLY_JOIN_AFTER_PREMATCH_FEATURE_FREEZE,2.35,3.37,3.1,EXTERNAL_HISTORICAL_MARKET_BENCHMARK,NOT_AVAILABLE,NOT_GOLDBET,055900dd6db90bed65231ccf3871783e5fca2701543f1f8a2e98635c8931b3e8,1517.8125564687398,1550.5515791186745,-32.73902264993467,-0.3999999999999999,-1.8,0.0,3.808203313672948,76,76,False
f912e3cc1d588faa9ee9ebe6,LaLiga,2024/2025,DEVELOPMENT,2024-08-16,18:00,MATCH_KICKOFF_TIME_TIMEZONE_NOT_STATED_BY_SOURCE,,NOT_VERIFIED_DO_NOT_INFER,Celta,Alaves,2,1,H,EVALUATION_ONLY_JOIN_AFTER_PREMATCH_FEATURE_FREEZE,2.1,3.24,3.86,EXTERNAL_HISTORICAL_MARKET_BENCHMARK,NOT_AVAILABLE,NOT_GOLDBET,e6598f47e96d24c0155691885c0a4da3936e4886702e18c784f4d0b671090eee,1483.9409960398518,1495.0243162852566,-11.08332024540482,0.3999999999999999,1.0,1.4000000000000001,-34.507044608576734,76,38,False
c0b655853ff85454b1e0ccb5,LaLiga,2024/2025,DEVELOPMENT,2024-08-16,20:30,MATCH_KICKOFF_TIME_TIMEZONE_NOT_STATED_BY_SOURCE,,NOT_VERIFIED_DO_NOT_INFER,Las Palmas,Sevilla,2,2,D,EVALUATION_ONLY_JOIN_AFTER_PREMATCH_FEATURE_FREEZE,2.66,3.19,2.83,EXTERNAL_HISTORICAL_MARKET_BENCHMARK,NOT_AVAILABLE,NOT_GOLDBET,648aac98c0cedaf8d3232d6c15b0cee73e5712e870c595f31771926835cc14a6,1469.4232588302734,1481.9655684625889,-12.542309632315437,0.0,-0.19999999999999996,-0.9999999999999999,-15.731385250762287,38,76,False
445ddfe73c6d9bb0809e108e,LaLiga,2024/2025,DEVELOPMENT,2024-08-17,18:00,MATCH_KICKOFF_TIME_TIMEZONE_NOT_STATED_BY_SOURCE,,NOT_VERIFIED_DO_NOT_INFER,Osasuna,Leganes,1,1,D,EVALUATION_ONLY_JOIN_AFTER_PREMATCH_FEATURE_FREEZE,1.87,3.26,4.92,EXTERNAL_HISTORICAL_MARKET_BENCHMARK,NOT_AVAILABLE,NOT_GOLDBET,88014cf07733025b138e6c473e33b1d2f2749b51ca8c529731c6d73f3ee6ee62,1485.859547087061,1500.0,-14.140452912939054,,,,,76,0,False
aa54a3bcca35f68a9f101ba3,LaLiga,2024/2025,DEVELOPMENT,2024-08-17,20:30,MATCH_KICKOFF_TIME_TIMEZONE_NOT_STATED_BY_SOURCE,,NOT_VERIFIED_DO_NOT_INFER,Valencia,Barcelona,1,2,A,EVALUATION_ONLY_JOIN_AFTER_PREMATCH_FEATURE_FREEZE,4.3,3.74,1.84,EXTERNAL_HISTORICAL_MARKET_BENCHMARK,NOT_AVAILABLE,NOT_GOLDBET,e76e6acb3750b4c0bce5213ae2d80adadf8b33c1d80dffb8c6e8ac186e99d52c,1487.2068927253174,1579.5277106985009,-92.32081797318347,-2.0,-2.0,-1.4,14.02884334699911,76,76,False
bd74a66ff8b4963b356c7d9b,LaLiga,2024/2025,DEVELOPMENT,2024-08-18,18:00,MATCH_KICKOFF_TIME_TIMEZONE_NOT_STATED_BY_SOURCE,,NOT_VERIFIED_DO_NOT_INFER,Sociedad,Vallecano,1,2,A,EVALUATION_ONLY_JOIN_AFTER_PREMATCH_FEATURE_FREEZE,1.77,3.38,5.37,EXTERNAL_HISTORICAL_MARKET_BENCHMARK,NOT_AVAILABLE,NOT_GOLDBET,372cee7d24cfeac8d50c249d38dae5bb6abf3d7c900661cfaf1585885c11f972,1524.3884792249492,1469.605381175711,54.783098049238106,1.0,1.0,0.9999999999999999,52.001038720421775,76,76,False
9d90cadcda2993584f40c12e,LaLiga,2024/2025,DEVELOPMENT,2024-08-18,20:30,MATCH_KICKOFF_TIME_TIMEZONE_NOT_STATED_BY_SOURCE,,NOT_VERIFIED_DO_NOT_INFER,Mallorca,Real Madrid,1,1,D,EVALUATION_ONLY_JOIN_AFTER_PREMATCH_FEATURE_FREEZE,8.64,4.85,1.38,EXTERNAL_HISTORICAL_MARKET_BENCHMARK,NOT_AVAILABLE,NOT_GOLDBET,ed4029e6e829c2fbe722ae973f6076bbc5b9795314f62304cfb3153f05639f2d,1484.7220339837213,1597.4924334386653,-112.77039945494403,-0.6000000000000001,-2.1999999999999997,-1.2000000000000002,-9.053543322133692,76,76,False
d1d0ea9e0b02def54949466b,LaLiga,2024/2025,DEVELOPMENT,2024-08-19,18:00,MATCH_KICKOFF_TIME_TIMEZONE_NOT_STATED_BY_SOURCE,,NOT_VERIFIED_DO_NOT_INFER,Valladolid,Espanol,1,0,H,EVALUATION_ONLY_JOIN_AFTER_PREMATCH_FEATURE_FREEZE,2.3,2.9,3.71,EXTERNAL_HISTORICAL_MARKET_BENCHMARK,NOT_AVAILABLE,NOT_GOLDBET,f7e74d008fd286db31206d8f80344c815fe01443784a3dfb9c062449ed95d6df,1486.3392401728097,1486.3122516510068,0.026988521802877585,-0.19999999999999996,-0.39999999999999997,0.5999999999999999,-24.418538190888967,38,38,False
c9f4a18d8557eba0e9366d2c,LaLiga,2024/2025,DEVELOPMENT,2024-08-19,20:30,MATCH_KICKOFF_TIME_TIMEZONE_NOT_STATED_BY_SOURCE,,NOT_VERIFIED_DO_NOT_INFER,Villarreal,Ath Madrid,2,2,D,EVALUATION_ONLY_JOIN_AFTER_PREMATCH_FEATURE_FREEZE,3.48,3.57,2.08,EXTERNAL_HISTORICAL_MARKET_BENCHMARK,NOT_AVAILABLE,NOT_GOLDBET,be9af897266d4d7d34dd038deb4d24ba46190c7f1be182347d93287be2248ad5,1520.7310936130384,1553.1508445723005,-32.419750959262046,-0.7999999999999998,-0.6000000000000001,-0.3999999999999999,63.1420619822311,76,76,False
be9c4bd36c8c5ebab6a9bf43,LaLiga,2024/2025,DEVELOPMENT,2024-08-23,18:00,MATCH_KICKOFF_TIME_TIMEZONE_NOT_STATED_BY_SOURCE,,NOT_VERIFIED_DO_NOT_INFER,Celta,Valencia,3,1,H,EVALUATION_ONLY_JOIN_AFTER_PREMATCH_FEATURE_FREEZE,2.17,3.35,3.53,EXTERNAL_HISTORICAL_MARKET_BENCHMARK,NOT_AVAILABLE,NOT_GOLDBET,a7ccf318db774666ebd83fe937d1b8ee9456ecf0b80473460d6ecaf496638299,1492.5422907218663,1478.134486394923,14.407804326943278,1.6,1.2000000000000002,1.2000000000000002,-22.43096192090229,77,77,False
37f83c956761bfb6fcdff21f,LaLiga,2024/2025,DEVELOPMENT,2024-08-23,20:30,MATCH_KICKOFF_TIME_TIMEZONE_NOT_STATED_BY_SOURCE,,NOT_VERIFIED_DO_NOT_INFER,Sevilla,Villarreal,1,2,A,EVALUATION_ONLY_JOIN_AFTER_PREMATCH_FEATURE_FREEZE,2.19,3.61,3.22,EXTERNAL_HISTORICAL_MARKET_BENCHMARK,NOT_AVAILABLE,NOT_GOLDBET,d1aac1abb74b91b94dc90503b9321ecd09b1fa38f0d5f6a6e176ae4920f7fe68,1483.3230782789626,1519.9389334826756,-36.615855203712954,-1.6,-1.4,-0.40000000000000013,-42.47204786131488,77,77,False
72102ab43110f1da811ab166,LaLiga,2024/2025,DEVELOPMENT,2024-08-24,16:00,MATCH_KICKOFF_TIME_TIMEZONE_NOT_STATED_BY_SOURCE,,NOT_VERIFIED_DO_NOT_INFER,Osasuna,Mallorca,1,0,H,EVALUATION_ONLY_JOIN_AFTER_PREMATCH_FEATURE_FREEZE,2.37,3.11,3.33,EXTERNAL_HISTORICAL_MARKET_BENCHMARK,NOT_AVAILABLE,NOT_GOLDBET,fc3e79b7c4ffe70c1ba99ee27c024f3c58c5b6758399b95b841fa0903f302efc,1484.5472157529828,1486.2293153773646,-1.6820996243818627,-0.40000000000000013,0.19999999999999996,-0.6,69.28902589844006,77,77,False
c8ff5aa6d2c7af277b970f67,LaLiga,2024/2025,DEVELOPMENT,2024-08-24,18:00,MATCH_KICKOFF_TIME_TIMEZONE_NOT_STATED_BY_SOURCE,,NOT_VERIFIED_DO_NOT_INFER,Barcelona,Ath Bilbao,2,1,H,EVALUATION_ONLY_JOIN_AFTER_PREMATCH_FEATURE_FREEZE,1.59,4.28,5.45,EXTERNAL_HISTORICAL_MARKET_BENCHMARK,NOT_AVAILABLE,NOT_GOLDBET,fa24caf4e8635e4b097bdd0f34e3ff84a1fb61c98dc2978139f0fe9dd0289d8e,1588.6001170288953,1528.4840671912323,60.11604983766301,1.4,1.4,1.8,6.9882624158447015,77,77,False
284ba08124014090aeaf51e0,LaLiga,2024/2025,DEVELOPMENT,2024-08-24,20:30,MATCH_KICKOFF_TIME_TIMEZONE_NOT_STATED_BY_SOURCE,,NOT_VERIFIED_DO_NOT_INFER,Espanol,Sociedad,0,1,A,EVALUATION_ONLY_JOIN_AFTER_PREMATCH_FEATURE_FREEZE,3.86,3.11,2.16,EXTERNAL_HISTORICAL_MARKET_BENCHMARK,NOT_AVAILABLE,NOT_GOLDBET,baa5a9b3fcf3fb283e2ee640f51fc8b62a21c3bcbb48f78c4ccc75d51523d3c4,1478.0229792930493,1511.1999264536425,-33.17694716059327,0.0,0.4,-0.8,-48.71813103275849,39,77,False
e852633b4ed4f24a7aa014b0,LaLiga,2024/2025,DEVELOPMENT,2024-08-24,20:30,MATCH_KICKOFF_TIME_TIMEZONE_NOT_STATED_BY_SOURCE,,NOT_VERIFIED_DO_NOT_INFER,Getafe,Vallecano,0,0,D,EVALUATION_ONLY_JOIN_AFTER_PREMATCH_FEATURE_FREEZE,2.66,2.8,3.22,EXTERNAL_HISTORICAL_MARKET_BENCHMARK,NOT_AVAILABLE,NOT_GOLDBET,4d2cab832fcfb4f8351ddd3ee4462f5c997750dcdc0ac34e0587f08f57e62199,1476.6345306317937,1482.7939339470176,-6.159403315223926,-1.2,-0.7999999999999999,-0.8,-23.03564230672805,77,77,False
9b6c52cab2c73a4fa6d50648,LaLiga,2024/2025,DEVELOPMENT,2024-08-25,16:00,MATCH_KICKOFF_TIME_TIMEZONE_NOT_STATED_BY_SOURCE,,NOT_VERIFIED_DO_NOT_INFER,Real Madrid,Valladolid,3,0,H,EVALUATION_ONLY_JOIN_AFTER_PREMATCH_FEATURE_FREEZE,1.14,9.12,18.96,EXTERNAL_HISTORICAL_MARKET_BENCHMARK,NOT_AVAILABLE,NOT_GOLDBET,23a33be8b52eb89751371369875ac07dee696988f8ea99220a3e181cfd821b33,1595.985152045022,1494.6285125307672,101.35663951425477,0.19999999999999996,1.6,1.8,-14.750691193670946,77,39,False
a6e0f0ce3cd353e715bfa2a7,LaLiga,2024/2025,DEVELOPMENT,2024-08-25,18:00,MATCH_KICKOFF_TIME_TIMEZONE_NOT_STATED_BY_SOURCE,,NOT_VERIFIED_DO_NOT_INFER,Leganes,Las Palmas,2,1,H,EVALUATION_ONLY_JOIN_AFTER_PREMATCH_FEATURE_FREEZE,2.43,2.98,3.38,EXTERNAL_HISTORICAL_MARKET_BENCHMARK,NOT_AVAILABLE,NOT_GOLDBET,1819a6964c7899b04cffe0fa3084cdc8d5a99719a2d58de6b91d9527150feccb,1501.3123313340782,1468.0657490138997,33.246582320178504,0.19999999999999996,0.2,,4.031108964137275,1,39,False
2745ec3c4bab83e6b7eab36c,LaLiga,2024/2025,DEVELOPMENT,2024-08-25,18:15,MATCH_KICKOFF_TIME_TIMEZONE_NOT_STATED_BY_SOURCE,,NOT_VERIFIED_DO_NOT_INFER,Alaves,Betis,0,0,D,EVALUATION_ONLY_JOIN_AFTER_PREMATCH_FEATURE_FREEZE,2.45,2.97,3.3,EXTERNAL_HISTORICAL_MARKET_BENCHMARK,NOT_AVAILABLE,NOT_GOLDBET,eae77ffed180bce64978938a28a15219fa2149af6741b2af4eef086c6ab727a9,1486.4230216032422,1517.0295287135677,-30.606507110325538,-0.19999999999999996,-0.8,0.3999999999999999,15.283362753145639,39,77,False
ae86355fa1fd00d46fecbf8c,LaLiga,2024/2025,DEVELOPMENT,2024-08-25,20:30,MATCH_KICKOFF_TIME_TIMEZONE_NOT_STATED_BY_SOURCE,,NOT_VERIFIED_DO_NOT_INFER,Ath Madrid,Girona,3,0,H,EVALUATION_ONLY_JOIN_AFTER_PREMATCH_FEATURE_FREEZE,1.48,4.65,6.44,EXTERNAL_HISTORICAL_MARKET_BENCHMARK,NOT_AVAILABLE,NOT_GOLDBET,4fa170d6885a4a1e7f5f1eab0af681acb122d1da741806c4a2fb21fba8c2d8aa,1553.9430047026633,1551.3346068738465,2.6083978288168055,0.3999999999999999,-1.0,0.19999999999999996,16.513468038985366,77,77,False
f86884d7012c92cabc3f2fa0,LaLiga,2024/2025,DEVELOPMENT,2024-08-26,20:30,MATCH_KICKOFF_TIME_TIMEZONE_NOT_STATED_BY_SOURCE,,NOT_VERIFIED_DO_NOT_INFER,Villarreal,Celta,4,3,H,EVALUATION_ONLY_JOIN_AFTER_PREMATCH_FEATURE_FREEZE,1.66,4.2,4.91,EXTERNAL_HISTORICAL_MARKET_BENCHMARK,NOT_AVAILABLE,NOT_GOLDBET,1283bce5032998cebbf811b17fb8021d88954dcc6f3b26ffd272d173ee08f7b5,1530.6109688148176,1500.4328146652824,30.178154149535203,-0.8,-0.6,0.40000000000000013,85.19582728535079,78,78,False
7f2bb523af134f8a14e6943c,LaLiga,2024/2025,DEVELOPMENT,2024-08-27,18:00,MATCH_KICKOFF_TIME_TIMEZONE_NOT_STATED_BY_SOURCE,,NOT_VERIFIED_DO_NOT_INFER,Mallorca,Sevilla,0,0,D,EVALUATION_ONLY_JOIN_AFTER_PREMATCH_FEATURE_FREEZE,2.32,3.18,3.37,EXTERNAL_HISTORICAL_MARKET_BENCHMARK,NOT_AVAILABLE,NOT_GOLDBET,e793b493f1f228658bfa329799081bd4b9ad7f73ad64c70ab7241785f9b9eebd,1477.892251308889,1472.6510429468206,5.241208362068392,1.0,1.0,0.0,-49.598193781029295,78,78,False
8af6ebc13a8ee15b322be83a,LaLiga,2024/2025,DEVELOPMENT,2024-08-27,20:30,MATCH_KICKOFF_TIME_TIMEZONE_NOT_STATED_BY_SOURCE,,NOT_VERIFIED_DO_NOT_INFER,Vallecano,Barcelona,1,2,A,EVALUATION_ONLY_JOIN_AFTER_PREMATCH_FEATURE_FREEZE,5.26,3.98,1.67,EXTERNAL_HISTORICAL_MARKET_BENCHMARK,NOT_AVAILABLE,NOT_GOLDBET,1efc175c203a0718d65bf13c74122bf28cfc3d6290552b50efbe7713f5b46df3,1484.3313042211903,1595.2743574712918,-110.94305325010146,-1.6,-2.0,-0.40000000000000013,55.60410942685712,78,78,False
9d1941ab2aca5b197f5195f9,LaLiga,2024/2025,DEVELOPMENT,2024-08-28,18:00,MATCH_KICKOFF_TIME_TIMEZONE_NOT_STATED_BY_SOURCE,,NOT_VERIFIED_DO_NOT_INFER,Ath Bilbao,Valencia,1,0,H,EVALUATION_ONLY_JOIN_AFTER_PREMATCH_FEATURE_FREEZE,1.73,3.69,5.14,EXTERNAL_HISTORICAL_MARKET_BENCHMARK,NOT_AVAILABLE,NOT_GOLDBET,90eae07e27c45f0f47f1eed0047f683714f2f0d133876085d61051dc994efaa0,1521.8098267488358,1470.2439624515068,51.56586429732897,1.2,1.4,0.5999999999999999,-47.313892203758314,78,78,False
9110eeb4d46521b4c55f20f0,LaLiga,2024/2025,DEVELOPMENT,2024-08-28,18:00,MATCH_KICKOFF_TIME_TIMEZONE_NOT_STATED_BY_SOURCE,,NOT_VERIFIED_DO_NOT_INFER,Valladolid,Leganes,0,0,D,EVALUATION_ONLY_JOIN_AFTER_PREMATCH_FEATURE_FREEZE,2.21,3.01,3.88,EXTERNAL_HISTORICAL_MARKET_BENCHMARK,NOT_AVAILABLE,NOT_GOLDBET,e98f38253e5806f2a2c1dd25a6306fef7523eb74c84e0e488ea7be99edffe2ff,1488.9653244141816,1508.6911147567557,-19.7257903425741,-0.3999999999999999,-0.5,0.3999999999999999,51.64204336409102,40,2,False
e8491aa2961a3002fdec54dd,LaLiga,2024/2025,DEVELOPMENT,2024-08-28,20:30,MATCH_KICKOFF_TIME_TIMEZONE_NOT_STATED_BY_SOURCE,,NOT_VERIFIED_DO_NOT_INFER,Ath Madrid,Espanol,0,0,D,EVALUATION_ONLY_JOIN_AFTER_PREMATCH_FEATURE_FREEZE,1.26,5.74,13.11,EXTERNAL_HISTORICAL_MARKET_BENCHMARK,NOT_AVAILABLE,NOT_GOLDBET,10ec1d7a09c5021281440a8272aea8490678629a4cfc9ae68d65b13624f083cb,1562.1602454341119,1467.252479966219,94.90776546789289,1.4,1.4,1.5999999999999999,10.606635252458773,78,40,False
6c9409a94287868cec2f7a5d,LaLiga,2024/2025,DEVELOPMENT,2024-08-28,20:30,MATCH_KICKOFF_TIME_TIMEZONE_NOT_STATED_BY_SOURCE,,NOT_VERIFIED_DO_NOT_INFER,Sociedad,Alaves,1,2,A,EVALUATION_ONLY_JOIN_AFTER_PREMATCH_FEATURE_FREEZE,1.6,3.77,6.61,EXTERNAL_HISTORICAL_MARKET_BENCHMARK,NOT_AVAILABLE,NOT_GOLDBET,bce6954e2877d0fd9cac896199d3d5e8fe0accf210ca8b2c35cdd7b853ea3390,1521.9704257804729,1485.579021519588,36.39140426088488,0.8,1.2,0.3999999999999999,-6.766001074110818,78,40,False
a07d79175a31c689a824cf05,LaLiga,2024/2025,DEVELOPMENT,2024-08-29,18:00,MATCH_KICKOFF_TIME_TIMEZONE_NOT_STATED_BY_SOURCE,,NOT_VERIFIED_DO_NOT_INFER,Girona,Osasuna,4,0,H,EVALUATION_ONLY_JOIN_AFTER_PREMATCH_FEATURE_FREEZE,1.69,3.93,4.99,EXTERNAL_HISTORICAL_MARKET_BENCHMARK,NOT_AVAILABLE,NOT_GOLDBET,6035e1228133577534199162d8c4cf79ff384dd0c4443856d94a0d3cc965906b,1543.117366142398,1492.8842798214584,50.23308632093949,-0.40000000000000013,0.19999999999999996,1.0,-29.550510450558477,78,78,False
f04065a7e3b286221933e700,LaLiga,2024/2025,DEVELOPMENT,2024-08-29,20:30,MATCH_KICKOFF_TIME_TIMEZONE_NOT_STATED_BY_SOURCE,,NOT_VERIFIED_DO_NOT_INFER,Las Palmas,Real Madrid,1,1,D,EVALUATION_ONLY_JOIN_AFTER_PREMATCH_FEATURE_FREEZE,9.07,5.49,1.33,EXTERNAL_HISTORICAL_MARKET_BENCHMARK,NOT_AVAILABLE,NOT_GOLDBET,aea6011a3ce0e58e9ce3c41aeafffba16244fc761ef7aacdb9a09ffddfd0c4c7,1460.6869655912221,1601.6483401616076,-140.9613745703855,-1.0,-1.8,-1.6,-14.979305940220002,40,78,False
93da467dd80d90904e3502ab,LaLiga,2024/2025,DEVELOPMENT,2024-08-31,16:00,MATCH_KICKOFF_TIME_TIMEZONE_NOT_STATED_BY_SOURCE,,NOT_VERIFIED_DO_NOT_INFER,Barcelona,Valladolid,7,0,H,EVALUATION_ONLY_JOIN_AFTER_PREMATCH_FEATURE_FREEZE,1.2,7.23,13.12,EXTERNAL_HISTORICAL_MARKET_BENCHMARK,NOT_AVAILABLE,NOT_GOLDBET,c18443ab0d1f8d57f11fd77c9abc69d7c63e2af9edcd29d514c0d9b661002005,1603.8185167249176,1487.8113037508178,116.00721297409973,1.8,1.7999999999999998,2.8,-18.488237015158802,79,41,False
443329b4ab3184efcf731f2d,LaLiga,2024/2025,DEVELOPMENT,2024-08-31,18:00,MATCH_KICKOFF_TIME_TIMEZONE_NOT_STATED_BY_SOURCE,,NOT_VERIFIED_DO_NOT_INFER,Ath Bilbao,Ath Madrid,0,1,A,EVALUATION_ONLY_JOIN_AFTER_PREMATCH_FEATURE_FREEZE,2.8,3.25,2.64,EXTERNAL_HISTORICAL_MARKET_BENCHMARK,NOT_AVAILABLE,NOT_GOLDBET,eb2f1f15ef083f0ddfae2a9577105f8c181b7bd688140fbaa03a741f4f46a970,1528.7047028919894,1557.975342369404,-29.270639477414534,0.3999999999999999,0.19999999999999996,-0.19999999999999996,-19.53736776738151,79,79,False
8311891774fa6f5202c3d319,LaLiga,2024/2025,DEVELOPMENT,2024-08-31,18:15,MATCH_KICKOFF_TIME_TIMEZONE_NOT_STATED_BY_SOURCE,,NOT_VERIFIED_DO_NOT_INFER,Espanol,Vallecano,2,1,H,EVALUATION_ONLY_JOIN_AFTER_PREMATCH_FEATURE_FREEZE,2.79,2.91,2.92,EXTERNAL_HISTORICAL_MARKET_BENCHMARK,NOT_AVAILABLE,NOT_GOLDBET,4f7355f8ce055ab5b522d0c6735234ba032a33df40f83dfdce901cebf370cc50,1471.4373830309269,1475.7871449675645,-4.349761936637606,-0.20000000000000007,0.4,0.0,-65.86943680899594,41,79,False
71fe16f64de5e6572285836b,LaLiga,2024/2025,DEVELOPMENT,2024-08-31,20:30,MATCH_KICKOFF_TIME_TIMEZONE_NOT_STATED_BY_SOURCE,,NOT_VERIFIED_DO_NOT_INFER,Leganes,Mallorca,0,1,A,EVALUATION_ONLY_JOIN_AFTER_PREMATCH_FEATURE_FREEZE,2.84,2.73,3.03,EXTERNAL_HISTORICAL_MARKET_BENCHMARK,NOT_AVAILABLE,NOT_GOLDBET,2c9379d000c93d3e8c33cf77ebf0b76893a1c3a5d309275fb7e39f8f9306839b,1509.8451354201195,1476.036222459095,33.80891296102459,0.4666666666666668,0.3333333333333333,2.0,3.6168869968980744,3,79,False
e3c9d8ab38b4f7f9b5d92c1e,LaLiga,2024/2025,DEVELOPMENT,2024-08-31,20:30,MATCH_KICKOFF_TIME_TIMEZONE_NOT_STATED_BY_SOURCE,,NOT_VERIFIED_DO_NOT_INFER,Valencia,Villarreal,1,1,D,EVALUATION_ONLY_JOIN_AFTER_PREMATCH_FEATURE_FREEZE,2.66,3.28,2.76,EXTERNAL_HISTORICAL_MARKET_BENCHMARK,NOT_AVAILABLE,NOT_GOLDBET,5cad726a6f74ba14563b94278c35e18d9d5bcb4fd5854b7cdda7fdc7b96c182a,1463.3490863083532,1538.0721893688055,-74.72310306045233,-1.6,-1.6,-1.8,-11.892757851982196,79,79,False
899567812c91e0b170ce7ee9,LaLiga,2024/2025,DEVELOPMENT,2024-09-01,16:00,MATCH_KICKOFF_TIME_TIMEZONE_NOT_STATED_BY_SOURCE,,NOT_VERIFIED_DO_NOT_INFER,Alaves,Las Palmas,2,0,H,EVALUATION_ONLY_JOIN_AFTER_PREMATCH_FEATURE_FREEZE,1.74,3.56,5.2,EXTERNAL_HISTORICAL_MARKET_BENCHMARK,NOT_AVAILABLE,NOT_GOLDBET,73ebc6d321a875abd9dc84972668ce2fe31eee6f0e08c18a1467669d3ba392c6,1498.2843324290463,1462.975939356926,35.30839307212045,0.8,0.4,2.0,-17.81024646004903,41,41,False
9abaee9ea542365ec159322a,LaLiga,2024/2025,DEVELOPMENT,2024-09-01,16:00,MATCH_KICKOFF_TIME_TIMEZONE_NOT_STATED_BY_SOURCE,,NOT_VERIFIED_DO_NOT_INFER,Osasuna,Celta,3,2,H,EVALUATION_ONLY_JOIN_AFTER_PREMATCH_FEATURE_FREEZE,2.51,3.26,2.95,EXTERNAL_HISTORICAL_MARKET_BENCHMARK,NOT_AVAILABLE,NOT_GOLDBET,7f5c884d29a4554fcff05b04fa8418295aa93b3b59ce50ddb2677167af8b1877,1485.954700712776,1492.9715941112945,-7.016893398518505,-0.3999999999999999,-0.6,0.6,64.58856504188543,79,79,False
97d10add53335a191778ed21,LaLiga,2024/2025,DEVELOPMENT,2024-09-01,18:00,MATCH_KICKOFF_TIME_TIMEZONE_NOT_STATED_BY_SOURCE,,NOT_VERIFIED_DO_NOT_INFER,Sevilla,Girona,0,2,A,EVALUATION_ONLY_JOIN_AFTER_PREMATCH_FEATURE_FREEZE,2.83,3.62,2.41,EXTERNAL_HISTORICAL_MARKET_BENCHMARK,NOT_AVAILABLE,NOT_GOLDBET,caa1a987c1e5af84659732660abf4dd9d1ee9437e32d414206b5733f44481831,1474.5070717966146,1550.0469452510804,-75.5398734544658,-1.6,-2.8,-0.40000000000000013,49.77708692002216,79,79,False
dc192c587ac37df10b1d1b7b,LaLiga,2024/2025,DEVELOPMENT,2024-09-01,18:15,MATCH_KICKOFF_TIME_TIMEZONE_NOT_STATED_BY_SOURCE,,NOT_VERIFIED_DO_NOT_INFER,Getafe,Sociedad,0,0,D,EVALUATION_ONLY_JOIN_AFTER_PREMATCH_FEATURE_FREEZE,3.15,2.72,2.78,EXTERNAL_HISTORICAL_MARKET_BENCHMARK,NOT_AVAILABLE,NOT_GOLDBET,3a4a700fef048606fe556a64f95cb7c1a4b3b9bf42e80f060b674c283705c1af,1475.097160357621,1509.2651148710145,-34.1679545133934,-0.7999999999999999,-0.8,-1.6,-2.5768285520450718,78,79,False
0a323268039311617e3c9745,LaLiga,2024/2025,DEVELOPMENT,2024-09-01,20:30,MATCH_KICKOFF_TIME_TIMEZONE_NOT_STATED_BY_SOURCE,,NOT_VERIFIED_DO_NOT_INFER,Real Madrid,Betis,2,0,H,EVALUATION_ONLY_JOIN_AFTER_PREMATCH_FEATURE_FREEZE,1.25,6.27,11.97,EXTERNAL_HISTORICAL_MARKET_BENCHMARK,NOT_AVAILABLE,NOT_GOLDBET,d0593b6d7b3682c1158aa6c8fdaddd9975ae208e135b973b553264e8b7ba971d,1599.3593663959039,1517.873528797222,81.48583759868188,0.5999999999999999,1.0,0.8,-42.5905696914017,79,78,False
467d26d8637f64b7717bd655,LaLiga,2024/2025,DEVELOPMENT,2024-09-13,20:00,MATCH_KICKOFF_TIME_TIMEZONE_NOT_STATED_BY_SOURCE,,NOT_VERIFIED_DO_NOT_INFER,Betis,Leganes,2,0,H,EVALUATION_ONLY_JOIN_AFTER_PREMATCH_FEATURE_FREEZE,1.67,3.59,5.99,EXTERNAL_HISTORICAL_MARKET_BENCHMARK,NOT_AVAILABLE,NOT_GOLDBET,632cd99b20b4da17ba621d190bf5671b1aab0e098bc4342bf9e903a4fb38037f,1511.7347018425705,1497.2088521184073,14.525849724163209,-0.65,-0.8,0.6000000000000001,97.28267970860315,79,4,False
bd0f6efce62315e77214367a,LaLiga,2024/2025,DEVELOPMENT,2024-09-14,13:00,MATCH_KICKOFF_TIME_TIMEZONE_NOT_STATED_BY_SOURCE,,NOT_VERIFIED_DO_NOT_INFER,Mallorca,Villarreal,1,2,A,EVALUATION_ONLY_JOIN_AFTER_PREMATCH_FEATURE_FREEZE,2.36,3.24,3.21,EXTERNAL_HISTORICAL_MARKET_BENCHMARK,NOT_AVAILABLE,NOT_GOLDBET,62037d8cc2d1ef4d71d20c9e9d140f1b9902b24de06d9e20185a0a8a7f4b2ebc,1488.672505760807,1537.6486778774818,-48.97617211667466,-0.19999999999999996,-0.2,-0.40000000000000013,10.258664432801424,80,80,False
598852d46555c3787f67457e,LaLiga,2024/2025,DEVELOPMENT,2024-09-14,15:15,MATCH_KICKOFF_TIME_TIMEZONE_NOT_STATED_BY_SOURCE,,NOT_VERIFIED_DO_NOT_INFER,Espanol,Alaves,3,2,H,EVALUATION_ONLY_JOIN_AFTER_PREMATCH_FEATURE_FREEZE,2.93,3,2.71,EXTERNAL_HISTORICAL_MARKET_BENCHMARK,NOT_AVAILABLE,NOT_GOLDBET,f690c1eeb5d340043f0c745403f994e13722efe78421cdeb1f6769ea2eb58be3,1479.8491992878935,1505.6079360211731,-25.758736733279648,-0.6000000000000001,-0.6000000000000001,-0.3999999999999999,12.712284168963834,42,42,False
ac3f175c89c49f47e035e3be,LaLiga,2024/2025,DEVELOPMENT,2024-09-14,17:30,MATCH_KICKOFF_TIME_TIMEZONE_NOT_STATED_BY_SOURCE,,NOT_VERIFIED_DO_NOT_INFER,Sevilla,Getafe,1,0,H,EVALUATION_ONLY_JOIN_AFTER_PREMATCH_FEATURE_FREEZE,2.26,3.05,3.69,EXTERNAL_HISTORICAL_MARKET_BENCHMARK,NOT_AVAILABLE,NOT_GOLDBET,48e9ae880c5196799ed31d192f3319b55fde68001777989469b9fb3213e87563,1464.9540472848898,1474.3550213360397,-9.400974051149888,-0.19999999999999996,-0.4,-0.4,41.2529955399782,80,79,False
a89629ebdbfce6b3874fc0c8,LaLiga,2024/2025,DEVELOPMENT,2024-09-14,20:00,MATCH_KICKOFF_TIME_TIMEZONE_NOT_STATED_BY_SOURCE,,NOT_VERIFIED_DO_NOT_INFER,Sociedad,Real Madrid,0,2,A,EVALUATION_ONLY_JOIN_AFTER_PREMATCH_FEATURE_FREEZE,4.79,3.73,1.76,EXTERNAL_HISTORICAL_MARKET_BENCHMARK,NOT_AVAILABLE,NOT_GOLDBET,d143054435ad6a0bc29e1c05faf00313899941c6feb556cbfca837034f82e0b0,1510.0072538925958,1605.4981933505553,-95.49093945795948,-1.0,-1.6,-0.6000000000000001,3.240122701958626,80,80,False
26d17c4f47375c84ecbce749,LaLiga,2024/2025,DEVELOPMENT,2024-09-15,13:00,MATCH_KICKOFF_TIME_TIMEZONE_NOT_STATED_BY_SOURCE,,NOT_VERIFIED_DO_NOT_INFER,Celta,Valladolid,3,1,H,EVALUATION_ONLY_JOIN_AFTER_PREMATCH_FEATURE_FREEZE,1.65,3.95,5.36,EXTERNAL_HISTORICAL_MARKET_BENCHMARK,NOT_AVAILABLE,NOT_GOLDBET,cda82f0bd399300a4c7ddde197cf8977c0b75cf7d8a347dcde59e8c949f1cc22,1484.4848580657597,1482.484140075134,2.000717990625617,0.3999999999999999,2.0,2.4,-40.156460469520425,80,42,False
64ce39ade63a58670f312b56,LaLiga,2024/2025,DEVELOPMENT,2024-09-15,15:15,MATCH_KICKOFF_TIME_TIMEZONE_NOT_STATED_BY_SOURCE,,NOT_VERIFIED_DO_NOT_INFER,Girona,Barcelona,1,4,A,EVALUATION_ONLY_JOIN_AFTER_PREMATCH_FEATURE_FREEZE,4.3,4.21,1.74,EXTERNAL_HISTORICAL_MARKET_BENCHMARK,NOT_AVAILABLE,NOT_GOLDBET,88e1804f672517485ecb2b00a056173d69cbb4354e27379118ffb03f1bced50a,1559.5999697628051,1609.1456804006013,-49.54571063779622,-1.0,-0.20000000000000018,0.0,-9.205832471956683,80,80,False
9e34f87b0f791e5ee6831c38,LaLiga,2024/2025,DEVELOPMENT,2024-09-15,17:30,MATCH_KICKOFF_TIME_TIMEZONE_NOT_STATED_BY_SOURCE,,NOT_VERIFIED_DO_NOT_INFER,Las Palmas,Ath Bilbao,2,3,A,EVALUATION_ONLY_JOIN_AFTER_PREMATCH_FEATURE_FREEZE,3.97,3.42,2.01,EXTERNAL_HISTORICAL_MARKET_BENCHMARK,NOT_AVAILABLE,NOT_GOLDBET,68bf03be781411c09a9a849fdb2168a0cba614491425d0f2d966b5dfd19b42fd,1455.652335764799,1517.8225399082135,-62.17020414341437,-0.7999999999999999,-0.6,-0.3999999999999999,6.9905758611148485,42,80,False
ca7bfd2ef680433170abc521,LaLiga,2024/2025,DEVELOPMENT,2024-09-15,20:00,MATCH_KICKOFF_TIME_TIMEZONE_NOT_STATED_BY_SOURCE,,NOT_VERIFIED_DO_NOT_INFER,Ath Madrid,Valencia,3,0,H,EVALUATION_ONLY_JOIN_AFTER_PREMATCH_FEATURE_FREEZE,1.35,4.96,9.87,EXTERNAL_HISTORICAL_MARKET_BENCHMARK,NOT_AVAILABLE,NOT_GOLDBET,2c151ab586f3bb531f124bb28c4c05682ae4e9cc3d3051f855e7a25cba927921,1568.85750535318,1463.772597799677,105.08490755350294,1.8000000000000003,2.0,1.8,5.206673826807219,80,80,False
585066c083505b60a3c7b612,LaLiga,2024/2025,DEVELOPMENT,2024-09-16,20:00,MATCH_KICKOFF_TIME_TIMEZONE_NOT_STATED_BY_SOURCE,,NOT_VERIFIED_DO_NOT_INFER,Vallecano,Osasuna,3,1,H,EVALUATION_ONLY_JOIN_AFTER_PREMATCH_FEATURE_FREEZE,2.11,3.16,3.97,EXTERNAL_HISTORICAL_MARKET_BENCHMARK,NOT_AVAILABLE,NOT_GOLDBET,556dcf7ee58d41a2b112ccc6497af6bc48a46e22e9c2aedd9675a9d764893625,1467.3753287105978,1494.4414367583108,-27.066108047712987,-0.8,0.0,0.3999999999999999,11.706816175393215,80,80,False
3704458a02d7ba4ce9b79e02,LaLiga,2024/2025,DEVELOPMENT,2024-09-17,18:00,MATCH_KICKOFF_TIME_TIMEZONE_NOT_STATED_BY_SOURCE,,NOT_VERIFIED_DO_NOT_INFER,Mallorca,Sociedad,1,0,H,EVALUATION_ONLY_JOIN_AFTER_PREMATCH_FEATURE_FREEZE,3.01,2.65,3,EXTERNAL_HISTORICAL_MARKET_BENCHMARK,NOT_AVAILABLE,NOT_GOLDBET,b89fd02815f515e9604f5bbf2fa8bf9a7733547812f4917c93ec521d5e02d1b0,1478.3553209223905,1501.025226904925,-22.669905982534374,0.19999999999999996,0.39999999999999997,-0.40000000000000013,17.676353947909092,81,81,False
2180dfe5ad8ba6b71222a099,LaLiga,2024/2025,DEVELOPMENT,2024-09-18,18:00,MATCH_KICKOFF_TIME_TIMEZONE_NOT_STATED_BY_SOURCE,,NOT_VERIFIED_DO_NOT_INFER,Betis,Getafe,2,1,H,EVALUATION_ONLY_JOIN_AFTER_PREMATCH_FEATURE_FREEZE,1.9,3.12,5.05,EXTERNAL_HISTORICAL_MARKET_BENCHMARK,NOT_AVAILABLE,NOT_GOLDBET,576530372517d72df2216b71e3777f2dbaee3494273b2059d0562fce1dd5e613,1519.6219795894347,1465.8011686545854,53.820810934849305,0.6,0.4,0.8,77.57005026060256,80,80,False
ff7cbaf252eda464d3a74169,LaLiga,2024/2025,DEVELOPMENT,2024-09-19,18:00,MATCH_KICKOFF_TIME_TIMEZONE_NOT_STATED_BY_SOURCE,,NOT_VERIFIED_DO_NOT_INFER,Leganes,Ath Bilbao,0,2,A,EVALUATION_ONLY_JOIN_AFTER_PREMATCH_FEATURE_FREEZE,4.19,3.03,2.11,EXTERNAL_HISTORICAL_MARKET_BENCHMARK,NOT_AVAILABLE,NOT_GOLDBET,bc5144ab205599ccd7d3befd492d6859c69787f1644acec094cfb1b75c214ac3,1489.3215743715432,1527.7600772242106,-38.4385028526674,-0.3999999999999999,-0.4,-0.30000000000000004,-23.032526237432194,5,81,False
6375629d32df5cc8f1740a9c,LaLiga,2024/2025,DEVELOPMENT,2024-09-20,20:00,MATCH_KICKOFF_TIME_TIMEZONE_NOT_STATED_BY_SOURCE,,NOT_VERIFIED_DO_NOT_INFER,Alaves,Sevilla,2,1,H,EVALUATION_ONLY_JOIN_AFTER_PREMATCH_FEATURE_FREEZE,2.18,3.21,3.66,EXTERNAL_HISTORICAL_MARKET_BENCHMARK,NOT_AVAILABLE,NOT_GOLDBET,ebc0fda5a37492cbf61c51458fb6d0f7548d88decf989beba2ac0121efc31bd0,1496.590300307985,1473.5078999663442,23.082400341640778,0.3999999999999999,0.6000000000000001,1.6,-5.178064206049157,43,81,False
aca4d8a9c985a6dfb1beec2e,LaLiga,2024/2025,DEVELOPMENT,2024-09-21,13:00,MATCH_KICKOFF_TIME_TIMEZONE_NOT_STATED_BY_SOURCE,,NOT_VERIFIED_DO_NOT_INFER,Valladolid,Sociedad,0,0,D,EVALUATION_ONLY_JOIN_AFTER_PREMATCH_FEATURE_FREEZE,3.98,3.04,2.16,EXTERNAL_HISTORICAL_MARKET_BENCHMARK,NOT_AVAILABLE,NOT_GOLDBET,5c5f35c9b09fbf79a0942db3f8584f7319bd3480b12527d11005fc56b1f889aa,1474.2499595334634,1492.0955577874752,-17.845598254011747,0.0,-1.6,0.20000000000000018,31.347843560051615,43,82,False
15280bdc46158763bbd6b333,LaLiga,2024/2025,DEVELOPMENT,2024-09-21,15:15,MATCH_KICKOFF_TIME_TIMEZONE_NOT_STATED_BY_SOURCE,,NOT_VERIFIED_DO_NOT_INFER,Osasuna,Las Palmas,2,1,H,EVALUATION_ONLY_JOIN_AFTER_PREMATCH_FEATURE_FREEZE,1.85,3.57,4.48,EXTERNAL_HISTORICAL_MARKET_BENCHMARK,NOT_AVAILABLE,NOT_GOLDBET,912ecef68c8d0e37fd5773434bfdc986c82f55e0fd5b5a898401feb46c1767aa,1485.3865214056068,1445.714798448802,39.67172295680484,0.9999999999999999,0.0,1.6,-22.267901590775637,81,43,False
a22f13d7a88994c5456b9929,LaLiga,2024/2025,DEVELOPMENT,2024-09-21,17:30,MATCH_KICKOFF_TIME_TIMEZONE_NOT_STATED_BY_SOURCE,,NOT_VERIFIED_DO_NOT_INFER,Valencia,Girona,2,0,H,EVALUATION_ONLY_JOIN_AFTER_PREMATCH_FEATURE_FREEZE,2.57,3.18,2.98,EXTERNAL_HISTORICAL_MARKET_BENCHMARK,NOT_AVAILABLE,NOT_GOLDBET,feffa19024c60c117976edbb5cb628fdf3d55802300169b89bac77ccb4148987,1458.1961285113352,1549.2991619055854,-91.10303339425013,-1.2,-1.4,-1.2000000000000002,10.503385940222188,81,81,False
4da3ee97946bb2c21256e8a0,LaLiga,2024/2025,DEVELOPMENT,2024-09-21,20:00,MATCH_KICKOFF_TIME_TIMEZONE_NOT_STATED_BY_SOURCE,,NOT_VERIFIED_DO_NOT_INFER,Real Madrid,Espanol,4,1,H,EVALUATION_ONLY_JOIN_AFTER_PREMATCH_FEATURE_FREEZE,1.12,9.28,20.24,EXTERNAL_HISTORICAL_MARKET_BENCHMARK,NOT_AVAILABLE,NOT_GOLDBET,849aa3725ff3b5ec3b65673ce8d7e353c2c4118f4d0f62fd3bdffe66eb485bd9,1614.4802203382262,1488.8668350010817,125.61338533714456,0.8000000000000003,1.4,1.6,-14.635239650754556,81,43,False
eef4ba120d348b7116191e77,LaLiga,2024/2025,DEVELOPMENT,2024-09-22,13:00,MATCH_KICKOFF_TIME_TIMEZONE_NOT_STATED_BY_SOURCE,,NOT_VERIFIED_DO_NOT_INFER,Getafe,Leganes,1,1,D,EVALUATION_ONLY_JOIN_AFTER_PREMATCH_FEATURE_FREEZE,2.05,2.78,5.08,EXTERNAL_HISTORICAL_MARKET_BENCHMARK,NOT_AVAILABLE,NOT_GOLDBET,13994f918f5d5601131d0afbb61c0715c8c6a00dcc83666b2398a80fa0e5f472,1458.9648185499163,1478.701780068111,-19.736961518194676,-0.20000000000000007,0.4,-0.2666666666666666,7.167836034412176,81,6,False
d00ed90c33e8417456c8d097,LaLiga,2024/2025,DEVELOPMENT,2024-09-22,15:15,MATCH_KICKOFF_TIME_TIMEZONE_NOT_STATED_BY_SOURCE,,NOT_VERIFIED_DO_NOT_INFER,Ath Bilbao,Celta,3,1,H,EVALUATION_ONLY_JOIN_AFTER_PREMATCH_FEATURE_FREEZE,1.8,3.6,4.74,EXTERNAL_HISTORICAL_MARKET_BENCHMARK,NOT_AVAILABLE,NOT_GOLDBET,3bab4a77a78a9c93876429fc2cf8476646072d3da162217dbce4920c6377ce12,1538.3798715276428,1492.7190386074303,45.66083292021244,0.0,-0.19999999999999996,1.0,17.916943940648025,82,81,False
dda410bd0481f871151d1e25,LaLiga,2024/2025,DEVELOPMENT,2024-09-22,17:30,MATCH_KICKOFF_TIME_TIMEZONE_NOT_STATED_BY_SOURCE,,NOT_VERIFIED_DO_NOT_INFER,Villarreal,Barcelona,1,5,A,EVALUATION_ONLY_JOIN_AFTER_PREMATCH_FEATURE_FREEZE,3.76,4.01,1.9,EXTERNAL_HISTORICAL_MARKET_BENCHMARK,NOT_AVAILABLE,NOT_GOLDBET,9758cc61fbeb50657bbae94050d59b264764eca960a6b47ce0a508fdd2dda39a,1547.9658627158983,1619.446488257821,-71.48062554192279,-0.7999999999999998,-2.0,-0.7999999999999998,-11.701041613131338,81,81,False
c1fb5c3ea33dc2f48de7e39f,LaLiga,2024/2025,DEVELOPMENT,2024-09-22,20:00,MATCH_KICKOFF_TIME_TIMEZONE_NOT_STATED_BY_SOURCE,,NOT_VERIFIED_DO_NOT_INFER,Vallecano,Ath Madrid,1,1,D,EVALUATION_ONLY_JOIN_AFTER_PREMATCH_FEATURE_FREEZE,5.32,3.54,1.74,EXTERNAL_HISTORICAL_MARKET_BENCHMARK,NOT_AVAILABLE,NOT_GOLDBET,b961196b8c6674e71f47cbb56ba15c1e720a79384b598f14793a1298e55568ee,1476.4302440633019,1574.4339746415217,-98.0037305782198,-0.8000000000000003,-1.2,-1.4000000000000001,6.076141194500451,81,81,False
976bfc78bc71c56b0ab91d1f,LaLiga,2024/2025,DEVELOPMENT,2024-09-23,20:00,MATCH_KICKOFF_TIME_TIMEZONE_NOT_STATED_BY_SOURCE,,NOT_VERIFIED_DO_NOT_INFER,Betis,Mallorca,1,2,A,EVALUATION_ONLY_JOIN_AFTER_PREMATCH_FEATURE_FREEZE,1.86,3.18,5.16,EXTERNAL_HISTORICAL_MARKET_BENCHMARK,NOT_AVAILABLE,NOT_GOLDBET,cc8bc453374e22da58c413de4405cdf5c7f4c35ac41078ec9301a1066e42c92f,1526.4583296941037,1487.2849900398403,39.17333965426337,0.20000000000000018,0.2,0.3999999999999999,18.72533779769674,81,82,False
6e8156eabf748c8a186359ac,LaLiga,2024/2025,DEVELOPMENT,2024-09-24,18:00,MATCH_KICKOFF_TIME_TIMEZONE_NOT_STATED_BY_SOURCE,,NOT_VERIFIED_DO_NOT_INFER,Sevilla,Valladolid,2,1,H,EVALUATION_ONLY_JOIN_AFTER_PREMATCH_FEATURE_FREEZE,1.61,3.9,6.01,EXTERNAL_HISTORICAL_MARKET_BENCHMARK,NOT_AVAILABLE,NOT_GOLDBET,43008b76ff25d2f5d0c41052e66625dbee44b7ac4374251af9ad12b4918c5bee,1465.8546417689402,1473.0425771386165,-7.187935369676325,0.4,1.7999999999999998,0.39999999999999997,-33.250349538652245,82,44,False
96958ef004552e89926576c9,LaLiga,2024/2025,DEVELOPMENT,2024-09-24,18:00,MATCH_KICKOFF_TIME_TIMEZONE_NOT_STATED_BY_SOURCE,,NOT_VERIFIED_DO_NOT_INFER,Valencia,Osasuna,0,0,D,EVALUATION_ONLY_JOIN_AFTER_PREMATCH_FEATURE_FREEZE,2,3.14,4.43,EXTERNAL_HISTORICAL_MARKET_BENCHMARK,NOT_AVAILABLE,NOT_GOLDBET,6579644bbbdd0d61ce539af4aafa89b6673f56cb617cce4c3ef579e06febebaf,1469.0889619504321,1492.5939308288937,-23.50496887846157,-1.0,-0.20000000000000007,0.19999999999999996,47.03451426156312,82,82,False
bc58847f8b96024d4822c7af,LaLiga,2024/2025,DEVELOPMENT,2024-09-24,20:00,MATCH_KICKOFF_TIME_TIMEZONE_NOT_STATED_BY_SOURCE,,NOT_VERIFIED_DO_NOT_INFER,Real Madrid,Alaves,3,2,H,EVALUATION_ONLY_JOIN_AFTER_PREMATCH_FEATURE_FREEZE,1.16,7.96,18.08,EXTERNAL_HISTORICAL_MARKET_BENCHMARK,NOT_AVAILABLE,NOT_GOLDBET,0ecafaecd8b579d25d6303b2692e69d90bbc74557995ac796eb58d0e864023ab,1619.5940785976004,1504.243558505389,115.35052009221135,0.6000000000000001,1.4,1.8,3.346020541536973,82,44,False
884c72409ab911e1afabbd42,LaLiga,2024/2025,DEVELOPMENT,2024-09-25,18:00,MATCH_KICKOFF_TIME_TIMEZONE_NOT_STATED_BY_SOURCE,,NOT_VERIFIED_DO_NOT_INFER,Girona,Vallecano,0,0,D,EVALUATION_ONLY_JOIN_AFTER_PREMATCH_FEATURE_FREEZE,1.69,3.86,5.16,EXTERNAL_HISTORICAL_MARKET_BENCHMARK,NOT_AVAILABLE,NOT_GOLDBET,76b18902a7c312f763514197d382d29a44cba6f4fed31012d099d55fb934fecf,1538.4063284664885,1477.5197376439987,60.88659082248978,0.19999999999999996,-0.4,0.8,-4.709103460234246,82,82,False
93bdaaaaf39907c9dad2813d,LaLiga,2024/2025,DEVELOPMENT,2024-09-25,20:00,MATCH_KICKOFF_TIME_TIMEZONE_NOT_STATED_BY_SOURCE,,NOT_VERIFIED_DO_NOT_INFER,Barcelona,Getafe,1,0,H,EVALUATION_ONLY_JOIN_AFTER_PREMATCH_FEATURE_FREEZE,1.25,6.22,11.87,EXTERNAL_HISTORICAL_MARKET_BENCHMARK,NOT_AVAILABLE,NOT_GOLDBET,397ca366c1acaf02d0d58c75264a970f3afc892b8192f73a23e34ece77981d45,1629.1161695085968,1457.81111513796,171.30505437063675,2.4,3.6,2.8,30.571130376295287,82,82,False
2a1314244868a06571e10c0a,LaLiga,2024/2025,DEVELOPMENT,2024-09-26,18:00,MATCH_KICKOFF_TIME_TIMEZONE_NOT_STATED_BY_SOURCE,,NOT_VERIFIED_DO_NOT_INFER,Espanol,Villarreal,1,2,A,EVALUATION_ONLY_JOIN_AFTER_PREMATCH_FEATURE_FREEZE,3.51,3.53,2.11,EXTERNAL_HISTORICAL_MARKET_BENCHMARK,NOT_AVAILABLE,NOT_GOLDBET,c36fe5ba33e23493aa11f48d91607a9e9b92b157939c6e773c7d72f4abf899b2,1483.7529767417075,1538.2961814651226,-54.5432047234151,-0.6000000000000001,-0.2,-0.6000000000000001,22.80229998869845,44,82,False
8e4ab45d5cf7e67439872789,LaLiga,2024/2025,DEVELOPMENT,2024-09-26,18:00,MATCH_KICKOFF_TIME_TIMEZONE_NOT_STATED_BY_SOURCE,,NOT_VERIFIED_DO_NOT_INFER,Las Palmas,Betis,1,1,D,EVALUATION_ONLY_JOIN_AFTER_PREMATCH_FEATURE_FREEZE,3.63,3.34,2.13,EXTERNAL_HISTORICAL_MARKET_BENCHMARK,NOT_AVAILABLE,NOT_GOLDBET,d74a4471789d9ca0ec25f44faa613fcab2f59501ecee1cf20441e8aa018cb85d,1438.507389025515,1513.6789703586546,-75.17158133313956,-1.2,-1.0,-0.3999999999999999,13.675333285314764,44,82,False
e60ac8569d60023a6661370c,LaLiga,2024/2025,DEVELOPMENT,2024-09-26,20:00,MATCH_KICKOFF_TIME_TIMEZONE_NOT_STATED_BY_SOURCE,,NOT_VERIFIED_DO_NOT_INFER,Celta,Ath Madrid,0,1,A,EVALUATION_ONLY_JOIN_AFTER_PREMATCH_FEATURE_FREEZE,4.14,3.6,1.91,EXTERNAL_HISTORICAL_MARKET_BENCHMARK,NOT_AVAILABLE,NOT_GOLDBET,69846cfaf4a89c0ac1e192e0fd17a4a4f7888ddaee7099b88e97bf0b87892e9b,1485.6697894000754,1573.3444810608248,-87.67469166074943,-1.0000000000000002,-1.4,0.3999999999999999,5.613907186051847,82,82,False
051552f1860e693f18402be0,LaLiga,2024/2025,DEVELOPMENT,2024-09-27,20:00,MATCH_KICKOFF_TIME_TIMEZONE_NOT_STATED_BY_SOURCE,,NOT_VERIFIED_DO_NOT_INFER,Valladolid,Mallorca,1,2,A,EVALUATION_ONLY_JOIN_AFTER_PREMATCH_FEATURE_FREEZE,3.32,2.89,2.52,EXTERNAL_HISTORICAL_MARKET_BENCHMARK,NOT_AVAILABLE,NOT_GOLDBET,a6e7538afe55383957ed73fc2f6ceced5e0839521ea894f931c7fef4f9098724,1464.5510304861682,1500.064349375289,-35.51331888912091,-1.6,-2.4,-0.19999999999999996,1.463255252079307,45,83,False
53937333cf0710aa128acb0b,LaLiga,2024/2025,DEVELOPMENT,2024-09-28,13:00,MATCH_KICKOFF_TIME_TIMEZONE_NOT_STATED_BY_SOURCE,,NOT_VERIFIED_DO_NOT_INFER,Getafe,Alaves,2,0,H,EVALUATION_ONLY_JOIN_AFTER_PREMATCH_FEATURE_FREEZE,2.53,2.74,3.51,EXTERNAL_HISTORICAL_MARKET_BENCHMARK,NOT_AVAILABLE,NOT_GOLDBET,9864635cba4cf026ddafe807d5bab06cbd6f3d1f247be2d9616529ddeb0a2a99,1453.632884468395,1498.901607786109,-45.26872331771392,-1.4,-1.0,-0.20000000000000007,8.752309666561814,83,45,False
74b7357c031d04e67229e2c4,LaLiga,2024/2025,DEVELOPMENT,2024-09-28,15:15,MATCH_KICKOFF_TIME_TIMEZONE_NOT_STATED_BY_SOURCE,,NOT_VERIFIED_DO_NOT_INFER,Vallecano,Leganes,1,1,D,EVALUATION_ONLY_JOIN_AFTER_PREMATCH_FEATURE_FREEZE,1.87,3.12,5.33,EXTERNAL_HISTORICAL_MARKET_BENCHMARK,NOT_AVAILABLE,NOT_GOLDBET,d9ffa5bf1155b8765ac80e71d8cdc8dd60cdeb7fb894a230848f43ced7e02b9e,1480.8652075519456,1479.8554834800673,1.0097240718782814,0.6,1.0,0.6499999999999999,42.10646717571308,83,7,False
7d3c44a964c7364adaf4af55,LaLiga,2024/2025,DEVELOPMENT,2024-09-28,17:30,MATCH_KICKOFF_TIME_TIMEZONE_NOT_STATED_BY_SOURCE,,NOT_VERIFIED_DO_NOT_INFER,Sociedad,Valencia,3,0,H,EVALUATION_ONLY_JOIN_AFTER_PREMATCH_FEATURE_FREEZE,1.85,3.27,5.1,EXTERNAL_HISTORICAL_MARKET_BENCHMARK,NOT_AVAILABLE,NOT_GOLDBET,aff9608d182230401abaaa2186a83c4e7bbdf1562ca36612fe28f8b27a41a8db,1493.3029401823221,1468.0423968307516,25.260543351570504,-0.6,-0.4,0.39999999999999997,-30.370591704336448,83,83,False
d7fa0d73f9ffb4694932e2e2,LaLiga,2024/2025,DEVELOPMENT,2024-09-28,20:00,MATCH_KICKOFF_TIME_TIMEZONE_NOT_STATED_BY_SOURCE,,NOT_VERIFIED_DO_NOT_INFER,Osasuna,Barcelona,4,2,H,EVALUATION_ONLY_JOIN_AFTER_PREMATCH_FEATURE_FREEZE,4.48,3.94,1.77,EXTERNAL_HISTORICAL_MARKET_BENCHMARK,NOT_AVAILABLE,NOT_GOLDBET,5ae1eb19f5e4a2fa843084b36ed72fd97c934568c00d2ce1f73175a5c73fa949,1493.6404959485742,1633.2944001781618,-139.65390422958762,-1.6,-4.0,-0.7999999999999998,-23.850301245029414,83,83,False
82d36d65b4f0e8122a246d77,LaLiga,2024/2025,DEVELOPMENT,2024-09-29,13:00,MATCH_KICKOFF_TIME_TIMEZONE_NOT_STATED_BY_SOURCE,,NOT_VERIFIED_DO_NOT_INFER,Celta,Girona,1,1,D,EVALUATION_ONLY_JOIN_AFTER_PREMATCH_FEATURE_FREEZE,2.59,3.42,2.74,EXTERNAL_HISTORICAL_MARKET_BENCHMARK,NOT_AVAILABLE,NOT_GOLDBET,b485637e6bf6cf06c333ed81e6aece6b279dd997c1caa96ba8c38acbf137598f,1476.4646506916504,1535.0608585585417,-58.59620786689129,-0.7999999999999999,-0.8,0.6000000000000001,19.704252803437385,83,83,False
488fd73388a36f54bf075245,LaLiga,2024/2025,DEVELOPMENT,2024-09-29,15:15,MATCH_KICKOFF_TIME_TIMEZONE_NOT_STATED_BY_SOURCE,,NOT_VERIFIED_DO_NOT_INFER,Ath Bilbao,Sevilla,1,1,D,EVALUATION_ONLY_JOIN_AFTER_PREMATCH_FEATURE_FREEZE,1.73,3.73,5.1,EXTERNAL_HISTORICAL_MARKET_BENCHMARK,NOT_AVAILABLE,NOT_GOLDBET,460ce82286f024a51577529696a83e14cc4f703aa41d03a3b7a8dee26b907d56,1545.4291207349977,1474.3461884213884,71.08293231360926,1.0,1.2,1.6,-1.2029683555851989,83,83,False
8751e8b6bc0a2365766fdd24,LaLiga,2024/2025,DEVELOPMENT,2024-09-29,17:30,MATCH_KICKOFF_TIME_TIMEZONE_NOT_STATED_BY_SOURCE,,NOT_VERIFIED_DO_NOT_INFER,Betis,Espanol,1,0,H,EVALUATION_ONLY_JOIN_AFTER_PREMATCH_FEATURE_FREEZE,1.51,4.17,6.86,EXTERNAL_HISTORICAL_MARKET_BENCHMARK,NOT_AVAILABLE,NOT_GOLDBET,7cabbb378294042b00ec4d28c925155976c1876ecbdb3a7d59cf2f412d540037,1513.242574489013,1473.5959304614305,39.6466440275824,0.0,0.4,0.3999999999999999,-41.63399239838918,83,45,False
d8486ab977b748a5dc1ed7e0,LaLiga,2024/2025,DEVELOPMENT,2024-09-29,20:00,MATCH_KICKOFF_TIME_TIMEZONE_NOT_STATED_BY_SOURCE,,NOT_VERIFIED_DO_NOT_INFER,Ath Madrid,Real Madrid,1,1,D,EVALUATION_ONLY_JOIN_AFTER_PREMATCH_FEATURE_FREEZE,2.86,3.2,2.62,EXTERNAL_HISTORICAL_MARKET_BENCHMARK,NOT_AVAILABLE,NOT_GOLDBET,f6155dfa2c0fe62129ea9ef052646b4f330c82198070240eadc29e1fec9c44d4,1582.5496197692498,1624.9360293168804,-42.38640954763059,-0.3999999999999999,-0.6000000000000001,0.19999999999999996,-11.969665533249554,83,83,False
dc3ff8abaa7570e6b2dd3f85,LaLiga,2024/2025,DEVELOPMENT,2024-09-30,20:00,MATCH_KICKOFF_TIME_TIMEZONE_NOT_STATED_BY_SOURCE,,NOT_VERIFIED_DO_NOT_INFER,Villarreal,Las Palmas,3,1,H,EVALUATION_ONLY_JOIN_AFTER_PREMATCH_FEATURE_FREEZE,1.5,4.76,5.92,EXTERNAL_HISTORICAL_MARKET_BENCHMARK,NOT_AVAILABLE,NOT_GOLDBET,b6813b48f59b0e6f00c7d6a45f944f403fae71a4151f305449f19add8ebb5449,1548.4532277453995,1438.9437848951568,109.50944285024275,1.6,0.6000000000000001,1.4000000000000001,-12.233366505831555,83,45,False
047f56e4d8ebdcfd6c03c0f0,LaLiga,2024/2025,DEVELOPMENT,2024-10-04,20:00,MATCH_KICKOFF_TIME_TIMEZONE_NOT_STATED_BY_SOURCE,,NOT_VERIFIED_DO_NOT_INFER,Leganes,Valencia,0,0,D,EVALUATION_ONLY_JOIN_AFTER_PREMATCH_FEATURE_FREEZE,2.96,2.75,2.9,EXTERNAL_HISTORICAL_MARKET_BENCHMARK,NOT_AVAILABLE,NOT_GOLDBET,53adb2d267f071d163f887cf7607387a10fabfbb56fef59c30ec010deb4bb17f,1481.5936553743668,1460.4482902569719,21.14536511739493,-0.6,-0.19999999999999996,0.8,-37.352940002209834,8,84,False
e5b4199cc6abba8bdb158286,LaLiga,2024/2025,DEVELOPMENT,2024-10-05,13:00,MATCH_KICKOFF_TIME_TIMEZONE_NOT_STATED_BY_SOURCE,,NOT_VERIFIED_DO_NOT_INFER,Espanol,Mallorca,2,1,H,EVALUATION_ONLY_JOIN_AFTER_PREMATCH_FEATURE_FREEZE,3.63,2.95,2.33,EXTERNAL_HISTORICAL_MARKET_BENCHMARK,NOT_AVAILABLE,NOT_GOLDBET,2b2c2dfb41b277f6b3ccfc6a5a5e24bc343e585d7b08f72bd89c19562f6720aa,1466.387855487452,1510.767968093266,-44.38011260581402,-1.2,-1.2,-1.0,21.57713137966016,46,84,False
854cd77138e67eb9f3a02403,LaLiga,2024/2025,DEVELOPMENT,2024-10-05,15:15,MATCH_KICKOFF_TIME_TIMEZONE_NOT_STATED_BY_SOURCE,,NOT_VERIFIED_DO_NOT_INFER,Getafe,Osasuna,1,1,D,EVALUATION_ONLY_JOIN_AFTER_PREMATCH_FEATURE_FREEZE,2.15,3.04,3.99,EXTERNAL_HISTORICAL_MARKET_BENCHMARK,NOT_AVAILABLE,NOT_GOLDBET,9797e19bb663e46aac85c3ab60f8511c11fadc14fa5048363f6d96a33175f160,1463.2091381435173,1505.893778810092,-42.68464066657475,-1.2,-0.6000000000000001,0.19999999999999996,16.570100167570445,84,84,False
8b935679ed53cdc461ea3962,LaLiga,2024/2025,DEVELOPMENT,2024-10-05,17:30,MATCH_KICKOFF_TIME_TIMEZONE_NOT_STATED_BY_SOURCE,,NOT_VERIFIED_DO_NOT_INFER,Las Palmas,Celta,0,1,A,EVALUATION_ONLY_JOIN_AFTER_PREMATCH_FEATURE_FREEZE,3.82,3.6,1.99,EXTERNAL_HISTORICAL_MARKET_BENCHMARK,NOT_AVAILABLE,NOT_GOLDBET,a1c80fed1acb7b4686b55f4abe72ca263322b4ad03f6fc5e40df3148e50bdfea,1433.4691656636753,1476.424246526026,-42.95508086235077,-0.6000000000000001,-0.7999999999999999,0.20000000000000007,-10.319692017599891,46,84,False
8402e529b1462148b1dcf006,LaLiga,2024/2025,DEVELOPMENT,2024-10-05,17:30,MATCH_KICKOFF_TIME_TIMEZONE_NOT_STATED_BY_SOURCE,,NOT_VERIFIED_DO_NOT_INFER,Valladolid,Vallecano,1,2,A,EVALUATION_ONLY_JOIN_AFTER_PREMATCH_FEATURE_FREEZE,3.4,3,2.41,EXTERNAL_HISTORICAL_MARKET_BENCHMARK,NOT_AVAILABLE,NOT_GOLDBET,a369000f1a4f8123f5044c54e8aaea4e76f25bc083e498035bb3c0ab88a64b1d,1453.8474117681913,1479.127035657646,-25.279623889454797,-1.0,-2.4000000000000004,0.19999999999999996,-2.4513365309867368,46,84,False
9168ab38af517e556160fa19,LaLiga,2024/2025,DEVELOPMENT,2024-10-05,20:00,MATCH_KICKOFF_TIME_TIMEZONE_NOT_STATED_BY_SOURCE,,NOT_VERIFIED_DO_NOT_INFER,Real Madrid,Villarreal,2,0,H,EVALUATION_ONLY_JOIN_AFTER_PREMATCH_FEATURE_FREEZE,1.27,6.44,10.08,EXTERNAL_HISTORICAL_MARKET_BENCHMARK,NOT_AVAILABLE,NOT_GOLDBET,7ea5e98ad5c7a33828ba3094c8ddb43b85cfac859f350ffc0ef7b68de8c605d3,1625.4425553383196,1553.927846976881,71.51470836143858,0.6000000000000001,1.6,0.3999999999999999,21.875190800338714,84,84,False
c50c2a892f32d181d714ea5a,LaLiga,2024/2025,DEVELOPMENT,2024-10-06,13:00,MATCH_KICKOFF_TIME_TIMEZONE_NOT_STATED_BY_SOURCE,,NOT_VERIFIED_DO_NOT_INFER,Girona,Ath Bilbao,2,1,H,EVALUATION_ONLY_JOIN_AFTER_PREMATCH_FEATURE_FREEZE,2.38,3.28,3.12,EXTERNAL_HISTORICAL_MARKET_BENCHMARK,NOT_AVAILABLE,NOT_GOLDBET,36da542d1a3d28d54aa6d09f1ab6ec83be463b4790a1d3aebb87e0b6bbfbdfe8,1535.101262724166,1541.8256300110843,-6.724367286918323,-1.0,-1.4,-0.40000000000000013,5.163757901927056,84,84,False
3d30e667530c1fbceace5bc3,LaLiga,2024/2025,DEVELOPMENT,2024-10-06,15:15,MATCH_KICKOFF_TIME_TIMEZONE_NOT_STATED_BY_SOURCE,,NOT_VERIFIED_DO_NOT_INFER,Alaves,Barcelona,0,3,A,EVALUATION_ONLY_JOIN_AFTER_PREMATCH_FEATURE_FREEZE,4.65,4.16,1.7,EXTERNAL_HISTORICAL_MARKET_BENCHMARK,NOT_AVAILABLE,NOT_GOLDBET,4d3ec0ca1a2d4b74c5e0319e943ba9246ae6008badd3655cc68c5b7ca2e3abb3,1489.3253541109868,1621.041117316644,-131.71576320565714,-1.2,-2.8000000000000003,-0.19999999999999973,-11.453749127779474,46,84,False
7c133bf56aa6a1a9671b3d5b,LaLiga,2024/2025,DEVELOPMENT,2024-10-06,17:30,MATCH_KICKOFF_TIME_TIMEZONE_NOT_STATED_BY_SOURCE,,NOT_VERIFIED_DO_NOT_INFER,Sevilla,Betis,1,0,H,EVALUATION_ONLY_JOIN_AFTER_PREMATCH_FEATURE_FREEZE,2.72,3.19,2.76,EXTERNAL_HISTORICAL_MARKET_BENCHMARK,NOT_AVAILABLE,NOT_GOLDBET,4edd422dca45023623e874f4a8860e9df00ff3e5269b078048acb9d233491f73,1477.9496791453018,1520.4506494629914,-42.50097031768951,-0.6000000000000001,-0.8,0.3999999999999999,35.4131268937881,84,84,False
d9711099b8c9d0871eb3af54,LaLiga,2024/2025,DEVELOPMENT,2024-10-06,20:00,MATCH_KICKOFF_TIME_TIMEZONE_NOT_STATED_BY_SOURCE,,NOT_VERIFIED_DO_NOT_INFER,Sociedad,Ath Madrid,1,1,D,EVALUATION_ONLY_JOIN_AFTER_PREMATCH_FEATURE_FREEZE,2.83,3.07,2.75,EXTERNAL_HISTORICAL_MARKET_BENCHMARK,NOT_AVAILABLE,NOT_GOLDBET,18f8c50c3c5da1e396be77b1b023fdb2b5effa6ec81e7070a4de2f4234de8424,1500.8970467561019,1582.0430937478106,-81.14604699170877,-1.2000000000000002,-1.0,-1.6,-15.654066495428424,84,84,False
b0824435f99c09f919ba12b7,LaLiga,2024/2025,DEVELOPMENT,2024-10-18,20:00,MATCH_KICKOFF_TIME_TIMEZONE_NOT_STATED_BY_SOURCE,,NOT_VERIFIED_DO_NOT_INFER,Alaves,Valladolid,2,3,A,EVALUATION_ONLY_JOIN_AFTER_PREMATCH_FEATURE_FREEZE,1.62,3.87,5.96,EXTERNAL_HISTORICAL_MARKET_BENCHMARK,NOT_AVAILABLE,NOT_GOLDBET,a28a8f9251aef651e572c83095db6b33a94d7e603b715fa1c4b8d256bcf46a6a,1481.3606751894524,1442.8513924424321,38.50928274702028,0.39999999999999997,-0.19999999999999996,1.8,45.19974739635359,47,47,False
7baa6be986e3cb94dce72f9d,LaLiga,2024/2025,DEVELOPMENT,2024-10-19,13:00,MATCH_KICKOFF_TIME_TIMEZONE_NOT_STATED_BY_SOURCE,,NOT_VERIFIED_DO_NOT_INFER,Ath Bilbao,Espanol,4,1,H,EVALUATION_ONLY_JOIN_AFTER_PREMATCH_FEATURE_FREEZE,1.42,4.48,8.4,EXTERNAL_HISTORICAL_MARKET_BENCHMARK,NOT_AVAILABLE,NOT_GOLDBET,836011c69c63d79f39fe1a38b3faf9bfadde343b85ddd29ec675c1d81b150e0d,1533.3471196882297,1475.938581637635,57.40853805059464,0.8,1.4,1.2000000000000002,-47.05089610349455,85,47,False
d45d04a42b1ceaa128d37a80,LaLiga,2024/2025,DEVELOPMENT,2024-10-19,15:15,MATCH_KICKOFF_TIME_TIMEZONE_NOT_STATED_BY_SOURCE,,NOT_VERIFIED_DO_NOT_INFER,Osasuna,Betis,1,2,A,EVALUATION_ONLY_JOIN_AFTER_PREMATCH_FEATURE_FREEZE,2.4,3.17,3.21,EXTERNAL_HISTORICAL_MARKET_BENCHMARK,NOT_AVAILABLE,NOT_GOLDBET,fa1837aff8fce1e28cf7d2d9a0bd0b2c84938f1ab2259e7e0908bd284ea01ec7,1506.3917427030403,1510.9538865655,-4.562143862459607,0.20000000000000018,0.2,2.0,27.108694020967505,85,85,False
50591bcbaa40ba9a5d24fb14,LaLiga,2024/2025,DEVELOPMENT,2024-10-19,17:30,MATCH_KICKOFF_TIME_TIMEZONE_NOT_STATED_BY_SOURCE,,NOT_VERIFIED_DO_NOT_INFER,Girona,Sociedad,0,1,A,EVALUATION_ONLY_JOIN_AFTER_PREMATCH_FEATURE_FREEZE,2.7,3.18,2.79,EXTERNAL_HISTORICAL_MARKET_BENCHMARK,NOT_AVAILABLE,NOT_GOLDBET,1bae935905c6582d234f2d87da13b6a400eb5bcc77fa6f4a2aa53ce436609266,1543.5797730470206,1501.5049285002344,42.07484454678615,0.0,-0.8,0.3999999999999999,-9.007427425260403,85,85,False
d6e0b42c45ea98bfa8dfc786,LaLiga,2024/2025,DEVELOPMENT,2024-10-19,20:00,MATCH_KICKOFF_TIME_TIMEZONE_NOT_STATED_BY_SOURCE,,NOT_VERIFIED_DO_NOT_INFER,Celta,Real Madrid,1,2,A,EVALUATION_ONLY_JOIN_AFTER_PREMATCH_FEATURE_FREEZE,5.57,4.45,1.57,EXTERNAL_HISTORICAL_MARKET_BENCHMARK,NOT_AVAILABLE,NOT_GOLDBET,cb3ed11aa8b2462b7fe4a3666bd769aaf607b880939228ce3c611401e5c209be,1486.9144455265966,1631.8282556775503,-144.91381015095362,-1.2000000000000002,-1.6,0.6000000000000001,-15.371319451875934,85,85,False
33954cd871a3855b47250a76,LaLiga,2024/2025,DEVELOPMENT,2024-10-20,13:00,MATCH_KICKOFF_TIME_TIMEZONE_NOT_STATED_BY_SOURCE,,NOT_VERIFIED_DO_NOT_INFER,Mallorca,Vallecano,1,0,H,EVALUATION_ONLY_JOIN_AFTER_PREMATCH_FEATURE_FREEZE,2.06,3.12,4.21,EXTERNAL_HISTORICAL_MARKET_BENCHMARK,NOT_AVAILABLE,NOT_GOLDBET,3c23c0ba4ee748133a327deaacc3953508d378665080927c30741d7d134bb162,1501.217241943083,1490.1230549834052,11.094186959677927,0.0,-0.39999999999999997,-0.40000000000000013,-8.982702932889879,85,85,False
4827913e3f3f03edf535e838,LaLiga,2024/2025,DEVELOPMENT,2024-10-20,15:15,MATCH_KICKOFF_TIME_TIMEZONE_NOT_STATED_BY_SOURCE,,NOT_VERIFIED_DO_NOT_INFER,Ath Madrid,Leganes,3,1,H,EVALUATION_ONLY_JOIN_AFTER_PREMATCH_FEATURE_FREEZE,1.42,4.43,8.87,EXTERNAL_HISTORICAL_MARKET_BENCHMARK,NOT_AVAILABLE,NOT_GOLDBET,af03fdbaad15e9be59442ffc2861da310d28c99feae84fd4587b4475029d8e11,1581.435212003678,1479.2996640052859,102.13554799839221,1.2000000000000002,1.6,0.8,22.386522382084422,85,9,False
790bea6a66357f1cbe78d814,LaLiga,2024/2025,DEVELOPMENT,2024-10-20,17:30,MATCH_KICKOFF_TIME_TIMEZONE_NOT_STATED_BY_SOURCE,,NOT_VERIFIED_DO_NOT_INFER,Villarreal,Getafe,1,1,D,EVALUATION_ONLY_JOIN_AFTER_PREMATCH_FEATURE_FREEZE,1.85,3.47,4.61,EXTERNAL_HISTORICAL_MARKET_BENCHMARK,NOT_AVAILABLE,NOT_GOLDBET,c1d4571d2d747012913e53e61d791153bd05f71b3c6a2730953223af222ecb96,1547.5421466376504,1462.711174250569,84.83097238708137,0.8,-0.4,1.4000000000000001,4.804599046293788,85,85,False
141a29d96994ce21c426a515,LaLiga,2024/2025,DEVELOPMENT,2024-10-20,20:00,MATCH_KICKOFF_TIME_TIMEZONE_NOT_STATED_BY_SOURCE,,NOT_VERIFIED_DO_NOT_INFER,Barcelona,Sevilla,5,1,H,EVALUATION_ONLY_JOIN_AFTER_PREMATCH_FEATURE_FREEZE,1.28,6.08,9.75,EXTERNAL_HISTORICAL_MARKET_BENCHMARK,NOT_AVAILABLE,NOT_GOLDBET,3e0a5c1fe12a470712f12536219acd920d2c9380f206b854a161d79f71fb2a59,1629.0057962381784,1487.4464420427933,141.55935419538514,0.3999999999999999,1.4,2.4,7.695025739119046,85,85,False
24fd140620cbc777eff611a7,LaLiga,2024/2025,DEVELOPMENT,2024-10-21,20:00,MATCH_KICKOFF_TIME_TIMEZONE_NOT_STATED_BY_SOURCE,,NOT_VERIFIED_DO_NOT_INFER,Valencia,Las Palmas,2,3,A,EVALUATION_ONLY_JOIN_AFTER_PREMATCH_FEATURE_FREEZE,1.89,3.37,4.55,EXTERNAL_HISTORICAL_MARKET_BENCHMARK,NOT_AVAILABLE,NOT_GOLDBET,e8b142042fa92ea7bc0909f71b96cf6869ea6e3ef9eb3e3f023cc2455ba2ef7a,1462.7422816260528,1422.9789666631048,39.763314962948016,0.8,0.19999999999999996,0.8,8.776337540089344,85,47,False
5acd232c64561d7749e080ad,LaLiga,2024/2025,DEVELOPMENT,2024-10-25,20:00,MATCH_KICKOFF_TIME_TIMEZONE_NOT_STATED_BY_SOURCE,,NOT_VERIFIED_DO_NOT_INFER,Espanol,Sevilla,0,2,A,EVALUATION_ONLY_JOIN_AFTER_PREMATCH_FEATURE_FREEZE,3.02,3.2,2.49,EXTERNAL_HISTORICAL_MARKET_BENCHMARK,NOT_AVAILABLE,NOT_GOLDBET,d825568bd9648143603ea0318d971123445163a5ffc265bbf920c9fedf5ea5f5,1469.1948534703688,1482.6740735208878,-13.479220050518961,-0.7999999999999999,-0.7999999999999999,1.2000000000000002,9.123124038217611,48,86,False
3932959466caec7e871ad769,LaLiga,2024/2025,DEVELOPMENT,2024-10-26,13:00,MATCH_KICKOFF_TIME_TIMEZONE_NOT_STATED_BY_SOURCE,,NOT_VERIFIED_DO_NOT_INFER,Valladolid,Villarreal,1,2,A,EVALUATION_ONLY_JOIN_AFTER_PREMATCH_FEATURE_FREEZE,3.83,3.56,1.99,EXTERNAL_HISTORICAL_MARKET_BENCHMARK,NOT_AVAILABLE,NOT_GOLDBET,6376b7087bdec2847e8b975a8d669f9e7cfe1cc286793383cfb2c440d7eb0768,1455.6131057868672,1543.5993529879358,-87.98624720106864,-0.5999999999999999,0.19999999999999996,-1.0,-42.35894394095408,48,86,False
bb390aaab8a4b72b852fcf21,LaLiga,2024/2025,DEVELOPMENT,2024-10-26,15:15,MATCH_KICKOFF_TIME_TIMEZONE_NOT_STATED_BY_SOURCE,,NOT_VERIFIED_DO_NOT_INFER,Vallecano,Alaves,1,0,H,EVALUATION_ONLY_JOIN_AFTER_PREMATCH_FEATURE_FREEZE,2.03,3.11,4.34,EXTERNAL_HISTORICAL_MARKET_BENCHMARK,NOT_AVAILABLE,NOT_GOLDBET,5f590d15e97899fcbce5f4765493915bf94966bc1db6d69cc89a6e9ee09f0b08,1482.1412205465365,1468.5989618450174,13.542258701519131,0.6,1.2,0.4,-12.573386498412901,86,48,False
9bf13e18ed1a5c728c5bfe4d,LaLiga,2024/2025,DEVELOPMENT,2024-10-26,17:30,MATCH_KICKOFF_TIME_TIMEZONE_NOT_STATED_BY_SOURCE,,NOT_VERIFIED_DO_NOT_INFER,Las Palmas,Girona,1,0,H,EVALUATION_ONLY_JOIN_AFTER_PREMATCH_FEATURE_FREEZE,2.6,3.24,2.87,EXTERNAL_HISTORICAL_MARKET_BENCHMARK,NOT_AVAILABLE,NOT_GOLDBET,d6c01d79b50be2627ee9b61a858940bf53cd440ea967acd984f576d29ad435f2,1435.7739877026602,1530.7235330913077,-94.9495453886475,-0.19999999999999996,-0.19999999999999996,-0.4,6.2348344606873525,48,86,False
0989e3f3f776e206d7f80bf7,LaLiga,2024/2025,DEVELOPMENT,2024-10-26,20:00,MATCH_KICKOFF_TIME_TIMEZONE_NOT_STATED_BY_SOURCE,,NOT_VERIFIED_DO_NOT_INFER,Real Madrid,Barcelona,0,4,A,EVALUATION_ONLY_JOIN_AFTER_PREMATCH_FEATURE_FREEZE,1.97,4.14,3.44,EXTERNAL_HISTORICAL_MARKET_BENCHMARK,NOT_AVAILABLE,NOT_GOLDBET,843bdc246176f8e640c39179fbf5561362e7ea2e591709f8cd3ae4092e3d43b9,1639.4317666278287,1633.7781647600839,5.653601867744783,0.20000000000000018,-0.6000000000000001,0.6000000000000001,28.06260716459724,86,86,False
d8c980563a71ddd5b401ba0d,LaLiga,2024/2025,DEVELOPMENT,2024-10-27,13:00,MATCH_KICKOFF_TIME_TIMEZONE_NOT_STATED_BY_SOURCE,,NOT_VERIFIED_DO_NOT_INFER,Leganes,Celta,3,0,H,EVALUATION_ONLY_JOIN_AFTER_PREMATCH_FEATURE_FREEZE,3.75,3.25,2.13,EXTERNAL_HISTORICAL_MARKET_BENCHMARK,NOT_AVAILABLE,NOT_GOLDBET,69589ce58a43f99aba432e84950442f1ba19af6185c684e33e5034f2aab6749a,1473.6546604547507,1479.3109345763182,-5.656274121567549,-0.20000000000000007,-0.20000000000000007,-0.19999999999999996,-40.52180538030234,10,86,False
b4be9575b02d435c1f7a94cd,LaLiga,2024/2025,DEVELOPMENT,2024-10-27,15:15,MATCH_KICKOFF_TIME_TIMEZONE_NOT_STATED_BY_SOURCE,,NOT_VERIFIED_DO_NOT_INFER,Getafe,Valencia,1,1,D,EVALUATION_ONLY_JOIN_AFTER_PREMATCH_FEATURE_FREEZE,2.07,2.89,4.68,EXTERNAL_HISTORICAL_MARKET_BENCHMARK,NOT_AVAILABLE,NOT_GOLDBET,04edad28745e5a9a1f5a7649046ccccce8eb3cc245665bd21436cbef3e39fbab,1466.6539679002835,1449.9472605864974,16.706707313786183,0.19999999999999996,0.6000000000000001,1.2,44.07736557125736,86,86,False
bcd385692fae96443831bac8,LaLiga,2024/2025,DEVELOPMENT,2024-10-27,17:30,MATCH_KICKOFF_TIME_TIMEZONE_NOT_STATED_BY_SOURCE,,NOT_VERIFIED_DO_NOT_INFER,Betis,Ath Madrid,1,0,H,EVALUATION_ONLY_JOIN_AFTER_PREMATCH_FEATURE_FREEZE,3.51,3.28,2.21,EXTERNAL_HISTORICAL_MARKET_BENCHMARK,NOT_AVAILABLE,NOT_GOLDBET,254d359ea20d1a08c0c396b2128e7122bdc65966a2574eca53ac28dbceddb40e,1522.5361110734602,1587.0802155542133,-64.54410448075305,-0.40000000000000013,-0.6,0.19999999999999996,-36.700608433303614,86,86,False
ced2e7e5226a63340ec5d984,LaLiga,2024/2025,DEVELOPMENT,2024-10-27,20:00,MATCH_KICKOFF_TIME_TIMEZONE_NOT_STATED_BY_SOURCE,,NOT_VERIFIED_DO_NOT_INFER,Sociedad,Osasuna,0,2,A,EVALUATION_ONLY_JOIN_AFTER_PREMATCH_FEATURE_FREEZE,1.64,3.77,5.91,EXTERNAL_HISTORICAL_MARKET_BENCHMARK,NOT_AVAILABLE,NOT_GOLDBET,4c1cb1721e5f62c1ce43d0fdf795e354c1ce802aa659ccd57b15432c70880dd9,1514.3611684559473,1494.80951819508,19.55165026086729,0.0,0.19999999999999996,-0.19999999999999996,4.801871759004825,86,86,False
535adc7494988961d3173332,LaLiga,2024/2025,DEVELOPMENT,2024-10-28,20:00,MATCH_KICKOFF_TIME_TIMEZONE_NOT_STATED_BY_SOURCE,,NOT_VERIFIED_DO_NOT_INFER,Mallorca,Ath Bilbao,0,0,D,EVALUATION_ONLY_JOIN_AFTER_PREMATCH_FEATURE_FREEZE,2.52,3.01,3.17,EXTERNAL_HISTORICAL_MARKET_BENCHMARK,NOT_AVAILABLE,NOT_GOLDBET,e4acf4273f24685b0a5c08de0c9322800b0d85c2234c6075a5c2cc3e5dc31f6d,1509.1990763799517,1540.090847855496,-30.891771475544147,0.3999999999999999,-0.6,-0.19999999999999996,-3.7762296412220167,86,86,False
575a8cb06e58a475cb85db08,LaLiga,2024/2025,DEVELOPMENT,2024-11-01,20:00,MATCH_KICKOFF_TIME_TIMEZONE_NOT_STATED_BY_SOURCE,,NOT_VERIFIED_DO_NOT_INFER,Alaves,Mallorca,1,0,H,EVALUATION_ONLY_JOIN_AFTER_PREMATCH_FEATURE_FREEZE,2.36,2.92,3.6,EXTERNAL_HISTORICAL_MARKET_BENCHMARK,NOT_AVAILABLE,NOT_GOLDBET,240fc1e4b332b73802cfc25e9bc045f649d1e58e5c9b2e66444ef42a246f6480,1460.6846216036793,1508.3632289410111,-47.67860733733187,-2.0,-2.0,-0.40000000000000013,26.329914972996676,49,87,False
1dffd6ffc469f48c50d9db03,LaLiga,2024/2025,DEVELOPMENT,2024-11-02,13:00,MATCH_KICKOFF_TIME_TIMEZONE_NOT_STATED_BY_SOURCE,,NOT_VERIFIED_DO_NOT_INFER,Osasuna,Valladolid,1,0,H,EVALUATION_ONLY_JOIN_AFTER_PREMATCH_FEATURE_FREEZE,1.7,3.66,5.49,EXTERNAL_HISTORICAL_MARKET_BENCHMARK,NOT_AVAILABLE,NOT_GOLDBET,abeab7aeebc3182609b26c88e00f83915ec694d1665a5f3299d29ec56a789fd0,1507.0600071954284,1446.4168770745216,60.64313012090679,1.0,1.2,1.7999999999999998,24.180300062859033,87,49,False
96d932dc61999054607652da,LaLiga,2024/2025,DEVELOPMENT,2024-11-02,15:15,MATCH_KICKOFF_TIME_TIMEZONE_NOT_STATED_BY_SOURCE,,NOT_VERIFIED_DO_NOT_INFER,Girona,Leganes,4,3,H,EVALUATION_ONLY_JOIN_AFTER_PREMATCH_FEATURE_FREEZE,1.7,3.59,5.73,EXTERNAL_HISTORICAL_MARKET_BENCHMARK,NOT_AVAILABLE,NOT_GOLDBET,950c4b8f8266d849929d7873722525c729ea4b05614058aec3e4865652d60c92,1519.7209836096006,1482.103154380002,37.617829229598556,-0.19999999999999996,-0.4,0.7999999999999999,-5.587105677840327,87,11,False
0ec4043dd10f652d65ed7f13,LaLiga,2024/2025,DEVELOPMENT,2024-11-03,13:00,MATCH_KICKOFF_TIME_TIMEZONE_NOT_STATED_BY_SOURCE,,NOT_VERIFIED_DO_NOT_INFER,Ath Madrid,Las Palmas,2,0,H,EVALUATION_ONLY_JOIN_AFTER_PREMATCH_FEATURE_FREEZE,1.33,5.25,9.2,EXTERNAL_HISTORICAL_MARKET_BENCHMARK,NOT_AVAILABLE,NOT_GOLDBET,23f2cb7c62f24a0026d9d6e0b55b886d43703425166c9a76e80af08b333d5032,1576.9494331708522,1446.7765371843673,130.17289598648495,0.20000000000000018,0.6000000000000001,1.6,16.26327624087253,87,49,False
debf00c5e85440dac3189999,LaLiga,2024/2025,DEVELOPMENT,2024-11-03,15:15,MATCH_KICKOFF_TIME_TIMEZONE_NOT_STATED_BY_SOURCE,,NOT_VERIFIED_DO_NOT_INFER,Barcelona,Espanol,3,1,H,EVALUATION_ONLY_JOIN_AFTER_PREMATCH_FEATURE_FREEZE,1.14,9.2,18,EXTERNAL_HISTORICAL_MARKET_BENCHMARK,NOT_AVAILABLE,NOT_GOLDBET,744c250d8f012b0a7225727fa20d80c3cfe36436775d20d840d6aee12420283c,1645.6456518289917,1457.8638227860106,187.78182904298114,1.7999999999999998,3.2,2.8,-2.134548677675184,87,49,False
69f4c60c7dd562cdc2f1ad4c,LaLiga,2024/2025,DEVELOPMENT,2024-11-03,17:30,MATCH_KICKOFF_TIME_TIMEZONE_NOT_STATED_BY_SOURCE,,NOT_VERIFIED_DO_NOT_INFER,Sevilla,Sociedad,0,2,A,EVALUATION_ONLY_JOIN_AFTER_PREMATCH_FEATURE_FREEZE,3.42,3.15,2.31,EXTERNAL_HISTORICAL_MARKET_BENCHMARK,NOT_AVAILABLE,NOT_GOLDBET,07729864e6ccf532bae6630029eb1d47b3d0cd1ed47a5d1b59ce0160f97f2c84,1494.005104205246,1502.110679455599,-8.105575250353013,0.3999999999999999,-0.4,0.19999999999999996,14.879651138205418,87,87,False
e598ad97fa61011b47ef0af7,LaLiga,2024/2025,DEVELOPMENT,2024-11-03,20:00,MATCH_KICKOFF_TIME_TIMEZONE_NOT_STATED_BY_SOURCE,,NOT_VERIFIED_DO_NOT_INFER,Ath Bilbao,Betis,1,1,D,EVALUATION_ONLY_JOIN_AFTER_PREMATCH_FEATURE_FREEZE,1.87,3.55,4.34,EXTERNAL_HISTORICAL_MARKET_BENCHMARK,NOT_AVAILABLE,NOT_GOLDBET,c52725525d57dcf4f5fdedcb8bfb13f704526171711faccfb83cebd86844f5d2,1540.9266952944365,1532.6668934568213,8.259801837615214,-0.3999999999999999,0.4,1.0,0.7558381762139561,87,87,False
6d46f15412d46e78701b445c,LaLiga,2024/2025,DEVELOPMENT,2024-11-04,20:00,MATCH_KICKOFF_TIME_TIMEZONE_NOT_STATED_BY_SOURCE,,NOT_VERIFIED_DO_NOT_INFER,Celta,Getafe,1,0,H,EVALUATION_ONLY_JOIN_AFTER_PREMATCH_FEATURE_FREEZE,2.12,3.01,4.17,EXTERNAL_HISTORICAL_MARKET_BENCHMARK,NOT_AVAILABLE,NOT_GOLDBET,345e91235f49eb7167329048c5e39eb6ef650da0d748103b975a6dff1ae08962,1470.862440651067,1464.4813575320852,6.381083118981678,-0.3999999999999999,-1.0,0.9999999999999999,3.1912916172793757,87,87,False
c6b6b304f6d815d88ff7e64f,LaLiga,2024/2025,DEVELOPMENT,2024-11-08,20:00,MATCH_KICKOFF_TIME_TIMEZONE_NOT_STATED_BY_SOURCE,,NOT_VERIFIED_DO_NOT_INFER,Vallecano,Las Palmas,1,3,A,EVALUATION_ONLY_JOIN_AFTER_PREMATCH_FEATURE_FREEZE,1.88,3.39,4.56,EXTERNAL_HISTORICAL_MARKET_BENCHMARK,NOT_AVAILABLE,NOT_GOLDBET,3898c0c3f3ce79e330cc334ee33abee5b458eff4465e3c21156f47a396dc19a2,1490.0555607878746,1441.7619388834794,48.293621904395195,0.40000000000000013,0.8,1.0,-30.673458931358255,87,50,False
7b3b90592e70ab4ccb7c0c01,LaLiga,2024/2025,DEVELOPMENT,2024-11-09,13:00,MATCH_KICKOFF_TIME_TIMEZONE_NOT_STATED_BY_SOURCE,,NOT_VERIFIED_DO_NOT_INFER,Real Madrid,Osasuna,4,0,H,EVALUATION_ONLY_JOIN_AFTER_PREMATCH_FEATURE_FREEZE,1.26,6.27,10.67,EXTERNAL_HISTORICAL_MARKET_BENCHMARK,NOT_AVAILABLE,NOT_GOLDBET,51d7dc46bacc42a6dbb2ae960ccc797c7b6b189a6b46a20ddfc77d35002bb242,1627.5642795589208,1513.7207618321333,113.84351772678747,0.0,-0.8,1.4,38.635633024110575,87,88,False
c059c9b55a94b2595aab912e,LaLiga,2024/2025,DEVELOPMENT,2024-11-09,15:15,MATCH_KICKOFF_TIME_TIMEZONE_NOT_STATED_BY_SOURCE,,NOT_VERIFIED_DO_NOT_INFER,Villarreal,Alaves,3,0,H,EVALUATION_ONLY_JOIN_AFTER_PREMATCH_FEATURE_FREEZE,1.57,4.07,6.18,EXTERNAL_HISTORICAL_MARKET_BENCHMARK,NOT_AVAILABLE,NOT_GOLDBET,8eb3418d0f30a0cecdb999dca02e68f0371dcf368cded9beda8924e12a3b96d3,1552.7955817002814,1470.3301320146234,82.46544968565809,1.4,1.6,1.0,-8.313249340479842,87,50,False
833753aaee60f0f72f3b946b,LaLiga,2024/2025,DEVELOPMENT,2024-11-09,20:00,MATCH_KICKOFF_TIME_TIMEZONE_NOT_STATED_BY_SOURCE,,NOT_VERIFIED_DO_NOT_INFER,Leganes,Sevilla,1,0,H,EVALUATION_ONLY_JOIN_AFTER_PREMATCH_FEATURE_FREEZE,3.1,2.97,2.6,EXTERNAL_HISTORICAL_MARKET_BENCHMARK,NOT_AVAILABLE,NOT_GOLDBET,0b69553d0bf63b6b358bedca9cc8661d1f8668cb17987230e2fccd7914079099,1474.8411498335968,1482.5224719014896,-7.681322067892779,-0.3999999999999999,0.6,0.3999999999999999,-28.88209427272409,12,88,False
522efe173f3648ff7d0aa174,LaLiga,2024/2025,DEVELOPMENT,2024-11-10,13:00,MATCH_KICKOFF_TIME_TIMEZONE_NOT_STATED_BY_SOURCE,,NOT_VERIFIED_DO_NOT_INFER,Betis,Celta,2,2,D,EVALUATION_ONLY_JOIN_AFTER_PREMATCH_FEATURE_FREEZE,2.18,3.24,3.61,EXTERNAL_HISTORICAL_MARKET_BENCHMARK,NOT_AVAILABLE,NOT_GOLDBET,35ef02f9299035e8905fd04ca281df15d92a55078849580afb784a7d660e2542,1534.6066742965027,1478.974753152123,55.6319211443797,0.6000000000000001,0.8,1.7999999999999998,9.48999305436405,88,88,False
3f9c2bd241cab98f8b844883,LaLiga,2024/2025,DEVELOPMENT,2024-11-10,15:15,MATCH_KICKOFF_TIME_TIMEZONE_NOT_STATED_BY_SOURCE,,NOT_VERIFIED_DO_NOT_INFER,Mallorca,Ath Madrid,0,1,A,EVALUATION_ONLY_JOIN_AFTER_PREMATCH_FEATURE_FREEZE,3.46,2.95,2.4,EXTERNAL_HISTORICAL_MARKET_BENCHMARK,NOT_AVAILABLE,NOT_GOLDBET,1154ba4dfe71f278f677e46b17d36384769d4301ceac64c3d16870a2b24a1f73,1498.717718530067,1581.96403147174,-83.24631294167307,-0.20000000000000018,-0.6,0.0,-30.521595583979206,88,88,False
e62b8304d9e2ae0607119e61,LaLiga,2024/2025,DEVELOPMENT,2024-11-10,17:30,MATCH_KICKOFF_TIME_TIMEZONE_NOT_STATED_BY_SOURCE,,NOT_VERIFIED_DO_NOT_INFER,Getafe,Girona,0,1,A,EVALUATION_ONLY_JOIN_AFTER_PREMATCH_FEATURE_FREEZE,2.53,2.9,3.3,EXTERNAL_HISTORICAL_MARKET_BENCHMARK,NOT_AVAILABLE,NOT_GOLDBET,c630b2fc2858a11148b1489dc912e443e54239820e3b18ef51bbaf2f8f61c550,1456.3690450310291,1526.9829881560058,-70.61394312497669,-0.19999999999999996,0.2,0.5999999999999999,7.094976637156833,88,88,False
4b90d16f8148c0cb47b5356b,LaLiga,2024/2025,DEVELOPMENT,2024-11-10,17:30,MATCH_KICKOFF_TIME_TIMEZONE_NOT_STATED_BY_SOURCE,,NOT_VERIFIED_DO_NOT_INFER,Valladolid,Ath Bilbao,1,1,D,EVALUATION_ONLY_JOIN_AFTER_PREMATCH_FEATURE_FREEZE,4.37,3.33,1.95,EXTERNAL_HISTORICAL_MARKET_BENCHMARK,NOT_AVAILABLE,NOT_GOLDBET,27427c4d74d431307ff44934f4630a0aff10515c55f601e83dca0f222fb4bd03,1439.7561224378167,1538.9869144547552,-99.2307920169385,-0.6,-1.0,-0.9999999999999999,-3.208116442842311,50,88,False
7b664fdf691d16beabdb9b24,LaLiga,2024/2025,DEVELOPMENT,2024-11-10,20:00,MATCH_KICKOFF_TIME_TIMEZONE_NOT_STATED_BY_SOURCE,,NOT_VERIFIED_DO_NOT_INFER,Sociedad,Barcelona,1,0,H,EVALUATION_ONLY_JOIN_AFTER_PREMATCH_FEATURE_FREEZE,4.02,3.74,1.9,EXTERNAL_HISTORICAL_MARKET_BENCHMARK,NOT_AVAILABLE,NOT_GOLDBET,d4b53a7e7a98dcc501954aa51c33e22f8bb956b50f40f00a2c3b9ee9c5dbaa63,1513.5933117593554,1649.5190222944248,-135.92571053506936,-0.3999999999999999,-1.4000000000000001,-1.5999999999999999,2.954400901943245,88,88,False
64e5cd7c47bd99c52015082a,LaLiga,2024/2025,DEVELOPMENT,2024-11-22,20:00,MATCH_KICKOFF_TIME_TIMEZONE_NOT_STATED_BY_SOURCE,,NOT_VERIFIED_DO_NOT_INFER,Getafe,Valladolid,2,0,H,EVALUATION_ONLY_JOIN_AFTER_PREMATCH_FEATURE_FREEZE,1.66,3.48,6.47,EXTERNAL_HISTORICAL_MARKET_BENCHMARK,NOT_AVAILABLE,NOT_GOLDBET,c217519ecdcc100c8e344f53b3ae4ac4ae0a8abc82f922a4e2207cb290d5234a,1446.6744438711555,1440.8805008981583,5.793942972997229,-0.20000000000000007,0.0,0.6,-9.781074128781029,89,51,False
95fd6c03ef2a125161cc5bec,LaLiga,2024/2025,DEVELOPMENT,2024-11-23,13:00,MATCH_KICKOFF_TIME_TIMEZONE_NOT_STATED_BY_SOURCE,,NOT_VERIFIED_DO_NOT_INFER,Valencia,Betis,4,2,H,EVALUATION_ONLY_JOIN_AFTER_PREMATCH_FEATURE_FREEZE,2.57,2.99,3.12,EXTERNAL_HISTORICAL_MARKET_BENCHMARK,NOT_AVAILABLE,NOT_GOLDBET,88c45721a552711b93a3650d29fd2f92f45dd274d8422e6d73f637ef246a939e,1452.1198709546957,1531.3961914368826,-79.27632048218697,-1.0,-1.0,0.0,-46.83992498002863,87,89,False
b889773e00b332136caf50ae,LaLiga,2024/2025,DEVELOPMENT,2024-11-23,15:15,MATCH_KICKOFF_TIME_TIMEZONE_NOT_STATED_BY_SOURCE,,NOT_VERIFIED_DO_NOT_INFER,Ath Madrid,Alaves,2,1,H,EVALUATION_ONLY_JOIN_AFTER_PREMATCH_FEATURE_FREEZE,1.46,4.28,7.77,EXTERNAL_HISTORICAL_MARKET_BENCHMARK,NOT_AVAILABLE,NOT_GOLDBET,b26a99c9c4d4ff809eb83453ef506ec29a06f859f43c4c7ca0d6d1dc89cf344c,1591.2959454475917,1464.215270837009,127.08067461058272,1.4,2.2,2.2,-31.793092679524534,89,51,False
6497ee301c14d555c85a0c8a,LaLiga,2024/2025,DEVELOPMENT,2024-11-23,17:30,MATCH_KICKOFF_TIME_TIMEZONE_NOT_STATED_BY_SOURCE,,NOT_VERIFIED_DO_NOT_INFER,Girona,Espanol,4,1,H,EVALUATION_ONLY_JOIN_AFTER_PREMATCH_FEATURE_FREEZE,1.68,3.77,5.49,EXTERNAL_HISTORICAL_MARKET_BENCHMARK,NOT_AVAILABLE,NOT_GOLDBET,68ed416ab8ae1995d9c8df960986832153737c508bc9fce91622a0c8e4edd198,1536.6775893158795,1453.9904523205776,82.6871369953019,1.2000000000000002,1.5999999999999999,1.2,-53.620128399075384,89,50,False
47ffdd5848ff2a79f1d662a1,LaLiga,2024/2025,DEVELOPMENT,2024-11-23,17:30,MATCH_KICKOFF_TIME_TIMEZONE_NOT_STATED_BY_SOURCE,,NOT_VERIFIED_DO_NOT_INFER,Las Palmas,Mallorca,2,3,A,EVALUATION_ONLY_JOIN_AFTER_PREMATCH_FEATURE_FREEZE,2.84,2.95,2.84,EXTERNAL_HISTORICAL_MARKET_BENCHMARK,NOT_AVAILABLE,NOT_GOLDBET,52a88b3f7ecb8e9bfb675704af46bd3765447ddf84d9a1ecf542732bf95d3fb3,1454.7817138577834,1489.3858045542154,-34.60409069643197,1.0,0.6000000000000001,-0.8,-0.471071239931689,51,89,False
6075ecc4716d3635858abdf5,LaLiga,2024/2025,DEVELOPMENT,2024-11-23,20:00,MATCH_KICKOFF_TIME_TIMEZONE_NOT_STATED_BY_SOURCE,,NOT_VERIFIED_DO_NOT_INFER,Celta,Barcelona,2,2,D,EVALUATION_ONLY_JOIN_AFTER_PREMATCH_FEATURE_FREEZE,4.38,4.23,1.73,EXTERNAL_HISTORICAL_MARKET_BENCHMARK,NOT_AVAILABLE,NOT_GOLDBET,620c966a3d15eb5db542d515381b9c37fc784b28f0f3e750663c7d31f1a1a364,1482.185236011743,1637.3678401926825,-155.1826041809395,-1.0,-2.8,-0.40000000000000013,-9.924116740482305,89,89,False
47865833debe454ea51f0654,LaLiga,2024/2025,DEVELOPMENT,2024-11-24,13:00,MATCH_KICKOFF_TIME_TIMEZONE_NOT_STATED_BY_SOURCE,,NOT_VERIFIED_DO_NOT_INFER,Osasuna,Villarreal,2,2,D,EVALUATION_ONLY_JOIN_AFTER_PREMATCH_FEATURE_FREEZE,2.64,3.3,2.74,EXTERNAL_HISTORICAL_MARKET_BENCHMARK,NOT_AVAILABLE,NOT_GOLDBET,a24e087503240aa06689b56770877a1834f916c185a89003a3aac1d55908f959,1508.3447788121173,1558.9104428778958,-50.56566406577849,-0.6000000000000001,-1.2000000000000002,0.3999999999999999,21.892919502574387,89,88,False
c664cb8d9e3ac5f0632cf767,LaLiga,2024/2025,DEVELOPMENT,2024-11-24,15:15,MATCH_KICKOFF_TIME_TIMEZONE_NOT_STATED_BY_SOURCE,,NOT_VERIFIED_DO_NOT_INFER,Sevilla,Vallecano,1,0,H,EVALUATION_ONLY_JOIN_AFTER_PREMATCH_FEATURE_FREEZE,2.07,3.25,3.92,EXTERNAL_HISTORICAL_MARKET_BENCHMARK,NOT_AVAILABLE,NOT_GOLDBET,6d476094d54e6a6fc997d69f755b5039b01bd2a44be9e839b75a50f6d8d7aa99,1474.017044603978,1477.0357858135706,-3.018741209592463,-0.19999999999999996,-0.6000000000000001,0.8,50.064418108179325,89,88,False
8cddc3f99d4be756fbbc8a81,LaLiga,2024/2025,DEVELOPMENT,2024-11-24,17:30,MATCH_KICKOFF_TIME_TIMEZONE_NOT_STATED_BY_SOURCE,,NOT_VERIFIED_DO_NOT_INFER,Leganes,Real Madrid,0,3,A,EVALUATION_ONLY_JOIN_AFTER_PREMATCH_FEATURE_FREEZE,9.12,4.93,1.36,EXTERNAL_HISTORICAL_MARKET_BENCHMARK,NOT_AVAILABLE,NOT_GOLDBET,6494f1a6bfbe3e269abfbdb8e8e100ef6a70772c0792970004103fd1677d832c,1483.3465771311082,1632.9402625789369,-149.59368544782865,-0.6000000000000001,-0.39999999999999997,-0.40000000000000013,-49.49058930337742,13,88,False
c598a4b656d2a8ae67d063de,LaLiga,2024/2025,DEVELOPMENT,2024-11-24,20:00,MATCH_KICKOFF_TIME_TIMEZONE_NOT_STATED_BY_SOURCE,,NOT_VERIFIED_DO_NOT_INFER,Ath Bilbao,Sociedad,1,0,H,EVALUATION_ONLY_JOIN_AFTER_PREMATCH_FEATURE_FREEZE,2.39,2.91,3.53,EXTERNAL_HISTORICAL_MARKET_BENCHMARK,NOT_AVAILABLE,NOT_GOLDBET,8f437388b9d9d33406af742c607cc29e6216386fb7b2209c3008f23ab07c57e5,1537.8625359944135,1525.7444938610977,12.11804213331584,-0.8,0.0,0.0,-54.25891497063844,89,89,False
d2c1c68ff3d8de85ad417082,LaLiga,2024/2025,DEVELOPMENT,2024-11-29,20:00,MATCH_KICKOFF_TIME_TIMEZONE_NOT_STATED_BY_SOURCE,,NOT_VERIFIED_DO_NOT_INFER,Mallorca,Valencia,2,1,H,EVALUATION_ONLY_JOIN_AFTER_PREMATCH_FEATURE_FREEZE,2.15,2.83,4.46,EXTERNAL_HISTORICAL_MARKET_BENCHMARK,NOT_AVAILABLE,NOT_GOLDBET,58a483c138649d0b351673e0c8b5adba94d7eccf7941095ac0db5e499dff1ec6,1500.1154585490658,1462.6741194740853,37.44133907498053,0.3999999999999999,0.4,0.9999999999999999,26.343709643028888,90,88,False
02f505f4f4b474da6594febc,LaLiga,2024/2025,DEVELOPMENT,2024-11-30,13:00,MATCH_KICKOFF_TIME_TIMEZONE_NOT_STATED_BY_SOURCE,,NOT_VERIFIED_DO_NOT_INFER,Barcelona,Las Palmas,1,2,A,EVALUATION_ONLY_JOIN_AFTER_PREMATCH_FEATURE_FREEZE,1.14,9.15,17.53,EXTERNAL_HISTORICAL_MARKET_BENCHMARK,NOT_AVAILABLE,NOT_GOLDBET,d269bab72e06cd462596444456405c75936b74957df5fe1b08294d2153c20283,1634.694805266089,1444.052059862933,190.6427454031559,0.19999999999999996,1.6,1.8,6.132793199485832,90,52,False
206756420c161ff029684f96,LaLiga,2024/2025,DEVELOPMENT,2024-11-30,15:15,MATCH_KICKOFF_TIME_TIMEZONE_NOT_STATED_BY_SOURCE,,NOT_VERIFIED_DO_NOT_INFER,Alaves,Leganes,1,1,D,EVALUATION_ONLY_JOIN_AFTER_PREMATCH_FEATURE_FREEZE,1.81,3.17,5.63,EXTERNAL_HISTORICAL_MARKET_BENCHMARK,NOT_AVAILABLE,NOT_GOLDBET,6092fbbf0735470ad4218f6dd65cfe79d34c07df145ef8e17eb7f72d2bea1887,1459.1334955394657,1475.869611774811,-16.736116235345207,-0.6,-0.6,1.4,-23.696499118434076,52,14,False
5bf68ceb23dac47ba7340d73,LaLiga,2024/2025,DEVELOPMENT,2024-11-30,17:30,MATCH_KICKOFF_TIME_TIMEZONE_NOT_STATED_BY_SOURCE,,NOT_VERIFIED_DO_NOT_INFER,Espanol,Celta,3,1,H,EVALUATION_ONLY_JOIN_AFTER_PREMATCH_FEATURE_FREEZE,3.57,3.21,2.21,EXTERNAL_HISTORICAL_MARKET_BENCHMARK,NOT_AVAILABLE,NOT_GOLDBET,e947955de89a756741f72c9d9e65b45dbd6ddbe25944f29a9b2210715b57e952,1447.8810073549794,1484.8582709383365,-36.97726358335717,-0.4,-1.2000000000000002,1.0,-6.565277141263323,51,90,False
1cdef25327b29552e9166dd5,LaLiga,2024/2025,DEVELOPMENT,2024-11-30,20:00,MATCH_KICKOFF_TIME_TIMEZONE_NOT_STATED_BY_SOURCE,,NOT_VERIFIED_DO_NOT_INFER,Valladolid,Ath Madrid,0,5,A,EVALUATION_ONLY_JOIN_AFTER_PREMATCH_FEATURE_FREEZE,7.49,4.48,1.45,EXTERNAL_HISTORICAL_MARKET_BENCHMARK,NOT_AVAILABLE,NOT_GOLDBET,ec088b093e500fbeb1b6d27a4ca646a44d7b8b32f38a40e143f3c39aea2c5e3e,1432.751886142146,1596.377720745135,-163.62583460298902,-1.5999999999999999,-1.6,-1.2000000000000002,21.22721841370776,52,90,False
f426825236079a7da6a88951,LaLiga,2024/2025,DEVELOPMENT,2024-12-01,13:00,MATCH_KICKOFF_TIME_TIMEZONE_NOT_STATED_BY_SOURCE,,NOT_VERIFIED_DO_NOT_INFER,Villarreal,Girona,2,2,D,EVALUATION_ONLY_JOIN_AFTER_PREMATCH_FEATURE_FREEZE,1.77,3.87,4.46,EXTERNAL_HISTORICAL_MARKET_BENCHMARK,NOT_AVAILABLE,NOT_GOLDBET,cce565c1331b2196c91b2427e653f36a71ff63cba2680bfcd74aa5a30edc8c7e,1559.1819181730677,1542.7870342814776,16.394883891590098,-0.19999999999999996,-0.19999999999999996,0.6000000000000001,38.54003565359858,89,90,False
0e0db94e52c202e1dae6da40,LaLiga,2024/2025,DEVELOPMENT,2024-12-01,15:15,MATCH_KICKOFF_TIME_TIMEZONE_NOT_STATED_BY_SOURCE,,NOT_VERIFIED_DO_NOT_INFER,Real Madrid,Getafe,2,0,H,EVALUATION_ONLY_JOIN_AFTER_PREMATCH_FEATURE_FREEZE,1.32,5.15,10.33,EXTERNAL_HISTORICAL_MARKET_BENCHMARK,NOT_AVAILABLE,NOT_GOLDBET,96bb16fe83b96cc4f0be66f750a674909010a6d8318293a2093994c800363ff6,1640.4172279352342,1454.8030586271677,185.6141693080665,1.4,1.2,2.1999999999999997,47.09449185948483,89,90,False
310e2bc21d47dd421ccc9191,LaLiga,2024/2025,DEVELOPMENT,2024-12-01,17:30,MATCH_KICKOFF_TIME_TIMEZONE_NOT_STATED_BY_SOURCE,,NOT_VERIFIED_DO_NOT_INFER,Vallecano,Ath Bilbao,1,2,A,EVALUATION_ONLY_JOIN_AFTER_PREMATCH_FEATURE_FREEZE,3.28,3.01,2.47,EXTERNAL_HISTORICAL_MARKET_BENCHMARK,NOT_AVAILABLE,NOT_GOLDBET,2901fd19f968ac15d54e95498c854911aa7a395f08e305cf7636a762dcc397a0,1468.6612902229626,1545.8161186613868,-77.15482843842415,-0.6000000000000001,-1.2000000000000002,0.0,-28.772513745914466,89,90,False
29381e21de6d7e13780f3b47,LaLiga,2024/2025,DEVELOPMENT,2024-12-01,20:00,MATCH_KICKOFF_TIME_TIMEZONE_NOT_STATED_BY_SOURCE,,NOT_VERIFIED_DO_NOT_INFER,Sociedad,Betis,2,0,H,EVALUATION_ONLY_JOIN_AFTER_PREMATCH_FEATURE_FREEZE,1.69,3.71,5.44,EXTERNAL_HISTORICAL_MARKET_BENCHMARK,NOT_AVAILABLE,NOT_GOLDBET,73b0b63380201566379ac05abdb50d0909a65ce3e75614649c7d6ad30718c8c4,1517.7909111941244,1520.841942917493,-3.0510317233686237,0.19999999999999996,0.2,0.3999999999999999,30.85653521553536,90,90,False
59941555d70bd6fc306ba4af,LaLiga,2024/2025,DEVELOPMENT,2024-12-02,20:00,MATCH_KICKOFF_TIME_TIMEZONE_NOT_STATED_BY_SOURCE,,NOT_VERIFIED_DO_NOT_INFER,Sevilla,Osasuna,1,1,D,EVALUATION_ONLY_JOIN_AFTER_PREMATCH_FEATURE_FREEZE,2.01,3.38,4,EXTERNAL_HISTORICAL_MARKET_BENCHMARK,NOT_AVAILABLE,NOT_GOLDBET,fe681c1eb5456f3e748f84eb6a57a7b4b5deddf181f0d6feb7077ead89f99428,1482.391540194586,1508.0733035169453,-25.681763322359302,-0.19999999999999996,-0.4,1.4,-21.203677944294213,90,90,False
087f0b5da18427872d83b9a4,LaLiga,2024/2025,DEVELOPMENT,2024-12-03,18:00,MATCH_KICKOFF_TIME_TIMEZONE_NOT_STATED_BY_SOURCE,,NOT_VERIFIED_DO_NOT_INFER,Mallorca,Barcelona,1,5,A,EVALUATION_ONLY_JOIN_AFTER_PREMATCH_FEATURE_FREEZE,5.48,4.08,1.62,EXTERNAL_HISTORICAL_MARKET_BENCHMARK,NOT_AVAILABLE,NOT_GOLDBET,5977861abaee7527bb793c54bd75f69aeeab1ac6600b3478213f6d6cedf0741b,1507.3821627308205,1618.5169995027748,-111.13483677195427,0.0,-0.8,0.6000000000000001,-7.386172557017517,91,91,False
21258614eef3f614bf568651,LaLiga,2024/2025,DEVELOPMENT,2024-12-04,20:00,MATCH_KICKOFF_TIME_TIMEZONE_NOT_STATED_BY_SOURCE,,NOT_VERIFIED_DO_NOT_INFER,Ath Bilbao,Real Madrid,2,1,H,EVALUATION_ONLY_JOIN_AFTER_PREMATCH_FEATURE_FREEZE,3.32,3.36,2.23,EXTERNAL_HISTORICAL_MARKET_BENCHMARK,NOT_AVAILABLE,NOT_GOLDBET,21b108203d7c622f113fb0463b55f49915d8b34cff3f34cb69a715a74f44b8f6,1555.3227638674891,1644.3297191386205,-89.00695527113135,-0.5999999999999999,-0.7999999999999999,0.0,-19.307026303687962,91,90,False
6d7f10484dfd0e3e5a57ca2f,LaLiga,2024/2025,DEVELOPMENT,2024-12-06,20:00,MATCH_KICKOFF_TIME_TIMEZONE_NOT_STATED_BY_SOURCE,,NOT_VERIFIED_DO_NOT_INFER,Celta,Mallorca,2,0,H,EVALUATION_ONLY_JOIN_AFTER_PREMATCH_FEATURE_FREEZE,1.9,3.29,4.73,EXTERNAL_HISTORICAL_MARKET_BENCHMARK,NOT_AVAILABLE,NOT_GOLDBET,3510d3a1ff13f56f2fc2eb4929eac9bc42ed138ef5f00d6f273d7ef3da4bed54,1475.5199503604,1498.84340602166,-23.32345566126014,-0.19999999999999996,0.0,-0.8,-4.125989215812524,91,92,False
f49721ac02cbb0993d490784,LaLiga,2024/2025,DEVELOPMENT,2024-12-07,13:00,MATCH_KICKOFF_TIME_TIMEZONE_NOT_STATED_BY_SOURCE,,NOT_VERIFIED_DO_NOT_INFER,Las Palmas,Valladolid,2,1,H,EVALUATION_ONLY_JOIN_AFTER_PREMATCH_FEATURE_FREEZE,1.65,3.77,5.8,EXTERNAL_HISTORICAL_MARKET_BENCHMARK,NOT_AVAILABLE,NOT_GOLDBET,83274c4fdb3a3c5013949e4166e7cdba9c41adbd43cfd6c682f9e7f3446be356,1460.2298656262471,1425.649072831631,34.58079279461617,1.6,2.0,0.20000000000000007,17.822139523185797,53,53,False
8f6b24241bd76621fbd22331,LaLiga,2024/2025,DEVELOPMENT,2024-12-07,15:15,MATCH_KICKOFF_TIME_TIMEZONE_NOT_STATED_BY_SOURCE,,NOT_VERIFIED_DO_NOT_INFER,Betis,Barcelona,2,2,D,EVALUATION_ONLY_JOIN_AFTER_PREMATCH_FEATURE_FREEZE,5.63,4.78,1.52,EXTERNAL_HISTORICAL_MARKET_BENCHMARK,NOT_AVAILABLE,NOT_GOLDBET,1da1a05c5f80cac9bbfefb44b100fedbbfbce0faf11dda64fba7463d529cfcd4,1512.4665424746152,1627.0557562119352,-114.58921373732005,-0.3999999999999999,-1.4,0.0,34.36317059974613,91,92,False
7d0ab2cf509c5f79463c9423,LaLiga,2024/2025,DEVELOPMENT,2024-12-07,17:30,MATCH_KICKOFF_TIME_TIMEZONE_NOT_STATED_BY_SOURCE,,NOT_VERIFIED_DO_NOT_INFER,Valencia,Vallecano,0,1,A,EVALUATION_ONLY_JOIN_AFTER_PREMATCH_FEATURE_FREEZE,2.23,3.02,3.82,EXTERNAL_HISTORICAL_MARKET_BENCHMARK,NOT_AVAILABLE,NOT_GOLDBET,cd0c92f8837d74a6865f9d1185ec3375da450ce1d8355d2edf01ae1d57191227,1455.4074152923306,1459.1546450168603,-3.7472297245296886,0.4,0.8,0.8,-5.734613202648234,89,90,False
446bd16e3e07bf5dce3d8eae,LaLiga,2024/2025,DEVELOPMENT,2024-12-07,20:00,MATCH_KICKOFF_TIME_TIMEZONE_NOT_STATED_BY_SOURCE,,NOT_VERIFIED_DO_NOT_INFER,Girona,Real Madrid,0,3,A,EVALUATION_ONLY_JOIN_AFTER_PREMATCH_FEATURE_FREEZE,4.27,3.97,1.79,EXTERNAL_HISTORICAL_MARKET_BENCHMARK,NOT_AVAILABLE,NOT_GOLDBET,e8702cfeda1d5d1da008aa29ccfeef968ae8d88ebdeba44723735d55bba25cbe,1544.951091625801,1633.4967662841293,-88.54567465832838,0.19999999999999996,0.0,0.0,-50.710553722129134,91,91,False
8e2e30c9d4aa6428e4adf528,LaLiga,2024/2025,DEVELOPMENT,2024-12-08,13:00,MATCH_KICKOFF_TIME_TIMEZONE_NOT_STATED_BY_SOURCE,,NOT_VERIFIED_DO_NOT_INFER,Leganes,Sociedad,0,3,A,EVALUATION_ONLY_JOIN_AFTER_PREMATCH_FEATURE_FREEZE,5.72,3.12,1.83,EXTERNAL_HISTORICAL_MARKET_BENCHMARK,NOT_AVAILABLE,NOT_GOLDBET,6fded5e300b19b4e615224210f23600e2507d23e7091573bd2a6e090c3066a1e,1477.1084498770595,1526.1663116370023,-49.05786175994285,-0.40000000000000013,-0.4,0.0,-24.681995080169145,15,91,False
5b1e9286aaf1f967181a4d8d,LaLiga,2024/2025,DEVELOPMENT,2024-12-08,15:15,MATCH_KICKOFF_TIME_TIMEZONE_NOT_STATED_BY_SOURCE,,NOT_VERIFIED_DO_NOT_INFER,Ath Bilbao,Villarreal,2,0,H,EVALUATION_ONLY_JOIN_AFTER_PREMATCH_FEATURE_FREEZE,1.86,3.57,4.44,EXTERNAL_HISTORICAL_MARKET_BENCHMARK,NOT_AVAILABLE,NOT_GOLDBET,10a15d561699adf5d2f83e75974731a84e83f46654a657c8c0ccc41356ab3117,1566.1557167219803,1557.0178608287445,9.137855893235837,0.40000000000000013,-0.20000000000000007,0.20000000000000018,34.27445879433276,92,90,False
68920841d55952bbb4e2dc14,LaLiga,2024/2025,DEVELOPMENT,2024-12-08,17:30,MATCH_KICKOFF_TIME_TIMEZONE_NOT_STATED_BY_SOURCE,,NOT_VERIFIED_DO_NOT_INFER,Osasuna,Alaves,2,2,D,EVALUATION_ONLY_JOIN_AFTER_PREMATCH_FEATURE_FREEZE,2.26,3.06,3.66,EXTERNAL_HISTORICAL_MARKET_BENCHMARK,NOT_AVAILABLE,NOT_GOLDBET,e5c566168640a28189c48a834d84c7d7dcb180dea83b6ca642cde20fdc2826de,1509.0578618486365,1457.8946574372171,51.16320441141943,0.8,0.6000000000000001,2.0,3.835743950327924,91,53,False
23c1021c23b503dfcbcd730d,LaLiga,2024/2025,DEVELOPMENT,2024-12-08,20:00,MATCH_KICKOFF_TIME_TIMEZONE_NOT_STATED_BY_SOURCE,,NOT_VERIFIED_DO_NOT_INFER,Ath Madrid,Sevilla,4,3,H,EVALUATION_ONLY_JOIN_AFTER_PREMATCH_FEATURE_FREEZE,1.38,4.77,8.99,EXTERNAL_HISTORICAL_MARKET_BENCHMARK,NOT_AVAILABLE,NOT_GOLDBET,e5ebb51a3effdb2c24d2b4734989334d945fb20e3b896c5b73b4fa09ca7e0f82,1603.4805340556502,1481.4069818628948,122.07355219275541,1.0,1.6,1.8,-13.251649664606248,91,91,False
0bb8bf54868c3589579965de,LaLiga,2024/2025,DEVELOPMENT,2024-12-09,20:00,MATCH_KICKOFF_TIME_TIMEZONE_NOT_STATED_BY_SOURCE,,NOT_VERIFIED_DO_NOT_INFER,Getafe,Espanol,1,0,H,EVALUATION_ONLY_JOIN_AFTER_PREMATCH_FEATURE_FREEZE,1.81,3.07,5.95,EXTERNAL_HISTORICAL_MARKET_BENCHMARK,NOT_AVAILABLE,NOT_GOLDBET,5ad2e906af9f09c7da1978c4bda939149b030acd919c582537d9afee5cf0752a,1450.8905674237815,1457.219327932916,-6.328760509134554,0.20000000000000007,1.2000000000000002,1.6,-30.82245741307247,91,52,False
d4697428f9e108425f897c80,LaLiga,2024/2025,DEVELOPMENT,2024-12-13,20:00,MATCH_KICKOFF_TIME_TIMEZONE_NOT_STATED_BY_SOURCE,,NOT_VERIFIED_DO_NOT_INFER,Valladolid,Valencia,1,0,H,EVALUATION_ONLY_JOIN_AFTER_PREMATCH_FEATURE_FREEZE,3.24,3.06,2.4,EXTERNAL_HISTORICAL_MARKET_BENCHMARK,NOT_AVAILABLE,NOT_GOLDBET,01b29f68a46fe58feeb240f189982ab8dfb407e3346e368e048cf08114a7ca63,1418.3060164427252,1443.802331378776,-25.496314936050794,-0.6000000000000001,-1.6,-0.2,33.80594446530495,54,90,False
e0632c63baa8d8fd9d64b5b1,LaLiga,2024/2025,DEVELOPMENT,2024-12-14,13:00,MATCH_KICKOFF_TIME_TIMEZONE_NOT_STATED_BY_SOURCE,,NOT_VERIFIED_DO_NOT_INFER,Espanol,Osasuna,0,0,D,EVALUATION_ONLY_JOIN_AFTER_PREMATCH_FEATURE_FREEZE,2.76,3.14,2.72,EXTERNAL_HISTORICAL_MARKET_BENCHMARK,NOT_AVAILABLE,NOT_GOLDBET,cf5901329efdbb3a075bcc2e64e66e63875bf444c9be9f5723b11e3b62780033,1448.751938567881,1505.963213806035,-57.2112752381538,-0.6,-0.6,0.6000000000000001,5.513671176947128,53,92,False
c2f63dc8c6120f8992dcc4c4,LaLiga,2024/2025,DEVELOPMENT,2024-12-14,15:15,MATCH_KICKOFF_TIME_TIMEZONE_NOT_STATED_BY_SOURCE,,NOT_VERIFIED_DO_NOT_INFER,Mallorca,Girona,2,1,H,EVALUATION_ONLY_JOIN_AFTER_PREMATCH_FEATURE_FREEZE,2.71,2.99,2.9,EXTERNAL_HISTORICAL_MARKET_BENCHMARK,NOT_AVAILABLE,NOT_GOLDBET,e37542d23d81f4c9ef59393a6cc0152498a683742d791606b83e61bf320e9295,1489.8951380062633,1535.7708584218194,-45.87572041555609,-0.8,-1.4,0.3999999999999999,1.6630956955955298,93,92,False
57805b44b62c6a0b89d0ec91,LaLiga,2024/2025,DEVELOPMENT,2024-12-14,17:30,MATCH_KICKOFF_TIME_TIMEZONE_NOT_STATED_BY_SOURCE,,NOT_VERIFIED_DO_NOT_INFER,Sevilla,Celta,1,0,H,EVALUATION_ONLY_JOIN_AFTER_PREMATCH_FEATURE_FREEZE,2.59,3.13,2.91,EXTERNAL_HISTORICAL_MARKET_BENCHMARK,NOT_AVAILABLE,NOT_GOLDBET,ae7bd57f786a5d0f42f54afa55103c0b3bd2559d4ec7976e7cbc0eaea5e168ba,1476.2151779966705,1484.4682183757966,-8.253040379126105,-0.8,-0.8,1.2,-3.5277665445094044,92,92,False
220f8c79fb5bbd67ccefffac,LaLiga,2024/2025,DEVELOPMENT,2024-12-14,20:00,MATCH_KICKOFF_TIME_TIMEZONE_NOT_STATED_BY_SOURCE,,NOT_VERIFIED_DO_NOT_INFER,Vallecano,Real Madrid,3,3,D,EVALUATION_ONLY_JOIN_AFTER_PREMATCH_FEATURE_FREEZE,6.27,4.2,1.53,EXTERNAL_HISTORICAL_MARKET_BENCHMARK,NOT_AVAILABLE,NOT_GOLDBET,98448bb778e747fdabb8f0cf525bfaaa0c8cb71195cd930d00448ad0f264514e,1470.759728930415,1642.6769994881108,-171.91727055769593,-1.2,-2.6,-1.0,-33.308554759501476,91,92,False
941a0f893b9e437af9ffb4df,LaLiga,2024/2025,DEVELOPMENT,2024-12-15,13:00,MATCH_KICKOFF_TIME_TIMEZONE_NOT_STATED_BY_SOURCE,,NOT_VERIFIED_DO_NOT_INFER,Ath Madrid,Getafe,1,0,H,EVALUATION_ONLY_JOIN_AFTER_PREMATCH_FEATURE_FREEZE,1.32,4.94,11.21,EXTERNAL_HISTORICAL_MARKET_BENCHMARK,NOT_AVAILABLE,NOT_GOLDBET,c1087c3646dfaed47f16267e161a6bc81e084d55b5177af96725af55b9dd5b44,1608.6723379218745,1459.3579567888164,149.31438113305808,1.8,2.2,2.4,-42.498818203379415,92,92,False
9627591643aa29edace9aebf,LaLiga,2024/2025,DEVELOPMENT,2024-12-15,15:15,MATCH_KICKOFF_TIME_TIMEZONE_NOT_STATED_BY_SOURCE,,NOT_VERIFIED_DO_NOT_INFER,Alaves,Ath Bilbao,1,1,D,EVALUATION_ONLY_JOIN_AFTER_PREMATCH_FEATURE_FREEZE,4,3.06,2.12,EXTERNAL_HISTORICAL_MARKET_BENCHMARK,NOT_AVAILABLE,NOT_GOLDBET,065faa984f860161948a0812156360f6ee8f21969a1e78a6a2b811a57dd26bd2,1460.9893054798188,1574.1916263622425,-113.20232088242369,-1.6,-1.6,-0.20000000000000018,0.3745486446180166,54,93,False
ece604242b4007faa34421b9,LaLiga,2024/2025,DEVELOPMENT,2024-12-15,17:30,MATCH_KICKOFF_TIME_TIMEZONE_NOT_STATED_BY_SOURCE,,NOT_VERIFIED_DO_NOT_INFER,Sociedad,Las Palmas,0,0,D,EVALUATION_ONLY_JOIN_AFTER_PREMATCH_FEATURE_FREEZE,1.34,4.89,10.63,EXTERNAL_HISTORICAL_MARKET_BENCHMARK,NOT_AVAILABLE,NOT_GOLDBET,1e280226d0d034a878ca6a1190f410cc8f1f50beff2c85346761756f130e373d,1536.48114760648,1467.572922015153,68.90822559132698,0.5999999999999999,1.2,0.19999999999999996,12.520475735595028,92,54,False
8a0bafe044246050400489b1,LaLiga,2024/2025,DEVELOPMENT,2024-12-15,17:30,MATCH_KICKOFF_TIME_TIMEZONE_NOT_STATED_BY_SOURCE,,NOT_VERIFIED_DO_NOT_INFER,Villarreal,Betis,1,2,A,EVALUATION_ONLY_JOIN_AFTER_PREMATCH_FEATURE_FREEZE,1.94,3.72,3.79,EXTERNAL_HISTORICAL_MARKET_BENCHMARK,NOT_AVAILABLE,NOT_GOLDBET,8fcdd3568036420adc67a62fe99e518a88c18619d7e53e6bb493e21be1e4c2a6,1548.9819511884823,1514.0249434172276,34.957007771254666,1.0,1.2000000000000002,0.8,-14.727443838049794,91,92,False
c95d3673b9ccfd046d4373c9,LaLiga,2024/2025,DEVELOPMENT,2024-12-15,20:00,MATCH_KICKOFF_TIME_TIMEZONE_NOT_STATED_BY_SOURCE,,NOT_VERIFIED_DO_NOT_INFER,Barcelona,Leganes,0,1,A,EVALUATION_ONLY_JOIN_AFTER_PREMATCH_FEATURE_FREEZE,1.12,9.78,20.58,EXTERNAL_HISTORICAL_MARKET_BENCHMARK,NOT_AVAILABLE,NOT_GOLDBET,f649bd1469ab4422b76279aa5ff34cc174046af430fdd62d65bcc5abce168e96,1625.4973552693227,1466.7936139075819,158.70374136174087,0.19999999999999996,1.6,1.7999999999999998,-32.16084248540551,93,16,False
8d698cde4e018fd5e6679a30,LaLiga,2024/2025,DEVELOPMENT,2024-12-18,20:30,MATCH_KICKOFF_TIME_TIMEZONE_NOT_STATED_BY_SOURCE,,NOT_VERIFIED_DO_NOT_INFER,Espanol,Valencia,1,1,D,EVALUATION_ONLY_JOIN_AFTER_PREMATCH_FEATURE_FREEZE,2.56,2.92,3.18,EXTERNAL_HISTORICAL_MARKET_BENCHMARK,NOT_AVAILABLE,NOT_GOLDBET,7102aa9199b03d57b00ceed40b84e50570ad5003e56f120ca82878982734d99c,1448.6716743407671,1434.7921753251937,13.879499015573401,0.0,-0.6000000000000001,0.9999999999999999,49.68180279344142,54,91,False
e7535f9f50248a9597e59300,LaLiga,2024/2025,DEVELOPMENT,2024-12-18,20:30,MATCH_KICKOFF_TIME_TIMEZONE_NOT_STATED_BY_SOURCE,,NOT_VERIFIED_DO_NOT_INFER,Villarreal,Vallecano,1,1,D,EVALUATION_ONLY_JOIN_AFTER_PREMATCH_FEATURE_FREEZE,1.78,3.78,4.57,EXTERNAL_HISTORICAL_MARKET_BENCHMARK,NOT_AVAILABLE,NOT_GOLDBET,039744d9f4b441180a34985f7e5e6d7d931925e8d28e32f46af74be909285941,1536.3149465486151,1473.8739890014642,62.4409575471509,0.19999999999999996,0.6,0.20000000000000018,8.392617663628243,92,92,False
02f102fc2dcbb397e4c8ea26,LaLiga,2024/2025,DEVELOPMENT,2024-12-20,20:00,MATCH_KICKOFF_TIME_TIMEZONE_NOT_STATED_BY_SOURCE,,NOT_VERIFIED_DO_NOT_INFER,Girona,Valladolid,3,0,H,EVALUATION_ONLY_JOIN_AFTER_PREMATCH_FEATURE_FREEZE,1.35,4.96,9.11,EXTERNAL_HISTORICAL_MARKET_BENCHMARK,NOT_AVAILABLE,NOT_GOLDBET,93fd708f2fa98d375fbb5b4f79890719c5adf4fe874bf42d406d25f67f9c7c52,1526.177164063114,1427.3161724963074,98.86099156680666,0.5999999999999999,1.4,1.2000000000000002,21.372408747799682,93,55,False
14b4fd94542b535f95844c7e,LaLiga,2024/2025,DEVELOPMENT,2024-12-21,13:00,MATCH_KICKOFF_TIME_TIMEZONE_NOT_STATED_BY_SOURCE,,NOT_VERIFIED_DO_NOT_INFER,Getafe,Mallorca,0,1,A,EVALUATION_ONLY_JOIN_AFTER_PREMATCH_FEATURE_FREEZE,2.41,2.59,4.01,EXTERNAL_HISTORICAL_MARKET_BENCHMARK,NOT_AVAILABLE,NOT_GOLDBET,613dcbfc4a65253b63d68a7e11cdc862028c7720f8096a103fd73c5dd3257244,1454.7459001971117,1499.4888323649686,-44.74293216785691,-0.6000000000000001,0.39999999999999997,0.40000000000000013,25.38174824546536,93,94,False
9091c28a4121c025949782ff,LaLiga,2024/2025,DEVELOPMENT,2024-12-21,15:15,MATCH_KICKOFF_TIME_TIMEZONE_NOT_STATED_BY_SOURCE,,NOT_VERIFIED_DO_NOT_INFER,Celta,Sociedad,2,0,H,EVALUATION_ONLY_JOIN_AFTER_PREMATCH_FEATURE_FREEZE,2.84,2.97,2.79,EXTERNAL_HISTORICAL_MARKET_BENCHMARK,NOT_AVAILABLE,NOT_GOLDBET,e05d895493b78ecba877fe0ca1863a85a1c07e33412a0cac85dcf99bcd44cc14,1475.946699331039,1532.9322445813332,-56.98554525029408,-1.0,-1.2,-0.3999999999999999,-11.598153447209597,93,93,False
d61657b02a8d99741be77e52,LaLiga,2024/2025,DEVELOPMENT,2024-12-21,17:30,MATCH_KICKOFF_TIME_TIMEZONE_NOT_STATED_BY_SOURCE,,NOT_VERIFIED_DO_NOT_INFER,Osasuna,Ath Bilbao,1,2,A,EVALUATION_ONLY_JOIN_AFTER_PREMATCH_FEATURE_FREEZE,4.23,3.12,2.03,EXTERNAL_HISTORICAL_MARKET_BENCHMARK,NOT_AVAILABLE,NOT_GOLDBET,1489a43e0ffae71821a389df7848e5532e4f34c7b1a8b73bf4373ac83bd3617e,1506.0434780331489,1572.6721979883614,-66.62871995521255,-1.8,-1.8,0.40000000000000013,-16.24596217894873,93,94,False
18382b1f22b7b0cf36bd346a,LaLiga,2024/2025,DEVELOPMENT,2024-12-21,20:00,MATCH_KICKOFF_TIME_TIMEZONE_NOT_STATED_BY_SOURCE,,NOT_VERIFIED_DO_NOT_INFER,Barcelona,Ath Madrid,1,2,A,EVALUATION_ONLY_JOIN_AFTER_PREMATCH_FEATURE_FREEZE,2,3.71,3.59,EXTERNAL_HISTORICAL_MARKET_BENCHMARK,NOT_AVAILABLE,NOT_GOLDBET,0ab4dcb6f173d37a75856c0a1d6bbb3e22a2f98b35d1e85808eac3657ba03068,1609.9204149753114,1613.2843945135792,-3.363979538267813,-2.0,-1.4,-0.19999999999999996,15.285960165352208,94,93,False
e1e5cb687ce9112718366fd5,LaLiga,2024/2025,DEVELOPMENT,2024-12-22,13:00,MATCH_KICKOFF_TIME_TIMEZONE_NOT_STATED_BY_SOURCE,,NOT_VERIFIED_DO_NOT_INFER,Valencia,Alaves,2,2,D,EVALUATION_ONLY_JOIN_AFTER_PREMATCH_FEATURE_FREEZE,2.12,3.12,3.89,EXTERNAL_HISTORICAL_MARKET_BENCHMARK,NOT_AVAILABLE,NOT_GOLDBET,de6df81a0315fe2cd6e5c02827d4a7b4f061037eda4694a8bbee9b209776b9d4,1436.8871175253091,1462.5087338536998,-25.6216163283907,0.20000000000000007,0.6000000000000001,1.2,-69.1133282694525,92,55,False
0dddeb775c872a5788b4d053,LaLiga,2024/2025,DEVELOPMENT,2024-12-22,15:15,MATCH_KICKOFF_TIME_TIMEZONE_NOT_STATED_BY_SOURCE,,NOT_VERIFIED_DO_NOT_INFER,Real Madrid,Sevilla,4,2,H,EVALUATION_ONLY_JOIN_AFTER_PREMATCH_FEATURE_FREEZE,1.25,6.41,10.64,EXTERNAL_HISTORICAL_MARKET_BENCHMARK,NOT_AVAILABLE,NOT_GOLDBET,e576c8d813a2456812efc58cb3255d631371a9ea3a9682cb2180f4be2112a9e9,1639.5627394170615,1484.736697041428,154.8260423756335,0.6000000000000001,1.4,1.5999999999999999,-7.74315428271575,93,93,False
e60c7e614e9bb384b385686c,LaLiga,2024/2025,DEVELOPMENT,2024-12-22,17:30,MATCH_KICKOFF_TIME_TIMEZONE_NOT_STATED_BY_SOURCE,,NOT_VERIFIED_DO_NOT_INFER,Las Palmas,Espanol,1,0,H,EVALUATION_ONLY_JOIN_AFTER_PREMATCH_FEATURE_FREEZE,2.08,3.23,3.87,EXTERNAL_HISTORICAL_MARKET_BENCHMARK,NOT_AVAILABLE,NOT_GOLDBET,e86694e691b2f2eaf327d6811edd7cb5d8b5f1ef4857929e622d65cfdfcf77d5,1471.1218250402997,1446.5767321406518,24.545092899647898,1.0,1.0,1.4,32.61691484741277,55,55,False
0e2ee98b4e08b54a24d77465,LaLiga,2024/2025,DEVELOPMENT,2024-12-22,17:30,MATCH_KICKOFF_TIME_TIMEZONE_NOT_STATED_BY_SOURCE,,NOT_VERIFIED_DO_NOT_INFER,Leganes,Villarreal,2,5,A,EVALUATION_ONLY_JOIN_AFTER_PREMATCH_FEATURE_FREEZE,4.21,3.51,1.9,EXTERNAL_HISTORICAL_MARKET_BENCHMARK,NOT_AVAILABLE,NOT_GOLDBET,5b12b6d80693ad0599f7aade93eaa7ffa0d130742c9cbfc26c7797d07abd05c2,1482.3705542015932,1532.9298051940088,-50.55925099241563,0.7999999999999999,-0.20000000000000007,0.0,24.21468693839006,17,93,False
9b6c3c0a20a82a4a26911832,LaLiga,2024/2025,DEVELOPMENT,2024-12-22,20:00,MATCH_KICKOFF_TIME_TIMEZONE_NOT_STATED_BY_SOURCE,,NOT_VERIFIED_DO_NOT_INFER,Betis,Vallecano,1,1,D,EVALUATION_ONLY_JOIN_AFTER_PREMATCH_FEATURE_FREEZE,1.72,3.7,5.09,EXTERNAL_HISTORICAL_MARKET_BENCHMARK,NOT_AVAILABLE,NOT_GOLDBET,160e586a73d829e9f1ce8dc18f0799bedff10d05241750a5d1a7b0a04d42b5ce,1526.6919480570948,1477.2591303560705,49.432817701024305,0.0,-0.39999999999999997,0.20000000000000018,-5.861856378612174,93,93,False
ca3b0a9ad7eeef0ce2e53922,LaLiga,2024/2025,DEVELOPMENT,2025-01-03,20:00,MATCH_KICKOFF_TIME_TIMEZONE_NOT_STATED_BY_SOURCE,,NOT_VERIFIED_DO_NOT_INFER,Valencia,Real Madrid,1,2,A,EVALUATION_ONLY_JOIN_AFTER_PREMATCH_FEATURE_FREEZE,7.34,4.8,1.42,EXTERNAL_HISTORICAL_MARKET_BENCHMARK,NOT_AVAILABLE,NOT_GOLDBET,c029c60235200b48602ffa3825931f532b85e133cb6ada8950a83e76e48d5f0b,1435.9008448343902,1644.063173696291,-208.16232886190073,-1.6,-1.7999999999999998,-1.0,-44.36336237783644,93,94,False
fe52dc2ac403c95513a2a201,LaLiga,2024/2025,DEVELOPMENT,2025-01-10,20:00,MATCH_KICKOFF_TIME_TIMEZONE_NOT_STATED_BY_SOURCE,,NOT_VERIFIED_DO_NOT_INFER,Vallecano,Celta,2,1,H,EVALUATION_ONLY_JOIN_AFTER_PREMATCH_FEATURE_FREEZE,2.85,3.14,2.64,EXTERNAL_HISTORICAL_MARKET_BENCHMARK,NOT_AVAILABLE,NOT_GOLDBET,6f0c39c70a5e257c3bf6756a91121c58113436c24ded7a20b4ea2a2420640b62,1480.3086744246057,1485.8599385259652,-5.551264101359493,-0.19999999999999996,-0.2,0.19999999999999996,22.733550380042516,94,94,False
39c7784c24d113192926cad2,LaLiga,2024/2025,DEVELOPMENT,2025-01-11,13:00,MATCH_KICKOFF_TIME_TIMEZONE_NOT_STATED_BY_SOURCE,,NOT_VERIFIED_DO_NOT_INFER,Alaves,Girona,0,1,A,EVALUATION_ONLY_JOIN_AFTER_PREMATCH_FEATURE_FREEZE,3.19,3.08,2.44,EXTERNAL_HISTORICAL_MARKET_BENCHMARK,NOT_AVAILABLE,NOT_GOLDBET,5fa421f90a246d2937cb21ea75f5da60eb3b2ff38b8be23f36519efbe6f33372,1463.4950065446187,1531.898854098529,-68.40384755391028,-0.5999999999999999,-0.6000000000000001,0.0,4.684343135648987,56,94,False
69de054d50cce8d106875c2a,LaLiga,2024/2025,DEVELOPMENT,2025-01-11,15:15,MATCH_KICKOFF_TIME_TIMEZONE_NOT_STATED_BY_SOURCE,,NOT_VERIFIED_DO_NOT_INFER,Valladolid,Betis,1,0,H,EVALUATION_ONLY_JOIN_AFTER_PREMATCH_FEATURE_FREEZE,4.94,3.57,1.76,EXTERNAL_HISTORICAL_MARKET_BENCHMARK,NOT_AVAILABLE,NOT_GOLDBET,1ed364d885140ae8d56a4bda790018b32bc37684b69643561617b7ffd2365e76,1421.5944824608926,1523.6424039885596,-102.04792152766709,-0.4,-1.4,-0.5999999999999999,-29.98921884417632,56,94,False
a9fdee573f172e94db9602eb,LaLiga,2024/2025,DEVELOPMENT,2025-01-11,17:30,MATCH_KICKOFF_TIME_TIMEZONE_NOT_STATED_BY_SOURCE,,NOT_VERIFIED_DO_NOT_INFER,Espanol,Leganes,1,1,D,EVALUATION_ONLY_JOIN_AFTER_PREMATCH_FEATURE_FREEZE,2.16,2.94,4.1,EXTERNAL_HISTORICAL_MARKET_BENCHMARK,NOT_AVAILABLE,NOT_GOLDBET,2418cc899ea7ba6c897a9ddb2c32cffd9cbc7005b34a751fe89d54517a773d56,1438.9632156087214,1472.09889445946,-33.135678850738714,0.19999999999999996,1.6,0.6000000000000001,-85.80823553701794,56,18,False
08b712b584c45c7167d3ca2e,LaLiga,2024/2025,DEVELOPMENT,2025-01-11,20:00,MATCH_KICKOFF_TIME_TIMEZONE_NOT_STATED_BY_SOURCE,,NOT_VERIFIED_DO_NOT_INFER,Sevilla,Valencia,1,1,D,EVALUATION_ONLY_JOIN_AFTER_PREMATCH_FEATURE_FREEZE,2.1,3.2,3.86,EXTERNAL_HISTORICAL_MARKET_BENCHMARK,NOT_AVAILABLE,NOT_GOLDBET,88c125020a98142d5cc0277cac86f33fa8a50c567db7e097d16763e3b8e84784,1480.2362627621985,1429.9243093945347,50.31195336766382,0.9999999999999999,0.39999999999999997,1.4,55.98326756573624,94,94,False
1e81cdaec03c554da912c7bb,LaLiga,2024/2025,DEVELOPMENT,2025-01-12,13:00,MATCH_KICKOFF_TIME_TIMEZONE_NOT_STATED_BY_SOURCE,,NOT_VERIFIED_DO_NOT_INFER,Las Palmas,Getafe,1,2,A,EVALUATION_ONLY_JOIN_AFTER_PREMATCH_FEATURE_FREEZE,2.5,2.76,3.49,EXTERNAL_HISTORICAL_MARKET_BENCHMARK,NOT_AVAILABLE,NOT_GOLDBET,aeb9f4dd7ff82d42ebd6715aab1549976853fe59edcfd2d9d93c06389d7a6038,1478.73534157223,1444.3070485404685,34.42829303176154,0.8,0.6000000000000001,1.6,-22.77813293081681,56,94,False
3af3d1af017ad3371e5f16d2,LaLiga,2024/2025,DEVELOPMENT,2025-01-12,15:15,MATCH_KICKOFF_TIME_TIMEZONE_NOT_STATED_BY_SOURCE,,NOT_VERIFIED_DO_NOT_INFER,Ath Madrid,Osasuna,1,0,H,EVALUATION_ONLY_JOIN_AFTER_PREMATCH_FEATURE_FREEZE,1.31,5.14,10.93,EXTERNAL_HISTORICAL_MARKET_BENCHMARK,NOT_AVAILABLE,NOT_GOLDBET,c7b905a07714dbe0747441e60a001e05e1528d461bfc32ac232f4dc0acb68f41,1624.9002231608727,1496.234244783777,128.6659783770956,2.2,2.0,1.8,-14.593653291952478,94,94,False
6671ee1ae3b916f065e0c5b4,LaLiga,2024/2025,DEVELOPMENT,2025-01-13,20:00,MATCH_KICKOFF_TIME_TIMEZONE_NOT_STATED_BY_SOURCE,,NOT_VERIFIED_DO_NOT_INFER,Sociedad,Villarreal,1,0,H,EVALUATION_ONLY_JOIN_AFTER_PREMATCH_FEATURE_FREEZE,2,3.38,3.99,EXTERNAL_HISTORICAL_MARKET_BENCHMARK,NOT_AVAILABLE,NOT_GOLDBET,d6687ce277ccfcb91b0a014235031c7d28be140035239f6570e224dd9fa54687,1523.0190053864071,1543.201464936142,-20.18245954973486,0.3999999999999999,0.4,0.20000000000000018,-19.97593749771704,94,94,False
92edee3ca424431db8b6a157,LaLiga,2024/2025,DEVELOPMENT,2025-01-17,20:00,MATCH_KICKOFF_TIME_TIMEZONE_NOT_STATED_BY_SOURCE,,NOT_VERIFIED_DO_NOT_INFER,Espanol,Valladolid,2,1,H,EVALUATION_ONLY_JOIN_AFTER_PREMATCH_FEATURE_FREEZE,1.81,3.32,5.17,EXTERNAL_HISTORICAL_MARKET_BENCHMARK,NOT_AVAILABLE,NOT_GOLDBET,d3ad00c54c9b2e2338e99e8f589a1f7789fe4ed1717a6a2c8f46ab17497c5957,1438.1915355468518,1432.798844674067,5.392690872784897,-0.6,0.9999999999999999,0.6,-43.0725619494126,57,57,False
449ff5a47d886eaff79ff0c0,LaLiga,2024/2025,DEVELOPMENT,2025-01-18,13:00,MATCH_KICKOFF_TIME_TIMEZONE_NOT_STATED_BY_SOURCE,,NOT_VERIFIED_DO_NOT_INFER,Girona,Sevilla,1,2,A,EVALUATION_ONLY_JOIN_AFTER_PREMATCH_FEATURE_FREEZE,1.92,3.42,4.26,EXTERNAL_HISTORICAL_MARKET_BENCHMARK,NOT_AVAILABLE,NOT_GOLDBET,382cba145dddf001fe9297acba3191709fe0632e9a5f1bca0143a4ef9a96b10b,1541.657019083882,1477.1637860397684,64.4932330441136,0.3999999999999999,0.4,1.2000000000000002,-18.42482065112017,95,95,False
24394ec246565c1163efe702,LaLiga,2024/2025,DEVELOPMENT,2025-01-18,15:15,MATCH_KICKOFF_TIME_TIMEZONE_NOT_STATED_BY_SOURCE,,NOT_VERIFIED_DO_NOT_INFER,Leganes,Ath Madrid,1,0,H,EVALUATION_ONLY_JOIN_AFTER_PREMATCH_FEATURE_FREEZE,7.07,3.99,1.53,EXTERNAL_HISTORICAL_MARKET_BENCHMARK,NOT_AVAILABLE,NOT_GOLDBET,3b3648a9e02931e69231c318093975d813e4fe604960ce31aea943bbb0b59cda,1472.8705745213297,1629.9474845398545,-157.0769100185248,-2.0,-2.8,-0.8,20.6037397391151,19,95,False
5b76f092385fd4511552666b,LaLiga,2024/2025,DEVELOPMENT,2025-01-18,17:30,MATCH_KICKOFF_TIME_TIMEZONE_NOT_STATED_BY_SOURCE,,NOT_VERIFIED_DO_NOT_INFER,Betis,Alaves,1,3,A,EVALUATION_ONLY_JOIN_AFTER_PREMATCH_FEATURE_FREEZE,1.84,3.49,4.6,EXTERNAL_HISTORICAL_MARKET_BENCHMARK,NOT_AVAILABLE,NOT_GOLDBET,316a0920acb6a37db9aeaf485678379ca812aa99b627f408ef68ae4b1c65c457,1512.4380417753853,1453.7368415592657,58.70120021611956,0.19999999999999996,-0.2,1.4,12.955431960395572,95,57,False
fa9d2b616f807ba9b153e384,LaLiga,2024/2025,DEVELOPMENT,2025-01-18,20:00,MATCH_KICKOFF_TIME_TIMEZONE_NOT_STATED_BY_SOURCE,,NOT_VERIFIED_DO_NOT_INFER,Getafe,Barcelona,1,1,D,EVALUATION_ONLY_JOIN_AFTER_PREMATCH_FEATURE_FREEZE,6.93,4.42,1.47,EXTERNAL_HISTORICAL_MARKET_BENCHMARK,NOT_AVAILABLE,NOT_GOLDBET,870f20f691747d07b787db8b503265faa3283c1c996a0a11a2c8a5c379f454b6,1456.9599122357517,1598.3045863280179,-141.34467409226613,0.3999999999999999,-0.6000000000000001,-0.20000000000000018,28.110858847538566,95,95,False
ed3a2f1b8603b05934e02309,LaLiga,2024/2025,DEVELOPMENT,2025-01-19,13:00,MATCH_KICKOFF_TIME_TIMEZONE_NOT_STATED_BY_SOURCE,,NOT_VERIFIED_DO_NOT_INFER,Celta,Ath Bilbao,1,2,A,EVALUATION_ONLY_JOIN_AFTER_PREMATCH_FEATURE_FREEZE,3.34,3.21,2.28,EXTERNAL_HISTORICAL_MARKET_BENCHMARK,NOT_AVAILABLE,NOT_GOLDBET,bfbcd1fb6656d3a6579e24e5a25c39c24dc7a835614000700d5ab82cc64cb355,1477.4143941385562,1582.4814312377332,-105.06703709917701,-1.4000000000000001,-1.0,0.19999999999999996,-40.17222866480938,95,95,False
d1f7ada540a787bfefab70b7,LaLiga,2024/2025,DEVELOPMENT,2025-01-19,15:15,MATCH_KICKOFF_TIME_TIMEZONE_NOT_STATED_BY_SOURCE,,NOT_VERIFIED_DO_NOT_INFER,Real Madrid,Las Palmas,4,1,H,EVALUATION_ONLY_JOIN_AFTER_PREMATCH_FEATURE_FREEZE,1.16,7.96,16.91,EXTERNAL_HISTORICAL_MARKET_BENCHMARK,NOT_AVAILABLE,NOT_GOLDBET,2f59f5b2676fb501b30bacd16afc574f39877d632449d4b6a60a67b8cc6c5b40,1650.0397091361465,1466.0824778769468,183.95723125919972,0.0,0.6,0.3999999999999999,0.7924639828406725,95,57,False
7bd2ee139dedde879ecda7e3,LaLiga,2024/2025,DEVELOPMENT,2025-01-19,17:30,MATCH_KICKOFF_TIME_TIMEZONE_NOT_STATED_BY_SOURCE,,NOT_VERIFIED_DO_NOT_INFER,Osasuna,Vallecano,1,1,D,EVALUATION_ONLY_JOIN_AFTER_PREMATCH_FEATURE_FREEZE,2.3,3.09,3.45,EXTERNAL_HISTORICAL_MARKET_BENCHMARK,NOT_AVAILABLE,NOT_GOLDBET,e57dd41c2010d3ad9a9b4dfe54bd3135fa818b6e5f948407e264711c451b93eb,1491.1869834047952,1488.7542188120146,2.432764592780586,-1.2000000000000002,-0.8,0.0,-12.068138112639645,95,95,False
197dda5c1910cad0253c0c1f,LaLiga,2024/2025,DEVELOPMENT,2025-01-19,20:00,MATCH_KICKOFF_TIME_TIMEZONE_NOT_STATED_BY_SOURCE,,NOT_VERIFIED_DO_NOT_INFER,Valencia,Sociedad,1,0,H,EVALUATION_ONLY_JOIN_AFTER_PREMATCH_FEATURE_FREEZE,3.14,2.84,2.64,EXTERNAL_HISTORICAL_MARKET_BENCHMARK,NOT_AVAILABLE,NOT_GOLDBET,a6ba40abb7f6b6dd3fd0242d1bf2c4e1fd382ebf087616772e0a486cff23bd67,1432.9967861169648,1531.877955632448,-98.88116951548318,-1.4,-1.2000000000000002,-1.0,-6.17712359624079,95,95,False
c9de60cd976b9510424c7925,LaLiga,2024/2025,DEVELOPMENT,2025-01-20,20:00,MATCH_KICKOFF_TIME_TIMEZONE_NOT_STATED_BY_SOURCE,,NOT_VERIFIED_DO_NOT_INFER,Villarreal,Mallorca,4,0,H,EVALUATION_ONLY_JOIN_AFTER_PREMATCH_FEATURE_FREEZE,1.67,3.76,5.49,EXTERNAL_HISTORICAL_MARKET_BENCHMARK,NOT_AVAILABLE,NOT_GOLDBET,18607c00fbf30bcd0f7c2e21504779be490363b60db279e1a1b6deec45bb0765,1534.342514690101,1509.9276840216119,24.41483066848923,-1.0,0.39999999999999997,0.0,2.4432761544962887,95,95,False
903052b307ba060e2f3b7d69,LaLiga,2024/2025,DEVELOPMENT,2025-01-24,20:00,MATCH_KICKOFF_TIME_TIMEZONE_NOT_STATED_BY_SOURCE,,NOT_VERIFIED_DO_NOT_INFER,Las Palmas,Osasuna,1,1,D,EVALUATION_ONLY_JOIN_AFTER_PREMATCH_FEATURE_FREEZE,2.48,3.18,3.04,EXTERNAL_HISTORICAL_MARKET_BENCHMARK,NOT_AVAILABLE,NOT_GOLDBET,e191b433e5c6b8d0928a4f83a2969a62cce3b2af6c82934e31568b5c78bcb4ac,1462.1398820290024,1489.4091190441318,-27.26923701512942,0.7999999999999999,0.0,0.8,-17.983905142193862,58,96,False
834193c18328378c13b4a654,LaLiga,2024/2025,DEVELOPMENT,2025-01-25,13:00,MATCH_KICKOFF_TIME_TIMEZONE_NOT_STATED_BY_SOURCE,,NOT_VERIFIED_DO_NOT_INFER,Mallorca,Betis,0,1,A,EVALUATION_ONLY_JOIN_AFTER_PREMATCH_FEATURE_FREEZE,2.2,2.95,3.96,EXTERNAL_HISTORICAL_MARKET_BENCHMARK,NOT_AVAILABLE,NOT_GOLDBET,1439060a28b7ee14bebceef463480668cbda2ebd3caca67001cc91eeb1c41a82,1502.3106314561335,1499.148549580992,3.162081875141439,0.19999999999999996,-1.2000000000000002,0.5999999999999999,18.053612279112258,96,96,False
99a7cd9384fe2c7d409c421a,LaLiga,2024/2025,DEVELOPMENT,2025-01-25,15:15,MATCH_KICKOFF_TIME_TIMEZONE_NOT_STATED_BY_SOURCE,,NOT_VERIFIED_DO_NOT_INFER,Ath Madrid,Villarreal,1,1,D,EVALUATION_ONLY_JOIN_AFTER_PREMATCH_FEATURE_FREEZE,1.96,3.56,3.95,EXTERNAL_HISTORICAL_MARKET_BENCHMARK,NOT_AVAILABLE,NOT_GOLDBET,9552a5a9512263d7cee5bb792b6b993b1c8448db4b3362ee02ed2e430c61c57d,1617.2238969811456,1541.9595672555795,75.26432972556609,1.0,-0.4,1.6,3.3147993807649527,96,96,False
1790c45a02d90a7886520965,LaLiga,2024/2025,DEVELOPMENT,2025-01-25,17:30,MATCH_KICKOFF_TIME_TIMEZONE_NOT_STATED_BY_SOURCE,,NOT_VERIFIED_DO_NOT_INFER,Sevilla,Espanol,1,1,D,EVALUATION_ONLY_JOIN_AFTER_PREMATCH_FEATURE_FREEZE,1.77,3.55,5.02,EXTERNAL_HISTORICAL_MARKET_BENCHMARK,NOT_AVAILABLE,NOT_GOLDBET,01c016bdcc1093dc4ddbcc98143fddc6b6d6b2c448ca8e13596c5847ffad14b5,1490.6011228042614,1446.3312972165804,44.269825587681,0.19999999999999996,-0.2,1.6,76.46357340437407,96,58,False
42b2999b537d1be8bd037db1,LaLiga,2024/2025,DEVELOPMENT,2025-01-25,20:00,MATCH_KICKOFF_TIME_TIMEZONE_NOT_STATED_BY_SOURCE,,NOT_VERIFIED_DO_NOT_INFER,Valladolid,Real Madrid,0,3,A,EVALUATION_ONLY_JOIN_AFTER_PREMATCH_FEATURE_FREEZE,12.8,6.6,1.22,EXTERNAL_HISTORICAL_MARKET_BENCHMARK,NOT_AVAILABLE,NOT_GOLDBET,0572dd37c1fb0eb29983713f9e0bf885d39c934e42ff82bab8af5a83a3f55590,1424.6590830043383,1653.982304984091,-229.3232219797526,-1.4000000000000001,-2.4,-0.6000000000000001,-2.0775079410864237,58,96,False
28d19cb7460c30dd60b5c447,LaLiga,2024/2025,DEVELOPMENT,2025-01-26,13:00,MATCH_KICKOFF_TIME_TIMEZONE_NOT_STATED_BY_SOURCE,,NOT_VERIFIED_DO_NOT_INFER,Vallecano,Girona,2,1,H,EVALUATION_ONLY_JOIN_AFTER_PREMATCH_FEATURE_FREEZE,2.56,3.03,3.07,EXTERNAL_HISTORICAL_MARKET_BENCHMARK,NOT_AVAILABLE,NOT_GOLDBET,4ac211985bbeb7a938d19001d5746a0c77fb5e31567f585d0a747651d8304c90,1490.532083172678,1528.219682319389,-37.68759914671091,0.19999999999999996,0.4,0.0,38.27278933069874,96,96,False
702c5b0f09cc22def583c6fc,LaLiga,2024/2025,DEVELOPMENT,2025-01-26,15:15,MATCH_KICKOFF_TIME_TIMEZONE_NOT_STATED_BY_SOURCE,,NOT_VERIFIED_DO_NOT_INFER,Sociedad,Getafe,0,3,A,EVALUATION_ONLY_JOIN_AFTER_PREMATCH_FEATURE_FREEZE,1.92,2.95,5.34,EXTERNAL_HISTORICAL_MARKET_BENCHMARK,NOT_AVAILABLE,NOT_GOLDBET,7a132cbbca50763492b0a3903252f6aa11b2c5ece98dcf569b61c4349d7d3108,1520.7635140191094,1459.259337581341,61.504176437768365,0.0,0.2,1.2,-49.11882076872962,96,96,False
08ef190cb4d64914f271295f,LaLiga,2024/2025,DEVELOPMENT,2025-01-26,17:30,MATCH_KICKOFF_TIME_TIMEZONE_NOT_STATED_BY_SOURCE,,NOT_VERIFIED_DO_NOT_INFER,Ath Bilbao,Leganes,0,0,D,EVALUATION_ONLY_JOIN_AFTER_PREMATCH_FEATURE_FREEZE,1.37,4.63,9.97,EXTERNAL_HISTORICAL_MARKET_BENCHMARK,NOT_AVAILABLE,NOT_GOLDBET,633da6640a0fa42d550335bf4c950ecbd77359db599ff23aa1df674315c7f92d,1591.1915240068142,1485.5941620800386,105.59736192677565,1.2000000000000002,1.8,1.6,-21.541882926004064,96,20,False
e0ffcc308610af3019a2fdff,LaLiga,2024/2025,DEVELOPMENT,2025-01-26,20:00,MATCH_KICKOFF_TIME_TIMEZONE_NOT_STATED_BY_SOURCE,,NOT_VERIFIED_DO_NOT_INFER,Barcelona,Valencia,7,1,H,EVALUATION_ONLY_JOIN_AFTER_PREMATCH_FEATURE_FREEZE,1.23,6.62,11.9,EXTERNAL_HISTORICAL_MARKET_BENCHMARK,NOT_AVAILABLE,NOT_GOLDBET,ab0c89e60d1cda841bc9547532ae5d2bda2867eea0605f8b935d1d947977b096,1596.0051609824286,1444.1112277303034,151.89393325212518,-0.19999999999999996,0.4,0.6,-2.0942348846112964,96,96,False
85e82dd7d209b6d14acd3fb7,LaLiga,2024/2025,DEVELOPMENT,2025-01-27,20:00,MATCH_KICKOFF_TIME_TIMEZONE_NOT_STATED_BY_SOURCE,,NOT_VERIFIED_DO_NOT_INFER,Alaves,Celta,1,1,D,EVALUATION_ONLY_JOIN_AFTER_PREMATCH_FEATURE_FREEZE,2.33,3.08,3.37,EXTERNAL_HISTORICAL_MARKET_BENCHMARK,NOT_AVAILABLE,NOT_GOLDBET,a2e49ce607f4658ae7ea90c254ceeb4b55358f1ff07d4e834e94c31f52f8899a,1467.026333753659,1468.7043013694752,-1.6779676158162147,0.0,0.0,0.8,-1.2614865303798979,58,96,False
6dd4456a6ecc4546830a2e64,LaLiga,2024/2025,DEVELOPMENT,2025-01-31,20:00,MATCH_KICKOFF_TIME_TIMEZONE_NOT_STATED_BY_SOURCE,,NOT_VERIFIED_DO_NOT_INFER,Leganes,Vallecano,0,1,A,EVALUATION_ONLY_JOIN_AFTER_PREMATCH_FEATURE_FREEZE,3.31,2.98,2.43,EXTERNAL_HISTORICAL_MARKET_BENCHMARK,NOT_AVAILABLE,NOT_GOLDBET,90933902fa1dbfdd18c5a87cd7b75995000ce998f89998ae05e6d3492288b740,1490.0295485196227,1499.890762064661,-9.861213545038254,-0.19999999999999996,-0.6000000000000001,0.0,50.051177152572336,21,97,False
51e7753688a02fc3752ef289,LaLiga,2024/2025,DEVELOPMENT,2025-02-01,13:00,MATCH_KICKOFF_TIME_TIMEZONE_NOT_STATED_BY_SOURCE,,NOT_VERIFIED_DO_NOT_INFER,Getafe,Sevilla,0,0,D,EVALUATION_ONLY_JOIN_AFTER_PREMATCH_FEATURE_FREEZE,2.71,2.84,3.06,EXTERNAL_HISTORICAL_MARKET_BENCHMARK,NOT_AVAILABLE,NOT_GOLDBET,d2aa50f133b47d13634962f6c691beb4d812660c30fe1832f523db542f47c53e,1472.620584164778,1487.686965513851,-15.066381349073026,-0.20000000000000018,0.4,0.19999999999999996,32.80420574366917,97,97,False
725349245a92415a5de7b234,LaLiga,2024/2025,DEVELOPMENT,2025-02-01,15:15,MATCH_KICKOFF_TIME_TIMEZONE_NOT_STATED_BY_SOURCE,,NOT_VERIFIED_DO_NOT_INFER,Villarreal,Valladolid,5,1,H,EVALUATION_ONLY_JOIN_AFTER_PREMATCH_FEATURE_FREEZE,1.2,7.15,13.53,EXTERNAL_HISTORICAL_MARKET_BENCHMARK,NOT_AVAILABLE,NOT_GOLDBET,0b247feca3d84e5792421467423c3851e90dba753cba2b8a7478d151ec8d5b4a,1545.6673233975396,1419.180200522767,126.48712287477247,0.40000000000000013,2.2,1.6,4.123877926165733,97,59,False
c0c47f936b953a9385f5a935,LaLiga,2024/2025,DEVELOPMENT,2025-02-01,17:30,MATCH_KICKOFF_TIME_TIMEZONE_NOT_STATED_BY_SOURCE,,NOT_VERIFIED_DO_NOT_INFER,Ath Madrid,Mallorca,2,0,H,EVALUATION_ONLY_JOIN_AFTER_PREMATCH_FEATURE_FREEZE,1.49,4.11,7.45,EXTERNAL_HISTORICAL_MARKET_BENCHMARK,NOT_AVAILABLE,NOT_GOLDBET,2c4365078e1b4b578fe1d460506ec32afb1c07bec46df1e46dd3d8da13d0deb2,1613.5161408391855,1490.5124467678193,123.00369407136623,0.8,1.4,1.4000000000000001,16.1629970148781,97,97,False
9933d109036c2537ee6b8cdc,LaLiga,2024/2025,DEVELOPMENT,2025-02-01,20:00,MATCH_KICKOFF_TIME_TIMEZONE_NOT_STATED_BY_SOURCE,,NOT_VERIFIED_DO_NOT_INFER,Espanol,Real Madrid,1,0,H,EVALUATION_ONLY_JOIN_AFTER_PREMATCH_FEATURE_FREEZE,9.59,5.66,1.3,EXTERNAL_HISTORICAL_MARKET_BENCHMARK,NOT_AVAILABLE,NOT_GOLDBET,5b3407d69cc8fc33a8c071cde4e507655711fd5dd807504a9b2e37f076be53d3,1449.2454545069909,1659.461187465662,-210.2157329586712,-1.4000000000000001,-1.8,-0.19999999999999996,3.8548061231526844,59,97,False
33ad59cbc665368189d46133,LaLiga,2024/2025,DEVELOPMENT,2025-02-02,13:00,MATCH_KICKOFF_TIME_TIMEZONE_NOT_STATED_BY_SOURCE,,NOT_VERIFIED_DO_NOT_INFER,Barcelona,Alaves,1,0,H,EVALUATION_ONLY_JOIN_AFTER_PREMATCH_FEATURE_FREEZE,1.16,8.47,15.71,EXTERNAL_HISTORICAL_MARKET_BENCHMARK,NOT_AVAILABLE,NOT_GOLDBET,b1270919adf1ab4a31495fe4a099a88b7b221d526ae440c295af23251908366f,1600.5647364143106,1465.3632821824003,135.20145423191025,-0.19999999999999996,0.6000000000000001,0.19999999999999996,-6.100850053821887,97,59,False
eab4b52b4018d6f2b83eea32,LaLiga,2024/2025,DEVELOPMENT,2025-02-02,15:15,MATCH_KICKOFF_TIME_TIMEZONE_NOT_STATED_BY_SOURCE,,NOT_VERIFIED_DO_NOT_INFER,Valencia,Celta,2,1,H,EVALUATION_ONLY_JOIN_AFTER_PREMATCH_FEATURE_FREEZE,2.26,3.08,3.55,EXTERNAL_HISTORICAL_MARKET_BENCHMARK,NOT_AVAILABLE,NOT_GOLDBET,56a162e861671d16dd022a27f8978479db9405a7bc834871db7709952ac87389,1439.5516522984215,1470.3673529407338,-30.815700642312322,0.19999999999999996,-1.0,0.9999999999999999,35.14548498661293,97,97,False
a7de472f9fa3b3d1b142fbab,LaLiga,2024/2025,DEVELOPMENT,2025-02-02,17:30,MATCH_KICKOFF_TIME_TIMEZONE_NOT_STATED_BY_SOURCE,,NOT_VERIFIED_DO_NOT_INFER,Osasuna,Sociedad,2,1,H,EVALUATION_ONLY_JOIN_AFTER_PREMATCH_FEATURE_FREEZE,3.15,3.02,2.51,EXTERNAL_HISTORICAL_MARKET_BENCHMARK,NOT_AVAILABLE,NOT_GOLDBET,bc94f748d1173a6d0ea597a3ecddf32a200a13f9bdf646b500587fd31a930898,1490.3484090705085,1507.4022674356725,-17.053858365163933,-0.20000000000000007,0.6,0.0,43.64825011549851,97,97,False
7da0713197264993c83c639f,LaLiga,2024/2025,DEVELOPMENT,2025-02-02,20:00,MATCH_KICKOFF_TIME_TIMEZONE_NOT_STATED_BY_SOURCE,,NOT_VERIFIED_DO_NOT_INFER,Betis,Ath Bilbao,2,2,D,EVALUATION_ONLY_JOIN_AFTER_PREMATCH_FEATURE_FREEZE,3.17,3.22,2.38,EXTERNAL_HISTORICAL_MARKET_BENCHMARK,NOT_AVAILABLE,NOT_GOLDBET,59a22e06863dba218e0d8367b3bcff5e36227b2ccae94959eb7a1ab95a150b34,1510.9467342693063,1586.75613756723,-75.80940329792384,-0.8000000000000003,-1.0,-1.0000000000000002,-16.635232707892555,97,97,False
0156e9fa37c34ca772969b78,LaLiga,2024/2025,DEVELOPMENT,2025-02-03,20:00,MATCH_KICKOFF_TIME_TIMEZONE_NOT_STATED_BY_SOURCE,,NOT_VERIFIED_DO_NOT_INFER,Girona,Las Palmas,2,1,H,EVALUATION_ONLY_JOIN_AFTER_PREMATCH_FEATURE_FREEZE,1.49,4.45,6.48,EXTERNAL_HISTORICAL_MARKET_BENCHMARK,NOT_AVAILABLE,NOT_GOLDBET,ca1d429558033e8d15a2608eb273e8ae2af276aa8782b301fe934daf0d09e04d,1518.861003427406,1461.2005920026256,57.66041142478048,0.19999999999999996,0.8,0.40000000000000013,-43.6823140416484,97,59,False
a866c60b1e00bcecacf610ef,LaLiga,2024/2025,DEVELOPMENT,2025-02-07,20:00,MATCH_KICKOFF_TIME_TIMEZONE_NOT_STATED_BY_SOURCE,,NOT_VERIFIED_DO_NOT_INFER,Vallecano,Valladolid,1,0,H,EVALUATION_ONLY_JOIN_AFTER_PREMATCH_FEATURE_FREEZE,1.41,4.45,8.86,EXTERNAL_HISTORICAL_MARKET_BENCHMARK,NOT_AVAILABLE,NOT_GOLDBET,b8943aa8e6d3875fe91a63449212d9fb39c8126eff33eb4475b96b9bbb5d168a,1511.3239371832792,1414.0854629417051,97.23847424157407,1.6,2.6,1.4,-33.13452623065791,98,60,False
506a68b51117e971c09cfab9,LaLiga,2024/2025,DEVELOPMENT,2025-02-08,13:00,MATCH_KICKOFF_TIME_TIMEZONE_NOT_STATED_BY_SOURCE,,NOT_VERIFIED_DO_NOT_INFER,Celta,Betis,3,2,H,EVALUATION_ONLY_JOIN_AFTER_PREMATCH_FEATURE_FREEZE,2.16,3.32,3.54,EXTERNAL_HISTORICAL_MARKET_BENCHMARK,NOT_AVAILABLE,NOT_GOLDBET,2bb6fd81a7aaed039174ff4aadf7a456f999901a110d3dfd5e0f42177be7dcf3,1461.205374537728,1511.4014516812053,-50.196077143477396,-0.19999999999999996,0.2,0.8,12.128622579232115,98,98,False
5771b0b4e7c493bf05948ce6,LaLiga,2024/2025,DEVELOPMENT,2025-02-08,15:15,MATCH_KICKOFF_TIME_TIMEZONE_NOT_STATED_BY_SOURCE,,NOT_VERIFIED_DO_NOT_INFER,Ath Bilbao,Girona,3,0,H,EVALUATION_ONLY_JOIN_AFTER_PREMATCH_FEATURE_FREEZE,1.75,3.64,5.03,EXTERNAL_HISTORICAL_MARKET_BENCHMARK,NOT_AVAILABLE,NOT_GOLDBET,dbf84e49464035d9d31b2b4ded7d413a39615c78750bf508ea25445c6814b26d,1586.301420155331,1525.5982523133923,60.70316784193869,0.0,-0.19999999999999996,0.8000000000000003,24.256086748973985,98,98,False
1af9060b14e3b9bb02a1b85e,LaLiga,2024/2025,DEVELOPMENT,2025-02-08,17:30,MATCH_KICKOFF_TIME_TIMEZONE_NOT_STATED_BY_SOURCE,,NOT_VERIFIED_DO_NOT_INFER,Las Palmas,Villarreal,1,2,A,EVALUATION_ONLY_JOIN_AFTER_PREMATCH_FEATURE_FREEZE,5.49,4.11,1.61,EXTERNAL_HISTORICAL_MARKET_BENCHMARK,NOT_AVAILABLE,NOT_GOLDBET,643eb79d8c18f979e28f5be833659eeaf15935ebbab3134bc61ab859515a9385,1454.4633431166394,1550.7620609786015,-96.29871786196213,-1.2,-2.8,0.3999999999999999,-0.505545764944145,60,98,False
701477cfd8a7f484eab42b1b,LaLiga,2024/2025,DEVELOPMENT,2025-02-08,20:00,MATCH_KICKOFF_TIME_TIMEZONE_NOT_STATED_BY_SOURCE,,NOT_VERIFIED_DO_NOT_INFER,Real Madrid,Ath Madrid,1,1,D,EVALUATION_ONLY_JOIN_AFTER_PREMATCH_FEATURE_FREEZE,1.98,3.74,3.68,EXTERNAL_HISTORICAL_MARKET_BENCHMARK,NOT_AVAILABLE,NOT_GOLDBET,0c88af7af635c3314981179958302b315c6865fe69521059b858724083049f6c,1645.3883068128446,1618.687388846845,26.70091796599968,0.3999999999999999,1.0,0.5999999999999999,-70.17453820794435,98,98,False
fbd94f72a860bc989386852b,LaLiga,2024/2025,DEVELOPMENT,2025-02-09,13:00,MATCH_KICKOFF_TIME_TIMEZONE_NOT_STATED_BY_SOURCE,,NOT_VERIFIED_DO_NOT_INFER,Alaves,Getafe,0,1,A,EVALUATION_ONLY_JOIN_AFTER_PREMATCH_FEATURE_FREEZE,2.33,2.77,3.91,EXTERNAL_HISTORICAL_MARKET_BENCHMARK,NOT_AVAILABLE,NOT_GOLDBET,8ba52e71d9571d85e6a4f45eabef5e55dbdeaed06a5bda7215f083ce0525685a,1460.4566583804212,1471.3344533185832,-10.87779493816197,-0.6000000000000001,-0.6,0.0,-6.897237723033413,60,98,False
e2bcb5e567fec8973bcfa677,LaLiga,2024/2025,DEVELOPMENT,2025-02-09,15:15,MATCH_KICKOFF_TIME_TIMEZONE_NOT_STATED_BY_SOURCE,,NOT_VERIFIED_DO_NOT_INFER,Valencia,Leganes,2,0,H,EVALUATION_ONLY_JOIN_AFTER_PREMATCH_FEATURE_FREEZE,1.78,3.43,5.23,EXTERNAL_HISTORICAL_MARKET_BENCHMARK,NOT_AVAILABLE,NOT_GOLDBET,db0bfd8beefd720fa69d181157a04622a701af9051536de2917822945ceafd8a,1448.7136307014273,1478.5963734010045,-29.882742699577193,0.3999999999999999,-0.4,0.19999999999999996,5.925422920008032,98,22,False
77506a56eca97265ce51a3dd,LaLiga,2024/2025,DEVELOPMENT,2025-02-09,17:30,MATCH_KICKOFF_TIME_TIMEZONE_NOT_STATED_BY_SOURCE,,NOT_VERIFIED_DO_NOT_INFER,Sociedad,Espanol,2,1,H,EVALUATION_ONLY_JOIN_AFTER_PREMATCH_FEATURE_FREEZE,1.63,3.69,6.28,EXTERNAL_HISTORICAL_MARKET_BENCHMARK,NOT_AVAILABLE,NOT_GOLDBET,a6c256483ceb51dd7ac5d48e111cc4872017b644aa20451c9fab18d90e3b2369,1498.632099521998,1463.3183351598084,35.31376436218966,-1.0,-1.4,1.8,-24.865835481550903,98,60,False
0676ce2d156122071a2b33a6,LaLiga,2024/2025,DEVELOPMENT,2025-02-09,20:00,MATCH_KICKOFF_TIME_TIMEZONE_NOT_STATED_BY_SOURCE,,NOT_VERIFIED_DO_NOT_INFER,Sevilla,Barcelona,1,4,A,EVALUATION_ONLY_JOIN_AFTER_PREMATCH_FEATURE_FREEZE,6.43,4.95,1.45,EXTERNAL_HISTORICAL_MARKET_BENCHMARK,NOT_AVAILABLE,NOT_GOLDBET,69d8f7ad84279b39dc1197f609238eac6ac509fb129e447f1e674ec4c607a561,1488.9730963600457,1605.4713602162897,-116.49826385624397,-0.19999999999999996,-1.2,0.6000000000000001,16.71670374144378,98,98,False
8ad92d2c74940b98d84b921a,LaLiga,2024/2025,DEVELOPMENT,2025-02-10,20:00,MATCH_KICKOFF_TIME_TIMEZONE_NOT_STATED_BY_SOURCE,,NOT_VERIFIED_DO_NOT_INFER,Mallorca,Osasuna,1,1,D,EVALUATION_ONLY_JOIN_AFTER_PREMATCH_FEATURE_FREEZE,2.29,3.03,3.61,EXTERNAL_HISTORICAL_MARKET_BENCHMARK,NOT_AVAILABLE,NOT_GOLDBET,8691bf17b3e88d8846a471fe1311499b441617f3ed90b4d07da2c287ab88446e,1485.3411987601598,1499.118576984183,-13.777378224023096,0.19999999999999996,-0.8,0.6,-3.668965139342845,98,98,False
f0287c3576c6419902f0cdf7,LaLiga,2024/2025,DEVELOPMENT,2025-02-14,20:00,MATCH_KICKOFF_TIME_TIMEZONE_NOT_STATED_BY_SOURCE,,NOT_VERIFIED_DO_NOT_INFER,Girona,Getafe,1,2,A,EVALUATION_ONLY_JOIN_AFTER_PREMATCH_FEATURE_FREEZE,1.94,3.14,4.74,EXTERNAL_HISTORICAL_MARKET_BENCHMARK,NOT_AVAILABLE,NOT_GOLDBET,3d27480ae202f04a4e224679d6d2e435544e7e3670eec136f80970a2e4f69cad,1518.9390329281982,1482.7389579205808,36.20007500761744,-1.0000000000000002,-1.6,0.0,-13.45083557972157,99,99,False
0ec161e47c8bd109e229fd78,LaLiga,2024/2025,DEVELOPMENT,2025-02-15,13:00,MATCH_KICKOFF_TIME_TIMEZONE_NOT_STATED_BY_SOURCE,,NOT_VERIFIED_DO_NOT_INFER,Leganes,Alaves,3,3,D,EVALUATION_ONLY_JOIN_AFTER_PREMATCH_FEATURE_FREEZE,3.74,2.94,2.29,EXTERNAL_HISTORICAL_MARKET_BENCHMARK,NOT_AVAILABLE,NOT_GOLDBET,d32c5e3ea499d609e32c26baf71ce2fb54dbd1a179a394e710f77f390d73ae5e,1469.46105304206,1449.0521537784236,20.408899263636386,0.19999999999999996,-0.2,-0.4,4.753245989039215,23,61,False
8533e29ea239747ac0dd3690,LaLiga,2024/2025,DEVELOPMENT,2025-02-15,15:15,MATCH_KICKOFF_TIME_TIMEZONE_NOT_STATED_BY_SOURCE,,NOT_VERIFIED_DO_NOT_INFER,Osasuna,Real Madrid,1,1,D,EVALUATION_ONLY_JOIN_AFTER_PREMATCH_FEATURE_FREEZE,6.44,4.83,1.47,EXTERNAL_HISTORICAL_MARKET_BENCHMARK,NOT_AVAILABLE,NOT_GOLDBET,fad5cc99f267b34b74ec68896bf2d5b2b232ee766c073928ec0bdc324bf583f9,1500.4411770622978,1642.9433948973049,-142.50221783500706,-0.8,-1.2,-0.8,34.79250822564222,99,99,False
6c9c488378ddfee0df0a9463,LaLiga,2024/2025,DEVELOPMENT,2025-02-15,17:30,MATCH_KICKOFF_TIME_TIMEZONE_NOT_STATED_BY_SOURCE,,NOT_VERIFIED_DO_NOT_INFER,Ath Madrid,Celta,1,1,D,EVALUATION_ONLY_JOIN_AFTER_PREMATCH_FEATURE_FREEZE,1.4,4.75,8.43,EXTERNAL_HISTORICAL_MARKET_BENCHMARK,NOT_AVAILABLE,NOT_GOLDBET,f3ab693ffa05d16371515c50db3ef0c96adc0588c815f3f0f9a65861bc4d9ec4,1621.1323007623846,1470.923269826565,150.20903093581956,0.8,0.8,2.4,33.239119349145085,99,99,False
d3fc31da0372d4eaea9cd9cf,LaLiga,2024/2025,DEVELOPMENT,2025-02-15,20:00,MATCH_KICKOFF_TIME_TIMEZONE_NOT_STATED_BY_SOURCE,,NOT_VERIFIED_DO_NOT_INFER,Villarreal,Valencia,1,1,D,EVALUATION_ONLY_JOIN_AFTER_PREMATCH_FEATURE_FREEZE,1.7,3.94,4.96,EXTERNAL_HISTORICAL_MARKET_BENCHMARK,NOT_AVAILABLE,NOT_GOLDBET,ff91add8e2a47c96babc439330fb0b07574ab121e9281b967a9aac1f9b07e10b,1559.7210846504308,1457.8489510603717,101.8721335900591,0.0,2.0,1.2000000000000002,-6.653795138048508,99,99,False
1ed688a74ea2c907c83d2d85,LaLiga,2024/2025,DEVELOPMENT,2025-02-16,13:00,MATCH_KICKOFF_TIME_TIMEZONE_NOT_STATED_BY_SOURCE,,NOT_VERIFIED_DO_NOT_INFER,Espanol,Ath Bilbao,1,1,D,EVALUATION_ONLY_JOIN_AFTER_PREMATCH_FEATURE_FREEZE,5.25,3.53,1.76,EXTERNAL_HISTORICAL_MARKET_BENCHMARK,NOT_AVAILABLE,NOT_GOLDBET,34beb0fa6bce06ee12745be2d61a953630c0675aa7e078fc901c2da5e37a002f,1455.9948750912263,1592.960639540525,-136.96576444929883,-0.6000000000000001,-0.8,-0.40000000000000013,9.599025618201267,61,99,False
21459acac7dd1247213b1805,LaLiga,2024/2025,DEVELOPMENT,2025-02-16,15:15,MATCH_KICKOFF_TIME_TIMEZONE_NOT_STATED_BY_SOURCE,,NOT_VERIFIED_DO_NOT_INFER,Valladolid,Sevilla,0,4,A,EVALUATION_ONLY_JOIN_AFTER_PREMATCH_FEATURE_FREEZE,4.2,3.35,1.98,EXTERNAL_HISTORICAL_MARKET_BENCHMARK,NOT_AVAILABLE,NOT_GOLDBET,b3b2236e9a68e6cb7519608aa4823f6da699b1164c0335e20f3cb1a07459b3f4,1408.3255449055564,1480.585063327375,-72.25951842181871,-0.6,-1.2000000000000002,0.5999999999999999,35.36058700485137,61,99,False
db8149af6dc2db5bd5e5119a,LaLiga,2024/2025,DEVELOPMENT,2025-02-16,17:30,MATCH_KICKOFF_TIME_TIMEZONE_NOT_STATED_BY_SOURCE,,NOT_VERIFIED_DO_NOT_INFER,Mallorca,Las Palmas,3,1,H,EVALUATION_ONLY_JOIN_AFTER_PREMATCH_FEATURE_FREEZE,1.81,3.45,4.99,EXTERNAL_HISTORICAL_MARKET_BENCHMARK,NOT_AVAILABLE,NOT_GOLDBET,01e8e2e2f81468529af8792434e43cf8cb850604e22a15245ce99a2e12d23ee5,1484.018598682045,1445.50431944481,38.51427923723486,0.6000000000000001,0.0,0.0,-10.501451767036315,99,61,False
1335f2f6beba8f1741d46237,LaLiga,2024/2025,DEVELOPMENT,2025-02-16,20:00,MATCH_KICKOFF_TIME_TIMEZONE_NOT_STATED_BY_SOURCE,,NOT_VERIFIED_DO_NOT_INFER,Betis,Sociedad,3,0,H,EVALUATION_ONLY_JOIN_AFTER_PREMATCH_FEATURE_FREEZE,2.42,3.11,3.26,EXTERNAL_HISTORICAL_MARKET_BENCHMARK,NOT_AVAILABLE,NOT_GOLDBET,0d6900a3256638fd0d0cbd13104d5b9ce078e1df15c050c1395e951bf7078f25,1501.6835563923682,1505.9555595905802,-4.272003198211905,-0.3999999999999999,0.0,0.20000000000000007,7.2958269432970155,99,99,False
b236546d7a91f5ba0b7f4320,LaLiga,2024/2025,DEVELOPMENT,2025-02-17,20:00,MATCH_KICKOFF_TIME_TIMEZONE_NOT_STATED_BY_SOURCE,,NOT_VERIFIED_DO_NOT_INFER,Barcelona,Vallecano,1,0,H,EVALUATION_ONLY_JOIN_AFTER_PREMATCH_FEATURE_FREEZE,1.21,7.43,12.71,EXTERNAL_HISTORICAL_MARKET_BENCHMARK,NOT_AVAILABLE,NOT_GOLDBET,21e27d674d30a7dffda513ac3805a8b4ae98dfca78c43da1ee24a486ebd52e25,1613.8593932489603,1517.083855219428,96.7755380295323,-0.6000000000000001,1.0,-0.6000000000000001,11.86205946212067,99,99,False
dc2d6cdac0821946d72c05a5,LaLiga,2024/2025,DEVELOPMENT,2025-02-21,20:00,MATCH_KICKOFF_TIME_TIMEZONE_NOT_STATED_BY_SOURCE,,NOT_VERIFIED_DO_NOT_INFER,Celta,Osasuna,1,0,H,EVALUATION_ONLY_JOIN_AFTER_PREMATCH_FEATURE_FREEZE,1.72,3.74,5.15,EXTERNAL_HISTORICAL_MARKET_BENCHMARK,NOT_AVAILABLE,NOT_GOLDBET,3860c4f5a4defb157e2107af248f13a2e76fe9bbedaa8cd426b2247d8431596d,1476.3294627318714,1502.7721333451739,-26.442670613302425,-0.3999999999999999,-0.4,1.2,7.002441559849785,100,100,False
bc9ccdeb7a4cd92ba9235f43,LaLiga,2024/2025,DEVELOPMENT,2025-02-22,13:00,MATCH_KICKOFF_TIME_TIMEZONE_NOT_STATED_BY_SOURCE,,NOT_VERIFIED_DO_NOT_INFER,Alaves,Espanol,0,1,A,EVALUATION_ONLY_JOIN_AFTER_PREMATCH_FEATURE_FREEZE,1.89,3.12,5.21,EXTERNAL_HISTORICAL_MARKET_BENCHMARK,NOT_AVAILABLE,NOT_GOLDBET,29c39fc63a9111a9ac4bce747900d6dca4049a2dc39e7c242d694f97d62c1efd,1451.326053696915,1458.174588617928,-6.84853492101297,-0.6000000000000001,-0.2,0.39999999999999997,-30.390261617340002,62,62,False
f88cb8cc8c3c7cd1574e6306,LaLiga,2024/2025,DEVELOPMENT,2025-02-22,15:15,MATCH_KICKOFF_TIME_TIMEZONE_NOT_STATED_BY_SOURCE,,NOT_VERIFIED_DO_NOT_INFER,Vallecano,Villarreal,0,1,A,EVALUATION_ONLY_JOIN_AFTER_PREMATCH_FEATURE_FREEZE,2.79,3.26,2.65,EXTERNAL_HISTORICAL_MARKET_BENCHMARK,NOT_AVAILABLE,NOT_GOLDBET,dfa69ad965a4024fb4ddb6fee641e816120e4645b9c6c835b00842206c7ab6f7,1511.3130021320742,1555.3722339648868,-44.05923183281266,-0.20000000000000018,-1.4,0.6000000000000001,15.74739894638742,100,100,False
bf18d7fb03fc30155cbe2367,LaLiga,2024/2025,DEVELOPMENT,2025-02-22,17:30,MATCH_KICKOFF_TIME_TIMEZONE_NOT_STATED_BY_SOURCE,,NOT_VERIFIED_DO_NOT_INFER,Valencia,Ath Madrid,0,3,A,EVALUATION_ONLY_JOIN_AFTER_PREMATCH_FEATURE_FREEZE,4.03,3.25,2.06,EXTERNAL_HISTORICAL_MARKET_BENCHMARK,NOT_AVAILABLE,NOT_GOLDBET,0b881f577a8bce90ad5d5a662423389eb92b2348534f79c9c3bdfe1706786ee2,1462.1978017459157,1615.7261078570782,-153.52830611116246,0.8,-0.6000000000000001,0.0,2.982752484581397,100,100,False
f76d0700bdedfe2b3d799f60,LaLiga,2024/2025,DEVELOPMENT,2025-02-22,20:00,MATCH_KICKOFF_TIME_TIMEZONE_NOT_STATED_BY_SOURCE,,NOT_VERIFIED_DO_NOT_INFER,Las Palmas,Barcelona,0,2,A,EVALUATION_ONLY_JOIN_AFTER_PREMATCH_FEATURE_FREEZE,11.1,7.1,1.23,EXTERNAL_HISTORICAL_MARKET_BENCHMARK,NOT_AVAILABLE,NOT_GOLDBET,b5ffe9c45c2de8fef4487dc753d258862100808a983f2fbdb8fd1065db717b3a,1438.2661656307484,1619.630246336314,-181.36408070556558,-2.4,-3.6,-0.40000000000000013,64.11982350808034,62,100,False
934caf6c9c58ae1ed54c17a9,LaLiga,2024/2025,DEVELOPMENT,2025-02-23,13:00,MATCH_KICKOFF_TIME_TIMEZONE_NOT_STATED_BY_SOURCE,,NOT_VERIFIED_DO_NOT_INFER,Ath Bilbao,Valladolid,7,1,H,EVALUATION_ONLY_JOIN_AFTER_PREMATCH_FEATURE_FREEZE,1.19,7.01,16.64,EXTERNAL_HISTORICAL_MARKET_BENCHMARK,NOT_AVAILABLE,NOT_GOLDBET,038b35046a2f4f42b0e80a30b70f0fee8aea884e101ae28f45f0bed7ab614c25,1590.7809260138233,1398.6782558375044,192.10267017631895,1.8,3.4000000000000004,2.6,-34.8403493093233,100,62,False
9807e17ee7133239990826cc,LaLiga,2024/2025,DEVELOPMENT,2025-02-23,15:15,MATCH_KICKOFF_TIME_TIMEZONE_NOT_STATED_BY_SOURCE,,NOT_VERIFIED_DO_NOT_INFER,Real Madrid,Girona,2,0,H,EVALUATION_ONLY_JOIN_AFTER_PREMATCH_FEATURE_FREEZE,1.28,6.46,9.73,EXTERNAL_HISTORICAL_MARKET_BENCHMARK,NOT_AVAILABLE,NOT_GOLDBET,e81e65ef12e0b65945112eecce832f896b647fd931e78cfb7430c647e49f672d,1640.6124386144288,1506.2388266435064,134.3736119709224,1.0,2.0,1.8,-7.764251598713145,100,100,False
f255f69fbbdb2bf17a07b09d,LaLiga,2024/2025,DEVELOPMENT,2025-02-23,17:30,MATCH_KICKOFF_TIME_TIMEZONE_NOT_STATED_BY_SOURCE,,NOT_VERIFIED_DO_NOT_INFER,Getafe,Betis,1,2,A,EVALUATION_ONLY_JOIN_AFTER_PREMATCH_FEATURE_FREEZE,2.94,2.91,2.78,EXTERNAL_HISTORICAL_MARKET_BENCHMARK,NOT_AVAILABLE,NOT_GOLDBET,54000ae2c10cf619b8b713b937cce3efe196dd013f5280ae6f112e4e046521da,1495.4391642052726,1510.0931911021332,-14.654026896860614,0.8000000000000003,0.8,0.40000000000000013,15.237242491731877,100,100,False
78de809a3f1f8e1178ffe762,LaLiga,2024/2025,DEVELOPMENT,2025-02-23,20:00,MATCH_KICKOFF_TIME_TIMEZONE_NOT_STATED_BY_SOURCE,,NOT_VERIFIED_DO_NOT_INFER,Sociedad,Leganes,3,0,H,EVALUATION_ONLY_JOIN_AFTER_PREMATCH_FEATURE_FREEZE,1.61,3.73,6.52,EXTERNAL_HISTORICAL_MARKET_BENCHMARK,NOT_AVAILABLE,NOT_GOLDBET,b101a118a10855d5c5dddd69d1ac3d88950d34086977006b98fe09226030c1d0,1497.5459248808152,1467.1871531235686,30.358771757246586,-0.4,-0.9999999999999999,0.8,-54.237826154037975,100,24,False
572fc2e3c83bd0199efa056e,LaLiga,2024/2025,DEVELOPMENT,2025-02-24,20:00,MATCH_KICKOFF_TIME_TIMEZONE_NOT_STATED_BY_SOURCE,,NOT_VERIFIED_DO_NOT_INFER,Sevilla,Mallorca,1,1,D,EVALUATION_ONLY_JOIN_AFTER_PREMATCH_FEATURE_FREEZE,1.96,3.29,4.36,EXTERNAL_HISTORICAL_MARKET_BENCHMARK,NOT_AVAILABLE,NOT_GOLDBET,9947e5ba646c8c2cbab73ebb94ef11d70707a3d8a2312696b40361ea31bf485c,1490.2323523954271,1491.2567524961066,-1.024400100679486,0.8,1.4,0.0,-23.444859190437,100,100,False
9ee49319d539b541e819214d,LaLiga,2024/2025,DEVELOPMENT,2025-02-28,20:00,MATCH_KICKOFF_TIME_TIMEZONE_NOT_STATED_BY_SOURCE,,NOT_VERIFIED_DO_NOT_INFER,Valladolid,Las Palmas,1,1,D,EVALUATION_ONLY_JOIN_AFTER_PREMATCH_FEATURE_FREEZE,3.06,3.1,2.54,EXTERNAL_HISTORICAL_MARKET_BENCHMARK,NOT_AVAILABLE,NOT_GOLDBET,8548272461142927cfda46d4a0b5c9ce36dd9c7b01b9e7f7269a9d0a82730d4d,1394.8819771293101,1431.6238350162903,-36.74185788698014,-0.2,-2.4000000000000004,0.3999999999999999,23.931705287521936,63,63,False
d476e8ed3699f4d7224fc0f3,LaLiga,2024/2025,DEVELOPMENT,2025-03-01,13:00,MATCH_KICKOFF_TIME_TIMEZONE_NOT_STATED_BY_SOURCE,,NOT_VERIFIED_DO_NOT_INFER,Girona,Celta,2,2,D,EVALUATION_ONLY_JOIN_AFTER_PREMATCH_FEATURE_FREEZE,2.17,3.35,3.53,EXTERNAL_HISTORICAL_MARKET_BENCHMARK,NOT_AVAILABLE,NOT_GOLDBET,c9c1e114e924cc4da5674d83feb2f0464a3d314b4acba4a5f3826a616000571d,1501.3145355891008,1485.3665974200826,15.947938169018244,-1.0,-1.4,0.7999999999999999,23.900324004960112,101,101,False
b2f01260b30e6a8001600bef,LaLiga,2024/2025,DEVELOPMENT,2025-03-01,15:15,MATCH_KICKOFF_TIME_TIMEZONE_NOT_STATED_BY_SOURCE,,NOT_VERIFIED_DO_NOT_INFER,Vallecano,Sevilla,1,1,D,EVALUATION_ONLY_JOIN_AFTER_PREMATCH_FEATURE_FREEZE,2.59,3.03,3.06,EXTERNAL_HISTORICAL_MARKET_BENCHMARK,NOT_AVAILABLE,NOT_GOLDBET,3ce3c6907b6a1a96a31fbd4e527c7578fd67afe1543f4698ae277117c40de889,1500.8545116182177,1488.5510156494188,12.30349596879887,0.6000000000000001,0.0,0.6000000000000001,35.51215639905058,101,101,False
34de92d644ff6dc18c6f5ffc,LaLiga,2024/2025,DEVELOPMENT,2025-03-01,17:30,MATCH_KICKOFF_TIME_TIMEZONE_NOT_STATED_BY_SOURCE,,NOT_VERIFIED_DO_NOT_INFER,Betis,Real Madrid,2,1,H,EVALUATION_ONLY_JOIN_AFTER_PREMATCH_FEATURE_FREEZE,3.8,3.74,1.95,EXTERNAL_HISTORICAL_MARKET_BENCHMARK,NOT_AVAILABLE,NOT_GOLDBET,3b855ec48545a74a5dbeb8a2db88bc227456a54eb308caa7b964aface81a3586,1521.3909923556337,1645.5367296688344,-124.1457373132007,0.3999999999999999,0.0,-0.40000000000000013,10.47898745859311,101,101,False
6b1d54fddffb598eb3ec97a7,LaLiga,2024/2025,DEVELOPMENT,2025-03-01,20:00,MATCH_KICKOFF_TIME_TIMEZONE_NOT_STATED_BY_SOURCE,,NOT_VERIFIED_DO_NOT_INFER,Ath Madrid,Ath Bilbao,1,0,H,EVALUATION_ONLY_JOIN_AFTER_PREMATCH_FEATURE_FREEZE,2.14,3.27,3.71,EXTERNAL_HISTORICAL_MARKET_BENCHMARK,NOT_AVAILABLE,NOT_GOLDBET,664c36c9dbcea9048db7631c5dcf3330611908fe1d79f3912ef4e9e5da425945,1623.0973413516624,1594.5772047220175,28.520136629644867,0.0,-0.8,0.40000000000000013,46.83382256345112,101,101,False
7e7dad20a93d8df9e28b5695,LaLiga,2024/2025,DEVELOPMENT,2025-03-02,13:00,MATCH_KICKOFF_TIME_TIMEZONE_NOT_STATED_BY_SOURCE,,NOT_VERIFIED_DO_NOT_INFER,Leganes,Getafe,1,0,H,EVALUATION_ONLY_JOIN_AFTER_PREMATCH_FEATURE_FREEZE,3.11,2.71,2.84,EXTERNAL_HISTORICAL_MARKET_BENCHMARK,NOT_AVAILABLE,NOT_GOLDBET,7e25724e0eb64933eef79fb8f3c271b211af752c15c0a2f700c8224361f319db,1459.730795449828,1484.1413629517722,-24.410567501944115,-1.6,-2.0,-1.5999999999999999,-2.3090733023143457,25,101,False
05562455b15f77347e17f755,LaLiga,2024/2025,DEVELOPMENT,2025-03-02,15:15,MATCH_KICKOFF_TIME_TIMEZONE_NOT_STATED_BY_SOURCE,,NOT_VERIFIED_DO_NOT_INFER,Barcelona,Sociedad,4,0,H,EVALUATION_ONLY_JOIN_AFTER_PREMATCH_FEATURE_FREEZE,1.26,6.11,11.84,EXTERNAL_HISTORICAL_MARKET_BENCHMARK,NOT_AVAILABLE,NOT_GOLDBET,e74b0ae1e1ad6c5633b44d64b19bfec69338c1485a718a769144abd7c3cbaf1b,1626.2725769507722,1505.0022825545557,121.27029439621651,1.8,3.2,1.2000000000000002,-5.599832840933914,101,101,False
9b47666e503a45b2801bc667,LaLiga,2024/2025,DEVELOPMENT,2025-03-02,17:30,MATCH_KICKOFF_TIME_TIMEZONE_NOT_STATED_BY_SOURCE,,NOT_VERIFIED_DO_NOT_INFER,Mallorca,Alaves,1,1,D,EVALUATION_ONLY_JOIN_AFTER_PREMATCH_FEATURE_FREEZE,2.5,2.86,3.42,EXTERNAL_HISTORICAL_MARKET_BENCHMARK,NOT_AVAILABLE,NOT_GOLDBET,1ca7dcca54fb9e3e7b6c9a23fdec3902d5d449713f3a7847eb576fc20cf72e6d,1492.938089242115,1439.8080553095185,53.13003393259646,0.6,0.39999999999999997,0.19999999999999996,15.856161296447908,101,63,False
c5e2bedebb6168fee44699bb,LaLiga,2024/2025,DEVELOPMENT,2025-03-02,20:00,MATCH_KICKOFF_TIME_TIMEZONE_NOT_STATED_BY_SOURCE,,NOT_VERIFIED_DO_NOT_INFER,Osasuna,Valencia,3,3,D,EVALUATION_ONLY_JOIN_AFTER_PREMATCH_FEATURE_FREEZE,2.23,3.17,3.59,EXTERNAL_HISTORICAL_MARKET_BENCHMARK,NOT_AVAILABLE,NOT_GOLDBET,6725122324644f9a71fed962340f1baed4aa9a91bb2ba411f5887bbfc54c0b87,1493.7349986569627,1454.8265682513315,38.90843040563118,-0.19999999999999996,1.2,0.6,-29.251974795532988,101,101,False
db9268a0b0b808332515f8ad,LaLiga,2024/2025,DEVELOPMENT,2025-03-08,13:00,MATCH_KICKOFF_TIME_TIMEZONE_NOT_STATED_BY_SOURCE,,NOT_VERIFIED_DO_NOT_INFER,Celta,Leganes,2,1,H,EVALUATION_ONLY_JOIN_AFTER_PREMATCH_FEATURE_FREEZE,1.55,4.04,6.55,EXTERNAL_HISTORICAL_MARKET_BENCHMARK,NOT_AVAILABLE,NOT_GOLDBET,7866ef55a59f0527dcc7b354c5098a38c41e7924cc897ef744e9454cce02e1f4,1487.5183896705987,1468.7100170377107,18.808372632887995,0.8,1.2,1.4,39.36564785983751,102,26,False
8e624a46471c918f7542d1cb,LaLiga,2024/2025,DEVELOPMENT,2025-03-08,15:15,MATCH_KICKOFF_TIME_TIMEZONE_NOT_STATED_BY_SOURCE,,NOT_VERIFIED_DO_NOT_INFER,Alaves,Villarreal,1,0,H,EVALUATION_ONLY_JOIN_AFTER_PREMATCH_FEATURE_FREEZE,3.03,3.14,2.53,EXTERNAL_HISTORICAL_MARKET_BENCHMARK,NOT_AVAILABLE,NOT_GOLDBET,c4f8dcfa40877545086aa864aae2d878fc83c75e64544f4b0e4ebb0b040e5afe,1442.9538017487196,1565.8307244787434,-122.87692273002381,-1.8000000000000003,-1.7999999999999998,-1.6,6.488705364399721,64,101,False
e08f0b5ccc1142417756ae59,LaLiga,2024/2025,DEVELOPMENT,2025-03-08,17:30,MATCH_KICKOFF_TIME_TIMEZONE_NOT_STATED_BY_SOURCE,,NOT_VERIFIED_DO_NOT_INFER,Valencia,Valladolid,2,1,H,EVALUATION_ONLY_JOIN_AFTER_PREMATCH_FEATURE_FREEZE,1.42,4.53,8.4,EXTERNAL_HISTORICAL_MARKET_BENCHMARK,NOT_AVAILABLE,NOT_GOLDBET,885036604bf9a84a1526485af2cee5fd87f0d1c217bf209b7c29fa00706141ea,1457.5988903915818,1394.213552154667,63.38533823691478,1.4000000000000001,3.0,1.8,11.63296651358064,102,64,False
bf62dcb8a56c694b4f0910eb,LaLiga,2024/2025,DEVELOPMENT,2025-03-09,13:00,MATCH_KICKOFF_TIME_TIMEZONE_NOT_STATED_BY_SOURCE,,NOT_VERIFIED_DO_NOT_INFER,Getafe,Ath Madrid,2,1,H,EVALUATION_ONLY_JOIN_AFTER_PREMATCH_FEATURE_FREEZE,5.16,3.22,1.85,EXTERNAL_HISTORICAL_MARKET_BENCHMARK,NOT_AVAILABLE,NOT_GOLDBET,c7eb596fa818873ce08fbe903d289f192826d5929fb733f7822b60367f0784c5,1475.1621413638895,1630.6032614549392,-155.4411200910497,-0.8000000000000003,-1.2,-1.0,-45.338477300145996,102,102,False
6c32a8cf67965b5d2138c628,LaLiga,2024/2025,DEVELOPMENT,2025-03-09,15:15,MATCH_KICKOFF_TIME_TIMEZONE_NOT_STATED_BY_SOURCE,,NOT_VERIFIED_DO_NOT_INFER,Real Madrid,Vallecano,2,1,H,EVALUATION_ONLY_JOIN_AFTER_PREMATCH_FEATURE_FREEZE,1.29,5.9,10.26,EXTERNAL_HISTORICAL_MARKET_BENCHMARK,NOT_AVAILABLE,NOT_GOLDBET,a7b8602a2f84a5ed54f3c5d94a910642df3272237c0a0f7bf9cef83275d40afb,1633.7111625703183,1498.802980591065,134.9081819792532,-0.3999999999999999,0.0,1.4000000000000001,6.821237018135889,102,102,False
bdcc7f79d0d34dc190b86585,LaLiga,2024/2025,DEVELOPMENT,2025-03-09,17:30,MATCH_KICKOFF_TIME_TIMEZONE_NOT_STATED_BY_SOURCE,,NOT_VERIFIED_DO_NOT_INFER,Ath Bilbao,Mallorca,1,1,D,EVALUATION_ONLY_JOIN_AFTER_PREMATCH_FEATURE_FREEZE,1.72,3.5,5.66,EXTERNAL_HISTORICAL_MARKET_BENCHMARK,NOT_AVAILABLE,NOT_GOLDBET,3bc75ccdf8c8c72dc032ee56175d8ad7e598efcb129250d02d899004780f6e38,1587.0712846187407,1489.792342802914,97.27894181582678,0.40000000000000013,1.6,1.8,5.227202777993398,102,102,False
5fde158e00a1b54d2d9a2b68,LaLiga,2024/2025,DEVELOPMENT,2025-03-09,17:30,MATCH_KICKOFF_TIME_TIMEZONE_NOT_STATED_BY_SOURCE,,NOT_VERIFIED_DO_NOT_INFER,Betis,Las Palmas,1,0,H,EVALUATION_ONLY_JOIN_AFTER_PREMATCH_FEATURE_FREEZE,1.33,5.28,9.73,EXTERNAL_HISTORICAL_MARKET_BENCHMARK,NOT_AVAILABLE,NOT_GOLDBET,28223d500858ed48687de2e7fd0d79c71f32527e1d026d2c5f1ca36fb3190cf7,1533.2165594541498,1432.2922599909334,100.92429946321636,1.8,2.0,1.2000000000000002,25.347815803193726,102,64,False
d329e142b83e449e74824d16,LaLiga,2024/2025,DEVELOPMENT,2025-03-09,20:00,MATCH_KICKOFF_TIME_TIMEZONE_NOT_STATED_BY_SOURCE,,NOT_VERIFIED_DO_NOT_INFER,Sociedad,Sevilla,0,1,A,EVALUATION_ONLY_JOIN_AFTER_PREMATCH_FEATURE_FREEZE,2.47,3.02,3.25,EXTERNAL_HISTORICAL_MARKET_BENCHMARK,NOT_AVAILABLE,NOT_GOLDBET,46d65682162c17c691c7c94efc42e740c621e86ce0343d87027704b03f199b68,1499.7926842879442,1490.6025466765714,9.190137611372847,0.0,-1.0,0.3999999999999999,14.056255459215436,102,102,False
2e8320b14003dcdbe1db262a,LaLiga,2024/2025,DEVELOPMENT,2025-03-10,20:00,MATCH_KICKOFF_TIME_TIMEZONE_NOT_STATED_BY_SOURCE,,NOT_VERIFIED_DO_NOT_INFER,Espanol,Girona,1,1,D,EVALUATION_ONLY_JOIN_AFTER_PREMATCH_FEATURE_FREEZE,3.42,3.13,2.32,EXTERNAL_HISTORICAL_MARKET_BENCHMARK,NOT_AVAILABLE,NOT_GOLDBET,020ca82239e4ac739e265597d1ae9985fb82875ed34f5f1894b41dfbe47ac6bb,1469.6925870053246,1499.1627433385847,-29.470156333260093,0.8,1.2,1.2000000000000002,7.352219383262764,63,102,False
9e2392b8c31db44f1749160b,LaLiga,2024/2025,DEVELOPMENT,2025-03-14,20:00,MATCH_KICKOFF_TIME_TIMEZONE_NOT_STATED_BY_SOURCE,,NOT_VERIFIED_DO_NOT_INFER,Las Palmas,Alaves,2,2,D,EVALUATION_ONLY_JOIN_AFTER_PREMATCH_FEATURE_FREEZE,2.86,2.97,2.78,EXTERNAL_HISTORICAL_MARKET_BENCHMARK,NOT_AVAILABLE,NOT_GOLDBET,1435cfad1f894d904bd1112158c491926c4d06243372c5941a5509cfcf4eefa5,1426.6189630894087,1454.7440431147224,-28.125080025313764,-0.8,-1.0,-0.3999999999999999,24.954106776197932,65,65,False
c421361c780073c365d1eea7,LaLiga,2024/2025,DEVELOPMENT,2025-03-15,13:00,MATCH_KICKOFF_TIME_TIMEZONE_NOT_STATED_BY_SOURCE,,NOT_VERIFIED_DO_NOT_INFER,Valladolid,Celta,0,1,A,EVALUATION_ONLY_JOIN_AFTER_PREMATCH_FEATURE_FREEZE,4.9,3.81,1.72,EXTERNAL_HISTORICAL_MARKET_BENCHMARK,NOT_AVAILABLE,NOT_GOLDBET,3ccd32b39e15bfdbb38dd53ba0de1f43cb32f62fa389d12b49e1234e6ce98157,1387.6227380140854,1495.2882201678735,-107.66548215378816,-2.0,-3.0,0.7999999999999999,-26.68355729664495,65,103,False
99be57619bfbf68e384f1bb1,LaLiga,2024/2025,DEVELOPMENT,2025-03-15,15:15,MATCH_KICKOFF_TIME_TIMEZONE_NOT_STATED_BY_SOURCE,,NOT_VERIFIED_DO_NOT_INFER,Mallorca,Espanol,2,1,H,EVALUATION_ONLY_JOIN_AFTER_PREMATCH_FEATURE_FREEZE,1.84,3.35,4.92,EXTERNAL_HISTORICAL_MARKET_BENCHMARK,NOT_AVAILABLE,NOT_GOLDBET,870c5de3a441b334eda015494078fd416531b865faa6a10e133270d99f0243d2,1494.033380067731,1468.8161221770708,25.21725789066022,-0.20000000000000018,0.2,0.8,-47.96162696220131,103,64,False
2fb607cb32b5f1984b38af8b,LaLiga,2024/2025,DEVELOPMENT,2025-03-15,17:30,MATCH_KICKOFF_TIME_TIMEZONE_NOT_STATED_BY_SOURCE,,NOT_VERIFIED_DO_NOT_INFER,Villarreal,Real Madrid,1,2,A,EVALUATION_ONLY_JOIN_AFTER_PREMATCH_FEATURE_FREEZE,3.12,3.68,2.22,EXTERNAL_HISTORICAL_MARKET_BENCHMARK,NOT_AVAILABLE,NOT_GOLDBET,a18cb0652b41ae643a0c9c3dce43e672c8f536db4afcb2697a2bc3abd20c8520,1554.0404831127405,1638.6240402947255,-84.58355718198504,0.3999999999999999,0.6,0.20000000000000018,-71.96041338375517,102,103,False
c819fa7634602edbbb266f72,LaLiga,2024/2025,DEVELOPMENT,2025-03-15,20:00,MATCH_KICKOFF_TIME_TIMEZONE_NOT_STATED_BY_SOURCE,,NOT_VERIFIED_DO_NOT_INFER,Girona,Valencia,1,1,D,EVALUATION_ONLY_JOIN_AFTER_PREMATCH_FEATURE_FREEZE,1.94,3.56,4.03,EXTERNAL_HISTORICAL_MARKET_BENCHMARK,NOT_AVAILABLE,NOT_GOLDBET,7eb4fda04890ef8d935fe2dd18dfe8b6fc4eeadfc2798b49de0edca58c279e8d,1500.0392081668385,1464.1897045321634,35.8495036346751,-1.2000000000000002,-1.2,0.5999999999999999,24.54397687912092,103,103,False
c7a924f453437b57d96127bd,LaLiga,2024/2025,DEVELOPMENT,2025-03-16,13:00,MATCH_KICKOFF_TIME_TIMEZONE_NOT_STATED_BY_SOURCE,,NOT_VERIFIED_DO_NOT_INFER,Leganes,Betis,2,3,A,EVALUATION_ONLY_JOIN_AFTER_PREMATCH_FEATURE_FREEZE,3.92,3.31,2.04,EXTERNAL_HISTORICAL_MARKET_BENCHMARK,NOT_AVAILABLE,NOT_GOLDBET,f5d30d434f176f7a692d9154bb669f8e0ed21226fb417484c712ea4f7cc66095,1460.940186540436,1538.8898563556745,-77.94966981523862,-1.5999999999999999,-2.0,-0.40000000000000013,-34.691525202062394,27,103,False
f69773b9793b9d7cebf7b967,LaLiga,2024/2025,DEVELOPMENT,2025-03-16,15:15,MATCH_KICKOFF_TIME_TIMEZONE_NOT_STATED_BY_SOURCE,,NOT_VERIFIED_DO_NOT_INFER,Sevilla,Ath Bilbao,0,1,A,EVALUATION_ONLY_JOIN_AFTER_PREMATCH_FEATURE_FREEZE,2.66,3.04,2.95,EXTERNAL_HISTORICAL_MARKET_BENCHMARK,NOT_AVAILABLE,NOT_GOLDBET,b18dc882cd27acfd61e5b1506f461f4005fd4bc595ba3bae014f79c3ab7fba55,1502.5680837328512,1582.8302473539236,-80.26216362107243,0.0,-1.2000000000000002,-0.40000000000000013,2.507957225483324,103,103,False
024a72dd023da767c0da9f63,LaLiga,2024/2025,DEVELOPMENT,2025-03-16,17:30,MATCH_KICKOFF_TIME_TIMEZONE_NOT_STATED_BY_SOURCE,,NOT_VERIFIED_DO_NOT_INFER,Osasuna,Getafe,1,2,A,EVALUATION_ONLY_JOIN_AFTER_PREMATCH_FEATURE_FREEZE,2.35,2.9,3.65,EXTERNAL_HISTORICAL_MARKET_BENCHMARK,NOT_AVAILABLE,NOT_GOLDBET,57a56353c079ef687b716a4215eff6e57f3311391e8070e8f02905d977695ac4,1490.9626765167125,1487.8420839557139,3.1205925609986025,-0.6000000000000001,-0.2,-1.2,-2.596009447835968,102,103,False
e1aa9430c10fe8c3f93a8f42,LaLiga,2024/2025,DEVELOPMENT,2025-03-16,17:30,MATCH_KICKOFF_TIME_TIMEZONE_NOT_STATED_BY_SOURCE,,NOT_VERIFIED_DO_NOT_INFER,Vallecano,Sociedad,2,2,D,EVALUATION_ONLY_JOIN_AFTER_PREMATCH_FEATURE_FREEZE,2.39,2.93,3.51,EXTERNAL_HISTORICAL_MARKET_BENCHMARK,NOT_AVAILABLE,NOT_GOLDBET,42d510f376c5e566097c44c6aa0711f36181fdf711d8766d4468fef48b55cfb2,1493.8901028666578,1487.8271472316644,6.062955634993386,-0.3999999999999999,0.4,2.0,31.303020014440108,103,103,False
75e4530194088933a45171af,LaLiga,2024/2025,DEVELOPMENT,2025-03-16,20:00,MATCH_KICKOFF_TIME_TIMEZONE_NOT_STATED_BY_SOURCE,,NOT_VERIFIED_DO_NOT_INFER,Ath Madrid,Barcelona,2,4,A,EVALUATION_ONLY_JOIN_AFTER_PREMATCH_FEATURE_FREEZE,3.13,3.63,2.23,EXTERNAL_HISTORICAL_MARKET_BENCHMARK,NOT_AVAILABLE,NOT_GOLDBET,dc759640db461ee65c8ae0f313a8d2c218045f92932254283ad9bdb3b90e489e,1617.923318863115,1631.4821752173837,-13.558856354268755,-1.4,-1.6,0.0,46.71200850481068,103,102,False
f77333465f032299ad605ef1,LaLiga,2024/2025,DEVELOPMENT,2025-03-27,20:00,MATCH_KICKOFF_TIME_TIMEZONE_NOT_STATED_BY_SOURCE,,NOT_VERIFIED_DO_NOT_INFER,Barcelona,Osasuna,3,0,H,EVALUATION_ONLY_JOIN_AFTER_PREMATCH_FEATURE_FREEZE,1.19,7.4,14.36,EXTERNAL_HISTORICAL_MARKET_BENCHMARK,NOT_AVAILABLE,NOT_GOLDBET,94a0f07e8fc0f5778a87ca2592d70ff438acb914257fcaa3bb40c90f8162ff50,1642.8109543241394,1479.1656473989262,163.64530692521316,2.4,2.8,1.7999999999999998,3.993202006301999,103,103,False
610e02e87551daed98d4edff,LaLiga,2024/2025,DEVELOPMENT,2025-03-29,13:00,MATCH_KICKOFF_TIME_TIMEZONE_NOT_STATED_BY_SOURCE,,NOT_VERIFIED_DO_NOT_INFER,Sociedad,Valladolid,2,1,H,EVALUATION_ONLY_JOIN_AFTER_PREMATCH_FEATURE_FREEZE,1.37,4.67,9.74,EXTERNAL_HISTORICAL_MARKET_BENCHMARK,NOT_AVAILABLE,NOT_GOLDBET,fcdfe87a973345ec2478d3d3f07316f917380917740ee771110f9e9c5fb067a2,1489.706003039008,1378.986117866711,110.71988517229693,0.6000000000000001,1.4,1.8,24.751800218598873,104,66,False
68a3868cb8ef6f110c03fa11,LaLiga,2024/2025,DEVELOPMENT,2025-03-29,15:15,MATCH_KICKOFF_TIME_TIMEZONE_NOT_STATED_BY_SOURCE,,NOT_VERIFIED_DO_NOT_INFER,Espanol,Ath Madrid,1,1,D,EVALUATION_ONLY_JOIN_AFTER_PREMATCH_FEATURE_FREEZE,5.7,3.63,1.68,EXTERNAL_HISTORICAL_MARKET_BENCHMARK,NOT_AVAILABLE,NOT_GOLDBET,d8e3b10492d783da5e4e82059536ac67140cc22a30ee2eb259593c4f07710b3f,1461.2208418265566,1606.5945397563592,-145.37369792980257,-0.3999999999999999,-0.4,0.40000000000000013,-19.645535342003313,65,104,False
71babb209c495215ef1fd1ec,LaLiga,2024/2025,DEVELOPMENT,2025-03-29,17:30,MATCH_KICKOFF_TIME_TIMEZONE_NOT_STATED_BY_SOURCE,,NOT_VERIFIED_DO_NOT_INFER,Alaves,Vallecano,0,2,A,EVALUATION_ONLY_JOIN_AFTER_PREMATCH_FEATURE_FREEZE,2.12,3.03,4.1,EXTERNAL_HISTORICAL_MARKET_BENCHMARK,NOT_AVAILABLE,NOT_GOLDBET,db29b765dbfd1abdad8959bb0ec232766f20f1e25acd9c150c019abc1260d2b3,1455.6589117277608,1492.0112470593142,-36.35233533155338,0.7999999999999999,0.6,-0.19999999999999996,-73.25950683899873,66,104,False
edbb9882cefa05eaf9f2df00,LaLiga,2024/2025,DEVELOPMENT,2025-03-29,20:00,MATCH_KICKOFF_TIME_TIMEZONE_NOT_STATED_BY_SOURCE,,NOT_VERIFIED_DO_NOT_INFER,Real Madrid,Leganes,3,2,H,EVALUATION_ONLY_JOIN_AFTER_PREMATCH_FEATURE_FREEZE,1.19,7.17,13.98,EXTERNAL_HISTORICAL_MARKET_BENCHMARK,NOT_AVAILABLE,NOT_GOLDBET,3db127664f75bf9bf1421cefa9fc0175d861962fed0bf83a123ae61c92b30150,1647.9176471181704,1451.456360409543,196.4612867086273,1.2,1.4,2.2,24.753354425591624,104,28,False
ca16f2acbcbc226c42d7f4b5,LaLiga,2024/2025,DEVELOPMENT,2025-03-30,13:00,MATCH_KICKOFF_TIME_TIMEZONE_NOT_STATED_BY_SOURCE,,NOT_VERIFIED_DO_NOT_INFER,Getafe,Villarreal,1,2,A,EVALUATION_ONLY_JOIN_AFTER_PREMATCH_FEATURE_FREEZE,3.26,3.08,2.4,EXTERNAL_HISTORICAL_MARKET_BENCHMARK,NOT_AVAILABLE,NOT_GOLDBET,9f71310a49dce37c550aa6327ae3a9f7617044fb333c610b810979a96aa28f60,1499.6391130735,1544.7468762892956,-45.10776321579556,0.40000000000000013,0.2,-0.3999999999999999,21.02516381985629,104,103,False
fc547ecd6c2ab11081a5f3f5,LaLiga,2024/2025,DEVELOPMENT,2025-03-30,15:15,MATCH_KICKOFF_TIME_TIMEZONE_NOT_STATED_BY_SOURCE,,NOT_VERIFIED_DO_NOT_INFER,Barcelona,Girona,4,1,H,EVALUATION_ONLY_JOIN_AFTER_PREMATCH_FEATURE_FREEZE,1.29,6.07,9.38,EXTERNAL_HISTORICAL_MARKET_BENCHMARK,NOT_AVAILABLE,NOT_GOLDBET,96f01828dc2a8f8db24b45be866e53638b900e521bb83e184eae806d234b4c51,1647.1367986662262,1497.3483589915961,149.78843967463013,2.4,3.0,2.2,2.9681968348386363,104,104,False
ebe85d9e28342b2bd17e195f,LaLiga,2024/2025,DEVELOPMENT,2025-03-30,17:30,MATCH_KICKOFF_TIME_TIMEZONE_NOT_STATED_BY_SOURCE,,NOT_VERIFIED_DO_NOT_INFER,Ath Bilbao,Osasuna,0,0,D,EVALUATION_ONLY_JOIN_AFTER_PREMATCH_FEATURE_FREEZE,1.48,4.22,7.19,EXTERNAL_HISTORICAL_MARKET_BENCHMARK,NOT_AVAILABLE,NOT_GOLDBET,43cb6679510f0743f759d2ecda9915a4e1b54b45d3b3b861fe12c98765f60bb4,1592.2477156771001,1474.8398030568394,117.40791262026073,1.2000000000000002,2.2,1.8000000000000003,-46.924313068840775,104,104,False
a7402806a0f2e132a078a61f,LaLiga,2024/2025,DEVELOPMENT,2025-03-30,17:30,MATCH_KICKOFF_TIME_TIMEZONE_NOT_STATED_BY_SOURCE,,NOT_VERIFIED_DO_NOT_INFER,Valencia,Mallorca,1,0,H,EVALUATION_ONLY_JOIN_AFTER_PREMATCH_FEATURE_FREEZE,2,3.2,4.26,EXTERNAL_HISTORICAL_MARKET_BENCHMARK,NOT_AVAILABLE,NOT_GOLDBET,4b8cb5c807d3ab8628b5d0a70ea13797d6e27cab60e78be5c8278c04f33cfe6b,1466.8805537074059,1501.6286604182453,-34.748106710839465,-0.6000000000000001,-1.0,1.4,26.40056350808186,104,104,False
3ca247c02d64920205c190ef,LaLiga,2024/2025,DEVELOPMENT,2025-03-30,20:00,MATCH_KICKOFF_TIME_TIMEZONE_NOT_STATED_BY_SOURCE,,NOT_VERIFIED_DO_NOT_INFER,Betis,Sevilla,2,1,H,EVALUATION_ONLY_JOIN_AFTER_PREMATCH_FEATURE_FREEZE,1.77,3.51,5.07,EXTERNAL_HISTORICAL_MARKET_BENCHMARK,NOT_AVAILABLE,NOT_GOLDBET,03f2b58a4b731938a9cc26ba2d93102de0369733329d2c8eaabf6648c12514cd,1548.3736824865673,1493.1506154096746,55.223067076892676,1.4,0.5999999999999999,-0.20000000000000018,11.420831866861363,104,104,False
3d485a917e15d029c1547dc6,LaLiga,2024/2025,DEVELOPMENT,2025-03-31,20:00,MATCH_KICKOFF_TIME_TIMEZONE_NOT_STATED_BY_SOURCE,,NOT_VERIFIED_DO_NOT_INFER,Celta,Las Palmas,1,1,D,EVALUATION_ONLY_JOIN_AFTER_PREMATCH_FEATURE_FREEZE,1.58,4.06,5.89,EXTERNAL_HISTORICAL_MARKET_BENCHMARK,NOT_AVAILABLE,NOT_GOLDBET,6c30e60935012453233a818d184565b89f5b850d8fc0ce9048835cde93ff1b01,1503.9248403152478,1425.7040944763703,78.22074583887752,1.8000000000000003,1.6,2.1999999999999997,-0.9879399936173741,104,66,False
6a06a4dc695f9e3d44882659,LaLiga,2024/2025,DEVELOPMENT,2025-04-04,20:00,MATCH_KICKOFF_TIME_TIMEZONE_NOT_STATED_BY_SOURCE,,NOT_VERIFIED_DO_NOT_INFER,Vallecano,Espanol,0,4,A,EVALUATION_ONLY_JOIN_AFTER_PREMATCH_FEATURE_FREEZE,1.68,3.56,5.92,EXTERNAL_HISTORICAL_MARKET_BENCHMARK,NOT_AVAILABLE,NOT_GOLDBET,0df34a6c70f0aaced15d6a0ee550aa98dbb1d38280e6faa0d3afdf1c090e6005,1502.6908324618375,1463.6298033457908,39.06102911604671,-0.19999999999999996,0.0,0.8,-4.591377051213158,105,66,False
e33292679bc873d58a45f551,LaLiga,2024/2025,DEVELOPMENT,2025-04-05,13:00,MATCH_KICKOFF_TIME_TIMEZONE_NOT_STATED_BY_SOURCE,,NOT_VERIFIED_DO_NOT_INFER,Girona,Alaves,0,1,A,EVALUATION_ONLY_JOIN_AFTER_PREMATCH_FEATURE_FREEZE,2.08,3.3,3.8,EXTERNAL_HISTORICAL_MARKET_BENCHMARK,NOT_AVAILABLE,NOT_GOLDBET,7281f632ff9ba6ec013d41b9c46cac734d8a42f8341d27ec4c4cd6b0aafefbe7,1492.7459787920036,1444.9793263252375,47.76665246676612,-0.4,-0.6,-0.19999999999999996,54.284902750143374,105,67,False
49bc6d308f2826249ea50757,LaLiga,2024/2025,DEVELOPMENT,2025-04-05,15:15,MATCH_KICKOFF_TIME_TIMEZONE_NOT_STATED_BY_SOURCE,,NOT_VERIFIED_DO_NOT_INFER,Real Madrid,Valencia,1,2,A,EVALUATION_ONLY_JOIN_AFTER_PREMATCH_FEATURE_FREEZE,1.28,6.1,9.7,EXTERNAL_HISTORICAL_MARKET_BENCHMARK,NOT_AVAILABLE,NOT_GOLDBET,2854edee366b560f5b603de1b2a9e00c648b58229fe2d44686799bb20fa9edae,1651.6373559862307,1476.1550228827455,175.4823331034852,0.7999999999999998,1.0,1.8,5.317423171739392,105,105,False
a496a4a83d2589924a2ef715,LaLiga,2024/2025,DEVELOPMENT,2025-04-05,17:30,MATCH_KICKOFF_TIME_TIMEZONE_NOT_STATED_BY_SOURCE,,NOT_VERIFIED_DO_NOT_INFER,Mallorca,Celta,1,2,A,EVALUATION_ONLY_JOIN_AFTER_PREMATCH_FEATURE_FREEZE,2.81,3.09,2.73,EXTERNAL_HISTORICAL_MARKET_BENCHMARK,NOT_AVAILABLE,NOT_GOLDBET,1eb194e4ed7084144bce2967910262e2f2a3e9977cd46d1bb0029ea119331cc9,1492.3541912429057,1500.1439223235689,-7.7897310806631594,-1.0000000000000002,-0.6,0.40000000000000013,33.33696994914453,105,105,False
2af8e116627986a891074318,LaLiga,2024/2025,DEVELOPMENT,2025-04-05,20:00,MATCH_KICKOFF_TIME_TIMEZONE_NOT_STATED_BY_SOURCE,,NOT_VERIFIED_DO_NOT_INFER,Barcelona,Betis,1,1,D,EVALUATION_ONLY_JOIN_AFTER_PREMATCH_FEATURE_FREEZE,1.36,5.57,7.66,EXTERNAL_HISTORICAL_MARKET_BENCHMARK,NOT_AVAILABLE,NOT_GOLDBET,a80a471f7da5b728c176150a0d49932aa57be8128053f0ca92b34d31a685a594,1651.7391788658188,1555.1737584500304,96.56542041578837,0.0,1.7999999999999998,1.2,2.0693635247582733,105,105,False
59ff22e631ec8661a8bdaa70,LaLiga,2024/2025,DEVELOPMENT,2025-04-06,13:00,MATCH_KICKOFF_TIME_TIMEZONE_NOT_STATED_BY_SOURCE,,NOT_VERIFIED_DO_NOT_INFER,Las Palmas,Sociedad,1,3,A,EVALUATION_ONLY_JOIN_AFTER_PREMATCH_FEATURE_FREEZE,3.14,3.24,2.39,EXTERNAL_HISTORICAL_MARKET_BENCHMARK,NOT_AVAILABLE,NOT_GOLDBET,ff74bd8a55aaa47867ed3ca7e3ed59a994067edda8897b80efee6291c5e33e7c,1429.4850124680493,1495.1529614335182,-65.6679489654689,-0.7999999999999999,-0.39999999999999997,0.2,9.891833773092458,67,105,False
5086f3fa8530c8ed426c5fad,LaLiga,2024/2025,DEVELOPMENT,2025-04-06,15:15,MATCH_KICKOFF_TIME_TIMEZONE_NOT_STATED_BY_SOURCE,,NOT_VERIFIED_DO_NOT_INFER,Sevilla,Ath Madrid,1,2,A,EVALUATION_ONLY_JOIN_AFTER_PREMATCH_FEATURE_FREEZE,3.52,3.2,2.22,EXTERNAL_HISTORICAL_MARKET_BENCHMARK,NOT_AVAILABLE,NOT_GOLDBET,c9d3d978976c80b3294eb445835130cb912d2f19a43014cbed82a03bd71776a9,1486.3505394462115,1604.185578237125,-117.83503879091336,-0.3999999999999999,-0.4,-0.4,-0.30645732660059366,105,105,False
0f4d4eaa18050ba63499a2c7,LaLiga,2024/2025,DEVELOPMENT,2025-04-06,17:30,MATCH_KICKOFF_TIME_TIMEZONE_NOT_STATED_BY_SOURCE,,NOT_VERIFIED_DO_NOT_INFER,Valladolid,Getafe,0,4,A,EVALUATION_ONLY_JOIN_AFTER_PREMATCH_FEATURE_FREEZE,4.46,3.09,2.01,EXTERNAL_HISTORICAL_MARKET_BENCHMARK,NOT_AVAILABLE,NOT_GOLDBET,617739117cd9d9d4479319235a990b7465efef9d2a1f0b2b10e6c57fb5cfe7a7,1373.539159472201,1489.2107423543027,-115.6715828821018,-1.0,-1.6,-1.5999999999999999,-34.22778523686611,67,105,False
1c851947e122bc3315d79b01,LaLiga,2024/2025,DEVELOPMENT,2025-04-06,20:00,MATCH_KICKOFF_TIME_TIMEZONE_NOT_STATED_BY_SOURCE,,NOT_VERIFIED_DO_NOT_INFER,Villarreal,Ath Bilbao,0,0,D,EVALUATION_ONLY_JOIN_AFTER_PREMATCH_FEATURE_FREEZE,2.36,3.32,3.12,EXTERNAL_HISTORICAL_MARKET_BENCHMARK,NOT_AVAILABLE,NOT_GOLDBET,13d2ff1ab29d482d8163d002fa59e0ef5a455340ca68bb75c8ef5c14c359fad9,1555.175247008493,1587.5434264233622,-32.368179414869246,-0.20000000000000018,-1.2,0.0,12.280616305523836,104,105,False
1d9b9c7fdf01664ea53a579a,LaLiga,2024/2025,DEVELOPMENT,2025-04-07,20:00,MATCH_KICKOFF_TIME_TIMEZONE_NOT_STATED_BY_SOURCE,,NOT_VERIFIED_DO_NOT_INFER,Leganes,Osasuna,1,1,D,EVALUATION_ONLY_JOIN_AFTER_PREMATCH_FEATURE_FREEZE,2.72,2.92,2.94,EXTERNAL_HISTORICAL_MARKET_BENCHMARK,NOT_AVAILABLE,NOT_GOLDBET,b3b97c5185262b9d63de418f1dfde4c6f416c2cf2dc06b9633eeb636427de7e9,1447.7366515414828,1479.5440923105773,-31.807440769094455,0.19999999999999996,0.0,0.7999999999999999,0.3912792073751916,29,105,False
1165b9d13846ef621fb108da,LaLiga,2024/2025,DEVELOPMENT,2025-04-11,20:00,MATCH_KICKOFF_TIME_TIMEZONE_NOT_STATED_BY_SOURCE,,NOT_VERIFIED_DO_NOT_INFER,Valencia,Sevilla,1,0,H,EVALUATION_ONLY_JOIN_AFTER_PREMATCH_FEATURE_FREEZE,2.36,3.05,3.37,EXTERNAL_HISTORICAL_MARKET_BENCHMARK,NOT_AVAILABLE,NOT_GOLDBET,5db3e6760ca6d7c35d94744e451e68952f76d0ec7294f29eaff5c61f8710b6ba,1492.055717566133,1477.9999587146478,14.055758851485052,1.4000000000000001,1.0,0.7999999999999998,-38.956585720166686,106,106,False
ef98c60b666cb62652f01c13,LaLiga,2024/2025,DEVELOPMENT,2025-04-12,13:00,MATCH_KICKOFF_TIME_TIMEZONE_NOT_STATED_BY_SOURCE,,NOT_VERIFIED_DO_NOT_INFER,Sociedad,Mallorca,0,2,A,EVALUATION_ONLY_JOIN_AFTER_PREMATCH_FEATURE_FREEZE,2.03,3.08,4.28,EXTERNAL_HISTORICAL_MARKET_BENCHMARK,NOT_AVAILABLE,NOT_GOLDBET,9f99f87fe48a675658bae15e6b59d1c31aa2c6e6b9d6807d72e8fcb28e186b56,1504.9898392192006,1480.8626692460148,24.1271699731858,0.3999999999999999,-0.2,1.4,-8.6967162615083,106,106,False
ba60959d91bc0cbf3b831879,LaLiga,2024/2025,DEVELOPMENT,2025-04-12,15:15,MATCH_KICKOFF_TIME_TIMEZONE_NOT_STATED_BY_SOURCE,,NOT_VERIFIED_DO_NOT_INFER,Getafe,Las Palmas,1,3,A,EVALUATION_ONLY_JOIN_AFTER_PREMATCH_FEATURE_FREEZE,1.7,3.62,5.41,EXTERNAL_HISTORICAL_MARKET_BENCHMARK,NOT_AVAILABLE,NOT_GOLDBET,aa6c088d240dcf73aeff192e9b0a03a2f740cca5d7c6777383b0810dacf06185,1497.6219597598472,1419.6481346823668,77.97382507748034,1.2000000000000002,1.4,0.6,23.532477547205644,106,68,False
e8ae14b5ac661623c2608e8f,LaLiga,2024/2025,DEVELOPMENT,2025-04-12,17:30,MATCH_KICKOFF_TIME_TIMEZONE_NOT_STATED_BY_SOURCE,,NOT_VERIFIED_DO_NOT_INFER,Celta,Espanol,0,2,A,EVALUATION_ONLY_JOIN_AFTER_PREMATCH_FEATURE_FREEZE,1.64,3.81,5.71,EXTERNAL_HISTORICAL_MARKET_BENCHMARK,NOT_AVAILABLE,NOT_GOLDBET,14b466e6ccd72414e16cf21566aa862ecad36d5294b9e22851c13f892f87e66e,1511.6354443204598,1476.4061795660014,35.22926475445843,0.6000000000000001,-0.20000000000000007,0.6000000000000001,-55.62039459225093,106,67,False
423524f714d0df8f5cae93e4,LaLiga,2024/2025,DEVELOPMENT,2025-04-12,20:00,MATCH_KICKOFF_TIME_TIMEZONE_NOT_STATED_BY_SOURCE,,NOT_VERIFIED_DO_NOT_INFER,Leganes,Barcelona,0,1,A,EVALUATION_ONLY_JOIN_AFTER_PREMATCH_FEATURE_FREEZE,10.46,6.44,1.25,EXTERNAL_HISTORICAL_MARKET_BENCHMARK,NOT_AVAILABLE,NOT_GOLDBET,c6f5bbd02820a66a3619451cbd26925bf098d03a1adb982be783969d3c48c5a2,1446.9269807617795,1647.5149992267736,-200.5880184649941,-1.8,-2.8,-1.2000000000000002,-3.3204035702860892,30,106,False
736b990f5a2b7e187131b40f,LaLiga,2024/2025,DEVELOPMENT,2025-04-13,13:00,MATCH_KICKOFF_TIME_TIMEZONE_NOT_STATED_BY_SOURCE,,NOT_VERIFIED_DO_NOT_INFER,Osasuna,Girona,2,1,H,EVALUATION_ONLY_JOIN_AFTER_PREMATCH_FEATURE_FREEZE,2.52,3.1,3.04,EXTERNAL_HISTORICAL_MARKET_BENCHMARK,NOT_AVAILABLE,NOT_GOLDBET,bdc1224c0b3641f6ead3ba1b667235f2d78c9163ed5cb836ef6258e6b3ddb563,1480.3537630902806,1479.7399944017743,0.6137686885062976,0.0,0.0,1.0,22.81979196014663,106,106,False
38e9a54c5ca6a4cf7528ce21,LaLiga,2024/2025,DEVELOPMENT,2025-04-13,15:15,MATCH_KICKOFF_TIME_TIMEZONE_NOT_STATED_BY_SOURCE,,NOT_VERIFIED_DO_NOT_INFER,Alaves,Real Madrid,0,1,A,EVALUATION_ONLY_JOIN_AFTER_PREMATCH_FEATURE_FREEZE,4.98,3.85,1.71,EXTERNAL_HISTORICAL_MARKET_BENCHMARK,NOT_AVAILABLE,NOT_GOLDBET,ee2e98c8966a991536f69ffe204c52a2202f6bc4430054e196878cb0fe08e626,1457.9853107154668,1635.7366613028432,-177.75135058737646,-0.19999999999999996,-0.2,-0.5999999999999999,-6.34016733802855,68,106,False
feaf98ef8b3980a4ac044cab,LaLiga,2024/2025,DEVELOPMENT,2025-04-13,17:30,MATCH_KICKOFF_TIME_TIMEZONE_NOT_STATED_BY_SOURCE,,NOT_VERIFIED_DO_NOT_INFER,Betis,Villarreal,1,2,A,EVALUATION_ONLY_JOIN_AFTER_PREMATCH_FEATURE_FREEZE,2.18,3.47,3.34,EXTERNAL_HISTORICAL_MARKET_BENCHMARK,NOT_AVAILABLE,NOT_GOLDBET,73bc0ed9fdc79051d051f4e04a64f93ab91e98037804b9d317a38e11072d1132,1559.3979380890755,1554.3816118616662,5.016326227409309,1.2000000000000002,0.8,0.6000000000000001,0.7171173606629964,106,105,False
ed618f67b993769ebea9feb4,LaLiga,2024/2025,DEVELOPMENT,2025-04-13,20:00,MATCH_KICKOFF_TIME_TIMEZONE_NOT_STATED_BY_SOURCE,,NOT_VERIFIED_DO_NOT_INFER,Ath Bilbao,Vallecano,3,1,H,EVALUATION_ONLY_JOIN_AFTER_PREMATCH_FEATURE_FREEZE,1.85,3.24,5.08,EXTERNAL_HISTORICAL_MARKET_BENCHMARK,NOT_AVAILABLE,NOT_GOLDBET,b4e19e10eb64f051b4d7f60b6c64a32d160af4ab78f61ce710e2dd6f40f8eac3,1588.337061570189,1489.914456241627,98.42260532856199,0.19999999999999996,0.6,0.40000000000000013,23.218955485561537,106,106,False
2e04aba970b52c2c16673682,LaLiga,2024/2025,DEVELOPMENT,2025-04-14,20:00,MATCH_KICKOFF_TIME_TIMEZONE_NOT_STATED_BY_SOURCE,,NOT_VERIFIED_DO_NOT_INFER,Ath Madrid,Valladolid,4,2,H,EVALUATION_ONLY_JOIN_AFTER_PREMATCH_FEATURE_FREEZE,1.1,9.5,28.3,EXTERNAL_HISTORICAL_MARKET_BENCHMARK,NOT_AVAILABLE,NOT_GOLDBET,bd3350fc52e611eeaa63fca0bc95a4ce49ea4e257bb8d99609f9882aac81ad59,1612.5361589686886,1365.1279420666565,247.4082169020321,1.2,1.2,1.6,57.07304232140041,106,68,False
097c43e6796e1d26a97ce68f,LaLiga,2024/2025,DEVELOPMENT,2025-04-18,20:00,MATCH_KICKOFF_TIME_TIMEZONE_NOT_STATED_BY_SOURCE,,NOT_VERIFIED_DO_NOT_INFER,Espanol,Getafe,1,0,H,EVALUATION_ONLY_JOIN_AFTER_PREMATCH_FEATURE_FREEZE,2.8,2.64,3.19,EXTERNAL_HISTORICAL_MARKET_BENCHMARK,NOT_AVAILABLE,NOT_GOLDBET,dda2b3172d2a959c04312cc3037ee5290aad137ea638850e4729f7130df01791,1489.0804614882331,1483.8471343922413,5.233327095991854,-0.19999999999999996,0.4,-0.5999999999999999,30.92336630589125,68,107,False
51d2a9c5a50ea515e93795e5,LaLiga,2024/2025,DEVELOPMENT,2025-04-19,13:00,MATCH_KICKOFF_TIME_TIMEZONE_NOT_STATED_BY_SOURCE,,NOT_VERIFIED_DO_NOT_INFER,Vallecano,Valencia,1,1,D,EVALUATION_ONLY_JOIN_AFTER_PREMATCH_FEATURE_FREEZE,2.39,3.14,3.22,EXTERNAL_HISTORICAL_MARKET_BENCHMARK,NOT_AVAILABLE,NOT_GOLDBET,700b155c44df865b4ca2233b7d3878019f9fa8547c26115225be0ddb3623b7a9,1484.182452422413,1499.9559253662405,-15.773472943827528,-1.8,-1.8,-0.19999999999999996,20.729070201018658,107,107,False
543c9322a9d4593728c801df,LaLiga,2024/2025,DEVELOPMENT,2025-04-19,15:15,MATCH_KICKOFF_TIME_TIMEZONE_NOT_STATED_BY_SOURCE,,NOT_VERIFIED_DO_NOT_INFER,Barcelona,Celta,4,3,H,EVALUATION_ONLY_JOIN_AFTER_PREMATCH_FEATURE_FREEZE,1.24,6.94,10.16,EXTERNAL_HISTORICAL_MARKET_BENCHMARK,NOT_AVAILABLE,NOT_GOLDBET,a3d1f83216d57d8e50c5e30d47a95ca1227e6a62c0881126504b9e03d88b40b3,1653.6758368134365,1498.961162398228,154.7146744152085,0.6000000000000001,1.6,1.0,69.14816882567447,107,107,False
aaf99f7223f8b3a6700b49d3,LaLiga,2024/2025,DEVELOPMENT,2025-04-19,17:30,MATCH_KICKOFF_TIME_TIMEZONE_NOT_STATED_BY_SOURCE,,NOT_VERIFIED_DO_NOT_INFER,Mallorca,Leganes,0,0,D,EVALUATION_ONLY_JOIN_AFTER_PREMATCH_FEATURE_FREEZE,1.84,3.09,5.51,EXTERNAL_HISTORICAL_MARKET_BENCHMARK,NOT_AVAILABLE,NOT_GOLDBET,f50731b4f0c2a8525cc1915ee54ff2649de33a2348800402f00a210776818407,1493.237805749492,1440.7661431751167,52.47166257437539,1.2,1.0,1.4000000000000001,-54.69665252716163,107,31,False
741343cc7dbfd16238d1b374,LaLiga,2024/2025,DEVELOPMENT,2025-04-19,20:00,MATCH_KICKOFF_TIME_TIMEZONE_NOT_STATED_BY_SOURCE,,NOT_VERIFIED_DO_NOT_INFER,Las Palmas,Ath Madrid,1,0,H,EVALUATION_ONLY_JOIN_AFTER_PREMATCH_FEATURE_FREEZE,5.6,3.92,1.62,EXTERNAL_HISTORICAL_MARKET_BENCHMARK,NOT_AVAILABLE,NOT_GOLDBET,09525628933ea04cbac1f76db75b8e81d00928f12f5636e4c15b5121165dff67,1433.4229600499727,1615.4480405118875,-182.02508046191474,-0.3999999999999999,-0.2,-1.2000000000000002,13.063344831357654,69,107,False
eb892d99966cea69e9903b88,LaLiga,2024/2025,DEVELOPMENT,2025-04-20,13:00,MATCH_KICKOFF_TIME_TIMEZONE_NOT_STATED_BY_SOURCE,,NOT_VERIFIED_DO_NOT_INFER,Valladolid,Osasuna,2,3,A,EVALUATION_ONLY_JOIN_AFTER_PREMATCH_FEATURE_FREEZE,5.02,3.58,1.75,EXTERNAL_HISTORICAL_MARKET_BENCHMARK,NOT_AVAILABLE,NOT_GOLDBET,0cabc82c5b6978ac16967d5cb6c97bc2d7de99995481c7db20a5071125ad0168,1362.2160605234576,1488.6266455768537,-126.41058505339606,-1.0,-1.2000000000000002,-0.39999999999999997,-21.207476995750994,69,107,False
588b527777a74bf4aa1bc204,LaLiga,2024/2025,DEVELOPMENT,2025-04-20,15:15,MATCH_KICKOFF_TIME_TIMEZONE_NOT_STATED_BY_SOURCE,,NOT_VERIFIED_DO_NOT_INFER,Villarreal,Sociedad,2,2,D,EVALUATION_ONLY_JOIN_AFTER_PREMATCH_FEATURE_FREEZE,1.65,4.07,5.02,EXTERNAL_HISTORICAL_MARKET_BENCHMARK,NOT_AVAILABLE,NOT_GOLDBET,9de0b1c2bdebff3317b6b6544e2e94a82daf722eadcb16b27ca9d676adf77f28,1566.231390305194,1492.6147027157233,73.61668758947076,0.0,0.0,0.8,90.86637410107573,106,107,False
d2a6428385606bb933df8996,LaLiga,2024/2025,DEVELOPMENT,2025-04-20,17:30,MATCH_KICKOFF_TIME_TIMEZONE_NOT_STATED_BY_SOURCE,,NOT_VERIFIED_DO_NOT_INFER,Sevilla,Alaves,1,1,D,EVALUATION_ONLY_JOIN_AFTER_PREMATCH_FEATURE_FREEZE,2.09,3.02,4.18,EXTERNAL_HISTORICAL_MARKET_BENCHMARK,NOT_AVAILABLE,NOT_GOLDBET,52827dc76c1db4f44432b1ca524ec4ae7a1cbd867db35ba94a7e655075bce8af,1470.0997509145402,1451.2504004285158,18.849350486024377,-0.7999999999999999,-0.39999999999999997,-0.7999999999999999,22.85886704187601,107,69,False
f3c284a262f79ea2a3b25909,LaLiga,2024/2025,DEVELOPMENT,2025-04-20,20:00,MATCH_KICKOFF_TIME_TIMEZONE_NOT_STATED_BY_SOURCE,,NOT_VERIFIED_DO_NOT_INFER,Real Madrid,Ath Bilbao,1,0,H,EVALUATION_ONLY_JOIN_AFTER_PREMATCH_FEATURE_FREEZE,1.43,4.58,7.51,EXTERNAL_HISTORICAL_MARKET_BENCHMARK,NOT_AVAILABLE,NOT_GOLDBET,bdf5ed0d1cc1703ff7d617f11234b78c7bc4f42271e6041686b42fb56b7f1ed2,1642.4715715897942,1594.069065389403,48.402506200391144,0.5999999999999999,0.0,0.8,-14.769955026232992,107,107,False
1ff55aa6a3bea689bc4a9568,LaLiga,2024/2025,DEVELOPMENT,2025-04-21,20:00,MATCH_KICKOFF_TIME_TIMEZONE_NOT_STATED_BY_SOURCE,,NOT_VERIFIED_DO_NOT_INFER,Girona,Betis,1,3,A,EVALUATION_ONLY_JOIN_AFTER_PREMATCH_FEATURE_FREEZE,2.62,3.34,2.71,EXTERNAL_HISTORICAL_MARKET_BENCHMARK,NOT_AVAILABLE,NOT_GOLDBET,63eaa7a4879af2997961978f5a8735c3cbcfc58c4e5a0f9a82a6fcdc2c51e094,1471.4671119152013,1547.5481596455477,-76.08104773034643,-1.6,-1.4,-1.0,-17.230334609859483,107,107,False
216647aed2945171906a2776,LaLiga,2024/2025,DEVELOPMENT,2025-04-22,18:00,MATCH_KICKOFF_TIME_TIMEZONE_NOT_STATED_BY_SOURCE,,NOT_VERIFIED_DO_NOT_INFER,Valencia,Espanol,1,1,D,EVALUATION_ONLY_JOIN_AFTER_PREMATCH_FEATURE_FREEZE,2.01,3.26,4.07,EXTERNAL_HISTORICAL_MARKET_BENCHMARK,NOT_AVAILABLE,NOT_GOLDBET,5823f889ef98aa5f5fcd709bc1a919275ff6d57ec7dc15ea4ac3ed6a07f75dbc,1501.2220359123216,1497.2246516661146,3.997384246207048,0.20000000000000018,-0.6,0.5999999999999999,3.337260941949353,108,69,False
4e0455ff823b321db1883161,LaLiga,2024/2025,DEVELOPMENT,2025-04-22,20:30,MATCH_KICKOFF_TIME_TIMEZONE_NOT_STATED_BY_SOURCE,,NOT_VERIFIED_DO_NOT_INFER,Barcelona,Mallorca,1,0,H,EVALUATION_ONLY_JOIN_AFTER_PREMATCH_FEATURE_FREEZE,1.3,5.73,9.89,EXTERNAL_HISTORICAL_MARKET_BENCHMARK,NOT_AVAILABLE,NOT_GOLDBET,ad18827f6d677a2705a3940076a60b5304b406db3367d03d97f73b3b46f55122,1658.1785074256693,1490.1091437401064,168.06936368556285,1.2000000000000002,1.4000000000000001,1.6,19.19586547963945,108,108,False
587d38c9c47436498c782849,LaLiga,2024/2025,DEVELOPMENT,2025-04-23,18:00,MATCH_KICKOFF_TIME_TIMEZONE_NOT_STATED_BY_SOURCE,,NOT_VERIFIED_DO_NOT_INFER,Ath Bilbao,Las Palmas,1,0,H,EVALUATION_ONLY_JOIN_AFTER_PREMATCH_FEATURE_FREEZE,1.38,4.93,8.5,EXTERNAL_HISTORICAL_MARKET_BENCHMARK,NOT_AVAILABLE,NOT_GOLDBET,3b9feed0a0450c49feffe624269b3e94c487d91b7b22eb506f76caa6f783faaf,1587.0916882506067,1446.7974988619644,140.29418938864228,0.0,0.2,1.2000000000000002,19.61546329887642,108,70,False
a995013ccc9fbcef57362fc0,LaLiga,2024/2025,DEVELOPMENT,2025-04-23,18:00,MATCH_KICKOFF_TIME_TIMEZONE_NOT_STATED_BY_SOURCE,,NOT_VERIFIED_DO_NOT_INFER,Celta,Villarreal,3,0,H,EVALUATION_ONLY_JOIN_AFTER_PREMATCH_FEATURE_FREEZE,2.41,3.49,2.89,EXTERNAL_HISTORICAL_MARKET_BENCHMARK,NOT_AVAILABLE,NOT_GOLDBET,78647bf454987adc62600ef94dca68265141fb21d4abc09e6867cb048aad9a55,1494.4584917859952,1562.5646094073466,-68.10611762135136,-0.20000000000000018,-0.4,-0.3999999999999999,-68.4112360967174,108,107,False
a6886216fc597c79b591d5ee,LaLiga,2024/2025,DEVELOPMENT,2025-04-23,20:30,MATCH_KICKOFF_TIME_TIMEZONE_NOT_STATED_BY_SOURCE,,NOT_VERIFIED_DO_NOT_INFER,Alaves,Sociedad,1,0,H,EVALUATION_ONLY_JOIN_AFTER_PREMATCH_FEATURE_FREEZE,2.36,3.02,3.4,EXTERNAL_HISTORICAL_MARKET_BENCHMARK,NOT_AVAILABLE,NOT_GOLDBET,e1f77616b9c3938ca3e2f89ba00d7c0a64bf2af15358ce4584cdb7d48a5f568b,1453.4816906780181,1496.2814836135708,-42.79979293555266,-0.6000000000000001,-0.6000000000000001,-0.4,33.5514616810965,70,108,False
736a47a69ccbfdc6bc886acd,LaLiga,2024/2025,DEVELOPMENT,2025-04-23,20:30,MATCH_KICKOFF_TIME_TIMEZONE_NOT_STATED_BY_SOURCE,,NOT_VERIFIED_DO_NOT_INFER,Getafe,Real Madrid,0,1,A,EVALUATION_ONLY_JOIN_AFTER_PREMATCH_FEATURE_FREEZE,5.99,3.8,1.61,EXTERNAL_HISTORICAL_MARKET_BENCHMARK,NOT_AVAILABLE,NOT_GOLDBET,4867f7ad1d0df3bf314099b1f5d5a967bdfb782fd09d62927490fc7798b4651d,1475.7029442143598,1649.4489487285905,-173.74600451423066,-1.2,-0.39999999999999997,-0.5999999999999999,-43.14578681221815,108,108,False
ea3e7328ae163cce92b469cc,LaLiga,2024/2025,DEVELOPMENT,2025-04-24,18:00,MATCH_KICKOFF_TIME_TIMEZONE_NOT_STATED_BY_SOURCE,,NOT_VERIFIED_DO_NOT_INFER,Leganes,Girona,1,1,D,EVALUATION_ONLY_JOIN_AFTER_PREMATCH_FEATURE_FREEZE,3.19,3.05,2.45,EXTERNAL_HISTORICAL_MARKET_BENCHMARK,NOT_AVAILABLE,NOT_GOLDBET,d45478799a2b67da49b1ce66d98d45cb507d59e592992ceca6c385be902e6964,1443.8948051845023,1461.9296314371215,-18.03482625261927,0.2,0.7999999999999999,0.8,44.57932970024649,32,108,False
6b1cc9bd8e5fa01951c81474,LaLiga,2024/2025,DEVELOPMENT,2025-04-24,18:00,MATCH_KICKOFF_TIME_TIMEZONE_NOT_STATED_BY_SOURCE,,NOT_VERIFIED_DO_NOT_INFER,Osasuna,Sevilla,1,0,H,EVALUATION_ONLY_JOIN_AFTER_PREMATCH_FEATURE_FREEZE,2.32,2.99,3.54,EXTERNAL_HISTORICAL_MARKET_BENCHMARK,NOT_AVAILABLE,NOT_GOLDBET,86eeb5f74dc54d18ed5bdb670a7a4ad2c7fbe006b0ac2e15e8942152f37a53bd,1496.7381392148407,1467.868460665038,28.869678549802757,1.4000000000000001,0.6000000000000001,0.20000000000000018,-30.78884992086205,108,108,False
0be548ec728431877e8f32d3,LaLiga,2024/2025,DEVELOPMENT,2025-04-24,20:30,MATCH_KICKOFF_TIME_TIMEZONE_NOT_STATED_BY_SOURCE,,NOT_VERIFIED_DO_NOT_INFER,Ath Madrid,Vallecano,3,0,H,EVALUATION_ONLY_JOIN_AFTER_PREMATCH_FEATURE_FREEZE,1.5,4.29,6.83,EXTERNAL_HISTORICAL_MARKET_BENCHMARK,NOT_AVAILABLE,NOT_GOLDBET,6344bc5291a6d58c8b665196d9d31e278803a0fdce5a6e3f65236759cbd50a44,1602.0735016998958,1482.916341876332,119.15715982356392,0.3999999999999999,0.8,0.8,-23.560878126972966,108,108,False
c222a39a8a1fcb81aeb8bb3f,LaLiga,2024/2025,DEVELOPMENT,2025-04-24,20:30,MATCH_KICKOFF_TIME_TIMEZONE_NOT_STATED_BY_SOURCE,,NOT_VERIFIED_DO_NOT_INFER,Betis,Valladolid,5,1,H,EVALUATION_ONLY_JOIN_AFTER_PREMATCH_FEATURE_FREEZE,1.16,8,15.48,EXTERNAL_HISTORICAL_MARKET_BENCHMARK,NOT_AVAILABLE,NOT_GOLDBET,9a1c5b7609f7170bd8b643a019d4c05b04289dc38cb2855700209ce2e9688df8,1557.0856401236274,1354.1045668854706,202.9810732381568,2.0,2.4,2.4,11.262186897214178,108,70,False
fa869b66baab7220f6a7872a,LaLiga,2024/2025,DEVELOPMENT,2025-04-27,15:15,MATCH_KICKOFF_TIME_TIMEZONE_NOT_STATED_BY_SOURCE,,NOT_VERIFIED_DO_NOT_INFER,Villarreal,Espanol,1,0,H,EVALUATION_ONLY_JOIN_AFTER_PREMATCH_FEATURE_FREEZE,1.38,5.08,7.17,EXTERNAL_HISTORICAL_MARKET_BENCHMARK,NOT_AVAILABLE,NOT_GOLDBET,ae516b548155060ebaf8af665bfa69432e99f121584eaec753c3edb62f83f06f,1552.33133891268,1499.046090802834,53.28524810984595,-0.6000000000000001,-1.5999999999999999,-0.8,5.532737048887384,108,70,False
7fbb1b86326f2c313c71e27f,LaLiga,2024/2025,DEVELOPMENT,2025-05-02,20:00,MATCH_KICKOFF_TIME_TIMEZONE_NOT_STATED_BY_SOURCE,,NOT_VERIFIED_DO_NOT_INFER,Vallecano,Getafe,1,0,H,EVALUATION_ONLY_JOIN_AFTER_PREMATCH_FEATURE_FREEZE,2.4,2.92,3.43,EXTERNAL_HISTORICAL_MARKET_BENCHMARK,NOT_AVAILABLE,NOT_GOLDBET,395a33e6316c89e404988d5404f60c7a8866651b9c14fec09038632a70a29077,1477.6597434987232,1468.8646563729562,8.79508712576694,0.20000000000000007,-1.2,-1.2000000000000002,26.638324609838037,109,109,False
9e2dfd4af196632afd061f4d,LaLiga,2024/2025,DEVELOPMENT,2025-05-03,13:00,MATCH_KICKOFF_TIME_TIMEZONE_NOT_STATED_BY_SOURCE,,NOT_VERIFIED_DO_NOT_INFER,Alaves,Ath Madrid,0,0,D,EVALUATION_ONLY_JOIN_AFTER_PREMATCH_FEATURE_FREEZE,3.83,3.17,2.11,EXTERNAL_HISTORICAL_MARKET_BENCHMARK,NOT_AVAILABLE,NOT_GOLDBET,6cb797812042e2069f59e2c8b3adae444e05874be50f7da6f133571bc3d2c178,1462.987032969714,1607.3301000775045,-144.3430671077906,-0.6000000000000001,-1.2,-0.19999999999999996,71.56729928330856,71,109,False
db83462cd95e71af7b9a1e96,LaLiga,2024/2025,DEVELOPMENT,2025-05-03,15:15,MATCH_KICKOFF_TIME_TIMEZONE_NOT_STATED_BY_SOURCE,,NOT_VERIFIED_DO_NOT_INFER,Villarreal,Osasuna,4,2,H,EVALUATION_ONLY_JOIN_AFTER_PREMATCH_FEATURE_FREEZE,1.42,4.81,7.14,EXTERNAL_HISTORICAL_MARKET_BENCHMARK,NOT_AVAILABLE,NOT_GOLDBET,f4198ba10bf3c55ad5d8147a4b20784847e38fbdf1c77fb3416d552b23616baf,1559.181567699943,1504.234626877507,54.94694082243586,-0.6000000000000001,-0.8,0.19999999999999996,56.6503534016274,109,109,False
e7c1f9d89d642096c1b3c72a,LaLiga,2024/2025,DEVELOPMENT,2025-05-03,17:30,MATCH_KICKOFF_TIME_TIMEZONE_NOT_STATED_BY_SOURCE,,NOT_VERIFIED_DO_NOT_INFER,Las Palmas,Valencia,2,3,A,EVALUATION_ONLY_JOIN_AFTER_PREMATCH_FEATURE_FREEZE,2.6,3.15,2.88,EXTERNAL_HISTORICAL_MARKET_BENCHMARK,NOT_AVAILABLE,NOT_GOLDBET,dbee28ab8b117b128a01c528d4ad3750eb6c956d3d7852fca63e77e96faafcef,1441.99861698265,1499.4005967756023,-57.40197979295226,-0.8000000000000003,-0.6,-0.5999999999999999,17.31328221269132,71,109,False
286ac86ca6b2d511954dd7ba,LaLiga,2024/2025,DEVELOPMENT,2025-05-03,20:00,MATCH_KICKOFF_TIME_TIMEZONE_NOT_STATED_BY_SOURCE,,NOT_VERIFIED_DO_NOT_INFER,Valladolid,Barcelona,1,2,A,EVALUATION_ONLY_JOIN_AFTER_PREMATCH_FEATURE_FREEZE,8.44,5.73,1.32,EXTERNAL_HISTORICAL_MARKET_BENCHMARK,NOT_AVAILABLE,NOT_GOLDBET,c86cf5e39c02829f1d4cd3daf9f82c1d6d6a4bbe2ecb03625239de7ab9a87d49,1350.4971610465414,1662.4186378066859,-311.9214767601445,-2.6,-3.5999999999999996,-2.4,29.729157144148076,71,109,False
776a998ba93da27792e7ccde,LaLiga,2024/2025,DEVELOPMENT,2025-05-04,13:00,MATCH_KICKOFF_TIME_TIMEZONE_NOT_STATED_BY_SOURCE,,NOT_VERIFIED_DO_NOT_INFER,Real Madrid,Celta,3,2,H,EVALUATION_ONLY_JOIN_AFTER_PREMATCH_FEATURE_FREEZE,1.36,5.66,7.25,EXTERNAL_HISTORICAL_MARKET_BENCHMARK,NOT_AVAILABLE,NOT_GOLDBET,ef4bb26c1ea047e094ee1d00759316d4c9afb9fa1e18f0bd1059c0bd23993ff6,1656.287236569994,1504.6917622806618,151.5954742893323,1.0,0.39999999999999997,0.7999999999999998,-31.06724157890835,109,109,False
18e0b1cd8bcf1263ca2c91ad,LaLiga,2024/2025,DEVELOPMENT,2025-05-04,15:15,MATCH_KICKOFF_TIME_TIMEZONE_NOT_STATED_BY_SOURCE,,NOT_VERIFIED_DO_NOT_INFER,Sevilla,Leganes,2,2,D,EVALUATION_ONLY_JOIN_AFTER_PREMATCH_FEATURE_FREEZE,1.66,3.69,5.67,EXTERNAL_HISTORICAL_MARKET_BENCHMARK,NOT_AVAILABLE,NOT_GOLDBET,657992575d2d5c4b4538d359ade0b8195b36d41e18b4dd9cd6c8a38b1327594e,1460.3719730023715,1442.6927901652946,17.67918283707695,-0.39999999999999997,-0.4,0.2,-27.50813158179085,109,33,False
a1091d624b35422e4e64f528,LaLiga,2024/2025,DEVELOPMENT,2025-05-04,17:30,MATCH_KICKOFF_TIME_TIMEZONE_NOT_STATED_BY_SOURCE,,NOT_VERIFIED_DO_NOT_INFER,Espanol,Betis,1,2,A,EVALUATION_ONLY_JOIN_AFTER_PREMATCH_FEATURE_FREEZE,3.32,3.09,2.36,EXTERNAL_HISTORICAL_MARKET_BENCHMARK,NOT_AVAILABLE,NOT_GOLDBET,0f45e02ff8dba8611eaa312b47cb789afdbf6cdcd5af2665710b07e4f8b34ba4,1492.195862015571,1560.6930459625567,-68.49718394698561,0.0,0.0,-0.19999999999999996,5.376740212341701,71,109,False
322894439296937268ea6566,LaLiga,2024/2025,DEVELOPMENT,2025-05-04,20:00,MATCH_KICKOFF_TIME_TIMEZONE_NOT_STATED_BY_SOURCE,,NOT_VERIFIED_DO_NOT_INFER,Sociedad,Ath Bilbao,0,0,D,EVALUATION_ONLY_JOIN_AFTER_PREMATCH_FEATURE_FREEZE,2.55,2.89,3.21,EXTERNAL_HISTORICAL_MARKET_BENCHMARK,NOT_AVAILABLE,NOT_GOLDBET,690150e520ab101c48b49ec43c82f83f7cb3e1893a11835a3f0c66a038144859,1486.776141321875,1591.8905701299211,-105.11442880804611,-0.20000000000000018,-0.4,0.8,-60.030339238946,109,109,False
a7537b138634987f3abb29d8,LaLiga,2024/2025,DEVELOPMENT,2025-05-05,20:00,MATCH_KICKOFF_TIME_TIMEZONE_NOT_STATED_BY_SOURCE,,NOT_VERIFIED_DO_NOT_INFER,Girona,Mallorca,1,0,H,EVALUATION_ONLY_JOIN_AFTER_PREMATCH_FEATURE_FREEZE,2.01,3.27,4.04,EXTERNAL_HISTORICAL_MARKET_BENCHMARK,NOT_AVAILABLE,NOT_GOLDBET,0438877e9382b073d0fa40fad11d89caaf55225939a92cc090989003a50b07d0,1463.1316464563292,1485.8690133590899,-22.73736690276064,-0.6000000000000001,-1.2,-0.6,-1.409222587833483,109,109,False
4326fe7e5cb1641f19f6deeb,LaLiga,2024/2025,DEVELOPMENT,2025-05-09,20:00,MATCH_KICKOFF_TIME_TIMEZONE_NOT_STATED_BY_SOURCE,,NOT_VERIFIED_DO_NOT_INFER,Las Palmas,Vallecano,0,1,A,EVALUATION_ONLY_JOIN_AFTER_PREMATCH_FEATURE_FREEZE,2.62,3.13,2.87,EXTERNAL_HISTORICAL_MARKET_BENCHMARK,NOT_AVAILABLE,NOT_GOLDBET,f68cd3fc64a440ce60d9b3405e09d5068738a18b08571cf9da9c67770007892d,1431.9238413438636,1485.7051400689497,-53.78129872508612,0.3999999999999999,1.4000000000000001,0.20000000000000007,14.37085967527787,72,110,False
0a8d028235fbd4072e65235b,LaLiga,2024/2025,DEVELOPMENT,2025-05-10,13:00,MATCH_KICKOFF_TIME_TIMEZONE_NOT_STATED_BY_SOURCE,,NOT_VERIFIED_DO_NOT_INFER,Valencia,Getafe,3,0,H,EVALUATION_ONLY_JOIN_AFTER_PREMATCH_FEATURE_FREEZE,2,3.09,4.41,EXTERNAL_HISTORICAL_MARKET_BENCHMARK,NOT_AVAILABLE,NOT_GOLDBET,4385251f28b6792733cbaab1ab4ce4fef8ef53f5c0faf334f0fcba185b7888c9,1509.4753724143886,1460.8192598027297,48.656112611658955,1.6,0.8,0.8,28.733317580388302,110,110,False
10852966e6c72cb7eab9c790,LaLiga,2024/2025,DEVELOPMENT,2025-05-10,15:15,MATCH_KICKOFF_TIME_TIMEZONE_NOT_STATED_BY_SOURCE,,NOT_VERIFIED_DO_NOT_INFER,Celta,Sevilla,3,2,H,EVALUATION_ONLY_JOIN_AFTER_PREMATCH_FEATURE_FREEZE,1.89,3.55,4.25,EXTERNAL_HISTORICAL_MARKET_BENCHMARK,NOT_AVAILABLE,NOT_GOLDBET,96c67060e0c134b810c9cb847f5ac02719da29fe4cce0e21bab8db636abe0a79,1500.1261362705766,1458.172710014626,41.95342625595049,0.7999999999999999,0.6,1.2,70.87308559755525,110,110,False
eb119e5d276039ed3c2a8533,LaLiga,2024/2025,DEVELOPMENT,2025-05-10,17:30,MATCH_KICKOFF_TIME_TIMEZONE_NOT_STATED_BY_SOURCE,,NOT_VERIFIED_DO_NOT_INFER,Girona,Villarreal,0,1,A,EVALUATION_ONLY_JOIN_AFTER_PREMATCH_FEATURE_FREEZE,2.95,3.57,2.33,EXTERNAL_HISTORICAL_MARKET_BENCHMARK,NOT_AVAILABLE,NOT_GOLDBET,ef3753114dae8d0e309ccb632e6b3af1b2aab4149ff0a9ee7333e4e72ece0e47,1472.063235050951,1565.9887792383236,-93.92554418737245,-1.2,-0.8,-0.8,-29.421356533295466,110,110,False
8f57b88fca05c22a92a0a29d,LaLiga,2024/2025,DEVELOPMENT,2025-05-10,17:30,MATCH_KICKOFF_TIME_TIMEZONE_NOT_STATED_BY_SOURCE,,NOT_VERIFIED_DO_NOT_INFER,Mallorca,Valladolid,2,1,H,EVALUATION_ONLY_JOIN_AFTER_PREMATCH_FEATURE_FREEZE,1.33,5.25,9.48,EXTERNAL_HISTORICAL_MARKET_BENCHMARK,NOT_AVAILABLE,NOT_GOLDBET,1f2bad9408a731bd0a5706d93bd8d47fe81308906a89636fd951d079b7bdf303,1476.937424764468,1346.6976732515693,130.2397515128987,0.8,2.1999999999999997,1.6,-48.53355324605468,110,72,False
a6fc4348dbe890e785f83137,LaLiga,2024/2025,DEVELOPMENT,2025-05-10,20:00,MATCH_KICKOFF_TIME_TIMEZONE_NOT_STATED_BY_SOURCE,,NOT_VERIFIED_DO_NOT_INFER,Ath Madrid,Sociedad,4,0,H,EVALUATION_ONLY_JOIN_AFTER_PREMATCH_FEATURE_FREEZE,1.79,3.52,4.86,EXTERNAL_HISTORICAL_MARKET_BENCHMARK,NOT_AVAILABLE,NOT_GOLDBET,5af0089fad6c3739908d05d8418f179ac6dfeca106014c76dc1c64f790bef4c2,1604.949100970809,1488.0673898764394,116.88171109436962,1.0,1.2,1.0,-58.22930328366192,110,110,False
256c86d76947958e525296f4,LaLiga,2024/2025,DEVELOPMENT,2025-05-11,13:00,MATCH_KICKOFF_TIME_TIMEZONE_NOT_STATED_BY_SOURCE,,NOT_VERIFIED_DO_NOT_INFER,Leganes,Espanol,3,2,H,EVALUATION_ONLY_JOIN_AFTER_PREMATCH_FEATURE_FREEZE,2.36,3.18,3.21,EXTERNAL_HISTORICAL_MARKET_BENCHMARK,NOT_AVAILABLE,NOT_GOLDBET,fff8aff4867e7ac0f37125c3aba209728e18fe9160dbbefec948c1aed7d626a3,1444.89205315304,1482.4403818789115,-37.54832872587144,-0.5999999999999999,-0.4,-0.3999999999999999,-13.426099554784741,34,72,False
d2111e7e3e6076b4b8e131e1,LaLiga,2024/2025,DEVELOPMENT,2025-05-11,15:15,MATCH_KICKOFF_TIME_TIMEZONE_NOT_STATED_BY_SOURCE,,NOT_VERIFIED_DO_NOT_INFER,Barcelona,Real Madrid,4,3,H,EVALUATION_ONLY_JOIN_AFTER_PREMATCH_FEATURE_FREEZE,1.88,4.33,3.54,EXTERNAL_HISTORICAL_MARKET_BENCHMARK,NOT_AVAILABLE,NOT_GOLDBET,6bac622d853135c67540a8eb4fe861b33652e08b09ef2a7f35e900ac14c52ddd,1666.218125601658,1660.8528625800793,5.365263021578585,0.20000000000000018,0.20000000000000007,0.6000000000000001,-33.387179817190145,110,110,False
8e8d3c32dd9263ae168073aa,LaLiga,2024/2025,DEVELOPMENT,2025-05-11,17:30,MATCH_KICKOFF_TIME_TIMEZONE_NOT_STATED_BY_SOURCE,,NOT_VERIFIED_DO_NOT_INFER,Ath Bilbao,Alaves,1,0,H,EVALUATION_ONLY_JOIN_AFTER_PREMATCH_FEATURE_FREEZE,2.09,2.84,4.58,EXTERNAL_HISTORICAL_MARKET_BENCHMARK,NOT_AVAILABLE,NOT_GOLDBET,45e47b5b5173ee677025187099fccf15100d8daec48195ab69e595bc271978b4,1590.5993215753567,1465.3680320764095,125.23128949894726,0.0,0.2,0.8000000000000003,-16.211811935341757,110,72,False
e9e8a8c8b7dd43de987936c5,LaLiga,2024/2025,DEVELOPMENT,2025-05-11,20:00,MATCH_KICKOFF_TIME_TIMEZONE_NOT_STATED_BY_SOURCE,,NOT_VERIFIED_DO_NOT_INFER,Betis,Osasuna,1,1,D,EVALUATION_ONLY_JOIN_AFTER_PREMATCH_FEATURE_FREEZE,1.64,4.03,5.25,EXTERNAL_HISTORICAL_MARKET_BENCHMARK,NOT_AVAILABLE,NOT_GOLDBET,5afa8a1cb127a2ddf293c8dbea016adbe25ecbcc94598622c11bdb17064b659f,1570.448526099216,1497.4274153391264,73.02111076008964,0.0,1.0,1.4,41.429119342406466,110,110,False
6eac37c32f94f71b3563395b,LaLiga,2024/2025,DEVELOPMENT,2025-05-13,18:00,MATCH_KICKOFF_TIME_TIMEZONE_NOT_STATED_BY_SOURCE,,NOT_VERIFIED_DO_NOT_INFER,Valladolid,Girona,0,1,A,EVALUATION_ONLY_JOIN_AFTER_PREMATCH_FEATURE_FREEZE,4.71,3.94,1.72,EXTERNAL_HISTORICAL_MARKET_BENCHMARK,NOT_AVAILABLE,NOT_GOLDBET,fd9d52d8790fd4a3335023efc0ba37ecd64844af4228792c6989424c3d48391a,1341.684520809495,1463.03659910559,-121.35207829609499,-0.8,-1.2000000000000002,-0.2,54.78999734451577,73,111,False
0768baa2e863d623a71e81e6,LaLiga,2024/2025,DEVELOPMENT,2025-05-13,19:00,MATCH_KICKOFF_TIME_TIMEZONE_NOT_STATED_BY_SOURCE,,NOT_VERIFIED_DO_NOT_INFER,Sociedad,Celta,0,1,A,EVALUATION_ONLY_JOIN_AFTER_PREMATCH_FEATURE_FREEZE,2.29,3.31,3.22,EXTERNAL_HISTORICAL_MARKET_BENCHMARK,NOT_AVAILABLE,NOT_GOLDBET,b9b8d41590320fdb9519f278e9e9f1f88889ca9875e0bd7447ff6b46312598f8,1482.759877138572,1507.2731062331688,-24.51322909459691,-0.7999999999999999,-1.4,0.0,-21.938230208289497,111,111,False
c2b821dd916255c665e5f5e0,LaLiga,2024/2025,DEVELOPMENT,2025-05-13,20:30,MATCH_KICKOFF_TIME_TIMEZONE_NOT_STATED_BY_SOURCE,,NOT_VERIFIED_DO_NOT_INFER,Sevilla,Las Palmas,1,0,H,EVALUATION_ONLY_JOIN_AFTER_PREMATCH_FEATURE_FREEZE,1.69,3.79,5.21,EXTERNAL_HISTORICAL_MARKET_BENCHMARK,NOT_AVAILABLE,NOT_GOLDBET,63f5f8628bbbd7aad39c11330163437767f8dabcf3f9abb4ccb01d1c57748a91,1451.0257400520338,1421.7448718448945,29.280868207139292,-0.7999999999999999,-0.6,-0.4,-60.48084834430665,111,73,False
0303be4c368453bba3208b8f,LaLiga,2024/2025,DEVELOPMENT,2025-05-14,18:00,MATCH_KICKOFF_TIME_TIMEZONE_NOT_STATED_BY_SOURCE,,NOT_VERIFIED_DO_NOT_INFER,Alaves,Valencia,1,0,H,EVALUATION_ONLY_JOIN_AFTER_PREMATCH_FEATURE_FREEZE,2.32,2.86,3.78,EXTERNAL_HISTORICAL_MARKET_BENCHMARK,NOT_AVAILABLE,NOT_GOLDBET,22d94affb8a47dc0b6d7fcbe8ed02a7503530087e08efc2d9a4b82b27a7b07d7,1460.2457973264477,1516.4461185275711,-56.200321201123415,-1.2000000000000002,-1.2,-0.40000000000000013,87.56447557905199,73,111,False
d6f704369e91f235d19456f5,LaLiga,2024/2025,DEVELOPMENT,2025-05-14,18:00,MATCH_KICKOFF_TIME_TIMEZONE_NOT_STATED_BY_SOURCE,,NOT_VERIFIED_DO_NOT_INFER,Villarreal,Leganes,3,0,H,EVALUATION_ONLY_JOIN_AFTER_PREMATCH_FEATURE_FREEZE,1.3,5.82,9.26,EXTERNAL_HISTORICAL_MARKET_BENCHMARK,NOT_AVAILABLE,NOT_GOLDBET,9c39def075a7601d1fd2dc66ea44e115b7e6ade10f69aa9bc2c654ca3353172c,1575.0154151836846,1454.246740109696,120.76867507398856,0.8,0.2,1.2000000000000002,-16.61552881233183,111,35,False
52d8897f3e249d80c246f23f,LaLiga,2024/2025,DEVELOPMENT,2025-05-14,20:30,MATCH_KICKOFF_TIME_TIMEZONE_NOT_STATED_BY_SOURCE,,NOT_VERIFIED_DO_NOT_INFER,Real Madrid,Mallorca,2,1,H,EVALUATION_ONLY_JOIN_AFTER_PREMATCH_FEATURE_FREEZE,1.42,4.9,7.07,EXTERNAL_HISTORICAL_MARKET_BENCHMARK,NOT_AVAILABLE,NOT_GOLDBET,9b8bb36c252c1b048ca601a814a2d17fdfa621ae4bcd034ae847c8ad9d094bfa,1652.7123387805061,1481.9505772065422,170.7617615739639,1.0,0.39999999999999997,1.5999999999999999,56.9806797347328,111,111,False
5fae3925cc0326e3db546917,LaLiga,2024/2025,DEVELOPMENT,2025-05-15,18:00,MATCH_KICKOFF_TIME_TIMEZONE_NOT_STATED_BY_SOURCE,,NOT_VERIFIED_DO_NOT_INFER,Osasuna,Ath Madrid,2,0,H,EVALUATION_ONLY_JOIN_AFTER_PREMATCH_FEATURE_FREEZE,3.6,3.38,2.12,EXTERNAL_HISTORICAL_MARKET_BENCHMARK,NOT_AVAILABLE,NOT_GOLDBET,21f392f1ef8cb2b70cc24beb7be22ad0b7a3d2a36f95b696246d9a42261faab8,1501.0793496412932,1610.2566137086765,-109.17726406738325,0.0,-1.4000000000000001,0.6000000000000001,41.38658851006289,111,111,False
72396fcd98d8d5d4ef11d0a7,LaLiga,2024/2025,DEVELOPMENT,2025-05-15,18:00,MATCH_KICKOFF_TIME_TIMEZONE_NOT_STATED_BY_SOURCE,,NOT_VERIFIED_DO_NOT_INFER,Vallecano,Betis,2,2,D,EVALUATION_ONLY_JOIN_AFTER_PREMATCH_FEATURE_FREEZE,3.21,3.31,2.3,EXTERNAL_HISTORICAL_MARKET_BENCHMARK,NOT_AVAILABLE,NOT_GOLDBET,e587a81809c5b85e7b221e77b152284cdbc7678638c0f4bd50c79c6c05834e69,1495.8841095679188,1566.7965917970491,-70.91248222913032,-0.6000000000000001,-1.7999999999999998,-1.4000000000000001,44.315683667222174,111,111,False
63960a5035f6c87ab4103948,LaLiga,2024/2025,DEVELOPMENT,2025-05-15,20:30,MATCH_KICKOFF_TIME_TIMEZONE_NOT_STATED_BY_SOURCE,,NOT_VERIFIED_DO_NOT_INFER,Espanol,Barcelona,0,2,A,EVALUATION_ONLY_JOIN_AFTER_PREMATCH_FEATURE_FREEZE,7.59,5.69,1.34,EXTERNAL_HISTORICAL_MARKET_BENCHMARK,NOT_AVAILABLE,NOT_GOLDBET,fdd5ffd38d4c3bed823ba551fb6deeee40aa8e6ca5843376b2887120a0034ca3,1473.0856949222555,1674.358649401231,-201.27295447897563,-2.2,-1.4,-1.8,19.12765956122098,73,111,False
8c9381cd7030b8d85ba003f2,LaLiga,2024/2025,DEVELOPMENT,2025-05-15,20:30,MATCH_KICKOFF_TIME_TIMEZONE_NOT_STATED_BY_SOURCE,,NOT_VERIFIED_DO_NOT_INFER,Getafe,Ath Bilbao,0,2,A,EVALUATION_ONLY_JOIN_AFTER_PREMATCH_FEATURE_FREEZE,3.21,2.56,2.88,EXTERNAL_HISTORICAL_MARKET_BENCHMARK,NOT_AVAILABLE,NOT_GOLDBET,9de1dcc5db08b009826a1d73b42e6b9aa57c90a6abac31f7b9ff55e31366f740,1453.8485136895472,1595.7215563253185,-141.8730426357713,-2.0,-2.2,-0.4,2.796992144126534,111,111,False
a97a4d0e15adefe8baa786be,LaLiga,2024/2025,DEVELOPMENT,2025-05-18,18:00,MATCH_KICKOFF_TIME_TIMEZONE_NOT_STATED_BY_SOURCE,,NOT_VERIFIED_DO_NOT_INFER,Ath Madrid,Betis,4,1,H,EVALUATION_ONLY_JOIN_AFTER_PREMATCH_FEATURE_FREEZE,1.53,4.37,5.91,EXTERNAL_HISTORICAL_MARKET_BENCHMARK,NOT_AVAILABLE,NOT_GOLDBET,e8da7b5ac24ecfb70e4aaa5b36cab9827db7e891269218b79d049b16639b3f21,1598.8505556765222,1566.4826085523978,32.367947124124385,-0.8000000000000003,-0.5999999999999999,0.19999999999999973,11.47880173809267,112,112,False
7d7aa709b5b4cbc31a048e97,LaLiga,2024/2025,DEVELOPMENT,2025-05-18,18:00,MATCH_KICKOFF_TIME_TIMEZONE_NOT_STATED_BY_SOURCE,,NOT_VERIFIED_DO_NOT_INFER,Barcelona,Villarreal,2,3,A,EVALUATION_ONLY_JOIN_AFTER_PREMATCH_FEATURE_FREEZE,1.71,4.47,4.14,EXTERNAL_HISTORICAL_MARKET_BENCHMARK,NOT_AVAILABLE,NOT_GOLDBET,0574ea7bbdd8af2bc57968fefdacf6d9175959da252e8af926e9952ec46bced2,1680.5026913642494,1580.236145735781,100.2665456284683,0.6000000000000001,0.3999999999999999,0.8,9.891368012045405,112,112,False
aa978267f76a02c6a2367fbc,LaLiga,2024/2025,DEVELOPMENT,2025-05-18,18:00,MATCH_KICKOFF_TIME_TIMEZONE_NOT_STATED_BY_SOURCE,,NOT_VERIFIED_DO_NOT_INFER,Celta,Vallecano,1,2,A,EVALUATION_ONLY_JOIN_AFTER_PREMATCH_FEATURE_FREEZE,1.91,3.5,4.18,EXTERNAL_HISTORICAL_MARKET_BENCHMARK,NOT_AVAILABLE,NOT_GOLDBET,8babbc4f9095387b879ab3f8363a885b371d02fd0ea24866b8edd97d8a5d85fa,1518.2909605080874,1496.1980928125702,22.09286769551727,0.19999999999999996,0.8,0.8,48.769150672793785,112,112,False
c864c1c5c937bd755d83c1d8,LaLiga,2024/2025,DEVELOPMENT,2025-05-18,18:00,MATCH_KICKOFF_TIME_TIMEZONE_NOT_STATED_BY_SOURCE,,NOT_VERIFIED_DO_NOT_INFER,Las Palmas,Leganes,0,1,A,EVALUATION_ONLY_JOIN_AFTER_PREMATCH_FEATURE_FREEZE,3.24,3.42,2.22,EXTERNAL_HISTORICAL_MARKET_BENCHMARK,NOT_AVAILABLE,NOT_GOLDBET,4aaf8cf2ed351c5f91a700119f7ddefed90898e5b60520967689da2bd8278ff0,1414.2594741141625,1449.0260095575995,-34.76653544343708,-0.6,-0.19999999999999996,0.4,33.1351996814999,74,36,False
1f53c38393ea49f3a5210680,LaLiga,2024/2025,DEVELOPMENT,2025-05-18,18:00,MATCH_KICKOFF_TIME_TIMEZONE_NOT_STATED_BY_SOURCE,,NOT_VERIFIED_DO_NOT_INFER,Mallorca,Getafe,1,2,A,EVALUATION_ONLY_JOIN_AFTER_PREMATCH_FEATURE_FREEZE,2.5,2.82,3.42,EXTERNAL_HISTORICAL_MARKET_BENCHMARK,NOT_AVAILABLE,NOT_GOLDBET,f374132c6b6799705b56df93f28e5c42b8d522b8f8f8482a018ddfd0f4476bc2,1477.761999826395,1446.162337574427,31.599662251967857,0.8,1.2000000000000002,0.40000000000000013,-31.97995467321266,112,112,False
3dcd690ab30f56860627e42a,LaLiga,2024/2025,DEVELOPMENT,2025-05-18,18:00,MATCH_KICKOFF_TIME_TIMEZONE_NOT_STATED_BY_SOURCE,,NOT_VERIFIED_DO_NOT_INFER,Osasuna,Espanol,2,0,H,EVALUATION_ONLY_JOIN_AFTER_PREMATCH_FEATURE_FREEZE,1.98,3.38,4.07,EXTERNAL_HISTORICAL_MARKET_BENCHMARK,NOT_AVAILABLE,NOT_GOLDBET,056519978ff631ed4130ec0aff41b5112d4c7cd5e52ff2da60181b4fb3906010,1512.4854076734475,1466.9416529592372,45.54375471421031,1.8,1.4,0.6000000000000001,-32.705178929099475,112,74,False
420a6ddb8f178861dccc8ca8,LaLiga,2024/2025,DEVELOPMENT,2025-05-18,18:00,MATCH_KICKOFF_TIME_TIMEZONE_NOT_STATED_BY_SOURCE,,NOT_VERIFIED_DO_NOT_INFER,Sevilla,Real Madrid,0,2,A,EVALUATION_ONLY_JOIN_AFTER_PREMATCH_FEATURE_FREEZE,3.15,3.7,2.17,EXTERNAL_HISTORICAL_MARKET_BENCHMARK,NOT_AVAILABLE,NOT_GOLDBET,7314760ee4443083c261f54a38e34aa0556f5c34561051ad731ff5a36ffc0f46,1458.511137782766,1656.9009161606534,-198.38977837788752,-1.4,-0.8,-0.8,-82.01602735370057,112,112,False
8b94f06423befae0922b21e1,LaLiga,2024/2025,DEVELOPMENT,2025-05-18,18:00,MATCH_KICKOFF_TIME_TIMEZONE_NOT_STATED_BY_SOURCE,,NOT_VERIFIED_DO_NOT_INFER,Sociedad,Girona,3,2,H,EVALUATION_ONLY_JOIN_AFTER_PREMATCH_FEATURE_FREEZE,1.73,3.73,4.93,EXTERNAL_HISTORICAL_MARKET_BENCHMARK,NOT_AVAILABLE,NOT_GOLDBET,b34c9e96691ec96d91f7db922a6221496b573b2a515e838f02bd7eaaad117ef7,1471.7420228636533,1471.2888728096354,0.45315005401789676,-0.9999999999999999,-1.0,-0.19999999999999996,67.76811601603072,112,112,False
09f5f568da37cce89cb48923,LaLiga,2024/2025,DEVELOPMENT,2025-05-18,18:00,MATCH_KICKOFF_TIME_TIMEZONE_NOT_STATED_BY_SOURCE,,NOT_VERIFIED_DO_NOT_INFER,Valencia,Ath Bilbao,0,1,A,EVALUATION_ONLY_JOIN_AFTER_PREMATCH_FEATURE_FREEZE,2.55,2.94,3.16,EXTERNAL_HISTORICAL_MARKET_BENCHMARK,NOT_AVAILABLE,NOT_GOLDBET,032e08cd37cdf48c0efde5a5dd42b43f5ca2e2c22e4d5a4132f5884fd431aac8,1506.555477714685,1603.4077324404386,-96.85225472575371,-0.3999999999999999,0.0,1.0,-30.1581958678471,112,112,False
589be101eeb6394570b781ce,LaLiga,2024/2025,DEVELOPMENT,2025-05-18,18:00,MATCH_KICKOFF_TIME_TIMEZONE_NOT_STATED_BY_SOURCE,,NOT_VERIFIED_DO_NOT_INFER,Valladolid,Alaves,0,1,A,EVALUATION_ONLY_JOIN_AFTER_PREMATCH_FEATURE_FREEZE,5.74,3.74,1.65,EXTERNAL_HISTORICAL_MARKET_BENCHMARK,NOT_AVAILABLE,NOT_GOLDBET,02625f15b6eb665724909bb4c27898f12f6327c99685e9089076fdf5cdd1d396,1333.4322471054497,1470.136438139334,-136.70419103388417,-1.6,-1.8,-1.2,-6.530365466263447,74,74,False
c86b6aabb9b3966664935de2,LaLiga,2024/2025,DEVELOPMENT,2025-05-23,20:00,MATCH_KICKOFF_TIME_TIMEZONE_NOT_STATED_BY_SOURCE,,NOT_VERIFIED_DO_NOT_INFER,Betis,Valencia,1,1,D,EVALUATION_ONLY_JOIN_AFTER_PREMATCH_FEATURE_FREEZE,1.93,3.89,3.68,EXTERNAL_HISTORICAL_MARKET_BENCHMARK,NOT_AVAILABLE,NOT_GOLDBET,a3f4c6ea933eafe6d121b0eb5cb023a475a3117bc5123507c785246eacf1b368,1559.0802579650665,1497.6122108429288,61.468047122137705,0.20000000000000018,0.0,0.3999999999999999,-5.046709746754232,113,113,False
52d8c2a44a60287539428837,LaLiga,2024/2025,DEVELOPMENT,2025-05-24,15:15,MATCH_KICKOFF_TIME_TIMEZONE_NOT_STATED_BY_SOURCE,,NOT_VERIFIED_DO_NOT_INFER,Real Madrid,Sociedad,2,0,H,EVALUATION_ONLY_JOIN_AFTER_PREMATCH_FEATURE_FREEZE,1.36,5.56,7.29,EXTERNAL_HISTORICAL_MARKET_BENCHMARK,NOT_AVAILABLE,NOT_GOLDBET,25bccd9c154474053fc9ceacdfa44047320752ee39eb3eeaef0ebd9aa71d1e1a,1663.115829278029,1480.0193907835983,183.09643849443069,1.5999999999999999,1.8,1.4,-8.361758747112845,113,113,False
1b2dd0a805af01d9728cd3fc,LaLiga,2024/2025,DEVELOPMENT,2025-05-24,17:30,MATCH_KICKOFF_TIME_TIMEZONE_NOT_STATED_BY_SOURCE,,NOT_VERIFIED_DO_NOT_INFER,Espanol,Las Palmas,2,0,H,EVALUATION_ONLY_JOIN_AFTER_PREMATCH_FEATURE_FREEZE,1.38,5.08,8.23,EXTERNAL_HISTORICAL_MARKET_BENCHMARK,NOT_AVAILABLE,NOT_GOLDBET,5a5d2cc74f5728422ffb896ca99444772bc1c596bb91825e26a102fc4b265e3a,1459.8893270689616,1403.5344709209817,56.354856147979945,0.0,-0.3999999999999999,0.19999999999999996,54.50226407963282,75,75,False
2e76d7127e5e7ab64e24bbff,LaLiga,2024/2025,DEVELOPMENT,2025-05-24,17:30,MATCH_KICKOFF_TIME_TIMEZONE_NOT_STATED_BY_SOURCE,,NOT_VERIFIED_DO_NOT_INFER,Leganes,Valladolid,3,0,H,EVALUATION_ONLY_JOIN_AFTER_PREMATCH_FEATURE_FREEZE,1.33,5.45,8.78,EXTERNAL_HISTORICAL_MARKET_BENCHMARK,NOT_AVAILABLE,NOT_GOLDBET,b0c9ce6b8f65f72b890362bd7e82014f545ea5e1a57dba94b63219b137ca122d,1459.7510127507803,1325.6047884677826,134.14622428299776,1.6,1.4000000000000001,1.0,-47.11957286469078,37,75,False
907a02c6e7be949d7b802c55,LaLiga,2024/2025,DEVELOPMENT,2025-05-24,20:00,MATCH_KICKOFF_TIME_TIMEZONE_NOT_STATED_BY_SOURCE,,NOT_VERIFIED_DO_NOT_INFER,Alaves,Osasuna,1,1,D,EVALUATION_ONLY_JOIN_AFTER_PREMATCH_FEATURE_FREEZE,3.23,3.18,2.36,EXTERNAL_HISTORICAL_MARKET_BENCHMARK,NOT_AVAILABLE,NOT_GOLDBET,262f363516c5cb0888e19f375df73aac62b7fc1affdc43c8ce81f75ba51286dd,1477.963896777001,1519.5377335637231,-41.57383678672204,0.0,-0.19999999999999996,0.19999999999999996,-26.12151004653174,75,113,False
3065f6f2e8bf307d532b3260,LaLiga,2024/2025,DEVELOPMENT,2025-05-24,20:00,MATCH_KICKOFF_TIME_TIMEZONE_NOT_STATED_BY_SOURCE,,NOT_VERIFIED_DO_NOT_INFER,Getafe,Celta,1,2,A,EVALUATION_ONLY_JOIN_AFTER_PREMATCH_FEATURE_FREEZE,4.82,3.76,1.74,EXTERNAL_HISTORICAL_MARKET_BENCHMARK,NOT_AVAILABLE,NOT_GOLDBET,a06ec0381afafe89012f7461227d1a1c17978d36afdceffa120c0d72ed2a0286,1458.7393542909774,1505.9711491644084,-47.231794873431,-1.2000000000000002,-1.7999999999999998,-1.2000000000000002,10.817018970061326,113,113,False
71f7ca26f1f8b0700dd10115,LaLiga,2024/2025,DEVELOPMENT,2025-05-24,20:00,MATCH_KICKOFF_TIME_TIMEZONE_NOT_STATED_BY_SOURCE,,NOT_VERIFIED_DO_NOT_INFER,Vallecano,Mallorca,0,0,D,EVALUATION_ONLY_JOIN_AFTER_PREMATCH_FEATURE_FREEZE,1.47,4.29,7.27,EXTERNAL_HISTORICAL_MARKET_BENCHMARK,NOT_AVAILABLE,NOT_GOLDBET,3c31fa36388ee430e5dd401226df9fa069379bd451d52e92885e543b7751dc52,1508.5179041562492,1465.1849831098446,43.332921046404635,1.4,0.6,0.6,4.213409646670016,113,113,False
0feebc24dbf0ff0b272c84a7,LaLiga,2024/2025,DEVELOPMENT,2025-05-25,13:00,MATCH_KICKOFF_TIME_TIMEZONE_NOT_STATED_BY_SOURCE,,NOT_VERIFIED_DO_NOT_INFER,Girona,Ath Madrid,0,4,A,EVALUATION_ONLY_JOIN_AFTER_PREMATCH_FEATURE_FREEZE,3.24,3.54,2.19,EXTERNAL_HISTORICAL_MARKET_BENCHMARK,NOT_AVAILABLE,NOT_GOLDBET,960d109443febf52c95eb8652c47d5203b95fb74db4599bfe4527f0376c25b49,1463.0115048896905,1606.2529062638534,-143.24140137416293,-0.6000000000000001,-1.6,-0.19999999999999996,-38.47071629222228,113,113,False
1230330ec453d1dbe406bdce,LaLiga,2024/2025,DEVELOPMENT,2025-05-25,15:15,MATCH_KICKOFF_TIME_TIMEZONE_NOT_STATED_BY_SOURCE,,NOT_VERIFIED_DO_NOT_INFER,Villarreal,Sevilla,4,2,H,EVALUATION_ONLY_JOIN_AFTER_PREMATCH_FEATURE_FREEZE,1.76,4.11,4.23,EXTERNAL_HISTORICAL_MARKET_BENCHMARK,NOT_AVAILABLE,NOT_GOLDBET,7fdd453b3b354c804f8a278f34047da959c8acb238c763ba0fbfd5dde83dce3f,1594.5474486389683,1452.2962246653904,142.2512239735779,2.2,2.2,1.6,18.378106109795453,113,113,False
cf5cd860491a204b7346198b,LaLiga,2024/2025,DEVELOPMENT,2025-05-25,20:00,MATCH_KICKOFF_TIME_TIMEZONE_NOT_STATED_BY_SOURCE,,NOT_VERIFIED_DO_NOT_INFER,Ath Bilbao,Barcelona,0,3,A,EVALUATION_ONLY_JOIN_AFTER_PREMATCH_FEATURE_FREEZE,3.21,3.88,2.08,EXTERNAL_HISTORICAL_MARKET_BENCHMARK,NOT_AVAILABLE,NOT_GOLDBET,b893105388ad3b566e9daf5f5f8d858a2dece57ba841cc6bf1260c389ce9d387,1612.3509993121947,1666.1913884610622,-53.840389148867416,0.20000000000000018,0.19999999999999996,-0.7999999999999998,-39.087068872056534,113,113,False
c49dcfd8310f23394d41594c,LaLiga,2025/2026,HOLDOUT,2025-08-15,18:00,MATCH_KICKOFF_TIME_TIMEZONE_NOT_STATED_BY_SOURCE,,NOT_VERIFIED_DO_NOT_INFER,Girona,Vallecano,1,3,A,EVALUATION_ONLY_JOIN_AFTER_PREMATCH_FEATURE_FREEZE,2.39,3.15,3.09,EXTERNAL_HISTORICAL_MARKET_BENCHMARK,NOT_AVAILABLE,NOT_GOLDBET,7fcfadc9abc30b7af11a6b57bb58f77c78fc554cf01761ed2f5bba6e7ded3012,1477.681285306432,1502.81422121613,-25.132935909697835,-1.0000000000000002,-1.4,-1.2000000000000002,4.095241880522963,114,114,False
3d63f5bf594a1f468dd0a7ad,LaLiga,2025/2026,HOLDOUT,2025-08-15,20:30,MATCH_KICKOFF_TIME_TIMEZONE_NOT_STATED_BY_SOURCE,,NOT_VERIFIED_DO_NOT_INFER,Villarreal,Oviedo,2,0,H,EVALUATION_ONLY_JOIN_AFTER_PREMATCH_FEATURE_FREEZE,1.39,4.7,8.02,EXTERNAL_HISTORICAL_MARKET_BENCHMARK,NOT_AVAILABLE,NOT_GOLDBET,664916d99554407cc58625b61b05fbcb3cd40d21fe22600ef36a4b22af139c65,1549.6526803173097,1500.0,49.65268031730966,,,,,114,0,False
2dd594cd1da1b0985ab345d7,LaLiga,2025/2026,HOLDOUT,2025-08-16,18:30,MATCH_KICKOFF_TIME_TIMEZONE_NOT_STATED_BY_SOURCE,,NOT_VERIFIED_DO_NOT_INFER,Mallorca,Barcelona,0,3,A,EVALUATION_ONLY_JOIN_AFTER_PREMATCH_FEATURE_FREEZE,8.7,5.79,1.56,EXTERNAL_HISTORICAL_MARKET_BENCHMARK,NOT_AVAILABLE,NOT_GOLDBET,dd3c1d4f7e5cd9d949695b69607caa11e1851a1a7b6792deed772cfd037c78f1,1484.0372224169168,1588.1843288702576,-104.14710645334071,-1.5999999999999999,-1.6,-1.6,-51.960192675554254,114,114,False
00391851980021bae7db87f2,LaLiga,2025/2026,HOLDOUT,2025-08-16,20:30,MATCH_KICKOFF_TIME_TIMEZONE_NOT_STATED_BY_SOURCE,,NOT_VERIFIED_DO_NOT_INFER,Alaves,Levante,2,1,H,EVALUATION_ONLY_JOIN_AFTER_PREMATCH_FEATURE_FREEZE,2.08,3.08,3.92,EXTERNAL_HISTORICAL_MARKET_BENCHMARK,NOT_AVAILABLE,NOT_GOLDBET,422db0e0a110487ecb7460a00d6ccd4e625f986b3b6541e0bca7bb46dbab5532,1488.717022921377,1500.0,-11.282977078622935,,,,,76,0,False
6f587e03f312f71534be873d,LaLiga,2025/2026,HOLDOUT,2025-08-16,20:30,MATCH_KICKOFF_TIME_TIMEZONE_NOT_STATED_BY_SOURCE,,NOT_VERIFIED_DO_NOT_INFER,Valencia,Sociedad,1,1,D,EVALUATION_ONLY_JOIN_AFTER_PREMATCH_FEATURE_FREEZE,2.43,3,3.18,EXTERNAL_HISTORICAL_MARKET_BENCHMARK,NOT_AVAILABLE,NOT_GOLDBET,0efde3ed9c36f023d9dfb970a42ccedd956e94149d6ac6f9a2623ba06f09d9c7,1500.4862674974252,1488.0305432438208,12.45572425360433,0.5999999999999999,1.6,1.2,-62.5931629808465,114,114,False
a801fec82128774fdc702820,LaLiga,2025/2026,HOLDOUT,2025-08-17,16:00,MATCH_KICKOFF_TIME_TIMEZONE_NOT_STATED_BY_SOURCE,,NOT_VERIFIED_DO_NOT_INFER,Celta,Getafe,0,2,A,EVALUATION_ONLY_JOIN_AFTER_PREMATCH_FEATURE_FREEZE,1.67,3.48,5.81,EXTERNAL_HISTORICAL_MARKET_BENCHMARK,NOT_AVAILABLE,NOT_GOLDBET,a4f80a7c2d039ee85c233234b8e8dbc12e9fde1e1a6d1059192a3baae392bc9d,1508.1692411483668,1474.186010579326,33.98323056904087,1.2000000000000002,1.4,0.19999999999999996,-2.886510080498738,114,114,False
d3bd32ed3967836aa77d5a86,LaLiga,2025/2026,HOLDOUT,2025-08-17,18:30,MATCH_KICKOFF_TIME_TIMEZONE_NOT_STATED_BY_SOURCE,,NOT_VERIFIED_DO_NOT_INFER,Ath Bilbao,Sevilla,3,2,H,EVALUATION_ONLY_JOIN_AFTER_PREMATCH_FEATURE_FREEZE,1.56,3.8,6.43,EXTERNAL_HISTORICAL_MARKET_BENCHMARK,NOT_AVAILABLE,NOT_GOLDBET,a6b8f37eecf56fc76625a4cd5370f8e18e32c7d11ca580492e7628b98351c040,1551.086865016371,1473.7691563348694,77.31770868150147,1.2,1.0,2.0,-7.454521963361913,114,114,False
8ecf5a3af3f7c5af42423d79,LaLiga,2025/2026,HOLDOUT,2025-08-17,20:30,MATCH_KICKOFF_TIME_TIMEZONE_NOT_STATED_BY_SOURCE,,NOT_VERIFIED_DO_NOT_INFER,Espanol,Ath Madrid,2,1,H,EVALUATION_ONLY_JOIN_AFTER_PREMATCH_FEATURE_FREEZE,5.7,3.86,1.6,EXTERNAL_HISTORICAL_MARKET_BENCHMARK,NOT_AVAILABLE,NOT_GOLDBET,8b059a665a03d4020a6c8ca4995450080f8d658a2e0687bacd054189149a8f46,1483.3300968244844,1556.9509202703398,-73.62082344585542,-1.4,-2.6,0.0,22.86714823634452,76,114,False
51c6b7ef1895f8d4733b307a,LaLiga,2025/2026,HOLDOUT,2025-08-18,20:00,MATCH_KICKOFF_TIME_TIMEZONE_NOT_STATED_BY_SOURCE,,NOT_VERIFIED_DO_NOT_INFER,Elche,Betis,1,1,D,EVALUATION_ONLY_JOIN_AFTER_PREMATCH_FEATURE_FREEZE,3.2,3.19,2.3,EXTERNAL_HISTORICAL_MARKET_BENCHMARK,NOT_AVAILABLE,NOT_GOLDBET,6a534220b702424f1cd3fb64a811c389d8128582e52d092ea2db817e4985b2b9,1488.3070147384892,1527.8599669065725,-39.552952168083266,0.6000000000000001,0.8,0.0,-9.608272954681524,38,114,False
20ae85ecd186acc8b0dd793f,LaLiga,2025/2026,HOLDOUT,2025-08-19,20:00,MATCH_KICKOFF_TIME_TIMEZONE_NOT_STATED_BY_SOURCE,,NOT_VERIFIED_DO_NOT_INFER,Real Madrid,Osasuna,1,0,H,EVALUATION_ONLY_JOIN_AFTER_PREMATCH_FEATURE_FREEZE,1.21,6.67,12.34,EXTERNAL_HISTORICAL_MARKET_BENCHMARK,NOT_AVAILABLE,NOT_GOLDBET,342c7e2ce81913137757b4a9cdad55304e279911a675be6bf6c4d7e219ad76b4,1583.537066786993,1510.033792248985,73.50327453800787,0.7999999999999998,0.6,1.2,-18.680252717769463,114,114,False
c803fc1493087e93f50f8de3,LaLiga,2025/2026,HOLDOUT,2025-08-22,20:30,MATCH_KICKOFF_TIME_TIMEZONE_NOT_STATED_BY_SOURCE,,NOT_VERIFIED_DO_NOT_INFER,Betis,Alaves,1,0,H,EVALUATION_ONLY_JOIN_AFTER_PREMATCH_FEATURE_FREEZE,1.84,3.4,4.47,EXTERNAL_HISTORICAL_MARKET_BENCHMARK,NOT_AVAILABLE,NOT_GOLDBET,1eb1a8dc272026facdaed81d0a75e07c00fc834fd224ffe0a9c8a265de1c6d4c,1528.4478017560602,1497.3239522164135,31.1238495396467,-1.2,-1.0,0.0,23.613177078576882,115,77,False
b9e41174148b0a63093d4608,LaLiga,2025/2026,HOLDOUT,2025-08-23,16:00,MATCH_KICKOFF_TIME_TIMEZONE_NOT_STATED_BY_SOURCE,,NOT_VERIFIED_DO_NOT_INFER,Mallorca,Celta,1,1,D,EVALUATION_ONLY_JOIN_AFTER_PREMATCH_FEATURE_FREEZE,3.13,3.21,2.35,EXTERNAL_HISTORICAL_MARKET_BENCHMARK,NOT_AVAILABLE,NOT_GOLDBET,6148457cf8a6de7473054fa2f36d0fc2af511b2e8d382a2aa97489629539d07a,1475.3010836331723,1495.528289899735,-20.22720626656269,-1.0,-0.8,-1.0,34.443707559387576,115,115,False
6e89ce5b2d1d0c72103eb7a3,LaLiga,2025/2026,HOLDOUT,2025-08-23,18:30,MATCH_KICKOFF_TIME_TIMEZONE_NOT_STATED_BY_SOURCE,,NOT_VERIFIED_DO_NOT_INFER,Ath Madrid,Elche,1,1,D,EVALUATION_ONLY_JOIN_AFTER_PREMATCH_FEATURE_FREEZE,1.26,5.67,11.58,EXTERNAL_HISTORICAL_MARKET_BENCHMARK,NOT_AVAILABLE,NOT_GOLDBET,ab7cc9fdd61d1a48f19c6fede9f001fe0beb1584d7ce69948d49ab497d6aebac,1546.5590821814549,1487.7191798890015,58.83990229245342,0.40000000000000013,1.4000000000000001,1.5999999999999999,9.906516857278348,115,39,False
dd87d242e7be4bf0d0341da9,LaLiga,2025/2026,HOLDOUT,2025-08-23,20:30,MATCH_KICKOFF_TIME_TIMEZONE_NOT_STATED_BY_SOURCE,,NOT_VERIFIED_DO_NOT_INFER,Levante,Barcelona,2,3,A,EVALUATION_ONLY_JOIN_AFTER_PREMATCH_FEATURE_FREEZE,11.5,6.95,1.21,EXTERNAL_HISTORICAL_MARKET_BENCHMARK,NOT_AVAILABLE,NOT_GOLDBET,c358e8f5325e024643aae18159f4c21366e2a0bb89a07273d77ef86dd2cc4922,1491.3930707049635,1596.920467654002,-105.52739694903858,-2.4,-2.6,,-73.39556207206851,1,115,False
e6d49b507d3edbb2c0b0cae0,LaLiga,2025/2026,HOLDOUT,2025-08-24,16:00,MATCH_KICKOFF_TIME_TIMEZONE_NOT_STATED_BY_SOURCE,,NOT_VERIFIED_DO_NOT_INFER,Osasuna,Valencia,1,0,H,EVALUATION_ONLY_JOIN_AFTER_PREMATCH_FEATURE_FREEZE,2.23,3.16,3.38,EXTERNAL_HISTORICAL_MARKET_BENCHMARK,NOT_AVAILABLE,NOT_GOLDBET,712917e9b1da79f467784fde5477d96e46a18c16485b6a020d67313d24448afb,1503.6977474116911,1498.4305397724588,5.267207639232311,0.6000000000000001,0.39999999999999997,0.7999999999999998,27.512833110524298,115,115,False
8ea36da845f4db9f5152396e,LaLiga,2025/2026,HOLDOUT,2025-08-24,18:30,MATCH_KICKOFF_TIME_TIMEZONE_NOT_STATED_BY_SOURCE,,NOT_VERIFIED_DO_NOT_INFER,Sociedad,Espanol,2,2,D,EVALUATION_ONLY_JOIN_AFTER_PREMATCH_FEATURE_FREEZE,1.85,3.45,4.32,EXTERNAL_HISTORICAL_MARKET_BENCHMARK,NOT_AVAILABLE,NOT_GOLDBET,4bb75243048e45e742e3c5f855dc1815ab0c533e5b3b867fc5543ef07d713892,1490.0862709687872,1493.7219349133693,-3.63566394458212,-0.3999999999999999,-0.7999999999999999,0.5999999999999999,30.978335074005372,115,77,False
6d4cda7f091eaf32c8f8a7f8,LaLiga,2025/2026,HOLDOUT,2025-08-24,18:30,MATCH_KICKOFF_TIME_TIMEZONE_NOT_STATED_BY_SOURCE,,NOT_VERIFIED_DO_NOT_INFER,Villarreal,Girona,5,0,H,EVALUATION_ONLY_JOIN_AFTER_PREMATCH_FEATURE_FREEZE,1.46,4.51,6.61,EXTERNAL_HISTORICAL_MARKET_BENCHMARK,NOT_AVAILABLE,NOT_GOLDBET,54d9a8144d481191ecf36c508413323c3ed622cf336db125ede88dada6c1e79d,1556.597397702794,1466.6810860219873,89.91631168080676,2.4,3.2,2.2,14.12528815976657,115,115,False
56e7457ad9077dced0854f07,LaLiga,2025/2026,HOLDOUT,2025-08-24,20:30,MATCH_KICKOFF_TIME_TIMEZONE_NOT_STATED_BY_SOURCE,,NOT_VERIFIED_DO_NOT_INFER,Oviedo,Real Madrid,0,3,A,EVALUATION_ONLY_JOIN_AFTER_PREMATCH_FEATURE_FREEZE,9.91,5.27,1.3,EXTERNAL_HISTORICAL_MARKET_BENCHMARK,NOT_AVAILABLE,NOT_GOLDBET,a40e64c7022146e49d284d9ba14d56dd2b04540e4b80f81c3e86110512790b93,1493.0552826145156,1589.8731116242868,-96.81782900977123,-2.4,-3.0,,30.306075592599882,1,115,False
1cdb30c11374b09c5ae91f17,LaLiga,2025/2026,HOLDOUT,2025-08-25,18:30,MATCH_KICKOFF_TIME_TIMEZONE_NOT_STATED_BY_SOURCE,,NOT_VERIFIED_DO_NOT_INFER,Ath Bilbao,Vallecano,1,0,H,EVALUATION_ONLY_JOIN_AFTER_PREMATCH_FEATURE_FREEZE,1.73,3.55,5.06,EXTERNAL_HISTORICAL_MARKET_BENCHMARK,NOT_AVAILABLE,NOT_GOLDBET,b4e329749e3fd09aaecf73a77869100db6f51443b6d446817f3222116223349b,1557.328244812278,1513.8144205005747,43.513824311703274,0.19999999999999973,-0.4,0.5999999999999999,21.17098124225936,115,115,False
835d7f361772ff7c72167914,LaLiga,2025/2026,HOLDOUT,2025-08-25,20:30,MATCH_KICKOFF_TIME_TIMEZONE_NOT_STATED_BY_SOURCE,,NOT_VERIFIED_DO_NOT_INFER,Sevilla,Getafe,1,2,A,EVALUATION_ONLY_JOIN_AFTER_PREMATCH_FEATURE_FREEZE,2.05,3.02,4.13,EXTERNAL_HISTORICAL_MARKET_BENCHMARK,NOT_AVAILABLE,NOT_GOLDBET,7f166d3136dac0b61d90a9b1463641735a2d83adfd992248d7b854d2b5ee5312,1467.5277765389624,1486.8269618279578,-19.29918528899543,-0.6,-0.4,-0.19999999999999996,25.461383810517418,115,115,False
d68f3e3f49204cba97f618ab,LaLiga,2025/2026,HOLDOUT,2025-08-27,20:00,MATCH_KICKOFF_TIME_TIMEZONE_NOT_STATED_BY_SOURCE,,NOT_VERIFIED_DO_NOT_INFER,Celta,Betis,1,1,D,EVALUATION_ONLY_JOIN_AFTER_PREMATCH_FEATURE_FREEZE,2.32,3.47,2.94,EXTERNAL_HISTORICAL_MARKET_BENCHMARK,NOT_AVAILABLE,NOT_GOLDBET,26579553d827f9797a801fd9c889f84651bebccaa10849b7f968ff3f4a14f66a,1496.6680684895518,1535.8835750497128,-39.215506560160975,0.19999999999999996,0.2,-0.40000000000000013,-38.15868491753076,116,116,False
acfa7b8f8cb0059bbfe8a5c2,LaLiga,2025/2026,HOLDOUT,2025-08-29,18:30,MATCH_KICKOFF_TIME_TIMEZONE_NOT_STATED_BY_SOURCE,,NOT_VERIFIED_DO_NOT_INFER,Elche,Levante,2,0,H,EVALUATION_ONLY_JOIN_AFTER_PREMATCH_FEATURE_FREEZE,2.15,3.2,3.57,EXTERNAL_HISTORICAL_MARKET_BENCHMARK,NOT_AVAILABLE,NOT_GOLDBET,a3f5ad63dac9b6cc199683d3a798d1a3b948734f46f68eca2eacdc4fc8a8969e,1491.0122317996734,1482.6960054580234,8.316226341650008,1.4,1.2,1.8,-32.710597505399164,40,2,False
aa7cd599880315989db7e053,LaLiga,2025/2026,HOLDOUT,2025-08-29,20:30,MATCH_KICKOFF_TIME_TIMEZONE_NOT_STATED_BY_SOURCE,,NOT_VERIFIED_DO_NOT_INFER,Valencia,Getafe,3,0,H,EVALUATION_ONLY_JOIN_AFTER_PREMATCH_FEATURE_FREEZE,2.31,2.92,3.53,EXTERNAL_HISTORICAL_MARKET_BENCHMARK,NOT_AVAILABLE,NOT_GOLDBET,bbfbbcb4e6d91d78afc680f56baae231bbd302282ae8a603c3919e9adba86a4c,1490.287291153139,1497.9930959262322,-7.705804773093178,-1.4,-0.8,-0.19999999999999996,11.86207107680275,116,116,False
63e32e1c077176a0fb1127ad,LaLiga,2025/2026,HOLDOUT,2025-08-30,16:00,MATCH_KICKOFF_TIME_TIMEZONE_NOT_STATED_BY_SOURCE,,NOT_VERIFIED_DO_NOT_INFER,Alaves,Ath Madrid,1,1,D,EVALUATION_ONLY_JOIN_AFTER_PREMATCH_FEATURE_FREEZE,5.39,3.51,1.7,EXTERNAL_HISTORICAL_MARKET_BENCHMARK,NOT_AVAILABLE,NOT_GOLDBET,568c14254f5491af7bffaaae3233ec89131780d80f102e9440cb981930623994,1489.888178922761,1543.266030270783,-53.37785134802198,0.6000000000000001,-0.4,1.4000000000000001,-20.751767768812442,78,116,False
9d9a55e855bcc7d0f38069c4,LaLiga,2025/2026,HOLDOUT,2025-08-30,18:00,MATCH_KICKOFF_TIME_TIMEZONE_NOT_STATED_BY_SOURCE,,NOT_VERIFIED_DO_NOT_INFER,Oviedo,Sociedad,1,0,H,EVALUATION_ONLY_JOIN_AFTER_PREMATCH_FEATURE_FREEZE,3.38,3.12,2.26,EXTERNAL_HISTORICAL_MARKET_BENCHMARK,NOT_AVAILABLE,NOT_GOLDBET,cb4707634829e12db229c99d692b0a24e5e3bb7b157854913296d50676ba4faa,1484.11103594544,1488.478058823237,-4.367022877796899,-1.0,-2.1,-0.4,42.58569382447263,2,116,False
e4c14b56d783aee814abb1db,LaLiga,2025/2026,HOLDOUT,2025-08-30,18:30,MATCH_KICKOFF_TIME_TIMEZONE_NOT_STATED_BY_SOURCE,,NOT_VERIFIED_DO_NOT_INFER,Girona,Sevilla,0,2,A,EVALUATION_ONLY_JOIN_AFTER_PREMATCH_FEATURE_FREEZE,2.42,3.16,3.04,EXTERNAL_HISTORICAL_MARKET_BENCHMARK,NOT_AVAILABLE,NOT_GOLDBET,cc1f60476059079e483c59d08b6530ccdb82ce8c7ad0b96385faab7ddca44d19,1460.7467757061518,1456.361642440688,4.3851332654637645,0.0,-1.2000000000000002,0.6,-46.403198926583855,116,116,False
d06a17f2905b6414dcc686c6,LaLiga,2025/2026,HOLDOUT,2025-08-30,20:30,MATCH_KICKOFF_TIME_TIMEZONE_NOT_STATED_BY_SOURCE,,NOT_VERIFIED_DO_NOT_INFER,Real Madrid,Mallorca,2,1,H,EVALUATION_ONLY_JOIN_AFTER_PREMATCH_FEATURE_FREEZE,1.16,7.43,15.63,EXTERNAL_HISTORICAL_MARKET_BENCHMARK,NOT_AVAILABLE,NOT_GOLDBET,ef104300233ac946433bca6cd2797c1dd6068e19690e817f57134a4f7a158e3c,1598.8173582933623,1474.1613050433555,124.65605325000683,2.6,2.8,2.2,-53.507003728953805,116,116,False
bd75cd188d1bd647fb1d3ce4,LaLiga,2025/2026,HOLDOUT,2025-08-31,16:00,MATCH_KICKOFF_TIME_TIMEZONE_NOT_STATED_BY_SOURCE,,NOT_VERIFIED_DO_NOT_INFER,Celta,Villarreal,1,1,D,EVALUATION_ONLY_JOIN_AFTER_PREMATCH_FEATURE_FREEZE,3.14,3.46,2.22,EXTERNAL_HISTORICAL_MARKET_BENCHMARK,NOT_AVAILABLE,NOT_GOLDBET,1dbce31d8af994ed86ee415768b6eafb6eb0f7ed9360bfc9395c76505497509b,1496.0705552917502,1562.5317080186296,-66.46115272687939,-2.0,-3.0,-1.0,-22.683725159112782,117,116,False
99ebb16ec353724085c0f345,LaLiga,2025/2026,HOLDOUT,2025-08-31,18:00,MATCH_KICKOFF_TIME_TIMEZONE_NOT_STATED_BY_SOURCE,,NOT_VERIFIED_DO_NOT_INFER,Betis,Ath Bilbao,1,2,A,EVALUATION_ONLY_JOIN_AFTER_PREMATCH_FEATURE_FREEZE,3.15,3.14,2.37,EXTERNAL_HISTORICAL_MARKET_BENCHMARK,NOT_AVAILABLE,NOT_GOLDBET,8ece80be555c2a1d6baa886f02ed5504624ce63924444fe5e715c85679556cb8,1536.4810882475144,1564.434011708419,-27.952923460904458,-1.2,-0.8,0.0,-7.083430947366423,117,116,False
ed281de0608248168e5e19e3,LaLiga,2025/2026,HOLDOUT,2025-08-31,18:30,MATCH_KICKOFF_TIME_TIMEZONE_NOT_STATED_BY_SOURCE,,NOT_VERIFIED_DO_NOT_INFER,Espanol,Osasuna,1,0,H,EVALUATION_ONLY_JOIN_AFTER_PREMATCH_FEATURE_FREEZE,2.44,3.05,3.04,EXTERNAL_HISTORICAL_MARKET_BENCHMARK,NOT_AVAILABLE,NOT_GOLDBET,2adb8a2e891a62035a2d534c466c3bfde7efc88e8daf4c8d484e32c66e6bfaa2,1495.3301470589195,1511.840996031011,-16.51084897209148,-0.6000000000000001,-1.0,0.8,0.05718984608415667,78,116,False
a8abee7143202f0b9183f6f4,LaLiga,2025/2026,HOLDOUT,2025-08-31,20:30,MATCH_KICKOFF_TIME_TIMEZONE_NOT_STATED_BY_SOURCE,,NOT_VERIFIED_DO_NOT_INFER,Vallecano,Barcelona,1,1,D,EVALUATION_ONLY_JOIN_AFTER_PREMATCH_FEATURE_FREEZE,6.67,5.13,1.4,EXTERNAL_HISTORICAL_MARKET_BENCHMARK,NOT_AVAILABLE,NOT_GOLDBET,b4b2c4b9c1b263ad12eb5e0837caec02c6ce15ac9d7c74ae37432abba2adfd0e,1506.7086536044337,1605.6175329009423,-98.90887929650853,-0.7999999999999998,-1.2000000000000002,-1.8,-11.164213511684238,116,116,False
472d791684fbe9e578a72c4f,LaLiga,2025/2026,HOLDOUT,2025-09-12,20:00,MATCH_KICKOFF_TIME_TIMEZONE_NOT_STATED_BY_SOURCE,,NOT_VERIFIED_DO_NOT_INFER,Sevilla,Elche,2,2,D,EVALUATION_ONLY_JOIN_AFTER_PREMATCH_FEATURE_FREEZE,1.89,3.33,4.41,EXTERNAL_HISTORICAL_MARKET_BENCHMARK,NOT_AVAILABLE,NOT_GOLDBET,f3d739bedd7ecd24709aeaffd5a5ec8edb3f922efa59a4be71f6d7189ec6cfb0,1468.1938694347887,1499.070888089567,-30.87701865477834,-1.2000000000000002,-1.4,0.0,46.441331335413,117,41,False
25a7b80dead3b88812e5bd49,LaLiga,2025/2026,HOLDOUT,2025-09-13,13:00,MATCH_KICKOFF_TIME_TIMEZONE_NOT_STATED_BY_SOURCE,,NOT_VERIFIED_DO_NOT_INFER,Getafe,Oviedo,2,0,H,EVALUATION_ONLY_JOIN_AFTER_PREMATCH_FEATURE_FREEZE,1.99,2.91,4.71,EXTERNAL_HISTORICAL_MARKET_BENCHMARK,NOT_AVAILABLE,NOT_GOLDBET,303e1843c422b472a4b8f50be6f86092e2591e478e81adc8937425415be467b0,1489.4869796930902,1492.5233364848787,-3.036356791788421,0.8,1.3333333333333333,0.0,-52.72445868868999,117,3,False
7d1c68bb7149953936c42939,LaLiga,2025/2026,HOLDOUT,2025-09-13,15:15,MATCH_KICKOFF_TIME_TIMEZONE_NOT_STATED_BY_SOURCE,,NOT_VERIFIED_DO_NOT_INFER,Sociedad,Real Madrid,1,2,A,EVALUATION_ONLY_JOIN_AFTER_PREMATCH_FEATURE_FREEZE,5.36,4.2,1.58,EXTERNAL_HISTORICAL_MARKET_BENCHMARK,NOT_AVAILABLE,NOT_GOLDBET,7dcaa3b09aa1754cbf10cf164369f8b9c22f34f1733d39121bdabcd09e2a32f9,1480.0657582837985,1603.952220608109,-123.88646232431051,-2.0,-2.2,-1.4,39.38860639413588,117,117,False
fb2aa4317302f96a064c2081,LaLiga,2025/2026,HOLDOUT,2025-09-13,17:30,MATCH_KICKOFF_TIME_TIMEZONE_NOT_STATED_BY_SOURCE,,NOT_VERIFIED_DO_NOT_INFER,Ath Bilbao,Alaves,0,1,A,EVALUATION_ONLY_JOIN_AFTER_PREMATCH_FEATURE_FREEZE,1.59,3.71,6.26,EXTERNAL_HISTORICAL_MARKET_BENCHMARK,NOT_AVAILABLE,NOT_GOLDBET,52a44f292dd90dbe4dfa00a1e375990dae11bce8ce8ff365671613365f7e9f9d,1575.3537936894331,1489.697601240681,85.65619244875211,0.7999999999999998,0.0,1.0,54.425543712538,117,79,False
ebd44450f1efe0faae1ad83b,LaLiga,2025/2026,HOLDOUT,2025-09-13,20:00,MATCH_KICKOFF_TIME_TIMEZONE_NOT_STATED_BY_SOURCE,,NOT_VERIFIED_DO_NOT_INFER,Ath Madrid,Villarreal,2,0,H,EVALUATION_ONLY_JOIN_AFTER_PREMATCH_FEATURE_FREEZE,1.77,3.68,4.51,EXTERNAL_HISTORICAL_MARKET_BENCHMARK,NOT_AVAILABLE,NOT_GOLDBET,c954da64af7e6dd1529eaf6483837c68c44744c5a44dd039c8c4498360bde045,1543.456607952863,1562.3457625293377,-18.889154576474766,-1.0,-0.8,0.6000000000000001,-21.023797653008614,117,117,False
d8df0951bbfcbc6a06d52679,LaLiga,2025/2026,HOLDOUT,2025-09-14,13:00,MATCH_KICKOFF_TIME_TIMEZONE_NOT_STATED_BY_SOURCE,,NOT_VERIFIED_DO_NOT_INFER,Celta,Girona,1,1,D,EVALUATION_ONLY_JOIN_AFTER_PREMATCH_FEATURE_FREEZE,1.73,3.75,4.71,EXTERNAL_HISTORICAL_MARKET_BENCHMARK,NOT_AVAILABLE,NOT_GOLDBET,e54c835a326e52138b3eda16409e1f1ca2acaa1d6d9cee92c834cdbedfa70b2f,1496.2565007810422,1448.914548712051,47.34195206899108,1.2,2.5999999999999996,0.19999999999999996,-17.425291783060175,118,117,False
32bed33fc14e3a4df9e69a5e,LaLiga,2025/2026,HOLDOUT,2025-09-14,15:15,MATCH_KICKOFF_TIME_TIMEZONE_NOT_STATED_BY_SOURCE,,NOT_VERIFIED_DO_NOT_INFER,Levante,Betis,2,2,D,EVALUATION_ONLY_JOIN_AFTER_PREMATCH_FEATURE_FREEZE,3.53,3.53,2.03,EXTERNAL_HISTORICAL_MARKET_BENCHMARK,NOT_AVAILABLE,NOT_GOLDBET,08d345e185a0fbbbabd467c4594a023c8501c95d48315f23a05261964337bc52,1474.6373491681297,1525.5613062665002,-50.923957098370465,-1.2,-1.3333333333333333,-1.2,16.68085585919016,3,118,False
c8711fc350bfadc341302f94,LaLiga,2025/2026,HOLDOUT,2025-09-14,17:30,MATCH_KICKOFF_TIME_TIMEZONE_NOT_STATED_BY_SOURCE,,NOT_VERIFIED_DO_NOT_INFER,Osasuna,Vallecano,2,0,H,EVALUATION_ONLY_JOIN_AFTER_PREMATCH_FEATURE_FREEZE,2.72,2.94,2.86,EXTERNAL_HISTORICAL_MARKET_BENCHMARK,NOT_AVAILABLE,NOT_GOLDBET,06a07b03d7806f5dd78199f6131a856eaf1922e6873c6bc7ca29610de2ccc2d8,1503.0862178258078,1507.8238828569465,-4.737665031138704,-0.20000000000000018,-0.2,1.2,-20.379940656594954,117,117,False
c64871b444ed2ab2b2893568,LaLiga,2025/2026,HOLDOUT,2025-09-14,20:00,MATCH_KICKOFF_TIME_TIMEZONE_NOT_STATED_BY_SOURCE,,NOT_VERIFIED_DO_NOT_INFER,Barcelona,Valencia,6,0,H,EVALUATION_ONLY_JOIN_AFTER_PREMATCH_FEATURE_FREEZE,1.36,5.36,7.33,EXTERNAL_HISTORICAL_MARKET_BENCHMARK,NOT_AVAILABLE,NOT_GOLDBET,ab9440fb312613b8b75b54e2b443ec8e8e46384eb85b6c0bc795024b524d5bc6,1604.5023036484295,1498.793407386281,105.70889626214853,1.0,1.0,1.0,4.503342957407995,117,117,False
bb2fcbe6f289b0c125a8964d,LaLiga,2025/2026,HOLDOUT,2025-09-15,20:00,MATCH_KICKOFF_TIME_TIMEZONE_NOT_STATED_BY_SOURCE,,NOT_VERIFIED_DO_NOT_INFER,Espanol,Mallorca,3,2,H,EVALUATION_ONLY_JOIN_AFTER_PREMATCH_FEATURE_FREEZE,2.24,3.08,3.48,EXTERNAL_HISTORICAL_MARKET_BENCHMARK,NOT_AVAILABLE,NOT_GOLDBET,9119254df1d6c1378593b09e7db6b671f902264a90ccbcf87a461f6ec5d6526c,1504.0849252641226,1469.0264427286088,35.058482535513804,1.6,1.4,1.6,-32.46243058589289,79,117,False
8030b441185697048276909f,LaLiga,2025/2026,HOLDOUT,2025-09-19,20:00,MATCH_KICKOFF_TIME_TIMEZONE_NOT_STATED_BY_SOURCE,,NOT_VERIFIED_DO_NOT_INFER,Betis,Sociedad,3,1,H,EVALUATION_ONLY_JOIN_AFTER_PREMATCH_FEATURE_FREEZE,1.93,3.63,3.74,EXTERNAL_HISTORICAL_MARKET_BENCHMARK,NOT_AVAILABLE,NOT_GOLDBET,2db7b82e87a5d240daa93ecd2c7b339764bb41813714ab7ed1ef429b4fc77cce,1525.8224763745695,1471.8841105702159,53.93836580435368,0.7999999999999999,0.8,1.4000000000000001,-44.80337838427408,119,118,False
e7e3244955b02fefc72f65d2,LaLiga,2025/2026,HOLDOUT,2025-09-20,13:00,MATCH_KICKOFF_TIME_TIMEZONE_NOT_STATED_BY_SOURCE,,NOT_VERIFIED_DO_NOT_INFER,Girona,Levante,0,4,A,EVALUATION_ONLY_JOIN_AFTER_PREMATCH_FEATURE_FREEZE,1.85,3.71,4.03,EXTERNAL_HISTORICAL_MARKET_BENCHMARK,NOT_AVAILABLE,NOT_GOLDBET,bef08e8a7b434b9b774c1e517bbe692c5a0eb0c58879fc4a61a80e01781f5d71,1451.9094097014197,1474.3761790600604,-22.466769358640704,-0.04999999999999999,-1.6,0.6,-1.8962234794867072,118,4,False
b508765f8ad02b540cefe830,LaLiga,2025/2026,HOLDOUT,2025-09-20,15:15,MATCH_KICKOFF_TIME_TIMEZONE_NOT_STATED_BY_SOURCE,,NOT_VERIFIED_DO_NOT_INFER,Real Madrid,Espanol,2,0,H,EVALUATION_ONLY_JOIN_AFTER_PREMATCH_FEATURE_FREEZE,1.2,6.8,13,EXTERNAL_HISTORICAL_MARKET_BENCHMARK,NOT_AVAILABLE,NOT_GOLDBET,1c9b52393b5ffeed36657ef8c4535b4e33fd7805e66af3717e73ca626fd5e54d,1612.1338683216916,1511.4152079024875,100.71866041920407,0.3999999999999999,0.6000000000000001,2.6,1.1792856109050263,118,80,False
bcb4358351bc65baa18f80ca,LaLiga,2025/2026,HOLDOUT,2025-09-20,17:30,MATCH_KICKOFF_TIME_TIMEZONE_NOT_STATED_BY_SOURCE,,NOT_VERIFIED_DO_NOT_INFER,Alaves,Sevilla,1,2,A,EVALUATION_ONLY_JOIN_AFTER_PREMATCH_FEATURE_FREEZE,2.4,2.95,3.26,EXTERNAL_HISTORICAL_MARKET_BENCHMARK,NOT_AVAILABLE,NOT_GOLDBET,0bce03736866edf8d2486a2d8a11c44a53693a634054102f4873a0647d97dbd7,1503.660435471642,1467.3576003436015,36.30283512804044,0.8,0.6000000000000001,1.2000000000000002,14.86528400019688,80,118,False
a94a4a30eecf0890bf8cb3f2,LaLiga,2025/2026,HOLDOUT,2025-09-20,17:30,MATCH_KICKOFF_TIME_TIMEZONE_NOT_STATED_BY_SOURCE,,NOT_VERIFIED_DO_NOT_INFER,Villarreal,Osasuna,2,1,H,EVALUATION_ONLY_JOIN_AFTER_PREMATCH_FEATURE_FREEZE,1.68,3.74,5.15,EXTERNAL_HISTORICAL_MARKET_BENCHMARK,NOT_AVAILABLE,NOT_GOLDBET,f47444acb423e6376dd051fb61864c811c9799d1b0f5b384e54b95e2848f6cd6,1553.523536166209,1511.5089191453578,42.01461702085112,0.6000000000000001,1.2,2.6,-20.916211864065417,118,118,False
6c1b10e838c713511054c6ad,LaLiga,2025/2026,HOLDOUT,2025-09-20,20:00,MATCH_KICKOFF_TIME_TIMEZONE_NOT_STATED_BY_SOURCE,,NOT_VERIFIED_DO_NOT_INFER,Valencia,Ath Bilbao,2,0,H,EVALUATION_ONLY_JOIN_AFTER_PREMATCH_FEATURE_FREEZE,3.42,3.11,2.25,EXTERNAL_HISTORICAL_MARKET_BENCHMARK,NOT_AVAILABLE,NOT_GOLDBET,331b4aa0207bfb3e9ef8fd2c9a211d2cca7874134b55628fdb4b7f28431d4f3c,1493.2313721401927,1561.3909594584723,-68.15958731827959,-0.8,-0.6000000000000001,-0.3999999999999999,-5.329941317892235,118,118,False
6302571e1a9a5dfeb45cbcca,LaLiga,2025/2026,HOLDOUT,2025-09-21,13:00,MATCH_KICKOFF_TIME_TIMEZONE_NOT_STATED_BY_SOURCE,,NOT_VERIFIED_DO_NOT_INFER,Vallecano,Celta,1,1,D,EVALUATION_ONLY_JOIN_AFTER_PREMATCH_FEATURE_FREEZE,2.01,3.38,3.73,EXTERNAL_HISTORICAL_MARKET_BENCHMARK,NOT_AVAILABLE,NOT_GOLDBET,e7cee5cd5ca070184b4aaa6025916718f286aea1937e22391b8dbd815b96b8f4,1499.4011815373965,1493.2616397916736,6.139541745722909,0.19999999999999996,0.2,0.0,22.416267592482654,118,119,False
27cc291544f0ae6967cb02c1,LaLiga,2025/2026,HOLDOUT,2025-09-21,15:15,MATCH_KICKOFF_TIME_TIMEZONE_NOT_STATED_BY_SOURCE,,NOT_VERIFIED_DO_NOT_INFER,Mallorca,Ath Madrid,1,1,D,EVALUATION_ONLY_JOIN_AFTER_PREMATCH_FEATURE_FREEZE,4.94,3.51,1.75,EXTERNAL_HISTORICAL_MARKET_BENCHMARK,NOT_AVAILABLE,NOT_GOLDBET,b3aa1ea07dc687ea86d695113bdc13f1297d5c1f18851a5da93d10ea891745b0,1461.696160090244,1552.2788343159916,-90.58267422574772,-1.2000000000000002,-2.0,0.0,41.767616685690655,118,118,False
c8f3e8f9b232d6561435d8cb,LaLiga,2025/2026,HOLDOUT,2025-09-21,17:30,MATCH_KICKOFF_TIME_TIMEZONE_NOT_STATED_BY_SOURCE,,NOT_VERIFIED_DO_NOT_INFER,Elche,Oviedo,1,0,H,EVALUATION_ONLY_JOIN_AFTER_PREMATCH_FEATURE_FREEZE,1.97,3.23,4.11,EXTERNAL_HISTORICAL_MARKET_BENCHMARK,NOT_AVAILABLE,NOT_GOLDBET,3fc53aecb578dc0019a7ada8137cf5230c5d2b81ad173d701cfb51338bafcb03,1499.9071571807542,1484.1483472697269,15.758809911027356,0.6499999999999999,1.9,1.8,-30.57882273909354,42,4,False
bcb3cc94bd49ea6dcabf8182,LaLiga,2025/2026,HOLDOUT,2025-09-21,20:00,MATCH_KICKOFF_TIME_TIMEZONE_NOT_STATED_BY_SOURCE,,NOT_VERIFIED_DO_NOT_INFER,Barcelona,Getafe,3,0,H,EVALUATION_ONLY_JOIN_AFTER_PREMATCH_FEATURE_FREEZE,1.23,6.31,11.4,EXTERNAL_HISTORICAL_MARKET_BENCHMARK,NOT_AVAILABLE,NOT_GOLDBET,a9bc21b634d70acc4c510f824103ad48eed913a59ee08acf8fe97e9909d14f56,1610.0643388945177,1497.861968908242,112.2023699862757,0.8,2.4,0.5999999999999999,25.760911787006762,118,118,False
046b903c39b76352c4966499,LaLiga,2025/2026,HOLDOUT,2025-09-23,18:00,MATCH_KICKOFF_TIME_TIMEZONE_NOT_STATED_BY_SOURCE,,NOT_VERIFIED_DO_NOT_INFER,Ath Bilbao,Girona,1,1,D,EVALUATION_ONLY_JOIN_AFTER_PREMATCH_FEATURE_FREEZE,1.47,4.3,6.74,EXTERNAL_HISTORICAL_MARKET_BENCHMARK,NOT_AVAILABLE,NOT_GOLDBET,89eb9bfabc8a4165bdd75cfb75b6059640974e82f9377277c469432d21f51fad,1551.15615082519,1440.8332994199304,110.3228514052596,1.6,2.6,0.8,4.117539452623532,119,119,False
1361d0adac5c4726d7f87160,LaLiga,2025/2026,HOLDOUT,2025-09-23,18:00,MATCH_KICKOFF_TIME_TIMEZONE_NOT_STATED_BY_SOURCE,,NOT_VERIFIED_DO_NOT_INFER,Espanol,Valencia,2,2,D,EVALUATION_ONLY_JOIN_AFTER_PREMATCH_FEATURE_FREEZE,2.32,3.16,3.2,EXTERNAL_HISTORICAL_MARKET_BENCHMARK,NOT_AVAILABLE,NOT_GOLDBET,ecaa383896e26a27d35d31fe1d6ca3edef6f1f1736aaf546aa96d6ce3aaf964d,1505.7370990163292,1503.466180773475,2.27091824285435,0.6000000000000001,0.6000000000000001,1.5999999999999999,-3.115230273641373,81,119,False
7163e00d94f48d6a3db6cfd0,LaLiga,2025/2026,HOLDOUT,2025-09-23,20:30,MATCH_KICKOFF_TIME_TIMEZONE_NOT_STATED_BY_SOURCE,,NOT_VERIFIED_DO_NOT_INFER,Levante,Real Madrid,1,4,A,EVALUATION_ONLY_JOIN_AFTER_PREMATCH_FEATURE_FREEZE,7.68,5.56,1.34,EXTERNAL_HISTORICAL_MARKET_BENCHMARK,NOT_AVAILABLE,NOT_GOLDBET,70ced767505df3ab28bbfbd30c73df013efce4e127d3befc21e01970a3b3857a,1485.4522893415497,1617.8119772078498,-132.3596878663002,-2.2,-1.6,-1.9,17.077818449966117,5,119,False
d80e85fd99c50637526e4b0d,LaLiga,2025/2026,HOLDOUT,2025-09-23,20:30,MATCH_KICKOFF_TIME_TIMEZONE_NOT_STATED_BY_SOURCE,,NOT_VERIFIED_DO_NOT_INFER,Sevilla,Villarreal,1,2,A,EVALUATION_ONLY_JOIN_AFTER_PREMATCH_FEATURE_FREEZE,3.3,3.3,2.2,EXTERNAL_HISTORICAL_MARKET_BENCHMARK,NOT_AVAILABLE,NOT_GOLDBET,92a454dfe911e9993abdb2c7f17f9357337d9d4aa6da5ad0dd413aabf03653f3,1480.0605484358778,1560.668888357091,-80.6083399212132,-0.6000000000000001,-1.0,-0.3999999999999999,-3.2650484600537766,119,119,False
8604a15b2a5d20c998e3f761,LaLiga,2025/2026,HOLDOUT,2025-09-24,18:00,MATCH_KICKOFF_TIME_TIMEZONE_NOT_STATED_BY_SOURCE,,NOT_VERIFIED_DO_NOT_INFER,Getafe,Alaves,1,1,D,EVALUATION_ONLY_JOIN_AFTER_PREMATCH_FEATURE_FREEZE,2.06,2.82,4.51,EXTERNAL_HISTORICAL_MARKET_BENCHMARK,NOT_AVAILABLE,NOT_GOLDBET,4f4850fad1160bb2aa0aa3f299fd3a1a5c280ab9f0f364ddbe0d1d475a3921b4,1492.4487686331415,1490.9574873793656,1.4912812537759237,0.40000000000000013,-0.2,-0.7999999999999999,-9.170648368002503,119,81,False
68bf0fbcbd52f93eb425c360,LaLiga,2025/2026,HOLDOUT,2025-09-24,20:30,MATCH_KICKOFF_TIME_TIMEZONE_NOT_STATED_BY_SOURCE,,NOT_VERIFIED_DO_NOT_INFER,Ath Madrid,Vallecano,3,2,H,EVALUATION_ONLY_JOIN_AFTER_PREMATCH_FEATURE_FREEZE,1.45,4.31,7.35,EXTERNAL_HISTORICAL_MARKET_BENCHMARK,NOT_AVAILABLE,NOT_GOLDBET,33d53cb69b14fe9ca1674755cb45798df9f4881dd481aa6470dd4d806ee22a4d,1551.4008606031352,1497.5201993075686,53.8806612955666,0.19999999999999996,0.4,0.8,-30.399108476261063,119,119,False
76b36e3a9a6e3e5e923f57b5,LaLiga,2025/2026,HOLDOUT,2025-09-24,20:30,MATCH_KICKOFF_TIME_TIMEZONE_NOT_STATED_BY_SOURCE,,NOT_VERIFIED_DO_NOT_INFER,Sociedad,Mallorca,1,0,H,EVALUATION_ONLY_JOIN_AFTER_PREMATCH_FEATURE_FREEZE,1.74,3.54,4.96,EXTERNAL_HISTORICAL_MARKET_BENCHMARK,NOT_AVAILABLE,NOT_GOLDBET,1d4713d93c0b4998d6fe1a290c4635e1287778fce027889aba77e6a3c0d01ee2,1465.0508049968412,1462.5741338031003,2.4766711937409127,0.0,0.19999999999999996,0.8,-26.159960260911248,119,119,False
bc0bf3f03fad63750e7927d4,LaLiga,2025/2026,HOLDOUT,2025-09-25,18:30,MATCH_KICKOFF_TIME_TIMEZONE_NOT_STATED_BY_SOURCE,,NOT_VERIFIED_DO_NOT_INFER,Osasuna,Elche,1,1,D,EVALUATION_ONLY_JOIN_AFTER_PREMATCH_FEATURE_FREEZE,1.9,3.19,4.6,EXTERNAL_HISTORICAL_MARKET_BENCHMARK,NOT_AVAILABLE,NOT_GOLDBET,76880bbb6cedce371010c7c341c59a80c26832d9c8507cd976d92417f6eeb3af,1504.3635669544758,1507.7605570390042,-3.3969900845283973,-0.6000000000000001,-0.6,1.8,25.837580278192263,119,43,False
0287a60fbd9bb73c63e1ead4,LaLiga,2025/2026,HOLDOUT,2025-09-25,20:30,MATCH_KICKOFF_TIME_TIMEZONE_NOT_STATED_BY_SOURCE,,NOT_VERIFIED_DO_NOT_INFER,Oviedo,Barcelona,1,3,A,EVALUATION_ONLY_JOIN_AFTER_PREMATCH_FEATURE_FREEZE,12.37,6.7,1.21,EXTERNAL_HISTORICAL_MARKET_BENCHMARK,NOT_AVAILABLE,NOT_GOLDBET,b901f86835d03dd5d1b04e387815685cd60ca4d145d25987d6ea596b8c98f70d,1476.2949474114769,1615.4775391696182,-139.18259175814137,-2.0,-4.0,-1.1,27.72073292356845,5,119,False
6513b218f2674e75dbda4bcd,LaLiga,2025/2026,HOLDOUT,2025-09-26,20:00,MATCH_KICKOFF_TIME_TIMEZONE_NOT_STATED_BY_SOURCE,,NOT_VERIFIED_DO_NOT_INFER,Girona,Espanol,0,0,D,EVALUATION_ONLY_JOIN_AFTER_PREMATCH_FEATURE_FREEZE,2.55,3.25,2.78,EXTERNAL_HISTORICAL_MARKET_BENCHMARK,NOT_AVAILABLE,NOT_GOLDBET,5e06f443b4559b87200fc7f0ca7a6ca013a354ff51310459b56827775e69eb2e,1445.3772777159675,1503.9637461013622,-58.58646838539471,-1.2000000000000002,-2.2,-0.2,-10.361177602759426,120,82,False
7decae72a6c6724d54aabe4c,LaLiga,2025/2026,HOLDOUT,2025-09-27,13:00,MATCH_KICKOFF_TIME_TIMEZONE_NOT_STATED_BY_SOURCE,,NOT_VERIFIED_DO_NOT_INFER,Getafe,Levante,1,1,D,EVALUATION_ONLY_JOIN_AFTER_PREMATCH_FEATURE_FREEZE,2.11,3.05,3.91,EXTERNAL_HISTORICAL_MARKET_BENCHMARK,NOT_AVAILABLE,NOT_GOLDBET,70873592aa7ca09bbb77f7582512d6be3d872b7f878d35e76a869a30cca9104b,1490.6971584091475,1477.5053695801319,13.19178882901565,0.5999999999999999,-0.19999999999999996,-0.19999999999999996,-26.371032435716415,120,6,False
b3d7d9790b94b3bb1c0078cd,LaLiga,2025/2026,HOLDOUT,2025-09-27,15:15,MATCH_KICKOFF_TIME_TIMEZONE_NOT_STATED_BY_SOURCE,,NOT_VERIFIED_DO_NOT_INFER,Ath Madrid,Real Madrid,5,2,H,EVALUATION_ONLY_JOIN_AFTER_PREMATCH_FEATURE_FREEZE,3.08,3.48,2.23,EXTERNAL_HISTORICAL_MARKET_BENCHMARK,NOT_AVAILABLE,NOT_GOLDBET,3e7c65e3715819e964cca54c29f0bdf3cfaefb31953a1bf62b5a8b3ab82619e6,1558.2356605731652,1625.7588969692677,-67.52323639610245,-1.2,-1.4,0.20000000000000018,11.003927510641006,120,120,False
4d9b4c070cee7cc2e10941e8,LaLiga,2025/2026,HOLDOUT,2025-09-27,17:30,MATCH_KICKOFF_TIME_TIMEZONE_NOT_STATED_BY_SOURCE,,NOT_VERIFIED_DO_NOT_INFER,Mallorca,Alaves,1,0,H,EVALUATION_ONLY_JOIN_AFTER_PREMATCH_FEATURE_FREEZE,2.45,2.86,3.32,EXTERNAL_HISTORICAL_MARKET_BENCHMARK,NOT_AVAILABLE,NOT_GOLDBET,85aa79a810e57cc589d81f4ac4e95b39d60c2f36bff8c2f922f93aa5ad0fd427,1454.3532219257113,1492.7090976033596,-38.35587567764833,-0.6,-0.39999999999999997,-0.3999999999999999,1.77724361540686,120,82,False
814b69ade2c33cd35b645d3e,LaLiga,2025/2026,HOLDOUT,2025-09-27,20:00,MATCH_KICKOFF_TIME_TIMEZONE_NOT_STATED_BY_SOURCE,,NOT_VERIFIED_DO_NOT_INFER,Villarreal,Ath Bilbao,1,0,H,EVALUATION_ONLY_JOIN_AFTER_PREMATCH_FEATURE_FREEZE,2.02,3.29,3.81,EXTERNAL_HISTORICAL_MARKET_BENCHMARK,NOT_AVAILABLE,NOT_GOLDBET,c9a1965ada74fcc7c9de3924a5b6e123f737bc2c3190ffe0280e019507c1ea5d,1570.0764273163406,1546.612172529153,23.464254787187656,0.6000000000000001,1.2,1.0,4.743987059788651,120,120,False
58bfb8f333fb552506a6885c,LaLiga,2025/2026,HOLDOUT,2025-09-28,13:00,MATCH_KICKOFF_TIME_TIMEZONE_NOT_STATED_BY_SOURCE,,NOT_VERIFIED_DO_NOT_INFER,Vallecano,Sevilla,0,1,A,EVALUATION_ONLY_JOIN_AFTER_PREMATCH_FEATURE_FREEZE,1.99,3.31,3.91,EXTERNAL_HISTORICAL_MARKET_BENCHMARK,NOT_AVAILABLE,NOT_GOLDBET,bb2bef36247e92fb514ee3265aed8111daa8b4c6b544ee237fc577d6dc0f40d0,1490.6853993375387,1470.653009476628,20.032389860910598,-0.9999999999999999,-1.0,0.19999999999999996,39.94410929628566,120,120,False
5e02be9b08da06f6a74f55d7,LaLiga,2025/2026,HOLDOUT,2025-09-28,15:15,MATCH_KICKOFF_TIME_TIMEZONE_NOT_STATED_BY_SOURCE,,NOT_VERIFIED_DO_NOT_INFER,Elche,Celta,2,1,H,EVALUATION_ONLY_JOIN_AFTER_PREMATCH_FEATURE_FREEZE,2.78,3.13,2.63,EXTERNAL_HISTORICAL_MARKET_BENCHMARK,NOT_AVAILABLE,NOT_GOLDBET,ec426938cf066d8afd6e685075ce8887c4404de2d8f20973e290f33301c88eb7,1509.3754603588995,1495.1426220215014,14.232838337398107,0.8,0.6,0.19999999999999996,-7.214245130498512,44,120,False
439de07d322764a2b5fb0287,LaLiga,2025/2026,HOLDOUT,2025-09-28,17:30,MATCH_KICKOFF_TIME_TIMEZONE_NOT_STATED_BY_SOURCE,,NOT_VERIFIED_DO_NOT_INFER,Barcelona,Sociedad,2,1,H,EVALUATION_ONLY_JOIN_AFTER_PREMATCH_FEATURE_FREEZE,1.35,5.33,7.7,EXTERNAL_HISTORICAL_MARKET_BENCHMARK,NOT_AVAILABLE,NOT_GOLDBET,63051d66978b4da7a6f344fc4d13ec4ec93d6ee34eef1634f78552af6d9f44ef,1623.237136943732,1473.2717168742302,149.96542006950176,1.8,3.0,2.1999999999999997,-19.82595072583831,120,120,False
ee4e543b813bd6cfb3fe6e90,LaLiga,2025/2026,HOLDOUT,2025-09-28,20:00,MATCH_KICKOFF_TIME_TIMEZONE_NOT_STATED_BY_SOURCE,,NOT_VERIFIED_DO_NOT_INFER,Betis,Osasuna,2,0,H,EVALUATION_ONLY_JOIN_AFTER_PREMATCH_FEATURE_FREEZE,1.82,3.57,4.36,EXTERNAL_HISTORICAL_MARKET_BENCHMARK,NOT_AVAILABLE,NOT_GOLDBET,1ee247224a9bae2da57521b8482fe78f665b6f62cd23d99a6eba39e7e07d63b3,1532.6557819479442,1502.7486636345805,29.907118313363753,0.20000000000000018,0.2,1.2000000000000002,-11.584234148161386,120,120,False
b6781b851ff0458705d791b0,LaLiga,2025/2026,HOLDOUT,2025-09-30,19:00,MATCH_KICKOFF_TIME_TIMEZONE_NOT_STATED_BY_SOURCE,,NOT_VERIFIED_DO_NOT_INFER,Valencia,Oviedo,1,2,A,EVALUATION_ONLY_JOIN_AFTER_PREMATCH_FEATURE_FREEZE,1.69,3.55,5.39,EXTERNAL_HISTORICAL_MARKET_BENCHMARK,NOT_AVAILABLE,NOT_GOLDBET,a3d97c66ff996decf5e3c28e788e855e79ac5b82f67ec1869e98ee8f733ea8a4,1505.239533688442,1468.5353496373632,36.704184051078755,0.7999999999999999,0.9999999999999999,2.0,-1.9803282059665435,120,6,False
84f70abaa18b25a5843d683e,LaLiga,2025/2026,HOLDOUT,2025-10-03,20:00,MATCH_KICKOFF_TIME_TIMEZONE_NOT_STATED_BY_SOURCE,,NOT_VERIFIED_DO_NOT_INFER,Osasuna,Getafe,2,1,H,EVALUATION_ONLY_JOIN_AFTER_PREMATCH_FEATURE_FREEZE,2.16,2.83,4.06,EXTERNAL_HISTORICAL_MARKET_BENCHMARK,NOT_AVAILABLE,NOT_GOLDBET,5a36bc00766f802ea55adf5472e64acfa883f45b86a4b4104e4a685835041a96,1495.28014340613,1488.621149214707,6.658994191423062,-0.19999999999999996,0.4,0.8,7.15121631539796,121,121,False
e5fb39e68c4e99a450656ddb,LaLiga,2025/2026,HOLDOUT,2025-10-04,13:00,MATCH_KICKOFF_TIME_TIMEZONE_NOT_STATED_BY_SOURCE,,NOT_VERIFIED_DO_NOT_INFER,Oviedo,Levante,0,2,A,EVALUATION_ONLY_JOIN_AFTER_PREMATCH_FEATURE_FREEZE,2.37,3.22,3.07,EXTERNAL_HISTORICAL_MARKET_BENCHMARK,NOT_AVAILABLE,NOT_GOLDBET,1f048a3ba84b6926fefa255c6063538f7598b01e74b8b8476c65fff9882193ad,1481.2490021705116,1479.5813787745724,1.6676233959392448,0.19999999999999996,-0.39999999999999997,0.0,4.319437034110024,7,7,False
2cb12ab415a1b3c277a94f8f,LaLiga,2025/2026,HOLDOUT,2025-10-04,15:15,MATCH_KICKOFF_TIME_TIMEZONE_NOT_STATED_BY_SOURCE,,NOT_VERIFIED_DO_NOT_INFER,Girona,Valencia,2,1,H,EVALUATION_ONLY_JOIN_AFTER_PREMATCH_FEATURE_FREEZE,2.36,3.27,3.01,EXTERNAL_HISTORICAL_MARKET_BENCHMARK,NOT_AVAILABLE,NOT_GOLDBET,7c96597414c41b2d4190153c0ff63c5fbff4b4ff049034a739c62c83db358cff,1445.33659323014,1492.5258811552935,-47.18928792515362,-0.7999999999999999,-0.7999999999999999,-0.2,-31.208917695696755,121,121,False
9c534143aa916bbee8524e0d,LaLiga,2025/2026,HOLDOUT,2025-10-04,17:30,MATCH_KICKOFF_TIME_TIMEZONE_NOT_STATED_BY_SOURCE,,NOT_VERIFIED_DO_NOT_INFER,Ath Bilbao,Mallorca,2,1,H,EVALUATION_ONLY_JOIN_AFTER_PREMATCH_FEATURE_FREEZE,1.61,3.67,6.03,EXTERNAL_HISTORICAL_MARKET_BENCHMARK,NOT_AVAILABLE,NOT_GOLDBET,4dfdb0c933e257197593ebf3ca4caeb63e81ebdbd5b3eb0a0c9fdeba0cd2f784,1538.9692970270644,1463.7310585917155,75.23823843534888,0.0,-0.19999999999999996,1.2,-16.52424642180381,121,121,False
90492ef822c7563976078814,LaLiga,2025/2026,HOLDOUT,2025-10-04,20:00,MATCH_KICKOFF_TIME_TIMEZONE_NOT_STATED_BY_SOURCE,,NOT_VERIFIED_DO_NOT_INFER,Real Madrid,Villarreal,3,1,H,EVALUATION_ONLY_JOIN_AFTER_PREMATCH_FEATURE_FREEZE,1.39,5.07,6.76,EXTERNAL_HISTORICAL_MARKET_BENCHMARK,NOT_AVAILABLE,NOT_GOLDBET,b7da8fba44a59850bd73ed4a4abda6ed8b01c47aed11a402611805d57ec22fc6,1615.5423946562998,1577.7193028184292,37.82309183787061,0.3999999999999999,0.6000000000000001,1.0,-13.675716442128987,121,121,False
6cccf5bb82be5dc3c700ccda,LaLiga,2025/2026,HOLDOUT,2025-10-05,13:00,MATCH_KICKOFF_TIME_TIMEZONE_NOT_STATED_BY_SOURCE,,NOT_VERIFIED_DO_NOT_INFER,Alaves,Elche,3,1,H,EVALUATION_ONLY_JOIN_AFTER_PREMATCH_FEATURE_FREEZE,2.2,2.92,3.81,EXTERNAL_HISTORICAL_MARKET_BENCHMARK,NOT_AVAILABLE,NOT_GOLDBET,699f09ca55654064d184f7283010215db6fdae15c2380f3b816a14c765bf966e,1483.3312609373554,1517.270796645995,-33.939535708639596,-1.2000000000000002,-1.0,0.20000000000000018,19.647000744831075,83,45,False
82cbbe2dff678989ad85ee1d,LaLiga,2025/2026,HOLDOUT,2025-10-05,15:15,MATCH_KICKOFF_TIME_TIMEZONE_NOT_STATED_BY_SOURCE,,NOT_VERIFIED_DO_NOT_INFER,Sevilla,Barcelona,4,1,H,EVALUATION_ONLY_JOIN_AFTER_PREMATCH_FEATURE_FREEZE,5.73,4.75,1.48,EXTERNAL_HISTORICAL_MARKET_BENCHMARK,NOT_AVAILABLE,NOT_GOLDBET,ddbdda93123b4f52239759af026f8aa142bbc4d91e0ba9e911d503c93ba0e621,1482.916630384927,1627.8359083042567,-144.91927791932972,-0.6000000000000001,-1.7999999999999998,-1.8,12.380338555465642,121,121,False
aa5a29459abe5ca6bc14a8b2,LaLiga,2025/2026,HOLDOUT,2025-10-05,17:30,MATCH_KICKOFF_TIME_TIMEZONE_NOT_STATED_BY_SOURCE,,NOT_VERIFIED_DO_NOT_INFER,Espanol,Betis,1,2,A,EVALUATION_ONLY_JOIN_AFTER_PREMATCH_FEATURE_FREEZE,2.53,3.32,2.74,EXTERNAL_HISTORICAL_MARKET_BENCHMARK,NOT_AVAILABLE,NOT_GOLDBET,ba11754b5057bc33521e054bac5fe656f7a4837e7fb94bcd70601a49bc29c3e2,1504.0044305871897,1540.1243021763946,-36.11987158920488,0.0,-0.6,1.8,6.294512399971154,83,121,False
37bbaf259e7f58c7b69244d9,LaLiga,2025/2026,HOLDOUT,2025-10-05,17:30,MATCH_KICKOFF_TIME_TIMEZONE_NOT_STATED_BY_SOURCE,,NOT_VERIFIED_DO_NOT_INFER,Sociedad,Vallecano,0,1,A,EVALUATION_ONLY_JOIN_AFTER_PREMATCH_FEATURE_FREEZE,2.12,3.33,3.47,EXTERNAL_HISTORICAL_MARKET_BENCHMARK,NOT_AVAILABLE,NOT_GOLDBET,5b3e0f65854cc02a744bc466f00930960b9a9f06297d6c8f890d6ab16b3060e5,1468.6729455137054,1478.4217784292398,-9.748832915534422,0.19999999999999996,0.0,0.19999999999999996,15.135548615352945,121,121,False
41ce62d7eceb35e5fac17416,LaLiga,2025/2026,HOLDOUT,2025-10-05,20:00,MATCH_KICKOFF_TIME_TIMEZONE_NOT_STATED_BY_SOURCE,,NOT_VERIFIED_DO_NOT_INFER,Celta,Ath Madrid,1,1,D,EVALUATION_ONLY_JOIN_AFTER_PREMATCH_FEATURE_FREEZE,4.5,3.71,1.77,EXTERNAL_HISTORICAL_MARKET_BENCHMARK,NOT_AVAILABLE,NOT_GOLDBET,26771b32d08e50958770c51fe620d9159e816d8a6522d7e6b512fccee31d5f7f,1487.247285734406,1568.452162886133,-81.20487715172703,-1.4000000000000001,-1.4,-0.4,-16.22054482849785,121,121,False
7fe02a8516709a53d08c2f30,LaLiga,2025/2026,HOLDOUT,2025-10-17,20:00,MATCH_KICKOFF_TIME_TIMEZONE_NOT_STATED_BY_SOURCE,,NOT_VERIFIED_DO_NOT_INFER,Oviedo,Espanol,0,2,A,EVALUATION_ONLY_JOIN_AFTER_PREMATCH_FEATURE_FREEZE,2.87,3.04,2.61,EXTERNAL_HISTORICAL_MARKET_BENCHMARK,NOT_AVAILABLE,NOT_GOLDBET,ba2d77b41224c1a871b5f773f8af8ce872185d672ec890af5509e83e651b3949,1469.4924725738747,1493.3181855448759,-23.825712971001167,-0.4,-0.7999999999999999,0.35,3.912903358067979,8,84,False
f84aa20413bd520674d89963,LaLiga,2025/2026,HOLDOUT,2025-10-18,13:00,MATCH_KICKOFF_TIME_TIMEZONE_NOT_STATED_BY_SOURCE,,NOT_VERIFIED_DO_NOT_INFER,Sevilla,Mallorca,1,3,A,EVALUATION_ONLY_JOIN_AFTER_PREMATCH_FEATURE_FREEZE,1.83,3.38,4.63,EXTERNAL_HISTORICAL_MARKET_BENCHMARK,NOT_AVAILABLE,NOT_GOLDBET,edaaad1fb5f8251dfe6bae652aaa55a9963b2e9f2df8ac41249502b5192ab247,1495.3132677708145,1457.438166986893,37.875100783921425,1.2,1.2000000000000002,0.6000000000000001,25.76571207054326,122,122,False
b324056d9f0a705810c3f642,LaLiga,2025/2026,HOLDOUT,2025-10-18,15:15,MATCH_KICKOFF_TIME_TIMEZONE_NOT_STATED_BY_SOURCE,,NOT_VERIFIED_DO_NOT_INFER,Barcelona,Girona,2,1,H,EVALUATION_ONLY_JOIN_AFTER_PREMATCH_FEATURE_FREEZE,1.2,7.02,11.91,EXTERNAL_HISTORICAL_MARKET_BENCHMARK,NOT_AVAILABLE,NOT_GOLDBET,584e8831ab53085db42860bf9e2dea8d146c73338d4163faf63ccccb59448f83,1615.4392709183692,1454.9680383058367,160.4712326125325,1.2,2.4,1.4,-17.827957391558357,122,122,False
a18524e77966cb64715aae3a,LaLiga,2025/2026,HOLDOUT,2025-10-18,17:30,MATCH_KICKOFF_TIME_TIMEZONE_NOT_STATED_BY_SOURCE,,NOT_VERIFIED_DO_NOT_INFER,Villarreal,Betis,2,2,D,EVALUATION_ONLY_JOIN_AFTER_PREMATCH_FEATURE_FREEZE,2.06,3.62,3.35,EXTERNAL_HISTORICAL_MARKET_BENCHMARK,NOT_AVAILABLE,NOT_GOLDBET,536a167f83241a5e6320f7b9de33b8a0ccbaee90aa5f7295dc5ed280355869f4,1570.4627624250702,1550.8105472187085,19.65221520636169,-0.19999999999999996,-1.0,1.8,35.894415410203464,122,122,False
a155d634b6e6308d601374a0,LaLiga,2025/2026,HOLDOUT,2025-10-18,20:00,MATCH_KICKOFF_TIME_TIMEZONE_NOT_STATED_BY_SOURCE,,NOT_VERIFIED_DO_NOT_INFER,Ath Madrid,Osasuna,1,0,H,EVALUATION_ONLY_JOIN_AFTER_PREMATCH_FEATURE_FREEZE,1.33,4.98,9.3,EXTERNAL_HISTORICAL_MARKET_BENCHMARK,NOT_AVAILABLE,NOT_GOLDBET,4340a00b202a4f7a86b19afa74e551191f97f7f1fef517520dfd528763b2b54c,1567.8425941482303,1503.384743180528,64.45785096770237,0.8000000000000003,1.2,2.4,8.836679481202736,122,122,False
e105a2dfa6394b614bc31f8e,LaLiga,2025/2026,HOLDOUT,2025-10-19,13:00,MATCH_KICKOFF_TIME_TIMEZONE_NOT_STATED_BY_SOURCE,,NOT_VERIFIED_DO_NOT_INFER,Elche,Ath Bilbao,0,0,D,EVALUATION_ONLY_JOIN_AFTER_PREMATCH_FEATURE_FREEZE,3.97,3.29,1.99,EXTERNAL_HISTORICAL_MARKET_BENCHMARK,NOT_AVAILABLE,NOT_GOLDBET,72730c71ac306278238b1c8aa44e097367d2fc2102b143ffaa39d1605d2c022c,1508.019473559363,1545.2621886318868,-37.24271507252388,0.8,0.6,0.40000000000000013,-4.478018418202282,46,122,False
0b5e592113f51afa142cd5f6,LaLiga,2025/2026,HOLDOUT,2025-10-19,15:15,MATCH_KICKOFF_TIME_TIMEZONE_NOT_STATED_BY_SOURCE,,NOT_VERIFIED_DO_NOT_INFER,Celta,Sociedad,1,1,D,EVALUATION_ONLY_JOIN_AFTER_PREMATCH_FEATURE_FREEZE,1.98,3.41,3.82,EXTERNAL_HISTORICAL_MARKET_BENCHMARK,NOT_AVAILABLE,NOT_GOLDBET,e246a9d389c3823964fd25bf6f52560713cf200ea9f2c8bef54fa708be2165b3,1487.8568544723087,1457.2366024053956,30.620252066913054,0.20000000000000007,0.6000000000000001,0.6000000000000001,-21.066536929128233,122,122,False
534df504304f3d7f06e9abd2,LaLiga,2025/2026,HOLDOUT,2025-10-19,17:30,MATCH_KICKOFF_TIME_TIMEZONE_NOT_STATED_BY_SOURCE,,NOT_VERIFIED_DO_NOT_INFER,Levante,Vallecano,0,3,A,EVALUATION_ONLY_JOIN_AFTER_PREMATCH_FEATURE_FREEZE,2.63,3.25,2.69,EXTERNAL_HISTORICAL_MARKET_BENCHMARK,NOT_AVAILABLE,NOT_GOLDBET,05989d73692141d6ba21458d6244888bc69ed2d1b9c9320c5007906bf8a091db,1491.3379083712093,1489.8581215375496,1.479786833659773,0.8,1.2,-0.8666666666666667,16.030836108895755,8,122,False
6d6d5fdefc8193ce30138603,LaLiga,2025/2026,HOLDOUT,2025-10-19,20:00,MATCH_KICKOFF_TIME_TIMEZONE_NOT_STATED_BY_SOURCE,,NOT_VERIFIED_DO_NOT_INFER,Getafe,Real Madrid,0,1,A,EVALUATION_ONLY_JOIN_AFTER_PREMATCH_FEATURE_FREEZE,7.14,4.42,1.44,EXTERNAL_HISTORICAL_MARKET_BENCHMARK,NOT_AVAILABLE,NOT_GOLDBET,101f496616e9fef15b9edc8859e93cb54f8ac2a5a49b4317f20e06db45b55c81,1480.516549440309,1622.798935049659,-142.28238560934983,-1.4,-1.4,-1.4,-9.31150863488142,122,122,False
a8180f9b9c5501e0675dffc0,LaLiga,2025/2026,HOLDOUT,2025-10-20,20:00,MATCH_KICKOFF_TIME_TIMEZONE_NOT_STATED_BY_SOURCE,,NOT_VERIFIED_DO_NOT_INFER,Alaves,Valencia,0,0,D,EVALUATION_ONLY_JOIN_AFTER_PREMATCH_FEATURE_FREEZE,2.18,3.11,3.59,EXTERNAL_HISTORICAL_MARKET_BENCHMARK,NOT_AVAILABLE,NOT_GOLDBET,a6cfe409a2d860dff895c0733d37b3dca3e4bc47bdd8b7f165f3c925192d5e8e,1492.5825840239875,1482.8944360795967,9.688147944390721,0.5999999999999999,1.4,1.2000000000000002,-15.743624750570234,84,122,False
4f443d79523de344a4520751,LaLiga,2025/2026,HOLDOUT,2025-10-24,20:00,MATCH_KICKOFF_TIME_TIMEZONE_NOT_STATED_BY_SOURCE,,NOT_VERIFIED_DO_NOT_INFER,Sociedad,Sevilla,2,1,H,EVALUATION_ONLY_JOIN_AFTER_PREMATCH_FEATURE_FREEZE,1.94,3.5,3.88,EXTERNAL_HISTORICAL_MARKET_BENCHMARK,NOT_AVAILABLE,NOT_GOLDBET,bce1465820db489c9646c9cdd7aa3166cedf69abf223fbf2c19c3f8b3fc10e59,1459.787282449864,1482.5684239513125,-22.781141501448474,-1.0,-1.0,-0.40000000000000013,-12.475283686894045,123,123,False
d90a9a4e7d2bf1ebf97119a1,LaLiga,2025/2026,HOLDOUT,2025-10-25,13:00,MATCH_KICKOFF_TIME_TIMEZONE_NOT_STATED_BY_SOURCE,,NOT_VERIFIED_DO_NOT_INFER,Girona,Oviedo,3,3,D,EVALUATION_ONLY_JOIN_AFTER_PREMATCH_FEATURE_FREEZE,1.74,3.56,4.95,EXTERNAL_HISTORICAL_MARKET_BENCHMARK,NOT_AVAILABLE,NOT_GOLDBET,919083dcb0f7b5f13c20e7e03619590c7075752ddf14e9321cb8e60e523bc5f3,1450.5799291318724,1458.4550389756298,-7.8751098437574,0.4,0.3999999999999999,0.050000000000000044,8.787486740402528,123,9,False
947539bbc421812ab980ed6a,LaLiga,2025/2026,HOLDOUT,2025-10-25,15:15,MATCH_KICKOFF_TIME_TIMEZONE_NOT_STATED_BY_SOURCE,,NOT_VERIFIED_DO_NOT_INFER,Espanol,Elche,1,0,H,EVALUATION_ONLY_JOIN_AFTER_PREMATCH_FEATURE_FREEZE,1.97,3.33,3.99,EXTERNAL_HISTORICAL_MARKET_BENCHMARK,NOT_AVAILABLE,NOT_GOLDBET,1dcf1eaedd46767c8bf5e0d25df6bc739b2ff40e14c003592f215541c6932b33,1504.3556191431207,1507.3654013776513,-3.009782234530576,-0.6000000000000001,-0.2,0.8,11.669223149291383,85,47,False
979b7f17faa6f7bcaf64695d,LaLiga,2025/2026,HOLDOUT,2025-10-25,17:30,MATCH_KICKOFF_TIME_TIMEZONE_NOT_STATED_BY_SOURCE,,NOT_VERIFIED_DO_NOT_INFER,Ath Bilbao,Getafe,0,1,A,EVALUATION_ONLY_JOIN_AFTER_PREMATCH_FEATURE_FREEZE,1.61,3.5,6.53,EXTERNAL_HISTORICAL_MARKET_BENCHMARK,NOT_AVAILABLE,NOT_GOLDBET,20e6d989962897a8dea444616f8ae686ede840dea651a4c222c630dedd72ffe3,1545.9162608135985,1472.8415213450257,73.07473946857272,0.6,0.6,0.8,-44.14292865645257,123,123,False
56a23bb8c0c400857e2de603,LaLiga,2025/2026,HOLDOUT,2025-10-25,20:00,MATCH_KICKOFF_TIME_TIMEZONE_NOT_STATED_BY_SOURCE,,NOT_VERIFIED_DO_NOT_INFER,Valencia,Villarreal,0,2,A,EVALUATION_ONLY_JOIN_AFTER_PREMATCH_FEATURE_FREEZE,3.61,3.49,2.02,EXTERNAL_HISTORICAL_MARKET_BENCHMARK,NOT_AVAILABLE,NOT_GOLDBET,9185e42e5c4650cf1d4b68b5ead4a7c5f96c1a0bdcd92e99d738580e41efae5b,1484.8737493684605,1568.2095257093285,-83.33577634086805,-1.0,-0.2,0.0,-46.19039932382111,123,123,False
0dac85b2adcfb9e08a47deab,LaLiga,2025/2026,HOLDOUT,2025-10-26,13:00,MATCH_KICKOFF_TIME_TIMEZONE_NOT_STATED_BY_SOURCE,,NOT_VERIFIED_DO_NOT_INFER,Mallorca,Levante,1,1,D,EVALUATION_ONLY_JOIN_AFTER_PREMATCH_FEATURE_FREEZE,1.94,3.36,4.04,EXTERNAL_HISTORICAL_MARKET_BENCHMARK,NOT_AVAILABLE,NOT_GOLDBET,86d10b8447035d7fd4e53705219c49bf8648987357005a85ddc8b5acb4fb9b37,1470.183010806395,1479.5866188345722,-9.403608028177132,0.0,0.2,-0.3999999999999999,2.5591265375187504,123,9,False
92859da142bc04157d87b729,LaLiga,2025/2026,HOLDOUT,2025-10-26,15:15,MATCH_KICKOFF_TIME_TIMEZONE_NOT_STATED_BY_SOURCE,,NOT_VERIFIED_DO_NOT_INFER,Real Madrid,Barcelona,2,1,H,EVALUATION_ONLY_JOIN_AFTER_PREMATCH_FEATURE_FREEZE,1.85,4.28,3.52,EXTERNAL_HISTORICAL_MARKET_BENCHMARK,NOT_AVAILABLE,NOT_GOLDBET,54e5b1504b2288e407e5106a51b14f80d399b42bd9a1b80074e3e07ed228ee76,1630.4739631449422,1619.8273800923334,10.646583052608776,0.0,0.19999999999999996,1.0,45.605141638245414,123,123,False
3d7eb40b6d0e85e3ff5ef620,LaLiga,2025/2026,HOLDOUT,2025-10-26,17:30,MATCH_KICKOFF_TIME_TIMEZONE_NOT_STATED_BY_SOURCE,,NOT_VERIFIED_DO_NOT_INFER,Osasuna,Celta,2,3,A,EVALUATION_ONLY_JOIN_AFTER_PREMATCH_FEATURE_FREEZE,2.37,3.16,3.11,EXTERNAL_HISTORICAL_MARKET_BENCHMARK,NOT_AVAILABLE,NOT_GOLDBET,e544a34bd1dcbcb951c43940d9851818f85fdcc700ede867bad76f6be6d20024,1496.8211818598209,1485.3061744278402,11.51500743198062,0.0,-0.39999999999999997,1.0,33.404732523243865,123,123,False
d284713140b9f7c4c6e83a56,LaLiga,2025/2026,HOLDOUT,2025-10-26,20:00,MATCH_KICKOFF_TIME_TIMEZONE_NOT_STATED_BY_SOURCE,,NOT_VERIFIED_DO_NOT_INFER,Vallecano,Alaves,1,0,H,EVALUATION_ONLY_JOIN_AFTER_PREMATCH_FEATURE_FREEZE,2.2,3.01,3.7,EXTERNAL_HISTORICAL_MARKET_BENCHMARK,NOT_AVAILABLE,NOT_GOLDBET,7db74019d05bf76c34f940d84769e06773f03fa82a53a67c21d24d7a67d97646,1501.6094110741867,1490.6032707351237,11.006140339062995,0.3999999999999999,0.4,-0.5999999999999999,12.200308025660888,123,85,False
1645af484b9c0f7c87881f76,LaLiga,2025/2026,HOLDOUT,2025-10-27,20:00,MATCH_KICKOFF_TIME_TIMEZONE_NOT_STATED_BY_SOURCE,,NOT_VERIFIED_DO_NOT_INFER,Betis,Ath Madrid,0,2,A,EVALUATION_ONLY_JOIN_AFTER_PREMATCH_FEATURE_FREEZE,3.26,3.41,2.16,EXTERNAL_HISTORICAL_MARKET_BENCHMARK,NOT_AVAILABLE,NOT_GOLDBET,184b632f19acdc5e7fefcfeba8d5c4b16bb84dacef2fd71997b684bd089de64d,1553.0637839344502,1574.4061554689374,-21.342371534487256,0.0,0.0,0.8,-10.373993779365719,123,123,False
d766533b3bbb9316f67f3599,LaLiga,2025/2026,HOLDOUT,2025-10-31,20:00,MATCH_KICKOFF_TIME_TIMEZONE_NOT_STATED_BY_SOURCE,,NOT_VERIFIED_DO_NOT_INFER,Getafe,Girona,2,1,H,EVALUATION_ONLY_JOIN_AFTER_PREMATCH_FEATURE_FREEZE,2.12,3,3.96,EXTERNAL_HISTORICAL_MARKET_BENCHMARK,NOT_AVAILABLE,NOT_GOLDBET,fc890f89e0a80969b074f3f3e5385ca50364f7084917e32c6845657b9e84e2a9,1486.4947932715193,1449.0908099531282,37.403983318391056,-0.19999999999999996,-0.2,0.6,2.1836216506080746,124,124,False
cc08a01eeb64c5a3714a5f3e,LaLiga,2025/2026,HOLDOUT,2025-11-01,13:00,MATCH_KICKOFF_TIME_TIMEZONE_NOT_STATED_BY_SOURCE,,NOT_VERIFIED_DO_NOT_INFER,Villarreal,Vallecano,4,0,H,EVALUATION_ONLY_JOIN_AFTER_PREMATCH_FEATURE_FREEZE,1.71,3.83,4.76,EXTERNAL_HISTORICAL_MARKET_BENCHMARK,NOT_AVAILABLE,NOT_GOLDBET,b78c37c708475f808d2b5b9b3f7da0b80842c526b33ddccec5e3909d4ddb2019,1577.5388762587836,1509.5936766036139,67.94519965516974,0.19999999999999996,-0.19999999999999996,1.4000000000000001,41.04628350173948,124,124,False
b3183737e1a18cdccc2442d9,LaLiga,2025/2026,HOLDOUT,2025-11-01,15:15,MATCH_KICKOFF_TIME_TIMEZONE_NOT_STATED_BY_SOURCE,,NOT_VERIFIED_DO_NOT_INFER,Ath Madrid,Sevilla,3,0,H,EVALUATION_ONLY_JOIN_AFTER_PREMATCH_FEATURE_FREEZE,1.34,5.06,8.53,EXTERNAL_HISTORICAL_MARKET_BENCHMARK,NOT_AVAILABLE,NOT_GOLDBET,1defd01033ef1c937e07d475dbe29f260e95c1f44a99210c2df18bad68b883a3,1585.5142425082468,1473.6355897878866,111.87865272036015,1.4000000000000001,1.4,0.8,14.11185273811543,124,124,False
a10c886f667d6f6ef0e5f5a2,LaLiga,2025/2026,HOLDOUT,2025-11-01,17:30,MATCH_KICKOFF_TIME_TIMEZONE_NOT_STATED_BY_SOURCE,,NOT_VERIFIED_DO_NOT_INFER,Sociedad,Ath Bilbao,3,2,H,EVALUATION_ONLY_JOIN_AFTER_PREMATCH_FEATURE_FREEZE,2.71,2.88,2.91,EXTERNAL_HISTORICAL_MARKET_BENCHMARK,NOT_AVAILABLE,NOT_GOLDBET,59b42616c5f778a89529fddc2ad7efe3c775be587196c9c6be93e0a11720d8bf,1468.72011661329,1532.262988887105,-63.542872273814965,0.3999999999999999,0.2,0.0,15.831309473463534,124,124,False
9d03c2f66df3fb2ec412fd44,LaLiga,2025/2026,HOLDOUT,2025-11-01,20:00,MATCH_KICKOFF_TIME_TIMEZONE_NOT_STATED_BY_SOURCE,,NOT_VERIFIED_DO_NOT_INFER,Real Madrid,Valencia,4,0,H,EVALUATION_ONLY_JOIN_AFTER_PREMATCH_FEATURE_FREEZE,1.13,8.76,17.47,EXTERNAL_HISTORICAL_MARKET_BENCHMARK,NOT_AVAILABLE,NOT_GOLDBET,9eb78abf8f92ac18b12a6815d7921f5a8bd5cf6be2581e010326329f57f5c8ff,1638.4681591383608,1475.5443988190054,162.92376031935532,2.0,1.6,2.6,48.27000612972756,124,124,False
26b845b8cd5628394c7ba6bf,LaLiga,2025/2026,HOLDOUT,2025-11-02,13:00,MATCH_KICKOFF_TIME_TIMEZONE_NOT_STATED_BY_SOURCE,,NOT_VERIFIED_DO_NOT_INFER,Levante,Celta,1,2,A,EVALUATION_ONLY_JOIN_AFTER_PREMATCH_FEATURE_FREEZE,3.06,3.34,2.32,EXTERNAL_HISTORICAL_MARKET_BENCHMARK,NOT_AVAILABLE,NOT_GOLDBET,3c932d2f54d38ebe02c3e67a008b699207f6cb26df41e8781c062345177eebd4,1481.0326919265706,1497.3359560042263,-16.30326407765574,-0.19999999999999996,-0.8,-1.35,3.702536216761473,10,124,False
5bb601cb6e93fc439f158d50,LaLiga,2025/2026,HOLDOUT,2025-11-02,15:15,MATCH_KICKOFF_TIME_TIMEZONE_NOT_STATED_BY_SOURCE,,NOT_VERIFIED_DO_NOT_INFER,Alaves,Espanol,2,1,H,EVALUATION_ONLY_JOIN_AFTER_PREMATCH_FEATURE_FREEZE,2.41,3.03,3.17,EXTERNAL_HISTORICAL_MARKET_BENCHMARK,NOT_AVAILABLE,NOT_GOLDBET,aa0e898dcf4dfdbc1f8eedaee50e0c2765ccea5b28bccef132c88bcd3f00f232,1482.6190052056966,1512.729863688095,-30.1108584823985,-0.6000000000000001,-0.4,0.6000000000000001,-3.449800051746479,86,86,False
7d52c0f688c3f97354e923cb,LaLiga,2025/2026,HOLDOUT,2025-11-02,17:30,MATCH_KICKOFF_TIME_TIMEZONE_NOT_STATED_BY_SOURCE,,NOT_VERIFIED_DO_NOT_INFER,Barcelona,Elche,3,1,H,EVALUATION_ONLY_JOIN_AFTER_PREMATCH_FEATURE_FREEZE,1.19,7.24,12.59,EXTERNAL_HISTORICAL_MARKET_BENCHMARK,NOT_AVAILABLE,NOT_GOLDBET,10ba7c337c5016c6357dc3fddb9e636110eed8cf96b41908bdadcc72af295c48,1611.833184098915,1498.991156832677,112.84202726623789,0.8,0.4,1.7999999999999998,-2.9059923133852408,124,48,False
7065deb56f41893d70354660,LaLiga,2025/2026,HOLDOUT,2025-11-02,20:00,MATCH_KICKOFF_TIME_TIMEZONE_NOT_STATED_BY_SOURCE,,NOT_VERIFIED_DO_NOT_INFER,Betis,Mallorca,3,0,H,EVALUATION_ONLY_JOIN_AFTER_PREMATCH_FEATURE_FREEZE,1.54,4.22,5.81,EXTERNAL_HISTORICAL_MARKET_BENCHMARK,NOT_AVAILABLE,NOT_GOLDBET,6866cc361f55aa0ad9cb8c4e9a077e3d8c8ee7c8f8893b291522ee8bed57a4f9,1541.9556968951408,1468.7369377143966,73.2187591807442,0.6000000000000001,0.39999999999999997,1.2000000000000002,30.375407290668363,124,124,False
ca36c2364921a78e20a4a945,LaLiga,2025/2026,HOLDOUT,2025-11-03,20:00,MATCH_KICKOFF_TIME_TIMEZONE_NOT_STATED_BY_SOURCE,,NOT_VERIFIED_DO_NOT_INFER,Oviedo,Osasuna,0,0,D,EVALUATION_ONLY_JOIN_AFTER_PREMATCH_FEATURE_FREEZE,3.08,3.08,2.43,EXTERNAL_HISTORICAL_MARKET_BENCHMARK,NOT_AVAILABLE,NOT_GOLDBET,fa6b7ac12f528b7a4989a94153a13c18267a73f19cfede4142f3e9310cd42d5d,1459.944158154374,1484.7914002834348,-24.84724212906076,0.0,-0.4,0.6,-7.597938093668972,10,124,False
5e04f1fc0e15b56f992af5b9,LaLiga,2025/2026,HOLDOUT,2025-11-07,20:00,MATCH_KICKOFF_TIME_TIMEZONE_NOT_STATED_BY_SOURCE,,NOT_VERIFIED_DO_NOT_INFER,Elche,Sociedad,1,1,D,EVALUATION_ONLY_JOIN_AFTER_PREMATCH_FEATURE_FREEZE,2.96,3.11,2.49,EXTERNAL_HISTORICAL_MARKET_BENCHMARK,NOT_AVAILABLE,NOT_GOLDBET,d29765656aeac5132f066d386b600a168d5b378322e50ee46d9286d0cdb16304,1493.5924816893514,1478.8220851400338,14.770396549317638,-0.5999999999999999,-0.8,1.8000000000000003,7.115538429816297,49,125,False
8186f21281eb60fe00afbd1a,LaLiga,2025/2026,HOLDOUT,2025-11-08,13:00,MATCH_KICKOFF_TIME_TIMEZONE_NOT_STATED_BY_SOURCE,,NOT_VERIFIED_DO_NOT_INFER,Girona,Alaves,1,0,H,EVALUATION_ONLY_JOIN_AFTER_PREMATCH_FEATURE_FREEZE,2.13,3.24,3.54,EXTERNAL_HISTORICAL_MARKET_BENCHMARK,NOT_AVAILABLE,NOT_GOLDBET,3e9a3bed4757d211afbceb7744a65ffffc1d9968a74c8be6e9caefba674aeb70,1441.823110883105,1491.7608425438737,-49.93773166076858,-0.3999999999999999,-0.4,0.19999999999999996,17.60420020171796,125,87,False
ba2d3f4518ab5200e5095a28,LaLiga,2025/2026,HOLDOUT,2025-11-08,15:15,MATCH_KICKOFF_TIME_TIMEZONE_NOT_STATED_BY_SOURCE,,NOT_VERIFIED_DO_NOT_INFER,Sevilla,Osasuna,1,0,H,EVALUATION_ONLY_JOIN_AFTER_PREMATCH_FEATURE_FREEZE,2.26,3.2,3.31,EXTERNAL_HISTORICAL_MARKET_BENCHMARK,NOT_AVAILABLE,NOT_GOLDBET,a853003a02a904f13881623d7306273505a58a6a9d394c13361e8f45dd4d982c,1468.2150292859683,1485.7997395625139,-17.584710276545593,0.3999999999999999,0.19999999999999996,0.6000000000000001,17.378228338740655,125,125,False
b250a7d9dde28ad591cb9467,LaLiga,2025/2026,HOLDOUT,2025-11-08,17:30,MATCH_KICKOFF_TIME_TIMEZONE_NOT_STATED_BY_SOURCE,,NOT_VERIFIED_DO_NOT_INFER,Ath Madrid,Levante,3,1,H,EVALUATION_ONLY_JOIN_AFTER_PREMATCH_FEATURE_FREEZE,1.22,6.58,12.06,EXTERNAL_HISTORICAL_MARKET_BENCHMARK,NOT_AVAILABLE,NOT_GOLDBET,bba0d91270c3cb383ab580cb71f62d7791dc7016e53e8bfab283b95a97e71bc1,1590.934803010165,1469.7815884400068,121.1532145701583,1.6,2.2,1.4,42.75341013574166,125,11,False
f290afaa8ba67114aafda425,LaLiga,2025/2026,HOLDOUT,2025-11-08,20:00,MATCH_KICKOFF_TIME_TIMEZONE_NOT_STATED_BY_SOURCE,,NOT_VERIFIED_DO_NOT_INFER,Espanol,Villarreal,0,2,A,EVALUATION_ONLY_JOIN_AFTER_PREMATCH_FEATURE_FREEZE,2.77,3.41,2.47,EXTERNAL_HISTORICAL_MARKET_BENCHMARK,NOT_AVAILABLE,NOT_GOLDBET,657fd69318ab0a141a45889fe52d706800a067854c7d7feb1bb2472962aac7b9,1503.588026349918,1584.0142241245355,-80.42619777461755,-0.6000000000000001,-0.8,0.6000000000000001,-52.490816265330295,87,125,False
5907897d15843a148150b449,LaLiga,2025/2026,HOLDOUT,2025-11-09,13:00,MATCH_KICKOFF_TIME_TIMEZONE_NOT_STATED_BY_SOURCE,,NOT_VERIFIED_DO_NOT_INFER,Ath Bilbao,Oviedo,1,0,H,EVALUATION_ONLY_JOIN_AFTER_PREMATCH_FEATURE_FREEZE,1.58,3.61,6.62,EXTERNAL_HISTORICAL_MARKET_BENCHMARK,NOT_AVAILABLE,NOT_GOLDBET,4ed53b40b848d5136366e61177ebcef17be97f6b9551c5c894b2fdf72d0d2f23,1522.1610203603611,1458.935818875295,63.225201485066236,-0.19999999999999996,0.19999999999999996,0.5999999999999999,13.975634000507625,125,11,False
289337185d0c6de117ad8158,LaLiga,2025/2026,HOLDOUT,2025-11-09,15:15,MATCH_KICKOFF_TIME_TIMEZONE_NOT_STATED_BY_SOURCE,,NOT_VERIFIED_DO_NOT_INFER,Vallecano,Real Madrid,0,0,D,EVALUATION_ONLY_JOIN_AFTER_PREMATCH_FEATURE_FREEZE,5.83,4.65,1.49,EXTERNAL_HISTORICAL_MARKET_BENCHMARK,NOT_AVAILABLE,NOT_GOLDBET,43e2e6213e1c5dfbb0ee46120d36a159a105b15c62197438a500838492b16c38,1503.118328737862,1642.8081014504094,-139.68977271254744,-0.5999999999999999,-1.0,-1.2,-42.60745627755841,125,125,False
40d90f1674fc736178f975c3,LaLiga,2025/2026,HOLDOUT,2025-11-09,17:30,MATCH_KICKOFF_TIME_TIMEZONE_NOT_STATED_BY_SOURCE,,NOT_VERIFIED_DO_NOT_INFER,Mallorca,Getafe,1,0,H,EVALUATION_ONLY_JOIN_AFTER_PREMATCH_FEATURE_FREEZE,2.57,2.8,3.21,EXTERNAL_HISTORICAL_MARKET_BENCHMARK,NOT_AVAILABLE,NOT_GOLDBET,c109f0ac73ea3415ead2004f6ed91c69f1ad3e43ddee50dec8d5a46dc34b4cc6,1462.3938010798026,1493.7624923415424,-31.36869126173974,0.0,-0.2,0.0,-8.411508134339101,125,125,False
cced563177c5a20fca5a38b9,LaLiga,2025/2026,HOLDOUT,2025-11-09,17:30,MATCH_KICKOFF_TIME_TIMEZONE_NOT_STATED_BY_SOURCE,,NOT_VERIFIED_DO_NOT_INFER,Valencia,Betis,1,1,D,EVALUATION_ONLY_JOIN_AFTER_PREMATCH_FEATURE_FREEZE,3.4,3.42,2.12,EXTERNAL_HISTORICAL_MARKET_BENCHMARK,NOT_AVAILABLE,NOT_GOLDBET,7a9cef78b7fed85ea80fc806d3e90bbea82c12029f3f6d566bc46e51e2bd15cd,1471.2044565069568,1548.2988335297348,-77.09437702277796,-1.8,-2.4000000000000004,0.0,-1.4453476181988663,125,125,False
dd76c78f44c1c61921c1f750,LaLiga,2025/2026,HOLDOUT,2025-11-09,20:00,MATCH_KICKOFF_TIME_TIMEZONE_NOT_STATED_BY_SOURCE,,NOT_VERIFIED_DO_NOT_INFER,Celta,Barcelona,2,4,A,EVALUATION_ONLY_JOIN_AFTER_PREMATCH_FEATURE_FREEZE,4.07,4.26,1.73,EXTERNAL_HISTORICAL_MARKET_BENCHMARK,NOT_AVAILABLE,NOT_GOLDBET,52fd94171c08c6e4058719a0cb0709645c57a140e91d90de636d9ab96aa0ad6b,1508.5870594907901,1617.2318592422405,-108.64479975145036,-0.19999999999999996,0.2,-0.3999999999999999,-5.540681221158593,125,125,False
119499198972d09f3e44c044,LaLiga,2025/2026,HOLDOUT,2025-11-21,20:00,MATCH_KICKOFF_TIME_TIMEZONE_NOT_STATED_BY_SOURCE,,NOT_VERIFIED_DO_NOT_INFER,Valencia,Levante,1,0,H,EVALUATION_ONLY_JOIN_AFTER_PREMATCH_FEATURE_FREEZE,2.02,3.42,3.7,EXTERNAL_HISTORICAL_MARKET_BENCHMARK,NOT_AVAILABLE,NOT_GOLDBET,c34cd89a49db0c74ae759534654664a685acef39ff056a65356591a4737ccd7c,1471.6960755893415,1464.5693932324632,7.126682356878291,-0.4,-0.5999999999999999,-0.20000000000000018,32.66696042054082,126,12,False
f8e6b5aad5f5532c174dd96c,LaLiga,2025/2026,HOLDOUT,2025-11-22,13:00,MATCH_KICKOFF_TIME_TIMEZONE_NOT_STATED_BY_SOURCE,,NOT_VERIFIED_DO_NOT_INFER,Alaves,Celta,0,1,A,EVALUATION_ONLY_JOIN_AFTER_PREMATCH_FEATURE_FREEZE,2.64,3.01,2.87,EXTERNAL_HISTORICAL_MARKET_BENCHMARK,NOT_AVAILABLE,NOT_GOLDBET,e7c748f5946a820b51a438b0596fc6e9edb57009b6d3a5d88f46e20940d421d7,1482.0503769609109,1499.9780917279988,-17.92771476708799,-0.20000000000000018,0.2,0.0,-32.88937598983648,88,126,False
fca8e5abd81f5c89f1e257a9,LaLiga,2025/2026,HOLDOUT,2025-11-22,15:15,MATCH_KICKOFF_TIME_TIMEZONE_NOT_STATED_BY_SOURCE,,NOT_VERIFIED_DO_NOT_INFER,Barcelona,Ath Bilbao,4,0,H,EVALUATION_ONLY_JOIN_AFTER_PREMATCH_FEATURE_FREEZE,1.41,5.01,6.67,EXTERNAL_HISTORICAL_MARKET_BENCHMARK,NOT_AVAILABLE,NOT_GOLDBET,e73cb6f4d75ca58a40556a0ad052b6b254ea8c1fc35b331f852383c3686e0841,1625.8408270050318,1528.7559085514495,97.0849184535823,0.40000000000000013,0.2,2.2,40.737771834896876,126,126,False
fbda0e31737277bb1efa3536,LaLiga,2025/2026,HOLDOUT,2025-11-22,17:30,MATCH_KICKOFF_TIME_TIMEZONE_NOT_STATED_BY_SOURCE,,NOT_VERIFIED_DO_NOT_INFER,Osasuna,Sociedad,1,3,A,EVALUATION_ONLY_JOIN_AFTER_PREMATCH_FEATURE_FREEZE,2.67,2.96,2.9,EXTERNAL_HISTORICAL_MARKET_BENCHMARK,NOT_AVAILABLE,NOT_GOLDBET,cb19b33ca3e22b88f7f5452553413444b5993e67362c745187a2ce1877c7f994,1477.0145207812482,1480.9415308399996,-3.9270100587514207,-0.8,-0.6000000000000001,1.6,-0.95468443963955,126,126,False
0042d3e3df571a474d764103,LaLiga,2025/2026,HOLDOUT,2025-11-22,20:00,MATCH_KICKOFF_TIME_TIMEZONE_NOT_STATED_BY_SOURCE,,NOT_VERIFIED_DO_NOT_INFER,Villarreal,Mallorca,2,1,H,EVALUATION_ONLY_JOIN_AFTER_PREMATCH_FEATURE_FREEZE,1.39,4.85,7.59,EXTERNAL_HISTORICAL_MARKET_BENCHMARK,NOT_AVAILABLE,NOT_GOLDBET,3189af9277172c9a7380536efee0ca734f74a84fb82e4d5fead73c811a93608c,1593.4269873163569,1471.5715861498832,121.85540116647371,0.6000000000000001,1.4,2.0,22.964204265573244,126,126,False
22a38a6e4a6b56ba41258575,LaLiga,2025/2026,HOLDOUT,2025-11-23,13:00,MATCH_KICKOFF_TIME_TIMEZONE_NOT_STATED_BY_SOURCE,,NOT_VERIFIED_DO_NOT_INFER,Oviedo,Vallecano,0,0,D,EVALUATION_ONLY_JOIN_AFTER_PREMATCH_FEATURE_FREEZE,3.44,3.18,2.2,EXTERNAL_HISTORICAL_MARKET_BENCHMARK,NOT_AVAILABLE,NOT_GOLDBET,45185260f3701d8b48e524e3b272b99f14acd72a3a41d6d52036dc07122a9a64,1452.3409306842066,1505.372591537752,-53.03166085354542,-1.6,-1.2,-0.3999999999999999,-48.10583764682292,12,126,False
b609892a33050532624f8c66,LaLiga,2025/2026,HOLDOUT,2025-11-23,15:15,MATCH_KICKOFF_TIME_TIMEZONE_NOT_STATED_BY_SOURCE,,NOT_VERIFIED_DO_NOT_INFER,Betis,Girona,1,1,D,EVALUATION_ONLY_JOIN_AFTER_PREMATCH_FEATURE_FREEZE,1.5,4.52,5.83,EXTERNAL_HISTORICAL_MARKET_BENCHMARK,NOT_AVAILABLE,NOT_GOLDBET,f6842d2c3c992b68287f8c7655f72a97a70ef00f0da744a667fd8a6b2b47e03e,1547.8072144473501,1451.5335764660679,96.27363798128226,0.20000000000000018,0.4,1.4,8.827783167572989,126,126,False
8cf58e838f4dfd342656aec7,LaLiga,2025/2026,HOLDOUT,2025-11-23,17:30,MATCH_KICKOFF_TIME_TIMEZONE_NOT_STATED_BY_SOURCE,,NOT_VERIFIED_DO_NOT_INFER,Getafe,Ath Madrid,0,1,A,EVALUATION_ONLY_JOIN_AFTER_PREMATCH_FEATURE_FREEZE,4.89,3.25,1.83,EXTERNAL_HISTORICAL_MARKET_BENCHMARK,NOT_AVAILABLE,NOT_GOLDBET,cb6cff82f2d18775f4caec64e7212f21242db3ae6fb84e4889707569e76b3342,1484.5847072714619,1596.1469982177086,-111.56229094624678,-1.4000000000000001,-1.8,0.40000000000000013,17.673391845008155,126,126,False
31c99ad2da8565f720e56540,LaLiga,2025/2026,HOLDOUT,2025-11-23,20:00,MATCH_KICKOFF_TIME_TIMEZONE_NOT_STATED_BY_SOURCE,,NOT_VERIFIED_DO_NOT_INFER,Elche,Real Madrid,2,2,D,EVALUATION_ONLY_JOIN_AFTER_PREMATCH_FEATURE_FREEZE,6.8,5.13,1.4,EXTERNAL_HISTORICAL_MARKET_BENCHMARK,NOT_AVAILABLE,NOT_GOLDBET,0719cc67b15eb80ea372b2c83c6f15c764a471327b90f333347558ed125d1ed2,1491.4730359893856,1640.5538386505193,-149.0808026611337,-2.2,-2.6,0.20000000000000018,-6.624324391325217,50,126,False
56eeeadef8a3aeb5b17075e3,LaLiga,2025/2026,HOLDOUT,2025-11-24,20:00,MATCH_KICKOFF_TIME_TIMEZONE_NOT_STATED_BY_SOURCE,,NOT_VERIFIED_DO_NOT_INFER,Espanol,Sevilla,2,1,H,EVALUATION_ONLY_JOIN_AFTER_PREMATCH_FEATURE_FREEZE,1.82,3.63,4.3,EXTERNAL_HISTORICAL_MARKET_BENCHMARK,NOT_AVAILABLE,NOT_GOLDBET,2733a73e365f826ee0308ff5c2f6373942c9a013cbac996bfea5d0b5836f2ef1,1494.1752631580966,1477.000248067234,17.175015090862644,0.0,0.2,-0.40000000000000013,-6.5519868707242495,88,126,False
ab79ff5c345d517e56c223ee,LaLiga,2025/2026,HOLDOUT,2025-11-28,20:00,MATCH_KICKOFF_TIME_TIMEZONE_NOT_STATED_BY_SOURCE,,NOT_VERIFIED_DO_NOT_INFER,Getafe,Elche,1,0,H,EVALUATION_ONLY_JOIN_AFTER_PREMATCH_FEATURE_FREEZE,2.24,2.89,3.74,EXTERNAL_HISTORICAL_MARKET_BENCHMARK,NOT_AVAILABLE,NOT_GOLDBET,5b5d0659e56498698c7b6c60b2330baa22c252cca0eba034a30a854b1720be2b,1476.057988811977,1493.9822432421133,-17.924254430136216,0.6,0.39999999999999997,0.6,-20.896022110115837,127,51,False
ad4f84a1592411cf0909c105,LaLiga,2025/2026,HOLDOUT,2025-11-29,13:00,MATCH_KICKOFF_TIME_TIMEZONE_NOT_STATED_BY_SOURCE,,NOT_VERIFIED_DO_NOT_INFER,Mallorca,Osasuna,2,2,D,EVALUATION_ONLY_JOIN_AFTER_PREMATCH_FEATURE_FREEZE,2.39,3.04,3.2,EXTERNAL_HISTORICAL_MARKET_BENCHMARK,NOT_AVAILABLE,NOT_GOLDBET,82ada5da0c44b341dc010cbeadff67b52a3436c5582f7c7e9435d80b0db90bdc,1466.3749535364016,1465.4144784697467,0.960475066654908,1.2,0.8,1.6,28.359115260402632,127,127,False
734ae38c6a63f3578d6167a0,LaLiga,2025/2026,HOLDOUT,2025-11-29,15:15,MATCH_KICKOFF_TIME_TIMEZONE_NOT_STATED_BY_SOURCE,,NOT_VERIFIED_DO_NOT_INFER,Barcelona,Alaves,3,1,H,EVALUATION_ONLY_JOIN_AFTER_PREMATCH_FEATURE_FREEZE,1.25,6.14,10.02,EXTERNAL_HISTORICAL_MARKET_BENCHMARK,NOT_AVAILABLE,NOT_GOLDBET,3e39c3e05c183ee7fb41660e916c1f3c8a671a723e431e3704b6d8020d242892,1631.6043708262032,1470.8453236812275,160.75904714497574,1.5999999999999999,2.0,2.2,36.548242574542655,127,89,False
1f00e0020611f8c07bf003c4,LaLiga,2025/2026,HOLDOUT,2025-11-29,17:30,MATCH_KICKOFF_TIME_TIMEZONE_NOT_STATED_BY_SOURCE,,NOT_VERIFIED_DO_NOT_INFER,Levante,Ath Bilbao,0,2,A,EVALUATION_ONLY_JOIN_AFTER_PREMATCH_FEATURE_FREEZE,3.78,3.33,2.02,EXTERNAL_HISTORICAL_MARKET_BENCHMARK,NOT_AVAILABLE,NOT_GOLDBET,eb670205cda0f4efaf5176ddd86efdf82624626e121448e9656a974a401b0760,1456.4777676900449,1522.992364730278,-66.51459704023318,-0.6000000000000001,-0.3999999999999999,0.0,-2.8699580900656656,13,127,False
9e68df821b56f62f90db597b,LaLiga,2025/2026,HOLDOUT,2025-11-29,20:00,MATCH_KICKOFF_TIME_TIMEZONE_NOT_STATED_BY_SOURCE,,NOT_VERIFIED_DO_NOT_INFER,Ath Madrid,Oviedo,2,0,H,EVALUATION_ONLY_JOIN_AFTER_PREMATCH_FEATURE_FREEZE,1.23,6.03,12.5,EXTERNAL_HISTORICAL_MARKET_BENCHMARK,NOT_AVAILABLE,NOT_GOLDBET,84cd468828cb438fc60d0b7148c3ee416d55116afc11aa5c45c7b655af18765e,1604.6737166771934,1452.1403926501353,152.53332402705814,2.4,2.4,2.2,5.645457151207211,127,13,False
e22097064590f1b9ab7d2cbf,LaLiga,2025/2026,HOLDOUT,2025-11-30,13:00,MATCH_KICKOFF_TIME_TIMEZONE_NOT_STATED_BY_SOURCE,,NOT_VERIFIED_DO_NOT_INFER,Sociedad,Villarreal,2,3,A,EVALUATION_ONLY_JOIN_AFTER_PREMATCH_FEATURE_FREEZE,2.82,3.28,2.5,EXTERNAL_HISTORICAL_MARKET_BENCHMARK,NOT_AVAILABLE,NOT_GOLDBET,11d7215aeb7d2fc495a1fb2fa1bc79b408c34a0d1325a6a3a28aa01826c3cbc2,1492.541573151501,1598.6236199298385,-106.08204677833737,-0.3999999999999999,-1.0,0.0,-9.42846318185184,127,127,False
2bffd2d2fde2b53421181fcd,LaLiga,2025/2026,HOLDOUT,2025-11-30,15:15,MATCH_KICKOFF_TIME_TIMEZONE_NOT_STATED_BY_SOURCE,,NOT_VERIFIED_DO_NOT_INFER,Sevilla,Betis,0,2,A,EVALUATION_ONLY_JOIN_AFTER_PREMATCH_FEATURE_FREEZE,2.69,3.22,2.66,EXTERNAL_HISTORICAL_MARKET_BENCHMARK,NOT_AVAILABLE,NOT_GOLDBET,f2d9cb868a661d592b6fde048c4bebf7afdb4db53af3607680beae539b6aa46f,1469.1856974094446,1543.5899368844136,-74.40423947496902,-0.6,-1.4,0.0,-10.725838783162999,127,127,False
0bc658de9c417e4a500f9c0e,LaLiga,2025/2026,HOLDOUT,2025-11-30,17:30,MATCH_KICKOFF_TIME_TIMEZONE_NOT_STATED_BY_SOURCE,,NOT_VERIFIED_DO_NOT_INFER,Celta,Espanol,0,1,A,EVALUATION_ONLY_JOIN_AFTER_PREMATCH_FEATURE_FREEZE,1.89,3.43,4.2,EXTERNAL_HISTORICAL_MARKET_BENCHMARK,NOT_AVAILABLE,NOT_GOLDBET,03789f21f3559a1acb9df2f6bdfc992905628df539ff0f6b9dd9057ee4e8a4d1,1511.1831450076822,1501.989813815886,9.193331191796233,0.19999999999999996,0.0,-0.19999999999999996,2.776272209189301,127,89,False
753c035d3d650cfc11c67192,LaLiga,2025/2026,HOLDOUT,2025-11-30,20:00,MATCH_KICKOFF_TIME_TIMEZONE_NOT_STATED_BY_SOURCE,,NOT_VERIFIED_DO_NOT_INFER,Girona,Real Madrid,1,1,D,EVALUATION_ONLY_JOIN_AFTER_PREMATCH_FEATURE_FREEZE,7.19,5.42,1.36,EXTERNAL_HISTORICAL_MARKET_BENCHMARK,NOT_AVAILABLE,NOT_GOLDBET,c45f1782f4cfcead7d2341446540b3e906c8d15697cd11aff6a79126fae58db3,1455.7508540290044,1638.0446313977916,-182.29377736878723,-1.2000000000000002,-1.4,0.0,5.89549341556949,127,127,False
3313a6bea46bd534e07c810c,LaLiga,2025/2026,HOLDOUT,2025-12-01,20:00,MATCH_KICKOFF_TIME_TIMEZONE_NOT_STATED_BY_SOURCE,,NOT_VERIFIED_DO_NOT_INFER,Vallecano,Valencia,1,1,D,EVALUATION_ONLY_JOIN_AFTER_PREMATCH_FEATURE_FREEZE,2.04,3.18,3.94,EXTERNAL_HISTORICAL_MARKET_BENCHMARK,NOT_AVAILABLE,NOT_GOLDBET,630eb42a7a4b8bb77f577670fc804231c4056f8c5605f41158b38bfb16b44d68,1505.5731295718233,1479.7877011317598,25.78542844006347,0.6000000000000001,1.0,0.7999999999999999,-11.49988162682871,127,127,False
353820485804fd7b645826f7,LaLiga,2025/2026,HOLDOUT,2025-12-02,20:00,MATCH_KICKOFF_TIME_TIMEZONE_NOT_STATED_BY_SOURCE,,NOT_VERIFIED_DO_NOT_INFER,Barcelona,Ath Madrid,3,1,H,EVALUATION_ONLY_JOIN_AFTER_PREMATCH_FEATURE_FREEZE,1.68,4.24,4.38,EXTERNAL_HISTORICAL_MARKET_BENCHMARK,NOT_AVAILABLE,NOT_GOLDBET,6da5cfe0ca359f36ba87bd1d7c0ad51543cdeb8c6d7c4a0e7806f30eaa1da4dc,1635.9868075668433,1609.220348940167,26.76645862667624,-0.6000000000000001,-0.19999999999999996,1.2,40.88946992342926,128,128,False
78b147321e671819fff15d55,LaLiga,2025/2026,HOLDOUT,2025-12-03,18:00,MATCH_KICKOFF_TIME_TIMEZONE_NOT_STATED_BY_SOURCE,,NOT_VERIFIED_DO_NOT_INFER,Ath Bilbao,Real Madrid,0,3,A,EVALUATION_ONLY_JOIN_AFTER_PREMATCH_FEATURE_FREEZE,4.19,3.63,1.83,EXTERNAL_HISTORICAL_MARKET_BENCHMARK,NOT_AVAILABLE,NOT_GOLDBET,f98341faa07fe46f9f151999770ec6008b3054331bf302841a8f05224c744ca4,1532.8048815262675,1634.663241334688,-101.85835980842057,-0.6000000000000001,-1.6,0.19999999999999996,-12.579589227780843,128,128,False
7b0b00a56319eb99c067e468,LaLiga,2025/2026,HOLDOUT,2025-12-05,20:00,MATCH_KICKOFF_TIME_TIMEZONE_NOT_STATED_BY_SOURCE,,NOT_VERIFIED_DO_NOT_INFER,Oviedo,Mallorca,0,0,D,EVALUATION_ONLY_JOIN_AFTER_PREMATCH_FEATURE_FREEZE,2.6,2.94,2.97,EXTERNAL_HISTORICAL_MARKET_BENCHMARK,NOT_AVAILABLE,NOT_GOLDBET,1130bce4ac63a02b227ded437a1bc3e0b4281832d2632a5f89e59f37e18d3235,1447.5937603871616,1464.6381563501714,-17.04439596300972,-0.4,0.0,-0.19999999999999996,-1.31352317334904,14,128,False
5c237520af992a4d29c50450,LaLiga,2025/2026,HOLDOUT,2025-12-06,13:00,MATCH_KICKOFF_TIME_TIMEZONE_NOT_STATED_BY_SOURCE,,NOT_VERIFIED_DO_NOT_INFER,Villarreal,Getafe,2,0,H,EVALUATION_ONLY_JOIN_AFTER_PREMATCH_FEATURE_FREEZE,1.63,3.65,5.85,EXTERNAL_HISTORICAL_MARKET_BENCHMARK,NOT_AVAILABLE,NOT_GOLDBET,2a1fba7695f00e45b2f634aaf57bf36b88b2ae4174f9c23f6ca45c955ac8ef1b,1607.3049953611326,1484.8528373822019,122.4521579789307,1.2,1.8,2.0,-17.072300336594935,128,128,False
9d671c5fec6f3db3166698c5,LaLiga,2025/2026,HOLDOUT,2025-12-06,15:15,MATCH_KICKOFF_TIME_TIMEZONE_NOT_STATED_BY_SOURCE,,NOT_VERIFIED_DO_NOT_INFER,Alaves,Sociedad,1,0,H,EVALUATION_ONLY_JOIN_AFTER_PREMATCH_FEATURE_FREEZE,2.7,2.94,2.87,EXTERNAL_HISTORICAL_MARKET_BENCHMARK,NOT_AVAILABLE,NOT_GOLDBET,8183ea8ad6adbcfd39c1b74d40579f11288f855bd5d8478bf44426d180b3eff6,1466.4628869405874,1483.860197720207,-17.397310779619602,-1.4,-1.4,0.3999999999999999,0.7365625921465835,90,128,False
beb2a81f547c9f97f3502aae,LaLiga,2025/2026,HOLDOUT,2025-12-06,17:30,MATCH_KICKOFF_TIME_TIMEZONE_NOT_STATED_BY_SOURCE,,NOT_VERIFIED_DO_NOT_INFER,Betis,Barcelona,3,5,A,EVALUATION_ONLY_JOIN_AFTER_PREMATCH_FEATURE_FREEZE,3.61,4.11,1.86,EXTERNAL_HISTORICAL_MARKET_BENCHMARK,NOT_AVAILABLE,NOT_GOLDBET,718e875fa9d9e2b43ceeb2033cbd3c28f2fc0647ac6d3000380285ef596950d6,1553.1755869171614,1643.540122083317,-90.36453516615575,-1.4,-1.7999999999999998,0.6000000000000001,-36.26659478610168,128,129,False
df0f2d77d6fd6af49a561687,LaLiga,2025/2026,HOLDOUT,2025-12-06,20:00,MATCH_KICKOFF_TIME_TIMEZONE_NOT_STATED_BY_SOURCE,,NOT_VERIFIED_DO_NOT_INFER,Ath Bilbao,Ath Madrid,1,0,H,EVALUATION_ONLY_JOIN_AFTER_PREMATCH_FEATURE_FREEZE,2.88,3.18,2.52,EXTERNAL_HISTORICAL_MARKET_BENCHMARK,NOT_AVAILABLE,NOT_GOLDBET,04385780ccc635085e276776c9118cbceffcbea6a992d613c712f7533db330f4,1524.0038665007783,1601.6670344236932,-77.66316792291491,-1.2,-2.2,-0.20000000000000018,25.701737160403127,129,129,False
9c6ac31e36cb73ca26bca84c,LaLiga,2025/2026,HOLDOUT,2025-12-07,13:00,MATCH_KICKOFF_TIME_TIMEZONE_NOT_STATED_BY_SOURCE,,NOT_VERIFIED_DO_NOT_INFER,Elche,Girona,3,0,H,EVALUATION_ONLY_JOIN_AFTER_PREMATCH_FEATURE_FREEZE,2.09,3.27,3.62,EXTERNAL_HISTORICAL_MARKET_BENCHMARK,NOT_AVAILABLE,NOT_GOLDBET,1078797895cd0136344b3efa1e3715a36f7b4e90161975e5ddf86205b6137416,1485.1873946718886,1459.1322440921078,26.05515057978073,-0.7999999999999999,-0.8,1.2000000000000002,17.812039041680237,52,128,False
3f1221334d88cb69dcc10ff0,LaLiga,2025/2026,HOLDOUT,2025-12-07,15:15,MATCH_KICKOFF_TIME_TIMEZONE_NOT_STATED_BY_SOURCE,,NOT_VERIFIED_DO_NOT_INFER,Valencia,Sevilla,1,1,D,EVALUATION_ONLY_JOIN_AFTER_PREMATCH_FEATURE_FREEZE,1.99,3.32,3.91,EXTERNAL_HISTORICAL_MARKET_BENCHMARK,NOT_AVAILABLE,NOT_GOLDBET,722bc361ef5141c527fd8de9b222b7bb732ca2ef8a4f80b9731f26e9b508ad11,1482.207822317517,1459.600047376697,22.607774940820036,0.4,0.19999999999999996,0.19999999999999996,31.250515323715035,128,128,False
76deb3a51af613927705c36e,LaLiga,2025/2026,HOLDOUT,2025-12-07,17:30,MATCH_KICKOFF_TIME_TIMEZONE_NOT_STATED_BY_SOURCE,,NOT_VERIFIED_DO_NOT_INFER,Espanol,Vallecano,1,0,H,EVALUATION_ONLY_JOIN_AFTER_PREMATCH_FEATURE_FREEZE,2.36,3.12,3.1,EXTERNAL_HISTORICAL_MARKET_BENCHMARK,NOT_AVAILABLE,NOT_GOLDBET,b02cbc32a1bc5b3216a6a85261f6f420d970b01bd6f93ee1888bce0bffcc2796,1513.955439239514,1503.1530083860662,10.802430853447731,0.6000000000000001,0.6,0.0,-16.179371295496594,90,128,False
98336ed4464389d0798ca17f,LaLiga,2025/2026,HOLDOUT,2025-12-07,20:00,MATCH_KICKOFF_TIME_TIMEZONE_NOT_STATED_BY_SOURCE,,NOT_VERIFIED_DO_NOT_INFER,Real Madrid,Celta,0,2,A,EVALUATION_ONLY_JOIN_AFTER_PREMATCH_FEATURE_FREEZE,1.26,6.19,9.81,EXTERNAL_HISTORICAL_MARKET_BENCHMARK,NOT_AVAILABLE,NOT_GOLDBET,e415791ac266bf7f531e49b41d90c351be9fe6904e29d113cf84f160c03d0029,1643.4642563601774,1499.2175195840543,144.24673677612304,0.0,1.4,1.0,-24.08688494078092,129,128,False
f97a01407ab8299056737095,LaLiga,2025/2026,HOLDOUT,2025-12-08,20:00,MATCH_KICKOFF_TIME_TIMEZONE_NOT_STATED_BY_SOURCE,,NOT_VERIFIED_DO_NOT_INFER,Osasuna,Levante,2,0,H,EVALUATION_ONLY_JOIN_AFTER_PREMATCH_FEATURE_FREEZE,1.68,3.83,4.89,EXTERNAL_HISTORICAL_MARKET_BENCHMARK,NOT_AVAILABLE,NOT_GOLDBET,0a0b2fd49b7a13ab1b40bfd400177d4215e65dc6981749bda31aa66719eab77e,1467.1512756559769,1446.6652508940554,20.4860247619215,0.2,0.3999999999999999,0.3999999999999999,-38.47207277916459,128,14,False
54468c368b097e937f009ae4,LaLiga,2025/2026,HOLDOUT,2025-12-12,20:00,MATCH_KICKOFF_TIME_TIMEZONE_NOT_STATED_BY_SOURCE,,NOT_VERIFIED_DO_NOT_INFER,Sociedad,Girona,1,2,A,EVALUATION_ONLY_JOIN_AFTER_PREMATCH_FEATURE_FREEZE,1.78,3.62,4.5,EXTERNAL_HISTORICAL_MARKET_BENCHMARK,NOT_AVAILABLE,NOT_GOLDBET,c71d21c769b7da9b741509a3ed60a174c56a07e9c34565b3fec477a15b40d341,1475.080292785529,1451.5596724395832,23.520620345945872,0.3999999999999999,0.8,1.4,-16.267675620858654,129,129,False
0d2487a90dd5c1bc93cc927f,LaLiga,2025/2026,HOLDOUT,2025-12-13,13:00,MATCH_KICKOFF_TIME_TIMEZONE_NOT_STATED_BY_SOURCE,,NOT_VERIFIED_DO_NOT_INFER,Ath Madrid,Valencia,2,1,H,EVALUATION_ONLY_JOIN_AFTER_PREMATCH_FEATURE_FREEZE,1.29,5.48,9.56,EXTERNAL_HISTORICAL_MARKET_BENCHMARK,NOT_AVAILABLE,NOT_GOLDBET,ce99114ee008059ed528d26bb05ad097cdfa5e562f8cc29596e18f45e1fa1e7b,1591.15908511936,1479.8739931355035,111.28509198385655,0.6000000000000001,1.0,2.4,-10.002440083970896,130,129,False
b791e1d529377b019641cb13,LaLiga,2025/2026,HOLDOUT,2025-12-13,15:15,MATCH_KICKOFF_TIME_TIMEZONE_NOT_STATED_BY_SOURCE,,NOT_VERIFIED_DO_NOT_INFER,Mallorca,Elche,3,1,H,EVALUATION_ONLY_JOIN_AFTER_PREMATCH_FEATURE_FREEZE,2.5,2.98,3.06,EXTERNAL_HISTORICAL_MARKET_BENCHMARK,NOT_AVAILABLE,NOT_GOLDBET,332c624da6b673db82bb1af368fc840c38ed39401d2e15190b250332616a8df9,1465.8682566661696,1492.7599663244132,-26.8917096582436,0.0,-0.6,1.6,-24.849185076720914,129,53,False
6dcb4b493a377b2dfca00fda,LaLiga,2025/2026,HOLDOUT,2025-12-13,17:30,MATCH_KICKOFF_TIME_TIMEZONE_NOT_STATED_BY_SOURCE,,NOT_VERIFIED_DO_NOT_INFER,Barcelona,Osasuna,2,0,H,EVALUATION_ONLY_JOIN_AFTER_PREMATCH_FEATURE_FREEZE,1.18,7.52,12.91,EXTERNAL_HISTORICAL_MARKET_BENCHMARK,NOT_AVAILABLE,NOT_GOLDBET,a83b133b1a2336556fac5075dcb1aa1e349911b70aa8b7a7640166f66cd22e89,1652.6683788625119,1474.875270773531,177.79310808898094,2.0,2.6,2.6,69.6886609739995,130,129,False
805630b652c90ea8d6ec4a01,LaLiga,2025/2026,HOLDOUT,2025-12-13,20:00,MATCH_KICKOFF_TIME_TIMEZONE_NOT_STATED_BY_SOURCE,,NOT_VERIFIED_DO_NOT_INFER,Getafe,Espanol,0,1,A,EVALUATION_ONLY_JOIN_AFTER_PREMATCH_FEATURE_FREEZE,2.6,2.77,3.18,EXTERNAL_HISTORICAL_MARKET_BENCHMARK,NOT_AVAILABLE,NOT_GOLDBET,b27266125afadc9897eb65936c987b7dee03bf43043e81ec79ba74ade02176cb,1479.6694069908337,1521.9453304295669,-42.275923438733116,-0.6000000000000001,-0.4,0.0,10.189843412534174,129,91,False
2df488e7220c6d469f8ee218,LaLiga,2025/2026,HOLDOUT,2025-12-14,13:00,MATCH_KICKOFF_TIME_TIMEZONE_NOT_STATED_BY_SOURCE,,NOT_VERIFIED_DO_NOT_INFER,Sevilla,Oviedo,4,0,H,EVALUATION_ONLY_JOIN_AFTER_PREMATCH_FEATURE_FREEZE,2.05,3.05,3.89,EXTERNAL_HISTORICAL_MARKET_BENCHMARK,NOT_AVAILABLE,NOT_GOLDBET,8aad256edf6f831bc40580487c6ea54e2d55b818d395a0402d94c624de753014,1461.9338765587104,1446.3636600711634,15.570216487546986,0.20000000000000007,-0.4,0.3999999999999999,1.9300238443750004,129,15,False
389f30e76b8a3bdec5d78768,LaLiga,2025/2026,HOLDOUT,2025-12-14,15:15,MATCH_KICKOFF_TIME_TIMEZONE_NOT_STATED_BY_SOURCE,,NOT_VERIFIED_DO_NOT_INFER,Celta,Ath Bilbao,2,0,H,EVALUATION_ONLY_JOIN_AFTER_PREMATCH_FEATURE_FREEZE,2.86,3.11,2.58,EXTERNAL_HISTORICAL_MARKET_BENCHMARK,NOT_AVAILABLE,NOT_GOLDBET,48e5cbd036660b921568b2b7637ae1562e64d05f169313711ac3ed7971aed170,1514.501134603086,1534.5118158051114,-20.010681202025353,0.0,0.8,-0.20000000000000007,-10.363138204593497,129,130,False
8b37feab64be4f37587ce8b8,LaLiga,2025/2026,HOLDOUT,2025-12-14,20:00,MATCH_KICKOFF_TIME_TIMEZONE_NOT_STATED_BY_SOURCE,,NOT_VERIFIED_DO_NOT_INFER,Alaves,Real Madrid,1,2,A,EVALUATION_ONLY_JOIN_AFTER_PREMATCH_FEATURE_FREEZE,5.73,4.05,1.56,EXTERNAL_HISTORICAL_MARKET_BENCHMARK,NOT_AVAILABLE,NOT_GOLDBET,9c841346a5192f1d3ea05f87b34d86b80df67c6638b6a083d15023aa8bd9f70b,1475.2427918752653,1628.1806413411457,-152.9378494658804,0.0,-0.6000000000000001,0.19999999999999996,17.526202995807125,91,130,False
7b56f2680032d4d18822b17e,LaLiga,2025/2026,HOLDOUT,2025-12-15,20:00,MATCH_KICKOFF_TIME_TIMEZONE_NOT_STATED_BY_SOURCE,,NOT_VERIFIED_DO_NOT_INFER,Vallecano,Betis,0,0,D,EVALUATION_ONLY_JOIN_AFTER_PREMATCH_FEATURE_FREEZE,2.55,3.15,2.88,EXTERNAL_HISTORICAL_MARKET_BENCHMARK,NOT_AVAILABLE,NOT_GOLDBET,921d1a1512bc7e059fbeaebcae103d5a72a2f4f30183eeabe939adc274b953af,1495.1631171960132,1544.0473301379666,-48.884212941953365,-1.0,-1.6,-0.6000000000000001,32.44605171689818,129,129,False
d4f771305ec6da84cd8d507a,LaLiga,2025/2026,HOLDOUT,2025-12-19,20:00,MATCH_KICKOFF_TIME_TIMEZONE_NOT_STATED_BY_SOURCE,,NOT_VERIFIED_DO_NOT_INFER,Valencia,Mallorca,1,1,D,EVALUATION_ONLY_JOIN_AFTER_PREMATCH_FEATURE_FREEZE,2.03,3.17,3.96,EXTERNAL_HISTORICAL_MARKET_BENCHMARK,NOT_AVAILABLE,NOT_GOLDBET,31ab9a733db00c98399de6e71698b4b9ad0b2d52b18ba2885d6e111f34978c0d,1474.439920766235,1474.9181975003482,-0.4782767341132512,-0.40000000000000013,-0.4,0.19999999999999996,15.248560798171411,130,130,False
c6bbd0a204dc802bbc2fd573,LaLiga,2025/2026,HOLDOUT,2025-12-20,13:00,MATCH_KICKOFF_TIME_TIMEZONE_NOT_STATED_BY_SOURCE,,NOT_VERIFIED_DO_NOT_INFER,Oviedo,Celta,0,0,D,EVALUATION_ONLY_JOIN_AFTER_PREMATCH_FEATURE_FREEZE,3.47,3.18,2.18,EXTERNAL_HISTORICAL_MARKET_BENCHMARK,NOT_AVAILABLE,NOT_GOLDBET,ca15e94c8f8744d4ea6ac480806b82f33ee1bb9c4f1df9811cff9da65fbea820,1438.5050815784666,1523.355205319453,-84.85012374098642,-1.4,-1.7999999999999998,-1.7999999999999998,-44.09375214002762,16,130,False
a82285f189441b5079b57eed,LaLiga,2025/2026,HOLDOUT,2025-12-20,15:15,MATCH_KICKOFF_TIME_TIMEZONE_NOT_STATED_BY_SOURCE,,NOT_VERIFIED_DO_NOT_INFER,Levante,Sociedad,1,1,D,EVALUATION_ONLY_JOIN_AFTER_PREMATCH_FEATURE_FREEZE,3,3.26,2.38,EXTERNAL_HISTORICAL_MARKET_BENCHMARK,NOT_AVAILABLE,NOT_GOLDBET,d1d93664def6e602adbd4926a48365b4aaeb1953f0cf99647f8f502bb2296804,1438.9412557765013,1462.721636152332,-23.780380375830646,-0.8,-1.4000000000000001,-0.8,12.571458641875779,15,130,False
5f5cd3c533c3e15e9a3548ab,LaLiga,2025/2026,HOLDOUT,2025-12-20,17:30,MATCH_KICKOFF_TIME_TIMEZONE_NOT_STATED_BY_SOURCE,,NOT_VERIFIED_DO_NOT_INFER,Osasuna,Alaves,3,0,H,EVALUATION_ONLY_JOIN_AFTER_PREMATCH_FEATURE_FREEZE,2.2,2.91,3.82,EXTERNAL_HISTORICAL_MARKET_BENCHMARK,NOT_AVAILABLE,NOT_GOLDBET,1aec7c97f32ca6b2168ab6b09a5cd6aa71ad2e74c38b3666e5e24baadc047476,1470.8191474102418,1467.8557310212523,2.9634163889895717,0.20000000000000007,0.20000000000000007,1.2,-34.116253815944674,130,92,False
028d0979da336aec4dd5a57e,LaLiga,2025/2026,HOLDOUT,2025-12-20,20:00,MATCH_KICKOFF_TIME_TIMEZONE_NOT_STATED_BY_SOURCE,,NOT_VERIFIED_DO_NOT_INFER,Real Madrid,Sevilla,2,0,H,EVALUATION_ONLY_JOIN_AFTER_PREMATCH_FEATURE_FREEZE,1.19,7.14,12.64,EXTERNAL_HISTORICAL_MARKET_BENCHMARK,NOT_AVAILABLE,NOT_GOLDBET,5ae445adabf8a5a2e96c3aab17adc3ce8ca6fc82bb478a7b72737666abe7923f,1635.5677021951587,1469.7924550514072,165.77524714375159,0.20000000000000018,0.0,1.5999999999999999,0.47053220205452817,131,130,False
14c98db2fdc5d45568fa5a98,LaLiga,2025/2026,HOLDOUT,2025-12-21,13:00,MATCH_KICKOFF_TIME_TIMEZONE_NOT_STATED_BY_SOURCE,,NOT_VERIFIED_DO_NOT_INFER,Girona,Ath Madrid,0,3,A,EVALUATION_ONLY_JOIN_AFTER_PREMATCH_FEATURE_FREEZE,4.76,3.76,1.71,EXTERNAL_HISTORICAL_MARKET_BENCHMARK,NOT_AVAILABLE,NOT_GOLDBET,3c9fe044f631db5c11ef2a7f4989a5f1a6bc8c8c04d5bf25430cde44ecaedfd1,1463.9183290727804,1596.5931574886285,-132.6748284158482,-0.19999999999999996,-0.4,0.40000000000000013,12.258121744342134,130,131,False
cdf19ba0867ded4e9be98b5f,LaLiga,2025/2026,HOLDOUT,2025-12-21,15:15,MATCH_KICKOFF_TIME_TIMEZONE_NOT_STATED_BY_SOURCE,,NOT_VERIFIED_DO_NOT_INFER,Villarreal,Barcelona,0,2,A,EVALUATION_ONLY_JOIN_AFTER_PREMATCH_FEATURE_FREEZE,3.92,4.36,1.73,EXTERNAL_HISTORICAL_MARKET_BENCHMARK,NOT_AVAILABLE,NOT_GOLDBET,7e2cbb59fa943499bd01b85dfbbc98e8e69b70218d1e4b38edaaf9e2d2f3a650,1612.4884257525007,1656.724502225801,-44.23607647330027,0.0,-0.3999999999999999,0.8,-34.94494784528342,129,131,False
265d937542230fe9673e70dc,LaLiga,2025/2026,HOLDOUT,2025-12-21,17:30,MATCH_KICKOFF_TIME_TIMEZONE_NOT_STATED_BY_SOURCE,,NOT_VERIFIED_DO_NOT_INFER,Elche,Vallecano,4,0,H,EVALUATION_ONLY_JOIN_AFTER_PREMATCH_FEATURE_FREEZE,2.48,2.94,3.15,EXTERNAL_HISTORICAL_MARKET_BENCHMARK,NOT_AVAILABLE,NOT_GOLDBET,1787c4bb1491db1c65394b70eeb6f96cbc09a3815bb6f92163a418e1d0371826,1483.7100254902346,1494.8432882448888,-11.133262754654197,0.19999999999999996,0.2,0.40000000000000013,-22.50101785660968,54,130,False
2ff639992922a11b1688a426,LaLiga,2025/2026,HOLDOUT,2025-12-21,20:00,MATCH_KICKOFF_TIME_TIMEZONE_NOT_STATED_BY_SOURCE,,NOT_VERIFIED_DO_NOT_INFER,Betis,Getafe,4,0,H,EVALUATION_ONLY_JOIN_AFTER_PREMATCH_FEATURE_FREEZE,1.73,3.31,5.5,EXTERNAL_HISTORICAL_MARKET_BENCHMARK,NOT_AVAILABLE,NOT_GOLDBET,da5c444c33cdbb9803396346fdc763f8533a2e01c204873d218dfd51a1d38c35,1544.367159089091,1469.1597091337505,75.20744995534051,0.6,0.8,0.7999999999999999,-30.229279733704743,130,130,False
70afab2e7d67cac8a6bff56f,LaLiga,2025/2026,HOLDOUT,2025-12-22,20:00,MATCH_KICKOFF_TIME_TIMEZONE_NOT_STATED_BY_SOURCE,,NOT_VERIFIED_DO_NOT_INFER,Ath Bilbao,Espanol,1,2,A,EVALUATION_ONLY_JOIN_AFTER_PREMATCH_FEATURE_FREEZE,1.85,3.31,4.59,EXTERNAL_HISTORICAL_MARKET_BENCHMARK,NOT_AVAILABLE,NOT_GOLDBET,7f16396abc02ef3bb8df055af986acabb2461028227ca2e314093febb7afaaec,1525.6577450887444,1532.45502828665,-6.797283197905699,-1.2,-1.6,-0.19999999999999996,55.6259944960384,131,92,False
7d3497366b2ffada0a57896e,LaLiga,2025/2026,HOLDOUT,2026-01-02,20:00,MATCH_KICKOFF_TIME_TIMEZONE_NOT_STATED_BY_SOURCE,,NOT_VERIFIED_DO_NOT_INFER,Vallecano,Getafe,1,1,D,EVALUATION_ONLY_JOIN_AFTER_PREMATCH_FEATURE_FREEZE,2.05,2.83,4.55,EXTERNAL_HISTORICAL_MARKET_BENCHMARK,NOT_AVAILABLE,NOT_GOLDBET,36b241b158712c78fef47f47bfd97d1298cd1c248adf8684d5f9ac630ce866ab,1486.240584195731,1462.8660531225275,23.374531073203343,0.0,0.3999999999999999,0.6,-57.98105993118588,131,131,False
be2f86d9f19d264f1817c04d,LaLiga,2025/2026,HOLDOUT,2026-01-03,13:00,MATCH_KICKOFF_TIME_TIMEZONE_NOT_STATED_BY_SOURCE,,NOT_VERIFIED_DO_NOT_INFER,Celta,Valencia,4,1,H,EVALUATION_ONLY_JOIN_AFTER_PREMATCH_FEATURE_FREEZE,1.99,3.24,3.99,EXTERNAL_HISTORICAL_MARKET_BENCHMARK,NOT_AVAILABLE,NOT_GOLDBET,f4bdb276a7ef69a6b4b80866394341243c42ec1145c783f8a2f38235d1b6e2e6,1522.6411784404306,1472.7433137251667,49.89786471526395,0.8,0.8,0.6,20.940298343972017,131,131,False
30733a243b167f862f65b235,LaLiga,2025/2026,HOLDOUT,2026-01-03,15:15,MATCH_KICKOFF_TIME_TIMEZONE_NOT_STATED_BY_SOURCE,,NOT_VERIFIED_DO_NOT_INFER,Osasuna,Ath Bilbao,1,1,D,EVALUATION_ONLY_JOIN_AFTER_PREMATCH_FEATURE_FREEZE,2.98,2.95,2.58,EXTERNAL_HISTORICAL_MARKET_BENCHMARK,NOT_AVAILABLE,NOT_GOLDBET,80e6c4d3ed5e0285df70a68e69b17bb2cd7e2f4aa10fd3f0838bb3a6afe49e92,1479.0264964512426,1514.1383055824645,-35.11180913122189,0.19999999999999996,0.8,1.0,-45.05167223678836,131,132,False
138bf3c7bb2b08b24e8dcb4d,LaLiga,2025/2026,HOLDOUT,2026-01-03,17:30,MATCH_KICKOFF_TIME_TIMEZONE_NOT_STATED_BY_SOURCE,,NOT_VERIFIED_DO_NOT_INFER,Elche,Villarreal,1,3,A,EVALUATION_ONLY_JOIN_AFTER_PREMATCH_FEATURE_FREEZE,3.09,3.44,2.24,EXTERNAL_HISTORICAL_MARKET_BENCHMARK,NOT_AVAILABLE,NOT_GOLDBET,d96df3d18d0a37711fb80e28dd62a4eee36311d8418b4e2afb315072e0dc6c2b,1492.3127295393924,1602.0350146547912,-109.72228511539879,-1.0,0.0,-0.5999999999999999,-14.564581758728536,55,130,False
7c28a1e5a988d092d4856fbe,LaLiga,2025/2026,HOLDOUT,2026-01-03,20:00,MATCH_KICKOFF_TIME_TIMEZONE_NOT_STATED_BY_SOURCE,,NOT_VERIFIED_DO_NOT_INFER,Espanol,Barcelona,0,2,A,EVALUATION_ONLY_JOIN_AFTER_PREMATCH_FEATURE_FREEZE,5.81,4.64,1.48,EXTERNAL_HISTORICAL_MARKET_BENCHMARK,NOT_AVAILABLE,NOT_GOLDBET,c13e3e13922a03b829ea785e546d1028f6961f86500038fb204aaaf9386ffc48,1543.97446779293,1667.1779133235104,-123.20344553058044,0.0,-1.0,0.0,-44.78828050480547,93,132,False
294b096b11bae450f289169e,LaLiga,2025/2026,HOLDOUT,2026-01-04,13:00,MATCH_KICKOFF_TIME_TIMEZONE_NOT_STATED_BY_SOURCE,,NOT_VERIFIED_DO_NOT_INFER,Sevilla,Levante,0,3,A,EVALUATION_ONLY_JOIN_AFTER_PREMATCH_FEATURE_FREEZE,1.74,3.69,4.6,EXTERNAL_HISTORICAL_MARKET_BENCHMARK,NOT_AVAILABLE,NOT_GOLDBET,680c6e3297d5fd72993cfed8ec7e3c56e10d29af3416c062c21c29eb832a0785,1465.5080330520277,1437.9025314616651,27.605501590362564,0.6000000000000001,1.2,1.0,17.281645897651288,131,16,False
63a64c826611a00013462eb3,LaLiga,2025/2026,HOLDOUT,2026-01-04,15:15,MATCH_KICKOFF_TIME_TIMEZONE_NOT_STATED_BY_SOURCE,,NOT_VERIFIED_DO_NOT_INFER,Real Madrid,Betis,5,1,H,EVALUATION_ONLY_JOIN_AFTER_PREMATCH_FEATURE_FREEZE,1.48,4.59,6.05,EXTERNAL_HISTORICAL_MARKET_BENCHMARK,NOT_AVAILABLE,NOT_GOLDBET,2a9f9cd0ea15b1b2f60056bd246d27da5d7d4e1cc600fe111aecc32aef5495fb,1639.8521241945382,1550.660815100314,89.19130909422415,0.3999999999999999,0.0,0.5999999999999999,-19.154744044519248,132,131,False
80ae553aab729a770897581b,LaLiga,2025/2026,HOLDOUT,2026-01-04,17:30,MATCH_KICKOFF_TIME_TIMEZONE_NOT_STATED_BY_SOURCE,,NOT_VERIFIED_DO_NOT_INFER,Alaves,Oviedo,1,1,D,EVALUATION_ONLY_JOIN_AFTER_PREMATCH_FEATURE_FREEZE,1.92,2.88,5.14,EXTERNAL_HISTORICAL_MARKET_BENCHMARK,NOT_AVAILABLE,NOT_GOLDBET,893375d0ec648bc65a2556a9e09b8f4b44f0beae9fbef412379b13e0f64861c0,1459.6483819802515,1439.219108457489,20.429273522762514,0.0,0.0,0.5999999999999999,30.89378051650351,93,17,False
bf7b3458fb32cbd7f471e685,LaLiga,2025/2026,HOLDOUT,2026-01-04,17:30,MATCH_KICKOFF_TIME_TIMEZONE_NOT_STATED_BY_SOURCE,,NOT_VERIFIED_DO_NOT_INFER,Mallorca,Girona,1,2,A,EVALUATION_ONLY_JOIN_AFTER_PREMATCH_FEATURE_FREEZE,2.26,3.1,3.39,EXTERNAL_HISTORICAL_MARKET_BENCHMARK,NOT_AVAILABLE,NOT_GOLDBET,d935c9d0422c7178a8c96362aad94ac1b612fab81033caa790d38860842c9e99,1476.6148045414166,1455.9800958324408,20.634708708975722,0.19999999999999996,1.2,1.4000000000000001,-53.81551550545487,131,131,False
f9269fb01a096a22b8afdf3e,LaLiga,2025/2026,HOLDOUT,2026-01-04,20:00,MATCH_KICKOFF_TIME_TIMEZONE_NOT_STATED_BY_SOURCE,,NOT_VERIFIED_DO_NOT_INFER,Sociedad,Ath Madrid,1,1,D,EVALUATION_ONLY_JOIN_AFTER_PREMATCH_FEATURE_FREEZE,3.91,3.65,1.88,EXTERNAL_HISTORICAL_MARKET_BENCHMARK,NOT_AVAILABLE,NOT_GOLDBET,bbfce356ad214b42f6d18a101b0e57c6d8a3b28f91fc731810270ce056abac74,1463.760360467168,1604.531390728968,-140.77103026179998,-1.0,-0.8,-0.6000000000000001,-24.664286611656507,131,132,False
ac6c846d4411c9baa46128f3,LaLiga,2025/2026,HOLDOUT,2026-01-09,20:00,MATCH_KICKOFF_TIME_TIMEZONE_NOT_STATED_BY_SOURCE,,NOT_VERIFIED_DO_NOT_INFER,Getafe,Sociedad,1,2,A,EVALUATION_ONLY_JOIN_AFTER_PREMATCH_FEATURE_FREEZE,3.44,2.89,2.37,EXTERNAL_HISTORICAL_MARKET_BENCHMARK,NOT_AVAILABLE,NOT_GOLDBET,ce0a910beb68991aff7d91f1129d5d266ae0f2286f7c78e5f676116c093b5cc7,1465.2207384981277,1466.0441420758646,-0.8234035777368263,0.4,-0.6,0.0,18.744297300431526,132,132,False
ce8eb0efaf8ac3842cb9e916,LaLiga,2025/2026,HOLDOUT,2026-01-10,13:00,MATCH_KICKOFF_TIME_TIMEZONE_NOT_STATED_BY_SOURCE,,NOT_VERIFIED_DO_NOT_INFER,Oviedo,Betis,1,1,D,EVALUATION_ONLY_JOIN_AFTER_PREMATCH_FEATURE_FREEZE,3.85,3.36,1.98,EXTERNAL_HISTORICAL_MARKET_BENCHMARK,NOT_AVAILABLE,NOT_GOLDBET,647b7d33ee6c3f0752676e5abc1e2d95654a632e675c6dba0939df58bb26f56e,1441.4935644654138,1544.7090720898716,-103.21550762445781,-0.7999999999999999,-1.2,-0.3999999999999999,-40.53028662625684,18,132,False
663962074dbad8d2059c7800,LaLiga,2025/2026,HOLDOUT,2026-01-10,15:15,MATCH_KICKOFF_TIME_TIMEZONE_NOT_STATED_BY_SOURCE,,NOT_VERIFIED_DO_NOT_INFER,Villarreal,Alaves,3,1,H,EVALUATION_ONLY_JOIN_AFTER_PREMATCH_FEATURE_FREEZE,1.44,4.37,7.25,EXTERNAL_HISTORICAL_MARKET_BENCHMARK,NOT_AVAILABLE,NOT_GOLDBET,4eedf9b617be51df7eedf9d647046dd0cb37a9cfa834d813d793e2aa267402bc,1610.6135831905813,1457.3739259723268,153.23965721825448,1.5999999999999999,1.8,2.0,-11.13604746130136,131,94,False
d51b6379858e4fa0bbe9e0d9,LaLiga,2025/2026,HOLDOUT,2026-01-10,17:30,MATCH_KICKOFF_TIME_TIMEZONE_NOT_STATED_BY_SOURCE,,NOT_VERIFIED_DO_NOT_INFER,Girona,Osasuna,1,0,H,EVALUATION_ONLY_JOIN_AFTER_PREMATCH_FEATURE_FREEZE,2.49,3.09,2.97,EXTERNAL_HISTORICAL_MARKET_BENCHMARK,NOT_AVAILABLE,NOT_GOLDBET,6388fe8e9318f595ba61eb8f26c4ddf66f9c34764955aee24665fcc1faa4be2f,1468.2601581025212,1478.3113795067916,-10.051221404270336,-0.20000000000000018,-1.4,1.2000000000000002,24.763532197713857,132,132,False
53fcbf6d58748b47ca3a40df,LaLiga,2025/2026,HOLDOUT,2026-01-10,20:00,MATCH_KICKOFF_TIME_TIMEZONE_NOT_STATED_BY_SOURCE,,NOT_VERIFIED_DO_NOT_INFER,Valencia,Elche,1,1,D,EVALUATION_ONLY_JOIN_AFTER_PREMATCH_FEATURE_FREEZE,2.02,3.19,3.95,EXTERNAL_HISTORICAL_MARKET_BENCHMARK,NOT_AVAILABLE,NOT_GOLDBET,4095ca451a1f79425196efee534935c6a4206c60522189a442b30c2bc3ee6f6f,1465.8049931826063,1483.7341610036024,-17.9291678209961,-0.6,-1.2000000000000002,1.2,11.190969107745104,132,56,False
182320cfcbdf01d14e9952ec,LaLiga,2025/2026,HOLDOUT,2026-01-11,13:00,MATCH_KICKOFF_TIME_TIMEZONE_NOT_STATED_BY_SOURCE,,NOT_VERIFIED_DO_NOT_INFER,Vallecano,Mallorca,2,1,H,EVALUATION_ONLY_JOIN_AFTER_PREMATCH_FEATURE_FREEZE,1.89,3.17,4.64,EXTERNAL_HISTORICAL_MARKET_BENCHMARK,NOT_AVAILABLE,NOT_GOLDBET,e7fa0ab167ee0ac3b7413a4055f844c133141e90b34af7e2504f18abfceb5152,1483.8858988201307,1464.3347422713362,19.551156548794552,-0.6,-1.2,0.3999999999999999,29.635665468401157,132,132,False
f4e2d5e91935171b483bf774,LaLiga,2025/2026,HOLDOUT,2026-01-11,15:15,MATCH_KICKOFF_TIME_TIMEZONE_NOT_STATED_BY_SOURCE,,NOT_VERIFIED_DO_NOT_INFER,Levante,Espanol,1,1,D,EVALUATION_ONLY_JOIN_AFTER_PREMATCH_FEATURE_FREEZE,3.12,3.24,2.32,EXTERNAL_HISTORICAL_MARKET_BENCHMARK,NOT_AVAILABLE,NOT_GOLDBET,76fb97e149de05ec19c5015d773153bacde15fd9c38b3f788c1409368982f0a5,1450.3719074317396,1535.7738045024942,-85.40189707075456,-1.5999999999999999,-0.8,-2.1999999999999997,-59.35436672337619,17,94,False
37323536146d0b2bcf64ade9,LaLiga,2025/2026,HOLDOUT,2026-01-12,20:00,MATCH_KICKOFF_TIME_TIMEZONE_NOT_STATED_BY_SOURCE,,NOT_VERIFIED_DO_NOT_INFER,Sevilla,Celta,0,1,A,EVALUATION_ONLY_JOIN_AFTER_PREMATCH_FEATURE_FREEZE,2.66,3.05,2.81,EXTERNAL_HISTORICAL_MARKET_BENCHMARK,NOT_AVAILABLE,NOT_GOLDBET,7acc3092ce54e922aa98d29998eded317fbf56994490d17236b4a80290d7b16c,1453.0386570819533,1529.579498982991,-76.54084190103777,-1.2,-1.7999999999999998,-1.4000000000000001,-9.116525670978035,132,132,False
15061bd8bab645e9d160f8be,LaLiga,2025/2026,HOLDOUT,2026-01-16,20:00,MATCH_KICKOFF_TIME_TIMEZONE_NOT_STATED_BY_SOURCE,,NOT_VERIFIED_DO_NOT_INFER,Espanol,Girona,0,2,A,EVALUATION_ONLY_JOIN_AFTER_PREMATCH_FEATURE_FREEZE,1.85,3.41,4.4,EXTERNAL_HISTORICAL_MARKET_BENCHMARK,NOT_AVAILABLE,NOT_GOLDBET,8ad7738601dcc2b95bcc9c23faa9369afa3f1666fbba1673d90d4d589e49e2f1,1535.043979083605,1476.8323399390342,58.21163914457088,0.19999999999999996,0.8,0.40000000000000013,22.848590445327773,95,133,False
0d6ba4e80d918d69c639f3df,LaLiga,2025/2026,HOLDOUT,2026-01-17,13:00,MATCH_KICKOFF_TIME_TIMEZONE_NOT_STATED_BY_SOURCE,,NOT_VERIFIED_DO_NOT_INFER,Real Madrid,Levante,2,0,H,EVALUATION_ONLY_JOIN_AFTER_PREMATCH_FEATURE_FREEZE,1.14,8.56,15.19,EXTERNAL_HISTORICAL_MARKET_BENCHMARK,NOT_AVAILABLE,NOT_GOLDBET,a772a0f9d7a8ce5590e076d066d385bcf20513187210d8dec4de297c908bc070,1645.8038672049806,1451.1017328506287,194.70213435435198,1.4,1.8,1.5999999999999999,14.714269808839845,133,18,False
90011dd204bc3d6a2cbdf8ee,LaLiga,2025/2026,HOLDOUT,2026-01-17,15:15,MATCH_KICKOFF_TIME_TIMEZONE_NOT_STATED_BY_SOURCE,,NOT_VERIFIED_DO_NOT_INFER,Mallorca,Ath Bilbao,3,2,H,EVALUATION_ONLY_JOIN_AFTER_PREMATCH_FEATURE_FREEZE,3.64,3.09,2.15,EXTERNAL_HISTORICAL_MARKET_BENCHMARK,NOT_AVAILABLE,NOT_GOLDBET,3ccf7e059d15fce2b4e6f53600aff0ede70b47766b1d3a974a53174e597bcb2f,1456.5852177812073,1514.8534225269154,-58.26820474570809,0.19999999999999996,1.0,0.8,-81.5306585937958,133,133,False
05019222ee7600c9f74ed581,LaLiga,2025/2026,HOLDOUT,2026-01-17,17:30,MATCH_KICKOFF_TIME_TIMEZONE_NOT_STATED_BY_SOURCE,,NOT_VERIFIED_DO_NOT_INFER,Osasuna,Oviedo,3,2,H,EVALUATION_ONLY_JOIN_AFTER_PREMATCH_FEATURE_FREEZE,1.73,3.48,5.22,EXTERNAL_HISTORICAL_MARKET_BENCHMARK,NOT_AVAILABLE,NOT_GOLDBET,5970113ca6c1048e31a6b66db84e42fce170c69f7c87e93ba4dc5e7e0ae83a3f,1469.7391976702786,1442.7310315358707,27.00816613440793,0.5999999999999999,1.2000000000000002,0.9999999999999999,19.060626432869412,133,19,False
2dcc8766c5f4741824a2f904,LaLiga,2025/2026,HOLDOUT,2026-01-17,20:00,MATCH_KICKOFF_TIME_TIMEZONE_NOT_STATED_BY_SOURCE,,NOT_VERIFIED_DO_NOT_INFER,Betis,Villarreal,2,0,H,EVALUATION_ONLY_JOIN_AFTER_PREMATCH_FEATURE_FREEZE,2.55,3.45,2.64,EXTERNAL_HISTORICAL_MARKET_BENCHMARK,NOT_AVAILABLE,NOT_GOLDBET,5c691b98fa542ce04a3382ee817680d9d69b0abe39871e82b9ba910dcdc7fe05,1543.4716050194147,1615.1459473429484,-71.67434232353366,-1.4,-1.4,-1.0,21.080613760361985,133,132,False
4c16415aee699300eae4afc2,LaLiga,2025/2026,HOLDOUT,2026-01-18,13:00,MATCH_KICKOFF_TIME_TIMEZONE_NOT_STATED_BY_SOURCE,,NOT_VERIFIED_DO_NOT_INFER,Getafe,Valencia,0,1,A,EVALUATION_ONLY_JOIN_AFTER_PREMATCH_FEATURE_FREEZE,2.47,2.73,3.44,EXTERNAL_HISTORICAL_MARKET_BENCHMARK,NOT_AVAILABLE,NOT_GOLDBET,7ded08cb32ffa1fdd97fc2efab71b8bd513a81187448cba05d7f87df0ed11ccb,1453.5337806943985,1464.5999811178738,-11.066200423475266,-0.39999999999999997,-0.8,0.7999999999999999,18.76990834218941,133,133,False
f5dae7e204323af699cab3d1,LaLiga,2025/2026,HOLDOUT,2026-01-18,15:15,MATCH_KICKOFF_TIME_TIMEZONE_NOT_STATED_BY_SOURCE,,NOT_VERIFIED_DO_NOT_INFER,Ath Madrid,Alaves,1,0,H,EVALUATION_ONLY_JOIN_AFTER_PREMATCH_FEATURE_FREEZE,1.35,4.8,8.98,EXTERNAL_HISTORICAL_MARKET_BENCHMARK,NOT_AVAILABLE,NOT_GOLDBET,3f50c6aa898160ba94e8c8fdede8f1e5cc8ddb7e4b3a8a36a50c16d4d40f7ea8,1602.2476091202716,1452.8415618199597,149.4060473003119,0.5999999999999999,1.2,3.0,-13.029864275318232,133,95,False
86901555d9da7e90e865755c,LaLiga,2025/2026,HOLDOUT,2026-01-18,17:30,MATCH_KICKOFF_TIME_TIMEZONE_NOT_STATED_BY_SOURCE,,NOT_VERIFIED_DO_NOT_INFER,Celta,Vallecano,3,0,H,EVALUATION_ONLY_JOIN_AFTER_PREMATCH_FEATURE_FREEZE,1.9,3.27,4.39,EXTERNAL_HISTORICAL_MARKET_BENCHMARK,NOT_AVAILABLE,NOT_GOLDBET,485503ce13cea0fe15d0155990316e6d41924ba248fd7750431c49b086d66bc5,1539.103774647614,1491.6354233102595,47.468351337354534,1.6,2.4000000000000004,0.5999999999999999,14.669906857859132,133,133,False
f638f3be4301826bdff4445f,LaLiga,2025/2026,HOLDOUT,2026-01-18,20:00,MATCH_KICKOFF_TIME_TIMEZONE_NOT_STATED_BY_SOURCE,,NOT_VERIFIED_DO_NOT_INFER,Sociedad,Barcelona,2,1,H,EVALUATION_ONLY_JOIN_AFTER_PREMATCH_FEATURE_FREEZE,4.7,4.37,1.62,EXTERNAL_HISTORICAL_MARKET_BENCHMARK,NOT_AVAILABLE,NOT_GOLDBET,7ff6a3a58c505e73aac3375bc415a3aa79cdb961a63894b16fbd6ab2528d6281,1477.7310998795938,1675.3785766139463,-197.6474767343525,-2.0,-2.2,-1.0,-73.40363115850437,133,133,False
175ffc49abfb3ee8511318f1,LaLiga,2025/2026,HOLDOUT,2026-01-19,20:00,MATCH_KICKOFF_TIME_TIMEZONE_NOT_STATED_BY_SOURCE,,NOT_VERIFIED_DO_NOT_INFER,Elche,Sevilla,2,2,D,EVALUATION_ONLY_JOIN_AFTER_PREMATCH_FEATURE_FREEZE,2.39,3.04,3.19,EXTERNAL_HISTORICAL_MARKET_BENCHMARK,NOT_AVAILABLE,NOT_GOLDBET,58bf9b8fd083ab0856899802ad99ee6859f8e8554d16533eb22355b9638adb12,1484.9391730683349,1443.5143814173302,41.424791651004625,0.5999999999999999,1.0,1.4000000000000001,-8.787483637586547,57,133,False
8612e9c76abdd3d4772ceb62,LaLiga,2025/2026,HOLDOUT,2026-01-23,20:00,MATCH_KICKOFF_TIME_TIMEZONE_NOT_STATED_BY_SOURCE,,NOT_VERIFIED_DO_NOT_INFER,Levante,Elche,3,2,H,EVALUATION_ONLY_JOIN_AFTER_PREMATCH_FEATURE_FREEZE,2.23,3.33,3.18,EXTERNAL_HISTORICAL_MARKET_BENCHMARK,NOT_AVAILABLE,NOT_GOLDBET,b4d7211640529c9a27e62f5ded46ad2ed215b2d547876e2701a5d0b05219816e,1447.3512644487976,1482.1001259228874,-34.748861474089836,0.0,-0.2,0.2,20.978536480404728,19,58,False
c0cee900d7506f3a20d9dc95,LaLiga,2025/2026,HOLDOUT,2026-01-24,13:00,MATCH_KICKOFF_TIME_TIMEZONE_NOT_STATED_BY_SOURCE,,NOT_VERIFIED_DO_NOT_INFER,Vallecano,Osasuna,1,3,A,EVALUATION_ONLY_JOIN_AFTER_PREMATCH_FEATURE_FREEZE,2.22,3.09,3.49,EXTERNAL_HISTORICAL_MARKET_BENCHMARK,NOT_AVAILABLE,NOT_GOLDBET,f964b05819a8406a4a1c673c456877eb868bacfc88518a688abd9ec0595a990a,1484.6335956971745,1477.2859728584729,7.347622838701682,-0.3999999999999999,-1.4,0.9999999999999999,-10.31833588698828,134,134,False
0d4d8da1838d5dd4d1f4fa3b,LaLiga,2025/2026,HOLDOUT,2026-01-24,15:15,MATCH_KICKOFF_TIME_TIMEZONE_NOT_STATED_BY_SOURCE,,NOT_VERIFIED_DO_NOT_INFER,Valencia,Espanol,3,2,H,EVALUATION_ONLY_JOIN_AFTER_PREMATCH_FEATURE_FREEZE,2.39,3.11,3.13,EXTERNAL_HISTORICAL_MARKET_BENCHMARK,NOT_AVAILABLE,NOT_GOLDBET,425f34922bda2bb918aeecc676998528512d8011a9017f3ee3d7f15ae585da4f,1475.999169540606,1521.767058687687,-45.76788914708095,-0.3999999999999999,-0.19999999999999996,-0.6000000000000001,-14.744582003144615,134,96,False
e51b754ef3f3ff14a5f458b5,LaLiga,2025/2026,HOLDOUT,2026-01-24,17:30,MATCH_KICKOFF_TIME_TIMEZONE_NOT_STATED_BY_SOURCE,,NOT_VERIFIED_DO_NOT_INFER,Sevilla,Ath Bilbao,2,1,H,EVALUATION_ONLY_JOIN_AFTER_PREMATCH_FEATURE_FREEZE,2.61,2.97,2.93,EXTERNAL_HISTORICAL_MARKET_BENCHMARK,NOT_AVAILABLE,NOT_GOLDBET,59feb7200a18ecf4af47f9f5edb2a5adadf4437ae3d171e7ca9b628b318588ea,1446.3534285627777,1504.9032671883222,-58.54983862554445,0.0,0.19999999999999996,0.3999999999999999,-9.976469153313246,134,134,False
8572985d2f2f4781f2c8f010,LaLiga,2025/2026,HOLDOUT,2026-01-24,20:00,MATCH_KICKOFF_TIME_TIMEZONE_NOT_STATED_BY_SOURCE,,NOT_VERIFIED_DO_NOT_INFER,Villarreal,Real Madrid,0,2,A,EVALUATION_ONLY_JOIN_AFTER_PREMATCH_FEATURE_FREEZE,3.74,4.05,1.84,EXTERNAL_HISTORICAL_MARKET_BENCHMARK,NOT_AVAILABLE,NOT_GOLDBET,2a39e7cb3a619380926001f2c328be2740b58721d21a9ceb983ad0872874b235,1604.8100591632876,1649.5543356068117,-44.744276443524086,-0.5999999999999999,-0.9999999999999999,0.5999999999999999,37.74405713549322,133,134,False
94712e903dfa856062fd4725,LaLiga,2025/2026,HOLDOUT,2026-01-25,13:00,MATCH_KICKOFF_TIME_TIMEZONE_NOT_STATED_BY_SOURCE,,NOT_VERIFIED_DO_NOT_INFER,Ath Madrid,Mallorca,3,0,H,EVALUATION_ONLY_JOIN_AFTER_PREMATCH_FEATURE_FREEZE,1.32,5.06,9.62,EXTERNAL_HISTORICAL_MARKET_BENCHMARK,NOT_AVAILABLE,NOT_GOLDBET,70b30294fd1cfa206fbffa21175e764d195a9084928313d3cb963e321cef40a7,1606.8577935292212,1466.5353731198006,140.3224204094206,0.6000000000000001,0.6000000000000001,2.6,-7.504238654789106,134,134,False
92bd55dfe354f7d1597dbd76,LaLiga,2025/2026,HOLDOUT,2026-01-25,15:15,MATCH_KICKOFF_TIME_TIMEZONE_NOT_STATED_BY_SOURCE,,NOT_VERIFIED_DO_NOT_INFER,Barcelona,Oviedo,3,0,H,EVALUATION_ONLY_JOIN_AFTER_PREMATCH_FEATURE_FREEZE,1.12,9.35,17.46,EXTERNAL_HISTORICAL_MARKET_BENCHMARK,NOT_AVAILABLE,NOT_GOLDBET,23e21381a763377d2cef06965c23d769e534b4ae5239390714e5b07a201c199a,1661.6118087153277,1435.1842563476764,226.4275523676513,1.7999999999999998,2.4,2.8,40.571823499430366,134,20,False
cc626d20b597a6d0f2f56892,LaLiga,2025/2026,HOLDOUT,2026-01-25,17:30,MATCH_KICKOFF_TIME_TIMEZONE_NOT_STATED_BY_SOURCE,,NOT_VERIFIED_DO_NOT_INFER,Sociedad,Celta,3,1,H,EVALUATION_ONLY_JOIN_AFTER_PREMATCH_FEATURE_FREEZE,2.12,3.26,3.54,EXTERNAL_HISTORICAL_MARKET_BENCHMARK,NOT_AVAILABLE,NOT_GOLDBET,66523be3af1fcd029baa73aa640a164214c73053d565d198d0a1290e552619e6,1491.4978677782124,1546.105602260699,-54.60773448248665,-1.0,-1.6,-1.2000000000000002,49.039468511233736,134,134,False
ca64bc59c890d814b87e2c43,LaLiga,2025/2026,HOLDOUT,2026-01-25,20:00,MATCH_KICKOFF_TIME_TIMEZONE_NOT_STATED_BY_SOURCE,,NOT_VERIFIED_DO_NOT_INFER,Alaves,Betis,2,1,H,EVALUATION_ONLY_JOIN_AFTER_PREMATCH_FEATURE_FREEZE,2.66,2.95,2.9,EXTERNAL_HISTORICAL_MARKET_BENCHMARK,NOT_AVAILABLE,NOT_GOLDBET,7f898bd6377990cdea3e3785f978e1ed7317a07a7172d5ba26551d046801fbd0,1448.23137741101,1553.8074931990755,-105.57611578806541,-1.4000000000000001,-1.7999999999999998,0.19999999999999996,18.0531254374132,96,134,False
f060fb50bdaae974a7271a8e,LaLiga,2025/2026,HOLDOUT,2026-01-26,20:00,MATCH_KICKOFF_TIME_TIMEZONE_NOT_STATED_BY_SOURCE,,NOT_VERIFIED_DO_NOT_INFER,Girona,Getafe,1,1,D,EVALUATION_ONLY_JOIN_AFTER_PREMATCH_FEATURE_FREEZE,2.16,2.95,3.87,EXTERNAL_HISTORICAL_MARKET_BENCHMARK,NOT_AVAILABLE,NOT_GOLDBET,75d0b067e8e5f5222913c083b3c05907eb355822875a9d2c0f2eb322cc0d33c6,1490.1092603349523,1442.1345922716662,47.97466806328612,2.1999999999999997,1.7999999999999998,0.8,15.689283299568842,134,134,False
c997c730bf3704f20c8d1f72,LaLiga,2025/2026,HOLDOUT,2026-01-30,20:00,MATCH_KICKOFF_TIME_TIMEZONE_NOT_STATED_BY_SOURCE,,NOT_VERIFIED_DO_NOT_INFER,Espanol,Alaves,1,2,A,EVALUATION_ONLY_JOIN_AFTER_PREMATCH_FEATURE_FREEZE,1.94,3.07,4.51,EXTERNAL_HISTORICAL_MARKET_BENCHMARK,NOT_AVAILABLE,NOT_GOLDBET,b5dc39812c140f4e2a634c7cff64899be5324f78730b6c4970c7a1f5f31a0dfc,1512.176462799591,1459.535690574795,52.64077222479614,0.0,0.19999999999999996,1.2,-16.13357321080457,97,97,False
15787a71e9bb62b3c42daeeb,LaLiga,2025/2026,HOLDOUT,2026-01-31,13:00,MATCH_KICKOFF_TIME_TIMEZONE_NOT_STATED_BY_SOURCE,,NOT_VERIFIED_DO_NOT_INFER,Oviedo,Girona,1,0,H,EVALUATION_ONLY_JOIN_AFTER_PREMATCH_FEATURE_FREEZE,2.78,2.99,2.73,EXTERNAL_HISTORICAL_MARKET_BENCHMARK,NOT_AVAILABLE,NOT_GOLDBET,f01a42c70cecda4533dfce647328e9a9343390bc823c59996345522e78a9765d,1431.9588581514206,1487.0978307524488,-55.13897260102817,-1.4,-1.0,-1.0,26.07315057661458,21,135,False
b780bfc99be8a9696709ff31,LaLiga,2025/2026,HOLDOUT,2026-01-31,15:15,MATCH_KICKOFF_TIME_TIMEZONE_NOT_STATED_BY_SOURCE,,NOT_VERIFIED_DO_NOT_INFER,Osasuna,Villarreal,2,2,D,EVALUATION_ONLY_JOIN_AFTER_PREMATCH_FEATURE_FREEZE,2.73,3.28,2.56,EXTERNAL_HISTORICAL_MARKET_BENCHMARK,NOT_AVAILABLE,NOT_GOLDBET,78155f9db06b15e5d2b8fb4eefdeebef71e83986e6df49415f87b6be19f3a976,1489.2004741554708,1594.3712461234988,-105.17077196802802,0.8,1.4,-0.3999999999999999,-84.3636552848925,135,134,False
7ffd33edd1f8a0ec752e81fc,LaLiga,2025/2026,HOLDOUT,2026-01-31,17:30,MATCH_KICKOFF_TIME_TIMEZONE_NOT_STATED_BY_SOURCE,,NOT_VERIFIED_DO_NOT_INFER,Levante,Ath Madrid,0,0,D,EVALUATION_ONLY_JOIN_AFTER_PREMATCH_FEATURE_FREEZE,4.87,3.82,1.69,EXTERNAL_HISTORICAL_MARKET_BENCHMARK,NOT_AVAILABLE,NOT_GOLDBET,1f7f9b209c16007d517b3f017101f7fbb8abc6936361289e9be7bcc684abdd36,1456.6257552336199,1611.6560826886162,-155.03032745499627,-1.0,-1.2000000000000002,-0.3999999999999999,52.995569843901876,20,135,False
e8986bfb8153267a7ba312e6,LaLiga,2025/2026,HOLDOUT,2026-01-31,20:00,MATCH_KICKOFF_TIME_TIMEZONE_NOT_STATED_BY_SOURCE,,NOT_VERIFIED_DO_NOT_INFER,Elche,Barcelona,1,3,A,EVALUATION_ONLY_JOIN_AFTER_PREMATCH_FEATURE_FREEZE,8.62,6.26,1.28,EXTERNAL_HISTORICAL_MARKET_BENCHMARK,NOT_AVAILABLE,NOT_GOLDBET,6b05eb417cd6e1198c0d542883d7c1ceaf758ff81ca2d92b97f525bbb1b89d30,1472.825635138065,1664.8372069115835,-192.01157177351843,-1.4,-1.4000000000000001,-0.7999999999999998,-18.140915719563736,59,135,False
409a7c405a2b7c24fe48c5e1,LaLiga,2025/2026,HOLDOUT,2026-02-01,13:00,MATCH_KICKOFF_TIME_TIMEZONE_NOT_STATED_BY_SOURCE,,NOT_VERIFIED_DO_NOT_INFER,Real Madrid,Vallecano,2,1,H,EVALUATION_ONLY_JOIN_AFTER_PREMATCH_FEATURE_FREEZE,1.26,6.17,9.75,EXTERNAL_HISTORICAL_MARKET_BENCHMARK,NOT_AVAILABLE,NOT_GOLDBET,3efa53ebb36f2f7dc04efe211ec1ea8fe4b345f992c49ece0f651203002ae2e1,1659.9931486466005,1472.7190944001766,187.27405424642393,2.2,3.8000000000000003,2.1999999999999997,24.861457130143435,135,135,False
e4127aeb3b8c404767789b47,LaLiga,2025/2026,HOLDOUT,2026-02-01,15:15,MATCH_KICKOFF_TIME_TIMEZONE_NOT_STATED_BY_SOURCE,,NOT_VERIFIED_DO_NOT_INFER,Betis,Valencia,2,1,H,EVALUATION_ONLY_JOIN_AFTER_PREMATCH_FEATURE_FREEZE,1.81,3.48,4.54,EXTERNAL_HISTORICAL_MARKET_BENCHMARK,NOT_AVAILABLE,NOT_GOLDBET,387994ac96fba9187fe00bde38a11de92a19262664a6ecf209b42352114adb18,1542.5031800352906,1485.589765428702,56.9134146065885,-0.20000000000000018,0.4,1.2,31.457669244238787,135,135,False
2acbe2b80a3f9d9fa38c5a4c,LaLiga,2025/2026,HOLDOUT,2026-02-01,17:30,MATCH_KICKOFF_TIME_TIMEZONE_NOT_STATED_BY_SOURCE,,NOT_VERIFIED_DO_NOT_INFER,Getafe,Celta,0,0,D,EVALUATION_ONLY_JOIN_AFTER_PREMATCH_FEATURE_FREEZE,2.9,2.81,2.8,EXTERNAL_HISTORICAL_MARKET_BENCHMARK,NOT_AVAILABLE,NOT_GOLDBET,f5a15f0e91a1d3c67b841993226e89f5b60c07c7d8c286a1a65a7e41e78e4b7a,1445.1460218541697,1536.2607916778948,-91.11476982372506,-1.6,-2.2,-1.4,20.788156667890917,135,135,False
6ce27def8dbd109a724b5b03,LaLiga,2025/2026,HOLDOUT,2026-02-01,20:00,MATCH_KICKOFF_TIME_TIMEZONE_NOT_STATED_BY_SOURCE,,NOT_VERIFIED_DO_NOT_INFER,Ath Bilbao,Sociedad,1,1,D,EVALUATION_ONLY_JOIN_AFTER_PREMATCH_FEATURE_FREEZE,2.21,3.1,3.52,EXTERNAL_HISTORICAL_MARKET_BENCHMARK,NOT_AVAILABLE,NOT_GOLDBET,9ec20563be1adad6d341d943fdda58b03d12517d99cb7a94837dbd2eaee7fada,1494.94500594548,1501.3426783610166,-6.39767241553659,-2.0,-1.8,-0.40000000000000013,-60.2512516386555,135,135,False
1d0da315b3cc16996e771a5d,LaLiga,2025/2026,HOLDOUT,2026-02-02,20:00,MATCH_KICKOFF_TIME_TIMEZONE_NOT_STATED_BY_SOURCE,,NOT_VERIFIED_DO_NOT_INFER,Mallorca,Sevilla,4,1,H,EVALUATION_ONLY_JOIN_AFTER_PREMATCH_FEATURE_FREEZE,2.65,3.01,2.84,EXTERNAL_HISTORICAL_MARKET_BENCHMARK,NOT_AVAILABLE,NOT_GOLDBET,2ce69d63ecf9b758055ee9b6719358f1ae52bb334c291193fdf3ac71678f6902,1461.7370839604057,1456.3116898056198,5.425394154785863,0.0,0.19999999999999996,1.6,-11.37500828430575,135,135,False
c8411bf12f641158c2d9334b,LaLiga,2025/2026,HOLDOUT,2026-02-06,20:00,MATCH_KICKOFF_TIME_TIMEZONE_NOT_STATED_BY_SOURCE,,NOT_VERIFIED_DO_NOT_INFER,Celta,Osasuna,1,2,A,EVALUATION_ONLY_JOIN_AFTER_PREMATCH_FEATURE_FREEZE,2.05,3.24,3.8,EXTERNAL_HISTORICAL_MARKET_BENCHMARK,NOT_AVAILABLE,NOT_GOLDBET,578c67a95563f8bf73887dd5efa635b68a4538db2268cca0868e2261d9ee4b53,1535.367623131005,1490.4933173243842,44.874305806620896,0.3999999999999999,0.6,1.0,-30.01461065835383,136,136,False
53cdef953c81d717fb53df45,LaLiga,2025/2026,HOLDOUT,2026-02-07,15:15,MATCH_KICKOFF_TIME_TIMEZONE_NOT_STATED_BY_SOURCE,,NOT_VERIFIED_DO_NOT_INFER,Barcelona,Mallorca,3,0,H,EVALUATION_ONLY_JOIN_AFTER_PREMATCH_FEATURE_FREEZE,1.14,8.4,15.31,EXTERNAL_HISTORICAL_MARKET_BENCHMARK,NOT_AVAILABLE,NOT_GOLDBET,bbfcf48fcd13a65670425690ded0348167936914a2248c0fdcb8bf3d76493e6c,1671.2104809505165,1469.8759369426623,201.33454400785422,1.2,1.8,2.6,4.862996879287493,136,136,False
3c99e433298bd93d5beb7a0d,LaLiga,2025/2026,HOLDOUT,2026-02-07,20:00,MATCH_KICKOFF_TIME_TIMEZONE_NOT_STATED_BY_SOURCE,,NOT_VERIFIED_DO_NOT_INFER,Sociedad,Elche,3,1,H,EVALUATION_ONLY_JOIN_AFTER_PREMATCH_FEATURE_FREEZE,1.62,4.02,5.14,EXTERNAL_HISTORICAL_MARKET_BENCHMARK,NOT_AVAILABLE,NOT_GOLDBET,bfc75b84a128b62144062ef2de8b4846447e10b8bf9e4134390956573ad95a19,1502.8733520820495,1466.452361099132,36.420990982917374,1.8000000000000003,1.8,1.2,32.527690686422375,136,60,False
c907df66cce34034e2246f09,LaLiga,2025/2026,HOLDOUT,2026-02-08,13:00,MATCH_KICKOFF_TIME_TIMEZONE_NOT_STATED_BY_SOURCE,,NOT_VERIFIED_DO_NOT_INFER,Alaves,Getafe,0,2,A,EVALUATION_ONLY_JOIN_AFTER_PREMATCH_FEATURE_FREEZE,2.38,2.67,3.78,EXTERNAL_HISTORICAL_MARKET_BENCHMARK,NOT_AVAILABLE,NOT_GOLDBET,d33faae90060b07dac89bd2a1235f3781744383668b8fa043d95ea252839dfbb,1472.6687428387895,1446.0391904010594,26.629552437730126,0.7999999999999999,0.2,0.9999999999999999,54.96189947293851,98,136,False
3feb705a0e503758cbdb4b54,LaLiga,2025/2026,HOLDOUT,2026-02-08,15:15,MATCH_KICKOFF_TIME_TIMEZONE_NOT_STATED_BY_SOURCE,,NOT_VERIFIED_DO_NOT_INFER,Ath Bilbao,Levante,4,2,H,EVALUATION_ONLY_JOIN_AFTER_PREMATCH_FEATURE_FREEZE,1.61,3.87,5.54,EXTERNAL_HISTORICAL_MARKET_BENCHMARK,NOT_AVAILABLE,NOT_GOLDBET,667d078090aff40fb3d1273d7675156e4f8bd59b2e5f673692411d7a5ea5c3c9,1493.4143322244472,1459.294719968735,34.11961225571213,-1.2000000000000002,-1.0,0.7999999999999999,-65.0158127856223,136,21,False
7fc5d8e695083303c759ef15,LaLiga,2025/2026,HOLDOUT,2026-02-08,15:15,MATCH_KICKOFF_TIME_TIMEZONE_NOT_STATED_BY_SOURCE,,NOT_VERIFIED_DO_NOT_INFER,Sevilla,Girona,1,1,D,EVALUATION_ONLY_JOIN_AFTER_PREMATCH_FEATURE_FREEZE,2.02,3.4,3.7,EXTERNAL_HISTORICAL_MARKET_BENCHMARK,NOT_AVAILABLE,NOT_GOLDBET,93130c01b175a231f50d8c591ec2bfd80bcc4f703a857c09bdb040ac230c3236,1448.1728368233632,1477.2377332391281,-29.064896415764906,-1.2,-1.7999999999999998,-0.6000000000000001,10.999588221363638,136,136,False
7dbf85742994a064ababaa6e,LaLiga,2025/2026,HOLDOUT,2026-02-08,17:30,MATCH_KICKOFF_TIME_TIMEZONE_NOT_STATED_BY_SOURCE,,NOT_VERIFIED_DO_NOT_INFER,Ath Madrid,Betis,0,1,A,EVALUATION_ONLY_JOIN_AFTER_PREMATCH_FEATURE_FREEZE,1.45,4.66,6.35,EXTERNAL_HISTORICAL_MARKET_BENCHMARK,NOT_AVAILABLE,NOT_GOLDBET,50914b47b33c82566cfbb96002eead4952fcb9a4eb3d6bd0831739018018a3fa,1608.9871179535012,1549.2596538509633,59.72746410253785,0.8000000000000003,1.7999999999999998,2.0,-65.32627982585677,136,136,False
6840f3b1931c61a25b962de1,LaLiga,2025/2026,HOLDOUT,2026-02-08,20:00,MATCH_KICKOFF_TIME_TIMEZONE_NOT_STATED_BY_SOURCE,,NOT_VERIFIED_DO_NOT_INFER,Valencia,Real Madrid,0,2,A,EVALUATION_ONLY_JOIN_AFTER_PREMATCH_FEATURE_FREEZE,5.01,4.1,1.62,EXTERNAL_HISTORICAL_MARKET_BENCHMARK,NOT_AVAILABLE,NOT_GOLDBET,55034a86bbcc4f2b1080f61e2de1b2f5e8165dc4e2fc5eb93fd2f8e90e8d0125,1478.8332916130294,1663.8756564191387,-185.0423648061094,-1.6,-2.6,-0.40000000000000013,-4.980959540881031,136,136,False
8b9f7907c3eaadb24b12b727,LaLiga,2025/2026,HOLDOUT,2026-02-09,20:00,MATCH_KICKOFF_TIME_TIMEZONE_NOT_STATED_BY_SOURCE,,NOT_VERIFIED_DO_NOT_INFER,Villarreal,Espanol,4,1,H,EVALUATION_ONLY_JOIN_AFTER_PREMATCH_FEATURE_FREEZE,1.69,3.91,4.73,EXTERNAL_HISTORICAL_MARKET_BENCHMARK,NOT_AVAILABLE,NOT_GOLDBET,7b6807f9ca4b45979625dc76c7b2f84f74b14bad3c4261a97df5c32db14c9337,1593.0784029545855,1499.0434105355964,94.03499241898908,1.2,1.2,-0.19999999999999996,20.399209896746015,135,98,False
2cc87c1d4c5161e53312aa41,LaLiga,2025/2026,HOLDOUT,2026-02-13,20:00,MATCH_KICKOFF_TIME_TIMEZONE_NOT_STATED_BY_SOURCE,,NOT_VERIFIED_DO_NOT_INFER,Elche,Osasuna,0,0,D,EVALUATION_ONLY_JOIN_AFTER_PREMATCH_FEATURE_FREEZE,2.88,3.14,2.53,EXTERNAL_HISTORICAL_MARKET_BENCHMARK,NOT_AVAILABLE,NOT_GOLDBET,d0da7fc5dbd0981a2534da9cebd4da15b59cd57b3e1ee9d15ded7a028d169339,1459.1584612404902,1503.4233873486314,-44.26492610814125,-1.6,-1.6,0.0,-0.19649130954053362,61,137,False
62e2f6696eb8016adefc0677,LaLiga,2025/2026,HOLDOUT,2026-02-14,13:00,MATCH_KICKOFF_TIME_TIMEZONE_NOT_STATED_BY_SOURCE,,NOT_VERIFIED_DO_NOT_INFER,Espanol,Celta,2,2,D,EVALUATION_ONLY_JOIN_AFTER_PREMATCH_FEATURE_FREEZE,2.58,3.05,2.88,EXTERNAL_HISTORICAL_MARKET_BENCHMARK,NOT_AVAILABLE,NOT_GOLDBET,21ffb03e9ff5e5ddf16b2eac6f2bd1730bf866a2c13c58d5aaa82f57ae762cf7,1493.20757085456,1522.4375531067578,-29.229982252197942,-1.2,-1.5999999999999999,-0.40000000000000013,16.801244618356122,99,137,False
e7f624a2edcfce92e693d09d,LaLiga,2025/2026,HOLDOUT,2026-02-14,15:15,MATCH_KICKOFF_TIME_TIMEZONE_NOT_STATED_BY_SOURCE,,NOT_VERIFIED_DO_NOT_INFER,Getafe,Villarreal,2,1,H,EVALUATION_ONLY_JOIN_AFTER_PREMATCH_FEATURE_FREEZE,3.05,2.84,2.61,EXTERNAL_HISTORICAL_MARKET_BENCHMARK,NOT_AVAILABLE,NOT_GOLDBET,b33473b3037d73953f1b3b4ec3a78f9d99e5eadf9324edca382db7d6df2b417e,1458.4821709382861,1598.914242635622,-140.4320716973359,-0.3999999999999999,-0.2,-1.2,-41.79216664884916,137,136,False
84766d23fc5924636f55ba61,LaLiga,2025/2026,HOLDOUT,2026-02-14,17:30,MATCH_KICKOFF_TIME_TIMEZONE_NOT_STATED_BY_SOURCE,,NOT_VERIFIED_DO_NOT_INFER,Sevilla,Alaves,1,1,D,EVALUATION_ONLY_JOIN_AFTER_PREMATCH_FEATURE_FREEZE,2.1,3.05,3.92,EXTERNAL_HISTORICAL_MARKET_BENCHMARK,NOT_AVAILABLE,NOT_GOLDBET,79954cc104a6523a9625f8c6d43f02a88530d5018f0c7beee0aa2ead66359b08,1447.2847984696962,1460.2257623015628,-12.940963831866611,-0.19999999999999996,0.0,0.7999999999999999,-53.297516454279275,137,99,False
48c87792dd65cc770f1a3c07,LaLiga,2025/2026,HOLDOUT,2026-02-14,20:00,MATCH_KICKOFF_TIME_TIMEZONE_NOT_STATED_BY_SOURCE,,NOT_VERIFIED_DO_NOT_INFER,Real Madrid,Sociedad,4,1,H,EVALUATION_ONLY_JOIN_AFTER_PREMATCH_FEATURE_FREEZE,1.37,5.08,7.63,EXTERNAL_HISTORICAL_MARKET_BENCHMARK,NOT_AVAILABLE,NOT_GOLDBET,88c6fbce67be0929bb2da807cd56afb16bb1fc6f9368a3ed008045df2759d710,1670.4243893907076,1510.1672519406914,160.25713745001622,0.3999999999999999,1.0000000000000002,0.7999999999999998,-17.99545825798964,137,137,False
a8c8a694bcf206c4a4e8489f,LaLiga,2025/2026,HOLDOUT,2026-02-15,13:00,MATCH_KICKOFF_TIME_TIMEZONE_NOT_STATED_BY_SOURCE,,NOT_VERIFIED_DO_NOT_INFER,Oviedo,Ath Bilbao,1,2,A,EVALUATION_ONLY_JOIN_AFTER_PREMATCH_FEATURE_FREEZE,3.28,2.93,2.42,EXTERNAL_HISTORICAL_MARKET_BENCHMARK,NOT_AVAILABLE,NOT_GOLDBET,bbc955562e663e350782351f876d696aed19ecc4d09516cef48a90c50f926cac,1441.8189556647412,1500.7697297545415,-58.950774089800234,0.0,-0.6,0.5999999999999999,56.04075001663978,22,137,False
35484b476adce2e64fc51fc4,LaLiga,2025/2026,HOLDOUT,2026-02-15,15:15,MATCH_KICKOFF_TIME_TIMEZONE_NOT_STATED_BY_SOURCE,,NOT_VERIFIED_DO_NOT_INFER,Vallecano,Ath Madrid,3,0,H,EVALUATION_ONLY_JOIN_AFTER_PREMATCH_FEATURE_FREEZE,4.55,3.58,1.78,EXTERNAL_HISTORICAL_MARKET_BENCHMARK,NOT_AVAILABLE,NOT_GOLDBET,a1a3a06c95b1e8cb6d22ea22784f28ff15ab41a81b9e44134f9204b2ca33f0c0,1468.8365866276383,1595.6713094197735,-126.83472279213515,-0.8,-1.6,0.19999999999999996,42.91219741100804,136,137,False
be69784ea4435b99d47046f2,LaLiga,2025/2026,HOLDOUT,2026-02-15,17:30,MATCH_KICKOFF_TIME_TIMEZONE_NOT_STATED_BY_SOURCE,,NOT_VERIFIED_DO_NOT_INFER,Levante,Valencia,0,2,A,EVALUATION_ONLY_JOIN_AFTER_PREMATCH_FEATURE_FREEZE,2.69,3.14,2.7,EXTERNAL_HISTORICAL_MARKET_BENCHMARK,NOT_AVAILABLE,NOT_GOLDBET,32af2659d5aa14f6814bd1b9a0681d005b490e10fb874cebb2b0f27182067f95,1451.9393224386408,1472.2845586414605,-20.345236202819706,-0.3999999999999999,-0.39999999999999997,0.3999999999999999,20.66687514066166,22,137,False
b23230aa14ba906d864d7cd5,LaLiga,2025/2026,HOLDOUT,2026-02-15,20:00,MATCH_KICKOFF_TIME_TIMEZONE_NOT_STATED_BY_SOURCE,,NOT_VERIFIED_DO_NOT_INFER,Mallorca,Betis,1,2,A,EVALUATION_ONLY_JOIN_AFTER_PREMATCH_FEATURE_FREEZE,3,3.15,2.44,EXTERNAL_HISTORICAL_MARKET_BENCHMARK,NOT_AVAILABLE,NOT_GOLDBET,b09f984d32e5b33051b42eecad34badf393b08fa0ef0e876721153f852e4db6a,1466.2404216586215,1562.575462384691,-96.33504072606956,-0.8,-1.2,1.0,26.734302606165556,137,137,False
37f65b6bdc535ca9da738e58,LaLiga,2025/2026,HOLDOUT,2026-02-16,20:00,MATCH_KICKOFF_TIME_TIMEZONE_NOT_STATED_BY_SOURCE,,NOT_VERIFIED_DO_NOT_INFER,Girona,Barcelona,2,1,H,EVALUATION_ONLY_JOIN_AFTER_PREMATCH_FEATURE_FREEZE,7.79,5.66,1.32,EXTERNAL_HISTORICAL_MARKET_BENCHMARK,NOT_AVAILABLE,NOT_GOLDBET,f897122280d4dc98e0ed454ded7456edc994dec926e824aee7649847b0d46729,1478.1257715927952,1674.8459962345573,-196.72022464176212,-0.7999999999999998,-1.4,-0.7999999999999998,-12.793950052815944,137,137,False
8306b85e9744c53f23b4efa8,LaLiga,2025/2026,HOLDOUT,2026-02-18,19:00,MATCH_KICKOFF_TIME_TIMEZONE_NOT_STATED_BY_SOURCE,,NOT_VERIFIED_DO_NOT_INFER,Levante,Villarreal,0,1,A,EVALUATION_ONLY_JOIN_AFTER_PREMATCH_FEATURE_FREEZE,3.97,3.64,1.86,EXTERNAL_HISTORICAL_MARKET_BENCHMARK,NOT_AVAILABLE,NOT_GOLDBET,9fa01c09160114fe07337b321c8d88b6b7945c0f4a9673dc0db608f5c46aab8d,1440.8028970206437,1586.6397102562473,-145.83681323560359,0.0,-0.6,-0.19999999999999996,13.101394085362472,23,137,False
12dfeec30a872c094a9e4ac5,LaLiga,2025/2026,HOLDOUT,2026-02-20,20:00,MATCH_KICKOFF_TIME_TIMEZONE_NOT_STATED_BY_SOURCE,,NOT_VERIFIED_DO_NOT_INFER,Ath Bilbao,Elche,2,1,H,EVALUATION_ONLY_JOIN_AFTER_PREMATCH_FEATURE_FREEZE,1.7,3.7,4.96,EXTERNAL_HISTORICAL_MARKET_BENCHMARK,NOT_AVAILABLE,NOT_GOLDBET,5a8602c2d358d739d335a80aeb839c5073233d5c17bb2197a442adf5a73a310b,1510.7999288119877,1458.7058787980718,52.094050013915876,0.9999999999999999,1.2,1.2,-51.32091837398275,138,62,False
b6d3dbf1a9f1525c5b33e098,LaLiga,2025/2026,HOLDOUT,2026-02-21,13:00,MATCH_KICKOFF_TIME_TIMEZONE_NOT_STATED_BY_SOURCE,,NOT_VERIFIED_DO_NOT_INFER,Sociedad,Oviedo,3,3,D,EVALUATION_ONLY_JOIN_AFTER_PREMATCH_FEATURE_FREEZE,1.53,3.9,6.63,EXTERNAL_HISTORICAL_MARKET_BENCHMARK,NOT_AVAILABLE,NOT_GOLDBET,f77a8488c94100e880e321be4a4970222407e0eedc1217249c463310ffbc85dc,1505.7749198196216,1431.788756607295,73.98616321232657,1.2,1.2000000000000002,1.8,37.87565926549951,138,23,False
5a692834cf674257dda84f55,LaLiga,2025/2026,HOLDOUT,2026-02-21,15:15,MATCH_KICKOFF_TIME_TIMEZONE_NOT_STATED_BY_SOURCE,,NOT_VERIFIED_DO_NOT_INFER,Betis,Vallecano,1,1,D,EVALUATION_ONLY_JOIN_AFTER_PREMATCH_FEATURE_FREEZE,1.91,3.45,4.06,EXTERNAL_HISTORICAL_MARKET_BENCHMARK,NOT_AVAILABLE,NOT_GOLDBET,d4641ea964f6221b7bee1d48eee237fe3b4b109579bf736519cbc81382aac46d,1571.533451940604,1480.7368625548013,90.79658938580269,1.2,1.2000000000000002,1.8,-22.438863609802638,138,137,False
808bc7ec9edb72298007a339,LaLiga,2025/2026,HOLDOUT,2026-02-21,17:30,MATCH_KICKOFF_TIME_TIMEZONE_NOT_STATED_BY_SOURCE,,NOT_VERIFIED_DO_NOT_INFER,Osasuna,Real Madrid,2,1,H,EVALUATION_ONLY_JOIN_AFTER_PREMATCH_FEATURE_FREEZE,4.62,3.94,1.69,EXTERNAL_HISTORICAL_MARKET_BENCHMARK,NOT_AVAILABLE,NOT_GOLDBET,cd99304b50d576abefeb141b20a7a7d9cbb251c446f073900feaaaa8014a5766,1503.8759697910498,1674.8167215117774,-170.94075172072758,-0.7999999999999998,-1.2,-0.3999999999999999,-0.2738944479547172,138,138,False
36f14d30058d4f659b3dce1d,LaLiga,2025/2026,HOLDOUT,2026-02-21,20:00,MATCH_KICKOFF_TIME_TIMEZONE_NOT_STATED_BY_SOURCE,,NOT_VERIFIED_DO_NOT_INFER,Ath Madrid,Espanol,4,2,H,EVALUATION_ONLY_JOIN_AFTER_PREMATCH_FEATURE_FREEZE,1.41,4.54,7.5,EXTERNAL_HISTORICAL_MARKET_BENCHMARK,NOT_AVAILABLE,NOT_GOLDBET,8bd550f42e4bcae14293b67dc688151d9589a04efe42689567b7a7e52bf82e48,1583.7710334926105,1492.324246780468,91.44678671214251,1.2,1.4,1.0,-26.75684509275925,138,100,False
78b272d745dde8f0867fc2d2,LaLiga,2025/2026,HOLDOUT,2026-02-22,13:00,MATCH_KICKOFF_TIME_TIMEZONE_NOT_STATED_BY_SOURCE,,NOT_VERIFIED_DO_NOT_INFER,Getafe,Sevilla,0,1,A,EVALUATION_ONLY_JOIN_AFTER_PREMATCH_FEATURE_FREEZE,2.33,2.8,3.62,EXTERNAL_HISTORICAL_MARKET_BENCHMARK,NOT_AVAILABLE,NOT_GOLDBET,ee5d5d85177d329cc3f0b673708a31bdcddcd5122fdc8cac4a05e9ad5003e16f,1470.7567033176608,1445.9385531430344,24.818150174626453,0.40000000000000013,0.8,0.4,34.70199976947606,138,138,False
3b7dd4da004ec08e31c51dff,LaLiga,2025/2026,HOLDOUT,2026-02-22,15:15,MATCH_KICKOFF_TIME_TIMEZONE_NOT_STATED_BY_SOURCE,,NOT_VERIFIED_DO_NOT_INFER,Barcelona,Levante,3,0,H,EVALUATION_ONLY_JOIN_AFTER_PREMATCH_FEATURE_FREEZE,1.1,10.34,17.85,EXTERNAL_HISTORICAL_MARKET_BENCHMARK,NOT_AVAILABLE,NOT_GOLDBET,3e8ab6f4fb902242205ce58e2372cbf5f742c10d883560b94903bd2b06a28ec4,1661.1021530851472,1433.2244105065915,227.87774257855563,1.0,2.0,2.4,-62.47042196657321,138,24,False
9cc7cd23c47d46fd48be1811,LaLiga,2025/2026,HOLDOUT,2026-02-22,17:30,MATCH_KICKOFF_TIME_TIMEZONE_NOT_STATED_BY_SOURCE,,NOT_VERIFIED_DO_NOT_INFER,Celta,Mallorca,2,0,H,EVALUATION_ONLY_JOIN_AFTER_PREMATCH_FEATURE_FREEZE,1.78,3.48,4.73,EXTERNAL_HISTORICAL_MARKET_BENCHMARK,NOT_AVAILABLE,NOT_GOLDBET,e47a8faf80cc7bb79d96d2438f94403c2f0164cc3ccb96f7f195c6a47c2cb312,1523.3208771808497,1457.2824321027085,66.0384450781412,-0.19999999999999996,0.6,1.4,-79.96572961507582,138,138,False
6a5c1390112d598b373c975f,LaLiga,2025/2026,HOLDOUT,2026-02-22,20:00,MATCH_KICKOFF_TIME_TIMEZONE_NOT_STATED_BY_SOURCE,,NOT_VERIFIED_DO_NOT_INFER,Villarreal,Valencia,2,1,H,EVALUATION_ONLY_JOIN_AFTER_PREMATCH_FEATURE_FREEZE,1.67,3.87,4.89,EXTERNAL_HISTORICAL_MARKET_BENCHMARK,NOT_AVAILABLE,NOT_GOLDBET,2253e622a75f70a7efef8b5ab4a8d32de87d0fe2c5c766c7edb6aeac4724a75d,1594.2181967702995,1483.4209840594576,110.7972127108419,-0.40000000000000013,0.0,0.6000000000000001,-19.30714200366947,138,138,False
fac9d8ef079a37a9f415c963,LaLiga,2025/2026,HOLDOUT,2026-02-23,20:00,MATCH_KICKOFF_TIME_TIMEZONE_NOT_STATED_BY_SOURCE,,NOT_VERIFIED_DO_NOT_INFER,Alaves,Girona,2,2,D,EVALUATION_ONLY_JOIN_AFTER_PREMATCH_FEATURE_FREEZE,2.38,3.04,3.23,EXTERNAL_HISTORICAL_MARKET_BENCHMARK,NOT_AVAILABLE,NOT_GOLDBET,555a42a845ec250e38554d5a1aa5ec0a8a56698b734dc2f8a3e77471f30059ff,1461.5720076282246,1491.8696147422054,-30.297607113980803,-0.20000000000000018,-0.6000000000000001,-0.6000000000000001,5.879858285016326,100,138,False
3434f0516ae306fb2bda43f3,LaLiga,2025/2026,HOLDOUT,2026-02-27,20:00,MATCH_KICKOFF_TIME_TIMEZONE_NOT_STATED_BY_SOURCE,,NOT_VERIFIED_DO_NOT_INFER,Levante,Alaves,2,0,H,EVALUATION_ONLY_JOIN_AFTER_PREMATCH_FEATURE_FREEZE,2.69,3.05,2.77,EXTERNAL_HISTORICAL_MARKET_BENCHMARK,NOT_AVAILABLE,NOT_GOLDBET,5920766d583793a957b01d6a9c7feb80a6a61cc80f8bd1ebf1cf3dd24948c831,1430.0215317401298,1460.719180685453,-30.69764894532318,-1.4000000000000001,-1.6,0.19999999999999996,74.78385545685819,25,101,False
ef3ce87d352b0ef988c60276,LaLiga,2025/2026,HOLDOUT,2026-02-28,13:00,MATCH_KICKOFF_TIME_TIMEZONE_NOT_STATED_BY_SOURCE,,NOT_VERIFIED_DO_NOT_INFER,Vallecano,Ath Bilbao,1,1,D,EVALUATION_ONLY_JOIN_AFTER_PREMATCH_FEATURE_FREEZE,2.43,3.05,3.1,EXTERNAL_HISTORICAL_MARKET_BENCHMARK,NOT_AVAILABLE,NOT_GOLDBET,223ffedab900821f4b8cd8e1c8b5c3a1c8da99a7246bf4f47be8da51c8ffd4b5,1484.8236787909962,1517.6810748248968,-32.85739603390061,-1.2,-1.2,0.8,107.21439923154435,138,139,False
723172e4d6420d864baa27a6,LaLiga,2025/2026,HOLDOUT,2026-02-28,15:15,MATCH_KICKOFF_TIME_TIMEZONE_NOT_STATED_BY_SOURCE,,NOT_VERIFIED_DO_NOT_INFER,Barcelona,Villarreal,4,1,H,EVALUATION_ONLY_JOIN_AFTER_PREMATCH_FEATURE_FREEZE,1.37,5.54,6.51,EXTERNAL_HISTORICAL_MARKET_BENCHMARK,NOT_AVAILABLE,NOT_GOLDBET,ec456fd54fac7fe8f50255501325160070c3a0a66ee25dcc8c1dceeee7de29bf,1664.3050318516089,1599.6633910627688,64.64164078884005,0.3999999999999999,1.2,1.6,-16.34278523633293,139,139,False
3c917f3c88bf3bb47020f903,LaLiga,2025/2026,HOLDOUT,2026-02-28,17:30,MATCH_KICKOFF_TIME_TIMEZONE_NOT_STATED_BY_SOURCE,,NOT_VERIFIED_DO_NOT_INFER,Mallorca,Sociedad,0,1,A,EVALUATION_ONLY_JOIN_AFTER_PREMATCH_FEATURE_FREEZE,3.04,3.22,2.36,EXTERNAL_HISTORICAL_MARKET_BENCHMARK,NOT_AVAILABLE,NOT_GOLDBET,2be23bbc91f3c99dfa431aaa6ef2c72c38d0625b52f52a2ab4f4dac99f110046,1450.7589286996576,1502.0989379699297,-51.34000927027205,-1.0,-1.4,0.8,42.112037709516926,139,139,False
f44040a3ac9b983a96a5788b,LaLiga,2025/2026,HOLDOUT,2026-02-28,20:00,MATCH_KICKOFF_TIME_TIMEZONE_NOT_STATED_BY_SOURCE,,NOT_VERIFIED_DO_NOT_INFER,Oviedo,Ath Madrid,0,1,A,EVALUATION_ONLY_JOIN_AFTER_PREMATCH_FEATURE_FREEZE,4.72,3.53,1.77,EXTERNAL_HISTORICAL_MARKET_BENCHMARK,NOT_AVAILABLE,NOT_GOLDBET,2af427d903d9dc7d067cb60dd5b52093d29941c77034d69865c08e134fc85bae,1435.4647384569869,1589.6686406598526,-154.20390220286572,-0.5999999999999999,-1.0,0.19999999999999996,38.282374219945495,24,139,False
6c4ae5c550dd6cd73a6e445c,LaLiga,2025/2026,HOLDOUT,2026-03-01,13:00,MATCH_KICKOFF_TIME_TIMEZONE_NOT_STATED_BY_SOURCE,,NOT_VERIFIED_DO_NOT_INFER,Elche,Espanol,2,2,D,EVALUATION_ONLY_JOIN_AFTER_PREMATCH_FEATURE_FREEZE,2.4,3.27,2.94,EXTERNAL_HISTORICAL_MARKET_BENCHMARK,NOT_AVAILABLE,NOT_GOLDBET,10461cbe8090ecd46603a92188f955af7ab61ba36aa10189b2e5639edff20750,1451.8247327851627,1486.426639613226,-34.60190682806319,0.0,0.19999999999999996,0.19999999999999996,-1.1073420132611318,63,101,False
6495a58f5b4afa9bf51782d4,LaLiga,2025/2026,HOLDOUT,2026-03-01,15:15,MATCH_KICKOFF_TIME_TIMEZONE_NOT_STATED_BY_SOURCE,,NOT_VERIFIED_DO_NOT_INFER,Valencia,Osasuna,1,0,H,EVALUATION_ONLY_JOIN_AFTER_PREMATCH_FEATURE_FREEZE,2.4,3.11,3.09,EXTERNAL_HISTORICAL_MARKET_BENCHMARK,NOT_AVAILABLE,NOT_GOLDBET,f073bdacfc23db2a37e8ffb66844284769afe0bf698f936ac48cfdbe7db0c166,1477.9757897669883,1516.9648271610038,-38.98903739401544,-1.0000000000000002,-1.0,-0.19999999999999996,5.19115332942215,139,139,False
a642cab9b2d053443dd24641,LaLiga,2025/2026,HOLDOUT,2026-03-01,17:30,MATCH_KICKOFF_TIME_TIMEZONE_NOT_STATED_BY_SOURCE,,NOT_VERIFIED_DO_NOT_INFER,Betis,Sevilla,2,2,D,EVALUATION_ONLY_JOIN_AFTER_PREMATCH_FEATURE_FREEZE,1.74,3.65,4.74,EXTERNAL_HISTORICAL_MARKET_BENCHMARK,NOT_AVAILABLE,NOT_GOLDBET,18635165ba3a1f8d3714c8b11f6ab3ac5b6e83a1f3003be8f508cefcb4c9d675,1567.4466357044091,1458.3324468334336,109.11418887097557,0.3999999999999999,0.6000000000000001,1.0,22.98499899991134,139,139,False
8f317e813c93a5e2ca883e4b,LaLiga,2025/2026,HOLDOUT,2026-03-01,20:00,MATCH_KICKOFF_TIME_TIMEZONE_NOT_STATED_BY_SOURCE,,NOT_VERIFIED_DO_NOT_INFER,Girona,Celta,1,2,A,EVALUATION_ONLY_JOIN_AFTER_PREMATCH_FEATURE_FREEZE,2.41,3.24,2.96,EXTERNAL_HISTORICAL_MARKET_BENCHMARK,NOT_AVAILABLE,NOT_GOLDBET,d75c8b5c8f3e6f15a7268dc95db5e083ca697efa52fdf91d84fe7fcbacb701b7,1492.722441684977,1529.8443805839006,-37.121938898923645,0.19999999999999996,0.2,0.40000000000000013,16.21141623903941,139,139,False
aefdefdf6fb8b0c352f947b6,LaLiga,2025/2026,HOLDOUT,2026-03-02,20:00,MATCH_KICKOFF_TIME_TIMEZONE_NOT_STATED_BY_SOURCE,,NOT_VERIFIED_DO_NOT_INFER,Real Madrid,Getafe,0,1,A,EVALUATION_ONLY_JOIN_AFTER_PREMATCH_FEATURE_FREEZE,1.39,4.4,8.67,EXTERNAL_HISTORICAL_MARKET_BENCHMARK,NOT_AVAILABLE,NOT_GOLDBET,3d2727fc3d60ceca7c8982c99a340b1b929d0e2dafb2ceee0ae48cb8c5894dbc,1661.7278641418234,1458.3628096272619,203.3650545145615,0.7999999999999998,0.9999999999999999,2.0,5.302815255588257,139,139,False
c4035dcfb9fa5abd2c21367f,LaLiga,2025/2026,HOLDOUT,2026-03-04,18:00,MATCH_KICKOFF_TIME_TIMEZONE_NOT_STATED_BY_SOURCE,,NOT_VERIFIED_DO_NOT_INFER,Vallecano,Oviedo,3,0,H,EVALUATION_ONLY_JOIN_AFTER_PREMATCH_FEATURE_FREEZE,1.73,3.52,5.02,EXTERNAL_HISTORICAL_MARKET_BENCHMARK,NOT_AVAILABLE,NOT_GOLDBET,acc4241e83d2d76b43a14f7c767b8ba22d753007ffeea38d07e8891de2c566fe,1484.0440372961089,1428.1115971650581,55.932440131050726,0.19999999999999996,0.8,1.2000000000000002,15.448405597711144,139,25,False
03362fad4723aa5a3713cfc4,LaLiga,2025/2026,HOLDOUT,2026-03-06,20:00,MATCH_KICKOFF_TIME_TIMEZONE_NOT_STATED_BY_SOURCE,,NOT_VERIFIED_DO_NOT_INFER,Celta,Real Madrid,1,2,A,EVALUATION_ONLY_JOIN_AFTER_PREMATCH_FEATURE_FREEZE,2.97,3.28,2.37,EXTERNAL_HISTORICAL_MARKET_BENCHMARK,NOT_AVAILABLE,NOT_GOLDBET,4b775f67cf54f9b32032510c4400ba60f1488092828045a896ff9f35e8fd37fc,1540.501914032864,1645.32873910318,-104.82682507031586,-0.19999999999999996,-0.4,0.0,-9.021326710281983,140,140,False
04ffda11673a7a9299beaae1,LaLiga,2025/2026,HOLDOUT,2026-03-07,13:00,MATCH_KICKOFF_TIME_TIMEZONE_NOT_STATED_BY_SOURCE,,NOT_VERIFIED_DO_NOT_INFER,Osasuna,Mallorca,2,2,D,EVALUATION_ONLY_JOIN_AFTER_PREMATCH_FEATURE_FREEZE,1.89,3.37,4.23,EXTERNAL_HISTORICAL_MARKET_BENCHMARK,NOT_AVAILABLE,NOT_GOLDBET,3d905494b34a0aa4beaed445b4a7df3d046a67fdc8b9a741d473f7ef37efd02c,1507.5688351397137,1440.5097257361633,67.05910940355034,1.0,1.0,2.0,5.234478696430642,140,140,False
d94f46dee3c0984ef9c56595,LaLiga,2025/2026,HOLDOUT,2026-03-07,15:15,MATCH_KICKOFF_TIME_TIMEZONE_NOT_STATED_BY_SOURCE,,NOT_VERIFIED_DO_NOT_INFER,Levante,Girona,1,1,D,EVALUATION_ONLY_JOIN_AFTER_PREMATCH_FEATURE_FREEZE,2.7,3.31,2.56,EXTERNAL_HISTORICAL_MARKET_BENCHMARK,NOT_AVAILABLE,NOT_GOLDBET,2294c621d45db5bcfd21585958e3b6ddbd63be068f36a5b4e404881675643c76,1439.1801363004456,1482.0649082360135,-42.88477193556787,-0.4,-1.0,-0.20000000000000018,25.553171094257777,26,140,False
2abc126bf769995752623972,LaLiga,2025/2026,HOLDOUT,2026-03-07,17:30,MATCH_KICKOFF_TIME_TIMEZONE_NOT_STATED_BY_SOURCE,,NOT_VERIFIED_DO_NOT_INFER,Ath Madrid,Sociedad,3,2,H,EVALUATION_ONLY_JOIN_AFTER_PREMATCH_FEATURE_FREEZE,1.63,3.97,5.12,EXTERNAL_HISTORICAL_MARKET_BENCHMARK,NOT_AVAILABLE,NOT_GOLDBET,d3b0a2f79e4cb7a3268519ad5b2547725356da0dc34e876e540f7baa09e1e9e3,1597.0217819517813,1512.348140933424,84.67364101835733,-0.20000000000000018,-0.2,0.7999999999999998,-22.37169215851918,140,140,False
5716899cac42744bc7d0775a,LaLiga,2025/2026,HOLDOUT,2026-03-07,20:00,MATCH_KICKOFF_TIME_TIMEZONE_NOT_STATED_BY_SOURCE,,NOT_VERIFIED_DO_NOT_INFER,Ath Bilbao,Barcelona,0,1,A,EVALUATION_ONLY_JOIN_AFTER_PREMATCH_FEATURE_FREEZE,4.63,4.27,1.64,EXTERNAL_HISTORICAL_MARKET_BENCHMARK,NOT_AVAILABLE,NOT_GOLDBET,598863d883e590180df71c174388ba633edb2fd863c61f64473f9416c1d97a31,1518.460716319784,1670.8639288140896,-152.40321249430554,-0.19999999999999973,-1.2,0.19999999999999996,-21.545846731864458,140,140,False
b6e98c4d41b8b9df4341eaf1,LaLiga,2025/2026,HOLDOUT,2026-03-08,13:00,MATCH_KICKOFF_TIME_TIMEZONE_NOT_STATED_BY_SOURCE,,NOT_VERIFIED_DO_NOT_INFER,Villarreal,Elche,2,1,H,EVALUATION_ONLY_JOIN_AFTER_PREMATCH_FEATURE_FREEZE,1.45,4.59,6.58,EXTERNAL_HISTORICAL_MARKET_BENCHMARK,NOT_AVAILABLE,NOT_GOLDBET,24f19b90bfdbf1494d663f697c66c14f89e332f9fe46aca890ed1f5b9ad1e40f,1593.104494100288,1451.095016268203,142.00947783208517,1.4,1.2,1.6,-24.461204072377086,140,64,False
6db25d9a2c23bf09af95f552,LaLiga,2025/2026,HOLDOUT,2026-03-08,15:15,MATCH_KICKOFF_TIME_TIMEZONE_NOT_STATED_BY_SOURCE,,NOT_VERIFIED_DO_NOT_INFER,Getafe,Betis,2,0,H,EVALUATION_ONLY_JOIN_AFTER_PREMATCH_FEATURE_FREEZE,2.72,2.77,3.01,EXTERNAL_HISTORICAL_MARKET_BENCHMARK,NOT_AVAILABLE,NOT_GOLDBET,11e30725040d176ec5fc88e3125505fdd3fb5cb11f36ede3e6bcd9331d9e1724,1474.7619346659053,1562.9303061502756,-88.16837148437025,-0.20000000000000018,0.0,-0.5999999999999999,43.124716001620754,140,140,False
520fac7e41126b4997fc084b,LaLiga,2025/2026,HOLDOUT,2026-03-08,17:30,MATCH_KICKOFF_TIME_TIMEZONE_NOT_STATED_BY_SOURCE,,NOT_VERIFIED_DO_NOT_INFER,Sevilla,Vallecano,1,1,D,EVALUATION_ONLY_JOIN_AFTER_PREMATCH_FEATURE_FREEZE,2.53,3.03,2.98,EXTERNAL_HISTORICAL_MARKET_BENCHMARK,NOT_AVAILABLE,NOT_GOLDBET,ec1cba2a38c0060bc59ec4b6d9b7e565f1ec0b6fc42b2fa4eab4288efe76adb4,1462.848776387567,1490.8257984953316,-27.97702210776447,-0.40000000000000013,-1.4,0.8,-67.11733269475326,140,140,False
922fe5cef8f80d0a14d0ee44,LaLiga,2025/2026,HOLDOUT,2026-03-08,20:00,MATCH_KICKOFF_TIME_TIMEZONE_NOT_STATED_BY_SOURCE,,NOT_VERIFIED_DO_NOT_INFER,Valencia,Alaves,3,2,H,EVALUATION_ONLY_JOIN_AFTER_PREMATCH_FEATURE_FREEZE,2.08,3.07,3.91,EXTERNAL_HISTORICAL_MARKET_BENCHMARK,NOT_AVAILABLE,NOT_GOLDBET,7c757ae20f6fdf1a41273fad1ff22f9f426652bafa511d56db6eec462e690923,1487.3717817882784,1451.5605761251372,35.81120566314121,0.19999999999999996,0.39999999999999997,0.8,88.42191693433824,140,102,False
1b1855708a5d4ef1f23aa26f,LaLiga,2025/2026,HOLDOUT,2026-03-09,20:00,MATCH_KICKOFF_TIME_TIMEZONE_NOT_STATED_BY_SOURCE,,NOT_VERIFIED_DO_NOT_INFER,Espanol,Oviedo,1,1,D,EVALUATION_ONLY_JOIN_AFTER_PREMATCH_FEATURE_FREEZE,1.94,3.25,4.17,EXTERNAL_HISTORICAL_MARKET_BENCHMARK,NOT_AVAILABLE,NOT_GOLDBET,2411ed6fbe6e23e91d46675d12bd61fd68629cc13727c468a9b86381e07666c9,1487.1563561301857,1421.3298359658354,65.82652016435031,-0.4,-0.3999999999999999,0.4,8.658450926267506,102,26,False
443794e467328aef01d43cfb,LaLiga,2025/2026,HOLDOUT,2026-03-13,20:00,MATCH_KICKOFF_TIME_TIMEZONE_NOT_STATED_BY_SOURCE,,NOT_VERIFIED_DO_NOT_INFER,Alaves,Villarreal,1,1,D,EVALUATION_ONLY_JOIN_AFTER_PREMATCH_FEATURE_FREEZE,3.41,3.39,2.1,EXTERNAL_HISTORICAL_MARKET_BENCHMARK,NOT_AVAILABLE,NOT_GOLDBET,f49d69f4b39091406b632a104cdb59f41fa9ee32c28734fa1d51c200b3c805e4,1444.250402780029,1597.867453923239,-153.61705114321012,-1.4,-0.8,0.19999999999999996,-39.10383659936633,103,141,False
cebdf6f4d73602afe25260a2,LaLiga,2025/2026,HOLDOUT,2026-03-14,13:00,MATCH_KICKOFF_TIME_TIMEZONE_NOT_STATED_BY_SOURCE,,NOT_VERIFIED_DO_NOT_INFER,Girona,Ath Bilbao,3,0,H,EVALUATION_ONLY_JOIN_AFTER_PREMATCH_FEATURE_FREEZE,2.8,3.28,2.49,EXTERNAL_HISTORICAL_MARKET_BENCHMARK,NOT_AVAILABLE,NOT_GOLDBET,9a1bd8aa03ce92f05ff016048a5fc5c1940ae6a2c37ed97666638ba949e08268,1482.5571260073748,1511.0593122351688,-28.502186227794027,-0.8,-0.6,0.3999999999999999,7.621639106771227,141,141,False
27cc3caa6d91a1c053094899,LaLiga,2025/2026,HOLDOUT,2026-03-14,15:15,MATCH_KICKOFF_TIME_TIMEZONE_NOT_STATED_BY_SOURCE,,NOT_VERIFIED_DO_NOT_INFER,Ath Madrid,Getafe,1,0,H,EVALUATION_ONLY_JOIN_AFTER_PREMATCH_FEATURE_FREEZE,1.64,3.46,6.1,EXTERNAL_HISTORICAL_MARKET_BENCHMARK,NOT_AVAILABLE,NOT_GOLDBET,f2e386720ab94553ae73d715b8c770d6a4dc36d02f8d0b9ad9ded4b19b30ffe8,1603.0828133837113,1485.5709138263237,117.51189955738755,-0.5999999999999999,-1.0,0.7999999999999998,-56.78926845201295,141,141,False
6d8dca9bd9c634b3278d2fcd,LaLiga,2025/2026,HOLDOUT,2026-03-14,17:30,MATCH_KICKOFF_TIME_TIMEZONE_NOT_STATED_BY_SOURCE,,NOT_VERIFIED_DO_NOT_INFER,Oviedo,Valencia,1,0,H,EVALUATION_ONLY_JOIN_AFTER_PREMATCH_FEATURE_FREEZE,2.8,3.12,2.59,EXTERNAL_HISTORICAL_MARKET_BENCHMARK,NOT_AVAILABLE,NOT_GOLDBET,2abf0f21f8458d2402dad4482024c2c3d070e43c223412f846965c632232e990,1424.8009689469216,1494.6819551333867,-69.88098618646518,-1.4,-1.2,-0.19999999999999996,-22.228979050782073,27,141,False
87827a1f1a0fcb65ebe871cb,LaLiga,2025/2026,HOLDOUT,2026-03-14,20:00,MATCH_KICKOFF_TIME_TIMEZONE_NOT_STATED_BY_SOURCE,,NOT_VERIFIED_DO_NOT_INFER,Real Madrid,Elche,4,1,H,EVALUATION_ONLY_JOIN_AFTER_PREMATCH_FEATURE_FREEZE,1.27,5.93,9.32,EXTERNAL_HISTORICAL_MARKET_BENCHMARK,NOT_AVAILABLE,NOT_GOLDBET,23e187073f8378ba270ac79257715dee81200001f0139f3459f3b527bbabfa54,1654.0456312985636,1446.332056445252,207.71357485331168,1.4,1.6,2.1999999999999997,-20.977312990257133,141,65,False
1577617a45c6d85b408a1be7,LaLiga,2025/2026,HOLDOUT,2026-03-15,13:00,MATCH_KICKOFF_TIME_TIMEZONE_NOT_STATED_BY_SOURCE,,NOT_VERIFIED_DO_NOT_INFER,Mallorca,Espanol,2,1,H,EVALUATION_ONLY_JOIN_AFTER_PREMATCH_FEATURE_FREEZE,2.43,3.09,3.04,EXTERNAL_HISTORICAL_MARKET_BENCHMARK,NOT_AVAILABLE,NOT_GOLDBET,b15a3d12d0766d53296102ebab92d1b494543738e3e278397c4804553499692d,1444.0120224677698,1483.6852231490996,-39.67320068132972,-0.39999999999999997,-0.3999999999999999,0.7999999999999999,38.866607064149775,141,103,False
f2657cb10f51ec672f57f1bf,LaLiga,2025/2026,HOLDOUT,2026-03-15,15:15,MATCH_KICKOFF_TIME_TIMEZONE_NOT_STATED_BY_SOURCE,,NOT_VERIFIED_DO_NOT_INFER,Barcelona,Sevilla,5,2,H,EVALUATION_ONLY_JOIN_AFTER_PREMATCH_FEATURE_FREEZE,1.28,5.87,9.28,EXTERNAL_HISTORICAL_MARKET_BENCHMARK,NOT_AVAILABLE,NOT_GOLDBET,5a8d95ac0e5cfbb6ffe3fcc4774fae094f1b6c685ce5de24a44634ce66cdb701,1678.2653328987049,1461.9296821577786,216.3356507409262,1.0,1.6,2.0,6.571518673301625,141,141,False
e34539083ee65dfc031f953c,LaLiga,2025/2026,HOLDOUT,2026-03-15,17:30,MATCH_KICKOFF_TIME_TIMEZONE_NOT_STATED_BY_SOURCE,,NOT_VERIFIED_DO_NOT_INFER,Betis,Celta,1,1,D,EVALUATION_ONLY_JOIN_AFTER_PREMATCH_FEATURE_FREEZE,2.02,3.32,3.73,EXTERNAL_HISTORICAL_MARKET_BENCHMARK,NOT_AVAILABLE,NOT_GOLDBET,4c9176f04685100b7dd4673adabd7f828a698749f5a12236265339ef8518e805,1552.1213269898572,1531.7850218374804,20.33630515237678,0.20000000000000018,-0.2,0.6000000000000001,-17.99514348070943,141,141,False
dade8b3e737c0db089688313,LaLiga,2025/2026,HOLDOUT,2026-03-15,20:00,MATCH_KICKOFF_TIME_TIMEZONE_NOT_STATED_BY_SOURCE,,NOT_VERIFIED_DO_NOT_INFER,Sociedad,Osasuna,3,1,H,EVALUATION_ONLY_JOIN_AFTER_PREMATCH_FEATURE_FREEZE,1.91,3.53,3.89,EXTERNAL_HISTORICAL_MARKET_BENCHMARK,NOT_AVAILABLE,NOT_GOLDBET,47eb32d3c534e3ff1c242d98a82a6c03f47cf471d5a9b83c1636139073e179b2,1506.2871095014941,1504.0665384081071,2.2205710933869796,-0.20000000000000018,-0.4,0.8000000000000003,5.723579272429788,141,141,False
440674bf1f75216146e0fdd4,LaLiga,2025/2026,HOLDOUT,2026-03-16,20:00,MATCH_KICKOFF_TIME_TIMEZONE_NOT_STATED_BY_SOURCE,,NOT_VERIFIED_DO_NOT_INFER,Vallecano,Levante,1,1,D,EVALUATION_ONLY_JOIN_AFTER_PREMATCH_FEATURE_FREEZE,1.8,3.55,4.45,EXTERNAL_HISTORICAL_MARKET_BENCHMARK,NOT_AVAILABLE,NOT_GOLDBET,e34a29fad6a04e45de7d063c2e9c41a50def8037f203d47d896d3cb5c56847d4,1491.74489272512,1438.6879185290843,53.05697419603575,1.0,2.0,1.4,-17.39286023328441,141,27,False
630eff5416b99d211b08743b,LaLiga,2025/2026,HOLDOUT,2026-03-20,20:00,MATCH_KICKOFF_TIME_TIMEZONE_NOT_STATED_BY_SOURCE,,NOT_VERIFIED_DO_NOT_INFER,Villarreal,Sociedad,3,1,H,EVALUATION_ONLY_JOIN_AFTER_PREMATCH_FEATURE_FREEZE,1.92,3.62,3.74,EXTERNAL_HISTORICAL_MARKET_BENCHMARK,NOT_AVAILABLE,NOT_GOLDBET,ea54eb986756cf2d44ee5598344d4a7bd486dcfd31c8a9edef2c55321ca1f975,1595.2363098019882,1514.5151601587845,80.72114964320372,0.6000000000000001,0.2,1.0,-34.037212615521184,142,142,False
09420fbe32bff45950a0c2a3,LaLiga,2025/2026,HOLDOUT,2026-03-21,13:00,MATCH_KICKOFF_TIME_TIMEZONE_NOT_STATED_BY_SOURCE,,NOT_VERIFIED_DO_NOT_INFER,Elche,Mallorca,2,1,H,EVALUATION_ONLY_JOIN_AFTER_PREMATCH_FEATURE_FREEZE,2.05,3.37,3.55,EXTERNAL_HISTORICAL_MARKET_BENCHMARK,NOT_AVAILABLE,NOT_GOLDBET,dd7686ae0457920e740f3d6e92b3393f5eefc8e0439980e98bbe4faea08e8440,1442.8044992026626,1453.4276367591592,-10.623137556496658,-0.4,-0.4,0.39999999999999997,33.71014906968276,66,142,False
484b47bc0ca644f19983ca86,LaLiga,2025/2026,HOLDOUT,2026-03-21,15:15,MATCH_KICKOFF_TIME_TIMEZONE_NOT_STATED_BY_SOURCE,,NOT_VERIFIED_DO_NOT_INFER,Espanol,Getafe,1,2,A,EVALUATION_ONLY_JOIN_AFTER_PREMATCH_FEATURE_FREEZE,2.46,2.83,3.29,EXTERNAL_HISTORICAL_MARKET_BENCHMARK,NOT_AVAILABLE,NOT_GOLDBET,1b59b76185abf980cdfc3bae2d51476c1179888df363685694499f5e08f54bea,1474.2696088577102,1480.2775333789314,-6.0079245212211845,-1.2000000000000002,-1.0,-1.2000000000000002,-89.84372032726606,104,142,False
05859b2511a702bf18699d49,LaLiga,2025/2026,HOLDOUT,2026-03-21,17:30,MATCH_KICKOFF_TIME_TIMEZONE_NOT_STATED_BY_SOURCE,,NOT_VERIFIED_DO_NOT_INFER,Levante,Oviedo,4,2,H,EVALUATION_ONLY_JOIN_AFTER_PREMATCH_FEATURE_FREEZE,2.29,3.19,3.18,EXTERNAL_HISTORICAL_MARKET_BENCHMARK,NOT_AVAILABLE,NOT_GOLDBET,8b6ca5593179cafb9471555f901f65d53d8a371caea5d9f283f157a5de5cea95,1441.831770104725,1435.0852899399135,6.7464801648113735,0.0,0.19999999999999996,0.6,24.188987189765157,28,28,False
49f50418f0b8850860a598d5,LaLiga,2025/2026,HOLDOUT,2026-03-21,17:30,MATCH_KICKOFF_TIME_TIMEZONE_NOT_STATED_BY_SOURCE,,NOT_VERIFIED_DO_NOT_INFER,Osasuna,Girona,1,0,H,EVALUATION_ONLY_JOIN_AFTER_PREMATCH_FEATURE_FREEZE,2.01,3.48,3.56,EXTERNAL_HISTORICAL_MARKET_BENCHMARK,NOT_AVAILABLE,NOT_GOLDBET,fbd065a0b5f3633b9316e1c7dc8203945510b2547e7217c8df4d973926f2732c,1495.8384877508167,1491.653021601782,4.18546614903471,-0.6000000000000001,-1.0,0.6000000000000001,-11.550805045076686,142,142,False
875c6a4236a128439d61fb01,LaLiga,2025/2026,HOLDOUT,2026-03-21,20:00,MATCH_KICKOFF_TIME_TIMEZONE_NOT_STATED_BY_SOURCE,,NOT_VERIFIED_DO_NOT_INFER,Sevilla,Valencia,0,2,A,EVALUATION_ONLY_JOIN_AFTER_PREMATCH_FEATURE_FREEZE,2.18,3.14,3.48,EXTERNAL_HISTORICAL_MARKET_BENCHMARK,NOT_AVAILABLE,NOT_GOLDBET,bd51f4e4b161c7f23671bef400780f7fab4fc096e781a64db228559db98609b2,1458.5440181146964,1484.3976341403948,-25.85361602569833,-0.6000000000000001,-0.8,0.0,45.60726825513325,142,142,False
0c03114a43661373aa9c0d2f,LaLiga,2025/2026,HOLDOUT,2026-03-22,13:00,MATCH_KICKOFF_TIME_TIMEZONE_NOT_STATED_BY_SOURCE,,NOT_VERIFIED_DO_NOT_INFER,Barcelona,Vallecano,1,0,H,EVALUATION_ONLY_JOIN_AFTER_PREMATCH_FEATURE_FREEZE,1.2,7.1,11.1,EXTERNAL_HISTORICAL_MARKET_BENCHMARK,NOT_AVAILABLE,NOT_GOLDBET,014bacf1c10841eb353375d838efa2f76acf8e4fe9ac2e1287ddece36d472f9c,1681.650996941787,1488.6010411494794,193.04995579230763,1.0,1.2000000000000002,2.6,14.50823055850151,142,142,False
529b80458346d7c2cc2daf54,LaLiga,2025/2026,HOLDOUT,2026-03-22,15:15,MATCH_KICKOFF_TIME_TIMEZONE_NOT_STATED_BY_SOURCE,,NOT_VERIFIED_DO_NOT_INFER,Celta,Alaves,3,4,A,EVALUATION_ONLY_JOIN_AFTER_PREMATCH_FEATURE_FREEZE,1.95,3.25,4.17,EXTERNAL_HISTORICAL_MARKET_BENCHMARK,NOT_AVAILABLE,NOT_GOLDBET,13c08de6e045923e6e78d2a69bce3ff9b1b429372f67a375384bdd48bb3e4905,1534.056940271698,1446.8815469012798,87.1753933704183,1.0,1.0,1.0,37.24946601434681,142,104,False
45611b88d2e57221202ddab3,LaLiga,2025/2026,HOLDOUT,2026-03-22,17:30,MATCH_KICKOFF_TIME_TIMEZONE_NOT_STATED_BY_SOURCE,,NOT_VERIFIED_DO_NOT_INFER,Ath Bilbao,Betis,2,1,H,EVALUATION_ONLY_JOIN_AFTER_PREMATCH_FEATURE_FREEZE,2,3.48,3.61,EXTERNAL_HISTORICAL_MARKET_BENCHMARK,NOT_AVAILABLE,NOT_GOLDBET,cd90047443d48504a7af377d09179662ba46c43ab5ac4871fb2e3a461d45530e,1501.9634166407616,1549.8494085556395,-47.88599191487788,0.19999999999999996,-0.2,0.0,25.382576105006365,142,142,False
2c300f08868be55bafad9402,LaLiga,2025/2026,HOLDOUT,2026-03-22,20:00,MATCH_KICKOFF_TIME_TIMEZONE_NOT_STATED_BY_SOURCE,,NOT_VERIFIED_DO_NOT_INFER,Real Madrid,Ath Madrid,3,2,H,EVALUATION_ONLY_JOIN_AFTER_PREMATCH_FEATURE_FREEZE,2,3.8,3.32,EXTERNAL_HISTORICAL_MARKET_BENCHMARK,NOT_AVAILABLE,NOT_GOLDBET,59434f19449fbbe83ee6475682cc5d1cce6a61b00fbcd627589b7281c9dae578,1657.573188541153,1608.3761938311036,49.19699471004947,-0.5999999999999999,0.6,0.7999999999999998,12.93907504245567,142,142,False
6b4ab6744911cfff11e22fbc,LaLiga,2025/2026,HOLDOUT,2026-04-03,20:00,MATCH_KICKOFF_TIME_TIMEZONE_NOT_STATED_BY_SOURCE,,NOT_VERIFIED_DO_NOT_INFER,Vallecano,Elche,1,0,H,EVALUATION_ONLY_JOIN_AFTER_PREMATCH_FEATURE_FREEZE,1.71,3.76,4.68,EXTERNAL_HISTORICAL_MARKET_BENCHMARK,NOT_AVAILABLE,NOT_GOLDBET,0bb4b52d073a85f7f27574c8526253e8466efd2a84af99ddee8382f30b28ed61,1484.8215058723151,1451.3928102995899,33.428695572725246,0.3999999999999999,1.2000000000000002,1.6,-33.764793346966144,143,67,False
c30cbcc99536a25dd1261dd2,LaLiga,2025/2026,HOLDOUT,2026-04-04,13:00,MATCH_KICKOFF_TIME_TIMEZONE_NOT_STATED_BY_SOURCE,,NOT_VERIFIED_DO_NOT_INFER,Sociedad,Levante,2,0,H,EVALUATION_ONLY_JOIN_AFTER_PREMATCH_FEATURE_FREEZE,1.57,4.24,5.24,EXTERNAL_HISTORICAL_MARKET_BENCHMARK,NOT_AVAILABLE,NOT_GOLDBET,20cd76521a558fdd8ba19fccb50bb30108ad790c154411cc23863ad785538f05,1508.357589135868,1449.9339424082616,58.42364672760641,-0.20000000000000018,-0.2,1.8,9.631178159436331,143,29,False
0a7be17d8167ee8c876a7389,LaLiga,2025/2026,HOLDOUT,2026-04-04,15:15,MATCH_KICKOFF_TIME_TIMEZONE_NOT_STATED_BY_SOURCE,,NOT_VERIFIED_DO_NOT_INFER,Mallorca,Real Madrid,2,1,H,EVALUATION_ONLY_JOIN_AFTER_PREMATCH_FEATURE_FREEZE,5.41,4.41,1.53,EXTERNAL_HISTORICAL_MARKET_BENCHMARK,NOT_AVAILABLE,NOT_GOLDBET,079029f91d7412743c1c037bd329f0c1d846c89ff38c4e8340a52f5ca25274eb,1444.8393256622319,1664.5298020561786,-219.6904763939467,-1.0,-1.2,-0.5999999999999999,-19.59411421705522,143,143,False
a16e36770a11807a2e46a75e,LaLiga,2025/2026,HOLDOUT,2026-04-04,17:30,MATCH_KICKOFF_TIME_TIMEZONE_NOT_STATED_BY_SOURCE,,NOT_VERIFIED_DO_NOT_INFER,Betis,Espanol,0,0,D,EVALUATION_ONLY_JOIN_AFTER_PREMATCH_FEATURE_FREEZE,1.78,3.72,4.34,EXTERNAL_HISTORICAL_MARKET_BENCHMARK,NOT_AVAILABLE,NOT_GOLDBET,d8e20be1f163ee4f970f4191747badc78f1a1686eeccf074da5326dbd2675dc0,1540.1979365121251,1462.7279820057524,77.46995450637269,0.19999999999999996,0.20000000000000007,1.6,13.27290488841436,143,105,False
135d4e78b706bc8d97dd5c00,LaLiga,2025/2026,HOLDOUT,2026-04-04,20:00,MATCH_KICKOFF_TIME_TIMEZONE_NOT_STATED_BY_SOURCE,,NOT_VERIFIED_DO_NOT_INFER,Ath Madrid,Barcelona,1,2,A,EVALUATION_ONLY_JOIN_AFTER_PREMATCH_FEATURE_FREEZE,3.21,3.98,1.99,EXTERNAL_HISTORICAL_MARKET_BENCHMARK,NOT_AVAILABLE,NOT_GOLDBET,f67838f3744f79cfc2da1d16deb3f31debe2ba5c10c314dc89f456f5663474f1,1601.419580316078,1685.4305322189514,-84.01095190287333,-0.6000000000000001,-1.4000000000000001,0.5999999999999999,16.280397468390674,143,143,False
07d0035b39eb28c1409467f7,LaLiga,2025/2026,HOLDOUT,2026-04-05,13:00,MATCH_KICKOFF_TIME_TIMEZONE_NOT_STATED_BY_SOURCE,,NOT_VERIFIED_DO_NOT_INFER,Getafe,Ath Bilbao,2,0,H,EVALUATION_ONLY_JOIN_AFTER_PREMATCH_FEATURE_FREEZE,3.27,2.84,2.48,EXTERNAL_HISTORICAL_MARKET_BENCHMARK,NOT_AVAILABLE,NOT_GOLDBET,464c073dcb797b0ccda7a494221a7510f54c64ad6d9952a8ae6e8a266a5cf125,1491.819160230889,1511.614888684276,-19.7957284533868,0.40000000000000013,0.8,0.5999999999999999,20.229824942076675,143,143,False
119e0d0502a03fedfe4ab3ef,LaLiga,2025/2026,HOLDOUT,2026-04-05,15:15,MATCH_KICKOFF_TIME_TIMEZONE_NOT_STATED_BY_SOURCE,,NOT_VERIFIED_DO_NOT_INFER,Valencia,Celta,2,3,A,EVALUATION_ONLY_JOIN_AFTER_PREMATCH_FEATURE_FREEZE,2.33,3.22,3.11,EXTERNAL_HISTORICAL_MARKET_BENCHMARK,NOT_AVAILABLE,NOT_GOLDBET,f18ce4b9b6a8d4d0ddb703bc1661fde429bf3b404558b6ee56488a84fee8f655,1495.3772938629052,1520.05731069014,-24.680016827234795,0.40000000000000013,0.2,0.8,-29.649579932788583,143,143,False
be5a5c7a6bd67536b75a3f11,LaLiga,2025/2026,HOLDOUT,2026-04-05,17:30,MATCH_KICKOFF_TIME_TIMEZONE_NOT_STATED_BY_SOURCE,,NOT_VERIFIED_DO_NOT_INFER,Oviedo,Sevilla,1,0,H,EVALUATION_ONLY_JOIN_AFTER_PREMATCH_FEATURE_FREEZE,2.79,2.93,2.75,EXTERNAL_HISTORICAL_MARKET_BENCHMARK,NOT_AVAILABLE,NOT_GOLDBET,7a0530a324d2bccc51760581a845927666143e1c1d70b3e8174956834e21a0fa,1426.9831176363768,1447.564358392186,-20.581240755809176,-0.19999999999999996,-0.19999999999999996,0.3999999999999999,-38.861869046448646,29,143,False
9f00289f02c5614de45500b9,LaLiga,2025/2026,HOLDOUT,2026-04-05,20:00,MATCH_KICKOFF_TIME_TIMEZONE_NOT_STATED_BY_SOURCE,,NOT_VERIFIED_DO_NOT_INFER,Alaves,Osasuna,2,2,D,EVALUATION_ONLY_JOIN_AFTER_PREMATCH_FEATURE_FREEZE,2.68,3.1,2.73,EXTERNAL_HISTORICAL_MARKET_BENCHMARK,NOT_AVAILABLE,NOT_GOLDBET,1b71891e41960c007f344a843ca51fa5ccc5286e1b0d6f4e0a7a25862ee3cc54,1460.8811764828379,1504.0118152965294,-43.130638813691576,-0.3999999999999999,-0.2,-0.19999999999999996,-10.011009130530965,105,143,False
1ac3e574bb382420d4d5442b,LaLiga,2025/2026,HOLDOUT,2026-04-06,20:00,MATCH_KICKOFF_TIME_TIMEZONE_NOT_STATED_BY_SOURCE,,NOT_VERIFIED_DO_NOT_INFER,Girona,Villarreal,1,0,H,EVALUATION_ONLY_JOIN_AFTER_PREMATCH_FEATURE_FREEZE,2.93,3.53,2.3,EXTERNAL_HISTORICAL_MARKET_BENCHMARK,NOT_AVAILABLE,NOT_GOLDBET,2d3a7df11b5ed860ef8efdf8e51960283ec14379976f3121b15923f8e544179a,1483.4796940560693,1601.3938808249047,-117.9141867688354,-1.0,0.0,1.0,-24.018454123905485,143,143,False
f28d5156b85125a9d7fc8696,LaLiga,2025/2026,HOLDOUT,2026-04-10,20:00,MATCH_KICKOFF_TIME_TIMEZONE_NOT_STATED_BY_SOURCE,,NOT_VERIFIED_DO_NOT_INFER,Real Madrid,Girona,1,1,D,EVALUATION_ONLY_JOIN_AFTER_PREMATCH_FEATURE_FREEZE,1.32,5.79,7.91,EXTERNAL_HISTORICAL_MARKET_BENCHMARK,NOT_AVAILABLE,NOT_GOLDBET,2fbd08a42388fcbb0cd7e91a0cd5f7d1565d69287781fb6b43239cb1e59dc781,1650.2320075100342,1495.1313293265412,155.10067818349307,0.40000000000000013,0.19999999999999996,1.7999999999999998,-15.78077961930444,144,144,False
1806a77ed6d4d9513dafd6fe,LaLiga,2025/2026,HOLDOUT,2026-04-11,13:00,MATCH_KICKOFF_TIME_TIMEZONE_NOT_STATED_BY_SOURCE,,NOT_VERIFIED_DO_NOT_INFER,Sociedad,Alaves,3,3,D,EVALUATION_ONLY_JOIN_AFTER_PREMATCH_FEATURE_FREEZE,1.82,3.59,4.23,EXTERNAL_HISTORICAL_MARKET_BENCHMARK,NOT_AVAILABLE,NOT_GOLDBET,e08a69a261b57d5add8e8eca79c3794ddef910d1588fcef7410cc7af0246af21,1515.0752230135904,1460.3960184286989,54.67920458489152,0.8,0.8,1.2000000000000002,8.737595649984314,144,106,False
c6324165e3ab7883c87fc064,LaLiga,2025/2026,HOLDOUT,2026-04-11,15:15,MATCH_KICKOFF_TIME_TIMEZONE_NOT_STATED_BY_SOURCE,,NOT_VERIFIED_DO_NOT_INFER,Elche,Valencia,1,0,H,EVALUATION_ONLY_JOIN_AFTER_PREMATCH_FEATURE_FREEZE,2.59,3.38,2.62,EXTERNAL_HISTORICAL_MARKET_BENCHMARK,NOT_AVAILABLE,NOT_GOLDBET,1b9599c38beeab636e5e9528db9b0d81efa1659ed2ff49fb383bafde2a690ccd,1444.0189077052087,1484.3641906217313,-40.34528291652259,-1.0,-1.2000000000000002,0.0,59.97964132113043,68,144,False
74c591c732182122af879927,LaLiga,2025/2026,HOLDOUT,2026-04-11,17:30,MATCH_KICKOFF_TIME_TIMEZONE_NOT_STATED_BY_SOURCE,,NOT_VERIFIED_DO_NOT_INFER,Barcelona,Espanol,4,1,H,EVALUATION_ONLY_JOIN_AFTER_PREMATCH_FEATURE_FREEZE,1.3,5.64,8.46,EXTERNAL_HISTORICAL_MARKET_BENCHMARK,NOT_AVAILABLE,NOT_GOLDBET,d5c2a8c37d5919171532547e9c997d6262f22d3eb256f1afdc0d0529f88dd3d1,1694.7405396033644,1466.4903645238167,228.25017507954772,2.4,2.2,2.6,66.48646997921287,144,106,False
0c299d1713811f8aa46c9302,LaLiga,2025/2026,HOLDOUT,2026-04-11,20:00,MATCH_KICKOFF_TIME_TIMEZONE_NOT_STATED_BY_SOURCE,,NOT_VERIFIED_DO_NOT_INFER,Sevilla,Ath Madrid,2,1,H,EVALUATION_ONLY_JOIN_AFTER_PREMATCH_FEATURE_FREEZE,2.23,3.46,3.12,EXTERNAL_HISTORICAL_MARKET_BENCHMARK,NOT_AVAILABLE,NOT_GOLDBET,71e20f10ec365506537950662c96b244756d02a783a61c653b37a7ab8f85921c,1438.6940782624383,1592.109572931665,-153.41549466922675,-1.4,-1.4,0.19999999999999996,-25.693799020324377,144,144,False
4ecaffb0f8d90c5348cbb650,LaLiga,2025/2026,HOLDOUT,2026-04-12,13:00,MATCH_KICKOFF_TIME_TIMEZONE_NOT_STATED_BY_SOURCE,,NOT_VERIFIED_DO_NOT_INFER,Osasuna,Betis,1,1,D,EVALUATION_ONLY_JOIN_AFTER_PREMATCH_FEATURE_FREEZE,2.25,3.37,3.1,EXTERNAL_HISTORICAL_MARKET_BENCHMARK,NOT_AVAILABLE,NOT_GOLDBET,914ac6bd5e95b29297d1998fa082d7e1aaec857a7e02a1815480df9acd41fb79,1504.4969733506684,1536.435553994061,-31.93858064339247,0.4,0.19999999999999996,1.0000000000000002,-10.452795778813424,144,144,False
2a7cf6768dee0d13c9d778c4,LaLiga,2025/2026,HOLDOUT,2026-04-12,15:15,MATCH_KICKOFF_TIME_TIMEZONE_NOT_STATED_BY_SOURCE,,NOT_VERIFIED_DO_NOT_INFER,Mallorca,Vallecano,3,0,H,EVALUATION_ONLY_JOIN_AFTER_PREMATCH_FEATURE_FREEZE,2.4,3.26,2.95,EXTERNAL_HISTORICAL_MARKET_BENCHMARK,NOT_AVAILABLE,NOT_GOLDBET,7f2c520dfa1120e123205cdffdf2f7936f342dceaec1711da276bd640eadaf58,1459.1371202083762,1492.1954084666963,-33.05828825832009,-0.20000000000000018,-0.6,1.4,27.599039638899285,144,144,False
9a4b58e58ef20be409c428da,LaLiga,2025/2026,HOLDOUT,2026-04-12,17:30,MATCH_KICKOFF_TIME_TIMEZONE_NOT_STATED_BY_SOURCE,,NOT_VERIFIED_DO_NOT_INFER,Celta,Oviedo,0,3,A,EVALUATION_ONLY_JOIN_AFTER_PREMATCH_FEATURE_FREEZE,1.72,3.52,4.94,EXTERNAL_HISTORICAL_MARKET_BENCHMARK,NOT_AVAILABLE,NOT_GOLDBET,960fb6b70487b8216c9f4a210ffa7bb3653c6f8d555a7a516cc59f9e8dd25704,1531.0704139313139,1435.8533977661245,95.2170161651893,0.0,0.6,0.7999999999999999,55.43057429712121,144,30,False
474f81242d99c30696f66555,LaLiga,2025/2026,HOLDOUT,2026-04-12,20:00,MATCH_KICKOFF_TIME_TIMEZONE_NOT_STATED_BY_SOURCE,,NOT_VERIFIED_DO_NOT_INFER,Ath Bilbao,Villarreal,1,2,A,EVALUATION_ONLY_JOIN_AFTER_PREMATCH_FEATURE_FREEZE,2.03,3.46,3.55,EXTERNAL_HISTORICAL_MARKET_BENCHMARK,NOT_AVAILABLE,NOT_GOLDBET,4a6b302db492585da7981dc8268eadb49ef17c61310fd684470bfeb3871aefb6,1502.7669231290292,1589.7422455544329,-86.97532242540365,-0.5999999999999999,-0.8,1.2,24.453599456858683,144,144,False
283ed17f585962c79f78ce9a,LaLiga,2025/2026,HOLDOUT,2026-04-13,20:00,MATCH_KICKOFF_TIME_TIMEZONE_NOT_STATED_BY_SOURCE,,NOT_VERIFIED_DO_NOT_INFER,Levante,Getafe,1,0,H,EVALUATION_ONLY_JOIN_AFTER_PREMATCH_FEATURE_FREEZE,2.61,2.95,2.94,EXTERNAL_HISTORICAL_MARKET_BENCHMARK,NOT_AVAILABLE,NOT_GOLDBET,7c309fd249745584b4835b92b7cd080595066379b95f33cbfcb86d5aaaca0d68,1443.2163085305392,1500.6671257861358,-57.450817255596576,-0.7999999999999998,-0.6,-0.6000000000000001,-87.13072409908568,30,144,False
2641551d8f21b19e6575fba7,LaLiga,2025/2026,HOLDOUT,2026-04-21,18:00,MATCH_KICKOFF_TIME_TIMEZONE_NOT_STATED_BY_SOURCE,,NOT_VERIFIED_DO_NOT_INFER,Ath Bilbao,Osasuna,1,0,H,EVALUATION_ONLY_JOIN_AFTER_PREMATCH_FEATURE_FREEZE,1.84,3.42,4.37,EXTERNAL_HISTORICAL_MARKET_BENCHMARK,NOT_AVAILABLE,NOT_GOLDBET,d7b7aed4eb7ecb47a990ccbc6daf037bd99b75e11d4e5e7adfdd3e88521d17ef,1493.5417789608853,1503.6910524499565,-10.14927348907122,-0.6,-1.0,0.8,69.81305636921752,145,145,False
6524bad13490e5c5ef9b59e8,LaLiga,2025/2026,HOLDOUT,2026-04-21,18:00,MATCH_KICKOFF_TIME_TIMEZONE_NOT_STATED_BY_SOURCE,,NOT_VERIFIED_DO_NOT_INFER,Mallorca,Valencia,1,1,D,EVALUATION_ONLY_JOIN_AFTER_PREMATCH_FEATURE_FREEZE,2.62,3.14,2.76,EXTERNAL_HISTORICAL_MARKET_BENCHMARK,NOT_AVAILABLE,NOT_GOLDBET,4106237030f0e7a3ddaaab3ef71fd761f68e1a3c1018fbe63e19b2b1a0de6c91,1468.3632259687224,1474.9292961545075,-6.566070185785065,0.8,0.8,0.6000000000000001,58.36039728644937,145,145,False
f3ae6e06545195ae8746df00,LaLiga,2025/2026,HOLDOUT,2026-04-21,20:30,MATCH_KICKOFF_TIME_TIMEZONE_NOT_STATED_BY_SOURCE,,NOT_VERIFIED_DO_NOT_INFER,Girona,Betis,2,3,A,EVALUATION_ONLY_JOIN_AFTER_PREMATCH_FEATURE_FREEZE,2.4,3.32,2.89,EXTERNAL_HISTORICAL_MARKET_BENCHMARK,NOT_AVAILABLE,NOT_GOLDBET,f71532702d8932332cefcc675100bc39e7589d92e337bea88437e27cf13e873a,1500.636406523942,1537.2414748947729,-36.60506837083085,1.0,1.2,0.6000000000000001,44.3936992241604,145,145,False
4d3e8c23ccdf28857cfdac0a,LaLiga,2025/2026,HOLDOUT,2026-04-21,20:30,MATCH_KICKOFF_TIME_TIMEZONE_NOT_STATED_BY_SOURCE,,NOT_VERIFIED_DO_NOT_INFER,Real Madrid,Alaves,2,1,H,EVALUATION_ONLY_JOIN_AFTER_PREMATCH_FEATURE_FREEZE,1.2,7.26,11.65,EXTERNAL_HISTORICAL_MARKET_BENCHMARK,NOT_AVAILABLE,NOT_GOLDBET,be26dede6c7c6ab2d54b91949f56accebf71fd869b5e825e967b1e5f61fbf83e,1644.7269303126334,1463.5818846689497,181.14504564368372,0.8,0.8,1.0,-20.64047899906859,145,107,False
d535a6d94cfd072f572d950f,LaLiga,2025/2026,HOLDOUT,2026-04-22,18:00,MATCH_KICKOFF_TIME_TIMEZONE_NOT_STATED_BY_SOURCE,,NOT_VERIFIED_DO_NOT_INFER,Elche,Ath Madrid,3,2,H,EVALUATION_ONLY_JOIN_AFTER_PREMATCH_FEATURE_FREEZE,2.43,3.61,2.7,EXTERNAL_HISTORICAL_MARKET_BENCHMARK,NOT_AVAILABLE,NOT_GOLDBET,0c2b97fd41220f3dc20331952605261f86babbc4aa9ea729edbbfd37d2bc1170,1453.4538021724325,1579.4838292791208,-126.0300271066883,0.0,-0.39999999999999997,0.8,-21.970679026046582,69,145,False
50e9df0383bd3ee8a6540713,LaLiga,2025/2026,HOLDOUT,2026-04-22,19:00,MATCH_KICKOFF_TIME_TIMEZONE_NOT_STATED_BY_SOURCE,,NOT_VERIFIED_DO_NOT_INFER,Sociedad,Getafe,0,1,A,EVALUATION_ONLY_JOIN_AFTER_PREMATCH_FEATURE_FREEZE,2.21,3.02,3.58,EXTERNAL_HISTORICAL_MARKET_BENCHMARK,NOT_AVAILABLE,NOT_GOLDBET,795c74e2ad9fd6468956c70d5eba07894a069eae42c93fa99d7baf07eaec8c2d,1511.8893567733396,1490.7404958468815,21.148860926458156,-0.40000000000000013,-0.39999999999999997,0.40000000000000013,2.3081330784648344,145,145,False
8d019893df686e6ec3285a56,LaLiga,2025/2026,HOLDOUT,2026-04-22,20:30,MATCH_KICKOFF_TIME_TIMEZONE_NOT_STATED_BY_SOURCE,,NOT_VERIFIED_DO_NOT_INFER,Barcelona,Celta,1,0,H,EVALUATION_ONLY_JOIN_AFTER_PREMATCH_FEATURE_FREEZE,1.22,6.88,10.23,EXTERNAL_HISTORICAL_MARKET_BENCHMARK,NOT_AVAILABLE,NOT_GOLDBET,f1e8f28afd8dc91cba7cff1a8b96f9f6c4392cc33aaf38211f273165e1b65744,1697.9376555884014,1516.8781715121486,181.05948407625283,2.2,2.6,1.2,-7.732184031282031,145,145,False
f6d9ce09bd0cdaf2d3cfa4ff,LaLiga,2025/2026,HOLDOUT,2026-04-23,18:00,MATCH_KICKOFF_TIME_TIMEZONE_NOT_STATED_BY_SOURCE,,NOT_VERIFIED_DO_NOT_INFER,Levante,Sevilla,2,0,H,EVALUATION_ONLY_JOIN_AFTER_PREMATCH_FEATURE_FREEZE,2.41,3.17,2.99,EXTERNAL_HISTORICAL_MARKET_BENCHMARK,NOT_AVAILABLE,NOT_GOLDBET,4fc7857071a09cd95cbbdff7cebb6c2c8e13adbee2dac01e7a7858ca12988a10,1453.1429384697935,1451.3198219149826,1.8231165548108947,0.8,1.2,1.2,-50.93233005588445,31,145,False
a1927dd0b6dd53e2562bebdd,LaLiga,2025/2026,HOLDOUT,2026-04-23,19:00,MATCH_KICKOFF_TIME_TIMEZONE_NOT_STATED_BY_SOURCE,,NOT_VERIFIED_DO_NOT_INFER,Vallecano,Espanol,1,0,H,EVALUATION_ONLY_JOIN_AFTER_PREMATCH_FEATURE_FREEZE,2.07,3.29,3.58,EXTERNAL_HISTORICAL_MARKET_BENCHMARK,NOT_AVAILABLE,NOT_GOLDBET,781dcef8031e4e3e771637e6f11bb461ee4358d4e98737e1e7a3b3aae81b3841,1482.9693027063502,1463.2932485387796,19.676054167570555,0.6,0.4,1.8000000000000003,-17.368049112324115,145,107,False
1054a3a347c5f03273a9d8ce,LaLiga,2025/2026,HOLDOUT,2026-04-23,20:30,MATCH_KICKOFF_TIME_TIMEZONE_NOT_STATED_BY_SOURCE,,NOT_VERIFIED_DO_NOT_INFER,Oviedo,Villarreal,1,1,D,EVALUATION_ONLY_JOIN_AFTER_PREMATCH_FEATURE_FREEZE,3.19,3.29,2.23,EXTERNAL_HISTORICAL_MARKET_BENCHMARK,NOT_AVAILABLE,NOT_GOLDBET,a52c8b07c9c3bbaf9aaa59ee98af934e3a9923575ae16d90090fc295464b2230,1450.0456401852898,1598.9673897225769,-148.92174953728704,0.0,0.0,0.40000000000000013,1.2395314599364156,31,145,False
8a8d64c6b3430498f8837de0,LaLiga,2025/2026,HOLDOUT,2026-04-24,20:00,MATCH_KICKOFF_TIME_TIMEZONE_NOT_STATED_BY_SOURCE,,NOT_VERIFIED_DO_NOT_INFER,Betis,Real Madrid,1,1,D,EVALUATION_ONLY_JOIN_AFTER_PREMATCH_FEATURE_FREEZE,3.54,3.98,1.88,EXTERNAL_HISTORICAL_MARKET_BENCHMARK,NOT_AVAILABLE,NOT_GOLDBET,22925ed0f1fe36e9c6f911a75a9547c805b9cc30d7b40b43bc4984b47df84d46,1547.913819294097,1648.7210196481738,-100.80720035407671,-0.8,-0.8,-0.40000000000000013,8.669802084905314,146,146,False
1f7f3c3617fb8f02ce276129,LaLiga,2025/2026,HOLDOUT,2026-04-25,13:00,MATCH_KICKOFF_TIME_TIMEZONE_NOT_STATED_BY_SOURCE,,NOT_VERIFIED_DO_NOT_INFER,Alaves,Mallorca,2,1,H,EVALUATION_ONLY_JOIN_AFTER_PREMATCH_FEATURE_FREEZE,2.03,3.29,3.65,EXTERNAL_HISTORICAL_MARKET_BENCHMARK,NOT_AVAILABLE,NOT_GOLDBET,8556215d03bf451079421c85c32426a5f6cab4325c702af86d1c5ea23412eea1,1459.5877953334093,1466.837285915454,-7.2494905820447,-0.8,-0.8,1.0,47.51882675770912,108,146,False
f87b7b2e7377bc41fd0ece42,LaLiga,2025/2026,HOLDOUT,2026-04-25,15:15,MATCH_KICKOFF_TIME_TIMEZONE_NOT_STATED_BY_SOURCE,,NOT_VERIFIED_DO_NOT_INFER,Getafe,Barcelona,0,2,A,EVALUATION_ONLY_JOIN_AFTER_PREMATCH_FEATURE_FREEZE,5.59,3.84,1.59,EXTERNAL_HISTORICAL_MARKET_BENCHMARK,NOT_AVAILABLE,NOT_GOLDBET,9c956ed8b772d028a54035a8d420abfc33203e1ac7f4adbc684e39305df4f975,1503.034582538325,1701.933319511542,-198.89873697321718,-1.2,-1.4,0.19999999999999996,1.750827314054959,146,146,False
5b6bf07d8438f8ca4057795f,LaLiga,2025/2026,HOLDOUT,2026-04-25,17:30,MATCH_KICKOFF_TIME_TIMEZONE_NOT_STATED_BY_SOURCE,,NOT_VERIFIED_DO_NOT_INFER,Valencia,Girona,2,1,H,EVALUATION_ONLY_JOIN_AFTER_PREMATCH_FEATURE_FREEZE,2.26,3.22,3.19,EXTERNAL_HISTORICAL_MARKET_BENCHMARK,NOT_AVAILABLE,NOT_GOLDBET,d2d4d962e2dddcc2f801d12d9d4df156f2dd83eb22c2fc50ce4425b0425079a8,1476.455236207776,1489.9640621246178,-13.508825916841943,-0.5999999999999999,-0.6000000000000001,1.0,-95.99614635800185,146,146,False
aa523acbdd8f6ab58741ad2d,LaLiga,2025/2026,HOLDOUT,2026-04-25,20:00,MATCH_KICKOFF_TIME_TIMEZONE_NOT_STATED_BY_SOURCE,,NOT_VERIFIED_DO_NOT_INFER,Ath Madrid,Ath Bilbao,3,2,H,EVALUATION_ONLY_JOIN_AFTER_PREMATCH_FEATURE_FREEZE,2.03,3.53,3.44,EXTERNAL_HISTORICAL_MARKET_BENCHMARK,NOT_AVAILABLE,NOT_GOLDBET,bc6216b21d124991db9303d5145c4c53c6bca85ee86c5d58956d5f92403e7d97,1567.6058877904454,1502.116725540092,65.4891622503535,-0.6,0.20000000000000007,1.0,20.61270444460115,146,146,False
6fc0793aaed5c656cd9bef4b,LaLiga,2025/2026,HOLDOUT,2026-04-26,13:00,MATCH_KICKOFF_TIME_TIMEZONE_NOT_STATED_BY_SOURCE,,NOT_VERIFIED_DO_NOT_INFER,Vallecano,Sociedad,3,3,D,EVALUATION_ONLY_JOIN_AFTER_PREMATCH_FEATURE_FREEZE,2.59,3.37,2.61,EXTERNAL_HISTORICAL_MARKET_BENCHMARK,NOT_AVAILABLE,NOT_GOLDBET,68531b46dfacda1789bccd359642b8eda49dc3d36f6626a89b23b5501d5c303e,1490.7154146960904,1499.5952700818962,-8.87985538580574,0.0,-0.6000000000000001,1.4000000000000001,-1.24224207526413,146,146,False
a599fea92512b39e4f161f78,LaLiga,2025/2026,HOLDOUT,2026-04-26,15:15,MATCH_KICKOFF_TIME_TIMEZONE_NOT_STATED_BY_SOURCE,,NOT_VERIFIED_DO_NOT_INFER,Oviedo,Elche,1,2,A,EVALUATION_ONLY_JOIN_AFTER_PREMATCH_FEATURE_FREEZE,2.24,3.23,3.23,EXTERNAL_HISTORICAL_MARKET_BENCHMARK,NOT_AVAILABLE,NOT_GOLDBET,4c3fc3e3f58af775593e6fcd6f486dc6a8d8b90846a847fe65d6407558312f55,1452.5505572597963,1465.3317436611078,-12.781186401311516,0.19999999999999996,0.8,1.4,-28.405381309340328,32,70,False
dbcb6d8a8e6467ef9babbe0d,LaLiga,2025/2026,HOLDOUT,2026-04-26,17:30,MATCH_KICKOFF_TIME_TIMEZONE_NOT_STATED_BY_SOURCE,,NOT_VERIFIED_DO_NOT_INFER,Osasuna,Sevilla,2,1,H,EVALUATION_ONLY_JOIN_AFTER_PREMATCH_FEATURE_FREEZE,1.9,3.33,4.18,EXTERNAL_HISTORICAL_MARKET_BENCHMARK,NOT_AVAILABLE,NOT_GOLDBET,b269b9eaf429d543c28008fb6f638305ae295e69caa8b72324c40f2a1715d2ab,1495.1161058707498,1443.080688537802,52.03541733294787,0.4,0.9999999999999999,1.0,-29.219991107174792,146,146,False
22485ca3033ae21d2e6870e3,LaLiga,2025/2026,HOLDOUT,2026-04-26,20:00,MATCH_KICKOFF_TIME_TIMEZONE_NOT_STATED_BY_SOURCE,,NOT_VERIFIED_DO_NOT_INFER,Villarreal,Celta,2,1,H,EVALUATION_ONLY_JOIN_AFTER_PREMATCH_FEATURE_FREEZE,1.89,3.64,3.83,EXTERNAL_HISTORICAL_MARKET_BENCHMARK,NOT_AVAILABLE,NOT_GOLDBET,674f67df5b56adfa3e355ba76e223ea5897c1ae026a35af9b9948a7a09e97295,1596.4624726480704,1512.882507589008,83.57996505906249,0.8,1.2000000000000002,0.7999999999999998,-46.6226801598732,146,146,False
ee467500019a1d37ea662ec5,LaLiga,2025/2026,HOLDOUT,2026-04-27,20:00,MATCH_KICKOFF_TIME_TIMEZONE_NOT_STATED_BY_SOURCE,,NOT_VERIFIED_DO_NOT_INFER,Espanol,Levante,0,0,D,EVALUATION_ONLY_JOIN_AFTER_PREMATCH_FEATURE_FREEZE,2.11,3.3,3.47,EXTERNAL_HISTORICAL_MARKET_BENCHMARK,NOT_AVAILABLE,NOT_GOLDBET,6d0e3a5adaf7ff227253fd01feaf14318d88977f04853d4cfc26028593361cd3,1455.5471365490394,1461.3820718469742,-5.834935297934862,-1.8,-1.7999999999999998,0.2,51.00452303330417,108,32,False
785000f49cf33d28ff336c91,LaLiga,2025/2026,HOLDOUT,2026-05-01,20:00,MATCH_KICKOFF_TIME_TIMEZONE_NOT_STATED_BY_SOURCE,,NOT_VERIFIED_DO_NOT_INFER,Girona,Mallorca,0,1,A,EVALUATION_ONLY_JOIN_AFTER_PREMATCH_FEATURE_FREEZE,1.91,3.49,3.91,EXTERNAL_HISTORICAL_MARKET_BENCHMARK,NOT_AVAILABLE,NOT_GOLDBET,d6ff8dfe41d98570663e86770db773965d9b2b6830d5a5d1a4535ed5a3edbfa2,1481.2942557707695,1458.3440078291733,22.950247941596217,-0.5999999999999999,-0.8,1.6,45.42285719496999,147,147,False
894a0fc15fe3915fc06a850c,LaLiga,2025/2026,HOLDOUT,2026-05-02,13:00,MATCH_KICKOFF_TIME_TIMEZONE_NOT_STATED_BY_SOURCE,,NOT_VERIFIED_DO_NOT_INFER,Villarreal,Levante,5,1,H,EVALUATION_ONLY_JOIN_AFTER_PREMATCH_FEATURE_FREEZE,1.73,4.09,4.04,EXTERNAL_HISTORICAL_MARKET_BENCHMARK,NOT_AVAILABLE,NOT_GOLDBET,d61b55c30bb795a247a2ef8069f5abdcc726d7507ccf4b3630c28d538aed0089,1602.5501314905691,1462.9285590232523,139.6215724673168,0.0,0.0,2.6,22.542592358448246,147,33,False
1412b66f51ea76e58d4c97ad,LaLiga,2025/2026,HOLDOUT,2026-05-02,15:15,MATCH_KICKOFF_TIME_TIMEZONE_NOT_STATED_BY_SOURCE,,NOT_VERIFIED_DO_NOT_INFER,Valencia,Ath Madrid,0,2,A,EVALUATION_ONLY_JOIN_AFTER_PREMATCH_FEATURE_FREEZE,1.69,3.82,4.67,EXTERNAL_HISTORICAL_MARKET_BENCHMARK,NOT_AVAILABLE,NOT_GOLDBET,3b5c6e0c6400b9612c6fef609294df6539393b2ba47848f93bf6e526e5220872,1485.1250425616242,1574.1432976993815,-89.01825513775725,0.7999999999999999,0.8,1.2000000000000002,-71.2641604263365,147,147,False
2418161d273bbdaffc7b4493,LaLiga,2025/2026,HOLDOUT,2026-05-02,17:30,MATCH_KICKOFF_TIME_TIMEZONE_NOT_STATED_BY_SOURCE,,NOT_VERIFIED_DO_NOT_INFER,Alaves,Ath Bilbao,2,4,A,EVALUATION_ONLY_JOIN_AFTER_PREMATCH_FEATURE_FREEZE,2.74,3.22,2.56,EXTERNAL_HISTORICAL_MARKET_BENCHMARK,NOT_AVAILABLE,NOT_GOLDBET,76f9a77a4032c1138384a1fb019eeeec9247bce306d6a772ca902a2b4fa45b27,1468.08107341969,1495.5793156311559,-27.498242211465822,0.40000000000000013,0.6000000000000001,0.3999999999999999,-7.599911954291429,109,147,False
acd0a8a7435777810c25248c,LaLiga,2025/2026,HOLDOUT,2026-05-02,20:00,MATCH_KICKOFF_TIME_TIMEZONE_NOT_STATED_BY_SOURCE,,NOT_VERIFIED_DO_NOT_INFER,Osasuna,Barcelona,1,2,A,EVALUATION_ONLY_JOIN_AFTER_PREMATCH_FEATURE_FREEZE,4.67,4.16,1.64,EXTERNAL_HISTORICAL_MARKET_BENCHMARK,NOT_AVAILABLE,NOT_GOLDBET,4e017b8f78511a01ccb7e1d256ae41e647f7149e283b9933951e5ad62aaa9176,1501.9987753925075,1708.1356893328327,-206.13691394032526,-1.4,-1.4000000000000001,-0.19999999999999973,-30.16630409249592,147,147,False
3923821c5740901d4fbf1e1c,LaLiga,2025/2026,HOLDOUT,2026-05-03,13:00,MATCH_KICKOFF_TIME_TIMEZONE_NOT_STATED_BY_SOURCE,,NOT_VERIFIED_DO_NOT_INFER,Celta,Elche,3,1,H,EVALUATION_ONLY_JOIN_AFTER_PREMATCH_FEATURE_FREEZE,1.69,3.86,4.62,EXTERNAL_HISTORICAL_MARKET_BENCHMARK,NOT_AVAILABLE,NOT_GOLDBET,ff0e864839b140b935a2a2cd4256d278f33243ea4ed492d8a0b0e53fef984870,1506.7948487465092,1476.6825041251193,30.112344621389866,-1.7999999999999998,-1.6,0.0,43.572929394931634,147,71,False
889c98f44f38bac4930945a5,LaLiga,2025/2026,HOLDOUT,2026-05-03,15:15,MATCH_KICKOFF_TIME_TIMEZONE_NOT_STATED_BY_SOURCE,,NOT_VERIFIED_DO_NOT_INFER,Getafe,Vallecano,0,2,A,EVALUATION_ONLY_JOIN_AFTER_PREMATCH_FEATURE_FREEZE,2.02,3.03,4.15,EXTERNAL_HISTORICAL_MARKET_BENCHMARK,NOT_AVAILABLE,NOT_GOLDBET,bdb04826d0c1e14d2386368f19c390c5acbd7f160809bacb6c4190855185c127,1496.8322127170343,1489.254585252754,7.57762746428034,0.40000000000000013,0.6000000000000001,1.4,17.5708072573957,147,147,False
e644301fcb595b707778ff2d,LaLiga,2025/2026,HOLDOUT,2026-05-03,17:30,MATCH_KICKOFF_TIME_TIMEZONE_NOT_STATED_BY_SOURCE,,NOT_VERIFIED_DO_NOT_INFER,Betis,Oviedo,3,0,H,EVALUATION_ONLY_JOIN_AFTER_PREMATCH_FEATURE_FREEZE,1.54,4.1,5.85,EXTERNAL_HISTORICAL_MARKET_BENCHMARK,NOT_AVAILABLE,NOT_GOLDBET,889fde9fd118de6c0a7bc40ba874acaa2635fe77a3f5a4be361b65e78a64c1fa,1549.082973669859,1441.1997967957848,107.88317687407425,-0.19999999999999996,-0.2,0.0,26.756024471477758,147,33,False
93b463c485c7a7240bbcd698,LaLiga,2025/2026,HOLDOUT,2026-05-03,20:00,MATCH_KICKOFF_TIME_TIMEZONE_NOT_STATED_BY_SOURCE,,NOT_VERIFIED_DO_NOT_INFER,Espanol,Real Madrid,0,2,A,EVALUATION_ONLY_JOIN_AFTER_PREMATCH_FEATURE_FREEZE,4.31,3.8,1.75,EXTERNAL_HISTORICAL_MARKET_BENCHMARK,NOT_AVAILABLE,NOT_GOLDBET,d95c8c9e9de2499d4be7162d3733a230af68f56127495bae7c18e94129144492,1454.0006493727612,1647.5518652724118,-193.55121589965051,-1.2000000000000002,-1.2,-0.7999999999999999,19.944966252964377,109,147,False
0d54000a44741ad407b3fc82,LaLiga,2025/2026,HOLDOUT,2026-05-04,20:00,MATCH_KICKOFF_TIME_TIMEZONE_NOT_STATED_BY_SOURCE,,NOT_VERIFIED_DO_NOT_INFER,Sevilla,Sociedad,1,0,H,EVALUATION_ONLY_JOIN_AFTER_PREMATCH_FEATURE_FREEZE,2.37,3.19,3.03,EXTERNAL_HISTORICAL_MARKET_BENCHMARK,NOT_AVAILABLE,NOT_GOLDBET,297b9cdd403abf436edc51ee79d9a0c573428d0989d8b286bd1d41db262122e3,1436.1980190160443,1501.0560995252326,-64.85808050918831,-0.4,-0.8,0.3999999999999999,-7.054562426588291,147,147,False
b2a18e827de00129e3840a6b,LaLiga,2025/2026,HOLDOUT,2026-05-08,20:00,MATCH_KICKOFF_TIME_TIMEZONE_NOT_STATED_BY_SOURCE,,NOT_VERIFIED_DO_NOT_INFER,Levante,Osasuna,3,2,H,EVALUATION_ONLY_JOIN_AFTER_PREMATCH_FEATURE_FREEZE,2.53,3.24,2.76,EXTERNAL_HISTORICAL_MARKET_BENCHMARK,NOT_AVAILABLE,NOT_GOLDBET,4cf826667a0a365b0d69ecbdb45773b6dce9af8adbbf2b8684156bd9f558dc50,1458.1155405085528,1495.9732666446068,-37.857726136054,0.3999999999999999,-0.39999999999999997,2.2,-24.72661648636472,34,148,False
a3135920549986ad579f99ce,LaLiga,2025/2026,HOLDOUT,2026-05-09,13:00,MATCH_KICKOFF_TIME_TIMEZONE_NOT_STATED_BY_SOURCE,,NOT_VERIFIED_DO_NOT_INFER,Elche,Alaves,1,1,D,EVALUATION_ONLY_JOIN_AFTER_PREMATCH_FEATURE_FREEZE,2.23,3.21,3.27,EXTERNAL_HISTORICAL_MARKET_BENCHMARK,NOT_AVAILABLE,NOT_GOLDBET,7a110b1d2957fdce6a593f9d0da1f838e9fffcee19f729b0352d7e67dc2b79a2,1469.2195114210472,1457.1483169434825,12.071194477564632,0.8,0.4,1.4000000000000001,-23.643127677977873,72,110,False
12db50ae6aaee8be49f76237,LaLiga,2025/2026,HOLDOUT,2026-05-09,15:15,MATCH_KICKOFF_TIME_TIMEZONE_NOT_STATED_BY_SOURCE,,NOT_VERIFIED_DO_NOT_INFER,Sevilla,Espanol,2,1,H,EVALUATION_ONLY_JOIN_AFTER_PREMATCH_FEATURE_FREEZE,1.98,3.16,4.13,EXTERNAL_HISTORICAL_MARKET_BENCHMARK,NOT_AVAILABLE,NOT_GOLDBET,c0a40d00105592b5f8237d5c4d54779cacb2bfda4d57ad392a296843bf501bbf,1446.3378367010089,1447.6657990976935,-1.3279623966845975,0.7999999999999999,0.7999999999999999,1.2000000000000002,-71.68677630148159,148,110,False
d7ff0488d38597583ee53803,LaLiga,2025/2026,HOLDOUT,2026-05-09,17:30,MATCH_KICKOFF_TIME_TIMEZONE_NOT_STATED_BY_SOURCE,,NOT_VERIFIED_DO_NOT_INFER,Ath Madrid,Celta,0,1,A,EVALUATION_ONLY_JOIN_AFTER_PREMATCH_FEATURE_FREEZE,1.84,3.7,3.98,EXTERNAL_HISTORICAL_MARKET_BENCHMARK,NOT_AVAILABLE,NOT_GOLDBET,74f266e12c5ef2a9a1188dc2555cc58be416f3bcf60c54edac37896f54ce2611,1583.3100218659833,1514.2578414505813,69.05218041540206,0.0,0.4,1.0,-27.49862864701663,148,148,False
0cb07d234cf2a9fe22be40e7,LaLiga,2025/2026,HOLDOUT,2026-05-09,20:00,MATCH_KICKOFF_TIME_TIMEZONE_NOT_STATED_BY_SOURCE,,NOT_VERIFIED_DO_NOT_INFER,Sociedad,Betis,2,2,D,EVALUATION_ONLY_JOIN_AFTER_PREMATCH_FEATURE_FREEZE,2.5,3.49,2.64,EXTERNAL_HISTORICAL_MARKET_BENCHMARK,NOT_AVAILABLE,NOT_GOLDBET,fe0ef9cced18de1e4304ead74002a8bdc5af0a5d17364a2388119ea300df7801,1490.916281840268,1554.594893555952,-63.67861171568393,-0.8,-0.8,0.20000000000000018,-45.959657585668765,148,148,False
d0e0bf88b99d5ffb9bf7bfe7,LaLiga,2025/2026,HOLDOUT,2026-05-10,13:00,MATCH_KICKOFF_TIME_TIMEZONE_NOT_STATED_BY_SOURCE,,NOT_VERIFIED_DO_NOT_INFER,Mallorca,Villarreal,1,1,D,EVALUATION_ONLY_JOIN_AFTER_PREMATCH_FEATURE_FREEZE,2.43,3.41,2.75,EXTERNAL_HISTORICAL_MARKET_BENCHMARK,NOT_AVAILABLE,NOT_GOLDBET,40440a6731177cd5c1bedc7115884bf7a3e45a51b7a68a3325d3564b89f9fda2,1470.6871551338643,1607.3631500052686,-136.67599487140433,0.0,-0.19999999999999996,1.0,32.086646759782525,148,148,False
f6dd0e64d67c044deb2d0796,LaLiga,2025/2026,HOLDOUT,2026-05-10,15:15,MATCH_KICKOFF_TIME_TIMEZONE_NOT_STATED_BY_SOURCE,,NOT_VERIFIED_DO_NOT_INFER,Ath Bilbao,Valencia,0,1,A,EVALUATION_ONLY_JOIN_AFTER_PREMATCH_FEATURE_FREEZE,1.65,3.71,5.29,EXTERNAL_HISTORICAL_MARKET_BENCHMARK,NOT_AVAILABLE,NOT_GOLDBET,45788fc8147b3e78c42957dd8250a57cc81c07aa72a6728d8cc39bce111ddcc1,1506.5120721073633,1475.9583183950224,30.55375371234095,0.3999999999999999,0.39999999999999997,1.0,24.878523051468846,148,148,False
e338bf1fa6b7ac9b78ea89ab,LaLiga,2025/2026,HOLDOUT,2026-05-10,17:30,MATCH_KICKOFF_TIME_TIMEZONE_NOT_STATED_BY_SOURCE,,NOT_VERIFIED_DO_NOT_INFER,Oviedo,Getafe,0,0,D,EVALUATION_ONLY_JOIN_AFTER_PREMATCH_FEATURE_FREEZE,2.78,2.83,2.83,EXTERNAL_HISTORICAL_MARKET_BENCHMARK,NOT_AVAILABLE,NOT_GOLDBET,2dcddf509225f30403fb4762dbe66b7a0d2b86ebf3d0b093f9176c5f72905af2,1435.6878769096918,1484.91133481013,-49.223457900438234,0.19999999999999996,0.4,-0.40000000000000013,-13.178315875081353,34,148,False
70f4473687a8cf14a82e8591,LaLiga,2025/2026,HOLDOUT,2026-05-10,20:00,MATCH_KICKOFF_TIME_TIMEZONE_NOT_STATED_BY_SOURCE,,NOT_VERIFIED_DO_NOT_INFER,Barcelona,Real Madrid,2,0,H,EVALUATION_ONLY_JOIN_AFTER_PREMATCH_FEATURE_FREEZE,1.64,4.6,4.18,EXTERNAL_HISTORICAL_MARKET_BENCHMARK,NOT_AVAILABLE,NOT_GOLDBET,4f0f680e1980ae48791589879cee19f145b1bfe466ac9ddefbe66cd9873a5225,1714.1611980807334,1653.8867155474795,60.27448253325383,1.4,1.2000000000000002,1.6,36.87089319165898,148,148,False
3393c8ad57fafc07ae0f2d3c,LaLiga,2025/2026,HOLDOUT,2026-05-11,20:00,MATCH_KICKOFF_TIME_TIMEZONE_NOT_STATED_BY_SOURCE,,NOT_VERIFIED_DO_NOT_INFER,Vallecano,Girona,1,1,D,EVALUATION_ONLY_JOIN_AFTER_PREMATCH_FEATURE_FREEZE,2.22,3.24,3.25,EXTERNAL_HISTORICAL_MARKET_BENCHMARK,NOT_AVAILABLE,NOT_GOLDBET,1cd503ba534de6810877d9085cd8ba8bf99cd1a34f7a3d55e2079e458d61800d,1501.1754631596582,1468.9511084660785,32.2243546935797,1.2,0.6000000000000001,1.6,-70.68318908419701,148,148,False
e65df42a892accf192c812c4,LaLiga,2025/2026,HOLDOUT,2026-05-12,18:00,MATCH_KICKOFF_TIME_TIMEZONE_NOT_STATED_BY_SOURCE,,NOT_VERIFIED_DO_NOT_INFER,Celta,Levante,2,3,A,EVALUATION_ONLY_JOIN_AFTER_PREMATCH_FEATURE_FREEZE,1.89,3.68,3.82,EXTERNAL_HISTORICAL_MARKET_BENCHMARK,NOT_AVAILABLE,NOT_GOLDBET,f98ac467217bf57be1d75092d04f7af25e19c8e325f90bdb2578a492af67a58b,1527.810365452586,1467.4790960620983,60.331269390487705,-0.8,-0.4,0.7999999999999999,56.837713921673185,149,35,False
4d625db52eb5cb897d88ebbc,LaLiga,2025/2026,HOLDOUT,2026-05-12,19:00,MATCH_KICKOFF_TIME_TIMEZONE_NOT_STATED_BY_SOURCE,,NOT_VERIFIED_DO_NOT_INFER,Betis,Elche,2,1,H,EVALUATION_ONLY_JOIN_AFTER_PREMATCH_FEATURE_FREEZE,1.6,4.15,4.95,EXTERNAL_HISTORICAL_MARKET_BENCHMARK,NOT_AVAILABLE,NOT_GOLDBET,26640a3c225e6018e394f5dd79a04bcf40b728dcb4bc12a05bf3368a8d82d649,1554.4890185559998,1467.17438603964,87.31463251635978,-0.19999999999999996,0.6000000000000001,0.7999999999999999,21.12574706163946,149,73,False
9f051ac99c0364aa29b7530b,LaLiga,2025/2026,HOLDOUT,2026-05-12,20:30,MATCH_KICKOFF_TIME_TIMEZONE_NOT_STATED_BY_SOURCE,,NOT_VERIFIED_DO_NOT_INFER,Osasuna,Ath Madrid,1,2,A,EVALUATION_ONLY_JOIN_AFTER_PREMATCH_FEATURE_FREEZE,2.59,3.44,2.58,EXTERNAL_HISTORICAL_MARKET_BENCHMARK,NOT_AVAILABLE,NOT_GOLDBET,e7759eafe458643f855b1445252bf4032c8b06ecb61372934a08f814c4c71244,1486.6097110910614,1569.7574978639786,-83.14778677291724,-0.3999999999999999,-0.4,0.40000000000000013,49.132352269393095,149,149,False
58fbc57dff106d4debc0ba40,LaLiga,2025/2026,HOLDOUT,2026-05-13,18:00,MATCH_KICKOFF_TIME_TIMEZONE_NOT_STATED_BY_SOURCE,,NOT_VERIFIED_DO_NOT_INFER,Espanol,Ath Bilbao,2,0,H,EVALUATION_ONLY_JOIN_AFTER_PREMATCH_FEATURE_FREEZE,2.74,2.91,2.75,EXTERNAL_HISTORICAL_MARKET_BENCHMARK,NOT_AVAILABLE,NOT_GOLDBET,cd91fd54b237bd50a82db517b81d224ca6054d40ca4aa412c05ee8023f2700ea,1439.3386443652566,1493.9631816040248,-54.6245372387682,-1.0,-1.4,-0.20000000000000007,25.58060770411248,111,149,False
d971e8883ba71880ed858b11,LaLiga,2025/2026,HOLDOUT,2026-05-13,18:00,MATCH_KICKOFF_TIME_TIMEZONE_NOT_STATED_BY_SOURCE,,NOT_VERIFIED_DO_NOT_INFER,Villarreal,Sevilla,2,3,A,EVALUATION_ONLY_JOIN_AFTER_PREMATCH_FEATURE_FREEZE,2.07,3.33,3.46,EXTERNAL_HISTORICAL_MARKET_BENCHMARK,NOT_AVAILABLE,NOT_GOLDBET,5f35b16e418adcc17a18e30cdd4117e3837f23b3f5d1ca9b83d4c720ab5bb608,1605.1913819026825,1454.6649914334457,150.52639046923673,0.40000000000000013,1.2,2.8,-17.95594616693802,149,149,False
92bdbeaa07e655ca106c790f,LaLiga,2025/2026,HOLDOUT,2026-05-13,20:30,MATCH_KICKOFF_TIME_TIMEZONE_NOT_STATED_BY_SOURCE,,NOT_VERIFIED_DO_NOT_INFER,Alaves,Barcelona,1,0,H,EVALUATION_ONLY_JOIN_AFTER_PREMATCH_FEATURE_FREEZE,2.98,3.69,2.15,EXTERNAL_HISTORICAL_MARKET_BENCHMARK,NOT_AVAILABLE,NOT_GOLDBET,99df1c33faaf6e5ff029f4f47256dd2689b54df8bdbcc9c84125e76c4f74adfe,1459.1934423248897,1720.8313834522903,-261.6379411274006,-2.0,-2.2,-1.2,-10.170068644079265,111,149,False
85e2ab88aa9c7e84785da673,LaLiga,2025/2026,HOLDOUT,2026-05-13,20:30,MATCH_KICKOFF_TIME_TIMEZONE_NOT_STATED_BY_SOURCE,,NOT_VERIFIED_DO_NOT_INFER,Getafe,Mallorca,3,1,H,EVALUATION_ONLY_JOIN_AFTER_PREMATCH_FEATURE_FREEZE,2.29,2.88,3.48,EXTERNAL_HISTORICAL_MARKET_BENCHMARK,NOT_AVAILABLE,NOT_GOLDBET,7a9cf9c232d6e1afc55d4bf42b210880e25321f0e0cf70490e274438b84cd299,1485.2214091928372,1472.8589232364504,12.362485956386763,-0.8,-1.4,0.3999999999999999,13.32230824944304,149,149,False
a12f24f73481f1beead29d67,LaLiga,2025/2026,HOLDOUT,2026-05-14,18:00,MATCH_KICKOFF_TIME_TIMEZONE_NOT_STATED_BY_SOURCE,,NOT_VERIFIED_DO_NOT_INFER,Valencia,Vallecano,1,1,D,EVALUATION_ONLY_JOIN_AFTER_PREMATCH_FEATURE_FREEZE,2.27,3.05,3.31,EXTERNAL_HISTORICAL_MARKET_BENCHMARK,NOT_AVAILABLE,NOT_GOLDBET,1c7b8493ac6e7e9648ca54a7186dc0a462ef48cca5949d4fec777deb268f1092,1488.507208898361,1498.5816682023437,-10.074459303982849,-0.20000000000000018,-0.2,0.8,19.038521118625795,149,149,False
e6d613e66267a74e81273864,LaLiga,2025/2026,HOLDOUT,2026-05-14,19:00,MATCH_KICKOFF_TIME_TIMEZONE_NOT_STATED_BY_SOURCE,,NOT_VERIFIED_DO_NOT_INFER,Girona,Sociedad,1,1,D,EVALUATION_ONLY_JOIN_AFTER_PREMATCH_FEATURE_FREEZE,1.91,3.67,3.65,EXTERNAL_HISTORICAL_MARKET_BENCHMARK,NOT_AVAILABLE,NOT_GOLDBET,20049b047ab5435101c62d54f7e8e9df258eca97933de37eafea61aab54cdd31,1471.544903423393,1491.0221568402203,-19.477253416827352,-0.19999999999999996,-0.19999999999999996,0.3999999999999999,38.160669611549565,149,149,False
409b76250443140c7d3ecca4,LaLiga,2025/2026,HOLDOUT,2026-05-14,20:30,MATCH_KICKOFF_TIME_TIMEZONE_NOT_STATED_BY_SOURCE,,NOT_VERIFIED_DO_NOT_INFER,Real Madrid,Oviedo,2,0,H,EVALUATION_ONLY_JOIN_AFTER_PREMATCH_FEATURE_FREEZE,1.21,6.51,11.28,EXTERNAL_HISTORICAL_MARKET_BENCHMARK,NOT_AVAILABLE,NOT_GOLDBET,c30899be8e5e93949ef699f9757d981261c30fde18a1b8a81d56bd12476c6cb1,1647.2165301759226,1435.3778025269846,211.83872764893795,0.6000000000000001,0.4,1.2,9.085004989619165,149,35,False
58b154d78b0521065b8ca748,LaLiga,2025/2026,HOLDOUT,2026-05-17,18:00,MATCH_KICKOFF_TIME_TIMEZONE_NOT_STATED_BY_SOURCE,,NOT_VERIFIED_DO_NOT_INFER,Ath Bilbao,Celta,1,1,D,EVALUATION_ONLY_JOIN_AFTER_PREMATCH_FEATURE_FREEZE,2.13,3.15,3.52,EXTERNAL_HISTORICAL_MARKET_BENCHMARK,NOT_AVAILABLE,NOT_GOLDBET,86402bb7aae28f4f9c988648c0fdc981c2b56fd2f06c4450ac76fa63e56bd89e,1484.1178875151309,1514.4790976692454,-30.361210154114588,0.0,-0.2,-0.19999999999999996,-73.43935477386026,150,150,False
acb408f97b7035cae3e36eb2,LaLiga,2025/2026,HOLDOUT,2026-05-17,18:00,MATCH_KICKOFF_TIME_TIMEZONE_NOT_STATED_BY_SOURCE,,NOT_VERIFIED_DO_NOT_INFER,Ath Madrid,Girona,1,0,H,EVALUATION_ONLY_JOIN_AFTER_PREMATCH_FEATURE_FREEZE,1.78,3.83,4.07,EXTERNAL_HISTORICAL_MARKET_BENCHMARK,NOT_AVAILABLE,NOT_GOLDBET,ec2591f81585edc0afb78347566dbf44eec46ca56e3853413aa3e9c1b55f1f82,1579.0922350470062,1470.3838251433897,108.70840990361648,1.4,1.0,1.2000000000000002,-4.5350432231618925,150,150,False
28b583e377584d8aed3a70db,LaLiga,2025/2026,HOLDOUT,2026-05-17,18:00,MATCH_KICKOFF_TIME_TIMEZONE_NOT_STATED_BY_SOURCE,,NOT_VERIFIED_DO_NOT_INFER,Elche,Getafe,1,0,H,EVALUATION_ONLY_JOIN_AFTER_PREMATCH_FEATURE_FREEZE,2.3,2.87,3.48,EXTERNAL_HISTORICAL_MARKET_BENCHMARK,NOT_AVAILABLE,NOT_GOLDBET,d12374cb17ab9f642b3933e425b8435eacc1a3c9d0720c6898b49bf583803bc4,1461.177381605047,1493.168251813559,-31.99087020851198,0.0,0.0,0.8000000000000003,-12.23149817977378,74,150,False
cdeef154acdf40dcc27a013f,LaLiga,2025/2026,HOLDOUT,2026-05-17,18:00,MATCH_KICKOFF_TIME_TIMEZONE_NOT_STATED_BY_SOURCE,,NOT_VERIFIED_DO_NOT_INFER,Levante,Mallorca,2,0,H,EVALUATION_ONLY_JOIN_AFTER_PREMATCH_FEATURE_FREEZE,2.05,3.39,3.49,EXTERNAL_HISTORICAL_MARKET_BENCHMARK,NOT_AVAILABLE,NOT_GOLDBET,0f10368f3791be8e9265c3e499a211513f1b5295bcb9ee3b1abc3cd1becd8a83,1480.8103638454388,1464.9120806157287,15.89828322971016,1.0,0.4,1.8,4.960963118998507,36,150,False
006e727abd9442afef8bafbe,LaLiga,2025/2026,HOLDOUT,2026-05-17,18:00,MATCH_KICKOFF_TIME_TIMEZONE_NOT_STATED_BY_SOURCE,,NOT_VERIFIED_DO_NOT_INFER,Osasuna,Espanol,1,2,A,EVALUATION_ONLY_JOIN_AFTER_PREMATCH_FEATURE_FREEZE,2.11,2.9,3.96,EXTERNAL_HISTORICAL_MARKET_BENCHMARK,NOT_AVAILABLE,NOT_GOLDBET,f1b858606cf86af727fdaae1411817d292d3d95a6474e94cce41265b17bd8cd4,1477.2749739080339,1449.1839384541506,28.09103545388325,-0.20000000000000007,-0.19999999999999996,1.2,28.085387414656225,150,112,False
64bc53565e07566b4ed76bcc,LaLiga,2025/2026,HOLDOUT,2026-05-17,18:00,MATCH_KICKOFF_TIME_TIMEZONE_NOT_STATED_BY_SOURCE,,NOT_VERIFIED_DO_NOT_INFER,Oviedo,Alaves,0,1,A,EVALUATION_ONLY_JOIN_AFTER_PREMATCH_FEATURE_FREEZE,3.71,3.18,2.04,EXTERNAL_HISTORICAL_MARKET_BENCHMARK,NOT_AVAILABLE,NOT_GOLDBET,4978e5e308b7ef57241e94cdeaeb45ecb5da5d208e8f09fca9ab2536c111f9fc,1431.9187077992817,1474.4227173835955,-42.504009584313735,-0.9999999999999999,-1.0,0.6000000000000001,-10.336890938596753,36,112,False
ebfe07150b1ac40490c4e824,LaLiga,2025/2026,HOLDOUT,2026-05-17,18:00,MATCH_KICKOFF_TIME_TIMEZONE_NOT_STATED_BY_SOURCE,,NOT_VERIFIED_DO_NOT_INFER,Sevilla,Real Madrid,0,1,A,EVALUATION_ONLY_JOIN_AFTER_PREMATCH_FEATURE_FREEZE,3.45,3.68,1.96,EXTERNAL_HISTORICAL_MARKET_BENCHMARK,NOT_AVAILABLE,NOT_GOLDBET,d9310119ac437068207da996892dfbd7de5be2a04aa566cc9573fcb69e60cfb1,1470.0776458009095,1650.6756249036255,-180.59797910271595,-0.19999999999999996,-0.6,0.6000000000000001,-22.572605815474617,150,150,False
5899708735bcda3e92c7c5e5,LaLiga,2025/2026,HOLDOUT,2026-05-17,18:00,MATCH_KICKOFF_TIME_TIMEZONE_NOT_STATED_BY_SOURCE,,NOT_VERIFIED_DO_NOT_INFER,Sociedad,Valencia,3,4,A,EVALUATION_ONLY_JOIN_AFTER_PREMATCH_FEATURE_FREEZE,2.37,3.19,2.99,EXTERNAL_HISTORICAL_MARKET_BENCHMARK,NOT_AVAILABLE,NOT_GOLDBET,e0fdb5ef17de9c0a210b4f63efe0fcec4cb1c66a74d4e6c4cde9541280476281,1492.1832351202236,1487.080045946233,5.103189173990586,-1.0,-0.4,0.20000000000000018,-18.75411991281362,150,150,False
3b8b2896989eb1a31df95310,LaLiga,2025/2026,HOLDOUT,2026-05-17,18:00,MATCH_KICKOFF_TIME_TIMEZONE_NOT_STATED_BY_SOURCE,,NOT_VERIFIED_DO_NOT_INFER,Vallecano,Villarreal,2,0,H,EVALUATION_ONLY_JOIN_AFTER_PREMATCH_FEATURE_FREEZE,1.96,3.55,3.58,EXTERNAL_HISTORICAL_MARKET_BENCHMARK,NOT_AVAILABLE,NOT_GOLDBET,dc47d39f0aed89f2779bde57cb0fe974480c1d16b6ca73c8e1256da43c355e0f,1500.0088311544716,1589.7787275352186,-89.76989638074701,0.19999999999999996,-0.20000000000000007,0.6000000000000001,13.19403906745788,150,150,False
64e2ad5001bdbd3eacdb5af5,LaLiga,2025/2026,HOLDOUT,2026-05-17,20:15,MATCH_KICKOFF_TIME_TIMEZONE_NOT_STATED_BY_SOURCE,,NOT_VERIFIED_DO_NOT_INFER,Barcelona,Betis,3,1,H,EVALUATION_ONLY_JOIN_AFTER_PREMATCH_FEATURE_FREEZE,1.32,5.67,7.3,EXTERNAL_HISTORICAL_MARKET_BENCHMARK,NOT_AVAILABLE,NOT_GOLDBET,1c9202228e862e525fef6b3ccafe9e42713767f4dae0495c9a6f21f92d3301f9,1705.6021083935846,1560.4860229905928,145.11608540299176,0.19999999999999973,0.0,2.0,17.268759293508538,150,150,False
25540ba93aacdc907957b45a,LaLiga,2025/2026,HOLDOUT,2026-05-23,20:00,MATCH_KICKOFF_TIME_TIMEZONE_NOT_STATED_BY_SOURCE,,NOT_VERIFIED_DO_NOT_INFER,Alaves,Vallecano,1,2,A,EVALUATION_ONLY_JOIN_AFTER_PREMATCH_FEATURE_FREEZE,2.11,3.27,3.45,EXTERNAL_HISTORICAL_MARKET_BENCHMARK,NOT_AVAILABLE,NOT_GOLDBET,2a227f9b5eeeb84eeac220218d2a159815ca4521907f63cb80920b4a4aa62f88,1484.925867230474,1510.8635868409901,-25.93771961051607,0.19999999999999996,-0.6000000000000001,0.6000000000000001,8.144335304128163,113,151,False
6a01017d85fb7988cf52edf9,LaLiga,2025/2026,HOLDOUT,2026-05-23,20:00,MATCH_KICKOFF_TIME_TIMEZONE_NOT_STATED_BY_SOURCE,,NOT_VERIFIED_DO_NOT_INFER,Betis,Levante,2,1,H,EVALUATION_ONLY_JOIN_AFTER_PREMATCH_FEATURE_FREEZE,2.29,3.43,2.91,EXTERNAL_HISTORICAL_MARKET_BENCHMARK,NOT_AVAILABLE,NOT_GOLDBET,aa712c7506196766532afcd3810f7161cee38a13c8b29ca2cdfc67e8797b9fad,1555.7876507721176,1488.659934646649,67.12771612546862,-0.3999999999999999,0.4,0.8,41.3641223929842,151,37,False
40d58dc9cff7ae0d66eaf067,LaLiga,2025/2026,HOLDOUT,2026-05-23,20:00,MATCH_KICKOFF_TIME_TIMEZONE_NOT_STATED_BY_SOURCE,,NOT_VERIFIED_DO_NOT_INFER,Celta,Sevilla,1,0,H,EVALUATION_ONLY_JOIN_AFTER_PREMATCH_FEATURE_FREEZE,1.85,3.37,4.34,EXTERNAL_HISTORICAL_MARKET_BENCHMARK,NOT_AVAILABLE,NOT_GOLDBET,c9abad6d21944287c7a26663cbfc4189ed20cc2f3b3b6ae27f7ed06f2acc4806,1515.3301072555298,1463.4157364705181,51.91437078501167,-0.40000000000000013,0.0,0.0,-18.330605816716343,151,151,False
f4d72796972b6bbd09ac3a66,LaLiga,2025/2026,HOLDOUT,2026-05-23,20:00,MATCH_KICKOFF_TIME_TIMEZONE_NOT_STATED_BY_SOURCE,,NOT_VERIFIED_DO_NOT_INFER,Espanol,Sociedad,1,1,D,EVALUATION_ONLY_JOIN_AFTER_PREMATCH_FEATURE_FREEZE,2.38,3.49,2.77,EXTERNAL_HISTORICAL_MARKET_BENCHMARK,NOT_AVAILABLE,NOT_GOLDBET,86d4a400c558961cbbc27f15df607fc219253d245904902a9698a7956d6adf19,1461.6664325196239,1480.3310422178286,-18.664609698204686,0.7999999999999999,0.4,0.6,17.275330538948083,113,151,False
ae0a7546f3fc4cb4781a5fda,LaLiga,2025/2026,HOLDOUT,2026-05-23,20:00,MATCH_KICKOFF_TIME_TIMEZONE_NOT_STATED_BY_SOURCE,,NOT_VERIFIED_DO_NOT_INFER,Getafe,Osasuna,1,0,H,EVALUATION_ONLY_JOIN_AFTER_PREMATCH_FEATURE_FREEZE,2.91,2.55,2.99,EXTERNAL_HISTORICAL_MARKET_BENCHMARK,NOT_AVAILABLE,NOT_GOLDBET,7de9f0d368710ced7e1d1abd3af79f7c73eb2b7db31fab7b128446a4d9fb226b,1483.9726774566795,1464.7924798425606,19.180197614118924,0.20000000000000007,0.0,1.6,-13.472253636366304,151,151,False
daba639e5869a0361f5d5970,LaLiga,2025/2026,HOLDOUT,2026-05-23,20:00,MATCH_KICKOFF_TIME_TIMEZONE_NOT_STATED_BY_SOURCE,,NOT_VERIFIED_DO_NOT_INFER,Girona,Elche,1,1,D,EVALUATION_ONLY_JOIN_AFTER_PREMATCH_FEATURE_FREEZE,1.77,3.73,4.21,EXTERNAL_HISTORICAL_MARKET_BENCHMARK,NOT_AVAILABLE,NOT_GOLDBET,a39127355044fc7e82b31b2b78b34ded6195ca56e8315d0da516de1916477802,1464.8908527830472,1470.3729559619264,-5.4821031788792425,-0.9999999999999999,-0.39999999999999997,0.7999999999999999,8.387621152897509,151,75,False
167cfb1f58f6863ffb7f78e7,LaLiga,2025/2026,HOLDOUT,2026-05-23,20:00,MATCH_KICKOFF_TIME_TIMEZONE_NOT_STATED_BY_SOURCE,,NOT_VERIFIED_DO_NOT_INFER,Mallorca,Oviedo,3,0,H,EVALUATION_ONLY_JOIN_AFTER_PREMATCH_FEATURE_FREEZE,1.45,4.34,6.78,EXTERNAL_HISTORICAL_MARKET_BENCHMARK,NOT_AVAILABLE,NOT_GOLDBET,2027550b4c957f90d592fc7953f52caea0d7a1b8af12acc643c15b5e2da11aff,1457.0625098145185,1421.415557952403,35.64695186211543,0.6000000000000001,0.5999999999999999,1.4000000000000001,-21.337665110578428,151,37,False
4fb2abe7524761eb2a90ce34,LaLiga,2025/2026,HOLDOUT,2026-05-23,20:00,MATCH_KICKOFF_TIME_TIMEZONE_NOT_STATED_BY_SOURCE,,NOT_VERIFIED_DO_NOT_INFER,Real Madrid,Ath Bilbao,4,2,H,EVALUATION_ONLY_JOIN_AFTER_PREMATCH_FEATURE_FREEZE,1.52,4.6,5.18,EXTERNAL_HISTORICAL_MARKET_BENCHMARK,NOT_AVAILABLE,NOT_GOLDBET,c01ffd5d581d09712e7c0093f1a4e8a03fedd5bac4af153f9db3a98c623fcf31,1657.3375342340169,1483.2668779288465,174.07065630517036,1.2,1.0,2.0,31.213618687165308,151,151,False
e61b81ff910503eda1125c90,LaLiga,2025/2026,HOLDOUT,2026-05-23,20:00,MATCH_KICKOFF_TIME_TIMEZONE_NOT_STATED_BY_SOURCE,,NOT_VERIFIED_DO_NOT_INFER,Valencia,Barcelona,3,1,H,EVALUATION_ONLY_JOIN_AFTER_PREMATCH_FEATURE_FREEZE,3.34,3.98,1.92,EXTERNAL_HISTORICAL_MARKET_BENCHMARK,NOT_AVAILABLE,NOT_GOLDBET,caa338419546c9cd7c5cc98d82ae780998d02a818087fd26965789e5cbd46ccf,1498.932238848628,1710.3004806120598,-211.3682417634318,-0.3999999999999999,-1.0,-1.0,-23.44304070797284,151,151,False
7113453b07a966115aa00c4f,LaLiga,2025/2026,HOLDOUT,2026-05-24,20:00,MATCH_KICKOFF_TIME_TIMEZONE_NOT_STATED_BY_SOURCE,,NOT_VERIFIED_DO_NOT_INFER,Villarreal,Ath Madrid,5,1,H,EVALUATION_ONLY_JOIN_AFTER_PREMATCH_FEATURE_FREEZE,2.46,3.79,2.5,EXTERNAL_HISTORICAL_MARKET_BENCHMARK,NOT_AVAILABLE,NOT_GOLDBET,f041c7bc667dbefbbbc585052f833d4cb77763d84e42ea78798b606079aa3843,1578.9239718487001,1584.5852074073487,-5.661235558648514,-1.0,-0.4,1.2,-11.464220290541562,151,151,False
